관측소명,날짜,EL,센서,GL,Pressure,Temp,EC,Barometa,Battery
JD상모2,2005-01-01,7.48,,,,,,,
JD상모2,2005-01-02,7.49,,,,,,,
JD상모2,2005-01-03,7.53,,,,,,,
JD상모2,2005-01-04,7.5,,,,,,,
JD상모2,2005-01-05,7.42,,,,,,,
JD상모2,2005-01-06,7.45,,,,,,,
JD상모2,2005-01-07,7.46,,,,,,,
JD상모2,2005-01-08,7.46,,,,,,,
JD상모2,2005-01-09,7.48,,,,,,,
JD상모2,2005-01-10,7.49,,,,,,,
JD상모2,2005-01-11,7.48,,,,,,,
JD상모2,2005-01-12,7.44,,,,,,,
JD상모2,2005-01-13,7.42,,,,,,,
JD상모2,2005-01-14,7.44,,,,,,,
JD상모2,2005-01-15,6.99,,,,,,,
JD상모2,2005-01-16,6.7,,,,,,,
JD상모2,2005-01-17,6.99,,,,,,,
JD상모2,2005-01-18,7.04,,,,,,,
JD상모2,2005-01-19,6.85,,,,,,,
JD상모2,2005-01-20,6.72,,,,,,,
JD상모2,2005-01-21,6.69,,,,,,,
JD상모2,2005-01-22,6.82,,,,,,,
JD상모2,2005-01-23,6.98,,,,,,,
JD상모2,2005-01-24,7.16,,,,,,,
JD상모2,2005-01-25,7.29,,,,,,,
JD상모2,2005-01-26,7.32,,,,,,,
JD상모2,2005-01-27,7.33,,,,,,,
JD상모2,2005-01-28,7.37,,,,,,,
JD상모2,2005-01-29,7.36,,,,,,,
JD상모2,2005-01-30,7.36,,,,,,,
JD상모2,2005-01-31,7.38,,,,,,,
JD상모2,2005-02-01,7.39,,,,,,,
JD상모2,2005-02-02,7.38,,,,,,,
JD상모2,2005-02-03,7.33,,,,,,,
JD상모2,2005-02-04,7.36,,,,,,,
JD상모2,2005-02-05,7.35,,,,,,,
JD상모2,2005-02-06,7.34,,,,,,,
JD상모2,2005-02-07,7.36,,,,,,,
JD상모2,2005-02-08,7.34,,,,,,,
JD상모2,2005-02-09,7.35,,,,,,,
JD상모2,2005-02-10,7.35,,,,,,,
JD상모2,2005-02-11,7.33,,,,,,,
JD상모2,2005-02-12,7.34,,,,,,,
JD상모2,2005-02-13,7.28,,,,,,,
JD상모2,2005-02-14,7.24,,,,,,,
JD상모2,2005-02-15,7.34,,,,,,,
JD상모2,2005-02-16,7.4,,,,,,,
JD상모2,2005-02-17,7.4,,,,,,,
JD상모2,2005-02-18,7.43,,,,,,,
JD상모2,2005-02-19,7.41,,,,,,,
JD상모2,2005-02-20,7.38,,,,,,,
JD상모2,2005-02-21,7.36,,,,,,,
JD상모2,2005-02-22,7.36,,,,,,,
JD상모2,2005-02-23,7.34,,,,,,,
JD상모2,2005-02-24,7.37,,,,,,,
JD상모2,2005-02-25,7.32,,,,,,,
JD상모2,2005-02-26,7.3,,,,,,,
JD상모2,2005-02-27,7.3,,,,,,,
JD상모2,2005-02-28,7.29,,,,,,,
JD상모2,2005-03-01,7.28,,,,,,,
JD상모2,2005-03-02,7.25,,,,,,,
JD상모2,2005-03-03,7.25,,,,,,,
JD상모2,2005-03-04,7.23,,,,,,,
JD상모2,2005-03-05,7.23,,,,,,,
JD상모2,2005-03-06,7.24,,,,,,,
JD상모2,2005-03-07,7.24,,,,,,,
JD상모2,2005-03-08,7.2,,,,,,,
JD상모2,2005-03-09,7.23,,,,,,,
JD상모2,2005-03-10,7.25,,,,,,,
JD상모2,2005-03-11,7.25,,,,,,,
JD상모2,2005-03-12,7.21,,,,,,,
JD상모2,2005-03-13,7.2,,,,,,,
JD상모2,2005-03-14,7.17,,,,,,,
JD상모2,2005-03-15,7.16,,,,,,,
JD상모2,2005-03-16,7.15,,,,,,,
JD상모2,2005-03-17,7.27,,,,,,,
JD상모2,2005-03-18,7.35,,,,,,,
JD상모2,2005-03-19,7.37,,,,,,,
JD상모2,2005-03-20,7.41,,,,,,,
JD상모2,2005-03-21,7.42,,,,,,,
JD상모2,2005-03-22,7.52,,,,,,,
JD상모2,2005-03-23,7.59,,,,,,,
JD상모2,2005-03-24,7.63,,,,,,,
JD상모2,2005-03-25,7.6,,,,,,,
JD상모2,2005-03-26,7.54,,,,,,,
JD상모2,2005-03-27,7.57,,,,,,,
JD상모2,2005-03-28,7.57,,,,,,,
JD상모2,2005-03-29,7.52,,,,,,,
JD상모2,2005-03-30,7.46,,,,,,,
JD상모2,2005-03-31,7.45,,,,,,,
JD상모2,2005-04-01,7.42,,,,,,,
JD상모2,2005-04-02,7.39,,,,,,,
JD상모2,2005-04-03,7.36,,,,,,,
JD상모2,2005-04-04,7.28,,,,,,,
JD상모2,2005-04-05,7.26,,,,,,,
JD상모2,2005-04-06,7.3,,,,,,,
JD상모2,2005-04-07,7.26,,,,,,,
JD상모2,2005-04-08,7.21,,,,,,,
JD상모2,2005-04-09,7.26,,,,,,,
JD상모2,2005-04-10,7.3,,,,,,,
JD상모2,2005-04-11,7.3,,,,,,,
JD상모2,2005-04-12,7.27,,,,,,,
JD상모2,2005-04-13,7.25,,,,,,,
JD상모2,2005-04-14,7.24,,,,,,,
JD상모2,2005-04-15,7.21,,,,,,,
JD상모2,2005-04-16,7.1,,,,,,,
JD상모2,2005-04-17,7.12,,,,,,,
JD상모2,2005-04-18,7.13,,,,,,,
JD상모2,2005-04-19,7.12,,,,,,,
JD상모2,2005-04-20,7.2,,,,,,,
JD상모2,2005-04-21,7.21,,,,,,,
JD상모2,2005-04-22,7.14,,,,,,,
JD상모2,2005-04-23,7.18,,,,,,,
JD상모2,2005-04-24,7.18,,,,,,,
JD상모2,2005-04-25,7.13,,,,,,,
JD상모2,2005-04-26,7.05,,,,,,,
JD상모2,2005-04-27,7.0,,,,,,,
JD상모2,2005-04-28,7.0,,,,,,,
JD상모2,2005-04-29,7.07,,,,,,,
JD상모2,2005-04-30,7.13,,,,,,,
JD상모2,2005-05-01,7.15,,,,,,,
JD상모2,2005-05-02,7.13,,,,,,,
JD상모2,2005-05-03,7.09,,,,,,,
JD상모2,2005-05-04,6.98,,,,,,,
JD상모2,2005-05-05,7.09,,,,,,,
JD상모2,2005-05-06,7.36,,,,,,,
JD상모2,2005-05-07,7.48,,,,,,,
JD상모2,2005-05-08,7.58,,,,,,,
JD상모2,2005-05-09,7.56,,,,,,,
JD상모2,2005-05-10,7.5,,,,,,,
JD상모2,2005-05-11,7.53,,,,,,,
JD상모2,2005-05-12,7.5,,,,,,,
JD상모2,2005-05-13,7.38,,,,,,,
JD상모2,2005-05-14,7.3,,,,,,,
JD상모2,2005-05-15,7.22,,,,,,,
JD상모2,2005-05-16,7.21,,,,,,,
JD상모2,2005-05-17,7.26,,,,,,,
JD상모2,2005-05-18,7.4,,,,,,,
JD상모2,2005-05-19,7.45,,,,,,,
JD상모2,2005-05-20,7.47,,,,,,,
JD상모2,2005-05-21,7.56,,,,,,,
JD상모2,2005-05-22,7.58,,,,,,,
JD상모2,2005-05-23,7.5,,,,,,,
JD상모2,2005-05-24,7.41,,,,,,,
JD상모2,2005-05-25,7.33,,,,,,,
JD상모2,2005-05-26,7.33,,,,,,,
JD상모2,2005-05-27,7.28,,,,,,,
JD상모2,2005-05-28,7.2,,,,,,,
JD상모2,2005-05-29,7.07,,,,,,,
JD상모2,2005-05-30,7.12,,,,,,,
JD상모2,2005-05-31,7.18,,,,,,,
JD상모2,2005-06-01,7.23,,,,,,,
JD상모2,2005-06-02,7.42,,,,,,,
JD상모2,2005-06-03,7.54,,,,,,,
JD상모2,2005-06-04,7.6,,,,,,,
JD상모2,2005-06-05,7.61,,,,,,,
JD상모2,2005-06-06,7.54,,,,,,,
JD상모2,2005-06-07,7.5,,,,,,,
JD상모2,2005-06-08,7.43,,,,,,,
JD상모2,2005-06-09,7.42,,,,,,,
JD상모2,2005-06-10,7.42,,,,,,,
JD상모2,2005-06-11,7.44,,,,,,,
JD상모2,2005-06-12,7.43,,,,,,,
JD상모2,2005-06-13,7.4,,,,,,,
JD상모2,2005-06-14,7.35,,,,,,,
JD상모2,2005-06-15,7.35,,,,,,,
JD상모2,2005-06-16,7.21,,,,,,,
JD상모2,2005-06-17,7.07,,,,,,,
JD상모2,2005-06-18,7.14,,,,,,,
JD상모2,2005-06-19,7.15,,,,,,,
JD상모2,2005-06-20,7.15,,,,,,,
JD상모2,2005-06-21,7.13,,,,,,,
JD상모2,2005-06-22,7.13,,,,,,,
JD상모2,2005-06-23,7.1,,,,,,,
JD상모2,2005-06-24,7.01,,,,,,,
JD상모2,2005-06-25,7.03,,,,,,,
JD상모2,2005-06-26,7.01,,,,,,,
JD상모2,2005-06-27,6.97,,,,,,,
JD상모2,2005-06-28,6.86,,,,,,,
JD상모2,2005-06-29,6.73,,,,,,,
JD상모2,2005-06-30,6.65,,,,,,,
JD상모2,2005-07-01,6.53,,,,,,,
JD상모2,2005-07-02,6.51,,,,,,,
JD상모2,2005-07-03,6.58,,,,,,,
JD상모2,2005-07-04,6.51,,,,,,,
JD상모2,2005-07-05,6.58,,,,,,,
JD상모2,2005-07-06,6.71,,,,,,,
JD상모2,2005-07-07,6.78,,,,,,,
JD상모2,2005-07-08,6.85,,,,,,,
JD상모2,2005-07-09,6.92,,,,,,,
JD상모2,2005-07-10,6.95,,,,,,,
JD상모2,2005-07-11,7.01,,,,,,,
JD상모2,2005-07-12,7.01,,,,,,,
JD상모2,2005-07-13,7.07,,,,,,,
JD상모2,2005-07-14,7.25,,,,,,,
JD상모2,2005-07-15,7.51,,,,,,,
JD상모2,2005-07-16,7.62,,,,,,,
JD상모2,2005-07-17,7.68,,,,,,,
JD상모2,2005-07-18,7.68,,,,,,,
JD상모2,2005-07-19,7.63,,,,,,,
JD상모2,2005-07-20,7.57,,,,,,,
JD상모2,2005-07-21,7.5,,,,,,,
JD상모2,2005-07-22,7.37,,,,,,,
JD상모2,2005-07-23,7.28,,,,,,,
JD상모2,2005-07-24,7.22,,,,,,,
JD상모2,2005-07-25,7.12,,,,,,,
JD상모2,2005-07-26,7.04,,,,,,,
JD상모2,2005-07-27,7.09,,,,,,,
JD상모2,2005-07-28,7.17,,,,,,,
JD상모2,2005-07-29,7.19,,,,,,,
JD상모2,2005-07-30,7.2,,,,,,,
JD상모2,2005-07-31,7.19,,,,,,,
JD상모2,2005-08-01,7.2,,,,,,,
JD상모2,2005-08-02,7.18,,,,,,,
JD상모2,2005-08-03,7.15,,,,,,,
JD상모2,2005-08-04,7.14,,,,,,,
JD상모2,2005-08-05,7.11,,,,,,,
JD상모2,2005-08-06,7.12,,,,,,,
JD상모2,2005-08-07,7.14,,,,,,,
JD상모2,2005-08-08,7.23,,,,,,,
JD상모2,2005-08-09,7.26,,,,,,,
JD상모2,2005-08-10,7.26,,,,,,,
JD상모2,2005-08-11,7.23,,,,,,,
JD상모2,2005-08-12,7.21,,,,,,,
JD상모2,2005-08-13,7.17,,,,,,,
JD상모2,2005-08-14,7.08,,,,,,,
JD상모2,2005-08-15,7.04,,,,,,,
JD상모2,2005-08-16,7.03,,,,,,,
JD상모2,2005-08-17,6.89,,,,,,,
JD상모2,2005-08-18,6.8,,,,,,,
JD상모2,2005-08-19,6.95,,,,,,,
JD상모2,2005-08-20,7.16,,,,,,,
JD상모2,2005-08-21,7.31,,,,,,,
JD상모2,2005-08-22,7.36,,,,,,,
JD상모2,2005-08-23,7.38,,,,,,,
JD상모2,2005-08-24,7.42,,,,,,,
JD상모2,2005-08-25,7.56,,,,,,,
JD상모2,2005-08-26,7.64,,,,,,,
JD상모2,2005-08-27,7.65,,,,,,,
JD상모2,2005-08-28,7.63,,,,,,,
JD상모2,2005-08-29,7.52,,,,,,,
JD상모2,2005-08-30,7.52,,,,,,,
JD상모2,2005-08-31,7.51,,,,,,,
JD상모2,2005-09-01,7.37,,,,,,,
JD상모2,2005-09-02,7.2,,,,,,,
JD상모2,2005-09-03,7.02,,,,,,,
JD상모2,2005-09-04,7.03,,,,,,,
JD상모2,2005-09-05,7.12,,,,,,,
JD상모2,2005-09-06,7.17,,,,,,,
JD상모2,2005-09-07,6.75,,,,,,,
JD상모2,2005-09-08,6.14,,,,,,,
JD상모2,2005-09-09,5.78,,,,,,,
JD상모2,2005-09-10,5.47,,,,,,,
JD상모2,2005-09-11,5.62,,,,,,,
JD상모2,2005-09-12,6.16,,,,,,,
JD상모2,2005-09-13,6.24,,,,,,,
JD상모2,2005-09-14,5.83,,,,,,,
JD상모2,2005-09-15,5.11,,,,,,,
JD상모2,2005-09-16,4.65,,,,,,,
JD상모2,2005-09-17,4.47,,,,,,,
JD상모2,2005-09-18,4.25,,,,,,,
JD상모2,2005-09-19,4.07,,,,,,,
JD상모2,2005-09-20,3.84,,,,,,,
JD상모2,2005-09-21,3.78,,,,,,,
JD상모2,2005-09-22,3.53,,,,,,,
JD상모2,2005-09-23,3.24,,,,,,,
JD상모2,2005-09-24,2.93,,,,,,,
JD상모2,2005-09-25,2.78,,,,,,,
JD상모2,2005-09-26,2.52,,,,,,,
JD상모2,2005-09-27,2.25,,,,,,,
JD상모2,2005-09-28,1.98,,,,,,,
JD상모2,2005-09-29,1.81,,,,,,,
JD상모2,2005-09-30,1.78,,,,,,,
JD상모2,2005-10-01,1.97,,,,,,,
JD상모2,2005-10-02,2.24,,,,,,,
JD상모2,2005-10-03,2.46,,,,,,,
JD상모2,2005-10-04,2.85,,,,,,,
JD상모2,2005-10-05,3.81,,,,,,,
JD상모2,2005-10-06,4.5,,,,,,,
JD상모2,2005-10-07,4.73,,,,,,,
JD상모2,2005-10-08,4.74,,,,,,,
JD상모2,2005-10-09,4.13,,,,,,,
JD상모2,2005-10-10,3.58,,,,,,,
JD상모2,2005-10-11,3.12,,,,,,,
JD상모2,2005-10-12,3.17,,,,,,,
JD상모2,2005-10-13,2.96,,,,,,,
JD상모2,2005-10-14,2.75,,,,,,,
JD상모2,2005-10-15,2.78,,,,,,,
JD상모2,2005-10-16,2.69,,,,,,,
JD상모2,2005-10-17,2.6,,,,,,,
JD상모2,2005-10-18,2.48,,,,,,,
JD상모2,2005-10-19,2.38,,,,,,,
JD상모2,2005-10-20,2.12,,,,,,,
JD상모2,2005-10-21,1.93,,,,,,,
JD상모2,2005-10-22,1.91,,,,,,,
JD상모2,2005-10-23,2.02,,,,,,,
JD상모2,2005-10-24,1.9,,,,,,,
JD상모2,2005-10-25,1.74,,,,,,,
JD상모2,2005-10-26,1.89,,,,,,,
JD상모2,2005-10-27,2.01,,,,,,,
JD상모2,2005-10-28,2.24,,,,,,,
JD상모2,2005-10-29,2.85,,,,,,,
JD상모2,2005-10-30,3.35,,,,,,,
JD상모2,2005-10-31,3.52,,,,,,,
JD상모2,2005-11-01,3.31,,,,,,,
JD상모2,2005-11-02,3.32,,,,,,,
JD상모2,2005-11-03,3.33,,,,,,,
JD상모2,2005-11-04,3.71,,,,,,,
JD상모2,2005-11-05,4.26,,,,,,,
JD상모2,2005-11-06,4.73,,,,,,,
JD상모2,2005-11-07,4.96,,,,,,,
JD상모2,2005-11-08,5.11,,,,,,,
JD상모2,2005-11-09,5.21,,,,,,,
JD상모2,2005-11-10,5.27,,,,,,,
JD상모2,2005-11-11,5.42,,,,,,,
JD상모2,2005-11-12,5.62,,,,,,,
JD상모2,2005-11-13,5.78,,,,,,,
JD상모2,2005-11-14,5.84,,,,,,,
JD상모2,2005-11-15,5.87,,,,,,,
JD상모2,2005-11-16,5.88,,,,,,,
JD상모2,2005-11-17,5.87,,,,,,,
JD상모2,2005-11-18,5.86,,,,,,,
JD상모2,2005-11-19,5.85,,,,,,,
JD상모2,2005-11-20,5.88,,,,,,,
JD상모2,2005-11-21,5.85,,,,,,,
JD상모2,2005-11-22,5.81,,,,,,,
JD상모2,2005-11-23,5.82,,,,,,,
JD상모2,2005-11-24,5.75,,,,,,,
JD상모2,2005-11-25,5.65,,,,,,,
JD상모2,2005-11-26,5.43,,,,,,,
JD상모2,2005-11-27,5.43,,,,,,,
JD상모2,2005-11-28,5.39,,,,,,,
JD상모2,2005-11-29,5.3,,,,,,,
JD상모2,2005-11-30,5.24,,,,,,,
JD상모2,2005-12-01,5.06,,,,,,,
JD상모2,2005-12-02,4.97,,,,,,,
JD상모2,2005-12-03,5.07,,,,,,,
JD상모2,2005-12-04,5.33,,,,,,,
JD상모2,2005-12-05,5.54,,,,,,,
JD상모2,2005-12-06,5.65,,,,,,,
JD상모2,2005-12-07,5.73,,,,,,,
JD상모2,2005-12-08,5.78,,,,,,,
JD상모2,2005-12-09,5.81,,,,,,,
JD상모2,2005-12-10,5.84,,,,,,,
JD상모2,2005-12-11,5.85,,,,,,,
JD상모2,2005-12-12,5.88,,,,,,,
JD상모2,2005-12-13,5.88,,,,,,,
JD상모2,2005-12-14,5.89,,,,,,,
JD상모2,2005-12-15,5.91,,,,,,,
JD상모2,2005-12-16,5.92,,,,,,,
JD상모2,2005-12-17,5.94,,,,,,,
JD상모2,2005-12-18,5.95,,,,,,,
JD상모2,2005-12-19,6.02,,,,,,,
JD상모2,2005-12-20,6.12,,,,,,,
JD상모2,2005-12-21,6.14,,,,,,,
JD상모2,2005-12-22,6.15,,,,,,,
JD상모2,2005-12-23,6.15,,,,,,,
JD상모2,2005-12-24,6.14,,,,,,,
JD상모2,2005-12-25,6.19,,,,,,,
JD상모2,2005-12-26,6.18,,,,,,,
JD상모2,2005-12-27,6.17,,,,,,,
JD상모2,2005-12-28,6.19,,,,,,,
JD상모2,2005-12-29,6.2,,,,,,,
JD상모2,2005-12-30,6.2,,,,,,,
JD상모2,2005-12-31,6.2,,,,,,,
JD상모2,2006-01-01,6.2,,,,,,,
JD상모2,2006-01-02,6.15,,,,,,,
JD상모2,2006-01-03,6.06,,,,,,,
JD상모2,2006-01-04,6.06,,,,,,,
JD상모2,2006-01-05,6.11,,,,,,,
JD상모2,2006-01-06,6.16,,,,,,,
JD상모2,2006-01-07,6.18,,,,,,,
JD상모2,2006-01-08,6.18,,,,,,,
JD상모2,2006-01-09,6.18,,,,,,,
JD상모2,2006-01-10,6.14,,,,,,,
JD상모2,2006-01-11,6.08,,,,,,,
JD상모2,2006-01-12,6.09,,,,,,,
JD상모2,2006-01-13,6.2,,,,,,,
JD상모2,2006-01-14,6.24,,,,,,,
JD상모2,2006-01-15,6.26,,,,,,,
JD상모2,2006-01-16,6.31,,,,,,,
JD상모2,2006-01-17,6.35,,,,,,,
JD상모2,2006-01-18,6.4,,,,,,,
JD상모2,2006-01-19,6.45,,,,,,,
JD상모2,2006-01-20,6.48,,,,,,,
JD상모2,2006-01-21,6.49,,,,,,,
JD상모2,2006-01-22,6.44,,,,,,,
JD상모2,2006-01-23,6.35,,,,,,,
JD상모2,2006-01-24,6.22,,,,,,,
JD상모2,2006-01-25,6.21,,,,,,,
JD상모2,2006-01-26,6.14,,,,,,,
JD상모2,2006-01-27,6.03,,,,,,,
JD상모2,2006-01-28,6.05,,,,,,,
JD상모2,2006-01-29,6.13,,,,,,,
JD상모2,2006-01-30,6.17,,,,,,,
JD상모2,2006-01-31,6.23,,,,,,,
JD상모2,2006-02-01,6.22,,,,,,,
JD상모2,2006-02-02,6.23,,,,,,,
JD상모2,2006-02-03,6.23,,,,,,,
JD상모2,2006-02-04,6.22,,,,,,,
JD상모2,2006-02-05,6.24,,,,,,,
JD상모2,2006-02-06,6.29,,,,,,,
JD상모2,2006-02-07,6.24,,,,,,,
JD상모2,2006-02-08,6.21,,,,,,,
JD상모2,2006-02-09,6.19,,,,,,,
JD상모2,2006-02-10,6.23,,,,,,,
JD상모2,2006-02-11,6.19,,,,,,,
JD상모2,2006-02-12,6.13,,,,,,,
JD상모2,2006-02-13,6.16,,,,,,,
JD상모2,2006-02-14,6.19,,,,,,,
JD상모2,2006-02-15,6.22,,,,,,,
JD상모2,2006-02-16,6.22,,,,,,,
JD상모2,2006-02-17,6.18,,,,,,,
JD상모2,2006-02-18,6.18,,,,,,,
JD상모2,2006-02-19,6.16,,,,,,,
JD상모2,2006-02-20,6.19,,,,,,,
JD상모2,2006-02-21,6.19,,,,,,,
JD상모2,2006-02-22,6.14,,,,,,,
JD상모2,2006-02-23,6.12,,,,,,,
JD상모2,2006-02-24,6.08,,,,,,,
JD상모2,2006-02-25,6.12,,,,,,,
JD상모2,2006-02-26,6.16,,,,,,,
JD상모2,2006-02-27,6.12,,,,,,,
JD상모2,2006-02-28,6.15,,,,,,,
JD상모2,2006-03-01,6.17,,,,,,,
JD상모2,2006-03-02,6.13,,,,,,,
JD상모2,2006-03-03,6.05,,,,,,,
JD상모2,2006-03-04,6.06,,,,,,,
JD상모2,2006-03-05,6.0,,,,,,,
JD상모2,2006-03-06,6.02,,,,,,,
JD상모2,2006-03-07,6.07,,,,,,,
JD상모2,2006-03-08,5.99,,,,,,,
JD상모2,2006-03-09,6.03,,,,,,,
JD상모2,2006-03-10,6.01,,,,,,,
JD상모2,2006-03-11,6.02,,,,,,,
JD상모2,2006-03-12,6.03,,,,,,,
JD상모2,2006-03-13,6.05,,,,,,,
JD상모2,2006-03-14,6.03,,,,,,,
JD상모2,2006-03-15,6.01,,,,,,,
JD상모2,2006-03-16,6.05,,,,,,,
JD상모2,2006-03-17,6.06,,,,,,,
JD상모2,2006-03-18,6.11,,,,,,,
JD상모2,2006-03-19,6.07,,,,,,,
JD상모2,2006-03-20,6.04,,,,,,,
JD상모2,2006-03-21,6.14,,,,,,,
JD상모2,2006-03-22,6.2,,,,,,,
JD상모2,2006-03-23,6.16,,,,,,,
JD상모2,2006-03-24,6.11,,,,,,,
JD상모2,2006-03-25,6.09,,,,,,,
JD상모2,2006-03-26,6.1,,,,,,,
JD상모2,2006-03-27,6.06,,,,,,,
JD상모2,2006-03-28,6.05,,,,,,,
JD상모2,2006-03-29,6.01,,,,,,,
JD상모2,2006-03-30,5.85,,,,,,,
JD상모2,2006-03-31,5.77,,,,,,,
JD상모2,2006-04-01,5.9,,,,,,,
JD상모2,2006-04-02,6.08,,,,,,,
JD상모2,2006-04-03,6.08,,,,,,,
JD상모2,2006-04-04,6.18,,,,,,,
JD상모2,2006-04-05,6.25,,,,,,,
JD상모2,2006-04-06,6.27,,,,,,,
JD상모2,2006-04-07,6.3,,,,,,,
JD상모2,2006-04-08,6.24,,,,,,,
JD상모2,2006-04-09,6.17,,,,,,,
JD상모2,2006-04-10,6.53,,,,,,,
JD상모2,2006-04-11,6.99,,,,,,,
JD상모2,2006-04-12,7.21,,,,,,,
JD상모2,2006-04-13,7.3,,,,,,,
JD상모2,2006-04-14,7.3,,,,,,,
JD상모2,2006-04-15,7.21,,,,,,,
JD상모2,2006-04-16,7.11,,,,,,,
JD상모2,2006-04-17,7.08,,,,,,,
JD상모2,2006-04-18,6.99,,,,,,,
JD상모2,2006-04-19,6.94,,,,,,,
JD상모2,2006-04-20,6.89,,,,,,,
JD상모2,2006-04-21,6.81,,,,,,,
JD상모2,2006-04-22,6.82,,,,,,,
JD상모2,2006-04-23,6.77,,,,,,,
JD상모2,2006-04-24,6.68,,,,,,,
JD상모2,2006-04-25,6.62,,,,,,,
JD상모2,2006-04-26,6.66,,,,,,,
JD상모2,2006-04-27,6.6,,,,,,,
JD상모2,2006-04-28,6.59,,,,,,,
JD상모2,2006-04-29,6.62,,,,,,,
JD상모2,2006-04-30,6.56,,,,,,,
JD상모2,2006-05-01,6.52,,,,,,,
JD상모2,2006-05-02,6.5,,,,,,,
JD상모2,2006-05-03,6.32,,,,,,,
JD상모2,2006-05-04,6.36,,,,,,,
JD상모2,2006-05-05,6.39,,,,,,,
JD상모2,2006-05-06,6.58,,,,,,,
JD상모2,2006-05-07,6.86,,,,,,,
JD상모2,2006-05-08,6.98,,,,,,,
JD상모2,2006-05-09,7.0,,,,,,,
JD상모2,2006-05-10,7.14,,,,,,,
JD상모2,2006-05-11,7.19,,,,,,,
JD상모2,2006-05-12,7.19,,,,,,,
JD상모2,2006-05-13,7.25,,,,,,,
JD상모2,2006-05-14,7.14,,,,,,,
JD상모2,2006-05-15,7.09,,,,,,,
JD상모2,2006-05-16,7.1,,,,,,,
JD상모2,2006-05-17,7.06,,,,,,,
JD상모2,2006-05-18,7.06,,,,,,,
JD상모2,2006-05-19,7.14,,,,,,,
JD상모2,2006-05-20,7.16,,,,,,,
JD상모2,2006-05-21,7.24,,,,,,,
JD상모2,2006-05-22,7.29,,,,,,,
JD상모2,2006-05-23,7.28,,,,,,,
JD상모2,2006-05-24,7.18,,,,,,,
JD상모2,2006-05-25,7.12,,,,,,,
JD상모2,2006-05-26,7.16,,,,,,,
JD상모2,2006-05-27,7.14,,,,,,,
JD상모2,2006-05-28,7.12,,,,,,,
JD상모2,2006-05-29,7.02,,,,,,,
JD상모2,2006-05-30,6.98,,,,,,,
JD상모2,2006-05-31,6.95,,,,,,,
JD상모2,2006-06-01,6.96,,,,,,,
JD상모2,2006-06-02,6.93,,,,,,,
JD상모2,2006-06-03,6.91,,,,,,,
JD상모2,2006-06-04,6.88,,,,,,,
JD상모2,2006-06-05,6.81,,,,,,,
JD상모2,2006-06-06,6.81,,,,,,,
JD상모2,2006-06-07,6.78,,,,,,,
JD상모2,2006-06-08,6.88,,,,,,,
JD상모2,2006-06-09,6.9,,,,,,,
JD상모2,2006-06-10,6.92,,,,,,,
JD상모2,2006-06-11,6.9,,,,,,,
JD상모2,2006-06-12,6.83,,,,,,,
JD상모2,2006-06-13,6.85,,,,,,,
JD상모2,2006-06-14,6.93,,,,,,,
JD상모2,2006-06-15,7.07,,,,,,,
JD상모2,2006-06-16,7.2,,,,,,,
JD상모2,2006-06-17,7.24,,,,,,,
JD상모2,2006-06-18,7.24,,,,,,,
JD상모2,2006-06-19,7.22,,,,,,,
JD상모2,2006-06-20,7.19,,,,,,,
JD상모2,2006-06-21,7.19,,,,,,,
JD상모2,2006-06-22,7.19,,,,,,,
JD상모2,2006-06-23,7.17,,,,,,,
JD상모2,2006-06-24,7.18,,,,,,,
JD상모2,2006-06-25,7.52,,,,,,,
JD상모2,2006-06-26,7.81,,,,,,,
JD상모2,2006-06-27,7.93,,,,,,,
JD상모2,2006-06-28,7.96,,,,,,,
JD상모2,2006-06-29,7.92,,,,,,,
JD상모2,2006-06-30,7.91,,,,,,,
JD상모2,2006-07-01,7.91,,,,,,,
JD상모2,2006-07-02,7.98,,,,,,,
JD상모2,2006-07-03,8.06,,,,,,,
JD상모2,2006-07-04,8.16,,,,,,,
JD상모2,2006-07-05,8.38,,,,,,,
JD상모2,2006-07-06,8.49,,,,,,,
JD상모2,2006-07-07,8.52,,,,,,,
JD상모2,2006-07-08,8.52,,,,,,,
JD상모2,2006-07-09,8.76,,,,,,,
JD상모2,2006-07-10,9.12,,,,,,,
JD상모2,2006-07-11,9.34,,,,,,,
JD상모2,2006-07-12,9.47,,,,,,,
JD상모2,2006-07-13,9.53,,,,,,,
JD상모2,2006-07-14,9.51,,,,,,,
JD상모2,2006-07-15,9.45,,,,,,,
JD상모2,2006-07-16,9.38,,,,,,,
JD상모2,2006-07-17,9.32,,,,,,,
JD상모2,2006-07-18,9.25,,,,,,,
JD상모2,2006-07-19,9.21,,,,,,,
JD상모2,2006-07-20,9.17,,,,,,,
JD상모2,2006-07-21,9.09,,,,,,,
JD상모2,2006-07-22,9.04,,,,,,,
JD상모2,2006-07-23,8.98,,,,,,,
JD상모2,2006-07-24,8.92,,,,,,,
JD상모2,2006-07-25,8.87,,,,,,,
JD상모2,2006-07-26,8.81,,,,,,,
JD상모2,2006-07-27,8.76,,,,,,,
JD상모2,2006-07-28,8.66,,,,,,,
JD상모2,2006-07-29,8.64,,,,,,,
JD상모2,2006-07-30,8.56,,,,,,,
JD상모2,2006-07-31,8.51,,,,,,,
JD상모2,2006-08-01,8.45,,,,,,,
JD상모2,2006-08-02,8.23,,,,,,,
JD상모2,2006-08-03,8.08,,,,,,,
JD상모2,2006-08-04,8.03,,,,,,,
JD상모2,2006-08-05,8.04,,,,,,,
JD상모2,2006-08-06,8.1,,,,,,,
JD상모2,2006-08-07,7.99,,,,,,,
JD상모2,2006-08-08,8.0,,,,,,,
JD상모2,2006-08-09,7.73,,,,,,,
JD상모2,2006-08-10,7.46,,,,,,,
JD상모2,2006-08-11,7.58,,,,,,,
JD상모2,2006-08-12,7.68,,,,,,,
JD상모2,2006-08-13,7.87,,,,,,,
JD상모2,2006-08-14,7.94,,,,,,,
JD상모2,2006-08-15,8.0,,,,,,,
JD상모2,2006-08-16,8.0,,,,,,,
JD상모2,2006-08-17,7.88,,,,,,,
JD상모2,2006-08-18,7.97,,,,,,,
JD상모2,2006-08-19,7.93,,,,,,,
JD상모2,2006-08-20,7.61,,,,,,,
JD상모2,2006-08-21,7.34,,,,,,,
JD상모2,2006-08-22,7.63,,,,,,,
JD상모2,2006-08-23,7.83,,,,,,,
JD상모2,2006-08-24,7.9,,,,,,,
JD상모2,2006-08-25,7.87,,,,,,,
JD상모2,2006-08-26,7.71,,,,,,,
JD상모2,2006-08-27,7.59,,,,,,,
JD상모2,2006-08-28,7.62,,,,,,,
JD상모2,2006-08-29,7.72,,,,,,,
JD상모2,2006-08-30,7.74,,,,,,,
JD상모2,2006-08-31,7.78,,,,,,,
JD상모2,2006-09-01,7.87,,,,,,,
JD상모2,2006-09-02,7.84,,,,,,,
JD상모2,2006-09-03,7.78,,,,,,,
JD상모2,2006-09-04,7.81,,,,,,,
JD상모2,2006-09-05,7.69,,,,,,,
JD상모2,2006-09-06,7.68,,,,,,,
JD상모2,2006-09-07,7.71,,,,,,,
JD상모2,2006-09-08,7.73,,,,,,,
JD상모2,2006-09-09,7.74,,,,,,,
JD상모2,2006-09-10,7.58,,,,,,,
JD상모2,2006-09-11,7.16,,,,,,,
JD상모2,2006-09-12,6.96,,,,,,,
JD상모2,2006-09-13,7.2,,,,,,,
JD상모2,2006-09-14,7.24,,,,,,,
JD상모2,2006-09-15,7.18,,,,,,,
JD상모2,2006-09-16,7.5,,,,,,,
JD상모2,2006-09-17,7.92,,,,,,,
JD상모2,2006-09-18,8.21,,,,,,,
JD상모2,2006-09-19,8.43,,,,,,,
JD상모2,2006-09-20,8.47,,,,,,,
JD상모2,2006-09-21,8.49,,,,,,,
JD상모2,2006-09-22,8.29,,,,,,,
JD상모2,2006-09-23,7.83,,,,,,,
JD상모2,2006-09-24,7.09,,,,,,,
JD상모2,2006-09-25,6.31,,,,,,,
JD상모2,2006-09-26,6.11,,,,,,,
JD상모2,2006-09-27,5.75,,,,,,,
JD상모2,2006-09-28,5.52,,,,,,,
JD상모2,2006-09-29,5.33,,,,,,,
JD상모2,2006-09-30,5.06,,,,,,,
JD상모2,2006-10-01,5.04,,,,,,,
JD상모2,2006-10-02,4.92,,,,,,,
JD상모2,2006-10-03,4.84,,,,,,,
JD상모2,2006-10-04,4.87,,,,,,,
JD상모2,2006-10-05,4.47,,,,,,,
JD상모2,2006-10-06,4.55,,,,,,,
JD상모2,2006-10-07,4.48,,,,,,,
JD상모2,2006-10-08,4.37,,,,,,,
JD상모2,2006-10-09,4.12,,,,,,,
JD상모2,2006-10-10,3.99,,,,,,,
JD상모2,2006-10-11,3.95,,,,,,,
JD상모2,2006-10-12,3.67,,,,,,,
JD상모2,2006-10-13,3.79,,,,,,,
JD상모2,2006-10-14,3.57,,,,,,,
JD상모2,2006-10-15,3.59,,,,,,,
JD상모2,2006-10-16,3.64,,,,,,,
JD상모2,2006-10-17,3.62,,,,,,,
JD상모2,2006-10-18,3.55,,,,,,,
JD상모2,2006-10-19,3.82,,,,,,,
JD상모2,2006-10-20,4.48,,,,,,,
JD상모2,2006-10-21,5.2,,,,,,,
JD상모2,2006-10-22,5.72,,,,,,,
JD상모2,2006-10-23,6.16,,,,,,,
JD상모2,2006-10-24,6.36,,,,,,,
JD상모2,2006-10-25,6.43,,,,,,,
JD상모2,2006-10-26,6.51,,,,,,,
JD상모2,2006-10-27,6.55,,,,,,,
JD상모2,2006-10-28,6.47,,,,,,,
JD상모2,2006-10-29,6.41,,,,,,,
JD상모2,2006-10-30,6.25,,,,,,,
JD상모2,2006-10-31,5.94,,,,,,,
JD상모2,2006-11-01,5.8,,,,,,,
JD상모2,2006-11-02,5.57,,,,,,,
JD상모2,2006-11-03,5.8,,,,,,,
JD상모2,2006-11-04,6.03,,,,,,,
JD상모2,2006-11-05,6.42,,,,,,,
JD상모2,2006-11-06,6.65,,,,,,,
JD상모2,2006-11-07,6.74,,,,,,,
JD상모2,2006-11-08,6.83,,,,,,,
JD상모2,2006-11-09,6.87,,,,,,,
JD상모2,2006-11-10,6.92,,,,,,,
JD상모2,2006-11-11,6.96,,,,,,,
JD상모2,2006-11-12,6.86,,,,,,,
JD상모2,2006-11-13,6.77,,,,,,,
JD상모2,2006-11-14,6.76,,,,,,,
JD상모2,2006-11-15,6.66,,,,,,,
JD상모2,2006-11-16,6.71,,,,,,,
JD상모2,2006-11-17,6.67,,,,,,,
JD상모2,2006-11-18,6.7,,,,,,,
JD상모2,2006-11-19,6.84,,,,,,,
JD상모2,2006-11-20,6.93,,,,,,,
JD상모2,2006-11-21,7.04,,,,,,,
JD상모2,2006-11-22,7.08,,,,,,,
JD상모2,2006-11-23,7.13,,,,,,,
JD상모2,2006-11-24,7.09,,,,,,,
JD상모2,2006-11-25,7.17,,,,,,,
JD상모2,2006-11-26,7.27,,,,,,,
JD상모2,2006-11-27,7.33,,,,,,,
JD상모2,2006-11-28,7.32,,,,,,,
JD상모2,2006-11-29,7.33,,,,,,,
JD상모2,2006-11-30,7.33,,,,,,,
JD상모2,2006-12-01,7.33,,,,,,,
JD상모2,2006-12-02,7.34,,,,,,,
JD상모2,2006-12-03,7.32,,,,,,,
JD상모2,2006-12-04,7.32,,,,,,,
JD상모2,2006-12-05,7.31,,,,,,,
JD상모2,2006-12-06,7.32,,,,,,,
JD상모2,2006-12-07,7.36,,,,,,,
JD상모2,2006-12-08,7.37,,,,,,,
JD상모2,2006-12-09,7.35,,,,,,,
JD상모2,2006-12-10,7.34,,,,,,,
JD상모2,2006-12-11,7.35,,,,,,,
JD상모2,2006-12-12,7.36,,,,,,,
JD상모2,2006-12-13,7.36,,,,,,,
JD상모2,2006-12-14,7.37,,,,,,,
JD상모2,2006-12-15,7.36,,,,,,,
JD상모2,2006-12-16,7.37,,,,,,,
JD상모2,2006-12-17,7.35,,,,,,,
JD상모2,2006-12-18,7.32,,,,,,,
JD상모2,2006-12-19,7.3,,,,,,,
JD상모2,2006-12-20,7.29,,,,,,,
JD상모2,2006-12-21,7.27,,,,,,,
JD상모2,2006-12-22,7.28,,,,,,,
JD상모2,2006-12-23,7.29,,,,,,,
JD상모2,2006-12-24,7.21,,,,,,,
JD상모2,2006-12-25,7.19,,,,,,,
JD상모2,2006-12-26,7.21,,,,,,,
JD상모2,2006-12-27,7.19,,,,,,,
JD상모2,2006-12-28,7.2,,,,,,,
JD상모2,2006-12-29,7.17,,,,,,,
JD상모2,2006-12-30,7.06,,,,,,,
JD상모2,2006-12-31,7.04,,,,,,,
JD상모2,2007-01-01,7.12,,,,,,,
JD상모2,2007-01-02,7.21,,,,,,,
JD상모2,2007-01-03,7.23,,,,,,,
JD상모2,2007-01-04,7.25,,,,,,,
JD상모2,2007-01-05,7.26,,,,,,,
JD상모2,2007-01-06,7.29,,,,,,,
JD상모2,2007-01-07,7.26,,,,,,,
JD상모2,2007-01-08,7.26,,,,,,,
JD상모2,2007-01-09,7.26,,,,,,,
JD상모2,2007-01-10,7.2,,,,,,,
JD상모2,2007-01-11,7.16,,,,,,,
JD상모2,2007-01-12,7.18,,,,,,,
JD상모2,2007-01-13,7.16,,,,,,,
JD상모2,2007-01-14,7.17,,,,,,,
JD상모2,2007-01-15,7.19,,,,,,,
JD상모2,2007-01-16,7.2,,,,,,,
JD상모2,2007-01-17,7.23,,,,,,,
JD상모2,2007-01-18,7.23,,,,,,,
JD상모2,2007-01-19,7.22,,,,,,,
JD상모2,2007-01-20,7.22,,,,,,,
JD상모2,2007-01-21,7.2,,,,,,,
JD상모2,2007-01-22,7.16,,,,,,,
JD상모2,2007-01-23,7.17,,,,,,,
JD상모2,2007-01-24,7.18,,,,,,,
JD상모2,2007-01-25,7.16,,,,,,,
JD상모2,2007-01-26,7.13,,,,,,,
JD상모2,2007-01-27,7.11,,,,,,,
JD상모2,2007-01-28,7.11,,,,,,,
JD상모2,2007-01-29,7.08,,,,,,,
JD상모2,2007-01-30,7.1,,,,,,,
JD상모2,2007-01-31,7.07,,,,,,,
JD상모2,2007-02-01,7.07,,,,,,,
JD상모2,2007-02-02,7.08,,,,,,,
JD상모2,2007-02-03,7.06,,,,,,,
JD상모2,2007-02-04,7.01,,,,,,,
JD상모2,2007-02-05,7.0,,,,,,,
JD상모2,2007-02-06,7.01,,,,,,,
JD상모2,2007-02-07,6.94,,,,,,,
JD상모2,2007-02-08,6.96,,,,,,,
JD상모2,2007-02-09,7.04,,,,,,,
JD상모2,2007-02-10,7.02,,,,,,,
JD상모2,2007-02-11,7.01,,,,,,,
JD상모2,2007-02-12,6.96,,,,,,,
JD상모2,2007-02-13,7.0,,,,,,,
JD상모2,2007-02-14,7.01,,,,,,,
JD상모2,2007-02-15,6.95,,,,,,,
JD상모2,2007-02-16,7.0,,,,,,,
JD상모2,2007-02-17,7.05,,,,,,,
JD상모2,2007-02-18,7.06,,,,,,,
JD상모2,2007-02-19,7.04,,,,,,,
JD상모2,2007-02-20,7.02,,,,,,,
JD상모2,2007-02-21,6.98,,,,,,,
JD상모2,2007-02-22,6.94,,,,,,,
JD상모2,2007-02-23,6.88,,,,,,,
JD상모2,2007-02-24,6.87,,,,,,,
JD상모2,2007-02-25,6.91,,,,,,,
JD상모2,2007-02-26,6.86,,,,,,,
JD상모2,2007-02-27,6.85,,,,,,,
JD상모2,2007-02-28,6.87,,,,,,,
JD상모2,2007-03-01,6.89,,,,,,,
JD상모2,2007-03-02,6.91,,,,,,,
JD상모2,2007-03-03,6.86,,,,,,,
JD상모2,2007-03-04,6.94,,,,,,,
JD상모2,2007-03-05,7.04,,,,,,,
JD상모2,2007-03-06,7.07,,,,,,,
JD상모2,2007-03-07,7.07,,,,,,,
JD상모2,2007-03-08,7.05,,,,,,,
JD상모2,2007-03-09,7.01,,,,,,,
JD상모2,2007-03-10,6.99,,,,,,,
JD상모2,2007-03-11,6.94,,,,,,,
JD상모2,2007-03-12,6.88,,,,,,,
JD상모2,2007-03-13,6.89,,,,,,,
JD상모2,2007-03-14,6.89,,,,,,,
JD상모2,2007-03-15,6.91,,,,,,,
JD상모2,2007-03-16,6.94,,,,,,,
JD상모2,2007-03-17,6.89,,,,,,,
JD상모2,2007-03-18,6.86,,,,,,,
JD상모2,2007-03-19,6.86,,,,,,,
JD상모2,2007-03-20,6.81,,,,,,,
JD상모2,2007-03-21,6.8,,,,,,,
JD상모2,2007-03-22,6.77,,,,,,,
JD상모2,2007-03-23,6.81,,,,,,,
JD상모2,2007-03-24,6.92,,,,,,,
JD상모2,2007-03-25,6.97,,,,,,,
JD상모2,2007-03-26,6.95,,,,,,,
JD상모2,2007-03-27,6.98,,,,,,,
JD상모2,2007-03-28,6.92,,,,,,,
JD상모2,2007-03-29,6.87,,,,,,,
JD상모2,2007-03-30,6.88,,,,,,,
JD상모2,2007-03-31,6.94,,,,,,,
JD상모2,2007-04-01,6.94,,,,,,,
JD상모2,2007-04-02,6.87,,,,,,,
JD상모2,2007-04-03,6.81,,,,,,,
JD상모2,2007-04-04,6.8,,,,,,,
JD상모2,2007-04-05,6.75,,,,,,,
JD상모2,2007-04-06,6.71,,,,,,,
JD상모2,2007-04-07,6.71,,,,,,,
JD상모2,2007-04-08,6.63,,,,,,,
JD상모2,2007-04-09,6.54,,,,,,,
JD상모2,2007-04-10,6.26,,,,,,,
JD상모2,2007-04-11,6.15,,,,,,,
JD상모2,2007-04-12,5.95,,,,,,,
JD상모2,2007-04-13,5.67,,,,,,,
JD상모2,2007-04-14,5.34,,,,,,,
JD상모2,2007-04-15,5.69,,,,,,,
JD상모2,2007-04-16,6.09,,,,,,,
JD상모2,2007-04-17,6.31,,,,,,,
JD상모2,2007-04-18,6.42,,,,,,,
JD상모2,2007-04-19,6.4,,,,,,,
JD상모2,2007-04-20,6.46,,,,,,,
JD상모2,2007-04-21,6.53,,,,,,,
JD상모2,2007-04-22,6.59,,,,,,,
JD상모2,2007-04-23,6.52,,,,,,,
JD상모2,2007-04-24,6.51,,,,,,,
JD상모2,2007-04-25,6.47,,,,,,,
JD상모2,2007-04-26,6.41,,,,,,,
JD상모2,2007-04-27,6.35,,,,,,,
JD상모2,2007-04-28,6.3,,,,,,,
JD상모2,2007-04-29,6.24,,,,,,,
JD상모2,2007-04-30,6.34,,,,,,,
JD상모2,2007-05-01,6.5,,,,,,,
JD상모2,2007-05-02,6.49,,,,,,,
JD상모2,2007-05-03,6.46,,,,,,,
JD상모2,2007-05-04,6.51,,,,,,,
JD상모2,2007-05-05,6.54,,,,,,,
JD상모2,2007-05-06,6.58,,,,,,,
JD상모2,2007-05-07,6.63,,,,,,,
JD상모2,2007-05-08,6.64,,,,,,,
JD상모2,2007-05-09,6.63,,,,,,,
JD상모2,2007-05-10,6.65,,,,,,,
JD상모2,2007-05-11,6.59,,,,,,,
JD상모2,2007-05-12,6.63,,,,,,,
JD상모2,2007-05-13,6.62,,,,,,,
JD상모2,2007-05-14,6.62,,,,,,,
JD상모2,2007-05-15,6.56,,,,,,,
JD상모2,2007-05-16,6.67,,,,,,,
JD상모2,2007-05-17,6.69,,,,,,,
JD상모2,2007-05-18,6.71,,,,,,,
JD상모2,2007-05-19,6.64,,,,,,,
JD상모2,2007-05-20,6.6,,,,,,,
JD상모2,2007-05-21,6.53,,,,,,,
JD상모2,2007-05-22,6.55,,,,,,,
JD상모2,2007-05-23,6.58,,,,,,,
JD상모2,2007-05-24,6.66,,,,,,,
JD상모2,2007-05-25,6.7,,,,,,,
JD상모2,2007-05-26,6.71,,,,,,,
JD상모2,2007-05-27,6.75,,,,,,,
JD상모2,2007-05-28,6.74,,,,,,,
JD상모2,2007-05-29,6.72,,,,,,,
JD상모2,2007-05-30,6.71,,,,,,,
JD상모2,2007-05-31,6.66,,,,,,,
JD상모2,2007-06-01,6.65,,,,,,,
JD상모2,2007-06-02,6.71,,,,,,,
JD상모2,2007-06-03,6.71,,,,,,,
JD상모2,2007-06-04,6.67,,,,,,,
JD상모2,2007-06-05,6.6,,,,,,,
JD상모2,2007-06-06,6.59,,,,,,,
JD상모2,2007-06-07,6.58,,,,,,,
JD상모2,2007-06-08,6.57,,,,,,,
JD상모2,2007-06-09,6.5,,,,,,,
JD상모2,2007-06-10,6.5,,,,,,,
JD상모2,2007-06-11,6.55,,,,,,,
JD상모2,2007-06-12,6.54,,,,,,,
JD상모2,2007-06-13,6.6,,,,,,,
JD상모2,2007-06-14,6.65,,,,,,,
JD상모2,2007-06-15,6.66,,,,,,,
JD상모2,2007-06-16,6.69,,,,,,,
JD상모2,2007-06-17,6.71,,,,,,,
JD상모2,2007-06-18,6.57,,,,,,,
JD상모2,2007-06-19,6.44,,,,,,,
JD상모2,2007-06-20,6.36,,,,,,,
JD상모2,2007-06-21,6.37,,,,,,,
JD상모2,2007-06-22,6.46,,,,,,,
JD상모2,2007-06-23,6.49,,,,,,,
JD상모2,2007-06-24,6.54,,,,,,,
JD상모2,2007-06-25,6.58,,,,,,,
JD상모2,2007-06-26,6.55,,,,,,,
JD상모2,2007-06-27,6.56,,,,,,,
JD상모2,2007-06-28,6.6,,,,,,,
JD상모2,2007-06-29,6.56,,,,,,,
JD상모2,2007-06-30,6.57,,,,,,,
JD상모2,2007-07-01,6.62,,,,,,,
JD상모2,2007-07-02,6.74,,,,,,,
JD상모2,2007-07-03,7.05,,,,,,,
JD상모2,2007-07-04,7.34,,,,,,,
JD상모2,2007-07-05,7.64,,,,,,,
JD상모2,2007-07-06,7.83,,,,,,,
JD상모2,2007-07-07,8.06,,,,,,,
JD상모2,2007-07-08,8.31,,,,,,,
JD상모2,2007-07-09,8.56,,,,,,,
JD상모2,2007-07-10,8.88,,,,,,,
JD상모2,2007-07-11,9.14,,,,,,,
JD상모2,2007-07-12,9.23,,,,,,,
JD상모2,2007-07-13,9.25,,,,,,,
JD상모2,2007-07-14,9.2,,,,,,,
JD상모2,2007-07-15,9.08,,,,,,,
JD상모2,2007-07-16,9.03,,,,,,,
JD상모2,2007-07-17,8.91,,,,,,,
JD상모2,2007-07-18,8.82,,,,,,,
JD상모2,2007-07-19,8.76,,,,,,,
JD상모2,2007-07-20,8.66,,,,,,,
JD상모2,2007-07-21,8.58,,,,,,,
JD상모2,2007-07-22,8.49,,,,,,,
JD상모2,2007-07-23,8.36,,,,,,,
JD상모2,2007-07-24,8.28,,,,,,,
JD상모2,2007-07-25,8.12,,,,,,,
JD상모2,2007-07-26,7.96,,,,,,,
JD상모2,2007-07-27,7.75,,,,,,,
JD상모2,2007-07-28,7.67,,,,,,,
JD상모2,2007-07-29,7.56,,,,,,,
JD상모2,2007-07-30,7.44,,,,,,,
JD상모2,2007-07-31,7.34,,,,,,,
JD상모2,2007-08-01,7.02,,,,,,,
JD상모2,2007-08-02,7.0,,,,,,,
JD상모2,2007-08-03,6.92,,,,,,,
JD상모2,2007-08-04,6.81,,,,,,,
JD상모2,2007-08-05,7.01,,,,,,,
JD상모2,2007-08-06,7.04,,,,,,,
JD상모2,2007-08-07,7.22,,,,,,,
JD상모2,2007-08-08,7.31,,,,,,,
JD상모2,2007-08-09,7.25,,,,,,,
JD상모2,2007-08-10,7.26,,,,,,,
JD상모2,2007-08-11,7.26,,,,,,,
JD상모2,2007-08-12,7.51,,,,,,,
JD상모2,2007-08-13,7.73,,,,,,,
JD상모2,2007-08-14,7.83,,,,,,,
JD상모2,2007-08-15,7.93,,,,,,,
JD상모2,2007-08-16,8.03,,,,,,,
JD상모2,2007-08-17,8.08,,,,,,,
JD상모2,2007-08-18,8.06,,,,,,,
JD상모2,2007-08-19,7.98,,,,,,,
JD상모2,2007-08-20,7.86,,,,,,,
JD상모2,2007-08-21,7.88,,,,,,,
JD상모2,2007-08-22,7.81,,,,,,,
JD상모2,2007-08-23,7.82,,,,,,,
JD상모2,2007-08-24,7.8,,,,,,,
JD상모2,2007-08-25,7.75,,,,,,,
JD상모2,2007-08-26,7.68,,,,,,,
JD상모2,2007-08-27,7.6,,,,,,,
JD상모2,2007-08-28,7.54,,,,,,,
JD상모2,2007-08-29,7.54,,,,,,,
JD상모2,2007-08-30,7.59,,,,,,,
JD상모2,2007-08-31,7.58,,,,,,,
JD상모2,2007-09-01,7.58,,,,,,,
JD상모2,2007-09-02,7.61,,,,,,,
JD상모2,2007-09-03,7.58,,,,,,,
JD상모2,2007-09-04,7.53,,,,,,,
JD상모2,2007-09-05,7.6,,,,,,,
JD상모2,2007-09-06,7.69,,,,,,,
JD상모2,2007-09-07,7.76,,,,,,,
JD상모2,2007-09-08,7.75,,,,,,,
JD상모2,2007-09-09,7.68,,,,,,,
JD상모2,2007-09-10,7.61,,,,,,,
JD상모2,2007-09-11,7.37,,,,,,,
JD상모2,2007-09-12,7.05,,,,,,,
JD상모2,2007-09-13,6.86,,,,,,,
JD상모2,2007-09-14,6.81,,,,,,,
JD상모2,2007-09-15,7.18,,,,,,,
JD상모2,2007-09-16,7.72,,,,,,,
JD상모2,2007-09-17,8.38,,,,,,,
JD상모2,2007-09-18,8.8,,,,,,,
JD상모2,2007-09-19,8.97,,,,,,,
JD상모2,2007-09-20,8.98,,,,,,,
JD상모2,2007-09-21,8.71,,,,,,,
JD상모2,2007-09-22,8.3,,,,,,,
JD상모2,2007-09-23,7.89,,,,,,,
JD상모2,2007-09-24,7.61,,,,,,,
JD상모2,2007-09-25,7.26,,,,,,,
JD상모2,2007-09-26,6.98,,,,,,,
JD상모2,2007-09-27,6.71,,,,,,,
JD상모2,2007-09-28,6.37,,,,,,,
JD상모2,2007-09-29,5.91,,,,,,,
JD상모2,2007-09-30,5.62,,,,,,,
JD상모2,2007-10-01,5.36,,,,,,,
JD상모2,2007-10-02,5.17,,,,,,,
JD상모2,2007-10-03,4.9,,,,,,,
JD상모2,2007-10-04,4.73,,,,,,,
JD상모2,2007-10-05,4.57,,,,,,,
JD상모2,2007-10-06,4.66,,,,,,,
JD상모2,2007-10-07,4.94,,,,,,,
JD상모2,2007-10-08,5.33,,,,,,,
JD상모2,2007-10-09,5.75,,,,,,,
JD상모2,2007-10-10,6.4,,,,,,,
JD상모2,2007-10-11,6.54,,,,,,,
JD상모2,2007-10-12,6.2,,,,,,,
JD상모2,2007-10-13,5.65,,,,,,,
JD상모2,2007-10-14,5.05,,,,,,,
JD상모2,2007-10-15,4.76,,,,,,,
JD상모2,2007-10-16,4.73,,,,,,,
JD상모2,2007-10-17,4.53,,,,,,,
JD상모2,2007-10-18,4.36,,,,,,,
JD상모2,2007-10-19,4.22,,,,,,,
JD상모2,2007-10-20,4.17,,,,,,,
JD상모2,2007-10-21,4.21,,,,,,,
JD상모2,2007-10-22,4.19,,,,,,,
JD상모2,2007-10-23,4.08,,,,,,,
JD상모2,2007-10-24,4.05,,,,,,,
JD상모2,2007-10-25,4.8,,,,,,,
JD상모2,2007-10-26,6.31,,,,,,,
JD상모2,2007-10-27,7.05,,,,,,,
JD상모2,2007-10-28,7.38,,,,,,,
JD상모2,2007-10-29,7.4,,,,,,,
JD상모2,2007-10-30,7.44,,,,,,,
JD상모2,2007-10-31,7.44,,,,,,,
JD상모2,2007-11-01,7.34,,,,,,,
JD상모2,2007-11-02,7.26,,,,,,,
JD상모2,2007-11-03,7.06,,,,,,,
JD상모2,2007-11-04,6.92,,,,,,,
JD상모2,2007-11-05,7.09,,,,,,,
JD상모2,2007-11-06,7.0,,,,,,,
JD상모2,2007-11-07,6.78,,,,,,,
JD상모2,2007-11-08,6.56,,,,,,,
JD상모2,2007-11-09,6.32,,,,,,,
JD상모2,2007-11-10,6.16,,,,,,,
JD상모2,2007-11-11,6.03,,,,,,,
JD상모2,2007-11-12,5.9,,,,,,,
JD상모2,2007-11-13,5.95,,,,,,,
JD상모2,2007-11-14,5.9,,,,,,,
JD상모2,2007-11-15,5.99,,,,,,,
JD상모2,2007-11-16,6.15,,,,,,,
JD상모2,2007-11-17,6.11,,,,,,,
JD상모2,2007-11-18,6.07,,,,,,,
JD상모2,2007-11-19,6.1,,,,,,,
JD상모2,2007-11-20,6.25,,,,,,,
JD상모2,2007-11-21,6.25,,,,,,,
JD상모2,2007-11-22,6.23,,,,,,,
JD상모2,2007-11-23,6.15,,,,,,,
JD상모2,2007-11-24,6.14,,,,,,,
JD상모2,2007-11-25,6.08,,,,,,,
JD상모2,2007-11-26,6.02,,,,,,,
JD상모2,2007-11-27,6.06,,,,,,,
JD상모2,2007-11-28,6.12,,,,,,,
JD상모2,2007-11-29,5.99,,,,,,,
JD상모2,2007-11-30,5.93,,,,,,,
JD상모2,2007-12-01,5.91,,,,,,,
JD상모2,2007-12-02,6.04,,,,,,,
JD상모2,2007-12-03,6.11,,,,,,,
JD상모2,2007-12-04,5.82,,,,,,,
JD상모2,2007-12-05,5.76,,,,,,,
JD상모2,2007-12-06,5.65,,,,,,,
JD상모2,2007-12-07,5.81,,,,,,,
JD상모2,2007-12-08,5.84,,,,,,,
JD상모2,2007-12-09,5.81,,,,,,,
JD상모2,2007-12-10,5.92,,,,,,,
JD상모2,2007-12-11,6.26,,,,,,,
JD상모2,2007-12-12,6.64,,,,,,,
JD상모2,2007-12-13,6.84,,,,,,,
JD상모2,2007-12-14,6.93,,,,,,,
JD상모2,2007-12-15,6.98,,,,,,,
JD상모2,2007-12-16,7.0,,,,,,,
JD상모2,2007-12-17,7.09,,,,,,,
JD상모2,2007-12-18,7.09,,,,,,,
JD상모2,2007-12-19,7.12,,,,,,,
JD상모2,2007-12-20,7.13,,,,,,,
JD상모2,2007-12-21,7.17,,,,,,,
JD상모2,2007-12-22,7.25,,,,,,,
JD상모2,2007-12-23,7.23,,,,,,,
JD상모2,2007-12-24,7.27,,,,,,,
JD상모2,2007-12-25,7.34,,,,,,,
JD상모2,2007-12-26,7.36,,,,,,,
JD상모2,2007-12-27,7.41,,,,,,,
JD상모2,2007-12-28,7.58,,,,,,,
JD상모2,2007-12-29,7.68,,,,,,,
JD상모2,2007-12-30,7.68,,,,,,,
JD상모2,2007-12-31,7.69,,,,,,,
JD상모2,2008-01-01,7.66,,,,,,,
JD상모2,2008-01-02,7.65,,,,,,,
JD상모2,2008-01-03,7.64,,,,,,,
JD상모2,2008-01-04,7.62,,,,,,,
JD상모2,2008-01-05,7.62,,,,,,,
JD상모2,2008-01-06,7.62,,,,,,,
JD상모2,2008-01-07,7.62,,,,,,,
JD상모2,2008-01-08,7.61,,,,,,,
JD상모2,2008-01-09,7.63,,,,,,,
JD상모2,2008-01-10,7.63,,,,,,,
JD상모2,2008-01-11,7.66,,,,,,,
JD상모2,2008-01-12,7.62,,,,,,,
JD상모2,2008-01-13,7.61,,,,,,,
JD상모2,2008-01-14,7.61,,,,,,,
JD상모2,2008-01-15,7.6,,,,,,,
JD상모2,2008-01-16,7.58,,,,,,,
JD상모2,2008-01-17,7.58,,,,,,,
JD상모2,2008-01-18,7.58,,,,,,,
JD상모2,2008-01-19,7.58,,,,,,,
JD상모2,2008-01-20,7.61,,,,,,,
JD상모2,2008-01-21,7.61,,,,,,,
JD상모2,2008-01-22,7.62,,,,,,,
JD상모2,2008-01-23,7.62,,,,,,,
JD상모2,2008-01-24,7.59,,,,,,,
JD상모2,2008-01-25,7.59,,,,,,,
JD상모2,2008-01-26,7.61,,,,,,,
JD상모2,2008-01-27,7.6,,,,,,,
JD상모2,2008-01-28,7.64,,,,,,,
JD상모2,2008-01-29,7.64,,,,,,,
JD상모2,2008-01-30,7.61,,,,,,,
JD상모2,2008-01-31,7.59,,,,,,,
JD상모2,2008-02-01,7.57,,,,,,,
JD상모2,2008-02-02,7.59,,,,,,,
JD상모2,2008-02-03,7.57,,,,,,,
JD상모2,2008-02-04,7.52,,,,,,,
JD상모2,2008-02-05,7.53,,,,,,,
JD상모2,2008-02-06,7.54,,,,,,,
JD상모2,2008-02-07,7.54,,,,,,,
JD상모2,2008-02-08,7.52,,,,,,,
JD상모2,2008-02-09,7.52,,,,,,,
JD상모2,2008-02-10,7.48,,,,,,,
JD상모2,2008-02-11,7.49,,,,,,,
JD상모2,2008-02-12,7.51,,,,,,,
JD상모2,2008-02-13,7.48,,,,,,,
JD상모2,2008-02-14,7.47,,,,,,,
JD상모2,2008-02-15,7.41,,,,,,,
JD상모2,2008-02-16,7.35,,,,,,,
JD상모2,2008-02-17,7.35,,,,,,,
JD상모2,2008-02-18,7.32,,,,,,,
JD상모2,2008-02-19,7.29,,,,,,,
JD상모2,2008-02-20,7.23,,,,,,,
JD상모2,2008-02-21,7.17,,,,,,,
JD상모2,2008-02-22,6.89,,,,,,,
JD상모2,2008-02-23,6.63,,,,,,,
JD상모2,2008-02-24,6.59,,,,,,,
JD상모2,2008-02-25,6.62,,,,,,,
JD상모2,2008-02-26,6.92,,,,,,,
JD상모2,2008-02-27,7.07,,,,,,,
JD상모2,2008-02-28,7.14,,,,,,,
JD상모2,2008-02-29,7.19,,,,,,,
JD상모2,2008-03-01,7.18,,,,,,,
JD상모2,2008-03-02,7.21,,,,,,,
JD상모2,2008-03-03,7.17,,,,,,,
JD상모2,2008-03-04,7.14,,,,,,,
JD상모2,2008-03-05,7.11,,,,,,,
JD상모2,2008-03-06,7.02,,,,,,,
JD상모2,2008-03-07,6.92,,,,,,,
JD상모2,2008-03-08,6.73,,,,,,,
JD상모2,2008-03-09,6.87,,,,,,,
JD상모2,2008-03-10,7.05,,,,,,,
JD상모2,2008-03-11,7.1,,,,,,,
JD상모2,2008-03-12,7.13,,,,,,,
JD상모2,2008-03-13,7.13,,,,,,,
JD상모2,2008-03-14,7.09,,,,,,,
JD상모2,2008-03-15,7.05,,,,,,,
JD상모2,2008-03-16,7.07,,,,,,,
JD상모2,2008-03-17,7.04,,,,,,,
JD상모2,2008-03-18,7.03,,,,,,,
JD상모2,2008-03-19,7.08,,,,,,,
JD상모2,2008-03-20,7.08,,,,,,,
JD상모2,2008-03-21,7.11,,,,,,,
JD상모2,2008-03-22,7.12,,,,,,,
JD상모2,2008-03-23,7.22,,,,,,,
JD상모2,2008-03-24,7.3,,,,,,,
JD상모2,2008-03-25,7.37,,,,,,,
JD상모2,2008-03-26,7.4,,,,,,,
JD상모2,2008-03-27,7.4,,,,,,,
JD상모2,2008-03-28,7.35,,,,,,,
JD상모2,2008-03-29,7.3,,,,,,,
JD상모2,2008-03-30,7.31,,,,,,,
JD상모2,2008-03-31,7.29,,,,,,,
JD상모2,2008-04-01,7.25,,,,,,,
JD상모2,2008-04-02,7.24,,,,,,,
JD상모2,2008-04-03,7.19,,,,,,,
JD상모2,2008-04-04,7.16,,,,,,,
JD상모2,2008-04-05,7.13,,,,,,,
JD상모2,2008-04-06,7.17,,,,,,,
JD상모2,2008-04-07,7.22,,,,,,,
JD상모2,2008-04-08,7.18,,,,,,,
JD상모2,2008-04-09,7.24,,,,,,,
JD상모2,2008-04-10,7.28,,,,,,,
JD상모2,2008-04-11,7.24,,,,,,,
JD상모2,2008-04-12,7.23,,,,,,,
JD상모2,2008-04-13,7.24,,,,,,,
JD상모2,2008-04-14,7.18,,,,,,,
JD상모2,2008-04-15,7.13,,,,,,,
JD상모2,2008-04-16,7.14,,,,,,,
JD상모2,2008-04-17,7.13,,,,,,,
JD상모2,2008-04-18,6.97,,,,,,,
JD상모2,2008-04-19,7.03,,,,,,,
JD상모2,2008-04-20,7.07,,,,,,,
JD상모2,2008-04-21,7.09,,,,,,,
JD상모2,2008-04-22,7.07,,,,,,,
JD상모2,2008-04-23,7.05,,,,,,,
JD상모2,2008-04-24,6.97,,,,,,,
JD상모2,2008-04-25,7.05,,,,,,,
JD상모2,2008-04-26,6.99,,,,,,,
JD상모2,2008-04-27,6.99,,,,,,,
JD상모2,2008-04-28,7.03,,,,,,,
JD상모2,2008-04-29,7.02,,,,,,,
JD상모2,2008-04-30,6.95,,,,,,,
JD상모2,2008-05-01,7.0,,,,,,,
JD상모2,2008-05-02,7.0,,,,,,,
JD상모2,2008-05-03,6.94,,,,,,,
JD상모2,2008-05-04,6.97,,,,,,,
JD상모2,2008-05-05,6.96,,,,,,,
JD상모2,2008-05-06,6.93,,,,,,,
JD상모2,2008-05-07,6.91,,,,,,,
JD상모2,2008-05-08,6.92,,,,,,,
JD상모2,2008-05-09,6.95,,,,,,,
JD상모2,2008-05-10,6.94,,,,,,,
JD상모2,2008-05-11,6.67,,,,,,,
JD상모2,2008-05-12,6.39,,,,,,,
JD상모2,2008-05-13,6.17,,,,,,,
JD상모2,2008-05-14,6.05,,,,,,,
JD상모2,2008-05-15,5.69,,,,,,,
JD상모2,2008-05-16,5.42,,,,,,,
JD상모2,2008-05-17,5.24,,,,,,,
JD상모2,2008-05-18,5.27,,,,,,,
JD상모2,2008-05-19,5.68,,,,,,,
JD상모2,2008-05-20,6.06,,,,,,,
JD상모2,2008-05-21,6.1,,,,,,,
JD상모2,2008-05-22,5.88,,,,,,,
JD상모2,2008-05-23,6.13,,,,,,,
JD상모2,2008-05-24,6.39,,,,,,,
JD상모2,2008-05-25,6.48,,,,,,,
JD상모2,2008-05-26,6.51,,,,,,,
JD상모2,2008-05-27,6.57,,,,,,,
JD상모2,2008-05-28,6.72,,,,,,,
JD상모2,2008-05-29,7.07,,,,,,,
JD상모2,2008-05-30,7.28,,,,,,,
JD상모2,2008-05-31,7.32,,,,,,,
JD상모2,2008-06-01,7.35,,,,,,,
JD상모2,2008-06-02,7.36,,,,,,,
JD상모2,2008-06-03,7.32,,,,,,,
JD상모2,2008-06-04,7.3,,,,,,,
JD상모2,2008-06-05,7.25,,,,,,,
JD상모2,2008-06-06,7.18,,,,,,,
JD상모2,2008-06-07,7.09,,,,,,,
JD상모2,2008-06-08,7.0,,,,,,,
JD상모2,2008-06-09,6.96,,,,,,,
JD상모2,2008-06-10,6.94,,,,,,,
JD상모2,2008-06-11,6.96,,,,,,,
JD상모2,2008-06-12,6.92,,,,,,,
JD상모2,2008-06-13,6.87,,,,,,,
JD상모2,2008-06-14,6.86,,,,,,,
JD상모2,2008-06-15,6.92,,,,,,,
JD상모2,2008-06-16,6.91,,,,,,,
JD상모2,2008-06-17,6.95,,,,,,,
JD상모2,2008-06-18,7.22,,,,,,,
JD상모2,2008-06-19,7.5,,,,,,,
JD상모2,2008-06-20,7.72,,,,,,,
JD상모2,2008-06-21,8.02,,,,,,,
JD상모2,2008-06-22,8.35,,,,,,,
JD상모2,2008-06-23,8.51,,,,,,,
JD상모2,2008-06-24,8.57,,,,,,,
JD상모2,2008-06-25,8.56,,,,,,,
JD상모2,2008-06-26,8.5,,,,,,,
JD상모2,2008-06-27,8.48,,,,,,,
JD상모2,2008-06-28,8.48,,,,,,,
JD상모2,2008-06-29,8.46,,,,,,,
JD상모2,2008-06-30,8.41,,,,,,,
JD상모2,2008-07-01,8.39,,,,,,,
JD상모2,2008-07-02,8.4,,,,,,,
JD상모2,2008-07-03,8.39,,,,,,,
JD상모2,2008-07-04,8.41,,,,,,,
JD상모2,2008-07-05,8.41,,,,,,,
JD상모2,2008-07-06,8.4,,,,,,,
JD상모2,2008-07-07,8.35,,,,,,,
JD상모2,2008-07-08,8.31,,,,,,,
JD상모2,2008-07-09,8.26,,,,,,,
JD상모2,2008-07-10,8.1,,,,,,,
JD상모2,2008-07-11,8.02,,,,,,,
JD상모2,2008-07-12,7.95,,,,,,,
JD상모2,2008-07-13,7.93,,,,,,,
JD상모2,2008-07-14,7.85,,,,,,,
JD상모2,2008-07-15,7.77,,,,,,,
JD상모2,2008-07-16,7.74,,,,,,,
JD상모2,2008-07-17,7.7,,,,,,,
JD상모2,2008-07-18,7.61,,,,,,,
JD상모2,2008-07-19,7.66,,,,,,,
JD상모2,2008-07-20,7.7,,,,,,,
JD상모2,2008-07-21,7.58,,,,,,,
JD상모2,2008-07-22,7.21,,,,,,,
JD상모2,2008-07-23,7.16,,,,,,,
JD상모2,2008-07-24,7.21,,,,,,,
JD상모2,2008-07-25,7.21,,,,,,,
JD상모2,2008-07-26,7.08,,,,,,,
JD상모2,2008-07-27,6.91,,,,,,,
JD상모2,2008-07-28,7.06,,,,,,,
JD상모2,2008-07-29,7.03,,,,,,,
JD상모2,2008-07-30,7.16,,,,,,,
JD상모2,2008-07-31,7.14,,,,,,,
JD상모2,2008-08-01,6.99,,,,,,,
JD상모2,2008-08-02,6.8,,,,,,,
JD상모2,2008-08-03,6.59,,,,,,,
JD상모2,2008-08-04,6.55,,,,,,,
JD상모2,2008-08-05,6.58,,,,,,,
JD상모2,2008-08-06,6.62,,,,,,,
JD상모2,2008-08-07,6.59,,,,,,,
JD상모2,2008-08-08,6.46,,,,,,,
JD상모2,2008-08-09,6.51,,,,,,,
JD상모2,2008-08-10,6.7,,,,,,,
JD상모2,2008-08-11,6.97,,,,,,,
JD상모2,2008-08-12,7.18,,,,,,,
JD상모2,2008-08-13,7.31,,,,,,,
JD상모2,2008-08-14,7.42,,,,,,,
JD상모2,2008-08-15,7.48,,,,,,,
JD상모2,2008-08-16,7.54,,,,,,,
JD상모2,2008-08-17,7.55,,,,,,,
JD상모2,2008-08-18,7.54,,,,,,,
JD상모2,2008-08-19,7.5,,,,,,,
JD상모2,2008-08-20,7.48,,,,,,,
JD상모2,2008-08-21,7.4,,,,,,,
JD상모2,2008-08-22,7.51,,,,,,,
JD상모2,2008-08-23,7.59,,,,,,,
JD상모2,2008-08-24,7.61,,,,,,,
JD상모2,2008-08-25,7.58,,,,,,,
JD상모2,2008-08-26,7.57,,,,,,,
JD상모2,2008-08-27,7.5,,,,,,,
JD상모2,2008-08-28,7.3,,,,,,,
JD상모2,2008-08-29,7.03,,,,,,,
JD상모2,2008-08-30,7.04,,,,,,,
JD상모2,2008-08-31,7.03,,,,,,,
JD상모2,2008-09-01,6.97,,,,,,,
JD상모2,2008-09-02,6.99,,,,,,,
JD상모2,2008-09-03,6.89,,,,,,,
JD상모2,2008-09-04,6.74,,,,,,,
JD상모2,2008-09-05,6.46,,,,,,,
JD상모2,2008-09-06,5.99,,,,,,,
JD상모2,2008-09-07,5.75,,,,,,,
JD상모2,2008-09-08,5.34,,,,,,,
JD상모2,2008-09-09,4.84,,,,,,,
JD상모2,2008-09-10,4.85,,,,,,,
JD상모2,2008-09-11,4.93,,,,,,,
JD상모2,2008-09-12,4.66,,,,,,,
JD상모2,2008-09-13,4.55,,,,,,,
JD상모2,2008-09-14,4.98,,,,,,,
JD상모2,2008-09-15,5.71,,,,,,,
JD상모2,2008-09-16,6.19,,,,,,,
JD상모2,2008-09-17,6.39,,,,,,,
JD상모2,2008-09-18,6.52,,,,,,,
JD상모2,2008-09-19,6.47,,,,,,,
JD상모2,2008-09-20,6.18,,,,,,,
JD상모2,2008-09-21,6.21,,,,,,,
JD상모2,2008-09-22,6.67,,,,,,,
JD상모2,2008-09-23,6.79,,,,,,,
JD상모2,2008-09-24,6.83,,,,,,,
JD상모2,2008-09-25,6.8,,,,,,,
JD상모2,2008-09-26,6.79,,,,,,,
JD상모2,2008-09-27,6.61,,,,,,,
JD상모2,2008-09-28,6.03,,,,,,,
JD상모2,2008-09-29,5.71,,,,,,,
JD상모2,2008-09-30,5.83,,,,,,,
JD상모2,2008-10-01,5.41,,,,,,,
JD상모2,2008-10-02,5.03,,,,,,,
JD상모2,2008-10-03,4.59,,,,,,,
JD상모2,2008-10-04,4.28,,,,,,,
JD상모2,2008-10-05,4.24,,,,,,,
JD상모2,2008-10-06,4.45,,,,,,,
JD상모2,2008-10-07,4.35,,,,,,,
JD상모2,2008-10-08,4.24,,,,,,,
JD상모2,2008-10-09,3.97,,,,,,,
JD상모2,2008-10-10,3.88,,,,,,,
JD상모2,2008-10-11,3.83,,,,,,,
JD상모2,2008-10-12,3.63,,,,,,,
JD상모2,2008-10-13,3.52,,,,,,,
JD상모2,2008-10-14,3.39,,,,,,,
JD상모2,2008-10-15,3.12,,,,,,,
JD상모2,2008-10-16,3.08,,,,,,,
JD상모2,2008-10-17,3.03,,,,,,,
JD상모2,2008-10-18,2.95,,,,,,,
JD상모2,2008-10-19,2.86,,,,,,,
JD상모2,2008-10-20,3.37,,,,,,,
JD상모2,2008-10-21,3.81,,,,,,,
JD상모2,2008-10-22,4.54,,,,,,,
JD상모2,2008-10-23,5.14,,,,,,,
JD상모2,2008-10-24,5.47,,,,,,,
JD상모2,2008-10-25,5.65,,,,,,,
JD상모2,2008-10-26,5.8,,,,,,,
JD상모2,2008-10-27,5.84,,,,,,,
JD상모2,2008-10-28,5.93,,,,,,,
JD상모2,2008-10-29,6.01,,,,,,,
JD상모2,2008-10-30,6.06,,,,,,,
JD상모2,2008-10-31,6.1,,,,,,,
JD상모2,2008-11-01,6.06,,,,,,,
JD상모2,2008-11-02,6.13,,,,,,,
JD상모2,2008-11-03,6.11,,,,,,,
JD상모2,2008-11-04,6.03,,,,,,,
JD상모2,2008-11-05,6.14,,,,,,,
JD상모2,2008-11-06,6.2,,,,,,,
JD상모2,2008-11-07,6.26,,,,,,,
JD상모2,2008-11-08,6.33,,,,,,,
JD상모2,2008-11-09,6.35,,,,,,,
JD상모2,2008-11-10,6.4,,,,,,,
JD상모2,2008-11-11,6.41,,,,,,,
JD상모2,2008-11-12,6.42,,,,,,,
JD상모2,2008-11-13,6.44,,,,,,,
JD상모2,2008-11-14,6.47,,,,,,,
JD상모2,2008-11-15,6.51,,,,,,,
JD상모2,2008-11-16,6.46,,,,,,,
JD상모2,2008-11-17,6.38,,,,,,,
JD상모2,2008-11-18,6.38,,,,,,,
JD상모2,2008-11-19,6.42,,,,,,,
JD상모2,2008-11-20,6.46,,,,,,,
JD상모2,2008-11-21,6.46,,,,,,,
JD상모2,2008-11-22,6.42,,,,,,,
JD상모2,2008-11-23,6.46,,,,,,,
JD상모2,2008-11-24,6.48,,,,,,,
JD상모2,2008-11-25,6.46,,,,,,,
JD상모2,2008-11-26,6.46,,,,,,,
JD상모2,2008-11-27,6.5,,,,,,,
JD상모2,2008-11-28,6.51,,,,,,,
JD상모2,2008-11-29,6.52,,,,,,,
JD상모2,2008-11-30,6.48,,,,,,,
JD상모2,2008-12-01,6.5,,,,,,,
JD상모2,2008-12-02,6.48,,,,,,,
JD상모2,2008-12-03,6.49,,,,,,,
JD상모2,2008-12-04,6.51,,,,,,,
JD상모2,2008-12-05,6.54,,,,,,,
JD상모2,2008-12-06,6.56,,,,,,,
JD상모2,2008-12-07,6.58,,,,,,,
JD상모2,2008-12-08,6.61,,,,,,,
JD상모2,2008-12-09,6.6,,,,,,,
JD상모2,2008-12-10,6.57,,,,,,,
JD상모2,2008-12-11,6.58,,,,,,,
JD상모2,2008-12-12,6.56,,,,,,,
JD상모2,2008-12-13,6.56,,,,,,,
JD상모2,2008-12-14,6.56,,,,,,,
JD상모2,2008-12-15,6.52,,,,,,,
JD상모2,2008-12-16,6.53,,,,,,,
JD상모2,2008-12-17,6.54,,,,,,,
JD상모2,2008-12-18,6.5,,,,,,,
JD상모2,2008-12-19,6.47,,,,,,,
JD상모2,2008-12-20,6.42,,,,,,,
JD상모2,2008-12-21,6.34,,,,,,,
JD상모2,2008-12-22,6.29,,,,,,,
JD상모2,2008-12-23,6.33,,,,,,,
JD상모2,2008-12-24,6.38,,,,,,,
JD상모2,2008-12-25,6.39,,,,,,,
JD상모2,2008-12-26,6.39,,,,,,,
JD상모2,2008-12-27,6.37,,,,,,,
JD상모2,2008-12-28,6.33,,,,,,,
JD상모2,2008-12-29,6.37,,,,,,,
JD상모2,2008-12-30,6.34,,,,,,,
JD상모2,2008-12-31,6.27,,,,,,,
JD상모2,2009-01-01,6.25,,,,,,,
JD상모2,2009-01-02,6.31,,,,,,,
JD상모2,2009-01-03,6.31,,,,,,,
JD상모2,2009-01-04,6.31,,,,,,,
JD상모2,2009-01-05,6.22,,,,,,,
JD상모2,2009-01-06,6.12,,,,,,,
JD상모2,2009-01-07,6.09,,,,,,,
JD상모2,2009-01-08,6.11,,,,,,,
JD상모2,2009-01-09,6.09,,,,,,,
JD상모2,2009-01-10,6.11,,,,,,,
JD상모2,2009-01-11,6.24,,,,,,,
JD상모2,2009-01-12,6.27,,,,,,,
JD상모2,2009-01-13,6.27,,,,,,,
JD상모2,2009-01-14,6.3,,,,,,,
JD상모2,2009-01-15,6.27,,,,,,,
JD상모2,2009-01-16,6.23,,,,,,,
JD상모2,2009-01-17,6.12,,,,,,,
JD상모2,2009-01-18,6.16,,,,,,,
JD상모2,2009-01-19,6.18,,,,,,,
JD상모2,2009-01-20,6.21,,,,,,,
JD상모2,2009-01-21,6.23,,,,,,,
JD상모2,2009-01-22,6.26,,,,,,,
JD상모2,2009-01-23,6.23,,,,,,,
JD상모2,2009-01-24,6.22,,,,,,,
JD상모2,2009-01-25,6.22,,,,,,,
JD상모2,2009-01-26,6.22,,,,,,,
JD상모2,2009-01-27,6.21,,,,,,,
JD상모2,2009-01-28,6.21,,,,,,,
JD상모2,2009-01-29,6.24,,,,,,,
JD상모2,2009-01-30,6.3,,,,,,,
JD상모2,2009-01-31,6.27,,,,,,,
JD상모2,2009-02-01,6.23,,,,,,,
JD상모2,2009-02-02,6.22,,,,,,,
JD상모2,2009-02-03,6.27,,,,,,,
JD상모2,2009-02-04,6.25,,,,,,,
JD상모2,2009-02-05,6.22,,,,,,,
JD상모2,2009-02-06,6.19,,,,,,,
JD상모2,2009-02-07,6.21,,,,,,,
JD상모2,2009-02-08,6.21,,,,,,,
JD상모2,2009-02-09,6.21,,,,,,,
JD상모2,2009-02-10,6.21,,,,,,,
JD상모2,2009-02-11,6.21,,,,,,,
JD상모2,2009-02-12,6.21,,,,,,,
JD상모2,2009-02-13,6.25,,,,,,,
JD상모2,2009-02-14,6.18,,,,,,,
JD상모2,2009-02-15,6.11,,,,,,,
JD상모2,2009-02-16,6.06,,,,,,,
JD상모2,2009-02-17,6.05,,,,,,,
JD상모2,2009-02-18,6.06,,,,,,,
JD상모2,2009-02-19,6.12,,,,,,,
JD상모2,2009-02-20,6.14,,,,,,,
JD상모2,2009-02-21,6.16,,,,,,,
JD상모2,2009-02-22,6.33,,,,,,,
JD상모2,2009-02-23,6.58,,,,,,,
JD상모2,2009-02-24,6.74,,,,,,,
JD상모2,2009-02-25,6.81,,,,,,,
JD상모2,2009-02-26,6.81,,,,,,,
JD상모2,2009-02-27,6.79,,,,,,,
JD상모2,2009-02-28,6.74,,,,,,,
JD상모2,2009-03-01,6.65,,,,,,,
JD상모2,2009-03-02,6.55,,,,,,,
JD상모2,2009-03-03,6.57,,,,,,,
JD상모2,2009-03-04,6.53,,,,,,,
JD상모2,2009-03-05,6.52,,,,,,,
JD상모2,2009-03-06,6.52,,,,,,,
JD상모2,2009-03-07,6.47,,,,,,,
JD상모2,2009-03-08,6.44,,,,,,,
JD상모2,2009-03-09,6.42,,,,,,,
JD상모2,2009-03-10,6.39,,,,,,,
JD상모2,2009-03-11,6.36,,,,,,,
JD상모2,2009-03-12,6.34,,,,,,,
JD상모2,2009-03-13,6.61,,,,,,,
JD상모2,2009-03-14,6.86,,,,,,,
JD상모2,2009-03-15,6.98,,,,,,,
JD상모2,2009-03-16,7.04,,,,,,,
JD상모2,2009-03-17,6.99,,,,,,,
JD상모2,2009-03-18,6.9,,,,,,,
JD상모2,2009-03-19,6.89,,,,,,,
JD상모2,2009-03-20,6.86,,,,,,,
JD상모2,2009-03-21,6.84,,,,,,,
JD상모2,2009-03-22,6.85,,,,,,,
JD상모2,2009-03-23,6.84,,,,,,,
JD상모2,2009-03-24,6.83,,,,,,,
JD상모2,2009-03-25,6.76,,,,,,,
JD상모2,2009-03-26,6.74,,,,,,,
JD상모2,2009-03-27,6.71,,,,,,,
JD상모2,2009-03-28,6.68,,,,,,,
JD상모2,2009-03-29,6.64,,,,,,,
JD상모2,2009-03-30,6.55,,,,,,,
JD상모2,2009-03-31,6.45,,,,,,,
JD상모2,2009-04-01,6.33,,,,,,,
JD상모2,2009-04-02,6.3,,,,,,,
JD상모2,2009-04-03,6.21,,,,,,,
JD상모2,2009-04-04,6.16,,,,,,,
JD상모2,2009-04-05,5.91,,,,,,,
JD상모2,2009-04-06,5.35,,,,,,,
JD상모2,2009-04-07,4.89,,,,,,,
JD상모2,2009-04-08,4.5,,,,,,,
JD상모2,2009-04-09,4.35,,,,,,,
JD상모2,2009-04-10,4.18,,,,,,,
JD상모2,2009-04-11,3.95,,,,,,,
JD상모2,2009-04-12,3.98,,,,,,,
JD상모2,2009-04-13,4.41,,,,,,,
JD상모2,2009-04-14,5.08,,,,,,,
JD상모2,2009-04-15,5.44,,,,,,,
JD상모2,2009-04-16,5.66,,,,,,,
JD상모2,2009-04-17,5.74,,,,,,,
JD상모2,2009-04-18,5.8,,,,,,,
JD상모2,2009-04-19,5.84,,,,,,,
JD상모2,2009-04-20,6.0,,,,,,,
JD상모2,2009-04-21,6.21,,,,,,,
JD상모2,2009-04-22,6.31,,,,,,,
JD상모2,2009-04-23,6.39,,,,,,,
JD상모2,2009-04-24,6.45,,,,,,,
JD상모2,2009-04-25,6.57,,,,,,,
JD상모2,2009-04-26,6.65,,,,,,,
JD상모2,2009-04-27,6.67,,,,,,,
JD상모2,2009-04-28,6.65,,,,,,,
JD상모2,2009-04-29,6.54,,,,,,,
JD상모2,2009-04-30,6.48,,,,,,,
JD상모2,2009-05-01,6.4,,,,,,,
JD상모2,2009-05-02,6.38,,,,,,,
JD상모2,2009-05-03,6.22,,,,,,,
JD상모2,2009-05-04,5.74,,,,,,,
JD상모2,2009-05-05,5.24,,,,,,,
JD상모2,2009-05-06,4.78,,,,,,,
JD상모2,2009-05-07,4.37,,,,,,,
JD상모2,2009-05-08,4.2,,,,,,,
JD상모2,2009-05-09,4.14,,,,,,,
JD상모2,2009-05-10,4.12,,,,,,,
JD상모2,2009-05-11,4.21,,,,,,,
JD상모2,2009-05-12,4.32,,,,,,,
JD상모2,2009-05-13,4.55,,,,,,,
JD상모2,2009-05-14,4.35,,,,,,,
JD상모2,2009-05-15,4.39,,,,,,,
JD상모2,2009-05-16,4.74,,,,,,,
JD상모2,2009-05-17,4.87,,,,,,,
JD상모2,2009-05-18,5.21,,,,,,,
JD상모2,2009-05-19,5.34,,,,,,,
JD상모2,2009-05-20,5.41,,,,,,,
JD상모2,2009-05-21,5.7,,,,,,,
JD상모2,2009-05-22,5.98,,,,,,,
JD상모2,2009-05-23,6.12,,,,,,,
JD상모2,2009-05-24,6.19,,,,,,,
JD상모2,2009-05-25,6.18,,,,,,,
JD상모2,2009-05-26,6.15,,,,,,,
JD상모2,2009-05-27,6.13,,,,,,,
JD상모2,2009-05-28,6.09,,,,,,,
JD상모2,2009-05-29,6.05,,,,,,,
JD상모2,2009-05-30,5.96,,,,,,,
JD상모2,2009-05-31,5.92,,,,,,,
JD상모2,2009-06-01,5.91,,,,,,,
JD상모2,2009-06-02,5.93,,,,,,,
JD상모2,2009-06-03,6.05,,,,,,,
JD상모2,2009-06-04,6.09,,,,,,,
JD상모2,2009-06-05,6.04,,,,,,,
JD상모2,2009-06-06,6.03,,,,,,,
JD상모2,2009-06-07,6.02,,,,,,,
JD상모2,2009-06-08,6.04,,,,,,,
JD상모2,2009-06-09,6.09,,,,,,,
JD상모2,2009-06-10,6.27,,,,,,,
JD상모2,2009-06-11,6.35,,,,,,,
JD상모2,2009-06-12,6.41,,,,,,,
JD상모2,2009-06-13,6.39,,,,,,,
JD상모2,2009-06-14,6.29,,,,,,,
JD상모2,2009-06-15,6.16,,,,,,,
JD상모2,2009-06-16,6.05,,,,,,,
JD상모2,2009-06-17,6.09,,,,,,,
JD상모2,2009-06-18,6.1,,,,,,,
JD상모2,2009-06-19,6.16,,,,,,,
JD상모2,2009-06-20,6.2,,,,,,,
JD상모2,2009-06-21,6.25,,,,,,,
JD상모2,2009-06-22,6.27,,,,,,,
JD상모2,2009-06-23,6.36,,,,,,,
JD상모2,2009-06-24,6.32,,,,,,,
JD상모2,2009-06-25,6.29,,,,,,,
JD상모2,2009-06-26,6.28,,,,,,,
JD상모2,2009-06-27,6.28,,,,,,,
JD상모2,2009-06-28,6.3,,,,,,,
JD상모2,2009-06-29,6.37,,,,,,,
JD상모2,2009-06-30,6.54,,,,,,,
JD상모2,2009-07-01,6.99,,,,,,,
JD상모2,2009-07-02,7.3,,,,,,,
JD상모2,2009-07-03,7.41,,,,,,,
JD상모2,2009-07-04,7.42,,,,,,,
JD상모2,2009-07-05,7.37,,,,,,,
JD상모2,2009-07-06,7.26,,,,,,,
JD상모2,2009-07-07,7.32,,,,,,,
JD상모2,2009-07-08,7.39,,,,,,,
JD상모2,2009-07-09,7.42,,,,,,,
JD상모2,2009-07-10,7.38,,,,,,,
JD상모2,2009-07-11,7.37,,,,,,,
JD상모2,2009-07-12,7.34,,,,,,,
JD상모2,2009-07-13,7.29,,,,,,,
JD상모2,2009-07-14,7.24,,,,,,,
JD상모2,2009-07-15,7.18,,,,,,,
JD상모2,2009-07-16,7.15,,,,,,,
JD상모2,2009-07-17,7.12,,,,,,,
JD상모2,2009-07-18,7.04,,,,,,,
JD상모2,2009-07-19,7.0,,,,,,,
JD상모2,2009-07-20,6.95,,,,,,,
JD상모2,2009-07-21,6.86,,,,,,,
JD상모2,2009-07-22,6.84,,,,,,,
JD상모2,2009-07-23,6.86,,,,,,,
JD상모2,2009-07-24,7.03,,,,,,,
JD상모2,2009-07-25,7.21,,,,,,,
JD상모2,2009-07-26,7.29,,,,,,,
JD상모2,2009-07-27,7.35,,,,,,,
JD상모2,2009-07-28,7.41,,,,,,,
JD상모2,2009-07-29,7.54,,,,,,,
JD상모2,2009-07-30,7.65,,,,,,,
JD상모2,2009-07-31,7.67,,,,,,,
JD상모2,2009-08-01,7.67,,,,,,,
JD상모2,2009-08-02,7.58,,,,,,,
JD상모2,2009-08-03,7.56,,,,,,,
JD상모2,2009-08-04,7.51,,,,,,,
JD상모2,2009-08-05,7.41,,,,,,,
JD상모2,2009-08-06,7.37,,,,,,,
JD상모2,2009-08-07,7.12,,,,,,,
JD상모2,2009-08-08,6.58,,,,,,,
JD상모2,2009-08-09,6.34,,,,,,,
JD상모2,2009-08-10,6.57,,,,,,,
JD상모2,2009-08-11,6.79,,,,,,,
JD상모2,2009-08-12,6.91,,,,,,,
JD상모2,2009-08-13,6.91,,,,,,,
JD상모2,2009-08-14,6.93,,,,,,,
JD상모2,2009-08-15,7.03,,,,,,,
JD상모2,2009-08-16,7.04,,,,,,,
JD상모2,2009-08-17,6.97,,,,,,,
JD상모2,2009-08-18,6.87,,,,,,,
JD상모2,2009-08-19,6.75,,,,,,,
JD상모2,2009-08-20,6.44,,,,,,,
JD상모2,2009-08-21,6.33,,,,,,,
JD상모2,2009-08-22,6.18,,,,,,,
JD상모2,2009-08-23,6.03,,,,,,,
JD상모2,2009-08-24,6.12,,,,,,,
JD상모2,2009-08-25,6.05,,,,,,,
JD상모2,2009-08-26,6.11,,,,,,,
JD상모2,2009-08-27,6.19,,,,,,,
JD상모2,2009-08-28,6.34,,,,,,,
JD상모2,2009-08-29,6.19,,,,,,,
JD상모2,2009-08-30,5.91,,,,,,,
JD상모2,2009-08-31,5.95,,,,,,,
JD상모2,2009-09-01,6.19,,,,,,,
JD상모2,2009-09-02,6.24,,,,,,,
JD상모2,2009-09-03,6.25,,,,,,,
JD상모2,2009-09-04,6.0,,,,,,,
JD상모2,2009-09-05,5.6,,,,,,,
JD상모2,2009-09-06,5.15,,,,,,,
JD상모2,2009-09-07,4.72,,,,,,,
JD상모2,2009-09-08,4.58,,,,,,,
JD상모2,2009-09-09,4.3,,,,,,,
JD상모2,2009-09-10,3.98,,,,,,,
JD상모2,2009-09-11,3.73,,,,,,,
JD상모2,2009-09-12,3.83,,,,,,,
JD상모2,2009-09-13,4.52,,,,,,,
JD상모2,2009-09-14,4.44,,,,,,,
JD상모2,2009-09-15,4.03,,,,,,,
JD상모2,2009-09-16,3.66,,,,,,,
JD상모2,2009-09-17,3.33,,,,,,,
JD상모2,2009-09-18,3.09,,,,,,,
JD상모2,2009-09-19,2.78,,,,,,,
JD상모2,2009-09-20,2.39,,,,,,,
JD상모2,2009-09-21,2.47,,,,,,,
JD상모2,2009-09-22,2.45,,,,,,,
JD상모2,2009-09-23,2.33,,,,,,,
JD상모2,2009-09-24,2.29,,,,,,,
JD상모2,2009-09-25,2.37,,,,,,,
JD상모2,2009-09-26,3.47,,,,,,,
JD상모2,2009-09-27,4.38,,,,,,,
JD상모2,2009-09-28,4.78,,,,,,,
JD상모2,2009-09-29,5.0,,,,,,,
JD상모2,2009-09-30,5.15,,,,,,,
JD상모2,2009-10-01,5.3,,,,,,,
JD상모2,2009-10-02,5.58,,,,,,,
JD상모2,2009-10-03,5.86,,,,,,,
JD상모2,2009-10-04,5.78,,,,,,,
JD상모2,2009-10-05,5.36,,,,,,,
JD상모2,2009-10-06,4.89,,,,,,,
JD상모2,2009-10-07,4.39,,,,,,,
JD상모2,2009-10-08,3.89,,,,,,,
JD상모2,2009-10-09,3.58,,,,,,,
JD상모2,2009-10-10,3.24,,,,,,,
JD상모2,2009-10-11,3.15,,,,,,,
JD상모2,2009-10-12,3.11,,,,,,,
JD상모2,2009-10-13,3.18,,,,,,,
JD상모2,2009-10-14,3.17,,,,,,,
JD상모2,2009-10-15,3.27,,,,,,,
JD상모2,2009-10-16,3.4,,,,,,,
JD상모2,2009-10-17,3.46,,,,,,,
JD상모2,2009-10-18,3.28,,,,,,,
JD상모2,2009-10-19,3.16,,,,,,,
JD상모2,2009-10-20,2.96,,,,,,,
JD상모2,2009-10-21,2.67,,,,,,,
JD상모2,2009-10-22,2.49,,,,,,,
JD상모2,2009-10-23,2.45,,,,,,,
JD상모2,2009-10-24,2.42,,,,,,,
JD상모2,2009-10-25,2.29,,,,,,,
JD상모2,2009-10-26,2.32,,,,,,,
JD상모2,2009-10-27,2.41,,,,,,,
JD상모2,2009-10-28,2.43,,,,,,,
JD상모2,2009-10-29,2.66,,,,,,,
JD상모2,2009-10-30,3.16,,,,,,,
JD상모2,2009-10-31,3.35,,,,,,,
JD상모2,2009-11-01,3.34,,,,,,,
JD상모2,2009-11-02,3.33,,,,,,,
JD상모2,2009-11-03,3.56,,,,,,,
JD상모2,2009-11-04,3.24,,,,,,,
JD상모2,2009-11-05,3.11,,,,,,,
JD상모2,2009-11-06,3.04,,,,,,,
JD상모2,2009-11-07,3.35,,,,,,,
JD상모2,2009-11-08,3.86,,,,,,,
JD상모2,2009-11-09,4.57,,,,,,,
JD상모2,2009-11-10,5.01,,,,,,,
JD상모2,2009-11-11,5.26,,,,,,,
JD상모2,2009-11-12,5.42,,,,,,,
JD상모2,2009-11-13,5.58,,,,,,,
JD상모2,2009-11-14,5.61,,,,,,,
JD상모2,2009-11-15,5.64,,,,,,,
JD상모2,2009-11-16,5.67,,,,,,,
JD상모2,2009-11-17,5.7,,,,,,,
JD상모2,2009-11-18,5.71,,,,,,,
JD상모2,2009-11-19,5.72,,,,,,,
JD상모2,2009-11-20,5.74,,,,,,,
JD상모2,2009-11-21,5.75,,,,,,,
JD상모2,2009-11-22,5.78,,,,,,,
JD상모2,2009-11-23,5.76,,,,,,,
JD상모2,2009-11-24,5.79,,,,,,,
JD상모2,2009-11-25,5.82,,,,,,,
JD상모2,2009-11-26,5.81,,,,,,,
JD상모2,2009-11-27,5.83,,,,,,,
JD상모2,2009-11-28,5.82,,,,,,,
JD상모2,2009-11-29,5.81,,,,,,,
JD상모2,2009-11-30,5.78,,,,,,,
JD상모2,2009-12-01,5.72,,,,,,,
JD상모2,2009-12-02,5.73,,,,,,,
JD상모2,2009-12-03,5.74,,,,,,,
JD상모2,2009-12-04,5.77,,,,,,,
JD상모2,2009-12-05,5.78,,,,,,,
JD상모2,2009-12-06,5.83,,,,,,,
JD상모2,2009-12-07,5.86,,,,,,,
JD상모2,2009-12-08,5.88,,,,,,,
JD상모2,2009-12-09,5.91,,,,,,,
JD상모2,2009-12-10,5.93,,,,,,,
JD상모2,2009-12-11,5.9,,,,,,,
JD상모2,2009-12-12,5.87,,,,,,,
JD상모2,2009-12-13,5.89,,,,,,,
JD상모2,2009-12-14,5.84,,,,,,,
JD상모2,2009-12-15,5.82,,,,,,,
JD상모2,2009-12-16,5.85,,,,,,,
JD상모2,2009-12-17,5.89,,,,,,,
JD상모2,2009-12-18,5.9,,,,,,,
JD상모2,2009-12-19,5.91,,,,,,,
JD상모2,2009-12-20,5.92,,,,,,,
JD상모2,2009-12-21,5.88,,,,,,,
JD상모2,2009-12-22,5.85,,,,,,,
JD상모2,2009-12-23,5.85,,,,,,,
JD상모2,2009-12-24,5.82,,,,,,,
JD상모2,2009-12-25,5.69,,,,,,,
JD상모2,2009-12-26,5.71,,,,,,,
JD상모2,2009-12-27,5.75,,,,,,,
JD상모2,2009-12-28,5.73,,,,,,,
JD상모2,2009-12-29,5.66,,,,,,,
JD상모2,2009-12-30,5.46,,,,,,,
JD상모2,2009-12-31,5.48,,,,,,,
JD상모2,2010-01-01,5.6,,,,,,,
JD상모2,2010-01-02,5.37,,,,,,,
JD상모2,2010-01-03,5.35,,,,,,,
JD상모2,2010-01-04,5.44,,,,,,,
JD상모2,2010-01-05,5.5,,,,,,,
JD상모2,2010-01-06,5.52,,,,,,,
JD상모2,2010-01-07,5.46,,,,,,,
JD상모2,2010-01-08,5.52,,,,,,,
JD상모2,2010-01-09,5.37,,,,,,,
JD상모2,2010-01-10,5.07,,,,,,,
JD상모2,2010-01-11,4.92,,,,,,,
JD상모2,2010-01-12,4.95,,,,,,,
JD상모2,2010-01-13,5.2,,,,,,,
JD상모2,2010-01-14,5.41,,,,,,,
JD상모2,2010-01-15,5.5,,,,,,,
JD상모2,2010-01-16,5.55,,,,,,,
JD상모2,2010-01-17,5.48,,,,,,,
JD상모2,2010-01-18,5.39,,,,,,,
JD상모2,2010-01-19,5.3,,,,,,,
JD상모2,2010-01-20,5.34,,,,,,,
JD상모2,2010-01-21,5.46,,,,,,,
JD상모2,2010-01-22,5.5,,,,,,,
JD상모2,2010-01-23,5.55,,,,,,,
JD상모2,2010-01-24,5.57,,,,,,,
JD상모2,2010-01-25,5.58,,,,,,,
JD상모2,2010-01-26,5.58,,,,,,,
JD상모2,2010-01-27,5.66,,,,,,,
JD상모2,2010-01-28,5.69,,,,,,,
JD상모2,2010-01-29,5.68,,,,,,,
JD상모2,2010-01-30,5.71,,,,,,,
JD상모2,2010-01-31,5.77,,,,,,,
JD상모2,2010-02-01,5.79,,,,,,,
JD상모2,2010-02-02,5.8,,,,,,,
JD상모2,2010-02-03,5.8,,,,,,,
JD상모2,2010-02-04,5.81,,,,,,,
JD상모2,2010-02-05,5.79,,,,,,,
JD상모2,2010-02-06,5.76,,,,,,,
JD상모2,2010-02-07,5.77,,,,,,,
JD상모2,2010-02-08,5.79,,,,,,,
JD상모2,2010-02-09,5.85,,,,,,,
JD상모2,2010-02-10,5.82,,,,,,,
JD상모2,2010-02-11,5.86,,,,,,,
JD상모2,2010-02-12,5.83,,,,,,,
JD상모2,2010-02-13,5.81,,,,,,,
JD상모2,2010-02-14,5.85,,,,,,,
JD상모2,2010-02-15,5.88,,,,,,,
JD상모2,2010-02-16,5.87,,,,,,,
JD상모2,2010-02-17,5.8,,,,,,,
JD상모2,2010-02-18,5.81,,,,,,,
JD상모2,2010-02-19,5.91,,,,,,,
JD상모2,2010-02-20,6.05,,,,,,,
JD상모2,2010-02-21,6.1,,,,,,,
JD상모2,2010-02-22,6.11,,,,,,,
JD상모2,2010-02-23,6.09,,,,,,,
JD상모2,2010-02-24,6.11,,,,,,,
JD상모2,2010-02-25,6.13,,,,,,,
JD상모2,2010-02-26,6.18,,,,,,,
JD상모2,2010-02-27,6.17,,,,,,,
JD상모2,2010-02-28,6.12,,,,,,,
JD상모2,2010-03-01,6.21,,,,,,,
JD상모2,2010-03-02,6.29,,,,,,,
JD상모2,2010-03-03,6.31,,,,,,,
JD상모2,2010-03-04,6.39,,,,,,,
JD상모2,2010-03-05,6.4,,,,,,,
JD상모2,2010-03-06,6.45,,,,,,,
JD상모2,2010-03-07,6.43,,,,,,,
JD상모2,2010-03-08,6.35,,,,,,,
JD상모2,2010-03-09,6.43,,,,,,,
JD상모2,2010-03-10,6.5,,,,,,,
JD상모2,2010-03-11,6.51,,,,,,,
JD상모2,2010-03-12,6.51,,,,,,,
JD상모2,2010-03-13,6.41,,,,,,,
JD상모2,2010-03-14,6.48,,,,,,,
JD상모2,2010-03-15,6.62,,,,,,,
JD상모2,2010-03-16,6.7,,,,,,,
JD상모2,2010-03-17,6.71,,,,,,,
JD상모2,2010-03-18,6.77,,,,,,,
JD상모2,2010-03-19,6.76,,,,,,,
JD상모2,2010-03-20,6.82,,,,,,,
JD상모2,2010-03-21,6.66,,,,,,,
JD상모2,2010-03-22,6.65,,,,,,,
JD상모2,2010-03-23,6.73,,,,,,,
JD상모2,2010-03-24,6.79,,,,,,,
JD상모2,2010-03-25,6.84,,,,,,,
JD상모2,2010-03-26,6.77,,,,,,,
JD상모2,2010-03-27,6.72,,,,,,,
JD상모2,2010-03-28,6.69,,,,,,,
JD상모2,2010-03-29,6.69,,,,,,,
JD상모2,2010-03-30,6.69,,,,,,,
JD상모2,2010-03-31,6.7,,,,,,,
JD상모2,2010-04-01,6.91,,,,,,,
JD상모2,2010-04-02,7.17,,,,,,,
JD상모2,2010-04-03,7.26,,,,,,,
JD상모2,2010-04-04,7.3,,,,,,,
JD상모2,2010-04-05,7.28,,,,,,,
JD상모2,2010-04-06,7.26,,,,,,,
JD상모2,2010-04-07,7.18,,,,,,,
JD상모2,2010-04-08,7.07,,,,,,,
JD상모2,2010-04-09,7.06,,,,,,,
JD상모2,2010-04-10,7.01,,,,,,,
JD상모2,2010-04-11,6.96,,,,,,,
JD상모2,2010-04-12,6.99,,,,,,,
JD상모2,2010-04-13,6.92,,,,,,,
JD상모2,2010-04-14,6.85,,,,,,,
JD상모2,2010-04-15,6.79,,,,,,,
JD상모2,2010-04-16,6.74,,,,,,,
JD상모2,2010-04-17,6.68,,,,,,,
JD상모2,2010-04-18,6.62,,,,,,,
JD상모2,2010-04-19,6.67,,,,,,,
JD상모2,2010-04-20,6.86,,,,,,,
JD상모2,2010-04-21,6.99,,,,,,,
JD상모2,2010-04-22,7.11,,,,,,,
JD상모2,2010-04-23,7.12,,,,,,,
JD상모2,2010-04-24,7.05,,,,,,,
JD상모2,2010-04-25,7.02,,,,,,,
JD상모2,2010-04-26,6.98,,,,,,,
JD상모2,2010-04-27,6.99,,,,,,,
JD상모2,2010-04-28,6.99,,,,,,,
JD상모2,2010-04-29,6.94,,,,,,,
JD상모2,2010-04-30,6.91,,,,,,,
JD상모2,2010-05-01,6.83,,,,,,,
JD상모2,2010-05-02,6.79,,,,,,,
JD상모2,2010-05-03,6.74,,,,,,,
JD상모2,2010-05-04,6.69,,,,,,,
JD상모2,2010-05-05,6.72,,,,,,,
JD상모2,2010-05-06,6.68,,,,,,,
JD상모2,2010-05-07,6.57,,,,,,,
JD상모2,2010-05-08,6.49,,,,,,,
JD상모2,2010-05-09,6.53,,,,,,,
JD상모2,2010-05-10,6.53,,,,,,,
JD상모2,2010-05-11,6.36,,,,,,,
JD상모2,2010-05-12,6.13,,,,,,,
JD상모2,2010-05-13,6.04,,,,,,,
JD상모2,2010-05-14,5.92,,,,,,,
JD상모2,2010-05-15,5.65,,,,,,,
JD상모2,2010-05-16,5.44,,,,,,,
JD상모2,2010-05-17,5.34,,,,,,,
JD상모2,2010-05-18,5.81,,,,,,,
JD상모2,2010-05-19,6.11,,,,,,,
JD상모2,2010-05-20,6.2,,,,,,,
JD상모2,2010-05-21,6.22,,,,,,,
JD상모2,2010-05-22,6.3,,,,,,,
JD상모2,2010-05-23,6.39,,,,,,,
JD상모2,2010-05-24,6.4,,,,,,,
JD상모2,2010-05-25,6.45,,,,,,,
JD상모2,2010-05-26,6.43,,,,,,,
JD상모2,2010-05-27,6.2,,,,,,,
JD상모2,2010-05-28,6.19,,,,,,,
JD상모2,2010-05-29,6.2,,,,,,,
JD상모2,2010-05-30,6.26,,,,,,,
JD상모2,2010-05-31,6.28,,,,,,,
JD상모2,2010-06-01,6.17,,,,,,,
JD상모2,2010-06-02,6.15,,,,,,,
JD상모2,2010-06-03,6.05,,,,,,,
JD상모2,2010-06-04,5.97,,,,,,,
JD상모2,2010-06-05,5.91,,,,,,,
JD상모2,2010-06-06,5.94,,,,,,,
JD상모2,2010-06-07,5.91,,,,,,,
JD상모2,2010-06-08,6.01,,,,,,,
JD상모2,2010-06-09,6.02,,,,,,,
JD상모2,2010-06-10,6.11,,,,,,,
JD상모2,2010-06-11,6.24,,,,,,,
JD상모2,2010-06-12,6.37,,,,,,,
JD상모2,2010-06-13,6.43,,,,,,,
JD상모2,2010-06-14,6.44,,,,,,,
JD상모2,2010-06-15,6.5,,,,,,,
JD상모2,2010-06-16,6.53,,,,,,,
JD상모2,2010-06-17,6.56,,,,,,,
JD상모2,2010-06-18,6.57,,,,,,,
JD상모2,2010-06-19,6.53,,,,,,,
JD상모2,2010-06-20,6.49,,,,,,,
JD상모2,2010-06-21,6.47,,,,,,,
JD상모2,2010-06-22,6.35,,,,,,,
JD상모2,2010-06-23,6.36,,,,,,,
JD상모2,2010-06-24,6.29,,,,,,,
JD상모2,2010-06-25,6.33,,,,,,,
JD상모2,2010-06-26,6.4,,,,,,,
JD상모2,2010-06-27,6.65,,,,,,,
JD상모2,2010-06-28,7.04,,,,,,,
JD상모2,2010-06-29,7.46,,,,,,,
JD상모2,2010-06-30,7.85,,,,,,,
JD상모2,2010-07-01,8.08,,,,,,,
JD상모2,2010-07-02,8.17,,,,,,,
JD상모2,2010-07-03,8.16,,,,,,,
JD상모2,2010-07-04,8.12,,,,,,,
JD상모2,2010-07-05,8.01,,,,,,,
JD상모2,2010-07-06,7.98,,,,,,,
JD상모2,2010-07-07,7.9,,,,,,,
JD상모2,2010-07-08,7.77,,,,,,,
JD상모2,2010-07-09,7.73,,,,,,,
JD상모2,2010-07-10,7.69,,,,,,,
JD상모2,2010-07-11,7.72,,,,,,,
JD상모2,2010-07-12,7.64,,,,,,,
JD상모2,2010-07-13,7.73,,,,,,,
JD상모2,2010-07-14,8.13,,,,,,,
JD상모2,2010-07-15,8.44,,,,,,,
JD상모2,2010-07-16,8.55,,,,,,,
JD상모2,2010-07-17,8.57,,,,,,,
JD상모2,2010-07-18,8.59,,,,,,,
JD상모2,2010-07-19,8.53,,,,,,,
JD상모2,2010-07-20,8.48,,,,,,,
JD상모2,2010-07-21,8.45,,,,,,,
JD상모2,2010-07-22,8.36,,,,,,,
JD상모2,2010-07-23,8.2,,,,,,,
JD상모2,2010-07-24,8.07,,,,,,,
JD상모2,2010-07-25,8.1,,,,,,,
JD상모2,2010-07-26,8.17,,,,,,,
JD상모2,2010-07-27,8.2,,,,,,,
JD상모2,2010-07-28,8.29,,,,,,,
JD상모2,2010-07-29,8.32,,,,,,,
JD상모2,2010-07-30,8.4,,,,,,,
JD상모2,2010-07-31,8.35,,,,,,,
JD상모2,2010-08-01,8.33,,,,,,,
JD상모2,2010-08-02,8.28,,,,,,,
JD상모2,2010-08-03,8.05,,,,,,,
JD상모2,2010-08-04,7.63,,,,,,,
JD상모2,2010-08-05,7.48,,,,,,,
JD상모2,2010-08-06,7.53,,,,,,,
JD상모2,2010-08-07,7.49,,,,,,,
JD상모2,2010-08-08,7.43,,,,,,,
JD상모2,2010-08-09,7.34,,,,,,,
JD상모2,2010-08-10,7.45,,,,,,,
JD상모2,2010-08-11,7.68,,,,,,,
JD상모2,2010-08-12,7.91,,,,,,,
JD상모2,2010-08-13,8.06,,,,,,,
JD상모2,2010-08-14,8.08,,,,,,,
JD상모2,2010-08-15,8.08,,,,,,,
JD상모2,2010-08-16,8.03,,,,,,,
JD상모2,2010-08-17,7.99,,,,,,,
JD상모2,2010-08-18,7.87,,,,,,,
JD상모2,2010-08-19,7.69,,,,,,,
JD상모2,2010-08-20,7.54,,,,,,,
JD상모2,2010-08-21,7.26,,,,,,,
JD상모2,2010-08-22,7.05,,,,,,,
JD상모2,2010-08-23,6.99,,,,,,,
JD상모2,2010-08-24,6.96,,,,,,,
JD상모2,2010-08-25,6.96,,,,,,,
JD상모2,2010-08-26,7.2,,,,,,,
JD상모2,2010-08-27,7.47,,,,,,,
JD상모2,2010-08-28,7.96,,,,,,,
JD상모2,2010-08-29,8.41,,,,,,,
JD상모2,2010-08-30,8.74,,,,,,,
JD상모2,2010-08-31,9.02,,,,,,,
JD상모2,2010-09-01,9.19,,,,,,,
JD상모2,2010-09-02,9.34,,,,,,,
JD상모2,2010-09-03,9.47,,,,,,,
JD상모2,2010-09-04,9.56,,,,,,,
JD상모2,2010-09-05,9.58,,,,,,,
JD상모2,2010-09-06,9.61,,,,,,,
JD상모2,2010-09-07,9.55,,,,,,,
JD상모2,2010-09-08,9.41,,,,,,,
JD상모2,2010-09-09,9.31,,,,,,,
JD상모2,2010-09-10,9.19,,,,,,,
JD상모2,2010-09-11,9.08,,,,,,,
JD상모2,2010-09-12,9.08,,,,,,,
JD상모2,2010-09-13,9.11,,,,,,,
JD상모2,2010-09-14,8.95,,,,,,,
JD상모2,2010-09-15,8.87,,,,,,,
JD상모2,2010-09-16,8.79,,,,,,,
JD상모2,2010-09-17,8.48,,,,,,,
JD상모2,2010-09-18,8.16,,,,,,,
JD상모2,2010-09-19,7.58,,,,,,,
JD상모2,2010-09-20,7.28,,,,,,,
JD상모2,2010-09-21,7.06,,,,,,,
JD상모2,2010-09-22,7.17,,,,,,,
JD상모2,2010-09-23,6.93,,,,,,,
JD상모2,2010-09-24,6.49,,,,,,,
JD상모2,2010-09-25,6.09,,,,,,,
JD상모2,2010-09-26,5.88,,,,,,,
JD상모2,2010-09-27,6.21,,,,,,,
JD상모2,2010-09-28,6.28,,,,,,,
JD상모2,2010-09-29,6.0,,,,,,,
JD상모2,2010-09-30,6.21,,,,,,,
JD상모2,2010-10-01,6.3,,,,,,,
JD상모2,2010-10-02,6.4,,,,,,,
JD상모2,2010-10-03,6.81,,,,,,,
JD상모2,2010-10-04,6.65,,,,,,,
JD상모2,2010-10-05,6.39,,,,,,,
JD상모2,2010-10-06,6.14,,,,,,,
JD상모2,2010-10-07,5.97,,,,,,,
JD상모2,2010-10-08,6.05,,,,,,,
JD상모2,2010-10-09,6.42,,,,,,,
JD상모2,2010-10-10,6.39,,,,,,,
JD상모2,2010-10-11,5.98,,,,,,,
JD상모2,2010-10-12,5.76,,,,,,,
JD상모2,2010-10-13,5.77,,,,,,,
JD상모2,2010-10-14,5.76,,,,,,,
JD상모2,2010-10-15,5.74,,,,,,,
JD상모2,2010-10-16,5.62,,,,,,,
JD상모2,2010-10-17,5.64,,,,,,,
JD상모2,2010-10-18,5.42,,,,,,,
JD상모2,2010-10-19,5.42,,,,,,,
JD상모2,2010-10-20,5.38,,,,,,,
JD상모2,2010-10-21,5.52,,,,,,,
JD상모2,2010-10-22,5.63,,,,,,,
JD상모2,2010-10-23,5.87,,,,,,,
JD상모2,2010-10-24,6.48,,,,,,,
JD상모2,2010-10-25,7.02,,,,,,,
JD상모2,2010-10-26,7.09,,,,,,,
JD상모2,2010-10-27,7.04,,,,,,,
JD상모2,2010-10-28,7.11,,,,,,,
JD상모2,2010-10-29,7.01,,,,,,,
JD상모2,2010-10-30,6.88,,,,,,,
JD상모2,2010-10-31,6.79,,,,,,,
JD상모2,2010-11-01,6.74,,,,,,,
JD상모2,2010-11-02,6.42,,,,,,,
JD상모2,2010-11-03,6.24,,,,,,,
JD상모2,2010-11-04,6.11,,,,,,,
JD상모2,2010-11-05,6.06,,,,,,,
JD상모2,2010-11-06,6.07,,,,,,,
JD상모2,2010-11-07,6.17,,,,,,,
JD상모2,2010-11-08,6.21,,,,,,,
JD상모2,2010-11-09,6.18,,,,,,,
JD상모2,2010-11-10,6.2,,,,,,,
JD상모2,2010-11-11,6.29,,,,,,,
JD상모2,2010-11-12,6.43,,,,,,,
JD상모2,2010-11-13,6.54,,,,,,,
JD상모2,2010-11-14,6.56,,,,,,,
JD상모2,2010-11-15,6.62,,,,,,,
JD상모2,2010-11-16,6.49,,,,,,,
JD상모2,2010-11-17,6.19,,,,,,,
JD상모2,2010-11-18,6.21,,,,,,,
JD상모2,2010-11-19,6.29,,,,,,,
JD상모2,2010-11-20,6.06,,,,,,,
JD상모2,2010-11-21,6.11,,,,,,,
JD상모2,2010-11-22,6.09,,,,,,,
JD상모2,2010-11-23,6.12,,,,,,,
JD상모2,2010-11-24,5.9,,,,,,,
JD상모2,2010-11-25,5.88,,,,,,,
JD상모2,2010-11-26,5.83,,,,,,,
JD상모2,2010-11-27,6.03,,,,,,,
JD상모2,2010-11-28,6.19,,,,,,,
JD상모2,2010-11-29,6.12,,,,,,,
JD상모2,2010-11-30,6.29,,,,,,,
JD상모2,2010-12-01,6.4,,,,,,,
JD상모2,2010-12-02,6.47,,,,,,,
JD상모2,2010-12-03,6.71,,,,,,,
JD상모2,2010-12-04,6.98,,,,,,,
JD상모2,2010-12-05,7.06,,,,,,,
JD상모2,2010-12-06,7.16,,,,,,,
JD상모2,2010-12-07,7.18,,,,,,,
JD상모2,2010-12-08,7.23,,,,,,,
JD상모2,2010-12-09,7.15,,,,,,,
JD상모2,2010-12-10,7.06,,,,,,,
JD상모2,2010-12-11,6.86,,,,,,,
JD상모2,2010-12-12,7.05,,,,,,,
JD상모2,2010-12-13,7.33,,,,,,,
JD상모2,2010-12-14,7.45,,,,,,,
JD상모2,2010-12-15,7.57,,,,,,,
JD상모2,2010-12-16,7.65,,,,,,,
JD상모2,2010-12-17,7.7,,,,,,,
JD상모2,2010-12-18,7.68,,,,,,,
JD상모2,2010-12-19,7.68,,,,,,,
JD상모2,2010-12-20,7.71,,,,,,,
JD상모2,2010-12-21,7.71,,,,,,,
JD상모2,2010-12-22,7.61,,,,,,,
JD상모2,2010-12-23,7.64,,,,,,,
JD상모2,2010-12-24,7.64,,,,,,,
JD상모2,2010-12-25,7.76,,,,,,,
JD상모2,2010-12-26,7.84,,,,,,,
JD상모2,2010-12-27,7.85,,,,,,,
JD상모2,2010-12-28,7.87,,,,,,,
JD상모2,2010-12-29,7.83,,,,,,,
JD상모2,2010-12-30,7.83,,,,,,,
JD상모2,2010-12-31,7.86,,,,,,,
JD상모2,2011-01-01,7.87,,,,,,,
JD상모2,2011-01-02,7.86,,,,,,,
JD상모2,2011-01-03,7.88,,,,,,,
JD상모2,2011-01-04,7.91,,,,,,,
JD상모2,2011-01-05,7.9,,,,,,,
JD상모2,2011-01-06,7.9,,,,,,,
JD상모2,2011-01-07,7.89,,,,,,,
JD상모2,2011-01-08,7.87,,,,,,,
JD상모2,2011-01-09,7.89,,,,,,,
JD상모2,2011-01-10,7.84,,,,,,,
JD상모2,2011-01-11,7.9,,,,,,,
JD상모2,2011-01-12,7.9,,,,,,,
JD상모2,2011-01-13,7.9,,,,,,,
JD상모2,2011-01-14,7.85,,,,,,,
JD상모2,2011-01-15,7.84,,,,,,,
JD상모2,2011-01-16,7.84,,,,,,,
JD상모2,2011-01-17,7.85,,,,,,,
JD상모2,2011-01-18,7.92,,,,,,,
JD상모2,2011-01-19,7.85,,,,,,,
JD상모2,2011-01-20,7.83,,,,,,,
JD상모2,2011-01-21,7.9,,,,,,,
JD상모2,2011-01-22,7.84,,,,,,,
JD상모2,2011-01-23,7.88,,,,,,,
JD상모2,2011-01-24,7.92,,,,,,,
JD상모2,2011-01-25,7.92,,,,,,,
JD상모2,2011-01-26,7.81,,,,,,,
JD상모2,2011-01-27,7.6,,,,,,,
JD상모2,2011-01-28,7.67,,,,,,,
JD상모2,2011-01-29,7.76,,,,,,,
JD상모2,2011-01-30,7.81,,,,,,,
JD상모2,2011-01-31,7.83,,,,,,,
JD상모2,2011-02-01,7.7,,,,,,,
JD상모2,2011-02-02,7.34,,,,,,,
JD상모2,2011-02-03,7.24,,,,,,,
JD상모2,2011-02-04,7.41,,,,,,,
JD상모2,2011-02-05,7.32,,,,,,,
JD상모2,2011-02-06,7.06,,,,,,,
JD상모2,2011-02-07,6.79,,,,,,,
JD상모2,2011-02-08,6.69,,,,,,,
JD상모2,2011-02-09,6.88,,,,,,,
JD상모2,2011-02-10,6.94,,,,,,,
JD상모2,2011-02-11,7.09,,,,,,,
JD상모2,2011-02-12,7.22,,,,,,,
JD상모2,2011-02-13,7.29,,,,,,,
JD상모2,2011-02-14,7.33,,,,,,,
JD상모2,2011-02-15,7.34,,,,,,,
JD상모2,2011-02-16,7.4,,,,,,,
JD상모2,2011-02-17,7.42,,,,,,,
JD상모2,2011-02-18,7.45,,,,,,,
JD상모2,2011-02-19,7.47,,,,,,,
JD상모2,2011-02-20,7.46,,,,,,,
JD상모2,2011-02-21,7.38,,,,,,,
JD상모2,2011-02-22,7.41,,,,,,,
JD상모2,2011-02-23,7.41,,,,,,,
JD상모2,2011-02-24,7.34,,,,,,,
JD상모2,2011-02-25,7.36,,,,,,,
JD상모2,2011-02-26,7.37,,,,,,,
JD상모2,2011-02-27,7.41,,,,,,,
JD상모2,2011-02-28,7.36,,,,,,,
JD상모2,2011-03-01,7.38,,,,,,,
JD상모2,2011-03-02,7.34,,,,,,,
JD상모2,2011-03-03,7.33,,,,,,,
JD상모2,2011-03-04,7.29,,,,,,,
JD상모2,2011-03-05,7.29,,,,,,,
JD상모2,2011-03-06,7.35,,,,,,,
JD상모2,2011-03-07,7.31,,,,,,,
JD상모2,2011-03-08,7.17,,,,,,,
JD상모2,2011-03-09,7.04,,,,,,,
JD상모2,2011-03-10,7.0,,,,,,,
JD상모2,2011-03-11,7.05,,,,,,,
JD상모2,2011-03-12,7.07,,,,,,,
JD상모2,2011-03-13,7.0,,,,,,,
JD상모2,2011-03-14,6.64,,,,,,,
JD상모2,2011-03-15,6.29,,,,,,,
JD상모2,2011-03-16,6.16,,,,,,,
JD상모2,2011-03-17,6.2,,,,,,,
JD상모2,2011-03-18,6.03,,,,,,,
JD상모2,2011-03-19,6.38,,,,,,,
JD상모2,2011-03-20,6.77,,,,,,,
JD상모2,2011-03-21,6.93,,,,,,,
JD상모2,2011-03-22,7.01,,,,,,,
JD상모2,2011-03-23,6.99,,,,,,,
JD상모2,2011-03-24,7.01,,,,,,,
JD상모2,2011-03-25,6.98,,,,,,,
JD상모2,2011-03-26,6.92,,,,,,,
JD상모2,2011-03-27,6.87,,,,,,,
JD상모2,2011-03-28,6.82,,,,,,,
JD상모2,2011-03-29,6.83,,,,,,,
JD상모2,2011-03-30,6.81,,,,,,,
JD상모2,2011-03-31,6.67,,,,,,,
JD상모2,2011-04-01,6.52,,,,,,,
JD상모2,2011-04-02,6.07,,,,,,,
JD상모2,2011-04-03,6.07,,,,,,,
JD상모2,2011-04-04,6.48,,,,,,,
JD상모2,2011-04-05,6.64,,,,,,,
JD상모2,2011-04-06,6.72,,,,,,,
JD상모2,2011-04-07,6.79,,,,,,,
JD상모2,2011-04-08,6.89,,,,,,,
JD상모2,2011-04-09,6.92,,,,,,,
JD상모2,2011-04-10,6.94,,,,,,,
JD상모2,2011-04-11,6.95,,,,,,,
JD상모2,2011-04-12,6.87,,,,,,,
JD상모2,2011-04-13,6.84,,,,,,,
JD상모2,2011-04-14,6.79,,,,,,,
JD상모2,2011-04-15,6.83,,,,,,,
JD상모2,2011-04-16,6.87,,,,,,,
JD상모2,2011-04-17,6.89,,,,,,,
JD상모2,2011-04-18,6.83,,,,,,,
JD상모2,2011-04-19,6.82,,,,,,,
JD상모2,2011-04-20,6.81,,,,,,,
JD상모2,2011-04-21,6.83,,,,,,,
JD상모2,2011-04-22,6.92,,,,,,,
JD상모2,2011-04-23,6.98,,,,,,,
JD상모2,2011-04-24,6.97,,,,,,,
JD상모2,2011-04-25,6.96,,,,,,,
JD상모2,2011-04-26,6.93,,,,,,,
JD상모2,2011-04-27,6.92,,,,,,,
JD상모2,2011-04-28,6.88,,,,,,,
JD상모2,2011-04-29,6.84,,,,,,,
JD상모2,2011-04-30,6.92,,,,,,,
JD상모2,2011-05-01,6.88,,,,,,,
JD상모2,2011-05-02,6.84,,,,,,,
JD상모2,2011-05-03,6.91,,,,,,,
JD상모2,2011-05-04,6.84,,,,,,,
JD상모2,2011-05-05,6.83,,,,,,,
JD상모2,2011-05-06,6.89,,,,,,,
JD상모2,2011-05-07,6.93,,,,,,,
JD상모2,2011-05-08,6.9,,,,,,,
JD상모2,2011-05-09,6.91,,,,,,,
JD상모2,2011-05-10,6.93,,,,,,,
JD상모2,2011-05-11,6.95,,,,,,,
JD상모2,2011-05-12,6.95,,,,,,,
JD상모2,2011-05-13,6.92,,,,,,,
JD상모2,2011-05-14,6.91,,,,,,,
JD상모2,2011-05-15,6.91,,,,,,,
JD상모2,2011-05-16,6.88,,,,,,,
JD상모2,2011-05-17,6.74,,,,,,,
JD상모2,2011-05-18,6.55,,,,,,,
JD상모2,2011-05-19,6.4,,,,,,,
JD상모2,2011-05-20,6.3,,,,,,,
JD상모2,2011-05-21,6.14,,,,,,,
JD상모2,2011-05-22,5.93,,,,,,,
JD상모2,2011-05-23,5.97,,,,,,,
JD상모2,2011-05-24,6.35,,,,,,,
JD상모2,2011-05-25,6.47,,,,,,,
JD상모2,2011-05-26,6.51,,,,,,,
JD상모2,2011-05-27,6.45,,,,,,,
JD상모2,2011-05-28,6.5,,,,,,,
JD상모2,2011-05-29,6.46,,,,,,,
JD상모2,2011-05-30,6.41,,,,,,,
JD상모2,2011-05-31,6.48,,,,,,,
JD상모2,2011-06-01,6.5,,,,,,,
JD상모2,2011-06-02,6.51,,,,,,,
JD상모2,2011-06-03,6.49,,,,,,,
JD상모2,2011-06-04,6.53,,,,,,,
JD상모2,2011-06-05,6.52,,,,,,,
JD상모2,2011-06-06,6.53,,,,,,,
JD상모2,2011-06-07,6.58,,,,,,,
JD상모2,2011-06-08,6.54,,,,,,,
JD상모2,2011-06-09,6.54,,,,,,,
JD상모2,2011-06-10,6.61,,,,,,,
JD상모2,2011-06-11,6.88,,,,,,,
JD상모2,2011-06-12,7.19,,,,,,,
JD상모2,2011-06-13,7.32,,,,,,,
JD상모2,2011-06-14,7.37,,,,,,,
JD상모2,2011-06-15,7.39,,,,,,,
JD상모2,2011-06-16,7.41,,,,,,,
JD상모2,2011-06-27,8.48,,,,,,,
JD상모2,2011-06-28,8.51,,,,,,,
JD상모2,2011-06-29,8.51,,,,,,,
JD상모2,2011-06-30,8.52,,,,,,,
JD상모2,2011-07-01,8.57,,,,,,,
JD상모2,2011-07-02,8.58,,,,,,,
JD상모2,2011-07-03,8.56,,,,,,,
JD상모2,2011-07-04,8.49,,,,,,,
JD상모2,2011-07-05,8.42,,,,,,,
JD상모2,2011-07-06,8.4,,,,,,,
JD상모2,2011-07-07,8.44,,,,,,,
JD상모2,2011-07-08,8.44,,,,,,,
JD상모2,2011-07-09,8.48,,,,,,,
JD상모2,2011-07-10,8.48,,,,,,,
JD상모2,2011-07-11,8.41,,,,,,,
JD상모2,2011-07-12,8.4,,,,,,,
JD상모2,2011-07-13,8.38,,,,,,,
JD상모2,2011-07-14,8.33,,,,,,,
JD상모2,2011-07-15,8.24,,,,,,,
JD상모2,2011-07-16,8.2,,,,,,,
JD상모2,2011-07-17,8.15,,,,,,,
JD상모2,2011-07-18,8.11,,,,,,,
JD상모2,2011-07-19,8.11,,,,,,,
JD상모2,2011-07-20,7.99,,,,,,,
JD상모2,2011-07-21,7.82,,,,,,,
JD상모2,2011-07-22,7.74,,,,,,,
JD상모2,2011-07-23,7.64,,,,,,,
JD상모2,2011-07-24,7.49,,,,,,,
JD상모2,2011-07-25,7.53,,,,,,,
JD상모2,2011-07-26,7.62,,,,,,,
JD상모2,2011-07-27,7.56,,,,,,,
JD상모2,2011-07-28,7.37,,,,,,,
JD상모2,2011-07-29,7.26,,,,,,,
JD상모2,2011-07-30,7.24,,,,,,,
JD상모2,2011-07-31,7.27,,,,,,,
JD상모2,2011-08-01,7.35,,,,,,,
JD상모2,2011-08-02,7.47,,,,,,,
JD상모2,2011-08-03,7.53,,,,,,,
JD상모2,2011-08-04,7.54,,,,,,,
JD상모2,2011-08-05,7.51,,,,,,,
JD상모2,2011-08-06,7.54,,,,,,,
JD상모2,2011-08-07,7.67,,,,,,,
JD상모2,2011-08-08,7.87,,,,,,,
JD상모2,2011-08-09,8.05,,,,,,,
JD상모2,2011-08-10,8.13,,,,,,,
JD상모2,2011-08-11,8.14,,,,,,,
JD상모2,2011-08-12,8.13,,,,,,,
JD상모2,2011-08-13,8.11,,,,,,,
JD상모2,2011-08-14,8.09,,,,,,,
JD상모2,2011-08-15,8.05,,,,,,,
JD상모2,2011-08-16,8.01,,,,,,,
JD상모2,2011-08-17,7.96,,,,,,,
JD상모2,2011-08-18,7.91,,,,,,,
JD상모2,2011-08-19,7.87,,,,,,,
JD상모2,2011-08-20,7.79,,,,,,,
JD상모2,2011-08-21,7.75,,,,,,,
JD상모2,2011-08-22,7.75,,,,,,,
JD상모2,2011-08-23,7.81,,,,,,,
JD상모2,2011-08-24,7.79,,,,,,,
JD상모2,2011-08-25,7.8,,,,,,,
JD상모2,2011-08-26,7.8,,,,,,,
JD상모2,2011-08-27,7.8,,,,,,,
JD상모2,2011-08-28,7.81,,,,,,,
JD상모2,2011-08-29,7.8,,,,,,,
JD상모2,2011-08-30,7.71,,,,,,,
JD상모2,2011-08-31,7.53,,,,,,,
JD상모2,2011-09-01,7.56,,,,,,,
JD상모2,2011-09-02,7.32,,,,,,,
JD상모2,2011-09-03,7.16,,,,,,,
JD상모2,2011-09-04,6.68,,,,,,,
JD상모2,2011-09-05,6.36,,,,,,,
JD상모2,2011-09-06,6.21,,,,,,,
JD상모2,2011-09-07,6.15,,,,,,,
JD상모2,2011-09-08,6.15,,,,,,,
JD상모2,2011-09-09,6.01,,,,,,,
JD상모2,2011-09-10,6.15,,,,,,,
JD상모2,2011-09-11,6.42,,,,,,,
JD상모2,2011-09-12,6.67,,,,,,,
JD상모2,2011-09-13,6.57,,,,,,,
JD상모2,2011-09-14,5.93,,,,,,,
JD상모2,2011-09-15,5.6,,,,,,,
JD상모2,2011-09-16,5.21,,,,,,,
JD상모2,2011-09-17,4.77,,,,,,,
JD상모2,2011-09-18,4.45,,,,,,,
JD상모2,2011-09-19,4.24,,,,,,,
JD상모2,2011-09-20,3.89,,,,,,,
JD상모2,2011-09-21,3.66,,,,,,,
JD상모2,2011-09-22,3.52,,,,,,,
JD상모2,2011-09-23,3.4,,,,,,,
JD상모2,2011-09-24,3.07,,,,,,,
JD상모2,2011-09-25,3.04,,,,,,,
JD상모2,2011-09-26,2.95,,,,,,,
JD상모2,2011-09-27,2.83,,,,,,,
JD상모2,2011-09-28,2.65,,,,,,,
JD상모2,2011-09-29,2.82,,,,,,,
JD상모2,2011-09-30,2.82,,,,,,,
JD상모2,2011-10-01,2.54,,,,,,,
JD상모2,2011-10-02,2.5,,,,,,,
JD상모2,2011-10-03,2.48,,,,,,,
JD상모2,2011-10-04,2.32,,,,,,,
JD상모2,2011-10-05,2.03,,,,,,,
JD상모2,2011-10-06,1.87,,,,,,,
JD상모2,2011-10-07,1.87,,,,,,,
JD상모2,2011-10-08,1.67,,,,,,,
JD상모2,2011-10-09,1.68,,,,,,,
JD상모2,2011-10-10,1.79,,,,,,,
JD상모2,2011-10-11,1.78,,,,,,,
JD상모2,2011-10-12,1.86,,,,,,,
JD상모2,2011-10-13,1.85,,,,,,,
JD상모2,2011-10-14,2.57,,,,,,,
JD상모2,2011-10-15,3.91,,,,,,,
JD상모2,2011-10-16,4.4,,,,,,,
JD상모2,2011-10-17,4.44,,,,,,,
JD상모2,2011-10-18,4.25,,,,,,,
JD상모2,2011-10-19,4.04,,,,,,,
JD상모2,2011-10-20,3.99,,,,,,,
JD상모2,2011-10-21,4.17,,,,,,,
JD상모2,2011-10-22,4.62,,,,,,,
JD상모2,2011-10-23,4.77,,,,,,,
JD상모2,2011-10-24,4.8,,,,,,,
JD상모2,2011-10-25,4.82,,,,,,,
JD상모2,2011-10-26,4.59,,,,,,,
JD상모2,2011-10-27,4.55,,,,,,,
JD상모2,2011-10-28,4.51,,,,,,,
JD상모2,2011-10-29,4.41,,,,,,,
JD상모2,2011-10-30,4.08,,,,,,,
JD상모2,2011-10-31,3.99,,,,,,,
JD상모2,2011-11-01,3.96,,,,,,,
JD상모2,2011-11-02,4.14,,,,,,,
JD상모2,2011-11-03,4.63,,,,,,,
JD상모2,2011-11-04,5.46,,,,,,,
JD상모2,2011-11-05,5.99,,,,,,,
JD상모2,2011-11-06,6.34,,,,,,,
JD상모2,2011-11-07,6.47,,,,,,,
JD상모2,2011-11-08,6.58,,,,,,,
JD상모2,2011-11-09,6.65,,,,,,,
JD상모2,2011-11-10,6.69,,,,,,,
JD상모2,2011-11-11,6.72,,,,,,,
JD상모2,2011-11-12,6.71,,,,,,,
JD상모2,2011-11-13,6.72,,,,,,,
JD상모2,2011-11-14,6.71,,,,,,,
JD상모2,2011-11-15,6.69,,,,,,,
JD상모2,2011-11-16,6.7,,,,,,,
JD상모2,2011-11-17,6.74,,,,,,,
JD상모2,2011-11-18,6.96,,,,,,,
JD상모2,2011-11-19,7.32,,,,,,,
JD상모2,2011-11-20,7.4,,,,,,,
JD상모2,2011-11-21,7.44,,,,,,,
JD상모2,2011-11-22,7.5,,,,,,,
JD상모2,2011-11-23,7.53,,,,,,,
JD상모2,2011-11-24,7.54,,,,,,,
JD상모2,2011-11-25,7.54,,,,,,,
JD상모2,2011-11-26,7.52,,,,,,,
JD상모2,2011-11-27,7.52,,,,,,,
JD상모2,2011-11-28,7.49,,,,,,,
JD상모2,2011-11-29,7.46,,,,,,,
JD상모2,2011-11-30,7.45,,,,,,,
JD상모2,2011-12-01,7.41,,,,,,,
JD상모2,2011-12-02,7.42,,,,,,,
JD상모2,2011-12-03,7.38,,,,,,,
JD상모2,2011-12-04,7.34,,,,,,,
JD상모2,2011-12-05,7.33,,,,,,,
JD상모2,2011-12-06,7.24,,,,,,,
JD상모2,2011-12-07,7.22,,,,,,,
JD상모2,2011-12-08,7.26,,,,,,,
JD상모2,2011-12-09,7.25,,,,,,,
JD상모2,2011-12-10,7.26,,,,,,,
JD상모2,2011-12-11,7.28,,,,,,,
JD상모2,2011-12-12,7.28,,,,,,,
JD상모2,2011-12-13,7.28,,,,,,,
JD상모2,2011-12-14,7.29,,,,,,,
JD상모2,2011-12-15,7.27,,,,,,,
JD상모2,2011-12-16,7.26,,,,,,,
JD상모2,2011-12-17,7.24,,,,,,,
JD상모2,2011-12-18,7.24,,,,,,,
JD상모2,2011-12-19,7.21,,,,,,,
JD상모2,2011-12-20,7.18,,,,,,,
JD상모2,2011-12-21,7.19,,,,,,,
JD상모2,2011-12-22,7.19,,,,,,,
JD상모2,2011-12-23,7.16,,,,,,,
JD상모2,2011-12-24,7.16,,,,,,,
JD상모2,2011-12-25,7.13,,,,,,,
JD상모2,2011-12-26,7.12,,,,,,,
JD상모2,2011-12-27,7.1,,,,,,,
JD상모2,2011-12-28,7.12,,,,,,,
JD상모2,2011-12-29,7.14,,,,,,,
JD상모2,2011-12-30,7.12,,,,,,,
JD상모2,2011-12-31,7.09,,,,,,,
JD상모2,2012-01-01,7.1,,,,,,,
JD상모2,2012-01-02,7.0,,,,,,,
JD상모2,2012-01-03,7.01,,,,,,,
JD상모2,2012-01-04,7.0,,,,,,,
JD상모2,2012-01-05,6.99,,,,,,,
JD상모2,2012-01-06,6.96,,,,,,,
JD상모2,2012-01-07,6.91,,,,,,,
JD상모2,2012-01-08,6.87,,,,,,,
JD상모2,2012-01-09,6.88,,,,,,,
JD상모2,2012-01-10,6.83,,,,,,,
JD상모2,2012-01-11,6.81,,,,,,,
JD상모2,2012-01-12,6.83,,,,,,,
JD상모2,2012-01-13,6.65,,,,,,,
JD상모2,2012-01-14,6.43,,,,,,,
JD상모2,2012-01-15,6.44,,,,,,,
JD상모2,2012-01-16,6.47,,,,,,,
JD상모2,2012-01-17,6.28,,,,,,,
JD상모2,2012-01-18,6.25,,,,,,,
JD상모2,2012-01-19,6.41,,,,,,,
JD상모2,2012-01-20,6.35,,,,,,,
JD상모2,2012-01-21,6.48,,,,,,,
JD상모2,2012-01-22,6.65,,,,,,,
JD상모2,2012-01-23,6.74,,,,,,,
JD상모2,2012-01-24,6.81,,,,,,,
JD상모2,2012-01-25,6.84,,,,,,,
JD상모2,2012-01-26,6.8,,,,,,,
JD상모2,2012-01-27,6.71,,,,,,,
JD상모2,2012-01-28,6.55,,,,,,,
JD상모2,2012-01-29,6.44,,,,,,,
JD상모2,2012-01-30,6.47,,,,,,,
JD상모2,2012-01-31,6.53,,,,,,,
JD상모2,2012-02-01,6.57,,,,,,,
JD상모2,2012-02-02,6.61,,,,,,,
JD상모2,2012-02-03,6.67,,,,,,,
JD상모2,2012-02-04,6.66,,,,,,,
JD상모2,2012-02-05,6.62,,,,,,,
JD상모2,2012-02-06,6.61,,,,,,,
JD상모2,2012-02-07,6.67,,,,,,,
JD상모2,2012-02-08,6.7,,,,,,,
JD상모2,2012-02-09,6.69,,,,,,,
JD상모2,2012-02-10,6.7,,,,,,,
JD상모2,2012-02-11,6.64,,,,,,,
JD상모2,2012-02-12,6.61,,,,,,,
JD상모2,2012-02-13,6.7,,,,,,,
JD상모2,2012-02-14,6.76,,,,,,,
JD상모2,2012-02-15,6.79,,,,,,,
JD상모2,2012-02-16,6.78,,,,,,,
JD상모2,2012-02-17,6.74,,,,,,,
JD상모2,2012-02-18,6.73,,,,,,,
JD상모2,2012-02-19,6.73,,,,,,,
JD상모2,2012-02-20,6.7,,,,,,,
JD상모2,2012-02-21,6.71,,,,,,,
JD상모2,2012-02-22,6.78,,,,,,,
JD상모2,2012-02-23,6.75,,,,,,,
JD상모2,2012-02-24,6.72,,,,,,,
JD상모2,2012-02-25,6.75,,,,,,,
JD상모2,2012-02-26,6.69,,,,,,,
JD상모2,2012-02-27,6.59,,,,,,,
JD상모2,2012-02-28,6.66,,,,,,,
JD상모2,2012-02-29,6.71,,,,,,,
JD상모2,2012-03-01,6.76,,,,,,,
JD상모2,2012-03-02,6.77,,,,,,,
JD상모2,2012-03-03,6.7,,,,,,,
JD상모2,2012-03-04,6.76,,,,,,,
JD상모2,2012-03-05,6.85,,,,,,,
JD상모2,2012-03-06,6.81,,,,,,,
JD상모2,2012-03-07,6.83,,,,,,,
JD상모2,2012-03-08,6.89,,,,,,,
JD상모2,2012-03-09,6.91,,,,,,,
JD상모2,2012-03-10,6.89,,,,,,,
JD상모2,2012-03-11,6.86,,,,,,,
JD상모2,2012-03-12,6.83,,,,,,,
JD상모2,2012-03-13,6.78,,,,,,,
JD상모2,2012-03-14,6.75,,,,,,,
JD상모2,2012-03-15,6.74,,,,,,,
JD상모2,2012-03-16,6.79,,,,,,,
JD상모2,2012-03-17,6.75,,,,,,,
JD상모2,2012-03-18,6.76,,,,,,,
JD상모2,2012-03-19,6.71,,,,,,,
JD상모2,2012-03-20,6.7,,,,,,,
JD상모2,2012-03-21,6.62,,,,,,,
JD상모2,2012-03-22,6.67,,,,,,,
JD상모2,2012-03-23,6.89,,,,,,,
JD상모2,2012-03-24,7.08,,,,,,,
JD상모2,2012-03-25,7.1,,,,,,,
JD상모2,2012-03-26,7.09,,,,,,,
JD상모2,2012-03-27,7.03,,,,,,,
JD상모2,2012-03-28,6.94,,,,,,,
JD상모2,2012-03-29,6.94,,,,,,,
JD상모2,2012-03-30,6.99,,,,,,,
JD상모2,2012-03-31,7.06,,,,,,,
JD상모2,2012-04-01,7.05,,,,,,,
JD상모2,2012-04-02,7.02,,,,,,,
JD상모2,2012-04-03,7.06,,,,,,,
JD상모2,2012-04-04,7.05,,,,,,,
JD상모2,2012-04-05,6.99,,,,,,,
JD상모2,2012-04-06,6.87,,,,,,,
JD상모2,2012-04-07,6.81,,,,,,,
JD상모2,2012-04-08,6.71,,,,,,,
JD상모2,2012-04-09,6.78,,,,,,,
JD상모2,2012-04-10,6.79,,,,,,,
JD상모2,2012-04-11,7.21,,,,,,,
JD상모2,2012-04-12,7.44,,,,,,,
JD상모2,2012-04-13,7.55,,,,,,,
JD상모2,2012-04-14,7.53,,,,,,,
JD상모2,2012-04-15,7.45,,,,,,,
JD상모2,2012-04-16,7.42,,,,,,,
JD상모2,2012-04-17,7.36,,,,,,,
JD상모2,2012-04-18,7.28,,,,,,,
JD상모2,2012-04-19,7.25,,,,,,,
JD상모2,2012-04-20,7.23,,,,,,,
JD상모2,2012-04-21,7.46,,,,,,,
JD상모2,2012-04-22,7.98,,,,,,,
JD상모2,2012-04-23,8.31,,,,,,,
JD상모2,2012-04-24,8.44,,,,,,,
JD상모2,2012-04-25,8.56,,,,,,,
JD상모2,2012-04-26,8.6,,,,,,,
JD상모2,2012-04-27,8.61,,,,,,,
JD상모2,2012-04-28,8.55,,,,,,,
JD상모2,2012-04-29,8.5,,,,,,,
JD상모2,2012-04-30,8.53,,,,,,,
JD상모2,2012-05-01,8.54,,,,,,,
JD상모2,2012-05-02,8.6,,,,,,,
JD상모2,2012-05-03,8.56,,,,,,,
JD상모2,2012-05-04,8.5,,,,,,,
JD상모2,2012-05-05,8.44,,,,,,,
JD상모2,2012-05-06,8.41,,,,,,,
JD상모2,2012-05-07,8.33,,,,,,,
JD상모2,2012-05-08,8.26,,,,,,,
JD상모2,2012-05-09,8.1,,,,,,,
JD상모2,2012-05-10,7.89,,,,,,,
JD상모2,2012-05-11,7.89,,,,,,,
JD상모2,2012-05-12,7.88,,,,,,,
JD상모2,2012-05-13,7.84,,,,,,,
JD상모2,2012-05-14,7.86,,,,,,,
JD상모2,2012-05-15,7.83,,,,,,,
JD상모2,2012-05-16,7.68,,,,,,,
JD상모2,2012-05-17,7.45,,,,,,,
JD상모2,2012-05-18,6.93,,,,,,,
JD상모2,2012-05-19,6.55,,,,,,,
JD상모2,2012-05-20,6.37,,,,,,,
JD상모2,2012-05-21,6.0,,,,,,,
JD상모2,2012-05-22,5.7,,,,,,,
JD상모2,2012-05-23,5.36,,,,,,,
JD상모2,2012-05-24,5.47,,,,,,,
JD상모2,2012-05-25,5.95,,,,,,,
JD상모2,2012-05-26,6.4,,,,,,,
JD상모2,2012-05-27,6.54,,,,,,,
JD상모2,2012-05-28,6.57,,,,,,,
JD상모2,2012-05-29,6.56,,,,,,,
JD상모2,2012-05-30,6.79,,,,,,,
JD상모2,2012-05-31,6.84,,,,,,,
JD상모2,2012-06-01,6.79,,,,,,,
JD상모2,2012-06-02,6.78,,,,,,,
JD상모2,2012-06-03,6.8,,,,,,,
JD상모2,2012-06-04,6.79,,,,,,,
JD상모2,2012-06-05,6.88,,,,,,,
JD상모2,2012-06-06,6.91,,,,,,,
JD상모2,2012-06-07,6.99,,,,,,,
JD상모2,2012-06-08,7.06,,,,,,,
JD상모2,2012-06-09,6.97,,,,,,,
JD상모2,2012-06-10,6.89,,,,,,,
JD상모2,2012-06-11,6.83,,,,,,,
JD상모2,2012-06-12,6.82,,,,,,,
JD상모2,2012-06-13,6.74,,,,,,,
JD상모2,2012-06-14,6.71,,,,,,,
JD상모2,2012-06-15,6.75,,,,,,,
JD상모2,2012-06-16,6.85,,,,,,,
JD상모2,2012-06-17,6.9,,,,,,,
JD상모2,2012-06-18,7.0,,,,,,,
JD상모2,2012-06-19,7.26,,,,,,,
JD상모2,2012-06-20,7.4,,,,,,,
JD상모2,2012-06-21,7.46,,,,,,,
JD상모2,2012-06-22,7.42,,,,,,,
JD상모2,2012-06-23,7.44,,,,,,,
JD상모2,2012-06-24,7.47,,,,,,,
JD상모2,2012-06-25,7.41,,,,,,,
JD상모2,2012-06-26,7.32,,,,,,,
JD상모2,2012-06-27,7.32,,,,,,,
JD상모2,2012-06-28,7.27,,,,,,,
JD상모2,2012-06-29,7.26,,,,,,,
JD상모2,2012-06-30,7.33,,,,,,,
JD상모2,2012-07-01,7.32,,,,,,,
JD상모2,2012-07-02,7.41,,,,,,,
JD상모2,2012-07-03,7.63,,,,,,,
JD상모2,2012-07-04,7.84,,,,,,,
JD상모2,2012-07-05,8.0,,,,,,,
JD상모2,2012-07-06,8.1,,,,,,,
JD상모2,2012-07-07,8.03,,,,,,,
JD상모2,2012-07-08,7.95,,,,,,,
JD상모2,2012-07-09,7.92,,,,,,,
JD상모2,2012-07-10,7.9,,,,,,,
JD상모2,2012-07-11,7.9,,,,,,,
JD상모2,2012-07-12,7.88,,,,,,,
JD상모2,2012-07-13,7.9,,,,,,,
JD상모2,2012-07-14,8.02,,,,,,,
JD상모2,2012-07-15,8.05,,,,,,,
JD상모2,2012-07-16,8.02,,,,,,,
JD상모2,2012-07-17,7.99,,,,,,,
JD상모2,2012-07-18,8.02,,,,,,,
JD상모2,2012-07-19,8.02,,,,,,,
JD상모2,2012-07-20,8.05,,,,,,,
JD상모2,2012-07-21,8.11,,,,,,,
JD상모2,2012-07-22,8.1,,,,,,,
JD상모2,2012-07-23,8.07,,,,,,,
JD상모2,2012-07-24,8.05,,,,,,,
JD상모2,2012-07-25,7.95,,,,,,,
JD상모2,2012-07-26,7.78,,,,,,,
JD상모2,2012-07-27,7.66,,,,,,,
JD상모2,2012-07-28,7.56,,,,,,,
JD상모2,2012-07-29,7.51,,,,,,,
JD상모2,2012-07-30,7.52,,,,,,,
JD상모2,2012-07-31,7.48,,,,,,,
JD상모2,2012-08-01,7.55,,,,,,,
JD상모2,2012-08-02,7.55,,,,,,,
JD상모2,2012-08-03,7.56,,,,,,,
JD상모2,2012-08-04,7.49,,,,,,,
JD상모2,2012-08-05,7.31,,,,,,,
JD상모2,2012-08-06,7.23,,,,,,,
JD상모2,2012-08-07,7.13,,,,,,,
JD상모2,2012-08-08,7.18,,,,,,,
JD상모2,2012-08-09,7.25,,,,,,,
JD상모2,2012-08-10,7.3,,,,,,,
JD상모2,2012-08-11,7.15,,,,,,,
JD상모2,2012-08-12,6.98,,,,,,,
JD상모2,2012-08-13,7.01,,,,,,,
JD상모2,2012-08-14,6.91,,,,,,,
JD상모2,2012-08-15,7.1,,,,,,,
JD상모2,2012-08-16,7.01,,,,,,,
JD상모2,2012-08-17,6.84,,,,,,,
JD상모2,2012-08-18,6.64,,,,,,,
JD상모2,2012-08-19,6.81,,,,,,,
JD상모2,2012-08-20,6.79,,,,,,,
JD상모2,2012-08-21,6.85,,,,,,,
JD상모2,2012-08-22,6.91,,,,,,,
JD상모2,2012-08-23,7.15,,,,,,,
JD상모2,2012-08-24,7.92,,,,,,,
JD상모2,2012-08-25,8.6,,,,,,,
JD상모2,2012-08-26,8.95,,,,,,,
JD상모2,2012-08-27,9.15,,,,,,,
JD상모2,2012-08-28,9.43,,,,,,,
JD상모2,2012-08-29,9.54,,,,,,,
JD상모2,2012-08-30,9.7,,,,,,,
JD상모2,2012-08-31,9.74,,,,,,,
JD상모2,2012-09-01,9.72,,,,,,,
JD상모2,2012-09-02,9.58,,,,,,,
JD상모2,2012-09-03,9.4,,,,,,,
JD상모2,2012-09-04,9.3,,,,,,,
JD상모2,2012-09-05,9.35,,,,,,,
JD상모2,2012-09-06,9.35,,,,,,,
JD상모2,2012-09-07,9.36,,,,,,,
JD상모2,2012-09-08,9.37,,,,,,,
JD상모2,2012-09-09,9.41,,,,,,,
JD상모2,2012-09-10,9.52,,,,,,,
JD상모2,2012-09-11,9.59,,,,,,,
JD상모2,2012-09-12,9.65,,,,,,,
JD상모2,2012-09-13,9.65,,,,,,,
JD상모2,2012-09-14,9.61,,,,,,,
JD상모2,2012-09-15,9.55,,,,,,,
JD상모2,2012-09-16,9.57,,,,,,,
JD상모2,2012-09-17,9.76,,,,,,,
JD상모2,2012-09-18,9.91,,,,,,,
JD상모2,2012-09-19,9.98,,,,,,,
JD상모2,2012-09-20,10.01,,,,,,,
JD상모2,2012-09-21,9.85,,,,,,,
JD상모2,2012-09-22,9.55,,,,,,,
JD상모2,2012-09-23,9.34,,,,,,,
JD상모2,2012-09-24,9.04,,,,,,,
JD상모2,2012-09-25,8.6,,,,,,,
JD상모2,2012-09-26,8.38,,,,,,,
JD상모2,2012-09-27,8.02,,,,,,,
JD상모2,2012-09-28,7.6,,,,,,,
JD상모2,2012-09-29,7.23,,,,,,,
JD상모2,2012-09-30,7.02,,,,,,,
JD상모2,2012-10-01,6.84,,,,,,,
JD상모2,2012-10-02,6.6,,,,,,,
JD상모2,2012-10-03,6.2,,,,,,,
JD상모2,2012-10-04,5.99,,,,,,,
JD상모2,2012-10-05,5.78,,,,,,,
JD상모2,2012-10-06,5.69,,,,,,,
JD상모2,2012-10-07,5.59,,,,,,,
JD상모2,2012-10-08,5.35,,,,,,,
JD상모2,2012-10-09,5.16,,,,,,,
JD상모2,2012-10-10,5.09,,,,,,,
JD상모2,2012-10-11,5.17,,,,,,,
JD상모2,2012-10-12,5.08,,,,,,,
JD상모2,2012-10-13,5.06,,,,,,,
JD상모2,2012-10-14,5.08,,,,,,,
JD상모2,2012-10-15,4.95,,,,,,,
JD상모2,2012-10-16,4.85,,,,,,,
JD상모2,2012-10-17,4.8,,,,,,,
JD상모2,2012-10-18,4.78,,,,,,,
JD상모2,2012-10-19,4.6,,,,,,,
JD상모2,2012-10-20,4.62,,,,,,,
JD상모2,2012-10-21,4.72,,,,,,,
JD상모2,2012-10-22,5.05,,,,,,,
JD상모2,2012-10-23,5.49,,,,,,,
JD상모2,2012-10-24,5.69,,,,,,,
JD상모2,2012-10-25,5.79,,,,,,,
JD상모2,2012-10-26,5.85,,,,,,,
JD상모2,2012-10-27,6.28,,,,,,,
JD상모2,2012-10-28,6.67,,,,,,,
JD상모2,2012-10-29,6.91,,,,,,,
JD상모2,2012-10-30,6.99,,,,,,,
JD상모2,2012-10-31,6.91,,,,,,,
JD상모2,2012-11-01,6.71,,,,,,,
JD상모2,2012-11-02,6.51,,,,,,,
JD상모2,2012-11-03,6.3,,,,,,,
JD상모2,2012-11-04,6.48,,,,,,,
JD상모2,2012-11-05,7.01,,,,,,,
JD상모2,2012-11-06,7.36,,,,,,,
JD상모2,2012-11-07,7.53,,,,,,,
JD상모2,2012-11-08,7.6,,,,,,,
JD상모2,2012-11-09,7.7,,,,,,,
JD상모2,2012-11-10,7.81,,,,,,,
JD상모2,2012-11-11,7.89,,,,,,,
JD상모2,2012-11-12,7.93,,,,,,,
JD상모2,2012-11-13,7.95,,,,,,,
JD상모2,2012-11-14,7.87,,,,,,,
JD상모2,2012-11-15,7.85,,,,,,,
JD상모2,2012-11-16,7.98,,,,,,,
JD상모2,2012-11-17,8.12,,,,,,,
JD상모2,2012-11-18,8.15,,,,,,,
JD상모2,2012-11-19,8.19,,,,,,,
JD상모2,2012-11-20,8.22,,,,,,,
JD상모2,2012-11-21,8.26,,,,,,,
JD상모2,2012-11-22,8.3,,,,,,,
JD상모2,2012-11-23,8.31,,,,,,,
JD상모2,2012-11-24,8.31,,,,,,,
JD상모2,2012-11-25,8.32,,,,,,,
JD상모2,2012-11-26,8.35,,,,,,,
JD상모2,2012-11-27,8.3,,,,,,,
JD상모2,2012-11-28,8.31,,,,,,,
JD상모2,2012-11-29,8.33,,,,,,,
JD상모2,2012-11-30,8.33,,,,,,,
JD상모2,2012-12-01,8.32,,,,,,,
JD상모2,2012-12-02,8.34,,,,,,,
JD상모2,2012-12-03,8.33,,,,,,,
JD상모2,2012-12-04,8.22,,,,,,,
JD상모2,2012-12-05,8.23,,,,,,,
JD상모2,2012-12-06,8.2,,,,,,,
JD상모2,2012-12-07,8.17,,,,,,,
JD상모2,2012-12-08,8.05,,,,,,,
JD상모2,2012-12-09,8.1,,,,,,,
JD상모2,2012-12-10,8.08,,,,,,,
JD상모2,2012-12-11,8.03,,,,,,,
JD상모2,2012-12-12,8.04,,,,,,,
JD상모2,2012-12-13,8.01,,,,,,,
JD상모2,2012-12-14,8.11,,,,,,,
JD상모2,2012-12-15,8.24,,,,,,,
JD상모2,2012-12-16,8.32,,,,,,,
JD상모2,2012-12-17,8.37,,,,,,,
JD상모2,2012-12-18,8.37,,,,,,,
JD상모2,2012-12-19,8.37,,,,,,,
JD상모2,2012-12-20,8.31,,,,,,,
JD상모2,2012-12-21,8.33,,,,,,,
JD상모2,2012-12-22,8.41,,,,,,,
JD상모2,2012-12-23,8.42,,,,,,,
JD상모2,2012-12-24,8.44,,,,,,,
JD상모2,2012-12-25,8.44,,,,,,,
JD상모2,2012-12-26,8.41,,,,,,,
JD상모2,2012-12-27,8.42,,,,,,,
JD상모2,2012-12-28,8.4,,,,,,,
JD상모2,2012-12-29,8.36,,,,,,,
JD상모2,2012-12-30,8.38,,,,,,,
JD상모2,2012-12-31,8.54,,,,,,,
JD상모2,2013-01-01,8.62,,,,,,,
JD상모2,2013-01-02,8.61,,,,,,,
JD상모2,2013-01-03,8.56,,,,,,,
JD상모2,2013-01-04,8.56,,,,,,,
JD상모2,2013-01-05,8.57,,,,,,,
JD상모2,2013-01-06,8.55,,,,,,,
JD상모2,2013-01-07,8.51,,,,,,,
JD상모2,2013-01-08,8.48,,,,,,,
JD상모2,2013-01-09,8.37,,,,,,,
JD상모2,2013-01-10,8.33,,,,,,,
JD상모2,2013-01-11,8.33,,,,,,,
JD상모2,2013-01-12,8.31,,,,,,,
JD상모2,2013-01-13,8.21,,,,,,,
JD상모2,2013-01-14,7.98,,,,,,,
JD상모2,2013-01-15,7.76,,,,,,,
JD상모2,2013-01-16,7.71,,,,,,,
JD상모2,2013-01-17,7.73,,,,,,,
JD상모2,2013-01-18,7.85,,,,,,,
JD상모2,2013-01-19,7.87,,,,,,,
JD상모2,2013-01-20,7.86,,,,,,,
JD상모2,2013-01-21,7.99,,,,,,,
JD상모2,2013-01-22,8.16,,,,,,,
JD상모2,2013-01-23,8.22,,,,,,,
JD상모2,2013-01-24,8.26,,,,,,,
JD상모2,2013-01-25,8.22,,,,,,,
JD상모2,2013-01-26,8.2,,,,,,,
JD상모2,2013-01-27,8.17,,,,,,,
JD상모2,2013-01-28,8.13,,,,,,,
JD상모2,2013-01-29,8.1,,,,,,,
JD상모2,2013-01-30,8.07,,,,,,,
JD상모2,2013-01-31,8.07,,,,,,,
JD상모2,2013-02-01,8.13,,,,,,,
JD상모2,2013-02-02,8.11,,,,,,,
JD상모2,2013-02-03,8.13,,,,,,,
JD상모2,2013-02-04,8.14,,,,,,,
JD상모2,2013-02-05,8.16,,,,,,,
JD상모2,2013-02-06,8.18,,,,,,,
JD상모2,2013-02-07,8.17,,,,,,,
JD상모2,2013-02-08,8.16,,,,,,,
JD상모2,2013-02-09,8.18,,,,,,,
JD상모2,2013-02-10,8.17,,,,,,,
JD상모2,2013-02-11,8.1,,,,,,,
JD상모2,2013-02-12,7.99,,,,,,,
JD상모2,2013-02-13,7.94,,,,,,,
JD상모2,2013-02-14,8.04,,,,,,,
JD상모2,2013-02-15,8.03,,,,,,,
JD상모2,2013-02-16,7.98,,,,,,,
JD상모2,2013-02-17,7.96,,,,,,,
JD상모2,2013-02-18,8.09,,,,,,,
JD상모2,2013-02-19,8.15,,,,,,,
JD상모2,2013-02-20,8.15,,,,,,,
JD상모2,2013-02-21,8.13,,,,,,,
JD상모2,2013-02-22,8.14,,,,,,,
JD상모2,2013-02-23,8.07,,,,,,,
JD상모2,2013-02-24,8.04,,,,,,,
JD상모2,2013-02-25,8.06,,,,,,,
JD상모2,2013-02-26,8.1,,,,,,,
JD상모2,2013-02-27,8.07,,,,,,,
JD상모2,2013-02-28,8.02,,,,,,,
JD상모2,2013-03-01,8.01,,,,,,,
JD상모2,2013-03-02,7.99,,,,,,,
JD상모2,2013-03-03,7.95,,,,,,,
JD상모2,2013-03-04,7.92,,,,,,,
JD상모2,2013-03-05,7.79,,,,,,,
JD상모2,2013-03-06,7.67,,,,,,,
JD상모2,2013-03-07,7.69,,,,,,,
JD상모2,2013-03-08,7.76,,,,,,,
JD상모2,2013-03-09,7.74,,,,,,,
JD상모2,2013-03-10,7.71,,,,,,,
JD상모2,2013-03-11,7.72,,,,,,,
JD상모2,2013-03-12,7.69,,,,,,,
JD상모2,2013-03-13,7.73,,,,,,,
JD상모2,2013-03-14,7.7,,,,,,,
JD상모2,2013-03-15,7.66,,,,,,,
JD상모2,2013-03-16,7.65,,,,,,,
JD상모2,2013-03-17,7.67,,,,,,,
JD상모2,2013-03-18,7.85,,,,,,,
JD상모2,2013-03-19,7.99,,,,,,,
JD상모2,2013-03-20,8.08,,,,,,,
JD상모2,2013-03-21,8.05,,,,,,,
JD상모2,2013-03-22,8.02,,,,,,,
JD상모2,2013-03-23,7.96,,,,,,,
JD상모2,2013-03-24,7.97,,,,,,,
JD상모2,2013-03-25,7.93,,,,,,,
JD상모2,2013-03-26,7.88,,,,,,,
JD상모2,2013-03-27,7.85,,,,,,,
JD상모2,2013-03-28,7.77,,,,,,,
JD상모2,2013-03-29,7.69,,,,,,,
JD상모2,2013-03-30,7.67,,,,,,,
JD상모2,2013-03-31,7.64,,,,,,,
JD상모2,2013-04-01,7.58,,,,,,,
JD상모2,2013-04-02,7.59,,,,,,,
JD상모2,2013-04-03,7.36,,,,,,,
JD상모2,2013-04-04,7.22,,,,,,,
JD상모2,2013-04-05,7.3,,,,,,,
JD상모2,2013-04-06,7.58,,,,,,,
JD상모2,2013-04-07,7.62,,,,,,,
JD상모2,2013-04-08,7.64,,,,,,,
JD상모2,2013-04-09,7.54,,,,,,,
JD상모2,2013-04-10,7.44,,,,,,,
JD상모2,2013-04-11,7.45,,,,,,,
JD상모2,2013-04-12,7.4,,,,,,,
JD상모2,2013-04-13,7.31,,,,,,,
JD상모2,2013-04-14,7.26,,,,,,,
JD상모2,2013-04-15,6.86,,,,,,,
JD상모2,2013-04-16,6.38,,,,,,,
JD상모2,2013-04-17,6.06,,,,,,,
JD상모2,2013-04-18,5.93,,,,,,,
JD상모2,2013-04-19,5.82,,,,,,,
JD상모2,2013-04-20,5.89,,,,,,,
JD상모2,2013-04-21,6.23,,,,,,,
JD상모2,2013-04-22,6.46,,,,,,,
JD상모2,2013-04-23,6.8,,,,,,,
JD상모2,2013-04-24,7.1,,,,,,,
JD상모2,2013-04-25,7.24,,,,,,,
JD상모2,2013-04-26,7.29,,,,,,,
JD상모2,2013-04-27,7.29,,,,,,,
JD상모2,2013-04-28,7.33,,,,,,,
JD상모2,2013-04-29,7.38,,,,,,,
JD상모2,2013-04-30,7.42,,,,,,,
JD상모2,2013-05-01,7.38,,,,,,,
JD상모2,2013-05-02,7.3,,,,,,,
JD상모2,2013-05-03,7.26,,,,,,,
JD상모2,2013-05-04,7.25,,,,,,,
JD상모2,2013-05-05,7.22,,,,,,,
JD상모2,2013-05-06,7.17,,,,,,,
JD상모2,2013-05-07,7.17,,,,,,,
JD상모2,2013-05-08,7.14,,,,,,,
JD상모2,2013-05-09,7.21,,,,,,,
JD상모2,2013-05-10,7.4,,,,,,,
JD상모2,2013-05-11,7.53,,,,,,,
JD상모2,2013-05-12,7.56,,,,,,,
JD상모2,2013-05-13,7.62,,,,,,,
JD상모2,2013-05-14,7.55,,,,,,,
JD상모2,2013-05-15,7.45,,,,,,,
JD상모2,2013-05-16,7.46,,,,,,,
JD상모2,2013-05-17,7.36,,,,,,,
JD상모2,2013-05-18,7.31,,,,,,,
JD상모2,2013-05-19,7.39,,,,,,,
JD상모2,2013-05-20,7.48,,,,,,,
JD상모2,2013-05-21,7.4,,,,,,,
JD상모2,2013-05-22,7.28,,,,,,,
JD상모2,2013-05-23,7.09,,,,,,,
JD상모2,2013-05-24,6.95,,,,,,,
JD상모2,2013-05-25,6.77,,,,,,,
JD상모2,2013-05-26,6.75,,,,,,,
JD상모2,2013-05-27,7.01,,,,,,,
JD상모2,2013-05-28,7.35,,,,,,,
JD상모2,2013-05-29,7.62,,,,,,,
JD상모2,2013-05-30,7.72,,,,,,,
JD상모2,2013-05-31,7.81,,,,,,,
JD상모2,2013-06-01,7.82,,,,,,,
JD상모2,2013-06-02,7.83,,,,,,,
JD상모2,2013-06-03,7.7,,,,,,,
JD상모2,2013-06-04,7.61,,,,,,,
JD상모2,2013-06-05,7.59,,,,,,,
JD상모2,2013-06-06,7.51,,,,,,,
JD상모2,2013-06-07,7.56,,,,,,,
JD상모2,2013-06-08,7.59,,,,,,,
JD상모2,2013-06-09,7.57,,,,,,,
JD상모2,2013-06-10,7.52,,,,,,,
JD상모2,2013-06-11,7.51,,,,,,,
JD상모2,2013-06-12,7.45,,,,,,,
JD상모2,2013-06-13,7.42,,,,,,,
JD상모2,2013-06-14,7.47,,,,,,,
JD상모2,2013-06-15,7.42,,,,,,,
JD상모2,2013-06-16,7.42,,,,,,,
JD상모2,2013-06-17,7.47,,,,,,,
JD상모2,2013-06-18,7.52,,,,,,,
JD상모2,2013-06-19,7.55,,,,,,,
JD상모2,2013-06-20,7.62,,,,,,,
JD상모2,2013-06-21,7.69,,,,,,,
JD상모2,2013-06-22,7.74,,,,,,,
JD상모2,2013-06-23,7.81,,,,,,,
JD상모2,2013-06-24,7.78,,,,,,,
JD상모2,2013-06-25,7.84,,,,,,,
JD상모2,2013-06-26,7.89,,,,,,,
JD상모2,2013-06-27,8.02,,,,,,,
JD상모2,2013-06-28,8.07,,,,,,,
JD상모2,2013-06-29,8.06,,,,,,,
JD상모2,2013-06-30,7.99,,,,,,,
JD상모2,2013-07-01,7.93,,,,,,,
JD상모2,2013-07-02,7.89,,,,,,,
JD상모2,2013-07-03,7.86,,,,,,,
JD상모2,2013-07-04,7.87,,,,,,,
JD상모2,2013-07-05,7.84,,,,,,,
JD상모2,2013-07-06,7.79,,,,,,,
JD상모2,2013-07-07,7.8,,,,,,,
JD상모2,2013-07-08,7.74,,,,,,,
JD상모2,2013-07-09,7.65,,,,,,,
JD상모2,2013-07-10,7.68,,,,,,,
JD상모2,2013-07-11,7.66,,,,,,,
JD상모2,2013-07-12,7.57,,,,,,,
JD상모2,2013-07-13,7.52,,,,,,,
JD상모2,2013-07-14,7.54,,,,,,,
JD상모2,2013-07-15,7.47,,,,,,,
JD상모2,2013-07-16,7.35,,,,,,,
JD상모2,2013-07-17,7.28,,,,,,,
JD상모2,2013-07-18,7.22,,,,,,,
JD상모2,2013-07-19,7.23,,,,,,,
JD상모2,2013-07-20,7.31,,,,,,,
JD상모2,2013-07-21,7.29,,,,,,,
JD상모2,2013-07-22,7.12,,,,,,,
JD상모2,2013-07-23,7.1,,,,,,,
JD상모2,2013-07-24,7.16,,,,,,,
JD상모2,2013-07-25,7.21,,,,,,,
JD상모2,2013-07-26,7.17,,,,,,,
JD상모2,2013-07-27,7.0,,,,,,,
JD상모2,2013-07-28,7.0,,,,,,,
JD상모2,2013-07-29,7.01,,,,,,,
JD상모2,2013-07-30,7.05,,,,,,,
JD상모2,2013-07-31,6.98,,,,,,,
JD상모2,2013-08-01,6.9,,,,,,,
JD상모2,2013-08-02,6.91,,,,,,,
JD상모2,2013-08-03,6.86,,,,,,,
JD상모2,2013-08-04,6.85,,,,,,,
JD상모2,2013-08-05,6.99,,,,,,,
JD상모2,2013-08-06,7.14,,,,,,,
JD상모2,2013-08-07,7.15,,,,,,,
JD상모2,2013-08-08,7.17,,,,,,,
JD상모2,2013-08-09,7.16,,,,,,,
JD상모2,2013-08-10,7.09,,,,,,,
JD상모2,2013-08-11,6.96,,,,,,,
JD상모2,2013-08-12,6.92,,,,,,,
JD상모2,2013-08-13,6.93,,,,,,,
JD상모2,2013-08-14,6.9,,,,,,,
JD상모2,2013-08-15,6.85,,,,,,,
JD상모2,2013-08-16,6.8,,,,,,,
JD상모2,2013-08-17,6.65,,,,,,,
JD상모2,2013-08-18,6.62,,,,,,,
JD상모2,2013-08-19,6.54,,,,,,,
JD상모2,2013-08-20,6.68,,,,,,,
JD상모2,2013-08-21,6.75,,,,,,,
JD상모2,2013-08-22,6.74,,,,,,,
JD상모2,2013-08-23,6.83,,,,,,,
JD상모2,2013-08-24,6.86,,,,,,,
JD상모2,2013-08-25,6.92,,,,,,,
JD상모2,2013-08-26,7.09,,,,,,,
JD상모2,2013-08-27,7.06,,,,,,,
JD상모2,2013-08-28,6.89,,,,,,,
JD상모2,2013-08-29,6.91,,,,,,,
JD상모2,2013-08-30,6.95,,,,,,,
JD상모2,2013-08-31,7.06,,,,,,,
JD상모2,2013-09-01,6.92,,,,,,,
JD상모2,2013-09-02,6.73,,,,,,,
JD상모2,2013-09-03,6.62,,,,,,,
JD상모2,2013-09-04,6.6,,,,,,,
JD상모2,2013-09-05,6.18,,,,,,,
JD상모2,2013-09-06,5.84,,,,,,,
JD상모2,2013-09-07,6.08,,,,,,,
JD상모2,2013-09-08,6.38,,,,,,,
JD상모2,2013-09-09,6.08,,,,,,,
JD상모2,2013-09-10,5.71,,,,,,,
JD상모2,2013-09-11,5.29,,,,,,,
JD상모2,2013-09-12,4.78,,,,,,,
JD상모2,2013-09-13,4.42,,,,,,,
JD상모2,2013-09-14,4.22,,,,,,,
JD상모2,2013-09-15,4.9,,,,,,,
JD상모2,2013-09-16,4.87,,,,,,,
JD상모2,2013-09-17,4.26,,,,,,,
JD상모2,2013-09-18,3.79,,,,,,,
JD상모2,2013-09-19,3.56,,,,,,,
JD상모2,2013-09-20,3.44,,,,,,,
JD상모2,2013-09-21,3.26,,,,,,,
JD상모2,2013-09-22,2.99,,,,,,,
JD상모2,2013-09-23,2.93,,,,,,,
JD상모2,2013-09-24,2.75,,,,,,,
JD상모2,2013-09-25,2.97,,,,,,,
JD상모2,2013-09-26,2.89,,,,,,,
JD상모2,2013-09-27,2.54,,,,,,,
JD상모2,2013-09-28,2.46,,,,,,,
JD상모2,2013-09-29,3.02,,,,,,,
JD상모2,2013-09-30,4.28,,,,,,,
JD상모2,2013-10-01,4.8,,,,,,,
JD상모2,2013-10-02,5.05,,,,,,,
JD상모2,2013-10-03,5.23,,,,,,,
JD상모2,2013-10-04,4.8,,,,,,,
JD상모2,2013-10-05,4.34,,,,,,,
JD상모2,2013-10-06,4.32,,,,,,,
JD상모2,2013-10-07,4.29,,,,,,,
JD상모2,2013-10-08,4.73,,,,,,,
JD상모2,2013-10-09,5.11,,,,,,,
JD상모2,2013-10-10,4.91,,,,,,,
JD상모2,2013-10-11,4.58,,,,,,,
JD상모2,2013-10-12,4.19,,,,,,,
JD상모2,2013-10-13,3.77,,,,,,,
JD상모2,2013-10-14,3.55,,,,,,,
JD상모2,2013-10-15,3.48,,,,,,,
JD상모2,2013-10-16,3.22,,,,,,,
JD상모2,2013-10-17,3.06,,,,,,,
JD상모2,2013-10-18,3.03,,,,,,,
JD상모2,2013-10-19,2.94,,,,,,,
JD상모2,2013-10-20,2.87,,,,,,,
JD상모2,2013-10-21,2.75,,,,,,,
JD상모2,2013-10-22,2.64,,,,,,,
JD상모2,2013-10-23,2.59,,,,,,,
JD상모2,2013-10-24,2.51,,,,,,,
JD상모2,2013-10-25,2.51,,,,,,,
JD상모2,2013-10-26,2.71,,,,,,,
JD상모2,2013-10-27,2.7,,,,,,,
JD상모2,2013-10-28,2.44,,,,,,,
JD상모2,2013-10-29,2.48,,,,,,,
JD상모2,2013-10-30,2.34,,,,,,,
JD상모2,2013-10-31,2.45,,,,,,,
JD상모2,2013-11-01,2.39,,,,,,,
JD상모2,2013-11-02,2.44,,,,,,,
JD상모2,2013-11-03,2.59,,,,,,,
JD상모2,2013-11-04,2.55,,,,,,,
JD상모2,2013-11-05,2.47,,,,,,,
JD상모2,2013-11-06,2.33,,,,,,,
JD상모2,2013-11-07,2.59,,,,,,,
JD상모2,2013-11-08,2.68,,,,,,,
JD상모2,2013-11-09,3.17,,,,,,,
JD상모2,2013-11-10,3.86,,,,,,,
JD상모2,2013-11-11,4.35,,,,,,,
JD상모2,2013-11-12,4.6,,,,,,,
JD상모2,2013-11-13,4.73,,,,,,,
JD상모2,2013-11-14,4.79,,,,,,,
JD상모2,2013-11-15,4.85,,,,,,,
JD상모2,2013-11-16,4.89,,,,,,,
JD상모2,2013-11-17,4.87,,,,,,,
JD상모2,2013-11-18,4.97,,,,,,,
JD상모2,2013-11-19,5.08,,,,,,,
JD상모2,2013-11-20,5.2,,,,,,,
JD상모2,2013-11-21,5.25,,,,,,,
JD상모2,2013-11-22,5.31,,,,,,,
JD상모2,2013-11-23,5.36,,,,,,,
JD상모2,2013-11-24,5.43,,,,,,,
JD상모2,2013-11-25,5.5,,,,,,,
JD상모2,2013-11-26,5.54,,,,,,,
JD상모2,2013-11-27,5.59,,,,,,,
JD상모2,2013-11-28,5.62,,,,,,,
JD상모2,2013-11-29,5.64,,,,,,,
JD상모2,2013-11-30,5.62,,,,,,,
JD상모2,2013-12-01,5.57,,,,,,,
JD상모2,2013-12-02,5.54,,,,,,,
JD상모2,2013-12-03,5.57,,,,,,,
JD상모2,2013-12-04,5.69,,,,,,,
JD상모2,2013-12-05,5.73,,,,,,,
JD상모2,2013-12-06,5.72,,,,,,,
JD상모2,2013-12-07,5.7,,,,,,,
JD상모2,2013-12-08,5.69,,,,,,,
JD상모2,2013-12-09,5.82,,,,,,,
JD상모2,2013-12-10,5.86,,,,,,,
JD상모2,2013-12-11,5.88,,,,,,,
JD상모2,2013-12-12,5.88,,,,,,,
JD상모2,2013-12-13,5.88,,,,,,,
JD상모2,2013-12-14,5.85,,,,,,,
JD상모2,2013-12-15,5.86,,,,,,,
JD상모2,2013-12-16,5.89,,,,,,,
JD상모2,2013-12-17,5.94,,,,,,,
JD상모2,2013-12-18,5.97,,,,,,,
JD상모2,2013-12-19,5.95,,,,,,,
JD상모2,2013-12-20,5.91,,,,,,,
JD상모2,2013-12-21,5.94,,,,,,,
JD상모2,2013-12-22,5.97,,,,,,,
JD상모2,2013-12-23,5.96,,,,,,,
JD상모2,2013-12-24,5.94,,,,,,,
JD상모2,2013-12-25,5.91,,,,,,,
JD상모2,2013-12-26,5.75,,,,,,,
JD상모2,2013-12-27,5.83,,,,,,,
JD상모2,2013-12-28,5.92,,,,,,,
JD상모2,2013-12-29,5.94,,,,,,,
JD상모2,2013-12-30,5.97,,,,,,,
JD상모2,2013-12-31,5.96,,,,,,,
JD상모2,2014-01-01,5.92,,,,,,,
JD상모2,2014-01-02,5.84,,,,,,,
JD상모2,2014-01-03,5.81,,,,,,,
JD상모2,2014-01-04,5.78,,,,,,,
JD상모2,2014-01-05,5.73,,,,,,,
JD상모2,2014-01-06,5.67,,,,,,,
JD상모2,2014-01-07,5.71,,,,,,,
JD상모2,2014-01-08,5.84,,,,,,,
JD상모2,2014-01-09,5.88,,,,,,,
JD상모2,2014-01-10,5.9,,,,,,,
JD상모2,2014-01-11,5.91,,,,,,,
JD상모2,2014-01-12,5.95,,,,,,,
JD상모2,2014-01-13,5.97,,,,,,,
JD상모2,2014-01-14,5.96,,,,,,,
JD상모2,2014-01-15,5.92,,,,,,,
JD상모2,2014-01-16,5.91,,,,,,,
JD상모2,2014-01-17,5.92,,,,,,,
JD상모2,2014-01-18,5.94,,,,,,,
JD상모2,2014-01-19,5.96,,,,,,,
JD상모2,2014-01-20,5.93,,,,,,,
JD상모2,2014-01-21,5.9,,,,,,,
JD상모2,2014-01-22,5.95,,,,,,,
JD상모2,2014-01-23,5.97,,,,,,,
JD상모2,2014-01-24,5.93,,,,,,,
JD상모2,2014-01-25,5.92,,,,,,,
JD상모2,2014-01-26,5.84,,,,,,,
JD상모2,2014-01-27,5.83,,,,,,,
JD상모2,2014-01-28,5.83,,,,,,,
JD상모2,2014-01-29,5.84,,,,,,,
JD상모2,2014-01-30,5.86,,,,,,,
JD상모2,2014-01-31,5.92,,,,,,,
JD상모2,2014-02-01,5.98,,,,,,,
JD상모2,2014-02-02,6.02,,,,,,,
JD상모2,2014-02-03,6.03,,,,,,,
JD상모2,2014-02-04,5.97,,,,,,,
JD상모2,2014-02-05,5.97,,,,,,,
JD상모2,2014-02-06,6.0,,,,,,,
JD상모2,2014-02-07,6.05,,,,,,,
JD상모2,2014-02-08,6.06,,,,,,,
JD상모2,2014-02-09,6.07,,,,,,,
JD상모2,2014-02-10,5.94,,,,,,,
JD상모2,2014-02-11,5.79,,,,,,,
JD상모2,2014-02-12,5.73,,,,,,,
JD상모2,2014-02-13,5.85,,,,,,,
JD상모2,2014-02-14,5.89,,,,,,,
JD상모2,2014-02-15,5.81,,,,,,,
JD상모2,2014-02-16,5.74,,,,,,,
JD상모2,2014-02-17,5.83,,,,,,,
JD상모2,2014-02-18,5.87,,,,,,,
JD상모2,2014-02-19,5.88,,,,,,,
JD상모2,2014-02-20,5.79,,,,,,,
JD상모2,2014-02-21,5.71,,,,,,,
JD상모2,2014-02-22,5.67,,,,,,,
JD상모2,2014-02-23,5.66,,,,,,,
JD상모2,2014-02-24,5.62,,,,,,,
JD상모2,2014-02-25,5.76,,,,,,,
JD상모2,2014-02-26,5.76,,,,,,,
JD상모2,2014-02-27,5.91,,,,,,,
JD상모2,2014-02-28,5.98,,,,,,,
JD상모2,2014-03-01,6.07,,,,,,,
JD상모2,2014-03-02,6.09,,,,,,,
JD상모2,2014-03-03,5.99,,,,,,,
JD상모2,2014-03-04,6.07,,,,,,,
JD상모2,2014-03-05,6.1,,,,,,,
JD상모2,2014-03-06,6.03,,,,,,,
JD상모2,2014-03-07,5.92,,,,,,,
JD상모2,2014-03-08,5.99,,,,,,,
JD상모2,2014-03-09,6.01,,,,,,,
JD상모2,2014-03-10,5.94,,,,,,,
JD상모2,2014-03-11,5.9,,,,,,,
JD상모2,2014-03-12,5.95,,,,,,,
JD상모2,2014-03-13,6.06,,,,,,,
JD상모2,2014-03-14,6.1,,,,,,,
JD상모2,2014-03-15,6.11,,,,,,,
JD상모2,2014-03-16,6.07,,,,,,,
JD상모2,2014-03-17,6.06,,,,,,,
JD상모2,2014-03-18,5.98,,,,,,,
JD상모2,2014-03-19,6.02,,,,,,,
JD상모2,2014-03-20,6.04,,,,,,,
JD상모2,2014-03-21,6.01,,,,,,,
JD상모2,2014-03-22,5.98,,,,,,,
JD상모2,2014-03-23,5.96,,,,,,,
JD상모2,2014-03-24,5.97,,,,,,,
JD상모2,2014-03-25,6.04,,,,,,,
JD상모2,2014-03-26,6.05,,,,,,,
JD상모2,2014-03-27,6.07,,,,,,,
JD상모2,2014-03-28,6.05,,,,,,,
JD상모2,2014-03-29,6.16,,,,,,,
JD상모2,2014-03-30,6.4,,,,,,,
JD상모2,2014-03-31,6.48,,,,,,,
JD상모2,2014-04-01,6.51,,,,,,,
JD상모2,2014-04-02,6.49,,,,,,,
JD상모2,2014-04-03,6.49,,,,,,,
JD상모2,2014-04-04,6.45,,,,,,,
JD상모2,2014-04-05,6.32,,,,,,,
JD상모2,2014-04-06,6.2,,,,,,,
JD상모2,2014-04-07,6.14,,,,,,,
JD상모2,2014-04-08,5.96,,,,,,,
JD상모2,2014-04-09,5.86,,,,,,,
JD상모2,2014-04-10,5.78,,,,,,,
JD상모2,2014-04-11,5.77,,,,,,,
JD상모2,2014-04-12,5.94,,,,,,,
JD상모2,2014-04-13,6.06,,,,,,,
JD상모2,2014-04-14,6.02,,,,,,,
JD상모2,2014-04-15,6.06,,,,,,,
JD상모2,2014-04-16,6.09,,,,,,,
JD상모2,2014-04-17,6.12,,,,,,,
JD상모2,2014-04-18,6.15,,,,,,,
JD상모2,2014-04-19,6.12,,,,,,,
JD상모2,2014-04-20,6.15,,,,,,,
JD상모2,2014-04-21,6.09,,,,,,,
JD상모2,2014-04-22,6.07,,,,,,,
JD상모2,2014-04-23,6.03,,,,,,,
JD상모2,2014-04-24,5.98,,,,,,,
JD상모2,2014-04-25,5.94,,,,,,,
JD상모2,2014-04-26,5.95,,,,,,,
JD상모2,2014-04-27,6.06,,,,,,,
JD상모2,2014-04-28,6.38,,,,,,,
JD상모2,2014-04-29,6.62,,,,,,,
JD상모2,2014-04-30,6.68,,,,,,,
JD상모2,2014-05-01,6.61,,,,,,,
JD상모2,2014-05-02,6.66,,,,,,,
JD상모2,2014-05-03,6.63,,,,,,,
JD상모2,2014-05-04,6.52,,,,,,,
JD상모2,2014-05-05,6.44,,,,,,,
JD상모2,2014-05-06,6.35,,,,,,,
JD상모2,2014-05-07,6.22,,,,,,,
JD상모2,2014-05-08,6.14,,,,,,,
JD상모2,2014-05-09,6.18,,,,,,,
JD상모2,2014-05-10,6.11,,,,,,,
JD상모2,2014-05-11,6.12,,,,,,,
JD상모2,2014-05-12,6.27,,,,,,,
JD상모2,2014-05-13,6.34,,,,,,,
JD상모2,2014-05-14,6.44,,,,,,,
JD상모2,2014-05-15,6.48,,,,,,,
JD상모2,2014-05-16,6.36,,,,,,,
JD상모2,2014-05-17,6.22,,,,,,,
JD상모2,2014-05-18,6.04,,,,,,,
JD상모2,2014-05-19,6.06,,,,,,,
JD상모2,2014-05-20,6.32,,,,,,,
JD상모2,2014-05-21,6.73,,,,,,,
JD상모2,2014-05-22,6.85,,,,,,,
JD상모2,2014-05-23,6.87,,,,,,,
JD상모2,2014-05-24,6.88,,,,,,,
JD상모2,2014-05-25,6.98,,,,,,,
JD상모2,2014-05-26,7.28,,,,,,,
JD상모2,2014-05-27,7.42,,,,,,,
JD상모2,2014-05-28,7.43,,,,,,,
JD상모2,2014-05-29,7.35,,,,,,,
JD상모2,2014-05-30,7.27,,,,,,,
JD상모2,2014-05-31,7.16,,,,,,,
JD상모2,2014-06-01,7.17,,,,,,,
JD상모2,2014-06-02,7.23,,,,,,,
JD상모2,2014-06-03,7.3,,,,,,,
JD상모2,2014-06-04,7.35,,,,,,,
JD상모2,2014-06-05,7.28,,,,,,,
JD상모2,2014-06-06,7.18,,,,,,,
JD상모2,2014-06-07,7.13,,,,,,,
JD상모2,2014-06-08,7.12,,,,,,,
JD상모2,2014-06-09,7.08,,,,,,,
JD상모2,2014-06-10,7.03,,,,,,,
JD상모2,2014-06-11,6.94,,,,,,,
JD상모2,2014-06-12,6.8,,,,,,,
JD상모2,2014-06-13,6.76,,,,,,,
JD상모2,2014-06-14,6.71,,,,,,,
JD상모2,2014-06-15,6.69,,,,,,,
JD상모2,2014-06-16,6.72,,,,,,,
JD상모2,2014-06-17,6.86,,,,,,,
JD상모2,2014-06-18,7.12,,,,,,,
JD상모2,2014-06-19,7.21,,,,,,,
JD상모2,2014-06-20,7.26,,,,,,,
JD상모2,2014-06-21,7.29,,,,,,,
JD상모2,2014-06-22,7.24,,,,,,,
JD상모2,2014-06-23,7.09,,,,,,,
JD상모2,2014-06-24,7.1,,,,,,,
JD상모2,2014-06-25,7.1,,,,,,,
JD상모2,2014-06-26,7.05,,,,,,,
JD상모2,2014-06-27,6.99,,,,,,,
JD상모2,2014-06-28,6.86,,,,,,,
JD상모2,2014-06-29,6.8,,,,,,,
JD상모2,2014-06-30,6.79,,,,,,,
JD상모2,2014-07-01,6.73,,,,,,,
JD상모2,2014-07-02,6.79,,,,,,,
JD상모2,2014-07-03,6.88,,,,,,,
JD상모2,2014-07-04,6.77,,,,,,,
JD상모2,2014-07-05,6.78,,,,,,,
JD상모2,2014-07-06,7.23,,,,,,,
JD상모2,2014-07-07,7.87,,,,,,,
JD상모2,2014-07-08,8.18,,,,,,,
JD상모2,2014-07-09,8.35,,,,,,,
JD상모2,2014-07-10,8.39,,,,,,,
JD상모2,2014-07-11,8.33,,,,,,,
JD상모2,2014-07-12,8.3,,,,,,,
JD상모2,2014-07-13,8.34,,,,,,,
JD상모2,2014-07-14,8.36,,,,,,,
JD상모2,2014-07-15,8.35,,,,,,,
JD상모2,2014-07-16,8.41,,,,,,,
JD상모2,2014-07-17,8.42,,,,,,,
JD상모2,2014-07-18,8.37,,,,,,,
JD상모2,2014-07-19,8.29,,,,,,,
JD상모2,2014-07-20,8.27,,,,,,,
JD상모2,2014-07-21,8.2,,,,,,,
JD상모2,2014-07-22,8.09,,,,,,,
JD상모2,2014-07-23,7.98,,,,,,,
JD상모2,2014-07-24,7.87,,,,,,,
JD상모2,2014-07-25,7.82,,,,,,,
JD상모2,2014-07-26,7.75,,,,,,,
JD상모2,2014-07-27,7.64,,,,,,,
JD상모2,2014-07-28,7.67,,,,,,,
JD상모2,2014-07-29,7.69,,,,,,,
JD상모2,2014-07-30,7.65,,,,,,,
JD상모2,2014-07-31,7.61,,,,,,,
JD상모2,2014-08-01,7.62,,,,,,,
JD상모2,2014-08-02,7.73,,,,,,,
JD상모2,2014-08-03,7.92,,,,,,,
JD상모2,2014-08-04,8.02,,,,,,,
JD상모2,2014-08-05,8.06,,,,,,,
JD상모2,2014-08-06,8.04,,,,,,,
JD상모2,2014-08-07,8.02,,,,,,,
JD상모2,2014-08-08,7.95,,,,,,,
JD상모2,2014-08-09,7.86,,,,,,,
JD상모2,2014-08-10,7.77,,,,,,,
JD상모2,2014-08-11,7.75,,,,,,,
JD상모2,2014-08-12,7.72,,,,,,,
JD상모2,2014-08-13,7.73,,,,,,,
JD상모2,2014-08-14,7.73,,,,,,,
JD상모2,2014-08-15,7.72,,,,,,,
JD상모2,2014-08-16,7.7,,,,,,,
JD상모2,2014-08-17,7.67,,,,,,,
JD상모2,2014-08-18,7.67,,,,,,,
JD상모2,2014-08-19,7.68,,,,,,,
JD상모2,2014-08-20,7.9,,,,,,,
JD상모2,2014-08-21,8.46,,,,,,,
JD상모2,2014-08-22,8.75,,,,,,,
JD상모2,2014-08-23,8.85,,,,,,,
JD상모2,2014-08-24,8.92,,,,,,,
JD상모2,2014-08-25,8.93,,,,,,,
JD상모2,2014-08-26,8.86,,,,,,,
JD상모2,2014-08-27,8.74,,,,,,,
JD상모2,2014-08-28,8.76,,,,,,,
JD상모2,2014-08-29,8.78,,,,,,,
JD상모2,2014-08-30,8.76,,,,,,,
JD상모2,2014-08-31,8.65,,,,,,,
JD상모2,2014-09-01,8.58,,,,,,,
JD상모2,2014-09-02,8.57,,,,,,,
JD상모2,2014-09-03,8.5,,,,,,,
JD상모2,2014-09-04,8.47,,,,,,,
JD상모2,2014-09-05,8.26,,,,,,,
JD상모2,2014-09-06,8.1,,,,,,,
JD상모2,2014-09-07,7.87,,,,,,,
JD상모2,2014-09-08,7.52,,,,,,,
JD상모2,2014-09-09,7.21,,,,,,,
JD상모2,2014-09-10,6.81,,,,,,,
JD상모2,2014-09-11,6.22,,,,,,,
JD상모2,2014-09-12,5.99,,,,,,,
JD상모2,2014-09-13,6.09,,,,,,,
JD상모2,2014-09-14,5.8,,,,,,,
JD상모2,2014-09-15,5.4,,,,,,,
JD상모2,2014-09-16,5.09,,,,,,,
JD상모2,2014-09-17,4.98,,,,,,,
JD상모2,2014-09-18,4.69,,,,,,,
JD상모2,2014-09-19,4.56,,,,,,,
JD상모2,2014-09-20,4.87,,,,,,,
JD상모2,2014-09-21,5.26,,,,,,,
JD상모2,2014-09-22,4.96,,,,,,,
JD상모2,2014-09-23,5.41,,,,,,,
JD상모2,2014-09-24,6.18,,,,,,,
JD상모2,2014-09-25,6.5,,,,,,,
JD상모2,2014-09-26,6.12,,,,,,,
JD상모2,2014-09-27,5.52,,,,,,,
JD상모2,2014-09-28,5.09,,,,,,,
JD상모2,2014-09-29,4.76,,,,,,,
JD상모2,2014-09-30,5.13,,,,,,,
JD상모2,2014-10-01,5.91,,,,,,,
JD상모2,2014-10-02,5.97,,,,,,,
JD상모2,2014-10-03,5.69,,,,,,,
JD상모2,2014-10-04,5.37,,,,,,,
JD상모2,2014-10-05,5.12,,,,,,,
JD상모2,2014-10-06,4.81,,,,,,,
JD상모2,2014-10-07,4.48,,,,,,,
JD상모2,2014-10-08,4.2,,,,,,,
JD상모2,2014-10-09,4.19,,,,,,,
JD상모2,2014-10-10,4.33,,,,,,,
JD상모2,2014-10-11,4.39,,,,,,,
JD상모2,2014-10-12,4.94,,,,,,,
JD상모2,2014-10-13,5.55,,,,,,,
JD상모2,2014-10-14,5.96,,,,,,,
JD상모2,2014-10-15,6.1,,,,,,,
JD상모2,2014-10-16,5.89,,,,,,,
JD상모2,2014-10-17,5.62,,,,,,,
JD상모2,2014-10-18,5.19,,,,,,,
JD상모2,2014-10-19,5.24,,,,,,,
JD상모2,2014-10-20,5.6,,,,,,,
JD상모2,2014-10-21,5.9,,,,,,,
JD상모2,2014-10-22,6.13,,,,,,,
JD상모2,2014-10-23,6.02,,,,,,,
JD상모2,2014-10-24,5.92,,,,,,,
JD상모2,2014-10-25,5.75,,,,,,,
JD상모2,2014-10-26,5.56,,,,,,,
JD상모2,2014-10-27,5.43,,,,,,,
JD상모2,2014-10-28,5.43,,,,,,,
JD상모2,2014-10-29,5.66,,,,,,,
JD상모2,2014-10-30,6.01,,,,,,,
JD상모2,2014-10-31,6.33,,,,,,,
JD상모2,2014-11-01,6.49,,,,,,,
JD상모2,2014-11-02,6.54,,,,,,,
JD상모2,2014-11-03,6.56,,,,,,,
JD상모2,2014-11-04,6.52,,,,,,,
JD상모2,2014-11-05,6.47,,,,,,,
JD상모2,2014-11-06,6.34,,,,,,,
JD상모2,2014-11-07,6.2,,,,,,,
JD상모2,2014-11-08,6.08,,,,,,,
JD상모2,2014-11-09,6.36,,,,,,,
JD상모2,2014-11-10,6.51,,,,,,,
JD상모2,2014-11-11,6.63,,,,,,,
JD상모2,2014-11-12,6.62,,,,,,,
JD상모2,2014-11-13,6.41,,,,,,,
JD상모2,2014-11-14,6.14,,,,,,,
JD상모2,2014-11-15,6.25,,,,,,,
JD상모2,2014-11-16,6.25,,,,,,,
JD상모2,2014-11-17,6.04,,,,,,,
JD상모2,2014-11-18,5.58,,,,,,,
JD상모2,2014-11-19,5.33,,,,,,,
JD상모2,2014-11-20,5.18,,,,,,,
JD상모2,2014-11-21,5.18,,,,,,,
JD상모2,2014-11-22,5.25,,,,,,,
JD상모2,2014-11-23,5.56,,,,,,,
JD상모2,2014-11-24,5.91,,,,,,,
JD상모2,2014-11-25,6.24,,,,,,,
JD상모2,2014-11-26,6.48,,,,,,,
JD상모2,2014-11-27,6.6,,,,,,,
JD상모2,2014-11-28,6.72,,,,,,,
JD상모2,2014-11-29,6.77,,,,,,,
JD상모2,2014-11-30,6.89,,,,,,,
JD상모2,2014-12-01,6.97,,,,,,,
JD상모2,2014-12-02,7.0,,,,,,,
JD상모2,2014-12-03,7.06,,,,,,,
JD상모2,2014-12-04,7.09,,,,,,,
JD상모2,2014-12-05,7.13,,,,,,,
JD상모2,2014-12-06,7.14,,,,,,,
JD상모2,2014-12-07,7.12,,,,,,,
JD상모2,2014-12-08,7.15,,,,,,,
JD상모2,2014-12-09,7.13,,,,,,,
JD상모2,2014-12-10,7.17,,,,,,,
JD상모2,2014-12-11,7.2,,,,,,,
JD상모2,2014-12-12,7.2,,,,,,,
JD상모2,2014-12-13,7.19,,,,,,,
JD상모2,2014-12-14,7.19,,,,,,,
JD상모2,2014-12-15,7.18,,,,,,,
JD상모2,2014-12-16,7.22,,,,,,,
JD상모2,2014-12-17,7.19,,,,,,,
JD상모2,2014-12-18,7.11,,,,,,,
JD상모2,2014-12-19,7.04,,,,,,,
JD상모2,2014-12-20,6.99,,,,,,,
JD상모2,2014-12-21,6.96,,,,,,,
JD상모2,2014-12-22,6.96,,,,,,,
JD상모2,2014-12-23,6.98,,,,,,,
JD상모2,2014-12-24,7.07,,,,,,,
JD상모2,2014-12-25,7.08,,,,,,,
JD상모2,2014-12-26,7.13,,,,,,,
JD상모2,2014-12-27,7.16,,,,,,,
JD상모2,2014-12-28,7.2,,,,,,,
JD상모2,2014-12-29,7.24,,,,,,,
JD상모2,2014-12-30,7.13,,,,,,,
JD상모2,2014-12-31,7.05,,,,,,,
JD상모2,2015-01-01,7.09,,,,,,,
JD상모2,2015-01-02,7.14,,,,,,,
JD상모2,2015-01-03,7.15,,,,,,,
JD상모2,2015-01-04,7.13,,,,,,,
JD상모2,2015-01-05,7.12,,,,,,,
JD상모2,2015-01-06,7.12,,,,,,,
JD상모2,2015-01-07,7.13,,,,,,,
JD상모2,2015-01-08,7.11,,,,,,,
JD상모2,2015-01-09,7.0,,,,,,,
JD상모2,2015-01-10,6.94,,,,,,,
JD상모2,2015-01-11,6.92,,,,,,,
JD상모2,2015-01-12,6.92,,,,,,,
JD상모2,2015-01-13,6.9,,,,,,,
JD상모2,2015-01-14,7.03,,,,,,,
JD상모2,2015-01-15,7.09,,,,,,,
JD상모2,2015-01-16,7.15,,,,,,,
JD상모2,2015-01-17,7.14,,,,,,,
JD상모2,2015-01-18,7.15,,,,,,,
JD상모2,2015-01-19,7.11,,,,,,,
JD상모2,2015-01-20,7.12,,,,,,,
JD상모2,2015-01-21,7.14,,,,,,,
JD상모2,2015-01-22,7.17,,,,,,,
JD상모2,2015-01-23,7.13,,,,,,,
JD상모2,2015-01-24,7.11,,,,,,,
JD상모2,2015-01-25,7.15,,,,,,,
JD상모2,2015-01-26,7.17,,,,,,,
JD상모2,2015-01-27,7.15,,,,,,,
JD상모2,2015-01-28,7.15,,,,,,,
JD상모2,2015-01-29,7.16,,,,,,,
JD상모2,2015-01-30,7.17,,,,,,,
JD상모2,2015-01-31,7.12,,,,,,,
JD상모2,2015-02-01,7.12,,,,,,,
JD상모2,2015-02-02,7.08,,,,,,,
JD상모2,2015-02-03,7.02,,,,,,,
JD상모2,2015-02-04,6.93,,,,,,,
JD상모2,2015-02-05,6.95,,,,,,,
JD상모2,2015-02-06,6.91,,,,,,,
JD상모2,2015-02-07,6.91,,,,,,,
JD상모2,2015-02-08,6.93,,,,,,,
JD상모2,2015-02-09,6.96,,,,,,,
JD상모2,2015-02-10,7.0,,,,,,,
JD상모2,2015-02-11,7.0,,,,,,,
JD상모2,2015-02-12,6.98,,,,,,,
JD상모2,2015-02-13,6.92,,,,,,,
JD상모2,2015-02-14,6.87,,,,,,,
JD상모2,2015-02-15,6.93,,,,,,,
JD상모2,2015-02-16,7.12,,,,,,,
JD상모2,2015-02-17,7.21,,,,,,,
JD상모2,2015-02-18,7.26,,,,,,,
JD상모2,2015-02-19,7.25,,,,,,,
JD상모2,2015-02-20,7.24,,,,,,,
JD상모2,2015-02-21,7.29,,,,,,,
JD상모2,2015-02-22,7.41,,,,,,,
JD상모2,2015-02-23,7.5,,,,,,,
JD상모2,2015-02-24,7.53,,,,,,,
JD상모2,2015-02-25,7.51,,,,,,,
JD상모2,2015-02-26,7.46,,,,,,,
JD상모2,2015-02-27,7.4,,,,,,,
JD상모2,2015-02-28,7.39,,,,,,,
JD상모2,2015-03-01,7.38,,,,,,,
JD상모2,2015-03-02,7.29,,,,,,,
JD상모2,2015-03-03,7.29,,,,,,,
JD상모2,2015-03-04,7.15,,,,,,,
JD상모2,2015-03-05,7.16,,,,,,,
JD상모2,2015-03-06,7.14,,,,,,,
JD상모2,2015-03-07,7.13,,,,,,,
JD상모2,2015-03-08,7.12,,,,,,,
JD상모2,2015-03-09,7.06,,,,,,,
JD상모2,2015-03-10,7.08,,,,,,,
JD상모2,2015-03-11,7.06,,,,,,,
JD상모2,2015-03-12,6.97,,,,,,,
JD상모2,2015-03-13,6.76,,,,,,,
JD상모2,2015-03-14,6.77,,,,,,,
JD상모2,2015-03-15,6.83,,,,,,,
JD상모2,2015-03-16,6.81,,,,,,,
JD상모2,2015-03-17,6.82,,,,,,,
JD상모2,2015-03-18,7.09,,,,,,,
JD상모2,2015-03-19,7.54,,,,,,,
JD상모2,2015-03-20,7.75,,,,,,,
JD상모2,2015-03-21,7.84,,,,,,,
JD상모2,2015-03-22,7.78,,,,,,,
JD상모2,2015-03-23,7.76,,,,,,,
JD상모2,2015-03-24,7.71,,,,,,,
JD상모2,2015-03-25,7.63,,,,,,,
JD상모2,2015-03-26,7.56,,,,,,,
JD상모2,2015-03-27,7.55,,,,,,,
JD상모2,2015-03-28,7.52,,,,,,,
JD상모2,2015-03-29,7.49,,,,,,,
JD상모2,2015-03-30,7.4,,,,,,,
JD상모2,2015-03-31,7.35,,,,,,,
JD상모2,2015-04-01,7.39,,,,,,,
JD상모2,2015-04-02,7.43,,,,,,,
JD상모2,2015-04-03,7.46,,,,,,,
JD상모2,2015-04-04,7.41,,,,,,,
JD상모2,2015-04-05,7.37,,,,,,,
JD상모2,2015-04-06,7.38,,,,,,,
JD상모2,2015-04-07,7.54,,,,,,,
JD상모2,2015-04-08,7.57,,,,,,,
JD상모2,2015-04-09,7.56,,,,,,,
JD상모2,2015-04-10,7.6,,,,,,,
JD상모2,2015-04-11,7.56,,,,,,,
JD상모2,2015-04-12,7.52,,,,,,,
JD상모2,2015-04-13,7.47,,,,,,,
JD상모2,2015-04-14,7.49,,,,,,,
JD상모2,2015-04-15,7.48,,,,,,,
JD상모2,2015-04-16,7.47,,,,,,,
JD상모2,2015-04-17,7.38,,,,,,,
JD상모2,2015-04-18,7.42,,,,,,,
JD상모2,2015-04-19,7.66,,,,,,,
JD상모2,2015-04-20,7.94,,,,,,,
JD상모2,2015-04-21,8.03,,,,,,,
JD상모2,2015-04-22,8.04,,,,,,,
JD상모2,2015-04-23,7.99,,,,,,,
JD상모2,2015-04-24,7.98,,,,,,,
JD상모2,2015-04-25,8.0,,,,,,,
JD상모2,2015-04-26,7.95,,,,,,,
JD상모2,2015-04-27,7.88,,,,,,,
JD상모2,2015-04-28,7.87,,,,,,,
JD상모2,2015-04-29,7.92,,,,,,,
JD상모2,2015-04-30,7.92,,,,,,,
JD상모2,2015-05-01,7.83,,,,,,,
JD상모2,2015-05-02,7.81,,,,,,,
JD상모2,2015-05-03,8.14,,,,,,,
JD상모2,2015-05-04,8.43,,,,,,,
JD상모2,2015-05-05,8.51,,,,,,,
JD상모2,2015-05-06,8.6,,,,,,,
JD상모2,2015-05-07,8.6,,,,,,,
JD상모2,2015-05-08,8.58,,,,,,,
JD상모2,2015-05-09,8.56,,,,,,,
JD상모2,2015-05-10,8.47,,,,,,,
JD상모2,2015-05-11,8.51,,,,,,,
JD상모2,2015-05-12,8.9,,,,,,,
JD상모2,2015-05-13,9.22,,,,,,,
JD상모2,2015-05-14,9.4,,,,,,,
JD상모2,2015-05-15,9.46,,,,,,,
JD상모2,2015-05-16,9.39,,,,,,,
JD상모2,2015-05-17,9.37,,,,,,,
JD상모2,2015-05-18,9.41,,,,,,,
JD상모2,2015-05-19,9.39,,,,,,,
JD상모2,2015-05-20,9.37,,,,,,,
JD상모2,2015-05-21,9.24,,,,,,,
JD상모2,2015-05-22,9.17,,,,,,,
JD상모2,2015-05-23,9.07,,,,,,,
JD상모2,2015-05-24,8.99,,,,,,,
JD상모2,2015-05-25,8.89,,,,,,,
JD상모2,2015-05-26,8.78,,,,,,,
JD상모2,2015-05-27,8.75,,,,,,,
JD상모2,2015-05-28,8.75,,,,,,,
JD상모2,2015-05-29,8.71,,,,,,,
JD상모2,2015-05-30,8.75,,,,,,,
JD상모2,2015-05-31,8.72,,,,,,,
JD상모2,2015-06-01,8.62,,,,,,,
JD상모2,2015-06-02,8.64,,,,,,,
JD상모2,2015-06-03,8.67,,,,,,,
JD상모2,2015-06-04,8.62,,,,,,,
JD상모2,2015-06-05,8.6,,,,,,,
JD상모2,2015-06-06,8.55,,,,,,,
JD상모2,2015-06-07,8.54,,,,,,,
JD상모2,2015-06-08,8.57,,,,,,,
JD상모2,2015-06-09,8.53,,,,,,,
JD상모2,2015-06-10,8.52,,,,,,,
JD상모2,2015-06-11,8.48,,,,,,,
JD상모2,2015-06-12,8.4,,,,,,,
JD상모2,2015-06-13,8.37,,,,,,,
JD상모2,2015-06-14,8.36,,,,,,,
JD상모2,2015-06-15,8.39,,,,,,,
JD상모2,2015-06-16,8.41,,,,,,,
JD상모2,2015-06-17,8.43,,,,,,,
JD상모2,2015-06-18,8.43,,,,,,,
JD상모2,2015-06-19,8.41,,,,,,,
JD상모2,2015-06-20,8.41,,,,,,,
JD상모2,2015-06-21,8.39,,,,,,,
JD상모2,2015-06-22,8.38,,,,,,,
JD상모2,2015-06-23,8.32,,,,,,,
JD상모2,2015-06-24,8.36,,,,,,,
JD상모2,2015-06-25,8.66,,,,,,,
JD상모2,2015-06-26,8.91,,,,,,,
JD상모2,2015-06-27,9.02,,,,,,,
JD상모2,2015-06-28,9.06,,,,,,,
JD상모2,2015-06-29,9.07,,,,,,,
JD상모2,2015-06-30,9.15,,,,,,,
JD상모2,2015-07-01,9.33,,,,,,,
JD상모2,2015-07-02,9.43,,,,,,,
JD상모2,2015-07-03,9.46,,,,,,,
JD상모2,2015-07-04,9.41,,,,,,,
JD상모2,2015-07-05,9.42,,,,,,,
JD상모2,2015-07-06,9.42,,,,,,,
JD상모2,2015-07-07,9.44,,,,,,,
JD상모2,2015-07-08,9.57,,,,,,,
JD상모2,2015-07-09,9.71,,,,,,,
JD상모2,2015-07-10,9.77,,,,,,,
JD상모2,2015-07-11,9.84,,,,,,,
JD상모2,2015-07-12,10.09,,,,,,,
JD상모2,2015-07-13,10.31,,,,,,,
JD상모2,2015-07-14,10.41,,,,,,,
JD상모2,2015-07-15,10.45,,,,,,,
JD상모2,2015-07-16,10.45,,,,,,,
JD상모2,2015-07-17,10.39,,,,,,,
JD상모2,2015-07-18,10.31,,,,,,,
JD상모2,2015-07-19,10.22,,,,,,,
JD상모2,2015-07-20,10.11,,,,,,,
JD상모2,2015-07-21,10.02,,,,,,,
JD상모2,2015-07-22,9.99,,,,,,,
JD상모2,2015-07-23,9.98,,,,,,,
JD상모2,2015-07-24,9.92,,,,,,,
JD상모2,2015-07-25,9.85,,,,,,,
JD상모2,2015-07-26,9.74,,,,,,,
JD상모2,2015-07-27,9.49,,,,,,,
JD상모2,2015-07-28,9.54,,,,,,,
JD상모2,2015-07-29,9.58,,,,,,,
JD상모2,2015-07-30,9.48,,,,,,,
JD상모2,2015-07-31,9.19,,,,,,,
JD상모2,2015-08-01,9.06,,,,,,,
JD상모2,2015-08-02,9.16,,,,,,,
JD상모2,2015-08-03,9.17,,,,,,,
JD상모2,2015-08-04,9.11,,,,,,,
JD상모2,2015-08-05,9.02,,,,,,,
JD상모2,2015-08-06,8.84,,,,,,,
JD상모2,2015-08-07,8.88,,,,,,,
JD상모2,2015-08-08,8.84,,,,,,,
JD상모2,2015-08-09,8.62,,,,,,,
JD상모2,2015-08-10,8.74,,,,,,,
JD상모2,2015-08-11,8.92,,,,,,,
JD상모2,2015-08-12,9.1,,,,,,,
JD상모2,2015-08-13,9.15,,,,,,,
JD상모2,2015-08-14,9.17,,,,,,,
JD상모2,2015-08-15,9.21,,,,,,,
JD상모2,2015-08-16,8.99,,,,,,,
JD상모2,2015-08-17,9.15,,,,,,,
JD상모2,2015-08-18,9.22,,,,,,,
JD상모2,2015-08-19,9.21,,,,,,,
JD상모2,2015-08-20,9.1,,,,,,,
JD상모2,2015-08-21,9.12,,,,,,,
JD상모2,2015-08-22,9.19,,,,,,,
JD상모2,2015-08-23,9.26,,,,,,,
JD상모2,2015-08-24,9.33,,,,,,,
JD상모2,2015-08-25,9.35,,,,,,,
JD상모2,2015-08-26,9.27,,,,,,,
JD상모2,2015-08-27,9.16,,,,,,,
JD상모2,2015-08-28,9.04,,,,,,,
JD상모2,2015-08-29,8.86,,,,,,,
JD상모2,2015-08-30,8.79,,,,,,,
JD상모2,2015-08-31,8.55,,,,,,,
JD상모2,2015-09-01,8.14,,,,,,,
JD상모2,2015-09-02,8.06,,,,,,,
JD상모2,2015-09-03,8.09,,,,,,,
JD상모2,2015-09-04,8.05,,,,,,,
JD상모2,2015-09-05,7.96,,,,,,,
JD상모2,2015-09-06,8.28,,,,,,,
JD상모2,2015-09-07,8.28,,,,,,,
JD상모2,2015-09-08,7.98,,,,,,,
JD상모2,2015-09-09,7.49,,,,,,,
JD상모2,2015-09-10,7.08,,,,,,,
JD상모2,2015-09-11,6.81,,,,,,,
JD상모2,2015-09-12,6.7,,,,,,,
JD상모2,2015-09-13,6.75,,,,,,,
JD상모2,2015-09-14,6.52,,,,,,,
JD상모2,2015-09-15,5.92,,,,,,,
JD상모2,2015-09-16,6.13,,,,,,,
JD상모2,2015-09-17,7.02,,,,,,,
JD상모2,2015-09-18,7.23,,,,,,,
JD상모2,2015-09-19,6.71,,,,,,,
JD상모2,2015-09-20,6.15,,,,,,,
JD상모2,2015-09-21,5.48,,,,,,,
JD상모2,2015-09-22,5.63,,,,,,,
JD상모2,2015-09-23,6.23,,,,,,,
JD상모2,2015-09-24,7.17,,,,,,,
JD상모2,2015-09-25,7.55,,,,,,,
JD상모2,2015-09-26,7.45,,,,,,,
JD상모2,2015-09-27,7.24,,,,,,,
JD상모2,2015-09-28,6.81,,,,,,,
JD상모2,2015-09-29,6.63,,,,,,,
JD상모2,2015-09-30,7.23,,,,,,,
JD상모2,2015-10-01,7.89,,,,,,,
JD상모2,2015-10-02,8.3,,,,,,,
JD상모2,2015-10-03,8.43,,,,,,,
JD상모2,2015-10-04,8.25,,,,,,,
JD상모2,2015-10-05,8.01,,,,,,,
JD상모2,2015-10-06,7.73,,,,,,,
JD상모2,2015-10-07,7.43,,,,,,,
JD상모2,2015-10-08,7.37,,,,,,,
JD상모2,2015-10-09,7.39,,,,,,,
JD상모2,2015-10-10,6.99,,,,,,,
JD상모2,2015-10-11,6.75,,,,,,,
JD상모2,2015-10-12,6.6,,,,,,,
JD상모2,2015-10-13,6.46,,,,,,,
JD상모2,2015-10-14,6.27,,,,,,,
JD상모2,2015-10-15,6.11,,,,,,,
JD상모2,2015-10-16,5.92,,,,,,,
JD상모2,2015-10-17,5.92,,,,,,,
JD상모2,2015-10-18,5.98,,,,,,,
JD상모2,2015-10-19,5.73,,,,,,,
JD상모2,2015-10-20,5.45,,,,,,,
JD상모2,2015-10-21,5.42,,,,,,,
JD상모2,2015-10-22,5.41,,,,,,,
JD상모2,2015-10-23,5.47,,,,,,,
JD상모2,2015-10-24,5.65,,,,,,,
JD상모2,2015-10-25,5.66,,,,,,,
JD상모2,2015-10-26,5.84,,,,,,,
JD상모2,2015-10-27,6.25,,,,,,,
JD상모2,2015-10-28,6.56,,,,,,,
JD상모2,2015-10-29,6.79,,,,,,,
JD상모2,2015-10-30,6.94,,,,,,,
JD상모2,2015-10-31,6.98,,,,,,,
JD상모2,2015-11-01,7.0,,,,,,,
JD상모2,2015-11-02,7.02,,,,,,,
JD상모2,2015-11-03,6.98,,,,,,,
JD상모2,2015-11-04,6.97,,,,,,,
JD상모2,2015-11-05,7.05,,,,,,,
JD상모2,2015-11-06,7.21,,,,,,,
JD상모2,2015-11-07,7.34,,,,,,,
JD상모2,2015-11-08,7.48,,,,,,,
JD상모2,2015-11-09,7.57,,,,,,,
JD상모2,2015-11-10,7.62,,,,,,,
JD상모2,2015-11-11,7.63,,,,,,,
JD상모2,2015-11-12,7.66,,,,,,,
JD상모2,2015-11-13,7.75,,,,,,,
JD상모2,2015-11-14,7.84,,,,,,,
JD상모2,2015-11-15,7.88,,,,,,,
JD상모2,2015-11-16,7.94,,,,,,,
JD상모2,2015-11-17,7.95,,,,,,,
JD상모2,2015-11-18,7.97,,,,,,,
JD상모2,2015-11-19,7.99,,,,,,,
JD상모2,2015-11-20,8.01,,,,,,,
JD상모2,2015-11-21,8.02,,,,,,,
JD상모2,2015-11-22,8.04,,,,,,,
JD상모2,2015-11-23,8.06,,,,,,,
JD상모2,2015-11-24,8.07,,,,,,,
JD상모2,2015-11-25,8.1,,,,,,,
JD상모2,2015-11-26,8.12,,,,,,,
JD상모2,2015-11-27,8.1,,,,,,,
JD상모2,2015-11-28,8.1,,,,,,,
JD상모2,2015-11-29,8.11,,,,,,,
JD상모2,2015-11-30,8.12,,,,,,,
JD상모2,2015-12-01,8.1,,,,,,,
JD상모2,2015-12-02,8.12,,,,,,,
JD상모2,2015-12-03,8.07,,,,,,,
JD상모2,2015-12-04,7.99,,,,,,,
JD상모2,2015-12-05,7.99,,,,,,,
JD상모2,2015-12-06,8.0,,,,,,,
JD상모2,2015-12-07,7.98,,,,,,,
JD상모2,2015-12-08,7.96,,,,,,,
JD상모2,2015-12-09,7.97,,,,,,,
JD상모2,2015-12-10,8.08,,,,,,,
JD상모2,2015-12-11,8.25,,,,,,,
JD상모2,2015-12-12,8.37,,,,,,,
JD상모2,2015-12-13,8.44,,,,,,,
JD상모2,2015-12-14,8.47,,,,,,,
JD상모2,2015-12-15,8.53,,,,,,,
JD상모2,2015-12-16,8.56,,,,,,,
JD상모2,2015-12-17,8.53,,,,,,,
JD상모2,2015-12-18,8.48,,,,,,,
JD상모2,2015-12-19,8.4,,,,,,,
JD상모2,2015-12-20,8.4,,,,,,,
JD상모2,2015-12-21,8.41,,,,,,,
JD상모2,2015-12-22,8.42,,,,,,,
JD상모2,2015-12-23,8.46,,,,,,,
JD상모2,2015-12-24,8.46,,,,,,,
JD상모2,2015-12-25,8.44,,,,,,,
JD상모2,2015-12-26,8.44,,,,,,,
JD상모2,2015-12-27,8.4,,,,,,,
JD상모2,2015-12-28,8.33,,,,,,,
JD상모2,2015-12-29,8.31,,,,,,,
JD상모2,2015-12-30,8.27,,,,,,,
JD상모2,2015-12-31,8.23,,,,,,,
JD상모2,2016-01-01,8.18,,,,,,,
JD상모2,2016-01-02,8.14,,,,,,,
JD상모2,2016-01-03,7.98,,,,,,,
JD상모2,2016-01-04,8.02,,,,,,,
JD상모2,2016-01-05,8.04,,,,,,,
JD상모2,2016-01-06,8.01,,,,,,,
JD상모2,2016-01-07,8.03,,,,,,,
JD상모2,2016-01-08,8.03,,,,,,,
JD상모2,2016-01-09,8.01,,,,,,,
JD상모2,2016-01-10,8.0,,,,,,,
JD상모2,2016-01-11,8.0,,,,,,,
JD상모2,2016-01-12,7.91,,,,,,,
JD상모2,2016-01-13,7.8,,,,,,,
JD상모2,2016-01-14,7.77,,,,,,,
JD상모2,2016-01-15,7.74,,,,,,,
JD상모2,2016-01-16,7.67,,,,,,,
JD상모2,2016-01-17,7.7,,,,,,,
JD상모2,2016-01-18,7.67,,,,,,,
JD상모2,2016-01-19,7.7,,,,,,,
JD상모2,2016-01-20,7.75,,,,,,,
JD상모2,2016-01-21,7.79,,,,,,,
JD상모2,2016-01-22,7.78,,,,,,,
JD상모2,2016-01-23,7.79,,,,,,,
JD상모2,2016-01-24,7.8,,,,,,,
JD상모2,2016-01-25,7.77,,,,,,,
JD상모2,2016-01-26,7.64,,,,,,,
JD상모2,2016-01-27,7.64,,,,,,,
JD상모2,2016-01-28,7.71,,,,,,,
JD상모2,2016-01-29,7.85,,,,,,,
JD상모2,2016-01-30,7.88,,,,,,,
JD상모2,2016-01-31,7.9,,,,,,,
JD상모2,2016-02-01,7.97,,,,,,,
JD상모2,2016-02-02,7.97,,,,,,,
JD상모2,2016-02-03,7.95,,,,,,,
JD상모2,2016-02-04,7.92,,,,,,,
JD상모2,2016-02-05,7.82,,,,,,,
JD상모2,2016-02-06,7.75,,,,,,,
JD상모2,2016-02-07,7.74,,,,,,,
JD상모2,2016-02-08,7.73,,,,,,,
JD상모2,2016-02-09,7.72,,,,,,,
JD상모2,2016-02-10,7.7,,,,,,,
JD상모2,2016-02-11,7.71,,,,,,,
JD상모2,2016-02-12,7.78,,,,,,,
JD상모2,2016-02-13,8.1,,,,,,,
JD상모2,2016-02-14,8.35,,,,,,,
JD상모2,2016-02-15,8.46,,,,,,,
JD상모2,2016-02-16,8.52,,,,,,,
JD상모2,2016-02-17,8.48,,,,,,,
JD상모2,2016-02-18,8.42,,,,,,,
JD상모2,2016-02-19,8.33,,,,,,,
JD상모2,2016-02-20,8.34,,,,,,,
JD상모2,2016-02-21,8.25,,,,,,,
JD상모2,2016-02-22,8.17,,,,,,,
JD상모2,2016-02-23,8.12,,,,,,,
JD상모2,2016-02-24,8.05,,,,,,,
JD상모2,2016-02-25,7.98,,,,,,,
JD상모2,2016-02-26,7.96,,,,,,,
JD상모2,2016-02-27,7.94,,,,,,,
JD상모2,2016-02-28,7.86,,,,,,,
JD상모2,2016-02-29,7.76,,,,,,,
JD상모2,2016-03-01,7.75,,,,,,,
JD상모2,2016-03-02,7.69,,,,,,,
JD상모2,2016-03-03,7.66,,,,,,,
JD상모2,2016-03-04,7.7,,,,,,,
JD상모2,2016-03-05,7.76,,,,,,,
JD상모2,2016-03-06,7.93,,,,,,,
JD상모2,2016-03-07,8.22,,,,,,,
JD상모2,2016-03-08,8.42,,,,,,,
JD상모2,2016-03-09,8.54,,,,,,,
JD상모2,2016-03-10,8.57,,,,,,,
JD상모2,2016-03-11,8.57,,,,,,,
JD상모2,2016-03-12,8.58,,,,,,,
JD상모2,2016-03-13,8.58,,,,,,,
JD상모2,2016-03-14,8.46,,,,,,,
JD상모2,2016-03-15,8.32,,,,,,,
JD상모2,2016-03-16,8.3,,,,,,,
JD상모2,2016-03-17,8.28,,,,,,,
JD상모2,2016-03-18,8.28,,,,,,,
JD상모2,2016-03-19,8.21,,,,,,,
JD상모2,2016-03-20,8.16,,,,,,,
JD상모2,2016-03-21,8.09,,,,,,,
JD상모2,2016-03-22,8.04,,,,,,,
JD상모2,2016-03-23,7.99,,,,,,,
JD상모2,2016-03-24,7.94,,,,,,,
JD상모2,2016-03-25,7.87,,,,,,,
JD상모2,2016-03-26,7.82,,,,,,,
JD상모2,2016-03-27,7.77,,,,,,,
JD상모2,2016-03-28,7.76,,,,,,,
JD상모2,2016-03-29,7.69,,,,,,,
JD상모2,2016-03-30,7.75,,,,,,,
JD상모2,2016-03-31,7.59,,,,,,,
JD상모2,2016-04-01,7.34,,,,,,,
JD상모2,2016-04-02,7.46,,,,,,,
JD상모2,2016-04-03,7.59,,,,,,,
JD상모2,2016-04-04,7.76,,,,,,,
JD상모2,2016-04-05,7.86,,,,,,,
JD상모2,2016-04-06,7.9,,,,,,,
JD상모2,2016-04-07,7.96,,,,,,,
JD상모2,2016-04-08,8.04,,,,,,,
JD상모2,2016-04-09,8.08,,,,,,,
JD상모2,2016-04-10,8.03,,,,,,,
JD상모2,2016-04-11,8.0,,,,,,,
JD상모2,2016-04-12,8.03,,,,,,,
JD상모2,2016-04-13,8.1,,,,,,,
JD상모2,2016-04-14,8.14,,,,,,,
JD상모2,2016-04-15,8.18,,,,,,,
JD상모2,2016-04-16,8.23,,,,,,,
JD상모2,2016-04-17,8.24,,,,,,,
JD상모2,2016-04-18,8.28,,,,,,,
JD상모2,2016-04-19,8.3,,,,,,,
JD상모2,2016-04-20,8.31,,,,,,,
JD상모2,2016-04-21,8.36,,,,,,,
JD상모2,2016-04-22,8.41,,,,,,,
JD상모2,2016-04-23,8.43,,,,,,,
JD상모2,2016-04-24,8.32,,,,,,,
JD상모2,2016-04-25,8.28,,,,,,,
JD상모2,2016-04-26,8.26,,,,,,,
JD상모2,2016-04-27,8.33,,,,,,,
JD상모2,2016-04-28,8.26,,,,,,,
JD상모2,2016-04-29,8.21,,,,,,,
JD상모2,2016-04-30,8.15,,,,,,,
JD상모2,2016-05-01,8.09,,,,,,,
JD상모2,2016-05-02,8.12,,,,,,,
JD상모2,2016-05-03,8.27,,,,,,,
JD상모2,2016-05-04,8.39,,,,,,,
JD상모2,2016-05-05,8.47,,,,,,,
JD상모2,2016-05-06,8.61,,,,,,,
JD상모2,2016-05-07,8.63,,,,,,,
JD상모2,2016-05-08,8.64,,,,,,,
JD상모2,2016-05-09,8.68,,,,,,,
JD상모2,2016-05-10,8.72,,,,,,,
JD상모2,2016-05-11,8.76,,,,,,,
JD상모2,2016-05-12,8.73,,,,,,,
JD상모2,2016-05-13,8.72,,,,,,,
JD상모2,2016-05-14,8.72,,,,,,,
JD상모2,2016-05-15,8.69,,,,,,,
JD상모2,2016-05-16,8.6,,,,,,,
JD상모2,2016-05-17,8.4,,,,,,,
JD상모2,2016-05-18,8.23,,,,,,,
JD상모2,2016-05-19,8.07,,,,,,,
JD상모2,2016-05-20,7.98,,,,,,,
JD상모2,2016-05-21,7.96,,,,,,,
JD상모2,2016-05-22,7.89,,,,,,,
JD상모2,2016-05-23,8.02,,,,,,,
JD상모2,2016-05-24,8.18,,,,,,,
JD상모2,2016-05-25,8.22,,,,,,,
JD상모2,2016-05-26,8.22,,,,,,,
JD상모2,2016-05-27,8.18,,,,,,,
JD상모2,2016-05-28,8.24,,,,,,,
JD상모2,2016-05-29,8.29,,,,,,,
JD상모2,2016-05-30,8.22,,,,,,,
JD상모2,2016-05-31,8.21,,,,,,,
JD상모2,2016-06-01,8.26,,,,,,,
JD상모2,2016-06-02,8.19,,,,,,,
JD상모2,2016-06-03,8.16,,,,,,,
JD상모2,2016-06-04,8.22,,,,,,,
JD상모2,2016-06-05,8.18,,,,,,,
JD상모2,2016-06-06,8.18,,,,,,,
JD상모2,2016-06-07,8.21,,,,,,,
JD상모2,2016-06-08,8.18,,,,,,,
JD상모2,2016-06-09,8.16,,,,,,,
JD상모2,2016-06-10,8.08,,,,,,,
JD상모2,2016-06-11,8.08,,,,,,,
JD상모2,2016-06-12,8.1,,,,,,,
JD상모2,2016-06-13,8.14,,,,,,,
JD상모2,2016-06-14,8.1,,,,,,,
JD상모2,2016-06-15,8.04,,,,,,,
JD상모2,2016-06-16,8.03,,,,,,,
JD상모2,2016-06-17,7.95,,,,,,,
JD상모2,2016-06-18,7.93,,,,,,,
JD상모2,2016-06-19,8.02,,,,,,,
JD상모2,2016-06-20,8.05,,,,,,,
JD상모2,2016-06-21,8.16,,,,,,,
JD상모2,2016-06-22,8.43,,,,,,,
JD상모2,2016-06-23,8.84,,,,,,,
JD상모2,2016-06-24,9.1,,,,,,,
JD상모2,2016-06-25,9.17,,,,,,,
JD상모2,2016-06-26,9.14,,,,,,,
JD상모2,2016-06-27,9.12,,,,,,,
JD상모2,2016-06-28,9.14,,,,,,,
JD상모2,2016-06-29,9.26,,,,,,,
JD상모2,2016-06-30,9.39,,,,,,,
JD상모2,2016-07-01,9.48,,,,,,,
JD상모2,2016-07-02,9.53,,,,,,,
JD상모2,2016-07-03,9.5,,,,,,,
JD상모2,2016-07-04,9.48,,,,,,,
JD상모2,2016-07-05,9.44,,,,,,,
JD상모2,2016-07-06,9.37,,,,,,,
JD상모2,2016-07-07,9.3,,,,,,,
JD상모2,2016-07-08,9.25,,,,,,,
JD상모2,2016-07-09,9.21,,,,,,,
JD상모2,2016-07-10,9.14,,,,,,,
JD상모2,2016-07-11,9.13,,,,,,,
JD상모2,2016-07-12,9.18,,,,,,,
JD상모2,2016-07-13,9.51,,,,,,,
JD상모2,2016-07-14,9.76,,,,,,,
JD상모2,2016-07-15,9.89,,,,,,,
JD상모2,2016-07-16,9.93,,,,,,,
JD상모2,2016-07-17,9.88,,,,,,,
JD상모2,2016-07-18,9.81,,,,,,,
JD상모2,2016-07-19,9.73,,,,,,,
JD상모2,2016-07-20,9.66,,,,,,,
JD상모2,2016-07-21,9.61,,,,,,,
JD상모2,2016-07-22,9.56,,,,,,,
JD상모2,2016-07-23,9.4,,,,,,,
JD상모2,2016-07-24,9.24,,,,,,,
JD상모2,2016-07-25,9.21,,,,,,,
JD상모2,2016-07-26,9.16,,,,,,,
JD상모2,2016-07-27,9.18,,,,,,,
JD상모2,2016-07-28,9.06,,,,,,,
JD상모2,2016-07-29,9.02,,,,,,,
JD상모2,2016-07-30,8.85,,,,,,,
JD상모2,2016-07-31,8.75,,,,,,,
JD상모2,2016-08-01,8.71,,,,,,,
JD상모2,2016-08-02,8.62,,,,,,,
JD상모2,2016-08-03,8.63,,,,,,,
JD상모2,2016-08-04,8.83,,,,,,,
JD상모2,2016-08-05,8.95,,,,,,,
JD상모2,2016-08-06,9.0,,,,,,,
JD상모2,2016-08-07,8.98,,,,,,,
JD상모2,2016-08-08,8.93,,,,,,,
JD상모2,2016-08-09,8.95,,,,,,,
JD상모2,2016-08-10,8.89,,,,,,,
JD상모2,2016-08-11,8.75,,,,,,,
JD상모2,2016-08-12,8.72,,,,,,,
JD상모2,2016-08-13,8.66,,,,,,,
JD상모2,2016-08-14,8.52,,,,,,,
JD상모2,2016-08-15,8.51,,,,,,,
JD상모2,2016-08-16,8.53,,,,,,,
JD상모2,2016-08-17,8.52,,,,,,,
JD상모2,2016-08-18,8.41,,,,,,,
JD상모2,2016-08-19,8.35,,,,,,,
JD상모2,2016-08-20,8.41,,,,,,,
JD상모2,2016-08-21,8.38,,,,,,,
JD상모2,2016-08-22,8.29,,,,,,,
JD상모2,2016-08-23,8.16,,,,,,,
JD상모2,2016-08-24,8.15,,,,,,,
JD상모2,2016-08-25,8.06,,,,,,,
JD상모2,2016-08-26,8.06,,,,,,,
JD상모2,2016-08-27,8.04,,,,,,,
JD상모2,2016-08-28,8.22,,,,,,,
JD상모2,2016-08-29,8.32,,,,,,,
JD상모2,2016-08-30,8.16,,,,,,,
JD상모2,2016-08-31,8.16,,,,,,,
JD상모2,2016-09-01,8.11,,,,,,,
JD상모2,2016-09-02,8.23,,,,,,,
JD상모2,2016-09-03,8.44,,,,,,,
JD상모2,2016-09-04,8.53,,,,,,,
JD상모2,2016-09-05,8.51,,,,,,,
JD상모2,2016-09-06,8.41,,,,,,,
JD상모2,2016-09-07,8.24,,,,,,,
JD상모2,2016-09-08,7.94,,,,,,,
JD상모2,2016-09-09,7.42,,,,,,,
JD상모2,2016-09-10,6.94,,,,,,,
JD상모2,2016-09-11,6.77,,,,,,,
JD상모2,2016-09-12,6.8,,,,,,,
JD상모2,2016-09-13,6.63,,,,,,,
JD상모2,2016-09-14,6.39,,,,,,,
JD상모2,2016-09-15,6.6,,,,,,,
JD상모2,2016-09-16,7.1,,,,,,,
JD상모2,2016-09-17,7.43,,,,,,,
JD상모2,2016-09-18,7.59,,,,,,,
JD상모2,2016-09-19,7.44,,,,,,,
JD상모2,2016-09-20,7.22,,,,,,,
JD상모2,2016-09-21,6.53,,,,,,,
JD상모2,2016-09-22,5.97,,,,,,,
JD상모2,2016-09-23,5.52,,,,,,,
JD상모2,2016-09-24,5.41,,,,,,,
JD상모2,2016-09-25,5.12,,,,,,,
JD상모2,2016-09-26,5.06,,,,,,,
JD상모2,2016-09-27,5.06,,,,,,,
JD상모2,2016-09-28,5.6,,,,,,,
JD상모2,2016-09-29,6.55,,,,,,,
JD상모2,2016-09-30,7.1,,,,,,,
JD상모2,2016-10-01,7.4,,,,,,,
JD상모2,2016-10-02,7.55,,,,,,,
JD상모2,2016-10-03,7.63,,,,,,,
JD상모2,2016-10-04,7.58,,,,,,,
JD상모2,2016-10-05,7.83,,,,,,,
JD상모2,2016-10-06,8.17,,,,,,,
JD상모2,2016-10-07,8.4,,,,,,,
JD상모2,2016-10-08,8.53,,,,,,,
JD상모2,2016-10-09,8.53,,,,,,,
JD상모2,2016-10-10,8.37,,,,,,,
JD상모2,2016-10-11,8.28,,,,,,,
JD상모2,2016-10-12,8.24,,,,,,,
JD상모2,2016-10-13,8.02,,,,,,,
JD상모2,2016-10-14,7.94,,,,,,,
JD상모2,2016-10-15,7.92,,,,,,,
JD상모2,2016-10-16,7.92,,,,,,,
JD상모2,2016-10-17,7.94,,,,,,,
JD상모2,2016-10-18,7.54,,,,,,,
JD상모2,2016-10-19,7.33,,,,,,,
JD상모2,2016-10-20,7.42,,,,,,,
JD상모2,2016-10-21,7.75,,,,,,,
JD상모2,2016-10-22,8.0,,,,,,,
JD상모2,2016-10-23,8.15,,,,,,,
JD상모2,2016-10-24,8.17,,,,,,,
JD상모2,2016-10-25,8.22,,,,,,,
JD상모2,2016-10-26,8.26,,,,,,,
JD상모2,2016-10-27,8.28,,,,,,,
JD상모2,2016-10-28,8.35,,,,,,,
JD상모2,2016-10-29,8.34,,,,,,,
JD상모2,2016-10-30,8.32,,,,,,,
JD상모2,2016-10-31,8.37,,,,,,,
JD상모2,2016-11-01,8.35,,,,,,,
JD상모2,2016-11-02,8.33,,,,,,,
JD상모2,2016-11-03,8.28,,,,,,,
JD상모2,2016-11-04,8.19,,,,,,,
JD상모2,2016-11-05,8.21,,,,,,,
JD상모2,2016-11-06,8.18,,,,,,,
JD상모2,2016-11-07,8.08,,,,,,,
JD상모2,2016-11-08,8.14,,,,,,,
JD상모2,2016-11-09,8.17,,,,,,,
JD상모2,2016-11-10,8.2,,,,,,,
JD상모2,2016-11-11,8.2,,,,,,,
JD상모2,2016-11-12,8.18,,,,,,,
JD상모2,2016-11-13,8.22,,,,,,,
JD상모2,2016-11-14,8.26,,,,,,,
JD상모2,2016-11-15,8.25,,,,,,,
JD상모2,2016-11-16,8.23,,,,,,,
JD상모2,2016-11-17,8.2,,,,,,,
JD상모2,2016-11-18,8.24,,,,,,,
JD상모2,2016-11-19,8.22,,,,,,,
JD상모2,2016-11-20,8.19,,,,,,,
JD상모2,2016-11-21,8.19,,,,,,,
JD상모2,2016-11-22,8.12,,,,,,,
JD상모2,2016-11-23,8.11,,,,,,,
JD상모2,2016-11-24,8.08,,,,,,,
JD상모2,2016-11-25,8.08,,,,,,,
JD상모2,2016-11-26,8.07,,,,,,,
JD상모2,2016-11-27,8.06,,,,,,,
JD상모2,2016-11-28,8.03,,,,,,,
JD상모2,2016-11-29,8.02,,,,,,,
JD상모2,2016-11-30,8.04,,,,,,,
JD상모2,2016-12-01,8.01,,,,,,,
JD상모2,2016-12-02,7.93,,,,,,,
JD상모2,2016-12-03,7.91,,,,,,,
JD상모2,2016-12-04,7.87,,,,,,,
JD상모2,2016-12-05,7.76,,,,,,,
JD상모2,2016-12-06,7.71,,,,,,,
JD상모2,2016-12-07,7.72,,,,,,,
JD상모2,2016-12-08,7.65,,,,,,,
JD상모2,2016-12-09,7.47,,,,,,,
JD상모2,2016-12-10,7.38,,,,,,,
JD상모2,2016-12-11,7.31,,,,,,,
JD상모2,2016-12-12,7.09,,,,,,,
JD상모2,2016-12-13,7.13,,,,,,,
JD상모2,2016-12-14,7.07,,,,,,,
JD상모2,2016-12-15,7.28,,,,,,,
JD상모2,2016-12-16,7.39,,,,,,,
JD상모2,2016-12-17,7.31,,,,,,,
JD상모2,2016-12-18,7.15,,,,,,,
JD상모2,2016-12-19,7.24,,,,,,,
JD상모2,2016-12-20,7.48,,,,,,,
JD상모2,2016-12-21,7.6,,,,,,,
JD상모2,2016-12-22,7.72,,,,,,,
JD상모2,2016-12-23,7.77,,,,,,,
JD상모2,2016-12-24,7.79,,,,,,,
JD상모2,2016-12-25,7.79,,,,,,,
JD상모2,2016-12-26,7.84,,,,,,,
JD상모2,2016-12-27,7.86,,,,,,,
JD상모2,2016-12-28,7.89,,,,,,,
JD상모2,2016-12-29,7.91,,,,,,,
JD상모2,2016-12-30,7.91,,,,,,,
JD상모2,2016-12-31,7.89,,,,,,,
JD상모2,2017-01-01,7.88,,,,,,,
JD상모2,2017-01-02,7.88,,,,,,,
JD상모2,2017-01-03,7.83,,,,,,,
JD상모2,2017-01-04,7.82,,,,,,,
JD상모2,2017-01-05,7.81,,,,,,,
JD상모2,2017-01-06,7.78,,,,,,,
JD상모2,2017-01-07,7.78,,,,,,,
JD상모2,2017-01-08,7.81,,,,,,,
JD상모2,2017-01-09,7.78,,,,,,,
JD상모2,2017-01-10,7.75,,,,,,,
JD상모2,2017-01-11,7.73,,,,,,,
JD상모2,2017-01-12,7.75,,,,,,,
JD상모2,2017-01-13,7.73,,,,,,,
JD상모2,2017-01-14,7.67,,,,,,,
JD상모2,2017-01-15,7.66,,,,,,,
JD상모2,2017-01-16,7.62,,,,,,,
JD상모2,2017-01-17,7.59,,,,,,,
JD상모2,2017-01-18,7.57,,,,,,,
JD상모2,2017-01-19,7.45,,,,,,,
JD상모2,2017-01-20,7.5,,,,,,,
JD상모2,2017-01-21,7.47,,,,,,,
JD상모2,2017-01-22,7.38,,,,,,,
JD상모2,2017-01-23,7.46,,,,,,,
JD상모2,2017-01-24,7.47,,,,,,,
JD상모2,2017-01-25,7.44,,,,,,,
JD상모2,2017-01-26,7.38,,,,,,,
JD상모2,2017-01-27,7.29,,,,,,,
JD상모2,2017-01-28,7.31,,,,,,,
JD상모2,2017-01-29,7.41,,,,,,,
JD상모2,2017-01-30,7.36,,,,,,,
JD상모2,2017-01-31,7.34,,,,,,,
JD상모2,2017-02-01,7.32,,,,,,,
JD상모2,2017-02-02,7.26,,,,,,,
JD상모2,2017-02-03,7.23,,,,,,,
JD상모2,2017-02-04,7.21,,,,,,,
JD상모2,2017-02-05,7.28,,,,,,,
JD상모2,2017-02-06,7.25,,,,,,,
JD상모2,2017-02-07,7.28,,,,,,,
JD상모2,2017-02-08,7.36,,,,,,,
JD상모2,2017-02-09,7.4,,,,,,,
JD상모2,2017-02-10,7.36,,,,,,,
JD상모2,2017-02-11,7.36,,,,,,,
JD상모2,2017-02-12,7.32,,,,,,,
JD상모2,2017-02-13,7.21,,,,,,,
JD상모2,2017-02-14,7.2,,,,,,,
JD상모2,2017-02-15,7.19,,,,,,,
JD상모2,2017-02-16,7.13,,,,,,,
JD상모2,2017-02-17,7.2,,,,,,,
JD상모2,2017-02-18,7.13,,,,,,,
JD상모2,2017-02-19,7.1,,,,,,,
JD상모2,2017-02-20,7.18,,,,,,,
JD상모2,2017-02-21,7.15,,,,,,,
JD상모2,2017-02-22,7.24,,,,,,,
JD상모2,2017-02-23,7.31,,,,,,,
JD상모2,2017-02-24,7.32,,,,,,,
JD상모2,2017-02-25,7.33,,,,,,,
JD상모2,2017-02-26,7.27,,,,,,,
JD상모2,2017-02-27,7.26,,,,,,,
JD상모2,2017-02-28,7.26,,,,,,,
JD상모2,2017-03-01,7.28,,,,,,,
JD상모2,2017-03-02,7.16,,,,,,,
JD상모2,2017-03-03,7.12,,,,,,,
JD상모2,2017-03-04,7.01,,,,,,,
JD상모2,2017-03-05,6.98,,,,,,,
JD상모2,2017-03-06,7.05,,,,,,,
JD상모2,2017-03-07,7.0,,,,,,,
JD상모2,2017-03-08,6.88,,,,,,,
JD상모2,2017-03-09,6.7,,,,,,,
JD상모2,2017-03-10,6.24,,,,,,,
JD상모2,2017-03-11,6.0,,,,,,,
JD상모2,2017-03-12,5.89,,,,,,,
JD상모2,2017-03-13,6.0,,,,,,,
JD상모2,2017-03-14,6.06,,,,,,,
JD상모2,2017-03-15,5.9,,,,,,,
JD상모2,2017-03-16,5.73,,,,,,,
JD상모2,2017-03-17,5.71,,,,,,,
JD상모2,2017-03-18,5.97,,,,,,,
JD상모2,2017-03-19,6.25,,,,,,,
JD상모2,2017-03-20,6.47,,,,,,,
JD상모2,2017-03-21,6.55,,,,,,,
JD상모2,2017-03-22,6.6,,,,,,,
JD상모2,2017-03-23,6.69,,,,,,,
JD상모2,2017-03-24,6.66,,,,,,,
JD상모2,2017-03-25,6.69,,,,,,,
JD상모2,2017-03-26,6.72,,,,,,,
JD상모2,2017-03-27,6.74,,,,,,,
JD상모2,2017-03-28,6.75,,,,,,,
JD상모2,2017-03-29,6.79,,,,,,,
JD상모2,2017-03-30,6.75,,,,,,,
JD상모2,2017-03-31,6.76,,,,,,,
JD상모2,2017-04-01,6.75,,,,,,,
JD상모2,2017-04-02,6.71,,,,,,,
JD상모2,2017-04-03,6.74,,,,,,,
JD상모2,2017-04-04,6.7,,,,,,,
JD상모2,2017-04-05,6.76,,,,,,,
JD상모2,2017-04-06,6.88,,,,,,,
JD상모2,2017-04-07,7.12,,,,,,,
JD상모2,2017-04-08,7.26,,,,,,,
JD상모2,2017-04-09,7.31,,,,,,,
JD상모2,2017-04-10,7.37,,,,,,,
JD상모2,2017-04-11,7.34,,,,,,,
JD상모2,2017-04-12,7.23,,,,,,,
JD상모2,2017-04-13,7.14,,,,,,,
JD상모2,2017-04-14,7.14,,,,,,,
JD상모2,2017-04-15,7.11,,,,,,,
JD상모2,2017-04-16,7.11,,,,,,,
JD상모2,2017-04-17,7.17,,,,,,,
JD상모2,2017-04-18,7.14,,,,,,,
JD상모2,2017-04-19,7.04,,,,,,,
JD상모2,2017-04-20,7.05,,,,,,,
JD상모2,2017-04-21,7.05,,,,,,,
JD상모2,2017-04-22,7.02,,,,,,,
JD상모2,2017-04-23,6.97,,,,,,,
JD상모2,2017-04-24,6.93,,,,,,,
JD상모2,2017-04-25,6.88,,,,,,,
JD상모2,2017-04-26,6.9,,,,,,,
JD상모2,2017-04-27,6.92,,,,,,,
JD상모2,2017-04-28,6.88,,,,,,,
JD상모2,2017-04-29,6.89,,,,,,,
JD상모2,2017-04-30,6.84,,,,,,,
JD상모2,2017-05-01,6.84,,,,,,,
JD상모2,2017-05-02,6.82,,,,,,,
JD상모2,2017-05-03,6.71,,,,,,,
JD상모2,2017-05-04,6.74,,,,,,,
JD상모2,2017-05-05,6.79,,,,,,,
JD상모2,2017-05-06,6.73,,,,,,,
JD상모2,2017-05-07,6.7,,,,,,,
JD상모2,2017-05-08,6.68,,,,,,,
JD상모2,2017-05-09,6.72,,,,,,,
JD상모2,2017-05-10,6.63,,,,,,,
JD상모2,2017-05-11,6.55,,,,,,,
JD상모2,2017-05-12,6.57,,,,,,,
JD상모2,2017-05-13,6.59,,,,,,,
JD상모2,2017-05-14,6.57,,,,,,,
JD상모2,2017-05-15,6.37,,,,,,,
JD상모2,2017-05-16,6.03,,,,,,,
JD상모2,2017-05-17,5.74,,,,,,,
JD상모2,2017-05-18,5.65,,,,,,,
JD상모2,2017-05-19,5.56,,,,,,,
JD상모2,2017-05-20,5.57,,,,,,,
JD상모2,2017-05-21,5.73,,,,,,,
JD상모2,2017-05-22,5.82,,,,,,,
JD상모2,2017-05-23,6.02,,,,,,,
JD상모2,2017-05-24,6.25,,,,,,,
JD상모2,2017-05-25,6.32,,,,,,,
JD상모2,2017-05-26,6.33,,,,,,,
JD상모2,2017-05-27,6.28,,,,,,,
JD상모2,2017-05-28,6.2,,,,,,,
JD상모2,2017-05-29,6.11,,,,,,,
JD상모2,2017-05-30,6.11,,,,,,,
JD상모2,2017-05-31,6.19,,,,,,,
JD상모2,2017-06-01,6.28,,,,,,,
JD상모2,2017-06-02,6.23,,,,,,,
JD상모2,2017-06-03,6.11,,,,,,,
JD상모2,2017-06-04,6.12,,,,,,,
JD상모2,2017-06-05,6.13,,,,,,,
JD상모2,2017-06-06,6.23,,,,,,,
JD상모2,2017-06-07,6.44,,,,,,,
JD상모2,2017-06-08,6.52,,,,,,,
JD상모2,2017-06-09,6.48,,,,,,,
JD상모2,2017-06-10,6.53,,,,,,,
JD상모2,2017-06-11,6.59,,,,,,,
JD상모2,2017-06-12,6.58,,,,,,,
JD상모2,2017-06-13,6.54,,,,,,,
JD상모2,2017-06-14,6.47,,,,,,,
JD상모2,2017-06-15,6.32,,,,,,,
JD상모2,2017-06-16,6.26,,,,,,,
JD상모2,2017-06-17,6.19,,,,,,,
JD상모2,2017-06-18,6.25,,,,,,,
JD상모2,2017-06-19,6.29,,,,,,,
JD상모2,2017-06-20,6.36,,,,,,,
JD상모2,2017-06-21,6.38,,,,,,,
JD상모2,2017-06-22,6.38,,,,,,,
JD상모2,2017-06-23,6.42,,,,,,,
JD상모2,2017-06-24,6.47,,,,,,,
JD상모2,2017-06-25,6.52,,,,,,,
JD상모2,2017-06-26,6.52,,,,,,,
JD상모2,2017-06-27,6.51,,,,,,,
JD상모2,2017-06-28,6.5,,,,,,,
JD상모2,2017-06-29,6.52,,,,,,,
JD상모2,2017-06-30,6.6,,,,,,,
JD상모2,2017-07-01,6.6,,,,,,,
JD상모2,2017-07-02,6.59,,,,,,,
JD상모2,2017-07-03,6.62,,,,,,,
JD상모2,2017-07-04,6.61,,,,,,,
JD상모2,2017-07-05,6.56,,,,,,,
JD상모2,2017-07-06,6.51,,,,,,,
JD상모2,2017-07-07,6.47,,,,,,,
JD상모2,2017-07-08,6.49,,,,,,,
JD상모2,2017-07-09,6.53,,,,,,,
JD상모2,2017-07-10,6.54,,,,,,,
JD상모2,2017-07-11,6.56,,,,,,,
JD상모2,2017-07-12,6.58,,,,,,,
JD상모2,2017-07-13,6.52,,,,,,,
JD상모2,2017-07-14,6.5,,,,,,,
JD상모2,2017-07-15,6.49,,,,,,,
JD상모2,2017-07-16,6.45,,,,,,,
JD상모2,2017-07-17,6.39,,,,,,,
JD상모2,2017-07-18,6.37,,,,,,,
JD상모2,2017-07-19,6.35,,,,,,,
JD상모2,2017-07-20,6.32,,,,,,,
JD상모2,2017-07-21,6.29,,,,,,,
JD상모2,2017-07-22,6.18,,,,,,,
JD상모2,2017-07-23,6.23,,,,,,,
JD상모2,2017-07-24,6.18,,,,,,,
JD상모2,2017-07-25,6.17,,,,,,,
JD상모2,2017-07-26,6.07,,,,,,,
JD상모2,2017-07-27,6.03,,,,,,,
JD상모2,2017-07-28,6.01,,,,,,,
JD상모2,2017-07-29,6.06,,,,,,,
JD상모2,2017-07-30,6.15,,,,,,,
JD상모2,2017-07-31,6.15,,,,,,,
JD상모2,2017-08-01,6.19,,,,,,,
JD상모2,2017-08-02,6.27,,,,,,,
JD상모2,2017-08-03,6.29,,,,,,,
JD상모2,2017-08-04,6.27,,,,,,,
JD상모2,2017-08-05,6.22,,,,,,,
JD상모2,2017-08-06,6.14,,,,,,,
JD상모2,2017-08-07,6.04,,,,,,,
JD상모2,2017-08-08,6.09,,,,,,,
JD상모2,2017-08-09,6.23,,,,,,,
JD상모2,2017-08-10,6.27,,,,,,,
JD상모2,2017-08-11,6.26,,,,,,,
JD상모2,2017-08-12,6.19,,,,,,,
JD상모2,2017-08-13,6.19,,,,,,,
JD상모2,2017-08-14,6.35,,,,,,,
JD상모2,2017-08-15,6.52,,,,,,,
JD상모2,2017-08-16,6.49,,,,,,,
JD상모2,2017-08-17,6.48,,,,,,,
JD상모2,2017-08-18,6.4,,,,,,,
JD상모2,2017-08-19,6.36,,,,,,,
JD상모2,2017-08-20,6.48,,,,,,,
JD상모2,2017-08-21,6.7,,,,,,,
JD상모2,2017-08-22,6.86,,,,,,,
JD상모2,2017-08-23,6.94,,,,,,,
JD상모2,2017-08-24,6.93,,,,,,,
JD상모2,2017-08-25,6.81,,,,,,,
JD상모2,2017-08-26,6.61,,,,,,,
JD상모2,2017-08-29,5.88,,,,,,,
JD상모2,2017-08-30,5.9,,,,,,,
JD상모2,2017-08-31,5.75,,,,,,,
JD상모2,2017-09-01,5.75,,,,,,,
JD상모2,2017-09-02,5.78,,,,,,,
JD상모2,2017-09-03,5.74,,,,,,,
JD상모2,2017-09-04,5.75,,,,,,,
JD상모2,2017-09-05,5.88,,,,,,,
JD상모2,2017-09-06,6.04,,,,,,,
JD상모2,2017-09-07,6.17,,,,,,,
JD상모2,2017-09-08,6.18,,,,,,,
JD상모2,2017-09-09,6.12,,,,,,,
JD상모2,2017-09-10,6.08,,,,,,,
JD상모2,2017-09-11,6.12,,,,,,,
JD상모2,2017-09-12,6.19,,,,,,,
JD상모2,2017-09-13,6.12,,,,,,,
JD상모2,2017-09-14,6.09,,,,,,,
JD상모2,2017-09-15,6.15,,,,,,,
JD상모2,2017-09-16,6.06,,,,,,,
JD상모2,2017-09-17,5.5,,,,,,,
JD상모2,2017-09-18,4.82,,,,,,,
JD상모2,2017-09-19,4.21,,,,,,,
JD상모2,2017-09-20,3.87,,,,,,,
JD상모2,2017-09-21,3.71,,,,,,,
JD상모2,2017-09-22,3.39,,,,,,,
JD상모2,2017-09-23,3.16,,,,,,,
JD상모2,2017-09-24,3.02,,,,,,,
JD상모2,2017-09-25,3.0,,,,,,,
JD상모2,2017-09-26,3.13,,,,,,,
JD상모2,2017-09-27,3.57,,,,,,,
JD상모2,2017-09-28,3.46,,,,,,,
JD상모2,2017-09-29,3.17,,,,,,,
JD상모2,2017-09-30,2.79,,,,,,,
JD상모2,2017-10-01,3.13,,,,,,,
JD상모2,2017-10-02,4.42,,,,,,,
JD상모2,2017-10-03,5.27,,,,,,,
JD상모2,2017-10-04,5.7,,,,,,,
JD상모2,2017-10-05,5.91,,,,,,,
JD상모2,2017-10-06,6.08,,,,,,,
JD상모2,2017-10-07,6.14,,,,,,,
JD상모2,2017-10-08,6.16,,,,,,,
JD상모2,2017-10-09,6.06,,,,,,,
JD상모2,2017-10-10,5.73,,,,,,,
JD상모2,2017-10-11,5.36,,,,,,,
JD상모2,2017-10-12,5.35,,,,,,,
JD상모2,2017-10-13,5.42,,,,,,,
JD상모2,2017-10-14,5.33,,,,,,,
JD상모2,2017-10-15,5.54,,,,,,,
JD상모2,2017-10-16,5.75,,,,,,,
JD상모2,2017-10-17,5.83,,,,,,,
JD상모2,2017-10-18,5.83,,,,,,,
JD상모2,2017-10-19,5.79,,,,,,,
JD상모2,2017-10-20,5.74,,,,,,,
JD상모2,2017-10-21,5.56,,,,,,,
JD상모2,2017-10-22,5.3,,,,,,,
JD상모2,2017-10-23,4.97,,,,,,,
JD상모2,2017-10-24,4.94,,,,,,,
JD상모2,2017-10-25,4.66,,,,,,,
JD상모2,2017-10-26,4.48,,,,,,,
JD상모2,2017-10-27,4.34,,,,,,,
JD상모2,2017-10-28,4.23,,,,,,,
JD상모2,2017-10-29,4.25,,,,,,,
JD상모2,2017-10-30,4.02,,,,,,,
JD상모2,2017-10-31,4.0,,,,,,,
JD상모2,2017-11-01,3.89,,,,,,,
JD상모2,2017-11-02,3.84,,,,,,,
JD상모2,2017-11-03,3.75,,,,,,,
JD상모2,2017-11-04,3.82,,,,,,,
JD상모2,2017-11-05,3.94,,,,,,,
JD상모2,2017-11-06,4.09,,,,,,,
JD상모2,2017-11-07,4.27,,,,,,,
JD상모2,2017-11-08,4.34,,,,,,,
JD상모2,2017-11-09,4.26,,,,,,,
JD상모2,2017-11-10,4.09,,,,,,,
JD상모2,2017-11-11,3.98,,,,,,,
JD상모2,2017-11-12,4.03,,,,,,,
JD상모2,2017-11-13,4.07,,,,,,,
JD상모2,2017-11-14,3.88,,,,,,,
JD상모2,2017-11-15,3.89,,,,,,,
JD상모2,2017-11-16,4.07,,,,,,,
JD상모2,2017-11-17,4.24,,,,,,,
JD상모2,2017-11-18,4.2,,,,,,,
JD상모2,2017-11-19,4.05,,,,,,,
JD상모2,2017-11-20,3.67,,,,,,,
JD상모2,2017-11-21,3.44,,,,,,,
JD상모2,2017-11-22,3.55,,,,,,,
JD상모2,2017-11-23,3.7,,,,,,,
JD상모2,2017-11-24,3.46,,,,,,,
JD상모2,2017-11-25,3.52,,,,,,,
JD상모2,2017-11-26,3.59,,,,,,,
JD상모2,2017-11-27,3.38,,,,,,,
JD상모2,2017-11-28,3.29,,,,,,,
JD상모2,2017-11-29,3.69,,,,,,,
JD상모2,2017-11-30,4.11,,,,,,,
JD상모2,2017-12-01,4.31,,,,,,,
JD상모2,2017-12-02,4.44,,,,,,,
JD상모2,2017-12-03,4.49,,,,,,,
JD상모2,2017-12-04,4.47,,,,,,,
JD상모2,2017-12-05,4.39,,,,,,,
JD상모2,2017-12-06,4.65,,,,,,,
JD상모2,2017-12-07,4.81,,,,,,,
JD상모2,2017-12-08,4.89,,,,,,,
JD상모2,2017-12-09,4.96,,,,,,,
JD상모2,2017-12-10,5.02,,,,,,,
JD상모2,2017-12-11,5.03,,,,,,,
JD상모2,2017-12-12,5.01,,,,,,,
JD상모2,2017-12-13,5.04,,,,,,,
JD상모2,2017-12-14,5.1,,,,,,,
JD상모2,2017-12-15,5.11,,,,,,,
JD상모2,2017-12-16,4.99,,,,,,,
JD상모2,2017-12-17,4.88,,,,,,,
JD상모2,2017-12-18,4.93,,,,,,,
JD상모2,2017-12-19,4.99,,,,,,,
JD상모2,2017-12-20,4.98,,,,,,,
JD상모2,2017-12-21,4.84,,,,,,,
JD상모2,2017-12-22,4.72,,,,,,,
JD상모2,2017-12-23,4.77,,,,,,,
JD상모2,2017-12-24,4.89,,,,,,,
JD상모2,2017-12-25,5.03,,,,,,,
JD상모2,2017-12-26,5.05,,,,,,,
JD상모2,2017-12-27,5.07,,,,,,,
JD상모2,2017-12-28,5.09,,,,,,,
JD상모2,2017-12-29,5.06,,,,,,,
JD상모2,2017-12-30,5.04,,,,,,,
JD상모2,2017-12-31,4.85,,,,,,,
JD상모2,2018-01-01,5.03,,,,,,,
JD상모2,2018-01-02,5.12,,,,,,,
JD상모2,2018-01-03,5.06,,,,,,,
JD상모2,2018-01-04,5.0,,,,,,,
JD상모2,2018-01-05,5.09,,,,,,,
JD상모2,2018-01-06,5.22,,,,,,,
JD상모2,2018-01-07,5.31,,,,,,,
JD상모2,2018-01-08,5.38,,,,,,,
JD상모2,2018-01-09,5.37,,,,,,,
JD상모2,2018-01-10,5.38,,,,,,,
JD상모2,2018-01-11,5.39,,,,,,,
JD상모2,2018-01-12,5.4,,,,,,,
JD상모2,2018-01-13,5.4,,,,,,,
JD상모2,2018-01-14,5.43,,,,,,,
JD상모2,2018-01-15,5.45,,,,,,,
JD상모2,2018-01-16,5.5,,,,,,,
JD상모2,2018-01-17,5.56,,,,,,,
JD상모2,2018-01-18,5.54,,,,,,,
JD상모2,2018-01-19,5.58,,,,,,,
JD상모2,2018-01-20,5.56,,,,,,,
JD상모2,2018-01-21,5.56,,,,,,,
JD상모2,2018-01-22,5.56,,,,,,,
JD상모2,2018-01-23,5.5,,,,,,,
JD상모2,2018-01-24,5.49,,,,,,,
JD상모2,2018-01-25,5.52,,,,,,,
JD상모2,2018-01-26,5.54,,,,,,,
JD상모2,2018-01-27,5.52,,,,,,,
JD상모2,2018-01-28,5.47,,,,,,,
JD상모2,2018-01-29,5.46,,,,,,,
JD상모2,2018-01-30,5.46,,,,,,,
JD상모2,2018-01-31,5.48,,,,,,,
JD상모2,2018-02-01,5.45,,,,,,,
JD상모2,2018-02-02,5.35,,,,,,,
JD상모2,2018-02-03,5.33,,,,,,,
JD상모2,2018-02-04,5.38,,,,,,,
JD상모2,2018-02-05,5.48,,,,,,,
JD상모2,2018-02-06,5.48,,,,,,,
JD상모2,2018-02-07,5.51,,,,,,,
JD상모2,2018-02-08,5.45,,,,,,,
JD상모2,2018-02-09,5.27,,,,,,,
JD상모2,2018-02-10,5.25,,,,,,,
JD상모2,2018-02-11,5.33,,,,,,,
JD상모2,2018-02-12,5.4,,,,,,,
JD상모2,2018-02-13,5.42,,,,,,,
JD상모2,2018-02-14,5.3,,,,,,,
JD상모2,2018-02-15,5.04,,,,,,,
JD상모2,2018-02-16,5.19,,,,,,,
JD상모2,2018-02-17,5.3,,,,,,,
JD상모2,2018-02-18,5.04,,,,,,,
JD상모2,2018-02-19,5.07,,,,,,,
JD상모2,2018-02-20,5.18,,,,,,,
JD상모2,2018-02-21,5.22,,,,,,,
JD상모2,2018-02-22,5.24,,,,,,,
JD상모2,2018-02-23,5.15,,,,,,,
JD상모2,2018-02-24,5.02,,,,,,,
JD상모2,2018-02-25,4.87,,,,,,,
JD상모2,2018-02-26,4.79,,,,,,,
JD상모2,2018-02-27,5.0,,,,,,,
JD상모2,2018-02-28,5.26,,,,,,,
JD상모2,2018-03-01,5.53,,,,,,,
JD상모2,2018-03-02,5.6,,,,,,,
JD상모2,2018-03-03,5.7,,,,,,,
JD상모2,2018-03-04,5.74,,,,,,,
JD상모2,2018-03-05,5.76,,,,,,,
JD상모2,2018-03-06,5.68,,,,,,,
JD상모2,2018-03-07,5.72,,,,,,,
JD상모2,2018-03-08,5.77,,,,,,,
JD상모2,2018-03-09,5.8,,,,,,,
JD상모2,2018-03-10,5.82,,,,,,,
JD상모2,2018-03-11,5.77,,,,,,,
JD상모2,2018-03-12,5.73,,,,,,,
JD상모2,2018-03-13,5.76,,,,,,,
JD상모2,2018-03-14,5.69,,,,,,,
JD상모2,2018-03-15,5.72,,,,,,,
JD상모2,2018-03-16,5.83,,,,,,,
JD상모2,2018-03-17,5.9,,,,,,,
JD상모2,2018-03-18,5.95,,,,,,,
JD상모2,2018-03-19,6.06,,,,,,,
JD상모2,2018-03-20,6.19,,,,,,,
JD상모2,2018-03-21,6.28,,,,,,,
JD상모2,2018-03-22,6.33,,,,,,,
JD상모2,2018-03-23,6.3,,,,,,,
JD상모2,2018-03-24,6.25,,,,,,,
JD상모2,2018-03-25,6.21,,,,,,,
JD상모2,2018-03-26,6.18,,,,,,,
JD상모2,2018-03-27,6.12,,,,,,,
JD상모2,2018-03-28,6.02,,,,,,,
JD상모2,2018-03-29,5.97,,,,,,,
JD상모2,2018-03-30,5.92,,,,,,,
JD상모2,2018-03-31,5.85,,,,,,,
JD상모2,2018-04-01,5.81,,,,,,,
JD상모2,2018-04-02,5.79,,,,,,,
JD상모2,2018-04-03,5.79,,,,,,,
JD상모2,2018-04-04,5.81,,,,,,,
JD상모2,2018-04-05,5.86,,,,,,,
JD상모2,2018-04-06,5.89,,,,,,,
JD상모2,2018-04-07,5.85,,,,,,,
JD상모2,2018-04-08,5.74,,,,,,,
JD상모2,2018-04-09,5.66,,,,,,,
JD상모2,2018-04-10,5.57,,,,,,,
JD상모2,2018-04-11,5.58,,,,,,,
JD상모2,2018-04-12,5.44,,,,,,,
JD상모2,2018-04-13,5.56,,,,,,,
JD상모2,2018-04-14,5.67,,,,,,,
JD상모2,2018-04-15,5.73,,,,,,,
JD상모2,2018-04-16,5.74,,,,,,,
JD상모2,2018-04-17,5.74,,,,,,,
JD상모2,2018-04-18,5.68,,,,,,,
JD상모2,2018-04-19,5.56,,,,,,,
JD상모2,2018-04-20,5.56,,,,,,,
JD상모2,2018-04-21,5.56,,,,,,,
JD상모2,2018-04-22,5.67,,,,,,,
JD상모2,2018-04-23,5.86,,,,,,,
JD상모2,2018-04-24,6.41,,,,,,,
JD상모2,2018-04-25,6.8,,,,,,,
JD상모2,2018-04-26,6.99,,,,,,,
JD상모2,2018-04-27,7.01,,,,,,,
JD상모2,2018-04-28,7.01,,,,,,,
JD상모2,2018-04-29,6.98,,,,,,,
JD상모2,2018-04-30,7.01,,,,,,,
JD상모2,2018-05-01,7.1,,,,,,,
JD상모2,2018-05-02,7.15,,,,,,,
JD상모2,2018-05-03,7.01,,,,,,,
JD상모2,2018-05-04,6.95,,,,,,,
JD상모2,2018-05-05,6.88,,,,,,,
JD상모2,2018-05-06,7.07,,,,,,,
JD상모2,2018-05-07,7.5,,,,,,,
JD상모2,2018-05-08,7.73,,,,,,,
JD상모2,2018-05-09,7.77,,,,,,,
JD상모2,2018-05-10,7.71,,,,,,,
JD상모2,2018-05-11,7.7,,,,,,,
JD상모2,2018-05-12,7.69,,,,,,,
JD상모2,2018-05-13,7.72,,,,,,,
JD상모2,2018-05-14,7.81,,,,,,,
JD상모2,2018-05-15,7.83,,,,,,,
JD상모2,2018-05-16,7.83,,,,,,,
JD상모2,2018-05-17,7.82,,,,,,,
JD상모2,2018-05-18,7.8,,,,,,,
JD상모2,2018-05-19,7.68,,,,,,,
JD상모2,2018-05-20,7.62,,,,,,,
JD상모2,2018-05-21,7.57,,,,,,,
JD상모2,2018-05-22,7.55,,,,,,,
JD상모2,2018-05-23,7.54,,,,,,,
JD상모2,2018-05-24,7.45,,,,,,,
JD상모2,2018-05-25,7.43,,,,,,,
JD상모2,2018-05-26,7.41,,,,,,,
JD상모2,2018-05-27,7.36,,,,,,,
JD상모2,2018-05-28,7.36,,,,,,,
JD상모2,2018-05-29,7.33,,,,,,,
JD상모2,2018-05-30,7.28,,,,,,,
JD상모2,2018-05-31,7.21,,,,,,,
JD상모2,2018-06-01,7.12,,,,,,,
JD상모2,2018-06-02,7.13,,,,,,,
JD상모2,2018-06-03,7.08,,,,,,,
JD상모2,2018-06-04,7.04,,,,,,,
JD상모2,2018-06-05,7.09,,,,,,,
JD상모2,2018-06-06,7.07,,,,,,,
JD상모2,2018-06-07,7.01,,,,,,,
JD상모2,2018-06-08,7.04,,,,,,,
JD상모2,2018-06-09,7.08,,,,,,,
JD상모2,2018-06-10,7.08,,,,,,,
JD상모2,2018-06-11,7.1,,,,,,,
JD상모2,2018-06-12,7.12,,,,,,,
JD상모2,2018-06-13,7.06,,,,,,,
JD상모2,2018-06-14,7.03,,,,,,,
JD상모2,2018-06-15,7.0,,,,,,,
JD상모2,2018-06-16,6.98,,,,,,,
JD상모2,2018-06-17,6.95,,,,,,,
JD상모2,2018-06-18,6.9,,,,,,,
JD상모2,2018-06-19,6.95,,,,,,,
JD상모2,2018-06-20,7.05,,,,,,,
JD상모2,2018-06-21,6.99,,,,,,,
JD상모2,2018-06-22,7.03,,,,,,,
JD상모2,2018-06-23,7.08,,,,,,,
JD상모2,2018-06-24,7.05,,,,,,,
JD상모2,2018-06-25,7.03,,,,,,,
JD상모2,2018-06-26,7.02,,,,,,,
JD상모2,2018-06-27,7.04,,,,,,,
JD상모2,2018-06-28,7.07,,,,,,,
JD상모2,2018-06-29,7.29,,,,,,,
JD상모2,2018-06-30,7.55,,,,,,,
JD상모2,2018-07-01,7.73,,,,,,,
JD상모2,2018-07-02,7.87,,,,,,,
JD상모2,2018-07-03,7.96,,,,,,,
JD상모2,2018-07-04,7.9,,,,,,,
JD상모2,2018-07-05,7.85,,,,,,,
JD상모2,2018-07-06,7.82,,,,,,,
JD상모2,2018-07-07,7.77,,,,,,,
JD상모2,2018-07-08,7.65,,,,,,,
JD상모2,2018-07-09,7.55,,,,,,,
JD상모2,2018-07-10,7.5,,,,,,,
JD상모2,2018-07-11,7.47,,,,,,,
JD상모2,2018-07-12,7.39,,,,,,,
JD상모2,2018-07-13,7.27,,,,,,,
JD상모2,2018-07-14,7.19,,,,,,,
JD상모2,2018-07-15,7.13,,,,,,,
JD상모2,2018-07-16,7.09,,,,,,,
JD상모2,2018-07-17,7.0,,,,,,,
JD상모2,2018-07-18,6.96,,,,,,,
JD상모2,2018-07-19,6.85,,,,,,,
JD상모2,2018-07-20,6.9,,,,,,,
JD상모2,2018-07-21,6.81,,,,,,,
JD상모2,2018-07-22,6.79,,,,,,,
JD상모2,2018-07-23,6.74,,,,,,,
JD상모2,2018-07-24,6.72,,,,,,,
JD상모2,2018-07-25,6.73,,,,,,,
JD상모2,2018-07-26,6.69,,,,,,,
JD상모2,2018-07-27,6.59,,,,,,,
JD상모2,2018-07-28,6.5,,,,,,,
JD상모2,2018-07-29,6.59,,,,,,,
JD상모2,2018-07-30,6.63,,,,,,,
JD상모2,2018-07-31,6.63,,,,,,,
JD상모2,2018-08-01,6.39,,,,,,,
JD상모2,2018-08-02,6.31,,,,,,,
JD상모2,2018-08-03,6.43,,,,,,,
JD상모2,2018-08-04,6.52,,,,,,,
JD상모2,2018-08-05,6.49,,,,,,,
JD상모2,2018-08-06,6.49,,,,,,,
JD상모2,2018-08-07,6.41,,,,,,,
JD상모2,2018-08-08,6.45,,,,,,,
JD상모2,2018-08-09,6.57,,,,,,,
JD상모2,2018-08-10,6.52,,,,,,,
JD상모2,2018-08-11,6.58,,,,,,,
JD상모2,2018-08-12,6.57,,,,,,,
JD상모2,2018-08-13,6.52,,,,,,,
JD상모2,2018-08-14,6.55,,,,,,,
JD상모2,2018-08-15,6.48,,,,,,,
JD상모2,2018-08-16,6.54,,,,,,,
JD상모2,2018-08-17,6.64,,,,,,,
JD상모2,2018-08-18,6.63,,,,,,,
JD상모2,2018-08-19,6.45,,,,,,,
JD상모2,2018-08-20,6.33,,,,,,,
JD상모2,2018-08-21,6.37,,,,,,,
JD상모2,2018-08-22,6.5,,,,,,,
JD상모2,2018-08-23,6.92,,,,,,,
JD상모2,2018-08-24,7.41,,,,,,,
JD상모2,2018-08-25,7.64,,,,,,,
JD상모2,2018-08-26,7.76,,,,,,,
JD상모2,2018-08-27,7.74,,,,,,,
JD상모2,2018-08-28,7.61,,,,,,,
JD상모2,2018-08-29,7.32,,,,,,,
JD상모2,2018-08-30,7.05,,,,,,,
JD상모2,2018-08-31,6.88,,,,,,,
JD상모2,2018-09-01,7.05,,,,,,,
JD상모2,2018-09-02,7.29,,,,,,,
JD상모2,2018-09-03,7.43,,,,,,,
JD상모2,2018-09-04,7.53,,,,,,,
JD상모2,2018-09-05,7.61,,,,,,,
JD상모2,2018-09-06,7.63,,,,,,,
JD상모2,2018-09-07,7.65,,,,,,,
JD상모2,2018-09-08,7.66,,,,,,,
JD상모2,2018-09-09,7.64,,,,,,,
JD상모2,2018-09-10,7.51,,,,,,,
JD상모2,2018-09-11,7.31,,,,,,,
JD상모2,2018-09-12,7.23,,,,,,,
JD상모2,2018-09-13,7.22,,,,,,,
JD상모2,2018-09-14,7.5,,,,,,,
JD상모2,2018-09-15,7.63,,,,,,,
JD상모2,2018-09-16,7.65,,,,,,,
JD상모2,2018-09-17,7.67,,,,,,,
JD상모2,2018-09-18,7.6,,,,,,,
JD상모2,2018-09-19,7.57,,,,,,,
JD상모2,2018-09-20,7.6,,,,,,,
JD상모2,2018-09-21,7.59,,,,,,,
JD상모2,2018-09-22,7.5,,,,,,,
JD상모2,2018-09-23,7.36,,,,,,,
JD상모2,2018-09-24,7.22,,,,,,,
JD상모2,2018-09-25,6.88,,,,,,,
JD상모2,2018-09-26,6.3,,,,,,,
JD상모2,2018-09-27,6.02,,,,,,,
JD상모2,2018-09-28,5.69,,,,,,,
JD상모2,2018-09-29,5.4,,,,,,,
JD상모2,2018-09-30,5.51,,,,,,,
JD상모2,2018-10-01,5.21,,,,,,,
JD상모2,2018-10-02,4.68,,,,,,,
JD상모2,2018-10-03,4.79,,,,,,,
JD상모2,2018-10-04,5.26,,,,,,,
JD상모2,2018-10-05,6.03,,,,,,,
JD상모2,2018-10-06,6.73,,,,,,,
JD상모2,2018-10-07,7.15,,,,,,,
JD상모2,2018-10-08,7.37,,,,,,,
JD상모2,2018-10-09,7.28,,,,,,,
JD상모2,2018-10-10,7.06,,,,,,,
JD상모2,2018-10-11,6.72,,,,,,,
JD상모2,2018-10-12,6.27,,,,,,,
JD상모2,2018-10-13,5.8,,,,,,,
JD상모2,2018-10-14,5.53,,,,,,,
JD상모2,2018-10-15,5.31,,,,,,,
JD상모2,2018-10-16,5.36,,,,,,,
JD상모2,2018-10-17,5.48,,,,,,,
JD상모2,2018-10-18,5.54,,,,,,,
JD상모2,2018-10-19,5.34,,,,,,,
JD상모2,2018-10-20,4.98,,,,,,,
JD상모2,2018-10-21,4.96,,,,,,,
JD상모2,2018-10-22,5.11,,,,,,,
JD상모2,2018-10-23,5.21,,,,,,,
JD상모2,2018-10-24,5.18,,,,,,,
JD상모2,2018-10-25,5.41,,,,,,,
JD상모2,2018-10-26,5.75,,,,,,,
JD상모2,2018-10-27,5.68,,,,,,,
JD상모2,2018-10-28,5.35,,,,,,,
JD상모2,2018-10-29,5.15,,,,,,,
JD상모2,2018-10-30,4.6,,,,,,,
JD상모2,2018-10-31,4.53,,,,,,,
JD상모2,2018-11-01,4.56,,,,,,,
JD상모2,2018-11-02,4.61,,,,,,,
JD상모2,2018-11-03,4.51,,,,,,,
JD상모2,2018-11-04,4.21,,,,,,,
JD상모2,2018-11-05,4.25,,,,,,,
JD상모2,2018-11-06,4.43,,,,,,,
JD상모2,2018-11-07,4.83,,,,,,,
JD상모2,2018-11-08,5.38,,,,,,,
JD상모2,2018-11-09,5.72,,,,,,,
JD상모2,2018-11-10,5.89,,,,,,,
JD상모2,2018-11-11,6.04,,,,,,,
JD상모2,2018-11-12,6.16,,,,,,,
JD상모2,2018-11-13,6.23,,,,,,,
JD상모2,2018-11-14,6.25,,,,,,,
JD상모2,2018-11-15,6.3,,,,,,,
JD상모2,2018-11-16,6.36,,,,,,,
JD상모2,2018-11-17,6.39,,,,,,,
JD상모2,2018-11-18,6.42,,,,,,,
JD상모2,2018-11-19,6.36,,,,,,,
JD상모2,2018-11-20,6.35,,,,,,,
JD상모2,2018-11-21,6.41,,,,,,,
JD상모2,2018-11-22,6.37,,,,,,,
JD상모2,2018-11-23,6.25,,,,,,,
JD상모2,2018-11-24,6.15,,,,,,,
JD상모2,2018-11-25,6.13,,,,,,,
JD상모2,2018-11-26,6.17,,,,,,,
JD상모2,2018-11-27,6.16,,,,,,,
JD상모2,2018-11-28,6.04,,,,,,,
JD상모2,2018-11-29,6.02,,,,,,,
JD상모2,2018-11-30,6.16,,,,,,,
JD상모2,2018-12-01,6.29,,,,,,,
JD상모2,2018-12-02,6.41,,,,,,,
JD상모2,2018-12-03,6.52,,,,,,,
JD상모2,2018-12-04,6.56,,,,,,,
JD상모2,2018-12-05,6.5,,,,,,,
JD상모2,2018-12-06,6.59,,,,,,,
JD상모2,2018-12-07,6.57,,,,,,,
JD상모2,2018-12-08,6.6,,,,,,,
JD상모2,2018-12-09,6.58,,,,,,,
JD상모2,2018-12-10,6.57,,,,,,,
JD상모2,2018-12-11,6.62,,,,,,,
JD상모2,2018-12-12,6.62,,,,,,,
JD상모2,2018-12-13,6.64,,,,,,,
JD상모2,2018-12-14,6.62,,,,,,,
JD상모2,2018-12-15,6.62,,,,,,,
JD상모2,2018-12-16,6.69,,,,,,,
JD상모2,2018-12-17,6.7,,,,,,,
JD상모2,2018-12-18,6.7,,,,,,,
JD상모2,2018-12-19,6.71,,,,,,,
JD상모2,2018-12-20,6.72,,,,,,,
JD상모2,2018-12-21,6.75,,,,,,,
JD상모2,2018-12-22,6.76,,,,,,,
JD상모2,2018-12-23,6.78,,,,,,,
JD상모2,2018-12-24,6.78,,,,,,,
JD상모2,2018-12-25,6.79,,,,,,,
JD상모2,2018-12-26,6.79,,,,,,,
JD상모2,2018-12-27,6.75,,,,,,,
JD상모2,2018-12-28,6.76,,,,,,,
JD상모2,2018-12-29,6.75,,,,,,,
JD상모2,2018-12-30,6.69,,,,,,,
JD상모2,2018-12-31,6.72,,,,,,,
JD상모2,2019-01-01,6.69,,,,,,,
JD상모2,2019-01-02,6.65,,,,,,,
JD상모2,2019-01-03,6.48,,,,,,,
JD상모2,2019-01-04,6.31,,,,,,,
JD상모2,2019-01-05,6.37,,,,,,,
JD상모2,2019-01-06,6.51,,,,,,,
JD상모2,2019-01-07,6.58,,,,,,,
JD상모2,2019-01-08,6.64,,,,,,,
JD상모2,2019-01-09,6.56,,,,,,,
JD상모2,2019-01-10,6.47,,,,,,,
JD상모2,2019-01-11,6.36,,,,,,,
JD상모2,2019-01-12,6.3,,,,,,,
JD상모2,2019-01-13,6.29,,,,,,,
JD상모2,2019-01-14,6.25,,,,,,,
JD상모2,2019-01-15,6.21,,,,,,,
JD상모2,2019-01-16,6.17,,,,,,,
JD상모2,2019-01-17,6.25,,,,,,,
JD상모2,2019-01-18,6.2,,,,,,,
JD상모2,2019-01-19,5.89,,,,,,,
JD상모2,2019-01-20,5.85,,,,,,,
JD상모2,2019-01-21,5.76,,,,,,,
JD상모2,2019-01-22,5.65,,,,,,,
JD상모2,2019-01-23,5.31,,,,,,,
JD상모2,2019-01-24,5.15,,,,,,,
JD상모2,2019-01-25,5.1,,,,,,,
JD상모2,2019-01-26,5.11,,,,,,,
JD상모2,2019-01-27,5.17,,,,,,,
JD상모2,2019-01-28,5.21,,,,,,,
JD상모2,2019-01-29,5.35,,,,,,,
JD상모2,2019-01-30,5.51,,,,,,,
JD상모2,2019-01-31,5.66,,,,,,,
JD상모2,2019-02-01,5.92,,,,,,,
JD상모2,2019-02-02,5.97,,,,,,,
JD상모2,2019-02-03,6.14,,,,,,,
JD상모2,2019-02-04,6.18,,,,,,,
JD상모2,2019-02-05,6.22,,,,,,,
JD상모2,2019-02-06,6.29,,,,,,,
JD상모2,2019-02-07,6.3,,,,,,,
JD상모2,2019-02-08,6.29,,,,,,,
JD상모2,2019-02-09,6.29,,,,,,,
JD상모2,2019-02-10,6.28,,,,,,,
JD상모2,2019-02-11,6.21,,,,,,,
JD상모2,2019-02-12,6.22,,,,,,,
JD상모2,2019-02-13,6.2,,,,,,,
JD상모2,2019-02-14,6.04,,,,,,,
JD상모2,2019-02-15,5.99,,,,,,,
JD상모2,2019-02-16,6.01,,,,,,,
JD상모2,2019-02-17,5.98,,,,,,,
JD상모2,2019-02-18,6.0,,,,,,,
JD상모2,2019-02-19,6.22,,,,,,,
JD상모2,2019-02-20,6.25,,,,,,,
JD상모2,2019-02-21,6.28,,,,,,,
JD상모2,2019-02-22,6.29,,,,,,,
JD상모2,2019-02-23,6.31,,,,,,,
JD상모2,2019-02-24,6.32,,,,,,,
JD상모2,2019-02-25,6.32,,,,,,,
JD상모2,2019-02-26,6.26,,,,,,,
JD상모2,2019-02-27,6.2,,,,,,,
JD상모2,2019-02-28,6.22,,,,,,,
JD상모2,2019-03-01,6.12,,,,,,,
JD상모2,2019-03-02,6.24,,,,,,,
JD상모2,2019-03-03,6.31,,,,,,,
JD상모2,2019-03-04,6.29,,,,,,,
JD상모2,2019-03-05,6.25,,,,,,,
JD상모2,2019-03-06,6.25,,,,,,,
JD상모2,2019-03-07,6.23,,,,,,,
JD상모2,2019-03-08,6.19,,,,,,,
JD상모2,2019-03-09,6.27,,,,,,,
JD상모2,2019-03-10,6.36,,,,,,,
JD상모2,2019-03-11,6.29,,,,,,,
JD상모2,2019-03-12,6.3,,,,,,,
JD상모2,2019-03-13,6.25,,,,,,,
JD상모2,2019-03-14,6.23,,,,,,,
JD상모2,2019-03-15,6.21,,,,,,,
JD상모2,2019-03-16,6.22,,,,,,,
JD상모2,2019-03-17,6.23,,,,,,,
JD상모2,2019-03-18,6.26,,,,,,,
JD상모2,2019-03-19,6.23,,,,,,,
JD상모2,2019-03-20,6.1,,,,,,,
JD상모2,2019-03-21,6.3,,,,,,,
JD상모2,2019-03-22,6.21,,,,,,,
JD상모2,2019-03-23,6.22,,,,,,,
JD상모2,2019-03-24,6.23,,,,,,,
JD상모2,2019-03-25,6.23,,,,,,,
JD상모2,2019-03-26,6.19,,,,,,,
JD상모2,2019-03-27,5.9,,,,,,,
JD상모2,2019-03-28,5.5,,,,,,,
JD상모2,2019-03-29,4.72,,,,,,,
JD상모2,2019-03-30,4.33,,,,,,,
JD상모2,2019-03-31,4.23,,,,,,,
JD상모2,2019-04-01,3.99,,,,,,,
JD상모2,2019-04-02,3.9,,,,,,,
JD상모2,2019-04-03,3.76,,,,,,,
JD상모2,2019-04-04,3.58,,,,,,,
JD상모2,2019-04-05,3.69,,,,,,,
JD상모2,2019-04-06,3.85,,,,,,,
JD상모2,2019-04-07,3.87,,,,,,,
JD상모2,2019-04-08,4.11,,,,,,,
JD상모2,2019-04-09,4.46,,,,,,,
JD상모2,2019-04-10,4.89,,,,,,,
JD상모2,2019-04-11,5.13,,,,,,,
JD상모2,2019-04-12,5.21,,,,,,,
JD상모2,2019-04-13,5.28,,,,,,,
JD상모2,2019-04-14,5.33,,,,,,,
JD상모2,2019-04-15,5.27,,,,,,,
JD상모2,2019-04-16,5.15,,,,,,,
JD상모2,2019-04-17,4.88,,,,,,,
JD상모2,2019-04-18,4.33,,,,,,,
JD상모2,2019-04-19,3.86,,,,,,,
JD상모2,2019-04-20,3.57,,,,,,,
JD상모2,2019-04-21,3.31,,,,,,,
JD상모2,2019-04-22,3.43,,,,,,,
JD상모2,2019-04-23,3.97,,,,,,,
JD상모2,2019-04-24,4.48,,,,,,,
JD상모2,2019-04-25,4.81,,,,,,,
JD상모2,2019-04-26,4.9,,,,,,,
JD상모2,2019-04-27,4.9,,,,,,,
JD상모2,2019-04-28,5.04,,,,,,,
JD상모2,2019-04-29,5.21,,,,,,,
JD상모2,2019-04-30,5.22,,,,,,,
JD상모2,2019-05-01,5.29,,,,,,,
JD상모2,2019-05-02,5.19,,,,,,,
JD상모2,2019-05-03,4.79,,,,,,,
JD상모2,2019-05-04,4.17,,,,,,,
JD상모2,2019-05-05,3.53,,,,,,,
JD상모2,2019-05-06,3.23,,,,,,,
JD상모2,2019-05-07,3.08,,,,,,,
JD상모2,2019-05-08,2.82,,,,,,,
JD상모2,2019-05-09,2.93,,,,,,,
JD상모2,2019-05-10,2.88,,,,,,,
JD상모2,2019-05-11,2.85,,,,,,,
JD상모2,2019-05-12,2.86,,,,,,,
JD상모2,2019-05-13,3.07,,,,,,,
JD상모2,2019-05-14,3.31,,,,,,,
JD상모2,2019-05-15,3.65,,,,,,,
JD상모2,2019-05-16,3.81,,,,,,,
JD상모2,2019-05-17,4.23,,,,,,,
JD상모2,2019-05-18,4.62,,,,,,,
JD상모2,2019-05-19,4.95,,,,,,,
JD상모2,2019-05-20,5.11,,,,,,,
JD상모2,2019-05-21,5.16,,,,,,,
JD상모2,2019-05-22,5.13,,,,,,,
JD상모2,2019-05-23,5.15,,,,,,,
JD상모2,2019-05-24,5.16,,,,,,,
JD상모2,2019-05-25,5.14,,,,,,,
JD상모2,2019-05-26,5.13,,,,,,,
JD상모2,2019-05-27,5.31,,,,,,,
JD상모2,2019-05-28,5.6,,,,,,,
JD상모2,2019-05-29,5.76,,,,,,,
JD상모2,2019-05-30,5.81,,,,,,,
JD상모2,2019-05-31,5.81,,,,,,,
JD상모2,2019-06-01,5.76,,,,,,,
JD상모2,2019-06-02,5.74,,,,,,,
JD상모2,2019-06-03,5.65,,,,,,,
JD상모2,2019-06-04,5.63,,,,,,,
JD상모2,2019-06-05,5.61,,,,,,,
JD상모2,2019-06-06,5.65,,,,,,,
JD상모2,2019-06-07,5.72,,,,,,,
JD상모2,2019-06-08,5.71,,,,,,,
JD상모2,2019-06-09,5.67,,,,,,,
JD상모2,2019-06-10,5.6,,,,,,,
JD상모2,2019-06-11,5.57,,,,,,,
JD상모2,2019-06-12,5.61,,,,,,,
JD상모2,2019-06-13,5.55,,,,,,,
JD상모2,2019-06-14,5.64,,,,,,,
JD상모2,2019-06-15,5.73,,,,,,,
JD상모2,2019-06-16,5.78,,,,,,,
JD상모2,2019-06-17,5.76,,,,,,,
JD상모2,2019-06-18,5.8,,,,,,,
JD상모2,2019-06-19,5.84,,,,,,,
JD상모2,2019-06-20,5.84,,,,,,,
JD상모2,2019-06-21,5.84,,,,,,,
JD상모2,2019-06-22,5.8,,,,,,,
JD상모2,2019-06-23,5.75,,,,,,,
JD상모2,2019-06-24,5.7,,,,,,,
JD상모2,2019-06-25,5.69,,,,,,,
JD상모2,2019-06-26,5.87,,,,,,,
JD상모2,2019-06-27,6.34,,,,,,,
JD상모2,2019-06-28,6.57,,,,,,,
JD상모2,2019-06-29,6.75,,,,,,,
JD상모2,2019-06-30,6.79,,,,,,,
JD상모2,2019-07-01,6.76,,,,,,,
JD상모2,2019-07-02,6.69,,,,,,,
JD상모2,2019-07-03,6.67,,,,,,,
JD상모2,2019-07-04,6.57,,,,,,,
JD상모2,2019-07-05,6.53,,,,,,,
JD상모2,2019-07-06,6.44,,,,,,,
JD상모2,2019-07-07,6.35,,,,,,,
JD상모2,2019-07-08,6.37,,,,,,,
JD상모2,2019-07-09,6.36,,,,,,,
JD상모2,2019-07-10,6.37,,,,,,,
JD상모2,2019-07-11,6.27,,,,,,,
JD상모2,2019-07-12,6.2,,,,,,,
JD상모2,2019-07-13,6.24,,,,,,,
JD상모2,2019-07-14,6.4,,,,,,,
JD상모2,2019-07-15,6.46,,,,,,,
JD상모2,2019-07-16,6.45,,,,,,,
JD상모2,2019-07-17,6.47,,,,,,,
JD상모2,2019-07-18,6.5,,,,,,,
JD상모2,2019-07-19,6.66,,,,,,,
JD상모2,2019-07-20,7.09,,,,,,,
JD상모2,2019-07-21,7.46,,,,,,,
JD상모2,2019-07-22,7.68,,,,,,,
JD상모2,2019-07-23,7.77,,,,,,,
JD상모2,2019-07-24,7.75,,,,,,,
JD상모2,2019-07-25,7.7,,,,,,,
JD상모2,2019-07-26,7.66,,,,,,,
JD상모2,2019-07-27,7.59,,,,,,,
JD상모2,2019-07-28,7.51,,,,,,,
JD상모2,2019-07-29,7.41,,,,,,,
JD상모2,2019-07-30,7.27,,,,,,,
JD상모2,2019-07-31,7.23,,,,,,,
JD상모2,2019-08-01,7.15,,,,,,,
JD상모2,2019-08-02,7.03,,,,,,,
JD상모2,2019-08-03,6.98,,,,,,,
JD상모2,2019-08-04,6.94,,,,,,,
JD상모2,2019-08-05,6.89,,,,,,,
JD상모2,2019-08-06,6.81,,,,,,,
JD상모2,2019-08-07,6.72,,,,,,,
JD상모2,2019-08-08,6.73,,,,,,,
JD상모2,2019-08-09,6.72,,,,,,,
JD상모2,2019-08-10,6.72,,,,,,,
JD상모2,2019-08-11,6.75,,,,,,,
JD상모2,2019-08-12,6.81,,,,,,,
JD상모2,2019-08-13,6.79,,,,,,,
JD상모2,2019-08-14,6.76,,,,,,,
JD상모2,2019-08-15,6.77,,,,,,,
JD상모2,2019-08-16,6.75,,,,,,,
JD상모2,2019-08-17,6.7,,,,,,,
JD상모2,2019-08-18,6.62,,,,,,,
JD상모2,2019-08-19,6.55,,,,,,,
JD상모2,2019-08-20,6.49,,,,,,,
JD상모2,2019-08-21,6.47,,,,,,,
JD상모2,2019-08-22,6.54,,,,,,,
JD상모2,2019-08-23,6.54,,,,,,,
JD상모2,2019-08-24,6.57,,,,,,,
JD상모2,2019-08-25,6.59,,,,,,,
JD상모2,2019-08-26,6.61,,,,,,,
JD상모2,2019-08-27,6.67,,,,,,,
JD상모2,2019-08-28,6.99,,,,,,,
JD상모2,2019-08-29,7.55,,,,,,,
JD상모2,2019-08-30,8.03,,,,,,,
JD상모2,2019-08-31,8.26,,,,,,,
JD상모2,2019-09-01,8.37,,,,,,,
JD상모2,2019-09-02,8.38,,,,,,,
JD상모2,2019-09-03,8.44,,,,,,,
JD상모2,2019-09-05,8.63,,,,,,,
JD상모2,2019-09-06,8.72,,,,,,,
JD상모2,2019-09-07,8.84,,,,,,,
JD상모2,2019-09-08,8.93,,,,,,,
JD상모2,2019-09-09,9.09,,,,,,,
JD상모2,2019-09-10,9.32,,,,,,,
JD상모2,2019-09-11,9.44,,,,,,,
JD상모2,2019-09-12,9.46,,,,,,,
JD상모2,2019-09-13,9.4,,,,,,,
JD상모2,2019-09-14,9.27,,,,,,,
JD상모2,2019-09-15,8.98,,,,,,,
JD상모2,2019-09-16,8.55,,,,,,,
JD상모2,2019-09-17,8.27,,,,,,,
JD상모2,2019-09-18,7.87,,,,,,,
JD상모2,2019-09-19,7.77,,,,,,,
JD상모2,2019-09-20,7.89,,,,,,,
JD상모2,2019-09-21,8.2,,,,,,,
JD상모2,2019-09-22,8.48,,,,,,,
JD상모2,2019-09-23,8.48,,,,,,,
JD상모2,2019-09-24,8.46,,,,,,,
JD상모2,2019-09-25,8.34,,,,,,,
JD상모2,2019-09-26,7.99,,,,,,,
JD상모2,2019-09-27,7.86,,,,,,,
JD상모2,2019-09-28,7.94,,,,,,,
JD상모2,2019-09-29,7.93,,,,,,,
JD상모2,2019-09-30,8.13,,,,,,,
JD상모2,2019-10-01,8.36,,,,,,,
JD상모2,2019-10-02,8.67,,,,,,,
JD상모2,2019-10-03,8.94,,,,,,,
JD상모2,2019-10-04,9.12,,,,,,,
JD상모2,2019-10-05,9.2,,,,,,,
JD상모2,2019-10-06,9.11,,,,,,,
JD상모2,2019-10-07,8.93,,,,,,,
JD상모2,2019-10-08,8.81,,,,,,,
JD상모2,2019-10-09,8.5,,,,,,,
JD상모2,2019-10-10,8.08,,,,,,,
JD상모2,2019-10-11,7.65,,,,,,,
JD상모2,2019-10-12,7.33,,,,,,,
JD상모2,2019-10-13,7.07,,,,,,,
JD상모2,2019-10-14,6.76,,,,,,,
JD상모2,2019-10-15,6.62,,,,,,,
JD상모2,2019-10-16,6.45,,,,,,,
JD상모2,2019-10-17,6.31,,,,,,,
JD상모2,2019-10-18,6.31,,,,,,,
JD상모2,2019-10-19,6.16,,,,,,,
JD상모2,2019-10-20,6.08,,,,,,,
JD상모2,2019-10-21,6.14,,,,,,,
JD상모2,2019-10-22,6.15,,,,,,,
JD상모2,2019-10-23,6.19,,,,,,,
JD상모2,2019-10-24,6.29,,,,,,,
JD상모2,2019-10-25,6.24,,,,,,,
JD상모2,2019-10-26,6.15,,,,,,,
JD상모2,2019-10-27,6.08,,,,,,,
JD상모2,2019-10-28,5.98,,,,,,,
JD상모2,2019-10-29,5.85,,,,,,,
JD상모2,2019-10-30,5.66,,,,,,,
JD상모2,2019-10-31,5.67,,,,,,,
JD상모2,2019-11-01,5.7,,,,,,,
JD상모2,2019-11-02,5.68,,,,,,,
JD상모2,2019-11-03,5.61,,,,,,,
JD상모2,2019-11-04,5.64,,,,,,,
JD상모2,2019-11-05,5.28,,,,,,,
JD상모2,2019-11-06,5.27,,,,,,,
JD상모2,2019-11-07,5.42,,,,,,,
JD상모2,2019-11-08,5.6,,,,,,,
JD상모2,2019-11-09,5.66,,,,,,,
JD상모2,2019-11-10,5.71,,,,,,,
JD상모2,2019-11-11,5.68,,,,,,,
JD상모2,2019-11-12,5.64,,,,,,,
JD상모2,2019-11-13,5.6,,,,,,,
JD상모2,2019-11-14,5.71,,,,,,,
JD상모2,2019-11-15,5.9,,,,,,,
JD상모2,2019-11-16,6.07,,,,,,,
JD상모2,2019-11-17,6.3,,,,,,,
JD상모2,2019-11-18,6.48,,,,,,,
JD상모2,2019-11-19,6.73,,,,,,,
JD상모2,2019-11-20,6.86,,,,,,,
JD상모2,2019-11-21,6.96,,,,,,,
JD상모2,2019-11-22,7.03,,,,,,,
JD상모2,2019-11-23,7.0,,,,,,,
JD상모2,2019-11-24,7.15,,,,,,,
JD상모2,2019-11-25,7.25,,,,,,,
JD상모2,2019-11-26,7.29,,,,,,,
JD상모2,2019-11-27,7.3,,,,,,,
JD상모2,2019-11-28,7.34,,,,,,,
JD상모2,2019-11-29,7.44,,,,,,,
JD상모2,2019-11-30,7.52,,,,,,,
JD상모2,2019-12-01,7.63,,,,,,,
JD상모2,2019-12-02,7.69,,,,,,,
JD상모2,2019-12-03,7.73,,,,,,,
JD상모2,2019-12-04,7.74,,,,,,,
JD상모2,2019-12-05,7.74,,,,,,,
JD상모2,2019-12-06,7.74,,,,,,,
JD상모2,2019-12-07,7.76,,,,,,,
JD상모2,2019-12-08,7.7,,,,,,,
JD상모2,2019-12-09,7.69,,,,,,,
JD상모2,2019-12-10,7.62,,,,,,,
JD상모2,2019-12-11,7.59,,,,,,,
JD상모2,2019-12-12,7.57,,,,,,,
JD상모2,2019-12-13,7.44,,,,,,,
JD상모2,2019-12-14,7.21,,,,,,,
JD상모2,2019-12-15,7.43,,,,,,,
JD상모2,2019-12-16,7.59,,,,,,,
JD상모2,2019-12-17,7.67,,,,,,,
JD상모2,2019-12-18,7.74,,,,,,,
JD상모2,2019-12-19,7.79,,,,,,,
JD상모2,2019-12-20,7.8,,,,,,,
JD상모2,2019-12-21,7.8,,,,,,,
JD상모2,2019-12-22,7.8,,,,,,,
JD상모2,2019-12-23,7.78,,,,,,,
JD상모2,2019-12-24,7.8,,,,,,,
JD상모2,2019-12-25,7.85,,,,,,,
JD상모2,2019-12-26,7.91,,,,,,,
JD상모2,2019-12-27,7.88,,,,,,,
JD상모2,2019-12-28,7.86,,,,,,,
JD상모2,2019-12-29,7.92,,,,,,,
JD상모2,2019-12-30,7.97,,,,,,,
JD상모2,2019-12-31,7.95,,,,,,,
JD상모2,2020-01-01,7.96,,,,,,,
JD상모2,2020-01-02,7.99,,,,,,,
JD상모2,2020-01-03,8.01,,,,,,,
JD상모2,2020-01-04,7.97,,,,,,,
JD상모2,2020-01-05,7.97,,,,,,,
JD상모2,2020-01-06,7.99,,,,,,,
JD상모2,2020-01-07,8.04,,,,,,,
JD상모2,2020-01-08,7.98,,,,,,,
JD상모2,2020-01-09,7.99,,,,,,,
JD상모2,2020-01-10,8.0,,,,,,,
JD상모2,2020-01-11,7.98,,,,,,,
JD상모2,2020-01-12,7.99,,,,,,,
JD상모2,2020-01-13,7.98,,,,,,,
JD상모2,2020-01-14,7.96,,,,,,,
JD상모2,2020-01-15,7.94,,,,,,,
JD상모2,2020-01-16,7.94,,,,,,,
JD상모2,2020-01-17,7.93,,,,,,,
JD상모2,2020-01-18,7.9,,,,,,,
JD상모2,2020-01-19,7.9,,,,,,,
JD상모2,2020-01-20,7.91,,,,,,,
JD상모2,2020-01-21,7.88,,,,,,,
JD상모2,2020-01-22,7.92,,,,,,,
JD상모2,2020-01-23,7.99,,,,,,,
JD상모2,2020-01-24,8.01,,,,,,,
JD상모2,2020-01-25,7.99,,,,,,,
JD상모2,2020-01-26,8.02,,,,,,,
JD상모2,2020-01-27,8.1,,,,,,,
JD상모2,2020-01-28,8.17,,,,,,,
JD상모2,2020-01-29,8.21,,,,,,,
JD상모2,2020-01-30,8.24,,,,,,,
JD상모2,2020-01-31,8.23,,,,,,,
JD상모2,2020-02-01,8.14,,,,,,,
JD상모2,2020-02-02,8.11,,,,,,,
JD상모2,2020-02-03,8.11,,,,,,,
JD상모2,2020-02-04,8.07,,,,,,,
JD상모2,2020-02-05,8.02,,,,,,,
JD상모2,2020-02-06,7.99,,,,,,,
JD상모2,2020-02-07,7.88,,,,,,,
JD상모2,2020-02-08,7.89,,,,,,,
JD상모2,2020-02-09,7.88,,,,,,,
JD상모2,2020-02-10,7.73,,,,,,,
JD상모2,2020-02-11,7.69,,,,,,,
JD상모2,2020-02-12,7.84,,,,,,,
JD상모2,2020-02-13,7.88,,,,,,,
JD상모2,2020-02-14,7.9,,,,,,,
JD상모2,2020-02-15,7.88,,,,,,,
JD상모2,2020-02-16,7.88,,,,,,,
JD상모2,2020-02-17,7.88,,,,,,,
JD상모2,2020-02-18,7.85,,,,,,,
JD상모2,2020-02-19,7.85,,,,,,,
JD상모2,2020-02-20,7.82,,,,,,,
JD상모2,2020-02-21,7.79,,,,,,,
JD상모2,2020-02-22,7.74,,,,,,,
JD상모2,2020-02-23,7.67,,,,,,,
JD상모2,2020-02-24,7.7,,,,,,,
JD상모2,2020-02-25,7.72,,,,,,,
JD상모2,2020-02-26,7.59,,,,,,,
JD상모2,2020-02-27,7.64,,,,,,,
JD상모2,2020-02-28,7.7,,,,,,,
JD상모2,2020-02-29,7.74,,,,,,,
JD상모2,2020-03-01,7.71,,,,,,,
JD상모2,2020-03-02,7.67,,,,,,,
JD상모2,2020-03-03,7.62,,,,,,,
JD상모2,2020-03-04,7.62,,,,,,,
JD상모2,2020-03-05,7.6,,,,,,,
JD상모2,2020-03-06,7.57,,,,,,,
JD상모2,2020-03-07,7.52,,,,,,,
JD상모2,2020-03-08,7.45,,,,,,,
JD상모2,2020-03-09,7.49,,,,,,,
JD상모2,2020-03-10,7.63,,,,,,,
JD상모2,2020-03-11,7.54,,,,,,,
JD상모2,2020-03-12,7.47,,,,,,,
JD상모2,2020-03-13,7.54,,,,,,,
JD상모2,2020-03-14,7.53,,,,,,,
JD상모2,2020-03-15,7.53,,,,,,,
JD상모2,2020-03-16,7.47,,,,,,,
JD상모2,2020-03-17,7.39,,,,,,,
JD상모2,2020-03-18,7.33,,,,,,,
JD상모2,2020-03-19,7.32,,,,,,,
JD상모2,2020-03-20,7.32,,,,,,,
JD상모2,2020-03-21,7.31,,,,,,,
JD상모2,2020-03-22,7.27,,,,,,,
JD상모2,2020-03-23,7.18,,,,,,,
JD상모2,2020-03-24,7.19,,,,,,,
JD상모2,2020-03-25,7.22,,,,,,,
JD상모2,2020-03-26,7.29,,,,,,,
JD상모2,2020-03-27,7.41,,,,,,,
JD상모2,2020-03-28,7.48,,,,,,,
JD상모2,2020-03-29,7.46,,,,,,,
JD상모2,2020-03-30,7.46,,,,,,,
JD상모2,2020-03-31,7.46,,,,,,,
JD상모2,2020-04-01,7.39,,,,,,,
JD상모2,2020-04-02,7.32,,,,,,,
JD상모2,2020-04-03,7.3,,,,,,,
JD상모2,2020-04-04,7.27,,,,,,,
JD상모2,2020-04-05,7.14,,,,,,,
JD상모2,2020-04-06,6.87,,,,,,,
JD상모2,2020-04-07,6.42,,,,,,,
JD상모2,2020-04-08,5.84,,,,,,,
JD상모2,2020-04-09,5.61,,,,,,,
JD상모2,2020-04-10,5.6,,,,,,,
JD상모2,2020-04-11,5.68,,,,,,,
JD상모2,2020-04-12,6.2,,,,,,,
JD상모2,2020-04-13,6.52,,,,,,,
JD상모2,2020-04-14,6.7,,,,,,,
JD상모2,2020-04-15,6.67,,,,,,,
JD상모2,2020-04-16,6.69,,,,,,,
JD상모2,2020-04-17,6.81,,,,,,,
JD상모2,2020-04-18,6.89,,,,,,,
JD상모2,2020-04-19,6.91,,,,,,,
JD상모2,2020-04-20,6.88,,,,,,,
JD상모2,2020-04-21,6.91,,,,,,,
JD상모2,2020-04-22,6.96,,,,,,,
JD상모2,2020-04-23,7.04,,,,,,,
JD상모2,2020-04-24,7.02,,,,,,,
JD상모2,2020-04-25,6.96,,,,,,,
JD상모2,2020-04-26,6.78,,,,,,,
JD상모2,2020-04-27,6.44,,,,,,,
JD상모2,2020-04-28,6.01,,,,,,,
JD상모2,2020-04-29,5.69,,,,,,,
JD상모2,2020-04-30,5.55,,,,,,,
JD상모2,2020-05-01,5.86,,,,,,,
JD상모2,2020-05-02,6.37,,,,,,,
JD상모2,2020-05-03,6.68,,,,,,,
JD상모2,2020-05-04,6.76,,,,,,,
JD상모2,2020-05-05,6.79,,,,,,,
JD상모2,2020-05-06,6.83,,,,,,,
JD상모2,2020-05-07,6.72,,,,,,,
JD상모2,2020-05-08,6.74,,,,,,,
JD상모2,2020-05-09,6.96,,,,,,,
JD상모2,2020-05-10,7.17,,,,,,,
JD상모2,2020-05-11,7.24,,,,,,,
JD상모2,2020-05-12,7.16,,,,,,,
JD상모2,2020-05-13,7.12,,,,,,,
JD상모2,2020-05-14,7.15,,,,,,,
JD상모2,2020-05-15,7.2,,,,,,,
JD상모2,2020-05-16,7.31,,,,,,,
JD상모2,2020-05-17,7.34,,,,,,,
JD상모2,2020-05-18,7.41,,,,,,,
JD상모2,2020-05-19,7.34,,,,,,,
JD상모2,2020-05-20,7.29,,,,,,,
JD상모2,2020-05-21,7.3,,,,,,,
JD상모2,2020-05-22,7.23,,,,,,,
JD상모2,2020-05-23,7.14,,,,,,,
JD상모2,2020-05-24,7.11,,,,,,,
JD상모2,2020-05-25,7.17,,,,,,,
JD상모2,2020-05-26,7.22,,,,,,,
JD상모2,2020-05-27,7.15,,,,,,,
JD상모2,2020-05-28,7.09,,,,,,,
JD상모2,2020-05-29,7.07,,,,,,,
JD상모2,2020-05-30,7.07,,,,,,,
JD상모2,2020-05-31,7.13,,,,,,,
JD상모2,2020-06-01,7.11,,,,,,,
JD상모2,2020-06-02,7.03,,,,,,,
JD상모2,2020-06-03,7.04,,,,,,,
JD상모2,2020-06-04,7.05,,,,,,,
JD상모2,2020-06-05,7.03,,,,,,,
JD상모2,2020-06-06,7.01,,,,,,,
JD상모2,2020-06-07,7.0,,,,,,,
JD상모2,2020-06-08,6.98,,,,,,,
JD상모2,2020-06-09,6.99,,,,,,,
JD상모2,2020-06-10,7.03,,,,,,,
JD상모2,2020-06-11,7.13,,,,,,,
JD상모2,2020-06-12,7.13,,,,,,,
JD상모2,2020-06-13,7.21,,,,,,,
JD상모2,2020-06-14,7.47,,,,,,,
JD상모2,2020-06-15,7.68,,,,,,,
JD상모2,2020-06-16,7.74,,,,,,,
JD상모2,2020-06-17,7.81,,,,,,,
JD상모2,2020-06-18,7.92,,,,,,,
JD상모2,2020-06-19,7.97,,,,,,,
JD상모2,2020-06-20,7.93,,,,,,,
JD상모2,2020-06-21,7.97,,,,,,,
JD상모2,2020-06-22,7.97,,,,,,,
JD상모2,2020-06-23,7.93,,,,,,,
JD상모2,2020-06-24,7.95,,,,,,,
JD상모2,2020-06-25,8.12,,,,,,,
JD상모2,2020-06-26,8.28,,,,,,,
JD상모2,2020-06-27,8.38,,,,,,,
JD상모2,2020-06-28,8.4,,,,,,,
JD상모2,2020-06-29,8.4,,,,,,,
JD상모2,2020-06-30,8.51,,,,,,,
JD상모2,2020-07-01,8.48,,,,,,,
JD상모2,2020-07-02,8.47,,,,,,,
JD상모2,2020-07-03,8.49,,,,,,,
JD상모2,2020-07-04,8.51,,,,,,,
JD상모2,2020-07-05,8.54,,,,,,,
JD상모2,2020-07-06,8.61,,,,,,,
JD상모2,2020-07-07,8.83,,,,,,,
JD상모2,2020-07-08,9.19,,,,,,,
JD상모2,2020-07-09,9.44,,,,,,,
JD상모2,2020-07-10,9.59,,,,,,,
JD상모2,2020-07-11,9.64,,,,,,,
JD상모2,2020-07-12,9.68,,,,,,,
JD상모2,2020-07-13,9.68,,,,,,,
JD상모2,2020-07-14,9.6,,,,,,,
JD상모2,2020-07-15,9.52,,,,,,,
JD상모2,2020-07-16,9.46,,,,,,,
JD상모2,2020-07-17,9.34,,,,,,,
JD상모2,2020-07-18,9.29,,,,,,,
JD상모2,2020-07-19,9.22,,,,,,,
JD상모2,2020-07-20,9.16,,,,,,,
JD상모2,2020-07-21,9.09,,,,,,,
JD상모2,2020-07-22,9.06,,,,,,,
JD상모2,2020-07-23,9.05,,,,,,,
JD상모2,2020-07-24,9.01,,,,,,,
JD상모2,2020-07-25,8.92,,,,,,,
JD상모2,2020-07-26,8.82,,,,,,,
JD상모2,2020-07-27,8.81,,,,,,,
JD상모2,2020-07-28,8.9,,,,,,,
JD상모2,2020-07-29,8.93,,,,,,,
JD상모2,2020-07-30,8.89,,,,,,,
JD상모2,2020-07-31,8.87,,,,,,,
JD상모2,2020-08-01,8.86,,,,,,,
JD상모2,2020-08-02,8.82,,,,,,,
JD상모2,2020-08-03,8.69,,,,,,,
JD상모2,2020-08-04,8.58,,,,,,,
JD상모2,2020-08-05,8.53,,,,,,,
JD상모2,2020-08-06,8.53,,,,,,,
JD상모2,2020-08-07,8.53,,,,,,,
JD상모2,2020-08-08,8.52,,,,,,,
JD상모2,2020-08-09,8.49,,,,,,,
JD상모2,2020-08-10,8.46,,,,,,,
JD상모2,2020-08-11,8.38,,,,,,,
JD상모2,2020-08-12,8.39,,,,,,,
JD상모2,2020-08-13,8.4,,,,,,,
JD상모2,2020-08-14,8.23,,,,,,,
JD상모2,2020-08-15,8.21,,,,,,,
JD상모2,2020-08-16,8.12,,,,,,,
JD상모2,2020-08-17,7.97,,,,,,,
JD상모2,2020-08-18,7.76,,,,,,,
JD상모2,2020-08-19,7.73,,,,,,,
JD상모2,2020-08-20,7.59,,,,,,,
JD상모2,2020-08-21,7.53,,,,,,,
JD상모2,2020-08-22,7.45,,,,,,,
JD상모2,2020-08-23,7.56,,,,,,,
JD상모2,2020-08-24,7.68,,,,,,,
JD상모2,2020-08-25,7.93,,,,,,,
JD상모2,2020-08-26,8.23,,,,,,,
JD상모2,2020-08-27,8.5,,,,,,,
JD상모2,2020-08-28,8.72,,,,,,,
JD상모2,2020-08-29,8.82,,,,,,,
JD상모2,2020-08-30,8.82,,,,,,,
JD상모2,2020-08-31,8.78,,,,,,,
JD상모2,2020-09-01,8.72,,,,,,,
JD상모2,2020-09-02,8.83,,,,,,,
JD상모2,2020-09-03,9.1,,,,,,,
JD상모2,2020-09-04,9.39,,,,,,,
JD상모2,2020-09-05,9.58,,,,,,,
JD상모2,2020-09-06,9.72,,,,,,,
JD상모2,2020-09-07,9.83,,,,,,,
JD상모2,2020-09-08,9.82,,,,,,,
JD상모2,2020-09-09,9.89,,,,,,,
JD상모2,2020-09-10,9.89,,,,,,,
JD상모2,2020-09-11,9.84,,,,,,,
JD상모2,2020-09-12,9.78,,,,,,,
JD상모2,2020-09-13,9.53,,,,,,,
JD상모2,2020-09-14,9.45,,,,,,,
JD상모2,2020-09-15,9.61,,,,,,,
JD상모2,2020-09-16,9.73,,,,,,,
JD상모2,2020-09-17,9.79,,,,,,,
JD상모2,2020-09-18,9.91,,,,,,,
JD상모2,2020-09-19,10.0,,,,,,,
JD상모2,2020-09-20,10.01,,,,,,,
JD상모2,2020-09-21,9.9,,,,,,,
JD상모2,2020-09-22,9.78,,,,,,,
JD상모2,2020-09-23,9.72,,,,,,,
JD상모2,2020-09-24,9.68,,,,,,,
JD상모2,2020-09-25,9.45,,,,,,,
JD상모2,2020-09-26,9.06,,,,,,,
JD상모2,2020-09-27,8.68,,,,,,,
JD상모2,2020-09-28,8.38,,,,,,,
JD상모2,2020-09-29,8.09,,,,,,,
JD상모2,2020-09-30,7.59,,,,,,,
JD상모2,2020-10-01,7.46,,,,,,,
JD상모2,2020-10-02,7.36,,,,,,,
JD상모2,2020-10-03,7.29,,,,,,,
JD상모2,2020-10-04,7.0,,,,,,,
JD상모2,2020-10-05,6.88,,,,,,,
JD상모2,2020-10-06,6.66,,,,,,,
JD상모2,2020-10-07,6.31,,,,,,,
JD상모2,2020-10-08,6.07,,,,,,,
JD상모2,2020-10-09,5.92,,,,,,,
JD상모2,2020-10-10,5.83,,,,,,,
JD상모2,2020-10-11,5.77,,,,,,,
JD상모2,2020-10-12,5.82,,,,,,,
JD상모2,2020-10-13,5.66,,,,,,,
JD상모2,2020-10-14,5.4,,,,,,,
JD상모2,2020-10-15,5.41,,,,,,,
JD상모2,2020-10-16,5.33,,,,,,,
JD상모2,2020-10-17,5.45,,,,,,,
JD상모2,2020-10-18,5.65,,,,,,,
JD상모2,2020-10-19,5.6,,,,,,,
JD상모2,2020-10-20,5.55,,,,,,,
JD상모2,2020-10-21,6.06,,,,,,,
JD상모2,2020-10-22,6.82,,,,,,,
JD상모2,2020-10-23,7.27,,,,,,,
JD상모2,2020-10-24,7.35,,,,,,,
JD상모2,2020-10-25,7.2,,,,,,,
JD상모2,2020-10-26,6.99,,,,,,,
JD상모2,2020-10-27,6.82,,,,,,,
JD상모2,2020-10-28,6.54,,,,,,,
JD상모2,2020-10-29,6.36,,,,,,,
JD상모2,2020-10-30,6.25,,,,,,,
JD상모2,2020-10-31,6.38,,,,,,,
JD상모2,2020-11-01,6.46,,,,,,,
JD상모2,2020-11-02,6.66,,,,,,,
JD상모2,2020-11-03,7.0,,,,,,,
JD상모2,2020-11-04,7.13,,,,,,,
JD상모2,2020-11-05,7.13,,,,,,,
JD상모2,2020-11-06,7.09,,,,,,,
JD상모2,2020-11-07,6.77,,,,,,,
JD상모2,2020-11-08,6.54,,,,,,,
JD상모2,2020-11-09,6.29,,,,,,,
JD상모2,2020-11-10,6.15,,,,,,,
JD상모2,2020-11-11,5.91,,,,,,,
JD상모2,2020-11-12,6.11,,,,,,,
JD상모2,2020-11-13,6.05,,,,,,,
JD상모2,2020-11-14,6.15,,,,,,,
JD상모2,2020-11-15,6.51,,,,,,,
JD상모2,2020-11-16,6.93,,,,,,,
JD상모2,2020-11-17,7.1,,,,,,,
JD상모2,2020-11-18,7.32,,,,,,,
JD상모2,2020-11-19,7.56,,,,,,,
JD상모2,2020-11-20,7.49,,,,,,,
JD상모2,2020-11-21,7.35,,,,,,,
JD상모2,2020-11-22,7.28,,,,,,,
JD상모2,2020-11-23,7.24,,,,,,,
JD상모2,2020-11-24,7.08,,,,,,,
JD상모2,2020-11-25,6.55,,,,,,,
JD상모2,2020-11-26,6.33,,,,,,,
JD상모2,2020-11-27,6.54,,,,,,,
JD상모2,2020-11-28,6.6,,,,,,,
JD상모2,2020-11-29,6.64,,,,,,,
JD상모2,2020-11-30,6.52,,,,,,,
JD상모2,2020-12-01,6.46,,,,,,,
JD상모2,2020-12-02,6.45,,,,,,,
JD상모2,2020-12-03,6.32,,,,,,,
JD상모2,2020-12-04,6.27,,,,,,,
JD상모2,2020-12-05,6.01,,,,,,,
JD상모2,2020-12-06,5.93,,,,,,,
JD상모2,2020-12-07,6.0,,,,,,,
JD상모2,2020-12-08,5.95,,,,,,,
JD상모2,2020-12-09,6.07,,,,,,,
JD상모2,2020-12-10,6.1,,,,,,,
JD상모2,2020-12-11,6.12,,,,,,,
JD상모2,2020-12-12,6.37,,,,,,,
JD상모2,2020-12-13,6.49,,,,,,,
JD상모2,2020-12-14,6.57,,,,,,,
JD상모2,2020-12-15,6.89,,,,,,,
JD상모2,2020-12-16,7.11,,,,,,,
JD상모2,2020-12-17,7.19,,,,,,,
JD상모2,2020-12-18,7.25,,,,,,,
JD상모2,2020-12-19,7.27,,,,,,,
JD상모2,2020-12-20,7.21,,,,,,,
JD상모2,2020-12-21,7.2,,,,,,,
JD상모2,2020-12-22,7.22,,,,,,,
JD상모2,2020-12-23,7.2,,,,,,,
JD상모2,2020-12-24,7.02,,,,,,,
JD상모2,2020-12-25,6.82,,,,,,,
JD상모2,2020-12-26,6.56,,,,,,,
JD상모2,2020-12-27,6.81,,,,,,,
JD상모2,2020-12-28,7.24,,,,,,,
JD상모2,2020-12-29,7.49,,,,,,,
JD상모2,2020-12-30,7.58,,,,,,,
JD상모2,2020-12-31,7.61,,,,,,,
JD상모2,2021-01-01,7.67,,,,,,,
JD상모2,2021-01-02,7.72,,,,,,,
JD상모2,2021-01-03,7.74,,,,,,,
JD상모2,2021-01-04,7.74,,,,,,,
JD상모2,2021-01-05,7.78,,,,,,,
JD상모2,2021-01-06,7.8,,,,,,,
JD상모2,2021-01-07,7.8,,,,,,,
JD상모2,2021-01-08,7.81,,,,,,,
JD상모2,2021-01-09,7.77,,,,,,,
JD상모2,2021-01-10,7.77,,,,,,,
JD상모2,2021-01-11,7.79,,,,,,,
JD상모2,2021-01-12,7.85,,,,,,,
JD상모2,2021-01-13,7.95,,,,,,,
JD상모2,2021-01-14,7.99,,,,,,,
JD상모2,2021-01-15,8.04,,,,,,,
JD상모2,2021-01-16,8.0,,,,,,,
JD상모2,2021-01-17,8.02,,,,,,,
JD상모2,2021-01-18,8.05,,,,,,,
JD상모2,2021-01-19,8.0,,,,,,,
JD상모2,2021-01-20,7.95,,,,,,,
JD상모2,2021-01-21,7.94,,,,,,,
JD상모2,2021-01-22,7.95,,,,,,,
JD상모2,2021-01-23,7.98,,,,,,,
JD상모2,2021-01-24,7.96,,,,,,,
JD상모2,2021-01-25,7.97,,,,,,,
JD상모2,2021-01-26,8.04,,,,,,,
JD상모2,2021-01-27,8.03,,,,,,,
JD상모2,2021-01-28,8.03,,,,,,,
JD상모2,2021-01-29,8.0,,,,,,,
JD상모2,2021-01-30,7.96,,,,,,,
JD상모2,2021-01-31,7.98,,,,,,,
JD상모2,2021-02-01,8.03,,,,,,,
JD상모2,2021-02-02,8.08,,,,,,,
JD상모2,2021-02-03,8.07,,,,,,,
JD상모2,2021-02-04,8.04,,,,,,,
JD상모2,2021-02-05,8.01,,,,,,,
JD상모2,2021-02-06,7.93,,,,,,,
JD상모2,2021-02-07,7.86,,,,,,,
JD상모2,2021-02-08,7.77,,,,,,,
JD상모2,2021-02-09,7.85,,,,,,,
JD상모2,2021-02-10,7.82,,,,,,,
JD상모2,2021-02-11,7.81,,,,,,,
JD상모2,2021-02-12,7.85,,,,,,,
JD상모2,2021-02-13,7.83,,,,,,,
JD상모2,2021-02-14,7.86,,,,,,,
JD상모2,2021-02-15,7.76,,,,,,,
JD상모2,2021-02-16,7.69,,,,,,,
JD상모2,2021-02-17,7.75,,,,,,,
JD상모2,2021-02-18,7.81,,,,,,,
JD상모2,2021-02-19,7.79,,,,,,,
JD상모2,2021-02-20,7.69,,,,,,,
JD상모2,2021-02-21,7.59,,,,,,,
JD상모2,2021-02-22,7.57,,,,,,,
JD상모2,2021-02-23,7.54,,,,,,,
JD상모2,2021-02-24,7.55,,,,,,,
JD상모2,2021-02-25,7.59,,,,,,,
JD상모2,2021-02-26,7.67,,,,,,,
JD상모2,2021-02-27,7.65,,,,,,,
JD상모2,2021-02-28,7.64,,,,,,,
JD상모2,2021-03-01,7.67,,,,,,,
JD상모2,2021-03-02,7.66,,,,,,,
JD상모2,2021-03-03,7.59,,,,,,,
JD상모2,2021-03-04,7.63,,,,,,,
JD상모2,2021-03-05,7.69,,,,,,,
JD상모2,2021-03-06,7.7,,,,,,,
JD상모2,2021-03-07,7.72,,,,,,,
JD상모2,2021-03-08,7.68,,,,,,,
JD상모2,2021-03-09,7.68,,,,,,,
JD상모2,2021-03-10,7.68,,,,,,,
JD상모2,2021-03-11,7.68,,,,,,,
JD상모2,2021-03-12,7.73,,,,,,,
JD상모2,2021-03-13,7.74,,,,,,,
JD상모2,2021-03-14,7.75,,,,,,,
JD상모2,2021-03-15,7.77,,,,,,,
JD상모2,2021-03-16,7.79,,,,,,,
JD상모2,2021-03-17,7.73,,,,,,,
JD상모2,2021-03-18,7.68,,,,,,,
JD상모2,2021-03-19,7.69,,,,,,,
JD상모2,2021-03-20,7.75,,,,,,,
JD상모2,2021-03-21,7.69,,,,,,,
JD상모2,2021-03-22,7.61,,,,,,,
JD상모2,2021-03-23,7.59,,,,,,,
JD상모2,2021-03-24,7.54,,,,,,,
JD상모2,2021-03-25,7.5,,,,,,,
JD상모2,2021-03-26,7.51,,,,,,,
JD상모2,2021-03-27,7.56,,,,,,,
JD상모2,2021-03-28,7.62,,,,,,,
JD상모2,2021-03-29,7.6,,,,,,,
JD상모2,2021-03-30,7.56,,,,,,,
JD상모2,2021-03-31,7.59,,,,,,,
JD상모2,2021-04-01,7.62,,,,,,,
JD상모2,2021-04-02,7.62,,,,,,,
JD상모2,2021-04-03,7.65,,,,,,,
JD상모2,2021-04-04,7.68,,,,,,,
JD상모2,2021-04-05,7.65,,,,,,,
JD상모2,2021-04-06,7.62,,,,,,,
JD상모2,2021-04-07,7.61,,,,,,,
JD상모2,2021-04-08,7.62,,,,,,,
JD상모2,2021-04-09,7.56,,,,,,,
JD상모2,2021-04-10,7.49,,,,,,,
JD상모2,2021-04-11,7.5,,,,,,,
JD상모2,2021-04-12,7.59,,,,,,,
JD상모2,2021-04-13,7.82,,,,,,,
JD상모2,2021-04-14,7.97,,,,,,,
JD상모2,2021-04-15,8.03,,,,,,,
JD상모2,2021-04-16,8.08,,,,,,,
JD상모2,2021-04-17,8.09,,,,,,,
JD상모2,2021-04-18,7.97,,,,,,,
JD상모2,2021-04-19,7.86,,,,,,,
JD상모2,2021-04-20,7.65,,,,,,,
JD상모2,2021-04-21,7.46,,,,,,,
JD상모2,2021-04-22,7.3,,,,,,,
JD상모2,2021-04-23,7.1,,,,,,,
JD상모2,2021-04-24,6.7,,,,,,,
JD상모2,2021-04-25,6.46,,,,,,,
JD상모2,2021-04-26,6.41,,,,,,,
JD상모2,2021-04-27,6.62,,,,,,,
JD상모2,2021-04-28,6.55,,,,,,,
JD상모2,2021-04-29,6.19,,,,,,,
JD상모2,2021-04-30,6.16,,,,,,,
JD상모2,2021-05-01,6.46,,,,,,,
JD상모2,2021-05-02,6.8,,,,,,,
JD상모2,2021-05-03,6.96,,,,,,,
JD상모2,2021-05-04,7.07,,,,,,,
JD상모2,2021-05-05,7.21,,,,,,,
JD상모2,2021-05-06,7.34,,,,,,,
JD상모2,2021-05-07,7.38,,,,,,,
JD상모2,2021-05-08,7.23,,,,,,,
JD상모2,2021-05-09,7.02,,,,,,,
JD상모2,2021-05-10,7.02,,,,,,,
JD상모2,2021-05-11,7.15,,,,,,,
JD상모2,2021-05-12,7.14,,,,,,,
JD상모2,2021-05-13,7.1,,,,,,,
JD상모2,2021-05-14,7.14,,,,,,,
JD상모2,2021-05-15,7.18,,,,,,,
JD상모2,2021-05-16,7.28,,,,,,,
JD상모2,2021-05-17,7.33,,,,,,,
JD상모2,2021-05-18,7.3,,,,,,,
JD상모2,2021-05-19,7.3,,,,,,,
JD상모2,2021-05-20,7.39,,,,,,,
JD상모2,2021-05-21,7.41,,,,,,,
JD상모2,2021-05-22,7.39,,,,,,,
JD상모2,2021-05-23,7.38,,,,,,,
JD상모2,2021-05-24,7.39,,,,,,,
JD상모2,2021-05-25,7.36,,,,,,,
JD상모2,2021-05-26,7.38,,,,,,,
JD상모2,2021-05-27,7.43,,,,,,,
JD상모2,2021-05-28,7.41,,,,,,,
JD상모2,2021-05-29,7.41,,,,,,,
JD상모2,2021-05-30,7.41,,,,,,,
JD상모2,2021-05-31,7.36,,,,,,,
JD상모2,2021-06-01,7.34,,,,,,,
JD상모2,2021-06-02,7.3,,,,,,,
JD상모2,2021-06-03,7.42,,,,,,,
JD상모2,2021-06-04,7.43,,,,,,,
JD상모2,2021-06-05,7.39,,,,,,,
JD상모2,2021-06-06,7.35,,,,,,,
JD상모2,2021-06-07,7.25,,,,,,,
JD상모2,2021-06-08,7.25,,,,,,,
JD상모2,2021-06-09,7.29,,,,,,,
JD상모2,2021-06-10,7.33,,,,,,,
JD상모2,2021-06-11,7.46,,,,,,,
JD상모2,2021-06-12,7.66,,,,,,,
JD상모2,2021-06-13,7.78,,,,,,,
JD상모2,2021-06-14,7.89,,,,,,,
JD상모2,2021-06-15,7.98,,,,,,,
JD상모2,2021-06-16,8.14,,,,,,,
JD상모2,2021-06-17,8.19,,,,,,,
JD상모2,2021-06-18,8.25,,,,,,,
JD상모2,2021-06-19,8.22,,,,,,,
JD상모2,2021-06-20,8.14,,,,,,,
JD상모2,2021-06-21,8.09,,,,,,,
JD상모2,2021-06-22,7.92,,,,,,,
JD상모2,2021-06-23,7.84,,,,,,,
JD상모2,2021-06-24,7.73,,,,,,,
JD상모2,2021-06-25,7.7,,,,,,,
JD상모2,2021-06-26,7.7,,,,,,,
JD상모2,2021-06-27,7.64,,,,,,,
JD상모2,2021-06-28,7.61,,,,,,,
JD상모2,2021-06-29,7.62,,,,,,,
JD상모2,2021-06-30,7.56,,,,,,,
JD상모2,2021-07-01,7.53,,,,,,,
JD상모2,2021-07-02,7.56,,,,,,,
JD상모2,2021-07-03,7.59,,,,,,,
JD상모2,2021-07-04,7.63,,,,,,,
JD상모2,2021-07-05,7.81,,,,,,,
JD상모2,2021-07-06,7.95,,,,,,,
JD상모2,2021-07-07,8.02,,,,,,,
JD상모2,2021-07-08,8.03,,,,,,,
JD상모2,2021-07-09,8.03,,,,,,,
JD상모2,2021-07-10,7.96,,,,,,,
JD상모2,2021-07-11,7.9,,,,,,,
JD상모2,2021-07-12,7.88,,,,,,,
JD상모2,2021-07-13,7.88,,,,,,,
JD상모2,2021-07-14,7.85,,,,,,,
JD상모2,2021-07-15,7.79,,,,,,,
JD상모2,2021-07-16,7.74,,,,,,,
JD상모2,2021-07-17,7.74,,,,,,,
JD상모2,2021-07-18,7.68,,,,,,,
JD상모2,2021-07-19,7.6,,,,,,,
JD상모2,2021-07-20,7.63,,,,,,,
JD상모2,2021-07-21,7.63,,,,,,,
JD상모2,2021-07-22,7.6,,,,,,,
JD상모2,2021-07-23,7.56,,,,,,,
JD상모2,2021-07-24,7.5,,,,,,,
JD상모2,2021-07-25,7.48,,,,,,,
JD상모2,2021-07-26,7.54,,,,,,,
JD상모2,2021-07-27,7.54,,,,,,,
JD상모2,2021-07-28,7.44,,,,,,,
JD상모2,2021-07-29,7.36,,,,,,,
JD상모2,2021-07-30,7.4,,,,,,,
JD상모2,2021-07-31,7.45,,,,,,,
JD상모2,2021-08-01,7.5,,,,,,,
JD상모2,2021-08-02,7.48,,,,,,,
JD상모2,2021-08-03,7.49,,,,,,,
JD상모2,2021-08-04,7.51,,,,,,,
JD상모2,2021-08-05,7.53,,,,,,,
JD상모2,2021-08-06,7.47,,,,,,,
JD상모2,2021-08-07,7.42,,,,,,,
JD상모2,2021-08-08,7.37,,,,,,,
JD상모2,2021-08-09,7.31,,,,,,,
JD상모2,2021-08-10,7.37,,,,,,,
JD상모2,2021-08-11,7.47,,,,,,,
JD상모2,2021-08-12,7.62,,,,,,,
JD상모2,2021-08-13,7.77,,,,,,,
JD상모2,2021-08-14,7.9,,,,,,,
JD상모2,2021-08-15,8.05,,,,,,,
JD상모2,2021-08-16,8.15,,,,,,,
JD상모2,2021-08-17,8.15,,,,,,,
JD상모2,2021-08-18,8.14,,,,,,,
JD상모2,2021-08-19,8.01,,,,,,,
JD상모2,2021-08-20,7.94,,,,,,,
JD상모2,2021-08-21,7.93,,,,,,,
JD상모2,2021-08-22,7.95,,,,,,,
JD상모2,2021-08-23,8.24,,,,,,,
JD상모2,2021-08-24,8.46,,,,,,,
JD상모2,2021-08-25,8.58,,,,,,,
JD상모2,2021-08-26,8.62,,,,,,,
JD상모2,2021-08-27,8.65,,,,,,,
JD상모2,2021-08-28,8.67,,,,,,,
JD상모2,2021-08-29,8.61,,,,,,,
JD상모2,2021-08-30,8.45,,,,,,,
JD상모2,2021-08-31,8.29,,,,,,,
JD상모2,2021-09-01,8.2,,,,,,,
JD상모2,2021-09-02,8.2,,,,,,,
JD상모2,2021-09-03,8.4,,,,,,,
JD상모2,2021-09-04,8.6,,,,,,,
JD상모2,2021-09-05,8.68,,,,,,,
JD상모2,2021-09-06,8.77,,,,,,,
JD상모2,2021-09-07,8.76,,,,,,,
JD상모2,2021-09-08,8.68,,,,,,,
JD상모2,2021-09-09,8.51,,,,,,,
JD상모2,2021-09-10,8.48,,,,,,,
JD상모2,2021-09-11,8.5,,,,,,,
JD상모2,2021-09-12,8.45,,,,,,,
JD상모2,2021-09-13,8.41,,,,,,,
JD상모2,2021-09-14,8.53,,,,,,,
JD상모2,2021-09-15,8.79,,,,,,,
JD상모2,2021-09-16,9.02,,,,,,,
JD상모2,2021-09-17,9.23,,,,,,,
JD상모2,2021-09-18,9.38,,,,,,,
JD상모2,2021-09-19,9.46,,,,,,,
JD상모2,2021-09-20,9.53,,,,,,,
JD상모2,2021-09-21,9.52,,,,,,,
JD상모2,2021-09-22,9.44,,,,,,,
JD상모2,2021-09-23,9.31,,,,,,,
JD상모2,2021-09-24,9.05,,,,,,,
JD상모2,2021-09-25,8.72,,,,,,,
JD상모2,2021-09-26,8.44,,,,,,,
JD상모2,2021-09-27,8.21,,,,,,,
JD상모2,2021-09-28,7.9,,,,,,,
JD상모2,2021-09-29,7.66,,,,,,,
JD상모2,2021-09-30,7.41,,,,,,,
JD상모2,2021-10-01,7.26,,,,,,,
JD상모2,2021-10-02,6.86,,,,,,,
JD상모2,2021-10-03,6.43,,,,,,,
JD상모2,2021-10-04,6.15,,,,,,,
JD상모2,2021-10-05,5.87,,,,,,,
JD상모2,2021-10-06,5.44,,,,,,,
JD상모2,2021-10-07,5.4,,,,,,,
JD상모2,2021-10-08,5.27,,,,,,,
JD상모2,2021-10-09,5.38,,,,,,,
JD상모2,2021-10-10,6.32,,,,,,,
JD상모2,2021-10-11,6.82,,,,,,,
JD상모2,2021-10-12,6.87,,,,,,,
JD상모2,2021-10-13,6.58,,,,,,,
JD상모2,2021-10-14,6.27,,,,,,,
JD상모2,2021-10-15,6.17,,,,,,,
JD상모2,2021-10-16,6.26,,,,,,,
JD상모2,2021-10-17,6.41,,,,,,,
JD상모2,2021-10-18,6.1,,,,,,,
JD상모2,2021-10-19,5.68,,,,,,,
JD상모2,2021-10-20,5.24,,,,,,,
JD상모2,2021-10-21,5.06,,,,,,,
JD상모2,2021-10-22,4.9,,,,,,,
JD상모2,2021-10-23,4.71,,,,,,,
JD상모2,2021-10-24,4.61,,,,,,,
JD상모2,2021-10-25,4.74,,,,,,,
JD상모2,2021-10-26,4.71,,,,,,,
JD상모2,2021-10-27,4.62,,,,,,,
JD상모2,2021-10-28,4.54,,,,,,,
JD상모2,2021-10-29,4.46,,,,,,,
JD상모2,2021-10-30,4.5,,,,,,,
JD상모2,2021-10-31,4.62,,,,,,,
JD상모2,2021-11-01,4.79,,,,,,,
JD상모2,2021-11-02,4.94,,,,,,,
JD상모2,2021-11-03,5.1,,,,,,,
JD상모2,2021-11-04,5.29,,,,,,,
JD상모2,2021-11-05,5.45,,,,,,,
JD상모2,2021-11-06,5.37,,,,,,,
JD상모2,2021-11-07,5.41,,,,,,,
JD상모2,2021-11-08,5.79,,,,,,,
JD상모2,2021-11-09,6.22,,,,,,,
JD상모2,2021-11-10,6.48,,,,,,,
JD상모2,2021-11-11,6.61,,,,,,,
JD상모2,2021-11-12,6.65,,,,,,,
JD상모2,2021-11-13,6.7,,,,,,,
JD상모2,2021-11-14,6.74,,,,,,,
JD상모2,2021-11-15,6.71,,,,,,,
JD상모2,2021-11-16,6.59,,,,,,,
JD상모2,2021-11-17,6.48,,,,,,,
JD상모2,2021-11-18,6.45,,,,,,,
JD상모2,2021-11-19,6.57,,,,,,,
JD상모2,2021-11-20,6.63,,,,,,,
JD상모2,2021-11-21,6.45,,,,,,,
JD상모2,2021-11-22,6.17,,,,,,,
JD상모2,2021-11-23,5.87,,,,,,,
JD상모2,2021-11-24,5.85,,,,,,,
JD상모2,2021-11-25,5.73,,,,,,,
JD상모2,2021-11-26,5.76,,,,,,,
JD상모2,2021-11-27,5.8,,,,,,,
JD상모2,2021-11-28,5.81,,,,,,,
JD상모2,2021-11-29,6.01,,,,,,,
JD상모2,2021-11-30,6.3,,,,,,,
JD상모2,2021-12-01,6.52,,,,,,,
JD상모2,2021-12-02,6.71,,,,,,,
JD상모2,2021-12-03,6.86,,,,,,,
JD상모2,2021-12-04,6.89,,,,,,,
JD상모2,2021-12-05,6.95,,,,,,,
JD상모2,2021-12-06,6.96,,,,,,,
JD상모2,2021-12-07,6.95,,,,,,,
JD상모2,2021-12-08,6.86,,,,,,,
JD상모2,2021-12-09,6.83,,,,,,,
JD상모2,2021-12-10,6.73,,,,,,,
JD상모2,2021-12-11,6.69,,,,,,,
JD상모2,2021-12-12,6.6,,,,,,,
JD상모2,2021-12-13,6.73,,,,,,,
JD상모2,2021-12-14,6.77,,,,,,,
JD상모2,2021-12-15,6.76,,,,,,,
JD상모2,2021-12-16,6.89,,,,,,,
JD상모2,2021-12-17,6.98,,,,,,,
JD상모2,2021-12-18,7.0,,,,,,,
JD상모2,2021-12-19,7.08,,,,,,,
JD상모2,2021-12-20,7.12,,,,,,,
JD상모2,2021-12-21,7.12,,,,,,,
JD상모2,2021-12-22,7.1,,,,,,,
JD상모2,2021-12-23,7.07,,,,,,,
JD상모2,2021-12-24,7.1,,,,,,,
JD상모2,2021-12-25,7.08,,,,,,,
JD상모2,2021-12-26,7.07,,,,,,,
JD상모2,2021-12-27,7.05,,,,,,,
JD상모2,2021-12-28,7.07,,,,,,,
JD상모2,2021-12-29,7.06,,,,,,,
JD상모2,2021-12-30,7.04,,,,,,,
JD상모2,2021-12-31,7.02,,,,,,,
JD상모2,2022-01-01,6.99,,,,,,,
JD상모2,2022-01-02,6.97,,,,,,,
JD상모2,2022-01-03,6.96,,,,,,,
JD상모2,2022-01-04,6.96,,,,,,,
JD상모2,2022-01-05,7.01,,,,,,,
JD상모2,2022-01-06,7.04,,,,,,,
JD상모2,2022-01-07,7.06,,,,,,,
JD상모2,2022-01-08,7.09,,,,,,,
JD상모2,2022-01-09,7.11,,,,,,,
JD상모2,2022-01-10,7.1,,,,,,,
JD상모2,2022-01-11,7.06,,,,,,,
JD상모2,2022-01-12,7.07,,,,,,,
JD상모2,2022-01-13,7.08,,,,,,,
JD상모2,2022-01-14,7.05,,,,,,,
JD상모2,2022-01-15,7.03,,,,,,,
JD상모2,2022-01-16,6.99,,,,,,,
JD상모2,2022-01-17,6.93,,,,,,,
JD상모2,2022-01-18,6.9,,,,,,,
JD상모2,2022-01-19,6.85,,,,,,,
JD상모2,2022-01-20,6.87,,,,,,,
JD상모2,2022-01-21,6.88,,,,,,,
JD상모2,2022-01-22,6.88,,,,,,,
JD상모2,2022-01-23,6.92,,,,,,,
JD상모2,2022-01-24,6.95,,,,,,,
JD상모2,2022-01-25,6.92,,,,,,,
JD상모2,2022-01-26,6.9,,,,,,,
JD상모2,2022-01-27,6.87,,,,,,,
JD상모2,2022-01-28,6.83,,,,,,,
JD상모2,2022-01-29,6.74,,,,,,,
JD상모2,2022-01-30,6.68,,,,,,,
JD상모2,2022-01-31,6.6,,,,,,,
JD상모2,2022-02-01,6.58,,,,,,,
JD상모2,2022-02-02,6.63,,,,,,,
JD상모2,2022-02-03,6.58,,,,,,,
JD상모2,2022-02-04,6.4,,,,,,,
JD상모2,2022-02-05,6.21,,,,,,,
JD상모2,2022-02-06,6.32,,,,,,,
JD상모2,2022-02-07,6.3,,,,,,,
JD상모2,2022-02-08,6.21,,,,,,,
JD상모2,2022-02-09,6.05,,,,,,,
JD상모2,2022-02-10,6.06,,,,,,,
JD상모2,2022-02-11,6.21,,,,,,,
JD상모2,2022-02-12,6.31,,,,,,,
JD상모2,2022-02-13,6.27,,,,,,,
JD상모2,2022-02-14,5.99,,,,,,,
JD상모2,2022-02-15,5.98,,,,,,,
JD상모2,2022-02-16,5.99,,,,,,,
JD상모2,2022-02-17,6.15,,,,,,,
JD상모2,2022-02-18,6.21,,,,,,,
JD상모2,2022-02-19,6.24,,,,,,,
JD상모2,2022-02-20,6.35,,,,,,,
JD상모2,2022-02-21,6.33,,,,,,,
JD상모2,2022-02-22,6.04,,,,,,,
JD상모2,2022-02-23,5.93,,,,,,,
JD상모2,2022-02-24,5.91,,,,,,,
JD상모2,2022-02-25,5.78,,,,,,,
JD상모2,2022-02-26,5.5,,,,,,,
JD상모2,2022-02-27,5.18,,,,,,,
JD상모2,2022-02-28,5.18,,,,,,,
JD상모2,2022-03-01,5.3,,,,,,,
JD상모2,2022-03-02,5.29,,,,,,,
JD상모2,2022-03-03,4.91,,,,,,,
JD상모2,2022-03-04,4.74,,,,,,,
JD상모2,2022-03-05,4.57,,,,,,,
JD상모2,2022-03-06,4.7,,,,,,,
JD상모2,2022-03-07,4.81,,,,,,,
JD상모2,2022-03-08,4.83,,,,,,,
JD상모2,2022-03-09,4.89,,,,,,,
JD상모2,2022-03-10,5.16,,,,,,,
JD상모2,2022-03-11,5.42,,,,,,,
JD상모2,2022-03-12,5.56,,,,,,,
JD상모2,2022-03-13,5.79,,,,,,,
JD상모2,2022-03-14,5.79,,,,,,,
JD상모2,2022-03-15,5.79,,,,,,,
JD상모2,2022-03-16,5.88,,,,,,,
JD상모2,2022-03-17,5.99,,,,,,,
JD상모2,2022-03-18,6.12,,,,,,,
JD상모2,2022-03-19,6.16,,,,,,,
JD상모2,2022-03-20,6.15,,,,,,,
JD상모2,2022-03-21,6.19,,,,,,,
JD상모2,2022-03-22,6.21,,,,,,,
JD상모2,2022-03-23,6.28,,,,,,,
JD상모2,2022-03-24,6.29,,,,,,,
JD상모2,2022-03-25,6.25,,,,,,,
JD상모2,2022-03-26,6.35,,,,,,,
JD상모2,2022-03-27,6.42,,,,,,,
JD상모2,2022-03-28,6.41,,,,,,,
JD상모2,2022-03-29,6.33,,,,,,,
JD상모2,2022-03-30,6.29,,,,,,,
JD상모2,2022-03-31,6.23,,,,,,,
JD상모2,2022-04-01,6.11,,,,,,,
JD상모2,2022-04-02,6.0,,,,,,,
JD상모2,2022-04-03,6.01,,,,,,,
JD상모2,2022-04-04,6.01,,,,,,,
JD상모2,2022-04-05,5.8,,,,,,,
JD상모2,2022-04-06,5.33,,,,,,,
JD상모2,2022-04-07,4.88,,,,,,,
JD상모2,2022-04-08,4.81,,,,,,,
JD상모2,2022-04-09,4.57,,,,,,,
JD상모2,2022-04-10,4.35,,,,,,,
JD상모2,2022-04-11,4.5,,,,,,,
JD상모2,2022-04-12,4.78,,,,,,,
JD상모2,2022-04-13,5.13,,,,,,,
JD상모2,2022-04-14,5.44,,,,,,,
JD상모2,2022-04-15,5.57,,,,,,,
JD상모2,2022-04-16,5.71,,,,,,,
JD상모2,2022-04-17,5.64,,,,,,,
JD상모2,2022-04-18,5.57,,,,,,,
JD상모2,2022-04-19,5.58,,,,,,,
JD상모2,2022-04-20,5.43,,,,,,,
JD상모2,2022-04-21,5.32,,,,,,,
JD상모2,2022-04-22,5.41,,,,,,,
JD상모2,2022-04-23,5.6,,,,,,,
JD상모2,2022-04-24,5.64,,,,,,,
JD상모2,2022-04-25,5.77,,,,,,,
JD상모2,2022-04-26,5.96,,,,,,,
JD상모2,2022-04-27,6.1,,,,,,,
JD상모2,2022-04-28,6.29,,,,,,,
JD상모2,2022-04-29,6.37,,,,,,,
JD상모2,2022-04-30,6.42,,,,,,,
JD상모2,2022-05-01,6.48,,,,,,,
JD상모2,2022-05-02,6.33,,,,,,,
JD상모2,2022-05-03,6.19,,,,,,,
JD상모2,2022-05-04,6.1,,,,,,,
JD상모2,2022-05-05,5.98,,,,,,,
JD상모2,2022-05-06,5.82,,,,,,,
JD상모2,2022-05-07,5.48,,,,,,,
JD상모2,2022-05-08,5.25,,,,,,,
JD상모2,2022-05-09,5.24,,,,,,,
JD상모2,2022-05-10,5.16,,,,,,,
JD상모2,2022-05-11,5.03,,,,,,,
JD상모2,2022-05-12,5.03,,,,,,,
JD상모2,2022-05-13,5.18,,,,,,,
JD상모2,2022-05-14,5.38,,,,,,,
JD상모2,2022-05-15,5.46,,,,,,,
JD상모2,2022-05-16,5.54,,,,,,,
JD상모2,2022-05-17,5.57,,,,,,,
JD상모2,2022-05-18,5.48,,,,,,,
JD상모2,2022-05-19,5.27,,,,,,,
JD상모2,2022-05-20,5.41,,,,,,,
JD상모2,2022-05-21,5.56,,,,,,,
JD상모2,2022-05-22,5.43,,,,,,,
JD상모2,2022-05-23,5.19,,,,,,,
JD상모2,2022-05-24,5.1,,,,,,,
JD상모2,2022-05-25,5.24,,,,,,,
JD상모2,2022-05-26,5.29,,,,,,,
JD상모2,2022-05-27,5.4,,,,,,,
JD상모2,2022-05-28,5.36,,,,,,,
JD상모2,2022-05-29,5.55,,,,,,,
JD상모2,2022-05-30,5.54,,,,,,,
JD상모2,2022-05-31,5.42,,,,,,,
JD상모2,2022-06-01,5.3,,,,,,,
JD상모2,2022-06-02,5.21,,,,,,,
JD상모2,2022-06-03,5.29,,,,,,,
JD상모2,2022-06-04,5.38,,,,,,,
JD상모2,2022-06-05,5.76,,,,,,,
JD상모2,2022-06-06,6.02,,,,,,,
JD상모2,2022-06-07,6.06,,,,,,,
JD상모2,2022-06-08,6.06,,,,,,,
JD상모2,2022-06-09,5.99,,,,,,,
JD상모2,2022-06-10,5.95,,,,,,,
JD상모2,2022-06-11,5.98,,,,,,,
JD상모2,2022-06-12,6.02,,,,,,,
JD상모2,2022-06-13,6.09,,,,,,,
JD상모2,2022-06-14,6.13,,,,,,,
JD상모2,2022-06-15,6.1,,,,,,,
JD상모2,2022-06-16,6.11,,,,,,,
JD상모2,2022-06-17,6.08,,,,,,,
JD상모2,2022-06-18,5.98,,,,,,,
JD상모2,2022-06-19,5.93,,,,,,,
JD상모2,2022-06-20,5.97,,,,,,,
JD상모2,2022-06-21,5.94,,,,,,,
JD상모2,2022-06-22,5.97,,,,,,,
JD상모2,2022-06-23,6.04,,,,,,,
JD상모2,2022-06-24,6.19,,,,,,,
JD상모2,2022-06-25,6.55,,,,,,,
JD상모2,2022-06-26,6.76,,,,,,,
JD상모2,2022-06-27,6.86,,,,,,,
JD상모2,2022-06-28,6.85,,,,,,,
JD상모2,2022-06-29,6.84,,,,,,,
JD상모2,2022-06-30,6.78,,,,,,,
JD상모2,2022-07-01,6.71,,,,,,,
JD상모2,2022-07-02,6.68,,,,,,,
JD상모2,2022-07-03,6.59,,,,,,,
JD상모2,2022-07-04,6.47,,,,,,,
JD상모2,2022-07-05,6.34,,,,,,,
JD상모2,2022-07-06,6.36,,,,,,,
JD상모2,2022-07-07,6.33,,,,,,,
JD상모2,2022-07-08,6.24,,,,,,,
JD상모2,2022-07-09,6.1,,,,,,,
JD상모2,2022-07-10,6.08,,,,,,,
JD상모2,2022-07-11,6.11,,,,,,,
JD상모2,2022-07-12,6.44,,,,,,,
JD상모2,2022-07-13,6.65,,,,,,,
JD상모2,2022-07-14,6.73,,,,,,,
JD상모2,2022-07-15,6.78,,,,,,,
JD상모2,2022-07-16,6.94,,,,,,,
JD상모2,2022-07-17,7.06,,,,,,,
JD상모2,2022-07-18,7.11,,,,,,,
JD상모2,2022-07-19,7.09,,,,,,,
JD상모2,2022-07-20,6.98,,,,,,,
JD상모2,2022-07-21,6.9,,,,,,,
JD상모2,2022-07-22,6.77,,,,,,,
JD상모2,2022-07-23,6.67,,,,,,,
JD상모2,2022-07-24,6.65,,,,,,,
JD상모2,2022-07-25,6.63,,,,,,,
JD상모2,2022-07-26,6.58,,,,,,,
JD상모2,2022-07-27,6.55,,,,,,,
JD상모2,2022-07-28,6.49,,,,,,,
JD상모2,2022-07-29,6.44,,,,,,,
JD상모2,2022-07-30,6.54,,,,,,,
JD상모2,2022-07-31,6.85,,,,,,,
JD상모2,2022-08-01,7.23,,,,,,,
JD상모2,2022-08-02,7.44,,,,,,,
JD상모2,2022-08-03,7.55,,,,,,,
JD상모2,2022-08-04,7.57,,,,,,,
JD상모2,2022-08-05,7.54,,,,,,,
JD상모2,2022-08-06,7.47,,,,,,,
JD상모2,2022-08-07,7.37,,,,,,,
JD상모2,2022-08-08,7.21,,,,,,,
JD상모2,2022-08-09,7.05,,,,,,,
JD상모2,2022-08-10,7.05,,,,,,,
JD상모2,2022-08-11,7.06,,,,,,,
JD상모2,2022-08-12,6.96,,,,,,,
JD상모2,2022-08-13,6.87,,,,,,,
JD상모2,2022-08-14,6.82,,,,,,,
JD상모2,2022-08-15,6.8,,,,,,,
JD상모2,2022-08-16,6.79,,,,,,,
JD상모2,2022-08-17,6.86,,,,,,,
JD상모2,2022-08-18,7.13,,,,,,,
JD상모2,2022-08-19,7.28,,,,,,,
JD상모2,2022-08-20,7.35,,,,,,,
JD상모2,2022-08-21,7.34,,,,,,,
JD상모2,2022-08-22,7.29,,,,,,,
JD상모2,2022-08-23,7.22,,,,,,,
JD상모2,2022-08-24,6.96,,,,,,,
JD상모2,2022-08-25,6.66,,,,,,,
JD상모2,2022-08-26,6.5,,,,,,,
JD상모2,2022-08-27,6.35,,,,,,,
JD상모2,2022-08-28,6.01,,,,,,,
JD상모2,2022-08-29,5.86,,,,,,,
JD상모2,2022-08-30,5.91,,,,,,,
JD상모2,2022-08-31,6.03,,,,,,,
JD상모2,2022-09-01,6.14,,,,,,,
JD상모2,2022-09-02,6.34,,,,,,,
JD상모2,2022-09-03,6.63,,,,,,,
JD상모2,2022-09-04,6.86,,,,,,,
JD상모2,2022-09-05,7.43,,,,,,,
JD상모2,2022-09-06,7.93,,,,,,,
JD상모2,2022-09-07,8.21,,,,,,,
JD상모2,2022-09-08,8.36,,,,,,,
JD상모2,2022-09-09,8.3,,,,,,,
JD상모2,2022-09-10,8.2,,,,,,,
JD상모2,2022-09-11,8.09,,,,,,,
JD상모2,2022-09-12,8.01,,,,,,,
JD상모2,2022-09-13,7.97,,,,,,,
JD상모2,2022-09-14,8.04,,,,,,,
JD상모2,2022-09-15,8.06,,,,,,,
JD상모2,2022-09-16,7.99,,,,,,,
JD상모2,2022-09-17,7.84,,,,,,,
JD상모2,2022-09-18,7.81,,,,,,,
JD상모2,2022-09-19,7.57,,,,,,,
JD상모2,2022-09-20,7.06,,,,,,,
JD상모2,2022-09-21,6.54,,,,,,,
JD상모2,2022-09-22,6.26,,,,,,,
JD상모2,2022-09-23,6.02,,,,,,,
JD상모2,2022-09-24,5.66,,,,,,,
JD상모2,2022-09-25,5.3,,,,,,,
JD상모2,2022-09-26,4.93,,,,,,,
JD상모2,2022-09-27,4.62,,,,,,,
JD상모2,2022-09-28,4.5,,,,,,,
JD상모2,2022-09-29,4.36,,,,,,,
JD상모2,2022-09-30,4.26,,,,,,,
JD상모2,2022-10-01,3.86,,,,,,,
JD상모2,2022-10-02,3.83,,,,,,,
JD상모2,2022-10-03,3.84,,,,,,,
JD상모2,2022-10-04,3.87,,,,,,,
JD상모2,2022-10-05,4.0,,,,,,,
JD상모2,2022-10-06,3.86,,,,,,,
JD상모2,2022-10-07,3.71,,,,,,,
JD상모2,2022-10-08,3.55,,,,,,,
JD상모2,2022-10-09,3.86,,,,,,,
JD상모2,2022-10-10,4.49,,,,,,,
JD상모2,2022-10-11,4.66,,,,,,,
JD상모2,2022-10-12,4.49,,,,,,,
JD상모2,2022-10-13,4.01,,,,,,,
JD상모2,2022-10-14,3.74,,,,,,,
JD상모2,2022-10-15,3.44,,,,,,,
JD상모2,2022-10-16,3.27,,,,,,,
JD상모2,2022-10-17,3.13,,,,,,,
JD상모2,2022-10-18,2.99,,,,,,,
JD상모2,2022-10-19,2.85,,,,,,,
JD상모2,2022-10-20,2.75,,,,,,,
JD상모2,2022-10-21,2.84,,,,,,,
JD상모2,2022-10-22,2.75,,,,,,,
JD상모2,2022-10-23,2.88,,,,,,,
JD상모2,2022-10-24,2.93,,,,,,,
JD상모2,2022-10-25,2.92,,,,,,,
JD상모2,2022-10-26,2.7,,,,,,,
JD상모2,2022-10-27,2.7,,,,,,,
JD상모2,2022-10-28,2.74,,,,,,,
JD상모2,2022-10-29,2.7,,,,,,,
JD상모2,2022-10-30,2.73,,,,,,,
JD상모2,2022-10-31,2.71,,,,,,,
JD상모2,2022-11-01,2.66,,,,,,,
JD상모2,2022-11-02,2.55,,,,,,,
JD상모2,2022-11-03,2.67,,,,,,,
JD상모2,2022-11-04,2.66,,,,,,,
JD상모2,2022-11-05,2.77,,,,,,,
JD상모2,2022-11-06,2.7,,,,,,,
JD상모2,2022-11-07,2.58,,,,,,,
JD상모2,2022-11-08,2.57,,,,,,,
JD상모2,2022-11-09,2.81,,,,,,,
JD상모2,2022-11-10,3.31,,,,,,,
JD상모2,2022-11-11,3.92,,,,,,,
JD상모2,2022-11-12,4.22,,,,,,,
JD상모2,2022-11-13,4.33,,,,,,,
JD상모2,2022-11-14,4.57,,,,,,,
JD상모2,2022-11-15,4.69,,,,,,,
JD상모2,2022-11-16,4.78,,,,,,,
JD상모2,2022-11-17,4.68,,,,,,,
JD상모2,2022-11-18,4.57,,,,,,,
JD상모2,2022-11-19,4.67,,,,,,,
JD상모2,2022-11-20,4.92,,,,,,,
JD상모2,2022-11-21,5.1,,,,,,,
JD상모2,2022-11-22,5.22,,,,,,,
JD상모2,2022-11-23,5.26,,,,,,,
JD상모2,2022-11-24,5.25,,,,,,,
JD상모2,2022-11-25,5.24,,,,,,,
JD상모2,2022-11-26,5.2,,,,,,,
JD상모2,2022-11-27,5.18,,,,,,,
JD상모2,2022-11-28,5.25,,,,,,,
JD상모2,2022-11-29,5.41,,,,,,,
JD상모2,2022-11-30,5.48,,,,,,,
JD상모2,2022-12-01,5.58,,,,,,,
JD상모2,2022-12-02,5.62,,,,,,,
JD상모2,2022-12-03,5.63,,,,,,,
JD상모2,2022-12-04,5.55,,,,,,,
JD상모2,2022-12-05,5.54,,,,,,,
JD상모2,2022-12-06,5.63,,,,,,,
JD상모2,2022-12-07,5.6,,,,,,,
JD상모2,2022-12-08,5.4,,,,,,,
JD상모2,2022-12-09,5.4,,,,,,,
JD상모2,2022-12-10,5.38,,,,,,,
JD상모2,2022-12-11,5.43,,,,,,,
JD상모2,2022-12-12,5.52,,,,,,,
JD상모2,2022-12-13,5.4,,,,,,,
JD상모2,2022-12-14,5.25,,,,,,,
JD상모2,2022-12-15,5.29,,,,,,,
JD상모2,2022-12-16,4.95,,,,,,,
JD상모2,2022-12-17,4.97,,,,,,,
JD상모2,2022-12-18,5.24,,,,,,,
JD상모2,2022-12-19,5.36,,,,,,,
JD상모2,2022-12-20,5.51,,,,,,,
JD상모2,2022-12-21,5.66,,,,,,,
JD상모2,2022-12-22,5.73,,,,,,,
JD상모2,2022-12-23,5.73,,,,,,,
JD상모2,2022-12-24,5.76,,,,,,,
JD상모2,2022-12-25,5.78,,,,,,,
JD상모2,2022-12-26,5.81,,,,,,,
JD상모2,2022-12-27,5.8,,,,,,,
JD상모2,2022-12-28,5.83,,,,,,,
JD상모2,2022-12-29,5.83,,,,,,,
JD상모2,2022-12-30,5.82,,,,,,,
JD상모2,2022-12-31,5.76,,,,,,,
JD상모2,2023-01-01,5.67,,,,,,,
JD상모2,2023-01-02,5.62,,,,,,,
JD상모2,2023-01-03,5.56,,,,,,,
JD상모2,2023-01-04,5.34,,,,,,,
JD상모2,2023-01-05,5.15,,,,,,,
JD상모2,2023-01-06,5.17,,,,,,,
JD상모2,2023-01-07,5.16,,,,,,,
JD상모2,2023-01-08,5.12,,,,,,,
JD상모2,2023-01-09,5.09,,,,,,,
JD상모2,2023-01-10,5.14,,,,,,,
JD상모2,2023-01-11,5.34,,,,,,,
JD상모2,2023-01-12,5.54,,,,,,,
JD상모2,2023-01-13,5.7,,,,,,,
JD상모2,2023-01-14,5.86,,,,,,,
JD상모2,2023-01-15,5.93,,,,,,,
JD상모2,2023-01-16,5.93,,,,,,,
JD상모2,2023-01-17,5.95,,,,,,,
JD상모2,2023-01-18,5.92,,,,,,,
JD상모2,2023-01-19,5.95,,,,,,,
JD상모2,2023-01-20,5.92,,,,,,,
JD상모2,2023-01-21,5.93,,,,,,,
JD상모2,2023-01-22,5.98,,,,,,,
JD상모2,2023-01-23,5.99,,,,,,,
JD상모2,2023-01-24,5.96,,,,,,,
JD상모2,2023-01-25,5.96,,,,,,,
JD상모2,2023-01-26,5.96,,,,,,,
JD상모2,2023-01-27,5.97,,,,,,,
JD상모2,2023-01-28,5.99,,,,,,,
JD상모2,2023-01-29,6.0,,,,,,,
JD상모2,2023-01-30,5.94,,,,,,,
JD상모2,2023-01-31,5.82,,,,,,,
JD상모2,2023-02-01,5.76,,,,,,,
JD상모2,2023-02-02,5.75,,,,,,,
JD상모2,2023-02-03,5.8,,,,,,,
JD상모2,2023-02-04,5.78,,,,,,,
JD상모2,2023-02-05,5.73,,,,,,,
JD상모2,2023-02-06,5.77,,,,,,,
JD상모2,2023-02-07,5.75,,,,,,,
JD상모2,2023-02-08,5.72,,,,,,,
JD상모2,2023-02-09,5.81,,,,,,,
JD상모2,2023-02-10,5.91,,,,,,,
JD상모2,2023-02-11,5.93,,,,,,,
JD상모2,2023-02-12,5.98,,,,,,,
JD상모2,2023-02-13,6.06,,,,,,,
JD상모2,2023-02-14,6.06,,,,,,,
JD상모2,2023-02-15,5.99,,,,,,,
JD상모2,2023-02-16,6.0,,,,,,,
JD상모2,2023-02-17,6.03,,,,,,,
JD상모2,2023-02-18,6.03,,,,,,,
JD상모2,2023-02-19,5.99,,,,,,,
JD상모2,2023-02-20,5.9,,,,,,,
JD상모2,2023-02-21,5.8,,,,,,,
JD상모2,2023-02-22,5.74,,,,,,,
JD상모2,2023-02-23,5.81,,,,,,,
JD상모2,2023-02-24,5.79,,,,,,,
JD상모2,2023-02-25,5.74,,,,,,,
JD상모2,2023-02-26,5.7,,,,,,,
JD상모2,2023-02-27,5.73,,,,,,,
JD상모2,2023-02-28,5.73,,,,,,,
JD상모2,2023-03-01,5.74,,,,,,,
JD상모2,2023-03-02,5.77,,,,,,,
JD상모2,2023-03-03,5.78,,,,,,,
JD상모2,2023-03-04,5.79,,,,,,,
JD상모2,2023-03-05,5.71,,,,,,,
JD상모2,2023-03-06,5.72,,,,,,,
JD상모2,2023-03-07,5.67,,,,,,,
JD상모2,2023-03-08,5.56,,,,,,,
JD상모2,2023-03-09,5.42,,,,,,,
JD상모2,2023-03-10,5.21,,,,,,,
JD상모2,2023-03-11,5.39,,,,,,,
JD상모2,2023-03-12,5.38,,,,,,,
JD상모2,2023-03-13,5.41,,,,,,,
JD상모2,2023-03-14,5.46,,,,,,,
JD상모2,2023-03-15,5.51,,,,,,,
JD상모2,2023-03-16,5.52,,,,,,,
JD상모2,2023-03-17,5.48,,,,,,,
JD상모2,2023-03-18,5.46,,,,,,,
JD상모2,2023-03-19,5.58,,,,,,,
JD상모2,2023-03-20,5.66,,,,,,,
JD상모2,2023-03-21,5.74,,,,,,,
JD상모2,2023-03-22,5.71,,,,,,,
JD상모2,2023-03-23,5.64,,,,,,,
JD상모2,2023-03-24,5.69,,,,,,,
JD상모2,2023-03-25,5.76,,,,,,,
JD상모2,2023-03-26,5.79,,,,,,,
JD상모2,2023-03-27,5.74,,,,,,,
JD상모2,2023-03-28,5.65,,,,,,,
JD상모2,2023-03-29,5.64,,,,,,,
JD상모2,2023-03-30,5.67,,,,,,,
JD상모2,2023-03-31,5.62,,,,,,,
JD상모2,2023-04-01,5.53,,,,,,,
JD상모2,2023-04-02,5.56,,,,,,,
JD상모2,2023-04-03,5.57,,,,,,,
JD상모2,2023-04-04,5.63,,,,,,,
JD상모2,2023-04-05,5.82,,,,,,,
JD상모2,2023-04-06,6.07,,,,,,,
JD상모2,2023-04-07,6.22,,,,,,,
JD상모2,2023-04-08,6.29,,,,,,,
JD상모2,2023-04-09,6.33,,,,,,,
JD상모2,2023-04-10,6.28,,,,,,,
JD상모2,2023-04-11,6.26,,,,,,,
JD상모2,2023-04-12,6.19,,,,,,,
JD상모2,2023-04-13,6.12,,,,,,,
JD상모2,2023-04-14,6.15,,,,,,,
JD상모2,2023-04-15,6.12,,,,,,,
JD상모2,2023-04-16,6.01,,,,,,,
JD상모2,2023-04-17,6.01,,,,,,,
JD상모2,2023-04-18,6.07,,,,,,,
JD상모2,2023-04-19,6.06,,,,,,,
JD상모2,2023-04-20,6.01,,,,,,,
JD상모2,2023-04-21,5.97,,,,,,,
JD상모2,2023-04-22,5.82,,,,,,,
JD상모2,2023-04-23,5.82,,,,,,,
JD상모2,2023-04-24,5.89,,,,,,,
JD상모2,2023-04-25,5.94,,,,,,,
JD상모2,2023-04-26,5.82,,,,,,,
JD상모2,2023-04-27,5.74,,,,,,,
JD상모2,2023-04-28,5.66,,,,,,,
JD상모2,2023-04-29,5.8,,,,,,,
JD상모2,2023-04-30,5.85,,,,,,,
JD상모2,2023-05-01,5.77,,,,,,,
JD상모2,2023-05-02,5.62,,,,,,,
JD상모2,2023-05-03,5.73,,,,,,,
JD상모2,2023-05-04,6.09,,,,,,,
JD상모2,2023-05-05,6.94,,,,,,,
JD상모2,2023-05-06,7.48,,,,,,,
JD상모2,2023-05-07,7.76,,,,,,,
JD상모2,2023-05-08,7.84,,,,,,,
JD상모2,2023-05-09,7.82,,,,,,,
JD상모2,2023-05-10,7.8,,,,,,,
JD상모2,2023-05-11,7.64,,,,,,,
JD상모2,2023-05-12,7.47,,,,,,,
JD상모2,2023-05-13,7.4,,,,,,,
JD상모2,2023-05-14,7.3,,,,,,,
JD상모2,2023-05-15,7.23,,,,,,,
JD상모2,2023-05-16,7.21,,,,,,,
JD상모2,2023-05-17,7.13,,,,,,,
JD상모2,2023-05-18,7.19,,,,,,,
JD상모2,2023-05-19,7.26,,,,,,,
JD상모2,2023-05-20,7.26,,,,,,,
JD상모2,2023-05-21,7.28,,,,,,,
JD상모2,2023-05-22,7.33,,,,,,,
JD상모2,2023-05-23,7.24,,,,,,,
JD상모2,2023-05-24,7.16,,,,,,,
JD상모2,2023-05-25,7.06,,,,,,,
JD상모2,2023-05-26,6.99,,,,,,,
JD상모2,2023-05-27,6.92,,,,,,,
JD상모2,2023-05-28,6.88,,,,,,,
JD상모2,2023-05-29,6.88,,,,,,,
JD상모2,2023-05-30,6.94,,,,,,,
JD상모2,2023-05-31,7.03,,,,,,,
JD상모2,2023-06-01,7.17,,,,,,,
JD상모2,2023-06-02,7.43,,,,,,,
JD상모2,2023-06-03,7.56,,,,,,,
JD상모2,2023-06-04,7.64,,,,,,,
JD상모2,2023-06-05,7.65,,,,,,,
JD상모2,2023-06-06,7.77,,,,,,,
JD상모2,2023-06-07,7.92,,,,,,,
JD상모2,2023-06-08,8.0,,,,,,,
JD상모2,2023-06-09,8.0,,,,,,,
JD상모2,2023-06-10,7.92,,,,,,,
JD상모2,2023-06-11,7.86,,,,,,,
JD상모2,2023-06-12,7.8,,,,,,,
JD상모2,2023-06-13,7.72,,,,,,,
JD상모2,2023-06-14,7.62,,,,,,,
JD상모2,2023-06-15,7.56,,,,,,,
JD상모2,2023-06-16,7.48,,,,,,,
JD상모2,2023-06-17,7.38,,,,,,,
JD상모2,2023-06-18,7.35,,,,,,,
JD상모2,2023-06-19,7.29,,,,,,,
JD상모2,2023-06-20,7.35,,,,,,,
JD상모2,2023-06-21,7.34,,,,,,,
JD상모2,2023-06-22,7.32,,,,,,,
JD상모2,2023-06-23,7.28,,,,,,,
JD상모2,2023-06-24,7.22,,,,,,,
JD상모2,2023-06-25,7.26,,,,,,,
JD상모2,2023-06-26,7.51,,,,,,,
JD상모2,2023-06-27,7.67,,,,,,,
JD상모2,2023-06-28,7.73,,,,,,,
JD상모2,2023-06-29,7.78,,,,,,,
JD상모2,2023-06-30,7.87,,,,,,,
JD상모2,2023-07-01,8.11,,,,,,,
JD상모2,2023-07-02,8.25,,,,,,,
JD상모2,2023-07-03,8.36,,,,,,,
JD상모2,2023-07-04,8.41,,,,,,,
JD상모2,2023-07-05,8.42,,,,,,,
JD상모2,2023-07-06,8.41,,,,,,,
JD상모2,2023-07-07,8.47,,,,,,,
JD상모2,2023-07-08,8.52,,,,,,,
JD상모2,2023-07-09,8.66,,,,,,,
JD상모2,2023-07-10,8.77,,,,,,,
JD상모2,2023-07-11,8.79,,,,,,,
JD상모2,2023-07-12,8.75,,,,,,,
JD상모2,2023-07-13,8.7,,,,,,,
JD상모2,2023-07-14,8.67,,,,,,,
JD상모2,2023-07-15,8.61,,,,,,,
JD상모2,2023-07-16,8.52,,,,,,,
JD상모2,2023-07-17,8.45,,,,,,,
JD상모2,2023-07-18,8.46,,,,,,,
JD상모2,2023-07-19,8.47,,,,,,,
JD상모2,2023-07-20,8.42,,,,,,,
JD상모2,2023-07-21,8.42,,,,,,,
JD상모2,2023-07-22,8.43,,,,,,,
JD상모2,2023-07-23,8.46,,,,,,,
JD상모2,2023-07-24,8.47,,,,,,,
JD상모2,2023-07-25,8.46,,,,,,,
JD상모2,2023-07-26,8.42,,,,,,,
JD상모2,2023-07-27,8.48,,,,,,,
JD상모2,2023-07-28,8.51,,,,,,,
JD상모2,2023-07-29,8.55,,,,,,,
JD상모2,2023-07-30,8.59,,,,,,,
JD상모2,2023-07-31,8.58,,,,,,,
JD상모2,2023-08-01,8.59,,,,,,,
JD상모2,2023-08-02,8.54,,,,,,,
JD상모2,2023-08-03,8.44,,,,,,,
JD상모2,2023-08-04,8.4,,,,,,,
JD상모2,2023-08-05,8.37,,,,,,,
JD상모2,2023-08-06,8.3,,,,,,,
JD상모2,2023-08-07,8.24,,,,,,,
JD상모2,2023-08-08,8.19,,,,,,,
JD상모2,2023-08-09,8.26,,,,,,,
JD상모2,2023-08-10,8.29,,,,,,,
JD상모2,2023-08-11,8.11,,,,,,,
JD상모2,2023-08-12,8.05,,,,,,,
JD상모2,2023-08-13,8.05,,,,,,,
JD상모2,2023-08-14,7.92,,,,,,,
JD상모2,2023-08-15,7.95,,,,,,,
JD상모2,2023-08-16,7.94,,,,,,,
JD상모2,2023-08-17,7.87,,,,,,,
JD상모2,2023-08-18,7.75,,,,,,,
JD상모2,2023-08-19,7.68,,,,,,,
JD상모2,2023-08-20,7.77,,,,,,,
JD상모2,2023-08-21,7.61,,,,,,,
JD상모2,2023-08-22,7.61,,,,,,,
JD상모2,2023-08-23,7.84,,,,,,,
JD상모2,2023-08-24,8.22,,,,,,,
JD상모2,2023-08-25,8.5,,,,,,,
JD상모2,2023-08-26,8.65,,,,,,,
JD상모2,2023-08-27,8.69,,,,,,,
JD상모2,2023-08-28,8.66,,,,,,,
JD상모2,2023-08-29,8.71,,,,,,,
JD상모2,2023-08-30,8.89,,,,,,,
JD상모2,2023-08-31,9.14,,,,,,,
JD상모2,2023-09-01,9.36,,,,,,,
JD상모2,2023-09-02,9.57,,,,,,,
JD상모2,2023-09-03,9.69,,,,,,,
JD상모2,2023-09-04,9.74,,,,,,,
JD상모2,2023-09-05,9.77,,,,,,,
JD상모2,2023-09-06,9.69,,,,,,,
JD상모2,2023-09-07,9.56,,,,,,,
JD상모2,2023-09-08,9.43,,,,,,,
JD상모2,2023-09-09,9.2,,,,,,,
JD상모2,2023-09-10,9.09,,,,,,,
JD상모2,2023-09-11,9.13,,,,,,,
JD상모2,2023-09-12,9.07,,,,,,,
JD상모2,2023-09-13,9.04,,,,,,,
JD상모2,2023-09-14,9.11,,,,,,,
JD상모2,2023-09-15,9.08,,,,,,,
JD상모2,2023-09-16,9.09,,,,,,,
JD상모2,2023-09-17,9.19,,,,,,,
JD상모2,2023-09-18,9.21,,,,,,,
JD상모2,2023-09-19,9.24,,,,,,,
JD상모2,2023-09-20,9.29,,,,,,,
JD상모2,2023-09-21,9.25,,,,,,,
JD상모2,2023-09-22,9.02,,,,,,,
JD상모2,2023-09-23,8.73,,,,,,,
JD상모2,2023-09-24,8.41,,,,,,,
JD상모2,2023-09-25,7.98,,,,,,,
JD상모2,2023-09-26,7.63,,,,,,,
JD상모2,2023-09-27,7.42,,,,,,,
JD상모2,2023-09-28,7.17,,,,,,,
JD상모2,2023-09-29,7.13,,,,,,,
JD상모2,2023-09-30,7.2,,,,,,,
JD상모2,2023-10-01,7.09,,,,,,,
JD상모2,2023-10-02,6.82,,,,,,,
JD상모2,2023-10-03,6.6,,,,,,,
JD상모2,2023-10-04,6.42,,,,,,,
JD상모2,2023-10-05,6.33,,,,,,,
JD상모2,2023-10-06,6.19,,,,,,,
JD상모2,2023-10-07,6.06,,,,,,,
JD상모2,2023-10-08,5.97,,,,,,,
JD상모2,2023-10-09,5.84,,,,,,,
JD상모2,2023-10-10,5.51,,,,,,,
JD상모2,2023-10-11,5.62,,,,,,,
JD상모2,2023-10-12,5.55,,,,,,,
JD상모2,2023-10-13,5.3,,,,,,,
JD상모2,2023-10-14,5.14,,,,,,,
JD상모2,2023-10-15,5.23,,,,,,,
JD상모2,2023-10-16,5.12,,,,,,,
JD상모2,2023-10-17,5.11,,,,,,,
JD상모2,2023-10-18,5.08,,,,,,,
JD상모2,2023-10-19,5.03,,,,,,,
JD상모2,2023-10-20,4.93,,,,,,,
JD상모2,2023-10-21,4.97,,,,,,,
JD상모2,2023-10-22,5.01,,,,,,,
JD상모2,2023-10-23,4.99,,,,,,,
JD상모2,2023-10-24,4.85,,,,,,,
JD상모2,2023-10-25,4.88,,,,,,,
JD상모2,2023-10-26,5.0,,,,,,,
JD상모2,2023-10-27,5.03,,,,,,,
JD상모2,2023-10-28,5.02,,,,,,,
JD상모2,2023-10-29,4.93,,,,,,,
JD상모2,2023-10-30,4.94,,,,,,,
JD상모2,2023-10-31,5.0,,,,,,,
JD상모2,2023-11-01,5.13,,,,,,,
JD상모2,2023-11-02,5.42,,,,,,,
JD상모2,2023-11-03,5.86,,,,,,,
JD상모2,2023-11-04,6.13,,,,,,,
JD상모2,2023-11-05,6.38,,,,,,,
JD상모2,2023-11-06,6.69,,,,,,,
JD상모2,2023-11-07,6.91,,,,,,,
JD상모2,2023-11-08,7.07,,,,,,,
JD상모2,2023-11-09,7.17,,,,,,,
JD상모2,2023-11-10,7.27,,,,,,,
JD상모2,2023-11-11,7.35,,,,,,,
JD상모2,2023-11-12,7.34,,,,,,,
JD상모2,2023-11-13,7.4,,,,,,,
JD상모2,2023-11-14,7.45,,,,,,,
JD상모2,2023-11-15,7.46,,,,,,,
JD상모2,2023-11-16,7.51,,,,,,,
JD상모2,2023-11-17,7.63,,,,,,,
JD상모2,2023-11-18,7.69,,,,,,,
JD상모2,2023-11-19,7.71,,,,,,,
JD상모2,2023-11-20,7.73,,,,,,,
JD상모2,2023-11-21,7.77,,,,,,,
JD상모2,2023-11-22,7.77,,,,,,,
JD상모2,2023-11-23,7.78,,,,,,,
JD상모2,2023-11-24,7.69,,,,,,,
JD상모2,2023-11-25,7.68,,,,,,,
JD상모2,2023-11-26,7.68,,,,,,,
JD상모2,2023-11-27,7.61,,,,,,,
JD상모2,2023-11-28,7.5,,,,,,,
JD상모2,2023-11-29,7.46,,,,,,,
JD상모2,2023-11-30,7.45,,,,,,,
JD상모2,2023-12-01,7.56,,,,,,,
JD상모2,2023-12-02,7.67,,,,,,,
JD상모2,2023-12-03,7.7,,,,,,,
JD상모2,2023-12-04,7.71,,,,,,,
JD상모2,2023-12-05,7.67,,,,,,,
JD상모2,2023-12-06,7.62,,,,,,,
JD상모2,2023-12-07,7.6,,,,,,,
JD상모2,2023-12-08,7.56,,,,,,,
JD상모2,2023-12-09,7.49,,,,,,,
JD상모2,2023-12-10,7.54,,,,,,,
JD상모2,2023-12-11,7.7,,,,,,,
JD상모2,2023-12-12,7.77,,,,,,,
JD상모2,2023-12-13,7.79,,,,,,,
JD상모2,2023-12-14,7.85,,,,,,,
JD상모2,2023-12-15,7.9,,,,,,,
JD상모2,2023-12-16,7.89,,,,,,,
JD상모2,2023-12-17,7.87,,,,,,,
JD상모2,2023-12-18,7.89,,,,,,,
JD상모2,2023-12-19,7.94,,,,,,,
JD상모2,2023-12-20,7.91,,,,,,,
JD상모2,2023-12-21,7.88,,,,,,,
JD상모2,2023-12-22,7.86,,,,,,,
JD상모2,2023-12-23,7.85,,,,,,,
JD상모2,2023-12-24,7.89,,,,,,,
JD상모2,2023-12-25,7.92,,,,,,,
JD상모2,2023-12-26,7.92,,,,,,,
JD상모2,2023-12-27,7.9,,,,,,,
JD상모2,2023-12-28,7.9,,,,,,,
JD상모2,2023-12-29,7.89,,,,,,,
JD상모2,2023-12-30,7.89,,,,,,,
JD상모2,2023-12-31,7.83,,,,,,,
JD상모2,2024-01-01,7.77,,,,,,,
JD상모2,2024-01-02,7.8,,,,,,,
JD상모2,2024-01-03,7.83,,,,,,,
JD상모2,2024-01-04,7.75,,,,,,,
JD상모2,2024-01-05,7.77,,,,,,,
JD상모2,2024-01-06,7.77,,,,,,,
JD상모2,2024-01-07,7.73,,,,,,,
JD상모2,2024-01-08,7.72,,,,,,,
JD상모2,2024-01-09,7.75,,,,,,,
JD상모2,2024-01-10,7.75,,,,,,,
JD상모2,2024-01-11,7.71,,,,,,,
JD상모2,2024-01-12,7.7,,,,,,,
JD상모2,2024-01-13,7.66,,,,,,,
JD상모2,2024-01-14,7.59,,,,,,,
JD상모2,2024-01-15,7.56,,,,,,,
JD상모2,2024-01-16,7.51,,,,,,,
JD상모2,2024-01-17,7.57,,,,,,,
JD상모2,2024-01-18,7.63,,,,,,,
JD상모2,2024-01-19,7.62,,,,,,,
JD상모2,2024-01-20,7.68,,,,,,,
JD상모2,2024-01-21,7.63,,,,,,,
JD상모2,2024-01-22,7.57,,,,,,,
JD상모2,2024-01-23,7.56,,,,,,,
JD상모2,2024-01-24,7.55,,,,,,,
JD상모2,2024-01-25,7.57,,,,,,,
JD상모2,2024-01-26,7.56,,,,,,,
JD상모2,2024-01-27,7.54,,,,,,,
JD상모2,2024-01-28,7.48,,,,,,,
JD상모2,2024-01-29,7.45,,,,,,,
JD상모2,2024-01-30,7.46,,,,,,,
JD상모2,2024-01-31,7.49,,,,,,,
JD상모2,2024-02-01,7.51,,,,,,,
JD상모2,2024-02-02,7.51,,,,,,,
JD상모2,2024-02-03,7.51,,,,,,,
JD상모2,2024-02-04,7.52,,,,,,,
JD상모2,2024-02-05,7.57,,,,,,,
JD상모2,2024-02-06,7.6,,,,,,,
JD상모2,2024-02-07,7.6,,,,,,,
JD상모2,2024-02-08,7.59,,,,,,,
JD상모2,2024-02-09,7.59,,,,,,,
JD상모2,2024-02-10,7.57,,,,,,,
JD상모2,2024-02-11,7.55,,,,,,,
JD상모2,2024-02-12,7.47,,,,,,,
JD상모2,2024-02-13,7.43,,,,,,,
JD상모2,2024-02-14,7.48,,,,,,,
JD상모2,2024-02-15,7.53,,,,,,,
JD상모2,2024-02-16,7.54,,,,,,,
JD상모2,2024-02-17,7.5,,,,,,,
JD상모2,2024-02-18,7.48,,,,,,,
JD상모2,2024-02-19,7.53,,,,,,,
JD상모2,2024-02-20,7.55,,,,,,,
JD상모2,2024-02-21,7.59,,,,,,,
JD상모2,2024-02-22,7.64,,,,,,,
JD상모2,2024-02-23,7.67,,,,,,,
JD상모2,2024-02-24,7.67,,,,,,,
JD상모2,2024-02-25,7.64,,,,,,,
JD상모2,2024-02-26,7.62,,,,,,,
JD상모2,2024-02-27,7.56,,,,,,,
JD상모2,2024-02-28,7.55,,,,,,,
JD상모2,2024-02-29,7.53,,,,,,,
JD상모2,2024-03-01,7.52,,,,,,,
JD상모2,2024-03-02,7.5,,,,,,,
JD상모2,2024-03-03,7.42,,,,,,,
JD상모2,2024-03-04,7.38,,,,,,,
JD상모2,2024-03-05,7.43,,,,,,,
JD상모2,2024-03-06,7.34,,,,,,,
JD상모2,2024-03-07,7.31,,,,,,,
JD상모2,2024-03-08,7.27,,,,,,,
JD상모2,2024-03-09,7.27,,,,,,,
JD상모2,2024-03-10,7.27,,,,,,,
JD상모2,2024-03-11,7.31,,,,,,,
JD상모2,2024-03-12,7.36,,,,,,,
JD상모2,2024-03-13,7.25,,,,,,,
JD상모2,2024-03-14,7.22,,,,,,,
JD상모2,2024-03-15,7.13,,,,,,,
JD상모2,2024-03-16,7.12,,,,,,,
JD상모2,2024-03-17,7.2,,,,,,,
JD상모2,2024-03-18,7.15,,,,,,,
JD상모2,2024-03-19,7.05,,,,,,,
JD상모2,2024-03-20,6.96,,,,,,,
JD상모2,2024-03-21,6.96,,,,,,,
JD상모2,2024-03-22,7.01,,,,,,,
JD상모2,2024-03-23,7.03,,,,,,,
JD상모2,2024-03-24,7.07,,,,,,,
JD상모2,2024-03-25,7.1,,,,,,,
JD상모2,2024-03-26,7.1,,,,,,,
JD상모2,2024-03-27,7.08,,,,,,,
JD상모2,2024-03-28,7.1,,,,,,,
JD상모2,2024-03-29,7.23,,,,,,,
JD상모2,2024-03-30,7.3,,,,,,,
JD상모2,2024-03-31,7.31,,,,,,,
JD상모2,2024-04-01,7.24,,,,,,,
JD상모2,2024-04-02,7.24,,,,,,,
JD상모2,2024-04-03,7.42,,,,,,,
JD상모2,2024-04-04,7.54,,,,,,,
JD상모2,2024-04-05,7.59,,,,,,,
JD상모2,2024-04-06,7.59,,,,,,,
JD상모2,2024-04-07,7.55,,,,,,,
JD상모2,2024-04-08,7.43,,,,,,,
JD상모2,2024-04-09,7.41,,,,,,,
JD상모2,2024-04-10,7.36,,,,,,,
JD상모2,2024-04-11,7.29,,,,,,,
JD상모2,2024-04-12,7.23,,,,,,,
JD상모2,2024-04-13,7.19,,,,,,,
JD상모2,2024-04-14,7.2,,,,,,,
JD상모2,2024-04-15,7.25,,,,,,,
JD상모2,2024-04-16,7.2,,,,,,,
JD상모2,2024-04-17,7.19,,,,,,,
JD상모2,2024-04-18,7.16,,,,,,,
JD상모2,2024-04-19,7.07,,,,,,,
JD상모2,2024-04-20,7.11,,,,,,,
JD상모2,2024-04-21,7.22,,,,,,,
JD상모2,2024-04-22,7.29,,,,,,,
JD상모2,2024-04-23,7.31,,,,,,,
JD상모2,2024-04-24,7.28,,,,,,,
JD상모2,2024-04-25,7.21,,,,,,,
JD상모2,2024-04-26,7.17,,,,,,,
JD상모2,2024-04-27,7.17,,,,,,,
JD상모2,2024-04-28,7.12,,,,,,,
JD상모2,2024-04-29,7.25,,,,,,,
JD상모2,2024-04-30,7.52,,,,,,,
JD상모2,2024-05-01,7.66,,,,,,,
JD상모2,2024-05-02,7.67,,,,,,,
JD상모2,2024-05-03,7.63,,,,,,,
JD상모2,2024-05-04,7.59,,,,,,,
JD상모2,2024-05-05,7.62,,,,,,,
JD상모2,2024-05-06,7.81,,,,,,,
JD상모2,2024-05-07,7.98,,,,,,,
JD상모2,2024-05-08,8.06,,,,,,,
JD상모2,2024-05-09,8.02,,,,,,,
JD상모2,2024-05-10,7.95,,,,,,,
JD상모2,2024-05-11,7.88,,,,,,,
JD상모2,2024-05-12,7.95,,,,,,,
JD상모2,2024-05-13,7.89,,,,,,,
JD상모2,2024-05-14,7.88,,,,,,,
JD상모2,2024-05-15,7.82,,,,,,,
JD상모2,2024-05-16,7.75,,,,,,,
JD상모2,2024-05-17,7.67,,,,,,,
JD상모2,2024-05-18,7.5,,,,,,,
JD상모2,2024-05-19,7.45,,,,,,,
JD상모2,2024-05-20,7.34,,,,,,,
JD상모2,2024-05-21,7.22,,,,,,,
JD상모2,2024-05-22,7.19,,,,,,,
JD상모2,2024-05-23,7.18,,,,,,,
JD상모2,2024-05-24,7.12,,,,,,,
JD상모2,2024-05-25,7.12,,,,,,,
JD상모2,2024-05-26,7.29,,,,,,,
JD상모2,2024-05-27,7.36,,,,,,,
JD상모2,2024-05-28,7.38,,,,,,,
JD상모2,2024-05-29,7.28,,,,,,,
JD상모2,2024-05-30,7.27,,,,,,,
JD상모2,2024-05-31,7.31,,,,,,,
JD상모2,2024-06-01,7.26,,,,,,,
JD상모2,2024-06-02,7.26,,,,,,,
JD상모2,2024-06-03,7.16,,,,,,,
JD상모2,2024-06-04,7.14,,,,,,,
JD상모2,2024-06-05,7.12,,,,,,,
JD상모2,2024-06-06,7.18,,,,,,,
JD상모2,2024-06-07,7.19,,,,,,,
JD상모2,2024-06-08,7.23,,,,,,,
JD상모2,2024-06-09,7.31,,,,,,,
JD상모2,2024-06-10,7.34,,,,,,,
JD상모2,2024-06-11,7.31,,,,,,,
JD상모2,2024-06-12,7.27,,,,,,,
JD상모2,2024-06-13,7.25,,,,,,,
JD상모2,2024-06-14,7.19,,,,,,,
JD상모2,2024-06-15,7.1,,,,,,,
JD상모2,2024-06-16,6.97,,,,,,,
JD상모2,2024-06-17,6.96,,,,,,,
JD상모2,2024-06-18,6.98,,,,,,,
JD상모2,2024-06-19,6.98,,,,,,,
JD상모2,2024-06-20,7.21,,,,,,,
JD상모2,2024-06-21,7.74,,,,,,,
JD상모2,2024-06-22,8.12,,,,,,,
JD상모2,2024-06-23,8.34,,,,,,,
JD상모2,2024-06-24,8.58,,,,,,,
JD상모2,2024-06-25,8.69,,,,,,,
JD상모2,2024-06-26,8.71,,,,,,,
JD상모2,2024-06-27,8.81,,,,,,,
JD상모2,2024-06-28,9.05,,,,,,,
JD상모2,2024-06-29,9.26,,,,,,,
JD상모2,2024-06-30,9.52,,,,,,,
JD상모2,2024-07-01,9.69,,,,,,,
JD상모2,2024-07-02,9.75,,,,,,,
JD상모2,2024-07-03,9.68,,,,,,,
JD상모2,2024-07-04,9.66,,,,,,,
JD상모2,2024-07-05,9.64,,,,,,,
JD상모2,2024-07-06,9.56,,,,,,,
JD상모2,2024-07-07,9.49,,,,,,,
JD상모2,2024-07-08,9.45,,,,,,,
JD상모2,2024-07-09,9.39,,,,,,,
JD상모2,2024-07-10,9.32,,,,,,,
JD상모2,2024-07-11,9.28,,,,,,,
JD상모2,2024-07-12,9.2,,,,,,,
JD상모2,2024-07-13,9.12,,,,,,,
JD상모2,2024-07-14,9.12,,,,,,,
JD상모2,2024-07-15,9.11,,,,,,,
JD상모2,2024-07-16,9.05,,,,,,,
JD상모2,2024-07-17,9.04,,,,,,,
JD상모2,2024-07-18,9.02,,,,,,,
JD상모2,2024-07-19,8.96,,,,,,,
JD상모2,2024-07-20,9.05,,,,,,,
JD상모2,2024-07-21,9.09,,,,,,,
JD상모2,2024-07-22,9.03,,,,,,,
JD상모2,2024-07-23,9.01,,,,,,,
JD상모2,2024-07-24,8.93,,,,,,,
JD상모2,2024-07-25,8.93,,,,,,,
JD상모2,2024-07-26,8.9,,,,,,,
JD상모2,2024-07-27,8.77,,,,,,,
JD상모2,2024-07-28,8.64,,,,,,,
JD상모2,2024-07-29,8.67,,,,,,,
JD상모2,2024-07-30,8.49,,,,,,,
JD상모2,2024-07-31,8.38,,,,,,,
JD상모2,2024-08-01,8.36,,,,,,,
JD상모2,2024-08-02,8.3,,,,,,,
JD상모2,2024-08-03,8.17,,,,,,,
JD상모2,2024-08-04,8.17,,,,,,,
JD상모2,2024-08-05,8.13,,,,,,,
JD상모2,2024-08-06,8.01,,,,,,,
JD상모2,2024-08-07,7.92,,,,,,,
JD상모2,2024-08-08,7.82,,,,,,,
JD상모2,2024-08-09,7.83,,,,,,,
JD상모2,2024-08-10,7.83,,,,,,,
JD상모2,2024-08-11,7.85,,,,,,,
JD상모2,2024-08-12,7.89,,,,,,,
JD상모2,2024-08-13,7.84,,,,,,,
JD상모2,2024-08-14,7.74,,,,,,,
JD상모2,2024-08-15,7.76,,,,,,,
JD상모2,2024-08-16,7.83,,,,,,,
JD상모2,2024-08-17,7.89,,,,,,,
JD상모2,2024-08-18,7.88,,,,,,,
JD상모2,2024-08-19,7.82,,,,,,,
JD상모2,2024-08-20,7.79,,,,,,,
JD상모2,2024-08-21,7.87,,,,,,,
JD상모2,2024-08-22,7.89,,,,,,,
JD상모2,2024-08-23,7.85,,,,,,,
JD상모2,2024-08-24,7.76,,,,,,,
JD상모2,2024-08-25,7.72,,,,,,,
JD상모2,2024-08-26,7.45,,,,,,,
JD상모2,2024-08-27,7.22,,,,,,,
JD상모2,2024-08-28,7.01,,,,,,,
JD상모2,2024-08-29,6.87,,,,,,,
JD상모2,2024-08-30,6.47,,,,,,,
JD상모2,2024-08-31,6.23,,,,,,,
JD상모2,2024-09-01,6.11,,,,,,,
JD상모2,2024-09-02,6.08,,,,,,,
JD상모2,2024-09-03,6.06,,,,,,,
JD상모2,2024-09-04,5.9,,,,,,,
JD상모2,2024-09-05,5.76,,,,,,,
JD상모2,2024-09-06,5.57,,,,,,,
JD상모2,2024-09-07,5.4,,,,,,,
JD상모2,2024-09-08,5.44,,,,,,,
JD상모2,2024-09-09,5.55,,,,,,,
JD상모2,2024-09-10,5.55,,,,,,,
JD상모2,2024-09-11,6.07,,,,,,,
JD상모2,2024-09-12,6.73,,,,,,,
JD상모2,2024-09-13,7.04,,,,,,,
JD상모2,2024-09-14,7.11,,,,,,,
JD상모2,2024-09-15,7.02,,,,,,,
JD상모2,2024-09-16,6.99,,,,,,,
JD상모2,2024-09-17,6.98,,,,,,,
JD상모2,2024-09-18,7.05,,,,,,,
JD상모2,2024-09-19,7.04,,,,,,,
JD상모2,2024-09-20,7.25,,,,,,,
JD상모2,2024-09-21,7.54,,,,,,,
JD상모2,2024-09-22,7.64,,,,,,,
JD상모2,2024-09-23,7.65,,,,,,,
JD상모2,2024-09-24,7.6,,,,,,,
JD상모2,2024-09-25,7.57,,,,,,,
JD상모2,2024-09-26,7.28,,,,,,,
JD상모2,2024-09-27,6.72,,,,,,,
JD상모2,2024-09-28,6.27,,,,,,,
JD상모2,2024-09-29,6.05,,,,,,,
JD상모2,2024-09-30,6.0,,,,,,,
JD상모2,2024-10-01,6.08,,,,,,,
JD상모2,2024-10-02,6.31,,,,,,,
JD상모2,2024-10-03,6.07,,,,,,,
JD상모2,2024-10-04,5.55,,,,,,,
JD상모2,2024-10-05,5.15,,,,,,,
JD상모2,2024-10-06,4.95,,,,,,,
JD상모2,2024-10-07,5.22,,,,,,,
JD상모2,2024-10-08,5.46,,,,,,,
JD상모2,2024-10-09,5.54,,,,,,,
JD상모2,2024-10-10,5.89,,,,,,,
JD상모2,2024-10-11,6.11,,,,,,,
JD상모2,2024-10-12,6.01,,,,,,,
JD상모2,2024-10-13,5.74,,,,,,,
JD상모2,2024-10-14,5.67,,,,,,,
JD상모2,2024-10-15,6.04,,,,,,,
JD상모2,2024-10-16,6.18,,,,,,,
JD상모2,2024-10-17,6.2,,,,,,,
JD상모2,2024-10-18,6.33,,,,,,,
JD상모2,2024-10-19,6.51,,,,,,,
JD상모2,2024-10-20,6.52,,,,,,,
JD상모2,2024-10-21,6.62,,,,,,,
JD상모2,2024-10-22,6.8,,,,,,,
JD상모2,2024-10-23,6.83,,,,,,,
JD상모2,2024-10-24,6.87,,,,,,,
JD상모2,2024-10-25,6.83,,,,,,,
JD상모2,2024-10-26,6.8,,,,,,,
JD상모2,2024-10-27,6.84,,,,,,,
JD상모2,2024-10-28,6.94,,,,,,,
JD상모2,2024-10-29,7.1,,,,,,,
JD상모2,2024-10-30,7.07,,,,,,,
JD상모2,2024-10-31,7.1,,,,,,,
JD상모2,2024-11-01,7.29,,,,,,,
JD상모2,2024-11-02,7.78,,,,,,,
JD상모2,2024-11-03,8.13,,,,,,,
JD상모2,2024-11-04,8.35,,,,,,,
JD상모2,2024-11-05,8.4,,,,,,,
JD상모2,2024-11-06,8.38,,,,,,,
JD상모2,2024-11-07,8.33,,,,,,,
JD상모2,2024-11-08,8.29,,,,,,,
JD상모2,2024-11-09,8.19,,,,,,,
JD상모2,2024-11-10,8.23,,,,,,,
JD상모2,2024-11-11,8.21,,,,,,,
JD상모2,2024-11-12,8.14,,,,,,,
JD상모2,2024-11-13,8.12,,,,,,,
JD상모2,2024-11-14,8.11,,,,,,,
JD상모2,2024-11-15,8.1,,,,,,,
JD상모2,2024-11-16,8.09,,,,,,,
JD상모2,2024-11-17,8.09,,,,,,,
JD상모2,2024-11-18,8.05,,,,,,,
JD상모2,2024-11-19,8.02,,,,,,,
JD상모2,2024-11-20,8.0,,,,,,,
JD상모2,2024-11-21,7.96,,,,,,,
JD상모2,2024-11-22,7.91,,,,,,,
JD상모2,2024-11-23,7.91,,,,,,,
JD상모2,2024-11-24,7.85,,,,,,,
JD상모2,2024-11-25,7.87,,,,,,,
JD상모2,2024-11-26,7.89,,,,,,,
JD상모2,2024-11-27,7.91,,,,,,,
JD상모2,2024-11-28,7.89,,,,,,,
JD상모2,2024-11-29,7.87,,,,,,,
JD상모2,2024-11-30,7.86,,,,,,,
JD상모2,2024-12-01,7.82,,,,,,,
JD상모2,2024-12-02,7.75,,,,,,,
JD상모2,2024-12-03,7.74,,,,,,,
JD상모2,2024-12-04,7.73,,,,,,,
JD상모2,2024-12-05,7.73,,,,,,,
JD상모2,2024-12-06,7.69,,,,,,,
JD상모2,2024-12-07,7.6,,,,,,,
JD상모2,2024-12-08,7.52,,,,,,,
JD상모2,2024-12-09,7.54,,,,,,,
JD상모2,2024-12-10,7.6,,,,,,,
JD상모2,2024-12-11,7.59,,,,,,,
JD상모2,2024-12-12,7.52,,,,,,,
JD상모2,2024-12-13,7.38,,,,,,,
JD상모2,2024-12-14,7.27,,,,,,,
JD상모2,2024-12-15,7.23,,,,,,,
JD상모2,2024-12-16,7.2,,,,,,,
JD상모2,2024-12-17,6.8,,,,,,,
JD상모2,2024-12-18,7.02,,,,,,,
JD상모2,2024-12-19,7.13,,,,,,,
JD상모2,2024-12-20,7.0,,,,,,,
JD상모2,2024-12-21,6.79,,,,,,,
JD상모2,2024-12-22,6.94,,,,,,,
JD상모2,2024-12-23,6.94,,,,,,,
JD상모2,2024-12-24,6.78,,,,,,,
JD상모2,2024-12-25,6.58,,,,,,,
JD상모2,2024-12-26,6.47,,,,,,,
JD상모2,2024-12-27,6.45,,,,,,,
JD상모2,2024-12-28,6.52,,,,,,,
JD상모2,2024-12-29,6.62,,,,,,,
JD상모2,2024-12-30,6.5,,,,,,,
JD상모2,2024-12-31,6.31,,,,,,,
JD상모2,2025-01-01,6.36,,,,,,,
JD상모2,2025-01-02,6.27,,,,,,,
JD상모2,2025-01-03,6.09,,,,,,,
JD상모2,2025-01-04,6.04,,,,,,,
JD상모2,2025-01-05,6.09,,,,,,,
JD상모2,2025-01-06,6.33,,,,,,,
JD상모2,2025-01-07,6.65,,,,,,,
JD상모2,2025-01-08,6.83,,,,,,,
JD상모2,2025-01-09,6.87,,,,,,,
JD상모2,2025-01-10,6.89,,,,,,,
JD상모2,2025-01-11,6.99,,,,,,,
JD상모2,2025-01-12,7.03,,,,,,,
JD상모2,2025-01-13,7.02,,,,,,,
JD상모2,2025-01-14,6.99,,,,,,,
JD상모2,2025-01-15,6.89,,,,,,,
JD상모2,2025-01-16,6.91,,,,,,,
JD상모2,2025-01-17,6.76,,,,,,,
JD상모2,2025-01-18,6.57,,,,,,,
JD상모2,2025-01-19,6.4,,,,,,,
JD상모2,2025-01-20,6.45,,,,,,,
JD상모2,2025-01-21,6.36,,,,,,,
JD상모2,2025-01-22,6.15,,,,,,,
JD상모2,2025-01-23,6.18,,,,,,,
JD상모2,2025-01-24,6.12,,,,,,,
JD상모2,2025-01-25,6.18,,,,,,,
JD상모2,2025-01-26,6.22,,,,,,,
JD상모2,2025-01-27,6.38,,,,,,,
JD상모2,2025-01-28,6.54,,,,,,,
JD상모2,2025-01-29,6.64,,,,,,,
JD상모2,2025-01-30,6.69,,,,,,,
JD상모2,2025-01-31,6.72,,,,,,,
JD상모2,2025-02-01,6.84,,,,,,,
JD상모2,2025-02-02,6.9,,,,,,,
JD상모2,2025-02-03,6.96,,,,,,,
JD상모2,2025-02-04,7.02,,,,,,,
JD상모2,2025-02-05,7.03,,,,,,,
JD상모2,2025-02-06,7.02,,,,,,,
JD상모2,2025-02-07,7.04,,,,,,,
JD상모2,2025-02-08,6.99,,,,,,,
JD상모2,2025-02-09,6.98,,,,,,,
JD상모2,2025-02-10,6.95,,,,,,,
JD상모2,2025-02-11,6.91,,,,,,,
JD상모2,2025-02-12,6.98,,,,,,,
JD상모2,2025-02-13,6.97,,,,,,,
JD상모2,2025-02-14,7.01,,,,,,,
JD상모2,2025-02-15,7.06,,,,,,,
JD상모2,2025-02-16,7.04,,,,,,,
JD상모2,2025-02-17,6.97,,,,,,,
JD상모2,2025-02-18,7.0,,,,,,,
JD상모2,2025-02-19,6.95,,,,,,,
JD상모2,2025-02-20,6.8,,,,,,,
JD상모2,2025-02-21,6.76,,,,,,,
JD상모2,2025-02-22,6.63,,,,,,,
JD상모2,2025-02-23,6.57,,,,,,,
JD상모2,2025-02-24,6.55,,,,,,,
JD상모2,2025-02-25,6.54,,,,,,,
JD상모2,2025-02-26,6.57,,,,,,,
JD상모2,2025-02-27,6.63,,,,,,,
JD상모2,2025-02-28,6.71,,,,,,,
JD상모2,2025-03-01,6.75,,,,,,,
JD상모2,2025-03-02,6.83,,,,,,,
JD상모2,2025-03-03,6.85,,,,,,,
JD상모2,2025-03-04,6.94,,,,,,,
JD상모2,2025-03-05,6.93,,,,,,,
JD상모2,2025-03-06,7.01,,,,,,,
JD상모2,2025-03-07,7.0,,,,,,,
JD상모2,2025-03-08,6.97,,,,,,,
JD상모2,2025-03-09,6.95,,,,,,,
JD상모2,2025-03-10,6.94,,,,,,,
JD상모2,2025-03-11,6.94,,,,,,,
JD상모2,2025-03-12,6.97,,,,,,,
JD상모2,2025-03-13,6.89,,,,,,,
JD상모2,2025-03-14,6.84,,,,,,,
JD상모2,2025-03-15,6.91,,,,,,,
JD상모2,2025-03-16,6.89,,,,,,,
JD상모2,2025-03-17,6.83,,,,,,,
JD상모2,2025-03-18,6.83,,,,,,,
JD상모2,2025-03-19,6.8,,,,,,,
JD상모2,2025-03-20,6.74,,,,,,,
JD상모2,2025-03-21,6.46,,,,,,,
JD상모2,2025-03-22,6.42,,,,,,,
JD상모2,2025-03-23,6.5,,,,,,,
JD상모2,2025-03-24,6.48,,,,,,,
JD상모2,2025-03-25,6.4,,,,,,,
JD상모2,2025-03-26,6.38,,,,,,,
JD상모2,2025-03-27,6.49,,,,,,,
JD상모2,2025-03-28,6.53,,,,,,,
JD상모2,2025-03-29,6.57,,,,,,,
JD상모2,2025-03-30,6.49,,,,,,,
JD상모2,2025-03-31,6.41,,,,,,,
JD상모2,2025-04-01,6.15,,,,,,,
JD상모2,2025-04-02,5.71,,,,,,,
JD상모2,2025-04-03,5.35,,,,,,,
JD상모2,2025-04-04,5.03,,,,,,,
JD상모2,2025-04-05,4.65,,,,,,,
JD상모2,2025-04-06,4.8,,,,,,,
JD상모2,2025-04-07,5.12,,,,,,,
JD상모2,2025-04-08,5.33,,,,,,,
JD상모2,2025-04-09,5.52,,,,,,,
JD상모2,2025-04-10,5.61,,,,,,,
JD상모2,2025-04-11,5.7,,,,,,,
JD상모2,2025-04-12,5.89,,,,,,,
JD상모2,2025-04-13,6.21,,,,,,,
JD상모2,2025-04-14,6.41,,,,,,,
JD상모2,2025-04-15,6.43,,,,,,,
JD상모2,2025-04-16,6.45,,,,,,,
JD상모2,2025-04-17,6.46,,,,,,,
JD상모2,2025-04-18,6.44,,,,,,,
JD상모2,2025-04-19,6.45,,,,,,,
JD상모2,2025-04-20,6.43,,,,,,,
JD상모2,2025-04-21,6.41,,,,,,,
JD상모2,2025-04-22,6.51,,,,,,,
JD상모2,2025-04-23,6.67,,,,,,,
JD상모2,2025-04-24,6.72,,,,,,,
JD상모2,2025-04-25,6.75,,,,,,,
JD상모2,2025-04-26,6.71,,,,,,,
JD상모2,2025-04-27,6.55,,,,,,,
JD상모2,2025-04-28,6.58,,,,,,,
JD상모2,2025-04-29,6.56,,,,,,,
JD상모2,2025-04-30,6.53,,,,,,,
JD상모2,2025-05-01,6.61,,,,,,,
JD상모2,2025-05-02,6.69,,,,,,,
JD상모2,2025-05-03,6.8,,,,,,,
JD상모2,2025-05-04,6.79,,,,,,,
JD상모2,2025-05-05,6.76,,,,,,,
JD상모2,2025-05-06,6.77,,,,,,,
JD상모2,2025-05-07,6.68,,,,,,,
JD상모2,2025-05-08,6.61,,,,,,,
JD상모2,2025-05-09,6.78,,,,,,,
JD상모2,2025-05-10,7.07,,,,,,,
JD상모2,2025-05-11,7.23,,,,,,,
JD상모2,2025-05-12,7.28,,,,,,,
JD상모2,2025-05-13,7.24,,,,,,,
JD상모2,2025-05-14,7.22,,,,,,,
JD상모2,2025-05-15,7.17,,,,,,,
JD상모2,2025-05-16,7.17,,,,,,,
JD상모2,2025-05-17,7.36,,,,,,,
JD상모2,2025-05-18,7.44,,,,,,,
JD상모2,2025-05-19,7.45,,,,,,,
JD상모2,2025-05-20,7.43,,,,,,,
JD상모2,2025-05-21,7.45,,,,,,,
JD상모2,2025-05-22,7.45,,,,,,,
JD상모2,2025-05-23,7.39,,,,,,,
JD상모2,2025-05-24,7.41,,,,,,,
JD상모2,2025-05-25,7.32,,,,,,,
JD상모2,2025-05-26,7.27,,,,,,,
JD상모2,2025-05-27,7.24,,,,,,,
JD상모2,2025-05-28,7.15,,,,,,,
JD상모2,2025-05-29,7.07,,,,,,,
JD상모2,2025-05-30,7.0,,,,,,,
JD상모2,2025-05-31,7.01,,,,,,,
JD상모2,2025-06-01,6.99,,,,,,,
JD상모2,2025-06-02,7.06,,,,,,,
JD상모2,2025-06-03,7.09,,,,,,,
JD상모2,2025-06-04,6.97,,,,,,,
JD상모2,2025-06-05,6.91,,,,,,,
JD상모2,2025-06-06,6.87,,,,,,,
JD상모2,2025-06-07,6.84,,,,,,,
JD상모2,2025-06-08,6.82,,,,,,,
JD상모2,2025-06-09,6.87,,,,,,,
JD상모2,2025-06-10,6.81,,,,,,,
JD상모2,2025-06-11,6.73,,,,,,,
JD상모2,2025-06-12,6.74,,,,,,,
JD상모2,2025-06-13,6.78,,,,,,,
JD상모2,2025-06-14,6.89,,,,,,,
JD상모2,2025-06-15,7.02,,,,,,,
JD상모2,2025-06-16,7.15,,,,,,,
JD상모2,2025-06-17,7.27,,,,,,,
JD상모2,2025-06-18,7.36,,,,,,,
JD상모2,2025-06-19,7.42,,,,,,,
JD상모2,2025-06-20,7.44,,,,,,,
JD상모2,2025-06-21,7.38,,,,,,,
JD상모2,2025-06-22,7.4,,,,,,,
JD상모2,2025-06-23,7.33,,,,,,,
JD상모2,2025-06-24,7.32,,,,,,,
JD상모2,2025-06-25,7.27,,,,,,,
JD상모2,2025-06-26,7.17,,,,,,,
JD상모2,2025-06-27,7.06,,,,,,,
JD상모2,2025-06-28,7.03,,,,,,,
JD상모2,2025-06-29,6.91,,,,,,,
JD상모2,2025-06-30,6.86,,,,,,,
JD상모2,2025-07-01,6.78,,,,,,,
JD상모2,2025-07-02,6.64,,,,,,,
JD상모2,2025-07-03,6.59,,,,,,,
JD상모2,2025-07-04,6.44,,,,,,,
JD상모2,2025-07-05,6.35,,,,,,,
JD상모2,2025-07-06,6.26,,,,,,,
JD상모2,2025-07-07,6.27,,,,,,,
JD상모2,2025-07-08,6.35,,,,,,,
JD상모2,2025-07-09,6.27,,,,,,,
JD상모2,2025-07-10,6.25,,,,,,,
JD상모2,2025-07-11,6.21,,,,,,,
JD상모2,2025-07-12,6.23,,,,,,,
JD상모2,2025-07-13,6.4,,,,,,,
JD상모2,2025-07-14,6.45,,,,,,,
JD상모2,2025-07-15,6.56,,,,,,,
JD상모2,2025-07-16,6.61,,,,,,,
JD상모2,2025-07-17,6.69,,,,,,,
JD상모2,2025-07-18,6.68,,,,,,,
JD상모2,2025-07-19,6.72,,,,,,,
JD상모2,2025-07-20,6.75,,,,,,,
JD상모2,2025-07-21,6.71,,,,,,,
JD상모2,2025-07-22,6.55,,,,,,,
JD상모2,2025-07-23,6.49,,,,,,,
JD상모2,2025-07-24,6.34,,,,,,,
JD상모2,2025-07-25,6.17,,,,,,,
JD상모2,2025-07-26,6.18,,,,,,,
JD상모2,2025-07-27,6.2,,,,,,,
JD상모2,2025-07-28,6.07,,,,,,,
JD상모2,2025-07-29,5.99,,,,,,,
JD상모2,2025-07-30,5.92,,,,,,,
JD상모2,2025-07-31,5.98,,,,,,,
JD상모2,2025-08-01,5.95,,,,,,,
JD상모2,2025-08-02,5.88,,,,,,,
JD상모2,2025-08-03,5.93,,,,,,,
JD상모2,2025-08-04,6.07,,,,,,,
JD상모2,2025-08-05,6.13,,,,,,,
JD상모2,2025-08-06,6.22,,,,,,,
JD상모2,2025-08-07,6.24,,,,,,,
JD상모2,2025-08-08,6.21,,,,,,,
JD상모2,2025-08-09,6.35,,,,,,,
JD상모2,2025-08-10,6.48,,,,,,,
JD상모2,2025-08-11,6.63,,,,,,,
JD상모2,2025-08-12,6.83,,,,,,,
JD상모2,2025-08-13,6.87,,,,,,,
JD상모2,2025-08-14,6.79,,,,,,,
JD상모2,2025-08-15,6.73,,,,,,,
JD상모2,2025-08-16,6.65,,,,,,,
JD상모2,2025-08-17,6.55,,,,,,,
JD상모2,2025-08-18,6.46,,,,,,,
JD상모2,2025-08-19,6.4,,,,,,,
JD상모2,2025-08-20,6.35,,,,,,,
JD상모2,2025-08-21,6.24,,,,,,,
JD상모2,2025-08-22,6.06,,,,,,,
JD상모2,2025-08-23,5.97,,,,,,,
JD상모2,2025-08-24,5.85,,,,,,,
JD상모2,2025-08-25,5.79,,,,,,,
JD상모2,2025-08-26,5.75,,,,,,,
JD상모2,2025-08-27,5.7,,,,,,,
JD상모2,2025-08-28,5.67,,,,,,,
JD상모2,2025-08-29,5.55,,,,,,,
JD상모2,2025-08-30,5.45,,,,,,,
JD상모2,2025-08-31,5.39,,,,,,,
JD상모2,2025-09-01,5.57,,,,,,,
JD상모2,2025-09-02,5.53,,,,,,,
JD상모2,2025-09-03,5.54,,,,,,,
JD상모2,2025-09-04,5.42,,,,,,,
JD상모2,2025-09-05,5.3,,,,,,,
JD상모2,2025-09-06,4.83,,,,,,,
JD상모2,2025-09-07,4.88,,,,,,,
JD상모2,2025-09-08,5.09,,,,,,,
JD상모2,2025-09-09,5.44,,,,,,,
JD상모2,2025-09-10,5.55,,,,,,,
JD상모2,2025-09-11,5.42,,,,,,,
JD상모2,2025-09-12,5.44,,,,,,,
JD상모2,2025-09-13,5.55,,,,,,,
JD상모2,2025-09-14,5.74,,,,,,,
JD상모2,2025-09-15,6.04,,,,,,,
JD상모2,2025-09-16,6.25,,,,,,,
JD상모2,2025-09-17,6.28,,,,,,,
JD상모2,2025-09-18,6.34,,,,,,,
JD상모2,2025-09-19,6.31,,,,,,,
JD상모2,2025-09-20,6.3,,,,,,,
JD상모2,2025-09-21,6.29,,,,,,,
JD상모2,2025-09-22,6.11,,,,,,,
JD상모2,2025-09-23,5.85,,,,,,,
JD상모2,2025-09-24,5.77,,,,,,,
JD상모2,2025-09-25,5.4,,,,,,,
JD상모2,2025-09-26,5.15,,,,,,,
JD상모2,2025-09-27,5.38,,,,,,,
JD상모2,2025-09-28,5.64,,,,,,,
JD상모2,2025-09-29,5.74,,,,,,,
JD상모2,2025-09-30,5.84,,,,,,,
JD상모2,2025-10-01,5.79,,,,,,,
JD상모2,2025-10-02,5.74,,,,,,,
JD상모2,2025-10-03,5.85,,,,,,,
JD상모2,2025-10-04,6.08,,,,,,,
JD상모2,2025-10-05,6.2,,,,,,,
JD상모2,2025-10-06,6.2,,,,,,,
JD상모2,2025-10-07,5.92,,,,,,,
JD상모2,2025-10-08,5.47,,,,,,,
JD상모2,2025-10-09,5.22,,,,,,,
JD상모2,2025-10-10,4.89,,,,,,,
JD상모2,2025-10-11,4.5,,,,,,,
JD상모2,2025-10-12,4.24,,,,,,,
JD상모2,2025-10-13,4.22,,,,,,,
JD상모2,2025-10-14,4.19,,,,,,,
JD상모2,2025-10-15,4.14,,,,,,,
JD상모2,2025-10-16,4.27,,,,,,,
JD상모2,2025-10-17,4.25,,,,,,,
JD상모2,2025-10-18,4.18,,,,,,,
JD상모2,2025-10-19,3.7,,,,,,,
JD상모2,2025-10-20,3.39,,,,,,,
JD상모2,2025-10-21,2.96,,,,,,,
JD상모2,2025-10-22,2.95,,,,,,,
JD상모2,2025-10-23,2.83,,,,,,,
JD상모2,2025-10-24,2.8,,,,,,,
JD상모2,2025-10-25,2.76,,,,,,,
JD상모2,2025-10-26,2.58,,,,,,,
JD상모2,2025-10-27,2.42,,,,,,,
JD상모2,2025-10-28,2.24,,,,,,,
JD상모2,2025-10-29,2.19,,,,,,,
JD상모2,2025-10-30,2.03,,,,,,,
JD상모2,2025-10-31,2.11,,,,,,,
JD상모2,2025-11-01,2.4,,,,,,,
JD상모2,2025-11-02,2.39,,,,,,,
JD상모2,2025-11-03,2.38,,,,,,,
JD상모2,2025-11-04,2.23,,,,,,,
JD상모2,2025-11-05,2.3,,,,,,,
JD상모2,2025-11-06,2.32,,,,,,,
JD상모2,2025-11-07,2.56,,,,,,,
JD상모2,2025-11-08,2.94,,,,,,,
JD상모2,2025-11-09,3.45,,,,,,,
JD상모2,2025-11-10,3.8,,,,,,,
JD상모2,2025-11-11,3.95,,,,,,,
JD상모2,2025-11-12,3.97,,,,,,,
JD상모2,2025-11-13,3.91,,,,,,,
JD상모2,2025-11-14,3.83,,,,,,,
JD상모2,2025-11-15,3.79,,,,,,,
JD상모2,2025-11-16,3.53,,,,,,,
JD상모2,2025-11-17,3.41,,,,,,,
JD상모2,2025-11-18,3.27,,,,,,,
JD상모2,2025-11-19,3.37,,,,,,,
JD상모2,2025-11-20,3.3,,,,,,,
JD상모2,2025-11-21,3.22,,,,,,,
JD상모2,2025-11-22,3.39,,,,,,,
JD상모2,2025-11-23,3.34,,,,,,,
JD상모2,2025-11-24,3.22,,,,,,,
JD상모2,2025-11-25,3.12,,,,,,,
JD상모2,2025-11-26,3.09,,,,,,,
JD상모2,2025-11-27,2.82,,,,,,,
JD상모2,2025-11-28,2.62,,,,,,,
JD상모2,2025-11-29,2.51,,,,,,,
JD상모2,2025-11-30,2.66,,,,,,,
JD상모2,2025-12-01,2.72,,,,,,,
JD상모2,2025-12-02,3.0,,,,,,,
JD상모2,2025-12-03,3.26,,,,,,,
JD상모2,2025-12-04,3.46,,,,,,,
JD상모2,2025-12-05,3.51,,,,,,,
JD상모2,2025-12-06,3.37,,,,,,,
JD상모2,2025-12-07,3.37,,,,,,,
JD상모2,2025-12-08,3.54,,,,,,,
JD상모2,2025-12-09,3.66,,,,,,,
JD상모2,2025-12-10,3.69,,,,,,,
JD상모2,2025-12-11,3.82,,,,,,,
JD상모2,2025-12-12,4.18,,,,,,,
JD상모2,2025-12-13,4.26,,,,,,,
JD상모2,2025-12-14,4.42,,,,,,,
JD상모2,2025-12-15,4.48,,,,,,,
JD상모2,2025-12-16,4.5,,,,,,,
JD상모2,2025-12-17,4.54,,,,,,,
JD상모2,2025-12-18,4.63,,,,,,,
JD상모2,2025-12-19,4.6,,,,,,,
JD상모2,2025-12-20,4.62,,,,,,,
JD상모2,2025-12-21,4.79,,,,,,,
JD상모2,2025-12-22,4.78,,,,,,,
JD상모2,2025-12-23,4.61,,,,,,,
JD상모2,2025-12-24,4.5,,,,,,,
JD상모2,2025-12-25,4.54,,,,,,,
JD상모2,2025-12-26,4.75,,,,,,,
JD상모2,2025-12-27,4.64,,,,,,,
JD상모2,2025-12-28,4.27,,,,,,,
JD상모2,2025-12-29,4.11,,,,,,,
JD상모2,2025-12-30,3.92,,,,,,,
JD상모2,2025-12-31,3.92,,,,,,,
JD상모2,2026-01-01,4.07,S11,19.03,10.84,18.23,178.0,1025.29,13.08
JD상모2,2026-01-02,4.33,S11,18.77,11.1,18.25,178.0,1025.88,13.04
JD상모2,2026-01-03,4.49,S11,18.61,11.26,18.28,178.0,1030.08,13.02
JD상모2,2026-01-04,4.46,S11,18.64,11.23,18.28,178.0,1031.75,13.05
JD상모2,2026-01-05,4.49,S11,18.61,11.26,18.28,178.0,1030.63,13.1
JD상모2,2026-01-06,4.47,S11,18.63,11.24,18.29,178.0,1028.46,13.08
JD상모2,2026-01-07,4.43,S11,18.68,11.2,18.29,178.0,1028.63,13.03
JD상모2,2026-01-08,4.53,S11,18.57,11.3,18.3,178.0,1027.25,13.03
JD상모2,2026-01-09,4.41,S11,18.69,11.18,18.29,178.0,1029.5,13.07
JD상모2,2026-01-10,4.37,S11,18.73,11.14,18.29,178.0,1032.13,13.1
JD상모2,2026-01-11,4.63,S11,18.48,11.4,18.31,178.0,1024.33,13.09
JD상모2,2026-01-12,4.65,S11,18.45,11.42,18.33,178.0,1028.42,13.05
JD상모2,2026-01-13,4.39,S11,18.71,11.16,18.31,178.0,1030.54,13.12
JD상모2,2026-01-14,4.2,S11,18.9,10.97,18.28,178.0,1027.67,13.11
JD상모2,2026-01-15,3.92,S11,19.18,10.69,18.26,178.0,1034.79,13.13
JD상모2,2026-01-16,3.75,S11,19.35,10.52,18.24,178.0,1030.46,13.13
JD상모2,2026-01-17,3.48,S11,19.62,10.25,18.2,178.0,1028.63,13.11
JD상모2,2026-01-18,3.44,S11,19.66,10.21,18.19,178.0,1027.25,13.1
JD상모2,2026-01-19,3.59,S11,19.51,10.36,18.19,178.0,1025.63,13.09
JD상모2,2026-01-20,3.96,S11,19.14,10.73,18.21,179.0,1022.58,13.06
JD상모2,2026-01-21,4.25,S11,18.85,11.02,18.24,178.0,1023.88,13.06
JD상모2,2026-01-22,4.42,S11,18.68,11.19,18.27,178.0,1026.88,13.03
JD상모2,2026-01-23,4.42,S11,18.68,11.19,18.29,178.0,1030.42,13.06
JD상모2,2026-01-24,4.27,S11,18.83,11.04,18.27,178.0,1031.79,13.11
JD상모2,2026-01-25,4.21,S11,18.89,10.98,18.26,178.0,1030.13,13.09
JD상모2,2026-01-26,4.13,S11,18.97,10.9,18.25,178.0,1030.83,13.05
JD상모2,2026-01-27,4.22,S11,18.88,10.99,18.26,178.0,1030.08,13.05
JD상모2,2026-01-28,4.51,S11,18.59,11.28,18.28,178.0,1029.38,13.1
JD상모2,2026-01-29,4.52,S11,18.58,11.29,18.3,178.0,1031.29,13.1
JD상모2,2026-01-30,4.41,S11,18.69,11.18,18.29,178.0,1031.5,13.09
JD상모2,2026-01-31,4.26,S11,18.84,11.03,18.28,178.0,1032.29,13.08
JD상모2,2026-02-01,4.04,S11,19.06,10.81,18.25,178.0,1032.58,13.09
JD상모2,2026-02-02,4.08,S11,19.02,10.85,18.25,178.0,1031.17,13.07
JD상모2,2026-02-03,4.05,S11,19.05,10.82,18.24,178.0,1032.75,13.1
JD상모2,2026-02-04,3.87,S11,19.23,10.64,18.23,178.0,1033.38,13.11
JD상모2,2026-02-05,3.6,S11,19.5,10.37,18.21,178.0,1036.13,13.14
JD상모2,2026-02-06,3.49,S11,19.61,10.26,18.18,178.0,1030.17,13.1
JD상모2,2026-02-07,3.82,S11,19.28,10.59,18.19,178.0,1025.25,13.02
JD상모2,2026-02-08,4.22,S11,18.88,10.99,18.23,178.0,1025.63,13.06
JD상모2,2026-02-09,4.32,S11,18.78,11.09,18.25,178.0,1032.17,13.11
JD상모2,2026-02-10,4.31,S11,18.79,11.08,18.26,178.0,1034.38,13.01
JD상모2,2026-02-11,4.37,S11,18.73,11.12,18.27,178.0,1030.54,13.13
JD상모2,2026-02-12,4.32,S11,18.78,11.01,18.25,171.0,1025.96,13.17
JD상모2,2026-02-13,4.16,S11,18.94,10.82,18.33,161.0,1023.5,13.17
JD상모2,2026-02-14,3.92,S11,19.18,10.58,18.31,161.0,1025.67,13.09
JD상모2,2026-02-15,3.91,S11,19.19,10.57,18.3,161.0,1025.67,13.17
JD상모2,2026-02-16,3.9,S11,19.2,10.56,18.29,161.0,1022.58,13.13
JD상모2,2026-02-17,4.0,S11,19.1,10.66,18.3,161.0,1023.46,13.15
JD상모2,2026-02-18,4.09,S11,19.01,10.75,18.31,161.0,1024.83,13.16
JD상모2,2026-02-19,3.84,S11,19.26,10.5,18.28,161.0,1025.08,13.15
JD상모2,2026-02-20,3.67,S11,19.43,10.33,18.28,161.0,1027.71,13.16
JD상모2,2026-02-21,3.59,S11,19.51,10.25,18.26,161.0,1028.0,13.17
JD상모2,2026-02-22,3.71,S11,19.39,10.37,18.27,161.0,1030.13,13.15
JD상모2,2026-02-23,3.77,S11,19.33,10.43,18.27,161.0,1026.88,13.18
JD상모2,2026-02-24,4.05,S11,19.05,10.71,18.29,161.0,1024.96,13.04
JD상모2,2026-02-25,4.36,S11,18.74,11.02,18.27,161.0,1024.88,13.13
JD상모2,2026-02-26,4.5,S11,18.6,11.16,18.28,161.0,1024.83,13.15
JD상모2,2026-02-27,4.55,S11,18.55,11.21,18.32,161.0,1024.58,13.13
JD상모2,2026-02-28,4.63,S11,18.47,11.29,18.32,161.0,1023.13,13.18
JD상모2,2026-03-01,4.59,S11,18.51,11.25,18.33,161.0,1023.92,13.15
JD상모2,2026-03-02,4.5,S11,18.6,11.16,18.35,162.0,1024.46,13.12
JD상모2,2026-03-03,4.7,S11,18.4,11.36,18.36,162.0,1022.08,13.14
JD상모2,2026-03-04,4.76,S11,18.34,11.42,18.37,162.0,1022.46,13.17
JD상모2,2026-03-05,4.69,S11,18.41,11.35,18.38,162.0,1024.25,13.15
JD상모2,2026-03-06,4.68,S11,18.42,11.34,18.35,162.0,1021.33,13.17
JD상모2,2026-03-07,4.76,S11,18.34,11.42,18.36,162.0,1021.5,13.15
JD상모2,2026-03-08,4.75,S11,18.35,11.41,18.36,162.0,1024.75,13.18
JD상모2,2026-03-09,4.73,S11,18.37,11.39,18.37,162.0,1026.5,13.17
JD상모2,2026-03-10,4.66,S11,18.44,11.32,18.38,162.0,1026.63,13.18
JD상모2,2026-03-11,4.58,S11,18.52,11.24,18.37,162.0,1026.54,13.17
JD상모2,2026-03-12,4.55,S11,18.55,11.21,18.37,162.0,1026.46,13.18
JD상모2,2026-03-13,4.49,S11,18.61,11.15,18.36,162.0,1029.38,13.19
JD상모2,2026-03-14,4.56,S11,18.54,11.22,18.38,162.0,1030.42,13.19
JD상모2,2026-03-15,4.67,S11,18.43,11.33,18.38,163.0,1027.5,13.2
JD상모2,2026-03-16,4.66,S11,18.44,11.32,18.4,163.0,1024.58,13.18
JD상모2,2026-03-17,4.6,S11,18.5,11.26,18.37,163.0,1022.58,13.17
JD상모2,2026-03-18,4.73,S11,18.37,11.39,18.35,163.0,1016.42,13.06
JD상모2,2026-03-19,4.85,S11,18.25,11.51,18.31,163.0,1019.5,13.18
JD상모2,2026-03-20,4.82,S11,18.28,11.48,18.32,163.0,1022.54,13.19
JD상모2,2026-03-21,4.78,S11,18.33,11.44,18.35,163.0,1024.79,13.2
JD상모2,2026-03-22,4.73,S11,18.37,11.39,18.37,163.0,1020.88,13.2
JD상모2,2026-03-23,4.79,S11,18.31,11.45,18.38,163.0,1020.42,13.21
JD상모2,2026-03-24,4.76,S11,18.34,11.42,18.38,164.0,1018.17,13.18
JD상모2,2026-03-25,4.8,S11,18.3,11.46,18.38,164.0,1015.46,13.14
JD상모2,2026-03-26,4.86,S11,18.24,11.52,18.38,164.0,1017.54,13.19
JD상모2,2026-03-27,4.83,S11,18.27,11.49,18.38,164.0,1017.08,13.21
JD상모2,2026-03-28,4.8,S11,18.3,11.46,18.4,164.0,1017.79,13.21
JD상모2,2026-03-29,4.61,S11,18.49,11.27,18.39,164.0,1017.75,13.21
JD상모2,2026-03-30,4.63,S11,18.47,11.29,18.38,164.0,1011.96,13.15
JD상모2,2026-03-31,4.75,S11,18.35,11.41,18.36,164.0,1011.17,13.15
JD상모2,2026-04-01,4.81,S11,18.29,11.47,18.37,164.0,1015.29,13.16
JD상모2,2026-04-02,4.81,S11,18.29,11.47,18.38,164.0,1019.33,13.19
JD상모2,2026-04-03,4.81,S11,18.29,11.47,18.39,164.0,1016.17,13.18
JD상모2,2026-04-04,5.02,S11,18.08,11.68,18.3,165.0,1003.71,13.13
JD상모2,2026-04-05,5.14,S11,17.96,11.8,18.23,165.0,1012.79,13.19
JD상모2,2026-04-06,5.22,S11,17.88,11.88,18.29,165.0,1012.17,13.14
JD상모2,2026-04-07,5.19,S11,17.91,11.85,18.34,165.0,1017.04,13.19
JD상모2,2026-04-08,5.12,S11,17.98,11.78,18.38,165.0,1021.33,13.2
JD상모2,2026-04-09,5.22,S11,17.88,11.88,18.34,173.0,1009.63,12.79
JD상모2,2026-04-10,5.5,S11,17.6,12.16,18.15,291.0,1007.92,13.18
JD상모2,2026-04-11,5.67,S11,17.43,12.33,18.14,377.0,1015.46,13.21
JD상모2,2026-04-12,5.75,S11,17.35,12.41,18.15,311.0,1016.79,13.2
JD상모2,2026-04-13,5.8,S11,17.3,12.46,18.22,182.0,1015.42,13.17
JD상모2,2026-04-14,5.74,S11,17.36,12.4,18.29,169.0,1013.29,13.13
JD상모2,2026-04-15,5.67,S11,17.43,12.33,18.34,168.0,1013.75,13.18
JD상모2,2026-04-16,5.58,S11,17.52,12.24,18.38,168.0,1017.38,13.21
JD상모2,2026-04-17,5.61,S11,17.49,12.27,18.4,168.0,1014.79,13.09
JD상모2,2026-04-18,5.66,S11,17.44,12.32,18.4,167.0,1013.54,13.18
JD상모2,2026-04-19,5.7,S11,17.4,12.36,18.39,167.0,1013.75,13.19
JD상모2,2026-04-20,5.69,S11,17.41,12.35,18.34,167.0,1015.08,13.22
JD상모2,2026-04-21,5.64,S11,17.46,12.3,18.36,167.0,1020.13,13.19
JD상모2,2026-04-22,5.72,S11,17.38,12.38,18.4,167.0,1013.67,13.15
JD상모2,2026-04-23,5.8,S11,17.3,12.46,18.42,167.0,1009.25,13.17
JD상모2,2026-04-24,5.77,S11,17.33,12.43,18.42,167.0,1016.79,13.22
JD상모2,2026-04-25,5.72,S11,17.38,12.38,18.45,167.0,1019.71,13.2
JD상모2,2026-04-26,5.7,S11,17.4,12.36,18.47,167.0,1015.63,13.21
JD상모2,2026-04-27,5.61,S11,17.49,12.27,18.47,167.0,1015.17,13.22
JD상모2,2026-04-28,5.56,S11,17.54,12.22,18.49,167.0,1016.96,13.17
JD상모2,2026-04-29,5.44,S11,17.66,12.1,18.49,167.0,1020.58,13.19
JD상모2,2026-04-30,5.44,S11,17.66,12.1,18.49,166.0,1017.08,13.18
JD상모2,2026-05-01,5.45,S11,17.65,12.11,18.49,167.0,1015.58,13.21
JD상모2,2026-05-02,5.41,S11,17.69,12.07,18.5,167.0,1015.29,13.2
JD상모2,2026-05-03,5.55,S11,17.55,12.21,18.47,167.0,1007.88,13.11
JD상모2,2026-05-04,5.63,S11,17.47,12.29,18.41,167.0,1018.38,13.21
JD상모2,2026-05-05,5.64,S11,17.46,12.3,18.44,167.0,1021.25,13.2
JD상모2,2026-05-06,5.55,S11,17.56,12.21,18.45,167.0,1019.25,13.21
JD상모2,2026-05-07,5.46,S11,17.64,12.12,18.46,167.0,1015.67,13.21
JD상모2,2026-05-08,5.3,S11,17.8,11.96,18.45,167.0,1018.83,13.2
JD상모2,2026-05-09,5.03,S11,18.07,11.69,18.44,167.0,1021.88,13.19
JD상모2,2026-05-10,4.8,S11,18.3,11.46,18.43,167.0,1020.71,13.2
JD상모2,2026-05-11,4.76,S11,18.34,11.42,18.44,167.0,1017.38,13.21
JD상모2,2026-05-12,4.78,S11,18.32,11.44,18.44,167.0,1013.67,13.04
JD상모2,2026-05-14,5.01,S11,18.09,11.76,18.43,166.0,1016.47,13.48
JD상모2,2026-05-15,5.05,S11,18.05,11.8,18.45,166.0,1020.79,13.23
JD상모2,2026-05-16,4.97,S11,18.13,11.72,18.46,166.0,1023.08,13.23
JD상모2,2026-05-17,5.01,S11,18.09,11.76,18.5,166.0,1021.08,13.21
JD상모2,2026-05-18,5.03,S11,18.07,11.78,18.5,166.0,1018.5,13.2
JD상모2,2026-05-19,5.03,S11,18.08,11.78,18.5,166.0,1014.29,13.13
JD상모2,2026-05-20,5.2,S11,17.9,11.95,18.51,166.0,1008.83,12.95
JD상모2,2026-05-21,5.28,S11,17.82,12.03,18.5,166.0,1008.58,13.15
JD상모2,2026-05-22,5.25,S11,17.86,12.0,18.51,166.0,1011.92,13.19
JD상모2,2026-05-23,5.23,S11,17.87,11.98,18.51,166.0,1011.96,13.2
JD상모2,2026-05-24,5.25,S11,17.85,12.0,18.52,166.0,1013.67,13.18
JD상모2,2026-05-25,5.32,S11,17.79,12.07,18.54,166.0,1010.38,13.08
JD상모2,2026-05-26,5.41,S11,17.69,12.16,18.56,166.0,1005.25,12.81
JD상모2,2026-05-27,5.53,S11,17.57,12.28,18.45,166.0,1003.58,12.8
JD상모2,2026-05-28,5.63,S11,17.47,12.38,18.43,166.0,1007.29,12.77
JD상모2,2026-05-29,5.67,S11,17.44,12.42,18.48,166.0,1010.71,12.9
JD상모2,2026-05-30,5.57,S11,17.53,12.32,18.52,166.0,1013.13,12.87
JD상모2,2026-05-31,5.47,S11,17.63,12.22,18.54,165.0,1014.75,12.86
JD상모2,2026-06-01,5.05,S11,18.05,11.79,18.78,165.0,1014.17,12.7
JD상모2,2026-06-02,5.63,S11,17.47,12.36,18.54,165.0,1006.08,12.58
JD상모2,2026-06-03,5.65,S11,17.45,12.38,18.52,165.0,1006.08,12.41
JD상모2,2026-06-04,5.72,S11,17.38,12.45,18.54,165.0,1003.92,12.23
JD상모2,2026-06-05,5.67,S11,17.43,12.4,18.53,165.0,1009.75,12.13
JD상모2,2026-06-06,5.58,S11,17.53,12.31,18.54,165.0,1011.96,11.94
JD상모2,2026-06-07,5.58,S11,17.52,12.31,18.56,165.0,1008.46,11.76
JD상모2,2026-06-08,5.57,S11,17.53,12.3,18.57,165.0,1009.33,11.53
JD상모2,2026-06-09,5.57,S11,17.54,12.3,18.58,165.0,1009.46,11.27
JD상모2,2026-06-10,5.48,S11,17.63,12.21,18.59,165.0,1011.83,10.55
