관측소명,날짜,EL,센서,GL,Pressure,Temp,EC,Barometa,Battery
JD용수2,2005-01-01,12.47,,,,,,,
JD용수2,2005-01-02,12.45,,,,,,,
JD용수2,2005-01-03,12.44,,,,,,,
JD용수2,2005-01-04,12.36,,,,,,,
JD용수2,2005-01-05,12.28,,,,,,,
JD용수2,2005-01-06,12.24,,,,,,,
JD용수2,2005-01-07,12.17,,,,,,,
JD용수2,2005-01-08,12.1,,,,,,,
JD용수2,2005-01-09,12.03,,,,,,,
JD용수2,2005-01-10,11.97,,,,,,,
JD용수2,2005-01-11,11.91,,,,,,,
JD용수2,2005-01-12,11.85,,,,,,,
JD용수2,2005-01-13,11.8,,,,,,,
JD용수2,2005-01-14,11.75,,,,,,,
JD용수2,2005-01-15,11.71,,,,,,,
JD용수2,2005-01-16,11.68,,,,,,,
JD용수2,2005-01-17,11.62,,,,,,,
JD용수2,2005-01-18,11.57,,,,,,,
JD용수2,2005-01-19,11.5,,,,,,,
JD용수2,2005-01-20,11.42,,,,,,,
JD용수2,2005-01-21,11.38,,,,,,,
JD용수2,2005-01-22,11.38,,,,,,,
JD용수2,2005-01-23,11.43,,,,,,,
JD용수2,2005-01-24,11.48,,,,,,,
JD용수2,2005-01-25,11.62,,,,,,,
JD용수2,2005-01-26,11.96,,,,,,,
JD용수2,2005-01-27,12.05,,,,,,,
JD용수2,2005-01-28,12.05,,,,,,,
JD용수2,2005-01-29,12.02,,,,,,,
JD용수2,2005-01-30,11.91,,,,,,,
JD용수2,2005-01-31,11.81,,,,,,,
JD용수2,2005-02-01,11.68,,,,,,,
JD용수2,2005-02-02,11.52,,,,,,,
JD용수2,2005-02-03,11.38,,,,,,,
JD용수2,2005-02-04,11.29,,,,,,,
JD용수2,2005-02-05,11.22,,,,,,,
JD용수2,2005-02-06,11.15,,,,,,,
JD용수2,2005-02-07,11.12,,,,,,,
JD용수2,2005-02-08,11.07,,,,,,,
JD용수2,2005-02-09,11.04,,,,,,,
JD용수2,2005-02-10,10.99,,,,,,,
JD용수2,2005-02-11,10.97,,,,,,,
JD용수2,2005-02-12,10.96,,,,,,,
JD용수2,2005-02-13,10.91,,,,,,,
JD용수2,2005-02-14,10.91,,,,,,,
JD용수2,2005-02-15,11.25,,,,,,,
JD용수2,2005-02-16,11.92,,,,,,,
JD용수2,2005-02-17,12.17,,,,,,,
JD용수2,2005-02-18,12.26,,,,,,,
JD용수2,2005-02-19,12.24,,,,,,,
JD용수2,2005-02-20,12.15,,,,,,,
JD용수2,2005-02-21,12.05,,,,,,,
JD용수2,2005-02-22,11.97,,,,,,,
JD용수2,2005-02-23,11.86,,,,,,,
JD용수2,2005-02-24,11.82,,,,,,,
JD용수2,2005-02-25,11.72,,,,,,,
JD용수2,2005-02-26,11.57,,,,,,,
JD용수2,2005-02-27,11.38,,,,,,,
JD용수2,2005-02-28,11.23,,,,,,,
JD용수2,2005-03-01,11.07,,,,,,,
JD용수2,2005-03-02,10.95,,,,,,,
JD용수2,2005-03-03,10.88,,,,,,,
JD용수2,2005-03-04,10.84,,,,,,,
JD용수2,2005-03-05,10.8,,,,,,,
JD용수2,2005-03-06,10.75,,,,,,,
JD용수2,2005-03-07,10.7,,,,,,,
JD용수2,2005-03-08,10.67,,,,,,,
JD용수2,2005-03-09,10.66,,,,,,,
JD용수2,2005-03-10,10.67,,,,,,,
JD용수2,2005-03-11,10.67,,,,,,,
JD용수2,2005-03-12,10.61,,,,,,,
JD용수2,2005-03-13,10.58,,,,,,,
JD용수2,2005-03-14,10.5,,,,,,,
JD용수2,2005-03-15,10.43,,,,,,,
JD용수2,2005-03-16,10.42,,,,,,,
JD용수2,2005-03-17,11.54,,,,,,,
JD용수2,2005-03-18,12.32,,,,,,,
JD용수2,2005-03-19,12.47,,,,,,,
JD용수2,2005-03-20,12.51,,,,,,,
JD용수2,2005-03-21,12.5,,,,,,,
JD용수2,2005-03-22,13.23,,,,,,,
JD용수2,2005-03-23,13.98,,,,,,,
JD용수2,2005-03-24,14.12,,,,,,,
JD용수2,2005-03-25,14.09,,,,,,,
JD용수2,2005-03-26,14.0,,,,,,,
JD용수2,2005-03-27,13.97,,,,,,,
JD용수2,2005-03-28,14.01,,,,,,,
JD용수2,2005-03-29,13.93,,,,,,,
JD용수2,2005-03-30,13.83,,,,,,,
JD용수2,2005-03-31,13.69,,,,,,,
JD용수2,2005-04-01,13.56,,,,,,,
JD용수2,2005-04-02,13.44,,,,,,,
JD용수2,2005-04-03,13.3,,,,,,,
JD용수2,2005-04-04,13.12,,,,,,,
JD용수2,2005-04-05,12.97,,,,,,,
JD용수2,2005-04-06,12.87,,,,,,,
JD용수2,2005-04-07,12.78,,,,,,,
JD용수2,2005-04-08,12.64,,,,,,,
JD용수2,2005-04-09,12.55,,,,,,,
JD용수2,2005-04-10,12.6,,,,,,,
JD용수2,2005-04-11,12.65,,,,,,,
JD용수2,2005-04-12,12.59,,,,,,,
JD용수2,2005-04-13,12.48,,,,,,,
JD용수2,2005-04-14,12.32,,,,,,,
JD용수2,2005-04-15,12.17,,,,,,,
JD용수2,2005-04-16,11.99,,,,,,,
JD용수2,2005-04-17,11.8,,,,,,,
JD용수2,2005-04-18,11.58,,,,,,,
JD용수2,2005-04-19,11.45,,,,,,,
JD용수2,2005-04-20,11.99,,,,,,,
JD용수2,2005-04-21,12.4,,,,,,,
JD용수2,2005-04-22,12.42,,,,,,,
JD용수2,2005-04-23,12.4,,,,,,,
JD용수2,2005-04-24,12.33,,,,,,,
JD용수2,2005-04-25,12.26,,,,,,,
JD용수2,2005-04-26,12.17,,,,,,,
JD용수2,2005-04-27,12.08,,,,,,,
JD용수2,2005-04-28,12.0,,,,,,,
JD용수2,2005-04-29,11.96,,,,,,,
JD용수2,2005-04-30,11.96,,,,,,,
JD용수2,2005-05-01,12.05,,,,,,,
JD용수2,2005-05-02,12.03,,,,,,,
JD용수2,2005-05-03,11.93,,,,,,,
JD용수2,2005-05-04,11.8,,,,,,,
JD용수2,2005-05-05,12.04,,,,,,,
JD용수2,2005-05-06,13.22,,,,,,,
JD용수2,2005-05-07,13.51,,,,,,,
JD용수2,2005-05-08,13.63,,,,,,,
JD용수2,2005-05-09,13.61,,,,,,,
JD용수2,2005-05-10,13.5,,,,,,,
JD용수2,2005-05-11,13.41,,,,,,,
JD용수2,2005-05-12,13.28,,,,,,,
JD용수2,2005-05-13,13.12,,,,,,,
JD용수2,2005-05-14,12.94,,,,,,,
JD용수2,2005-05-15,12.74,,,,,,,
JD용수2,2005-05-16,12.57,,,,,,,
JD용수2,2005-05-17,12.48,,,,,,,
JD용수2,2005-05-18,12.99,,,,,,,
JD용수2,2005-05-19,13.29,,,,,,,
JD용수2,2005-05-20,13.27,,,,,,,
JD용수2,2005-05-21,13.2,,,,,,,
JD용수2,2005-05-22,13.16,,,,,,,
JD용수2,2005-05-23,13.05,,,,,,,
JD용수2,2005-05-24,12.88,,,,,,,
JD용수2,2005-05-25,12.71,,,,,,,
JD용수2,2005-05-26,12.54,,,,,,,
JD용수2,2005-05-27,12.34,,,,,,,
JD용수2,2005-05-28,12.19,,,,,,,
JD용수2,2005-05-29,12.01,,,,,,,
JD용수2,2005-05-30,11.84,,,,,,,
JD용수2,2005-05-31,11.72,,,,,,,
JD용수2,2005-06-01,11.71,,,,,,,
JD용수2,2005-06-02,11.82,,,,,,,
JD용수2,2005-06-03,11.85,,,,,,,
JD용수2,2005-06-04,11.79,,,,,,,
JD용수2,2005-06-05,11.66,,,,,,,
JD용수2,2005-06-06,11.51,,,,,,,
JD용수2,2005-06-07,11.32,,,,,,,
JD용수2,2005-06-08,11.17,,,,,,,
JD용수2,2005-06-09,11.06,,,,,,,
JD용수2,2005-06-10,11.11,,,,,,,
JD용수2,2005-06-11,11.45,,,,,,,
JD용수2,2005-06-12,11.58,,,,,,,
JD용수2,2005-06-13,11.57,,,,,,,
JD용수2,2005-06-14,11.51,,,,,,,
JD용수2,2005-06-15,11.43,,,,,,,
JD용수2,2005-06-16,11.3,,,,,,,
JD용수2,2005-06-17,11.15,,,,,,,
JD용수2,2005-06-18,11.05,,,,,,,
JD용수2,2005-06-19,11.0,,,,,,,
JD용수2,2005-06-20,10.96,,,,,,,
JD용수2,2005-06-21,10.91,,,,,,,
JD용수2,2005-06-22,10.82,,,,,,,
JD용수2,2005-06-23,10.74,,,,,,,
JD용수2,2005-06-24,10.68,,,,,,,
JD용수2,2005-06-25,10.6,,,,,,,
JD용수2,2005-06-26,10.56,,,,,,,
JD용수2,2005-06-27,10.56,,,,,,,
JD용수2,2005-06-28,10.51,,,,,,,
JD용수2,2005-06-29,10.4,,,,,,,
JD용수2,2005-06-30,10.31,,,,,,,
JD용수2,2005-07-01,10.21,,,,,,,
JD용수2,2005-07-02,10.15,,,,,,,
JD용수2,2005-07-03,10.11,,,,,,,
JD용수2,2005-07-04,10.14,,,,,,,
JD용수2,2005-07-05,10.32,,,,,,,
JD용수2,2005-07-06,10.56,,,,,,,
JD용수2,2005-07-07,10.58,,,,,,,
JD용수2,2005-07-08,10.58,,,,,,,
JD용수2,2005-07-09,10.66,,,,,,,
JD용수2,2005-07-10,10.74,,,,,,,
JD용수2,2005-07-11,11.01,,,,,,,
JD용수2,2005-07-12,11.07,,,,,,,
JD용수2,2005-07-13,11.75,,,,,,,
JD용수2,2005-07-14,12.36,,,,,,,
JD용수2,2005-07-15,12.95,,,,,,,
JD용수2,2005-07-16,13.28,,,,,,,
JD용수2,2005-07-17,13.39,,,,,,,
JD용수2,2005-07-18,13.37,,,,,,,
JD용수2,2005-07-19,13.32,,,,,,,
JD용수2,2005-07-20,13.23,,,,,,,
JD용수2,2005-07-21,13.12,,,,,,,
JD용수2,2005-07-22,12.98,,,,,,,
JD용수2,2005-07-23,12.85,,,,,,,
JD용수2,2005-07-24,12.73,,,,,,,
JD용수2,2005-07-25,12.6,,,,,,,
JD용수2,2005-07-26,12.44,,,,,,,
JD용수2,2005-07-27,12.33,,,,,,,
JD용수2,2005-07-28,12.25,,,,,,,
JD용수2,2005-07-29,12.23,,,,,,,
JD용수2,2005-07-30,12.14,,,,,,,
JD용수2,2005-07-31,12.16,,,,,,,
JD용수2,2005-08-01,12.16,,,,,,,
JD용수2,2005-08-02,12.15,,,,,,,
JD용수2,2005-08-03,12.21,,,,,,,
JD용수2,2005-08-04,12.18,,,,,,,
JD용수2,2005-08-05,12.1,,,,,,,
JD용수2,2005-08-06,11.99,,,,,,,
JD용수2,2005-08-07,11.88,,,,,,,
JD용수2,2005-08-08,11.98,,,,,,,
JD용수2,2005-08-09,11.98,,,,,,,
JD용수2,2005-08-10,11.91,,,,,,,
JD용수2,2005-08-11,11.81,,,,,,,
JD용수2,2005-08-12,11.62,,,,,,,
JD용수2,2005-08-13,11.4,,,,,,,
JD용수2,2005-08-14,11.21,,,,,,,
JD용수2,2005-08-15,11.07,,,,,,,
JD용수2,2005-08-16,10.93,,,,,,,
JD용수2,2005-08-17,10.84,,,,,,,
JD용수2,2005-08-18,10.8,,,,,,,
JD용수2,2005-08-25,12.64,,,,,,,
JD용수2,2005-08-26,12.65,,,,,,,
JD용수2,2005-08-27,12.61,,,,,,,
JD용수2,2005-08-28,12.53,,,,,,,
JD용수2,2005-08-29,12.41,,,,,,,
JD용수2,2005-08-30,12.29,,,,,,,
JD용수2,2005-08-31,12.13,,,,,,,
JD용수2,2005-09-01,11.95,,,,,,,
JD용수2,2005-09-02,11.76,,,,,,,
JD용수2,2005-09-03,11.57,,,,,,,
JD용수2,2005-09-04,11.39,,,,,,,
JD용수2,2005-09-05,11.28,,,,,,,
JD용수2,2005-09-06,11.32,,,,,,,
JD용수2,2005-09-07,11.24,,,,,,,
JD용수2,2005-09-08,11.03,,,,,,,
JD용수2,2005-09-09,10.84,,,,,,,
JD용수2,2005-09-10,10.59,,,,,,,
JD용수2,2005-09-11,10.54,,,,,,,
JD용수2,2005-09-12,10.57,,,,,,,
JD용수2,2005-09-13,10.54,,,,,,,
JD용수2,2005-09-14,10.44,,,,,,,
JD용수2,2005-09-15,10.33,,,,,,,
JD용수2,2005-09-16,10.23,,,,,,,
JD용수2,2005-09-17,10.1,,,,,,,
JD용수2,2005-09-18,9.98,,,,,,,
JD용수2,2005-09-19,9.93,,,,,,,
JD용수2,2005-09-20,9.85,,,,,,,
JD용수2,2005-09-21,9.77,,,,,,,
JD용수2,2005-09-22,9.69,,,,,,,
JD용수2,2005-09-23,9.62,,,,,,,
JD용수2,2005-09-24,9.48,,,,,,,
JD용수2,2005-09-25,9.34,,,,,,,
JD용수2,2005-09-26,9.19,,,,,,,
JD용수2,2005-09-27,9.03,,,,,,,
JD용수2,2005-09-28,8.97,,,,,,,
JD용수2,2005-09-29,8.96,,,,,,,
JD용수2,2005-09-30,8.91,,,,,,,
JD용수2,2005-10-01,8.89,,,,,,,
JD용수2,2005-10-02,8.9,,,,,,,
JD용수2,2005-10-03,8.87,,,,,,,
JD용수2,2005-10-04,9.03,,,,,,,
JD용수2,2005-10-05,9.46,,,,,,,
JD용수2,2005-10-06,9.7,,,,,,,
JD용수2,2005-10-07,9.84,,,,,,,
JD용수2,2005-10-08,9.88,,,,,,,
JD용수2,2005-10-09,9.8,,,,,,,
JD용수2,2005-10-10,9.72,,,,,,,
JD용수2,2005-10-11,9.63,,,,,,,
JD용수2,2005-10-12,9.53,,,,,,,
JD용수2,2005-10-13,9.45,,,,,,,
JD용수2,2005-10-14,9.53,,,,,,,
JD용수2,2005-10-15,9.59,,,,,,,
JD용수2,2005-10-16,9.56,,,,,,,
JD용수2,2005-10-17,9.44,,,,,,,
JD용수2,2005-10-18,9.29,,,,,,,
JD용수2,2005-10-19,9.16,,,,,,,
JD용수2,2005-10-20,9.08,,,,,,,
JD용수2,2005-10-21,9.0,,,,,,,
JD용수2,2005-10-22,8.97,,,,,,,
JD용수2,2005-10-23,8.92,,,,,,,
JD용수2,2005-10-24,8.81,,,,,,,
JD용수2,2005-10-25,8.72,,,,,,,
JD용수2,2005-10-26,8.68,,,,,,,
JD용수2,2005-10-27,8.62,,,,,,,
JD용수2,2005-10-28,8.65,,,,,,,
JD용수2,2005-10-29,8.75,,,,,,,
JD용수2,2005-10-30,8.78,,,,,,,
JD용수2,2005-10-31,8.74,,,,,,,
JD용수2,2005-11-01,8.68,,,,,,,
JD용수2,2005-11-02,8.66,,,,,,,
JD용수2,2005-11-03,8.71,,,,,,,
JD용수2,2005-11-04,8.77,,,,,,,
JD용수2,2005-11-05,9.01,,,,,,,
JD용수2,2005-11-06,9.48,,,,,,,
JD용수2,2005-11-07,9.67,,,,,,,
JD용수2,2005-11-08,9.68,,,,,,,
JD용수2,2005-11-09,9.61,,,,,,,
JD용수2,2005-11-10,9.55,,,,,,,
JD용수2,2005-11-11,10.76,,,,,,,
JD용수2,2005-11-12,12.06,,,,,,,
JD용수2,2005-11-13,12.48,,,,,,,
JD용수2,2005-11-14,12.64,,,,,,,
JD용수2,2005-11-15,12.64,,,,,,,
JD용수2,2005-11-16,12.56,,,,,,,
JD용수2,2005-11-17,12.43,,,,,,,
JD용수2,2005-11-18,12.29,,,,,,,
JD용수2,2005-11-19,12.13,,,,,,,
JD용수2,2005-11-20,11.96,,,,,,,
JD용수2,2005-11-21,11.8,,,,,,,
JD용수2,2005-11-22,11.64,,,,,,,
JD용수2,2005-11-23,11.49,,,,,,,
JD용수2,2005-11-24,11.35,,,,,,,
JD용수2,2005-11-25,11.17,,,,,,,
JD용수2,2005-11-26,11.0,,,,,,,
JD용수2,2005-11-27,10.81,,,,,,,
JD용수2,2005-11-28,10.65,,,,,,,
JD용수2,2005-11-29,10.51,,,,,,,
JD용수2,2005-11-30,10.41,,,,,,,
JD용수2,2005-12-01,10.26,,,,,,,
JD용수2,2005-12-02,10.14,,,,,,,
JD용수2,2005-12-03,10.05,,,,,,,
JD용수2,2005-12-04,10.03,,,,,,,
JD용수2,2005-12-05,10.03,,,,,,,
JD용수2,2005-12-06,10.04,,,,,,,
JD용수2,2005-12-07,10.04,,,,,,,
JD용수2,2005-12-08,9.97,,,,,,,
JD용수2,2005-12-09,9.88,,,,,,,
JD용수2,2005-12-10,9.81,,,,,,,
JD용수2,2005-12-11,9.84,,,,,,,
JD용수2,2005-12-12,9.8,,,,,,,
JD용수2,2005-12-13,9.76,,,,,,,
JD용수2,2005-12-14,9.71,,,,,,,
JD용수2,2005-12-15,9.7,,,,,,,
JD용수2,2005-12-16,9.77,,,,,,,
JD용수2,2005-12-17,9.81,,,,,,,
JD용수2,2005-12-18,9.92,,,,,,,
JD용수2,2005-12-19,9.96,,,,,,,
JD용수2,2005-12-20,9.94,,,,,,,
JD용수2,2005-12-21,9.95,,,,,,,
JD용수2,2005-12-22,9.98,,,,,,,
JD용수2,2005-12-23,10.21,,,,,,,
JD용수2,2005-12-24,10.38,,,,,,,
JD용수2,2005-12-25,10.44,,,,,,,
JD용수2,2005-12-26,10.37,,,,,,,
JD용수2,2005-12-27,10.24,,,,,,,
JD용수2,2005-12-28,10.08,,,,,,,
JD용수2,2005-12-29,9.95,,,,,,,
JD용수2,2005-12-30,9.85,,,,,,,
JD용수2,2005-12-31,9.78,,,,,,,
JD용수2,2006-01-01,9.72,,,,,,,
JD용수2,2006-01-02,9.69,,,,,,,
JD용수2,2006-01-03,9.63,,,,,,,
JD용수2,2006-01-04,9.57,,,,,,,
JD용수2,2006-01-05,9.51,,,,,,,
JD용수2,2006-01-06,9.48,,,,,,,
JD용수2,2006-01-07,9.44,,,,,,,
JD용수2,2006-01-08,9.4,,,,,,,
JD용수2,2006-01-09,9.38,,,,,,,
JD용수2,2006-01-10,9.34,,,,,,,
JD용수2,2006-01-11,9.3,,,,,,,
JD용수2,2006-01-12,9.3,,,,,,,
JD용수2,2006-01-13,9.4,,,,,,,
JD용수2,2006-01-14,9.59,,,,,,,
JD용수2,2006-01-15,9.62,,,,,,,
JD용수2,2006-01-16,9.81,,,,,,,
JD용수2,2006-01-17,10.46,,,,,,,
JD용수2,2006-01-18,10.8,,,,,,,
JD용수2,2006-01-19,11.11,,,,,,,
JD용수2,2006-01-20,11.24,,,,,,,
JD용수2,2006-01-21,11.29,,,,,,,
JD용수2,2006-01-22,11.23,,,,,,,
JD용수2,2006-01-23,11.12,,,,,,,
JD용수2,2006-01-24,10.99,,,,,,,
JD용수2,2006-01-25,10.84,,,,,,,
JD용수2,2006-01-26,10.65,,,,,,,
JD용수2,2006-01-27,10.45,,,,,,,
JD용수2,2006-01-28,10.27,,,,,,,
JD용수2,2006-01-29,10.13,,,,,,,
JD용수2,2006-01-30,10.0,,,,,,,
JD용수2,2006-01-31,9.92,,,,,,,
JD용수2,2006-02-01,9.85,,,,,,,
JD용수2,2006-02-02,9.75,,,,,,,
JD용수2,2006-02-03,9.63,,,,,,,
JD용수2,2006-02-04,9.55,,,,,,,
JD용수2,2006-02-05,9.52,,,,,,,
JD용수2,2006-02-06,9.59,,,,,,,
JD용수2,2006-02-07,9.66,,,,,,,
JD용수2,2006-02-08,9.59,,,,,,,
JD용수2,2006-02-09,9.5,,,,,,,
JD용수2,2006-02-10,9.47,,,,,,,
JD용수2,2006-02-11,9.47,,,,,,,
JD용수2,2006-02-12,9.42,,,,,,,
JD용수2,2006-02-13,9.41,,,,,,,
JD용수2,2006-02-14,9.47,,,,,,,
JD용수2,2006-02-15,9.58,,,,,,,
JD용수2,2006-02-16,9.79,,,,,,,
JD용수2,2006-02-17,9.79,,,,,,,
JD용수2,2006-02-18,9.71,,,,,,,
JD용수2,2006-02-19,9.64,,,,,,,
JD용수2,2006-02-20,9.58,,,,,,,
JD용수2,2006-02-21,9.53,,,,,,,
JD용수2,2006-02-22,9.5,,,,,,,
JD용수2,2006-02-23,9.44,,,,,,,
JD용수2,2006-02-24,9.33,,,,,,,
JD용수2,2006-02-25,9.32,,,,,,,
JD용수2,2006-02-26,9.46,,,,,,,
JD용수2,2006-02-27,9.48,,,,,,,
JD용수2,2006-02-28,9.47,,,,,,,
JD용수2,2006-03-01,9.49,,,,,,,
JD용수2,2006-03-02,9.53,,,,,,,
JD용수2,2006-03-03,9.5,,,,,,,
JD용수2,2006-03-04,9.45,,,,,,,
JD용수2,2006-03-05,9.42,,,,,,,
JD용수2,2006-03-06,9.41,,,,,,,
JD용수2,2006-03-07,9.38,,,,,,,
JD용수2,2006-03-08,9.31,,,,,,,
JD용수2,2006-03-09,9.27,,,,,,,
JD용수2,2006-03-10,9.26,,,,,,,
JD용수2,2006-03-11,9.3,,,,,,,
JD용수2,2006-03-12,9.28,,,,,,,
JD용수2,2006-03-13,9.21,,,,,,,
JD용수2,2006-03-14,9.15,,,,,,,
JD용수2,2006-03-15,9.13,,,,,,,
JD용수2,2006-03-16,9.36,,,,,,,
JD용수2,2006-03-17,9.58,,,,,,,
JD용수2,2006-03-18,9.98,,,,,,,
JD용수2,2006-03-19,10.35,,,,,,,
JD용수2,2006-03-20,10.46,,,,,,,
JD용수2,2006-03-21,10.51,,,,,,,
JD용수2,2006-03-22,10.54,,,,,,,
JD용수2,2006-03-23,10.49,,,,,,,
JD용수2,2006-03-24,10.37,,,,,,,
JD용수2,2006-03-25,10.19,,,,,,,
JD용수2,2006-03-26,10.03,,,,,,,
JD용수2,2006-03-27,9.91,,,,,,,
JD용수2,2006-03-28,9.84,,,,,,,
JD용수2,2006-03-29,9.75,,,,,,,
JD용수2,2006-03-30,9.63,,,,,,,
JD용수2,2006-03-31,9.52,,,,,,,
JD용수2,2006-04-01,9.57,,,,,,,
JD용수2,2006-04-02,9.97,,,,,,,
JD용수2,2006-04-03,10.1,,,,,,,
JD용수2,2006-04-04,10.26,,,,,,,
JD용수2,2006-04-05,10.68,,,,,,,
JD용수2,2006-04-06,10.9,,,,,,,
JD용수2,2006-04-07,10.99,,,,,,,
JD용수2,2006-04-08,10.99,,,,,,,
JD용수2,2006-04-09,10.98,,,,,,,
JD용수2,2006-04-10,12.41,,,,,,,
JD용수2,2006-04-11,13.44,,,,,,,
JD용수2,2006-04-12,13.88,,,,,,,
JD용수2,2006-04-13,14.04,,,,,,,
JD용수2,2006-04-14,14.09,,,,,,,
JD용수2,2006-04-15,14.12,,,,,,,
JD용수2,2006-04-16,14.05,,,,,,,
JD용수2,2006-04-17,13.95,,,,,,,
JD용수2,2006-04-18,13.85,,,,,,,
JD용수2,2006-04-19,13.76,,,,,,,
JD용수2,2006-04-20,13.61,,,,,,,
JD용수2,2006-04-21,13.47,,,,,,,
JD용수2,2006-04-22,13.41,,,,,,,
JD용수2,2006-04-23,13.3,,,,,,,
JD용수2,2006-04-24,13.13,,,,,,,
JD용수2,2006-04-25,12.97,,,,,,,
JD용수2,2006-04-26,12.84,,,,,,,
JD용수2,2006-04-27,12.66,,,,,,,
JD용수2,2006-04-28,12.51,,,,,,,
JD용수2,2006-04-29,12.42,,,,,,,
JD용수2,2006-04-30,12.29,,,,,,,
JD용수2,2006-05-01,12.18,,,,,,,
JD용수2,2006-05-02,12.05,,,,,,,
JD용수2,2006-05-03,11.86,,,,,,,
JD용수2,2006-05-04,11.68,,,,,,,
JD용수2,2006-05-05,11.52,,,,,,,
JD용수2,2006-05-06,12.42,,,,,,,
JD용수2,2006-05-07,14.06,,,,,,,
JD용수2,2006-05-08,14.44,,,,,,,
JD용수2,2006-05-09,14.58,,,,,,,
JD용수2,2006-05-10,14.75,,,,,,,
JD용수2,2006-05-11,14.95,,,,,,,
JD용수2,2006-05-12,15.0,,,,,,,
JD용수2,2006-05-13,14.98,,,,,,,
JD용수2,2006-05-14,14.89,,,,,,,
JD용수2,2006-05-15,14.75,,,,,,,
JD용수2,2006-05-16,14.58,,,,,,,
JD용수2,2006-05-17,14.44,,,,,,,
JD용수2,2006-05-18,14.35,,,,,,,
JD용수2,2006-05-19,14.62,,,,,,,
JD용수2,2006-05-20,15.09,,,,,,,
JD용수2,2006-05-21,15.18,,,,,,,
JD용수2,2006-05-22,15.17,,,,,,,
JD용수2,2006-05-23,15.08,,,,,,,
JD용수2,2006-05-24,14.92,,,,,,,
JD용수2,2006-05-25,14.75,,,,,,,
JD용수2,2006-05-26,14.7,,,,,,,
JD용수2,2006-05-27,14.71,,,,,,,
JD용수2,2006-05-28,14.67,,,,,,,
JD용수2,2006-05-29,14.57,,,,,,,
JD용수2,2006-05-30,14.45,,,,,,,
JD용수2,2006-05-31,14.3,,,,,,,
JD용수2,2006-06-01,14.18,,,,,,,
JD용수2,2006-06-02,14.09,,,,,,,
JD용수2,2006-06-03,13.94,,,,,,,
JD용수2,2006-06-04,13.82,,,,,,,
JD용수2,2006-06-05,13.72,,,,,,,
JD용수2,2006-06-06,13.62,,,,,,,
JD용수2,2006-06-07,13.52,,,,,,,
JD용수2,2006-06-08,13.62,,,,,,,
JD용수2,2006-06-09,13.79,,,,,,,
JD용수2,2006-06-10,13.78,,,,,,,
JD용수2,2006-06-11,13.68,,,,,,,
JD용수2,2006-06-12,13.54,,,,,,,
JD용수2,2006-06-13,13.4,,,,,,,
JD용수2,2006-06-14,13.74,,,,,,,
JD용수2,2006-06-15,15.17,,,,,,,
JD용수2,2006-06-16,15.54,,,,,,,
JD용수2,2006-06-17,15.66,,,,,,,
JD용수2,2006-06-18,15.65,,,,,,,
JD용수2,2006-06-19,15.56,,,,,,,
JD용수2,2006-06-20,15.45,,,,,,,
JD용수2,2006-06-21,15.33,,,,,,,
JD용수2,2006-06-22,15.28,,,,,,,
JD용수2,2006-06-23,15.22,,,,,,,
JD용수2,2006-06-24,15.39,,,,,,,
JD용수2,2006-06-25,16.32,,,,,,,
JD용수2,2006-06-26,16.62,,,,,,,
JD용수2,2006-06-27,16.68,,,,,,,
JD용수2,2006-06-28,16.68,,,,,,,
JD용수2,2006-06-29,16.64,,,,,,,
JD용수2,2006-06-30,16.73,,,,,,,
JD용수2,2006-07-01,17.42,,,,,,,
JD용수2,2006-07-02,17.85,,,,,,,
JD용수2,2006-07-03,18.01,,,,,,,
JD용수2,2006-07-04,18.18,,,,,,,
JD용수2,2006-07-05,18.66,,,,,,,
JD용수2,2006-07-06,18.74,,,,,,,
JD용수2,2006-07-07,18.7,,,,,,,
JD용수2,2006-07-08,18.81,,,,,,,
JD용수2,2006-08-19,17.78,,,,,,,
JD용수2,2006-08-20,17.68,,,,,,,
JD용수2,2006-08-21,17.61,,,,,,,
JD용수2,2006-08-22,17.6,,,,,,,
JD용수2,2006-08-23,17.55,,,,,,,
JD용수2,2006-08-24,17.52,,,,,,,
JD용수2,2006-08-25,17.48,,,,,,,
JD용수2,2006-08-26,17.44,,,,,,,
JD용수2,2006-08-27,17.4,,,,,,,
JD용수2,2006-08-28,17.32,,,,,,,
JD용수2,2006-08-29,17.21,,,,,,,
JD용수2,2006-08-30,17.18,,,,,,,
JD용수2,2006-08-31,17.17,,,,,,,
JD용수2,2006-09-01,17.12,,,,,,,
JD용수2,2006-09-02,17.05,,,,,,,
JD용수2,2006-09-03,17.0,,,,,,,
JD용수2,2006-09-04,16.93,,,,,,,
JD용수2,2006-09-05,16.84,,,,,,,
JD용수2,2006-09-06,16.8,,,,,,,
JD용수2,2006-09-07,16.76,,,,,,,
JD용수2,2006-09-08,16.7,,,,,,,
JD용수2,2006-09-09,16.64,,,,,,,
JD용수2,2006-09-10,16.54,,,,,,,
JD용수2,2006-09-11,16.45,,,,,,,
JD용수2,2006-09-12,16.36,,,,,,,
JD용수2,2006-09-13,16.32,,,,,,,
JD용수2,2006-09-14,16.27,,,,,,,
JD용수2,2006-09-15,16.21,,,,,,,
JD용수2,2006-09-16,16.25,,,,,,,
JD용수2,2006-09-17,16.42,,,,,,,
JD용수2,2006-09-18,17.01,,,,,,,
JD용수2,2006-09-19,17.32,,,,,,,
JD용수2,2006-09-20,17.35,,,,,,,
JD용수2,2006-09-21,17.34,,,,,,,
JD용수2,2006-09-22,17.27,,,,,,,
JD용수2,2006-09-23,17.16,,,,,,,
JD용수2,2006-09-24,17.0,,,,,,,
JD용수2,2006-09-25,16.89,,,,,,,
JD용수2,2006-09-26,16.75,,,,,,,
JD용수2,2006-09-27,16.55,,,,,,,
JD용수2,2006-09-28,16.37,,,,,,,
JD용수2,2006-09-29,16.21,,,,,,,
JD용수2,2006-09-30,16.07,,,,,,,
JD용수2,2006-10-01,15.99,,,,,,,
JD용수2,2006-10-02,15.87,,,,,,,
JD용수2,2006-10-03,15.76,,,,,,,
JD용수2,2006-10-04,15.64,,,,,,,
JD용수2,2006-10-05,15.54,,,,,,,
JD용수2,2006-10-06,15.47,,,,,,,
JD용수2,2006-10-07,15.37,,,,,,,
JD용수2,2006-10-08,15.23,,,,,,,
JD용수2,2006-10-09,15.11,,,,,,,
JD용수2,2006-10-10,14.97,,,,,,,
JD용수2,2006-10-11,14.86,,,,,,,
JD용수2,2006-10-12,14.74,,,,,,,
JD용수2,2006-10-13,14.63,,,,,,,
JD용수2,2006-10-14,14.53,,,,,,,
JD용수2,2006-10-15,14.41,,,,,,,
JD용수2,2006-10-16,14.29,,,,,,,
JD용수2,2006-10-17,14.19,,,,,,,
JD용수2,2006-10-18,14.11,,,,,,,
JD용수2,2006-10-19,14.06,,,,,,,
JD용수2,2006-10-20,14.09,,,,,,,
JD용수2,2006-10-21,14.17,,,,,,,
JD용수2,2006-10-22,14.31,,,,,,,
JD용수2,2006-10-23,14.57,,,,,,,
JD용수2,2006-10-24,14.59,,,,,,,
JD용수2,2006-10-25,14.55,,,,,,,
JD용수2,2006-10-26,14.51,,,,,,,
JD용수2,2006-10-27,14.46,,,,,,,
JD용수2,2006-10-28,14.4,,,,,,,
JD용수2,2006-10-29,14.31,,,,,,,
JD용수2,2006-10-30,14.22,,,,,,,
JD용수2,2006-10-31,14.14,,,,,,,
JD용수2,2006-11-01,14.08,,,,,,,
JD용수2,2006-11-02,13.98,,,,,,,
JD용수2,2006-11-03,13.91,,,,,,,
JD용수2,2006-11-04,13.94,,,,,,,
JD용수2,2006-11-05,14.05,,,,,,,
JD용수2,2006-11-06,14.04,,,,,,,
JD용수2,2006-11-07,13.96,,,,,,,
JD용수2,2006-11-08,13.9,,,,,,,
JD용수2,2006-11-09,13.85,,,,,,,
JD용수2,2006-11-10,13.78,,,,,,,
JD용수2,2006-11-11,13.72,,,,,,,
JD용수2,2006-11-12,13.59,,,,,,,
JD용수2,2006-11-13,13.51,,,,,,,
JD용수2,2006-11-14,13.44,,,,,,,
JD용수2,2006-11-15,13.33,,,,,,,
JD용수2,2006-11-16,13.22,,,,,,,
JD용수2,2006-11-17,13.14,,,,,,,
JD용수2,2006-11-18,13.13,,,,,,,
JD용수2,2006-11-19,13.14,,,,,,,
JD용수2,2006-11-20,13.1,,,,,,,
JD용수2,2006-11-21,13.08,,,,,,,
JD용수2,2006-11-22,13.03,,,,,,,
JD용수2,2006-11-23,13.01,,,,,,,
JD용수2,2006-11-24,12.93,,,,,,,
JD용수2,2006-11-25,12.91,,,,,,,
JD용수2,2006-11-26,12.94,,,,,,,
JD용수2,2006-11-27,13.16,,,,,,,
JD용수2,2006-11-28,13.32,,,,,,,
JD용수2,2006-11-29,13.31,,,,,,,
JD용수2,2006-11-30,13.26,,,,,,,
JD용수2,2006-12-01,13.22,,,,,,,
JD용수2,2006-12-02,13.14,,,,,,,
JD용수2,2006-12-03,13.03,,,,,,,
JD용수2,2006-12-04,12.94,,,,,,,
JD용수2,2006-12-05,12.87,,,,,,,
JD용수2,2006-12-06,12.8,,,,,,,
JD용수2,2006-12-07,12.79,,,,,,,
JD용수2,2006-12-08,12.73,,,,,,,
JD용수2,2006-12-09,12.7,,,,,,,
JD용수2,2006-12-10,12.67,,,,,,,
JD용수2,2006-12-11,12.63,,,,,,,
JD용수2,2006-12-12,12.58,,,,,,,
JD용수2,2006-12-13,12.55,,,,,,,
JD용수2,2006-12-14,12.55,,,,,,,
JD용수2,2006-12-15,12.53,,,,,,,
JD용수2,2006-12-16,12.5,,,,,,,
JD용수2,2006-12-17,12.45,,,,,,,
JD용수2,2006-12-18,12.35,,,,,,,
JD용수2,2006-12-19,12.25,,,,,,,
JD용수2,2006-12-20,12.18,,,,,,,
JD용수2,2006-12-21,12.13,,,,,,,
JD용수2,2006-12-22,12.06,,,,,,,
JD용수2,2006-12-23,12.0,,,,,,,
JD용수2,2006-12-24,11.95,,,,,,,
JD용수2,2006-12-25,11.92,,,,,,,
JD용수2,2006-12-26,11.92,,,,,,,
JD용수2,2006-12-27,11.91,,,,,,,
JD용수2,2006-12-28,11.83,,,,,,,
JD용수2,2006-12-29,11.71,,,,,,,
JD용수2,2006-12-30,11.6,,,,,,,
JD용수2,2006-12-31,11.52,,,,,,,
JD용수2,2007-01-01,11.49,,,,,,,
JD용수2,2007-01-02,11.53,,,,,,,
JD용수2,2007-01-03,11.48,,,,,,,
JD용수2,2007-01-04,11.45,,,,,,,
JD용수2,2007-01-05,11.41,,,,,,,
JD용수2,2007-01-06,11.4,,,,,,,
JD용수2,2007-01-07,11.34,,,,,,,
JD용수2,2007-01-08,11.27,,,,,,,
JD용수2,2007-01-09,11.21,,,,,,,
JD용수2,2007-01-10,11.13,,,,,,,
JD용수2,2007-01-11,11.08,,,,,,,
JD용수2,2007-01-12,11.04,,,,,,,
JD용수2,2007-01-13,11.0,,,,,,,
JD용수2,2007-01-14,10.96,,,,,,,
JD용수2,2007-01-15,10.94,,,,,,,
JD용수2,2007-01-16,10.99,,,,,,,
JD용수2,2007-01-17,11.37,,,,,,,
JD용수2,2007-01-18,11.51,,,,,,,
JD용수2,2007-01-19,11.5,,,,,,,
JD용수2,2007-01-20,11.43,,,,,,,
JD용수2,2007-01-21,11.32,,,,,,,
JD용수2,2007-01-22,11.19,,,,,,,
JD용수2,2007-01-23,11.1,,,,,,,
JD용수2,2007-01-24,11.04,,,,,,,
JD용수2,2007-01-25,10.97,,,,,,,
JD용수2,2007-01-26,10.94,,,,,,,
JD용수2,2007-01-27,10.89,,,,,,,
JD용수2,2007-01-28,10.84,,,,,,,
JD용수2,2007-01-29,10.79,,,,,,,
JD용수2,2007-01-30,10.75,,,,,,,
JD용수2,2007-01-31,10.7,,,,,,,
JD용수2,2007-02-01,10.67,,,,,,,
JD용수2,2007-02-02,10.64,,,,,,,
JD용수2,2007-02-03,10.62,,,,,,,
JD용수2,2007-02-04,10.58,,,,,,,
JD용수2,2007-02-05,10.56,,,,,,,
JD용수2,2007-02-06,10.53,,,,,,,
JD용수2,2007-02-07,10.49,,,,,,,
JD용수2,2007-02-08,10.49,,,,,,,
JD용수2,2007-02-09,10.53,,,,,,,
JD용수2,2007-02-10,10.54,,,,,,,
JD용수2,2007-02-11,10.5,,,,,,,
JD용수2,2007-02-12,10.46,,,,,,,
JD용수2,2007-02-13,10.45,,,,,,,
JD용수2,2007-02-14,10.52,,,,,,,
JD용수2,2007-02-15,10.57,,,,,,,
JD용수2,2007-02-16,10.54,,,,,,,
JD용수2,2007-02-17,10.56,,,,,,,
JD용수2,2007-02-18,10.62,,,,,,,
JD용수2,2007-02-19,10.61,,,,,,,
JD용수2,2007-02-20,10.54,,,,,,,
JD용수2,2007-02-21,10.46,,,,,,,
JD용수2,2007-02-22,10.44,,,,,,,
JD용수2,2007-02-23,10.38,,,,,,,
JD용수2,2007-02-24,10.32,,,,,,,
JD용수2,2007-02-25,10.28,,,,,,,
JD용수2,2007-02-26,10.25,,,,,,,
JD용수2,2007-02-27,10.18,,,,,,,
JD용수2,2007-02-28,10.12,,,,,,,
JD용수2,2007-03-01,10.12,,,,,,,
JD용수2,2007-03-02,10.1,,,,,,,
JD용수2,2007-03-03,10.07,,,,,,,
JD용수2,2007-03-04,10.43,,,,,,,
JD용수2,2007-03-05,12.22,,,,,,,
JD용수2,2007-03-06,12.66,,,,,,,
JD용수2,2007-03-07,12.8,,,,,,,
JD용수2,2007-03-08,12.78,,,,,,,
JD용수2,2007-03-09,12.68,,,,,,,
JD용수2,2007-03-10,12.61,,,,,,,
JD용수2,2007-03-11,12.48,,,,,,,
JD용수2,2007-03-12,12.34,,,,,,,
JD용수2,2007-03-13,12.21,,,,,,,
JD용수2,2007-03-14,12.08,,,,,,,
JD용수2,2007-03-15,11.98,,,,,,,
JD용수2,2007-03-16,11.88,,,,,,,
JD용수2,2007-03-17,11.73,,,,,,,
JD용수2,2007-03-18,11.55,,,,,,,
JD용수2,2007-03-19,11.34,,,,,,,
JD용수2,2007-03-20,11.12,,,,,,,
JD용수2,2007-03-21,10.93,,,,,,,
JD용수2,2007-03-22,10.78,,,,,,,
JD용수2,2007-03-23,10.72,,,,,,,
JD용수2,2007-03-24,11.48,,,,,,,
JD용수2,2007-03-25,12.46,,,,,,,
JD용수2,2007-03-26,12.69,,,,,,,
JD용수2,2007-03-27,12.77,,,,,,,
JD용수2,2007-03-28,12.75,,,,,,,
JD용수2,2007-03-29,12.76,,,,,,,
JD용수2,2007-03-30,12.69,,,,,,,
JD용수2,2007-03-31,12.65,,,,,,,
JD용수2,2007-04-01,12.55,,,,,,,
JD용수2,2007-04-02,12.4,,,,,,,
JD용수2,2007-04-03,12.22,,,,,,,
JD용수2,2007-04-04,12.04,,,,,,,
JD용수2,2007-04-05,11.84,,,,,,,
JD용수2,2007-04-06,11.64,,,,,,,
JD용수2,2007-04-07,11.4,,,,,,,
JD용수2,2007-04-08,11.17,,,,,,,
JD용수2,2007-04-09,10.94,,,,,,,
JD용수2,2007-04-10,10.77,,,,,,,
JD용수2,2007-04-11,10.66,,,,,,,
JD용수2,2007-04-12,10.59,,,,,,,
JD용수2,2007-04-13,10.56,,,,,,,
JD용수2,2007-04-14,10.5,,,,,,,
JD용수2,2007-04-15,10.52,,,,,,,
JD용수2,2007-04-16,10.97,,,,,,,
JD용수2,2007-04-17,11.11,,,,,,,
JD용수2,2007-04-18,11.1,,,,,,,
JD용수2,2007-04-19,10.98,,,,,,,
JD용수2,2007-04-20,10.82,,,,,,,
JD용수2,2007-04-21,10.71,,,,,,,
JD용수2,2007-04-22,10.66,,,,,,,
JD용수2,2007-04-23,10.6,,,,,,,
JD용수2,2007-04-24,10.53,,,,,,,
JD용수2,2007-04-25,10.45,,,,,,,
JD용수2,2007-04-26,10.32,,,,,,,
JD용수2,2007-04-27,10.23,,,,,,,
JD용수2,2007-04-28,10.11,,,,,,,
JD용수2,2007-04-29,10.05,,,,,,,
JD용수2,2007-04-30,10.14,,,,,,,
JD용수2,2007-05-01,10.45,,,,,,,
JD용수2,2007-05-02,10.54,,,,,,,
JD용수2,2007-05-03,10.51,,,,,,,
JD용수2,2007-05-04,10.45,,,,,,,
JD용수2,2007-05-05,10.45,,,,,,,
JD용수2,2007-05-06,10.55,,,,,,,
JD용수2,2007-05-07,10.78,,,,,,,
JD용수2,2007-05-08,10.86,,,,,,,
JD용수2,2007-05-09,10.86,,,,,,,
JD용수2,2007-05-10,10.85,,,,,,,
JD용수2,2007-05-11,10.79,,,,,,,
JD용수2,2007-05-12,10.73,,,,,,,
JD용수2,2007-05-13,10.65,,,,,,,
JD용수2,2007-05-14,10.55,,,,,,,
JD용수2,2007-05-15,10.48,,,,,,,
JD용수2,2007-05-16,10.57,,,,,,,
JD용수2,2007-05-17,10.95,,,,,,,
JD용수2,2007-05-18,11.1,,,,,,,
JD용수2,2007-05-19,11.09,,,,,,,
JD용수2,2007-05-20,10.99,,,,,,,
JD용수2,2007-05-21,10.83,,,,,,,
JD용수2,2007-05-22,10.66,,,,,,,
JD용수2,2007-05-23,10.54,,,,,,,
JD용수2,2007-05-24,10.53,,,,,,,
JD용수2,2007-05-25,10.88,,,,,,,
JD용수2,2007-05-26,11.09,,,,,,,
JD용수2,2007-05-27,11.14,,,,,,,
JD용수2,2007-05-28,11.09,,,,,,,
JD용수2,2007-05-29,11.01,,,,,,,
JD용수2,2007-05-30,10.87,,,,,,,
JD용수2,2007-05-31,10.73,,,,,,,
JD용수2,2007-06-01,10.61,,,,,,,
JD용수2,2007-06-02,10.63,,,,,,,
JD용수2,2007-06-03,10.58,,,,,,,
JD용수2,2007-06-04,10.47,,,,,,,
JD용수2,2007-06-05,10.37,,,,,,,
JD용수2,2007-06-06,10.28,,,,,,,
JD용수2,2007-06-07,10.19,,,,,,,
JD용수2,2007-06-08,10.11,,,,,,,
JD용수2,2007-06-09,10.04,,,,,,,
JD용수2,2007-06-10,9.98,,,,,,,
JD용수2,2007-06-11,9.94,,,,,,,
JD용수2,2007-06-12,9.89,,,,,,,
JD용수2,2007-06-13,9.98,,,,,,,
JD용수2,2007-06-14,10.26,,,,,,,
JD용수2,2007-06-15,10.49,,,,,,,
JD용수2,2007-06-16,10.68,,,,,,,
JD용수2,2007-06-17,10.74,,,,,,,
JD용수2,2007-06-18,10.68,,,,,,,
JD용수2,2007-06-19,10.55,,,,,,,
JD용수2,2007-06-20,10.44,,,,,,,
JD용수2,2007-06-21,10.37,,,,,,,
JD용수2,2007-06-22,10.36,,,,,,,
JD용수2,2007-06-23,10.32,,,,,,,
JD용수2,2007-06-24,10.3,,,,,,,
JD용수2,2007-06-25,10.3,,,,,,,
JD용수2,2007-06-26,10.25,,,,,,,
JD용수2,2007-06-27,10.16,,,,,,,
JD용수2,2007-06-28,10.07,,,,,,,
JD용수2,2007-06-29,10.06,,,,,,,
JD용수2,2007-06-30,10.19,,,,,,,
JD용수2,2007-07-01,10.23,,,,,,,
JD용수2,2007-07-02,11.27,,,,,,,
JD용수2,2007-07-03,12.19,,,,,,,
JD용수2,2007-07-04,13.1,,,,,,,
JD용수2,2007-07-05,14.03,,,,,,,
JD용수2,2007-07-06,14.61,,,,,,,
JD용수2,2007-07-07,15.8,,,,,,,
JD용수2,2007-07-08,16.46,,,,,,,
JD용수2,2007-07-09,17.14,,,,,,,
JD용수2,2007-07-10,18.14,,,,,,,
JD용수2,2007-07-11,18.62,,,,,,,
JD용수2,2007-07-12,18.77,,,,,,,
JD용수2,2007-07-13,18.81,,,,,,,
JD용수2,2007-07-14,18.76,,,,,,,
JD용수2,2007-07-15,18.61,,,,,,,
JD용수2,2007-07-16,18.44,,,,,,,
JD용수2,2007-07-17,18.25,,,,,,,
JD용수2,2007-07-18,18.07,,,,,,,
JD용수2,2007-07-19,17.92,,,,,,,
JD용수2,2007-07-20,17.76,,,,,,,
JD용수2,2007-07-21,17.6,,,,,,,
JD용수2,2007-07-22,17.45,,,,,,,
JD용수2,2007-07-23,17.3,,,,,,,
JD용수2,2007-07-24,17.15,,,,,,,
JD용수2,2007-07-25,16.97,,,,,,,
JD용수2,2007-07-26,16.82,,,,,,,
JD용수2,2007-07-27,16.68,,,,,,,
JD용수2,2007-07-28,16.54,,,,,,,
JD용수2,2007-07-29,16.37,,,,,,,
JD용수2,2007-07-30,16.19,,,,,,,
JD용수2,2007-07-31,16.03,,,,,,,
JD용수2,2007-08-01,15.82,,,,,,,
JD용수2,2007-08-02,15.74,,,,,,,
JD용수2,2007-08-03,15.62,,,,,,,
JD용수2,2007-08-04,15.46,,,,,,,
JD용수2,2007-08-05,15.41,,,,,,,
JD용수2,2007-08-06,15.39,,,,,,,
JD용수2,2007-08-07,15.78,,,,,,,
JD용수2,2007-08-08,15.93,,,,,,,
JD용수2,2007-08-09,15.92,,,,,,,
JD용수2,2007-08-10,15.87,,,,,,,
JD용수2,2007-08-11,15.89,,,,,,,
JD용수2,2007-08-12,16.74,,,,,,,
JD용수2,2007-08-13,17.29,,,,,,,
JD용수2,2007-08-14,17.51,,,,,,,
JD용수2,2007-08-15,17.88,,,,,,,
JD용수2,2007-08-16,18.2,,,,,,,
JD용수2,2007-08-17,18.27,,,,,,,
JD용수2,2007-08-18,18.26,,,,,,,
JD용수2,2007-08-19,18.16,,,,,,,
JD용수2,2007-08-20,18.04,,,,,,,
JD용수2,2007-08-21,17.91,,,,,,,
JD용수2,2007-08-22,17.8,,,,,,,
JD용수2,2007-08-23,17.72,,,,,,,
JD용수2,2007-08-24,17.69,,,,,,,
JD용수2,2007-08-25,17.64,,,,,,,
JD용수2,2007-08-26,17.58,,,,,,,
JD용수2,2007-08-27,17.51,,,,,,,
JD용수2,2007-08-28,17.43,,,,,,,
JD용수2,2007-08-29,17.39,,,,,,,
JD용수2,2007-08-30,17.33,,,,,,,
JD용수2,2007-08-31,17.26,,,,,,,
JD용수2,2007-09-01,17.2,,,,,,,
JD용수2,2007-09-02,17.12,,,,,,,
JD용수2,2007-09-03,17.0,,,,,,,
JD용수2,2007-09-04,16.9,,,,,,,
JD용수2,2007-09-05,17.2,,,,,,,
JD용수2,2007-09-06,17.91,,,,,,,
JD용수2,2007-09-07,18.0,,,,,,,
JD용수2,2007-09-08,17.93,,,,,,,
JD용수2,2007-09-09,17.84,,,,,,,
JD용수2,2007-09-10,17.73,,,,,,,
JD용수2,2007-09-11,17.61,,,,,,,
JD용수2,2007-09-12,17.49,,,,,,,
JD용수2,2007-09-13,17.38,,,,,,,
JD용수2,2007-09-14,17.31,,,,,,,
JD용수2,2007-09-15,17.93,,,,,,,
JD용수2,2007-09-16,19.54,,,,,,,
JD용수2,2007-09-17,21.05,,,,,,,
JD용수2,2007-09-18,21.52,,,,,,,
JD용수2,2007-09-19,21.61,,,,,,,
JD용수2,2007-09-20,21.5,,,,,,,
JD용수2,2007-09-21,21.26,,,,,,,
JD용수2,2007-09-22,21.0,,,,,,,
JD용수2,2007-09-23,20.73,,,,,,,
JD용수2,2007-09-24,20.48,,,,,,,
JD용수2,2007-09-25,20.25,,,,,,,
JD용수2,2007-09-26,20.0,,,,,,,
JD용수2,2007-09-27,19.75,,,,,,,
JD용수2,2007-09-28,19.52,,,,,,,
JD용수2,2007-09-29,19.32,,,,,,,
JD용수2,2007-09-30,19.14,,,,,,,
JD용수2,2007-10-01,18.96,,,,,,,
JD용수2,2007-10-02,18.8,,,,,,,
JD용수2,2007-10-03,18.61,,,,,,,
JD용수2,2007-10-04,18.46,,,,,,,
JD용수2,2007-10-05,18.33,,,,,,,
JD용수2,2007-10-06,18.29,,,,,,,
JD용수2,2007-10-07,18.29,,,,,,,
JD용수2,2007-10-08,18.29,,,,,,,
JD용수2,2007-10-09,18.38,,,,,,,
JD용수2,2007-10-10,18.47,,,,,,,
JD용수2,2007-10-11,18.44,,,,,,,
JD용수2,2007-10-12,18.33,,,,,,,
JD용수2,2007-10-13,18.19,,,,,,,
JD용수2,2007-10-14,18.07,,,,,,,
JD용수2,2007-10-15,17.96,,,,,,,
JD용수2,2007-10-16,17.85,,,,,,,
JD용수2,2007-10-17,17.74,,,,,,,
JD용수2,2007-10-18,17.62,,,,,,,
JD용수2,2007-10-19,17.54,,,,,,,
JD용수2,2007-10-20,17.42,,,,,,,
JD용수2,2007-10-21,17.34,,,,,,,
JD용수2,2007-10-22,17.25,,,,,,,
JD용수2,2007-10-23,17.17,,,,,,,
JD용수2,2007-10-24,17.12,,,,,,,
JD용수2,2007-10-25,17.18,,,,,,,
JD용수2,2007-10-26,17.37,,,,,,,
JD용수2,2007-10-27,17.47,,,,,,,
JD용수2,2007-10-28,17.48,,,,,,,
JD용수2,2007-10-29,17.45,,,,,,,
JD용수2,2007-10-30,17.4,,,,,,,
JD용수2,2007-10-31,17.38,,,,,,,
JD용수2,2007-11-01,17.35,,,,,,,
JD용수2,2007-11-02,17.31,,,,,,,
JD용수2,2007-11-03,17.23,,,,,,,
JD용수2,2007-11-04,17.14,,,,,,,
JD용수2,2007-11-05,17.09,,,,,,,
JD용수2,2007-11-06,17.03,,,,,,,
JD용수2,2007-11-07,16.94,,,,,,,
JD용수2,2007-11-08,16.84,,,,,,,
JD용수2,2007-11-09,16.74,,,,,,,
JD용수2,2007-11-10,16.66,,,,,,,
JD용수2,2007-11-11,16.58,,,,,,,
JD용수2,2007-11-12,16.5,,,,,,,
JD용수2,2007-11-13,16.39,,,,,,,
JD용수2,2007-11-14,16.32,,,,,,,
JD용수2,2007-11-15,16.21,,,,,,,
JD용수2,2007-11-16,16.13,,,,,,,
JD용수2,2007-11-17,16.1,,,,,,,
JD용수2,2007-11-18,16.01,,,,,,,
JD용수2,2007-11-19,15.94,,,,,,,
JD용수2,2007-11-20,15.85,,,,,,,
JD용수2,2007-11-21,15.75,,,,,,,
JD용수2,2007-11-22,15.65,,,,,,,
JD용수2,2007-11-23,15.56,,,,,,,
JD용수2,2007-11-24,15.45,,,,,,,
JD용수2,2007-11-25,15.36,,,,,,,
JD용수2,2007-11-26,15.3,,,,,,,
JD용수2,2007-11-27,15.28,,,,,,,
JD용수2,2007-11-28,15.24,,,,,,,
JD용수2,2007-11-29,15.16,,,,,,,
JD용수2,2007-11-30,15.03,,,,,,,
JD용수2,2007-12-01,14.96,,,,,,,
JD용수2,2007-12-02,14.94,,,,,,,
JD용수2,2007-12-03,14.86,,,,,,,
JD용수2,2007-12-04,14.72,,,,,,,
JD용수2,2007-12-05,14.63,,,,,,,
JD용수2,2007-12-06,14.6,,,,,,,
JD용수2,2007-12-07,14.54,,,,,,,
JD용수2,2007-12-08,14.45,,,,,,,
JD용수2,2007-12-09,14.36,,,,,,,
JD용수2,2007-12-10,14.32,,,,,,,
JD용수2,2007-12-11,14.35,,,,,,,
JD용수2,2007-12-12,14.38,,,,,,,
JD용수2,2007-12-13,14.38,,,,,,,
JD용수2,2007-12-14,14.36,,,,,,,
JD용수2,2007-12-15,14.3,,,,,,,
JD용수2,2007-12-16,14.22,,,,,,,
JD용수2,2007-12-17,14.18,,,,,,,
JD용수2,2007-12-18,14.12,,,,,,,
JD용수2,2007-12-19,14.05,,,,,,,
JD용수2,2007-12-20,13.95,,,,,,,
JD용수2,2007-12-21,13.91,,,,,,,
JD용수2,2007-12-22,13.92,,,,,,,
JD용수2,2007-12-23,13.85,,,,,,,
JD용수2,2007-12-24,13.8,,,,,,,
JD용수2,2007-12-25,13.76,,,,,,,
JD용수2,2007-12-26,13.68,,,,,,,
JD용수2,2007-12-27,13.68,,,,,,,
JD용수2,2007-12-28,14.24,,,,,,,
JD용수2,2007-12-29,14.41,,,,,,,
JD용수2,2007-12-30,14.4,,,,,,,
JD용수2,2007-12-31,14.32,,,,,,,
JD용수2,2008-01-01,14.23,,,,,,,
JD용수2,2008-01-02,14.17,,,,,,,
JD용수2,2008-01-03,14.12,,,,,,,
JD용수2,2008-01-04,14.05,,,,,,,
JD용수2,2008-01-05,13.99,,,,,,,
JD용수2,2008-01-06,13.92,,,,,,,
JD용수2,2008-01-07,13.88,,,,,,,
JD용수2,2008-01-08,13.81,,,,,,,
JD용수2,2008-01-09,13.74,,,,,,,
JD용수2,2008-01-10,13.66,,,,,,,
JD용수2,2008-01-11,13.64,,,,,,,
JD용수2,2008-01-12,13.56,,,,,,,
JD용수2,2008-01-13,13.45,,,,,,,
JD용수2,2008-01-14,13.37,,,,,,,
JD용수2,2008-01-15,13.28,,,,,,,
JD용수2,2008-01-16,13.19,,,,,,,
JD용수2,2008-01-17,13.11,,,,,,,
JD용수2,2008-01-18,13.04,,,,,,,
JD용수2,2008-01-19,12.98,,,,,,,
JD용수2,2008-01-20,12.97,,,,,,,
JD용수2,2008-01-21,12.96,,,,,,,
JD용수2,2008-01-22,13.08,,,,,,,
JD용수2,2008-01-23,13.25,,,,,,,
JD용수2,2008-01-24,13.23,,,,,,,
JD용수2,2008-01-25,13.19,,,,,,,
JD용수2,2008-01-26,13.13,,,,,,,
JD용수2,2008-01-27,13.07,,,,,,,
JD용수2,2008-01-28,13.07,,,,,,,
JD용수2,2008-01-29,13.17,,,,,,,
JD용수2,2008-01-30,13.16,,,,,,,
JD용수2,2008-01-31,13.11,,,,,,,
JD용수2,2008-02-01,13.04,,,,,,,
JD용수2,2008-02-02,13.01,,,,,,,
JD용수2,2008-02-03,12.96,,,,,,,
JD용수2,2008-02-04,12.86,,,,,,,
JD용수2,2008-02-05,12.79,,,,,,,
JD용수2,2008-02-06,12.72,,,,,,,
JD용수2,2008-02-07,12.65,,,,,,,
JD용수2,2008-02-08,12.57,,,,,,,
JD용수2,2008-02-09,12.5,,,,,,,
JD용수2,2008-02-10,12.4,,,,,,,
JD용수2,2008-02-11,12.3,,,,,,,
JD용수2,2008-02-12,12.23,,,,,,,
JD용수2,2008-02-13,12.16,,,,,,,
JD용수2,2008-02-14,12.08,,,,,,,
JD용수2,2008-02-15,11.99,,,,,,,
JD용수2,2008-02-16,11.86,,,,,,,
JD용수2,2008-02-17,11.73,,,,,,,
JD용수2,2008-02-18,11.63,,,,,,,
JD용수2,2008-02-19,11.55,,,,,,,
JD용수2,2008-02-20,11.47,,,,,,,
JD용수2,2008-02-21,11.42,,,,,,,
JD용수2,2008-02-22,11.4,,,,,,,
JD용수2,2008-02-23,11.36,,,,,,,
JD용수2,2008-02-24,11.3,,,,,,,
JD용수2,2008-02-25,11.27,,,,,,,
JD용수2,2008-02-26,11.5,,,,,,,
JD용수2,2008-02-27,11.81,,,,,,,
JD용수2,2008-02-28,11.88,,,,,,,
JD용수2,2008-02-29,11.97,,,,,,,
JD용수2,2008-03-01,11.95,,,,,,,
JD용수2,2008-03-02,11.92,,,,,,,
JD용수2,2008-03-03,11.85,,,,,,,
JD용수2,2008-03-04,11.73,,,,,,,
JD용수2,2008-03-05,11.56,,,,,,,
JD용수2,2008-03-06,11.4,,,,,,,
JD용수2,2008-03-07,11.23,,,,,,,
JD용수2,2008-03-08,11.12,,,,,,,
JD용수2,2008-03-09,11.12,,,,,,,
JD용수2,2008-03-10,11.17,,,,,,,
JD용수2,2008-03-11,11.16,,,,,,,
JD용수2,2008-03-12,11.12,,,,,,,
JD용수2,2008-03-13,11.1,,,,,,,
JD용수2,2008-03-14,11.1,,,,,,,
JD용수2,2008-03-15,11.07,,,,,,,
JD용수2,2008-03-16,11.04,,,,,,,
JD용수2,2008-03-17,11.01,,,,,,,
JD용수2,2008-03-18,11.02,,,,,,,
JD용수2,2008-03-19,11.21,,,,,,,
JD용수2,2008-03-20,11.29,,,,,,,
JD용수2,2008-03-21,11.29,,,,,,,
JD용수2,2008-03-22,11.27,,,,,,,
JD용수2,2008-03-23,12.52,,,,,,,
JD용수2,2008-03-24,13.23,,,,,,,
JD용수2,2008-03-25,13.43,,,,,,,
JD용수2,2008-03-26,13.47,,,,,,,
JD용수2,2008-03-27,13.45,,,,,,,
JD용수2,2008-03-28,13.32,,,,,,,
JD용수2,2008-03-29,13.23,,,,,,,
JD용수2,2008-03-30,13.29,,,,,,,
JD용수2,2008-03-31,13.33,,,,,,,
JD용수2,2008-04-01,13.26,,,,,,,
JD용수2,2008-04-02,13.2,,,,,,,
JD용수2,2008-04-03,13.09,,,,,,,
JD용수2,2008-04-04,12.96,,,,,,,
JD용수2,2008-04-05,12.81,,,,,,,
JD용수2,2008-04-06,12.72,,,,,,,
JD용수2,2008-04-07,12.64,,,,,,,
JD용수2,2008-04-08,12.55,,,,,,,
JD용수2,2008-04-09,12.62,,,,,,,
JD용수2,2008-04-10,12.74,,,,,,,
JD용수2,2008-04-11,12.71,,,,,,,
JD용수2,2008-04-12,12.64,,,,,,,
JD용수2,2008-04-13,12.55,,,,,,,
JD용수2,2008-04-14,12.43,,,,,,,
JD용수2,2008-04-15,12.31,,,,,,,
JD용수2,2008-04-16,12.22,,,,,,,
JD용수2,2008-04-17,12.11,,,,,,,
JD용수2,2008-04-18,11.96,,,,,,,
JD용수2,2008-04-19,11.8,,,,,,,
JD용수2,2008-04-20,11.67,,,,,,,
JD용수2,2008-04-21,11.52,,,,,,,
JD용수2,2008-04-22,11.4,,,,,,,
JD용수2,2008-04-23,11.47,,,,,,,
JD용수2,2008-04-24,11.6,,,,,,,
JD용수2,2008-04-25,11.59,,,,,,,
JD용수2,2008-04-26,11.55,,,,,,,
JD용수2,2008-04-27,11.46,,,,,,,
JD용수2,2008-04-28,11.39,,,,,,,
JD용수2,2008-04-29,11.33,,,,,,,
JD용수2,2008-04-30,11.25,,,,,,,
JD용수2,2008-05-01,11.21,,,,,,,
JD용수2,2008-05-02,11.21,,,,,,,
JD용수2,2008-05-03,11.18,,,,,,,
JD용수2,2008-05-04,11.21,,,,,,,
JD용수2,2008-05-05,11.3,,,,,,,
JD용수2,2008-05-06,11.27,,,,,,,
JD용수2,2008-05-07,11.15,,,,,,,
JD용수2,2008-05-08,11.02,,,,,,,
JD용수2,2008-05-09,10.96,,,,,,,
JD용수2,2008-05-10,10.88,,,,,,,
JD용수2,2008-05-11,10.73,,,,,,,
JD용수2,2008-05-12,10.63,,,,,,,
JD용수2,2008-05-13,10.53,,,,,,,
JD용수2,2008-05-14,10.39,,,,,,,
JD용수2,2008-05-15,10.29,,,,,,,
JD용수2,2008-05-16,10.24,,,,,,,
JD용수2,2008-05-17,10.16,,,,,,,
JD용수2,2008-05-18,10.19,,,,,,,
JD용수2,2008-05-19,10.43,,,,,,,
JD용수2,2008-05-20,10.64,,,,,,,
JD용수2,2008-05-21,10.62,,,,,,,
JD용수2,2008-05-22,10.53,,,,,,,
JD용수2,2008-05-23,10.52,,,,,,,
JD용수2,2008-05-24,10.84,,,,,,,
JD용수2,2008-05-25,11.03,,,,,,,
JD용수2,2008-05-26,11.05,,,,,,,
JD용수2,2008-05-27,11.02,,,,,,,
JD용수2,2008-05-28,11.75,,,,,,,
JD용수2,2008-05-29,13.93,,,,,,,
JD용수2,2008-05-30,14.5,,,,,,,
JD용수2,2008-05-31,14.68,,,,,,,
JD용수2,2008-06-01,14.71,,,,,,,
JD용수2,2008-06-02,14.67,,,,,,,
JD용수2,2008-06-03,14.54,,,,,,,
JD용수2,2008-06-04,14.39,,,,,,,
JD용수2,2008-06-05,14.23,,,,,,,
JD용수2,2008-06-06,14.04,,,,,,,
JD용수2,2008-06-07,13.87,,,,,,,
JD용수2,2008-06-08,13.7,,,,,,,
JD용수2,2008-06-09,13.51,,,,,,,
JD용수2,2008-06-10,13.36,,,,,,,
JD용수2,2008-06-11,13.23,,,,,,,
JD용수2,2008-06-12,13.07,,,,,,,
JD용수2,2008-06-13,12.9,,,,,,,
JD용수2,2008-06-14,12.75,,,,,,,
JD용수2,2008-06-15,12.93,,,,,,,
JD용수2,2008-06-16,13.2,,,,,,,
JD용수2,2008-06-17,13.28,,,,,,,
JD용수2,2008-06-18,14.34,,,,,,,
JD용수2,2008-06-19,15.23,,,,,,,
JD용수2,2008-06-20,15.81,,,,,,,
JD용수2,2008-06-21,16.75,,,,,,,
JD용수2,2008-06-22,17.75,,,,,,,
JD용수2,2008-06-23,18.07,,,,,,,
JD용수2,2008-06-24,18.19,,,,,,,
JD용수2,2008-06-25,18.21,,,,,,,
JD용수2,2008-06-26,18.14,,,,,,,
JD용수2,2008-06-27,18.04,,,,,,,
JD용수2,2008-06-28,18.08,,,,,,,
JD용수2,2008-06-29,18.39,,,,,,,
JD용수2,2008-06-30,18.36,,,,,,,
JD용수2,2008-07-01,18.33,,,,,,,
JD용수2,2008-07-02,18.44,,,,,,,
JD용수2,2008-07-03,18.4,,,,,,,
JD용수2,2008-07-04,18.31,,,,,,,
JD용수2,2008-07-05,18.22,,,,,,,
JD용수2,2008-07-06,18.1,,,,,,,
JD용수2,2008-07-07,17.98,,,,,,,
JD용수2,2008-07-08,17.85,,,,,,,
JD용수2,2008-07-09,17.75,,,,,,,
JD용수2,2008-07-10,17.64,,,,,,,
JD용수2,2008-07-11,17.51,,,,,,,
JD용수2,2008-07-12,17.41,,,,,,,
JD용수2,2008-07-13,17.3,,,,,,,
JD용수2,2008-07-14,17.18,,,,,,,
JD용수2,2008-07-15,17.06,,,,,,,
JD용수2,2008-07-16,16.95,,,,,,,
JD용수2,2008-07-17,16.84,,,,,,,
JD용수2,2008-07-18,16.73,,,,,,,
JD용수2,2008-07-19,16.64,,,,,,,
JD용수2,2008-07-20,16.6,,,,,,,
JD용수2,2008-07-21,16.56,,,,,,,
JD용수2,2008-07-22,16.47,,,,,,,
JD용수2,2008-07-23,16.37,,,,,,,
JD용수2,2008-07-24,16.26,,,,,,,
JD용수2,2008-07-25,16.14,,,,,,,
JD용수2,2008-07-26,16.01,,,,,,,
JD용수2,2008-07-27,15.87,,,,,,,
JD용수2,2008-07-28,15.76,,,,,,,
JD용수2,2008-07-29,15.71,,,,,,,
JD용수2,2008-07-30,15.66,,,,,,,
JD용수2,2008-07-31,15.58,,,,,,,
JD용수2,2008-08-01,15.46,,,,,,,
JD용수2,2008-08-02,15.36,,,,,,,
JD용수2,2008-08-03,15.27,,,,,,,
JD용수2,2008-08-04,15.19,,,,,,,
JD용수2,2008-08-05,15.06,,,,,,,
JD용수2,2008-08-06,14.93,,,,,,,
JD용수2,2008-08-07,14.83,,,,,,,
JD용수2,2008-08-08,14.75,,,,,,,
JD용수2,2008-08-09,14.64,,,,,,,
JD용수2,2008-08-10,14.59,,,,,,,
JD용수2,2008-08-11,14.67,,,,,,,
JD용수2,2008-08-12,14.84,,,,,,,
JD용수2,2008-08-13,14.92,,,,,,,
JD용수2,2008-08-14,14.93,,,,,,,
JD용수2,2008-08-15,14.9,,,,,,,
JD용수2,2008-08-16,14.9,,,,,,,
JD용수2,2008-08-17,14.82,,,,,,,
JD용수2,2008-08-18,14.77,,,,,,,
JD용수2,2008-08-19,14.71,,,,,,,
JD용수2,2008-08-20,14.63,,,,,,,
JD용수2,2008-08-21,14.54,,,,,,,
JD용수2,2008-08-22,14.72,,,,,,,
JD용수2,2008-08-23,14.96,,,,,,,
JD용수2,2008-08-24,14.91,,,,,,,
JD용수2,2008-08-25,14.81,,,,,,,
JD용수2,2008-08-26,14.71,,,,,,,
JD용수2,2008-08-27,14.56,,,,,,,
JD용수2,2008-08-28,14.44,,,,,,,
JD용수2,2008-08-29,14.31,,,,,,,
JD용수2,2008-08-30,14.2,,,,,,,
JD용수2,2008-08-31,14.07,,,,,,,
JD용수2,2008-09-01,14.04,,,,,,,
JD용수2,2008-09-02,14.01,,,,,,,
JD용수2,2008-09-03,13.94,,,,,,,
JD용수2,2008-09-04,13.82,,,,,,,
JD용수2,2008-09-05,13.7,,,,,,,
JD용수2,2008-09-06,13.59,,,,,,,
JD용수2,2008-09-07,13.48,,,,,,,
JD용수2,2008-09-08,13.35,,,,,,,
JD용수2,2008-09-09,13.25,,,,,,,
JD용수2,2008-09-10,13.16,,,,,,,
JD용수2,2008-09-11,13.09,,,,,,,
JD용수2,2008-09-12,13.26,,,,,,,
JD용수2,2008-09-13,13.52,,,,,,,
JD용수2,2008-09-14,13.91,,,,,,,
JD용수2,2008-09-15,14.17,,,,,,,
JD용수2,2008-09-16,14.59,,,,,,,
JD용수2,2008-09-17,14.74,,,,,,,
JD용수2,2008-09-18,14.76,,,,,,,
JD용수2,2008-09-19,14.68,,,,,,,
JD용수2,2008-09-20,14.61,,,,,,,
JD용수2,2008-09-21,14.77,,,,,,,
JD용수2,2008-09-22,15.04,,,,,,,
JD용수2,2008-09-23,15.01,,,,,,,
JD용수2,2008-09-24,14.92,,,,,,,
JD용수2,2008-09-25,14.83,,,,,,,
JD용수2,2008-09-26,14.75,,,,,,,
JD용수2,2008-09-27,14.61,,,,,,,
JD용수2,2008-09-28,14.46,,,,,,,
JD용수2,2008-09-29,14.35,,,,,,,
JD용수2,2008-09-30,14.27,,,,,,,
JD용수2,2008-10-01,14.18,,,,,,,
JD용수2,2008-10-02,14.04,,,,,,,
JD용수2,2008-10-03,13.92,,,,,,,
JD용수2,2008-10-04,13.8,,,,,,,
JD용수2,2008-10-05,13.72,,,,,,,
JD용수2,2008-10-06,13.63,,,,,,,
JD용수2,2008-10-07,13.49,,,,,,,
JD용수2,2008-10-08,13.38,,,,,,,
JD용수2,2008-10-09,13.24,,,,,,,
JD용수2,2008-10-10,13.12,,,,,,,
JD용수2,2008-10-11,12.98,,,,,,,
JD용수2,2008-10-12,12.85,,,,,,,
JD용수2,2008-10-13,12.74,,,,,,,
JD용수2,2008-10-14,12.59,,,,,,,
JD용수2,2008-10-15,12.43,,,,,,,
JD용수2,2008-10-16,12.33,,,,,,,
JD용수2,2008-10-17,12.23,,,,,,,
JD용수2,2008-10-18,12.16,,,,,,,
JD용수2,2008-10-19,12.11,,,,,,,
JD용수2,2008-10-20,12.13,,,,,,,
JD용수2,2008-10-21,12.18,,,,,,,
JD용수2,2008-10-22,12.38,,,,,,,
JD용수2,2008-10-23,12.66,,,,,,,
JD용수2,2008-10-24,12.67,,,,,,,
JD용수2,2008-10-25,12.63,,,,,,,
JD용수2,2008-10-26,12.69,,,,,,,
JD용수2,2008-10-27,12.74,,,,,,,
JD용수2,2008-10-28,12.7,,,,,,,
JD용수2,2008-10-29,12.64,,,,,,,
JD용수2,2008-10-30,12.54,,,,,,,
JD용수2,2008-10-31,12.47,,,,,,,
JD용수2,2008-11-01,12.36,,,,,,,
JD용수2,2008-11-02,12.25,,,,,,,
JD용수2,2008-11-03,12.14,,,,,,,
JD용수2,2008-11-04,12.01,,,,,,,
JD용수2,2008-11-05,11.9,,,,,,,
JD용수2,2008-11-06,11.84,,,,,,,
JD용수2,2008-11-07,11.94,,,,,,,
JD용수2,2008-11-08,12.53,,,,,,,
JD용수2,2008-11-09,12.82,,,,,,,
JD용수2,2008-11-10,12.83,,,,,,,
JD용수2,2008-11-11,12.78,,,,,,,
JD용수2,2008-11-12,12.69,,,,,,,
JD용수2,2008-11-13,12.58,,,,,,,
JD용수2,2008-11-14,12.48,,,,,,,
JD용수2,2008-11-15,12.39,,,,,,,
JD용수2,2008-11-16,12.3,,,,,,,
JD용수2,2008-11-17,12.19,,,,,,,
JD용수2,2008-11-18,12.05,,,,,,,
JD용수2,2008-11-19,11.91,,,,,,,
JD용수2,2008-11-20,11.77,,,,,,,
JD용수2,2008-11-21,11.61,,,,,,,
JD용수2,2008-11-22,11.45,,,,,,,
JD용수2,2008-11-23,11.35,,,,,,,
JD용수2,2008-11-24,11.33,,,,,,,
JD용수2,2008-11-25,11.32,,,,,,,
JD용수2,2008-11-26,11.26,,,,,,,
JD용수2,2008-11-27,11.28,,,,,,,
JD용수2,2008-11-28,11.4,,,,,,,
JD용수2,2008-11-29,11.44,,,,,,,
JD용수2,2008-11-30,11.36,,,,,,,
JD용수2,2008-12-01,11.27,,,,,,,
JD용수2,2008-12-02,11.2,,,,,,,
JD용수2,2008-12-03,11.13,,,,,,,
JD용수2,2008-12-04,11.16,,,,,,,
JD용수2,2008-12-05,11.28,,,,,,,
JD용수2,2008-12-06,11.32,,,,,,,
JD용수2,2008-12-07,11.32,,,,,,,
JD용수2,2008-12-08,11.34,,,,,,,
JD용수2,2008-12-09,11.35,,,,,,,
JD용수2,2008-12-10,11.34,,,,,,,
JD용수2,2008-12-11,11.32,,,,,,,
JD용수2,2008-12-12,11.25,,,,,,,
JD용수2,2008-12-13,11.14,,,,,,,
JD용수2,2008-12-14,11.02,,,,,,,
JD용수2,2008-12-15,10.91,,,,,,,
JD용수2,2008-12-16,10.83,,,,,,,
JD용수2,2008-12-17,10.77,,,,,,,
JD용수2,2008-12-18,10.7,,,,,,,
JD용수2,2008-12-19,10.64,,,,,,,
JD용수2,2008-12-20,10.61,,,,,,,
JD용수2,2008-12-21,10.57,,,,,,,
JD용수2,2008-12-22,10.49,,,,,,,
JD용수2,2008-12-23,10.44,,,,,,,
JD용수2,2008-12-24,10.41,,,,,,,
JD용수2,2008-12-25,10.36,,,,,,,
JD용수2,2008-12-26,10.28,,,,,,,
JD용수2,2008-12-27,10.26,,,,,,,
JD용수2,2008-12-28,10.24,,,,,,,
JD용수2,2008-12-29,10.22,,,,,,,
JD용수2,2008-12-30,10.18,,,,,,,
JD용수2,2008-12-31,10.15,,,,,,,
JD용수2,2009-01-01,10.12,,,,,,,
JD용수2,2009-01-02,10.08,,,,,,,
JD용수2,2009-01-03,10.04,,,,,,,
JD용수2,2009-01-04,10.01,,,,,,,
JD용수2,2009-01-05,9.96,,,,,,,
JD용수2,2009-01-06,9.92,,,,,,,
JD용수2,2009-01-07,9.89,,,,,,,
JD용수2,2009-01-08,9.86,,,,,,,
JD용수2,2009-01-09,9.85,,,,,,,
JD용수2,2009-01-10,9.86,,,,,,,
JD용수2,2009-01-11,9.88,,,,,,,
JD용수2,2009-01-12,9.85,,,,,,,
JD용수2,2009-01-13,9.83,,,,,,,
JD용수2,2009-01-14,9.81,,,,,,,
JD용수2,2009-01-15,9.8,,,,,,,
JD용수2,2009-01-16,9.8,,,,,,,
JD용수2,2009-01-17,9.78,,,,,,,
JD용수2,2009-01-18,9.77,,,,,,,
JD용수2,2009-01-19,9.72,,,,,,,
JD용수2,2009-01-20,9.68,,,,,,,
JD용수2,2009-01-21,9.68,,,,,,,
JD용수2,2009-01-22,9.72,,,,,,,
JD용수2,2009-01-23,9.71,,,,,,,
JD용수2,2009-01-24,9.7,,,,,,,
JD용수2,2009-01-25,9.67,,,,,,,
JD용수2,2009-01-26,9.65,,,,,,,
JD용수2,2009-01-27,9.63,,,,,,,
JD용수2,2009-01-28,9.62,,,,,,,
JD용수2,2009-01-29,9.63,,,,,,,
JD용수2,2009-01-30,9.67,,,,,,,
JD용수2,2009-01-31,9.66,,,,,,,
JD용수2,2009-02-01,9.58,,,,,,,
JD용수2,2009-02-02,9.55,,,,,,,
JD용수2,2009-02-03,9.59,,,,,,,
JD용수2,2009-02-04,9.62,,,,,,,
JD용수2,2009-02-05,9.6,,,,,,,
JD용수2,2009-02-06,9.54,,,,,,,
JD용수2,2009-02-07,9.51,,,,,,,
JD용수2,2009-02-08,9.49,,,,,,,
JD용수2,2009-02-09,9.5,,,,,,,
JD용수2,2009-02-10,9.52,,,,,,,
JD용수2,2009-02-11,9.53,,,,,,,
JD용수2,2009-02-12,9.55,,,,,,,
JD용수2,2009-02-13,9.64,,,,,,,
JD용수2,2009-02-14,9.65,,,,,,,
JD용수2,2009-02-15,9.58,,,,,,,
JD용수2,2009-02-16,9.48,,,,,,,
JD용수2,2009-02-17,9.44,,,,,,,
JD용수2,2009-02-18,9.41,,,,,,,
JD용수2,2009-02-19,9.45,,,,,,,
JD용수2,2009-02-20,9.87,,,,,,,
JD용수2,2009-02-21,10.04,,,,,,,
JD용수2,2009-02-22,10.92,,,,,,,
JD용수2,2009-02-23,12.79,,,,,,,
JD용수2,2009-02-24,13.37,,,,,,,
JD용수2,2009-02-25,13.65,,,,,,,
JD용수2,2009-02-26,13.81,,,,,,,
JD용수2,2009-02-27,13.89,,,,,,,
JD용수2,2009-02-28,13.85,,,,,,,
JD용수2,2009-03-01,13.73,,,,,,,
JD용수2,2009-03-02,13.62,,,,,,,
JD용수2,2009-03-03,13.51,,,,,,,
JD용수2,2009-03-04,13.4,,,,,,,
JD용수2,2009-03-05,13.33,,,,,,,
JD용수2,2009-03-06,13.33,,,,,,,
JD용수2,2009-03-07,13.24,,,,,,,
JD용수2,2009-03-08,13.17,,,,,,,
JD용수2,2009-03-09,13.06,,,,,,,
JD용수2,2009-03-10,12.92,,,,,,,
JD용수2,2009-03-11,12.74,,,,,,,
JD용수2,2009-03-12,12.58,,,,,,,
JD용수2,2009-03-13,13.59,,,,,,,
JD용수2,2009-03-14,14.39,,,,,,,
JD용수2,2009-03-15,14.59,,,,,,,
JD용수2,2009-03-16,14.64,,,,,,,
JD용수2,2009-03-17,14.61,,,,,,,
JD용수2,2009-03-18,14.54,,,,,,,
JD용수2,2009-03-19,14.44,,,,,,,
JD용수2,2009-03-20,14.29,,,,,,,
JD용수2,2009-03-21,14.2,,,,,,,
JD용수2,2009-03-22,14.46,,,,,,,
JD용수2,2009-03-23,14.49,,,,,,,
JD용수2,2009-03-24,14.4,,,,,,,
JD용수2,2009-03-25,14.26,,,,,,,
JD용수2,2009-03-26,14.1,,,,,,,
JD용수2,2009-03-27,13.91,,,,,,,
JD용수2,2009-03-28,13.75,,,,,,,
JD용수2,2009-03-29,13.57,,,,,,,
JD용수2,2009-03-30,13.38,,,,,,,
JD용수2,2009-03-31,13.2,,,,,,,
JD용수2,2009-04-01,13.01,,,,,,,
JD용수2,2009-04-02,12.81,,,,,,,
JD용수2,2009-04-03,12.67,,,,,,,
JD용수2,2009-04-04,12.53,,,,,,,
JD용수2,2009-04-05,12.37,,,,,,,
JD용수2,2009-04-06,12.21,,,,,,,
JD용수2,2009-04-07,12.04,,,,,,,
JD용수2,2009-04-08,11.87,,,,,,,
JD용수2,2009-04-09,11.68,,,,,,,
JD용수2,2009-04-10,11.51,,,,,,,
JD용수2,2009-04-11,11.39,,,,,,,
JD용수2,2009-04-12,11.37,,,,,,,
JD용수2,2009-04-13,11.49,,,,,,,
JD용수2,2009-04-14,12.08,,,,,,,
JD용수2,2009-04-15,12.31,,,,,,,
JD용수2,2009-04-16,12.36,,,,,,,
JD용수2,2009-04-17,12.32,,,,,,,
JD용수2,2009-04-18,12.22,,,,,,,
JD용수2,2009-04-19,12.14,,,,,,,
JD용수2,2009-04-20,12.61,,,,,,,
JD용수2,2009-04-21,14.03,,,,,,,
JD용수2,2009-04-22,14.38,,,,,,,
JD용수2,2009-04-23,14.43,,,,,,,
JD용수2,2009-04-24,14.43,,,,,,,
JD용수2,2009-04-25,15.02,,,,,,,
JD용수2,2009-04-26,15.36,,,,,,,
JD용수2,2009-04-27,15.41,,,,,,,
JD용수2,2009-04-28,15.35,,,,,,,
JD용수2,2009-04-29,15.24,,,,,,,
JD용수2,2009-04-30,15.1,,,,,,,
JD용수2,2009-05-01,14.93,,,,,,,
JD용수2,2009-05-02,14.78,,,,,,,
JD용수2,2009-05-03,14.63,,,,,,,
JD용수2,2009-05-04,14.45,,,,,,,
JD용수2,2009-05-05,14.25,,,,,,,
JD용수2,2009-05-06,14.05,,,,,,,
JD용수2,2009-05-07,13.89,,,,,,,
JD용수2,2009-05-08,13.72,,,,,,,
JD용수2,2009-05-09,13.57,,,,,,,
JD용수2,2009-05-10,13.41,,,,,,,
JD용수2,2009-05-11,13.24,,,,,,,
JD용수2,2009-05-12,13.15,,,,,,,
JD용수2,2009-05-13,13.1,,,,,,,
JD용수2,2009-05-14,12.99,,,,,,,
JD용수2,2009-05-15,12.87,,,,,,,
JD용수2,2009-05-16,12.85,,,,,,,
JD용수2,2009-05-17,12.84,,,,,,,
JD용수2,2009-05-18,12.79,,,,,,,
JD용수2,2009-05-19,12.71,,,,,,,
JD용수2,2009-05-20,12.62,,,,,,,
JD용수2,2009-05-21,13.13,,,,,,,
JD용수2,2009-05-22,13.94,,,,,,,
JD용수2,2009-05-23,14.11,,,,,,,
JD용수2,2009-05-24,14.09,,,,,,,
JD용수2,2009-05-25,13.96,,,,,,,
JD용수2,2009-05-26,13.83,,,,,,,
JD용수2,2009-05-27,13.68,,,,,,,
JD용수2,2009-05-28,13.53,,,,,,,
JD용수2,2009-05-29,13.39,,,,,,,
JD용수2,2009-05-30,13.29,,,,,,,
JD용수2,2009-05-31,13.2,,,,,,,
JD용수2,2009-06-01,13.11,,,,,,,
JD용수2,2009-06-02,13.06,,,,,,,
JD용수2,2009-06-03,13.06,,,,,,,
JD용수2,2009-06-04,13.03,,,,,,,
JD용수2,2009-06-05,12.97,,,,,,,
JD용수2,2009-06-06,12.87,,,,,,,
JD용수2,2009-06-07,12.75,,,,,,,
JD용수2,2009-06-08,12.63,,,,,,,
JD용수2,2009-06-09,12.57,,,,,,,
JD용수2,2009-06-10,13.09,,,,,,,
JD용수2,2009-06-11,13.48,,,,,,,
JD용수2,2009-06-12,13.57,,,,,,,
JD용수2,2009-06-13,13.53,,,,,,,
JD용수2,2009-06-14,13.41,,,,,,,
JD용수2,2009-06-15,13.27,,,,,,,
JD용수2,2009-06-16,13.11,,,,,,,
JD용수2,2009-06-17,12.97,,,,,,,
JD용수2,2009-06-18,12.87,,,,,,,
JD용수2,2009-06-19,12.78,,,,,,,
JD용수2,2009-06-20,12.73,,,,,,,
JD용수2,2009-06-21,12.72,,,,,,,
JD용수2,2009-06-22,12.81,,,,,,,
JD용수2,2009-06-23,13.48,,,,,,,
JD용수2,2009-06-24,13.65,,,,,,,
JD용수2,2009-06-25,13.62,,,,,,,
JD용수2,2009-06-26,13.49,,,,,,,
JD용수2,2009-06-27,13.4,,,,,,,
JD용수2,2009-06-28,13.33,,,,,,,
JD용수2,2009-06-29,13.34,,,,,,,
JD용수2,2009-06-30,14.01,,,,,,,
JD용수2,2009-07-01,15.57,,,,,,,
JD용수2,2009-07-02,16.08,,,,,,,
JD용수2,2009-07-03,16.23,,,,,,,
JD용수2,2009-07-04,16.26,,,,,,,
JD용수2,2009-07-05,16.21,,,,,,,
JD용수2,2009-07-06,16.14,,,,,,,
JD용수2,2009-07-07,16.13,,,,,,,
JD용수2,2009-07-08,16.13,,,,,,,
JD용수2,2009-07-09,16.11,,,,,,,
JD용수2,2009-07-10,16.04,,,,,,,
JD용수2,2009-07-11,15.94,,,,,,,
JD용수2,2009-07-12,15.81,,,,,,,
JD용수2,2009-07-13,15.66,,,,,,,
JD용수2,2009-07-14,15.52,,,,,,,
JD용수2,2009-07-15,15.37,,,,,,,
JD용수2,2009-07-16,15.25,,,,,,,
JD용수2,2009-07-17,15.13,,,,,,,
JD용수2,2009-07-18,14.99,,,,,,,
JD용수2,2009-07-19,14.84,,,,,,,
JD용수2,2009-07-20,14.71,,,,,,,
JD용수2,2009-07-21,14.62,,,,,,,
JD용수2,2009-07-22,14.72,,,,,,,
JD용수2,2009-07-23,14.72,,,,,,,
JD용수2,2009-07-24,15.35,,,,,,,
JD용수2,2009-07-25,16.12,,,,,,,
JD용수2,2009-07-26,16.3,,,,,,,
JD용수2,2009-07-27,16.32,,,,,,,
JD용수2,2009-07-28,16.32,,,,,,,
JD용수2,2009-07-29,16.89,,,,,,,
JD용수2,2009-07-30,17.08,,,,,,,
JD용수2,2009-07-31,17.1,,,,,,,
JD용수2,2009-08-01,17.08,,,,,,,
JD용수2,2009-08-02,17.04,,,,,,,
JD용수2,2009-08-03,16.97,,,,,,,
JD용수2,2009-08-04,16.87,,,,,,,
JD용수2,2009-08-05,16.74,,,,,,,
JD용수2,2009-08-06,16.59,,,,,,,
JD용수2,2009-08-07,16.43,,,,,,,
JD용수2,2009-08-08,16.26,,,,,,,
JD용수2,2009-08-09,16.11,,,,,,,
JD용수2,2009-08-10,15.96,,,,,,,
JD용수2,2009-08-11,15.89,,,,,,,
JD용수2,2009-08-12,15.84,,,,,,,
JD용수2,2009-08-13,15.72,,,,,,,
JD용수2,2009-08-14,15.64,,,,,,,
JD용수2,2009-08-15,15.85,,,,,,,
JD용수2,2009-08-16,15.87,,,,,,,
JD용수2,2009-08-17,15.81,,,,,,,
JD용수2,2009-08-18,15.71,,,,,,,
JD용수2,2009-08-19,15.59,,,,,,,
JD용수2,2009-08-20,15.45,,,,,,,
JD용수2,2009-08-21,15.32,,,,,,,
JD용수2,2009-08-22,15.19,,,,,,,
JD용수2,2009-08-23,15.05,,,,,,,
JD용수2,2009-08-24,14.94,,,,,,,
JD용수2,2009-08-25,14.81,,,,,,,
JD용수2,2009-08-26,14.7,,,,,,,
JD용수2,2009-08-27,14.62,,,,,,,
JD용수2,2009-08-28,14.58,,,,,,,
JD용수2,2009-08-29,14.49,,,,,,,
JD용수2,2009-08-30,14.4,,,,,,,
JD용수2,2009-08-31,14.44,,,,,,,
JD용수2,2009-09-01,14.61,,,,,,,
JD용수2,2009-09-02,14.61,,,,,,,
JD용수2,2009-09-03,14.55,,,,,,,
JD용수2,2009-09-04,14.46,,,,,,,
JD용수2,2009-09-05,14.35,,,,,,,
JD용수2,2009-09-06,14.24,,,,,,,
JD용수2,2009-09-07,14.12,,,,,,,
JD용수2,2009-09-08,14.02,,,,,,,
JD용수2,2009-09-09,13.88,,,,,,,
JD용수2,2009-09-10,13.75,,,,,,,
JD용수2,2009-09-11,13.65,,,,,,,
JD용수2,2009-09-12,13.66,,,,,,,
JD용수2,2009-09-13,13.72,,,,,,,
JD용수2,2009-09-14,13.7,,,,,,,
JD용수2,2009-09-15,13.65,,,,,,,
JD용수2,2009-09-16,13.52,,,,,,,
JD용수2,2009-09-17,13.37,,,,,,,
JD용수2,2009-09-18,13.25,,,,,,,
JD용수2,2009-09-19,13.13,,,,,,,
JD용수2,2009-09-20,13.01,,,,,,,
JD용수2,2009-09-21,12.9,,,,,,,
JD용수2,2009-09-22,12.83,,,,,,,
JD용수2,2009-09-23,12.85,,,,,,,
JD용수2,2009-09-24,13.18,,,,,,,
JD용수2,2009-09-25,13.65,,,,,,,
JD용수2,2009-09-26,14.74,,,,,,,
JD용수2,2009-09-27,15.14,,,,,,,
JD용수2,2009-09-28,15.22,,,,,,,
JD용수2,2009-09-29,15.18,,,,,,,
JD용수2,2009-09-30,15.09,,,,,,,
JD용수2,2009-10-01,15.04,,,,,,,
JD용수2,2009-10-02,16.19,,,,,,,
JD용수2,2009-10-03,16.95,,,,,,,
JD용수2,2009-10-04,17.02,,,,,,,
JD용수2,2009-10-05,16.99,,,,,,,
JD용수2,2009-10-06,16.92,,,,,,,
JD용수2,2009-10-07,16.87,,,,,,,
JD용수2,2009-10-08,16.74,,,,,,,
JD용수2,2009-10-09,16.57,,,,,,,
JD용수2,2009-10-10,16.4,,,,,,,
JD용수2,2009-10-11,16.23,,,,,,,
JD용수2,2009-10-12,16.09,,,,,,,
JD용수2,2009-10-13,15.93,,,,,,,
JD용수2,2009-10-14,15.75,,,,,,,
JD용수2,2009-10-15,15.57,,,,,,,
JD용수2,2009-10-16,15.43,,,,,,,
JD용수2,2009-10-17,15.34,,,,,,,
JD용수2,2009-10-18,15.17,,,,,,,
JD용수2,2009-10-19,14.98,,,,,,,
JD용수2,2009-10-20,14.77,,,,,,,
JD용수2,2009-10-21,14.56,,,,,,,
JD용수2,2009-10-22,14.39,,,,,,,
JD용수2,2009-10-23,14.23,,,,,,,
JD용수2,2009-10-24,14.06,,,,,,,
JD용수2,2009-10-25,13.9,,,,,,,
JD용수2,2009-10-26,13.74,,,,,,,
JD용수2,2009-10-27,13.57,,,,,,,
JD용수2,2009-10-28,13.43,,,,,,,
JD용수2,2009-10-29,13.35,,,,,,,
JD용수2,2009-10-30,13.29,,,,,,,
JD용수2,2009-10-31,13.24,,,,,,,
JD용수2,2009-11-01,13.14,,,,,,,
JD용수2,2009-11-02,12.99,,,,,,,
JD용수2,2009-11-03,12.87,,,,,,,
JD용수2,2009-11-04,12.74,,,,,,,
JD용수2,2009-11-05,12.63,,,,,,,
JD용수2,2009-11-06,12.55,,,,,,,
JD용수2,2009-11-07,12.53,,,,,,,
JD용수2,2009-11-08,12.65,,,,,,,
JD용수2,2009-11-09,13.78,,,,,,,
JD용수2,2009-11-10,14.43,,,,,,,
JD용수2,2009-11-11,14.97,,,,,,,
JD용수2,2009-11-12,15.14,,,,,,,
JD용수2,2009-11-13,15.23,,,,,,,
JD용수2,2009-11-14,15.26,,,,,,,
JD용수2,2009-11-15,15.19,,,,,,,
JD용수2,2009-11-16,15.07,,,,,,,
JD용수2,2009-11-17,15.0,,,,,,,
JD용수2,2009-11-18,14.93,,,,,,,
JD용수2,2009-11-19,14.85,,,,,,,
JD용수2,2009-11-20,14.77,,,,,,,
JD용수2,2009-11-21,14.68,,,,,,,
JD용수2,2009-11-22,14.59,,,,,,,
JD용수2,2009-11-23,14.47,,,,,,,
JD용수2,2009-11-24,14.38,,,,,,,
JD용수2,2009-11-25,14.27,,,,,,,
JD용수2,2009-11-26,14.14,,,,,,,
JD용수2,2009-11-27,14.01,,,,,,,
JD용수2,2009-11-28,13.88,,,,,,,
JD용수2,2009-11-29,13.78,,,,,,,
JD용수2,2009-11-30,13.66,,,,,,,
JD용수2,2009-12-01,13.52,,,,,,,
JD용수2,2009-12-02,13.4,,,,,,,
JD용수2,2009-12-03,13.3,,,,,,,
JD용수2,2009-12-04,13.2,,,,,,,
JD용수2,2009-12-05,13.12,,,,,,,
JD용수2,2009-12-06,13.0,,,,,,,
JD용수2,2009-12-07,12.89,,,,,,,
JD용수2,2009-12-08,12.81,,,,,,,
JD용수2,2009-12-09,12.77,,,,,,,
JD용수2,2009-12-10,12.74,,,,,,,
JD용수2,2009-12-11,12.68,,,,,,,
JD용수2,2009-12-12,12.61,,,,,,,
JD용수2,2009-12-13,12.54,,,,,,,
JD용수2,2009-12-14,12.42,,,,,,,
JD용수2,2009-12-15,12.32,,,,,,,
JD용수2,2009-12-16,12.22,,,,,,,
JD용수2,2009-12-17,12.14,,,,,,,
JD용수2,2009-12-18,12.04,,,,,,,
JD용수2,2009-12-19,11.94,,,,,,,
JD용수2,2009-12-20,11.88,,,,,,,
JD용수2,2009-12-21,11.78,,,,,,,
JD용수2,2009-12-22,11.72,,,,,,,
JD용수2,2009-12-23,11.66,,,,,,,
JD용수2,2009-12-24,11.62,,,,,,,
JD용수2,2009-12-25,11.59,,,,,,,
JD용수2,2009-12-26,11.53,,,,,,,
JD용수2,2009-12-27,11.48,,,,,,,
JD용수2,2009-12-28,11.41,,,,,,,
JD용수2,2009-12-29,11.37,,,,,,,
JD용수2,2009-12-30,11.33,,,,,,,
JD용수2,2009-12-31,11.26,,,,,,,
JD용수2,2010-01-01,11.21,,,,,,,
JD용수2,2010-01-02,11.17,,,,,,,
JD용수2,2010-01-03,11.07,,,,,,,
JD용수2,2010-01-04,11.06,,,,,,,
JD용수2,2010-01-05,10.99,,,,,,,
JD용수2,2010-01-06,10.94,,,,,,,
JD용수2,2010-01-07,10.9,,,,,,,
JD용수2,2010-01-08,10.87,,,,,,,
JD용수2,2010-01-09,10.8,,,,,,,
JD용수2,2010-01-10,10.74,,,,,,,
JD용수2,2010-01-11,10.7,,,,,,,
JD용수2,2010-01-12,10.68,,,,,,,
JD용수2,2010-01-13,10.65,,,,,,,
JD용수2,2010-01-14,10.64,,,,,,,
JD용수2,2010-01-15,10.64,,,,,,,
JD용수2,2010-01-16,10.59,,,,,,,
JD용수2,2010-01-17,10.56,,,,,,,
JD용수2,2010-01-18,10.53,,,,,,,
JD용수2,2010-01-19,10.49,,,,,,,
JD용수2,2010-01-20,10.52,,,,,,,
JD용수2,2010-01-21,10.49,,,,,,,
JD용수2,2010-01-22,10.44,,,,,,,
JD용수2,2010-01-23,10.41,,,,,,,
JD용수2,2010-01-24,10.38,,,,,,,
JD용수2,2010-01-25,10.34,,,,,,,
JD용수2,2010-01-26,10.29,,,,,,,
JD용수2,2010-01-27,10.34,,,,,,,
JD용수2,2010-01-28,10.5,,,,,,,
JD용수2,2010-01-29,10.55,,,,,,,
JD용수2,2010-01-30,10.51,,,,,,,
JD용수2,2010-01-31,10.54,,,,,,,
JD용수2,2010-02-01,10.73,,,,,,,
JD용수2,2010-02-02,11.06,,,,,,,
JD용수2,2010-02-03,11.13,,,,,,,
JD용수2,2010-02-04,11.08,,,,,,,
JD용수2,2010-02-05,10.96,,,,,,,
JD용수2,2010-02-06,10.78,,,,,,,
JD용수2,2010-02-07,10.64,,,,,,,
JD용수2,2010-02-08,10.58,,,,,,,
JD용수2,2010-02-09,10.59,,,,,,,
JD용수2,2010-02-10,10.65,,,,,,,
JD용수2,2010-02-11,10.96,,,,,,,
JD용수2,2010-02-12,11.51,,,,,,,
JD용수2,2010-02-13,11.71,,,,,,,
JD용수2,2010-02-14,11.78,,,,,,,
JD용수2,2010-02-15,11.79,,,,,,,
JD용수2,2010-02-16,11.72,,,,,,,
JD용수2,2010-02-17,11.64,,,,,,,
JD용수2,2010-02-18,11.54,,,,,,,
JD용수2,2010-02-19,11.41,,,,,,,
JD용수2,2010-02-20,11.25,,,,,,,
JD용수2,2010-02-21,11.1,,,,,,,
JD용수2,2010-02-22,10.96,,,,,,,
JD용수2,2010-02-23,10.88,,,,,,,
JD용수2,2010-02-26,11.09,,,,,,,
JD용수2,2010-03-02,12.42,,,,,,,
JD용수2,2010-03-03,12.49,,,,,,,
JD용수2,2010-03-04,12.62,,,,,,,
JD용수2,2010-03-05,12.65,,,,,,,
JD용수2,2010-03-06,12.86,,,,,,,
JD용수2,2010-03-07,13.3,,,,,,,
JD용수2,2010-03-08,13.47,,,,,,,
JD용수2,2010-03-09,13.5,,,,,,,
JD용수2,2010-03-10,13.44,,,,,,,
JD용수2,2010-03-11,13.34,,,,,,,
JD용수2,2010-03-12,13.28,,,,,,,
JD용수2,2010-03-13,13.15,,,,,,,
JD용수2,2010-03-14,13.04,,,,,,,
JD용수2,2010-03-15,13.35,,,,,,,
JD용수2,2010-03-16,13.75,,,,,,,
JD용수2,2010-03-17,13.79,,,,,,,
JD용수2,2010-03-18,13.76,,,,,,,
JD용수2,2010-03-19,13.72,,,,,,,
JD용수2,2010-03-20,13.73,,,,,,,
JD용수2,2010-03-21,13.59,,,,,,,
JD용수2,2010-03-22,13.46,,,,,,,
JD용수2,2010-03-23,13.4,,,,,,,
JD용수2,2010-03-24,13.68,,,,,,,
JD용수2,2010-03-25,13.9,,,,,,,
JD용수2,2010-03-26,13.85,,,,,,,
JD용수2,2010-03-27,13.76,,,,,,,
JD용수2,2010-03-28,13.64,,,,,,,
JD용수2,2010-03-29,13.47,,,,,,,
JD용수2,2010-03-30,13.33,,,,,,,
JD용수2,2010-03-31,13.48,,,,,,,
JD용수2,2010-04-01,14.51,,,,,,,
JD용수2,2010-04-02,15.72,,,,,,,
JD용수2,2010-04-03,16.03,,,,,,,
JD용수2,2010-04-04,16.16,,,,,,,
JD용수2,2010-04-05,16.23,,,,,,,
JD용수2,2010-04-06,16.21,,,,,,,
JD용수2,2010-04-07,16.13,,,,,,,
JD용수2,2010-04-08,16.05,,,,,,,
JD용수2,2010-04-09,15.98,,,,,,,
JD용수2,2010-04-10,15.9,,,,,,,
JD용수2,2010-04-11,15.79,,,,,,,
JD용수2,2010-04-12,15.85,,,,,,,
JD용수2,2010-04-13,15.85,,,,,,,
JD용수2,2010-04-14,15.74,,,,,,,
JD용수2,2010-04-15,15.63,,,,,,,
JD용수2,2010-04-16,15.5,,,,,,,
JD용수2,2010-04-17,15.32,,,,,,,
JD용수2,2010-04-18,15.15,,,,,,,
JD용수2,2010-04-19,15.15,,,,,,,
JD용수2,2010-04-20,15.99,,,,,,,
JD용수2,2010-04-21,16.24,,,,,,,
JD용수2,2010-04-22,16.42,,,,,,,
JD용수2,2010-04-23,16.51,,,,,,,
JD용수2,2010-04-24,16.46,,,,,,,
JD용수2,2010-04-25,16.38,,,,,,,
JD용수2,2010-04-26,16.33,,,,,,,
JD용수2,2010-04-27,16.41,,,,,,,
JD용수2,2010-04-28,16.43,,,,,,,
JD용수2,2010-04-29,16.4,,,,,,,
JD용수2,2010-04-30,16.34,,,,,,,
JD용수2,2010-05-01,16.27,,,,,,,
JD용수2,2010-05-02,16.19,,,,,,,
JD용수2,2010-05-03,16.1,,,,,,,
JD용수2,2010-05-04,16.0,,,,,,,
JD용수2,2010-05-05,15.93,,,,,,,
JD용수2,2010-05-06,15.85,,,,,,,
JD용수2,2010-05-07,15.74,,,,,,,
JD용수2,2010-05-08,15.63,,,,,,,
JD용수2,2010-05-09,15.52,,,,,,,
JD용수2,2010-05-10,15.41,,,,,,,
JD용수2,2010-05-11,15.26,,,,,,,
JD용수2,2010-05-12,15.09,,,,,,,
JD용수2,2010-05-13,14.95,,,,,,,
JD용수2,2010-05-14,14.78,,,,,,,
JD용수2,2010-05-15,14.64,,,,,,,
JD용수2,2010-05-16,14.49,,,,,,,
JD용수2,2010-05-17,14.38,,,,,,,
JD용수2,2010-05-18,14.44,,,,,,,
JD용수2,2010-05-19,14.65,,,,,,,
JD용수2,2010-05-20,14.7,,,,,,,
JD용수2,2010-05-21,14.66,,,,,,,
JD용수2,2010-05-22,14.67,,,,,,,
JD용수2,2010-05-23,14.86,,,,,,,
JD용수2,2010-05-24,15.19,,,,,,,
JD용수2,2010-05-25,15.25,,,,,,,
JD용수2,2010-05-26,15.17,,,,,,,
JD용수2,2010-05-27,15.02,,,,,,,
JD용수2,2010-05-28,14.89,,,,,,,
JD용수2,2010-05-29,14.8,,,,,,,
JD용수2,2010-05-30,14.7,,,,,,,
JD용수2,2010-05-31,14.57,,,,,,,
JD용수2,2010-06-01,14.44,,,,,,,
JD용수2,2010-06-02,14.31,,,,,,,
JD용수2,2010-06-03,14.17,,,,,,,
JD용수2,2010-06-04,14.06,,,,,,,
JD용수2,2010-06-05,13.97,,,,,,,
JD용수2,2010-06-06,13.88,,,,,,,
JD용수2,2010-06-07,13.78,,,,,,,
JD용수2,2010-06-08,13.68,,,,,,,
JD용수2,2010-06-09,13.6,,,,,,,
JD용수2,2010-06-10,13.52,,,,,,,
JD용수2,2010-06-11,13.47,,,,,,,
JD용수2,2010-06-12,13.75,,,,,,,
JD용수2,2010-06-13,14.31,,,,,,,
JD용수2,2010-06-14,14.4,,,,,,,
JD용수2,2010-06-15,14.4,,,,,,,
JD용수2,2010-06-16,14.32,,,,,,,
JD용수2,2010-06-17,14.25,,,,,,,
JD용수2,2010-06-18,14.22,,,,,,,
JD용수2,2010-06-19,14.14,,,,,,,
JD용수2,2010-06-20,14.06,,,,,,,
JD용수2,2010-06-21,13.94,,,,,,,
JD용수2,2010-06-22,13.81,,,,,,,
JD용수2,2010-06-23,13.69,,,,,,,
JD용수2,2010-06-24,13.57,,,,,,,
JD용수2,2010-06-25,13.49,,,,,,,
JD용수2,2010-06-26,13.92,,,,,,,
JD용수2,2010-06-27,14.7,,,,,,,
JD용수2,2010-06-28,15.58,,,,,,,
JD용수2,2010-06-29,16.74,,,,,,,
JD용수2,2010-06-30,17.99,,,,,,,
JD용수2,2010-07-01,18.4,,,,,,,
JD용수2,2010-07-02,18.59,,,,,,,
JD용수2,2010-07-03,18.65,,,,,,,
JD용수2,2010-07-04,18.62,,,,,,,
JD용수2,2010-07-05,18.52,,,,,,,
JD용수2,2010-07-06,18.38,,,,,,,
JD용수2,2010-07-07,18.2,,,,,,,
JD용수2,2010-07-08,18.02,,,,,,,
JD용수2,2010-07-09,17.88,,,,,,,
JD용수2,2010-07-10,17.75,,,,,,,
JD용수2,2010-07-11,17.75,,,,,,,
JD용수2,2010-07-12,17.67,,,,,,,
JD용수2,2010-07-13,17.99,,,,,,,
JD용수2,2010-07-14,19.21,,,,,,,
JD용수2,2010-07-15,19.61,,,,,,,
JD용수2,2010-07-16,19.64,,,,,,,
JD용수2,2010-07-17,19.54,,,,,,,
JD용수2,2010-07-18,19.42,,,,,,,
JD용수2,2010-07-19,19.27,,,,,,,
JD용수2,2010-07-20,19.12,,,,,,,
JD용수2,2010-07-21,18.94,,,,,,,
JD용수2,2010-07-22,18.76,,,,,,,
JD용수2,2010-07-23,18.57,,,,,,,
JD용수2,2010-07-24,18.4,,,,,,,
JD용수2,2010-07-25,18.39,,,,,,,
JD용수2,2010-07-26,18.32,,,,,,,
JD용수2,2010-07-27,18.25,,,,,,,
JD용수2,2010-07-28,18.6,,,,,,,
JD용수2,2010-07-29,18.83,,,,,,,
JD용수2,2010-07-30,18.84,,,,,,,
JD용수2,2010-07-31,18.76,,,,,,,
JD용수2,2010-08-01,18.66,,,,,,,
JD용수2,2010-08-02,18.55,,,,,,,
JD용수2,2010-08-03,18.43,,,,,,,
JD용수2,2010-08-04,18.29,,,,,,,
JD용수2,2010-08-05,18.14,,,,,,,
JD용수2,2010-08-06,18.02,,,,,,,
JD용수2,2010-08-07,17.92,,,,,,,
JD용수2,2010-08-08,17.82,,,,,,,
JD용수2,2010-08-09,17.73,,,,,,,
JD용수2,2010-08-10,17.74,,,,,,,
JD용수2,2010-08-11,18.27,,,,,,,
JD용수2,2010-08-12,18.47,,,,,,,
JD용수2,2010-08-13,18.49,,,,,,,
JD용수2,2010-08-14,18.43,,,,,,,
JD용수2,2010-08-15,18.35,,,,,,,
JD용수2,2010-08-16,18.25,,,,,,,
JD용수2,2010-08-17,18.14,,,,,,,
JD용수2,2010-08-18,18.0,,,,,,,
JD용수2,2010-08-19,17.87,,,,,,,
JD용수2,2010-08-20,17.76,,,,,,,
JD용수2,2010-08-21,17.67,,,,,,,
JD용수2,2010-08-22,17.57,,,,,,,
JD용수2,2010-08-23,17.47,,,,,,,
JD용수2,2010-08-24,17.36,,,,,,,
JD용수2,2010-08-25,17.28,,,,,,,
JD용수2,2010-08-26,17.37,,,,,,,
JD용수2,2010-08-27,17.57,,,,,,,
JD용수2,2010-08-28,18.52,,,,,,,
JD용수2,2010-08-29,19.42,,,,,,,
JD용수2,2010-08-30,19.9,,,,,,,
JD용수2,2010-08-31,20.4,,,,,,,
JD용수2,2010-09-01,20.72,,,,,,,
JD용수2,2010-09-02,21.17,,,,,,,
JD용수2,2010-09-03,21.52,,,,,,,
JD용수2,2010-09-04,21.54,,,,,,,
JD용수2,2010-09-05,21.45,,,,,,,
JD용수2,2010-09-06,21.35,,,,,,,
JD용수2,2010-09-07,21.15,,,,,,,
JD용수2,2010-09-08,20.91,,,,,,,
JD용수2,2010-09-09,20.7,,,,,,,
JD용수2,2010-09-10,20.51,,,,,,,
JD용수2,2010-09-11,20.34,,,,,,,
JD용수2,2010-09-12,20.17,,,,,,,
JD용수2,2010-09-13,20.01,,,,,,,
JD용수2,2010-09-14,19.85,,,,,,,
JD용수2,2010-09-15,19.73,,,,,,,
JD용수2,2010-09-16,19.62,,,,,,,
JD용수2,2010-09-17,19.49,,,,,,,
JD용수2,2010-09-18,19.36,,,,,,,
JD용수2,2010-09-19,19.25,,,,,,,
JD용수2,2010-09-20,19.14,,,,,,,
JD용수2,2010-09-21,19.02,,,,,,,
JD용수2,2010-09-22,18.97,,,,,,,
JD용수2,2010-09-23,18.87,,,,,,,
JD용수2,2010-09-24,18.75,,,,,,,
JD용수2,2010-09-25,18.63,,,,,,,
JD용수2,2010-09-26,18.53,,,,,,,
JD용수2,2010-09-27,18.51,,,,,,,
JD용수2,2010-09-28,18.45,,,,,,,
JD용수2,2010-09-29,18.38,,,,,,,
JD용수2,2010-09-30,18.3,,,,,,,
JD용수2,2010-10-01,18.22,,,,,,,
JD용수2,2010-10-02,18.17,,,,,,,
JD용수2,2010-10-03,18.18,,,,,,,
JD용수2,2010-10-04,18.17,,,,,,,
JD용수2,2010-10-05,18.13,,,,,,,
JD용수2,2010-10-06,18.06,,,,,,,
JD용수2,2010-10-07,17.99,,,,,,,
JD용수2,2010-10-08,17.99,,,,,,,
JD용수2,2010-10-09,18.01,,,,,,,
JD용수2,2010-10-10,17.96,,,,,,,
JD용수2,2010-10-11,17.89,,,,,,,
JD용수2,2010-10-12,17.83,,,,,,,
JD용수2,2010-10-13,17.77,,,,,,,
JD용수2,2010-10-14,17.7,,,,,,,
JD용수2,2010-10-15,17.59,,,,,,,
JD용수2,2010-10-16,17.48,,,,,,,
JD용수2,2010-10-17,17.38,,,,,,,
JD용수2,2010-10-18,17.3,,,,,,,
JD용수2,2010-10-19,17.22,,,,,,,
JD용수2,2010-10-20,17.14,,,,,,,
JD용수2,2010-10-21,17.09,,,,,,,
JD용수2,2010-10-22,17.01,,,,,,,
JD용수2,2010-10-23,16.98,,,,,,,
JD용수2,2010-10-24,17.25,,,,,,,
JD용수2,2010-10-25,17.43,,,,,,,
JD용수2,2010-10-26,17.39,,,,,,,
JD용수2,2010-10-27,17.34,,,,,,,
JD용수2,2010-10-28,17.31,,,,,,,
JD용수2,2010-10-29,17.21,,,,,,,
JD용수2,2010-10-30,17.1,,,,,,,
JD용수2,2010-10-31,17.02,,,,,,,
JD용수2,2010-11-01,16.95,,,,,,,
JD용수2,2010-11-02,16.83,,,,,,,
JD용수2,2010-11-03,16.73,,,,,,,
JD용수2,2010-11-04,16.63,,,,,,,
JD용수2,2010-11-05,16.56,,,,,,,
JD용수2,2010-11-06,16.49,,,,,,,
JD용수2,2010-11-07,16.43,,,,,,,
JD용수2,2010-11-08,16.36,,,,,,,
JD용수2,2010-11-09,16.25,,,,,,,
JD용수2,2010-11-10,16.18,,,,,,,
JD용수2,2010-11-11,16.09,,,,,,,
JD용수2,2010-11-12,15.99,,,,,,,
JD용수2,2010-11-13,15.87,,,,,,,
JD용수2,2010-11-14,15.76,,,,,,,
JD용수2,2010-11-15,15.68,,,,,,,
JD용수2,2010-11-16,15.61,,,,,,,
JD용수2,2010-11-17,15.53,,,,,,,
JD용수2,2010-11-18,15.43,,,,,,,
JD용수2,2010-11-19,15.35,,,,,,,
JD용수2,2010-11-20,15.27,,,,,,,
JD용수2,2010-11-21,15.22,,,,,,,
JD용수2,2010-11-22,15.19,,,,,,,
JD용수2,2010-11-23,15.09,,,,,,,
JD용수2,2010-11-24,15.01,,,,,,,
JD용수2,2010-11-25,14.91,,,,,,,
JD용수2,2010-11-26,14.84,,,,,,,
JD용수2,2010-11-27,14.78,,,,,,,
JD용수2,2010-11-28,14.66,,,,,,,
JD용수2,2010-11-29,14.59,,,,,,,
JD용수2,2010-11-30,14.51,,,,,,,
JD용수2,2010-12-01,14.4,,,,,,,
JD용수2,2010-12-02,14.38,,,,,,,
JD용수2,2010-12-03,14.34,,,,,,,
JD용수2,2010-12-04,14.3,,,,,,,
JD용수2,2010-12-05,14.28,,,,,,,
JD용수2,2010-12-06,14.24,,,,,,,
JD용수2,2010-12-07,14.2,,,,,,,
JD용수2,2010-12-08,14.18,,,,,,,
JD용수2,2010-12-09,14.09,,,,,,,
JD용수2,2010-12-10,14.03,,,,,,,
JD용수2,2010-12-11,13.91,,,,,,,
JD용수2,2010-12-12,13.85,,,,,,,
JD용수2,2010-12-13,13.99,,,,,,,
JD용수2,2010-12-14,14.1,,,,,,,
JD용수2,2010-12-15,14.09,,,,,,,
JD용수2,2010-12-16,14.06,,,,,,,
JD용수2,2010-12-17,14.01,,,,,,,
JD용수2,2010-12-18,13.92,,,,,,,
JD용수2,2010-12-19,13.87,,,,,,,
JD용수2,2010-12-20,13.83,,,,,,,
JD용수2,2010-12-21,13.81,,,,,,,
JD용수2,2010-12-22,13.74,,,,,,,
JD용수2,2010-12-23,13.64,,,,,,,
JD용수2,2010-12-24,13.54,,,,,,,
JD용수2,2010-12-25,13.49,,,,,,,
JD용수2,2010-12-26,13.46,,,,,,,
JD용수2,2010-12-27,13.41,,,,,,,
JD용수2,2010-12-28,13.37,,,,,,,
JD용수2,2010-12-29,13.27,,,,,,,
JD용수2,2010-12-30,13.24,,,,,,,
JD용수2,2010-12-31,13.19,,,,,,,
JD용수2,2011-01-01,13.1,,,,,,,
JD용수2,2011-01-02,13.03,,,,,,,
JD용수2,2011-01-03,13.02,,,,,,,
JD용수2,2011-01-04,12.97,,,,,,,
JD용수2,2011-01-05,12.93,,,,,,,
JD용수2,2011-01-06,12.86,,,,,,,
JD용수2,2011-01-07,12.79,,,,,,,
JD용수2,2011-01-08,12.74,,,,,,,
JD용수2,2011-01-09,12.68,,,,,,,
JD용수2,2011-01-10,12.6,,,,,,,
JD용수2,2011-01-11,12.57,,,,,,,
JD용수2,2011-01-12,12.51,,,,,,,
JD용수2,2011-01-13,12.42,,,,,,,
JD용수2,2011-01-14,12.35,,,,,,,
JD용수2,2011-01-15,12.28,,,,,,,
JD용수2,2011-01-16,12.2,,,,,,,
JD용수2,2011-01-17,12.1,,,,,,,
JD용수2,2011-01-18,12.05,,,,,,,
JD용수2,2011-01-19,12.0,,,,,,,
JD용수2,2011-01-20,11.95,,,,,,,
JD용수2,2011-01-21,11.89,,,,,,,
JD용수2,2011-01-22,11.81,,,,,,,
JD용수2,2011-01-23,11.74,,,,,,,
JD용수2,2011-01-24,11.67,,,,,,,
JD용수2,2011-01-25,11.58,,,,,,,
JD용수2,2011-01-26,11.49,,,,,,,
JD용수2,2011-01-27,11.42,,,,,,,
JD용수2,2011-01-28,11.4,,,,,,,
JD용수2,2011-01-29,11.38,,,,,,,
JD용수2,2011-01-30,11.35,,,,,,,
JD용수2,2011-01-31,11.33,,,,,,,
JD용수2,2011-02-01,11.29,,,,,,,
JD용수2,2011-02-02,11.2,,,,,,,
JD용수2,2011-02-03,11.17,,,,,,,
JD용수2,2011-02-04,11.17,,,,,,,
JD용수2,2011-02-05,11.11,,,,,,,
JD용수2,2011-02-06,11.08,,,,,,,
JD용수2,2011-02-07,11.04,,,,,,,
JD용수2,2011-02-08,11.13,,,,,,,
JD용수2,2011-02-09,11.26,,,,,,,
JD용수2,2011-02-10,11.3,,,,,,,
JD용수2,2011-02-11,11.29,,,,,,,
JD용수2,2011-02-12,11.22,,,,,,,
JD용수2,2011-02-13,11.12,,,,,,,
JD용수2,2011-02-14,11.05,,,,,,,
JD용수2,2011-02-15,10.97,,,,,,,
JD용수2,2011-02-16,10.96,,,,,,,
JD용수2,2011-02-17,11.28,,,,,,,
JD용수2,2011-02-18,11.48,,,,,,,
JD용수2,2011-02-19,11.49,,,,,,,
JD용수2,2011-02-20,11.42,,,,,,,
JD용수2,2011-02-21,11.28,,,,,,,
JD용수2,2011-02-22,11.16,,,,,,,
JD용수2,2011-02-23,11.07,,,,,,,
JD용수2,2011-02-24,11.01,,,,,,,
JD용수2,2011-02-25,10.91,,,,,,,
JD용수2,2011-02-26,10.84,,,,,,,
JD용수2,2011-02-27,10.85,,,,,,,
JD용수2,2011-02-28,10.92,,,,,,,
JD용수2,2011-03-01,11.06,,,,,,,
JD용수2,2011-03-02,11.22,,,,,,,
JD용수2,2011-03-03,11.21,,,,,,,
JD용수2,2011-03-04,11.12,,,,,,,
JD용수2,2011-03-05,10.99,,,,,,,
JD용수2,2011-03-06,10.91,,,,,,,
JD용수2,2011-03-07,10.86,,,,,,,
JD용수2,2011-03-08,10.76,,,,,,,
JD용수2,2011-03-09,10.63,,,,,,,
JD용수2,2011-03-10,10.56,,,,,,,
JD용수2,2011-03-11,10.49,,,,,,,
JD용수2,2011-03-12,10.45,,,,,,,
JD용수2,2011-03-13,10.41,,,,,,,
JD용수2,2011-03-14,10.37,,,,,,,
JD용수2,2011-03-15,10.32,,,,,,,
JD용수2,2011-03-16,10.24,,,,,,,
JD용수2,2011-03-17,10.16,,,,,,,
JD용수2,2011-03-18,10.14,,,,,,,
JD용수2,2011-03-19,10.15,,,,,,,
JD용수2,2011-03-20,10.25,,,,,,,
JD용수2,2011-03-21,10.48,,,,,,,
JD용수2,2011-03-22,10.77,,,,,,,
JD용수2,2011-03-23,10.85,,,,,,,
JD용수2,2011-03-24,10.81,,,,,,,
JD용수2,2011-03-25,10.68,,,,,,,
JD용수2,2011-03-26,10.52,,,,,,,
JD용수2,2011-03-27,10.39,,,,,,,
JD용수2,2011-03-28,10.29,,,,,,,
JD용수2,2011-03-29,10.19,,,,,,,
JD용수2,2011-03-30,10.11,,,,,,,
JD용수2,2011-03-31,10.06,,,,,,,
JD용수2,2011-04-01,10.01,,,,,,,
JD용수2,2011-04-02,9.96,,,,,,,
JD용수2,2011-04-03,10.0,,,,,,,
JD용수2,2011-04-04,10.05,,,,,,,
JD용수2,2011-04-05,10.01,,,,,,,
JD용수2,2011-04-06,9.99,,,,,,,
JD용수2,2011-04-07,10.13,,,,,,,
JD용수2,2011-04-08,11.63,,,,,,,
JD용수2,2011-04-09,12.23,,,,,,,
JD용수2,2011-04-10,12.43,,,,,,,
JD용수2,2011-04-11,12.47,,,,,,,
JD용수2,2011-04-12,12.4,,,,,,,
JD용수2,2011-04-13,12.33,,,,,,,
JD용수2,2011-04-14,12.28,,,,,,,
JD용수2,2011-04-15,12.25,,,,,,,
JD용수2,2011-04-16,12.15,,,,,,,
JD용수2,2011-04-17,12.05,,,,,,,
JD용수2,2011-04-18,11.96,,,,,,,
JD용수2,2011-04-19,11.81,,,,,,,
JD용수2,2011-04-20,11.63,,,,,,,
JD용수2,2011-04-21,11.47,,,,,,,
JD용수2,2011-04-22,11.4,,,,,,,
JD용수2,2011-04-25,11.36,,,,,,,
JD용수2,2011-04-26,11.36,,,,,,,
JD용수2,2011-04-27,11.36,,,,,,,
JD용수2,2011-04-28,11.26,,,,,,,
JD용수2,2011-04-29,11.13,,,,,,,
JD용수2,2011-04-30,11.04,,,,,,,
JD용수2,2011-05-01,11.19,,,,,,,
JD용수2,2011-05-02,11.18,,,,,,,
JD용수2,2011-05-03,11.1,,,,,,,
JD용수2,2011-05-04,10.98,,,,,,,
JD용수2,2011-05-05,10.83,,,,,,,
JD용수2,2011-05-06,10.73,,,,,,,
JD용수2,2011-05-07,10.68,,,,,,,
JD용수2,2011-05-08,10.6,,,,,,,
JD용수2,2011-05-09,10.51,,,,,,,
JD용수2,2011-05-10,10.49,,,,,,,
JD용수2,2011-05-11,10.82,,,,,,,
JD용수2,2011-05-12,11.61,,,,,,,
JD용수2,2011-05-13,11.74,,,,,,,
JD용수2,2011-05-14,11.7,,,,,,,
JD용수2,2011-05-15,11.62,,,,,,,
JD용수2,2011-05-16,11.52,,,,,,,
JD용수2,2011-05-17,11.39,,,,,,,
JD용수2,2011-05-18,11.22,,,,,,,
JD용수2,2011-05-19,11.03,,,,,,,
JD용수2,2011-05-20,10.84,,,,,,,
JD용수2,2011-05-21,10.65,,,,,,,
JD용수2,2011-05-22,10.52,,,,,,,
JD용수2,2011-05-23,10.47,,,,,,,
JD용수2,2011-05-24,10.45,,,,,,,
JD용수2,2011-05-25,10.38,,,,,,,
JD용수2,2011-05-26,10.35,,,,,,,
JD용수2,2011-05-27,10.29,,,,,,,
JD용수2,2011-05-28,10.22,,,,,,,
JD용수2,2011-05-29,10.15,,,,,,,
JD용수2,2011-05-30,10.07,,,,,,,
JD용수2,2011-05-31,10.05,,,,,,,
JD용수2,2011-06-01,10.02,,,,,,,
JD용수2,2011-06-02,9.96,,,,,,,
JD용수2,2011-06-03,9.94,,,,,,,
JD용수2,2011-06-04,9.95,,,,,,,
JD용수2,2011-06-05,9.93,,,,,,,
JD용수2,2011-06-06,9.91,,,,,,,
JD용수2,2011-06-07,9.92,,,,,,,
JD용수2,2011-06-08,9.95,,,,,,,
JD용수2,2011-06-09,9.95,,,,,,,
JD용수2,2011-06-10,10.01,,,,,,,
JD용수2,2011-06-11,11.65,,,,,,,
JD용수2,2011-06-12,12.39,,,,,,,
JD용수2,2011-06-13,12.56,,,,,,,
JD용수2,2011-06-14,12.56,,,,,,,
JD용수2,2011-06-15,12.51,,,,,,,
JD용수2,2011-06-16,13.14,,,,,,,
JD용수2,2011-06-17,13.88,,,,,,,
JD용수2,2011-06-18,14.07,,,,,,,
JD용수2,2011-06-19,14.13,,,,,,,
JD용수2,2011-06-20,14.18,,,,,,,
JD용수2,2011-06-21,14.15,,,,,,,
JD용수2,2011-06-22,15.07,,,,,,,
JD용수2,2011-06-23,15.83,,,,,,,
JD용수2,2011-06-24,16.01,,,,,,,
JD용수2,2011-06-25,16.11,,,,,,,
JD용수2,2011-06-26,16.46,,,,,,,
JD용수2,2011-06-27,16.66,,,,,,,
JD용수2,2011-06-28,16.68,,,,,,,
JD용수2,2011-06-29,16.68,,,,,,,
JD용수2,2011-06-30,16.72,,,,,,,
JD용수2,2011-07-01,17.06,,,,,,,
JD용수2,2011-07-02,17.17,,,,,,,
JD용수2,2011-07-03,17.17,,,,,,,
JD용수2,2011-07-04,17.1,,,,,,,
JD용수2,2011-07-05,17.02,,,,,,,
JD용수2,2011-07-06,17.08,,,,,,,
JD용수2,2011-07-07,17.37,,,,,,,
JD용수2,2011-07-08,17.37,,,,,,,
JD용수2,2011-07-09,17.3,,,,,,,
JD용수2,2011-07-10,17.2,,,,,,,
JD용수2,2011-07-11,17.11,,,,,,,
JD용수2,2011-07-12,17.03,,,,,,,
JD용수2,2011-07-13,16.94,,,,,,,
JD용수2,2011-07-14,16.84,,,,,,,
JD용수2,2011-07-15,16.73,,,,,,,
JD용수2,2011-07-16,16.62,,,,,,,
JD용수2,2011-07-17,16.51,,,,,,,
JD용수2,2011-07-18,16.42,,,,,,,
JD용수2,2011-07-19,16.35,,,,,,,
JD용수2,2011-07-20,16.21,,,,,,,
JD용수2,2011-07-21,16.07,,,,,,,
JD용수2,2011-07-22,15.94,,,,,,,
JD용수2,2011-07-23,15.83,,,,,,,
JD용수2,2011-07-24,15.73,,,,,,,
JD용수2,2011-07-25,15.62,,,,,,,
JD용수2,2011-07-26,15.51,,,,,,,
JD용수2,2011-07-27,15.39,,,,,,,
JD용수2,2011-07-28,15.26,,,,,,,
JD용수2,2011-07-29,15.1,,,,,,,
JD용수2,2011-07-30,14.98,,,,,,,
JD용수2,2011-07-31,14.87,,,,,,,
JD용수2,2011-08-01,14.86,,,,,,,
JD용수2,2011-08-02,14.86,,,,,,,
JD용수2,2011-08-03,14.8,,,,,,,
JD용수2,2011-08-04,14.72,,,,,,,
JD용수2,2011-08-05,14.64,,,,,,,
JD용수2,2011-08-06,14.59,,,,,,,
JD용수2,2011-08-07,15.18,,,,,,,
JD용수2,2011-08-08,16.53,,,,,,,
JD용수2,2011-08-09,16.76,,,,,,,
JD용수2,2011-08-10,16.81,,,,,,,
JD용수2,2011-08-11,16.83,,,,,,,
JD용수2,2011-08-12,16.82,,,,,,,
JD용수2,2011-08-13,16.79,,,,,,,
JD용수2,2011-08-14,16.75,,,,,,,
JD용수2,2011-08-15,16.7,,,,,,,
JD용수2,2011-08-16,16.63,,,,,,,
JD용수2,2011-08-17,16.56,,,,,,,
JD용수2,2011-08-18,16.45,,,,,,,
JD용수2,2011-08-19,16.34,,,,,,,
JD용수2,2011-08-20,16.24,,,,,,,
JD용수2,2011-08-21,16.15,,,,,,,
JD용수2,2011-08-22,16.07,,,,,,,
JD용수2,2011-08-23,16.31,,,,,,,
JD용수2,2011-08-24,16.44,,,,,,,
JD용수2,2011-08-25,16.37,,,,,,,
JD용수2,2011-08-26,16.28,,,,,,,
JD용수2,2011-08-27,16.39,,,,,,,
JD용수2,2011-08-28,16.39,,,,,,,
JD용수2,2011-08-29,16.33,,,,,,,
JD용수2,2011-08-30,16.25,,,,,,,
JD용수2,2011-08-31,16.17,,,,,,,
JD용수2,2011-09-01,16.08,,,,,,,
JD용수2,2011-09-02,15.98,,,,,,,
JD용수2,2011-09-03,15.85,,,,,,,
JD용수2,2011-09-04,15.72,,,,,,,
JD용수2,2011-09-05,15.59,,,,,,,
JD용수2,2011-09-06,15.45,,,,,,,
JD용수2,2011-09-07,15.31,,,,,,,
JD용수2,2011-09-08,15.16,,,,,,,
JD용수2,2011-09-09,15.04,,,,,,,
JD용수2,2011-09-10,14.96,,,,,,,
JD용수2,2011-09-11,14.98,,,,,,,
JD용수2,2011-09-12,14.92,,,,,,,
JD용수2,2011-09-13,14.84,,,,,,,
JD용수2,2011-09-14,14.75,,,,,,,
JD용수2,2011-09-15,14.64,,,,,,,
JD용수2,2011-09-16,14.53,,,,,,,
JD용수2,2011-09-17,14.44,,,,,,,
JD용수2,2011-09-18,14.3,,,,,,,
JD용수2,2011-09-19,14.18,,,,,,,
JD용수2,2011-09-20,14.07,,,,,,,
JD용수2,2011-09-21,13.96,,,,,,,
JD용수2,2011-09-22,13.77,,,,,,,
JD용수2,2011-09-23,13.58,,,,,,,
JD용수2,2011-09-24,13.4,,,,,,,
JD용수2,2011-09-25,13.23,,,,,,,
JD용수2,2011-09-26,13.14,,,,,,,
JD용수2,2011-09-27,13.08,,,,,,,
JD용수2,2011-09-28,12.97,,,,,,,
JD용수2,2011-09-29,12.94,,,,,,,
JD용수2,2011-09-30,12.87,,,,,,,
JD용수2,2011-10-01,12.76,,,,,,,
JD용수2,2011-10-02,12.69,,,,,,,
JD용수2,2011-10-03,12.59,,,,,,,
JD용수2,2011-10-04,12.5,,,,,,,
JD용수2,2011-10-05,12.38,,,,,,,
JD용수2,2011-10-06,12.31,,,,,,,
JD용수2,2011-10-07,12.17,,,,,,,
JD용수2,2011-10-08,12.02,,,,,,,
JD용수2,2011-10-09,11.88,,,,,,,
JD용수2,2011-10-10,11.8,,,,,,,
JD용수2,2011-10-11,11.73,,,,,,,
JD용수2,2011-10-12,11.71,,,,,,,
JD용수2,2011-10-13,11.73,,,,,,,
JD용수2,2011-10-14,12.41,,,,,,,
JD용수2,2011-10-15,13.46,,,,,,,
JD용수2,2011-10-16,13.71,,,,,,,
JD용수2,2011-10-17,13.69,,,,,,,
JD용수2,2011-10-18,13.59,,,,,,,
JD용수2,2011-10-19,13.48,,,,,,,
JD용수2,2011-10-20,13.36,,,,,,,
JD용수2,2011-10-21,13.31,,,,,,,
JD용수2,2011-10-22,13.26,,,,,,,
JD용수2,2011-10-23,13.17,,,,,,,
JD용수2,2011-10-24,13.07,,,,,,,
JD용수2,2011-10-25,12.94,,,,,,,
JD용수2,2011-10-26,12.82,,,,,,,
JD용수2,2011-10-27,12.72,,,,,,,
JD용수2,2011-10-28,12.58,,,,,,,
JD용수2,2011-10-29,12.46,,,,,,,
JD용수2,2011-10-30,12.38,,,,,,,
JD용수2,2011-10-31,12.26,,,,,,,
JD용수2,2011-11-01,12.16,,,,,,,
JD용수2,2011-11-02,12.06,,,,,,,
JD용수2,2011-11-03,12.18,,,,,,,
JD용수2,2011-11-04,12.44,,,,,,,
JD용수2,2011-11-05,14.21,,,,,,,
JD용수2,2011-11-06,15.26,,,,,,,
JD용수2,2011-11-07,15.52,,,,,,,
JD용수2,2011-11-08,15.63,,,,,,,
JD용수2,2011-11-09,15.63,,,,,,,
JD용수2,2011-11-10,15.62,,,,,,,
JD용수2,2011-11-11,15.59,,,,,,,
JD용수2,2011-11-12,15.54,,,,,,,
JD용수2,2011-11-13,15.44,,,,,,,
JD용수2,2011-11-14,15.31,,,,,,,
JD용수2,2011-11-15,15.15,,,,,,,
JD용수2,2011-11-16,15.0,,,,,,,
JD용수2,2011-11-17,14.89,,,,,,,
JD용수2,2011-11-18,15.97,,,,,,,
JD용수2,2011-11-19,17.19,,,,,,,
JD용수2,2011-11-20,17.32,,,,,,,
JD용수2,2011-11-21,17.29,,,,,,,
JD용수2,2011-11-22,17.25,,,,,,,
JD용수2,2011-11-23,17.2,,,,,,,
JD용수2,2011-11-24,17.09,,,,,,,
JD용수2,2011-11-25,16.99,,,,,,,
JD용수2,2011-11-26,16.9,,,,,,,
JD용수2,2011-11-27,16.81,,,,,,,
JD용수2,2011-11-28,16.7,,,,,,,
JD용수2,2011-11-29,16.58,,,,,,,
JD용수2,2011-11-30,16.47,,,,,,,
JD용수2,2011-12-01,16.35,,,,,,,
JD용수2,2011-12-02,16.26,,,,,,,
JD용수2,2011-12-03,16.16,,,,,,,
JD용수2,2011-12-04,16.01,,,,,,,
JD용수2,2011-12-05,15.86,,,,,,,
JD용수2,2011-12-06,15.72,,,,,,,
JD용수2,2011-12-07,15.59,,,,,,,
JD용수2,2011-12-08,15.47,,,,,,,
JD용수2,2011-12-09,15.32,,,,,,,
JD용수2,2011-12-10,15.19,,,,,,,
JD용수2,2011-12-11,15.06,,,,,,,
JD용수2,2011-12-12,14.96,,,,,,,
JD용수2,2011-12-13,14.84,,,,,,,
JD용수2,2011-12-14,14.75,,,,,,,
JD용수2,2011-12-15,14.64,,,,,,,
JD용수2,2011-12-16,14.5,,,,,,,
JD용수2,2011-12-17,14.37,,,,,,,
JD용수2,2011-12-18,14.27,,,,,,,
JD용수2,2011-12-19,14.16,,,,,,,
JD용수2,2011-12-20,14.07,,,,,,,
JD용수2,2011-12-21,14.0,,,,,,,
JD용수2,2011-12-22,13.91,,,,,,,
JD용수2,2011-12-23,13.82,,,,,,,
JD용수2,2011-12-24,13.75,,,,,,,
JD용수2,2011-12-25,13.64,,,,,,,
JD용수2,2011-12-26,13.53,,,,,,,
JD용수2,2011-12-27,13.44,,,,,,,
JD용수2,2011-12-28,13.38,,,,,,,
JD용수2,2011-12-29,13.31,,,,,,,
JD용수2,2011-12-30,13.21,,,,,,,
JD용수2,2011-12-31,13.14,,,,,,,
JD용수2,2012-01-01,13.07,,,,,,,
JD용수2,2012-01-02,12.99,,,,,,,
JD용수2,2012-01-03,12.94,,,,,,,
JD용수2,2012-01-04,12.87,,,,,,,
JD용수2,2012-01-05,12.8,,,,,,,
JD용수2,2012-01-06,12.73,,,,,,,
JD용수2,2012-01-07,12.63,,,,,,,
JD용수2,2012-01-08,12.57,,,,,,,
JD용수2,2012-01-09,12.5,,,,,,,
JD용수2,2012-01-10,12.43,,,,,,,
JD용수2,2012-01-11,12.33,,,,,,,
JD용수2,2012-01-12,12.25,,,,,,,
JD용수2,2012-01-13,12.19,,,,,,,
JD용수2,2012-01-14,12.14,,,,,,,
JD용수2,2012-01-15,12.12,,,,,,,
JD용수2,2012-01-16,12.15,,,,,,,
JD용수2,2012-01-17,12.15,,,,,,,
JD용수2,2012-01-18,12.11,,,,,,,
JD용수2,2012-01-19,12.06,,,,,,,
JD용수2,2012-01-20,12.01,,,,,,,
JD용수2,2012-01-21,11.96,,,,,,,
JD용수2,2012-01-22,11.89,,,,,,,
JD용수2,2012-01-23,11.8,,,,,,,
JD용수2,2012-01-24,11.72,,,,,,,
JD용수2,2012-01-25,11.64,,,,,,,
JD용수2,2012-01-26,11.55,,,,,,,
JD용수2,2012-01-27,11.5,,,,,,,
JD용수2,2012-01-28,11.43,,,,,,,
JD용수2,2012-01-29,11.35,,,,,,,
JD용수2,2012-01-30,11.26,,,,,,,
JD용수2,2012-01-31,11.23,,,,,,,
JD용수2,2012-02-01,11.18,,,,,,,
JD용수2,2012-02-02,11.12,,,,,,,
JD용수2,2012-02-03,11.1,,,,,,,
JD용수2,2012-02-04,11.06,,,,,,,
JD용수2,2012-02-05,11.06,,,,,,,
JD용수2,2012-02-06,11.11,,,,,,,
JD용수2,2012-02-07,11.2,,,,,,,
JD용수2,2012-02-08,11.21,,,,,,,
JD용수2,2012-02-09,11.14,,,,,,,
JD용수2,2012-02-10,11.07,,,,,,,
JD용수2,2012-02-11,11.0,,,,,,,
JD용수2,2012-02-12,10.96,,,,,,,
JD용수2,2012-02-13,10.94,,,,,,,
JD용수2,2012-02-14,11.13,,,,,,,
JD용수2,2012-02-15,11.53,,,,,,,
JD용수2,2012-02-16,11.59,,,,,,,
JD용수2,2012-02-17,11.54,,,,,,,
JD용수2,2012-02-18,11.41,,,,,,,
JD용수2,2012-02-19,11.24,,,,,,,
JD용수2,2012-02-20,11.09,,,,,,,
JD용수2,2012-02-21,11.03,,,,,,,
JD용수2,2012-02-22,11.07,,,,,,,
JD용수2,2012-02-23,11.33,,,,,,,
JD용수2,2012-02-24,11.59,,,,,,,
JD용수2,2012-02-25,11.67,,,,,,,
JD용수2,2012-02-26,11.64,,,,,,,
JD용수2,2012-02-27,11.54,,,,,,,
JD용수2,2012-02-28,11.45,,,,,,,
JD용수2,2012-02-29,11.48,,,,,,,
JD용수2,2012-03-01,11.56,,,,,,,
JD용수2,2012-03-02,11.64,,,,,,,
JD용수2,2012-03-03,11.76,,,,,,,
JD용수2,2012-03-04,11.88,,,,,,,
JD용수2,2012-03-05,12.32,,,,,,,
JD용수2,2012-03-06,13.14,,,,,,,
JD용수2,2012-03-07,13.52,,,,,,,
JD용수2,2012-03-08,13.62,,,,,,,
JD용수2,2012-03-09,13.6,,,,,,,
JD용수2,2012-03-10,13.52,,,,,,,
JD용수2,2012-03-11,13.38,,,,,,,
JD용수2,2012-03-12,13.23,,,,,,,
JD용수2,2012-03-13,13.09,,,,,,,
JD용수2,2012-03-14,12.95,,,,,,,
JD용수2,2012-03-15,12.8,,,,,,,
JD용수2,2012-03-16,12.75,,,,,,,
JD용수2,2012-03-17,12.69,,,,,,,
JD용수2,2012-03-18,12.58,,,,,,,
JD용수2,2012-03-19,12.44,,,,,,,
JD용수2,2012-03-20,12.29,,,,,,,
JD용수2,2012-03-21,12.1,,,,,,,
JD용수2,2012-03-22,11.98,,,,,,,
JD용수2,2012-03-23,12.87,,,,,,,
JD용수2,2012-03-24,13.49,,,,,,,
JD용수2,2012-03-25,13.65,,,,,,,
JD용수2,2012-03-26,13.63,,,,,,,
JD용수2,2012-03-27,13.56,,,,,,,
JD용수2,2012-03-28,13.45,,,,,,,
JD용수2,2012-03-29,13.34,,,,,,,
JD용수2,2012-03-30,13.32,,,,,,,
JD용수2,2012-03-31,14.05,,,,,,,
JD용수2,2012-04-01,14.36,,,,,,,
JD용수2,2012-04-02,14.46,,,,,,,
JD용수2,2012-04-03,14.5,,,,,,,
JD용수2,2012-04-04,14.41,,,,,,,
JD용수2,2012-04-05,14.34,,,,,,,
JD용수2,2012-04-06,14.19,,,,,,,
JD용수2,2012-04-07,14.03,,,,,,,
JD용수2,2012-04-08,13.9,,,,,,,
JD용수2,2012-04-09,13.75,,,,,,,
JD용수2,2012-04-10,13.73,,,,,,,
JD용수2,2012-04-11,14.49,,,,,,,
JD용수2,2012-04-12,14.96,,,,,,,
JD용수2,2012-04-13,15.06,,,,,,,
JD용수2,2012-04-14,15.02,,,,,,,
JD용수2,2012-04-15,14.97,,,,,,,
JD용수2,2012-04-19,14.41,,,,,,,
JD용수2,2012-04-20,14.35,,,,,,,
JD용수2,2012-04-21,15.09,,,,,,,
JD용수2,2012-04-22,16.82,,,,,,,
JD용수2,2012-04-23,17.24,,,,,,,
JD용수2,2012-04-24,17.4,,,,,,,
JD용수2,2012-04-25,17.75,,,,,,,
JD용수2,2012-04-26,18.14,,,,,,,
JD용수2,2012-04-27,18.23,,,,,,,
JD용수2,2012-04-28,18.2,,,,,,,
JD용수2,2012-04-29,18.14,,,,,,,
JD용수2,2012-04-30,18.21,,,,,,,
JD용수2,2012-05-01,18.29,,,,,,,
JD용수2,2012-05-02,18.6,,,,,,,
JD용수2,2012-05-03,18.71,,,,,,,
JD용수2,2012-05-04,18.66,,,,,,,
JD용수2,2012-05-05,18.56,,,,,,,
JD용수2,2012-05-06,18.44,,,,,,,
JD용수2,2012-05-07,18.32,,,,,,,
JD용수2,2012-05-08,18.19,,,,,,,
JD용수2,2012-05-09,18.05,,,,,,,
JD용수2,2012-05-10,17.91,,,,,,,
JD용수2,2012-05-11,17.78,,,,,,,
JD용수2,2012-05-12,17.66,,,,,,,
JD용수2,2012-05-13,17.57,,,,,,,
JD용수2,2012-05-14,17.5,,,,,,,
JD용수2,2012-05-15,17.38,,,,,,,
JD용수2,2012-05-16,17.28,,,,,,,
JD용수2,2012-05-17,17.17,,,,,,,
JD용수2,2012-05-18,17.02,,,,,,,
JD용수2,2012-05-19,16.87,,,,,,,
JD용수2,2012-05-20,16.77,,,,,,,
JD용수2,2012-05-21,16.62,,,,,,,
JD용수2,2012-05-22,16.47,,,,,,,
JD용수2,2012-05-23,16.34,,,,,,,
JD용수2,2012-05-24,16.25,,,,,,,
JD용수2,2012-05-25,16.24,,,,,,,
JD용수2,2012-05-26,16.22,,,,,,,
JD용수2,2012-05-27,16.14,,,,,,,
JD용수2,2012-05-28,16.03,,,,,,,
JD용수2,2012-05-29,15.91,,,,,,,
JD용수2,2012-05-30,15.83,,,,,,,
JD용수2,2012-05-31,15.77,,,,,,,
JD용수2,2012-06-01,15.7,,,,,,,
JD용수2,2012-06-02,15.63,,,,,,,
JD용수2,2012-06-03,15.55,,,,,,,
JD용수2,2012-06-04,15.48,,,,,,,
JD용수2,2012-06-05,15.43,,,,,,,
JD용수2,2012-06-06,15.41,,,,,,,
JD용수2,2012-06-07,15.37,,,,,,,
JD용수2,2012-06-08,15.36,,,,,,,
JD용수2,2012-06-09,15.27,,,,,,,
JD용수2,2012-06-10,15.22,,,,,,,
JD용수2,2012-06-11,15.17,,,,,,,
JD용수2,2012-06-12,15.12,,,,,,,
JD용수2,2012-06-13,15.02,,,,,,,
JD용수2,2012-06-14,14.91,,,,,,,
JD용수2,2012-06-15,14.87,,,,,,,
JD용수2,2012-06-16,14.87,,,,,,,
JD용수2,2012-06-17,14.8,,,,,,,
JD용수2,2012-06-18,14.81,,,,,,,
JD용수2,2012-06-19,15.35,,,,,,,
JD용수2,2012-06-20,15.58,,,,,,,
JD용수2,2012-06-21,15.57,,,,,,,
JD용수2,2012-06-22,15.48,,,,,,,
JD용수2,2012-06-23,15.41,,,,,,,
JD용수2,2012-06-24,15.36,,,,,,,
JD용수2,2012-06-25,15.28,,,,,,,
JD용수2,2012-06-26,15.17,,,,,,,
JD용수2,2012-06-27,15.08,,,,,,,
JD용수2,2012-06-28,14.98,,,,,,,
JD용수2,2012-06-29,14.93,,,,,,,
JD용수2,2012-06-30,14.91,,,,,,,
JD용수2,2012-07-01,14.89,,,,,,,
JD용수2,2012-07-02,15.2,,,,,,,
JD용수2,2012-07-03,16.05,,,,,,,
JD용수2,2012-07-04,16.54,,,,,,,
JD용수2,2012-07-05,16.75,,,,,,,
JD용수2,2012-07-06,16.87,,,,,,,
JD용수2,2012-07-07,16.88,,,,,,,
JD용수2,2012-07-08,16.83,,,,,,,
JD용수2,2012-07-09,16.76,,,,,,,
JD용수2,2012-07-10,16.7,,,,,,,
JD용수2,2012-07-11,16.74,,,,,,,
JD용수2,2012-07-12,16.87,,,,,,,
JD용수2,2012-07-13,16.89,,,,,,,
JD용수2,2012-07-14,16.96,,,,,,,
JD용수2,2012-07-15,16.95,,,,,,,
JD용수2,2012-07-16,16.87,,,,,,,
JD용수2,2012-07-17,17.28,,,,,,,
JD용수2,2012-07-18,17.66,,,,,,,
JD용수2,2012-07-19,17.83,,,,,,,
JD용수2,2012-07-20,17.88,,,,,,,
JD용수2,2012-07-21,17.83,,,,,,,
JD용수2,2012-07-22,17.76,,,,,,,
JD용수2,2012-07-23,17.67,,,,,,,
JD용수2,2012-07-24,17.55,,,,,,,
JD용수2,2012-07-25,17.44,,,,,,,
JD용수2,2012-07-26,17.33,,,,,,,
JD용수2,2012-07-27,17.23,,,,,,,
JD용수2,2012-07-28,17.1,,,,,,,
JD용수2,2012-07-29,17.0,,,,,,,
JD용수2,2012-07-30,16.87,,,,,,,
JD용수2,2012-07-31,16.76,,,,,,,
JD용수2,2012-08-01,16.68,,,,,,,
JD용수2,2012-08-02,16.61,,,,,,,
JD용수2,2012-08-03,16.49,,,,,,,
JD용수2,2012-08-04,16.38,,,,,,,
JD용수2,2012-08-05,16.25,,,,,,,
JD용수2,2012-08-06,16.12,,,,,,,
JD용수2,2012-08-07,16.0,,,,,,,
JD용수2,2012-08-08,15.91,,,,,,,
JD용수2,2012-08-09,15.81,,,,,,,
JD용수2,2012-08-10,15.7,,,,,,,
JD용수2,2012-08-11,15.56,,,,,,,
JD용수2,2012-08-12,15.43,,,,,,,
JD용수2,2012-08-13,15.33,,,,,,,
JD용수2,2012-08-14,15.19,,,,,,,
JD용수2,2012-08-15,15.09,,,,,,,
JD용수2,2012-08-16,15.03,,,,,,,
JD용수2,2012-08-17,14.91,,,,,,,
JD용수2,2012-08-18,14.84,,,,,,,
JD용수2,2012-08-19,14.75,,,,,,,
JD용수2,2012-08-20,14.67,,,,,,,
JD용수2,2012-08-21,14.61,,,,,,,
JD용수2,2012-08-22,14.74,,,,,,,
JD용수2,2012-08-23,15.87,,,,,,,
JD용수2,2012-08-24,18.16,,,,,,,
JD용수2,2012-08-25,19.29,,,,,,,
JD용수2,2012-08-26,19.73,,,,,,,
JD용수2,2012-08-27,19.94,,,,,,,
JD용수2,2012-08-28,20.65,,,,,,,
JD용수2,2012-08-29,20.94,,,,,,,
JD용수2,2012-09-06,20.53,,,,,,,
JD용수2,2012-09-07,20.42,,,,,,,
JD용수2,2012-09-08,20.27,,,,,,,
JD용수2,2012-09-09,20.19,,,,,,,
JD용수2,2012-09-10,20.37,,,,,,,
JD용수2,2012-09-11,20.46,,,,,,,
JD용수2,2012-09-12,20.42,,,,,,,
JD용수2,2012-09-13,20.34,,,,,,,
JD용수2,2012-09-14,20.22,,,,,,,
JD용수2,2012-09-15,20.11,,,,,,,
JD용수2,2012-09-16,20.07,,,,,,,
JD용수2,2012-09-17,21.14,,,,,,,
JD용수2,2012-09-18,21.92,,,,,,,
JD용수2,2012-09-19,22.0,,,,,,,
JD용수2,2012-09-20,21.91,,,,,,,
JD용수2,2012-09-21,21.77,,,,,,,
JD용수2,2012-09-22,21.61,,,,,,,
JD용수2,2012-09-23,21.43,,,,,,,
JD용수2,2012-09-24,21.23,,,,,,,
JD용수2,2012-09-25,21.01,,,,,,,
JD용수2,2012-09-26,20.81,,,,,,,
JD용수2,2012-09-27,20.62,,,,,,,
JD용수2,2012-09-28,20.45,,,,,,,
JD용수2,2012-09-29,20.25,,,,,,,
JD용수2,2012-09-30,20.13,,,,,,,
JD용수2,2012-10-01,19.96,,,,,,,
JD용수2,2012-10-02,19.83,,,,,,,
JD용수2,2012-10-03,19.7,,,,,,,
JD용수2,2012-10-04,19.56,,,,,,,
JD용수2,2012-10-05,19.38,,,,,,,
JD용수2,2012-10-06,19.25,,,,,,,
JD용수2,2012-10-07,19.09,,,,,,,
JD용수2,2012-10-08,18.97,,,,,,,
JD용수2,2012-10-09,18.86,,,,,,,
JD용수2,2012-10-10,18.73,,,,,,,
JD용수2,2012-10-11,18.63,,,,,,,
JD용수2,2012-10-12,18.51,,,,,,,
JD용수2,2012-10-13,18.39,,,,,,,
JD용수2,2012-10-14,18.28,,,,,,,
JD용수2,2012-10-15,18.17,,,,,,,
JD용수2,2012-10-16,18.09,,,,,,,
JD용수2,2012-10-17,18.05,,,,,,,
JD용수2,2012-10-18,17.96,,,,,,,
JD용수2,2012-10-19,17.84,,,,,,,
JD용수2,2012-10-20,17.7,,,,,,,
JD용수2,2012-10-21,17.66,,,,,,,
JD용수2,2012-10-22,17.68,,,,,,,
JD용수2,2012-10-23,17.72,,,,,,,
JD용수2,2012-10-24,17.69,,,,,,,
JD용수2,2012-10-25,17.65,,,,,,,
JD용수2,2012-10-26,17.62,,,,,,,
JD용수2,2012-10-27,17.65,,,,,,,
JD용수2,2012-10-28,17.67,,,,,,,
JD용수2,2012-10-29,17.71,,,,,,,
JD용수2,2012-10-30,17.7,,,,,,,
JD용수2,2012-10-31,17.66,,,,,,,
JD용수2,2012-11-01,17.55,,,,,,,
JD용수2,2012-11-02,17.45,,,,,,,
JD용수2,2012-11-03,17.39,,,,,,,
JD용수2,2012-11-04,17.42,,,,,,,
JD용수2,2012-11-05,17.47,,,,,,,
JD용수2,2012-11-06,17.44,,,,,,,
JD용수2,2012-11-07,17.41,,,,,,,
JD용수2,2012-11-08,17.37,,,,,,,
JD용수2,2012-11-09,17.31,,,,,,,
JD용수2,2012-11-10,17.29,,,,,,,
JD용수2,2012-11-11,17.28,,,,,,,
JD용수2,2012-11-12,17.21,,,,,,,
JD용수2,2012-11-13,17.18,,,,,,,
JD용수2,2012-11-14,17.1,,,,,,,
JD용수2,2012-11-15,16.99,,,,,,,
JD용수2,2012-11-16,16.94,,,,,,,
JD용수2,2012-11-17,17.14,,,,,,,
JD용수2,2012-11-18,17.22,,,,,,,
JD용수2,2012-11-19,17.17,,,,,,,
JD용수2,2012-11-20,17.09,,,,,,,
JD용수2,2012-11-21,17.04,,,,,,,
JD용수2,2012-11-22,16.99,,,,,,,
JD용수2,2012-11-23,16.91,,,,,,,
JD용수2,2012-11-24,16.81,,,,,,,
JD용수2,2012-11-25,16.75,,,,,,,
JD용수2,2012-11-26,16.72,,,,,,,
JD용수2,2012-11-27,16.63,,,,,,,
JD용수2,2012-11-28,16.58,,,,,,,
JD용수2,2012-11-29,16.37,,,,,,,
JD용수2,2012-11-30,15.96,,,,,,,
JD용수2,2012-12-01,15.85,,,,,,,
JD용수2,2012-12-02,15.78,,,,,,,
JD용수2,2012-12-03,15.72,,,,,,,
JD용수2,2012-12-04,15.61,,,,,,,
JD용수2,2012-12-05,15.54,,,,,,,
JD용수2,2012-12-06,15.4,,,,,,,
JD용수2,2012-12-07,15.37,,,,,,,
JD용수2,2012-12-08,15.29,,,,,,,
JD용수2,2012-12-09,15.22,,,,,,,
JD용수2,2012-12-10,15.12,,,,,,,
JD용수2,2012-12-11,15.03,,,,,,,
JD용수2,2012-12-12,14.93,,,,,,,
JD용수2,2012-12-13,14.84,,,,,,,
JD용수2,2012-12-14,14.99,,,,,,,
JD용수2,2012-12-15,15.79,,,,,,,
JD용수2,2012-12-16,16.07,,,,,,,
JD용수2,2012-12-17,16.12,,,,,,,
JD용수2,2012-12-18,16.06,,,,,,,
JD용수2,2012-12-19,15.98,,,,,,,
JD용수2,2012-12-20,15.89,,,,,,,
JD용수2,2012-12-21,15.88,,,,,,,
JD용수2,2012-12-22,15.85,,,,,,,
JD용수2,2012-12-23,15.76,,,,,,,
JD용수2,2012-12-24,15.67,,,,,,,
JD용수2,2012-12-25,15.57,,,,,,,
JD용수2,2012-12-26,15.45,,,,,,,
JD용수2,2012-12-27,15.37,,,,,,,
JD용수2,2012-12-28,15.68,,,,,,,
JD용수2,2012-12-29,16.12,,,,,,,
JD용수2,2012-12-30,16.33,,,,,,,
JD용수2,2012-12-31,16.46,,,,,,,
JD용수2,2013-01-01,16.48,,,,,,,
JD용수2,2013-01-02,16.4,,,,,,,
JD용수2,2013-01-03,16.29,,,,,,,
JD용수2,2013-01-04,16.23,,,,,,,
JD용수2,2013-01-05,16.15,,,,,,,
JD용수2,2013-01-06,16.05,,,,,,,
JD용수2,2013-01-07,15.95,,,,,,,
JD용수2,2013-01-08,15.85,,,,,,,
JD용수2,2013-01-09,15.73,,,,,,,
JD용수2,2013-01-10,15.59,,,,,,,
JD용수2,2013-01-11,15.47,,,,,,,
JD용수2,2013-01-12,15.37,,,,,,,
JD용수2,2013-01-13,15.29,,,,,,,
JD용수2,2013-01-14,15.2,,,,,,,
JD용수2,2013-01-15,15.05,,,,,,,
JD용수2,2013-01-16,14.94,,,,,,,
JD용수2,2013-01-17,14.81,,,,,,,
JD용수2,2013-01-18,14.69,,,,,,,
JD용수2,2013-01-19,14.58,,,,,,,
JD용수2,2013-01-20,14.49,,,,,,,
JD용수2,2013-01-21,14.5,,,,,,,
JD용수2,2013-01-22,14.59,,,,,,,
JD용수2,2013-01-23,14.63,,,,,,,
JD용수2,2013-01-24,14.63,,,,,,,
JD용수2,2013-01-25,14.58,,,,,,,
JD용수2,2013-01-26,14.53,,,,,,,
JD용수2,2013-01-27,14.44,,,,,,,
JD용수2,2013-01-28,14.35,,,,,,,
JD용수2,2013-01-29,14.27,,,,,,,
JD용수2,2013-01-30,14.18,,,,,,,
JD용수2,2013-01-31,14.11,,,,,,,
JD용수2,2013-02-01,14.2,,,,,,,
JD용수2,2013-02-02,14.54,,,,,,,
JD용수2,2013-02-03,14.63,,,,,,,
JD용수2,2013-02-04,14.72,,,,,,,
JD용수2,2013-02-05,14.76,,,,,,,
JD용수2,2013-02-06,15.0,,,,,,,
JD용수2,2013-02-07,15.12,,,,,,,
JD용수2,2013-02-08,15.07,,,,,,,
JD용수2,2013-02-09,15.02,,,,,,,
JD용수2,2013-02-10,14.95,,,,,,,
JD용수2,2013-02-11,14.84,,,,,,,
JD용수2,2013-02-12,14.77,,,,,,,
JD용수2,2013-02-13,14.68,,,,,,,
JD용수2,2013-02-14,14.61,,,,,,,
JD용수2,2013-02-15,14.53,,,,,,,
JD용수2,2013-02-16,14.41,,,,,,,
JD용수2,2013-02-17,14.36,,,,,,,
JD용수2,2013-02-18,14.7,,,,,,,
JD용수2,2013-02-19,14.93,,,,,,,
JD용수2,2013-02-20,15.01,,,,,,,
JD용수2,2013-02-21,14.99,,,,,,,
JD용수2,2013-02-22,14.93,,,,,,,
JD용수2,2013-02-23,14.89,,,,,,,
JD용수2,2013-02-27,14.58,,,,,,,
JD용수2,2013-02-28,14.54,,,,,,,
JD용수2,2013-03-01,14.5,,,,,,,
JD용수2,2013-03-02,14.38,,,,,,,
JD용수2,2013-03-03,14.32,,,,,,,
JD용수2,2013-03-04,14.23,,,,,,,
JD용수2,2013-03-05,14.12,,,,,,,
JD용수2,2013-03-06,14.0,,,,,,,
JD용수2,2013-03-07,13.96,,,,,,,
JD용수2,2013-03-08,13.93,,,,,,,
JD용수2,2013-03-09,13.93,,,,,,,
JD용수2,2013-03-10,13.86,,,,,,,
JD용수2,2013-03-11,13.76,,,,,,,
JD용수2,2013-03-12,13.71,,,,,,,
JD용수2,2013-03-13,13.7,,,,,,,
JD용수2,2013-03-14,13.61,,,,,,,
JD용수2,2013-03-15,13.52,,,,,,,
JD용수2,2013-03-16,13.45,,,,,,,
JD용수2,2013-03-17,13.43,,,,,,,
JD용수2,2013-03-18,14.33,,,,,,,
JD용수2,2013-03-19,15.1,,,,,,,
JD용수2,2013-03-20,15.3,,,,,,,
JD용수2,2013-03-21,15.29,,,,,,,
JD용수2,2013-03-22,15.3,,,,,,,
JD용수2,2013-03-23,15.22,,,,,,,
JD용수2,2013-03-24,15.12,,,,,,,
JD용수2,2013-03-25,15.01,,,,,,,
JD용수2,2013-03-26,14.92,,,,,,,
JD용수2,2013-03-27,14.83,,,,,,,
JD용수2,2013-03-28,14.73,,,,,,,
JD용수2,2013-03-29,14.61,,,,,,,
JD용수2,2013-03-30,14.49,,,,,,,
JD용수2,2013-03-31,14.34,,,,,,,
JD용수2,2013-04-01,14.18,,,,,,,
JD용수2,2013-04-02,14.08,,,,,,,
JD용수2,2013-04-03,13.95,,,,,,,
JD용수2,2013-04-04,13.86,,,,,,,
JD용수2,2013-04-05,13.82,,,,,,,
JD용수2,2013-04-06,14.24,,,,,,,
JD용수2,2013-04-07,14.7,,,,,,,
JD용수2,2013-04-08,14.75,,,,,,,
JD용수2,2013-04-09,14.7,,,,,,,
JD용수2,2013-04-10,14.55,,,,,,,
JD용수2,2013-04-11,14.46,,,,,,,
JD용수2,2013-04-12,14.28,,,,,,,
JD용수2,2013-04-13,14.18,,,,,,,
JD용수2,2013-04-14,14.1,,,,,,,
JD용수2,2013-04-15,13.99,,,,,,,
JD용수2,2013-04-16,13.91,,,,,,,
JD용수2,2013-04-17,13.85,,,,,,,
JD용수2,2013-04-18,13.75,,,,,,,
JD용수2,2013-04-19,13.62,,,,,,,
JD용수2,2013-04-20,13.52,,,,,,,
JD용수2,2013-04-21,13.41,,,,,,,
JD용수2,2013-04-22,13.3,,,,,,,
JD용수2,2013-04-23,13.32,,,,,,,
JD용수2,2013-04-24,13.69,,,,,,,
JD용수2,2013-04-25,13.8,,,,,,,
JD용수2,2013-04-26,13.8,,,,,,,
JD용수2,2013-04-27,13.74,,,,,,,
JD용수2,2013-04-28,13.65,,,,,,,
JD용수2,2013-04-29,13.58,,,,,,,
JD용수2,2013-04-30,13.53,,,,,,,
JD용수2,2013-05-01,13.47,,,,,,,
JD용수2,2013-05-02,13.38,,,,,,,
JD용수2,2013-05-03,13.27,,,,,,,
JD용수2,2013-05-04,13.12,,,,,,,
JD용수2,2013-05-05,12.98,,,,,,,
JD용수2,2013-05-06,12.87,,,,,,,
JD용수2,2013-05-07,12.78,,,,,,,
JD용수2,2013-05-08,12.7,,,,,,,
JD용수2,2013-05-09,12.67,,,,,,,
JD용수2,2013-05-10,13.08,,,,,,,
JD용수2,2013-05-11,13.5,,,,,,,
JD용수2,2013-05-12,13.59,,,,,,,
JD용수2,2013-05-13,13.57,,,,,,,
JD용수2,2013-05-14,13.52,,,,,,,
JD용수2,2013-05-15,13.45,,,,,,,
JD용수2,2013-05-16,13.36,,,,,,,
JD용수2,2013-05-17,13.25,,,,,,,
JD용수2,2013-05-18,13.19,,,,,,,
JD용수2,2013-05-19,13.37,,,,,,,
JD용수2,2013-05-20,13.47,,,,,,,
JD용수2,2013-05-21,13.45,,,,,,,
JD용수2,2013-05-22,13.36,,,,,,,
JD용수2,2013-05-23,13.24,,,,,,,
JD용수2,2013-05-24,13.11,,,,,,,
JD용수2,2013-05-25,12.97,,,,,,,
JD용수2,2013-05-26,12.86,,,,,,,
JD용수2,2013-05-27,12.94,,,,,,,
JD용수2,2013-05-28,14.13,,,,,,,
JD용수2,2013-05-29,14.86,,,,,,,
JD용수2,2013-05-30,15.03,,,,,,,
JD용수2,2013-05-31,15.05,,,,,,,
JD용수2,2013-06-01,15.03,,,,,,,
JD용수2,2013-06-02,14.92,,,,,,,
JD용수2,2013-06-03,14.81,,,,,,,
JD용수2,2013-06-04,14.69,,,,,,,
JD용수2,2013-06-05,14.57,,,,,,,
JD용수2,2013-06-06,14.46,,,,,,,
JD용수2,2013-06-07,14.35,,,,,,,
JD용수2,2013-06-08,14.3,,,,,,,
JD용수2,2013-06-09,14.27,,,,,,,
JD용수2,2013-06-10,14.2,,,,,,,
JD용수2,2013-06-11,14.14,,,,,,,
JD용수2,2013-06-12,14.04,,,,,,,
JD용수2,2013-06-13,13.88,,,,,,,
JD용수2,2013-06-14,13.81,,,,,,,
JD용수2,2013-06-15,13.78,,,,,,,
JD용수2,2013-06-16,13.73,,,,,,,
JD용수2,2013-06-17,13.7,,,,,,,
JD용수2,2013-06-18,13.71,,,,,,,
JD용수2,2013-06-19,13.87,,,,,,,
JD용수2,2013-06-20,14.29,,,,,,,
JD용수2,2013-06-21,14.41,,,,,,,
JD용수2,2013-06-22,14.4,,,,,,,
JD용수2,2013-06-23,14.36,,,,,,,
JD용수2,2013-06-24,14.31,,,,,,,
JD용수2,2013-06-25,14.26,,,,,,,
JD용수2,2013-06-26,15.22,,,,,,,
JD용수2,2013-06-27,15.98,,,,,,,
JD용수2,2013-06-28,16.14,,,,,,,
JD용수2,2013-06-29,16.14,,,,,,,
JD용수2,2013-06-30,16.09,,,,,,,
JD용수2,2013-07-01,16.01,,,,,,,
JD용수2,2013-07-02,15.92,,,,,,,
JD용수2,2013-07-03,15.84,,,,,,,
JD용수2,2013-07-04,15.74,,,,,,,
JD용수2,2013-07-05,15.57,,,,,,,
JD용수2,2013-07-06,15.49,,,,,,,
JD용수2,2013-07-16,14.14,,,,,,,
JD용수2,2013-07-17,13.77,,,,,,,
JD용수2,2013-07-18,13.63,,,,,,,
JD용수2,2013-07-30,12.94,,,,,,,
JD용수2,2013-07-31,12.85,,,,,,,
JD용수2,2013-08-01,12.8,,,,,,,
JD용수2,2013-08-02,12.75,,,,,,,
JD용수2,2013-08-03,12.68,,,,,,,
JD용수2,2013-08-04,12.68,,,,,,,
JD용수2,2013-08-05,12.76,,,,,,,
JD용수2,2013-08-06,12.89,,,,,,,
JD용수2,2013-08-07,12.87,,,,,,,
JD용수2,2013-08-08,12.83,,,,,,,
JD용수2,2013-08-09,12.76,,,,,,,
JD용수2,2013-08-10,12.66,,,,,,,
JD용수2,2013-08-11,12.55,,,,,,,
JD용수2,2013-08-12,12.45,,,,,,,
JD용수2,2013-08-13,12.35,,,,,,,
JD용수2,2013-08-14,12.24,,,,,,,
JD용수2,2013-08-15,12.1,,,,,,,
JD용수2,2013-08-16,12.08,,,,,,,
JD용수2,2013-08-17,12.07,,,,,,,
JD용수2,2013-08-18,12.03,,,,,,,
JD용수2,2013-08-19,12.0,,,,,,,
JD용수2,2013-08-20,11.96,,,,,,,
JD용수2,2013-08-21,11.93,,,,,,,
JD용수2,2013-08-22,11.9,,,,,,,
JD용수2,2013-08-23,11.92,,,,,,,
JD용수2,2013-08-24,11.99,,,,,,,
JD용수2,2013-08-25,12.09,,,,,,,
JD용수2,2013-08-26,12.19,,,,,,,
JD용수2,2013-08-27,12.17,,,,,,,
JD용수2,2013-08-28,12.08,,,,,,,
JD용수2,2013-08-29,11.99,,,,,,,
JD용수2,2013-08-30,11.96,,,,,,,
JD용수2,2013-08-31,11.94,,,,,,,
JD용수2,2013-09-01,11.81,,,,,,,
JD용수2,2013-09-02,11.64,,,,,,,
JD용수2,2013-09-03,11.5,,,,,,,
JD용수2,2013-09-04,11.38,,,,,,,
JD용수2,2013-09-05,11.17,,,,,,,
JD용수2,2013-09-06,11.05,,,,,,,
JD용수2,2013-09-07,10.99,,,,,,,
JD용수2,2013-09-08,10.94,,,,,,,
JD용수2,2013-09-09,10.88,,,,,,,
JD용수2,2013-09-10,10.79,,,,,,,
JD용수2,2013-09-11,10.74,,,,,,,
JD용수2,2013-09-12,10.66,,,,,,,
JD용수2,2013-09-13,10.64,,,,,,,
JD용수2,2013-09-14,10.84,,,,,,,
JD용수2,2013-09-15,11.46,,,,,,,
JD용수2,2013-09-16,11.61,,,,,,,
JD용수2,2013-09-17,11.6,,,,,,,
JD용수2,2013-09-18,11.45,,,,,,,
JD용수2,2013-09-19,11.3,,,,,,,
JD용수2,2013-09-20,11.18,,,,,,,
JD용수2,2013-09-21,11.06,,,,,,,
JD용수2,2013-09-22,10.93,,,,,,,
JD용수2,2013-09-23,10.84,,,,,,,
JD용수2,2013-09-24,10.78,,,,,,,
JD용수2,2013-09-25,10.71,,,,,,,
JD용수2,2013-09-26,10.58,,,,,,,
JD용수2,2013-09-27,10.43,,,,,,,
JD용수2,2013-09-28,10.39,,,,,,,
JD용수2,2013-09-29,10.5,,,,,,,
JD용수2,2013-09-30,10.81,,,,,,,
JD용수2,2013-10-01,10.92,,,,,,,
JD용수2,2013-10-02,11.14,,,,,,,
JD용수2,2013-10-03,11.29,,,,,,,
JD용수2,2013-10-04,11.24,,,,,,,
JD용수2,2013-10-05,11.11,,,,,,,
JD용수2,2013-10-06,10.97,,,,,,,
JD용수2,2013-10-07,10.85,,,,,,,
JD용수2,2013-10-08,10.86,,,,,,,
JD용수2,2013-10-09,10.94,,,,,,,
JD용수2,2013-10-10,10.92,,,,,,,
JD용수2,2013-10-11,10.8,,,,,,,
JD용수2,2013-10-12,10.63,,,,,,,
JD용수2,2013-10-13,10.51,,,,,,,
JD용수2,2013-10-14,10.44,,,,,,,
JD용수2,2013-10-15,10.39,,,,,,,
JD용수2,2013-10-16,10.29,,,,,,,
JD용수2,2013-10-17,10.15,,,,,,,
JD용수2,2013-10-18,10.05,,,,,,,
JD용수2,2013-10-19,9.98,,,,,,,
JD용수2,2013-10-20,9.92,,,,,,,
JD용수2,2013-10-21,9.89,,,,,,,
JD용수2,2013-10-22,9.83,,,,,,,
JD용수2,2013-10-23,9.79,,,,,,,
JD용수2,2013-10-24,9.78,,,,,,,
JD용수2,2013-10-25,9.78,,,,,,,
JD용수2,2013-10-26,9.74,,,,,,,
JD용수2,2013-10-27,9.69,,,,,,,
JD용수2,2013-10-28,9.58,,,,,,,
JD용수2,2013-10-29,9.47,,,,,,,
JD용수2,2013-10-30,9.41,,,,,,,
JD용수2,2013-10-31,9.38,,,,,,,
JD용수2,2013-11-01,9.37,,,,,,,
JD용수2,2013-11-02,9.39,,,,,,,
JD용수2,2013-11-03,9.43,,,,,,,
JD용수2,2013-11-04,9.43,,,,,,,
JD용수2,2013-11-05,9.35,,,,,,,
JD용수2,2013-11-06,9.31,,,,,,,
JD용수2,2013-11-07,9.3,,,,,,,
JD용수2,2013-11-08,9.28,,,,,,,
JD용수2,2013-11-09,9.32,,,,,,,
JD용수2,2013-11-10,9.79,,,,,,,
JD용수2,2013-11-11,10.05,,,,,,,
JD용수2,2013-11-12,10.11,,,,,,,
JD용수2,2013-11-13,10.04,,,,,,,
JD용수2,2013-11-14,9.95,,,,,,,
JD용수2,2013-11-15,9.86,,,,,,,
JD용수2,2013-11-16,9.82,,,,,,,
JD용수2,2013-11-17,9.81,,,,,,,
JD용수2,2013-11-18,9.8,,,,,,,
JD용수2,2013-11-19,9.78,,,,,,,
JD용수2,2013-11-20,9.73,,,,,,,
JD용수2,2013-11-21,9.65,,,,,,,
JD용수2,2013-11-22,9.58,,,,,,,
JD용수2,2013-11-23,9.52,,,,,,,
JD용수2,2013-11-24,9.54,,,,,,,
JD용수2,2013-11-25,10.07,,,,,,,
JD용수2,2013-11-26,10.34,,,,,,,
JD용수2,2013-11-27,10.33,,,,,,,
JD용수2,2013-11-28,10.24,,,,,,,
JD용수2,2013-11-29,10.08,,,,,,,
JD용수2,2013-11-30,9.95,,,,,,,
JD용수2,2013-12-01,9.85,,,,,,,
JD용수2,2013-12-02,9.76,,,,,,,
JD용수2,2013-12-03,9.68,,,,,,,
JD용수2,2013-12-04,9.6,,,,,,,
JD용수2,2013-12-05,9.55,,,,,,,
JD용수2,2013-12-06,9.51,,,,,,,
JD용수2,2013-12-07,9.45,,,,,,,
JD용수2,2013-12-08,9.41,,,,,,,
JD용수2,2013-12-09,9.47,,,,,,,
JD용수2,2013-12-10,9.52,,,,,,,
JD용수2,2013-12-11,9.49,,,,,,,
JD용수2,2013-12-12,9.42,,,,,,,
JD용수2,2013-12-13,9.34,,,,,,,
JD용수2,2013-12-14,9.28,,,,,,,
JD용수2,2013-12-15,9.24,,,,,,,
JD용수2,2013-12-16,9.23,,,,,,,
JD용수2,2013-12-17,9.24,,,,,,,
JD용수2,2013-12-18,9.27,,,,,,,
JD용수2,2013-12-19,9.26,,,,,,,
JD용수2,2013-12-20,9.24,,,,,,,
JD용수2,2013-12-21,9.2,,,,,,,
JD용수2,2013-12-22,9.17,,,,,,,
JD용수2,2013-12-23,9.16,,,,,,,
JD용수2,2013-12-24,9.13,,,,,,,
JD용수2,2013-12-25,9.11,,,,,,,
JD용수2,2013-12-26,9.12,,,,,,,
JD용수2,2013-12-27,9.12,,,,,,,
JD용수2,2013-12-28,9.13,,,,,,,
JD용수2,2013-12-29,9.1,,,,,,,
JD용수2,2013-12-30,9.09,,,,,,,
JD용수2,2013-12-31,9.09,,,,,,,
JD용수2,2014-01-01,9.08,,,,,,,
JD용수2,2014-01-02,9.04,,,,,,,
JD용수2,2014-01-03,9.03,,,,,,,
JD용수2,2014-01-04,8.98,,,,,,,
JD용수2,2014-01-05,8.92,,,,,,,
JD용수2,2014-01-06,8.87,,,,,,,
JD용수2,2014-01-07,8.86,,,,,,,
JD용수2,2014-01-08,9.02,,,,,,,
JD용수2,2014-01-09,9.21,,,,,,,
JD용수2,2014-01-10,9.18,,,,,,,
JD용수2,2014-01-11,9.1,,,,,,,
JD용수2,2014-01-12,9.01,,,,,,,
JD용수2,2014-01-13,8.95,,,,,,,
JD용수2,2014-01-14,8.91,,,,,,,
JD용수2,2014-01-15,8.87,,,,,,,
JD용수2,2014-01-16,8.86,,,,,,,
JD용수2,2014-01-17,8.85,,,,,,,
JD용수2,2014-01-18,8.83,,,,,,,
JD용수2,2014-01-19,8.81,,,,,,,
JD용수2,2014-01-20,8.83,,,,,,,
JD용수2,2014-01-21,8.8,,,,,,,
JD용수2,2014-01-22,8.78,,,,,,,
JD용수2,2014-01-23,8.78,,,,,,,
JD용수2,2014-01-24,8.8,,,,,,,
JD용수2,2014-01-25,8.83,,,,,,,
JD용수2,2014-01-26,8.76,,,,,,,
JD용수2,2014-01-27,8.74,,,,,,,
JD용수2,2014-01-28,8.71,,,,,,,
JD용수2,2014-01-29,8.7,,,,,,,
JD용수2,2014-01-30,8.86,,,,,,,
JD용수2,2014-01-31,8.96,,,,,,,
JD용수2,2014-02-01,8.98,,,,,,,
JD용수2,2014-02-02,9.09,,,,,,,
JD용수2,2014-02-03,9.13,,,,,,,
JD용수2,2014-02-04,9.06,,,,,,,
JD용수2,2014-02-05,8.98,,,,,,,
JD용수2,2014-02-06,8.94,,,,,,,
JD용수2,2014-02-07,9.01,,,,,,,
JD용수2,2014-02-08,9.09,,,,,,,
JD용수2,2014-02-09,9.32,,,,,,,
JD용수2,2014-02-10,9.39,,,,,,,
JD용수2,2014-02-11,9.34,,,,,,,
JD용수2,2014-02-12,9.23,,,,,,,
JD용수2,2014-02-13,9.13,,,,,,,
JD용수2,2014-02-14,9.05,,,,,,,
JD용수2,2014-02-15,8.94,,,,,,,
JD용수2,2014-02-16,8.86,,,,,,,
JD용수2,2014-02-17,8.92,,,,,,,
JD용수2,2014-02-18,9.38,,,,,,,
JD용수2,2014-02-19,9.58,,,,,,,
JD용수2,2014-02-20,9.57,,,,,,,
JD용수2,2014-02-21,9.45,,,,,,,
JD용수2,2014-02-22,9.3,,,,,,,
JD용수2,2014-02-23,9.18,,,,,,,
JD용수2,2014-02-24,9.09,,,,,,,
JD용수2,2014-02-25,9.0,,,,,,,
JD용수2,2014-02-26,9.33,,,,,,,
JD용수2,2014-02-27,10.17,,,,,,,
JD용수2,2014-02-28,10.45,,,,,,,
JD용수2,2014-03-01,10.57,,,,,,,
JD용수2,2014-03-02,10.63,,,,,,,
JD용수2,2014-03-03,10.6,,,,,,,
JD용수2,2014-03-04,10.58,,,,,,,
JD용수2,2014-03-05,10.54,,,,,,,
JD용수2,2014-03-06,10.44,,,,,,,
JD용수2,2014-03-07,10.26,,,,,,,
JD용수2,2014-03-08,10.08,,,,,,,
JD용수2,2014-03-09,9.92,,,,,,,
JD용수2,2014-03-10,9.75,,,,,,,
JD용수2,2014-03-11,9.6,,,,,,,
JD용수2,2014-03-12,9.6,,,,,,,
JD용수2,2014-03-13,10.99,,,,,,,
JD용수2,2014-03-14,11.61,,,,,,,
JD용수2,2014-03-15,11.86,,,,,,,
JD용수2,2014-03-16,11.92,,,,,,,
JD용수2,2014-03-17,11.91,,,,,,,
JD용수2,2014-03-18,12.02,,,,,,,
JD용수2,2014-03-19,12.11,,,,,,,
JD용수2,2014-03-20,12.12,,,,,,,
JD용수2,2014-03-21,12.03,,,,,,,
JD용수2,2014-03-22,11.91,,,,,,,
JD용수2,2014-03-23,11.73,,,,,,,
JD용수2,2014-03-24,11.6,,,,,,,
JD용수2,2014-03-25,11.51,,,,,,,
JD용수2,2014-03-26,11.67,,,,,,,
JD용수2,2014-03-27,11.7,,,,,,,
JD용수2,2014-03-28,11.68,,,,,,,
JD용수2,2014-03-29,11.83,,,,,,,
JD용수2,2014-03-30,12.6,,,,,,,
JD용수2,2014-03-31,12.93,,,,,,,
JD용수2,2014-04-01,13.04,,,,,,,
JD용수2,2014-04-02,13.02,,,,,,,
JD용수2,2014-04-03,12.95,,,,,,,
JD용수2,2014-04-04,12.86,,,,,,,
JD용수2,2014-04-05,12.75,,,,,,,
JD용수2,2014-04-06,12.56,,,,,,,
JD용수2,2014-04-07,12.43,,,,,,,
JD용수2,2014-04-08,12.26,,,,,,,
JD용수2,2014-04-09,12.11,,,,,,,
JD용수2,2014-04-10,11.96,,,,,,,
JD용수2,2014-04-11,11.81,,,,,,,
JD용수2,2014-04-12,11.64,,,,,,,
JD용수2,2014-04-13,11.54,,,,,,,
JD용수2,2014-04-14,11.41,,,,,,,
JD용수2,2014-04-15,11.23,,,,,,,
JD용수2,2014-04-16,11.04,,,,,,,
JD용수2,2014-04-17,10.97,,,,,,,
JD용수2,2014-04-18,10.95,,,,,,,
JD용수2,2014-04-19,10.86,,,,,,,
JD용수2,2014-04-20,10.76,,,,,,,
JD용수2,2014-04-21,10.67,,,,,,,
JD용수2,2014-04-22,10.58,,,,,,,
JD용수2,2014-04-23,10.44,,,,,,,
JD용수2,2014-04-24,10.27,,,,,,,
JD용수2,2014-04-25,10.17,,,,,,,
JD용수2,2014-04-26,10.09,,,,,,,
JD용수2,2014-04-27,10.06,,,,,,,
JD용수2,2014-04-28,11.35,,,,,,,
JD용수2,2014-04-29,12.31,,,,,,,
JD용수2,2014-04-30,12.58,,,,,,,
JD용수2,2014-05-01,12.66,,,,,,,
JD용수2,2014-05-02,12.64,,,,,,,
JD용수2,2014-05-03,12.54,,,,,,,
JD용수2,2014-05-04,12.47,,,,,,,
JD용수2,2014-05-05,12.35,,,,,,,
JD용수2,2014-05-06,12.22,,,,,,,
JD용수2,2014-05-07,12.1,,,,,,,
JD용수2,2014-05-08,11.99,,,,,,,
JD용수2,2014-05-09,11.83,,,,,,,
JD용수2,2014-05-10,11.67,,,,,,,
JD용수2,2014-05-11,11.53,,,,,,,
JD용수2,2014-05-12,12.31,,,,,,,
JD용수2,2014-05-13,13.12,,,,,,,
JD용수2,2014-05-14,13.45,,,,,,,
JD용수2,2014-05-15,13.61,,,,,,,
JD용수2,2014-05-16,13.58,,,,,,,
JD용수2,2014-05-17,13.49,,,,,,,
JD용수2,2014-05-18,13.39,,,,,,,
JD용수2,2014-05-19,13.25,,,,,,,
JD용수2,2014-05-20,13.72,,,,,,,
JD용수2,2014-05-21,14.92,,,,,,,
JD용수2,2014-05-22,15.2,,,,,,,
JD용수2,2014-05-23,15.25,,,,,,,
JD용수2,2014-05-24,15.24,,,,,,,
JD용수2,2014-05-25,15.31,,,,,,,
JD용수2,2014-05-26,15.81,,,,,,,
JD용수2,2014-05-27,15.97,,,,,,,
JD용수2,2014-05-28,16.01,,,,,,,
JD용수2,2014-05-29,15.96,,,,,,,
JD용수2,2014-05-30,15.86,,,,,,,
JD용수2,2014-05-31,15.75,,,,,,,
JD용수2,2014-06-01,15.64,,,,,,,
JD용수2,2014-06-02,15.6,,,,,,,
JD용수2,2014-06-03,15.51,,,,,,,
JD용수2,2014-06-04,15.4,,,,,,,
JD용수2,2014-06-05,15.26,,,,,,,
JD용수2,2014-06-06,15.09,,,,,,,
JD용수2,2014-06-07,14.94,,,,,,,
JD용수2,2014-06-08,14.79,,,,,,,
JD용수2,2014-06-09,14.63,,,,,,,
JD용수2,2014-06-10,14.49,,,,,,,
JD용수2,2014-06-11,14.35,,,,,,,
JD용수2,2014-06-12,14.22,,,,,,,
JD용수2,2014-06-13,14.07,,,,,,,
JD용수2,2014-06-14,13.93,,,,,,,
JD용수2,2014-06-15,13.81,,,,,,,
JD용수2,2014-06-16,13.71,,,,,,,
JD용수2,2014-06-17,13.94,,,,,,,
JD용수2,2014-06-18,14.56,,,,,,,
JD용수2,2014-06-19,14.68,,,,,,,
JD용수2,2014-06-20,14.67,,,,,,,
JD용수2,2014-06-21,14.61,,,,,,,
JD용수2,2014-06-22,14.53,,,,,,,
JD용수2,2014-06-23,14.44,,,,,,,
JD용수2,2014-06-24,14.33,,,,,,,
JD용수2,2014-06-25,14.22,,,,,,,
JD용수2,2014-06-26,14.13,,,,,,,
JD용수2,2014-06-27,14.04,,,,,,,
JD용수2,2014-06-28,13.93,,,,,,,
JD용수2,2014-06-29,13.82,,,,,,,
JD용수2,2014-06-30,13.69,,,,,,,
JD용수2,2014-07-01,13.57,,,,,,,
JD용수2,2014-07-02,13.51,,,,,,,
JD용수2,2014-07-03,13.52,,,,,,,
JD용수2,2014-07-04,13.44,,,,,,,
JD용수2,2014-07-05,13.34,,,,,,,
JD용수2,2014-07-06,15.09,,,,,,,
JD용수2,2014-07-07,16.77,,,,,,,
JD용수2,2014-07-08,17.18,,,,,,,
JD용수2,2014-07-09,17.46,,,,,,,
JD용수2,2014-07-10,17.58,,,,,,,
JD용수2,2014-07-11,17.6,,,,,,,
JD용수2,2014-07-12,17.59,,,,,,,
JD용수2,2014-07-13,17.63,,,,,,,
JD용수2,2014-07-14,17.66,,,,,,,
JD용수2,2014-07-15,17.62,,,,,,,
JD용수2,2014-07-16,17.77,,,,,,,
JD용수2,2014-07-17,17.83,,,,,,,
JD용수2,2014-07-18,17.78,,,,,,,
JD용수2,2014-07-19,17.69,,,,,,,
JD용수2,2014-07-20,17.6,,,,,,,
JD용수2,2014-07-21,17.52,,,,,,,
JD용수2,2014-07-22,17.42,,,,,,,
JD용수2,2014-07-23,17.32,,,,,,,
JD용수2,2014-07-24,17.22,,,,,,,
JD용수2,2014-07-25,17.11,,,,,,,
JD용수2,2014-07-26,16.98,,,,,,,
JD용수2,2014-07-27,16.87,,,,,,,
JD용수2,2014-07-28,16.78,,,,,,,
JD용수2,2014-07-29,16.68,,,,,,,
JD용수2,2014-07-30,16.56,,,,,,,
JD용수2,2014-07-31,16.48,,,,,,,
JD용수2,2014-08-01,16.44,,,,,,,
JD용수2,2014-08-02,16.57,,,,,,,
JD용수2,2014-08-03,16.89,,,,,,,
JD용수2,2014-08-04,17.03,,,,,,,
JD용수2,2014-08-05,17.1,,,,,,,
JD용수2,2014-08-06,17.11,,,,,,,
JD용수2,2014-08-07,17.09,,,,,,,
JD용수2,2014-08-08,17.06,,,,,,,
JD용수2,2014-08-09,17.02,,,,,,,
JD용수2,2014-08-10,16.97,,,,,,,
JD용수2,2014-08-11,16.89,,,,,,,
JD용수2,2014-08-12,16.79,,,,,,,
JD용수2,2014-08-13,16.7,,,,,,,
JD용수2,2014-08-14,16.63,,,,,,,
JD용수2,2014-08-15,16.56,,,,,,,
JD용수2,2014-08-16,16.47,,,,,,,
JD용수2,2014-08-17,16.39,,,,,,,
JD용수2,2014-08-18,16.32,,,,,,,
JD용수2,2014-08-19,16.45,,,,,,,
JD용수2,2014-08-20,17.07,,,,,,,
JD용수2,2014-08-21,18.1,,,,,,,
JD용수2,2014-08-22,18.31,,,,,,,
JD용수2,2014-08-23,18.34,,,,,,,
JD용수2,2014-08-24,18.31,,,,,,,
JD용수2,2014-08-25,18.27,,,,,,,
JD용수2,2014-08-26,18.17,,,,,,,
JD용수2,2014-08-27,18.08,,,,,,,
JD용수2,2014-08-28,18.1,,,,,,,
JD용수2,2014-08-29,18.27,,,,,,,
JD용수2,2014-08-30,18.28,,,,,,,
JD용수2,2014-08-31,18.24,,,,,,,
JD용수2,2014-09-01,18.16,,,,,,,
JD용수2,2014-09-02,18.09,,,,,,,
JD용수2,2014-09-03,18.02,,,,,,,
JD용수2,2014-09-04,17.93,,,,,,,
JD용수2,2014-09-05,17.84,,,,,,,
JD용수2,2014-09-06,17.73,,,,,,,
JD용수2,2014-09-07,17.65,,,,,,,
JD용수2,2014-09-08,17.56,,,,,,,
JD용수2,2014-09-09,17.45,,,,,,,
JD용수2,2014-09-10,17.33,,,,,,,
JD용수2,2014-09-11,17.22,,,,,,,
JD용수2,2014-09-12,17.11,,,,,,,
JD용수2,2014-09-13,17.03,,,,,,,
JD용수2,2014-09-14,16.93,,,,,,,
JD용수2,2014-09-15,16.83,,,,,,,
JD용수2,2014-09-16,16.72,,,,,,,
JD용수2,2014-09-17,16.61,,,,,,,
JD용수2,2014-09-18,16.49,,,,,,,
JD용수2,2014-09-19,16.41,,,,,,,
JD용수2,2014-09-20,16.38,,,,,,,
JD용수2,2014-09-21,16.32,,,,,,,
JD용수2,2014-09-22,16.24,,,,,,,
JD용수2,2014-09-23,16.19,,,,,,,
JD용수2,2014-09-24,16.31,,,,,,,
JD용수2,2014-09-25,16.39,,,,,,,
JD용수2,2014-09-26,16.35,,,,,,,
JD용수2,2014-09-27,16.29,,,,,,,
JD용수2,2014-09-28,16.22,,,,,,,
JD용수2,2014-09-29,16.16,,,,,,,
JD용수2,2014-09-30,16.19,,,,,,,
JD용수2,2014-10-01,16.23,,,,,,,
JD용수2,2014-10-02,16.21,,,,,,,
JD용수2,2014-10-03,16.14,,,,,,,
JD용수2,2014-10-04,16.05,,,,,,,
JD용수2,2014-10-05,15.97,,,,,,,
JD용수2,2014-10-06,15.85,,,,,,,
JD용수2,2014-10-07,15.7,,,,,,,
JD용수2,2014-10-08,15.57,,,,,,,
JD용수2,2014-10-09,15.46,,,,,,,
JD용수2,2014-10-10,15.36,,,,,,,
JD용수2,2014-10-11,15.29,,,,,,,
JD용수2,2014-10-12,15.29,,,,,,,
JD용수2,2014-10-13,15.39,,,,,,,
JD용수2,2014-10-14,15.4,,,,,,,
JD용수2,2014-10-15,15.33,,,,,,,
JD용수2,2014-10-16,15.23,,,,,,,
JD용수2,2014-10-17,15.13,,,,,,,
JD용수2,2014-10-18,15.04,,,,,,,
JD용수2,2014-10-19,14.96,,,,,,,
JD용수2,2014-10-20,14.9,,,,,,,
JD용수2,2014-10-21,14.91,,,,,,,
JD용수2,2014-10-22,14.89,,,,,,,
JD용수2,2014-10-23,14.8,,,,,,,
JD용수2,2014-10-24,14.72,,,,,,,
JD용수2,2014-10-25,14.65,,,,,,,
JD용수2,2014-10-26,14.57,,,,,,,
JD용수2,2014-10-27,14.47,,,,,,,
JD용수2,2014-10-28,14.35,,,,,,,
JD용수2,2014-10-29,14.27,,,,,,,
JD용수2,2014-10-30,14.23,,,,,,,
JD용수2,2014-10-31,14.26,,,,,,,
JD용수2,2014-11-01,14.43,,,,,,,
JD용수2,2014-11-02,14.46,,,,,,,
JD용수2,2014-11-03,14.39,,,,,,,
JD용수2,2014-11-04,14.31,,,,,,,
JD용수2,2014-11-05,14.23,,,,,,,
JD용수2,2014-11-06,14.15,,,,,,,
JD용수2,2014-11-07,14.05,,,,,,,
JD용수2,2014-11-08,13.98,,,,,,,
JD용수2,2014-11-09,13.92,,,,,,,
JD용수2,2014-11-10,13.86,,,,,,,
JD용수2,2014-11-11,13.81,,,,,,,
JD용수2,2014-11-12,13.75,,,,,,,
JD용수2,2014-11-13,13.63,,,,,,,
JD용수2,2014-11-14,13.54,,,,,,,
JD용수2,2014-11-15,13.46,,,,,,,
JD용수2,2014-11-16,13.4,,,,,,,
JD용수2,2014-11-17,13.32,,,,,,,
JD용수2,2014-11-18,13.22,,,,,,,
JD용수2,2014-11-19,13.14,,,,,,,
JD용수2,2014-11-20,13.07,,,,,,,
JD용수2,2014-11-21,12.98,,,,,,,
JD용수2,2014-11-22,12.91,,,,,,,
JD용수2,2014-11-23,12.86,,,,,,,
JD용수2,2014-11-24,12.88,,,,,,,
JD용수2,2014-11-25,13.19,,,,,,,
JD용수2,2014-11-26,13.36,,,,,,,
JD용수2,2014-11-27,13.5,,,,,,,
JD용수2,2014-11-28,13.58,,,,,,,
JD용수2,2014-11-29,13.56,,,,,,,
JD용수2,2014-11-30,13.67,,,,,,,
JD용수2,2014-12-01,13.78,,,,,,,
JD용수2,2014-12-02,13.73,,,,,,,
JD용수2,2014-12-03,13.68,,,,,,,
JD용수2,2014-12-04,13.63,,,,,,,
JD용수2,2014-12-05,13.57,,,,,,,
JD용수2,2014-12-06,13.49,,,,,,,
JD용수2,2014-12-07,13.41,,,,,,,
JD용수2,2014-12-08,13.32,,,,,,,
JD용수2,2014-12-09,13.2,,,,,,,
JD용수2,2014-12-10,13.15,,,,,,,
JD용수2,2014-12-11,13.08,,,,,,,
JD용수2,2014-12-12,12.99,,,,,,,
JD용수2,2014-12-13,12.9,,,,,,,
JD용수2,2014-12-14,12.8,,,,,,,
JD용수2,2014-12-15,12.74,,,,,,,
JD용수2,2014-12-16,12.7,,,,,,,
JD용수2,2014-12-17,12.61,,,,,,,
JD용수2,2014-12-18,12.49,,,,,,,
JD용수2,2014-12-19,12.43,,,,,,,
JD용수2,2014-12-20,12.47,,,,,,,
JD용수2,2014-12-21,12.55,,,,,,,
JD용수2,2014-12-22,12.61,,,,,,,
JD용수2,2014-12-23,12.65,,,,,,,
JD용수2,2014-12-24,12.68,,,,,,,
JD용수2,2014-12-25,12.61,,,,,,,
JD용수2,2014-12-26,12.56,,,,,,,
JD용수2,2014-12-27,12.46,,,,,,,
JD용수2,2014-12-28,12.42,,,,,,,
JD용수2,2014-12-29,12.45,,,,,,,
JD용수2,2014-12-30,12.47,,,,,,,
JD용수2,2014-12-31,12.45,,,,,,,
JD용수2,2015-01-01,12.34,,,,,,,
JD용수2,2015-01-02,12.22,,,,,,,
JD용수2,2015-01-03,12.09,,,,,,,
JD용수2,2015-01-04,12.01,,,,,,,
JD용수2,2015-01-05,11.95,,,,,,,
JD용수2,2015-01-06,11.96,,,,,,,
JD용수2,2015-01-07,11.91,,,,,,,
JD용수2,2015-01-08,11.78,,,,,,,
JD용수2,2015-01-09,11.65,,,,,,,
JD용수2,2015-01-10,11.53,,,,,,,
JD용수2,2015-01-11,11.43,,,,,,,
JD용수2,2015-01-12,11.31,,,,,,,
JD용수2,2015-01-13,11.26,,,,,,,
JD용수2,2015-01-14,11.31,,,,,,,
JD용수2,2015-01-15,11.91,,,,,,,
JD용수2,2015-01-16,12.15,,,,,,,
JD용수2,2015-01-17,12.16,,,,,,,
JD용수2,2015-01-18,12.13,,,,,,,
JD용수2,2015-01-19,12.04,,,,,,,
JD용수2,2015-01-20,11.92,,,,,,,
JD용수2,2015-01-21,11.87,,,,,,,
JD용수2,2015-01-22,12.02,,,,,,,
JD용수2,2015-01-23,12.03,,,,,,,
JD용수2,2015-01-24,11.94,,,,,,,
JD용수2,2015-01-25,11.85,,,,,,,
JD용수2,2015-01-26,12.05,,,,,,,
JD용수2,2015-01-27,12.21,,,,,,,
JD용수2,2015-01-28,12.22,,,,,,,
JD용수2,2015-01-29,12.19,,,,,,,
JD용수2,2015-01-30,12.23,,,,,,,
JD용수2,2015-01-31,12.24,,,,,,,
JD용수2,2015-02-01,12.19,,,,,,,
JD용수2,2015-02-02,12.13,,,,,,,
JD용수2,2015-02-03,12.02,,,,,,,
JD용수2,2015-02-04,11.94,,,,,,,
JD용수2,2015-02-05,11.85,,,,,,,
JD용수2,2015-02-06,11.73,,,,,,,
JD용수2,2015-02-07,11.62,,,,,,,
JD용수2,2015-02-08,11.51,,,,,,,
JD용수2,2015-02-09,11.37,,,,,,,
JD용수2,2015-02-10,11.28,,,,,,,
JD용수2,2015-02-11,11.27,,,,,,,
JD용수2,2015-02-12,11.35,,,,,,,
JD용수2,2015-02-13,11.32,,,,,,,
JD용수2,2015-02-14,11.21,,,,,,,
JD용수2,2015-02-15,11.26,,,,,,,
JD용수2,2015-02-16,12.48,,,,,,,
JD용수2,2015-02-17,12.89,,,,,,,
JD용수2,2015-02-18,12.99,,,,,,,
JD용수2,2015-02-19,12.97,,,,,,,
JD용수2,2015-02-20,12.93,,,,,,,
JD용수2,2015-02-21,12.95,,,,,,,
JD용수2,2015-02-22,13.19,,,,,,,
JD용수2,2015-02-23,13.28,,,,,,,
JD용수2,2015-02-24,13.3,,,,,,,
JD용수2,2015-02-25,13.26,,,,,,,
JD용수2,2015-02-26,13.19,,,,,,,
JD용수2,2015-02-27,13.04,,,,,,,
JD용수2,2015-02-28,12.92,,,,,,,
JD용수2,2015-03-01,12.81,,,,,,,
JD용수2,2015-03-02,12.67,,,,,,,
JD용수2,2015-03-03,12.6,,,,,,,
JD용수2,2015-03-04,12.46,,,,,,,
JD용수2,2015-03-05,12.31,,,,,,,
JD용수2,2015-03-06,12.14,,,,,,,
JD용수2,2015-03-07,11.95,,,,,,,
JD용수2,2015-03-08,11.77,,,,,,,
JD용수2,2015-03-09,11.58,,,,,,,
JD용수2,2015-03-10,11.44,,,,,,,
JD용수2,2015-03-11,11.37,,,,,,,
JD용수2,2015-03-12,11.26,,,,,,,
JD용수2,2015-03-13,11.17,,,,,,,
JD용수2,2015-03-14,11.06,,,,,,,
JD용수2,2015-03-15,10.99,,,,,,,
JD용수2,2015-03-16,10.93,,,,,,,
JD용수2,2015-03-17,10.92,,,,,,,
JD용수2,2015-03-18,12.31,,,,,,,
JD용수2,2015-03-19,14.27,,,,,,,
JD용수2,2015-03-20,14.77,,,,,,,
JD용수2,2015-03-21,14.99,,,,,,,
JD용수2,2015-03-22,15.03,,,,,,,
JD용수2,2015-03-23,14.99,,,,,,,
JD용수2,2015-03-24,14.89,,,,,,,
JD용수2,2015-03-25,14.75,,,,,,,
JD용수2,2015-03-26,14.61,,,,,,,
JD용수2,2015-03-27,14.52,,,,,,,
JD용수2,2015-03-28,14.43,,,,,,,
JD용수2,2015-03-29,14.32,,,,,,,
JD용수2,2015-03-30,14.2,,,,,,,
JD용수2,2015-03-31,14.12,,,,,,,
JD용수2,2015-04-01,14.04,,,,,,,
JD용수2,2015-04-02,13.99,,,,,,,
JD용수2,2015-04-03,13.99,,,,,,,
JD용수2,2015-04-04,13.94,,,,,,,
JD용수2,2015-04-05,13.86,,,,,,,
JD용수2,2015-04-06,14.25,,,,,,,
JD용수2,2015-04-07,14.78,,,,,,,
JD용수2,2015-04-08,14.93,,,,,,,
JD용수2,2015-04-09,14.93,,,,,,,
JD용수2,2015-04-10,14.86,,,,,,,
JD용수2,2015-04-11,14.73,,,,,,,
JD용수2,2015-04-12,14.63,,,,,,,
JD용수2,2015-04-13,14.59,,,,,,,
JD용수2,2015-04-14,14.61,,,,,,,
JD용수2,2015-04-15,14.59,,,,,,,
JD용수2,2015-04-16,14.53,,,,,,,
JD용수2,2015-04-17,14.42,,,,,,,
JD용수2,2015-04-18,14.39,,,,,,,
JD용수2,2015-04-19,15.68,,,,,,,
JD용수2,2015-04-20,16.69,,,,,,,
JD용수2,2015-04-21,16.84,,,,,,,
JD용수2,2015-04-22,16.86,,,,,,,
JD용수2,2015-04-23,16.84,,,,,,,
JD용수2,2015-04-24,16.82,,,,,,,
JD용수2,2015-04-25,16.75,,,,,,,
JD용수2,2015-04-26,16.66,,,,,,,
JD용수2,2015-04-27,16.57,,,,,,,
JD용수2,2015-04-28,16.5,,,,,,,
JD용수2,2015-04-29,16.45,,,,,,,
JD용수2,2015-04-30,16.36,,,,,,,
JD용수2,2015-05-01,16.25,,,,,,,
JD용수2,2015-05-02,16.15,,,,,,,
JD용수2,2015-05-03,16.68,,,,,,,
JD용수2,2015-05-04,17.01,,,,,,,
JD용수2,2015-05-05,17.03,,,,,,,
JD용수2,2015-05-06,17.02,,,,,,,
JD용수2,2015-05-07,16.98,,,,,,,
JD용수2,2015-05-08,16.9,,,,,,,
JD용수2,2015-05-09,16.83,,,,,,,
JD용수2,2015-05-10,16.71,,,,,,,
JD용수2,2015-05-11,16.74,,,,,,,
JD용수2,2015-05-12,18.15,,,,,,,
JD용수2,2015-05-13,18.65,,,,,,,
JD용수2,2015-05-14,18.77,,,,,,,
JD용수2,2015-05-15,18.79,,,,,,,
JD용수2,2015-05-16,18.74,,,,,,,
JD용수2,2015-05-17,18.66,,,,,,,
JD용수2,2015-05-18,18.64,,,,,,,
JD용수2,2015-05-19,18.76,,,,,,,
JD용수2,2015-05-20,18.73,,,,,,,
JD용수2,2015-05-21,18.59,,,,,,,
JD용수2,2015-05-22,18.45,,,,,,,
JD용수2,2015-05-23,18.35,,,,,,,
JD용수2,2015-05-24,18.24,,,,,,,
JD용수2,2015-05-25,18.12,,,,,,,
JD용수2,2015-05-26,17.99,,,,,,,
JD용수2,2015-05-27,17.9,,,,,,,
JD용수2,2015-05-28,17.81,,,,,,,
JD용수2,2015-05-29,17.73,,,,,,,
JD용수2,2015-05-30,17.68,,,,,,,
JD용수2,2015-05-31,17.6,,,,,,,
JD용수2,2015-06-01,17.51,,,,,,,
JD용수2,2015-06-02,17.46,,,,,,,
JD용수2,2015-06-03,17.67,,,,,,,
JD용수2,2015-06-04,17.71,,,,,,,
JD용수2,2015-06-05,17.72,,,,,,,
JD용수2,2015-06-06,17.69,,,,,,,
JD용수2,2015-06-07,17.65,,,,,,,
JD용수2,2015-06-08,17.64,,,,,,,
JD용수2,2015-06-09,17.57,,,,,,,
JD용수2,2015-06-10,17.51,,,,,,,
JD용수2,2015-06-11,17.47,,,,,,,
JD용수2,2015-06-12,17.41,,,,,,,
JD용수2,2015-06-13,17.32,,,,,,,
JD용수2,2015-06-14,17.26,,,,,,,
JD용수2,2015-06-15,17.18,,,,,,,
JD용수2,2015-06-16,17.11,,,,,,,
JD용수2,2015-06-17,17.07,,,,,,,
JD용수2,2015-06-18,17.11,,,,,,,
JD용수2,2015-06-19,17.05,,,,,,,
JD용수2,2015-06-20,16.98,,,,,,,
JD용수2,2015-06-21,16.91,,,,,,,
JD용수2,2015-06-22,16.84,,,,,,,
JD용수2,2015-06-23,16.77,,,,,,,
JD용수2,2015-06-24,16.74,,,,,,,
JD용수2,2015-06-25,17.33,,,,,,,
JD용수2,2015-06-26,17.67,,,,,,,
JD용수2,2015-06-27,17.73,,,,,,,
JD용수2,2015-06-28,17.73,,,,,,,
JD용수2,2015-06-29,17.73,,,,,,,
JD용수2,2015-06-30,17.9,,,,,,,
JD용수2,2015-07-01,18.48,,,,,,,
JD용수2,2015-07-02,18.64,,,,,,,
JD용수2,2015-07-03,18.62,,,,,,,
JD용수2,2015-07-04,18.54,,,,,,,
JD용수2,2015-07-05,18.44,,,,,,,
JD용수2,2015-07-06,18.35,,,,,,,
JD용수2,2015-07-07,18.34,,,,,,,
JD용수2,2015-07-08,18.63,,,,,,,
JD용수2,2015-07-09,18.83,,,,,,,
JD용수2,2015-07-10,18.82,,,,,,,
JD용수2,2015-07-11,18.78,,,,,,,
JD용수2,2015-07-12,19.31,,,,,,,
JD용수2,2015-07-13,19.94,,,,,,,
JD용수2,2015-07-14,20.04,,,,,,,
JD용수2,2015-07-15,20.0,,,,,,,
JD용수2,2015-07-16,19.92,,,,,,,
JD용수2,2015-07-17,19.79,,,,,,,
JD용수2,2015-07-18,19.63,,,,,,,
JD용수2,2015-07-19,19.47,,,,,,,
JD용수2,2015-07-20,19.34,,,,,,,
JD용수2,2015-07-21,19.21,,,,,,,
JD용수2,2015-07-22,19.09,,,,,,,
JD용수2,2015-07-23,18.96,,,,,,,
JD용수2,2015-07-24,18.85,,,,,,,
JD용수2,2015-07-25,18.74,,,,,,,
JD용수2,2015-07-26,18.64,,,,,,,
JD용수2,2015-07-27,18.52,,,,,,,
JD용수2,2015-07-28,18.43,,,,,,,
JD용수2,2015-07-29,18.34,,,,,,,
JD용수2,2015-07-30,18.24,,,,,,,
JD용수2,2015-07-31,18.14,,,,,,,
JD용수2,2015-08-01,18.06,,,,,,,
JD용수2,2015-08-02,17.98,,,,,,,
JD용수2,2015-08-03,17.89,,,,,,,
JD용수2,2015-08-04,17.83,,,,,,,
JD용수2,2015-08-05,17.74,,,,,,,
JD용수2,2015-08-06,17.64,,,,,,,
JD용수2,2015-08-07,17.55,,,,,,,
JD용수2,2015-08-08,17.47,,,,,,,
JD용수2,2015-08-09,17.43,,,,,,,
JD용수2,2015-08-10,17.37,,,,,,,
JD용수2,2015-08-11,17.36,,,,,,,
JD용수2,2015-08-12,17.57,,,,,,,
JD용수2,2015-08-13,17.62,,,,,,,
JD용수2,2015-08-14,17.61,,,,,,,
JD용수2,2015-08-15,17.58,,,,,,,
JD용수2,2015-08-16,17.55,,,,,,,
JD용수2,2015-08-17,17.51,,,,,,,
JD용수2,2015-08-18,17.44,,,,,,,
JD용수2,2015-08-19,17.39,,,,,,,
JD용수2,2015-08-20,17.35,,,,,,,
JD용수2,2015-08-21,17.43,,,,,,,
JD용수2,2015-08-22,17.51,,,,,,,
JD용수2,2015-08-23,17.49,,,,,,,
JD용수2,2015-08-24,17.48,,,,,,,
JD용수2,2015-08-25,17.47,,,,,,,
JD용수2,2015-08-26,17.41,,,,,,,
JD용수2,2015-08-27,17.35,,,,,,,
JD용수2,2015-08-28,17.3,,,,,,,
JD용수2,2015-08-29,17.24,,,,,,,
JD용수2,2015-08-30,17.16,,,,,,,
JD용수2,2015-08-31,17.08,,,,,,,
JD용수2,2015-09-01,17.0,,,,,,,
JD용수2,2015-09-02,16.88,,,,,,,
JD용수2,2015-09-03,16.8,,,,,,,
JD용수2,2015-09-04,16.71,,,,,,,
JD용수2,2015-09-05,16.66,,,,,,,
JD용수2,2015-09-06,16.97,,,,,,,
JD용수2,2015-09-07,17.09,,,,,,,
JD용수2,2015-09-08,17.03,,,,,,,
JD용수2,2015-09-09,16.96,,,,,,,
JD용수2,2015-09-10,16.88,,,,,,,
JD용수2,2015-09-11,16.8,,,,,,,
JD용수2,2015-09-12,16.73,,,,,,,
JD용수2,2015-09-13,16.61,,,,,,,
JD용수2,2015-09-14,16.52,,,,,,,
JD용수2,2015-09-15,16.46,,,,,,,
JD용수2,2015-09-16,16.41,,,,,,,
JD용수2,2015-09-17,16.39,,,,,,,
JD용수2,2015-09-18,16.34,,,,,,,
JD용수2,2015-09-19,16.28,,,,,,,
JD용수2,2015-09-20,16.21,,,,,,,
JD용수2,2015-09-21,16.12,,,,,,,
JD용수2,2015-09-22,16.03,,,,,,,
JD용수2,2015-09-23,16.04,,,,,,,
JD용수2,2015-09-24,16.26,,,,,,,
JD용수2,2015-09-25,16.28,,,,,,,
JD용수2,2015-09-26,16.22,,,,,,,
JD용수2,2015-09-27,16.15,,,,,,,
JD용수2,2015-09-28,16.06,,,,,,,
JD용수2,2015-09-29,15.95,,,,,,,
JD용수2,2015-09-30,16.09,,,,,,,
JD용수2,2015-10-01,17.33,,,,,,,
JD용수2,2015-10-02,17.76,,,,,,,
JD용수2,2015-10-03,17.81,,,,,,,
JD용수2,2015-10-04,17.77,,,,,,,
JD용수2,2015-10-05,17.72,,,,,,,
JD용수2,2015-10-06,17.66,,,,,,,
JD용수2,2015-10-07,17.61,,,,,,,
JD용수2,2015-10-08,17.57,,,,,,,
JD용수2,2015-10-09,17.49,,,,,,,
JD용수2,2015-10-10,17.4,,,,,,,
JD용수2,2015-10-11,17.27,,,,,,,
JD용수2,2015-10-12,17.15,,,,,,,
JD용수2,2015-10-13,17.01,,,,,,,
JD용수2,2015-10-14,16.87,,,,,,,
JD용수2,2015-10-15,16.74,,,,,,,
JD용수2,2015-10-16,16.61,,,,,,,
JD용수2,2015-10-17,16.5,,,,,,,
JD용수2,2015-10-18,16.4,,,,,,,
JD용수2,2015-10-19,16.3,,,,,,,
JD용수2,2015-10-20,16.19,,,,,,,
JD용수2,2015-10-21,16.08,,,,,,,
JD용수2,2015-10-22,15.98,,,,,,,
JD용수2,2015-10-23,15.87,,,,,,,
JD용수2,2015-10-24,15.76,,,,,,,
JD용수2,2015-10-25,15.64,,,,,,,
JD용수2,2015-10-26,15.56,,,,,,,
JD용수2,2015-10-27,15.54,,,,,,,
JD용수2,2015-10-28,15.46,,,,,,,
JD용수2,2015-10-29,15.39,,,,,,,
JD용수2,2015-10-30,15.31,,,,,,,
JD용수2,2015-10-31,15.22,,,,,,,
JD용수2,2015-11-01,15.16,,,,,,,
JD용수2,2015-11-02,15.1,,,,,,,
JD용수2,2015-11-03,14.99,,,,,,,
JD용수2,2015-11-04,14.9,,,,,,,
JD용수2,2015-11-05,14.84,,,,,,,
JD용수2,2015-11-06,14.78,,,,,,,
JD용수2,2015-11-07,14.8,,,,,,,
JD용수2,2015-11-08,15.07,,,,,,,
JD용수2,2015-11-09,15.16,,,,,,,
JD용수2,2015-11-10,15.12,,,,,,,
JD용수2,2015-11-11,15.05,,,,,,,
JD용수2,2015-11-12,14.99,,,,,,,
JD용수2,2015-11-13,15.1,,,,,,,
JD용수2,2015-11-14,15.51,,,,,,,
JD용수2,2015-11-15,15.58,,,,,,,
JD용수2,2015-11-16,15.58,,,,,,,
JD용수2,2015-11-17,15.53,,,,,,,
JD용수2,2015-11-18,15.53,,,,,,,
JD용수2,2015-11-19,15.53,,,,,,,
JD용수2,2015-11-20,15.57,,,,,,,
JD용수2,2015-11-21,15.55,,,,,,,
JD용수2,2015-11-22,15.5,,,,,,,
JD용수2,2015-11-23,15.47,,,,,,,
JD용수2,2015-11-24,15.53,,,,,,,
JD용수2,2015-11-25,15.58,,,,,,,
JD용수2,2015-11-26,15.65,,,,,,,
JD용수2,2015-11-27,15.66,,,,,,,
JD용수2,2015-11-28,15.61,,,,,,,
JD용수2,2015-11-29,15.55,,,,,,,
JD용수2,2015-11-30,15.47,,,,,,,
JD용수2,2015-12-01,15.38,,,,,,,
JD용수2,2015-12-02,15.34,,,,,,,
JD용수2,2015-12-03,15.28,,,,,,,
JD용수2,2015-12-04,15.17,,,,,,,
JD용수2,2015-12-05,15.06,,,,,,,
JD용수2,2015-12-06,14.96,,,,,,,
JD용수2,2015-12-07,14.84,,,,,,,
JD용수2,2015-12-08,14.72,,,,,,,
JD용수2,2015-12-09,14.63,,,,,,,
JD용수2,2015-12-10,14.93,,,,,,,
JD용수2,2015-12-11,15.93,,,,,,,
JD용수2,2015-12-12,16.31,,,,,,,
JD용수2,2015-12-13,16.41,,,,,,,
JD용수2,2015-12-14,16.46,,,,,,,
JD용수2,2015-12-15,16.54,,,,,,,
JD용수2,2015-12-16,16.54,,,,,,,
JD용수2,2015-12-17,16.48,,,,,,,
JD용수2,2015-12-18,16.4,,,,,,,
JD용수2,2015-12-19,16.32,,,,,,,
JD용수2,2015-12-20,16.28,,,,,,,
JD용수2,2015-12-21,16.32,,,,,,,
JD용수2,2015-12-22,16.37,,,,,,,
JD용수2,2015-12-23,16.39,,,,,,,
JD용수2,2015-12-24,16.36,,,,,,,
JD용수2,2015-12-25,16.3,,,,,,,
JD용수2,2015-12-26,16.23,,,,,,,
JD용수2,2015-12-27,16.11,,,,,,,
JD용수2,2015-12-28,15.98,,,,,,,
JD용수2,2015-12-29,15.87,,,,,,,
JD용수2,2015-12-30,15.75,,,,,,,
JD용수2,2015-12-31,15.6,,,,,,,
JD용수2,2016-01-01,15.49,,,,,,,
JD용수2,2016-01-02,15.44,,,,,,,
JD용수2,2016-01-03,15.37,,,,,,,
JD용수2,2016-01-04,15.28,,,,,,,
JD용수2,2016-01-05,15.18,,,,,,,
JD용수2,2016-01-06,15.09,,,,,,,
JD용수2,2016-01-07,14.99,,,,,,,
JD용수2,2016-01-08,14.9,,,,,,,
JD용수2,2016-01-09,14.79,,,,,,,
JD용수2,2016-01-10,14.69,,,,,,,
JD용수2,2016-01-11,14.6,,,,,,,
JD용수2,2016-01-12,14.51,,,,,,,
JD용수2,2016-01-13,14.43,,,,,,,
JD용수2,2016-01-14,14.35,,,,,,,
JD용수2,2016-01-15,14.29,,,,,,,
JD용수2,2016-01-16,14.23,,,,,,,
JD용수2,2016-01-17,14.24,,,,,,,
JD용수2,2016-01-18,14.3,,,,,,,
JD용수2,2016-01-19,14.24,,,,,,,
JD용수2,2016-01-20,14.15,,,,,,,
JD용수2,2016-01-21,14.1,,,,,,,
JD용수2,2016-01-22,14.01,,,,,,,
JD용수2,2016-01-23,13.93,,,,,,,
JD용수2,2016-01-24,13.86,,,,,,,
JD용수2,2016-01-25,13.77,,,,,,,
JD용수2,2016-01-26,13.7,,,,,,,
JD용수2,2016-01-27,13.7,,,,,,,
JD용수2,2016-01-28,13.88,,,,,,,
JD용수2,2016-01-29,14.84,,,,,,,
JD용수2,2016-01-30,15.43,,,,,,,
JD용수2,2016-01-31,15.6,,,,,,,
JD용수2,2016-02-01,15.64,,,,,,,
JD용수2,2016-02-02,15.62,,,,,,,
JD용수2,2016-02-03,15.55,,,,,,,
JD용수2,2016-02-04,15.46,,,,,,,
JD용수2,2016-02-05,15.37,,,,,,,
JD용수2,2016-02-06,15.28,,,,,,,
JD용수2,2016-02-07,15.19,,,,,,,
JD용수2,2016-02-08,15.12,,,,,,,
JD용수2,2016-02-09,15.03,,,,,,,
JD용수2,2016-02-10,14.93,,,,,,,
JD용수2,2016-02-11,14.84,,,,,,,
JD용수2,2016-02-12,15.01,,,,,,,
JD용수2,2016-02-13,16.13,,,,,,,
JD용수2,2016-02-14,16.71,,,,,,,
JD용수2,2016-02-15,16.85,,,,,,,
JD용수2,2016-02-16,16.9,,,,,,,
JD용수2,2016-02-17,16.87,,,,,,,
JD용수2,2016-02-18,16.84,,,,,,,
JD용수2,2016-02-19,16.78,,,,,,,
JD용수2,2016-02-20,16.72,,,,,,,
JD용수2,2016-02-21,16.58,,,,,,,
JD용수2,2016-02-22,16.5,,,,,,,
JD용수2,2016-02-23,16.41,,,,,,,
JD용수2,2016-02-24,16.29,,,,,,,
JD용수2,2016-02-25,16.16,,,,,,,
JD용수2,2016-02-26,16.06,,,,,,,
JD용수2,2016-02-27,15.97,,,,,,,
JD용수2,2016-02-28,15.87,,,,,,,
JD용수2,2016-02-29,15.73,,,,,,,
JD용수2,2016-03-01,15.59,,,,,,,
JD용수2,2016-03-02,15.48,,,,,,,
JD용수2,2016-03-03,15.38,,,,,,,
JD용수2,2016-03-04,15.29,,,,,,,
JD용수2,2016-03-05,15.22,,,,,,,
JD용수2,2016-03-06,15.83,,,,,,,
JD용수2,2016-03-07,16.26,,,,,,,
JD용수2,2016-03-08,16.35,,,,,,,
JD용수2,2016-03-09,16.61,,,,,,,
JD용수2,2016-03-10,16.83,,,,,,,
JD용수2,2016-03-11,16.88,,,,,,,
JD용수2,2016-03-12,16.87,,,,,,,
JD용수2,2016-03-13,16.85,,,,,,,
JD용수2,2016-03-14,16.81,,,,,,,
JD용수2,2016-03-15,16.73,,,,,,,
JD용수2,2016-03-16,16.67,,,,,,,
JD용수2,2016-03-17,16.61,,,,,,,
JD용수2,2016-03-18,16.62,,,,,,,
JD용수2,2016-03-19,16.56,,,,,,,
JD용수2,2016-03-20,16.46,,,,,,,
JD용수2,2016-03-21,16.39,,,,,,,
JD용수2,2016-03-22,16.32,,,,,,,
JD용수2,2016-03-23,16.24,,,,,,,
JD용수2,2016-03-24,16.12,,,,,,,
JD용수2,2016-03-25,16.0,,,,,,,
JD용수2,2016-03-26,15.89,,,,,,,
JD용수2,2016-03-27,15.79,,,,,,,
JD용수2,2016-03-28,15.67,,,,,,,
JD용수2,2016-03-29,15.56,,,,,,,
JD용수2,2016-03-30,15.48,,,,,,,
JD용수2,2016-03-31,15.41,,,,,,,
JD용수2,2016-04-01,15.32,,,,,,,
JD용수2,2016-04-02,15.24,,,,,,,
JD용수2,2016-04-03,15.22,,,,,,,
JD용수2,2016-04-04,15.45,,,,,,,
JD용수2,2016-04-05,15.52,,,,,,,
JD용수2,2016-04-06,15.53,,,,,,,
JD용수2,2016-04-07,15.77,,,,,,,
JD용수2,2016-04-08,16.07,,,,,,,
JD용수2,2016-04-09,16.15,,,,,,,
JD용수2,2016-04-10,16.16,,,,,,,
JD용수2,2016-04-14,16.86,,,,,,,
JD용수2,2016-04-15,16.88,,,,,,,
JD용수2,2016-04-16,16.97,,,,,,,
JD용수2,2016-04-17,17.22,,,,,,,
JD용수2,2016-04-18,17.29,,,,,,,
JD용수2,2016-04-19,17.24,,,,,,,
JD용수2,2016-04-20,17.24,,,,,,,
JD용수2,2016-04-21,17.3,,,,,,,
JD용수2,2016-04-22,17.32,,,,,,,
JD용수2,2016-04-23,17.29,,,,,,,
JD용수2,2016-04-24,17.24,,,,,,,
JD용수2,2016-04-25,17.17,,,,,,,
JD용수2,2016-04-26,17.12,,,,,,,
JD용수2,2016-04-27,17.12,,,,,,,
JD용수2,2016-04-28,17.05,,,,,,,
JD용수2,2016-04-29,16.95,,,,,,,
JD용수2,2016-04-30,16.87,,,,,,,
JD용수2,2016-05-01,16.77,,,,,,,
JD용수2,2016-05-02,16.7,,,,,,,
JD용수2,2016-05-03,17.24,,,,,,,
JD용수2,2016-05-04,17.73,,,,,,,
JD용수2,2016-05-05,17.77,,,,,,,
JD용수2,2016-05-06,17.79,,,,,,,
JD용수2,2016-05-07,17.71,,,,,,,
JD용수2,2016-05-08,17.65,,,,,,,
JD용수2,2016-05-09,17.62,,,,,,,
JD용수2,2016-05-10,17.7,,,,,,,
JD용수2,2016-05-11,17.83,,,,,,,
JD용수2,2016-05-12,17.82,,,,,,,
JD용수2,2016-05-13,17.74,,,,,,,
JD용수2,2016-05-14,17.65,,,,,,,
JD용수2,2016-05-15,17.63,,,,,,,
JD용수2,2016-05-16,17.56,,,,,,,
JD용수2,2016-05-17,17.47,,,,,,,
JD용수2,2016-05-18,17.39,,,,,,,
JD용수2,2016-05-19,17.28,,,,,,,
JD용수2,2016-05-20,17.19,,,,,,,
JD용수2,2016-05-21,17.1,,,,,,,
JD용수2,2016-05-22,17.03,,,,,,,
JD용수2,2016-05-23,16.97,,,,,,,
JD용수2,2016-05-24,16.93,,,,,,,
JD용수2,2016-05-25,16.87,,,,,,,
JD용수2,2016-05-26,16.8,,,,,,,
JD용수2,2016-05-27,16.74,,,,,,,
JD용수2,2016-05-28,16.72,,,,,,,
JD용수2,2016-05-29,16.78,,,,,,,
JD용수2,2016-05-30,16.8,,,,,,,
JD용수2,2016-05-31,16.8,,,,,,,
JD용수2,2016-06-03,16.67,,,,,,,
JD용수2,2016-06-04,16.66,,,,,,,
JD용수2,2016-06-05,16.59,,,,,,,
JD용수2,2016-06-06,16.52,,,,,,,
JD용수2,2016-06-07,16.44,,,,,,,
JD용수2,2016-06-08,16.37,,,,,,,
JD용수2,2016-06-09,16.3,,,,,,,
JD용수2,2016-06-10,16.22,,,,,,,
JD용수2,2016-06-11,16.15,,,,,,,
JD용수2,2016-06-12,16.11,,,,,,,
JD용수2,2016-06-13,16.08,,,,,,,
JD용수2,2016-06-14,16.03,,,,,,,
JD용수2,2016-06-15,15.99,,,,,,,
JD용수2,2016-06-16,15.94,,,,,,,
JD용수2,2016-06-17,15.83,,,,,,,
JD용수2,2016-06-18,15.75,,,,,,,
JD용수2,2016-06-19,15.69,,,,,,,
JD용수2,2016-06-20,15.65,,,,,,,
JD용수2,2016-06-21,15.62,,,,,,,
JD용수2,2016-06-22,16.01,,,,,,,
JD용수2,2016-06-23,16.86,,,,,,,
JD용수2,2016-06-24,17.09,,,,,,,
JD용수2,2016-06-25,17.1,,,,,,,
JD용수2,2016-06-26,17.09,,,,,,,
JD용수2,2016-06-27,17.08,,,,,,,
JD용수2,2016-06-28,17.14,,,,,,,
JD용수2,2016-06-29,17.82,,,,,,,
JD용수2,2016-06-30,18.34,,,,,,,
JD용수2,2016-07-01,18.5,,,,,,,
JD용수2,2016-07-02,18.67,,,,,,,
JD용수2,2016-07-03,18.74,,,,,,,
JD용수2,2016-07-04,18.73,,,,,,,
JD용수2,2016-07-05,18.66,,,,,,,
JD용수2,2016-07-06,18.56,,,,,,,
JD용수2,2016-07-07,18.47,,,,,,,
JD용수2,2016-07-08,18.35,,,,,,,
JD용수2,2016-07-09,18.28,,,,,,,
JD용수2,2016-07-10,18.23,,,,,,,
JD용수2,2016-07-15,19.03,,,,,,,
JD용수2,2016-07-16,18.97,,,,,,,
JD용수2,2016-07-17,18.83,,,,,,,
JD용수2,2016-07-18,18.7,,,,,,,
JD용수2,2016-07-19,18.59,,,,,,,
JD용수2,2016-07-20,18.47,,,,,,,
JD용수2,2016-07-21,18.35,,,,,,,
JD용수2,2016-07-22,18.23,,,,,,,
JD용수2,2016-07-23,18.11,,,,,,,
JD용수2,2016-07-24,18.0,,,,,,,
JD용수2,2016-07-25,17.87,,,,,,,
JD용수2,2016-07-26,17.78,,,,,,,
JD용수2,2016-07-27,17.69,,,,,,,
JD용수2,2016-07-28,17.62,,,,,,,
JD용수2,2016-07-29,17.51,,,,,,,
JD용수2,2016-07-30,17.34,,,,,,,
JD용수2,2016-07-31,17.24,,,,,,,
JD용수2,2016-08-01,17.14,,,,,,,
JD용수2,2016-08-02,17.11,,,,,,,
JD용수2,2016-08-03,17.06,,,,,,,
JD용수2,2016-08-04,17.08,,,,,,,
JD용수2,2016-08-05,17.06,,,,,,,
JD용수2,2016-08-17,16.39,,,,,,,
JD용수2,2016-08-18,16.4,,,,,,,
JD용수2,2016-08-19,16.36,,,,,,,
JD용수2,2016-08-20,16.37,,,,,,,
JD용수2,2016-08-21,16.36,,,,,,,
JD용수2,2016-08-22,16.3,,,,,,,
JD용수2,2016-08-23,16.23,,,,,,,
JD용수2,2016-08-24,16.17,,,,,,,
JD용수2,2016-08-25,16.09,,,,,,,
JD용수2,2016-08-26,16.01,,,,,,,
JD용수2,2016-08-27,15.96,,,,,,,
JD용수2,2016-08-28,16.01,,,,,,,
JD용수2,2016-08-29,16.02,,,,,,,
JD용수2,2016-08-30,16.01,,,,,,,
JD용수2,2016-08-31,15.96,,,,,,,
JD용수2,2016-09-01,15.9,,,,,,,
JD용수2,2016-09-02,15.87,,,,,,,
JD용수2,2016-09-03,15.84,,,,,,,
JD용수2,2016-09-04,15.77,,,,,,,
JD용수2,2016-09-05,15.7,,,,,,,
JD용수2,2016-09-06,15.64,,,,,,,
JD용수2,2016-09-07,15.58,,,,,,,
JD용수2,2016-09-08,15.5,,,,,,,
JD용수2,2016-09-09,15.39,,,,,,,
JD용수2,2016-09-10,15.29,,,,,,,
JD용수2,2016-09-11,15.19,,,,,,,
JD용수2,2016-09-12,15.12,,,,,,,
JD용수2,2016-09-13,15.04,,,,,,,
JD용수2,2016-09-14,14.95,,,,,,,
JD용수2,2016-09-15,14.89,,,,,,,
JD용수2,2016-09-16,14.86,,,,,,,
JD용수2,2016-09-17,14.84,,,,,,,
JD용수2,2016-09-18,14.82,,,,,,,
JD용수2,2016-09-19,14.79,,,,,,,
JD용수2,2016-09-20,14.69,,,,,,,
JD용수2,2016-09-21,14.57,,,,,,,
JD용수2,2016-09-22,14.5,,,,,,,
JD용수2,2016-09-23,14.4,,,,,,,
JD용수2,2016-09-24,14.33,,,,,,,
JD용수2,2016-09-25,14.24,,,,,,,
JD용수2,2016-09-26,14.17,,,,,,,
JD용수2,2016-09-27,14.1,,,,,,,
JD용수2,2016-09-28,14.29,,,,,,,
JD용수2,2016-09-29,15.03,,,,,,,
JD용수2,2016-09-30,15.34,,,,,,,
JD용수2,2016-10-01,15.62,,,,,,,
JD용수2,2016-10-02,15.71,,,,,,,
JD용수2,2016-10-03,15.73,,,,,,,
JD용수2,2016-10-04,15.69,,,,,,,
JD용수2,2016-10-05,16.57,,,,,,,
JD용수2,2016-10-06,17.51,,,,,,,
JD용수2,2016-10-07,17.7,,,,,,,
JD용수2,2016-10-08,17.79,,,,,,,
JD용수2,2016-10-09,17.88,,,,,,,
JD용수2,2016-10-10,17.89,,,,,,,
JD용수2,2016-10-11,17.84,,,,,,,
JD용수2,2016-10-12,17.75,,,,,,,
JD용수2,2016-10-13,17.65,,,,,,,
JD용수2,2016-10-14,17.55,,,,,,,
JD용수2,2016-10-15,17.44,,,,,,,
JD용수2,2016-10-16,17.37,,,,,,,
JD용수2,2016-10-17,17.26,,,,,,,
JD용수2,2016-10-18,17.14,,,,,,,
JD용수2,2016-10-19,17.03,,,,,,,
JD용수2,2016-10-20,16.93,,,,,,,
JD용수2,2016-10-21,16.84,,,,,,,
JD용수2,2016-10-22,16.89,,,,,,,
JD용수2,2016-10-23,16.97,,,,,,,
JD용수2,2016-10-24,16.93,,,,,,,
JD용수2,2016-10-25,16.87,,,,,,,
JD용수2,2016-10-26,16.8,,,,,,,
JD용수2,2016-10-27,16.75,,,,,,,
JD용수2,2016-10-28,16.82,,,,,,,
JD용수2,2016-10-29,16.91,,,,,,,
JD용수2,2016-10-30,16.88,,,,,,,
JD용수2,2016-10-31,16.83,,,,,,,
JD용수2,2016-11-01,16.74,,,,,,,
JD용수2,2016-11-02,16.66,,,,,,,
JD용수2,2016-11-03,16.6,,,,,,,
JD용수2,2016-11-04,16.55,,,,,,,
JD용수2,2016-11-05,16.49,,,,,,,
JD용수2,2016-11-06,16.38,,,,,,,
JD용수2,2016-11-07,16.28,,,,,,,
JD용수2,2016-11-08,16.19,,,,,,,
JD용수2,2016-11-09,16.08,,,,,,,
JD용수2,2016-11-10,16.03,,,,,,,
JD용수2,2016-11-11,15.96,,,,,,,
JD용수2,2016-11-12,15.87,,,,,,,
JD용수2,2016-11-13,15.79,,,,,,,
JD용수2,2016-11-14,15.78,,,,,,,
JD용수2,2016-11-15,15.76,,,,,,,
JD용수2,2016-11-16,15.68,,,,,,,
JD용수2,2016-11-17,15.6,,,,,,,
JD용수2,2016-11-18,15.55,,,,,,,
JD용수2,2016-11-19,15.52,,,,,,,
JD용수2,2016-11-20,15.48,,,,,,,
JD용수2,2016-11-21,15.46,,,,,,,
JD용수2,2016-11-22,15.38,,,,,,,
JD용수2,2016-11-23,15.28,,,,,,,
JD용수2,2016-11-24,15.18,,,,,,,
JD용수2,2016-11-25,15.09,,,,,,,
JD용수2,2016-11-26,15.03,,,,,,,
JD용수2,2016-11-27,15.02,,,,,,,
JD용수2,2016-11-28,14.94,,,,,,,
JD용수2,2016-11-29,14.85,,,,,,,
JD용수2,2016-11-30,14.78,,,,,,,
JD용수2,2016-12-01,14.7,,,,,,,
JD용수2,2016-12-02,14.59,,,,,,,
JD용수2,2016-12-03,14.52,,,,,,,
JD용수2,2016-12-04,14.49,,,,,,,
JD용수2,2016-12-05,14.43,,,,,,,
JD용수2,2016-12-06,14.33,,,,,,,
JD용수2,2016-12-07,14.28,,,,,,,
JD용수2,2016-12-08,14.23,,,,,,,
JD용수2,2016-12-09,14.17,,,,,,,
JD용수2,2016-12-10,14.09,,,,,,,
JD용수2,2016-12-11,14.02,,,,,,,
JD용수2,2016-12-12,13.97,,,,,,,
JD용수2,2016-12-13,13.95,,,,,,,
JD용수2,2016-12-14,13.89,,,,,,,
JD용수2,2016-12-15,13.82,,,,,,,
JD용수2,2016-12-16,13.74,,,,,,,
JD용수2,2016-12-17,13.65,,,,,,,
JD용수2,2016-12-18,13.58,,,,,,,
JD용수2,2016-12-19,13.56,,,,,,,
JD용수2,2016-12-20,13.7,,,,,,,
JD용수2,2016-12-21,13.74,,,,,,,
JD용수2,2016-12-22,14.37,,,,,,,
JD용수2,2016-12-23,14.79,,,,,,,
JD용수2,2016-12-24,14.86,,,,,,,
JD용수2,2016-12-25,14.85,,,,,,,
JD용수2,2016-12-26,14.93,,,,,,,
JD용수2,2016-12-27,15.37,,,,,,,
JD용수2,2016-12-28,15.5,,,,,,,
JD용수2,2016-12-29,15.51,,,,,,,
JD용수2,2016-12-30,15.4,,,,,,,
JD용수2,2016-12-31,15.31,,,,,,,
JD용수2,2017-01-01,15.2,,,,,,,
JD용수2,2017-01-02,15.13,,,,,,,
JD용수2,2017-01-03,15.04,,,,,,,
JD용수2,2017-01-04,14.96,,,,,,,
JD용수2,2017-01-05,14.86,,,,,,,
JD용수2,2017-01-06,14.77,,,,,,,
JD용수2,2017-01-07,14.71,,,,,,,
JD용수2,2017-01-08,14.74,,,,,,,
JD용수2,2017-01-09,14.7,,,,,,,
JD용수2,2017-01-10,14.61,,,,,,,
JD용수2,2017-01-11,14.49,,,,,,,
JD용수2,2017-01-12,14.42,,,,,,,
JD용수2,2017-01-13,14.34,,,,,,,
JD용수2,2017-01-14,14.22,,,,,,,
JD용수2,2017-01-15,14.11,,,,,,,
JD용수2,2017-01-16,14.01,,,,,,,
JD용수2,2017-01-17,13.89,,,,,,,
JD용수2,2017-01-18,13.79,,,,,,,
JD용수2,2017-01-19,13.72,,,,,,,
JD용수2,2017-01-20,13.63,,,,,,,
JD용수2,2017-01-21,13.52,,,,,,,
JD용수2,2017-01-22,13.43,,,,,,,
JD용수2,2017-01-23,13.33,,,,,,,
JD용수2,2017-01-24,13.23,,,,,,,
JD용수2,2017-01-25,13.15,,,,,,,
JD용수2,2017-01-26,13.09,,,,,,,
JD용수2,2017-01-27,13.02,,,,,,,
JD용수2,2017-01-28,12.98,,,,,,,
JD용수2,2017-01-29,12.99,,,,,,,
JD용수2,2017-01-30,12.92,,,,,,,
JD용수2,2017-01-31,12.85,,,,,,,
JD용수2,2017-02-01,12.78,,,,,,,
JD용수2,2017-02-02,12.69,,,,,,,
JD용수2,2017-02-03,12.63,,,,,,,
JD용수2,2017-02-04,12.59,,,,,,,
JD용수2,2017-02-05,12.63,,,,,,,
JD용수2,2017-02-06,12.6,,,,,,,
JD용수2,2017-02-07,12.55,,,,,,,
JD용수2,2017-02-08,12.5,,,,,,,
JD용수2,2017-02-09,12.46,,,,,,,
JD용수2,2017-02-10,12.41,,,,,,,
JD용수2,2017-02-11,12.31,,,,,,,
JD용수2,2017-02-12,12.21,,,,,,,
JD용수2,2017-02-13,12.11,,,,,,,
JD용수2,2017-02-14,12.01,,,,,,,
JD용수2,2017-02-15,11.93,,,,,,,
JD용수2,2017-02-16,11.92,,,,,,,
JD용수2,2017-02-17,11.88,,,,,,,
JD용수2,2017-02-18,11.8,,,,,,,
JD용수2,2017-02-19,11.78,,,,,,,
JD용수2,2017-02-20,11.81,,,,,,,
JD용수2,2017-02-21,11.74,,,,,,,
JD용수2,2017-02-22,11.88,,,,,,,
JD용수2,2017-02-23,12.41,,,,,,,
JD용수2,2017-02-24,12.55,,,,,,,
JD용수2,2017-02-25,12.6,,,,,,,
JD용수2,2017-02-26,12.57,,,,,,,
JD용수2,2017-02-27,12.5,,,,,,,
JD용수2,2017-02-28,12.42,,,,,,,
JD용수2,2017-03-01,12.36,,,,,,,
JD용수2,2017-03-02,12.27,,,,,,,
JD용수2,2017-03-03,12.17,,,,,,,
JD용수2,2017-03-04,12.1,,,,,,,
JD용수2,2017-03-05,12.08,,,,,,,
JD용수2,2017-03-06,11.97,,,,,,,
JD용수2,2017-03-07,11.92,,,,,,,
JD용수2,2017-03-08,11.86,,,,,,,
JD용수2,2017-03-09,11.75,,,,,,,
JD용수2,2017-03-10,11.6,,,,,,,
JD용수2,2017-03-11,11.49,,,,,,,
JD용수2,2017-03-12,11.4,,,,,,,
JD용수2,2017-03-13,11.38,,,,,,,
JD용수2,2017-03-14,11.35,,,,,,,
JD용수2,2017-03-15,11.26,,,,,,,
JD용수2,2017-03-16,11.17,,,,,,,
JD용수2,2017-03-17,11.08,,,,,,,
JD용수2,2017-03-18,11.04,,,,,,,
JD용수2,2017-03-19,10.99,,,,,,,
JD용수2,2017-03-20,11.02,,,,,,,
JD용수2,2017-03-21,11.18,,,,,,,
JD용수2,2017-03-22,11.22,,,,,,,
JD용수2,2017-03-23,11.18,,,,,,,
JD용수2,2017-03-24,11.15,,,,,,,
JD용수2,2017-03-25,11.09,,,,,,,
JD용수2,2017-03-26,11.04,,,,,,,
JD용수2,2017-03-27,10.95,,,,,,,
JD용수2,2017-03-28,10.87,,,,,,,
JD용수2,2017-03-29,10.84,,,,,,,
JD용수2,2017-03-30,10.8,,,,,,,
JD용수2,2017-03-31,10.81,,,,,,,
JD용수2,2017-04-01,10.88,,,,,,,
JD용수2,2017-04-02,10.84,,,,,,,
JD용수2,2017-04-03,10.74,,,,,,,
JD용수2,2017-04-04,10.67,,,,,,,
JD용수2,2017-04-05,10.68,,,,,,,
JD용수2,2017-04-06,11.37,,,,,,,
JD용수2,2017-04-07,13.04,,,,,,,
JD용수2,2017-04-08,13.65,,,,,,,
JD용수2,2017-04-09,13.91,,,,,,,
JD용수2,2017-04-10,14.05,,,,,,,
JD용수2,2017-04-11,14.08,,,,,,,
JD용수2,2017-04-12,14.0,,,,,,,
JD용수2,2017-04-13,13.89,,,,,,,
JD용수2,2017-04-14,13.8,,,,,,,
JD용수2,2017-04-15,13.69,,,,,,,
JD용수2,2017-04-16,13.57,,,,,,,
JD용수2,2017-04-17,13.64,,,,,,,
JD용수2,2017-04-18,13.87,,,,,,,
JD용수2,2017-04-19,13.85,,,,,,,
JD용수2,2017-04-20,13.8,,,,,,,
JD용수2,2017-04-21,13.73,,,,,,,
JD용수2,2017-04-22,13.59,,,,,,,
JD용수2,2017-04-23,13.42,,,,,,,
JD용수2,2017-04-24,13.26,,,,,,,
JD용수2,2017-04-25,13.09,,,,,,,
JD용수2,2017-04-26,12.94,,,,,,,
JD용수2,2017-04-27,12.8,,,,,,,
JD용수2,2017-04-28,12.68,,,,,,,
JD용수2,2017-04-29,12.57,,,,,,,
JD용수2,2017-04-30,12.45,,,,,,,
JD용수2,2017-05-01,12.31,,,,,,,
JD용수2,2017-05-02,12.16,,,,,,,
JD용수2,2017-05-03,12.04,,,,,,,
JD용수2,2017-05-04,11.93,,,,,,,
JD용수2,2017-05-05,11.86,,,,,,,
JD용수2,2017-05-06,11.77,,,,,,,
JD용수2,2017-05-07,11.66,,,,,,,
JD용수2,2017-05-08,11.57,,,,,,,
JD용수2,2017-05-09,11.56,,,,,,,
JD용수2,2017-05-10,11.53,,,,,,,
JD용수2,2017-05-11,11.46,,,,,,,
JD용수2,2017-05-12,11.59,,,,,,,
JD용수2,2017-05-13,11.99,,,,,,,
JD용수2,2017-05-14,12.09,,,,,,,
JD용수2,2017-05-15,12.08,,,,,,,
JD용수2,2017-05-16,12.03,,,,,,,
JD용수2,2017-05-17,11.93,,,,,,,
JD용수2,2017-05-18,11.79,,,,,,,
JD용수2,2017-05-19,11.63,,,,,,,
JD용수2,2017-05-20,11.46,,,,,,,
JD용수2,2017-05-21,11.34,,,,,,,
JD용수2,2017-05-22,11.26,,,,,,,
JD용수2,2017-05-23,11.27,,,,,,,
JD용수2,2017-05-24,11.3,,,,,,,
JD용수2,2017-05-25,11.33,,,,,,,
JD용수2,2017-05-26,11.34,,,,,,,
JD용수2,2017-05-27,11.25,,,,,,,
JD용수2,2017-05-28,11.15,,,,,,,
JD용수2,2017-05-29,11.05,,,,,,,
JD용수2,2017-05-30,11.0,,,,,,,
JD용수2,2017-05-31,11.08,,,,,,,
JD용수2,2017-06-01,11.16,,,,,,,
JD용수2,2017-06-02,11.22,,,,,,,
JD용수2,2017-06-03,11.18,,,,,,,
JD용수2,2017-06-04,11.12,,,,,,,
JD용수2,2017-06-05,11.03,,,,,,,
JD용수2,2017-06-06,10.95,,,,,,,
JD용수2,2017-06-07,11.13,,,,,,,
JD용수2,2017-06-08,11.18,,,,,,,
JD용수2,2017-06-09,11.13,,,,,,,
JD용수2,2017-06-10,11.07,,,,,,,
JD용수2,2017-06-11,11.0,,,,,,,
JD용수2,2017-06-12,10.9,,,,,,,
JD용수2,2017-06-13,10.79,,,,,,,
JD용수2,2017-06-14,10.71,,,,,,,
JD용수2,2017-06-15,10.66,,,,,,,
JD용수2,2017-06-16,10.62,,,,,,,
JD용수2,2017-06-17,10.59,,,,,,,
JD용수2,2017-06-18,10.55,,,,,,,
JD용수2,2017-06-19,10.51,,,,,,,
JD용수2,2017-06-20,10.59,,,,,,,
JD용수2,2017-06-21,10.73,,,,,,,
JD용수2,2017-06-22,10.77,,,,,,,
JD용수2,2017-06-23,10.71,,,,,,,
JD용수2,2017-06-24,10.69,,,,,,,
JD용수2,2017-06-25,10.74,,,,,,,
JD용수2,2017-06-26,10.73,,,,,,,
JD용수2,2017-06-27,10.65,,,,,,,
JD용수2,2017-06-28,10.53,,,,,,,
JD용수2,2017-06-29,10.82,,,,,,,
JD용수2,2017-06-30,12.14,,,,,,,
JD용수2,2017-07-01,12.45,,,,,,,
JD용수2,2017-07-02,12.5,,,,,,,
JD용수2,2017-07-03,12.45,,,,,,,
JD용수2,2017-07-04,12.36,,,,,,,
JD용수2,2017-07-05,12.22,,,,,,,
JD용수2,2017-07-06,12.09,,,,,,,
JD용수2,2017-07-07,11.95,,,,,,,
JD용수2,2017-07-08,11.82,,,,,,,
JD용수2,2017-07-09,11.65,,,,,,,
JD용수2,2017-07-10,11.54,,,,,,,
JD용수2,2017-07-11,11.55,,,,,,,
JD용수2,2017-07-12,11.69,,,,,,,
JD용수2,2017-07-13,11.66,,,,,,,
JD용수2,2017-07-14,11.55,,,,,,,
JD용수2,2017-07-15,11.41,,,,,,,
JD용수2,2017-07-16,11.21,,,,,,,
JD용수2,2017-07-17,11.03,,,,,,,
JD용수2,2017-07-18,10.9,,,,,,,
JD용수2,2017-07-19,10.83,,,,,,,
JD용수2,2017-07-20,10.77,,,,,,,
JD용수2,2017-07-21,10.71,,,,,,,
JD용수2,2017-07-22,10.59,,,,,,,
JD용수2,2017-07-23,10.57,,,,,,,
JD용수2,2017-07-24,10.58,,,,,,,
JD용수2,2017-07-25,10.62,,,,,,,
JD용수2,2017-07-26,10.66,,,,,,,
JD용수2,2017-07-27,10.63,,,,,,,
JD용수2,2017-07-28,10.57,,,,,,,
JD용수2,2017-07-29,10.52,,,,,,,
JD용수2,2017-07-30,10.53,,,,,,,
JD용수2,2017-07-31,10.51,,,,,,,
JD용수2,2017-08-02,10.38,,,,,,,
JD용수2,2017-08-03,10.44,,,,,,,
JD용수2,2017-08-04,10.47,,,,,,,
JD용수2,2017-08-05,10.51,,,,,,,
JD용수2,2017-08-06,10.54,,,,,,,
JD용수2,2017-08-07,10.55,,,,,,,
JD용수2,2017-08-08,10.51,,,,,,,
JD용수2,2017-08-09,10.8,,,,,,,
JD용수2,2017-08-10,11.05,,,,,,,
JD용수2,2017-08-11,11.04,,,,,,,
JD용수2,2017-08-12,10.92,,,,,,,
JD용수2,2017-08-13,10.8,,,,,,,
JD용수2,2017-08-14,11.41,,,,,,,
JD용수2,2017-08-15,12.11,,,,,,,
JD용수2,2017-08-16,12.3,,,,,,,
JD용수2,2017-08-17,12.34,,,,,,,
JD용수2,2017-08-18,12.32,,,,,,,
JD용수2,2017-08-19,12.36,,,,,,,
JD용수2,2017-08-20,13.52,,,,,,,
JD용수2,2017-08-21,14.59,,,,,,,
JD용수2,2017-08-22,15.15,,,,,,,
JD용수2,2017-08-23,15.38,,,,,,,
JD용수2,2017-08-24,15.53,,,,,,,
JD용수2,2017-08-25,15.61,,,,,,,
JD용수2,2017-08-26,15.59,,,,,,,
JD용수2,2017-08-27,15.53,,,,,,,
JD용수2,2017-08-28,15.46,,,,,,,
JD용수2,2017-08-29,15.36,,,,,,,
JD용수2,2017-08-30,15.25,,,,,,,
JD용수2,2017-08-31,15.11,,,,,,,
JD용수2,2017-09-01,14.97,,,,,,,
JD용수2,2017-09-02,14.8,,,,,,,
JD용수2,2017-09-03,14.63,,,,,,,
JD용수2,2017-09-04,14.47,,,,,,,
JD용수2,2017-09-05,14.33,,,,,,,
JD용수2,2017-09-06,14.22,,,,,,,
JD용수2,2017-09-08,14.24,,,,,,,
JD용수2,2017-09-09,14.16,,,,,,,
JD용수2,2017-09-10,14.03,,,,,,,
JD용수2,2017-09-11,13.96,,,,,,,
JD용수2,2017-09-12,13.85,,,,,,,
JD용수2,2017-09-13,13.69,,,,,,,
JD용수2,2017-09-14,13.56,,,,,,,
JD용수2,2017-09-15,13.45,,,,,,,
JD용수2,2017-09-16,13.35,,,,,,,
JD용수2,2017-09-17,13.26,,,,,,,
JD용수2,2017-09-18,13.06,,,,,,,
JD용수2,2017-09-19,12.9,,,,,,,
JD용수2,2017-09-20,12.79,,,,,,,
JD용수2,2017-09-21,12.66,,,,,,,
JD용수2,2017-09-22,12.54,,,,,,,
JD용수2,2017-09-23,12.39,,,,,,,
JD용수2,2017-09-24,12.27,,,,,,,
JD용수2,2017-09-25,12.15,,,,,,,
JD용수2,2017-09-26,12.12,,,,,,,
JD용수2,2017-09-27,12.14,,,,,,,
JD용수2,2017-09-28,12.07,,,,,,,
JD용수2,2017-09-29,11.92,,,,,,,
JD용수2,2017-09-30,11.79,,,,,,,
JD용수2,2017-10-01,11.93,,,,,,,
JD용수2,2017-10-02,14.05,,,,,,,
JD용수2,2017-10-03,15.35,,,,,,,
JD용수2,2017-10-04,15.67,,,,,,,
JD용수2,2017-10-05,15.84,,,,,,,
JD용수2,2017-10-06,15.96,,,,,,,
JD용수2,2017-10-07,15.98,,,,,,,
JD용수2,2017-10-08,15.95,,,,,,,
JD용수2,2017-10-09,15.89,,,,,,,
JD용수2,2017-10-10,15.82,,,,,,,
JD용수2,2017-10-11,15.73,,,,,,,
JD용수2,2017-10-12,15.63,,,,,,,
JD용수2,2017-10-13,15.5,,,,,,,
JD용수2,2017-10-14,15.38,,,,,,,
JD용수2,2017-10-15,15.24,,,,,,,
JD용수2,2017-10-16,15.11,,,,,,,
JD용수2,2017-10-17,14.98,,,,,,,
JD용수2,2017-10-18,14.86,,,,,,,
JD용수2,2017-10-19,14.72,,,,,,,
JD용수2,2017-10-20,14.58,,,,,,,
JD용수2,2017-10-21,14.46,,,,,,,
JD용수2,2017-10-22,14.37,,,,,,,
JD용수2,2017-10-23,14.21,,,,,,,
JD용수2,2017-10-24,13.99,,,,,,,
JD용수2,2017-10-25,13.84,,,,,,,
JD용수2,2017-10-26,13.62,,,,,,,
JD용수2,2017-10-27,13.56,,,,,,,
JD용수2,2017-10-28,13.46,,,,,,,
JD용수2,2017-10-29,13.35,,,,,,,
JD용수2,2017-10-30,13.18,,,,,,,
JD용수2,2017-10-31,13.04,,,,,,,
JD용수2,2017-11-01,12.91,,,,,,,
JD용수2,2017-11-02,12.8,,,,,,,
JD용수2,2017-11-03,12.68,,,,,,,
JD용수2,2017-11-04,12.56,,,,,,,
JD용수2,2017-11-05,12.49,,,,,,,
JD용수2,2017-11-06,12.45,,,,,,,
JD용수2,2017-11-07,12.4,,,,,,,
JD용수2,2017-11-08,12.31,,,,,,,
JD용수2,2017-11-09,12.21,,,,,,,
JD용수2,2017-11-10,12.17,,,,,,,
JD용수2,2017-11-13,11.96,,,,,,,
JD용수2,2017-11-14,11.93,,,,,,,
JD용수2,2017-11-15,11.85,,,,,,,
JD용수2,2017-11-16,11.79,,,,,,,
JD용수2,2017-11-17,11.78,,,,,,,
JD용수2,2017-11-18,11.72,,,,,,,
JD용수2,2017-11-19,11.6,,,,,,,
JD용수2,2017-11-20,11.48,,,,,,,
JD용수2,2017-11-21,11.37,,,,,,,
JD용수2,2017-11-22,11.32,,,,,,,
JD용수2,2017-11-23,11.25,,,,,,,
JD용수2,2017-11-24,11.15,,,,,,,
JD용수2,2017-11-25,11.08,,,,,,,
JD용수2,2017-11-26,11.04,,,,,,,
JD용수2,2017-11-27,10.96,,,,,,,
JD용수2,2017-11-28,10.93,,,,,,,
JD용수2,2017-11-29,10.93,,,,,,,
JD용수2,2017-11-30,10.9,,,,,,,
JD용수2,2017-12-01,10.83,,,,,,,
JD용수2,2017-12-02,10.8,,,,,,,
JD용수2,2017-12-03,10.79,,,,,,,
JD용수2,2017-12-04,10.76,,,,,,,
JD용수2,2017-12-05,10.72,,,,,,,
JD용수2,2017-12-06,10.71,,,,,,,
JD용수2,2017-12-07,10.69,,,,,,,
JD용수2,2017-12-08,10.65,,,,,,,
JD용수2,2017-12-09,10.65,,,,,,,
JD용수2,2017-12-10,10.67,,,,,,,
JD용수2,2017-12-11,10.65,,,,,,,
JD용수2,2017-12-12,10.6,,,,,,,
JD용수2,2017-12-13,10.54,,,,,,,
JD용수2,2017-12-14,10.51,,,,,,,
JD용수2,2017-12-15,10.49,,,,,,,
JD용수2,2017-12-16,10.44,,,,,,,
JD용수2,2017-12-17,10.39,,,,,,,
JD용수2,2017-12-18,10.36,,,,,,,
JD용수2,2017-12-19,10.31,,,,,,,
JD용수2,2017-12-20,10.26,,,,,,,
JD용수2,2017-12-21,10.2,,,,,,,
JD용수2,2017-12-22,10.17,,,,,,,
JD용수2,2017-12-23,10.13,,,,,,,
JD용수2,2017-12-24,10.2,,,,,,,
JD용수2,2017-12-25,10.21,,,,,,,
JD용수2,2017-12-26,10.18,,,,,,,
JD용수2,2017-12-27,10.12,,,,,,,
JD용수2,2017-12-28,10.09,,,,,,,
JD용수2,2017-12-29,10.05,,,,,,,
JD용수2,2017-12-30,10.03,,,,,,,
JD용수2,2017-12-31,10.03,,,,,,,
JD용수2,2018-01-01,10.0,,,,,,,
JD용수2,2018-01-02,9.97,,,,,,,
JD용수2,2018-01-03,9.92,,,,,,,
JD용수2,2018-01-04,9.91,,,,,,,
JD용수2,2018-01-05,9.93,,,,,,,
JD용수2,2018-01-06,9.92,,,,,,,
JD용수2,2018-01-07,9.92,,,,,,,
JD용수2,2018-01-08,10.01,,,,,,,
JD용수2,2018-01-09,10.06,,,,,,,
JD용수2,2018-01-10,10.06,,,,,,,
JD용수2,2018-01-11,9.99,,,,,,,
JD용수2,2018-01-12,9.93,,,,,,,
JD용수2,2018-01-13,9.9,,,,,,,
JD용수2,2018-01-14,9.92,,,,,,,
JD용수2,2018-01-15,9.94,,,,,,,
JD용수2,2018-01-16,10.09,,,,,,,
JD용수2,2018-01-17,10.89,,,,,,,
JD용수2,2018-01-18,11.09,,,,,,,
JD용수2,2018-01-19,11.13,,,,,,,
JD용수2,2018-01-20,11.07,,,,,,,
JD용수2,2018-01-21,10.96,,,,,,,
JD용수2,2018-01-22,10.83,,,,,,,
JD용수2,2018-01-23,10.68,,,,,,,
JD용수2,2018-01-24,10.5,,,,,,,
JD용수2,2018-01-25,10.33,,,,,,,
JD용수2,2018-01-26,10.19,,,,,,,
JD용수2,2018-01-27,10.11,,,,,,,
JD용수2,2018-01-28,10.14,,,,,,,
JD용수2,2018-01-29,10.14,,,,,,,
JD용수2,2018-01-30,10.07,,,,,,,
JD용수2,2018-01-31,10.0,,,,,,,
JD용수2,2018-02-01,9.94,,,,,,,
JD용수2,2018-02-02,9.89,,,,,,,
JD용수2,2018-02-03,9.85,,,,,,,
JD용수2,2018-02-04,9.82,,,,,,,
JD용수2,2018-02-05,9.8,,,,,,,
JD용수2,2018-02-06,9.78,,,,,,,
JD용수2,2018-02-07,9.74,,,,,,,
JD용수2,2018-02-08,9.73,,,,,,,
JD용수2,2018-02-09,9.75,,,,,,,
JD용수2,2018-02-10,9.73,,,,,,,
JD용수2,2018-02-11,9.68,,,,,,,
JD용수2,2018-02-12,9.64,,,,,,,
JD용수2,2018-02-13,9.59,,,,,,,
JD용수2,2018-02-14,9.57,,,,,,,
JD용수2,2018-02-15,9.55,,,,,,,
JD용수2,2018-02-16,9.54,,,,,,,
JD용수2,2018-02-17,9.49,,,,,,,
JD용수2,2018-02-18,9.45,,,,,,,
JD용수2,2018-02-19,9.45,,,,,,,
JD용수2,2018-02-20,9.45,,,,,,,
JD용수2,2018-02-21,9.42,,,,,,,
JD용수2,2018-02-22,9.4,,,,,,,
JD용수2,2018-02-23,9.37,,,,,,,
JD용수2,2018-02-24,9.32,,,,,,,
JD용수2,2018-02-25,9.3,,,,,,,
JD용수2,2018-02-26,9.28,,,,,,,
JD용수2,2018-02-27,9.26,,,,,,,
JD용수2,2018-02-28,9.95,,,,,,,
JD용수2,2018-03-01,11.9,,,,,,,
JD용수2,2018-03-02,12.46,,,,,,,
JD용수2,2018-03-03,12.7,,,,,,,
JD용수2,2018-03-04,12.77,,,,,,,
JD용수2,2018-03-05,12.76,,,,,,,
JD용수2,2018-03-06,12.59,,,,,,,
JD용수2,2018-03-07,12.51,,,,,,,
JD용수2,2018-03-08,13.03,,,,,,,
JD용수2,2018-03-09,13.55,,,,,,,
JD용수2,2018-03-10,13.68,,,,,,,
JD용수2,2018-03-11,13.68,,,,,,,
JD용수2,2018-03-12,13.62,,,,,,,
JD용수2,2018-03-13,13.53,,,,,,,
JD용수2,2018-03-14,13.42,,,,,,,
JD용수2,2018-03-15,13.36,,,,,,,
JD용수2,2018-03-16,13.69,,,,,,,
JD용수2,2018-03-19,14.17,,,,,,,
JD용수2,2018-03-20,14.53,,,,,,,
JD용수2,2018-03-22,14.89,,,,,,,
JD용수2,2018-03-23,14.89,,,,,,,
JD용수2,2018-03-24,14.79,,,,,,,
JD용수2,2018-03-25,14.69,,,,,,,
JD용수2,2018-03-26,14.56,,,,,,,
JD용수2,2018-03-27,14.44,,,,,,,
JD용수2,2018-03-28,14.31,,,,,,,
JD용수2,2018-03-29,14.16,,,,,,,
JD용수2,2018-03-30,13.99,,,,,,,
JD용수2,2018-03-31,13.84,,,,,,,
JD용수2,2018-04-01,13.68,,,,,,,
JD용수2,2018-04-02,13.54,,,,,,,
JD용수2,2018-04-03,13.38,,,,,,,
JD용수2,2018-04-04,13.25,,,,,,,
JD용수2,2018-04-05,13.15,,,,,,,
JD용수2,2018-04-06,13.11,,,,,,,
JD용수2,2018-04-07,13.02,,,,,,,
JD용수2,2018-04-08,12.93,,,,,,,
JD용수2,2018-04-09,12.79,,,,,,,
JD용수2,2018-04-10,12.68,,,,,,,
JD용수2,2018-04-11,12.62,,,,,,,
JD용수2,2018-04-12,12.49,,,,,,,
JD용수2,2018-04-13,12.35,,,,,,,
JD용수2,2018-04-14,12.4,,,,,,,
JD용수2,2018-04-15,12.44,,,,,,,
JD용수2,2018-04-16,12.36,,,,,,,
JD용수2,2018-04-17,12.27,,,,,,,
JD용수2,2018-04-18,12.18,,,,,,,
JD용수2,2018-04-19,12.11,,,,,,,
JD용수2,2018-04-20,11.99,,,,,,,
JD용수2,2018-04-21,11.86,,,,,,,
JD용수2,2018-04-22,11.84,,,,,,,
JD용수2,2018-04-23,12.9,,,,,,,
JD용수2,2018-04-24,14.92,,,,,,,
JD용수2,2018-04-25,15.69,,,,,,,
JD용수2,2018-04-26,15.95,,,,,,,
JD용수2,2018-04-27,16.06,,,,,,,
JD용수2,2018-04-28,16.11,,,,,,,
JD용수2,2018-04-29,16.15,,,,,,,
JD용수2,2018-04-30,16.14,,,,,,,
JD용수2,2018-05-01,16.11,,,,,,,
JD용수2,2018-05-02,16.07,,,,,,,
JD용수2,2018-05-03,15.95,,,,,,,
JD용수2,2018-05-04,15.83,,,,,,,
JD용수2,2018-05-05,15.71,,,,,,,
JD용수2,2018-05-06,15.99,,,,,,,
JD용수2,2018-05-07,16.82,,,,,,,
JD용수2,2018-05-08,17.1,,,,,,,
JD용수2,2018-05-09,17.09,,,,,,,
JD용수2,2018-05-10,17.02,,,,,,,
JD용수2,2018-05-11,16.98,,,,,,,
JD용수2,2018-05-12,16.95,,,,,,,
JD용수2,2018-05-13,17.41,,,,,,,
JD용수2,2018-05-14,17.89,,,,,,,
JD용수2,2018-05-15,17.97,,,,,,,
JD용수2,2018-05-16,17.95,,,,,,,
JD용수2,2018-05-17,17.89,,,,,,,
JD용수2,2018-05-18,17.83,,,,,,,
JD용수2,2018-05-19,17.76,,,,,,,
JD용수2,2018-05-20,17.66,,,,,,,
JD용수2,2018-05-21,17.53,,,,,,,
JD용수2,2018-05-22,17.45,,,,,,,
JD용수2,2018-05-23,17.4,,,,,,,
JD용수2,2018-05-24,17.32,,,,,,,
JD용수2,2018-05-25,17.21,,,,,,,
JD용수2,2018-05-26,17.16,,,,,,,
JD용수2,2018-05-28,16.96,,,,,,,
JD용수2,2018-05-29,16.89,,,,,,,
JD용수2,2018-05-30,16.8,,,,,,,
JD용수2,2018-05-31,16.68,,,,,,,
JD용수2,2018-06-01,16.57,,,,,,,
JD용수2,2018-06-02,16.47,,,,,,,
JD용수2,2018-06-03,16.38,,,,,,,
JD용수2,2018-06-04,16.31,,,,,,,
JD용수2,2018-06-05,16.25,,,,,,,
JD용수2,2018-06-06,16.18,,,,,,,
JD용수2,2018-06-07,16.1,,,,,,,
JD용수2,2018-06-08,16.04,,,,,,,
JD용수2,2018-06-09,15.97,,,,,,,
JD용수2,2018-06-10,15.95,,,,,,,
JD용수2,2018-06-11,15.96,,,,,,,
JD용수2,2018-06-12,15.95,,,,,,,
JD용수2,2018-06-13,15.89,,,,,,,
JD용수2,2018-06-14,15.84,,,,,,,
JD용수2,2018-06-15,15.76,,,,,,,
JD용수2,2018-06-16,15.66,,,,,,,
JD용수2,2018-06-17,15.56,,,,,,,
JD용수2,2018-06-18,15.48,,,,,,,
JD용수2,2018-06-19,15.45,,,,,,,
JD용수2,2018-06-20,15.72,,,,,,,
JD용수2,2018-06-21,15.83,,,,,,,
JD용수2,2018-06-22,15.8,,,,,,,
JD용수2,2018-06-23,15.76,,,,,,,
JD용수2,2018-06-24,15.68,,,,,,,
JD용수2,2018-06-25,15.59,,,,,,,
JD용수2,2018-06-26,15.51,,,,,,,
JD용수2,2018-06-27,15.45,,,,,,,
JD용수2,2018-06-28,15.6,,,,,,,
JD용수2,2018-06-29,16.62,,,,,,,
JD용수2,2018-06-30,17.0,,,,,,,
JD용수2,2018-07-02,17.5,,,,,,,
JD용수2,2018-07-03,17.57,,,,,,,
JD용수2,2018-07-04,17.54,,,,,,,
JD용수2,2018-07-05,17.5,,,,,,,
JD용수2,2018-07-06,17.43,,,,,,,
JD용수2,2018-07-07,17.38,,,,,,,
JD용수2,2018-07-08,17.3,,,,,,,
JD용수2,2018-07-09,17.21,,,,,,,
JD용수2,2018-07-10,17.13,,,,,,,
JD용수2,2018-07-11,17.02,,,,,,,
JD용수2,2018-07-12,16.92,,,,,,,
JD용수2,2018-07-13,16.8,,,,,,,
JD용수2,2018-07-14,16.71,,,,,,,
JD용수2,2018-07-15,16.56,,,,,,,
JD용수2,2018-07-16,16.46,,,,,,,
JD용수2,2018-07-17,16.37,,,,,,,
JD용수2,2018-07-18,16.28,,,,,,,
JD용수2,2018-07-19,16.15,,,,,,,
JD용수2,2018-07-20,16.03,,,,,,,
JD용수2,2018-07-21,15.92,,,,,,,
JD용수2,2018-07-22,15.89,,,,,,,
JD용수2,2018-07-23,15.78,,,,,,,
JD용수2,2018-07-24,15.66,,,,,,,
JD용수2,2018-07-25,15.55,,,,,,,
JD용수2,2018-07-26,15.44,,,,,,,
JD용수2,2018-07-27,15.32,,,,,,,
JD용수2,2018-07-28,15.24,,,,,,,
JD용수2,2018-07-29,15.19,,,,,,,
JD용수2,2018-07-30,15.15,,,,,,,
JD용수2,2018-07-31,15.01,,,,,,,
JD용수2,2018-08-01,14.92,,,,,,,
JD용수2,2018-08-02,14.79,,,,,,,
JD용수2,2018-08-03,14.82,,,,,,,
JD용수2,2018-08-06,14.57,,,,,,,
JD용수2,2018-08-07,14.56,,,,,,,
JD용수2,2018-08-08,14.59,,,,,,,
JD용수2,2018-08-09,14.53,,,,,,,
JD용수2,2018-08-10,14.49,,,,,,,
JD용수2,2018-08-11,14.43,,,,,,,
JD용수2,2018-08-12,14.37,,,,,,,
JD용수2,2018-08-13,14.29,,,,,,,
JD용수2,2018-08-14,14.23,,,,,,,
JD용수2,2018-08-15,14.12,,,,,,,
JD용수2,2018-08-16,14.11,,,,,,,
JD용수2,2018-08-17,14.15,,,,,,,
JD용수2,2018-08-18,14.1,,,,,,,
JD용수2,2018-08-19,14.0,,,,,,,
JD용수2,2018-08-20,13.93,,,,,,,
JD용수2,2018-08-21,13.87,,,,,,,
JD용수2,2018-08-22,13.85,,,,,,,
JD용수2,2018-08-23,15.27,,,,,,,
JD용수2,2018-08-24,17.11,,,,,,,
JD용수2,2018-08-25,17.5,,,,,,,
JD용수2,2018-08-26,17.63,,,,,,,
JD용수2,2018-08-27,17.63,,,,,,,
JD용수2,2018-08-28,17.56,,,,,,,
JD용수2,2018-08-29,17.45,,,,,,,
JD용수2,2018-08-30,17.31,,,,,,,
JD용수2,2018-08-31,17.23,,,,,,,
JD용수2,2018-09-01,17.19,,,,,,,
JD용수2,2018-09-02,17.17,,,,,,,
JD용수2,2018-09-03,17.12,,,,,,,
JD용수2,2018-09-04,17.11,,,,,,,
JD용수2,2018-09-05,17.03,,,,,,,
JD용수2,2018-09-06,16.95,,,,,,,
JD용수2,2018-09-07,16.98,,,,,,,
JD용수2,2018-09-08,17.01,,,,,,,
JD용수2,2018-09-09,16.94,,,,,,,
JD용수2,2018-09-10,16.84,,,,,,,
JD용수2,2018-09-11,16.73,,,,,,,
JD용수2,2018-09-12,16.63,,,,,,,
JD용수2,2018-09-13,16.6,,,,,,,
JD용수2,2018-09-14,17.04,,,,,,,
JD용수2,2018-09-15,17.14,,,,,,,
JD용수2,2018-09-16,17.12,,,,,,,
JD용수2,2018-09-17,17.06,,,,,,,
JD용수2,2018-09-18,16.98,,,,,,,
JD용수2,2018-09-19,16.92,,,,,,,
JD용수2,2018-09-20,16.87,,,,,,,
JD용수2,2018-09-21,16.89,,,,,,,
JD용수2,2018-09-22,17.07,,,,,,,
JD용수2,2018-09-23,17.08,,,,,,,
JD용수2,2018-09-24,17.02,,,,,,,
JD용수2,2018-09-25,16.94,,,,,,,
JD용수2,2018-09-26,16.82,,,,,,,
JD용수2,2018-09-27,16.7,,,,,,,
JD용수2,2018-09-28,16.58,,,,,,,
JD용수2,2018-09-29,16.52,,,,,,,
JD용수2,2018-09-30,16.46,,,,,,,
JD용수2,2018-10-01,16.29,,,,,,,
JD용수2,2018-10-02,16.1,,,,,,,
JD용수2,2018-10-03,15.96,,,,,,,
JD용수2,2018-10-04,15.89,,,,,,,
JD용수2,2018-10-05,16.07,,,,,,,
JD용수2,2018-10-06,17.4,,,,,,,
JD용수2,2018-10-07,17.79,,,,,,,
JD용수2,2018-10-08,17.85,,,,,,,
JD용수2,2018-10-09,17.82,,,,,,,
JD용수2,2018-10-10,17.74,,,,,,,
JD용수2,2018-10-11,17.63,,,,,,,
JD용수2,2018-10-12,17.52,,,,,,,
JD용수2,2018-10-13,17.42,,,,,,,
JD용수2,2018-10-14,17.31,,,,,,,
JD용수2,2018-10-15,17.2,,,,,,,
JD용수2,2018-10-16,17.1,,,,,,,
JD용수2,2018-10-17,17.03,,,,,,,
JD용수2,2018-10-18,16.88,,,,,,,
JD용수2,2018-10-19,16.76,,,,,,,
JD용수2,2018-10-20,16.59,,,,,,,
JD용수2,2018-10-21,16.48,,,,,,,
JD용수2,2018-10-22,16.37,,,,,,,
JD용수2,2018-10-23,16.29,,,,,,,
JD용수2,2018-10-24,16.19,,,,,,,
JD용수2,2018-10-25,16.1,,,,,,,
JD용수2,2018-10-26,16.06,,,,,,,
JD용수2,2018-10-27,15.97,,,,,,,
JD용수2,2018-10-28,15.89,,,,,,,
JD용수2,2018-10-29,15.76,,,,,,,
JD용수2,2018-10-30,15.6,,,,,,,
JD용수2,2018-10-31,15.47,,,,,,,
JD용수2,2018-11-01,15.29,,,,,,,
JD용수2,2018-11-02,15.18,,,,,,,
JD용수2,2018-11-03,15.08,,,,,,,
JD용수2,2018-11-04,15.0,,,,,,,
JD용수2,2018-11-05,14.9,,,,,,,
JD용수2,2018-11-06,14.82,,,,,,,
JD용수2,2018-11-07,14.77,,,,,,,
JD용수2,2018-11-08,14.8,,,,,,,
JD용수2,2018-11-09,14.95,,,,,,,
JD용수2,2018-11-10,14.95,,,,,,,
JD용수2,2018-11-11,14.94,,,,,,,
JD용수2,2018-11-12,14.93,,,,,,,
JD용수2,2018-11-13,14.89,,,,,,,
JD용수2,2018-11-14,14.81,,,,,,,
JD용수2,2018-11-15,14.72,,,,,,,
JD용수2,2018-11-16,14.66,,,,,,,
JD용수2,2018-11-17,14.57,,,,,,,
JD용수2,2018-11-18,14.5,,,,,,,
JD용수2,2018-11-19,14.42,,,,,,,
JD용수2,2018-11-20,14.31,,,,,,,
JD용수2,2018-11-21,14.25,,,,,,,
JD용수2,2018-11-22,14.13,,,,,,,
JD용수2,2018-11-23,14.06,,,,,,,
JD용수2,2018-11-24,14.0,,,,,,,
JD용수2,2018-11-25,13.93,,,,,,,
JD용수2,2018-11-26,13.87,,,,,,,
JD용수2,2018-11-27,13.81,,,,,,,
JD용수2,2018-11-28,13.74,,,,,,,
JD용수2,2018-11-29,13.63,,,,,,,
JD용수2,2018-11-30,13.54,,,,,,,
JD용수2,2018-12-01,13.48,,,,,,,
JD용수2,2018-12-02,13.45,,,,,,,
JD용수2,2018-12-03,13.43,,,,,,,
JD용수2,2018-12-04,13.47,,,,,,,
JD용수2,2018-12-05,13.49,,,,,,,
JD용수2,2018-12-06,13.49,,,,,,,
JD용수2,2018-12-07,13.43,,,,,,,
JD용수2,2018-12-10,13.23,,,,,,,
JD용수2,2018-12-11,13.21,,,,,,,
JD용수2,2018-12-12,13.16,,,,,,,
JD용수2,2018-12-13,13.09,,,,,,,
JD용수2,2018-12-14,13.01,,,,,,,
JD용수2,2018-12-15,12.96,,,,,,,
JD용수2,2018-12-16,12.97,,,,,,,
JD용수2,2018-12-17,12.94,,,,,,,
JD용수2,2018-12-18,12.88,,,,,,,
JD용수2,2018-12-19,12.85,,,,,,,
JD용수2,2018-12-20,12.84,,,,,,,
JD용수2,2018-12-21,12.92,,,,,,,
JD용수2,2018-12-22,12.93,,,,,,,
JD용수2,2018-12-23,12.93,,,,,,,
JD용수2,2018-12-24,12.94,,,,,,,
JD용수2,2018-12-25,12.94,,,,,,,
JD용수2,2018-12-26,12.92,,,,,,,
JD용수2,2018-12-27,12.85,,,,,,,
JD용수2,2018-12-28,12.76,,,,,,,
JD용수2,2018-12-29,12.65,,,,,,,
JD용수2,2018-12-30,12.56,,,,,,,
JD용수2,2018-12-31,12.48,,,,,,,
JD용수2,2019-01-01,12.4,,,,,,,
JD용수2,2019-01-02,12.31,,,,,,,
JD용수2,2019-01-03,12.23,,,,,,,
JD용수2,2019-01-04,12.18,,,,,,,
JD용수2,2019-01-05,12.15,,,,,,,
JD용수2,2019-01-06,12.09,,,,,,,
JD용수2,2019-01-07,12.03,,,,,,,
JD용수2,2019-01-08,11.97,,,,,,,
JD용수2,2019-01-09,11.89,,,,,,,
JD용수2,2019-01-10,11.86,,,,,,,
JD용수2,2019-01-11,11.83,,,,,,,
JD용수2,2019-01-12,11.84,,,,,,,
JD용수2,2019-01-13,11.8,,,,,,,
JD용수2,2019-01-14,11.73,,,,,,,
JD용수2,2019-01-15,11.66,,,,,,,
JD용수2,2019-01-16,11.57,,,,,,,
JD용수2,2019-01-17,11.49,,,,,,,
JD용수2,2019-01-18,11.41,,,,,,,
JD용수2,2019-01-19,11.39,,,,,,,
JD용수2,2019-01-20,11.36,,,,,,,
JD용수2,2019-01-21,11.31,,,,,,,
JD용수2,2019-01-22,11.27,,,,,,,
JD용수2,2019-01-23,11.22,,,,,,,
JD용수2,2019-01-24,11.18,,,,,,,
JD용수2,2019-01-25,11.13,,,,,,,
JD용수2,2019-01-26,11.07,,,,,,,
JD용수2,2019-01-27,11.03,,,,,,,
JD용수2,2019-01-28,11.01,,,,,,,
JD용수2,2019-01-29,10.96,,,,,,,
JD용수2,2019-01-30,10.94,,,,,,,
JD용수2,2019-01-31,10.99,,,,,,,
JD용수2,2019-02-01,11.09,,,,,,,
JD용수2,2019-02-02,11.09,,,,,,,
JD용수2,2019-02-03,11.21,,,,,,,
JD용수2,2019-02-04,11.32,,,,,,,
JD용수2,2019-02-05,11.35,,,,,,,
JD용수2,2019-02-06,11.33,,,,,,,
JD용수2,2019-02-07,11.29,,,,,,,
JD용수2,2019-02-08,11.22,,,,,,,
JD용수2,2019-02-09,11.1,,,,,,,
JD용수2,2019-02-10,10.97,,,,,,,
JD용수2,2019-02-11,10.88,,,,,,,
JD용수2,2019-02-12,10.81,,,,,,,
JD용수2,2019-02-13,10.76,,,,,,,
JD용수2,2019-02-14,10.73,,,,,,,
JD용수2,2019-02-15,10.73,,,,,,,
JD용수2,2019-02-16,10.7,,,,,,,
JD용수2,2019-02-18,10.65,,,,,,,
JD용수2,2019-02-19,10.8,,,,,,,
JD용수2,2019-02-20,10.94,,,,,,,
JD용수2,2019-02-21,10.96,,,,,,,
JD용수2,2019-02-22,10.92,,,,,,,
JD용수2,2019-02-23,10.86,,,,,,,
JD용수2,2019-02-24,10.79,,,,,,,
JD용수2,2019-02-25,10.73,,,,,,,
JD용수2,2019-02-26,10.68,,,,,,,
JD용수2,2019-02-27,10.65,,,,,,,
JD용수2,2019-02-28,10.63,,,,,,,
JD용수2,2019-03-01,10.58,,,,,,,
JD용수2,2019-03-02,10.58,,,,,,,
JD용수2,2019-03-03,10.62,,,,,,,
JD용수2,2019-03-04,10.71,,,,,,,
JD용수2,2019-03-05,10.69,,,,,,,
JD용수2,2019-03-06,10.7,,,,,,,
JD용수2,2019-03-07,10.69,,,,,,,
JD용수2,2019-03-08,10.59,,,,,,,
JD용수2,2019-03-09,10.53,,,,,,,
JD용수2,2019-03-10,10.65,,,,,,,
JD용수2,2019-03-11,10.79,,,,,,,
JD용수2,2019-03-12,10.82,,,,,,,
JD용수2,2019-03-13,10.72,,,,,,,
JD용수2,2019-03-14,10.59,,,,,,,
JD용수2,2019-03-15,10.5,,,,,,,
JD용수2,2019-03-16,10.41,,,,,,,
JD용수2,2019-03-17,10.34,,,,,,,
JD용수2,2019-03-18,10.32,,,,,,,
JD용수2,2019-03-19,10.33,,,,,,,
JD용수2,2019-03-20,10.36,,,,,,,
JD용수2,2019-03-21,10.43,,,,,,,
JD용수2,2019-03-22,10.44,,,,,,,
JD용수2,2019-03-23,10.36,,,,,,,
JD용수2,2019-03-24,10.26,,,,,,,
JD용수2,2019-03-25,10.21,,,,,,,
JD용수2,2019-03-26,10.16,,,,,,,
JD용수2,2019-03-27,10.13,,,,,,,
JD용수2,2019-03-28,10.13,,,,,,,
JD용수2,2019-03-29,10.11,,,,,,,
JD용수2,2019-03-30,10.08,,,,,,,
JD용수2,2019-03-31,9.97,,,,,,,
JD용수2,2019-04-01,9.87,,,,,,,
JD용수2,2019-04-02,9.78,,,,,,,
JD용수2,2019-04-03,9.69,,,,,,,
JD용수2,2019-04-04,9.64,,,,,,,
JD용수2,2019-04-05,9.67,,,,,,,
JD용수2,2019-04-06,9.69,,,,,,,
JD용수2,2019-04-07,9.76,,,,,,,
JD용수2,2019-04-08,9.8,,,,,,,
JD용수2,2019-04-09,9.81,,,,,,,
JD용수2,2019-04-10,9.89,,,,,,,
JD용수2,2019-04-11,9.9,,,,,,,
JD용수2,2019-04-12,9.77,,,,,,,
JD용수2,2019-04-15,9.61,,,,,,,
JD용수2,2019-04-16,9.58,,,,,,,
JD용수2,2019-04-17,9.56,,,,,,,
JD용수2,2019-04-18,9.52,,,,,,,
JD용수2,2019-04-19,9.52,,,,,,,
JD용수2,2019-04-20,9.51,,,,,,,
JD용수2,2019-04-21,9.49,,,,,,,
JD용수2,2019-04-22,9.51,,,,,,,
JD용수2,2019-04-23,9.59,,,,,,,
JD용수2,2019-04-24,9.72,,,,,,,
JD용수2,2019-04-25,9.76,,,,,,,
JD용수2,2019-04-26,9.73,,,,,,,
JD용수2,2019-04-27,9.64,,,,,,,
JD용수2,2019-04-28,9.55,,,,,,,
JD용수2,2019-04-29,9.54,,,,,,,
JD용수2,2019-04-30,9.6,,,,,,,
JD용수2,2019-05-01,9.63,,,,,,,
JD용수2,2019-05-02,9.58,,,,,,,
JD용수2,2019-05-03,9.49,,,,,,,
JD용수2,2019-05-04,9.41,,,,,,,
JD용수2,2019-05-05,9.32,,,,,,,
JD용수2,2019-05-06,9.25,,,,,,,
JD용수2,2019-05-07,9.2,,,,,,,
JD용수2,2019-05-08,9.24,,,,,,,
JD용수2,2019-05-09,9.28,,,,,,,
JD용수2,2019-05-10,9.29,,,,,,,
JD용수2,2019-05-11,9.3,,,,,,,
JD용수2,2019-05-12,9.29,,,,,,,
JD용수2,2019-05-13,9.26,,,,,,,
JD용수2,2019-05-14,9.26,,,,,,,
JD용수2,2019-05-15,9.27,,,,,,,
JD용수2,2019-05-16,9.27,,,,,,,
JD용수2,2019-05-17,9.29,,,,,,,
JD용수2,2019-05-18,9.94,,,,,,,
JD용수2,2019-05-19,10.78,,,,,,,
JD용수2,2019-05-20,10.95,,,,,,,
JD용수2,2019-05-21,10.97,,,,,,,
JD용수2,2019-05-22,10.92,,,,,,,
JD용수2,2019-05-23,10.8,,,,,,,
JD용수2,2019-05-24,10.65,,,,,,,
JD용수2,2019-05-25,10.43,,,,,,,
JD용수2,2019-05-26,10.24,,,,,,,
JD용수2,2019-05-27,11.07,,,,,,,
JD용수2,2019-05-28,12.84,,,,,,,
JD용수2,2019-05-29,13.37,,,,,,,
JD용수2,2019-05-30,13.58,,,,,,,
JD용수2,2019-05-31,13.68,,,,,,,
JD용수2,2019-06-01,13.69,,,,,,,
JD용수2,2019-06-02,13.65,,,,,,,
JD용수2,2019-06-03,13.54,,,,,,,
JD용수2,2019-06-04,13.44,,,,,,,
JD용수2,2019-06-05,13.2,,,,,,,
JD용수2,2019-06-06,13.16,,,,,,,
JD용수2,2019-06-07,13.15,,,,,,,
JD용수2,2019-06-08,13.02,,,,,,,
JD용수2,2019-06-09,12.9,,,,,,,
JD용수2,2019-06-10,12.76,,,,,,,
JD용수2,2019-06-11,12.61,,,,,,,
JD용수2,2019-06-12,12.37,,,,,,,
JD용수2,2019-06-13,12.23,,,,,,,
JD용수2,2019-06-14,12.21,,,,,,,
JD용수2,2019-06-16,12.64,,,,,,,
JD용수2,2019-06-17,12.58,,,,,,,
JD용수2,2019-06-18,12.48,,,,,,,
JD용수2,2019-06-19,12.38,,,,,,,
JD용수2,2019-06-20,12.25,,,,,,,
JD용수2,2019-06-21,12.14,,,,,,,
JD용수2,2019-06-22,12.02,,,,,,,
JD용수2,2019-06-23,11.88,,,,,,,
JD용수2,2019-06-24,11.68,,,,,,,
JD용수2,2019-06-25,11.51,,,,,,,
JD용수2,2019-06-26,12.57,,,,,,,
JD용수2,2019-06-27,14.61,,,,,,,
JD용수2,2019-06-28,15.17,,,,,,,
JD용수2,2019-06-29,15.46,,,,,,,
JD용수2,2019-06-30,15.57,,,,,,,
JD용수2,2019-07-01,15.62,,,,,,,
JD용수2,2019-07-02,15.62,,,,,,,
JD용수2,2019-07-03,15.6,,,,,,,
JD용수2,2019-07-04,15.55,,,,,,,
JD용수2,2019-07-05,15.51,,,,,,,
JD용수2,2019-07-06,15.42,,,,,,,
JD용수2,2019-07-07,15.3,,,,,,,
JD용수2,2019-07-08,15.21,,,,,,,
JD용수2,2019-07-09,15.1,,,,,,,
JD용수2,2019-07-10,14.97,,,,,,,
JD용수2,2019-07-11,14.84,,,,,,,
JD용수2,2019-07-12,14.68,,,,,,,
JD용수2,2019-07-13,14.71,,,,,,,
JD용수2,2019-07-14,14.98,,,,,,,
JD용수2,2019-07-15,14.99,,,,,,,
JD용수2,2019-07-16,14.89,,,,,,,
JD용수2,2019-07-17,14.77,,,,,,,
JD용수2,2019-07-18,14.72,,,,,,,
JD용수2,2019-07-19,15.35,,,,,,,
JD용수2,2019-07-20,16.33,,,,,,,
JD용수2,2019-07-22,18.13,,,,,,,
JD용수2,2019-07-23,18.39,,,,,,,
JD용수2,2019-07-24,18.49,,,,,,,
JD용수2,2019-07-25,18.46,,,,,,,
JD용수2,2019-07-26,18.38,,,,,,,
JD용수2,2019-07-27,18.25,,,,,,,
JD용수2,2019-07-28,18.09,,,,,,,
JD용수2,2019-07-29,17.92,,,,,,,
JD용수2,2019-07-30,17.76,,,,,,,
JD용수2,2019-07-31,17.6,,,,,,,
JD용수2,2019-08-01,17.45,,,,,,,
JD용수2,2019-08-02,17.32,,,,,,,
JD용수2,2019-08-03,17.19,,,,,,,
JD용수2,2019-08-04,17.08,,,,,,,
JD용수2,2019-08-05,16.98,,,,,,,
JD용수2,2019-08-06,16.89,,,,,,,
JD용수2,2019-08-07,16.76,,,,,,,
JD용수2,2019-08-08,16.65,,,,,,,
JD용수2,2019-08-09,16.56,,,,,,,
JD용수2,2019-08-10,16.48,,,,,,,
JD용수2,2019-08-11,16.46,,,,,,,
JD용수2,2019-08-12,16.41,,,,,,,
JD용수2,2019-08-13,16.37,,,,,,,
JD용수2,2019-08-14,16.33,,,,,,,
JD용수2,2019-08-15,16.3,,,,,,,
JD용수2,2019-08-16,16.22,,,,,,,
JD용수2,2019-08-17,16.12,,,,,,,
JD용수2,2019-08-18,16.02,,,,,,,
JD용수2,2019-08-19,15.9,,,,,,,
JD용수2,2019-08-20,15.81,,,,,,,
JD용수2,2019-08-21,15.74,,,,,,,
JD용수2,2019-08-22,15.71,,,,,,,
JD용수2,2019-08-23,15.61,,,,,,,
JD용수2,2019-08-24,15.51,,,,,,,
JD용수2,2019-08-25,15.4,,,,,,,
JD용수2,2019-08-26,15.31,,,,,,,
JD용수2,2019-08-27,15.3,,,,,,,
JD용수2,2019-09-03,20.05,,,,,,,
JD용수2,2019-09-04,20.1,,,,,,,
JD용수2,2019-09-06,20.99,,,,,,,
JD용수2,2019-09-09,22.14,,,,,,,
JD용수2,2019-09-10,22.37,,,,,,,
JD용수2,2019-09-11,22.34,,,,,,,
JD용수2,2019-09-12,22.17,,,,,,,
JD용수2,2019-09-13,21.94,,,,,,,
JD용수2,2019-09-14,21.67,,,,,,,
JD용수2,2019-09-15,21.38,,,,,,,
JD용수2,2019-09-16,21.1,,,,,,,
JD용수2,2019-09-17,20.81,,,,,,,
JD용수2,2019-09-18,20.54,,,,,,,
JD용수2,2019-09-19,20.3,,,,,,,
JD용수2,2019-09-20,20.11,,,,,,,
JD용수2,2019-09-21,19.99,,,,,,,
JD용수2,2019-09-22,20.2,,,,,,,
JD용수2,2019-09-23,20.49,,,,,,,
JD용수2,2019-09-24,20.45,,,,,,,
JD용수2,2019-09-25,20.32,,,,,,,
JD용수2,2019-09-26,20.17,,,,,,,
JD용수2,2019-09-27,20.01,,,,,,,
JD용수2,2019-09-28,19.9,,,,,,,
JD용수2,2019-09-29,19.79,,,,,,,
JD용수2,2019-09-30,19.69,,,,,,,
JD용수2,2019-10-01,19.98,,,,,,,
JD용수2,2019-10-02,20.88,,,,,,,
JD용수2,2019-10-03,21.72,,,,,,,
JD용수2,2019-10-04,21.84,,,,,,,
JD용수2,2019-10-05,21.78,,,,,,,
JD용수2,2019-10-06,21.63,,,,,,,
JD용수2,2019-10-07,21.45,,,,,,,
JD용수2,2019-10-08,21.24,,,,,,,
JD용수2,2019-10-09,21.04,,,,,,,
JD용수2,2019-10-10,20.86,,,,,,,
JD용수2,2019-10-11,20.66,,,,,,,
JD용수2,2019-10-12,20.48,,,,,,,
JD용수2,2019-10-13,20.25,,,,,,,
JD용수2,2019-10-14,20.05,,,,,,,
JD용수2,2019-10-15,19.87,,,,,,,
JD용수2,2019-10-16,19.74,,,,,,,
JD용수2,2019-10-17,19.61,,,,,,,
JD용수2,2019-10-18,19.53,,,,,,,
JD용수2,2019-10-19,19.4,,,,,,,
JD용수2,2019-10-20,19.29,,,,,,,
JD용수2,2019-10-21,19.21,,,,,,,
JD용수2,2019-10-22,19.12,,,,,,,
JD용수2,2019-10-23,19.05,,,,,,,
JD용수2,2019-10-24,18.96,,,,,,,
JD용수2,2019-10-25,18.88,,,,,,,
JD용수2,2019-10-26,18.78,,,,,,,
JD용수2,2019-10-27,18.69,,,,,,,
JD용수2,2019-10-28,18.59,,,,,,,
JD용수2,2019-10-29,18.5,,,,,,,
JD용수2,2019-10-30,18.38,,,,,,,
JD용수2,2019-10-31,18.3,,,,,,,
JD용수2,2019-11-01,18.23,,,,,,,
JD용수2,2019-11-02,18.17,,,,,,,
JD용수2,2019-11-03,18.11,,,,,,,
JD용수2,2019-11-04,18.05,,,,,,,
JD용수2,2019-11-05,17.99,,,,,,,
JD용수2,2019-11-06,17.94,,,,,,,
JD용수2,2019-11-07,17.87,,,,,,,
JD용수2,2019-11-08,17.8,,,,,,,
JD용수2,2019-11-09,17.73,,,,,,,
JD용수2,2019-11-10,17.7,,,,,,,
JD용수2,2019-11-11,17.65,,,,,,,
JD용수2,2019-11-12,17.54,,,,,,,
JD용수2,2019-11-13,17.46,,,,,,,
JD용수2,2019-11-14,17.4,,,,,,,
JD용수2,2019-11-15,17.31,,,,,,,
JD용수2,2019-11-16,17.25,,,,,,,
JD용수2,2019-11-17,17.25,,,,,,,
JD용수2,2019-11-18,17.28,,,,,,,
JD용수2,2019-11-19,17.23,,,,,,,
JD용수2,2019-11-20,17.16,,,,,,,
JD용수2,2019-11-21,17.11,,,,,,,
JD용수2,2019-11-22,17.08,,,,,,,
JD용수2,2019-11-23,17.02,,,,,,,
JD용수2,2019-11-24,16.97,,,,,,,
JD용수2,2019-11-25,16.87,,,,,,,
JD용수2,2019-11-26,16.82,,,,,,,
JD용수2,2019-11-27,16.76,,,,,,,
JD용수2,2019-11-28,16.7,,,,,,,
JD용수2,2019-11-29,16.61,,,,,,,
JD용수2,2019-11-30,16.57,,,,,,,
JD용수2,2019-12-01,16.56,,,,,,,
JD용수2,2019-12-02,16.54,,,,,,,
JD용수2,2019-12-03,16.47,,,,,,,
JD용수2,2019-12-04,16.39,,,,,,,
JD용수2,2019-12-05,16.3,,,,,,,
JD용수2,2019-12-06,16.23,,,,,,,
JD용수2,2019-12-07,16.18,,,,,,,
JD용수2,2019-12-08,16.11,,,,,,,
JD용수2,2019-12-09,16.05,,,,,,,
JD용수2,2019-12-10,15.99,,,,,,,
JD용수2,2019-12-11,15.9,,,,,,,
JD용수2,2019-12-12,15.78,,,,,,,
JD용수2,2019-12-13,15.72,,,,,,,
JD용수2,2019-12-14,15.65,,,,,,,
JD용수2,2019-12-15,15.58,,,,,,,
JD용수2,2019-12-16,15.53,,,,,,,
JD용수2,2019-12-17,15.5,,,,,,,
JD용수2,2019-12-18,15.42,,,,,,,
JD용수2,2019-12-19,15.35,,,,,,,
JD용수2,2019-12-20,15.24,,,,,,,
JD용수2,2019-12-21,15.19,,,,,,,
JD용수2,2019-12-22,15.18,,,,,,,
JD용수2,2019-12-23,15.09,,,,,,,
JD용수2,2019-12-24,15.01,,,,,,,
JD용수2,2019-12-25,14.97,,,,,,,
JD용수2,2019-12-26,14.96,,,,,,,
JD용수2,2019-12-27,14.9,,,,,,,
JD용수2,2019-12-28,14.84,,,,,,,
JD용수2,2019-12-29,14.81,,,,,,,
JD용수2,2019-12-30,14.92,,,,,,,
JD용수2,2019-12-31,14.87,,,,,,,
JD용수2,2020-01-01,14.81,,,,,,,
JD용수2,2020-01-02,14.74,,,,,,,
JD용수2,2020-01-03,14.67,,,,,,,
JD용수2,2020-01-04,14.61,,,,,,,
JD용수2,2020-01-05,14.51,,,,,,,
JD용수2,2020-01-06,14.47,,,,,,,
JD용수2,2020-01-07,14.49,,,,,,,
JD용수2,2020-01-08,14.51,,,,,,,
JD용수2,2020-01-09,14.47,,,,,,,
JD용수2,2020-01-10,14.43,,,,,,,
JD용수2,2020-01-11,14.39,,,,,,,
JD용수2,2020-01-12,14.34,,,,,,,
JD용수2,2020-01-13,14.27,,,,,,,
JD용수2,2020-01-14,14.2,,,,,,,
JD용수2,2020-01-15,14.11,,,,,,,
JD용수2,2020-01-16,14.05,,,,,,,
JD용수2,2020-01-17,14.0,,,,,,,
JD용수2,2020-01-18,13.93,,,,,,,
JD용수2,2020-01-19,13.87,,,,,,,
JD용수2,2020-01-20,13.78,,,,,,,
JD용수2,2020-01-21,13.67,,,,,,,
JD용수2,2020-01-22,13.67,,,,,,,
JD용수2,2020-01-23,14.17,,,,,,,
JD용수2,2020-01-24,14.37,,,,,,,
JD용수2,2020-01-25,14.39,,,,,,,
JD용수2,2020-01-26,14.38,,,,,,,
JD용수2,2020-01-27,14.59,,,,,,,
JD용수2,2020-01-28,14.97,,,,,,,
JD용수2,2020-01-29,15.11,,,,,,,
JD용수2,2020-01-30,15.16,,,,,,,
JD용수2,2020-01-31,15.15,,,,,,,
JD용수2,2020-02-01,15.08,,,,,,,
JD용수2,2020-02-02,14.98,,,,,,,
JD용수2,2020-02-03,14.88,,,,,,,
JD용수2,2020-02-04,14.78,,,,,,,
JD용수2,2020-02-05,14.65,,,,,,,
JD용수2,2020-02-06,14.5,,,,,,,
JD용수2,2020-02-07,14.38,,,,,,,
JD용수2,2020-02-08,14.26,,,,,,,
JD용수2,2020-02-09,14.16,,,,,,,
JD용수2,2020-02-10,14.06,,,,,,,
JD용수2,2020-02-11,13.93,,,,,,,
JD용수2,2020-02-12,13.94,,,,,,,
JD용수2,2020-02-13,13.96,,,,,,,
JD용수2,2020-02-14,13.94,,,,,,,
JD용수2,2020-02-15,13.92,,,,,,,
JD용수2,2020-02-16,13.96,,,,,,,
JD용수2,2020-02-17,14.05,,,,,,,
JD용수2,2020-02-18,14.15,,,,,,,
JD용수2,2020-02-19,14.19,,,,,,,
JD용수2,2020-02-20,14.13,,,,,,,
JD용수2,2020-02-21,14.07,,,,,,,
JD용수2,2020-02-22,14.0,,,,,,,
JD용수2,2020-02-23,13.9,,,,,,,
JD용수2,2020-02-24,13.85,,,,,,,
JD용수2,2020-02-25,13.85,,,,,,,
JD용수2,2020-02-26,13.78,,,,,,,
JD용수2,2020-02-27,13.66,,,,,,,
JD용수2,2020-02-28,13.61,,,,,,,
JD용수2,2020-02-29,13.61,,,,,,,
JD용수2,2020-03-01,13.67,,,,,,,
JD용수2,2020-03-02,13.63,,,,,,,
JD용수2,2020-03-03,13.57,,,,,,,
JD용수2,2020-03-04,13.49,,,,,,,
JD용수2,2020-03-05,13.38,,,,,,,
JD용수2,2020-03-06,13.32,,,,,,,
JD용수2,2020-03-07,13.29,,,,,,,
JD용수2,2020-03-08,13.26,,,,,,,
JD용수2,2020-03-09,13.3,,,,,,,
JD용수2,2020-03-10,13.86,,,,,,,
JD용수2,2020-03-11,14.1,,,,,,,
JD용수2,2020-03-12,14.14,,,,,,,
JD용수2,2020-03-13,14.13,,,,,,,
JD용수2,2020-03-14,14.08,,,,,,,
JD용수2,2020-03-15,14.04,,,,,,,
JD용수2,2020-03-16,13.92,,,,,,,
JD용수2,2020-03-17,13.83,,,,,,,
JD용수2,2020-03-18,13.75,,,,,,,
JD용수2,2020-03-19,13.7,,,,,,,
JD용수2,2020-03-20,13.59,,,,,,,
JD용수2,2020-03-21,13.51,,,,,,,
JD용수2,2020-03-22,13.45,,,,,,,
JD용수2,2020-03-23,13.33,,,,,,,
JD용수2,2020-03-24,13.21,,,,,,,
JD용수2,2020-03-25,13.11,,,,,,,
JD용수2,2020-03-26,13.12,,,,,,,
JD용수2,2020-03-27,13.27,,,,,,,
JD용수2,2020-03-28,13.27,,,,,,,
JD용수2,2020-03-29,13.25,,,,,,,
JD용수2,2020-03-30,13.22,,,,,,,
JD용수2,2020-03-31,13.18,,,,,,,
JD용수2,2020-04-01,13.14,,,,,,,
JD용수2,2020-04-02,13.05,,,,,,,
JD용수2,2020-04-03,12.98,,,,,,,
JD용수2,2020-04-04,12.89,,,,,,,
JD용수2,2020-04-05,12.8,,,,,,,
JD용수2,2020-04-06,12.7,,,,,,,
JD용수2,2020-04-07,12.63,,,,,,,
JD용수2,2020-04-08,12.51,,,,,,,
JD용수2,2020-04-09,12.41,,,,,,,
JD용수2,2020-04-10,12.32,,,,,,,
JD용수2,2020-04-11,12.29,,,,,,,
JD용수2,2020-04-12,12.48,,,,,,,
JD용수2,2020-04-13,12.56,,,,,,,
JD용수2,2020-04-14,12.54,,,,,,,
JD용수2,2020-04-15,12.5,,,,,,,
JD용수2,2020-04-16,12.41,,,,,,,
JD용수2,2020-04-17,12.41,,,,,,,
JD용수2,2020-04-18,12.47,,,,,,,
JD용수2,2020-04-19,12.55,,,,,,,
JD용수2,2020-04-20,12.6,,,,,,,
JD용수2,2020-04-21,12.58,,,,,,,
JD용수2,2020-04-22,12.5,,,,,,,
JD용수2,2020-04-23,12.4,,,,,,,
JD용수2,2020-04-24,12.31,,,,,,,
JD용수2,2020-04-25,12.2,,,,,,,
JD용수2,2020-04-26,12.07,,,,,,,
JD용수2,2020-04-27,11.94,,,,,,,
JD용수2,2020-04-28,11.78,,,,,,,
JD용수2,2020-04-29,11.66,,,,,,,
JD용수2,2020-04-30,11.6,,,,,,,
JD용수2,2020-05-01,11.58,,,,,,,
JD용수2,2020-05-02,11.61,,,,,,,
JD용수2,2020-05-03,11.84,,,,,,,
JD용수2,2020-05-04,12.02,,,,,,,
JD용수2,2020-05-05,12.06,,,,,,,
JD용수2,2020-05-06,12.04,,,,,,,
JD용수2,2020-05-07,11.97,,,,,,,
JD용수2,2020-05-08,11.87,,,,,,,
JD용수2,2020-05-09,12.7,,,,,,,
JD용수2,2020-05-10,14.0,,,,,,,
JD용수2,2020-05-11,14.38,,,,,,,
JD용수2,2020-05-12,14.53,,,,,,,
JD용수2,2020-05-13,14.49,,,,,,,
JD용수2,2020-05-14,14.43,,,,,,,
JD용수2,2020-05-15,14.45,,,,,,,
JD용수2,2020-05-16,14.55,,,,,,,
JD용수2,2020-05-17,14.6,,,,,,,
JD용수2,2020-05-18,14.63,,,,,,,
JD용수2,2020-05-19,14.6,,,,,,,
JD용수2,2020-05-20,14.47,,,,,,,
JD용수2,2020-05-21,14.34,,,,,,,
JD용수2,2020-05-22,14.23,,,,,,,
JD용수2,2020-05-23,14.11,,,,,,,
JD용수2,2020-05-24,13.99,,,,,,,
JD용수2,2020-05-25,13.87,,,,,,,
JD용수2,2020-05-26,13.76,,,,,,,
JD용수2,2020-05-27,13.66,,,,,,,
JD용수2,2020-05-28,13.54,,,,,,,
JD용수2,2020-05-29,13.39,,,,,,,
JD용수2,2020-05-30,13.25,,,,,,,
JD용수2,2020-05-31,13.17,,,,,,,
JD용수2,2020-06-01,13.08,,,,,,,
JD용수2,2020-06-02,12.99,,,,,,,
JD용수2,2020-06-03,12.92,,,,,,,
JD용수2,2020-06-04,12.86,,,,,,,
JD용수2,2020-06-05,12.79,,,,,,,
JD용수2,2020-06-06,12.72,,,,,,,
JD용수2,2020-06-07,12.61,,,,,,,
JD용수2,2020-06-08,12.51,,,,,,,
JD용수2,2020-06-09,12.41,,,,,,,
JD용수2,2020-06-10,12.35,,,,,,,
JD용수2,2020-06-11,12.36,,,,,,,
JD용수2,2020-06-12,12.36,,,,,,,
JD용수2,2020-06-13,13.05,,,,,,,
JD용수2,2020-06-14,14.69,,,,,,,
JD용수2,2020-06-15,15.48,,,,,,,
JD용수2,2020-06-16,15.79,,,,,,,
JD용수2,2020-06-17,15.93,,,,,,,
JD용수2,2020-06-18,16.26,,,,,,,
JD용수2,2020-06-19,16.66,,,,,,,
JD용수2,2020-06-20,16.77,,,,,,,
JD용수2,2020-06-21,16.81,,,,,,,
JD용수2,2020-06-22,16.78,,,,,,,
JD용수2,2020-06-23,16.75,,,,,,,
JD용수2,2020-06-24,16.82,,,,,,,
JD용수2,2020-06-25,17.35,,,,,,,
JD용수2,2020-06-26,17.65,,,,,,,
JD용수2,2020-06-27,17.77,,,,,,,
JD용수2,2020-06-28,17.75,,,,,,,
JD용수2,2020-06-29,17.75,,,,,,,
JD용수2,2020-06-30,18.08,,,,,,,
JD용수2,2020-07-01,18.16,,,,,,,
JD용수2,2020-07-02,18.09,,,,,,,
JD용수2,2020-07-03,18.03,,,,,,,
JD용수2,2020-07-04,17.95,,,,,,,
JD용수2,2020-07-05,17.89,,,,,,,
JD용수2,2020-07-06,17.93,,,,,,,
JD용수2,2020-07-07,18.47,,,,,,,
JD용수2,2020-07-08,19.21,,,,,,,
JD용수2,2020-07-09,19.41,,,,,,,
JD용수2,2020-07-10,19.58,,,,,,,
JD용수2,2020-07-11,19.68,,,,,,,
JD용수2,2020-07-12,19.65,,,,,,,
JD용수2,2020-07-13,19.59,,,,,,,
JD용수2,2020-07-14,19.46,,,,,,,
JD용수2,2020-07-15,19.31,,,,,,,
JD용수2,2020-07-16,19.17,,,,,,,
JD용수2,2020-07-17,19.01,,,,,,,
JD용수2,2020-07-18,18.88,,,,,,,
JD용수2,2020-07-19,18.76,,,,,,,
JD용수2,2020-07-20,18.61,,,,,,,
JD용수2,2020-07-21,18.47,,,,,,,
JD용수2,2020-07-22,18.37,,,,,,,
JD용수2,2020-07-23,18.3,,,,,,,
JD용수2,2020-07-24,18.25,,,,,,,
JD용수2,2020-07-25,18.15,,,,,,,
JD용수2,2020-07-26,18.05,,,,,,,
JD용수2,2020-07-27,18.01,,,,,,,
JD용수2,2020-07-28,18.16,,,,,,,
JD용수2,2020-07-29,18.15,,,,,,,
JD용수2,2020-07-30,18.09,,,,,,,
JD용수2,2020-07-31,18.02,,,,,,,
JD용수2,2020-08-01,17.96,,,,,,,
JD용수2,2020-08-02,17.9,,,,,,,
JD용수2,2020-08-03,17.83,,,,,,,
JD용수2,2020-08-04,17.76,,,,,,,
JD용수2,2020-08-05,17.68,,,,,,,
JD용수2,2020-08-06,17.63,,,,,,,
JD용수2,2020-08-07,17.59,,,,,,,
JD용수2,2020-08-08,17.55,,,,,,,
JD용수2,2020-08-09,17.49,,,,,,,
JD용수2,2020-08-10,17.44,,,,,,,
JD용수2,2020-08-11,17.35,,,,,,,
JD용수2,2020-08-12,17.28,,,,,,,
JD용수2,2020-08-13,17.22,,,,,,,
JD용수2,2020-08-14,17.16,,,,,,,
JD용수2,2020-08-15,17.08,,,,,,,
JD용수2,2020-08-16,16.99,,,,,,,
JD용수2,2020-08-17,16.88,,,,,,,
JD용수2,2020-08-18,16.78,,,,,,,
JD용수2,2020-08-19,16.68,,,,,,,
JD용수2,2020-08-20,16.56,,,,,,,
JD용수2,2020-08-21,16.47,,,,,,,
JD용수2,2020-08-22,16.43,,,,,,,
JD용수2,2020-08-23,16.55,,,,,,,
JD용수2,2020-08-24,16.79,,,,,,,
JD용수2,2020-08-25,16.94,,,,,,,
JD용수2,2020-08-26,17.23,,,,,,,
JD용수2,2020-08-27,17.87,,,,,,,
JD용수2,2020-08-28,18.09,,,,,,,
JD용수2,2020-08-29,18.16,,,,,,,
JD용수2,2020-08-30,18.17,,,,,,,
JD용수2,2020-08-31,18.15,,,,,,,
JD용수2,2020-09-01,18.12,,,,,,,
JD용수2,2020-09-02,18.29,,,,,,,
JD용수2,2020-09-03,19.64,,,,,,,
JD용수2,2020-09-04,20.15,,,,,,,
JD용수2,2020-09-05,20.31,,,,,,,
JD용수2,2020-09-06,20.38,,,,,,,
JD용수2,2020-09-07,20.8,,,,,,,
JD용수2,2020-09-08,21.04,,,,,,,
JD용수2,2020-09-09,21.01,,,,,,,
JD용수2,2020-09-10,20.9,,,,,,,
JD용수2,2020-09-11,20.72,,,,,,,
JD용수2,2020-09-12,20.54,,,,,,,
JD용수2,2020-09-13,20.33,,,,,,,
JD용수2,2020-09-14,20.15,,,,,,,
JD용수2,2020-09-15,20.01,,,,,,,
JD용수2,2020-09-16,19.91,,,,,,,
JD용수2,2020-09-17,19.83,,,,,,,
JD용수2,2020-09-18,19.91,,,,,,,
JD용수2,2020-09-19,19.97,,,,,,,
JD용수2,2020-09-20,19.92,,,,,,,
JD용수2,2020-09-21,19.84,,,,,,,
JD용수2,2020-09-22,19.76,,,,,,,
JD용수2,2020-09-23,19.68,,,,,,,
JD용수2,2020-09-24,19.61,,,,,,,
JD용수2,2020-09-25,19.53,,,,,,,
JD용수2,2020-09-26,19.39,,,,,,,
JD용수2,2020-09-27,19.28,,,,,,,
JD용수2,2020-09-28,19.18,,,,,,,
JD용수2,2020-09-29,19.1,,,,,,,
JD용수2,2020-09-30,19.0,,,,,,,
JD용수2,2020-10-01,18.91,,,,,,,
JD용수2,2020-10-02,18.83,,,,,,,
JD용수2,2020-10-03,18.73,,,,,,,
JD용수2,2020-10-04,18.67,,,,,,,
JD용수2,2020-10-05,18.59,,,,,,,
JD용수2,2020-10-06,18.48,,,,,,,
JD용수2,2020-10-07,18.38,,,,,,,
JD용수2,2020-10-08,18.3,,,,,,,
JD용수2,2020-10-09,18.23,,,,,,,
JD용수2,2020-10-10,18.14,,,,,,,
JD용수2,2020-10-11,18.0,,,,,,,
JD용수2,2020-10-12,17.91,,,,,,,
JD용수2,2020-10-13,17.82,,,,,,,
JD용수2,2020-10-14,17.72,,,,,,,
JD용수2,2020-10-15,17.6,,,,,,,
JD용수2,2020-10-16,17.54,,,,,,,
JD용수2,2020-10-17,17.49,,,,,,,
JD용수2,2020-10-18,17.44,,,,,,,
JD용수2,2020-10-19,17.37,,,,,,,
JD용수2,2020-10-20,17.34,,,,,,,
JD용수2,2020-10-21,17.36,,,,,,,
JD용수2,2020-10-22,17.47,,,,,,,
JD용수2,2020-10-23,17.49,,,,,,,
JD용수2,2020-10-24,17.45,,,,,,,
JD용수2,2020-10-25,17.41,,,,,,,
JD용수2,2020-10-26,17.34,,,,,,,
JD용수2,2020-10-27,17.28,,,,,,,
JD용수2,2020-10-28,17.21,,,,,,,
JD용수2,2020-10-29,17.11,,,,,,,
JD용수2,2020-10-30,17.06,,,,,,,
JD용수2,2020-10-31,16.99,,,,,,,
JD용수2,2020-11-01,16.95,,,,,,,
JD용수2,2020-11-02,16.91,,,,,,,
JD용수2,2020-11-03,16.88,,,,,,,
JD용수2,2020-11-04,16.83,,,,,,,
JD용수2,2020-11-05,16.77,,,,,,,
JD용수2,2020-11-06,16.73,,,,,,,
JD용수2,2020-11-07,16.67,,,,,,,
JD용수2,2020-11-08,16.57,,,,,,,
JD용수2,2020-11-09,16.48,,,,,,,
JD용수2,2020-11-10,16.38,,,,,,,
JD용수2,2020-11-11,16.28,,,,,,,
JD용수2,2020-11-12,16.19,,,,,,,
JD용수2,2020-11-13,16.12,,,,,,,
JD용수2,2020-11-14,16.07,,,,,,,
JD용수2,2020-11-15,16.02,,,,,,,
JD용수2,2020-11-16,16.0,,,,,,,
JD용수2,2020-11-17,15.97,,,,,,,
JD용수2,2020-11-18,15.96,,,,,,,
JD용수2,2020-11-19,15.97,,,,,,,
JD용수2,2020-11-20,15.91,,,,,,,
JD용수2,2020-11-21,15.84,,,,,,,
JD용수2,2020-11-22,15.78,,,,,,,
JD용수2,2020-11-23,15.68,,,,,,,
JD용수2,2020-11-24,15.62,,,,,,,
JD용수2,2020-11-25,15.54,,,,,,,
JD용수2,2020-11-26,15.45,,,,,,,
JD용수2,2020-11-27,15.38,,,,,,,
JD용수2,2020-11-28,15.31,,,,,,,
JD용수2,2020-11-29,15.22,,,,,,,
JD용수2,2020-11-30,15.12,,,,,,,
JD용수2,2020-12-01,15.03,,,,,,,
JD용수2,2020-12-02,14.97,,,,,,,
JD용수2,2020-12-03,14.86,,,,,,,
JD용수2,2020-12-04,14.76,,,,,,,
JD용수2,2020-12-05,14.66,,,,,,,
JD용수2,2020-12-06,14.54,,,,,,,
JD용수2,2020-12-07,14.38,,,,,,,
JD용수2,2020-12-08,14.33,,,,,,,
JD용수2,2020-12-09,14.28,,,,,,,
JD용수2,2020-12-10,14.25,,,,,,,
JD용수2,2020-12-11,14.26,,,,,,,
JD용수2,2020-12-12,14.25,,,,,,,
JD용수2,2020-12-13,14.23,,,,,,,
JD용수2,2020-12-14,14.17,,,,,,,
JD용수2,2020-12-15,14.14,,,,,,,
JD용수2,2020-12-16,14.12,,,,,,,
JD용수2,2020-12-17,14.1,,,,,,,
JD용수2,2020-12-18,14.07,,,,,,,
JD용수2,2020-12-19,13.99,,,,,,,
JD용수2,2020-12-20,13.93,,,,,,,
JD용수2,2020-12-21,13.89,,,,,,,
JD용수2,2020-12-22,13.85,,,,,,,
JD용수2,2020-12-23,13.81,,,,,,,
JD용수2,2020-12-24,13.78,,,,,,,
JD용수2,2020-12-25,13.68,,,,,,,
JD용수2,2020-12-26,13.61,,,,,,,
JD용수2,2020-12-27,13.62,,,,,,,
JD용수2,2020-12-28,13.62,,,,,,,
JD용수2,2020-12-29,13.62,,,,,,,
JD용수2,2020-12-30,13.57,,,,,,,
JD용수2,2020-12-31,13.51,,,,,,,
JD용수2,2021-01-01,13.47,,,,,,,
JD용수2,2021-01-02,13.43,,,,,,,
JD용수2,2021-01-03,13.34,,,,,,,
JD용수2,2021-01-04,13.3,,,,,,,
JD용수2,2021-01-05,13.26,,,,,,,
JD용수2,2021-01-06,13.22,,,,,,,
JD용수2,2021-01-07,13.17,,,,,,,
JD용수2,2021-01-08,13.13,,,,,,,
JD용수2,2021-01-09,13.08,,,,,,,
JD용수2,2021-01-10,13.0,,,,,,,
JD용수2,2021-01-11,13.06,,,,,,,
JD용수2,2021-01-12,13.35,,,,,,,
JD용수2,2021-01-13,13.55,,,,,,,
JD용수2,2021-01-14,13.58,,,,,,,
JD용수2,2021-01-15,13.6,,,,,,,
JD용수2,2021-01-16,13.53,,,,,,,
JD용수2,2021-01-17,13.43,,,,,,,
JD용수2,2021-01-18,13.37,,,,,,,
JD용수2,2021-01-19,13.25,,,,,,,
JD용수2,2021-01-20,13.16,,,,,,,
JD용수2,2021-01-21,13.11,,,,,,,
JD용수2,2021-01-22,13.09,,,,,,,
JD용수2,2021-01-23,13.16,,,,,,,
JD용수2,2021-01-24,13.64,,,,,,,
JD용수2,2021-01-25,13.79,,,,,,,
JD용수2,2021-01-26,13.91,,,,,,,
JD용수2,2021-01-27,14.08,,,,,,,
JD용수2,2021-01-28,14.13,,,,,,,
JD용수2,2021-01-29,14.04,,,,,,,
JD용수2,2021-01-30,13.94,,,,,,,
JD용수2,2021-01-31,13.85,,,,,,,
JD용수2,2021-02-01,14.01,,,,,,,
JD용수2,2021-02-02,14.45,,,,,,,
JD용수2,2021-02-03,14.57,,,,,,,
JD용수2,2021-02-04,14.56,,,,,,,
JD용수2,2021-02-05,14.52,,,,,,,
JD용수2,2021-02-06,14.47,,,,,,,
JD용수2,2021-02-07,14.38,,,,,,,
JD용수2,2021-02-08,14.23,,,,,,,
JD용수2,2021-02-09,14.09,,,,,,,
JD용수2,2021-02-10,13.98,,,,,,,
JD용수2,2021-02-11,13.86,,,,,,,
JD용수2,2021-02-12,13.75,,,,,,,
JD용수2,2021-02-13,13.62,,,,,,,
JD용수2,2021-02-14,13.56,,,,,,,
JD용수2,2021-02-15,13.55,,,,,,,
JD용수2,2021-02-16,13.48,,,,,,,
JD용수2,2021-02-17,13.37,,,,,,,
JD용수2,2021-02-18,13.25,,,,,,,
JD용수2,2021-02-19,13.15,,,,,,,
JD용수2,2021-02-20,13.1,,,,,,,
JD용수2,2021-02-21,13.03,,,,,,,
JD용수2,2021-02-22,12.97,,,,,,,
JD용수2,2021-02-23,12.85,,,,,,,
JD용수2,2021-02-24,12.79,,,,,,,
JD용수2,2021-02-25,12.74,,,,,,,
JD용수2,2021-02-26,12.74,,,,,,,
JD용수2,2021-02-27,12.67,,,,,,,
JD용수2,2021-02-28,12.59,,,,,,,
JD용수2,2021-03-01,12.59,,,,,,,
JD용수2,2021-03-02,12.85,,,,,,,
JD용수2,2021-03-03,12.95,,,,,,,
JD용수2,2021-03-04,13.07,,,,,,,
JD용수2,2021-03-05,13.74,,,,,,,
JD용수2,2021-03-06,14.05,,,,,,,
JD용수2,2021-03-07,14.12,,,,,,,
JD용수2,2021-03-08,14.1,,,,,,,
JD용수2,2021-03-09,14.05,,,,,,,
JD용수2,2021-03-10,13.93,,,,,,,
JD용수2,2021-03-11,13.83,,,,,,,
JD용수2,2021-03-12,13.99,,,,,,,
JD용수2,2021-03-13,14.16,,,,,,,
JD용수2,2021-03-14,14.2,,,,,,,
JD용수2,2021-03-15,14.2,,,,,,,
JD용수2,2021-03-16,14.18,,,,,,,
JD용수2,2021-03-17,14.1,,,,,,,
JD용수2,2021-03-18,14.01,,,,,,,
JD용수2,2021-03-19,13.93,,,,,,,
JD용수2,2021-03-20,13.98,,,,,,,
JD용수2,2021-03-21,13.98,,,,,,,
JD용수2,2021-03-22,13.87,,,,,,,
JD용수2,2021-03-23,13.76,,,,,,,
JD용수2,2021-03-24,13.68,,,,,,,
JD용수2,2021-03-25,13.55,,,,,,,
JD용수2,2021-03-26,13.42,,,,,,,
JD용수2,2021-03-27,13.41,,,,,,,
JD용수2,2021-03-28,14.15,,,,,,,
JD용수2,2021-03-29,14.49,,,,,,,
JD용수2,2021-03-30,14.56,,,,,,,
JD용수2,2021-03-31,14.53,,,,,,,
JD용수2,2021-04-01,14.47,,,,,,,
JD용수2,2021-04-02,14.81,,,,,,,
JD용수2,2021-04-03,15.26,,,,,,,
JD용수2,2021-04-04,15.41,,,,,,,
JD용수2,2021-04-05,15.42,,,,,,,
JD용수2,2021-04-06,15.38,,,,,,,
JD용수2,2021-04-07,15.3,,,,,,,
JD용수2,2021-04-08,15.16,,,,,,,
JD용수2,2021-04-09,15.0,,,,,,,
JD용수2,2021-04-10,14.82,,,,,,,
JD용수2,2021-04-11,14.68,,,,,,,
JD용수2,2021-04-12,14.69,,,,,,,
JD용수2,2021-04-13,15.56,,,,,,,
JD용수2,2021-04-14,15.88,,,,,,,
JD용수2,2021-04-15,15.95,,,,,,,
JD용수2,2021-04-16,15.96,,,,,,,
JD용수2,2021-04-17,15.9,,,,,,,
JD용수2,2021-04-18,15.82,,,,,,,
JD용수2,2021-04-19,15.71,,,,,,,
JD용수2,2021-04-20,15.58,,,,,,,
JD용수2,2021-04-21,15.44,,,,,,,
JD용수2,2021-04-22,15.33,,,,,,,
JD용수2,2021-04-23,15.21,,,,,,,
JD용수2,2021-04-24,15.08,,,,,,,
JD용수2,2021-04-25,14.95,,,,,,,
JD용수2,2021-04-26,14.8,,,,,,,
JD용수2,2021-04-27,14.68,,,,,,,
JD용수2,2021-04-28,14.54,,,,,,,
JD용수2,2021-04-29,14.5,,,,,,,
JD용수2,2021-04-30,14.46,,,,,,,
JD용수2,2021-05-01,14.55,,,,,,,
JD용수2,2021-05-02,14.53,,,,,,,
JD용수2,2021-05-03,14.44,,,,,,,
JD용수2,2021-05-04,14.49,,,,,,,
JD용수2,2021-05-05,15.44,,,,,,,
JD용수2,2021-05-06,15.78,,,,,,,
JD용수2,2021-05-07,15.9,,,,,,,
JD용수2,2021-05-08,15.91,,,,,,,
JD용수2,2021-05-09,15.86,,,,,,,
JD용수2,2021-05-10,15.78,,,,,,,
JD용수2,2021-05-11,15.71,,,,,,,
JD용수2,2021-05-12,15.61,,,,,,,
JD용수2,2021-05-13,15.49,,,,,,,
JD용수2,2021-05-14,15.37,,,,,,,
JD용수2,2021-05-15,15.27,,,,,,,
JD용수2,2021-05-16,15.25,,,,,,,
JD용수2,2021-05-17,15.39,,,,,,,
JD용수2,2021-05-18,15.41,,,,,,,
JD용수2,2021-05-19,15.35,,,,,,,
JD용수2,2021-05-20,15.42,,,,,,,
JD용수2,2021-05-21,15.6,,,,,,,
JD용수2,2021-05-22,15.59,,,,,,,
JD용수2,2021-05-23,15.53,,,,,,,
JD용수2,2021-05-24,15.46,,,,,,,
JD용수2,2021-05-25,15.36,,,,,,,
JD용수2,2021-05-26,15.26,,,,,,,
JD용수2,2021-05-27,15.31,,,,,,,
JD용수2,2021-05-28,15.33,,,,,,,
JD용수2,2021-05-29,15.26,,,,,,,
JD용수2,2021-05-30,15.18,,,,,,,
JD용수2,2021-05-31,15.06,,,,,,,
JD용수2,2021-06-01,14.94,,,,,,,
JD용수2,2021-06-02,14.84,,,,,,,
JD용수2,2021-06-03,14.81,,,,,,,
JD용수2,2021-06-04,14.74,,,,,,,
JD용수2,2021-06-05,14.66,,,,,,,
JD용수2,2021-06-06,14.55,,,,,,,
JD용수2,2021-06-07,14.39,,,,,,,
JD용수2,2021-06-08,14.29,,,,,,,
JD용수2,2021-06-09,14.22,,,,,,,
JD용수2,2021-06-10,14.14,,,,,,,
JD용수2,2021-06-11,15.16,,,,,,,
JD용수2,2021-06-12,16.8,,,,,,,
JD용수2,2021-06-13,17.12,,,,,,,
JD용수2,2021-06-14,17.21,,,,,,,
JD용수2,2021-06-15,17.28,,,,,,,
JD용수2,2021-06-16,17.47,,,,,,,
JD용수2,2021-06-17,17.52,,,,,,,
JD용수2,2021-06-18,17.52,,,,,,,
JD용수2,2021-06-19,17.46,,,,,,,
JD용수2,2021-06-20,17.39,,,,,,,
JD용수2,2021-06-21,17.31,,,,,,,
JD용수2,2021-06-22,17.19,,,,,,,
JD용수2,2021-06-23,17.08,,,,,,,
JD용수2,2021-06-24,16.97,,,,,,,
JD용수2,2021-06-25,16.87,,,,,,,
JD용수2,2021-06-26,16.77,,,,,,,
JD용수2,2021-06-27,16.67,,,,,,,
JD용수2,2021-06-28,16.57,,,,,,,
JD용수2,2021-06-29,16.46,,,,,,,
JD용수2,2021-06-30,16.35,,,,,,,
JD용수2,2021-07-01,16.25,,,,,,,
JD용수2,2021-07-02,16.14,,,,,,,
JD용수2,2021-07-03,16.09,,,,,,,
JD용수2,2021-07-04,16.07,,,,,,,
JD용수2,2021-07-05,16.27,,,,,,,
JD용수2,2021-07-06,16.33,,,,,,,
JD용수2,2021-07-07,16.48,,,,,,,
JD용수2,2021-07-08,16.95,,,,,,,
JD용수2,2021-07-09,17.06,,,,,,,
JD용수2,2021-07-10,17.08,,,,,,,
JD용수2,2021-07-11,17.05,,,,,,,
JD용수2,2021-07-12,17.02,,,,,,,
JD용수2,2021-07-13,16.96,,,,,,,
JD용수2,2021-07-14,16.88,,,,,,,
JD용수2,2021-07-15,16.79,,,,,,,
JD용수2,2021-07-16,16.72,,,,,,,
JD용수2,2021-07-17,16.84,,,,,,,
JD용수2,2021-07-18,16.99,,,,,,,
JD용수2,2021-07-19,17.07,,,,,,,
JD용수2,2021-07-20,17.05,,,,,,,
JD용수2,2021-07-21,17.02,,,,,,,
JD용수2,2021-07-22,16.96,,,,,,,
JD용수2,2021-07-23,16.89,,,,,,,
JD용수2,2021-07-24,16.81,,,,,,,
JD용수2,2021-07-25,16.74,,,,,,,
JD용수2,2021-07-26,16.67,,,,,,,
JD용수2,2021-07-27,16.6,,,,,,,
JD용수2,2021-07-28,16.5,,,,,,,
JD용수2,2021-07-29,16.42,,,,,,,
JD용수2,2021-07-30,16.35,,,,,,,
JD용수2,2021-07-31,16.28,,,,,,,
JD용수2,2021-08-01,16.21,,,,,,,
JD용수2,2021-08-02,16.13,,,,,,,
JD용수2,2021-08-03,16.03,,,,,,,
JD용수2,2021-08-04,15.93,,,,,,,
JD용수2,2021-08-05,15.84,,,,,,,
JD용수2,2021-08-06,15.76,,,,,,,
JD용수2,2021-08-07,15.68,,,,,,,
JD용수2,2021-08-08,15.62,,,,,,,
JD용수2,2021-08-09,15.53,,,,,,,
JD용수2,2021-08-10,15.42,,,,,,,
JD용수2,2021-08-11,15.43,,,,,,,
JD용수2,2021-08-12,15.55,,,,,,,
JD용수2,2021-08-13,15.84,,,,,,,
JD용수2,2021-08-14,16.47,,,,,,,
JD용수2,2021-08-15,16.92,,,,,,,
JD용수2,2021-08-16,17.03,,,,,,,
JD용수2,2021-08-17,17.06,,,,,,,
JD용수2,2021-08-18,17.04,,,,,,,
JD용수2,2021-08-19,16.98,,,,,,,
JD용수2,2021-08-20,16.92,,,,,,,
JD용수2,2021-08-21,16.88,,,,,,,
JD용수2,2021-08-22,16.83,,,,,,,
JD용수2,2021-08-23,17.01,,,,,,,
JD용수2,2021-08-24,17.1,,,,,,,
JD용수2,2021-08-25,17.09,,,,,,,
JD용수2,2021-08-26,17.03,,,,,,,
JD용수2,2021-08-27,16.98,,,,,,,
JD용수2,2021-08-28,16.91,,,,,,,
JD용수2,2021-08-29,16.83,,,,,,,
JD용수2,2021-08-30,16.71,,,,,,,
JD용수2,2021-08-31,16.59,,,,,,,
JD용수2,2021-09-01,16.56,,,,,,,
JD용수2,2021-09-02,16.53,,,,,,,
JD용수2,2021-09-03,17.27,,,,,,,
JD용수2,2021-09-04,17.76,,,,,,,
JD용수2,2021-09-05,17.79,,,,,,,
JD용수2,2021-09-06,17.78,,,,,,,
JD용수2,2021-09-07,17.75,,,,,,,
JD용수2,2021-09-08,17.72,,,,,,,
JD용수2,2021-09-09,17.65,,,,,,,
JD용수2,2021-09-10,17.61,,,,,,,
JD용수2,2021-09-11,17.58,,,,,,,
JD용수2,2021-09-12,17.52,,,,,,,
JD용수2,2021-09-13,17.45,,,,,,,
JD용수2,2021-09-14,17.65,,,,,,,
JD용수2,2021-09-15,18.15,,,,,,,
JD용수2,2021-09-16,18.36,,,,,,,
JD용수2,2021-09-17,18.87,,,,,,,
JD용수2,2021-09-18,19.16,,,,,,,
JD용수2,2021-09-19,19.18,,,,,,,
JD용수2,2021-09-20,19.15,,,,,,,
JD용수2,2021-09-21,19.08,,,,,,,
JD용수2,2021-09-22,18.99,,,,,,,
JD용수2,2021-09-23,18.84,,,,,,,
JD용수2,2021-09-24,18.69,,,,,,,
JD용수2,2021-09-25,18.55,,,,,,,
JD용수2,2021-09-26,18.42,,,,,,,
JD용수2,2021-09-27,18.28,,,,,,,
JD용수2,2021-09-28,18.16,,,,,,,
JD용수2,2021-09-29,18.07,,,,,,,
JD용수2,2021-09-30,18.01,,,,,,,
JD용수2,2021-10-01,17.94,,,,,,,
JD용수2,2021-10-02,17.82,,,,,,,
JD용수2,2021-10-03,17.7,,,,,,,
JD용수2,2021-10-04,17.56,,,,,,,
JD용수2,2021-10-05,17.42,,,,,,,
JD용수2,2021-10-06,17.31,,,,,,,
JD용수2,2021-10-07,17.26,,,,,,,
JD용수2,2021-10-08,17.17,,,,,,,
JD용수2,2021-10-09,17.08,,,,,,,
JD용수2,2021-10-10,17.04,,,,,,,
JD용수2,2021-10-11,16.98,,,,,,,
JD용수2,2021-10-12,16.9,,,,,,,
JD용수2,2021-10-13,16.82,,,,,,,
JD용수2,2021-10-14,16.74,,,,,,,
JD용수2,2021-10-15,16.67,,,,,,,
JD용수2,2021-10-16,16.6,,,,,,,
JD용수2,2021-10-17,16.54,,,,,,,
JD용수2,2021-10-18,16.49,,,,,,,
JD용수2,2021-10-19,16.41,,,,,,,
JD용수2,2021-10-20,16.32,,,,,,,
JD용수2,2021-10-21,16.22,,,,,,,
JD용수2,2021-10-22,16.1,,,,,,,
JD용수2,2021-10-23,15.99,,,,,,,
JD용수2,2021-10-24,15.91,,,,,,,
JD용수2,2021-10-25,15.83,,,,,,,
JD용수2,2021-10-26,15.76,,,,,,,
JD용수2,2021-10-27,15.68,,,,,,,
JD용수2,2021-10-28,15.58,,,,,,,
JD용수2,2021-10-29,15.48,,,,,,,
JD용수2,2021-10-30,15.39,,,,,,,
JD용수2,2021-10-31,15.35,,,,,,,
JD용수2,2021-11-01,15.3,,,,,,,
JD용수2,2021-11-02,15.23,,,,,,,
JD용수2,2021-11-03,15.18,,,,,,,
JD용수2,2021-11-04,15.12,,,,,,,
JD용수2,2021-11-05,15.07,,,,,,,
JD용수2,2021-11-06,15.03,,,,,,,
JD용수2,2021-11-07,14.98,,,,,,,
JD용수2,2021-11-08,15.06,,,,,,,
JD용수2,2021-11-09,15.23,,,,,,,
JD용수2,2021-11-10,15.29,,,,,,,
JD용수2,2021-11-11,15.29,,,,,,,
JD용수2,2021-11-12,15.25,,,,,,,
JD용수2,2021-11-13,15.19,,,,,,,
JD용수2,2021-11-14,15.13,,,,,,,
JD용수2,2021-11-15,15.05,,,,,,,
JD용수2,2021-11-16,14.97,,,,,,,
JD용수2,2021-11-17,14.89,,,,,,,
JD용수2,2021-11-18,14.83,,,,,,,
JD용수2,2021-11-19,14.77,,,,,,,
JD용수2,2021-11-20,14.68,,,,,,,
JD용수2,2021-11-21,14.62,,,,,,,
JD용수2,2021-11-22,14.57,,,,,,,
JD용수2,2021-11-23,14.49,,,,,,,
JD용수2,2021-11-24,14.42,,,,,,,
JD용수2,2021-11-25,14.32,,,,,,,
JD용수2,2021-11-26,14.21,,,,,,,
JD용수2,2021-11-27,14.09,,,,,,,
JD용수2,2021-11-28,14.02,,,,,,,
JD용수2,2021-11-29,13.99,,,,,,,
JD용수2,2021-11-30,14.06,,,,,,,
JD용수2,2021-12-01,14.06,,,,,,,
JD용수2,2021-12-02,14.04,,,,,,,
JD용수2,2021-12-03,14.0,,,,,,,
JD용수2,2021-12-04,13.89,,,,,,,
JD용수2,2021-12-05,13.82,,,,,,,
JD용수2,2021-12-06,13.76,,,,,,,
JD용수2,2021-12-07,13.68,,,,,,,
JD용수2,2021-12-08,13.58,,,,,,,
JD용수2,2021-12-09,13.53,,,,,,,
JD용수2,2021-12-10,13.47,,,,,,,
JD용수2,2021-12-11,13.4,,,,,,,
JD용수2,2021-12-12,13.33,,,,,,,
JD용수2,2021-12-13,13.26,,,,,,,
JD용수2,2021-12-14,13.23,,,,,,,
JD용수2,2021-12-15,13.2,,,,,,,
JD용수2,2021-12-16,13.21,,,,,,,
JD용수2,2021-12-17,13.22,,,,,,,
JD용수2,2021-12-18,13.16,,,,,,,
JD용수2,2021-12-19,13.14,,,,,,,
JD용수2,2021-12-20,13.1,,,,,,,
JD용수2,2021-12-21,13.08,,,,,,,
JD용수2,2021-12-22,13.01,,,,,,,
JD용수2,2021-12-23,12.95,,,,,,,
JD용수2,2021-12-24,12.91,,,,,,,
JD용수2,2021-12-25,12.8,,,,,,,
JD용수2,2021-12-26,12.72,,,,,,,
JD용수2,2021-12-27,12.67,,,,,,,
JD용수2,2021-12-28,12.63,,,,,,,
JD용수2,2021-12-29,12.61,,,,,,,
JD용수2,2021-12-30,12.53,,,,,,,
JD용수2,2021-12-31,12.45,,,,,,,
JD용수2,2022-01-01,12.39,,,,,,,
JD용수2,2022-01-02,12.34,,,,,,,
JD용수2,2022-01-03,12.27,,,,,,,
JD용수2,2022-01-04,12.21,,,,,,,
JD용수2,2022-01-05,12.18,,,,,,,
JD용수2,2022-01-06,12.24,,,,,,,
JD용수2,2022-01-07,12.23,,,,,,,
JD용수2,2022-01-08,12.2,,,,,,,
JD용수2,2022-01-09,12.17,,,,,,,
JD용수2,2022-01-10,12.13,,,,,,,
JD용수2,2022-01-11,12.1,,,,,,,
JD용수2,2022-01-12,12.07,,,,,,,
JD용수2,2022-01-13,12.03,,,,,,,
JD용수2,2022-01-14,11.97,,,,,,,
JD용수2,2022-01-15,11.91,,,,,,,
JD용수2,2022-01-16,11.83,,,,,,,
JD용수2,2022-01-17,11.74,,,,,,,
JD용수2,2022-01-18,11.67,,,,,,,
JD용수2,2022-01-19,11.64,,,,,,,
JD용수2,2022-01-20,11.58,,,,,,,
JD용수2,2022-01-21,11.5,,,,,,,
JD용수2,2022-01-22,11.47,,,,,,,
JD용수2,2022-01-23,11.5,,,,,,,
JD용수2,2022-01-24,11.55,,,,,,,
JD용수2,2022-01-25,11.52,,,,,,,
JD용수2,2022-01-26,11.46,,,,,,,
JD용수2,2022-01-27,11.41,,,,,,,
JD용수2,2022-01-28,11.34,,,,,,,
JD용수2,2022-01-29,11.31,,,,,,,
JD용수2,2022-01-30,11.26,,,,,,,
JD용수2,2022-01-31,11.19,,,,,,,
JD용수2,2022-02-01,11.13,,,,,,,
JD용수2,2022-02-02,11.08,,,,,,,
JD용수2,2022-02-03,11.05,,,,,,,
JD용수2,2022-02-04,11.0,,,,,,,
JD용수2,2022-02-05,10.96,,,,,,,
JD용수2,2022-02-06,10.92,,,,,,,
JD용수2,2022-02-07,10.9,,,,,,,
JD용수2,2022-02-08,10.87,,,,,,,
JD용수2,2022-02-09,10.84,,,,,,,
JD용수2,2022-02-10,10.84,,,,,,,
JD용수2,2022-02-11,10.83,,,,,,,
JD용수2,2022-02-12,10.81,,,,,,,
JD용수2,2022-02-13,10.81,,,,,,,
JD용수2,2022-02-14,10.77,,,,,,,
JD용수2,2022-02-15,10.73,,,,,,,
JD용수2,2022-02-16,10.7,,,,,,,
JD용수2,2022-02-17,10.67,,,,,,,
JD용수2,2022-02-18,10.64,,,,,,,
JD용수2,2022-02-19,10.66,,,,,,,
JD용수2,2022-02-20,10.61,,,,,,,
JD용수2,2022-02-21,10.56,,,,,,,
JD용수2,2022-02-22,10.52,,,,,,,
JD용수2,2022-02-23,10.47,,,,,,,
JD용수2,2022-02-24,10.41,,,,,,,
JD용수2,2022-02-25,10.38,,,,,,,
JD용수2,2022-02-26,10.37,,,,,,,
JD용수2,2022-02-27,10.32,,,,,,,
JD용수2,2022-02-28,10.32,,,,,,,
JD용수2,2022-03-01,10.35,,,,,,,
JD용수2,2022-03-02,10.34,,,,,,,
JD용수2,2022-03-03,10.31,,,,,,,
JD용수2,2022-03-04,10.3,,,,,,,
JD용수2,2022-03-05,10.31,,,,,,,
JD용수2,2022-03-06,10.28,,,,,,,
JD용수2,2022-03-07,10.23,,,,,,,
JD용수2,2022-03-08,10.14,,,,,,,
JD용수2,2022-03-09,10.08,,,,,,,
JD용수2,2022-03-10,10.05,,,,,,,
JD용수2,2022-03-11,10.06,,,,,,,
JD용수2,2022-03-12,10.06,,,,,,,
JD용수2,2022-03-13,10.11,,,,,,,
JD용수2,2022-03-14,10.24,,,,,,,
JD용수2,2022-03-15,10.26,,,,,,,
JD용수2,2022-03-16,10.22,,,,,,,
JD용수2,2022-03-17,10.22,,,,,,,
JD용수2,2022-03-18,11.52,,,,,,,
JD용수2,2022-03-19,12.25,,,,,,,
JD용수2,2022-03-20,12.39,,,,,,,
JD용수2,2022-03-21,12.4,,,,,,,
JD용수2,2022-03-22,12.51,,,,,,,
JD용수2,2022-03-23,12.6,,,,,,,
JD용수2,2022-03-24,12.56,,,,,,,
JD용수2,2022-03-25,12.53,,,,,,,
JD용수2,2022-03-26,13.21,,,,,,,
JD용수2,2022-03-27,13.75,,,,,,,
JD용수2,2022-03-28,13.85,,,,,,,
JD용수2,2022-03-29,13.84,,,,,,,
JD용수2,2022-03-30,13.77,,,,,,,
JD용수2,2022-03-31,13.62,,,,,,,
JD용수2,2022-04-01,13.45,,,,,,,
JD용수2,2022-04-02,13.28,,,,,,,
JD용수2,2022-04-03,13.11,,,,,,,
JD용수2,2022-04-04,12.92,,,,,,,
JD용수2,2022-04-05,12.73,,,,,,,
JD용수2,2022-04-06,12.57,,,,,,,
JD용수2,2022-04-07,12.41,,,,,,,
JD용수2,2022-04-08,12.24,,,,,,,
JD용수2,2022-04-09,12.12,,,,,,,
JD용수2,2022-04-10,12.0,,,,,,,
JD용수2,2022-04-11,11.95,,,,,,,
JD용수2,2022-04-12,11.89,,,,,,,
JD용수2,2022-04-13,11.82,,,,,,,
JD용수2,2022-04-14,11.78,,,,,,,
JD용수2,2022-04-15,11.72,,,,,,,
JD용수2,2022-04-16,11.59,,,,,,,
JD용수2,2022-04-17,11.43,,,,,,,
JD용수2,2022-04-18,11.26,,,,,,,
JD용수2,2022-04-19,11.12,,,,,,,
JD용수2,2022-04-20,11.02,,,,,,,
JD용수2,2022-04-21,10.98,,,,,,,
JD용수2,2022-04-22,10.94,,,,,,,
JD용수2,2022-04-23,10.91,,,,,,,
JD용수2,2022-04-24,10.91,,,,,,,
JD용수2,2022-04-25,10.9,,,,,,,
JD용수2,2022-04-26,11.32,,,,,,,
JD용수2,2022-04-27,12.31,,,,,,,
JD용수2,2022-04-28,12.58,,,,,,,
JD용수2,2022-04-29,12.8,,,,,,,
JD용수2,2022-04-30,13.03,,,,,,,
JD용수2,2022-05-01,13.09,,,,,,,
JD용수2,2022-05-02,13.04,,,,,,,
JD용수2,2022-05-03,12.9,,,,,,,
JD용수2,2022-05-04,12.75,,,,,,,
JD용수2,2022-05-05,12.61,,,,,,,
JD용수2,2022-05-06,12.48,,,,,,,
JD용수2,2022-05-07,12.31,,,,,,,
JD용수2,2022-05-08,12.17,,,,,,,
JD용수2,2022-05-09,12.02,,,,,,,
JD용수2,2022-05-10,11.89,,,,,,,
JD용수2,2022-05-11,11.77,,,,,,,
JD용수2,2022-05-12,11.69,,,,,,,
JD용수2,2022-05-13,11.66,,,,,,,
JD용수2,2022-05-14,11.65,,,,,,,
JD용수2,2022-05-15,11.55,,,,,,,
JD용수2,2022-05-16,11.42,,,,,,,
JD용수2,2022-05-17,11.24,,,,,,,
JD용수2,2022-05-18,11.04,,,,,,,
JD용수2,2022-05-19,10.94,,,,,,,
JD용수2,2022-05-20,10.91,,,,,,,
JD용수2,2022-05-21,10.85,,,,,,,
JD용수2,2022-05-22,10.81,,,,,,,
JD용수2,2022-05-23,10.75,,,,,,,
JD용수2,2022-05-24,10.68,,,,,,,
JD용수2,2022-05-25,10.68,,,,,,,
JD용수2,2022-05-26,10.7,,,,,,,
JD용수2,2022-05-27,10.74,,,,,,,
JD용수2,2022-05-28,10.75,,,,,,,
JD용수2,2022-05-29,10.73,,,,,,,
JD용수2,2022-05-30,10.75,,,,,,,
JD용수2,2022-05-31,10.7,,,,,,,
JD용수2,2022-06-01,10.64,,,,,,,
JD용수2,2022-06-02,10.53,,,,,,,
JD용수2,2022-06-03,10.46,,,,,,,
JD용수2,2022-06-04,10.45,,,,,,,
JD용수2,2022-06-05,11.15,,,,,,,
JD용수2,2022-06-06,11.9,,,,,,,
JD용수2,2022-06-07,12.06,,,,,,,
JD용수2,2022-06-08,12.04,,,,,,,
JD용수2,2022-06-09,11.93,,,,,,,
JD용수2,2022-06-10,11.82,,,,,,,
JD용수2,2022-06-11,11.7,,,,,,,
JD용수2,2022-06-12,11.57,,,,,,,
JD용수2,2022-06-13,11.49,,,,,,,
JD용수2,2022-06-14,11.43,,,,,,,
JD용수2,2022-06-15,11.31,,,,,,,
JD용수2,2022-06-16,11.14,,,,,,,
JD용수2,2022-06-17,10.98,,,,,,,
JD용수2,2022-06-18,10.84,,,,,,,
JD용수2,2022-06-19,10.74,,,,,,,
JD용수2,2022-06-20,10.67,,,,,,,
JD용수2,2022-06-21,10.64,,,,,,,
JD용수2,2022-06-22,10.57,,,,,,,
JD용수2,2022-06-23,10.51,,,,,,,
JD용수2,2022-06-24,11.62,,,,,,,
JD용수2,2022-06-25,13.47,,,,,,,
JD용수2,2022-06-26,13.98,,,,,,,
JD용수2,2022-06-27,14.21,,,,,,,
JD용수2,2022-06-28,14.31,,,,,,,
JD용수2,2022-06-29,14.29,,,,,,,
JD용수2,2022-06-30,14.19,,,,,,,
JD용수2,2022-07-01,14.05,,,,,,,
JD용수2,2022-07-02,13.92,,,,,,,
JD용수2,2022-07-03,13.79,,,,,,,
JD용수2,2022-07-04,13.66,,,,,,,
JD용수2,2022-07-05,13.5,,,,,,,
JD용수2,2022-07-06,13.33,,,,,,,
JD용수2,2022-07-07,13.21,,,,,,,
JD용수2,2022-07-08,13.11,,,,,,,
JD용수2,2022-07-09,12.99,,,,,,,
JD용수2,2022-07-10,12.84,,,,,,,
JD용수2,2022-07-11,12.9,,,,,,,
JD용수2,2022-07-12,13.17,,,,,,,
JD용수2,2022-07-13,13.17,,,,,,,
JD용수2,2022-07-14,13.12,,,,,,,
JD용수2,2022-07-15,13.24,,,,,,,
JD용수2,2022-07-16,13.98,,,,,,,
JD용수2,2022-07-17,14.23,,,,,,,
JD용수2,2022-07-18,14.29,,,,,,,
JD용수2,2022-07-19,14.26,,,,,,,
JD용수2,2022-07-20,14.17,,,,,,,
JD용수2,2022-07-21,14.08,,,,,,,
JD용수2,2022-07-22,13.95,,,,,,,
JD용수2,2022-07-23,13.83,,,,,,,
JD용수2,2022-07-24,13.72,,,,,,,
JD용수2,2022-07-25,13.58,,,,,,,
JD용수2,2022-07-26,13.43,,,,,,,
JD용수2,2022-07-27,13.26,,,,,,,
JD용수2,2022-07-28,13.11,,,,,,,
JD용수2,2022-07-29,12.95,,,,,,,
JD용수2,2022-07-30,12.92,,,,,,,
JD용수2,2022-07-31,13.8,,,,,,,
JD용수2,2022-08-01,14.73,,,,,,,
JD용수2,2022-08-02,15.27,,,,,,,
JD용수2,2022-08-03,16.0,,,,,,,
JD용수2,2022-08-04,16.24,,,,,,,
JD용수2,2022-08-05,16.33,,,,,,,
JD용수2,2022-08-06,16.36,,,,,,,
JD용수2,2022-08-07,16.33,,,,,,,
JD용수2,2022-08-08,16.28,,,,,,,
JD용수2,2022-08-09,16.21,,,,,,,
JD용수2,2022-08-10,16.13,,,,,,,
JD용수2,2022-08-11,16.02,,,,,,,
JD용수2,2022-08-12,15.92,,,,,,,
JD용수2,2022-08-13,15.78,,,,,,,
JD용수2,2022-08-14,15.64,,,,,,,
JD용수2,2022-08-15,15.53,,,,,,,
JD용수2,2022-08-16,15.4,,,,,,,
JD용수2,2022-08-17,15.68,,,,,,,
JD용수2,2022-08-18,16.63,,,,,,,
JD용수2,2022-08-19,16.8,,,,,,,
JD용수2,2022-08-20,16.79,,,,,,,
JD용수2,2022-08-21,16.72,,,,,,,
JD용수2,2022-08-22,16.68,,,,,,,
JD용수2,2022-08-23,16.59,,,,,,,
JD용수2,2022-08-24,16.48,,,,,,,
JD용수2,2022-08-25,16.31,,,,,,,
JD용수2,2022-08-26,16.19,,,,,,,
JD용수2,2022-08-27,16.08,,,,,,,
JD용수2,2022-08-28,15.91,,,,,,,
JD용수2,2022-08-29,15.79,,,,,,,
JD용수2,2022-08-30,15.68,,,,,,,
JD용수2,2022-08-31,15.55,,,,,,,
JD용수2,2022-09-01,15.4,,,,,,,
JD용수2,2022-09-02,15.32,,,,,,,
JD용수2,2022-09-03,15.4,,,,,,,
JD용수2,2022-09-04,15.74,,,,,,,
JD용수2,2022-09-05,17.54,,,,,,,
JD용수2,2022-09-06,18.65,,,,,,,
JD용수2,2022-09-07,19.06,,,,,,,
JD용수2,2022-09-08,19.2,,,,,,,
JD용수2,2022-09-09,19.17,,,,,,,
JD용수2,2022-09-10,19.1,,,,,,,
JD용수2,2022-09-11,18.96,,,,,,,
JD용수2,2022-09-12,18.79,,,,,,,
JD용수2,2022-09-13,18.66,,,,,,,
JD용수2,2022-09-14,18.66,,,,,,,
JD용수2,2022-09-15,18.59,,,,,,,
JD용수2,2022-09-16,18.47,,,,,,,
JD용수2,2022-09-17,18.33,,,,,,,
JD용수2,2022-09-18,18.23,,,,,,,
JD용수2,2022-09-19,18.1,,,,,,,
JD용수2,2022-09-20,17.87,,,,,,,
JD용수2,2022-09-21,17.64,,,,,,,
JD용수2,2022-09-22,17.51,,,,,,,
JD용수2,2022-09-23,17.37,,,,,,,
JD용수2,2022-09-24,17.22,,,,,,,
JD용수2,2022-09-25,17.1,,,,,,,
JD용수2,2022-09-26,16.95,,,,,,,
JD용수2,2022-09-27,16.84,,,,,,,
JD용수2,2022-09-28,16.73,,,,,,,
JD용수2,2022-09-29,16.62,,,,,,,
JD용수2,2022-09-30,16.49,,,,,,,
JD용수2,2022-10-01,16.3,,,,,,,
JD용수2,2022-10-02,16.21,,,,,,,
JD용수2,2022-10-03,16.17,,,,,,,
JD용수2,2022-10-04,16.08,,,,,,,
JD용수2,2022-10-05,15.99,,,,,,,
JD용수2,2022-10-06,15.9,,,,,,,
JD용수2,2022-10-07,15.8,,,,,,,
JD용수2,2022-10-08,15.72,,,,,,,
JD용수2,2022-10-09,15.68,,,,,,,
JD용수2,2022-10-10,15.62,,,,,,,
JD용수2,2022-10-11,15.53,,,,,,,
JD용수2,2022-10-12,15.39,,,,,,,
JD용수2,2022-10-13,15.29,,,,,,,
JD용수2,2022-10-14,15.15,,,,,,,
JD용수2,2022-10-15,15.02,,,,,,,
JD용수2,2022-10-16,14.9,,,,,,,
JD용수2,2022-10-17,14.8,,,,,,,
JD용수2,2022-10-18,14.69,,,,,,,
JD용수2,2022-10-19,14.54,,,,,,,
JD용수2,2022-10-20,14.37,,,,,,,
JD용수2,2022-10-21,14.27,,,,,,,
JD용수2,2022-10-22,14.2,,,,,,,
JD용수2,2022-10-23,14.11,,,,,,,
JD용수2,2022-10-24,14.04,,,,,,,
JD용수2,2022-10-25,13.93,,,,,,,
JD용수2,2022-10-26,13.82,,,,,,,
JD용수2,2022-10-27,13.71,,,,,,,
JD용수2,2022-10-28,13.66,,,,,,,
JD용수2,2022-10-29,13.57,,,,,,,
JD용수2,2022-10-30,13.44,,,,,,,
JD용수2,2022-10-31,13.37,,,,,,,
JD용수2,2022-11-01,13.33,,,,,,,
JD용수2,2022-11-02,13.27,,,,,,,
JD용수2,2022-11-03,13.27,,,,,,,
JD용수2,2022-11-04,13.16,,,,,,,
JD용수2,2022-11-05,13.04,,,,,,,
JD용수2,2022-11-06,12.99,,,,,,,
JD용수2,2022-11-07,12.97,,,,,,,
JD용수2,2022-11-08,12.93,,,,,,,
JD용수2,2022-11-09,12.92,,,,,,,
JD용수2,2022-11-10,12.94,,,,,,,
JD용수2,2022-11-11,12.95,,,,,,,
JD용수2,2022-11-12,13.0,,,,,,,
JD용수2,2022-11-13,13.01,,,,,,,
JD용수2,2022-11-14,12.98,,,,,,,
JD용수2,2022-11-15,12.93,,,,,,,
JD용수2,2022-11-16,12.87,,,,,,,
JD용수2,2022-11-17,12.8,,,,,,,
JD용수2,2022-11-18,12.75,,,,,,,
JD용수2,2022-11-19,12.71,,,,,,,
JD용수2,2022-11-20,12.71,,,,,,,
JD용수2,2022-11-21,12.78,,,,,,,
JD용수2,2022-11-22,12.78,,,,,,,
JD용수2,2022-11-23,12.76,,,,,,,
JD용수2,2022-11-24,12.69,,,,,,,
JD용수2,2022-11-25,12.66,,,,,,,
JD용수2,2022-11-26,12.6,,,,,,,
JD용수2,2022-11-27,12.55,,,,,,,
JD용수2,2022-11-28,12.53,,,,,,,
JD용수2,2022-11-29,13.66,,,,,,,
JD용수2,2022-11-30,14.24,,,,,,,
JD용수2,2022-12-01,14.31,,,,,,,
JD용수2,2022-12-02,14.21,,,,,,,
JD용수2,2022-12-03,14.08,,,,,,,
JD용수2,2022-12-04,13.89,,,,,,,
JD용수2,2022-12-05,13.72,,,,,,,
JD용수2,2022-12-06,13.57,,,,,,,
JD용수2,2022-12-07,13.4,,,,,,,
JD용수2,2022-12-08,13.23,,,,,,,
JD용수2,2022-12-09,13.09,,,,,,,
JD용수2,2022-12-10,12.98,,,,,,,
JD용수2,2022-12-11,12.86,,,,,,,
JD용수2,2022-12-12,12.75,,,,,,,
JD용수2,2022-12-13,12.63,,,,,,,
JD용수2,2022-12-14,12.49,,,,,,,
JD용수2,2022-12-15,12.4,,,,,,,
JD용수2,2022-12-16,12.27,,,,,,,
JD용수2,2022-12-17,12.17,,,,,,,
JD용수2,2022-12-18,12.09,,,,,,,
JD용수2,2022-12-19,12.01,,,,,,,
JD용수2,2022-12-20,11.97,,,,,,,
JD용수2,2022-12-21,12.02,,,,,,,
JD용수2,2022-12-22,12.08,,,,,,,
JD용수2,2022-12-23,12.09,,,,,,,
JD용수2,2022-12-24,12.08,,,,,,,
JD용수2,2022-12-25,12.06,,,,,,,
JD용수2,2022-12-26,11.99,,,,,,,
JD용수2,2022-12-27,11.86,,,,,,,
JD용수2,2022-12-28,11.68,,,,,,,
JD용수2,2022-12-29,11.52,,,,,,,
JD용수2,2022-12-30,11.39,,,,,,,
JD용수2,2022-12-31,11.29,,,,,,,
JD용수2,2023-01-01,11.21,,,,,,,
JD용수2,2023-01-02,11.12,,,,,,,
JD용수2,2023-01-03,11.07,,,,,,,
JD용수2,2023-01-04,11.0,,,,,,,
JD용수2,2023-01-05,10.95,,,,,,,
JD용수2,2023-01-06,10.95,,,,,,,
JD용수2,2023-01-07,10.93,,,,,,,
JD용수2,2023-01-08,10.87,,,,,,,
JD용수2,2023-01-09,10.83,,,,,,,
JD용수2,2023-01-10,10.78,,,,,,,
JD용수2,2023-01-11,10.74,,,,,,,
JD용수2,2023-01-12,10.75,,,,,,,
JD용수2,2023-01-13,11.41,,,,,,,
JD용수2,2023-01-14,12.71,,,,,,,
JD용수2,2023-01-15,13.15,,,,,,,
JD용수2,2023-01-16,13.29,,,,,,,
JD용수2,2023-01-17,13.27,,,,,,,
JD용수2,2023-01-18,13.19,,,,,,,
JD용수2,2023-01-19,13.08,,,,,,,
JD용수2,2023-01-20,12.92,,,,,,,
JD용수2,2023-01-21,12.75,,,,,,,
JD용수2,2023-01-22,12.62,,,,,,,
JD용수2,2023-01-23,12.48,,,,,,,
JD용수2,2023-01-24,12.27,,,,,,,
JD용수2,2023-01-25,12.09,,,,,,,
JD용수2,2023-01-26,11.95,,,,,,,
JD용수2,2023-01-27,11.8,,,,,,,
JD용수2,2023-01-28,11.68,,,,,,,
JD용수2,2023-01-29,11.61,,,,,,,
JD용수2,2023-01-30,11.51,,,,,,,
JD용수2,2023-01-31,11.42,,,,,,,
JD용수2,2023-02-01,11.35,,,,,,,
JD용수2,2023-02-02,11.22,,,,,,,
JD용수2,2023-02-03,11.11,,,,,,,
JD용수2,2023-02-04,10.99,,,,,,,
JD용수2,2023-02-05,10.9,,,,,,,
JD용수2,2023-02-06,10.86,,,,,,,
JD용수2,2023-02-07,10.84,,,,,,,
JD용수2,2023-02-08,10.77,,,,,,,
JD용수2,2023-02-09,10.72,,,,,,,
JD용수2,2023-02-10,11.21,,,,,,,
JD용수2,2023-02-11,11.58,,,,,,,
JD용수2,2023-02-12,11.75,,,,,,,
JD용수2,2023-02-13,12.47,,,,,,,
JD용수2,2023-02-14,12.78,,,,,,,
JD용수2,2023-02-15,12.88,,,,,,,
JD용수2,2023-02-16,12.84,,,,,,,
JD용수2,2023-02-17,12.79,,,,,,,
JD용수2,2023-02-18,12.73,,,,,,,
JD용수2,2023-02-19,12.64,,,,,,,
JD용수2,2023-02-20,12.49,,,,,,,
JD용수2,2023-02-21,12.31,,,,,,,
JD용수2,2023-02-22,12.17,,,,,,,
JD용수2,2023-02-23,12.05,,,,,,,
JD용수2,2023-02-24,11.9,,,,,,,
JD용수2,2023-02-25,11.69,,,,,,,
JD용수2,2023-02-26,11.45,,,,,,,
JD용수2,2023-02-27,11.24,,,,,,,
JD용수2,2023-02-28,11.1,,,,,,,
JD용수2,2023-03-01,11.02,,,,,,,
JD용수2,2023-03-02,10.96,,,,,,,
JD용수2,2023-03-03,10.85,,,,,,,
JD용수2,2023-03-04,10.75,,,,,,,
JD용수2,2023-03-05,10.66,,,,,,,
JD용수2,2023-03-06,10.61,,,,,,,
JD용수2,2023-03-07,10.58,,,,,,,
JD용수2,2023-03-08,10.55,,,,,,,
JD용수2,2023-03-09,10.57,,,,,,,
JD용수2,2023-03-10,10.56,,,,,,,
JD용수2,2023-03-11,10.52,,,,,,,
JD용수2,2023-03-12,10.48,,,,,,,
JD용수2,2023-03-13,10.5,,,,,,,
JD용수2,2023-03-14,10.5,,,,,,,
JD용수2,2023-03-15,10.44,,,,,,,
JD용수2,2023-03-16,10.33,,,,,,,
JD용수2,2023-03-17,10.31,,,,,,,
JD용수2,2023-03-18,10.43,,,,,,,
JD용수2,2023-03-19,10.45,,,,,,,
JD용수2,2023-03-20,10.44,,,,,,,
JD용수2,2023-03-21,10.53,,,,,,,
JD용수2,2023-03-22,10.67,,,,,,,
JD용수2,2023-03-23,10.82,,,,,,,
JD용수2,2023-03-24,10.87,,,,,,,
JD용수2,2023-03-25,10.86,,,,,,,
JD용수2,2023-03-26,10.83,,,,,,,
JD용수2,2023-03-27,10.7,,,,,,,
JD용수2,2023-03-28,10.54,,,,,,,
JD용수2,2023-03-29,10.39,,,,,,,
JD용수2,2023-03-30,10.28,,,,,,,
JD용수2,2023-03-31,10.22,,,,,,,
JD용수2,2023-04-01,10.21,,,,,,,
JD용수2,2023-04-02,10.18,,,,,,,
JD용수2,2023-04-03,10.13,,,,,,,
JD용수2,2023-04-04,10.11,,,,,,,
JD용수2,2023-04-05,11.55,,,,,,,
JD용수2,2023-04-06,13.51,,,,,,,
JD용수2,2023-04-07,14.06,,,,,,,
JD용수2,2023-04-08,14.3,,,,,,,
JD용수2,2023-04-09,14.48,,,,,,,
JD용수2,2023-04-10,14.57,,,,,,,
JD용수2,2023-04-11,14.6,,,,,,,
JD용수2,2023-04-12,14.56,,,,,,,
JD용수2,2023-04-13,14.49,,,,,,,
JD용수2,2023-04-14,14.45,,,,,,,
JD용수2,2023-04-15,14.52,,,,,,,
JD용수2,2023-04-16,14.5,,,,,,,
JD용수2,2023-04-17,14.37,,,,,,,
JD용수2,2023-04-18,14.27,,,,,,,
JD용수2,2023-04-19,14.16,,,,,,,
JD용수2,2023-04-20,14.04,,,,,,,
JD용수2,2023-04-21,13.89,,,,,,,
JD용수2,2023-04-22,13.71,,,,,,,
JD용수2,2023-04-23,13.51,,,,,,,
JD용수2,2023-04-24,13.35,,,,,,,
JD용수2,2023-04-25,13.25,,,,,,,
JD용수2,2023-04-26,13.11,,,,,,,
JD용수2,2023-04-27,12.93,,,,,,,
JD용수2,2023-04-28,12.79,,,,,,,
JD용수2,2023-04-29,12.7,,,,,,,
JD용수2,2023-04-30,12.59,,,,,,,
JD용수2,2023-05-01,12.45,,,,,,,
JD용수2,2023-05-02,12.29,,,,,,,
JD용수2,2023-05-03,12.2,,,,,,,
JD용수2,2023-05-04,13.83,,,,,,,
JD용수2,2023-05-05,16.14,,,,,,,
JD용수2,2023-05-06,17.16,,,,,,,
JD용수2,2023-05-07,17.64,,,,,,,
JD용수2,2023-05-08,17.85,,,,,,,
JD용수2,2023-05-09,17.96,,,,,,,
JD용수2,2023-05-10,17.96,,,,,,,
JD용수2,2023-05-11,17.88,,,,,,,
JD용수2,2023-05-12,17.78,,,,,,,
JD용수2,2023-05-13,17.69,,,,,,,
JD용수2,2023-05-14,17.57,,,,,,,
JD용수2,2023-05-15,17.45,,,,,,,
JD용수2,2023-05-16,17.3,,,,,,,
JD용수2,2023-05-17,17.17,,,,,,,
JD용수2,2023-05-18,17.26,,,,,,,
JD용수2,2023-05-19,17.42,,,,,,,
JD용수2,2023-05-20,17.36,,,,,,,
JD용수2,2023-05-21,17.29,,,,,,,
JD용수2,2023-05-22,17.22,,,,,,,
JD용수2,2023-05-23,17.13,,,,,,,
JD용수2,2023-05-24,17.02,,,,,,,
JD용수2,2023-05-25,16.92,,,,,,,
JD용수2,2023-05-26,16.81,,,,,,,
JD용수2,2023-05-27,16.72,,,,,,,
JD용수2,2023-05-28,16.64,,,,,,,
JD용수2,2023-05-29,16.56,,,,,,,
JD용수2,2023-05-30,16.57,,,,,,,
JD용수2,2023-05-31,16.76,,,,,,,
JD용수2,2023-06-01,17.04,,,,,,,
JD용수2,2023-06-02,18.05,,,,,,,
JD용수2,2023-06-03,18.43,,,,,,,
JD용수2,2023-06-04,18.5,,,,,,,
JD용수2,2023-06-05,18.5,,,,,,,
JD용수2,2023-06-06,18.79,,,,,,,
JD용수2,2023-06-07,19.11,,,,,,,
JD용수2,2023-06-08,19.17,,,,,,,
JD용수2,2023-06-09,19.11,,,,,,,
JD용수2,2023-06-10,19.02,,,,,,,
JD용수2,2023-06-11,18.89,,,,,,,
JD용수2,2023-06-12,18.76,,,,,,,
JD용수2,2023-06-13,18.64,,,,,,,
JD용수2,2023-06-14,18.49,,,,,,,
JD용수2,2023-06-15,18.34,,,,,,,
JD용수2,2023-06-16,18.18,,,,,,,
JD용수2,2023-06-17,18.06,,,,,,,
JD용수2,2023-06-18,17.98,,,,,,,
JD용수2,2023-06-19,17.89,,,,,,,
JD용수2,2023-06-20,17.81,,,,,,,
JD용수2,2023-06-21,17.73,,,,,,,
JD용수2,2023-06-22,17.65,,,,,,,
JD용수2,2023-06-23,17.55,,,,,,,
JD용수2,2023-06-24,17.45,,,,,,,
JD용수2,2023-06-25,17.45,,,,,,,
JD용수2,2023-06-26,17.69,,,,,,,
JD용수2,2023-06-27,17.72,,,,,,,
JD용수2,2023-06-28,17.72,,,,,,,
JD용수2,2023-06-29,17.72,,,,,,,
JD용수2,2023-06-30,17.96,,,,,,,
JD용수2,2023-07-01,18.67,,,,,,,
JD용수2,2023-07-02,18.85,,,,,,,
JD용수2,2023-07-03,18.92,,,,,,,
JD용수2,2023-07-04,18.99,,,,,,,
JD용수2,2023-07-05,19.1,,,,,,,
JD용수2,2023-07-06,19.23,,,,,,,
JD용수2,2023-07-07,19.22,,,,,,,
JD용수2,2023-07-08,19.31,,,,,,,
JD용수2,2023-07-09,19.7,,,,,,,
JD용수2,2023-07-10,19.79,,,,,,,
JD용수2,2023-07-11,19.72,,,,,,,
JD용수2,2023-07-12,19.61,,,,,,,
JD용수2,2023-07-13,19.5,,,,,,,
JD용수2,2023-07-14,19.37,,,,,,,
JD용수2,2023-07-15,19.23,,,,,,,
JD용수2,2023-07-16,19.08,,,,,,,
JD용수2,2023-07-17,18.94,,,,,,,
JD용수2,2023-07-18,18.87,,,,,,,
JD용수2,2023-07-19,18.87,,,,,,,
JD용수2,2023-07-20,18.81,,,,,,,
JD용수2,2023-07-21,18.73,,,,,,,
JD용수2,2023-07-22,18.67,,,,,,,
JD용수2,2023-07-23,18.67,,,,,,,
JD용수2,2023-07-24,18.66,,,,,,,
JD용수2,2023-07-25,18.69,,,,,,,
JD용수2,2023-07-26,18.64,,,,,,,
JD용수2,2023-07-27,18.59,,,,,,,
JD용수2,2023-07-28,18.56,,,,,,,
JD용수2,2023-07-29,18.7,,,,,,,
JD용수2,2023-07-30,18.73,,,,,,,
JD용수2,2023-07-31,18.69,,,,,,,
JD용수2,2023-08-01,18.64,,,,,,,
JD용수2,2023-08-02,18.58,,,,,,,
JD용수2,2023-08-03,18.5,,,,,,,
JD용수2,2023-08-04,18.44,,,,,,,
JD용수2,2023-08-05,18.39,,,,,,,
JD용수2,2023-08-06,18.34,,,,,,,
JD용수2,2023-08-07,18.27,,,,,,,
JD용수2,2023-08-08,18.2,,,,,,,
JD용수2,2023-08-09,18.16,,,,,,,
JD용수2,2023-08-10,18.1,,,,,,,
JD용수2,2023-08-11,17.99,,,,,,,
JD용수2,2023-08-12,17.9,,,,,,,
JD용수2,2023-08-13,17.82,,,,,,,
JD용수2,2023-08-14,17.72,,,,,,,
JD용수2,2023-08-15,17.64,,,,,,,
JD용수2,2023-08-16,17.56,,,,,,,
JD용수2,2023-08-17,17.49,,,,,,,
JD용수2,2023-08-18,17.4,,,,,,,
JD용수2,2023-08-19,17.31,,,,,,,
JD용수2,2023-08-20,17.22,,,,,,,
JD용수2,2023-08-21,17.16,,,,,,,
JD용수2,2023-08-22,17.13,,,,,,,
JD용수2,2023-08-23,17.25,,,,,,,
JD용수2,2023-08-24,17.52,,,,,,,
JD용수2,2023-08-25,17.62,,,,,,,
JD용수2,2023-08-26,17.62,,,,,,,
JD용수2,2023-08-27,17.59,,,,,,,
JD용수2,2023-08-28,17.55,,,,,,,
JD용수2,2023-08-29,17.5,,,,,,,
JD용수2,2023-08-30,17.96,,,,,,,
JD용수2,2023-08-31,18.84,,,,,,,
JD용수2,2023-09-01,18.98,,,,,,,
JD용수2,2023-09-02,19.23,,,,,,,
JD용수2,2023-09-03,19.56,,,,,,,
JD용수2,2023-09-04,19.6,,,,,,,
JD용수2,2023-09-05,19.55,,,,,,,
JD용수2,2023-09-06,19.45,,,,,,,
JD용수2,2023-09-07,19.32,,,,,,,
JD용수2,2023-09-08,19.18,,,,,,,
JD용수2,2023-09-09,19.04,,,,,,,
JD용수2,2023-09-10,18.89,,,,,,,
JD용수2,2023-09-11,18.76,,,,,,,
JD용수2,2023-09-12,18.61,,,,,,,
JD용수2,2023-09-13,18.52,,,,,,,
JD용수2,2023-09-14,18.47,,,,,,,
JD용수2,2023-09-15,18.41,,,,,,,
JD용수2,2023-09-16,18.34,,,,,,,
JD용수2,2023-09-17,18.36,,,,,,,
JD용수2,2023-09-18,18.38,,,,,,,
JD용수2,2023-09-19,18.36,,,,,,,
JD용수2,2023-09-20,18.34,,,,,,,
JD용수2,2023-09-21,18.27,,,,,,,
JD용수2,2023-09-22,18.18,,,,,,,
JD용수2,2023-09-23,18.08,,,,,,,
JD용수2,2023-09-24,17.96,,,,,,,
JD용수2,2023-09-25,17.9,,,,,,,
JD용수2,2023-09-26,17.83,,,,,,,
JD용수2,2023-09-27,17.73,,,,,,,
JD용수2,2023-09-28,17.65,,,,,,,
JD용수2,2023-09-29,17.57,,,,,,,
JD용수2,2023-09-30,17.54,,,,,,,
JD용수2,2023-10-01,17.48,,,,,,,
JD용수2,2023-10-02,17.4,,,,,,,
JD용수2,2023-10-03,17.35,,,,,,,
JD용수2,2023-10-04,17.3,,,,,,,
JD용수2,2023-10-05,17.22,,,,,,,
JD용수2,2023-10-06,17.15,,,,,,,
JD용수2,2023-10-07,17.08,,,,,,,
JD용수2,2023-10-08,17.05,,,,,,,
JD용수2,2023-10-09,16.97,,,,,,,
JD용수2,2023-10-10,16.85,,,,,,,
JD용수2,2023-10-11,16.75,,,,,,,
JD용수2,2023-10-12,16.72,,,,,,,
JD용수2,2023-10-13,16.68,,,,,,,
JD용수2,2023-10-14,16.63,,,,,,,
JD용수2,2023-10-15,16.56,,,,,,,
JD용수2,2023-10-16,16.46,,,,,,,
JD용수2,2023-10-17,16.35,,,,,,,
JD용수2,2023-10-18,16.22,,,,,,,
JD용수2,2023-10-19,16.18,,,,,,,
JD용수2,2023-10-20,16.14,,,,,,,
JD용수2,2023-10-21,16.04,,,,,,,
JD용수2,2023-10-22,15.93,,,,,,,
JD용수2,2023-10-23,15.86,,,,,,,
JD용수2,2023-10-24,15.8,,,,,,,
JD용수2,2023-10-25,15.7,,,,,,,
JD용수2,2023-10-26,15.66,,,,,,,
JD용수2,2023-10-27,15.62,,,,,,,
JD용수2,2023-10-28,15.59,,,,,,,
JD용수2,2023-10-29,15.52,,,,,,,
JD용수2,2023-10-30,15.42,,,,,,,
JD용수2,2023-10-31,15.37,,,,,,,
JD용수2,2023-11-01,15.34,,,,,,,
JD용수2,2023-11-02,15.31,,,,,,,
JD용수2,2023-11-03,15.29,,,,,,,
JD용수2,2023-11-04,15.24,,,,,,,
JD용수2,2023-11-05,15.23,,,,,,,
JD용수2,2023-11-06,15.31,,,,,,,
JD용수2,2023-11-07,15.33,,,,,,,
JD용수2,2023-11-08,15.3,,,,,,,
JD용수2,2023-11-09,15.26,,,,,,,
JD용수2,2023-11-10,15.2,,,,,,,
JD용수2,2023-11-11,15.11,,,,,,,
JD용수2,2023-11-12,15.04,,,,,,,
JD용수2,2023-11-13,14.96,,,,,,,
JD용수2,2023-11-14,14.89,,,,,,,
JD용수2,2023-11-15,14.81,,,,,,,
JD용수2,2023-11-16,14.78,,,,,,,
JD용수2,2023-11-17,14.79,,,,,,,
JD용수2,2023-11-18,14.78,,,,,,,
JD용수2,2023-11-19,14.75,,,,,,,
JD용수2,2023-11-20,14.68,,,,,,,
JD용수2,2023-11-21,14.62,,,,,,,
JD용수2,2023-11-22,14.58,,,,,,,
JD용수2,2023-11-23,14.52,,,,,,,
JD용수2,2023-11-24,14.39,,,,,,,
JD용수2,2023-11-25,14.3,,,,,,,
JD용수2,2023-11-26,14.27,,,,,,,
JD용수2,2023-11-27,14.25,,,,,,,
JD용수2,2023-11-28,14.16,,,,,,,
JD용수2,2023-11-29,14.09,,,,,,,
JD용수2,2023-11-30,14.01,,,,,,,
JD용수2,2023-12-01,13.97,,,,,,,
JD용수2,2023-12-02,13.91,,,,,,,
JD용수2,2023-12-03,13.84,,,,,,,
JD용수2,2023-12-04,13.81,,,,,,,
JD용수2,2023-12-05,13.79,,,,,,,
JD용수2,2023-12-06,13.77,,,,,,,
JD용수2,2023-12-07,13.69,,,,,,,
JD용수2,2023-12-08,13.63,,,,,,,
JD용수2,2023-12-09,13.58,,,,,,,
JD용수2,2023-12-10,13.52,,,,,,,
JD용수2,2023-12-11,13.65,,,,,,,
JD용수2,2023-12-12,13.74,,,,,,,
JD용수2,2023-12-13,13.7,,,,,,,
JD용수2,2023-12-14,13.7,,,,,,,
JD용수2,2023-12-15,13.85,,,,,,,
JD용수2,2023-12-16,13.83,,,,,,,
JD용수2,2023-12-17,13.79,,,,,,,
JD용수2,2023-12-18,13.81,,,,,,,
JD용수2,2023-12-19,13.84,,,,,,,
JD용수2,2023-12-20,13.8,,,,,,,
JD용수2,2023-12-21,13.73,,,,,,,
JD용수2,2023-12-22,13.64,,,,,,,
JD용수2,2023-12-23,13.69,,,,,,,
JD용수2,2023-12-24,13.81,,,,,,,
JD용수2,2023-12-25,13.85,,,,,,,
JD용수2,2023-12-26,13.84,,,,,,,
JD용수2,2023-12-27,13.8,,,,,,,
JD용수2,2023-12-28,13.75,,,,,,,
JD용수2,2023-12-29,13.69,,,,,,,
JD용수2,2023-12-30,13.69,,,,,,,
JD용수2,2023-12-31,13.66,,,,,,,
JD용수2,2024-01-01,13.56,,,,,,,
JD용수2,2024-01-02,13.5,,,,,,,
JD용수2,2024-01-03,13.46,,,,,,,
JD용수2,2024-01-04,13.37,,,,,,,
JD용수2,2024-01-05,13.32,,,,,,,
JD용수2,2024-01-06,13.24,,,,,,,
JD용수2,2024-01-07,13.15,,,,,,,
JD용수2,2024-01-08,13.07,,,,,,,
JD용수2,2024-01-09,13.04,,,,,,,
JD용수2,2024-01-10,13.02,,,,,,,
JD용수2,2024-01-11,12.96,,,,,,,
JD용수2,2024-01-12,12.92,,,,,,,
JD용수2,2024-01-13,12.83,,,,,,,
JD용수2,2024-01-14,12.78,,,,,,,
JD용수2,2024-01-15,12.69,,,,,,,
JD용수2,2024-01-16,12.6,,,,,,,
JD용수2,2024-01-17,12.57,,,,,,,
JD용수2,2024-01-18,12.54,,,,,,,
JD용수2,2024-01-19,12.54,,,,,,,
JD용수2,2024-01-20,12.63,,,,,,,
JD용수2,2024-01-21,12.71,,,,,,,
JD용수2,2024-01-22,12.71,,,,,,,
JD용수2,2024-01-23,12.69,,,,,,,
JD용수2,2024-01-24,12.63,,,,,,,
JD용수2,2024-01-25,12.58,,,,,,,
JD용수2,2024-01-26,12.52,,,,,,,
JD용수2,2024-01-27,12.45,,,,,,,
JD용수2,2024-01-28,12.37,,,,,,,
JD용수2,2024-01-29,12.27,,,,,,,
JD용수2,2024-01-30,12.21,,,,,,,
JD용수2,2024-01-31,12.2,,,,,,,
JD용수2,2024-02-01,12.34,,,,,,,
JD용수2,2024-02-02,12.62,,,,,,,
JD용수2,2024-02-03,12.76,,,,,,,
JD용수2,2024-02-04,13.01,,,,,,,
JD용수2,2024-02-05,13.53,,,,,,,
JD용수2,2024-02-06,13.95,,,,,,,
JD용수2,2024-02-07,14.12,,,,,,,
JD용수2,2024-02-08,14.17,,,,,,,
JD용수2,2024-02-09,14.14,,,,,,,
JD용수2,2024-02-10,14.04,,,,,,,
JD용수2,2024-02-11,13.91,,,,,,,
JD용수2,2024-02-12,13.76,,,,,,,
JD용수2,2024-02-13,13.64,,,,,,,
JD용수2,2024-02-14,13.54,,,,,,,
JD용수2,2024-02-15,13.47,,,,,,,
JD용수2,2024-02-16,13.33,,,,,,,
JD용수2,2024-02-17,13.22,,,,,,,
JD용수2,2024-02-18,13.15,,,,,,,
JD용수2,2024-02-19,13.25,,,,,,,
JD용수2,2024-02-20,13.32,,,,,,,
JD용수2,2024-02-21,13.57,,,,,,,
JD용수2,2024-02-22,14.02,,,,,,,
JD용수2,2024-02-23,14.21,,,,,,,
JD용수2,2024-02-24,14.28,,,,,,,
JD용수2,2024-02-25,14.32,,,,,,,
JD용수2,2024-02-26,14.27,,,,,,,
JD용수2,2024-02-27,14.19,,,,,,,
JD용수2,2024-02-28,14.1,,,,,,,
JD용수2,2024-02-29,14.06,,,,,,,
JD용수2,2024-03-01,13.96,,,,,,,
JD용수2,2024-03-02,13.87,,,,,,,
JD용수2,2024-03-03,13.8,,,,,,,
JD용수2,2024-03-04,13.72,,,,,,,
JD용수2,2024-03-05,13.83,,,,,,,
JD용수2,2024-03-06,13.98,,,,,,,
JD용수2,2024-03-07,13.98,,,,,,,
JD용수2,2024-03-08,13.92,,,,,,,
JD용수2,2024-03-09,13.81,,,,,,,
JD용수2,2024-03-10,13.65,,,,,,,
JD용수2,2024-03-11,13.57,,,,,,,
JD용수2,2024-03-12,13.6,,,,,,,
JD용수2,2024-03-13,13.53,,,,,,,
JD용수2,2024-03-14,13.44,,,,,,,
JD용수2,2024-03-15,13.33,,,,,,,
JD용수2,2024-03-16,13.22,,,,,,,
JD용수2,2024-03-17,13.18,,,,,,,
JD용수2,2024-03-18,13.08,,,,,,,
JD용수2,2024-03-19,12.99,,,,,,,
JD용수2,2024-03-20,12.88,,,,,,,
JD용수2,2024-03-21,12.8,,,,,,,
JD용수2,2024-03-22,12.75,,,,,,,
JD용수2,2024-03-23,12.71,,,,,,,
JD용수2,2024-03-24,12.72,,,,,,,
JD용수2,2024-03-25,12.77,,,,,,,
JD용수2,2024-03-26,12.87,,,,,,,
JD용수2,2024-03-27,12.9,,,,,,,
JD용수2,2024-03-28,13.2,,,,,,,
JD용수2,2024-03-29,14.12,,,,,,,
JD용수2,2024-03-30,14.47,,,,,,,
JD용수2,2024-03-31,14.61,,,,,,,
JD용수2,2024-04-01,14.63,,,,,,,
JD용수2,2024-04-02,14.61,,,,,,,
JD용수2,2024-04-03,14.84,,,,,,,
JD용수2,2024-04-04,15.1,,,,,,,
JD용수2,2024-04-05,15.22,,,,,,,
JD용수2,2024-04-06,15.23,,,,,,,
JD용수2,2024-04-07,15.19,,,,,,,
JD용수2,2024-04-08,15.14,,,,,,,
JD용수2,2024-04-09,15.01,,,,,,,
JD용수2,2024-04-10,14.85,,,,,,,
JD용수2,2024-04-11,14.72,,,,,,,
JD용수2,2024-04-12,14.61,,,,,,,
JD용수2,2024-04-13,14.49,,,,,,,
JD용수2,2024-04-14,14.37,,,,,,,
JD용수2,2024-04-15,14.31,,,,,,,
JD용수2,2024-04-16,14.2,,,,,,,
JD용수2,2024-04-17,14.11,,,,,,,
JD용수2,2024-04-18,14.02,,,,,,,
JD용수2,2024-04-19,13.91,,,,,,,
JD용수2,2024-04-20,13.91,,,,,,,
JD용수2,2024-04-21,13.93,,,,,,,
JD용수2,2024-04-22,13.88,,,,,,,
JD용수2,2024-04-23,13.83,,,,,,,
JD용수2,2024-04-24,13.77,,,,,,,
JD용수2,2024-04-25,13.69,,,,,,,
JD용수2,2024-04-26,13.61,,,,,,,
JD용수2,2024-04-27,13.51,,,,,,,
JD용수2,2024-04-28,13.4,,,,,,,
JD용수2,2024-04-29,14.21,,,,,,,
JD용수2,2024-04-30,15.26,,,,,,,
JD용수2,2024-05-01,15.49,,,,,,,
JD용수2,2024-05-02,15.51,,,,,,,
JD용수2,2024-05-03,15.46,,,,,,,
JD용수2,2024-05-04,15.42,,,,,,,
JD용수2,2024-05-05,15.66,,,,,,,
JD용수2,2024-05-06,16.88,,,,,,,
JD용수2,2024-05-07,17.33,,,,,,,
JD용수2,2024-05-08,17.42,,,,,,,
JD용수2,2024-05-09,17.39,,,,,,,
JD용수2,2024-05-10,17.35,,,,,,,
JD용수2,2024-05-11,17.32,,,,,,,
JD용수2,2024-05-12,17.61,,,,,,,
JD용수2,2024-05-13,17.79,,,,,,,
JD용수2,2024-05-14,17.78,,,,,,,
JD용수2,2024-05-15,17.72,,,,,,,
JD용수2,2024-05-16,17.61,,,,,,,
JD용수2,2024-05-17,17.49,,,,,,,
JD용수2,2024-05-18,17.38,,,,,,,
JD용수2,2024-05-19,17.29,,,,,,,
JD용수2,2024-05-20,17.18,,,,,,,
JD용수2,2024-05-21,17.07,,,,,,,
JD용수2,2024-05-22,16.99,,,,,,,
JD용수2,2024-05-23,16.91,,,,,,,
JD용수2,2024-05-24,16.81,,,,,,,
JD용수2,2024-05-25,16.7,,,,,,,
JD용수2,2024-05-26,16.66,,,,,,,
JD용수2,2024-05-27,16.62,,,,,,,
JD용수2,2024-05-28,16.55,,,,,,,
JD용수2,2024-05-29,16.42,,,,,,,
JD용수2,2024-05-30,16.35,,,,,,,
JD용수2,2024-05-31,16.28,,,,,,,
JD용수2,2024-06-01,16.22,,,,,,,
JD용수2,2024-06-02,16.14,,,,,,,
JD용수2,2024-06-03,16.05,,,,,,,
JD용수2,2024-06-04,15.93,,,,,,,
JD용수2,2024-06-05,15.81,,,,,,,
JD용수2,2024-06-06,15.74,,,,,,,
JD용수2,2024-06-07,15.68,,,,,,,
JD용수2,2024-06-08,15.65,,,,,,,
JD용수2,2024-06-09,15.68,,,,,,,
JD용수2,2024-06-10,15.61,,,,,,,
JD용수2,2024-06-11,15.54,,,,,,,
JD용수2,2024-06-12,15.48,,,,,,,
JD용수2,2024-06-13,15.42,,,,,,,
JD용수2,2024-06-14,15.34,,,,,,,
JD용수2,2024-06-15,15.28,,,,,,,
JD용수2,2024-06-16,15.19,,,,,,,
JD용수2,2024-06-17,15.12,,,,,,,
JD용수2,2024-06-18,15.05,,,,,,,
JD용수2,2024-06-19,14.98,,,,,,,
JD용수2,2024-06-20,15.21,,,,,,,
JD용수2,2024-06-21,16.4,,,,,,,
JD용수2,2024-06-22,16.85,,,,,,,
JD용수2,2024-06-23,17.54,,,,,,,
JD용수2,2024-06-24,18.18,,,,,,,
JD용수2,2024-06-25,18.33,,,,,,,
JD용수2,2024-06-26,18.34,,,,,,,
JD용수2,2024-06-27,18.46,,,,,,,
JD용수2,2024-06-28,19.17,,,,,,,
JD용수2,2024-06-29,19.52,,,,,,,
JD용수2,2024-06-30,19.98,,,,,,,
JD용수2,2024-07-01,20.07,,,,,,,
JD용수2,2024-07-02,20.04,,,,,,,
JD용수2,2024-07-03,19.88,,,,,,,
JD용수2,2024-07-04,19.74,,,,,,,
JD용수2,2024-07-05,19.59,,,,,,,
JD용수2,2024-07-06,19.44,,,,,,,
JD용수2,2024-07-07,19.28,,,,,,,
JD용수2,2024-07-08,19.14,,,,,,,
JD용수2,2024-07-09,19.0,,,,,,,
JD용수2,2024-07-10,18.89,,,,,,,
JD용수2,2024-07-11,18.8,,,,,,,
JD용수2,2024-07-12,18.71,,,,,,,
JD용수2,2024-07-13,18.6,,,,,,,
JD용수2,2024-07-14,18.5,,,,,,,
JD용수2,2024-07-15,18.39,,,,,,,
JD용수2,2024-07-16,18.3,,,,,,,
JD용수2,2024-07-17,18.23,,,,,,,
JD용수2,2024-07-18,18.16,,,,,,,
JD용수2,2024-07-19,18.11,,,,,,,
JD용수2,2024-07-20,18.11,,,,,,,
JD용수2,2024-07-21,18.06,,,,,,,
JD용수2,2024-07-22,18.01,,,,,,,
JD용수2,2024-07-23,17.95,,,,,,,
JD용수2,2024-07-24,17.9,,,,,,,
JD용수2,2024-07-25,17.84,,,,,,,
JD용수2,2024-07-26,17.76,,,,,,,
JD용수2,2024-07-27,17.67,,,,,,,
JD용수2,2024-07-28,17.6,,,,,,,
JD용수2,2024-07-29,17.55,,,,,,,
JD용수2,2024-07-30,17.5,,,,,,,
JD용수2,2024-07-31,17.43,,,,,,,
JD용수2,2024-08-01,17.38,,,,,,,
JD용수2,2024-08-02,17.3,,,,,,,
JD용수2,2024-08-03,17.21,,,,,,,
JD용수2,2024-08-04,17.15,,,,,,,
JD용수2,2024-08-05,17.11,,,,,,,
JD용수2,2024-08-06,17.04,,,,,,,
JD용수2,2024-08-07,16.95,,,,,,,
JD용수2,2024-08-08,16.92,,,,,,,
JD용수2,2024-08-09,16.83,,,,,,,
JD용수2,2024-08-10,16.7,,,,,,,
JD용수2,2024-08-11,16.71,,,,,,,
JD용수2,2024-08-12,16.62,,,,,,,
JD용수2,2024-08-13,16.54,,,,,,,
JD용수2,2024-08-14,16.57,,,,,,,
JD용수2,2024-08-15,16.62,,,,,,,
JD용수2,2024-08-16,16.91,,,,,,,
JD용수2,2024-08-17,16.98,,,,,,,
JD용수2,2024-08-18,17.12,,,,,,,
JD용수2,2024-08-19,17.17,,,,,,,
JD용수2,2024-08-20,17.16,,,,,,,
JD용수2,2024-08-21,17.14,,,,,,,
JD용수2,2024-08-22,17.12,,,,,,,
JD용수2,2024-08-23,17.08,,,,,,,
JD용수2,2024-08-24,17.04,,,,,,,
JD용수2,2024-08-25,16.99,,,,,,,
JD용수2,2024-08-26,16.95,,,,,,,
JD용수2,2024-08-27,16.92,,,,,,,
JD용수2,2024-08-28,17.21,,,,,,,
JD용수2,2024-08-29,17.51,,,,,,,
JD용수2,2024-08-30,17.52,,,,,,,
JD용수2,2024-08-31,17.48,,,,,,,
JD용수2,2024-09-01,17.43,,,,,,,
JD용수2,2024-09-02,17.35,,,,,,,
JD용수2,2024-09-03,17.27,,,,,,,
JD용수2,2024-09-04,17.21,,,,,,,
JD용수2,2024-09-05,17.14,,,,,,,
JD용수2,2024-09-06,17.04,,,,,,,
JD용수2,2024-09-07,16.93,,,,,,,
JD용수2,2024-09-08,16.85,,,,,,,
JD용수2,2024-09-09,16.8,,,,,,,
JD용수2,2024-09-10,16.75,,,,,,,
JD용수2,2024-09-11,16.7,,,,,,,
JD용수2,2024-09-12,16.71,,,,,,,
JD용수2,2024-09-13,16.74,,,,,,,
JD용수2,2024-09-14,16.74,,,,,,,
JD용수2,2024-09-15,16.69,,,,,,,
JD용수2,2024-09-16,16.61,,,,,,,
JD용수2,2024-09-17,16.54,,,,,,,
JD용수2,2024-09-18,16.51,,,,,,,
JD용수2,2024-09-19,16.46,,,,,,,
JD용수2,2024-09-20,16.63,,,,,,,
JD용수2,2024-09-21,16.87,,,,,,,
JD용수2,2024-09-22,16.91,,,,,,,
JD용수2,2024-09-23,16.9,,,,,,,
JD용수2,2024-09-24,16.9,,,,,,,
JD용수2,2024-09-25,16.88,,,,,,,
JD용수2,2024-09-26,16.83,,,,,,,
JD용수2,2024-09-27,16.76,,,,,,,
JD용수2,2024-09-28,16.66,,,,,,,
JD용수2,2024-09-29,16.56,,,,,,,
JD용수2,2024-09-30,16.49,,,,,,,
JD용수2,2024-10-01,16.44,,,,,,,
JD용수2,2024-10-02,16.39,,,,,,,
JD용수2,2024-10-03,16.31,,,,,,,
JD용수2,2024-10-04,16.2,,,,,,,
JD용수2,2024-10-05,16.12,,,,,,,
JD용수2,2024-10-06,16.05,,,,,,,
JD용수2,2024-10-07,16.0,,,,,,,
JD용수2,2024-10-08,15.96,,,,,,,
JD용수2,2024-10-09,15.91,,,,,,,
JD용수2,2024-10-10,15.88,,,,,,,
JD용수2,2024-10-11,15.82,,,,,,,
JD용수2,2024-10-12,15.74,,,,,,,
JD용수2,2024-10-13,15.67,,,,,,,
JD용수2,2024-10-14,15.6,,,,,,,
JD용수2,2024-10-15,15.56,,,,,,,
JD용수2,2024-10-16,15.48,,,,,,,
JD용수2,2024-10-17,15.4,,,,,,,
JD용수2,2024-10-18,15.45,,,,,,,
JD용수2,2024-10-19,15.59,,,,,,,
JD용수2,2024-10-20,15.53,,,,,,,
JD용수2,2024-10-21,15.49,,,,,,,
JD용수2,2024-10-22,15.84,,,,,,,
JD용수2,2024-10-23,16.29,,,,,,,
JD용수2,2024-10-24,16.35,,,,,,,
JD용수2,2024-10-25,16.32,,,,,,,
JD용수2,2024-10-26,16.29,,,,,,,
JD용수2,2024-10-27,16.26,,,,,,,
JD용수2,2024-10-28,16.24,,,,,,,
JD용수2,2024-10-29,16.17,,,,,,,
JD용수2,2024-10-30,16.08,,,,,,,
JD용수2,2024-10-31,16.01,,,,,,,
JD용수2,2024-11-01,16.33,,,,,,,
JD용수2,2024-11-02,18.06,,,,,,,
JD용수2,2024-11-03,18.65,,,,,,,
JD용수2,2024-11-04,18.82,,,,,,,
JD용수2,2024-11-05,18.83,,,,,,,
JD용수2,2024-11-06,18.75,,,,,,,
JD용수2,2024-11-07,18.65,,,,,,,
JD용수2,2024-11-08,18.54,,,,,,,
JD용수2,2024-11-09,18.42,,,,,,,
JD용수2,2024-11-10,18.32,,,,,,,
JD용수2,2024-11-11,18.19,,,,,,,
JD용수2,2024-11-12,18.08,,,,,,,
JD용수2,2024-11-13,17.95,,,,,,,
JD용수2,2024-11-14,17.84,,,,,,,
JD용수2,2024-11-15,17.82,,,,,,,
JD용수2,2024-11-16,17.91,,,,,,,
JD용수2,2024-11-17,17.95,,,,,,,
JD용수2,2024-11-18,17.85,,,,,,,
JD용수2,2024-11-19,17.76,,,,,,,
JD용수2,2024-11-20,17.67,,,,,,,
JD용수2,2024-11-21,17.58,,,,,,,
JD용수2,2024-11-22,17.49,,,,,,,
JD용수2,2024-11-23,17.39,,,,,,,
JD용수2,2024-11-24,17.3,,,,,,,
JD용수2,2024-11-25,17.24,,,,,,,
JD용수2,2024-11-26,17.21,,,,,,,
JD용수2,2024-11-27,17.17,,,,,,,
JD용수2,2024-11-28,17.15,,,,,,,
JD용수2,2024-11-29,17.2,,,,,,,
JD용수2,2024-11-30,17.18,,,,,,,
JD용수2,2024-12-01,17.14,,,,,,,
JD용수2,2024-12-02,17.09,,,,,,,
JD용수2,2024-12-03,17.0,,,,,,,
JD용수2,2024-12-04,16.93,,,,,,,
JD용수2,2024-12-05,16.86,,,,,,,
JD용수2,2024-12-06,16.78,,,,,,,
JD용수2,2024-12-07,16.68,,,,,,,
JD용수2,2024-12-08,16.59,,,,,,,
JD용수2,2024-12-09,16.53,,,,,,,
JD용수2,2024-12-10,16.46,,,,,,,
JD용수2,2024-12-11,16.39,,,,,,,
JD용수2,2024-12-12,16.3,,,,,,,
JD용수2,2024-12-13,16.23,,,,,,,
JD용수2,2024-12-14,16.12,,,,,,,
JD용수2,2024-12-15,16.05,,,,,,,
JD용수2,2024-12-16,15.97,,,,,,,
JD용수2,2024-12-17,15.88,,,,,,,
JD용수2,2024-12-18,15.79,,,,,,,
JD용수2,2024-12-19,15.68,,,,,,,
JD용수2,2024-12-20,15.61,,,,,,,
JD용수2,2024-12-21,15.53,,,,,,,
JD용수2,2024-12-22,15.42,,,,,,,
JD용수2,2024-12-23,15.33,,,,,,,
JD용수2,2024-12-24,15.23,,,,,,,
JD용수2,2024-12-25,15.14,,,,,,,
JD용수2,2024-12-26,15.07,,,,,,,
JD용수2,2024-12-27,14.99,,,,,,,
JD용수2,2024-12-28,14.93,,,,,,,
JD용수2,2024-12-29,14.84,,,,,,,
JD용수2,2024-12-30,14.79,,,,,,,
JD용수2,2024-12-31,14.73,,,,,,,
JD용수2,2025-01-01,14.65,,,,,,,
JD용수2,2025-01-02,14.58,,,,,,,
JD용수2,2025-01-03,14.49,,,,,,,
JD용수2,2025-01-04,14.42,,,,,,,
JD용수2,2025-01-05,14.4,,,,,,,
JD용수2,2025-01-06,14.4,,,,,,,
JD용수2,2025-01-07,14.35,,,,,,,
JD용수2,2025-01-08,14.31,,,,,,,
JD용수2,2025-01-09,14.24,,,,,,,
JD용수2,2025-01-10,14.16,,,,,,,
JD용수2,2025-01-11,14.13,,,,,,,
JD용수2,2025-01-12,14.12,,,,,,,
JD용수2,2025-01-13,14.05,,,,,,,
JD용수2,2025-01-14,13.99,,,,,,,
JD용수2,2025-01-15,13.92,,,,,,,
JD용수2,2025-01-16,13.88,,,,,,,
JD용수2,2025-01-17,13.81,,,,,,,
JD용수2,2025-01-18,13.76,,,,,,,
JD용수2,2025-01-19,13.75,,,,,,,
JD용수2,2025-01-20,13.71,,,,,,,
JD용수2,2025-01-21,13.64,,,,,,,
JD용수2,2025-01-22,13.58,,,,,,,
JD용수2,2025-01-23,13.53,,,,,,,
JD용수2,2025-01-24,13.48,,,,,,,
JD용수2,2025-01-25,13.42,,,,,,,
JD용수2,2025-01-26,13.37,,,,,,,
JD용수2,2025-01-27,13.43,,,,,,,
JD용수2,2025-01-28,13.47,,,,,,,
JD용수2,2025-01-29,13.45,,,,,,,
JD용수2,2025-01-30,13.38,,,,,,,
JD용수2,2025-01-31,13.35,,,,,,,
JD용수2,2025-02-01,13.57,,,,,,,
JD용수2,2025-02-02,13.97,,,,,,,
JD용수2,2025-02-03,14.04,,,,,,,
JD용수2,2025-02-04,14.03,,,,,,,
JD용수2,2025-02-05,13.97,,,,,,,
JD용수2,2025-02-06,13.89,,,,,,,
JD용수2,2025-02-07,13.82,,,,,,,
JD용수2,2025-02-08,13.7,,,,,,,
JD용수2,2025-02-09,13.62,,,,,,,
JD용수2,2025-02-10,13.53,,,,,,,
JD용수2,2025-02-11,13.44,,,,,,,
JD용수2,2025-02-12,13.62,,,,,,,
JD용수2,2025-02-13,13.88,,,,,,,
JD용수2,2025-02-14,13.94,,,,,,,
JD용수2,2025-02-15,13.96,,,,,,,
JD용수2,2025-02-16,13.93,,,,,,,
JD용수2,2025-02-17,13.84,,,,,,,
JD용수2,2025-02-18,13.75,,,,,,,
JD용수2,2025-02-19,13.65,,,,,,,
JD용수2,2025-02-20,13.52,,,,,,,
JD용수2,2025-02-21,13.41,,,,,,,
JD용수2,2025-02-22,13.29,,,,,,,
JD용수2,2025-02-23,13.2,,,,,,,
JD용수2,2025-02-24,13.11,,,,,,,
JD용수2,2025-02-25,13.04,,,,,,,
JD용수2,2025-02-26,12.98,,,,,,,
JD용수2,2025-02-27,12.93,,,,,,,
JD용수2,2025-02-28,12.92,,,,,,,
JD용수2,2025-03-01,12.92,,,,,,,
JD용수2,2025-03-02,13.0,,,,,,,
JD용수2,2025-03-03,13.35,,,,,,,
JD용수2,2025-03-04,13.83,,,,,,,
JD용수2,2025-03-05,14.03,,,,,,,
JD용수2,2025-03-06,14.05,,,,,,,
JD용수2,2025-03-07,14.02,,,,,,,
JD용수2,2025-03-08,13.95,,,,,,,
JD용수2,2025-03-09,13.84,,,,,,,
JD용수2,2025-03-10,13.76,,,,,,,
JD용수2,2025-03-11,13.71,,,,,,,
JD용수2,2025-03-12,13.64,,,,,,,
JD용수2,2025-03-13,13.56,,,,,,,
JD용수2,2025-03-14,13.48,,,,,,,
JD용수2,2025-03-15,13.45,,,,,,,
JD용수2,2025-03-16,13.42,,,,,,,
JD용수2,2025-03-17,13.32,,,,,,,
JD용수2,2025-03-18,13.25,,,,,,,
JD용수2,2025-03-19,13.12,,,,,,,
JD용수2,2025-03-20,13.05,,,,,,,
JD용수2,2025-03-21,13.0,,,,,,,
JD용수2,2025-03-22,12.94,,,,,,,
JD용수2,2025-03-23,12.91,,,,,,,
JD용수2,2025-03-24,12.93,,,,,,,
JD용수2,2025-03-25,12.98,,,,,,,
JD용수2,2025-03-26,13.01,,,,,,,
JD용수2,2025-03-27,13.08,,,,,,,
JD용수2,2025-03-28,13.07,,,,,,,
JD용수2,2025-03-29,13.01,,,,,,,
JD용수2,2025-03-30,12.9,,,,,,,
JD용수2,2025-03-31,12.82,,,,,,,
JD용수2,2025-04-01,12.75,,,,,,,
JD용수2,2025-04-02,12.67,,,,,,,
JD용수2,2025-04-03,12.57,,,,,,,
JD용수2,2025-04-04,12.48,,,,,,,
JD용수2,2025-04-05,12.44,,,,,,,
JD용수2,2025-04-06,12.38,,,,,,,
JD용수2,2025-04-07,12.32,,,,,,,
JD용수2,2025-04-08,12.29,,,,,,,
JD용수2,2025-04-09,12.31,,,,,,,
JD용수2,2025-04-10,12.35,,,,,,,
JD용수2,2025-04-11,12.35,,,,,,,
JD용수2,2025-04-12,12.44,,,,,,,
JD용수2,2025-04-13,13.02,,,,,,,
JD용수2,2025-04-14,13.32,,,,,,,
JD용수2,2025-04-15,13.36,,,,,,,
JD용수2,2025-04-16,13.34,,,,,,,
JD용수2,2025-04-17,13.3,,,,,,,
JD용수2,2025-04-18,13.21,,,,,,,
JD용수2,2025-04-19,13.12,,,,,,,
JD용수2,2025-04-20,13.04,,,,,,,
JD용수2,2025-04-21,12.93,,,,,,,
JD용수2,2025-04-22,13.27,,,,,,,
JD용수2,2025-04-23,13.99,,,,,,,
JD용수2,2025-04-24,14.21,,,,,,,
JD용수2,2025-04-25,14.22,,,,,,,
JD용수2,2025-04-26,14.14,,,,,,,
JD용수2,2025-04-27,14.06,,,,,,,
JD용수2,2025-04-28,14.04,,,,,,,
JD용수2,2025-04-29,13.94,,,,,,,
JD용수2,2025-04-30,13.82,,,,,,,
JD용수2,2025-05-01,13.86,,,,,,,
JD용수2,2025-05-02,14.57,,,,,,,
JD용수2,2025-05-03,14.89,,,,,,,
JD용수2,2025-05-04,14.91,,,,,,,
JD용수2,2025-05-05,14.88,,,,,,,
JD용수2,2025-05-06,14.84,,,,,,,
JD용수2,2025-05-07,14.7,,,,,,,
JD용수2,2025-05-08,14.56,,,,,,,
JD용수2,2025-05-09,14.84,,,,,,,
JD용수2,2025-05-10,15.59,,,,,,,
JD용수2,2025-05-11,15.8,,,,,,,
JD용수2,2025-05-12,15.86,,,,,,,
JD용수2,2025-05-13,15.82,,,,,,,
JD용수2,2025-05-14,15.75,,,,,,,
JD용수2,2025-05-15,15.68,,,,,,,
JD용수2,2025-05-16,15.7,,,,,,,
JD용수2,2025-05-17,16.26,,,,,,,
JD용수2,2025-05-18,16.42,,,,,,,
JD용수2,2025-05-19,16.46,,,,,,,
JD용수2,2025-05-20,16.45,,,,,,,
JD용수2,2025-05-21,16.44,,,,,,,
JD용수2,2025-05-22,16.41,,,,,,,
JD용수2,2025-05-23,16.37,,,,,,,
JD용수2,2025-05-24,16.34,,,,,,,
JD용수2,2025-05-25,16.23,,,,,,,
JD용수2,2025-05-26,16.13,,,,,,,
JD용수2,2025-05-27,16.02,,,,,,,
JD용수2,2025-05-28,15.93,,,,,,,
JD용수2,2025-05-29,15.84,,,,,,,
JD용수2,2025-05-30,15.73,,,,,,,
JD용수2,2025-05-31,15.63,,,,,,,
JD용수2,2025-06-01,15.55,,,,,,,
JD용수2,2025-06-02,15.51,,,,,,,
JD용수2,2025-06-03,15.52,,,,,,,
JD용수2,2025-06-04,15.42,,,,,,,
JD용수2,2025-06-05,15.28,,,,,,,
JD용수2,2025-06-06,15.17,,,,,,,
JD용수2,2025-06-07,15.08,,,,,,,
JD용수2,2025-06-08,14.99,,,,,,,
JD용수2,2025-06-09,14.91,,,,,,,
JD용수2,2025-06-10,14.82,,,,,,,
JD용수2,2025-06-11,14.71,,,,,,,
JD용수2,2025-06-12,14.61,,,,,,,
JD용수2,2025-06-13,14.55,,,,,,,
JD용수2,2025-06-14,15.03,,,,,,,
JD용수2,2025-06-15,15.54,,,,,,,
JD용수2,2025-06-16,16.2,,,,,,,
JD용수2,2025-06-17,16.73,,,,,,,
JD용수2,2025-06-18,16.8,,,,,,,
JD용수2,2025-06-19,16.8,,,,,,,
JD용수2,2025-06-20,16.81,,,,,,,
JD용수2,2025-06-21,16.79,,,,,,,
JD용수2,2025-06-22,16.77,,,,,,,
JD용수2,2025-06-23,16.75,,,,,,,
JD용수2,2025-06-24,16.71,,,,,,,
JD용수2,2025-06-25,16.62,,,,,,,
JD용수2,2025-06-26,16.53,,,,,,,
JD용수2,2025-06-27,16.45,,,,,,,
JD용수2,2025-06-28,16.35,,,,,,,
JD용수2,2025-06-29,16.26,,,,,,,
JD용수2,2025-06-30,16.14,,,,,,,
JD용수2,2025-07-01,16.02,,,,,,,
JD용수2,2025-07-02,15.89,,,,,,,
JD용수2,2025-07-03,15.78,,,,,,,
JD용수2,2025-07-04,15.69,,,,,,,
JD용수2,2025-07-05,15.61,,,,,,,
JD용수2,2025-07-06,15.52,,,,,,,
JD용수2,2025-07-07,15.44,,,,,,,
JD용수2,2025-07-08,15.29,,,,,,,
JD용수2,2025-07-09,15.23,,,,,,,
JD용수2,2025-07-10,15.24,,,,,,,
JD용수2,2025-07-11,15.18,,,,,,,
JD용수2,2025-07-12,15.11,,,,,,,
JD용수2,2025-07-13,15.09,,,,,,,
JD용수2,2025-07-14,15.11,,,,,,,
JD용수2,2025-07-15,15.09,,,,,,,
JD용수2,2025-07-16,15.01,,,,,,,
JD용수2,2025-07-17,14.94,,,,,,,
JD용수2,2025-07-18,14.9,,,,,,,
JD용수2,2025-07-19,15.44,,,,,,,
JD용수2,2025-07-20,15.63,,,,,,,
JD용수2,2025-07-21,15.65,,,,,,,
JD용수2,2025-07-22,15.6,,,,,,,
JD용수2,2025-07-23,15.55,,,,,,,
JD용수2,2025-07-24,15.47,,,,,,,
JD용수2,2025-07-25,15.39,,,,,,,
JD용수2,2025-07-26,15.3,,,,,,,
JD용수2,2025-07-27,15.21,,,,,,,
JD용수2,2025-07-28,15.09,,,,,,,
JD용수2,2025-07-29,15.05,,,,,,,
JD용수2,2025-07-30,14.98,,,,,,,
JD용수2,2025-07-31,14.91,,,,,,,
JD용수2,2025-08-01,14.76,,,,,,,
JD용수2,2025-08-02,14.7,,,,,,,
JD용수2,2025-08-03,14.67,,,,,,,
JD용수2,2025-08-04,14.65,,,,,,,
JD용수2,2025-08-05,14.62,,,,,,,
JD용수2,2025-08-06,14.57,,,,,,,
JD용수2,2025-08-07,14.5,,,,,,,
JD용수2,2025-08-08,14.4,,,,,,,
JD용수2,2025-08-09,14.35,,,,,,,
JD용수2,2025-08-10,14.33,,,,,,,
JD용수2,2025-08-11,14.43,,,,,,,
JD용수2,2025-08-12,14.82,,,,,,,
JD용수2,2025-08-13,14.92,,,,,,,
JD용수2,2025-08-14,14.9,,,,,,,
JD용수2,2025-08-15,14.83,,,,,,,
JD용수2,2025-08-16,14.73,,,,,,,
JD용수2,2025-08-17,14.62,,,,,,,
JD용수2,2025-08-18,14.5,,,,,,,
JD용수2,2025-08-19,14.33,,,,,,,
JD용수2,2025-08-20,14.3,,,,,,,
JD용수2,2025-08-21,14.61,,,,,,,
JD용수2,2025-08-22,14.94,,,,,,,
JD용수2,2025-08-23,14.95,,,,,,,
JD용수2,2025-08-24,14.88,,,,,,,
JD용수2,2025-08-25,14.8,,,,,,,
JD용수2,2025-08-26,14.73,,,,,,,
JD용수2,2025-08-27,14.65,,,,,,,
JD용수2,2025-08-28,14.55,,,,,,,
JD용수2,2025-08-29,14.44,,,,,,,
JD용수2,2025-08-30,14.32,,,,,,,
JD용수2,2025-08-31,14.29,,,,,,,
JD용수2,2025-09-01,14.39,,,,,,,
JD용수2,2025-09-02,14.36,,,,,,,
JD용수2,2025-09-03,14.3,,,,,,,
JD용수2,2025-09-04,14.24,,,,,,,
JD용수2,2025-09-05,14.14,,,,,,,
JD용수2,2025-09-06,14.06,,,,,,,
JD용수2,2025-09-07,13.98,,,,,,,
JD용수2,2025-09-08,13.92,,,,,,,
JD용수2,2025-09-09,13.9,,,,,,,
JD용수2,2025-09-10,13.87,,,,,,,
JD용수2,2025-09-11,13.81,,,,,,,
JD용수2,2025-09-12,13.75,,,,,,,
JD용수2,2025-09-13,13.69,,,,,,,
JD용수2,2025-09-14,13.66,,,,,,,
JD용수2,2025-09-15,15.38,,,,,,,
JD용수2,2025-09-16,16.17,,,,,,,
JD용수2,2025-09-17,16.4,,,,,,,
JD용수2,2025-09-18,16.51,,,,,,,
JD용수2,2025-09-19,16.55,,,,,,,
JD용수2,2025-09-20,16.57,,,,,,,
JD용수2,2025-09-21,16.53,,,,,,,
JD용수2,2025-09-22,16.47,,,,,,,
JD용수2,2025-09-23,16.38,,,,,,,
JD용수2,2025-09-24,16.31,,,,,,,
JD용수2,2025-09-25,16.17,,,,,,,
JD용수2,2025-09-26,16.08,,,,,,,
JD용수2,2025-09-27,16.14,,,,,,,
JD용수2,2025-09-28,16.4,,,,,,,
JD용수2,2025-09-29,16.5,,,,,,,
JD용수2,2025-09-30,16.49,,,,,,,
JD용수2,2025-10-01,16.44,,,,,,,
JD용수2,2025-10-02,16.36,,,,,,,
JD용수2,2025-10-03,16.4,,,,,,,
JD용수2,2025-10-04,16.65,,,,,,,
JD용수2,2025-10-05,16.69,,,,,,,
JD용수2,2025-10-06,16.67,,,,,,,
JD용수2,2025-10-07,16.62,,,,,,,
JD용수2,2025-10-08,16.55,,,,,,,
JD용수2,2025-10-09,16.45,,,,,,,
JD용수2,2025-10-10,16.34,,,,,,,
JD용수2,2025-10-11,16.25,,,,,,,
JD용수2,2025-10-12,16.15,,,,,,,
JD용수2,2025-10-13,16.03,,,,,,,
JD용수2,2025-10-14,15.93,,,,,,,
JD용수2,2025-10-15,15.86,,,,,,,
JD용수2,2025-10-16,15.78,,,,,,,
JD용수2,2025-10-17,15.7,,,,,,,
JD용수2,2025-10-18,15.58,,,,,,,
JD용수2,2025-10-19,15.47,,,,,,,
JD용수2,2025-10-20,15.33,,,,,,,
JD용수2,2025-10-21,15.19,,,,,,,
JD용수2,2025-10-22,15.05,,,,,,,
JD용수2,2025-10-23,14.93,,,,,,,
JD용수2,2025-10-24,14.78,,,,,,,
JD용수2,2025-10-25,14.67,,,,,,,
JD용수2,2025-10-26,14.58,,,,,,,
JD용수2,2025-10-27,14.45,,,,,,,
JD용수2,2025-10-28,14.32,,,,,,,
JD용수2,2025-10-29,14.2,,,,,,,
JD용수2,2025-10-30,14.1,,,,,,,
JD용수2,2025-10-31,14.06,,,,,,,
JD용수2,2025-11-01,14.01,,,,,,,
JD용수2,2025-11-02,13.94,,,,,,,
JD용수2,2025-11-03,13.84,,,,,,,
JD용수2,2025-11-04,13.77,,,,,,,
JD용수2,2025-11-05,13.7,,,,,,,
JD용수2,2025-11-06,13.63,,,,,,,
JD용수2,2025-11-07,13.56,,,,,,,
JD용수2,2025-11-08,13.53,,,,,,,
JD용수2,2025-11-09,13.58,,,,,,,
JD용수2,2025-11-10,13.56,,,,,,,
JD용수2,2025-11-11,13.52,,,,,,,
JD용수2,2025-11-12,13.46,,,,,,,
JD용수2,2025-11-13,13.41,,,,,,,
JD용수2,2025-11-14,13.34,,,,,,,
JD용수2,2025-11-15,13.22,,,,,,,
JD용수2,2025-11-16,13.13,,,,,,,
JD용수2,2025-11-17,13.03,,,,,,,
JD용수2,2025-11-18,12.96,,,,,,,
JD용수2,2025-11-19,12.89,,,,,,,
JD용수2,2025-11-20,12.81,,,,,,,
JD용수2,2025-11-21,12.73,,,,,,,
JD용수2,2025-11-22,12.63,,,,,,,
JD용수2,2025-11-23,12.58,,,,,,,
JD용수2,2025-11-24,12.57,,,,,,,
JD용수2,2025-11-25,12.54,,,,,,,
JD용수2,2025-11-26,12.44,,,,,,,
JD용수2,2025-11-27,12.41,,,,,,,
JD용수2,2025-11-28,12.35,,,,,,,
JD용수2,2025-11-29,12.31,,,,,,,
JD용수2,2025-11-30,12.27,,,,,,,
JD용수2,2025-12-01,12.22,,,,,,,
JD용수2,2025-12-02,12.17,,,,,,,
JD용수2,2025-12-03,12.11,,,,,,,
JD용수2,2025-12-04,12.06,,,,,,,
JD용수2,2025-12-05,12.01,,,,,,,
JD용수2,2025-12-06,11.96,,,,,,,
JD용수2,2025-12-07,11.9,,,,,,,
JD용수2,2025-12-08,11.79,,,,,,,
JD용수2,2025-12-09,11.7,,,,,,,
JD용수2,2025-12-10,11.66,,,,,,,
JD용수2,2025-12-11,11.66,,,,,,,
JD용수2,2025-12-12,11.61,,,,,,,
JD용수2,2025-12-13,11.62,,,,,,,
JD용수2,2025-12-14,11.65,,,,,,,
JD용수2,2025-12-15,11.64,,,,,,,
JD용수2,2025-12-16,11.63,,,,,,,
JD용수2,2025-12-17,11.58,,,,,,,
JD용수2,2025-12-18,11.51,,,,,,,
JD용수2,2025-12-19,11.47,,,,,,,
JD용수2,2025-12-20,11.43,,,,,,,
JD용수2,2025-12-21,11.33,,,,,,,
JD용수2,2025-12-22,11.26,,,,,,,
JD용수2,2025-12-23,11.25,,,,,,,
JD용수2,2025-12-24,11.26,,,,,,,
JD용수2,2025-12-25,11.22,,,,,,,
JD용수2,2025-12-26,11.14,,,,,,,
JD용수2,2025-12-27,11.09,,,,,,,
JD용수2,2025-12-28,11.06,,,,,,,
JD용수2,2025-12-29,11.03,,,,,,,
JD용수2,2025-12-30,10.95,,,,,,,
JD용수2,2025-12-31,10.89,,,,,,,
JD용수2,2026-01-01,10.89,S11,26.68,10.35,16.66,309.0,1027.83,12.92
JD용수2,2026-01-02,10.87,S11,26.7,10.33,16.66,309.0,1028.17,12.89
JD용수2,2026-01-03,10.82,S11,26.75,10.28,16.66,309.0,1030.42,12.87
JD용수2,2026-01-04,10.8,S11,26.77,10.26,16.66,309.0,1028.0,12.89
JD용수2,2026-01-05,10.78,S11,26.79,10.24,16.66,309.0,1024.92,12.98
JD용수2,2026-01-06,10.73,S11,26.84,10.19,16.66,309.0,1026.17,13.02
JD용수2,2026-01-07,10.7,S11,26.87,10.16,16.66,309.0,1025.08,12.84
JD용수2,2026-01-08,10.65,S11,26.92,10.11,16.66,309.0,1029.38,12.85
JD용수2,2026-01-09,10.63,S11,26.94,10.09,16.66,309.0,1026.5,12.96
JD용수2,2026-01-10,10.62,S11,26.95,10.08,16.66,309.0,1021.46,12.97
JD용수2,2026-01-11,10.57,S11,27.0,10.03,16.66,309.0,1027.67,12.87
JD용수2,2026-01-12,10.61,S11,26.96,10.07,16.66,309.0,1023.96,12.95
JD용수2,2026-01-13,10.6,S11,26.97,10.06,16.66,309.0,1021.29,12.99
JD용수2,2026-01-14,10.53,S11,27.04,9.99,16.66,309.0,1024.96,12.99
JD용수2,2026-01-15,10.52,S11,27.05,9.98,16.66,309.0,1019.92,12.99
JD용수2,2026-01-16,10.47,S11,27.1,9.93,16.66,309.0,1020.79,13.04
JD용수2,2026-01-17,10.42,S11,27.15,9.88,16.66,309.0,1022.21,13.0
JD용수2,2026-01-18,10.41,S11,27.16,9.87,16.66,310.0,1021.92,12.98
JD용수2,2026-01-19,10.38,S11,27.19,9.84,16.66,310.0,1024.5,12.92
JD용수2,2026-01-20,10.35,S11,27.22,9.81,16.66,310.0,1027.04,12.93
JD용수2,2026-01-21,10.33,S11,27.25,9.78,16.66,310.0,1029.43,12.43
JD용수2,2026-01-22,,S11,27.28,9.75,16.66,310.0,1031.04,
JD용수2,2026-01-23,,S11,27.28,9.75,16.66,309.0,1030.21,
JD용수2,2026-01-24,,S11,27.3,9.73,16.66,309.0,1029.04,
JD용수2,2026-01-25,,S11,27.36,9.67,16.66,309.0,1032.17,
JD용수2,2026-01-26,,S11,27.35,9.68,16.66,310.0,1028.71,
JD용수2,2026-01-27,,S11,27.33,9.7,16.66,310.0,1028.08,
JD용수2,2026-01-28,,S11,27.38,9.65,16.66,310.0,1030.71,
JD용수2,2026-01-29,10.2,S11,27.39,9.61,16.66,310.0,1032.92,13.23
JD용수2,2026-01-30,10.19,S11,27.38,9.59,16.66,310.0,1032.92,12.97
JD용수2,2026-01-31,10.17,S11,27.4,9.57,16.66,309.0,1030.58,12.98
JD용수2,2026-02-01,10.14,S11,27.43,9.54,16.66,310.0,1030.25,12.94
JD용수2,2026-02-02,10.1,S11,27.47,9.5,16.66,310.0,1030.75,12.97
JD용수2,2026-02-03,10.04,S11,27.53,9.44,16.66,310.0,1032.79,13.04
JD용수2,2026-02-04,10.07,S11,27.5,9.47,16.66,310.0,1026.21,13.01
JD용수2,2026-02-05,10.1,S11,27.47,9.5,16.66,310.0,1021.54,13.02
JD용수2,2026-02-06,10.09,S11,27.48,9.49,16.66,310.0,1024.63,13.0
JD용수2,2026-02-07,10.05,S11,27.52,9.45,16.66,310.0,1027.42,12.88
JD용수2,2026-02-08,10.02,S11,27.55,9.42,16.66,310.0,1031.79,12.94
JD용수2,2026-02-09,10.01,S11,27.56,9.41,16.65,310.0,1031.79,12.99
JD용수2,2026-02-10,10.06,S11,27.51,9.46,16.65,310.0,1024.38,12.83
JD용수2,2026-02-11,10.06,S11,27.51,9.46,16.65,309.0,1025.25,12.99
JD용수2,2026-02-12,10.04,S11,27.53,9.44,16.65,309.0,1026.42,13.05
JD용수2,2026-02-13,10.05,S11,27.52,9.45,16.65,309.0,1023.46,13.05
JD용수2,2026-02-14,10.08,S11,27.49,9.48,16.65,310.0,1019.33,12.92
JD용수2,2026-02-15,10.06,S11,27.51,9.46,16.65,309.0,1022.17,13.03
JD용수2,2026-02-16,10.0,S11,27.57,9.4,16.65,310.0,1025.42,12.95
JD용수2,2026-02-17,9.94,S11,27.63,9.34,16.65,309.0,1026.04,13.04
JD용수2,2026-02-18,9.9,S11,27.67,9.3,16.65,309.0,1026.83,13.05
JD용수2,2026-02-19,9.86,S11,27.71,9.26,16.65,309.0,1027.75,13.04
JD용수2,2026-02-20,9.87,S11,27.7,9.27,16.65,309.0,1022.96,13.03
JD용수2,2026-02-21,9.88,S11,27.69,9.28,16.65,309.0,1017.88,13.06
JD용수2,2026-02-22,9.93,S11,27.64,9.33,16.65,309.0,1016.17,12.98
JD용수2,2026-02-23,9.89,S11,27.68,9.29,16.65,309.0,1026.38,13.04
JD용수2,2026-02-24,10.01,S11,27.56,9.41,16.65,309.0,1020.58,12.86
JD용수2,2026-02-25,10.41,S11,27.16,9.81,16.65,309.0,1022.17,13.07
JD용수2,2026-02-26,10.49,S11,27.08,9.89,16.65,308.0,1019.92,13.07
JD용수2,2026-02-27,10.52,S11,27.05,9.92,16.65,308.0,1016.13,12.92
JD용수2,2026-02-28,10.52,S11,27.05,9.92,16.65,308.0,1022.21,13.05
JD용수2,2026-03-01,10.46,S11,27.11,9.86,16.65,309.0,1021.75,12.98
JD용수2,2026-03-02,10.56,S11,27.01,9.96,16.65,310.0,1013.83,12.91
JD용수2,2026-03-03,10.61,S11,26.96,10.01,16.65,311.0,1022.38,12.85
JD용수2,2026-03-04,10.54,S11,27.03,9.94,16.65,312.0,1026.5,13.07
JD용수2,2026-03-05,10.42,S11,27.15,9.82,16.65,312.0,1024.92,13.05
JD용수2,2026-03-06,10.54,S11,27.03,9.94,16.65,313.0,1025.42,13.0
JD용수2,2026-03-07,10.66,S11,26.91,10.06,16.65,313.0,1030.5,13.03
JD용수2,2026-03-08,10.61,S11,26.96,10.01,16.65,314.0,1030.42,13.02
JD용수2,2026-03-09,10.45,S11,27.12,9.85,16.65,314.0,1030.79,13.04
JD용수2,2026-03-10,10.31,S11,27.27,9.71,16.65,314.0,1030.21,13.03
JD용수2,2026-03-11,10.19,S11,27.38,9.59,16.65,314.0,1027.75,13.0
JD용수2,2026-03-12,10.09,S11,27.48,9.49,16.65,313.0,1028.08,13.02
JD용수2,2026-03-13,10.02,S11,27.55,9.42,16.65,311.0,1030.79,13.05
JD용수2,2026-03-14,9.95,S11,27.62,9.35,16.65,311.0,1031.46,13.05
JD용수2,2026-03-15,9.9,S11,27.67,9.3,16.65,310.0,1029.13,13.05
JD용수2,2026-03-16,9.87,S11,27.7,9.27,16.65,309.0,1026.21,13.01
JD용수2,2026-03-17,9.85,S11,27.72,9.25,16.65,309.0,1023.58,13.0
JD용수2,2026-03-18,10.15,S11,27.42,9.55,16.65,309.0,1017.63,12.8
JD용수2,2026-03-19,10.61,S11,26.96,10.01,16.65,309.0,1021.25,13.06
JD용수2,2026-03-20,10.7,S11,26.88,10.1,16.65,309.0,1024.25,13.07
JD용수2,2026-03-21,10.66,S11,26.91,10.06,16.65,310.0,1026.08,13.08
JD용수2,2026-03-22,10.58,S11,26.99,9.98,16.65,311.0,1022.04,13.06
JD용수2,2026-03-23,10.47,S11,27.1,9.87,16.65,312.0,1021.88,13.09
JD용수2,2026-03-24,10.4,S11,27.18,9.8,16.65,312.0,1019.25,13.04
JD용수2,2026-03-25,10.46,S11,27.11,9.86,16.65,313.0,1017.0,13.0
JD용수2,2026-03-26,10.55,S11,27.02,9.95,16.65,313.0,1018.92,13.12
JD용수2,2026-03-27,10.53,S11,27.04,9.92,16.65,314.0,1018.58,13.04
JD용수2,2026-03-28,10.45,S11,27.12,9.84,16.65,314.0,1019.29,13.08
JD용수2,2026-03-29,10.35,S11,27.22,9.74,16.65,315.0,1018.67,13.08
JD용수2,2026-03-30,10.33,S11,27.24,9.72,16.65,315.0,1012.79,12.98
JD용수2,2026-03-31,10.43,S11,27.14,9.82,16.65,315.0,1012.75,13.02
JD용수2,2026-04-01,10.43,S11,27.14,9.82,16.65,315.0,1016.46,13.03
JD용수2,2026-04-02,10.36,S11,27.21,9.75,16.65,316.0,1020.42,13.06
JD용수2,2026-04-03,10.27,S11,27.3,9.66,16.65,316.0,1015.28,12.22
JD용수2,2026-04-04,11.25,S11,26.32,10.64,16.65,316.0,1004.83,13.04
JD용수2,2026-04-05,11.94,S11,25.63,11.33,16.65,318.0,1013.54,13.1
JD용수2,2026-04-06,12.18,S11,25.39,11.57,16.65,321.0,1012.96,13.05
JD용수2,2026-04-07,12.19,S11,25.38,11.58,16.65,323.0,1018.83,13.08
JD용수2,2026-04-08,12.13,S11,25.44,11.52,16.65,324.0,1022.21,13.09
JD용수2,2026-04-09,12.56,S11,25.01,11.95,16.65,325.0,1009.92,12.74
JD용수2,2026-04-10,13.81,S11,23.76,13.2,16.65,327.0,1009.13,13.07
JD용수2,2026-04-11,14.19,S11,23.38,13.58,16.65,329.0,1016.79,13.08
JD용수2,2026-04-12,14.39,S11,23.18,13.78,16.65,332.0,1017.79,13.07
JD용수2,2026-04-13,14.5,S11,23.07,13.89,16.65,334.0,1016.63,13.05
JD용수2,2026-04-14,14.57,S11,23.0,13.96,16.65,336.0,1014.17,12.98
JD용수2,2026-04-15,14.63,S11,22.94,14.02,16.65,337.0,1015.25,13.1
JD용수2,2026-04-16,14.62,S11,22.95,14.01,16.65,338.0,1018.29,13.13
JD용수2,2026-04-17,14.61,S11,22.96,14.0,16.65,339.0,1015.58,12.99
JD용수2,2026-04-18,14.57,S11,23.0,13.96,16.65,339.0,1014.42,13.09
JD용수2,2026-04-19,14.53,S11,23.04,13.92,16.65,340.0,1014.38,13.06
JD용수2,2026-04-20,14.47,S11,23.11,13.86,16.65,341.0,1016.54,13.07
JD용수2,2026-04-21,14.33,S11,23.24,13.72,16.64,345.0,1021.46,13.11
JD용수2,2026-04-22,14.27,S11,23.3,13.66,16.64,346.0,1014.75,13.0
JD용수2,2026-04-23,14.32,S11,23.25,13.71,16.64,346.0,1011.08,13.09
JD용수2,2026-04-24,14.32,S11,23.25,13.71,16.64,347.0,1018.0,13.12
JD용수2,2026-04-25,14.23,S11,23.34,13.62,16.64,347.0,1020.65,13.13
JD용수2,2026-04-26,14.13,S11,23.44,13.52,16.64,348.0,1016.69,13.14
JD용수2,2026-04-27,14.0,S11,23.57,13.39,16.64,348.0,1016.19,13.15
JD용수2,2026-04-28,13.84,S11,23.73,13.23,16.64,348.0,1018.46,13.06
JD용수2,2026-04-29,13.67,S11,23.9,13.06,16.64,348.0,1021.85,13.1
JD용수2,2026-04-30,13.55,S11,24.02,12.94,16.64,349.0,1018.23,13.09
JD용수2,2026-05-01,13.42,S11,24.15,12.81,16.64,349.0,1016.58,13.12
JD용수2,2026-05-02,13.29,S11,24.28,12.68,16.64,348.0,1015.81,13.12
JD용수2,2026-05-03,13.41,S11,24.16,12.8,16.64,347.0,1008.77,12.97
JD용수2,2026-05-04,13.59,S11,23.98,12.98,16.64,347.0,1019.42,13.13
JD용수2,2026-05-05,13.57,S11,24.01,12.96,16.64,347.0,1021.81,13.12
JD용수2,2026-05-06,13.5,S11,24.07,12.89,16.64,348.0,1019.69,13.13
JD용수2,2026-05-07,13.43,S11,24.14,12.82,16.64,347.0,1016.31,13.14
JD용수2,2026-05-08,13.3,S11,24.27,12.69,16.64,347.0,1020.35,13.15
JD용수2,2026-05-09,13.14,S11,24.43,12.53,16.65,347.0,1022.96,13.13
JD용수2,2026-05-10,12.99,S11,24.58,12.38,16.65,346.0,1021.27,13.15
JD용수2,2026-05-11,12.87,S11,24.7,12.26,16.65,345.0,1017.65,13.16
JD용수2,2026-05-12,12.8,S11,24.77,12.19,16.65,344.0,1013.12,13.13
JD용수2,2026-05-13,12.74,S11,24.83,12.13,16.65,343.0,1012.88,13.14
JD용수2,2026-05-14,12.63,S11,24.94,12.02,16.65,343.0,1016.77,13.15
JD용수2,2026-05-15,12.48,S11,25.09,11.87,16.65,342.0,1022.46,13.15
JD용수2,2026-05-16,12.34,S11,25.23,11.73,16.65,341.0,1024.58,13.15
JD용수2,2026-05-17,12.22,S11,25.35,11.61,16.65,340.0,1022.85,13.14
JD용수2,2026-05-18,12.15,S11,25.42,11.54,16.65,339.0,1019.81,13.14
JD용수2,2026-05-19,12.13,S11,25.44,11.52,16.65,339.0,1015.65,13.13
JD용수2,2026-05-20,12.19,S11,25.38,11.58,16.65,339.0,1009.85,13.05
JD용수2,2026-05-21,12.27,S11,25.3,11.66,16.65,339.0,1010.54,13.13
JD용수2,2026-05-22,12.26,S11,25.31,11.65,16.65,339.0,1013.5,13.11
JD용수2,2026-05-23,12.23,S11,25.34,11.62,16.65,340.0,1013.5,13.17
JD용수2,2026-05-24,12.17,S11,25.4,11.56,16.65,340.0,1015.19,13.14
JD용수2,2026-05-25,12.13,S11,25.44,11.52,16.65,340.0,1011.58,13.13
JD용수2,2026-05-26,12.14,S11,25.43,11.53,16.65,340.0,1005.92,13.1
JD용수2,2026-05-27,12.33,S11,25.24,11.72,16.65,339.0,1005.27,13.13
JD용수2,2026-05-28,12.37,S11,25.2,11.76,16.65,340.0,1009.38,13.09
JD용수2,2026-05-29,12.33,S11,25.24,11.72,16.65,341.0,1013.04,13.15
JD용수2,2026-05-30,12.25,S11,25.32,11.64,16.65,341.0,1015.38,13.12
JD용수2,2026-05-31,12.15,S11,25.42,11.54,16.65,340.0,1016.5,13.14
JD용수2,2026-06-01,12.13,S11,25.44,11.52,16.65,340.0,1015.88,13.06
JD용수2,2026-06-02,13.01,S11,24.56,12.4,16.65,340.0,1007.96,13.04
JD용수2,2026-06-03,13.43,S11,24.14,12.82,16.65,342.0,1007.85,13.15
JD용수2,2026-06-04,13.6,S11,23.97,12.99,16.65,344.0,1005.5,13.08
JD용수2,2026-06-05,13.6,S11,23.97,12.99,16.65,345.0,1011.88,13.17
JD용수2,2026-06-06,13.53,S11,24.04,12.92,16.65,347.0,1013.62,13.15
JD용수2,2026-06-07,13.46,S11,24.11,12.85,16.65,348.0,1010.12,13.16
JD용수2,2026-06-08,13.35,S11,24.22,12.74,16.65,349.0,1011.35,13.16
JD용수2,2026-06-09,13.28,S11,24.29,12.67,16.65,350.0,1010.93,13.08
