관측소명,날짜,EL,센서,GL,Pressure,Temp,EC,Barometa,Battery
JD하효,2010-01-29,1.4,,,,,,,
JD하효,2010-01-30,1.44,,,,,,,
JD하효,2010-01-31,1.51,,,,,,,
JD하효,2010-02-01,1.57,,,,,,,
JD하효,2010-02-02,1.55,,,,,,,
JD하효,2010-02-03,1.49,,,,,,,
JD하효,2010-02-04,1.44,,,,,,,
JD하효,2010-02-05,1.38,,,,,,,
JD하효,2010-02-06,1.33,,,,,,,
JD하효,2010-02-07,1.35,,,,,,,
JD하효,2010-02-08,1.37,,,,,,,
JD하효,2010-02-09,1.38,,,,,,,
JD하효,2010-02-10,1.43,,,,,,,
JD하효,2010-02-11,1.48,,,,,,,
JD하효,2010-02-12,1.44,,,,,,,
JD하효,2010-02-13,1.39,,,,,,,
JD하효,2010-02-14,1.39,,,,,,,
JD하효,2010-02-15,1.41,,,,,,,
JD하효,2010-02-16,1.39,,,,,,,
JD하효,2010-02-17,1.38,,,,,,,
JD하효,2010-02-18,1.33,,,,,,,
JD하효,2010-02-19,1.32,,,,,,,
JD하효,2010-02-20,1.31,,,,,,,
JD하효,2010-02-21,1.32,,,,,,,
JD하효,2010-02-22,1.31,,,,,,,
JD하효,2010-02-23,1.32,,,,,,,
JD하효,2010-02-24,1.35,,,,,,,
JD하효,2010-02-25,1.42,,,,,,,
JD하효,2010-02-26,1.46,,,,,,,
JD하효,2010-02-27,1.5,,,,,,,
JD하효,2010-02-28,1.45,,,,,,,
JD하효,2010-03-01,1.53,,,,,,,
JD하효,2010-03-02,1.56,,,,,,,
JD하효,2010-03-03,1.52,,,,,,,
JD하효,2010-03-04,1.55,,,,,,,
JD하효,2010-03-05,1.47,,,,,,,
JD하효,2010-03-06,1.45,,,,,,,
JD하효,2010-03-07,1.44,,,,,,,
JD하효,2010-03-08,1.38,,,,,,,
JD하효,2010-03-09,1.33,,,,,,,
JD하효,2010-03-10,1.17,,,,,,,
JD하효,2010-03-11,1.2,,,,,,,
JD하효,2010-03-12,1.25,,,,,,,
JD하효,2010-03-13,1.24,,,,,,,
JD하효,2010-03-14,1.24,,,,,,,
JD하효,2010-03-15,1.44,,,,,,,
JD하효,2010-03-16,1.42,,,,,,,
JD하효,2010-03-17,1.39,,,,,,,
JD하효,2010-03-18,1.38,,,,,,,
JD하효,2010-03-19,1.35,,,,,,,
JD하효,2010-03-20,1.39,,,,,,,
JD하효,2010-03-21,1.32,,,,,,,
JD하효,2010-03-22,1.34,,,,,,,
JD하효,2010-03-23,1.38,,,,,,,
JD하효,2010-03-24,1.42,,,,,,,
JD하효,2010-03-25,1.38,,,,,,,
JD하효,2010-03-26,1.29,,,,,,,
JD하효,2010-03-27,1.31,,,,,,,
JD하효,2010-03-28,1.4,,,,,,,
JD하효,2010-03-29,1.43,,,,,,,
JD하효,2010-03-30,1.49,,,,,,,
JD하효,2010-03-31,1.62,,,,,,,
JD하효,2010-04-01,1.82,,,,,,,
JD하효,2010-04-02,1.95,,,,,,,
JD하효,2010-04-03,1.81,,,,,,,
JD하효,2010-04-04,1.72,,,,,,,
JD하효,2010-04-05,1.7,,,,,,,
JD하효,2010-04-06,1.66,,,,,,,
JD하효,2010-04-07,1.63,,,,,,,
JD하효,2010-04-08,1.62,,,,,,,
JD하효,2010-04-09,1.63,,,,,,,
JD하효,2010-04-10,1.67,,,,,,,
JD하효,2010-04-11,1.74,,,,,,,
JD하효,2010-04-12,1.89,,,,,,,
JD하효,2010-04-13,1.86,,,,,,,
JD하효,2010-04-14,1.82,,,,,,,
JD하효,2010-04-15,1.85,,,,,,,
JD하효,2010-04-16,1.9,,,,,,,
JD하효,2010-04-17,1.91,,,,,,,
JD하효,2010-04-18,1.93,,,,,,,
JD하효,2010-04-19,2.09,,,,,,,
JD하효,2010-04-20,2.45,,,,,,,
JD하효,2010-04-21,2.35,,,,,,,
JD하효,2010-04-22,2.41,,,,,,,
JD하효,2010-04-23,2.33,,,,,,,
JD하효,2010-04-24,2.22,,,,,,,
JD하효,2010-04-25,2.19,,,,,,,
JD하효,2010-04-26,2.24,,,,,,,
JD하효,2010-04-27,2.33,,,,,,,
JD하효,2010-04-28,2.36,,,,,,,
JD하효,2010-04-29,2.34,,,,,,,
JD하효,2010-04-30,2.35,,,,,,,
JD하효,2010-05-01,2.33,,,,,,,
JD하효,2010-05-02,2.35,,,,,,,
JD하효,2010-05-03,2.34,,,,,,,
JD하효,2010-05-04,2.27,,,,,,,
JD하효,2010-05-05,2.36,,,,,,,
JD하효,2010-05-06,2.42,,,,,,,
JD하효,2010-05-07,2.4,,,,,,,
JD하효,2010-05-08,2.41,,,,,,,
JD하효,2010-05-09,2.43,,,,,,,
JD하효,2010-05-10,2.45,,,,,,,
JD하효,2010-05-11,2.44,,,,,,,
JD하효,2010-05-12,2.44,,,,,,,
JD하효,2010-05-13,2.46,,,,,,,
JD하효,2010-05-14,2.49,,,,,,,
JD하효,2010-05-15,2.5,,,,,,,
JD하효,2010-05-16,2.48,,,,,,,
JD하효,2010-05-17,2.5,,,,,,,
JD하효,2010-05-18,2.57,,,,,,,
JD하효,2010-05-19,2.58,,,,,,,
JD하효,2010-05-20,2.52,,,,,,,
JD하효,2010-05-21,2.45,,,,,,,
JD하효,2010-05-22,2.5,,,,,,,
JD하효,2010-05-23,2.59,,,,,,,
JD하효,2010-05-24,2.55,,,,,,,
JD하효,2010-05-25,2.53,,,,,,,
JD하효,2010-05-26,2.55,,,,,,,
JD하효,2010-05-27,2.55,,,,,,,
JD하효,2010-05-28,2.54,,,,,,,
JD하효,2010-05-29,2.53,,,,,,,
JD하효,2010-05-30,2.56,,,,,,,
JD하효,2010-05-31,2.56,,,,,,,
JD하효,2010-06-01,2.53,,,,,,,
JD하효,2010-06-02,2.5,,,,,,,
JD하효,2010-06-03,2.45,,,,,,,
JD하효,2010-06-04,2.42,,,,,,,
JD하효,2010-06-05,2.38,,,,,,,
JD하효,2010-06-06,2.36,,,,,,,
JD하효,2010-06-07,2.36,,,,,,,
JD하효,2010-06-08,2.38,,,,,,,
JD하효,2010-06-09,2.4,,,,,,,
JD하효,2010-06-10,2.42,,,,,,,
JD하효,2010-06-11,2.46,,,,,,,
JD하효,2010-06-12,2.55,,,,,,,
JD하효,2010-06-13,2.61,,,,,,,
JD하효,2010-06-14,2.6,,,,,,,
JD하효,2010-06-15,2.61,,,,,,,
JD하효,2010-06-16,2.56,,,,,,,
JD하효,2010-06-17,2.54,,,,,,,
JD하효,2010-06-18,2.55,,,,,,,
JD하효,2010-06-19,2.48,,,,,,,
JD하효,2010-06-20,2.42,,,,,,,
JD하효,2010-06-21,2.37,,,,,,,
JD하효,2010-06-22,2.34,,,,,,,
JD하효,2010-06-23,2.35,,,,,,,
JD하효,2010-06-24,2.38,,,,,,,
JD하효,2010-06-25,2.44,,,,,,,
JD하효,2010-06-26,2.59,,,,,,,
JD하효,2010-06-27,2.64,,,,,,,
JD하효,2010-06-28,3.23,,,,,,,
JD하효,2010-06-29,3.44,,,,,,,
JD하효,2010-06-30,3.43,,,,,,,
JD하효,2010-07-01,3.22,,,,,,,
JD하효,2010-07-02,3.07,,,,,,,
JD하효,2010-07-03,3.02,,,,,,,
JD하효,2010-07-04,2.96,,,,,,,
JD하효,2010-07-05,2.93,,,,,,,
JD하효,2010-07-06,2.86,,,,,,,
JD하효,2010-07-07,2.81,,,,,,,
JD하효,2010-07-08,2.84,,,,,,,
JD하효,2010-07-09,2.86,,,,,,,
JD하효,2010-07-10,2.89,,,,,,,
JD하효,2010-07-11,2.97,,,,,,,
JD하효,2010-07-12,3.02,,,,,,,
JD하효,2010-07-13,3.23,,,,,,,
JD하효,2010-07-14,3.95,,,,,,,
JD하효,2010-07-15,3.82,,,,,,,
JD하효,2010-07-16,3.64,,,,,,,
JD하효,2010-07-17,3.42,,,,,,,
JD하효,2010-07-18,3.39,,,,,,,
JD하효,2010-07-19,3.38,,,,,,,
JD하효,2010-07-20,3.39,,,,,,,
JD하효,2010-07-21,3.39,,,,,,,
JD하효,2010-07-22,3.36,,,,,,,
JD하효,2010-07-23,3.37,,,,,,,
JD하효,2010-07-24,3.38,,,,,,,
JD하효,2010-07-25,3.4,,,,,,,
JD하효,2010-07-26,3.4,,,,,,,
JD하효,2010-07-27,3.42,,,,,,,
JD하효,2010-07-28,3.6,,,,,,,
JD하효,2010-07-29,3.62,,,,,,,
JD하효,2010-07-30,3.62,,,,,,,
JD하효,2010-07-31,3.56,,,,,,,
JD하효,2010-08-01,3.48,,,,,,,
JD하효,2010-08-02,3.45,,,,,,,
JD하효,2010-08-03,3.44,,,,,,,
JD하효,2010-08-04,3.42,,,,,,,
JD하효,2010-08-05,3.39,,,,,,,
JD하효,2010-08-06,3.36,,,,,,,
JD하효,2010-08-07,3.35,,,,,,,
JD하효,2010-08-08,3.37,,,,,,,
JD하효,2010-08-09,3.4,,,,,,,
JD하효,2010-08-10,3.56,,,,,,,
JD하효,2010-08-11,3.8,,,,,,,
JD하효,2010-08-12,3.73,,,,,,,
JD하효,2010-08-13,3.67,,,,,,,
JD하효,2010-08-14,3.57,,,,,,,
JD하효,2010-08-15,3.47,,,,,,,
JD하효,2010-08-16,3.4,,,,,,,
JD하효,2010-08-17,3.37,,,,,,,
JD하효,2010-08-18,3.34,,,,,,,
JD하효,2010-08-19,3.22,,,,,,,
JD하효,2010-08-20,3.1,,,,,,,
JD하효,2010-08-21,3.14,,,,,,,
JD하효,2010-08-22,3.19,,,,,,,
JD하효,2010-08-23,3.25,,,,,,,
JD하효,2010-08-24,3.31,,,,,,,
JD하효,2010-08-25,3.36,,,,,,,
JD하효,2010-08-26,3.44,,,,,,,
JD하효,2010-08-27,3.52,,,,,,,
JD하효,2010-08-28,4.37,,,,,,,
JD하효,2010-08-29,4.39,,,,,,,
JD하효,2010-08-30,4.19,,,,,,,
JD하효,2010-08-31,4.05,,,,,,,
JD하효,2010-09-01,4.09,,,,,,,
JD하효,2010-09-02,4.04,,,,,,,
JD하효,2010-09-03,4.01,,,,,,,
JD하효,2010-09-04,4.03,,,,,,,
JD하효,2010-09-05,4.1,,,,,,,
JD하효,2010-09-06,4.35,,,,,,,
JD하효,2010-09-07,4.52,,,,,,,
JD하효,2010-09-08,4.5,,,,,,,
JD하효,2010-09-09,4.41,,,,,,,
JD하효,2010-09-10,4.36,,,,,,,
JD하효,2010-09-11,4.38,,,,,,,
JD하효,2010-09-12,4.38,,,,,,,
JD하효,2010-09-13,4.28,,,,,,,
JD하효,2010-09-14,4.14,,,,,,,
JD하효,2010-09-15,4.09,,,,,,,
JD하효,2010-09-16,4.01,,,,,,,
JD하효,2010-09-17,4.0,,,,,,,
JD하효,2010-09-18,4.02,,,,,,,
JD하효,2010-09-19,4.02,,,,,,,
JD하효,2010-09-20,4.02,,,,,,,
JD하효,2010-09-21,3.99,,,,,,,
JD하효,2010-09-22,3.98,,,,,,,
JD하효,2010-09-23,3.97,,,,,,,
JD하효,2010-09-24,3.98,,,,,,,
JD하효,2010-09-25,3.97,,,,,,,
JD하효,2010-09-26,3.96,,,,,,,
JD하효,2010-09-27,3.97,,,,,,,
JD하효,2010-09-28,3.92,,,,,,,
JD하효,2010-09-29,3.85,,,,,,,
JD하효,2010-09-30,3.79,,,,,,,
JD하효,2010-10-01,3.75,,,,,,,
JD하효,2010-10-02,3.74,,,,,,,
JD하효,2010-10-03,3.71,,,,,,,
JD하효,2010-10-04,3.68,,,,,,,
JD하효,2010-10-05,3.66,,,,,,,
JD하효,2010-10-06,3.66,,,,,,,
JD하효,2010-10-07,3.66,,,,,,,
JD하효,2010-10-08,3.64,,,,,,,
JD하효,2010-10-09,3.63,,,,,,,
JD하효,2010-10-10,3.59,,,,,,,
JD하효,2010-10-11,3.54,,,,,,,
JD하효,2010-10-12,3.49,,,,,,,
JD하효,2010-10-13,3.44,,,,,,,
JD하효,2010-10-14,3.38,,,,,,,
JD하효,2010-10-15,3.33,,,,,,,
JD하효,2010-10-16,3.27,,,,,,,
JD하효,2010-10-17,3.22,,,,,,,
JD하효,2010-10-18,3.18,,,,,,,
JD하효,2010-10-19,3.19,,,,,,,
JD하효,2010-10-20,3.18,,,,,,,
JD하효,2010-10-21,3.19,,,,,,,
JD하효,2010-10-22,3.21,,,,,,,
JD하효,2010-10-23,3.2,,,,,,,
JD하효,2010-10-24,3.28,,,,,,,
JD하효,2010-10-25,3.24,,,,,,,
JD하효,2010-10-26,3.15,,,,,,,
JD하효,2010-10-27,3.11,,,,,,,
JD하효,2010-10-28,3.05,,,,,,,
JD하효,2010-10-29,3.01,,,,,,,
JD하효,2010-10-30,2.98,,,,,,,
JD하효,2010-10-31,2.93,,,,,,,
JD하효,2010-11-01,2.89,,,,,,,
JD하효,2010-11-02,2.9,,,,,,,
JD하효,2010-11-03,2.93,,,,,,,
JD하효,2010-11-04,2.92,,,,,,,
JD하효,2010-11-05,2.9,,,,,,,
JD하효,2010-11-06,2.9,,,,,,,
JD하효,2010-11-07,2.88,,,,,,,
JD하효,2010-11-08,2.86,,,,,,,
JD하효,2010-11-09,2.8,,,,,,,
JD하효,2010-11-10,2.78,,,,,,,
JD하효,2010-11-11,2.76,,,,,,,
JD하효,2010-11-12,2.68,,,,,,,
JD하효,2010-11-13,2.68,,,,,,,
JD하효,2010-11-14,2.63,,,,,,,
JD하효,2010-11-15,2.56,,,,,,,
JD하효,2010-11-16,2.54,,,,,,,
JD하효,2010-11-17,2.55,,,,,,,
JD하효,2010-11-18,2.55,,,,,,,
JD하효,2010-11-19,2.57,,,,,,,
JD하효,2010-11-20,2.6,,,,,,,
JD하효,2010-11-21,2.62,,,,,,,
JD하효,2010-11-22,2.62,,,,,,,
JD하효,2010-11-23,2.63,,,,,,,
JD하효,2010-11-24,2.63,,,,,,,
JD하효,2010-11-25,2.56,,,,,,,
JD하효,2010-11-26,2.52,,,,,,,
JD하효,2010-11-27,2.5,,,,,,,
JD하효,2010-11-28,2.42,,,,,,,
JD하효,2010-11-29,2.37,,,,,,,
JD하효,2010-11-30,2.36,,,,,,,
JD하효,2010-12-01,2.37,,,,,,,
JD하효,2010-12-02,2.42,,,,,,,
JD하효,2010-12-03,2.35,,,,,,,
JD하효,2010-12-04,2.33,,,,,,,
JD하효,2010-12-05,2.35,,,,,,,
JD하효,2010-12-06,2.34,,,,,,,
JD하효,2010-12-07,2.3,,,,,,,
JD하효,2010-12-08,2.33,,,,,,,
JD하효,2010-12-09,2.31,,,,,,,
JD하효,2010-12-10,2.29,,,,,,,
JD하효,2010-12-11,2.21,,,,,,,
JD하효,2010-12-12,2.19,,,,,,,
JD하효,2010-12-13,2.27,,,,,,,
JD하효,2010-12-14,2.22,,,,,,,
JD하효,2010-12-15,2.14,,,,,,,
JD하효,2010-12-16,2.11,,,,,,,
JD하효,2010-12-17,2.15,,,,,,,
JD하효,2010-12-18,2.14,,,,,,,
JD하효,2010-12-19,2.15,,,,,,,
JD하효,2010-12-20,2.13,,,,,,,
JD하효,2010-12-21,2.18,,,,,,,
JD하효,2010-12-22,2.19,,,,,,,
JD하효,2010-12-23,2.18,,,,,,,
JD하효,2010-12-24,2.12,,,,,,,
JD하효,2010-12-25,2.05,,,,,,,
JD하효,2010-12-26,2.0,,,,,,,
JD하효,2010-12-27,1.99,,,,,,,
JD하효,2010-12-28,1.96,,,,,,,
JD하효,2010-12-29,1.94,,,,,,,
JD하효,2010-12-30,1.93,,,,,,,
JD하효,2010-12-31,1.88,,,,,,,
JD하효,2011-01-01,1.91,,,,,,,
JD하효,2011-01-02,1.98,,,,,,,
JD하효,2011-01-03,1.98,,,,,,,
JD하효,2011-01-04,1.95,,,,,,,
JD하효,2011-01-05,1.96,,,,,,,
JD하효,2011-01-06,1.92,,,,,,,
JD하효,2011-01-07,1.92,,,,,,,
JD하효,2011-01-08,1.93,,,,,,,
JD하효,2011-01-09,1.89,,,,,,,
JD하효,2011-01-10,1.86,,,,,,,
JD하효,2011-01-11,1.84,,,,,,,
JD하효,2011-01-12,1.8,,,,,,,
JD하효,2011-01-13,1.79,,,,,,,
JD하효,2011-01-14,1.78,,,,,,,
JD하효,2011-01-15,1.73,,,,,,,
JD하효,2011-01-16,1.69,,,,,,,
JD하효,2011-01-17,1.66,,,,,,,
JD하효,2011-01-18,1.73,,,,,,,
JD하효,2011-01-19,1.74,,,,,,,
JD하효,2011-01-20,1.75,,,,,,,
JD하효,2011-01-21,1.78,,,,,,,
JD하효,2011-01-22,1.79,,,,,,,
JD하효,2011-01-23,1.79,,,,,,,
JD하효,2011-01-24,1.73,,,,,,,
JD하효,2011-01-25,1.7,,,,,,,
JD하효,2011-01-26,1.65,,,,,,,
JD하효,2011-01-27,1.6,,,,,,,
JD하효,2011-01-28,1.58,,,,,,,
JD하효,2011-01-29,1.54,,,,,,,
JD하효,2011-01-30,1.52,,,,,,,
JD하효,2011-01-31,1.51,,,,,,,
JD하효,2011-02-01,1.55,,,,,,,
JD하효,2011-02-02,1.58,,,,,,,
JD하효,2011-02-03,1.6,,,,,,,
JD하효,2011-02-04,1.61,,,,,,,
JD하효,2011-02-05,1.63,,,,,,,
JD하효,2011-02-06,1.62,,,,,,,
JD하효,2011-02-07,1.61,,,,,,,
JD하효,2011-02-08,1.64,,,,,,,
JD하효,2011-02-09,1.6,,,,,,,
JD하효,2011-02-10,1.57,,,,,,,
JD하효,2011-02-11,1.53,,,,,,,
JD하효,2011-02-12,1.46,,,,,,,
JD하효,2011-02-13,1.48,,,,,,,
JD하효,2011-02-14,1.49,,,,,,,
JD하효,2011-02-15,1.49,,,,,,,
JD하효,2011-02-16,1.5,,,,,,,
JD하효,2011-02-17,1.56,,,,,,,
JD하효,2011-02-18,1.58,,,,,,,
JD하효,2011-02-19,1.59,,,,,,,
JD하효,2011-02-20,1.58,,,,,,,
JD하효,2011-02-21,1.59,,,,,,,
JD하효,2011-02-22,1.55,,,,,,,
JD하효,2011-02-23,1.47,,,,,,,
JD하효,2011-02-24,1.47,,,,,,,
JD하효,2011-02-25,1.44,,,,,,,
JD하효,2011-02-26,1.44,,,,,,,
JD하효,2011-02-27,1.44,,,,,,,
JD하효,2011-02-28,1.48,,,,,,,
JD하효,2011-03-01,1.43,,,,,,,
JD하효,2011-03-02,1.39,,,,,,,
JD하효,2011-03-03,1.38,,,,,,,
JD하효,2011-03-04,1.37,,,,,,,
JD하효,2011-03-05,1.37,,,,,,,
JD하효,2011-03-06,1.4,,,,,,,
JD하효,2011-03-07,1.4,,,,,,,
JD하효,2011-03-08,1.38,,,,,,,
JD하효,2011-03-09,1.32,,,,,,,
JD하효,2011-03-10,1.3,,,,,,,
JD하효,2011-03-11,1.23,,,,,,,
JD하효,2011-03-12,1.17,,,,,,,
JD하효,2011-03-13,1.18,,,,,,,
JD하효,2011-03-14,1.18,,,,,,,
JD하효,2011-03-15,1.15,,,,,,,
JD하효,2011-03-16,1.11,,,,,,,
JD하효,2011-03-17,1.12,,,,,,,
JD하효,2011-03-18,1.16,,,,,,,
JD하효,2011-03-19,1.17,,,,,,,
JD하효,2011-03-20,1.3,,,,,,,
JD하효,2011-03-21,1.36,,,,,,,
JD하효,2011-03-22,1.3,,,,,,,
JD하효,2011-03-23,1.25,,,,,,,
JD하효,2011-03-24,1.21,,,,,,,
JD하효,2011-03-25,1.13,,,,,,,
JD하효,2011-03-26,1.11,,,,,,,
JD하효,2011-03-27,1.09,,,,,,,
JD하효,2011-03-28,1.09,,,,,,,
JD하효,2011-03-29,1.07,,,,,,,
JD하효,2011-03-30,1.06,,,,,,,
JD하효,2011-03-31,1.09,,,,,,,
JD하효,2011-04-01,1.09,,,,,,,
JD하효,2011-04-02,1.1,,,,,,,
JD하효,2011-04-03,1.13,,,,,,,
JD하효,2011-04-04,1.17,,,,,,,
JD하효,2011-04-05,1.15,,,,,,,
JD하효,2011-04-06,1.09,,,,,,,
JD하효,2011-04-07,1.11,,,,,,,
JD하효,2011-04-08,1.16,,,,,,,
JD하효,2011-04-09,1.14,,,,,,,
JD하효,2011-04-10,1.12,,,,,,,
JD하효,2011-04-11,1.11,,,,,,,
JD하효,2011-04-12,1.1,,,,,,,
JD하효,2011-04-13,1.06,,,,,,,
JD하효,2011-04-14,1.1,,,,,,,
JD하효,2011-04-15,1.17,,,,,,,
JD하효,2011-04-16,1.23,,,,,,,
JD하효,2011-04-17,1.27,,,,,,,
JD하효,2011-04-18,1.26,,,,,,,
JD하효,2011-04-19,1.23,,,,,,,
JD하효,2011-04-20,1.23,,,,,,,
JD하효,2011-04-21,1.21,,,,,,,
JD하효,2011-04-22,1.27,,,,,,,
JD하효,2011-04-23,1.24,,,,,,,
JD하효,2011-04-24,1.22,,,,,,,
JD하효,2011-04-25,1.19,,,,,,,
JD하효,2011-04-26,1.23,,,,,,,
JD하효,2011-04-27,1.22,,,,,,,
JD하효,2011-04-28,1.17,,,,,,,
JD하효,2011-04-29,1.17,,,,,,,
JD하효,2011-04-30,1.2,,,,,,,
JD하효,2011-05-01,1.23,,,,,,,
JD하효,2011-05-02,1.21,,,,,,,
JD하효,2011-05-03,1.25,,,,,,,
JD하효,2011-05-04,1.26,,,,,,,
JD하효,2011-05-05,1.27,,,,,,,
JD하효,2011-05-06,1.29,,,,,,,
JD하효,2011-05-07,1.29,,,,,,,
JD하효,2011-05-08,1.28,,,,,,,
JD하효,2011-05-09,1.29,,,,,,,
JD하효,2011-05-10,1.29,,,,,,,
JD하효,2011-05-11,1.41,,,,,,,
JD하효,2011-05-12,1.46,,,,,,,
JD하효,2011-05-13,1.36,,,,,,,
JD하효,2011-05-14,1.34,,,,,,,
JD하효,2011-05-15,1.35,,,,,,,
JD하효,2011-05-16,1.34,,,,,,,
JD하효,2011-05-17,1.35,,,,,,,
JD하효,2011-05-18,1.36,,,,,,,
JD하효,2011-05-19,1.37,,,,,,,
JD하효,2011-05-20,1.39,,,,,,,
JD하효,2011-05-21,1.39,,,,,,,
JD하효,2011-05-22,1.39,,,,,,,
JD하효,2011-05-23,1.43,,,,,,,
JD하효,2011-05-24,1.46,,,,,,,
JD하효,2011-05-25,1.39,,,,,,,
JD하효,2011-05-26,1.41,,,,,,,
JD하효,2011-05-27,1.4,,,,,,,
JD하효,2011-05-28,1.41,,,,,,,
JD하효,2011-05-29,1.48,,,,,,,
JD하효,2011-05-30,1.44,,,,,,,
JD하효,2011-05-31,1.44,,,,,,,
JD하효,2011-06-01,1.45,,,,,,,
JD하효,2011-06-02,1.44,,,,,,,
JD하효,2011-06-03,1.46,,,,,,,
JD하효,2011-06-04,1.47,,,,,,,
JD하효,2011-06-05,1.49,,,,,,,
JD하효,2011-06-06,1.49,,,,,,,
JD하효,2011-06-07,1.51,,,,,,,
JD하효,2011-06-08,1.49,,,,,,,
JD하효,2011-06-09,1.47,,,,,,,
JD하효,2011-06-10,1.48,,,,,,,
JD하효,2011-06-11,1.89,,,,,,,
JD하효,2011-06-12,1.85,,,,,,,
JD하효,2011-06-13,1.72,,,,,,,
JD하효,2011-06-14,1.66,,,,,,,
JD하효,2011-06-15,1.68,,,,,,,
JD하효,2011-06-16,1.94,,,,,,,
JD하효,2011-06-17,1.95,,,,,,,
JD하효,2011-06-18,1.88,,,,,,,
JD하효,2011-06-19,1.88,,,,,,,
JD하효,2011-06-20,1.85,,,,,,,
JD하효,2011-06-21,1.79,,,,,,,
JD하효,2011-06-22,2.25,,,,,,,
JD하효,2011-06-23,2.32,,,,,,,
JD하효,2011-06-24,2.25,,,,,,,
JD하효,2011-06-25,2.27,,,,,,,
JD하효,2011-06-26,2.44,,,,,,,
JD하효,2011-06-27,2.32,,,,,,,
JD하효,2011-06-28,2.32,,,,,,,
JD하효,2011-06-29,2.37,,,,,,,
JD하효,2011-06-30,2.41,,,,,,,
JD하효,2011-07-01,2.56,,,,,,,
JD하효,2011-07-02,2.59,,,,,,,
JD하효,2011-07-03,2.61,,,,,,,
JD하효,2011-07-04,2.6,,,,,,,
JD하효,2011-07-05,2.6,,,,,,,
JD하효,2011-07-06,2.64,,,,,,,
JD하효,2011-07-07,2.67,,,,,,,
JD하효,2011-07-08,2.64,,,,,,,
JD하효,2011-07-09,2.64,,,,,,,
JD하효,2011-07-10,2.63,,,,,,,
JD하효,2011-07-11,2.64,,,,,,,
JD하효,2011-07-12,2.69,,,,,,,
JD하효,2011-07-13,2.71,,,,,,,
JD하효,2011-07-14,2.74,,,,,,,
JD하효,2011-07-15,2.77,,,,,,,
JD하효,2011-07-16,2.78,,,,,,,
JD하효,2011-07-17,2.8,,,,,,,
JD하효,2011-07-18,2.88,,,,,,,
JD하효,2011-07-19,2.97,,,,,,,
JD하효,2011-07-20,2.89,,,,,,,
JD하효,2011-07-21,2.85,,,,,,,
JD하효,2011-07-22,2.8,,,,,,,
JD하효,2011-07-23,2.74,,,,,,,
JD하효,2011-07-24,2.72,,,,,,,
JD하효,2011-07-25,2.72,,,,,,,
JD하효,2011-07-26,2.74,,,,,,,
JD하효,2011-07-27,2.75,,,,,,,
JD하효,2011-07-28,2.76,,,,,,,
JD하효,2011-07-29,2.77,,,,,,,
JD하효,2011-07-30,2.81,,,,,,,
JD하효,2011-07-31,2.85,,,,,,,
JD하효,2011-08-01,2.86,,,,,,,
JD하효,2011-08-02,2.85,,,,,,,
JD하효,2011-08-03,2.85,,,,,,,
JD하효,2011-08-04,2.85,,,,,,,
JD하효,2011-08-05,2.82,,,,,,,
JD하효,2011-08-06,2.85,,,,,,,
JD하효,2011-08-07,3.26,,,,,,,
JD하효,2011-08-08,3.04,,,,,,,
JD하효,2011-08-09,2.89,,,,,,,
JD하효,2011-08-10,2.8,,,,,,,
JD하효,2011-08-11,2.77,,,,,,,
JD하효,2011-08-12,2.77,,,,,,,
JD하효,2011-08-13,2.79,,,,,,,
JD하효,2011-08-14,2.77,,,,,,,
JD하효,2011-08-15,2.76,,,,,,,
JD하효,2011-08-16,2.75,,,,,,,
JD하효,2011-08-17,2.72,,,,,,,
JD하효,2011-08-18,2.69,,,,,,,
JD하효,2011-08-19,2.66,,,,,,,
JD하효,2011-08-20,2.62,,,,,,,
JD하효,2011-08-21,2.59,,,,,,,
JD하효,2011-08-22,2.59,,,,,,,
JD하효,2011-08-23,2.74,,,,,,,
JD하효,2011-08-25,2.89,,,,,,,
JD하효,2011-08-26,2.77,,,,,,,
JD하효,2011-08-27,2.78,,,,,,,
JD하효,2011-08-28,2.8,,,,,,,
JD하효,2011-08-29,2.84,,,,,,,
JD하효,2011-08-30,2.87,,,,,,,
JD하효,2011-08-31,2.88,,,,,,,
JD하효,2011-09-01,2.88,,,,,,,
JD하효,2011-09-02,2.88,,,,,,,
JD하효,2011-09-03,2.87,,,,,,,
JD하효,2011-09-04,2.82,,,,,,,
JD하효,2011-09-05,2.78,,,,,,,
JD하효,2011-09-06,2.74,,,,,,,
JD하효,2011-09-07,2.72,,,,,,,
JD하효,2011-09-08,2.72,,,,,,,
JD하효,2011-09-09,2.7,,,,,,,
JD하효,2011-09-10,2.73,,,,,,,
JD하효,2011-09-11,2.99,,,,,,,
JD하효,2011-09-12,2.89,,,,,,,
JD하효,2011-09-13,2.85,,,,,,,
JD하효,2011-09-14,2.85,,,,,,,
JD하효,2011-09-15,2.85,,,,,,,
JD하효,2011-09-16,2.85,,,,,,,
JD하효,2011-09-17,2.84,,,,,,,
JD하효,2011-09-18,2.82,,,,,,,
JD하효,2011-09-19,2.84,,,,,,,
JD하효,2011-09-20,2.83,,,,,,,
JD하효,2011-09-21,2.75,,,,,,,
JD하효,2011-09-22,2.69,,,,,,,
JD하효,2011-09-23,2.7,,,,,,,
JD하효,2011-09-24,2.69,,,,,,,
JD하효,2011-09-25,2.69,,,,,,,
JD하효,2011-09-26,2.71,,,,,,,
JD하효,2011-09-27,2.75,,,,,,,
JD하효,2011-09-28,2.77,,,,,,,
JD하효,2011-09-29,2.81,,,,,,,
JD하효,2011-09-30,2.76,,,,,,,
JD하효,2011-10-01,2.74,,,,,,,
JD하효,2011-10-02,2.67,,,,,,,
JD하효,2011-10-03,2.61,,,,,,,
JD하효,2011-10-04,2.58,,,,,,,
JD하효,2011-10-05,2.55,,,,,,,
JD하효,2011-10-06,2.52,,,,,,,
JD하효,2011-10-07,2.52,,,,,,,
JD하효,2011-10-08,2.53,,,,,,,
JD하효,2011-10-09,2.51,,,,,,,
JD하효,2011-10-10,2.48,,,,,,,
JD하효,2011-10-11,2.5,,,,,,,
JD하효,2011-10-12,2.5,,,,,,,
JD하효,2011-10-13,2.52,,,,,,,
JD하효,2011-10-14,2.59,,,,,,,
JD하효,2011-10-15,2.57,,,,,,,
JD하효,2011-10-16,2.48,,,,,,,
JD하효,2011-10-17,2.43,,,,,,,
JD하효,2011-10-18,2.38,,,,,,,
JD하효,2011-10-19,2.34,,,,,,,
JD하효,2011-10-20,2.31,,,,,,,
JD하효,2011-10-21,2.33,,,,,,,
JD하효,2011-10-22,2.34,,,,,,,
JD하효,2011-10-23,2.35,,,,,,,
JD하효,2011-10-24,2.35,,,,,,,
JD하효,2011-10-25,2.33,,,,,,,
JD하효,2011-10-26,2.33,,,,,,,
JD하효,2011-10-27,2.34,,,,,,,
JD하효,2011-10-28,2.33,,,,,,,
JD하효,2011-10-29,2.32,,,,,,,
JD하효,2011-10-30,2.34,,,,,,,
JD하효,2011-10-31,2.33,,,,,,,
JD하효,2011-11-01,2.3,,,,,,,
JD하효,2011-11-02,2.25,,,,,,,
JD하효,2011-11-03,2.28,,,,,,,
JD하효,2011-11-04,2.28,,,,,,,
JD하효,2011-11-05,2.54,,,,,,,
JD하효,2011-11-06,2.52,,,,,,,
JD하효,2011-11-07,2.46,,,,,,,
JD하효,2011-11-08,2.42,,,,,,,
JD하효,2011-11-09,2.42,,,,,,,
JD하효,2011-11-10,2.46,,,,,,,
JD하효,2011-11-11,2.44,,,,,,,
JD하효,2011-11-12,2.4,,,,,,,
JD하효,2011-11-13,2.4,,,,,,,
JD하효,2011-11-14,2.38,,,,,,,
JD하효,2011-11-15,2.35,,,,,,,
JD하효,2011-11-16,2.32,,,,,,,
JD하효,2011-11-17,2.32,,,,,,,
JD하효,2011-11-18,3.02,,,,,,,
JD하효,2011-11-19,3.13,,,,,,,
JD하효,2011-11-20,2.87,,,,,,,
JD하효,2011-11-21,2.71,,,,,,,
JD하효,2011-11-22,2.65,,,,,,,
JD하효,2011-11-23,2.63,,,,,,,
JD하효,2011-11-24,2.58,,,,,,,
JD하효,2011-11-25,2.59,,,,,,,
JD하효,2011-11-26,2.6,,,,,,,
JD하효,2011-11-27,2.6,,,,,,,
JD하효,2011-11-28,2.6,,,,,,,
JD하효,2011-11-29,2.6,,,,,,,
JD하효,2011-11-30,2.59,,,,,,,
JD하효,2011-12-01,2.6,,,,,,,
JD하효,2011-12-02,2.6,,,,,,,
JD하효,2011-12-03,2.55,,,,,,,
JD하효,2011-12-04,2.49,,,,,,,
JD하효,2011-12-05,2.49,,,,,,,
JD하효,2011-12-06,2.51,,,,,,,
JD하효,2011-12-07,2.52,,,,,,,
JD하효,2011-12-08,2.54,,,,,,,
JD하효,2011-12-09,2.5,,,,,,,
JD하효,2011-12-10,2.48,,,,,,,
JD하효,2011-12-11,2.5,,,,,,,
JD하효,2011-12-12,2.51,,,,,,,
JD하효,2011-12-13,2.52,,,,,,,
JD하효,2011-12-14,2.49,,,,,,,
JD하효,2011-12-15,2.45,,,,,,,
JD하효,2011-12-16,2.41,,,,,,,
JD하효,2011-12-17,2.37,,,,,,,
JD하효,2011-12-18,2.34,,,,,,,
JD하효,2011-12-19,2.32,,,,,,,
JD하효,2011-12-20,2.34,,,,,,,
JD하효,2011-12-21,2.37,,,,,,,
JD하효,2011-12-22,2.35,,,,,,,
JD하효,2011-12-23,2.35,,,,,,,
JD하효,2011-12-24,2.34,,,,,,,
JD하효,2011-12-25,2.3,,,,,,,
JD하효,2011-12-26,2.27,,,,,,,
JD하효,2011-12-27,2.26,,,,,,,
JD하효,2011-12-28,2.25,,,,,,,
JD하효,2011-12-29,2.25,,,,,,,
JD하효,2011-12-30,2.22,,,,,,,
JD하효,2011-12-31,2.19,,,,,,,
JD하효,2012-01-01,2.16,,,,,,,
JD하효,2012-01-02,2.14,,,,,,,
JD하효,2012-01-03,2.13,,,,,,,
JD하효,2012-01-04,2.07,,,,,,,
JD하효,2012-01-05,2.09,,,,,,,
JD하효,2012-01-06,2.08,,,,,,,
JD하효,2012-01-07,2.12,,,,,,,
JD하효,2012-01-08,2.11,,,,,,,
JD하효,2012-01-09,2.12,,,,,,,
JD하효,2012-01-10,2.14,,,,,,,
JD하효,2012-01-11,2.13,,,,,,,
JD하효,2012-01-12,2.12,,,,,,,
JD하효,2012-01-13,2.1,,,,,,,
JD하효,2012-01-14,2.11,,,,,,,
JD하효,2012-01-15,2.11,,,,,,,
JD하효,2012-01-16,2.12,,,,,,,
JD하효,2012-01-17,2.1,,,,,,,
JD하효,2012-01-18,2.06,,,,,,,
JD하효,2012-01-19,2.08,,,,,,,
JD하효,2012-01-20,2.1,,,,,,,
JD하효,2012-01-21,2.11,,,,,,,
JD하효,2012-01-22,2.06,,,,,,,
JD하효,2012-01-23,2.04,,,,,,,
JD하효,2012-01-24,2.04,,,,,,,
JD하효,2012-01-25,2.02,,,,,,,
JD하효,2012-01-26,2.01,,,,,,,
JD하효,2012-01-27,1.99,,,,,,,
JD하효,2012-01-28,2.0,,,,,,,
JD하효,2012-01-29,1.97,,,,,,,
JD하효,2012-01-30,1.92,,,,,,,
JD하효,2012-01-31,1.89,,,,,,,
JD하효,2012-02-01,1.85,,,,,,,
JD하효,2012-02-02,1.81,,,,,,,
JD하효,2012-02-03,1.8,,,,,,,
JD하효,2012-02-04,1.81,,,,,,,
JD하효,2012-02-05,1.84,,,,,,,
JD하효,2012-02-06,1.88,,,,,,,
JD하효,2012-02-07,1.87,,,,,,,
JD하효,2012-02-08,1.81,,,,,,,
JD하효,2012-02-09,1.81,,,,,,,
JD하효,2012-02-10,1.82,,,,,,,
JD하효,2012-02-11,1.79,,,,,,,
JD하효,2012-02-12,1.76,,,,,,,
JD하효,2012-02-13,1.77,,,,,,,
JD하효,2012-02-14,1.79,,,,,,,
JD하효,2012-02-15,1.77,,,,,,,
JD하효,2012-02-16,1.73,,,,,,,
JD하효,2012-02-17,1.69,,,,,,,
JD하효,2012-02-18,1.67,,,,,,,
JD하효,2012-02-19,1.68,,,,,,,
JD하효,2012-02-20,1.71,,,,,,,
JD하효,2012-02-21,1.75,,,,,,,
JD하효,2012-02-22,1.83,,,,,,,
JD하효,2012-02-23,1.87,,,,,,,
JD하효,2012-02-24,1.89,,,,,,,
JD하효,2012-02-25,1.82,,,,,,,
JD하효,2012-02-26,1.78,,,,,,,
JD하효,2012-02-27,1.74,,,,,,,
JD하효,2012-02-28,1.76,,,,,,,
JD하효,2012-02-29,1.77,,,,,,,
JD하효,2012-03-01,1.73,,,,,,,
JD하효,2012-03-02,1.73,,,,,,,
JD하효,2012-03-03,1.75,,,,,,,
JD하효,2012-03-04,1.8,,,,,,,
JD하효,2012-03-05,1.87,,,,,,,
JD하효,2012-03-06,1.84,,,,,,,
JD하효,2012-03-07,1.86,,,,,,,
JD하효,2012-03-08,1.87,,,,,,,
JD하효,2012-03-09,1.85,,,,,,,
JD하효,2012-03-10,1.81,,,,,,,
JD하효,2012-03-11,1.74,,,,,,,
JD하효,2012-03-12,1.72,,,,,,,
JD하효,2012-03-13,1.67,,,,,,,
JD하효,2012-03-14,1.63,,,,,,,
JD하효,2012-03-15,1.61,,,,,,,
JD하효,2012-03-16,1.69,,,,,,,
JD하효,2012-03-17,1.71,,,,,,,
JD하효,2012-03-18,1.69,,,,,,,
JD하효,2012-03-19,1.66,,,,,,,
JD하효,2012-03-20,1.6,,,,,,,
JD하효,2012-03-21,1.57,,,,,,,
JD하효,2012-03-22,1.59,,,,,,,
JD하효,2012-03-23,1.82,,,,,,,
JD하효,2012-03-24,1.71,,,,,,,
JD하효,2012-03-25,1.65,,,,,,,
JD하효,2012-03-26,1.59,,,,,,,
JD하효,2012-03-27,1.54,,,,,,,
JD하효,2012-03-28,1.48,,,,,,,
JD하효,2012-03-29,1.44,,,,,,,
JD하효,2012-03-30,1.45,,,,,,,
JD하효,2012-03-31,1.48,,,,,,,
JD하효,2012-04-01,1.46,,,,,,,
JD하효,2012-04-02,1.5,,,,,,,
JD하효,2012-04-03,1.48,,,,,,,
JD하효,2012-04-04,1.46,,,,,,,
JD하효,2012-04-05,1.53,,,,,,,
JD하효,2012-04-06,1.53,,,,,,,
JD하효,2012-04-07,1.47,,,,,,,
JD하효,2012-04-08,1.44,,,,,,,
JD하효,2012-04-09,1.52,,,,,,,
JD하효,2012-04-10,1.65,,,,,,,
JD하효,2012-04-11,1.88,,,,,,,
JD하효,2012-04-12,1.73,,,,,,,
JD하효,2012-04-13,1.68,,,,,,,
JD하효,2012-04-14,1.62,,,,,,,
JD하효,2012-04-15,1.56,,,,,,,
JD하효,2012-04-16,1.55,,,,,,,
JD하효,2012-04-17,1.6,,,,,,,
JD하효,2012-04-18,1.66,,,,,,,
JD하효,2012-04-19,1.67,,,,,,,
JD하효,2012-04-20,1.79,,,,,,,
JD하효,2012-04-21,2.72,,,,,,,
JD하효,2012-04-22,2.94,,,,,,,
JD하효,2012-04-23,2.49,,,,,,,
JD하효,2012-04-24,2.38,,,,,,,
JD하효,2012-04-25,2.52,,,,,,,
JD하효,2012-04-26,2.45,,,,,,,
JD하효,2012-04-27,2.36,,,,,,,
JD하효,2012-04-28,2.34,,,,,,,
JD하효,2012-04-29,2.37,,,,,,,
JD하효,2012-04-30,2.63,,,,,,,
JD하효,2012-05-01,2.75,,,,,,,
JD하효,2012-05-02,2.94,,,,,,,
JD하효,2012-05-03,2.94,,,,,,,
JD하효,2012-05-04,2.89,,,,,,,
JD하효,2012-05-05,2.88,,,,,,,
JD하효,2012-05-06,2.91,,,,,,,
JD하효,2012-05-07,2.94,,,,,,,
JD하효,2012-05-08,2.96,,,,,,,
JD하효,2012-05-09,2.95,,,,,,,
JD하효,2012-05-10,2.95,,,,,,,
JD하효,2012-05-11,2.94,,,,,,,
JD하효,2012-05-12,2.92,,,,,,,
JD하효,2012-05-13,2.9,,,,,,,
JD하효,2012-05-14,2.96,,,,,,,
JD하효,2012-05-15,2.98,,,,,,,
JD하효,2012-05-16,2.96,,,,,,,
JD하효,2012-05-17,2.96,,,,,,,
JD하효,2012-05-18,2.95,,,,,,,
JD하효,2012-05-19,2.95,,,,,,,
JD하효,2012-05-20,2.96,,,,,,,
JD하효,2012-05-21,2.95,,,,,,,
JD하효,2012-05-22,2.95,,,,,,,
JD하효,2012-05-23,2.92,,,,,,,
JD하효,2012-05-24,2.9,,,,,,,
JD하효,2012-05-25,2.9,,,,,,,
JD하효,2012-05-26,2.89,,,,,,,
JD하효,2012-05-27,2.85,,,,,,,
JD하효,2012-05-28,2.79,,,,,,,
JD하효,2012-05-29,2.75,,,,,,,
JD하효,2012-05-30,2.73,,,,,,,
JD하효,2012-05-31,2.73,,,,,,,
JD하효,2012-06-01,2.74,,,,,,,
JD하효,2012-06-02,2.76,,,,,,,
JD하효,2012-06-03,2.77,,,,,,,
JD하효,2012-06-04,2.78,,,,,,,
JD하효,2012-06-05,2.8,,,,,,,
JD하효,2012-06-06,2.81,,,,,,,
JD하효,2012-06-07,2.82,,,,,,,
JD하효,2012-06-08,2.83,,,,,,,
JD하효,2012-06-09,2.79,,,,,,,
JD하효,2012-06-10,2.75,,,,,,,
JD하효,2012-06-11,2.73,,,,,,,
JD하효,2012-06-12,2.7,,,,,,,
JD하효,2012-06-13,2.68,,,,,,,
JD하효,2012-06-14,2.65,,,,,,,
JD하효,2012-06-15,2.66,,,,,,,
JD하효,2012-06-16,2.64,,,,,,,
JD하효,2012-06-17,2.6,,,,,,,
JD하효,2012-06-18,2.67,,,,,,,
JD하효,2012-06-19,2.94,,,,,,,
JD하효,2012-06-20,2.75,,,,,,,
JD하효,2012-06-21,2.78,,,,,,,
JD하효,2012-06-22,2.73,,,,,,,
JD하효,2012-06-23,2.65,,,,,,,
JD하효,2012-06-24,2.69,,,,,,,
JD하효,2012-06-25,2.66,,,,,,,
JD하효,2012-06-26,2.66,,,,,,,
JD하효,2012-06-27,2.61,,,,,,,
JD하효,2012-06-28,2.53,,,,,,,
JD하효,2012-06-29,2.51,,,,,,,
JD하효,2012-06-30,2.56,,,,,,,
JD하효,2012-07-01,2.58,,,,,,,
JD하효,2012-07-02,2.65,,,,,,,
JD하효,2012-07-03,2.7,,,,,,,
JD하효,2012-07-04,2.72,,,,,,,
JD하효,2012-07-05,2.7,,,,,,,
JD하효,2012-07-06,2.65,,,,,,,
JD하효,2012-07-07,2.62,,,,,,,
JD하효,2012-07-08,2.59,,,,,,,
JD하효,2012-07-09,2.53,,,,,,,
JD하효,2012-07-10,2.5,,,,,,,
JD하효,2012-07-11,2.52,,,,,,,
JD하효,2012-07-12,2.5,,,,,,,
JD하효,2012-07-13,2.55,,,,,,,
JD하효,2012-07-14,2.58,,,,,,,
JD하효,2012-07-15,2.58,,,,,,,
JD하효,2012-07-16,2.54,,,,,,,
JD하효,2012-07-17,2.55,,,,,,,
JD하효,2012-07-18,2.67,,,,,,,
JD하효,2012-07-19,2.71,,,,,,,
JD하효,2012-07-20,2.67,,,,,,,
JD하효,2012-07-21,2.65,,,,,,,
JD하효,2012-07-22,2.63,,,,,,,
JD하효,2012-07-23,2.57,,,,,,,
JD하효,2012-07-24,2.52,,,,,,,
JD하효,2012-07-25,2.46,,,,,,,
JD하효,2012-07-26,2.45,,,,,,,
JD하효,2012-07-27,2.44,,,,,,,
JD하효,2012-07-28,2.45,,,,,,,
JD하효,2012-07-29,2.45,,,,,,,
JD하효,2012-07-30,2.48,,,,,,,
JD하효,2012-07-31,2.48,,,,,,,
JD하효,2012-08-01,2.56,,,,,,,
JD하효,2012-08-02,2.69,,,,,,,
JD하효,2012-08-03,2.64,,,,,,,
JD하효,2012-08-04,2.6,,,,,,,
JD하효,2012-08-05,2.59,,,,,,,
JD하효,2012-08-06,2.57,,,,,,,
JD하효,2012-08-07,2.58,,,,,,,
JD하효,2012-08-08,2.58,,,,,,,
JD하효,2012-08-09,2.48,,,,,,,
JD하효,2012-08-10,2.43,,,,,,,
JD하효,2012-08-11,2.44,,,,,,,
JD하효,2012-08-13,2.41,,,,,,,
JD하효,2012-08-14,2.48,,,,,,,
JD하효,2012-08-15,2.5,,,,,,,
JD하효,2012-08-16,2.47,,,,,,,
JD하효,2012-08-17,2.47,,,,,,,
JD하효,2012-08-18,2.48,,,,,,,
JD하효,2012-08-19,2.46,,,,,,,
JD하효,2012-08-20,2.5,,,,,,,
JD하효,2012-08-21,2.49,,,,,,,
JD하효,2012-08-22,2.66,,,,,,,
JD하효,2012-08-23,3.71,,,,,,,
JD하효,2012-08-24,6.76,,,,,,,
JD하효,2012-08-25,7.14,,,,,,,
JD하효,2012-08-26,5.8,,,,,,,
JD하효,2012-08-27,5.13,,,,,,,
JD하효,2012-08-28,5.61,,,,,,,
JD하효,2012-08-29,5.16,,,,,,,
JD하효,2012-08-30,4.96,,,,,,,
JD하효,2012-08-31,4.78,,,,,,,
JD하효,2012-09-01,4.73,,,,,,,
JD하효,2012-09-02,4.73,,,,,,,
JD하효,2012-09-03,4.7,,,,,,,
JD하효,2012-09-04,4.67,,,,,,,
JD하효,2012-09-05,4.64,,,,,,,
JD하효,2012-09-06,4.58,,,,,,,
JD하효,2012-09-07,4.52,,,,,,,
JD하효,2012-09-08,4.45,,,,,,,
JD하효,2012-09-09,4.45,,,,,,,
JD하효,2012-09-10,4.52,,,,,,,
JD하효,2012-09-11,4.5,,,,,,,
JD하효,2012-09-12,4.45,,,,,,,
JD하효,2012-09-13,4.37,,,,,,,
JD하효,2012-09-14,4.3,,,,,,,
JD하효,2012-09-15,4.23,,,,,,,
JD하효,2012-09-16,4.28,,,,,,,
JD하효,2012-09-17,4.66,,,,,,,
JD하효,2012-09-18,4.69,,,,,,,
JD하효,2012-09-19,4.52,,,,,,,
JD하효,2012-09-20,4.37,,,,,,,
JD하효,2012-09-21,4.23,,,,,,,
JD하효,2012-09-22,4.17,,,,,,,
JD하효,2012-09-23,4.14,,,,,,,
JD하효,2012-09-24,4.11,,,,,,,
JD하효,2012-09-25,4.1,,,,,,,
JD하효,2012-09-26,4.06,,,,,,,
JD하효,2012-09-27,4.03,,,,,,,
JD하효,2012-09-28,4.02,,,,,,,
JD하효,2012-09-29,3.99,,,,,,,
JD하효,2012-09-30,3.99,,,,,,,
JD하효,2012-10-01,3.94,,,,,,,
JD하효,2012-10-02,3.92,,,,,,,
JD하효,2012-10-03,3.9,,,,,,,
JD하효,2012-10-04,3.87,,,,,,,
JD하효,2012-10-05,3.81,,,,,,,
JD하효,2012-10-06,3.77,,,,,,,
JD하효,2012-10-07,3.72,,,,,,,
JD하효,2012-10-08,3.69,,,,,,,
JD하효,2012-10-09,3.68,,,,,,,
JD하효,2012-10-10,3.67,,,,,,,
JD하효,2012-10-11,3.64,,,,,,,
JD하효,2012-10-12,3.62,,,,,,,
JD하효,2012-10-13,3.63,,,,,,,
JD하효,2012-10-14,3.63,,,,,,,
JD하효,2012-10-15,3.63,,,,,,,
JD하효,2012-10-16,3.61,,,,,,,
JD하효,2012-10-17,3.56,,,,,,,
JD하효,2012-10-18,3.52,,,,,,,
JD하효,2012-10-19,3.47,,,,,,,
JD하효,2012-10-20,3.35,,,,,,,
JD하효,2012-10-21,3.29,,,,,,,
JD하효,2012-10-22,3.28,,,,,,,
JD하효,2012-10-23,3.22,,,,,,,
JD하효,2012-10-24,3.23,,,,,,,
JD하효,2012-10-25,3.21,,,,,,,
JD하효,2012-10-26,3.21,,,,,,,
JD하효,2012-10-27,3.2,,,,,,,
JD하효,2012-10-28,3.15,,,,,,,
JD하효,2012-10-29,3.15,,,,,,,
JD하효,2012-10-30,3.15,,,,,,,
JD하효,2012-10-31,3.14,,,,,,,
JD하효,2012-11-01,3.11,,,,,,,
JD하효,2012-11-02,3.09,,,,,,,
JD하효,2012-11-03,3.06,,,,,,,
JD하효,2012-11-04,3.08,,,,,,,
JD하효,2012-11-05,3.05,,,,,,,
JD하효,2012-11-06,2.99,,,,,,,
JD하효,2012-11-07,2.96,,,,,,,
JD하효,2012-11-08,2.97,,,,,,,
JD하효,2012-11-09,2.99,,,,,,,
JD하효,2012-11-10,3.04,,,,,,,
JD하효,2012-11-11,3.07,,,,,,,
JD하효,2012-11-12,2.95,,,,,,,
JD하효,2012-11-13,2.95,,,,,,,
JD하효,2012-11-14,2.94,,,,,,,
JD하효,2012-11-15,2.96,,,,,,,
JD하효,2012-11-16,2.97,,,,,,,
JD하효,2012-11-17,2.93,,,,,,,
JD하효,2012-11-18,2.87,,,,,,,
JD하효,2012-11-19,2.85,,,,,,,
JD하효,2012-11-20,2.77,,,,,,,
JD하효,2012-11-21,2.76,,,,,,,
JD하효,2012-11-22,2.76,,,,,,,
JD하효,2012-11-23,2.76,,,,,,,
JD하효,2012-11-24,2.73,,,,,,,
JD하효,2012-11-25,2.74,,,,,,,
JD하효,2012-11-26,2.73,,,,,,,
JD하효,2012-11-27,2.71,,,,,,,
JD하효,2012-11-28,2.71,,,,,,,
JD하효,2012-11-29,2.72,,,,,,,
JD하효,2012-11-30,2.57,,,,,,,
JD하효,2012-12-01,2.41,,,,,,,
JD하효,2012-12-02,2.43,,,,,,,
JD하효,2012-12-03,2.42,,,,,,,
JD하효,2012-12-04,2.36,,,,,,,
JD하효,2012-12-05,2.37,,,,,,,
JD하효,2012-12-06,2.3,,,,,,,
JD하효,2012-12-07,2.28,,,,,,,
JD하효,2012-12-08,2.2,,,,,,,
JD하효,2012-12-09,2.18,,,,,,,
JD하효,2012-12-10,2.28,,,,,,,
JD하효,2012-12-11,2.28,,,,,,,
JD하효,2012-12-12,2.26,,,,,,,
JD하효,2012-12-13,2.26,,,,,,,
JD하효,2012-12-14,2.37,,,,,,,
JD하효,2012-12-15,2.42,,,,,,,
JD하효,2012-12-16,2.41,,,,,,,
JD하효,2012-12-17,2.38,,,,,,,
JD하효,2012-12-18,2.29,,,,,,,
JD하효,2012-12-19,2.22,,,,,,,
JD하효,2012-12-20,2.16,,,,,,,
JD하효,2012-12-21,2.2,,,,,,,
JD하효,2012-12-22,2.17,,,,,,,
JD하효,2012-12-23,2.11,,,,,,,
JD하효,2012-12-24,2.1,,,,,,,
JD하효,2012-12-25,2.08,,,,,,,
JD하효,2012-12-26,2.08,,,,,,,
JD하효,2012-12-27,2.09,,,,,,,
JD하효,2012-12-28,2.17,,,,,,,
JD하효,2012-12-29,2.21,,,,,,,
JD하효,2012-12-30,2.18,,,,,,,
JD하효,2012-12-31,2.12,,,,,,,
JD하효,2013-01-01,2.13,,,,,,,
JD하효,2013-01-02,2.06,,,,,,,
JD하효,2013-01-03,2.01,,,,,,,
JD하효,2013-01-04,1.99,,,,,,,
JD하효,2013-01-05,2.0,,,,,,,
JD하효,2013-01-06,2.0,,,,,,,
JD하효,2013-01-07,2.01,,,,,,,
JD하효,2013-01-08,2.05,,,,,,,
JD하효,2013-01-09,2.06,,,,,,,
JD하효,2013-01-10,2.04,,,,,,,
JD하효,2013-01-11,2.05,,,,,,,
JD하효,2013-01-12,2.06,,,,,,,
JD하효,2013-01-13,2.1,,,,,,,
JD하효,2013-01-14,2.13,,,,,,,
JD하효,2013-01-15,2.08,,,,,,,
JD하효,2013-01-16,2.03,,,,,,,
JD하효,2013-01-17,1.97,,,,,,,
JD하효,2013-01-18,1.92,,,,,,,
JD하효,2013-01-19,1.88,,,,,,,
JD하효,2013-01-20,1.89,,,,,,,
JD하효,2013-01-21,2.0,,,,,,,
JD하효,2013-01-22,1.97,,,,,,,
JD하효,2013-01-23,1.99,,,,,,,
JD하효,2013-01-24,2.0,,,,,,,
JD하효,2013-01-25,1.99,,,,,,,
JD하효,2013-01-26,2.0,,,,,,,
JD하효,2013-01-27,2.01,,,,,,,
JD하효,2013-01-28,1.99,,,,,,,
JD하효,2013-01-29,1.97,,,,,,,
JD하효,2013-01-30,1.95,,,,,,,
JD하효,2013-01-31,1.95,,,,,,,
JD하효,2013-02-01,2.0,,,,,,,
JD하효,2013-02-02,1.9,,,,,,,
JD하효,2013-02-03,1.88,,,,,,,
JD하효,2013-02-04,1.91,,,,,,,
JD하효,2013-02-05,1.95,,,,,,,
JD하효,2013-02-06,1.95,,,,,,,
JD하효,2013-02-07,1.95,,,,,,,
JD하효,2013-02-08,1.96,,,,,,,
JD하효,2013-02-09,1.99,,,,,,,
JD하효,2013-02-10,1.99,,,,,,,
JD하효,2013-02-11,2.03,,,,,,,
JD하효,2013-02-12,2.02,,,,,,,
JD하효,2013-02-13,1.99,,,,,,,
JD하효,2013-02-14,1.98,,,,,,,
JD하효,2013-02-15,1.94,,,,,,,
JD하효,2013-02-16,1.9,,,,,,,
JD하효,2013-02-17,1.9,,,,,,,
JD하효,2013-02-18,2.0,,,,,,,
JD하효,2013-02-19,1.97,,,,,,,
JD하효,2013-02-20,1.9,,,,,,,
JD하효,2013-02-21,1.86,,,,,,,
JD하효,2013-02-22,1.8,,,,,,,
JD하효,2013-02-23,1.81,,,,,,,
JD하효,2013-02-24,1.81,,,,,,,
JD하효,2013-02-25,1.87,,,,,,,
JD하효,2013-02-26,1.96,,,,,,,
JD하효,2013-02-27,1.94,,,,,,,
JD하효,2013-02-28,1.97,,,,,,,
JD하효,2013-03-01,1.99,,,,,,,
JD하효,2013-03-02,1.93,,,,,,,
JD하효,2013-03-03,1.9,,,,,,,
JD하효,2013-03-04,1.88,,,,,,,
JD하효,2013-03-05,1.83,,,,,,,
JD하효,2013-03-06,1.8,,,,,,,
JD하효,2013-03-07,1.83,,,,,,,
JD하효,2013-03-08,1.88,,,,,,,
JD하효,2013-03-09,1.92,,,,,,,
JD하효,2013-03-10,1.9,,,,,,,
JD하효,2013-03-11,1.92,,,,,,,
JD하효,2013-03-12,1.93,,,,,,,
JD하효,2013-03-13,2.01,,,,,,,
JD하효,2013-03-14,1.96,,,,,,,
JD하효,2013-03-15,1.87,,,,,,,
JD하효,2013-03-16,1.83,,,,,,,
JD하효,2013-03-17,1.85,,,,,,,
JD하효,2013-03-18,1.96,,,,,,,
JD하효,2013-03-19,1.92,,,,,,,
JD하효,2013-03-20,1.89,,,,,,,
JD하효,2013-03-21,1.81,,,,,,,
JD하효,2013-03-22,1.83,,,,,,,
JD하효,2013-03-23,1.85,,,,,,,
JD하효,2013-03-24,1.96,,,,,,,
JD하효,2013-03-25,1.88,,,,,,,
JD하효,2013-03-26,1.86,,,,,,,
JD하효,2013-03-27,1.89,,,,,,,
JD하효,2013-03-28,1.88,,,,,,,
JD하효,2013-03-29,1.89,,,,,,,
JD하효,2013-03-30,1.88,,,,,,,
JD하효,2013-03-31,1.86,,,,,,,
JD하효,2013-04-01,1.86,,,,,,,
JD하효,2013-04-02,1.83,,,,,,,
JD하효,2013-04-03,1.77,,,,,,,
JD하효,2013-04-04,1.78,,,,,,,
JD하효,2013-04-05,1.81,,,,,,,
JD하효,2013-04-06,1.92,,,,,,,
JD하효,2013-04-07,1.82,,,,,,,
JD하효,2013-04-08,1.85,,,,,,,
JD하효,2013-04-09,1.84,,,,,,,
JD하효,2013-04-10,1.79,,,,,,,
JD하효,2013-04-11,1.77,,,,,,,
JD하효,2013-04-12,1.79,,,,,,,
JD하효,2013-04-13,1.78,,,,,,,
JD하효,2013-04-14,1.78,,,,,,,
JD하효,2013-04-15,1.81,,,,,,,
JD하효,2013-04-16,1.83,,,,,,,
JD하효,2013-04-17,1.86,,,,,,,
JD하효,2013-04-18,1.84,,,,,,,
JD하효,2013-04-19,1.82,,,,,,,
JD하효,2013-04-20,1.8,,,,,,,
JD하효,2013-04-21,1.75,,,,,,,
JD하효,2013-04-22,1.73,,,,,,,
JD하효,2013-04-23,1.86,,,,,,,
JD하효,2013-04-24,2.01,,,,,,,
JD하효,2013-04-25,2.01,,,,,,,
JD하효,2013-04-26,1.96,,,,,,,
JD하효,2013-04-27,1.93,,,,,,,
JD하효,2013-04-28,1.95,,,,,,,
JD하효,2013-04-29,1.94,,,,,,,
JD하효,2013-04-30,1.94,,,,,,,
JD하효,2013-05-01,1.96,,,,,,,
JD하효,2013-05-02,1.9,,,,,,,
JD하효,2013-05-03,1.87,,,,,,,
JD하효,2013-05-04,1.82,,,,,,,
JD하효,2013-05-05,1.8,,,,,,,
JD하효,2013-05-06,1.8,,,,,,,
JD하효,2013-05-07,1.85,,,,,,,
JD하효,2013-05-08,1.87,,,,,,,
JD하효,2013-05-09,1.85,,,,,,,
JD하효,2013-05-10,2.06,,,,,,,
JD하효,2013-05-11,2.06,,,,,,,
JD하효,2013-05-12,2.03,,,,,,,
JD하효,2013-05-13,2.01,,,,,,,
JD하효,2013-05-14,1.99,,,,,,,
JD하효,2013-05-15,1.95,,,,,,,
JD하효,2013-05-16,1.99,,,,,,,
JD하효,2013-05-17,1.97,,,,,,,
JD하효,2013-05-18,1.95,,,,,,,
JD하효,2013-05-19,2.06,,,,,,,
JD하효,2013-05-20,2.06,,,,,,,
JD하효,2013-05-21,2.07,,,,,,,
JD하효,2013-05-22,2.02,,,,,,,
JD하효,2013-05-23,1.99,,,,,,,
JD하효,2013-05-24,2.02,,,,,,,
JD하효,2013-05-25,2.04,,,,,,,
JD하효,2013-05-26,2.01,,,,,,,
JD하효,2013-05-27,2.11,,,,,,,
JD하효,2013-05-28,2.26,,,,,,,
JD하효,2013-05-29,2.14,,,,,,,
JD하효,2013-05-30,2.13,,,,,,,
JD하효,2013-05-31,2.06,,,,,,,
JD하효,2013-06-01,2.04,,,,,,,
JD하효,2013-06-02,2.03,,,,,,,
JD하효,2013-06-03,2.04,,,,,,,
JD하효,2013-06-04,2.01,,,,,,,
JD하효,2013-06-05,2.03,,,,,,,
JD하효,2013-06-06,2.07,,,,,,,
JD하효,2013-06-07,2.1,,,,,,,
JD하효,2013-06-08,2.18,,,,,,,
JD하효,2013-06-09,2.22,,,,,,,
JD하효,2013-06-10,2.25,,,,,,,
JD하효,2013-06-11,2.23,,,,,,,
JD하효,2013-06-12,2.26,,,,,,,
JD하효,2013-06-13,2.2,,,,,,,
JD하효,2013-06-14,2.35,,,,,,,
JD하효,2013-06-15,2.4,,,,,,,
JD하효,2013-06-16,2.33,,,,,,,
JD하효,2013-06-17,2.29,,,,,,,
JD하효,2013-06-18,2.31,,,,,,,
JD하효,2013-06-19,2.34,,,,,,,
JD하효,2013-06-20,2.37,,,,,,,
JD하효,2013-06-21,2.4,,,,,,,
JD하효,2013-06-22,2.39,,,,,,,
JD하효,2013-06-23,2.39,,,,,,,
JD하효,2013-06-24,2.43,,,,,,,
JD하효,2013-06-25,2.47,,,,,,,
JD하효,2013-06-26,2.6,,,,,,,
JD하효,2013-06-27,2.61,,,,,,,
JD하효,2013-06-28,2.59,,,,,,,
JD하효,2013-06-29,2.5,,,,,,,
JD하효,2013-06-30,2.44,,,,,,,
JD하효,2013-07-01,2.37,,,,,,,
JD하효,2013-07-02,2.39,,,,,,,
JD하효,2013-07-03,2.39,,,,,,,
JD하효,2013-07-04,2.44,,,,,,,
JD하효,2013-07-05,2.46,,,,,,,
JD하효,2013-07-06,2.44,,,,,,,
JD하효,2013-07-08,2.39,,,,,,,
JD하효,2013-07-09,2.36,,,,,,,
JD하효,2013-07-10,2.36,,,,,,,
JD하효,2013-07-11,2.38,,,,,,,
JD하효,2013-07-12,2.37,,,,,,,
JD하효,2013-07-13,2.35,,,,,,,
JD하효,2013-07-14,2.35,,,,,,,
JD하효,2013-07-15,2.3,,,,,,,
JD하효,2013-07-16,2.29,,,,,,,
JD하효,2013-07-17,2.27,,,,,,,
JD하효,2013-07-18,2.25,,,,,,,
JD하효,2013-07-19,2.26,,,,,,,
JD하효,2013-07-20,2.28,,,,,,,
JD하효,2013-07-21,2.29,,,,,,,
JD하효,2013-07-22,2.28,,,,,,,
JD하효,2013-07-23,2.33,,,,,,,
JD하효,2013-07-24,2.34,,,,,,,
JD하효,2013-07-25,2.36,,,,,,,
JD하효,2013-07-26,2.35,,,,,,,
JD하효,2013-07-27,2.3,,,,,,,
JD하효,2013-07-28,2.25,,,,,,,
JD하효,2013-07-29,2.19,,,,,,,
JD하효,2013-07-30,2.18,,,,,,,
JD하효,2013-07-31,2.14,,,,,,,
JD하효,2013-08-01,2.14,,,,,,,
JD하효,2013-08-02,2.12,,,,,,,
JD하효,2013-08-03,2.09,,,,,,,
JD하효,2013-08-04,2.1,,,,,,,
JD하효,2013-08-05,2.13,,,,,,,
JD하효,2013-08-06,2.15,,,,,,,
JD하효,2013-08-07,2.13,,,,,,,
JD하효,2013-08-08,2.11,,,,,,,
JD하효,2013-08-09,2.1,,,,,,,
JD하효,2013-08-10,2.1,,,,,,,
JD하효,2013-08-11,2.06,,,,,,,
JD하효,2013-08-12,2.02,,,,,,,
JD하효,2013-08-13,1.95,,,,,,,
JD하효,2013-08-14,1.97,,,,,,,
JD하효,2013-08-15,1.94,,,,,,,
JD하효,2013-08-17,1.96,,,,,,,
JD하효,2013-08-18,1.99,,,,,,,
JD하효,2013-08-19,2.04,,,,,,,
JD하효,2013-08-20,2.1,,,,,,,
JD하효,2013-08-21,2.1,,,,,,,
JD하효,2013-08-22,2.1,,,,,,,
JD하효,2013-08-23,2.0,,,,,,,
JD하효,2013-08-24,2.08,,,,,,,
JD하효,2013-08-25,2.11,,,,,,,
JD하효,2013-08-26,2.13,,,,,,,
JD하효,2013-08-27,2.0,,,,,,,
JD하효,2013-08-28,1.95,,,,,,,
JD하효,2013-08-29,1.95,,,,,,,
JD하효,2013-08-30,2.02,,,,,,,
JD하효,2013-08-31,2.04,,,,,,,
JD하효,2013-09-01,2.03,,,,,,,
JD하효,2013-09-02,1.99,,,,,,,
JD하효,2013-09-03,1.99,,,,,,,
JD하효,2013-09-04,1.91,,,,,,,
JD하효,2013-09-05,1.95,,,,,,,
JD하효,2013-09-06,1.8,,,,,,,
JD하효,2013-09-07,1.94,,,,,,,
JD하효,2013-09-08,1.92,,,,,,,
JD하효,2013-09-09,1.9,,,,,,,
JD하효,2013-09-10,1.94,,,,,,,
JD하효,2013-09-11,1.85,,,,,,,
JD하효,2013-09-12,1.88,,,,,,,
JD하효,2013-09-13,1.85,,,,,,,
JD하효,2013-09-14,1.84,,,,,,,
JD하효,2013-09-15,1.88,,,,,,,
JD하효,2013-09-16,1.9,,,,,,,
JD하효,2013-09-17,1.91,,,,,,,
JD하효,2013-09-18,1.93,,,,,,,
JD하효,2013-09-19,1.94,,,,,,,
JD하효,2013-09-20,1.93,,,,,,,
JD하효,2013-09-21,1.96,,,,,,,
JD하효,2013-09-22,1.96,,,,,,,
JD하효,2013-09-23,2.02,,,,,,,
JD하효,2013-09-24,1.94,,,,,,,
JD하효,2013-09-25,1.84,,,,,,,
JD하효,2013-09-26,1.85,,,,,,,
JD하효,2013-09-27,1.81,,,,,,,
JD하효,2013-09-28,1.78,,,,,,,
JD하효,2013-09-29,1.77,,,,,,,
JD하효,2013-09-30,1.79,,,,,,,
JD하효,2013-10-01,1.84,,,,,,,
JD하효,2013-10-02,1.85,,,,,,,
JD하효,2013-10-03,1.85,,,,,,,
JD하효,2013-10-04,1.87,,,,,,,
JD하효,2013-10-05,1.9,,,,,,,
JD하효,2013-10-06,1.95,,,,,,,
JD하효,2013-10-07,1.93,,,,,,,
JD하효,2013-10-08,2.03,,,,,,,
JD하효,2013-10-09,2.03,,,,,,,
JD하효,2013-10-10,1.9,,,,,,,
JD하효,2013-10-11,1.81,,,,,,,
JD하효,2013-10-12,1.76,,,,,,,
JD하효,2013-10-13,1.74,,,,,,,
JD하효,2013-10-14,1.75,,,,,,,
JD하효,2013-10-15,1.75,,,,,,,
JD하효,2013-10-16,1.78,,,,,,,
JD하효,2013-10-17,1.74,,,,,,,
JD하효,2013-10-18,1.78,,,,,,,
JD하효,2013-10-19,1.83,,,,,,,
JD하효,2013-10-20,1.79,,,,,,,
JD하효,2013-10-21,1.9,,,,,,,
JD하효,2013-10-22,1.95,,,,,,,
JD하효,2013-10-23,1.91,,,,,,,
JD하효,2013-10-24,1.84,,,,,,,
JD하효,2013-10-25,1.75,,,,,,,
JD하효,2013-10-26,1.71,,,,,,,
JD하효,2013-10-27,1.65,,,,,,,
JD하효,2013-10-28,1.64,,,,,,,
JD하효,2013-10-29,1.59,,,,,,,
JD하효,2013-10-30,1.58,,,,,,,
JD하효,2013-10-31,1.59,,,,,,,
JD하효,2013-11-01,1.68,,,,,,,
JD하효,2013-11-02,1.7,,,,,,,
JD하효,2013-11-03,1.72,,,,,,,
JD하효,2013-11-04,1.72,,,,,,,
JD하효,2013-11-05,1.78,,,,,,,
JD하효,2013-11-06,1.62,,,,,,,
JD하효,2013-11-07,1.7,,,,,,,
JD하효,2013-11-11,1.57,,,,,,,
JD하효,2013-11-12,1.51,,,,,,,
JD하효,2013-11-13,1.54,,,,,,,
JD하효,2013-11-14,1.56,,,,,,,
JD하효,2013-11-15,1.57,,,,,,,
JD하효,2013-11-16,1.54,,,,,,,
JD하효,2013-11-17,1.55,,,,,,,
JD하효,2013-11-18,1.52,,,,,,,
JD하효,2013-11-19,1.45,,,,,,,
JD하효,2013-11-20,1.48,,,,,,,
JD하효,2013-11-21,1.41,,,,,,,
JD하효,2013-11-22,1.43,,,,,,,
JD하효,2013-11-23,1.38,,,,,,,
JD하효,2013-11-24,1.44,,,,,,,
JD하효,2013-11-25,1.46,,,,,,,
JD하효,2013-11-26,1.36,,,,,,,
JD하효,2013-11-27,1.33,,,,,,,
JD하효,2013-11-28,1.25,,,,,,,
JD하효,2013-11-29,1.24,,,,,,,
JD하효,2013-11-30,1.3,,,,,,,
JD하효,2013-12-01,1.34,,,,,,,
JD하효,2013-12-02,1.36,,,,,,,
JD하효,2013-12-03,1.42,,,,,,,
JD하효,2013-12-04,1.42,,,,,,,
JD하효,2013-12-05,1.4,,,,,,,
JD하효,2013-12-06,1.43,,,,,,,
JD하효,2013-12-07,1.36,,,,,,,
JD하효,2013-12-08,1.38,,,,,,,
JD하효,2013-12-09,1.49,,,,,,,
JD하효,2013-12-10,1.42,,,,,,,
JD하효,2013-12-11,1.35,,,,,,,
JD하효,2013-12-12,1.33,,,,,,,
JD하효,2013-12-13,1.29,,,,,,,
JD하효,2013-12-14,1.29,,,,,,,
JD하효,2013-12-15,1.28,,,,,,,
JD하효,2013-12-16,1.33,,,,,,,
JD하효,2013-12-17,1.39,,,,,,,
JD하효,2013-12-18,1.49,,,,,,,
JD하효,2013-12-19,1.41,,,,,,,
JD하효,2013-12-20,1.35,,,,,,,
JD하효,2013-12-21,1.32,,,,,,,
JD하효,2013-12-26,1.43,,,,,,,
JD하효,2013-12-27,1.28,,,,,,,
JD하효,2013-12-28,1.3,,,,,,,
JD하효,2014-01-07,1.43,,,,,,,
JD하효,2014-01-23,1.18,,,,,,,
JD하효,2014-02-12,1.29,,,,,,,
JD하효,2014-02-13,1.31,,,,,,,
JD하효,2014-02-14,1.35,,,,,,,
JD하효,2014-02-15,1.33,,,,,,,
JD하효,2014-02-16,1.3,,,,,,,
JD하효,2014-02-17,1.4,,,,,,,
JD하효,2014-02-18,1.47,,,,,,,
JD하효,2014-02-19,1.4,,,,,,,
JD하효,2014-02-20,1.31,,,,,,,
JD하효,2014-02-21,1.22,,,,,,,
JD하효,2014-02-22,1.2,,,,,,,
JD하효,2014-02-23,1.18,,,,,,,
JD하효,2014-02-24,1.17,,,,,,,
JD하효,2014-02-25,1.17,,,,,,,
JD하효,2014-02-26,1.26,,,,,,,
JD하효,2014-02-27,1.29,,,,,,,
JD하효,2014-02-28,1.29,,,,,,,
JD하효,2014-03-01,1.32,,,,,,,
JD하효,2014-03-02,1.33,,,,,,,
JD하효,2014-03-03,1.33,,,,,,,
JD하효,2014-03-04,1.34,,,,,,,
JD하효,2014-03-05,1.3,,,,,,,
JD하효,2014-03-06,1.25,,,,,,,
JD하효,2014-03-07,1.19,,,,,,,
JD하효,2014-03-08,1.16,,,,,,,
JD하효,2014-03-09,1.15,,,,,,,
JD하효,2014-03-10,1.12,,,,,,,
JD하효,2014-03-11,1.12,,,,,,,
JD하효,2014-03-12,1.21,,,,,,,
JD하효,2014-03-13,1.35,,,,,,,
JD하효,2014-03-14,1.3,,,,,,,
JD하효,2014-03-15,1.32,,,,,,,
JD하효,2014-03-16,1.25,,,,,,,
JD하효,2014-03-17,1.34,,,,,,,
JD하효,2014-03-18,1.38,,,,,,,
JD하효,2014-03-19,1.46,,,,,,,
JD하효,2014-03-20,1.37,,,,,,,
JD하효,2014-03-21,1.3,,,,,,,
JD하효,2014-03-22,1.26,,,,,,,
JD하효,2014-03-23,1.18,,,,,,,
JD하효,2014-03-24,1.18,,,,,,,
JD하효,2014-03-25,1.25,,,,,,,
JD하효,2014-03-26,1.33,,,,,,,
JD하효,2014-03-27,1.37,,,,,,,
JD하효,2014-03-28,1.38,,,,,,,
JD하효,2014-03-29,1.59,,,,,,,
JD하효,2014-03-30,1.7,,,,,,,
JD하효,2014-03-31,1.59,,,,,,,
JD하효,2014-04-01,1.57,,,,,,,
JD하효,2014-04-02,1.54,,,,,,,
JD하효,2014-04-03,1.54,,,,,,,
JD하효,2014-04-04,1.46,,,,,,,
JD하효,2014-04-05,1.47,,,,,,,
JD하효,2014-04-06,1.35,,,,,,,
JD하효,2014-04-07,1.35,,,,,,,
JD하효,2014-04-08,1.35,,,,,,,
JD하효,2014-04-09,1.36,,,,,,,
JD하효,2014-04-10,1.38,,,,,,,
JD하효,2014-04-11,1.42,,,,,,,
JD하효,2014-04-12,1.44,,,,,,,
JD하효,2014-04-13,1.56,,,,,,,
JD하효,2014-04-14,1.59,,,,,,,
JD하효,2014-04-15,1.52,,,,,,,
JD하효,2014-04-16,1.52,,,,,,,
JD하효,2014-04-17,1.58,,,,,,,
JD하효,2014-04-18,1.63,,,,,,,
JD하효,2014-04-19,1.64,,,,,,,
JD하효,2014-04-20,1.64,,,,,,,
JD하효,2014-04-21,1.57,,,,,,,
JD하효,2014-04-22,1.54,,,,,,,
JD하효,2014-04-23,1.52,,,,,,,
JD하효,2014-04-24,1.5,,,,,,,
JD하효,2014-04-25,1.46,,,,,,,
JD하효,2014-04-26,1.51,,,,,,,
JD하효,2014-04-27,1.57,,,,,,,
JD하효,2014-04-28,1.99,,,,,,,
JD하효,2014-04-29,1.93,,,,,,,
JD하효,2014-04-30,1.84,,,,,,,
JD하효,2014-05-01,1.8,,,,,,,
JD하효,2014-05-02,1.76,,,,,,,
JD하효,2014-05-03,1.72,,,,,,,
JD하효,2014-05-04,1.72,,,,,,,
JD하효,2014-05-05,1.69,,,,,,,
JD하효,2014-05-06,1.66,,,,,,,
JD하효,2014-05-07,1.64,,,,,,,
JD하효,2014-05-08,1.65,,,,,,,
JD하효,2014-05-09,1.64,,,,,,,
JD하효,2014-05-10,1.67,,,,,,,
JD하효,2014-05-11,1.73,,,,,,,
JD하효,2014-05-12,1.79,,,,,,,
JD하효,2014-05-13,1.76,,,,,,,
JD하효,2014-05-14,1.87,,,,,,,
JD하효,2014-05-15,1.92,,,,,,,
JD하효,2014-05-16,1.91,,,,,,,
JD하효,2014-05-17,1.93,,,,,,,
JD하효,2014-05-18,1.93,,,,,,,
JD하효,2014-05-19,1.91,,,,,,,
JD하효,2014-05-20,2.04,,,,,,,
JD하효,2014-05-21,2.08,,,,,,,
JD하효,2014-05-22,2.0,,,,,,,
JD하효,2014-05-23,1.96,,,,,,,
JD하효,2014-05-24,1.89,,,,,,,
JD하효,2014-05-25,2.1,,,,,,,
JD하효,2014-05-26,2.56,,,,,,,
JD하효,2014-05-27,2.42,,,,,,,
JD하효,2014-05-28,2.37,,,,,,,
JD하효,2014-05-29,2.32,,,,,,,
JD하효,2014-05-30,2.31,,,,,,,
JD하효,2014-05-31,2.25,,,,,,,
JD하효,2014-06-01,2.26,,,,,,,
JD하효,2014-06-02,2.61,,,,,,,
JD하효,2014-06-03,3.59,,,,,,,
JD하효,2014-06-04,3.2,,,,,,,
JD하효,2014-06-05,2.97,,,,,,,
JD하효,2014-06-06,2.81,,,,,,,
JD하효,2014-06-07,2.7,,,,,,,
JD하효,2014-06-08,2.66,,,,,,,
JD하효,2014-06-09,2.63,,,,,,,
JD하효,2014-06-10,2.63,,,,,,,
JD하효,2014-06-11,2.65,,,,,,,
JD하효,2014-06-12,2.67,,,,,,,
JD하효,2014-06-13,2.69,,,,,,,
JD하효,2014-06-14,2.7,,,,,,,
JD하효,2014-06-15,2.71,,,,,,,
JD하효,2014-06-16,2.72,,,,,,,
JD하효,2014-06-17,2.87,,,,,,,
JD하효,2014-06-18,2.94,,,,,,,
JD하효,2014-06-19,2.84,,,,,,,
JD하효,2014-06-20,2.77,,,,,,,
JD하효,2014-06-21,2.76,,,,,,,
JD하효,2014-06-22,2.76,,,,,,,
JD하효,2014-06-23,2.72,,,,,,,
JD하효,2014-06-24,2.7,,,,,,,
JD하효,2014-06-25,2.71,,,,,,,
JD하효,2014-06-26,2.72,,,,,,,
JD하효,2014-06-27,2.74,,,,,,,
JD하효,2014-06-28,2.71,,,,,,,
JD하효,2014-06-29,2.67,,,,,,,
JD하효,2014-06-30,2.65,,,,,,,
JD하효,2014-07-01,2.63,,,,,,,
JD하효,2014-07-02,2.64,,,,,,,
JD하효,2014-07-03,2.67,,,,,,,
JD하효,2014-07-04,2.6,,,,,,,
JD하효,2014-07-05,2.58,,,,,,,
JD하효,2014-07-06,3.28,,,,,,,
JD하효,2014-07-07,3.33,,,,,,,
JD하효,2014-07-08,3.12,,,,,,,
JD하효,2014-07-09,3.33,,,,,,,
JD하효,2014-07-10,3.27,,,,,,,
JD하효,2014-07-11,3.09,,,,,,,
JD하효,2014-07-12,3.04,,,,,,,
JD하효,2014-07-13,3.13,,,,,,,
JD하효,2014-07-14,3.11,,,,,,,
JD하효,2014-07-15,3.1,,,,,,,
JD하효,2014-07-16,3.19,,,,,,,
JD하효,2014-07-17,3.11,,,,,,,
JD하효,2014-07-18,3.03,,,,,,,
JD하효,2014-07-19,3.06,,,,,,,
JD하효,2014-07-20,3.04,,,,,,,
JD하효,2014-07-21,3.01,,,,,,,
JD하효,2014-07-22,2.95,,,,,,,
JD하효,2014-07-23,2.93,,,,,,,
JD하효,2014-07-24,2.93,,,,,,,
JD하효,2014-07-25,2.94,,,,,,,
JD하효,2014-07-26,2.9,,,,,,,
JD하효,2014-07-27,2.89,,,,,,,
JD하효,2014-07-28,2.94,,,,,,,
JD하효,2014-07-29,2.95,,,,,,,
JD하효,2014-07-30,2.92,,,,,,,
JD하효,2014-07-31,2.95,,,,,,,
JD하효,2014-08-01,3.07,,,,,,,
JD하효,2014-08-02,3.51,,,,,,,
JD하효,2014-08-03,3.57,,,,,,,
JD하효,2014-08-04,3.44,,,,,,,
JD하효,2014-08-05,3.42,,,,,,,
JD하효,2014-08-06,3.38,,,,,,,
JD하효,2014-08-07,3.36,,,,,,,
JD하효,2014-08-08,3.4,,,,,,,
JD하효,2014-08-09,3.5,,,,,,,
JD하효,2014-08-10,3.47,,,,,,,
JD하효,2014-08-11,3.42,,,,,,,
JD하효,2014-08-12,3.47,,,,,,,
JD하효,2014-08-13,3.47,,,,,,,
JD하효,2014-08-14,3.48,,,,,,,
JD하효,2014-08-15,3.48,,,,,,,
JD하효,2014-08-16,3.43,,,,,,,
JD하효,2014-08-17,3.4,,,,,,,
JD하효,2014-08-18,3.4,,,,,,,
JD하효,2014-08-19,3.43,,,,,,,
JD하효,2014-08-20,3.7,,,,,,,
JD하효,2014-08-21,4.07,,,,,,,
JD하효,2014-08-22,3.96,,,,,,,
JD하효,2014-08-23,3.88,,,,,,,
JD하효,2014-08-24,4.09,,,,,,,
JD하효,2014-08-25,4.16,,,,,,,
JD하효,2014-08-26,4.08,,,,,,,
JD하효,2014-08-27,4.04,,,,,,,
JD하효,2014-08-28,4.03,,,,,,,
JD하효,2014-08-29,4.03,,,,,,,
JD하효,2014-08-30,4.1,,,,,,,
JD하효,2014-08-31,4.09,,,,,,,
JD하효,2014-09-01,4.07,,,,,,,
JD하효,2014-09-02,4.06,,,,,,,
JD하효,2014-09-03,4.03,,,,,,,
JD하효,2014-09-04,4.0,,,,,,,
JD하효,2014-09-05,3.97,,,,,,,
JD하효,2014-09-06,3.96,,,,,,,
JD하효,2014-09-07,3.96,,,,,,,
JD하효,2014-09-08,3.95,,,,,,,
JD하효,2014-09-09,3.94,,,,,,,
JD하효,2014-09-10,3.93,,,,,,,
JD하효,2014-09-11,3.9,,,,,,,
JD하효,2014-09-12,3.85,,,,,,,
JD하효,2014-09-13,3.83,,,,,,,
JD하효,2014-09-14,3.77,,,,,,,
JD하효,2014-09-15,3.7,,,,,,,
JD하효,2014-09-16,3.62,,,,,,,
JD하효,2014-09-17,3.58,,,,,,,
JD하효,2014-09-18,3.54,,,,,,,
JD하효,2014-09-19,3.52,,,,,,,
JD하효,2014-09-20,3.53,,,,,,,
JD하효,2014-09-21,3.5,,,,,,,
JD하효,2014-09-22,3.49,,,,,,,
JD하효,2014-09-23,3.53,,,,,,,
JD하효,2014-09-24,3.61,,,,,,,
JD하효,2014-09-25,3.55,,,,,,,
JD하효,2014-09-26,3.51,,,,,,,
JD하효,2014-09-27,3.44,,,,,,,
JD하효,2014-09-28,3.37,,,,,,,
JD하효,2014-09-29,3.33,,,,,,,
JD하효,2014-09-30,3.35,,,,,,,
JD하효,2014-10-01,3.34,,,,,,,
JD하효,2014-10-02,3.29,,,,,,,
JD하효,2014-10-03,3.23,,,,,,,
JD하효,2014-10-04,3.29,,,,,,,
JD하효,2014-10-05,3.39,,,,,,,
JD하효,2014-10-06,3.26,,,,,,,
JD하효,2014-10-07,3.21,,,,,,,
JD하효,2014-10-08,3.22,,,,,,,
JD하효,2014-10-09,3.24,,,,,,,
JD하효,2014-10-10,3.22,,,,,,,
JD하효,2014-10-11,3.28,,,,,,,
JD하효,2014-10-12,3.33,,,,,,,
JD하효,2014-10-13,3.37,,,,,,,
JD하효,2014-10-14,3.17,,,,,,,
JD하효,2014-10-15,3.09,,,,,,,
JD하효,2014-10-16,3.04,,,,,,,
JD하효,2014-10-17,2.99,,,,,,,
JD하효,2014-10-18,2.96,,,,,,,
JD하효,2014-10-19,2.94,,,,,,,
JD하효,2014-10-20,2.93,,,,,,,
JD하효,2014-10-21,2.99,,,,,,,
JD하효,2014-10-22,3.03,,,,,,,
JD하효,2014-10-23,3.0,,,,,,,
JD하효,2014-10-24,2.94,,,,,,,
JD하효,2014-10-25,2.92,,,,,,,
JD하효,2014-10-26,2.93,,,,,,,
JD하효,2014-10-27,2.91,,,,,,,
JD하효,2014-10-28,2.87,,,,,,,
JD하효,2014-10-29,2.81,,,,,,,
JD하효,2014-10-30,2.81,,,,,,,
JD하효,2014-10-31,2.82,,,,,,,
JD하효,2014-11-01,2.81,,,,,,,
JD하효,2014-11-02,2.78,,,,,,,
JD하효,2014-11-03,2.77,,,,,,,
JD하효,2014-11-04,2.77,,,,,,,
JD하효,2014-11-05,2.75,,,,,,,
JD하효,2014-11-06,2.75,,,,,,,
JD하효,2014-11-07,2.75,,,,,,,
JD하효,2014-11-08,2.74,,,,,,,
JD하효,2014-11-09,2.72,,,,,,,
JD하효,2014-11-10,2.7,,,,,,,
JD하효,2014-11-11,2.69,,,,,,,
JD하효,2014-11-12,2.61,,,,,,,
JD하효,2014-11-13,2.53,,,,,,,
JD하효,2014-11-14,2.48,,,,,,,
JD하효,2014-11-15,2.45,,,,,,,
JD하효,2014-11-16,2.44,,,,,,,
JD하효,2014-11-17,2.43,,,,,,,
JD하효,2014-11-18,2.44,,,,,,,
JD하효,2014-11-19,2.44,,,,,,,
JD하효,2014-11-20,2.44,,,,,,,
JD하효,2014-11-21,2.46,,,,,,,
JD하효,2014-11-22,2.47,,,,,,,
JD하효,2014-11-23,2.48,,,,,,,
JD하효,2014-11-24,2.52,,,,,,,
JD하효,2014-11-25,2.59,,,,,,,
JD하효,2014-11-26,2.59,,,,,,,
JD하효,2014-11-27,2.48,,,,,,,
JD하효,2014-11-28,2.45,,,,,,,
JD하효,2014-11-29,2.4,,,,,,,
JD하효,2014-11-30,2.46,,,,,,,
JD하효,2014-12-01,2.35,,,,,,,
JD하효,2014-12-02,2.3,,,,,,,
JD하효,2014-12-03,2.29,,,,,,,
JD하효,2014-12-04,2.28,,,,,,,
JD하효,2014-12-05,2.22,,,,,,,
JD하효,2014-12-06,2.22,,,,,,,
JD하효,2014-12-07,2.25,,,,,,,
JD하효,2014-12-08,2.26,,,,,,,
JD하효,2014-12-09,2.22,,,,,,,
JD하효,2014-12-10,2.23,,,,,,,
JD하효,2014-12-11,2.2,,,,,,,
JD하효,2014-12-12,2.17,,,,,,,
JD하효,2014-12-13,2.12,,,,,,,
JD하효,2014-12-14,2.11,,,,,,,
JD하효,2014-12-15,2.13,,,,,,,
JD하효,2014-12-16,2.09,,,,,,,
JD하효,2014-12-17,2.01,,,,,,,
JD하효,2014-12-18,2.06,,,,,,,
JD하효,2014-12-19,2.12,,,,,,,
JD하효,2014-12-20,2.09,,,,,,,
JD하효,2014-12-21,2.05,,,,,,,
JD하효,2014-12-22,2.04,,,,,,,
JD하효,2014-12-23,2.08,,,,,,,
JD하효,2014-12-24,2.09,,,,,,,
JD하효,2014-12-25,2.09,,,,,,,
JD하효,2014-12-26,2.08,,,,,,,
JD하효,2014-12-27,2.06,,,,,,,
JD하효,2014-12-28,2.04,,,,,,,
JD하효,2014-12-29,2.04,,,,,,,
JD하효,2014-12-30,2.03,,,,,,,
JD하효,2014-12-31,2.02,,,,,,,
JD하효,2015-01-01,1.96,,,,,,,
JD하효,2015-01-02,1.94,,,,,,,
JD하효,2015-01-03,1.99,,,,,,,
JD하효,2015-01-04,2.0,,,,,,,
JD하효,2015-01-05,2.04,,,,,,,
JD하효,2015-01-06,2.02,,,,,,,
JD하효,2015-01-07,1.98,,,,,,,
JD하효,2015-01-08,1.93,,,,,,,
JD하효,2015-01-09,1.91,,,,,,,
JD하효,2015-01-10,1.88,,,,,,,
JD하효,2015-01-11,1.85,,,,,,,
JD하효,2015-01-12,1.84,,,,,,,
JD하효,2015-01-13,1.83,,,,,,,
JD하효,2015-01-14,1.84,,,,,,,
JD하효,2015-01-15,1.89,,,,,,,
JD하효,2015-01-16,1.85,,,,,,,
JD하효,2015-01-17,1.8,,,,,,,
JD하효,2015-01-18,1.85,,,,,,,
JD하효,2015-01-19,1.85,,,,,,,
JD하효,2015-01-20,1.89,,,,,,,
JD하효,2015-01-21,1.94,,,,,,,
JD하효,2015-01-22,1.92,,,,,,,
JD하효,2015-01-23,1.9,,,,,,,
JD하효,2015-01-24,1.86,,,,,,,
JD하효,2015-01-25,1.86,,,,,,,
JD하효,2015-01-26,1.84,,,,,,,
JD하효,2015-01-27,1.79,,,,,,,
JD하효,2015-01-28,1.74,,,,,,,
JD하효,2015-01-29,1.74,,,,,,,
JD하효,2015-01-30,1.71,,,,,,,
JD하효,2015-01-31,1.67,,,,,,,
JD하효,2015-02-01,1.67,,,,,,,
JD하효,2015-02-02,1.68,,,,,,,
JD하효,2015-02-03,1.71,,,,,,,
JD하효,2015-02-04,1.72,,,,,,,
JD하효,2015-02-05,1.68,,,,,,,
JD하효,2015-02-06,1.7,,,,,,,
JD하효,2015-02-07,1.69,,,,,,,
JD하효,2015-02-08,1.64,,,,,,,
JD하효,2015-02-09,1.59,,,,,,,
JD하효,2015-02-10,1.58,,,,,,,
JD하효,2015-02-11,1.61,,,,,,,
JD하효,2015-02-12,1.63,,,,,,,
JD하효,2015-02-13,1.6,,,,,,,
JD하효,2015-02-14,1.58,,,,,,,
JD하효,2015-02-15,1.63,,,,,,,
JD하효,2015-02-16,1.83,,,,,,,
JD하효,2015-02-17,1.79,,,,,,,
JD하효,2015-02-18,1.75,,,,,,,
JD하효,2015-02-19,1.74,,,,,,,
JD하효,2015-02-20,1.75,,,,,,,
JD하효,2015-02-21,1.93,,,,,,,
JD하효,2015-02-22,2.06,,,,,,,
JD하효,2015-02-23,1.91,,,,,,,
JD하효,2015-02-24,1.83,,,,,,,
JD하효,2015-02-25,1.8,,,,,,,
JD하효,2015-02-26,1.75,,,,,,,
JD하효,2015-02-27,1.67,,,,,,,
JD하효,2015-02-28,1.69,,,,,,,
JD하효,2015-03-01,1.65,,,,,,,
JD하효,2015-03-02,1.64,,,,,,,
JD하효,2015-03-03,1.7,,,,,,,
JD하효,2015-03-04,1.64,,,,,,,
JD하효,2015-03-05,1.65,,,,,,,
JD하효,2015-03-06,1.68,,,,,,,
JD하효,2015-03-07,1.66,,,,,,,
JD하효,2015-03-08,1.65,,,,,,,
JD하효,2015-03-09,1.65,,,,,,,
JD하효,2015-03-10,1.54,,,,,,,
JD하효,2015-03-11,1.52,,,,,,,
JD하효,2015-03-12,1.53,,,,,,,
JD하효,2015-03-13,1.55,,,,,,,
JD하효,2015-03-14,1.54,,,,,,,
JD하효,2015-03-15,1.52,,,,,,,
JD하효,2015-03-16,1.53,,,,,,,
JD하효,2015-03-17,1.56,,,,,,,
JD하효,2015-03-18,1.8,,,,,,,
JD하효,2015-03-19,1.91,,,,,,,
JD하효,2015-03-20,1.86,,,,,,,
JD하효,2015-03-21,1.83,,,,,,,
JD하효,2015-03-22,1.8,,,,,,,
JD하효,2015-03-23,1.76,,,,,,,
JD하효,2015-03-24,1.71,,,,,,,
JD하효,2015-03-25,1.66,,,,,,,
JD하효,2015-03-26,1.6,,,,,,,
JD하효,2015-03-27,1.58,,,,,,,
JD하효,2015-03-28,1.61,,,,,,,
JD하효,2015-03-29,1.64,,,,,,,
JD하효,2015-03-30,1.67,,,,,,,
JD하효,2015-03-31,1.73,,,,,,,
JD하효,2015-04-01,1.81,,,,,,,
JD하효,2015-04-02,1.86,,,,,,,
JD하효,2015-04-03,1.89,,,,,,,
JD하효,2015-04-04,1.94,,,,,,,
JD하효,2015-04-05,1.94,,,,,,,
JD하효,2015-04-06,1.97,,,,,,,
JD하효,2015-04-07,1.93,,,,,,,
JD하효,2015-04-08,1.91,,,,,,,
JD하효,2015-04-09,1.88,,,,,,,
JD하효,2015-04-10,1.87,,,,,,,
JD하효,2015-04-11,1.85,,,,,,,
JD하효,2015-04-12,1.88,,,,,,,
JD하효,2015-04-13,1.96,,,,,,,
JD하효,2015-04-14,1.93,,,,,,,
JD하효,2015-04-15,1.94,,,,,,,
JD하효,2015-04-16,2.0,,,,,,,
JD하효,2015-04-17,2.01,,,,,,,
JD하효,2015-04-18,2.06,,,,,,,
JD하효,2015-04-19,2.33,,,,,,,
JD하효,2015-04-20,2.45,,,,,,,
JD하효,2015-04-21,2.33,,,,,,,
JD하효,2015-04-22,2.22,,,,,,,
JD하효,2015-04-23,2.13,,,,,,,
JD하효,2015-04-24,2.09,,,,,,,
JD하효,2015-04-25,2.07,,,,,,,
JD하효,2015-04-26,2.02,,,,,,,
JD하효,2015-04-27,2.01,,,,,,,
JD하효,2015-04-28,2.12,,,,,,,
JD하효,2015-04-29,2.2,,,,,,,
JD하효,2015-04-30,2.22,,,,,,,
JD하효,2015-05-01,2.22,,,,,,,
JD하효,2015-05-02,2.25,,,,,,,
JD하효,2015-05-03,3.11,,,,,,,
JD하효,2015-05-04,2.96,,,,,,,
JD하효,2015-05-05,2.78,,,,,,,
JD하효,2015-05-06,2.69,,,,,,,
JD하효,2015-05-07,2.64,,,,,,,
JD하효,2015-05-08,2.61,,,,,,,
JD하효,2015-05-09,2.6,,,,,,,
JD하효,2015-05-10,2.56,,,,,,,
JD하효,2015-05-11,2.75,,,,,,,
JD하효,2015-05-12,3.82,,,,,,,
JD하효,2015-05-13,3.49,,,,,,,
JD하효,2015-05-14,3.33,,,,,,,
JD하효,2015-05-15,3.25,,,,,,,
JD하효,2015-05-16,3.2,,,,,,,
JD하효,2015-05-17,3.15,,,,,,,
JD하효,2015-05-18,3.21,,,,,,,
JD하효,2015-05-19,3.24,,,,,,,
JD하효,2015-05-20,3.22,,,,,,,
JD하효,2015-05-21,3.17,,,,,,,
JD하효,2015-05-22,3.13,,,,,,,
JD하효,2015-05-23,3.13,,,,,,,
JD하효,2015-05-24,3.14,,,,,,,
JD하효,2015-05-25,3.12,,,,,,,
JD하효,2015-05-26,3.08,,,,,,,
JD하효,2015-05-27,3.07,,,,,,,
JD하효,2015-05-28,3.08,,,,,,,
JD하효,2015-05-29,3.04,,,,,,,
JD하효,2015-05-30,3.06,,,,,,,
JD하효,2015-05-31,3.05,,,,,,,
JD하효,2015-06-01,3.03,,,,,,,
JD하효,2015-06-02,3.04,,,,,,,
JD하효,2015-06-03,3.08,,,,,,,
JD하효,2015-06-04,3.05,,,,,,,
JD하효,2015-06-05,3.05,,,,,,,
JD하효,2015-06-06,3.02,,,,,,,
JD하효,2015-06-07,2.96,,,,,,,
JD하효,2015-06-08,2.94,,,,,,,
JD하효,2015-06-09,2.9,,,,,,,
JD하효,2015-06-10,2.86,,,,,,,
JD하효,2015-06-11,2.86,,,,,,,
JD하효,2015-06-12,2.81,,,,,,,
JD하효,2015-06-13,2.79,,,,,,,
JD하효,2015-06-14,2.8,,,,,,,
JD하효,2015-06-15,2.76,,,,,,,
JD하효,2015-06-16,2.76,,,,,,,
JD하효,2015-06-17,2.81,,,,,,,
JD하효,2015-06-18,2.87,,,,,,,
JD하효,2015-06-19,2.82,,,,,,,
JD하효,2015-06-20,2.74,,,,,,,
JD하효,2015-06-21,2.69,,,,,,,
JD하효,2015-06-22,2.67,,,,,,,
JD하효,2015-06-23,2.64,,,,,,,
JD하효,2015-06-24,2.66,,,,,,,
JD하효,2015-06-25,2.84,,,,,,,
JD하효,2015-06-26,2.9,,,,,,,
JD하효,2015-06-27,2.86,,,,,,,
JD하효,2015-06-28,2.81,,,,,,,
JD하효,2015-06-29,2.75,,,,,,,
JD하효,2015-06-30,2.83,,,,,,,
JD하효,2015-07-01,3.06,,,,,,,
JD하효,2015-07-02,2.98,,,,,,,
JD하효,2015-07-03,2.92,,,,,,,
JD하효,2015-07-04,2.86,,,,,,,
JD하효,2015-07-05,2.81,,,,,,,
JD하효,2015-07-06,2.78,,,,,,,
JD하효,2015-07-07,3.1,,,,,,,
JD하효,2015-07-08,3.79,,,,,,,
JD하효,2015-07-09,3.64,,,,,,,
JD하효,2015-07-10,3.44,,,,,,,
JD하효,2015-07-11,3.41,,,,,,,
JD하효,2015-07-12,4.05,,,,,,,
JD하효,2015-07-13,4.05,,,,,,,
JD하효,2015-07-14,3.85,,,,,,,
JD하효,2015-07-15,3.74,,,,,,,
JD하효,2015-07-16,3.69,,,,,,,
JD하효,2015-07-17,3.64,,,,,,,
JD하효,2015-07-18,3.54,,,,,,,
JD하효,2015-07-19,3.53,,,,,,,
JD하효,2015-07-20,3.52,,,,,,,
JD하효,2015-07-21,3.48,,,,,,,
JD하효,2015-07-22,3.49,,,,,,,
JD하효,2015-07-23,3.51,,,,,,,
JD하효,2015-07-24,3.5,,,,,,,
JD하효,2015-07-25,3.5,,,,,,,
JD하효,2015-07-26,3.5,,,,,,,
JD하효,2015-07-27,3.47,,,,,,,
JD하효,2015-07-28,3.43,,,,,,,
JD하효,2015-07-29,3.45,,,,,,,
JD하효,2015-07-30,3.41,,,,,,,
JD하효,2015-07-31,3.39,,,,,,,
JD하효,2015-08-01,3.39,,,,,,,
JD하효,2015-08-02,3.37,,,,,,,
JD하효,2015-08-03,3.37,,,,,,,
JD하효,2015-08-04,3.34,,,,,,,
JD하효,2015-08-05,3.31,,,,,,,
JD하효,2015-08-06,3.29,,,,,,,
JD하효,2015-08-07,3.26,,,,,,,
JD하효,2015-08-08,3.21,,,,,,,
JD하효,2015-08-09,3.2,,,,,,,
JD하효,2015-08-10,3.18,,,,,,,
JD하효,2015-08-11,3.19,,,,,,,
JD하효,2015-08-12,3.28,,,,,,,
JD하효,2015-08-13,3.22,,,,,,,
JD하효,2015-08-14,3.19,,,,,,,
JD하효,2015-08-15,3.15,,,,,,,
JD하효,2015-08-16,3.16,,,,,,,
JD하효,2015-08-17,3.16,,,,,,,
JD하효,2015-08-18,3.12,,,,,,,
JD하효,2015-08-19,3.1,,,,,,,
JD하효,2015-08-20,3.04,,,,,,,
JD하효,2015-08-21,3.04,,,,,,,
JD하효,2015-08-22,3.03,,,,,,,
JD하효,2015-08-23,3.04,,,,,,,
JD하효,2015-08-24,3.07,,,,,,,
JD하효,2015-08-25,3.19,,,,,,,
JD하효,2015-08-26,3.07,,,,,,,
JD하효,2015-08-27,3.0,,,,,,,
JD하효,2015-08-28,3.02,,,,,,,
JD하효,2015-08-29,3.01,,,,,,,
JD하효,2015-08-30,2.99,,,,,,,
JD하효,2015-08-31,3.01,,,,,,,
JD하효,2015-09-01,3.0,,,,,,,
JD하효,2015-09-02,2.94,,,,,,,
JD하효,2015-09-03,2.87,,,,,,,
JD하효,2015-09-04,2.82,,,,,,,
JD하효,2015-09-05,2.83,,,,,,,
JD하효,2015-09-06,2.88,,,,,,,
JD하효,2015-09-07,2.87,,,,,,,
JD하효,2015-09-08,2.83,,,,,,,
JD하효,2015-09-09,2.82,,,,,,,
JD하효,2015-09-10,2.79,,,,,,,
JD하효,2015-09-11,2.77,,,,,,,
JD하효,2015-09-12,2.76,,,,,,,
JD하효,2015-09-13,2.73,,,,,,,
JD하효,2015-09-14,2.72,,,,,,,
JD하효,2015-09-15,2.71,,,,,,,
JD하효,2015-09-16,2.72,,,,,,,
JD하효,2015-09-17,2.74,,,,,,,
JD하효,2015-09-18,2.71,,,,,,,
JD하효,2015-09-19,2.67,,,,,,,
JD하효,2015-09-20,2.64,,,,,,,
JD하효,2015-09-21,2.61,,,,,,,
JD하효,2015-09-22,2.58,,,,,,,
JD하효,2015-09-23,2.68,,,,,,,
JD하효,2015-09-24,2.9,,,,,,,
JD하효,2015-09-25,2.85,,,,,,,
JD하효,2015-09-26,2.8,,,,,,,
JD하효,2015-09-27,2.79,,,,,,,
JD하효,2015-09-28,2.79,,,,,,,
JD하효,2015-09-29,2.78,,,,,,,
JD하효,2015-09-30,2.81,,,,,,,
JD하효,2015-10-01,3.25,,,,,,,
JD하효,2015-10-02,3.08,,,,,,,
JD하효,2015-10-03,2.9,,,,,,,
JD하효,2015-10-04,2.76,,,,,,,
JD하효,2015-10-05,2.69,,,,,,,
JD하효,2015-10-06,2.64,,,,,,,
JD하효,2015-10-07,2.66,,,,,,,
JD하효,2015-10-08,2.66,,,,,,,
JD하효,2015-10-09,2.66,,,,,,,
JD하효,2015-10-10,2.69,,,,,,,
JD하효,2015-10-11,2.64,,,,,,,
JD하효,2015-10-12,2.61,,,,,,,
JD하효,2015-10-13,2.59,,,,,,,
JD하효,2015-10-14,2.59,,,,,,,
JD하효,2015-10-15,2.59,,,,,,,
JD하효,2015-10-16,2.58,,,,,,,
JD하효,2015-10-17,2.56,,,,,,,
JD하효,2015-10-18,2.54,,,,,,,
JD하효,2015-10-19,2.52,,,,,,,
JD하효,2015-10-20,2.51,,,,,,,
JD하효,2015-10-21,2.51,,,,,,,
JD하효,2015-10-22,2.51,,,,,,,
JD하효,2015-10-23,2.5,,,,,,,
JD하효,2015-10-24,2.48,,,,,,,
JD하효,2015-10-25,2.52,,,,,,,
JD하효,2015-10-26,2.58,,,,,,,
JD하효,2015-10-27,2.6,,,,,,,
JD하효,2015-10-28,2.61,,,,,,,
JD하효,2015-10-29,2.6,,,,,,,
JD하효,2015-10-30,2.59,,,,,,,
JD하효,2015-10-31,2.54,,,,,,,
JD하효,2015-11-01,2.48,,,,,,,
JD하효,2015-11-02,2.44,,,,,,,
JD하효,2015-11-03,2.39,,,,,,,
JD하효,2015-11-04,2.34,,,,,,,
JD하효,2015-11-05,2.31,,,,,,,
JD하효,2015-11-06,2.33,,,,,,,
JD하효,2015-11-07,2.42,,,,,,,
JD하효,2015-11-08,2.43,,,,,,,
JD하효,2015-11-09,2.44,,,,,,,
JD하효,2015-11-10,2.42,,,,,,,
JD하효,2015-11-11,2.42,,,,,,,
JD하효,2015-11-12,2.42,,,,,,,
JD하효,2015-11-13,2.59,,,,,,,
JD하효,2015-11-14,2.54,,,,,,,
JD하효,2015-11-15,2.43,,,,,,,
JD하효,2015-11-16,2.43,,,,,,,
JD하효,2015-11-17,2.41,,,,,,,
JD하효,2015-11-18,2.44,,,,,,,
JD하효,2015-11-19,2.43,,,,,,,
JD하효,2015-11-20,2.35,,,,,,,
JD하효,2015-11-21,2.33,,,,,,,
JD하효,2015-11-22,2.37,,,,,,,
JD하효,2015-11-23,2.35,,,,,,,
JD하효,2015-11-24,2.41,,,,,,,
JD하효,2015-11-25,2.46,,,,,,,
JD하효,2015-11-26,2.4,,,,,,,
JD하효,2015-11-27,2.37,,,,,,,
JD하효,2015-11-28,2.39,,,,,,,
JD하효,2015-11-30,2.4,,,,,,,
JD하효,2015-12-01,2.3,,,,,,,
JD하효,2015-12-02,2.3,,,,,,,
JD하효,2015-12-03,2.22,,,,,,,
JD하효,2015-12-04,2.13,,,,,,,
JD하효,2015-12-05,2.14,,,,,,,
JD하효,2015-12-06,2.16,,,,,,,
JD하효,2015-12-07,2.15,,,,,,,
JD하효,2015-12-08,2.13,,,,,,,
JD하효,2015-12-09,2.15,,,,,,,
JD하효,2015-12-10,2.26,,,,,,,
JD하효,2015-12-11,2.36,,,,,,,
JD하효,2015-12-12,2.38,,,,,,,
JD하효,2015-12-13,2.33,,,,,,,
JD하효,2015-12-14,2.33,,,,,,,
JD하효,2015-12-15,2.3,,,,,,,
JD하효,2015-12-16,2.25,,,,,,,
JD하효,2015-12-17,2.18,,,,,,,
JD하효,2015-12-18,2.16,,,,,,,
JD하효,2015-12-19,2.13,,,,,,,
JD하효,2015-12-20,2.13,,,,,,,
JD하효,2015-12-21,2.15,,,,,,,
JD하효,2015-12-22,2.18,,,,,,,
JD하효,2015-12-23,2.25,,,,,,,
JD하효,2015-12-24,2.25,,,,,,,
JD하효,2015-12-25,2.23,,,,,,,
JD하효,2015-12-26,2.2,,,,,,,
JD하효,2015-12-27,2.19,,,,,,,
JD하효,2015-12-28,2.14,,,,,,,
JD하효,2015-12-29,2.09,,,,,,,
JD하효,2015-12-30,2.07,,,,,,,
JD하효,2015-12-31,2.05,,,,,,,
JD하효,2016-01-01,2.01,,,,,,,
JD하효,2016-01-02,2.0,,,,,,,
JD하효,2016-01-03,2.02,,,,,,,
JD하효,2016-01-04,2.01,,,,,,,
JD하효,2016-01-05,2.01,,,,,,,
JD하효,2016-01-06,2.02,,,,,,,
JD하효,2016-01-07,1.98,,,,,,,
JD하효,2016-01-08,1.99,,,,,,,
JD하효,2016-01-09,2.02,,,,,,,
JD하효,2016-01-10,2.03,,,,,,,
JD하효,2016-01-11,2.05,,,,,,,
JD하효,2016-01-12,2.03,,,,,,,
JD하효,2016-01-13,2.01,,,,,,,
JD하효,2016-01-14,2.02,,,,,,,
JD하효,2016-01-15,2.02,,,,,,,
JD하효,2016-01-16,2.0,,,,,,,
JD하효,2016-01-17,2.03,,,,,,,
JD하효,2016-01-18,1.97,,,,,,,
JD하효,2016-01-19,1.87,,,,,,,
JD하효,2016-01-20,1.94,,,,,,,
JD하효,2016-01-21,1.95,,,,,,,
JD하효,2016-01-22,1.94,,,,,,,
JD하효,2016-01-23,1.9,,,,,,,
JD하효,2016-01-24,1.78,,,,,,,
JD하효,2016-01-25,1.81,,,,,,,
JD하효,2016-01-26,1.84,,,,,,,
JD하효,2016-01-27,1.83,,,,,,,
JD하효,2016-01-28,1.86,,,,,,,
JD하효,2016-01-29,1.96,,,,,,,
JD하효,2016-01-30,1.94,,,,,,,
JD하효,2016-01-31,1.82,,,,,,,
JD하효,2016-02-01,1.79,,,,,,,
JD하효,2016-02-02,1.76,,,,,,,
JD하효,2016-02-03,1.75,,,,,,,
JD하효,2016-02-04,1.74,,,,,,,
JD하효,2016-02-05,1.77,,,,,,,
JD하효,2016-02-06,1.78,,,,,,,
JD하효,2016-02-07,1.81,,,,,,,
JD하효,2016-02-08,1.84,,,,,,,
JD하효,2016-02-09,1.85,,,,,,,
JD하효,2016-02-10,1.87,,,,,,,
JD하효,2016-02-11,1.9,,,,,,,
JD하효,2016-02-12,2.01,,,,,,,
JD하효,2016-02-13,2.11,,,,,,,
JD하효,2016-02-14,2.04,,,,,,,
JD하효,2016-02-15,1.93,,,,,,,
JD하효,2016-02-16,1.87,,,,,,,
JD하효,2016-02-17,1.83,,,,,,,
JD하효,2016-02-18,1.81,,,,,,,
JD하효,2016-02-19,1.79,,,,,,,
JD하효,2016-02-20,1.83,,,,,,,
JD하효,2016-02-21,1.78,,,,,,,
JD하효,2016-02-22,1.83,,,,,,,
JD하효,2016-02-23,1.84,,,,,,,
JD하효,2016-02-24,1.81,,,,,,,
JD하효,2016-02-25,1.78,,,,,,,
JD하효,2016-02-26,1.79,,,,,,,
JD하효,2016-02-27,1.81,,,,,,,
JD하효,2016-02-28,1.84,,,,,,,
JD하효,2016-02-29,1.76,,,,,,,
JD하효,2016-03-01,1.76,,,,,,,
JD하효,2016-03-02,1.76,,,,,,,
JD하효,2016-03-03,1.78,,,,,,,
JD하효,2016-03-04,1.84,,,,,,,
JD하효,2016-03-05,1.92,,,,,,,
JD하효,2016-03-06,2.08,,,,,,,
JD하효,2016-03-07,2.09,,,,,,,
JD하효,2016-03-08,2.09,,,,,,,
JD하효,2016-03-09,2.17,,,,,,,
JD하효,2016-03-10,2.09,,,,,,,
JD하효,2016-03-11,2.05,,,,,,,
JD하효,2016-03-12,2.05,,,,,,,
JD하효,2016-03-13,2.06,,,,,,,
JD하효,2016-03-14,2.03,,,,,,,
JD하효,2016-03-15,1.98,,,,,,,
JD하효,2016-03-16,1.95,,,,,,,
JD하효,2016-03-17,1.95,,,,,,,
JD하효,2016-03-18,2.04,,,,,,,
JD하효,2016-03-19,2.05,,,,,,,
JD하효,2016-03-20,2.04,,,,,,,
JD하효,2016-03-21,2.03,,,,,,,
JD하효,2016-03-22,2.03,,,,,,,
JD하효,2016-03-23,2.09,,,,,,,
JD하효,2016-03-24,2.09,,,,,,,
JD하효,2016-03-25,2.08,,,,,,,
JD하효,2016-03-26,2.06,,,,,,,
JD하효,2016-03-27,2.03,,,,,,,
JD하효,2016-03-28,2.01,,,,,,,
JD하효,2016-03-29,2.01,,,,,,,
JD하효,2016-03-30,2.0,,,,,,,
JD하효,2016-03-31,2.01,,,,,,,
JD하효,2016-04-01,2.02,,,,,,,
JD하효,2016-04-02,2.01,,,,,,,
JD하효,2016-04-03,2.04,,,,,,,
JD하효,2016-04-04,2.1,,,,,,,
JD하효,2016-04-05,2.06,,,,,,,
JD하효,2016-04-06,2.11,,,,,,,
JD하효,2016-04-07,2.32,,,,,,,
JD하효,2016-04-08,2.31,,,,,,,
JD하효,2016-04-09,2.29,,,,,,,
JD하효,2016-04-10,2.3,,,,,,,
JD하효,2016-04-11,2.26,,,,,,,
JD하효,2016-04-12,2.22,,,,,,,
JD하효,2016-04-13,2.27,,,,,,,
JD하효,2016-04-14,2.23,,,,,,,
JD하효,2016-04-15,2.18,,,,,,,
JD하효,2016-04-16,2.22,,,,,,,
JD하효,2016-04-17,2.19,,,,,,,
JD하효,2016-04-18,2.18,,,,,,,
JD하효,2016-04-19,2.17,,,,,,,
JD하효,2016-04-20,2.1,,,,,,,
JD하효,2016-04-21,2.23,,,,,,,
JD하효,2016-04-22,2.25,,,,,,,
JD하효,2016-04-23,2.26,,,,,,,
JD하효,2016-04-24,2.28,,,,,,,
JD하효,2016-04-25,2.28,,,,,,,
JD하효,2016-04-26,2.27,,,,,,,
JD하효,2016-04-27,2.37,,,,,,,
JD하효,2016-04-28,2.37,,,,,,,
JD하효,2016-04-29,2.29,,,,,,,
JD하효,2016-04-30,2.24,,,,,,,
JD하효,2016-05-01,2.23,,,,,,,
JD하효,2016-05-02,2.26,,,,,,,
JD하효,2016-05-03,2.57,,,,,,,
JD하효,2016-05-04,2.54,,,,,,,
JD하효,2016-05-05,2.52,,,,,,,
JD하효,2016-05-06,2.71,,,,,,,
JD하효,2016-05-07,2.7,,,,,,,
JD하효,2016-05-08,2.66,,,,,,,
JD하효,2016-05-09,2.67,,,,,,,
JD하효,2016-05-10,2.73,,,,,,,
JD하효,2016-05-11,2.71,,,,,,,
JD하효,2016-05-12,2.65,,,,,,,
JD하효,2016-05-13,2.59,,,,,,,
JD하효,2016-05-14,2.56,,,,,,,
JD하효,2016-05-15,2.57,,,,,,,
JD하효,2016-05-16,2.57,,,,,,,
JD하효,2016-05-17,2.57,,,,,,,
JD하효,2016-05-18,2.56,,,,,,,
JD하효,2016-05-19,2.57,,,,,,,
JD하효,2016-05-20,2.58,,,,,,,
JD하효,2016-05-21,2.6,,,,,,,
JD하효,2016-05-22,2.63,,,,,,,
JD하효,2016-05-23,2.64,,,,,,,
JD하효,2016-05-24,2.68,,,,,,,
JD하효,2016-05-25,2.68,,,,,,,
JD하효,2016-05-26,2.67,,,,,,,
JD하효,2016-05-27,2.66,,,,,,,
JD하효,2016-05-28,2.66,,,,,,,
JD하효,2016-05-29,2.68,,,,,,,
JD하효,2016-05-30,2.66,,,,,,,
JD하효,2016-05-31,2.64,,,,,,,
JD하효,2016-06-01,2.67,,,,,,,
JD하효,2016-06-02,2.69,,,,,,,
JD하효,2016-06-03,2.68,,,,,,,
JD하효,2016-06-04,2.75,,,,,,,
JD하효,2016-06-05,2.79,,,,,,,
JD하효,2016-06-06,2.78,,,,,,,
JD하효,2016-06-07,2.72,,,,,,,
JD하효,2016-06-08,2.72,,,,,,,
JD하효,2016-06-09,2.7,,,,,,,
JD하효,2016-06-10,2.65,,,,,,,
JD하효,2016-06-11,2.61,,,,,,,
JD하효,2016-06-12,2.6,,,,,,,
JD하효,2016-06-13,2.6,,,,,,,
JD하효,2016-06-14,2.59,,,,,,,
JD하효,2016-06-15,2.57,,,,,,,
JD하효,2016-06-16,2.57,,,,,,,
JD하효,2016-06-17,2.52,,,,,,,
JD하효,2016-06-18,2.54,,,,,,,
JD하효,2016-06-19,2.54,,,,,,,
JD하효,2016-06-20,2.55,,,,,,,
JD하효,2016-06-21,2.57,,,,,,,
JD하효,2016-06-22,2.88,,,,,,,
JD하효,2016-06-23,2.95,,,,,,,
JD하효,2016-06-24,2.83,,,,,,,
JD하효,2016-06-25,2.7,,,,,,,
JD하효,2016-06-26,2.62,,,,,,,
JD하효,2016-06-27,2.6,,,,,,,
JD하효,2016-06-28,2.63,,,,,,,
JD하효,2016-06-29,2.72,,,,,,,
JD하효,2016-06-30,2.7,,,,,,,
JD하효,2016-07-01,2.67,,,,,,,
JD하효,2016-07-02,2.66,,,,,,,
JD하효,2016-07-03,2.68,,,,,,,
JD하효,2016-07-04,2.71,,,,,,,
JD하효,2016-07-05,2.71,,,,,,,
JD하효,2016-07-06,2.64,,,,,,,
JD하효,2016-07-07,2.61,,,,,,,
JD하효,2016-07-08,2.64,,,,,,,
JD하효,2016-07-09,2.63,,,,,,,
JD하효,2016-07-10,2.61,,,,,,,
JD하효,2016-07-11,2.66,,,,,,,
JD하효,2016-07-12,2.85,,,,,,,
JD하효,2016-07-13,3.49,,,,,,,
JD하효,2016-07-14,3.33,,,,,,,
JD하효,2016-07-15,3.18,,,,,,,
JD하효,2016-07-16,3.1,,,,,,,
JD하효,2016-07-17,2.98,,,,,,,
JD하효,2016-07-18,2.94,,,,,,,
JD하효,2016-07-19,2.93,,,,,,,
JD하효,2016-07-20,2.92,,,,,,,
JD하효,2016-07-21,2.91,,,,,,,
JD하효,2016-07-22,2.9,,,,,,,
JD하효,2016-07-23,2.89,,,,,,,
JD하효,2016-07-24,2.86,,,,,,,
JD하효,2016-07-25,2.83,,,,,,,
JD하효,2016-07-26,2.82,,,,,,,
JD하효,2016-07-27,2.8,,,,,,,
JD하효,2016-07-28,2.79,,,,,,,
JD하효,2016-07-29,2.77,,,,,,,
JD하효,2016-07-30,2.77,,,,,,,
JD하효,2016-07-31,2.77,,,,,,,
JD하효,2016-08-01,2.78,,,,,,,
JD하효,2016-08-02,2.79,,,,,,,
JD하효,2016-08-03,2.79,,,,,,,
JD하효,2016-08-04,2.84,,,,,,,
JD하효,2016-08-05,2.87,,,,,,,
JD하효,2016-08-06,2.85,,,,,,,
JD하효,2016-08-07,2.82,,,,,,,
JD하효,2016-08-08,2.8,,,,,,,
JD하효,2016-08-09,2.78,,,,,,,
JD하효,2016-08-10,2.74,,,,,,,
JD하효,2016-08-11,2.7,,,,,,,
JD하효,2016-08-12,2.68,,,,,,,
JD하효,2016-08-13,2.68,,,,,,,
JD하효,2016-08-14,2.68,,,,,,,
JD하효,2016-08-15,2.69,,,,,,,
JD하효,2016-08-16,2.71,,,,,,,
JD하효,2016-08-17,2.73,,,,,,,
JD하효,2016-08-18,2.72,,,,,,,
JD하효,2016-08-19,2.74,,,,,,,
JD하효,2016-08-20,2.73,,,,,,,
JD하효,2016-08-21,2.76,,,,,,,
JD하효,2016-08-22,2.74,,,,,,,
JD하효,2016-08-23,2.7,,,,,,,
JD하효,2016-08-24,2.68,,,,,,,
JD하효,2016-08-25,2.64,,,,,,,
JD하효,2016-08-26,2.61,,,,,,,
JD하효,2016-08-27,2.65,,,,,,,
JD하효,2016-08-28,2.67,,,,,,,
JD하효,2016-08-29,2.65,,,,,,,
JD하효,2016-08-30,2.62,,,,,,,
JD하효,2016-08-31,2.6,,,,,,,
JD하효,2016-09-01,2.63,,,,,,,
JD하효,2016-09-02,2.7,,,,,,,
JD하효,2016-09-03,2.66,,,,,,,
JD하효,2016-09-04,2.62,,,,,,,
JD하효,2016-09-05,2.57,,,,,,,
JD하효,2016-09-06,2.53,,,,,,,
JD하효,2016-09-07,2.52,,,,,,,
JD하효,2016-09-08,2.5,,,,,,,
JD하효,2016-09-09,2.46,,,,,,,
JD하효,2016-09-10,2.43,,,,,,,
JD하효,2016-09-11,2.4,,,,,,,
JD하효,2016-09-12,2.4,,,,,,,
JD하효,2016-09-13,2.37,,,,,,,
JD하효,2016-09-14,2.36,,,,,,,
JD하효,2016-09-15,2.39,,,,,,,
JD하효,2016-09-16,2.42,,,,,,,
JD하효,2016-09-17,2.48,,,,,,,
JD하효,2016-09-18,2.5,,,,,,,
JD하효,2016-09-19,2.55,,,,,,,
JD하효,2016-09-20,2.53,,,,,,,
JD하효,2016-09-21,2.4,,,,,,,
JD하효,2016-09-22,2.33,,,,,,,
JD하효,2016-09-23,2.28,,,,,,,
JD하효,2016-09-24,2.25,,,,,,,
JD하효,2016-09-25,2.23,,,,,,,
JD하효,2016-09-26,2.24,,,,,,,
JD하효,2016-09-27,2.25,,,,,,,
JD하효,2016-09-28,2.35,,,,,,,
JD하효,2016-09-29,2.41,,,,,,,
JD하효,2016-09-30,2.4,,,,,,,
JD하효,2016-10-01,2.3,,,,,,,
JD하효,2016-10-02,2.2,,,,,,,
JD하효,2016-10-03,2.17,,,,,,,
JD하효,2016-10-04,2.19,,,,,,,
JD하효,2016-10-05,3.61,,,,,,,
JD하효,2016-10-06,2.7,,,,,,,
JD하효,2016-10-07,2.13,,,,,,,
JD하효,2016-10-08,1.92,,,,,,,
JD하효,2016-10-09,2.78,,,,,,,
JD하효,2016-10-10,2.72,,,,,,,
JD하효,2016-10-11,2.66,,,,,,,
JD하효,2016-10-12,2.63,,,,,,,
JD하효,2016-10-13,2.6,,,,,,,
JD하효,2016-10-14,2.6,,,,,,,
JD하효,2016-10-15,2.65,,,,,,,
JD하효,2016-10-16,2.65,,,,,,,
JD하효,2016-10-17,2.65,,,,,,,
JD하효,2016-10-18,2.72,,,,,,,
JD하효,2016-10-19,2.72,,,,,,,
JD하효,2016-10-20,2.66,,,,,,,
JD하효,2016-10-21,2.65,,,,,,,
JD하효,2016-10-22,2.66,,,,,,,
JD하효,2016-10-23,2.65,,,,,,,
JD하효,2016-10-24,2.63,,,,,,,
JD하효,2016-10-25,2.51,,,,,,,
JD하효,2016-10-26,2.52,,,,,,,
JD하효,2016-10-27,2.58,,,,,,,
JD하효,2016-10-28,2.52,,,,,,,
JD하효,2016-10-29,2.54,,,,,,,
JD하효,2016-10-30,2.56,,,,,,,
JD하효,2016-10-31,2.52,,,,,,,
JD하효,2016-11-01,2.53,,,,,,,
JD하효,2016-11-02,2.51,,,,,,,
JD하효,2016-11-03,2.48,,,,,,,
JD하효,2016-11-04,2.44,,,,,,,
JD하효,2016-11-05,2.4,,,,,,,
JD하효,2016-11-06,2.46,,,,,,,
JD하효,2016-11-07,2.47,,,,,,,
JD하효,2016-11-08,2.37,,,,,,,
JD하효,2016-11-09,2.38,,,,,,,
JD하효,2016-11-10,2.35,,,,,,,
JD하효,2016-11-11,2.36,,,,,,,
JD하효,2016-11-12,2.42,,,,,,,
JD하효,2016-11-13,2.44,,,,,,,
JD하효,2016-11-14,2.43,,,,,,,
JD하효,2016-11-15,2.44,,,,,,,
JD하효,2016-11-16,2.47,,,,,,,
JD하효,2016-11-17,2.47,,,,,,,
JD하효,2016-11-18,2.41,,,,,,,
JD하효,2016-11-19,2.34,,,,,,,
JD하효,2016-11-20,2.34,,,,,,,
JD하효,2016-11-21,2.32,,,,,,,
JD하효,2016-11-22,2.27,,,,,,,
JD하효,2016-11-23,2.26,,,,,,,
JD하효,2016-11-24,2.24,,,,,,,
JD하효,2016-11-25,2.25,,,,,,,
JD하효,2016-11-26,2.24,,,,,,,
JD하효,2016-11-27,2.24,,,,,,,
JD하효,2016-11-28,2.29,,,,,,,
JD하효,2016-11-29,2.27,,,,,,,
JD하효,2016-11-30,2.19,,,,,,,
JD하효,2016-12-01,2.12,,,,,,,
JD하효,2016-12-02,2.13,,,,,,,
JD하효,2016-12-03,2.09,,,,,,,
JD하효,2016-12-04,2.02,,,,,,,
JD하효,2016-12-05,2.02,,,,,,,
JD하효,2016-12-06,2.05,,,,,,,
JD하효,2016-12-07,2.02,,,,,,,
JD하효,2016-12-08,1.98,,,,,,,
JD하효,2016-12-09,1.93,,,,,,,
JD하효,2016-12-10,1.99,,,,,,,
JD하효,2016-12-11,2.02,,,,,,,
JD하효,2016-12-12,2.03,,,,,,,
JD하효,2016-12-13,2.01,,,,,,,
JD하효,2016-12-14,2.02,,,,,,,
JD하효,2016-12-15,2.02,,,,,,,
JD하효,2016-12-16,2.01,,,,,,,
JD하효,2016-12-17,2.01,,,,,,,
JD하효,2016-12-18,1.96,,,,,,,
JD하효,2016-12-19,1.89,,,,,,,
JD하효,2016-12-20,1.88,,,,,,,
JD하효,2016-12-21,1.89,,,,,,,
JD하효,2016-12-22,1.8,,,,,,,
JD하효,2016-12-23,1.81,,,,,,,
JD하효,2016-12-24,1.91,,,,,,,
JD하효,2016-12-25,1.89,,,,,,,
JD하효,2016-12-26,1.84,,,,,,,
JD하효,2016-12-27,1.85,,,,,,,
JD하효,2016-12-28,1.91,,,,,,,
JD하효,2016-12-29,1.88,,,,,,,
JD하효,2016-12-30,1.91,,,,,,,
JD하효,2016-12-31,1.88,,,,,,,
JD하효,2017-01-01,1.86,,,,,,,
JD하효,2017-01-02,1.81,,,,,,,
JD하효,2017-01-03,1.81,,,,,,,
JD하효,2017-01-04,1.81,,,,,,,
JD하효,2017-01-05,1.83,,,,,,,
JD하효,2017-01-06,1.86,,,,,,,
JD하효,2017-01-07,1.77,,,,,,,
JD하효,2017-01-08,1.76,,,,,,,
JD하효,2017-01-09,1.74,,,,,,,
JD하효,2017-01-10,1.78,,,,,,,
JD하효,2017-01-11,1.8,,,,,,,
JD하효,2017-01-12,1.76,,,,,,,
JD하효,2017-01-13,1.75,,,,,,,
JD하효,2017-01-14,1.8,,,,,,,
JD하효,2017-01-15,1.83,,,,,,,
JD하효,2017-01-16,1.83,,,,,,,
JD하효,2017-01-17,1.85,,,,,,,
JD하효,2017-01-18,1.77,,,,,,,
JD하효,2017-01-19,1.71,,,,,,,
JD하효,2017-01-20,1.63,,,,,,,
JD하효,2017-01-21,1.68,,,,,,,
JD하효,2017-01-22,1.63,,,,,,,
JD하효,2017-01-23,1.66,,,,,,,
JD하효,2017-01-24,1.7,,,,,,,
JD하효,2017-01-25,1.71,,,,,,,
JD하효,2017-01-26,1.7,,,,,,,
JD하효,2017-01-27,1.67,,,,,,,
JD하효,2017-01-28,1.7,,,,,,,
JD하효,2017-01-29,1.66,,,,,,,
JD하효,2017-01-30,1.66,,,,,,,
JD하효,2017-01-31,1.71,,,,,,,
JD하효,2017-02-01,1.67,,,,,,,
JD하효,2017-02-02,1.66,,,,,,,
JD하효,2017-02-03,1.63,,,,,,,
JD하효,2017-02-04,1.6,,,,,,,
JD하효,2017-02-05,1.54,,,,,,,
JD하효,2017-02-06,1.55,,,,,,,
JD하효,2017-02-07,1.61,,,,,,,
JD하효,2017-02-08,1.6,,,,,,,
JD하효,2017-02-09,1.56,,,,,,,
JD하효,2017-02-10,1.57,,,,,,,
JD하효,2017-02-11,1.63,,,,,,,
JD하효,2017-02-12,1.68,,,,,,,
JD하효,2017-02-13,1.72,,,,,,,
JD하효,2017-02-14,1.69,,,,,,,
JD하효,2017-02-15,1.64,,,,,,,
JD하효,2017-02-16,1.55,,,,,,,
JD하효,2017-02-17,1.51,,,,,,,
JD하효,2017-02-18,1.53,,,,,,,
JD하효,2017-02-19,1.48,,,,,,,
JD하효,2017-02-20,1.43,,,,,,,
JD하효,2017-02-21,1.59,,,,,,,
JD하효,2017-02-22,1.58,,,,,,,
JD하효,2017-02-23,1.56,,,,,,,
JD하효,2017-02-24,1.62,,,,,,,
JD하효,2017-02-25,1.63,,,,,,,
JD하효,2017-02-26,1.65,,,,,,,
JD하효,2017-02-27,1.67,,,,,,,
JD하효,2017-02-28,1.65,,,,,,,
JD하효,2017-03-01,1.58,,,,,,,
JD하효,2017-03-02,1.52,,,,,,,
JD하효,2017-03-03,1.57,,,,,,,
JD하효,2017-03-04,1.55,,,,,,,
JD하효,2017-03-05,1.51,,,,,,,
JD하효,2017-03-06,1.45,,,,,,,
JD하효,2017-03-07,1.47,,,,,,,
JD하효,2017-03-08,1.45,,,,,,,
JD하효,2017-03-09,1.45,,,,,,,
JD하효,2017-03-10,1.51,,,,,,,
JD하효,2017-03-11,1.58,,,,,,,
JD하효,2017-03-12,1.55,,,,,,,
JD하효,2017-03-13,1.52,,,,,,,
JD하효,2017-03-14,1.52,,,,,,,
JD하효,2017-03-15,1.55,,,,,,,
JD하효,2017-03-16,1.53,,,,,,,
JD하효,2017-03-17,1.52,,,,,,,
JD하효,2017-03-18,1.5,,,,,,,
JD하효,2017-03-19,1.49,,,,,,,
JD하효,2017-03-20,1.48,,,,,,,
JD하효,2017-03-21,1.45,,,,,,,
JD하효,2017-03-22,1.47,,,,,,,
JD하효,2017-03-23,1.46,,,,,,,
JD하효,2017-03-24,1.47,,,,,,,
JD하효,2017-03-25,1.47,,,,,,,
JD하효,2017-03-26,1.49,,,,,,,
JD하효,2017-03-27,1.5,,,,,,,
JD하효,2017-03-28,1.54,,,,,,,
JD하효,2017-03-29,1.53,,,,,,,
JD하효,2017-03-30,1.54,,,,,,,
JD하효,2017-03-31,1.56,,,,,,,
JD하효,2017-04-01,1.53,,,,,,,
JD하효,2017-04-02,1.51,,,,,,,
JD하효,2017-04-03,1.51,,,,,,,
JD하효,2017-04-04,1.49,,,,,,,
JD하효,2017-04-05,1.45,,,,,,,
JD하효,2017-04-06,1.7,,,,,,,
JD하효,2017-04-07,1.86,,,,,,,
JD하효,2017-04-08,1.72,,,,,,,
JD하효,2017-04-09,1.66,,,,,,,
JD하효,2017-04-10,1.65,,,,,,,
JD하효,2017-04-11,1.59,,,,,,,
JD하효,2017-04-12,1.6,,,,,,,
JD하효,2017-04-13,1.59,,,,,,,
JD하효,2017-04-14,1.54,,,,,,,
JD하효,2017-04-15,1.52,,,,,,,
JD하효,2017-04-16,1.51,,,,,,,
JD하효,2017-04-17,1.49,,,,,,,
JD하효,2017-04-18,1.48,,,,,,,
JD하효,2017-04-19,1.57,,,,,,,
JD하효,2017-04-20,1.64,,,,,,,
JD하효,2017-04-21,1.6,,,,,,,
JD하효,2017-04-22,1.6,,,,,,,
JD하효,2017-04-23,1.64,,,,,,,
JD하효,2017-04-24,1.66,,,,,,,
JD하효,2017-04-25,1.67,,,,,,,
JD하효,2017-04-26,1.68,,,,,,,
JD하효,2017-04-27,1.69,,,,,,,
JD하효,2017-04-28,1.66,,,,,,,
JD하효,2017-04-29,1.65,,,,,,,
JD하효,2017-04-30,1.66,,,,,,,
JD하효,2017-05-01,1.68,,,,,,,
JD하효,2017-05-02,1.69,,,,,,,
JD하효,2017-05-03,1.63,,,,,,,
JD하효,2017-05-04,1.58,,,,,,,
JD하효,2017-05-05,1.59,,,,,,,
JD하효,2017-05-06,1.48,,,,,,,
JD하효,2017-05-07,1.47,,,,,,,
JD하효,2017-05-08,1.47,,,,,,,
JD하효,2017-05-09,1.52,,,,,,,
JD하효,2017-05-10,1.51,,,,,,,
JD하효,2017-05-11,1.51,,,,,,,
JD하효,2017-05-12,1.54,,,,,,,
JD하효,2017-05-13,1.57,,,,,,,
JD하효,2017-05-14,1.55,,,,,,,
JD하효,2017-05-15,1.54,,,,,,,
JD하효,2017-05-16,1.5,,,,,,,
JD하효,2017-05-17,1.49,,,,,,,
JD하효,2017-05-18,1.5,,,,,,,
JD하효,2017-05-19,1.46,,,,,,,
JD하효,2017-05-20,1.43,,,,,,,
JD하효,2017-05-21,1.44,,,,,,,
JD하효,2017-05-22,1.46,,,,,,,
JD하효,2017-05-23,1.48,,,,,,,
JD하효,2017-05-24,1.5,,,,,,,
JD하효,2017-05-25,1.52,,,,,,,
JD하효,2017-05-26,1.54,,,,,,,
JD하효,2017-05-27,1.58,,,,,,,
JD하효,2017-05-28,1.58,,,,,,,
JD하효,2017-05-29,1.54,,,,,,,
JD하효,2017-05-30,1.49,,,,,,,
JD하효,2017-05-31,1.44,,,,,,,
JD하효,2017-06-01,1.48,,,,,,,
JD하효,2017-06-02,1.61,,,,,,,
JD하효,2017-06-03,1.64,,,,,,,
JD하효,2017-06-04,1.64,,,,,,,
JD하효,2017-06-05,1.67,,,,,,,
JD하효,2017-06-06,1.75,,,,,,,
JD하효,2017-06-07,2.06,,,,,,,
JD하효,2017-06-08,1.9,,,,,,,
JD하효,2017-06-09,1.79,,,,,,,
JD하효,2017-06-10,1.74,,,,,,,
JD하효,2017-06-11,1.77,,,,,,,
JD하효,2017-06-12,1.75,,,,,,,
JD하효,2017-06-13,1.71,,,,,,,
JD하효,2017-06-14,1.67,,,,,,,
JD하효,2017-06-15,1.65,,,,,,,
JD하효,2017-06-16,1.66,,,,,,,
JD하효,2017-06-17,1.67,,,,,,,
JD하효,2017-06-18,1.65,,,,,,,
JD하효,2017-06-19,1.63,,,,,,,
JD하효,2017-06-20,1.72,,,,,,,
JD하효,2017-06-21,1.8,,,,,,,
JD하효,2017-06-22,1.75,,,,,,,
JD하효,2017-06-23,1.77,,,,,,,
JD하효,2017-06-24,1.81,,,,,,,
JD하효,2017-06-25,1.84,,,,,,,
JD하효,2017-06-26,1.85,,,,,,,
JD하효,2017-06-27,1.82,,,,,,,
JD하효,2017-06-28,1.76,,,,,,,
JD하효,2017-06-29,1.8,,,,,,,
JD하효,2017-06-30,1.78,,,,,,,
JD하효,2017-07-01,1.71,,,,,,,
JD하효,2017-07-02,1.7,,,,,,,
JD하효,2017-07-03,1.68,,,,,,,
JD하효,2017-07-04,1.7,,,,,,,
JD하효,2017-07-05,1.68,,,,,,,
JD하효,2017-07-06,1.67,,,,,,,
JD하효,2017-07-07,1.67,,,,,,,
JD하효,2017-07-08,1.68,,,,,,,
JD하효,2017-07-09,1.7,,,,,,,
JD하효,2017-07-10,1.74,,,,,,,
JD하효,2017-07-11,1.76,,,,,,,
JD하효,2017-07-12,1.77,,,,,,,
JD하효,2017-07-13,1.74,,,,,,,
JD하효,2017-07-14,1.71,,,,,,,
JD하효,2017-07-15,1.68,,,,,,,
JD하효,2017-07-16,1.64,,,,,,,
JD하효,2017-07-17,1.62,,,,,,,
JD하효,2017-07-18,1.63,,,,,,,
JD하효,2017-07-19,1.67,,,,,,,
JD하효,2017-07-20,1.69,,,,,,,
JD하효,2017-07-21,1.67,,,,,,,
JD하효,2017-07-22,1.68,,,,,,,
JD하효,2017-07-23,1.71,,,,,,,
JD하효,2017-07-24,1.75,,,,,,,
JD하효,2017-07-25,1.77,,,,,,,
JD하효,2017-07-26,1.81,,,,,,,
JD하효,2017-07-27,1.78,,,,,,,
JD하효,2017-07-28,1.71,,,,,,,
JD하효,2017-07-29,1.68,,,,,,,
JD하효,2017-07-30,1.69,,,,,,,
JD하효,2017-07-31,1.68,,,,,,,
JD하효,2017-08-01,1.66,,,,,,,
JD하효,2017-08-02,1.65,,,,,,,
JD하효,2017-08-03,1.68,,,,,,,
JD하효,2017-08-04,1.68,,,,,,,
JD하효,2017-08-05,1.7,,,,,,,
JD하효,2017-08-06,1.71,,,,,,,
JD하효,2017-08-07,1.72,,,,,,,
JD하효,2017-08-08,1.71,,,,,,,
JD하효,2017-08-09,1.75,,,,,,,
JD하효,2017-08-10,1.76,,,,,,,
JD하효,2017-08-11,1.76,,,,,,,
JD하효,2017-08-12,1.72,,,,,,,
JD하효,2017-08-13,1.69,,,,,,,
JD하효,2017-08-14,1.86,,,,,,,
JD하효,2017-08-15,1.79,,,,,,,
JD하효,2017-08-16,1.74,,,,,,,
JD하효,2017-08-17,1.73,,,,,,,
JD하효,2017-08-18,1.71,,,,,,,
JD하효,2017-08-19,1.74,,,,,,,
JD하효,2017-08-20,1.84,,,,,,,
JD하효,2017-08-21,1.88,,,,,,,
JD하효,2017-08-22,1.86,,,,,,,
JD하효,2017-08-23,1.84,,,,,,,
JD하효,2017-08-24,1.82,,,,,,,
JD하효,2017-08-25,1.81,,,,,,,
JD하효,2017-08-26,1.8,,,,,,,
JD하효,2017-08-27,1.77,,,,,,,
JD하효,2017-08-28,1.73,,,,,,,
JD하효,2017-08-29,1.69,,,,,,,
JD하효,2017-08-30,1.71,,,,,,,
JD하효,2017-08-31,1.75,,,,,,,
JD하효,2017-09-01,1.78,,,,,,,
JD하효,2017-09-02,1.8,,,,,,,
JD하효,2017-09-03,1.81,,,,,,,
JD하효,2017-09-04,1.85,,,,,,,
JD하효,2017-09-05,1.96,,,,,,,
JD하효,2017-09-06,1.93,,,,,,,
JD하효,2017-09-07,1.98,,,,,,,
JD하효,2017-09-08,2.02,,,,,,,
JD하효,2017-09-09,2.02,,,,,,,
JD하효,2017-09-10,2.01,,,,,,,
JD하효,2017-09-11,2.05,,,,,,,
JD하효,2017-09-12,2.01,,,,,,,
JD하효,2017-09-13,1.99,,,,,,,
JD하효,2017-09-14,1.99,,,,,,,
JD하효,2017-09-15,2.08,,,,,,,
JD하효,2017-09-16,2.11,,,,,,,
JD하효,2017-09-17,2.08,,,,,,,
JD하효,2017-09-18,1.99,,,,,,,
JD하효,2017-09-19,2.02,,,,,,,
JD하효,2017-09-20,2.03,,,,,,,
JD하효,2017-09-21,2.05,,,,,,,
JD하효,2017-09-22,2.05,,,,,,,
JD하효,2017-09-23,2.0,,,,,,,
JD하효,2017-09-24,1.96,,,,,,,
JD하효,2017-09-25,1.93,,,,,,,
JD하효,2017-09-26,1.94,,,,,,,
JD하효,2017-09-27,1.98,,,,,,,
JD하효,2017-09-28,1.91,,,,,,,
JD하효,2017-09-29,1.85,,,,,,,
JD하효,2017-09-30,1.81,,,,,,,
JD하효,2017-10-01,1.92,,,,,,,
JD하효,2017-10-02,2.86,,,,,,,
JD하효,2017-10-03,2.65,,,,,,,
JD하효,2017-10-04,2.41,,,,,,,
JD하효,2017-10-05,2.38,,,,,,,
JD하효,2017-10-06,2.57,,,,,,,
JD하효,2017-10-07,2.58,,,,,,,
JD하효,2017-10-08,2.55,,,,,,,
JD하효,2017-10-09,2.51,,,,,,,
JD하효,2017-10-10,2.47,,,,,,,
JD하효,2017-10-11,2.46,,,,,,,
JD하효,2017-10-12,2.42,,,,,,,
JD하효,2017-10-13,2.41,,,,,,,
JD하효,2017-10-14,2.39,,,,,,,
JD하효,2017-10-15,2.44,,,,,,,
JD하효,2017-10-16,2.47,,,,,,,
JD하효,2017-10-17,2.48,,,,,,,
JD하효,2017-10-18,2.53,,,,,,,
JD하효,2017-10-19,2.54,,,,,,,
JD하효,2017-10-20,2.57,,,,,,,
JD하효,2017-10-21,2.63,,,,,,,
JD하효,2017-10-22,2.73,,,,,,,
JD하효,2017-10-23,2.68,,,,,,,
JD하효,2017-10-24,2.54,,,,,,,
JD하효,2017-10-25,2.47,,,,,,,
JD하효,2017-10-26,2.45,,,,,,,
JD하효,2017-10-27,2.43,,,,,,,
JD하효,2017-10-28,2.46,,,,,,,
JD하효,2017-10-29,2.43,,,,,,,
JD하효,2017-10-30,2.35,,,,,,,
JD하효,2017-10-31,2.36,,,,,,,
JD하효,2017-11-01,2.38,,,,,,,
JD하효,2017-11-02,2.41,,,,,,,
JD하효,2017-11-03,2.43,,,,,,,
JD하효,2017-11-04,2.4,,,,,,,
JD하효,2017-11-05,2.39,,,,,,,
JD하효,2017-11-06,2.38,,,,,,,
JD하효,2017-11-07,2.37,,,,,,,
JD하효,2017-11-08,2.35,,,,,,,
JD하효,2017-11-09,2.31,,,,,,,
JD하효,2017-11-10,2.28,,,,,,,
JD하효,2017-11-11,2.2,,,,,,,
JD하효,2017-11-12,2.18,,,,,,,
JD하효,2017-11-13,2.17,,,,,,,
JD하효,2017-11-14,2.15,,,,,,,
JD하효,2017-11-15,2.12,,,,,,,
JD하효,2017-11-16,2.09,,,,,,,
JD하효,2017-11-17,2.12,,,,,,,
JD하효,2017-11-18,2.11,,,,,,,
JD하효,2017-11-19,2.03,,,,,,,
JD하효,2017-11-20,2.03,,,,,,,
JD하효,2017-11-21,2.01,,,,,,,
JD하효,2017-11-22,1.99,,,,,,,
JD하효,2017-11-23,1.97,,,,,,,
JD하효,2017-11-24,1.94,,,,,,,
JD하효,2017-11-25,1.91,,,,,,,
JD하효,2017-11-26,1.87,,,,,,,
JD하효,2017-11-27,1.84,,,,,,,
JD하효,2017-11-28,1.81,,,,,,,
JD하효,2017-11-29,1.8,,,,,,,
JD하효,2017-11-30,1.81,,,,,,,
JD하효,2017-12-01,1.81,,,,,,,
JD하효,2017-12-02,1.84,,,,,,,
JD하효,2017-12-03,1.86,,,,,,,
JD하효,2017-12-04,1.89,,,,,,,
JD하효,2017-12-05,1.89,,,,,,,
JD하효,2017-12-06,1.9,,,,,,,
JD하효,2017-12-07,1.9,,,,,,,
JD하효,2017-12-08,1.84,,,,,,,
JD하효,2017-12-09,1.8,,,,,,,
JD하효,2017-12-10,1.77,,,,,,,
JD하효,2017-12-11,1.71,,,,,,,
JD하효,2017-12-12,1.69,,,,,,,
JD하효,2017-12-13,1.67,,,,,,,
JD하효,2017-12-14,1.7,,,,,,,
JD하효,2017-12-15,1.72,,,,,,,
JD하효,2017-12-16,1.69,,,,,,,
JD하효,2017-12-17,1.65,,,,,,,
JD하효,2017-12-18,1.67,,,,,,,
JD하효,2017-12-19,1.62,,,,,,,
JD하효,2017-12-20,1.64,,,,,,,
JD하효,2017-12-21,1.62,,,,,,,
JD하효,2017-12-22,1.6,,,,,,,
JD하효,2017-12-23,1.6,,,,,,,
JD하효,2017-12-24,1.64,,,,,,,
JD하효,2017-12-25,1.58,,,,,,,
JD하효,2017-12-26,1.55,,,,,,,
JD하효,2017-12-27,1.5,,,,,,,
JD하효,2017-12-28,1.52,,,,,,,
JD하효,2017-12-29,1.53,,,,,,,
JD하효,2017-12-30,1.58,,,,,,,
JD하효,2017-12-31,1.59,,,,,,,
JD하효,2018-01-01,1.61,,,,,,,
JD하효,2018-01-02,1.63,,,,,,,
JD하효,2018-01-03,1.63,,,,,,,
JD하효,2018-01-04,1.64,,,,,,,
JD하효,2018-01-05,1.64,,,,,,,
JD하효,2018-01-06,1.61,,,,,,,
JD하효,2018-01-07,1.61,,,,,,,
JD하효,2018-01-08,1.61,,,,,,,
JD하효,2018-01-09,1.48,,,,,,,
JD하효,2018-01-10,1.42,,,,,,,
JD하효,2018-01-11,1.4,,,,,,,
JD하효,2018-01-12,1.38,,,,,,,
JD하효,2018-01-13,1.39,,,,,,,
JD하효,2018-01-14,1.4,,,,,,,
JD하효,2018-01-15,1.4,,,,,,,
JD하효,2018-01-16,1.51,,,,,,,
JD하효,2018-01-17,1.61,,,,,,,
JD하효,2018-01-18,1.56,,,,,,,
JD하효,2018-01-19,1.53,,,,,,,
JD하효,2018-01-20,1.51,,,,,,,
JD하효,2018-01-21,1.5,,,,,,,
JD하효,2018-01-22,1.52,,,,,,,
JD하효,2018-01-23,1.44,,,,,,,
JD하효,2018-01-24,1.41,,,,,,,
JD하효,2018-01-25,1.38,,,,,,,
JD하효,2018-01-26,1.35,,,,,,,
JD하효,2018-01-27,1.38,,,,,,,
JD하효,2018-01-28,1.4,,,,,,,
JD하효,2018-01-29,1.41,,,,,,,
JD하효,2018-01-30,1.41,,,,,,,
JD하효,2018-01-31,1.44,,,,,,,
JD하효,2018-02-01,1.48,,,,,,,
JD하효,2018-02-02,1.47,,,,,,,
JD하효,2018-02-03,1.43,,,,,,,
JD하효,2018-02-04,1.4,,,,,,,
JD하효,2018-02-05,1.38,,,,,,,
JD하효,2018-02-06,1.34,,,,,,,
JD하효,2018-02-07,1.32,,,,,,,
JD하효,2018-02-08,1.31,,,,,,,
JD하효,2018-02-09,1.29,,,,,,,
JD하효,2018-02-10,1.3,,,,,,,
JD하효,2018-02-11,1.26,,,,,,,
JD하효,2018-02-12,1.2,,,,,,,
JD하효,2018-02-13,1.19,,,,,,,
JD하효,2018-02-14,1.25,,,,,,,
JD하효,2018-02-15,1.3,,,,,,,
JD하효,2018-02-16,1.32,,,,,,,
JD하효,2018-02-17,1.27,,,,,,,
JD하효,2018-02-18,1.27,,,,,,,
JD하효,2018-02-19,1.3,,,,,,,
JD하효,2018-02-20,1.29,,,,,,,
JD하효,2018-02-21,1.28,,,,,,,
JD하효,2018-02-22,1.27,,,,,,,
JD하효,2018-02-23,1.26,,,,,,,
JD하효,2018-02-24,1.25,,,,,,,
JD하효,2018-02-25,1.26,,,,,,,
JD하효,2018-02-26,1.25,,,,,,,
JD하효,2018-02-27,1.27,,,,,,,
JD하효,2018-02-28,1.47,,,,,,,
JD하효,2018-03-01,1.42,,,,,,,
JD하효,2018-03-02,1.4,,,,,,,
JD하효,2018-03-03,1.42,,,,,,,
JD하효,2018-03-04,1.42,,,,,,,
JD하효,2018-03-05,1.46,,,,,,,
JD하효,2018-03-06,1.39,,,,,,,
JD하효,2018-03-07,1.33,,,,,,,
JD하효,2018-03-08,1.33,,,,,,,
JD하효,2018-03-09,1.25,,,,,,,
JD하효,2018-03-10,1.21,,,,,,,
JD하효,2018-03-11,1.18,,,,,,,
JD하효,2018-03-12,1.18,,,,,,,
JD하효,2018-03-13,1.18,,,,,,,
JD하효,2018-03-14,1.21,,,,,,,
JD하효,2018-03-15,1.3,,,,,,,
JD하효,2018-03-16,1.4,,,,,,,
JD하효,2018-03-17,1.37,,,,,,,
JD하효,2018-03-18,1.31,,,,,,,
JD하효,2018-03-19,1.49,,,,,,,
JD하효,2018-03-20,1.62,,,,,,,
JD하효,2018-03-21,1.65,,,,,,,
JD하효,2018-03-22,1.48,,,,,,,
JD하효,2018-03-23,1.4,,,,,,,
JD하효,2018-03-24,1.35,,,,,,,
JD하효,2018-03-25,1.29,,,,,,,
JD하효,2018-03-26,1.28,,,,,,,
JD하효,2018-03-27,1.3,,,,,,,
JD하효,2018-03-28,1.33,,,,,,,
JD하효,2018-03-29,1.37,,,,,,,
JD하효,2018-03-30,1.4,,,,,,,
JD하효,2018-03-31,1.4,,,,,,,
JD하효,2018-04-01,1.41,,,,,,,
JD하효,2018-04-02,1.43,,,,,,,
JD하효,2018-04-03,1.41,,,,,,,
JD하효,2018-04-04,1.41,,,,,,,
JD하효,2018-04-05,1.39,,,,,,,
JD하효,2018-04-06,1.35,,,,,,,
JD하효,2018-04-07,1.23,,,,,,,
JD하효,2018-04-08,1.24,,,,,,,
JD하효,2018-04-09,1.24,,,,,,,
JD하효,2018-04-10,1.27,,,,,,,
JD하효,2018-04-11,1.3,,,,,,,
JD하효,2018-04-12,1.32,,,,,,,
JD하효,2018-04-13,1.36,,,,,,,
JD하효,2018-04-14,1.49,,,,,,,
JD하효,2018-04-15,1.43,,,,,,,
JD하효,2018-04-16,1.4,,,,,,,
JD하효,2018-04-17,1.42,,,,,,,
JD하효,2018-04-18,1.38,,,,,,,
JD하효,2018-04-19,1.36,,,,,,,
JD하효,2018-04-20,1.36,,,,,,,
JD하효,2018-04-21,1.34,,,,,,,
JD하효,2018-04-22,1.39,,,,,,,
JD하효,2018-04-23,1.69,,,,,,,
JD하효,2018-04-24,2.28,,,,,,,
JD하효,2018-04-25,2.0,,,,,,,
JD하효,2018-04-26,1.8,,,,,,,
JD하효,2018-04-27,1.71,,,,,,,
JD하효,2018-04-28,1.69,,,,,,,
JD하효,2018-04-29,1.71,,,,,,,
JD하효,2018-04-30,1.85,,,,,,,
JD하효,2018-05-01,1.93,,,,,,,
JD하효,2018-05-02,1.96,,,,,,,
JD하효,2018-05-03,1.87,,,,,,,
JD하효,2018-05-04,1.84,,,,,,,
JD하효,2018-05-05,1.84,,,,,,,
JD하효,2018-05-06,2.4,,,,,,,
JD하효,2018-05-07,2.71,,,,,,,
JD하효,2018-05-08,2.54,,,,,,,
JD하효,2018-05-09,2.45,,,,,,,
JD하효,2018-05-10,2.31,,,,,,,
JD하효,2018-05-11,2.24,,,,,,,
JD하효,2018-05-12,2.29,,,,,,,
JD하효,2018-05-13,2.58,,,,,,,
JD하효,2018-05-14,2.62,,,,,,,
JD하효,2018-05-15,2.63,,,,,,,
JD하효,2018-05-16,2.65,,,,,,,
JD하효,2018-05-17,2.66,,,,,,,
JD하효,2018-05-18,2.74,,,,,,,
JD하효,2018-05-19,2.78,,,,,,,
JD하효,2018-05-20,2.78,,,,,,,
JD하효,2018-05-21,2.71,,,,,,,
JD하효,2018-05-22,2.63,,,,,,,
JD하효,2018-05-23,2.71,,,,,,,
JD하효,2018-05-24,2.67,,,,,,,
JD하효,2018-05-25,2.69,,,,,,,
JD하효,2018-05-26,2.8,,,,,,,
JD하효,2018-05-27,2.82,,,,,,,
JD하효,2018-05-28,2.85,,,,,,,
JD하효,2018-05-29,2.86,,,,,,,
JD하효,2018-05-30,2.84,,,,,,,
JD하효,2018-05-31,2.83,,,,,,,
JD하효,2018-06-01,2.81,,,,,,,
JD하효,2018-06-02,2.77,,,,,,,
JD하효,2018-06-03,2.74,,,,,,,
JD하효,2018-06-04,2.71,,,,,,,
JD하효,2018-06-05,2.78,,,,,,,
JD하효,2018-06-06,2.77,,,,,,,
JD하효,2018-06-07,2.72,,,,,,,
JD하효,2018-06-08,2.69,,,,,,,
JD하효,2018-06-09,2.71,,,,,,,
JD하효,2018-06-10,2.79,,,,,,,
JD하효,2018-06-11,2.85,,,,,,,
JD하효,2018-06-12,2.82,,,,,,,
JD하효,2018-06-13,2.81,,,,,,,
JD하효,2018-06-14,2.84,,,,,,,
JD하효,2018-06-15,2.86,,,,,,,
JD하효,2018-06-16,2.85,,,,,,,
JD하효,2018-06-17,2.8,,,,,,,
JD하효,2018-06-18,2.76,,,,,,,
JD하효,2018-06-19,2.76,,,,,,,
JD하효,2018-06-20,2.82,,,,,,,
JD하효,2018-06-21,2.72,,,,,,,
JD하효,2018-06-22,2.64,,,,,,,
JD하효,2018-06-23,2.6,,,,,,,
JD하효,2018-06-24,2.56,,,,,,,
JD하효,2018-06-25,2.55,,,,,,,
JD하효,2018-06-26,2.55,,,,,,,
JD하효,2018-06-27,2.54,,,,,,,
JD하효,2018-06-28,2.6,,,,,,,
JD하효,2018-06-29,2.9,,,,,,,
JD하효,2018-06-30,2.91,,,,,,,
JD하효,2018-07-01,3.12,,,,,,,
JD하효,2018-07-02,3.04,,,,,,,
JD하효,2018-07-03,3.09,,,,,,,
JD하효,2018-07-04,2.97,,,,,,,
JD하효,2018-07-05,2.91,,,,,,,
JD하효,2018-07-06,2.91,,,,,,,
JD하효,2018-07-07,2.88,,,,,,,
JD하효,2018-07-08,2.8,,,,,,,
JD하효,2018-07-09,2.71,,,,,,,
JD하효,2018-07-10,2.67,,,,,,,
JD하효,2018-07-11,2.69,,,,,,,
JD하효,2018-07-12,2.7,,,,,,,
JD하효,2018-07-13,2.7,,,,,,,
JD하효,2018-07-14,2.74,,,,,,,
JD하효,2018-07-15,2.75,,,,,,,
JD하효,2018-07-16,2.73,,,,,,,
JD하효,2018-07-17,2.7,,,,,,,
JD하효,2018-07-18,2.65,,,,,,,
JD하효,2018-07-19,2.6,,,,,,,
JD하효,2018-07-20,2.57,,,,,,,
JD하효,2018-07-21,2.56,,,,,,,
JD하효,2018-07-22,2.63,,,,,,,
JD하효,2018-07-23,2.59,,,,,,,
JD하효,2018-07-24,2.55,,,,,,,
JD하효,2018-07-25,2.55,,,,,,,
JD하효,2018-07-26,2.55,,,,,,,
JD하효,2018-07-27,2.55,,,,,,,
JD하효,2018-07-28,2.55,,,,,,,
JD하효,2018-07-29,2.58,,,,,,,
JD하효,2018-07-30,2.6,,,,,,,
JD하효,2018-07-31,2.59,,,,,,,
JD하효,2018-08-01,2.56,,,,,,,
JD하효,2018-08-02,2.53,,,,,,,
JD하효,2018-08-03,2.52,,,,,,,
JD하효,2018-08-04,2.45,,,,,,,
JD하효,2018-08-05,2.4,,,,,,,
JD하효,2018-08-06,2.4,,,,,,,
JD하효,2018-08-07,2.4,,,,,,,
JD하효,2018-08-08,2.4,,,,,,,
JD하효,2018-08-09,2.4,,,,,,,
JD하효,2018-08-10,2.42,,,,,,,
JD하효,2018-08-11,2.46,,,,,,,
JD하효,2018-08-12,2.49,,,,,,,
JD하효,2018-08-13,2.48,,,,,,,
JD하효,2018-08-14,2.46,,,,,,,
JD하효,2018-08-15,2.44,,,,,,,
JD하효,2018-08-16,2.46,,,,,,,
JD하효,2018-08-17,2.49,,,,,,,
JD하효,2018-08-18,2.36,,,,,,,
JD하효,2018-08-19,2.27,,,,,,,
JD하효,2018-08-20,2.25,,,,,,,
JD하효,2018-08-21,2.26,,,,,,,
JD하효,2018-08-22,2.42,,,,,,,
JD하효,2018-08-23,2.83,,,,,,,
JD하효,2018-08-24,2.52,,,,,,,
JD하효,2018-08-25,2.4,,,,,,,
JD하효,2018-08-26,2.38,,,,,,,
JD하효,2018-08-27,2.34,,,,,,,
JD하효,2018-08-28,2.29,,,,,,,
JD하효,2018-08-29,2.26,,,,,,,
JD하효,2018-08-30,2.22,,,,,,,
JD하효,2018-08-31,2.19,,,,,,,
JD하효,2018-09-01,2.21,,,,,,,
JD하효,2018-09-04,2.53,,,,,,,
JD하효,2018-09-05,2.42,,,,,,,
JD하효,2018-09-06,2.39,,,,,,,
JD하효,2018-09-07,2.42,,,,,,,
JD하효,2018-09-08,2.4,,,,,,,
JD하효,2018-09-09,2.42,,,,,,,
JD하효,2018-09-10,2.42,,,,,,,
JD하효,2018-09-11,2.45,,,,,,,
JD하효,2018-09-12,2.43,,,,,,,
JD하효,2018-09-13,3.62,,,,,,,
JD하효,2018-09-14,3.89,,,,,,,
JD하효,2018-09-15,3.28,,,,,,,
JD하효,2018-09-16,3.03,,,,,,,
JD하효,2018-09-17,2.91,,,,,,,
JD하효,2018-09-18,2.83,,,,,,,
JD하효,2018-09-19,2.78,,,,,,,
JD하효,2018-09-20,2.78,,,,,,,
JD하효,2018-09-21,2.77,,,,,,,
JD하효,2018-09-22,2.74,,,,,,,
JD하효,2018-09-23,2.72,,,,,,,
JD하효,2018-09-24,2.71,,,,,,,
JD하효,2018-09-25,2.73,,,,,,,
JD하효,2018-09-26,2.78,,,,,,,
JD하효,2018-09-27,2.8,,,,,,,
JD하효,2018-09-28,2.78,,,,,,,
JD하효,2018-09-29,2.8,,,,,,,
JD하효,2018-09-30,2.83,,,,,,,
JD하효,2018-10-01,2.69,,,,,,,
JD하효,2018-10-02,2.64,,,,,,,
JD하효,2018-10-03,2.64,,,,,,,
JD하효,2018-10-04,2.66,,,,,,,
JD하효,2018-10-05,2.88,,,,,,,
JD하효,2018-10-06,3.68,,,,,,,
JD하효,2018-10-07,3.32,,,,,,,
JD하효,2018-10-08,3.2,,,,,,,
JD하효,2018-10-09,3.11,,,,,,,
JD하효,2018-10-10,3.04,,,,,,,
JD하효,2018-10-11,2.97,,,,,,,
JD하효,2018-10-12,2.92,,,,,,,
JD하효,2018-10-13,2.88,,,,,,,
JD하효,2018-10-14,2.84,,,,,,,
JD하효,2018-10-15,2.79,,,,,,,
JD하효,2018-10-16,2.77,,,,,,,
JD하효,2018-10-17,2.76,,,,,,,
JD하효,2018-10-18,2.74,,,,,,,
JD하효,2018-10-19,2.72,,,,,,,
JD하효,2018-10-20,2.71,,,,,,,
JD하효,2018-10-21,2.69,,,,,,,
JD하효,2018-10-22,2.72,,,,,,,
JD하효,2018-10-23,2.74,,,,,,,
JD하효,2018-10-24,2.75,,,,,,,
JD하효,2018-10-25,2.77,,,,,,,
JD하효,2018-10-26,2.8,,,,,,,
JD하효,2018-10-27,2.76,,,,,,,
JD하효,2018-10-28,2.72,,,,,,,
JD하효,2018-10-29,2.71,,,,,,,
JD하효,2018-10-30,2.68,,,,,,,
JD하효,2018-10-31,2.63,,,,,,,
JD하효,2018-11-01,2.59,,,,,,,
JD하효,2018-11-02,2.56,,,,,,,
JD하효,2018-11-03,2.54,,,,,,,
JD하효,2018-11-04,2.53,,,,,,,
JD하효,2018-11-05,2.55,,,,,,,
JD하효,2018-11-06,2.57,,,,,,,
JD하효,2018-11-07,2.58,,,,,,,
JD하효,2018-11-08,2.63,,,,,,,
JD하효,2018-11-09,2.6,,,,,,,
JD하효,2018-11-10,2.58,,,,,,,
JD하효,2018-11-11,2.56,,,,,,,
JD하효,2018-11-12,2.55,,,,,,,
JD하효,2018-11-13,2.54,,,,,,,
JD하효,2018-11-14,2.5,,,,,,,
JD하효,2018-11-15,2.46,,,,,,,
JD하효,2018-11-16,2.44,,,,,,,
JD하효,2018-11-17,2.42,,,,,,,
JD하효,2018-11-18,2.4,,,,,,,
JD하효,2018-11-19,2.37,,,,,,,
JD하효,2018-11-20,2.37,,,,,,,
JD하효,2018-11-21,2.42,,,,,,,
JD하효,2018-11-22,2.42,,,,,,,
JD하효,2018-11-23,2.41,,,,,,,
JD하효,2018-11-24,2.42,,,,,,,
JD하효,2018-11-25,2.39,,,,,,,
JD하효,2018-11-26,2.38,,,,,,,
JD하효,2018-11-27,2.36,,,,,,,
JD하효,2018-11-28,2.34,,,,,,,
JD하효,2018-11-29,2.3,,,,,,,
JD하효,2018-11-30,2.25,,,,,,,
JD하효,2018-12-01,2.23,,,,,,,
JD하효,2018-12-02,2.25,,,,,,,
JD하효,2018-12-03,2.26,,,,,,,
JD하효,2018-12-04,2.26,,,,,,,
JD하효,2018-12-05,2.26,,,,,,,
JD하효,2018-12-06,2.27,,,,,,,
JD하효,2018-12-07,2.22,,,,,,,
JD하효,2018-12-08,2.18,,,,,,,
JD하효,2018-12-09,2.14,,,,,,,
JD하효,2018-12-10,2.15,,,,,,,
JD하효,2018-12-11,2.2,,,,,,,
JD하효,2018-12-12,2.14,,,,,,,
JD하효,2018-12-13,2.1,,,,,,,
JD하효,2018-12-14,2.07,,,,,,,
JD하효,2018-12-15,2.05,,,,,,,
JD하효,2018-12-16,2.05,,,,,,,
JD하효,2018-12-17,2.05,,,,,,,
JD하효,2018-12-18,2.04,,,,,,,
JD하효,2018-12-19,2.04,,,,,,,
JD하효,2018-12-20,2.07,,,,,,,
JD하효,2018-12-21,2.13,,,,,,,
JD하효,2018-12-22,2.13,,,,,,,
JD하효,2018-12-23,2.13,,,,,,,
JD하효,2018-12-24,2.11,,,,,,,
JD하효,2018-12-25,2.11,,,,,,,
JD하효,2018-12-26,2.1,,,,,,,
JD하효,2018-12-27,2.04,,,,,,,
JD하효,2018-12-28,1.94,,,,,,,
JD하효,2018-12-29,1.9,,,,,,,
JD하효,2018-12-30,1.88,,,,,,,
JD하효,2018-12-31,1.88,,,,,,,
JD하효,2019-01-01,1.84,,,,,,,
JD하효,2019-01-02,1.84,,,,,,,
JD하효,2019-01-03,1.84,,,,,,,
JD하효,2019-01-04,1.82,,,,,,,
JD하효,2019-01-05,1.86,,,,,,,
JD하효,2019-01-06,1.88,,,,,,,
JD하효,2019-01-07,1.85,,,,,,,
JD하효,2019-01-08,1.81,,,,,,,
JD하효,2019-01-09,1.77,,,,,,,
JD하효,2019-01-10,1.74,,,,,,,
JD하효,2019-01-11,1.76,,,,,,,
JD하효,2019-01-12,1.77,,,,,,,
JD하효,2019-01-13,1.73,,,,,,,
JD하효,2019-01-14,1.71,,,,,,,
JD하효,2019-01-15,1.68,,,,,,,
JD하효,2019-01-16,1.64,,,,,,,
JD하효,2019-01-17,1.63,,,,,,,
JD하효,2019-01-18,1.67,,,,,,,
JD하효,2019-01-19,1.73,,,,,,,
JD하효,2019-01-20,1.73,,,,,,,
JD하효,2019-01-21,1.74,,,,,,,
JD하효,2019-01-22,1.75,,,,,,,
JD하효,2019-01-23,1.76,,,,,,,
JD하효,2019-01-24,1.76,,,,,,,
JD하효,2019-01-25,1.75,,,,,,,
JD하효,2019-01-26,1.67,,,,,,,
JD하효,2019-01-27,1.62,,,,,,,
JD하효,2019-01-28,1.59,,,,,,,
JD하효,2019-01-29,1.6,,,,,,,
JD하효,2019-01-30,1.58,,,,,,,
JD하효,2019-01-31,1.58,,,,,,,
JD하효,2019-02-01,1.54,,,,,,,
JD하효,2019-02-02,1.53,,,,,,,
JD하효,2019-02-03,1.63,,,,,,,
JD하효,2019-02-04,1.59,,,,,,,
JD하효,2019-02-05,1.6,,,,,,,
JD하효,2019-02-06,1.61,,,,,,,
JD하효,2019-02-07,1.6,,,,,,,
JD하효,2019-02-08,1.58,,,,,,,
JD하효,2019-02-09,1.55,,,,,,,
JD하효,2019-02-10,1.51,,,,,,,
JD하효,2019-02-11,1.44,,,,,,,
JD하효,2019-02-12,1.42,,,,,,,
JD하효,2019-02-13,1.4,,,,,,,
JD하효,2019-02-14,1.41,,,,,,,
JD하효,2019-02-15,1.42,,,,,,,
JD하효,2019-02-16,1.42,,,,,,,
JD하효,2019-02-17,1.42,,,,,,,
JD하효,2019-02-18,1.45,,,,,,,
JD하효,2019-02-19,1.56,,,,,,,
JD하효,2019-02-20,1.52,,,,,,,
JD하효,2019-02-21,1.51,,,,,,,
JD하효,2019-02-22,1.5,,,,,,,
JD하효,2019-02-23,1.47,,,,,,,
JD하효,2019-02-24,1.44,,,,,,,
JD하효,2019-02-25,1.39,,,,,,,
JD하효,2019-02-26,1.38,,,,,,,
JD하효,2019-02-27,1.38,,,,,,,
JD하효,2019-02-28,1.38,,,,,,,
JD하효,2019-03-01,1.35,,,,,,,
JD하효,2019-03-02,1.37,,,,,,,
JD하효,2019-03-03,1.42,,,,,,,
JD하효,2019-03-04,1.44,,,,,,,
JD하효,2019-03-05,1.42,,,,,,,
JD하효,2019-03-06,1.45,,,,,,,
JD하효,2019-03-07,1.42,,,,,,,
JD하효,2019-03-08,1.39,,,,,,,
JD하효,2019-03-09,1.41,,,,,,,
JD하효,2019-03-10,1.56,,,,,,,
JD하효,2019-03-11,1.54,,,,,,,
JD하효,2019-03-12,1.46,,,,,,,
JD하효,2019-03-13,1.39,,,,,,,
JD하효,2019-03-14,1.35,,,,,,,
JD하효,2019-03-15,1.34,,,,,,,
JD하효,2019-03-16,1.32,,,,,,,
JD하효,2019-03-17,1.32,,,,,,,
JD하효,2019-03-18,1.35,,,,,,,
JD하효,2019-03-19,1.39,,,,,,,
JD하효,2019-03-20,1.46,,,,,,,
JD하효,2019-03-21,1.53,,,,,,,
JD하효,2019-03-22,1.52,,,,,,,
JD하효,2019-03-23,1.48,,,,,,,
JD하효,2019-03-24,1.41,,,,,,,
JD하효,2019-03-25,1.37,,,,,,,
JD하효,2019-03-26,1.35,,,,,,,
JD하효,2019-03-27,1.31,,,,,,,
JD하효,2019-03-28,1.33,,,,,,,
JD하효,2019-03-29,1.35,,,,,,,
JD하효,2019-03-30,1.35,,,,,,,
JD하효,2019-03-31,1.28,,,,,,,
JD하효,2019-04-01,1.26,,,,,,,
JD하효,2019-04-02,1.26,,,,,,,
JD하효,2019-04-03,1.27,,,,,,,
JD하효,2019-04-04,1.27,,,,,,,
JD하효,2019-04-05,1.31,,,,,,,
JD하효,2019-04-06,1.36,,,,,,,
JD하효,2019-04-07,1.4,,,,,,,
JD하효,2019-04-08,1.39,,,,,,,
JD하효,2019-04-09,1.43,,,,,,,
JD하효,2019-04-10,1.49,,,,,,,
JD하효,2019-04-11,1.37,,,,,,,
JD하효,2019-04-12,1.31,,,,,,,
JD하효,2019-04-13,1.26,,,,,,,
JD하효,2019-04-14,1.26,,,,,,,
JD하효,2019-04-15,1.26,,,,,,,
JD하효,2019-04-16,1.29,,,,,,,
JD하효,2019-04-17,1.33,,,,,,,
JD하효,2019-04-18,1.36,,,,,,,
JD하효,2019-04-19,1.38,,,,,,,
JD하효,2019-04-20,1.38,,,,,,,
JD하효,2019-04-21,1.34,,,,,,,
JD하효,2019-04-22,1.34,,,,,,,
JD하효,2019-04-23,1.4,,,,,,,
JD하효,2019-04-24,1.43,,,,,,,
JD하효,2019-04-25,1.39,,,,,,,
JD하효,2019-04-26,1.34,,,,,,,
JD하효,2019-04-27,1.28,,,,,,,
JD하효,2019-04-28,1.25,,,,,,,
JD하효,2019-04-29,1.29,,,,,,,
JD하효,2019-04-30,1.33,,,,,,,
JD하효,2019-05-01,1.33,,,,,,,
JD하효,2019-05-02,1.32,,,,,,,
JD하효,2019-05-03,1.32,,,,,,,
JD하효,2019-05-04,1.32,,,,,,,
JD하효,2019-05-05,1.31,,,,,,,
JD하효,2019-05-06,1.33,,,,,,,
JD하효,2019-05-07,1.37,,,,,,,
JD하효,2019-05-08,1.36,,,,,,,
JD하효,2019-05-09,1.37,,,,,,,
JD하효,2019-05-10,1.38,,,,,,,
JD하효,2019-05-11,1.37,,,,,,,
JD하효,2019-05-12,1.35,,,,,,,
JD하효,2019-05-13,1.34,,,,,,,
JD하효,2019-05-14,1.31,,,,,,,
JD하효,2019-05-15,1.32,,,,,,,
JD하효,2019-05-16,1.34,,,,,,,
JD하효,2019-05-17,1.4,,,,,,,
JD하효,2019-05-18,2.22,,,,,,,
JD하효,2019-05-19,2.2,,,,,,,
JD하효,2019-05-20,1.9,,,,,,,
JD하효,2019-05-21,1.76,,,,,,,
JD하효,2019-05-22,1.72,,,,,,,
JD하효,2019-05-23,1.67,,,,,,,
JD하효,2019-05-24,1.63,,,,,,,
JD하효,2019-05-25,1.58,,,,,,,
JD하효,2019-05-26,1.55,,,,,,,
JD하효,2019-05-27,1.87,,,,,,,
JD하효,2019-05-28,1.96,,,,,,,
JD하효,2019-05-29,1.85,,,,,,,
JD하효,2019-05-30,1.8,,,,,,,
JD하효,2019-05-31,1.82,,,,,,,
JD하효,2019-06-01,1.87,,,,,,,
JD하효,2019-06-02,1.92,,,,,,,
JD하효,2019-06-03,1.95,,,,,,,
JD하효,2019-06-04,1.99,,,,,,,
JD하효,2019-06-05,2.02,,,,,,,
JD하효,2019-06-06,2.08,,,,,,,
JD하효,2019-06-07,2.17,,,,,,,
JD하효,2019-06-08,2.14,,,,,,,
JD하효,2019-06-09,2.14,,,,,,,
JD하효,2019-06-10,2.14,,,,,,,
JD하효,2019-06-11,2.12,,,,,,,
JD하효,2019-06-12,2.1,,,,,,,
JD하효,2019-06-13,2.11,,,,,,,
JD하효,2019-06-14,2.17,,,,,,,
JD하효,2019-06-15,2.22,,,,,,,
JD하효,2019-06-16,2.2,,,,,,,
JD하효,2019-06-17,2.21,,,,,,,
JD하효,2019-06-18,2.22,,,,,,,
JD하효,2019-06-19,2.25,,,,,,,
JD하효,2019-06-20,2.24,,,,,,,
JD하효,2019-06-21,2.23,,,,,,,
JD하효,2019-06-22,2.21,,,,,,,
JD하효,2019-06-23,2.19,,,,,,,
JD하효,2019-06-24,2.14,,,,,,,
JD하효,2019-06-25,2.08,,,,,,,
JD하효,2019-06-26,2.32,,,,,,,
JD하효,2019-06-27,2.46,,,,,,,
JD하효,2019-06-28,2.37,,,,,,,
JD하효,2019-06-29,2.4,,,,,,,
JD하효,2019-06-30,2.4,,,,,,,
JD하효,2019-07-01,2.39,,,,,,,
JD하효,2019-07-02,2.38,,,,,,,
JD하효,2019-07-03,2.38,,,,,,,
JD하효,2019-07-04,2.38,,,,,,,
JD하효,2019-07-05,2.38,,,,,,,
JD하효,2019-07-06,2.4,,,,,,,
JD하효,2019-07-07,2.39,,,,,,,
JD하효,2019-07-08,2.37,,,,,,,
JD하효,2019-07-09,2.35,,,,,,,
JD하효,2019-07-10,2.45,,,,,,,
JD하효,2019-07-11,2.37,,,,,,,
JD하효,2019-07-12,2.25,,,,,,,
JD하효,2019-07-13,2.37,,,,,,,
JD하효,2019-07-14,2.43,,,,,,,
JD하효,2019-07-15,2.37,,,,,,,
JD하효,2019-07-16,2.34,,,,,,,
JD하효,2019-07-17,2.32,,,,,,,
JD하효,2019-07-18,2.49,,,,,,,
JD하효,2019-07-19,3.11,,,,,,,
JD하효,2019-07-20,3.97,,,,,,,
JD하효,2019-07-21,3.72,,,,,,,
JD하효,2019-07-22,3.4,,,,,,,
JD하효,2019-07-23,3.21,,,,,,,
JD하효,2019-07-24,3.09,,,,,,,
JD하효,2019-07-25,3.01,,,,,,,
JD하효,2019-07-26,2.97,,,,,,,
JD하효,2019-07-27,2.94,,,,,,,
JD하효,2019-07-28,2.94,,,,,,,
JD하효,2019-07-29,2.95,,,,,,,
JD하효,2019-07-30,2.98,,,,,,,
JD하효,2019-07-31,3.04,,,,,,,
JD하효,2019-08-01,3.09,,,,,,,
JD하효,2019-08-02,3.16,,,,,,,
JD하효,2019-08-03,3.22,,,,,,,
JD하효,2019-08-04,3.22,,,,,,,
JD하효,2019-08-05,3.21,,,,,,,
JD하효,2019-08-06,3.22,,,,,,,
JD하효,2019-08-07,3.17,,,,,,,
JD하효,2019-08-08,3.15,,,,,,,
JD하효,2019-08-09,3.16,,,,,,,
JD하효,2019-08-10,3.22,,,,,,,
JD하효,2019-08-11,3.28,,,,,,,
JD하효,2019-08-12,3.25,,,,,,,
JD하효,2019-08-13,3.22,,,,,,,
JD하효,2019-08-14,3.23,,,,,,,
JD하효,2019-08-15,3.23,,,,,,,
JD하효,2019-08-16,3.16,,,,,,,
JD하효,2019-08-17,3.13,,,,,,,
JD하효,2019-08-18,3.09,,,,,,,
JD하효,2019-08-19,3.02,,,,,,,
JD하효,2019-08-20,2.97,,,,,,,
JD하효,2019-08-21,2.94,,,,,,,
JD하효,2019-08-22,2.96,,,,,,,
JD하효,2019-08-23,2.91,,,,,,,
JD하효,2019-08-24,2.89,,,,,,,
JD하효,2019-08-25,2.86,,,,,,,
JD하효,2019-08-26,2.85,,,,,,,
JD하효,2019-08-27,2.95,,,,,,,
JD하효,2019-08-28,3.29,,,,,,,
JD하효,2019-08-29,3.55,,,,,,,
JD하효,2019-08-30,3.58,,,,,,,
JD하효,2019-08-31,3.44,,,,,,,
JD하효,2019-09-01,3.35,,,,,,,
JD하효,2019-09-02,3.34,,,,,,,
JD하효,2019-09-03,3.31,,,,,,,
JD하효,2019-09-04,3.37,,,,,,,
JD하효,2019-09-05,3.45,,,,,,,
JD하효,2019-09-06,3.53,,,,,,,
JD하효,2019-09-07,3.84,,,,,,,
JD하효,2019-09-08,3.68,,,,,,,
JD하효,2019-09-09,3.73,,,,,,,
JD하효,2019-09-10,3.7,,,,,,,
JD하효,2019-09-11,3.65,,,,,,,
JD하효,2019-09-12,3.65,,,,,,,
JD하효,2019-09-13,3.65,,,,,,,
JD하효,2019-09-14,3.63,,,,,,,
JD하효,2019-09-15,3.62,,,,,,,
JD하효,2019-09-16,3.63,,,,,,,
JD하효,2019-09-17,3.63,,,,,,,
JD하효,2019-09-18,3.59,,,,,,,
JD하효,2019-09-19,3.56,,,,,,,
JD하효,2019-09-20,3.57,,,,,,,
JD하효,2019-09-21,3.64,,,,,,,
JD하효,2019-09-22,4.22,,,,,,,
JD하효,2019-09-23,4.29,,,,,,,
JD하효,2019-09-24,4.04,,,,,,,
JD하효,2019-09-25,3.92,,,,,,,
JD하효,2019-09-26,3.85,,,,,,,
JD하효,2019-09-27,3.81,,,,,,,
JD하효,2019-09-28,3.78,,,,,,,
JD하효,2019-09-29,3.78,,,,,,,
JD하효,2019-09-30,3.82,,,,,,,
JD하효,2019-10-01,3.85,,,,,,,
JD하효,2019-10-02,4.51,,,,,,,
JD하효,2019-10-03,4.61,,,,,,,
JD하효,2019-10-04,4.37,,,,,,,
JD하효,2019-10-05,4.24,,,,,,,
JD하효,2019-10-06,4.13,,,,,,,
JD하효,2019-10-07,4.02,,,,,,,
JD하효,2019-10-08,3.92,,,,,,,
JD하효,2019-10-09,3.87,,,,,,,
JD하효,2019-10-10,3.85,,,,,,,
JD하효,2019-10-11,3.84,,,,,,,
JD하효,2019-10-12,3.87,,,,,,,
JD하효,2019-10-13,3.86,,,,,,,
JD하효,2019-10-14,3.79,,,,,,,
JD하효,2019-10-15,3.72,,,,,,,
JD하효,2019-10-16,3.69,,,,,,,
JD하효,2019-10-17,3.66,,,,,,,
JD하효,2019-10-18,3.67,,,,,,,
JD하효,2019-10-19,3.63,,,,,,,
JD하효,2019-10-20,3.57,,,,,,,
JD하효,2019-10-21,3.56,,,,,,,
JD하효,2019-10-22,3.54,,,,,,,
JD하효,2019-10-23,3.52,,,,,,,
JD하효,2019-10-24,3.51,,,,,,,
JD하효,2019-10-25,3.46,,,,,,,
JD하효,2019-10-26,3.41,,,,,,,
JD하효,2019-10-27,3.4,,,,,,,
JD하효,2019-10-28,3.4,,,,,,,
JD하효,2019-10-29,3.38,,,,,,,
JD하효,2019-10-30,3.33,,,,,,,
JD하효,2019-10-31,3.28,,,,,,,
JD하효,2019-11-01,3.23,,,,,,,
JD하효,2019-11-02,3.2,,,,,,,
JD하효,2019-11-03,3.17,,,,,,,
JD하효,2019-11-04,3.14,,,,,,,
JD하효,2019-11-05,3.09,,,,,,,
JD하효,2019-11-06,3.06,,,,,,,
JD하효,2019-11-07,3.05,,,,,,,
JD하효,2019-11-08,3.03,,,,,,,
JD하효,2019-11-09,3.0,,,,,,,
JD하효,2019-11-10,3.01,,,,,,,
JD하효,2019-11-11,3.0,,,,,,,
JD하효,2019-11-12,2.99,,,,,,,
JD하효,2019-11-13,2.99,,,,,,,
JD하효,2019-11-14,2.92,,,,,,,
JD하효,2019-11-15,2.89,,,,,,,
JD하효,2019-11-16,2.87,,,,,,,
JD하효,2019-11-17,2.87,,,,,,,
JD하효,2019-11-18,2.83,,,,,,,
JD하효,2019-11-19,2.76,,,,,,,
JD하효,2019-11-20,2.71,,,,,,,
JD하효,2019-11-21,2.7,,,,,,,
JD하효,2019-11-22,2.72,,,,,,,
JD하효,2019-11-23,2.73,,,,,,,
JD하효,2019-11-24,2.77,,,,,,,
JD하효,2019-11-25,2.75,,,,,,,
JD하효,2019-11-26,2.78,,,,,,,
JD하효,2019-11-27,2.77,,,,,,,
JD하효,2019-11-28,2.76,,,,,,,
JD하효,2019-11-29,2.71,,,,,,,
JD하효,2019-11-30,2.68,,,,,,,
JD하효,2019-12-01,2.69,,,,,,,
JD하효,2019-12-02,2.65,,,,,,,
JD하효,2019-12-03,2.59,,,,,,,
JD하효,2019-12-04,2.52,,,,,,,
JD하효,2019-12-05,2.47,,,,,,,
JD하효,2019-12-06,2.45,,,,,,,
JD하효,2019-12-07,2.44,,,,,,,
JD하효,2019-12-08,2.45,,,,,,,
JD하효,2019-12-09,2.46,,,,,,,
JD하효,2019-12-10,2.48,,,,,,,
JD하효,2019-12-11,2.5,,,,,,,
JD하효,2019-12-12,2.47,,,,,,,
JD하효,2019-12-13,2.47,,,,,,,
JD하효,2019-12-14,2.46,,,,,,,
JD하효,2019-12-15,2.48,,,,,,,
JD하효,2019-12-16,2.46,,,,,,,
JD하효,2019-12-17,2.46,,,,,,,
JD하효,2019-12-18,2.42,,,,,,,
JD하효,2019-12-19,2.39,,,,,,,
JD하효,2019-12-20,2.35,,,,,,,
JD하효,2019-12-21,2.34,,,,,,,
JD하효,2019-12-22,2.38,,,,,,,
JD하효,2019-12-23,2.37,,,,,,,
JD하효,2019-12-24,2.38,,,,,,,
JD하효,2019-12-25,2.39,,,,,,,
JD하효,2019-12-26,2.43,,,,,,,
JD하효,2019-12-27,2.38,,,,,,,
JD하효,2019-12-28,2.34,,,,,,,
JD하효,2019-12-29,2.34,,,,,,,
JD하효,2019-12-30,2.32,,,,,,,
JD하효,2019-12-31,2.22,,,,,,,
JD하효,2020-01-01,2.21,,,,,,,
JD하효,2020-01-02,2.2,,,,,,,
JD하효,2020-01-03,2.19,,,,,,,
JD하효,2020-01-04,2.18,,,,,,,
JD하효,2020-01-05,2.18,,,,,,,
JD하효,2020-01-06,2.2,,,,,,,
JD하효,2020-01-07,2.26,,,,,,,
JD하효,2020-01-08,2.2,,,,,,,
JD하효,2020-01-09,2.22,,,,,,,
JD하효,2020-01-10,2.26,,,,,,,
JD하효,2020-01-11,2.26,,,,,,,
JD하효,2020-01-12,2.25,,,,,,,
JD하효,2020-01-13,2.24,,,,,,,
JD하효,2020-01-14,2.24,,,,,,,
JD하효,2020-01-15,2.19,,,,,,,
JD하효,2020-01-16,2.13,,,,,,,
JD하효,2020-01-17,2.08,,,,,,,
JD하효,2020-01-18,2.05,,,,,,,
JD하효,2020-01-19,2.02,,,,,,,
JD하효,2020-01-20,2.0,,,,,,,
JD하효,2020-01-21,2.0,,,,,,,
JD하효,2020-01-22,2.04,,,,,,,
JD하효,2020-01-23,2.07,,,,,,,
JD하효,2020-01-24,2.04,,,,,,,
JD하효,2020-01-25,2.04,,,,,,,
JD하효,2020-01-26,2.07,,,,,,,
JD하효,2020-01-27,2.3,,,,,,,
JD하효,2020-01-28,2.27,,,,,,,
JD하효,2020-01-29,2.18,,,,,,,
JD하효,2020-01-30,2.14,,,,,,,
JD하효,2020-01-31,2.12,,,,,,,
JD하효,2020-02-01,2.08,,,,,,,
JD하효,2020-02-02,2.03,,,,,,,
JD하효,2020-02-03,1.97,,,,,,,
JD하효,2020-02-04,1.95,,,,,,,
JD하효,2020-02-05,1.93,,,,,,,
JD하효,2020-02-06,1.94,,,,,,,
JD하효,2020-02-07,1.98,,,,,,,
JD하효,2020-02-08,2.04,,,,,,,
JD하효,2020-02-09,2.06,,,,,,,
JD하효,2020-02-10,2.07,,,,,,,
JD하효,2020-02-11,2.09,,,,,,,
JD하효,2020-02-12,2.22,,,,,,,
JD하효,2020-02-13,2.16,,,,,,,
JD하효,2020-02-14,2.11,,,,,,,
JD하효,2020-02-15,2.09,,,,,,,
JD하효,2020-02-16,2.01,,,,,,,
JD하효,2020-02-17,1.92,,,,,,,
JD하효,2020-02-18,1.91,,,,,,,
JD하효,2020-02-19,1.93,,,,,,,
JD하효,2020-02-20,1.91,,,,,,,
JD하효,2020-02-21,1.89,,,,,,,
JD하효,2020-02-22,1.85,,,,,,,
JD하효,2020-02-23,1.83,,,,,,,
JD하효,2020-02-24,1.86,,,,,,,
JD하효,2020-02-25,1.92,,,,,,,
JD하효,2020-02-26,1.91,,,,,,,
JD하효,2020-02-27,1.86,,,,,,,
JD하효,2020-02-28,1.86,,,,,,,
JD하효,2020-02-29,1.89,,,,,,,
JD하효,2020-03-01,1.9,,,,,,,
JD하효,2020-03-02,1.85,,,,,,,
JD하효,2020-03-03,1.84,,,,,,,
JD하효,2020-03-04,1.81,,,,,,,
JD하효,2020-03-05,1.77,,,,,,,
JD하효,2020-03-06,1.8,,,,,,,
JD하효,2020-03-07,1.87,,,,,,,
JD하효,2020-03-08,1.91,,,,,,,
JD하효,2020-03-09,1.99,,,,,,,
JD하효,2020-03-10,2.07,,,,,,,
JD하효,2020-03-11,1.98,,,,,,,
JD하효,2020-03-12,1.95,,,,,,,
JD하효,2020-03-13,1.86,,,,,,,
JD하효,2020-03-14,1.79,,,,,,,
JD하효,2020-03-15,1.73,,,,,,,
JD하효,2020-03-16,1.7,,,,,,,
JD하효,2020-03-17,1.65,,,,,,,
JD하효,2020-03-18,1.65,,,,,,,
JD하효,2020-03-19,1.66,,,,,,,
JD하효,2020-03-20,1.62,,,,,,,
JD하효,2020-03-21,1.68,,,,,,,
JD하효,2020-03-22,1.73,,,,,,,
JD하효,2020-03-23,1.72,,,,,,,
JD하효,2020-03-24,1.7,,,,,,,
JD하효,2020-03-25,1.7,,,,,,,
JD하효,2020-03-26,1.84,,,,,,,
JD하효,2020-03-27,1.91,,,,,,,
JD하효,2020-03-28,1.83,,,,,,,
JD하효,2020-03-29,1.77,,,,,,,
JD하효,2020-03-30,1.72,,,,,,,
JD하효,2020-03-31,1.7,,,,,,,
JD하효,2020-04-01,1.69,,,,,,,
JD하효,2020-04-02,1.66,,,,,,,
JD하효,2020-04-03,1.64,,,,,,,
JD하효,2020-04-04,1.65,,,,,,,
JD하효,2020-04-05,1.68,,,,,,,
JD하효,2020-04-06,1.69,,,,,,,
JD하효,2020-04-07,1.73,,,,,,,
JD하효,2020-04-08,1.76,,,,,,,
JD하효,2020-04-09,1.76,,,,,,,
JD하효,2020-04-10,1.75,,,,,,,
JD하효,2020-04-11,1.73,,,,,,,
JD하효,2020-04-12,1.76,,,,,,,
JD하효,2020-04-13,1.75,,,,,,,
JD하효,2020-04-14,1.66,,,,,,,
JD하효,2020-04-15,1.63,,,,,,,
JD하효,2020-04-16,1.65,,,,,,,
JD하효,2020-04-17,1.7,,,,,,,
JD하효,2020-04-18,1.65,,,,,,,
JD하효,2020-04-19,1.72,,,,,,,
JD하효,2020-04-20,1.73,,,,,,,
JD하효,2020-04-21,1.69,,,,,,,
JD하효,2020-04-22,1.64,,,,,,,
JD하효,2020-04-23,1.61,,,,,,,
JD하효,2020-04-24,1.6,,,,,,,
JD하효,2020-04-25,1.61,,,,,,,
JD하효,2020-04-26,1.61,,,,,,,
JD하효,2020-04-27,1.61,,,,,,,
JD하효,2020-04-28,1.56,,,,,,,
JD하효,2020-04-29,1.53,,,,,,,
JD하효,2020-04-30,1.54,,,,,,,
JD하효,2020-05-01,1.52,,,,,,,
JD하효,2020-05-02,1.54,,,,,,,
JD하효,2020-05-03,1.69,,,,,,,
JD하효,2020-05-04,1.7,,,,,,,
JD하효,2020-05-05,1.73,,,,,,,
JD하효,2020-05-06,1.75,,,,,,,
JD하효,2020-05-07,1.79,,,,,,,
JD하효,2020-05-08,1.78,,,,,,,
JD하효,2020-05-09,2.07,,,,,,,
JD하효,2020-05-10,2.09,,,,,,,
JD하효,2020-05-11,1.97,,,,,,,
JD하효,2020-05-12,1.93,,,,,,,
JD하효,2020-05-13,1.86,,,,,,,
JD하효,2020-05-14,1.82,,,,,,,
JD하효,2020-05-15,1.99,,,,,,,
JD하효,2020-05-16,2.04,,,,,,,
JD하효,2020-05-17,2.02,,,,,,,
JD하효,2020-05-18,2.06,,,,,,,
JD하효,2020-05-19,2.05,,,,,,,
JD하효,2020-05-20,2.04,,,,,,,
JD하효,2020-05-21,2.06,,,,,,,
JD하효,2020-05-22,2.07,,,,,,,
JD하효,2020-05-23,2.09,,,,,,,
JD하효,2020-05-24,2.1,,,,,,,
JD하효,2020-05-25,2.13,,,,,,,
JD하효,2020-05-26,2.17,,,,,,,
JD하효,2020-05-27,2.17,,,,,,,
JD하효,2020-05-28,2.17,,,,,,,
JD하효,2020-05-29,2.15,,,,,,,
JD하효,2020-05-30,2.15,,,,,,,
JD하효,2020-05-31,2.19,,,,,,,
JD하효,2020-06-01,2.18,,,,,,,
JD하효,2020-06-02,2.2,,,,,,,
JD하효,2020-06-03,2.28,,,,,,,
JD하효,2020-06-04,2.33,,,,,,,
JD하효,2020-06-05,2.35,,,,,,,
JD하효,2020-06-06,2.37,,,,,,,
JD하효,2020-06-07,2.35,,,,,,,
JD하효,2020-06-08,2.32,,,,,,,
JD하효,2020-06-09,2.29,,,,,,,
JD하효,2020-06-10,2.28,,,,,,,
JD하효,2020-06-11,2.3,,,,,,,
JD하효,2020-06-12,2.26,,,,,,,
JD하효,2020-06-13,2.41,,,,,,,
JD하효,2020-06-14,2.45,,,,,,,
JD하효,2020-06-15,2.4,,,,,,,
JD하효,2020-06-16,2.37,,,,,,,
JD하효,2020-06-17,2.37,,,,,,,
JD하효,2020-06-18,2.5,,,,,,,
JD하효,2020-06-19,2.53,,,,,,,
JD하효,2020-06-20,2.49,,,,,,,
JD하효,2020-06-21,2.48,,,,,,,
JD하효,2020-06-22,2.46,,,,,,,
JD하효,2020-06-23,2.45,,,,,,,
JD하효,2020-06-24,2.67,,,,,,,
JD하효,2020-06-25,2.99,,,,,,,
JD하효,2020-06-26,2.87,,,,,,,
JD하효,2020-06-27,2.79,,,,,,,
JD하효,2020-06-28,2.73,,,,,,,
JD하효,2020-06-29,2.73,,,,,,,
JD하효,2020-06-30,2.76,,,,,,,
JD하효,2020-07-01,2.68,,,,,,,
JD하효,2020-07-02,2.67,,,,,,,
JD하효,2020-07-03,2.71,,,,,,,
JD하효,2020-07-04,2.8,,,,,,,
JD하효,2020-07-05,2.79,,,,,,,
JD하효,2020-07-06,2.91,,,,,,,
JD하효,2020-07-07,3.17,,,,,,,
JD하효,2020-07-08,3.3,,,,,,,
JD하효,2020-07-09,3.19,,,,,,,
JD하효,2020-07-10,3.32,,,,,,,
JD하효,2020-07-11,3.26,,,,,,,
JD하효,2020-07-12,3.3,,,,,,,
JD하효,2020-07-13,3.43,,,,,,,
JD하효,2020-07-14,3.37,,,,,,,
JD하효,2020-07-15,3.31,,,,,,,
JD하효,2020-07-16,3.3,,,,,,,
JD하효,2020-07-17,3.28,,,,,,,
JD하효,2020-07-18,3.3,,,,,,,
JD하효,2020-07-19,3.32,,,,,,,
JD하효,2020-07-20,3.34,,,,,,,
JD하효,2020-07-21,3.34,,,,,,,
JD하효,2020-07-22,3.36,,,,,,,
JD하효,2020-07-23,3.41,,,,,,,
JD하효,2020-07-24,3.43,,,,,,,
JD하효,2020-07-25,3.4,,,,,,,
JD하효,2020-07-26,3.39,,,,,,,
JD하효,2020-07-27,3.42,,,,,,,
JD하효,2020-07-28,3.43,,,,,,,
JD하효,2020-07-29,3.35,,,,,,,
JD하효,2020-07-30,3.29,,,,,,,
JD하효,2020-07-31,3.24,,,,,,,
JD하효,2020-08-01,3.24,,,,,,,
JD하효,2020-08-02,3.23,,,,,,,
JD하효,2020-08-03,3.2,,,,,,,
JD하효,2020-08-04,3.18,,,,,,,
JD하효,2020-08-05,3.19,,,,,,,
JD하효,2020-08-06,3.18,,,,,,,
JD하효,2020-08-07,3.15,,,,,,,
JD하효,2020-08-08,3.13,,,,,,,
JD하효,2020-08-09,3.11,,,,,,,
JD하효,2020-08-10,3.13,,,,,,,
JD하효,2020-08-11,3.07,,,,,,,
JD하효,2020-08-12,3.01,,,,,,,
JD하효,2020-08-13,2.98,,,,,,,
JD하효,2020-08-14,2.97,,,,,,,
JD하효,2020-08-15,2.95,,,,,,,
JD하효,2020-08-16,2.95,,,,,,,
JD하효,2020-08-17,2.93,,,,,,,
JD하효,2020-08-18,2.91,,,,,,,
JD하효,2020-08-19,2.93,,,,,,,
JD하효,2020-08-20,2.93,,,,,,,
JD하효,2020-08-21,2.94,,,,,,,
JD하효,2020-08-22,2.93,,,,,,,
JD하효,2020-08-23,2.92,,,,,,,
JD하효,2020-08-24,2.92,,,,,,,
JD하효,2020-08-25,3.0,,,,,,,
JD하효,2020-08-26,3.19,,,,,,,
JD하효,2020-08-27,3.06,,,,,,,
JD하효,2020-08-28,2.96,,,,,,,
JD하효,2020-08-29,2.91,,,,,,,
JD하효,2020-08-30,2.87,,,,,,,
JD하효,2020-08-31,2.88,,,,,,,
JD하효,2020-09-01,2.91,,,,,,,
JD하효,2020-09-02,3.29,,,,,,,
JD하효,2020-09-03,4.36,,,,,,,
JD하효,2020-09-04,3.84,,,,,,,
JD하효,2020-09-05,3.61,,,,,,,
JD하효,2020-09-06,3.6,,,,,,,
JD하효,2020-09-07,3.69,,,,,,,
JD하효,2020-09-08,3.51,,,,,,,
JD하효,2020-09-09,3.42,,,,,,,
JD하효,2020-09-10,3.36,,,,,,,
JD하효,2020-09-11,3.34,,,,,,,
JD하효,2020-09-12,3.36,,,,,,,
JD하효,2020-09-13,3.36,,,,,,,
JD하효,2020-09-14,3.46,,,,,,,
JD하효,2020-09-15,3.46,,,,,,,
JD하효,2020-09-16,3.51,,,,,,,
JD하효,2020-09-17,3.57,,,,,,,
JD하효,2020-09-18,3.71,,,,,,,
JD하효,2020-09-19,3.71,,,,,,,
JD하효,2020-09-20,3.67,,,,,,,
JD하효,2020-09-21,3.64,,,,,,,
JD하효,2020-09-22,3.63,,,,,,,
JD하효,2020-09-23,3.64,,,,,,,
JD하효,2020-09-24,3.61,,,,,,,
JD하효,2020-09-25,3.58,,,,,,,
JD하효,2020-09-26,3.53,,,,,,,
JD하효,2020-09-27,3.51,,,,,,,
JD하효,2020-09-28,3.49,,,,,,,
JD하효,2020-09-29,3.45,,,,,,,
JD하효,2020-09-30,3.43,,,,,,,
JD하효,2020-10-01,3.41,,,,,,,
JD하효,2020-10-02,3.38,,,,,,,
JD하효,2020-10-03,3.36,,,,,,,
JD하효,2020-10-04,3.34,,,,,,,
JD하효,2020-10-05,3.3,,,,,,,
JD하효,2020-10-06,3.26,,,,,,,
JD하효,2020-10-07,3.24,,,,,,,
JD하효,2020-10-08,3.26,,,,,,,
JD하효,2020-10-09,3.28,,,,,,,
JD하효,2020-10-10,3.21,,,,,,,
JD하효,2020-10-11,3.17,,,,,,,
JD하효,2020-10-12,3.16,,,,,,,
JD하효,2020-10-13,3.13,,,,,,,
JD하효,2020-10-14,3.11,,,,,,,
JD하효,2020-10-15,3.1,,,,,,,
JD하효,2020-10-16,3.08,,,,,,,
JD하효,2020-10-17,3.08,,,,,,,
JD하효,2020-10-18,3.06,,,,,,,
JD하효,2020-10-19,3.03,,,,,,,
JD하효,2020-10-20,3.02,,,,,,,
JD하효,2020-10-21,3.0,,,,,,,
JD하효,2020-10-22,3.0,,,,,,,
JD하효,2020-10-23,2.92,,,,,,,
JD하효,2020-10-24,2.85,,,,,,,
JD하효,2020-10-25,2.82,,,,,,,
JD하효,2020-10-26,2.82,,,,,,,
JD하효,2020-10-27,2.82,,,,,,,
JD하효,2020-10-28,2.8,,,,,,,
JD하효,2020-10-29,2.77,,,,,,,
JD하효,2020-10-30,2.76,,,,,,,
JD하효,2020-10-31,2.76,,,,,,,
JD하효,2020-11-01,2.73,,,,,,,
JD하효,2020-11-02,2.73,,,,,,,
JD하효,2020-11-03,2.68,,,,,,,
JD하효,2020-11-04,2.63,,,,,,,
JD하효,2020-11-05,2.6,,,,,,,
JD하효,2020-11-06,2.58,,,,,,,
JD하효,2020-11-07,2.56,,,,,,,
JD하효,2020-11-08,2.51,,,,,,,
JD하효,2020-11-09,2.47,,,,,,,
JD하효,2020-11-10,2.44,,,,,,,
JD하효,2020-11-11,2.42,,,,,,,
JD하효,2020-11-12,2.41,,,,,,,
JD하효,2020-11-13,2.4,,,,,,,
JD하효,2020-11-14,2.44,,,,,,,
JD하효,2020-11-15,2.44,,,,,,,
JD하효,2020-11-16,2.44,,,,,,,
JD하효,2020-11-17,2.45,,,,,,,
JD하효,2020-11-18,2.44,,,,,,,
JD하효,2020-11-19,2.43,,,,,,,
JD하효,2020-11-20,2.36,,,,,,,
JD하효,2020-11-21,2.34,,,,,,,
JD하효,2020-11-22,2.27,,,,,,,
JD하효,2020-11-23,2.18,,,,,,,
JD하효,2020-11-24,2.15,,,,,,,
JD하효,2020-11-25,2.14,,,,,,,
JD하효,2020-11-26,2.15,,,,,,,
JD하효,2020-11-27,2.15,,,,,,,
JD하효,2020-11-28,2.11,,,,,,,
JD하효,2020-11-29,2.11,,,,,,,
JD하효,2020-11-30,2.09,,,,,,,
JD하효,2020-12-01,2.09,,,,,,,
JD하효,2020-12-02,2.1,,,,,,,
JD하효,2020-12-03,2.08,,,,,,,
JD하효,2020-12-04,2.07,,,,,,,
JD하효,2020-12-05,2.06,,,,,,,
JD하효,2020-12-06,2.04,,,,,,,
JD하효,2020-12-07,2.03,,,,,,,
JD하효,2020-12-08,2.01,,,,,,,
JD하효,2020-12-09,2.01,,,,,,,
JD하효,2020-12-10,2.03,,,,,,,
JD하효,2020-12-11,2.05,,,,,,,
JD하효,2020-12-12,2.07,,,,,,,
JD하효,2020-12-13,2.1,,,,,,,
JD하효,2020-12-14,2.05,,,,,,,
JD하효,2020-12-15,2.03,,,,,,,
JD하효,2020-12-16,2.0,,,,,,,
JD하효,2020-12-17,2.0,,,,,,,
JD하효,2020-12-18,1.98,,,,,,,
JD하효,2020-12-19,1.93,,,,,,,
JD하효,2020-12-20,1.9,,,,,,,
JD하효,2020-12-21,1.88,,,,,,,
JD하효,2020-12-22,1.85,,,,,,,
JD하효,2020-12-23,1.86,,,,,,,
JD하효,2020-12-24,1.88,,,,,,,
JD하효,2020-12-25,1.86,,,,,,,
JD하효,2020-12-26,1.87,,,,,,,
JD하효,2020-12-27,1.98,,,,,,,
JD하효,2020-12-28,2.0,,,,,,,
JD하효,2020-12-29,1.99,,,,,,,
JD하효,2020-12-30,1.9,,,,,,,
JD하효,2020-12-31,1.87,,,,,,,
JD하효,2021-01-01,1.88,,,,,,,
JD하효,2021-01-02,1.87,,,,,,,
JD하효,2021-01-03,1.86,,,,,,,
JD하효,2021-01-04,1.85,,,,,,,
JD하효,2021-01-05,1.82,,,,,,,
JD하효,2021-01-06,1.79,,,,,,,
JD하효,2021-01-07,1.71,,,,,,,
JD하효,2021-01-08,1.72,,,,,,,
JD하효,2021-01-09,1.74,,,,,,,
JD하효,2021-01-10,1.75,,,,,,,
JD하효,2021-01-11,1.77,,,,,,,
JD하효,2021-01-12,1.78,,,,,,,
JD하효,2021-01-13,1.81,,,,,,,
JD하효,2021-01-14,1.83,,,,,,,
JD하효,2021-01-15,1.84,,,,,,,
JD하효,2021-01-16,1.78,,,,,,,
JD하효,2021-01-17,1.73,,,,,,,
JD하효,2021-01-18,1.69,,,,,,,
JD하효,2021-01-19,1.67,,,,,,,
JD하효,2021-01-20,1.65,,,,,,,
JD하효,2021-01-21,1.62,,,,,,,
JD하효,2021-01-22,1.65,,,,,,,
JD하효,2021-01-23,1.74,,,,,,,
JD하효,2021-01-24,1.78,,,,,,,
JD하효,2021-01-25,1.74,,,,,,,
JD하효,2021-01-26,1.74,,,,,,,
JD하효,2021-01-27,1.72,,,,,,,
JD하효,2021-01-28,1.72,,,,,,,
JD하효,2021-01-29,1.67,,,,,,,
JD하효,2021-01-30,1.69,,,,,,,
JD하효,2021-01-31,1.72,,,,,,,
JD하효,2021-02-01,1.77,,,,,,,
JD하효,2021-02-02,1.7,,,,,,,
JD하효,2021-02-03,1.64,,,,,,,
JD하효,2021-02-04,1.59,,,,,,,
JD하효,2021-02-05,1.58,,,,,,,
JD하효,2021-02-06,1.59,,,,,,,
JD하효,2021-02-07,1.61,,,,,,,
JD하효,2021-02-08,1.58,,,,,,,
JD하효,2021-02-09,1.54,,,,,,,
JD하효,2021-02-10,1.57,,,,,,,
JD하효,2021-02-11,1.6,,,,,,,
JD하효,2021-02-12,1.62,,,,,,,
JD하효,2021-02-13,1.62,,,,,,,
JD하효,2021-02-14,1.63,,,,,,,
JD하효,2021-02-15,1.62,,,,,,,
JD하효,2021-02-16,1.58,,,,,,,
JD하효,2021-02-17,1.48,,,,,,,
JD하효,2021-02-18,1.41,,,,,,,
JD하효,2021-02-19,1.41,,,,,,,
JD하효,2021-02-20,1.39,,,,,,,
JD하효,2021-02-21,1.4,,,,,,,
JD하효,2021-02-22,1.44,,,,,,,
JD하효,2021-02-23,1.43,,,,,,,
JD하효,2021-02-24,1.43,,,,,,,
JD하효,2021-02-25,1.47,,,,,,,
JD하효,2021-02-26,1.61,,,,,,,
JD하효,2021-02-27,1.71,,,,,,,
JD하효,2021-02-28,1.62,,,,,,,
JD하효,2021-03-01,1.61,,,,,,,
JD하효,2021-03-02,1.59,,,,,,,
JD하효,2021-03-03,1.56,,,,,,,
JD하효,2021-03-04,1.55,,,,,,,
JD하효,2021-03-05,1.56,,,,,,,
JD하효,2021-03-06,1.51,,,,,,,
JD하효,2021-03-07,1.5,,,,,,,
JD하효,2021-03-08,1.43,,,,,,,
JD하효,2021-03-09,1.42,,,,,,,
JD하효,2021-03-10,1.41,,,,,,,
JD하효,2021-03-11,1.45,,,,,,,
JD하효,2021-03-12,1.56,,,,,,,
JD하효,2021-03-13,1.53,,,,,,,
JD하효,2021-03-14,1.5,,,,,,,
JD하효,2021-03-15,1.51,,,,,,,
JD하효,2021-03-16,1.55,,,,,,,
JD하효,2021-03-17,1.53,,,,,,,
JD하효,2021-03-18,1.51,,,,,,,
JD하효,2021-03-19,1.51,,,,,,,
JD하효,2021-03-20,1.55,,,,,,,
JD하효,2021-03-21,1.47,,,,,,,
JD하효,2021-03-22,1.38,,,,,,,
JD하효,2021-03-23,1.36,,,,,,,
JD하효,2021-03-24,1.37,,,,,,,
JD하효,2021-03-25,1.39,,,,,,,
JD하효,2021-03-26,1.41,,,,,,,
JD하효,2021-03-27,1.51,,,,,,,
JD하효,2021-03-28,1.58,,,,,,,
JD하효,2021-03-29,1.58,,,,,,,
JD하효,2021-03-30,1.59,,,,,,,
JD하효,2021-03-31,1.59,,,,,,,
JD하효,2021-04-01,1.62,,,,,,,
JD하효,2021-04-02,1.62,,,,,,,
JD하효,2021-04-03,1.57,,,,,,,
JD하효,2021-04-04,1.51,,,,,,,
JD하효,2021-04-05,1.5,,,,,,,
JD하효,2021-04-06,1.47,,,,,,,
JD하효,2021-04-07,1.42,,,,,,,
JD하효,2021-04-08,1.43,,,,,,,
JD하효,2021-04-09,1.44,,,,,,,
JD하효,2021-04-10,1.45,,,,,,,
JD하효,2021-04-11,1.42,,,,,,,
JD하효,2021-04-12,1.57,,,,,,,
JD하효,2021-04-13,1.84,,,,,,,
JD하효,2021-04-14,1.71,,,,,,,
JD하효,2021-04-15,1.69,,,,,,,
JD하효,2021-04-16,1.67,,,,,,,
JD하효,2021-04-17,1.63,,,,,,,
JD하효,2021-04-18,1.57,,,,,,,
JD하효,2021-04-19,1.56,,,,,,,
JD하효,2021-04-20,1.57,,,,,,,
JD하효,2021-04-21,1.58,,,,,,,
JD하효,2021-04-22,1.6,,,,,,,
JD하효,2021-04-23,1.67,,,,,,,
JD하효,2021-04-24,1.69,,,,,,,
JD하효,2021-04-25,1.7,,,,,,,
JD하효,2021-04-26,1.75,,,,,,,
JD하효,2021-04-27,1.76,,,,,,,
JD하효,2021-04-28,1.77,,,,,,,
JD하효,2021-04-29,1.82,,,,,,,
JD하효,2021-04-30,1.85,,,,,,,
JD하효,2021-05-01,1.92,,,,,,,
JD하효,2021-05-02,1.85,,,,,,,
JD하효,2021-05-03,1.8,,,,,,,
JD하효,2021-05-04,1.87,,,,,,,
JD하효,2021-05-05,1.91,,,,,,,
JD하효,2021-05-06,1.84,,,,,,,
JD하효,2021-05-07,1.84,,,,,,,
JD하효,2021-05-08,1.85,,,,,,,
JD하효,2021-05-09,1.87,,,,,,,
JD하효,2021-05-10,1.91,,,,,,,
JD하효,2021-05-11,1.96,,,,,,,
JD하효,2021-05-12,1.99,,,,,,,
JD하효,2021-05-13,1.97,,,,,,,
JD하효,2021-05-14,1.94,,,,,,,
JD하효,2021-05-15,1.96,,,,,,,
JD하효,2021-05-16,1.98,,,,,,,
JD하효,2021-05-17,1.95,,,,,,,
JD하효,2021-05-18,1.92,,,,,,,
JD하효,2021-05-19,1.88,,,,,,,
JD하효,2021-05-20,1.97,,,,,,,
JD하효,2021-05-21,1.93,,,,,,,
JD하효,2021-05-22,1.93,,,,,,,
JD하효,2021-05-23,1.96,,,,,,,
JD하효,2021-05-24,1.99,,,,,,,
JD하효,2021-05-25,2.0,,,,,,,
JD하효,2021-05-26,2.02,,,,,,,
JD하효,2021-05-27,2.18,,,,,,,
JD하효,2021-05-28,2.14,,,,,,,
JD하효,2021-05-29,2.11,,,,,,,
JD하효,2021-05-30,2.09,,,,,,,
JD하효,2021-05-31,2.04,,,,,,,
JD하효,2021-06-01,1.97,,,,,,,
JD하효,2021-06-02,1.94,,,,,,,
JD하효,2021-06-03,2.03,,,,,,,
JD하효,2021-06-04,2.01,,,,,,,
JD하효,2021-06-05,1.99,,,,,,,
JD하효,2021-06-06,1.99,,,,,,,
JD하효,2021-06-07,1.99,,,,,,,
JD하효,2021-06-08,1.98,,,,,,,
JD하효,2021-06-09,1.99,,,,,,,
JD하효,2021-06-10,2.01,,,,,,,
JD하효,2021-06-11,2.27,,,,,,,
JD하효,2021-06-12,2.29,,,,,,,
JD하효,2021-06-13,2.22,,,,,,,
JD하효,2021-06-14,2.22,,,,,,,
JD하효,2021-06-15,2.37,,,,,,,
JD하효,2021-06-16,2.52,,,,,,,
JD하효,2021-06-17,2.47,,,,,,,
JD하효,2021-06-18,2.4,,,,,,,
JD하효,2021-06-19,2.35,,,,,,,
JD하효,2021-06-20,2.36,,,,,,,
JD하효,2021-06-21,2.37,,,,,,,
JD하효,2021-06-22,2.37,,,,,,,
JD하효,2021-06-23,2.34,,,,,,,
JD하효,2021-06-24,2.32,,,,,,,
JD하효,2021-06-25,2.32,,,,,,,
JD하효,2021-06-26,2.35,,,,,,,
JD하효,2021-06-27,2.4,,,,,,,
JD하효,2021-06-28,2.42,,,,,,,
JD하효,2021-06-29,2.39,,,,,,,
JD하효,2021-06-30,2.36,,,,,,,
JD하효,2021-07-01,2.32,,,,,,,
JD하효,2021-07-02,2.29,,,,,,,
JD하효,2021-07-03,2.39,,,,,,,
JD하효,2021-07-04,2.39,,,,,,,
JD하효,2021-07-05,2.7,,,,,,,
JD하효,2021-07-06,2.62,,,,,,,
JD하효,2021-07-07,2.57,,,,,,,
JD하효,2021-07-08,2.57,,,,,,,
JD하효,2021-07-09,2.55,,,,,,,
JD하효,2021-07-10,2.52,,,,,,,
JD하효,2021-07-11,2.49,,,,,,,
JD하효,2021-07-12,2.45,,,,,,,
JD하효,2021-07-13,2.43,,,,,,,
JD하효,2021-07-14,2.4,,,,,,,
JD하효,2021-07-15,2.38,,,,,,,
JD하효,2021-07-16,2.35,,,,,,,
JD하효,2021-07-17,2.33,,,,,,,
JD하효,2021-07-18,2.4,,,,,,,
JD하효,2021-07-19,2.48,,,,,,,
JD하효,2021-07-20,2.47,,,,,,,
JD하효,2021-07-21,2.5,,,,,,,
JD하효,2021-07-22,2.53,,,,,,,
JD하효,2021-07-23,2.54,,,,,,,
JD하효,2021-07-24,2.58,,,,,,,
JD하효,2021-07-25,2.7,,,,,,,
JD하효,2021-07-26,2.7,,,,,,,
JD하효,2021-07-27,2.62,,,,,,,
JD하효,2021-07-28,2.57,,,,,,,
JD하효,2021-07-29,2.52,,,,,,,
JD하효,2021-07-30,2.47,,,,,,,
JD하효,2021-07-31,2.47,,,,,,,
JD하효,2021-08-01,2.46,,,,,,,
JD하효,2021-08-02,2.46,,,,,,,
JD하효,2021-08-03,2.48,,,,,,,
JD하효,2021-08-04,2.42,,,,,,,
JD하효,2021-08-05,2.46,,,,,,,
JD하효,2021-08-06,2.46,,,,,,,
JD하효,2021-08-07,2.5,,,,,,,
JD하효,2021-08-08,2.54,,,,,,,
JD하효,2021-08-09,2.56,,,,,,,
JD하효,2021-08-10,2.55,,,,,,,
JD하효,2021-08-11,2.6,,,,,,,
JD하효,2021-08-12,2.6,,,,,,,
JD하효,2021-08-13,2.7,,,,,,,
JD하효,2021-08-14,2.79,,,,,,,
JD하효,2021-08-15,2.71,,,,,,,
JD하효,2021-08-16,2.71,,,,,,,
JD하효,2021-08-17,2.63,,,,,,,
JD하효,2021-08-18,2.6,,,,,,,
JD하효,2021-08-19,2.58,,,,,,,
JD하효,2021-08-20,2.56,,,,,,,
JD하효,2021-08-21,2.63,,,,,,,
JD하효,2021-08-22,2.79,,,,,,,
JD하효,2021-08-23,2.96,,,,,,,
JD하효,2021-08-24,2.97,,,,,,,
JD하효,2021-08-25,2.88,,,,,,,
JD하효,2021-08-26,2.83,,,,,,,
JD하효,2021-08-27,2.78,,,,,,,
JD하효,2021-08-28,2.71,,,,,,,
JD하효,2021-08-29,2.64,,,,,,,
JD하효,2021-08-30,2.6,,,,,,,
JD하효,2021-08-31,2.6,,,,,,,
JD하효,2021-09-01,2.62,,,,,,,
JD하효,2021-09-02,2.68,,,,,,,
JD하효,2021-09-03,3.03,,,,,,,
JD하효,2021-09-04,3.0,,,,,,,
JD하효,2021-09-05,2.97,,,,,,,
JD하효,2021-09-06,2.98,,,,,,,
JD하효,2021-09-07,2.97,,,,,,,
JD하효,2021-09-08,2.97,,,,,,,
JD하효,2021-09-09,3.0,,,,,,,
JD하효,2021-09-10,3.04,,,,,,,
JD하효,2021-09-11,3.02,,,,,,,
JD하효,2021-09-12,3.02,,,,,,,
JD하효,2021-09-13,3.15,,,,,,,
JD하효,2021-09-14,4.33,,,,,,,
JD하효,2021-09-15,5.23,,,,,,,
JD하효,2021-09-16,5.0,,,,,,,
JD하효,2021-09-17,5.68,,,,,,,
JD하효,2021-09-18,5.42,,,,,,,
JD하효,2021-09-19,4.98,,,,,,,
JD하효,2021-09-20,4.68,,,,,,,
JD하효,2021-09-21,4.65,,,,,,,
JD하효,2021-09-22,4.63,,,,,,,
JD하효,2021-09-23,4.6,,,,,,,
JD하효,2021-09-24,4.57,,,,,,,
JD하효,2021-09-25,4.55,,,,,,,
JD하효,2021-09-26,4.5,,,,,,,
JD하효,2021-09-27,4.5,,,,,,,
JD하효,2021-09-28,4.49,,,,,,,
JD하효,2021-09-29,4.44,,,,,,,
JD하효,2021-09-30,4.41,,,,,,,
JD하효,2021-10-01,4.38,,,,,,,
JD하효,2021-10-02,4.31,,,,,,,
JD하효,2021-10-03,4.2,,,,,,,
JD하효,2021-10-04,4.12,,,,,,,
JD하효,2021-10-05,4.06,,,,,,,
JD하효,2021-10-06,3.99,,,,,,,
JD하효,2021-10-07,3.92,,,,,,,
JD하효,2021-10-08,3.94,,,,,,,
JD하효,2021-10-09,3.92,,,,,,,
JD하효,2021-10-10,3.88,,,,,,,
JD하효,2021-10-11,3.83,,,,,,,
JD하효,2021-10-12,3.83,,,,,,,
JD하효,2021-10-13,3.79,,,,,,,
JD하효,2021-10-14,3.71,,,,,,,
JD하효,2021-10-15,3.66,,,,,,,
JD하효,2021-10-16,3.65,,,,,,,
JD하효,2021-10-17,3.6,,,,,,,
JD하효,2021-10-18,3.56,,,,,,,
JD하효,2021-10-19,3.53,,,,,,,
JD하효,2021-10-20,3.51,,,,,,,
JD하효,2021-10-21,3.51,,,,,,,
JD하효,2021-10-22,3.48,,,,,,,
JD하효,2021-10-23,3.42,,,,,,,
JD하효,2021-10-24,3.37,,,,,,,
JD하효,2021-10-25,3.37,,,,,,,
JD하효,2021-10-26,3.38,,,,,,,
JD하효,2021-10-27,3.32,,,,,,,
JD하효,2021-11-02,2.58,,,,,,,
JD하효,2021-11-03,2.74,,,,,,,
JD하효,2021-11-04,2.68,,,,,,,
JD하효,2021-11-05,2.73,,,,,,,
JD하효,2021-11-06,2.79,,,,,,,
JD하효,2021-11-07,2.82,,,,,,,
JD하효,2021-11-08,2.73,,,,,,,
JD하효,2021-11-09,2.65,,,,,,,
JD하효,2021-11-10,2.5,,,,,,,
JD하효,2021-11-15,2.18,,,,,,,
JD하효,2021-11-16,2.18,,,,,,,
JD하효,2021-11-17,2.18,,,,,,,
JD하효,2021-11-18,2.22,,,,,,,
JD하효,2021-11-19,2.27,,,,,,,
JD하효,2021-11-20,2.3,,,,,,,
JD하효,2021-11-21,2.31,,,,,,,
JD하효,2021-11-22,2.26,,,,,,,
JD하효,2021-11-23,2.3,,,,,,,
JD하효,2021-11-24,2.33,,,,,,,
JD하효,2021-11-25,2.33,,,,,,,
JD하효,2021-11-26,2.32,,,,,,,
JD하효,2021-11-27,2.28,,,,,,,
JD하효,2021-11-28,2.26,,,,,,,
JD하효,2021-11-29,2.24,,,,,,,
JD하효,2021-11-30,2.3,,,,,,,
JD하효,2021-12-01,2.28,,,,,,,
JD하효,2021-12-02,2.32,,,,,,,
JD하효,2021-12-03,2.33,,,,,,,
JD하효,2021-12-04,2.35,,,,,,,
JD하효,2021-12-05,2.36,,,,,,,
JD하효,2021-12-06,2.34,,,,,,,
JD하효,2021-12-07,2.31,,,,,,,
JD하효,2021-12-08,2.29,,,,,,,
JD하효,2021-12-09,2.26,,,,,,,
JD하효,2021-12-10,2.2,,,,,,,
JD하효,2021-12-11,2.17,,,,,,,
JD하효,2021-12-12,2.14,,,,,,,
JD하효,2021-12-13,2.09,,,,,,,
JD하효,2021-12-14,2.08,,,,,,,
JD하효,2021-12-15,2.09,,,,,,,
JD하효,2021-12-16,2.14,,,,,,,
JD하효,2021-12-17,2.08,,,,,,,
JD하효,2021-12-18,2.05,,,,,,,
JD하효,2021-12-19,2.03,,,,,,,
JD하효,2021-12-20,2.06,,,,,,,
JD하효,2021-12-21,2.07,,,,,,,
JD하효,2021-12-22,2.07,,,,,,,
JD하효,2021-12-23,2.04,,,,,,,
JD하효,2021-12-24,2.02,,,,,,,
JD하효,2021-12-25,1.92,,,,,,,
JD하효,2021-12-26,1.84,,,,,,,
JD하효,2021-12-27,1.82,,,,,,,
JD하효,2021-12-28,1.85,,,,,,,
JD하효,2021-12-29,1.87,,,,,,,
JD하효,2021-12-30,1.84,,,,,,,
JD하효,2021-12-31,1.85,,,,,,,
JD하효,2022-01-01,1.89,,,,,,,
JD하효,2022-01-02,1.91,,,,,,,
JD하효,2022-01-03,1.91,,,,,,,
JD하효,2022-01-04,1.91,,,,,,,
JD하효,2022-01-05,1.95,,,,,,,
JD하효,2022-01-06,1.94,,,,,,,
JD하효,2022-01-07,1.87,,,,,,,
JD하효,2022-01-08,1.82,,,,,,,
JD하효,2022-01-09,1.81,,,,,,,
JD하효,2022-01-10,1.81,,,,,,,
JD하효,2022-01-11,1.73,,,,,,,
JD하효,2022-01-12,1.73,,,,,,,
JD하효,2022-01-13,1.72,,,,,,,
JD하효,2022-01-14,1.73,,,,,,,
JD하효,2022-01-15,1.74,,,,,,,
JD하효,2022-01-16,1.74,,,,,,,
JD하효,2022-01-17,1.72,,,,,,,
JD하효,2022-01-18,1.59,,,,,,,
JD하효,2022-01-24,1.62,,,,,,,
JD하효,2022-01-25,1.57,,,,,,,
JD하효,2022-01-26,1.58,,,,,,,
JD하효,2022-01-27,1.61,,,,,,,
JD하효,2022-01-28,1.64,,,,,,,
JD하효,2022-01-29,1.71,,,,,,,
JD하효,2022-01-30,1.74,,,,,,,
JD하효,2022-01-31,1.72,,,,,,,
JD하효,2022-02-01,1.69,,,,,,,
JD하효,2022-02-02,1.66,,,,,,,
JD하효,2022-02-03,1.65,,,,,,,
JD하효,2022-02-04,1.62,,,,,,,
JD하효,2022-02-05,1.54,,,,,,,
JD하효,2022-02-06,1.51,,,,,,,
JD하효,2022-02-07,1.5,,,,,,,
JD하효,2022-02-08,1.48,,,,,,,
JD하효,2022-02-09,1.47,,,,,,,
JD하효,2022-02-10,1.47,,,,,,,
JD하효,2022-02-11,1.48,,,,,,,
JD하효,2022-02-12,1.5,,,,,,,
JD하효,2022-02-13,1.54,,,,,,,
JD하효,2022-02-14,1.56,,,,,,,
JD하효,2022-02-15,1.51,,,,,,,
JD하효,2022-02-16,1.51,,,,,,,
JD하효,2022-02-17,1.52,,,,,,,
JD하효,2022-02-18,1.55,,,,,,,
JD하효,2022-02-19,1.55,,,,,,,
JD하효,2022-02-20,1.46,,,,,,,
JD하효,2022-02-21,1.42,,,,,,,
JD하효,2022-02-22,1.37,,,,,,,
JD하효,2022-02-23,1.34,,,,,,,
JD하효,2022-02-24,1.29,,,,,,,
JD하효,2022-02-25,1.28,,,,,,,
JD하효,2022-02-26,1.31,,,,,,,
JD하효,2022-02-27,1.32,,,,,,,
JD하효,2022-02-28,1.37,,,,,,,
JD하효,2022-03-01,1.4,,,,,,,
JD하효,2022-03-02,1.37,,,,,,,
JD하효,2022-03-03,1.37,,,,,,,
JD하효,2022-03-04,1.4,,,,,,,
JD하효,2022-03-05,1.38,,,,,,,
JD하효,2022-03-06,1.37,,,,,,,
JD하효,2022-03-07,1.37,,,,,,,
JD하효,2022-03-08,1.34,,,,,,,
JD하효,2022-03-09,1.29,,,,,,,
JD하효,2022-03-10,1.25,,,,,,,
JD하효,2022-03-11,1.22,,,,,,,
JD하효,2022-03-12,1.24,,,,,,,
JD하효,2022-03-13,1.3,,,,,,,
JD하효,2022-03-14,1.33,,,,,,,
JD하효,2022-03-15,1.33,,,,,,,
JD하효,2022-03-16,1.35,,,,,,,
JD하효,2022-03-17,1.4,,,,,,,
JD하효,2022-03-18,1.57,,,,,,,
JD하효,2022-03-19,1.45,,,,,,,
JD하효,2022-03-20,1.37,,,,,,,
JD하효,2022-03-21,1.35,,,,,,,
JD하효,2022-03-22,1.39,,,,,,,
JD하효,2022-03-23,1.33,,,,,,,
JD하효,2022-03-24,1.28,,,,,,,
JD하효,2022-03-25,1.32,,,,,,,
JD하효,2022-03-26,1.41,,,,,,,
JD하효,2022-03-27,1.32,,,,,,,
JD하효,2022-03-28,1.3,,,,,,,
JD하효,2022-03-29,1.29,,,,,,,
JD하효,2022-03-30,1.28,,,,,,,
JD하효,2022-03-31,1.29,,,,,,,
JD하효,2022-04-01,1.27,,,,,,,
JD하효,2022-04-02,1.24,,,,,,,
JD하효,2022-04-03,1.21,,,,,,,
JD하효,2022-04-04,1.18,,,,,,,
JD하효,2022-04-05,1.14,,,,,,,
JD하효,2022-04-06,1.15,,,,,,,
JD하효,2022-04-07,1.16,,,,,,,
JD하효,2022-04-08,1.13,,,,,,,
JD하효,2022-04-09,1.13,,,,,,,
JD하효,2022-04-10,1.15,,,,,,,
JD하효,2022-04-11,1.19,,,,,,,
JD하효,2022-04-12,1.22,,,,,,,
JD하효,2022-04-13,1.29,,,,,,,
JD하효,2022-04-14,1.4,,,,,,,
JD하효,2022-04-15,1.39,,,,,,,
JD하효,2022-04-16,1.32,,,,,,,
JD하효,2022-04-17,1.25,,,,,,,
JD하효,2022-04-18,1.25,,,,,,,
JD하효,2022-04-19,1.24,,,,,,,
JD하효,2022-04-20,1.2,,,,,,,
JD하효,2022-04-21,1.17,,,,,,,
JD하효,2022-04-22,1.19,,,,,,,
JD하효,2022-04-23,1.19,,,,,,,
JD하효,2022-04-24,1.2,,,,,,,
JD하효,2022-04-25,1.2,,,,,,,
JD하효,2022-04-26,1.32,,,,,,,
JD하효,2022-04-27,1.31,,,,,,,
JD하효,2022-04-28,1.28,,,,,,,
JD하효,2022-04-29,1.33,,,,,,,
JD하효,2022-04-30,1.28,,,,,,,
JD하효,2022-05-01,1.24,,,,,,,
JD하효,2022-05-02,1.24,,,,,,,
JD하효,2022-05-03,1.22,,,,,,,
JD하효,2022-05-04,1.19,,,,,,,
JD하효,2022-05-05,1.2,,,,,,,
JD하효,2022-05-06,1.21,,,,,,,
JD하효,2022-05-07,1.19,,,,,,,
JD하효,2022-05-08,1.18,,,,,,,
JD하효,2022-05-09,1.16,,,,,,,
JD하효,2022-05-10,1.17,,,,,,,
JD하효,2022-05-11,1.17,,,,,,,
JD하효,2022-05-12,1.19,,,,,,,
JD하효,2022-05-13,1.25,,,,,,,
JD하효,2022-05-14,1.23,,,,,,,
JD하효,2022-05-15,1.23,,,,,,,
JD하효,2022-05-16,1.23,,,,,,,
JD하효,2022-05-17,1.24,,,,,,,
JD하효,2022-05-18,1.23,,,,,,,
JD하효,2022-05-19,1.22,,,,,,,
JD하효,2022-05-20,1.24,,,,,,,
JD하효,2022-05-21,1.25,,,,,,,
JD하효,2022-05-22,1.23,,,,,,,
JD하효,2022-05-23,1.23,,,,,,,
JD하효,2022-05-24,1.2,,,,,,,
JD하효,2022-05-25,1.2,,,,,,,
JD하효,2022-05-26,1.21,,,,,,,
JD하효,2022-05-27,1.23,,,,,,,
JD하효,2022-05-28,1.25,,,,,,,
JD하효,2022-05-29,1.31,,,,,,,
JD하효,2022-05-30,1.38,,,,,,,
JD하효,2022-05-31,1.3,,,,,,,
JD하효,2022-06-01,1.29,,,,,,,
JD하효,2022-06-02,1.27,,,,,,,
JD하효,2022-06-03,1.26,,,,,,,
JD하효,2022-06-04,1.27,,,,,,,
JD하효,2022-06-05,1.58,,,,,,,
JD하효,2022-06-06,1.55,,,,,,,
JD하효,2022-06-07,1.45,,,,,,,
JD하효,2022-06-08,1.37,,,,,,,
JD하효,2022-06-09,1.32,,,,,,,
JD하효,2022-06-10,1.3,,,,,,,
JD하효,2022-06-11,1.33,,,,,,,
JD하효,2022-06-12,1.36,,,,,,,
JD하효,2022-06-13,1.43,,,,,,,
JD하효,2022-06-14,1.48,,,,,,,
JD하효,2022-06-15,1.43,,,,,,,
JD하효,2022-06-16,1.37,,,,,,,
JD하효,2022-06-17,1.37,,,,,,,
JD하효,2022-06-18,1.37,,,,,,,
JD하효,2022-06-19,1.36,,,,,,,
JD하효,2022-06-20,1.34,,,,,,,
JD하효,2022-06-21,1.35,,,,,,,
JD하효,2022-06-22,1.29,,,,,,,
JD하효,2022-06-23,1.26,,,,,,,
JD하효,2022-06-24,1.45,,,,,,,
JD하효,2022-06-25,1.53,,,,,,,
JD하효,2022-06-26,1.47,,,,,,,
JD하효,2022-06-27,1.44,,,,,,,
JD하효,2022-06-28,1.44,,,,,,,
JD하효,2022-06-29,1.44,,,,,,,
JD하효,2022-06-30,1.45,,,,,,,
JD하효,2022-07-01,1.44,,,,,,,
JD하효,2022-07-02,1.44,,,,,,,
JD하효,2022-07-03,1.44,,,,,,,
JD하효,2022-07-04,1.49,,,,,,,
JD하효,2022-07-05,1.49,,,,,,,
JD하효,2022-07-06,1.46,,,,,,,
JD하효,2022-07-07,1.44,,,,,,,
JD하효,2022-07-08,1.42,,,,,,,
JD하효,2022-07-09,1.46,,,,,,,
JD하효,2022-07-10,1.49,,,,,,,
JD하효,2022-07-11,1.61,,,,,,,
JD하효,2022-07-12,1.6,,,,,,,
JD하효,2022-07-13,1.61,,,,,,,
JD하효,2022-07-14,1.61,,,,,,,
JD하효,2022-07-15,1.7,,,,,,,
JD하효,2022-07-16,1.75,,,,,,,
JD하효,2022-07-17,1.71,,,,,,,
JD하효,2022-07-18,1.69,,,,,,,
JD하효,2022-07-19,1.62,,,,,,,
JD하효,2022-07-20,1.58,,,,,,,
JD하효,2022-07-21,1.54,,,,,,,
JD하효,2022-07-22,1.48,,,,,,,
JD하효,2022-07-23,1.51,,,,,,,
JD하효,2022-07-24,1.52,,,,,,,
JD하효,2022-07-25,1.49,,,,,,,
JD하효,2022-07-26,1.51,,,,,,,
JD하효,2022-07-27,1.52,,,,,,,
JD하효,2022-07-28,1.54,,,,,,,
JD하효,2022-07-29,1.51,,,,,,,
JD하효,2022-07-30,1.65,,,,,,,
JD하효,2022-07-31,1.82,,,,,,,
JD하효,2022-08-01,1.89,,,,,,,
JD하효,2022-08-02,1.82,,,,,,,
JD하효,2022-08-03,1.77,,,,,,,
JD하효,2022-08-04,1.63,,,,,,,
JD하효,2022-08-05,1.64,,,,,,,
JD하효,2022-08-06,1.63,,,,,,,
JD하효,2022-08-07,1.73,,,,,,,
JD하효,2022-08-08,1.63,,,,,,,
JD하효,2022-08-09,1.65,,,,,,,
JD하효,2022-08-10,1.7,,,,,,,
JD하효,2022-08-11,1.74,,,,,,,
JD하효,2022-08-12,1.79,,,,,,,
JD하효,2022-08-13,1.84,,,,,,,
JD하효,2022-08-14,1.82,,,,,,,
JD하효,2022-08-15,1.8,,,,,,,
JD하효,2022-08-16,1.79,,,,,,,
JD하효,2022-08-17,2.47,,,,,,,
JD하효,2022-08-18,2.48,,,,,,,
JD하효,2022-08-19,2.2,,,,,,,
JD하효,2022-08-20,2.06,,,,,,,
JD하효,2022-08-21,2.04,,,,,,,
JD하효,2022-08-22,2.03,,,,,,,
JD하효,2022-08-23,1.99,,,,,,,
JD하효,2022-08-24,2.0,,,,,,,
JD하효,2022-08-25,2.02,,,,,,,
JD하효,2022-08-26,2.05,,,,,,,
JD하효,2022-08-27,2.09,,,,,,,
JD하효,2022-08-28,2.11,,,,,,,
JD하효,2022-08-29,2.11,,,,,,,
JD하효,2022-08-30,2.08,,,,,,,
JD하효,2022-08-31,2.09,,,,,,,
JD하효,2022-09-01,2.13,,,,,,,
JD하효,2022-09-02,2.4,,,,,,,
JD하효,2022-09-03,2.52,,,,,,,
JD하효,2022-09-04,2.47,,,,,,,
JD하효,2022-09-05,3.05,,,,,,,
JD하효,2022-09-06,3.39,,,,,,,
JD하효,2022-09-07,2.95,,,,,,,
JD하효,2022-09-08,2.74,,,,,,,
JD하효,2022-09-09,2.68,,,,,,,
JD하효,2022-09-10,2.67,,,,,,,
JD하효,2022-09-11,2.63,,,,,,,
JD하효,2022-09-12,2.62,,,,,,,
JD하효,2022-09-13,2.66,,,,,,,
JD하효,2022-09-14,2.7,,,,,,,
JD하효,2022-09-15,2.64,,,,,,,
JD하효,2022-09-16,2.57,,,,,,,
JD하효,2022-09-17,2.56,,,,,,,
JD하효,2022-09-18,2.64,,,,,,,
JD하효,2022-09-19,2.65,,,,,,,
JD하효,2022-09-20,2.55,,,,,,,
JD하효,2022-09-21,2.52,,,,,,,
JD하효,2022-09-22,2.49,,,,,,,
JD하효,2022-09-23,2.48,,,,,,,
JD하효,2022-09-24,2.48,,,,,,,
JD하효,2022-09-25,2.53,,,,,,,
JD하효,2022-09-26,2.55,,,,,,,
JD하효,2022-09-27,2.58,,,,,,,
JD하효,2022-09-28,2.62,,,,,,,
JD하효,2022-09-29,2.66,,,,,,,
JD하효,2022-09-30,2.64,,,,,,,
JD하효,2022-10-01,2.58,,,,,,,
JD하효,2022-10-02,2.55,,,,,,,
JD하효,2022-10-03,2.54,,,,,,,
JD하효,2022-10-04,2.51,,,,,,,
JD하효,2022-10-05,2.53,,,,,,,
JD하효,2022-10-06,2.52,,,,,,,
JD하효,2022-10-07,2.49,,,,,,,
JD하효,2022-10-08,2.53,,,,,,,
JD하효,2022-10-09,2.56,,,,,,,
JD하효,2022-10-10,2.49,,,,,,,
JD하효,2022-10-11,2.46,,,,,,,
JD하효,2022-10-12,2.47,,,,,,,
JD하효,2022-10-13,2.47,,,,,,,
JD하효,2022-10-14,2.43,,,,,,,
JD하효,2022-10-15,2.39,,,,,,,
JD하효,2022-10-16,2.37,,,,,,,
JD하효,2022-10-17,2.32,,,,,,,
JD하효,2022-10-18,2.3,,,,,,,
JD하효,2022-10-19,2.28,,,,,,,
JD하효,2022-10-20,2.26,,,,,,,
JD하효,2022-10-21,2.25,,,,,,,
JD하효,2022-10-22,2.26,,,,,,,
JD하효,2022-10-23,2.28,,,,,,,
JD하효,2022-10-24,2.3,,,,,,,
JD하효,2022-10-25,2.32,,,,,,,
JD하효,2022-10-26,2.31,,,,,,,
JD하효,2022-10-27,2.28,,,,,,,
JD하효,2022-10-28,2.26,,,,,,,
JD하효,2022-10-29,2.27,,,,,,,
JD하효,2022-10-30,2.27,,,,,,,
JD하효,2022-10-31,2.26,,,,,,,
JD하효,2022-11-01,2.2,,,,,,,
JD하효,2022-11-02,2.15,,,,,,,
JD하효,2022-11-03,2.14,,,,,,,
JD하효,2022-11-04,2.13,,,,,,,
JD하효,2022-11-05,2.12,,,,,,,
JD하효,2022-11-06,2.12,,,,,,,
JD하효,2022-11-07,2.13,,,,,,,
JD하효,2022-11-08,2.11,,,,,,,
JD하효,2022-11-09,2.09,,,,,,,
JD하효,2022-11-10,2.09,,,,,,,
JD하효,2022-11-11,2.09,,,,,,,
JD하효,2022-11-12,2.08,,,,,,,
JD하효,2022-11-13,2.06,,,,,,,
JD하효,2022-11-14,2.06,,,,,,,
JD하효,2022-11-15,2.04,,,,,,,
JD하효,2022-11-16,2.01,,,,,,,
JD하효,2022-11-17,2.0,,,,,,,
JD하효,2022-11-18,1.99,,,,,,,
JD하효,2022-11-19,2.0,,,,,,,
JD하효,2022-11-20,2.0,,,,,,,
JD하효,2022-11-21,2.01,,,,,,,
JD하효,2022-11-22,2.04,,,,,,,
JD하효,2022-11-23,2.06,,,,,,,
JD하효,2022-11-24,2.04,,,,,,,
JD하효,2022-11-25,2.05,,,,,,,
JD하효,2022-11-26,2.04,,,,,,,
JD하효,2022-11-27,2.02,,,,,,,
JD하효,2022-11-28,2.03,,,,,,,
JD하효,2022-11-29,2.06,,,,,,,
JD하효,2022-11-30,1.89,,,,,,,
JD하효,2022-12-01,1.81,,,,,,,
JD하효,2022-12-02,1.76,,,,,,,
JD하효,2022-12-03,1.77,,,,,,,
JD하효,2022-12-04,1.77,,,,,,,
JD하효,2022-12-05,1.77,,,,,,,
JD하효,2022-12-06,1.75,,,,,,,
JD하효,2022-12-07,1.74,,,,,,,
JD하효,2022-12-08,1.77,,,,,,,
JD하효,2022-12-09,1.8,,,,,,,
JD하효,2022-12-10,1.82,,,,,,,
JD하효,2022-12-11,1.8,,,,,,,
JD하효,2022-12-12,1.8,,,,,,,
JD하효,2022-12-13,1.72,,,,,,,
JD하효,2022-12-14,1.64,,,,,,,
JD하효,2022-12-15,1.64,,,,,,,
JD하효,2022-12-16,1.63,,,,,,,
JD하효,2022-12-17,1.6,,,,,,,
JD하효,2022-12-18,1.52,,,,,,,
JD하효,2022-12-19,1.56,,,,,,,
JD하효,2022-12-20,1.62,,,,,,,
JD하효,2022-12-21,1.68,,,,,,,
JD하효,2022-12-22,1.65,,,,,,,
JD하효,2022-12-23,1.63,,,,,,,
JD하효,2022-12-24,1.67,,,,,,,
JD하효,2022-12-25,1.7,,,,,,,
JD하효,2022-12-26,1.69,,,,,,,
JD하효,2022-12-27,1.62,,,,,,,
JD하효,2022-12-28,1.57,,,,,,,
JD하효,2022-12-29,1.52,,,,,,,
JD하효,2022-12-30,1.48,,,,,,,
JD하효,2022-12-31,1.46,,,,,,,
JD하효,2023-01-01,1.45,,,,,,,
JD하효,2023-01-02,1.46,,,,,,,
JD하효,2023-01-03,1.46,,,,,,,
JD하효,2023-01-04,1.47,,,,,,,
JD하효,2023-01-05,1.48,,,,,,,
JD하효,2023-01-06,1.51,,,,,,,
JD하효,2023-01-07,1.5,,,,,,,
JD하효,2023-01-08,1.52,,,,,,,
JD하효,2023-01-09,1.51,,,,,,,
JD하효,2023-01-10,1.51,,,,,,,
JD하효,2023-01-11,1.48,,,,,,,
JD하효,2023-01-12,1.51,,,,,,,
JD하효,2023-01-13,1.64,,,,,,,
JD하효,2023-01-14,1.66,,,,,,,
JD하효,2023-01-15,1.6,,,,,,,
JD하효,2023-01-16,1.51,,,,,,,
JD하효,2023-01-17,1.51,,,,,,,
JD하효,2023-01-18,1.49,,,,,,,
JD하효,2023-01-19,1.51,,,,,,,
JD하효,2023-01-20,1.5,,,,,,,
JD하효,2023-01-21,1.53,,,,,,,
JD하효,2023-01-22,1.59,,,,,,,
JD하효,2023-01-23,1.62,,,,,,,
JD하효,2023-01-24,1.49,,,,,,,
JD하효,2023-01-25,1.46,,,,,,,
JD하효,2023-01-26,1.49,,,,,,,
JD하효,2023-01-27,1.45,,,,,,,
JD하효,2023-01-28,1.41,,,,,,,
JD하효,2023-01-29,1.39,,,,,,,
JD하효,2023-01-30,1.37,,,,,,,
JD하효,2023-01-31,1.41,,,,,,,
JD하효,2023-02-01,1.4,,,,,,,
JD하효,2023-02-02,1.4,,,,,,,
JD하효,2023-02-03,1.39,,,,,,,
JD하효,2023-02-04,1.39,,,,,,,
JD하효,2023-02-05,1.4,,,,,,,
JD하효,2023-02-06,1.43,,,,,,,
JD하효,2023-02-07,1.48,,,,,,,
JD하효,2023-02-08,1.43,,,,,,,
JD하효,2023-02-09,1.41,,,,,,,
JD하효,2023-02-10,1.47,,,,,,,
JD하효,2023-02-11,1.41,,,,,,,
JD하효,2023-02-12,1.4,,,,,,,
JD하효,2023-02-13,1.46,,,,,,,
JD하효,2023-02-14,1.4,,,,,,,
JD하효,2023-02-15,1.4,,,,,,,
JD하효,2023-02-16,1.37,,,,,,,
JD하효,2023-02-17,1.37,,,,,,,
JD하효,2023-02-18,1.41,,,,,,,
JD하효,2023-02-19,1.43,,,,,,,
JD하효,2023-02-20,1.45,,,,,,,
JD하효,2023-02-21,1.45,,,,,,,
JD하효,2023-02-22,1.43,,,,,,,
JD하효,2023-02-23,1.42,,,,,,,
JD하효,2023-02-24,1.42,,,,,,,
JD하효,2023-02-25,1.37,,,,,,,
JD하효,2023-02-26,1.28,,,,,,,
JD하효,2023-02-27,1.23,,,,,,,
JD하효,2023-02-28,1.2,,,,,,,
JD하효,2023-03-01,1.24,,,,,,,
JD하효,2023-03-02,1.25,,,,,,,
JD하효,2023-03-03,1.25,,,,,,,
JD하효,2023-03-04,1.27,,,,,,,
JD하효,2023-03-05,1.28,,,,,,,
JD하효,2023-03-06,1.25,,,,,,,
JD하효,2023-03-07,1.27,,,,,,,
JD하효,2023-03-08,1.29,,,,,,,
JD하효,2023-03-09,1.34,,,,,,,
JD하효,2023-03-10,1.34,,,,,,,
JD하효,2023-03-11,1.32,,,,,,,
JD하효,2023-03-12,1.26,,,,,,,
JD하효,2023-03-13,1.2,,,,,,,
JD하효,2023-03-14,1.22,,,,,,,
JD하효,2023-03-15,1.23,,,,,,,
JD하효,2023-03-16,1.17,,,,,,,
JD하효,2023-03-17,1.21,,,,,,,
JD하효,2023-03-18,1.24,,,,,,,
JD하효,2023-03-19,1.21,,,,,,,
JD하효,2023-03-20,1.24,,,,,,,
JD하효,2023-03-21,1.32,,,,,,,
JD하효,2023-03-22,1.38,,,,,,,
JD하효,2023-03-23,1.41,,,,,,,
JD하효,2023-03-24,1.38,,,,,,,
JD하효,2023-03-25,1.37,,,,,,,
JD하효,2023-03-26,1.31,,,,,,,
JD하효,2023-03-27,1.24,,,,,,,
JD하효,2023-03-28,1.2,,,,,,,
JD하효,2023-03-29,1.17,,,,,,,
JD하효,2023-03-30,1.19,,,,,,,
JD하효,2023-03-31,1.22,,,,,,,
JD하효,2023-04-01,1.25,,,,,,,
JD하효,2023-04-02,1.31,,,,,,,
JD하효,2023-04-03,1.34,,,,,,,
JD하효,2023-04-04,1.31,,,,,,,
JD하효,2023-04-05,1.65,,,,,,,
JD하효,2023-04-06,1.6,,,,,,,
JD하효,2023-04-07,1.52,,,,,,,
JD하효,2023-04-08,1.43,,,,,,,
JD하효,2023-04-09,1.39,,,,,,,
JD하효,2023-04-10,1.37,,,,,,,
JD하효,2023-04-11,1.35,,,,,,,
JD하효,2023-04-12,1.31,,,,,,,
JD하효,2023-04-13,1.28,,,,,,,
JD하효,2023-04-14,1.35,,,,,,,
JD하효,2023-04-15,1.44,,,,,,,
JD하효,2023-04-16,1.42,,,,,,,
JD하효,2023-04-17,1.45,,,,,,,
JD하효,2023-04-18,1.49,,,,,,,
JD하효,2023-04-19,1.5,,,,,,,
JD하효,2023-04-20,1.51,,,,,,,
JD하효,2023-04-21,1.53,,,,,,,
JD하효,2023-04-22,1.55,,,,,,,
JD하효,2023-04-23,1.53,,,,,,,
JD하효,2023-04-24,1.5,,,,,,,
JD하효,2023-04-25,1.5,,,,,,,
JD하효,2023-04-26,1.45,,,,,,,
JD하효,2023-04-27,1.41,,,,,,,
JD하효,2023-04-28,1.4,,,,,,,
JD하효,2023-04-29,1.43,,,,,,,
JD하효,2023-04-30,1.44,,,,,,,
JD하효,2023-05-01,1.46,,,,,,,
JD하효,2023-05-02,1.45,,,,,,,
JD하효,2023-05-03,1.47,,,,,,,
JD하효,2023-05-04,2.73,,,,,,,
JD하효,2023-05-05,3.62,,,,,,,
JD하효,2023-05-06,2.97,,,,,,,
JD하효,2023-05-07,2.73,,,,,,,
JD하효,2023-05-08,2.55,,,,,,,
JD하효,2023-05-09,2.38,,,,,,,
JD하효,2023-05-10,2.32,,,,,,,
JD하효,2023-05-11,2.29,,,,,,,
JD하효,2023-05-12,2.25,,,,,,,
JD하효,2023-05-13,2.26,,,,,,,
JD하효,2023-05-14,2.26,,,,,,,
JD하효,2023-05-15,2.27,,,,,,,
JD하효,2023-05-16,2.28,,,,,,,
JD하효,2023-05-17,2.3,,,,,,,
JD하효,2023-05-18,2.61,,,,,,,
JD하효,2023-05-19,2.79,,,,,,,
JD하효,2023-05-20,2.69,,,,,,,
JD하효,2023-05-21,2.6,,,,,,,
JD하효,2023-05-22,2.58,,,,,,,
JD하효,2023-05-23,2.57,,,,,,,
JD하효,2023-05-24,2.51,,,,,,,
JD하효,2023-05-25,2.46,,,,,,,
JD하효,2023-05-26,2.42,,,,,,,
JD하효,2023-05-27,2.39,,,,,,,
JD하효,2023-05-28,2.41,,,,,,,
JD하효,2023-05-29,2.44,,,,,,,
JD하효,2023-05-30,2.52,,,,,,,
JD하효,2023-05-31,2.69,,,,,,,
JD하효,2023-06-01,2.77,,,,,,,
JD하효,2023-06-02,3.14,,,,,,,
JD하효,2023-06-03,3.01,,,,,,,
JD하효,2023-06-04,2.9,,,,,,,
JD하효,2023-06-05,2.86,,,,,,,
JD하효,2023-06-06,3.03,,,,,,,
JD하효,2023-06-07,3.02,,,,,,,
JD하효,2023-06-08,3.01,,,,,,,
JD하효,2023-06-09,2.97,,,,,,,
JD하효,2023-06-10,2.93,,,,,,,
JD하효,2023-06-11,2.91,,,,,,,
JD하효,2023-06-12,2.87,,,,,,,
JD하효,2023-06-13,2.83,,,,,,,
JD하효,2023-06-14,2.8,,,,,,,
JD하효,2023-06-15,2.78,,,,,,,
JD하효,2023-06-16,2.74,,,,,,,
JD하효,2023-06-17,2.72,,,,,,,
JD하효,2023-06-18,2.76,,,,,,,
JD하효,2023-06-19,2.82,,,,,,,
JD하효,2023-06-20,2.91,,,,,,,
JD하효,2023-06-21,2.96,,,,,,,
JD하효,2023-06-22,2.87,,,,,,,
JD하효,2023-06-23,2.81,,,,,,,
JD하효,2023-06-24,2.76,,,,,,,
JD하효,2023-06-25,3.14,,,,,,,
JD하효,2023-06-26,3.42,,,,,,,
JD하효,2023-06-27,3.2,,,,,,,
JD하효,2023-06-28,3.09,,,,,,,
JD하효,2023-06-29,3.04,,,,,,,
JD하효,2023-06-30,3.16,,,,,,,
JD하효,2023-07-01,3.33,,,,,,,
JD하효,2023-07-02,3.28,,,,,,,
JD하효,2023-07-03,3.26,,,,,,,
JD하효,2023-07-04,3.25,,,,,,,
JD하효,2023-07-05,3.31,,,,,,,
JD하효,2023-07-06,3.3,,,,,,,
JD하효,2023-07-07,3.3,,,,,,,
JD하효,2023-07-08,3.51,,,,,,,
JD하효,2023-07-09,3.59,,,,,,,
JD하효,2023-07-10,3.47,,,,,,,
JD하효,2023-07-11,3.38,,,,,,,
JD하효,2023-07-12,3.33,,,,,,,
JD하효,2023-07-13,3.3,,,,,,,
JD하효,2023-07-14,3.31,,,,,,,
JD하효,2023-07-15,3.3,,,,,,,
JD하효,2023-07-16,3.35,,,,,,,
JD하효,2023-07-17,3.36,,,,,,,
JD하효,2023-07-18,3.4,,,,,,,
JD하효,2023-07-19,3.38,,,,,,,
JD하효,2023-07-20,3.37,,,,,,,
JD하효,2023-07-21,3.31,,,,,,,
JD하효,2023-07-22,3.57,,,,,,,
JD하효,2023-07-23,3.54,,,,,,,
JD하효,2023-07-24,3.49,,,,,,,
JD하효,2023-07-25,3.45,,,,,,,
JD하효,2023-07-26,3.41,,,,,,,
JD하효,2023-07-27,3.44,,,,,,,
JD하효,2023-07-28,3.42,,,,,,,
JD하효,2023-07-29,3.41,,,,,,,
JD하효,2023-07-30,3.39,,,,,,,
JD하효,2023-07-31,3.37,,,,,,,
JD하효,2023-08-01,3.4,,,,,,,
JD하효,2023-08-02,3.42,,,,,,,
JD하효,2023-08-03,3.47,,,,,,,
JD하효,2023-08-04,3.56,,,,,,,
JD하효,2023-08-05,3.55,,,,,,,
JD하효,2023-08-06,3.5,,,,,,,
JD하효,2023-08-07,3.48,,,,,,,
JD하효,2023-08-08,3.47,,,,,,,
JD하효,2023-08-09,3.53,,,,,,,
JD하효,2023-08-10,3.52,,,,,,,
JD하효,2023-08-11,3.39,,,,,,,
JD하효,2023-08-12,3.37,,,,,,,
JD하효,2023-08-13,3.35,,,,,,,
JD하효,2023-08-14,3.33,,,,,,,
JD하효,2023-08-15,3.32,,,,,,,
JD하효,2023-08-16,3.3,,,,,,,
JD하효,2023-08-17,3.28,,,,,,,
JD하효,2023-08-18,3.25,,,,,,,
JD하효,2023-08-19,3.17,,,,,,,
JD하효,2023-08-20,3.1,,,,,,,
JD하효,2023-08-21,3.08,,,,,,,
JD하효,2023-08-22,3.09,,,,,,,
JD하효,2023-08-23,3.17,,,,,,,
JD하효,2023-08-24,3.23,,,,,,,
JD하효,2023-08-25,3.15,,,,,,,
JD하효,2023-08-26,3.11,,,,,,,
JD하효,2023-08-27,3.09,,,,,,,
JD하효,2023-08-28,3.09,,,,,,,
JD하효,2023-08-29,3.11,,,,,,,
JD하효,2023-08-30,3.21,,,,,,,
JD하효,2023-08-31,3.34,,,,,,,
JD하효,2023-09-01,3.32,,,,,,,
JD하효,2023-09-02,3.35,,,,,,,
JD하효,2023-09-03,3.33,,,,,,,
JD하효,2023-09-04,3.28,,,,,,,
JD하효,2023-09-05,3.23,,,,,,,
JD하효,2023-09-06,3.19,,,,,,,
JD하효,2023-09-07,3.17,,,,,,,
JD하효,2023-09-08,3.15,,,,,,,
JD하효,2023-09-09,3.12,,,,,,,
JD하효,2023-09-10,3.12,,,,,,,
JD하효,2023-09-11,3.14,,,,,,,
JD하효,2023-09-12,3.15,,,,,,,
JD하효,2023-09-13,3.17,,,,,,,
JD하효,2023-09-14,3.19,,,,,,,
JD하효,2023-09-15,3.18,,,,,,,
JD하효,2023-09-16,3.19,,,,,,,
JD하효,2023-09-17,3.24,,,,,,,
JD하효,2023-09-18,3.32,,,,,,,
JD하효,2023-09-19,3.29,,,,,,,
JD하효,2023-09-20,3.29,,,,,,,
JD하효,2023-09-21,3.27,,,,,,,
JD하효,2023-09-22,3.26,,,,,,,
JD하효,2023-09-23,3.22,,,,,,,
JD하효,2023-09-24,3.24,,,,,,,
JD하효,2023-09-25,3.2,,,,,,,
JD하효,2023-09-26,3.14,,,,,,,
JD하효,2023-09-27,3.14,,,,,,,
JD하효,2023-09-28,3.18,,,,,,,
JD하효,2023-09-29,3.22,,,,,,,
JD하효,2023-09-30,3.22,,,,,,,
JD하효,2023-10-01,3.2,,,,,,,
JD하효,2023-10-02,3.17,,,,,,,
JD하효,2023-10-03,3.14,,,,,,,
JD하효,2023-10-04,3.1,,,,,,,
JD하효,2023-10-05,3.05,,,,,,,
JD하효,2023-10-06,3.0,,,,,,,
JD하효,2023-10-07,2.98,,,,,,,
JD하효,2023-10-08,2.99,,,,,,,
JD하효,2023-10-09,2.93,,,,,,,
JD하효,2023-10-10,2.87,,,,,,,
JD하효,2023-10-11,2.87,,,,,,,
JD하효,2023-10-12,2.87,,,,,,,
JD하효,2023-10-13,2.87,,,,,,,
JD하효,2023-10-14,2.88,,,,,,,
JD하효,2023-10-15,2.9,,,,,,,
JD하효,2023-10-16,2.94,,,,,,,
JD하효,2023-10-17,2.92,,,,,,,
JD하효,2023-10-18,2.89,,,,,,,
JD하효,2023-10-19,2.86,,,,,,,
JD하효,2023-10-20,2.84,,,,,,,
JD하효,2023-10-21,2.79,,,,,,,
JD하효,2023-10-22,2.75,,,,,,,
JD하효,2023-10-23,2.7,,,,,,,
JD하효,2023-10-24,2.66,,,,,,,
JD하효,2023-10-25,2.66,,,,,,,
JD하효,2023-10-26,2.67,,,,,,,
JD하효,2023-10-27,2.69,,,,,,,
JD하효,2023-10-28,2.71,,,,,,,
JD하효,2023-10-29,2.7,,,,,,,
JD하효,2023-10-30,2.67,,,,,,,
JD하효,2023-10-31,2.62,,,,,,,
JD하효,2023-11-01,2.57,,,,,,,
JD하효,2023-11-02,2.55,,,,,,,
JD하효,2023-11-03,2.55,,,,,,,
JD하효,2023-11-04,2.53,,,,,,,
JD하효,2023-11-05,2.53,,,,,,,
JD하효,2023-11-06,2.51,,,,,,,
JD하효,2023-11-07,2.43,,,,,,,
JD하효,2023-11-08,2.47,,,,,,,
JD하효,2023-11-09,2.46,,,,,,,
JD하효,2023-11-10,2.41,,,,,,,
JD하효,2023-11-11,2.4,,,,,,,
JD하효,2023-11-12,2.4,,,,,,,
JD하효,2023-11-13,2.42,,,,,,,
JD하효,2023-11-14,2.43,,,,,,,
JD하효,2023-11-15,2.45,,,,,,,
JD하효,2023-11-16,2.46,,,,,,,
JD하효,2023-11-17,2.43,,,,,,,
JD하효,2023-11-18,2.37,,,,,,,
JD하효,2023-11-19,2.36,,,,,,,
JD하효,2023-11-20,2.34,,,,,,,
JD하효,2023-11-21,2.31,,,,,,,
JD하효,2023-11-22,2.29,,,,,,,
JD하효,2023-11-23,2.29,,,,,,,
JD하효,2023-11-24,2.25,,,,,,,
JD하효,2023-11-25,2.27,,,,,,,
JD하효,2023-11-26,2.27,,,,,,,
JD하효,2023-11-27,2.28,,,,,,,
JD하효,2023-11-28,2.25,,,,,,,
JD하효,2023-11-29,2.25,,,,,,,
JD하효,2023-11-30,2.2,,,,,,,
JD하효,2023-12-01,2.15,,,,,,,
JD하효,2023-12-02,2.12,,,,,,,
JD하효,2023-12-03,2.1,,,,,,,
JD하효,2023-12-04,2.1,,,,,,,
JD하효,2023-12-05,2.12,,,,,,,
JD하효,2023-12-06,2.13,,,,,,,
JD하효,2023-12-07,2.09,,,,,,,
JD하효,2023-12-08,2.11,,,,,,,
JD하효,2023-12-09,2.1,,,,,,,
JD하효,2023-12-10,2.12,,,,,,,
JD하효,2023-12-11,2.24,,,,,,,
JD하효,2023-12-12,2.21,,,,,,,
JD하효,2023-12-13,2.19,,,,,,,
JD하효,2023-12-14,2.2,,,,,,,
JD하효,2023-12-15,2.2,,,,,,,
JD하효,2023-12-16,2.12,,,,,,,
JD하효,2023-12-17,2.06,,,,,,,
JD하효,2023-12-18,2.06,,,,,,,
JD하효,2023-12-19,2.04,,,,,,,
JD하효,2023-12-20,1.95,,,,,,,
JD하효,2023-12-21,1.86,,,,,,,
JD하효,2023-12-22,1.86,,,,,,,
JD하효,2023-12-23,1.87,,,,,,,
JD하효,2023-12-24,1.88,,,,,,,
JD하효,2023-12-25,1.88,,,,,,,
JD하효,2023-12-26,1.89,,,,,,,
JD하효,2023-12-27,1.92,,,,,,,
JD하효,2023-12-28,1.92,,,,,,,
JD하효,2023-12-29,1.9,,,,,,,
JD하효,2023-12-30,1.92,,,,,,,
JD하효,2023-12-31,1.9,,,,,,,
JD하효,2024-01-01,1.91,,,,,,,
JD하효,2024-01-02,1.85,,,,,,,
JD하효,2024-01-03,1.82,,,,,,,
JD하효,2024-01-04,1.79,,,,,,,
JD하효,2024-01-05,1.77,,,,,,,
JD하효,2024-01-06,1.78,,,,,,,
JD하효,2024-01-07,1.77,,,,,,,
JD하효,2024-01-08,1.78,,,,,,,
JD하효,2024-01-09,1.81,,,,,,,
JD하효,2024-01-10,1.84,,,,,,,
JD하효,2024-01-11,1.84,,,,,,,
JD하효,2024-01-12,1.83,,,,,,,
JD하효,2024-01-13,1.85,,,,,,,
JD하효,2024-01-14,1.86,,,,,,,
JD하효,2024-01-15,1.8,,,,,,,
JD하효,2024-01-16,1.78,,,,,,,
JD하효,2024-01-17,1.76,,,,,,,
JD하효,2024-01-18,1.74,,,,,,,
JD하효,2024-01-19,1.81,,,,,,,
JD하효,2024-01-20,1.86,,,,,,,
JD하효,2024-01-21,1.85,,,,,,,
JD하효,2024-01-22,1.74,,,,,,,
JD하효,2024-01-23,1.68,,,,,,,
JD하효,2024-01-24,1.67,,,,,,,
JD하효,2024-01-25,1.7,,,,,,,
JD하효,2024-01-26,1.72,,,,,,,
JD하효,2024-01-27,1.72,,,,,,,
JD하효,2024-01-28,1.69,,,,,,,
JD하효,2024-01-29,1.67,,,,,,,
JD하효,2024-01-30,1.67,,,,,,,
JD하효,2024-01-31,1.67,,,,,,,
JD하효,2024-02-01,1.69,,,,,,,
JD하효,2024-02-02,1.69,,,,,,,
JD하효,2024-02-03,1.67,,,,,,,
JD하효,2024-02-04,1.68,,,,,,,
JD하효,2024-02-05,1.73,,,,,,,
JD하효,2024-02-06,1.67,,,,,,,
JD하효,2024-02-07,1.66,,,,,,,
JD하효,2024-02-08,1.68,,,,,,,
JD하효,2024-02-09,1.69,,,,,,,
JD하효,2024-02-10,1.69,,,,,,,
JD하효,2024-02-11,1.68,,,,,,,
JD하효,2024-02-12,1.66,,,,,,,
JD하효,2024-02-13,1.62,,,,,,,
JD하효,2024-02-14,1.63,,,,,,,
JD하효,2024-02-15,1.62,,,,,,,
JD하효,2024-02-16,1.59,,,,,,,
JD하효,2024-02-17,1.54,,,,,,,
JD하효,2024-02-18,1.55,,,,,,,
JD하효,2024-02-19,1.63,,,,,,,
JD하효,2024-02-20,1.63,,,,,,,
JD하효,2024-02-21,1.7,,,,,,,
JD하효,2024-02-22,1.7,,,,,,,
JD하효,2024-02-23,1.71,,,,,,,
JD하효,2024-02-24,1.71,,,,,,,
JD하효,2024-02-25,1.68,,,,,,,
JD하효,2024-02-26,1.67,,,,,,,
JD하효,2024-02-27,1.71,,,,,,,
JD하효,2024-02-28,1.7,,,,,,,
JD하효,2024-02-29,1.73,,,,,,,
JD하효,2024-03-01,1.65,,,,,,,
JD하효,2024-03-02,1.57,,,,,,,
JD하효,2024-03-03,1.56,,,,,,,
JD하효,2024-03-04,1.61,,,,,,,
JD하효,2024-03-05,1.74,,,,,,,
JD하효,2024-03-06,1.77,,,,,,,
JD하효,2024-03-07,1.71,,,,,,,
JD하효,2024-03-08,1.66,,,,,,,
JD하효,2024-03-09,1.66,,,,,,,
JD하효,2024-03-10,1.68,,,,,,,
JD하효,2024-03-11,1.71,,,,,,,
JD하효,2024-03-12,1.76,,,,,,,
JD하효,2024-03-13,1.71,,,,,,,
JD하효,2024-03-14,1.67,,,,,,,
JD하효,2024-03-15,1.62,,,,,,,
JD하효,2024-03-16,1.59,,,,,,,
JD하효,2024-03-17,1.58,,,,,,,
JD하효,2024-03-18,1.58,,,,,,,
JD하효,2024-03-19,1.57,,,,,,,
JD하효,2024-03-20,1.53,,,,,,,
JD하효,2024-03-21,1.56,,,,,,,
JD하효,2024-03-22,1.62,,,,,,,
JD하효,2024-03-23,1.66,,,,,,,
JD하효,2024-03-24,1.73,,,,,,,
JD하효,2024-03-25,1.74,,,,,,,
JD하효,2024-03-26,1.73,,,,,,,
JD하효,2024-03-27,1.68,,,,,,,
JD하효,2024-03-28,1.86,,,,,,,
JD하효,2024-03-29,1.89,,,,,,,
JD하효,2024-03-30,1.81,,,,,,,
JD하효,2024-03-31,1.78,,,,,,,
JD하효,2024-04-01,1.73,,,,,,,
JD하효,2024-04-02,1.77,,,,,,,
JD하효,2024-04-03,2.1,,,,,,,
JD하효,2024-04-04,2.0,,,,,,,
JD하효,2024-04-05,1.92,,,,,,,
JD하효,2024-04-06,1.86,,,,,,,
JD하효,2024-04-07,1.86,,,,,,,
JD하효,2024-04-08,1.9,,,,,,,
JD하효,2024-04-09,1.92,,,,,,,
JD하효,2024-04-10,1.89,,,,,,,
JD하효,2024-04-11,1.86,,,,,,,
JD하효,2024-04-12,1.85,,,,,,,
JD하효,2024-04-13,1.86,,,,,,,
JD하효,2024-04-14,1.86,,,,,,,
JD하효,2024-04-15,2.05,,,,,,,
JD하효,2024-04-16,2.02,,,,,,,
JD하효,2024-04-17,1.98,,,,,,,
JD하효,2024-04-18,1.97,,,,,,,
JD하효,2024-04-19,1.94,,,,,,,
JD하효,2024-04-20,2.08,,,,,,,
JD하효,2024-04-21,2.14,,,,,,,
JD하효,2024-04-22,2.11,,,,,,,
JD하효,2024-04-23,2.11,,,,,,,
JD하효,2024-04-24,2.07,,,,,,,
JD하효,2024-04-25,2.04,,,,,,,
JD하효,2024-04-26,2.05,,,,,,,
JD하효,2024-04-27,2.04,,,,,,,
JD하효,2024-04-28,2.03,,,,,,,
JD하효,2024-04-29,2.26,,,,,,,
JD하효,2024-04-30,2.21,,,,,,,
JD하효,2024-05-01,2.17,,,,,,,
JD하효,2024-05-02,2.11,,,,,,,
JD하효,2024-05-03,2.04,,,,,,,
JD하효,2024-05-04,2.04,,,,,,,
JD하효,2024-05-05,2.21,,,,,,,
JD하효,2024-05-06,2.55,,,,,,,
JD하효,2024-05-07,2.49,,,,,,,
JD하효,2024-05-08,2.49,,,,,,,
JD하효,2024-05-09,2.42,,,,,,,
JD하효,2024-05-10,2.34,,,,,,,
JD하효,2024-05-11,2.35,,,,,,,
JD하효,2024-05-12,2.66,,,,,,,
JD하효,2024-05-13,2.61,,,,,,,
JD하효,2024-05-14,2.51,,,,,,,
JD하효,2024-05-15,2.45,,,,,,,
JD하효,2024-05-16,2.39,,,,,,,
JD하효,2024-05-17,2.4,,,,,,,
JD하효,2024-05-18,2.4,,,,,,,
JD하효,2024-05-19,2.39,,,,,,,
JD하효,2024-05-20,2.4,,,,,,,
JD하효,2024-05-21,2.43,,,,,,,
JD하효,2024-05-22,2.48,,,,,,,
JD하효,2024-05-23,2.51,,,,,,,
JD하효,2024-05-24,2.56,,,,,,,
JD하효,2024-05-25,2.6,,,,,,,
JD하효,2024-05-26,2.64,,,,,,,
JD하효,2024-05-27,2.65,,,,,,,
JD하효,2024-05-28,2.67,,,,,,,
JD하효,2024-05-29,2.62,,,,,,,
JD하효,2024-05-30,2.58,,,,,,,
JD하효,2024-05-31,2.58,,,,,,,
JD하효,2024-06-01,2.56,,,,,,,
JD하효,2024-06-02,2.55,,,,,,,
JD하효,2024-06-03,2.58,,,,,,,
JD하효,2024-06-04,2.61,,,,,,,
JD하효,2024-06-05,2.62,,,,,,,
JD하효,2024-06-06,2.62,,,,,,,
JD하효,2024-06-07,2.64,,,,,,,
JD하효,2024-06-08,2.75,,,,,,,
JD하효,2024-06-09,2.78,,,,,,,
JD하효,2024-06-10,2.72,,,,,,,
JD하효,2024-06-11,2.67,,,,,,,
JD하효,2024-06-12,2.63,,,,,,,
JD하효,2024-06-13,2.61,,,,,,,
JD하효,2024-06-14,2.6,,,,,,,
JD하효,2024-06-15,2.59,,,,,,,
JD하효,2024-06-16,2.55,,,,,,,
JD하효,2024-06-17,2.52,,,,,,,
JD하효,2024-06-18,2.53,,,,,,,
JD하효,2024-06-19,2.52,,,,,,,
JD하효,2024-06-20,3.13,,,,,,,
JD하효,2024-06-21,3.67,,,,,,,
JD하효,2024-06-22,3.41,,,,,,,
JD하효,2024-06-23,3.38,,,,,,,
JD하효,2024-06-24,3.36,,,,,,,
JD하효,2024-06-25,3.22,,,,,,,
JD하효,2024-06-26,3.1,,,,,,,
JD하효,2024-06-27,3.16,,,,,,,
JD하효,2024-06-28,3.27,,,,,,,
JD하효,2024-06-29,3.8,,,,,,,
JD하효,2024-06-30,4.37,,,,,,,
JD하효,2024-07-01,4.17,,,,,,,
JD하효,2024-07-02,3.98,,,,,,,
JD하효,2024-07-03,3.78,,,,,,,
JD하효,2024-07-04,3.66,,,,,,,
JD하효,2024-07-05,3.62,,,,,,,
JD하효,2024-07-06,3.6,,,,,,,
JD하효,2024-07-07,3.59,,,,,,,
JD하효,2024-07-08,3.58,,,,,,,
JD하효,2024-07-09,3.55,,,,,,,
JD하효,2024-07-10,3.54,,,,,,,
JD하효,2024-07-11,3.58,,,,,,,
JD하효,2024-07-12,3.58,,,,,,,
JD하효,2024-07-13,3.56,,,,,,,
JD하효,2024-07-14,3.66,,,,,,,
JD하효,2024-07-15,3.67,,,,,,,
JD하효,2024-07-16,3.73,,,,,,,
JD하효,2024-07-17,3.67,,,,,,,
JD하효,2024-07-18,3.63,,,,,,,
JD하효,2024-07-19,3.63,,,,,,,
JD하효,2024-07-20,3.6,,,,,,,
JD하효,2024-07-21,3.55,,,,,,,
JD하효,2024-07-22,3.53,,,,,,,
JD하효,2024-07-23,3.51,,,,,,,
JD하효,2024-07-24,3.49,,,,,,,
JD하효,2024-07-25,3.51,,,,,,,
JD하효,2024-07-26,3.52,,,,,,,
JD하효,2024-07-27,3.39,,,,,,,
JD하효,2024-07-28,3.32,,,,,,,
JD하효,2024-07-29,3.23,,,,,,,
JD하효,2024-07-30,3.19,,,,,,,
JD하효,2024-07-31,3.16,,,,,,,
JD하효,2024-08-01,3.16,,,,,,,
JD하효,2024-08-02,3.14,,,,,,,
JD하효,2024-08-03,3.14,,,,,,,
JD하효,2024-08-04,3.13,,,,,,,
JD하효,2024-08-05,3.12,,,,,,,
JD하효,2024-08-06,3.09,,,,,,,
JD하효,2024-08-07,3.06,,,,,,,
JD하효,2024-08-08,3.02,,,,,,,
JD하효,2024-08-09,3.0,,,,,,,
JD하효,2024-08-10,2.99,,,,,,,
JD하효,2024-08-11,2.98,,,,,,,
JD하효,2024-08-12,2.96,,,,,,,
JD하효,2024-08-13,2.94,,,,,,,
JD하효,2024-08-14,2.9,,,,,,,
JD하효,2024-08-15,2.87,,,,,,,
JD하효,2024-08-16,2.9,,,,,,,
JD하효,2024-08-17,2.92,,,,,,,
JD하효,2024-08-18,2.96,,,,,,,
JD하효,2024-08-19,2.94,,,,,,,
JD하효,2024-08-20,2.98,,,,,,,
JD하효,2024-08-21,2.97,,,,,,,
JD하효,2024-08-22,2.94,,,,,,,
JD하효,2024-08-23,2.91,,,,,,,
JD하효,2024-08-24,2.88,,,,,,,
JD하효,2024-08-25,2.82,,,,,,,
JD하효,2024-08-26,2.78,,,,,,,
JD하효,2024-08-27,2.77,,,,,,,
JD하효,2024-08-28,2.83,,,,,,,
JD하효,2024-08-29,2.85,,,,,,,
JD하효,2024-08-30,2.77,,,,,,,
JD하효,2024-08-31,2.71,,,,,,,
JD하효,2024-09-01,2.69,,,,,,,
JD하효,2024-09-02,2.65,,,,,,,
JD하효,2024-09-03,2.67,,,,,,,
JD하효,2024-09-04,2.67,,,,,,,
JD하효,2024-09-05,2.61,,,,,,,
JD하효,2024-09-06,2.61,,,,,,,
JD하효,2024-09-07,2.59,,,,,,,
JD하효,2024-09-08,2.56,,,,,,,
JD하효,2024-09-09,2.56,,,,,,,
JD하효,2024-09-10,2.56,,,,,,,
JD하효,2024-09-11,2.56,,,,,,,
JD하효,2024-09-12,2.55,,,,,,,
JD하효,2024-09-13,2.53,,,,,,,
JD하효,2024-09-14,2.57,,,,,,,
JD하효,2024-09-15,2.64,,,,,,,
JD하효,2024-09-16,2.66,,,,,,,
JD하효,2024-09-17,2.57,,,,,,,
JD하효,2024-09-18,2.59,,,,,,,
JD하효,2024-09-19,2.69,,,,,,,
JD하효,2024-09-20,2.83,,,,,,,
JD하효,2024-09-21,2.8,,,,,,,
JD하효,2024-09-22,2.73,,,,,,,
JD하효,2024-09-23,2.7,,,,,,,
JD하효,2024-09-24,2.61,,,,,,,
JD하효,2024-09-25,2.55,,,,,,,
JD하효,2024-09-26,2.52,,,,,,,
JD하효,2024-09-27,2.51,,,,,,,
JD하효,2024-09-28,2.52,,,,,,,
JD하효,2024-09-29,2.53,,,,,,,
JD하효,2024-09-30,2.5,,,,,,,
JD하효,2024-10-01,2.46,,,,,,,
JD하효,2024-10-02,2.45,,,,,,,
JD하효,2024-10-03,2.48,,,,,,,
JD하효,2024-10-04,2.43,,,,,,,
JD하효,2024-10-05,2.4,,,,,,,
JD하효,2024-10-06,2.38,,,,,,,
JD하효,2024-10-07,2.39,,,,,,,
JD하효,2024-10-08,2.4,,,,,,,
JD하효,2024-10-09,2.47,,,,,,,
JD하효,2024-10-10,2.56,,,,,,,
JD하효,2024-10-11,2.48,,,,,,,
JD하효,2024-10-12,2.43,,,,,,,
JD하효,2024-10-13,2.42,,,,,,,
JD하효,2024-10-14,2.45,,,,,,,
JD하효,2024-10-15,2.44,,,,,,,
JD하효,2024-10-16,2.46,,,,,,,
JD하효,2024-10-17,2.5,,,,,,,
JD하효,2024-10-18,2.54,,,,,,,
JD하효,2024-10-19,2.52,,,,,,,
JD하효,2024-10-20,2.57,,,,,,,
JD하효,2024-10-21,2.49,,,,,,,
JD하효,2024-10-22,2.45,,,,,,,
JD하효,2024-10-23,2.37,,,,,,,
JD하효,2024-10-24,2.37,,,,,,,
JD하효,2024-10-25,2.39,,,,,,,
JD하효,2024-10-26,2.37,,,,,,,
JD하효,2024-10-27,2.36,,,,,,,
JD하효,2024-10-28,2.39,,,,,,,
JD하효,2024-10-29,2.41,,,,,,,
JD하효,2024-10-30,2.35,,,,,,,
JD하효,2024-10-31,2.35,,,,,,,
JD하효,2024-11-01,2.55,,,,,,,
JD하효,2024-11-02,3.09,,,,,,,
JD하효,2024-11-03,2.78,,,,,,,
JD하효,2024-11-04,2.63,,,,,,,
JD하효,2024-11-05,2.6,,,,,,,
JD하효,2024-11-06,2.53,,,,,,,
JD하효,2024-11-07,2.46,,,,,,,
JD하효,2024-11-08,2.42,,,,,,,
JD하효,2024-11-09,2.4,,,,,,,
JD하효,2024-11-10,2.39,,,,,,,
JD하효,2024-11-11,2.39,,,,,,,
JD하효,2024-11-12,2.39,,,,,,,
JD하효,2024-11-13,2.44,,,,,,,
JD하효,2024-11-14,2.45,,,,,,,
JD하효,2024-11-15,2.47,,,,,,,
JD하효,2024-11-16,2.53,,,,,,,
JD하효,2024-11-17,2.5,,,,,,,
JD하효,2024-11-18,2.48,,,,,,,
JD하효,2024-11-19,2.47,,,,,,,
JD하효,2024-11-20,2.39,,,,,,,
JD하효,2024-11-21,2.36,,,,,,,
JD하효,2024-11-22,2.34,,,,,,,
JD하효,2024-11-23,2.32,,,,,,,
JD하효,2024-11-24,2.29,,,,,,,
JD하효,2024-11-25,2.29,,,,,,,
JD하효,2024-11-26,2.34,,,,,,,
JD하효,2024-11-27,2.27,,,,,,,
JD하효,2024-11-28,2.25,,,,,,,
JD하효,2024-11-29,2.23,,,,,,,
JD하효,2024-11-30,2.25,,,,,,,
JD하효,2024-12-01,2.27,,,,,,,
JD하효,2024-12-02,2.28,,,,,,,
JD하효,2024-12-03,2.26,,,,,,,
JD하효,2024-12-04,2.23,,,,,,,
JD하효,2024-12-05,2.19,,,,,,,
JD하효,2024-12-06,2.18,,,,,,,
JD하효,2024-12-07,2.17,,,,,,,
JD하효,2024-12-08,2.09,,,,,,,
JD하효,2024-12-09,2.06,,,,,,,
JD하효,2024-12-10,2.07,,,,,,,
JD하효,2024-12-11,2.11,,,,,,,
JD하효,2024-12-12,2.17,,,,,,,
JD하효,2024-12-13,2.16,,,,,,,
JD하효,2024-12-14,2.17,,,,,,,
JD하효,2024-12-15,2.13,,,,,,,
JD하효,2024-12-16,2.14,,,,,,,
JD하효,2024-12-17,2.16,,,,,,,
JD하효,2024-12-18,2.13,,,,,,,
JD하효,2024-12-19,2.13,,,,,,,
JD하효,2024-12-20,2.09,,,,,,,
JD하효,2024-12-21,2.04,,,,,,,
JD하효,2024-12-22,2.03,,,,,,,
JD하효,2024-12-23,2.04,,,,,,,
JD하효,2024-12-24,2.04,,,,,,,
JD하효,2024-12-25,2.03,,,,,,,
JD하효,2024-12-26,1.99,,,,,,,
JD하효,2024-12-27,1.92,,,,,,,
JD하효,2024-12-28,1.81,,,,,,,
JD하효,2024-12-29,1.89,,,,,,,
JD하효,2024-12-30,1.91,,,,,,,
JD하효,2024-12-31,1.9,,,,,,,
JD하효,2025-01-01,1.94,,,,,,,
JD하효,2025-01-02,1.96,,,,,,,
JD하효,2025-01-03,1.95,,,,,,,
JD하효,2025-01-04,1.93,,,,,,,
JD하효,2025-01-05,1.86,,,,,,,
JD하효,2025-01-06,1.8,,,,,,,
JD하효,2025-01-07,1.78,,,,,,,
JD하효,2025-01-08,1.86,,,,,,,
JD하효,2025-01-09,1.94,,,,,,,
JD하효,2025-01-10,1.97,,,,,,,
JD하효,2025-01-11,1.97,,,,,,,
JD하효,2025-01-12,1.93,,,,,,,
JD하효,2025-01-13,1.95,,,,,,,
JD하효,2025-01-14,1.93,,,,,,,
JD하효,2025-01-15,1.92,,,,,,,
JD하효,2025-01-16,1.91,,,,,,,
JD하효,2025-01-17,1.9,,,,,,,
JD하효,2025-01-18,1.88,,,,,,,
JD하효,2025-01-19,1.81,,,,,,,
JD하효,2025-01-20,1.78,,,,,,,
JD하효,2025-01-21,1.81,,,,,,,
JD하효,2025-01-22,1.81,,,,,,,
JD하효,2025-01-23,1.78,,,,,,,
JD하효,2025-01-24,1.8,,,,,,,
JD하효,2025-01-25,1.86,,,,,,,
JD하효,2025-01-26,1.88,,,,,,,
JD하효,2025-01-27,1.78,,,,,,,
JD하효,2025-01-28,1.77,,,,,,,
JD하효,2025-01-29,1.81,,,,,,,
JD하효,2025-01-30,1.86,,,,,,,
JD하효,2025-01-31,1.85,,,,,,,
JD하효,2025-02-01,1.9,,,,,,,
JD하효,2025-02-02,1.91,,,,,,,
JD하효,2025-02-03,1.81,,,,,,,
JD하효,2025-02-04,1.71,,,,,,,
JD하효,2025-02-05,1.68,,,,,,,
JD하효,2025-02-06,1.73,,,,,,,
JD하효,2025-02-07,1.69,,,,,,,
JD하효,2025-02-08,1.72,,,,,,,
JD하효,2025-02-09,1.72,,,,,,,
JD하효,2025-02-10,1.73,,,,,,,
JD하효,2025-02-11,1.77,,,,,,,
JD하효,2025-02-12,1.75,,,,,,,
JD하효,2025-02-13,1.76,,,,,,,
JD하효,2025-02-14,1.75,,,,,,,
JD하효,2025-02-15,1.74,,,,,,,
JD하효,2025-02-16,1.71,,,,,,,
JD하효,2025-02-17,1.72,,,,,,,
JD하효,2025-02-18,1.71,,,,,,,
JD하효,2025-02-19,1.71,,,,,,,
JD하효,2025-02-20,1.7,,,,,,,
JD하효,2025-02-21,1.6,,,,,,,
JD하효,2025-02-22,1.55,,,,,,,
JD하효,2025-02-23,1.51,,,,,,,
JD하효,2025-02-24,1.5,,,,,,,
JD하효,2025-02-25,1.51,,,,,,,
JD하효,2025-02-26,1.49,,,,,,,
JD하효,2025-02-27,1.53,,,,,,,
JD하효,2025-02-28,1.56,,,,,,,
JD하효,2025-03-01,1.58,,,,,,,
JD하효,2025-03-02,1.59,,,,,,,
JD하효,2025-03-03,1.72,,,,,,,
JD하효,2025-03-04,1.73,,,,,,,
JD하효,2025-03-05,1.65,,,,,,,
JD하효,2025-03-06,1.58,,,,,,,
JD하효,2025-03-07,1.56,,,,,,,
JD하효,2025-03-08,1.54,,,,,,,
JD하효,2025-03-09,1.55,,,,,,,
JD하효,2025-03-10,1.54,,,,,,,
JD하효,2025-03-11,1.51,,,,,,,
JD하효,2025-03-12,1.49,,,,,,,
JD하효,2025-03-13,1.52,,,,,,,
JD하효,2025-03-14,1.57,,,,,,,
JD하효,2025-03-15,1.62,,,,,,,
JD하효,2025-03-16,1.52,,,,,,,
JD하효,2025-03-17,1.44,,,,,,,
JD하효,2025-03-18,1.49,,,,,,,
JD하효,2025-03-19,1.57,,,,,,,
JD하효,2025-03-20,1.49,,,,,,,
JD하효,2025-03-21,1.39,,,,,,,
JD하효,2025-03-22,1.37,,,,,,,
JD하효,2025-03-23,1.4,,,,,,,
JD하효,2025-03-24,1.39,,,,,,,
JD하효,2025-03-25,1.43,,,,,,,
JD하효,2025-03-26,1.6,,,,,,,
JD하효,2025-03-27,1.64,,,,,,,
JD하효,2025-03-28,1.71,,,,,,,
JD하효,2025-03-29,1.75,,,,,,,
JD하효,2025-03-30,1.78,,,,,,,
JD하효,2025-03-31,1.65,,,,,,,
JD하효,2025-04-01,1.46,,,,,,,
JD하효,2025-04-02,1.44,,,,,,,
JD하효,2025-04-03,1.4,,,,,,,
JD하효,2025-04-04,1.37,,,,,,,
JD하효,2025-04-05,1.32,,,,,,,
JD하효,2025-04-06,1.32,,,,,,,
JD하효,2025-04-07,1.33,,,,,,,
JD하효,2025-04-08,1.28,,,,,,,
JD하효,2025-04-09,1.29,,,,,,,
JD하효,2025-04-10,1.27,,,,,,,
JD하효,2025-04-11,1.32,,,,,,,
JD하효,2025-04-12,1.44,,,,,,,
JD하효,2025-04-13,1.6,,,,,,,
JD하효,2025-04-14,1.43,,,,,,,
JD하효,2025-04-15,1.41,,,,,,,
JD하효,2025-04-16,1.46,,,,,,,
JD하효,2025-04-17,1.53,,,,,,,
JD하효,2025-04-18,1.51,,,,,,,
JD하효,2025-04-19,1.5,,,,,,,
JD하효,2025-04-20,1.49,,,,,,,
JD하효,2025-04-21,1.51,,,,,,,
JD하효,2025-04-22,1.55,,,,,,,
JD하효,2025-04-23,1.55,,,,,,,
JD하효,2025-04-24,1.55,,,,,,,
JD하효,2025-04-25,1.57,,,,,,,
JD하효,2025-04-26,1.59,,,,,,,
JD하효,2025-04-27,1.56,,,,,,,
JD하효,2025-04-28,1.55,,,,,,,
JD하효,2025-04-29,1.61,,,,,,,
JD하효,2025-04-30,1.64,,,,,,,
JD하효,2025-05-01,1.65,,,,,,,
JD하효,2025-05-02,1.67,,,,,,,
JD하효,2025-05-03,1.61,,,,,,,
JD하효,2025-05-04,1.61,,,,,,,
JD하효,2025-05-05,1.59,,,,,,,
JD하효,2025-05-06,1.57,,,,,,,
JD하효,2025-05-07,1.6,,,,,,,
JD하효,2025-05-08,1.62,,,,,,,
JD하효,2025-05-09,2.21,,,,,,,
JD하효,2025-05-10,2.23,,,,,,,
JD하효,2025-05-11,2.0,,,,,,,
JD하효,2025-05-12,1.96,,,,,,,
JD하효,2025-05-13,1.96,,,,,,,
JD하효,2025-05-14,1.95,,,,,,,
JD하효,2025-05-15,1.94,,,,,,,
JD하효,2025-05-16,1.99,,,,,,,
JD하효,2025-05-17,2.08,,,,,,,
JD하효,2025-05-18,2.04,,,,,,,
JD하효,2025-05-19,2.01,,,,,,,
JD하효,2025-05-20,1.98,,,,,,,
JD하효,2025-05-21,2.01,,,,,,,
JD하효,2025-05-22,2.06,,,,,,,
JD하효,2025-05-23,2.11,,,,,,,
JD하효,2025-05-24,2.2,,,,,,,
JD하효,2025-05-25,2.27,,,,,,,
JD하효,2025-05-26,2.29,,,,,,,
JD하효,2025-05-27,2.31,,,,,,,
JD하효,2025-05-28,2.3,,,,,,,
JD하효,2025-05-29,2.29,,,,,,,
JD하효,2025-05-30,2.3,,,,,,,
JD하효,2025-05-31,2.29,,,,,,,
JD하효,2025-06-01,2.24,,,,,,,
JD하효,2025-06-02,2.21,,,,,,,
JD하효,2025-06-03,2.24,,,,,,,
JD하효,2025-06-04,2.22,,,,,,,
JD하효,2025-06-05,2.21,,,,,,,
JD하효,2025-06-06,2.18,,,,,,,
JD하효,2025-06-07,2.17,,,,,,,
JD하효,2025-06-08,2.2,,,,,,,
JD하효,2025-06-09,2.21,,,,,,,
JD하효,2025-06-10,2.23,,,,,,,
JD하효,2025-06-11,2.22,,,,,,,
JD하효,2025-06-12,2.24,,,,,,,
JD하효,2025-06-13,2.23,,,,,,,
JD하효,2025-06-14,2.29,,,,,,,
JD하효,2025-06-15,2.28,,,,,,,
JD하효,2025-06-16,2.35,,,,,,,
JD하효,2025-06-17,2.38,,,,,,,
JD하효,2025-06-18,2.35,,,,,,,
JD하효,2025-06-19,2.31,,,,,,,
JD하효,2025-06-20,2.27,,,,,,,
JD하효,2025-06-21,2.24,,,,,,,
JD하효,2025-06-22,2.36,,,,,,,
JD하효,2025-06-23,2.42,,,,,,,
JD하효,2025-06-24,2.47,,,,,,,
JD하효,2025-06-25,2.49,,,,,,,
JD하효,2025-06-26,2.49,,,,,,,
JD하효,2025-06-27,2.48,,,,,,,
JD하효,2025-06-28,2.49,,,,,,,
JD하효,2025-06-29,2.46,,,,,,,
JD하효,2025-06-30,2.43,,,,,,,
JD하효,2025-07-01,2.39,,,,,,,
JD하효,2025-07-02,2.34,,,,,,,
JD하효,2025-07-03,2.3,,,,,,,
JD하효,2025-07-04,2.25,,,,,,,
JD하효,2025-07-05,2.24,,,,,,,
JD하효,2025-07-06,2.24,,,,,,,
JD하효,2025-07-07,2.26,,,,,,,
JD하효,2025-07-08,2.3,,,,,,,
JD하효,2025-07-09,2.34,,,,,,,
JD하효,2025-07-10,2.35,,,,,,,
JD하효,2025-07-11,2.42,,,,,,,
JD하효,2025-07-12,2.39,,,,,,,
JD하효,2025-07-13,2.29,,,,,,,
JD하효,2025-07-14,2.27,,,,,,,
JD하효,2025-07-15,2.28,,,,,,,
JD하효,2025-07-16,2.31,,,,,,,
JD하효,2025-07-17,2.28,,,,,,,
JD하효,2025-07-18,2.25,,,,,,,
JD하효,2025-07-19,2.26,,,,,,,
JD하효,2025-07-20,2.24,,,,,,,
JD하효,2025-07-21,2.25,,,,,,,
JD하효,2025-07-22,2.23,,,,,,,
JD하효,2025-07-23,2.22,,,,,,,
JD하효,2025-07-24,2.21,,,,,,,
JD하효,2025-07-25,2.24,,,,,,,
JD하효,2025-07-26,2.25,,,,,,,
JD하효,2025-07-27,2.24,,,,,,,
JD하효,2025-07-28,2.22,,,,,,,
JD하효,2025-07-29,2.18,,,,,,,
JD하효,2025-07-30,2.17,,,,,,,
JD하효,2025-07-31,2.15,,,,,,,
JD하효,2025-08-01,2.08,,,,,,,
JD하효,2025-08-02,2.04,,,,,,,
JD하효,2025-08-03,2.03,,,,,,,
JD하효,2025-08-04,2.03,,,,,,,
JD하효,2025-08-05,2.05,,,,,,,
JD하효,2025-08-06,2.03,,,,,,,
JD하효,2025-08-07,2.01,,,,,,,
JD하효,2025-08-08,2.07,,,,,,,
JD하효,2025-08-09,2.08,,,,,,,
JD하효,2025-08-10,2.07,,,,,,,
JD하효,2025-08-11,2.13,,,,,,,
JD하효,2025-08-12,2.17,,,,,,,
JD하효,2025-08-13,2.15,,,,,,,
JD하효,2025-08-14,2.1,,,,,,,
JD하효,2025-08-15,2.05,,,,,,,
JD하효,2025-08-16,2.0,,,,,,,
JD하효,2025-08-17,1.97,,,,,,,
JD하효,2025-08-18,1.97,,,,,,,
JD하효,2025-08-19,1.95,,,,,,,
JD하효,2025-08-20,1.96,,,,,,,
JD하효,2025-08-21,1.98,,,,,,,
JD하효,2025-08-22,1.98,,,,,,,
JD하효,2025-08-23,1.97,,,,,,,
JD하효,2025-08-24,1.98,,,,,,,
JD하효,2025-08-25,1.97,,,,,,,
JD하효,2025-08-26,1.9,,,,,,,
JD하효,2025-08-27,1.89,,,,,,,
JD하효,2025-08-28,1.9,,,,,,,
JD하효,2025-08-29,1.87,,,,,,,
JD하효,2025-08-30,1.84,,,,,,,
JD하효,2025-08-31,1.83,,,,,,,
JD하효,2025-09-01,1.84,,,,,,,
JD하효,2025-09-02,1.85,,,,,,,
JD하효,2025-09-03,1.89,,,,,,,
JD하효,2025-09-04,1.9,,,,,,,
JD하효,2025-09-05,1.91,,,,,,,
JD하효,2025-09-06,1.89,,,,,,,
JD하효,2025-09-07,1.89,,,,,,,
JD하효,2025-09-08,1.96,,,,,,,
JD하효,2025-09-09,2.04,,,,,,,
JD하효,2025-09-10,2.03,,,,,,,
JD하효,2025-09-11,2.03,,,,,,,
JD하효,2025-09-12,2.17,,,,,,,
JD하효,2025-09-13,2.09,,,,,,,
JD하효,2025-09-14,2.1,,,,,,,
JD하효,2025-09-15,2.33,,,,,,,
JD하효,2025-09-16,2.17,,,,,,,
JD하효,2025-09-17,2.08,,,,,,,
JD하효,2025-09-18,2.13,,,,,,,
JD하효,2025-09-19,2.17,,,,,,,
JD하효,2025-09-20,2.19,,,,,,,
JD하효,2025-09-21,2.27,,,,,,,
JD하효,2025-09-22,2.37,,,,,,,
JD하효,2025-09-23,2.34,,,,,,,
JD하효,2025-09-24,2.27,,,,,,,
JD하효,2025-09-25,2.24,,,,,,,
JD하효,2025-09-26,2.23,,,,,,,
JD하효,2025-09-27,2.25,,,,,,,
JD하효,2025-09-28,2.3,,,,,,,
JD하효,2025-09-29,2.27,,,,,,,
JD하효,2025-09-30,2.31,,,,,,,
JD하효,2025-10-01,2.31,,,,,,,
JD하효,2025-10-02,2.32,,,,,,,
JD하효,2025-10-03,2.42,,,,,,,
JD하효,2025-10-04,2.44,,,,,,,
JD하효,2025-10-05,2.45,,,,,,,
JD하효,2025-10-06,2.51,,,,,,,
JD하효,2025-10-07,2.53,,,,,,,
JD하효,2025-10-08,2.54,,,,,,,
JD하효,2025-10-09,2.63,,,,,,,
JD하효,2025-10-10,2.62,,,,,,,
JD하효,2025-10-11,2.53,,,,,,,
JD하효,2025-10-12,2.48,,,,,,,
JD하효,2025-10-13,2.49,,,,,,,
JD하효,2025-10-14,2.5,,,,,,,
JD하효,2025-10-15,2.46,,,,,,,
JD하효,2025-10-16,2.39,,,,,,,
JD하효,2025-10-17,2.44,,,,,,,
JD하효,2025-10-18,2.4,,,,,,,
JD하효,2025-10-19,2.45,,,,,,,
JD하효,2025-10-20,2.45,,,,,,,
JD하효,2025-10-21,2.45,,,,,,,
JD하효,2025-10-22,2.45,,,,,,,
JD하효,2025-10-23,2.47,,,,,,,
JD하효,2025-10-24,2.44,,,,,,,
JD하효,2025-10-25,2.39,,,,,,,
JD하효,2025-10-26,2.35,,,,,,,
JD하효,2025-10-27,2.35,,,,,,,
JD하효,2025-10-28,2.36,,,,,,,
JD하효,2025-10-29,2.34,,,,,,,
JD하효,2025-10-30,2.3,,,,,,,
JD하효,2025-10-31,2.23,,,,,,,
JD하효,2025-11-01,2.19,,,,,,,
JD하효,2025-11-02,2.25,,,,,,,
JD하효,2025-11-03,2.36,,,,,,,
JD하효,2025-11-04,2.37,,,,,,,
JD하효,2025-11-05,2.34,,,,,,,
JD하효,2025-11-06,2.36,,,,,,,
JD하효,2025-11-07,2.39,,,,,,,
JD하효,2025-11-08,2.38,,,,,,,
JD하효,2025-11-09,2.33,,,,,,,
JD하효,2025-11-10,2.26,,,,,,,
JD하효,2025-11-11,2.24,,,,,,,
JD하효,2025-11-12,2.23,,,,,,,
JD하효,2025-11-13,2.15,,,,,,,
JD하효,2025-11-14,2.1,,,,,,,
JD하효,2025-11-15,2.13,,,,,,,
JD하효,2025-11-16,2.12,,,,,,,
JD하효,2025-11-17,2.06,,,,,,,
JD하효,2025-11-18,2.04,,,,,,,
JD하효,2025-11-19,2.06,,,,,,,
JD하효,2025-11-20,2.07,,,,,,,
JD하효,2025-11-21,2.05,,,,,,,
JD하효,2025-11-22,2.05,,,,,,,
JD하효,2025-11-23,2.01,,,,,,,
JD하효,2025-11-24,1.97,,,,,,,
JD하효,2025-11-25,1.92,,,,,,,
JD하효,2025-11-26,1.96,,,,,,,
JD하효,2025-11-27,1.89,,,,,,,
JD하효,2025-11-28,1.88,,,,,,,
JD하효,2025-11-29,1.9,,,,,,,
JD하효,2025-11-30,1.88,,,,,,,
JD하효,2025-12-01,1.88,,,,,,,
JD하효,2025-12-02,1.91,,,,,,,
JD하효,2025-12-03,1.94,,,,,,,
JD하효,2025-12-04,1.97,,,,,,,
JD하효,2025-12-05,1.97,,,,,,,
JD하효,2025-12-06,1.97,,,,,,,
JD하효,2025-12-07,1.95,,,,,,,
JD하효,2025-12-08,1.94,,,,,,,
JD하효,2025-12-09,1.94,,,,,,,
JD하효,2025-12-10,1.9,,,,,,,
JD하효,2025-12-11,1.82,,,,,,,
JD하효,2025-12-12,1.86,,,,,,,
JD하효,2025-12-13,1.8,,,,,,,
JD하효,2025-12-14,1.7,,,,,,,
JD하효,2025-12-15,1.76,,,,,,,
JD하효,2025-12-16,1.77,,,,,,,
JD하효,2025-12-17,1.76,,,,,,,
JD하효,2025-12-18,1.79,,,,,,,
JD하효,2025-12-19,1.78,,,,,,,
JD하효,2025-12-20,1.78,,,,,,,
JD하효,2025-12-21,1.81,,,,,,,
JD하효,2025-12-22,1.85,,,,,,,
JD하효,2025-12-23,1.79,,,,,,,
JD하효,2025-12-24,1.69,,,,,,,
JD하효,2025-12-25,1.69,,,,,,,
JD하효,2025-12-26,1.71,,,,,,,
JD하효,2025-12-27,1.72,,,,,,,
JD하효,2025-12-28,1.69,,,,,,,
JD하효,2025-12-29,1.65,,,,,,,
JD하효,2025-12-30,1.67,,,,,,,
JD하효,2025-12-31,1.69,,,,,,,
JD하효,2026-01-01,1.69,S11,9.89,8.92,19.06,245.0,1035.0,13.17
JD하효,2026-01-02,1.67,S11,9.92,8.9,19.07,245.0,1035.0,13.17
JD하효,2026-01-03,1.69,S11,9.89,8.92,19.06,245.0,1035.0,13.18
JD하효,2026-01-04,1.69,S11,9.89,8.92,19.06,245.0,1035.0,13.08
JD하효,2026-01-05,1.66,S11,9.92,8.89,19.07,245.0,1035.0,13.13
JD하효,2026-01-06,1.7,S11,9.88,8.93,19.07,245.0,1035.0,13.14
JD하효,2026-01-07,1.66,S11,9.92,8.89,19.08,245.0,1035.0,13.18
JD하효,2026-01-08,1.63,S11,9.95,8.86,19.08,245.0,1035.0,13.1
JD하효,2026-01-09,1.58,S11,10.0,8.81,19.09,244.0,1035.0,13.1
JD하효,2026-01-10,1.48,S11,10.11,8.71,19.09,244.0,1035.0,13.09
JD하효,2026-01-11,1.45,S11,10.13,8.68,19.1,244.0,1035.0,13.16
JD하효,2026-01-12,1.46,S11,10.12,8.69,19.1,245.0,1035.0,13.14
JD하효,2026-01-13,1.41,S11,10.17,8.64,19.1,245.0,1035.0,13.13
JD하효,2026-01-14,1.49,S11,10.09,8.72,19.1,245.0,1035.0,13.11
JD하효,2026-01-15,1.45,S11,10.13,8.68,19.11,245.0,1035.0,13.07
JD하효,2026-01-16,1.48,S11,10.1,8.71,19.11,245.0,1035.0,13.1
JD하효,2026-01-17,1.51,S11,10.07,8.74,19.11,245.0,1035.0,13.12
JD하효,2026-01-18,1.53,S11,10.05,8.76,19.11,245.0,1035.0,13.1
JD하효,2026-01-19,1.52,S11,10.06,8.75,19.11,245.0,1035.0,13.1
JD하효,2026-01-20,1.5,S11,10.08,8.73,19.11,244.0,1035.0,13.12
JD하효,2026-01-21,1.51,S11,10.08,8.74,19.11,244.0,1035.0,13.23
JD하효,2026-01-22,1.51,S11,10.07,8.74,19.11,244.0,1035.0,13.17
JD하효,2026-01-23,1.52,S11,10.06,8.75,19.12,244.0,1035.0,13.19
JD하효,2026-01-24,1.47,S11,10.11,8.7,19.12,244.0,1035.0,13.12
JD하효,2026-01-25,1.47,S11,10.11,8.7,19.13,244.0,1035.0,13.17
JD하효,2026-01-26,1.43,S11,10.15,8.66,19.13,245.0,1035.0,13.1
JD하효,2026-01-27,1.39,S11,10.19,8.62,19.14,245.0,1035.0,13.1
JD하효,2026-01-28,1.43,S11,10.15,8.66,19.14,245.0,1035.0,13.17
JD하효,2026-01-29,1.45,S11,10.13,8.68,19.15,245.0,1035.0,13.16
JD하효,2026-01-30,1.45,S11,10.13,8.68,19.15,245.0,1035.0,13.16
JD하효,2026-01-31,1.44,S11,10.14,8.67,19.15,245.0,1035.0,13.09
JD하효,2026-02-01,1.45,S11,10.13,8.68,19.16,244.0,1035.0,13.14
JD하효,2026-02-02,1.47,S11,10.11,8.7,19.26,244.0,1035.0,13.1
JD하효,2026-02-03,1.49,S11,10.09,8.72,19.29,244.0,1035.0,13.17
JD하효,2026-02-04,1.44,S11,10.14,8.67,19.28,244.0,1035.0,13.11
JD하효,2026-02-05,1.42,S11,10.16,8.65,19.29,244.0,1035.0,13.08
JD하효,2026-02-06,1.4,S11,10.18,8.63,19.3,244.0,1035.0,13.12
JD하효,2026-02-07,1.37,S11,10.21,8.6,19.3,244.0,1035.0,13.2
JD하효,2026-02-08,1.31,S11,10.27,8.54,19.32,243.0,1035.0,13.18
JD하효,2026-02-09,1.31,S11,10.27,8.54,19.32,244.0,1035.0,13.17
JD하효,2026-02-10,1.27,S11,10.31,8.5,19.34,244.0,1035.0,13.05
JD하효,2026-02-11,1.24,S11,10.34,8.47,19.33,244.0,1035.0,13.13
JD하효,2026-02-12,1.27,S11,10.31,8.5,19.35,244.0,1035.0,13.16
JD하효,2026-02-13,1.29,S11,10.29,8.52,19.35,244.0,1035.0,13.15
JD하효,2026-02-14,1.3,S11,10.28,8.53,19.35,244.0,1035.0,13.06
JD하효,2026-02-15,1.34,S11,10.24,8.57,19.35,244.0,1035.0,13.12
JD하효,2026-02-16,1.35,S11,10.23,8.58,19.35,244.0,1035.0,13.15
JD하효,2026-02-17,1.34,S11,10.24,8.57,19.35,243.0,1035.0,13.15
JD하효,2026-02-18,1.32,S11,10.26,8.55,19.35,243.0,1035.0,13.17
JD하효,2026-02-19,1.36,S11,10.22,8.59,19.35,244.0,1035.0,13.16
JD하효,2026-02-20,1.33,S11,10.25,8.56,19.35,244.0,1034.96,13.15
JD하효,2026-02-21,1.29,S11,10.3,8.52,19.36,243.0,1034.96,13.13
JD하효,2026-02-22,1.26,S11,10.32,8.49,19.38,243.0,1035.0,13.1
JD하효,2026-02-23,1.31,S11,10.27,8.54,19.39,243.0,1035.0,13.15
JD하효,2026-02-24,1.34,S11,10.25,8.57,19.4,244.0,1035.0,12.98
JD하효,2026-02-25,1.4,S11,10.18,8.63,19.4,244.0,1035.0,13.1
JD하효,2026-02-26,1.36,S11,10.22,8.59,19.41,243.0,1035.0,13.15
JD하효,2026-02-27,1.33,S11,10.25,8.56,19.4,243.0,1035.0,13.13
JD하효,2026-02-28,1.4,S11,10.18,8.63,19.41,243.0,1035.0,13.16
JD하효,2026-03-01,1.42,S11,10.16,8.65,19.39,243.0,1035.0,13.05
JD하효,2026-03-02,1.49,S11,10.09,8.72,19.38,244.0,1035.0,12.97
JD하효,2026-03-03,1.54,S11,10.04,8.77,19.36,244.0,1035.0,13.18
JD하효,2026-03-04,1.48,S11,10.11,8.71,19.37,243.0,1035.0,13.15
JD하효,2026-03-05,1.42,S11,10.17,8.65,19.38,243.0,1034.88,13.16
JD하효,2026-03-06,1.37,S11,10.21,8.6,19.39,243.0,1034.92,13.13
JD하효,2026-03-07,1.37,S11,10.21,8.6,19.39,243.0,1034.96,13.18
JD하효,2026-03-08,1.37,S11,10.21,8.6,19.39,243.0,1035.0,13.2
JD하효,2026-03-09,1.33,S11,10.25,8.56,19.41,243.0,1035.0,13.18
JD하효,2026-03-10,1.31,S11,10.27,8.54,19.42,243.0,1035.0,13.17
JD하효,2026-03-11,1.27,S11,10.31,8.5,19.43,243.0,1035.0,13.17
JD하효,2026-03-12,1.26,S11,10.32,8.49,19.43,243.0,1035.0,13.15
JD하효,2026-03-13,1.32,S11,10.26,8.55,19.44,243.0,1035.0,13.19
JD하효,2026-03-14,1.31,S11,10.27,8.54,19.46,243.0,1035.0,13.17
JD하효,2026-03-15,1.23,S11,10.35,8.46,19.48,243.0,1035.0,13.18
JD하효,2026-03-16,1.24,S11,10.34,8.48,19.49,243.0,1035.08,13.23
JD하효,2026-03-17,1.23,S11,10.35,8.48,19.51,243.0,1035.0,13.1
JD하효,2026-03-18,1.29,S11,10.29,8.54,19.52,243.0,1035.0,13.05
JD하효,2026-03-19,1.32,S11,10.26,8.57,19.54,243.0,1035.0,13.16
JD하효,2026-03-20,1.35,S11,10.23,8.6,19.56,243.0,1035.0,13.18
JD하효,2026-03-21,1.37,S11,10.21,8.62,19.59,242.0,1035.0,13.18
JD하효,2026-03-22,1.31,S11,10.27,8.56,19.61,242.0,1034.96,13.17
JD하효,2026-03-23,1.28,S11,10.3,8.53,19.64,242.0,1035.0,13.17
JD하효,2026-03-24,1.27,S11,10.31,8.52,19.65,242.0,1035.0,13.11
JD하효,2026-03-25,1.24,S11,10.34,8.49,19.66,242.0,1035.0,13.15
JD하효,2026-03-26,1.21,S11,10.37,8.46,19.66,242.0,1035.0,13.13
JD하효,2026-03-27,1.17,S11,10.41,8.42,19.65,242.0,1035.0,13.12
JD하효,2026-03-28,1.16,S11,10.42,8.41,19.64,242.0,1035.0,13.13
JD하효,2026-03-29,1.18,S11,10.4,8.43,19.63,242.0,1035.0,13.15
JD하효,2026-03-30,1.19,S11,10.39,8.44,19.61,242.0,1035.0,13.0
JD하효,2026-03-31,1.2,S11,10.38,8.45,19.58,243.0,1035.0,13.13
JD하효,2026-04-01,1.24,S11,10.34,8.49,19.56,243.0,1035.0,13.13
JD하효,2026-04-02,1.22,S11,10.36,8.47,19.54,243.0,1035.0,13.17
JD하효,2026-04-03,1.19,S11,10.39,8.44,19.56,243.0,1035.0,13.13
JD하효,2026-04-04,1.34,S11,10.24,8.59,19.58,243.0,1035.0,13.06
JD하효,2026-04-05,1.32,S11,10.26,8.57,19.56,243.0,1035.0,13.22
JD하효,2026-04-06,1.26,S11,10.32,8.51,19.55,243.0,1035.0,13.1
JD하효,2026-04-07,1.22,S11,10.36,8.47,19.55,243.0,1035.0,13.19
JD하효,2026-04-08,1.2,S11,10.38,8.45,19.55,243.0,1035.0,13.18
JD하효,2026-04-09,1.25,S11,10.33,8.5,19.54,243.0,1035.0,12.63
JD하효,2026-04-10,1.25,S11,10.33,8.5,19.54,243.0,1035.0,13.06
JD하효,2026-04-11,1.27,S11,10.31,8.52,19.54,243.0,1035.0,13.14
JD하효,2026-04-12,1.26,S11,10.32,8.51,19.53,243.0,1035.0,13.17
JD하효,2026-04-13,1.26,S11,10.32,8.51,19.53,243.0,1035.0,13.12
JD하효,2026-04-14,1.26,S11,10.32,8.51,19.5,243.0,1035.0,13.11
JD하효,2026-04-15,1.29,S11,10.29,8.54,19.47,243.0,1035.0,13.12
JD하효,2026-04-16,1.36,S11,10.22,8.61,19.45,243.0,1035.0,13.18
JD하효,2026-04-17,1.39,S11,10.19,8.64,19.45,243.0,1035.0,12.94
JD하효,2026-04-18,1.43,S11,10.15,8.68,19.44,243.0,1034.96,13.07
JD하효,2026-04-19,1.6,S11,9.98,8.85,19.44,244.0,1034.96,13.1
JD하효,2026-04-20,1.56,S11,10.02,8.81,19.43,243.0,1034.88,13.15
JD하효,2026-04-21,1.51,S11,10.07,8.76,19.44,243.0,1034.79,13.15
JD하효,2026-04-22,1.45,S11,10.13,8.7,19.44,242.0,1034.88,13.14
JD하효,2026-04-23,1.52,S11,10.06,8.77,19.45,242.0,1034.88,13.17
JD하효,2026-04-24,1.58,S11,10.0,8.83,19.46,243.0,1035.0,13.18
JD하효,2026-04-25,1.53,S11,10.05,8.78,19.45,243.0,1035.0,13.16
JD하효,2026-04-26,1.43,S11,10.15,8.68,19.45,243.0,1035.0,13.11
JD하효,2026-04-27,1.42,S11,10.16,8.67,19.45,243.0,1035.0,13.14
JD하효,2026-04-28,1.44,S11,10.14,8.69,19.46,243.0,1035.0,13.13
JD하효,2026-04-29,1.49,S11,10.09,8.74,19.45,243.0,1035.0,13.16
JD하효,2026-04-30,1.5,S11,10.08,8.75,19.45,243.0,1035.0,13.18
JD하효,2026-05-01,1.45,S11,10.13,8.7,19.46,243.0,1035.0,13.15
JD하효,2026-05-02,1.45,S11,10.13,8.7,19.46,243.0,1035.0,13.16
JD하효,2026-05-03,1.5,S11,10.08,8.75,19.46,243.0,1035.0,13.13
JD하효,2026-05-04,1.53,S11,10.05,8.78,19.47,243.0,1035.0,13.18
JD하효,2026-05-05,1.55,S11,10.03,8.8,19.47,243.0,1035.0,13.15
JD하효,2026-05-06,1.49,S11,10.09,8.74,19.48,243.0,1035.0,13.12
JD하효,2026-05-07,1.46,S11,10.13,8.71,19.49,243.0,1035.0,13.14
JD하효,2026-05-08,1.45,S11,10.13,8.7,19.49,243.0,1035.0,13.13
JD하효,2026-05-09,1.46,S11,10.12,8.71,19.5,243.0,1035.0,13.15
JD하효,2026-05-10,1.43,S11,10.15,8.68,19.5,243.0,1035.0,13.13
JD하효,2026-05-11,1.41,S11,10.17,8.66,19.5,243.0,1035.0,13.12
JD하효,2026-05-12,1.42,S11,10.16,8.67,19.5,243.0,1035.0,13.13
JD하효,2026-05-13,1.47,S11,10.11,8.72,19.5,243.0,1035.0,13.15
JD하효,2026-05-14,1.56,S11,10.02,8.81,19.51,243.0,1035.0,13.13
JD하효,2026-05-15,1.64,S11,9.94,8.89,19.52,243.0,1035.0,13.14
JD하효,2026-05-16,1.64,S11,9.94,8.89,19.52,243.0,1035.0,13.11
JD하효,2026-05-17,1.62,S11,9.97,8.87,19.52,242.0,1035.0,13.12
JD하효,2026-05-18,1.63,S11,9.95,8.88,19.52,243.0,1035.0,13.08
JD하효,2026-05-19,1.64,S11,9.94,8.89,19.56,243.0,1035.0,13.08
JD하효,2026-05-20,1.69,S11,9.89,8.94,19.69,242.0,1035.0,13.11
JD하효,2026-05-21,1.67,S11,9.91,8.92,19.89,241.0,1035.0,13.12
JD하효,2026-05-22,1.68,S11,9.9,8.93,20.2,239.0,1035.0,13.16
JD하효,2026-05-23,1.66,S11,9.92,8.91,20.13,239.0,1035.0,13.16
JD하효,2026-05-24,1.63,S11,9.95,8.88,20.1,240.0,1035.0,13.15
JD하효,2026-05-25,1.6,S11,9.98,8.85,20.21,239.0,1035.0,13.04
JD하효,2026-05-26,1.91,S11,9.67,9.23,19.43,243.0,1022.24,13.02
JD하효,2026-05-27,2.27,S11,9.31,9.65,18.73,245.0,1012.0,13.12
JD하효,2026-05-28,2.1,S11,9.48,9.48,18.74,243.0,1012.75,13.1
JD하효,2026-05-29,2.0,S11,9.58,9.38,18.74,242.0,1014.67,13.13
JD하효,2026-05-30,1.98,S11,9.6,9.36,18.74,243.0,1017.0,13.1
JD하효,2026-05-31,1.99,S11,9.59,9.37,18.74,243.0,1017.42,13.12
JD하효,2026-06-01,1.98,S11,9.6,9.36,18.74,243.0,1020.33,13.1
JD하효,2026-06-02,2.1,S11,9.48,9.48,18.73,245.0,1021.0,13.1
JD하효,2026-06-03,2.05,S11,9.53,9.43,18.73,246.0,1021.0,13.16
JD하효,2026-06-04,2.03,S11,9.55,9.41,18.73,245.0,1021.04,13.15
JD하효,2026-06-05,2.06,S11,9.52,9.44,18.73,246.0,1021.92,13.16
JD하효,2026-06-06,2.05,S11,9.53,9.43,18.73,246.0,1022.0,13.18
JD하효,2026-06-07,2.0,S11,9.58,9.38,18.73,246.0,1022.63,13.16
JD하효,2026-06-08,1.96,S11,9.62,9.34,18.73,246.0,1023.0,13.17
JD하효,2026-06-09,1.94,S11,9.64,9.32,18.73,245.0,1023.33,13.15
JD하효,2026-06-10,1.97,S11,9.61,9.35,18.73,246.0,1024.0,13.15
