관측소명,날짜,EL,센서,GL,Pressure,Temp,EC,Barometa,Battery
JH교래2,2007-04-10,168.47,,,,,,,
JH교래2,2007-04-11,168.51,,,,,,,
JH교래2,2007-04-12,168.56,,,,,,,
JH교래2,2007-04-13,168.6,,,,,,,
JH교래2,2007-04-14,168.6,,,,,,,
JH교래2,2007-04-15,168.66,,,,,,,
JH교래2,2007-04-16,168.69,,,,,,,
JH교래2,2007-04-17,168.66,,,,,,,
JH교래2,2007-04-18,168.72,,,,,,,
JH교래2,2007-04-19,168.72,,,,,,,
JH교래2,2007-04-20,168.79,,,,,,,
JH교래2,2007-04-21,168.79,,,,,,,
JH교래2,2007-04-22,168.81,,,,,,,
JH교래2,2007-04-23,168.79,,,,,,,
JH교래2,2007-04-24,168.84,,,,,,,
JH교래2,2007-04-25,168.83,,,,,,,
JH교래2,2007-04-26,168.81,,,,,,,
JH교래2,2007-04-27,168.82,,,,,,,
JH교래2,2007-04-28,168.84,,,,,,,
JH교래2,2007-04-29,168.85,,,,,,,
JH교래2,2007-04-30,168.91,,,,,,,
JH교래2,2007-05-01,168.91,,,,,,,
JH교래2,2007-05-02,168.81,,,,,,,
JH교래2,2007-05-03,168.82,,,,,,,
JH교래2,2007-05-04,168.85,,,,,,,
JH교래2,2007-05-05,168.84,,,,,,,
JH교래2,2007-05-06,168.83,,,,,,,
JH교래2,2007-05-07,168.75,,,,,,,
JH교래2,2007-05-08,168.71,,,,,,,
JH교래2,2007-05-09,168.74,,,,,,,
JH교래2,2007-05-10,168.69,,,,,,,
JH교래2,2007-05-11,168.68,,,,,,,
JH교래2,2007-05-12,168.71,,,,,,,
JH교래2,2007-05-13,168.62,,,,,,,
JH교래2,2007-05-14,168.63,,,,,,,
JH교래2,2007-05-15,168.59,,,,,,,
JH교래2,2007-05-16,168.66,,,,,,,
JH교래2,2007-05-17,168.56,,,,,,,
JH교래2,2007-05-18,168.5,,,,,,,
JH교래2,2007-05-19,168.42,,,,,,,
JH교래2,2007-05-20,168.4,,,,,,,
JH교래2,2007-05-21,168.38,,,,,,,
JH교래2,2007-05-22,168.35,,,,,,,
JH교래2,2007-05-23,168.33,,,,,,,
JH교래2,2007-05-24,168.35,,,,,,,
JH교래2,2007-05-25,168.27,,,,,,,
JH교래2,2007-05-26,168.19,,,,,,,
JH교래2,2007-05-27,168.17,,,,,,,
JH교래2,2007-05-28,168.12,,,,,,,
JH교래2,2007-05-29,168.12,,,,,,,
JH교래2,2007-05-30,168.08,,,,,,,
JH교래2,2007-05-31,168.03,,,,,,,
JH교래2,2007-06-01,168.02,,,,,,,
JH교래2,2007-06-02,167.99,,,,,,,
JH교래2,2007-06-03,167.9,,,,,,,
JH교래2,2007-06-04,167.88,,,,,,,
JH교래2,2007-06-05,167.86,,,,,,,
JH교래2,2007-06-06,167.82,,,,,,,
JH교래2,2007-06-07,167.8,,,,,,,
JH교래2,2007-06-08,167.75,,,,,,,
JH교래2,2007-06-09,167.7,,,,,,,
JH교래2,2007-06-10,167.64,,,,,,,
JH교래2,2007-06-11,167.62,,,,,,,
JH교래2,2007-06-12,167.59,,,,,,,
JH교래2,2007-06-13,167.59,,,,,,,
JH교래2,2007-06-14,167.52,,,,,,,
JH교래2,2007-06-15,167.45,,,,,,,
JH교래2,2007-06-16,167.41,,,,,,,
JH교래2,2007-06-17,167.39,,,,,,,
JH교래2,2007-06-18,167.34,,,,,,,
JH교래2,2007-06-19,167.3,,,,,,,
JH교래2,2007-06-20,167.29,,,,,,,
JH교래2,2007-06-21,167.27,,,,,,,
JH교래2,2007-06-22,167.23,,,,,,,
JH교래2,2007-06-23,167.17,,,,,,,
JH교래2,2007-06-24,167.17,,,,,,,
JH교래2,2007-06-25,167.12,,,,,,,
JH교래2,2007-06-26,167.04,,,,,,,
JH교래2,2007-06-27,167.02,,,,,,,
JH교래2,2007-06-28,167.0,,,,,,,
JH교래2,2007-06-29,166.95,,,,,,,
JH교래2,2007-06-30,166.91,,,,,,,
JH교래2,2007-07-01,166.89,,,,,,,
JH교래2,2007-07-02,166.86,,,,,,,
JH교래2,2007-07-03,166.8,,,,,,,
JH교래2,2007-07-04,166.78,,,,,,,
JH교래2,2007-07-05,166.7,,,,,,,
JH교래2,2007-07-06,166.72,,,,,,,
JH교래2,2007-07-07,166.64,,,,,,,
JH교래2,2007-07-08,166.6,,,,,,,
JH교래2,2007-07-09,166.6,,,,,,,
JH교래2,2007-07-10,166.55,,,,,,,
JH교래2,2007-07-11,166.49,,,,,,,
JH교래2,2007-07-12,166.45,,,,,,,
JH교래2,2007-07-13,166.48,,,,,,,
JH교래2,2007-07-14,166.5,,,,,,,
JH교래2,2007-07-15,166.4,,,,,,,
JH교래2,2007-07-16,166.45,,,,,,,
JH교래2,2007-07-17,166.5,,,,,,,
JH교래2,2007-07-18,166.7,,,,,,,
JH교래2,2007-07-19,166.9,,,,,,,
JH교래2,2007-07-20,167.04,,,,,,,
JH교래2,2007-07-21,167.25,,,,,,,
JH교래2,2007-07-22,167.4,,,,,,,
JH교래2,2007-07-23,167.47,,,,,,,
JH교래2,2007-07-24,167.61,,,,,,,
JH교래2,2007-07-25,167.7,,,,,,,
JH교래2,2007-07-26,167.83,,,,,,,
JH교래2,2007-07-27,167.94,,,,,,,
JH교래2,2007-07-28,168.08,,,,,,,
JH교래2,2007-07-29,168.21,,,,,,,
JH교래2,2007-07-30,168.3,,,,,,,
JH교래2,2007-07-31,168.38,,,,,,,
JH교래2,2007-08-01,168.44,,,,,,,
JH교래2,2007-08-02,168.5,,,,,,,
JH교래2,2007-08-03,168.52,,,,,,,
JH교래2,2007-08-04,168.6,,,,,,,
JH교래2,2007-08-05,168.67,,,,,,,
JH교래2,2007-08-06,168.74,,,,,,,
JH교래2,2007-08-07,168.82,,,,,,,
JH교래2,2007-08-08,168.86,,,,,,,
JH교래2,2007-08-09,168.9,,,,,,,
JH교래2,2007-08-10,168.96,,,,,,,
JH교래2,2007-08-11,169.01,,,,,,,
JH교래2,2007-08-12,169.04,,,,,,,
JH교래2,2007-08-13,169.04,,,,,,,
JH교래2,2007-08-14,169.08,,,,,,,
JH교래2,2007-08-15,169.21,,,,,,,
JH교래2,2007-08-16,169.53,,,,,,,
JH교래2,2007-08-17,169.82,,,,,,,
JH교래2,2007-08-18,170.05,,,,,,,
JH교래2,2007-08-19,170.3,,,,,,,
JH교래2,2007-08-20,170.55,,,,,,,
JH교래2,2007-08-21,170.81,,,,,,,
JH교래2,2007-08-22,171.19,,,,,,,
JH교래2,2007-08-23,171.67,,,,,,,
JH교래2,2007-08-24,172.01,,,,,,,
JH교래2,2007-08-25,172.38,,,,,,,
JH교래2,2007-08-26,172.78,,,,,,,
JH교래2,2007-08-27,173.19,,,,,,,
JH교래2,2007-08-28,173.46,,,,,,,
JH교래2,2007-08-29,173.74,,,,,,,
JH교래2,2007-08-30,174.01,,,,,,,
JH교래2,2007-08-31,174.3,,,,,,,
JH교래2,2007-09-01,174.65,,,,,,,
JH교래2,2007-09-02,174.88,,,,,,,
JH교래2,2007-09-03,175.09,,,,,,,
JH교래2,2007-09-04,175.34,,,,,,,
JH교래2,2007-09-05,175.61,,,,,,,
JH교래2,2007-09-06,175.77,,,,,,,
JH교래2,2007-09-07,175.87,,,,,,,
JH교래2,2007-09-08,175.99,,,,,,,
JH교래2,2007-09-09,176.12,,,,,,,
JH교래2,2007-09-10,176.28,,,,,,,
JH교래2,2007-09-11,176.5,,,,,,,
JH교래2,2007-09-12,176.73,,,,,,,
JH교래2,2007-09-13,177.0,,,,,,,
JH교래2,2007-09-14,177.28,,,,,,,
JH교래2,2007-09-15,177.48,,,,,,,
JH교래2,2007-09-16,177.33,,,,,,,
JH교래2,2007-09-17,177.53,,,,,,,
JH교래2,2007-09-18,178.01,,,,,,,
JH교래2,2007-09-19,178.43,,,,,,,
JH교래2,2007-09-20,178.86,,,,,,,
JH교래2,2007-09-21,179.3,,,,,,,
JH교래2,2007-09-22,179.79,,,,,,,
JH교래2,2007-09-23,180.27,,,,,,,
JH교래2,2007-09-24,180.79,,,,,,,
JH교래2,2007-09-25,181.33,,,,,,,
JH교래2,2007-09-26,181.82,,,,,,,
JH교래2,2007-09-27,182.33,,,,,,,
JH교래2,2007-09-28,182.8,,,,,,,
JH교래2,2007-09-29,183.25,,,,,,,
JH교래2,2007-09-30,183.66,,,,,,,
JH교래2,2007-10-01,184.01,,,,,,,
JH교래2,2007-10-02,184.28,,,,,,,
JH교래2,2007-10-03,184.52,,,,,,,
JH교래2,2007-10-04,184.77,,,,,,,
JH교래2,2007-10-05,185.02,,,,,,,
JH교래2,2007-10-06,185.21,,,,,,,
JH교래2,2007-10-07,185.39,,,,,,,
JH교래2,2007-10-08,185.54,,,,,,,
JH교래2,2007-10-09,185.6,,,,,,,
JH교래2,2007-10-10,185.66,,,,,,,
JH교래2,2007-10-11,185.7,,,,,,,
JH교래2,2007-10-12,185.69,,,,,,,
JH교래2,2007-10-13,185.68,,,,,,,
JH교래2,2007-10-14,185.64,,,,,,,
JH교래2,2007-10-15,185.58,,,,,,,
JH교래2,2007-10-16,185.53,,,,,,,
JH교래2,2007-10-17,185.44,,,,,,,
JH교래2,2007-10-18,185.37,,,,,,,
JH교래2,2007-10-19,185.28,,,,,,,
JH교래2,2007-10-20,185.2,,,,,,,
JH교래2,2007-10-21,185.12,,,,,,,
JH교래2,2007-10-22,185.04,,,,,,,
JH교래2,2007-10-23,184.94,,,,,,,
JH교래2,2007-10-24,184.84,,,,,,,
JH교래2,2007-10-25,184.78,,,,,,,
JH교래2,2007-10-26,184.71,,,,,,,
JH교래2,2007-10-27,184.62,,,,,,,
JH교래2,2007-10-28,184.52,,,,,,,
JH교래2,2007-10-29,184.41,,,,,,,
JH교래2,2007-10-30,184.31,,,,,,,
JH교래2,2007-10-31,184.26,,,,,,,
JH교래2,2007-11-01,184.17,,,,,,,
JH교래2,2007-11-02,184.08,,,,,,,
JH교래2,2007-11-03,183.97,,,,,,,
JH교래2,2007-11-04,183.87,,,,,,,
JH교래2,2007-11-05,183.83,,,,,,,
JH교래2,2007-11-06,183.72,,,,,,,
JH교래2,2007-11-07,183.64,,,,,,,
JH교래2,2007-11-08,183.56,,,,,,,
JH교래2,2007-11-09,183.45,,,,,,,
JH교래2,2007-11-10,183.37,,,,,,,
JH교래2,2007-11-11,183.29,,,,,,,
JH교래2,2007-11-12,183.21,,,,,,,
JH교래2,2007-11-13,183.12,,,,,,,
JH교래2,2007-11-14,183.02,,,,,,,
JH교래2,2007-11-15,182.91,,,,,,,
JH교래2,2007-11-16,182.85,,,,,,,
JH교래2,2007-11-17,182.77,,,,,,,
JH교래2,2007-11-18,182.62,,,,,,,
JH교래2,2007-11-19,182.53,,,,,,,
JH교래2,2007-11-20,182.48,,,,,,,
JH교래2,2007-12-15,181.25,,,,,,,
JH교래2,2007-12-16,181.16,,,,,,,
JH교래2,2007-12-17,181.07,,,,,,,
JH교래2,2007-12-18,180.97,,,,,,,
JH교래2,2007-12-19,180.85,,,,,,,
JH교래2,2007-12-20,180.71,,,,,,,
JH교래2,2007-12-21,180.42,,,,,,,
JH교래2,2007-12-22,180.29,,,,,,,
JH교래2,2007-12-23,180.15,,,,,,,
JH교래2,2007-12-24,180.03,,,,,,,
JH교래2,2007-12-25,179.91,,,,,,,
JH교래2,2007-12-26,179.77,,,,,,,
JH교래2,2007-12-27,179.71,,,,,,,
JH교래2,2007-12-28,179.6,,,,,,,
JH교래2,2007-12-29,179.5,,,,,,,
JH교래2,2007-12-30,179.35,,,,,,,
JH교래2,2007-12-31,179.24,,,,,,,
JH교래2,2008-01-01,179.08,,,,,,,
JH교래2,2008-01-02,178.94,,,,,,,
JH교래2,2008-01-03,178.88,,,,,,,
JH교래2,2008-01-04,178.93,,,,,,,
JH교래2,2008-01-05,178.82,,,,,,,
JH교래2,2008-01-06,178.69,,,,,,,
JH교래2,2008-01-07,178.59,,,,,,,
JH교래2,2008-01-08,178.45,,,,,,,
JH교래2,2008-01-09,178.35,,,,,,,
JH교래2,2008-01-10,178.22,,,,,,,
JH교래2,2008-01-11,178.17,,,,,,,
JH교래2,2008-01-12,177.97,,,,,,,
JH교래2,2008-01-13,177.82,,,,,,,
JH교래2,2008-01-14,177.69,,,,,,,
JH교래2,2008-01-15,177.58,,,,,,,
JH교래2,2008-01-16,177.45,,,,,,,
JH교래2,2008-01-17,177.34,,,,,,,
JH교래2,2008-01-18,177.23,,,,,,,
JH교래2,2008-01-19,177.12,,,,,,,
JH교래2,2008-01-20,177.06,,,,,,,
JH교래2,2008-01-21,176.92,,,,,,,
JH교래2,2008-01-22,176.77,,,,,,,
JH교래2,2008-01-23,176.65,,,,,,,
JH교래2,2008-01-24,176.46,,,,,,,
JH교래2,2008-01-25,176.35,,,,,,,
JH교래2,2008-01-26,176.24,,,,,,,
JH교래2,2008-01-27,176.11,,,,,,,
JH교래2,2008-01-28,176.04,,,,,,,
JH교래2,2008-01-29,175.88,,,,,,,
JH교래2,2008-01-30,175.7,,,,,,,
JH교래2,2008-01-31,175.58,,,,,,,
JH교래2,2008-02-01,175.47,,,,,,,
JH교래2,2008-02-02,175.39,,,,,,,
JH교래2,2008-02-03,175.28,,,,,,,
JH교래2,2008-02-04,175.14,,,,,,,
JH교래2,2008-02-05,175.07,,,,,,,
JH교래2,2008-02-06,174.99,,,,,,,
JH교래2,2008-02-07,174.91,,,,,,,
JH교래2,2008-02-08,174.8,,,,,,,
JH교래2,2008-02-09,174.74,,,,,,,
JH교래2,2008-02-10,174.66,,,,,,,
JH교래2,2008-02-11,174.65,,,,,,,
JH교래2,2008-02-12,174.58,,,,,,,
JH교래2,2008-02-13,174.48,,,,,,,
JH교래2,2008-02-14,174.44,,,,,,,
JH교래2,2008-02-15,174.38,,,,,,,
JH교래2,2008-02-16,174.32,,,,,,,
JH교래2,2008-02-17,174.28,,,,,,,
JH교래2,2008-02-18,174.23,,,,,,,
JH교래2,2008-02-19,174.22,,,,,,,
JH교래2,2008-02-20,174.19,,,,,,,
JH교래2,2008-02-21,174.12,,,,,,,
JH교래2,2008-02-22,174.11,,,,,,,
JH교래2,2008-02-23,174.01,,,,,,,
JH교래2,2008-02-24,173.93,,,,,,,
JH교래2,2008-02-25,173.94,,,,,,,
JH교래2,2008-02-26,173.93,,,,,,,
JH교래2,2008-02-27,173.81,,,,,,,
JH교래2,2008-02-28,173.8,,,,,,,
JH교래2,2008-02-29,173.82,,,,,,,
JH교래2,2008-03-01,173.67,,,,,,,
JH교래2,2008-03-02,173.66,,,,,,,
JH교래2,2008-03-03,173.59,,,,,,,
JH교래2,2008-03-04,173.52,,,,,,,
JH교래2,2008-03-05,173.43,,,,,,,
JH교래2,2008-03-06,173.4,,,,,,,
JH교래2,2008-03-07,173.34,,,,,,,
JH교래2,2008-03-08,173.29,,,,,,,
JH교래2,2008-03-09,173.28,,,,,,,
JH교래2,2008-03-10,173.21,,,,,,,
JH교래2,2008-03-11,173.14,,,,,,,
JH교래2,2008-03-12,173.08,,,,,,,
JH교래2,2008-03-13,173.07,,,,,,,
JH교래2,2008-03-14,172.96,,,,,,,
JH교래2,2008-03-15,172.9,,,,,,,
JH교래2,2008-03-16,172.85,,,,,,,
JH교래2,2008-03-17,172.79,,,,,,,
JH교래2,2008-03-18,172.72,,,,,,,
JH교래2,2008-03-19,172.65,,,,,,,
JH교래2,2008-03-20,172.53,,,,,,,
JH교래2,2008-03-21,172.49,,,,,,,
JH교래2,2008-03-22,172.48,,,,,,,
JH교래2,2008-03-23,172.43,,,,,,,
JH교래2,2008-03-24,172.28,,,,,,,
JH교래2,2008-03-25,172.24,,,,,,,
JH교래2,2008-03-26,172.15,,,,,,,
JH교래2,2008-03-27,172.09,,,,,,,
JH교래2,2008-03-28,171.96,,,,,,,
JH교래2,2008-03-29,171.93,,,,,,,
JH교래2,2008-03-30,171.95,,,,,,,
JH교래2,2008-03-31,171.79,,,,,,,
JH교래2,2008-04-01,171.72,,,,,,,
JH교래2,2008-04-02,171.72,,,,,,,
JH교래2,2008-04-03,171.62,,,,,,,
JH교래2,2008-04-04,171.51,,,,,,,
JH교래2,2008-04-05,171.46,,,,,,,
JH교래2,2008-04-06,171.48,,,,,,,
JH교래2,2008-04-07,171.39,,,,,,,
JH교래2,2008-04-08,171.25,,,,,,,
JH교래2,2008-04-09,171.34,,,,,,,
JH교래2,2008-04-10,171.11,,,,,,,
JH교래2,2008-04-11,170.93,,,,,,,
JH교래2,2008-04-12,170.92,,,,,,,
JH교래2,2008-04-13,170.88,,,,,,,
JH교래2,2008-04-14,170.75,,,,,,,
JH교래2,2008-04-15,170.66,,,,,,,
JH교래2,2008-04-16,170.63,,,,,,,
JH교래2,2008-04-17,170.55,,,,,,,
JH교래2,2008-04-18,170.48,,,,,,,
JH교래2,2008-04-19,170.46,,,,,,,
JH교래2,2008-04-20,170.45,,,,,,,
JH교래2,2008-04-21,170.44,,,,,,,
JH교래2,2008-04-22,170.45,,,,,,,
JH교래2,2008-04-23,170.48,,,,,,,
JH교래2,2008-04-24,170.41,,,,,,,
JH교래2,2008-04-25,170.48,,,,,,,
JH교래2,2008-04-26,170.48,,,,,,,
JH교래2,2008-04-27,170.5,,,,,,,
JH교래2,2008-04-28,170.51,,,,,,,
JH교래2,2008-04-29,170.49,,,,,,,
JH교래2,2008-04-30,170.49,,,,,,,
JH교래2,2008-05-01,170.52,,,,,,,
JH교래2,2008-05-02,170.51,,,,,,,
JH교래2,2008-05-03,170.5,,,,,,,
JH교래2,2008-05-04,170.59,,,,,,,
JH교래2,2008-05-05,170.5,,,,,,,
JH교래2,2008-05-06,170.48,,,,,,,
JH교래2,2008-05-07,170.48,,,,,,,
JH교래2,2008-05-08,170.49,,,,,,,
JH교래2,2008-05-09,170.46,,,,,,,
JH교래2,2008-05-10,170.43,,,,,,,
JH교래2,2008-05-11,170.42,,,,,,,
JH교래2,2008-05-12,170.45,,,,,,,
JH교래2,2008-05-13,170.36,,,,,,,
JH교래2,2008-05-14,170.32,,,,,,,
JH교래2,2008-05-15,170.31,,,,,,,
JH교래2,2008-05-16,170.31,,,,,,,
JH교래2,2008-05-17,170.35,,,,,,,
JH교래2,2008-05-18,170.31,,,,,,,
JH교래2,2008-05-19,170.25,,,,,,,
JH교래2,2008-05-20,170.18,,,,,,,
JH교래2,2008-05-21,170.14,,,,,,,
JH교래2,2008-05-22,170.12,,,,,,,
JH교래2,2008-05-23,170.12,,,,,,,
JH교래2,2008-05-24,170.14,,,,,,,
JH교래2,2008-05-25,170.06,,,,,,,
JH교래2,2008-05-26,170.0,,,,,,,
JH교래2,2008-05-27,170.04,,,,,,,
JH교래2,2008-05-28,170.05,,,,,,,
JH교래2,2008-05-29,169.93,,,,,,,
JH교래2,2008-05-30,169.96,,,,,,,
JH교래2,2008-05-31,169.97,,,,,,,
JH교래2,2008-06-01,169.95,,,,,,,
JH교래2,2008-06-02,169.92,,,,,,,
JH교래2,2008-06-03,169.89,,,,,,,
JH교래2,2008-06-04,169.88,,,,,,,
JH교래2,2008-06-05,169.83,,,,,,,
JH교래2,2008-06-06,169.74,,,,,,,
JH교래2,2008-06-07,169.74,,,,,,,
JH교래2,2008-06-08,169.71,,,,,,,
JH교래2,2008-06-09,169.66,,,,,,,
JH교래2,2008-06-10,169.63,,,,,,,
JH교래2,2008-06-11,169.6,,,,,,,
JH교래2,2008-06-12,169.53,,,,,,,
JH교래2,2008-06-13,169.49,,,,,,,
JH교래2,2008-06-14,169.47,,,,,,,
JH교래2,2008-06-15,169.41,,,,,,,
JH교래2,2008-06-16,169.39,,,,,,,
JH교래2,2008-06-17,169.34,,,,,,,
JH교래2,2008-06-18,169.31,,,,,,,
JH교래2,2008-06-19,169.28,,,,,,,
JH교래2,2008-06-20,169.26,,,,,,,
JH교래2,2008-06-21,169.26,,,,,,,
JH교래2,2008-06-22,169.15,,,,,,,
JH교래2,2008-06-23,169.1,,,,,,,
JH교래2,2008-06-24,169.19,,,,,,,
JH교래2,2008-06-25,169.28,,,,,,,
JH교래2,2008-06-26,169.5,,,,,,,
JH교래2,2008-06-27,169.66,,,,,,,
JH교래2,2008-06-28,169.86,,,,,,,
JH교래2,2008-06-29,169.86,,,,,,,
JH교래2,2008-06-30,169.87,,,,,,,
JH교래2,2008-07-01,170.05,,,,,,,
JH교래2,2008-07-02,170.25,,,,,,,
JH교래2,2008-07-03,170.36,,,,,,,
JH교래2,2008-07-04,170.55,,,,,,,
JH교래2,2008-07-05,170.73,,,,,,,
JH교래2,2008-07-06,170.92,,,,,,,
JH교래2,2008-07-07,171.08,,,,,,,
JH교래2,2008-07-08,171.33,,,,,,,
JH교래2,2008-07-09,171.72,,,,,,,
JH교래2,2008-07-10,172.14,,,,,,,
JH교래2,2008-07-11,172.45,,,,,,,
JH교래2,2008-07-12,172.68,,,,,,,
JH교래2,2008-07-13,172.9,,,,,,,
JH교래2,2008-07-14,173.17,,,,,,,
JH교래2,2008-07-15,173.39,,,,,,,
JH교래2,2008-07-16,173.63,,,,,,,
JH교래2,2008-07-17,173.81,,,,,,,
JH교래2,2008-07-18,173.94,,,,,,,
JH교래2,2008-07-19,174.07,,,,,,,
JH교래2,2008-07-20,174.22,,,,,,,
JH교래2,2008-07-21,174.34,,,,,,,
JH교래2,2008-07-22,174.47,,,,,,,
JH교래2,2008-07-23,174.65,,,,,,,
JH교래2,2008-07-24,174.76,,,,,,,
JH교래2,2008-07-25,174.84,,,,,,,
JH교래2,2008-07-26,174.89,,,,,,,
JH교래2,2008-07-27,174.94,,,,,,,
JH교래2,2008-07-28,175.02,,,,,,,
JH교래2,2008-07-29,175.07,,,,,,,
JH교래2,2008-07-30,175.09,,,,,,,
JH교래2,2008-07-31,175.12,,,,,,,
JH교래2,2008-08-01,175.15,,,,,,,
JH교래2,2008-08-02,175.2,,,,,,,
JH교래2,2008-08-03,175.17,,,,,,,
JH교래2,2008-08-04,175.11,,,,,,,
JH교래2,2008-08-05,175.12,,,,,,,
JH교래2,2008-08-06,175.11,,,,,,,
JH교래2,2008-08-07,175.12,,,,,,,
JH교래2,2008-08-08,175.09,,,,,,,
JH교래2,2008-08-09,175.07,,,,,,,
JH교래2,2008-08-10,175.03,,,,,,,
JH교래2,2008-08-11,174.99,,,,,,,
JH교래2,2008-08-12,174.96,,,,,,,
JH교래2,2008-08-13,174.89,,,,,,,
JH교래2,2008-08-14,174.87,,,,,,,
JH교래2,2008-08-15,174.84,,,,,,,
JH교래2,2008-08-16,174.77,,,,,,,
JH교래2,2008-08-17,174.66,,,,,,,
JH교래2,2008-08-18,174.62,,,,,,,
JH교래2,2008-08-19,174.56,,,,,,,
JH교래2,2008-08-20,174.5,,,,,,,
JH교래2,2008-08-21,174.44,,,,,,,
JH교래2,2008-08-22,174.44,,,,,,,
JH교래2,2008-08-23,174.33,,,,,,,
JH교래2,2008-08-24,174.21,,,,,,,
JH교래2,2008-08-25,174.17,,,,,,,
JH교래2,2008-08-26,174.12,,,,,,,
JH교래2,2008-08-27,174.04,,,,,,,
JH교래2,2008-08-28,173.99,,,,,,,
JH교래2,2008-08-29,173.93,,,,,,,
JH교래2,2008-08-30,173.88,,,,,,,
JH교래2,2008-08-31,173.84,,,,,,,
JH교래2,2008-09-01,173.8,,,,,,,
JH교래2,2008-09-02,173.72,,,,,,,
JH교래2,2008-09-03,173.64,,,,,,,
JH교래2,2008-09-04,173.59,,,,,,,
JH교래2,2008-09-05,173.54,,,,,,,
JH교래2,2008-09-06,173.47,,,,,,,
JH교래2,2008-09-07,173.43,,,,,,,
JH교래2,2008-09-08,173.38,,,,,,,
JH교래2,2008-09-09,173.33,,,,,,,
JH교래2,2008-09-10,173.3,,,,,,,
JH교래2,2008-09-11,173.26,,,,,,,
JH교래2,2008-09-12,173.21,,,,,,,
JH교래2,2008-09-13,173.15,,,,,,,
JH교래2,2008-09-14,173.1,,,,,,,
JH교래2,2008-09-15,173.11,,,,,,,
JH교래2,2008-09-16,173.04,,,,,,,
JH교래2,2008-09-17,173.0,,,,,,,
JH교래2,2008-09-18,172.94,,,,,,,
JH교래2,2008-09-19,172.89,,,,,,,
JH교래2,2008-09-20,172.85,,,,,,,
JH교래2,2008-09-21,172.83,,,,,,,
JH교래2,2008-09-22,172.76,,,,,,,
JH교래2,2008-09-23,172.68,,,,,,,
JH교래2,2008-09-24,172.63,,,,,,,
JH교래2,2008-09-25,172.62,,,,,,,
JH교래2,2008-10-09,172.15,,,,,,,
JH교래2,2008-10-10,172.19,,,,,,,
JH교래2,2008-10-11,172.18,,,,,,,
JH교래2,2008-10-12,172.2,,,,,,,
JH교래2,2008-10-13,172.21,,,,,,,
JH교래2,2008-10-14,172.19,,,,,,,
JH교래2,2008-10-15,172.16,,,,,,,
JH교래2,2008-10-16,172.18,,,,,,,
JH교래2,2008-10-17,172.18,,,,,,,
JH교래2,2008-10-18,172.18,,,,,,,
JH교래2,2008-10-19,172.2,,,,,,,
JH교래2,2008-10-20,172.18,,,,,,,
JH교래2,2008-10-21,172.18,,,,,,,
JH교래2,2008-10-22,172.21,,,,,,,
JH교래2,2008-10-23,172.17,,,,,,,
JH교래2,2008-10-24,172.07,,,,,,,
JH교래2,2008-10-25,172.07,,,,,,,
JH교래2,2008-10-26,172.08,,,,,,,
JH교래2,2008-10-27,172.04,,,,,,,
JH교래2,2008-10-28,172.04,,,,,,,
JH교래2,2008-10-29,172.0,,,,,,,
JH교래2,2008-10-30,171.93,,,,,,,
JH교래2,2008-10-31,171.94,,,,,,,
JH교래2,2008-11-01,171.91,,,,,,,
JH교래2,2008-11-02,171.89,,,,,,,
JH교래2,2008-11-03,171.84,,,,,,,
JH교래2,2008-11-04,171.77,,,,,,,
JH교래2,2008-11-05,171.76,,,,,,,
JH교래2,2008-11-06,171.76,,,,,,,
JH교래2,2008-11-07,171.69,,,,,,,
JH교래2,2008-11-08,171.63,,,,,,,
JH교래2,2008-11-09,171.58,,,,,,,
JH교래2,2008-11-10,171.52,,,,,,,
JH교래2,2008-11-11,171.49,,,,,,,
JH교래2,2008-11-12,171.46,,,,,,,
JH교래2,2008-11-13,171.41,,,,,,,
JH교래2,2008-11-14,171.37,,,,,,,
JH교래2,2008-11-15,171.36,,,,,,,
JH교래2,2008-11-16,171.28,,,,,,,
JH교래2,2008-11-17,171.2,,,,,,,
JH교래2,2008-11-18,171.12,,,,,,,
JH교래2,2008-11-19,171.04,,,,,,,
JH교래2,2008-11-20,170.99,,,,,,,
JH교래2,2008-11-21,170.94,,,,,,,
JH교래2,2008-11-22,170.88,,,,,,,
JH교래2,2008-11-23,170.83,,,,,,,
JH교래2,2008-11-24,170.78,,,,,,,
JH교래2,2008-11-25,170.65,,,,,,,
JH교래2,2008-11-26,170.59,,,,,,,
JH교래2,2008-11-27,170.6,,,,,,,
JH교래2,2008-11-28,170.44,,,,,,,
JH교래2,2008-11-29,170.34,,,,,,,
JH교래2,2008-11-30,170.16,,,,,,,
JH교래2,2008-12-01,170.04,,,,,,,
JH교래2,2008-12-02,169.72,,,,,,,
JH교래2,2008-12-03,169.57,,,,,,,
JH교래2,2008-12-04,169.51,,,,,,,
JH교래2,2008-12-05,169.43,,,,,,,
JH교래2,2008-12-06,169.36,,,,,,,
JH교래2,2008-12-07,169.35,,,,,,,
JH교래2,2008-12-08,169.36,,,,,,,
JH교래2,2008-12-09,169.31,,,,,,,
JH교래2,2008-12-10,169.24,,,,,,,
JH교래2,2008-12-11,169.21,,,,,,,
JH교래2,2008-12-12,169.13,,,,,,,
JH교래2,2008-12-13,169.09,,,,,,,
JH교래2,2008-12-14,169.04,,,,,,,
JH교래2,2008-12-15,168.98,,,,,,,
JH교래2,2008-12-16,168.94,,,,,,,
JH교래2,2008-12-17,168.93,,,,,,,
JH교래2,2008-12-18,168.85,,,,,,,
JH교래2,2008-12-19,168.81,,,,,,,
JH교래2,2008-12-20,168.77,,,,,,,
JH교래2,2008-12-21,168.7,,,,,,,
JH교래2,2008-12-22,168.6,,,,,,,
JH교래2,2008-12-23,168.58,,,,,,,
JH교래2,2008-12-24,168.6,,,,,,,
JH교래2,2008-12-25,168.51,,,,,,,
JH교래2,2008-12-26,168.4,,,,,,,
JH교래2,2008-12-27,168.4,,,,,,,
JH교래2,2008-12-28,168.38,,,,,,,
JH교래2,2008-12-29,168.32,,,,,,,
JH교래2,2008-12-30,168.25,,,,,,,
JH교래2,2008-12-31,168.21,,,,,,,
JH교래2,2009-01-01,168.17,,,,,,,
JH교래2,2009-01-02,168.07,,,,,,,
JH교래2,2009-01-03,168.05,,,,,,,
JH교래2,2009-01-04,168.03,,,,,,,
JH교래2,2009-01-05,167.97,,,,,,,
JH교래2,2009-01-06,167.93,,,,,,,
JH교래2,2009-01-07,167.88,,,,,,,
JH교래2,2009-01-08,167.85,,,,,,,
JH교래2,2009-01-09,167.86,,,,,,,
JH교래2,2009-01-10,167.78,,,,,,,
JH교래2,2009-01-11,167.72,,,,,,,
JH교래2,2009-01-12,167.62,,,,,,,
JH교래2,2009-01-13,167.6,,,,,,,
JH교래2,2009-01-14,167.6,,,,,,,
JH교래2,2009-01-15,167.55,,,,,,,
JH교래2,2009-01-16,167.54,,,,,,,
JH교래2,2009-01-17,167.53,,,,,,,
JH교래2,2009-01-18,167.53,,,,,,,
JH교래2,2009-01-19,167.39,,,,,,,
JH교래2,2009-01-20,167.38,,,,,,,
JH교래2,2009-01-21,167.35,,,,,,,
JH교래2,2009-01-22,167.33,,,,,,,
JH교래2,2009-01-23,167.18,,,,,,,
JH교래2,2009-01-24,167.15,,,,,,,
JH교래2,2009-01-25,167.08,,,,,,,
JH교래2,2009-01-26,167.05,,,,,,,
JH교래2,2009-01-27,166.99,,,,,,,
JH교래2,2009-01-28,166.97,,,,,,,
JH교래2,2009-01-29,166.95,,,,,,,
JH교래2,2009-01-30,166.93,,,,,,,
JH교래2,2009-01-31,166.73,,,,,,,
JH교래2,2009-02-01,166.67,,,,,,,
JH교래2,2009-02-02,166.7,,,,,,,
JH교래2,2009-02-03,166.7,,,,,,,
JH교래2,2009-02-04,166.62,,,,,,,
JH교래2,2009-02-05,166.57,,,,,,,
JH교래2,2009-02-06,166.51,,,,,,,
JH교래2,2009-02-07,166.49,,,,,,,
JH교래2,2009-02-08,166.43,,,,,,,
JH교래2,2009-02-09,166.46,,,,,,,
JH교래2,2009-02-10,166.39,,,,,,,
JH교래2,2009-02-11,166.37,,,,,,,
JH교래2,2009-02-12,166.33,,,,,,,
JH교래2,2009-02-13,166.34,,,,,,,
JH교래2,2009-02-14,166.16,,,,,,,
JH교래2,2009-02-15,166.09,,,,,,,
JH교래2,2009-02-16,166.01,,,,,,,
JH교래2,2009-02-17,166.03,,,,,,,
JH교래2,2009-02-18,166.06,,,,,,,
JH교래2,2009-02-19,166.09,,,,,,,
JH교래2,2009-02-20,166.0,,,,,,,
JH교래2,2009-02-21,165.94,,,,,,,
JH교래2,2009-02-22,165.99,,,,,,,
JH교래2,2009-02-23,165.84,,,,,,,
JH교래2,2009-02-24,165.87,,,,,,,
JH교래2,2009-02-25,165.78,,,,,,,
JH교래2,2009-02-26,165.76,,,,,,,
JH교래2,2009-02-27,165.75,,,,,,,
JH교래2,2009-02-28,165.69,,,,,,,
JH교래2,2009-03-01,165.63,,,,,,,
JH교래2,2009-03-02,165.66,,,,,,,
JH교래2,2009-03-03,165.64,,,,,,,
JH교래2,2009-03-04,165.48,,,,,,,
JH교래2,2009-03-05,165.5,,,,,,,
JH교래2,2009-03-06,165.39,,,,,,,
JH교래2,2009-03-07,165.34,,,,,,,
JH교래2,2009-03-08,165.37,,,,,,,
JH교래2,2009-03-09,165.38,,,,,,,
JH교래2,2009-03-10,165.31,,,,,,,
JH교래2,2009-03-11,165.3,,,,,,,
JH교래2,2009-03-12,165.35,,,,,,,
JH교래2,2009-03-13,165.4,,,,,,,
JH교래2,2009-03-14,165.27,,,,,,,
JH교래2,2009-03-15,165.33,,,,,,,
JH교래2,2009-03-16,165.36,,,,,,,
JH교래2,2009-03-17,165.35,,,,,,,
JH교래2,2009-03-18,165.35,,,,,,,
JH교래2,2009-03-19,165.42,,,,,,,
JH교래2,2009-03-20,165.35,,,,,,,
JH교래2,2009-03-21,165.51,,,,,,,
JH교래2,2009-03-22,165.54,,,,,,,
JH교래2,2009-03-23,165.43,,,,,,,
JH교래2,2009-03-24,165.54,,,,,,,
JH교래2,2009-03-25,165.6,,,,,,,
JH교래2,2009-03-26,165.63,,,,,,,
JH교래2,2009-03-27,165.7,,,,,,,
JH교래2,2009-03-28,165.85,,,,,,,
JH교래2,2009-03-29,165.87,,,,,,,
JH교래2,2009-03-30,165.95,,,,,,,
JH교래2,2009-03-31,166.07,,,,,,,
JH교래2,2009-04-01,166.13,,,,,,,
JH교래2,2009-04-02,166.17,,,,,,,
JH교래2,2009-04-03,166.29,,,,,,,
JH교래2,2009-04-04,166.39,,,,,,,
JH교래2,2009-04-05,166.49,,,,,,,
JH교래2,2009-04-06,166.57,,,,,,,
JH교래2,2009-04-07,166.58,,,,,,,
JH교래2,2009-04-08,166.63,,,,,,,
JH교래2,2009-04-09,166.66,,,,,,,
JH교래2,2009-04-10,166.74,,,,,,,
JH교래2,2009-04-11,166.83,,,,,,,
JH교래2,2009-04-12,166.92,,,,,,,
JH교래2,2009-04-13,167.03,,,,,,,
JH교래2,2009-04-14,166.95,,,,,,,
JH교래2,2009-04-15,166.94,,,,,,,
JH교래2,2009-04-16,166.96,,,,,,,
JH교래2,2009-04-17,166.96,,,,,,,
JH교래2,2009-04-18,167.01,,,,,,,
JH교래2,2009-04-19,167.1,,,,,,,
JH교래2,2009-04-20,167.26,,,,,,,
JH교래2,2009-04-21,167.03,,,,,,,
JH교래2,2009-04-22,166.97,,,,,,,
JH교래2,2009-04-23,167.01,,,,,,,
JH교래2,2009-04-24,167.15,,,,,,,
JH교래2,2009-04-25,167.21,,,,,,,
JH교래2,2009-04-26,167.19,,,,,,,
JH교래2,2009-04-27,167.19,,,,,,,
JH교래2,2009-04-28,167.19,,,,,,,
JH교래2,2009-04-29,167.23,,,,,,,
JH교래2,2009-04-30,167.32,,,,,,,
JH교래2,2009-05-01,167.39,,,,,,,
JH교래2,2009-05-02,167.52,,,,,,,
JH교래2,2009-05-03,167.52,,,,,,,
JH교래2,2009-05-04,167.61,,,,,,,
JH교래2,2009-05-05,167.69,,,,,,,
JH교래2,2009-05-06,167.74,,,,,,,
JH교래2,2009-05-07,167.84,,,,,,,
JH교래2,2009-05-08,167.85,,,,,,,
JH교래2,2009-05-09,167.88,,,,,,,
JH교래2,2009-05-10,167.94,,,,,,,
JH교래2,2009-05-11,168.01,,,,,,,
JH교래2,2009-05-12,168.1,,,,,,,
JH교래2,2009-05-13,168.07,,,,,,,
JH교래2,2009-05-14,168.11,,,,,,,
JH교래2,2009-05-15,168.18,,,,,,,
JH교래2,2009-05-16,168.32,,,,,,,
JH교래2,2009-05-17,168.27,,,,,,,
JH교래2,2009-05-18,168.22,,,,,,,
JH교래2,2009-05-19,168.25,,,,,,,
JH교래2,2009-05-20,168.26,,,,,,,
JH교래2,2009-05-21,168.37,,,,,,,
JH교래2,2009-05-22,168.24,,,,,,,
JH교래2,2009-05-23,168.31,,,,,,,
JH교래2,2009-05-24,168.29,,,,,,,
JH교래2,2009-05-25,168.26,,,,,,,
JH교래2,2009-05-26,168.32,,,,,,,
JH교래2,2009-05-27,168.31,,,,,,,
JH교래2,2009-05-28,168.41,,,,,,,
JH교래2,2009-05-29,168.54,,,,,,,
JH교래2,2009-05-30,168.55,,,,,,,
JH교래2,2009-05-31,168.53,,,,,,,
JH교래2,2009-06-01,168.52,,,,,,,
JH교래2,2009-06-02,166.68,,,,,,,
JH교래2,2009-06-03,166.72,,,,,,,
JH교래2,2009-06-04,166.67,,,,,,,
JH교래2,2009-06-05,166.69,,,,,,,
JH교래2,2009-06-06,168.24,,,,,,,
JH교래2,2009-06-07,168.24,,,,,,,
JH교래2,2009-06-08,168.29,,,,,,,
JH교래2,2009-06-09,168.45,,,,,,,
JH교래2,2009-06-10,168.56,,,,,,,
JH교래2,2009-06-11,168.52,,,,,,,
JH교래2,2009-06-12,168.54,,,,,,,
JH교래2,2009-06-13,168.48,,,,,,,
JH교래2,2009-06-14,168.44,,,,,,,
JH교래2,2009-06-15,168.42,,,,,,,
JH교래2,2009-06-16,168.45,,,,,,,
JH교래2,2009-06-17,168.46,,,,,,,
JH교래2,2009-06-18,168.45,,,,,,,
JH교래2,2009-06-19,168.44,,,,,,,
JH교래2,2009-06-20,168.45,,,,,,,
JH교래2,2009-06-21,168.4,,,,,,,
JH교래2,2009-06-22,168.38,,,,,,,
JH교래2,2009-06-23,168.31,,,,,,,
JH교래2,2009-06-24,168.24,,,,,,,
JH교래2,2009-06-25,168.21,,,,,,,
JH교래2,2009-06-26,168.18,,,,,,,
JH교래2,2009-06-27,168.2,,,,,,,
JH교래2,2009-06-28,168.17,,,,,,,
JH교래2,2009-06-29,168.13,,,,,,,
JH교래2,2009-06-30,168.07,,,,,,,
JH교래2,2009-07-01,168.05,,,,,,,
JH교래2,2009-07-02,168.0,,,,,,,
JH교래2,2009-07-03,167.96,,,,,,,
JH교래2,2009-07-04,167.88,,,,,,,
JH교래2,2009-07-05,167.84,,,,,,,
JH교래2,2009-07-06,167.84,,,,,,,
JH교래2,2009-07-07,167.85,,,,,,,
JH교래2,2009-07-08,167.79,,,,,,,
JH교래2,2009-07-09,167.78,,,,,,,
JH교래2,2009-07-10,167.69,,,,,,,
JH교래2,2009-07-11,167.61,,,,,,,
JH교래2,2009-07-12,167.6,,,,,,,
JH교래2,2009-07-13,167.51,,,,,,,
JH교래2,2009-07-14,167.56,,,,,,,
JH교래2,2009-07-15,167.48,,,,,,,
JH교래2,2009-07-16,167.47,,,,,,,
JH교래2,2009-07-17,167.4,,,,,,,
JH교래2,2009-07-18,167.4,,,,,,,
JH교래2,2009-07-19,167.34,,,,,,,
JH교래2,2009-07-20,167.35,,,,,,,
JH교래2,2009-07-21,167.43,,,,,,,
JH교래2,2009-07-22,167.44,,,,,,,
JH교래2,2009-07-23,167.54,,,,,,,
JH교래2,2009-07-24,167.74,,,,,,,
JH교래2,2009-07-25,167.76,,,,,,,
JH교래2,2009-07-26,167.87,,,,,,,
JH교래2,2009-07-27,167.93,,,,,,,
JH교래2,2009-07-28,168.03,,,,,,,
JH교래2,2009-07-29,167.96,,,,,,,
JH교래2,2009-07-30,168.03,,,,,,,
JH교래2,2009-07-31,168.14,,,,,,,
JH교래2,2009-08-01,168.26,,,,,,,
JH교래2,2009-08-02,168.38,,,,,,,
JH교래2,2009-08-03,168.48,,,,,,,
JH교래2,2009-08-04,168.61,,,,,,,
JH교래2,2009-08-05,168.78,,,,,,,
JH교래2,2009-08-06,168.91,,,,,,,
JH교래2,2009-08-07,169.07,,,,,,,
JH교래2,2009-08-08,169.24,,,,,,,
JH교래2,2009-08-09,169.42,,,,,,,
JH교래2,2009-08-10,169.54,,,,,,,
JH교래2,2009-08-11,169.73,,,,,,,
JH교래2,2009-08-12,169.89,,,,,,,
JH교래2,2009-08-13,169.99,,,,,,,
JH교래2,2009-08-14,170.14,,,,,,,
JH교래2,2009-08-15,170.46,,,,,,,
JH교래2,2009-08-16,170.77,,,,,,,
JH교래2,2009-08-17,171.04,,,,,,,
JH교래2,2009-08-18,171.28,,,,,,,
JH교래2,2009-08-19,171.47,,,,,,,
JH교래2,2009-08-20,171.73,,,,,,,
JH교래2,2009-08-21,171.95,,,,,,,
JH교래2,2009-08-22,172.17,,,,,,,
JH교래2,2009-08-23,172.39,,,,,,,
JH교래2,2009-08-24,172.59,,,,,,,
JH교래2,2009-08-25,172.82,,,,,,,
JH교래2,2009-08-26,173.03,,,,,,,
JH교래2,2009-08-27,173.22,,,,,,,
JH교래2,2009-08-28,173.37,,,,,,,
JH교래2,2009-08-29,173.47,,,,,,,
JH교래2,2009-08-30,173.64,,,,,,,
JH교래2,2009-08-31,173.75,,,,,,,
JH교래2,2009-09-01,173.87,,,,,,,
JH교래2,2009-09-02,174.06,,,,,,,
JH교래2,2009-09-03,174.31,,,,,,,
JH교래2,2009-09-04,174.41,,,,,,,
JH교래2,2009-09-05,174.5,,,,,,,
JH교래2,2009-09-06,174.57,,,,,,,
JH교래2,2009-09-07,174.64,,,,,,,
JH교래2,2009-09-08,174.72,,,,,,,
JH교래2,2009-09-09,174.79,,,,,,,
JH교래2,2009-09-10,174.92,,,,,,,
JH교래2,2009-09-11,174.99,,,,,,,
JH교래2,2009-09-12,175.04,,,,,,,
JH교래2,2009-09-13,175.11,,,,,,,
JH교래2,2009-09-14,175.23,,,,,,,
JH교래2,2009-09-15,175.32,,,,,,,
JH교래2,2009-09-16,175.4,,,,,,,
JH교래2,2009-09-17,175.52,,,,,,,
JH교래2,2009-09-18,175.6,,,,,,,
JH교래2,2009-09-19,175.68,,,,,,,
JH교래2,2009-09-20,175.73,,,,,,,
JH교래2,2009-09-21,175.8,,,,,,,
JH교래2,2009-09-22,175.85,,,,,,,
JH교래2,2009-09-23,175.92,,,,,,,
JH교래2,2009-09-24,175.96,,,,,,,
JH교래2,2009-09-25,175.98,,,,,,,
JH교래2,2009-09-26,176.01,,,,,,,
JH교래2,2009-09-27,176.03,,,,,,,
JH교래2,2009-09-28,176.02,,,,,,,
JH교래2,2009-09-29,176.02,,,,,,,
JH교래2,2009-09-30,176.03,,,,,,,
JH교래2,2009-10-01,176.04,,,,,,,
JH교래2,2009-10-02,175.99,,,,,,,
JH교래2,2009-10-03,175.91,,,,,,,
JH교래2,2009-10-04,175.86,,,,,,,
JH교래2,2009-10-05,175.82,,,,,,,
JH교래2,2009-10-06,175.78,,,,,,,
JH교래2,2009-10-07,175.79,,,,,,,
JH교래2,2009-10-08,175.73,,,,,,,
JH교래2,2009-10-09,175.69,,,,,,,
JH교래2,2009-10-10,175.68,,,,,,,
JH교래2,2009-10-11,175.71,,,,,,,
JH교래2,2009-10-12,175.74,,,,,,,
JH교래2,2009-10-13,175.75,,,,,,,
JH교래2,2009-10-14,175.77,,,,,,,
JH교래2,2009-10-15,175.83,,,,,,,
JH교래2,2009-10-16,175.92,,,,,,,
JH교래2,2009-10-17,175.98,,,,,,,
JH교래2,2009-10-18,176.0,,,,,,,
JH교래2,2009-10-19,176.07,,,,,,,
JH교래2,2009-10-20,176.12,,,,,,,
JH교래2,2009-10-21,176.2,,,,,,,
JH교래2,2009-10-22,176.28,,,,,,,
JH교래2,2009-10-23,176.34,,,,,,,
JH교래2,2009-10-24,176.38,,,,,,,
JH교래2,2009-10-25,176.41,,,,,,,
JH교래2,2009-10-26,176.43,,,,,,,
JH교래2,2009-10-27,176.43,,,,,,,
JH교래2,2009-10-28,176.45,,,,,,,
JH교래2,2009-10-29,176.47,,,,,,,
JH교래2,2009-10-30,176.45,,,,,,,
JH교래2,2009-10-31,176.44,,,,,,,
JH교래2,2009-11-01,176.38,,,,,,,
JH교래2,2009-11-02,176.32,,,,,,,
JH교래2,2009-11-03,176.29,,,,,,,
JH교래2,2009-11-04,176.28,,,,,,,
JH교래2,2009-11-05,176.21,,,,,,,
JH교래2,2009-11-06,176.11,,,,,,,
JH교래2,2009-11-07,176.01,,,,,,,
JH교래2,2009-11-08,175.93,,,,,,,
JH교래2,2009-11-09,175.82,,,,,,,
JH교래2,2009-11-10,175.64,,,,,,,
JH교래2,2009-11-11,175.5,,,,,,,
JH교래2,2009-11-12,175.46,,,,,,,
JH교래2,2009-11-13,175.45,,,,,,,
JH교래2,2009-11-14,175.3,,,,,,,
JH교래2,2009-11-15,175.2,,,,,,,
JH교래2,2009-11-16,175.12,,,,,,,
JH교래2,2009-11-17,175.03,,,,,,,
JH교래2,2009-11-18,174.9,,,,,,,
JH교래2,2009-11-19,174.83,,,,,,,
JH교래2,2009-11-20,174.75,,,,,,,
JH교래2,2009-11-21,174.66,,,,,,,
JH교래2,2009-11-22,174.55,,,,,,,
JH교래2,2009-11-23,174.45,,,,,,,
JH교래2,2009-11-24,174.35,,,,,,,
JH교래2,2009-11-25,174.22,,,,,,,
JH교래2,2009-11-26,174.14,,,,,,,
JH교래2,2009-11-27,174.05,,,,,,,
JH교래2,2009-11-28,173.96,,,,,,,
JH교래2,2009-11-29,173.87,,,,,,,
JH교래2,2009-11-30,173.76,,,,,,,
JH교래2,2009-12-01,173.38,,,,,,,
JH교래2,2009-12-02,172.56,,,,,,,
JH교래2,2009-12-03,172.46,,,,,,,
JH교래2,2009-12-04,172.4,,,,,,,
JH교래2,2009-12-05,172.32,,,,,,,
JH교래2,2009-12-06,172.23,,,,,,,
JH교래2,2009-12-07,172.19,,,,,,,
JH교래2,2009-12-08,172.15,,,,,,,
JH교래2,2009-12-09,172.08,,,,,,,
JH교래2,2009-12-10,171.99,,,,,,,
JH교래2,2009-12-11,171.88,,,,,,,
JH교래2,2009-12-12,171.82,,,,,,,
JH교래2,2009-12-13,171.76,,,,,,,
JH교래2,2009-12-14,171.69,,,,,,,
JH교래2,2009-12-15,171.64,,,,,,,
JH교래2,2009-12-16,171.57,,,,,,,
JH교래2,2009-12-17,171.51,,,,,,,
JH교래2,2009-12-18,171.42,,,,,,,
JH교래2,2009-12-19,171.37,,,,,,,
JH교래2,2009-12-20,171.29,,,,,,,
JH교래2,2009-12-21,171.19,,,,,,,
JH교래2,2009-12-22,171.19,,,,,,,
JH교래2,2009-12-23,171.09,,,,,,,
JH교래2,2009-12-24,171.02,,,,,,,
JH교래2,2009-12-25,170.91,,,,,,,
JH교래2,2009-12-26,170.82,,,,,,,
JH교래2,2009-12-27,170.76,,,,,,,
JH교래2,2009-12-28,170.65,,,,,,,
JH교래2,2009-12-29,170.58,,,,,,,
JH교래2,2009-12-30,170.48,,,,,,,
JH교래2,2009-12-31,170.39,,,,,,,
JH교래2,2010-01-01,170.33,,,,,,,
JH교래2,2010-01-02,170.25,,,,,,,
JH교래2,2010-01-03,170.15,,,,,,,
JH교래2,2010-01-04,170.07,,,,,,,
JH교래2,2010-01-05,169.93,,,,,,,
JH교래2,2010-01-06,169.88,,,,,,,
JH교래2,2010-01-07,169.82,,,,,,,
JH교래2,2010-01-08,169.74,,,,,,,
JH교래2,2010-01-09,169.66,,,,,,,
JH교래2,2010-01-10,169.59,,,,,,,
JH교래2,2010-01-11,169.5,,,,,,,
JH교래2,2010-01-12,169.41,,,,,,,
JH교래2,2010-01-13,169.27,,,,,,,
JH교래2,2010-01-14,169.19,,,,,,,
JH교래2,2010-01-15,169.12,,,,,,,
JH교래2,2010-01-16,169.0,,,,,,,
JH교래2,2010-01-17,168.89,,,,,,,
JH교래2,2010-01-18,168.78,,,,,,,
JH교래2,2010-01-19,168.66,,,,,,,
JH교래2,2010-01-20,168.57,,,,,,,
JH교래2,2010-01-21,168.35,,,,,,,
JH교래2,2010-01-22,168.21,,,,,,,
JH교래2,2010-01-23,168.19,,,,,,,
JH교래2,2010-01-24,168.15,,,,,,,
JH교래2,2010-01-25,168.07,,,,,,,
JH교래2,2010-01-26,168.01,,,,,,,
JH교래2,2010-01-27,167.98,,,,,,,
JH교래2,2010-01-28,167.86,,,,,,,
JH교래2,2010-01-29,167.81,,,,,,,
JH교래2,2010-01-30,167.78,,,,,,,
JH교래2,2010-01-31,167.7,,,,,,,
JH교래2,2010-02-01,167.64,,,,,,,
JH교래2,2010-02-02,167.56,,,,,,,
JH교래2,2010-02-03,167.54,,,,,,,
JH교래2,2010-02-04,167.51,,,,,,,
JH교래2,2010-02-05,167.45,,,,,,,
JH교래2,2010-02-06,167.42,,,,,,,
JH교래2,2010-02-07,167.38,,,,,,,
JH교래2,2010-02-08,167.33,,,,,,,
JH교래2,2010-02-09,167.24,,,,,,,
JH교래2,2010-02-10,167.14,,,,,,,
JH교래2,2010-02-11,167.1,,,,,,,
JH교래2,2010-02-12,167.03,,,,,,,
JH교래2,2010-02-13,167.03,,,,,,,
JH교래2,2010-02-14,167.03,,,,,,,
JH교래2,2010-02-15,166.98,,,,,,,
JH교래2,2010-02-16,166.9,,,,,,,
JH교래2,2010-02-17,166.86,,,,,,,
JH교래2,2010-02-18,166.79,,,,,,,
JH교래2,2010-02-19,166.74,,,,,,,
JH교래2,2010-02-20,166.69,,,,,,,
JH교래2,2010-02-21,166.63,,,,,,,
JH교래2,2010-02-22,166.59,,,,,,,
JH교래2,2010-02-23,166.53,,,,,,,
JH교래2,2010-02-24,166.49,,,,,,,
JH교래2,2010-02-25,166.54,,,,,,,
JH교래2,2010-02-26,166.48,,,,,,,
JH교래2,2010-02-27,166.43,,,,,,,
JH교래2,2010-02-28,166.39,,,,,,,
JH교래2,2010-03-01,166.43,,,,,,,
JH교래2,2010-03-02,166.36,,,,,,,
JH교래2,2010-03-03,166.34,,,,,,,
JH교래2,2010-03-04,166.36,,,,,,,
JH교래2,2010-03-05,166.32,,,,,,,
JH교래2,2010-03-06,166.31,,,,,,,
JH교래2,2010-03-07,166.29,,,,,,,
JH교래2,2010-03-08,166.32,,,,,,,
JH교래2,2010-03-09,166.5,,,,,,,
JH교래2,2010-03-10,166.61,,,,,,,
JH교래2,2010-03-11,166.69,,,,,,,
JH교래2,2010-03-12,166.83,,,,,,,
JH교래2,2010-03-13,166.83,,,,,,,
JH교래2,2010-03-14,166.96,,,,,,,
JH교래2,2010-03-15,167.11,,,,,,,
JH교래2,2010-03-16,167.07,,,,,,,
JH교래2,2010-03-17,167.28,,,,,,,
JH교래2,2010-03-18,167.53,,,,,,,
JH교래2,2010-03-19,167.74,,,,,,,
JH교래2,2010-03-20,167.87,,,,,,,
JH교래2,2010-03-21,167.86,,,,,,,
JH교래2,2010-03-22,168.08,,,,,,,
JH교래2,2010-03-23,168.2,,,,,,,
JH교래2,2010-03-24,168.37,,,,,,,
JH교래2,2010-03-25,168.52,,,,,,,
JH교래2,2010-03-26,168.67,,,,,,,
JH교래2,2010-03-27,168.92,,,,,,,
JH교래2,2010-03-28,169.07,,,,,,,
JH교래2,2010-03-29,169.2,,,,,,,
JH교래2,2010-03-30,169.36,,,,,,,
JH교래2,2010-03-31,169.56,,,,,,,
JH교래2,2010-04-01,169.65,,,,,,,
JH교래2,2010-04-02,169.78,,,,,,,
JH교래2,2010-04-03,170.18,,,,,,,
JH교래2,2010-04-04,170.5,,,,,,,
JH교래2,2010-04-05,170.7,,,,,,,
JH교래2,2010-04-06,170.85,,,,,,,
JH교래2,2010-04-07,170.98,,,,,,,
JH교래2,2010-04-08,171.19,,,,,,,
JH교래2,2010-04-09,171.38,,,,,,,
JH교래2,2010-04-10,171.56,,,,,,,
JH교래2,2010-04-11,171.73,,,,,,,
JH교래2,2010-04-12,171.92,,,,,,,
JH교래2,2010-04-13,172.05,,,,,,,
JH교래2,2010-04-14,172.24,,,,,,,
JH교래2,2010-04-15,172.42,,,,,,,
JH교래2,2010-04-16,172.55,,,,,,,
JH교래2,2010-04-17,172.66,,,,,,,
JH교래2,2010-04-18,172.8,,,,,,,
JH교래2,2010-04-19,172.94,,,,,,,
JH교래2,2010-04-20,173.01,,,,,,,
JH교래2,2010-04-21,173.11,,,,,,,
JH교래2,2010-04-22,173.18,,,,,,,
JH교래2,2010-04-23,173.28,,,,,,,
JH교래2,2010-04-24,173.37,,,,,,,
JH교래2,2010-04-25,173.48,,,,,,,
JH교래2,2010-04-26,173.56,,,,,,,
JH교래2,2010-04-27,173.56,,,,,,,
JH교래2,2010-04-28,173.64,,,,,,,
JH교래2,2010-04-29,173.71,,,,,,,
JH교래2,2010-04-30,173.82,,,,,,,
JH교래2,2010-05-01,173.93,,,,,,,
JH교래2,2010-05-02,174.02,,,,,,,
JH교래2,2010-05-03,174.16,,,,,,,
JH교래2,2010-05-04,174.26,,,,,,,
JH교래2,2010-05-05,174.39,,,,,,,
JH교래2,2010-05-06,174.49,,,,,,,
JH교래2,2010-05-07,174.64,,,,,,,
JH교래2,2010-05-08,174.85,,,,,,,
JH교래2,2010-05-09,175.03,,,,,,,
JH교래2,2010-05-10,175.21,,,,,,,
JH교래2,2010-05-11,175.36,,,,,,,
JH교래2,2010-05-12,175.52,,,,,,,
JH교래2,2010-05-13,175.72,,,,,,,
JH교래2,2010-05-14,175.86,,,,,,,
JH교래2,2010-05-15,176.02,,,,,,,
JH교래2,2010-05-16,176.13,,,,,,,
JH교래2,2010-05-17,176.24,,,,,,,
JH교래2,2010-05-18,176.33,,,,,,,
JH교래2,2010-05-19,176.35,,,,,,,
JH교래2,2010-05-20,176.42,,,,,,,
JH교래2,2010-05-21,176.48,,,,,,,
JH교래2,2010-05-22,176.56,,,,,,,
JH교래2,2010-05-23,176.56,,,,,,,
JH교래2,2010-05-24,176.52,,,,,,,
JH교래2,2010-05-25,176.54,,,,,,,
JH교래2,2010-05-26,176.59,,,,,,,
JH교래2,2010-05-27,176.67,,,,,,,
JH교래2,2010-05-28,177.01,,,,,,,
JH교래2,2010-05-29,177.75,,,,,,,
JH교래2,2010-05-30,177.82,,,,,,,
JH교래2,2010-05-31,177.92,,,,,,,
JH교래2,2010-06-01,178.01,,,,,,,
JH교래2,2010-06-02,178.11,,,,,,,
JH교래2,2010-06-03,178.23,,,,,,,
JH교래2,2010-06-04,178.38,,,,,,,
JH교래2,2010-06-05,178.55,,,,,,,
JH교래2,2010-06-06,178.65,,,,,,,
JH교래2,2010-06-07,178.71,,,,,,,
JH교래2,2010-06-08,178.8,,,,,,,
JH교래2,2010-06-09,178.86,,,,,,,
JH교래2,2010-06-10,178.91,,,,,,,
JH교래2,2010-06-11,178.96,,,,,,,
JH교래2,2010-06-12,178.98,,,,,,,
JH교래2,2010-06-13,179.0,,,,,,,
JH교래2,2010-06-14,179.01,,,,,,,
JH교래2,2010-06-15,179.05,,,,,,,
JH교래2,2010-06-16,179.04,,,,,,,
JH교래2,2010-06-17,179.05,,,,,,,
JH교래2,2010-06-18,179.03,,,,,,,
JH교래2,2010-06-19,178.99,,,,,,,
JH교래2,2010-06-20,178.99,,,,,,,
JH교래2,2010-06-21,178.95,,,,,,,
JH교래2,2010-06-22,178.94,,,,,,,
JH교래2,2010-06-23,178.88,,,,,,,
JH교래2,2010-06-24,178.85,,,,,,,
JH교래2,2010-06-25,178.81,,,,,,,
JH교래2,2010-06-26,178.75,,,,,,,
JH교래2,2010-06-27,178.65,,,,,,,
JH교래2,2010-06-28,178.59,,,,,,,
JH교래2,2010-06-29,178.5,,,,,,,
JH교래2,2010-06-30,178.42,,,,,,,
JH교래2,2010-07-01,178.36,,,,,,,
JH교래2,2010-07-02,178.29,,,,,,,
JH교래2,2010-07-03,178.25,,,,,,,
JH교래2,2010-07-04,178.2,,,,,,,
JH교래2,2010-07-05,178.17,,,,,,,
JH교래2,2010-07-06,178.14,,,,,,,
JH교래2,2010-07-07,178.11,,,,,,,
JH교래2,2010-07-08,178.13,,,,,,,
JH교래2,2010-07-09,178.15,,,,,,,
JH교래2,2010-07-10,178.18,,,,,,,
JH교래2,2010-07-11,178.23,,,,,,,
JH교래2,2010-07-12,178.27,,,,,,,
JH교래2,2010-07-13,178.38,,,,,,,
JH교래2,2010-07-14,178.45,,,,,,,
JH교래2,2010-07-15,178.55,,,,,,,
JH교래2,2010-07-16,178.64,,,,,,,
JH교래2,2010-07-17,178.73,,,,,,,
JH교래2,2010-07-18,178.82,,,,,,,
JH교래2,2010-07-19,178.91,,,,,,,
JH교래2,2010-07-20,178.99,,,,,,,
JH교래2,2010-07-21,179.06,,,,,,,
JH교래2,2010-07-22,179.15,,,,,,,
JH교래2,2010-07-23,179.26,,,,,,,
JH교래2,2010-07-24,179.37,,,,,,,
JH교래2,2010-07-25,179.48,,,,,,,
JH교래2,2010-07-26,179.62,,,,,,,
JH교래2,2010-07-27,179.75,,,,,,,
JH교래2,2010-07-28,179.87,,,,,,,
JH교래2,2010-07-29,179.96,,,,,,,
JH교래2,2010-07-30,180.07,,,,,,,
JH교래2,2010-07-31,180.19,,,,,,,
JH교래2,2010-08-01,180.31,,,,,,,
JH교래2,2010-08-02,180.42,,,,,,,
JH교래2,2010-08-03,180.53,,,,,,,
JH교래2,2010-08-04,180.6,,,,,,,
JH교래2,2010-08-05,180.73,,,,,,,
JH교래2,2010-08-06,180.85,,,,,,,
JH교래2,2010-08-07,180.97,,,,,,,
JH교래2,2010-08-08,181.07,,,,,,,
JH교래2,2010-08-09,181.14,,,,,,,
JH교래2,2010-08-10,181.23,,,,,,,
JH교래2,2010-08-11,181.26,,,,,,,
JH교래2,2010-08-12,181.38,,,,,,,
JH교래2,2010-08-13,181.47,,,,,,,
JH교래2,2010-08-14,181.51,,,,,,,
JH교래2,2010-08-15,181.57,,,,,,,
JH교래2,2010-08-16,181.66,,,,,,,
JH교래2,2010-08-17,181.75,,,,,,,
JH교래2,2010-08-18,181.86,,,,,,,
JH교래2,2010-08-19,181.95,,,,,,,
JH교래2,2010-08-20,181.98,,,,,,,
JH교래2,2010-08-21,182.11,,,,,,,
JH교래2,2010-08-22,182.21,,,,,,,
JH교래2,2010-08-23,182.33,,,,,,,
JH교래2,2010-08-24,182.61,,,,,,,
JH교래2,2010-08-25,182.83,,,,,,,
JH교래2,2010-08-26,183.05,,,,,,,
JH교래2,2010-08-27,183.22,,,,,,,
JH교래2,2010-08-28,183.4,,,,,,,
JH교래2,2010-08-29,183.55,,,,,,,
JH교래2,2010-08-30,183.67,,,,,,,
JH교래2,2010-08-31,183.82,,,,,,,
JH교래2,2010-09-01,183.94,,,,,,,
JH교래2,2010-09-02,184.06,,,,,,,
JH교래2,2010-09-03,184.14,,,,,,,
JH교래2,2010-09-04,184.01,,,,,,,
JH교래2,2010-09-05,183.67,,,,,,,
JH교래2,2010-09-06,183.9,,,,,,,
JH교래2,2010-09-07,184.12,,,,,,,
JH교래2,2010-09-08,184.29,,,,,,,
JH교래2,2010-09-09,184.47,,,,,,,
JH교래2,2010-09-10,184.62,,,,,,,
JH교래2,2010-09-11,184.74,,,,,,,
JH교래2,2010-09-12,184.89,,,,,,,
JH교래2,2010-09-13,185.01,,,,,,,
JH교래2,2010-09-14,185.14,,,,,,,
JH교래2,2010-09-15,185.22,,,,,,,
JH교래2,2010-09-16,185.3,,,,,,,
JH교래2,2010-09-17,185.43,,,,,,,
JH교래2,2010-09-18,185.66,,,,,,,
JH교래2,2010-09-19,185.88,,,,,,,
JH교래2,2010-09-20,186.05,,,,,,,
JH교래2,2010-09-21,186.23,,,,,,,
JH교래2,2010-09-22,186.38,,,,,,,
JH교래2,2010-09-23,186.5,,,,,,,
JH교래2,2010-09-24,186.65,,,,,,,
JH교래2,2010-09-25,186.77,,,,,,,
JH교래2,2010-09-26,186.9,,,,,,,
JH교래2,2010-09-27,186.98,,,,,,,
JH교래2,2010-09-28,187.02,,,,,,,
JH교래2,2010-09-29,187.06,,,,,,,
JH교래2,2010-09-30,187.07,,,,,,,
JH교래2,2010-10-01,187.06,,,,,,,
JH교래2,2010-10-02,187.03,,,,,,,
JH교래2,2010-10-03,186.96,,,,,,,
JH교래2,2010-10-04,186.91,,,,,,,
JH교래2,2010-10-05,186.8,,,,,,,
JH교래2,2010-10-06,186.72,,,,,,,
JH교래2,2010-10-07,186.65,,,,,,,
JH교래2,2010-10-08,186.55,,,,,,,
JH교래2,2010-10-09,186.43,,,,,,,
JH교래2,2010-10-10,186.35,,,,,,,
JH교래2,2010-10-11,186.28,,,,,,,
JH교래2,2010-10-12,186.18,,,,,,,
JH교래2,2010-10-13,186.09,,,,,,,
JH교래2,2010-10-14,185.96,,,,,,,
JH교래2,2010-10-15,185.88,,,,,,,
JH교래2,2010-10-16,185.8,,,,,,,
JH교래2,2010-10-17,185.7,,,,,,,
JH교래2,2010-10-18,185.6,,,,,,,
JH교래2,2010-10-19,185.48,,,,,,,
JH교래2,2010-10-20,185.36,,,,,,,
JH교래2,2010-10-21,185.23,,,,,,,
JH교래2,2010-10-22,185.1,,,,,,,
JH교래2,2010-10-23,184.97,,,,,,,
JH교래2,2010-10-24,184.81,,,,,,,
JH교래2,2010-10-25,184.66,,,,,,,
JH교래2,2010-10-26,184.57,,,,,,,
JH교래2,2010-10-27,184.48,,,,,,,
JH교래2,2010-10-28,184.32,,,,,,,
JH교래2,2010-10-29,184.17,,,,,,,
JH교래2,2010-10-30,184.04,,,,,,,
JH교래2,2010-10-31,183.9,,,,,,,
JH교래2,2010-11-01,183.76,,,,,,,
JH교래2,2010-11-02,183.63,,,,,,,
JH교래2,2010-11-03,183.51,,,,,,,
JH교래2,2010-11-04,183.37,,,,,,,
JH교래2,2010-11-05,183.24,,,,,,,
JH교래2,2010-11-06,183.11,,,,,,,
JH교래2,2010-11-07,182.97,,,,,,,
JH교래2,2010-11-08,182.81,,,,,,,
JH교래2,2010-11-09,182.68,,,,,,,
JH교래2,2010-11-10,182.56,,,,,,,
JH교래2,2010-11-11,182.44,,,,,,,
JH교래2,2010-11-12,181.77,,,,,,,
JH교래2,2010-11-13,181.69,,,,,,,
JH교래2,2010-11-14,181.57,,,,,,,
JH교래2,2010-11-15,181.43,,,,,,,
JH교래2,2010-11-16,181.22,,,,,,,
JH교래2,2010-11-17,181.08,,,,,,,
JH교래2,2010-11-18,180.95,,,,,,,
JH교래2,2010-11-19,180.78,,,,,,,
JH교래2,2010-11-20,180.61,,,,,,,
JH교래2,2010-11-21,180.48,,,,,,,
JH교래2,2010-11-22,180.31,,,,,,,
JH교래2,2010-11-23,180.16,,,,,,,
JH교래2,2010-11-24,180.08,,,,,,,
JH교래2,2010-11-25,179.95,,,,,,,
JH교래2,2010-11-26,179.8,,,,,,,
JH교래2,2010-11-27,179.67,,,,,,,
JH교래2,2010-11-28,179.54,,,,,,,
JH교래2,2010-11-29,179.43,,,,,,,
JH교래2,2010-11-30,179.28,,,,,,,
JH교래2,2010-12-01,179.15,,,,,,,
JH교래2,2010-12-02,179.03,,,,,,,
JH교래2,2010-12-03,178.86,,,,,,,
JH교래2,2010-12-04,178.76,,,,,,,
JH교래2,2010-12-05,178.62,,,,,,,
JH교래2,2010-12-06,178.47,,,,,,,
JH교래2,2010-12-07,178.32,,,,,,,
JH교래2,2010-12-08,178.17,,,,,,,
JH교래2,2010-12-09,178.0,,,,,,,
JH교래2,2010-12-10,177.9,,,,,,,
JH교래2,2010-12-11,177.74,,,,,,,
JH교래2,2010-12-12,177.63,,,,,,,
JH교래2,2010-12-13,177.51,,,,,,,
JH교래2,2010-12-14,177.34,,,,,,,
JH교래2,2010-12-15,177.24,,,,,,,
JH교래2,2010-12-16,177.08,,,,,,,
JH교래2,2010-12-17,176.92,,,,,,,
JH교래2,2010-12-18,176.76,,,,,,,
JH교래2,2010-12-19,176.61,,,,,,,
JH교래2,2010-12-20,176.46,,,,,,,
JH교래2,2010-12-21,176.3,,,,,,,
JH교래2,2010-12-22,176.11,,,,,,,
JH교래2,2010-12-23,175.96,,,,,,,
JH교래2,2010-12-24,175.84,,,,,,,
JH교래2,2010-12-25,175.7,,,,,,,
JH교래2,2010-12-26,175.51,,,,,,,
JH교래2,2010-12-27,175.34,,,,,,,
JH교래2,2010-12-28,175.17,,,,,,,
JH교래2,2010-12-29,175.01,,,,,,,
JH교래2,2010-12-30,174.88,,,,,,,
JH교래2,2010-12-31,174.72,,,,,,,
JH교래2,2011-01-01,174.55,,,,,,,
JH교래2,2011-01-02,174.43,,,,,,,
JH교래2,2011-01-03,174.32,,,,,,,
JH교래2,2011-01-04,174.15,,,,,,,
JH교래2,2011-01-05,174.04,,,,,,,
JH교래2,2011-01-06,173.9,,,,,,,
JH교래2,2011-01-07,173.81,,,,,,,
JH교래2,2011-01-08,173.69,,,,,,,
JH교래2,2011-01-09,173.56,,,,,,,
JH교래2,2011-01-10,173.43,,,,,,,
JH교래2,2011-01-11,173.3,,,,,,,
JH교래2,2011-01-12,173.17,,,,,,,
JH교래2,2011-01-13,173.07,,,,,,,
JH교래2,2011-01-14,172.96,,,,,,,
JH교래2,2011-01-15,172.86,,,,,,,
JH교래2,2011-01-16,172.74,,,,,,,
JH교래2,2011-01-17,172.67,,,,,,,
JH교래2,2011-01-18,172.57,,,,,,,
JH교래2,2011-01-19,172.45,,,,,,,
JH교래2,2011-01-20,172.34,,,,,,,
JH교래2,2011-01-21,172.22,,,,,,,
JH교래2,2011-01-22,172.12,,,,,,,
JH교래2,2011-01-23,172.03,,,,,,,
JH교래2,2011-01-24,171.9,,,,,,,
JH교래2,2011-01-25,171.82,,,,,,,
JH교래2,2011-01-26,171.7,,,,,,,
JH교래2,2011-01-27,171.52,,,,,,,
JH교래2,2011-01-28,171.43,,,,,,,
JH교래2,2011-01-29,171.29,,,,,,,
JH교래2,2011-01-30,171.15,,,,,,,
JH교래2,2011-01-31,171.06,,,,,,,
JH교래2,2011-02-01,170.94,,,,,,,
JH교래2,2011-02-02,170.82,,,,,,,
JH교래2,2011-02-03,170.7,,,,,,,
JH교래2,2011-02-04,170.57,,,,,,,
JH교래2,2011-02-05,170.43,,,,,,,
JH교래2,2011-02-06,170.3,,,,,,,
JH교래2,2011-02-07,170.18,,,,,,,
JH교래2,2011-02-08,170.08,,,,,,,
JH교래2,2011-02-09,169.91,,,,,,,
JH교래2,2011-02-10,169.82,,,,,,,
JH교래2,2011-02-11,169.73,,,,,,,
JH교래2,2011-02-12,169.59,,,,,,,
JH교래2,2011-02-13,169.52,,,,,,,
JH교래2,2011-02-14,169.4,,,,,,,
JH교래2,2011-02-15,169.25,,,,,,,
JH교래2,2011-02-16,169.19,,,,,,,
JH교래2,2011-02-17,169.02,,,,,,,
JH교래2,2011-02-18,168.75,,,,,,,
JH교래2,2011-02-19,168.65,,,,,,,
JH교래2,2011-02-20,168.61,,,,,,,
JH교래2,2011-02-21,168.56,,,,,,,
JH교래2,2011-02-22,168.49,,,,,,,
JH교래2,2011-02-23,168.44,,,,,,,
JH교래2,2011-02-24,168.36,,,,,,,
JH교래2,2011-02-25,168.27,,,,,,,
JH교래2,2011-02-26,168.24,,,,,,,
JH교래2,2011-02-27,168.21,,,,,,,
JH교래2,2011-02-28,168.09,,,,,,,
JH교래2,2011-03-01,167.99,,,,,,,
JH교래2,2011-03-02,167.92,,,,,,,
JH교래2,2011-03-03,167.88,,,,,,,
JH교래2,2011-03-04,167.81,,,,,,,
JH교래2,2011-03-05,167.75,,,,,,,
JH교래2,2011-03-06,167.72,,,,,,,
JH교래2,2011-03-07,167.64,,,,,,,
JH교래2,2011-03-08,167.56,,,,,,,
JH교래2,2011-03-09,167.53,,,,,,,
JH교래2,2011-03-10,167.51,,,,,,,
JH교래2,2011-03-11,167.44,,,,,,,
JH교래2,2011-03-12,167.35,,,,,,,
JH교래2,2011-03-13,167.27,,,,,,,
JH교래2,2011-03-14,167.19,,,,,,,
JH교래2,2011-03-15,167.12,,,,,,,
JH교래2,2011-03-16,167.06,,,,,,,
JH교래2,2011-03-17,167.01,,,,,,,
JH교래2,2011-03-18,166.99,,,,,,,
JH교래2,2011-03-19,166.95,,,,,,,
JH교래2,2011-03-20,166.86,,,,,,,
JH교래2,2011-03-21,166.75,,,,,,,
JH교래2,2011-03-22,166.72,,,,,,,
JH교래2,2011-03-23,166.71,,,,,,,
JH교래2,2011-03-24,166.68,,,,,,,
JH교래2,2011-03-25,166.61,,,,,,,
JH교래2,2011-03-26,166.58,,,,,,,
JH교래2,2011-03-27,166.55,,,,,,,
JH교래2,2011-03-28,166.5,,,,,,,
JH교래2,2011-03-29,166.16,,,,,,,
JH교래2,2011-03-30,165.46,,,,,,,
JH교래2,2011-03-31,165.45,,,,,,,
JH교래2,2011-04-01,165.41,,,,,,,
JH교래2,2011-04-02,165.39,,,,,,,
JH교래2,2011-04-03,165.3,,,,,,,
JH교래2,2011-04-04,165.28,,,,,,,
JH교래2,2011-04-05,165.29,,,,,,,
JH교래2,2011-04-06,165.3,,,,,,,
JH교래2,2011-04-07,165.27,,,,,,,
JH교래2,2011-04-08,165.21,,,,,,,
JH교래2,2011-04-09,165.23,,,,,,,
JH교래2,2011-04-10,165.28,,,,,,,
JH교래2,2011-04-11,165.22,,,,,,,
JH교래2,2011-04-12,165.2,,,,,,,
JH교래2,2011-04-13,165.18,,,,,,,
JH교래2,2011-04-14,165.15,,,,,,,
JH교래2,2011-04-15,165.06,,,,,,,
JH교래2,2011-04-16,164.97,,,,,,,
JH교래2,2011-04-17,164.97,,,,,,,
JH교래2,2011-04-18,164.9,,,,,,,
JH교래2,2011-04-19,164.82,,,,,,,
JH교래2,2011-04-20,164.84,,,,,,,
JH교래2,2011-04-21,164.84,,,,,,,
JH교래2,2011-04-22,164.81,,,,,,,
JH교래2,2011-04-23,164.71,,,,,,,
JH교래2,2011-04-24,164.67,,,,,,,
JH교래2,2011-04-25,164.68,,,,,,,
JH교래2,2011-04-26,164.63,,,,,,,
JH교래2,2011-04-27,164.56,,,,,,,
JH교래2,2011-04-28,164.51,,,,,,,
JH교래2,2011-04-29,164.53,,,,,,,
JH교래2,2011-04-30,164.53,,,,,,,
JH교래2,2011-05-01,164.45,,,,,,,
JH교래2,2011-05-02,164.46,,,,,,,
JH교래2,2011-05-03,164.45,,,,,,,
JH교래2,2011-05-04,164.43,,,,,,,
JH교래2,2011-05-05,164.42,,,,,,,
JH교래2,2011-05-06,164.42,,,,,,,
JH교래2,2011-05-07,164.35,,,,,,,
JH교래2,2011-05-08,164.31,,,,,,,
JH교래2,2011-05-09,164.34,,,,,,,
JH교래2,2011-05-10,164.33,,,,,,,
JH교래2,2011-05-11,164.26,,,,,,,
JH교래2,2011-05-12,164.18,,,,,,,
JH교래2,2011-05-13,164.16,,,,,,,
JH교래2,2011-05-14,164.17,,,,,,,
JH교래2,2011-05-15,164.19,,,,,,,
JH교래2,2011-05-16,164.22,,,,,,,
JH교래2,2011-05-17,164.18,,,,,,,
JH교래2,2011-05-18,164.15,,,,,,,
JH교래2,2011-05-19,164.15,,,,,,,
JH교래2,2011-05-20,164.14,,,,,,,
JH교래2,2011-05-21,164.11,,,,,,,
JH교래2,2011-05-22,164.08,,,,,,,
JH교래2,2011-05-23,164.06,,,,,,,
JH교래2,2011-05-24,164.17,,,,,,,
JH교래2,2011-05-25,164.38,,,,,,,
JH교래2,2011-05-26,164.38,,,,,,,
JH교래2,2011-05-27,164.36,,,,,,,
JH교래2,2011-05-28,164.35,,,,,,,
JH교래2,2011-05-29,164.35,,,,,,,
JH교래2,2011-05-30,164.33,,,,,,,
JH교래2,2011-05-31,164.3,,,,,,,
JH교래2,2011-06-01,164.28,,,,,,,
JH교래2,2011-06-02,164.29,,,,,,,
JH교래2,2011-06-03,164.32,,,,,,,
JH교래2,2011-06-04,164.34,,,,,,,
JH교래2,2011-06-05,164.34,,,,,,,
JH교래2,2011-06-06,164.36,,,,,,,
JH교래2,2011-06-07,164.35,,,,,,,
JH교래2,2011-06-08,164.37,,,,,,,
JH교래2,2011-06-09,164.39,,,,,,,
JH교래2,2011-06-10,164.42,,,,,,,
JH교래2,2011-06-11,164.44,,,,,,,
JH교래2,2011-06-12,164.46,,,,,,,
JH교래2,2011-06-13,164.49,,,,,,,
JH교래2,2011-06-14,164.54,,,,,,,
JH교래2,2011-06-15,164.87,,,,,,,
JH교래2,2011-06-16,165.15,,,,,,,
JH교래2,2011-06-17,165.17,,,,,,,
JH교래2,2011-06-18,165.27,,,,,,,
JH교래2,2011-06-19,165.26,,,,,,,
JH교래2,2011-06-20,165.27,,,,,,,
JH교래2,2011-06-21,165.3,,,,,,,
JH교래2,2011-06-22,165.35,,,,,,,
JH교래2,2011-06-23,165.36,,,,,,,
JH교래2,2011-06-24,165.32,,,,,,,
JH교래2,2011-06-25,165.41,,,,,,,
JH교래2,2011-06-26,165.46,,,,,,,
JH교래2,2011-06-27,165.47,,,,,,,
JH교래2,2011-06-28,165.66,,,,,,,
JH교래2,2011-06-29,165.79,,,,,,,
JH교래2,2011-06-30,165.99,,,,,,,
JH교래2,2011-07-01,166.12,,,,,,,
JH교래2,2011-07-02,166.34,,,,,,,
JH교래2,2011-07-03,166.58,,,,,,,
JH교래2,2011-07-04,166.84,,,,,,,
JH교래2,2011-07-05,167.16,,,,,,,
JH교래2,2011-07-06,167.53,,,,,,,
JH교래2,2011-07-07,167.75,,,,,,,
JH교래2,2011-07-08,168.05,,,,,,,
JH교래2,2011-07-09,168.36,,,,,,,
JH교래2,2011-07-10,168.7,,,,,,,
JH교래2,2011-07-11,168.98,,,,,,,
JH교래2,2011-07-12,169.24,,,,,,,
JH교래2,2011-07-13,169.53,,,,,,,
JH교래2,2011-07-14,169.84,,,,,,,
JH교래2,2011-07-15,170.47,,,,,,,
JH교래2,2011-07-16,170.85,,,,,,,
JH교래2,2011-07-17,171.18,,,,,,,
JH교래2,2011-07-18,171.49,,,,,,,
JH교래2,2011-07-19,171.73,,,,,,,
JH교래2,2011-07-20,171.92,,,,,,,
JH교래2,2011-07-21,172.18,,,,,,,
JH교래2,2011-07-22,172.42,,,,,,,
JH교래2,2011-07-23,172.65,,,,,,,
JH교래2,2011-07-24,172.87,,,,,,,
JH교래2,2011-07-25,173.07,,,,,,,
JH교래2,2011-07-26,173.25,,,,,,,
JH교래2,2011-07-27,173.42,,,,,,,
JH교래2,2011-07-28,173.57,,,,,,,
JH교래2,2011-07-29,173.72,,,,,,,
JH교래2,2011-07-30,173.85,,,,,,,
JH교래2,2011-07-31,173.96,,,,,,,
JH교래2,2011-08-01,174.08,,,,,,,
JH교래2,2011-08-02,174.17,,,,,,,
JH교래2,2011-08-03,174.28,,,,,,,
JH교래2,2011-08-04,174.35,,,,,,,
JH교래2,2011-08-05,174.45,,,,,,,
JH교래2,2011-08-06,174.55,,,,,,,
JH교래2,2011-08-07,174.65,,,,,,,
JH교래2,2011-08-08,174.65,,,,,,,
JH교래2,2011-08-09,174.75,,,,,,,
JH교래2,2011-08-10,174.85,,,,,,,
JH교래2,2011-08-11,174.94,,,,,,,
JH교래2,2011-08-12,175.0,,,,,,,
JH교래2,2011-08-13,175.09,,,,,,,
JH교래2,2011-08-14,175.2,,,,,,,
JH교래2,2011-08-15,175.38,,,,,,,
JH교래2,2011-08-16,175.62,,,,,,,
JH교래2,2011-08-17,175.84,,,,,,,
JH교래2,2011-08-18,176.09,,,,,,,
JH교래2,2011-08-19,176.35,,,,,,,
JH교래2,2011-08-20,176.62,,,,,,,
JH교래2,2011-08-21,176.87,,,,,,,
JH교래2,2011-08-22,177.12,,,,,,,
JH교래2,2011-08-23,177.39,,,,,,,
JH교래2,2011-08-24,177.63,,,,,,,
JH교래2,2011-08-25,177.82,,,,,,,
JH교래2,2011-08-26,178.04,,,,,,,
JH교래2,2011-08-27,178.21,,,,,,,
JH교래2,2011-08-28,178.37,,,,,,,
JH교래2,2011-08-29,178.51,,,,,,,
JH교래2,2011-08-30,178.61,,,,,,,
JH교래2,2011-08-31,178.73,,,,,,,
JH교래2,2011-09-01,178.86,,,,,,,
JH교래2,2011-09-02,178.96,,,,,,,
JH교래2,2011-09-03,179.09,,,,,,,
JH교래2,2011-09-04,179.21,,,,,,,
JH교래2,2011-09-05,179.36,,,,,,,
JH교래2,2011-09-06,179.48,,,,,,,
JH교래2,2011-09-07,179.58,,,,,,,
JH교래2,2011-09-08,179.7,,,,,,,
JH교래2,2011-09-09,179.82,,,,,,,
JH교래2,2011-09-10,179.94,,,,,,,
JH교래2,2011-09-11,180.03,,,,,,,
JH교래2,2011-09-12,180.12,,,,,,,
JH교래2,2011-09-13,180.18,,,,,,,
JH교래2,2011-09-14,180.22,,,,,,,
JH교래2,2011-09-15,180.26,,,,,,,
JH교래2,2011-09-16,180.37,,,,,,,
JH교래2,2011-09-17,180.6,,,,,,,
JH교래2,2011-09-18,180.66,,,,,,,
JH교래2,2011-09-19,180.69,,,,,,,
JH교래2,2011-09-20,180.7,,,,,,,
JH교래2,2011-09-21,180.72,,,,,,,
JH교래2,2011-09-22,180.72,,,,,,,
JH교래2,2011-09-23,180.77,,,,,,,
JH교래2,2011-09-24,180.76,,,,,,,
JH교래2,2011-09-25,180.78,,,,,,,
JH교래2,2011-09-26,180.78,,,,,,,
JH교래2,2011-09-27,180.77,,,,,,,
JH교래2,2011-09-28,180.76,,,,,,,
JH교래2,2011-09-29,180.73,,,,,,,
JH교래2,2011-09-30,180.53,,,,,,,
JH교래2,2011-10-01,180.4,,,,,,,
JH교래2,2011-10-02,180.41,,,,,,,
JH교래2,2011-10-03,180.38,,,,,,,
JH교래2,2011-10-04,180.33,,,,,,,
JH교래2,2011-10-05,180.29,,,,,,,
JH교래2,2011-10-06,180.23,,,,,,,
JH교래2,2011-10-07,180.19,,,,,,,
JH교래2,2011-10-08,180.16,,,,,,,
JH교래2,2011-10-09,180.11,,,,,,,
JH교래2,2011-10-10,180.05,,,,,,,
JH교래2,2011-10-11,179.99,,,,,,,
JH교래2,2011-10-12,179.9,,,,,,,
JH교래2,2011-10-13,179.82,,,,,,,
JH교래2,2011-10-14,179.74,,,,,,,
JH교래2,2011-10-15,179.64,,,,,,,
JH교래2,2011-10-16,179.57,,,,,,,
JH교래2,2011-10-17,179.48,,,,,,,
JH교래2,2011-10-18,179.41,,,,,,,
JH교래2,2011-10-19,179.35,,,,,,,
JH교래2,2011-10-20,179.25,,,,,,,
JH교래2,2011-10-21,179.14,,,,,,,
JH교래2,2011-10-22,179.01,,,,,,,
JH교래2,2011-10-23,178.9,,,,,,,
JH교래2,2011-10-24,178.76,,,,,,,
JH교래2,2011-10-25,178.62,,,,,,,
JH교래2,2011-10-26,178.54,,,,,,,
JH교래2,2011-10-27,178.42,,,,,,,
JH교래2,2011-10-28,178.31,,,,,,,
JH교래2,2011-10-29,178.18,,,,,,,
JH교래2,2011-10-30,178.01,,,,,,,
JH교래2,2011-10-31,177.91,,,,,,,
JH교래2,2011-11-01,177.79,,,,,,,
JH교래2,2011-11-02,177.65,,,,,,,
JH교래2,2011-11-03,177.5,,,,,,,
JH교래2,2011-11-04,177.37,,,,,,,
JH교래2,2011-11-05,177.22,,,,,,,
JH교래2,2011-11-06,177.02,,,,,,,
JH교래2,2011-11-07,176.89,,,,,,,
JH교래2,2011-11-08,176.73,,,,,,,
JH교래2,2011-11-09,176.59,,,,,,,
JH교래2,2011-11-10,176.43,,,,,,,
JH교래2,2011-11-11,176.25,,,,,,,
JH교래2,2011-11-12,176.06,,,,,,,
JH교래2,2011-11-13,175.91,,,,,,,
JH교래2,2011-11-14,175.77,,,,,,,
JH교래2,2011-11-15,175.6,,,,,,,
JH교래2,2011-11-16,175.46,,,,,,,
JH교래2,2011-11-17,175.35,,,,,,,
JH교래2,2011-11-18,175.2,,,,,,,
JH교래2,2011-11-19,175.03,,,,,,,
JH교래2,2011-12-06,173.96,,,,,,,
JH교래2,2011-12-07,173.96,,,,,,,
JH교래2,2011-12-08,173.97,,,,,,,
JH교래2,2011-12-09,173.97,,,,,,,
JH교래2,2011-12-10,173.99,,,,,,,
JH교래2,2011-12-11,174.03,,,,,,,
JH교래2,2011-12-12,174.03,,,,,,,
JH교래2,2011-12-13,174.03,,,,,,,
JH교래2,2011-12-14,174.04,,,,,,,
JH교래2,2011-12-15,174.03,,,,,,,
JH교래2,2011-12-16,174.03,,,,,,,
JH교래2,2011-12-17,174.08,,,,,,,
JH교래2,2012-01-17,172.8,,,,,,,
JH교래2,2012-01-18,172.75,,,,,,,
JH교래2,2012-01-19,172.66,,,,,,,
JH교래2,2012-01-20,172.58,,,,,,,
JH교래2,2012-01-21,172.53,,,,,,,
JH교래2,2012-01-22,172.48,,,,,,,
JH교래2,2012-01-23,172.46,,,,,,,
JH교래2,2012-01-24,172.37,,,,,,,
JH교래2,2012-01-25,172.27,,,,,,,
JH교래2,2012-01-26,172.19,,,,,,,
JH교래2,2012-01-27,172.13,,,,,,,
JH교래2,2012-01-28,172.05,,,,,,,
JH교래2,2012-01-29,171.98,,,,,,,
JH교래2,2012-01-30,171.92,,,,,,,
JH교래2,2012-01-31,171.85,,,,,,,
JH교래2,2012-02-01,171.74,,,,,,,
JH교래2,2012-02-02,171.66,,,,,,,
JH교래2,2012-02-03,171.6,,,,,,,
JH교래2,2012-02-04,171.49,,,,,,,
JH교래2,2012-02-05,171.43,,,,,,,
JH교래2,2012-02-06,171.35,,,,,,,
JH교래2,2012-02-07,171.23,,,,,,,
JH교래2,2012-02-08,171.12,,,,,,,
JH교래2,2012-02-09,171.06,,,,,,,
JH교래2,2012-02-10,171.01,,,,,,,
JH교래2,2012-02-11,170.95,,,,,,,
JH교래2,2012-02-12,170.84,,,,,,,
JH교래2,2012-02-13,170.77,,,,,,,
JH교래2,2012-02-14,170.67,,,,,,,
JH교래2,2012-02-15,170.56,,,,,,,
JH교래2,2012-02-16,170.44,,,,,,,
JH교래2,2012-02-17,170.38,,,,,,,
JH교래2,2012-02-18,170.3,,,,,,,
JH교래2,2012-02-19,170.23,,,,,,,
JH교래2,2012-02-20,170.12,,,,,,,
JH교래2,2012-02-21,170.06,,,,,,,
JH교래2,2012-02-22,169.92,,,,,,,
JH교래2,2012-02-23,169.74,,,,,,,
JH교래2,2012-02-24,169.68,,,,,,,
JH교래2,2012-02-25,169.58,,,,,,,
JH교래2,2012-02-26,169.5,,,,,,,
JH교래2,2012-02-27,169.44,,,,,,,
JH교래2,2012-02-28,169.38,,,,,,,
JH교래2,2012-02-29,169.28,,,,,,,
JH교래2,2012-03-01,169.19,,,,,,,
JH교래2,2012-03-02,169.08,,,,,,,
JH교래2,2012-03-03,168.96,,,,,,,
JH교래2,2012-03-04,168.91,,,,,,,
JH교래2,2012-03-05,168.81,,,,,,,
JH교래2,2012-03-06,168.63,,,,,,,
JH교래2,2012-03-07,168.52,,,,,,,
JH교래2,2012-03-08,168.43,,,,,,,
JH교래2,2012-03-09,168.32,,,,,,,
JH교래2,2012-03-10,168.19,,,,,,,
JH교래2,2012-03-11,168.16,,,,,,,
JH교래2,2012-03-12,168.15,,,,,,,
JH교래2,2012-03-13,168.17,,,,,,,
JH교래2,2012-03-14,168.13,,,,,,,
JH교래2,2012-03-15,168.11,,,,,,,
JH교래2,2012-03-16,168.13,,,,,,,
JH교래2,2012-03-17,168.06,,,,,,,
JH교래2,2012-03-18,168.02,,,,,,,
JH교래2,2012-03-19,167.7,,,,,,,
JH교래2,2012-03-20,167.16,,,,,,,
JH교래2,2012-03-21,167.2,,,,,,,
JH교래2,2012-03-22,167.29,,,,,,,
JH교래2,2012-03-23,167.26,,,,,,,
JH교래2,2012-03-24,167.21,,,,,,,
JH교래2,2012-03-25,167.23,,,,,,,
JH교래2,2012-03-26,167.27,,,,,,,
JH교래2,2012-03-27,167.35,,,,,,,
JH교래2,2012-03-28,167.4,,,,,,,
JH교래2,2012-03-29,167.37,,,,,,,
JH교래2,2012-03-30,167.35,,,,,,,
JH교래2,2012-03-31,167.34,,,,,,,
JH교래2,2012-04-01,167.32,,,,,,,
JH교래2,2012-04-02,167.41,,,,,,,
JH교래2,2012-04-03,167.38,,,,,,,
JH교래2,2012-04-04,167.37,,,,,,,
JH교래2,2012-04-05,167.4,,,,,,,
JH교래2,2012-04-06,167.38,,,,,,,
JH교래2,2012-04-07,167.43,,,,,,,
JH교래2,2012-04-08,167.48,,,,,,,
JH교래2,2012-04-09,167.61,,,,,,,
JH교래2,2012-04-10,167.82,,,,,,,
JH교래2,2012-04-11,167.8,,,,,,,
JH교래2,2012-04-12,167.77,,,,,,,
JH교래2,2012-04-13,167.77,,,,,,,
JH교래2,2012-04-14,167.77,,,,,,,
JH교래2,2012-04-15,167.83,,,,,,,
JH교래2,2012-04-16,167.93,,,,,,,
JH교래2,2012-04-17,168.0,,,,,,,
JH교래2,2012-04-18,168.01,,,,,,,
JH교래2,2012-04-19,168.06,,,,,,,
JH교래2,2012-04-20,168.14,,,,,,,
JH교래2,2012-04-21,168.21,,,,,,,
JH교래2,2012-04-22,168.12,,,,,,,
JH교래2,2012-04-23,168.19,,,,,,,
JH교래2,2012-04-24,168.28,,,,,,,
JH교래2,2012-04-25,168.41,,,,,,,
JH교래2,2012-04-26,168.44,,,,,,,
JH교래2,2012-04-27,168.83,,,,,,,
JH교래2,2012-04-28,169.28,,,,,,,
JH교래2,2012-04-29,169.84,,,,,,,
JH교래2,2012-04-30,170.42,,,,,,,
JH교래2,2012-05-01,170.87,,,,,,,
JH교래2,2012-05-02,171.26,,,,,,,
JH교래2,2012-05-03,171.74,,,,,,,
JH교래2,2012-05-04,172.19,,,,,,,
JH교래2,2012-05-05,172.57,,,,,,,
JH교래2,2012-05-06,172.97,,,,,,,
JH교래2,2012-05-07,173.33,,,,,,,
JH교래2,2012-05-08,173.73,,,,,,,
JH교래2,2012-05-09,174.21,,,,,,,
JH교래2,2012-05-10,174.8,,,,,,,
JH교래2,2012-05-11,175.49,,,,,,,
JH교래2,2012-05-12,176.12,,,,,,,
JH교래2,2012-05-13,176.68,,,,,,,
JH교래2,2012-05-14,177.15,,,,,,,
JH교래2,2012-05-15,177.52,,,,,,,
JH교래2,2012-05-16,177.87,,,,,,,
JH교래2,2012-05-17,178.16,,,,,,,
JH교래2,2012-05-18,178.41,,,,,,,
JH교래2,2012-05-19,178.65,,,,,,,
JH교래2,2012-05-20,178.83,,,,,,,
JH교래2,2012-05-21,178.98,,,,,,,
JH교래2,2012-05-22,179.14,,,,,,,
JH교래2,2012-05-23,179.25,,,,,,,
JH교래2,2012-05-24,179.36,,,,,,,
JH교래2,2012-05-25,179.47,,,,,,,
JH교래2,2012-05-26,179.52,,,,,,,
JH교래2,2012-05-27,179.6,,,,,,,
JH교래2,2012-05-28,179.67,,,,,,,
JH교래2,2012-05-29,179.73,,,,,,,
JH교래2,2012-05-30,179.77,,,,,,,
JH교래2,2012-05-31,179.8,,,,,,,
JH교래2,2012-06-01,179.81,,,,,,,
JH교래2,2012-06-02,179.79,,,,,,,
JH교래2,2012-06-03,179.78,,,,,,,
JH교래2,2012-06-04,179.77,,,,,,,
JH교래2,2012-06-05,179.75,,,,,,,
JH교래2,2012-06-06,179.7,,,,,,,
JH교래2,2012-06-07,179.66,,,,,,,
JH교래2,2012-06-08,179.6,,,,,,,
JH교래2,2012-06-09,179.54,,,,,,,
JH교래2,2012-06-10,179.49,,,,,,,
JH교래2,2012-06-11,179.43,,,,,,,
JH교래2,2012-06-12,179.37,,,,,,,
JH교래2,2012-06-13,179.31,,,,,,,
JH교래2,2012-06-14,179.27,,,,,,,
JH교래2,2012-06-15,179.23,,,,,,,
JH교래2,2012-06-16,179.13,,,,,,,
JH교래2,2012-06-17,179.05,,,,,,,
JH교래2,2012-06-18,178.99,,,,,,,
JH교래2,2012-06-19,178.87,,,,,,,
JH교래2,2012-06-20,178.76,,,,,,,
JH교래2,2012-06-21,178.73,,,,,,,
JH교래2,2012-06-22,178.72,,,,,,,
JH교래2,2012-06-23,178.64,,,,,,,
JH교래2,2012-06-24,178.52,,,,,,,
JH교래2,2012-06-25,178.38,,,,,,,
JH교래2,2012-06-26,178.29,,,,,,,
JH교래2,2012-06-27,178.15,,,,,,,
JH교래2,2012-06-28,178.02,,,,,,,
JH교래2,2012-06-29,177.9,,,,,,,
JH교래2,2012-06-30,177.76,,,,,,,
JH교래2,2012-07-01,177.61,,,,,,,
JH교래2,2012-07-02,177.48,,,,,,,
JH교래2,2012-07-03,177.35,,,,,,,
JH교래2,2012-07-04,177.17,,,,,,,
JH교래2,2012-07-05,177.07,,,,,,,
JH교래2,2012-07-06,176.93,,,,,,,
JH교래2,2012-07-07,176.74,,,,,,,
JH교래2,2012-07-08,176.59,,,,,,,
JH교래2,2012-07-09,176.46,,,,,,,
JH교래2,2012-07-10,176.32,,,,,,,
JH교래2,2012-07-11,176.15,,,,,,,
JH교래2,2012-07-12,175.93,,,,,,,
JH교래2,2012-07-13,175.8,,,,,,,
JH교래2,2012-07-14,175.65,,,,,,,
JH교래2,2012-07-15,175.48,,,,,,,
JH교래2,2012-07-16,175.32,,,,,,,
JH교래2,2012-07-17,175.18,,,,,,,
JH교래2,2012-07-18,175.03,,,,,,,
JH교래2,2012-07-19,174.8,,,,,,,
JH교래2,2012-07-20,174.67,,,,,,,
JH교래2,2012-07-21,174.53,,,,,,,
JH교래2,2012-07-22,174.43,,,,,,,
JH교래2,2012-07-23,174.31,,,,,,,
JH교래2,2012-07-24,174.23,,,,,,,
JH교래2,2012-07-25,174.18,,,,,,,
JH교래2,2012-07-26,174.06,,,,,,,
JH교래2,2012-07-27,173.98,,,,,,,
JH교래2,2012-07-28,173.96,,,,,,,
JH교래2,2012-07-29,173.95,,,,,,,
JH교래2,2012-07-30,173.92,,,,,,,
JH교래2,2012-07-31,173.96,,,,,,,
JH교래2,2012-08-01,174.03,,,,,,,
JH교래2,2012-08-02,174.09,,,,,,,
JH교래2,2012-08-03,174.2,,,,,,,
JH교래2,2012-08-04,174.36,,,,,,,
JH교래2,2012-08-05,174.48,,,,,,,
JH교래2,2012-08-06,174.58,,,,,,,
JH교래2,2012-08-07,174.69,,,,,,,
JH교래2,2012-08-08,174.85,,,,,,,
JH교래2,2012-08-09,174.97,,,,,,,
JH교래2,2012-08-10,175.05,,,,,,,
JH교래2,2012-08-11,175.17,,,,,,,
JH교래2,2012-08-12,175.28,,,,,,,
JH교래2,2012-08-13,175.37,,,,,,,
JH교래2,2012-08-14,175.43,,,,,,,
JH교래2,2012-09-07,179.92,,,,,,,
JH교래2,2012-09-08,180.3,,,,,,,
JH교래2,2012-09-09,180.78,,,,,,,
JH교래2,2012-09-10,180.99,,,,,,,
JH교래2,2012-09-21,179.62,,,,,,,
JH교래2,2012-09-22,179.69,,,,,,,
JH교래2,2012-09-23,180.0,,,,,,,
JH교래2,2012-09-24,180.29,,,,,,,
JH교래2,2012-09-25,180.62,,,,,,,
JH교래2,2012-09-26,181.0,,,,,,,
JH교래2,2012-09-27,181.41,,,,,,,
JH교래2,2012-09-28,181.79,,,,,,,
JH교래2,2012-09-29,182.11,,,,,,,
JH교래2,2012-09-30,182.44,,,,,,,
JH교래2,2012-10-01,182.7,,,,,,,
JH교래2,2012-10-02,182.98,,,,,,,
JH교래2,2012-10-03,183.27,,,,,,,
JH교래2,2012-10-04,183.5,,,,,,,
JH교래2,2012-10-05,183.66,,,,,,,
JH교래2,2012-10-06,183.79,,,,,,,
JH교래2,2012-10-07,183.87,,,,,,,
JH교래2,2012-10-08,183.91,,,,,,,
JH교래2,2012-10-09,183.92,,,,,,,
JH교래2,2012-10-10,183.9,,,,,,,
JH교래2,2012-10-11,183.85,,,,,,,
JH교래2,2012-10-12,183.77,,,,,,,
JH교래2,2012-10-13,183.69,,,,,,,
JH교래2,2012-10-14,183.57,,,,,,,
JH교래2,2012-10-15,183.45,,,,,,,
JH교래2,2012-10-16,183.32,,,,,,,
JH교래2,2012-10-17,183.17,,,,,,,
JH교래2,2012-10-18,183.05,,,,,,,
JH교래2,2012-10-19,182.93,,,,,,,
JH교래2,2012-10-20,182.8,,,,,,,
JH교래2,2012-10-21,182.65,,,,,,,
JH교래2,2012-10-22,182.49,,,,,,,
JH교래2,2012-10-23,182.33,,,,,,,
JH교래2,2012-10-24,182.21,,,,,,,
JH교래2,2012-10-25,182.08,,,,,,,
JH교래2,2012-10-26,181.96,,,,,,,
JH교래2,2012-10-27,181.82,,,,,,,
JH교래2,2012-10-28,181.69,,,,,,,
JH교래2,2012-10-29,181.57,,,,,,,
JH교래2,2012-10-30,181.41,,,,,,,
JH교래2,2012-10-31,181.27,,,,,,,
JH교래2,2012-11-01,181.15,,,,,,,
JH교래2,2012-11-02,181.03,,,,,,,
JH교래2,2012-11-03,180.9,,,,,,,
JH교래2,2012-11-04,180.73,,,,,,,
JH교래2,2012-11-05,180.57,,,,,,,
JH교래2,2012-11-06,180.43,,,,,,,
JH교래2,2012-11-07,180.36,,,,,,,
JH교래2,2012-11-30,177.13,,,,,,,
JH교래2,2012-12-01,177.04,,,,,,,
JH교래2,2012-12-02,176.9,,,,,,,
JH교래2,2012-12-03,176.76,,,,,,,
JH교래2,2012-12-04,176.59,,,,,,,
JH교래2,2012-12-05,176.48,,,,,,,
JH교래2,2012-12-06,176.33,,,,,,,
JH교래2,2012-12-07,176.21,,,,,,,
JH교래2,2012-12-08,176.05,,,,,,,
JH교래2,2012-12-09,175.9,,,,,,,
JH교래2,2012-12-10,175.77,,,,,,,
JH교래2,2012-12-11,175.64,,,,,,,
JH교래2,2012-12-12,175.49,,,,,,,
JH교래2,2012-12-13,175.36,,,,,,,
JH교래2,2012-12-14,175.21,,,,,,,
JH교래2,2012-12-15,175.01,,,,,,,
JH교래2,2012-12-16,174.85,,,,,,,
JH교래2,2012-12-17,174.7,,,,,,,
JH교래2,2012-12-18,174.54,,,,,,,
JH교래2,2012-12-19,174.42,,,,,,,
JH교래2,2012-12-20,174.29,,,,,,,
JH교래2,2012-12-21,174.15,,,,,,,
JH교래2,2012-12-22,173.94,,,,,,,
JH교래2,2012-12-23,173.84,,,,,,,
JH교래2,2012-12-24,173.74,,,,,,,
JH교래2,2012-12-25,173.59,,,,,,,
JH교래2,2012-12-26,173.46,,,,,,,
JH교래2,2012-12-27,173.35,,,,,,,
JH교래2,2012-12-28,173.22,,,,,,,
JH교래2,2012-12-29,173.05,,,,,,,
JH교래2,2012-12-30,172.88,,,,,,,
JH교래2,2012-12-31,172.7,,,,,,,
JH교래2,2013-01-01,172.59,,,,,,,
JH교래2,2013-01-02,172.41,,,,,,,
JH교래2,2013-01-03,172.26,,,,,,,
JH교래2,2013-01-04,172.16,,,,,,,
JH교래2,2013-01-05,172.0,,,,,,,
JH교래2,2013-01-06,171.83,,,,,,,
JH교래2,2013-01-07,171.69,,,,,,,
JH교래2,2013-01-08,171.54,,,,,,,
JH교래2,2013-01-09,171.43,,,,,,,
JH교래2,2013-01-10,171.31,,,,,,,
JH교래2,2013-01-11,171.23,,,,,,,
JH교래2,2013-01-12,171.13,,,,,,,
JH교래2,2013-01-13,171.04,,,,,,,
JH교래2,2013-01-14,170.92,,,,,,,
JH교래2,2013-01-15,170.82,,,,,,,
JH교래2,2013-01-31,169.74,,,,,,,
JH교래2,2013-02-01,169.69,,,,,,,
JH교래2,2013-02-02,169.49,,,,,,,
JH교래2,2013-02-03,169.46,,,,,,,
JH교래2,2013-02-04,169.42,,,,,,,
JH교래2,2013-02-05,169.35,,,,,,,
JH교래2,2013-02-06,169.29,,,,,,,
JH교래2,2013-02-07,169.22,,,,,,,
JH교래2,2013-02-08,169.17,,,,,,,
JH교래2,2013-02-09,169.16,,,,,,,
JH교래2,2013-02-10,169.15,,,,,,,
JH교래2,2013-02-11,169.09,,,,,,,
JH교래2,2013-02-12,169.11,,,,,,,
JH교래2,2013-02-13,169.01,,,,,,,
JH교래2,2013-02-18,169.0,,,,,,,
JH교래2,2013-02-19,168.92,,,,,,,
JH교래2,2013-02-20,168.88,,,,,,,
JH교래2,2013-02-21,168.87,,,,,,,
JH교래2,2013-02-22,168.88,,,,,,,
JH교래2,2013-02-23,168.85,,,,,,,
JH교래2,2013-02-24,168.82,,,,,,,
JH교래2,2013-02-25,168.83,,,,,,,
JH교래2,2013-02-26,168.9,,,,,,,
JH교래2,2013-02-27,168.84,,,,,,,
JH교래2,2013-02-28,168.83,,,,,,,
JH교래2,2013-03-01,168.81,,,,,,,
JH교래2,2013-03-02,168.68,,,,,,,
JH교래2,2013-03-03,168.75,,,,,,,
JH교래2,2013-03-04,168.74,,,,,,,
JH교래2,2013-03-05,168.66,,,,,,,
JH교래2,2013-03-06,168.64,,,,,,,
JH교래2,2013-03-07,168.66,,,,,,,
JH교래2,2013-03-08,168.64,,,,,,,
JH교래2,2013-03-09,168.6,,,,,,,
JH교래2,2013-03-10,168.61,,,,,,,
JH교래2,2013-03-14,169.09,,,,,,,
JH교래2,2013-03-15,169.13,,,,,,,
JH교래2,2013-03-16,169.14,,,,,,,
JH교래2,2013-03-19,169.01,,,,,,,
JH교래2,2013-03-20,168.98,,,,,,,
JH교래2,2013-03-21,168.87,,,,,,,
JH교래2,2013-03-22,168.91,,,,,,,
JH교래2,2013-03-23,168.79,,,,,,,
JH교래2,2013-03-24,168.77,,,,,,,
JH교래2,2013-03-25,168.64,,,,,,,
JH교래2,2013-03-26,168.6,,,,,,,
JH교래2,2013-03-27,168.61,,,,,,,
JH교래2,2013-03-28,168.55,,,,,,,
JH교래2,2013-03-29,168.46,,,,,,,
JH교래2,2013-03-30,168.42,,,,,,,
JH교래2,2013-03-31,168.4,,,,,,,
JH교래2,2013-04-01,168.4,,,,,,,
JH교래2,2013-04-02,168.36,,,,,,,
JH교래2,2013-04-03,168.27,,,,,,,
JH교래2,2013-04-04,168.22,,,,,,,
JH교래2,2013-04-05,168.24,,,,,,,
JH교래2,2013-04-06,168.33,,,,,,,
JH교래2,2013-04-07,168.15,,,,,,,
JH교래2,2013-04-08,168.06,,,,,,,
JH교래2,2013-04-09,168.02,,,,,,,
JH교래2,2013-04-10,167.97,,,,,,,
JH교래2,2013-04-11,167.96,,,,,,,
JH교래2,2013-04-12,167.88,,,,,,,
JH교래2,2013-04-13,167.88,,,,,,,
JH교래2,2013-04-14,167.9,,,,,,,
JH교래2,2013-04-15,167.82,,,,,,,
JH교래2,2013-04-16,167.76,,,,,,,
JH교래2,2013-04-17,167.69,,,,,,,
JH교래2,2013-04-18,167.63,,,,,,,
JH교래2,2013-04-19,167.53,,,,,,,
JH교래2,2013-04-20,167.55,,,,,,,
JH교래2,2013-04-21,167.44,,,,,,,
JH교래2,2013-04-22,167.38,,,,,,,
JH교래2,2013-04-23,167.47,,,,,,,
JH교래2,2013-04-24,167.39,,,,,,,
JH교래2,2013-04-25,167.34,,,,,,,
JH교래2,2013-04-26,167.23,,,,,,,
JH교래2,2013-04-27,167.16,,,,,,,
JH교래2,2013-04-28,167.13,,,,,,,
JH교래2,2013-04-29,167.14,,,,,,,
JH교래2,2013-04-30,167.13,,,,,,,
JH교래2,2013-05-01,167.08,,,,,,,
JH교래2,2013-05-02,166.98,,,,,,,
JH교래2,2013-05-03,166.9,,,,,,,
JH교래2,2013-05-04,166.83,,,,,,,
JH교래2,2013-05-05,166.8,,,,,,,
JH교래2,2013-05-06,166.79,,,,,,,
JH교래2,2013-05-07,166.73,,,,,,,
JH교래2,2013-05-08,166.69,,,,,,,
JH교래2,2013-05-09,166.69,,,,,,,
JH교래2,2013-05-10,166.72,,,,,,,
JH교래2,2013-05-11,166.56,,,,,,,
JH교래2,2013-05-12,166.48,,,,,,,
JH교래2,2013-05-13,166.45,,,,,,,
JH교래2,2013-05-14,166.42,,,,,,,
JH교래2,2013-05-15,166.37,,,,,,,
JH교래2,2013-05-16,166.29,,,,,,,
JH교래2,2013-05-17,166.24,,,,,,,
JH교래2,2013-05-18,166.28,,,,,,,
JH교래2,2013-05-19,166.29,,,,,,,
JH교래2,2013-05-20,166.1,,,,,,,
JH교래2,2013-05-21,166.02,,,,,,,
JH교래2,2013-05-22,165.93,,,,,,,
JH교래2,2013-05-23,165.86,,,,,,,
JH교래2,2013-05-24,165.81,,,,,,,
JH교래2,2013-05-25,165.74,,,,,,,
JH교래2,2013-05-26,165.69,,,,,,,
JH교래2,2013-05-27,165.74,,,,,,,
JH교래2,2013-05-28,165.6,,,,,,,
JH교래2,2013-05-29,165.48,,,,,,,
JH교래2,2013-05-30,165.41,,,,,,,
JH교래2,2013-05-31,165.42,,,,,,,
JH교래2,2013-06-01,165.45,,,,,,,
JH교래2,2013-06-02,165.47,,,,,,,
JH교래2,2013-06-03,165.49,,,,,,,
JH교래2,2013-06-04,165.56,,,,,,,
JH교래2,2013-06-05,165.61,,,,,,,
JH교래2,2013-06-06,165.73,,,,,,,
JH교래2,2013-06-07,165.81,,,,,,,
JH교래2,2013-06-08,165.99,,,,,,,
JH교래2,2013-06-09,166.1,,,,,,,
JH교래2,2013-06-10,166.24,,,,,,,
JH교래2,2013-06-11,166.42,,,,,,,
JH교래2,2013-06-12,166.55,,,,,,,
JH교래2,2013-06-13,166.77,,,,,,,
JH교래2,2013-06-14,166.93,,,,,,,
JH교래2,2013-06-15,167.1,,,,,,,
JH교래2,2013-06-16,167.29,,,,,,,
JH교래2,2013-06-17,167.48,,,,,,,
JH교래2,2013-06-18,167.62,,,,,,,
JH교래2,2013-06-19,167.66,,,,,,,
JH교래2,2013-06-20,167.73,,,,,,,
JH교래2,2013-06-21,167.83,,,,,,,
JH교래2,2013-06-22,167.91,,,,,,,
JH교래2,2013-06-23,168.02,,,,,,,
JH교래2,2013-06-24,168.09,,,,,,,
JH교래2,2013-06-25,168.15,,,,,,,
JH교래2,2013-06-26,168.24,,,,,,,
JH교래2,2013-06-27,168.25,,,,,,,
JH교래2,2013-06-28,168.3,,,,,,,
JH교래2,2013-06-29,168.28,,,,,,,
JH교래2,2013-06-30,168.32,,,,,,,
JH교래2,2013-07-01,168.4,,,,,,,
JH교래2,2013-07-02,168.44,,,,,,,
JH교래2,2013-07-03,168.5,,,,,,,
JH교래2,2013-07-04,168.51,,,,,,,
JH교래2,2013-07-05,168.53,,,,,,,
JH교래2,2013-07-06,168.44,,,,,,,
JH교래2,2013-07-07,168.48,,,,,,,
JH교래2,2013-07-08,168.54,,,,,,,
JH교래2,2013-07-09,168.59,,,,,,,
JH교래2,2013-07-10,168.59,,,,,,,
JH교래2,2013-07-11,168.59,,,,,,,
JH교래2,2013-07-12,168.65,,,,,,,
JH교래2,2013-07-13,168.62,,,,,,,
JH교래2,2013-07-14,168.65,,,,,,,
JH교래2,2013-07-15,168.66,,,,,,,
JH교래2,2013-07-16,168.67,,,,,,,
JH교래2,2013-07-17,168.65,,,,,,,
JH교래2,2013-07-18,168.63,,,,,,,
JH교래2,2013-07-19,168.64,,,,,,,
JH교래2,2013-07-20,168.66,,,,,,,
JH교래2,2013-07-21,168.66,,,,,,,
JH교래2,2013-07-22,168.61,,,,,,,
JH교래2,2013-07-23,168.64,,,,,,,
JH교래2,2013-07-24,168.66,,,,,,,
JH교래2,2013-07-25,168.61,,,,,,,
JH교래2,2013-07-26,168.58,,,,,,,
JH교래2,2013-07-27,168.55,,,,,,,
JH교래2,2013-07-28,168.55,,,,,,,
JH교래2,2013-07-29,168.53,,,,,,,
JH교래2,2013-07-30,168.59,,,,,,,
JH교래2,2013-07-31,168.67,,,,,,,
JH교래2,2013-08-01,168.62,,,,,,,
JH교래2,2013-08-02,168.54,,,,,,,
JH교래2,2013-08-03,168.56,,,,,,,
JH교래2,2013-08-04,168.55,,,,,,,
JH교래2,2013-08-05,168.47,,,,,,,
JH교래2,2013-08-06,168.36,,,,,,,
JH교래2,2013-08-07,168.26,,,,,,,
JH교래2,2013-08-08,168.23,,,,,,,
JH교래2,2013-08-09,168.13,,,,,,,
JH교래2,2013-09-01,168.54,,,,,,,
JH교래2,2013-09-02,168.45,,,,,,,
JH교래2,2013-09-03,168.42,,,,,,,
JH교래2,2013-09-05,168.22,,,,,,,
JH교래2,2013-09-06,167.95,,,,,,,
JH교래2,2013-09-08,168.03,,,,,,,
JH교래2,2013-09-09,167.77,,,,,,,
JH교래2,2013-09-10,167.67,,,,,,,
JH교래2,2013-09-11,167.51,,,,,,,
JH교래2,2013-09-12,167.38,,,,,,,
JH교래2,2013-09-13,167.29,,,,,,,
JH교래2,2013-09-14,167.17,,,,,,,
JH교래2,2013-09-15,167.07,,,,,,,
JH교래2,2013-09-16,166.95,,,,,,,
JH교래2,2013-09-17,166.94,,,,,,,
JH교래2,2013-09-18,166.95,,,,,,,
JH교래2,2013-09-19,166.93,,,,,,,
JH교래2,2013-09-20,166.89,,,,,,,
JH교래2,2013-09-21,166.83,,,,,,,
JH교래2,2013-09-22,166.71,,,,,,,
JH교래2,2013-09-23,166.66,,,,,,,
JH교래2,2013-09-24,166.64,,,,,,,
JH교래2,2013-09-25,166.58,,,,,,,
JH교래2,2013-09-26,166.47,,,,,,,
JH교래2,2013-09-27,166.42,,,,,,,
JH교래2,2013-09-28,166.43,,,,,,,
JH교래2,2013-09-29,166.34,,,,,,,
JH교래2,2013-09-30,166.28,,,,,,,
JH교래2,2013-10-01,166.24,,,,,,,
JH교래2,2013-10-02,166.22,,,,,,,
JH교래2,2013-10-03,166.1,,,,,,,
JH교래2,2013-10-04,166.06,,,,,,,
JH교래2,2013-10-05,166.02,,,,,,,
JH교래2,2013-10-06,165.96,,,,,,,
JH교래2,2013-10-07,165.95,,,,,,,
JH교래2,2013-10-08,165.99,,,,,,,
JH교래2,2013-10-09,165.81,,,,,,,
JH교래2,2013-10-10,165.77,,,,,,,
JH교래2,2013-10-11,165.72,,,,,,,
JH교래2,2013-10-12,165.61,,,,,,,
JH교래2,2013-10-13,165.59,,,,,,,
JH교래2,2013-10-14,165.6,,,,,,,
JH교래2,2013-10-15,165.61,,,,,,,
JH교래2,2013-10-16,165.44,,,,,,,
JH교래2,2013-10-17,165.34,,,,,,,
JH교래2,2013-10-18,165.34,,,,,,,
JH교래2,2013-10-19,165.36,,,,,,,
JH교래2,2013-10-20,165.38,,,,,,,
JH교래2,2013-10-21,165.3,,,,,,,
JH교래2,2013-10-22,165.21,,,,,,,
JH교래2,2013-10-23,165.22,,,,,,,
JH교래2,2013-10-24,165.23,,,,,,,
JH교래2,2013-10-25,165.15,,,,,,,
JH교래2,2013-10-26,165.09,,,,,,,
JH교래2,2013-10-27,165.0,,,,,,,
JH교래2,2013-10-28,165.0,,,,,,,
JH교래2,2013-10-29,164.98,,,,,,,
JH교래2,2013-10-30,165.02,,,,,,,
JH교래2,2013-10-31,164.97,,,,,,,
JH교래2,2013-11-01,164.96,,,,,,,
JH교래2,2013-11-02,164.97,,,,,,,
JH교래2,2013-11-03,164.96,,,,,,,
JH교래2,2013-11-04,164.89,,,,,,,
JH교래2,2013-11-05,164.87,,,,,,,
JH교래2,2013-11-06,164.92,,,,,,,
JH교래2,2013-11-07,164.85,,,,,,,
JH교래2,2013-11-08,164.79,,,,,,,
JH교래2,2013-11-09,164.84,,,,,,,
JH교래2,2013-11-10,164.85,,,,,,,
JH교래2,2013-11-11,164.78,,,,,,,
JH교래2,2013-11-12,164.73,,,,,,,
JH교래2,2013-11-13,164.67,,,,,,,
JH교래2,2013-11-14,164.68,,,,,,,
JH교래2,2013-11-15,164.63,,,,,,,
JH교래2,2013-11-16,164.64,,,,,,,
JH교래2,2013-11-17,164.61,,,,,,,
JH교래2,2013-11-18,164.59,,,,,,,
JH교래2,2013-11-19,164.57,,,,,,,
JH교래2,2013-11-20,164.47,,,,,,,
JH교래2,2013-11-21,164.46,,,,,,,
JH교래2,2013-11-22,164.43,,,,,,,
JH교래2,2013-11-23,164.43,,,,,,,
JH교래2,2013-11-24,164.48,,,,,,,
JH교래2,2013-11-25,164.41,,,,,,,
JH교래2,2013-11-26,164.31,,,,,,,
JH교래2,2013-11-27,164.33,,,,,,,
JH교래2,2013-11-28,164.26,,,,,,,
JH교래2,2013-11-29,164.27,,,,,,,
JH교래2,2013-11-30,164.22,,,,,,,
JH교래2,2013-12-01,164.2,,,,,,,
JH교래2,2013-12-02,164.18,,,,,,,
JH교래2,2013-12-03,164.16,,,,,,,
JH교래2,2013-12-04,164.15,,,,,,,
JH교래2,2013-12-05,164.15,,,,,,,
JH교래2,2013-12-06,164.08,,,,,,,
JH교래2,2013-12-07,164.01,,,,,,,
JH교래2,2013-12-08,164.01,,,,,,,
JH교래2,2013-12-09,164.12,,,,,,,
JH교래2,2013-12-10,163.98,,,,,,,
JH교래2,2013-12-11,163.96,,,,,,,
JH교래2,2013-12-12,163.89,,,,,,,
JH교래2,2013-12-13,163.88,,,,,,,
JH교래2,2013-12-14,163.86,,,,,,,
JH교래2,2013-12-15,163.87,,,,,,,
JH교래2,2013-12-16,163.92,,,,,,,
JH교래2,2013-12-17,163.95,,,,,,,
JH교래2,2013-12-18,163.92,,,,,,,
JH교래2,2013-12-19,163.92,,,,,,,
JH교래2,2013-12-20,163.91,,,,,,,
JH교래2,2013-12-21,163.89,,,,,,,
JH교래2,2013-12-22,163.8,,,,,,,
JH교래2,2013-12-23,163.82,,,,,,,
JH교래2,2013-12-24,163.77,,,,,,,
JH교래2,2013-12-25,163.8,,,,,,,
JH교래2,2013-12-26,163.87,,,,,,,
JH교래2,2013-12-27,163.85,,,,,,,
JH교래2,2013-12-28,163.79,,,,,,,
JH교래2,2013-12-29,163.74,,,,,,,
JH교래2,2013-12-30,163.78,,,,,,,
JH교래2,2013-12-31,163.85,,,,,,,
JH교래2,2014-01-01,163.76,,,,,,,
JH교래2,2014-01-02,163.72,,,,,,,
JH교래2,2014-01-03,163.74,,,,,,,
JH교래2,2014-01-04,163.67,,,,,,,
JH교래2,2014-01-05,163.64,,,,,,,
JH교래2,2014-01-06,163.58,,,,,,,
JH교래2,2014-01-07,163.65,,,,,,,
JH교래2,2014-01-08,163.7,,,,,,,
JH교래2,2014-01-09,163.54,,,,,,,
JH교래2,2014-01-10,163.5,,,,,,,
JH교래2,2014-01-11,163.51,,,,,,,
JH교래2,2014-01-28,163.33,,,,,,,
JH교래2,2014-01-29,163.42,,,,,,,
JH교래2,2014-01-30,163.48,,,,,,,
JH교래2,2014-01-31,163.31,,,,,,,
JH교래2,2014-02-01,163.4,,,,,,,
JH교래2,2014-02-02,163.37,,,,,,,
JH교래2,2014-02-03,163.27,,,,,,,
JH교래2,2014-02-04,163.17,,,,,,,
JH교래2,2014-02-05,163.18,,,,,,,
JH교래2,2014-02-06,163.24,,,,,,,
JH교래2,2014-02-07,163.24,,,,,,,
JH교래2,2014-02-08,163.16,,,,,,,
JH교래2,2014-02-09,163.14,,,,,,,
JH교래2,2014-02-10,163.11,,,,,,,
JH교래2,2014-02-11,163.08,,,,,,,
JH교래2,2014-02-12,163.05,,,,,,,
JH교래2,2014-02-13,163.04,,,,,,,
JH교래2,2014-02-14,163.04,,,,,,,
JH교래2,2014-02-15,163.0,,,,,,,
JH교래2,2014-02-16,162.97,,,,,,,
JH교래2,2014-02-17,163.03,,,,,,,
JH교래2,2014-02-18,162.98,,,,,,,
JH교래2,2014-02-19,162.97,,,,,,,
JH교래2,2014-02-20,162.94,,,,,,,
JH교래2,2014-02-21,162.9,,,,,,,
JH교래2,2014-02-22,162.9,,,,,,,
JH교래2,2014-02-23,162.89,,,,,,,
JH교래2,2014-02-24,162.91,,,,,,,
JH교래2,2014-02-25,162.93,,,,,,,
JH교래2,2014-02-26,163.0,,,,,,,
JH교래2,2014-02-27,162.93,,,,,,,
JH교래2,2014-02-28,162.9,,,,,,,
JH교래2,2014-03-01,162.95,,,,,,,
JH교래2,2014-03-02,162.87,,,,,,,
JH교래2,2014-03-03,162.79,,,,,,,
JH교래2,2014-03-04,162.79,,,,,,,
JH교래2,2014-03-05,162.76,,,,,,,
JH교래2,2014-03-06,162.76,,,,,,,
JH교래2,2014-03-07,162.78,,,,,,,
JH교래2,2014-03-08,162.9,,,,,,,
JH교래2,2014-03-09,162.88,,,,,,,
JH교래2,2014-03-10,162.82,,,,,,,
JH교래2,2014-03-11,162.89,,,,,,,
JH교래2,2014-03-12,163.13,,,,,,,
JH교래2,2014-03-13,163.18,,,,,,,
JH교래2,2014-03-14,163.1,,,,,,,
JH교래2,2014-03-15,163.22,,,,,,,
JH교래2,2014-03-16,163.32,,,,,,,
JH교래2,2014-03-17,163.39,,,,,,,
JH교래2,2014-03-18,163.5,,,,,,,
JH교래2,2014-03-19,163.48,,,,,,,
JH교래2,2014-03-20,163.5,,,,,,,
JH교래2,2014-03-21,163.55,,,,,,,
JH교래2,2014-03-22,163.64,,,,,,,
JH교래2,2014-03-23,163.65,,,,,,,
JH교래2,2014-03-24,163.74,,,,,,,
JH교래2,2014-03-25,163.89,,,,,,,
JH교래2,2014-03-26,163.94,,,,,,,
JH교래2,2014-03-27,163.83,,,,,,,
JH교래2,2014-03-28,163.96,,,,,,,
JH교래2,2014-03-29,164.14,,,,,,,
JH교래2,2014-03-30,164.05,,,,,,,
JH교래2,2014-03-31,164.05,,,,,,,
JH교래2,2014-04-01,164.14,,,,,,,
JH교래2,2014-04-02,164.18,,,,,,,
JH교래2,2014-04-03,164.24,,,,,,,
JH교래2,2014-04-04,164.32,,,,,,,
JH교래2,2014-04-05,164.25,,,,,,,
JH교래2,2014-04-06,164.2,,,,,,,
JH교래2,2014-04-07,164.22,,,,,,,
JH교래2,2014-04-08,164.25,,,,,,,
JH교래2,2014-04-09,164.33,,,,,,,
JH교래2,2014-04-10,164.31,,,,,,,
JH교래2,2014-04-11,164.31,,,,,,,
JH교래2,2014-04-12,164.36,,,,,,,
JH교래2,2014-04-13,164.38,,,,,,,
JH교래2,2014-04-14,164.29,,,,,,,
JH교래2,2014-04-15,164.32,,,,,,,
JH교래2,2014-04-16,164.36,,,,,,,
JH교래2,2014-04-17,164.41,,,,,,,
JH교래2,2014-04-18,164.3,,,,,,,
JH교래2,2014-04-19,164.28,,,,,,,
JH교래2,2014-04-20,164.3,,,,,,,
JH교래2,2014-04-21,164.3,,,,,,,
JH교래2,2014-04-22,164.27,,,,,,,
JH교래2,2014-04-23,164.21,,,,,,,
JH교래2,2014-04-24,164.2,,,,,,,
JH교래2,2014-04-25,164.18,,,,,,,
JH교래2,2014-04-26,164.21,,,,,,,
JH교래2,2014-04-27,164.24,,,,,,,
JH교래2,2014-04-28,164.32,,,,,,,
JH교래2,2014-04-29,164.21,,,,,,,
JH교래2,2014-04-30,164.12,,,,,,,
JH교래2,2014-05-01,164.11,,,,,,,
JH교래2,2014-05-02,164.13,,,,,,,
JH교래2,2014-05-03,164.03,,,,,,,
JH교래2,2014-05-04,164.07,,,,,,,
JH교래2,2014-05-05,164.03,,,,,,,
JH교래2,2014-05-06,164.05,,,,,,,
JH교래2,2014-05-07,164.07,,,,,,,
JH교래2,2014-05-08,164.05,,,,,,,
JH교래2,2014-05-09,163.95,,,,,,,
JH교래2,2014-05-10,163.94,,,,,,,
JH교래2,2014-05-11,164.07,,,,,,,
JH교래2,2014-05-12,164.02,,,,,,,
JH교래2,2014-05-13,163.97,,,,,,,
JH교래2,2014-05-14,164.1,,,,,,,
JH교래2,2014-05-15,163.97,,,,,,,
JH교래2,2014-05-16,163.88,,,,,,,
JH교래2,2014-05-17,163.93,,,,,,,
JH교래2,2014-05-18,163.98,,,,,,,
JH교래2,2014-05-19,164.04,,,,,,,
JH교래2,2014-05-20,164.21,,,,,,,
JH교래2,2014-05-21,164.16,,,,,,,
JH교래2,2014-05-22,164.15,,,,,,,
JH교래2,2014-05-23,164.15,,,,,,,
JH교래2,2014-05-24,164.24,,,,,,,
JH교래2,2014-05-25,164.39,,,,,,,
JH교래2,2014-05-26,164.42,,,,,,,
JH교래2,2014-05-27,164.47,,,,,,,
JH교래2,2014-05-28,164.53,,,,,,,
JH교래2,2014-05-29,164.53,,,,,,,
JH교래2,2014-06-12,165.53,,,,,,,
JH교래2,2014-06-13,165.53,,,,,,,
JH교래2,2014-06-14,165.6,,,,,,,
JH교래2,2014-06-15,165.66,,,,,,,
JH교래2,2014-06-16,165.71,,,,,,,
JH교래2,2014-06-17,165.76,,,,,,,
JH교래2,2014-06-18,165.77,,,,,,,
JH교래2,2014-06-19,165.82,,,,,,,
JH교래2,2014-06-20,165.88,,,,,,,
JH교래2,2014-06-21,165.93,,,,,,,
JH교래2,2014-06-22,165.97,,,,,,,
JH교래2,2014-06-23,166.02,,,,,,,
JH교래2,2014-06-24,166.05,,,,,,,
JH교래2,2014-06-25,166.1,,,,,,,
JH교래2,2014-06-26,166.17,,,,,,,
JH교래2,2014-06-27,166.17,,,,,,,
JH교래2,2014-06-28,166.18,,,,,,,
JH교래2,2014-06-29,166.22,,,,,,,
JH교래2,2014-06-30,166.24,,,,,,,
JH교래2,2014-07-01,166.32,,,,,,,
JH교래2,2014-07-02,166.42,,,,,,,
JH교래2,2014-07-03,166.41,,,,,,,
JH교래2,2014-07-04,166.32,,,,,,,
JH교래2,2014-07-05,166.39,,,,,,,
JH교래2,2014-07-06,166.47,,,,,,,
JH교래2,2014-07-07,166.44,,,,,,,
JH교래2,2014-07-08,166.47,,,,,,,
JH교래2,2014-07-09,166.57,,,,,,,
JH교래2,2014-07-10,166.44,,,,,,,
JH교래2,2014-07-11,166.47,,,,,,,
JH교래2,2014-07-12,166.55,,,,,,,
JH교래2,2014-07-13,166.59,,,,,,,
JH교래2,2014-07-14,166.62,,,,,,,
JH교래2,2014-07-15,166.72,,,,,,,
JH교래2,2014-07-16,166.81,,,,,,,
JH교래2,2014-07-17,166.94,,,,,,,
JH교래2,2014-07-18,167.09,,,,,,,
JH교래2,2014-07-19,167.32,,,,,,,
JH교래2,2014-07-20,167.53,,,,,,,
JH교래2,2014-07-21,167.72,,,,,,,
JH교래2,2014-07-22,168.09,,,,,,,
JH교래2,2014-07-23,168.47,,,,,,,
JH교래2,2014-07-24,168.78,,,,,,,
JH교래2,2014-07-25,169.07,,,,,,,
JH교래2,2014-07-26,169.33,,,,,,,
JH교래2,2014-07-27,169.59,,,,,,,
JH교래2,2014-07-28,169.85,,,,,,,
JH교래2,2014-07-29,170.02,,,,,,,
JH교래2,2014-07-30,170.23,,,,,,,
JH교래2,2014-07-31,170.48,,,,,,,
JH교래2,2014-08-01,170.64,,,,,,,
JH교래2,2014-08-02,170.72,,,,,,,
JH교래2,2014-08-03,170.75,,,,,,,
JH교래2,2014-08-04,170.87,,,,,,,
JH교래2,2014-08-05,171.03,,,,,,,
JH교래2,2014-08-06,171.22,,,,,,,
JH교래2,2014-08-07,171.41,,,,,,,
JH교래2,2014-08-08,171.68,,,,,,,
JH교래2,2014-08-09,171.97,,,,,,,
JH교래2,2014-08-10,172.32,,,,,,,
JH교래2,2014-08-11,172.64,,,,,,,
JH교래2,2014-08-12,173.01,,,,,,,
JH교래2,2014-08-13,173.44,,,,,,,
JH교래2,2014-08-14,173.85,,,,,,,
JH교래2,2014-08-15,174.38,,,,,,,
JH교래2,2014-08-16,175.0,,,,,,,
JH교래2,2014-08-17,175.5,,,,,,,
JH교래2,2014-08-18,175.96,,,,,,,
JH교래2,2014-08-19,176.35,,,,,,,
JH교래2,2014-08-20,176.71,,,,,,,
JH교래2,2014-08-21,177.0,,,,,,,
JH교래2,2014-08-22,177.32,,,,,,,
JH교래2,2014-08-23,177.54,,,,,,,
JH교래2,2014-08-24,177.75,,,,,,,
JH교래2,2014-08-25,177.9,,,,,,,
JH교래2,2014-08-26,178.03,,,,,,,
JH교래2,2014-08-27,178.19,,,,,,,
JH교래2,2014-08-28,178.36,,,,,,,
JH교래2,2014-08-29,178.54,,,,,,,
JH교래2,2014-08-30,178.73,,,,,,,
JH교래2,2014-08-31,178.94,,,,,,,
JH교래2,2014-09-01,179.13,,,,,,,
JH교래2,2014-09-02,179.36,,,,,,,
JH교래2,2014-09-03,179.55,,,,,,,
JH교래2,2014-09-04,179.75,,,,,,,
JH교래2,2014-09-05,180.0,,,,,,,
JH교래2,2014-09-06,180.22,,,,,,,
JH교래2,2014-09-07,180.46,,,,,,,
JH교래2,2014-09-08,180.72,,,,,,,
JH교래2,2014-09-09,180.92,,,,,,,
JH교래2,2014-09-10,181.11,,,,,,,
JH교래2,2014-09-11,181.31,,,,,,,
JH교래2,2014-09-12,181.48,,,,,,,
JH교래2,2014-09-13,181.63,,,,,,,
JH교래2,2014-09-14,181.78,,,,,,,
JH교래2,2014-09-15,181.89,,,,,,,
JH교래2,2014-09-16,181.98,,,,,,,
JH교래2,2014-09-17,182.07,,,,,,,
JH교래2,2014-09-18,182.15,,,,,,,
JH교래2,2014-09-19,182.19,,,,,,,
JH교래2,2014-09-20,182.22,,,,,,,
JH교래2,2014-09-21,182.25,,,,,,,
JH교래2,2014-09-22,182.29,,,,,,,
JH교래2,2014-09-23,182.3,,,,,,,
JH교래2,2014-09-24,182.25,,,,,,,
JH교래2,2014-09-25,182.21,,,,,,,
JH교래2,2014-09-26,182.22,,,,,,,
JH교래2,2014-09-27,182.2,,,,,,,
JH교래2,2014-09-28,182.17,,,,,,,
JH교래2,2014-09-29,182.1,,,,,,,
JH교래2,2014-09-30,182.06,,,,,,,
JH교래2,2014-10-01,182.0,,,,,,,
JH교래2,2014-10-02,181.95,,,,,,,
JH교래2,2014-10-03,181.88,,,,,,,
JH교래2,2014-10-04,181.86,,,,,,,
JH교래2,2014-10-05,181.82,,,,,,,
JH교래2,2014-10-06,181.78,,,,,,,
JH교래2,2014-10-07,181.77,,,,,,,
JH교래2,2014-10-08,181.75,,,,,,,
JH교래2,2014-10-09,181.73,,,,,,,
JH교래2,2014-10-10,181.69,,,,,,,
JH교래2,2014-10-11,181.67,,,,,,,
JH교래2,2014-10-12,181.64,,,,,,,
JH교래2,2014-10-13,181.56,,,,,,,
JH교래2,2014-10-14,181.53,,,,,,,
JH교래2,2014-11-07,179.48,,,,,,,
JH교래2,2014-11-08,179.44,,,,,,,
JH교래2,2014-11-09,179.36,,,,,,,
JH교래2,2014-11-10,179.26,,,,,,,
JH교래2,2014-11-11,179.17,,,,,,,
JH교래2,2014-11-12,179.05,,,,,,,
JH교래2,2014-11-13,178.96,,,,,,,
JH교래2,2014-11-14,178.89,,,,,,,
JH교래2,2014-11-15,178.82,,,,,,,
JH교래2,2014-11-16,178.74,,,,,,,
JH교래2,2014-11-17,178.6,,,,,,,
JH교래2,2014-11-18,178.52,,,,,,,
JH교래2,2014-11-19,178.35,,,,,,,
JH교래2,2014-11-20,178.14,,,,,,,
JH교래2,2014-11-21,178.03,,,,,,,
JH교래2,2014-11-22,177.92,,,,,,,
JH교래2,2014-11-23,177.8,,,,,,,
JH교래2,2014-11-24,177.68,,,,,,,
JH교래2,2014-11-25,177.52,,,,,,,
JH교래2,2014-11-26,177.39,,,,,,,
JH교래2,2014-11-27,177.27,,,,,,,
JH교래2,2014-11-28,177.16,,,,,,,
JH교래2,2014-11-29,177.02,,,,,,,
JH교래2,2014-11-30,176.89,,,,,,,
JH교래2,2014-12-01,176.72,,,,,,,
JH교래2,2014-12-02,176.58,,,,,,,
JH교래2,2014-12-03,176.47,,,,,,,
JH교래2,2014-12-04,176.37,,,,,,,
JH교래2,2014-12-05,176.27,,,,,,,
JH교래2,2014-12-08,175.7,,,,,,,
JH교래2,2014-12-09,175.61,,,,,,,
JH교래2,2014-12-10,175.49,,,,,,,
JH교래2,2014-12-11,175.27,,,,,,,
JH교래2,2014-12-12,175.09,,,,,,,
JH교래2,2014-12-13,174.92,,,,,,,
JH교래2,2014-12-14,174.76,,,,,,,
JH교래2,2014-12-15,174.62,,,,,,,
JH교래2,2014-12-16,174.45,,,,,,,
JH교래2,2014-12-17,174.25,,,,,,,
JH교래2,2014-12-18,174.09,,,,,,,
JH교래2,2014-12-19,174.0,,,,,,,
JH교래2,2014-12-20,173.87,,,,,,,
JH교래2,2014-12-21,173.7,,,,,,,
JH교래2,2014-12-22,173.55,,,,,,,
JH교래2,2014-12-23,173.41,,,,,,,
JH교래2,2014-12-24,173.28,,,,,,,
JH교래2,2014-12-25,173.18,,,,,,,
JH교래2,2014-12-26,173.1,,,,,,,
JH교래2,2014-12-27,173.01,,,,,,,
JH교래2,2014-12-28,172.93,,,,,,,
JH교래2,2014-12-29,172.82,,,,,,,
JH교래2,2014-12-30,172.69,,,,,,,
JH교래2,2014-12-31,172.6,,,,,,,
JH교래2,2015-01-01,172.49,,,,,,,
JH교래2,2015-01-02,172.43,,,,,,,
JH교래2,2015-01-03,172.31,,,,,,,
JH교래2,2015-01-04,172.19,,,,,,,
JH교래2,2015-01-05,172.1,,,,,,,
JH교래2,2015-01-06,172.02,,,,,,,
JH교래2,2015-01-07,171.94,,,,,,,
JH교래2,2015-01-08,171.89,,,,,,,
JH교래2,2015-01-09,171.85,,,,,,,
JH교래2,2015-01-10,171.76,,,,,,,
JH교래2,2015-01-11,171.68,,,,,,,
JH교래2,2015-01-12,171.6,,,,,,,
JH교래2,2015-01-13,171.58,,,,,,,
JH교래2,2015-01-14,171.52,,,,,,,
JH교래2,2015-01-15,171.4,,,,,,,
JH교래2,2015-01-16,171.32,,,,,,,
JH교래2,2015-01-17,171.22,,,,,,,
JH교래2,2015-01-18,171.2,,,,,,,
JH교래2,2015-01-19,171.11,,,,,,,
JH교래2,2015-01-20,171.03,,,,,,,
JH교래2,2015-01-21,170.97,,,,,,,
JH교래2,2015-01-22,170.86,,,,,,,
JH교래2,2015-01-23,170.78,,,,,,,
JH교래2,2015-01-24,170.73,,,,,,,
JH교래2,2015-01-25,170.7,,,,,,,
JH교래2,2015-01-26,170.62,,,,,,,
JH교래2,2015-01-27,170.52,,,,,,,
JH교래2,2015-01-28,170.45,,,,,,,
JH교래2,2015-01-29,170.4,,,,,,,
JH교래2,2015-01-30,170.31,,,,,,,
JH교래2,2015-01-31,170.25,,,,,,,
JH교래2,2015-02-01,170.24,,,,,,,
JH교래2,2015-02-02,170.18,,,,,,,
JH교래2,2015-02-03,170.06,,,,,,,
JH교래2,2015-02-04,169.99,,,,,,,
JH교래2,2015-02-05,169.87,,,,,,,
JH교래2,2015-02-06,169.8,,,,,,,
JH교래2,2015-02-07,169.72,,,,,,,
JH교래2,2015-02-08,169.61,,,,,,,
JH교래2,2015-02-09,169.56,,,,,,,
JH교래2,2015-02-10,169.53,,,,,,,
JH교래2,2015-02-11,169.41,,,,,,,
JH교래2,2015-02-12,169.29,,,,,,,
JH교래2,2015-02-13,169.19,,,,,,,
JH교래2,2015-02-14,169.16,,,,,,,
JH교래2,2015-02-15,169.12,,,,,,,
JH교래2,2015-02-16,169.03,,,,,,,
JH교래2,2015-02-17,168.91,,,,,,,
JH교래2,2015-02-18,168.88,,,,,,,
JH교래2,2015-02-19,168.86,,,,,,,
JH교래2,2015-02-20,168.83,,,,,,,
JH교래2,2015-02-21,168.72,,,,,,,
JH교래2,2015-02-22,168.58,,,,,,,
JH교래2,2015-02-23,168.51,,,,,,,
JH교래2,2015-02-24,168.46,,,,,,,
JH교래2,2015-02-25,168.39,,,,,,,
JH교래2,2015-02-26,168.29,,,,,,,
JH교래2,2015-02-27,168.22,,,,,,,
JH교래2,2015-02-28,168.21,,,,,,,
JH교래2,2015-03-01,168.13,,,,,,,
JH교래2,2015-03-02,168.02,,,,,,,
JH교래2,2015-03-03,167.95,,,,,,,
JH교래2,2015-03-04,167.81,,,,,,,
JH교래2,2015-03-05,167.8,,,,,,,
JH교래2,2015-03-06,167.76,,,,,,,
JH교래2,2015-03-07,167.64,,,,,,,
JH교래2,2015-03-08,167.56,,,,,,,
JH교래2,2015-03-09,167.47,,,,,,,
JH교래2,2015-03-10,167.32,,,,,,,
JH교래2,2015-03-11,167.25,,,,,,,
JH교래2,2015-03-19,166.68,,,,,,,
JH교래2,2015-03-20,166.68,,,,,,,
JH교래2,2015-03-21,166.69,,,,,,,
JH교래2,2015-03-22,166.65,,,,,,,
JH교래2,2015-03-23,166.64,,,,,,,
JH교래2,2015-03-24,166.62,,,,,,,
JH교래2,2015-03-25,166.62,,,,,,,
JH교래2,2015-03-26,166.49,,,,,,,
JH교래2,2015-03-27,166.38,,,,,,,
JH교래2,2015-03-28,166.34,,,,,,,
JH교래2,2015-03-29,166.25,,,,,,,
JH교래2,2015-03-30,166.2,,,,,,,
JH교래2,2015-03-31,166.2,,,,,,,
JH교래2,2015-04-01,166.08,,,,,,,
JH교래2,2015-04-02,166.13,,,,,,,
JH교래2,2015-04-03,166.03,,,,,,,
JH교래2,2015-04-04,165.95,,,,,,,
JH교래2,2015-04-05,165.96,,,,,,,
JH교래2,2015-04-06,165.95,,,,,,,
JH교래2,2015-04-07,165.95,,,,,,,
JH교래2,2015-04-08,165.97,,,,,,,
JH교래2,2015-04-09,165.98,,,,,,,
JH교래2,2015-04-10,165.95,,,,,,,
JH교래2,2015-04-11,165.93,,,,,,,
JH교래2,2015-04-12,165.94,,,,,,,
JH교래2,2015-04-13,165.93,,,,,,,
JH교래2,2015-04-14,165.89,,,,,,,
JH교래2,2015-04-15,165.75,,,,,,,
JH교래2,2015-04-16,165.77,,,,,,,
JH교래2,2015-04-17,165.79,,,,,,,
JH교래2,2015-04-18,165.86,,,,,,,
JH교래2,2015-04-19,165.87,,,,,,,
JH교래2,2015-04-20,165.81,,,,,,,
JH교래2,2015-04-21,165.76,,,,,,,
JH교래2,2015-04-22,165.84,,,,,,,
JH교래2,2015-04-23,165.92,,,,,,,
JH교래2,2015-04-24,166.01,,,,,,,
JH교래2,2015-04-25,166.07,,,,,,,
JH교래2,2015-04-26,166.11,,,,,,,
JH교래2,2015-04-27,166.16,,,,,,,
JH교래2,2015-04-28,166.19,,,,,,,
JH교래2,2015-04-29,166.14,,,,,,,
JH교래2,2015-04-30,166.11,,,,,,,
JH교래2,2015-05-01,166.17,,,,,,,
JH교래2,2015-05-02,166.25,,,,,,,
JH교래2,2015-05-03,166.3,,,,,,,
JH교래2,2015-05-04,166.3,,,,,,,
JH교래2,2015-05-05,166.39,,,,,,,
JH교래2,2015-05-06,166.52,,,,,,,
JH교래2,2015-05-07,166.63,,,,,,,
JH교래2,2015-05-08,166.87,,,,,,,
JH교래2,2015-05-09,167.08,,,,,,,
JH교래2,2015-05-10,167.29,,,,,,,
JH교래2,2015-05-11,167.62,,,,,,,
JH교래2,2015-05-12,167.88,,,,,,,
JH교래2,2015-05-13,168.1,,,,,,,
JH교래2,2015-05-14,168.7,,,,,,,
JH교래2,2015-05-15,169.2,,,,,,,
JH교래2,2015-05-16,169.61,,,,,,,
JH교래2,2015-05-17,169.99,,,,,,,
JH교래2,2015-05-18,170.44,,,,,,,
JH교래2,2015-05-19,170.78,,,,,,,
JH교래2,2015-05-20,171.16,,,,,,,
JH교래2,2015-05-21,171.51,,,,,,,
JH교래2,2015-05-22,171.88,,,,,,,
JH교래2,2015-05-23,172.2,,,,,,,
JH교래2,2015-05-24,172.52,,,,,,,
JH교래2,2015-05-25,172.78,,,,,,,
JH교래2,2015-05-26,173.07,,,,,,,
JH교래2,2015-05-27,173.34,,,,,,,
JH교래2,2015-05-28,173.61,,,,,,,
JH교래2,2015-05-29,173.89,,,,,,,
JH교래2,2015-05-30,174.25,,,,,,,
JH교래2,2015-05-31,174.51,,,,,,,
JH교래2,2015-06-01,174.76,,,,,,,
JH교래2,2015-06-02,175.05,,,,,,,
JH교래2,2015-06-03,175.24,,,,,,,
JH교래2,2015-06-04,175.4,,,,,,,
JH교래2,2015-06-05,175.6,,,,,,,
JH교래2,2015-06-06,175.63,,,,,,,
JH교래2,2015-06-07,175.76,,,,,,,
JH교래2,2015-06-08,175.87,,,,,,,
JH교래2,2015-06-09,175.89,,,,,,,
JH교래2,2015-06-10,175.95,,,,,,,
JH교래2,2015-06-11,176.02,,,,,,,
JH교래2,2015-06-12,176.01,,,,,,,
JH교래2,2015-06-13,176.04,,,,,,,
JH교래2,2015-06-14,176.06,,,,,,,
JH교래2,2015-06-15,176.06,,,,,,,
JH교래2,2015-06-16,176.06,,,,,,,
JH교래2,2015-06-17,176.02,,,,,,,
JH교래2,2015-06-18,175.96,,,,,,,
JH교래2,2015-06-19,175.89,,,,,,,
JH교래2,2015-06-20,175.86,,,,,,,
JH교래2,2015-06-21,175.79,,,,,,,
JH교래2,2015-06-22,175.69,,,,,,,
JH교래2,2015-06-23,175.61,,,,,,,
JH교래2,2015-06-24,175.52,,,,,,,
JH교래2,2015-06-25,175.44,,,,,,,
JH교래2,2015-06-26,175.3,,,,,,,
JH교래2,2015-06-27,175.14,,,,,,,
JH교래2,2015-06-28,175.06,,,,,,,
JH교래2,2015-06-29,175.0,,,,,,,
JH교래2,2015-06-30,174.91,,,,,,,
JH교래2,2015-07-01,174.73,,,,,,,
JH교래2,2015-07-02,174.6,,,,,,,
JH교래2,2015-07-03,174.47,,,,,,,
JH교래2,2015-07-04,174.36,,,,,,,
JH교래2,2015-07-05,174.24,,,,,,,
JH교래2,2015-07-06,174.12,,,,,,,
JH교래2,2015-07-07,173.99,,,,,,,
JH교래2,2015-07-08,173.83,,,,,,,
JH교래2,2015-07-09,173.7,,,,,,,
JH교래2,2015-07-10,173.64,,,,,,,
JH교래2,2015-07-11,173.57,,,,,,,
JH교래2,2015-07-12,173.4,,,,,,,
JH교래2,2015-07-13,173.2,,,,,,,
JH교래2,2015-07-14,173.18,,,,,,,
JH교래2,2015-07-15,173.2,,,,,,,
JH교래2,2015-07-16,173.33,,,,,,,
JH교래2,2015-07-17,173.52,,,,,,,
JH교래2,2015-07-18,173.79,,,,,,,
JH교래2,2015-07-19,174.22,,,,,,,
JH교래2,2015-07-20,174.82,,,,,,,
JH교래2,2015-07-21,175.48,,,,,,,
JH교래2,2015-07-22,176.19,,,,,,,
JH교래2,2015-07-23,176.89,,,,,,,
JH교래2,2015-07-24,177.53,,,,,,,
JH교래2,2015-07-25,178.05,,,,,,,
JH교래2,2015-07-26,178.53,,,,,,,
JH교래2,2015-07-27,178.94,,,,,,,
JH교래2,2015-07-28,179.26,,,,,,,
JH교래2,2015-07-29,179.55,,,,,,,
JH교래2,2015-07-30,179.78,,,,,,,
JH교래2,2015-07-31,179.99,,,,,,,
JH교래2,2015-08-01,180.12,,,,,,,
JH교래2,2015-08-04,180.24,,,,,,,
JH교래2,2015-08-05,180.25,,,,,,,
JH교래2,2015-08-06,180.32,,,,,,,
JH교래2,2015-08-07,180.38,,,,,,,
JH교래2,2015-08-08,180.42,,,,,,,
JH교래2,2015-08-09,180.44,,,,,,,
JH교래2,2015-08-10,180.43,,,,,,,
JH교래2,2015-08-11,180.42,,,,,,,
JH교래2,2015-08-12,180.39,,,,,,,
JH교래2,2015-08-13,180.38,,,,,,,
JH교래2,2015-08-14,180.35,,,,,,,
JH교래2,2015-08-15,180.25,,,,,,,
JH교래2,2015-08-16,180.12,,,,,,,
JH교래2,2015-08-17,180.06,,,,,,,
JH교래2,2015-08-18,179.99,,,,,,,
JH교래2,2015-08-19,179.93,,,,,,,
JH교래2,2015-08-20,179.81,,,,,,,
JH교래2,2015-08-21,179.7,,,,,,,
JH교래2,2015-08-22,179.62,,,,,,,
JH교래2,2015-08-23,179.53,,,,,,,
JH교래2,2015-08-24,179.43,,,,,,,
JH교래2,2015-08-25,179.2,,,,,,,
JH교래2,2015-08-26,179.09,,,,,,,
JH교래2,2015-08-27,178.99,,,,,,,
JH교래2,2015-08-28,178.88,,,,,,,
JH교래2,2015-08-29,178.79,,,,,,,
JH교래2,2015-08-30,178.65,,,,,,,
JH교래2,2015-08-31,178.53,,,,,,,
JH교래2,2015-09-01,178.39,,,,,,,
JH교래2,2015-09-02,178.28,,,,,,,
JH교래2,2015-09-03,178.17,,,,,,,
JH교래2,2015-09-04,178.11,,,,,,,
JH교래2,2015-09-11,176.87,,,,,,,
JH교래2,2015-09-12,176.83,,,,,,,
JH교래2,2015-09-13,176.83,,,,,,,
JH교래2,2015-09-14,176.81,,,,,,,
JH교래2,2015-09-15,176.81,,,,,,,
JH교래2,2015-09-16,176.83,,,,,,,
JH교래2,2015-09-17,176.85,,,,,,,
JH교래2,2015-09-18,176.87,,,,,,,
JH교래2,2015-09-19,176.91,,,,,,,
JH교래2,2015-09-20,176.93,,,,,,,
JH교래2,2015-09-21,176.97,,,,,,,
JH교래2,2015-09-22,177.01,,,,,,,
JH교래2,2015-09-23,177.04,,,,,,,
JH교래2,2015-09-24,177.01,,,,,,,
JH교래2,2015-09-25,177.03,,,,,,,
JH교래2,2015-09-26,177.07,,,,,,,
JH교래2,2015-09-27,177.11,,,,,,,
JH교래2,2015-09-28,177.14,,,,,,,
JH교래2,2015-09-29,177.17,,,,,,,
JH교래2,2015-09-30,177.19,,,,,,,
JH교래2,2015-10-01,177.17,,,,,,,
JH교래2,2015-10-02,177.11,,,,,,,
JH교래2,2015-10-03,177.15,,,,,,,
JH교래2,2015-10-04,177.18,,,,,,,
JH교래2,2015-10-05,177.22,,,,,,,
JH교래2,2015-10-06,177.23,,,,,,,
JH교래2,2015-10-07,177.27,,,,,,,
JH교래2,2015-10-08,177.3,,,,,,,
JH교래2,2015-10-09,177.36,,,,,,,
JH교래2,2015-10-10,177.45,,,,,,,
JH교래2,2015-10-11,177.52,,,,,,,
JH교래2,2015-10-12,177.66,,,,,,,
JH교래2,2015-10-13,177.79,,,,,,,
JH교래2,2015-10-14,177.92,,,,,,,
JH교래2,2015-10-15,178.03,,,,,,,
JH교래2,2015-10-16,178.15,,,,,,,
JH교래2,2015-10-17,178.27,,,,,,,
JH교래2,2015-10-18,178.37,,,,,,,
JH교래2,2015-10-19,178.45,,,,,,,
JH교래2,2015-10-20,178.52,,,,,,,
JH교래2,2015-10-21,178.59,,,,,,,
JH교래2,2015-10-22,178.65,,,,,,,
JH교래2,2015-10-23,178.71,,,,,,,
JH교래2,2015-10-24,178.73,,,,,,,
JH교래2,2015-10-25,178.77,,,,,,,
JH교래2,2015-10-26,178.8,,,,,,,
JH교래2,2015-10-27,178.77,,,,,,,
JH교래2,2015-10-28,178.72,,,,,,,
JH교래2,2015-10-29,178.72,,,,,,,
JH교래2,2015-10-30,178.7,,,,,,,
JH교래2,2015-10-31,178.71,,,,,,,
JH교래2,2015-11-01,178.67,,,,,,,
JH교래2,2015-11-02,178.62,,,,,,,
JH교래2,2015-11-03,178.57,,,,,,,
JH교래2,2015-11-04,178.54,,,,,,,
JH교래2,2015-11-05,178.47,,,,,,,
JH교래2,2015-11-06,178.42,,,,,,,
JH교래2,2015-11-07,178.34,,,,,,,
JH교래2,2015-11-08,178.23,,,,,,,
JH교래2,2015-11-09,178.14,,,,,,,
JH교래2,2015-11-10,178.08,,,,,,,
JH교래2,2015-11-11,178.02,,,,,,,
JH교래2,2015-11-12,177.97,,,,,,,
JH교래2,2015-11-13,177.87,,,,,,,
JH교래2,2015-11-14,177.74,,,,,,,
JH교래2,2015-11-15,177.65,,,,,,,
JH교래2,2015-11-16,177.57,,,,,,,
JH교래2,2015-11-17,177.46,,,,,,,
JH교래2,2015-11-18,177.38,,,,,,,
JH교래2,2015-11-19,177.29,,,,,,,
JH교래2,2015-11-20,177.21,,,,,,,
JH교래2,2015-11-21,177.12,,,,,,,
JH교래2,2015-11-22,177.04,,,,,,,
JH교래2,2015-11-23,176.95,,,,,,,
JH교래2,2015-11-24,176.85,,,,,,,
JH교래2,2015-11-25,176.74,,,,,,,
JH교래2,2015-11-26,176.64,,,,,,,
JH교래2,2015-11-27,176.55,,,,,,,
JH교래2,2015-11-28,176.5,,,,,,,
JH교래2,2015-11-29,176.44,,,,,,,
JH교래2,2015-11-30,176.38,,,,,,,
JH교래2,2015-12-01,176.32,,,,,,,
JH교래2,2015-12-02,176.27,,,,,,,
JH교래2,2015-12-03,176.19,,,,,,,
JH교래2,2015-12-04,176.15,,,,,,,
JH교래2,2015-12-05,176.16,,,,,,,
JH교래2,2015-12-06,176.15,,,,,,,
JH교래2,2015-12-07,176.14,,,,,,,
JH교래2,2015-12-08,176.15,,,,,,,
JH교래2,2015-12-09,176.16,,,,,,,
JH교래2,2015-12-10,176.16,,,,,,,
JH교래2,2015-12-11,176.04,,,,,,,
JH교래2,2015-12-12,176.05,,,,,,,
JH교래2,2015-12-13,176.08,,,,,,,
JH교래2,2015-12-14,176.12,,,,,,,
JH교래2,2015-12-15,176.12,,,,,,,
JH교래2,2015-12-16,176.13,,,,,,,
JH교래2,2015-12-17,176.13,,,,,,,
JH교래2,2015-12-18,176.17,,,,,,,
JH교래2,2015-12-19,176.18,,,,,,,
JH교래2,2015-12-20,176.21,,,,,,,
JH교래2,2015-12-21,176.17,,,,,,,
JH교래2,2015-12-22,176.15,,,,,,,
JH교래2,2015-12-23,176.14,,,,,,,
JH교래2,2015-12-24,176.11,,,,,,,
JH교래2,2015-12-25,176.09,,,,,,,
JH교래2,2015-12-26,176.09,,,,,,,
JH교래2,2015-12-27,176.08,,,,,,,
JH교래2,2015-12-28,176.1,,,,,,,
JH교래2,2015-12-29,176.06,,,,,,,
JH교래2,2015-12-30,176.0,,,,,,,
JH교래2,2015-12-31,175.97,,,,,,,
JH교래2,2016-01-01,175.96,,,,,,,
JH교래2,2016-01-02,175.93,,,,,,,
JH교래2,2016-01-03,175.87,,,,,,,
JH교래2,2016-01-04,175.84,,,,,,,
JH교래2,2016-01-05,175.83,,,,,,,
JH교래2,2016-01-06,175.79,,,,,,,
JH교래2,2016-01-07,175.75,,,,,,,
JH교래2,2016-01-08,175.7,,,,,,,
JH교래2,2016-01-09,175.65,,,,,,,
JH교래2,2016-01-10,175.61,,,,,,,
JH교래2,2016-01-11,175.56,,,,,,,
JH교래2,2016-01-12,175.49,,,,,,,
JH교래2,2016-01-13,175.42,,,,,,,
JH교래2,2016-01-14,175.33,,,,,,,
JH교래2,2016-01-15,175.32,,,,,,,
JH교래2,2016-02-05,173.87,,,,,,,
JH교래2,2016-02-06,173.78,,,,,,,
JH교래2,2016-02-07,173.7,,,,,,,
JH교래2,2016-02-08,173.61,,,,,,,
JH교래2,2016-02-09,173.47,,,,,,,
JH교래2,2016-02-10,173.35,,,,,,,
JH교래2,2016-02-11,173.27,,,,,,,
JH교래2,2016-02-12,173.18,,,,,,,
JH교래2,2016-02-13,173.05,,,,,,,
JH교래2,2016-02-14,172.89,,,,,,,
JH교래2,2016-02-15,172.82,,,,,,,
JH교래2,2016-02-16,172.8,,,,,,,
JH교래2,2016-02-17,172.76,,,,,,,
JH교래2,2016-02-18,172.75,,,,,,,
JH교래2,2016-02-19,172.77,,,,,,,
JH교래2,2016-02-20,172.76,,,,,,,
JH교래2,2016-02-21,172.73,,,,,,,
JH교래2,2016-02-22,172.86,,,,,,,
JH교래2,2016-02-23,173.01,,,,,,,
JH교래2,2016-02-24,173.17,,,,,,,
JH교래2,2016-02-25,173.31,,,,,,,
JH교래2,2016-02-26,173.47,,,,,,,
JH교래2,2016-02-27,173.6,,,,,,,
JH교래2,2016-02-28,173.76,,,,,,,
JH교래2,2016-02-29,173.93,,,,,,,
JH교래2,2016-03-01,174.14,,,,,,,
JH교래2,2016-03-02,174.36,,,,,,,
JH교래2,2016-03-03,174.56,,,,,,,
JH교래2,2016-03-04,174.7,,,,,,,
JH교래2,2016-03-05,174.87,,,,,,,
JH교래2,2016-03-06,174.99,,,,,,,
JH교래2,2016-03-07,175.1,,,,,,,
JH교래2,2016-03-08,175.2,,,,,,,
JH교래2,2016-03-09,175.3,,,,,,,
JH교래2,2016-03-10,175.38,,,,,,,
JH교래2,2016-03-11,175.46,,,,,,,
JH교래2,2016-03-12,175.53,,,,,,,
JH교래2,2016-03-13,175.59,,,,,,,
JH교래2,2016-03-14,175.61,,,,,,,
JH교래2,2016-03-15,175.65,,,,,,,
JH교래2,2016-03-16,175.68,,,,,,,
JH교래2,2016-03-17,175.71,,,,,,,
JH교래2,2016-03-18,175.74,,,,,,,
JH교래2,2016-03-19,175.69,,,,,,,
JH교래2,2016-03-20,175.72,,,,,,,
JH교래2,2016-03-21,175.78,,,,,,,
JH교래2,2016-03-22,175.83,,,,,,,
JH교래2,2016-03-23,175.85,,,,,,,
JH교래2,2016-03-24,175.88,,,,,,,
JH교래2,2016-03-25,175.93,,,,,,,
JH교래2,2016-03-26,175.96,,,,,,,
JH교래2,2016-03-27,175.97,,,,,,,
JH교래2,2016-03-28,175.98,,,,,,,
JH교래2,2016-03-29,176.0,,,,,,,
JH교래2,2016-03-30,176.01,,,,,,,
JH교래2,2016-03-31,176.02,,,,,,,
JH교래2,2016-04-01,176.01,,,,,,,
JH교래2,2016-04-02,175.98,,,,,,,
JH교래2,2016-04-03,176.0,,,,,,,
JH교래2,2016-04-04,175.97,,,,,,,
JH교래2,2016-04-05,175.94,,,,,,,
JH교래2,2016-04-06,175.95,,,,,,,
JH교래2,2016-04-07,175.91,,,,,,,
JH교래2,2016-04-08,175.86,,,,,,,
JH교래2,2016-04-09,175.89,,,,,,,
JH교래2,2016-04-10,175.82,,,,,,,
JH교래2,2016-04-11,175.75,,,,,,,
JH교래2,2016-04-12,175.73,,,,,,,
JH교래2,2016-04-13,175.68,,,,,,,
JH교래2,2016-04-14,175.56,,,,,,,
JH교래2,2016-04-15,175.52,,,,,,,
JH교래2,2016-04-16,175.51,,,,,,,
JH교래2,2016-04-17,175.38,,,,,,,
JH교래2,2016-04-18,175.32,,,,,,,
JH교래2,2016-04-19,175.28,,,,,,,
JH교래2,2016-04-20,175.28,,,,,,,
JH교래2,2016-04-21,175.25,,,,,,,
JH교래2,2016-04-22,175.16,,,,,,,
JH교래2,2016-04-23,175.15,,,,,,,
JH교래2,2016-04-24,175.21,,,,,,,
JH교래2,2016-04-25,175.33,,,,,,,
JH교래2,2016-04-26,175.5,,,,,,,
JH교래2,2016-04-27,175.7,,,,,,,
JH교래2,2016-04-28,175.83,,,,,,,
JH교래2,2016-04-29,176.03,,,,,,,
JH교래2,2016-04-30,176.27,,,,,,,
JH교래2,2016-05-01,176.47,,,,,,,
JH교래2,2016-05-02,176.67,,,,,,,
JH교래2,2016-05-03,176.86,,,,,,,
JH교래2,2016-05-04,176.98,,,,,,,
JH교래2,2016-05-05,177.17,,,,,,,
JH교래2,2016-05-06,177.35,,,,,,,
JH교래2,2016-05-07,177.46,,,,,,,
JH교래2,2016-05-08,177.61,,,,,,,
JH교래2,2016-05-09,177.75,,,,,,,
JH교래2,2016-05-10,177.85,,,,,,,
JH교래2,2016-05-11,177.94,,,,,,,
JH교래2,2016-05-12,178.09,,,,,,,
JH교래2,2016-05-13,178.23,,,,,,,
JH교래2,2016-05-14,178.4,,,,,,,
JH교래2,2016-05-15,178.53,,,,,,,
JH교래2,2016-05-16,178.62,,,,,,,
JH교래2,2016-05-17,178.76,,,,,,,
JH교래2,2016-05-18,178.88,,,,,,,
JH교래2,2016-05-19,179.0,,,,,,,
JH교래2,2016-05-20,179.1,,,,,,,
JH교래2,2016-05-21,179.18,,,,,,,
JH교래2,2016-05-22,179.25,,,,,,,
JH교래2,2016-05-23,179.31,,,,,,,
JH교래2,2016-05-24,179.36,,,,,,,
JH교래2,2016-05-25,179.4,,,,,,,
JH교래2,2016-05-26,179.45,,,,,,,
JH교래2,2016-05-27,179.49,,,,,,,
JH교래2,2016-05-28,179.51,,,,,,,
JH교래2,2016-05-29,179.47,,,,,,,
JH교래2,2016-05-30,179.43,,,,,,,
JH교래2,2016-05-31,179.46,,,,,,,
JH교래2,2016-06-01,179.45,,,,,,,
JH교래2,2016-06-02,179.44,,,,,,,
JH교래2,2016-06-03,179.45,,,,,,,
JH교래2,2016-06-04,179.42,,,,,,,
JH교래2,2016-06-05,179.38,,,,,,,
JH교래2,2016-06-06,179.37,,,,,,,
JH교래2,2016-06-07,179.34,,,,,,,
JH교래2,2016-06-08,179.29,,,,,,,
JH교래2,2016-06-09,179.24,,,,,,,
JH교래2,2016-06-10,179.2,,,,,,,
JH교래2,2016-06-11,179.15,,,,,,,
JH교래2,2016-06-12,179.09,,,,,,,
JH교래2,2016-06-13,178.99,,,,,,,
JH교래2,2016-06-14,178.91,,,,,,,
JH교래2,2016-06-15,178.85,,,,,,,
JH교래2,2016-06-16,178.75,,,,,,,
JH교래2,2016-06-17,178.67,,,,,,,
JH교래2,2016-06-18,178.62,,,,,,,
JH교래2,2016-06-19,178.55,,,,,,,
JH교래2,2016-06-20,178.46,,,,,,,
JH교래2,2016-06-21,178.35,,,,,,,
JH교래2,2016-06-22,178.27,,,,,,,
JH교래2,2016-06-23,178.14,,,,,,,
JH교래2,2016-06-24,178.05,,,,,,,
JH교래2,2016-06-25,177.92,,,,,,,
JH교래2,2016-06-26,177.85,,,,,,,
JH교래2,2016-06-27,177.76,,,,,,,
JH교래2,2016-06-28,177.65,,,,,,,
JH교래2,2016-06-29,177.55,,,,,,,
JH교래2,2016-06-30,177.44,,,,,,,
JH교래2,2016-07-01,177.32,,,,,,,
JH교래2,2016-07-02,177.16,,,,,,,
JH교래2,2016-07-03,177.03,,,,,,,
JH교래2,2016-07-04,176.92,,,,,,,
JH교래2,2016-07-05,176.82,,,,,,,
JH교래2,2016-07-06,176.73,,,,,,,
JH교래2,2016-07-07,176.63,,,,,,,
JH교래2,2016-07-08,176.54,,,,,,,
JH교래2,2016-07-09,176.42,,,,,,,
JH교래2,2016-07-10,176.32,,,,,,,
JH교래2,2016-07-11,176.23,,,,,,,
JH교래2,2016-07-12,176.17,,,,,,,
JH교래2,2016-07-18,175.96,,,,,,,
JH교래2,2016-07-19,176.03,,,,,,,
JH교래2,2016-07-20,176.14,,,,,,,
JH교래2,2016-07-21,176.25,,,,,,,
JH교래2,2016-07-22,176.37,,,,,,,
JH교래2,2016-07-23,176.5,,,,,,,
JH교래2,2016-07-24,176.64,,,,,,,
JH교래2,2016-07-25,176.78,,,,,,,
JH교래2,2016-07-26,176.93,,,,,,,
JH교래2,2016-07-27,177.03,,,,,,,
JH교래2,2016-07-28,177.15,,,,,,,
JH교래2,2016-07-29,177.26,,,,,,,
JH교래2,2016-07-30,177.39,,,,,,,
JH교래2,2016-07-31,177.49,,,,,,,
JH교래2,2016-08-01,177.56,,,,,,,
JH교래2,2016-08-02,177.62,,,,,,,
JH교래2,2016-08-03,177.67,,,,,,,
JH교래2,2016-08-04,177.73,,,,,,,
JH교래2,2016-08-05,177.78,,,,,,,
JH교래2,2016-08-06,177.81,,,,,,,
JH교래2,2016-08-07,177.82,,,,,,,
JH교래2,2016-08-08,177.82,,,,,,,
JH교래2,2016-08-09,177.82,,,,,,,
JH교래2,2016-08-10,177.81,,,,,,,
JH교래2,2016-08-11,177.81,,,,,,,
JH교래2,2016-08-12,177.81,,,,,,,
JH교래2,2016-08-13,177.77,,,,,,,
JH교래2,2016-08-14,177.73,,,,,,,
JH교래2,2016-08-15,177.69,,,,,,,
JH교래2,2016-08-16,177.63,,,,,,,
JH교래2,2016-08-17,177.57,,,,,,,
JH교래2,2016-08-18,177.53,,,,,,,
JH교래2,2016-08-19,177.48,,,,,,,
JH교래2,2016-08-20,177.41,,,,,,,
JH교래2,2016-08-21,177.34,,,,,,,
JH교래2,2016-08-22,177.26,,,,,,,
JH교래2,2016-08-23,177.19,,,,,,,
JH교래2,2016-08-24,177.11,,,,,,,
JH교래2,2016-08-25,177.02,,,,,,,
JH교래2,2016-08-26,176.93,,,,,,,
JH교래2,2016-08-27,176.83,,,,,,,
JH교래2,2016-08-28,176.73,,,,,,,
JH교래2,2016-08-29,176.59,,,,,,,
JH교래2,2016-08-30,176.49,,,,,,,
JH교래2,2016-08-31,176.34,,,,,,,
JH교래2,2016-09-01,176.23,,,,,,,
JH교래2,2016-09-02,176.15,,,,,,,
JH교래2,2016-09-03,176.04,,,,,,,
JH교래2,2016-09-04,175.91,,,,,,,
JH교래2,2016-09-05,175.84,,,,,,,
JH교래2,2016-09-06,175.84,,,,,,,
JH교래2,2016-09-07,175.69,,,,,,,
JH교래2,2016-09-08,175.53,,,,,,,
JH교래2,2016-09-09,175.36,,,,,,,
JH교래2,2016-09-10,175.24,,,,,,,
JH교래2,2016-09-11,175.11,,,,,,,
JH교래2,2016-09-12,174.98,,,,,,,
JH교래2,2016-09-13,174.84,,,,,,,
JH교래2,2016-09-14,174.69,,,,,,,
JH교래2,2016-09-15,174.59,,,,,,,
JH교래2,2016-09-16,174.44,,,,,,,
JH교래2,2016-09-17,174.24,,,,,,,
JH교래2,2016-09-18,174.04,,,,,,,
JH교래2,2016-09-19,173.89,,,,,,,
JH교래2,2016-09-20,173.71,,,,,,,
JH교래2,2016-09-21,173.6,,,,,,,
JH교래2,2016-09-22,173.51,,,,,,,
JH교래2,2016-09-23,173.37,,,,,,,
JH교래2,2016-09-24,173.22,,,,,,,
JH교래2,2016-09-25,173.09,,,,,,,
JH교래2,2016-09-26,172.98,,,,,,,
JH교래2,2016-09-27,172.91,,,,,,,
JH교래2,2016-09-28,172.79,,,,,,,
JH교래2,2016-09-29,172.67,,,,,,,
JH교래2,2016-09-30,172.61,,,,,,,
JH교래2,2016-10-01,172.49,,,,,,,
JH교래2,2016-10-02,172.41,,,,,,,
JH교래2,2016-10-03,172.33,,,,,,,
JH교래2,2016-10-04,172.24,,,,,,,
JH교래2,2016-10-05,172.13,,,,,,,
JH교래2,2016-10-06,172.06,,,,,,,
JH교래2,2016-10-07,172.18,,,,,,,
JH교래2,2016-10-08,172.25,,,,,,,
JH교래2,2016-10-09,172.23,,,,,,,
JH교래2,2016-10-10,172.28,,,,,,,
JH교래2,2016-10-11,172.39,,,,,,,
JH교래2,2016-10-12,172.46,,,,,,,
JH교래2,2016-10-13,172.66,,,,,,,
JH교래2,2016-10-14,172.87,,,,,,,
JH교래2,2016-10-15,173.17,,,,,,,
JH교래2,2016-10-16,173.44,,,,,,,
JH교래2,2016-10-17,173.69,,,,,,,
JH교래2,2016-10-18,173.96,,,,,,,
JH교래2,2016-10-19,174.25,,,,,,,
JH교래2,2016-10-20,174.52,,,,,,,
JH교래2,2016-10-21,174.89,,,,,,,
JH교래2,2016-10-22,175.27,,,,,,,
JH교래2,2016-10-23,175.55,,,,,,,
JH교래2,2016-10-24,175.87,,,,,,,
JH교래2,2016-10-25,176.14,,,,,,,
JH교래2,2016-10-26,176.33,,,,,,,
JH교래2,2016-10-27,176.52,,,,,,,
JH교래2,2016-10-28,176.72,,,,,,,
JH교래2,2016-10-29,176.83,,,,,,,
JH교래2,2016-10-30,176.99,,,,,,,
JH교래2,2016-10-31,177.13,,,,,,,
JH교래2,2016-11-01,177.23,,,,,,,
JH교래2,2016-11-02,177.33,,,,,,,
JH교래2,2016-11-03,177.4,,,,,,,
JH교래2,2016-11-04,177.44,,,,,,,
JH교래2,2016-11-05,177.45,,,,,,,
JH교래2,2016-11-06,177.44,,,,,,,
JH교래2,2016-11-07,177.49,,,,,,,
JH교래2,2016-11-08,177.5,,,,,,,
JH교래2,2016-11-09,177.5,,,,,,,
JH교래2,2016-11-10,177.53,,,,,,,
JH교래2,2016-11-11,177.47,,,,,,,
JH교래2,2016-11-12,177.45,,,,,,,
JH교래2,2016-11-13,177.44,,,,,,,
JH교래2,2016-11-14,177.41,,,,,,,
JH교래2,2016-11-15,177.31,,,,,,,
JH교래2,2016-11-16,177.29,,,,,,,
JH교래2,2016-11-17,177.23,,,,,,,
JH교래2,2016-11-18,177.2,,,,,,,
JH교래2,2016-11-19,177.1,,,,,,,
JH교래2,2016-11-20,177.01,,,,,,,
JH교래2,2016-11-21,176.96,,,,,,,
JH교래2,2016-11-22,176.86,,,,,,,
JH교래2,2016-11-23,176.81,,,,,,,
JH교래2,2016-11-24,176.73,,,,,,,
JH교래2,2016-11-25,176.66,,,,,,,
JH교래2,2016-11-26,176.59,,,,,,,
JH교래2,2016-11-27,176.45,,,,,,,
JH교래2,2016-11-28,176.33,,,,,,,
JH교래2,2016-11-29,176.24,,,,,,,
JH교래2,2016-11-30,176.16,,,,,,,
JH교래2,2016-12-01,176.0,,,,,,,
JH교래2,2016-12-02,175.91,,,,,,,
JH교래2,2016-12-03,175.81,,,,,,,
JH교래2,2016-12-04,175.68,,,,,,,
JH교래2,2016-12-05,175.51,,,,,,,
JH교래2,2016-12-06,175.38,,,,,,,
JH교래2,2016-12-07,175.28,,,,,,,
JH교래2,2016-12-08,175.16,,,,,,,
JH교래2,2016-12-09,174.98,,,,,,,
JH교래2,2016-12-10,174.83,,,,,,,
JH교래2,2016-12-11,174.7,,,,,,,
JH교래2,2016-12-12,174.6,,,,,,,
JH교래2,2016-12-13,174.47,,,,,,,
JH교래2,2016-12-14,174.29,,,,,,,
JH교래2,2016-12-15,174.14,,,,,,,
JH교래2,2016-12-16,173.99,,,,,,,
JH교래2,2016-12-17,173.87,,,,,,,
JH교래2,2016-12-18,173.74,,,,,,,
JH교래2,2016-12-19,173.59,,,,,,,
JH교래2,2016-12-20,173.41,,,,,,,
JH교래2,2016-12-21,173.3,,,,,,,
JH교래2,2016-12-22,173.14,,,,,,,
JH교래2,2016-12-23,172.97,,,,,,,
JH교래2,2016-12-24,172.86,,,,,,,
JH교래2,2016-12-25,172.77,,,,,,,
JH교래2,2016-12-26,172.68,,,,,,,
JH교래2,2016-12-27,172.5,,,,,,,
JH교래2,2016-12-28,172.42,,,,,,,
JH교래2,2016-12-29,172.37,,,,,,,
JH교래2,2016-12-30,172.23,,,,,,,
JH교래2,2016-12-31,172.19,,,,,,,
JH교래2,2017-01-01,172.1,,,,,,,
JH교래2,2017-01-02,172.0,,,,,,,
JH교래2,2017-01-03,171.88,,,,,,,
JH교래2,2017-01-04,171.8,,,,,,,
JH교래2,2017-01-05,171.71,,,,,,,
JH교래2,2017-01-06,171.67,,,,,,,
JH교래2,2017-01-07,171.6,,,,,,,
JH교래2,2017-01-08,171.5,,,,,,,
JH교래2,2017-01-09,171.39,,,,,,,
JH교래2,2017-01-10,171.35,,,,,,,
JH교래2,2017-01-11,171.31,,,,,,,
JH교래2,2017-01-12,171.28,,,,,,,
JH교래2,2017-01-13,171.18,,,,,,,
JH교래2,2017-01-14,171.09,,,,,,,
JH교래2,2017-01-15,171.08,,,,,,,
JH교래2,2017-01-16,171.06,,,,,,,
JH교래2,2017-01-17,170.99,,,,,,,
JH교래2,2017-01-18,170.97,,,,,,,
JH교래2,2017-01-19,170.9,,,,,,,
JH교래2,2017-01-20,170.79,,,,,,,
JH교래2,2017-01-21,170.75,,,,,,,
JH교래2,2017-01-22,170.72,,,,,,,
JH교래2,2017-01-23,170.63,,,,,,,
JH교래2,2017-01-24,170.59,,,,,,,
JH교래2,2017-01-25,170.57,,,,,,,
JH교래2,2017-01-26,170.53,,,,,,,
JH교래2,2017-01-27,170.44,,,,,,,
JH교래2,2017-01-28,170.4,,,,,,,
JH교래2,2017-01-29,170.33,,,,,,,
JH교래2,2017-01-30,170.18,,,,,,,
JH교래2,2017-01-31,170.16,,,,,,,
JH교래2,2017-02-01,170.11,,,,,,,
JH교래2,2017-02-02,170.08,,,,,,,
JH교래2,2017-02-03,170.04,,,,,,,
JH교래2,2017-02-04,169.96,,,,,,,
JH교래2,2017-02-05,169.86,,,,,,,
JH교래2,2017-02-06,169.76,,,,,,,
JH교래2,2017-02-07,169.75,,,,,,,
JH교래2,2017-02-08,169.71,,,,,,,
JH교래2,2017-02-09,169.63,,,,,,,
JH교래2,2017-02-10,169.53,,,,,,,
JH교래2,2017-02-11,169.46,,,,,,,
JH교래2,2017-02-12,169.42,,,,,,,
JH교래2,2017-02-13,169.4,,,,,,,
JH교래2,2017-02-14,169.36,,,,,,,
JH교래2,2017-02-15,169.32,,,,,,,
JH교래2,2017-02-16,169.24,,,,,,,
JH교래2,2017-02-17,169.11,,,,,,,
JH교래2,2017-02-18,169.05,,,,,,,
JH교래2,2017-02-19,169.02,,,,,,,
JH교래2,2017-02-20,168.88,,,,,,,
JH교래2,2017-02-21,168.78,,,,,,,
JH교래2,2017-02-22,168.84,,,,,,,
JH교래2,2017-02-23,168.67,,,,,,,
JH교래2,2017-02-24,168.6,,,,,,,
JH교래2,2017-02-25,168.59,,,,,,,
JH교래2,2017-02-26,168.49,,,,,,,
JH교래2,2017-02-27,168.41,,,,,,,
JH교래2,2017-02-28,168.37,,,,,,,
JH교래2,2017-03-01,168.3,,,,,,,
JH교래2,2017-03-02,168.13,,,,,,,
JH교래2,2017-03-03,168.02,,,,,,,
JH교래2,2017-03-04,167.95,,,,,,,
JH교래2,2017-03-05,167.85,,,,,,,
JH교래2,2017-03-06,167.71,,,,,,,
JH교래2,2017-03-07,167.61,,,,,,,
JH교래2,2017-03-08,167.51,,,,,,,
JH교래2,2017-03-09,167.39,,,,,,,
JH교래2,2017-03-10,167.28,,,,,,,
JH교래2,2017-03-11,167.28,,,,,,,
JH교래2,2017-03-12,167.27,,,,,,,
JH교래2,2017-03-13,167.24,,,,,,,
JH교래2,2017-03-14,167.17,,,,,,,
JH교래2,2017-03-15,167.09,,,,,,,
JH교래2,2017-03-16,167.06,,,,,,,
JH교래2,2017-03-17,167.01,,,,,,,
JH교래2,2017-03-18,166.99,,,,,,,
JH교래2,2017-03-19,166.94,,,,,,,
JH교래2,2017-03-20,166.92,,,,,,,
JH교래2,2017-03-21,166.8,,,,,,,
JH교래2,2017-03-22,166.74,,,,,,,
JH교래2,2017-03-23,166.7,,,,,,,
JH교래2,2017-03-24,166.66,,,,,,,
JH교래2,2017-03-25,166.61,,,,,,,
JH교래2,2017-03-26,166.57,,,,,,,
JH교래2,2017-03-27,166.52,,,,,,,
JH교래2,2017-03-28,166.5,,,,,,,
JH교래2,2017-03-29,166.5,,,,,,,
JH교래2,2017-03-30,166.44,,,,,,,
JH교래2,2017-03-31,166.39,,,,,,,
JH교래2,2017-04-01,166.3,,,,,,,
JH교래2,2017-04-02,166.22,,,,,,,
JH교래2,2017-04-03,166.2,,,,,,,
JH교래2,2017-04-04,166.19,,,,,,,
JH교래2,2017-04-05,166.17,,,,,,,
JH교래2,2017-04-06,166.02,,,,,,,
JH교래2,2017-04-07,165.93,,,,,,,
JH교래2,2017-04-08,165.9,,,,,,,
JH교래2,2017-04-09,165.8,,,,,,,
JH교래2,2017-04-10,165.8,,,,,,,
JH교래2,2017-04-11,165.69,,,,,,,
JH교래2,2017-04-12,165.64,,,,,,,
JH교래2,2017-04-13,165.68,,,,,,,
JH교래2,2017-04-14,165.69,,,,,,,
JH교래2,2017-04-15,165.59,,,,,,,
JH교래2,2017-04-16,165.56,,,,,,,
JH교래2,2017-04-17,165.55,,,,,,,
JH교래2,2017-04-18,165.44,,,,,,,
JH교래2,2017-04-19,165.37,,,,,,,
JH교래2,2017-04-20,165.4,,,,,,,
JH교래2,2017-04-21,165.32,,,,,,,
JH교래2,2017-04-22,165.23,,,,,,,
JH교래2,2017-04-23,165.21,,,,,,,
JH교래2,2017-04-24,165.22,,,,,,,
JH교래2,2017-04-25,165.21,,,,,,,
JH교래2,2017-04-26,165.2,,,,,,,
JH교래2,2017-04-27,165.13,,,,,,,
JH교래2,2017-04-28,165.12,,,,,,,
JH교래2,2017-04-29,164.99,,,,,,,
JH교래2,2017-04-30,164.98,,,,,,,
JH교래2,2017-05-01,164.94,,,,,,,
JH교래2,2017-05-02,164.95,,,,,,,
JH교래2,2017-05-03,164.92,,,,,,,
JH교래2,2017-05-04,164.92,,,,,,,
JH교래2,2017-05-05,164.87,,,,,,,
JH교래2,2017-05-06,164.79,,,,,,,
JH교래2,2017-05-07,164.78,,,,,,,
JH교래2,2017-05-08,164.74,,,,,,,
JH교래2,2017-05-09,164.67,,,,,,,
JH교래2,2017-05-11,164.7,,,,,,,
JH교래2,2017-05-12,164.71,,,,,,,
JH교래2,2017-05-13,164.63,,,,,,,
JH교래2,2017-05-14,164.59,,,,,,,
JH교래2,2017-05-15,164.54,,,,,,,
JH교래2,2017-05-16,164.47,,,,,,,
JH교래2,2017-05-17,164.4,,,,,,,
JH교래2,2017-05-18,164.36,,,,,,,
JH교래2,2017-05-19,164.38,,,,,,,
JH교래2,2017-05-20,164.4,,,,,,,
JH교래2,2017-05-22,164.31,,,,,,,
JH교래2,2017-05-23,164.26,,,,,,,
JH교래2,2017-05-24,164.22,,,,,,,
JH교래2,2017-05-25,164.15,,,,,,,
JH교래2,2017-05-26,164.11,,,,,,,
JH교래2,2017-05-27,164.12,,,,,,,
JH교래2,2017-05-28,164.09,,,,,,,
JH교래2,2017-05-29,164.07,,,,,,,
JH교래2,2017-05-30,164.05,,,,,,,
JH교래2,2017-05-31,164.0,,,,,,,
JH교래2,2017-06-01,163.89,,,,,,,
JH교래2,2017-06-02,163.82,,,,,,,
JH교래2,2017-06-03,163.8,,,,,,,
JH교래2,2017-06-04,163.79,,,,,,,
JH교래2,2017-06-05,163.79,,,,,,,
JH교래2,2017-06-06,163.81,,,,,,,
JH교래2,2017-06-07,163.76,,,,,,,
JH교래2,2017-06-08,163.71,,,,,,,
JH교래2,2017-06-09,163.67,,,,,,,
JH교래2,2017-06-10,163.66,,,,,,,
JH교래2,2017-06-11,163.6,,,,,,,
JH교래2,2017-06-12,163.57,,,,,,,
JH교래2,2017-06-13,163.57,,,,,,,
JH교래2,2017-06-14,163.53,,,,,,,
JH교래2,2017-06-15,163.48,,,,,,,
JH교래2,2017-06-16,163.45,,,,,,,
JH교래2,2017-06-17,163.43,,,,,,,
JH교래2,2017-06-18,163.39,,,,,,,
JH교래2,2017-06-19,163.35,,,,,,,
JH교래2,2017-06-20,163.31,,,,,,,
JH교래2,2017-06-21,163.22,,,,,,,
JH교래2,2017-06-22,163.25,,,,,,,
JH교래2,2017-06-23,163.21,,,,,,,
JH교래2,2017-06-24,163.16,,,,,,,
JH교래2,2017-06-25,163.08,,,,,,,
JH교래2,2017-06-26,163.05,,,,,,,
JH교래2,2017-06-27,163.04,,,,,,,
JH교래2,2017-06-28,163.04,,,,,,,
JH교래2,2017-06-29,163.03,,,,,,,
JH교래2,2017-06-30,162.98,,,,,,,
JH교래2,2017-07-01,162.93,,,,,,,
JH교래2,2017-07-02,162.9,,,,,,,
JH교래2,2017-07-03,162.9,,,,,,,
JH교래2,2017-07-04,162.87,,,,,,,
JH교래2,2017-07-05,162.8,,,,,,,
JH교래2,2017-07-06,162.77,,,,,,,
JH교래2,2017-07-07,162.74,,,,,,,
JH교래2,2017-07-08,162.7,,,,,,,
JH교래2,2017-07-09,162.68,,,,,,,
JH교래2,2017-07-10,162.64,,,,,,,
JH교래2,2017-07-11,162.58,,,,,,,
JH교래2,2017-07-12,162.57,,,,,,,
JH교래2,2017-07-13,162.52,,,,,,,
JH교래2,2017-07-14,162.47,,,,,,,
JH교래2,2017-07-15,162.44,,,,,,,
JH교래2,2017-07-16,162.42,,,,,,,
JH교래2,2017-07-17,162.42,,,,,,,
JH교래2,2017-07-18,162.41,,,,,,,
JH교래2,2017-07-19,162.38,,,,,,,
JH교래2,2017-07-20,162.3,,,,,,,
JH교래2,2017-07-21,162.26,,,,,,,
JH교래2,2017-07-22,162.25,,,,,,,
JH교래2,2017-07-23,162.23,,,,,,,
JH교래2,2017-07-24,162.17,,,,,,,
JH교래2,2017-07-25,162.12,,,,,,,
JH교래2,2017-07-26,162.08,,,,,,,
JH교래2,2017-07-27,162.05,,,,,,,
JH교래2,2017-07-28,162.03,,,,,,,
JH교래2,2017-07-29,162.01,,,,,,,
JH교래2,2017-07-30,161.98,,,,,,,
JH교래2,2017-07-31,161.95,,,,,,,
JH교래2,2017-08-01,161.92,,,,,,,
JH교래2,2017-08-02,161.9,,,,,,,
JH교래2,2017-08-03,161.89,,,,,,,
JH교래2,2017-08-04,161.8,,,,,,,
JH교래2,2017-08-05,161.75,,,,,,,
JH교래2,2017-08-06,161.71,,,,,,,
JH교래2,2017-08-07,161.67,,,,,,,
JH교래2,2017-08-08,161.65,,,,,,,
JH교래2,2017-08-09,161.6,,,,,,,
JH교래2,2017-08-10,161.54,,,,,,,
JH교래2,2017-08-11,161.55,,,,,,,
JH교래2,2017-08-12,161.58,,,,,,,
JH교래2,2017-08-13,161.59,,,,,,,
JH교래2,2017-08-14,161.57,,,,,,,
JH교래2,2017-08-15,161.51,,,,,,,
JH교래2,2017-08-16,161.48,,,,,,,
JH교래2,2017-08-17,161.45,,,,,,,
JH교래2,2017-08-18,161.43,,,,,,,
JH교래2,2017-08-19,161.43,,,,,,,
JH교래2,2017-08-21,160.73,,,,,,,
JH교래2,2017-08-22,160.66,,,,,,,
JH교래2,2017-08-23,160.59,,,,,,,
JH교래2,2017-08-24,160.5,,,,,,,
JH교래2,2017-08-25,160.39,,,,,,,
JH교래2,2017-08-26,160.34,,,,,,,
JH교래2,2017-08-27,160.34,,,,,,,
JH교래2,2017-08-28,160.38,,,,,,,
JH교래2,2017-08-29,160.39,,,,,,,
JH교래2,2017-08-30,160.38,,,,,,,
JH교래2,2017-08-31,160.3,,,,,,,
JH교래2,2017-09-01,160.26,,,,,,,
JH교래2,2017-09-02,160.24,,,,,,,
JH교래2,2017-09-03,160.24,,,,,,,
JH교래2,2017-09-04,160.23,,,,,,,
JH교래2,2017-09-05,160.2,,,,,,,
JH교래2,2017-09-06,160.17,,,,,,,
JH교래2,2017-09-07,160.14,,,,,,,
JH교래2,2017-09-08,160.17,,,,,,,
JH교래2,2017-09-09,160.22,,,,,,,
JH교래2,2017-09-10,160.26,,,,,,,
JH교래2,2017-09-11,160.25,,,,,,,
JH교래2,2017-09-12,160.18,,,,,,,
JH교래2,2017-09-13,160.22,,,,,,,
JH교래2,2017-09-14,160.24,,,,,,,
JH교래2,2017-09-15,160.24,,,,,,,
JH교래2,2017-09-16,160.26,,,,,,,
JH교래2,2017-09-17,160.19,,,,,,,
JH교래2,2017-09-18,160.14,,,,,,,
JH교래2,2017-09-19,160.18,,,,,,,
JH교래2,2017-09-20,160.22,,,,,,,
JH교래2,2017-09-21,160.22,,,,,,,
JH교래2,2017-09-22,160.24,,,,,,,
JH교래2,2017-09-23,160.25,,,,,,,
JH교래2,2017-09-24,160.28,,,,,,,
JH교래2,2017-09-25,160.24,,,,,,,
JH교래2,2017-09-26,160.25,,,,,,,
JH교래2,2017-09-27,160.23,,,,,,,
JH교래2,2017-09-28,160.17,,,,,,,
JH교래2,2017-09-29,160.22,,,,,,,
JH교래2,2017-09-30,160.31,,,,,,,
JH교래2,2017-10-01,160.36,,,,,,,
JH교래2,2017-10-02,160.31,,,,,,,
JH교래2,2017-10-03,160.31,,,,,,,
JH교래2,2017-10-04,160.38,,,,,,,
JH교래2,2017-10-05,160.39,,,,,,,
JH교래2,2017-10-06,160.38,,,,,,,
JH교래2,2017-10-07,160.34,,,,,,,
JH교래2,2017-10-08,160.36,,,,,,,
JH교래2,2017-10-09,160.4,,,,,,,
JH교래2,2017-10-10,160.41,,,,,,,
JH교래2,2017-10-11,160.43,,,,,,,
JH교래2,2017-10-12,160.4,,,,,,,
JH교래2,2017-10-13,160.45,,,,,,,
JH교래2,2017-10-14,160.53,,,,,,,
JH교래2,2017-10-15,160.63,,,,,,,
JH교래2,2017-10-16,160.74,,,,,,,
JH교래2,2017-10-17,160.85,,,,,,,
JH교래2,2017-10-18,160.99,,,,,,,
JH교래2,2017-10-19,161.09,,,,,,,
JH교래2,2017-10-20,161.15,,,,,,,
JH교래2,2017-10-21,161.27,,,,,,,
JH교래2,2017-10-22,161.3,,,,,,,
JH교래2,2017-10-23,161.25,,,,,,,
JH교래2,2017-10-24,161.35,,,,,,,
JH교래2,2017-10-25,161.51,,,,,,,
JH교래2,2017-10-26,161.56,,,,,,,
JH교래2,2017-10-27,161.57,,,,,,,
JH교래2,2017-10-28,161.65,,,,,,,
JH교래2,2017-10-29,161.67,,,,,,,
JH교래2,2017-10-30,161.68,,,,,,,
JH교래2,2017-10-31,161.76,,,,,,,
JH교래2,2017-11-01,161.8,,,,,,,
JH교래2,2017-11-02,161.83,,,,,,,
JH교래2,2017-11-03,161.84,,,,,,,
JH교래2,2017-11-04,161.88,,,,,,,
JH교래2,2017-11-05,161.98,,,,,,,
JH교래2,2017-11-06,162.01,,,,,,,
JH교래2,2017-11-07,162.03,,,,,,,
JH교래2,2017-11-08,162.01,,,,,,,
JH교래2,2017-11-09,162.03,,,,,,,
JH교래2,2017-11-10,162.07,,,,,,,
JH교래2,2017-11-11,162.05,,,,,,,
JH교래2,2017-11-12,162.1,,,,,,,
JH교래2,2017-11-13,162.1,,,,,,,
JH교래2,2017-11-14,162.11,,,,,,,
JH교래2,2017-11-15,162.13,,,,,,,
JH교래2,2017-11-16,162.18,,,,,,,
JH교래2,2017-11-17,162.2,,,,,,,
JH교래2,2017-11-18,162.13,,,,,,,
JH교래2,2017-11-19,162.1,,,,,,,
JH교래2,2017-11-20,162.15,,,,,,,
JH교래2,2017-11-21,162.11,,,,,,,
JH교래2,2017-11-22,162.11,,,,,,,
JH교래2,2017-11-23,162.03,,,,,,,
JH교래2,2017-11-24,162.03,,,,,,,
JH교래2,2017-11-25,162.08,,,,,,,
JH교래2,2017-11-26,162.07,,,,,,,
JH교래2,2017-11-27,162.01,,,,,,,
JH교래2,2017-11-28,161.97,,,,,,,
JH교래2,2017-11-29,161.95,,,,,,,
JH교래2,2017-11-30,161.92,,,,,,,
JH교래2,2017-12-01,161.92,,,,,,,
JH교래2,2017-12-02,161.94,,,,,,,
JH교래2,2017-12-03,161.93,,,,,,,
JH교래2,2017-12-04,161.89,,,,,,,
JH교래2,2017-12-05,161.83,,,,,,,
JH교래2,2017-12-06,161.8,,,,,,,
JH교래2,2017-12-07,161.82,,,,,,,
JH교래2,2017-12-08,161.76,,,,,,,
JH교래2,2017-12-09,161.75,,,,,,,
JH교래2,2017-12-10,161.74,,,,,,,
JH교래2,2017-12-11,161.66,,,,,,,
JH교래2,2017-12-12,161.66,,,,,,,
JH교래2,2017-12-13,161.68,,,,,,,
JH교래2,2017-12-14,161.69,,,,,,,
JH교래2,2017-12-15,161.71,,,,,,,
JH교래2,2017-12-16,161.67,,,,,,,
JH교래2,2017-12-17,161.62,,,,,,,
JH교래2,2017-12-18,161.6,,,,,,,
JH교래2,2017-12-19,161.58,,,,,,,
JH교래2,2017-12-20,161.56,,,,,,,
JH교래2,2017-12-21,161.54,,,,,,,
JH교래2,2017-12-22,161.5,,,,,,,
JH교래2,2017-12-23,161.44,,,,,,,
JH교래2,2017-12-24,161.43,,,,,,,
JH교래2,2017-12-29,160.9,,,,,,,
JH교래2,2017-12-30,160.91,,,,,,,
JH교래2,2017-12-31,160.88,,,,,,,
JH교래2,2018-01-01,160.82,,,,,,,
JH교래2,2018-01-02,160.76,,,,,,,
JH교래2,2018-01-03,160.7,,,,,,,
JH교래2,2018-01-04,160.74,,,,,,,
JH교래2,2018-01-05,160.74,,,,,,,
JH교래2,2018-01-06,160.63,,,,,,,
JH교래2,2018-01-07,160.65,,,,,,,
JH교래2,2018-01-08,160.7,,,,,,,
JH교래2,2018-01-09,160.56,,,,,,,
JH교래2,2018-01-10,160.49,,,,,,,
JH교래2,2018-01-11,160.41,,,,,,,
JH교래2,2018-01-12,160.39,,,,,,,
JH교래2,2018-01-13,160.39,,,,,,,
JH교래2,2018-01-14,160.42,,,,,,,
JH교래2,2018-01-15,160.47,,,,,,,
JH교래2,2018-01-16,160.48,,,,,,,
JH교래2,2018-01-17,160.36,,,,,,,
JH교래2,2018-01-18,160.31,,,,,,,
JH교래2,2018-01-19,160.32,,,,,,,
JH교래2,2018-01-20,160.27,,,,,,,
JH교래2,2018-01-21,160.27,,,,,,,
JH교래2,2018-01-22,160.29,,,,,,,
JH교래2,2018-01-23,160.17,,,,,,,
JH교래2,2018-01-24,160.12,,,,,,,
JH교래2,2018-01-25,160.1,,,,,,,
JH교래2,2018-01-26,160.08,,,,,,,
JH교래2,2018-01-27,160.1,,,,,,,
JH교래2,2018-01-28,160.11,,,,,,,
JH교래2,2018-01-29,160.03,,,,,,,
JH교래2,2018-01-30,159.95,,,,,,,
JH교래2,2018-01-31,159.93,,,,,,,
JH교래2,2018-02-01,159.89,,,,,,,
JH교래2,2018-02-02,159.91,,,,,,,
JH교래2,2018-02-03,159.88,,,,,,,
JH교래2,2018-02-04,159.83,,,,,,,
JH교래2,2018-02-05,159.84,,,,,,,
JH교래2,2018-02-06,159.8,,,,,,,
JH교래2,2018-02-07,159.77,,,,,,,
JH교래2,2018-02-08,159.81,,,,,,,
JH교래2,2018-02-09,159.77,,,,,,,
JH교래2,2018-02-10,159.77,,,,,,,
JH교래2,2018-02-11,159.72,,,,,,,
JH교래2,2018-02-12,159.69,,,,,,,
JH교래2,2018-02-13,159.65,,,,,,,
JH교래2,2018-02-14,159.67,,,,,,,
JH교래2,2018-02-15,159.6,,,,,,,
JH교래2,2018-02-16,159.59,,,,,,,
JH교래2,2018-02-17,159.48,,,,,,,
JH교래2,2018-02-18,159.48,,,,,,,
JH교래2,2018-02-19,159.48,,,,,,,
JH교래2,2018-02-20,159.45,,,,,,,
JH교래2,2018-02-21,159.42,,,,,,,
JH교래2,2018-02-22,159.39,,,,,,,
JH교래2,2018-02-23,159.35,,,,,,,
JH교래2,2018-02-24,159.32,,,,,,,
JH교래2,2018-02-25,159.35,,,,,,,
JH교래2,2018-02-26,159.29,,,,,,,
JH교래2,2018-02-27,159.29,,,,,,,
JH교래2,2018-02-28,159.46,,,,,,,
JH교래2,2018-03-01,159.22,,,,,,,
JH교래2,2018-03-02,159.18,,,,,,,
JH교래2,2018-03-03,159.22,,,,,,,
JH교래2,2018-03-04,159.21,,,,,,,
JH교래2,2018-03-05,159.13,,,,,,,
JH교래2,2018-03-06,158.94,,,,,,,
JH교래2,2018-03-07,159.1,,,,,,,
JH교래2,2018-03-08,159.13,,,,,,,
JH교래2,2018-03-09,158.98,,,,,,,
JH교래2,2018-03-10,158.97,,,,,,,
JH교래2,2018-03-11,158.96,,,,,,,
JH교래2,2018-03-12,159.0,,,,,,,
JH교래2,2018-03-13,158.98,,,,,,,
JH교래2,2018-03-14,158.95,,,,,,,
JH교래2,2018-03-15,159.0,,,,,,,
JH교래2,2018-03-16,158.9,,,,,,,
JH교래2,2018-03-17,158.92,,,,,,,
JH교래2,2018-03-18,159.08,,,,,,,
JH교래2,2018-03-19,159.2,,,,,,,
JH교래2,2018-03-20,159.32,,,,,,,
JH교래2,2018-03-21,159.73,,,,,,,
JH교래2,2018-03-22,159.94,,,,,,,
JH교래2,2018-03-23,160.01,,,,,,,
JH교래2,2018-03-24,160.11,,,,,,,
JH교래2,2018-03-25,160.2,,,,,,,
JH교래2,2018-03-26,160.36,,,,,,,
JH교래2,2018-03-27,160.47,,,,,,,
JH교래2,2018-03-28,160.6,,,,,,,
JH교래2,2018-03-29,160.69,,,,,,,
JH교래2,2018-03-30,160.8,,,,,,,
JH교래2,2018-03-31,161.04,,,,,,,
JH교래2,2018-04-01,161.24,,,,,,,
JH교래2,2018-04-02,161.38,,,,,,,
JH교래2,2018-04-03,161.5,,,,,,,
JH교래2,2018-04-04,161.67,,,,,,,
JH교래2,2018-04-05,161.84,,,,,,,
JH교래2,2018-04-06,161.98,,,,,,,
JH교래2,2018-04-07,161.97,,,,,,,
JH교래2,2018-04-08,162.08,,,,,,,
JH교래2,2018-04-09,162.18,,,,,,,
JH교래2,2018-04-10,162.36,,,,,,,
JH교래2,2018-04-11,162.48,,,,,,,
JH교래2,2018-04-12,162.49,,,,,,,
JH교래2,2018-04-13,162.6,,,,,,,
JH교래2,2018-04-14,162.95,,,,,,,
JH교래2,2018-04-15,162.79,,,,,,,
JH교래2,2018-04-16,162.83,,,,,,,
JH교래2,2018-04-17,162.94,,,,,,,
JH교래2,2018-04-18,163.04,,,,,,,
JH교래2,2018-04-19,163.08,,,,,,,
JH교래2,2018-04-20,163.13,,,,,,,
JH교래2,2018-04-21,163.22,,,,,,,
JH교래2,2018-04-22,163.32,,,,,,,
JH교래2,2018-04-23,163.46,,,,,,,
JH교래2,2018-04-24,163.5,,,,,,,
JH교래2,2018-04-25,163.43,,,,,,,
JH교래2,2018-04-26,163.49,,,,,,,
JH교래2,2018-04-27,163.57,,,,,,,
JH교래2,2018-04-28,163.64,,,,,,,
JH교래2,2018-04-29,163.79,,,,,,,
JH교래2,2018-04-30,163.89,,,,,,,
JH교래2,2018-05-01,164.08,,,,,,,
JH교래2,2018-05-02,164.37,,,,,,,
JH교래2,2018-05-03,164.42,,,,,,,
JH교래2,2018-05-04,164.58,,,,,,,
JH교래2,2018-05-05,164.84,,,,,,,
JH교래2,2018-05-06,165.25,,,,,,,
JH교래2,2018-05-07,165.38,,,,,,,
JH교래2,2018-05-08,165.41,,,,,,,
JH교래2,2018-05-09,165.47,,,,,,,
JH교래2,2018-05-10,165.71,,,,,,,
JH교래2,2018-05-11,165.97,,,,,,,
JH교래2,2018-05-12,166.2,,,,,,,
JH교래2,2018-05-13,166.35,,,,,,,
JH교래2,2018-05-14,166.45,,,,,,,
JH교래2,2018-05-15,166.65,,,,,,,
JH교래2,2018-05-16,166.82,,,,,,,
JH교래2,2018-05-17,167.04,,,,,,,
JH교래2,2018-05-18,167.16,,,,,,,
JH교래2,2018-05-19,167.19,,,,,,,
JH교래2,2018-05-20,167.57,,,,,,,
JH교래2,2018-05-21,167.78,,,,,,,
JH교래2,2018-05-22,168.07,,,,,,,
JH교래2,2018-05-23,168.23,,,,,,,
JH교래2,2018-05-24,168.25,,,,,,,
JH교래2,2018-05-25,168.4,,,,,,,
JH교래2,2018-05-26,168.45,,,,,,,
JH교래2,2018-05-27,168.48,,,,,,,
JH교래2,2018-05-28,168.56,,,,,,,
JH교래2,2018-05-29,168.6,,,,,,,
JH교래2,2018-05-30,168.66,,,,,,,
JH교래2,2018-05-31,168.65,,,,,,,
JH교래2,2018-06-01,168.64,,,,,,,
JH교래2,2018-06-02,168.71,,,,,,,
JH교래2,2018-06-03,168.73,,,,,,,
JH교래2,2018-06-04,168.75,,,,,,,
JH교래2,2018-06-05,168.77,,,,,,,
JH교래2,2018-06-06,168.73,,,,,,,
JH교래2,2018-06-07,168.73,,,,,,,
JH교래2,2018-06-08,168.72,,,,,,,
JH교래2,2018-06-09,168.69,,,,,,,
JH교래2,2018-06-10,168.72,,,,,,,
JH교래2,2018-06-11,168.68,,,,,,,
JH교래2,2018-06-12,168.53,,,,,,,
JH교래2,2018-06-13,168.42,,,,,,,
JH교래2,2018-06-14,168.4,,,,,,,
JH교래2,2018-06-15,168.29,,,,,,,
JH교래2,2018-06-16,168.21,,,,,,,
JH교래2,2018-06-17,168.22,,,,,,,
JH교래2,2018-06-18,168.17,,,,,,,
JH교래2,2018-06-19,168.13,,,,,,,
JH교래2,2018-06-20,168.03,,,,,,,
JH교래2,2018-06-21,167.89,,,,,,,
JH교래2,2018-06-22,167.84,,,,,,,
JH교래2,2018-06-23,167.8,,,,,,,
JH교래2,2018-06-24,167.65,,,,,,,
JH교래2,2018-06-25,167.54,,,,,,,
JH교래2,2018-06-26,167.48,,,,,,,
JH교래2,2018-06-27,167.41,,,,,,,
JH교래2,2018-06-28,167.3,,,,,,,
JH교래2,2018-06-29,167.07,,,,,,,
JH교래2,2018-06-30,166.89,,,,,,,
JH교래2,2018-07-04,163.93,,,,,,,
JH교래2,2018-07-05,164.07,,,,,,,
JH교래2,2018-07-06,164.16,,,,,,,
JH교래2,2018-07-10,164.12,,,,,,,
JH교래2,2018-07-11,164.16,,,,,,,
JH교래2,2018-07-12,164.24,,,,,,,
JH교래2,2018-07-13,164.29,,,,,,,
JH교래2,2018-07-14,164.35,,,,,,,
JH교래2,2018-07-15,164.42,,,,,,,
JH교래2,2018-07-16,164.52,,,,,,,
JH교래2,2018-07-17,164.61,,,,,,,
JH교래2,2018-07-18,164.72,,,,,,,
JH교래2,2018-07-19,164.88,,,,,,,
JH교래2,2018-07-20,164.99,,,,,,,
JH교래2,2018-07-21,165.11,,,,,,,
JH교래2,2018-07-22,165.34,,,,,,,
JH교래2,2018-07-23,165.6,,,,,,,
JH교래2,2018-07-24,165.88,,,,,,,
JH교래2,2018-07-25,166.12,,,,,,,
JH교래2,2018-07-26,166.3,,,,,,,
JH교래2,2018-07-27,166.49,,,,,,,
JH교래2,2018-07-28,166.64,,,,,,,
JH교래2,2018-07-29,166.81,,,,,,,
JH교래2,2018-07-30,166.87,,,,,,,
JH교래2,2018-07-31,166.91,,,,,,,
JH교래2,2018-08-01,166.98,,,,,,,
JH교래2,2018-08-02,167.05,,,,,,,
JH교래2,2018-08-03,167.09,,,,,,,
JH교래2,2018-08-04,167.1,,,,,,,
JH교래2,2018-08-05,167.17,,,,,,,
JH교래2,2018-08-06,167.28,,,,,,,
JH교래2,2018-08-07,167.29,,,,,,,
JH교래2,2018-08-08,167.33,,,,,,,
JH교래2,2018-08-09,167.34,,,,,,,
JH교래2,2018-08-10,167.35,,,,,,,
JH교래2,2018-08-11,167.33,,,,,,,
JH교래2,2018-08-12,167.28,,,,,,,
JH교래2,2018-08-13,167.23,,,,,,,
JH교래2,2018-08-14,167.24,,,,,,,
JH교래2,2018-08-15,167.27,,,,,,,
JH교래2,2018-08-16,167.24,,,,,,,
JH교래2,2018-08-17,167.18,,,,,,,
JH교래2,2018-08-18,167.15,,,,,,,
JH교래2,2018-08-19,167.12,,,,,,,
JH교래2,2018-08-20,167.09,,,,,,,
JH교래2,2018-08-21,167.08,,,,,,,
JH교래2,2018-08-22,167.03,,,,,,,
JH교래2,2018-08-23,167.09,,,,,,,
JH교래2,2018-08-24,166.69,,,,,,,
JH교래2,2018-08-25,166.6,,,,,,,
JH교래2,2018-08-26,166.59,,,,,,,
JH교래2,2018-08-27,166.53,,,,,,,
JH교래2,2018-08-28,166.52,,,,,,,
JH교래2,2018-08-29,166.48,,,,,,,
JH교래2,2018-08-30,166.44,,,,,,,
JH교래2,2018-08-31,166.42,,,,,,,
JH교래2,2018-09-01,166.45,,,,,,,
JH교래2,2018-09-02,166.47,,,,,,,
JH교래2,2018-09-03,166.57,,,,,,,
JH교래2,2018-09-04,166.68,,,,,,,
JH교래2,2018-09-05,166.66,,,,,,,
JH교래2,2018-09-06,166.76,,,,,,,
JH교래2,2018-09-07,166.9,,,,,,,
JH교래2,2018-09-08,166.99,,,,,,,
JH교래2,2018-09-09,167.15,,,,,,,
JH교래2,2018-09-10,167.32,,,,,,,
JH교래2,2018-09-11,167.7,,,,,,,
JH교래2,2018-09-12,168.06,,,,,,,
JH교래2,2018-09-13,168.37,,,,,,,
JH교래2,2018-09-14,168.61,,,,,,,
JH교래2,2018-09-15,168.87,,,,,,,
JH교래2,2018-09-16,169.15,,,,,,,
JH교래2,2018-09-17,169.4,,,,,,,
JH교래2,2018-09-18,169.75,,,,,,,
JH교래2,2018-09-19,170.12,,,,,,,
JH교래2,2018-09-20,170.54,,,,,,,
JH교래2,2018-09-21,170.86,,,,,,,
JH교래2,2018-09-22,171.08,,,,,,,
JH교래2,2018-09-23,171.57,,,,,,,
JH교래2,2018-09-24,171.73,,,,,,,
JH교래2,2018-09-25,172.11,,,,,,,
JH교래2,2018-09-26,172.55,,,,,,,
JH교래2,2018-09-27,172.96,,,,,,,
JH교래2,2018-09-28,173.4,,,,,,,
JH교래2,2018-09-29,173.84,,,,,,,
JH교래2,2018-09-30,174.23,,,,,,,
JH교래2,2018-10-01,174.39,,,,,,,
JH교래2,2018-10-02,174.51,,,,,,,
JH교래2,2018-10-03,174.71,,,,,,,
JH교래2,2018-10-04,174.92,,,,,,,
JH교래2,2018-10-05,175.11,,,,,,,
JH교래2,2018-10-08,176.57,,,,,,,
JH교래2,2018-10-09,176.71,,,,,,,
JH교래2,2018-10-10,176.82,,,,,,,
JH교래2,2018-10-11,176.93,,,,,,,
JH교래2,2018-10-12,177.16,,,,,,,
JH교래2,2018-10-13,177.47,,,,,,,
JH교래2,2018-10-14,177.81,,,,,,,
JH교래2,2018-10-15,178.11,,,,,,,
JH교래2,2018-10-16,178.42,,,,,,,
JH교래2,2018-10-17,178.74,,,,,,,
JH교래2,2018-10-18,178.98,,,,,,,
JH교래2,2018-10-19,179.19,,,,,,,
JH교래2,2018-10-20,179.42,,,,,,,
JH교래2,2018-10-21,179.61,,,,,,,
JH교래2,2018-10-22,179.81,,,,,,,
JH교래2,2018-10-23,179.98,,,,,,,
JH교래2,2018-10-24,180.09,,,,,,,
JH교래2,2018-10-25,180.21,,,,,,,
JH교래2,2018-10-26,180.35,,,,,,,
JH교래2,2018-10-27,180.38,,,,,,,
JH교래2,2018-10-28,180.43,,,,,,,
JH교래2,2018-10-29,180.52,,,,,,,
JH교래2,2018-10-30,180.62,,,,,,,
JH교래2,2018-10-31,180.67,,,,,,,
JH교래2,2018-11-01,180.61,,,,,,,
JH교래2,2018-11-02,180.62,,,,,,,
JH교래2,2018-11-03,180.6,,,,,,,
JH교래2,2018-11-04,180.57,,,,,,,
JH교래2,2018-11-05,180.52,,,,,,,
JH교래2,2018-11-06,180.48,,,,,,,
JH교래2,2018-11-07,180.43,,,,,,,
JH교래2,2018-11-08,180.36,,,,,,,
JH교래2,2018-11-09,180.26,,,,,,,
JH교래2,2018-11-10,180.24,,,,,,,
JH교래2,2018-11-11,180.18,,,,,,,
JH교래2,2018-11-12,180.06,,,,,,,
JH교래2,2018-11-13,179.96,,,,,,,
JH교래2,2018-11-14,179.89,,,,,,,
JH교래2,2018-11-15,179.8,,,,,,,
JH교래2,2018-11-16,179.71,,,,,,,
JH교래2,2018-11-17,179.6,,,,,,,
JH교래2,2018-11-18,179.49,,,,,,,
JH교래2,2018-11-19,179.38,,,,,,,
JH교래2,2018-11-20,179.28,,,,,,,
JH교래2,2018-11-21,179.17,,,,,,,
JH교래2,2018-11-22,178.99,,,,,,,
JH교래2,2018-11-23,178.89,,,,,,,
JH교래2,2018-11-24,178.79,,,,,,,
JH교래2,2018-11-25,178.65,,,,,,,
JH교래2,2018-11-26,178.55,,,,,,,
JH교래2,2018-11-27,178.42,,,,,,,
JH교래2,2018-11-28,178.29,,,,,,,
JH교래2,2018-11-29,178.14,,,,,,,
JH교래2,2018-11-30,178.0,,,,,,,
JH교래2,2018-12-01,177.86,,,,,,,
JH교래2,2018-12-02,177.7,,,,,,,
JH교래2,2018-12-03,177.53,,,,,,,
JH교래2,2018-12-04,177.33,,,,,,,
JH교래2,2018-12-05,177.16,,,,,,,
JH교래2,2018-12-06,176.98,,,,,,,
JH교래2,2018-12-07,176.79,,,,,,,
JH교래2,2018-12-08,176.63,,,,,,,
JH교래2,2018-12-09,176.49,,,,,,,
JH교래2,2018-12-10,176.33,,,,,,,
JH교래2,2018-12-11,176.16,,,,,,,
JH교래2,2018-12-12,175.92,,,,,,,
JH교래2,2018-12-13,175.73,,,,,,,
JH교래2,2018-12-14,175.52,,,,,,,
JH교래2,2018-12-15,175.38,,,,,,,
JH교래2,2018-12-16,175.16,,,,,,,
JH교래2,2018-12-17,174.88,,,,,,,
JH교래2,2018-12-18,174.63,,,,,,,
JH교래2,2018-12-19,174.43,,,,,,,
JH교래2,2018-12-20,174.2,,,,,,,
JH교래2,2018-12-21,173.99,,,,,,,
JH교래2,2018-12-22,173.75,,,,,,,
JH교래2,2018-12-23,173.51,,,,,,,
JH교래2,2018-12-24,173.3,,,,,,,
JH교래2,2018-12-25,173.14,,,,,,,
JH교래2,2018-12-26,172.86,,,,,,,
JH교래2,2018-12-27,172.56,,,,,,,
JH교래2,2018-12-28,172.35,,,,,,,
JH교래2,2018-12-29,172.2,,,,,,,
JH교래2,2018-12-30,172.06,,,,,,,
JH교래2,2018-12-31,171.88,,,,,,,
JH교래2,2019-01-01,171.71,,,,,,,
JH교래2,2019-01-02,171.5,,,,,,,
JH교래2,2019-01-03,171.25,,,,,,,
JH교래2,2019-01-04,171.11,,,,,,,
JH교래2,2019-01-05,170.91,,,,,,,
JH교래2,2019-01-06,170.74,,,,,,,
JH교래2,2019-01-07,170.6,,,,,,,
JH교래2,2019-01-08,170.41,,,,,,,
JH교래2,2019-01-09,170.26,,,,,,,
JH교래2,2019-01-10,170.13,,,,,,,
JH교래2,2019-01-11,169.98,,,,,,,
JH교래2,2019-01-12,169.79,,,,,,,
JH교래2,2019-01-13,169.66,,,,,,,
JH교래2,2019-01-14,169.5,,,,,,,
JH교래2,2019-01-15,169.34,,,,,,,
JH교래2,2019-01-16,169.2,,,,,,,
JH교래2,2019-01-17,169.08,,,,,,,
JH교래2,2019-01-18,168.94,,,,,,,
JH교래2,2019-01-19,168.83,,,,,,,
JH교래2,2019-01-20,168.65,,,,,,,
JH교래2,2019-01-21,168.48,,,,,,,
JH교래2,2019-01-22,168.33,,,,,,,
JH교래2,2019-01-23,168.17,,,,,,,
JH교래2,2019-01-24,168.03,,,,,,,
JH교래2,2019-01-25,167.87,,,,,,,
JH교래2,2019-01-26,167.71,,,,,,,
JH교래2,2019-01-27,167.58,,,,,,,
JH교래2,2019-01-28,167.46,,,,,,,
JH교래2,2019-01-29,167.3,,,,,,,
JH교래2,2019-01-30,167.2,,,,,,,
JH교래2,2019-01-31,167.05,,,,,,,
JH교래2,2019-02-01,166.83,,,,,,,
JH교래2,2019-02-02,166.72,,,,,,,
JH교래2,2019-02-03,166.56,,,,,,,
JH교래2,2019-02-04,166.24,,,,,,,
JH교래2,2019-02-05,166.15,,,,,,,
JH교래2,2019-02-06,165.91,,,,,,,
JH교래2,2019-02-07,165.75,,,,,,,
JH교래2,2019-02-08,165.68,,,,,,,
JH교래2,2019-02-09,165.6,,,,,,,
JH교래2,2019-02-10,165.56,,,,,,,
JH교래2,2019-02-11,165.51,,,,,,,
JH교래2,2019-02-12,165.47,,,,,,,
JH교래2,2019-02-13,165.41,,,,,,,
JH교래2,2019-02-14,165.33,,,,,,,
JH교래2,2019-02-15,165.26,,,,,,,
JH교래2,2019-02-16,165.13,,,,,,,
JH교래2,2019-02-17,165.02,,,,,,,
JH교래2,2019-02-18,164.98,,,,,,,
JH교래2,2019-02-19,164.91,,,,,,,
JH교래2,2019-02-20,164.8,,,,,,,
JH교래2,2019-02-21,164.77,,,,,,,
JH교래2,2019-02-22,164.73,,,,,,,
JH교래2,2019-02-23,164.61,,,,,,,
JH교래2,2019-02-24,164.56,,,,,,,
JH교래2,2019-02-25,164.48,,,,,,,
JH교래2,2019-02-26,164.41,,,,,,,
JH교래2,2019-02-27,164.35,,,,,,,
JH교래2,2019-02-28,164.27,,,,,,,
JH교래2,2019-03-01,164.19,,,,,,,
JH교래2,2019-03-02,164.16,,,,,,,
JH교래2,2019-03-03,164.07,,,,,,,
JH교래2,2019-03-04,163.94,,,,,,,
JH교래2,2019-03-05,163.89,,,,,,,
JH교래2,2019-03-06,163.88,,,,,,,
JH교래2,2019-03-07,163.76,,,,,,,
JH교래2,2019-03-08,163.73,,,,,,,
JH교래2,2019-03-09,163.73,,,,,,,
JH교래2,2019-03-10,163.65,,,,,,,
JH교래2,2019-03-11,163.52,,,,,,,
JH교래2,2019-03-12,163.44,,,,,,,
JH교래2,2019-03-13,163.36,,,,,,,
JH교래2,2019-03-14,163.36,,,,,,,
JH교래2,2019-03-15,163.34,,,,,,,
JH교래2,2019-03-16,163.24,,,,,,,
JH교래2,2019-03-17,163.18,,,,,,,
JH교래2,2019-03-18,163.17,,,,,,,
JH교래2,2019-03-19,163.06,,,,,,,
JH교래2,2019-03-20,163.03,,,,,,,
JH교래2,2019-03-21,162.9,,,,,,,
JH교래2,2019-03-22,162.83,,,,,,,
JH교래2,2019-03-23,162.8,,,,,,,
JH교래2,2019-03-24,162.78,,,,,,,
JH교래2,2019-03-25,162.75,,,,,,,
JH교래2,2019-03-26,162.65,,,,,,,
JH교래2,2019-03-27,162.62,,,,,,,
JH교래2,2019-03-28,162.53,,,,,,,
JH교래2,2019-03-29,162.45,,,,,,,
JH교래2,2019-03-30,162.39,,,,,,,
JH교래2,2019-03-31,162.32,,,,,,,
JH교래2,2019-04-01,162.34,,,,,,,
JH교래2,2019-04-02,162.31,,,,,,,
JH교래2,2019-04-03,162.27,,,,,,,
JH교래2,2019-04-04,162.24,,,,,,,
JH교래2,2019-04-05,162.17,,,,,,,
JH교래2,2019-04-06,162.08,,,,,,,
JH교래2,2019-04-07,162.03,,,,,,,
JH교래2,2019-04-08,161.95,,,,,,,
JH교래2,2019-04-09,161.97,,,,,,,
JH교래2,2019-04-10,161.87,,,,,,,
JH교래2,2019-04-11,161.83,,,,,,,
JH교래2,2019-04-12,161.82,,,,,,,
JH교래2,2019-04-13,161.82,,,,,,,
JH교래2,2019-04-14,161.79,,,,,,,
JH교래2,2019-04-15,161.72,,,,,,,
JH교래2,2019-04-16,161.73,,,,,,,
JH교래2,2019-04-17,161.69,,,,,,,
JH교래2,2019-04-18,161.62,,,,,,,
JH교래2,2019-04-19,161.57,,,,,,,
JH교래2,2019-04-20,161.56,,,,,,,
JH교래2,2019-04-21,161.53,,,,,,,
JH교래2,2019-04-22,161.48,,,,,,,
JH교래2,2019-04-23,161.5,,,,,,,
JH교래2,2019-04-24,161.41,,,,,,,
JH교래2,2019-04-25,161.34,,,,,,,
JH교래2,2019-04-26,161.28,,,,,,,
JH교래2,2019-04-27,161.26,,,,,,,
JH교래2,2019-04-28,161.29,,,,,,,
JH교래2,2019-04-29,161.28,,,,,,,
JH교래2,2019-04-30,161.18,,,,,,,
JH교래2,2019-05-01,161.12,,,,,,,
JH교래2,2019-05-02,161.07,,,,,,,
JH교래2,2019-05-03,161.11,,,,,,,
JH교래2,2019-05-04,161.12,,,,,,,
JH교래2,2019-05-05,161.1,,,,,,,
JH교래2,2019-05-06,161.05,,,,,,,
JH교래2,2019-05-07,161.0,,,,,,,
JH교래2,2019-05-08,160.97,,,,,,,
JH교래2,2019-05-09,160.91,,,,,,,
JH교래2,2019-05-10,160.85,,,,,,,
JH교래2,2019-05-11,160.85,,,,,,,
JH교래2,2019-05-12,160.82,,,,,,,
JH교래2,2019-05-13,160.81,,,,,,,
JH교래2,2019-05-14,160.78,,,,,,,
JH교래2,2019-05-15,160.74,,,,,,,
JH교래2,2019-05-16,160.7,,,,,,,
JH교래2,2019-05-17,160.67,,,,,,,
JH교래2,2019-05-18,160.62,,,,,,,
JH교래2,2019-05-19,160.57,,,,,,,
JH교래2,2019-05-20,160.53,,,,,,,
JH교래2,2019-05-21,160.5,,,,,,,
JH교래2,2019-05-22,160.5,,,,,,,
JH교래2,2019-05-23,160.52,,,,,,,
JH교래2,2019-05-24,160.63,,,,,,,
JH교래2,2019-05-25,160.99,,,,,,,
JH교래2,2019-05-26,161.35,,,,,,,
JH교래2,2019-05-27,161.43,,,,,,,
JH교래2,2019-05-28,161.43,,,,,,,
JH교래2,2019-05-29,161.52,,,,,,,
JH교래2,2019-05-30,161.6,,,,,,,
JH교래2,2019-05-31,161.64,,,,,,,
JH교래2,2019-06-01,161.74,,,,,,,
JH교래2,2019-06-02,161.86,,,,,,,
JH교래2,2019-06-03,161.95,,,,,,,
JH교래2,2019-06-04,162.08,,,,,,,
JH교래2,2019-06-05,162.22,,,,,,,
JH교래2,2019-06-06,162.43,,,,,,,
JH교래2,2019-06-07,162.53,,,,,,,
JH교래2,2019-06-08,162.58,,,,,,,
JH교래2,2019-06-09,162.74,,,,,,,
JH교래2,2019-06-10,162.83,,,,,,,
JH교래2,2019-06-11,162.95,,,,,,,
JH교래2,2019-06-12,163.09,,,,,,,
JH교래2,2019-06-13,163.27,,,,,,,
JH교래2,2019-06-14,163.42,,,,,,,
JH교래2,2019-06-15,163.47,,,,,,,
JH교래2,2019-06-16,163.5,,,,,,,
JH교래2,2019-06-17,163.63,,,,,,,
JH교래2,2019-06-18,163.79,,,,,,,
JH교래2,2019-06-19,163.89,,,,,,,
JH교래2,2019-06-20,163.93,,,,,,,
JH교래2,2019-06-21,164.01,,,,,,,
JH교래2,2019-06-22,164.04,,,,,,,
JH교래2,2019-06-23,164.07,,,,,,,
JH교래2,2019-06-24,164.13,,,,,,,
JH교래2,2019-06-25,164.23,,,,,,,
JH교래2,2019-06-26,164.32,,,,,,,
JH교래2,2019-06-27,164.28,,,,,,,
JH교래2,2019-06-28,164.26,,,,,,,
JH교래2,2019-06-29,164.32,,,,,,,
JH교래2,2019-06-30,164.24,,,,,,,
JH교래2,2019-07-01,164.28,,,,,,,
JH교래2,2019-07-02,164.34,,,,,,,
JH교래2,2019-07-03,164.44,,,,,,,
JH교래2,2019-07-04,164.46,,,,,,,
JH교래2,2019-07-05,164.49,,,,,,,
JH교래2,2019-07-06,164.47,,,,,,,
JH교래2,2019-07-07,164.54,,,,,,,
JH교래2,2019-07-08,164.62,,,,,,,
JH교래2,2019-07-09,164.67,,,,,,,
JH교래2,2019-07-10,164.75,,,,,,,
JH교래2,2019-07-11,164.74,,,,,,,
JH교래2,2019-07-12,164.85,,,,,,,
JH교래2,2019-07-13,164.95,,,,,,,
JH교래2,2019-07-14,164.96,,,,,,,
JH교래2,2019-07-15,165.04,,,,,,,
JH교래2,2019-07-16,165.12,,,,,,,
JH교래2,2019-07-17,165.22,,,,,,,
JH교래2,2019-07-18,165.31,,,,,,,
JH교래2,2019-07-19,165.37,,,,,,,
JH교래2,2019-07-20,165.4,,,,,,,
JH교래2,2019-07-21,165.41,,,,,,,
JH교래2,2019-07-22,165.67,,,,,,,
JH교래2,2019-07-23,166.0,,,,,,,
JH교래2,2019-07-24,166.47,,,,,,,
JH교래2,2019-07-25,167.03,,,,,,,
JH교래2,2019-07-26,168.0,,,,,,,
JH교래2,2019-07-27,168.7,,,,,,,
JH교래2,2019-07-30,171.46,,,,,,,
JH교래2,2019-07-31,171.91,,,,,,,
JH교래2,2019-08-01,172.52,,,,,,,
JH교래2,2019-08-02,173.22,,,,,,,
JH교래2,2019-08-03,173.81,,,,,,,
JH교래2,2019-08-04,174.52,,,,,,,
JH교래2,2019-08-05,175.2,,,,,,,
JH교래2,2019-08-06,175.8,,,,,,,
JH교래2,2019-08-07,176.16,,,,,,,
JH교래2,2019-08-08,176.49,,,,,,,
JH교래2,2019-08-09,176.77,,,,,,,
JH교래2,2019-08-10,177.03,,,,,,,
JH교래2,2019-08-11,177.25,,,,,,,
JH교래2,2019-08-12,177.43,,,,,,,
JH교래2,2019-08-13,177.6,,,,,,,
JH교래2,2019-08-14,177.62,,,,,,,
JH교래2,2019-08-15,177.68,,,,,,,
JH교래2,2019-08-16,177.76,,,,,,,
JH교래2,2019-08-17,177.86,,,,,,,
JH교래2,2019-08-18,177.95,,,,,,,
JH교래2,2019-08-19,178.08,,,,,,,
JH교래2,2019-08-20,178.08,,,,,,,
JH교래2,2019-08-21,178.11,,,,,,,
JH교래2,2019-08-22,178.11,,,,,,,
JH교래2,2019-08-23,178.08,,,,,,,
JH교래2,2019-08-24,177.98,,,,,,,
JH교래2,2019-08-25,177.93,,,,,,,
JH교래2,2019-08-26,177.92,,,,,,,
JH교래2,2019-08-27,177.89,,,,,,,
JH교래2,2019-08-30,177.71,,,,,,,
JH교래2,2019-08-31,177.68,,,,,,,
JH교래2,2019-09-01,177.63,,,,,,,
JH교래2,2019-09-02,177.63,,,,,,,
JH교래2,2019-09-05,177.9,,,,,,,
JH교래2,2019-09-06,178.0,,,,,,,
JH교래2,2019-09-07,178.18,,,,,,,
JH교래2,2019-09-08,178.4,,,,,,,
JH교래2,2019-09-09,178.7,,,,,,,
JH교래2,2019-09-10,179.03,,,,,,,
JH교래2,2019-09-11,179.39,,,,,,,
JH교래2,2019-09-12,179.76,,,,,,,
JH교래2,2019-09-13,180.18,,,,,,,
JH교래2,2019-09-14,180.59,,,,,,,
JH교래2,2019-09-15,181.0,,,,,,,
JH교래2,2019-09-16,181.41,,,,,,,
JH교래2,2019-09-17,181.79,,,,,,,
JH교래2,2019-09-18,182.16,,,,,,,
JH교래2,2019-09-19,182.52,,,,,,,
JH교래2,2019-09-20,182.82,,,,,,,
JH교래2,2019-09-21,183.08,,,,,,,
JH교래2,2019-09-22,183.26,,,,,,,
JH교래2,2019-09-23,183.45,,,,,,,
JH교래2,2019-09-24,183.69,,,,,,,
JH교래2,2019-09-25,183.9,,,,,,,
JH교래2,2019-09-26,184.12,,,,,,,
JH교래2,2019-09-27,184.35,,,,,,,
JH교래2,2019-09-28,184.65,,,,,,,
JH교래2,2019-09-29,184.96,,,,,,,
JH교래2,2019-09-30,185.29,,,,,,,
JH교래2,2019-10-01,185.92,,,,,,,
JH교래2,2019-10-02,186.1,,,,,,,
JH교래2,2019-10-04,187.68,,,,,,,
JH교래2,2019-10-05,188.19,,,,,,,
JH교래2,2019-10-06,188.81,,,,,,,
JH교래2,2019-10-07,189.36,,,,,,,
JH교래2,2019-10-08,189.87,,,,,,,
JH교래2,2019-10-09,190.33,,,,,,,
JH교래2,2019-10-10,190.68,,,,,,,
JH교래2,2019-10-11,190.98,,,,,,,
JH교래2,2019-10-12,191.25,,,,,,,
JH교래2,2019-10-13,191.54,,,,,,,
JH교래2,2019-10-14,191.77,,,,,,,
JH교래2,2019-10-15,191.96,,,,,,,
JH교래2,2019-10-16,192.08,,,,,,,
JH교래2,2019-10-17,192.15,,,,,,,
JH교래2,2019-10-18,192.16,,,,,,,
JH교래2,2019-10-19,192.14,,,,,,,
JH교래2,2019-10-20,192.1,,,,,,,
JH교래2,2019-10-21,192.01,,,,,,,
JH교래2,2019-10-22,191.91,,,,,,,
JH교래2,2019-10-23,191.81,,,,,,,
JH교래2,2019-10-24,191.67,,,,,,,
JH교래2,2019-10-25,191.54,,,,,,,
JH교래2,2019-10-26,191.4,,,,,,,
JH교래2,2019-10-27,191.25,,,,,,,
JH교래2,2019-10-28,191.09,,,,,,,
JH교래2,2019-10-29,190.91,,,,,,,
JH교래2,2019-10-30,190.74,,,,,,,
JH교래2,2019-10-31,190.56,,,,,,,
JH교래2,2019-11-01,190.34,,,,,,,
JH교래2,2019-11-02,190.07,,,,,,,
JH교래2,2019-11-03,189.81,,,,,,,
JH교래2,2019-11-04,189.53,,,,,,,
JH교래2,2019-11-05,189.25,,,,,,,
JH교래2,2019-11-06,188.93,,,,,,,
JH교래2,2019-11-07,188.57,,,,,,,
JH교래2,2019-11-08,188.18,,,,,,,
JH교래2,2019-11-09,187.75,,,,,,,
JH교래2,2019-11-10,187.32,,,,,,,
JH교래2,2019-11-11,186.91,,,,,,,
JH교래2,2019-11-12,186.58,,,,,,,
JH교래2,2019-11-13,186.29,,,,,,,
JH교래2,2019-11-14,186.01,,,,,,,
JH교래2,2019-11-15,185.78,,,,,,,
JH교래2,2019-11-16,185.56,,,,,,,
JH교래2,2019-11-17,185.35,,,,,,,
JH교래2,2019-11-18,185.16,,,,,,,
JH교래2,2019-11-19,184.99,,,,,,,
JH교래2,2019-11-20,184.82,,,,,,,
JH교래2,2019-11-21,184.65,,,,,,,
JH교래2,2019-11-22,184.48,,,,,,,
JH교래2,2019-11-23,184.29,,,,,,,
JH교래2,2019-11-24,184.11,,,,,,,
JH교래2,2019-11-25,183.94,,,,,,,
JH교래2,2019-11-26,183.79,,,,,,,
JH교래2,2019-11-27,183.6,,,,,,,
JH교래2,2019-11-28,183.42,,,,,,,
JH교래2,2019-11-29,183.26,,,,,,,
JH교래2,2019-11-30,183.11,,,,,,,
JH교래2,2019-12-01,182.91,,,,,,,
JH교래2,2019-12-02,182.71,,,,,,,
JH교래2,2019-12-03,182.56,,,,,,,
JH교래2,2019-12-04,182.43,,,,,,,
JH교래2,2019-12-05,182.29,,,,,,,
JH교래2,2019-12-06,182.14,,,,,,,
JH교래2,2019-12-07,181.96,,,,,,,
JH교래2,2019-12-08,181.8,,,,,,,
JH교래2,2019-12-09,181.62,,,,,,,
JH교래2,2019-12-10,181.44,,,,,,,
JH교래2,2019-12-11,181.25,,,,,,,
JH교래2,2019-12-12,181.1,,,,,,,
JH교래2,2019-12-13,180.96,,,,,,,
JH교래2,2019-12-14,180.79,,,,,,,
JH교래2,2019-12-15,180.64,,,,,,,
JH교래2,2019-12-16,180.46,,,,,,,
JH교래2,2019-12-17,180.26,,,,,,,
JH교래2,2019-12-18,180.09,,,,,,,
JH교래2,2019-12-19,179.94,,,,,,,
JH교래2,2019-12-20,179.8,,,,,,,
JH교래2,2019-12-21,179.65,,,,,,,
JH교래2,2019-12-22,179.46,,,,,,,
JH교래2,2019-12-23,179.24,,,,,,,
JH교래2,2019-12-24,179.06,,,,,,,
JH교래2,2019-12-25,178.89,,,,,,,
JH교래2,2019-12-26,178.68,,,,,,,
JH교래2,2019-12-27,178.46,,,,,,,
JH교래2,2019-12-28,178.31,,,,,,,
JH교래2,2019-12-29,178.14,,,,,,,
JH교래2,2019-12-30,177.9,,,,,,,
JH교래2,2019-12-31,177.75,,,,,,,
JH교래2,2020-01-01,177.6,,,,,,,
JH교래2,2020-01-02,177.42,,,,,,,
JH교래2,2020-01-03,177.23,,,,,,,
JH교래2,2020-01-04,177.03,,,,,,,
JH교래2,2020-01-05,176.84,,,,,,,
JH교래2,2020-01-06,176.64,,,,,,,
JH교래2,2020-01-07,176.41,,,,,,,
JH교래2,2020-01-08,176.11,,,,,,,
JH교래2,2020-01-09,175.91,,,,,,,
JH교래2,2020-01-10,175.69,,,,,,,
JH교래2,2020-01-11,175.42,,,,,,,
JH교래2,2020-01-12,175.16,,,,,,,
JH교래2,2020-01-13,174.91,,,,,,,
JH교래2,2020-01-14,174.67,,,,,,,
JH교래2,2020-01-15,174.43,,,,,,,
JH교래2,2020-01-16,174.22,,,,,,,
JH교래2,2020-01-17,174.03,,,,,,,
JH교래2,2020-01-18,173.83,,,,,,,
JH교래2,2020-01-19,173.62,,,,,,,
JH교래2,2020-01-20,173.43,,,,,,,
JH교래2,2020-01-21,173.25,,,,,,,
JH교래2,2020-01-22,173.09,,,,,,,
JH교래2,2020-01-23,172.9,,,,,,,
JH교래2,2020-01-24,172.74,,,,,,,
JH교래2,2020-01-25,172.62,,,,,,,
JH교래2,2020-01-26,172.47,,,,,,,
JH교래2,2020-01-27,172.27,,,,,,,
JH교래2,2020-01-28,172.04,,,,,,,
JH교래2,2020-01-29,171.85,,,,,,,
JH교래2,2020-01-30,171.69,,,,,,,
JH교래2,2020-01-31,171.56,,,,,,,
JH교래2,2020-02-01,171.46,,,,,,,
JH교래2,2020-02-02,171.35,,,,,,,
JH교래2,2020-02-03,171.22,,,,,,,
JH교래2,2020-02-04,171.09,,,,,,,
JH교래2,2020-02-05,170.98,,,,,,,
JH교래2,2020-02-06,170.88,,,,,,,
JH교래2,2020-02-07,170.73,,,,,,,
JH교래2,2020-02-08,170.55,,,,,,,
JH교래2,2020-02-09,170.38,,,,,,,
JH교래2,2020-02-10,170.19,,,,,,,
JH교래2,2020-02-11,170.04,,,,,,,
JH교래2,2020-02-12,169.91,,,,,,,
JH교래2,2020-02-13,169.71,,,,,,,
JH교래2,2020-02-14,169.57,,,,,,,
JH교래2,2020-02-15,169.43,,,,,,,
JH교래2,2020-02-16,169.27,,,,,,,
JH교래2,2020-02-17,169.1,,,,,,,
JH교래2,2020-02-18,168.94,,,,,,,
JH교래2,2020-02-19,168.82,,,,,,,
JH교래2,2020-02-20,168.65,,,,,,,
JH교래2,2020-02-21,168.51,,,,,,,
JH교래2,2020-02-22,168.27,,,,,,,
JH교래2,2020-02-23,168.04,,,,,,,
JH교래2,2020-02-24,167.97,,,,,,,
JH교래2,2020-02-25,167.85,,,,,,,
JH교래2,2020-02-26,167.73,,,,,,,
JH교래2,2020-02-27,167.68,,,,,,,
JH교래2,2020-02-28,167.65,,,,,,,
JH교래2,2020-02-29,167.53,,,,,,,
JH교래2,2020-03-01,167.43,,,,,,,
JH교래2,2020-03-02,167.34,,,,,,,
JH교래2,2020-03-03,167.29,,,,,,,
JH교래2,2020-03-04,167.21,,,,,,,
JH교래2,2020-03-05,167.12,,,,,,,
JH교래2,2020-03-06,167.05,,,,,,,
JH교래2,2020-03-07,166.96,,,,,,,
JH교래2,2020-03-08,166.86,,,,,,,
JH교래2,2020-03-09,166.82,,,,,,,
JH교래2,2020-03-10,166.69,,,,,,,
JH교래2,2020-03-11,166.59,,,,,,,
JH교래2,2020-03-12,166.57,,,,,,,
JH교래2,2020-03-13,166.52,,,,,,,
JH교래2,2020-03-14,166.44,,,,,,,
JH교래2,2020-03-15,166.35,,,,,,,
JH교래2,2020-03-16,166.24,,,,,,,
JH교래2,2020-03-17,166.24,,,,,,,
JH교래2,2020-03-18,166.16,,,,,,,
JH교래2,2020-03-19,166.07,,,,,,,
JH교래2,2020-03-20,166.0,,,,,,,
JH교래2,2020-03-21,165.96,,,,,,,
JH교래2,2020-03-22,165.88,,,,,,,
JH교래2,2020-03-23,165.81,,,,,,,
JH교래2,2020-03-24,165.77,,,,,,,
JH교래2,2020-03-25,165.74,,,,,,,
JH교래2,2020-03-26,165.7,,,,,,,
JH교래2,2020-03-27,165.59,,,,,,,
JH교래2,2020-03-28,165.55,,,,,,,
JH교래2,2020-03-29,165.51,,,,,,,
JH교래2,2020-03-30,165.47,,,,,,,
JH교래2,2020-03-31,165.44,,,,,,,
JH교래2,2020-04-01,165.36,,,,,,,
JH교래2,2020-04-02,165.28,,,,,,,
JH교래2,2020-04-03,165.27,,,,,,,
JH교래2,2020-04-04,165.22,,,,,,,
JH교래2,2020-04-05,165.16,,,,,,,
JH교래2,2020-04-06,165.14,,,,,,,
JH교래2,2020-04-07,165.08,,,,,,,
JH교래2,2020-04-08,164.95,,,,,,,
JH교래2,2020-04-09,164.81,,,,,,,
JH교래2,2020-04-10,164.79,,,,,,,
JH교래2,2020-04-11,164.77,,,,,,,
JH교래2,2020-04-12,164.67,,,,,,,
JH교래2,2020-04-13,164.55,,,,,,,
JH교래2,2020-04-14,164.49,,,,,,,
JH교래2,2020-04-15,164.5,,,,,,,
JH교래2,2020-04-16,164.43,,,,,,,
JH교래2,2020-04-17,164.39,,,,,,,
JH교래2,2020-04-18,164.3,,,,,,,
JH교래2,2020-04-19,164.29,,,,,,,
JH교래2,2020-04-20,164.15,,,,,,,
JH교래2,2020-04-21,164.09,,,,,,,
JH교래2,2020-04-22,164.08,,,,,,,
JH교래2,2020-04-23,164.05,,,,,,,
JH교래2,2020-04-24,164.11,,,,,,,
JH교래2,2020-04-25,164.02,,,,,,,
JH교래2,2020-04-26,163.89,,,,,,,
JH교래2,2020-04-27,163.93,,,,,,,
JH교래2,2020-04-28,163.93,,,,,,,
JH교래2,2020-04-29,163.9,,,,,,,
JH교래2,2020-04-30,163.85,,,,,,,
JH교래2,2020-05-01,163.75,,,,,,,
JH교래2,2020-05-02,163.67,,,,,,,
JH교래2,2020-05-03,163.56,,,,,,,
JH교래2,2020-05-04,163.44,,,,,,,
JH교래2,2020-05-05,163.43,,,,,,,
JH교래2,2020-05-06,163.37,,,,,,,
JH교래2,2020-05-07,163.32,,,,,,,
JH교래2,2020-05-08,163.28,,,,,,,
JH교래2,2020-05-09,163.21,,,,,,,
JH교래2,2020-05-10,163.11,,,,,,,
JH교래2,2020-05-11,163.07,,,,,,,
JH교래2,2020-05-12,163.01,,,,,,,
JH교래2,2020-05-13,162.93,,,,,,,
JH교래2,2020-05-14,162.92,,,,,,,
JH교래2,2020-05-15,162.86,,,,,,,
JH교래2,2020-05-16,162.78,,,,,,,
JH교래2,2020-05-17,162.72,,,,,,,
JH교래2,2020-05-18,162.66,,,,,,,
JH교래2,2020-05-19,162.54,,,,,,,
JH교래2,2020-05-20,162.5,,,,,,,
JH교래2,2020-05-21,162.54,,,,,,,
JH교래2,2020-05-22,162.57,,,,,,,
JH교래2,2020-05-23,162.55,,,,,,,
JH교래2,2020-05-24,162.53,,,,,,,
JH교래2,2020-05-25,162.54,,,,,,,
JH교래2,2020-05-26,162.54,,,,,,,
JH교래2,2020-05-27,162.55,,,,,,,
JH교래2,2020-05-28,162.55,,,,,,,
JH교래2,2020-05-29,162.56,,,,,,,
JH교래2,2020-05-30,162.61,,,,,,,
JH교래2,2020-05-31,162.63,,,,,,,
JH교래2,2020-06-01,162.6,,,,,,,
JH교래2,2020-06-02,162.58,,,,,,,
JH교래2,2020-06-03,162.54,,,,,,,
JH교래2,2020-06-04,162.55,,,,,,,
JH교래2,2020-06-05,162.53,,,,,,,
JH교래2,2020-06-06,162.54,,,,,,,
JH교래2,2020-06-07,162.52,,,,,,,
JH교래2,2020-06-08,162.52,,,,,,,
JH교래2,2020-06-09,162.53,,,,,,,
JH교래2,2020-06-10,162.54,,,,,,,
JH교래2,2020-06-11,162.48,,,,,,,
JH교래2,2020-06-12,162.39,,,,,,,
JH교래2,2020-06-13,162.35,,,,,,,
JH교래2,2020-06-14,162.31,,,,,,,
JH교래2,2020-06-15,162.3,,,,,,,
JH교래2,2020-06-16,162.28,,,,,,,
JH교래2,2020-06-17,162.24,,,,,,,
JH교래2,2020-06-18,162.2,,,,,,,
JH교래2,2020-06-19,162.09,,,,,,,
JH교래2,2020-06-20,162.1,,,,,,,
JH교래2,2020-06-21,162.08,,,,,,,
JH교래2,2020-06-22,162.03,,,,,,,
JH교래2,2020-06-23,162.0,,,,,,,
JH교래2,2020-06-24,162.0,,,,,,,
JH교래2,2020-06-25,161.9,,,,,,,
JH교래2,2020-06-26,161.85,,,,,,,
JH교래2,2020-06-27,161.84,,,,,,,
JH교래2,2020-06-28,161.78,,,,,,,
JH교래2,2020-06-29,161.77,,,,,,,
JH교래2,2020-06-30,161.66,,,,,,,
JH교래2,2020-07-01,161.6,,,,,,,
JH교래2,2020-07-02,161.61,,,,,,,
JH교래2,2020-07-03,161.64,,,,,,,
JH교래2,2020-07-04,161.61,,,,,,,
JH교래2,2020-07-05,161.6,,,,,,,
JH교래2,2020-07-06,161.57,,,,,,,
JH교래2,2020-07-07,161.54,,,,,,,
JH교래2,2020-07-08,161.65,,,,,,,
JH교래2,2020-07-09,161.71,,,,,,,
JH교래2,2020-07-10,161.79,,,,,,,
JH교래2,2020-07-11,161.88,,,,,,,
JH교래2,2020-07-12,161.99,,,,,,,
JH교래2,2020-07-13,162.07,,,,,,,
JH교래2,2020-07-14,162.11,,,,,,,
JH교래2,2020-07-15,162.21,,,,,,,
JH교래2,2020-07-16,162.35,,,,,,,
JH교래2,2020-07-17,162.51,,,,,,,
JH교래2,2020-07-18,162.73,,,,,,,
JH교래2,2020-07-19,162.93,,,,,,,
JH교래2,2020-07-20,163.09,,,,,,,
JH교래2,2020-07-21,163.31,,,,,,,
JH교래2,2020-07-22,163.53,,,,,,,
JH교래2,2020-07-23,163.76,,,,,,,
JH교래2,2020-07-24,163.92,,,,,,,
JH교래2,2020-07-25,164.02,,,,,,,
JH교래2,2020-07-26,164.21,,,,,,,
JH교래2,2020-07-27,164.39,,,,,,,
JH교래2,2020-07-28,164.54,,,,,,,
JH교래2,2020-07-29,164.71,,,,,,,
JH교래2,2020-07-30,164.86,,,,,,,
JH교래2,2020-07-31,164.99,,,,,,,
JH교래2,2020-08-01,165.09,,,,,,,
JH교래2,2020-08-02,165.19,,,,,,,
JH교래2,2020-08-03,165.28,,,,,,,
JH교래2,2020-08-04,165.36,,,,,,,
JH교래2,2020-08-05,165.45,,,,,,,
JH교래2,2020-08-06,165.53,,,,,,,
JH교래2,2020-08-07,165.61,,,,,,,
JH교래2,2020-08-08,165.67,,,,,,,
JH교래2,2020-08-09,165.71,,,,,,,
JH교래2,2020-08-10,165.79,,,,,,,
JH교래2,2020-08-11,165.84,,,,,,,
JH교래2,2020-08-12,165.95,,,,,,,
JH교래2,2020-08-13,166.06,,,,,,,
JH교래2,2020-08-14,166.14,,,,,,,
JH교래2,2020-08-15,166.17,,,,,,,
JH교래2,2020-08-16,166.23,,,,,,,
JH교래2,2020-08-17,166.29,,,,,,,
JH교래2,2020-08-18,166.37,,,,,,,
JH교래2,2020-08-19,166.43,,,,,,,
JH교래2,2020-08-20,166.48,,,,,,,
JH교래2,2020-08-21,166.53,,,,,,,
JH교래2,2020-08-22,166.61,,,,,,,
JH교래2,2020-08-23,166.68,,,,,,,
JH교래2,2020-08-24,166.73,,,,,,,
JH교래2,2020-08-25,166.8,,,,,,,
JH교래2,2020-08-26,166.86,,,,,,,
JH교래2,2020-08-27,166.84,,,,,,,
JH교래2,2020-08-28,166.93,,,,,,,
JH교래2,2020-08-29,167.01,,,,,,,
JH교래2,2020-08-30,167.1,,,,,,,
JH교래2,2020-08-31,167.2,,,,,,,
JH교래2,2020-09-01,167.25,,,,,,,
JH교래2,2020-09-02,167.3,,,,,,,
JH교래2,2020-09-03,167.18,,,,,,,
JH교래2,2020-09-04,167.27,,,,,,,
JH교래2,2020-09-05,167.47,,,,,,,
JH교래2,2020-09-06,167.91,,,,,,,
JH교래2,2020-09-07,168.32,,,,,,,
JH교래2,2020-09-08,168.74,,,,,,,
JH교래2,2020-09-09,169.47,,,,,,,
JH교래2,2020-09-10,170.14,,,,,,,
JH교래2,2020-09-11,170.84,,,,,,,
JH교래2,2020-09-12,171.59,,,,,,,
JH교래2,2020-09-13,172.34,,,,,,,
JH교래2,2020-09-14,173.13,,,,,,,
JH교래2,2020-09-15,173.81,,,,,,,
JH교래2,2020-09-16,174.6,,,,,,,
JH교래2,2020-09-17,175.58,,,,,,,
JH교래2,2020-09-18,176.4,,,,,,,
JH교래2,2020-09-19,177.12,,,,,,,
JH교래2,2020-09-20,177.72,,,,,,,
JH교래2,2020-09-21,178.17,,,,,,,
JH교래2,2020-09-22,178.52,,,,,,,
JH교래2,2020-09-23,178.78,,,,,,,
JH교래2,2020-09-24,179.02,,,,,,,
JH교래2,2020-09-25,179.2,,,,,,,
JH교래2,2020-09-26,179.34,,,,,,,
JH교래2,2020-09-27,179.48,,,,,,,
JH교래2,2020-09-28,179.58,,,,,,,
JH교래2,2020-09-29,179.66,,,,,,,
JH교래2,2020-09-30,179.71,,,,,,,
JH교래2,2020-10-01,179.78,,,,,,,
JH교래2,2020-10-02,179.85,,,,,,,
JH교래2,2020-10-03,179.89,,,,,,,
JH교래2,2020-10-04,179.9,,,,,,,
JH교래2,2020-10-05,179.9,,,,,,,
JH교래2,2020-10-06,179.92,,,,,,,
JH교래2,2020-10-07,179.94,,,,,,,
JH교래2,2020-10-08,179.91,,,,,,,
JH교래2,2020-10-09,179.84,,,,,,,
JH교래2,2020-10-10,179.79,,,,,,,
JH교래2,2020-10-11,179.75,,,,,,,
JH교래2,2020-10-12,179.69,,,,,,,
JH교래2,2020-10-13,179.65,,,,,,,
JH교래2,2020-10-14,179.6,,,,,,,
JH교래2,2020-10-15,179.55,,,,,,,
JH교래2,2020-10-16,179.48,,,,,,,
JH교래2,2020-10-17,179.38,,,,,,,
JH교래2,2020-10-18,179.29,,,,,,,
JH교래2,2020-10-19,179.2,,,,,,,
JH교래2,2020-10-20,179.09,,,,,,,
JH교래2,2020-10-21,178.98,,,,,,,
JH교래2,2020-10-22,178.82,,,,,,,
JH교래2,2020-10-23,178.69,,,,,,,
JH교래2,2020-10-24,178.58,,,,,,,
JH교래2,2020-10-25,178.47,,,,,,,
JH교래2,2020-10-26,178.34,,,,,,,
JH교래2,2020-10-27,178.2,,,,,,,
JH교래2,2020-10-28,178.06,,,,,,,
JH교래2,2020-10-29,177.93,,,,,,,
JH교래2,2020-10-30,177.76,,,,,,,
JH교래2,2020-10-31,177.63,,,,,,,
JH교래2,2020-11-01,177.47,,,,,,,
JH교래2,2020-11-02,177.31,,,,,,,
JH교래2,2020-11-03,177.1,,,,,,,
JH교래2,2020-11-04,176.88,,,,,,,
JH교래2,2020-11-05,176.7,,,,,,,
JH교래2,2020-11-06,176.49,,,,,,,
JH교래2,2020-11-07,176.28,,,,,,,
JH교래2,2020-11-08,176.05,,,,,,,
JH교래2,2020-11-09,175.83,,,,,,,
JH교래2,2020-11-10,175.61,,,,,,,
JH교래2,2020-11-11,175.38,,,,,,,
JH교래2,2020-11-12,175.15,,,,,,,
JH교래2,2020-11-13,174.88,,,,,,,
JH교래2,2020-11-14,174.65,,,,,,,
JH교래2,2020-11-15,174.41,,,,,,,
JH교래2,2020-11-16,174.15,,,,,,,
JH교래2,2020-11-17,173.93,,,,,,,
JH교래2,2020-11-18,173.69,,,,,,,
JH교래2,2020-11-19,173.42,,,,,,,
JH교래2,2020-11-20,173.16,,,,,,,
JH교래2,2020-11-21,172.94,,,,,,,
JH교래2,2020-11-22,172.73,,,,,,,
JH교래2,2020-11-23,172.53,,,,,,,
JH교래2,2020-11-24,172.38,,,,,,,
JH교래2,2020-11-25,172.19,,,,,,,
JH교래2,2020-11-26,172.01,,,,,,,
JH교래2,2020-11-27,171.82,,,,,,,
JH교래2,2020-11-28,171.63,,,,,,,
JH교래2,2020-11-29,171.45,,,,,,,
JH교래2,2020-11-30,171.28,,,,,,,
JH교래2,2020-12-01,171.12,,,,,,,
JH교래2,2020-12-02,170.94,,,,,,,
JH교래2,2020-12-03,170.74,,,,,,,
JH교래2,2020-12-04,170.55,,,,,,,
JH교래2,2020-12-05,170.36,,,,,,,
JH교래2,2020-12-06,170.16,,,,,,,
JH교래2,2020-12-07,169.94,,,,,,,
JH교래2,2020-12-08,169.72,,,,,,,
JH교래2,2020-12-09,169.53,,,,,,,
JH교래2,2020-12-10,169.33,,,,,,,
JH교래2,2020-12-11,169.13,,,,,,,
JH교래2,2020-12-12,168.9,,,,,,,
JH교래2,2020-12-13,168.67,,,,,,,
JH교래2,2020-12-14,168.37,,,,,,,
JH교래2,2020-12-15,168.09,,,,,,,
JH교래2,2020-12-16,167.8,,,,,,,
JH교래2,2020-12-17,167.68,,,,,,,
JH교래2,2020-12-18,167.56,,,,,,,
JH교래2,2020-12-19,167.45,,,,,,,
JH교래2,2020-12-20,167.36,,,,,,,
JH교래2,2020-12-21,167.26,,,,,,,
JH교래2,2020-12-22,167.14,,,,,,,
JH교래2,2020-12-23,167.02,,,,,,,
JH교래2,2020-12-24,166.88,,,,,,,
JH교래2,2020-12-25,166.74,,,,,,,
JH교래2,2020-12-26,166.67,,,,,,,
JH교래2,2020-12-27,166.59,,,,,,,
JH교래2,2020-12-28,166.47,,,,,,,
JH교래2,2020-12-29,166.42,,,,,,,
JH교래2,2020-12-30,166.28,,,,,,,
JH교래2,2020-12-31,166.2,,,,,,,
JH교래2,2021-01-01,166.15,,,,,,,
JH교래2,2021-01-02,166.07,,,,,,,
JH교래2,2021-01-03,165.99,,,,,,,
JH교래2,2021-01-04,165.92,,,,,,,
JH교래2,2021-01-05,165.83,,,,,,,
JH교래2,2021-01-06,165.73,,,,,,,
JH교래2,2021-01-07,165.61,,,,,,,
JH교래2,2021-01-08,165.53,,,,,,,
JH교래2,2021-01-09,165.42,,,,,,,
JH교래2,2021-01-10,165.34,,,,,,,
JH교래2,2021-01-11,165.28,,,,,,,
JH교래2,2021-01-12,165.2,,,,,,,
JH교래2,2021-01-13,165.08,,,,,,,
JH교래2,2021-01-14,164.99,,,,,,,
JH교래2,2021-01-15,164.91,,,,,,,
JH교래2,2021-01-16,164.8,,,,,,,
JH교래2,2021-01-17,164.75,,,,,,,
JH교래2,2021-01-18,164.71,,,,,,,
JH교래2,2021-01-19,164.59,,,,,,,
JH교래2,2021-01-20,164.56,,,,,,,
JH교래2,2021-01-21,164.49,,,,,,,
JH교래2,2021-01-22,164.4,,,,,,,
JH교래2,2021-01-23,164.28,,,,,,,
JH교래2,2021-01-24,164.16,,,,,,,
JH교래2,2021-01-25,164.14,,,,,,,
JH교래2,2021-01-26,164.07,,,,,,,
JH교래2,2021-01-27,163.96,,,,,,,
JH교래2,2021-01-28,163.91,,,,,,,
JH교래2,2021-01-29,163.81,,,,,,,
JH교래2,2021-01-30,163.77,,,,,,,
JH교래2,2021-01-31,163.75,,,,,,,
JH교래2,2021-02-01,163.69,,,,,,,
JH교래2,2021-02-02,163.56,,,,,,,
JH교래2,2021-02-03,163.52,,,,,,,
JH교래2,2021-02-04,163.45,,,,,,,
JH교래2,2021-02-05,163.42,,,,,,,
JH교래2,2021-02-06,163.32,,,,,,,
JH교래2,2021-02-07,163.22,,,,,,,
JH교래2,2021-02-08,163.18,,,,,,,
JH교래2,2021-02-09,163.16,,,,,,,
JH교래2,2021-02-10,163.13,,,,,,,
JH교래2,2021-02-11,163.08,,,,,,,
JH교래2,2021-02-12,163.03,,,,,,,
JH교래2,2021-02-13,163.0,,,,,,,
JH교래2,2021-02-14,162.97,,,,,,,
JH교래2,2021-02-15,162.86,,,,,,,
JH교래2,2021-02-16,162.81,,,,,,,
JH교래2,2021-02-17,162.76,,,,,,,
JH교래2,2021-02-18,162.75,,,,,,,
JH교래2,2021-02-19,162.74,,,,,,,
JH교래2,2021-02-20,162.71,,,,,,,
JH교래2,2021-02-21,162.64,,,,,,,
JH교래2,2021-02-22,162.58,,,,,,,
JH교래2,2021-02-23,162.56,,,,,,,
JH교래2,2021-02-24,162.56,,,,,,,
JH교래2,2021-02-25,162.54,,,,,,,
JH교래2,2021-02-26,162.48,,,,,,,
JH교래2,2021-02-27,162.44,,,,,,,
JH교래2,2021-02-28,162.44,,,,,,,
JH교래2,2021-03-01,162.44,,,,,,,
JH교래2,2021-03-02,162.3,,,,,,,
JH교래2,2021-03-03,162.32,,,,,,,
JH교래2,2021-03-04,162.35,,,,,,,
JH교래2,2021-03-05,162.26,,,,,,,
JH교래2,2021-03-06,162.2,,,,,,,
JH교래2,2021-03-07,162.2,,,,,,,
JH교래2,2021-03-08,162.18,,,,,,,
JH교래2,2021-03-09,162.15,,,,,,,
JH교래2,2021-03-10,162.1,,,,,,,
JH교래2,2021-03-11,162.11,,,,,,,
JH교래2,2021-03-12,162.06,,,,,,,
JH교래2,2021-03-13,161.98,,,,,,,
JH교래2,2021-03-14,161.95,,,,,,,
JH교래2,2021-03-15,161.94,,,,,,,
JH교래2,2021-03-16,161.9,,,,,,,
JH교래2,2021-03-17,161.86,,,,,,,
JH교래2,2021-03-18,161.87,,,,,,,
JH교래2,2021-03-19,161.9,,,,,,,
JH교래2,2021-03-20,161.93,,,,,,,
JH교래2,2021-03-22,161.97,,,,,,,
JH교래2,2021-03-23,162.07,,,,,,,
JH교래2,2021-03-24,162.13,,,,,,,
JH교래2,2021-03-25,162.17,,,,,,,
JH교래2,2021-03-26,162.23,,,,,,,
JH교래2,2021-03-27,162.29,,,,,,,
JH교래2,2021-03-28,162.24,,,,,,,
JH교래2,2021-03-29,162.23,,,,,,,
JH교래2,2021-03-30,162.25,,,,,,,
JH교래2,2021-03-31,162.29,,,,,,,
JH교래2,2021-04-01,162.32,,,,,,,
JH교래2,2021-04-02,162.36,,,,,,,
JH교래2,2021-04-03,162.41,,,,,,,
JH교래2,2021-04-04,162.37,,,,,,,
JH교래2,2021-04-05,162.38,,,,,,,
JH교래2,2021-04-06,162.45,,,,,,,
JH교래2,2021-04-07,162.49,,,,,,,
JH교래2,2021-04-08,162.53,,,,,,,
JH교래2,2021-04-09,162.55,,,,,,,
JH교래2,2021-04-10,162.66,,,,,,,
JH교래2,2021-04-11,162.76,,,,,,,
JH교래2,2021-04-12,162.85,,,,,,,
JH교래2,2021-04-13,162.79,,,,,,,
JH교래2,2021-04-14,162.8,,,,,,,
JH교래2,2021-04-15,162.86,,,,,,,
JH교래2,2021-04-16,162.9,,,,,,,
JH교래2,2021-04-17,162.95,,,,,,,
JH교래2,2021-04-18,162.99,,,,,,,
JH교래2,2021-04-19,163.05,,,,,,,
JH교래2,2021-04-20,163.11,,,,,,,
JH교래2,2021-04-21,163.18,,,,,,,
JH교래2,2021-04-22,163.24,,,,,,,
JH교래2,2021-04-23,163.26,,,,,,,
JH교래2,2021-04-24,163.31,,,,,,,
JH교래2,2021-04-25,163.36,,,,,,,
JH교래2,2021-04-26,163.41,,,,,,,
JH교래2,2021-04-27,163.48,,,,,,,
JH교래2,2021-04-28,163.53,,,,,,,
JH교래2,2021-04-29,163.61,,,,,,,
JH교래2,2021-04-30,163.57,,,,,,,
JH교래2,2021-05-01,163.59,,,,,,,
JH교래2,2021-05-02,163.62,,,,,,,
JH교래2,2021-05-03,163.72,,,,,,,
JH교래2,2021-05-04,163.81,,,,,,,
JH교래2,2021-05-05,163.74,,,,,,,
JH교래2,2021-05-06,163.83,,,,,,,
JH교래2,2021-05-07,163.88,,,,,,,
JH교래2,2021-05-08,163.85,,,,,,,
JH교래2,2021-05-09,163.81,,,,,,,
JH교래2,2021-05-10,163.86,,,,,,,
JH교래2,2021-05-11,163.88,,,,,,,
JH교래2,2021-05-12,163.88,,,,,,,
JH교래2,2021-05-13,163.89,,,,,,,
JH교래2,2021-05-14,163.91,,,,,,,
JH교래2,2021-05-15,163.92,,,,,,,
JH교래2,2021-05-16,163.89,,,,,,,
JH교래2,2021-05-17,163.86,,,,,,,
JH교래2,2021-05-18,163.9,,,,,,,
JH교래2,2021-05-19,163.94,,,,,,,
JH교래2,2021-05-20,163.99,,,,,,,
JH교래2,2021-05-21,163.91,,,,,,,
JH교래2,2021-05-22,163.94,,,,,,,
JH교래2,2021-05-23,163.95,,,,,,,
JH교래2,2021-05-24,163.95,,,,,,,
JH교래2,2021-05-25,163.95,,,,,,,
JH교래2,2021-05-26,163.97,,,,,,,
JH교래2,2021-05-27,163.95,,,,,,,
JH교래2,2021-05-28,163.93,,,,,,,
JH교래2,2021-05-29,163.88,,,,,,,
JH교래2,2021-05-30,163.89,,,,,,,
JH교래2,2021-05-31,163.89,,,,,,,
JH교래2,2021-06-01,163.9,,,,,,,
JH교래2,2021-06-02,163.92,,,,,,,
JH교래2,2021-06-03,163.93,,,,,,,
JH교래2,2021-06-04,163.8,,,,,,,
JH교래2,2021-06-05,163.77,,,,,,,
JH교래2,2021-06-06,163.71,,,,,,,
JH교래2,2021-06-07,163.68,,,,,,,
JH교래2,2021-06-08,163.68,,,,,,,
JH교래2,2021-06-09,163.64,,,,,,,
JH교래2,2021-06-10,163.62,,,,,,,
JH교래2,2021-06-11,163.54,,,,,,,
JH교래2,2021-06-12,163.48,,,,,,,
JH교래2,2021-06-13,163.45,,,,,,,
JH교래2,2021-06-14,163.4,,,,,,,
JH교래2,2021-06-15,163.35,,,,,,,
JH교래2,2021-06-16,163.25,,,,,,,
JH교래2,2021-06-17,163.23,,,,,,,
JH교래2,2021-06-18,163.26,,,,,,,
JH교래2,2021-06-19,163.26,,,,,,,
JH교래2,2021-06-20,163.28,,,,,,,
JH교래2,2021-06-21,163.33,,,,,,,
JH교래2,2021-06-22,163.38,,,,,,,
JH교래2,2021-06-23,163.42,,,,,,,
JH교래2,2021-06-24,163.44,,,,,,,
JH교래2,2021-06-25,163.46,,,,,,,
JH교래2,2021-06-26,163.47,,,,,,,
JH교래2,2021-06-27,163.48,,,,,,,
JH교래2,2021-06-28,163.45,,,,,,,
JH교래2,2021-06-29,163.43,,,,,,,
JH교래2,2021-06-30,163.45,,,,,,,
JH교래2,2021-07-01,163.46,,,,,,,
JH교래2,2021-07-02,163.47,,,,,,,
JH교래2,2021-07-03,163.52,,,,,,,
JH교래2,2021-07-04,163.5,,,,,,,
JH교래2,2021-07-05,163.53,,,,,,,
JH교래2,2021-07-06,163.56,,,,,,,
JH교래2,2021-07-07,163.58,,,,,,,
JH교래2,2021-07-08,163.59,,,,,,,
JH교래2,2021-07-09,163.6,,,,,,,
JH교래2,2021-07-10,163.6,,,,,,,
JH교래2,2021-07-11,163.61,,,,,,,
JH교래2,2021-07-12,163.64,,,,,,,
JH교래2,2021-07-13,163.63,,,,,,,
JH교래2,2021-07-14,163.64,,,,,,,
JH교래2,2021-07-15,163.64,,,,,,,
JH교래2,2021-07-16,163.65,,,,,,,
JH교래2,2021-07-17,163.65,,,,,,,
JH교래2,2021-07-18,163.62,,,,,,,
JH교래2,2021-07-19,163.78,,,,,,,
JH교래2,2021-07-20,163.82,,,,,,,
JH교래2,2021-07-21,163.83,,,,,,,
JH교래2,2021-07-22,163.81,,,,,,,
JH교래2,2021-07-23,163.8,,,,,,,
JH교래2,2021-07-24,163.78,,,,,,,
JH교래2,2021-07-25,163.76,,,,,,,
JH교래2,2021-07-26,163.73,,,,,,,
JH교래2,2021-07-27,163.7,,,,,,,
JH교래2,2021-07-28,163.68,,,,,,,
JH교래2,2021-07-29,163.67,,,,,,,
JH교래2,2021-07-30,163.65,,,,,,,
JH교래2,2021-07-31,163.63,,,,,,,
JH교래2,2021-08-01,163.62,,,,,,,
JH교래2,2021-08-02,163.6,,,,,,,
JH교래2,2021-08-03,163.58,,,,,,,
JH교래2,2021-08-04,163.61,,,,,,,
JH교래2,2021-08-05,163.63,,,,,,,
JH교래2,2021-08-06,163.63,,,,,,,
JH교래2,2021-08-07,163.61,,,,,,,
JH교래2,2021-08-08,163.62,,,,,,,
JH교래2,2021-08-09,163.61,,,,,,,
JH교래2,2021-08-10,163.63,,,,,,,
JH교래2,2021-08-11,163.72,,,,,,,
JH교래2,2021-08-12,163.78,,,,,,,
JH교래2,2021-08-13,163.84,,,,,,,
JH교래2,2021-08-14,163.86,,,,,,,
JH교래2,2021-08-15,163.9,,,,,,,
JH교래2,2021-08-16,164.03,,,,,,,
JH교래2,2021-08-17,164.12,,,,,,,
JH교래2,2021-08-18,164.2,,,,,,,
JH교래2,2021-08-19,164.29,,,,,,,
JH교래2,2021-08-20,164.47,,,,,,,
JH교래2,2021-08-21,164.69,,,,,,,
JH교래2,2021-08-22,164.85,,,,,,,
JH교래2,2021-08-23,165.16,,,,,,,
JH교래2,2021-08-24,165.35,,,,,,,
JH교래2,2021-08-25,165.58,,,,,,,
JH교래2,2021-08-26,165.87,,,,,,,
JH교래2,2021-08-27,166.28,,,,,,,
JH교래2,2021-08-28,166.66,,,,,,,
JH교래2,2021-08-29,167.08,,,,,,,
JH교래2,2021-08-30,167.55,,,,,,,
JH교래2,2021-08-31,168.03,,,,,,,
JH교래2,2021-09-01,168.6,,,,,,,
JH교래2,2021-09-02,169.4,,,,,,,
JH교래2,2021-09-03,170.46,,,,,,,
JH교래2,2021-09-04,171.2,,,,,,,
JH교래2,2021-09-05,171.89,,,,,,,
JH교래2,2021-09-06,172.46,,,,,,,
JH교래2,2021-09-07,172.96,,,,,,,
JH교래2,2021-09-08,173.32,,,,,,,
JH교래2,2021-09-09,173.71,,,,,,,
JH교래2,2021-09-10,174.04,,,,,,,
JH교래2,2021-09-11,174.38,,,,,,,
JH교래2,2021-09-12,174.75,,,,,,,
JH교래2,2021-09-13,175.09,,,,,,,
JH교래2,2021-09-14,175.39,,,,,,,
JH교래2,2021-09-15,175.6,,,,,,,
JH교래2,2021-09-16,175.81,,,,,,,
JH교래2,2021-09-17,175.96,,,,,,,
JH교래2,2021-09-18,176.06,,,,,,,
JH교래2,2021-09-19,176.32,,,,,,,
JH교래2,2021-09-20,176.65,,,,,,,
JH교래2,2021-09-21,177.03,,,,,,,
JH교래2,2021-09-22,177.56,,,,,,,
JH교래2,2021-09-23,178.14,,,,,,,
JH교래2,2021-09-24,178.76,,,,,,,
JH교래2,2021-09-25,179.32,,,,,,,
JH교래2,2021-09-26,179.82,,,,,,,
JH교래2,2021-09-27,180.31,,,,,,,
JH교래2,2021-09-28,180.78,,,,,,,
JH교래2,2021-09-29,181.17,,,,,,,
JH교래2,2021-09-30,181.48,,,,,,,
JH교래2,2021-10-01,181.78,,,,,,,
JH교래2,2021-10-02,182.06,,,,,,,
JH교래2,2021-10-03,182.32,,,,,,,
JH교래2,2021-10-04,182.53,,,,,,,
JH교래2,2021-10-05,182.7,,,,,,,
JH교래2,2021-10-06,182.81,,,,,,,
JH교래2,2021-10-07,182.89,,,,,,,
JH교래2,2021-10-08,182.96,,,,,,,
JH교래2,2021-10-09,183.01,,,,,,,
JH교래2,2021-10-10,183.04,,,,,,,
JH교래2,2021-10-11,183.03,,,,,,,
JH교래2,2021-10-12,183.04,,,,,,,
JH교래2,2021-10-13,183.02,,,,,,,
JH교래2,2021-10-14,182.98,,,,,,,
JH교래2,2021-10-15,182.92,,,,,,,
JH교래2,2021-10-16,182.85,,,,,,,
JH교래2,2021-10-17,182.8,,,,,,,
JH교래2,2021-10-18,182.73,,,,,,,
JH교래2,2021-10-19,182.63,,,,,,,
JH교래2,2021-10-20,182.52,,,,,,,
JH교래2,2021-10-21,182.41,,,,,,,
JH교래2,2021-10-22,182.31,,,,,,,
JH교래2,2021-10-23,182.21,,,,,,,
JH교래2,2021-10-24,182.11,,,,,,,
JH교래2,2021-10-25,181.97,,,,,,,
JH교래2,2021-10-26,181.82,,,,,,,
JH교래2,2021-10-27,181.68,,,,,,,
JH교래2,2021-10-28,181.55,,,,,,,
JH교래2,2021-10-29,181.43,,,,,,,
JH교래2,2021-10-30,181.28,,,,,,,
JH교래2,2021-10-31,181.14,,,,,,,
JH교래2,2021-11-01,180.99,,,,,,,
JH교래2,2021-11-02,180.83,,,,,,,
JH교래2,2021-11-03,180.67,,,,,,,
JH교래2,2021-11-04,180.5,,,,,,,
JH교래2,2021-11-05,180.34,,,,,,,
JH교래2,2021-11-06,180.16,,,,,,,
JH교래2,2021-11-07,180.0,,,,,,,
JH교래2,2021-11-08,179.83,,,,,,,
JH교래2,2021-11-09,179.67,,,,,,,
JH교래2,2021-11-10,179.49,,,,,,,
JH교래2,2021-11-11,179.32,,,,,,,
JH교래2,2021-11-12,179.16,,,,,,,
JH교래2,2021-11-13,178.99,,,,,,,
JH교래2,2021-11-14,178.81,,,,,,,
JH교래2,2021-11-15,178.66,,,,,,,
JH교래2,2021-11-16,178.49,,,,,,,
JH교래2,2021-11-17,178.31,,,,,,,
JH교래2,2021-11-18,178.12,,,,,,,
JH교래2,2021-11-19,177.91,,,,,,,
JH교래2,2021-11-20,177.72,,,,,,,
JH교래2,2021-11-21,177.55,,,,,,,
JH교래2,2021-11-22,177.35,,,,,,,
JH교래2,2021-11-23,177.14,,,,,,,
JH교래2,2021-11-24,176.89,,,,,,,
JH교래2,2021-11-25,176.65,,,,,,,
JH교래2,2021-11-26,176.38,,,,,,,
JH교래2,2021-11-27,176.16,,,,,,,
JH교래2,2021-11-28,175.94,,,,,,,
JH교래2,2021-11-29,175.68,,,,,,,
JH교래2,2021-11-30,175.41,,,,,,,
JH교래2,2021-12-01,175.06,,,,,,,
JH교래2,2021-12-02,174.81,,,,,,,
JH교래2,2021-12-03,174.54,,,,,,,
JH교래2,2021-12-04,174.28,,,,,,,
JH교래2,2021-12-05,174.09,,,,,,,
JH교래2,2021-12-06,173.87,,,,,,,
JH교래2,2021-12-07,173.63,,,,,,,
JH교래2,2021-12-08,173.43,,,,,,,
JH교래2,2021-12-09,173.23,,,,,,,
JH교래2,2021-12-10,173.01,,,,,,,
JH교래2,2021-12-11,172.81,,,,,,,
JH교래2,2021-12-12,172.61,,,,,,,
JH교래2,2021-12-13,172.44,,,,,,,
JH교래2,2021-12-14,172.28,,,,,,,
JH교래2,2021-12-15,172.08,,,,,,,
JH교래2,2021-12-16,171.9,,,,,,,
JH교래2,2021-12-17,171.68,,,,,,,
JH교래2,2021-12-18,171.52,,,,,,,
JH교래2,2021-12-19,171.36,,,,,,,
JH교래2,2021-12-20,171.17,,,,,,,
JH교래2,2021-12-21,170.97,,,,,,,
JH교래2,2021-12-22,170.76,,,,,,,
JH교래2,2021-12-23,170.57,,,,,,,
JH교래2,2021-12-24,170.38,,,,,,,
JH교래2,2021-12-25,170.13,,,,,,,
JH교래2,2021-12-26,169.94,,,,,,,
JH교래2,2021-12-27,169.77,,,,,,,
JH교래2,2021-12-28,169.6,,,,,,,
JH교래2,2021-12-29,169.39,,,,,,,
JH교래2,2021-12-30,169.12,,,,,,,
JH교래2,2021-12-31,168.89,,,,,,,
JH교래2,2022-01-01,168.66,,,,,,,
JH교래2,2022-01-02,168.36,,,,,,,
JH교래2,2022-01-03,168.04,,,,,,,
JH교래2,2022-01-04,167.91,,,,,,,
JH교래2,2022-01-05,167.79,,,,,,,
JH교래2,2022-01-06,167.67,,,,,,,
JH교래2,2022-01-07,167.58,,,,,,,
JH교래2,2022-01-08,167.49,,,,,,,
JH교래2,2022-01-09,167.36,,,,,,,
JH교래2,2022-01-10,167.24,,,,,,,
JH교래2,2022-01-11,167.09,,,,,,,
JH교래2,2022-01-12,166.96,,,,,,,
JH교래2,2022-01-13,166.88,,,,,,,
JH교래2,2022-01-14,166.78,,,,,,,
JH교래2,2022-01-15,166.7,,,,,,,
JH교래2,2022-01-16,166.59,,,,,,,
JH교래2,2022-01-17,166.51,,,,,,,
JH교래2,2022-01-18,166.43,,,,,,,
JH교래2,2022-01-19,166.35,,,,,,,
JH교래2,2022-01-20,166.24,,,,,,,
JH교래2,2022-01-21,166.16,,,,,,,
JH교래2,2022-01-22,166.1,,,,,,,
JH교래2,2022-01-23,166.01,,,,,,,
JH교래2,2022-01-24,165.87,,,,,,,
JH교래2,2022-01-25,165.79,,,,,,,
JH교래2,2022-01-26,165.69,,,,,,,
JH교래2,2022-01-27,165.62,,,,,,,
JH교래2,2022-01-28,165.53,,,,,,,
JH교래2,2022-01-29,165.45,,,,,,,
JH교래2,2022-01-30,165.33,,,,,,,
JH교래2,2022-01-31,165.24,,,,,,,
JH교래2,2022-02-01,165.19,,,,,,,
JH교래2,2022-02-02,165.13,,,,,,,
JH교래2,2022-02-03,165.07,,,,,,,
JH교래2,2022-02-04,164.96,,,,,,,
JH교래2,2022-02-05,164.86,,,,,,,
JH교래2,2022-02-06,164.77,,,,,,,
JH교래2,2022-02-07,164.71,,,,,,,
JH교래2,2022-02-08,164.62,,,,,,,
JH교래2,2022-02-09,164.54,,,,,,,
JH교래2,2022-02-10,164.42,,,,,,,
JH교래2,2022-02-11,164.34,,,,,,,
JH교래2,2022-02-12,164.28,,,,,,,
JH교래2,2022-02-13,164.2,,,,,,,
JH교래2,2022-02-14,164.1,,,,,,,
JH교래2,2022-02-15,164.04,,,,,,,
JH교래2,2022-02-16,163.97,,,,,,,
JH교래2,2022-02-17,163.89,,,,,,,
JH교래2,2022-02-18,163.85,,,,,,,
JH교래2,2022-02-19,163.8,,,,,,,
JH교래2,2022-02-20,163.7,,,,,,,
JH교래2,2022-02-21,163.65,,,,,,,
JH교래2,2022-02-22,163.62,,,,,,,
JH교래2,2022-02-23,163.57,,,,,,,
JH교래2,2022-02-24,163.52,,,,,,,
JH교래2,2022-02-25,163.45,,,,,,,
JH교래2,2022-02-26,163.39,,,,,,,
JH교래2,2022-02-27,163.26,,,,,,,
JH교래2,2022-02-28,163.2,,,,,,,
JH교래2,2022-03-01,163.12,,,,,,,
JH교래2,2022-03-02,163.01,,,,,,,
JH교래2,2022-03-03,162.96,,,,,,,
JH교래2,2022-03-04,162.92,,,,,,,
JH교래2,2022-03-05,162.82,,,,,,,
JH교래2,2022-03-06,162.76,,,,,,,
JH교래2,2022-03-07,162.73,,,,,,,
JH교래2,2022-03-08,162.67,,,,,,,
JH교래2,2022-03-09,162.61,,,,,,,
JH교래2,2022-03-10,162.59,,,,,,,
JH교래2,2022-03-11,162.52,,,,,,,
JH교래2,2022-03-12,162.46,,,,,,,
JH교래2,2022-03-13,162.39,,,,,,,
JH교래2,2022-03-14,162.3,,,,,,,
JH교래2,2022-03-15,162.24,,,,,,,
JH교래2,2022-03-16,162.19,,,,,,,
JH교래2,2022-03-17,162.15,,,,,,,
JH교래2,2022-03-18,162.09,,,,,,,
JH교래2,2022-03-19,161.98,,,,,,,
JH교래2,2022-03-20,161.92,,,,,,,
JH교래2,2022-03-21,161.92,,,,,,,
JH교래2,2022-03-22,161.89,,,,,,,
JH교래2,2022-03-23,161.84,,,,,,,
JH교래2,2022-03-24,161.77,,,,,,,
JH교래2,2022-03-25,161.76,,,,,,,
JH교래2,2022-03-26,161.63,,,,,,,
JH교래2,2022-03-27,161.53,,,,,,,
JH교래2,2022-03-28,161.53,,,,,,,
JH교래2,2022-03-29,161.53,,,,,,,
JH교래2,2022-03-30,161.51,,,,,,,
JH교래2,2022-03-31,161.43,,,,,,,
JH교래2,2022-04-01,161.41,,,,,,,
JH교래2,2022-04-02,161.42,,,,,,,
JH교래2,2022-04-03,161.39,,,,,,,
JH교래2,2022-04-04,161.38,,,,,,,
JH교래2,2022-04-05,161.37,,,,,,,
JH교래2,2022-04-06,161.38,,,,,,,
JH교래2,2022-04-07,161.42,,,,,,,
JH교래2,2022-04-08,161.51,,,,,,,
JH교래2,2022-04-09,161.63,,,,,,,
JH교래2,2022-04-10,161.71,,,,,,,
JH교래2,2022-04-11,161.78,,,,,,,
JH교래2,2022-04-12,161.78,,,,,,,
JH교래2,2022-04-13,161.75,,,,,,,
JH교래2,2022-04-14,161.74,,,,,,,
JH교래2,2022-04-15,161.75,,,,,,,
JH교래2,2022-04-16,161.75,,,,,,,
JH교래2,2022-04-17,161.77,,,,,,,
JH교래2,2022-04-18,161.79,,,,,,,
JH교래2,2022-04-19,161.77,,,,,,,
JH교래2,2022-04-20,161.76,,,,,,,
JH교래2,2022-04-21,161.75,,,,,,,
JH교래2,2022-04-22,161.71,,,,,,,
JH교래2,2022-04-23,161.7,,,,,,,
JH교래2,2022-04-24,161.66,,,,,,,
JH교래2,2022-04-25,161.66,,,,,,,
JH교래2,2022-04-26,161.62,,,,,,,
JH교래2,2022-04-27,161.51,,,,,,,
JH교래2,2022-04-28,161.55,,,,,,,
JH교래2,2022-04-29,161.52,,,,,,,
JH교래2,2022-04-30,161.49,,,,,,,
JH교래2,2022-05-01,161.48,,,,,,,
JH교래2,2022-05-02,161.45,,,,,,,
JH교래2,2022-05-03,161.4,,,,,,,
JH교래2,2022-05-04,161.4,,,,,,,
JH교래2,2022-05-05,161.39,,,,,,,
JH교래2,2022-05-06,161.36,,,,,,,
JH교래2,2022-05-07,161.3,,,,,,,
JH교래2,2022-05-08,161.29,,,,,,,
JH교래2,2022-05-09,161.26,,,,,,,
JH교래2,2022-05-10,161.25,,,,,,,
JH교래2,2022-05-11,161.23,,,,,,,
JH교래2,2022-05-12,161.22,,,,,,,
JH교래2,2022-05-13,161.19,,,,,,,
JH교래2,2022-05-14,161.14,,,,,,,
JH교래2,2022-05-15,161.17,,,,,,,
JH교래2,2022-05-16,161.18,,,,,,,
JH교래2,2022-05-17,161.16,,,,,,,
JH교래2,2022-05-18,161.16,,,,,,,
JH교래2,2022-05-19,161.2,,,,,,,
JH교래2,2022-05-20,161.19,,,,,,,
JH교래2,2022-05-21,161.15,,,,,,,
JH교래2,2022-05-22,161.09,,,,,,,
JH교래2,2022-05-23,161.07,,,,,,,
JH교래2,2022-05-24,161.08,,,,,,,
JH교래2,2022-05-25,161.08,,,,,,,
JH교래2,2022-05-26,161.04,,,,,,,
JH교래2,2022-05-27,160.98,,,,,,,
JH교래2,2022-05-28,160.95,,,,,,,
JH교래2,2022-05-29,160.95,,,,,,,
JH교래2,2022-05-30,160.9,,,,,,,
JH교래2,2022-05-31,160.85,,,,,,,
JH교래2,2022-06-01,160.89,,,,,,,
JH교래2,2022-06-02,160.85,,,,,,,
JH교래2,2022-06-03,160.82,,,,,,,
JH교래2,2022-06-04,160.82,,,,,,,
JH교래2,2022-06-05,160.81,,,,,,,
JH교래2,2022-06-06,160.67,,,,,,,
JH교래2,2022-06-07,160.64,,,,,,,
JH교래2,2022-06-08,160.64,,,,,,,
JH교래2,2022-06-09,160.65,,,,,,,
JH교래2,2022-06-10,160.64,,,,,,,
JH교래2,2022-06-11,160.61,,,,,,,
JH교래2,2022-06-12,160.57,,,,,,,
JH교래2,2022-06-13,160.55,,,,,,,
JH교래2,2022-06-14,160.47,,,,,,,
JH교래2,2022-06-15,160.43,,,,,,,
JH교래2,2022-06-16,160.4,,,,,,,
JH교래2,2022-06-17,160.38,,,,,,,
JH교래2,2022-06-18,160.33,,,,,,,
JH교래2,2022-06-19,160.31,,,,,,,
JH교래2,2022-06-20,160.28,,,,,,,
JH교래2,2022-06-21,160.22,,,,,,,
JH교래2,2022-06-22,160.18,,,,,,,
JH교래2,2022-06-23,160.19,,,,,,,
JH교래2,2022-06-24,160.13,,,,,,,
JH교래2,2022-06-25,160.08,,,,,,,
JH교래2,2022-06-26,160.09,,,,,,,
JH교래2,2022-06-27,160.09,,,,,,,
JH교래2,2022-06-28,160.06,,,,,,,
JH교래2,2022-06-29,160.0,,,,,,,
JH교래2,2022-06-30,159.97,,,,,,,
JH교래2,2022-07-01,159.98,,,,,,,
JH교래2,2022-07-02,159.98,,,,,,,
JH교래2,2022-07-03,159.94,,,,,,,
JH교래2,2022-07-04,159.88,,,,,,,
JH교래2,2022-07-05,159.81,,,,,,,
JH교래2,2022-07-06,159.79,,,,,,,
JH교래2,2022-07-07,159.77,,,,,,,
JH교래2,2022-07-08,159.75,,,,,,,
JH교래2,2022-07-09,159.69,,,,,,,
JH교래2,2022-07-10,159.65,,,,,,,
JH교래2,2022-07-11,159.63,,,,,,,
JH교래2,2022-07-12,159.62,,,,,,,
JH교래2,2022-07-13,159.61,,,,,,,
JH교래2,2022-07-14,159.56,,,,,,,
JH교래2,2022-07-15,159.53,,,,,,,
JH교래2,2022-07-16,159.47,,,,,,,
JH교래2,2022-07-17,159.46,,,,,,,
JH교래2,2022-07-18,159.45,,,,,,,
JH교래2,2022-07-19,159.41,,,,,,,
JH교래2,2022-07-20,159.43,,,,,,,
JH교래2,2022-07-21,159.44,,,,,,,
JH교래2,2022-07-22,159.42,,,,,,,
JH교래2,2022-07-23,159.42,,,,,,,
JH교래2,2022-07-24,159.38,,,,,,,
JH교래2,2022-07-25,159.36,,,,,,,
JH교래2,2022-07-26,159.37,,,,,,,
JH교래2,2022-07-27,159.36,,,,,,,
JH교래2,2022-07-28,159.33,,,,,,,
JH교래2,2022-07-29,159.31,,,,,,,
JH교래2,2022-07-30,159.28,,,,,,,
JH교래2,2022-07-31,159.22,,,,,,,
JH교래2,2022-08-01,159.17,,,,,,,
JH교래2,2022-08-02,159.15,,,,,,,
JH교래2,2022-08-03,159.18,,,,,,,
JH교래2,2022-08-04,159.18,,,,,,,
JH교래2,2022-08-05,159.21,,,,,,,
JH교래2,2022-08-06,159.32,,,,,,,
JH교래2,2022-08-07,159.54,,,,,,,
JH교래2,2022-08-08,159.68,,,,,,,
JH교래2,2022-08-09,159.76,,,,,,,
JH교래2,2022-08-10,159.81,,,,,,,
JH교래2,2022-08-11,159.89,,,,,,,
JH교래2,2022-08-12,159.98,,,,,,,
JH교래2,2022-08-13,160.1,,,,,,,
JH교래2,2022-08-14,160.2,,,,,,,
JH교래2,2022-08-15,160.34,,,,,,,
JH교래2,2022-08-16,160.43,,,,,,,
JH교래2,2022-08-17,160.5,,,,,,,
JH교래2,2022-08-18,160.58,,,,,,,
JH교래2,2022-08-19,160.67,,,,,,,
JH교래2,2022-08-20,160.71,,,,,,,
JH교래2,2022-08-21,160.75,,,,,,,
JH교래2,2022-08-22,160.83,,,,,,,
JH교래2,2022-08-23,160.9,,,,,,,
JH교래2,2022-08-24,160.99,,,,,,,
JH교래2,2022-08-25,161.06,,,,,,,
JH교래2,2022-08-26,161.12,,,,,,,
JH교래2,2022-08-27,161.16,,,,,,,
JH교래2,2022-08-28,161.21,,,,,,,
JH교래2,2022-08-29,161.3,,,,,,,
JH교래2,2022-08-30,161.4,,,,,,,
JH교래2,2022-08-31,161.41,,,,,,,
JH교래2,2022-09-01,161.41,,,,,,,
JH교래2,2022-09-02,161.5,,,,,,,
JH교래2,2022-09-03,161.57,,,,,,,
JH교래2,2022-09-04,161.62,,,,,,,
JH교래2,2022-09-05,161.76,,,,,,,
JH교래2,2022-09-06,161.53,,,,,,,
JH교래2,2022-09-07,161.59,,,,,,,
JH교래2,2022-09-08,161.81,,,,,,,
JH교래2,2022-09-09,161.99,,,,,,,
JH교래2,2022-09-10,162.24,,,,,,,
JH교래2,2022-09-11,162.56,,,,,,,
JH교래2,2022-09-12,162.85,,,,,,,
JH교래2,2022-09-13,163.14,,,,,,,
JH교래2,2022-09-14,163.44,,,,,,,
JH교래2,2022-09-15,163.78,,,,,,,
JH교래2,2022-09-16,164.09,,,,,,,
JH교래2,2022-09-17,164.43,,,,,,,
JH교래2,2022-09-18,164.8,,,,,,,
JH교래2,2022-09-19,164.98,,,,,,,
JH교래2,2022-09-20,165.17,,,,,,,
JH교래2,2022-09-21,165.51,,,,,,,
JH교래2,2022-09-22,165.82,,,,,,,
JH교래2,2022-09-23,166.03,,,,,,,
JH교래2,2022-09-24,166.25,,,,,,,
JH교래2,2022-09-25,166.44,,,,,,,
JH교래2,2022-09-26,166.66,,,,,,,
JH교래2,2022-09-27,166.85,,,,,,,
JH교래2,2022-09-28,167.27,,,,,,,
JH교래2,2022-09-29,167.57,,,,,,,
JH교래2,2022-09-30,167.8,,,,,,,
JH교래2,2022-10-01,167.96,,,,,,,
JH교래2,2022-10-02,168.1,,,,,,,
JH교래2,2022-10-03,168.21,,,,,,,
JH교래2,2022-10-04,168.25,,,,,,,
JH교래2,2022-10-05,168.28,,,,,,,
JH교래2,2022-10-06,168.33,,,,,,,
JH교래2,2022-10-07,168.35,,,,,,,
JH교래2,2022-10-08,168.36,,,,,,,
JH교래2,2022-10-09,168.39,,,,,,,
JH교래2,2022-10-10,168.3,,,,,,,
JH교래2,2022-10-11,168.28,,,,,,,
JH교래2,2022-10-12,168.23,,,,,,,
JH교래2,2022-10-13,168.22,,,,,,,
JH교래2,2022-10-14,168.19,,,,,,,
JH교래2,2022-10-15,168.1,,,,,,,
JH교래2,2022-10-16,168.03,,,,,,,
JH교래2,2022-10-17,167.94,,,,,,,
JH교래2,2022-10-18,167.84,,,,,,,
JH교래2,2022-10-19,167.75,,,,,,,
JH교래2,2022-10-20,167.65,,,,,,,
JH교래2,2022-10-21,167.55,,,,,,,
JH교래2,2022-10-22,167.42,,,,,,,
JH교래2,2022-10-23,167.27,,,,,,,
JH교래2,2022-10-24,167.05,,,,,,,
JH교래2,2022-10-25,166.81,,,,,,,
JH교래2,2022-10-26,166.6,,,,,,,
JH교래2,2022-10-27,166.4,,,,,,,
JH교래2,2022-10-28,166.33,,,,,,,
JH교래2,2022-10-29,166.27,,,,,,,
JH교래2,2022-10-30,166.14,,,,,,,
JH교래2,2022-10-31,166.04,,,,,,,
JH교래2,2022-11-01,165.95,,,,,,,
JH교래2,2022-11-02,165.87,,,,,,,
JH교래2,2022-11-03,165.78,,,,,,,
JH교래2,2022-11-04,165.66,,,,,,,
JH교래2,2022-11-05,165.58,,,,,,,
JH교래2,2022-11-06,165.5,,,,,,,
JH교래2,2022-11-07,165.42,,,,,,,
JH교래2,2022-11-08,165.35,,,,,,,
JH교래2,2022-11-09,165.29,,,,,,,
JH교래2,2022-11-10,165.23,,,,,,,
JH교래2,2022-11-11,165.13,,,,,,,
JH교래2,2022-11-12,165.09,,,,,,,
JH교래2,2022-11-13,164.93,,,,,,,
JH교래2,2022-11-14,164.84,,,,,,,
JH교래2,2022-11-15,164.77,,,,,,,
JH교래2,2022-11-16,164.68,,,,,,,
JH교래2,2022-11-17,164.62,,,,,,,
JH교래2,2022-11-18,164.54,,,,,,,
JH교래2,2022-11-19,164.46,,,,,,,
JH교래2,2022-11-20,164.34,,,,,,,
JH교래2,2022-11-21,164.23,,,,,,,
JH교래2,2022-11-22,164.18,,,,,,,
JH교래2,2022-11-23,164.06,,,,,,,
JH교래2,2022-11-24,163.96,,,,,,,
JH교래2,2022-11-25,163.9,,,,,,,
JH교래2,2022-11-26,163.79,,,,,,,
JH교래2,2022-11-27,163.68,,,,,,,
JH교래2,2022-11-28,163.62,,,,,,,
JH교래2,2022-11-29,163.51,,,,,,,
JH교래2,2022-11-30,163.43,,,,,,,
JH교래2,2022-12-01,163.43,,,,,,,
JH교래2,2022-12-02,163.36,,,,,,,
JH교래2,2022-12-03,163.29,,,,,,,
JH교래2,2022-12-04,163.19,,,,,,,
JH교래2,2022-12-05,163.12,,,,,,,
JH교래2,2022-12-06,163.04,,,,,,,
JH교래2,2022-12-07,162.95,,,,,,,
JH교래2,2022-12-08,162.88,,,,,,,
JH교래2,2022-12-09,162.81,,,,,,,
JH교래2,2022-12-10,162.71,,,,,,,
JH교래2,2022-12-11,162.61,,,,,,,
JH교래2,2022-12-12,162.55,,,,,,,
JH교래2,2022-12-13,162.46,,,,,,,
JH교래2,2022-12-14,162.4,,,,,,,
JH교래2,2022-12-15,162.36,,,,,,,
JH교래2,2022-12-16,162.3,,,,,,,
JH교래2,2022-12-17,162.26,,,,,,,
JH교래2,2022-12-18,162.19,,,,,,,
JH교래2,2022-12-19,162.1,,,,,,,
JH교래2,2022-12-20,162.07,,,,,,,
JH교래2,2022-12-21,162.02,,,,,,,
JH교래2,2022-12-22,161.89,,,,,,,
JH교래2,2022-12-23,161.79,,,,,,,
JH교래2,2022-12-24,161.73,,,,,,,
JH교래2,2022-12-25,161.68,,,,,,,
JH교래2,2022-12-26,161.66,,,,,,,
JH교래2,2022-12-27,161.64,,,,,,,
JH교래2,2022-12-28,161.61,,,,,,,
JH교래2,2022-12-29,161.56,,,,,,,
JH교래2,2022-12-30,161.53,,,,,,,
JH교래2,2022-12-31,161.47,,,,,,,
JH교래2,2023-01-01,161.43,,,,,,,
JH교래2,2023-01-02,161.38,,,,,,,
JH교래2,2023-01-03,161.31,,,,,,,
JH교래2,2023-01-04,161.25,,,,,,,
JH교래2,2023-01-05,161.21,,,,,,,
JH교래2,2023-01-06,161.18,,,,,,,
JH교래2,2023-01-07,161.05,,,,,,,
JH교래2,2023-01-08,160.98,,,,,,,
JH교래2,2023-01-09,160.94,,,,,,,
JH교래2,2023-01-10,160.89,,,,,,,
JH교래2,2023-01-11,160.86,,,,,,,
JH교래2,2023-01-12,160.8,,,,,,,
JH교래2,2023-01-13,160.74,,,,,,,
JH교래2,2023-01-14,160.63,,,,,,,
JH교래2,2023-01-15,160.56,,,,,,,
JH교래2,2023-01-16,160.53,,,,,,,
JH교래2,2023-01-17,160.51,,,,,,,
JH교래2,2023-01-18,160.48,,,,,,,
JH교래2,2023-01-19,160.43,,,,,,,
JH교래2,2023-01-20,160.36,,,,,,,
JH교래2,2023-01-21,160.33,,,,,,,
JH교래2,2023-01-22,160.3,,,,,,,
JH교래2,2023-01-23,160.21,,,,,,,
JH교래2,2023-01-24,160.15,,,,,,,
JH교래2,2023-01-25,160.14,,,,,,,
JH교래2,2023-01-26,160.14,,,,,,,
JH교래2,2023-01-27,160.1,,,,,,,
JH교래2,2023-01-28,160.08,,,,,,,
JH교래2,2023-01-29,160.09,,,,,,,
JH교래2,2023-01-30,160.09,,,,,,,
JH교래2,2023-01-31,160.1,,,,,,,
JH교래2,2023-02-01,160.08,,,,,,,
JH교래2,2023-02-02,160.1,,,,,,,
JH교래2,2023-02-03,160.12,,,,,,,
JH교래2,2023-02-04,160.13,,,,,,,
JH교래2,2023-02-05,160.13,,,,,,,
JH교래2,2023-02-06,160.12,,,,,,,
JH교래2,2023-02-07,160.08,,,,,,,
JH교래2,2023-02-08,160.06,,,,,,,
JH교래2,2023-02-09,160.08,,,,,,,
JH교래2,2023-02-10,160.05,,,,,,,
JH교래2,2023-02-11,160.0,,,,,,,
JH교래2,2023-02-12,160.01,,,,,,,
JH교래2,2023-02-13,159.94,,,,,,,
JH교래2,2023-02-14,159.91,,,,,,,
JH교래2,2023-02-15,159.9,,,,,,,
JH교래2,2023-02-16,159.92,,,,,,,
JH교래2,2023-02-17,159.9,,,,,,,
JH교래2,2023-02-18,159.87,,,,,,,
JH교래2,2023-02-19,159.79,,,,,,,
JH교래2,2023-02-20,159.78,,,,,,,
JH교래2,2023-02-21,159.79,,,,,,,
JH교래2,2023-02-22,159.82,,,,,,,
JH교래2,2023-02-23,159.79,,,,,,,
JH교래2,2023-02-24,159.73,,,,,,,
JH교래2,2023-02-25,159.73,,,,,,,
JH교래2,2023-02-26,159.76,,,,,,,
JH교래2,2023-02-27,159.8,,,,,,,
JH교래2,2023-02-28,159.81,,,,,,,
JH교래2,2023-03-01,159.77,,,,,,,
JH교래2,2023-03-02,159.73,,,,,,,
JH교래2,2023-03-03,159.75,,,,,,,
JH교래2,2023-03-04,159.76,,,,,,,
JH교래2,2023-03-05,159.77,,,,,,,
JH교래2,2023-03-06,159.78,,,,,,,
JH교래2,2023-03-07,159.78,,,,,,,
JH교래2,2023-03-08,159.78,,,,,,,
JH교래2,2023-03-09,159.76,,,,,,,
JH교래2,2023-03-10,159.72,,,,,,,
JH교래2,2023-03-11,159.72,,,,,,,
JH교래2,2023-03-12,159.73,,,,,,,
JH교래2,2023-03-13,159.72,,,,,,,
JH교래2,2023-03-14,159.7,,,,,,,
JH교래2,2023-03-15,159.65,,,,,,,
JH교래2,2023-03-16,159.63,,,,,,,
JH교래2,2023-03-17,159.63,,,,,,,
JH교래2,2023-03-18,159.56,,,,,,,
JH교래2,2023-03-19,159.53,,,,,,,
JH교래2,2023-03-20,159.49,,,,,,,
JH교래2,2023-03-21,159.44,,,,,,,
JH교래2,2023-03-22,159.39,,,,,,,
JH교래2,2023-03-23,159.33,,,,,,,
JH교래2,2023-03-24,159.31,,,,,,,
JH교래2,2023-03-25,159.36,,,,,,,
JH교래2,2023-03-26,159.36,,,,,,,
JH교래2,2023-03-27,159.32,,,,,,,
JH교래2,2023-03-28,159.31,,,,,,,
JH교래2,2023-03-29,159.31,,,,,,,
JH교래2,2023-03-30,159.27,,,,,,,
JH교래2,2023-03-31,159.22,,,,,,,
JH교래2,2023-04-01,159.16,,,,,,,
JH교래2,2023-04-02,159.11,,,,,,,
JH교래2,2023-04-03,159.1,,,,,,,
JH교래2,2023-04-04,159.1,,,,,,,
JH교래2,2023-04-05,159.03,,,,,,,
JH교래2,2023-04-06,158.96,,,,,,,
JH교래2,2023-04-07,158.93,,,,,,,
JH교래2,2023-04-08,158.93,,,,,,,
JH교래2,2023-04-09,158.95,,,,,,,
JH교래2,2023-04-10,158.93,,,,,,,
JH교래2,2023-04-11,158.87,,,,,,,
JH교래2,2023-04-12,158.82,,,,,,,
JH교래2,2023-04-13,158.82,,,,,,,
JH교래2,2023-04-14,158.83,,,,,,,
JH교래2,2023-04-15,158.77,,,,,,,
JH교래2,2023-04-16,158.71,,,,,,,
JH교래2,2023-04-17,158.74,,,,,,,
JH교래2,2023-04-18,158.82,,,,,,,
JH교래2,2023-04-19,158.84,,,,,,,
JH교래2,2023-04-20,158.85,,,,,,,
JH교래2,2023-04-21,158.87,,,,,,,
JH교래2,2023-04-22,158.9,,,,,,,
JH교래2,2023-04-23,158.95,,,,,,,
JH교래2,2023-04-24,158.98,,,,,,,
JH교래2,2023-04-25,159.02,,,,,,,
JH교래2,2023-04-26,158.93,,,,,,,
JH교래2,2023-04-27,158.93,,,,,,,
JH교래2,2023-04-28,158.98,,,,,,,
JH교래2,2023-04-29,158.98,,,,,,,
JH교래2,2023-04-30,158.88,,,,,,,
JH교래2,2023-05-01,158.91,,,,,,,
JH교래2,2023-05-02,158.96,,,,,,,
JH교래2,2023-05-03,158.96,,,,,,,
JH교래2,2023-05-04,158.98,,,,,,,
JH교래2,2023-05-05,158.91,,,,,,,
JH교래2,2023-05-06,158.81,,,,,,,
JH교래2,2023-05-07,158.76,,,,,,,
JH교래2,2023-05-08,158.86,,,,,,,
JH교래2,2023-05-09,159.04,,,,,,,
JH교래2,2023-05-10,159.2,,,,,,,
JH교래2,2023-05-11,159.41,,,,,,,
JH교래2,2023-05-12,159.71,,,,,,,
JH교래2,2023-05-13,159.98,,,,,,,
JH교래2,2023-05-14,160.21,,,,,,,
JH교래2,2023-05-15,160.46,,,,,,,
JH교래2,2023-05-16,160.73,,,,,,,
JH교래2,2023-05-17,160.99,,,,,,,
JH교래2,2023-05-18,161.28,,,,,,,
JH교래2,2023-05-19,161.39,,,,,,,
JH교래2,2023-05-20,161.59,,,,,,,
JH교래2,2023-05-21,161.78,,,,,,,
JH교래2,2023-05-22,161.93,,,,,,,
JH교래2,2023-05-23,162.03,,,,,,,
JH교래2,2023-05-24,162.14,,,,,,,
JH교래2,2023-05-25,162.28,,,,,,,
JH교래2,2023-05-26,162.39,,,,,,,
JH교래2,2023-05-27,162.54,,,,,,,
JH교래2,2023-05-28,162.65,,,,,,,
JH교래2,2023-05-29,162.74,,,,,,,
JH교래2,2023-05-30,162.82,,,,,,,
JH교래2,2023-05-31,162.88,,,,,,,
JH교래2,2023-06-01,162.98,,,,,,,
JH교래2,2023-06-02,163.01,,,,,,,
JH교래2,2023-06-03,162.99,,,,,,,
JH교래2,2023-06-04,163.09,,,,,,,
JH교래2,2023-06-05,163.16,,,,,,,
JH교래2,2023-06-06,163.25,,,,,,,
JH교래2,2023-06-07,163.22,,,,,,,
JH교래2,2023-06-08,163.32,,,,,,,
JH교래2,2023-06-09,163.35,,,,,,,
JH교래2,2023-06-10,163.43,,,,,,,
JH교래2,2023-06-11,163.46,,,,,,,
JH교래2,2023-06-12,163.53,,,,,,,
JH교래2,2023-06-13,163.6,,,,,,,
JH교래2,2023-06-14,163.63,,,,,,,
JH교래2,2023-06-15,163.65,,,,,,,
JH교래2,2023-06-16,163.64,,,,,,,
JH교래2,2023-06-17,163.7,,,,,,,
JH교래2,2023-06-18,163.77,,,,,,,
JH교래2,2023-06-19,163.76,,,,,,,
JH교래2,2023-06-20,163.78,,,,,,,
JH교래2,2023-06-21,163.75,,,,,,,
JH교래2,2023-06-22,163.75,,,,,,,
JH교래2,2023-06-23,163.77,,,,,,,
JH교래2,2023-06-24,163.79,,,,,,,
JH교래2,2023-06-25,163.84,,,,,,,
JH교래2,2023-06-26,163.8,,,,,,,
JH교래2,2023-06-27,163.75,,,,,,,
JH교래2,2023-06-28,163.76,,,,,,,
JH교래2,2023-06-29,163.75,,,,,,,
JH교래2,2023-06-30,163.66,,,,,,,
JH교래2,2023-07-01,163.56,,,,,,,
JH교래2,2023-07-02,163.54,,,,,,,
JH교래2,2023-07-03,163.53,,,,,,,
JH교래2,2023-07-04,163.51,,,,,,,
JH교래2,2023-07-05,163.44,,,,,,,
JH교래2,2023-07-06,163.36,,,,,,,
JH교래2,2023-07-07,163.36,,,,,,,
JH교래2,2023-07-08,163.34,,,,,,,
JH교래2,2023-07-09,163.33,,,,,,,
JH교래2,2023-07-10,163.35,,,,,,,
JH교래2,2023-07-11,163.36,,,,,,,
JH교래2,2023-07-12,163.4,,,,,,,
JH교래2,2023-07-13,163.44,,,,,,,
JH교래2,2023-07-14,163.5,,,,,,,
JH교래2,2023-07-15,163.51,,,,,,,
JH교래2,2023-07-16,163.56,,,,,,,
JH교래2,2023-07-17,163.64,,,,,,,
JH교래2,2023-07-18,163.79,,,,,,,
JH교래2,2023-07-19,163.82,,,,,,,
JH교래2,2023-07-20,163.87,,,,,,,
JH교래2,2023-07-21,163.96,,,,,,,
JH교래2,2023-07-22,164.07,,,,,,,
JH교래2,2023-07-23,164.21,,,,,,,
JH교래2,2023-07-24,164.32,,,,,,,
JH교래2,2023-07-25,164.45,,,,,,,
JH교래2,2023-07-26,164.66,,,,,,,
JH교래2,2023-07-27,165.06,,,,,,,
JH교래2,2023-07-28,165.27,,,,,,,
JH교래2,2023-07-29,165.54,,,,,,,
JH교래2,2023-07-30,165.8,,,,,,,
JH교래2,2023-07-31,166.05,,,,,,,
JH교래2,2023-08-01,166.3,,,,,,,
JH교래2,2023-08-02,166.55,,,,,,,
JH교래2,2023-08-03,166.78,,,,,,,
JH교래2,2023-08-04,167.0,,,,,,,
JH교래2,2023-08-05,167.3,,,,,,,
JH교래2,2023-08-06,167.53,,,,,,,
JH교래2,2023-08-07,167.8,,,,,,,
JH교래2,2023-08-08,168.27,,,,,,,
JH교래2,2023-08-09,168.84,,,,,,,
JH교래2,2023-08-10,169.19,,,,,,,
JH교래2,2023-08-11,169.49,,,,,,,
JH교래2,2023-08-12,169.78,,,,,,,
JH교래2,2023-08-13,170.06,,,,,,,
JH교래2,2023-08-14,170.25,,,,,,,
JH교래2,2023-08-15,170.42,,,,,,,
JH교래2,2023-08-16,170.53,,,,,,,
JH교래2,2023-08-17,170.62,,,,,,,
JH교래2,2023-08-18,170.69,,,,,,,
JH교래2,2023-08-19,170.73,,,,,,,
JH교래2,2023-08-20,170.73,,,,,,,
JH교래2,2023-08-21,170.79,,,,,,,
JH교래2,2023-08-22,170.76,,,,,,,
JH교래2,2023-08-23,170.71,,,,,,,
JH교래2,2023-08-24,170.59,,,,,,,
JH교래2,2023-08-25,170.49,,,,,,,
JH교래2,2023-08-26,170.42,,,,,,,
JH교래2,2023-08-27,170.33,,,,,,,
JH교래2,2023-08-28,170.24,,,,,,,
JH교래2,2023-08-29,170.08,,,,,,,
JH교래2,2023-08-30,169.97,,,,,,,
JH교래2,2023-08-31,169.91,,,,,,,
JH교래2,2023-09-01,169.82,,,,,,,
JH교래2,2023-09-02,169.76,,,,,,,
JH교래2,2023-09-03,169.68,,,,,,,
JH교래2,2023-09-04,169.66,,,,,,,
JH교래2,2023-09-05,169.61,,,,,,,
JH교래2,2023-09-06,169.58,,,,,,,
JH교래2,2023-09-07,169.57,,,,,,,
JH교래2,2023-09-08,169.61,,,,,,,
JH교래2,2023-09-09,169.66,,,,,,,
JH교래2,2023-09-10,169.73,,,,,,,
JH교래2,2023-09-11,169.84,,,,,,,
JH교래2,2023-09-12,169.92,,,,,,,
JH교래2,2023-09-13,170.05,,,,,,,
JH교래2,2023-09-14,170.17,,,,,,,
JH교래2,2023-09-15,170.24,,,,,,,
JH교래2,2023-09-16,170.38,,,,,,,
JH교래2,2023-09-17,170.48,,,,,,,
JH교래2,2023-09-18,170.56,,,,,,,
JH교래2,2023-09-19,170.63,,,,,,,
JH교래2,2023-09-20,170.75,,,,,,,
JH교래2,2023-09-21,170.77,,,,,,,
JH교래2,2023-09-22,170.78,,,,,,,
JH교래2,2023-09-23,170.8,,,,,,,
JH교래2,2023-09-24,170.85,,,,,,,
JH교래2,2023-09-25,170.92,,,,,,,
JH교래2,2023-09-26,170.95,,,,,,,
JH교래2,2023-09-27,170.99,,,,,,,
JH교래2,2023-09-28,171.02,,,,,,,
JH교래2,2023-09-29,171.09,,,,,,,
JH교래2,2023-09-30,171.19,,,,,,,
JH교래2,2023-10-01,171.22,,,,,,,
JH교래2,2023-10-02,171.24,,,,,,,
JH교래2,2023-10-03,171.34,,,,,,,
JH교래2,2023-10-04,171.4,,,,,,,
JH교래2,2023-10-05,171.42,,,,,,,
JH교래2,2023-10-06,171.4,,,,,,,
JH교래2,2023-10-07,171.44,,,,,,,
JH교래2,2023-10-08,171.51,,,,,,,
JH교래2,2023-10-09,171.51,,,,,,,
JH교래2,2023-10-10,171.52,,,,,,,
JH교래2,2023-10-11,171.46,,,,,,,
JH교래2,2023-10-12,171.41,,,,,,,
JH교래2,2023-10-13,171.46,,,,,,,
JH교래2,2023-10-14,171.44,,,,,,,
JH교래2,2023-10-15,171.35,,,,,,,
JH교래2,2023-10-16,171.23,,,,,,,
JH교래2,2023-10-17,171.12,,,,,,,
JH교래2,2023-10-18,171.05,,,,,,,
JH교래2,2023-10-19,171.02,,,,,,,
JH교래2,2023-10-20,170.9,,,,,,,
JH교래2,2023-10-21,170.74,,,,,,,
JH교래2,2023-10-22,170.62,,,,,,,
JH교래2,2023-10-23,170.52,,,,,,,
JH교래2,2023-10-24,170.42,,,,,,,
JH교래2,2023-10-25,170.27,,,,,,,
JH교래2,2023-10-26,170.12,,,,,,,
JH교래2,2023-10-27,169.93,,,,,,,
JH교래2,2023-10-28,169.64,,,,,,,
JH교래2,2023-10-29,169.38,,,,,,,
JH교래2,2023-10-30,169.17,,,,,,,
JH교래2,2023-10-31,169.1,,,,,,,
JH교래2,2023-11-01,169.05,,,,,,,
JH교래2,2023-11-02,168.92,,,,,,,
JH교래2,2023-11-03,168.83,,,,,,,
JH교래2,2023-11-04,168.71,,,,,,,
JH교래2,2023-11-05,168.69,,,,,,,
JH교래2,2023-11-06,168.62,,,,,,,
JH교래2,2023-11-07,168.39,,,,,,,
JH교래2,2023-11-08,168.33,,,,,,,
JH교래2,2023-11-09,168.26,,,,,,,
JH교래2,2023-11-10,168.12,,,,,,,
JH교래2,2023-11-11,168.0,,,,,,,
JH교래2,2023-11-12,167.95,,,,,,,
JH교래2,2023-11-13,167.85,,,,,,,
JH교래2,2023-11-14,167.76,,,,,,,
JH교래2,2023-11-15,167.63,,,,,,,
JH교래2,2023-11-16,167.68,,,,,,,
JH교래2,2023-11-17,167.6,,,,,,,
JH교래2,2023-11-18,167.39,,,,,,,
JH교래2,2023-11-19,167.31,,,,,,,
JH교래2,2023-11-20,167.17,,,,,,,
JH교래2,2023-11-21,167.12,,,,,,,
JH교래2,2023-11-22,167.07,,,,,,,
JH교래2,2023-11-23,166.95,,,,,,,
JH교래2,2023-11-24,166.7,,,,,,,
JH교래2,2023-11-25,166.61,,,,,,,
JH교래2,2023-11-26,166.61,,,,,,,
JH교래2,2023-11-27,166.57,,,,,,,
JH교래2,2023-11-28,166.34,,,,,,,
JH교래2,2023-11-29,166.23,,,,,,,
JH교래2,2023-11-30,166.13,,,,,,,
JH교래2,2023-12-01,166.05,,,,,,,
JH교래2,2023-12-02,165.91,,,,,,,
JH교래2,2023-12-03,165.82,,,,,,,
JH교래2,2023-12-04,165.78,,,,,,,
JH교래2,2023-12-05,165.69,,,,,,,
JH교래2,2023-12-06,165.6,,,,,,,
JH교래2,2023-12-07,165.39,,,,,,,
JH교래2,2023-12-08,165.31,,,,,,,
JH교래2,2023-12-09,165.19,,,,,,,
JH교래2,2023-12-10,165.1,,,,,,,
JH교래2,2023-12-11,165.12,,,,,,,
JH교래2,2023-12-12,164.91,,,,,,,
JH교래2,2023-12-13,164.77,,,,,,,
JH교래2,2023-12-14,164.79,,,,,,,
JH교래2,2023-12-15,164.75,,,,,,,
JH교래2,2023-12-16,164.53,,,,,,,
JH교래2,2023-12-17,164.37,,,,,,,
JH교래2,2023-12-18,164.33,,,,,,,
JH교래2,2023-12-19,164.32,,,,,,,
JH교래2,2023-12-20,164.25,,,,,,,
JH교래2,2023-12-21,164.13,,,,,,,
JH교래2,2023-12-22,164.02,,,,,,,
JH교래2,2023-12-23,163.96,,,,,,,
JH교래2,2023-12-24,163.95,,,,,,,
JH교래2,2023-12-25,163.87,,,,,,,
JH교래2,2023-12-26,163.79,,,,,,,
JH교래2,2023-12-27,163.72,,,,,,,
JH교래2,2023-12-28,163.67,,,,,,,
JH교래2,2023-12-29,163.61,,,,,,,
JH교래2,2023-12-30,163.63,,,,,,,
JH교래2,2023-12-31,163.49,,,,,,,
JH교래2,2024-01-01,163.36,,,,,,,
JH교래2,2024-01-02,163.38,,,,,,,
JH교래2,2024-01-03,163.32,,,,,,,
JH교래2,2024-01-04,163.21,,,,,,,
JH교래2,2024-01-05,163.18,,,,,,,
JH교래2,2024-01-06,163.11,,,,,,,
JH교래2,2024-01-07,163.03,,,,,,,
JH교래2,2024-01-08,162.99,,,,,,,
JH교래2,2024-01-09,163.01,,,,,,,
JH교래2,2024-01-10,162.92,,,,,,,
JH교래2,2024-01-11,162.86,,,,,,,
JH교래2,2024-01-12,162.81,,,,,,,
JH교래2,2024-01-13,162.71,,,,,,,
JH교래2,2024-01-14,162.71,,,,,,,
JH교래2,2024-01-15,162.63,,,,,,,
JH교래2,2024-01-16,162.55,,,,,,,
JH교래2,2024-01-17,162.59,,,,,,,
JH교래2,2024-01-18,162.55,,,,,,,
JH교래2,2024-01-19,162.46,,,,,,,
JH교래2,2024-01-20,162.47,,,,,,,
JH교래2,2024-01-21,162.35,,,,,,,
JH교래2,2024-01-22,162.3,,,,,,,
JH교래2,2024-01-23,162.29,,,,,,,
JH교래2,2024-01-24,162.24,,,,,,,
JH교래2,2024-01-25,162.17,,,,,,,
JH교래2,2024-01-26,162.14,,,,,,,
JH교래2,2024-01-27,162.13,,,,,,,
JH교래2,2024-01-28,162.08,,,,,,,
JH교래2,2024-01-29,162.06,,,,,,,
JH교래2,2024-01-30,162.1,,,,,,,
JH교래2,2024-01-31,162.15,,,,,,,
JH교래2,2024-02-01,162.14,,,,,,,
JH교래2,2024-02-02,162.1,,,,,,,
JH교래2,2024-02-03,162.14,,,,,,,
JH교래2,2024-02-04,162.18,,,,,,,
JH교래2,2024-02-05,162.21,,,,,,,
JH교래2,2024-02-06,162.08,,,,,,,
JH교래2,2024-02-07,162.12,,,,,,,
JH교래2,2024-02-08,162.13,,,,,,,
JH교래2,2024-02-09,162.1,,,,,,,
JH교래2,2024-02-10,162.09,,,,,,,
JH교래2,2024-02-11,162.11,,,,,,,
JH교래2,2024-02-12,162.08,,,,,,,
JH교래2,2024-02-13,162.18,,,,,,,
JH교래2,2024-02-14,162.27,,,,,,,
JH교래2,2024-02-15,162.32,,,,,,,
JH교래2,2024-02-16,162.28,,,,,,,
JH교래2,2024-02-17,162.38,,,,,,,
JH교래2,2024-02-18,162.5,,,,,,,
JH교래2,2024-02-19,162.59,,,,,,,
JH교래2,2024-02-20,162.56,,,,,,,
JH교래2,2024-02-21,162.66,,,,,,,
JH교래2,2024-02-22,162.6,,,,,,,
JH교래2,2024-02-23,162.64,,,,,,,
JH교래2,2024-02-24,162.79,,,,,,,
JH교래2,2024-02-25,162.92,,,,,,,
JH교래2,2024-02-26,162.93,,,,,,,
JH교래2,2024-02-27,163.06,,,,,,,
JH교래2,2024-02-28,163.27,,,,,,,
JH교래2,2024-02-29,163.56,,,,,,,
JH교래2,2024-03-01,163.66,,,,,,,
JH교래2,2024-03-02,163.85,,,,,,,
JH교래2,2024-03-03,164.06,,,,,,,
JH교래2,2024-03-04,164.27,,,,,,,
JH교래2,2024-03-05,164.64,,,,,,,
JH교래2,2024-03-06,164.63,,,,,,,
JH교래2,2024-03-07,164.79,,,,,,,
JH교래2,2024-03-08,164.95,,,,,,,
JH교래2,2024-03-09,165.09,,,,,,,
JH교래2,2024-03-10,165.26,,,,,,,
JH교래2,2024-03-11,165.62,,,,,,,
JH교래2,2024-03-12,165.79,,,,,,,
JH교래2,2024-03-13,165.79,,,,,,,
JH교래2,2024-03-14,166.0,,,,,,,
JH교래2,2024-03-15,166.14,,,,,,,
JH교래2,2024-03-16,166.34,,,,,,,
JH교래2,2024-03-17,166.54,,,,,,,
JH교래2,2024-03-18,166.51,,,,,,,
JH교래2,2024-03-19,166.68,,,,,,,
JH교래2,2024-03-20,166.74,,,,,,,
JH교래2,2024-03-21,166.88,,,,,,,
JH교래2,2024-03-22,167.0,,,,,,,
JH교래2,2024-03-23,167.0,,,,,,,
JH교래2,2024-03-24,167.04,,,,,,,
JH교래2,2024-03-25,167.15,,,,,,,
JH교래2,2024-03-26,167.05,,,,,,,
JH교래2,2024-03-27,167.02,,,,,,,
JH교래2,2024-03-28,167.37,,,,,,,
JH교래2,2024-03-29,167.18,,,,,,,
JH교래2,2024-03-30,167.16,,,,,,,
JH교래2,2024-03-31,167.21,,,,,,,
JH교래2,2024-04-01,167.11,,,,,,,
JH교래2,2024-04-02,167.21,,,,,,,
JH교래2,2024-04-03,167.29,,,,,,,
JH교래2,2024-04-04,167.02,,,,,,,
JH교래2,2024-04-05,166.99,,,,,,,
JH교래2,2024-04-06,167.02,,,,,,,
JH교래2,2024-04-07,167.02,,,,,,,
JH교래2,2024-04-08,167.01,,,,,,,
JH교래2,2024-04-09,166.89,,,,,,,
JH교래2,2024-04-10,166.86,,,,,,,
JH교래2,2024-04-11,166.91,,,,,,,
JH교래2,2024-04-12,166.91,,,,,,,
JH교래2,2024-04-13,166.86,,,,,,,
JH교래2,2024-04-14,166.84,,,,,,,
JH교래2,2024-04-15,166.91,,,,,,,
JH교래2,2024-04-16,166.79,,,,,,,
JH교래2,2024-04-17,166.82,,,,,,,
JH교래2,2024-04-18,166.78,,,,,,,
JH교래2,2024-04-19,166.71,,,,,,,
JH교래2,2024-04-20,166.83,,,,,,,
JH교래2,2024-04-21,166.71,,,,,,,
JH교래2,2024-04-22,166.64,,,,,,,
JH교래2,2024-04-23,166.68,,,,,,,
JH교래2,2024-04-24,166.66,,,,,,,
JH교래2,2024-04-25,166.6,,,,,,,
JH교래2,2024-04-26,166.59,,,,,,,
JH교래2,2024-04-27,166.53,,,,,,,
JH교래2,2024-04-28,166.5,,,,,,,
JH교래2,2024-04-29,166.59,,,,,,,
JH교래2,2024-04-30,166.48,,,,,,,
JH교래2,2024-05-01,166.38,,,,,,,
JH교래2,2024-05-02,166.29,,,,,,,
JH교래2,2024-05-03,166.3,,,,,,,
JH교래2,2024-05-04,166.31,,,,,,,
JH교래2,2024-05-05,166.36,,,,,,,
JH교래2,2024-05-06,166.25,,,,,,,
JH교래2,2024-05-07,166.18,,,,,,,
JH교래2,2024-05-08,166.1,,,,,,,
JH교래2,2024-05-09,166.09,,,,,,,
JH교래2,2024-05-10,166.17,,,,,,,
JH교래2,2024-05-11,166.34,,,,,,,
JH교래2,2024-05-12,166.48,,,,,,,
JH교래2,2024-05-13,166.54,,,,,,,
JH교래2,2024-05-14,166.72,,,,,,,
JH교래2,2024-05-15,166.97,,,,,,,
JH교래2,2024-05-16,167.15,,,,,,,
JH교래2,2024-05-17,167.29,,,,,,,
JH교래2,2024-05-18,167.51,,,,,,,
JH교래2,2024-05-19,167.77,,,,,,,
JH교래2,2024-05-20,167.92,,,,,,,
JH교래2,2024-05-21,168.05,,,,,,,
JH교래2,2024-05-22,168.26,,,,,,,
JH교래2,2024-05-23,168.46,,,,,,,
JH교래2,2024-05-24,168.53,,,,,,,
JH교래2,2024-05-25,168.59,,,,,,,
JH교래2,2024-05-26,168.81,,,,,,,
JH교래2,2024-05-27,168.87,,,,,,,
JH교래2,2024-05-28,168.93,,,,,,,
JH교래2,2024-05-29,168.88,,,,,,,
JH교래2,2024-05-30,168.96,,,,,,,
JH교래2,2024-05-31,168.94,,,,,,,
JH교래2,2024-06-01,168.95,,,,,,,
JH교래2,2024-06-02,168.97,,,,,,,
JH교래2,2024-06-03,168.97,,,,,,,
JH교래2,2024-06-04,168.9,,,,,,,
JH교래2,2024-06-05,168.89,,,,,,,
JH교래2,2024-06-06,168.9,,,,,,,
JH교래2,2024-06-07,168.91,,,,,,,
JH교래2,2024-06-08,168.93,,,,,,,
JH교래2,2024-06-09,168.84,,,,,,,
JH교래2,2024-06-10,168.77,,,,,,,
JH교래2,2024-06-11,168.75,,,,,,,
JH교래2,2024-06-12,168.72,,,,,,,
JH교래2,2024-06-13,168.64,,,,,,,
JH교래2,2024-06-14,168.57,,,,,,,
JH교래2,2024-06-15,168.51,,,,,,,
JH교래2,2024-06-16,168.38,,,,,,,
JH교래2,2024-06-17,168.33,,,,,,,
JH교래2,2024-06-18,168.26,,,,,,,
JH교래2,2024-06-19,168.18,,,,,,,
JH교래2,2024-06-20,168.17,,,,,,,
JH교래2,2024-06-21,168.08,,,,,,,
JH교래2,2024-06-22,168.03,,,,,,,
JH교래2,2024-06-23,167.94,,,,,,,
JH교래2,2024-06-24,167.81,,,,,,,
JH교래2,2024-06-25,167.67,,,,,,,
JH교래2,2024-06-26,167.59,,,,,,,
JH교래2,2024-06-27,167.61,,,,,,,
JH교래2,2024-06-28,167.53,,,,,,,
JH교래2,2024-06-29,167.47,,,,,,,
JH교래2,2024-06-30,167.41,,,,,,,
JH교래2,2024-07-01,167.27,,,,,,,
JH교래2,2024-07-02,167.18,,,,,,,
JH교래2,2024-07-03,167.04,,,,,,,
JH교래2,2024-07-04,167.03,,,,,,,
JH교래2,2024-07-05,166.98,,,,,,,
JH교래2,2024-07-06,166.9,,,,,,,
JH교래2,2024-07-07,166.83,,,,,,,
JH교래2,2024-07-08,166.79,,,,,,,
JH교래2,2024-07-09,166.73,,,,,,,
JH교래2,2024-07-10,166.73,,,,,,,
JH교래2,2024-07-11,166.68,,,,,,,
JH교래2,2024-07-12,166.64,,,,,,,
JH교래2,2024-07-13,166.6,,,,,,,
JH교래2,2024-07-14,166.57,,,,,,,
JH교래2,2024-07-15,166.54,,,,,,,
JH교래2,2024-07-16,166.56,,,,,,,
JH교래2,2024-07-17,166.58,,,,,,,
JH교래2,2024-07-18,166.62,,,,,,,
JH교래2,2024-07-19,166.58,,,,,,,
JH교래2,2024-07-20,166.55,,,,,,,
JH교래2,2024-07-21,166.54,,,,,,,
JH교래2,2024-07-22,166.56,,,,,,,
JH교래2,2024-07-23,166.56,,,,,,,
JH교래2,2024-07-24,166.55,,,,,,,
JH교래2,2024-07-25,166.53,,,,,,,
JH교래2,2024-07-26,166.47,,,,,,,
JH교래2,2024-07-27,166.4,,,,,,,
JH교래2,2024-07-28,166.43,,,,,,,
JH교래2,2024-07-29,166.46,,,,,,,
JH교래2,2024-07-30,166.44,,,,,,,
JH교래2,2024-07-31,166.42,,,,,,,
JH교래2,2024-08-01,166.41,,,,,,,
JH교래2,2024-08-02,166.36,,,,,,,
JH교래2,2024-08-03,166.3,,,,,,,
JH교래2,2024-08-04,166.29,,,,,,,
JH교래2,2024-08-05,166.27,,,,,,,
JH교래2,2024-08-06,166.25,,,,,,,
JH교래2,2024-08-07,166.23,,,,,,,
JH교래2,2024-08-08,166.21,,,,,,,
JH교래2,2024-08-09,166.19,,,,,,,
JH교래2,2024-08-10,166.17,,,,,,,
JH교래2,2024-08-11,166.15,,,,,,,
JH교래2,2024-08-12,166.11,,,,,,,
JH교래2,2024-08-13,166.06,,,,,,,
JH교래2,2024-08-14,166.05,,,,,,,
JH교래2,2024-08-15,166.04,,,,,,,
JH교래2,2024-08-16,165.56,,,,,,,
JH교래2,2024-08-17,165.53,,,,,,,
JH교래2,2024-08-18,165.54,,,,,,,
JH교래2,2024-08-19,165.53,,,,,,,
JH교래2,2024-08-20,165.49,,,,,,,
JH교래2,2024-08-21,165.43,,,,,,,
JH교래2,2024-08-22,165.43,,,,,,,
JH교래2,2024-08-23,165.36,,,,,,,
JH교래2,2024-08-24,165.33,,,,,,,
JH교래2,2024-08-25,165.32,,,,,,,
JH교래2,2024-08-26,165.31,,,,,,,
JH교래2,2024-08-27,165.28,,,,,,,
JH교래2,2024-08-28,165.22,,,,,,,
JH교래2,2024-08-29,165.19,,,,,,,
JH교래2,2024-08-30,165.11,,,,,,,
JH교래2,2024-08-31,165.05,,,,,,,
JH교래2,2024-09-01,165.02,,,,,,,
JH교래2,2024-09-02,164.97,,,,,,,
JH교래2,2024-09-03,164.92,,,,,,,
JH교래2,2024-09-04,164.88,,,,,,,
JH교래2,2024-09-05,164.83,,,,,,,
JH교래2,2024-09-06,164.74,,,,,,,
JH교래2,2024-09-07,164.68,,,,,,,
JH교래2,2024-09-08,164.65,,,,,,,
JH교래2,2024-09-09,164.59,,,,,,,
JH교래2,2024-09-10,164.53,,,,,,,
JH교래2,2024-09-11,164.45,,,,,,,
JH교래2,2024-09-12,164.42,,,,,,,
JH교래2,2024-09-13,164.44,,,,,,,
JH교래2,2024-09-14,164.41,,,,,,,
JH교래2,2024-09-15,164.3,,,,,,,
JH교래2,2024-09-16,164.18,,,,,,,
JH교래2,2024-09-17,164.15,,,,,,,
JH교래2,2024-09-18,164.13,,,,,,,
JH교래2,2024-09-19,164.09,,,,,,,
JH교래2,2024-09-20,164.05,,,,,,,
JH교래2,2024-09-21,164.04,,,,,,,
JH교래2,2024-09-22,163.86,,,,,,,
JH교래2,2024-09-23,163.77,,,,,,,
JH교래2,2024-09-24,163.82,,,,,,,
JH교래2,2024-09-25,163.85,,,,,,,
JH교래2,2024-09-26,163.9,,,,,,,
JH교래2,2024-09-27,163.97,,,,,,,
JH교래2,2024-09-28,164.06,,,,,,,
JH교래2,2024-09-29,164.23,,,,,,,
JH교래2,2024-09-30,164.46,,,,,,,
JH교래2,2024-10-01,164.66,,,,,,,
JH교래2,2024-10-02,164.79,,,,,,,
JH교래2,2024-10-03,164.97,,,,,,,
JH교래2,2024-10-04,165.12,,,,,,,
JH교래2,2024-10-05,165.31,,,,,,,
JH교래2,2024-10-06,165.55,,,,,,,
JH교래2,2024-10-07,165.72,,,,,,,
JH교래2,2024-10-08,165.84,,,,,,,
JH교래2,2024-10-09,165.99,,,,,,,
JH교래2,2024-10-10,166.14,,,,,,,
JH교래2,2024-10-11,166.23,,,,,,,
JH교래2,2024-10-12,166.33,,,,,,,
JH교래2,2024-10-13,166.5,,,,,,,
JH교래2,2024-10-14,166.66,,,,,,,
JH교래2,2024-10-15,166.7,,,,,,,
JH교래2,2024-10-16,166.72,,,,,,,
JH교래2,2024-10-17,166.82,,,,,,,
JH교래2,2024-10-18,166.99,,,,,,,
JH교래2,2024-10-19,166.9,,,,,,,
JH교래2,2024-10-20,166.82,,,,,,,
JH교래2,2024-10-21,166.99,,,,,,,
JH교래2,2024-10-22,167.1,,,,,,,
JH교래2,2024-10-23,166.98,,,,,,,
JH교래2,2024-10-24,166.95,,,,,,,
JH교래2,2024-10-25,166.92,,,,,,,
JH교래2,2024-10-26,166.97,,,,,,,
JH교래2,2024-10-27,167.04,,,,,,,
JH교래2,2024-10-28,166.95,,,,,,,
JH교래2,2024-10-29,166.88,,,,,,,
JH교래2,2024-10-30,166.82,,,,,,,
JH교래2,2024-10-31,166.84,,,,,,,
JH교래2,2024-11-01,166.93,,,,,,,
JH교래2,2024-11-02,166.89,,,,,,,
JH교래2,2024-11-03,166.78,,,,,,,
JH교래2,2024-11-04,166.85,,,,,,,
JH교래2,2024-11-05,166.89,,,,,,,
JH교래2,2024-11-06,166.91,,,,,,,
JH교래2,2024-11-07,167.01,,,,,,,
JH교래2,2024-11-08,167.24,,,,,,,
JH교래2,2024-11-09,167.47,,,,,,,
JH교래2,2024-11-10,167.73,,,,,,,
JH교래2,2024-11-11,167.92,,,,,,,
JH교래2,2024-11-12,168.13,,,,,,,
JH교래2,2024-11-13,168.3,,,,,,,
JH교래2,2024-11-14,168.56,,,,,,,
JH교래2,2024-11-15,168.79,,,,,,,
JH교래2,2024-11-16,169.01,,,,,,,
JH교래2,2024-11-17,169.13,,,,,,,
JH교래2,2024-11-18,169.24,,,,,,,
JH교래2,2024-11-19,169.57,,,,,,,
JH교래2,2024-11-20,169.87,,,,,,,
JH교래2,2024-11-21,170.29,,,,,,,
JH교래2,2024-11-22,170.53,,,,,,,
JH교래2,2024-11-23,170.69,,,,,,,
JH교래2,2024-11-24,170.81,,,,,,,
JH교래2,2024-11-25,170.98,,,,,,,
JH교래2,2024-11-26,171.11,,,,,,,
JH교래2,2024-11-27,171.13,,,,,,,
JH교래2,2024-11-28,171.18,,,,,,,
JH교래2,2024-11-29,171.17,,,,,,,
JH교래2,2024-11-30,171.14,,,,,,,
JH교래2,2024-12-01,171.14,,,,,,,
JH교래2,2024-12-02,171.08,,,,,,,
JH교래2,2024-12-03,170.97,,,,,,,
JH교래2,2024-12-04,170.97,,,,,,,
JH교래2,2024-12-05,170.94,,,,,,,
JH교래2,2024-12-06,170.85,,,,,,,
JH교래2,2024-12-07,170.75,,,,,,,
JH교래2,2024-12-08,170.67,,,,,,,
JH교래2,2024-12-09,170.6,,,,,,,
JH교래2,2024-12-10,170.51,,,,,,,
JH교래2,2024-12-11,170.43,,,,,,,
JH교래2,2024-12-12,170.28,,,,,,,
JH교래2,2024-12-13,170.23,,,,,,,
JH교래2,2024-12-14,170.02,,,,,,,
JH교래2,2024-12-15,169.93,,,,,,,
JH교래2,2024-12-16,169.78,,,,,,,
JH교래2,2024-12-17,169.59,,,,,,,
JH교래2,2024-12-18,169.42,,,,,,,
JH교래2,2024-12-19,169.27,,,,,,,
JH교래2,2024-12-20,169.3,,,,,,,
JH교래2,2024-12-21,169.26,,,,,,,
JH교래2,2024-12-22,169.12,,,,,,,
JH교래2,2024-12-23,169.03,,,,,,,
JH교래2,2024-12-24,168.96,,,,,,,
JH교래2,2024-12-25,168.94,,,,,,,
JH교래2,2024-12-26,168.9,,,,,,,
JH교래2,2024-12-27,168.81,,,,,,,
JH교래2,2024-12-28,168.78,,,,,,,
JH교래2,2024-12-29,168.65,,,,,,,
JH교래2,2024-12-30,168.68,,,,,,,
JH교래2,2024-12-31,168.59,,,,,,,
JH교래2,2025-01-01,168.48,,,,,,,
JH교래2,2025-01-02,168.41,,,,,,,
JH교래2,2025-01-03,168.3,,,,,,,
JH교래2,2025-01-04,168.23,,,,,,,
JH교래2,2025-01-05,168.25,,,,,,,
JH교래2,2025-01-06,168.19,,,,,,,
JH교래2,2025-01-07,168.08,,,,,,,
JH교래2,2025-01-08,168.0,,,,,,,
JH교래2,2025-01-09,167.9,,,,,,,
JH교래2,2025-01-10,167.72,,,,,,,
JH교래2,2025-01-11,167.75,,,,,,,
JH교래2,2025-01-12,167.74,,,,,,,
JH교래2,2025-01-13,167.59,,,,,,,
JH교래2,2025-01-14,167.54,,,,,,,
JH교래2,2025-01-15,167.43,,,,,,,
JH교래2,2025-01-16,167.39,,,,,,,
JH교래2,2025-01-17,167.3,,,,,,,
JH교래2,2025-01-18,167.25,,,,,,,
JH교래2,2025-01-19,167.23,,,,,,,
JH교래2,2025-01-20,167.1,,,,,,,
JH교래2,2025-01-21,166.92,,,,,,,
JH교래2,2025-01-22,166.83,,,,,,,
JH교래2,2025-01-23,166.77,,,,,,,
JH교래2,2025-01-24,166.67,,,,,,,
JH교래2,2025-01-25,166.56,,,,,,,
JH교래2,2025-01-26,166.53,,,,,,,
JH교래2,2025-01-27,166.51,,,,,,,
JH교래2,2025-01-28,166.33,,,,,,,
JH교래2,2025-01-29,166.17,,,,,,,
JH교래2,2025-01-30,166.07,,,,,,,
JH교래2,2025-01-31,166.04,,,,,,,
JH교래2,2025-02-01,166.02,,,,,,,
JH교래2,2025-02-02,165.85,,,,,,,
JH교래2,2025-02-03,165.75,,,,,,,
JH교래2,2025-02-04,165.66,,,,,,,
JH교래2,2025-02-05,165.56,,,,,,,
JH교래2,2025-02-06,165.4,,,,,,,
JH교래2,2025-02-07,165.34,,,,,,,
JH교래2,2025-02-08,165.18,,,,,,,
JH교래2,2025-02-09,165.14,,,,,,,
JH교래2,2025-02-10,165.05,,,,,,,
JH교래2,2025-02-11,164.97,,,,,,,
JH교래2,2025-02-12,165.02,,,,,,,
JH교래2,2025-02-13,164.79,,,,,,,
JH교래2,2025-02-14,164.75,,,,,,,
JH교래2,2025-02-15,164.72,,,,,,,
JH교래2,2025-02-16,164.61,,,,,,,
JH교래2,2025-02-17,164.47,,,,,,,
JH교래2,2025-02-18,164.42,,,,,,,
JH교래2,2025-02-19,164.35,,,,,,,
JH교래2,2025-02-20,164.28,,,,,,,
JH교래2,2025-02-21,164.22,,,,,,,
JH교래2,2025-02-22,164.14,,,,,,,
JH교래2,2025-02-23,164.09,,,,,,,
JH교래2,2025-02-24,164.01,,,,,,,
JH교래2,2025-02-25,163.99,,,,,,,
JH교래2,2025-02-26,163.94,,,,,,,
JH교래2,2025-02-27,163.9,,,,,,,
JH교래2,2025-02-28,163.83,,,,,,,
JH교래2,2025-03-01,163.79,,,,,,,
JH교래2,2025-03-02,163.77,,,,,,,
JH교래2,2025-03-03,163.65,,,,,,,
JH교래2,2025-03-04,163.61,,,,,,,
JH교래2,2025-03-05,163.49,,,,,,,
JH교래2,2025-03-06,163.41,,,,,,,
JH교래2,2025-03-07,163.37,,,,,,,
JH교래2,2025-03-08,163.34,,,,,,,
JH교래2,2025-03-09,163.25,,,,,,,
JH교래2,2025-03-10,163.26,,,,,,,
JH교래2,2025-03-11,163.24,,,,,,,
JH교래2,2025-03-12,163.2,,,,,,,
JH교래2,2025-03-13,163.09,,,,,,,
JH교래2,2025-03-14,163.04,,,,,,,
JH교래2,2025-03-15,163.06,,,,,,,
JH교래2,2025-03-16,163.04,,,,,,,
JH교래2,2025-03-17,162.96,,,,,,,
JH교래2,2025-03-18,162.95,,,,,,,
JH교래2,2025-03-19,162.87,,,,,,,
JH교래2,2025-03-20,162.91,,,,,,,
JH교래2,2025-03-21,162.93,,,,,,,
JH교래2,2025-03-22,162.9,,,,,,,
JH교래2,2025-03-23,162.9,,,,,,,
JH교래2,2025-03-24,162.93,,,,,,,
JH교래2,2025-03-25,162.92,,,,,,,
JH교래2,2025-03-26,162.86,,,,,,,
JH교래2,2025-03-27,162.88,,,,,,,
JH교래2,2025-03-28,162.7,,,,,,,
JH교래2,2025-03-29,162.65,,,,,,,
JH교래2,2025-03-30,162.63,,,,,,,
JH교래2,2025-03-31,162.69,,,,,,,
JH교래2,2025-04-01,162.72,,,,,,,
JH교래2,2025-04-02,162.69,,,,,,,
JH교래2,2025-04-03,162.64,,,,,,,
JH교래2,2025-04-04,162.62,,,,,,,
JH교래2,2025-04-05,162.66,,,,,,,
JH교래2,2025-04-06,162.55,,,,,,,
JH교래2,2025-04-07,162.52,,,,,,,
JH교래2,2025-04-08,162.54,,,,,,,
JH교래2,2025-04-09,162.54,,,,,,,
JH교래2,2025-04-10,162.53,,,,,,,
JH교래2,2025-04-11,162.41,,,,,,,
JH교래2,2025-04-12,162.48,,,,,,,
JH교래2,2025-04-13,162.41,,,,,,,
JH교래2,2025-04-14,162.43,,,,,,,
JH교래2,2025-04-15,162.26,,,,,,,
JH교래2,2025-04-16,162.26,,,,,,,
JH교래2,2025-04-17,162.27,,,,,,,
JH교래2,2025-04-18,162.19,,,,,,,
JH교래2,2025-04-19,162.2,,,,,,,
JH교래2,2025-04-20,162.14,,,,,,,
JH교래2,2025-04-21,162.08,,,,,,,
JH교래2,2025-04-22,162.19,,,,,,,
JH교래2,2025-04-23,162.04,,,,,,,
JH교래2,2025-04-24,161.98,,,,,,,
JH교래2,2025-04-25,161.89,,,,,,,
JH교래2,2025-04-26,161.84,,,,,,,
JH교래2,2025-04-27,161.87,,,,,,,
JH교래2,2025-04-28,161.87,,,,,,,
JH교래2,2025-04-29,161.75,,,,,,,
JH교래2,2025-04-30,161.71,,,,,,,
JH교래2,2025-05-01,161.75,,,,,,,
JH교래2,2025-05-02,161.66,,,,,,,
JH교래2,2025-05-03,161.67,,,,,,,
JH교래2,2025-05-04,161.54,,,,,,,
JH교래2,2025-05-05,161.61,,,,,,,
JH교래2,2025-05-06,161.59,,,,,,,
JH교래2,2025-05-07,161.46,,,,,,,
JH교래2,2025-05-08,161.43,,,,,,,
JH교래2,2025-05-09,161.59,,,,,,,
JH교래2,2025-05-10,161.43,,,,,,,
JH교래2,2025-05-11,161.39,,,,,,,
JH교래2,2025-05-12,161.33,,,,,,,
JH교래2,2025-05-13,161.28,,,,,,,
JH교래2,2025-05-14,161.28,,,,,,,
JH교래2,2025-05-15,161.27,,,,,,,
JH교래2,2025-05-16,161.34,,,,,,,
JH교래2,2025-05-17,161.29,,,,,,,
JH교래2,2025-05-18,161.23,,,,,,,
JH교래2,2025-05-19,161.25,,,,,,,
JH교래2,2025-05-20,161.23,,,,,,,
JH교래2,2025-05-21,161.29,,,,,,,
JH교래2,2025-05-22,161.23,,,,,,,
JH교래2,2025-05-23,161.22,,,,,,,
JH교래2,2025-05-24,161.27,,,,,,,
JH교래2,2025-05-25,161.16,,,,,,,
JH교래2,2025-05-26,161.17,,,,,,,
JH교래2,2025-05-27,161.2,,,,,,,
JH교래2,2025-05-28,161.23,,,,,,,
JH교래2,2025-05-29,161.27,,,,,,,
JH교래2,2025-05-30,161.26,,,,,,,
JH교래2,2025-05-31,161.25,,,,,,,
JH교래2,2025-06-01,161.25,,,,,,,
JH교래2,2025-06-02,161.31,,,,,,,
JH교래2,2025-06-03,161.2,,,,,,,
JH교래2,2025-06-04,161.11,,,,,,,
JH교래2,2025-06-05,161.1,,,,,,,
JH교래2,2025-06-06,161.15,,,,,,,
JH교래2,2025-06-07,161.17,,,,,,,
JH교래2,2025-06-08,161.17,,,,,,,
JH교래2,2025-06-09,161.18,,,,,,,
JH교래2,2025-06-10,161.15,,,,,,,
JH교래2,2025-06-11,161.11,,,,,,,
JH교래2,2025-06-12,161.1,,,,,,,
JH교래2,2025-06-13,161.18,,,,,,,
JH교래2,2025-06-14,161.28,,,,,,,
JH교래2,2025-06-15,161.21,,,,,,,
JH교래2,2025-06-16,161.15,,,,,,,
JH교래2,2025-06-17,161.08,,,,,,,
JH교래2,2025-06-18,161.05,,,,,,,
JH교래2,2025-06-19,161.06,,,,,,,
JH교래2,2025-06-20,161.13,,,,,,,
JH교래2,2025-06-21,161.15,,,,,,,
JH교래2,2025-06-22,161.05,,,,,,,
JH교래2,2025-06-23,161.05,,,,,,,
JH교래2,2025-06-24,161.05,,,,,,,
JH교래2,2025-06-25,160.98,,,,,,,
JH교래2,2025-06-26,160.98,,,,,,,
JH교래2,2025-06-27,160.99,,,,,,,
JH교래2,2025-06-28,160.99,,,,,,,
JH교래2,2025-06-29,160.96,,,,,,,
JH교래2,2025-06-30,160.92,,,,,,,
JH교래2,2025-07-01,160.9,,,,,,,
JH교래2,2025-07-02,160.92,,,,,,,
JH교래2,2025-07-03,160.93,,,,,,,
JH교래2,2025-07-04,160.94,,,,,,,
JH교래2,2025-07-05,160.93,,,,,,,
JH교래2,2025-07-06,160.91,,,,,,,
JH교래2,2025-07-07,160.89,,,,,,,
JH교래2,2025-07-08,160.85,,,,,,,
JH교래2,2025-07-09,160.84,,,,,,,
JH교래2,2025-07-10,160.82,,,,,,,
JH교래2,2025-07-11,160.8,,,,,,,
JH교래2,2025-07-12,160.83,,,,,,,
JH교래2,2025-07-13,160.9,,,,,,,
JH교래2,2025-07-14,160.88,,,,,,,
JH교래2,2025-07-15,160.76,,,,,,,
JH교래2,2025-07-16,160.69,,,,,,,
JH교래2,2025-07-17,160.68,,,,,,,
JH교래2,2025-07-18,160.67,,,,,,,
JH교래2,2025-07-19,160.63,,,,,,,
JH교래2,2025-07-20,160.61,,,,,,,
JH교래2,2025-07-21,160.58,,,,,,,
JH교래2,2025-07-22,160.59,,,,,,,
JH교래2,2025-07-23,160.59,,,,,,,
JH교래2,2025-07-24,160.58,,,,,,,
JH교래2,2025-07-25,160.56,,,,,,,
JH교래2,2025-07-26,160.54,,,,,,,
JH교래2,2025-07-27,160.51,,,,,,,
JH교래2,2025-07-28,160.47,,,,,,,
JH교래2,2025-07-29,160.46,,,,,,,
JH교래2,2025-07-30,160.42,,,,,,,
JH교래2,2025-07-31,160.35,,,,,,,
JH교래2,2025-08-01,160.33,,,,,,,
JH교래2,2025-08-02,160.31,,,,,,,
JH교래2,2025-08-03,160.3,,,,,,,
JH교래2,2025-08-04,160.25,,,,,,,
JH교래2,2025-08-05,160.2,,,,,,,
JH교래2,2025-08-06,160.22,,,,,,,
JH교래2,2025-08-07,160.19,,,,,,,
JH교래2,2025-08-08,160.16,,,,,,,
JH교래2,2025-08-09,160.18,,,,,,,
JH교래2,2025-08-10,160.15,,,,,,,
JH교래2,2025-08-11,160.09,,,,,,,
JH교래2,2025-08-12,160.03,,,,,,,
JH교래2,2025-08-13,160.0,,,,,,,
JH교래2,2025-08-14,159.99,,,,,,,
JH교래2,2025-08-15,160.01,,,,,,,
JH교래2,2025-08-16,160.0,,,,,,,
JH교래2,2025-08-17,159.95,,,,,,,
JH교래2,2025-08-18,159.93,,,,,,,
JH교래2,2025-08-19,159.95,,,,,,,
JH교래2,2025-08-20,159.93,,,,,,,
JH교래2,2025-08-21,159.88,,,,,,,
JH교래2,2025-08-22,159.86,,,,,,,
JH교래2,2025-08-23,159.82,,,,,,,
JH교래2,2025-08-24,159.79,,,,,,,
JH교래2,2025-08-25,159.79,,,,,,,
JH교래2,2025-08-26,159.77,,,,,,,
JH교래2,2025-08-27,159.72,,,,,,,
JH교래2,2025-08-28,159.69,,,,,,,
JH교래2,2025-08-29,159.66,,,,,,,
JH교래2,2025-08-30,159.66,,,,,,,
JH교래2,2025-08-31,159.68,,,,,,,
JH교래2,2025-09-01,159.64,,,,,,,
JH교래2,2025-09-02,159.58,,,,,,,
JH교래2,2025-09-03,159.55,,,,,,,
JH교래2,2025-09-04,159.55,,,,,,,
JH교래2,2025-09-05,159.49,,,,,,,
JH교래2,2025-09-06,159.49,,,,,,,
JH교래2,2025-09-07,159.49,,,,,,,
JH교래2,2025-09-08,159.44,,,,,,,
JH교래2,2025-09-09,159.42,,,,,,,
JH교래2,2025-09-10,159.39,,,,,,,
JH교래2,2025-09-11,159.36,,,,,,,
JH교래2,2025-09-12,159.37,,,,,,,
JH교래2,2025-09-13,159.35,,,,,,,
JH교래2,2025-09-14,159.29,,,,,,,
JH교래2,2025-09-15,159.28,,,,,,,
JH교래2,2025-09-16,159.32,,,,,,,
JH교래2,2025-09-17,159.38,,,,,,,
JH교래2,2025-09-18,159.41,,,,,,,
JH교래2,2025-09-19,159.53,,,,,,,
JH교래2,2025-09-20,159.62,,,,,,,
JH교래2,2025-09-21,159.57,,,,,,,
JH교래2,2025-09-22,159.62,,,,,,,
JH교래2,2025-09-23,159.69,,,,,,,
JH교래2,2025-09-24,159.73,,,,,,,
JH교래2,2025-09-25,159.7,,,,,,,
JH교래2,2025-09-26,159.76,,,,,,,
JH교래2,2025-09-27,159.85,,,,,,,
JH교래2,2025-09-28,159.93,,,,,,,
JH교래2,2025-09-29,159.9,,,,,,,
JH교래2,2025-09-30,159.95,,,,,,,
JH교래2,2025-10-01,159.97,,,,,,,
JH교래2,2025-10-02,160.0,,,,,,,
JH교래2,2025-10-03,160.14,,,,,,,
JH교래2,2025-10-04,160.14,,,,,,,
JH교래2,2025-10-05,160.19,,,,,,,
JH교래2,2025-10-06,160.25,,,,,,,
JH교래2,2025-10-07,160.32,,,,,,,
JH교래2,2025-10-08,160.37,,,,,,,
JH교래2,2025-10-09,160.39,,,,,,,
JH교래2,2025-10-10,160.5,,,,,,,
JH교래2,2025-10-11,160.59,,,,,,,
JH교래2,2025-10-12,160.61,,,,,,,
JH교래2,2025-10-13,160.65,,,,,,,
JH교래2,2025-10-14,160.69,,,,,,,
JH교래2,2025-10-15,160.76,,,,,,,
JH교래2,2025-10-16,160.84,,,,,,,
JH교래2,2025-10-17,160.88,,,,,,,
JH교래2,2025-10-18,160.97,,,,,,,
JH교래2,2025-10-19,160.99,,,,,,,
JH교래2,2025-10-20,161.04,,,,,,,
JH교래2,2025-10-21,161.09,,,,,,,
JH교래2,2025-10-22,161.14,,,,,,,
JH교래2,2025-10-23,161.18,,,,,,,
JH교래2,2025-10-24,161.25,,,,,,,
JH교래2,2025-10-25,161.33,,,,,,,
JH교래2,2025-10-26,161.35,,,,,,,
JH교래2,2025-10-27,161.31,,,,,,,
JH교래2,2025-10-28,161.29,,,,,,,
JH교래2,2025-10-29,161.35,,,,,,,
JH교래2,2025-10-30,161.42,,,,,,,
JH교래2,2025-10-31,161.54,,,,,,,
JH교래2,2025-11-01,161.48,,,,,,,
JH교래2,2025-11-02,161.4,,,,,,,
JH교래2,2025-11-03,161.36,,,,,,,
JH교래2,2025-11-04,161.43,,,,,,,
JH교래2,2025-11-05,161.48,,,,,,,
JH교래2,2025-11-06,161.45,,,,,,,
JH교래2,2025-11-07,161.45,,,,,,,
JH교래2,2025-11-08,161.51,,,,,,,
JH교래2,2025-11-09,161.5,,,,,,,
JH교래2,2025-11-10,161.44,,,,,,,
JH교래2,2025-11-11,161.42,,,,,,,
JH교래2,2025-11-12,161.41,,,,,,,
JH교래2,2025-11-13,161.45,,,,,,,
JH교래2,2025-11-14,161.4,,,,,,,
JH교래2,2025-11-15,161.31,,,,,,,
JH교래2,2025-11-16,161.33,,,,,,,
JH교래2,2025-11-17,161.33,,,,,,,
JH교래2,2025-11-18,161.34,,,,,,,
JH교래2,2025-11-19,161.31,,,,,,,
JH교래2,2025-11-20,161.28,,,,,,,
JH교래2,2025-11-21,161.25,,,,,,,
JH교래2,2025-11-22,161.22,,,,,,,
JH교래2,2025-11-23,161.23,,,,,,,
JH교래2,2025-11-24,161.24,,,,,,,
JH교래2,2025-11-25,161.19,,,,,,,
JH교래2,2025-11-26,161.05,,,,,,,
JH교래2,2025-11-27,161.14,,,,,,,
JH교래2,2025-11-28,161.04,,,,,,,
JH교래2,2025-11-29,161.05,,,,,,,
JH교래2,2025-11-30,161.0,,,,,,,
JH교래2,2025-12-01,160.94,,,,,,,
JH교래2,2025-12-02,160.88,,,,,,,
JH교래2,2025-12-03,160.83,,,,,,,
JH교래2,2025-12-04,160.78,,,,,,,
JH교래2,2025-12-05,160.75,,,,,,,
JH교래2,2025-12-06,160.75,,,,,,,
JH교래2,2025-12-07,160.69,,,,,,,
JH교래2,2025-12-08,160.6,,,,,,,
JH교래2,2025-12-09,160.57,,,,,,,
JH교래2,2025-12-10,160.56,,,,,,,
JH교래2,2025-12-11,160.55,,,,,,,
JH교래2,2025-12-12,160.41,,,,,,,
JH교래2,2025-12-13,160.45,,,,,,,
JH교래2,2025-12-14,160.34,,,,,,,
JH교래2,2025-12-15,160.24,,,,,,,
JH교래2,2025-12-16,160.22,,,,,,,
JH교래2,2025-12-17,160.16,,,,,,,
JH교래2,2025-12-18,160.09,,,,,,,
JH교래2,2025-12-19,160.1,,,,,,,
JH교래2,2025-12-20,160.04,,,,,,,
JH교래2,2025-12-21,159.93,,,,,,,
JH교래2,2025-12-22,159.9,,,,,,,
JH교래2,2025-12-23,159.95,,,,,,,
JH교래2,2025-12-24,159.94,,,,,,,
JH교래2,2025-12-25,159.82,,,,,,,
JH교래2,2025-12-26,159.73,,,,,,,
JH교래2,2025-12-27,159.71,,,,,,,
JH교래2,2025-12-28,159.71,,,,,,,
JH교래2,2025-12-29,159.68,,,,,,,
JH교래2,2025-12-30,159.6,,,,,,,
JH교래2,2025-12-31,159.55,,,,,,,
JH교래2,2026-01-01,159.53,S11,279.88,19.23,13.48,68.0,,12.95
JH교래2,2026-01-02,159.49,S11,279.92,19.19,13.49,68.0,,12.85
JH교래2,2026-01-03,159.41,S11,280.0,19.11,13.49,68.0,,12.88
JH교래2,2026-01-04,159.41,S11,280.0,19.11,13.49,68.0,,12.93
JH교래2,2026-01-05,159.38,S11,280.03,19.08,13.49,68.0,,12.93
JH교래2,2026-01-06,159.31,S11,280.1,19.01,13.48,68.0,,12.98
JH교래2,2026-01-07,159.27,S11,280.14,18.97,13.49,68.0,,12.89
JH교래2,2026-01-08,159.18,S11,280.23,18.88,13.48,68.0,,12.96
JH교래2,2026-01-09,159.2,S11,280.22,18.9,13.49,68.0,,12.98
JH교래2,2026-01-10,159.19,S11,280.22,18.89,13.49,68.0,,13.01
JH교래2,2026-01-11,159.04,S11,280.37,18.74,13.47,68.0,,12.96
JH교래2,2026-01-12,159.07,S11,280.34,18.77,13.47,68.0,,12.99
JH교래2,2026-01-13,159.01,S11,280.4,18.71,13.48,68.0,,13.01
JH교래2,2026-01-14,158.93,S11,280.48,18.63,13.48,68.0,,13.0
JH교래2,2026-01-15,158.96,S11,280.45,18.66,13.49,68.0,,13.03
JH교래2,2026-01-16,158.87,S11,280.54,18.57,13.48,68.0,,13.03
JH교래2,2026-01-17,158.82,S11,280.59,18.52,13.48,68.0,,13.02
JH교래2,2026-01-18,158.78,S11,280.63,18.48,13.48,68.0,,13.02
JH교래2,2026-01-19,158.73,S11,280.68,18.43,13.48,68.0,,12.97
JH교래2,2026-01-20,158.67,S11,280.74,18.37,13.47,68.0,,12.94
JH교래2,2026-01-21,158.63,S11,280.78,18.33,13.47,68.0,,12.93
JH교래2,2026-01-22,158.59,S11,280.82,18.29,13.47,68.0,,12.88
JH교래2,2026-01-23,158.55,S11,280.86,18.25,13.48,68.0,,12.96
JH교래2,2026-01-24,158.52,S11,280.89,18.22,13.48,68.0,,13.02
JH교래2,2026-01-25,158.44,S11,280.98,18.14,13.47,68.0,,12.95
JH교래2,2026-01-26,158.46,S11,280.95,18.16,13.48,68.0,,12.96
JH교래2,2026-01-27,158.39,S11,281.02,18.09,13.47,68.0,,12.93
JH교래2,2026-01-28,158.32,S11,281.1,18.02,13.47,68.0,,13.0
JH교래2,2026-01-29,158.27,S11,281.14,17.97,13.47,68.0,,12.96
JH교래2,2026-01-30,158.26,S11,281.15,17.96,13.47,68.0,,12.99
JH교래2,2026-01-31,158.24,S11,281.17,17.94,13.47,68.0,,13.01
JH교래2,2026-02-01,158.19,S11,281.22,17.89,13.47,68.0,,12.99
JH교래2,2026-02-02,158.15,S11,281.26,17.85,13.47,68.0,,12.86
JH교래2,2026-02-03,158.11,S11,281.3,17.81,13.46,68.0,,12.99
JH교래2,2026-02-04,158.16,S11,281.25,17.86,13.47,68.0,,13.02
JH교래2,2026-02-05,158.11,S11,281.3,17.81,13.47,68.0,,13.03
JH교래2,2026-02-06,158.01,S11,281.4,17.71,13.46,68.0,,13.02
JH교래2,2026-02-07,157.96,S11,281.45,17.66,13.46,68.0,,12.92
JH교래2,2026-02-08,157.89,S11,281.52,17.59,13.46,68.0,,12.84
JH교래2,2026-02-09,157.87,S11,281.54,17.57,13.46,68.0,,13.0
JH교래2,2026-02-10,157.93,S11,281.48,17.63,13.47,68.0,,12.99
JH교래2,2026-02-11,157.82,S11,281.59,17.52,13.46,68.0,,13.02
JH교래2,2026-02-12,157.77,S11,281.64,17.47,13.46,68.0,,13.04
JH교래2,2026-02-13,157.77,S11,281.64,17.47,13.46,68.0,,13.04
JH교래2,2026-02-14,157.77,S11,281.64,17.47,13.46,68.0,,12.96
JH교래2,2026-02-15,157.66,S11,281.75,17.36,13.46,68.0,,13.06
JH교래2,2026-02-16,157.62,S11,281.79,17.32,13.46,68.0,,13.02
JH교래2,2026-02-17,157.59,S11,281.82,17.29,13.46,68.0,,13.03
JH교래2,2026-02-18,157.55,S11,281.86,17.25,13.46,68.0,,13.05
JH교래2,2026-02-19,157.52,S11,281.89,17.22,13.46,68.0,,13.05
JH교래2,2026-02-20,157.54,S11,281.87,17.24,13.46,68.0,,13.06
JH교래2,2026-02-21,157.53,S11,281.88,17.23,13.46,68.0,,13.07
JH교래2,2026-02-22,157.46,S11,281.95,17.16,13.46,68.0,,13.08
JH교래2,2026-02-23,157.3,S11,282.11,17.0,13.44,68.0,,13.06
JH교래2,2026-02-24,157.37,S11,282.04,17.07,13.46,68.0,,12.67
JH교래2,2026-02-25,157.29,S11,282.12,16.99,13.45,68.0,,12.83
JH교래2,2026-02-26,157.31,S11,282.1,17.01,13.46,68.0,,12.83
JH교래2,2026-02-27,157.28,S11,282.13,16.98,13.46,68.0,,12.78
JH교래2,2026-02-28,157.16,S11,282.25,16.86,13.45,68.0,,12.99
JH교래2,2026-03-01,157.14,S11,282.27,16.84,13.45,68.0,,12.89
JH교래2,2026-03-02,157.19,S11,282.22,16.89,13.45,68.0,,12.67
JH교래2,2026-03-03,157.04,S11,282.37,16.74,13.45,68.0,,12.87
JH교래2,2026-03-04,156.99,S11,282.42,16.69,13.45,68.0,,13.1
JH교래2,2026-03-05,156.99,S11,282.42,16.69,13.45,68.0,,13.09
JH교래2,2026-03-06,156.96,S11,282.45,16.66,13.45,68.0,,13.03
JH교래2,2026-03-07,156.87,S11,282.54,16.57,13.44,68.0,,13.05
JH교래2,2026-03-08,156.86,S11,282.55,16.56,13.44,68.0,,13.1
JH교래2,2026-03-09,156.83,S11,282.58,16.53,13.44,68.0,,13.08
JH교래2,2026-03-10,156.81,S11,282.6,16.51,13.44,68.0,,13.08
JH교래2,2026-03-11,156.8,S11,282.61,16.5,13.44,68.0,,13.11
JH교래2,2026-03-12,156.75,S11,282.66,16.45,13.44,68.0,,13.09
JH교래2,2026-03-13,156.68,S11,282.73,16.38,13.43,68.0,,13.11
JH교래2,2026-03-14,156.67,S11,282.74,16.37,13.43,68.0,,13.1
JH교래2,2026-03-15,156.68,S11,282.73,16.38,13.43,68.0,,13.11
JH교래2,2026-03-16,156.68,S11,282.73,16.38,13.43,68.0,,13.1
JH교래2,2026-03-17,156.65,S11,282.76,16.35,13.43,68.0,,13.08
JH교래2,2026-03-18,156.69,S11,282.72,16.39,13.43,68.0,,12.92
JH교래2,2026-03-19,156.57,S11,282.84,16.27,13.43,68.0,,13.08
JH교래2,2026-03-20,156.53,S11,282.88,16.23,13.43,68.0,,13.12
JH교래2,2026-03-21,156.51,S11,282.91,16.21,13.43,68.0,,13.11
JH교래2,2026-03-22,156.56,S11,282.85,16.26,13.44,68.0,,13.1
JH교래2,2026-03-23,156.52,S11,282.89,16.22,13.44,68.0,,13.11
JH교래2,2026-03-24,156.52,S11,282.89,16.22,13.45,68.0,,13.08
JH교래2,2026-03-25,156.52,S11,282.89,16.22,13.45,68.0,,13.0
JH교래2,2026-03-26,156.48,S11,282.93,16.18,13.45,68.0,,13.1
JH교래2,2026-03-27,156.49,S11,282.92,16.19,13.45,68.0,,13.12
JH교래2,2026-03-28,156.47,S11,282.94,16.17,13.45,68.0,,13.12
JH교래2,2026-03-29,156.47,S11,282.94,16.17,13.45,68.0,,13.11
JH교래2,2026-03-30,156.54,S11,282.87,16.24,13.45,68.0,,12.74
JH교래2,2026-03-31,156.49,S11,282.92,16.19,13.45,68.0,,13.09
JH교래2,2026-04-01,156.43,S11,282.98,16.13,13.45,68.0,,13.0
JH교래2,2026-04-02,156.4,S11,283.01,16.1,13.44,68.0,,13.12
JH교래2,2026-04-03,156.45,S11,282.96,16.15,13.45,68.0,,13.07
JH교래2,2026-04-04,156.55,S11,282.86,16.25,13.45,68.0,,13.03
JH교래2,2026-04-05,156.38,S11,283.03,16.08,13.44,68.0,,13.12
JH교래2,2026-04-06,156.38,S11,283.03,16.08,13.45,68.0,,13.1
JH교래2,2026-04-07,156.3,S11,283.11,16.0,13.43,68.0,,13.11
JH교래2,2026-04-08,156.29,S11,283.12,15.99,13.43,68.0,,13.11
JH교래2,2026-04-09,156.45,S11,282.96,16.15,13.44,69.0,,12.91
JH교래2,2026-04-10,156.36,S11,283.05,16.06,13.43,68.0,,13.11
JH교래2,2026-04-11,156.24,S11,283.17,15.94,13.43,68.0,,13.13
JH교래2,2026-04-12,156.26,S11,283.15,15.96,13.43,68.0,,13.1
JH교래2,2026-04-13,156.28,S11,283.13,15.98,13.44,68.0,,13.06
JH교래2,2026-04-14,156.32,S11,283.09,16.02,13.44,68.0,,12.88
JH교래2,2026-04-15,156.33,S11,283.08,16.03,13.44,69.0,,13.11
JH교래2,2026-04-16,156.34,S11,283.07,16.04,13.44,69.0,,13.15
JH교래2,2026-04-17,156.49,S11,282.92,16.19,13.44,69.0,,12.95
JH교래2,2026-04-18,156.62,S11,282.79,16.32,13.46,69.0,,13.04
JH교래2,2026-04-19,156.81,S11,282.6,16.51,13.47,69.0,,13.0
JH교래2,2026-04-20,156.97,S11,282.44,16.67,13.47,69.0,,13.06
JH교래2,2026-04-21,156.99,S11,282.42,16.69,13.47,70.0,,13.14
JH교래2,2026-04-22,157.22,S11,282.2,16.92,13.49,70.0,,12.99
JH교래2,2026-04-23,157.26,S11,282.15,16.96,13.49,70.0,,13.06
JH교래2,2026-04-24,157.19,S11,282.22,16.89,13.49,70.0,,13.15
JH교래2,2026-04-25,157.28,S11,282.14,16.98,13.49,70.0,,13.15
JH교래2,2026-04-26,157.48,S11,281.93,17.18,13.51,70.0,,13.12
JH교래2,2026-04-27,157.52,S11,281.89,17.22,13.51,70.0,,13.14
JH교래2,2026-04-28,157.55,S11,281.86,17.25,13.51,70.0,,13.15
JH교래2,2026-04-29,157.62,S11,281.79,17.32,13.51,70.0,,13.12
JH교래2,2026-04-30,157.81,S11,281.6,17.51,13.52,70.0,,13.05
JH교래2,2026-05-01,157.9,S11,281.51,17.6,13.52,70.0,,13.16
JH교래2,2026-05-02,158.0,S11,281.41,17.7,13.52,70.0,,13.15
JH교래2,2026-05-03,158.24,S11,281.17,17.94,13.51,70.0,,12.98
JH교래2,2026-05-04,158.08,S11,281.33,17.78,13.5,70.0,,13.16
JH교래2,2026-05-05,158.26,S11,281.15,17.96,13.51,70.0,,13.15
JH교래2,2026-05-06,158.44,S11,280.97,18.14,13.52,70.0,,13.15
JH교래2,2026-05-07,158.59,S11,280.82,18.29,13.52,70.0,,13.17
JH교래2,2026-05-08,158.58,S11,280.83,18.28,13.49,70.0,,13.18
JH교래2,2026-05-09,158.66,S11,280.75,18.36,13.5,70.0,,13.15
JH교래2,2026-05-10,158.8,S11,280.61,18.5,13.52,70.0,,13.15
JH교래2,2026-05-11,158.92,S11,280.5,18.62,13.52,70.0,,13.18
JH교래2,2026-05-12,159.05,S11,280.36,18.75,13.52,70.0,,13.11
JH교래2,2026-05-13,159.05,S11,280.36,18.75,13.51,70.0,,13.16
JH교래2,2026-05-14,159.02,S11,280.39,18.72,13.51,70.0,,13.16
JH교래2,2026-05-15,159.03,S11,280.38,18.73,13.51,70.0,,13.1
JH교래2,2026-05-16,159.13,S11,280.28,18.83,13.51,70.0,,13.15
JH교래2,2026-05-17,159.22,S11,280.19,18.92,13.51,70.0,,13.15
JH교래2,2026-05-18,159.29,S11,280.12,18.99,13.51,70.0,,13.15
JH교래2,2026-05-19,159.36,S11,280.05,19.06,13.51,70.0,,13.1
JH교래2,2026-05-20,159.44,S11,279.97,19.14,13.51,70.0,,12.94
JH교래2,2026-05-21,159.39,S11,280.02,19.09,13.51,70.0,,13.18
JH교래2,2026-05-22,159.32,S11,280.09,19.02,13.51,70.0,,13.1
JH교래2,2026-05-23,159.36,S11,280.05,19.06,13.5,70.0,,13.03
JH교래2,2026-05-24,159.35,S11,280.07,19.05,13.5,70.0,,13.05
JH교래2,2026-05-25,159.43,S11,279.99,19.13,13.51,70.0,,12.97
JH교래2,2026-05-26,159.49,S11,279.92,19.19,13.5,70.0,,13.08
JH교래2,2026-05-27,159.44,S11,279.97,19.14,13.5,69.0,,13.11
JH교래2,2026-05-28,159.37,S11,280.04,19.07,13.49,70.0,,13.16
JH교래2,2026-05-29,159.34,S11,280.07,19.04,13.49,69.0,,13.18
JH교래2,2026-05-30,159.34,S11,280.07,19.04,13.49,70.0,,13.15
JH교래2,2026-05-31,159.35,S11,280.06,19.05,13.49,70.0,,13.15
