관측소명,날짜,EL,센서,GL,Pressure,Temp,EC,Barometa,Battery
JI원종장3,2008-02-15,68.79,,,,,,,
JI원종장3,2008-02-16,68.8,,,,,,,
JI원종장3,2008-02-17,68.81,,,,,,,
JI원종장3,2008-02-18,68.84,,,,,,,
JI원종장3,2008-02-19,68.92,,,,,,,
JI원종장3,2008-02-20,68.97,,,,,,,
JI원종장3,2008-02-21,69.02,,,,,,,
JI원종장3,2008-02-22,69.07,,,,,,,
JI원종장3,2008-02-23,69.1,,,,,,,
JI원종장3,2008-02-24,69.12,,,,,,,
JI원종장3,2008-02-25,69.19,,,,,,,
JI원종장3,2008-02-26,69.24,,,,,,,
JI원종장3,2008-02-27,69.21,,,,,,,
JI원종장3,2008-02-28,69.27,,,,,,,
JI원종장3,2008-02-29,69.35,,,,,,,
JI원종장3,2008-03-01,69.27,,,,,,,
JI원종장3,2008-03-02,69.32,,,,,,,
JI원종장3,2008-03-03,69.31,,,,,,,
JI원종장3,2008-03-04,69.28,,,,,,,
JI원종장3,2008-03-05,69.26,,,,,,,
JI원종장3,2008-03-06,69.29,,,,,,,
JI원종장3,2008-03-07,69.29,,,,,,,
JI원종장3,2008-03-08,69.31,,,,,,,
JI원종장3,2008-03-09,69.38,,,,,,,
JI원종장3,2008-03-10,69.35,,,,,,,
JI원종장3,2008-03-11,69.38,,,,,,,
JI원종장3,2008-03-12,69.37,,,,,,,
JI원종장3,2008-03-13,69.41,,,,,,,
JI원종장3,2008-03-14,69.38,,,,,,,
JI원종장3,2008-03-15,69.37,,,,,,,
JI원종장3,2008-03-16,69.39,,,,,,,
JI원종장3,2008-03-17,69.44,,,,,,,
JI원종장3,2008-03-18,69.46,,,,,,,
JI원종장3,2008-03-19,69.43,,,,,,,
JI원종장3,2008-03-20,69.38,,,,,,,
JI원종장3,2008-03-21,69.41,,,,,,,
JI원종장3,2008-03-22,69.46,,,,,,,
JI원종장3,2008-03-23,69.47,,,,,,,
JI원종장3,2008-03-24,69.4,,,,,,,
JI원종장3,2008-03-25,69.43,,,,,,,
JI원종장3,2008-03-26,69.43,,,,,,,
JI원종장3,2008-03-27,69.45,,,,,,,
JI원종장3,2008-03-28,69.38,,,,,,,
JI원종장3,2008-03-29,69.41,,,,,,,
JI원종장3,2008-03-30,69.48,,,,,,,
JI원종장3,2008-03-31,69.41,,,,,,,
JI원종장3,2008-04-01,69.39,,,,,,,
JI원종장3,2008-04-02,69.44,,,,,,,
JI원종장3,2008-04-03,69.42,,,,,,,
JI원종장3,2008-04-04,69.41,,,,,,,
JI원종장3,2008-04-05,69.41,,,,,,,
JI원종장3,2008-04-06,69.48,,,,,,,
JI원종장3,2008-04-07,69.48,,,,,,,
JI원종장3,2008-04-08,69.44,,,,,,,
JI원종장3,2008-04-09,69.56,,,,,,,
JI원종장3,2008-04-10,69.45,,,,,,,
JI원종장3,2008-04-11,69.36,,,,,,,
JI원종장3,2008-04-12,69.39,,,,,,,
JI원종장3,2008-04-13,69.43,,,,,,,
JI원종장3,2008-04-14,69.41,,,,,,,
JI원종장3,2008-04-15,69.41,,,,,,,
JI원종장3,2008-04-16,69.44,,,,,,,
JI원종장3,2008-04-17,69.43,,,,,,,
JI원종장3,2008-04-18,69.36,,,,,,,
JI원종장3,2008-04-19,69.37,,,,,,,
JI원종장3,2008-04-20,69.4,,,,,,,
JI원종장3,2008-04-21,69.4,,,,,,,
JI원종장3,2008-04-22,69.39,,,,,,,
JI원종장3,2008-04-23,69.4,,,,,,,
JI원종장3,2008-04-24,69.36,,,,,,,
JI원종장3,2008-04-25,69.39,,,,,,,
JI원종장3,2008-04-26,69.39,,,,,,,
JI원종장3,2008-04-27,69.38,,,,,,,
JI원종장3,2008-04-28,69.39,,,,,,,
JI원종장3,2008-04-29,69.38,,,,,,,
JI원종장3,2008-04-30,69.41,,,,,,,
JI원종장3,2008-05-01,69.43,,,,,,,
JI원종장3,2008-05-02,69.4,,,,,,,
JI원종장3,2008-05-03,69.38,,,,,,,
JI원종장3,2008-05-04,69.44,,,,,,,
JI원종장3,2008-05-05,69.37,,,,,,,
JI원종장3,2008-05-06,69.34,,,,,,,
JI원종장3,2008-05-07,69.37,,,,,,,
JI원종장3,2008-05-08,69.38,,,,,,,
JI원종장3,2008-05-09,69.39,,,,,,,
JI원종장3,2008-05-10,69.37,,,,,,,
JI원종장3,2008-05-11,69.35,,,,,,,
JI원종장3,2008-05-12,69.39,,,,,,,
JI원종장3,2008-05-13,69.36,,,,,,,
JI원종장3,2008-05-14,69.33,,,,,,,
JI원종장3,2008-05-15,69.34,,,,,,,
JI원종장3,2008-05-16,69.36,,,,,,,
JI원종장3,2008-05-17,69.37,,,,,,,
JI원종장3,2008-05-18,69.38,,,,,,,
JI원종장3,2008-05-19,69.35,,,,,,,
JI원종장3,2008-05-20,69.33,,,,,,,
JI원종장3,2008-05-21,69.31,,,,,,,
JI원종장3,2008-05-22,69.3,,,,,,,
JI원종장3,2008-05-23,69.33,,,,,,,
JI원종장3,2008-05-24,69.37,,,,,,,
JI원종장3,2008-05-25,69.33,,,,,,,
JI원종장3,2008-05-26,69.3,,,,,,,
JI원종장3,2008-05-27,69.33,,,,,,,
JI원종장3,2008-05-28,69.38,,,,,,,
JI원종장3,2008-05-29,69.32,,,,,,,
JI원종장3,2008-05-30,69.3,,,,,,,
JI원종장3,2008-05-31,69.29,,,,,,,
JI원종장3,2008-06-01,69.31,,,,,,,
JI원종장3,2008-06-02,69.31,,,,,,,
JI원종장3,2008-06-03,69.31,,,,,,,
JI원종장3,2008-06-04,69.33,,,,,,,
JI원종장3,2008-06-05,69.32,,,,,,,
JI원종장3,2008-06-06,69.27,,,,,,,
JI원종장3,2008-06-07,69.29,,,,,,,
JI원종장3,2008-06-08,69.3,,,,,,,
JI원종장3,2008-06-09,69.28,,,,,,,
JI원종장3,2008-06-10,69.3,,,,,,,
JI원종장3,2008-06-11,69.31,,,,,,,
JI원종장3,2008-06-12,69.26,,,,,,,
JI원종장3,2008-06-13,69.25,,,,,,,
JI원종장3,2008-06-14,69.26,,,,,,,
JI원종장3,2008-06-15,69.29,,,,,,,
JI원종장3,2008-06-16,69.28,,,,,,,
JI원종장3,2008-06-17,69.27,,,,,,,
JI원종장3,2008-06-18,69.29,,,,,,,
JI원종장3,2008-06-19,69.28,,,,,,,
JI원종장3,2008-06-20,69.3,,,,,,,
JI원종장3,2008-06-21,69.35,,,,,,,
JI원종장3,2008-06-22,69.31,,,,,,,
JI원종장3,2008-06-23,69.28,,,,,,,
JI원종장3,2008-06-24,69.3,,,,,,,
JI원종장3,2008-06-25,69.28,,,,,,,
JI원종장3,2008-06-26,69.35,,,,,,,
JI원종장3,2008-06-27,69.43,,,,,,,
JI원종장3,2008-06-28,69.52,,,,,,,
JI원종장3,2008-06-29,69.48,,,,,,,
JI원종장3,2008-06-30,69.43,,,,,,,
JI원종장3,2008-07-01,69.49,,,,,,,
JI원종장3,2008-07-02,69.55,,,,,,,
JI원종장3,2008-07-03,69.58,,,,,,,
JI원종장3,2008-07-04,69.61,,,,,,,
JI원종장3,2008-07-05,69.65,,,,,,,
JI원종장3,2008-07-06,69.68,,,,,,,
JI원종장3,2008-07-07,69.89,,,,,,,
JI원종장3,2008-07-08,70.14,,,,,,,
JI원종장3,2008-07-09,70.17,,,,,,,
JI원종장3,2008-07-10,70.2,,,,,,,
JI원종장3,2008-07-11,70.21,,,,,,,
JI원종장3,2008-07-12,70.2,,,,,,,
JI원종장3,2008-07-13,70.17,,,,,,,
JI원종장3,2008-07-14,70.16,,,,,,,
JI원종장3,2008-07-15,70.19,,,,,,,
JI원종장3,2008-07-16,70.21,,,,,,,
JI원종장3,2008-07-17,70.2,,,,,,,
JI원종장3,2008-07-18,70.18,,,,,,,
JI원종장3,2008-07-19,70.19,,,,,,,
JI원종장3,2008-07-20,70.22,,,,,,,
JI원종장3,2008-07-21,70.2,,,,,,,
JI원종장3,2008-07-22,70.19,,,,,,,
JI원종장3,2008-07-23,70.19,,,,,,,
JI원종장3,2008-07-24,70.19,,,,,,,
JI원종장3,2008-07-25,70.2,,,,,,,
JI원종장3,2008-07-26,70.17,,,,,,,
JI원종장3,2008-07-27,70.15,,,,,,,
JI원종장3,2008-07-28,70.15,,,,,,,
JI원종장3,2008-07-29,70.17,,,,,,,
JI원종장3,2008-07-30,70.16,,,,,,,
JI원종장3,2008-07-31,70.15,,,,,,,
JI원종장3,2008-08-01,70.18,,,,,,,
JI원종장3,2008-08-02,70.21,,,,,,,
JI원종장3,2008-08-03,70.19,,,,,,,
JI원종장3,2008-08-04,70.15,,,,,,,
JI원종장3,2008-08-05,70.15,,,,,,,
JI원종장3,2008-08-06,70.16,,,,,,,
JI원종장3,2008-08-07,70.17,,,,,,,
JI원종장3,2008-08-08,70.17,,,,,,,
JI원종장3,2008-08-09,70.18,,,,,,,
JI원종장3,2008-08-10,70.18,,,,,,,
JI원종장3,2008-08-11,70.15,,,,,,,
JI원종장3,2008-08-12,70.17,,,,,,,
JI원종장3,2008-08-13,70.16,,,,,,,
JI원종장3,2008-08-14,70.2,,,,,,,
JI원종장3,2008-08-15,70.21,,,,,,,
JI원종장3,2008-08-16,70.18,,,,,,,
JI원종장3,2008-08-17,70.13,,,,,,,
JI원종장3,2008-08-18,70.15,,,,,,,
JI원종장3,2008-08-19,70.15,,,,,,,
JI원종장3,2008-08-20,70.16,,,,,,,
JI원종장3,2008-08-21,70.17,,,,,,,
JI원종장3,2008-08-22,70.22,,,,,,,
JI원종장3,2008-08-23,70.17,,,,,,,
JI원종장3,2008-08-24,70.12,,,,,,,
JI원종장3,2008-08-25,70.14,,,,,,,
JI원종장3,2008-08-26,70.16,,,,,,,
JI원종장3,2008-08-27,70.15,,,,,,,
JI원종장3,2008-08-28,70.14,,,,,,,
JI원종장3,2008-08-29,70.15,,,,,,,
JI원종장3,2008-08-30,70.16,,,,,,,
JI원종장3,2008-08-31,70.18,,,,,,,
JI원종장3,2008-09-01,70.2,,,,,,,
JI원종장3,2008-09-02,70.15,,,,,,,
JI원종장3,2008-09-03,70.11,,,,,,,
JI원종장3,2008-09-04,70.11,,,,,,,
JI원종장3,2008-09-05,70.1,,,,,,,
JI원종장3,2008-09-06,70.13,,,,,,,
JI원종장3,2008-09-07,70.16,,,,,,,
JI원종장3,2008-09-08,70.17,,,,,,,
JI원종장3,2008-09-09,70.18,,,,,,,
JI원종장3,2008-09-10,70.18,,,,,,,
JI원종장3,2008-09-11,70.2,,,,,,,
JI원종장3,2008-09-12,70.19,,,,,,,
JI원종장3,2008-09-13,70.15,,,,,,,
JI원종장3,2008-09-14,70.16,,,,,,,
JI원종장3,2008-09-15,70.19,,,,,,,
JI원종장3,2008-09-16,70.19,,,,,,,
JI원종장3,2008-09-17,70.18,,,,,,,
JI원종장3,2008-09-18,70.18,,,,,,,
JI원종장3,2008-09-19,70.18,,,,,,,
JI원종장3,2008-09-20,70.19,,,,,,,
JI원종장3,2008-09-21,70.21,,,,,,,
JI원종장3,2008-09-22,70.19,,,,,,,
JI원종장3,2008-09-23,70.16,,,,,,,
JI원종장3,2008-09-24,70.16,,,,,,,
JI원종장3,2008-09-25,70.19,,,,,,,
JI원종장3,2008-09-26,70.15,,,,,,,
JI원종장3,2008-09-27,70.13,,,,,,,
JI원종장3,2008-09-28,70.16,,,,,,,
JI원종장3,2008-09-29,70.18,,,,,,,
JI원종장3,2008-09-30,70.2,,,,,,,
JI원종장3,2008-10-01,70.17,,,,,,,
JI원종장3,2008-10-02,70.13,,,,,,,
JI원종장3,2008-10-03,70.15,,,,,,,
JI원종장3,2008-10-04,70.16,,,,,,,
JI원종장3,2008-10-05,70.18,,,,,,,
JI원종장3,2008-10-06,70.14,,,,,,,
JI원종장3,2008-10-07,70.11,,,,,,,
JI원종장3,2008-10-08,70.11,,,,,,,
JI원종장3,2008-10-09,70.1,,,,,,,
JI원종장3,2008-10-10,70.14,,,,,,,
JI원종장3,2008-10-11,70.12,,,,,,,
JI원종장3,2008-10-12,70.13,,,,,,,
JI원종장3,2008-10-13,70.12,,,,,,,
JI원종장3,2008-10-14,70.1,,,,,,,
JI원종장3,2008-10-15,70.08,,,,,,,
JI원종장3,2008-10-16,70.1,,,,,,,
JI원종장3,2008-10-17,70.1,,,,,,,
JI원종장3,2008-10-18,70.1,,,,,,,
JI원종장3,2008-10-19,70.12,,,,,,,
JI원종장3,2008-10-20,70.11,,,,,,,
JI원종장3,2008-10-21,70.11,,,,,,,
JI원종장3,2008-10-22,70.14,,,,,,,
JI원종장3,2008-10-23,70.11,,,,,,,
JI원종장3,2008-10-24,70.03,,,,,,,
JI원종장3,2008-10-25,70.06,,,,,,,
JI원종장3,2008-10-26,70.09,,,,,,,
JI원종장3,2008-10-27,70.07,,,,,,,
JI원종장3,2008-10-28,70.09,,,,,,,
JI원종장3,2008-10-29,70.09,,,,,,,
JI원종장3,2008-10-30,70.05,,,,,,,
JI원종장3,2008-10-31,70.08,,,,,,,
JI원종장3,2008-11-01,70.07,,,,,,,
JI원종장3,2008-11-02,70.09,,,,,,,
JI원종장3,2008-11-03,70.07,,,,,,,
JI원종장3,2008-11-04,70.04,,,,,,,
JI원종장3,2008-11-05,70.06,,,,,,,
JI원종장3,2008-11-06,70.09,,,,,,,
JI원종장3,2008-11-07,70.07,,,,,,,
JI원종장3,2008-11-08,70.05,,,,,,,
JI원종장3,2008-11-09,70.04,,,,,,,
JI원종장3,2008-11-10,70.03,,,,,,,
JI원종장3,2008-11-11,70.04,,,,,,,
JI원종장3,2008-11-12,70.05,,,,,,,
JI원종장3,2008-11-13,70.04,,,,,,,
JI원종장3,2008-11-14,70.05,,,,,,,
JI원종장3,2008-11-15,70.09,,,,,,,
JI원종장3,2008-11-16,70.08,,,,,,,
JI원종장3,2008-11-17,70.04,,,,,,,
JI원종장3,2008-11-18,70.02,,,,,,,
JI원종장3,2008-11-19,70.01,,,,,,,
JI원종장3,2008-11-20,70.02,,,,,,,
JI원종장3,2008-11-21,70.03,,,,,,,
JI원종장3,2008-11-22,70.03,,,,,,,
JI원종장3,2008-11-23,70.06,,,,,,,
JI원종장3,2008-11-24,70.07,,,,,,,
JI원종장3,2008-11-25,70.01,,,,,,,
JI원종장3,2008-11-26,70.03,,,,,,,
JI원종장3,2008-11-27,70.09,,,,,,,
JI원종장3,2008-11-28,70.04,,,,,,,
JI원종장3,2008-11-29,70.02,,,,,,,
JI원종장3,2008-11-30,69.98,,,,,,,
JI원종장3,2008-12-01,70.03,,,,,,,
JI원종장3,2008-12-02,70.06,,,,,,,
JI원종장3,2008-12-03,70.04,,,,,,,
JI원종장3,2008-12-04,70.04,,,,,,,
JI원종장3,2008-12-05,69.98,,,,,,,
JI원종장3,2008-12-06,69.98,,,,,,,
JI원종장3,2008-12-07,70.02,,,,,,,
JI원종장3,2008-12-08,70.05,,,,,,,
JI원종장3,2008-12-09,70.04,,,,,,,
JI원종장3,2008-12-10,70.02,,,,,,,
JI원종장3,2008-12-11,70.02,,,,,,,
JI원종장3,2008-12-12,70.0,,,,,,,
JI원종장3,2008-12-13,70.0,,,,,,,
JI원종장3,2008-12-14,70.0,,,,,,,
JI원종장3,2008-12-15,69.99,,,,,,,
JI원종장3,2008-12-16,69.99,,,,,,,
JI원종장3,2008-12-17,70.01,,,,,,,
JI원종장3,2008-12-18,69.98,,,,,,,
JI원종장3,2008-12-19,69.99,,,,,,,
JI원종장3,2008-12-20,70.01,,,,,,,
JI원종장3,2008-12-21,69.98,,,,,,,
JI원종장3,2008-12-22,69.93,,,,,,,
JI원종장3,2008-12-23,69.96,,,,,,,
JI원종장3,2008-12-24,70.01,,,,,,,
JI원종장3,2008-12-25,69.98,,,,,,,
JI원종장3,2008-12-26,69.93,,,,,,,
JI원종장3,2008-12-27,69.97,,,,,,,
JI원종장3,2008-12-28,69.99,,,,,,,
JI원종장3,2008-12-29,69.98,,,,,,,
JI원종장3,2008-12-30,69.94,,,,,,,
JI원종장3,2008-12-31,69.95,,,,,,,
JI원종장3,2009-01-01,69.95,,,,,,,
JI원종장3,2009-01-02,69.92,,,,,,,
JI원종장3,2009-01-03,69.94,,,,,,,
JI원종장3,2009-01-04,69.96,,,,,,,
JI원종장3,2009-01-05,69.94,,,,,,,
JI원종장3,2009-01-06,69.93,,,,,,,
JI원종장3,2009-01-07,69.91,,,,,,,
JI원종장3,2009-01-08,69.91,,,,,,,
JI원종장3,2009-01-09,69.95,,,,,,,
JI원종장3,2009-01-10,69.92,,,,,,,
JI원종장3,2009-01-11,69.91,,,,,,,
JI원종장3,2009-01-12,69.86,,,,,,,
JI원종장3,2009-01-13,69.87,,,,,,,
JI원종장3,2009-01-14,69.89,,,,,,,
JI원종장3,2009-01-15,69.88,,,,,,,
JI원종장3,2009-01-16,69.9,,,,,,,
JI원종장3,2009-01-17,69.92,,,,,,,
JI원종장3,2009-01-18,69.96,,,,,,,
JI원종장3,2009-01-19,69.89,,,,,,,
JI원종장3,2009-01-20,69.89,,,,,,,
JI원종장3,2009-01-21,69.91,,,,,,,
JI원종장3,2009-01-22,69.93,,,,,,,
JI원종장3,2009-01-23,69.85,,,,,,,
JI원종장3,2009-01-24,69.86,,,,,,,
JI원종장3,2009-01-25,69.88,,,,,,,
JI원종장3,2009-01-26,69.84,,,,,,,
JI원종장3,2009-01-27,69.83,,,,,,,
JI원종장3,2009-01-28,69.86,,,,,,,
JI원종장3,2009-01-29,69.9,,,,,,,
JI원종장3,2009-01-30,69.91,,,,,,,
JI원종장3,2009-01-31,69.82,,,,,,,
JI원종장3,2009-02-01,69.79,,,,,,,
JI원종장3,2009-02-02,69.85,,,,,,,
JI원종장3,2009-02-03,69.89,,,,,,,
JI원종장3,2009-02-04,69.85,,,,,,,
JI원종장3,2009-02-05,69.83,,,,,,,
JI원종장3,2009-02-06,69.82,,,,,,,
JI원종장3,2009-02-07,69.83,,,,,,,
JI원종장3,2009-02-08,69.82,,,,,,,
JI원종장3,2009-02-09,69.86,,,,,,,
JI원종장3,2009-02-10,69.85,,,,,,,
JI원종장3,2009-02-11,69.85,,,,,,,
JI원종장3,2009-02-12,69.85,,,,,,,
JI원종장3,2009-02-13,69.89,,,,,,,
JI원종장3,2009-02-14,69.77,,,,,,,
JI원종장3,2009-02-15,69.73,,,,,,,
JI원종장3,2009-02-16,69.7,,,,,,,
JI원종장3,2009-02-17,69.73,,,,,,,
JI원종장3,2009-02-18,69.78,,,,,,,
JI원종장3,2009-02-19,69.85,,,,,,,
JI원종장3,2009-02-20,69.8,,,,,,,
JI원종장3,2009-02-21,69.77,,,,,,,
JI원종장3,2009-02-22,69.85,,,,,,,
JI원종장3,2009-02-23,69.77,,,,,,,
JI원종장3,2009-02-24,69.77,,,,,,,
JI원종장3,2009-02-25,69.73,,,,,,,
JI원종장3,2009-02-26,69.7,,,,,,,
JI원종장3,2009-02-27,69.74,,,,,,,
JI원종장3,2009-02-28,69.71,,,,,,,
JI원종장3,2009-03-01,69.69,,,,,,,
JI원종장3,2009-03-02,69.72,,,,,,,
JI원종장3,2009-03-03,69.76,,,,,,,
JI원종장3,2009-03-04,69.74,,,,,,,
JI원종장3,2009-03-05,69.77,,,,,,,
JI원종장3,2009-03-06,69.69,,,,,,,
JI원종장3,2009-03-07,69.66,,,,,,,
JI원종장3,2009-03-08,69.71,,,,,,,
JI원종장3,2009-03-09,69.7,,,,,,,
JI원종장3,2009-03-10,69.66,,,,,,,
JI원종장3,2009-03-11,69.65,,,,,,,
JI원종장3,2009-03-12,69.69,,,,,,,
JI원종장3,2009-03-13,69.74,,,,,,,
JI원종장3,2009-03-14,69.62,,,,,,,
JI원종장3,2009-03-15,69.67,,,,,,,
JI원종장3,2009-03-16,69.69,,,,,,,
JI원종장3,2009-03-17,69.67,,,,,,,
JI원종장3,2009-03-18,69.66,,,,,,,
JI원종장3,2009-03-19,69.67,,,,,,,
JI원종장3,2009-03-20,69.61,,,,,,,
JI원종장3,2009-03-21,69.68,,,,,,,
JI원종장3,2009-03-22,69.68,,,,,,,
JI원종장3,2009-03-23,69.56,,,,,,,
JI원종장3,2009-03-24,69.59,,,,,,,
JI원종장3,2009-03-25,69.59,,,,,,,
JI원종장3,2009-03-26,69.58,,,,,,,
JI원종장3,2009-03-27,69.57,,,,,,,
JI원종장3,2009-03-28,69.6,,,,,,,
JI원종장3,2009-03-29,69.58,,,,,,,
JI원종장3,2009-03-30,69.56,,,,,,,
JI원종장3,2009-03-31,69.58,,,,,,,
JI원종장3,2009-04-01,69.56,,,,,,,
JI원종장3,2009-04-02,69.54,,,,,,,
JI원종장3,2009-04-03,69.59,,,,,,,
JI원종장3,2009-04-04,69.59,,,,,,,
JI원종장3,2009-04-05,69.58,,,,,,,
JI원종장3,2009-04-06,69.57,,,,,,,
JI원종장3,2009-04-07,69.53,,,,,,,
JI원종장3,2009-04-08,69.52,,,,,,,
JI원종장3,2009-04-09,69.5,,,,,,,
JI원종장3,2009-04-10,69.51,,,,,,,
JI원종장3,2009-04-11,69.52,,,,,,,
JI원종장3,2009-04-12,69.54,,,,,,,
JI원종장3,2009-04-13,69.59,,,,,,,
JI원종장3,2009-04-14,69.55,,,,,,,
JI원종장3,2009-04-15,69.5,,,,,,,
JI원종장3,2009-04-16,69.48,,,,,,,
JI원종장3,2009-04-17,69.45,,,,,,,
JI원종장3,2009-04-18,69.45,,,,,,,
JI원종장3,2009-04-19,69.48,,,,,,,
JI원종장3,2009-04-20,69.59,,,,,,,
JI원종장3,2009-04-21,69.45,,,,,,,
JI원종장3,2009-04-22,69.39,,,,,,,
JI원종장3,2009-04-23,69.41,,,,,,,
JI원종장3,2009-04-24,69.48,,,,,,,
JI원종장3,2009-04-25,69.48,,,,,,,
JI원종장3,2009-04-26,69.43,,,,,,,
JI원종장3,2009-04-27,69.41,,,,,,,
JI원종장3,2009-04-28,69.37,,,,,,,
JI원종장3,2009-04-29,69.37,,,,,,,
JI원종장3,2009-04-30,69.39,,,,,,,
JI원종장3,2009-05-01,69.4,,,,,,,
JI원종장3,2009-05-02,69.43,,,,,,,
JI원종장3,2009-05-03,69.42,,,,,,,
JI원종장3,2009-05-04,69.41,,,,,,,
JI원종장3,2009-05-05,69.41,,,,,,,
JI원종장3,2009-05-06,69.4,,,,,,,
JI원종장3,2009-05-07,69.4,,,,,,,
JI원종장3,2009-05-08,69.38,,,,,,,
JI원종장3,2009-05-09,69.36,,,,,,,
JI원종장3,2009-05-10,69.36,,,,,,,
JI원종장3,2009-05-11,69.36,,,,,,,
JI원종장3,2009-05-12,69.37,,,,,,,
JI원종장3,2009-05-13,69.33,,,,,,,
JI원종장3,2009-05-14,69.32,,,,,,,
JI원종장3,2009-05-15,69.33,,,,,,,
JI원종장3,2009-05-16,69.38,,,,,,,
JI원종장3,2009-05-17,69.35,,,,,,,
JI원종장3,2009-05-18,69.32,,,,,,,
JI원종장3,2009-05-19,69.33,,,,,,,
JI원종장3,2009-05-20,69.33,,,,,,,
JI원종장3,2009-05-21,69.38,,,,,,,
JI원종장3,2009-05-22,69.29,,,,,,,
JI원종장3,2009-05-23,69.32,,,,,,,
JI원종장3,2009-05-24,69.31,,,,,,,
JI원종장3,2009-05-25,69.28,,,,,,,
JI원종장3,2009-05-26,69.31,,,,,,,
JI원종장3,2009-05-27,69.31,,,,,,,
JI원종장3,2009-05-28,69.31,,,,,,,
JI원종장3,2009-05-29,69.35,,,,,,,
JI원종장3,2009-05-30,69.37,,,,,,,
JI원종장3,2009-05-31,69.36,,,,,,,
JI원종장3,2009-06-01,69.35,,,,,,,
JI원종장3,2009-06-02,69.35,,,,,,,
JI원종장3,2009-06-03,69.37,,,,,,,
JI원종장3,2009-06-04,69.34,,,,,,,
JI원종장3,2009-06-05,69.42,,,,,,,
JI원종장3,2009-06-06,69.47,,,,,,,
JI원종장3,2009-06-07,69.46,,,,,,,
JI원종장3,2009-06-08,69.46,,,,,,,
JI원종장3,2009-06-09,69.52,,,,,,,
JI원종장3,2009-06-10,69.57,,,,,,,
JI원종장3,2009-06-11,69.51,,,,,,,
JI원종장3,2009-06-12,69.52,,,,,,,
JI원종장3,2009-06-13,69.49,,,,,,,
JI원종장3,2009-06-14,69.46,,,,,,,
JI원종장3,2009-06-15,69.45,,,,,,,
JI원종장3,2009-06-16,69.46,,,,,,,
JI원종장3,2009-06-17,69.47,,,,,,,
JI원종장3,2009-06-18,69.49,,,,,,,
JI원종장3,2009-06-19,69.5,,,,,,,
JI원종장3,2009-06-20,69.51,,,,,,,
JI원종장3,2009-06-21,69.51,,,,,,,
JI원종장3,2009-06-22,69.5,,,,,,,
JI원종장3,2009-06-23,69.47,,,,,,,
JI원종장3,2009-06-24,69.43,,,,,,,
JI원종장3,2009-06-25,69.42,,,,,,,
JI원종장3,2009-06-26,69.41,,,,,,,
JI원종장3,2009-06-27,69.45,,,,,,,
JI원종장3,2009-06-28,69.47,,,,,,,
JI원종장3,2009-06-29,69.46,,,,,,,
JI원종장3,2009-06-30,69.44,,,,,,,
JI원종장3,2009-07-01,69.44,,,,,,,
JI원종장3,2009-07-02,69.43,,,,,,,
JI원종장3,2009-07-03,69.42,,,,,,,
JI원종장3,2009-07-04,69.39,,,,,,,
JI원종장3,2009-07-05,69.38,,,,,,,
JI원종장3,2009-07-06,69.4,,,,,,,
JI원종장3,2009-07-07,69.45,,,,,,,
JI원종장3,2009-07-08,69.44,,,,,,,
JI원종장3,2009-07-09,69.45,,,,,,,
JI원종장3,2009-07-10,69.4,,,,,,,
JI원종장3,2009-07-11,69.39,,,,,,,
JI원종장3,2009-07-12,69.41,,,,,,,
JI원종장3,2009-07-13,69.38,,,,,,,
JI원종장3,2009-07-14,69.43,,,,,,,
JI원종장3,2009-07-15,69.42,,,,,,,
JI원종장3,2009-07-16,69.41,,,,,,,
JI원종장3,2009-07-17,69.4,,,,,,,
JI원종장3,2009-07-18,69.4,,,,,,,
JI원종장3,2009-07-19,69.4,,,,,,,
JI원종장3,2009-07-20,69.4,,,,,,,
JI원종장3,2009-07-21,69.43,,,,,,,
JI원종장3,2009-07-22,69.41,,,,,,,
JI원종장3,2009-07-23,69.39,,,,,,,
JI원종장3,2009-07-24,69.44,,,,,,,
JI원종장3,2009-07-25,69.36,,,,,,,
JI원종장3,2009-07-26,69.37,,,,,,,
JI원종장3,2009-07-27,69.37,,,,,,,
JI원종장3,2009-07-28,69.41,,,,,,,
JI원종장3,2009-07-29,69.36,,,,,,,
JI원종장3,2009-07-30,69.34,,,,,,,
JI원종장3,2009-07-31,69.37,,,,,,,
JI원종장3,2009-08-01,69.39,,,,,,,
JI원종장3,2009-08-02,69.4,,,,,,,
JI원종장3,2009-08-03,69.39,,,,,,,
JI원종장3,2009-08-04,69.38,,,,,,,
JI원종장3,2009-08-05,69.39,,,,,,,
JI원종장3,2009-08-06,69.38,,,,,,,
JI원종장3,2009-08-07,69.37,,,,,,,
JI원종장3,2009-08-08,69.38,,,,,,,
JI원종장3,2009-08-09,69.41,,,,,,,
JI원종장3,2009-08-10,69.39,,,,,,,
JI원종장3,2009-08-11,69.39,,,,,,,
JI원종장3,2009-08-12,69.41,,,,,,,
JI원종장3,2009-08-13,69.35,,,,,,,
JI원종장3,2009-08-14,69.35,,,,,,,
JI원종장3,2009-08-15,69.36,,,,,,,
JI원종장3,2009-08-16,69.35,,,,,,,
JI원종장3,2009-08-17,69.36,,,,,,,
JI원종장3,2009-08-18,69.37,,,,,,,
JI원종장3,2009-08-19,69.39,,,,,,,
JI원종장3,2009-08-20,69.42,,,,,,,
JI원종장3,2009-08-21,69.41,,,,,,,
JI원종장3,2009-08-22,69.4,,,,,,,
JI원종장3,2009-08-23,69.37,,,,,,,
JI원종장3,2009-08-24,69.37,,,,,,,
JI원종장3,2009-08-25,69.38,,,,,,,
JI원종장3,2009-08-26,69.41,,,,,,,
JI원종장3,2009-08-27,69.43,,,,,,,
JI원종장3,2009-08-28,69.38,,,,,,,
JI원종장3,2009-08-29,69.37,,,,,,,
JI원종장3,2009-08-30,69.38,,,,,,,
JI원종장3,2009-08-31,69.38,,,,,,,
JI원종장3,2009-09-01,69.38,,,,,,,
JI원종장3,2009-09-02,69.39,,,,,,,
JI원종장3,2009-09-03,69.41,,,,,,,
JI원종장3,2009-09-04,69.43,,,,,,,
JI원종장3,2009-09-05,69.44,,,,,,,
JI원종장3,2009-09-06,69.43,,,,,,,
JI원종장3,2009-09-07,69.41,,,,,,,
JI원종장3,2009-09-08,69.41,,,,,,,
JI원종장3,2009-09-09,69.39,,,,,,,
JI원종장3,2009-09-10,69.38,,,,,,,
JI원종장3,2009-09-11,69.39,,,,,,,
JI원종장3,2009-09-12,69.4,,,,,,,
JI원종장3,2009-09-13,69.35,,,,,,,
JI원종장3,2009-09-14,69.39,,,,,,,
JI원종장3,2009-09-15,69.4,,,,,,,
JI원종장3,2009-09-16,69.37,,,,,,,
JI원종장3,2009-09-17,69.38,,,,,,,
JI원종장3,2009-09-18,69.38,,,,,,,
JI원종장3,2009-09-19,69.38,,,,,,,
JI원종장3,2009-09-20,69.38,,,,,,,
JI원종장3,2009-09-21,69.38,,,,,,,
JI원종장3,2009-09-22,69.36,,,,,,,
JI원종장3,2009-09-23,69.36,,,,,,,
JI원종장3,2009-09-24,69.36,,,,,,,
JI원종장3,2009-09-25,69.39,,,,,,,
JI원종장3,2009-09-26,69.38,,,,,,,
JI원종장3,2009-09-27,69.4,,,,,,,
JI원종장3,2009-09-28,69.38,,,,,,,
JI원종장3,2009-09-29,69.35,,,,,,,
JI원종장3,2009-09-30,69.36,,,,,,,
JI원종장3,2009-10-01,69.4,,,,,,,
JI원종장3,2009-10-02,69.42,,,,,,,
JI원종장3,2009-10-03,69.36,,,,,,,
JI원종장3,2009-10-04,69.35,,,,,,,
JI원종장3,2009-10-05,69.37,,,,,,,
JI원종장3,2009-10-06,69.38,,,,,,,
JI원종장3,2009-10-07,69.42,,,,,,,
JI원종장3,2009-10-08,69.39,,,,,,,
JI원종장3,2009-10-09,69.35,,,,,,,
JI원종장3,2009-10-10,69.33,,,,,,,
JI원종장3,2009-10-11,69.35,,,,,,,
JI원종장3,2009-10-12,69.39,,,,,,,
JI원종장3,2009-10-13,69.4,,,,,,,
JI원종장3,2009-10-14,69.38,,,,,,,
JI원종장3,2009-10-15,69.37,,,,,,,
JI원종장3,2009-10-16,69.42,,,,,,,
JI원종장3,2009-10-17,69.44,,,,,,,
JI원종장3,2009-10-18,69.39,,,,,,,
JI원종장3,2009-10-19,69.37,,,,,,,
JI원종장3,2009-10-20,69.31,,,,,,,
JI원종장3,2009-10-21,69.33,,,,,,,
JI원종장3,2009-10-22,69.36,,,,,,,
JI원종장3,2009-10-23,69.38,,,,,,,
JI원종장3,2009-10-24,69.39,,,,,,,
JI원종장3,2009-10-25,69.39,,,,,,,
JI원종장3,2009-10-26,69.39,,,,,,,
JI원종장3,2009-10-27,69.35,,,,,,,
JI원종장3,2009-10-28,69.33,,,,,,,
JI원종장3,2009-10-29,69.36,,,,,,,
JI원종장3,2009-10-30,69.36,,,,,,,
JI원종장3,2009-10-31,69.4,,,,,,,
JI원종장3,2009-11-01,69.39,,,,,,,
JI원종장3,2009-11-02,69.31,,,,,,,
JI원종장3,2009-11-03,69.3,,,,,,,
JI원종장3,2009-11-04,69.36,,,,,,,
JI원종장3,2009-11-05,69.41,,,,,,,
JI원종장3,2009-11-06,69.43,,,,,,,
JI원종장3,2009-11-07,69.41,,,,,,,
JI원종장3,2009-11-08,69.43,,,,,,,
JI원종장3,2009-11-09,69.44,,,,,,,
JI원종장3,2009-11-10,69.48,,,,,,,
JI원종장3,2009-11-11,69.36,,,,,,,
JI원종장3,2009-11-12,69.34,,,,,,,
JI원종장3,2009-11-13,69.46,,,,,,,
JI원종장3,2009-11-14,69.4,,,,,,,
JI원종장3,2009-11-15,69.36,,,,,,,
JI원종장3,2009-11-16,69.37,,,,,,,
JI원종장3,2009-11-17,69.41,,,,,,,
JI원종장3,2009-11-18,69.39,,,,,,,
JI원종장3,2009-11-19,69.39,,,,,,,
JI원종장3,2009-11-20,69.42,,,,,,,
JI원종장3,2009-11-21,69.43,,,,,,,
JI원종장3,2009-11-22,69.45,,,,,,,
JI원종장3,2009-11-23,69.44,,,,,,,
JI원종장3,2009-11-24,69.48,,,,,,,
JI원종장3,2009-11-25,69.46,,,,,,,
JI원종장3,2009-11-26,69.43,,,,,,,
JI원종장3,2009-11-27,69.43,,,,,,,
JI원종장3,2009-11-28,69.43,,,,,,,
JI원종장3,2009-11-29,69.45,,,,,,,
JI원종장3,2009-11-30,69.44,,,,,,,
JI원종장3,2009-12-01,69.43,,,,,,,
JI원종장3,2009-12-02,69.46,,,,,,,
JI원종장3,2009-12-03,69.47,,,,,,,
JI원종장3,2009-12-04,69.46,,,,,,,
JI원종장3,2009-12-05,69.47,,,,,,,
JI원종장3,2009-12-06,69.41,,,,,,,
JI원종장3,2009-12-07,69.41,,,,,,,
JI원종장3,2009-12-08,69.45,,,,,,,
JI원종장3,2009-12-09,69.5,,,,,,,
JI원종장3,2009-12-10,69.5,,,,,,,
JI원종장3,2009-12-11,69.46,,,,,,,
JI원종장3,2009-12-12,69.44,,,,,,,
JI원종장3,2009-12-13,69.46,,,,,,,
JI원종장3,2009-12-14,69.42,,,,,,,
JI원종장3,2009-12-15,69.44,,,,,,,
JI원종장3,2009-12-16,69.45,,,,,,,
JI원종장3,2009-12-17,69.47,,,,,,,
JI원종장3,2009-12-18,69.45,,,,,,,
JI원종장3,2009-12-19,69.45,,,,,,,
JI원종장3,2009-12-20,69.48,,,,,,,
JI원종장3,2009-12-21,69.44,,,,,,,
JI원종장3,2009-12-22,69.47,,,,,,,
JI원종장3,2009-12-23,69.48,,,,,,,
JI원종장3,2009-12-24,69.48,,,,,,,
JI원종장3,2009-12-25,69.49,,,,,,,
JI원종장3,2009-12-26,69.45,,,,,,,
JI원종장3,2009-12-27,69.47,,,,,,,
JI원종장3,2009-12-28,69.45,,,,,,,
JI원종장3,2009-12-29,69.48,,,,,,,
JI원종장3,2009-12-30,69.47,,,,,,,
JI원종장3,2009-12-31,69.44,,,,,,,
JI원종장3,2010-01-01,69.46,,,,,,,
JI원종장3,2010-01-02,69.49,,,,,,,
JI원종장3,2010-01-03,69.46,,,,,,,
JI원종장3,2010-01-04,69.51,,,,,,,
JI원종장3,2010-01-05,69.42,,,,,,,
JI원종장3,2010-01-06,69.43,,,,,,,
JI원종장3,2010-01-07,69.44,,,,,,,
JI원종장3,2010-01-08,69.46,,,,,,,
JI원종장3,2010-01-09,69.45,,,,,,,
JI원종장3,2010-01-10,69.45,,,,,,,
JI원종장3,2010-01-11,69.48,,,,,,,
JI원종장3,2010-01-12,69.49,,,,,,,
JI원종장3,2010-01-13,69.44,,,,,,,
JI원종장3,2010-01-14,69.44,,,,,,,
JI원종장3,2010-01-15,69.45,,,,,,,
JI원종장3,2010-01-16,69.44,,,,,,,
JI원종장3,2010-01-17,69.46,,,,,,,
JI원종장3,2010-01-18,69.48,,,,,,,
JI원종장3,2010-01-19,69.49,,,,,,,
JI원종장3,2010-01-20,69.55,,,,,,,
JI원종장3,2010-01-21,69.48,,,,,,,
JI원종장3,2010-01-22,69.45,,,,,,,
JI원종장3,2010-01-23,69.47,,,,,,,
JI원종장3,2010-01-24,69.5,,,,,,,
JI원종장3,2010-01-25,69.47,,,,,,,
JI원종장3,2010-01-26,69.44,,,,,,,
JI원종장3,2010-01-27,69.55,,,,,,,
JI원종장3,2010-01-28,69.5,,,,,,,
JI원종장3,2010-01-29,69.44,,,,,,,
JI원종장3,2010-01-30,69.48,,,,,,,
JI원종장3,2010-01-31,69.51,,,,,,,
JI원종장3,2010-02-01,69.5,,,,,,,
JI원종장3,2010-02-02,69.44,,,,,,,
JI원종장3,2010-02-03,69.42,,,,,,,
JI원종장3,2010-02-04,69.44,,,,,,,
JI원종장3,2010-02-05,69.45,,,,,,,
JI원종장3,2010-02-06,69.43,,,,,,,
JI원종장3,2010-02-07,69.47,,,,,,,
JI원종장3,2010-02-08,69.5,,,,,,,
JI원종장3,2010-02-09,69.5,,,,,,,
JI원종장3,2010-02-10,69.48,,,,,,,
JI원종장3,2010-02-11,69.47,,,,,,,
JI원종장3,2010-02-12,69.37,,,,,,,
JI원종장3,2010-02-13,69.39,,,,,,,
JI원종장3,2010-02-14,69.43,,,,,,,
JI원종장3,2010-02-15,69.45,,,,,,,
JI원종장3,2010-02-16,69.41,,,,,,,
JI원종장3,2010-02-17,69.43,,,,,,,
JI원종장3,2010-02-18,69.43,,,,,,,
JI원종장3,2010-02-19,69.44,,,,,,,
JI원종장3,2010-02-20,69.43,,,,,,,
JI원종장3,2010-02-21,69.44,,,,,,,
JI원종장3,2010-02-22,69.44,,,,,,,
JI원종장3,2010-02-23,69.44,,,,,,,
JI원종장3,2010-02-24,69.45,,,,,,,
JI원종장3,2010-02-25,69.46,,,,,,,
JI원종장3,2010-02-26,69.43,,,,,,,
JI원종장3,2010-02-27,69.38,,,,,,,
JI원종장3,2010-02-28,69.36,,,,,,,
JI원종장3,2010-03-01,69.44,,,,,,,
JI원종장3,2010-03-02,69.33,,,,,,,
JI원종장3,2010-03-03,69.22,,,,,,,
JI원종장3,2010-03-04,69.3,,,,,,,
JI원종장3,2010-03-05,69.24,,,,,,,
JI원종장3,2010-03-06,69.23,,,,,,,
JI원종장3,2010-03-07,69.2,,,,,,,
JI원종장3,2010-03-08,69.19,,,,,,,
JI원종장3,2010-03-09,69.25,,,,,,,
JI원종장3,2010-03-10,69.23,,,,,,,
JI원종장3,2010-03-11,69.21,,,,,,,
JI원종장3,2010-03-12,69.27,,,,,,,
JI원종장3,2010-03-13,69.22,,,,,,,
JI원종장3,2010-03-14,69.25,,,,,,,
JI원종장3,2010-03-15,69.3,,,,,,,
JI원종장3,2010-03-16,69.18,,,,,,,
JI원종장3,2010-03-17,69.2,,,,,,,
JI원종장3,2010-03-18,69.25,,,,,,,
JI원종장3,2010-03-19,69.29,,,,,,,
JI원종장3,2010-03-20,69.31,,,,,,,
JI원종장3,2010-03-21,69.18,,,,,,,
JI원종장3,2010-03-22,69.22,,,,,,,
JI원종장3,2010-03-23,69.24,,,,,,,
JI원종장3,2010-03-24,69.22,,,,,,,
JI원종장3,2010-03-25,69.2,,,,,,,
JI원종장3,2010-03-26,69.14,,,,,,,
JI원종장3,2010-03-27,69.17,,,,,,,
JI원종장3,2010-03-28,69.2,,,,,,,
JI원종장3,2010-03-29,69.19,,,,,,,
JI원종장3,2010-03-30,69.21,,,,,,,
JI원종장3,2010-03-31,69.29,,,,,,,
JI원종장3,2010-04-01,69.3,,,,,,,
JI원종장3,2010-04-02,69.18,,,,,,,
JI원종장3,2010-04-03,69.16,,,,,,,
JI원종장3,2010-04-04,69.24,,,,,,,
JI원종장3,2010-04-05,69.27,,,,,,,
JI원종장3,2010-04-06,69.22,,,,,,,
JI원종장3,2010-04-07,69.18,,,,,,,
JI원종장3,2010-04-08,69.21,,,,,,,
JI원종장3,2010-04-09,69.24,,,,,,,
JI원종장3,2010-04-10,69.27,,,,,,,
JI원종장3,2010-04-11,69.25,,,,,,,
JI원종장3,2010-04-12,69.28,,,,,,,
JI원종장3,2010-04-13,69.15,,,,,,,
JI원종장3,2010-04-14,69.14,,,,,,,
JI원종장3,2010-04-15,69.2,,,,,,,
JI원종장3,2010-04-16,69.21,,,,,,,
JI원종장3,2010-04-17,69.19,,,,,,,
JI원종장3,2010-04-18,69.23,,,,,,,
JI원종장3,2010-04-19,69.31,,,,,,,
JI원종장3,2010-04-20,69.28,,,,,,,
JI원종장3,2010-04-21,69.27,,,,,,,
JI원종장3,2010-04-22,69.27,,,,,,,
JI원종장3,2010-04-23,69.19,,,,,,,
JI원종장3,2010-04-24,69.18,,,,,,,
JI원종장3,2010-04-25,69.2,,,,,,,
JI원종장3,2010-04-26,69.28,,,,,,,
JI원종장3,2010-04-27,69.29,,,,,,,
JI원종장3,2010-04-28,69.28,,,,,,,
JI원종장3,2010-04-29,69.22,,,,,,,
JI원종장3,2010-04-30,69.23,,,,,,,
JI원종장3,2010-05-01,69.24,,,,,,,
JI원종장3,2010-05-02,69.26,,,,,,,
JI원종장3,2010-05-03,69.25,,,,,,,
JI원종장3,2010-05-04,69.27,,,,,,,
JI원종장3,2010-05-05,69.31,,,,,,,
JI원종장3,2010-05-06,69.31,,,,,,,
JI원종장3,2010-05-07,69.26,,,,,,,
JI원종장3,2010-05-08,69.26,,,,,,,
JI원종장3,2010-05-09,69.28,,,,,,,
JI원종장3,2010-05-10,69.27,,,,,,,
JI원종장3,2010-05-11,69.22,,,,,,,
JI원종장3,2010-05-12,69.21,,,,,,,
JI원종장3,2010-05-13,69.23,,,,,,,
JI원종장3,2010-05-14,69.23,,,,,,,
JI원종장3,2010-05-15,69.24,,,,,,,
JI원종장3,2010-05-16,69.23,,,,,,,
JI원종장3,2010-05-17,69.28,,,,,,,
JI원종장3,2010-05-18,69.33,,,,,,,
JI원종장3,2010-05-19,69.3,,,,,,,
JI원종장3,2010-05-20,69.24,,,,,,,
JI원종장3,2010-05-21,69.27,,,,,,,
JI원종장3,2010-05-22,69.36,,,,,,,
JI원종장3,2010-05-23,69.39,,,,,,,
JI원종장3,2010-05-24,69.3,,,,,,,
JI원종장3,2010-05-25,69.25,,,,,,,
JI원종장3,2010-05-26,69.23,,,,,,,
JI원종장3,2010-05-27,69.21,,,,,,,
JI원종장3,2010-05-28,69.26,,,,,,,
JI원종장3,2010-05-29,69.31,,,,,,,
JI원종장3,2010-05-30,69.3,,,,,,,
JI원종장3,2010-05-31,69.29,,,,,,,
JI원종장3,2010-06-01,69.3,,,,,,,
JI원종장3,2010-06-02,69.29,,,,,,,
JI원종장3,2010-06-03,69.3,,,,,,,
JI원종장3,2010-06-04,69.33,,,,,,,
JI원종장3,2010-06-05,69.35,,,,,,,
JI원종장3,2010-06-06,69.34,,,,,,,
JI원종장3,2010-06-07,69.31,,,,,,,
JI원종장3,2010-06-08,69.32,,,,,,,
JI원종장3,2010-06-09,69.32,,,,,,,
JI원종장3,2010-06-10,69.31,,,,,,,
JI원종장3,2010-06-11,69.34,,,,,,,
JI원종장3,2010-06-12,69.37,,,,,,,
JI원종장3,2010-06-13,69.35,,,,,,,
JI원종장3,2010-06-14,69.34,,,,,,,
JI원종장3,2010-06-15,69.36,,,,,,,
JI원종장3,2010-06-16,69.34,,,,,,,
JI원종장3,2010-06-17,69.36,,,,,,,
JI원종장3,2010-06-18,69.39,,,,,,,
JI원종장3,2010-06-19,69.34,,,,,,,
JI원종장3,2010-06-20,69.36,,,,,,,
JI원종장3,2010-06-21,69.34,,,,,,,
JI원종장3,2010-06-22,69.34,,,,,,,
JI원종장3,2010-06-23,69.34,,,,,,,
JI원종장3,2010-06-24,69.35,,,,,,,
JI원종장3,2010-06-25,69.39,,,,,,,
JI원종장3,2010-06-26,69.38,,,,,,,
JI원종장3,2010-06-27,69.34,,,,,,,
JI원종장3,2010-06-28,69.38,,,,,,,
JI원종장3,2010-06-29,69.37,,,,,,,
JI원종장3,2010-06-30,69.39,,,,,,,
JI원종장3,2010-07-01,69.41,,,,,,,
JI원종장3,2010-07-02,69.42,,,,,,,
JI원종장3,2010-07-03,69.42,,,,,,,
JI원종장3,2010-07-04,69.41,,,,,,,
JI원종장3,2010-07-05,69.41,,,,,,,
JI원종장3,2010-07-06,69.38,,,,,,,
JI원종장3,2010-07-07,69.37,,,,,,,
JI원종장3,2010-07-08,69.37,,,,,,,
JI원종장3,2010-07-09,69.4,,,,,,,
JI원종장3,2010-07-10,69.42,,,,,,,
JI원종장3,2010-07-11,69.44,,,,,,,
JI원종장3,2010-07-12,69.39,,,,,,,
JI원종장3,2010-07-13,69.42,,,,,,,
JI원종장3,2010-07-14,69.41,,,,,,,
JI원종장3,2010-07-15,69.42,,,,,,,
JI원종장3,2010-07-16,69.44,,,,,,,
JI원종장3,2010-07-17,69.43,,,,,,,
JI원종장3,2010-07-18,69.45,,,,,,,
JI원종장3,2010-07-19,69.47,,,,,,,
JI원종장3,2010-07-20,69.48,,,,,,,
JI원종장3,2010-07-21,69.47,,,,,,,
JI원종장3,2010-07-22,69.47,,,,,,,
JI원종장3,2010-07-23,69.48,,,,,,,
JI원종장3,2010-07-24,69.48,,,,,,,
JI원종장3,2010-07-25,69.49,,,,,,,
JI원종장3,2010-07-26,69.51,,,,,,,
JI원종장3,2010-07-27,69.55,,,,,,,
JI원종장3,2010-07-28,69.63,,,,,,,
JI원종장3,2010-07-29,69.58,,,,,,,
JI원종장3,2010-07-30,69.53,,,,,,,
JI원종장3,2010-07-31,69.53,,,,,,,
JI원종장3,2010-08-01,69.54,,,,,,,
JI원종장3,2010-08-02,69.56,,,,,,,
JI원종장3,2010-08-03,69.58,,,,,,,
JI원종장3,2010-08-04,69.56,,,,,,,
JI원종장3,2010-08-05,69.55,,,,,,,
JI원종장3,2010-08-16,69.57,,,,,,,
JI원종장3,2010-08-17,69.57,,,,,,,
JI원종장3,2010-08-18,69.55,,,,,,,
JI원종장3,2010-08-19,69.55,,,,,,,
JI원종장3,2010-08-20,69.58,,,,,,,
JI원종장3,2010-08-21,69.62,,,,,,,
JI원종장3,2010-08-22,69.63,,,,,,,
JI원종장3,2010-08-23,69.63,,,,,,,
JI원종장3,2010-08-27,69.65,,,,,,,
JI원종장3,2010-08-28,69.69,,,,,,,
JI원종장3,2010-08-31,69.67,,,,,,,
JI원종장3,2010-09-03,69.68,,,,,,,
JI원종장3,2010-09-04,69.7,,,,,,,
JI원종장3,2010-09-05,69.73,,,,,,,
JI원종장3,2010-09-06,69.82,,,,,,,
JI원종장3,2010-09-07,69.75,,,,,,,
JI원종장3,2010-09-08,69.68,,,,,,,
JI원종장3,2010-09-09,69.71,,,,,,,
JI원종장3,2010-09-10,69.76,,,,,,,
JI원종장3,2010-09-11,69.79,,,,,,,
JI원종장3,2010-09-12,69.79,,,,,,,
JI원종장3,2010-09-13,69.78,,,,,,,
JI원종장3,2010-09-14,69.79,,,,,,,
JI원종장3,2010-09-15,69.84,,,,,,,
JI원종장3,2010-09-16,69.85,,,,,,,
JI원종장3,2010-09-17,69.85,,,,,,,
JI원종장3,2010-09-18,69.87,,,,,,,
JI원종장3,2010-09-19,69.88,,,,,,,
JI원종장3,2010-09-20,69.88,,,,,,,
JI원종장3,2010-09-21,69.9,,,,,,,
JI원종장3,2010-09-22,69.93,,,,,,,
JI원종장3,2010-09-23,69.92,,,,,,,
JI원종장3,2010-09-24,69.93,,,,,,,
JI원종장3,2010-09-25,69.93,,,,,,,
JI원종장3,2010-09-26,69.94,,,,,,,
JI원종장3,2010-09-27,69.99,,,,,,,
JI원종장3,2010-09-28,69.96,,,,,,,
JI원종장3,2010-09-29,69.96,,,,,,,
JI원종장3,2010-09-30,69.98,,,,,,,
JI원종장3,2010-10-01,69.99,,,,,,,
JI원종장3,2010-10-02,70.05,,,,,,,
JI원종장3,2010-10-03,70.06,,,,,,,
JI원종장3,2010-10-04,70.06,,,,,,,
JI원종장3,2010-10-05,70.04,,,,,,,
JI원종장3,2010-10-06,70.03,,,,,,,
JI원종장3,2010-10-07,70.06,,,,,,,
JI원종장3,2010-10-08,70.1,,,,,,,
JI원종장3,2010-10-09,70.14,,,,,,,
JI원종장3,2010-10-10,70.11,,,,,,,
JI원종장3,2010-10-11,70.11,,,,,,,
JI원종장3,2010-10-12,70.12,,,,,,,
JI원종장3,2010-10-13,70.15,,,,,,,
JI원종장3,2010-10-14,70.16,,,,,,,
JI원종장3,2010-10-15,70.14,,,,,,,
JI원종장3,2010-10-16,70.14,,,,,,,
JI원종장3,2010-10-17,70.15,,,,,,,
JI원종장3,2010-10-18,70.18,,,,,,,
JI원종장3,2010-10-19,70.21,,,,,,,
JI원종장3,2010-10-20,70.24,,,,,,,
JI원종장3,2010-10-21,70.26,,,,,,,
JI원종장3,2010-10-22,70.25,,,,,,,
JI원종장3,2010-10-23,70.28,,,,,,,
JI원종장3,2010-10-24,70.33,,,,,,,
JI원종장3,2010-10-25,70.28,,,,,,,
JI원종장3,2010-10-26,70.21,,,,,,,
JI원종장3,2010-10-27,70.26,,,,,,,
JI원종장3,2010-10-28,70.33,,,,,,,
JI원종장3,2010-10-29,70.33,,,,,,,
JI원종장3,2010-10-30,70.33,,,,,,,
JI원종장3,2010-10-31,70.36,,,,,,,
JI원종장3,2010-11-01,70.38,,,,,,,
JI원종장3,2010-11-02,70.38,,,,,,,
JI원종장3,2010-11-03,70.36,,,,,,,
JI원종장3,2010-11-04,70.4,,,,,,,
JI원종장3,2010-11-05,70.43,,,,,,,
JI원종장3,2010-11-06,70.46,,,,,,,
JI원종장3,2010-11-07,70.49,,,,,,,
JI원종장3,2010-11-08,70.5,,,,,,,
JI원종장3,2010-11-09,70.47,,,,,,,
JI원종장3,2010-11-10,70.48,,,,,,,
JI원종장3,2010-11-11,70.52,,,,,,,
JI원종장3,2010-11-12,70.48,,,,,,,
JI원종장3,2010-11-13,70.48,,,,,,,
JI원종장3,2010-11-14,70.51,,,,,,,
JI원종장3,2010-11-15,70.52,,,,,,,
JI원종장3,2010-11-16,70.57,,,,,,,
JI원종장3,2010-11-17,70.58,,,,,,,
JI원종장3,2010-11-18,70.59,,,,,,,
JI원종장3,2010-11-19,70.63,,,,,,,
JI원종장3,2010-11-20,70.65,,,,,,,
JI원종장3,2010-11-21,70.67,,,,,,,
JI원종장3,2010-11-22,70.7,,,,,,,
JI원종장3,2010-11-23,70.65,,,,,,,
JI원종장3,2010-11-24,70.66,,,,,,,
JI원종장3,2010-11-25,70.68,,,,,,,
JI원종장3,2010-11-26,70.7,,,,,,,
JI원종장3,2010-11-27,70.73,,,,,,,
JI원종장3,2010-11-28,70.68,,,,,,,
JI원종장3,2010-11-29,70.73,,,,,,,
JI원종장3,2010-11-30,70.77,,,,,,,
JI원종장3,2010-12-01,70.77,,,,,,,
JI원종장3,2010-12-02,70.81,,,,,,,
JI원종장3,2010-12-03,70.75,,,,,,,
JI원종장3,2010-12-04,70.77,,,,,,,
JI원종장3,2010-12-05,70.82,,,,,,,
JI원종장3,2010-12-06,70.82,,,,,,,
JI원종장3,2010-12-07,70.84,,,,,,,
JI원종장3,2010-12-08,70.88,,,,,,,
JI원종장3,2010-12-09,70.82,,,,,,,
JI원종장3,2010-12-10,70.88,,,,,,,
JI원종장3,2010-12-11,70.83,,,,,,,
JI원종장3,2010-12-12,70.84,,,,,,,
JI원종장3,2010-12-13,70.94,,,,,,,
JI원종장3,2010-12-14,70.73,,,,,,,
JI원종장3,2010-12-15,70.62,,,,,,,
JI원종장3,2010-12-16,70.64,,,,,,,
JI원종장3,2010-12-17,70.64,,,,,,,
JI원종장3,2010-12-18,70.64,,,,,,,
JI원종장3,2010-12-19,70.65,,,,,,,
JI원종장3,2010-12-20,70.65,,,,,,,
JI원종장3,2010-12-21,70.66,,,,,,,
JI원종장3,2010-12-22,70.64,,,,,,,
JI원종장3,2010-12-23,70.64,,,,,,,
JI원종장3,2010-12-24,70.43,,,,,,,
JI원종장3,2010-12-25,70.43,,,,,,,
JI원종장3,2010-12-26,70.47,,,,,,,
JI원종장3,2010-12-27,70.46,,,,,,,
JI원종장3,2010-12-28,70.45,,,,,,,
JI원종장3,2010-12-29,70.45,,,,,,,
JI원종장3,2010-12-30,70.47,,,,,,,
JI원종장3,2010-12-31,70.46,,,,,,,
JI원종장3,2011-01-01,70.46,,,,,,,
JI원종장3,2011-01-06,70.53,,,,,,,
JI원종장3,2011-01-11,70.59,,,,,,,
JI원종장3,2011-01-20,70.66,,,,,,,
JI원종장3,2011-01-21,70.65,,,,,,,
JI원종장3,2011-01-22,70.66,,,,,,,
JI원종장3,2011-01-23,70.68,,,,,,,
JI원종장3,2011-01-24,70.68,,,,,,,
JI원종장3,2011-01-25,70.7,,,,,,,
JI원종장3,2011-01-26,70.75,,,,,,,
JI원종장3,2011-01-27,70.78,,,,,,,
JI원종장3,2011-01-28,70.8,,,,,,,
JI원종장3,2011-01-29,70.79,,,,,,,
JI원종장3,2011-01-30,70.79,,,,,,,
JI원종장3,2011-01-31,70.79,,,,,,,
JI원종장3,2011-02-01,70.78,,,,,,,
JI원종장3,2011-02-02,70.77,,,,,,,
JI원종장3,2011-02-03,70.77,,,,,,,
JI원종장3,2011-02-04,70.76,,,,,,,
JI원종장3,2011-02-05,70.75,,,,,,,
JI원종장3,2011-02-06,70.75,,,,,,,
JI원종장3,2011-02-07,70.73,,,,,,,
JI원종장3,2011-02-08,70.72,,,,,,,
JI원종장3,2011-02-09,70.69,,,,,,,
JI원종장3,2011-02-10,70.71,,,,,,,
JI원종장3,2011-02-11,70.73,,,,,,,
JI원종장3,2011-02-12,70.75,,,,,,,
JI원종장3,2011-02-13,70.77,,,,,,,
JI원종장3,2011-02-14,70.79,,,,,,,
JI원종장3,2011-02-15,70.8,,,,,,,
JI원종장3,2011-02-16,70.82,,,,,,,
JI원종장3,2011-02-17,70.8,,,,,,,
JI원종장3,2011-02-18,70.77,,,,,,,
JI원종장3,2011-02-19,70.79,,,,,,,
JI원종장3,2011-02-20,70.8,,,,,,,
JI원종장3,2011-02-21,70.8,,,,,,,
JI원종장3,2011-02-22,70.81,,,,,,,
JI원종장3,2011-02-23,70.81,,,,,,,
JI원종장3,2011-02-24,70.8,,,,,,,
JI원종장3,2011-02-25,70.8,,,,,,,
JI원종장3,2011-02-26,70.81,,,,,,,
JI원종장3,2011-02-27,70.82,,,,,,,
JI원종장3,2011-02-28,70.8,,,,,,,
JI원종장3,2011-03-01,70.78,,,,,,,
JI원종장3,2011-03-02,70.79,,,,,,,
JI원종장3,2011-03-03,70.81,,,,,,,
JI원종장3,2011-03-04,70.82,,,,,,,
JI원종장3,2011-03-05,70.84,,,,,,,
JI원종장3,2011-03-06,70.84,,,,,,,
JI원종장3,2011-03-07,70.81,,,,,,,
JI원종장3,2011-03-08,70.8,,,,,,,
JI원종장3,2011-03-09,70.82,,,,,,,
JI원종장3,2011-03-12,70.84,,,,,,,
JI원종장3,2011-03-13,70.83,,,,,,,
JI원종장3,2011-03-14,70.82,,,,,,,
JI원종장3,2011-03-15,70.81,,,,,,,
JI원종장3,2011-03-16,70.81,,,,,,,
JI원종장3,2011-03-17,70.83,,,,,,,
JI원종장3,2011-03-18,70.84,,,,,,,
JI원종장3,2011-03-20,70.81,,,,,,,
JI원종장3,2011-03-21,70.78,,,,,,,
JI원종장3,2011-04-04,70.74,,,,,,,
JI원종장3,2011-04-05,70.75,,,,,,,
JI원종장3,2011-04-06,70.74,,,,,,,
JI원종장3,2011-04-08,70.62,,,,,,,
JI원종장3,2011-04-09,70.62,,,,,,,
JI원종장3,2011-04-10,70.61,,,,,,,
JI원종장3,2011-04-11,70.6,,,,,,,
JI원종장3,2011-04-12,70.59,,,,,,,
JI원종장3,2011-04-13,70.58,,,,,,,
JI원종장3,2011-04-14,70.57,,,,,,,
JI원종장3,2011-04-15,70.53,,,,,,,
JI원종장3,2011-04-16,70.5,,,,,,,
JI원종장3,2011-04-17,70.5,,,,,,,
JI원종장3,2011-04-18,70.48,,,,,,,
JI원종장3,2011-04-19,70.47,,,,,,,
JI원종장3,2011-04-20,70.49,,,,,,,
JI원종장3,2011-04-21,70.51,,,,,,,
JI원종장3,2011-04-22,70.49,,,,,,,
JI원종장3,2011-04-23,70.45,,,,,,,
JI원종장3,2011-04-24,70.4,,,,,,,
JI원종장3,2011-04-26,70.3,,,,,,,
JI원종장3,2011-05-03,70.85,,,,,,,
JI원종장3,2011-05-04,70.87,,,,,,,
JI원종장3,2011-05-05,70.89,,,,,,,
JI원종장3,2011-05-06,70.92,,,,,,,
JI원종장3,2011-05-07,70.9,,,,,,,
JI원종장3,2011-05-08,70.85,,,,,,,
JI원종장3,2011-05-09,70.87,,,,,,,
JI원종장3,2011-05-10,70.9,,,,,,,
JI원종장3,2011-05-11,70.93,,,,,,,
JI원종장3,2011-05-12,70.87,,,,,,,
JI원종장3,2011-05-13,70.81,,,,,,,
JI원종장3,2011-05-14,70.8,,,,,,,
JI원종장3,2011-05-15,70.8,,,,,,,
JI원종장3,2011-05-16,70.83,,,,,,,
JI원종장3,2011-05-17,70.84,,,,,,,
JI원종장3,2011-05-18,70.82,,,,,,,
JI원종장3,2011-05-19,70.81,,,,,,,
JI원종장3,2011-05-20,70.82,,,,,,,
JI원종장3,2011-05-21,70.82,,,,,,,
JI원종장3,2011-05-22,70.79,,,,,,,
JI원종장3,2011-05-23,70.81,,,,,,,
JI원종장3,2011-05-24,70.78,,,,,,,
JI원종장3,2011-05-25,70.78,,,,,,,
JI원종장3,2011-05-26,70.8,,,,,,,
JI원종장3,2011-05-27,70.77,,,,,,,
JI원종장3,2011-05-28,70.78,,,,,,,
JI원종장3,2011-05-29,70.78,,,,,,,
JI원종장3,2011-05-30,70.75,,,,,,,
JI원종장3,2011-05-31,70.78,,,,,,,
JI원종장3,2011-06-01,70.76,,,,,,,
JI원종장3,2011-06-02,70.73,,,,,,,
JI원종장3,2011-06-03,70.74,,,,,,,
JI원종장3,2011-06-04,70.74,,,,,,,
JI원종장3,2011-06-05,70.75,,,,,,,
JI원종장3,2011-06-06,70.73,,,,,,,
JI원종장3,2011-06-07,70.75,,,,,,,
JI원종장3,2011-06-08,70.71,,,,,,,
JI원종장3,2011-06-09,70.71,,,,,,,
JI원종장3,2011-06-10,70.72,,,,,,,
JI원종장3,2011-06-11,70.71,,,,,,,
JI원종장3,2011-06-12,70.69,,,,,,,
JI원종장3,2011-06-13,70.67,,,,,,,
JI원종장3,2011-06-14,70.67,,,,,,,
JI원종장3,2011-06-15,70.69,,,,,,,
JI원종장3,2011-06-16,70.69,,,,,,,
JI원종장3,2011-06-17,70.65,,,,,,,
JI원종장3,2011-06-18,70.68,,,,,,,
JI원종장3,2011-06-19,70.67,,,,,,,
JI원종장3,2011-06-20,70.65,,,,,,,
JI원종장3,2011-06-21,70.64,,,,,,,
JI원종장3,2011-06-22,70.68,,,,,,,
JI원종장3,2011-06-23,70.7,,,,,,,
JI원종장3,2011-06-24,70.68,,,,,,,
JI원종장3,2011-06-25,70.69,,,,,,,
JI원종장3,2011-06-26,70.73,,,,,,,
JI원종장3,2011-06-27,70.62,,,,,,,
JI원종장3,2011-06-28,70.61,,,,,,,
JI원종장3,2011-06-29,70.62,,,,,,,
JI원종장3,2011-06-30,70.65,,,,,,,
JI원종장3,2011-07-01,70.67,,,,,,,
JI원종장3,2011-07-02,70.69,,,,,,,
JI원종장3,2011-07-03,70.69,,,,,,,
JI원종장3,2011-07-04,70.67,,,,,,,
JI원종장3,2011-07-05,70.66,,,,,,,
JI원종장3,2011-07-06,70.7,,,,,,,
JI원종장3,2011-07-07,70.67,,,,,,,
JI원종장3,2011-07-08,70.64,,,,,,,
JI원종장3,2011-07-09,70.62,,,,,,,
JI원종장3,2011-07-10,70.62,,,,,,,
JI원종장3,2011-07-11,70.64,,,,,,,
JI원종장3,2011-07-12,70.66,,,,,,,
JI원종장3,2011-07-13,70.69,,,,,,,
JI원종장3,2011-07-14,70.7,,,,,,,
JI원종장3,2011-07-15,70.7,,,,,,,
JI원종장3,2011-07-16,70.72,,,,,,,
JI원종장3,2011-07-17,70.74,,,,,,,
JI원종장3,2011-07-18,70.78,,,,,,,
JI원종장3,2011-07-19,70.8,,,,,,,
JI원종장3,2011-07-20,70.73,,,,,,,
JI원종장3,2011-07-21,70.71,,,,,,,
JI원종장3,2011-07-22,70.71,,,,,,,
JI원종장3,2011-07-23,70.72,,,,,,,
JI원종장3,2011-07-24,70.73,,,,,,,
JI원종장3,2011-07-25,70.73,,,,,,,
JI원종장3,2011-07-26,70.73,,,,,,,
JI원종장3,2011-07-27,70.72,,,,,,,
JI원종장3,2011-07-28,70.72,,,,,,,
JI원종장3,2011-07-29,70.74,,,,,,,
JI원종장3,2011-07-30,70.75,,,,,,,
JI원종장3,2011-07-31,70.75,,,,,,,
JI원종장3,2011-08-01,70.73,,,,,,,
JI원종장3,2011-08-02,70.71,,,,,,,
JI원종장3,2011-08-03,70.72,,,,,,,
JI원종장3,2011-08-04,70.73,,,,,,,
JI원종장3,2011-08-05,70.74,,,,,,,
JI원종장3,2011-08-06,70.75,,,,,,,
JI원종장3,2011-08-07,70.82,,,,,,,
JI원종장3,2011-08-08,70.68,,,,,,,
JI원종장3,2011-08-09,70.67,,,,,,,
JI원종장3,2011-08-10,70.69,,,,,,,
JI원종장3,2011-08-11,70.72,,,,,,,
JI원종장3,2011-08-12,70.74,,,,,,,
JI원종장3,2011-08-13,70.75,,,,,,,
JI원종장3,2011-08-14,70.73,,,,,,,
JI원종장3,2011-08-15,70.73,,,,,,,
JI원종장3,2011-08-16,70.75,,,,,,,
JI원종장3,2011-08-17,70.75,,,,,,,
JI원종장3,2011-08-18,70.72,,,,,,,
JI원종장3,2011-08-19,70.71,,,,,,,
JI원종장3,2011-08-20,70.73,,,,,,,
JI원종장3,2011-08-21,70.75,,,,,,,
JI원종장3,2011-08-22,70.76,,,,,,,
JI원종장3,2011-08-23,70.78,,,,,,,
JI원종장3,2011-08-24,70.73,,,,,,,
JI원종장3,2011-08-25,70.72,,,,,,,
JI원종장3,2011-08-26,70.72,,,,,,,
JI원종장3,2011-08-27,70.73,,,,,,,
JI원종장3,2011-08-28,70.75,,,,,,,
JI원종장3,2011-08-29,70.77,,,,,,,
JI원종장3,2011-08-30,70.78,,,,,,,
JI원종장3,2011-08-31,70.8,,,,,,,
JI원종장3,2011-09-01,70.8,,,,,,,
JI원종장3,2011-09-02,70.8,,,,,,,
JI원종장3,2011-09-03,70.77,,,,,,,
JI원종장3,2011-09-04,70.76,,,,,,,
JI원종장3,2011-09-05,70.76,,,,,,,
JI원종장3,2011-09-06,70.75,,,,,,,
JI원종장3,2011-09-07,70.74,,,,,,,
JI원종장3,2011-09-08,70.72,,,,,,,
JI원종장3,2011-09-09,70.7,,,,,,,
JI원종장3,2011-09-10,70.73,,,,,,,
JI원종장3,2011-09-11,70.74,,,,,,,
JI원종장3,2011-09-12,70.75,,,,,,,
JI원종장3,2011-09-13,70.77,,,,,,,
JI원종장3,2011-09-14,70.77,,,,,,,
JI원종장3,2011-09-15,70.78,,,,,,,
JI원종장3,2011-09-16,70.8,,,,,,,
JI원종장3,2011-09-17,70.79,,,,,,,
JI원종장3,2011-09-18,70.76,,,,,,,
JI원종장3,2011-09-19,70.76,,,,,,,
JI원종장3,2011-09-20,70.78,,,,,,,
JI원종장3,2011-09-21,70.79,,,,,,,
JI원종장3,2011-09-22,70.74,,,,,,,
JI원종장3,2011-09-23,70.73,,,,,,,
JI원종장3,2011-09-24,70.72,,,,,,,
JI원종장3,2011-09-25,70.74,,,,,,,
JI원종장3,2011-09-26,70.76,,,,,,,
JI원종장3,2011-09-27,70.77,,,,,,,
JI원종장3,2011-09-28,70.77,,,,,,,
JI원종장3,2011-09-29,70.8,,,,,,,
JI원종장3,2011-09-30,70.75,,,,,,,
JI원종장3,2011-10-01,70.73,,,,,,,
JI원종장3,2011-10-02,70.74,,,,,,,
JI원종장3,2011-10-03,70.76,,,,,,,
JI원종장3,2011-10-04,70.79,,,,,,,
JI원종장3,2011-10-05,70.82,,,,,,,
JI원종장3,2011-10-06,70.79,,,,,,,
JI원종장3,2011-10-07,70.76,,,,,,,
JI원종장3,2011-10-08,70.75,,,,,,,
JI원종장3,2011-10-09,70.77,,,,,,,
JI원종장3,2011-10-10,70.79,,,,,,,
JI원종장3,2011-10-11,70.79,,,,,,,
JI원종장3,2011-10-12,70.8,,,,,,,
JI원종장3,2011-10-13,70.81,,,,,,,
JI원종장3,2011-10-14,70.84,,,,,,,
JI원종장3,2011-10-15,70.81,,,,,,,
JI원종장3,2011-10-16,70.79,,,,,,,
JI원종장3,2011-10-17,70.76,,,,,,,
JI원종장3,2011-10-18,70.75,,,,,,,
JI원종장3,2011-10-19,70.77,,,,,,,
JI원종장3,2011-10-20,70.8,,,,,,,
JI원종장3,2011-10-21,70.84,,,,,,,
JI원종장3,2011-10-22,70.83,,,,,,,
JI원종장3,2011-10-23,70.8,,,,,,,
JI원종장3,2011-10-24,70.81,,,,,,,
JI원종장3,2011-10-25,70.77,,,,,,,
JI원종장3,2011-10-26,70.78,,,,,,,
JI원종장3,2011-10-27,70.78,,,,,,,
JI원종장3,2011-10-28,70.8,,,,,,,
JI원종장3,2011-10-29,70.83,,,,,,,
JI원종장3,2011-10-30,70.82,,,,,,,
JI원종장3,2011-10-31,70.79,,,,,,,
JI원종장3,2011-11-01,70.8,,,,,,,
JI원종장3,2011-11-02,70.81,,,,,,,
JI원종장3,2011-11-03,70.8,,,,,,,
JI원종장3,2011-11-04,70.82,,,,,,,
JI원종장3,2011-11-05,70.85,,,,,,,
JI원종장3,2011-11-06,70.83,,,,,,,
JI원종장3,2011-11-07,70.81,,,,,,,
JI원종장3,2011-11-08,70.84,,,,,,,
JI원종장3,2011-11-09,70.85,,,,,,,
JI원종장3,2011-11-10,70.88,,,,,,,
JI원종장3,2011-11-11,70.87,,,,,,,
JI원종장3,2011-11-12,70.83,,,,,,,
JI원종장3,2011-11-13,70.83,,,,,,,
JI원종장3,2011-11-14,70.81,,,,,,,
JI원종장3,2011-11-15,70.79,,,,,,,
JI원종장3,2011-11-16,70.81,,,,,,,
JI원종장3,2011-11-17,70.83,,,,,,,
JI원종장3,2011-12-05,71.05,,,,,,,
JI원종장3,2011-12-06,71.07,,,,,,,
JI원종장3,2011-12-07,71.11,,,,,,,
JI원종장3,2011-12-08,71.12,,,,,,,
JI원종장3,2011-12-09,71.07,,,,,,,
JI원종장3,2011-12-10,71.09,,,,,,,
JI원종장3,2011-12-11,71.09,,,,,,,
JI원종장3,2011-12-12,71.11,,,,,,,
JI원종장3,2011-12-13,71.12,,,,,,,
JI원종장3,2011-12-14,71.13,,,,,,,
JI원종장3,2011-12-15,71.11,,,,,,,
JI원종장3,2011-12-16,71.09,,,,,,,
JI원종장3,2011-12-17,71.08,,,,,,,
JI원종장3,2011-12-18,71.11,,,,,,,
JI원종장3,2011-12-19,71.12,,,,,,,
JI원종장3,2011-12-20,71.13,,,,,,,
JI원종장3,2011-12-21,71.15,,,,,,,
JI원종장3,2011-12-22,71.14,,,,,,,
JI원종장3,2011-12-23,71.14,,,,,,,
JI원종장3,2011-12-24,71.15,,,,,,,
JI원종장3,2011-12-25,71.09,,,,,,,
JI원종장3,2011-12-26,71.08,,,,,,,
JI원종장3,2011-12-27,71.11,,,,,,,
JI원종장3,2011-12-28,71.15,,,,,,,
JI원종장3,2011-12-29,71.15,,,,,,,
JI원종장3,2011-12-30,71.13,,,,,,,
JI원종장3,2011-12-31,71.15,,,,,,,
JI원종장3,2012-01-01,71.16,,,,,,,
JI원종장3,2012-01-02,71.14,,,,,,,
JI원종장3,2012-01-03,71.16,,,,,,,
JI원종장3,2012-01-04,71.12,,,,,,,
JI원종장3,2012-01-05,71.11,,,,,,,
JI원종장3,2012-01-06,71.1,,,,,,,
JI원종장3,2012-01-07,71.09,,,,,,,
JI원종장3,2012-01-08,71.13,,,,,,,
JI원종장3,2012-01-09,71.13,,,,,,,
JI원종장3,2012-01-10,71.14,,,,,,,
JI원종장3,2012-01-11,71.11,,,,,,,
JI원종장3,2012-01-12,71.12,,,,,,,
JI원종장3,2012-01-13,71.15,,,,,,,
JI원종장3,2012-01-14,71.15,,,,,,,
JI원종장3,2012-01-15,71.17,,,,,,,
JI원종장3,2012-01-16,71.17,,,,,,,
JI원종장3,2012-01-17,71.12,,,,,,,
JI원종장3,2012-01-18,71.12,,,,,,,
JI원종장3,2012-01-19,71.13,,,,,,,
JI원종장3,2012-01-20,71.12,,,,,,,
JI원종장3,2012-01-21,71.11,,,,,,,
JI원종장3,2012-01-22,71.08,,,,,,,
JI원종장3,2012-01-23,71.08,,,,,,,
JI원종장3,2012-01-24,71.1,,,,,,,
JI원종장3,2012-01-25,71.1,,,,,,,
JI원종장3,2012-01-26,71.08,,,,,,,
JI원종장3,2012-01-27,71.1,,,,,,,
JI원종장3,2012-01-28,71.1,,,,,,,
JI원종장3,2012-01-29,71.08,,,,,,,
JI원종장3,2012-01-30,71.07,,,,,,,
JI원종장3,2012-01-31,71.11,,,,,,,
JI원종장3,2012-02-01,71.09,,,,,,,
JI원종장3,2012-02-02,71.05,,,,,,,
JI원종장3,2012-02-03,71.07,,,,,,,
JI원종장3,2012-02-04,71.08,,,,,,,
JI원종장3,2012-02-08,71.02,,,,,,,
JI원종장3,2012-02-09,71.02,,,,,,,
JI원종장3,2012-02-10,71.04,,,,,,,
JI원종장3,2012-02-11,71.02,,,,,,,
JI원종장3,2012-02-20,71.01,,,,,,,
JI원종장3,2012-02-21,71.04,,,,,,,
JI원종장3,2012-02-22,71.07,,,,,,,
JI원종장3,2012-02-23,71.04,,,,,,,
JI원종장3,2012-02-24,71.0,,,,,,,
JI원종장3,2012-02-25,70.98,,,,,,,
JI원종장3,2012-02-26,70.85,,,,,,,
JI원종장3,2012-02-27,70.62,,,,,,,
JI원종장3,2012-02-28,70.67,,,,,,,
JI원종장3,2012-02-29,70.65,,,,,,,
JI원종장3,2012-03-01,70.68,,,,,,,
JI원종장3,2012-03-02,70.67,,,,,,,
JI원종장3,2012-03-03,70.62,,,,,,,
JI원종장3,2012-03-04,70.69,,,,,,,
JI원종장3,2012-03-05,70.72,,,,,,,
JI원종장3,2012-03-06,70.63,,,,,,,
JI원종장3,2012-03-07,70.62,,,,,,,
JI원종장3,2012-03-08,70.62,,,,,,,
JI원종장3,2012-03-09,70.62,,,,,,,
JI원종장3,2012-03-10,70.61,,,,,,,
JI원종장3,2012-03-11,70.58,,,,,,,
JI원종장3,2012-03-12,70.57,,,,,,,
JI원종장3,2012-03-13,70.59,,,,,,,
JI원종장3,2012-03-14,70.6,,,,,,,
JI원종장3,2012-03-15,70.59,,,,,,,
JI원종장3,2012-03-16,70.7,,,,,,,
JI원종장3,2012-03-17,70.66,,,,,,,
JI원종장3,2012-03-18,70.6,,,,,,,
JI원종장3,2012-03-19,70.56,,,,,,,
JI원종장3,2012-03-20,70.57,,,,,,,
JI원종장3,2012-03-21,70.54,,,,,,,
JI원종장3,2012-03-22,70.61,,,,,,,
JI원종장3,2012-03-23,70.65,,,,,,,
JI원종장3,2012-03-24,70.56,,,,,,,
JI원종장3,2012-03-25,70.52,,,,,,,
JI원종장3,2012-03-26,70.51,,,,,,,
JI원종장3,2012-03-27,70.53,,,,,,,
JI원종장3,2012-03-28,70.52,,,,,,,
JI원종장3,2012-03-29,70.55,,,,,,,
JI원종장3,2012-03-30,70.6,,,,,,,
JI원종장3,2012-03-31,70.54,,,,,,,
JI원종장3,2012-04-01,70.5,,,,,,,
JI원종장3,2012-04-02,70.58,,,,,,,
JI원종장3,2012-04-03,70.59,,,,,,,
JI원종장3,2012-04-04,70.51,,,,,,,
JI원종장3,2012-04-05,70.53,,,,,,,
JI원종장3,2012-04-06,70.47,,,,,,,
JI원종장3,2012-04-07,70.46,,,,,,,
JI원종장3,2012-04-08,70.49,,,,,,,
JI원종장3,2012-04-09,70.5,,,,,,,
JI원종장3,2012-04-10,70.55,,,,,,,
JI원종장3,2012-04-11,70.59,,,,,,,
JI원종장3,2012-04-12,70.51,,,,,,,
JI원종장3,2012-04-13,70.51,,,,,,,
JI원종장3,2012-04-14,70.48,,,,,,,
JI원종장3,2012-04-15,70.49,,,,,,,
JI원종장3,2012-04-16,70.49,,,,,,,
JI원종장3,2012-04-17,70.46,,,,,,,
JI원종장3,2012-04-18,70.45,,,,,,,
JI원종장3,2012-04-19,70.46,,,,,,,
JI원종장3,2012-04-20,70.48,,,,,,,
JI원종장3,2012-04-21,70.57,,,,,,,
JI원종장3,2012-04-22,70.47,,,,,,,
JI원종장3,2012-04-23,70.44,,,,,,,
JI원종장3,2012-04-24,70.48,,,,,,,
JI원종장3,2012-04-25,70.57,,,,,,,
JI원종장3,2012-04-26,70.44,,,,,,,
JI원종장3,2012-04-27,70.43,,,,,,,
JI원종장3,2012-04-28,70.43,,,,,,,
JI원종장3,2012-04-29,70.48,,,,,,,
JI원종장3,2012-04-30,70.52,,,,,,,
JI원종장3,2012-05-01,70.51,,,,,,,
JI원종장3,2012-05-02,70.5,,,,,,,
JI원종장3,2012-05-03,70.48,,,,,,,
JI원종장3,2012-05-04,70.46,,,,,,,
JI원종장3,2012-05-05,70.47,,,,,,,
JI원종장3,2012-05-06,70.49,,,,,,,
JI원종장3,2012-05-07,70.49,,,,,,,
JI원종장3,2012-05-08,70.49,,,,,,,
JI원종장3,2012-05-09,70.46,,,,,,,
JI원종장3,2012-05-10,70.45,,,,,,,
JI원종장3,2012-05-11,70.47,,,,,,,
JI원종장3,2012-05-12,70.5,,,,,,,
JI원종장3,2012-05-13,70.52,,,,,,,
JI원종장3,2012-05-14,70.55,,,,,,,
JI원종장3,2012-05-15,70.52,,,,,,,
JI원종장3,2012-05-16,70.52,,,,,,,
JI원종장3,2012-05-17,70.51,,,,,,,
JI원종장3,2012-05-18,70.44,,,,,,,
JI원종장3,2012-05-19,70.45,,,,,,,
JI원종장3,2012-05-20,70.49,,,,,,,
JI원종장3,2012-05-21,70.49,,,,,,,
JI원종장3,2012-05-22,70.49,,,,,,,
JI원종장3,2012-05-23,70.5,,,,,,,
JI원종장3,2012-05-24,70.51,,,,,,,
JI원종장3,2012-05-25,70.52,,,,,,,
JI원종장3,2012-06-07,70.5,,,,,,,
JI원종장3,2012-06-08,70.53,,,,,,,
JI원종장3,2012-06-09,70.49,,,,,,,
JI원종장3,2012-06-10,70.5,,,,,,,
JI원종장3,2012-06-11,70.5,,,,,,,
JI원종장3,2012-06-12,70.48,,,,,,,
JI원종장3,2012-06-13,70.43,,,,,,,
JI원종장3,2012-06-14,70.41,,,,,,,
JI원종장3,2012-06-15,70.46,,,,,,,
JI원종장3,2012-06-16,70.45,,,,,,,
JI원종장3,2012-06-17,70.41,,,,,,,
JI원종장3,2012-06-18,70.47,,,,,,,
JI원종장3,2012-06-19,70.53,,,,,,,
JI원종장3,2012-06-20,70.45,,,,,,,
JI원종장3,2012-06-21,70.45,,,,,,,
JI원종장3,2012-06-22,70.42,,,,,,,
JI원종장3,2012-06-23,70.47,,,,,,,
JI원종장3,2012-06-24,70.5,,,,,,,
JI원종장3,2012-06-25,70.47,,,,,,,
JI원종장3,2012-06-26,70.46,,,,,,,
JI원종장3,2012-06-27,70.46,,,,,,,
JI원종장3,2012-06-28,70.43,,,,,,,
JI원종장3,2012-06-29,70.45,,,,,,,
JI원종장3,2012-06-30,70.49,,,,,,,
JI원종장3,2012-07-01,70.47,,,,,,,
JI원종장3,2012-07-02,70.49,,,,,,,
JI원종장3,2012-07-03,70.49,,,,,,,
JI원종장3,2012-07-04,70.45,,,,,,,
JI원종장3,2012-07-05,70.44,,,,,,,
JI원종장3,2012-07-06,70.49,,,,,,,
JI원종장3,2012-07-07,70.47,,,,,,,
JI원종장3,2012-07-08,70.45,,,,,,,
JI원종장3,2012-07-09,70.45,,,,,,,
JI원종장3,2012-07-10,70.49,,,,,,,
JI원종장3,2012-07-11,70.5,,,,,,,
JI원종장3,2012-07-12,70.45,,,,,,,
JI원종장3,2012-07-13,70.45,,,,,,,
JI원종장3,2012-07-14,70.45,,,,,,,
JI원종장3,2012-07-15,70.43,,,,,,,
JI원종장3,2012-07-30,70.43,,,,,,,
JI원종장3,2012-07-31,70.42,,,,,,,
JI원종장3,2012-08-01,70.43,,,,,,,
JI원종장3,2012-08-02,70.42,,,,,,,
JI원종장3,2012-08-03,70.35,,,,,,,
JI원종장3,2012-08-04,70.38,,,,,,,
JI원종장3,2012-08-05,70.41,,,,,,,
JI원종장3,2012-08-06,70.38,,,,,,,
JI원종장3,2012-08-07,70.35,,,,,,,
JI원종장3,2012-08-08,70.36,,,,,,,
JI원종장3,2012-08-09,70.35,,,,,,,
JI원종장3,2012-08-10,70.37,,,,,,,
JI원종장3,2012-08-11,70.36,,,,,,,
JI원종장3,2012-08-12,70.37,,,,,,,
JI원종장3,2012-08-13,70.37,,,,,,,
JI원종장3,2012-08-14,70.35,,,,,,,
JI원종장3,2012-08-15,70.35,,,,,,,
JI원종장3,2012-08-16,70.33,,,,,,,
JI원종장3,2012-08-17,70.33,,,,,,,
JI원종장3,2012-08-18,70.34,,,,,,,
JI원종장3,2012-08-19,70.36,,,,,,,
JI원종장3,2012-08-20,70.36,,,,,,,
JI원종장3,2012-08-21,70.35,,,,,,,
JI원종장3,2012-08-22,70.34,,,,,,,
JI원종장3,2012-08-23,70.35,,,,,,,
JI원종장3,2012-08-24,70.36,,,,,,,
JI원종장3,2012-08-25,70.36,,,,,,,
JI원종장3,2012-08-26,70.4,,,,,,,
JI원종장3,2012-08-27,70.5,,,,,,,
JI원종장3,2012-08-28,70.51,,,,,,,
JI원종장3,2012-08-29,70.32,,,,,,,
JI원종장3,2012-08-30,70.41,,,,,,,
JI원종장3,2012-08-31,70.33,,,,,,,
JI원종장3,2012-09-01,70.37,,,,,,,
JI원종장3,2012-09-02,70.41,,,,,,,
JI원종장3,2012-09-03,70.41,,,,,,,
JI원종장3,2012-09-04,70.38,,,,,,,
JI원종장3,2012-09-05,70.37,,,,,,,
JI원종장3,2012-09-06,70.39,,,,,,,
JI원종장3,2012-09-07,70.44,,,,,,,
JI원종장3,2012-09-08,70.46,,,,,,,
JI원종장3,2012-09-09,70.47,,,,,,,
JI원종장3,2012-09-10,70.47,,,,,,,
JI원종장3,2012-09-11,70.47,,,,,,,
JI원종장3,2012-09-12,70.49,,,,,,,
JI원종장3,2012-09-13,70.51,,,,,,,
JI원종장3,2012-09-14,70.47,,,,,,,
JI원종장3,2012-09-15,70.48,,,,,,,
JI원종장3,2012-09-16,70.56,,,,,,,
JI원종장3,2012-09-17,70.66,,,,,,,
JI원종장3,2012-09-18,70.53,,,,,,,
JI원종장3,2012-09-19,70.5,,,,,,,
JI원종장3,2012-09-20,70.48,,,,,,,
JI원종장3,2012-09-21,70.51,,,,,,,
JI원종장3,2012-09-22,70.56,,,,,,,
JI원종장3,2012-09-23,70.56,,,,,,,
JI원종장3,2012-09-24,70.55,,,,,,,
JI원종장3,2012-09-25,70.52,,,,,,,
JI원종장3,2012-09-26,70.53,,,,,,,
JI원종장3,2012-09-27,70.57,,,,,,,
JI원종장3,2012-09-28,70.61,,,,,,,
JI원종장3,2012-09-29,70.62,,,,,,,
JI원종장3,2012-09-30,70.63,,,,,,,
JI원종장3,2012-10-01,70.59,,,,,,,
JI원종장3,2012-10-02,70.59,,,,,,,
JI원종장3,2012-10-03,70.64,,,,,,,
JI원종장3,2012-10-04,70.64,,,,,,,
JI원종장3,2012-10-05,70.6,,,,,,,
JI원종장3,2012-10-06,70.61,,,,,,,
JI원종장3,2012-10-07,70.62,,,,,,,
JI원종장3,2012-10-08,70.65,,,,,,,
JI원종장3,2012-10-09,70.68,,,,,,,
JI원종장3,2012-10-10,70.68,,,,,,,
JI원종장3,2012-10-11,70.67,,,,,,,
JI원종장3,2012-10-12,70.67,,,,,,,
JI원종장3,2012-10-13,70.68,,,,,,,
JI원종장3,2012-10-14,70.68,,,,,,,
JI원종장3,2012-10-15,70.66,,,,,,,
JI원종장3,2012-10-16,70.71,,,,,,,
JI원종장3,2012-10-17,70.73,,,,,,,
JI원종장3,2012-10-18,70.7,,,,,,,
JI원종장3,2012-10-19,70.66,,,,,,,
JI원종장3,2012-10-20,70.69,,,,,,,
JI원종장3,2012-10-21,70.7,,,,,,,
JI원종장3,2012-10-22,70.78,,,,,,,
JI원종장3,2012-10-23,70.74,,,,,,,
JI원종장3,2012-10-24,70.72,,,,,,,
JI원종장3,2012-10-25,70.73,,,,,,,
JI원종장3,2012-10-26,70.74,,,,,,,
JI원종장3,2012-10-27,70.79,,,,,,,
JI원종장3,2012-10-28,70.75,,,,,,,
JI원종장3,2012-10-29,70.78,,,,,,,
JI원종장3,2012-10-30,70.8,,,,,,,
JI원종장3,2012-10-31,70.79,,,,,,,
JI원종장3,2012-11-01,70.76,,,,,,,
JI원종장3,2012-11-02,70.74,,,,,,,
JI원종장3,2012-11-03,70.79,,,,,,,
JI원종장3,2012-11-04,70.86,,,,,,,
JI원종장3,2012-11-05,70.84,,,,,,,
JI원종장3,2012-11-06,70.83,,,,,,,
JI원종장3,2012-11-07,70.83,,,,,,,
JI원종장3,2012-11-08,70.84,,,,,,,
JI원종장3,2012-11-09,70.83,,,,,,,
JI원종장3,2012-11-10,70.9,,,,,,,
JI원종장3,2012-11-11,70.91,,,,,,,
JI원종장3,2012-11-12,70.85,,,,,,,
JI원종장3,2012-11-13,70.91,,,,,,,
JI원종장3,2012-11-14,70.85,,,,,,,
JI원종장3,2012-11-15,70.8,,,,,,,
JI원종장3,2012-11-16,70.9,,,,,,,
JI원종장3,2012-11-17,70.96,,,,,,,
JI원종장3,2012-11-18,70.89,,,,,,,
JI원종장3,2012-11-19,70.92,,,,,,,
JI원종장3,2012-11-20,70.9,,,,,,,
JI원종장3,2012-11-21,70.95,,,,,,,
JI원종장3,2012-11-22,70.97,,,,,,,
JI원종장3,2012-11-23,70.96,,,,,,,
JI원종장3,2012-11-24,70.92,,,,,,,
JI원종장3,2012-11-25,70.97,,,,,,,
JI원종장3,2012-11-26,71.0,,,,,,,
JI원종장3,2012-11-27,70.93,,,,,,,
JI원종장3,2012-11-28,70.99,,,,,,,
JI원종장3,2012-11-29,70.98,,,,,,,
JI원종장3,2012-11-30,70.97,,,,,,,
JI원종장3,2012-12-01,70.96,,,,,,,
JI원종장3,2012-12-02,71.03,,,,,,,
JI원종장3,2012-12-03,71.05,,,,,,,
JI원종장3,2012-12-04,71.01,,,,,,,
JI원종장3,2012-12-05,71.05,,,,,,,
JI원종장3,2012-12-06,71.0,,,,,,,
JI원종장3,2012-12-07,71.06,,,,,,,
JI원종장3,2012-12-08,71.06,,,,,,,
JI원종장3,2012-12-09,71.06,,,,,,,
JI원종장3,2012-12-10,71.03,,,,,,,
JI원종장3,2012-12-11,71.03,,,,,,,
JI원종장3,2012-12-12,71.02,,,,,,,
JI원종장3,2012-12-13,71.04,,,,,,,
JI원종장3,2012-12-14,71.15,,,,,,,
JI원종장3,2012-12-15,71.14,,,,,,,
JI원종장3,2012-12-16,71.09,,,,,,,
JI원종장3,2012-12-17,71.09,,,,,,,
JI원종장3,2012-12-18,71.08,,,,,,,
JI원종장3,2012-12-19,71.08,,,,,,,
JI원종장3,2012-12-20,71.08,,,,,,,
JI원종장3,2012-12-21,71.21,,,,,,,
JI원종장3,2012-12-22,71.12,,,,,,,
JI원종장3,2012-12-23,71.09,,,,,,,
JI원종장3,2012-12-24,71.11,,,,,,,
JI원종장3,2012-12-25,71.11,,,,,,,
JI원종장3,2012-12-26,71.11,,,,,,,
JI원종장3,2012-12-27,71.16,,,,,,,
JI원종장3,2012-12-28,71.2,,,,,,,
JI원종장3,2012-12-29,71.19,,,,,,,
JI원종장3,2012-12-30,71.2,,,,,,,
JI원종장3,2012-12-31,71.15,,,,,,,
JI원종장3,2013-01-01,71.17,,,,,,,
JI원종장3,2013-01-02,71.11,,,,,,,
JI원종장3,2013-01-03,71.08,,,,,,,
JI원종장3,2013-01-04,71.16,,,,,,,
JI원종장3,2013-01-05,71.21,,,,,,,
JI원종장3,2013-01-06,71.21,,,,,,,
JI원종장3,2013-01-07,71.21,,,,,,,
JI원종장3,2013-01-08,71.2,,,,,,,
JI원종장3,2013-01-09,71.18,,,,,,,
JI원종장3,2013-01-10,71.15,,,,,,,
JI원종장3,2013-01-11,71.18,,,,,,,
JI원종장3,2013-01-12,71.2,,,,,,,
JI원종장3,2013-01-13,71.24,,,,,,,
JI원종장3,2013-01-14,71.22,,,,,,,
JI원종장3,2013-01-15,71.18,,,,,,,
JI원종장3,2013-01-16,71.2,,,,,,,
JI원종장3,2013-01-17,71.17,,,,,,,
JI원종장3,2013-01-18,71.15,,,,,,,
JI원종장3,2013-01-19,71.18,,,,,,,
JI원종장3,2013-01-20,71.19,,,,,,,
JI원종장3,2013-01-21,71.27,,,,,,,
JI원종장3,2013-01-22,71.23,,,,,,,
JI원종장3,2013-01-23,71.23,,,,,,,
JI원종장3,2013-01-24,71.23,,,,,,,
JI원종장3,2013-01-25,71.2,,,,,,,
JI원종장3,2013-01-26,71.21,,,,,,,
JI원종장3,2013-01-27,71.18,,,,,,,
JI원종장3,2013-01-28,71.17,,,,,,,
JI원종장3,2013-01-29,71.2,,,,,,,
JI원종장3,2013-01-30,71.19,,,,,,,
JI원종장3,2013-01-31,71.22,,,,,,,
JI원종장3,2013-02-01,71.28,,,,,,,
JI원종장3,2013-02-02,71.2,,,,,,,
JI원종장3,2013-02-03,71.25,,,,,,,
JI원종장3,2013-02-04,71.28,,,,,,,
JI원종장3,2013-02-05,71.27,,,,,,,
JI원종장3,2013-02-06,71.25,,,,,,,
JI원종장3,2013-02-07,71.21,,,,,,,
JI원종장3,2013-02-08,71.18,,,,,,,
JI원종장3,2013-02-09,71.23,,,,,,,
JI원종장3,2013-02-10,71.24,,,,,,,
JI원종장3,2013-02-11,71.21,,,,,,,
JI원종장3,2013-02-12,71.27,,,,,,,
JI원종장3,2013-02-13,71.23,,,,,,,
JI원종장3,2013-02-14,71.27,,,,,,,
JI원종장3,2013-02-15,71.26,,,,,,,
JI원종장3,2013-02-16,71.22,,,,,,,
JI원종장3,2013-02-17,71.3,,,,,,,
JI원종장3,2013-02-18,71.31,,,,,,,
JI원종장3,2013-02-19,71.22,,,,,,,
JI원종장3,2013-02-20,71.19,,,,,,,
JI원종장3,2013-02-21,71.2,,,,,,,
JI원종장3,2013-02-22,71.23,,,,,,,
JI원종장3,2013-02-23,71.22,,,,,,,
JI원종장3,2013-02-24,71.22,,,,,,,
JI원종장3,2013-02-25,71.25,,,,,,,
JI원종장3,2013-02-26,71.33,,,,,,,
JI원종장3,2013-02-27,71.29,,,,,,,
JI원종장3,2013-02-28,71.29,,,,,,,
JI원종장3,2013-03-01,71.27,,,,,,,
JI원종장3,2013-03-02,71.18,,,,,,,
JI원종장3,2013-03-03,71.23,,,,,,,
JI원종장3,2013-03-04,71.25,,,,,,,
JI원종장3,2013-03-05,71.2,,,,,,,
JI원종장3,2013-03-06,71.24,,,,,,,
JI원종장3,2013-03-07,71.3,,,,,,,
JI원종장3,2013-03-08,71.3,,,,,,,
JI원종장3,2013-03-09,71.28,,,,,,,
JI원종장3,2013-03-10,71.21,,,,,,,
JI원종장3,2013-03-11,71.18,,,,,,,
JI원종장3,2013-03-12,71.28,,,,,,,
JI원종장3,2013-03-13,71.27,,,,,,,
JI원종장3,2013-03-14,71.15,,,,,,,
JI원종장3,2013-03-15,71.2,,,,,,,
JI원종장3,2013-03-16,71.23,,,,,,,
JI원종장3,2013-03-17,71.34,,,,,,,
JI원종장3,2013-03-18,71.35,,,,,,,
JI원종장3,2013-03-19,71.24,,,,,,,
JI원종장3,2013-03-20,71.24,,,,,,,
JI원종장3,2013-03-21,71.19,,,,,,,
JI원종장3,2013-03-22,71.25,,,,,,,
JI원종장3,2013-03-23,71.22,,,,,,,
JI원종장3,2013-03-24,71.24,,,,,,,
JI원종장3,2013-03-25,71.19,,,,,,,
JI원종장3,2013-03-26,71.18,,,,,,,
JI원종장3,2013-03-27,71.22,,,,,,,
JI원종장3,2013-03-28,71.24,,,,,,,
JI원종장3,2013-03-29,71.22,,,,,,,
JI원종장3,2013-03-30,71.21,,,,,,,
JI원종장3,2013-04-10,71.36,,,,,,,
JI원종장3,2013-04-11,71.38,,,,,,,
JI원종장3,2013-04-12,71.39,,,,,,,
JI원종장3,2013-04-13,71.41,,,,,,,
JI원종장3,2013-04-14,71.45,,,,,,,
JI원종장3,2013-04-15,71.42,,,,,,,
JI원종장3,2013-04-16,71.43,,,,,,,
JI원종장3,2013-04-17,71.42,,,,,,,
JI원종장3,2013-04-18,71.36,,,,,,,
JI원종장3,2013-04-19,71.33,,,,,,,
JI원종장3,2013-04-20,71.36,,,,,,,
JI원종장3,2013-04-21,71.32,,,,,,,
JI원종장3,2013-04-22,71.32,,,,,,,
JI원종장3,2013-04-23,71.41,,,,,,,
JI원종장3,2013-04-24,71.41,,,,,,,
JI원종장3,2013-04-25,71.39,,,,,,,
JI원종장3,2013-04-26,71.34,,,,,,,
JI원종장3,2013-04-27,71.33,,,,,,,
JI원종장3,2013-04-28,71.33,,,,,,,
JI원종장3,2013-04-29,71.36,,,,,,,
JI원종장3,2013-04-30,71.39,,,,,,,
JI원종장3,2013-05-01,71.37,,,,,,,
JI원종장3,2013-05-02,71.33,,,,,,,
JI원종장3,2013-05-03,71.32,,,,,,,
JI원종장3,2013-05-04,71.29,,,,,,,
JI원종장3,2013-05-05,71.3,,,,,,,
JI원종장3,2013-05-06,71.33,,,,,,,
JI원종장3,2013-05-07,71.32,,,,,,,
JI원종장3,2013-05-08,71.31,,,,,,,
JI원종장3,2013-05-09,71.35,,,,,,,
JI원종장3,2013-05-10,71.39,,,,,,,
JI원종장3,2013-05-11,71.34,,,,,,,
JI원종장3,2013-05-12,71.3,,,,,,,
JI원종장3,2013-05-13,71.27,,,,,,,
JI원종장3,2013-05-14,71.28,,,,,,,
JI원종장3,2013-05-15,71.28,,,,,,,
JI원종장3,2013-05-16,71.27,,,,,,,
JI원종장3,2013-05-17,71.26,,,,,,,
JI원종장3,2013-05-18,71.31,,,,,,,
JI원종장3,2013-05-19,71.36,,,,,,,
JI원종장3,2013-05-20,71.28,,,,,,,
JI원종장3,2013-05-21,71.24,,,,,,,
JI원종장3,2013-05-22,71.22,,,,,,,
JI원종장3,2013-05-23,71.22,,,,,,,
JI원종장3,2013-05-24,71.22,,,,,,,
JI원종장3,2013-05-25,71.22,,,,,,,
JI원종장3,2013-05-26,71.23,,,,,,,
JI원종장3,2013-05-27,71.3,,,,,,,
JI원종장3,2013-05-28,71.27,,,,,,,
JI원종장3,2013-05-29,71.22,,,,,,,
JI원종장3,2013-05-30,71.21,,,,,,,
JI원종장3,2013-05-31,71.24,,,,,,,
JI원종장3,2013-06-01,71.25,,,,,,,
JI원종장3,2013-06-02,71.24,,,,,,,
JI원종장3,2013-06-03,71.2,,,,,,,
JI원종장3,2013-06-04,71.16,,,,,,,
JI원종장3,2013-06-05,71.17,,,,,,,
JI원종장3,2013-06-06,71.2,,,,,,,
JI원종장3,2013-06-13,71.15,,,,,,,
JI원종장3,2013-06-14,71.09,,,,,,,
JI원종장3,2013-06-15,70.98,,,,,,,
JI원종장3,2013-06-16,71.0,,,,,,,
JI원종장3,2013-06-17,71.03,,,,,,,
JI원종장3,2013-06-18,71.05,,,,,,,
JI원종장3,2013-06-19,71.01,,,,,,,
JI원종장3,2013-06-20,70.98,,,,,,,
JI원종장3,2013-06-21,70.97,,,,,,,
JI원종장3,2013-06-22,70.96,,,,,,,
JI원종장3,2013-06-23,70.98,,,,,,,
JI원종장3,2013-06-24,71.0,,,,,,,
JI원종장3,2013-07-02,70.99,,,,,,,
JI원종장3,2013-07-03,71.0,,,,,,,
JI원종장3,2013-07-04,71.0,,,,,,,
JI원종장3,2013-07-05,71.01,,,,,,,
JI원종장3,2013-07-06,70.95,,,,,,,
JI원종장3,2013-07-07,70.96,,,,,,,
JI원종장3,2013-07-08,70.95,,,,,,,
JI원종장3,2013-07-09,70.96,,,,,,,
JI원종장3,2013-07-10,70.97,,,,,,,
JI원종장3,2013-07-11,70.95,,,,,,,
JI원종장3,2013-07-12,70.96,,,,,,,
JI원종장3,2013-07-13,70.95,,,,,,,
JI원종장3,2013-07-14,70.94,,,,,,,
JI원종장3,2013-07-15,70.95,,,,,,,
JI원종장3,2013-07-16,70.95,,,,,,,
JI원종장3,2013-07-17,70.93,,,,,,,
JI원종장3,2013-07-18,70.92,,,,,,,
JI원종장3,2013-07-19,70.92,,,,,,,
JI원종장3,2013-07-20,70.92,,,,,,,
JI원종장3,2013-07-21,70.92,,,,,,,
JI원종장3,2013-07-22,70.9,,,,,,,
JI원종장3,2013-07-23,70.9,,,,,,,
JI원종장3,2013-07-24,70.93,,,,,,,
JI원종장3,2013-07-25,70.9,,,,,,,
JI원종장3,2013-07-26,70.86,,,,,,,
JI원종장3,2013-07-27,70.84,,,,,,,
JI원종장3,2013-07-28,70.85,,,,,,,
JI원종장3,2013-07-29,70.86,,,,,,,
JI원종장3,2013-07-30,70.86,,,,,,,
JI원종장3,2013-07-31,70.85,,,,,,,
JI원종장3,2013-08-01,70.81,,,,,,,
JI원종장3,2013-08-02,70.78,,,,,,,
JI원종장3,2013-08-03,70.8,,,,,,,
JI원종장3,2013-08-04,70.84,,,,,,,
JI원종장3,2013-08-05,70.83,,,,,,,
JI원종장3,2013-08-19,70.74,,,,,,,
JI원종장3,2013-08-20,70.74,,,,,,,
JI원종장3,2013-08-21,70.74,,,,,,,
JI원종장3,2013-08-22,70.72,,,,,,,
JI원종장3,2013-08-23,70.73,,,,,,,
JI원종장3,2013-08-24,70.75,,,,,,,
JI원종장3,2013-08-25,70.77,,,,,,,
JI원종장3,2013-08-26,70.76,,,,,,,
JI원종장3,2013-08-27,70.71,,,,,,,
JI원종장3,2013-08-28,70.73,,,,,,,
JI원종장3,2013-08-29,70.76,,,,,,,
JI원종장3,2013-08-30,70.75,,,,,,,
JI원종장3,2013-08-31,70.71,,,,,,,
JI원종장3,2013-09-01,70.69,,,,,,,
JI원종장3,2013-09-02,70.7,,,,,,,
JI원종장3,2013-09-03,70.71,,,,,,,
JI원종장3,2013-09-04,70.72,,,,,,,
JI원종장3,2013-09-05,70.68,,,,,,,
JI원종장3,2013-09-06,70.67,,,,,,,
JI원종장3,2013-09-07,70.69,,,,,,,
JI원종장3,2013-09-08,70.68,,,,,,,
JI원종장3,2013-09-09,70.68,,,,,,,
JI원종장3,2013-09-10,70.7,,,,,,,
JI원종장3,2013-09-11,70.67,,,,,,,
JI원종장3,2013-09-12,70.67,,,,,,,
JI원종장3,2013-09-13,70.69,,,,,,,
JI원종장3,2013-09-14,70.71,,,,,,,
JI원종장3,2013-09-15,70.71,,,,,,,
JI원종장3,2013-09-16,70.65,,,,,,,
JI원종장3,2013-09-17,70.61,,,,,,,
JI원종장3,2013-09-18,70.62,,,,,,,
JI원종장3,2013-09-19,70.66,,,,,,,
JI원종장3,2013-09-20,70.66,,,,,,,
JI원종장3,2013-09-21,70.66,,,,,,,
JI원종장3,2013-09-22,70.65,,,,,,,
JI원종장3,2013-09-23,70.65,,,,,,,
JI원종장3,2013-09-24,70.65,,,,,,,
JI원종장3,2013-09-25,70.65,,,,,,,
JI원종장3,2013-09-26,70.61,,,,,,,
JI원종장3,2013-09-27,70.61,,,,,,,
JI원종장3,2013-09-28,70.65,,,,,,,
JI원종장3,2013-09-29,70.64,,,,,,,
JI원종장3,2013-09-30,70.62,,,,,,,
JI원종장3,2013-10-01,70.62,,,,,,,
JI원종장3,2013-10-02,70.64,,,,,,,
JI원종장3,2013-10-03,70.6,,,,,,,
JI원종장3,2013-10-04,70.6,,,,,,,
JI원종장3,2013-10-05,70.61,,,,,,,
JI원종장3,2013-10-06,70.6,,,,,,,
JI원종장3,2013-10-07,70.62,,,,,,,
JI원종장3,2013-10-08,70.69,,,,,,,
JI원종장3,2013-10-09,70.6,,,,,,,
JI원종장3,2013-10-10,70.6,,,,,,,
JI원종장3,2013-10-11,70.59,,,,,,,
JI원종장3,2013-10-12,70.56,,,,,,,
JI원종장3,2013-10-13,70.57,,,,,,,
JI원종장3,2013-10-14,70.6,,,,,,,
JI원종장3,2013-10-15,70.63,,,,,,,
JI원종장3,2013-10-16,70.55,,,,,,,
JI원종장3,2013-10-17,70.5,,,,,,,
JI원종장3,2013-10-18,70.54,,,,,,,
JI원종장3,2013-10-19,70.57,,,,,,,
JI원종장3,2013-10-20,70.6,,,,,,,
JI원종장3,2013-10-21,70.58,,,,,,,
JI원종장3,2013-10-22,70.55,,,,,,,
JI원종장3,2013-10-23,70.58,,,,,,,
JI원종장3,2013-10-24,70.58,,,,,,,
JI원종장3,2013-10-25,70.56,,,,,,,
JI원종장3,2013-10-26,70.54,,,,,,,
JI원종장3,2013-10-27,70.51,,,,,,,
JI원종장3,2013-10-28,70.51,,,,,,,
JI원종장3,2013-10-29,70.52,,,,,,,
JI원종장3,2013-10-30,70.53,,,,,,,
JI원종장3,2013-10-31,70.52,,,,,,,
JI원종장3,2013-11-01,70.52,,,,,,,
JI원종장3,2013-11-02,70.53,,,,,,,
JI원종장3,2013-11-03,70.54,,,,,,,
JI원종장3,2013-11-04,70.49,,,,,,,
JI원종장3,2013-11-05,70.49,,,,,,,
JI원종장3,2013-11-06,70.53,,,,,,,
JI원종장3,2013-11-07,70.52,,,,,,,
JI원종장3,2013-11-08,70.47,,,,,,,
JI원종장3,2013-11-09,70.53,,,,,,,
JI원종장3,2013-11-10,70.51,,,,,,,
JI원종장3,2013-11-11,70.49,,,,,,,
JI원종장3,2013-11-12,70.5,,,,,,,
JI원종장3,2013-11-13,70.48,,,,,,,
JI원종장3,2013-11-14,70.49,,,,,,,
JI원종장3,2013-11-15,70.48,,,,,,,
JI원종장3,2013-11-16,70.5,,,,,,,
JI원종장3,2013-11-17,70.5,,,,,,,
JI원종장3,2013-11-18,70.47,,,,,,,
JI원종장3,2013-11-19,70.47,,,,,,,
JI원종장3,2013-11-20,70.45,,,,,,,
JI원종장3,2013-11-21,70.43,,,,,,,
JI원종장3,2013-11-22,70.44,,,,,,,
JI원종장3,2013-11-23,70.45,,,,,,,
JI원종장3,2013-11-24,70.54,,,,,,,
JI원종장3,2013-11-25,70.51,,,,,,,
JI원종장3,2013-11-26,70.43,,,,,,,
JI원종장3,2013-11-27,70.44,,,,,,,
JI원종장3,2013-11-28,70.42,,,,,,,
JI원종장3,2013-11-29,70.43,,,,,,,
JI원종장3,2013-11-30,70.43,,,,,,,
JI원종장3,2013-12-01,70.42,,,,,,,
JI원종장3,2013-12-02,70.43,,,,,,,
JI원종장3,2013-12-03,70.43,,,,,,,
JI원종장3,2013-12-04,70.43,,,,,,,
JI원종장3,2013-12-05,70.43,,,,,,,
JI원종장3,2013-12-06,70.43,,,,,,,
JI원종장3,2013-12-07,70.38,,,,,,,
JI원종장3,2013-12-08,70.39,,,,,,,
JI원종장3,2013-12-09,70.47,,,,,,,
JI원종장3,2013-12-10,70.4,,,,,,,
JI원종장3,2013-12-11,70.39,,,,,,,
JI원종장3,2013-12-12,70.35,,,,,,,
JI원종장3,2013-12-13,70.35,,,,,,,
JI원종장3,2013-12-14,70.32,,,,,,,
JI원종장3,2013-12-15,70.33,,,,,,,
JI원종장3,2013-12-16,70.37,,,,,,,
JI원종장3,2013-12-17,70.41,,,,,,,
JI원종장3,2013-12-18,70.39,,,,,,,
JI원종장3,2013-12-19,70.35,,,,,,,
JI원종장3,2013-12-20,70.35,,,,,,,
JI원종장3,2013-12-21,70.33,,,,,,,
JI원종장3,2013-12-22,70.32,,,,,,,
JI원종장3,2013-12-23,70.35,,,,,,,
JI원종장3,2013-12-24,70.33,,,,,,,
JI원종장3,2013-12-25,70.35,,,,,,,
JI원종장3,2013-12-26,70.39,,,,,,,
JI원종장3,2013-12-27,70.36,,,,,,,
JI원종장3,2013-12-28,70.34,,,,,,,
JI원종장3,2013-12-29,70.33,,,,,,,
JI원종장3,2013-12-30,70.35,,,,,,,
JI원종장3,2013-12-31,70.36,,,,,,,
JI원종장3,2014-01-01,70.33,,,,,,,
JI원종장3,2014-01-02,70.31,,,,,,,
JI원종장3,2014-01-03,70.33,,,,,,,
JI원종장3,2014-01-04,70.3,,,,,,,
JI원종장3,2014-01-05,70.27,,,,,,,
JI원종장3,2014-01-06,70.25,,,,,,,
JI원종장3,2014-01-07,70.3,,,,,,,
JI원종장3,2014-01-08,70.34,,,,,,,
JI원종장3,2014-01-09,70.23,,,,,,,
JI원종장3,2014-01-10,70.23,,,,,,,
JI원종장3,2014-01-11,70.25,,,,,,,
JI원종장3,2014-01-12,70.27,,,,,,,
JI원종장3,2014-01-13,70.26,,,,,,,
JI원종장3,2014-01-14,70.26,,,,,,,
JI원종장3,2014-01-15,70.24,,,,,,,
JI원종장3,2014-01-16,70.26,,,,,,,
JI원종장3,2014-01-17,70.26,,,,,,,
JI원종장3,2014-01-18,70.24,,,,,,,
JI원종장3,2014-01-19,70.24,,,,,,,
JI원종장3,2014-01-20,70.29,,,,,,,
JI원종장3,2014-01-21,70.22,,,,,,,
JI원종장3,2014-01-22,70.19,,,,,,,
JI원종장3,2014-01-23,70.22,,,,,,,
JI원종장3,2014-01-24,70.25,,,,,,,
JI원종장3,2014-01-25,70.25,,,,,,,
JI원종장3,2014-01-26,70.16,,,,,,,
JI원종장3,2014-01-27,70.19,,,,,,,
JI원종장3,2014-01-28,70.18,,,,,,,
JI원종장3,2014-01-29,70.2,,,,,,,
JI원종장3,2014-01-30,70.22,,,,,,,
JI원종장3,2014-01-31,70.16,,,,,,,
JI원종장3,2014-02-01,70.21,,,,,,,
JI원종장3,2014-02-02,70.24,,,,,,,
JI원종장3,2014-02-03,70.17,,,,,,,
JI원종장3,2014-02-04,70.11,,,,,,,
JI원종장3,2014-02-05,70.09,,,,,,,
JI원종장3,2014-02-06,70.16,,,,,,,
JI원종장3,2014-02-07,70.19,,,,,,,
JI원종장3,2014-02-08,70.15,,,,,,,
JI원종장3,2014-02-09,70.11,,,,,,,
JI원종장3,2014-02-10,70.11,,,,,,,
JI원종장3,2014-02-11,70.1,,,,,,,
JI원종장3,2014-02-12,70.07,,,,,,,
JI원종장3,2014-02-13,70.08,,,,,,,
JI원종장3,2014-02-14,70.1,,,,,,,
JI원종장3,2014-02-15,70.08,,,,,,,
JI원종장3,2014-02-16,70.07,,,,,,,
JI원종장3,2014-02-17,70.12,,,,,,,
JI원종장3,2014-02-18,70.08,,,,,,,
JI원종장3,2014-02-19,70.06,,,,,,,
JI원종장3,2014-02-20,70.03,,,,,,,
JI원종장3,2014-02-21,70.02,,,,,,,
JI원종장3,2014-02-22,70.04,,,,,,,
JI원종장3,2014-02-23,70.03,,,,,,,
JI원종장3,2014-02-24,70.03,,,,,,,
JI원종장3,2014-02-25,70.03,,,,,,,
JI원종장3,2014-02-26,70.08,,,,,,,
JI원종장3,2014-02-27,70.03,,,,,,,
JI원종장3,2014-02-28,70.02,,,,,,,
JI원종장3,2014-03-01,70.04,,,,,,,
JI원종장3,2014-03-02,69.99,,,,,,,
JI원종장3,2014-03-03,69.93,,,,,,,
JI원종장3,2014-03-04,70.0,,,,,,,
JI원종장3,2014-03-05,69.96,,,,,,,
JI원종장3,2014-03-06,69.92,,,,,,,
JI원종장3,2014-03-07,69.91,,,,,,,
JI원종장3,2014-03-08,69.95,,,,,,,
JI원종장3,2014-03-09,69.96,,,,,,,
JI원종장3,2014-03-10,69.9,,,,,,,
JI원종장3,2014-03-11,69.9,,,,,,,
JI원종장3,2014-03-12,70.0,,,,,,,
JI원종장3,2014-03-13,69.99,,,,,,,
JI원종장3,2014-03-14,69.87,,,,,,,
JI원종장3,2014-03-15,69.86,,,,,,,
JI원종장3,2014-03-16,69.88,,,,,,,
JI원종장3,2014-03-17,69.91,,,,,,,
JI원종장3,2014-03-18,69.92,,,,,,,
JI원종장3,2014-03-19,69.9,,,,,,,
JI원종장3,2014-03-20,69.88,,,,,,,
JI원종장3,2014-03-21,69.82,,,,,,,
JI원종장3,2014-03-22,69.8,,,,,,,
JI원종장3,2014-03-23,69.8,,,,,,,
JI원종장3,2014-03-24,69.86,,,,,,,
JI원종장3,2014-03-25,69.91,,,,,,,
JI원종장3,2014-03-26,69.91,,,,,,,
JI원종장3,2014-03-27,69.82,,,,,,,
JI원종장3,2014-03-28,69.83,,,,,,,
JI원종장3,2014-03-29,69.91,,,,,,,
JI원종장3,2014-03-30,69.83,,,,,,,
JI원종장3,2014-03-31,69.77,,,,,,,
JI원종장3,2014-04-01,69.8,,,,,,,
JI원종장3,2014-04-02,69.79,,,,,,,
JI원종장3,2014-04-03,69.8,,,,,,,
JI원종장3,2014-04-04,69.79,,,,,,,
JI원종장3,2014-04-05,69.77,,,,,,,
JI원종장3,2014-04-06,69.72,,,,,,,
JI원종장3,2014-04-07,69.76,,,,,,,
JI원종장3,2014-04-08,69.77,,,,,,,
JI원종장3,2014-04-09,69.76,,,,,,,
JI원종장3,2014-04-10,69.74,,,,,,,
JI원종장3,2014-04-13,69.76,,,,,,,
JI원종장3,2014-04-15,69.7,,,,,,,
JI원종장3,2014-04-16,69.74,,,,,,,
JI원종장3,2014-04-17,69.77,,,,,,,
JI원종장3,2014-04-18,69.7,,,,,,,
JI원종장3,2014-04-19,69.68,,,,,,,
JI원종장3,2014-04-20,69.7,,,,,,,
JI원종장3,2014-04-21,69.69,,,,,,,
JI원종장3,2014-04-22,69.68,,,,,,,
JI원종장3,2014-04-23,69.65,,,,,,,
JI원종장3,2014-04-24,69.65,,,,,,,
JI원종장3,2014-04-25,69.65,,,,,,,
JI원종장3,2014-04-26,69.66,,,,,,,
JI원종장3,2014-04-27,69.71,,,,,,,
JI원종장3,2014-04-28,69.74,,,,,,,
JI원종장3,2014-04-29,69.7,,,,,,,
JI원종장3,2014-04-30,69.65,,,,,,,
JI원종장3,2014-05-01,69.62,,,,,,,
JI원종장3,2014-05-02,69.63,,,,,,,
JI원종장3,2014-05-03,69.6,,,,,,,
JI원종장3,2014-05-04,69.64,,,,,,,
JI원종장3,2014-05-05,69.61,,,,,,,
JI원종장3,2014-05-06,69.61,,,,,,,
JI원종장3,2014-05-07,69.66,,,,,,,
JI원종장3,2014-05-08,69.65,,,,,,,
JI원종장3,2014-05-09,69.59,,,,,,,
JI원종장3,2014-05-10,69.6,,,,,,,
JI원종장3,2014-05-11,69.66,,,,,,,
JI원종장3,2014-05-12,69.63,,,,,,,
JI원종장3,2014-05-13,69.6,,,,,,,
JI원종장3,2014-05-14,69.68,,,,,,,
JI원종장3,2014-05-15,69.6,,,,,,,
JI원종장3,2014-05-16,69.53,,,,,,,
JI원종장3,2014-05-17,69.53,,,,,,,
JI원종장3,2014-05-18,69.54,,,,,,,
JI원종장3,2014-05-19,69.55,,,,,,,
JI원종장3,2014-05-20,69.61,,,,,,,
JI원종장3,2014-05-21,69.54,,,,,,,
JI원종장3,2014-05-22,69.51,,,,,,,
JI원종장3,2014-05-23,69.47,,,,,,,
JI원종장3,2014-05-24,69.52,,,,,,,
JI원종장3,2014-05-25,69.59,,,,,,,
JI원종장3,2014-05-26,69.58,,,,,,,
JI원종장3,2014-05-27,69.56,,,,,,,
JI원종장3,2014-05-28,69.55,,,,,,,
JI원종장3,2014-05-29,69.49,,,,,,,
JI원종장3,2014-05-30,69.48,,,,,,,
JI원종장3,2014-05-31,69.46,,,,,,,
JI원종장3,2014-06-01,69.51,,,,,,,
JI원종장3,2014-06-02,69.59,,,,,,,
JI원종장3,2014-06-03,69.54,,,,,,,
JI원종장3,2014-06-04,69.52,,,,,,,
JI원종장3,2014-06-05,69.49,,,,,,,
JI원종장3,2014-06-06,69.48,,,,,,,
JI원종장3,2014-06-07,69.48,,,,,,,
JI원종장3,2014-06-08,69.47,,,,,,,
JI원종장3,2014-06-09,69.46,,,,,,,
JI원종장3,2014-06-10,69.48,,,,,,,
JI원종장3,2014-06-11,69.49,,,,,,,
JI원종장3,2014-06-12,69.49,,,,,,,
JI원종장3,2014-06-13,69.45,,,,,,,
JI원종장3,2014-06-14,69.44,,,,,,,
JI원종장3,2014-06-15,69.46,,,,,,,
JI원종장3,2014-06-16,69.47,,,,,,,
JI원종장3,2014-06-17,69.5,,,,,,,
JI원종장3,2014-06-18,69.47,,,,,,,
JI원종장3,2014-06-19,69.44,,,,,,,
JI원종장3,2014-06-20,69.45,,,,,,,
JI원종장3,2014-06-21,69.47,,,,,,,
JI원종장3,2014-06-22,69.43,,,,,,,
JI원종장3,2014-06-23,69.44,,,,,,,
JI원종장3,2014-06-24,69.44,,,,,,,
JI원종장3,2014-06-25,69.43,,,,,,,
JI원종장3,2014-07-06,69.45,,,,,,,
JI원종장3,2014-08-22,69.46,,,,,,,
JI원종장3,2014-08-23,69.49,,,,,,,
JI원종장3,2014-08-24,69.5,,,,,,,
JI원종장3,2014-08-25,69.52,,,,,,,
JI원종장3,2014-08-26,69.47,,,,,,,
JI원종장3,2014-08-27,69.48,,,,,,,
JI원종장3,2014-08-28,69.49,,,,,,,
JI원종장3,2014-08-29,69.52,,,,,,,
JI원종장3,2014-08-30,69.53,,,,,,,
JI원종장3,2014-08-31,69.54,,,,,,,
JI원종장3,2014-09-01,69.54,,,,,,,
JI원종장3,2014-09-02,69.57,,,,,,,
JI원종장3,2014-09-03,69.59,,,,,,,
JI원종장3,2014-09-04,69.55,,,,,,,
JI원종장3,2014-09-05,69.53,,,,,,,
JI원종장3,2014-09-06,69.56,,,,,,,
JI원종장3,2014-09-07,69.6,,,,,,,
JI원종장3,2014-09-08,69.61,,,,,,,
JI원종장3,2014-09-09,69.59,,,,,,,
JI원종장3,2014-09-10,69.59,,,,,,,
JI원종장3,2014-09-11,69.59,,,,,,,
JI원종장3,2014-09-12,69.6,,,,,,,
JI원종장3,2014-09-13,69.63,,,,,,,
JI원종장3,2014-09-14,69.61,,,,,,,
JI원종장3,2014-09-15,69.68,,,,,,,
JI원종장3,2014-09-16,69.7,,,,,,,
JI원종장3,2014-09-17,69.71,,,,,,,
JI원종장3,2014-09-18,69.73,,,,,,,
JI원종장3,2014-09-19,69.76,,,,,,,
JI원종장3,2014-09-20,69.75,,,,,,,
JI원종장3,2014-09-21,69.72,,,,,,,
JI원종장3,2014-09-22,69.74,,,,,,,
JI원종장3,2014-09-23,69.78,,,,,,,
JI원종장3,2014-09-24,69.83,,,,,,,
JI원종장3,2014-09-25,69.75,,,,,,,
JI원종장3,2014-09-26,69.75,,,,,,,
JI원종장3,2014-09-27,69.77,,,,,,,
JI원종장3,2014-09-28,69.79,,,,,,,
JI원종장3,2014-09-29,69.83,,,,,,,
JI원종장3,2014-09-30,69.79,,,,,,,
JI원종장3,2014-10-01,69.79,,,,,,,
JI원종장3,2014-10-02,69.85,,,,,,,
JI원종장3,2014-10-03,69.83,,,,,,,
JI원종장3,2014-10-04,69.81,,,,,,,
JI원종장3,2014-10-05,69.83,,,,,,,
JI원종장3,2014-10-06,69.82,,,,,,,
JI원종장3,2014-10-07,69.8,,,,,,,
JI원종장3,2014-10-08,69.83,,,,,,,
JI원종장3,2014-10-09,69.86,,,,,,,
JI원종장3,2014-10-10,69.87,,,,,,,
JI원종장3,2014-10-11,69.88,,,,,,,
JI원종장3,2014-10-12,69.94,,,,,,,
JI원종장3,2014-10-13,69.95,,,,,,,
JI원종장3,2014-10-14,69.85,,,,,,,
JI원종장3,2014-10-15,69.85,,,,,,,
JI원종장3,2014-10-16,69.86,,,,,,,
JI원종장3,2014-10-17,69.88,,,,,,,
JI원종장3,2014-10-18,69.9,,,,,,,
JI원종장3,2014-10-19,69.92,,,,,,,
JI원종장3,2014-10-20,69.95,,,,,,,
JI원종장3,2014-10-21,69.99,,,,,,,
JI원종장3,2014-10-22,69.94,,,,,,,
JI원종장3,2014-10-23,69.91,,,,,,,
JI원종장3,2014-10-24,69.93,,,,,,,
JI원종장3,2014-10-25,69.95,,,,,,,
JI원종장3,2014-10-26,69.98,,,,,,,
JI원종장3,2014-10-27,69.96,,,,,,,
JI원종장3,2014-10-28,69.94,,,,,,,
JI원종장3,2014-10-29,69.96,,,,,,,
JI원종장3,2014-10-30,70.01,,,,,,,
JI원종장3,2014-10-31,70.06,,,,,,,
JI원종장3,2014-11-01,70.06,,,,,,,
JI원종장3,2014-11-02,70.03,,,,,,,
JI원종장3,2014-11-03,69.98,,,,,,,
JI원종장3,2014-11-04,70.0,,,,,,,
JI원종장3,2014-11-05,70.02,,,,,,,
JI원종장3,2014-11-06,70.03,,,,,,,
JI원종장3,2014-11-07,70.01,,,,,,,
JI원종장3,2014-11-08,70.04,,,,,,,
JI원종장3,2014-11-09,70.07,,,,,,,
JI원종장3,2014-11-10,70.08,,,,,,,
JI원종장3,2014-11-11,70.11,,,,,,,
JI원종장3,2014-11-12,70.11,,,,,,,
JI원종장3,2014-11-13,70.05,,,,,,,
JI원종장3,2014-11-14,70.07,,,,,,,
JI원종장3,2014-11-15,70.06,,,,,,,
JI원종장3,2014-11-16,70.12,,,,,,,
JI원종장3,2014-11-17,70.12,,,,,,,
JI원종장3,2014-11-18,70.1,,,,,,,
JI원종장3,2014-11-19,70.13,,,,,,,
JI원종장3,2014-11-20,70.16,,,,,,,
JI원종장3,2014-11-21,70.16,,,,,,,
JI원종장3,2014-11-22,70.16,,,,,,,
JI원종장3,2014-11-23,70.17,,,,,,,
JI원종장3,2014-11-24,70.23,,,,,,,
JI원종장3,2014-11-25,70.23,,,,,,,
JI원종장3,2014-11-26,70.16,,,,,,,
JI원종장3,2014-11-27,70.13,,,,,,,
JI원종장3,2014-11-28,70.22,,,,,,,
JI원종장3,2014-11-29,70.18,,,,,,,
JI원종장3,2014-11-30,70.27,,,,,,,
JI원종장3,2014-12-01,70.18,,,,,,,
JI원종장3,2014-12-02,70.16,,,,,,,
JI원종장3,2014-12-03,70.17,,,,,,,
JI원종장3,2014-12-04,70.16,,,,,,,
JI원종장3,2014-12-05,70.17,,,,,,,
JI원종장3,2014-12-06,70.15,,,,,,,
JI원종장3,2014-12-07,70.15,,,,,,,
JI원종장3,2014-12-08,70.15,,,,,,,
JI원종장3,2014-12-09,70.11,,,,,,,
JI원종장3,2014-12-10,70.22,,,,,,,
JI원종장3,2014-12-11,70.22,,,,,,,
JI원종장3,2014-12-12,70.2,,,,,,,
JI원종장3,2014-12-13,70.19,,,,,,,
JI원종장3,2014-12-14,70.18,,,,,,,
JI원종장3,2014-12-15,70.23,,,,,,,
JI원종장3,2014-12-16,70.3,,,,,,,
JI원종장3,2014-12-17,70.21,,,,,,,
JI원종장3,2014-12-18,70.16,,,,,,,
JI원종장3,2014-12-19,70.23,,,,,,,
JI원종장3,2014-12-20,70.28,,,,,,,
JI원종장3,2014-12-21,70.25,,,,,,,
JI원종장3,2014-12-22,70.23,,,,,,,
JI원종장3,2014-12-23,70.24,,,,,,,
JI원종장3,2014-12-24,70.27,,,,,,,
JI원종장3,2014-12-25,70.23,,,,,,,
JI원종장3,2014-12-26,70.24,,,,,,,
JI원종장3,2014-12-27,70.26,,,,,,,
JI원종장3,2014-12-28,70.32,,,,,,,
JI원종장3,2014-12-29,70.35,,,,,,,
JI원종장3,2014-12-30,70.3,,,,,,,
JI원종장3,2014-12-31,70.3,,,,,,,
JI원종장3,2015-01-01,70.25,,,,,,,
JI원종장3,2015-01-02,70.27,,,,,,,
JI원종장3,2015-01-03,70.31,,,,,,,
JI원종장3,2015-01-04,70.35,,,,,,,
JI원종장3,2015-01-05,70.36,,,,,,,
JI원종장3,2015-01-06,70.39,,,,,,,
JI원종장3,2015-01-23,70.37,,,,,,,
JI원종장3,2015-01-24,70.36,,,,,,,
JI원종장3,2015-01-25,70.41,,,,,,,
JI원종장3,2015-01-26,70.44,,,,,,,
JI원종장3,2015-01-27,70.39,,,,,,,
JI원종장3,2015-01-28,70.38,,,,,,,
JI원종장3,2015-01-29,70.42,,,,,,,
JI원종장3,2015-01-30,70.41,,,,,,,
JI원종장3,2015-01-31,70.38,,,,,,,
JI원종장3,2015-02-01,70.38,,,,,,,
JI원종장3,2015-02-02,70.41,,,,,,,
JI원종장3,2015-02-03,70.43,,,,,,,
JI원종장3,2015-02-04,70.46,,,,,,,
JI원종장3,2015-02-05,70.44,,,,,,,
JI원종장3,2015-02-06,70.42,,,,,,,
JI원종장3,2015-02-07,70.46,,,,,,,
JI원종장3,2015-02-08,70.41,,,,,,,
JI원종장3,2015-02-09,70.41,,,,,,,
JI원종장3,2015-02-10,70.48,,,,,,,
JI원종장3,2015-02-11,70.5,,,,,,,
JI원종장3,2015-02-12,70.48,,,,,,,
JI원종장3,2015-02-13,70.42,,,,,,,
JI원종장3,2015-02-14,70.41,,,,,,,
JI원종장3,2015-02-15,70.48,,,,,,,
JI원종장3,2015-02-16,70.51,,,,,,,
JI원종장3,2015-02-17,70.44,,,,,,,
JI원종장3,2015-02-18,70.42,,,,,,,
JI원종장3,2015-02-19,70.41,,,,,,,
JI원종장3,2015-02-20,70.44,,,,,,,
JI원종장3,2015-02-21,70.52,,,,,,,
JI원종장3,2015-02-22,70.47,,,,,,,
JI원종장3,2015-02-23,70.44,,,,,,,
JI원종장3,2015-02-24,70.46,,,,,,,
JI원종장3,2015-02-25,70.46,,,,,,,
JI원종장3,2015-02-26,70.44,,,,,,,
JI원종장3,2015-02-27,70.39,,,,,,,
JI원종장3,2015-02-28,70.46,,,,,,,
JI원종장3,2015-03-01,70.46,,,,,,,
JI원종장3,2015-03-02,70.46,,,,,,,
JI원종장3,2015-03-03,70.51,,,,,,,
JI원종장3,2015-03-04,70.4,,,,,,,
JI원종장3,2015-03-05,70.41,,,,,,,
JI원종장3,2015-03-06,70.44,,,,,,,
JI원종장3,2015-03-07,70.44,,,,,,,
JI원종장3,2015-03-08,70.46,,,,,,,
JI원종장3,2015-03-09,70.45,,,,,,,
JI원종장3,2015-03-10,70.4,,,,,,,
JI원종장3,2015-03-11,70.44,,,,,,,
JI원종장3,2015-03-12,70.46,,,,,,,
JI원종장3,2015-03-13,70.47,,,,,,,
JI원종장3,2015-03-14,70.43,,,,,,,
JI원종장3,2015-03-15,70.45,,,,,,,
JI원종장3,2015-03-16,70.46,,,,,,,
JI원종장3,2015-03-17,70.48,,,,,,,
JI원종장3,2015-03-18,70.55,,,,,,,
JI원종장3,2015-03-19,70.46,,,,,,,
JI원종장3,2015-03-20,70.41,,,,,,,
JI원종장3,2015-03-21,70.43,,,,,,,
JI원종장3,2015-03-22,70.4,,,,,,,
JI원종장3,2015-03-23,70.38,,,,,,,
JI원종장3,2015-03-24,70.37,,,,,,,
JI원종장3,2015-03-25,70.36,,,,,,,
JI원종장3,2015-03-26,70.39,,,,,,,
JI원종장3,2015-03-27,70.46,,,,,,,
JI원종장3,2015-03-28,70.5,,,,,,,
JI원종장3,2015-03-29,70.48,,,,,,,
JI원종장3,2015-03-30,70.45,,,,,,,
JI원종장3,2015-03-31,70.48,,,,,,,
JI원종장3,2015-04-01,70.46,,,,,,,
JI원종장3,2015-04-02,70.51,,,,,,,
JI원종장3,2015-04-03,70.48,,,,,,,
JI원종장3,2015-04-04,70.43,,,,,,,
JI원종장3,2015-04-05,70.42,,,,,,,
JI원종장3,2015-04-06,70.41,,,,,,,
JI원종장3,2015-04-07,70.37,,,,,,,
JI원종장3,2015-04-08,70.38,,,,,,,
JI원종장3,2015-04-09,70.41,,,,,,,
JI원종장3,2015-04-10,70.42,,,,,,,
JI원종장3,2015-04-11,70.4,,,,,,,
JI원종장3,2015-04-12,70.44,,,,,,,
JI원종장3,2015-04-13,70.48,,,,,,,
JI원종장3,2015-04-14,70.51,,,,,,,
JI원종장3,2015-04-15,70.44,,,,,,,
JI원종장3,2015-04-16,70.43,,,,,,,
JI원종장3,2015-04-17,70.38,,,,,,,
JI원종장3,2015-04-18,70.44,,,,,,,
JI원종장3,2015-04-19,70.51,,,,,,,
JI원종장3,2015-04-20,70.48,,,,,,,
JI원종장3,2015-04-21,70.36,,,,,,,
JI원종장3,2015-04-22,70.35,,,,,,,
JI원종장3,2015-04-23,70.36,,,,,,,
JI원종장3,2015-04-24,70.4,,,,,,,
JI원종장3,2015-04-25,70.4,,,,,,,
JI원종장3,2015-04-26,70.39,,,,,,,
JI원종장3,2015-04-27,70.44,,,,,,,
JI원종장3,2015-04-28,70.48,,,,,,,
JI원종장3,2015-04-29,70.46,,,,,,,
JI원종장3,2015-04-30,70.42,,,,,,,
JI원종장3,2015-05-01,70.4,,,,,,,
JI원종장3,2015-05-02,70.45,,,,,,,
JI원종장3,2015-05-03,70.48,,,,,,,
JI원종장3,2015-05-04,70.4,,,,,,,
JI원종장3,2015-05-05,70.41,,,,,,,
JI원종장3,2015-05-06,70.43,,,,,,,
JI원종장3,2015-05-07,70.42,,,,,,,
JI원종장3,2015-05-08,70.43,,,,,,,
JI원종장3,2015-05-09,70.44,,,,,,,
JI원종장3,2015-05-10,70.4,,,,,,,
JI원종장3,2015-05-11,70.47,,,,,,,
JI원종장3,2015-05-12,70.5,,,,,,,
JI원종장3,2015-05-13,70.45,,,,,,,
JI원종장3,2015-05-14,70.46,,,,,,,
JI원종장3,2015-05-15,70.48,,,,,,,
JI원종장3,2015-05-16,70.47,,,,,,,
JI원종장3,2015-05-17,70.47,,,,,,,
JI원종장3,2015-05-18,70.53,,,,,,,
JI원종장3,2015-05-19,70.49,,,,,,,
JI원종장3,2015-05-20,70.46,,,,,,,
JI원종장3,2015-05-21,70.43,,,,,,,
JI원종장3,2015-05-22,70.46,,,,,,,
JI원종장3,2015-05-23,70.51,,,,,,,
JI원종장3,2015-05-24,70.52,,,,,,,
JI원종장3,2015-05-25,70.5,,,,,,,
JI원종장3,2015-05-26,70.49,,,,,,,
JI원종장3,2015-05-27,70.51,,,,,,,
JI원종장3,2015-05-28,70.53,,,,,,,
JI원종장3,2015-05-29,70.52,,,,,,,
JI원종장3,2015-05-30,70.55,,,,,,,
JI원종장3,2015-05-31,70.5,,,,,,,
JI원종장3,2015-06-01,70.49,,,,,,,
JI원종장3,2015-06-02,70.53,,,,,,,
JI원종장3,2015-06-03,70.53,,,,,,,
JI원종장3,2015-06-04,70.51,,,,,,,
JI원종장3,2015-06-05,70.56,,,,,,,
JI원종장3,2015-06-06,70.49,,,,,,,
JI원종장3,2015-06-07,70.51,,,,,,,
JI원종장3,2015-06-08,70.58,,,,,,,
JI원종장3,2015-06-09,70.55,,,,,,,
JI원종장3,2015-06-10,70.53,,,,,,,
JI원종장3,2015-06-11,70.58,,,,,,,
JI원종장3,2015-06-12,70.54,,,,,,,
JI원종장3,2015-06-13,70.54,,,,,,,
JI원종장3,2015-06-14,70.54,,,,,,,
JI원종장3,2015-06-15,70.55,,,,,,,
JI원종장3,2015-06-16,70.61,,,,,,,
JI원종장3,2015-06-17,70.7,,,,,,,
JI원종장3,2015-06-18,70.68,,,,,,,
JI원종장3,2015-06-19,70.63,,,,,,,
JI원종장3,2015-06-20,70.63,,,,,,,
JI원종장3,2015-06-21,70.65,,,,,,,
JI원종장3,2015-06-22,70.67,,,,,,,
JI원종장3,2015-06-23,70.67,,,,,,,
JI원종장3,2015-06-24,70.69,,,,,,,
JI원종장3,2015-06-25,70.74,,,,,,,
JI원종장3,2015-06-26,70.73,,,,,,,
JI원종장3,2015-06-27,70.65,,,,,,,
JI원종장3,2015-06-28,70.65,,,,,,,
JI원종장3,2015-06-29,70.69,,,,,,,
JI원종장3,2015-06-30,70.77,,,,,,,
JI원종장3,2015-07-01,70.73,,,,,,,
JI원종장3,2015-07-02,70.68,,,,,,,
JI원종장3,2015-07-03,70.66,,,,,,,
JI원종장3,2015-07-04,70.66,,,,,,,
JI원종장3,2015-07-05,70.67,,,,,,,
JI원종장3,2015-07-06,70.69,,,,,,,
JI원종장3,2015-07-07,70.73,,,,,,,
JI원종장3,2015-07-08,70.71,,,,,,,
JI원종장3,2015-07-09,70.68,,,,,,,
JI원종장3,2015-07-10,70.69,,,,,,,
JI원종장3,2015-07-11,70.76,,,,,,,
JI원종장3,2015-07-12,70.85,,,,,,,
JI원종장3,2015-07-13,70.72,,,,,,,
JI원종장3,2015-07-14,70.7,,,,,,,
JI원종장3,2015-07-15,70.72,,,,,,,
JI원종장3,2015-07-16,70.75,,,,,,,
JI원종장3,2015-07-17,70.73,,,,,,,
JI원종장3,2015-07-18,70.71,,,,,,,
JI원종장3,2015-07-19,70.73,,,,,,,
JI원종장3,2015-07-20,70.75,,,,,,,
JI원종장3,2015-07-21,70.76,,,,,,,
JI원종장3,2015-07-22,70.76,,,,,,,
JI원종장3,2015-07-23,70.75,,,,,,,
JI원종장3,2015-07-24,70.78,,,,,,,
JI원종장3,2015-07-25,70.77,,,,,,,
JI원종장3,2015-07-26,70.78,,,,,,,
JI원종장3,2015-07-27,70.77,,,,,,,
JI원종장3,2015-07-28,70.78,,,,,,,
JI원종장3,2015-07-29,70.8,,,,,,,
JI원종장3,2015-07-30,70.79,,,,,,,
JI원종장3,2015-07-31,70.8,,,,,,,
JI원종장3,2015-08-01,70.8,,,,,,,
JI원종장3,2015-08-02,70.8,,,,,,,
JI원종장3,2015-08-03,70.82,,,,,,,
JI원종장3,2015-08-04,70.85,,,,,,,
JI원종장3,2015-08-05,70.83,,,,,,,
JI원종장3,2015-08-06,70.81,,,,,,,
JI원종장3,2015-08-07,70.8,,,,,,,
JI원종장3,2015-08-08,70.82,,,,,,,
JI원종장3,2015-08-09,70.85,,,,,,,
JI원종장3,2015-08-10,70.86,,,,,,,
JI원종장3,2015-08-11,70.89,,,,,,,
JI원종장3,2015-08-12,70.9,,,,,,,
JI원종장3,2015-08-13,70.85,,,,,,,
JI원종장3,2015-08-14,70.86,,,,,,,
JI원종장3,2015-08-15,70.86,,,,,,,
JI원종장3,2015-08-16,70.9,,,,,,,
JI원종장3,2015-08-17,70.88,,,,,,,
JI원종장3,2015-08-18,70.85,,,,,,,
JI원종장3,2015-08-19,70.86,,,,,,,
JI원종장3,2015-08-20,70.91,,,,,,,
JI원종장3,2015-08-21,70.95,,,,,,,
JI원종장3,2015-08-22,70.93,,,,,,,
JI원종장3,2015-08-23,70.92,,,,,,,
JI원종장3,2015-08-24,70.96,,,,,,,
JI원종장3,2015-08-25,70.98,,,,,,,
JI원종장3,2015-08-26,70.89,,,,,,,
JI원종장3,2015-08-27,70.89,,,,,,,
JI원종장3,2015-08-28,70.92,,,,,,,
JI원종장3,2015-08-29,70.94,,,,,,,
JI원종장3,2015-08-30,70.94,,,,,,,
JI원종장3,2015-08-31,70.95,,,,,,,
JI원종장3,2015-09-01,70.95,,,,,,,
JI원종장3,2015-09-02,70.93,,,,,,,
JI원종장3,2015-09-03,70.95,,,,,,,
JI원종장3,2015-09-04,70.94,,,,,,,
JI원종장3,2015-09-05,71.01,,,,,,,
JI원종장3,2015-09-06,71.03,,,,,,,
JI원종장3,2015-09-07,70.95,,,,,,,
JI원종장3,2015-09-08,70.93,,,,,,,
JI원종장3,2015-09-09,70.95,,,,,,,
JI원종장3,2015-09-10,70.97,,,,,,,
JI원종장3,2015-09-11,71.0,,,,,,,
JI원종장3,2015-09-12,71.0,,,,,,,
JI원종장3,2015-09-13,70.95,,,,,,,
JI원종장3,2015-09-14,70.95,,,,,,,
JI원종장3,2015-09-15,71.0,,,,,,,
JI원종장3,2015-09-16,71.03,,,,,,,
JI원종장3,2015-09-17,71.02,,,,,,,
JI원종장3,2015-09-18,71.01,,,,,,,
JI원종장3,2015-09-19,71.04,,,,,,,
JI원종장3,2015-09-20,71.05,,,,,,,
JI원종장3,2015-09-21,71.03,,,,,,,
JI원종장3,2015-09-22,71.03,,,,,,,
JI원종장3,2015-09-23,71.09,,,,,,,
JI원종장3,2015-09-24,71.1,,,,,,,
JI원종장3,2015-09-25,71.06,,,,,,,
JI원종장3,2015-09-26,71.03,,,,,,,
JI원종장3,2015-09-27,71.04,,,,,,,
JI원종장3,2015-09-28,71.03,,,,,,,
JI원종장3,2015-09-29,71.01,,,,,,,
JI원종장3,2015-09-30,71.06,,,,,,,
JI원종장3,2015-10-01,71.17,,,,,,,
JI원종장3,2015-10-02,71.05,,,,,,,
JI원종장3,2015-10-03,71.03,,,,,,,
JI원종장3,2015-10-04,71.03,,,,,,,
JI원종장3,2015-10-05,71.07,,,,,,,
JI원종장3,2015-10-06,71.11,,,,,,,
JI원종장3,2015-10-07,71.13,,,,,,,
JI원종장3,2015-10-08,71.15,,,,,,,
JI원종장3,2015-10-09,71.13,,,,,,,
JI원종장3,2015-10-10,71.13,,,,,,,
JI원종장3,2015-10-11,71.09,,,,,,,
JI원종장3,2015-10-12,71.08,,,,,,,
JI원종장3,2015-10-13,71.08,,,,,,,
JI원종장3,2015-10-14,71.11,,,,,,,
JI원종장3,2015-10-15,71.12,,,,,,,
JI원종장3,2015-10-16,71.13,,,,,,,
JI원종장3,2015-10-17,71.13,,,,,,,
JI원종장3,2015-10-18,71.13,,,,,,,
JI원종장3,2015-10-19,71.16,,,,,,,
JI원종장3,2015-10-20,71.16,,,,,,,
JI원종장3,2015-10-21,71.13,,,,,,,
JI원종장3,2015-10-22,71.13,,,,,,,
JI원종장3,2015-10-23,71.14,,,,,,,
JI원종장3,2015-10-24,71.15,,,,,,,
JI원종장3,2015-10-25,71.14,,,,,,,
JI원종장3,2015-10-26,71.17,,,,,,,
JI원종장3,2015-10-27,71.22,,,,,,,
JI원종장3,2015-10-28,71.14,,,,,,,
JI원종장3,2015-10-29,71.14,,,,,,,
JI원종장3,2015-10-30,71.14,,,,,,,
JI원종장3,2015-10-31,71.13,,,,,,,
JI원종장3,2015-11-01,71.18,,,,,,,
JI원종장3,2015-11-02,71.2,,,,,,,
JI원종장3,2015-11-03,71.14,,,,,,,
JI원종장3,2015-11-04,71.18,,,,,,,
JI원종장3,2015-11-05,71.21,,,,,,,
JI원종장3,2015-11-06,71.21,,,,,,,
JI원종장3,2015-11-07,71.24,,,,,,,
JI원종장3,2015-11-08,71.23,,,,,,,
JI원종장3,2015-11-09,71.21,,,,,,,
JI원종장3,2015-11-10,71.18,,,,,,,
JI원종장3,2015-11-11,71.18,,,,,,,
JI원종장3,2015-11-12,71.2,,,,,,,
JI원종장3,2015-11-13,71.28,,,,,,,
JI원종장3,2015-11-14,71.26,,,,,,,
JI원종장3,2015-11-15,71.2,,,,,,,
JI원종장3,2015-11-16,71.25,,,,,,,
JI원종장3,2015-11-17,71.23,,,,,,,
JI원종장3,2015-11-18,71.25,,,,,,,
JI원종장3,2015-11-19,71.2,,,,,,,
JI원종장3,2015-11-20,71.2,,,,,,,
JI원종장3,2015-11-21,71.19,,,,,,,
JI원종장3,2015-11-22,71.21,,,,,,,
JI원종장3,2015-11-23,71.24,,,,,,,
JI원종장3,2015-11-24,71.24,,,,,,,
JI원종장3,2015-11-25,71.27,,,,,,,
JI원종장3,2015-11-26,71.26,,,,,,,
JI원종장3,2015-11-27,71.19,,,,,,,
JI원종장3,2015-11-28,71.17,,,,,,,
JI원종장3,2015-11-29,71.22,,,,,,,
JI원종장3,2015-11-30,71.24,,,,,,,
JI원종장3,2015-12-01,71.24,,,,,,,
JI원종장3,2015-12-02,71.29,,,,,,,
JI원종장3,2015-12-03,71.25,,,,,,,
JI원종장3,2015-12-04,71.21,,,,,,,
JI원종장3,2015-12-05,71.2,,,,,,,
JI원종장3,2015-12-06,71.21,,,,,,,
JI원종장3,2015-12-07,71.2,,,,,,,
JI원종장3,2015-12-08,71.19,,,,,,,
JI원종장3,2015-12-09,71.23,,,,,,,
JI원종장3,2015-12-10,71.34,,,,,,,
JI원종장3,2015-12-11,71.29,,,,,,,
JI원종장3,2015-12-12,71.22,,,,,,,
JI원종장3,2015-12-13,71.23,,,,,,,
JI원종장3,2015-12-14,71.26,,,,,,,
JI원종장3,2015-12-15,71.24,,,,,,,
JI원종장3,2015-12-16,71.23,,,,,,,
JI원종장3,2015-12-17,71.18,,,,,,,
JI원종장3,2015-12-18,71.17,,,,,,,
JI원종장3,2015-12-19,71.18,,,,,,,
JI원종장3,2015-12-20,71.25,,,,,,,
JI원종장3,2015-12-21,71.25,,,,,,,
JI원종장3,2015-12-22,71.24,,,,,,,
JI원종장3,2015-12-23,71.28,,,,,,,
JI원종장3,2015-12-24,71.26,,,,,,,
JI원종장3,2015-12-25,71.23,,,,,,,
JI원종장3,2015-12-26,71.23,,,,,,,
JI원종장3,2015-12-27,71.18,,,,,,,
JI원종장3,2015-12-28,71.17,,,,,,,
JI원종장3,2015-12-29,71.2,,,,,,,
JI원종장3,2015-12-30,71.23,,,,,,,
JI원종장3,2015-12-31,71.2,,,,,,,
JI원종장3,2016-01-01,71.2,,,,,,,
JI원종장3,2016-01-02,71.27,,,,,,,
JI원종장3,2016-01-03,71.28,,,,,,,
JI원종장3,2016-01-04,71.23,,,,,,,
JI원종장3,2016-01-05,71.22,,,,,,,
JI원종장3,2016-01-06,71.22,,,,,,,
JI원종장3,2016-01-07,71.21,,,,,,,
JI원종장3,2016-01-08,71.23,,,,,,,
JI원종장3,2016-01-09,71.2,,,,,,,
JI원종장3,2016-01-10,71.21,,,,,,,
JI원종장3,2016-01-11,71.22,,,,,,,
JI원종장3,2016-01-12,71.22,,,,,,,
JI원종장3,2016-01-13,71.22,,,,,,,
JI원종장3,2016-01-14,71.21,,,,,,,
JI원종장3,2016-01-15,71.22,,,,,,,
JI원종장3,2016-01-16,71.21,,,,,,,
JI원종장3,2016-01-17,71.27,,,,,,,
JI원종장3,2016-01-18,71.22,,,,,,,
JI원종장3,2016-01-19,71.14,,,,,,,
JI원종장3,2016-01-20,71.13,,,,,,,
JI원종장3,2016-01-21,71.18,,,,,,,
JI원종장3,2016-01-22,71.16,,,,,,,
JI원종장3,2016-01-23,71.17,,,,,,,
JI원종장3,2016-01-24,71.19,,,,,,,
JI원종장3,2016-01-25,71.16,,,,,,,
JI원종장3,2016-01-26,71.15,,,,,,,
JI원종장3,2016-01-27,71.13,,,,,,,
JI원종장3,2016-01-28,71.19,,,,,,,
JI원종장3,2016-01-29,71.21,,,,,,,
JI원종장3,2016-01-30,71.13,,,,,,,
JI원종장3,2016-01-31,71.1,,,,,,,
JI원종장3,2016-02-01,71.12,,,,,,,
JI원종장3,2016-02-02,71.14,,,,,,,
JI원종장3,2016-02-03,71.12,,,,,,,
JI원종장3,2016-02-04,71.14,,,,,,,
JI원종장3,2016-02-05,71.14,,,,,,,
JI원종장3,2016-02-06,71.14,,,,,,,
JI원종장3,2016-02-07,71.14,,,,,,,
JI원종장3,2016-02-08,71.15,,,,,,,
JI원종장3,2016-02-09,71.12,,,,,,,
JI원종장3,2016-02-10,71.11,,,,,,,
JI원종장3,2016-02-11,71.13,,,,,,,
JI원종장3,2016-02-12,71.17,,,,,,,
JI원종장3,2016-02-13,71.21,,,,,,,
JI원종장3,2016-02-14,71.11,,,,,,,
JI원종장3,2016-02-15,71.08,,,,,,,
JI원종장3,2016-02-16,71.09,,,,,,,
JI원종장3,2016-02-17,71.07,,,,,,,
JI원종장3,2016-02-18,71.09,,,,,,,
JI원종장3,2016-02-19,71.08,,,,,,,
JI원종장3,2016-02-20,71.12,,,,,,,
JI원종장3,2016-02-21,71.04,,,,,,,
JI원종장3,2016-02-22,71.07,,,,,,,
JI원종장3,2016-02-23,71.09,,,,,,,
JI원종장3,2016-02-24,71.04,,,,,,,
JI원종장3,2016-02-25,71.04,,,,,,,
JI원종장3,2016-02-26,71.09,,,,,,,
JI원종장3,2016-02-27,71.12,,,,,,,
JI원종장3,2016-02-28,71.12,,,,,,,
JI원종장3,2016-02-29,71.07,,,,,,,
JI원종장3,2016-03-01,71.05,,,,,,,
JI원종장3,2016-03-02,71.09,,,,,,,
JI원종장3,2016-03-03,71.1,,,,,,,
JI원종장3,2016-03-04,71.08,,,,,,,
JI원종장3,2016-03-05,71.11,,,,,,,
JI원종장3,2016-03-06,71.11,,,,,,,
JI원종장3,2016-03-07,71.1,,,,,,,
JI원종장3,2016-03-08,71.09,,,,,,,
JI원종장3,2016-03-09,71.06,,,,,,,
JI원종장3,2016-03-10,71.03,,,,,,,
JI원종장3,2016-03-11,71.05,,,,,,,
JI원종장3,2016-03-12,71.07,,,,,,,
JI원종장3,2016-03-13,71.09,,,,,,,
JI원종장3,2016-03-14,71.08,,,,,,,
JI원종장3,2016-03-15,71.06,,,,,,,
JI원종장3,2016-03-16,71.08,,,,,,,
JI원종장3,2016-03-17,71.09,,,,,,,
JI원종장3,2016-03-18,71.08,,,,,,,
JI원종장3,2016-03-19,70.92,,,,,,,
JI원종장3,2016-03-20,70.88,,,,,,,
JI원종장3,2016-03-21,70.88,,,,,,,
JI원종장3,2016-03-22,70.91,,,,,,,
JI원종장3,2016-03-23,70.92,,,,,,,
JI원종장3,2016-03-24,70.88,,,,,,,
JI원종장3,2016-03-25,70.88,,,,,,,
JI원종장3,2016-03-26,70.91,,,,,,,
JI원종장3,2016-03-27,70.92,,,,,,,
JI원종장3,2016-03-28,70.9,,,,,,,
JI원종장3,2016-03-29,70.91,,,,,,,
JI원종장3,2016-03-30,70.93,,,,,,,
JI원종장3,2016-03-31,70.95,,,,,,,
JI원종장3,2016-04-01,70.92,,,,,,,
JI원종장3,2016-04-02,70.89,,,,,,,
JI원종장3,2016-04-03,70.93,,,,,,,
JI원종장3,2016-04-04,70.94,,,,,,,
JI원종장3,2016-04-05,70.89,,,,,,,
JI원종장3,2016-04-06,70.93,,,,,,,
JI원종장3,2016-04-07,70.96,,,,,,,
JI원종장3,2016-04-08,70.87,,,,,,,
JI원종장3,2016-04-09,70.89,,,,,,,
JI원종장3,2016-04-10,70.91,,,,,,,
JI원종장3,2016-04-11,70.86,,,,,,,
JI원종장3,2016-04-12,70.89,,,,,,,
JI원종장3,2016-04-13,70.96,,,,,,,
JI원종장3,2016-04-19,70.81,,,,,,,
JI원종장3,2016-04-20,70.89,,,,,,,
JI원종장3,2016-04-21,70.98,,,,,,,
JI원종장3,2016-04-22,70.9,,,,,,,
JI원종장3,2016-04-23,70.88,,,,,,,
JI원종장3,2016-04-24,70.87,,,,,,,
JI원종장3,2016-04-25,70.84,,,,,,,
JI원종장3,2016-04-26,70.89,,,,,,,
JI원종장3,2016-04-27,70.97,,,,,,,
JI원종장3,2016-04-28,70.88,,,,,,,
JI원종장3,2016-04-29,70.81,,,,,,,
JI원종장3,2016-04-30,70.75,,,,,,,
JI원종장3,2016-05-01,70.73,,,,,,,
JI원종장3,2016-05-02,70.76,,,,,,,
JI원종장3,2016-05-03,70.8,,,,,,,
JI원종장3,2016-05-04,70.76,,,,,,,
JI원종장3,2016-05-05,70.78,,,,,,,
JI원종장3,2016-05-06,70.8,,,,,,,
JI원종장3,2016-05-07,70.79,,,,,,,
JI원종장3,2016-05-08,70.76,,,,,,,
JI원종장3,2016-05-09,70.74,,,,,,,
JI원종장3,2016-05-10,70.74,,,,,,,
JI원종장3,2016-05-11,70.71,,,,,,,
JI원종장3,2016-05-12,70.73,,,,,,,
JI원종장3,2016-05-13,70.68,,,,,,,
JI원종장3,2016-05-14,70.64,,,,,,,
JI원종장3,2016-05-15,70.68,,,,,,,
JI원종장3,2016-05-16,70.68,,,,,,,
JI원종장3,2016-05-17,70.67,,,,,,,
JI원종장3,2016-05-18,70.68,,,,,,,
JI원종장3,2016-05-19,70.69,,,,,,,
JI원종장3,2016-05-20,70.69,,,,,,,
JI원종장3,2016-05-21,70.69,,,,,,,
JI원종장3,2016-05-22,70.7,,,,,,,
JI원종장3,2016-05-23,70.69,,,,,,,
JI원종장3,2016-05-24,70.68,,,,,,,
JI원종장3,2016-05-25,70.66,,,,,,,
JI원종장3,2016-05-26,70.66,,,,,,,
JI원종장3,2016-05-27,70.67,,,,,,,
JI원종장3,2016-05-28,70.68,,,,,,,
JI원종장3,2016-05-29,70.67,,,,,,,
JI원종장3,2016-05-30,70.65,,,,,,,
JI원종장3,2016-05-31,70.66,,,,,,,
JI원종장3,2016-06-01,70.66,,,,,,,
JI원종장3,2016-06-02,70.66,,,,,,,
JI원종장3,2016-06-03,70.68,,,,,,,
JI원종장3,2016-06-04,70.69,,,,,,,
JI원종장3,2016-06-05,70.68,,,,,,,
JI원종장3,2016-06-06,70.69,,,,,,,
JI원종장3,2016-06-07,70.7,,,,,,,
JI원종장3,2016-06-08,70.72,,,,,,,
JI원종장3,2016-06-09,70.71,,,,,,,
JI원종장3,2016-06-10,70.72,,,,,,,
JI원종장3,2016-06-11,70.72,,,,,,,
JI원종장3,2016-06-12,70.73,,,,,,,
JI원종장3,2016-06-13,70.7,,,,,,,
JI원종장3,2016-06-14,70.68,,,,,,,
JI원종장3,2016-06-15,70.68,,,,,,,
JI원종장3,2016-06-16,70.67,,,,,,,
JI원종장3,2016-06-17,70.67,,,,,,,
JI원종장3,2016-06-18,70.71,,,,,,,
JI원종장3,2016-06-19,70.73,,,,,,,
JI원종장3,2016-06-20,70.73,,,,,,,
JI원종장3,2016-06-21,70.72,,,,,,,
JI원종장3,2016-06-22,70.72,,,,,,,
JI원종장3,2016-06-23,70.71,,,,,,,
JI원종장3,2016-06-24,70.71,,,,,,,
JI원종장3,2016-06-25,70.7,,,,,,,
JI원종장3,2016-06-26,70.72,,,,,,,
JI원종장3,2016-06-27,70.74,,,,,,,
JI원종장3,2016-06-28,70.74,,,,,,,
JI원종장3,2016-06-29,70.73,,,,,,,
JI원종장3,2016-06-30,70.74,,,,,,,
JI원종장3,2016-07-01,70.75,,,,,,,
JI원종장3,2016-07-02,70.74,,,,,,,
JI원종장3,2016-07-03,70.73,,,,,,,
JI원종장3,2016-07-04,70.73,,,,,,,
JI원종장3,2016-07-05,70.72,,,,,,,
JI원종장3,2016-07-06,70.74,,,,,,,
JI원종장3,2016-07-07,70.75,,,,,,,
JI원종장3,2016-07-08,70.74,,,,,,,
JI원종장3,2016-07-09,70.72,,,,,,,
JI원종장3,2016-07-10,70.72,,,,,,,
JI원종장3,2016-07-11,70.69,,,,,,,
JI원종장3,2016-07-12,70.69,,,,,,,
JI원종장3,2016-07-13,70.68,,,,,,,
JI원종장3,2016-07-14,70.67,,,,,,,
JI원종장3,2016-07-15,70.67,,,,,,,
JI원종장3,2016-07-16,70.67,,,,,,,
JI원종장3,2016-07-17,70.67,,,,,,,
JI원종장3,2016-07-18,70.7,,,,,,,
JI원종장3,2016-07-19,70.72,,,,,,,
JI원종장3,2016-07-20,70.73,,,,,,,
JI원종장3,2016-07-21,70.74,,,,,,,
JI원종장3,2016-07-22,70.74,,,,,,,
JI원종장3,2016-07-23,70.74,,,,,,,
JI원종장3,2016-07-24,70.75,,,,,,,
JI원종장3,2016-07-25,70.76,,,,,,,
JI원종장3,2016-07-26,70.77,,,,,,,
JI원종장3,2016-07-27,70.76,,,,,,,
JI원종장3,2016-07-28,70.74,,,,,,,
JI원종장3,2016-07-29,70.73,,,,,,,
JI원종장3,2016-07-30,70.75,,,,,,,
JI원종장3,2016-07-31,70.77,,,,,,,
JI원종장3,2016-08-01,70.78,,,,,,,
JI원종장3,2016-08-02,70.78,,,,,,,
JI원종장3,2016-08-03,70.79,,,,,,,
JI원종장3,2016-08-04,70.77,,,,,,,
JI원종장3,2016-08-05,70.77,,,,,,,
JI원종장3,2016-08-06,70.77,,,,,,,
JI원종장3,2016-08-07,70.76,,,,,,,
JI원종장3,2016-08-08,70.77,,,,,,,
JI원종장3,2016-08-09,70.77,,,,,,,
JI원종장3,2016-08-10,70.77,,,,,,,
JI원종장3,2016-08-11,70.78,,,,,,,
JI원종장3,2016-08-12,70.79,,,,,,,
JI원종장3,2016-08-13,70.78,,,,,,,
JI원종장3,2016-08-14,70.77,,,,,,,
JI원종장3,2016-08-15,70.76,,,,,,,
JI원종장3,2016-08-16,70.75,,,,,,,
JI원종장3,2016-08-17,70.74,,,,,,,
JI원종장3,2016-08-18,70.75,,,,,,,
JI원종장3,2016-08-19,70.76,,,,,,,
JI원종장3,2016-08-20,70.77,,,,,,,
JI원종장3,2016-08-21,70.77,,,,,,,
JI원종장3,2016-08-22,70.78,,,,,,,
JI원종장3,2016-08-23,70.79,,,,,,,
JI원종장3,2016-08-24,70.78,,,,,,,
JI원종장3,2016-08-25,70.78,,,,,,,
JI원종장3,2016-08-26,70.78,,,,,,,
JI원종장3,2016-08-27,70.79,,,,,,,
JI원종장3,2016-08-28,70.79,,,,,,,
JI원종장3,2016-08-29,70.77,,,,,,,
JI원종장3,2016-08-30,70.78,,,,,,,
JI원종장3,2016-08-31,70.76,,,,,,,
JI원종장3,2016-09-01,70.76,,,,,,,
JI원종장3,2016-09-02,70.78,,,,,,,
JI원종장3,2016-09-03,70.79,,,,,,,
JI원종장3,2016-09-04,70.81,,,,,,,
JI원종장3,2016-09-05,70.83,,,,,,,
JI원종장3,2016-09-06,70.84,,,,,,,
JI원종장3,2016-09-07,70.83,,,,,,,
JI원종장3,2016-09-08,70.83,,,,,,,
JI원종장3,2016-09-09,70.83,,,,,,,
JI원종장3,2016-09-10,70.85,,,,,,,
JI원종장3,2016-09-11,70.86,,,,,,,
JI원종장3,2016-09-12,70.88,,,,,,,
JI원종장3,2016-09-13,70.89,,,,,,,
JI원종장3,2016-09-14,70.92,,,,,,,
JI원종장3,2016-09-15,70.92,,,,,,,
JI원종장3,2016-09-16,70.93,,,,,,,
JI원종장3,2016-09-17,70.91,,,,,,,
JI원종장3,2016-09-18,70.88,,,,,,,
JI원종장3,2016-09-19,70.87,,,,,,,
JI원종장3,2016-09-20,70.86,,,,,,,
JI원종장3,2016-09-21,70.89,,,,,,,
JI원종장3,2016-09-22,70.92,,,,,,,
JI원종장3,2016-09-23,70.94,,,,,,,
JI원종장3,2016-09-24,70.94,,,,,,,
JI원종장3,2016-09-25,70.94,,,,,,,
JI원종장3,2016-09-26,70.94,,,,,,,
JI원종장3,2016-09-27,70.94,,,,,,,
JI원종장3,2016-09-28,70.94,,,,,,,
JI원종장3,2016-09-29,70.93,,,,,,,
JI원종장3,2016-09-30,70.91,,,,,,,
JI원종장3,2016-10-01,70.91,,,,,,,
JI원종장3,2016-10-02,70.92,,,,,,,
JI원종장3,2016-10-03,70.92,,,,,,,
JI원종장3,2016-10-04,70.91,,,,,,,
JI원종장3,2016-10-05,70.89,,,,,,,
JI원종장3,2016-10-06,70.89,,,,,,,
JI원종장3,2016-10-07,70.94,,,,,,,
JI원종장3,2016-10-08,70.96,,,,,,,
JI원종장3,2016-10-09,70.94,,,,,,,
JI원종장3,2016-10-10,70.93,,,,,,,
JI원종장3,2016-10-11,70.91,,,,,,,
JI원종장3,2016-10-12,70.87,,,,,,,
JI원종장3,2016-10-13,70.87,,,,,,,
JI원종장3,2016-10-14,70.87,,,,,,,
JI원종장3,2016-10-15,70.88,,,,,,,
JI원종장3,2016-10-16,70.87,,,,,,,
JI원종장3,2016-10-17,70.84,,,,,,,
JI원종장3,2016-10-18,70.83,,,,,,,
JI원종장3,2016-10-19,70.83,,,,,,,
JI원종장3,2016-10-20,70.81,,,,,,,
JI원종장3,2016-10-21,70.81,,,,,,,
JI원종장3,2016-10-22,70.8,,,,,,,
JI원종장3,2016-10-23,70.78,,,,,,,
JI원종장3,2016-10-24,70.77,,,,,,,
JI원종장3,2016-10-25,70.79,,,,,,,
JI원종장3,2016-10-26,70.79,,,,,,,
JI원종장3,2016-10-27,70.81,,,,,,,
JI원종장3,2016-10-28,70.81,,,,,,,
JI원종장3,2016-10-29,70.81,,,,,,,
JI원종장3,2016-10-30,70.85,,,,,,,
JI원종장3,2016-10-31,70.88,,,,,,,
JI원종장3,2016-11-01,70.9,,,,,,,
JI원종장3,2016-11-02,70.9,,,,,,,
JI원종장3,2016-11-03,70.91,,,,,,,
JI원종장3,2016-11-04,70.89,,,,,,,
JI원종장3,2016-11-05,70.86,,,,,,,
JI원종장3,2016-11-06,70.84,,,,,,,
JI원종장3,2016-11-07,70.86,,,,,,,
JI원종장3,2016-11-08,70.87,,,,,,,
JI원종장3,2016-11-09,70.88,,,,,,,
JI원종장3,2016-11-10,70.89,,,,,,,
JI원종장3,2016-11-11,70.87,,,,,,,
JI원종장3,2016-11-12,70.87,,,,,,,
JI원종장3,2016-11-13,70.88,,,,,,,
JI원종장3,2016-11-14,70.87,,,,,,,
JI원종장3,2016-11-15,70.85,,,,,,,
JI원종장3,2016-11-16,70.86,,,,,,,
JI원종장3,2016-11-17,70.88,,,,,,,
JI원종장3,2016-11-18,70.89,,,,,,,
JI원종장3,2016-11-19,70.87,,,,,,,
JI원종장3,2016-11-20,70.87,,,,,,,
JI원종장3,2016-11-21,70.88,,,,,,,
JI원종장3,2016-11-22,70.87,,,,,,,
JI원종장3,2016-11-23,70.9,,,,,,,
JI원종장3,2016-11-24,70.9,,,,,,,
JI원종장3,2016-11-25,70.92,,,,,,,
JI원종장3,2016-11-26,70.93,,,,,,,
JI원종장3,2016-11-27,70.92,,,,,,,
JI원종장3,2016-11-28,70.91,,,,,,,
JI원종장3,2016-11-29,70.95,,,,,,,
JI원종장3,2016-11-30,70.97,,,,,,,
JI원종장3,2016-12-01,70.96,,,,,,,
JI원종장3,2016-12-02,70.97,,,,,,,
JI원종장3,2016-12-03,70.98,,,,,,,
JI원종장3,2016-12-04,70.97,,,,,,,
JI원종장3,2016-12-09,71.02,,,,,,,
JI원종장3,2016-12-10,71.03,,,,,,,
JI원종장3,2016-12-11,71.05,,,,,,,
JI원종장3,2016-12-12,71.05,,,,,,,
JI원종장3,2016-12-13,71.01,,,,,,,
JI원종장3,2016-12-14,70.99,,,,,,,
JI원종장3,2016-12-15,71.0,,,,,,,
JI원종장3,2016-12-16,71.01,,,,,,,
JI원종장3,2016-12-17,70.96,,,,,,,
JI원종장3,2016-12-18,70.98,,,,,,,
JI원종장3,2016-12-19,70.97,,,,,,,
JI원종장3,2016-12-20,70.93,,,,,,,
JI원종장3,2016-12-21,70.92,,,,,,,
JI원종장3,2016-12-22,70.87,,,,,,,
JI원종장3,2016-12-23,70.83,,,,,,,
JI원종장3,2016-12-24,70.84,,,,,,,
JI원종장3,2016-12-25,70.87,,,,,,,
JI원종장3,2016-12-26,70.87,,,,,,,
JI원종장3,2016-12-27,70.83,,,,,,,
JI원종장3,2016-12-28,70.84,,,,,,,
JI원종장3,2016-12-29,70.86,,,,,,,
JI원종장3,2016-12-30,70.89,,,,,,,
JI원종장3,2016-12-31,70.9,,,,,,,
JI원종장3,2017-01-01,70.9,,,,,,,
JI원종장3,2017-01-02,70.89,,,,,,,
JI원종장3,2017-01-03,70.87,,,,,,,
JI원종장3,2017-01-04,70.86,,,,,,,
JI원종장3,2017-01-05,70.85,,,,,,,
JI원종장3,2017-01-06,70.84,,,,,,,
JI원종장3,2017-01-07,70.84,,,,,,,
JI원종장3,2017-01-08,70.81,,,,,,,
JI원종장3,2017-01-09,70.78,,,,,,,
JI원종장3,2017-01-10,70.8,,,,,,,
JI원종장3,2017-01-11,70.83,,,,,,,
JI원종장3,2017-01-12,70.85,,,,,,,
JI원종장3,2017-01-13,70.83,,,,,,,
JI원종장3,2017-01-14,70.83,,,,,,,
JI원종장3,2017-01-15,70.85,,,,,,,
JI원종장3,2017-01-16,70.87,,,,,,,
JI원종장3,2017-01-17,70.89,,,,,,,
JI원종장3,2017-01-18,70.9,,,,,,,
JI원종장3,2017-01-19,70.9,,,,,,,
JI원종장3,2017-01-20,70.88,,,,,,,
JI원종장3,2017-01-21,70.88,,,,,,,
JI원종장3,2017-01-22,70.89,,,,,,,
JI원종장3,2017-01-23,70.9,,,,,,,
JI원종장3,2017-01-24,70.91,,,,,,,
JI원종장3,2017-01-25,70.94,,,,,,,
JI원종장3,2017-01-26,70.94,,,,,,,
JI원종장3,2017-01-27,70.92,,,,,,,
JI원종장3,2017-01-28,70.91,,,,,,,
JI원종장3,2017-01-29,70.89,,,,,,,
JI원종장3,2017-01-30,70.86,,,,,,,
JI원종장3,2017-01-31,70.88,,,,,,,
JI원종장3,2017-02-01,70.89,,,,,,,
JI원종장3,2017-02-02,70.91,,,,,,,
JI원종장3,2017-02-03,70.91,,,,,,,
JI원종장3,2017-02-04,70.9,,,,,,,
JI원종장3,2017-02-05,70.87,,,,,,,
JI원종장3,2017-02-06,70.84,,,,,,,
JI원종장3,2017-02-07,70.85,,,,,,,
JI원종장3,2017-02-08,70.86,,,,,,,
JI원종장3,2017-02-09,70.84,,,,,,,
JI원종장3,2017-02-10,70.83,,,,,,,
JI원종장3,2017-02-11,70.83,,,,,,,
JI원종장3,2017-02-12,70.86,,,,,,,
JI원종장3,2017-02-13,70.89,,,,,,,
JI원종장3,2017-02-14,70.91,,,,,,,
JI원종장3,2017-02-15,70.93,,,,,,,
JI원종장3,2017-02-16,70.91,,,,,,,
JI원종장3,2017-02-17,70.87,,,,,,,
JI원종장3,2017-02-18,70.86,,,,,,,
JI원종장3,2017-02-19,70.87,,,,,,,
JI원종장3,2017-02-20,70.83,,,,,,,
JI원종장3,2017-02-21,70.82,,,,,,,
JI원종장3,2017-02-22,70.84,,,,,,,
JI원종장3,2017-02-23,70.81,,,,,,,
JI원종장3,2017-02-24,70.81,,,,,,,
JI원종장3,2017-02-25,70.84,,,,,,,
JI원종장3,2017-02-26,70.84,,,,,,,
JI원종장3,2017-02-27,70.85,,,,,,,
JI원종장3,2017-02-28,70.85,,,,,,,
JI원종장3,2017-03-01,70.84,,,,,,,
JI원종장3,2017-03-02,70.8,,,,,,,
JI원종장3,2017-03-03,70.79,,,,,,,
JI원종장3,2017-03-04,70.8,,,,,,,
JI원종장3,2017-03-05,70.79,,,,,,,
JI원종장3,2017-03-06,70.77,,,,,,,
JI원종장3,2017-03-07,70.77,,,,,,,
JI원종장3,2017-03-08,70.77,,,,,,,
JI원종장3,2017-03-09,70.76,,,,,,,
JI원종장3,2017-03-10,70.76,,,,,,,
JI원종장3,2017-03-11,70.78,,,,,,,
JI원종장3,2017-03-12,70.8,,,,,,,
JI원종장3,2017-03-13,70.79,,,,,,,
JI원종장3,2017-03-14,70.76,,,,,,,
JI원종장3,2017-03-15,70.77,,,,,,,
JI원종장3,2017-03-16,70.79,,,,,,,
JI원종장3,2017-03-17,70.78,,,,,,,
JI원종장3,2017-03-18,70.79,,,,,,,
JI원종장3,2017-03-19,70.8,,,,,,,
JI원종장3,2017-03-20,70.79,,,,,,,
JI원종장3,2017-03-21,70.76,,,,,,,
JI원종장3,2017-03-22,70.75,,,,,,,
JI원종장3,2017-03-23,70.76,,,,,,,
JI원종장3,2017-03-24,70.76,,,,,,,
JI원종장3,2017-03-25,70.76,,,,,,,
JI원종장3,2017-03-26,70.75,,,,,,,
JI원종장3,2017-03-27,70.75,,,,,,,
JI원종장3,2017-03-28,70.77,,,,,,,
JI원종장3,2017-03-29,70.76,,,,,,,
JI원종장3,2017-03-30,70.75,,,,,,,
JI원종장3,2017-03-31,70.74,,,,,,,
JI원종장3,2017-04-01,70.72,,,,,,,
JI원종장3,2017-04-02,70.72,,,,,,,
JI원종장3,2017-04-03,70.73,,,,,,,
JI원종장3,2017-04-04,70.76,,,,,,,
JI원종장3,2017-04-05,70.76,,,,,,,
JI원종장3,2017-04-06,70.72,,,,,,,
JI원종장3,2017-04-07,70.69,,,,,,,
JI원종장3,2017-04-08,70.67,,,,,,,
JI원종장3,2017-04-09,70.66,,,,,,,
JI원종장3,2017-04-10,70.65,,,,,,,
JI원종장3,2017-04-11,70.63,,,,,,,
JI원종장3,2017-04-12,70.62,,,,,,,
JI원종장3,2017-04-13,70.66,,,,,,,
JI원종장3,2017-04-14,70.68,,,,,,,
JI원종장3,2017-04-15,70.67,,,,,,,
JI원종장3,2017-04-16,70.67,,,,,,,
JI원종장3,2017-04-17,70.65,,,,,,,
JI원종장3,2017-04-18,70.6,,,,,,,
JI원종장3,2017-04-19,70.58,,,,,,,
JI원종장3,2017-04-20,70.61,,,,,,,
JI원종장3,2017-04-21,70.61,,,,,,,
JI원종장3,2017-04-22,70.61,,,,,,,
JI원종장3,2017-04-23,70.63,,,,,,,
JI원종장3,2017-04-24,70.65,,,,,,,
JI원종장3,2017-04-25,70.66,,,,,,,
JI원종장3,2017-04-26,70.66,,,,,,,
JI원종장3,2017-04-27,70.64,,,,,,,
JI원종장3,2017-04-28,70.62,,,,,,,
JI원종장3,2017-04-29,70.6,,,,,,,
JI원종장3,2017-04-30,70.59,,,,,,,
JI원종장3,2017-05-01,70.6,,,,,,,
JI원종장3,2017-05-02,70.62,,,,,,,
JI원종장3,2017-05-03,70.64,,,,,,,
JI원종장3,2017-05-04,70.64,,,,,,,
JI원종장3,2017-05-05,70.62,,,,,,,
JI원종장3,2017-05-06,70.61,,,,,,,
JI원종장3,2017-05-07,70.62,,,,,,,
JI원종장3,2017-05-08,70.62,,,,,,,
JI원종장3,2017-05-09,70.6,,,,,,,
JI원종장3,2017-05-10,70.57,,,,,,,
JI원종장3,2017-05-11,70.57,,,,,,,
JI원종장3,2017-05-12,70.57,,,,,,,
JI원종장3,2017-05-13,70.55,,,,,,,
JI원종장3,2017-05-14,70.54,,,,,,,
JI원종장3,2017-05-15,70.56,,,,,,,
JI원종장3,2017-05-16,70.57,,,,,,,
JI원종장3,2017-05-17,70.55,,,,,,,
JI원종장3,2017-05-18,70.55,,,,,,,
JI원종장3,2017-05-19,70.57,,,,,,,
JI원종장3,2017-05-20,70.58,,,,,,,
JI원종장3,2017-05-21,70.58,,,,,,,
JI원종장3,2017-05-22,70.56,,,,,,,
JI원종장3,2017-05-23,70.54,,,,,,,
JI원종장3,2017-05-24,70.52,,,,,,,
JI원종장3,2017-05-25,70.49,,,,,,,
JI원종장3,2017-05-26,70.48,,,,,,,
JI원종장3,2017-05-27,70.49,,,,,,,
JI원종장3,2017-05-28,70.51,,,,,,,
JI원종장3,2017-05-29,70.51,,,,,,,
JI원종장3,2017-05-30,70.51,,,,,,,
JI원종장3,2017-05-31,70.48,,,,,,,
JI원종장3,2017-06-01,70.44,,,,,,,
JI원종장3,2017-06-02,70.42,,,,,,,
JI원종장3,2017-06-03,70.42,,,,,,,
JI원종장3,2017-06-04,70.44,,,,,,,
JI원종장3,2017-06-05,70.46,,,,,,,
JI원종장3,2017-06-06,70.47,,,,,,,
JI원종장3,2017-06-07,70.46,,,,,,,
JI원종장3,2017-06-08,70.45,,,,,,,
JI원종장3,2017-06-09,70.45,,,,,,,
JI원종장3,2017-06-10,70.44,,,,,,,
JI원종장3,2017-06-11,70.43,,,,,,,
JI원종장3,2017-06-12,70.42,,,,,,,
JI원종장3,2017-06-13,70.44,,,,,,,
JI원종장3,2017-06-14,70.45,,,,,,,
JI원종장3,2017-06-15,70.43,,,,,,,
JI원종장3,2017-06-16,70.42,,,,,,,
JI원종장3,2017-06-17,70.41,,,,,,,
JI원종장3,2017-06-18,70.41,,,,,,,
JI원종장3,2017-06-19,70.41,,,,,,,
JI원종장3,2017-06-20,70.39,,,,,,,
JI원종장3,2017-06-21,70.36,,,,,,,
JI원종장3,2017-06-22,70.36,,,,,,,
JI원종장3,2017-06-23,70.37,,,,,,,
JI원종장3,2017-06-24,70.35,,,,,,,
JI원종장3,2017-06-25,70.33,,,,,,,
JI원종장3,2017-06-26,70.33,,,,,,,
JI원종장3,2017-06-27,70.34,,,,,,,
JI원종장3,2017-06-28,70.35,,,,,,,
JI원종장3,2017-06-29,70.37,,,,,,,
JI원종장3,2017-06-30,70.35,,,,,,,
JI원종장3,2017-07-01,70.32,,,,,,,
JI원종장3,2017-07-02,70.31,,,,,,,
JI원종장3,2017-07-03,70.31,,,,,,,
JI원종장3,2017-07-04,70.3,,,,,,,
JI원종장3,2017-07-05,70.29,,,,,,,
JI원종장3,2017-07-06,70.3,,,,,,,
JI원종장3,2017-07-07,70.3,,,,,,,
JI원종장3,2017-07-08,70.28,,,,,,,
JI원종장3,2017-07-09,70.27,,,,,,,
JI원종장3,2017-07-10,70.25,,,,,,,
JI원종장3,2017-07-11,70.24,,,,,,,
JI원종장3,2017-07-12,70.25,,,,,,,
JI원종장3,2017-07-13,70.26,,,,,,,
JI원종장3,2017-07-14,70.24,,,,,,,
JI원종장3,2017-07-15,70.23,,,,,,,
JI원종장3,2017-07-16,70.25,,,,,,,
JI원종장3,2017-07-17,70.25,,,,,,,
JI원종장3,2017-07-18,70.25,,,,,,,
JI원종장3,2017-07-19,70.23,,,,,,,
JI원종장3,2017-07-20,70.21,,,,,,,
JI원종장3,2017-07-21,70.2,,,,,,,
JI원종장3,2017-07-22,70.21,,,,,,,
JI원종장3,2017-07-23,70.2,,,,,,,
JI원종장3,2017-07-24,70.18,,,,,,,
JI원종장3,2017-07-25,70.15,,,,,,,
JI원종장3,2017-07-26,70.14,,,,,,,
JI원종장3,2017-07-27,70.13,,,,,,,
JI원종장3,2017-07-28,70.14,,,,,,,
JI원종장3,2017-07-29,70.15,,,,,,,
JI원종장3,2017-07-30,70.14,,,,,,,
JI원종장3,2017-07-31,70.13,,,,,,,
JI원종장3,2017-08-02,70.14,,,,,,,
JI원종장3,2017-08-03,70.11,,,,,,,
JI원종장3,2017-08-04,70.1,,,,,,,
JI원종장3,2017-08-05,70.09,,,,,,,
JI원종장3,2017-08-06,70.07,,,,,,,
JI원종장3,2017-08-07,70.06,,,,,,,
JI원종장3,2017-08-08,70.06,,,,,,,
JI원종장3,2017-08-09,70.05,,,,,,,
JI원종장3,2017-08-10,70.04,,,,,,,
JI원종장3,2017-08-11,70.05,,,,,,,
JI원종장3,2017-08-12,70.08,,,,,,,
JI원종장3,2017-08-13,70.1,,,,,,,
JI원종장3,2017-08-14,70.09,,,,,,,
JI원종장3,2017-08-15,70.08,,,,,,,
JI원종장3,2017-08-16,70.07,,,,,,,
JI원종장3,2017-08-17,70.08,,,,,,,
JI원종장3,2017-08-18,70.09,,,,,,,
JI원종장3,2017-08-19,70.11,,,,,,,
JI원종장3,2017-08-20,70.11,,,,,,,
JI원종장3,2017-08-21,70.1,,,,,,,
JI원종장3,2017-08-22,70.1,,,,,,,
JI원종장3,2017-08-23,70.11,,,,,,,
JI원종장3,2017-08-24,70.11,,,,,,,
JI원종장3,2017-08-25,70.09,,,,,,,
JI원종장3,2017-08-26,70.09,,,,,,,
JI원종장3,2017-08-27,70.1,,,,,,,
JI원종장3,2017-08-28,70.11,,,,,,,
JI원종장3,2017-08-29,70.09,,,,,,,
JI원종장3,2017-08-30,70.08,,,,,,,
JI원종장3,2017-08-31,70.08,,,,,,,
JI원종장3,2017-09-01,70.07,,,,,,,
JI원종장3,2017-09-02,70.06,,,,,,,
JI원종장3,2017-09-03,70.06,,,,,,,
JI원종장3,2017-09-04,70.07,,,,,,,
JI원종장3,2017-09-05,70.07,,,,,,,
JI원종장3,2017-09-06,70.05,,,,,,,
JI원종장3,2017-09-07,70.03,,,,,,,
JI원종장3,2017-09-08,70.03,,,,,,,
JI원종장3,2017-09-09,70.04,,,,,,,
JI원종장3,2017-09-10,70.05,,,,,,,
JI원종장3,2017-09-11,70.03,,,,,,,
JI원종장3,2017-09-12,70.01,,,,,,,
JI원종장3,2017-09-13,70.04,,,,,,,
JI원종장3,2017-09-14,70.06,,,,,,,
JI원종장3,2017-09-15,70.05,,,,,,,
JI원종장3,2017-09-16,70.02,,,,,,,
JI원종장3,2017-09-17,69.98,,,,,,,
JI원종장3,2017-09-18,69.96,,,,,,,
JI원종장3,2017-09-19,69.98,,,,,,,
JI원종장3,2017-09-20,69.99,,,,,,,
JI원종장3,2017-09-21,70.0,,,,,,,
JI원종장3,2017-09-22,69.99,,,,,,,
JI원종장3,2017-09-23,69.99,,,,,,,
JI원종장3,2017-09-24,70.0,,,,,,,
JI원종장3,2017-09-25,70.0,,,,,,,
JI원종장3,2017-09-26,69.98,,,,,,,
JI원종장3,2017-09-27,69.95,,,,,,,
JI원종장3,2017-09-28,69.7,,,,,,,
JI원종장3,2017-09-29,69.6,,,,,,,
JI원종장3,2017-09-30,69.71,,,,,,,
JI원종장3,2017-10-01,69.72,,,,,,,
JI원종장3,2017-10-02,69.69,,,,,,,
JI원종장3,2017-10-03,69.67,,,,,,,
JI원종장3,2017-10-04,69.7,,,,,,,
JI원종장3,2017-10-05,69.72,,,,,,,
JI원종장3,2017-10-06,69.72,,,,,,,
JI원종장3,2017-10-07,69.71,,,,,,,
JI원종장3,2017-10-08,69.72,,,,,,,
JI원종장3,2017-10-09,69.74,,,,,,,
JI원종장3,2017-10-10,69.74,,,,,,,
JI원종장3,2017-10-11,69.72,,,,,,,
JI원종장3,2017-10-12,69.71,,,,,,,
JI원종장3,2017-10-13,69.71,,,,,,,
JI원종장3,2017-10-14,69.72,,,,,,,
JI원종장3,2017-10-15,69.73,,,,,,,
JI원종장3,2017-10-16,69.74,,,,,,,
JI원종장3,2017-10-17,69.74,,,,,,,
JI원종장3,2017-10-18,69.73,,,,,,,
JI원종장3,2017-10-19,69.72,,,,,,,
JI원종장3,2017-10-20,69.71,,,,,,,
JI원종장3,2017-10-21,69.69,,,,,,,
JI원종장3,2017-10-22,69.67,,,,,,,
JI원종장3,2017-10-23,69.64,,,,,,,
JI원종장3,2017-10-24,69.47,,,,,,,
JI원종장3,2017-10-25,69.37,,,,,,,
JI원종장3,2017-10-26,69.39,,,,,,,
JI원종장3,2017-10-27,69.37,,,,,,,
JI원종장3,2017-10-28,69.36,,,,,,,
JI원종장3,2017-10-29,69.34,,,,,,,
JI원종장3,2017-10-30,69.36,,,,,,,
JI원종장3,2017-10-31,69.39,,,,,,,
JI원종장3,2017-11-01,69.4,,,,,,,
JI원종장3,2017-11-02,69.38,,,,,,,
JI원종장3,2017-11-03,69.36,,,,,,,
JI원종장3,2017-11-04,69.38,,,,,,,
JI원종장3,2017-11-05,69.41,,,,,,,
JI원종장3,2017-11-06,69.42,,,,,,,
JI원종장3,2017-11-07,69.41,,,,,,,
JI원종장3,2017-11-08,69.38,,,,,,,
JI원종장3,2017-11-09,69.37,,,,,,,
JI원종장3,2017-11-10,69.37,,,,,,,
JI원종장3,2017-11-11,69.36,,,,,,,
JI원종장3,2017-11-12,69.36,,,,,,,
JI원종장3,2017-11-13,69.35,,,,,,,
JI원종장3,2017-11-14,69.34,,,,,,,
JI원종장3,2017-11-15,69.34,,,,,,,
JI원종장3,2017-11-16,69.35,,,,,,,
JI원종장3,2017-11-18,69.33,,,,,,,
JI원종장3,2017-11-22,69.46,,,,,,,
JI원종장3,2017-11-23,69.4,,,,,,,
JI원종장3,2017-11-24,69.39,,,,,,,
JI원종장3,2017-11-25,69.39,,,,,,,
JI원종장3,2017-11-26,69.43,,,,,,,
JI원종장3,2017-11-27,69.41,,,,,,,
JI원종장3,2017-11-28,69.43,,,,,,,
JI원종장3,2017-11-29,69.41,,,,,,,
JI원종장3,2017-11-30,69.39,,,,,,,
JI원종장3,2017-12-01,69.36,,,,,,,
JI원종장3,2017-12-02,69.39,,,,,,,
JI원종장3,2017-12-03,69.42,,,,,,,
JI원종장3,2017-12-04,69.41,,,,,,,
JI원종장3,2017-12-05,69.4,,,,,,,
JI원종장3,2017-12-06,69.38,,,,,,,
JI원종장3,2017-12-07,69.39,,,,,,,
JI원종장3,2017-12-08,69.37,,,,,,,
JI원종장3,2017-12-09,69.38,,,,,,,
JI원종장3,2017-12-10,69.41,,,,,,,
JI원종장3,2017-12-11,69.33,,,,,,,
JI원종장3,2017-12-12,69.3,,,,,,,
JI원종장3,2017-12-14,69.35,,,,,,,
JI원종장3,2017-12-15,69.36,,,,,,,
JI원종장3,2017-12-16,69.33,,,,,,,
JI원종장3,2017-12-17,69.31,,,,,,,
JI원종장3,2017-12-18,69.32,,,,,,,
JI원종장3,2017-12-19,69.31,,,,,,,
JI원종장3,2017-12-20,69.31,,,,,,,
JI원종장3,2017-12-21,69.31,,,,,,,
JI원종장3,2017-12-22,69.33,,,,,,,
JI원종장3,2017-12-23,69.34,,,,,,,
JI원종장3,2017-12-24,69.38,,,,,,,
JI원종장3,2017-12-25,69.27,,,,,,,
JI원종장3,2017-12-26,69.26,,,,,,,
JI원종장3,2017-12-27,69.25,,,,,,,
JI원종장3,2017-12-28,69.27,,,,,,,
JI원종장3,2017-12-29,69.27,,,,,,,
JI원종장3,2017-12-30,69.28,,,,,,,
JI원종장3,2017-12-31,69.28,,,,,,,
JI원종장3,2018-01-01,69.23,,,,,,,
JI원종장3,2018-01-02,69.23,,,,,,,
JI원종장3,2018-01-03,69.23,,,,,,,
JI원종장3,2018-01-04,69.26,,,,,,,
JI원종장3,2018-01-05,69.27,,,,,,,
JI원종장3,2018-01-06,69.23,,,,,,,
JI원종장3,2018-01-07,69.26,,,,,,,
JI원종장3,2018-01-08,69.3,,,,,,,
JI원종장3,2018-01-09,69.21,,,,,,,
JI원종장3,2018-01-10,69.19,,,,,,,
JI원종장3,2018-01-11,69.15,,,,,,,
JI원종장3,2018-01-12,69.14,,,,,,,
JI원종장3,2018-01-13,69.16,,,,,,,
JI원종장3,2018-01-14,69.21,,,,,,,
JI원종장3,2018-01-15,69.22,,,,,,,
JI원종장3,2018-01-16,69.26,,,,,,,
JI원종장3,2018-01-17,69.21,,,,,,,
JI원종장3,2018-01-18,69.13,,,,,,,
JI원종장3,2018-01-19,69.14,,,,,,,
JI원종장3,2018-01-20,69.14,,,,,,,
JI원종장3,2018-01-21,69.15,,,,,,,
JI원종장3,2018-01-22,69.17,,,,,,,
JI원종장3,2018-01-23,69.12,,,,,,,
JI원종장3,2018-01-24,69.11,,,,,,,
JI원종장3,2018-01-25,69.12,,,,,,,
JI원종장3,2018-01-26,69.13,,,,,,,
JI원종장3,2018-01-27,69.14,,,,,,,
JI원종장3,2018-01-28,69.16,,,,,,,
JI원종장3,2018-01-29,69.13,,,,,,,
JI원종장3,2018-01-30,69.1,,,,,,,
JI원종장3,2018-01-31,69.1,,,,,,,
JI원종장3,2018-02-01,69.11,,,,,,,
JI원종장3,2018-02-02,69.1,,,,,,,
JI원종장3,2018-02-03,69.1,,,,,,,
JI원종장3,2018-02-04,69.09,,,,,,,
JI원종장3,2018-02-05,69.1,,,,,,,
JI원종장3,2018-02-06,69.1,,,,,,,
JI원종장3,2018-02-07,69.09,,,,,,,
JI원종장3,2018-02-08,69.11,,,,,,,
JI원종장3,2018-02-11,69.03,,,,,,,
JI원종장3,2018-02-12,69.04,,,,,,,
JI원종장3,2018-02-13,69.05,,,,,,,
JI원종장3,2018-02-20,69.02,,,,,,,
JI원종장3,2018-02-21,69.01,,,,,,,
JI원종장3,2018-02-22,69.0,,,,,,,
JI원종장3,2018-02-23,68.99,,,,,,,
JI원종장3,2018-02-24,68.98,,,,,,,
JI원종장3,2018-02-25,69.01,,,,,,,
JI원종장3,2018-02-26,68.98,,,,,,,
JI원종장3,2018-02-27,68.99,,,,,,,
JI원종장3,2018-02-28,69.11,,,,,,,
JI원종장3,2018-03-01,68.96,,,,,,,
JI원종장3,2018-03-02,68.94,,,,,,,
JI원종장3,2018-03-03,68.98,,,,,,,
JI원종장3,2018-03-04,68.98,,,,,,,
JI원종장3,2018-03-05,68.95,,,,,,,
JI원종장3,2018-03-06,68.83,,,,,,,
JI원종장3,2018-03-07,68.92,,,,,,,
JI원종장3,2018-03-08,68.95,,,,,,,
JI원종장3,2018-03-09,68.88,,,,,,,
JI원종장3,2018-03-10,68.89,,,,,,,
JI원종장3,2018-03-11,68.89,,,,,,,
JI원종장3,2018-03-12,68.92,,,,,,,
JI원종장3,2018-03-13,68.92,,,,,,,
JI원종장3,2018-03-14,68.9,,,,,,,
JI원종장3,2018-03-15,68.93,,,,,,,
JI원종장3,2018-03-16,68.88,,,,,,,
JI원종장3,2018-03-17,68.82,,,,,,,
JI원종장3,2018-03-18,68.91,,,,,,,
JI원종장3,2018-03-19,68.95,,,,,,,
JI원종장3,2018-03-20,68.87,,,,,,,
JI원종장3,2018-03-21,68.88,,,,,,,
JI원종장3,2018-03-22,68.85,,,,,,,
JI원종장3,2018-03-23,68.81,,,,,,,
JI원종장3,2018-03-24,68.8,,,,,,,
JI원종장3,2018-03-25,68.81,,,,,,,
JI원종장3,2018-03-26,68.84,,,,,,,
JI원종장3,2018-03-27,68.86,,,,,,,
JI원종장3,2018-03-28,68.85,,,,,,,
JI원종장3,2018-03-29,68.82,,,,,,,
JI원종장3,2018-03-30,68.79,,,,,,,
JI원종장3,2018-03-31,68.81,,,,,,,
JI원종장3,2018-04-01,68.83,,,,,,,
JI원종장3,2018-04-02,68.82,,,,,,,
JI원종장3,2018-04-03,68.79,,,,,,,
JI원종장3,2018-04-04,68.8,,,,,,,
JI원종장3,2018-04-05,68.82,,,,,,,
JI원종장3,2018-04-06,68.79,,,,,,,
JI원종장3,2018-04-07,68.75,,,,,,,
JI원종장3,2018-04-08,68.77,,,,,,,
JI원종장3,2018-04-09,68.77,,,,,,,
JI원종장3,2018-04-10,68.79,,,,,,,
JI원종장3,2018-04-11,68.79,,,,,,,
JI원종장3,2018-04-12,68.74,,,,,,,
JI원종장3,2018-04-13,68.76,,,,,,,
JI원종장3,2018-04-14,68.86,,,,,,,
JI원종장3,2018-04-15,68.75,,,,,,,
JI원종장3,2018-04-16,68.72,,,,,,,
JI원종장3,2018-04-17,68.74,,,,,,,
JI원종장3,2018-04-18,68.76,,,,,,,
JI원종장3,2018-04-19,68.74,,,,,,,
JI원종장3,2018-04-20,68.74,,,,,,,
JI원종장3,2018-04-21,68.76,,,,,,,
JI원종장3,2018-04-22,68.77,,,,,,,
JI원종장3,2018-04-23,68.79,,,,,,,
JI원종장3,2018-04-24,68.79,,,,,,,
JI원종장3,2018-04-25,68.71,,,,,,,
JI원종장3,2018-04-26,68.71,,,,,,,
JI원종장3,2018-04-27,68.71,,,,,,,
JI원종장3,2018-04-28,68.71,,,,,,,
JI원종장3,2018-04-29,68.73,,,,,,,
JI원종장3,2018-04-30,68.72,,,,,,,
JI원종장3,2018-05-01,68.73,,,,,,,
JI원종장3,2018-05-02,68.75,,,,,,,
JI원종장3,2018-05-03,68.67,,,,,,,
JI원종장3,2018-05-04,68.66,,,,,,,
JI원종장3,2018-05-05,68.68,,,,,,,
JI원종장3,2018-05-06,68.77,,,,,,,
JI원종장3,2018-05-07,68.76,,,,,,,
JI원종장3,2018-05-08,68.67,,,,,,,
JI원종장3,2018-05-09,68.59,,,,,,,
JI원종장3,2018-05-10,68.62,,,,,,,
JI원종장3,2018-05-11,68.68,,,,,,,
JI원종장3,2018-05-12,68.73,,,,,,,
JI원종장3,2018-05-13,68.72,,,,,,,
JI원종장3,2018-05-14,68.67,,,,,,,
JI원종장3,2018-05-15,68.67,,,,,,,
JI원종장3,2018-05-16,68.69,,,,,,,
JI원종장3,2018-05-17,68.69,,,,,,,
JI원종장3,2018-05-18,68.68,,,,,,,
JI원종장3,2018-05-19,68.63,,,,,,,
JI원종장3,2018-05-20,68.64,,,,,,,
JI원종장3,2018-05-21,68.63,,,,,,,
JI원종장3,2018-05-22,68.68,,,,,,,
JI원종장3,2018-05-23,68.69,,,,,,,
JI원종장3,2018-05-24,68.64,,,,,,,
JI원종장3,2018-05-28,68.66,,,,,,,
JI원종장3,2018-05-29,68.65,,,,,,,
JI원종장3,2018-05-30,68.66,,,,,,,
JI원종장3,2018-05-31,68.65,,,,,,,
JI원종장3,2018-06-01,68.64,,,,,,,
JI원종장3,2018-06-02,68.65,,,,,,,
JI원종장3,2018-06-03,68.67,,,,,,,
JI원종장3,2018-06-04,68.67,,,,,,,
JI원종장3,2018-06-05,68.69,,,,,,,
JI원종장3,2018-06-06,68.66,,,,,,,
JI원종장3,2018-06-07,68.67,,,,,,,
JI원종장3,2018-06-08,68.69,,,,,,,
JI원종장3,2018-06-09,68.71,,,,,,,
JI원종장3,2018-06-10,68.72,,,,,,,
JI원종장3,2018-06-11,68.7,,,,,,,
JI원종장3,2018-06-12,68.66,,,,,,,
JI원종장3,2018-06-13,68.65,,,,,,,
JI원종장3,2018-06-14,68.67,,,,,,,
JI원종장3,2018-06-15,68.65,,,,,,,
JI원종장3,2018-06-16,68.64,,,,,,,
JI원종장3,2018-06-17,68.67,,,,,,,
JI원종장3,2018-06-18,68.69,,,,,,,
JI원종장3,2018-06-19,68.7,,,,,,,
JI원종장3,2018-06-20,68.69,,,,,,,
JI원종장3,2018-06-21,68.65,,,,,,,
JI원종장3,2018-06-22,68.66,,,,,,,
JI원종장3,2018-06-23,68.69,,,,,,,
JI원종장3,2018-06-24,68.66,,,,,,,
JI원종장3,2018-06-25,68.67,,,,,,,
JI원종장3,2018-06-26,68.69,,,,,,,
JI원종장3,2018-06-27,68.72,,,,,,,
JI원종장3,2018-06-28,68.73,,,,,,,
JI원종장3,2018-06-29,68.7,,,,,,,
JI원종장3,2018-06-30,68.66,,,,,,,
JI원종장3,2018-07-01,68.7,,,,,,,
JI원종장3,2018-07-02,68.72,,,,,,,
JI원종장3,2018-07-03,68.8,,,,,,,
JI원종장3,2018-07-04,68.73,,,,,,,
JI원종장3,2018-07-05,68.71,,,,,,,
JI원종장3,2018-07-06,68.72,,,,,,,
JI원종장3,2018-07-07,68.7,,,,,,,
JI원종장3,2018-07-08,68.7,,,,,,,
JI원종장3,2018-07-09,68.7,,,,,,,
JI원종장3,2018-07-10,68.72,,,,,,,
JI원종장3,2018-07-11,68.73,,,,,,,
JI원종장3,2018-07-12,68.74,,,,,,,
JI원종장3,2018-07-13,68.75,,,,,,,
JI원종장3,2018-07-14,68.76,,,,,,,
JI원종장3,2018-07-15,68.75,,,,,,,
JI원종장3,2018-07-16,68.75,,,,,,,
JI원종장3,2018-07-17,68.75,,,,,,,
JI원종장3,2018-07-18,68.75,,,,,,,
JI원종장3,2018-07-19,68.76,,,,,,,
JI원종장3,2018-07-20,68.78,,,,,,,
JI원종장3,2018-07-21,68.78,,,,,,,
JI원종장3,2018-07-22,68.79,,,,,,,
JI원종장3,2018-07-23,68.76,,,,,,,
JI원종장3,2018-07-24,68.77,,,,,,,
JI원종장3,2018-07-25,68.78,,,,,,,
JI원종장3,2018-07-26,68.78,,,,,,,
JI원종장3,2018-07-27,68.77,,,,,,,
JI원종장3,2018-07-28,68.79,,,,,,,
JI원종장3,2018-07-29,68.82,,,,,,,
JI원종장3,2018-07-30,68.81,,,,,,,
JI원종장3,2018-07-31,68.79,,,,,,,
JI원종장3,2018-08-01,68.81,,,,,,,
JI원종장3,2018-08-02,68.8,,,,,,,
JI원종장3,2018-08-03,68.8,,,,,,,
JI원종장3,2018-08-04,68.79,,,,,,,
JI원종장3,2018-08-05,68.81,,,,,,,
JI원종장3,2018-08-06,68.84,,,,,,,
JI원종장3,2018-08-07,68.83,,,,,,,
JI원종장3,2018-08-08,68.83,,,,,,,
JI원종장3,2018-08-09,68.85,,,,,,,
JI원종장3,2018-08-10,68.86,,,,,,,
JI원종장3,2018-08-11,68.85,,,,,,,
JI원종장3,2018-08-12,68.84,,,,,,,
JI원종장3,2018-08-13,68.82,,,,,,,
JI원종장3,2018-08-14,68.84,,,,,,,
JI원종장3,2018-08-15,68.88,,,,,,,
JI원종장3,2018-08-16,68.89,,,,,,,
JI원종장3,2018-08-17,68.85,,,,,,,
JI원종장3,2018-08-18,68.85,,,,,,,
JI원종장3,2018-08-19,68.87,,,,,,,
JI원종장3,2018-08-20,68.9,,,,,,,
JI원종장3,2018-08-21,68.92,,,,,,,
JI원종장3,2018-08-22,68.95,,,,,,,
JI원종장3,2018-08-23,69.05,,,,,,,
JI원종장3,2018-08-24,68.82,,,,,,,
JI원종장3,2018-08-25,68.82,,,,,,,
JI원종장3,2018-08-26,68.87,,,,,,,
JI원종장3,2018-08-27,68.89,,,,,,,
JI원종장3,2018-08-28,68.91,,,,,,,
JI원종장3,2018-08-29,68.94,,,,,,,
JI원종장3,2018-08-30,68.93,,,,,,,
JI원종장3,2018-08-31,68.94,,,,,,,
JI원종장3,2018-09-01,68.97,,,,,,,
JI원종장3,2018-09-02,68.98,,,,,,,
JI원종장3,2018-09-03,69.0,,,,,,,
JI원종장3,2018-09-04,69.01,,,,,,,
JI원종장3,2018-09-05,68.93,,,,,,,
JI원종장3,2018-09-06,68.95,,,,,,,
JI원종장3,2018-09-07,68.96,,,,,,,
JI원종장3,2018-09-08,68.93,,,,,,,
JI원종장3,2018-09-09,68.95,,,,,,,
JI원종장3,2018-09-10,68.95,,,,,,,
JI원종장3,2018-09-11,69.0,,,,,,,
JI원종장3,2018-09-12,69.02,,,,,,,
JI원종장3,2018-09-13,69.03,,,,,,,
JI원종장3,2018-09-14,69.04,,,,,,,
JI원종장3,2018-09-15,69.02,,,,,,,
JI원종장3,2018-09-16,69.02,,,,,,,
JI원종장3,2018-09-17,69.03,,,,,,,
JI원종장3,2018-09-18,69.05,,,,,,,
JI원종장3,2018-09-19,69.09,,,,,,,
JI원종장3,2018-09-20,69.12,,,,,,,
JI원종장3,2018-09-21,69.1,,,,,,,
JI원종장3,2018-09-22,69.04,,,,,,,
JI원종장3,2018-09-23,69.06,,,,,,,
JI원종장3,2018-09-24,69.07,,,,,,,
JI원종장3,2018-09-25,69.11,,,,,,,
JI원종장3,2018-09-26,69.12,,,,,,,
JI원종장3,2018-09-27,69.12,,,,,,,
JI원종장3,2018-09-28,69.13,,,,,,,
JI원종장3,2018-09-29,69.18,,,,,,,
JI원종장3,2018-09-30,69.21,,,,,,,
JI원종장3,2018-10-01,69.12,,,,,,,
JI원종장3,2018-10-02,69.1,,,,,,,
JI원종장3,2018-10-03,69.11,,,,,,,
JI원종장3,2018-10-04,69.16,,,,,,,
JI원종장3,2018-10-05,69.28,,,,,,,
JI원종장3,2018-10-06,69.29,,,,,,,
JI원종장3,2018-10-07,69.12,,,,,,,
JI원종장3,2018-10-08,69.17,,,,,,,
JI원종장3,2018-10-09,69.22,,,,,,,
JI원종장3,2018-10-10,69.21,,,,,,,
JI원종장3,2018-10-11,69.18,,,,,,,
JI원종장3,2018-10-12,69.19,,,,,,,
JI원종장3,2018-10-13,69.23,,,,,,,
JI원종장3,2018-10-14,69.26,,,,,,,
JI원종장3,2018-10-15,69.28,,,,,,,
JI원종장3,2018-10-16,69.3,,,,,,,
JI원종장3,2018-10-17,69.3,,,,,,,
JI원종장3,2018-10-18,69.26,,,,,,,
JI원종장3,2018-10-19,69.24,,,,,,,
JI원종장3,2018-10-20,69.26,,,,,,,
JI원종장3,2018-10-21,69.31,,,,,,,
JI원종장3,2018-10-22,69.33,,,,,,,
JI원종장3,2018-10-23,69.33,,,,,,,
JI원종장3,2018-10-24,69.31,,,,,,,
JI원종장3,2018-10-25,69.33,,,,,,,
JI원종장3,2018-10-26,69.38,,,,,,,
JI원종장3,2018-10-27,69.33,,,,,,,
JI원종장3,2018-10-28,69.38,,,,,,,
JI원종장3,2018-10-29,69.36,,,,,,,
JI원종장3,2018-10-30,69.32,,,,,,,
JI원종장3,2018-10-31,69.34,,,,,,,
JI원종장3,2018-11-01,69.34,,,,,,,
JI원종장3,2018-11-02,69.35,,,,,,,
JI원종장3,2018-11-03,69.39,,,,,,,
JI원종장3,2018-11-04,69.42,,,,,,,
JI원종장3,2018-11-05,69.41,,,,,,,
JI원종장3,2018-11-06,69.4,,,,,,,
JI원종장3,2018-11-07,69.42,,,,,,,
JI원종장3,2018-11-08,69.48,,,,,,,
JI원종장3,2018-11-09,69.42,,,,,,,
JI원종장3,2018-11-10,69.39,,,,,,,
JI원종장3,2018-11-11,69.46,,,,,,,
JI원종장3,2018-11-12,69.49,,,,,,,
JI원종장3,2018-11-13,69.47,,,,,,,
JI원종장3,2018-11-14,69.44,,,,,,,
JI원종장3,2018-11-15,69.45,,,,,,,
JI원종장3,2018-11-16,69.5,,,,,,,
JI원종장3,2018-11-17,69.48,,,,,,,
JI원종장3,2018-11-18,69.5,,,,,,,
JI원종장3,2018-11-19,69.49,,,,,,,
JI원종장3,2018-11-20,69.48,,,,,,,
JI원종장3,2018-11-21,69.52,,,,,,,
JI원종장3,2018-11-22,69.49,,,,,,,
JI원종장3,2018-11-23,69.5,,,,,,,
JI원종장3,2018-11-24,69.54,,,,,,,
JI원종장3,2018-11-25,69.54,,,,,,,
JI원종장3,2018-11-26,69.55,,,,,,,
JI원종장3,2018-11-27,69.56,,,,,,,
JI원종장3,2018-11-28,69.57,,,,,,,
JI원종장3,2018-11-29,69.55,,,,,,,
JI원종장3,2018-11-30,69.56,,,,,,,
JI원종장3,2018-12-01,69.58,,,,,,,
JI원종장3,2018-12-02,69.62,,,,,,,
JI원종장3,2018-12-03,69.63,,,,,,,
JI원종장3,2018-12-04,69.61,,,,,,,
JI원종장3,2018-12-05,69.57,,,,,,,
JI원종장3,2018-12-06,69.61,,,,,,,
JI원종장3,2018-12-07,69.55,,,,,,,
JI원종장3,2018-12-08,69.57,,,,,,,
JI원종장3,2018-12-09,69.58,,,,,,,
JI원종장3,2018-12-10,69.63,,,,,,,
JI원종장3,2018-12-11,69.67,,,,,,,
JI원종장3,2018-12-12,69.62,,,,,,,
JI원종장3,2018-12-13,69.62,,,,,,,
JI원종장3,2018-12-14,69.61,,,,,,,
JI원종장3,2018-12-15,69.65,,,,,,,
JI원종장3,2018-12-16,69.73,,,,,,,
JI원종장3,2018-12-17,69.7,,,,,,,
JI원종장3,2018-12-18,69.66,,,,,,,
JI원종장3,2018-12-19,69.67,,,,,,,
JI원종장3,2018-12-20,69.67,,,,,,,
JI원종장3,2018-12-21,69.68,,,,,,,
JI원종장3,2018-12-22,69.67,,,,,,,
JI원종장3,2018-12-23,69.66,,,,,,,
JI원종장3,2018-12-24,69.65,,,,,,,
JI원종장3,2018-12-25,69.7,,,,,,,
JI원종장3,2018-12-26,69.7,,,,,,,
JI원종장3,2018-12-27,69.66,,,,,,,
JI원종장3,2018-12-28,69.64,,,,,,,
JI원종장3,2018-12-29,69.64,,,,,,,
JI원종장3,2018-12-30,69.66,,,,,,,
JI원종장3,2018-12-31,69.68,,,,,,,
JI원종장3,2019-01-01,69.69,,,,,,,
JI원종장3,2019-01-02,69.69,,,,,,,
JI원종장3,2019-01-03,69.69,,,,,,,
JI원종장3,2019-01-04,69.7,,,,,,,
JI원종장3,2019-01-05,69.67,,,,,,,
JI원종장3,2019-01-06,69.65,,,,,,,
JI원종장3,2019-01-07,69.66,,,,,,,
JI원종장3,2019-01-08,69.66,,,,,,,
JI원종장3,2019-01-09,69.66,,,,,,,
JI원종장3,2019-01-10,69.68,,,,,,,
JI원종장3,2019-01-11,69.66,,,,,,,
JI원종장3,2019-01-12,69.64,,,,,,,
JI원종장3,2019-01-13,69.63,,,,,,,
JI원종장3,2019-01-14,69.65,,,,,,,
JI원종장3,2019-01-15,69.65,,,,,,,
JI원종장3,2019-01-16,69.66,,,,,,,
JI원종장3,2019-01-17,69.67,,,,,,,
JI원종장3,2019-01-18,69.67,,,,,,,
JI원종장3,2019-01-19,69.69,,,,,,,
JI원종장3,2019-01-20,69.66,,,,,,,
JI원종장3,2019-01-21,69.66,,,,,,,
JI원종장3,2019-01-22,69.67,,,,,,,
JI원종장3,2019-01-23,69.66,,,,,,,
JI원종장3,2019-01-24,69.66,,,,,,,
JI원종장3,2019-01-25,69.67,,,,,,,
JI원종장3,2019-01-26,69.68,,,,,,,
JI원종장3,2019-01-27,69.71,,,,,,,
JI원종장3,2019-01-28,69.71,,,,,,,
JI원종장3,2019-01-29,69.71,,,,,,,
JI원종장3,2019-01-30,69.71,,,,,,,
JI원종장3,2019-01-31,69.7,,,,,,,
JI원종장3,2019-02-01,69.69,,,,,,,
JI원종장3,2019-02-02,69.7,,,,,,,
JI원종장3,2019-02-03,69.81,,,,,,,
JI원종장3,2019-02-04,69.75,,,,,,,
JI원종장3,2019-02-05,69.81,,,,,,,
JI원종장3,2019-02-06,69.84,,,,,,,
JI원종장3,2019-02-07,69.8,,,,,,,
JI원종장3,2019-02-08,69.78,,,,,,,
JI원종장3,2019-02-09,69.77,,,,,,,
JI원종장3,2019-02-10,69.77,,,,,,,
JI원종장3,2019-02-11,69.77,,,,,,,
JI원종장3,2019-02-12,69.79,,,,,,,
JI원종장3,2019-02-13,69.81,,,,,,,
JI원종장3,2019-02-14,69.82,,,,,,,
JI원종장3,2019-02-15,69.86,,,,,,,
JI원종장3,2019-02-16,69.84,,,,,,,
JI원종장3,2019-02-17,69.83,,,,,,,
JI원종장3,2019-02-18,69.84,,,,,,,
JI원종장3,2019-02-19,69.88,,,,,,,
JI원종장3,2019-02-20,69.79,,,,,,,
JI원종장3,2019-02-21,69.81,,,,,,,
JI원종장3,2019-02-22,69.86,,,,,,,
JI원종장3,2019-02-23,69.83,,,,,,,
JI원종장3,2019-02-24,69.83,,,,,,,
JI원종장3,2019-02-25,69.84,,,,,,,
JI원종장3,2019-02-26,69.83,,,,,,,
JI원종장3,2019-02-27,69.86,,,,,,,
JI원종장3,2019-02-28,69.86,,,,,,,
JI원종장3,2019-03-01,69.82,,,,,,,
JI원종장3,2019-03-02,69.87,,,,,,,
JI원종장3,2019-03-03,69.91,,,,,,,
JI원종장3,2019-03-04,69.84,,,,,,,
JI원종장3,2019-03-05,69.8,,,,,,,
JI원종장3,2019-03-06,69.87,,,,,,,
JI원종장3,2019-03-07,69.81,,,,,,,
JI원종장3,2019-03-08,69.79,,,,,,,
JI원종장3,2019-03-09,69.86,,,,,,,
JI원종장3,2019-03-10,69.94,,,,,,,
JI원종장3,2019-03-11,69.87,,,,,,,
JI원종장3,2019-03-12,69.85,,,,,,,
JI원종장3,2019-03-13,69.76,,,,,,,
JI원종장3,2019-03-14,69.79,,,,,,,
JI원종장3,2019-03-15,69.85,,,,,,,
JI원종장3,2019-03-16,69.84,,,,,,,
JI원종장3,2019-03-17,69.83,,,,,,,
JI원종장3,2019-03-18,69.86,,,,,,,
JI원종장3,2019-03-19,69.87,,,,,,,
JI원종장3,2019-03-20,69.92,,,,,,,
JI원종장3,2019-03-21,69.88,,,,,,,
JI원종장3,2019-03-22,69.8,,,,,,,
JI원종장3,2019-03-23,69.79,,,,,,,
JI원종장3,2019-03-24,69.82,,,,,,,
JI원종장3,2019-03-25,69.86,,,,,,,
JI원종장3,2019-03-26,69.83,,,,,,,
JI원종장3,2019-03-27,69.86,,,,,,,
JI원종장3,2019-03-28,69.89,,,,,,,
JI원종장3,2019-03-29,69.85,,,,,,,
JI원종장3,2019-03-30,69.83,,,,,,,
JI원종장3,2019-03-31,69.77,,,,,,,
JI원종장3,2019-04-01,69.79,,,,,,,
JI원종장3,2019-04-02,69.82,,,,,,,
JI원종장3,2019-04-03,69.81,,,,,,,
JI원종장3,2019-04-04,69.85,,,,,,,
JI원종장3,2019-04-05,69.89,,,,,,,
JI원종장3,2019-04-06,69.86,,,,,,,
JI원종장3,2019-04-07,69.86,,,,,,,
JI원종장3,2019-04-08,69.8,,,,,,,
JI원종장3,2019-04-09,69.86,,,,,,,
JI원종장3,2019-04-10,69.85,,,,,,,
JI원종장3,2019-04-11,69.79,,,,,,,
JI원종장3,2019-04-12,69.76,,,,,,,
JI원종장3,2019-04-13,69.78,,,,,,,
JI원종장3,2019-04-14,69.82,,,,,,,
JI원종장3,2019-04-15,69.8,,,,,,,
JI원종장3,2019-04-16,69.77,,,,,,,
JI원종장3,2019-04-17,69.77,,,,,,,
JI원종장3,2019-04-18,69.74,,,,,,,
JI원종장3,2019-04-19,69.72,,,,,,,
JI원종장3,2019-04-20,69.73,,,,,,,
JI원종장3,2019-04-21,69.74,,,,,,,
JI원종장3,2019-04-22,69.72,,,,,,,
JI원종장3,2019-04-23,69.76,,,,,,,
JI원종장3,2019-04-24,69.75,,,,,,,
JI원종장3,2019-04-25,69.73,,,,,,,
JI원종장3,2019-04-26,69.69,,,,,,,
JI원종장3,2019-04-27,69.64,,,,,,,
JI원종장3,2019-04-28,69.68,,,,,,,
JI원종장3,2019-04-29,69.73,,,,,,,
JI원종장3,2019-04-30,69.75,,,,,,,
JI원종장3,2019-05-01,69.72,,,,,,,
JI원종장3,2019-05-02,69.72,,,,,,,
JI원종장3,2019-05-03,69.69,,,,,,,
JI원종장3,2019-05-04,69.67,,,,,,,
JI원종장3,2019-05-05,69.69,,,,,,,
JI원종장3,2019-05-06,69.69,,,,,,,
JI원종장3,2019-05-07,69.69,,,,,,,
JI원종장3,2019-05-08,69.69,,,,,,,
JI원종장3,2019-05-09,69.7,,,,,,,
JI원종장3,2019-05-10,69.69,,,,,,,
JI원종장3,2019-05-11,69.65,,,,,,,
JI원종장3,2019-05-12,69.65,,,,,,,
JI원종장3,2019-05-13,69.66,,,,,,,
JI원종장3,2019-05-14,69.66,,,,,,,
JI원종장3,2019-05-15,69.65,,,,,,,
JI원종장3,2019-05-16,69.65,,,,,,,
JI원종장3,2019-05-17,69.66,,,,,,,
JI원종장3,2019-05-18,69.72,,,,,,,
JI원종장3,2019-05-19,69.7,,,,,,,
JI원종장3,2019-05-20,69.7,,,,,,,
JI원종장3,2019-05-21,69.71,,,,,,,
JI원종장3,2019-05-22,69.71,,,,,,,
JI원종장3,2019-05-23,69.7,,,,,,,
JI원종장3,2019-05-24,69.7,,,,,,,
JI원종장3,2019-05-25,69.7,,,,,,,
JI원종장3,2019-05-26,69.7,,,,,,,
JI원종장3,2019-05-27,69.69,,,,,,,
JI원종장3,2019-05-28,69.67,,,,,,,
JI원종장3,2019-05-29,69.67,,,,,,,
JI원종장3,2019-05-30,69.67,,,,,,,
JI원종장3,2019-05-31,69.67,,,,,,,
JI원종장3,2019-06-01,69.65,,,,,,,
JI원종장3,2019-06-02,69.64,,,,,,,
JI원종장3,2019-06-03,69.62,,,,,,,
JI원종장3,2019-06-04,69.62,,,,,,,
JI원종장3,2019-06-05,69.62,,,,,,,
JI원종장3,2019-06-06,69.63,,,,,,,
JI원종장3,2019-06-07,69.61,,,,,,,
JI원종장3,2019-06-08,69.59,,,,,,,
JI원종장3,2019-06-09,69.59,,,,,,,
JI원종장3,2019-06-10,69.58,,,,,,,
JI원종장3,2019-06-11,69.57,,,,,,,
JI원종장3,2019-06-12,69.59,,,,,,,
JI원종장3,2019-06-13,69.6,,,,,,,
JI원종장3,2019-06-14,69.59,,,,,,,
JI원종장3,2019-06-16,69.55,,,,,,,
JI원종장3,2019-06-17,69.57,,,,,,,
JI원종장3,2019-06-18,69.6,,,,,,,
JI원종장3,2019-06-19,69.59,,,,,,,
JI원종장3,2019-06-20,69.57,,,,,,,
JI원종장3,2019-06-21,69.56,,,,,,,
JI원종장3,2019-06-22,69.54,,,,,,,
JI원종장3,2019-06-23,69.54,,,,,,,
JI원종장3,2019-06-24,69.55,,,,,,,
JI원종장3,2019-06-25,69.57,,,,,,,
JI원종장3,2019-06-26,69.57,,,,,,,
JI원종장3,2019-06-27,69.54,,,,,,,
JI원종장3,2019-06-28,69.5,,,,,,,
JI원종장3,2019-06-29,69.49,,,,,,,
JI원종장3,2019-06-30,69.47,,,,,,,
JI원종장3,2019-07-01,69.48,,,,,,,
JI원종장3,2019-07-02,69.5,,,,,,,
JI원종장3,2019-07-03,69.53,,,,,,,
JI원종장3,2019-07-04,69.52,,,,,,,
JI원종장3,2019-07-05,69.5,,,,,,,
JI원종장3,2019-07-06,69.48,,,,,,,
JI원종장3,2019-07-07,69.47,,,,,,,
JI원종장3,2019-07-08,69.47,,,,,,,
JI원종장3,2019-07-09,69.47,,,,,,,
JI원종장3,2019-07-10,69.46,,,,,,,
JI원종장3,2019-07-11,69.44,,,,,,,
JI원종장3,2019-07-12,69.47,,,,,,,
JI원종장3,2019-07-13,69.47,,,,,,,
JI원종장3,2019-07-14,69.44,,,,,,,
JI원종장3,2019-07-15,69.44,,,,,,,
JI원종장3,2019-07-16,69.46,,,,,,,
JI원종장3,2019-07-17,69.48,,,,,,,
JI원종장3,2019-07-18,69.49,,,,,,,
JI원종장3,2019-07-19,69.47,,,,,,,
JI원종장3,2019-07-20,69.48,,,,,,,
JI원종장3,2019-07-22,69.4,,,,,,,
JI원종장3,2019-07-23,69.41,,,,,,,
JI원종장3,2019-07-24,69.41,,,,,,,
JI원종장3,2019-07-25,69.41,,,,,,,
JI원종장3,2019-07-26,69.41,,,,,,,
JI원종장3,2019-07-27,69.4,,,,,,,
JI원종장3,2019-07-28,69.4,,,,,,,
JI원종장3,2019-07-29,69.39,,,,,,,
JI원종장3,2019-07-30,69.4,,,,,,,
JI원종장3,2019-07-31,69.39,,,,,,,
JI원종장3,2019-08-01,69.4,,,,,,,
JI원종장3,2019-08-02,69.41,,,,,,,
JI원종장3,2019-08-03,69.41,,,,,,,
JI원종장3,2019-08-04,69.41,,,,,,,
JI원종장3,2019-08-05,69.41,,,,,,,
JI원종장3,2019-08-06,69.41,,,,,,,
JI원종장3,2019-08-07,69.41,,,,,,,
JI원종장3,2019-08-08,69.41,,,,,,,
JI원종장3,2019-08-09,69.41,,,,,,,
JI원종장3,2019-08-10,69.42,,,,,,,
JI원종장3,2019-08-11,69.45,,,,,,,
JI원종장3,2019-08-12,69.44,,,,,,,
JI원종장3,2019-08-13,69.45,,,,,,,
JI원종장3,2019-08-14,69.45,,,,,,,
JI원종장3,2019-08-15,69.46,,,,,,,
JI원종장3,2019-08-16,69.43,,,,,,,
JI원종장3,2019-08-17,69.39,,,,,,,
JI원종장3,2019-08-18,69.4,,,,,,,
JI원종장3,2019-08-19,69.41,,,,,,,
JI원종장3,2019-08-20,69.43,,,,,,,
JI원종장3,2019-08-21,69.44,,,,,,,
JI원종장3,2019-08-22,69.43,,,,,,,
JI원종장3,2019-08-23,69.44,,,,,,,
JI원종장3,2019-08-24,69.45,,,,,,,
JI원종장3,2019-08-25,69.46,,,,,,,
JI원종장3,2019-08-26,69.47,,,,,,,
JI원종장3,2019-08-27,69.47,,,,,,,
JI원종장3,2019-08-28,69.33,,,,,,,
JI원종장3,2019-08-29,69.33,,,,,,,
JI원종장3,2019-08-30,69.32,,,,,,,
JI원종장3,2019-08-31,69.31,,,,,,,
JI원종장3,2019-09-01,69.26,,,,,,,
JI원종장3,2019-09-02,69.27,,,,,,,
JI원종장3,2019-09-03,69.27,,,,,,,
JI원종장3,2019-09-04,69.26,,,,,,,
JI원종장3,2019-09-05,69.26,,,,,,,
JI원종장3,2019-09-06,69.25,,,,,,,
JI원종장3,2019-09-07,69.22,,,,,,,
JI원종장3,2019-09-08,69.21,,,,,,,
JI원종장3,2019-09-09,69.23,,,,,,,
JI원종장3,2019-09-10,69.24,,,,,,,
JI원종장3,2019-09-11,69.28,,,,,,,
JI원종장3,2019-09-12,69.3,,,,,,,
JI원종장3,2019-09-13,69.32,,,,,,,
JI원종장3,2019-09-14,69.32,,,,,,,
JI원종장3,2019-09-15,69.32,,,,,,,
JI원종장3,2019-09-16,69.32,,,,,,,
JI원종장3,2019-09-17,69.32,,,,,,,
JI원종장3,2019-09-18,69.34,,,,,,,
JI원종장3,2019-09-19,69.37,,,,,,,
JI원종장3,2019-09-20,69.38,,,,,,,
JI원종장3,2019-09-21,69.38,,,,,,,
JI원종장3,2019-09-22,69.38,,,,,,,
JI원종장3,2019-09-23,69.34,,,,,,,
JI원종장3,2019-09-24,69.38,,,,,,,
JI원종장3,2019-09-25,69.42,,,,,,,
JI원종장3,2019-09-26,69.46,,,,,,,
JI원종장3,2019-09-27,69.48,,,,,,,
JI원종장3,2019-09-28,69.49,,,,,,,
JI원종장3,2019-09-29,69.49,,,,,,,
JI원종장3,2019-09-30,69.49,,,,,,,
JI원종장3,2019-10-01,69.49,,,,,,,
JI원종장3,2019-10-02,69.5,,,,,,,
JI원종장3,2019-10-03,69.48,,,,,,,
JI원종장3,2019-10-04,69.48,,,,,,,
JI원종장3,2019-10-05,69.51,,,,,,,
JI원종장3,2019-10-06,69.54,,,,,,,
JI원종장3,2019-10-07,69.58,,,,,,,
JI원종장3,2019-10-08,69.59,,,,,,,
JI원종장3,2019-10-09,69.62,,,,,,,
JI원종장3,2019-10-10,69.64,,,,,,,
JI원종장3,2019-10-11,69.64,,,,,,,
JI원종장3,2019-10-12,69.64,,,,,,,
JI원종장3,2019-10-13,69.64,,,,,,,
JI원종장3,2019-10-14,69.69,,,,,,,
JI원종장3,2019-10-15,69.72,,,,,,,
JI원종장3,2019-10-16,69.74,,,,,,,
JI원종장3,2019-10-17,69.76,,,,,,,
JI원종장3,2019-10-18,69.77,,,,,,,
JI원종장3,2019-10-19,69.76,,,,,,,
JI원종장3,2019-10-20,69.77,,,,,,,
JI원종장3,2019-10-21,69.79,,,,,,,
JI원종장3,2019-10-22,69.78,,,,,,,
JI원종장3,2019-10-23,69.78,,,,,,,
JI원종장3,2019-10-24,69.79,,,,,,,
JI원종장3,2019-10-25,69.8,,,,,,,
JI원종장3,2019-10-26,69.82,,,,,,,
JI원종장3,2019-10-27,69.85,,,,,,,
JI원종장3,2019-10-28,69.86,,,,,,,
JI원종장3,2019-10-29,69.86,,,,,,,
JI원종장3,2019-10-30,69.87,,,,,,,
JI원종장3,2019-10-31,69.89,,,,,,,
JI원종장3,2019-11-01,69.93,,,,,,,
JI원종장3,2019-11-02,69.94,,,,,,,
JI원종장3,2019-11-03,69.94,,,,,,,
JI원종장3,2019-11-04,69.94,,,,,,,
JI원종장3,2019-11-05,69.97,,,,,,,
JI원종장3,2019-11-06,69.98,,,,,,,
JI원종장3,2019-11-07,69.98,,,,,,,
JI원종장3,2019-11-08,69.98,,,,,,,
JI원종장3,2019-11-09,70.01,,,,,,,
JI원종장3,2019-11-10,70.03,,,,,,,
JI원종장3,2019-11-11,70.01,,,,,,,
JI원종장3,2019-11-12,70.01,,,,,,,
JI원종장3,2019-11-13,70.0,,,,,,,
JI원종장3,2019-11-14,69.98,,,,,,,
JI원종장3,2019-11-15,70.02,,,,,,,
JI원종장3,2019-11-16,70.04,,,,,,,
JI원종장3,2019-11-17,70.06,,,,,,,
JI원종장3,2019-11-18,70.04,,,,,,,
JI원종장3,2019-11-19,70.01,,,,,,,
JI원종장3,2019-11-20,70.0,,,,,,,
JI원종장3,2019-11-21,70.06,,,,,,,
JI원종장3,2019-11-22,70.1,,,,,,,
JI원종장3,2019-11-23,70.12,,,,,,,
JI원종장3,2019-11-24,70.15,,,,,,,
JI원종장3,2019-11-25,70.08,,,,,,,
JI원종장3,2019-11-26,70.11,,,,,,,
JI원종장3,2019-11-27,70.14,,,,,,,
JI원종장3,2019-11-28,70.13,,,,,,,
JI원종장3,2019-11-29,70.12,,,,,,,
JI원종장3,2019-11-30,70.17,,,,,,,
JI원종장3,2019-12-01,70.26,,,,,,,
JI원종장3,2019-12-02,70.2,,,,,,,
JI원종장3,2019-12-03,70.17,,,,,,,
JI원종장3,2019-12-04,70.18,,,,,,,
JI원종장3,2019-12-05,70.17,,,,,,,
JI원종장3,2019-12-06,70.21,,,,,,,
JI원종장3,2019-12-07,70.27,,,,,,,
JI원종장3,2019-12-08,70.28,,,,,,,
JI원종장3,2019-12-09,70.31,,,,,,,
JI원종장3,2019-12-10,70.33,,,,,,,
JI원종장3,2019-12-11,70.34,,,,,,,
JI원종장3,2019-12-12,70.26,,,,,,,
JI원종장3,2019-12-13,70.31,,,,,,,
JI원종장3,2019-12-14,70.32,,,,,,,
JI원종장3,2019-12-15,70.34,,,,,,,
JI원종장3,2019-12-16,70.4,,,,,,,
JI원종장3,2019-12-17,70.43,,,,,,,
JI원종장3,2019-12-18,70.37,,,,,,,
JI원종장3,2019-12-19,70.37,,,,,,,
JI원종장3,2019-12-20,70.36,,,,,,,
JI원종장3,2019-12-21,70.42,,,,,,,
JI원종장3,2019-12-22,70.49,,,,,,,
JI원종장3,2019-12-23,70.44,,,,,,,
JI원종장3,2019-12-24,70.43,,,,,,,
JI원종장3,2019-12-25,70.49,,,,,,,
JI원종장3,2019-12-26,70.54,,,,,,,
JI원종장3,2019-12-27,70.44,,,,,,,
JI원종장3,2019-12-28,70.45,,,,,,,
JI원종장3,2019-12-29,70.53,,,,,,,
JI원종장3,2019-12-30,70.52,,,,,,,
JI원종장3,2019-12-31,70.46,,,,,,,
JI원종장3,2020-01-01,70.51,,,,,,,
JI원종장3,2020-01-02,70.55,,,,,,,
JI원종장3,2020-01-03,70.58,,,,,,,
JI원종장3,2020-01-04,70.58,,,,,,,
JI원종장3,2020-01-05,70.56,,,,,,,
JI원종장3,2020-01-06,70.62,,,,,,,
JI원종장3,2020-01-07,70.7,,,,,,,
JI원종장3,2020-01-08,70.61,,,,,,,
JI원종장3,2020-01-09,70.58,,,,,,,
JI원종장3,2020-01-10,70.63,,,,,,,
JI원종장3,2020-01-11,70.65,,,,,,,
JI원종장3,2020-01-12,70.66,,,,,,,
JI원종장3,2020-01-13,70.62,,,,,,,
JI원종장3,2020-01-14,70.64,,,,,,,
JI원종장3,2020-01-15,70.62,,,,,,,
JI원종장3,2020-01-16,70.67,,,,,,,
JI원종장3,2020-01-17,70.69,,,,,,,
JI원종장3,2020-01-18,70.7,,,,,,,
JI원종장3,2020-01-19,70.69,,,,,,,
JI원종장3,2020-01-20,70.67,,,,,,,
JI원종장3,2020-01-21,70.65,,,,,,,
JI원종장3,2020-01-22,70.73,,,,,,,
JI원종장3,2020-01-23,70.73,,,,,,,
JI원종장3,2020-01-24,70.68,,,,,,,
JI원종장3,2020-01-25,70.72,,,,,,,
JI원종장3,2020-01-26,70.77,,,,,,,
JI원종장3,2020-01-27,70.84,,,,,,,
JI원종장3,2020-01-28,70.76,,,,,,,
JI원종장3,2020-01-29,70.77,,,,,,,
JI원종장3,2020-01-30,70.78,,,,,,,
JI원종장3,2020-01-31,70.73,,,,,,,
JI원종장3,2020-02-01,70.71,,,,,,,
JI원종장3,2020-02-02,70.74,,,,,,,
JI원종장3,2020-02-03,70.76,,,,,,,
JI원종장3,2020-02-04,70.77,,,,,,,
JI원종장3,2020-02-05,70.76,,,,,,,
JI원종장3,2020-02-06,70.76,,,,,,,
JI원종장3,2020-02-07,70.8,,,,,,,
JI원종장3,2020-02-08,70.81,,,,,,,
JI원종장3,2020-02-09,70.82,,,,,,,
JI원종장3,2020-02-10,70.82,,,,,,,
JI원종장3,2020-02-11,70.81,,,,,,,
JI원종장3,2020-02-12,70.9,,,,,,,
JI원종장3,2020-02-13,70.85,,,,,,,
JI원종장3,2020-02-14,70.85,,,,,,,
JI원종장3,2020-02-15,70.87,,,,,,,
JI원종장3,2020-02-16,70.85,,,,,,,
JI원종장3,2020-02-17,70.82,,,,,,,
JI원종장3,2020-02-18,70.78,,,,,,,
JI원종장3,2020-02-19,70.8,,,,,,,
JI원종장3,2020-02-20,70.8,,,,,,,
JI원종장3,2020-02-21,70.85,,,,,,,
JI원종장3,2020-02-22,70.87,,,,,,,
JI원종장3,2020-02-23,70.85,,,,,,,
JI원종장3,2020-02-24,70.91,,,,,,,
JI원종장3,2020-02-25,70.96,,,,,,,
JI원종장3,2020-02-26,70.87,,,,,,,
JI원종장3,2020-02-27,70.84,,,,,,,
JI원종장3,2020-02-28,70.92,,,,,,,
JI원종장3,2020-02-29,70.95,,,,,,,
JI원종장3,2020-03-01,70.9,,,,,,,
JI원종장3,2020-03-02,70.86,,,,,,,
JI원종장3,2020-03-03,70.88,,,,,,,
JI원종장3,2020-03-04,70.89,,,,,,,
JI원종장3,2020-03-05,70.88,,,,,,,
JI원종장3,2020-03-06,70.92,,,,,,,
JI원종장3,2020-03-07,70.96,,,,,,,
JI원종장3,2020-03-08,70.92,,,,,,,
JI원종장3,2020-03-09,70.99,,,,,,,
JI원종장3,2020-03-10,70.97,,,,,,,
JI원종장3,2020-03-11,70.85,,,,,,,
JI원종장3,2020-03-12,70.87,,,,,,,
JI원종장3,2020-03-13,70.9,,,,,,,
JI원종장3,2020-03-14,70.93,,,,,,,
JI원종장3,2020-03-15,70.95,,,,,,,
JI원종장3,2020-03-16,70.88,,,,,,,
JI원종장3,2020-03-17,70.93,,,,,,,
JI원종장3,2020-03-18,70.96,,,,,,,
JI원종장3,2020-03-19,70.97,,,,,,,
JI원종장3,2020-03-20,70.91,,,,,,,
JI원종장3,2020-03-21,70.95,,,,,,,
JI원종장3,2020-03-22,70.95,,,,,,,
JI원종장3,2020-03-23,70.89,,,,,,,
JI원종장3,2020-03-24,70.9,,,,,,,
JI원종장3,2020-03-25,70.92,,,,,,,
JI원종장3,2020-03-26,70.97,,,,,,,
JI원종장3,2020-03-27,70.95,,,,,,,
JI원종장3,2020-03-28,70.91,,,,,,,
JI원종장3,2020-03-29,70.91,,,,,,,
JI원종장3,2020-03-30,70.93,,,,,,,
JI원종장3,2020-03-31,70.95,,,,,,,
JI원종장3,2020-04-01,70.95,,,,,,,
JI원종장3,2020-04-02,70.89,,,,,,,
JI원종장3,2020-04-03,70.91,,,,,,,
JI원종장3,2020-04-04,70.92,,,,,,,
JI원종장3,2020-04-05,70.92,,,,,,,
JI원종장3,2020-04-06,70.94,,,,,,,
JI원종장3,2020-04-07,70.96,,,,,,,
JI원종장3,2020-04-08,70.94,,,,,,,
JI원종장3,2020-04-09,70.9,,,,,,,
JI원종장3,2020-04-10,70.9,,,,,,,
JI원종장3,2020-04-11,70.96,,,,,,,
JI원종장3,2020-04-12,71.01,,,,,,,
JI원종장3,2020-04-13,70.95,,,,,,,
JI원종장3,2020-04-14,70.9,,,,,,,
JI원종장3,2020-04-15,70.94,,,,,,,
JI원종장3,2020-04-16,70.92,,,,,,,
JI원종장3,2020-04-17,70.95,,,,,,,
JI원종장3,2020-04-18,70.9,,,,,,,
JI원종장3,2020-04-19,70.99,,,,,,,
JI원종장3,2020-04-20,70.92,,,,,,,
JI원종장3,2020-04-21,70.88,,,,,,,
JI원종장3,2020-04-22,70.88,,,,,,,
JI원종장3,2020-04-23,70.89,,,,,,,
JI원종장3,2020-04-24,70.9,,,,,,,
JI원종장3,2020-04-25,70.92,,,,,,,
JI원종장3,2020-04-26,70.89,,,,,,,
JI원종장3,2020-04-27,70.86,,,,,,,
JI원종장3,2020-04-28,70.86,,,,,,,
JI원종장3,2020-04-29,70.89,,,,,,,
JI원종장3,2020-04-30,70.89,,,,,,,
JI원종장3,2020-05-01,70.9,,,,,,,
JI원종장3,2020-05-02,70.91,,,,,,,
JI원종장3,2020-05-03,70.96,,,,,,,
JI원종장3,2020-05-04,70.88,,,,,,,
JI원종장3,2020-05-05,70.86,,,,,,,
JI원종장3,2020-05-06,70.86,,,,,,,
JI원종장3,2020-05-07,70.83,,,,,,,
JI원종장3,2020-05-08,70.85,,,,,,,
JI원종장3,2020-05-09,70.9,,,,,,,
JI원종장3,2020-05-10,70.86,,,,,,,
JI원종장3,2020-05-11,70.84,,,,,,,
JI원종장3,2020-05-12,70.86,,,,,,,
JI원종장3,2020-05-13,70.79,,,,,,,
JI원종장3,2020-05-14,70.82,,,,,,,
JI원종장3,2020-05-15,70.89,,,,,,,
JI원종장3,2020-05-16,70.87,,,,,,,
JI원종장3,2020-05-17,70.86,,,,,,,
JI원종장3,2020-05-18,70.88,,,,,,,
JI원종장3,2020-05-19,70.83,,,,,,,
JI원종장3,2020-05-20,70.76,,,,,,,
JI원종장3,2020-05-21,70.76,,,,,,,
JI원종장3,2020-05-22,70.8,,,,,,,
JI원종장3,2020-05-23,70.81,,,,,,,
JI원종장3,2020-05-24,70.8,,,,,,,
JI원종장3,2020-05-25,70.79,,,,,,,
JI원종장3,2020-05-26,70.8,,,,,,,
JI원종장3,2020-05-27,70.8,,,,,,,
JI원종장3,2020-05-28,70.78,,,,,,,
JI원종장3,2020-05-29,70.74,,,,,,,
JI원종장3,2020-05-30,70.75,,,,,,,
JI원종장3,2020-05-31,70.79,,,,,,,
JI원종장3,2020-06-01,70.78,,,,,,,
JI원종장3,2020-06-02,70.78,,,,,,,
JI원종장3,2020-06-03,70.8,,,,,,,
JI원종장3,2020-06-04,70.78,,,,,,,
JI원종장3,2020-06-05,70.75,,,,,,,
JI원종장3,2020-06-06,70.75,,,,,,,
JI원종장3,2020-06-07,70.72,,,,,,,
JI원종장3,2020-06-08,70.72,,,,,,,
JI원종장3,2020-06-09,70.73,,,,,,,
JI원종장3,2020-06-10,70.75,,,,,,,
JI원종장3,2020-06-11,70.78,,,,,,,
JI원종장3,2020-06-12,70.76,,,,,,,
JI원종장3,2020-06-13,70.75,,,,,,,
JI원종장3,2020-06-14,70.75,,,,,,,
JI원종장3,2020-06-15,70.75,,,,,,,
JI원종장3,2020-06-16,70.75,,,,,,,
JI원종장3,2020-06-17,70.74,,,,,,,
JI원종장3,2020-06-18,70.73,,,,,,,
JI원종장3,2020-06-19,70.7,,,,,,,
JI원종장3,2020-06-20,70.71,,,,,,,
JI원종장3,2020-06-21,70.74,,,,,,,
JI원종장3,2020-06-22,70.73,,,,,,,
JI원종장3,2020-06-23,70.73,,,,,,,
JI원종장3,2020-06-24,70.73,,,,,,,
JI원종장3,2020-06-25,70.71,,,,,,,
JI원종장3,2020-06-26,70.71,,,,,,,
JI원종장3,2020-06-27,70.72,,,,,,,
JI원종장3,2020-06-28,70.71,,,,,,,
JI원종장3,2020-06-29,70.7,,,,,,,
JI원종장3,2020-06-30,70.68,,,,,,,
JI원종장3,2020-07-01,70.66,,,,,,,
JI원종장3,2020-07-02,70.68,,,,,,,
JI원종장3,2020-07-03,70.71,,,,,,,
JI원종장3,2020-07-04,70.71,,,,,,,
JI원종장3,2020-07-05,70.71,,,,,,,
JI원종장3,2020-07-06,70.73,,,,,,,
JI원종장3,2020-07-07,70.71,,,,,,,
JI원종장3,2020-07-08,70.7,,,,,,,
JI원종장3,2020-07-09,70.71,,,,,,,
JI원종장3,2020-07-10,70.71,,,,,,,
JI원종장3,2020-07-11,70.71,,,,,,,
JI원종장3,2020-07-12,70.74,,,,,,,
JI원종장3,2020-07-13,70.74,,,,,,,
JI원종장3,2020-07-14,70.73,,,,,,,
JI원종장3,2020-07-15,70.73,,,,,,,
JI원종장3,2020-07-16,70.74,,,,,,,
JI원종장3,2020-07-17,70.75,,,,,,,
JI원종장3,2020-07-18,70.77,,,,,,,
JI원종장3,2020-07-19,70.78,,,,,,,
JI원종장3,2020-07-20,70.78,,,,,,,
JI원종장3,2020-07-21,70.79,,,,,,,
JI원종장3,2020-07-22,70.81,,,,,,,
JI원종장3,2020-07-23,70.82,,,,,,,
JI원종장3,2020-07-24,70.8,,,,,,,
JI원종장3,2020-07-25,70.78,,,,,,,
JI원종장3,2020-07-26,70.78,,,,,,,
JI원종장3,2020-07-27,70.8,,,,,,,
JI원종장3,2020-07-28,70.81,,,,,,,
JI원종장3,2020-07-29,70.82,,,,,,,
JI원종장3,2020-07-30,70.83,,,,,,,
JI원종장3,2020-07-31,70.85,,,,,,,
JI원종장3,2020-08-01,70.86,,,,,,,
JI원종장3,2020-08-02,70.86,,,,,,,
JI원종장3,2020-08-03,70.85,,,,,,,
JI원종장3,2020-08-04,70.85,,,,,,,
JI원종장3,2020-08-05,70.86,,,,,,,
JI원종장3,2020-08-06,70.86,,,,,,,
JI원종장3,2020-08-07,70.86,,,,,,,
JI원종장3,2020-08-08,70.85,,,,,,,
JI원종장3,2020-08-09,70.83,,,,,,,
JI원종장3,2020-08-10,70.82,,,,,,,
JI원종장3,2020-08-11,70.82,,,,,,,
JI원종장3,2020-08-12,70.85,,,,,,,
JI원종장3,2020-08-13,70.87,,,,,,,
JI원종장3,2020-08-14,70.87,,,,,,,
JI원종장3,2020-08-15,70.87,,,,,,,
JI원종장3,2020-08-16,70.87,,,,,,,
JI원종장3,2020-08-17,70.88,,,,,,,
JI원종장3,2020-08-18,70.89,,,,,,,
JI원종장3,2020-08-19,70.88,,,,,,,
JI원종장3,2020-08-20,70.87,,,,,,,
JI원종장3,2020-08-21,70.87,,,,,,,
JI원종장3,2020-08-22,70.88,,,,,,,
JI원종장3,2020-08-23,70.88,,,,,,,
JI원종장3,2020-08-24,70.86,,,,,,,
JI원종장3,2020-08-25,70.84,,,,,,,
JI원종장3,2020-08-26,70.83,,,,,,,
JI원종장3,2020-08-27,70.8,,,,,,,
JI원종장3,2020-08-28,70.8,,,,,,,
JI원종장3,2020-08-29,70.83,,,,,,,
JI원종장3,2020-08-30,70.85,,,,,,,
JI원종장3,2020-08-31,70.87,,,,,,,
JI원종장3,2020-09-01,70.87,,,,,,,
JI원종장3,2020-09-02,70.91,,,,,,,
JI원종장3,2020-09-03,70.81,,,,,,,
JI원종장3,2020-09-04,70.79,,,,,,,
JI원종장3,2020-09-05,70.84,,,,,,,
JI원종장3,2020-09-06,70.86,,,,,,,
JI원종장3,2020-09-07,70.83,,,,,,,
JI원종장3,2020-09-08,70.82,,,,,,,
JI원종장3,2020-09-09,70.87,,,,,,,
JI원종장3,2020-09-10,70.9,,,,,,,
JI원종장3,2020-09-11,70.9,,,,,,,
JI원종장3,2020-09-12,70.91,,,,,,,
JI원종장3,2020-09-13,70.93,,,,,,,
JI원종장3,2020-09-14,70.96,,,,,,,
JI원종장3,2020-09-15,70.97,,,,,,,
JI원종장3,2020-09-16,70.98,,,,,,,
JI원종장3,2020-09-17,70.98,,,,,,,
JI원종장3,2020-09-18,70.99,,,,,,,
JI원종장3,2020-09-19,71.02,,,,,,,
JI원종장3,2020-09-20,71.06,,,,,,,
JI원종장3,2020-09-21,71.08,,,,,,,
JI원종장3,2020-09-22,71.09,,,,,,,
JI원종장3,2020-09-23,71.09,,,,,,,
JI원종장3,2020-09-24,71.09,,,,,,,
JI원종장3,2020-09-25,71.09,,,,,,,
JI원종장3,2020-09-26,71.09,,,,,,,
JI원종장3,2020-09-27,71.11,,,,,,,
JI원종장3,2020-09-28,71.14,,,,,,,
JI원종장3,2020-09-29,71.14,,,,,,,
JI원종장3,2020-09-30,71.12,,,,,,,
JI원종장3,2020-10-01,71.12,,,,,,,
JI원종장3,2020-10-02,71.14,,,,,,,
JI원종장3,2020-10-03,71.16,,,,,,,
JI원종장3,2020-10-04,71.18,,,,,,,
JI원종장3,2020-10-05,71.18,,,,,,,
JI원종장3,2020-10-06,71.2,,,,,,,
JI원종장3,2020-10-07,71.23,,,,,,,
JI원종장3,2020-10-08,71.25,,,,,,,
JI원종장3,2020-10-09,71.25,,,,,,,
JI원종장3,2020-10-10,71.26,,,,,,,
JI원종장3,2020-10-11,71.25,,,,,,,
JI원종장3,2020-10-12,71.24,,,,,,,
JI원종장3,2020-10-13,71.25,,,,,,,
JI원종장3,2020-10-14,71.26,,,,,,,
JI원종장3,2020-10-15,71.29,,,,,,,
JI원종장3,2020-10-16,71.31,,,,,,,
JI원종장3,2020-10-17,71.31,,,,,,,
JI원종장3,2020-10-18,71.33,,,,,,,
JI원종장3,2020-10-19,71.33,,,,,,,
JI원종장3,2020-10-20,71.34,,,,,,,
JI원종장3,2020-10-21,71.36,,,,,,,
JI원종장3,2020-10-22,71.34,,,,,,,
JI원종장3,2020-10-23,71.32,,,,,,,
JI원종장3,2020-10-24,71.32,,,,,,,
JI원종장3,2020-10-25,71.36,,,,,,,
JI원종장3,2020-10-26,71.38,,,,,,,
JI원종장3,2020-10-27,71.38,,,,,,,
JI원종장3,2020-10-28,71.35,,,,,,,
JI원종장3,2020-10-29,71.32,,,,,,,
JI원종장3,2020-10-30,71.33,,,,,,,
JI원종장3,2020-10-31,71.35,,,,,,,
JI원종장3,2020-11-01,71.36,,,,,,,
JI원종장3,2020-11-02,71.36,,,,,,,
JI원종장3,2020-11-03,71.35,,,,,,,
JI원종장3,2020-11-04,71.37,,,,,,,
JI원종장3,2020-11-05,71.39,,,,,,,
JI원종장3,2020-11-06,71.42,,,,,,,
JI원종장3,2020-11-07,71.41,,,,,,,
JI원종장3,2020-11-08,71.41,,,,,,,
JI원종장3,2020-11-09,71.42,,,,,,,
JI원종장3,2020-11-10,71.35,,,,,,,
JI원종장3,2020-11-11,71.28,,,,,,,
JI원종장3,2020-11-12,71.31,,,,,,,
JI원종장3,2020-11-13,71.32,,,,,,,
JI원종장3,2020-11-14,71.33,,,,,,,
JI원종장3,2020-11-15,71.34,,,,,,,
JI원종장3,2020-11-16,71.34,,,,,,,
JI원종장3,2020-11-17,71.34,,,,,,,
JI원종장3,2020-11-18,71.34,,,,,,,
JI원종장3,2020-11-19,71.32,,,,,,,
JI원종장3,2020-11-20,71.3,,,,,,,
JI원종장3,2020-11-21,71.32,,,,,,,
JI원종장3,2020-11-22,71.35,,,,,,,
JI원종장3,2020-11-23,71.37,,,,,,,
JI원종장3,2020-11-24,71.4,,,,,,,
JI원종장3,2020-11-25,71.43,,,,,,,
JI원종장3,2020-11-26,71.44,,,,,,,
JI원종장3,2020-11-27,71.45,,,,,,,
JI원종장3,2020-11-28,71.46,,,,,,,
JI원종장3,2020-11-29,71.48,,,,,,,
JI원종장3,2020-11-30,71.5,,,,,,,
JI원종장3,2020-12-01,71.53,,,,,,,
JI원종장3,2020-12-02,71.55,,,,,,,
JI원종장3,2020-12-03,71.54,,,,,,,
JI원종장3,2020-12-04,71.55,,,,,,,
JI원종장3,2020-12-05,71.56,,,,,,,
JI원종장3,2020-12-06,71.57,,,,,,,
JI원종장3,2020-12-07,71.58,,,,,,,
JI원종장3,2020-12-08,71.58,,,,,,,
JI원종장3,2020-12-09,71.59,,,,,,,
JI원종장3,2020-12-10,71.59,,,,,,,
JI원종장3,2020-12-11,71.58,,,,,,,
JI원종장3,2020-12-12,71.57,,,,,,,
JI원종장3,2020-12-13,71.56,,,,,,,
JI원종장3,2020-12-14,71.57,,,,,,,
JI원종장3,2020-12-15,71.61,,,,,,,
JI원종장3,2020-12-16,71.64,,,,,,,
JI원종장3,2020-12-17,71.66,,,,,,,
JI원종장3,2020-12-18,71.67,,,,,,,
JI원종장3,2020-12-19,71.68,,,,,,,
JI원종장3,2020-12-20,71.7,,,,,,,
JI원종장3,2020-12-21,71.71,,,,,,,
JI원종장3,2020-12-22,71.71,,,,,,,
JI원종장3,2020-12-23,71.7,,,,,,,
JI원종장3,2020-12-24,71.68,,,,,,,
JI원종장3,2020-12-25,71.66,,,,,,,
JI원종장3,2020-12-26,71.68,,,,,,,
JI원종장3,2020-12-27,71.69,,,,,,,
JI원종장3,2020-12-28,71.67,,,,,,,
JI원종장3,2020-12-29,71.68,,,,,,,
JI원종장3,2020-12-30,71.67,,,,,,,
JI원종장3,2020-12-31,71.69,,,,,,,
JI원종장3,2021-01-01,71.71,,,,,,,
JI원종장3,2021-01-02,71.73,,,,,,,
JI원종장3,2021-01-03,71.74,,,,,,,
JI원종장3,2021-01-04,71.77,,,,,,,
JI원종장3,2021-01-05,71.77,,,,,,,
JI원종장3,2021-01-06,71.76,,,,,,,
JI원종장3,2021-01-07,71.75,,,,,,,
JI원종장3,2021-01-08,71.74,,,,,,,
JI원종장3,2021-01-09,71.73,,,,,,,
JI원종장3,2021-01-10,71.74,,,,,,,
JI원종장3,2021-01-11,71.75,,,,,,,
JI원종장3,2021-01-12,71.74,,,,,,,
JI원종장3,2021-01-13,71.72,,,,,,,
JI원종장3,2021-01-14,71.71,,,,,,,
JI원종장3,2021-01-15,71.71,,,,,,,
JI원종장3,2021-01-16,71.7,,,,,,,
JI원종장3,2021-01-17,71.73,,,,,,,
JI원종장3,2021-01-18,71.74,,,,,,,
JI원종장3,2021-01-19,71.74,,,,,,,
JI원종장3,2021-01-20,71.76,,,,,,,
JI원종장3,2021-01-21,71.76,,,,,,,
JI원종장3,2021-01-22,71.74,,,,,,,
JI원종장3,2021-01-23,71.71,,,,,,,
JI원종장3,2021-01-24,71.69,,,,,,,
JI원종장3,2021-01-25,71.71,,,,,,,
JI원종장3,2021-01-26,71.7,,,,,,,
JI원종장3,2021-01-27,71.69,,,,,,,
JI원종장3,2021-01-28,71.69,,,,,,,
JI원종장3,2021-01-29,71.69,,,,,,,
JI원종장3,2021-01-30,71.71,,,,,,,
JI원종장3,2021-01-31,71.73,,,,,,,
JI원종장3,2021-02-01,71.73,,,,,,,
JI원종장3,2021-02-02,71.7,,,,,,,
JI원종장3,2021-02-03,71.71,,,,,,,
JI원종장3,2021-02-04,71.72,,,,,,,
JI원종장3,2021-02-05,71.72,,,,,,,
JI원종장3,2021-02-06,71.7,,,,,,,
JI원종장3,2021-02-07,71.67,,,,,,,
JI원종장3,2021-02-08,71.67,,,,,,,
JI원종장3,2021-02-09,71.69,,,,,,,
JI원종장3,2021-02-10,71.7,,,,,,,
JI원종장3,2021-02-11,71.69,,,,,,,
JI원종장3,2021-02-12,71.68,,,,,,,
JI원종장3,2021-02-13,71.68,,,,,,,
JI원종장3,2021-02-14,71.67,,,,,,,
JI원종장3,2021-02-15,71.63,,,,,,,
JI원종장3,2021-02-16,71.61,,,,,,,
JI원종장3,2021-02-17,71.61,,,,,,,
JI원종장3,2021-02-18,71.61,,,,,,,
JI원종장3,2021-02-19,71.62,,,,,,,
JI원종장3,2021-02-20,71.61,,,,,,,
JI원종장3,2021-02-21,71.59,,,,,,,
JI원종장3,2021-02-22,71.57,,,,,,,
JI원종장3,2021-02-23,71.57,,,,,,,
JI원종장3,2021-02-24,71.58,,,,,,,
JI원종장3,2021-02-25,71.59,,,,,,,
JI원종장3,2021-02-26,71.56,,,,,,,
JI원종장3,2021-02-27,71.54,,,,,,,
JI원종장3,2021-02-28,71.56,,,,,,,
JI원종장3,2021-03-01,71.57,,,,,,,
JI원종장3,2021-03-02,71.54,,,,,,,
JI원종장3,2021-03-03,71.56,,,,,,,
JI원종장3,2021-03-04,71.58,,,,,,,
JI원종장3,2021-03-05,71.55,,,,,,,
JI원종장3,2021-03-06,71.54,,,,,,,
JI원종장3,2021-03-07,71.55,,,,,,,
JI원종장3,2021-03-08,71.56,,,,,,,
JI원종장3,2021-03-09,71.56,,,,,,,
JI원종장3,2021-03-10,71.56,,,,,,,
JI원종장3,2021-03-11,71.56,,,,,,,
JI원종장3,2021-03-12,71.54,,,,,,,
JI원종장3,2021-03-13,71.51,,,,,,,
JI원종장3,2021-03-14,71.5,,,,,,,
JI원종장3,2021-03-15,71.49,,,,,,,
JI원종장3,2021-03-16,71.47,,,,,,,
JI원종장3,2021-03-17,71.45,,,,,,,
JI원종장3,2021-03-18,71.44,,,,,,,
JI원종장3,2021-03-19,71.44,,,,,,,
JI원종장3,2021-03-20,71.42,,,,,,,
JI원종장3,2021-03-21,71.4,,,,,,,
JI원종장3,2021-03-22,71.41,,,,,,,
JI원종장3,2021-03-23,71.44,,,,,,,
JI원종장3,2021-03-24,71.45,,,,,,,
JI원종장3,2021-03-25,71.44,,,,,,,
JI원종장3,2021-03-26,71.44,,,,,,,
JI원종장3,2021-03-27,71.43,,,,,,,
JI원종장3,2021-03-28,71.38,,,,,,,
JI원종장3,2021-03-29,71.34,,,,,,,
JI원종장3,2021-03-30,71.33,,,,,,,
JI원종장3,2021-03-31,71.33,,,,,,,
JI원종장3,2021-04-01,71.33,,,,,,,
JI원종장3,2021-04-02,71.33,,,,,,,
JI원종장3,2021-04-03,71.33,,,,,,,
JI원종장3,2021-04-04,71.32,,,,,,,
JI원종장3,2021-04-05,71.33,,,,,,,
JI원종장3,2021-04-06,71.35,,,,,,,
JI원종장3,2021-04-07,71.46,,,,,,,
JI원종장3,2021-04-08,71.64,,,,,,,
JI원종장3,2021-04-09,71.63,,,,,,,
JI원종장3,2021-04-10,71.63,,,,,,,
JI원종장3,2021-04-11,71.66,,,,,,,
JI원종장3,2021-04-12,71.65,,,,,,,
JI원종장3,2021-04-13,71.6,,,,,,,
JI원종장3,2021-04-14,71.57,,,,,,,
JI원종장3,2021-04-15,71.56,,,,,,,
JI원종장3,2021-04-16,71.55,,,,,,,
JI원종장3,2021-04-17,71.53,,,,,,,
JI원종장3,2021-04-18,71.52,,,,,,,
JI원종장3,2021-04-19,71.52,,,,,,,
JI원종장3,2021-04-20,71.51,,,,,,,
JI원종장3,2021-04-21,71.51,,,,,,,
JI원종장3,2021-04-22,71.5,,,,,,,
JI원종장3,2021-04-23,71.47,,,,,,,
JI원종장3,2021-04-24,71.44,,,,,,,
JI원종장3,2021-04-25,71.44,,,,,,,
JI원종장3,2021-04-26,71.45,,,,,,,
JI원종장3,2021-04-27,71.45,,,,,,,
JI원종장3,2021-04-28,71.43,,,,,,,
JI원종장3,2021-04-29,71.41,,,,,,,
JI원종장3,2021-04-30,71.36,,,,,,,
JI원종장3,2021-05-01,71.32,,,,,,,
JI원종장3,2021-05-02,71.32,,,,,,,
JI원종장3,2021-05-03,71.35,,,,,,,
JI원종장3,2021-05-04,71.38,,,,,,,
JI원종장3,2021-05-05,71.36,,,,,,,
JI원종장3,2021-05-06,71.37,,,,,,,
JI원종장3,2021-05-07,71.37,,,,,,,
JI원종장3,2021-05-08,71.33,,,,,,,
JI원종장3,2021-05-09,71.3,,,,,,,
JI원종장3,2021-05-10,71.29,,,,,,,
JI원종장3,2021-05-11,71.29,,,,,,,
JI원종장3,2021-05-12,71.28,,,,,,,
JI원종장3,2021-05-13,71.27,,,,,,,
JI원종장3,2021-05-14,71.28,,,,,,,
JI원종장3,2021-05-15,71.27,,,,,,,
JI원종장3,2021-05-16,71.26,,,,,,,
JI원종장3,2021-05-17,71.23,,,,,,,
JI원종장3,2021-05-18,71.24,,,,,,,
JI원종장3,2021-05-19,71.25,,,,,,,
JI원종장3,2021-05-20,71.25,,,,,,,
JI원종장3,2021-05-21,71.22,,,,,,,
JI원종장3,2021-05-22,71.22,,,,,,,
JI원종장3,2021-05-23,71.23,,,,,,,
JI원종장3,2021-05-24,71.23,,,,,,,
JI원종장3,2021-05-25,71.22,,,,,,,
JI원종장3,2021-05-26,71.22,,,,,,,
JI원종장3,2021-05-27,71.21,,,,,,,
JI원종장3,2021-05-28,71.18,,,,,,,
JI원종장3,2021-05-29,71.17,,,,,,,
JI원종장3,2021-05-30,71.18,,,,,,,
JI원종장3,2021-05-31,71.19,,,,,,,
JI원종장3,2021-06-01,71.2,,,,,,,
JI원종장3,2021-06-02,71.21,,,,,,,
JI원종장3,2021-06-03,71.2,,,,,,,
JI원종장3,2021-06-04,71.16,,,,,,,
JI원종장3,2021-06-05,71.14,,,,,,,
JI원종장3,2021-06-06,71.13,,,,,,,
JI원종장3,2021-06-07,71.15,,,,,,,
JI원종장3,2021-06-08,71.18,,,,,,,
JI원종장3,2021-06-09,71.19,,,,,,,
JI원종장3,2021-06-10,71.19,,,,,,,
JI원종장3,2021-06-11,71.17,,,,,,,
JI원종장3,2021-06-12,71.16,,,,,,,
JI원종장3,2021-06-13,71.16,,,,,,,
JI원종장3,2021-06-14,71.15,,,,,,,
JI원종장3,2021-06-15,71.13,,,,,,,
JI원종장3,2021-06-16,71.08,,,,,,,
JI원종장3,2021-06-17,71.07,,,,,,,
JI원종장3,2021-06-18,71.08,,,,,,,
JI원종장3,2021-06-19,71.07,,,,,,,
JI원종장3,2021-06-20,71.06,,,,,,,
JI원종장3,2021-06-21,71.06,,,,,,,
JI원종장3,2021-06-22,71.06,,,,,,,
JI원종장3,2021-06-23,71.07,,,,,,,
JI원종장3,2021-06-24,71.09,,,,,,,
JI원종장3,2021-06-25,71.09,,,,,,,
JI원종장3,2021-06-26,71.09,,,,,,,
JI원종장3,2021-06-27,71.08,,,,,,,
JI원종장3,2021-06-28,71.06,,,,,,,
JI원종장3,2021-06-29,71.04,,,,,,,
JI원종장3,2021-06-30,71.04,,,,,,,
JI원종장3,2021-07-01,71.04,,,,,,,
JI원종장3,2021-07-02,71.05,,,,,,,
JI원종장3,2021-07-03,71.05,,,,,,,
JI원종장3,2021-07-04,71.04,,,,,,,
JI원종장3,2021-07-05,71.05,,,,,,,
JI원종장3,2021-07-06,71.07,,,,,,,
JI원종장3,2021-07-07,71.07,,,,,,,
JI원종장3,2021-07-08,71.07,,,,,,,
JI원종장3,2021-07-09,71.06,,,,,,,
JI원종장3,2021-07-10,71.05,,,,,,,
JI원종장3,2021-07-11,71.06,,,,,,,
JI원종장3,2021-07-12,71.07,,,,,,,
JI원종장3,2021-07-13,71.07,,,,,,,
JI원종장3,2021-07-14,71.07,,,,,,,
JI원종장3,2021-07-15,71.08,,,,,,,
JI원종장3,2021-07-16,71.08,,,,,,,
JI원종장3,2021-07-17,71.14,,,,,,,
JI원종장3,2021-07-18,71.17,,,,,,,
JI원종장3,2021-07-19,71.16,,,,,,,
JI원종장3,2021-07-20,71.17,,,,,,,
JI원종장3,2021-07-21,71.17,,,,,,,
JI원종장3,2021-07-22,71.16,,,,,,,
JI원종장3,2021-07-23,71.15,,,,,,,
JI원종장3,2021-07-24,71.13,,,,,,,
JI원종장3,2021-07-25,71.12,,,,,,,
JI원종장3,2021-07-26,71.1,,,,,,,
JI원종장3,2021-07-27,71.08,,,,,,,
JI원종장3,2021-07-28,71.06,,,,,,,
JI원종장3,2021-07-29,71.05,,,,,,,
JI원종장3,2021-07-31,70.98,,,,,,,
JI원종장3,2021-08-10,70.85,,,,,,,
JI원종장3,2021-08-11,70.88,,,,,,,
JI원종장3,2021-08-12,70.91,,,,,,,
JI원종장3,2021-08-13,70.93,,,,,,,
JI원종장3,2021-08-14,70.91,,,,,,,
JI원종장3,2021-08-15,70.83,,,,,,,
JI원종장3,2021-08-16,70.85,,,,,,,
JI원종장3,2021-08-17,70.87,,,,,,,
JI원종장3,2021-08-18,70.86,,,,,,,
JI원종장3,2021-08-19,70.83,,,,,,,
JI원종장3,2021-08-20,70.84,,,,,,,
JI원종장3,2021-08-21,70.88,,,,,,,
JI원종장3,2021-08-22,70.84,,,,,,,
JI원종장3,2021-08-23,70.87,,,,,,,
JI원종장3,2021-08-24,70.89,,,,,,,
JI원종장3,2021-08-25,70.83,,,,,,,
JI원종장3,2021-08-26,70.78,,,,,,,
JI원종장3,2021-08-27,70.8,,,,,,,
JI원종장3,2021-08-28,70.81,,,,,,,
JI원종장3,2021-08-29,70.81,,,,,,,
JI원종장3,2021-08-30,70.8,,,,,,,
JI원종장3,2021-08-31,70.81,,,,,,,
JI원종장3,2021-09-01,70.84,,,,,,,
JI원종장3,2021-09-07,70.86,,,,,,,
JI원종장3,2021-09-08,70.88,,,,,,,
JI원종장3,2021-09-09,70.89,,,,,,,
JI원종장3,2021-09-10,70.91,,,,,,,
JI원종장3,2021-09-11,70.91,,,,,,,
JI원종장3,2021-09-12,70.91,,,,,,,
JI원종장3,2021-09-13,70.91,,,,,,,
JI원종장3,2021-09-14,70.9,,,,,,,
JI원종장3,2021-09-15,70.88,,,,,,,
JI원종장3,2021-09-16,70.89,,,,,,,
JI원종장3,2021-09-17,70.87,,,,,,,
JI원종장3,2021-09-18,70.86,,,,,,,
JI원종장3,2021-09-19,70.9,,,,,,,
JI원종장3,2021-09-20,70.92,,,,,,,
JI원종장3,2021-09-21,70.92,,,,,,,
JI원종장3,2021-09-22,70.91,,,,,,,
JI원종장3,2021-09-23,70.91,,,,,,,
JI원종장3,2021-09-24,70.94,,,,,,,
JI원종장3,2021-09-25,70.97,,,,,,,
JI원종장3,2021-09-26,70.98,,,,,,,
JI원종장3,2021-09-27,70.97,,,,,,,
JI원종장3,2021-09-28,70.95,,,,,,,
JI원종장3,2021-09-29,70.9,,,,,,,
JI원종장3,2021-09-30,70.87,,,,,,,
JI원종장3,2021-10-01,70.83,,,,,,,
JI원종장3,2021-10-02,70.78,,,,,,,
JI원종장3,2021-10-03,70.77,,,,,,,
JI원종장3,2021-10-04,70.78,,,,,,,
JI원종장3,2021-10-05,70.81,,,,,,,
JI원종장3,2021-10-06,70.85,,,,,,,
JI원종장3,2021-10-07,70.86,,,,,,,
JI원종장3,2021-10-08,70.83,,,,,,,
JI원종장3,2021-10-09,70.82,,,,,,,
JI원종장3,2021-10-10,70.85,,,,,,,
JI원종장3,2021-10-11,70.85,,,,,,,
JI원종장3,2021-10-12,70.84,,,,,,,
JI원종장3,2021-10-13,70.84,,,,,,,
JI원종장3,2021-10-14,70.86,,,,,,,
JI원종장3,2021-10-15,70.88,,,,,,,
JI원종장3,2021-10-16,70.84,,,,,,,
JI원종장3,2021-10-17,70.82,,,,,,,
JI원종장3,2021-10-18,70.85,,,,,,,
JI원종장3,2021-10-19,70.87,,,,,,,
JI원종장3,2021-10-20,70.86,,,,,,,
JI원종장3,2021-10-21,70.87,,,,,,,
JI원종장3,2021-10-22,70.84,,,,,,,
JI원종장3,2021-10-23,70.81,,,,,,,
JI원종장3,2021-10-24,70.85,,,,,,,
JI원종장3,2021-10-25,70.88,,,,,,,
JI원종장3,2021-10-26,70.88,,,,,,,
JI원종장3,2021-10-27,70.87,,,,,,,
JI원종장3,2021-10-28,70.85,,,,,,,
JI원종장3,2021-10-29,70.85,,,,,,,
JI원종장3,2021-10-30,70.86,,,,,,,
JI원종장3,2021-10-31,70.85,,,,,,,
JI원종장3,2021-11-01,70.86,,,,,,,
JI원종장3,2021-11-02,70.88,,,,,,,
JI원종장3,2021-11-03,70.89,,,,,,,
JI원종장3,2021-11-04,70.88,,,,,,,
JI원종장3,2021-11-05,70.88,,,,,,,
JI원종장3,2021-11-06,70.9,,,,,,,
JI원종장3,2021-11-07,70.88,,,,,,,
JI원종장3,2021-11-08,70.9,,,,,,,
JI원종장3,2021-11-09,70.89,,,,,,,
JI원종장3,2021-11-10,70.92,,,,,,,
JI원종장3,2021-11-11,70.88,,,,,,,
JI원종장3,2021-11-12,70.84,,,,,,,
JI원종장3,2021-11-13,70.84,,,,,,,
JI원종장3,2021-11-14,70.86,,,,,,,
JI원종장3,2021-11-15,70.84,,,,,,,
JI원종장3,2021-11-16,70.84,,,,,,,
JI원종장3,2021-11-17,70.84,,,,,,,
JI원종장3,2021-11-18,70.88,,,,,,,
JI원종장3,2021-11-19,70.86,,,,,,,
JI원종장3,2021-11-20,70.84,,,,,,,
JI원종장3,2021-11-21,70.86,,,,,,,
JI원종장3,2021-11-22,70.85,,,,,,,
JI원종장3,2021-11-23,70.82,,,,,,,
JI원종장3,2021-11-24,70.82,,,,,,,
JI원종장3,2021-11-25,70.82,,,,,,,
JI원종장3,2021-11-26,70.78,,,,,,,
JI원종장3,2021-11-27,70.74,,,,,,,
JI원종장3,2021-11-28,70.78,,,,,,,
JI원종장3,2021-11-29,70.84,,,,,,,
JI원종장3,2021-11-30,70.91,,,,,,,
JI원종장3,2021-12-01,70.82,,,,,,,
JI원종장3,2021-12-02,70.83,,,,,,,
JI원종장3,2021-12-03,70.83,,,,,,,
JI원종장3,2021-12-04,70.76,,,,,,,
JI원종장3,2021-12-05,70.78,,,,,,,
JI원종장3,2021-12-06,70.8,,,,,,,
JI원종장3,2021-12-07,70.79,,,,,,,
JI원종장3,2021-12-08,70.77,,,,,,,
JI원종장3,2021-12-09,70.8,,,,,,,
JI원종장3,2021-12-10,70.81,,,,,,,
JI원종장3,2021-12-11,70.79,,,,,,,
JI원종장3,2021-12-12,70.79,,,,,,,
JI원종장3,2021-12-13,70.78,,,,,,,
JI원종장3,2021-12-14,70.8,,,,,,,
JI원종장3,2021-12-15,70.8,,,,,,,
JI원종장3,2021-12-16,70.82,,,,,,,
JI원종장3,2021-12-17,70.75,,,,,,,
JI원종장3,2021-12-18,70.73,,,,,,,
JI원종장3,2021-12-19,70.77,,,,,,,
JI원종장3,2021-12-20,70.8,,,,,,,
JI원종장3,2021-12-21,70.81,,,,,,,
JI원종장3,2021-12-22,70.76,,,,,,,
JI원종장3,2021-12-23,70.75,,,,,,,
JI원종장3,2021-12-24,70.77,,,,,,,
JI원종장3,2021-12-25,70.69,,,,,,,
JI원종장3,2021-12-26,70.7,,,,,,,
JI원종장3,2021-12-27,70.73,,,,,,,
JI원종장3,2021-12-28,70.76,,,,,,,
JI원종장3,2021-12-29,70.8,,,,,,,
JI원종장3,2021-12-30,70.74,,,,,,,
JI원종장3,2021-12-31,70.71,,,,,,,
JI원종장3,2022-01-01,70.74,,,,,,,
JI원종장3,2022-01-02,70.75,,,,,,,
JI원종장3,2022-01-03,70.75,,,,,,,
JI원종장3,2022-01-04,70.73,,,,,,,
JI원종장3,2022-01-05,70.75,,,,,,,
JI원종장3,2022-01-06,70.72,,,,,,,
JI원종장3,2022-01-07,70.71,,,,,,,
JI원종장3,2022-01-08,70.74,,,,,,,
JI원종장3,2022-01-09,70.75,,,,,,,
JI원종장3,2022-01-10,70.75,,,,,,,
JI원종장3,2022-01-11,70.73,,,,,,,
JI원종장3,2022-01-12,70.71,,,,,,,
JI원종장3,2022-01-13,70.72,,,,,,,
JI원종장3,2022-01-14,70.69,,,,,,,
JI원종장3,2022-01-15,70.71,,,,,,,
JI원종장3,2022-01-16,70.69,,,,,,,
JI원종장3,2022-01-17,70.68,,,,,,,
JI원종장3,2022-01-18,70.7,,,,,,,
JI원종장3,2022-01-19,70.72,,,,,,,
JI원종장3,2022-01-20,70.69,,,,,,,
JI원종장3,2022-01-21,70.68,,,,,,,
JI원종장3,2022-01-22,70.72,,,,,,,
JI원종장3,2022-01-23,70.75,,,,,,,
JI원종장3,2022-01-24,70.72,,,,,,,
JI원종장3,2022-01-25,70.68,,,,,,,
JI원종장3,2022-01-26,70.66,,,,,,,
JI원종장3,2022-01-27,70.68,,,,,,,
JI원종장3,2022-01-28,70.68,,,,,,,
JI원종장3,2022-01-29,70.7,,,,,,,
JI원종장3,2022-01-30,70.69,,,,,,,
JI원종장3,2022-01-31,70.65,,,,,,,
JI원종장3,2022-02-01,70.65,,,,,,,
JI원종장3,2022-02-02,70.65,,,,,,,
JI원종장3,2022-02-03,70.68,,,,,,,
JI원종장3,2022-02-04,70.67,,,,,,,
JI원종장3,2022-02-05,70.65,,,,,,,
JI원종장3,2022-02-06,70.64,,,,,,,
JI원종장3,2022-02-07,70.66,,,,,,,
JI원종장3,2022-02-08,70.66,,,,,,,
JI원종장3,2022-02-09,70.67,,,,,,,
JI원종장3,2022-02-10,70.67,,,,,,,
JI원종장3,2022-02-11,70.64,,,,,,,
JI원종장3,2022-02-12,70.66,,,,,,,
JI원종장3,2022-02-13,70.68,,,,,,,
JI원종장3,2022-02-14,70.65,,,,,,,
JI원종장3,2022-02-15,70.62,,,,,,,
JI원종장3,2022-02-16,70.62,,,,,,,
JI원종장3,2022-02-17,70.6,,,,,,,
JI원종장3,2022-02-18,70.61,,,,,,,
JI원종장3,2022-02-19,70.64,,,,,,,
JI원종장3,2022-02-20,70.6,,,,,,,
JI원종장3,2022-02-21,70.58,,,,,,,
JI원종장3,2022-02-22,70.58,,,,,,,
JI원종장3,2022-02-23,70.59,,,,,,,
JI원종장3,2022-02-24,70.59,,,,,,,
JI원종장3,2022-02-25,70.61,,,,,,,
JI원종장3,2022-02-26,70.64,,,,,,,
JI원종장3,2022-02-27,70.61,,,,,,,
JI원종장3,2022-02-28,70.61,,,,,,,
JI원종장3,2022-03-01,70.64,,,,,,,
JI원종장3,2022-03-02,70.58,,,,,,,
JI원종장3,2022-03-03,70.58,,,,,,,
JI원종장3,2022-03-04,70.61,,,,,,,
JI원종장3,2022-03-05,70.57,,,,,,,
JI원종장3,2022-03-06,70.54,,,,,,,
JI원종장3,2022-03-07,70.57,,,,,,,
JI원종장3,2022-03-08,70.56,,,,,,,
JI원종장3,2022-03-09,70.54,,,,,,,
JI원종장3,2022-03-10,70.56,,,,,,,
JI원종장3,2022-03-11,70.57,,,,,,,
JI원종장3,2022-03-12,70.56,,,,,,,
JI원종장3,2022-03-13,70.59,,,,,,,
JI원종장3,2022-03-14,70.56,,,,,,,
JI원종장3,2022-03-15,70.54,,,,,,,
JI원종장3,2022-03-16,70.53,,,,,,,
JI원종장3,2022-03-17,70.55,,,,,,,
JI원종장3,2022-03-18,70.6,,,,,,,
JI원종장3,2022-03-19,70.52,,,,,,,
JI원종장3,2022-03-20,70.45,,,,,,,
JI원종장3,2022-03-21,70.47,,,,,,,
JI원종장3,2022-03-22,70.53,,,,,,,
JI원종장3,2022-03-23,70.59,,,,,,,
JI원종장3,2022-03-24,70.56,,,,,,,
JI원종장3,2022-03-25,70.63,,,,,,,
JI원종장3,2022-03-26,70.65,,,,,,,
JI원종장3,2022-03-27,70.53,,,,,,,
JI원종장3,2022-03-28,70.49,,,,,,,
JI원종장3,2022-03-29,70.53,,,,,,,
JI원종장3,2022-03-30,70.57,,,,,,,
JI원종장3,2022-03-31,70.54,,,,,,,
JI원종장3,2022-04-01,70.51,,,,,,,
JI원종장3,2022-04-02,70.52,,,,,,,
JI원종장3,2022-04-03,70.53,,,,,,,
JI원종장3,2022-04-04,70.53,,,,,,,
JI원종장3,2022-04-05,70.56,,,,,,,
JI원종장3,2022-04-06,70.56,,,,,,,
JI원종장3,2022-04-07,70.56,,,,,,,
JI원종장3,2022-04-08,70.53,,,,,,,
JI원종장3,2022-04-09,70.55,,,,,,,
JI원종장3,2022-04-10,70.54,,,,,,,
JI원종장3,2022-04-11,70.55,,,,,,,
JI원종장3,2022-04-12,70.54,,,,,,,
JI원종장3,2022-04-13,70.53,,,,,,,
JI원종장3,2022-04-14,70.51,,,,,,,
JI원종장3,2022-04-15,70.48,,,,,,,
JI원종장3,2022-04-16,70.47,,,,,,,
JI원종장3,2022-04-17,70.47,,,,,,,
JI원종장3,2022-04-18,70.49,,,,,,,
JI원종장3,2022-04-19,70.48,,,,,,,
JI원종장3,2022-04-20,70.49,,,,,,,
JI원종장3,2022-04-21,70.51,,,,,,,
JI원종장3,2022-04-22,70.49,,,,,,,
JI원종장3,2022-04-23,70.49,,,,,,,
JI원종장3,2022-04-24,70.48,,,,,,,
JI원종장3,2022-04-25,70.49,,,,,,,
JI원종장3,2022-04-26,70.53,,,,,,,
JI원종장3,2022-04-27,70.42,,,,,,,
JI원종장3,2022-04-28,70.44,,,,,,,
JI원종장3,2022-04-29,70.46,,,,,,,
JI원종장3,2022-04-30,70.43,,,,,,,
JI원종장3,2022-05-01,70.46,,,,,,,
JI원종장3,2022-05-02,70.45,,,,,,,
JI원종장3,2022-05-03,70.41,,,,,,,
JI원종장3,2022-05-04,70.43,,,,,,,
JI원종장3,2022-05-05,70.45,,,,,,,
JI원종장3,2022-05-06,70.46,,,,,,,
JI원종장3,2022-05-07,70.43,,,,,,,
JI원종장3,2022-05-08,70.44,,,,,,,
JI원종장3,2022-05-09,70.43,,,,,,,
JI원종장3,2022-05-10,70.44,,,,,,,
JI원종장3,2022-05-11,70.43,,,,,,,
JI원종장3,2022-05-12,70.45,,,,,,,
JI원종장3,2022-05-13,70.44,,,,,,,
JI원종장3,2022-05-14,70.37,,,,,,,
JI원종장3,2022-05-15,70.38,,,,,,,
JI원종장3,2022-05-16,70.39,,,,,,,
JI원종장3,2022-05-17,70.38,,,,,,,
JI원종장3,2022-05-18,70.35,,,,,,,
JI원종장3,2022-05-19,70.37,,,,,,,
JI원종장3,2022-05-20,70.41,,,,,,,
JI원종장3,2022-05-21,70.42,,,,,,,
JI원종장3,2022-05-22,70.39,,,,,,,
JI원종장3,2022-05-23,70.35,,,,,,,
JI원종장3,2022-05-24,70.35,,,,,,,
JI원종장3,2022-05-25,70.38,,,,,,,
JI원종장3,2022-05-26,70.39,,,,,,,
JI원종장3,2022-05-27,70.37,,,,,,,
JI원종장3,2022-05-28,70.34,,,,,,,
JI원종장3,2022-05-29,70.37,,,,,,,
JI원종장3,2022-05-30,70.37,,,,,,,
JI원종장3,2022-05-31,70.29,,,,,,,
JI원종장3,2022-06-01,70.33,,,,,,,
JI원종장3,2022-06-02,70.31,,,,,,,
JI원종장3,2022-06-03,70.3,,,,,,,
JI원종장3,2022-06-04,70.32,,,,,,,
JI원종장3,2022-06-05,70.4,,,,,,,
JI원종장3,2022-06-06,70.33,,,,,,,
JI원종장3,2022-06-07,70.27,,,,,,,
JI원종장3,2022-06-08,70.25,,,,,,,
JI원종장3,2022-06-09,70.25,,,,,,,
JI원종장3,2022-06-10,70.27,,,,,,,
JI원종장3,2022-06-11,70.28,,,,,,,
JI원종장3,2022-06-12,70.27,,,,,,,
JI원종장3,2022-06-13,70.31,,,,,,,
JI원종장3,2022-06-14,70.29,,,,,,,
JI원종장3,2022-06-15,70.25,,,,,,,
JI원종장3,2022-06-16,70.25,,,,,,,
JI원종장3,2022-06-17,70.26,,,,,,,
JI원종장3,2022-06-18,70.25,,,,,,,
JI원종장3,2022-06-19,70.25,,,,,,,
JI원종장3,2022-06-20,70.27,,,,,,,
JI원종장3,2022-06-21,70.26,,,,,,,
JI원종장3,2022-06-22,70.2,,,,,,,
JI원종장3,2022-06-23,70.24,,,,,,,
JI원종장3,2022-06-24,70.24,,,,,,,
JI원종장3,2022-06-25,70.2,,,,,,,
JI원종장3,2022-06-26,70.17,,,,,,,
JI원종장3,2022-06-27,70.21,,,,,,,
JI원종장3,2022-06-28,70.23,,,,,,,
JI원종장3,2022-06-29,70.2,,,,,,,
JI원종장3,2022-06-30,70.16,,,,,,,
JI원종장3,2022-07-01,70.16,,,,,,,
JI원종장3,2022-07-02,70.19,,,,,,,
JI원종장3,2022-07-03,70.21,,,,,,,
JI원종장3,2022-07-04,70.22,,,,,,,
JI원종장3,2022-07-05,70.18,,,,,,,
JI원종장3,2022-07-06,70.15,,,,,,,
JI원종장3,2022-07-07,70.15,,,,,,,
JI원종장3,2022-07-08,70.17,,,,,,,
JI원종장3,2022-07-09,70.17,,,,,,,
JI원종장3,2022-07-10,70.14,,,,,,,
JI원종장3,2022-07-11,70.13,,,,,,,
JI원종장3,2022-07-12,70.12,,,,,,,
JI원종장3,2022-07-13,70.14,,,,,,,
JI원종장3,2022-07-14,70.15,,,,,,,
JI원종장3,2022-07-15,70.15,,,,,,,
JI원종장3,2022-07-16,70.13,,,,,,,
JI원종장3,2022-07-17,70.11,,,,,,,
JI원종장3,2022-07-18,70.13,,,,,,,
JI원종장3,2022-07-19,70.07,,,,,,,
JI원종장3,2022-07-20,70.06,,,,,,,
JI원종장3,2022-07-21,70.08,,,,,,,
JI원종장3,2022-07-22,70.07,,,,,,,
JI원종장3,2022-07-23,70.09,,,,,,,
JI원종장3,2022-07-24,70.08,,,,,,,
JI원종장3,2022-07-25,70.04,,,,,,,
JI원종장3,2022-07-26,70.05,,,,,,,
JI원종장3,2022-07-27,70.06,,,,,,,
JI원종장3,2022-07-28,70.04,,,,,,,
JI원종장3,2022-07-29,70.04,,,,,,,
JI원종장3,2022-07-30,70.07,,,,,,,
JI원종장3,2022-07-31,70.07,,,,,,,
JI원종장3,2022-08-01,70.04,,,,,,,
JI원종장3,2022-08-02,69.97,,,,,,,
JI원종장3,2022-08-03,69.99,,,,,,,
JI원종장3,2022-08-04,70.01,,,,,,,
JI원종장3,2022-08-05,70.03,,,,,,,
JI원종장3,2022-08-06,70.03,,,,,,,
JI원종장3,2022-08-07,70.01,,,,,,,
JI원종장3,2022-08-08,69.99,,,,,,,
JI원종장3,2022-08-09,70.0,,,,,,,
JI원종장3,2022-08-10,70.0,,,,,,,
JI원종장3,2022-08-11,70.0,,,,,,,
JI원종장3,2022-08-12,69.99,,,,,,,
JI원종장3,2022-08-13,69.99,,,,,,,
JI원종장3,2022-08-14,69.98,,,,,,,
JI원종장3,2022-08-15,69.99,,,,,,,
JI원종장3,2022-08-16,69.98,,,,,,,
JI원종장3,2022-08-17,69.97,,,,,,,
JI원종장3,2022-08-18,69.96,,,,,,,
JI원종장3,2022-08-19,69.98,,,,,,,
JI원종장3,2022-08-20,69.98,,,,,,,
JI원종장3,2022-08-21,69.97,,,,,,,
JI원종장3,2022-08-22,69.96,,,,,,,
JI원종장3,2022-08-23,69.95,,,,,,,
JI원종장3,2022-08-24,69.94,,,,,,,
JI원종장3,2022-08-25,69.93,,,,,,,
JI원종장3,2022-08-26,69.93,,,,,,,
JI원종장3,2022-08-27,69.91,,,,,,,
JI원종장3,2022-08-28,69.89,,,,,,,
JI원종장3,2022-08-29,69.9,,,,,,,
JI원종장3,2022-08-30,69.93,,,,,,,
JI원종장3,2022-08-31,69.93,,,,,,,
JI원종장3,2022-09-01,69.89,,,,,,,
JI원종장3,2022-09-02,69.9,,,,,,,
JI원종장3,2022-09-03,69.91,,,,,,,
JI원종장3,2022-09-04,69.92,,,,,,,
JI원종장3,2022-09-05,70.03,,,,,,,
JI원종장3,2022-09-06,69.87,,,,,,,
JI원종장3,2022-09-07,69.77,,,,,,,
JI원종장3,2022-09-08,69.84,,,,,,,
JI원종장3,2022-09-09,69.87,,,,,,,
JI원종장3,2022-09-10,69.89,,,,,,,
JI원종장3,2022-09-11,69.9,,,,,,,
JI원종장3,2022-09-12,69.91,,,,,,,
JI원종장3,2022-09-13,69.91,,,,,,,
JI원종장3,2022-09-14,69.91,,,,,,,
JI원종장3,2022-09-15,69.91,,,,,,,
JI원종장3,2022-09-16,69.91,,,,,,,
JI원종장3,2022-09-17,69.91,,,,,,,
JI원종장3,2022-09-18,69.97,,,,,,,
JI원종장3,2022-09-19,69.92,,,,,,,
JI원종장3,2022-09-20,69.81,,,,,,,
JI원종장3,2022-09-21,69.8,,,,,,,
JI원종장3,2022-09-22,69.86,,,,,,,
JI원종장3,2022-09-23,69.87,,,,,,,
JI원종장3,2022-09-24,69.86,,,,,,,
JI원종장3,2022-09-25,69.87,,,,,,,
JI원종장3,2022-09-26,69.87,,,,,,,
JI원종장3,2022-09-27,69.88,,,,,,,
JI원종장3,2022-09-28,69.89,,,,,,,
JI원종장3,2022-09-29,69.88,,,,,,,
JI원종장3,2022-09-30,69.87,,,,,,,
JI원종장3,2022-10-01,69.86,,,,,,,
JI원종장3,2022-10-02,69.87,,,,,,,
JI원종장3,2022-10-03,69.89,,,,,,,
JI원종장3,2022-10-04,69.89,,,,,,,
JI원종장3,2022-10-05,69.85,,,,,,,
JI원종장3,2022-10-06,69.87,,,,,,,
JI원종장3,2022-10-07,69.87,,,,,,,
JI원종장3,2022-10-08,69.86,,,,,,,
JI원종장3,2022-10-09,69.91,,,,,,,
JI원종장3,2022-10-10,69.88,,,,,,,
JI원종장3,2022-10-11,69.85,,,,,,,
JI원종장3,2022-10-12,69.85,,,,,,,
JI원종장3,2022-10-13,69.88,,,,,,,
JI원종장3,2022-10-14,69.91,,,,,,,
JI원종장3,2022-10-15,69.9,,,,,,,
JI원종장3,2022-10-16,69.89,,,,,,,
JI원종장3,2022-10-17,69.87,,,,,,,
JI원종장3,2022-10-18,69.85,,,,,,,
JI원종장3,2022-10-19,69.84,,,,,,,
JI원종장3,2022-10-20,69.84,,,,,,,
JI원종장3,2022-10-21,69.87,,,,,,,
JI원종장3,2022-10-22,69.89,,,,,,,
JI원종장3,2022-10-23,69.89,,,,,,,
JI원종장3,2022-10-24,69.85,,,,,,,
JI원종장3,2022-10-25,69.82,,,,,,,
JI원종장3,2022-10-26,69.84,,,,,,,
JI원종장3,2022-10-27,69.86,,,,,,,
JI원종장3,2022-10-28,69.85,,,,,,,
JI원종장3,2022-10-29,69.85,,,,,,,
JI원종장3,2022-10-30,69.85,,,,,,,
JI원종장3,2022-10-31,69.85,,,,,,,
JI원종장3,2022-11-01,69.85,,,,,,,
JI원종장3,2022-11-02,69.85,,,,,,,
JI원종장3,2022-11-03,69.85,,,,,,,
JI원종장3,2022-11-04,69.81,,,,,,,
JI원종장3,2022-11-05,69.8,,,,,,,
JI원종장3,2022-11-06,69.81,,,,,,,
JI원종장3,2022-11-07,69.82,,,,,,,
JI원종장3,2022-11-08,69.8,,,,,,,
JI원종장3,2022-11-09,69.8,,,,,,,
JI원종장3,2022-11-10,69.81,,,,,,,
JI원종장3,2022-11-11,69.8,,,,,,,
JI원종장3,2022-11-12,69.84,,,,,,,
JI원종장3,2022-11-13,69.82,,,,,,,
JI원종장3,2022-11-14,69.79,,,,,,,
JI원종장3,2022-11-15,69.79,,,,,,,
JI원종장3,2022-11-16,69.76,,,,,,,
JI원종장3,2022-11-17,69.76,,,,,,,
JI원종장3,2022-11-18,69.75,,,,,,,
JI원종장3,2022-11-19,69.78,,,,,,,
JI원종장3,2022-11-20,69.78,,,,,,,
JI원종장3,2022-11-21,69.73,,,,,,,
JI원종장3,2022-11-22,69.76,,,,,,,
JI원종장3,2022-11-23,69.75,,,,,,,
JI원종장3,2022-11-24,69.71,,,,,,,
JI원종장3,2022-11-25,69.74,,,,,,,
JI원종장3,2022-11-26,69.75,,,,,,,
JI원종장3,2022-11-27,69.73,,,,,,,
JI원종장3,2022-11-28,69.76,,,,,,,
JI원종장3,2022-11-29,69.74,,,,,,,
JI원종장3,2022-11-30,69.62,,,,,,,
JI원종장3,2022-12-01,69.66,,,,,,,
JI원종장3,2022-12-02,69.7,,,,,,,
JI원종장3,2022-12-03,69.73,,,,,,,
JI원종장3,2022-12-04,69.7,,,,,,,
JI원종장3,2022-12-05,69.7,,,,,,,
JI원종장3,2022-12-06,69.71,,,,,,,
JI원종장3,2022-12-07,69.7,,,,,,,
JI원종장3,2022-12-08,69.7,,,,,,,
JI원종장3,2022-12-09,69.72,,,,,,,
JI원종장3,2022-12-10,69.73,,,,,,,
JI원종장3,2022-12-11,69.69,,,,,,,
JI원종장3,2022-12-12,69.69,,,,,,,
JI원종장3,2022-12-13,69.68,,,,,,,
JI원종장3,2022-12-14,69.64,,,,,,,
JI원종장3,2022-12-15,69.67,,,,,,,
JI원종장3,2022-12-16,69.66,,,,,,,
JI원종장3,2022-12-17,69.68,,,,,,,
JI원종장3,2022-12-18,69.69,,,,,,,
JI원종장3,2022-12-19,69.65,,,,,,,
JI원종장3,2022-12-20,69.67,,,,,,,
JI원종장3,2022-12-21,69.76,,,,,,,
JI원종장3,2022-12-22,69.74,,,,,,,
JI원종장3,2022-12-28,69.61,,,,,,,
JI원종장3,2022-12-29,69.61,,,,,,,
JI원종장3,2022-12-30,69.63,,,,,,,
JI원종장3,2022-12-31,69.64,,,,,,,
JI원종장3,2023-01-01,69.65,,,,,,,
JI원종장3,2023-01-02,69.64,,,,,,,
JI원종장3,2023-01-03,69.65,,,,,,,
JI원종장3,2023-01-04,69.64,,,,,,,
JI원종장3,2023-01-05,69.64,,,,,,,
JI원종장3,2023-01-06,69.69,,,,,,,
JI원종장3,2023-01-07,69.68,,,,,,,
JI원종장3,2023-01-08,69.63,,,,,,,
JI원종장3,2023-01-09,69.64,,,,,,,
JI원종장3,2023-01-10,69.62,,,,,,,
JI원종장3,2023-01-11,69.63,,,,,,,
JI원종장3,2023-01-12,69.66,,,,,,,
JI원종장3,2023-01-13,69.71,,,,,,,
JI원종장3,2023-01-14,69.68,,,,,,,
JI원종장3,2023-01-15,69.61,,,,,,,
JI원종장3,2023-01-16,69.58,,,,,,,
JI원종장3,2023-01-17,69.59,,,,,,,
JI원종장3,2023-01-18,69.6,,,,,,,
JI원종장3,2023-01-19,69.62,,,,,,,
JI원종장3,2023-01-20,69.59,,,,,,,
JI원종장3,2023-01-21,69.6,,,,,,,
JI원종장3,2023-01-22,69.66,,,,,,,
JI원종장3,2023-01-23,69.64,,,,,,,
JI원종장3,2023-01-24,69.58,,,,,,,
JI원종장3,2023-01-25,69.58,,,,,,,
JI원종장3,2023-01-26,69.64,,,,,,,
JI원종장3,2023-01-27,69.62,,,,,,,
JI원종장3,2023-01-28,69.59,,,,,,,
JI원종장3,2023-01-29,69.61,,,,,,,
JI원종장3,2023-01-30,69.58,,,,,,,
JI원종장3,2023-01-31,69.62,,,,,,,
JI원종장3,2023-02-01,69.6,,,,,,,
JI원종장3,2023-02-02,69.55,,,,,,,
JI원종장3,2023-02-03,69.59,,,,,,,
JI원종장3,2023-02-04,69.57,,,,,,,
JI원종장3,2023-02-05,69.59,,,,,,,
JI원종장3,2023-02-06,69.62,,,,,,,
JI원종장3,2023-02-07,69.6,,,,,,,
JI원종장3,2023-02-08,69.54,,,,,,,
JI원종장3,2023-02-09,69.59,,,,,,,
JI원종장3,2023-02-10,69.62,,,,,,,
JI원종장3,2023-02-11,69.57,,,,,,,
JI원종장3,2023-02-12,69.61,,,,,,,
JI원종장3,2023-02-13,69.6,,,,,,,
JI원종장3,2023-02-14,69.54,,,,,,,
JI원종장3,2023-02-15,69.52,,,,,,,
JI원종장3,2023-02-16,69.52,,,,,,,
JI원종장3,2023-02-17,69.58,,,,,,,
JI원종장3,2023-02-18,69.61,,,,,,,
JI원종장3,2023-02-19,69.57,,,,,,,
JI원종장3,2023-02-20,69.52,,,,,,,
JI원종장3,2023-02-21,69.49,,,,,,,
JI원종장3,2023-02-22,69.55,,,,,,,
JI원종장3,2023-02-23,69.59,,,,,,,
JI원종장3,2023-02-24,69.56,,,,,,,
JI원종장3,2023-02-25,69.48,,,,,,,
JI원종장3,2023-02-26,69.48,,,,,,,
JI원종장3,2023-02-27,69.52,,,,,,,
JI원종장3,2023-02-28,69.57,,,,,,,
JI원종장3,2023-03-01,69.58,,,,,,,
JI원종장3,2023-03-02,69.51,,,,,,,
JI원종장3,2023-03-03,69.52,,,,,,,
JI원종장3,2023-03-04,69.52,,,,,,,
JI원종장3,2023-03-05,69.53,,,,,,,
JI원종장3,2023-03-06,69.54,,,,,,,
JI원종장3,2023-03-07,69.54,,,,,,,
JI원종장3,2023-03-08,69.54,,,,,,,
JI원종장3,2023-03-09,69.55,,,,,,,
JI원종장3,2023-03-10,69.5,,,,,,,
JI원종장3,2023-03-11,69.49,,,,,,,
JI원종장3,2023-03-12,69.51,,,,,,,
JI원종장3,2023-03-13,69.49,,,,,,,
JI원종장3,2023-03-14,69.53,,,,,,,
JI원종장3,2023-03-15,69.5,,,,,,,
JI원종장3,2023-03-16,69.46,,,,,,,
JI원종장3,2023-03-17,69.52,,,,,,,
JI원종장3,2023-03-18,69.51,,,,,,,
JI원종장3,2023-03-19,69.49,,,,,,,
JI원종장3,2023-03-20,69.52,,,,,,,
JI원종장3,2023-03-21,69.55,,,,,,,
JI원종장3,2023-03-22,69.52,,,,,,,
JI원종장3,2023-03-23,69.51,,,,,,,
JI원종장3,2023-03-24,69.42,,,,,,,
JI원종장3,2023-03-25,69.43,,,,,,,
JI원종장3,2023-03-26,69.45,,,,,,,
JI원종장3,2023-03-27,69.42,,,,,,,
JI원종장3,2023-03-28,69.42,,,,,,,
JI원종장3,2023-03-29,69.45,,,,,,,
JI원종장3,2023-03-30,69.48,,,,,,,
JI원종장3,2023-03-31,69.47,,,,,,,
JI원종장3,2023-04-01,69.47,,,,,,,
JI원종장3,2023-04-02,69.44,,,,,,,
JI원종장3,2023-04-03,69.42,,,,,,,
JI원종장3,2023-04-04,69.45,,,,,,,
JI원종장3,2023-04-05,69.49,,,,,,,
JI원종장3,2023-04-06,69.44,,,,,,,
JI원종장3,2023-04-07,69.41,,,,,,,
JI원종장3,2023-04-08,69.37,,,,,,,
JI원종장3,2023-04-09,69.42,,,,,,,
JI원종장3,2023-04-10,69.45,,,,,,,
JI원종장3,2023-04-11,69.46,,,,,,,
JI원종장3,2023-04-12,69.41,,,,,,,
JI원종장3,2023-04-13,69.42,,,,,,,
JI원종장3,2023-04-14,69.48,,,,,,,
JI원종장3,2023-04-15,69.5,,,,,,,
JI원종장3,2023-04-16,69.44,,,,,,,
JI원종장3,2023-04-17,69.36,,,,,,,
JI원종장3,2023-04-18,69.41,,,,,,,
JI원종장3,2023-04-19,69.43,,,,,,,
JI원종장3,2023-04-20,69.42,,,,,,,
JI원종장3,2023-04-21,69.41,,,,,,,
JI원종장3,2023-04-22,69.36,,,,,,,
JI원종장3,2023-04-23,69.35,,,,,,,
JI원종장3,2023-04-24,69.37,,,,,,,
JI원종장3,2023-04-25,69.44,,,,,,,
JI원종장3,2023-04-26,69.39,,,,,,,
JI원종장3,2023-04-27,69.35,,,,,,,
JI원종장3,2023-04-28,69.4,,,,,,,
JI원종장3,2023-04-29,69.45,,,,,,,
JI원종장3,2023-04-30,69.38,,,,,,,
JI원종장3,2023-05-01,69.35,,,,,,,
JI원종장3,2023-05-02,69.33,,,,,,,
JI원종장3,2023-05-03,69.38,,,,,,,
JI원종장3,2023-05-04,69.45,,,,,,,
JI원종장3,2023-05-05,69.49,,,,,,,
JI원종장3,2023-05-06,69.44,,,,,,,
JI원종장3,2023-05-07,69.4,,,,,,,
JI원종장3,2023-05-08,69.32,,,,,,,
JI원종장3,2023-05-09,69.35,,,,,,,
JI원종장3,2023-05-10,69.37,,,,,,,
JI원종장3,2023-05-11,69.37,,,,,,,
JI원종장3,2023-05-12,69.39,,,,,,,
JI원종장3,2023-05-13,69.43,,,,,,,
JI원종장3,2023-05-14,69.43,,,,,,,
JI원종장3,2023-05-15,69.42,,,,,,,
JI원종장3,2023-05-16,69.38,,,,,,,
JI원종장3,2023-05-17,69.37,,,,,,,
JI원종장3,2023-05-18,69.47,,,,,,,
JI원종장3,2023-05-19,69.42,,,,,,,
JI원종장3,2023-05-20,69.38,,,,,,,
JI원종장3,2023-05-21,69.42,,,,,,,
JI원종장3,2023-05-22,69.44,,,,,,,
JI원종장3,2023-05-23,69.41,,,,,,,
JI원종장3,2023-05-24,69.39,,,,,,,
JI원종장3,2023-05-25,69.4,,,,,,,
JI원종장3,2023-05-26,69.4,,,,,,,
JI원종장3,2023-05-27,69.43,,,,,,,
JI원종장3,2023-05-28,69.46,,,,,,,
JI원종장3,2023-05-29,69.47,,,,,,,
JI원종장3,2023-05-30,69.48,,,,,,,
JI원종장3,2023-05-31,69.47,,,,,,,
JI원종장3,2023-06-01,69.49,,,,,,,
JI원종장3,2023-06-02,69.5,,,,,,,
JI원종장3,2023-06-03,69.42,,,,,,,
JI원종장3,2023-06-04,69.41,,,,,,,
JI원종장3,2023-06-05,69.44,,,,,,,
JI원종장3,2023-06-06,69.5,,,,,,,
JI원종장3,2023-06-07,69.47,,,,,,,
JI원종장3,2023-06-08,69.51,,,,,,,
JI원종장3,2023-06-09,69.5,,,,,,,
JI원종장3,2023-06-10,69.5,,,,,,,
JI원종장3,2023-06-11,69.49,,,,,,,
JI원종장3,2023-06-12,69.48,,,,,,,
JI원종장3,2023-06-13,69.5,,,,,,,
JI원종장3,2023-06-14,69.48,,,,,,,
JI원종장3,2023-06-15,69.46,,,,,,,
JI원종장3,2023-06-16,69.44,,,,,,,
JI원종장3,2023-06-17,69.47,,,,,,,
JI원종장3,2023-06-18,69.53,,,,,,,
JI원종장3,2023-06-19,69.53,,,,,,,
JI원종장3,2023-06-20,69.54,,,,,,,
JI원종장3,2023-06-21,69.52,,,,,,,
JI원종장3,2023-06-22,69.48,,,,,,,
JI원종장3,2023-06-23,69.47,,,,,,,
JI원종장3,2023-06-24,69.46,,,,,,,
JI원종장3,2023-06-25,69.51,,,,,,,
JI원종장3,2023-06-26,69.52,,,,,,,
JI원종장3,2023-06-27,69.5,,,,,,,
JI원종장3,2023-06-28,69.51,,,,,,,
JI원종장3,2023-06-29,69.55,,,,,,,
JI원종장3,2023-06-30,69.56,,,,,,,
JI원종장3,2023-07-01,69.51,,,,,,,
JI원종장3,2023-07-02,69.5,,,,,,,
JI원종장3,2023-07-03,69.53,,,,,,,
JI원종장3,2023-07-04,69.58,,,,,,,
JI원종장3,2023-07-05,69.58,,,,,,,
JI원종장3,2023-07-06,69.52,,,,,,,
JI원종장3,2023-07-07,69.55,,,,,,,
JI원종장3,2023-07-08,69.54,,,,,,,
JI원종장3,2023-07-09,69.54,,,,,,,
JI원종장3,2023-07-10,69.54,,,,,,,
JI원종장3,2023-07-11,69.54,,,,,,,
JI원종장3,2023-07-12,69.56,,,,,,,
JI원종장3,2023-07-13,69.58,,,,,,,
JI원종장3,2023-07-14,69.59,,,,,,,
JI원종장3,2023-07-15,69.59,,,,,,,
JI원종장3,2023-07-16,69.56,,,,,,,
JI원종장3,2023-07-17,69.54,,,,,,,
JI원종장3,2023-07-18,69.61,,,,,,,
JI원종장3,2023-07-19,69.62,,,,,,,
JI원종장3,2023-07-20,69.6,,,,,,,
JI원종장3,2023-07-21,69.6,,,,,,,
JI원종장3,2023-07-22,69.61,,,,,,,
JI원종장3,2023-07-23,69.64,,,,,,,
JI원종장3,2023-07-24,69.64,,,,,,,
JI원종장3,2023-07-25,69.62,,,,,,,
JI원종장3,2023-07-26,69.63,,,,,,,
JI원종장3,2023-07-27,69.65,,,,,,,
JI원종장3,2023-07-28,69.66,,,,,,,
JI원종장3,2023-07-29,69.67,,,,,,,
JI원종장3,2023-07-30,69.68,,,,,,,
JI원종장3,2023-07-31,69.7,,,,,,,
JI원종장3,2023-08-01,69.72,,,,,,,
JI원종장3,2023-08-02,69.73,,,,,,,
JI원종장3,2023-08-03,69.74,,,,,,,
JI원종장3,2023-08-04,69.75,,,,,,,
JI원종장3,2023-08-05,69.77,,,,,,,
JI원종장3,2023-08-06,69.78,,,,,,,
JI원종장3,2023-08-07,69.76,,,,,,,
JI원종장3,2023-08-08,69.75,,,,,,,
JI원종장3,2023-08-09,69.78,,,,,,,
JI원종장3,2023-08-10,69.77,,,,,,,
JI원종장3,2023-08-11,69.73,,,,,,,
JI원종장3,2023-08-12,69.74,,,,,,,
JI원종장3,2023-08-13,69.77,,,,,,,
JI원종장3,2023-08-14,69.78,,,,,,,
JI원종장3,2023-08-15,69.79,,,,,,,
JI원종장3,2023-08-16,69.8,,,,,,,
JI원종장3,2023-08-17,69.8,,,,,,,
JI원종장3,2023-08-18,69.8,,,,,,,
JI원종장3,2023-08-19,69.77,,,,,,,
JI원종장3,2023-08-20,69.78,,,,,,,
JI원종장3,2023-08-21,69.83,,,,,,,
JI원종장3,2023-08-22,69.86,,,,,,,
JI원종장3,2023-08-23,69.86,,,,,,,
JI원종장3,2023-08-24,69.7,,,,,,,
JI원종장3,2023-08-28,69.9,,,,,,,
JI원종장3,2023-08-29,69.9,,,,,,,
JI원종장3,2023-08-30,69.89,,,,,,,
JI원종장3,2023-08-31,69.91,,,,,,,
JI원종장3,2023-09-01,69.93,,,,,,,
JI원종장3,2023-09-02,69.94,,,,,,,
JI원종장3,2023-09-03,69.94,,,,,,,
JI원종장3,2023-09-04,69.96,,,,,,,
JI원종장3,2023-09-05,69.96,,,,,,,
JI원종장3,2023-09-06,69.96,,,,,,,
JI원종장3,2023-09-07,69.95,,,,,,,
JI원종장3,2023-09-08,69.97,,,,,,,
JI원종장3,2023-09-09,70.0,,,,,,,
JI원종장3,2023-09-10,70.01,,,,,,,
JI원종장3,2023-09-11,70.01,,,,,,,
JI원종장3,2023-09-12,70.01,,,,,,,
JI원종장3,2023-09-13,70.03,,,,,,,
JI원종장3,2023-09-14,70.03,,,,,,,
JI원종장3,2023-09-15,70.03,,,,,,,
JI원종장3,2023-09-16,70.05,,,,,,,
JI원종장3,2023-09-17,70.08,,,,,,,
JI원종장3,2023-09-18,70.06,,,,,,,
JI원종장3,2023-09-19,70.08,,,,,,,
JI원종장3,2023-09-20,70.15,,,,,,,
JI원종장3,2023-09-21,70.12,,,,,,,
JI원종장3,2023-09-22,70.1,,,,,,,
JI원종장3,2023-09-23,70.11,,,,,,,
JI원종장3,2023-09-24,70.15,,,,,,,
JI원종장3,2023-09-25,70.18,,,,,,,
JI원종장3,2023-09-26,70.19,,,,,,,
JI원종장3,2023-09-27,70.2,,,,,,,
JI원종장3,2023-09-28,70.2,,,,,,,
JI원종장3,2023-09-29,70.22,,,,,,,
JI원종장3,2023-09-30,70.26,,,,,,,
JI원종장3,2023-10-01,70.24,,,,,,,
JI원종장3,2023-10-02,70.22,,,,,,,
JI원종장3,2023-10-03,70.27,,,,,,,
JI원종장3,2023-10-04,70.28,,,,,,,
JI원종장3,2023-10-05,70.28,,,,,,,
JI원종장3,2023-10-06,70.26,,,,,,,
JI원종장3,2023-10-07,70.28,,,,,,,
JI원종장3,2023-10-08,70.33,,,,,,,
JI원종장3,2023-10-09,70.32,,,,,,,
JI원종장3,2023-10-10,70.32,,,,,,,
JI원종장3,2023-10-11,70.33,,,,,,,
JI원종장3,2023-10-12,70.34,,,,,,,
JI원종장3,2023-10-13,70.41,,,,,,,
JI원종장3,2023-10-14,70.45,,,,,,,
JI원종장3,2023-10-15,70.42,,,,,,,
JI원종장3,2023-10-16,70.39,,,,,,,
JI원종장3,2023-10-17,70.39,,,,,,,
JI원종장3,2023-10-18,70.4,,,,,,,
JI원종장3,2023-10-19,70.45,,,,,,,
JI원종장3,2023-10-20,70.45,,,,,,,
JI원종장3,2023-10-21,70.41,,,,,,,
JI원종장3,2023-10-22,70.44,,,,,,,
JI원종장3,2023-10-23,70.47,,,,,,,
JI원종장3,2023-10-24,70.51,,,,,,,
JI원종장3,2023-10-25,70.52,,,,,,,
JI원종장3,2023-10-26,70.53,,,,,,,
JI원종장3,2023-10-27,70.54,,,,,,,
JI원종장3,2023-10-28,70.52,,,,,,,
JI원종장3,2023-10-29,70.52,,,,,,,
JI원종장3,2023-10-30,70.53,,,,,,,
JI원종장3,2023-10-31,70.55,,,,,,,
JI원종장3,2023-11-01,70.58,,,,,,,
JI원종장3,2023-11-02,70.6,,,,,,,
JI원종장3,2023-11-03,70.62,,,,,,,
JI원종장3,2023-11-04,70.6,,,,,,,
JI원종장3,2023-11-05,70.64,,,,,,,
JI원종장3,2023-11-06,70.66,,,,,,,
JI원종장3,2023-11-07,70.59,,,,,,,
JI원종장3,2023-11-08,70.62,,,,,,,
JI원종장3,2023-11-09,70.66,,,,,,,
JI원종장3,2023-11-10,70.65,,,,,,,
JI원종장3,2023-11-11,70.63,,,,,,,
JI원종장3,2023-11-12,70.67,,,,,,,
JI원종장3,2023-11-13,70.67,,,,,,,
JI원종장3,2023-11-14,70.69,,,,,,,
JI원종장3,2023-11-15,70.7,,,,,,,
JI원종장3,2023-11-16,70.77,,,,,,,
JI원종장3,2023-11-17,70.8,,,,,,,
JI원종장3,2023-11-18,70.75,,,,,,,
JI원종장3,2023-11-19,70.76,,,,,,,
JI원종장3,2023-11-20,70.75,,,,,,,
JI원종장3,2023-11-21,70.79,,,,,,,
JI원종장3,2023-11-22,70.83,,,,,,,
JI원종장3,2023-11-23,70.83,,,,,,,
JI원종장3,2023-11-24,70.74,,,,,,,
JI원종장3,2023-11-25,70.75,,,,,,,
JI원종장3,2023-11-26,70.85,,,,,,,
JI원종장3,2023-11-27,70.9,,,,,,,
JI원종장3,2023-11-28,70.84,,,,,,,
JI원종장3,2023-11-29,70.83,,,,,,,
JI원종장3,2023-11-30,70.82,,,,,,,
JI원종장3,2023-12-01,70.86,,,,,,,
JI원종장3,2023-12-02,70.86,,,,,,,
JI원종장3,2023-12-03,70.88,,,,,,,
JI원종장3,2023-12-04,70.92,,,,,,,
JI원종장3,2023-12-05,70.95,,,,,,,
JI원종장3,2023-12-06,70.96,,,,,,,
JI원종장3,2023-12-07,70.91,,,,,,,
JI원종장3,2023-12-08,70.92,,,,,,,
JI원종장3,2023-12-09,70.91,,,,,,,
JI원종장3,2023-12-10,70.91,,,,,,,
JI원종장3,2023-12-11,70.99,,,,,,,
JI원종장3,2023-12-12,70.91,,,,,,,
JI원종장3,2023-12-13,70.89,,,,,,,
JI원종장3,2023-12-14,70.96,,,,,,,
JI원종장3,2023-12-15,71.01,,,,,,,
JI원종장3,2023-12-16,70.91,,,,,,,
JI원종장3,2023-12-17,70.88,,,,,,,
JI원종장3,2023-12-18,70.92,,,,,,,
JI원종장3,2023-12-19,70.99,,,,,,,
JI원종장3,2023-12-20,70.98,,,,,,,
JI원종장3,2023-12-21,70.96,,,,,,,
JI원종장3,2023-12-22,70.93,,,,,,,
JI원종장3,2023-12-23,70.95,,,,,,,
JI원종장3,2023-12-24,71.01,,,,,,,
JI원종장3,2023-12-25,71.01,,,,,,,
JI원종장3,2023-12-26,71.0,,,,,,,
JI원종장3,2023-12-27,71.01,,,,,,,
JI원종장3,2023-12-28,71.03,,,,,,,
JI원종장3,2023-12-29,71.04,,,,,,,
JI원종장3,2023-12-30,71.11,,,,,,,
JI원종장3,2023-12-31,71.06,,,,,,,
JI원종장3,2024-01-01,70.99,,,,,,,
JI원종장3,2024-01-02,71.05,,,,,,,
JI원종장3,2024-01-03,71.06,,,,,,,
JI원종장3,2024-01-04,71.03,,,,,,,
JI원종장3,2024-01-05,71.05,,,,,,,
JI원종장3,2024-01-06,71.05,,,,,,,
JI원종장3,2024-01-07,71.02,,,,,,,
JI원종장3,2024-01-08,71.04,,,,,,,
JI원종장3,2024-01-09,71.1,,,,,,,
JI원종장3,2024-01-10,71.08,,,,,,,
JI원종장3,2024-01-11,71.07,,,,,,,
JI원종장3,2024-01-12,71.07,,,,,,,
JI원종장3,2024-01-13,71.03,,,,,,,
JI원종장3,2024-01-14,71.06,,,,,,,
JI원종장3,2024-01-15,71.04,,,,,,,
JI원종장3,2024-01-16,71.02,,,,,,,
JI원종장3,2024-01-17,71.09,,,,,,,
JI원종장3,2024-01-18,71.12,,,,,,,
JI원종장3,2024-01-19,71.09,,,,,,,
JI원종장3,2024-01-20,71.13,,,,,,,
JI원종장3,2024-01-21,71.06,,,,,,,
JI원종장3,2024-01-22,71.03,,,,,,,
JI원종장3,2024-01-23,71.07,,,,,,,
JI원종장3,2024-01-24,71.08,,,,,,,
JI원종장3,2024-01-25,71.06,,,,,,,
JI원종장3,2024-01-26,71.07,,,,,,,
JI원종장3,2024-01-27,71.1,,,,,,,
JI원종장3,2024-01-28,71.08,,,,,,,
JI원종장3,2024-01-29,71.07,,,,,,,
JI원종장3,2024-01-30,71.11,,,,,,,
JI원종장3,2024-01-31,71.14,,,,,,,
JI원종장3,2024-02-01,71.12,,,,,,,
JI원종장3,2024-02-02,71.08,,,,,,,
JI원종장3,2024-02-03,71.11,,,,,,,
JI원종장3,2024-02-04,71.13,,,,,,,
JI원종장3,2024-02-05,71.14,,,,,,,
JI원종장3,2024-02-06,71.06,,,,,,,
JI원종장3,2024-02-07,71.1,,,,,,,
JI원종장3,2024-02-08,71.12,,,,,,,
JI원종장3,2024-02-09,71.1,,,,,,,
JI원종장3,2024-02-10,71.09,,,,,,,
JI원종장3,2024-02-11,71.08,,,,,,,
JI원종장3,2024-02-12,71.07,,,,,,,
JI원종장3,2024-02-13,71.11,,,,,,,
JI원종장3,2024-02-14,71.16,,,,,,,
JI원종장3,2024-02-15,71.16,,,,,,,
JI원종장3,2024-02-16,71.12,,,,,,,
JI원종장3,2024-02-17,71.14,,,,,,,
JI원종장3,2024-02-18,71.17,,,,,,,
JI원종장3,2024-02-19,71.17,,,,,,,
JI원종장3,2024-02-20,71.12,,,,,,,
JI원종장3,2024-02-21,71.15,,,,,,,
JI원종장3,2024-02-22,71.09,,,,,,,
JI원종장3,2024-02-23,71.05,,,,,,,
JI원종장3,2024-02-24,71.11,,,,,,,
JI원종장3,2024-02-25,71.13,,,,,,,
JI원종장3,2024-02-26,71.08,,,,,,,
JI원종장3,2024-02-27,71.08,,,,,,,
JI원종장3,2024-02-28,71.1,,,,,,,
JI원종장3,2024-02-29,71.16,,,,,,,
JI원종장3,2024-03-01,71.1,,,,,,,
JI원종장3,2024-03-02,71.11,,,,,,,
JI원종장3,2024-03-03,71.13,,,,,,,
JI원종장3,2024-03-04,71.13,,,,,,,
JI원종장3,2024-03-05,71.22,,,,,,,
JI원종장3,2024-03-06,71.12,,,,,,,
JI원종장3,2024-03-07,71.09,,,,,,,
JI원종장3,2024-03-08,71.09,,,,,,,
JI원종장3,2024-03-09,71.07,,,,,,,
JI원종장3,2024-03-10,71.05,,,,,,,
JI원종장3,2024-03-11,71.14,,,,,,,
JI원종장3,2024-03-12,71.16,,,,,,,
JI원종장3,2024-03-13,71.08,,,,,,,
JI원종장3,2024-03-14,71.09,,,,,,,
JI원종장3,2024-03-15,71.08,,,,,,,
JI원종장3,2024-03-16,71.12,,,,,,,
JI원종장3,2024-03-17,71.14,,,,,,,
JI원종장3,2024-03-18,71.09,,,,,,,
JI원종장3,2024-03-19,71.1,,,,,,,
JI원종장3,2024-03-20,71.08,,,,,,,
JI원종장3,2024-03-21,71.12,,,,,,,
JI원종장3,2024-03-22,71.15,,,,,,,
JI원종장3,2024-03-23,71.13,,,,,,,
JI원종장3,2024-03-24,71.13,,,,,,,
JI원종장3,2024-03-25,71.15,,,,,,,
JI원종장3,2024-03-26,71.07,,,,,,,
JI원종장3,2024-03-27,71.03,,,,,,,
JI원종장3,2024-03-28,71.18,,,,,,,
JI원종장3,2024-03-29,71.13,,,,,,,
JI원종장3,2024-03-30,71.11,,,,,,,
JI원종장3,2024-03-31,71.12,,,,,,,
JI원종장3,2024-04-01,71.08,,,,,,,
JI원종장3,2024-04-02,71.13,,,,,,,
JI원종장3,2024-04-03,71.17,,,,,,,
JI원종장3,2024-04-04,71.05,,,,,,,
JI원종장3,2024-04-05,71.04,,,,,,,
JI원종장3,2024-04-06,71.06,,,,,,,
JI원종장3,2024-04-07,71.09,,,,,,,
JI원종장3,2024-04-08,71.1,,,,,,,
JI원종장3,2024-04-09,71.05,,,,,,,
JI원종장3,2024-04-10,71.02,,,,,,,
JI원종장3,2024-04-11,71.07,,,,,,,
JI원종장3,2024-04-12,71.09,,,,,,,
JI원종장3,2024-04-13,71.07,,,,,,,
JI원종장3,2024-04-14,71.08,,,,,,,
JI원종장3,2024-04-15,71.12,,,,,,,
JI원종장3,2024-04-16,71.07,,,,,,,
JI원종장3,2024-04-17,71.09,,,,,,,
JI원종장3,2024-04-18,71.08,,,,,,,
JI원종장3,2024-04-19,71.05,,,,,,,
JI원종장3,2024-04-20,71.11,,,,,,,
JI원종장3,2024-04-21,71.07,,,,,,,
JI원종장3,2024-04-22,71.04,,,,,,,
JI원종장3,2024-04-23,71.06,,,,,,,
JI원종장3,2024-04-24,71.0,,,,,,,
JI원종장3,2024-04-25,70.91,,,,,,,
JI원종장3,2024-04-26,70.93,,,,,,,
JI원종장3,2024-04-27,70.91,,,,,,,
JI원종장3,2024-04-28,70.9,,,,,,,
JI원종장3,2024-04-29,70.97,,,,,,,
JI원종장3,2024-04-30,70.93,,,,,,,
JI원종장3,2024-05-01,70.89,,,,,,,
JI원종장3,2024-05-02,70.84,,,,,,,
JI원종장3,2024-05-03,70.87,,,,,,,
JI원종장3,2024-05-04,70.91,,,,,,,
JI원종장3,2024-05-05,70.95,,,,,,,
JI원종장3,2024-05-06,70.92,,,,,,,
JI원종장3,2024-05-07,70.89,,,,,,,
JI원종장3,2024-05-08,70.87,,,,,,,
JI원종장3,2024-05-09,70.85,,,,,,,
JI원종장3,2024-05-10,70.88,,,,,,,
JI원종장3,2024-05-11,70.93,,,,,,,
JI원종장3,2024-05-12,70.94,,,,,,,
JI원종장3,2024-05-13,70.89,,,,,,,
JI원종장3,2024-05-14,70.87,,,,,,,
JI원종장3,2024-05-15,70.9,,,,,,,
JI원종장3,2024-05-16,70.9,,,,,,,
JI원종장3,2024-05-17,70.88,,,,,,,
JI원종장3,2024-05-18,70.88,,,,,,,
JI원종장3,2024-05-19,70.9,,,,,,,
JI원종장3,2024-05-20,70.89,,,,,,,
JI원종장3,2024-05-21,70.88,,,,,,,
JI원종장3,2024-05-22,70.91,,,,,,,
JI원종장3,2024-05-23,70.94,,,,,,,
JI원종장3,2024-05-24,70.92,,,,,,,
JI원종장3,2024-05-25,70.9,,,,,,,
JI원종장3,2024-05-26,70.97,,,,,,,
JI원종장3,2024-05-27,70.98,,,,,,,
JI원종장3,2024-05-28,70.95,,,,,,,
JI원종장3,2024-05-29,70.88,,,,,,,
JI원종장3,2024-05-30,70.92,,,,,,,
JI원종장3,2024-05-31,70.93,,,,,,,
JI원종장3,2024-06-01,70.92,,,,,,,
JI원종장3,2024-06-02,70.94,,,,,,,
JI원종장3,2024-06-03,70.95,,,,,,,
JI원종장3,2024-06-04,70.9,,,,,,,
JI원종장3,2024-06-05,70.91,,,,,,,
JI원종장3,2024-06-06,70.95,,,,,,,
JI원종장3,2024-06-07,70.98,,,,,,,
JI원종장3,2024-06-08,71.01,,,,,,,
JI원종장3,2024-06-09,70.99,,,,,,,
JI원종장3,2024-06-10,70.96,,,,,,,
JI원종장3,2024-06-11,70.98,,,,,,,
JI원종장3,2024-06-12,71.0,,,,,,,
JI원종장3,2024-06-13,70.98,,,,,,,
JI원종장3,2024-06-14,70.98,,,,,,,
JI원종장3,2024-06-15,70.99,,,,,,,
JI원종장3,2024-06-16,70.94,,,,,,,
JI원종장3,2024-06-17,70.96,,,,,,,
JI원종장3,2024-06-18,70.97,,,,,,,
JI원종장3,2024-06-19,70.96,,,,,,,
JI원종장3,2024-06-20,71.02,,,,,,,
JI원종장3,2024-06-21,71.0,,,,,,,
JI원종장3,2024-06-22,71.01,,,,,,,
JI원종장3,2024-06-23,70.99,,,,,,,
JI원종장3,2024-06-24,70.95,,,,,,,
JI원종장3,2024-06-25,70.92,,,,,,,
JI원종장3,2024-06-26,70.91,,,,,,,
JI원종장3,2024-06-27,70.98,,,,,,,
JI원종장3,2024-06-28,71.0,,,,,,,
JI원종장3,2024-06-29,71.02,,,,,,,
JI원종장3,2024-06-30,71.03,,,,,,,
JI원종장3,2024-07-01,71.0,,,,,,,
JI원종장3,2024-07-02,71.0,,,,,,,
JI원종장3,2024-07-03,70.95,,,,,,,
JI원종장3,2024-07-04,70.99,,,,,,,
JI원종장3,2024-07-05,71.02,,,,,,,
JI원종장3,2024-07-06,71.01,,,,,,,
JI원종장3,2024-07-07,71.01,,,,,,,
JI원종장3,2024-07-08,71.03,,,,,,,
JI원종장3,2024-07-09,71.03,,,,,,,
JI원종장3,2024-07-10,71.05,,,,,,,
JI원종장3,2024-07-11,71.04,,,,,,,
JI원종장3,2024-07-12,71.04,,,,,,,
JI원종장3,2024-07-13,71.02,,,,,,,
JI원종장3,2024-07-14,71.0,,,,,,,
JI원종장3,2024-07-15,70.99,,,,,,,
JI원종장3,2024-07-16,71.01,,,,,,,
JI원종장3,2024-07-17,71.04,,,,,,,
JI원종장3,2024-07-18,71.07,,,,,,,
JI원종장3,2024-07-19,71.06,,,,,,,
JI원종장3,2024-07-20,71.04,,,,,,,
JI원종장3,2024-07-21,71.04,,,,,,,
JI원종장3,2024-07-22,71.07,,,,,,,
JI원종장3,2024-07-23,71.08,,,,,,,
JI원종장3,2024-07-24,71.08,,,,,,,
JI원종장3,2024-07-25,71.08,,,,,,,
JI원종장3,2024-07-26,71.04,,,,,,,
JI원종장3,2024-07-27,71.0,,,,,,,
JI원종장3,2024-07-28,71.03,,,,,,,
JI원종장3,2024-07-29,71.08,,,,,,,
JI원종장3,2024-07-30,71.09,,,,,,,
JI원종장3,2024-07-31,71.1,,,,,,,
JI원종장3,2024-08-01,71.11,,,,,,,
JI원종장3,2024-08-02,71.1,,,,,,,
JI원종장3,2024-08-03,71.07,,,,,,,
JI원종장3,2024-08-04,71.07,,,,,,,
JI원종장3,2024-08-05,71.08,,,,,,,
JI원종장3,2024-08-06,71.08,,,,,,,
JI원종장3,2024-08-07,71.09,,,,,,,
JI원종장3,2024-08-08,71.1,,,,,,,
JI원종장3,2024-08-09,71.1,,,,,,,
JI원종장3,2024-08-10,71.1,,,,,,,
JI원종장3,2024-08-11,71.11,,,,,,,
JI원종장3,2024-08-12,71.09,,,,,,,
JI원종장3,2024-08-13,71.07,,,,,,,
JI원종장3,2024-08-14,71.08,,,,,,,
JI원종장3,2024-08-15,71.09,,,,,,,
JI원종장3,2024-08-16,71.09,,,,,,,
JI원종장3,2024-08-19,71.24,,,,,,,
JI원종장3,2024-08-20,71.24,,,,,,,
JI원종장3,2024-08-21,71.21,,,,,,,
JI원종장3,2024-08-22,71.24,,,,,,,
JI원종장3,2024-08-23,71.21,,,,,,,
JI원종장3,2024-08-24,71.22,,,,,,,
JI원종장3,2024-08-25,71.25,,,,,,,
JI원종장3,2024-08-26,71.27,,,,,,,
JI원종장3,2024-08-27,71.28,,,,,,,
JI원종장3,2024-08-28,71.27,,,,,,,
JI원종장3,2024-08-29,71.27,,,,,,,
JI원종장3,2024-08-30,71.25,,,,,,,
JI원종장3,2024-08-31,71.24,,,,,,,
JI원종장3,2024-09-01,71.25,,,,,,,
JI원종장3,2024-09-02,71.25,,,,,,,
JI원종장3,2024-09-03,71.25,,,,,,,
JI원종장3,2024-09-04,71.27,,,,,,,
JI원종장3,2024-09-05,71.27,,,,,,,
JI원종장3,2024-09-06,71.25,,,,,,,
JI원종장3,2024-09-07,71.24,,,,,,,
JI원종장3,2024-09-08,71.26,,,,,,,
JI원종장3,2024-09-09,71.28,,,,,,,
JI원종장3,2024-09-10,71.29,,,,,,,
JI원종장3,2024-09-11,71.26,,,,,,,
JI원종장3,2024-09-12,71.28,,,,,,,
JI원종장3,2024-09-13,71.32,,,,,,,
JI원종장3,2024-09-14,71.35,,,,,,,
JI원종장3,2024-09-15,71.32,,,,,,,
JI원종장3,2024-09-16,71.26,,,,,,,
JI원종장3,2024-09-17,71.26,,,,,,,
JI원종장3,2024-09-19,71.26,,,,,,,
JI원종장3,2024-09-20,71.32,,,,,,,
JI원종장3,2024-09-21,71.35,,,,,,,
JI원종장3,2024-09-22,71.29,,,,,,,
JI원종장3,2024-09-23,71.25,,,,,,,
JI원종장3,2024-09-24,71.28,,,,,,,
JI원종장3,2024-09-25,71.31,,,,,,,
JI원종장3,2024-09-26,71.3,,,,,,,
JI원종장3,2024-09-27,71.3,,,,,,,
JI원종장3,2024-09-28,71.29,,,,,,,
JI원종장3,2024-09-29,71.29,,,,,,,
JI원종장3,2024-09-30,71.32,,,,,,,
JI원종장3,2024-10-01,71.35,,,,,,,
JI원종장3,2024-10-02,71.3,,,,,,,
JI원종장3,2024-10-03,71.29,,,,,,,
JI원종장3,2024-10-04,71.29,,,,,,,
JI원종장3,2024-10-05,71.32,,,,,,,
JI원종장3,2024-10-06,71.35,,,,,,,
JI원종장3,2024-10-07,71.36,,,,,,,
JI원종장3,2024-10-08,71.37,,,,,,,
JI원종장3,2024-10-09,71.37,,,,,,,
JI원종장3,2024-10-10,71.37,,,,,,,
JI원종장3,2024-10-11,71.34,,,,,,,
JI원종장3,2024-10-12,71.32,,,,,,,
JI원종장3,2024-10-13,71.35,,,,,,,
JI원종장3,2024-10-14,71.39,,,,,,,
JI원종장3,2024-10-15,71.38,,,,,,,
JI원종장3,2024-10-16,71.35,,,,,,,
JI원종장3,2024-10-17,71.38,,,,,,,
JI원종장3,2024-10-18,71.42,,,,,,,
JI원종장3,2024-10-19,71.38,,,,,,,
JI원종장3,2024-10-20,71.33,,,,,,,
JI원종장3,2024-10-21,71.4,,,,,,,
JI원종장3,2024-10-22,71.44,,,,,,,
JI원종장3,2024-10-23,71.39,,,,,,,
JI원종장3,2024-10-24,71.38,,,,,,,
JI원종장3,2024-10-25,71.39,,,,,,,
JI원종장3,2024-10-26,71.42,,,,,,,
JI원종장3,2024-10-27,71.45,,,,,,,
JI원종장3,2024-10-28,71.44,,,,,,,
JI원종장3,2024-10-29,71.41,,,,,,,
JI원종장3,2024-10-30,71.37,,,,,,,
JI원종장3,2024-10-31,71.4,,,,,,,
JI원종장3,2024-11-01,71.45,,,,,,,
JI원종장3,2024-11-02,71.43,,,,,,,
JI원종장3,2024-11-03,71.36,,,,,,,
JI원종장3,2024-11-04,71.39,,,,,,,
JI원종장3,2024-11-05,71.41,,,,,,,
JI원종장3,2024-11-06,71.38,,,,,,,
JI원종장3,2024-11-07,71.38,,,,,,,
JI원종장3,2024-11-08,71.42,,,,,,,
JI원종장3,2024-11-09,71.44,,,,,,,
JI원종장3,2024-11-10,71.46,,,,,,,
JI원종장3,2024-11-11,71.45,,,,,,,
JI원종장3,2024-11-12,71.45,,,,,,,
JI원종장3,2024-11-13,71.43,,,,,,,
JI원종장3,2024-11-14,71.46,,,,,,,
JI원종장3,2024-11-15,71.47,,,,,,,
JI원종장3,2024-11-16,71.47,,,,,,,
JI원종장3,2024-11-17,71.42,,,,,,,
JI원종장3,2024-11-18,71.37,,,,,,,
JI원종장3,2024-11-19,71.42,,,,,,,
JI원종장3,2024-11-20,71.47,,,,,,,
JI원종장3,2024-11-21,71.47,,,,,,,
JI원종장3,2024-11-22,71.45,,,,,,,
JI원종장3,2024-11-23,71.43,,,,,,,
JI원종장3,2024-11-24,71.44,,,,,,,
JI원종장3,2024-11-25,71.5,,,,,,,
JI원종장3,2024-11-26,71.53,,,,,,,
JI원종장3,2024-11-27,71.51,,,,,,,
JI원종장3,2024-11-28,71.51,,,,,,,
JI원종장3,2024-11-29,71.5,,,,,,,
JI원종장3,2024-11-30,71.48,,,,,,,
JI원종장3,2024-12-01,71.5,,,,,,,
JI원종장3,2024-12-02,71.48,,,,,,,
JI원종장3,2024-12-03,71.45,,,,,,,
JI원종장3,2024-12-04,71.47,,,,,,,
JI원종장3,2024-12-05,71.5,,,,,,,
JI원종장3,2024-12-06,71.49,,,,,,,
JI원종장3,2024-12-07,71.47,,,,,,,
JI원종장3,2024-12-08,71.47,,,,,,,
JI원종장3,2024-12-09,71.49,,,,,,,
JI원종장3,2024-12-10,71.51,,,,,,,
JI원종장3,2024-12-11,71.52,,,,,,,
JI원종장3,2024-12-12,71.49,,,,,,,
JI원종장3,2024-12-13,71.52,,,,,,,
JI원종장3,2024-12-14,71.48,,,,,,,
JI원종장3,2024-12-15,71.51,,,,,,,
JI원종장3,2024-12-16,71.52,,,,,,,
JI원종장3,2024-12-17,71.51,,,,,,,
JI원종장3,2024-12-18,71.5,,,,,,,
JI원종장3,2024-12-19,71.49,,,,,,,
JI원종장3,2024-12-20,71.53,,,,,,,
JI원종장3,2024-12-21,71.54,,,,,,,
JI원종장3,2024-12-22,71.49,,,,,,,
JI원종장3,2024-12-23,71.49,,,,,,,
JI원종장3,2024-12-24,71.5,,,,,,,
JI원종장3,2024-12-25,71.52,,,,,,,
JI원종장3,2024-12-26,71.53,,,,,,,
JI원종장3,2024-12-27,71.52,,,,,,,
JI원종장3,2024-12-28,71.53,,,,,,,
JI원종장3,2024-12-29,71.51,,,,,,,
JI원종장3,2024-12-30,71.55,,,,,,,
JI원종장3,2024-12-31,71.55,,,,,,,
JI원종장3,2025-01-01,71.51,,,,,,,
JI원종장3,2025-01-02,71.51,,,,,,,
JI원종장3,2025-01-03,71.49,,,,,,,
JI원종장3,2025-01-04,71.5,,,,,,,
JI원종장3,2025-01-05,71.55,,,,,,,
JI원종장3,2025-01-06,71.56,,,,,,,
JI원종장3,2025-01-07,71.52,,,,,,,
JI원종장3,2025-01-08,71.52,,,,,,,
JI원종장3,2025-01-09,71.48,,,,,,,
JI원종장3,2025-01-10,71.44,,,,,,,
JI원종장3,2025-01-11,71.49,,,,,,,
JI원종장3,2025-01-12,71.53,,,,,,,
JI원종장3,2025-01-13,71.49,,,,,,,
JI원종장3,2025-01-14,71.5,,,,,,,
JI원종장3,2025-01-15,71.48,,,,,,,
JI원종장3,2025-01-16,71.5,,,,,,,
JI원종장3,2025-01-17,71.5,,,,,,,
JI원종장3,2025-01-18,71.51,,,,,,,
JI원종장3,2025-01-19,71.55,,,,,,,
JI원종장3,2025-01-20,71.53,,,,,,,
JI원종장3,2025-01-21,71.47,,,,,,,
JI원종장3,2025-01-22,71.46,,,,,,,
JI원종장3,2025-01-23,71.47,,,,,,,
JI원종장3,2025-01-24,71.47,,,,,,,
JI원종장3,2025-01-25,71.45,,,,,,,
JI원종장3,2025-01-26,71.48,,,,,,,
JI원종장3,2025-01-27,71.51,,,,,,,
JI원종장3,2025-01-28,71.47,,,,,,,
JI원종장3,2025-01-29,71.42,,,,,,,
JI원종장3,2025-01-30,71.42,,,,,,,
JI원종장3,2025-01-31,71.47,,,,,,,
JI원종장3,2025-02-01,71.53,,,,,,,
JI원종장3,2025-02-02,71.47,,,,,,,
JI원종장3,2025-02-03,71.45,,,,,,,
JI원종장3,2025-02-04,71.45,,,,,,,
JI원종장3,2025-02-05,71.45,,,,,,,
JI원종장3,2025-02-06,71.42,,,,,,,
JI원종장3,2025-02-07,71.42,,,,,,,
JI원종장3,2025-02-08,71.37,,,,,,,
JI원종장3,2025-02-09,71.4,,,,,,,
JI원종장3,2025-02-10,71.4,,,,,,,
JI원종장3,2025-02-11,71.41,,,,,,,
JI원종장3,2025-02-12,71.48,,,,,,,
JI원종장3,2025-02-13,71.39,,,,,,,
JI원종장3,2025-02-14,71.41,,,,,,,
JI원종장3,2025-02-15,71.45,,,,,,,
JI원종장3,2025-02-16,71.43,,,,,,,
JI원종장3,2025-02-17,71.36,,,,,,,
JI원종장3,2025-02-18,71.36,,,,,,,
JI원종장3,2025-02-19,71.35,,,,,,,
JI원종장3,2025-02-20,71.35,,,,,,,
JI원종장3,2025-02-21,71.35,,,,,,,
JI원종장3,2025-02-22,71.34,,,,,,,
JI원종장3,2025-02-23,71.35,,,,,,,
JI원종장3,2025-02-24,71.34,,,,,,,
JI원종장3,2025-02-25,71.38,,,,,,,
JI원종장3,2025-02-26,71.39,,,,,,,
JI원종장3,2025-02-27,71.4,,,,,,,
JI원종장3,2025-02-28,71.39,,,,,,,
JI원종장3,2025-03-01,71.4,,,,,,,
JI원종장3,2025-03-02,71.42,,,,,,,
JI원종장3,2025-03-03,71.4,,,,,,,
JI원종장3,2025-03-04,71.36,,,,,,,
JI원종장3,2025-03-05,71.29,,,,,,,
JI원종장3,2025-03-06,71.27,,,,,,,
JI원종장3,2025-03-07,71.29,,,,,,,
JI원종장3,2025-03-08,71.32,,,,,,,
JI원종장3,2025-03-09,71.28,,,,,,,
JI원종장3,2025-03-10,71.33,,,,,,,
JI원종장3,2025-03-11,71.36,,,,,,,
JI원종장3,2025-03-12,71.36,,,,,,,
JI원종장3,2025-03-13,71.31,,,,,,,
JI원종장3,2025-03-14,71.3,,,,,,,
JI원종장3,2025-03-15,71.33,,,,,,,
JI원종장3,2025-03-16,71.31,,,,,,,
JI원종장3,2025-03-17,71.29,,,,,,,
JI원종장3,2025-03-18,71.29,,,,,,,
JI원종장3,2025-03-19,71.24,,,,,,,
JI원종장3,2025-03-20,71.27,,,,,,,
JI원종장3,2025-03-21,71.32,,,,,,,
JI원종장3,2025-03-22,71.31,,,,,,,
JI원종장3,2025-03-23,71.31,,,,,,,
JI원종장3,2025-03-24,71.33,,,,,,,
JI원종장3,2025-03-25,71.33,,,,,,,
JI원종장3,2025-03-26,71.31,,,,,,,
JI원종장3,2025-03-27,71.31,,,,,,,
JI원종장3,2025-03-28,71.18,,,,,,,
JI원종장3,2025-03-29,71.14,,,,,,,
JI원종장3,2025-03-30,71.15,,,,,,,
JI원종장3,2025-03-31,71.21,,,,,,,
JI원종장3,2025-04-01,71.25,,,,,,,
JI원종장3,2025-04-02,71.25,,,,,,,
JI원종장3,2025-04-03,71.22,,,,,,,
JI원종장3,2025-04-04,71.22,,,,,,,
JI원종장3,2025-04-05,71.26,,,,,,,
JI원종장3,2025-04-06,71.22,,,,,,,
JI원종장3,2025-04-07,71.2,,,,,,,
JI원종장3,2025-04-08,71.23,,,,,,,
JI원종장3,2025-04-09,71.26,,,,,,,
JI원종장3,2025-04-10,71.26,,,,,,,
JI원종장3,2025-04-11,71.2,,,,,,,
JI원종장3,2025-04-12,71.24,,,,,,,
JI원종장3,2025-04-13,71.22,,,,,,,
JI원종장3,2025-04-14,71.24,,,,,,,
JI원종장3,2025-04-15,71.15,,,,,,,
JI원종장3,2025-04-16,71.15,,,,,,,
JI원종장3,2025-04-17,71.17,,,,,,,
JI원종장3,2025-04-18,71.15,,,,,,,
JI원종장3,2025-04-19,71.17,,,,,,,
JI원종장3,2025-04-20,71.16,,,,,,,
JI원종장3,2025-04-21,71.14,,,,,,,
JI원종장3,2025-04-22,71.22,,,,,,,
JI원종장3,2025-04-23,71.15,,,,,,,
JI원종장3,2025-04-24,71.11,,,,,,,
JI원종장3,2025-04-25,71.07,,,,,,,
JI원종장3,2025-04-26,71.06,,,,,,,
JI원종장3,2025-04-27,71.12,,,,,,,
JI원종장3,2025-04-28,71.16,,,,,,,
JI원종장3,2025-04-29,71.1,,,,,,,
JI원종장3,2025-04-30,71.1,,,,,,,
JI원종장3,2025-05-01,71.14,,,,,,,
JI원종장3,2025-05-02,71.1,,,,,,,
JI원종장3,2025-05-03,71.12,,,,,,,
JI원종장3,2025-05-04,71.05,,,,,,,
JI원종장3,2025-05-05,71.11,,,,,,,
JI원종장3,2025-05-06,71.11,,,,,,,
JI원종장3,2025-05-07,71.03,,,,,,,
JI원종장3,2025-05-08,71.03,,,,,,,
JI원종장3,2025-05-09,71.15,,,,,,,
JI원종장3,2025-05-10,71.07,,,,,,,
JI원종장3,2025-05-11,71.05,,,,,,,
JI원종장3,2025-05-12,71.03,,,,,,,
JI원종장3,2025-05-13,71.0,,,,,,,
JI원종장3,2025-05-14,71.02,,,,,,,
JI원종장3,2025-05-15,71.02,,,,,,,
JI원종장3,2025-05-16,71.07,,,,,,,
JI원종장3,2025-05-17,71.07,,,,,,,
JI원종장3,2025-05-18,71.02,,,,,,,
JI원종장3,2025-05-19,71.04,,,,,,,
JI원종장3,2025-05-20,71.02,,,,,,,
JI원종장3,2025-05-21,71.05,,,,,,,
JI원종장3,2025-05-22,71.01,,,,,,,
JI원종장3,2025-05-23,71.01,,,,,,,
JI원종장3,2025-05-24,71.02,,,,,,,
JI원종장3,2025-05-25,70.94,,,,,,,
JI원종장3,2025-05-26,70.93,,,,,,,
JI원종장3,2025-05-27,70.95,,,,,,,
JI원종장3,2025-05-28,70.98,,,,,,,
JI원종장3,2025-05-29,71.0,,,,,,,
JI원종장3,2025-05-30,71.0,,,,,,,
JI원종장3,2025-05-31,70.99,,,,,,,
JI원종장3,2025-06-01,70.99,,,,,,,
JI원종장3,2025-06-02,71.05,,,,,,,
JI원종장3,2025-06-03,71.0,,,,,,,
JI원종장3,2025-06-04,70.92,,,,,,,
JI원종장3,2025-06-05,70.9,,,,,,,
JI원종장3,2025-06-06,70.94,,,,,,,
JI원종장3,2025-06-07,70.95,,,,,,,
JI원종장3,2025-06-08,70.95,,,,,,,
JI원종장3,2025-06-09,70.95,,,,,,,
JI원종장3,2025-06-10,70.93,,,,,,,
JI원종장3,2025-06-11,70.89,,,,,,,
JI원종장3,2025-06-12,70.89,,,,,,,
JI원종장3,2025-06-13,70.93,,,,,,,
JI원종장3,2025-06-14,71.0,,,,,,,
JI원종장3,2025-06-15,70.97,,,,,,,
JI원종장3,2025-06-16,70.94,,,,,,,
JI원종장3,2025-06-17,70.88,,,,,,,
JI원종장3,2025-06-18,70.86,,,,,,,
JI원종장3,2025-06-19,70.87,,,,,,,
JI원종장3,2025-06-20,70.91,,,,,,,
JI원종장3,2025-06-21,70.93,,,,,,,
JI원종장3,2025-06-22,70.9,,,,,,,
JI원종장3,2025-06-23,70.9,,,,,,,
JI원종장3,2025-06-24,70.9,,,,,,,
JI원종장3,2025-06-25,70.86,,,,,,,
JI원종장3,2025-06-26,70.86,,,,,,,
JI원종장3,2025-06-27,70.88,,,,,,,
JI원종장3,2025-06-28,70.88,,,,,,,
JI원종장3,2025-06-29,70.87,,,,,,,
JI원종장3,2025-06-30,70.84,,,,,,,
JI원종장3,2025-07-01,70.83,,,,,,,
JI원종장3,2025-07-02,70.84,,,,,,,
JI원종장3,2025-07-03,70.85,,,,,,,
JI원종장3,2025-07-04,70.87,,,,,,,
JI원종장3,2025-07-05,70.87,,,,,,,
JI원종장3,2025-07-06,70.86,,,,,,,
JI원종장3,2025-07-07,70.84,,,,,,,
JI원종장3,2025-07-08,70.83,,,,,,,
JI원종장3,2025-07-09,70.82,,,,,,,
JI원종장3,2025-07-10,70.82,,,,,,,
JI원종장3,2025-07-11,70.82,,,,,,,
JI원종장3,2025-07-12,70.83,,,,,,,
JI원종장3,2025-07-13,70.88,,,,,,,
JI원종장3,2025-07-14,70.89,,,,,,,
JI원종장3,2025-07-15,70.84,,,,,,,
JI원종장3,2025-07-16,70.79,,,,,,,
JI원종장3,2025-07-17,70.79,,,,,,,
JI원종장3,2025-07-18,70.79,,,,,,,
JI원종장3,2025-07-19,70.77,,,,,,,
JI원종장3,2025-07-20,70.76,,,,,,,
JI원종장3,2025-07-21,70.75,,,,,,,
JI원종장3,2025-07-22,70.77,,,,,,,
JI원종장3,2025-07-23,70.79,,,,,,,
JI원종장3,2025-07-24,70.8,,,,,,,
JI원종장3,2025-07-25,70.8,,,,,,,
JI원종장3,2025-07-26,70.8,,,,,,,
JI원종장3,2025-07-27,70.8,,,,,,,
JI원종장3,2025-07-28,70.79,,,,,,,
JI원종장3,2025-07-29,70.79,,,,,,,
JI원종장3,2025-07-30,70.78,,,,,,,
JI원종장3,2025-07-31,70.74,,,,,,,
JI원종장3,2025-08-01,70.73,,,,,,,
JI원종장3,2025-08-02,70.73,,,,,,,
JI원종장3,2025-08-03,70.74,,,,,,,
JI원종장3,2025-08-04,70.73,,,,,,,
JI원종장3,2025-08-05,70.69,,,,,,,
JI원종장3,2025-08-06,70.72,,,,,,,
JI원종장3,2025-08-07,70.72,,,,,,,
JI원종장3,2025-08-08,70.7,,,,,,,
JI원종장3,2025-08-09,70.72,,,,,,,
JI원종장3,2025-08-10,70.72,,,,,,,
JI원종장3,2025-08-11,70.69,,,,,,,
JI원종장3,2025-08-12,70.65,,,,,,,
JI원종장3,2025-08-13,70.62,,,,,,,
JI원종장3,2025-08-14,70.63,,,,,,,
JI원종장3,2025-08-15,70.65,,,,,,,
JI원종장3,2025-08-16,70.66,,,,,,,
JI원종장3,2025-08-17,70.65,,,,,,,
JI원종장3,2025-08-18,70.65,,,,,,,
JI원종장3,2025-08-19,70.67,,,,,,,
JI원종장3,2025-08-20,70.68,,,,,,,
JI원종장3,2025-08-21,70.65,,,,,,,
JI원종장3,2025-08-22,70.65,,,,,,,
JI원종장3,2025-08-23,70.63,,,,,,,
JI원종장3,2025-08-24,70.62,,,,,,,
JI원종장3,2025-08-25,70.63,,,,,,,
JI원종장3,2025-08-26,70.63,,,,,,,
JI원종장3,2025-08-27,70.61,,,,,,,
JI원종장3,2025-08-28,70.59,,,,,,,
JI원종장3,2025-08-29,70.58,,,,,,,
JI원종장3,2025-08-30,70.59,,,,,,,
JI원종장3,2025-08-31,70.62,,,,,,,
JI원종장3,2025-09-01,70.62,,,,,,,
JI원종장3,2025-09-02,70.58,,,,,,,
JI원종장3,2025-09-03,70.58,,,,,,,
JI원종장3,2025-09-04,70.59,,,,,,,
JI원종장3,2025-09-05,70.55,,,,,,,
JI원종장3,2025-09-06,70.55,,,,,,,
JI원종장3,2025-09-07,70.56,,,,,,,
JI원종장3,2025-09-08,70.55,,,,,,,
JI원종장3,2025-09-09,70.55,,,,,,,
JI원종장3,2025-09-10,70.54,,,,,,,
JI원종장3,2025-09-11,70.52,,,,,,,
JI원종장3,2025-09-12,70.54,,,,,,,
JI원종장3,2025-09-13,70.55,,,,,,,
JI원종장3,2025-09-14,70.51,,,,,,,
JI원종장3,2025-09-15,70.49,,,,,,,
JI원종장3,2025-09-16,70.52,,,,,,,
JI원종장3,2025-09-17,70.54,,,,,,,
JI원종장3,2025-09-18,70.5,,,,,,,
JI원종장3,2025-09-19,70.52,,,,,,,
JI원종장3,2025-09-20,70.53,,,,,,,
JI원종장3,2025-09-21,70.49,,,,,,,
JI원종장3,2025-09-22,70.48,,,,,,,
JI원종장3,2025-09-23,70.5,,,,,,,
JI원종장3,2025-09-24,70.51,,,,,,,
JI원종장3,2025-09-25,70.47,,,,,,,
JI원종장3,2025-09-26,70.48,,,,,,,
JI원종장3,2025-09-27,70.5,,,,,,,
JI원종장3,2025-09-28,70.52,,,,,,,
JI원종장3,2025-09-29,70.5,,,,,,,
JI원종장3,2025-09-30,70.49,,,,,,,
JI원종장3,2025-10-01,70.48,,,,,,,
JI원종장3,2025-10-02,70.46,,,,,,,
JI원종장3,2025-10-03,70.5,,,,,,,
JI원종장3,2025-10-04,70.47,,,,,,,
JI원종장3,2025-10-05,70.47,,,,,,,
JI원종장3,2025-10-06,70.47,,,,,,,
JI원종장3,2025-10-07,70.46,,,,,,,
JI원종장3,2025-10-08,70.47,,,,,,,
JI원종장3,2025-10-09,70.46,,,,,,,
JI원종장3,2025-10-10,70.46,,,,,,,
JI원종장3,2025-10-11,70.49,,,,,,,
JI원종장3,2025-10-12,70.47,,,,,,,
JI원종장3,2025-10-13,70.46,,,,,,,
JI원종장3,2025-10-14,70.44,,,,,,,
JI원종장3,2025-10-15,70.44,,,,,,,
JI원종장3,2025-10-16,70.45,,,,,,,
JI원종장3,2025-10-17,70.44,,,,,,,
JI원종장3,2025-10-18,70.45,,,,,,,
JI원종장3,2025-10-19,70.44,,,,,,,
JI원종장3,2025-10-20,70.41,,,,,,,
JI원종장3,2025-10-21,70.42,,,,,,,
JI원종장3,2025-10-22,70.44,,,,,,,
JI원종장3,2025-10-23,70.44,,,,,,,
JI원종장3,2025-10-24,70.44,,,,,,,
JI원종장3,2025-10-25,70.47,,,,,,,
JI원종장3,2025-10-26,70.48,,,,,,,
JI원종장3,2025-10-27,70.43,,,,,,,
JI원종장3,2025-10-28,70.4,,,,,,,
JI원종장3,2025-10-29,70.41,,,,,,,
JI원종장3,2025-10-30,70.44,,,,,,,
JI원종장3,2025-10-31,70.47,,,,,,,
JI원종장3,2025-11-01,70.45,,,,,,,
JI원종장3,2025-11-02,70.39,,,,,,,
JI원종장3,2025-11-03,70.36,,,,,,,
JI원종장3,2025-11-04,70.39,,,,,,,
JI원종장3,2025-11-05,70.42,,,,,,,
JI원종장3,2025-11-06,70.4,,,,,,,
JI원종장3,2025-11-07,70.39,,,,,,,
JI원종장3,2025-11-08,70.42,,,,,,,
JI원종장3,2025-11-09,70.42,,,,,,,
JI원종장3,2025-11-10,70.38,,,,,,,
JI원종장3,2025-11-11,70.38,,,,,,,
JI원종장3,2025-11-12,70.37,,,,,,,
JI원종장3,2025-11-13,70.39,,,,,,,
JI원종장3,2025-11-14,70.37,,,,,,,
JI원종장3,2025-11-15,70.33,,,,,,,
JI원종장3,2025-11-16,70.34,,,,,,,
JI원종장3,2025-11-17,70.35,,,,,,,
JI원종장3,2025-11-18,70.36,,,,,,,
JI원종장3,2025-11-19,70.36,,,,,,,
JI원종장3,2025-11-20,70.35,,,,,,,
JI원종장3,2025-11-21,70.35,,,,,,,
JI원종장3,2025-11-22,70.35,,,,,,,
JI원종장3,2025-11-23,70.37,,,,,,,
JI원종장3,2025-11-24,70.4,,,,,,,
JI원종장3,2025-11-25,70.37,,,,,,,
JI원종장3,2025-11-26,70.3,,,,,,,
JI원종장3,2025-11-27,70.36,,,,,,,
JI원종장3,2025-11-28,70.33,,,,,,,
JI원종장3,2025-11-29,70.35,,,,,,,
JI원종장3,2025-11-30,70.34,,,,,,,
JI원종장3,2025-12-01,70.32,,,,,,,
JI원종장3,2025-12-02,70.31,,,,,,,
JI원종장3,2025-12-03,70.29,,,,,,,
JI원종장3,2025-12-04,70.29,,,,,,,
JI원종장3,2025-12-05,70.34,,,,,,,
JI원종장3,2025-12-06,70.38,,,,,,,
JI원종장3,2025-12-07,70.36,,,,,,,
JI원종장3,2025-12-08,70.33,,,,,,,
JI원종장3,2025-12-09,70.33,,,,,,,
JI원종장3,2025-12-10,70.37,,,,,,,
JI원종장3,2025-12-11,70.39,,,,,,,
JI원종장3,2025-12-12,70.32,,,,,,,
JI원종장3,2025-12-13,70.39,,,,,,,
JI원종장3,2025-12-14,70.35,,,,,,,
JI원종장3,2025-12-15,70.32,,,,,,,
JI원종장3,2025-12-16,70.35,,,,,,,
JI원종장3,2025-12-17,70.33,,,,,,,
JI원종장3,2025-12-18,70.32,,,,,,,
JI원종장3,2025-12-19,70.37,,,,,,,
JI원종장3,2025-12-20,70.36,,,,,,,
JI원종장3,2025-12-21,70.29,,,,,,,
JI원종장3,2025-12-22,70.3,,,,,,,
JI원종장3,2025-12-23,70.36,,,,,,,
JI원종장3,2025-12-24,70.38,,,,,,,
JI원종장3,2025-12-25,70.32,,,,,,,
JI원종장3,2025-12-26,70.28,,,,,,,
JI원종장3,2025-12-27,70.29,,,,,,,
JI원종장3,2025-12-28,70.33,,,,,,,
JI원종장3,2025-12-29,70.34,,,,,,,
JI원종장3,2025-12-30,70.3,,,,,,,
JI원종장3,2025-12-31,70.28,,,,,,,
JI원종장3,2026-01-01,70.3,S11,219.73,28.94,15.56,194.0,1018.83,12.91
JI원종장3,2026-01-02,70.3,S11,219.73,28.94,15.55,194.0,1019.29,12.78
JI원종장3,2026-01-03,70.28,S11,219.75,28.92,15.55,194.0,1022.08,12.8
JI원종장3,2026-01-04,70.31,S11,219.73,28.95,15.56,194.0,1019.83,12.8
JI원종장3,2026-01-05,70.32,S11,219.71,28.96,15.52,195.0,1016.71,12.86
JI원종장3,2026-01-06,70.29,S11,219.74,28.93,15.53,194.0,1017.88,12.92
JI원종장3,2026-01-07,70.29,S11,219.74,28.93,15.52,195.0,1016.67,12.78
JI원종장3,2026-01-08,70.25,S11,219.78,28.89,15.53,194.0,1020.75,12.83
JI원종장3,2026-01-09,70.29,S11,219.74,28.93,15.55,194.0,1018.13,12.91
JI원종장3,2026-01-10,70.31,S11,219.72,28.95,15.5,195.0,1013.42,12.91
JI원종장3,2026-01-11,70.24,S11,219.79,28.88,15.51,194.0,1019.0,12.79
JI원종장3,2026-01-12,70.29,S11,219.74,28.93,15.54,194.0,1015.71,12.92
JI원종장3,2026-01-13,70.29,S11,219.74,28.93,15.5,194.0,1013.17,12.96
JI원종장3,2026-01-14,70.24,S11,219.79,28.88,15.53,194.0,1016.63,12.94
JI원종장3,2026-01-15,70.28,S11,219.75,28.92,15.52,194.0,1012.42,12.83
JI원종장3,2026-01-16,70.26,S11,219.77,28.9,15.51,194.0,1013.17,12.92
JI원종장3,2026-01-17,70.24,S11,219.79,28.88,15.52,194.0,1014.29,12.94
JI원종장3,2026-01-18,70.24,S11,219.79,28.88,15.54,194.0,1014.29,12.93
JI원종장3,2026-01-19,70.22,S11,219.81,28.86,15.53,194.0,1016.46,12.81
JI원종장3,2026-01-20,70.21,S11,219.82,28.85,15.55,194.0,1018.29,12.89
JI원종장3,2026-01-21,70.21,S11,219.82,28.85,15.56,194.0,1020.33,12.81
JI원종장3,2026-01-22,70.2,S11,219.83,28.84,15.56,194.0,1021.96,12.81
JI원종장3,2026-01-23,70.22,S11,219.81,28.86,15.56,194.0,1021.54,12.93
JI원종장3,2026-01-24,70.22,S11,219.81,28.86,15.54,194.0,1020.5,13.0
JI원종장3,2026-01-25,70.19,S11,219.84,28.83,15.54,194.0,1023.42,12.93
JI원종장3,2026-01-26,70.23,S11,219.8,28.87,15.55,194.0,1020.25,12.9
JI원종장3,2026-01-27,70.22,S11,219.82,28.86,15.52,194.0,1019.5,12.85
JI원종장3,2026-01-28,70.18,S11,219.85,28.82,15.53,194.0,1021.83,12.95
JI원종장3,2026-01-29,70.17,S11,219.86,28.81,15.55,194.0,1024.33,12.95
JI원종장3,2026-01-30,70.19,S11,219.84,28.83,15.57,194.0,1024.04,12.97
JI원종장3,2026-01-31,70.2,S11,219.83,28.84,15.54,194.0,1021.96,12.98
JI원종장3,2026-02-01,70.19,S11,219.84,28.83,15.53,194.0,1021.71,12.92
JI원종장3,2026-02-02,70.18,S11,219.85,28.82,15.53,194.0,1022.25,12.83
JI원종장3,2026-02-03,70.16,S11,219.87,28.8,15.54,194.0,1024.29,12.97
JI원종장3,2026-02-04,70.22,S11,219.81,28.86,15.52,194.0,1017.96,12.96
JI원종장3,2026-02-05,70.23,S11,219.8,28.87,15.48,194.0,1013.83,12.95
JI원종장3,2026-02-06,70.17,S11,219.86,28.81,15.49,194.0,1016.13,12.9
JI원종장3,2026-02-07,70.15,S11,219.88,28.79,15.52,194.0,1018.46,12.73
JI원종장3,2026-02-08,70.12,S11,219.91,28.76,15.52,193.0,1022.54,12.82
JI원종장3,2026-02-09,70.14,S11,219.89,28.78,15.54,193.0,1023.13,12.95
JI원종장3,2026-02-10,70.2,S11,219.83,28.84,15.52,194.0,1016.33,12.7
JI원종장3,2026-02-11,70.16,S11,219.87,28.8,15.49,194.0,1017.08,12.91
JI원종장3,2026-02-12,70.14,S11,219.89,28.78,15.52,194.0,1018.13,13.0
JI원종장3,2026-02-13,70.16,S11,219.87,28.8,15.51,194.0,1015.5,13.0
JI원종장3,2026-02-14,70.18,S11,219.85,28.82,15.49,194.0,1011.75,12.88
JI원종장3,2026-02-15,70.13,S11,219.9,28.77,15.49,194.0,1014.42,12.97
JI원종장3,2026-02-16,70.11,S11,219.92,28.75,15.52,194.0,1017.29,12.93
JI원종장3,2026-02-17,70.12,S11,219.91,28.76,15.54,194.0,1017.79,12.99
JI원종장3,2026-02-18,70.12,S11,219.91,28.76,15.54,194.0,1018.54,12.99
JI원종장3,2026-02-19,70.12,S11,219.91,28.76,15.55,194.0,1019.38,12.98
JI원종장3,2026-02-20,70.15,S11,219.88,28.79,15.53,194.0,1015.04,12.99
JI원종장3,2026-02-21,70.17,S11,219.86,28.81,15.49,195.0,1010.13,12.98
JI원종장3,2026-02-22,70.14,S11,219.89,28.78,15.46,195.0,1008.71,12.98
JI원종장3,2026-02-23,70.05,S11,219.98,28.69,15.46,195.0,1018.29,12.99
JI원종장3,2026-02-24,70.13,S11,219.9,28.77,15.52,194.0,1012.5,12.72
JI원종장3,2026-02-25,70.09,S11,219.94,28.73,15.5,194.0,1014.46,12.97
JI원종장3,2026-02-26,70.12,S11,219.91,28.76,15.52,194.0,1012.25,13.01
JI원종장3,2026-02-27,70.13,S11,219.9,28.77,15.49,195.0,1008.58,12.91
JI원종장3,2026-02-28,70.05,S11,219.98,28.69,15.49,195.0,1014.46,13.02
JI원종장3,2026-03-01,70.08,S11,219.95,28.72,15.53,194.0,1014.04,12.93
JI원종장3,2026-03-02,70.15,S11,219.88,28.79,15.5,195.0,1006.08,12.9
JI원종장3,2026-03-03,70.03,S11,220.0,28.67,15.47,195.0,1014.25,12.71
JI원종장3,2026-03-04,70.02,S11,220.01,28.66,15.5,194.0,1018.63,13.0
JI원종장3,2026-03-05,70.06,S11,219.97,28.7,15.55,194.0,1017.42,13.0
JI원종장3,2026-03-06,70.05,S11,219.98,28.69,15.53,195.0,1017.46,12.92
JI원종장3,2026-03-07,70.02,S11,220.01,28.66,15.53,195.0,1022.08,12.99
JI원종장3,2026-03-08,70.03,S11,220.0,28.67,15.56,194.0,1022.17,13.05
JI원종장3,2026-03-09,70.03,S11,220.0,28.67,15.55,195.0,1022.42,13.03
JI원종장3,2026-03-10,70.04,S11,219.99,28.68,15.55,195.0,1021.96,13.03
JI원종장3,2026-03-11,70.05,S11,219.98,28.69,15.53,195.0,1019.63,13.05
JI원종장3,2026-03-12,70.04,S11,219.99,28.68,15.52,195.0,1019.92,13.03
JI원종장3,2026-03-13,70.01,S11,220.02,28.65,15.52,195.0,1022.63,13.05
JI원종장3,2026-03-14,70.01,S11,220.02,28.65,15.55,195.0,1023.54,13.05
JI원종장3,2026-03-15,70.04,S11,219.99,28.68,15.54,195.0,1021.13,13.03
JI원종장3,2026-03-16,70.05,S11,219.98,28.69,15.51,195.0,1018.29,13.05
JI원종장3,2026-03-17,70.05,S11,219.98,28.69,15.5,195.0,1016.0,13.03
JI원종장3,2026-03-18,70.07,S11,219.96,28.71,15.47,195.0,1010.0,12.48
JI원종장3,2026-03-19,70.01,S11,220.02,28.65,15.48,195.0,1013.33,13.03
JI원종장3,2026-03-20,69.99,S11,220.04,28.63,15.5,195.0,1016.38,13.07
JI원종장3,2026-03-21,69.98,S11,220.05,28.62,15.53,195.0,1018.71,13.05
JI원종장3,2026-03-22,70.02,S11,220.01,28.66,15.53,195.0,1014.71,13.05
JI원종장3,2026-03-23,70.01,S11,220.02,28.65,15.5,195.0,1014.33,13.06
JI원종장3,2026-03-24,70.02,S11,220.01,28.66,15.5,195.0,1012.04,12.97
JI원종장3,2026-03-25,70.02,S11,220.01,28.66,15.48,195.0,1009.42,12.95
JI원종장3,2026-03-26,69.99,S11,220.04,28.63,15.5,195.0,1011.54,13.06
JI원종장3,2026-03-27,69.99,S11,220.04,28.63,15.51,195.0,1011.46,13.05
JI원종장3,2026-03-28,69.97,S11,220.06,28.61,15.51,195.0,1012.0,13.05
JI원종장3,2026-03-29,69.98,S11,220.05,28.62,15.51,195.0,1011.63,13.05
JI원종장3,2026-03-30,70.03,S11,220.0,28.67,15.5,195.0,1005.96,12.97
JI원종장3,2026-03-31,69.99,S11,220.04,28.63,15.45,195.0,1005.33,12.9
JI원종장3,2026-04-01,69.94,S11,220.09,28.58,15.5,195.0,1009.0,12.94
JI원종장3,2026-04-02,69.92,S11,220.11,28.56,15.51,195.0,1013.04,13.06
JI원종장3,2026-04-03,69.97,S11,220.06,28.61,15.54,195.0,1009.5,13.04
JI원종장3,2026-04-04,70.06,S11,219.97,28.7,15.46,195.0,997.54,12.88
JI원종장3,2026-04-05,69.93,S11,220.1,28.57,15.48,195.0,1006.04,13.06
JI원종장3,2026-04-06,69.94,S11,220.09,28.58,15.52,194.0,1005.92,12.96
JI원종장3,2026-04-07,69.88,S11,220.15,28.52,15.5,194.0,1011.33,13.07
JI원종장3,2026-04-08,69.88,S11,220.15,28.52,15.52,195.0,1014.54,13.05
JI원종장3,2026-04-09,70.0,S11,220.03,28.64,15.52,194.0,1002.88,12.7
JI원종장3,2026-04-10,69.96,S11,220.07,28.6,15.47,194.0,1002.08,13.0
JI원종장3,2026-04-11,69.87,S11,220.16,28.51,15.48,193.0,1009.63,13.08
JI원종장3,2026-04-12,69.89,S11,220.14,28.53,15.54,191.0,1010.79,13.0
JI원종장3,2026-04-13,69.91,S11,220.12,28.55,15.54,190.0,1009.54,12.98
JI원종장3,2026-04-14,69.92,S11,220.11,28.56,15.52,189.0,1007.38,12.83
JI원종장3,2026-04-15,69.9,S11,220.13,28.54,15.51,189.0,1008.38,13.05
JI원종장3,2026-04-16,69.87,S11,220.16,28.51,15.53,190.0,1011.33,13.09
JI원종장3,2026-04-17,69.9,S11,220.13,28.54,15.53,189.0,1008.88,12.9
JI원종장3,2026-04-18,69.89,S11,220.14,28.53,15.51,189.0,1007.63,13.07
JI원종장3,2026-04-19,69.89,S11,220.14,28.53,15.51,189.0,1007.79,13.01
JI원종장3,2026-04-20,69.86,S11,220.17,28.5,15.51,190.0,1009.67,12.89
JI원종장3,2026-04-21,69.83,S11,220.2,28.47,15.52,190.0,1014.25,13.05
JI원종장3,2026-04-22,69.91,S11,220.12,28.55,15.53,190.0,1007.75,12.93
JI원종장3,2026-04-23,69.9,S11,220.13,28.54,15.48,190.0,1004.0,13.04
JI원종장3,2026-04-24,69.82,S11,220.21,28.46,15.49,191.0,1010.92,13.1
JI원종장3,2026-04-25,69.82,S11,220.21,28.46,15.53,191.0,1013.71,13.11
JI원종장3,2026-04-26,69.88,S11,220.15,28.52,15.54,191.0,1009.79,13.08
JI원종장3,2026-04-27,69.86,S11,220.17,28.5,15.51,191.0,1009.33,13.1
JI원종장3,2026-04-28,69.82,S11,220.21,28.46,15.51,191.0,1011.33,12.95
JI원종장3,2026-04-29,69.8,S11,220.23,28.44,15.53,192.0,1014.71,13.05
JI원종장3,2026-04-30,69.84,S11,220.19,28.48,15.54,192.0,1011.08,13.02
JI원종장3,2026-05-01,69.84,S11,220.19,28.48,15.51,192.0,1009.83,13.07
JI원종장3,2026-05-02,69.83,S11,220.2,28.47,15.51,192.0,1009.13,13.08
JI원종장3,2026-05-03,69.87,S11,220.16,28.51,15.47,192.0,1001.92,12.73
JI원종장3,2026-05-04,69.75,S11,220.28,28.39,15.46,192.0,1012.17,13.13
JI원종장3,2026-05-05,69.76,S11,220.28,28.4,15.51,192.0,1014.71,13.13
JI원종장3,2026-05-06,69.79,S11,220.24,28.43,15.55,192.0,1012.96,13.11
JI원종장3,2026-05-07,69.81,S11,220.22,28.45,15.52,192.0,1009.67,13.12
JI원종장3,2026-05-08,69.75,S11,220.28,28.39,15.5,192.0,1013.25,13.1
JI원종장3,2026-05-09,69.75,S11,220.28,28.39,15.54,192.0,1015.88,13.12
JI원종장3,2026-05-10,69.77,S11,220.26,28.41,15.55,193.0,1014.5,13.1
JI원종장3,2026-05-11,69.8,S11,220.23,28.44,15.52,193.0,1011.38,13.1
JI원종장3,2026-05-12,69.81,S11,220.22,28.45,15.49,192.0,1006.63,13.08
JI원종장3,2026-05-13,69.78,S11,220.25,28.42,15.48,192.0,1006.33,13.11
JI원종장3,2026-05-14,69.73,S11,220.3,28.37,15.49,193.0,1010.13,13.12
JI원종장3,2026-05-15,69.68,S11,220.35,28.32,15.51,193.0,1015.79,13.11
JI원종장3,2026-05-16,69.69,S11,220.34,28.33,15.54,193.0,1018.21,13.12
JI원종장3,2026-05-17,69.74,S11,220.29,28.38,15.56,194.0,1016.58,13.1
JI원종장3,2026-05-18,69.75,S11,220.28,28.39,15.53,194.0,1013.54,13.1
JI원종장3,2026-05-19,69.76,S11,220.27,28.4,15.5,194.0,1009.58,13.12
JI원종장3,2026-05-20,69.78,S11,220.25,28.42,15.48,194.0,1003.88,12.95
JI원종장3,2026-05-21,69.73,S11,220.3,28.37,15.47,194.0,1003.96,13.03
JI원종장3,2026-05-22,69.7,S11,220.33,28.34,15.49,194.0,1006.92,13.09
JI원종장3,2026-05-23,69.7,S11,220.33,28.34,15.51,194.0,1007.13,13.13
JI원종장3,2026-05-24,69.69,S11,220.34,28.33,15.52,194.0,1009.0,13.09
JI원종장3,2026-05-25,69.72,S11,220.31,28.36,15.52,194.0,1005.67,13.12
JI원종장3,2026-05-26,69.74,S11,220.29,28.38,15.48,194.0,1000.13,13.08
JI원종장3,2026-05-27,69.71,S11,220.32,28.35,15.46,194.0,999.17,13.08
JI원종장3,2026-05-28,69.66,S11,220.37,28.3,15.49,194.0,1003.08,12.93
JI원종장3,2026-05-29,69.64,S11,220.39,28.28,15.52,194.0,1006.54,13.13
JI원종장3,2026-05-30,69.64,S11,220.39,28.28,15.54,195.0,1009.13,13.1
JI원종장3,2026-05-31,69.64,S11,220.39,28.28,15.55,195.0,1010.46,13.11
JI원종장3,2026-06-01,69.65,S11,220.38,28.29,15.55,195.0,1009.83,12.9
JI원종장3,2026-06-02,69.72,S11,220.32,28.36,15.51,195.0,1002.04,12.93
JI원종장3,2026-06-03,69.68,S11,220.35,28.32,15.49,194.0,1001.92,13.07
JI원종장3,2026-06-04,69.68,S11,220.35,28.32,15.48,194.0,999.46,13.02
JI원종장3,2026-06-05,69.6,S11,220.43,28.24,15.48,194.0,1005.67,13.05
JI원종장3,2026-06-06,69.61,S11,220.42,28.25,15.53,194.0,1007.5,13.12
JI원종장3,2026-06-07,69.64,S11,220.39,28.28,15.53,194.0,1004.13,13.11
JI원종장3,2026-06-08,69.62,S11,220.41,28.26,15.52,194.0,1005.25,13.08
JI원종장3,2026-06-09,69.62,S11,220.41,28.26,15.52,194.0,1004.88,13.08
JI원종장3,2026-06-10,69.59,S11,220.44,28.23,15.53,194.0,1007.58,13.13
