관측소명,날짜,EL,센서,GL,Pressure,Temp,EC,Barometa,Battery
JM명월,2016-01-01,11.92,,,,,,,
JM명월,2016-01-02,11.91,,,,,,,
JM명월,2016-01-03,11.91,,,,,,,
JM명월,2016-01-04,11.9,,,,,,,
JM명월,2016-01-05,11.88,,,,,,,
JM명월,2016-01-06,11.87,,,,,,,
JM명월,2016-01-07,11.86,,,,,,,
JM명월,2016-01-08,11.83,,,,,,,
JM명월,2016-01-09,11.81,,,,,,,
JM명월,2016-01-10,11.79,,,,,,,
JM명월,2016-01-11,11.77,,,,,,,
JM명월,2016-01-12,11.76,,,,,,,
JM명월,2016-01-13,11.74,,,,,,,
JM명월,2016-01-14,11.71,,,,,,,
JM명월,2016-01-15,11.7,,,,,,,
JM명월,2016-01-16,11.69,,,,,,,
JM명월,2016-01-17,11.68,,,,,,,
JM명월,2016-01-18,11.66,,,,,,,
JM명월,2016-01-19,11.64,,,,,,,
JM명월,2016-01-20,11.62,,,,,,,
JM명월,2016-01-21,11.61,,,,,,,
JM명월,2016-01-22,11.57,,,,,,,
JM명월,2016-01-23,11.57,,,,,,,
JM명월,2016-01-24,11.53,,,,,,,
JM명월,2016-01-25,11.51,,,,,,,
JM명월,2016-02-19,11.7,,,,,,,
JM명월,2016-02-20,11.71,,,,,,,
JM명월,2016-02-21,11.72,,,,,,,
JM명월,2016-02-22,11.73,,,,,,,
JM명월,2016-02-23,11.73,,,,,,,
JM명월,2016-02-24,11.71,,,,,,,
JM명월,2016-02-25,11.7,,,,,,,
JM명월,2016-02-26,11.69,,,,,,,
JM명월,2016-02-27,11.69,,,,,,,
JM명월,2016-02-28,11.69,,,,,,,
JM명월,2016-02-29,11.67,,,,,,,
JM명월,2016-03-01,11.66,,,,,,,
JM명월,2016-03-02,11.65,,,,,,,
JM명월,2016-03-03,11.63,,,,,,,
JM명월,2016-03-04,11.62,,,,,,,
JM명월,2016-03-05,11.62,,,,,,,
JM명월,2016-03-06,11.63,,,,,,,
JM명월,2016-03-07,11.65,,,,,,,
JM명월,2016-03-08,11.68,,,,,,,
JM명월,2016-03-09,11.7,,,,,,,
JM명월,2016-03-10,11.74,,,,,,,
JM명월,2016-03-11,11.78,,,,,,,
JM명월,2016-03-12,11.82,,,,,,,
JM명월,2016-03-13,11.85,,,,,,,
JM명월,2016-03-14,11.88,,,,,,,
JM명월,2016-03-15,11.9,,,,,,,
JM명월,2016-03-16,11.92,,,,,,,
JM명월,2016-03-17,11.94,,,,,,,
JM명월,2016-03-18,11.97,,,,,,,
JM명월,2016-03-19,11.99,,,,,,,
JM명월,2016-03-20,12.0,,,,,,,
JM명월,2016-03-21,11.99,,,,,,,
JM명월,2016-03-22,11.99,,,,,,,
JM명월,2016-03-23,11.98,,,,,,,
JM명월,2016-03-24,11.97,,,,,,,
JM명월,2016-03-25,11.95,,,,,,,
JM명월,2016-03-26,11.93,,,,,,,
JM명월,2016-03-27,11.92,,,,,,,
JM명월,2016-03-28,11.9,,,,,,,
JM명월,2016-03-29,11.89,,,,,,,
JM명월,2016-03-30,11.88,,,,,,,
JM명월,2016-03-31,11.87,,,,,,,
JM명월,2016-04-01,11.86,,,,,,,
JM명월,2016-04-02,11.85,,,,,,,
JM명월,2016-04-03,11.85,,,,,,,
JM명월,2016-04-04,11.84,,,,,,,
JM명월,2016-04-05,11.84,,,,,,,
JM명월,2016-04-06,11.84,,,,,,,
JM명월,2016-04-07,11.84,,,,,,,
JM명월,2016-04-08,11.85,,,,,,,
JM명월,2016-04-09,11.86,,,,,,,
JM명월,2016-04-10,11.88,,,,,,,
JM명월,2016-04-11,11.88,,,,,,,
JM명월,2016-04-12,11.88,,,,,,,
JM명월,2016-04-13,11.9,,,,,,,
JM명월,2016-04-14,11.94,,,,,,,
JM명월,2016-04-15,11.97,,,,,,,
JM명월,2016-04-16,12.02,,,,,,,
JM명월,2016-04-17,12.06,,,,,,,
JM명월,2016-04-18,12.11,,,,,,,
JM명월,2016-04-19,12.16,,,,,,,
JM명월,2016-04-20,12.2,,,,,,,
JM명월,2016-04-21,12.26,,,,,,,
JM명월,2016-04-22,12.3,,,,,,,
JM명월,2016-04-23,12.34,,,,,,,
JM명월,2016-04-24,12.36,,,,,,,
JM명월,2016-04-25,12.38,,,,,,,
JM명월,2016-04-26,12.4,,,,,,,
JM명월,2016-04-27,12.44,,,,,,,
JM명월,2016-04-28,12.46,,,,,,,
JM명월,2016-04-29,12.47,,,,,,,
JM명월,2016-04-30,12.46,,,,,,,
JM명월,2016-05-01,12.46,,,,,,,
JM명월,2016-05-02,12.46,,,,,,,
JM명월,2016-05-03,12.49,,,,,,,
JM명월,2016-05-04,12.56,,,,,,,
JM명월,2016-05-05,12.63,,,,,,,
JM명월,2016-05-06,12.7,,,,,,,
JM명월,2016-05-07,12.74,,,,,,,
JM명월,2016-05-08,12.77,,,,,,,
JM명월,2016-05-09,12.81,,,,,,,
JM명월,2016-05-10,12.85,,,,,,,
JM명월,2016-05-11,12.88,,,,,,,
JM명월,2016-05-12,12.91,,,,,,,
JM명월,2016-05-13,12.92,,,,,,,
JM명월,2016-05-14,12.92,,,,,,,
JM명월,2016-05-15,12.95,,,,,,,
JM명월,2016-05-16,12.95,,,,,,,
JM명월,2016-05-17,12.96,,,,,,,
JM명월,2016-05-18,12.95,,,,,,,
JM명월,2016-05-19,12.95,,,,,,,
JM명월,2016-05-20,12.95,,,,,,,
JM명월,2016-05-21,12.94,,,,,,,
JM명월,2016-05-22,12.93,,,,,,,
JM명월,2016-05-23,12.93,,,,,,,
JM명월,2016-05-24,12.93,,,,,,,
JM명월,2016-05-25,12.93,,,,,,,
JM명월,2016-05-26,12.92,,,,,,,
JM명월,2016-05-27,12.91,,,,,,,
JM명월,2016-05-28,12.9,,,,,,,
JM명월,2016-05-29,12.91,,,,,,,
JM명월,2016-05-30,12.9,,,,,,,
JM명월,2016-05-31,12.89,,,,,,,
JM명월,2016-06-01,12.88,,,,,,,
JM명월,2016-06-02,12.87,,,,,,,
JM명월,2016-06-03,12.86,,,,,,,
JM명월,2016-06-04,12.85,,,,,,,
JM명월,2016-06-05,12.83,,,,,,,
JM명월,2016-06-06,12.81,,,,,,,
JM명월,2016-06-07,12.78,,,,,,,
JM명월,2016-06-08,12.77,,,,,,,
JM명월,2016-06-09,12.74,,,,,,,
JM명월,2016-06-10,12.72,,,,,,,
JM명월,2016-06-11,12.69,,,,,,,
JM명월,2016-06-12,12.68,,,,,,,
JM명월,2016-06-13,12.67,,,,,,,
JM명월,2016-06-14,12.65,,,,,,,
JM명월,2016-06-15,12.64,,,,,,,
JM명월,2016-06-16,12.62,,,,,,,
JM명월,2016-06-17,12.59,,,,,,,
JM명월,2016-06-18,12.56,,,,,,,
JM명월,2016-06-19,12.52,,,,,,,
JM명월,2016-06-20,12.5,,,,,,,
JM명월,2016-06-21,12.48,,,,,,,
JM명월,2016-06-22,12.47,,,,,,,
JM명월,2016-06-23,12.48,,,,,,,
JM명월,2016-07-05,13.11,,,,,,,
JM명월,2016-07-06,13.13,,,,,,,
JM명월,2016-07-07,13.17,,,,,,,
JM명월,2016-07-08,13.3,,,,,,,
JM명월,2016-07-09,13.33,,,,,,,
JM명월,2016-07-10,13.37,,,,,,,
JM명월,2016-07-11,13.4,,,,,,,
JM명월,2016-07-12,13.43,,,,,,,
JM명월,2016-07-13,13.5,,,,,,,
JM명월,2016-07-14,13.59,,,,,,,
JM명월,2016-07-15,13.68,,,,,,,
JM명월,2016-07-16,13.75,,,,,,,
JM명월,2016-07-17,13.79,,,,,,,
JM명월,2016-07-18,13.82,,,,,,,
JM명월,2016-07-19,13.85,,,,,,,
JM명월,2016-07-20,13.86,,,,,,,
JM명월,2016-07-21,13.87,,,,,,,
JM명월,2016-07-22,13.88,,,,,,,
JM명월,2016-07-23,13.88,,,,,,,
JM명월,2016-07-24,13.88,,,,,,,
JM명월,2016-07-25,13.86,,,,,,,
JM명월,2016-07-26,13.86,,,,,,,
JM명월,2016-07-27,13.85,,,,,,,
JM명월,2016-07-28,13.85,,,,,,,
JM명월,2016-07-29,13.83,,,,,,,
JM명월,2016-07-30,13.8,,,,,,,
JM명월,2016-07-31,13.78,,,,,,,
JM명월,2016-08-01,13.75,,,,,,,
JM명월,2016-08-02,13.74,,,,,,,
JM명월,2016-08-03,13.71,,,,,,,
JM명월,2016-08-04,13.7,,,,,,,
JM명월,2016-08-05,13.67,,,,,,,
JM명월,2016-08-06,13.65,,,,,,,
JM명월,2016-08-07,13.63,,,,,,,
JM명월,2016-08-08,13.61,,,,,,,
JM명월,2016-08-09,13.6,,,,,,,
JM명월,2016-08-10,13.58,,,,,,,
JM명월,2016-08-11,13.57,,,,,,,
JM명월,2016-08-12,13.56,,,,,,,
JM명월,2016-08-13,13.56,,,,,,,
JM명월,2016-08-14,13.55,,,,,,,
JM명월,2016-08-15,13.55,,,,,,,
JM명월,2016-08-16,13.54,,,,,,,
JM명월,2016-08-17,13.53,,,,,,,
JM명월,2016-08-18,13.51,,,,,,,
JM명월,2016-08-19,13.48,,,,,,,
JM명월,2016-08-20,13.46,,,,,,,
JM명월,2016-08-21,13.43,,,,,,,
JM명월,2016-08-22,13.4,,,,,,,
JM명월,2016-08-23,13.38,,,,,,,
JM명월,2016-08-24,13.34,,,,,,,
JM명월,2016-08-25,13.31,,,,,,,
JM명월,2016-08-26,13.28,,,,,,,
JM명월,2016-08-27,13.25,,,,,,,
JM명월,2016-08-28,13.23,,,,,,,
JM명월,2016-08-29,13.21,,,,,,,
JM명월,2016-08-30,13.19,,,,,,,
JM명월,2016-08-31,13.16,,,,,,,
JM명월,2016-09-01,13.14,,,,,,,
JM명월,2016-09-02,13.11,,,,,,,
JM명월,2016-09-03,13.08,,,,,,,
JM명월,2016-09-04,13.04,,,,,,,
JM명월,2016-09-05,13.01,,,,,,,
JM명월,2016-09-06,12.98,,,,,,,
JM명월,2016-09-07,12.95,,,,,,,
JM명월,2016-09-08,12.92,,,,,,,
JM명월,2016-09-09,12.87,,,,,,,
JM명월,2016-09-10,12.84,,,,,,,
JM명월,2016-09-11,12.81,,,,,,,
JM명월,2016-09-12,12.76,,,,,,,
JM명월,2016-09-13,12.72,,,,,,,
JM명월,2016-09-14,12.69,,,,,,,
JM명월,2016-09-16,12.62,,,,,,,
JM명월,2016-09-17,12.61,,,,,,,
JM명월,2016-09-18,12.58,,,,,,,
JM명월,2016-09-19,12.56,,,,,,,
JM명월,2016-09-20,12.51,,,,,,,
JM명월,2016-09-21,12.47,,,,,,,
JM명월,2016-09-22,12.43,,,,,,,
JM명월,2016-09-23,12.4,,,,,,,
JM명월,2016-09-24,12.37,,,,,,,
JM명월,2016-09-25,12.33,,,,,,,
JM명월,2016-09-26,12.3,,,,,,,
JM명월,2016-09-27,12.27,,,,,,,
JM명월,2016-09-28,12.24,,,,,,,
JM명월,2016-09-29,12.23,,,,,,,
JM명월,2016-09-30,12.22,,,,,,,
JM명월,2016-10-01,12.21,,,,,,,
JM명월,2016-10-02,12.22,,,,,,,
JM명월,2016-10-03,12.22,,,,,,,
JM명월,2016-10-04,12.23,,,,,,,
JM명월,2016-10-05,12.34,,,,,,,
JM명월,2016-10-06,12.68,,,,,,,
JM명월,2016-10-07,12.87,,,,,,,
JM명월,2016-10-08,13.07,,,,,,,
JM명월,2016-10-09,13.17,,,,,,,
JM명월,2016-10-10,13.26,,,,,,,
JM명월,2016-10-11,13.35,,,,,,,
JM명월,2016-10-12,13.42,,,,,,,
JM명월,2016-10-13,13.47,,,,,,,
JM명월,2016-10-14,13.51,,,,,,,
JM명월,2016-10-15,13.54,,,,,,,
JM명월,2016-10-16,13.57,,,,,,,
JM명월,2016-10-17,13.59,,,,,,,
JM명월,2016-10-18,13.6,,,,,,,
JM명월,2016-10-19,13.61,,,,,,,
JM명월,2016-10-20,13.61,,,,,,,
JM명월,2016-10-21,13.61,,,,,,,
JM명월,2016-10-22,13.62,,,,,,,
JM명월,2016-10-23,13.63,,,,,,,
JM명월,2016-10-24,13.62,,,,,,,
JM명월,2016-10-25,13.61,,,,,,,
JM명월,2016-10-27,13.59,,,,,,,
JM명월,2016-10-28,13.58,,,,,,,
JM명월,2016-10-29,13.55,,,,,,,
JM명월,2016-10-30,13.52,,,,,,,
JM명월,2016-10-31,13.5,,,,,,,
JM명월,2016-11-01,13.47,,,,,,,
JM명월,2016-11-02,13.46,,,,,,,
JM명월,2016-11-03,13.43,,,,,,,
JM명월,2016-11-04,13.42,,,,,,,
JM명월,2016-11-05,13.41,,,,,,,
JM명월,2016-11-06,13.39,,,,,,,
JM명월,2016-11-07,13.36,,,,,,,
JM명월,2016-11-08,13.33,,,,,,,
JM명월,2016-11-09,13.29,,,,,,,
JM명월,2016-11-10,13.28,,,,,,,
JM명월,2016-11-11,13.25,,,,,,,
JM명월,2016-11-12,13.22,,,,,,,
JM명월,2016-11-13,13.19,,,,,,,
JM명월,2016-11-14,13.18,,,,,,,
JM명월,2016-11-15,13.16,,,,,,,
JM명월,2016-11-16,13.13,,,,,,,
JM명월,2016-11-17,13.1,,,,,,,
JM명월,2016-11-18,13.09,,,,,,,
JM명월,2016-11-19,13.07,,,,,,,
JM명월,2016-11-20,13.04,,,,,,,
JM명월,2016-11-21,13.02,,,,,,,
JM명월,2016-11-22,12.98,,,,,,,
JM명월,2016-11-23,12.94,,,,,,,
JM명월,2016-11-24,12.91,,,,,,,
JM명월,2016-11-25,12.87,,,,,,,
JM명월,2016-11-26,12.85,,,,,,,
JM명월,2016-11-27,12.82,,,,,,,
JM명월,2016-11-28,12.78,,,,,,,
JM명월,2016-11-29,12.74,,,,,,,
JM명월,2016-11-30,12.72,,,,,,,
JM명월,2016-12-01,12.68,,,,,,,
JM명월,2016-12-02,12.64,,,,,,,
JM명월,2016-12-03,12.62,,,,,,,
JM명월,2016-12-04,12.6,,,,,,,
JM명월,2016-12-05,12.57,,,,,,,
JM명월,2016-12-06,12.53,,,,,,,
JM명월,2016-12-07,12.5,,,,,,,
JM명월,2016-12-08,12.48,,,,,,,
JM명월,2016-12-09,12.45,,,,,,,
JM명월,2016-12-10,12.41,,,,,,,
JM명월,2016-12-11,12.39,,,,,,,
JM명월,2016-12-12,12.36,,,,,,,
JM명월,2016-12-13,12.33,,,,,,,
JM명월,2016-12-14,12.3,,,,,,,
JM명월,2016-12-15,12.27,,,,,,,
JM명월,2016-12-16,12.23,,,,,,,
JM명월,2016-12-17,12.19,,,,,,,
JM명월,2016-12-18,12.16,,,,,,,
JM명월,2016-12-19,12.13,,,,,,,
JM명월,2016-12-20,12.1,,,,,,,
JM명월,2016-12-21,12.09,,,,,,,
JM명월,2016-12-22,12.08,,,,,,,
JM명월,2016-12-23,12.07,,,,,,,
JM명월,2016-12-24,12.05,,,,,,,
JM명월,2016-12-25,12.04,,,,,,,
JM명월,2016-12-26,12.05,,,,,,,
JM명월,2016-12-27,12.03,,,,,,,
JM명월,2016-12-28,12.03,,,,,,,
JM명월,2016-12-29,12.03,,,,,,,
JM명월,2016-12-30,12.01,,,,,,,
JM명월,2016-12-31,12.01,,,,,,,
JM명월,2017-01-01,12.0,,,,,,,
JM명월,2017-01-02,11.99,,,,,,,
JM명월,2017-01-03,11.98,,,,,,,
JM명월,2017-01-04,11.97,,,,,,,
JM명월,2017-01-05,11.95,,,,,,,
JM명월,2017-01-06,11.95,,,,,,,
JM명월,2017-01-07,11.94,,,,,,,
JM명월,2017-01-08,11.94,,,,,,,
JM명월,2017-01-09,11.93,,,,,,,
JM명월,2017-01-10,11.91,,,,,,,
JM명월,2017-01-11,11.89,,,,,,,
JM명월,2017-01-12,11.88,,,,,,,
JM명월,2017-01-13,11.86,,,,,,,
JM명월,2017-01-14,11.83,,,,,,,
JM명월,2017-01-15,11.81,,,,,,,
JM명월,2017-01-16,11.78,,,,,,,
JM명월,2017-01-17,11.75,,,,,,,
JM명월,2017-01-18,11.72,,,,,,,
JM명월,2017-01-19,11.7,,,,,,,
JM명월,2017-01-20,11.67,,,,,,,
JM명월,2017-01-21,11.65,,,,,,,
JM명월,2017-01-22,11.62,,,,,,,
JM명월,2017-01-23,11.59,,,,,,,
JM명월,2017-01-24,11.56,,,,,,,
JM명월,2017-01-25,11.53,,,,,,,
JM명월,2017-01-26,11.51,,,,,,,
JM명월,2017-01-27,11.48,,,,,,,
JM명월,2017-01-28,11.46,,,,,,,
JM명월,2017-01-29,11.45,,,,,,,
JM명월,2017-01-30,11.42,,,,,,,
JM명월,2017-01-31,11.4,,,,,,,
JM명월,2017-02-01,11.37,,,,,,,
JM명월,2017-02-02,11.34,,,,,,,
JM명월,2017-02-03,11.32,,,,,,,
JM명월,2017-02-04,11.31,,,,,,,
JM명월,2017-02-05,11.29,,,,,,,
JM명월,2017-02-06,11.27,,,,,,,
JM명월,2017-02-07,11.25,,,,,,,
JM명월,2017-02-08,11.24,,,,,,,
JM명월,2017-02-09,11.21,,,,,,,
JM명월,2017-02-10,11.19,,,,,,,
JM명월,2017-02-11,11.16,,,,,,,
JM명월,2017-02-12,11.13,,,,,,,
JM명월,2017-02-13,11.1,,,,,,,
JM명월,2017-02-14,11.07,,,,,,,
JM명월,2017-02-15,11.05,,,,,,,
JM명월,2017-02-16,11.03,,,,,,,
JM명월,2017-02-17,11.01,,,,,,,
JM명월,2017-02-18,10.98,,,,,,,
JM명월,2017-02-19,10.97,,,,,,,
JM명월,2017-02-20,10.95,,,,,,,
JM명월,2017-02-21,10.93,,,,,,,
JM명월,2017-02-22,10.92,,,,,,,
JM명월,2017-02-23,10.9,,,,,,,
JM명월,2017-02-24,10.89,,,,,,,
JM명월,2017-02-25,10.88,,,,,,,
JM명월,2017-02-26,10.86,,,,,,,
JM명월,2017-02-27,10.84,,,,,,,
JM명월,2017-02-28,10.83,,,,,,,
JM명월,2017-03-01,10.82,,,,,,,
JM명월,2017-03-02,10.8,,,,,,,
JM명월,2017-03-03,10.78,,,,,,,
JM명월,2017-03-04,10.77,,,,,,,
JM명월,2017-03-05,10.75,,,,,,,
JM명월,2017-03-06,10.73,,,,,,,
JM명월,2017-03-07,10.72,,,,,,,
JM명월,2017-03-08,10.7,,,,,,,
JM명월,2017-03-09,10.67,,,,,,,
JM명월,2017-03-10,10.65,,,,,,,
JM명월,2017-03-11,10.63,,,,,,,
JM명월,2017-03-12,10.61,,,,,,,
JM명월,2017-03-13,10.59,,,,,,,
JM명월,2017-03-14,10.57,,,,,,,
JM명월,2017-03-15,10.53,,,,,,,
JM명월,2017-03-16,10.51,,,,,,,
JM명월,2017-03-17,10.48,,,,,,,
JM명월,2017-03-18,10.46,,,,,,,
JM명월,2017-03-19,10.44,,,,,,,
JM명월,2017-03-20,10.42,,,,,,,
JM명월,2017-03-21,10.4,,,,,,,
JM명월,2017-03-22,10.39,,,,,,,
JM명월,2017-03-23,10.37,,,,,,,
JM명월,2017-03-24,10.35,,,,,,,
JM명월,2017-03-25,10.33,,,,,,,
JM명월,2017-03-26,10.32,,,,,,,
JM명월,2017-03-27,10.29,,,,,,,
JM명월,2017-03-28,10.27,,,,,,,
JM명월,2017-03-29,10.26,,,,,,,
JM명월,2017-03-30,10.24,,,,,,,
JM명월,2017-03-31,10.22,,,,,,,
JM명월,2017-04-01,10.21,,,,,,,
JM명월,2017-04-02,10.19,,,,,,,
JM명월,2017-04-03,10.17,,,,,,,
JM명월,2017-04-04,10.15,,,,,,,
JM명월,2017-04-05,10.14,,,,,,,
JM명월,2017-04-06,10.13,,,,,,,
JM명월,2017-04-07,10.15,,,,,,,
JM명월,2017-04-08,10.18,,,,,,,
JM명월,2017-04-09,10.21,,,,,,,
JM명월,2017-04-10,10.25,,,,,,,
JM명월,2017-04-11,10.27,,,,,,,
JM명월,2017-04-12,10.29,,,,,,,
JM명월,2017-04-13,10.29,,,,,,,
JM명월,2017-04-14,10.3,,,,,,,
JM명월,2017-04-15,10.3,,,,,,,
JM명월,2017-04-16,10.3,,,,,,,
JM명월,2017-04-17,10.32,,,,,,,
JM명월,2017-04-18,10.33,,,,,,,
JM명월,2017-04-19,10.34,,,,,,,
JM명월,2017-04-20,10.34,,,,,,,
JM명월,2017-04-21,10.35,,,,,,,
JM명월,2017-04-22,10.34,,,,,,,
JM명월,2017-04-23,10.33,,,,,,,
JM명월,2017-04-24,10.32,,,,,,,
JM명월,2017-04-25,10.3,,,,,,,
JM명월,2017-04-26,10.29,,,,,,,
JM명월,2017-04-27,10.28,,,,,,,
JM명월,2017-04-28,10.27,,,,,,,
JM명월,2017-04-29,10.26,,,,,,,
JM명월,2017-04-30,10.24,,,,,,,
JM명월,2017-05-01,10.22,,,,,,,
JM명월,2017-05-02,10.2,,,,,,,
JM명월,2017-05-03,10.18,,,,,,,
JM명월,2017-05-04,10.16,,,,,,,
JM명월,2017-05-05,10.15,,,,,,,
JM명월,2017-05-06,10.13,,,,,,,
JM명월,2017-05-07,10.11,,,,,,,
JM명월,2017-05-08,10.1,,,,,,,
JM명월,2017-05-09,10.08,,,,,,,
JM명월,2017-05-10,10.04,,,,,,,
JM명월,2017-05-11,9.96,,,,,,,
JM명월,2017-05-12,9.95,,,,,,,
JM명월,2017-05-13,9.95,,,,,,,
JM명월,2017-05-14,9.95,,,,,,,
JM명월,2017-05-15,9.94,,,,,,,
JM명월,2017-05-16,9.94,,,,,,,
JM명월,2017-05-17,9.93,,,,,,,
JM명월,2017-05-18,9.92,,,,,,,
JM명월,2017-05-19,9.9,,,,,,,
JM명월,2017-05-20,9.88,,,,,,,
JM명월,2017-05-21,9.87,,,,,,,
JM명월,2017-05-22,9.85,,,,,,,
JM명월,2017-05-23,9.84,,,,,,,
JM명월,2017-05-24,9.84,,,,,,,
JM명월,2017-05-25,9.83,,,,,,,
JM명월,2017-05-26,9.81,,,,,,,
JM명월,2017-05-27,9.8,,,,,,,
JM명월,2017-05-28,9.78,,,,,,,
JM명월,2017-05-29,9.76,,,,,,,
JM명월,2017-05-30,9.75,,,,,,,
JM명월,2017-05-31,9.73,,,,,,,
JM명월,2017-06-01,9.72,,,,,,,
JM명월,2017-06-02,9.71,,,,,,,
JM명월,2017-06-03,9.7,,,,,,,
JM명월,2017-06-04,9.68,,,,,,,
JM명월,2017-06-05,9.66,,,,,,,
JM명월,2017-06-06,9.64,,,,,,,
JM명월,2017-06-07,9.63,,,,,,,
JM명월,2017-06-08,9.61,,,,,,,
JM명월,2017-06-09,9.59,,,,,,,
JM명월,2017-06-10,9.58,,,,,,,
JM명월,2017-06-11,9.56,,,,,,,
JM명월,2017-06-12,9.54,,,,,,,
JM명월,2017-06-13,9.53,,,,,,,
JM명월,2017-06-14,9.5,,,,,,,
JM명월,2017-06-15,9.48,,,,,,,
JM명월,2017-06-16,9.46,,,,,,,
JM명월,2017-06-17,9.44,,,,,,,
JM명월,2017-06-18,9.42,,,,,,,
JM명월,2017-06-19,9.4,,,,,,,
JM명월,2017-06-20,9.39,,,,,,,
JM명월,2017-06-21,9.38,,,,,,,
JM명월,2017-06-22,9.37,,,,,,,
JM명월,2017-06-23,9.35,,,,,,,
JM명월,2017-06-24,9.34,,,,,,,
JM명월,2017-06-25,9.33,,,,,,,
JM명월,2017-06-26,9.32,,,,,,,
JM명월,2017-06-27,9.3,,,,,,,
JM명월,2017-06-28,9.28,,,,,,,
JM명월,2017-06-29,9.27,,,,,,,
JM명월,2017-06-30,9.26,,,,,,,
JM명월,2017-07-01,9.26,,,,,,,
JM명월,2017-07-02,9.24,,,,,,,
JM명월,2017-07-03,9.24,,,,,,,
JM명월,2017-07-04,9.22,,,,,,,
JM명월,2017-07-05,9.21,,,,,,,
JM명월,2017-07-06,9.2,,,,,,,
JM명월,2017-07-07,9.18,,,,,,,
JM명월,2017-07-08,9.17,,,,,,,
JM명월,2017-07-09,9.15,,,,,,,
JM명월,2017-07-10,9.14,,,,,,,
JM명월,2017-07-11,9.13,,,,,,,
JM명월,2017-07-12,9.12,,,,,,,
JM명월,2017-07-13,9.11,,,,,,,
JM명월,2017-07-14,9.1,,,,,,,
JM명월,2017-07-15,9.08,,,,,,,
JM명월,2017-07-16,9.06,,,,,,,
JM명월,2017-07-17,9.04,,,,,,,
JM명월,2017-07-18,9.03,,,,,,,
JM명월,2017-07-19,9.01,,,,,,,
JM명월,2017-07-20,8.99,,,,,,,
JM명월,2017-07-21,8.97,,,,,,,
JM명월,2017-07-22,8.95,,,,,,,
JM명월,2017-07-23,8.93,,,,,,,
JM명월,2017-07-24,8.91,,,,,,,
JM명월,2017-07-25,8.88,,,,,,,
JM명월,2017-07-26,8.83,,,,,,,
JM명월,2017-07-27,8.81,,,,,,,
JM명월,2017-07-28,8.8,,,,,,,
JM명월,2017-07-29,8.78,,,,,,,
JM명월,2017-07-30,8.76,,,,,,,
JM명월,2017-07-31,8.74,,,,,,,
JM명월,2017-08-01,8.73,,,,,,,
JM명월,2017-08-02,8.71,,,,,,,
JM명월,2017-08-03,8.7,,,,,,,
JM명월,2017-08-04,8.65,,,,,,,
JM명월,2017-08-05,8.65,,,,,,,
JM명월,2017-08-06,8.63,,,,,,,
JM명월,2017-08-07,8.62,,,,,,,
JM명월,2017-08-08,8.61,,,,,,,
JM명월,2017-08-09,8.6,,,,,,,
JM명월,2017-08-10,8.6,,,,,,,
JM명월,2017-08-11,8.58,,,,,,,
JM명월,2017-08-12,8.57,,,,,,,
JM명월,2017-08-13,8.57,,,,,,,
JM명월,2017-08-14,8.57,,,,,,,
JM명월,2017-08-15,8.58,,,,,,,
JM명월,2017-08-16,8.58,,,,,,,
JM명월,2017-08-17,8.58,,,,,,,
JM명월,2017-08-18,8.57,,,,,,,
JM명월,2017-08-19,8.57,,,,,,,
JM명월,2017-08-20,8.56,,,,,,,
JM명월,2017-08-21,8.6,,,,,,,
JM명월,2017-08-22,8.67,,,,,,,
JM명월,2017-08-23,8.72,,,,,,,
JM명월,2017-08-24,8.76,,,,,,,
JM명월,2017-08-25,8.8,,,,,,,
JM명월,2017-08-26,8.81,,,,,,,
JM명월,2017-08-27,8.82,,,,,,,
JM명월,2017-08-28,8.83,,,,,,,
JM명월,2017-08-29,8.83,,,,,,,
JM명월,2017-08-30,8.83,,,,,,,
JM명월,2017-08-31,8.83,,,,,,,
JM명월,2017-09-01,8.82,,,,,,,
JM명월,2017-09-02,8.82,,,,,,,
JM명월,2017-09-03,8.8,,,,,,,
JM명월,2017-09-04,8.79,,,,,,,
JM명월,2017-09-05,8.82,,,,,,,
JM명월,2017-09-06,8.83,,,,,,,
JM명월,2017-09-07,8.83,,,,,,,
JM명월,2017-09-08,8.83,,,,,,,
JM명월,2017-09-09,8.84,,,,,,,
JM명월,2017-09-10,8.84,,,,,,,
JM명월,2017-09-11,8.84,,,,,,,
JM명월,2017-09-12,8.84,,,,,,,
JM명월,2017-09-13,8.83,,,,,,,
JM명월,2017-09-14,8.83,,,,,,,
JM명월,2017-09-15,8.82,,,,,,,
JM명월,2017-09-16,8.82,,,,,,,
JM명월,2017-09-17,8.82,,,,,,,
JM명월,2017-09-18,8.8,,,,,,,
JM명월,2017-09-19,8.79,,,,,,,
JM명월,2017-09-20,8.77,,,,,,,
JM명월,2017-09-21,8.75,,,,,,,
JM명월,2017-09-22,8.73,,,,,,,
JM명월,2017-09-23,8.71,,,,,,,
JM명월,2017-09-24,8.69,,,,,,,
JM명월,2017-09-25,8.68,,,,,,,
JM명월,2017-09-26,8.67,,,,,,,
JM명월,2017-09-27,8.65,,,,,,,
JM명월,2017-09-28,8.63,,,,,,,
JM명월,2017-09-29,8.6,,,,,,,
JM명월,2017-09-30,8.58,,,,,,,
JM명월,2017-10-01,8.58,,,,,,,
JM명월,2017-10-02,8.61,,,,,,,
JM명월,2017-10-03,8.77,,,,,,,
JM명월,2017-10-04,8.89,,,,,,,
JM명월,2017-10-05,8.99,,,,,,,
JM명월,2017-10-06,9.04,,,,,,,
JM명월,2017-10-11,9.22,,,,,,,
JM명월,2017-10-12,9.23,,,,,,,
JM명월,2017-10-13,9.25,,,,,,,
JM명월,2017-10-14,9.25,,,,,,,
JM명월,2017-10-15,9.25,,,,,,,
JM명월,2017-10-16,9.24,,,,,,,
JM명월,2017-10-17,9.23,,,,,,,
JM명월,2017-10-18,9.24,,,,,,,
JM명월,2017-10-19,9.22,,,,,,,
JM명월,2017-10-20,9.2,,,,,,,
JM명월,2017-10-21,9.2,,,,,,,
JM명월,2017-10-22,9.2,,,,,,,
JM명월,2017-10-23,9.2,,,,,,,
JM명월,2017-10-24,9.2,,,,,,,
JM명월,2017-10-25,9.18,,,,,,,
JM명월,2017-10-26,9.15,,,,,,,
JM명월,2017-10-27,9.13,,,,,,,
JM명월,2017-10-28,9.12,,,,,,,
JM명월,2017-10-29,9.1,,,,,,,
JM명월,2017-10-30,9.07,,,,,,,
JM명월,2017-10-31,9.04,,,,,,,
JM명월,2017-11-01,9.02,,,,,,,
JM명월,2017-11-02,8.99,,,,,,,
JM명월,2017-11-03,8.96,,,,,,,
JM명월,2017-11-04,8.94,,,,,,,
JM명월,2017-11-05,8.91,,,,,,,
JM명월,2017-11-06,8.89,,,,,,,
JM명월,2017-11-07,8.87,,,,,,,
JM명월,2017-11-08,8.85,,,,,,,
JM명월,2017-11-09,8.82,,,,,,,
JM명월,2017-11-10,8.8,,,,,,,
JM명월,2017-11-11,8.77,,,,,,,
JM명월,2017-11-12,8.75,,,,,,,
JM명월,2017-11-13,8.73,,,,,,,
JM명월,2017-11-14,8.71,,,,,,,
JM명월,2017-11-15,8.69,,,,,,,
JM명월,2017-11-16,8.66,,,,,,,
JM명월,2017-11-17,8.65,,,,,,,
JM명월,2017-11-18,8.62,,,,,,,
JM명월,2017-11-19,8.6,,,,,,,
JM명월,2017-11-20,8.58,,,,,,,
JM명월,2017-11-21,8.56,,,,,,,
JM명월,2017-11-22,8.54,,,,,,,
JM명월,2017-11-23,8.51,,,,,,,
JM명월,2017-11-24,8.49,,,,,,,
JM명월,2017-11-25,8.47,,,,,,,
JM명월,2017-11-26,8.45,,,,,,,
JM명월,2017-11-27,8.43,,,,,,,
JM명월,2017-11-28,8.41,,,,,,,
JM명월,2017-11-29,8.39,,,,,,,
JM명월,2017-11-30,8.37,,,,,,,
JM명월,2017-12-01,8.35,,,,,,,
JM명월,2017-12-02,8.33,,,,,,,
JM명월,2017-12-03,8.32,,,,,,,
JM명월,2017-12-04,8.29,,,,,,,
JM명월,2017-12-05,8.28,,,,,,,
JM명월,2017-12-06,8.26,,,,,,,
JM명월,2017-12-07,8.25,,,,,,,
JM명월,2017-12-08,8.23,,,,,,,
JM명월,2017-12-09,8.22,,,,,,,
JM명월,2017-12-10,8.2,,,,,,,
JM명월,2017-12-11,8.18,,,,,,,
JM명월,2017-12-12,8.17,,,,,,,
JM명월,2017-12-13,8.15,,,,,,,
JM명월,2017-12-14,8.14,,,,,,,
JM명월,2017-12-15,8.12,,,,,,,
JM명월,2017-12-16,8.1,,,,,,,
JM명월,2017-12-17,8.08,,,,,,,
JM명월,2017-12-18,8.06,,,,,,,
JM명월,2017-12-19,8.04,,,,,,,
JM명월,2017-12-20,8.01,,,,,,,
JM명월,2017-12-21,7.99,,,,,,,
JM명월,2017-12-22,7.97,,,,,,,
JM명월,2017-12-26,7.92,,,,,,,
JM명월,2017-12-27,7.9,,,,,,,
JM명월,2017-12-28,7.89,,,,,,,
JM명월,2017-12-29,7.87,,,,,,,
JM명월,2017-12-30,7.86,,,,,,,
JM명월,2017-12-31,7.83,,,,,,,
JM명월,2018-01-01,7.82,,,,,,,
JM명월,2018-01-02,7.81,,,,,,,
JM명월,2018-01-03,7.79,,,,,,,
JM명월,2018-01-04,7.78,,,,,,,
JM명월,2018-01-05,7.76,,,,,,,
JM명월,2018-01-06,7.75,,,,,,,
JM명월,2018-01-07,7.74,,,,,,,
JM명월,2018-01-08,7.74,,,,,,,
JM명월,2018-01-09,7.73,,,,,,,
JM명월,2018-01-10,7.72,,,,,,,
JM명월,2018-01-11,7.71,,,,,,,
JM명월,2018-01-12,7.7,,,,,,,
JM명월,2018-01-13,7.68,,,,,,,
JM명월,2018-01-14,7.67,,,,,,,
JM명월,2018-01-15,7.65,,,,,,,
JM명월,2018-01-16,7.65,,,,,,,
JM명월,2018-01-17,7.64,,,,,,,
JM명월,2018-01-18,7.64,,,,,,,
JM명월,2018-01-19,7.64,,,,,,,
JM명월,2018-01-20,7.63,,,,,,,
JM명월,2018-01-21,7.63,,,,,,,
JM명월,2018-01-22,7.62,,,,,,,
JM명월,2018-01-23,7.62,,,,,,,
JM명월,2018-01-24,7.61,,,,,,,
JM명월,2018-01-25,7.6,,,,,,,
JM명월,2018-01-26,7.58,,,,,,,
JM명월,2018-01-27,7.57,,,,,,,
JM명월,2018-01-28,7.55,,,,,,,
JM명월,2018-01-29,7.54,,,,,,,
JM명월,2018-01-30,7.52,,,,,,,
JM명월,2018-01-31,7.51,,,,,,,
JM명월,2018-02-01,7.5,,,,,,,
JM명월,2018-02-02,7.48,,,,,,,
JM명월,2018-02-03,7.47,,,,,,,
JM명월,2018-02-04,7.45,,,,,,,
JM명월,2018-02-05,7.44,,,,,,,
JM명월,2018-02-06,7.43,,,,,,,
JM명월,2018-02-07,7.41,,,,,,,
JM명월,2018-02-08,7.4,,,,,,,
JM명월,2018-02-09,7.38,,,,,,,
JM명월,2018-02-10,7.36,,,,,,,
JM명월,2018-02-11,7.35,,,,,,,
JM명월,2018-02-12,7.34,,,,,,,
JM명월,2018-02-13,7.33,,,,,,,
JM명월,2018-02-14,7.32,,,,,,,
JM명월,2018-02-15,7.3,,,,,,,
JM명월,2018-02-16,7.3,,,,,,,
JM명월,2018-02-17,7.29,,,,,,,
JM명월,2018-02-18,7.28,,,,,,,
JM명월,2018-02-19,7.27,,,,,,,
JM명월,2018-02-20,7.25,,,,,,,
JM명월,2018-02-21,7.24,,,,,,,
JM명월,2018-02-22,7.23,,,,,,,
JM명월,2018-02-23,7.21,,,,,,,
JM명월,2018-02-24,7.2,,,,,,,
JM명월,2018-02-25,7.19,,,,,,,
JM명월,2018-02-26,7.17,,,,,,,
JM명월,2018-02-27,7.16,,,,,,,
JM명월,2018-02-28,7.17,,,,,,,
JM명월,2018-03-01,7.19,,,,,,,
JM명월,2018-03-02,7.22,,,,,,,
JM명월,2018-03-05,7.3,,,,,,,
JM명월,2018-03-06,7.31,,,,,,,
JM명월,2018-03-07,7.32,,,,,,,
JM명월,2018-03-08,7.33,,,,,,,
JM명월,2018-03-09,7.37,,,,,,,
JM명월,2018-03-10,7.4,,,,,,,
JM명월,2018-03-11,7.43,,,,,,,
JM명월,2018-03-12,7.45,,,,,,,
JM명월,2018-03-13,7.47,,,,,,,
JM명월,2018-03-14,7.48,,,,,,,
JM명월,2018-03-15,7.5,,,,,,,
JM명월,2018-03-16,7.51,,,,,,,
JM명월,2018-03-17,7.54,,,,,,,
JM명월,2018-03-18,7.57,,,,,,,
JM명월,2018-03-19,7.6,,,,,,,
JM명월,2018-03-20,7.65,,,,,,,
JM명월,2018-03-21,7.7,,,,,,,
JM명월,2018-03-22,7.75,,,,,,,
JM명월,2018-03-23,7.79,,,,,,,
JM명월,2018-03-24,7.82,,,,,,,
JM명월,2018-03-25,7.84,,,,,,,
JM명월,2018-03-26,7.87,,,,,,,
JM명월,2018-03-27,7.89,,,,,,,
JM명월,2018-03-28,7.91,,,,,,,
JM명월,2018-03-29,7.92,,,,,,,
JM명월,2018-03-30,7.93,,,,,,,
JM명월,2018-03-31,7.93,,,,,,,
JM명월,2018-04-01,7.94,,,,,,,
JM명월,2018-04-02,7.95,,,,,,,
JM명월,2018-04-03,7.96,,,,,,,
JM명월,2018-04-04,7.96,,,,,,,
JM명월,2018-04-05,7.96,,,,,,,
JM명월,2018-04-06,7.96,,,,,,,
JM명월,2018-04-07,7.97,,,,,,,
JM명월,2018-04-08,7.97,,,,,,,
JM명월,2018-04-09,7.97,,,,,,,
JM명월,2018-04-10,7.97,,,,,,,
JM명월,2018-04-11,7.97,,,,,,,
JM명월,2018-04-12,7.96,,,,,,,
JM명월,2018-04-13,7.95,,,,,,,
JM명월,2018-04-14,7.96,,,,,,,
JM명월,2018-04-15,7.96,,,,,,,
JM명월,2018-04-16,7.96,,,,,,,
JM명월,2018-04-17,7.95,,,,,,,
JM명월,2018-04-18,7.94,,,,,,,
JM명월,2018-04-19,7.93,,,,,,,
JM명월,2018-04-20,7.92,,,,,,,
JM명월,2018-04-21,7.91,,,,,,,
JM명월,2018-04-22,7.9,,,,,,,
JM명월,2018-04-23,7.91,,,,,,,
JM명월,2018-04-24,7.98,,,,,,,
JM명월,2018-04-25,8.08,,,,,,,
JM명월,2018-04-26,8.17,,,,,,,
JM명월,2018-04-27,8.24,,,,,,,
JM명월,2018-04-28,8.3,,,,,,,
JM명월,2018-04-29,8.34,,,,,,,
JM명월,2018-04-30,8.39,,,,,,,
JM명월,2018-05-01,8.43,,,,,,,
JM명월,2018-05-02,8.46,,,,,,,
JM명월,2018-05-03,8.49,,,,,,,
JM명월,2018-05-04,8.5,,,,,,,
JM명월,2018-05-05,8.51,,,,,,,
JM명월,2018-05-06,8.54,,,,,,,
JM명월,2018-05-07,8.61,,,,,,,
JM명월,2018-05-08,8.71,,,,,,,
JM명월,2018-05-09,8.8,,,,,,,
JM명월,2018-05-10,8.86,,,,,,,
JM명월,2018-05-11,8.92,,,,,,,
JM명월,2018-05-12,8.99,,,,,,,
JM명월,2018-05-13,9.08,,,,,,,
JM명월,2018-05-14,9.25,,,,,,,
JM명월,2018-05-15,9.41,,,,,,,
JM명월,2018-05-16,9.55,,,,,,,
JM명월,2018-05-17,9.67,,,,,,,
JM명월,2018-05-18,9.76,,,,,,,
JM명월,2018-05-19,9.83,,,,,,,
JM명월,2018-05-20,9.89,,,,,,,
JM명월,2018-05-21,9.92,,,,,,,
JM명월,2018-05-22,9.96,,,,,,,
JM명월,2018-05-23,9.99,,,,,,,
JM명월,2018-05-24,10.02,,,,,,,
JM명월,2018-05-25,10.04,,,,,,,
JM명월,2018-05-26,10.06,,,,,,,
JM명월,2018-05-27,10.07,,,,,,,
JM명월,2018-05-28,10.08,,,,,,,
JM명월,2018-05-29,10.09,,,,,,,
JM명월,2018-05-30,10.08,,,,,,,
JM명월,2018-05-31,10.08,,,,,,,
JM명월,2018-06-01,10.06,,,,,,,
JM명월,2018-06-02,10.06,,,,,,,
JM명월,2018-06-03,10.04,,,,,,,
JM명월,2018-06-04,10.03,,,,,,,
JM명월,2018-06-05,10.02,,,,,,,
JM명월,2018-06-06,10.02,,,,,,,
JM명월,2018-06-07,10.01,,,,,,,
JM명월,2018-06-08,10.0,,,,,,,
JM명월,2018-06-09,10.0,,,,,,,
JM명월,2018-06-10,10.01,,,,,,,
JM명월,2018-06-11,10.01,,,,,,,
JM명월,2018-06-12,10.01,,,,,,,
JM명월,2018-06-13,10.0,,,,,,,
JM명월,2018-06-14,9.99,,,,,,,
JM명월,2018-06-15,9.98,,,,,,,
JM명월,2018-06-16,9.97,,,,,,,
JM명월,2018-06-17,9.94,,,,,,,
JM명월,2018-06-18,9.93,,,,,,,
JM명월,2018-06-19,9.92,,,,,,,
JM명월,2018-06-20,9.91,,,,,,,
JM명월,2018-06-21,9.9,,,,,,,
JM명월,2018-06-22,9.89,,,,,,,
JM명월,2018-06-23,9.88,,,,,,,
JM명월,2018-06-24,9.86,,,,,,,
JM명월,2018-06-25,9.84,,,,,,,
JM명월,2018-06-26,9.83,,,,,,,
JM명월,2018-06-27,9.82,,,,,,,
JM명월,2018-06-28,9.81,,,,,,,
JM명월,2018-06-29,9.88,,,,,,,
JM명월,2018-06-30,9.99,,,,,,,
JM명월,2018-07-01,10.1,,,,,,,
JM명월,2018-07-02,10.2,,,,,,,
JM명월,2018-07-03,10.31,,,,,,,
JM명월,2018-07-04,10.39,,,,,,,
JM명월,2018-07-05,10.47,,,,,,,
JM명월,2018-07-06,10.51,,,,,,,
JM명월,2018-07-07,10.55,,,,,,,
JM명월,2018-07-08,10.58,,,,,,,
JM명월,2018-07-09,10.59,,,,,,,
JM명월,2018-07-10,10.59,,,,,,,
JM명월,2018-07-11,10.59,,,,,,,
JM명월,2018-07-12,10.58,,,,,,,
JM명월,2018-07-13,10.58,,,,,,,
JM명월,2018-07-14,10.57,,,,,,,
JM명월,2018-07-15,10.56,,,,,,,
JM명월,2018-07-16,10.54,,,,,,,
JM명월,2018-07-17,10.52,,,,,,,
JM명월,2018-07-18,10.51,,,,,,,
JM명월,2018-07-19,10.49,,,,,,,
JM명월,2018-07-20,10.48,,,,,,,
JM명월,2018-07-21,10.46,,,,,,,
JM명월,2018-07-22,10.45,,,,,,,
JM명월,2018-07-23,10.43,,,,,,,
JM명월,2018-07-24,10.41,,,,,,,
JM명월,2018-07-25,10.39,,,,,,,
JM명월,2018-07-26,10.37,,,,,,,
JM명월,2018-07-27,10.34,,,,,,,
JM명월,2018-07-28,10.32,,,,,,,
JM명월,2018-07-29,10.3,,,,,,,
JM명월,2018-07-30,10.28,,,,,,,
JM명월,2018-07-31,10.26,,,,,,,
JM명월,2018-08-01,10.23,,,,,,,
JM명월,2018-08-02,10.21,,,,,,,
JM명월,2018-08-03,10.19,,,,,,,
JM명월,2018-08-04,10.15,,,,,,,
JM명월,2018-08-05,10.13,,,,,,,
JM명월,2018-08-06,10.1,,,,,,,
JM명월,2018-08-07,10.07,,,,,,,
JM명월,2018-08-08,10.04,,,,,,,
JM명월,2018-08-09,10.01,,,,,,,
JM명월,2018-08-10,9.99,,,,,,,
JM명월,2018-08-11,9.96,,,,,,,
JM명월,2018-08-12,9.94,,,,,,,
JM명월,2018-08-13,9.9,,,,,,,
JM명월,2018-08-14,9.87,,,,,,,
JM명월,2018-08-15,9.84,,,,,,,
JM명월,2018-08-16,9.82,,,,,,,
JM명월,2018-08-17,9.79,,,,,,,
JM명월,2018-08-18,9.76,,,,,,,
JM명월,2018-08-19,9.73,,,,,,,
JM명월,2018-08-20,9.7,,,,,,,
JM명월,2018-08-21,9.68,,,,,,,
JM명월,2018-08-22,9.67,,,,,,,
JM명월,2018-08-23,9.75,,,,,,,
JM명월,2018-08-24,10.07,,,,,,,
JM명월,2018-08-25,10.34,,,,,,,
JM명월,2018-08-26,10.52,,,,,,,
JM명월,2018-08-27,10.64,,,,,,,
JM명월,2018-08-28,10.71,,,,,,,
JM명월,2018-08-29,10.76,,,,,,,
JM명월,2018-08-30,10.81,,,,,,,
JM명월,2018-08-31,10.84,,,,,,,
JM명월,2018-09-01,10.89,,,,,,,
JM명월,2018-09-02,10.92,,,,,,,
JM명월,2018-09-03,10.96,,,,,,,
JM명월,2018-09-04,10.99,,,,,,,
JM명월,2018-09-05,11.0,,,,,,,
JM명월,2018-09-06,11.01,,,,,,,
JM명월,2018-09-07,11.02,,,,,,,
JM명월,2018-09-08,11.02,,,,,,,
JM명월,2018-09-09,11.03,,,,,,,
JM명월,2018-09-10,11.02,,,,,,,
JM명월,2018-09-11,11.01,,,,,,,
JM명월,2018-09-12,11.0,,,,,,,
JM명월,2018-09-13,11.0,,,,,,,
JM명월,2018-09-14,11.02,,,,,,,
JM명월,2018-09-15,11.04,,,,,,,
JM명월,2018-09-16,11.06,,,,,,,
JM명월,2018-09-17,11.08,,,,,,,
JM명월,2018-09-18,11.09,,,,,,,
JM명월,2018-09-19,11.1,,,,,,,
JM명월,2018-09-20,11.11,,,,,,,
JM명월,2018-09-21,11.12,,,,,,,
JM명월,2018-09-22,11.14,,,,,,,
JM명월,2018-09-23,11.16,,,,,,,
JM명월,2018-09-24,11.17,,,,,,,
JM명월,2018-09-25,11.18,,,,,,,
JM명월,2018-09-26,11.19,,,,,,,
JM명월,2018-09-27,11.2,,,,,,,
JM명월,2018-09-28,11.2,,,,,,,
JM명월,2018-09-29,11.2,,,,,,,
JM명월,2018-09-30,11.21,,,,,,,
JM명월,2018-10-01,11.2,,,,,,,
JM명월,2018-10-02,11.18,,,,,,,
JM명월,2018-10-03,11.16,,,,,,,
JM명월,2018-10-04,11.14,,,,,,,
JM명월,2018-10-05,11.15,,,,,,,
JM명월,2018-10-06,11.24,,,,,,,
JM명월,2018-10-07,11.38,,,,,,,
JM명월,2018-10-08,11.5,,,,,,,
JM명월,2018-10-09,11.58,,,,,,,
JM명월,2018-10-10,11.64,,,,,,,
JM명월,2018-10-11,11.68,,,,,,,
JM명월,2018-10-12,11.7,,,,,,,
JM명월,2018-10-13,11.72,,,,,,,
JM명월,2018-10-14,11.73,,,,,,,
JM명월,2018-10-15,11.75,,,,,,,
JM명월,2018-10-16,11.76,,,,,,,
JM명월,2018-10-17,11.78,,,,,,,
JM명월,2018-10-18,11.77,,,,,,,
JM명월,2018-10-19,11.76,,,,,,,
JM명월,2018-10-20,11.74,,,,,,,
JM명월,2018-10-21,11.72,,,,,,,
JM명월,2018-10-22,11.7,,,,,,,
JM명월,2018-10-23,11.69,,,,,,,
JM명월,2018-10-24,11.68,,,,,,,
JM명월,2018-10-25,11.66,,,,,,,
JM명월,2018-10-26,11.65,,,,,,,
JM명월,2018-10-27,11.63,,,,,,,
JM명월,2018-10-28,11.61,,,,,,,
JM명월,2018-10-29,11.59,,,,,,,
JM명월,2018-10-30,11.56,,,,,,,
JM명월,2018-10-31,11.53,,,,,,,
JM명월,2018-11-01,11.49,,,,,,,
JM명월,2018-11-02,11.46,,,,,,,
JM명월,2018-11-03,11.42,,,,,,,
JM명월,2018-11-04,11.4,,,,,,,
JM명월,2018-11-05,11.36,,,,,,,
JM명월,2018-11-06,11.33,,,,,,,
JM명월,2018-11-07,11.31,,,,,,,
JM명월,2018-11-08,11.29,,,,,,,
JM명월,2018-11-09,11.27,,,,,,,
JM명월,2018-11-10,11.24,,,,,,,
JM명월,2018-11-11,11.23,,,,,,,
JM명월,2018-11-12,11.21,,,,,,,
JM명월,2018-11-13,11.19,,,,,,,
JM명월,2018-11-14,11.16,,,,,,,
JM명월,2018-11-15,11.14,,,,,,,
JM명월,2018-11-16,11.12,,,,,,,
JM명월,2018-11-17,11.09,,,,,,,
JM명월,2018-11-18,11.06,,,,,,,
JM명월,2018-11-19,11.04,,,,,,,
JM명월,2018-11-20,11.02,,,,,,,
JM명월,2018-11-21,10.99,,,,,,,
JM명월,2018-11-22,10.95,,,,,,,
JM명월,2018-11-23,10.93,,,,,,,
JM명월,2018-11-24,10.91,,,,,,,
JM명월,2018-11-25,10.88,,,,,,,
JM명월,2018-11-26,10.86,,,,,,,
JM명월,2018-11-27,10.83,,,,,,,
JM명월,2018-11-28,10.81,,,,,,,
JM명월,2018-11-29,10.78,,,,,,,
JM명월,2018-11-30,10.75,,,,,,,
JM명월,2018-12-01,10.73,,,,,,,
JM명월,2018-12-02,10.71,,,,,,,
JM명월,2018-12-03,10.7,,,,,,,
JM명월,2018-12-04,10.68,,,,,,,
JM명월,2018-12-05,10.67,,,,,,,
JM명월,2018-12-06,10.65,,,,,,,
JM명월,2018-12-07,10.63,,,,,,,
JM명월,2018-12-08,10.6,,,,,,,
JM명월,2018-12-09,10.58,,,,,,,
JM명월,2018-12-10,10.56,,,,,,,
JM명월,2018-12-11,10.55,,,,,,,
JM명월,2018-12-12,10.52,,,,,,,
JM명월,2018-12-13,10.5,,,,,,,
JM명월,2018-12-14,10.48,,,,,,,
JM명월,2018-12-15,10.46,,,,,,,
JM명월,2018-12-16,10.46,,,,,,,
JM명월,2018-12-17,10.44,,,,,,,
JM명월,2018-12-18,10.42,,,,,,,
JM명월,2018-12-19,10.41,,,,,,,
JM명월,2018-12-20,10.39,,,,,,,
JM명월,2018-12-21,10.38,,,,,,,
JM명월,2018-12-22,10.37,,,,,,,
JM명월,2018-12-23,10.35,,,,,,,
JM명월,2018-12-24,10.34,,,,,,,
JM명월,2018-12-25,10.33,,,,,,,
JM명월,2018-12-26,10.32,,,,,,,
JM명월,2018-12-27,10.3,,,,,,,
JM명월,2018-12-28,10.27,,,,,,,
JM명월,2018-12-29,10.25,,,,,,,
JM명월,2018-12-30,10.23,,,,,,,
JM명월,2018-12-31,10.2,,,,,,,
JM명월,2019-01-01,10.19,,,,,,,
JM명월,2019-01-02,10.16,,,,,,,
JM명월,2019-01-03,10.14,,,,,,,
JM명월,2019-01-04,10.13,,,,,,,
JM명월,2019-01-05,10.11,,,,,,,
JM명월,2019-01-06,10.1,,,,,,,
JM명월,2019-01-07,10.08,,,,,,,
JM명월,2019-01-08,10.06,,,,,,,
JM명월,2019-01-09,10.04,,,,,,,
JM명월,2019-01-10,10.03,,,,,,,
JM명월,2019-01-11,10.02,,,,,,,
JM명월,2019-01-12,10.0,,,,,,,
JM명월,2019-01-13,9.98,,,,,,,
JM명월,2019-01-14,9.97,,,,,,,
JM명월,2019-01-15,9.96,,,,,,,
JM명월,2019-01-16,9.94,,,,,,,
JM명월,2019-01-17,9.92,,,,,,,
JM명월,2019-01-18,9.9,,,,,,,
JM명월,2019-01-19,9.89,,,,,,,
JM명월,2019-01-20,9.87,,,,,,,
JM명월,2019-01-21,9.86,,,,,,,
JM명월,2019-01-22,9.84,,,,,,,
JM명월,2019-01-23,9.83,,,,,,,
JM명월,2019-01-24,9.81,,,,,,,
JM명월,2019-01-25,9.79,,,,,,,
JM명월,2019-01-26,9.77,,,,,,,
JM명월,2019-01-27,9.75,,,,,,,
JM명월,2019-01-28,9.74,,,,,,,
JM명월,2019-01-29,9.72,,,,,,,
JM명월,2019-01-30,9.7,,,,,,,
JM명월,2019-01-31,9.69,,,,,,,
JM명월,2019-02-01,9.67,,,,,,,
JM명월,2019-02-02,9.66,,,,,,,
JM명월,2019-02-03,9.66,,,,,,,
JM명월,2019-02-04,9.64,,,,,,,
JM명월,2019-02-05,9.64,,,,,,,
JM명월,2019-02-06,9.63,,,,,,,
JM명월,2019-02-07,9.62,,,,,,,
JM명월,2019-02-08,9.61,,,,,,,
JM명월,2019-02-09,9.59,,,,,,,
JM명월,2019-02-10,9.58,,,,,,,
JM명월,2019-02-11,9.55,,,,,,,
JM명월,2019-02-12,9.54,,,,,,,
JM명월,2019-02-13,9.52,,,,,,,
JM명월,2019-02-14,9.5,,,,,,,
JM명월,2019-02-15,9.48,,,,,,,
JM명월,2019-02-16,9.47,,,,,,,
JM명월,2019-02-17,9.44,,,,,,,
JM명월,2019-02-18,9.43,,,,,,,
JM명월,2019-02-19,9.43,,,,,,,
JM명월,2019-02-20,9.41,,,,,,,
JM명월,2019-02-21,9.4,,,,,,,
JM명월,2019-02-22,9.39,,,,,,,
JM명월,2019-02-23,9.37,,,,,,,
JM명월,2019-02-24,9.36,,,,,,,
JM명월,2019-02-25,9.35,,,,,,,
JM명월,2019-02-26,9.33,,,,,,,
JM명월,2019-02-27,9.32,,,,,,,
JM명월,2019-02-28,9.31,,,,,,,
JM명월,2019-03-01,9.29,,,,,,,
JM명월,2019-03-02,9.29,,,,,,,
JM명월,2019-03-03,9.28,,,,,,,
JM명월,2019-03-04,9.27,,,,,,,
JM명월,2019-03-05,9.26,,,,,,,
JM명월,2019-03-06,9.25,,,,,,,
JM명월,2019-03-07,9.23,,,,,,,
JM명월,2019-03-08,9.21,,,,,,,
JM명월,2019-03-09,9.2,,,,,,,
JM명월,2019-03-10,9.2,,,,,,,
JM명월,2019-03-11,9.19,,,,,,,
JM명월,2019-03-12,9.18,,,,,,,
JM명월,2019-03-13,9.16,,,,,,,
JM명월,2019-03-14,9.14,,,,,,,
JM명월,2019-03-15,9.13,,,,,,,
JM명월,2019-03-16,9.1,,,,,,,
JM명월,2019-03-17,9.09,,,,,,,
JM명월,2019-03-18,9.07,,,,,,,
JM명월,2019-03-19,9.06,,,,,,,
JM명월,2019-03-20,9.06,,,,,,,
JM명월,2019-03-21,9.04,,,,,,,
JM명월,2019-03-22,9.03,,,,,,,
JM명월,2019-03-23,9.01,,,,,,,
JM명월,2019-03-24,8.99,,,,,,,
JM명월,2019-03-25,8.98,,,,,,,
JM명월,2019-03-26,8.96,,,,,,,
JM명월,2019-03-27,8.95,,,,,,,
JM명월,2019-03-28,8.93,,,,,,,
JM명월,2019-03-29,8.91,,,,,,,
JM명월,2019-03-30,8.9,,,,,,,
JM명월,2019-03-31,8.88,,,,,,,
JM명월,2019-04-01,8.85,,,,,,,
JM명월,2019-04-02,8.84,,,,,,,
JM명월,2019-04-03,8.82,,,,,,,
JM명월,2019-04-04,8.8,,,,,,,
JM명월,2019-04-05,8.79,,,,,,,
JM명월,2019-04-06,8.77,,,,,,,
JM명월,2019-04-07,8.77,,,,,,,
JM명월,2019-04-08,8.75,,,,,,,
JM명월,2019-04-09,8.75,,,,,,,
JM명월,2019-04-10,8.73,,,,,,,
JM명월,2019-04-11,8.72,,,,,,,
JM명월,2019-04-12,8.71,,,,,,,
JM명월,2019-04-13,8.69,,,,,,,
JM명월,2019-04-14,8.67,,,,,,,
JM명월,2019-04-15,8.64,,,,,,,
JM명월,2019-04-16,8.63,,,,,,,
JM명월,2019-04-17,8.61,,,,,,,
JM명월,2019-04-18,8.59,,,,,,,
JM명월,2019-04-19,8.57,,,,,,,
JM명월,2019-04-20,8.55,,,,,,,
JM명월,2019-04-21,8.53,,,,,,,
JM명월,2019-04-22,8.52,,,,,,,
JM명월,2019-04-23,8.51,,,,,,,
JM명월,2019-04-24,8.5,,,,,,,
JM명월,2019-04-25,8.49,,,,,,,
JM명월,2019-04-26,8.48,,,,,,,
JM명월,2019-04-27,8.46,,,,,,,
JM명월,2019-04-28,8.45,,,,,,,
JM명월,2019-04-29,8.43,,,,,,,
JM명월,2019-04-30,8.42,,,,,,,
JM명월,2019-05-01,8.4,,,,,,,
JM명월,2019-05-02,8.39,,,,,,,
JM명월,2019-05-03,8.37,,,,,,,
JM명월,2019-05-04,8.35,,,,,,,
JM명월,2019-05-05,8.33,,,,,,,
JM명월,2019-05-06,8.31,,,,,,,
JM명월,2019-05-07,8.28,,,,,,,
JM명월,2019-05-08,8.27,,,,,,,
JM명월,2019-05-09,8.25,,,,,,,
JM명월,2019-05-10,8.23,,,,,,,
JM명월,2019-05-11,8.21,,,,,,,
JM명월,2019-05-12,8.19,,,,,,,
JM명월,2019-05-13,8.18,,,,,,,
JM명월,2019-05-14,8.16,,,,,,,
JM명월,2019-05-15,8.13,,,,,,,
JM명월,2019-05-16,8.12,,,,,,,
JM명월,2019-05-17,8.08,,,,,,,
JM명월,2019-05-18,8.03,,,,,,,
JM명월,2019-05-19,8.04,,,,,,,
JM명월,2019-05-20,8.04,,,,,,,
JM명월,2019-05-21,8.04,,,,,,,
JM명월,2019-05-22,8.03,,,,,,,
JM명월,2019-05-23,8.02,,,,,,,
JM명월,2019-05-24,8.0,,,,,,,
JM명월,2019-05-25,7.99,,,,,,,
JM명월,2019-05-26,7.98,,,,,,,
JM명월,2019-05-27,7.98,,,,,,,
JM명월,2019-05-28,8.03,,,,,,,
JM명월,2019-05-29,8.08,,,,,,,
JM명월,2019-05-30,8.12,,,,,,,
JM명월,2019-05-31,8.15,,,,,,,
JM명월,2019-06-01,8.17,,,,,,,
JM명월,2019-06-02,8.2,,,,,,,
JM명월,2019-06-03,8.22,,,,,,,
JM명월,2019-06-04,8.23,,,,,,,
JM명월,2019-06-05,8.24,,,,,,,
JM명월,2019-06-06,8.24,,,,,,,
JM명월,2019-06-07,8.25,,,,,,,
JM명월,2019-06-08,8.25,,,,,,,
JM명월,2019-06-09,8.26,,,,,,,
JM명월,2019-06-10,8.26,,,,,,,
JM명월,2019-06-11,8.25,,,,,,,
JM명월,2019-06-12,8.24,,,,,,,
JM명월,2019-06-13,8.24,,,,,,,
JM명월,2019-06-14,8.24,,,,,,,
JM명월,2019-06-15,8.24,,,,,,,
JM명월,2019-06-16,8.25,,,,,,,
JM명월,2019-06-17,8.24,,,,,,,
JM명월,2019-06-18,8.24,,,,,,,
JM명월,2019-06-19,8.24,,,,,,,
JM명월,2019-06-20,8.23,,,,,,,
JM명월,2019-06-21,8.23,,,,,,,
JM명월,2019-06-22,8.22,,,,,,,
JM명월,2019-06-23,8.21,,,,,,,
JM명월,2019-06-24,8.2,,,,,,,
JM명월,2019-06-25,8.19,,,,,,,
JM명월,2019-06-26,8.2,,,,,,,
JM명월,2019-06-27,8.34,,,,,,,
JM명월,2019-06-28,8.5,,,,,,,
JM명월,2019-06-29,8.64,,,,,,,
JM명월,2019-06-30,8.74,,,,,,,
JM명월,2019-07-01,8.81,,,,,,,
JM명월,2019-07-02,8.87,,,,,,,
JM명월,2019-07-03,8.91,,,,,,,
JM명월,2019-07-04,8.94,,,,,,,
JM명월,2019-07-05,8.97,,,,,,,
JM명월,2019-07-06,9.0,,,,,,,
JM명월,2019-07-07,9.02,,,,,,,
JM명월,2019-07-08,9.03,,,,,,,
JM명월,2019-07-09,9.04,,,,,,,
JM명월,2019-07-10,9.05,,,,,,,
JM명월,2019-07-11,9.05,,,,,,,
JM명월,2019-07-12,9.05,,,,,,,
JM명월,2019-07-13,9.05,,,,,,,
JM명월,2019-07-14,9.06,,,,,,,
JM명월,2019-07-15,9.05,,,,,,,
JM명월,2019-07-16,9.05,,,,,,,
JM명월,2019-07-17,9.04,,,,,,,
JM명월,2019-07-18,9.03,,,,,,,
JM명월,2019-07-19,9.06,,,,,,,
JM명월,2019-07-20,9.2,,,,,,,
JM명월,2019-07-21,9.58,,,,,,,
JM명월,2019-07-22,10.01,,,,,,,
JM명월,2019-07-23,10.47,,,,,,,
JM명월,2019-07-24,10.85,,,,,,,
JM명월,2019-07-25,11.11,,,,,,,
JM명월,2019-07-26,11.31,,,,,,,
JM명월,2019-07-27,11.46,,,,,,,
JM명월,2019-07-28,11.57,,,,,,,
JM명월,2019-07-29,11.64,,,,,,,
JM명월,2019-07-30,11.7,,,,,,,
JM명월,2019-07-31,11.73,,,,,,,
JM명월,2019-08-01,11.74,,,,,,,
JM명월,2019-08-02,11.75,,,,,,,
JM명월,2019-08-03,11.76,,,,,,,
JM명월,2019-08-04,11.75,,,,,,,
JM명월,2019-08-05,11.75,,,,,,,
JM명월,2019-08-06,11.75,,,,,,,
JM명월,2019-08-07,11.73,,,,,,,
JM명월,2019-08-08,11.72,,,,,,,
JM명월,2019-08-09,11.71,,,,,,,
JM명월,2019-08-10,11.7,,,,,,,
JM명월,2019-08-11,11.7,,,,,,,
JM명월,2019-08-12,11.69,,,,,,,
JM명월,2019-08-13,11.68,,,,,,,
JM명월,2019-08-14,11.67,,,,,,,
JM명월,2019-08-15,11.67,,,,,,,
JM명월,2019-08-16,11.65,,,,,,,
JM명월,2019-08-17,11.63,,,,,,,
JM명월,2019-08-18,11.59,,,,,,,
JM명월,2019-08-19,11.55,,,,,,,
JM명월,2019-08-20,11.52,,,,,,,
JM명월,2019-08-21,11.48,,,,,,,
JM명월,2019-08-22,11.44,,,,,,,
JM명월,2019-08-23,11.4,,,,,,,
JM명월,2019-08-24,11.35,,,,,,,
JM명월,2019-08-25,11.31,,,,,,,
JM명월,2019-08-26,11.28,,,,,,,
JM명월,2019-08-27,11.25,,,,,,,
JM명월,2019-08-28,11.3,,,,,,,
JM명월,2019-08-29,11.47,,,,,,,
JM명월,2019-08-30,11.8,,,,,,,
JM명월,2019-08-31,12.08,,,,,,,
JM명월,2019-09-01,12.26,,,,,,,
JM명월,2019-09-02,12.39,,,,,,,
JM명월,2019-09-03,12.58,,,,,,,
JM명월,2019-09-04,12.87,,,,,,,
JM명월,2019-09-05,13.2,,,,,,,
JM명월,2019-09-06,13.5,,,,,,,
JM명월,2019-09-07,13.74,,,,,,,
JM명월,2019-09-08,13.94,,,,,,,
JM명월,2019-09-09,14.16,,,,,,,
JM명월,2019-09-10,14.49,,,,,,,
JM명월,2019-09-11,14.77,,,,,,,
JM명월,2019-09-12,14.97,,,,,,,
JM명월,2019-09-13,15.13,,,,,,,
JM명월,2019-09-14,15.23,,,,,,,
JM명월,2019-09-15,15.31,,,,,,,
JM명월,2019-09-16,15.36,,,,,,,
JM명월,2019-09-17,15.39,,,,,,,
JM명월,2019-09-18,15.39,,,,,,,
JM명월,2019-09-19,15.39,,,,,,,
JM명월,2019-09-20,15.41,,,,,,,
JM명월,2019-09-21,15.42,,,,,,,
JM명월,2019-09-22,15.45,,,,,,,
JM명월,2019-09-23,15.51,,,,,,,
JM명월,2019-09-24,15.66,,,,,,,
JM명월,2019-09-25,15.77,,,,,,,
JM명월,2019-09-26,15.69,,,,,,,
JM명월,2019-09-27,15.71,,,,,,,
JM명월,2019-09-28,15.72,,,,,,,
JM명월,2019-09-29,15.73,,,,,,,
JM명월,2019-09-30,15.73,,,,,,,
JM명월,2019-10-01,15.75,,,,,,,
JM명월,2019-10-02,15.94,,,,,,,
JM명월,2019-10-03,16.29,,,,,,,
JM명월,2019-10-04,16.58,,,,,,,
JM명월,2019-10-05,16.79,,,,,,,
JM명월,2019-10-06,16.93,,,,,,,
JM명월,2019-10-07,17.06,,,,,,,
JM명월,2019-10-08,17.15,,,,,,,
JM명월,2019-10-09,17.23,,,,,,,
JM명월,2019-10-10,17.29,,,,,,,
JM명월,2019-10-11,17.32,,,,,,,
JM명월,2019-10-12,17.34,,,,,,,
JM명월,2019-10-13,17.31,,,,,,,
JM명월,2019-10-14,17.27,,,,,,,
JM명월,2019-10-15,17.24,,,,,,,
JM명월,2019-10-16,17.2,,,,,,,
JM명월,2019-10-17,17.16,,,,,,,
JM명월,2019-10-18,17.14,,,,,,,
JM명월,2019-10-19,17.1,,,,,,,
JM명월,2019-10-20,17.05,,,,,,,
JM명월,2019-10-21,17.02,,,,,,,
JM명월,2019-10-22,16.98,,,,,,,
JM명월,2019-10-23,16.94,,,,,,,
JM명월,2019-10-24,16.88,,,,,,,
JM명월,2019-10-25,16.83,,,,,,,
JM명월,2019-10-26,16.77,,,,,,,
JM명월,2019-10-27,16.71,,,,,,,
JM명월,2019-10-28,16.65,,,,,,,
JM명월,2019-10-29,16.59,,,,,,,
JM명월,2019-10-30,16.52,,,,,,,
JM명월,2019-10-31,16.45,,,,,,,
JM명월,2019-11-01,16.39,,,,,,,
JM명월,2019-11-02,16.33,,,,,,,
JM명월,2019-11-03,16.28,,,,,,,
JM명월,2019-11-04,16.2,,,,,,,
JM명월,2019-11-05,16.14,,,,,,,
JM명월,2019-11-06,16.08,,,,,,,
JM명월,2019-11-07,16.02,,,,,,,
JM명월,2019-11-08,15.96,,,,,,,
JM명월,2019-11-09,15.89,,,,,,,
JM명월,2019-11-10,15.85,,,,,,,
JM명월,2019-11-11,15.79,,,,,,,
JM명월,2019-11-12,15.72,,,,,,,
JM명월,2019-11-13,15.66,,,,,,,
JM명월,2019-11-14,15.58,,,,,,,
JM명월,2019-11-15,15.52,,,,,,,
JM명월,2019-11-16,15.46,,,,,,,
JM명월,2019-11-17,15.41,,,,,,,
JM명월,2019-11-18,15.35,,,,,,,
JM명월,2019-11-19,15.28,,,,,,,
JM명월,2019-11-20,15.21,,,,,,,
JM명월,2019-11-21,15.15,,,,,,,
JM명월,2019-11-22,15.1,,,,,,,
JM명월,2019-11-23,15.05,,,,,,,
JM명월,2019-11-24,15.0,,,,,,,
JM명월,2019-11-25,14.93,,,,,,,
JM명월,2019-11-26,14.88,,,,,,,
JM명월,2019-11-27,14.82,,,,,,,
JM명월,2019-11-28,14.76,,,,,,,
JM명월,2019-11-29,14.67,,,,,,,
JM명월,2019-11-30,14.63,,,,,,,
JM명월,2019-12-01,14.6,,,,,,,
JM명월,2019-12-02,14.55,,,,,,,
JM명월,2019-12-03,14.5,,,,,,,
JM명월,2019-12-04,14.47,,,,,,,
JM명월,2019-12-05,14.45,,,,,,,
JM명월,2019-12-06,14.4,,,,,,,
JM명월,2019-12-07,14.35,,,,,,,
JM명월,2019-12-08,14.31,,,,,,,
JM명월,2019-12-09,14.27,,,,,,,
JM명월,2019-12-10,14.23,,,,,,,
JM명월,2019-12-11,14.2,,,,,,,
JM명월,2019-12-12,14.14,,,,,,,
JM명월,2019-12-13,14.1,,,,,,,
JM명월,2019-12-14,14.06,,,,,,,
JM명월,2019-12-15,14.01,,,,,,,
JM명월,2019-12-16,13.99,,,,,,,
JM명월,2019-12-17,13.95,,,,,,,
JM명월,2019-12-18,13.91,,,,,,,
JM명월,2019-12-19,13.87,,,,,,,
JM명월,2019-12-20,13.82,,,,,,,
JM명월,2019-12-21,13.78,,,,,,,
JM명월,2019-12-22,13.75,,,,,,,
JM명월,2019-12-23,13.7,,,,,,,
JM명월,2019-12-24,13.66,,,,,,,
JM명월,2019-12-25,13.63,,,,,,,
JM명월,2019-12-26,13.61,,,,,,,
JM명월,2019-12-27,13.56,,,,,,,
JM명월,2019-12-28,13.53,,,,,,,
JM명월,2019-12-29,13.49,,,,,,,
JM명월,2019-12-30,13.46,,,,,,,
JM명월,2019-12-31,13.41,,,,,,,
JM명월,2020-01-01,13.37,,,,,,,
JM명월,2020-01-02,13.34,,,,,,,
JM명월,2020-01-03,13.31,,,,,,,
JM명월,2020-01-04,13.28,,,,,,,
JM명월,2020-01-05,13.24,,,,,,,
JM명월,2020-01-06,13.22,,,,,,,
JM명월,2020-01-07,13.2,,,,,,,
JM명월,2020-01-08,13.17,,,,,,,
JM명월,2020-01-09,13.14,,,,,,,
JM명월,2020-01-10,13.12,,,,,,,
JM명월,2020-01-11,13.09,,,,,,,
JM명월,2020-01-12,13.07,,,,,,,
JM명월,2020-01-13,13.04,,,,,,,
JM명월,2020-01-14,13.01,,,,,,,
JM명월,2020-01-15,12.96,,,,,,,
JM명월,2020-01-16,12.94,,,,,,,
JM명월,2020-01-17,12.91,,,,,,,
JM명월,2020-01-18,12.88,,,,,,,
JM명월,2020-01-19,12.85,,,,,,,
JM명월,2020-01-20,12.81,,,,,,,
JM명월,2020-01-21,12.78,,,,,,,
JM명월,2020-01-22,12.75,,,,,,,
JM명월,2020-01-23,12.74,,,,,,,
JM명월,2020-01-24,12.7,,,,,,,
JM명월,2020-01-25,12.68,,,,,,,
JM명월,2020-01-26,12.67,,,,,,,
JM명월,2020-01-27,12.67,,,,,,,
JM명월,2020-01-28,12.66,,,,,,,
JM명월,2020-01-29,12.67,,,,,,,
JM명월,2020-01-30,12.67,,,,,,,
JM명월,2020-01-31,12.65,,,,,,,
JM명월,2020-02-01,12.63,,,,,,,
JM명월,2020-02-02,12.62,,,,,,,
JM명월,2020-02-03,12.59,,,,,,,
JM명월,2020-02-04,12.57,,,,,,,
JM명월,2020-02-05,12.55,,,,,,,
JM명월,2020-02-06,12.52,,,,,,,
JM명월,2020-02-07,12.5,,,,,,,
JM명월,2020-02-08,12.47,,,,,,,
JM명월,2020-02-09,12.44,,,,,,,
JM명월,2020-02-10,12.42,,,,,,,
JM명월,2020-02-11,12.4,,,,,,,
JM명월,2020-02-12,12.39,,,,,,,
JM명월,2020-02-13,12.37,,,,,,,
JM명월,2020-02-14,12.36,,,,,,,
JM명월,2020-02-15,12.35,,,,,,,
JM명월,2020-02-16,12.32,,,,,,,
JM명월,2020-02-17,12.31,,,,,,,
JM명월,2020-02-18,12.28,,,,,,,
JM명월,2020-02-19,12.26,,,,,,,
JM명월,2020-02-20,12.24,,,,,,,
JM명월,2020-02-21,12.22,,,,,,,
JM명월,2020-02-22,12.2,,,,,,,
JM명월,2020-02-23,12.17,,,,,,,
JM명월,2020-02-24,12.15,,,,,,,
JM명월,2020-02-25,12.15,,,,,,,
JM명월,2020-02-26,12.13,,,,,,,
JM명월,2020-02-27,12.1,,,,,,,
JM명월,2020-02-28,12.09,,,,,,,
JM명월,2020-02-29,12.08,,,,,,,
JM명월,2020-03-01,12.06,,,,,,,
JM명월,2020-03-02,12.04,,,,,,,
JM명월,2020-03-03,12.03,,,,,,,
JM명월,2020-03-04,12.01,,,,,,,
JM명월,2020-03-05,11.98,,,,,,,
JM명월,2020-03-06,11.96,,,,,,,
JM명월,2020-03-07,11.95,,,,,,,
JM명월,2020-03-08,11.93,,,,,,,
JM명월,2020-03-09,11.93,,,,,,,
JM명월,2020-03-10,11.93,,,,,,,
JM명월,2020-03-11,11.92,,,,,,,
JM명월,2020-03-12,11.91,,,,,,,
JM명월,2020-03-13,11.9,,,,,,,
JM명월,2020-03-14,11.89,,,,,,,
JM명월,2020-03-15,11.88,,,,,,,
JM명월,2020-03-16,11.86,,,,,,,
JM명월,2020-03-17,11.84,,,,,,,
JM명월,2020-03-18,11.83,,,,,,,
JM명월,2020-03-19,11.82,,,,,,,
JM명월,2020-03-20,11.79,,,,,,,
JM명월,2020-03-21,11.78,,,,,,,
JM명월,2020-03-22,11.77,,,,,,,
JM명월,2020-03-23,11.74,,,,,,,
JM명월,2020-03-24,11.72,,,,,,,
JM명월,2020-03-25,11.7,,,,,,,
JM명월,2020-03-26,11.69,,,,,,,
JM명월,2020-03-27,11.67,,,,,,,
JM명월,2020-03-28,11.66,,,,,,,
JM명월,2020-03-29,11.63,,,,,,,
JM명월,2020-03-30,11.61,,,,,,,
JM명월,2020-03-31,11.59,,,,,,,
JM명월,2020-04-01,11.57,,,,,,,
JM명월,2020-04-02,11.55,,,,,,,
JM명월,2020-04-03,11.52,,,,,,,
JM명월,2020-04-04,11.5,,,,,,,
JM명월,2020-04-05,11.47,,,,,,,
JM명월,2020-04-06,11.45,,,,,,,
JM명월,2020-04-07,11.44,,,,,,,
JM명월,2020-04-08,11.41,,,,,,,
JM명월,2020-04-09,11.39,,,,,,,
JM명월,2020-04-10,11.37,,,,,,,
JM명월,2020-04-11,11.35,,,,,,,
JM명월,2020-04-12,11.34,,,,,,,
JM명월,2020-04-13,11.33,,,,,,,
JM명월,2020-04-14,11.31,,,,,,,
JM명월,2020-04-15,11.3,,,,,,,
JM명월,2020-04-16,11.28,,,,,,,
JM명월,2020-04-17,11.27,,,,,,,
JM명월,2020-04-18,11.25,,,,,,,
JM명월,2020-04-19,11.26,,,,,,,
JM명월,2020-04-20,11.23,,,,,,,
JM명월,2020-04-21,11.22,,,,,,,
JM명월,2020-04-22,11.2,,,,,,,
JM명월,2020-04-23,11.18,,,,,,,
JM명월,2020-04-24,11.16,,,,,,,
JM명월,2020-04-25,11.14,,,,,,,
JM명월,2020-04-26,11.11,,,,,,,
JM명월,2020-04-27,11.09,,,,,,,
JM명월,2020-04-28,11.06,,,,,,,
JM명월,2020-04-29,11.04,,,,,,,
JM명월,2020-04-30,11.01,,,,,,,
JM명월,2020-05-01,11.0,,,,,,,
JM명월,2020-05-02,10.99,,,,,,,
JM명월,2020-05-03,10.99,,,,,,,
JM명월,2020-05-04,10.98,,,,,,,
JM명월,2020-05-05,10.97,,,,,,,
JM명월,2020-05-06,10.94,,,,,,,
JM명월,2020-05-07,10.91,,,,,,,
JM명월,2020-05-08,10.9,,,,,,,
JM명월,2020-05-09,10.89,,,,,,,
JM명월,2020-05-10,10.92,,,,,,,
JM명월,2020-05-11,10.94,,,,,,,
JM명월,2020-05-12,10.97,,,,,,,
JM명월,2020-05-13,10.97,,,,,,,
JM명월,2020-05-14,10.98,,,,,,,
JM명월,2020-05-15,11.0,,,,,,,
JM명월,2020-05-16,11.01,,,,,,,
JM명월,2020-05-17,11.02,,,,,,,
JM명월,2020-05-18,11.04,,,,,,,
JM명월,2020-05-19,11.05,,,,,,,
JM명월,2020-05-20,11.05,,,,,,,
JM명월,2020-05-21,11.03,,,,,,,
JM명월,2020-05-22,11.04,,,,,,,
JM명월,2020-05-23,11.05,,,,,,,
JM명월,2020-05-24,11.03,,,,,,,
JM명월,2020-05-25,11.01,,,,,,,
JM명월,2020-05-26,11.01,,,,,,,
JM명월,2020-05-27,10.99,,,,,,,
JM명월,2020-05-28,10.97,,,,,,,
JM명월,2020-05-29,10.95,,,,,,,
JM명월,2020-05-30,10.92,,,,,,,
JM명월,2020-05-31,10.91,,,,,,,
JM명월,2020-06-01,10.89,,,,,,,
JM명월,2020-06-02,10.88,,,,,,,
JM명월,2020-06-03,10.86,,,,,,,
JM명월,2020-06-04,10.85,,,,,,,
JM명월,2020-06-05,10.84,,,,,,,
JM명월,2020-06-06,10.82,,,,,,,
JM명월,2020-06-07,10.79,,,,,,,
JM명월,2020-06-08,10.77,,,,,,,
JM명월,2020-06-09,10.74,,,,,,,
JM명월,2020-06-10,10.73,,,,,,,
JM명월,2020-06-11,10.71,,,,,,,
JM명월,2020-06-12,10.7,,,,,,,
JM명월,2020-06-13,10.69,,,,,,,
JM명월,2020-06-14,10.71,,,,,,,
JM명월,2020-06-15,10.75,,,,,,,
JM명월,2020-06-16,10.8,,,,,,,
JM명월,2020-06-17,10.84,,,,,,,
JM명월,2020-06-18,10.9,,,,,,,
JM명월,2020-06-19,10.97,,,,,,,
JM명월,2020-06-20,11.04,,,,,,,
JM명월,2020-06-21,11.1,,,,,,,
JM명월,2020-06-22,11.16,,,,,,,
JM명월,2020-06-23,11.2,,,,,,,
JM명월,2020-06-24,11.24,,,,,,,
JM명월,2020-06-25,11.33,,,,,,,
JM명월,2020-06-26,11.46,,,,,,,
JM명월,2020-06-27,11.58,,,,,,,
JM명월,2020-06-28,11.7,,,,,,,
JM명월,2020-06-29,11.81,,,,,,,
JM명월,2020-06-30,11.91,,,,,,,
JM명월,2020-07-01,12.02,,,,,,,
JM명월,2020-07-02,12.11,,,,,,,
JM명월,2020-07-03,12.18,,,,,,,
JM명월,2020-07-04,12.25,,,,,,,
JM명월,2020-07-05,12.31,,,,,,,
JM명월,2020-07-06,12.36,,,,,,,
JM명월,2020-07-07,12.43,,,,,,,
JM명월,2020-07-08,12.58,,,,,,,
JM명월,2020-07-09,12.77,,,,,,,
JM명월,2020-07-10,12.94,,,,,,,
JM명월,2020-07-11,13.09,,,,,,,
JM명월,2020-07-12,13.22,,,,,,,
JM명월,2020-07-13,13.34,,,,,,,
JM명월,2020-07-14,13.43,,,,,,,
JM명월,2020-07-15,13.51,,,,,,,
JM명월,2020-07-16,13.57,,,,,,,
JM명월,2020-07-17,13.61,,,,,,,
JM명월,2020-07-18,13.65,,,,,,,
JM명월,2020-07-19,13.68,,,,,,,
JM명월,2020-07-20,13.69,,,,,,,
JM명월,2020-07-21,13.7,,,,,,,
JM명월,2020-07-22,13.7,,,,,,,
JM명월,2020-07-23,13.72,,,,,,,
JM명월,2020-07-24,13.73,,,,,,,
JM명월,2020-07-25,13.74,,,,,,,
JM명월,2020-07-26,13.72,,,,,,,
JM명월,2020-07-27,13.72,,,,,,,
JM명월,2020-07-28,13.71,,,,,,,
JM명월,2020-07-29,13.7,,,,,,,
JM명월,2020-07-30,13.7,,,,,,,
JM명월,2020-07-31,13.69,,,,,,,
JM명월,2020-08-01,13.68,,,,,,,
JM명월,2020-08-02,13.67,,,,,,,
JM명월,2020-08-03,13.65,,,,,,,
JM명월,2020-08-04,13.63,,,,,,,
JM명월,2020-08-05,13.61,,,,,,,
JM명월,2020-08-06,13.6,,,,,,,
JM명월,2020-08-07,13.58,,,,,,,
JM명월,2020-08-08,13.57,,,,,,,
JM명월,2020-08-09,13.56,,,,,,,
JM명월,2020-08-10,13.54,,,,,,,
JM명월,2020-08-11,13.51,,,,,,,
JM명월,2020-08-12,13.47,,,,,,,
JM명월,2020-08-13,13.44,,,,,,,
JM명월,2020-08-14,13.41,,,,,,,
JM명월,2020-08-15,13.38,,,,,,,
JM명월,2020-08-16,13.34,,,,,,,
JM명월,2020-08-17,13.3,,,,,,,
JM명월,2020-08-18,13.27,,,,,,,
JM명월,2020-08-19,13.22,,,,,,,
JM명월,2020-08-20,13.18,,,,,,,
JM명월,2020-08-21,13.15,,,,,,,
JM명월,2020-08-22,13.11,,,,,,,
JM명월,2020-08-23,13.09,,,,,,,
JM명월,2020-08-24,13.08,,,,,,,
JM명월,2020-08-25,13.08,,,,,,,
JM명월,2020-08-26,13.11,,,,,,,
JM명월,2020-08-27,13.16,,,,,,,
JM명월,2020-08-28,13.22,,,,,,,
JM명월,2020-08-29,13.25,,,,,,,
JM명월,2020-08-30,13.27,,,,,,,
JM명월,2020-08-31,13.29,,,,,,,
JM명월,2020-09-01,13.31,,,,,,,
JM명월,2020-09-02,13.36,,,,,,,
JM명월,2020-09-03,13.62,,,,,,,
JM명월,2020-09-04,13.98,,,,,,,
JM명월,2020-09-05,14.25,,,,,,,
JM명월,2020-09-06,14.5,,,,,,,
JM명월,2020-09-07,14.8,,,,,,,
JM명월,2020-09-08,15.23,,,,,,,
JM명월,2020-09-09,15.62,,,,,,,
JM명월,2020-09-10,15.92,,,,,,,
JM명월,2020-09-11,16.13,,,,,,,
JM명월,2020-09-12,16.32,,,,,,,
JM명월,2020-09-13,16.45,,,,,,,
JM명월,2020-09-14,16.57,,,,,,,
JM명월,2020-09-15,16.65,,,,,,,
JM명월,2020-09-16,16.72,,,,,,,
JM명월,2020-09-17,16.78,,,,,,,
JM명월,2020-09-18,16.81,,,,,,,
JM명월,2020-09-19,16.85,,,,,,,
JM명월,2020-09-20,16.89,,,,,,,
JM명월,2020-09-21,16.93,,,,,,,
JM명월,2020-09-22,16.97,,,,,,,
JM명월,2020-09-23,17.0,,,,,,,
JM명월,2020-09-24,17.04,,,,,,,
JM명월,2020-09-25,17.06,,,,,,,
JM명월,2020-09-26,17.07,,,,,,,
JM명월,2020-09-27,17.07,,,,,,,
JM명월,2020-09-28,17.06,,,,,,,
JM명월,2020-09-29,17.06,,,,,,,
JM명월,2020-09-30,17.06,,,,,,,
JM명월,2020-10-01,17.03,,,,,,,
JM명월,2020-10-02,17.01,,,,,,,
JM명월,2020-10-03,16.98,,,,,,,
JM명월,2020-10-04,16.96,,,,,,,
JM명월,2020-10-05,16.91,,,,,,,
JM명월,2020-10-06,16.85,,,,,,,
JM명월,2020-10-07,16.8,,,,,,,
JM명월,2020-10-08,16.76,,,,,,,
JM명월,2020-10-09,16.71,,,,,,,
JM명월,2020-10-10,16.66,,,,,,,
JM명월,2020-10-11,16.63,,,,,,,
JM명월,2020-10-12,16.58,,,,,,,
JM명월,2020-10-13,16.51,,,,,,,
JM명월,2020-10-14,16.45,,,,,,,
JM명월,2020-10-15,16.4,,,,,,,
JM명월,2020-10-16,16.34,,,,,,,
JM명월,2020-10-17,16.29,,,,,,,
JM명월,2020-10-18,16.23,,,,,,,
JM명월,2020-10-19,16.17,,,,,,,
JM명월,2020-10-20,16.11,,,,,,,
JM명월,2020-10-21,16.08,,,,,,,
JM명월,2020-10-22,16.04,,,,,,,
JM명월,2020-10-23,16.0,,,,,,,
JM명월,2020-10-24,15.95,,,,,,,
JM명월,2020-10-25,15.9,,,,,,,
JM명월,2020-10-26,15.84,,,,,,,
JM명월,2020-10-27,15.79,,,,,,,
JM명월,2020-10-28,15.72,,,,,,,
JM명월,2020-10-29,15.63,,,,,,,
JM명월,2020-10-30,15.57,,,,,,,
JM명월,2020-10-31,15.51,,,,,,,
JM명월,2020-11-01,15.47,,,,,,,
JM명월,2020-11-02,15.43,,,,,,,
JM명월,2020-11-03,15.37,,,,,,,
JM명월,2020-11-04,15.31,,,,,,,
JM명월,2020-11-05,15.26,,,,,,,
JM명월,2020-11-06,15.22,,,,,,,
JM명월,2020-11-07,15.17,,,,,,,
JM명월,2020-11-08,15.11,,,,,,,
JM명월,2020-11-09,15.05,,,,,,,
JM명월,2020-11-10,14.99,,,,,,,
JM명월,2020-11-11,14.93,,,,,,,
JM명월,2020-11-12,14.88,,,,,,,
JM명월,2020-11-13,14.83,,,,,,,
JM명월,2020-11-14,14.78,,,,,,,
JM명월,2020-11-15,14.74,,,,,,,
JM명월,2020-11-16,14.7,,,,,,,
JM명월,2020-11-17,14.66,,,,,,,
JM명월,2020-11-18,14.63,,,,,,,
JM명월,2020-11-19,14.61,,,,,,,
JM명월,2020-11-20,14.57,,,,,,,
JM명월,2020-11-21,14.52,,,,,,,
JM명월,2020-11-22,14.48,,,,,,,
JM명월,2020-11-23,14.43,,,,,,,
JM명월,2020-11-24,14.38,,,,,,,
JM명월,2020-11-25,14.33,,,,,,,
JM명월,2020-11-26,14.29,,,,,,,
JM명월,2020-11-27,14.24,,,,,,,
JM명월,2020-11-28,14.19,,,,,,,
JM명월,2020-11-29,14.15,,,,,,,
JM명월,2020-11-30,14.09,,,,,,,
JM명월,2020-12-01,14.04,,,,,,,
JM명월,2020-12-02,14.01,,,,,,,
JM명월,2020-12-03,13.97,,,,,,,
JM명월,2020-12-04,13.93,,,,,,,
JM명월,2020-12-05,13.89,,,,,,,
JM명월,2020-12-06,13.84,,,,,,,
JM명월,2020-12-07,13.8,,,,,,,
JM명월,2020-12-08,13.77,,,,,,,
JM명월,2020-12-09,13.73,,,,,,,
JM명월,2020-12-10,13.71,,,,,,,
JM명월,2020-12-11,13.68,,,,,,,
JM명월,2020-12-12,13.65,,,,,,,
JM명월,2020-12-13,13.62,,,,,,,
JM명월,2020-12-14,13.58,,,,,,,
JM명월,2020-12-15,13.53,,,,,,,
JM명월,2020-12-16,13.5,,,,,,,
JM명월,2020-12-17,13.46,,,,,,,
JM명월,2020-12-18,13.43,,,,,,,
JM명월,2020-12-19,13.39,,,,,,,
JM명월,2020-12-20,13.35,,,,,,,
JM명월,2020-12-21,13.31,,,,,,,
JM명월,2020-12-22,13.29,,,,,,,
JM명월,2020-12-23,13.26,,,,,,,
JM명월,2020-12-24,13.23,,,,,,,
JM명월,2020-12-25,13.19,,,,,,,
JM명월,2020-12-26,13.16,,,,,,,
JM명월,2020-12-27,13.14,,,,,,,
JM명월,2020-12-28,13.11,,,,,,,
JM명월,2020-12-29,13.08,,,,,,,
JM명월,2020-12-30,13.05,,,,,,,
JM명월,2020-12-31,13.02,,,,,,,
JM명월,2021-01-01,12.99,,,,,,,
JM명월,2021-01-02,12.96,,,,,,,
JM명월,2021-01-03,12.92,,,,,,,
JM명월,2021-01-04,12.89,,,,,,,
JM명월,2021-01-05,12.86,,,,,,,
JM명월,2021-01-06,12.84,,,,,,,
JM명월,2021-01-07,12.81,,,,,,,
JM명월,2021-01-08,12.78,,,,,,,
JM명월,2021-01-09,12.75,,,,,,,
JM명월,2021-01-10,12.71,,,,,,,
JM명월,2021-01-11,12.68,,,,,,,
JM명월,2021-01-12,12.67,,,,,,,
JM명월,2021-01-13,12.65,,,,,,,
JM명월,2021-01-14,12.63,,,,,,,
JM명월,2021-01-15,12.61,,,,,,,
JM명월,2021-01-16,12.58,,,,,,,
JM명월,2021-01-17,12.55,,,,,,,
JM명월,2021-01-18,12.53,,,,,,,
JM명월,2021-01-19,12.49,,,,,,,
JM명월,2021-01-20,12.46,,,,,,,
JM명월,2021-01-21,12.45,,,,,,,
JM명월,2021-01-22,12.43,,,,,,,
JM명월,2021-01-23,12.42,,,,,,,
JM명월,2021-01-24,12.39,,,,,,,
JM명월,2021-01-25,12.35,,,,,,,
JM명월,2021-01-26,12.29,,,,,,,
JM명월,2021-01-27,12.28,,,,,,,
JM명월,2021-01-28,12.26,,,,,,,
JM명월,2021-01-29,12.23,,,,,,,
JM명월,2021-01-30,12.21,,,,,,,
JM명월,2021-01-31,12.19,,,,,,,
JM명월,2021-02-01,12.18,,,,,,,
JM명월,2021-02-02,12.24,,,,,,,
JM명월,2021-02-03,12.31,,,,,,,
JM명월,2021-02-04,12.29,,,,,,,
JM명월,2021-02-05,12.29,,,,,,,
JM명월,2021-02-06,12.29,,,,,,,
JM명월,2021-02-07,12.27,,,,,,,
JM명월,2021-02-08,12.25,,,,,,,
JM명월,2021-02-09,12.22,,,,,,,
JM명월,2021-02-10,12.2,,,,,,,
JM명월,2021-02-11,12.18,,,,,,,
JM명월,2021-02-12,12.16,,,,,,,
JM명월,2021-02-13,12.14,,,,,,,
JM명월,2021-02-14,12.13,,,,,,,
JM명월,2021-02-15,12.12,,,,,,,
JM명월,2021-02-16,12.1,,,,,,,
JM명월,2021-02-17,12.07,,,,,,,
JM명월,2021-02-18,12.04,,,,,,,
JM명월,2021-02-19,12.03,,,,,,,
JM명월,2021-02-20,12.01,,,,,,,
JM명월,2021-02-21,11.99,,,,,,,
JM명월,2021-02-22,11.97,,,,,,,
JM명월,2021-02-23,11.94,,,,,,,
JM명월,2021-02-24,11.91,,,,,,,
JM명월,2021-02-25,11.89,,,,,,,
JM명월,2021-02-26,11.87,,,,,,,
JM명월,2021-02-27,11.85,,,,,,,
JM명월,2021-02-28,11.83,,,,,,,
JM명월,2021-03-01,11.82,,,,,,,
JM명월,2021-03-02,11.79,,,,,,,
JM명월,2021-03-03,11.77,,,,,,,
JM명월,2021-03-04,11.77,,,,,,,
JM명월,2021-03-05,11.77,,,,,,,
JM명월,2021-03-06,11.77,,,,,,,
JM명월,2021-03-07,11.76,,,,,,,
JM명월,2021-03-08,11.76,,,,,,,
JM명월,2021-03-09,11.75,,,,,,,
JM명월,2021-03-10,11.72,,,,,,,
JM명월,2021-03-11,11.72,,,,,,,
JM명월,2021-03-12,11.71,,,,,,,
JM명월,2021-03-13,11.71,,,,,,,
JM명월,2021-03-14,11.7,,,,,,,
JM명월,2021-03-15,11.7,,,,,,,
JM명월,2021-03-16,11.69,,,,,,,
JM명월,2021-03-17,11.69,,,,,,,
JM명월,2021-03-18,11.68,,,,,,,
JM명월,2021-03-19,11.67,,,,,,,
JM명월,2021-03-20,11.67,,,,,,,
JM명월,2021-03-21,11.66,,,,,,,
JM명월,2021-03-22,11.64,,,,,,,
JM명월,2021-03-23,11.62,,,,,,,
JM명월,2021-03-24,11.6,,,,,,,
JM명월,2021-03-25,11.59,,,,,,,
JM명월,2021-03-26,11.56,,,,,,,
JM명월,2021-03-27,11.56,,,,,,,
JM명월,2021-03-28,11.57,,,,,,,
JM명월,2021-03-29,11.59,,,,,,,
JM명월,2021-03-30,11.6,,,,,,,
JM명월,2021-03-31,11.6,,,,,,,
JM명월,2021-04-01,11.6,,,,,,,
JM명월,2021-04-02,11.6,,,,,,,
JM명월,2021-04-03,11.61,,,,,,,
JM명월,2021-04-04,11.6,,,,,,,
JM명월,2021-04-05,11.59,,,,,,,
JM명월,2021-04-06,11.58,,,,,,,
JM명월,2021-04-07,11.57,,,,,,,
JM명월,2021-04-08,11.55,,,,,,,
JM명월,2021-04-09,11.53,,,,,,,
JM명월,2021-04-10,11.51,,,,,,,
JM명월,2021-04-11,11.5,,,,,,,
JM명월,2021-04-12,11.49,,,,,,,
JM명월,2021-04-13,11.49,,,,,,,
JM명월,2021-04-14,11.5,,,,,,,
JM명월,2021-04-15,11.51,,,,,,,
JM명월,2021-04-16,11.55,,,,,,,
JM명월,2021-04-17,11.58,,,,,,,
JM명월,2021-04-18,11.57,,,,,,,
JM명월,2021-04-19,11.57,,,,,,,
JM명월,2021-04-20,11.56,,,,,,,
JM명월,2021-04-21,11.55,,,,,,,
JM명월,2021-04-22,11.55,,,,,,,
JM명월,2021-04-23,11.54,,,,,,,
JM명월,2021-04-24,11.53,,,,,,,
JM명월,2021-04-25,11.52,,,,,,,
JM명월,2021-04-26,11.5,,,,,,,
JM명월,2021-04-27,11.48,,,,,,,
JM명월,2021-04-28,11.47,,,,,,,
JM명월,2021-04-29,11.47,,,,,,,
JM명월,2021-04-30,11.48,,,,,,,
JM명월,2021-05-01,11.48,,,,,,,
JM명월,2021-05-02,11.46,,,,,,,
JM명월,2021-05-03,11.44,,,,,,,
JM명월,2021-05-04,11.44,,,,,,,
JM명월,2021-05-05,11.45,,,,,,,
JM명월,2021-05-06,11.5,,,,,,,
JM명월,2021-05-07,11.53,,,,,,,
JM명월,2021-05-08,11.56,,,,,,,
JM명월,2021-05-09,11.59,,,,,,,
JM명월,2021-05-10,11.61,,,,,,,
JM명월,2021-05-11,11.62,,,,,,,
JM명월,2021-05-12,11.63,,,,,,,
JM명월,2021-05-13,11.63,,,,,,,
JM명월,2021-05-14,11.64,,,,,,,
JM명월,2021-05-15,11.63,,,,,,,
JM명월,2021-05-16,11.64,,,,,,,
JM명월,2021-05-17,11.64,,,,,,,
JM명월,2021-05-18,11.64,,,,,,,
JM명월,2021-05-19,11.65,,,,,,,
JM명월,2021-05-20,11.66,,,,,,,
JM명월,2021-05-21,11.67,,,,,,,
JM명월,2021-05-22,11.67,,,,,,,
JM명월,2021-05-23,11.68,,,,,,,
JM명월,2021-05-24,11.67,,,,,,,
JM명월,2021-05-25,11.67,,,,,,,
JM명월,2021-05-26,11.67,,,,,,,
JM명월,2021-05-27,11.68,,,,,,,
JM명월,2021-05-28,11.68,,,,,,,
JM명월,2021-05-29,11.68,,,,,,,
JM명월,2021-05-30,11.67,,,,,,,
JM명월,2021-05-31,11.66,,,,,,,
JM명월,2021-06-01,11.64,,,,,,,
JM명월,2021-06-02,11.63,,,,,,,
JM명월,2021-06-03,11.63,,,,,,,
JM명월,2021-06-04,11.62,,,,,,,
JM명월,2021-06-05,11.61,,,,,,,
JM명월,2021-06-06,11.59,,,,,,,
JM명월,2021-06-07,11.56,,,,,,,
JM명월,2021-06-08,11.54,,,,,,,
JM명월,2021-06-09,11.52,,,,,,,
JM명월,2021-06-10,11.5,,,,,,,
JM명월,2021-06-11,11.51,,,,,,,
JM명월,2021-06-12,11.65,,,,,,,
JM명월,2021-06-13,11.79,,,,,,,
JM명월,2021-06-14,11.9,,,,,,,
JM명월,2021-06-15,12.0,,,,,,,
JM명월,2021-06-16,12.08,,,,,,,
JM명월,2021-06-17,12.14,,,,,,,
JM명월,2021-06-18,12.19,,,,,,,
JM명월,2021-06-19,12.23,,,,,,,
JM명월,2021-06-20,12.27,,,,,,,
JM명월,2021-06-21,12.29,,,,,,,
JM명월,2021-06-22,12.3,,,,,,,
JM명월,2021-06-23,12.3,,,,,,,
JM명월,2021-06-24,12.3,,,,,,,
JM명월,2021-06-25,12.29,,,,,,,
JM명월,2021-06-26,12.29,,,,,,,
JM명월,2021-06-27,12.29,,,,,,,
JM명월,2021-06-28,12.29,,,,,,,
JM명월,2021-06-29,12.3,,,,,,,
JM명월,2021-06-30,12.3,,,,,,,
JM명월,2021-07-01,12.29,,,,,,,
JM명월,2021-07-02,12.27,,,,,,,
JM명월,2021-07-03,12.27,,,,,,,
JM명월,2021-07-04,12.25,,,,,,,
JM명월,2021-07-05,12.25,,,,,,,
JM명월,2021-07-06,12.26,,,,,,,
JM명월,2021-07-07,12.27,,,,,,,
JM명월,2021-07-08,12.31,,,,,,,
JM명월,2021-07-09,12.35,,,,,,,
JM명월,2021-07-10,12.39,,,,,,,
JM명월,2021-07-11,12.41,,,,,,,
JM명월,2021-07-12,12.43,,,,,,,
JM명월,2021-07-13,12.45,,,,,,,
JM명월,2021-07-14,12.46,,,,,,,
JM명월,2021-07-15,12.45,,,,,,,
JM명월,2021-07-16,12.45,,,,,,,
JM명월,2021-07-17,12.43,,,,,,,
JM명월,2021-07-18,12.44,,,,,,,
JM명월,2021-07-19,12.44,,,,,,,
JM명월,2021-07-20,12.43,,,,,,,
JM명월,2021-07-21,12.41,,,,,,,
JM명월,2021-07-22,12.41,,,,,,,
JM명월,2021-07-23,12.4,,,,,,,
JM명월,2021-07-24,12.39,,,,,,,
JM명월,2021-07-25,12.39,,,,,,,
JM명월,2021-07-26,12.37,,,,,,,
JM명월,2021-07-27,12.37,,,,,,,
JM명월,2021-07-28,12.37,,,,,,,
JM명월,2021-07-29,12.35,,,,,,,
JM명월,2021-07-30,12.34,,,,,,,
JM명월,2021-07-31,12.33,,,,,,,
JM명월,2021-08-01,12.31,,,,,,,
JM명월,2021-08-02,12.29,,,,,,,
JM명월,2021-08-03,12.27,,,,,,,
JM명월,2021-08-04,12.23,,,,,,,
JM명월,2021-08-05,12.2,,,,,,,
JM명월,2021-08-06,12.19,,,,,,,
JM명월,2021-08-07,12.16,,,,,,,
JM명월,2021-08-08,12.14,,,,,,,
JM명월,2021-08-09,12.11,,,,,,,
JM명월,2021-08-10,12.08,,,,,,,
JM명월,2021-08-11,12.05,,,,,,,
JM명월,2021-08-12,12.02,,,,,,,
JM명월,2021-08-13,12.0,,,,,,,
JM명월,2021-08-14,12.01,,,,,,,
JM명월,2021-08-15,12.03,,,,,,,
JM명월,2021-08-16,12.04,,,,,,,
JM명월,2021-08-17,12.05,,,,,,,
JM명월,2021-08-18,12.07,,,,,,,
JM명월,2021-08-19,12.07,,,,,,,
JM명월,2021-08-20,12.06,,,,,,,
JM명월,2021-08-21,12.06,,,,,,,
JM명월,2021-08-22,12.06,,,,,,,
JM명월,2021-08-23,12.07,,,,,,,
JM명월,2021-08-24,12.1,,,,,,,
JM명월,2021-08-25,12.11,,,,,,,
JM명월,2021-08-26,12.11,,,,,,,
JM명월,2021-08-27,12.1,,,,,,,
JM명월,2021-08-28,12.09,,,,,,,
JM명월,2021-08-29,12.08,,,,,,,
JM명월,2021-08-30,12.07,,,,,,,
JM명월,2021-08-31,12.05,,,,,,,
JM명월,2021-09-01,12.04,,,,,,,
JM명월,2021-09-02,12.03,,,,,,,
JM명월,2021-09-03,12.07,,,,,,,
JM명월,2021-09-04,12.15,,,,,,,
JM명월,2021-09-05,12.22,,,,,,,
JM명월,2021-09-06,12.26,,,,,,,
JM명월,2021-09-07,12.31,,,,,,,
JM명월,2021-09-08,12.33,,,,,,,
JM명월,2021-09-09,12.35,,,,,,,
JM명월,2021-09-10,12.36,,,,,,,
JM명월,2021-09-11,12.37,,,,,,,
JM명월,2021-09-12,12.37,,,,,,,
JM명월,2021-09-13,12.37,,,,,,,
JM명월,2021-09-14,12.39,,,,,,,
JM명월,2021-09-15,12.47,,,,,,,
JM명월,2021-09-16,12.58,,,,,,,
JM명월,2021-09-17,12.72,,,,,,,
JM명월,2021-09-18,12.89,,,,,,,
JM명월,2021-09-19,13.04,,,,,,,
JM명월,2021-09-20,13.16,,,,,,,
JM명월,2021-09-21,13.24,,,,,,,
JM명월,2021-09-22,13.31,,,,,,,
JM명월,2021-09-23,13.34,,,,,,,
JM명월,2021-09-24,13.36,,,,,,,
JM명월,2021-09-25,13.37,,,,,,,
JM명월,2021-09-26,13.39,,,,,,,
JM명월,2021-09-27,13.4,,,,,,,
JM명월,2021-09-28,13.42,,,,,,,
JM명월,2021-09-29,13.43,,,,,,,
JM명월,2021-09-30,13.45,,,,,,,
JM명월,2021-10-01,13.45,,,,,,,
JM명월,2021-10-02,13.44,,,,,,,
JM명월,2021-10-03,13.42,,,,,,,
JM명월,2021-10-04,13.39,,,,,,,
JM명월,2021-10-05,13.36,,,,,,,
JM명월,2021-10-06,13.34,,,,,,,
JM명월,2021-10-07,13.32,,,,,,,
JM명월,2021-10-08,13.29,,,,,,,
JM명월,2021-10-09,13.26,,,,,,,
JM명월,2021-10-10,13.23,,,,,,,
JM명월,2021-10-11,13.2,,,,,,,
JM명월,2021-10-12,13.17,,,,,,,
JM명월,2021-10-13,13.14,,,,,,,
JM명월,2021-10-14,13.1,,,,,,,
JM명월,2021-10-15,13.07,,,,,,,
JM명월,2021-10-16,13.04,,,,,,,
JM명월,2021-10-17,13.0,,,,,,,
JM명월,2021-10-18,12.97,,,,,,,
JM명월,2021-10-19,12.94,,,,,,,
JM명월,2021-10-20,12.91,,,,,,,
JM명월,2021-10-21,12.87,,,,,,,
JM명월,2021-10-22,12.84,,,,,,,
JM명월,2021-10-23,12.79,,,,,,,
JM명월,2021-10-24,12.75,,,,,,,
JM명월,2021-10-25,12.73,,,,,,,
JM명월,2021-10-26,12.69,,,,,,,
JM명월,2021-10-27,12.66,,,,,,,
JM명월,2021-10-28,12.62,,,,,,,
JM명월,2021-10-29,12.59,,,,,,,
JM명월,2021-10-30,12.55,,,,,,,
JM명월,2021-10-31,12.51,,,,,,,
JM명월,2021-11-01,12.48,,,,,,,
JM명월,2021-11-02,12.44,,,,,,,
JM명월,2021-11-03,12.41,,,,,,,
JM명월,2021-11-04,12.38,,,,,,,
JM명월,2021-11-05,12.34,,,,,,,
JM명월,2021-11-06,12.32,,,,,,,
JM명월,2021-11-07,12.29,,,,,,,
JM명월,2021-11-08,12.27,,,,,,,
JM명월,2021-11-09,12.26,,,,,,,
JM명월,2021-11-10,12.25,,,,,,,
JM명월,2021-11-11,12.23,,,,,,,
JM명월,2021-11-12,12.21,,,,,,,
JM명월,2021-11-13,12.18,,,,,,,
JM명월,2021-11-14,12.17,,,,,,,
JM명월,2021-11-15,12.13,,,,,,,
JM명월,2021-11-16,12.09,,,,,,,
JM명월,2021-11-17,12.06,,,,,,,
JM명월,2021-11-18,12.03,,,,,,,
JM명월,2021-11-19,12.01,,,,,,,
JM명월,2021-11-20,11.98,,,,,,,
JM명월,2021-11-21,11.96,,,,,,,
JM명월,2021-11-22,11.93,,,,,,,
JM명월,2021-11-23,11.9,,,,,,,
JM명월,2021-11-24,11.87,,,,,,,
JM명월,2021-11-25,11.84,,,,,,,
JM명월,2021-11-26,11.81,,,,,,,
JM명월,2021-11-27,11.77,,,,,,,
JM명월,2021-11-28,11.74,,,,,,,
JM명월,2021-11-29,11.71,,,,,,,
JM명월,2021-11-30,11.7,,,,,,,
JM명월,2021-12-01,11.67,,,,,,,
JM명월,2021-12-02,11.65,,,,,,,
JM명월,2021-12-03,11.62,,,,,,,
JM명월,2021-12-04,11.59,,,,,,,
JM명월,2021-12-05,11.56,,,,,,,
JM명월,2021-12-06,11.54,,,,,,,
JM명월,2021-12-07,11.51,,,,,,,
JM명월,2021-12-08,11.47,,,,,,,
JM명월,2021-12-09,11.45,,,,,,,
JM명월,2021-12-10,11.42,,,,,,,
JM명월,2021-12-11,11.39,,,,,,,
JM명월,2021-12-12,11.36,,,,,,,
JM명월,2021-12-13,11.34,,,,,,,
JM명월,2021-12-14,11.31,,,,,,,
JM명월,2021-12-15,11.29,,,,,,,
JM명월,2021-12-16,11.27,,,,,,,
JM명월,2021-12-17,11.25,,,,,,,
JM명월,2021-12-18,11.22,,,,,,,
JM명월,2021-12-19,11.2,,,,,,,
JM명월,2021-12-20,11.18,,,,,,,
JM명월,2021-12-21,11.17,,,,,,,
JM명월,2021-12-22,11.15,,,,,,,
JM명월,2021-12-23,11.13,,,,,,,
JM명월,2021-12-24,11.11,,,,,,,
JM명월,2021-12-25,11.08,,,,,,,
JM명월,2021-12-26,11.05,,,,,,,
JM명월,2021-12-27,11.02,,,,,,,
JM명월,2021-12-28,10.99,,,,,,,
JM명월,2021-12-29,10.98,,,,,,,
JM명월,2021-12-30,10.95,,,,,,,
JM명월,2021-12-31,10.92,,,,,,,
JM명월,2022-01-01,10.9,,,,,,,
JM명월,2022-01-02,10.88,,,,,,,
JM명월,2022-01-03,10.86,,,,,,,
JM명월,2022-01-04,10.83,,,,,,,
JM명월,2022-01-05,10.82,,,,,,,
JM명월,2022-01-06,10.79,,,,,,,
JM명월,2022-01-07,10.77,,,,,,,
JM명월,2022-01-08,10.76,,,,,,,
JM명월,2022-01-09,10.73,,,,,,,
JM명월,2022-01-10,10.71,,,,,,,
JM명월,2022-01-11,10.7,,,,,,,
JM명월,2022-01-12,10.68,,,,,,,
JM명월,2022-01-13,10.66,,,,,,,
JM명월,2022-01-14,10.63,,,,,,,
JM명월,2022-01-15,10.62,,,,,,,
JM명월,2022-01-16,10.59,,,,,,,
JM명월,2022-01-17,10.57,,,,,,,
JM명월,2022-01-18,10.55,,,,,,,
JM명월,2022-01-19,10.53,,,,,,,
JM명월,2022-01-20,10.5,,,,,,,
JM명월,2022-01-21,10.49,,,,,,,
JM명월,2022-01-22,10.47,,,,,,,
JM명월,2022-01-23,10.46,,,,,,,
JM명월,2022-01-24,10.44,,,,,,,
JM명월,2022-01-25,10.43,,,,,,,
JM명월,2022-01-26,10.41,,,,,,,
JM명월,2022-01-27,10.39,,,,,,,
JM명월,2022-01-28,10.37,,,,,,,
JM명월,2022-01-29,10.35,,,,,,,
JM명월,2022-01-30,10.33,,,,,,,
JM명월,2022-01-31,10.31,,,,,,,
JM명월,2022-02-01,10.28,,,,,,,
JM명월,2022-02-02,10.26,,,,,,,
JM명월,2022-02-03,10.24,,,,,,,
JM명월,2022-02-04,10.22,,,,,,,
JM명월,2022-02-05,10.2,,,,,,,
JM명월,2022-02-06,10.17,,,,,,,
JM명월,2022-02-07,10.15,,,,,,,
JM명월,2022-02-08,10.12,,,,,,,
JM명월,2022-02-09,10.11,,,,,,,
JM명월,2022-02-10,10.09,,,,,,,
JM명월,2022-02-11,10.07,,,,,,,
JM명월,2022-02-12,10.05,,,,,,,
JM명월,2022-02-13,10.04,,,,,,,
JM명월,2022-02-14,10.02,,,,,,,
JM명월,2022-02-15,10.0,,,,,,,
JM명월,2022-02-16,9.98,,,,,,,
JM명월,2022-02-17,9.96,,,,,,,
JM명월,2022-02-18,9.94,,,,,,,
JM명월,2022-02-19,9.93,,,,,,,
JM명월,2022-02-20,9.9,,,,,,,
JM명월,2022-02-21,9.88,,,,,,,
JM명월,2022-02-22,9.86,,,,,,,
JM명월,2022-02-23,9.84,,,,,,,
JM명월,2022-02-24,9.82,,,,,,,
JM명월,2022-02-25,9.8,,,,,,,
JM명월,2022-02-26,9.78,,,,,,,
JM명월,2022-02-27,9.75,,,,,,,
JM명월,2022-02-28,9.74,,,,,,,
JM명월,2022-03-01,9.73,,,,,,,
JM명월,2022-03-02,9.72,,,,,,,
JM명월,2022-03-03,9.7,,,,,,,
JM명월,2022-03-04,9.7,,,,,,,
JM명월,2022-03-05,9.67,,,,,,,
JM명월,2022-03-06,9.65,,,,,,,
JM명월,2022-03-07,9.65,,,,,,,
JM명월,2022-03-08,9.67,,,,,,,
JM명월,2022-03-09,9.64,,,,,,,
JM명월,2022-03-10,9.63,,,,,,,
JM명월,2022-03-11,9.6,,,,,,,
JM명월,2022-03-12,9.58,,,,,,,
JM명월,2022-03-13,9.59,,,,,,,
JM명월,2022-03-14,9.57,,,,,,,
JM명월,2022-03-15,9.56,,,,,,,
JM명월,2022-03-16,9.54,,,,,,,
JM명월,2022-03-17,9.53,,,,,,,
JM명월,2022-03-18,9.53,,,,,,,
JM명월,2022-03-19,9.55,,,,,,,
JM명월,2022-03-20,9.55,,,,,,,
JM명월,2022-03-21,9.55,,,,,,,
JM명월,2022-03-22,9.55,,,,,,,
JM명월,2022-03-23,9.54,,,,,,,
JM명월,2022-03-24,9.53,,,,,,,
JM명월,2022-03-25,9.54,,,,,,,
JM명월,2022-03-26,9.55,,,,,,,
JM명월,2022-03-27,9.59,,,,,,,
JM명월,2022-03-28,9.62,,,,,,,
JM명월,2022-03-29,9.65,,,,,,,
JM명월,2022-03-30,9.67,,,,,,,
JM명월,2022-03-31,9.67,,,,,,,
JM명월,2022-04-01,9.67,,,,,,,
JM명월,2022-04-02,9.67,,,,,,,
JM명월,2022-04-03,9.66,,,,,,,
JM명월,2022-04-04,9.65,,,,,,,
JM명월,2022-04-05,9.64,,,,,,,
JM명월,2022-04-06,9.62,,,,,,,
JM명월,2022-04-07,9.61,,,,,,,
JM명월,2022-04-08,9.59,,,,,,,
JM명월,2022-04-09,9.59,,,,,,,
JM명월,2022-04-10,9.58,,,,,,,
JM명월,2022-04-11,9.57,,,,,,,
JM명월,2022-04-12,9.56,,,,,,,
JM명월,2022-04-13,9.56,,,,,,,
JM명월,2022-04-14,9.55,,,,,,,
JM명월,2022-04-15,9.55,,,,,,,
JM명월,2022-04-16,9.54,,,,,,,
JM명월,2022-04-17,9.52,,,,,,,
JM명월,2022-04-18,9.51,,,,,,,
JM명월,2022-04-19,9.49,,,,,,,
JM명월,2022-04-20,9.48,,,,,,,
JM명월,2022-04-21,9.47,,,,,,,
JM명월,2022-04-22,9.44,,,,,,,
JM명월,2022-04-23,9.44,,,,,,,
JM명월,2022-04-24,9.43,,,,,,,
JM명월,2022-04-25,9.43,,,,,,,
JM명월,2022-04-26,9.42,,,,,,,
JM명월,2022-04-27,9.43,,,,,,,
JM명월,2022-04-28,9.45,,,,,,,
JM명월,2022-04-29,9.46,,,,,,,
JM명월,2022-04-30,9.47,,,,,,,
JM명월,2022-05-01,9.48,,,,,,,
JM명월,2022-05-02,9.48,,,,,,,
JM명월,2022-05-03,9.47,,,,,,,
JM명월,2022-05-04,9.48,,,,,,,
JM명월,2022-05-05,9.46,,,,,,,
JM명월,2022-05-06,9.45,,,,,,,
JM명월,2022-05-07,9.45,,,,,,,
JM명월,2022-05-08,9.44,,,,,,,
JM명월,2022-05-09,9.42,,,,,,,
JM명월,2022-05-10,9.41,,,,,,,
JM명월,2022-05-11,9.4,,,,,,,
JM명월,2022-05-12,9.39,,,,,,,
JM명월,2022-05-13,9.38,,,,,,,
JM명월,2022-05-14,9.37,,,,,,,
JM명월,2022-05-15,9.36,,,,,,,
JM명월,2022-05-16,9.35,,,,,,,
JM명월,2022-05-17,9.33,,,,,,,
JM명월,2022-05-18,9.31,,,,,,,
JM명월,2022-05-19,9.29,,,,,,,
JM명월,2022-05-20,9.28,,,,,,,
JM명월,2022-05-21,9.27,,,,,,,
JM명월,2022-05-22,9.24,,,,,,,
JM명월,2022-05-23,9.23,,,,,,,
JM명월,2022-05-24,9.21,,,,,,,
JM명월,2022-05-25,9.2,,,,,,,
JM명월,2022-05-26,9.2,,,,,,,
JM명월,2022-05-27,9.19,,,,,,,
JM명월,2022-05-28,9.18,,,,,,,
JM명월,2022-05-29,9.17,,,,,,,
JM명월,2022-05-30,9.16,,,,,,,
JM명월,2022-05-31,9.14,,,,,,,
JM명월,2022-06-01,9.13,,,,,,,
JM명월,2022-06-02,9.12,,,,,,,
JM명월,2022-06-03,9.1,,,,,,,
JM명월,2022-06-04,9.08,,,,,,,
JM명월,2022-06-05,9.08,,,,,,,
JM명월,2022-06-06,9.1,,,,,,,
JM명월,2022-06-07,9.11,,,,,,,
JM명월,2022-06-08,9.1,,,,,,,
JM명월,2022-06-09,9.09,,,,,,,
JM명월,2022-06-10,9.07,,,,,,,
JM명월,2022-06-11,9.06,,,,,,,
JM명월,2022-06-12,9.06,,,,,,,
JM명월,2022-06-13,9.05,,,,,,,
JM명월,2022-06-14,9.04,,,,,,,
JM명월,2022-06-15,9.03,,,,,,,
JM명월,2022-06-16,9.02,,,,,,,
JM명월,2022-06-17,9.01,,,,,,,
JM명월,2022-06-18,8.99,,,,,,,
JM명월,2022-06-19,8.97,,,,,,,
JM명월,2022-06-20,8.97,,,,,,,
JM명월,2022-06-21,8.96,,,,,,,
JM명월,2022-06-22,8.95,,,,,,,
JM명월,2022-06-23,8.94,,,,,,,
JM명월,2022-06-24,8.95,,,,,,,
JM명월,2022-06-25,9.0,,,,,,,
JM명월,2022-06-26,9.05,,,,,,,
JM명월,2022-06-27,9.08,,,,,,,
JM명월,2022-06-28,9.19,,,,,,,
JM명월,2022-06-29,9.25,,,,,,,
JM명월,2022-06-30,9.3,,,,,,,
JM명월,2022-07-01,9.35,,,,,,,
JM명월,2022-07-02,9.33,,,,,,,
JM명월,2022-07-03,9.3,,,,,,,
JM명월,2022-07-04,9.27,,,,,,,
JM명월,2022-07-05,9.28,,,,,,,
JM명월,2022-07-06,9.3,,,,,,,
JM명월,2022-07-07,9.3,,,,,,,
JM명월,2022-07-08,9.27,,,,,,,
JM명월,2022-07-09,9.25,,,,,,,
JM명월,2022-07-10,9.26,,,,,,,
JM명월,2022-07-11,9.26,,,,,,,
JM명월,2022-07-12,9.27,,,,,,,
JM명월,2022-07-13,9.25,,,,,,,
JM명월,2022-07-14,9.21,,,,,,,
JM명월,2022-07-15,9.2,,,,,,,
JM명월,2022-07-16,9.22,,,,,,,
JM명월,2022-07-17,9.25,,,,,,,
JM명월,2022-07-18,9.24,,,,,,,
JM명월,2022-07-19,9.28,,,,,,,
JM명월,2022-07-20,9.29,,,,,,,
JM명월,2022-07-21,9.29,,,,,,,
JM명월,2022-07-22,9.32,,,,,,,
JM명월,2022-07-23,9.31,,,,,,,
JM명월,2022-07-24,9.3,,,,,,,
JM명월,2022-07-25,9.33,,,,,,,
JM명월,2022-07-26,9.32,,,,,,,
JM명월,2022-07-27,9.3,,,,,,,
JM명월,2022-07-28,9.29,,,,,,,
JM명월,2022-07-29,9.28,,,,,,,
JM명월,2022-07-30,9.23,,,,,,,
JM명월,2022-07-31,9.19,,,,,,,
JM명월,2022-08-01,9.22,,,,,,,
JM명월,2022-08-02,9.32,,,,,,,
JM명월,2022-08-03,9.41,,,,,,,
JM명월,2022-08-04,9.47,,,,,,,
JM명월,2022-08-05,9.49,,,,,,,
JM명월,2022-08-06,9.52,,,,,,,
JM명월,2022-08-07,9.56,,,,,,,
JM명월,2022-08-08,9.59,,,,,,,
JM명월,2022-08-09,9.59,,,,,,,
JM명월,2022-08-10,9.59,,,,,,,
JM명월,2022-08-11,9.58,,,,,,,
JM명월,2022-08-12,9.57,,,,,,,
JM명월,2022-08-13,9.57,,,,,,,
JM명월,2022-08-14,9.56,,,,,,,
JM명월,2022-08-15,9.54,,,,,,,
JM명월,2022-08-16,9.53,,,,,,,
JM명월,2022-08-17,9.55,,,,,,,
JM명월,2022-08-18,9.69,,,,,,,
JM명월,2022-08-19,9.81,,,,,,,
JM명월,2022-08-20,9.91,,,,,,,
JM명월,2022-08-21,10.0,,,,,,,
JM명월,2022-08-22,10.06,,,,,,,
JM명월,2022-08-23,10.11,,,,,,,
JM명월,2022-08-24,10.15,,,,,,,
JM명월,2022-08-25,10.18,,,,,,,
JM명월,2022-08-26,10.18,,,,,,,
JM명월,2022-08-27,10.2,,,,,,,
JM명월,2022-08-28,10.22,,,,,,,
JM명월,2022-08-29,10.22,,,,,,,
JM명월,2022-08-30,10.17,,,,,,,
JM명월,2022-08-31,10.15,,,,,,,
JM명월,2022-09-01,10.16,,,,,,,
JM명월,2022-09-02,10.16,,,,,,,
JM명월,2022-09-03,10.14,,,,,,,
JM명월,2022-09-04,10.12,,,,,,,
JM명월,2022-09-05,10.05,,,,,,,
JM명월,2022-09-06,10.21,,,,,,,
JM명월,2022-09-07,10.28,,,,,,,
JM명월,2022-09-08,10.37,,,,,,,
JM명월,2022-09-09,10.4,,,,,,,
JM명월,2022-09-10,10.46,,,,,,,
JM명월,2022-09-11,10.49,,,,,,,
JM명월,2022-09-14,10.54,,,,,,,
JM명월,2022-09-15,10.51,,,,,,,
JM명월,2022-09-16,10.52,,,,,,,
JM명월,2022-09-17,10.54,,,,,,,
JM명월,2022-09-19,10.76,,,,,,,
JM명월,2022-09-20,10.76,,,,,,,
JM명월,2022-09-21,10.75,,,,,,,
JM명월,2022-09-22,10.74,,,,,,,
JM명월,2022-09-23,10.73,,,,,,,
JM명월,2022-09-24,10.72,,,,,,,
JM명월,2022-09-25,10.7,,,,,,,
JM명월,2022-09-26,10.68,,,,,,,
JM명월,2022-09-27,10.66,,,,,,,
JM명월,2022-09-28,10.63,,,,,,,
JM명월,2022-09-29,10.61,,,,,,,
JM명월,2022-09-30,10.59,,,,,,,
JM명월,2022-10-01,10.56,,,,,,,
JM명월,2022-10-02,10.54,,,,,,,
JM명월,2022-10-03,10.52,,,,,,,
JM명월,2022-10-04,10.5,,,,,,,
JM명월,2022-10-05,10.48,,,,,,,
JM명월,2022-10-06,10.46,,,,,,,
JM명월,2022-10-07,10.43,,,,,,,
JM명월,2022-10-08,10.41,,,,,,,
JM명월,2022-10-09,10.39,,,,,,,
JM명월,2022-10-10,10.36,,,,,,,
JM명월,2022-10-11,10.33,,,,,,,
JM명월,2022-10-12,10.3,,,,,,,
JM명월,2022-10-13,10.27,,,,,,,
JM명월,2022-10-14,10.26,,,,,,,
JM명월,2022-10-15,10.23,,,,,,,
JM명월,2022-10-16,10.21,,,,,,,
JM명월,2022-10-17,10.17,,,,,,,
JM명월,2022-10-18,10.14,,,,,,,
JM명월,2022-10-19,10.11,,,,,,,
JM명월,2022-10-20,10.09,,,,,,,
JM명월,2022-10-21,10.06,,,,,,,
JM명월,2022-10-22,10.03,,,,,,,
JM명월,2022-10-23,10.0,,,,,,,
JM명월,2022-10-24,9.97,,,,,,,
JM명월,2022-10-25,9.94,,,,,,,
JM명월,2022-10-26,9.91,,,,,,,
JM명월,2022-10-27,9.88,,,,,,,
JM명월,2022-10-28,9.85,,,,,,,
JM명월,2022-10-29,9.82,,,,,,,
JM명월,2022-10-30,9.78,,,,,,,
JM명월,2022-10-31,9.76,,,,,,,
JM명월,2022-11-01,9.73,,,,,,,
JM명월,2022-11-02,9.71,,,,,,,
JM명월,2022-11-03,9.68,,,,,,,
JM명월,2022-11-04,9.65,,,,,,,
JM명월,2022-11-05,9.62,,,,,,,
JM명월,2022-11-06,9.59,,,,,,,
JM명월,2022-11-07,9.56,,,,,,,
JM명월,2022-11-08,9.53,,,,,,,
JM명월,2022-11-09,9.51,,,,,,,
JM명월,2022-11-10,9.49,,,,,,,
JM명월,2022-11-11,9.47,,,,,,,
JM명월,2022-11-12,9.45,,,,,,,
JM명월,2022-11-13,9.43,,,,,,,
JM명월,2022-11-14,9.42,,,,,,,
JM명월,2022-11-15,9.4,,,,,,,
JM명월,2022-11-16,9.38,,,,,,,
JM명월,2022-11-17,9.36,,,,,,,
JM명월,2022-11-18,9.33,,,,,,,
JM명월,2022-11-19,9.31,,,,,,,
JM명월,2022-11-20,9.3,,,,,,,
JM명월,2022-11-21,9.29,,,,,,,
JM명월,2022-11-22,9.27,,,,,,,
JM명월,2022-11-23,9.26,,,,,,,
JM명월,2022-11-24,9.25,,,,,,,
JM명월,2022-11-25,9.24,,,,,,,
JM명월,2022-11-26,9.22,,,,,,,
JM명월,2022-11-27,9.2,,,,,,,
JM명월,2022-11-28,9.19,,,,,,,
JM명월,2022-11-29,9.19,,,,,,,
JM명월,2022-11-30,9.2,,,,,,,
JM명월,2022-12-01,9.21,,,,,,,
JM명월,2022-12-02,9.21,,,,,,,
JM명월,2022-12-03,9.21,,,,,,,
JM명월,2022-12-04,9.2,,,,,,,
JM명월,2022-12-05,9.19,,,,,,,
JM명월,2022-12-06,9.19,,,,,,,
JM명월,2022-12-07,9.17,,,,,,,
JM명월,2022-12-08,9.16,,,,,,,
JM명월,2022-12-09,9.15,,,,,,,
JM명월,2022-12-10,9.13,,,,,,,
JM명월,2022-12-11,9.12,,,,,,,
JM명월,2022-12-12,9.11,,,,,,,
JM명월,2022-12-13,9.09,,,,,,,
JM명월,2022-12-14,9.07,,,,,,,
JM명월,2022-12-15,9.05,,,,,,,
JM명월,2022-12-16,9.03,,,,,,,
JM명월,2022-12-17,9.01,,,,,,,
JM명월,2022-12-18,8.99,,,,,,,
JM명월,2022-12-19,8.98,,,,,,,
JM명월,2022-12-20,8.96,,,,,,,
JM명월,2022-12-21,8.95,,,,,,,
JM명월,2022-12-22,8.95,,,,,,,
JM명월,2022-12-23,8.94,,,,,,,
JM명월,2022-12-24,8.93,,,,,,,
JM명월,2022-12-25,8.92,,,,,,,
JM명월,2022-12-26,8.91,,,,,,,
JM명월,2022-12-27,8.9,,,,,,,
JM명월,2022-12-28,8.88,,,,,,,
JM명월,2022-12-29,8.87,,,,,,,
JM명월,2022-12-30,8.85,,,,,,,
JM명월,2022-12-31,8.83,,,,,,,
JM명월,2023-01-01,8.81,,,,,,,
JM명월,2023-01-02,8.79,,,,,,,
JM명월,2023-01-03,8.77,,,,,,,
JM명월,2023-01-04,8.76,,,,,,,
JM명월,2023-01-05,8.74,,,,,,,
JM명월,2023-01-06,8.72,,,,,,,
JM명월,2023-01-07,8.71,,,,,,,
JM명월,2023-01-08,8.7,,,,,,,
JM명월,2023-01-09,8.68,,,,,,,
JM명월,2023-01-10,8.66,,,,,,,
JM명월,2023-01-11,8.64,,,,,,,
JM명월,2023-01-12,8.63,,,,,,,
JM명월,2023-01-13,8.63,,,,,,,
JM명월,2023-01-14,8.66,,,,,,,
JM명월,2023-01-15,8.68,,,,,,,
JM명월,2023-01-16,8.7,,,,,,,
JM명월,2023-01-17,8.72,,,,,,,
JM명월,2023-01-18,8.73,,,,,,,
JM명월,2023-01-19,8.73,,,,,,,
JM명월,2023-01-20,8.72,,,,,,,
JM명월,2023-01-21,8.72,,,,,,,
JM명월,2023-01-22,8.71,,,,,,,
JM명월,2023-01-23,8.7,,,,,,,
JM명월,2023-01-24,8.69,,,,,,,
JM명월,2023-01-25,8.68,,,,,,,
JM명월,2023-01-26,8.67,,,,,,,
JM명월,2023-01-27,8.65,,,,,,,
JM명월,2023-01-28,8.64,,,,,,,
JM명월,2023-01-29,8.63,,,,,,,
JM명월,2023-01-30,8.62,,,,,,,
JM명월,2023-01-31,8.62,,,,,,,
JM명월,2023-02-01,8.61,,,,,,,
JM명월,2023-02-02,8.6,,,,,,,
JM명월,2023-02-03,8.59,,,,,,,
JM명월,2023-02-04,8.57,,,,,,,
JM명월,2023-02-05,8.56,,,,,,,
JM명월,2023-02-06,8.55,,,,,,,
JM명월,2023-02-07,8.53,,,,,,,
JM명월,2023-02-08,8.52,,,,,,,
JM명월,2023-02-09,8.51,,,,,,,
JM명월,2023-02-10,8.5,,,,,,,
JM명월,2023-02-11,8.5,,,,,,,
JM명월,2023-02-12,8.51,,,,,,,
JM명월,2023-02-13,8.51,,,,,,,
JM명월,2023-02-14,8.53,,,,,,,
JM명월,2023-02-15,8.53,,,,,,,
JM명월,2023-02-16,8.53,,,,,,,
JM명월,2023-02-17,8.54,,,,,,,
JM명월,2023-02-18,8.54,,,,,,,
JM명월,2023-02-19,8.54,,,,,,,
JM명월,2023-02-20,8.53,,,,,,,
JM명월,2023-02-21,8.52,,,,,,,
JM명월,2023-02-22,8.51,,,,,,,
JM명월,2023-02-23,8.5,,,,,,,
JM명월,2023-02-24,8.5,,,,,,,
JM명월,2023-02-25,8.48,,,,,,,
JM명월,2023-02-26,8.47,,,,,,,
JM명월,2023-02-27,8.45,,,,,,,
JM명월,2023-02-28,8.44,,,,,,,
JM명월,2023-03-01,8.43,,,,,,,
JM명월,2023-03-02,8.41,,,,,,,
JM명월,2023-03-03,8.41,,,,,,,
JM명월,2023-03-04,8.39,,,,,,,
JM명월,2023-03-05,8.39,,,,,,,
JM명월,2023-03-06,8.37,,,,,,,
JM명월,2023-03-07,8.37,,,,,,,
JM명월,2023-03-08,8.36,,,,,,,
JM명월,2023-03-09,8.35,,,,,,,
JM명월,2023-03-10,8.34,,,,,,,
JM명월,2023-03-11,8.33,,,,,,,
JM명월,2023-03-12,8.32,,,,,,,
JM명월,2023-03-13,8.31,,,,,,,
JM명월,2023-03-14,8.3,,,,,,,
JM명월,2023-03-15,8.29,,,,,,,
JM명월,2023-03-16,8.27,,,,,,,
JM명월,2023-03-17,8.27,,,,,,,
JM명월,2023-03-18,8.25,,,,,,,
JM명월,2023-03-19,8.25,,,,,,,
JM명월,2023-03-20,8.24,,,,,,,
JM명월,2023-03-21,8.25,,,,,,,
JM명월,2023-03-22,8.25,,,,,,,
JM명월,2023-03-23,8.26,,,,,,,
JM명월,2023-03-24,8.26,,,,,,,
JM명월,2023-03-25,8.26,,,,,,,
JM명월,2023-03-26,8.25,,,,,,,
JM명월,2023-03-27,8.23,,,,,,,
JM명월,2023-03-28,8.22,,,,,,,
JM명월,2023-03-29,8.15,,,,,,,
JM명월,2023-03-30,8.11,,,,,,,
JM명월,2023-03-31,8.1,,,,,,,
JM명월,2023-04-01,8.09,,,,,,,
JM명월,2023-04-02,8.08,,,,,,,
JM명월,2023-04-03,8.07,,,,,,,
JM명월,2023-04-04,8.06,,,,,,,
JM명월,2023-04-05,8.07,,,,,,,
JM명월,2023-04-06,8.19,,,,,,,
JM명월,2023-04-07,8.32,,,,,,,
JM명월,2023-04-08,8.41,,,,,,,
JM명월,2023-04-09,8.5,,,,,,,
JM명월,2023-04-10,8.56,,,,,,,
JM명월,2023-04-11,8.62,,,,,,,
JM명월,2023-04-12,8.66,,,,,,,
JM명월,2023-04-13,8.69,,,,,,,
JM명월,2023-04-14,8.73,,,,,,,
JM명월,2023-04-15,8.77,,,,,,,
JM명월,2023-04-16,8.81,,,,,,,
JM명월,2023-04-17,8.84,,,,,,,
JM명월,2023-04-18,8.85,,,,,,,
JM명월,2023-04-19,8.87,,,,,,,
JM명월,2023-04-20,8.88,,,,,,,
JM명월,2023-04-21,8.89,,,,,,,
JM명월,2023-04-22,8.89,,,,,,,
JM명월,2023-04-23,8.88,,,,,,,
JM명월,2023-04-24,8.87,,,,,,,
JM명월,2023-04-25,8.86,,,,,,,
JM명월,2023-04-26,8.86,,,,,,,
JM명월,2023-04-27,8.84,,,,,,,
JM명월,2023-04-28,8.84,,,,,,,
JM명월,2023-04-29,8.83,,,,,,,
JM명월,2023-04-30,8.82,,,,,,,
JM명월,2023-05-01,8.8,,,,,,,
JM명월,2023-05-02,8.78,,,,,,,
JM명월,2023-05-03,8.76,,,,,,,
JM명월,2023-05-04,8.77,,,,,,,
JM명월,2023-05-05,8.98,,,,,,,
JM명월,2023-05-06,9.36,,,,,,,
JM명월,2023-05-07,9.74,,,,,,,
JM명월,2023-05-08,9.97,,,,,,,
JM명월,2023-05-09,10.14,,,,,,,
JM명월,2023-05-10,10.27,,,,,,,
JM명월,2023-05-11,10.37,,,,,,,
JM명월,2023-05-12,10.45,,,,,,,
JM명월,2023-05-13,10.53,,,,,,,
JM명월,2023-05-14,10.61,,,,,,,
JM명월,2023-05-15,10.68,,,,,,,
JM명월,2023-05-16,10.71,,,,,,,
JM명월,2023-05-17,10.74,,,,,,,
JM명월,2023-05-18,10.78,,,,,,,
JM명월,2023-05-19,10.82,,,,,,,
JM명월,2023-05-20,10.85,,,,,,,
JM명월,2023-05-21,10.87,,,,,,,
JM명월,2023-05-22,10.9,,,,,,,
JM명월,2023-05-23,10.91,,,,,,,
JM명월,2023-05-24,10.91,,,,,,,
JM명월,2023-05-25,10.9,,,,,,,
JM명월,2023-05-26,10.9,,,,,,,
JM명월,2023-05-27,10.88,,,,,,,
JM명월,2023-05-28,10.88,,,,,,,
JM명월,2023-05-29,10.87,,,,,,,
JM명월,2023-05-30,10.87,,,,,,,
JM명월,2023-05-31,10.9,,,,,,,
JM명월,2023-06-01,10.95,,,,,,,
JM명월,2023-06-02,11.18,,,,,,,
JM명월,2023-06-03,11.45,,,,,,,
JM명월,2023-06-04,11.64,,,,,,,
JM명월,2023-06-05,11.77,,,,,,,
JM명월,2023-06-06,11.87,,,,,,,
JM명월,2023-06-07,11.98,,,,,,,
JM명월,2023-06-08,12.1,,,,,,,
JM명월,2023-06-09,12.21,,,,,,,
JM명월,2023-06-10,12.29,,,,,,,
JM명월,2023-06-11,12.36,,,,,,,
JM명월,2023-06-12,12.4,,,,,,,
JM명월,2023-06-13,12.43,,,,,,,
JM명월,2023-06-14,12.46,,,,,,,
JM명월,2023-06-15,12.46,,,,,,,
JM명월,2023-06-16,12.44,,,,,,,
JM명월,2023-06-17,12.43,,,,,,,
JM명월,2023-06-18,12.42,,,,,,,
JM명월,2023-06-19,12.4,,,,,,,
JM명월,2023-06-20,12.4,,,,,,,
JM명월,2023-06-21,12.39,,,,,,,
JM명월,2023-06-22,12.36,,,,,,,
JM명월,2023-06-23,12.33,,,,,,,
JM명월,2023-06-24,12.29,,,,,,,
JM명월,2023-06-25,12.26,,,,,,,
JM명월,2023-06-26,12.23,,,,,,,
JM명월,2023-06-27,12.22,,,,,,,
JM명월,2023-06-28,12.21,,,,,,,
JM명월,2023-06-29,12.2,,,,,,,
JM명월,2023-06-30,12.21,,,,,,,
JM명월,2023-07-01,12.33,,,,,,,
JM명월,2023-07-02,12.44,,,,,,,
JM명월,2023-07-03,12.54,,,,,,,
JM명월,2023-07-04,12.63,,,,,,,
JM명월,2023-07-05,12.72,,,,,,,
JM명월,2023-07-06,12.82,,,,,,,
JM명월,2023-07-07,12.93,,,,,,,
JM명월,2023-07-08,13.02,,,,,,,
JM명월,2023-07-09,13.14,,,,,,,
JM명월,2023-07-10,13.29,,,,,,,
JM명월,2023-07-11,13.41,,,,,,,
JM명월,2023-07-12,13.52,,,,,,,
JM명월,2023-07-13,13.6,,,,,,,
JM명월,2023-07-14,13.67,,,,,,,
JM명월,2023-07-15,13.72,,,,,,,
JM명월,2023-07-16,13.75,,,,,,,
JM명월,2023-07-17,13.75,,,,,,,
JM명월,2023-07-18,13.77,,,,,,,
JM명월,2023-07-19,13.79,,,,,,,
JM명월,2023-07-20,13.82,,,,,,,
JM명월,2023-07-21,13.84,,,,,,,
JM명월,2023-07-22,13.86,,,,,,,
JM명월,2023-07-23,13.89,,,,,,,
JM명월,2023-07-24,13.92,,,,,,,
JM명월,2023-07-25,13.94,,,,,,,
JM명월,2023-07-26,13.96,,,,,,,
JM명월,2023-07-27,13.99,,,,,,,
JM명월,2023-07-28,14.01,,,,,,,
JM명월,2023-07-29,14.03,,,,,,,
JM명월,2023-07-30,14.05,,,,,,,
JM명월,2023-07-31,14.07,,,,,,,
JM명월,2023-08-01,14.09,,,,,,,
JM명월,2023-08-02,14.09,,,,,,,
JM명월,2023-08-03,14.1,,,,,,,
JM명월,2023-08-04,14.11,,,,,,,
JM명월,2023-08-05,14.14,,,,,,,
JM명월,2023-08-06,14.15,,,,,,,
JM명월,2023-08-07,14.14,,,,,,,
JM명월,2023-08-08,14.14,,,,,,,
JM명월,2023-08-09,14.13,,,,,,,
JM명월,2023-08-10,14.11,,,,,,,
JM명월,2023-08-11,14.1,,,,,,,
JM명월,2023-08-12,14.13,,,,,,,
JM명월,2023-08-13,14.09,,,,,,,
JM명월,2023-08-14,14.06,,,,,,,
JM명월,2023-08-15,14.02,,,,,,,
JM명월,2023-08-16,13.98,,,,,,,
JM명월,2023-08-17,13.94,,,,,,,
JM명월,2023-08-18,13.89,,,,,,,
JM명월,2023-08-19,13.84,,,,,,,
JM명월,2023-08-20,13.79,,,,,,,
JM명월,2023-08-21,13.74,,,,,,,
JM명월,2023-08-22,13.71,,,,,,,
JM명월,2023-08-23,13.68,,,,,,,
JM명월,2023-08-24,13.67,,,,,,,
JM명월,2023-08-25,13.67,,,,,,,
JM명월,2023-08-26,13.67,,,,,,,
JM명월,2023-08-27,13.67,,,,,,,
JM명월,2023-08-28,13.67,,,,,,,
JM명월,2023-08-29,13.66,,,,,,,
JM명월,2023-08-30,13.68,,,,,,,
JM명월,2023-08-31,13.81,,,,,,,
JM명월,2023-09-01,13.95,,,,,,,
JM명월,2023-09-02,14.07,,,,,,,
JM명월,2023-09-03,14.22,,,,,,,
JM명월,2023-09-04,14.34,,,,,,,
JM명월,2023-09-05,14.44,,,,,,,
JM명월,2023-09-06,14.52,,,,,,,
JM명월,2023-09-07,14.58,,,,,,,
JM명월,2023-09-08,14.63,,,,,,,
JM명월,2023-09-09,14.66,,,,,,,
JM명월,2023-09-10,14.69,,,,,,,
JM명월,2023-09-11,14.71,,,,,,,
JM명월,2023-09-12,14.72,,,,,,,
JM명월,2023-09-13,14.73,,,,,,,
JM명월,2023-09-14,14.73,,,,,,,
JM명월,2023-09-15,14.72,,,,,,,
JM명월,2023-09-16,14.7,,,,,,,
JM명월,2023-09-17,14.69,,,,,,,
JM명월,2023-09-18,14.67,,,,,,,
JM명월,2023-09-19,14.65,,,,,,,
JM명월,2023-09-20,14.64,,,,,,,
JM명월,2023-09-21,14.63,,,,,,,
JM명월,2023-09-22,14.6,,,,,,,
JM명월,2023-09-23,14.57,,,,,,,
JM명월,2023-09-24,14.53,,,,,,,
JM명월,2023-09-25,14.5,,,,,,,
JM명월,2023-09-26,14.47,,,,,,,
JM명월,2023-09-27,14.44,,,,,,,
JM명월,2023-09-28,14.4,,,,,,,
JM명월,2023-09-29,14.38,,,,,,,
JM명월,2023-09-30,14.35,,,,,,,
JM명월,2023-10-01,14.32,,,,,,,
JM명월,2023-10-02,14.28,,,,,,,
JM명월,2023-10-03,14.25,,,,,,,
JM명월,2023-10-04,14.23,,,,,,,
JM명월,2023-10-05,14.19,,,,,,,
JM명월,2023-10-06,14.15,,,,,,,
JM명월,2023-10-07,14.11,,,,,,,
JM명월,2023-10-08,14.09,,,,,,,
JM명월,2023-10-09,14.05,,,,,,,
JM명월,2023-10-10,14.01,,,,,,,
JM명월,2023-10-11,13.96,,,,,,,
JM명월,2023-10-12,13.92,,,,,,,
JM명월,2023-10-13,13.89,,,,,,,
JM명월,2023-10-14,13.87,,,,,,,
JM명월,2023-10-15,13.83,,,,,,,
JM명월,2023-10-16,13.8,,,,,,,
JM명월,2023-10-17,13.75,,,,,,,
JM명월,2023-10-18,13.71,,,,,,,
JM명월,2023-10-19,13.68,,,,,,,
JM명월,2023-10-20,13.64,,,,,,,
JM명월,2023-10-21,13.59,,,,,,,
JM명월,2023-10-22,13.54,,,,,,,
JM명월,2023-10-23,13.5,,,,,,,
JM명월,2023-10-24,13.46,,,,,,,
JM명월,2023-10-25,13.43,,,,,,,
JM명월,2023-10-26,13.39,,,,,,,
JM명월,2023-10-27,13.36,,,,,,,
JM명월,2023-10-28,13.32,,,,,,,
JM명월,2023-10-29,13.27,,,,,,,
JM명월,2023-10-30,13.23,,,,,,,
JM명월,2023-10-31,13.19,,,,,,,
JM명월,2023-11-01,13.15,,,,,,,
JM명월,2023-11-02,13.11,,,,,,,
JM명월,2023-11-03,13.09,,,,,,,
JM명월,2023-11-04,13.05,,,,,,,
JM명월,2023-11-05,13.03,,,,,,,
JM명월,2023-11-06,13.0,,,,,,,
JM명월,2023-11-07,12.97,,,,,,,
JM명월,2023-11-08,12.94,,,,,,,
JM명월,2023-11-09,12.91,,,,,,,
JM명월,2023-11-10,12.88,,,,,,,
JM명월,2023-11-11,12.84,,,,,,,
JM명월,2023-11-12,12.8,,,,,,,
JM명월,2023-11-13,12.77,,,,,,,
JM명월,2023-11-14,12.74,,,,,,,
JM명월,2023-11-15,12.7,,,,,,,
JM명월,2023-11-16,12.69,,,,,,,
JM명월,2023-11-17,12.67,,,,,,,
JM명월,2023-11-18,12.64,,,,,,,
JM명월,2023-11-19,12.62,,,,,,,
JM명월,2023-11-20,12.6,,,,,,,
JM명월,2023-11-21,12.57,,,,,,,
JM명월,2023-11-22,12.56,,,,,,,
JM명월,2023-11-23,12.54,,,,,,,
JM명월,2023-11-24,12.49,,,,,,,
JM명월,2023-11-25,12.46,,,,,,,
JM명월,2023-11-26,12.44,,,,,,,
JM명월,2023-11-27,12.42,,,,,,,
JM명월,2023-11-28,12.39,,,,,,,
JM명월,2023-11-29,12.36,,,,,,,
JM명월,2023-11-30,12.32,,,,,,,
JM명월,2023-12-01,12.29,,,,,,,
JM명월,2023-12-02,12.26,,,,,,,
JM명월,2023-12-03,12.23,,,,,,,
JM명월,2023-12-04,12.2,,,,,,,
JM명월,2023-12-05,12.19,,,,,,,
JM명월,2023-12-06,12.17,,,,,,,
JM명월,2023-12-07,12.14,,,,,,,
JM명월,2023-12-08,12.12,,,,,,,
JM명월,2023-12-09,12.09,,,,,,,
JM명월,2023-12-10,12.07,,,,,,,
JM명월,2023-12-11,12.05,,,,,,,
JM명월,2023-12-12,12.02,,,,,,,
JM명월,2023-12-13,12.0,,,,,,,
JM명월,2023-12-14,11.98,,,,,,,
JM명월,2023-12-15,11.96,,,,,,,
JM명월,2023-12-16,11.93,,,,,,,
JM명월,2023-12-17,11.89,,,,,,,
JM명월,2023-12-18,11.86,,,,,,,
JM명월,2023-12-19,11.85,,,,,,,
JM명월,2023-12-20,11.83,,,,,,,
JM명월,2023-12-21,11.79,,,,,,,
JM명월,2023-12-22,11.76,,,,,,,
JM명월,2023-12-23,11.73,,,,,,,
JM명월,2023-12-24,11.71,,,,,,,
JM명월,2023-12-25,11.7,,,,,,,
JM명월,2023-12-26,11.68,,,,,,,
JM명월,2023-12-27,11.66,,,,,,,
JM명월,2023-12-28,11.64,,,,,,,
JM명월,2023-12-29,11.62,,,,,,,
JM명월,2023-12-30,11.61,,,,,,,
JM명월,2023-12-31,11.6,,,,,,,
JM명월,2024-01-01,11.57,,,,,,,
JM명월,2024-01-02,11.56,,,,,,,
JM명월,2024-01-03,11.54,,,,,,,
JM명월,2024-01-04,11.52,,,,,,,
JM명월,2024-01-05,11.5,,,,,,,
JM명월,2024-01-06,11.48,,,,,,,
JM명월,2024-01-07,11.45,,,,,,,
JM명월,2024-01-08,11.43,,,,,,,
JM명월,2024-01-09,11.41,,,,,,,
JM명월,2024-01-10,11.39,,,,,,,
JM명월,2024-01-11,11.37,,,,,,,
JM명월,2024-01-12,11.36,,,,,,,
JM명월,2024-01-13,11.33,,,,,,,
JM명월,2024-01-14,11.31,,,,,,,
JM명월,2024-01-15,11.28,,,,,,,
JM명월,2024-01-16,11.26,,,,,,,
JM명월,2024-01-17,11.24,,,,,,,
JM명월,2024-01-18,11.21,,,,,,,
JM명월,2024-01-19,11.2,,,,,,,
JM명월,2024-01-20,11.18,,,,,,,
JM명월,2024-01-21,11.16,,,,,,,
JM명월,2024-01-22,11.15,,,,,,,
JM명월,2024-01-23,11.13,,,,,,,
JM명월,2024-01-24,11.1,,,,,,,
JM명월,2024-01-25,11.08,,,,,,,
JM명월,2024-01-26,11.06,,,,,,,
JM명월,2024-01-27,11.04,,,,,,,
JM명월,2024-01-28,11.02,,,,,,,
JM명월,2024-01-29,11.0,,,,,,,
JM명월,2024-01-30,10.98,,,,,,,
JM명월,2024-01-31,10.96,,,,,,,
JM명월,2024-02-01,10.95,,,,,,,
JM명월,2024-02-02,10.93,,,,,,,
JM명월,2024-02-03,10.92,,,,,,,
JM명월,2024-02-04,10.92,,,,,,,
JM명월,2024-02-05,10.92,,,,,,,
JM명월,2024-02-06,10.92,,,,,,,
JM명월,2024-02-07,10.92,,,,,,,
JM명월,2024-02-08,10.93,,,,,,,
JM명월,2024-02-09,10.92,,,,,,,
JM명월,2024-02-10,10.91,,,,,,,
JM명월,2024-02-11,10.9,,,,,,,
JM명월,2024-02-12,10.89,,,,,,,
JM명월,2024-02-13,10.87,,,,,,,
JM명월,2024-02-14,10.86,,,,,,,
JM명월,2024-02-15,10.85,,,,,,,
JM명월,2024-02-16,10.83,,,,,,,
JM명월,2024-02-17,10.82,,,,,,,
JM명월,2024-02-18,10.81,,,,,,,
JM명월,2024-02-19,10.81,,,,,,,
JM명월,2024-02-20,10.81,,,,,,,
JM명월,2024-02-21,10.81,,,,,,,
JM명월,2024-02-22,10.81,,,,,,,
JM명월,2024-02-23,10.82,,,,,,,
JM명월,2024-02-24,10.83,,,,,,,
JM명월,2024-02-25,10.83,,,,,,,
JM명월,2024-02-26,10.83,,,,,,,
JM명월,2024-02-27,10.83,,,,,,,
JM명월,2024-02-28,10.82,,,,,,,
JM명월,2024-02-29,10.82,,,,,,,
JM명월,2024-03-01,10.81,,,,,,,
JM명월,2024-03-02,10.8,,,,,,,
JM명월,2024-03-03,10.8,,,,,,,
JM명월,2024-03-04,10.8,,,,,,,
JM명월,2024-03-05,10.82,,,,,,,
JM명월,2024-03-06,10.82,,,,,,,
JM명월,2024-03-07,10.82,,,,,,,
JM명월,2024-03-08,10.82,,,,,,,
JM명월,2024-03-09,10.81,,,,,,,
JM명월,2024-03-10,10.79,,,,,,,
JM명월,2024-03-11,10.79,,,,,,,
JM명월,2024-03-12,10.79,,,,,,,
JM명월,2024-03-13,10.77,,,,,,,
JM명월,2024-03-14,10.76,,,,,,,
JM명월,2024-03-15,10.75,,,,,,,
JM명월,2024-03-16,10.74,,,,,,,
JM명월,2024-03-17,10.73,,,,,,,
JM명월,2024-03-18,10.71,,,,,,,
JM명월,2024-03-19,10.7,,,,,,,
JM명월,2024-03-20,10.68,,,,,,,
JM명월,2024-03-21,10.66,,,,,,,
JM명월,2024-03-22,10.66,,,,,,,
JM명월,2024-03-23,10.65,,,,,,,
JM명월,2024-03-24,10.65,,,,,,,
JM명월,2024-03-25,10.65,,,,,,,
JM명월,2024-03-26,10.64,,,,,,,
JM명월,2024-03-27,10.64,,,,,,,
JM명월,2024-03-28,10.66,,,,,,,
JM명월,2024-03-29,10.67,,,,,,,
JM명월,2024-03-30,10.71,,,,,,,
JM명월,2024-03-31,10.74,,,,,,,
JM명월,2024-04-01,10.76,,,,,,,
JM명월,2024-04-02,10.77,,,,,,,
JM명월,2024-04-03,10.8,,,,,,,
JM명월,2024-04-04,10.82,,,,,,,
JM명월,2024-04-05,10.83,,,,,,,
JM명월,2024-04-06,10.84,,,,,,,
JM명월,2024-04-07,10.85,,,,,,,
JM명월,2024-04-08,10.86,,,,,,,
JM명월,2024-04-09,10.85,,,,,,,
JM명월,2024-04-10,10.84,,,,,,,
JM명월,2024-04-11,10.84,,,,,,,
JM명월,2024-04-12,10.83,,,,,,,
JM명월,2024-04-13,10.82,,,,,,,
JM명월,2024-04-14,10.81,,,,,,,
JM명월,2024-04-15,10.82,,,,,,,
JM명월,2024-04-16,10.81,,,,,,,
JM명월,2024-04-17,10.81,,,,,,,
JM명월,2024-04-18,10.79,,,,,,,
JM명월,2024-04-19,10.79,,,,,,,
JM명월,2024-04-20,10.79,,,,,,,
JM명월,2024-04-21,10.79,,,,,,,
JM명월,2024-04-22,10.77,,,,,,,
JM명월,2024-04-23,10.76,,,,,,,
JM명월,2024-04-24,10.74,,,,,,,
JM명월,2024-04-25,10.72,,,,,,,
JM명월,2024-04-26,10.71,,,,,,,
JM명월,2024-04-27,10.69,,,,,,,
JM명월,2024-04-28,10.68,,,,,,,
JM명월,2024-04-29,10.69,,,,,,,
JM명월,2024-04-30,10.71,,,,,,,
JM명월,2024-05-01,10.71,,,,,,,
JM명월,2024-05-02,10.71,,,,,,,
JM명월,2024-05-03,10.71,,,,,,,
JM명월,2024-05-04,10.71,,,,,,,
JM명월,2024-05-05,10.73,,,,,,,
JM명월,2024-05-06,10.86,,,,,,,
JM명월,2024-05-07,11.06,,,,,,,
JM명월,2024-05-08,11.22,,,,,,,
JM명월,2024-05-09,11.32,,,,,,,
JM명월,2024-05-10,11.4,,,,,,,
JM명월,2024-05-11,11.47,,,,,,,
JM명월,2024-05-12,11.56,,,,,,,
JM명월,2024-05-13,11.65,,,,,,,
JM명월,2024-05-14,11.74,,,,,,,
JM명월,2024-05-15,11.82,,,,,,,
JM명월,2024-05-16,11.88,,,,,,,
JM명월,2024-05-17,11.94,,,,,,,
JM명월,2024-05-18,11.99,,,,,,,
JM명월,2024-05-19,12.03,,,,,,,
JM명월,2024-05-20,12.07,,,,,,,
JM명월,2024-05-21,12.08,,,,,,,
JM명월,2024-05-22,12.08,,,,,,,
JM명월,2024-05-23,12.11,,,,,,,
JM명월,2024-05-24,12.12,,,,,,,
JM명월,2024-05-25,12.13,,,,,,,
JM명월,2024-05-26,12.14,,,,,,,
JM명월,2024-05-27,12.16,,,,,,,
JM명월,2024-05-28,12.16,,,,,,,
JM명월,2024-05-29,12.16,,,,,,,
JM명월,2024-05-30,12.15,,,,,,,
JM명월,2024-05-31,12.14,,,,,,,
JM명월,2024-06-01,12.13,,,,,,,
JM명월,2024-06-02,12.11,,,,,,,
JM명월,2024-06-03,12.1,,,,,,,
JM명월,2024-06-04,12.07,,,,,,,
JM명월,2024-06-05,12.04,,,,,,,
JM명월,2024-06-06,12.02,,,,,,,
JM명월,2024-06-07,12.0,,,,,,,
JM명월,2024-06-08,11.99,,,,,,,
JM명월,2024-06-09,11.98,,,,,,,
JM명월,2024-06-10,11.97,,,,,,,
JM명월,2024-06-11,11.95,,,,,,,
JM명월,2024-06-12,11.94,,,,,,,
JM명월,2024-06-13,11.93,,,,,,,
JM명월,2024-06-14,11.91,,,,,,,
JM명월,2024-06-15,11.89,,,,,,,
JM명월,2024-06-16,11.87,,,,,,,
JM명월,2024-06-17,11.85,,,,,,,
JM명월,2024-06-18,11.82,,,,,,,
JM명월,2024-06-19,11.79,,,,,,,
JM명월,2024-06-20,11.79,,,,,,,
JM명월,2024-06-21,11.84,,,,,,,
JM명월,2024-06-22,11.9,,,,,,,
JM명월,2024-06-23,12.0,,,,,,,
JM명월,2024-06-24,12.19,,,,,,,
JM명월,2024-06-25,12.33,,,,,,,
JM명월,2024-06-26,12.43,,,,,,,
JM명월,2024-06-27,12.5,,,,,,,
JM명월,2024-06-28,12.67,,,,,,,
JM명월,2024-06-29,12.9,,,,,,,
JM명월,2024-06-30,13.15,,,,,,,
JM명월,2024-07-01,13.39,,,,,,,
JM명월,2024-07-02,13.58,,,,,,,
JM명월,2024-07-03,13.71,,,,,,,
JM명월,2024-07-04,13.82,,,,,,,
JM명월,2024-07-05,13.91,,,,,,,
JM명월,2024-07-06,13.98,,,,,,,
JM명월,2024-07-07,14.04,,,,,,,
JM명월,2024-07-08,14.08,,,,,,,
JM명월,2024-07-09,14.12,,,,,,,
JM명월,2024-07-10,14.16,,,,,,,
JM명월,2024-07-11,14.18,,,,,,,
JM명월,2024-07-12,14.21,,,,,,,
JM명월,2024-07-13,14.23,,,,,,,
JM명월,2024-07-14,14.23,,,,,,,
JM명월,2024-07-15,14.23,,,,,,,
JM명월,2024-07-16,14.22,,,,,,,
JM명월,2024-07-17,14.21,,,,,,,
JM명월,2024-07-18,14.2,,,,,,,
JM명월,2024-07-19,14.19,,,,,,,
JM명월,2024-07-20,14.18,,,,,,,
JM명월,2024-07-21,14.16,,,,,,,
JM명월,2024-07-22,14.16,,,,,,,
JM명월,2024-07-23,14.15,,,,,,,
JM명월,2024-07-24,14.13,,,,,,,
JM명월,2024-07-25,14.12,,,,,,,
JM명월,2024-07-26,14.09,,,,,,,
JM명월,2024-07-27,14.05,,,,,,,
JM명월,2024-07-28,14.02,,,,,,,
JM명월,2024-07-29,13.98,,,,,,,
JM명월,2024-07-30,13.94,,,,,,,
JM명월,2024-07-31,13.92,,,,,,,
JM명월,2024-08-01,13.89,,,,,,,
JM명월,2024-08-02,13.86,,,,,,,
JM명월,2024-08-03,13.83,,,,,,,
JM명월,2024-08-04,13.78,,,,,,,
JM명월,2024-08-05,13.74,,,,,,,
JM명월,2024-08-06,13.7,,,,,,,
JM명월,2024-08-07,13.67,,,,,,,
JM명월,2024-08-08,13.63,,,,,,,
JM명월,2024-08-09,13.59,,,,,,,
JM명월,2024-08-10,13.56,,,,,,,
JM명월,2024-08-11,13.53,,,,,,,
JM명월,2024-08-12,13.48,,,,,,,
JM명월,2024-08-13,13.44,,,,,,,
JM명월,2024-08-14,13.4,,,,,,,
JM명월,2024-08-15,13.36,,,,,,,
JM명월,2024-08-16,13.31,,,,,,,
JM명월,2024-08-17,13.27,,,,,,,
JM명월,2024-08-18,13.23,,,,,,,
JM명월,2024-08-19,13.19,,,,,,,
JM명월,2024-08-20,13.16,,,,,,,
JM명월,2024-08-21,13.12,,,,,,,
JM명월,2024-08-22,13.09,,,,,,,
JM명월,2024-08-23,13.04,,,,,,,
JM명월,2024-08-24,13.0,,,,,,,
JM명월,2024-08-25,12.97,,,,,,,
JM명월,2024-08-26,12.94,,,,,,,
JM명월,2024-08-27,12.9,,,,,,,
JM명월,2024-08-28,12.91,,,,,,,
JM명월,2024-08-29,12.94,,,,,,,
JM명월,2024-08-30,12.96,,,,,,,
JM명월,2024-08-31,12.98,,,,,,,
JM명월,2024-09-01,12.97,,,,,,,
JM명월,2024-09-02,12.96,,,,,,,
JM명월,2024-09-03,12.93,,,,,,,
JM명월,2024-09-04,12.92,,,,,,,
JM명월,2024-09-05,12.9,,,,,,,
JM명월,2024-09-06,12.87,,,,,,,
JM명월,2024-09-07,12.88,,,,,,,
JM명월,2024-09-08,12.89,,,,,,,
JM명월,2024-09-09,12.9,,,,,,,
JM명월,2024-09-10,12.9,,,,,,,
JM명월,2024-09-11,12.9,,,,,,,
JM명월,2024-09-12,12.88,,,,,,,
JM명월,2024-09-13,12.88,,,,,,,
JM명월,2024-09-14,12.88,,,,,,,
JM명월,2024-09-15,12.86,,,,,,,
JM명월,2024-09-16,12.84,,,,,,,
JM명월,2024-09-17,12.82,,,,,,,
JM명월,2024-09-18,12.8,,,,,,,
JM명월,2024-09-19,12.78,,,,,,,
JM명월,2024-09-20,12.78,,,,,,,
JM명월,2024-09-21,12.81,,,,,,,
JM명월,2024-09-22,12.83,,,,,,,
JM명월,2024-09-23,12.85,,,,,,,
JM명월,2024-09-24,12.87,,,,,,,
JM명월,2024-09-25,12.89,,,,,,,
JM명월,2024-09-26,12.9,,,,,,,
JM명월,2024-09-27,12.9,,,,,,,
JM명월,2024-09-28,12.9,,,,,,,
JM명월,2024-09-29,12.89,,,,,,,
JM명월,2024-09-30,12.89,,,,,,,
JM명월,2024-10-01,12.9,,,,,,,
JM명월,2024-10-02,12.88,,,,,,,
JM명월,2024-10-03,12.87,,,,,,,
JM명월,2024-10-04,12.85,,,,,,,
JM명월,2024-10-05,12.84,,,,,,,
JM명월,2024-10-06,12.82,,,,,,,
JM명월,2024-10-07,12.81,,,,,,,
JM명월,2024-10-08,12.81,,,,,,,
JM명월,2024-10-09,12.81,,,,,,,
JM명월,2024-10-10,12.79,,,,,,,
JM명월,2024-10-11,12.77,,,,,,,
JM명월,2024-10-12,12.75,,,,,,,
JM명월,2024-10-13,12.73,,,,,,,
JM명월,2024-10-14,12.73,,,,,,,
JM명월,2024-10-15,12.7,,,,,,,
JM명월,2024-10-16,12.67,,,,,,,
JM명월,2024-10-17,12.65,,,,,,,
JM명월,2024-10-18,12.64,,,,,,,
JM명월,2024-10-19,12.62,,,,,,,
JM명월,2024-10-20,12.59,,,,,,,
JM명월,2024-10-21,12.58,,,,,,,
JM명월,2024-10-22,12.57,,,,,,,
JM명월,2024-10-23,12.56,,,,,,,
JM명월,2024-10-24,12.55,,,,,,,
JM명월,2024-10-25,12.54,,,,,,,
JM명월,2024-10-26,12.53,,,,,,,
JM명월,2024-10-27,12.53,,,,,,,
JM명월,2024-10-28,12.52,,,,,,,
JM명월,2024-10-29,12.51,,,,,,,
JM명월,2024-10-30,12.48,,,,,,,
JM명월,2024-10-31,12.46,,,,,,,
JM명월,2024-11-01,12.47,,,,,,,
JM명월,2024-11-02,12.64,,,,,,,
JM명월,2024-11-03,12.9,,,,,,,
JM명월,2024-11-04,13.09,,,,,,,
JM명월,2024-11-05,13.2,,,,,,,
JM명월,2024-11-06,13.26,,,,,,,
JM명월,2024-11-07,13.3,,,,,,,
JM명월,2024-11-08,13.34,,,,,,,
JM명월,2024-11-09,13.37,,,,,,,
JM명월,2024-11-10,13.4,,,,,,,
JM명월,2024-11-11,13.43,,,,,,,
JM명월,2024-11-12,13.45,,,,,,,
JM명월,2024-11-13,13.47,,,,,,,
JM명월,2024-11-14,13.47,,,,,,,
JM명월,2024-11-15,13.49,,,,,,,
JM명월,2024-11-16,13.51,,,,,,,
JM명월,2024-11-17,13.51,,,,,,,
JM명월,2024-11-18,13.5,,,,,,,
JM명월,2024-11-19,13.48,,,,,,,
JM명월,2024-11-20,13.48,,,,,,,
JM명월,2024-11-21,13.47,,,,,,,
JM명월,2024-11-22,13.47,,,,,,,
JM명월,2024-11-23,13.44,,,,,,,
JM명월,2024-11-24,13.42,,,,,,,
JM명월,2024-11-25,13.4,,,,,,,
JM명월,2024-11-26,13.4,,,,,,,
JM명월,2024-11-27,13.39,,,,,,,
JM명월,2024-11-28,13.38,,,,,,,
JM명월,2024-11-29,13.37,,,,,,,
JM명월,2024-11-30,13.35,,,,,,,
JM명월,2024-12-01,13.35,,,,,,,
JM명월,2024-12-02,13.34,,,,,,,
JM명월,2024-12-03,13.3,,,,,,,
JM명월,2024-12-04,13.27,,,,,,,
JM명월,2024-12-05,13.25,,,,,,,
JM명월,2024-12-06,13.22,,,,,,,
JM명월,2024-12-07,13.19,,,,,,,
JM명월,2024-12-08,13.15,,,,,,,
JM명월,2024-12-09,13.13,,,,,,,
JM명월,2024-12-10,13.09,,,,,,,
JM명월,2024-12-11,13.07,,,,,,,
JM명월,2024-12-12,13.03,,,,,,,
JM명월,2024-12-13,13.01,,,,,,,
JM명월,2024-12-14,12.97,,,,,,,
JM명월,2024-12-15,12.95,,,,,,,
JM명월,2024-12-16,12.91,,,,,,,
JM명월,2024-12-17,12.88,,,,,,,
JM명월,2024-12-18,12.85,,,,,,,
JM명월,2024-12-19,12.81,,,,,,,
JM명월,2024-12-20,12.79,,,,,,,
JM명월,2024-12-21,12.76,,,,,,,
JM명월,2024-12-22,12.72,,,,,,,
JM명월,2024-12-23,12.69,,,,,,,
JM명월,2024-12-24,12.65,,,,,,,
JM명월,2024-12-25,12.63,,,,,,,
JM명월,2024-12-26,12.59,,,,,,,
JM명월,2024-12-27,12.56,,,,,,,
JM명월,2024-12-28,12.53,,,,,,,
JM명월,2024-12-29,12.49,,,,,,,
JM명월,2024-12-30,12.48,,,,,,,
JM명월,2024-12-31,12.45,,,,,,,
JM명월,2025-01-01,12.42,,,,,,,
JM명월,2025-01-02,12.39,,,,,,,
JM명월,2025-01-03,12.35,,,,,,,
JM명월,2025-01-04,12.32,,,,,,,
JM명월,2025-01-05,12.29,,,,,,,
JM명월,2025-01-06,12.28,,,,,,,
JM명월,2025-01-07,12.24,,,,,,,
JM명월,2025-01-08,12.22,,,,,,,
JM명월,2025-01-09,12.19,,,,,,,
JM명월,2025-01-10,12.15,,,,,,,
JM명월,2025-01-11,12.12,,,,,,,
JM명월,2025-01-12,12.09,,,,,,,
JM명월,2025-01-13,12.06,,,,,,,
JM명월,2025-01-14,12.03,,,,,,,
JM명월,2025-01-15,12.0,,,,,,,
JM명월,2025-01-16,11.98,,,,,,,
JM명월,2025-01-17,11.94,,,,,,,
JM명월,2025-01-18,11.91,,,,,,,
JM명월,2025-01-19,11.9,,,,,,,
JM명월,2025-01-20,11.88,,,,,,,
JM명월,2025-01-21,11.85,,,,,,,
JM명월,2025-01-22,11.82,,,,,,,
JM명월,2025-01-23,11.79,,,,,,,
JM명월,2025-01-24,11.76,,,,,,,
JM명월,2025-01-25,11.73,,,,,,,
JM명월,2025-01-26,11.7,,,,,,,
JM명월,2025-01-27,11.68,,,,,,,
JM명월,2025-01-28,11.65,,,,,,,
JM명월,2025-01-29,11.63,,,,,,,
JM명월,2025-01-30,11.6,,,,,,,
JM명월,2025-01-31,11.58,,,,,,,
JM명월,2025-02-01,11.57,,,,,,,
JM명월,2025-02-02,11.55,,,,,,,
JM명월,2025-02-03,11.55,,,,,,,
JM명월,2025-02-04,11.53,,,,,,,
JM명월,2025-02-05,11.51,,,,,,,
JM명월,2025-02-06,11.49,,,,,,,
JM명월,2025-02-07,11.47,,,,,,,
JM명월,2025-02-08,11.45,,,,,,,
JM명월,2025-02-09,11.42,,,,,,,
JM명월,2025-02-10,11.4,,,,,,,
JM명월,2025-02-11,11.37,,,,,,,
JM명월,2025-02-12,11.36,,,,,,,
JM명월,2025-02-13,11.33,,,,,,,
JM명월,2025-02-14,11.32,,,,,,,
JM명월,2025-02-15,11.31,,,,,,,
JM명월,2025-02-16,11.29,,,,,,,
JM명월,2025-02-17,11.26,,,,,,,
JM명월,2025-02-18,11.23,,,,,,,
JM명월,2025-02-19,11.21,,,,,,,
JM명월,2025-02-20,11.18,,,,,,,
JM명월,2025-02-21,11.16,,,,,,,
JM명월,2025-02-22,11.12,,,,,,,
JM명월,2025-02-23,11.12,,,,,,,
JM명월,2025-02-24,11.11,,,,,,,
JM명월,2025-02-25,11.07,,,,,,,
JM명월,2025-02-26,11.04,,,,,,,
JM명월,2025-02-27,11.04,,,,,,,
JM명월,2025-02-28,11.02,,,,,,,
JM명월,2025-03-01,11.01,,,,,,,
JM명월,2025-03-02,11.0,,,,,,,
JM명월,2025-03-03,10.99,,,,,,,
JM명월,2025-03-04,11.0,,,,,,,
JM명월,2025-03-05,11.0,,,,,,,
JM명월,2025-03-06,10.98,,,,,,,
JM명월,2025-03-07,10.97,,,,,,,
JM명월,2025-03-08,10.95,,,,,,,
JM명월,2025-03-09,10.93,,,,,,,
JM명월,2025-03-10,10.9,,,,,,,
JM명월,2025-03-11,10.89,,,,,,,
JM명월,2025-03-12,10.88,,,,,,,
JM명월,2025-03-13,10.86,,,,,,,
JM명월,2025-03-14,10.84,,,,,,,
JM명월,2025-03-15,10.83,,,,,,,
JM명월,2025-03-16,10.82,,,,,,,
JM명월,2025-03-17,10.8,,,,,,,
JM명월,2025-03-18,10.78,,,,,,,
JM명월,2025-03-19,10.75,,,,,,,
JM명월,2025-03-20,10.73,,,,,,,
JM명월,2025-03-21,10.71,,,,,,,
JM명월,2025-03-22,10.7,,,,,,,
JM명월,2025-03-23,10.69,,,,,,,
JM명월,2025-03-24,10.68,,,,,,,
JM명월,2025-03-25,10.68,,,,,,,
JM명월,2025-03-26,10.68,,,,,,,
JM명월,2025-03-27,10.68,,,,,,,
JM명월,2025-03-28,10.64,,,,,,,
JM명월,2025-03-29,10.59,,,,,,,
JM명월,2025-03-30,10.55,,,,,,,
JM명월,2025-03-31,10.54,,,,,,,
JM명월,2025-04-01,10.5,,,,,,,
JM명월,2025-04-02,10.49,,,,,,,
JM명월,2025-04-03,10.46,,,,,,,
JM명월,2025-04-04,10.42,,,,,,,
JM명월,2025-04-05,10.42,,,,,,,
JM명월,2025-04-06,10.39,,,,,,,
JM명월,2025-04-07,10.37,,,,,,,
JM명월,2025-04-08,10.35,,,,,,,
JM명월,2025-04-09,10.33,,,,,,,
JM명월,2025-04-10,10.32,,,,,,,
JM명월,2025-04-11,10.3,,,,,,,
JM명월,2025-04-12,10.3,,,,,,,
JM명월,2025-04-13,10.29,,,,,,,
JM명월,2025-04-14,10.3,,,,,,,
JM명월,2025-04-15,10.29,,,,,,,
JM명월,2025-04-16,10.29,,,,,,,
JM명월,2025-04-17,10.27,,,,,,,
JM명월,2025-04-18,10.25,,,,,,,
JM명월,2025-04-19,10.24,,,,,,,
JM명월,2025-04-20,10.21,,,,,,,
JM명월,2025-04-21,10.2,,,,,,,
JM명월,2025-04-22,10.19,,,,,,,
JM명월,2025-04-23,10.2,,,,,,,
JM명월,2025-04-24,10.19,,,,,,,
JM명월,2025-04-25,10.18,,,,,,,
JM명월,2025-04-26,10.17,,,,,,,
JM명월,2025-04-27,10.17,,,,,,,
JM명월,2025-04-28,10.16,,,,,,,
JM명월,2025-04-29,10.15,,,,,,,
JM명월,2025-04-30,10.13,,,,,,,
JM명월,2025-05-01,10.14,,,,,,,
JM명월,2025-05-02,10.13,,,,,,,
JM명월,2025-05-03,10.16,,,,,,,
JM명월,2025-05-04,10.16,,,,,,,
JM명월,2025-05-05,10.17,,,,,,,
JM명월,2025-05-06,10.17,,,,,,,
JM명월,2025-05-07,10.17,,,,,,,
JM명월,2025-05-08,10.17,,,,,,,
JM명월,2025-05-09,10.18,,,,,,,
JM명월,2025-05-10,10.2,,,,,,,
JM명월,2025-05-11,10.22,,,,,,,
JM명월,2025-05-12,10.23,,,,,,,
JM명월,2025-05-13,10.24,,,,,,,
JM명월,2025-05-14,10.25,,,,,,,
JM명월,2025-05-15,10.24,,,,,,,
JM명월,2025-05-16,10.26,,,,,,,
JM명월,2025-05-17,10.29,,,,,,,
JM명월,2025-05-18,10.33,,,,,,,
JM명월,2025-05-19,10.39,,,,,,,
JM명월,2025-05-20,10.43,,,,,,,
JM명월,2025-05-21,10.46,,,,,,,
JM명월,2025-05-22,10.49,,,,,,,
JM명월,2025-05-23,10.51,,,,,,,
JM명월,2025-05-24,10.53,,,,,,,
JM명월,2025-05-25,10.54,,,,,,,
JM명월,2025-05-26,10.53,,,,,,,
JM명월,2025-05-27,10.53,,,,,,,
JM명월,2025-05-28,10.52,,,,,,,
JM명월,2025-05-29,10.52,,,,,,,
JM명월,2025-05-30,10.51,,,,,,,
JM명월,2025-05-31,10.51,,,,,,,
JM명월,2025-06-01,10.51,,,,,,,
JM명월,2025-06-02,10.52,,,,,,,
JM명월,2025-06-03,10.52,,,,,,,
JM명월,2025-06-04,10.52,,,,,,,
JM명월,2025-06-05,10.51,,,,,,,
JM명월,2025-06-06,10.5,,,,,,,
JM명월,2025-06-07,10.48,,,,,,,
JM명월,2025-06-08,10.47,,,,,,,
JM명월,2025-06-09,10.46,,,,,,,
JM명월,2025-06-10,10.44,,,,,,,
JM명월,2025-06-11,10.43,,,,,,,
JM명월,2025-06-12,10.42,,,,,,,
JM명월,2025-06-13,10.4,,,,,,,
JM명월,2025-06-14,10.4,,,,,,,
JM명월,2025-06-15,10.43,,,,,,,
JM명월,2025-06-16,10.49,,,,,,,
JM명월,2025-06-17,10.61,,,,,,,
JM명월,2025-06-18,10.71,,,,,,,
JM명월,2025-06-19,10.79,,,,,,,
JM명월,2025-06-20,10.84,,,,,,,
JM명월,2025-06-21,10.89,,,,,,,
JM명월,2025-06-22,10.93,,,,,,,
JM명월,2025-06-23,10.96,,,,,,,
JM명월,2025-06-24,10.99,,,,,,,
JM명월,2025-06-25,11.0,,,,,,,
JM명월,2025-06-26,11.0,,,,,,,
JM명월,2025-06-27,11.02,,,,,,,
JM명월,2025-06-28,11.01,,,,,,,
JM명월,2025-06-29,11.0,,,,,,,
JM명월,2025-06-30,10.99,,,,,,,
JM명월,2025-07-01,10.97,,,,,,,
JM명월,2025-07-02,10.95,,,,,,,
JM명월,2025-07-03,10.94,,,,,,,
JM명월,2025-07-04,10.93,,,,,,,
JM명월,2025-07-05,10.91,,,,,,,
JM명월,2025-07-06,10.89,,,,,,,
JM명월,2025-07-07,10.89,,,,,,,
JM명월,2025-07-08,10.87,,,,,,,
JM명월,2025-07-09,10.85,,,,,,,
JM명월,2025-07-10,10.83,,,,,,,
JM명월,2025-07-11,10.8,,,,,,,
JM명월,2025-07-12,10.79,,,,,,,
JM명월,2025-07-13,10.79,,,,,,,
JM명월,2025-07-14,10.78,,,,,,,
JM명월,2025-07-15,10.79,,,,,,,
JM명월,2025-07-16,10.77,,,,,,,
JM명월,2025-07-17,10.75,,,,,,,
JM명월,2025-07-18,10.73,,,,,,,
JM명월,2025-07-19,10.74,,,,,,,
JM명월,2025-07-20,10.75,,,,,,,
JM명월,2025-07-21,10.74,,,,,,,
JM명월,2025-07-22,10.74,,,,,,,
JM명월,2025-07-23,10.74,,,,,,,
JM명월,2025-07-24,10.73,,,,,,,
JM명월,2025-07-25,10.73,,,,,,,
JM명월,2025-07-26,10.72,,,,,,,
JM명월,2025-07-27,10.71,,,,,,,
JM명월,2025-07-28,10.7,,,,,,,
JM명월,2025-07-29,10.69,,,,,,,
JM명월,2025-07-30,10.68,,,,,,,
JM명월,2025-07-31,10.67,,,,,,,
JM명월,2025-08-01,10.65,,,,,,,
JM명월,2025-08-02,10.63,,,,,,,
JM명월,2025-08-03,10.62,,,,,,,
JM명월,2025-08-04,10.6,,,,,,,
JM명월,2025-08-05,10.57,,,,,,,
JM명월,2025-08-06,10.55,,,,,,,
JM명월,2025-08-07,10.53,,,,,,,
JM명월,2025-08-08,10.5,,,,,,,
JM명월,2025-08-09,10.48,,,,,,,
JM명월,2025-08-10,10.46,,,,,,,
JM명월,2025-08-11,10.44,,,,,,,
JM명월,2025-08-12,10.43,,,,,,,
JM명월,2025-08-13,10.43,,,,,,,
JM명월,2025-08-14,10.41,,,,,,,
JM명월,2025-08-15,10.4,,,,,,,
JM명월,2025-08-16,10.38,,,,,,,
JM명월,2025-08-17,10.36,,,,,,,
JM명월,2025-08-18,10.34,,,,,,,
JM명월,2025-08-19,10.32,,,,,,,
JM명월,2025-08-20,10.3,,,,,,,
JM명월,2025-08-21,10.28,,,,,,,
JM명월,2025-08-22,10.26,,,,,,,
JM명월,2025-08-23,10.24,,,,,,,
JM명월,2025-08-24,10.21,,,,,,,
JM명월,2025-08-25,10.19,,,,,,,
JM명월,2025-08-26,10.16,,,,,,,
JM명월,2025-08-27,10.13,,,,,,,
JM명월,2025-08-28,10.11,,,,,,,
JM명월,2025-08-29,10.07,,,,,,,
JM명월,2025-08-30,10.05,,,,,,,
JM명월,2025-08-31,10.04,,,,,,,
JM명월,2025-09-01,10.03,,,,,,,
JM명월,2025-09-02,10.02,,,,,,,
JM명월,2025-09-03,10.02,,,,,,,
JM명월,2025-09-04,10.01,,,,,,,
JM명월,2025-09-05,10.0,,,,,,,
JM명월,2025-09-06,10.01,,,,,,,
JM명월,2025-09-07,10.0,,,,,,,
JM명월,2025-09-08,10.0,,,,,,,
JM명월,2025-09-09,9.99,,,,,,,
JM명월,2025-09-10,9.98,,,,,,,
JM명월,2025-09-11,9.96,,,,,,,
JM명월,2025-09-12,9.95,,,,,,,
JM명월,2025-09-13,9.94,,,,,,,
JM명월,2025-09-14,9.92,,,,,,,
JM명월,2025-09-15,9.92,,,,,,,
JM명월,2025-09-16,9.94,,,,,,,
JM명월,2025-09-17,9.96,,,,,,,
JM명월,2025-09-18,9.99,,,,,,,
JM명월,2025-09-19,10.01,,,,,,,
JM명월,2025-09-20,10.02,,,,,,,
JM명월,2025-09-21,10.02,,,,,,,
JM명월,2025-09-22,10.02,,,,,,,
JM명월,2025-09-23,10.02,,,,,,,
JM명월,2025-09-24,10.02,,,,,,,
JM명월,2025-09-25,10.01,,,,,,,
JM명월,2025-09-26,10.0,,,,,,,
JM명월,2025-09-27,9.99,,,,,,,
JM명월,2025-09-28,10.01,,,,,,,
JM명월,2025-09-29,10.06,,,,,,,
JM명월,2025-09-30,10.1,,,,,,,
JM명월,2025-10-01,10.14,,,,,,,
JM명월,2025-10-02,10.17,,,,,,,
JM명월,2025-10-03,10.18,,,,,,,
JM명월,2025-10-04,10.22,,,,,,,
JM명월,2025-10-05,10.25,,,,,,,
JM명월,2025-10-06,10.27,,,,,,,
JM명월,2025-10-07,10.29,,,,,,,
JM명월,2025-10-08,10.31,,,,,,,
JM명월,2025-10-09,10.31,,,,,,,
JM명월,2025-10-10,10.32,,,,,,,
JM명월,2025-10-11,10.31,,,,,,,
JM명월,2025-10-12,10.32,,,,,,,
JM명월,2025-10-13,10.32,,,,,,,
JM명월,2025-10-14,10.3,,,,,,,
JM명월,2025-10-15,10.3,,,,,,,
JM명월,2025-10-16,10.29,,,,,,,
JM명월,2025-10-17,10.28,,,,,,,
JM명월,2025-10-18,10.26,,,,,,,
JM명월,2025-10-19,10.24,,,,,,,
JM명월,2025-10-20,10.22,,,,,,,
JM명월,2025-10-21,10.2,,,,,,,
JM명월,2025-10-22,10.17,,,,,,,
JM명월,2025-10-23,10.16,,,,,,,
JM명월,2025-10-24,10.14,,,,,,,
JM명월,2025-10-25,10.12,,,,,,,
JM명월,2025-10-26,10.1,,,,,,,
JM명월,2025-10-27,10.08,,,,,,,
JM명월,2025-10-28,10.06,,,,,,,
JM명월,2025-10-29,10.03,,,,,,,
JM명월,2025-10-30,10.01,,,,,,,
JM명월,2025-10-31,10.0,,,,,,,
JM명월,2025-11-01,9.98,,,,,,,
JM명월,2025-11-02,9.96,,,,,,,
JM명월,2025-11-03,9.93,,,,,,,
JM명월,2025-11-04,9.91,,,,,,,
JM명월,2025-11-05,9.89,,,,,,,
JM명월,2025-11-06,9.87,,,,,,,
JM명월,2025-11-07,9.85,,,,,,,
JM명월,2025-11-08,9.83,,,,,,,
JM명월,2025-11-09,9.82,,,,,,,
JM명월,2025-11-10,9.8,,,,,,,
JM명월,2025-11-11,9.79,,,,,,,
JM명월,2025-11-12,9.77,,,,,,,
JM명월,2025-11-13,9.75,,,,,,,
JM명월,2025-11-14,9.73,,,,,,,
JM명월,2025-11-15,9.71,,,,,,,
JM명월,2025-11-16,9.69,,,,,,,
JM명월,2025-11-17,9.66,,,,,,,
JM명월,2025-11-18,9.65,,,,,,,
JM명월,2025-11-19,9.62,,,,,,,
JM명월,2025-11-20,9.6,,,,,,,
JM명월,2025-11-21,9.58,,,,,,,
JM명월,2025-11-22,9.56,,,,,,,
JM명월,2025-11-23,9.54,,,,,,,
JM명월,2025-11-24,9.52,,,,,,,
JM명월,2025-11-25,9.5,,,,,,,
JM명월,2025-11-26,9.49,,,,,,,
JM명월,2025-11-27,9.47,,,,,,,
JM명월,2025-11-28,9.45,,,,,,,
JM명월,2025-11-29,9.43,,,,,,,
JM명월,2025-11-30,9.42,,,,,,,
JM명월,2025-12-01,9.4,,,,,,,
JM명월,2025-12-02,9.38,,,,,,,
JM명월,2025-12-03,9.38,,,,,,,
JM명월,2025-12-04,9.38,,,,,,,
JM명월,2025-12-05,9.35,,,,,,,
JM명월,2025-12-06,9.33,,,,,,,
JM명월,2025-12-07,9.31,,,,,,,
JM명월,2025-12-08,9.29,,,,,,,
JM명월,2025-12-09,9.27,,,,,,,
JM명월,2025-12-10,9.26,,,,,,,
JM명월,2025-12-11,9.24,,,,,,,
JM명월,2025-12-12,9.22,,,,,,,
JM명월,2025-12-13,9.21,,,,,,,
JM명월,2025-12-14,9.19,,,,,,,
JM명월,2025-12-15,9.18,,,,,,,
JM명월,2025-12-16,9.16,,,,,,,
JM명월,2025-12-17,9.14,,,,,,,
JM명월,2025-12-18,9.13,,,,,,,
JM명월,2025-12-19,9.12,,,,,,,
JM명월,2025-12-20,9.1,,,,,,,
JM명월,2025-12-21,9.08,,,,,,,
JM명월,2025-12-22,9.07,,,,,,,
JM명월,2025-12-23,9.06,,,,,,,
JM명월,2025-12-24,9.05,,,,,,,
JM명월,2025-12-25,9.03,,,,,,,
JM명월,2025-12-26,9.01,,,,,,,
JM명월,2025-12-27,8.99,,,,,,,
JM명월,2025-12-28,8.98,,,,,,,
JM명월,2025-12-29,8.97,,,,,,,
JM명월,2025-12-30,8.94,,,,,,,
JM명월,2025-12-31,8.92,,,,,,,
JM명월,2026-01-01,8.91,S11,88.81,9.2,15.93,333.0,1027.29,12.53
JM명월,2026-01-02,8.89,S11,88.83,9.18,15.93,333.0,1027.58,12.42
JM명월,2026-01-03,8.87,S11,88.85,9.16,15.92,333.0,1030.04,12.46
JM명월,2026-01-04,8.86,S11,88.86,9.15,15.92,333.0,1027.67,12.46
JM명월,2026-01-05,8.84,S11,88.88,9.13,15.93,333.0,1024.58,12.45
JM명월,2026-01-06,8.83,S11,88.89,9.12,15.93,333.0,1025.83,12.4
JM명월,2026-01-07,8.81,S11,88.91,9.1,15.92,332.0,1024.63,12.39
JM명월,2026-01-08,8.79,S11,88.93,9.08,15.93,332.0,1028.92,12.37
JM명월,2026-01-09,8.78,S11,88.94,9.07,15.92,332.0,1025.88,12.44
JM명월,2026-01-10,8.77,S11,88.95,9.06,15.92,331.0,1021.0,12.47
JM명월,2026-01-11,8.75,S11,88.97,9.04,15.93,331.0,1027.21,12.46
JM명월,2026-01-12,8.74,S11,88.98,9.03,15.92,331.0,1023.42,12.5
JM명월,2026-01-13,8.72,S11,89.0,9.01,15.92,331.0,1020.75,12.51
JM명월,2026-01-14,8.71,S11,89.01,9.0,15.93,331.0,1024.21,12.5
JM명월,2026-01-15,8.7,S11,89.02,8.99,15.94,332.0,1019.54,12.5
JM명월,2026-01-16,8.69,S11,89.04,8.98,15.94,333.0,1020.5,12.43
JM명월,2026-01-17,8.66,S11,89.06,8.95,15.92,330.0,1021.83,12.56
JM명월,2026-01-18,8.65,S11,89.07,8.94,15.93,330.0,1021.54,12.65
JM명월,2026-01-19,8.63,S11,89.09,8.92,15.93,330.0,1024.17,12.5
JM명월,2026-01-20,8.62,S11,89.1,8.91,15.93,329.0,1026.75,12.68
JM명월,2026-01-21,8.6,S11,89.12,8.89,15.93,330.0,1028.71,12.51
JM명월,2026-01-22,8.59,S11,89.13,8.88,15.93,329.0,1030.33,12.54
JM명월,2026-01-23,8.58,S11,89.15,8.87,15.93,329.0,1029.54,12.62
JM명월,2026-01-24,8.55,S11,89.17,8.84,15.92,328.0,1028.5,12.66
JM명월,2026-01-25,8.53,S11,89.19,8.82,15.93,328.0,1031.54,12.73
JM명월,2026-01-26,8.52,S11,89.2,8.81,15.93,328.0,1028.21,12.69
JM명월,2026-01-27,8.5,S11,89.22,8.79,15.93,328.0,1027.71,12.63
JM명월,2026-01-28,8.48,S11,89.24,8.77,15.93,327.0,1030.17,12.68
JM명월,2026-01-29,8.47,S11,89.25,8.76,15.93,327.0,1032.58,12.77
JM명월,2026-01-30,8.45,S11,89.27,8.74,15.93,327.0,1032.25,12.81
JM명월,2026-01-31,8.44,S11,89.28,8.73,15.93,327.0,1030.04,12.74
JM명월,2026-02-01,8.42,S11,89.3,8.71,15.93,327.0,1029.67,12.77
JM명월,2026-02-02,8.41,S11,89.31,8.7,15.94,327.0,1030.29,12.75
JM명월,2026-02-03,8.4,S11,89.32,8.69,15.95,330.0,1032.42,12.71
JM명월,2026-02-04,8.38,S11,89.34,8.67,15.94,327.0,1025.5,12.82
JM명월,2026-02-05,8.37,S11,89.35,8.66,15.93,326.0,1021.21,12.85
JM명월,2026-02-06,8.36,S11,89.36,8.65,15.95,325.0,1024.29,12.85
JM명월,2026-02-07,8.34,S11,89.38,8.63,15.95,326.0,1026.83,12.63
JM명월,2026-02-08,8.33,S11,89.39,8.62,15.94,326.0,1031.08,12.73
JM명월,2026-02-09,8.32,S11,89.4,8.61,15.94,325.0,1031.21,12.79
JM명월,2026-02-10,8.31,S11,89.41,8.6,15.94,325.0,1023.71,12.53
JM명월,2026-02-11,8.29,S11,89.43,8.58,15.94,324.0,1024.71,12.77
JM명월,2026-02-12,8.29,S11,89.43,8.58,15.94,325.0,1025.92,12.8
JM명월,2026-02-13,8.27,S11,89.45,8.56,15.93,324.0,1022.92,12.77
JM명월,2026-02-14,8.26,S11,89.46,8.55,15.94,323.0,1019.0,12.68
JM명월,2026-02-15,8.24,S11,89.48,8.53,15.93,323.0,1021.79,12.83
JM명월,2026-02-16,8.23,S11,89.49,8.52,15.94,323.0,1025.21,12.9
JM명월,2026-02-17,8.22,S11,89.5,8.51,15.94,323.0,1025.67,12.78
JM명월,2026-02-18,8.21,S11,89.51,8.5,15.93,322.0,1026.42,12.82
JM명월,2026-02-19,8.19,S11,89.53,8.48,15.93,322.0,1027.29,12.86
JM명월,2026-02-20,8.18,S11,89.54,8.47,15.94,321.0,1022.25,12.91
JM명월,2026-02-21,8.17,S11,89.55,8.46,15.94,320.0,1017.21,12.83
JM명월,2026-02-22,8.16,S11,89.56,8.45,15.93,321.0,1015.75,12.94
JM명월,2026-02-23,8.15,S11,89.57,8.44,15.94,320.0,1026.04,12.97
JM명월,2026-02-24,8.15,S11,89.57,8.44,15.95,320.0,1020.13,12.62
JM명월,2026-02-25,8.13,S11,89.59,8.42,15.94,320.0,1021.79,12.9
JM명월,2026-02-26,8.13,S11,89.59,8.42,15.95,319.0,1019.46,12.95
JM명월,2026-02-27,8.13,S11,89.59,8.42,15.95,319.0,1015.79,12.77
JM명월,2026-02-28,8.12,S11,89.6,8.41,15.94,319.0,1021.67,12.96
JM명월,2026-03-01,8.12,S11,89.6,8.41,15.95,319.0,1021.29,12.85
JM명월,2026-03-02,8.11,S11,89.61,8.4,15.95,319.0,1013.38,12.82
JM명월,2026-03-03,8.1,S11,89.62,8.39,15.94,317.0,1021.75,12.6
JM명월,2026-03-04,8.09,S11,89.63,8.38,15.95,318.0,1026.21,12.93
JM명월,2026-03-05,8.09,S11,89.63,8.38,15.95,318.0,1024.5,12.98
JM명월,2026-03-06,8.08,S11,89.64,8.37,15.95,317.0,1025.13,12.92
JM명월,2026-03-07,8.06,S11,89.66,8.35,15.94,318.0,1030.08,12.93
JM명월,2026-03-08,8.06,S11,89.66,8.35,15.94,316.0,1029.88,12.98
JM명월,2026-03-09,8.05,S11,89.67,8.34,15.94,315.0,1030.25,13.0
JM명월,2026-03-10,8.04,S11,89.68,8.33,15.94,316.0,1029.58,13.01
JM명월,2026-03-11,8.03,S11,89.69,8.32,15.95,315.0,1027.38,12.99
JM명월,2026-03-12,8.01,S11,89.71,8.3,15.94,315.0,1027.5,13.04
JM명월,2026-03-13,7.99,S11,89.73,8.28,15.94,316.0,1030.21,13.01
JM명월,2026-03-14,7.98,S11,89.74,8.27,15.95,314.0,1030.96,13.0
JM명월,2026-03-15,7.97,S11,89.75,8.26,15.94,314.0,1028.63,13.04
JM명월,2026-03-16,7.95,S11,89.77,8.24,15.94,314.0,1025.71,13.04
JM명월,2026-03-17,7.95,S11,89.77,8.24,15.95,313.0,1023.25,13.03
JM명월,2026-03-18,7.93,S11,89.79,8.22,15.94,313.0,1017.17,12.54
JM명월,2026-03-19,7.93,S11,89.79,8.22,15.94,313.0,1020.83,12.94
JM명월,2026-03-20,7.93,S11,89.79,8.22,15.95,313.0,1023.75,13.01
JM명월,2026-03-21,7.92,S11,89.8,8.21,15.94,312.0,1025.88,13.02
JM명월,2026-03-22,7.91,S11,89.81,8.2,15.94,312.0,1021.71,13.05
JM명월,2026-03-23,7.9,S11,89.82,8.19,15.94,311.0,1021.38,13.02
JM명월,2026-03-24,7.89,S11,89.83,8.18,15.94,312.0,1018.88,12.97
JM명월,2026-03-25,7.89,S11,89.83,8.18,15.95,310.0,1016.63,12.91
JM명월,2026-03-26,7.88,S11,89.84,8.17,15.94,311.0,1018.63,13.08
JM명월,2026-03-27,7.87,S11,89.85,8.16,15.95,310.0,1018.21,13.06
JM명월,2026-03-28,7.87,S11,89.85,8.16,15.95,310.0,1018.96,13.06
JM명월,2026-03-29,7.86,S11,89.86,8.15,15.95,310.0,1018.33,13.07
JM명월,2026-03-30,7.87,S11,89.85,8.16,15.97,311.0,1012.33,12.92
JM명월,2026-03-31,7.85,S11,89.87,8.14,15.96,311.0,1012.29,12.97
JM명월,2026-04-01,7.85,S11,89.87,8.14,15.95,309.0,1015.92,12.94
JM명월,2026-04-02,7.84,S11,89.88,8.13,15.94,309.0,1020.13,13.04
JM명월,2026-04-03,7.83,S11,89.89,8.12,15.94,308.0,1016.38,13.03
JM명월,2026-04-04,7.84,S11,89.88,8.13,15.94,307.0,1004.5,12.91
JM명월,2026-04-05,7.86,S11,89.86,8.15,15.96,308.0,1012.88,13.05
JM명월,2026-04-06,7.86,S11,89.86,8.15,15.95,307.0,1012.38,12.96
JM명월,2026-04-07,7.85,S11,89.87,8.14,15.94,307.0,1018.58,13.03
JM명월,2026-04-08,7.85,S11,89.87,8.14,15.94,307.0,1021.83,13.05
JM명월,2026-04-09,7.86,S11,89.86,8.15,15.95,307.0,1009.25,12.69
JM명월,2026-04-10,7.9,S11,89.82,8.19,15.95,305.0,1008.79,13.01
JM명월,2026-04-11,7.94,S11,89.78,8.23,15.94,307.0,1016.42,13.08
JM명월,2026-04-12,7.98,S11,89.74,8.27,15.94,306.0,1017.38,13.0
JM명월,2026-04-13,8.0,S11,89.72,8.29,15.94,306.0,1016.13,13.0
JM명월,2026-04-14,8.02,S11,89.7,8.31,15.94,307.0,1013.75,12.73
JM명월,2026-04-15,8.04,S11,89.68,8.33,15.95,306.0,1014.83,13.04
JM명월,2026-04-16,8.06,S11,89.66,8.35,15.94,306.0,1017.88,13.09
JM명월,2026-04-17,8.07,S11,89.65,8.36,15.94,306.0,1015.33,12.9
JM명월,2026-04-18,8.07,S11,89.65,8.36,15.94,305.0,1014.13,13.05
JM명월,2026-04-19,8.09,S11,89.63,8.38,15.94,306.0,1014.04,13.08
JM명월,2026-04-20,8.09,S11,89.63,8.38,15.95,305.0,1016.13,12.93
JM명월,2026-04-21,8.09,S11,89.63,8.38,15.95,305.0,1021.04,13.07
JM명월,2026-04-22,8.1,S11,89.62,8.39,15.94,305.0,1014.5,12.89
JM명월,2026-04-23,8.1,S11,89.62,8.39,15.94,306.0,1010.63,13.01
JM명월,2026-04-24,8.12,S11,89.6,8.41,15.95,305.0,1017.67,13.07
JM명월,2026-04-25,8.12,S11,89.6,8.41,15.94,304.0,1020.42,13.08
JM명월,2026-04-26,8.12,S11,89.6,8.41,15.94,305.0,1016.46,13.1
JM명월,2026-04-27,8.12,S11,89.61,8.41,15.94,304.0,1015.88,13.07
JM명월,2026-04-28,8.11,S11,89.61,8.4,15.94,304.0,1018.08,13.0
JM명월,2026-04-29,8.11,S11,89.61,8.4,15.94,303.0,1021.54,13.06
JM명월,2026-04-30,8.1,S11,89.62,8.39,15.94,303.0,1018.08,13.02
JM명월,2026-05-01,8.1,S11,89.63,8.39,15.94,303.0,1016.33,13.08
JM명월,2026-05-02,8.1,S11,89.62,8.39,15.94,303.0,1015.5,13.1
JM명월,2026-05-03,8.11,S11,89.61,8.4,15.95,303.0,1008.33,12.85
JM명월,2026-05-04,8.1,S11,89.62,8.39,15.94,302.0,1019.0,13.06
JM명월,2026-05-05,8.11,S11,89.61,8.4,15.94,303.0,1021.38,13.06
JM명월,2026-05-06,8.11,S11,89.61,8.4,15.94,302.0,1019.33,13.07
JM명월,2026-05-07,8.1,S11,89.62,8.39,15.94,301.0,1015.92,13.15
JM명월,2026-05-08,8.1,S11,89.62,8.39,15.94,301.0,1019.96,13.1
JM명월,2026-05-09,8.09,S11,89.63,8.38,15.95,301.0,1022.46,13.06
JM명월,2026-05-10,8.09,S11,89.63,8.38,15.94,302.0,1020.88,13.07
JM명월,2026-05-11,8.07,S11,89.65,8.36,15.94,301.0,1017.42,13.09
JM명월,2026-05-12,8.07,S11,89.65,8.36,15.94,300.0,1012.67,13.05
JM명월,2026-05-13,8.06,S11,89.66,8.35,15.94,301.0,1012.63,13.13
JM명월,2026-05-14,8.06,S11,89.66,8.35,15.94,300.0,1016.21,13.1
JM명월,2026-05-15,8.04,S11,89.68,8.33,15.93,300.0,1021.92,13.1
JM명월,2026-05-16,8.02,S11,89.7,8.31,15.94,300.0,1024.33,13.1
JM명월,2026-05-17,8.01,S11,89.71,8.3,15.94,299.0,1022.63,13.1
JM명월,2026-05-18,8.0,S11,89.72,8.29,15.94,298.0,1019.33,13.09
JM명월,2026-05-19,7.99,S11,89.73,8.28,15.94,298.0,1015.38,13.14
JM명월,2026-05-20,7.99,S11,89.73,8.28,15.94,297.0,1009.67,12.99
JM명월,2026-05-21,7.99,S11,89.73,8.28,15.94,297.0,1010.04,13.08
JM명월,2026-05-22,7.99,S11,89.73,8.28,15.94,298.0,1013.21,13.1
JM명월,2026-05-23,7.99,S11,89.73,8.28,15.94,297.0,1013.21,13.14
JM명월,2026-05-24,7.98,S11,89.74,8.27,15.94,297.0,1014.92,13.14
JM명월,2026-05-25,7.98,S11,89.74,8.27,15.94,298.0,1011.54,13.16
JM명월,2026-05-26,7.97,S11,89.75,8.26,15.94,296.0,1005.71,13.05
JM명월,2026-05-27,7.98,S11,89.74,8.27,15.94,297.0,1005.04,13.12
JM명월,2026-05-28,7.97,S11,89.75,8.26,15.94,297.0,1009.13,12.94
JM명월,2026-05-29,7.97,S11,89.76,8.26,15.94,297.0,1012.75,13.12
JM명월,2026-05-30,7.96,S11,89.76,8.25,15.94,296.0,1015.08,13.08
JM명월,2026-05-31,7.95,S11,89.77,8.24,15.94,296.0,1016.33,13.09
JM명월,2026-06-01,7.94,S11,89.78,8.23,15.94,295.0,1015.75,12.95
JM명월,2026-06-02,7.94,S11,89.78,8.23,15.94,296.0,1007.92,13.0
JM명월,2026-06-03,7.95,S11,89.77,8.24,15.94,296.0,1007.63,13.16
JM명월,2026-06-04,7.97,S11,89.75,8.26,15.94,295.0,1005.08,13.08
JM명월,2026-06-05,7.97,S11,89.75,8.26,15.94,294.0,1011.68,13.13
JM명월,2026-06-06,7.98,S11,89.74,8.27,15.94,296.0,1013.5,13.13
JM명월,2026-06-07,7.98,S11,89.74,8.27,15.94,296.0,1009.96,13.12
JM명월,2026-06-08,7.98,S11,89.74,8.27,15.94,294.0,1011.25,13.13
JM명월,2026-06-09,7.97,S11,89.75,8.26,15.94,295.0,1010.92,13.13
JM명월,2026-06-10,7.97,S11,89.75,8.26,15.94,294.0,1013.38,13.13
