관측소명,날짜,EL,센서,GL,Pressure,Temp,EC,Barometa,Battery
JM신례1,2016-01-01,44.51,,,,,,,
JM신례1,2016-01-02,44.48,,,,,,,
JM신례1,2016-01-03,44.45,,,,,,,
JM신례1,2016-01-04,44.42,,,,,,,
JM신례1,2016-01-05,44.38,,,,,,,
JM신례1,2016-01-06,44.35,,,,,,,
JM신례1,2016-01-07,44.32,,,,,,,
JM신례1,2016-01-08,44.28,,,,,,,
JM신례1,2016-01-09,44.25,,,,,,,
JM신례1,2016-01-10,44.22,,,,,,,
JM신례1,2016-01-11,44.18,,,,,,,
JM신례1,2016-01-12,44.15,,,,,,,
JM신례1,2016-01-13,44.11,,,,,,,
JM신례1,2016-01-14,44.07,,,,,,,
JM신례1,2016-01-15,44.04,,,,,,,
JM신례1,2016-01-16,44.0,,,,,,,
JM신례1,2016-01-17,43.97,,,,,,,
JM신례1,2016-01-18,43.94,,,,,,,
JM신례1,2016-01-19,43.9,,,,,,,
JM신례1,2016-01-20,43.86,,,,,,,
JM신례1,2016-01-21,43.83,,,,,,,
JM신례1,2016-01-22,43.8,,,,,,,
JM신례1,2016-01-30,43.57,,,,,,,
JM신례1,2016-01-31,43.55,,,,,,,
JM신례1,2016-02-01,43.52,,,,,,,
JM신례1,2016-02-02,43.49,,,,,,,
JM신례1,2016-02-03,43.44,,,,,,,
JM신례1,2016-02-04,43.4,,,,,,,
JM신례1,2016-02-05,43.36,,,,,,,
JM신례1,2016-02-06,43.32,,,,,,,
JM신례1,2016-02-07,43.28,,,,,,,
JM신례1,2016-02-08,43.25,,,,,,,
JM신례1,2016-02-09,43.21,,,,,,,
JM신례1,2016-02-10,43.17,,,,,,,
JM신례1,2016-02-11,43.14,,,,,,,
JM신례1,2016-02-12,43.11,,,,,,,
JM신례1,2016-02-13,43.14,,,,,,,
JM신례1,2016-02-14,43.19,,,,,,,
JM신례1,2016-02-15,43.22,,,,,,,
JM신례1,2016-02-16,43.24,,,,,,,
JM신례1,2016-02-17,43.26,,,,,,,
JM신례1,2016-02-18,43.28,,,,,,,
JM신례1,2016-02-19,43.31,,,,,,,
JM신례1,2016-02-20,43.36,,,,,,,
JM신례1,2016-02-21,43.41,,,,,,,
JM신례1,2016-02-22,43.47,,,,,,,
JM신례1,2016-02-23,43.53,,,,,,,
JM신례1,2016-02-24,43.57,,,,,,,
JM신례1,2016-02-25,43.62,,,,,,,
JM신례1,2016-02-26,43.66,,,,,,,
JM신례1,2016-02-27,43.7,,,,,,,
JM신례1,2016-02-28,43.74,,,,,,,
JM신례1,2016-02-29,43.78,,,,,,,
JM신례1,2016-03-01,43.81,,,,,,,
JM신례1,2016-03-02,43.84,,,,,,,
JM신례1,2016-03-03,43.87,,,,,,,
JM신례1,2016-03-04,43.9,,,,,,,
JM신례1,2016-03-05,43.94,,,,,,,
JM신례1,2016-03-06,43.99,,,,,,,
JM신례1,2016-03-07,44.03,,,,,,,
JM신례1,2016-03-08,44.07,,,,,,,
JM신례1,2016-03-09,44.12,,,,,,,
JM신례1,2016-03-10,44.15,,,,,,,
JM신례1,2016-03-11,44.18,,,,,,,
JM신례1,2016-03-12,44.2,,,,,,,
JM신례1,2016-03-13,44.22,,,,,,,
JM신례1,2016-03-14,44.25,,,,,,,
JM신례1,2016-03-15,44.26,,,,,,,
JM신례1,2016-03-16,44.28,,,,,,,
JM신례1,2016-03-17,44.3,,,,,,,
JM신례1,2016-03-18,44.33,,,,,,,
JM신례1,2016-03-19,44.35,,,,,,,
JM신례1,2016-03-20,44.36,,,,,,,
JM신례1,2016-03-21,44.36,,,,,,,
JM신례1,2016-03-22,44.37,,,,,,,
JM신례1,2016-03-23,44.37,,,,,,,
JM신례1,2016-03-24,44.37,,,,,,,
JM신례1,2016-03-25,44.37,,,,,,,
JM신례1,2016-03-26,44.36,,,,,,,
JM신례1,2016-03-27,44.36,,,,,,,
JM신례1,2016-03-28,44.35,,,,,,,
JM신례1,2016-03-29,44.34,,,,,,,
JM신례1,2016-03-30,44.33,,,,,,,
JM신례1,2016-03-31,44.32,,,,,,,
JM신례1,2016-04-01,44.31,,,,,,,
JM신례1,2016-04-02,44.28,,,,,,,
JM신례1,2016-04-03,44.28,,,,,,,
JM신례1,2016-04-04,44.28,,,,,,,
JM신례1,2016-04-05,44.27,,,,,,,
JM신례1,2016-04-06,44.25,,,,,,,
JM신례1,2016-04-07,44.28,,,,,,,
JM신례1,2016-04-08,44.3,,,,,,,
JM신례1,2016-04-09,44.3,,,,,,,
JM신례1,2016-04-10,44.28,,,,,,,
JM신례1,2016-04-11,44.26,,,,,,,
JM신례1,2016-04-12,44.25,,,,,,,
JM신례1,2016-04-13,44.25,,,,,,,
JM신례1,2016-04-14,44.26,,,,,,,
JM신례1,2016-04-15,44.26,,,,,,,
JM신례1,2016-04-16,44.29,,,,,,,
JM신례1,2016-04-17,44.31,,,,,,,
JM신례1,2016-04-18,44.33,,,,,,,
JM신례1,2016-04-19,44.35,,,,,,,
JM신례1,2016-04-20,44.38,,,,,,,
JM신례1,2016-04-21,44.43,,,,,,,
JM신례1,2016-04-22,44.49,,,,,,,
JM신례1,2016-04-23,44.54,,,,,,,
JM신례1,2016-04-24,44.59,,,,,,,
JM신례1,2016-04-25,44.62,,,,,,,
JM신례1,2016-04-26,44.66,,,,,,,
JM신례1,2016-04-27,44.71,,,,,,,
JM신례1,2016-04-28,44.77,,,,,,,
JM신례1,2016-04-29,44.81,,,,,,,
JM신례1,2016-04-30,44.85,,,,,,,
JM신례1,2016-05-01,44.88,,,,,,,
JM신례1,2016-05-02,44.92,,,,,,,
JM신례1,2016-05-03,44.99,,,,,,,
JM신례1,2016-05-04,45.08,,,,,,,
JM신례1,2016-05-05,45.18,,,,,,,
JM신례1,2016-05-06,45.3,,,,,,,
JM신례1,2016-05-07,45.41,,,,,,,
JM신례1,2016-05-08,45.51,,,,,,,
JM신례1,2016-05-09,45.61,,,,,,,
JM신례1,2016-05-10,45.72,,,,,,,
JM신례1,2016-05-11,45.83,,,,,,,
JM신례1,2016-05-12,45.91,,,,,,,
JM신례1,2016-05-13,46.0,,,,,,,
JM신례1,2016-05-14,46.07,,,,,,,
JM신례1,2016-05-15,46.16,,,,,,,
JM신례1,2016-05-16,46.23,,,,,,,
JM신례1,2016-05-17,46.29,,,,,,,
JM신례1,2016-05-18,46.34,,,,,,,
JM신례1,2016-05-19,46.4,,,,,,,
JM신례1,2016-05-20,46.45,,,,,,,
JM신례1,2016-05-21,46.49,,,,,,,
JM신례1,2016-05-22,46.54,,,,,,,
JM신례1,2016-05-23,46.58,,,,,,,
JM신례1,2016-05-24,46.64,,,,,,,
JM신례1,2016-05-25,46.68,,,,,,,
JM신례1,2016-05-26,46.71,,,,,,,
JM신례1,2016-05-27,46.74,,,,,,,
JM신례1,2016-05-28,46.77,,,,,,,
JM신례1,2016-05-29,46.8,,,,,,,
JM신례1,2016-05-30,46.82,,,,,,,
JM신례1,2016-05-31,46.83,,,,,,,
JM신례1,2016-06-01,46.84,,,,,,,
JM신례1,2016-06-02,46.84,,,,,,,
JM신례1,2016-06-03,46.84,,,,,,,
JM신례1,2016-06-04,46.84,,,,,,,
JM신례1,2016-06-05,46.84,,,,,,,
JM신례1,2016-06-06,46.82,,,,,,,
JM신례1,2016-06-07,46.81,,,,,,,
JM신례1,2016-06-08,46.8,,,,,,,
JM신례1,2016-06-09,46.78,,,,,,,
JM신례1,2016-06-10,46.75,,,,,,,
JM신례1,2016-06-11,46.73,,,,,,,
JM신례1,2016-06-12,46.71,,,,,,,
JM신례1,2016-06-13,46.68,,,,,,,
JM신례1,2016-06-14,46.65,,,,,,,
JM신례1,2016-06-15,46.61,,,,,,,
JM신례1,2016-06-16,46.58,,,,,,,
JM신례1,2016-06-17,46.53,,,,,,,
JM신례1,2016-06-18,46.48,,,,,,,
JM신례1,2016-06-19,46.44,,,,,,,
JM신례1,2016-06-20,46.41,,,,,,,
JM신례1,2016-06-21,46.37,,,,,,,
JM신례1,2016-06-22,46.35,,,,,,,
JM신례1,2016-06-23,46.37,,,,,,,
JM신례1,2016-06-24,46.39,,,,,,,
JM신례1,2016-06-25,46.38,,,,,,,
JM신례1,2016-06-26,46.35,,,,,,,
JM신례1,2016-06-27,46.32,,,,,,,
JM신례1,2016-06-28,46.29,,,,,,,
JM신례1,2016-06-29,46.28,,,,,,,
JM신례1,2016-06-30,46.27,,,,,,,
JM신례1,2016-07-01,46.27,,,,,,,
JM신례1,2016-07-02,46.28,,,,,,,
JM신례1,2016-07-03,46.27,,,,,,,
JM신례1,2016-07-04,46.27,,,,,,,
JM신례1,2016-07-05,46.25,,,,,,,
JM신례1,2016-07-06,46.24,,,,,,,
JM신례1,2016-07-07,46.21,,,,,,,
JM신례1,2016-07-08,46.21,,,,,,,
JM신례1,2016-07-09,46.2,,,,,,,
JM신례1,2016-07-10,46.18,,,,,,,
JM신례1,2016-07-11,46.17,,,,,,,
JM신례1,2016-07-12,46.19,,,,,,,
JM신례1,2016-07-13,46.3,,,,,,,
JM신례1,2016-07-14,46.5,,,,,,,
JM신례1,2016-07-15,46.68,,,,,,,
JM신례1,2016-07-16,46.78,,,,,,,
JM신례1,2016-07-17,46.84,,,,,,,
JM신례1,2016-07-18,46.88,,,,,,,
JM신례1,2016-07-19,46.92,,,,,,,
JM신례1,2016-07-20,46.95,,,,,,,
JM신례1,2016-07-21,46.99,,,,,,,
JM신례1,2016-07-22,47.02,,,,,,,
JM신례1,2016-07-23,47.06,,,,,,,
JM신례1,2016-07-24,47.09,,,,,,,
JM신례1,2016-07-25,47.11,,,,,,,
JM신례1,2016-07-26,47.13,,,,,,,
JM신례1,2016-07-27,47.15,,,,,,,
JM신례1,2016-07-28,47.17,,,,,,,
JM신례1,2016-07-29,47.19,,,,,,,
JM신례1,2016-07-30,47.2,,,,,,,
JM신례1,2016-07-31,47.21,,,,,,,
JM신례1,2016-08-01,47.21,,,,,,,
JM신례1,2016-08-02,47.22,,,,,,,
JM신례1,2016-08-03,47.22,,,,,,,
JM신례1,2016-08-04,47.23,,,,,,,
JM신례1,2016-08-05,47.24,,,,,,,
JM신례1,2016-08-06,47.25,,,,,,,
JM신례1,2016-08-07,47.25,,,,,,,
JM신례1,2016-08-08,47.24,,,,,,,
JM신례1,2016-08-09,47.23,,,,,,,
JM신례1,2016-08-10,47.21,,,,,,,
JM신례1,2016-08-11,47.19,,,,,,,
JM신례1,2016-08-12,47.17,,,,,,,
JM신례1,2016-08-13,47.14,,,,,,,
JM신례1,2016-08-14,47.11,,,,,,,
JM신례1,2016-08-15,47.09,,,,,,,
JM신례1,2016-08-16,47.06,,,,,,,
JM신례1,2016-08-17,47.02,,,,,,,
JM신례1,2016-08-18,46.99,,,,,,,
JM신례1,2016-08-19,46.94,,,,,,,
JM신례1,2016-08-20,46.9,,,,,,,
JM신례1,2016-08-21,46.85,,,,,,,
JM신례1,2016-08-22,46.81,,,,,,,
JM신례1,2016-08-23,46.76,,,,,,,
JM신례1,2016-08-24,46.7,,,,,,,
JM신례1,2016-08-25,46.65,,,,,,,
JM신례1,2016-08-26,46.59,,,,,,,
JM신례1,2016-08-27,46.54,,,,,,,
JM신례1,2016-08-28,46.5,,,,,,,
JM신례1,2016-08-29,46.45,,,,,,,
JM신례1,2016-08-30,46.4,,,,,,,
JM신례1,2016-08-31,46.35,,,,,,,
JM신례1,2016-09-01,46.29,,,,,,,
JM신례1,2016-09-02,46.23,,,,,,,
JM신례1,2016-09-03,46.19,,,,,,,
JM신례1,2016-09-04,46.13,,,,,,,
JM신례1,2016-09-05,46.06,,,,,,,
JM신례1,2016-09-06,46.01,,,,,,,
JM신례1,2016-09-07,45.96,,,,,,,
JM신례1,2016-09-08,45.89,,,,,,,
JM신례1,2016-09-09,45.83,,,,,,,
JM신례1,2016-09-10,45.76,,,,,,,
JM신례1,2016-09-11,45.69,,,,,,,
JM신례1,2016-09-12,45.63,,,,,,,
JM신례1,2016-09-13,45.56,,,,,,,
JM신례1,2016-09-14,45.5,,,,,,,
JM신례1,2016-09-15,45.44,,,,,,,
JM신례1,2016-09-16,45.38,,,,,,,
JM신례1,2016-09-17,45.33,,,,,,,
JM신례1,2016-09-18,45.27,,,,,,,
JM신례1,2016-09-19,45.22,,,,,,,
JM신례1,2016-09-20,45.16,,,,,,,
JM신례1,2016-09-21,45.09,,,,,,,
JM신례1,2016-09-22,45.02,,,,,,,
JM신례1,2016-09-23,44.96,,,,,,,
JM신례1,2016-09-24,44.89,,,,,,,
JM신례1,2016-09-25,44.82,,,,,,,
JM신례1,2016-09-26,44.75,,,,,,,
JM신례1,2016-09-27,44.68,,,,,,,
JM신례1,2016-09-28,44.62,,,,,,,
JM신례1,2016-09-29,44.58,,,,,,,
JM신례1,2016-09-30,44.53,,,,,,,
JM신례1,2016-10-01,44.48,,,,,,,
JM신례1,2016-10-02,44.43,,,,,,,
JM신례1,2016-10-03,44.37,,,,,,,
JM신례1,2016-10-04,44.31,,,,,,,
JM신례1,2016-10-05,44.35,,,,,,,
JM신례1,2016-10-06,44.82,,,,,,,
JM신례1,2016-10-07,45.14,,,,,,,
JM신례1,2016-10-08,45.25,,,,,,,
JM신례1,2016-10-09,45.28,,,,,,,
JM신례1,2016-10-10,45.27,,,,,,,
JM신례1,2016-10-11,45.25,,,,,,,
JM신례1,2016-10-12,45.24,,,,,,,
JM신례1,2016-10-13,45.22,,,,,,,
JM신례1,2016-10-14,45.21,,,,,,,
JM신례1,2016-10-15,45.19,,,,,,,
JM신례1,2016-10-16,45.19,,,,,,,
JM신례1,2016-10-17,45.18,,,,,,,
JM신례1,2016-10-18,45.18,,,,,,,
JM신례1,2016-10-19,45.16,,,,,,,
JM신례1,2016-10-20,45.15,,,,,,,
JM신례1,2016-10-21,45.13,,,,,,,
JM신례1,2016-10-22,45.13,,,,,,,
JM신례1,2016-10-23,45.13,,,,,,,
JM신례1,2016-10-24,45.12,,,,,,,
JM신례1,2016-10-25,45.1,,,,,,,
JM신례1,2016-10-26,45.08,,,,,,,
JM신례1,2016-10-27,45.07,,,,,,,
JM신례1,2016-10-28,45.07,,,,,,,
JM신례1,2016-10-29,45.06,,,,,,,
JM신례1,2016-10-30,45.04,,,,,,,
JM신례1,2016-10-31,45.03,,,,,,,
JM신례1,2016-11-01,45.01,,,,,,,
JM신례1,2016-11-02,45.0,,,,,,,
JM신례1,2016-11-03,44.99,,,,,,,
JM신례1,2016-11-04,44.99,,,,,,,
JM신례1,2016-11-05,44.98,,,,,,,
JM신례1,2016-11-06,44.97,,,,,,,
JM신례1,2016-11-07,44.96,,,,,,,
JM신례1,2016-11-08,44.95,,,,,,,
JM신례1,2016-11-09,44.93,,,,,,,
JM신례1,2016-11-10,44.92,,,,,,,
JM신례1,2016-11-11,44.91,,,,,,,
JM신례1,2016-11-12,44.89,,,,,,,
JM신례1,2016-11-13,44.88,,,,,,,
JM신례1,2016-11-14,44.87,,,,,,,
JM신례1,2016-11-15,44.86,,,,,,,
JM신례1,2016-11-16,44.83,,,,,,,
JM신례1,2016-11-17,44.81,,,,,,,
JM신례1,2016-11-18,44.79,,,,,,,
JM신례1,2016-11-19,44.77,,,,,,,
JM신례1,2016-11-20,44.74,,,,,,,
JM신례1,2016-11-21,44.72,,,,,,,
JM신례1,2016-11-22,44.69,,,,,,,
JM신례1,2016-11-23,44.66,,,,,,,
JM신례1,2016-11-24,44.63,,,,,,,
JM신례1,2016-11-25,44.59,,,,,,,
JM신례1,2016-11-26,44.56,,,,,,,
JM신례1,2016-11-27,44.53,,,,,,,
JM신례1,2016-11-28,44.49,,,,,,,
JM신례1,2016-11-29,44.45,,,,,,,
JM신례1,2016-11-30,44.41,,,,,,,
JM신례1,2016-12-01,44.38,,,,,,,
JM신례1,2016-12-02,44.34,,,,,,,
JM신례1,2016-12-03,44.31,,,,,,,
JM신례1,2016-12-04,44.27,,,,,,,
JM신례1,2016-12-05,44.23,,,,,,,
JM신례1,2016-12-06,44.19,,,,,,,
JM신례1,2016-12-07,44.15,,,,,,,
JM신례1,2016-12-08,44.11,,,,,,,
JM신례1,2016-12-09,44.07,,,,,,,
JM신례1,2016-12-10,44.03,,,,,,,
JM신례1,2016-12-11,43.98,,,,,,,
JM신례1,2016-12-12,43.94,,,,,,,
JM신례1,2016-12-13,43.9,,,,,,,
JM신례1,2016-12-14,43.86,,,,,,,
JM신례1,2016-12-15,43.81,,,,,,,
JM신례1,2016-12-16,43.77,,,,,,,
JM신례1,2016-12-17,43.72,,,,,,,
JM신례1,2016-12-18,43.68,,,,,,,
JM신례1,2016-12-19,43.64,,,,,,,
JM신례1,2016-12-20,43.6,,,,,,,
JM신례1,2016-12-21,43.57,,,,,,,
JM신례1,2016-12-22,43.55,,,,,,,
JM신례1,2016-12-23,43.52,,,,,,,
JM신례1,2016-12-24,43.48,,,,,,,
JM신례1,2016-12-25,43.44,,,,,,,
JM신례1,2016-12-26,43.4,,,,,,,
JM신례1,2016-12-27,43.37,,,,,,,
JM신례1,2016-12-28,43.34,,,,,,,
JM신례1,2016-12-29,43.3,,,,,,,
JM신례1,2016-12-30,43.24,,,,,,,
JM신례1,2016-12-31,43.21,,,,,,,
JM신례1,2017-01-01,43.17,,,,,,,
JM신례1,2017-01-02,43.13,,,,,,,
JM신례1,2017-01-03,43.09,,,,,,,
JM신례1,2017-01-04,43.05,,,,,,,
JM신례1,2017-01-05,43.02,,,,,,,
JM신례1,2017-01-06,42.99,,,,,,,
JM신례1,2017-01-07,42.96,,,,,,,
JM신례1,2017-01-08,42.93,,,,,,,
JM신례1,2017-01-09,42.91,,,,,,,
JM신례1,2017-01-10,42.89,,,,,,,
JM신례1,2017-01-11,42.85,,,,,,,
JM신례1,2017-01-12,42.83,,,,,,,
JM신례1,2017-01-13,42.79,,,,,,,
JM신례1,2017-01-14,42.76,,,,,,,
JM신례1,2017-01-15,42.74,,,,,,,
JM신례1,2017-01-16,42.71,,,,,,,
JM신례1,2017-01-17,42.67,,,,,,,
JM신례1,2017-01-18,42.64,,,,,,,
JM신례1,2017-01-19,42.62,,,,,,,
JM신례1,2017-01-20,42.6,,,,,,,
JM신례1,2017-01-21,42.58,,,,,,,
JM신례1,2017-01-22,42.56,,,,,,,
JM신례1,2017-01-23,42.53,,,,,,,
JM신례1,2017-01-24,42.51,,,,,,,
JM신례1,2017-01-25,42.49,,,,,,,
JM신례1,2017-01-26,42.47,,,,,,,
JM신례1,2017-01-27,42.44,,,,,,,
JM신례1,2017-01-28,42.42,,,,,,,
JM신례1,2017-01-29,42.41,,,,,,,
JM신례1,2017-01-30,42.39,,,,,,,
JM신례1,2017-01-31,42.38,,,,,,,
JM신례1,2017-02-01,42.35,,,,,,,
JM신례1,2017-02-02,42.33,,,,,,,
JM신례1,2017-02-03,42.31,,,,,,,
JM신례1,2017-02-04,42.29,,,,,,,
JM신례1,2017-02-05,42.28,,,,,,,
JM신례1,2017-02-06,42.26,,,,,,,
JM신례1,2017-02-07,42.24,,,,,,,
JM신례1,2017-02-08,42.22,,,,,,,
JM신례1,2017-02-09,42.2,,,,,,,
JM신례1,2017-02-10,42.18,,,,,,,
JM신례1,2017-02-11,42.16,,,,,,,
JM신례1,2017-02-12,42.14,,,,,,,
JM신례1,2017-02-13,42.11,,,,,,,
JM신례1,2017-02-14,42.08,,,,,,,
JM신례1,2017-02-15,42.05,,,,,,,
JM신례1,2017-02-16,42.03,,,,,,,
JM신례1,2017-02-17,42.01,,,,,,,
JM신례1,2017-02-18,41.99,,,,,,,
JM신례1,2017-02-19,41.97,,,,,,,
JM신례1,2017-02-20,41.95,,,,,,,
JM신례1,2017-02-21,41.93,,,,,,,
JM신례1,2017-02-22,41.91,,,,,,,
JM신례1,2017-02-23,41.91,,,,,,,
JM신례1,2017-02-24,41.89,,,,,,,
JM신례1,2017-02-25,41.87,,,,,,,
JM신례1,2017-02-26,41.84,,,,,,,
JM신례1,2017-02-27,41.82,,,,,,,
JM신례1,2017-02-28,41.8,,,,,,,
JM신례1,2017-03-01,41.77,,,,,,,
JM신례1,2017-03-02,41.75,,,,,,,
JM신례1,2017-03-03,41.73,,,,,,,
JM신례1,2017-03-04,41.7,,,,,,,
JM신례1,2017-03-05,41.67,,,,,,,
JM신례1,2017-03-06,41.65,,,,,,,
JM신례1,2017-03-07,41.63,,,,,,,
JM신례1,2017-03-08,41.6,,,,,,,
JM신례1,2017-03-09,41.57,,,,,,,
JM신례1,2017-03-10,41.55,,,,,,,
JM신례1,2017-03-11,41.51,,,,,,,
JM신례1,2017-03-12,41.49,,,,,,,
JM신례1,2017-03-13,41.48,,,,,,,
JM신례1,2017-03-14,41.46,,,,,,,
JM신례1,2017-03-15,41.43,,,,,,,
JM신례1,2017-03-16,41.4,,,,,,,
JM신례1,2017-03-17,41.38,,,,,,,
JM신례1,2017-03-18,41.36,,,,,,,
JM신례1,2017-03-19,41.34,,,,,,,
JM신례1,2017-03-20,41.33,,,,,,,
JM신례1,2017-03-21,41.32,,,,,,,
JM신례1,2017-03-22,41.3,,,,,,,
JM신례1,2017-03-23,41.29,,,,,,,
JM신례1,2017-03-24,41.27,,,,,,,
JM신례1,2017-03-25,41.25,,,,,,,
JM신례1,2017-03-26,41.23,,,,,,,
JM신례1,2017-03-27,41.21,,,,,,,
JM신례1,2017-03-28,41.19,,,,,,,
JM신례1,2017-03-29,41.16,,,,,,,
JM신례1,2017-03-30,41.14,,,,,,,
JM신례1,2017-03-31,41.12,,,,,,,
JM신례1,2017-04-01,41.11,,,,,,,
JM신례1,2017-04-02,41.09,,,,,,,
JM신례1,2017-04-03,41.07,,,,,,,
JM신례1,2017-04-04,41.05,,,,,,,
JM신례1,2017-04-05,41.03,,,,,,,
JM신례1,2017-04-06,41.04,,,,,,,
JM신례1,2017-04-07,41.14,,,,,,,
JM신례1,2017-04-08,41.19,,,,,,,
JM신례1,2017-04-09,41.19,,,,,,,
JM신례1,2017-04-10,41.2,,,,,,,
JM신례1,2017-04-11,41.19,,,,,,,
JM신례1,2017-04-12,41.17,,,,,,,
JM신례1,2017-04-13,41.16,,,,,,,
JM신례1,2017-04-14,41.17,,,,,,,
JM신례1,2017-04-15,41.17,,,,,,,
JM신례1,2017-04-16,41.18,,,,,,,
JM신례1,2017-04-17,41.19,,,,,,,
JM신례1,2017-04-18,41.23,,,,,,,
JM신례1,2017-04-19,41.24,,,,,,,
JM신례1,2017-04-20,41.25,,,,,,,
JM신례1,2017-04-21,41.26,,,,,,,
JM신례1,2017-04-22,41.26,,,,,,,
JM신례1,2017-04-23,41.26,,,,,,,
JM신례1,2017-04-24,41.26,,,,,,,
JM신례1,2017-04-25,41.27,,,,,,,
JM신례1,2017-04-26,41.28,,,,,,,
JM신례1,2017-04-27,41.29,,,,,,,
JM신례1,2017-04-28,41.28,,,,,,,
JM신례1,2017-04-29,41.25,,,,,,,
JM신례1,2017-04-30,41.25,,,,,,,
JM신례1,2017-05-01,41.24,,,,,,,
JM신례1,2017-05-02,41.24,,,,,,,
JM신례1,2017-05-03,41.25,,,,,,,
JM신례1,2017-05-04,41.25,,,,,,,
JM신례1,2017-05-05,41.26,,,,,,,
JM신례1,2017-05-06,41.27,,,,,,,
JM신례1,2017-05-07,41.27,,,,,,,
JM신례1,2017-05-08,41.27,,,,,,,
JM신례1,2017-05-09,41.28,,,,,,,
JM신례1,2017-05-10,41.28,,,,,,,
JM신례1,2017-05-11,41.28,,,,,,,
JM신례1,2017-05-12,41.28,,,,,,,
JM신례1,2017-05-13,41.28,,,,,,,
JM신례1,2017-05-14,41.27,,,,,,,
JM신례1,2017-05-15,41.25,,,,,,,
JM신례1,2017-05-16,41.24,,,,,,,
JM신례1,2017-05-17,41.22,,,,,,,
JM신례1,2017-05-18,41.19,,,,,,,
JM신례1,2017-05-19,41.17,,,,,,,
JM신례1,2017-05-20,41.15,,,,,,,
JM신례1,2017-05-21,41.14,,,,,,,
JM신례1,2017-05-22,41.13,,,,,,,
JM신례1,2017-05-23,41.11,,,,,,,
JM신례1,2017-05-24,41.11,,,,,,,
JM신례1,2017-05-25,41.1,,,,,,,
JM신례1,2017-05-26,41.07,,,,,,,
JM신례1,2017-05-27,41.05,,,,,,,
JM신례1,2017-05-28,41.03,,,,,,,
JM신례1,2017-05-29,41.01,,,,,,,
JM신례1,2017-05-30,40.99,,,,,,,
JM신례1,2017-05-31,40.98,,,,,,,
JM신례1,2017-06-01,40.97,,,,,,,
JM신례1,2017-06-02,40.95,,,,,,,
JM신례1,2017-06-03,40.93,,,,,,,
JM신례1,2017-06-04,40.92,,,,,,,
JM신례1,2017-06-05,40.9,,,,,,,
JM신례1,2017-06-06,40.89,,,,,,,
JM신례1,2017-06-07,40.92,,,,,,,
JM신례1,2017-06-08,40.95,,,,,,,
JM신례1,2017-06-09,40.94,,,,,,,
JM신례1,2017-06-10,40.93,,,,,,,
JM신례1,2017-06-11,40.92,,,,,,,
JM신례1,2017-06-12,40.89,,,,,,,
JM신례1,2017-06-13,40.86,,,,,,,
JM신례1,2017-06-14,40.85,,,,,,,
JM신례1,2017-06-15,40.83,,,,,,,
JM신례1,2017-06-16,40.81,,,,,,,
JM신례1,2017-06-17,40.8,,,,,,,
JM신례1,2017-06-18,40.78,,,,,,,
JM신례1,2017-06-19,40.76,,,,,,,
JM신례1,2017-06-20,40.75,,,,,,,
JM신례1,2017-06-21,40.76,,,,,,,
JM신례1,2017-06-22,40.76,,,,,,,
JM신례1,2017-06-23,40.75,,,,,,,
JM신례1,2017-06-24,40.75,,,,,,,
JM신례1,2017-06-25,40.74,,,,,,,
JM신례1,2017-06-26,40.73,,,,,,,
JM신례1,2017-06-27,40.72,,,,,,,
JM신례1,2017-06-28,40.7,,,,,,,
JM신례1,2017-06-29,40.69,,,,,,,
JM신례1,2017-06-30,40.7,,,,,,,
JM신례1,2017-07-01,40.7,,,,,,,
JM신례1,2017-07-02,40.7,,,,,,,
JM신례1,2017-07-03,40.68,,,,,,,
JM신례1,2017-07-04,40.65,,,,,,,
JM신례1,2017-07-05,40.63,,,,,,,
JM신례1,2017-07-06,40.61,,,,,,,
JM신례1,2017-07-07,40.6,,,,,,,
JM신례1,2017-07-08,40.58,,,,,,,
JM신례1,2017-07-09,40.57,,,,,,,
JM신례1,2017-07-10,40.56,,,,,,,
JM신례1,2017-07-11,40.55,,,,,,,
JM신례1,2017-07-12,40.54,,,,,,,
JM신례1,2017-07-13,40.53,,,,,,,
JM신례1,2017-07-14,40.52,,,,,,,
JM신례1,2017-07-15,40.5,,,,,,,
JM신례1,2017-07-16,40.48,,,,,,,
JM신례1,2017-07-17,40.46,,,,,,,
JM신례1,2017-07-18,40.45,,,,,,,
JM신례1,2017-07-20,40.51,,,,,,,
JM신례1,2017-07-21,40.53,,,,,,,
JM신례1,2017-07-22,40.58,,,,,,,
JM신례1,2017-07-23,40.59,,,,,,,
JM신례1,2017-07-24,40.6,,,,,,,
JM신례1,2017-07-25,40.6,,,,,,,
JM신례1,2017-07-26,40.61,,,,,,,
JM신례1,2017-07-27,40.64,,,,,,,
JM신례1,2017-07-28,40.66,,,,,,,
JM신례1,2017-07-29,40.67,,,,,,,
JM신례1,2017-07-30,40.68,,,,,,,
JM신례1,2017-07-31,40.71,,,,,,,
JM신례1,2017-08-01,40.74,,,,,,,
JM신례1,2017-08-02,40.76,,,,,,,
JM신례1,2017-08-03,40.78,,,,,,,
JM신례1,2017-08-04,40.78,,,,,,,
JM신례1,2017-08-05,40.78,,,,,,,
JM신례1,2017-08-06,40.78,,,,,,,
JM신례1,2017-08-07,40.78,,,,,,,
JM신례1,2017-08-08,40.78,,,,,,,
JM신례1,2017-08-09,40.8,,,,,,,
JM신례1,2017-08-10,40.83,,,,,,,
JM신례1,2017-08-11,40.84,,,,,,,
JM신례1,2017-08-12,40.84,,,,,,,
JM신례1,2017-08-13,40.86,,,,,,,
JM신례1,2017-08-14,40.88,,,,,,,
JM신례1,2017-08-15,40.93,,,,,,,
JM신례1,2017-08-16,40.96,,,,,,,
JM신례1,2017-08-17,40.99,,,,,,,
JM신례1,2017-08-18,41.02,,,,,,,
JM신례1,2017-08-19,41.04,,,,,,,
JM신례1,2017-08-20,41.08,,,,,,,
JM신례1,2017-08-21,41.15,,,,,,,
JM신례1,2017-08-22,41.2,,,,,,,
JM신례1,2017-08-23,41.24,,,,,,,
JM신례1,2017-08-24,41.29,,,,,,,
JM신례1,2017-08-25,41.33,,,,,,,
JM신례1,2017-08-26,41.38,,,,,,,
JM신례1,2017-08-27,41.43,,,,,,,
JM신례1,2017-08-28,41.48,,,,,,,
JM신례1,2017-08-29,41.53,,,,,,,
JM신례1,2017-08-30,41.57,,,,,,,
JM신례1,2017-08-31,41.63,,,,,,,
JM신례1,2017-09-01,41.68,,,,,,,
JM신례1,2017-09-02,41.72,,,,,,,
JM신례1,2017-09-03,41.76,,,,,,,
JM신례1,2017-09-04,41.81,,,,,,,
JM신례1,2017-09-05,41.87,,,,,,,
JM신례1,2017-09-06,41.93,,,,,,,
JM신례1,2017-09-07,41.98,,,,,,,
JM신례1,2017-09-08,42.03,,,,,,,
JM신례1,2017-09-09,42.07,,,,,,,
JM신례1,2017-09-10,42.09,,,,,,,
JM신례1,2017-09-11,42.13,,,,,,,
JM신례1,2017-09-12,42.16,,,,,,,
JM신례1,2017-09-13,42.19,,,,,,,
JM신례1,2017-09-14,42.21,,,,,,,
JM신례1,2017-09-15,42.23,,,,,,,
JM신례1,2017-09-16,42.25,,,,,,,
JM신례1,2017-09-17,42.27,,,,,,,
JM신례1,2017-09-18,42.27,,,,,,,
JM신례1,2017-09-19,42.27,,,,,,,
JM신례1,2017-09-20,42.28,,,,,,,
JM신례1,2017-09-21,42.29,,,,,,,
JM신례1,2017-09-22,42.3,,,,,,,
JM신례1,2017-09-23,42.3,,,,,,,
JM신례1,2017-09-24,42.3,,,,,,,
JM신례1,2017-09-25,42.3,,,,,,,
JM신례1,2017-09-26,42.31,,,,,,,
JM신례1,2017-09-27,42.33,,,,,,,
JM신례1,2017-09-28,42.34,,,,,,,
JM신례1,2017-09-29,42.33,,,,,,,
JM신례1,2017-09-30,42.31,,,,,,,
JM신례1,2017-10-01,42.31,,,,,,,
JM신례1,2017-10-02,42.43,,,,,,,
JM신례1,2017-10-03,42.8,,,,,,,
JM신례1,2017-10-04,43.1,,,,,,,
JM신례1,2017-10-05,43.26,,,,,,,
JM신례1,2017-10-06,43.37,,,,,,,
JM신례1,2017-10-07,43.54,,,,,,,
JM신례1,2017-10-08,43.69,,,,,,,
JM신례1,2017-10-09,43.82,,,,,,,
JM신례1,2017-10-10,43.94,,,,,,,
JM신례1,2017-10-11,44.05,,,,,,,
JM신례1,2017-10-12,44.15,,,,,,,
JM신례1,2017-10-13,44.23,,,,,,,
JM신례1,2017-10-14,44.3,,,,,,,
JM신례1,2017-10-15,44.37,,,,,,,
JM신례1,2017-10-16,44.44,,,,,,,
JM신례1,2017-10-17,44.51,,,,,,,
JM신례1,2017-10-18,44.57,,,,,,,
JM신례1,2017-10-19,44.63,,,,,,,
JM신례1,2017-10-20,44.68,,,,,,,
JM신례1,2017-10-21,44.73,,,,,,,
JM신례1,2017-10-22,44.77,,,,,,,
JM신례1,2017-10-23,44.76,,,,,,,
JM신례1,2017-10-24,44.78,,,,,,,
JM신례1,2017-10-25,44.8,,,,,,,
JM신례1,2017-10-26,44.83,,,,,,,
JM신례1,2017-10-27,44.85,,,,,,,
JM신례1,2017-10-28,44.87,,,,,,,
JM신례1,2017-10-29,44.89,,,,,,,
JM신례1,2017-10-30,44.9,,,,,,,
JM신례1,2017-10-31,44.91,,,,,,,
JM신례1,2017-11-01,44.92,,,,,,,
JM신례1,2017-11-02,44.92,,,,,,,
JM신례1,2017-11-03,44.93,,,,,,,
JM신례1,2017-11-04,44.91,,,,,,,
JM신례1,2017-11-05,44.9,,,,,,,
JM신례1,2017-11-06,44.89,,,,,,,
JM신례1,2017-11-07,44.88,,,,,,,
JM신례1,2017-11-08,44.88,,,,,,,
JM신례1,2017-11-09,44.86,,,,,,,
JM신례1,2017-11-10,44.84,,,,,,,
JM신례1,2017-11-11,44.82,,,,,,,
JM신례1,2017-11-12,44.79,,,,,,,
JM신례1,2017-11-13,44.76,,,,,,,
JM신례1,2017-11-14,44.73,,,,,,,
JM신례1,2017-11-15,44.69,,,,,,,
JM신례1,2017-11-16,44.65,,,,,,,
JM신례1,2017-11-17,44.61,,,,,,,
JM신례1,2017-11-18,44.58,,,,,,,
JM신례1,2017-11-19,44.52,,,,,,,
JM신례1,2017-11-20,44.47,,,,,,,
JM신례1,2017-11-21,44.42,,,,,,,
JM신례1,2017-11-22,44.38,,,,,,,
JM신례1,2017-11-23,44.32,,,,,,,
JM신례1,2017-11-24,44.26,,,,,,,
JM신례1,2017-11-25,44.2,,,,,,,
JM신례1,2017-11-26,44.15,,,,,,,
JM신례1,2017-11-27,44.09,,,,,,,
JM신례1,2017-11-28,44.04,,,,,,,
JM신례1,2017-11-29,43.98,,,,,,,
JM신례1,2017-11-30,43.92,,,,,,,
JM신례1,2017-12-01,43.86,,,,,,,
JM신례1,2017-12-02,43.8,,,,,,,
JM신례1,2017-12-03,43.74,,,,,,,
JM신례1,2017-12-04,43.68,,,,,,,
JM신례1,2017-12-05,43.62,,,,,,,
JM신례1,2017-12-06,43.56,,,,,,,
JM신례1,2017-12-07,43.51,,,,,,,
JM신례1,2017-12-08,43.45,,,,,,,
JM신례1,2017-12-09,43.39,,,,,,,
JM신례1,2017-12-10,43.33,,,,,,,
JM신례1,2017-12-11,43.27,,,,,,,
JM신례1,2017-12-12,43.21,,,,,,,
JM신례1,2017-12-13,43.15,,,,,,,
JM신례1,2017-12-14,43.09,,,,,,,
JM신례1,2017-12-15,43.03,,,,,,,
JM신례1,2017-12-16,42.97,,,,,,,
JM신례1,2017-12-17,42.91,,,,,,,
JM신례1,2017-12-18,42.85,,,,,,,
JM신례1,2017-12-19,42.78,,,,,,,
JM신례1,2017-12-20,42.72,,,,,,,
JM신례1,2017-12-21,42.66,,,,,,,
JM신례1,2017-12-22,42.6,,,,,,,
JM신례1,2017-12-23,42.54,,,,,,,
JM신례1,2017-12-24,42.49,,,,,,,
JM신례1,2017-12-25,42.43,,,,,,,
JM신례1,2017-12-26,42.38,,,,,,,
JM신례1,2017-12-27,42.32,,,,,,,
JM신례1,2017-12-28,42.26,,,,,,,
JM신례1,2017-12-29,42.21,,,,,,,
JM신례1,2017-12-30,42.15,,,,,,,
JM신례1,2017-12-31,42.1,,,,,,,
JM신례1,2018-01-01,42.04,,,,,,,
JM신례1,2018-01-02,41.99,,,,,,,
JM신례1,2018-01-03,41.94,,,,,,,
JM신례1,2018-01-04,41.89,,,,,,,
JM신례1,2018-01-05,41.84,,,,,,,
JM신례1,2018-01-06,41.79,,,,,,,
JM신례1,2018-01-07,41.74,,,,,,,
JM신례1,2018-01-08,41.7,,,,,,,
JM신례1,2018-01-09,41.65,,,,,,,
JM신례1,2018-01-10,41.6,,,,,,,
JM신례1,2018-01-11,41.56,,,,,,,
JM신례1,2018-01-12,41.51,,,,,,,
JM신례1,2018-01-13,41.46,,,,,,,
JM신례1,2018-01-14,41.42,,,,,,,
JM신례1,2018-01-15,41.37,,,,,,,
JM신례1,2018-01-16,41.33,,,,,,,
JM신례1,2018-01-17,41.29,,,,,,,
JM신례1,2018-01-18,41.26,,,,,,,
JM신례1,2018-01-19,41.22,,,,,,,
JM신례1,2018-01-20,41.18,,,,,,,
JM신례1,2018-01-21,41.14,,,,,,,
JM신례1,2018-01-22,41.1,,,,,,,
JM신례1,2018-01-23,41.05,,,,,,,
JM신례1,2018-01-24,41.01,,,,,,,
JM신례1,2018-01-25,40.97,,,,,,,
JM신례1,2018-01-26,40.93,,,,,,,
JM신례1,2018-01-27,40.89,,,,,,,
JM신례1,2018-01-28,40.85,,,,,,,
JM신례1,2018-01-29,40.8,,,,,,,
JM신례1,2018-01-30,40.77,,,,,,,
JM신례1,2018-02-01,40.64,,,,,,,
JM신례1,2018-02-02,40.62,,,,,,,
JM신례1,2018-02-03,40.58,,,,,,,
JM신례1,2018-02-04,40.54,,,,,,,
JM신례1,2018-02-05,40.51,,,,,,,
JM신례1,2018-02-06,40.48,,,,,,,
JM신례1,2018-02-07,40.44,,,,,,,
JM신례1,2018-02-08,40.4,,,,,,,
JM신례1,2018-02-09,40.37,,,,,,,
JM신례1,2018-02-10,40.34,,,,,,,
JM신례1,2018-02-11,40.3,,,,,,,
JM신례1,2018-02-12,40.27,,,,,,,
JM신례1,2018-02-13,40.24,,,,,,,
JM신례1,2018-02-14,40.2,,,,,,,
JM신례1,2018-02-15,40.17,,,,,,,
JM신례1,2018-02-16,40.14,,,,,,,
JM신례1,2018-02-17,40.11,,,,,,,
JM신례1,2018-02-18,40.08,,,,,,,
JM신례1,2018-02-19,40.05,,,,,,,
JM신례1,2018-02-20,40.02,,,,,,,
JM신례1,2018-02-21,39.99,,,,,,,
JM신례1,2018-02-22,39.96,,,,,,,
JM신례1,2018-02-23,39.92,,,,,,,
JM신례1,2018-02-24,39.89,,,,,,,
JM신례1,2018-02-25,39.86,,,,,,,
JM신례1,2018-02-26,39.83,,,,,,,
JM신례1,2018-02-27,39.8,,,,,,,
JM신례1,2018-02-28,39.78,,,,,,,
JM신례1,2018-03-01,39.77,,,,,,,
JM신례1,2018-03-02,39.75,,,,,,,
JM신례1,2018-03-03,39.73,,,,,,,
JM신례1,2018-03-04,39.72,,,,,,,
JM신례1,2018-03-05,39.7,,,,,,,
JM신례1,2018-03-06,39.68,,,,,,,
JM신례1,2018-03-07,39.66,,,,,,,
JM신례1,2018-03-08,39.64,,,,,,,
JM신례1,2018-03-09,39.62,,,,,,,
JM신례1,2018-03-10,39.6,,,,,,,
JM신례1,2018-03-11,39.57,,,,,,,
JM신례1,2018-03-12,39.54,,,,,,,
JM신례1,2018-03-13,39.51,,,,,,,
JM신례1,2018-03-14,39.49,,,,,,,
JM신례1,2018-03-15,39.47,,,,,,,
JM신례1,2018-03-16,39.47,,,,,,,
JM신례1,2018-03-17,39.46,,,,,,,
JM신례1,2018-03-18,39.44,,,,,,,
JM신례1,2018-03-19,39.44,,,,,,,
JM신례1,2018-03-20,39.47,,,,,,,
JM신례1,2018-03-21,39.49,,,,,,,
JM신례1,2018-03-22,39.5,,,,,,,
JM신례1,2018-03-23,39.5,,,,,,,
JM신례1,2018-03-24,39.5,,,,,,,
JM신례1,2018-03-25,39.5,,,,,,,
JM신례1,2018-03-26,39.51,,,,,,,
JM신례1,2018-03-27,39.54,,,,,,,
JM신례1,2018-03-28,39.58,,,,,,,
JM신례1,2018-03-29,39.61,,,,,,,
JM신례1,2018-03-30,39.65,,,,,,,
JM신례1,2018-03-31,39.69,,,,,,,
JM신례1,2018-04-01,39.73,,,,,,,
JM신례1,2018-04-02,39.77,,,,,,,
JM신례1,2018-04-03,39.81,,,,,,,
JM신례1,2018-04-04,39.86,,,,,,,
JM신례1,2018-04-05,39.91,,,,,,,
JM신례1,2018-04-06,39.96,,,,,,,
JM신례1,2018-04-07,40.01,,,,,,,
JM신례1,2018-04-08,40.05,,,,,,,
JM신례1,2018-04-09,40.07,,,,,,,
JM신례1,2018-04-10,40.11,,,,,,,
JM신례1,2018-04-11,40.13,,,,,,,
JM신례1,2018-04-12,40.16,,,,,,,
JM신례1,2018-04-13,40.2,,,,,,,
JM신례1,2018-04-14,40.24,,,,,,,
JM신례1,2018-04-15,40.29,,,,,,,
JM신례1,2018-04-16,40.33,,,,,,,
JM신례1,2018-04-17,40.36,,,,,,,
JM신례1,2018-04-18,40.38,,,,,,,
JM신례1,2018-04-19,40.4,,,,,,,
JM신례1,2018-04-20,40.42,,,,,,,
JM신례1,2018-04-21,40.44,,,,,,,
JM신례1,2018-04-22,40.47,,,,,,,
JM신례1,2018-04-23,40.53,,,,,,,
JM신례1,2018-04-24,40.77,,,,,,,
JM신례1,2018-04-25,41.1,,,,,,,
JM신례1,2018-04-26,41.35,,,,,,,
JM신례1,2018-04-27,41.5,,,,,,,
JM신례1,2018-04-28,41.62,,,,,,,
JM신례1,2018-04-29,41.72,,,,,,,
JM신례1,2018-04-30,41.84,,,,,,,
JM신례1,2018-05-01,41.99,,,,,,,
JM신례1,2018-05-02,42.13,,,,,,,
JM신례1,2018-05-03,42.23,,,,,,,
JM신례1,2018-05-04,42.32,,,,,,,
JM신례1,2018-05-05,42.41,,,,,,,
JM신례1,2018-05-06,42.53,,,,,,,
JM신례1,2018-05-07,42.92,,,,,,,
JM신례1,2018-05-08,43.4,,,,,,,
JM신례1,2018-05-09,43.67,,,,,,,
JM신례1,2018-05-14,44.41,,,,,,,
JM신례1,2018-05-15,44.53,,,,,,,
JM신례1,2018-05-16,44.68,,,,,,,
JM신례1,2018-05-17,44.81,,,,,,,
JM신례1,2018-05-18,44.93,,,,,,,
JM신례1,2018-05-19,45.04,,,,,,,
JM신례1,2018-05-20,45.13,,,,,,,
JM신례1,2018-05-21,45.21,,,,,,,
JM신례1,2018-05-22,45.29,,,,,,,
JM신례1,2018-05-23,45.38,,,,,,,
JM신례1,2018-05-24,45.46,,,,,,,
JM신례1,2018-05-25,45.55,,,,,,,
JM신례1,2018-05-26,45.62,,,,,,,
JM신례1,2018-05-27,45.69,,,,,,,
JM신례1,2018-05-28,45.75,,,,,,,
JM신례1,2018-05-29,45.82,,,,,,,
JM신례1,2018-05-30,45.87,,,,,,,
JM신례1,2018-05-31,45.92,,,,,,,
JM신례1,2018-06-01,45.97,,,,,,,
JM신례1,2018-06-02,46.01,,,,,,,
JM신례1,2018-06-03,46.04,,,,,,,
JM신례1,2018-06-04,46.08,,,,,,,
JM신례1,2018-06-05,46.12,,,,,,,
JM신례1,2018-06-06,46.17,,,,,,,
JM신례1,2018-06-07,46.2,,,,,,,
JM신례1,2018-06-08,46.23,,,,,,,
JM신례1,2018-06-09,46.26,,,,,,,
JM신례1,2018-06-10,46.28,,,,,,,
JM신례1,2018-06-11,46.3,,,,,,,
JM신례1,2018-06-12,46.32,,,,,,,
JM신례1,2018-06-13,46.32,,,,,,,
JM신례1,2018-06-14,46.32,,,,,,,
JM신례1,2018-06-15,46.31,,,,,,,
JM신례1,2018-06-16,46.3,,,,,,,
JM신례1,2018-06-17,46.29,,,,,,,
JM신례1,2018-06-18,46.27,,,,,,,
JM신례1,2018-06-19,46.27,,,,,,,
JM신례1,2018-06-20,46.27,,,,,,,
JM신례1,2018-06-21,46.25,,,,,,,
JM신례1,2018-06-22,46.23,,,,,,,
JM신례1,2018-06-23,46.2,,,,,,,
JM신례1,2018-06-24,46.17,,,,,,,
JM신례1,2018-06-25,46.14,,,,,,,
JM신례1,2018-06-26,46.1,,,,,,,
JM신례1,2018-06-27,46.07,,,,,,,
JM신례1,2018-06-28,46.05,,,,,,,
JM신례1,2018-06-29,46.03,,,,,,,
JM신례1,2018-06-30,46.02,,,,,,,
JM신례1,2018-07-01,46.05,,,,,,,
JM신례1,2018-07-02,46.1,,,,,,,
JM신례1,2018-07-03,46.16,,,,,,,
JM신례1,2018-07-04,46.19,,,,,,,
JM신례1,2018-07-05,46.2,,,,,,,
JM신례1,2018-07-06,46.2,,,,,,,
JM신례1,2018-07-07,46.2,,,,,,,
JM신례1,2018-07-08,46.2,,,,,,,
JM신례1,2018-07-09,46.2,,,,,,,
JM신례1,2018-07-10,46.19,,,,,,,
JM신례1,2018-07-11,46.19,,,,,,,
JM신례1,2018-07-12,46.18,,,,,,,
JM신례1,2018-07-13,46.17,,,,,,,
JM신례1,2018-07-14,46.15,,,,,,,
JM신례1,2018-07-15,46.13,,,,,,,
JM신례1,2018-07-16,46.11,,,,,,,
JM신례1,2018-07-17,46.08,,,,,,,
JM신례1,2018-07-18,46.06,,,,,,,
JM신례1,2018-07-19,46.04,,,,,,,
JM신례1,2018-07-20,46.01,,,,,,,
JM신례1,2018-07-21,46.0,,,,,,,
JM신례1,2018-07-22,45.97,,,,,,,
JM신례1,2018-07-23,45.94,,,,,,,
JM신례1,2018-07-24,45.92,,,,,,,
JM신례1,2018-07-25,45.9,,,,,,,
JM신례1,2018-07-26,45.88,,,,,,,
JM신례1,2018-07-27,45.86,,,,,,,
JM신례1,2018-07-28,45.83,,,,,,,
JM신례1,2018-07-29,45.81,,,,,,,
JM신례1,2018-07-30,45.79,,,,,,,
JM신례1,2018-07-31,45.75,,,,,,,
JM신례1,2018-08-01,45.71,,,,,,,
JM신례1,2018-08-02,45.67,,,,,,,
JM신례1,2018-08-03,45.62,,,,,,,
JM신례1,2018-08-04,45.58,,,,,,,
JM신례1,2018-08-05,45.54,,,,,,,
JM신례1,2018-08-06,45.51,,,,,,,
JM신례1,2018-08-07,45.46,,,,,,,
JM신례1,2018-08-08,45.42,,,,,,,
JM신례1,2018-08-09,45.38,,,,,,,
JM신례1,2018-08-10,45.35,,,,,,,
JM신례1,2018-08-14,45.16,,,,,,,
JM신례1,2018-08-17,45.0,,,,,,,
JM신례1,2018-08-18,44.96,,,,,,,
JM신례1,2018-08-19,44.9,,,,,,,
JM신례1,2018-08-20,44.85,,,,,,,
JM신례1,2018-08-21,44.81,,,,,,,
JM신례1,2018-08-22,44.76,,,,,,,
JM신례1,2018-08-23,44.74,,,,,,,
JM신례1,2018-08-24,44.7,,,,,,,
JM신례1,2018-08-25,44.67,,,,,,,
JM신례1,2018-08-26,44.62,,,,,,,
JM신례1,2018-08-27,44.57,,,,,,,
JM신례1,2018-08-28,44.51,,,,,,,
JM신례1,2018-08-29,44.44,,,,,,,
JM신례1,2018-08-30,44.38,,,,,,,
JM신례1,2018-08-31,44.32,,,,,,,
JM신례1,2018-09-01,44.27,,,,,,,
JM신례1,2018-09-04,44.24,,,,,,,
JM신례1,2018-09-05,44.24,,,,,,,
JM신례1,2018-09-06,44.24,,,,,,,
JM신례1,2018-09-07,44.23,,,,,,,
JM신례1,2018-09-08,44.23,,,,,,,
JM신례1,2018-09-09,44.22,,,,,,,
JM신례1,2018-09-10,44.22,,,,,,,
JM신례1,2018-09-11,44.22,,,,,,,
JM신례1,2018-09-12,44.22,,,,,,,
JM신례1,2018-09-13,44.29,,,,,,,
JM신례1,2018-09-14,44.95,,,,,,,
JM신례1,2018-09-15,45.6,,,,,,,
JM신례1,2018-09-16,45.82,,,,,,,
JM신례1,2018-09-17,45.91,,,,,,,
JM신례1,2018-09-18,45.96,,,,,,,
JM신례1,2018-09-19,45.99,,,,,,,
JM신례1,2018-09-20,46.03,,,,,,,
JM신례1,2018-09-21,46.07,,,,,,,
JM신례1,2018-09-22,46.09,,,,,,,
JM신례1,2018-09-23,46.12,,,,,,,
JM신례1,2018-09-24,46.14,,,,,,,
JM신례1,2018-09-25,46.17,,,,,,,
JM신례1,2018-09-26,46.19,,,,,,,
JM신례1,2018-09-27,46.21,,,,,,,
JM신례1,2018-09-28,46.23,,,,,,,
JM신례1,2018-09-29,46.26,,,,,,,
JM신례1,2018-09-30,46.29,,,,,,,
JM신례1,2018-10-01,46.31,,,,,,,
JM신례1,2018-10-02,46.32,,,,,,,
JM신례1,2018-10-03,46.34,,,,,,,
JM신례1,2018-10-04,46.36,,,,,,,
JM신례1,2018-10-05,46.4,,,,,,,
JM신례1,2018-10-06,46.52,,,,,,,
JM신례1,2018-10-07,46.66,,,,,,,
JM신례1,2018-10-08,46.79,,,,,,,
JM신례1,2018-10-09,46.89,,,,,,,
JM신례1,2018-10-10,46.96,,,,,,,
JM신례1,2018-10-11,47.01,,,,,,,
JM신례1,2018-10-12,47.07,,,,,,,
JM신례1,2018-10-13,47.12,,,,,,,
JM신례1,2018-10-14,47.18,,,,,,,
JM신례1,2018-10-15,47.25,,,,,,,
JM신례1,2018-10-16,47.3,,,,,,,
JM신례1,2018-10-17,47.35,,,,,,,
JM신례1,2018-10-18,47.39,,,,,,,
JM신례1,2018-10-19,47.42,,,,,,,
JM신례1,2018-10-20,47.44,,,,,,,
JM신례1,2018-10-21,47.47,,,,,,,
JM신례1,2018-10-22,47.48,,,,,,,
JM신례1,2018-10-23,47.5,,,,,,,
JM신례1,2018-10-24,47.5,,,,,,,
JM신례1,2018-10-25,47.5,,,,,,,
JM신례1,2018-10-26,47.5,,,,,,,
JM신례1,2018-10-27,47.49,,,,,,,
JM신례1,2018-10-28,47.49,,,,,,,
JM신례1,2018-10-29,47.48,,,,,,,
JM신례1,2018-10-30,47.46,,,,,,,
JM신례1,2018-10-31,47.45,,,,,,,
JM신례1,2018-11-01,47.44,,,,,,,
JM신례1,2018-11-02,47.4,,,,,,,
JM신례1,2018-11-03,47.38,,,,,,,
JM신례1,2018-11-04,47.34,,,,,,,
JM신례1,2018-11-05,47.31,,,,,,,
JM신례1,2018-11-06,47.26,,,,,,,
JM신례1,2018-11-07,47.22,,,,,,,
JM신례1,2018-11-08,47.19,,,,,,,
JM신례1,2018-11-09,47.15,,,,,,,
JM신례1,2018-11-10,47.1,,,,,,,
JM신례1,2018-11-11,47.06,,,,,,,
JM신례1,2018-11-12,47.02,,,,,,,
JM신례1,2018-11-13,46.97,,,,,,,
JM신례1,2018-11-14,46.91,,,,,,,
JM신례1,2018-11-15,46.86,,,,,,,
JM신례1,2018-11-16,46.8,,,,,,,
JM신례1,2018-11-17,46.75,,,,,,,
JM신례1,2018-11-18,46.69,,,,,,,
JM신례1,2018-11-19,46.63,,,,,,,
JM신례1,2018-11-20,46.57,,,,,,,
JM신례1,2018-11-21,46.51,,,,,,,
JM신례1,2018-11-22,46.45,,,,,,,
JM신례1,2018-11-23,46.38,,,,,,,
JM신례1,2018-11-24,46.32,,,,,,,
JM신례1,2018-11-25,46.26,,,,,,,
JM신례1,2018-11-26,46.19,,,,,,,
JM신례1,2018-11-27,46.13,,,,,,,
JM신례1,2018-11-28,46.06,,,,,,,
JM신례1,2018-11-29,45.99,,,,,,,
JM신례1,2018-11-30,45.92,,,,,,,
JM신례1,2018-12-01,45.86,,,,,,,
JM신례1,2018-12-02,45.8,,,,,,,
JM신례1,2018-12-03,45.74,,,,,,,
JM신례1,2018-12-04,45.67,,,,,,,
JM신례1,2018-12-05,45.6,,,,,,,
JM신례1,2018-12-06,45.54,,,,,,,
JM신례1,2018-12-07,45.47,,,,,,,
JM신례1,2018-12-08,45.39,,,,,,,
JM신례1,2018-12-09,45.32,,,,,,,
JM신례1,2018-12-10,45.25,,,,,,,
JM신례1,2018-12-11,45.19,,,,,,,
JM신례1,2018-12-12,45.11,,,,,,,
JM신례1,2018-12-13,45.04,,,,,,,
JM신례1,2018-12-14,44.96,,,,,,,
JM신례1,2018-12-15,44.89,,,,,,,
JM신례1,2018-12-16,44.82,,,,,,,
JM신례1,2018-12-17,44.75,,,,,,,
JM신례1,2018-12-18,44.67,,,,,,,
JM신례1,2018-12-19,44.59,,,,,,,
JM신례1,2018-12-20,44.52,,,,,,,
JM신례1,2018-12-21,44.44,,,,,,,
JM신례1,2018-12-22,44.37,,,,,,,
JM신례1,2018-12-23,44.29,,,,,,,
JM신례1,2018-12-24,44.21,,,,,,,
JM신례1,2018-12-25,44.14,,,,,,,
JM신례1,2018-12-26,44.07,,,,,,,
JM신례1,2018-12-27,43.99,,,,,,,
JM신례1,2018-12-28,43.92,,,,,,,
JM신례1,2018-12-29,43.84,,,,,,,
JM신례1,2018-12-30,43.77,,,,,,,
JM신례1,2018-12-31,43.7,,,,,,,
JM신례1,2019-01-01,43.63,,,,,,,
JM신례1,2019-01-02,43.56,,,,,,,
JM신례1,2019-01-03,43.49,,,,,,,
JM신례1,2019-01-04,43.42,,,,,,,
JM신례1,2019-01-05,43.36,,,,,,,
JM신례1,2019-01-06,43.29,,,,,,,
JM신례1,2019-01-07,43.23,,,,,,,
JM신례1,2019-01-08,43.16,,,,,,,
JM신례1,2019-01-09,43.09,,,,,,,
JM신례1,2019-01-10,43.02,,,,,,,
JM신례1,2019-01-11,42.95,,,,,,,
JM신례1,2019-01-12,42.89,,,,,,,
JM신례1,2019-01-13,42.82,,,,,,,
JM신례1,2019-01-14,42.76,,,,,,,
JM신례1,2019-01-15,42.69,,,,,,,
JM신례1,2019-01-16,42.62,,,,,,,
JM신례1,2019-01-17,42.56,,,,,,,
JM신례1,2019-01-18,42.49,,,,,,,
JM신례1,2019-01-19,42.43,,,,,,,
JM신례1,2019-01-20,42.37,,,,,,,
JM신례1,2019-01-21,42.31,,,,,,,
JM신례1,2019-01-22,42.25,,,,,,,
JM신례1,2019-01-23,42.19,,,,,,,
JM신례1,2019-01-24,42.13,,,,,,,
JM신례1,2019-01-25,42.07,,,,,,,
JM신례1,2019-01-26,42.01,,,,,,,
JM신례1,2019-01-27,41.95,,,,,,,
JM신례1,2019-01-28,41.9,,,,,,,
JM신례1,2019-01-29,41.84,,,,,,,
JM신례1,2019-01-30,41.79,,,,,,,
JM신례1,2019-01-31,41.76,,,,,,,
JM신례1,2019-02-01,41.62,,,,,,,
JM신례1,2019-02-02,41.59,,,,,,,
JM신례1,2019-02-07,41.38,,,,,,,
JM신례1,2019-02-08,41.33,,,,,,,
JM신례1,2019-02-09,41.27,,,,,,,
JM신례1,2019-02-10,41.22,,,,,,,
JM신례1,2019-02-11,41.18,,,,,,,
JM신례1,2019-02-12,41.12,,,,,,,
JM신례1,2019-02-13,41.07,,,,,,,
JM신례1,2019-02-14,41.04,,,,,,,
JM신례1,2019-02-15,41.02,,,,,,,
JM신례1,2019-02-16,40.98,,,,,,,
JM신례1,2019-02-17,40.94,,,,,,,
JM신례1,2019-02-18,40.89,,,,,,,
JM신례1,2019-02-19,40.86,,,,,,,
JM신례1,2019-02-20,40.82,,,,,,,
JM신례1,2019-02-21,40.77,,,,,,,
JM신례1,2019-02-22,40.73,,,,,,,
JM신례1,2019-02-23,40.69,,,,,,,
JM신례1,2019-02-24,40.64,,,,,,,
JM신례1,2019-02-25,40.59,,,,,,,
JM신례1,2019-02-26,40.55,,,,,,,
JM신례1,2019-02-27,40.5,,,,,,,
JM신례1,2019-02-28,40.47,,,,,,,
JM신례1,2019-03-01,40.43,,,,,,,
JM신례1,2019-03-02,40.39,,,,,,,
JM신례1,2019-03-03,40.34,,,,,,,
JM신례1,2019-03-04,40.32,,,,,,,
JM신례1,2019-03-05,40.28,,,,,,,
JM신례1,2019-03-06,40.24,,,,,,,
JM신례1,2019-03-07,40.21,,,,,,,
JM신례1,2019-03-08,40.16,,,,,,,
JM신례1,2019-03-09,40.11,,,,,,,
JM신례1,2019-03-10,40.08,,,,,,,
JM신례1,2019-03-11,40.08,,,,,,,
JM신례1,2019-03-12,40.06,,,,,,,
JM신례1,2019-03-13,40.03,,,,,,,
JM신례1,2019-03-14,39.98,,,,,,,
JM신례1,2019-03-15,39.91,,,,,,,
JM신례1,2019-03-16,39.88,,,,,,,
JM신례1,2019-03-17,39.86,,,,,,,
JM신례1,2019-03-18,39.81,,,,,,,
JM신례1,2019-03-19,39.77,,,,,,,
JM신례1,2019-03-20,39.73,,,,,,,
JM신례1,2019-03-21,39.73,,,,,,,
JM신례1,2019-03-22,39.73,,,,,,,
JM신례1,2019-03-23,39.7,,,,,,,
JM신례1,2019-03-24,39.64,,,,,,,
JM신례1,2019-03-25,39.59,,,,,,,
JM신례1,2019-03-26,39.56,,,,,,,
JM신례1,2019-03-27,39.51,,,,,,,
JM신례1,2019-03-28,39.47,,,,,,,
JM신례1,2019-03-29,39.46,,,,,,,
JM신례1,2019-03-30,39.43,,,,,,,
JM신례1,2019-03-31,39.44,,,,,,,
JM신례1,2019-04-01,39.4,,,,,,,
JM신례1,2019-04-02,39.35,,,,,,,
JM신례1,2019-04-03,39.33,,,,,,,
JM신례1,2019-04-04,39.27,,,,,,,
JM신례1,2019-04-05,39.22,,,,,,,
JM신례1,2019-04-06,39.22,,,,,,,
JM신례1,2019-04-07,39.19,,,,,,,
JM신례1,2019-04-08,39.2,,,,,,,
JM신례1,2019-04-09,39.16,,,,,,,
JM신례1,2019-04-10,39.16,,,,,,,
JM신례1,2019-04-11,39.16,,,,,,,
JM신례1,2019-04-12,39.15,,,,,,,
JM신례1,2019-04-13,39.12,,,,,,,
JM신례1,2019-04-14,39.05,,,,,,,
JM신례1,2019-04-15,39.05,,,,,,,
JM신례1,2019-04-16,39.01,,,,,,,
JM신례1,2019-04-17,38.96,,,,,,,
JM신례1,2019-04-18,38.94,,,,,,,
JM신례1,2019-04-19,38.94,,,,,,,
JM신례1,2019-04-20,38.92,,,,,,,
JM신례1,2019-04-21,38.87,,,,,,,
JM신례1,2019-04-22,38.87,,,,,,,
JM신례1,2019-04-23,38.83,,,,,,,
JM신례1,2019-04-24,38.83,,,,,,,
JM신례1,2019-04-25,38.85,,,,,,,
JM신례1,2019-04-26,38.85,,,,,,,
JM신례1,2019-04-27,38.86,,,,,,,
JM신례1,2019-04-28,38.82,,,,,,,
JM신례1,2019-04-29,38.75,,,,,,,
JM신례1,2019-04-30,38.76,,,,,,,
JM신례1,2019-05-01,38.74,,,,,,,
JM신례1,2019-05-02,38.75,,,,,,,
JM신례1,2019-05-03,38.74,,,,,,,
JM신례1,2019-05-04,38.7,,,,,,,
JM신례1,2019-05-05,38.67,,,,,,,
JM신례1,2019-05-06,38.63,,,,,,,
JM신례1,2019-05-07,38.62,,,,,,,
JM신례1,2019-05-08,38.57,,,,,,,
JM신례1,2019-05-09,38.52,,,,,,,
JM신례1,2019-05-10,38.51,,,,,,,
JM신례1,2019-05-11,38.5,,,,,,,
JM신례1,2019-05-12,38.49,,,,,,,
JM신례1,2019-05-13,38.46,,,,,,,
JM신례1,2019-05-14,38.43,,,,,,,
JM신례1,2019-05-15,38.42,,,,,,,
JM신례1,2019-05-16,38.4,,,,,,,
JM신례1,2019-05-17,38.38,,,,,,,
JM신례1,2019-05-18,38.39,,,,,,,
JM신례1,2019-05-19,38.87,,,,,,,
JM신례1,2019-05-20,39.33,,,,,,,
JM신례1,2019-05-21,39.62,,,,,,,
JM신례1,2019-05-22,39.79,,,,,,,
JM신례1,2019-05-23,39.96,,,,,,,
JM신례1,2019-05-24,40.11,,,,,,,
JM신례1,2019-05-25,40.25,,,,,,,
JM신례1,2019-05-26,40.36,,,,,,,
JM신례1,2019-05-27,40.42,,,,,,,
JM신례1,2019-05-28,40.73,,,,,,,
JM신례1,2019-05-29,41.06,,,,,,,
JM신례1,2019-05-30,41.32,,,,,,,
JM신례1,2019-05-31,41.49,,,,,,,
JM신례1,2019-06-01,41.65,,,,,,,
JM신례1,2019-06-02,41.78,,,,,,,
JM신례1,2019-06-03,41.92,,,,,,,
JM신례1,2019-06-04,42.03,,,,,,,
JM신례1,2019-06-05,42.16,,,,,,,
JM신례1,2019-06-06,42.24,,,,,,,
JM신례1,2019-06-07,42.31,,,,,,,
JM신례1,2019-06-08,42.46,,,,,,,
JM신례1,2019-06-09,42.52,,,,,,,
JM신례1,2019-06-10,42.58,,,,,,,
JM신례1,2019-06-11,42.65,,,,,,,
JM신례1,2019-06-12,42.7,,,,,,,
JM신례1,2019-06-13,42.72,,,,,,,
JM신례1,2019-06-14,42.71,,,,,,,
JM신례1,2019-06-15,42.73,,,,,,,
JM신례1,2019-06-16,42.83,,,,,,,
JM신례1,2019-06-17,42.89,,,,,,,
JM신례1,2019-06-18,42.9,,,,,,,
JM신례1,2019-06-19,42.88,,,,,,,
JM신례1,2019-06-20,42.9,,,,,,,
JM신례1,2019-06-21,42.91,,,,,,,
JM신례1,2019-06-22,42.92,,,,,,,
JM신례1,2019-06-23,42.95,,,,,,,
JM신례1,2019-06-24,42.99,,,,,,,
JM신례1,2019-06-25,42.95,,,,,,,
JM신례1,2019-06-26,42.9,,,,,,,
JM신례1,2019-06-27,42.97,,,,,,,
JM신례1,2019-06-28,43.06,,,,,,,
JM신례1,2019-06-29,43.09,,,,,,,
JM신례1,2019-06-30,43.19,,,,,,,
JM신례1,2019-07-01,43.23,,,,,,,
JM신례1,2019-07-02,43.23,,,,,,,
JM신례1,2019-07-03,43.23,,,,,,,
JM신례1,2019-07-04,43.23,,,,,,,
JM신례1,2019-07-05,43.23,,,,,,,
JM신례1,2019-07-06,43.24,,,,,,,
JM신례1,2019-07-07,43.27,,,,,,,
JM신례1,2019-07-08,43.28,,,,,,,
JM신례1,2019-07-09,43.29,,,,,,,
JM신례1,2019-07-10,43.29,,,,,,,
JM신례1,2019-07-11,43.35,,,,,,,
JM신례1,2019-07-12,43.38,,,,,,,
JM신례1,2019-07-13,43.36,,,,,,,
JM신례1,2019-07-14,43.42,,,,,,,
JM신례1,2019-07-15,43.47,,,,,,,
JM신례1,2019-07-16,43.49,,,,,,,
JM신례1,2019-07-17,43.48,,,,,,,
JM신례1,2019-07-18,43.47,,,,,,,
JM신례1,2019-07-19,43.57,,,,,,,
JM신례1,2019-07-20,44.16,,,,,,,
JM신례1,2019-07-21,45.2,,,,,,,
JM신례1,2019-07-22,45.81,,,,,,,
JM신례1,2019-07-23,46.06,,,,,,,
JM신례1,2019-07-24,46.22,,,,,,,
JM신례1,2019-07-25,46.36,,,,,,,
JM신례1,2019-07-26,46.48,,,,,,,
JM신례1,2019-07-27,46.6,,,,,,,
JM신례1,2019-07-28,46.74,,,,,,,
JM신례1,2019-07-29,46.83,,,,,,,
JM신례1,2019-07-30,46.91,,,,,,,
JM신례1,2019-07-31,47.0,,,,,,,
JM신례1,2019-08-01,47.09,,,,,,,
JM신례1,2019-08-02,47.15,,,,,,,
JM신례1,2019-08-03,47.22,,,,,,,
JM신례1,2019-08-04,47.3,,,,,,,
JM신례1,2019-08-05,47.36,,,,,,,
JM신례1,2019-08-06,47.4,,,,,,,
JM신례1,2019-08-07,47.49,,,,,,,
JM신례1,2019-08-08,47.57,,,,,,,
JM신례1,2019-08-09,47.62,,,,,,,
JM신례1,2019-08-10,47.67,,,,,,,
JM신례1,2019-08-11,47.7,,,,,,,
JM신례1,2019-08-12,47.78,,,,,,,
JM신례1,2019-08-13,47.84,,,,,,,
JM신례1,2019-08-14,47.85,,,,,,,
JM신례1,2019-08-15,47.86,,,,,,,
JM신례1,2019-08-16,47.95,,,,,,,
JM신례1,2019-08-17,48.02,,,,,,,
JM신례1,2019-08-18,48.04,,,,,,,
JM신례1,2019-08-19,48.06,,,,,,,
JM신례1,2019-08-20,48.06,,,,,,,
JM신례1,2019-08-21,48.06,,,,,,,
JM신례1,2019-08-22,48.06,,,,,,,
JM신례1,2019-08-23,48.07,,,,,,,
JM신례1,2019-08-24,48.06,,,,,,,
JM신례1,2019-08-25,48.02,,,,,,,
JM신례1,2019-08-26,47.95,,,,,,,
JM신례1,2019-08-27,47.89,,,,,,,
JM신례1,2019-08-28,47.92,,,,,,,
JM신례1,2019-08-29,48.01,,,,,,,
JM신례1,2019-08-30,48.18,,,,,,,
JM신례1,2019-08-31,48.32,,,,,,,
JM신례1,2019-09-01,48.38,,,,,,,
JM신례1,2019-09-02,48.4,,,,,,,
JM신례1,2019-09-03,48.48,,,,,,,
JM신례1,2019-09-04,48.59,,,,,,,
JM신례1,2019-09-05,48.81,,,,,,,
JM신례1,2019-09-06,49.02,,,,,,,
JM신례1,2019-09-07,49.25,,,,,,,
JM신례1,2019-09-08,49.47,,,,,,,
JM신례1,2019-09-09,49.64,,,,,,,
JM신례1,2019-09-10,49.83,,,,,,,
JM신례1,2019-09-11,49.97,,,,,,,
JM신례1,2019-09-12,50.09,,,,,,,
JM신례1,2019-09-13,50.18,,,,,,,
JM신례1,2019-09-14,50.26,,,,,,,
JM신례1,2019-09-15,50.33,,,,,,,
JM신례1,2019-09-16,50.39,,,,,,,
JM신례1,2019-09-17,50.47,,,,,,,
JM신례1,2019-09-18,50.51,,,,,,,
JM신례1,2019-09-19,50.52,,,,,,,
JM신례1,2019-09-20,50.49,,,,,,,
JM신례1,2019-09-21,50.48,,,,,,,
JM신례1,2019-09-22,50.46,,,,,,,
JM신례1,2019-09-23,50.73,,,,,,,
JM신례1,2019-09-24,50.85,,,,,,,
JM신례1,2019-09-25,50.97,,,,,,,
JM신례1,2019-09-26,51.08,,,,,,,
JM신례1,2019-09-27,51.17,,,,,,,
JM신례1,2019-09-28,51.24,,,,,,,
JM신례1,2019-09-29,51.32,,,,,,,
JM신례1,2019-09-30,51.39,,,,,,,
JM신례1,2019-10-01,51.44,,,,,,,
JM신례1,2019-10-02,51.4,,,,,,,
JM신례1,2019-10-03,51.55,,,,,,,
JM신례1,2019-10-04,51.72,,,,,,,
JM신례1,2019-10-05,51.83,,,,,,,
JM신례1,2019-10-06,51.94,,,,,,,
JM신례1,2019-10-07,51.98,,,,,,,
JM신례1,2019-10-08,52.03,,,,,,,
JM신례1,2019-10-09,52.05,,,,,,,
JM신례1,2019-10-10,52.02,,,,,,,
JM신례1,2019-10-11,51.97,,,,,,,
JM신례1,2019-10-12,51.92,,,,,,,
JM신례1,2019-10-13,51.93,,,,,,,
JM신례1,2019-10-14,51.88,,,,,,,
JM신례1,2019-10-15,51.82,,,,,,,
JM신례1,2019-10-16,51.75,,,,,,,
JM신례1,2019-10-17,51.6,,,,,,,
JM신례1,2019-10-18,51.43,,,,,,,
JM신례1,2019-10-19,51.36,,,,,,,
JM신례1,2019-10-20,51.29,,,,,,,
JM신례1,2019-10-21,51.19,,,,,,,
JM신례1,2019-10-22,51.1,,,,,,,
JM신례1,2019-10-23,51.17,,,,,,,
JM신례1,2019-10-24,51.29,,,,,,,
JM신례1,2019-10-25,51.23,,,,,,,
JM신례1,2019-10-26,51.15,,,,,,,
JM신례1,2019-10-27,51.08,,,,,,,
JM신례1,2019-10-28,51.0,,,,,,,
JM신례1,2019-10-29,50.9,,,,,,,
JM신례1,2019-10-30,50.86,,,,,,,
JM신례1,2019-10-31,50.78,,,,,,,
JM신례1,2019-11-01,50.69,,,,,,,
JM신례1,2019-11-02,50.58,,,,,,,
JM신례1,2019-11-03,50.48,,,,,,,
JM신례1,2019-11-04,50.41,,,,,,,
JM신례1,2019-11-05,50.3,,,,,,,
JM신례1,2019-11-06,50.19,,,,,,,
JM신례1,2019-11-07,50.09,,,,,,,
JM신례1,2019-11-08,50.01,,,,,,,
JM신례1,2019-11-09,49.89,,,,,,,
JM신례1,2019-11-10,49.73,,,,,,,
JM신례1,2019-11-11,49.61,,,,,,,
JM신례1,2019-11-12,49.56,,,,,,,
JM신례1,2019-11-13,49.45,,,,,,,
JM신례1,2019-11-14,49.36,,,,,,,
JM신례1,2019-11-15,49.23,,,,,,,
JM신례1,2019-11-16,49.11,,,,,,,
JM신례1,2019-11-17,48.99,,,,,,,
JM신례1,2019-11-18,48.88,,,,,,,
JM신례1,2019-11-19,48.79,,,,,,,
JM신례1,2019-11-20,48.66,,,,,,,
JM신례1,2019-11-21,48.55,,,,,,,
JM신례1,2019-11-22,48.42,,,,,,,
JM신례1,2019-11-23,48.3,,,,,,,
JM신례1,2019-11-24,48.17,,,,,,,
JM신례1,2019-11-25,48.13,,,,,,,
JM신례1,2019-11-26,48.08,,,,,,,
JM신례1,2019-11-27,48.0,,,,,,,
JM신례1,2019-11-28,47.87,,,,,,,
JM신례1,2019-11-29,47.82,,,,,,,
JM신례1,2019-11-30,47.72,,,,,,,
JM신례1,2019-12-01,47.55,,,,,,,
JM신례1,2019-12-02,47.47,,,,,,,
JM신례1,2019-12-03,47.44,,,,,,,
JM신례1,2019-12-04,47.39,,,,,,,
JM신례1,2019-12-05,47.27,,,,,,,
JM신례1,2019-12-06,47.16,,,,,,,
JM신례1,2019-12-07,47.04,,,,,,,
JM신례1,2019-12-08,46.94,,,,,,,
JM신례1,2019-12-09,46.84,,,,,,,
JM신례1,2019-12-10,46.72,,,,,,,
JM신례1,2019-12-11,46.62,,,,,,,
JM신례1,2019-12-12,46.6,,,,,,,
JM신례1,2019-12-13,46.53,,,,,,,
JM신례1,2019-12-14,46.43,,,,,,,
JM신례1,2019-12-15,46.36,,,,,,,
JM신례1,2019-12-16,46.24,,,,,,,
JM신례1,2019-12-17,46.1,,,,,,,
JM신례1,2019-12-18,46.06,,,,,,,
JM신례1,2019-12-19,46.0,,,,,,,
JM신례1,2019-12-20,45.97,,,,,,,
JM신례1,2019-12-21,45.87,,,,,,,
JM신례1,2019-12-22,45.73,,,,,,,
JM신례1,2019-12-23,45.67,,,,,,,
JM신례1,2019-12-24,45.62,,,,,,,
JM신례1,2019-12-25,45.51,,,,,,,
JM신례1,2019-12-26,45.37,,,,,,,
JM신례1,2019-12-27,45.38,,,,,,,
JM신례1,2019-12-28,45.35,,,,,,,
JM신례1,2019-12-29,45.25,,,,,,,
JM신례1,2019-12-30,45.2,,,,,,,
JM신례1,2019-12-31,45.07,,,,,,,
JM신례1,2020-01-01,44.97,,,,,,,
JM신례1,2020-01-02,44.87,,,,,,,
JM신례1,2020-01-03,44.76,,,,,,,
JM신례1,2020-01-04,44.66,,,,,,,
JM신례1,2020-01-05,44.62,,,,,,,
JM신례1,2020-01-06,44.53,,,,,,,
JM신례1,2020-01-07,44.52,,,,,,,
JM신례1,2020-01-08,44.33,,,,,,,
JM신례1,2020-01-09,44.27,,,,,,,
JM신례1,2020-01-10,44.23,,,,,,,
JM신례1,2020-01-11,44.17,,,,,,,
JM신례1,2020-01-12,44.09,,,,,,,
JM신례1,2020-01-13,44.05,,,,,,,
JM신례1,2020-01-14,43.99,,,,,,,
JM신례1,2020-01-15,43.94,,,,,,,
JM신례1,2020-01-16,43.84,,,,,,,
JM신례1,2020-01-17,43.73,,,,,,,
JM신례1,2020-01-18,43.65,,,,,,,
JM신례1,2020-01-19,43.58,,,,,,,
JM신례1,2020-01-20,43.54,,,,,,,
JM신례1,2020-01-21,43.52,,,,,,,
JM신례1,2020-01-22,43.4,,,,,,,
JM신례1,2020-01-23,43.32,,,,,,,
JM신례1,2020-01-24,43.31,,,,,,,
JM신례1,2020-01-25,43.25,,,,,,,
JM신례1,2020-01-26,43.15,,,,,,,
JM신례1,2020-01-27,43.01,,,,,,,
JM신례1,2020-01-28,43.0,,,,,,,
JM신례1,2020-01-29,42.94,,,,,,,
JM신례1,2020-01-30,42.87,,,,,,,
JM신례1,2020-01-31,42.86,,,,,,,
JM신례1,2020-02-01,42.85,,,,,,,
JM신례1,2020-02-02,42.79,,,,,,,
JM신례1,2020-02-03,42.73,,,,,,,
JM신례1,2020-02-04,42.67,,,,,,,
JM신례1,2020-02-05,42.62,,,,,,,
JM신례1,2020-02-06,42.6,,,,,,,
JM신례1,2020-02-07,42.52,,,,,,,
JM신례1,2020-02-08,42.45,,,,,,,
JM신례1,2020-02-09,42.4,,,,,,,
JM신례1,2020-02-10,42.33,,,,,,,
JM신례1,2020-02-11,42.31,,,,,,,
JM신례1,2020-02-12,42.18,,,,,,,
JM신례1,2020-02-13,42.18,,,,,,,
JM신례1,2020-02-14,42.14,,,,,,,
JM신례1,2020-02-15,42.09,,,,,,,
JM신례1,2020-02-16,42.01,,,,,,,
JM신례1,2020-02-17,42.03,,,,,,,
JM신례1,2020-02-18,42.06,,,,,,,
JM신례1,2020-02-19,42.05,,,,,,,
JM신례1,2020-02-20,42.03,,,,,,,
JM신례1,2020-02-21,41.99,,,,,,,
JM신례1,2020-02-22,41.91,,,,,,,
JM신례1,2020-02-23,41.9,,,,,,,
JM신례1,2020-02-24,41.82,,,,,,,
JM신례1,2020-02-25,41.7,,,,,,,
JM신례1,2020-02-26,41.72,,,,,,,
JM신례1,2020-02-27,41.69,,,,,,,
JM신례1,2020-02-28,41.49,,,,,,,
JM신례1,2020-02-29,41.41,,,,,,,
JM신례1,2020-03-01,41.4,,,,,,,
JM신례1,2020-03-02,41.42,,,,,,,
JM신례1,2020-03-03,41.41,,,,,,,
JM신례1,2020-03-04,41.38,,,,,,,
JM신례1,2020-03-05,41.38,,,,,,,
JM신례1,2020-03-06,41.34,,,,,,,
JM신례1,2020-03-07,41.25,,,,,,,
JM신례1,2020-03-08,41.24,,,,,,,
JM신례1,2020-03-09,41.17,,,,,,,
JM신례1,2020-03-10,41.11,,,,,,,
JM신례1,2020-03-11,41.22,,,,,,,
JM신례1,2020-03-12,41.24,,,,,,,
JM신례1,2020-03-13,41.19,,,,,,,
JM신례1,2020-03-14,41.13,,,,,,,
JM신례1,2020-03-15,41.09,,,,,,,
JM신례1,2020-03-16,41.12,,,,,,,
JM신례1,2020-03-17,41.07,,,,,,,
JM신례1,2020-03-18,41.01,,,,,,,
JM신례1,2020-03-19,40.94,,,,,,,
JM신례1,2020-03-20,40.97,,,,,,,
JM신례1,2020-03-21,40.93,,,,,,,
JM신례1,2020-03-22,40.88,,,,,,,
JM신례1,2020-03-23,40.92,,,,,,,
JM신례1,2020-03-24,40.91,,,,,,,
JM신례1,2020-03-25,40.9,,,,,,,
JM신례1,2020-03-26,40.85,,,,,,,
JM신례1,2020-03-27,40.84,,,,,,,
JM신례1,2020-03-28,40.89,,,,,,,
JM신례1,2020-03-29,40.91,,,,,,,
JM신례1,2020-03-30,40.89,,,,,,,
JM신례1,2020-03-31,40.85,,,,,,,
JM신례1,2020-04-01,40.81,,,,,,,
JM신례1,2020-04-02,40.86,,,,,,,
JM신례1,2020-04-03,40.85,,,,,,,
JM신례1,2020-04-04,40.81,,,,,,,
JM신례1,2020-04-05,40.81,,,,,,,
JM신례1,2020-04-06,40.79,,,,,,,
JM신례1,2020-04-07,40.74,,,,,,,
JM신례1,2020-04-08,40.74,,,,,,,
JM신례1,2020-04-09,40.76,,,,,,,
JM신례1,2020-04-10,40.78,,,,,,,
JM신례1,2020-04-11,40.73,,,,,,,
JM신례1,2020-04-12,40.66,,,,,,,
JM신례1,2020-04-13,40.68,,,,,,,
JM신례1,2020-04-14,40.73,,,,,,,
JM신례1,2020-04-15,40.71,,,,,,,
JM신례1,2020-04-16,40.73,,,,,,,
JM신례1,2020-04-17,40.7,,,,,,,
JM신례1,2020-04-18,40.74,,,,,,,
JM신례1,2020-04-19,40.71,,,,,,,
JM신례1,2020-04-20,40.74,,,,,,,
JM신례1,2020-04-21,40.8,,,,,,,
JM신례1,2020-04-22,40.82,,,,,,,
JM신례1,2020-04-23,40.8,,,,,,,
JM신례1,2020-04-24,40.79,,,,,,,
JM신례1,2020-04-25,40.76,,,,,,,
JM신례1,2020-04-26,40.77,,,,,,,
JM신례1,2020-04-27,40.8,,,,,,,
JM신례1,2020-04-28,40.81,,,,,,,
JM신례1,2020-04-29,40.79,,,,,,,
JM신례1,2020-04-30,40.77,,,,,,,
JM신례1,2020-05-01,40.75,,,,,,,
JM신례1,2020-05-02,40.74,,,,,,,
JM신례1,2020-05-03,40.69,,,,,,,
JM신례1,2020-05-04,40.75,,,,,,,
JM신례1,2020-05-05,40.78,,,,,,,
JM신례1,2020-05-06,40.8,,,,,,,
JM신례1,2020-05-07,40.84,,,,,,,
JM신례1,2020-05-08,40.84,,,,,,,
JM신례1,2020-05-09,40.84,,,,,,,
JM신례1,2020-05-10,41.53,,,,,,,
JM신례1,2020-05-11,42.09,,,,,,,
JM신례1,2020-05-12,42.31,,,,,,,
JM신례1,2020-05-13,42.51,,,,,,,
JM신례1,2020-05-14,42.58,,,,,,,
JM신례1,2020-05-15,42.57,,,,,,,
JM신례1,2020-05-16,42.68,,,,,,,
JM신례1,2020-05-17,42.81,,,,,,,
JM신례1,2020-05-18,42.89,,,,,,,
JM신례1,2020-05-19,43.02,,,,,,,
JM신례1,2020-05-20,43.17,,,,,,,
JM신례1,2020-05-21,43.27,,,,,,,
JM신례1,2020-05-22,43.3,,,,,,,
JM신례1,2020-05-23,43.34,,,,,,,
JM신례1,2020-05-24,43.37,,,,,,,
JM신례1,2020-05-25,43.42,,,,,,,
JM신례1,2020-05-26,43.44,,,,,,,
JM신례1,2020-05-27,43.47,,,,,,,
JM신례1,2020-05-28,43.51,,,,,,,
JM신례1,2020-05-29,43.57,,,,,,,
JM신례1,2020-05-30,43.62,,,,,,,
JM신례1,2020-05-31,43.61,,,,,,,
JM신례1,2020-06-01,43.63,,,,,,,
JM신례1,2020-06-02,43.64,,,,,,,
JM신례1,2020-06-03,43.63,,,,,,,
JM신례1,2020-06-04,43.65,,,,,,,
JM신례1,2020-06-05,43.68,,,,,,,
JM신례1,2020-06-06,43.69,,,,,,,
JM신례1,2020-06-07,43.73,,,,,,,
JM신례1,2020-06-08,43.75,,,,,,,
JM신례1,2020-06-09,43.75,,,,,,,
JM신례1,2020-06-10,43.71,,,,,,,
JM신례1,2020-06-11,43.67,,,,,,,
JM신례1,2020-06-12,43.7,,,,,,,
JM신례1,2020-06-13,43.72,,,,,,,
JM신례1,2020-06-14,43.75,,,,,,,
JM신례1,2020-06-15,43.79,,,,,,,
JM신례1,2020-06-16,43.78,,,,,,,
JM신례1,2020-06-17,43.78,,,,,,,
JM신례1,2020-06-18,43.75,,,,,,,
JM신례1,2020-06-19,43.83,,,,,,,
JM신례1,2020-06-20,43.9,,,,,,,
JM신례1,2020-06-21,43.9,,,,,,,
JM신례1,2020-06-22,43.9,,,,,,,
JM신례1,2020-06-23,43.88,,,,,,,
JM신례1,2020-06-24,43.86,,,,,,,
JM신례1,2020-06-25,43.95,,,,,,,
JM신례1,2020-06-26,44.18,,,,,,,
JM신례1,2020-06-27,44.33,,,,,,,
JM신례1,2020-06-28,44.46,,,,,,,
JM신례1,2020-06-29,44.53,,,,,,,
JM신례1,2020-06-30,44.57,,,,,,,
JM신례1,2020-07-01,44.74,,,,,,,
JM신례1,2020-07-02,44.85,,,,,,,
JM신례1,2020-07-03,44.89,,,,,,,
JM신례1,2020-07-04,44.96,,,,,,,
JM신례1,2020-07-05,45.04,,,,,,,
JM신례1,2020-07-06,45.11,,,,,,,
JM신례1,2020-07-07,45.27,,,,,,,
JM신례1,2020-07-08,45.5,,,,,,,
JM신례1,2020-07-09,45.72,,,,,,,
JM신례1,2020-07-10,45.93,,,,,,,
JM신례1,2020-07-11,46.26,,,,,,,
JM신례1,2020-07-12,46.51,,,,,,,
JM신례1,2020-07-13,46.71,,,,,,,
JM신례1,2020-07-14,46.92,,,,,,,
JM신례1,2020-07-15,47.13,,,,,,,
JM신례1,2020-07-16,47.29,,,,,,,
JM신례1,2020-07-17,47.45,,,,,,,
JM신례1,2020-07-18,47.58,,,,,,,
JM신례1,2020-07-19,47.7,,,,,,,
JM신례1,2020-07-20,47.85,,,,,,,
JM신례1,2020-07-21,48.01,,,,,,,
JM신례1,2020-07-22,48.12,,,,,,,
JM신례1,2020-07-23,48.2,,,,,,,
JM신례1,2020-07-24,48.26,,,,,,,
JM신례1,2020-07-25,48.39,,,,,,,
JM신례1,2020-07-26,48.51,,,,,,,
JM신례1,2020-07-27,48.59,,,,,,,
JM신례1,2020-07-28,48.7,,,,,,,
JM신례1,2020-07-29,48.79,,,,,,,
JM신례1,2020-07-30,48.87,,,,,,,
JM신례1,2020-07-31,48.91,,,,,,,
JM신례1,2020-08-01,48.93,,,,,,,
JM신례1,2020-08-02,48.96,,,,,,,
JM신례1,2020-08-03,48.98,,,,,,,
JM신례1,2020-08-04,49.01,,,,,,,
JM신례1,2020-08-05,49.02,,,,,,,
JM신례1,2020-08-06,49.01,,,,,,,
JM신례1,2020-08-07,49.0,,,,,,,
JM신례1,2020-08-08,48.97,,,,,,,
JM신례1,2020-08-09,48.97,,,,,,,
JM신례1,2020-08-10,48.94,,,,,,,
JM신례1,2020-08-11,48.98,,,,,,,
JM신례1,2020-08-12,48.99,,,,,,,
JM신례1,2020-08-13,48.95,,,,,,,
JM신례1,2020-08-14,48.9,,,,,,,
JM신례1,2020-08-15,48.88,,,,,,,
JM신례1,2020-08-16,48.86,,,,,,,
JM신례1,2020-08-17,48.84,,,,,,,
JM신례1,2020-08-18,48.8,,,,,,,
JM신례1,2020-08-19,48.74,,,,,,,
JM신례1,2020-08-20,48.71,,,,,,,
JM신례1,2020-08-21,48.69,,,,,,,
JM신례1,2020-08-22,48.63,,,,,,,
JM신례1,2020-08-23,48.57,,,,,,,
JM신례1,2020-08-24,48.51,,,,,,,
JM신례1,2020-08-25,48.45,,,,,,,
JM신례1,2020-08-26,48.38,,,,,,,
JM신례1,2020-08-27,48.4,,,,,,,
JM신례1,2020-08-28,48.4,,,,,,,
JM신례1,2020-08-29,48.38,,,,,,,
JM신례1,2020-08-30,48.36,,,,,,,
JM신례1,2020-08-31,48.31,,,,,,,
JM신례1,2020-09-01,48.24,,,,,,,
JM신례1,2020-09-02,48.06,,,,,,,
JM신례1,2020-09-03,48.34,,,,,,,
JM신례1,2020-09-04,48.8,,,,,,,
JM신례1,2020-09-05,48.97,,,,,,,
JM신례1,2020-09-06,49.01,,,,,,,
JM신례1,2020-09-07,49.22,,,,,,,
JM신례1,2020-09-08,49.37,,,,,,,
JM신례1,2020-09-09,49.5,,,,,,,
JM신례1,2020-09-10,49.6,,,,,,,
JM신례1,2020-09-11,49.73,,,,,,,
JM신례1,2020-09-12,49.82,,,,,,,
JM신례1,2020-09-13,49.9,,,,,,,
JM신례1,2020-09-14,49.96,,,,,,,
JM신례1,2020-09-15,49.99,,,,,,,
JM신례1,2020-09-16,49.99,,,,,,,
JM신례1,2020-09-17,50.02,,,,,,,
JM신례1,2020-09-18,50.08,,,,,,,
JM신례1,2020-09-19,50.13,,,,,,,
JM신례1,2020-09-20,50.15,,,,,,,
JM신례1,2020-09-21,50.17,,,,,,,
JM신례1,2020-09-22,50.18,,,,,,,
JM신례1,2020-09-23,50.2,,,,,,,
JM신례1,2020-09-24,50.21,,,,,,,
JM신례1,2020-09-25,50.22,,,,,,,
JM신례1,2020-09-26,50.26,,,,,,,
JM신례1,2020-09-27,50.3,,,,,,,
JM신례1,2020-09-28,50.29,,,,,,,
JM신례1,2020-09-29,50.26,,,,,,,
JM신례1,2020-09-30,50.22,,,,,,,
JM신례1,2020-10-01,50.23,,,,,,,
JM신례1,2020-10-02,50.23,,,,,,,
JM신례1,2020-10-03,50.2,,,,,,,
JM신례1,2020-10-04,50.13,,,,,,,
JM신례1,2020-10-05,50.12,,,,,,,
JM신례1,2020-10-06,50.1,,,,,,,
JM신례1,2020-10-07,50.08,,,,,,,
JM신례1,2020-10-08,50.02,,,,,,,
JM신례1,2020-10-09,49.95,,,,,,,
JM신례1,2020-10-10,49.88,,,,,,,
JM신례1,2020-10-11,49.8,,,,,,,
JM신례1,2020-10-12,49.63,,,,,,,
JM신례1,2020-10-13,49.17,,,,,,,
JM신례1,2020-10-14,48.33,,,,,,,
JM신례1,2020-10-15,47.51,,,,,,,
JM신례1,2020-10-16,49.26,,,,,,,
JM신례1,2020-10-17,49.22,,,,,,,
JM신례1,2020-10-18,49.15,,,,,,,
JM신례1,2020-10-19,49.08,,,,,,,
JM신례1,2020-10-20,49.02,,,,,,,
JM신례1,2020-10-21,48.89,,,,,,,
JM신례1,2020-10-22,48.77,,,,,,,
JM신례1,2020-10-23,48.7,,,,,,,
JM신례1,2020-10-24,48.66,,,,,,,
JM신례1,2020-10-25,48.61,,,,,,,
JM신례1,2020-10-26,48.52,,,,,,,
JM신례1,2020-10-27,48.45,,,,,,,
JM신례1,2020-10-28,48.38,,,,,,,
JM신례1,2020-10-29,48.3,,,,,,,
JM신례1,2020-10-30,48.23,,,,,,,
JM신례1,2020-10-31,48.17,,,,,,,
JM신례1,2020-11-01,48.05,,,,,,,
JM신례1,2020-11-02,47.96,,,,,,,
JM신례1,2020-11-03,47.89,,,,,,,
JM신례1,2020-11-04,47.85,,,,,,,
JM신례1,2020-11-05,47.78,,,,,,,
JM신례1,2020-11-06,47.67,,,,,,,
JM신례1,2020-11-07,47.56,,,,,,,
JM신례1,2020-11-08,47.51,,,,,,,
JM신례1,2020-11-09,47.45,,,,,,,
JM신례1,2020-11-10,47.4,,,,,,,
JM신례1,2020-11-11,47.35,,,,,,,
JM신례1,2020-11-12,47.27,,,,,,,
JM신례1,2020-11-13,47.17,,,,,,,
JM신례1,2020-11-14,47.1,,,,,,,
JM신례1,2020-11-15,47.01,,,,,,,
JM신례1,2020-11-16,46.91,,,,,,,
JM신례1,2020-11-17,46.83,,,,,,,
JM신례1,2020-11-18,46.71,,,,,,,
JM신례1,2020-11-19,46.56,,,,,,,
JM신례1,2020-11-20,46.53,,,,,,,
JM신례1,2020-11-21,46.5,,,,,,,
JM신례1,2020-11-22,46.41,,,,,,,
JM신례1,2020-11-23,46.38,,,,,,,
JM신례1,2020-11-24,46.31,,,,,,,
JM신례1,2020-11-25,46.22,,,,,,,
JM신례1,2020-11-26,46.14,,,,,,,
JM신례1,2020-11-27,46.06,,,,,,,
JM신례1,2020-11-28,46.01,,,,,,,
JM신례1,2020-11-29,45.94,,,,,,,
JM신례1,2020-11-30,45.9,,,,,,,
JM신례1,2020-12-01,45.82,,,,,,,
JM신례1,2020-12-02,45.7,,,,,,,
JM신례1,2020-12-03,45.62,,,,,,,
JM신례1,2020-12-04,45.55,,,,,,,
JM신례1,2020-12-05,45.48,,,,,,,
JM신례1,2020-12-06,45.39,,,,,,,
JM신례1,2020-12-07,45.3,,,,,,,
JM신례1,2020-12-08,45.23,,,,,,,
JM신례1,2020-12-09,45.13,,,,,,,
JM신례1,2020-12-10,45.02,,,,,,,
JM신례1,2020-12-11,44.92,,,,,,,
JM신례1,2020-12-12,44.82,,,,,,,
JM신례1,2020-12-13,44.75,,,,,,,
JM신례1,2020-12-14,44.74,,,,,,,
JM신례1,2020-12-15,44.69,,,,,,,
JM신례1,2020-12-16,44.61,,,,,,,
JM신례1,2020-12-17,44.53,,,,,,,
JM신례1,2020-12-18,44.43,,,,,,,
JM신례1,2020-12-19,44.36,,,,,,,
JM신례1,2020-12-20,44.29,,,,,,,
JM신례1,2020-12-21,44.19,,,,,,,
JM신례1,2020-12-22,44.09,,,,,,,
JM신례1,2020-12-23,43.98,,,,,,,
JM신례1,2020-12-24,43.83,,,,,,,
JM신례1,2020-12-25,43.81,,,,,,,
JM신례1,2020-12-26,43.76,,,,,,,
JM신례1,2020-12-27,43.64,,,,,,,
JM신례1,2020-12-28,43.59,,,,,,,
JM신례1,2020-12-29,43.48,,,,,,,
JM신례1,2020-12-30,43.44,,,,,,,
JM신례1,2020-12-31,43.43,,,,,,,
JM신례1,2021-01-01,43.37,,,,,,,
JM신례1,2021-01-02,43.3,,,,,,,
JM신례1,2021-01-03,43.28,,,,,,,
JM신례1,2021-01-04,43.19,,,,,,,
JM신례1,2021-01-05,43.09,,,,,,,
JM신례1,2021-01-06,43.0,,,,,,,
JM신례1,2021-01-07,42.93,,,,,,,
JM신례1,2021-01-08,42.86,,,,,,,
JM신례1,2021-01-09,42.79,,,,,,,
JM신례1,2021-01-10,42.76,,,,,,,
JM신례1,2021-01-11,42.67,,,,,,,
JM신례1,2021-01-12,42.55,,,,,,,
JM신례1,2021-01-13,42.48,,,,,,,
JM신례1,2021-01-14,42.44,,,,,,,
JM신례1,2021-01-15,42.35,,,,,,,
JM신례1,2021-01-16,42.32,,,,,,,
JM신례1,2021-01-17,42.32,,,,,,,
JM신례1,2021-01-18,42.22,,,,,,,
JM신례1,2021-01-19,42.2,,,,,,,
JM신례1,2021-01-20,42.14,,,,,,,
JM신례1,2021-01-21,42.03,,,,,,,
JM신례1,2021-01-22,41.92,,,,,,,
JM신례1,2021-01-23,41.84,,,,,,,
JM신례1,2021-01-24,41.88,,,,,,,
JM신례1,2021-01-25,41.85,,,,,,,
JM신례1,2021-01-26,41.74,,,,,,,
JM신례1,2021-01-27,41.72,,,,,,,
JM신례1,2021-01-28,41.65,,,,,,,
JM신례1,2021-01-29,41.67,,,,,,,
JM신례1,2021-01-30,41.65,,,,,,,
JM신례1,2021-01-31,41.6,,,,,,,
JM신례1,2021-02-01,41.47,,,,,,,
JM신례1,2021-02-02,41.48,,,,,,,
JM신례1,2021-02-03,41.47,,,,,,,
JM신례1,2021-02-04,41.42,,,,,,,
JM신례1,2021-02-05,41.35,,,,,,,
JM신례1,2021-02-06,41.25,,,,,,,
JM신례1,2021-02-07,41.23,,,,,,,
JM신례1,2021-02-08,41.23,,,,,,,
JM신례1,2021-02-09,41.21,,,,,,,
JM신례1,2021-02-10,41.15,,,,,,,
JM신례1,2021-02-11,41.09,,,,,,,
JM신례1,2021-02-12,41.04,,,,,,,
JM신례1,2021-02-13,41.0,,,,,,,
JM신례1,2021-02-14,40.89,,,,,,,
JM신례1,2021-02-15,40.8,,,,,,,
JM신례1,2021-02-16,40.82,,,,,,,
JM신례1,2021-02-17,40.81,,,,,,,
JM신례1,2021-02-18,40.8,,,,,,,
JM신례1,2021-02-19,40.76,,,,,,,
JM신례1,2021-02-20,40.66,,,,,,,
JM신례1,2021-02-21,40.61,,,,,,,
JM신례1,2021-02-22,40.56,,,,,,,
JM신례1,2021-02-23,40.6,,,,,,,
JM신례1,2021-02-24,40.57,,,,,,,
JM신례1,2021-02-25,40.5,,,,,,,
JM신례1,2021-02-26,40.45,,,,,,,
JM신례1,2021-02-27,40.49,,,,,,,
JM신례1,2021-02-28,40.47,,,,,,,
JM신례1,2021-03-01,40.35,,,,,,,
JM신례1,2021-03-02,40.37,,,,,,,
JM신례1,2021-03-03,40.42,,,,,,,
JM신례1,2021-03-04,40.33,,,,,,,
JM신례1,2021-03-05,40.3,,,,,,,
JM신례1,2021-03-06,40.34,,,,,,,
JM신례1,2021-03-07,40.35,,,,,,,
JM신례1,2021-03-08,40.31,,,,,,,
JM신례1,2021-03-09,40.26,,,,,,,
JM신례1,2021-03-10,40.25,,,,,,,
JM신례1,2021-03-11,40.2,,,,,,,
JM신례1,2021-03-12,40.11,,,,,,,
JM신례1,2021-03-13,40.14,,,,,,,
JM신례1,2021-03-14,40.1,,,,,,,
JM신례1,2021-03-15,40.06,,,,,,,
JM신례1,2021-03-16,40.0,,,,,,,
JM신례1,2021-03-17,40.02,,,,,,,
JM신례1,2021-03-18,40.03,,,,,,,
JM신례1,2021-03-19,40.0,,,,,,,
JM신례1,2021-03-20,39.92,,,,,,,
JM신례1,2021-03-21,39.95,,,,,,,
JM신례1,2021-03-22,40.02,,,,,,,
JM신례1,2021-03-23,40.01,,,,,,,
JM신례1,2021-03-24,39.96,,,,,,,
JM신례1,2021-03-25,39.94,,,,,,,
JM신례1,2021-03-26,39.93,,,,,,,
JM신례1,2021-03-27,39.84,,,,,,,
JM신례1,2021-03-28,39.79,,,,,,,
JM신례1,2021-03-29,39.83,,,,,,,
JM신례1,2021-03-30,39.84,,,,,,,
JM신례1,2021-03-31,39.86,,,,,,,
JM신례1,2021-04-01,39.87,,,,,,,
JM신례1,2021-04-02,39.9,,,,,,,
JM신례1,2021-04-03,39.89,,,,,,,
JM신례1,2021-04-04,39.95,,,,,,,
JM신례1,2021-04-05,40.07,,,,,,,
JM신례1,2021-04-06,40.08,,,,,,,
JM신례1,2021-04-07,40.09,,,,,,,
JM신례1,2021-04-08,40.1,,,,,,,
JM신례1,2021-04-09,40.19,,,,,,,
JM신례1,2021-04-10,40.31,,,,,,,
JM신례1,2021-04-11,40.37,,,,,,,
JM신례1,2021-04-12,40.36,,,,,,,
JM신례1,2021-04-13,40.45,,,,,,,
JM신례1,2021-04-14,40.66,,,,,,,
JM신례1,2021-04-15,40.81,,,,,,,
JM신례1,2021-04-16,40.92,,,,,,,
JM신례1,2021-04-17,41.02,,,,,,,
JM신례1,2021-04-18,41.16,,,,,,,
JM신례1,2021-04-19,41.26,,,,,,,
JM신례1,2021-04-20,41.37,,,,,,,
JM신례1,2021-04-21,41.48,,,,,,,
JM신례1,2021-04-22,41.54,,,,,,,
JM신례1,2021-04-23,41.63,,,,,,,
JM신례1,2021-04-24,41.74,,,,,,,
JM신례1,2021-04-25,41.83,,,,,,,
JM신례1,2021-04-26,41.93,,,,,,,
JM신례1,2021-04-27,41.99,,,,,,,
JM신례1,2021-04-28,42.03,,,,,,,
JM신례1,2021-04-29,42.02,,,,,,,
JM신례1,2021-04-30,42.07,,,,,,,
JM신례1,2021-05-01,42.13,,,,,,,
JM신례1,2021-05-02,42.28,,,,,,,
JM신례1,2021-05-03,42.36,,,,,,,
JM신례1,2021-05-04,42.35,,,,,,,
JM신례1,2021-05-05,42.44,,,,,,,
JM신례1,2021-05-06,42.54,,,,,,,
JM신례1,2021-05-07,42.51,,,,,,,
JM신례1,2021-05-08,42.54,,,,,,,
JM신례1,2021-05-09,42.61,,,,,,,
JM신례1,2021-05-10,42.65,,,,,,,
JM신례1,2021-05-11,42.69,,,,,,,
JM신례1,2021-05-12,42.73,,,,,,,
JM신례1,2021-05-13,42.77,,,,,,,
JM신례1,2021-05-14,42.8,,,,,,,
JM신례1,2021-05-15,42.81,,,,,,,
JM신례1,2021-05-16,42.83,,,,,,,
JM신례1,2021-05-17,42.91,,,,,,,
JM신례1,2021-05-18,42.98,,,,,,,
JM신례1,2021-05-19,43.02,,,,,,,
JM신례1,2021-05-20,42.99,,,,,,,
JM신례1,2021-05-21,43.06,,,,,,,
JM신례1,2021-05-22,43.1,,,,,,,
JM신례1,2021-05-23,43.13,,,,,,,
JM신례1,2021-05-24,43.13,,,,,,,
JM신례1,2021-05-25,43.15,,,,,,,
JM신례1,2021-05-26,43.18,,,,,,,
JM신례1,2021-05-27,43.16,,,,,,,
JM신례1,2021-05-28,43.21,,,,,,,
JM신례1,2021-05-29,43.25,,,,,,,
JM신례1,2021-05-30,43.28,,,,,,,
JM신례1,2021-05-31,43.3,,,,,,,
JM신례1,2021-06-01,43.34,,,,,,,
JM신례1,2021-06-02,43.34,,,,,,,
JM신례1,2021-06-03,43.27,,,,,,,
JM신례1,2021-06-04,43.31,,,,,,,
JM신례1,2021-06-05,43.34,,,,,,,
JM신례1,2021-06-06,43.38,,,,,,,
JM신례1,2021-06-07,43.43,,,,,,,
JM신례1,2021-06-08,43.44,,,,,,,
JM신례1,2021-06-09,43.44,,,,,,,
JM신례1,2021-06-10,43.43,,,,,,,
JM신례1,2021-06-11,43.42,,,,,,,
JM신례1,2021-06-12,43.52,,,,,,,
JM신례1,2021-06-13,43.55,,,,,,,
JM신례1,2021-06-14,43.56,,,,,,,
JM신례1,2021-06-15,43.56,,,,,,,
JM신례1,2021-06-16,43.65,,,,,,,
JM신례1,2021-06-17,43.78,,,,,,,
JM신례1,2021-06-18,43.83,,,,,,,
JM신례1,2021-06-19,43.89,,,,,,,
JM신례1,2021-06-20,43.95,,,,,,,
JM신례1,2021-06-21,44.02,,,,,,,
JM신례1,2021-06-22,44.1,,,,,,,
JM신례1,2021-06-23,44.16,,,,,,,
JM신례1,2021-06-24,44.21,,,,,,,
JM신례1,2021-06-25,44.24,,,,,,,
JM신례1,2021-06-26,44.27,,,,,,,
JM신례1,2021-06-27,44.27,,,,,,,
JM신례1,2021-06-28,44.28,,,,,,,
JM신례1,2021-06-29,44.32,,,,,,,
JM신례1,2021-06-30,44.35,,,,,,,
JM신례1,2021-07-01,44.37,,,,,,,
JM신례1,2021-07-02,44.41,,,,,,,
JM신례1,2021-07-03,44.43,,,,,,,
JM신례1,2021-07-04,44.49,,,,,,,
JM신례1,2021-07-05,44.6,,,,,,,
JM신례1,2021-07-06,44.67,,,,,,,
JM신례1,2021-07-07,44.72,,,,,,,
JM신례1,2021-07-08,44.74,,,,,,,
JM신례1,2021-07-09,44.77,,,,,,,
JM신례1,2021-07-10,44.82,,,,,,,
JM신례1,2021-07-11,44.86,,,,,,,
JM신례1,2021-07-12,44.87,,,,,,,
JM신례1,2021-07-13,44.88,,,,,,,
JM신례1,2021-07-14,44.91,,,,,,,
JM신례1,2021-07-15,44.94,,,,,,,
JM신례1,2021-07-16,44.94,,,,,,,
JM신례1,2021-07-17,44.92,,,,,,,
JM신례1,2021-07-18,44.93,,,,,,,
JM신례1,2021-07-19,45.0,,,,,,,
JM신례1,2021-07-20,45.05,,,,,,,
JM신례1,2021-07-21,45.05,,,,,,,
JM신례1,2021-07-22,45.05,,,,,,,
JM신례1,2021-07-23,45.04,,,,,,,
JM신례1,2021-07-24,45.04,,,,,,,
JM신례1,2021-07-25,45.04,,,,,,,
JM신례1,2021-07-26,45.05,,,,,,,
JM신례1,2021-07-27,45.05,,,,,,,
JM신례1,2021-07-28,45.06,,,,,,,
JM신례1,2021-07-29,45.06,,,,,,,
JM신례1,2021-07-30,45.06,,,,,,,
JM신례1,2021-07-31,45.06,,,,,,,
JM신례1,2021-08-01,45.07,,,,,,,
JM신례1,2021-08-02,45.09,,,,,,,
JM신례1,2021-08-03,45.15,,,,,,,
JM신례1,2021-08-04,45.19,,,,,,,
JM신례1,2021-08-05,45.17,,,,,,,
JM신례1,2021-08-06,45.14,,,,,,,
JM신례1,2021-08-07,45.13,,,,,,,
JM신례1,2021-08-08,45.12,,,,,,,
JM신례1,2021-08-09,45.14,,,,,,,
JM신례1,2021-08-10,45.19,,,,,,,
JM신례1,2021-08-11,45.21,,,,,,,
JM신례1,2021-08-12,45.23,,,,,,,
JM신례1,2021-08-13,45.23,,,,,,,
JM신례1,2021-08-14,45.27,,,,,,,
JM신례1,2021-08-15,45.41,,,,,,,
JM신례1,2021-08-16,45.45,,,,,,,
JM신례1,2021-08-17,45.47,,,,,,,
JM신례1,2021-08-18,45.52,,,,,,,
JM신례1,2021-08-19,45.58,,,,,,,
JM신례1,2021-08-20,45.63,,,,,,,
JM신례1,2021-08-21,45.63,,,,,,,
JM신례1,2021-08-23,46.17,,,,,,,
JM신례1,2021-08-24,46.29,,,,,,,
JM신례1,2021-08-25,46.43,,,,,,,
JM신례1,2021-08-26,46.53,,,,,,,
JM신례1,2021-08-27,46.62,,,,,,,
JM신례1,2021-08-28,46.71,,,,,,,
JM신례1,2021-08-29,46.79,,,,,,,
JM신례1,2021-08-30,46.87,,,,,,,
JM신례1,2021-08-31,46.95,,,,,,,
JM신례1,2021-09-01,47.04,,,,,,,
JM신례1,2021-09-02,47.15,,,,,,,
JM신례1,2021-09-03,47.27,,,,,,,
JM신례1,2021-09-04,47.39,,,,,,,
JM신례1,2021-09-05,47.51,,,,,,,
JM신례1,2021-09-06,47.65,,,,,,,
JM신례1,2021-09-07,47.79,,,,,,,
JM신례1,2021-09-08,47.92,,,,,,,
JM신례1,2021-09-09,48.04,,,,,,,
JM신례1,2021-09-10,48.16,,,,,,,
JM신례1,2021-09-11,48.3,,,,,,,
JM신례1,2021-09-12,48.42,,,,,,,
JM신례1,2021-09-13,48.54,,,,,,,
JM신례1,2021-09-14,48.76,,,,,,,
JM신례1,2021-09-15,49.33,,,,,,,
JM신례1,2021-09-16,49.93,,,,,,,
JM신례1,2021-09-17,50.46,,,,,,,
JM신례1,2021-09-18,51.13,,,,,,,
JM신례1,2021-09-19,51.67,,,,,,,
JM신례1,2021-09-20,52.18,,,,,,,
JM신례1,2021-09-21,52.6,,,,,,,
JM신례1,2021-09-22,52.89,,,,,,,
JM신례1,2021-09-23,53.04,,,,,,,
JM신례1,2021-09-24,53.11,,,,,,,
JM신례1,2021-09-25,53.11,,,,,,,
JM신례1,2021-09-26,53.09,,,,,,,
JM신례1,2021-09-27,53.04,,,,,,,
JM신례1,2021-09-28,52.99,,,,,,,
JM신례1,2021-09-29,52.94,,,,,,,
JM신례1,2021-09-30,52.89,,,,,,,
JM신례1,2021-10-01,52.83,,,,,,,
JM신례1,2021-10-02,52.77,,,,,,,
JM신례1,2021-10-03,52.71,,,,,,,
JM신례1,2021-10-04,52.66,,,,,,,
JM신례1,2021-10-05,52.61,,,,,,,
JM신례1,2021-10-06,52.57,,,,,,,
JM신례1,2021-10-07,52.52,,,,,,,
JM신례1,2021-10-08,52.47,,,,,,,
JM신례1,2021-10-09,52.41,,,,,,,
JM신례1,2021-10-10,52.36,,,,,,,
JM신례1,2021-10-11,52.3,,,,,,,
JM신례1,2021-10-12,52.23,,,,,,,
JM신례1,2021-10-13,52.16,,,,,,,
JM신례1,2021-10-14,52.09,,,,,,,
JM신례1,2021-10-15,52.01,,,,,,,
JM신례1,2021-10-16,51.92,,,,,,,
JM신례1,2021-10-17,51.82,,,,,,,
JM신례1,2021-10-18,51.72,,,,,,,
JM신례1,2021-10-19,51.62,,,,,,,
JM신례1,2021-10-20,51.51,,,,,,,
JM신례1,2021-10-21,51.38,,,,,,,
JM신례1,2021-10-22,51.24,,,,,,,
JM신례1,2021-10-23,51.12,,,,,,,
JM신례1,2021-10-24,51.01,,,,,,,
JM신례1,2021-10-25,50.9,,,,,,,
JM신례1,2021-10-26,50.79,,,,,,,
JM신례1,2021-10-27,50.67,,,,,,,
JM신례1,2021-10-28,50.55,,,,,,,
JM신례1,2021-10-29,50.43,,,,,,,
JM신례1,2021-10-30,50.31,,,,,,,
JM신례1,2021-10-31,50.19,,,,,,,
JM신례1,2021-11-01,50.07,,,,,,,
JM신례1,2021-11-02,49.96,,,,,,,
JM신례1,2021-11-03,49.83,,,,,,,
JM신례1,2021-11-04,49.72,,,,,,,
JM신례1,2021-11-05,49.6,,,,,,,
JM신례1,2021-11-06,49.48,,,,,,,
JM신례1,2021-11-07,49.36,,,,,,,
JM신례1,2021-11-08,49.24,,,,,,,
JM신례1,2021-11-09,49.15,,,,,,,
JM신례1,2021-11-10,48.98,,,,,,,
JM신례1,2021-11-11,48.89,,,,,,,
JM신례1,2021-11-12,48.78,,,,,,,
JM신례1,2021-11-13,48.67,,,,,,,
JM신례1,2021-11-14,48.55,,,,,,,
JM신례1,2021-11-15,48.44,,,,,,,
JM신례1,2021-11-16,48.34,,,,,,,
JM신례1,2021-11-17,48.23,,,,,,,
JM신례1,2021-11-18,48.13,,,,,,,
JM신례1,2021-11-19,48.03,,,,,,,
JM신례1,2021-11-20,47.93,,,,,,,
JM신례1,2021-11-21,47.84,,,,,,,
JM신례1,2021-11-22,47.75,,,,,,,
JM신례1,2021-11-23,47.65,,,,,,,
JM신례1,2021-11-24,47.56,,,,,,,
JM신례1,2021-11-25,47.46,,,,,,,
JM신례1,2021-11-26,47.37,,,,,,,
JM신례1,2021-11-27,47.27,,,,,,,
JM신례1,2021-11-28,47.18,,,,,,,
JM신례1,2021-11-29,47.1,,,,,,,
JM신례1,2021-11-30,47.02,,,,,,,
JM신례1,2021-12-01,46.94,,,,,,,
JM신례1,2021-12-02,46.85,,,,,,,
JM신례1,2021-12-03,46.77,,,,,,,
JM신례1,2021-12-04,46.68,,,,,,,
JM신례1,2021-12-05,46.6,,,,,,,
JM신례1,2021-12-06,46.51,,,,,,,
JM신례1,2021-12-07,46.43,,,,,,,
JM신례1,2021-12-08,46.34,,,,,,,
JM신례1,2021-12-09,46.26,,,,,,,
JM신례1,2021-12-10,46.18,,,,,,,
JM신례1,2021-12-11,46.1,,,,,,,
JM신례1,2021-12-12,46.02,,,,,,,
JM신례1,2021-12-13,45.94,,,,,,,
JM신례1,2021-12-14,45.86,,,,,,,
JM신례1,2021-12-15,45.78,,,,,,,
JM신례1,2021-12-16,45.71,,,,,,,
JM신례1,2021-12-17,45.63,,,,,,,
JM신례1,2021-12-18,45.55,,,,,,,
JM신례1,2021-12-19,45.48,,,,,,,
JM신례1,2021-12-20,45.4,,,,,,,
JM신례1,2021-12-21,45.33,,,,,,,
JM신례1,2021-12-22,45.25,,,,,,,
JM신례1,2021-12-23,45.17,,,,,,,
JM신례1,2021-12-24,45.1,,,,,,,
JM신례1,2021-12-25,45.01,,,,,,,
JM신례1,2021-12-26,44.93,,,,,,,
JM신례1,2021-12-27,44.85,,,,,,,
JM신례1,2021-12-28,44.77,,,,,,,
JM신례1,2021-12-29,44.69,,,,,,,
JM신례1,2021-12-30,44.61,,,,,,,
JM신례1,2021-12-31,44.53,,,,,,,
JM신례1,2022-01-01,44.45,,,,,,,
JM신례1,2022-01-02,44.36,,,,,,,
JM신례1,2022-01-03,44.29,,,,,,,
JM신례1,2022-01-04,44.2,,,,,,,
JM신례1,2022-01-05,44.13,,,,,,,
JM신례1,2022-01-06,44.05,,,,,,,
JM신례1,2022-01-07,43.97,,,,,,,
JM신례1,2022-01-08,43.9,,,,,,,
JM신례1,2022-01-09,43.83,,,,,,,
JM신례1,2022-01-10,43.76,,,,,,,
JM신례1,2022-01-11,43.69,,,,,,,
JM신례1,2022-01-12,43.62,,,,,,,
JM신례1,2022-01-13,43.55,,,,,,,
JM신례1,2022-01-14,43.48,,,,,,,
JM신례1,2022-01-15,43.41,,,,,,,
JM신례1,2022-01-16,43.33,,,,,,,
JM신례1,2022-01-17,43.27,,,,,,,
JM신례1,2022-01-18,43.2,,,,,,,
JM신례1,2022-01-19,43.13,,,,,,,
JM신례1,2022-01-20,43.07,,,,,,,
JM신례1,2022-01-21,43.0,,,,,,,
JM신례1,2022-01-22,42.93,,,,,,,
JM신례1,2022-01-23,42.87,,,,,,,
JM신례1,2022-01-24,42.81,,,,,,,
JM신례1,2022-01-25,42.74,,,,,,,
JM신례1,2022-01-26,42.68,,,,,,,
JM신례1,2022-01-27,42.61,,,,,,,
JM신례1,2022-01-28,42.55,,,,,,,
JM신례1,2022-01-29,42.49,,,,,,,
JM신례1,2022-01-30,42.43,,,,,,,
JM신례1,2022-01-31,42.36,,,,,,,
JM신례1,2022-02-01,42.3,,,,,,,
JM신례1,2022-02-02,42.25,,,,,,,
JM신례1,2022-02-03,42.19,,,,,,,
JM신례1,2022-02-04,42.13,,,,,,,
JM신례1,2022-02-05,42.08,,,,,,,
JM신례1,2022-02-06,42.02,,,,,,,
JM신례1,2022-02-07,41.97,,,,,,,
JM신례1,2022-02-08,41.91,,,,,,,
JM신례1,2022-02-09,41.85,,,,,,,
JM신례1,2022-02-10,41.8,,,,,,,
JM신례1,2022-02-11,41.75,,,,,,,
JM신례1,2022-02-12,41.7,,,,,,,
JM신례1,2022-02-13,41.66,,,,,,,
JM신례1,2022-02-14,41.61,,,,,,,
JM신례1,2022-02-15,41.56,,,,,,,
JM신례1,2022-02-16,41.51,,,,,,,
JM신례1,2022-02-17,41.46,,,,,,,
JM신례1,2022-02-18,41.42,,,,,,,
JM신례1,2022-02-19,41.37,,,,,,,
JM신례1,2022-02-20,41.33,,,,,,,
JM신례1,2022-02-21,41.29,,,,,,,
JM신례1,2022-02-22,41.24,,,,,,,
JM신례1,2022-02-23,41.19,,,,,,,
JM신례1,2022-02-24,41.15,,,,,,,
JM신례1,2022-02-25,41.1,,,,,,,
JM신례1,2022-02-26,41.05,,,,,,,
JM신례1,2022-02-27,40.99,,,,,,,
JM신례1,2022-02-28,40.95,,,,,,,
JM신례1,2022-03-01,40.91,,,,,,,
JM신례1,2022-03-02,40.87,,,,,,,
JM신례1,2022-03-03,40.82,,,,,,,
JM신례1,2022-03-04,40.77,,,,,,,
JM신례1,2022-03-05,40.74,,,,,,,
JM신례1,2022-03-06,40.69,,,,,,,
JM신례1,2022-03-07,40.65,,,,,,,
JM신례1,2022-03-08,40.61,,,,,,,
JM신례1,2022-03-09,40.56,,,,,,,
JM신례1,2022-03-10,40.52,,,,,,,
JM신례1,2022-03-11,40.47,,,,,,,
JM신례1,2022-03-12,40.43,,,,,,,
JM신례1,2022-03-13,40.39,,,,,,,
JM신례1,2022-03-14,40.36,,,,,,,
JM신례1,2022-03-15,40.32,,,,,,,
JM신례1,2022-03-16,40.28,,,,,,,
JM신례1,2022-03-17,40.24,,,,,,,
JM신례1,2022-03-18,40.22,,,,,,,
JM신례1,2022-03-19,40.2,,,,,,,
JM신례1,2022-03-20,40.17,,,,,,,
JM신례1,2022-03-21,40.13,,,,,,,
JM신례1,2022-03-22,40.1,,,,,,,
JM신례1,2022-03-23,40.07,,,,,,,
JM신례1,2022-03-24,40.04,,,,,,,
JM신례1,2022-03-25,40.01,,,,,,,
JM신례1,2022-03-26,39.99,,,,,,,
JM신례1,2022-03-27,39.97,,,,,,,
JM신례1,2022-03-28,39.94,,,,,,,
JM신례1,2022-03-29,39.9,,,,,,,
JM신례1,2022-03-30,39.87,,,,,,,
JM신례1,2022-03-31,39.84,,,,,,,
JM신례1,2022-04-01,39.8,,,,,,,
JM신례1,2022-04-02,39.77,,,,,,,
JM신례1,2022-04-03,39.73,,,,,,,
JM신례1,2022-04-04,39.69,,,,,,,
JM신례1,2022-04-05,39.66,,,,,,,
JM신례1,2022-04-06,39.63,,,,,,,
JM신례1,2022-04-07,39.6,,,,,,,
JM신례1,2022-04-08,39.58,,,,,,,
JM신례1,2022-04-09,39.55,,,,,,,
JM신례1,2022-04-10,39.52,,,,,,,
JM신례1,2022-04-11,39.5,,,,,,,
JM신례1,2022-04-12,39.48,,,,,,,
JM신례1,2022-04-13,39.46,,,,,,,
JM신례1,2022-04-14,39.45,,,,,,,
JM신례1,2022-04-15,39.43,,,,,,,
JM신례1,2022-04-16,39.4,,,,,,,
JM신례1,2022-04-17,39.37,,,,,,,
JM신례1,2022-04-18,39.35,,,,,,,
JM신례1,2022-04-19,39.33,,,,,,,
JM신례1,2022-04-20,39.3,,,,,,,
JM신례1,2022-04-21,39.29,,,,,,,
JM신례1,2022-04-22,39.28,,,,,,,
JM신례1,2022-04-23,39.26,,,,,,,
JM신례1,2022-04-24,39.25,,,,,,,
JM신례1,2022-04-25,39.23,,,,,,,
JM신례1,2022-04-26,39.23,,,,,,,
JM신례1,2022-04-27,39.25,,,,,,,
JM신례1,2022-04-28,39.25,,,,,,,
JM신례1,2022-04-29,39.23,,,,,,,
JM신례1,2022-04-30,39.23,,,,,,,
JM신례1,2022-05-01,39.22,,,,,,,
JM신례1,2022-05-02,39.2,,,,,,,
JM신례1,2022-05-03,39.18,,,,,,,
JM신례1,2022-05-04,39.16,,,,,,,
JM신례1,2022-05-05,39.14,,,,,,,
JM신례1,2022-05-06,39.12,,,,,,,
JM신례1,2022-05-07,39.1,,,,,,,
JM신례1,2022-05-08,39.08,,,,,,,
JM신례1,2022-05-09,39.07,,,,,,,
JM신례1,2022-05-10,39.06,,,,,,,
JM신례1,2022-05-11,39.06,,,,,,,
JM신례1,2022-05-12,39.05,,,,,,,
JM신례1,2022-05-13,39.04,,,,,,,
JM신례1,2022-05-14,39.03,,,,,,,
JM신례1,2022-05-15,39.01,,,,,,,
JM신례1,2022-05-16,39.0,,,,,,,
JM신례1,2022-05-17,38.98,,,,,,,
JM신례1,2022-05-18,38.96,,,,,,,
JM신례1,2022-05-19,38.94,,,,,,,
JM신례1,2022-05-20,38.94,,,,,,,
JM신례1,2022-05-21,38.92,,,,,,,
JM신례1,2022-05-22,38.9,,,,,,,
JM신례1,2022-05-23,38.89,,,,,,,
JM신례1,2022-05-24,38.88,,,,,,,
JM신례1,2022-05-25,38.86,,,,,,,
JM신례1,2022-05-26,38.85,,,,,,,
JM신례1,2022-05-27,38.84,,,,,,,
JM신례1,2022-05-28,38.83,,,,,,,
JM신례1,2022-05-29,38.83,,,,,,,
JM신례1,2022-05-30,38.83,,,,,,,
JM신례1,2022-05-31,38.83,,,,,,,
JM신례1,2022-06-01,38.81,,,,,,,
JM신례1,2022-06-02,38.8,,,,,,,
JM신례1,2022-06-03,38.79,,,,,,,
JM신례1,2022-06-04,38.78,,,,,,,
JM신례1,2022-06-05,38.8,,,,,,,
JM신례1,2022-06-06,38.85,,,,,,,
JM신례1,2022-06-07,38.86,,,,,,,
JM신례1,2022-06-08,38.85,,,,,,,
JM신례1,2022-06-09,38.83,,,,,,,
JM신례1,2022-06-10,38.82,,,,,,,
JM신례1,2022-06-11,38.81,,,,,,,
JM신례1,2022-06-12,38.81,,,,,,,
JM신례1,2022-06-13,38.81,,,,,,,
JM신례1,2022-06-14,38.82,,,,,,,
JM신례1,2022-06-15,38.82,,,,,,,
JM신례1,2022-06-16,38.8,,,,,,,
JM신례1,2022-06-17,38.79,,,,,,,
JM신례1,2022-06-18,38.79,,,,,,,
JM신례1,2022-06-19,38.78,,,,,,,
JM신례1,2022-06-20,38.78,,,,,,,
JM신례1,2022-06-21,38.77,,,,,,,
JM신례1,2022-06-22,38.76,,,,,,,
JM신례1,2022-06-23,38.77,,,,,,,
JM신례1,2022-06-24,38.78,,,,,,,
JM신례1,2022-06-25,38.83,,,,,,,
JM신례1,2022-06-26,38.85,,,,,,,
JM신례1,2022-06-27,38.86,,,,,,,
JM신례1,2022-06-28,38.86,,,,,,,
JM신례1,2022-06-29,38.87,,,,,,,
JM신례1,2022-06-30,38.87,,,,,,,
JM신례1,2022-07-01,38.87,,,,,,,
JM신례1,2022-07-02,38.86,,,,,,,
JM신례1,2022-07-03,38.86,,,,,,,
JM신례1,2022-07-04,38.87,,,,,,,
JM신례1,2022-07-05,38.87,,,,,,,
JM신례1,2022-07-06,38.86,,,,,,,
JM신례1,2022-07-07,38.86,,,,,,,
JM신례1,2022-07-08,38.87,,,,,,,
JM신례1,2022-07-09,38.88,,,,,,,
JM신례1,2022-07-10,38.88,,,,,,,
JM신례1,2022-07-11,38.88,,,,,,,
JM신례1,2022-07-12,38.91,,,,,,,
JM신례1,2022-07-13,38.93,,,,,,,
JM신례1,2022-07-14,38.94,,,,,,,
JM신례1,2022-07-15,38.95,,,,,,,
JM신례1,2022-07-16,38.98,,,,,,,
JM신례1,2022-07-17,38.99,,,,,,,
JM신례1,2022-07-18,39.01,,,,,,,
JM신례1,2022-07-19,39.03,,,,,,,
JM신례1,2022-07-20,39.05,,,,,,,
JM신례1,2022-07-21,39.06,,,,,,,
JM신례1,2022-07-22,39.06,,,,,,,
JM신례1,2022-07-23,39.05,,,,,,,
JM신례1,2022-07-24,39.07,,,,,,,
JM신례1,2022-07-25,39.08,,,,,,,
JM신례1,2022-07-26,39.09,,,,,,,
JM신례1,2022-07-27,39.1,,,,,,,
JM신례1,2022-07-28,39.12,,,,,,,
JM신례1,2022-07-29,39.12,,,,,,,
JM신례1,2022-07-30,39.14,,,,,,,
JM신례1,2022-07-31,39.19,,,,,,,
JM신례1,2022-08-01,39.32,,,,,,,
JM신례1,2022-08-02,39.42,,,,,,,
JM신례1,2022-08-03,39.52,,,,,,,
JM신례1,2022-08-04,39.58,,,,,,,
JM신례1,2022-08-05,39.64,,,,,,,
JM신례1,2022-08-06,39.69,,,,,,,
JM신례1,2022-08-07,39.76,,,,,,,
JM신례1,2022-08-08,39.84,,,,,,,
JM신례1,2022-08-09,39.92,,,,,,,
JM신례1,2022-08-10,40.0,,,,,,,
JM신례1,2022-08-11,40.07,,,,,,,
JM신례1,2022-08-12,40.15,,,,,,,
JM신례1,2022-08-13,40.23,,,,,,,
JM신례1,2022-08-14,40.29,,,,,,,
JM신례1,2022-08-15,40.36,,,,,,,
JM신례1,2022-08-16,40.41,,,,,,,
JM신례1,2022-08-17,40.5,,,,,,,
JM신례1,2022-08-18,40.76,,,,,,,
JM신례1,2022-08-19,40.99,,,,,,,
JM신례1,2022-08-20,41.14,,,,,,,
JM신례1,2022-08-21,41.23,,,,,,,
JM신례1,2022-08-22,41.3,,,,,,,
JM신례1,2022-08-23,41.35,,,,,,,
JM신례1,2022-08-24,41.41,,,,,,,
JM신례1,2022-08-25,41.47,,,,,,,
JM신례1,2022-08-26,41.52,,,,,,,
JM신례1,2022-08-27,41.58,,,,,,,
JM신례1,2022-08-28,41.64,,,,,,,
JM신례1,2022-08-29,41.7,,,,,,,
JM신례1,2022-08-30,41.77,,,,,,,
JM신례1,2022-08-31,41.84,,,,,,,
JM신례1,2022-09-01,41.89,,,,,,,
JM신례1,2022-09-02,41.96,,,,,,,
JM신례1,2022-09-03,42.13,,,,,,,
JM신례1,2022-09-04,42.26,,,,,,,
JM신례1,2022-09-05,42.43,,,,,,,
JM신례1,2022-09-06,42.83,,,,,,,
JM신례1,2022-09-07,43.35,,,,,,,
JM신례1,2022-09-08,43.65,,,,,,,
JM신례1,2022-09-09,43.82,,,,,,,
JM신례1,2022-09-10,43.94,,,,,,,
JM신례1,2022-09-11,44.04,,,,,,,
JM신례1,2022-09-12,44.15,,,,,,,
JM신례1,2022-09-13,44.25,,,,,,,
JM신례1,2022-09-14,44.36,,,,,,,
JM신례1,2022-09-15,44.47,,,,,,,
JM신례1,2022-09-16,44.57,,,,,,,
JM신례1,2022-09-17,44.66,,,,,,,
JM신례1,2022-09-18,44.76,,,,,,,
JM신례1,2022-09-19,44.85,,,,,,,
JM신례1,2022-09-20,44.9,,,,,,,
JM신례1,2022-09-21,44.96,,,,,,,
JM신례1,2022-09-22,45.03,,,,,,,
JM신례1,2022-09-23,45.11,,,,,,,
JM신례1,2022-09-24,45.18,,,,,,,
JM신례1,2022-09-25,45.24,,,,,,,
JM신례1,2022-09-26,45.3,,,,,,,
JM신례1,2022-09-27,45.36,,,,,,,
JM신례1,2022-09-28,45.43,,,,,,,
JM신례1,2022-09-29,45.48,,,,,,,
JM신례1,2022-09-30,45.53,,,,,,,
JM신례1,2022-10-01,45.57,,,,,,,
JM신례1,2022-10-02,45.61,,,,,,,
JM신례1,2022-10-03,45.66,,,,,,,
JM신례1,2022-10-04,45.7,,,,,,,
JM신례1,2022-10-05,45.73,,,,,,,
JM신례1,2022-10-06,45.75,,,,,,,
JM신례1,2022-10-07,45.78,,,,,,,
JM신례1,2022-10-08,45.79,,,,,,,
JM신례1,2022-10-09,45.82,,,,,,,
JM신례1,2022-10-10,45.83,,,,,,,
JM신례1,2022-10-11,45.83,,,,,,,
JM신례1,2022-10-12,45.82,,,,,,,
JM신례1,2022-10-13,45.82,,,,,,,
JM신례1,2022-10-14,45.82,,,,,,,
JM신례1,2022-10-15,45.8,,,,,,,
JM신례1,2022-10-16,45.79,,,,,,,
JM신례1,2022-10-17,45.77,,,,,,,
JM신례1,2022-10-18,45.74,,,,,,,
JM신례1,2022-10-19,45.71,,,,,,,
JM신례1,2022-10-20,45.67,,,,,,,
JM신례1,2022-10-21,45.63,,,,,,,
JM신례1,2022-10-22,45.6,,,,,,,
JM신례1,2022-10-23,45.57,,,,,,,
JM신례1,2022-10-24,45.52,,,,,,,
JM신례1,2022-10-25,45.48,,,,,,,
JM신례1,2022-10-26,45.42,,,,,,,
JM신례1,2022-10-27,45.37,,,,,,,
JM신례1,2022-10-28,45.32,,,,,,,
JM신례1,2022-10-29,45.28,,,,,,,
JM신례1,2022-10-30,45.22,,,,,,,
JM신례1,2022-10-31,45.17,,,,,,,
JM신례1,2022-11-01,45.11,,,,,,,
JM신례1,2022-11-02,45.05,,,,,,,
JM신례1,2022-11-03,44.99,,,,,,,
JM신례1,2022-11-04,44.93,,,,,,,
JM신례1,2022-11-05,44.86,,,,,,,
JM신례1,2022-11-06,44.79,,,,,,,
JM신례1,2022-11-07,44.72,,,,,,,
JM신례1,2022-11-08,44.65,,,,,,,
JM신례1,2022-11-09,44.57,,,,,,,
JM신례1,2022-11-10,44.49,,,,,,,
JM신례1,2022-11-11,44.42,,,,,,,
JM신례1,2022-11-12,44.35,,,,,,,
JM신례1,2022-11-13,44.29,,,,,,,
JM신례1,2022-11-14,44.21,,,,,,,
JM신례1,2022-11-15,44.14,,,,,,,
JM신례1,2022-11-16,44.06,,,,,,,
JM신례1,2022-11-17,43.99,,,,,,,
JM신례1,2022-11-18,43.91,,,,,,,
JM신례1,2022-11-19,43.84,,,,,,,
JM신례1,2022-11-20,43.77,,,,,,,
JM신례1,2022-11-21,43.69,,,,,,,
JM신례1,2022-11-22,43.63,,,,,,,
JM신례1,2022-11-23,43.56,,,,,,,
JM신례1,2022-11-24,43.49,,,,,,,
JM신례1,2022-11-25,43.41,,,,,,,
JM신례1,2022-11-26,43.35,,,,,,,
JM신례1,2022-11-27,43.28,,,,,,,
JM신례1,2022-11-28,43.22,,,,,,,
JM신례1,2022-11-29,43.17,,,,,,,
JM신례1,2022-11-30,43.11,,,,,,,
JM신례1,2022-12-01,43.04,,,,,,,
JM신례1,2022-12-02,42.98,,,,,,,
JM신례1,2022-12-03,42.92,,,,,,,
JM신례1,2022-12-04,42.85,,,,,,,
JM신례1,2022-12-05,42.79,,,,,,,
JM신례1,2022-12-06,42.72,,,,,,,
JM신례1,2022-12-07,42.65,,,,,,,
JM신례1,2022-12-08,42.59,,,,,,,
JM신례1,2022-12-09,42.53,,,,,,,
JM신례1,2022-12-10,42.47,,,,,,,
JM신례1,2022-12-11,42.41,,,,,,,
JM신례1,2022-12-12,42.35,,,,,,,
JM신례1,2022-12-13,42.29,,,,,,,
JM신례1,2022-12-14,42.23,,,,,,,
JM신례1,2022-12-15,42.17,,,,,,,
JM신례1,2022-12-16,42.11,,,,,,,
JM신례1,2022-12-17,42.06,,,,,,,
JM신례1,2022-12-18,42.0,,,,,,,
JM신례1,2022-12-19,41.95,,,,,,,
JM신례1,2022-12-20,41.9,,,,,,,
JM신례1,2022-12-21,41.85,,,,,,,
JM신례1,2022-12-22,41.8,,,,,,,
JM신례1,2022-12-23,41.76,,,,,,,
JM신례1,2022-12-24,41.7,,,,,,,
JM신례1,2022-12-25,41.65,,,,,,,
JM신례1,2022-12-26,41.6,,,,,,,
JM신례1,2022-12-27,41.55,,,,,,,
JM신례1,2022-12-28,41.51,,,,,,,
JM신례1,2022-12-29,41.46,,,,,,,
JM신례1,2022-12-30,41.41,,,,,,,
JM신례1,2022-12-31,41.36,,,,,,,
JM신례1,2023-01-01,41.32,,,,,,,
JM신례1,2023-01-02,41.27,,,,,,,
JM신례1,2023-01-03,41.23,,,,,,,
JM신례1,2023-01-04,41.18,,,,,,,
JM신례1,2023-01-05,41.14,,,,,,,
JM신례1,2023-01-06,41.09,,,,,,,
JM신례1,2023-01-07,41.05,,,,,,,
JM신례1,2023-01-08,41.0,,,,,,,
JM신례1,2023-01-09,40.96,,,,,,,
JM신례1,2023-01-10,40.91,,,,,,,
JM신례1,2023-01-11,40.86,,,,,,,
JM신례1,2023-01-12,40.82,,,,,,,
JM신례1,2023-01-13,40.8,,,,,,,
JM신례1,2023-01-14,40.8,,,,,,,
JM신례1,2023-01-15,40.78,,,,,,,
JM신례1,2023-01-16,40.74,,,,,,,
JM신례1,2023-01-17,40.7,,,,,,,
JM신례1,2023-01-18,40.66,,,,,,,
JM신례1,2023-01-19,40.62,,,,,,,
JM신례1,2023-01-20,40.58,,,,,,,
JM신례1,2023-01-21,40.53,,,,,,,
JM신례1,2023-01-22,40.49,,,,,,,
JM신례1,2023-01-23,40.45,,,,,,,
JM신례1,2023-01-24,40.41,,,,,,,
JM신례1,2023-01-25,40.38,,,,,,,
JM신례1,2023-01-26,40.34,,,,,,,
JM신례1,2023-01-27,40.31,,,,,,,
JM신례1,2023-01-28,40.28,,,,,,,
JM신례1,2023-01-29,40.25,,,,,,,
JM신례1,2023-01-30,40.21,,,,,,,
JM신례1,2023-01-31,40.18,,,,,,,
JM신례1,2023-02-01,40.15,,,,,,,
JM신례1,2023-02-02,40.12,,,,,,,
JM신례1,2023-02-03,40.09,,,,,,,
JM신례1,2023-02-04,40.06,,,,,,,
JM신례1,2023-02-05,40.04,,,,,,,
JM신례1,2023-02-06,40.01,,,,,,,
JM신례1,2023-02-07,40.0,,,,,,,
JM신례1,2023-02-08,39.97,,,,,,,
JM신례1,2023-02-09,39.95,,,,,,,
JM신례1,2023-02-10,39.93,,,,,,,
JM신례1,2023-02-11,39.92,,,,,,,
JM신례1,2023-02-12,39.9,,,,,,,
JM신례1,2023-02-13,39.89,,,,,,,
JM신례1,2023-02-14,39.89,,,,,,,
JM신례1,2023-02-15,39.86,,,,,,,
JM신례1,2023-02-16,39.84,,,,,,,
JM신례1,2023-02-17,39.83,,,,,,,
JM신례1,2023-02-18,39.81,,,,,,,
JM신례1,2023-02-19,39.8,,,,,,,
JM신례1,2023-02-20,39.77,,,,,,,
JM신례1,2023-02-21,39.75,,,,,,,
JM신례1,2023-02-22,39.73,,,,,,,
JM신례1,2023-02-23,39.72,,,,,,,
JM신례1,2023-02-24,39.7,,,,,,,
JM신례1,2023-02-25,39.67,,,,,,,
JM신례1,2023-02-26,39.65,,,,,,,
JM신례1,2023-02-27,39.62,,,,,,,
JM신례1,2023-02-28,39.6,,,,,,,
JM신례1,2023-03-01,39.58,,,,,,,
JM신례1,2023-03-02,39.57,,,,,,,
JM신례1,2023-03-03,39.56,,,,,,,
JM신례1,2023-03-04,39.53,,,,,,,
JM신례1,2023-03-05,39.52,,,,,,,
JM신례1,2023-03-06,39.49,,,,,,,
JM신례1,2023-03-07,39.47,,,,,,,
JM신례1,2023-03-08,39.45,,,,,,,
JM신례1,2023-03-09,39.43,,,,,,,
JM신례1,2023-03-10,39.41,,,,,,,
JM신례1,2023-03-11,39.38,,,,,,,
JM신례1,2023-03-12,39.36,,,,,,,
JM신례1,2023-03-13,39.35,,,,,,,
JM신례1,2023-03-14,39.32,,,,,,,
JM신례1,2023-03-15,39.3,,,,,,,
JM신례1,2023-03-16,39.28,,,,,,,
JM신례1,2023-03-17,39.26,,,,,,,
JM신례1,2023-03-18,39.25,,,,,,,
JM신례1,2023-03-19,39.23,,,,,,,
JM신례1,2023-03-20,39.21,,,,,,,
JM신례1,2023-03-21,39.2,,,,,,,
JM신례1,2023-03-22,39.19,,,,,,,
JM신례1,2023-03-23,39.18,,,,,,,
JM신례1,2023-03-24,39.17,,,,,,,
JM신례1,2023-03-25,39.16,,,,,,,
JM신례1,2023-03-26,39.15,,,,,,,
JM신례1,2023-03-27,39.14,,,,,,,
JM신례1,2023-03-28,39.11,,,,,,,
JM신례1,2023-03-29,39.08,,,,,,,
JM신례1,2023-03-30,39.06,,,,,,,
JM신례1,2023-03-31,39.04,,,,,,,
JM신례1,2023-04-01,39.01,,,,,,,
JM신례1,2023-04-02,39.0,,,,,,,
JM신례1,2023-04-03,38.99,,,,,,,
JM신례1,2023-04-04,38.98,,,,,,,
JM신례1,2023-04-05,38.99,,,,,,,
JM신례1,2023-04-06,39.1,,,,,,,
JM신례1,2023-04-07,39.16,,,,,,,
JM신례1,2023-04-08,39.18,,,,,,,
JM신례1,2023-04-09,39.2,,,,,,,
JM신례1,2023-04-10,39.22,,,,,,,
JM신례1,2023-04-11,39.25,,,,,,,
JM신례1,2023-04-12,39.3,,,,,,,
JM신례1,2023-04-13,39.33,,,,,,,
JM신례1,2023-04-14,39.4,,,,,,,
JM신례1,2023-04-15,39.49,,,,,,,
JM신례1,2023-04-16,39.57,,,,,,,
JM신례1,2023-04-17,39.62,,,,,,,
JM신례1,2023-04-18,39.68,,,,,,,
JM신례1,2023-04-19,39.73,,,,,,,
JM신례1,2023-04-20,39.77,,,,,,,
JM신례1,2023-04-21,39.81,,,,,,,
JM신례1,2023-04-22,39.84,,,,,,,
JM신례1,2023-04-23,39.87,,,,,,,
JM신례1,2023-04-24,39.9,,,,,,,
JM신례1,2023-04-25,39.93,,,,,,,
JM신례1,2023-04-26,39.96,,,,,,,
JM신례1,2023-04-27,39.97,,,,,,,
JM신례1,2023-04-28,40.0,,,,,,,
JM신례1,2023-04-29,40.03,,,,,,,
JM신례1,2023-04-30,40.05,,,,,,,
JM신례1,2023-05-01,40.05,,,,,,,
JM신례1,2023-05-02,40.07,,,,,,,
JM신례1,2023-05-03,40.08,,,,,,,
JM신례1,2023-05-04,40.17,,,,,,,
JM신례1,2023-05-05,40.98,,,,,,,
JM신례1,2023-05-06,42.0,,,,,,,
JM신례1,2023-05-07,42.47,,,,,,,
JM신례1,2023-05-08,42.71,,,,,,,
JM신례1,2023-05-09,42.85,,,,,,,
JM신례1,2023-05-10,42.95,,,,,,,
JM신례1,2023-05-11,43.03,,,,,,,
JM신례1,2023-05-12,43.11,,,,,,,
JM신례1,2023-05-13,43.2,,,,,,,
JM신례1,2023-05-14,43.29,,,,,,,
JM신례1,2023-05-15,43.37,,,,,,,
JM신례1,2023-05-16,43.43,,,,,,,
JM신례1,2023-05-17,43.49,,,,,,,
JM신례1,2023-05-18,43.57,,,,,,,
JM신례1,2023-05-19,43.72,,,,,,,
JM신례1,2023-05-20,43.84,,,,,,,
JM신례1,2023-05-21,43.95,,,,,,,
JM신례1,2023-05-22,44.05,,,,,,,
JM신례1,2023-05-23,44.13,,,,,,,
JM신례1,2023-05-24,44.19,,,,,,,
JM신례1,2023-05-25,44.26,,,,,,,
JM신례1,2023-05-26,44.33,,,,,,,
JM신례1,2023-05-27,44.4,,,,,,,
JM신례1,2023-05-28,44.48,,,,,,,
JM신례1,2023-05-29,44.56,,,,,,,
JM신례1,2023-05-30,44.64,,,,,,,
JM신례1,2023-05-31,44.74,,,,,,,
JM신례1,2023-06-01,44.84,,,,,,,
JM신례1,2023-06-02,44.99,,,,,,,
JM신례1,2023-06-03,45.16,,,,,,,
JM신례1,2023-06-04,45.32,,,,,,,
JM신례1,2023-06-05,45.45,,,,,,,
JM신례1,2023-06-06,45.57,,,,,,,
JM신례1,2023-06-07,45.68,,,,,,,
JM신례1,2023-06-08,45.77,,,,,,,
JM신례1,2023-06-09,45.85,,,,,,,
JM신례1,2023-06-10,45.92,,,,,,,
JM신례1,2023-06-11,45.99,,,,,,,
JM신례1,2023-06-12,46.04,,,,,,,
JM신례1,2023-06-13,46.09,,,,,,,
JM신례1,2023-06-14,46.14,,,,,,,
JM신례1,2023-06-15,46.18,,,,,,,
JM신례1,2023-06-16,46.2,,,,,,,
JM신례1,2023-06-17,46.22,,,,,,,
JM신례1,2023-06-18,46.26,,,,,,,
JM신례1,2023-06-19,46.3,,,,,,,
JM신례1,2023-06-20,46.33,,,,,,,
JM신례1,2023-06-21,46.37,,,,,,,
JM신례1,2023-06-22,46.4,,,,,,,
JM신례1,2023-06-23,46.41,,,,,,,
JM신례1,2023-06-24,46.41,,,,,,,
JM신례1,2023-06-25,46.44,,,,,,,
JM신례1,2023-06-26,46.58,,,,,,,
JM신례1,2023-06-27,46.75,,,,,,,
JM신례1,2023-06-28,46.88,,,,,,,
JM신례1,2023-06-29,46.98,,,,,,,
JM신례1,2023-06-30,47.06,,,,,,,
JM신례1,2023-07-01,47.16,,,,,,,
JM신례1,2023-07-02,47.25,,,,,,,
JM신례1,2023-07-03,47.34,,,,,,,
JM신례1,2023-07-04,47.45,,,,,,,
JM신례1,2023-07-05,47.54,,,,,,,
JM신례1,2023-07-06,47.61,,,,,,,
JM신례1,2023-07-07,47.69,,,,,,,
JM신례1,2023-07-08,47.77,,,,,,,
JM신례1,2023-07-09,47.9,,,,,,,
JM신례1,2023-07-10,48.03,,,,,,,
JM신례1,2023-07-11,48.13,,,,,,,
JM신례1,2023-07-12,48.23,,,,,,,
JM신례1,2023-07-13,48.3,,,,,,,
JM신례1,2023-07-14,48.37,,,,,,,
JM신례1,2023-07-15,48.43,,,,,,,
JM신례1,2023-07-16,48.48,,,,,,,
JM신례1,2023-07-17,48.53,,,,,,,
JM신례1,2023-07-18,48.58,,,,,,,
JM신례1,2023-07-19,48.65,,,,,,,
JM신례1,2023-07-20,48.68,,,,,,,
JM신례1,2023-07-21,48.71,,,,,,,
JM신례1,2023-07-22,48.76,,,,,,,
JM신례1,2023-07-23,48.85,,,,,,,
JM신례1,2023-07-24,48.94,,,,,,,
JM신례1,2023-07-25,49.04,,,,,,,
JM신례1,2023-07-26,49.14,,,,,,,
JM신례1,2023-07-27,49.25,,,,,,,
JM신례1,2023-07-28,49.35,,,,,,,
JM신례1,2023-07-29,49.45,,,,,,,
JM신례1,2023-07-30,49.55,,,,,,,
JM신례1,2023-07-31,49.63,,,,,,,
JM신례1,2023-08-01,49.71,,,,,,,
JM신례1,2023-08-02,49.77,,,,,,,
JM신례1,2023-08-03,49.82,,,,,,,
JM신례1,2023-08-04,49.87,,,,,,,
JM신례1,2023-08-05,49.91,,,,,,,
JM신례1,2023-08-06,49.95,,,,,,,
JM신례1,2023-08-07,49.98,,,,,,,
JM신례1,2023-08-08,49.99,,,,,,,
JM신례1,2023-08-09,50.01,,,,,,,
JM신례1,2023-08-10,50.02,,,,,,,
JM신례1,2023-08-11,50.01,,,,,,,
JM신례1,2023-08-12,50.0,,,,,,,
JM신례1,2023-08-13,49.99,,,,,,,
JM신례1,2023-08-14,49.98,,,,,,,
JM신례1,2023-08-15,49.96,,,,,,,
JM신례1,2023-08-16,49.94,,,,,,,
JM신례1,2023-08-17,49.91,,,,,,,
JM신례1,2023-08-18,49.88,,,,,,,
JM신례1,2023-08-19,49.85,,,,,,,
JM신례1,2023-08-20,49.81,,,,,,,
JM신례1,2023-08-21,49.77,,,,,,,
JM신례1,2023-08-22,49.73,,,,,,,
JM신례1,2023-08-23,49.7,,,,,,,
JM신례1,2023-08-24,49.65,,,,,,,
JM신례1,2023-08-25,49.62,,,,,,,
JM신례1,2023-08-26,49.59,,,,,,,
JM신례1,2023-08-27,49.55,,,,,,,
JM신례1,2023-08-28,49.5,,,,,,,
JM신례1,2023-08-29,49.45,,,,,,,
JM신례1,2023-08-30,49.4,,,,,,,
JM신례1,2023-08-31,49.36,,,,,,,
JM신례1,2023-09-01,49.32,,,,,,,
JM신례1,2023-09-02,49.29,,,,,,,
JM신례1,2023-09-03,49.29,,,,,,,
JM신례1,2023-09-04,49.29,,,,,,,
JM신례1,2023-09-05,49.29,,,,,,,
JM신례1,2023-09-06,49.31,,,,,,,
JM신례1,2023-09-07,49.32,,,,,,,
JM신례1,2023-09-08,49.34,,,,,,,
JM신례1,2023-09-09,49.37,,,,,,,
JM신례1,2023-09-10,49.4,,,,,,,
JM신례1,2023-09-11,49.43,,,,,,,
JM신례1,2023-09-12,49.45,,,,,,,
JM신례1,2023-09-13,49.48,,,,,,,
JM신례1,2023-09-14,49.49,,,,,,,
JM신례1,2023-09-15,49.5,,,,,,,
JM신례1,2023-09-16,49.51,,,,,,,
JM신례1,2023-09-17,49.52,,,,,,,
JM신례1,2023-09-18,49.54,,,,,,,
JM신례1,2023-09-19,49.56,,,,,,,
JM신례1,2023-09-20,49.6,,,,,,,
JM신례1,2023-09-21,49.64,,,,,,,
JM신례1,2023-09-22,49.66,,,,,,,
JM신례1,2023-09-23,49.69,,,,,,,
JM신례1,2023-09-24,49.72,,,,,,,
JM신례1,2023-09-25,49.75,,,,,,,
JM신례1,2023-09-26,49.77,,,,,,,
JM신례1,2023-09-27,49.78,,,,,,,
JM신례1,2023-09-28,49.79,,,,,,,
JM신례1,2023-09-29,49.79,,,,,,,
JM신례1,2023-09-30,49.78,,,,,,,
JM신례1,2023-10-01,49.75,,,,,,,
JM신례1,2023-10-02,49.71,,,,,,,
JM신례1,2023-10-03,49.67,,,,,,,
JM신례1,2023-10-04,49.64,,,,,,,
JM신례1,2023-10-05,49.58,,,,,,,
JM신례1,2023-10-06,49.52,,,,,,,
JM신례1,2023-10-07,49.46,,,,,,,
JM신례1,2023-10-08,49.4,,,,,,,
JM신례1,2023-10-09,49.34,,,,,,,
JM신례1,2023-10-10,49.26,,,,,,,
JM신례1,2023-10-11,49.18,,,,,,,
JM신례1,2023-10-12,49.11,,,,,,,
JM신례1,2023-10-13,49.04,,,,,,,
JM신례1,2023-10-14,48.97,,,,,,,
JM신례1,2023-10-15,48.89,,,,,,,
JM신례1,2023-10-16,48.81,,,,,,,
JM신례1,2023-10-17,48.72,,,,,,,
JM신례1,2023-10-18,48.65,,,,,,,
JM신례1,2023-10-19,48.58,,,,,,,
JM신례1,2023-10-20,48.49,,,,,,,
JM신례1,2023-10-21,48.41,,,,,,,
JM신례1,2023-10-22,48.33,,,,,,,
JM신례1,2023-10-23,48.25,,,,,,,
JM신례1,2023-10-24,48.17,,,,,,,
JM신례1,2023-10-25,48.1,,,,,,,
JM신례1,2023-10-26,48.02,,,,,,,
JM신례1,2023-10-27,47.94,,,,,,,
JM신례1,2023-10-28,47.86,,,,,,,
JM신례1,2023-10-29,47.78,,,,,,,
JM신례1,2023-10-30,47.7,,,,,,,
JM신례1,2023-10-31,47.62,,,,,,,
JM신례1,2023-11-01,47.54,,,,,,,
JM신례1,2023-11-02,47.46,,,,,,,
JM신례1,2023-11-03,47.39,,,,,,,
JM신례1,2023-11-04,47.31,,,,,,,
JM신례1,2023-11-05,47.25,,,,,,,
JM신례1,2023-11-06,47.18,,,,,,,
JM신례1,2023-11-07,47.1,,,,,,,
JM신례1,2023-11-08,47.03,,,,,,,
JM신례1,2023-11-09,46.95,,,,,,,
JM신례1,2023-11-10,46.88,,,,,,,
JM신례1,2023-11-11,46.8,,,,,,,
JM신례1,2023-11-12,46.73,,,,,,,
JM신례1,2023-11-13,46.65,,,,,,,
JM신례1,2023-11-14,46.57,,,,,,,
JM신례1,2023-11-15,46.5,,,,,,,
JM신례1,2023-11-16,46.43,,,,,,,
JM신례1,2023-11-17,46.36,,,,,,,
JM신례1,2023-11-18,46.29,,,,,,,
JM신례1,2023-11-19,46.22,,,,,,,
JM신례1,2023-11-20,46.14,,,,,,,
JM신례1,2023-11-21,46.06,,,,,,,
JM신례1,2023-11-22,45.99,,,,,,,
JM신례1,2023-11-23,45.92,,,,,,,
JM신례1,2023-11-24,45.84,,,,,,,
JM신례1,2023-11-25,45.76,,,,,,,
JM신례1,2023-11-26,45.69,,,,,,,
JM신례1,2023-11-27,45.62,,,,,,,
JM신례1,2023-11-28,45.55,,,,,,,
JM신례1,2023-11-29,45.47,,,,,,,
JM신례1,2023-11-30,45.39,,,,,,,
JM신례1,2023-12-01,45.32,,,,,,,
JM신례1,2023-12-02,45.25,,,,,,,
JM신례1,2023-12-03,45.17,,,,,,,
JM신례1,2023-12-04,45.09,,,,,,,
JM신례1,2023-12-05,45.02,,,,,,,
JM신례1,2023-12-06,44.95,,,,,,,
JM신례1,2023-12-07,44.88,,,,,,,
JM신례1,2023-12-08,44.8,,,,,,,
JM신례1,2023-12-09,44.72,,,,,,,
JM신례1,2023-12-10,44.65,,,,,,,
JM신례1,2023-12-11,44.57,,,,,,,
JM신례1,2023-12-12,44.51,,,,,,,
JM신례1,2023-12-13,44.43,,,,,,,
JM신례1,2023-12-14,44.35,,,,,,,
JM신례1,2023-12-15,44.29,,,,,,,
JM신례1,2023-12-16,44.21,,,,,,,
JM신례1,2023-12-17,44.14,,,,,,,
JM신례1,2023-12-18,44.06,,,,,,,
JM신례1,2023-12-19,43.99,,,,,,,
JM신례1,2023-12-20,43.91,,,,,,,
JM신례1,2023-12-21,43.84,,,,,,,
JM신례1,2023-12-22,43.77,,,,,,,
JM신례1,2023-12-23,43.7,,,,,,,
JM신례1,2023-12-24,43.63,,,,,,,
JM신례1,2023-12-25,43.56,,,,,,,
JM신례1,2023-12-26,43.49,,,,,,,
JM신례1,2023-12-27,43.43,,,,,,,
JM신례1,2023-12-28,43.37,,,,,,,
JM신례1,2023-12-29,43.3,,,,,,,
JM신례1,2023-12-30,43.25,,,,,,,
JM신례1,2023-12-31,43.18,,,,,,,
JM신례1,2024-01-01,43.12,,,,,,,
JM신례1,2024-01-02,43.06,,,,,,,
JM신례1,2024-01-03,43.0,,,,,,,
JM신례1,2024-01-04,42.94,,,,,,,
JM신례1,2024-01-05,42.88,,,,,,,
JM신례1,2024-01-06,42.82,,,,,,,
JM신례1,2024-01-07,42.75,,,,,,,
JM신례1,2024-01-08,42.69,,,,,,,
JM신례1,2024-01-09,42.63,,,,,,,
JM신례1,2024-01-10,42.58,,,,,,,
JM신례1,2024-01-11,42.52,,,,,,,
JM신례1,2024-01-12,42.47,,,,,,,
JM신례1,2024-01-13,42.41,,,,,,,
JM신례1,2024-01-14,42.36,,,,,,,
JM신례1,2024-01-15,42.31,,,,,,,
JM신례1,2024-01-16,42.25,,,,,,,
JM신례1,2024-01-17,42.2,,,,,,,
JM신례1,2024-01-18,42.15,,,,,,,
JM신례1,2024-01-19,42.1,,,,,,,
JM신례1,2024-01-20,42.06,,,,,,,
JM신례1,2024-01-21,42.04,,,,,,,
JM신례1,2024-01-22,42.0,,,,,,,
JM신례1,2024-01-23,41.96,,,,,,,
JM신례1,2024-01-24,41.91,,,,,,,
JM신례1,2024-01-25,41.86,,,,,,,
JM신례1,2024-01-26,41.81,,,,,,,
JM신례1,2024-01-27,41.76,,,,,,,
JM신례1,2024-01-28,41.72,,,,,,,
JM신례1,2024-01-29,41.67,,,,,,,
JM신례1,2024-01-30,41.63,,,,,,,
JM신례1,2024-01-31,41.59,,,,,,,
JM신례1,2024-02-01,41.55,,,,,,,
JM신례1,2024-02-02,41.51,,,,,,,
JM신례1,2024-02-03,41.47,,,,,,,
JM신례1,2024-02-04,41.44,,,,,,,
JM신례1,2024-02-05,41.42,,,,,,,
JM신례1,2024-02-06,41.4,,,,,,,
JM신례1,2024-02-07,41.37,,,,,,,
JM신례1,2024-02-08,41.33,,,,,,,
JM신례1,2024-02-09,41.3,,,,,,,
JM신례1,2024-02-10,41.26,,,,,,,
JM신례1,2024-02-11,41.23,,,,,,,
JM신례1,2024-02-12,41.19,,,,,,,
JM신례1,2024-02-13,41.16,,,,,,,
JM신례1,2024-02-14,41.13,,,,,,,
JM신례1,2024-02-15,41.11,,,,,,,
JM신례1,2024-02-16,41.07,,,,,,,
JM신례1,2024-02-17,41.04,,,,,,,
JM신례1,2024-02-18,41.01,,,,,,,
JM신례1,2024-02-19,41.01,,,,,,,
JM신례1,2024-02-20,41.0,,,,,,,
JM신례1,2024-02-21,40.99,,,,,,,
JM신례1,2024-02-22,41.01,,,,,,,
JM신례1,2024-02-23,41.01,,,,,,,
JM신례1,2024-02-24,41.01,,,,,,,
JM신례1,2024-02-25,41.01,,,,,,,
JM신례1,2024-02-26,41.0,,,,,,,
JM신례1,2024-02-27,41.0,,,,,,,
JM신례1,2024-02-28,41.01,,,,,,,
JM신례1,2024-02-29,41.02,,,,,,,
JM신례1,2024-03-01,41.04,,,,,,,
JM신례1,2024-03-02,41.07,,,,,,,
JM신례1,2024-03-03,41.09,,,,,,,
JM신례1,2024-03-04,41.12,,,,,,,
JM신례1,2024-03-05,41.15,,,,,,,
JM신례1,2024-03-06,41.2,,,,,,,
JM신례1,2024-03-07,41.24,,,,,,,
JM신례1,2024-03-08,41.27,,,,,,,
JM신례1,2024-03-09,41.29,,,,,,,
JM신례1,2024-03-10,41.31,,,,,,,
JM신례1,2024-03-11,41.34,,,,,,,
JM신례1,2024-03-12,41.38,,,,,,,
JM신례1,2024-03-13,41.41,,,,,,,
JM신례1,2024-03-14,41.44,,,,,,,
JM신례1,2024-03-15,41.46,,,,,,,
JM신례1,2024-03-16,41.49,,,,,,,
JM신례1,2024-03-17,41.53,,,,,,,
JM신례1,2024-03-18,41.56,,,,,,,
JM신례1,2024-03-19,41.59,,,,,,,
JM신례1,2024-03-20,41.62,,,,,,,
JM신례1,2024-03-21,41.65,,,,,,,
JM신례1,2024-03-22,41.67,,,,,,,
JM신례1,2024-03-23,41.71,,,,,,,
JM신례1,2024-03-24,41.75,,,,,,,
JM신례1,2024-03-25,41.79,,,,,,,
JM신례1,2024-03-26,41.82,,,,,,,
JM신례1,2024-03-27,41.85,,,,,,,
JM신례1,2024-03-28,41.88,,,,,,,
JM신례1,2024-03-29,41.96,,,,,,,
JM신례1,2024-03-30,42.02,,,,,,,
JM신례1,2024-03-31,42.07,,,,,,,
JM신례1,2024-04-01,42.11,,,,,,,
JM신례1,2024-04-02,42.16,,,,,,,
JM신례1,2024-04-03,42.25,,,,,,,
JM신례1,2024-04-04,42.39,,,,,,,
JM신례1,2024-04-05,42.53,,,,,,,
JM신례1,2024-04-06,42.63,,,,,,,
JM신례1,2024-04-07,42.72,,,,,,,
JM신례1,2024-04-08,42.8,,,,,,,
JM신례1,2024-04-09,42.87,,,,,,,
JM신례1,2024-04-10,42.92,,,,,,,
JM신례1,2024-04-11,43.0,,,,,,,
JM신례1,2024-04-12,43.06,,,,,,,
JM신례1,2024-04-13,43.13,,,,,,,
JM신례1,2024-04-14,43.18,,,,,,,
JM신례1,2024-04-15,43.21,,,,,,,
JM신례1,2024-04-16,43.25,,,,,,,
JM신례1,2024-04-17,43.33,,,,,,,
JM신례1,2024-04-18,43.41,,,,,,,
JM신례1,2024-04-19,43.47,,,,,,,
JM신례1,2024-04-20,43.53,,,,,,,
JM신례1,2024-04-21,43.61,,,,,,,
JM신례1,2024-04-22,43.68,,,,,,,
JM신례1,2024-04-23,43.73,,,,,,,
JM신례1,2024-04-24,43.78,,,,,,,
JM신례1,2024-04-25,43.83,,,,,,,
JM신례1,2024-04-26,43.87,,,,,,,
JM신례1,2024-04-27,43.91,,,,,,,
JM신례1,2024-04-28,43.94,,,,,,,
JM신례1,2024-04-29,43.99,,,,,,,
JM신례1,2024-04-30,44.06,,,,,,,
JM신례1,2024-05-01,44.12,,,,,,,
JM신례1,2024-05-02,44.15,,,,,,,
JM신례1,2024-05-03,44.19,,,,,,,
JM신례1,2024-05-04,44.23,,,,,,,
JM신례1,2024-05-05,44.27,,,,,,,
JM신례1,2024-05-06,44.37,,,,,,,
JM신례1,2024-05-07,44.52,,,,,,,
JM신례1,2024-05-08,44.64,,,,,,,
JM신례1,2024-05-09,44.74,,,,,,,
JM신례1,2024-05-10,44.83,,,,,,,
JM신례1,2024-05-11,44.92,,,,,,,
JM신례1,2024-05-12,45.05,,,,,,,
JM신례1,2024-05-13,45.23,,,,,,,
JM신례1,2024-05-14,45.38,,,,,,,
JM신례1,2024-05-15,45.52,,,,,,,
JM신례1,2024-05-16,45.63,,,,,,,
JM신례1,2024-05-17,45.72,,,,,,,
JM신례1,2024-05-18,45.8,,,,,,,
JM신례1,2024-05-19,45.87,,,,,,,
JM신례1,2024-05-20,45.95,,,,,,,
JM신례1,2024-05-21,46.01,,,,,,,
JM신례1,2024-05-22,46.08,,,,,,,
JM신례1,2024-05-23,46.15,,,,,,,
JM신례1,2024-05-24,46.21,,,,,,,
JM신례1,2024-05-25,46.26,,,,,,,
JM신례1,2024-05-26,46.34,,,,,,,
JM신례1,2024-05-27,46.41,,,,,,,
JM신례1,2024-05-28,46.48,,,,,,,
JM신례1,2024-05-29,46.53,,,,,,,
JM신례1,2024-05-30,46.58,,,,,,,
JM신례1,2024-05-31,46.63,,,,,,,
JM신례1,2024-06-01,46.67,,,,,,,
JM신례1,2024-06-02,46.71,,,,,,,
JM신례1,2024-06-03,46.75,,,,,,,
JM신례1,2024-06-04,46.77,,,,,,,
JM신례1,2024-06-05,46.79,,,,,,,
JM신례1,2024-06-06,46.81,,,,,,,
JM신례1,2024-06-07,46.84,,,,,,,
JM신례1,2024-06-08,46.87,,,,,,,
JM신례1,2024-06-09,46.91,,,,,,,
JM신례1,2024-06-10,46.92,,,,,,,
JM신례1,2024-06-11,46.93,,,,,,,
JM신례1,2024-06-12,46.94,,,,,,,
JM신례1,2024-06-13,46.94,,,,,,,
JM신례1,2024-06-14,46.93,,,,,,,
JM신례1,2024-06-15,46.92,,,,,,,
JM신례1,2024-06-16,46.9,,,,,,,
JM신례1,2024-06-17,46.88,,,,,,,
JM신례1,2024-06-18,46.86,,,,,,,
JM신례1,2024-06-19,46.83,,,,,,,
JM신례1,2024-06-20,46.82,,,,,,,
JM신례1,2024-06-21,46.94,,,,,,,
JM신례1,2024-06-22,47.12,,,,,,,
JM신례1,2024-06-23,47.23,,,,,,,
JM신례1,2024-06-24,47.3,,,,,,,
JM신례1,2024-06-25,47.34,,,,,,,
JM신례1,2024-06-26,47.37,,,,,,,
JM신례1,2024-06-27,47.4,,,,,,,
JM신례1,2024-06-28,47.46,,,,,,,
JM신례1,2024-06-29,47.55,,,,,,,
JM신례1,2024-06-30,47.91,,,,,,,
JM신례1,2024-07-01,48.34,,,,,,,
JM신례1,2024-07-02,48.62,,,,,,,
JM신례1,2024-07-03,48.81,,,,,,,
JM신례1,2024-07-04,48.96,,,,,,,
JM신례1,2024-07-05,49.09,,,,,,,
JM신례1,2024-07-06,49.21,,,,,,,
JM신례1,2024-07-07,49.31,,,,,,,
JM신례1,2024-07-08,49.38,,,,,,,
JM신례1,2024-07-09,49.43,,,,,,,
JM신례1,2024-07-10,49.45,,,,,,,
JM신례1,2024-07-11,49.46,,,,,,,
JM신례1,2024-07-12,49.44,,,,,,,
JM신례1,2024-07-13,49.41,,,,,,,
JM신례1,2024-07-14,49.39,,,,,,,
JM신례1,2024-07-15,49.36,,,,,,,
JM신례1,2024-07-16,49.35,,,,,,,
JM신례1,2024-07-17,49.35,,,,,,,
JM신례1,2024-07-18,49.36,,,,,,,
JM신례1,2024-07-19,49.36,,,,,,,
JM신례1,2024-07-20,49.37,,,,,,,
JM신례1,2024-07-21,49.38,,,,,,,
JM신례1,2024-07-22,49.39,,,,,,,
JM신례1,2024-07-23,49.39,,,,,,,
JM신례1,2024-07-24,49.4,,,,,,,
JM신례1,2024-07-25,49.4,,,,,,,
JM신례1,2024-07-26,49.39,,,,,,,
JM신례1,2024-07-27,49.38,,,,,,,
JM신례1,2024-07-28,49.37,,,,,,,
JM신례1,2024-07-29,49.35,,,,,,,
JM신례1,2024-07-30,49.32,,,,,,,
JM신례1,2024-07-31,49.3,,,,,,,
JM신례1,2024-08-01,49.27,,,,,,,
JM신례1,2024-08-02,49.22,,,,,,,
JM신례1,2024-08-03,49.18,,,,,,,
JM신례1,2024-08-04,49.14,,,,,,,
JM신례1,2024-08-05,49.09,,,,,,,
JM신례1,2024-08-06,49.04,,,,,,,
JM신례1,2024-08-07,48.99,,,,,,,
JM신례1,2024-08-08,48.93,,,,,,,
JM신례1,2024-08-09,48.88,,,,,,,
JM신례1,2024-08-10,48.81,,,,,,,
JM신례1,2024-08-11,48.76,,,,,,,
JM신례1,2024-08-12,48.69,,,,,,,
JM신례1,2024-08-13,48.62,,,,,,,
JM신례1,2024-08-14,48.55,,,,,,,
JM신례1,2024-08-15,48.48,,,,,,,
JM신례1,2024-08-16,48.41,,,,,,,
JM신례1,2024-08-17,48.34,,,,,,,
JM신례1,2024-08-18,48.26,,,,,,,
JM신례1,2024-08-19,48.2,,,,,,,
JM신례1,2024-08-20,48.13,,,,,,,
JM신례1,2024-08-21,48.07,,,,,,,
JM신례1,2024-08-22,48.0,,,,,,,
JM신례1,2024-08-23,47.93,,,,,,,
JM신례1,2024-08-24,47.85,,,,,,,
JM신례1,2024-08-25,47.79,,,,,,,
JM신례1,2024-08-26,47.72,,,,,,,
JM신례1,2024-08-27,47.66,,,,,,,
JM신례1,2024-08-28,47.59,,,,,,,
JM신례1,2024-08-29,47.52,,,,,,,
JM신례1,2024-08-30,47.45,,,,,,,
JM신례1,2024-08-31,47.38,,,,,,,
JM신례1,2024-09-01,47.3,,,,,,,
JM신례1,2024-09-02,47.23,,,,,,,
JM신례1,2024-09-03,47.16,,,,,,,
JM신례1,2024-09-04,47.09,,,,,,,
JM신례1,2024-09-05,47.03,,,,,,,
JM신례1,2024-09-06,46.96,,,,,,,
JM신례1,2024-09-07,46.89,,,,,,,
JM신례1,2024-09-08,46.81,,,,,,,
JM신례1,2024-09-09,46.75,,,,,,,
JM신례1,2024-09-10,46.68,,,,,,,
JM신례1,2024-09-11,46.61,,,,,,,
JM신례1,2024-09-12,46.57,,,,,,,
JM신례1,2024-09-13,46.51,,,,,,,
JM신례1,2024-09-14,46.45,,,,,,,
JM신례1,2024-09-15,46.38,,,,,,,
JM신례1,2024-09-16,46.32,,,,,,,
JM신례1,2024-09-17,46.26,,,,,,,
JM신례1,2024-09-18,46.19,,,,,,,
JM신례1,2024-09-19,46.13,,,,,,,
JM신례1,2024-09-20,46.08,,,,,,,
JM신례1,2024-09-21,46.07,,,,,,,
JM신례1,2024-09-22,46.03,,,,,,,
JM신례1,2024-09-23,45.99,,,,,,,
JM신례1,2024-09-24,45.94,,,,,,,
JM신례1,2024-09-25,45.9,,,,,,,
JM신례1,2024-09-26,45.86,,,,,,,
JM신례1,2024-09-27,45.81,,,,,,,
JM신례1,2024-09-28,45.77,,,,,,,
JM신례1,2024-09-29,45.74,,,,,,,
JM신례1,2024-09-30,45.71,,,,,,,
JM신례1,2024-10-01,45.69,,,,,,,
JM신례1,2024-10-02,45.67,,,,,,,
JM신례1,2024-10-03,45.64,,,,,,,
JM신례1,2024-10-04,45.62,,,,,,,
JM신례1,2024-10-05,45.59,,,,,,,
JM신례1,2024-10-06,45.57,,,,,,,
JM신례1,2024-10-07,45.56,,,,,,,
JM신례1,2024-10-08,45.54,,,,,,,
JM신례1,2024-10-09,45.53,,,,,,,
JM신례1,2024-10-10,45.52,,,,,,,
JM신례1,2024-10-11,45.51,,,,,,,
JM신례1,2024-10-12,45.49,,,,,,,
JM신례1,2024-10-13,45.49,,,,,,,
JM신례1,2024-10-14,45.48,,,,,,,
JM신례1,2024-10-15,45.48,,,,,,,
JM신례1,2024-10-16,45.47,,,,,,,
JM신례1,2024-10-17,45.46,,,,,,,
JM신례1,2024-10-18,45.48,,,,,,,
JM신례1,2024-10-19,45.5,,,,,,,
JM신례1,2024-10-20,45.49,,,,,,,
JM신례1,2024-10-21,45.49,,,,,,,
JM신례1,2024-10-22,45.5,,,,,,,
JM신례1,2024-10-23,45.51,,,,,,,
JM신례1,2024-10-24,45.5,,,,,,,
JM신례1,2024-10-25,45.49,,,,,,,
JM신례1,2024-10-26,45.49,,,,,,,
JM신례1,2024-10-27,45.49,,,,,,,
JM신례1,2024-10-28,45.48,,,,,,,
JM신례1,2024-10-29,45.47,,,,,,,
JM신례1,2024-10-30,45.46,,,,,,,
JM신례1,2024-10-31,45.44,,,,,,,
JM신례1,2024-11-01,45.44,,,,,,,
JM신례1,2024-11-02,45.51,,,,,,,
JM신례1,2024-11-03,45.61,,,,,,,
JM신례1,2024-11-04,45.66,,,,,,,
JM신례1,2024-11-05,45.69,,,,,,,
JM신례1,2024-11-06,45.69,,,,,,,
JM신례1,2024-11-07,45.69,,,,,,,
JM신례1,2024-11-08,45.69,,,,,,,
JM신례1,2024-11-09,45.69,,,,,,,
JM신례1,2024-11-10,45.7,,,,,,,
JM신례1,2024-11-11,45.71,,,,,,,
JM신례1,2024-11-12,45.72,,,,,,,
JM신례1,2024-11-13,45.73,,,,,,,
JM신례1,2024-11-14,45.73,,,,,,,
JM신례1,2024-11-15,45.74,,,,,,,
JM신례1,2024-11-16,45.74,,,,,,,
JM신례1,2024-11-17,45.74,,,,,,,
JM신례1,2024-11-18,45.74,,,,,,,
JM신례1,2024-11-19,45.72,,,,,,,
JM신례1,2024-11-20,45.72,,,,,,,
JM신례1,2024-11-21,45.72,,,,,,,
JM신례1,2024-11-22,45.7,,,,,,,
JM신례1,2024-11-23,45.69,,,,,,,
JM신례1,2024-11-24,45.67,,,,,,,
JM신례1,2024-11-25,45.67,,,,,,,
JM신례1,2024-11-26,45.67,,,,,,,
JM신례1,2024-11-27,45.67,,,,,,,
JM신례1,2024-11-28,45.66,,,,,,,
JM신례1,2024-11-29,45.65,,,,,,,
JM신례1,2024-11-30,45.64,,,,,,,
JM신례1,2024-12-01,45.63,,,,,,,
JM신례1,2024-12-02,45.62,,,,,,,
JM신례1,2024-12-03,45.59,,,,,,,
JM신례1,2024-12-04,45.57,,,,,,,
JM신례1,2024-12-05,45.55,,,,,,,
JM신례1,2024-12-06,45.53,,,,,,,
JM신례1,2024-12-07,45.5,,,,,,,
JM신례1,2024-12-08,45.48,,,,,,,
JM신례1,2024-12-09,45.45,,,,,,,
JM신례1,2024-12-10,45.43,,,,,,,
JM신례1,2024-12-11,45.41,,,,,,,
JM신례1,2024-12-12,45.39,,,,,,,
JM신례1,2024-12-13,45.37,,,,,,,
JM신례1,2024-12-14,45.34,,,,,,,
JM신례1,2024-12-15,45.31,,,,,,,
JM신례1,2024-12-16,45.29,,,,,,,
JM신례1,2024-12-17,45.25,,,,,,,
JM신례1,2024-12-18,45.22,,,,,,,
JM신례1,2024-12-19,45.19,,,,,,,
JM신례1,2024-12-20,45.16,,,,,,,
JM신례1,2024-12-21,45.12,,,,,,,
JM신례1,2024-12-22,45.09,,,,,,,
JM신례1,2024-12-23,45.05,,,,,,,
JM신례1,2024-12-24,45.01,,,,,,,
JM신례1,2024-12-25,44.97,,,,,,,
JM신례1,2024-12-26,44.93,,,,,,,
JM신례1,2024-12-27,44.89,,,,,,,
JM신례1,2024-12-28,44.85,,,,,,,
JM신례1,2024-12-29,44.81,,,,,,,
JM신례1,2024-12-30,44.77,,,,,,,
JM신례1,2024-12-31,44.73,,,,,,,
JM신례1,2025-01-01,44.68,,,,,,,
JM신례1,2025-01-02,44.63,,,,,,,
JM신례1,2025-01-03,44.59,,,,,,,
JM신례1,2025-01-04,44.54,,,,,,,
JM신례1,2025-01-05,44.49,,,,,,,
JM신례1,2025-01-06,44.45,,,,,,,
JM신례1,2025-01-07,44.4,,,,,,,
JM신례1,2025-01-08,44.36,,,,,,,
JM신례1,2025-01-09,44.31,,,,,,,
JM신례1,2025-01-10,44.25,,,,,,,
JM신례1,2025-01-11,44.2,,,,,,,
JM신례1,2025-01-12,44.15,,,,,,,
JM신례1,2025-01-13,44.1,,,,,,,
JM신례1,2025-01-14,44.05,,,,,,,
JM신례1,2025-01-15,43.99,,,,,,,
JM신례1,2025-01-16,43.94,,,,,,,
JM신례1,2025-01-17,43.89,,,,,,,
JM신례1,2025-01-18,43.84,,,,,,,
JM신례1,2025-01-19,43.79,,,,,,,
JM신례1,2025-01-20,43.73,,,,,,,
JM신례1,2025-01-21,43.68,,,,,,,
JM신례1,2025-01-22,43.63,,,,,,,
JM신례1,2025-01-23,43.58,,,,,,,
JM신례1,2025-01-24,43.53,,,,,,,
JM신례1,2025-01-25,43.47,,,,,,,
JM신례1,2025-01-26,43.42,,,,,,,
JM신례1,2025-01-27,43.37,,,,,,,
JM신례1,2025-01-28,43.32,,,,,,,
JM신례1,2025-01-29,43.28,,,,,,,
JM신례1,2025-01-30,43.22,,,,,,,
JM신례1,2025-01-31,43.17,,,,,,,
JM신례1,2025-02-01,43.13,,,,,,,
JM신례1,2025-02-02,43.1,,,,,,,
JM신례1,2025-02-03,43.05,,,,,,,
JM신례1,2025-02-04,43.0,,,,,,,
JM신례1,2025-02-05,42.95,,,,,,,
JM신례1,2025-02-06,42.91,,,,,,,
JM신례1,2025-02-07,42.86,,,,,,,
JM신례1,2025-02-08,42.8,,,,,,,
JM신례1,2025-02-09,42.75,,,,,,,
JM신례1,2025-02-10,42.7,,,,,,,
JM신례1,2025-02-11,42.64,,,,,,,
JM신례1,2025-02-12,42.6,,,,,,,
JM신례1,2025-02-13,42.55,,,,,,,
JM신례1,2025-02-14,42.5,,,,,,,
JM신례1,2025-02-15,42.45,,,,,,,
JM신례1,2025-02-16,42.41,,,,,,,
JM신례1,2025-02-17,42.36,,,,,,,
JM신례1,2025-02-18,42.31,,,,,,,
JM신례1,2025-02-19,42.26,,,,,,,
JM신례1,2025-02-20,42.2,,,,,,,
JM신례1,2025-02-21,42.15,,,,,,,
JM신례1,2025-02-22,42.11,,,,,,,
JM신례1,2025-02-23,42.07,,,,,,,
JM신례1,2025-02-24,42.03,,,,,,,
JM신례1,2025-02-25,41.98,,,,,,,
JM신례1,2025-02-26,41.93,,,,,,,
JM신례1,2025-02-27,41.89,,,,,,,
JM신례1,2025-02-28,41.86,,,,,,,
JM신례1,2025-03-01,41.82,,,,,,,
JM신례1,2025-03-02,41.79,,,,,,,
JM신례1,2025-03-03,41.76,,,,,,,
JM신례1,2025-03-04,41.75,,,,,,,
JM신례1,2025-03-05,41.73,,,,,,,
JM신례1,2025-03-06,41.69,,,,,,,
JM신례1,2025-03-07,41.65,,,,,,,
JM신례1,2025-03-08,41.61,,,,,,,
JM신례1,2025-03-09,41.56,,,,,,,
JM신례1,2025-03-10,41.52,,,,,,,
JM신례1,2025-03-11,41.49,,,,,,,
JM신례1,2025-03-12,41.45,,,,,,,
JM신례1,2025-03-13,41.41,,,,,,,
JM신례1,2025-03-14,41.38,,,,,,,
JM신례1,2025-03-15,41.35,,,,,,,
JM신례1,2025-03-16,41.33,,,,,,,
JM신례1,2025-03-17,41.3,,,,,,,
JM신례1,2025-03-18,41.26,,,,,,,
JM신례1,2025-03-19,41.23,,,,,,,
JM신례1,2025-03-20,41.2,,,,,,,
JM신례1,2025-03-21,41.17,,,,,,,
JM신례1,2025-03-22,41.14,,,,,,,
JM신례1,2025-03-23,41.1,,,,,,,
JM신례1,2025-03-24,41.08,,,,,,,
JM신례1,2025-03-25,41.05,,,,,,,
JM신례1,2025-03-26,41.03,,,,,,,
JM신례1,2025-03-27,41.01,,,,,,,
JM신례1,2025-03-28,40.99,,,,,,,
JM신례1,2025-03-29,40.96,,,,,,,
JM신례1,2025-03-30,40.93,,,,,,,
JM신례1,2025-03-31,40.9,,,,,,,
JM신례1,2025-04-01,40.88,,,,,,,
JM신례1,2025-04-02,40.86,,,,,,,
JM신례1,2025-04-03,40.83,,,,,,,
JM신례1,2025-04-04,40.81,,,,,,,
JM신례1,2025-04-05,40.79,,,,,,,
JM신례1,2025-04-06,40.77,,,,,,,
JM신례1,2025-04-07,40.74,,,,,,,
JM신례1,2025-04-08,40.72,,,,,,,
JM신례1,2025-04-09,40.7,,,,,,,
JM신례1,2025-04-10,40.68,,,,,,,
JM신례1,2025-04-11,40.66,,,,,,,
JM신례1,2025-04-12,40.65,,,,,,,
JM신례1,2025-04-13,40.65,,,,,,,
JM신례1,2025-04-14,40.66,,,,,,,
JM신례1,2025-04-15,40.65,,,,,,,
JM신례1,2025-04-16,40.64,,,,,,,
JM신례1,2025-04-17,40.62,,,,,,,
JM신례1,2025-04-18,40.61,,,,,,,
JM신례1,2025-04-19,40.59,,,,,,,
JM신례1,2025-04-20,40.58,,,,,,,
JM신례1,2025-04-21,40.58,,,,,,,
JM신례1,2025-04-22,40.6,,,,,,,
JM신례1,2025-04-23,40.62,,,,,,,
JM신례1,2025-04-24,40.63,,,,,,,
JM신례1,2025-04-25,40.64,,,,,,,
JM신례1,2025-04-26,40.64,,,,,,,
JM신례1,2025-04-27,40.64,,,,,,,
JM신례1,2025-04-28,40.65,,,,,,,
JM신례1,2025-04-29,40.65,,,,,,,
JM신례1,2025-04-30,40.67,,,,,,,
JM신례1,2025-05-01,40.69,,,,,,,
JM신례1,2025-05-02,40.74,,,,,,,
JM신례1,2025-05-03,40.78,,,,,,,
JM신례1,2025-05-04,40.82,,,,,,,
JM신례1,2025-05-05,40.85,,,,,,,
JM신례1,2025-05-06,40.89,,,,,,,
JM신례1,2025-05-07,40.93,,,,,,,
JM신례1,2025-05-08,40.96,,,,,,,
JM신례1,2025-05-09,41.01,,,,,,,
JM신례1,2025-05-10,41.23,,,,,,,
JM신례1,2025-05-11,41.49,,,,,,,
JM신례1,2025-05-12,41.67,,,,,,,
JM신례1,2025-05-13,41.79,,,,,,,
JM신례1,2025-05-14,41.87,,,,,,,
JM신례1,2025-05-15,41.95,,,,,,,
JM신례1,2025-05-16,42.04,,,,,,,
JM신례1,2025-05-17,42.16,,,,,,,
JM신례1,2025-05-18,42.3,,,,,,,
JM신례1,2025-05-19,42.45,,,,,,,
JM신례1,2025-05-20,42.58,,,,,,,
JM신례1,2025-05-21,42.7,,,,,,,
JM신례1,2025-05-22,42.8,,,,,,,
JM신례1,2025-05-23,42.9,,,,,,,
JM신례1,2025-05-24,43.0,,,,,,,
JM신례1,2025-05-25,43.1,,,,,,,
JM신례1,2025-05-26,43.17,,,,,,,
JM신례1,2025-05-27,43.23,,,,,,,
JM신례1,2025-05-28,43.28,,,,,,,
JM신례1,2025-05-29,43.34,,,,,,,
JM신례1,2025-05-30,43.38,,,,,,,
JM신례1,2025-05-31,43.42,,,,,,,
JM신례1,2025-06-01,43.46,,,,,,,
JM신례1,2025-06-02,43.52,,,,,,,
JM신례1,2025-06-03,43.57,,,,,,,
JM신례1,2025-06-04,43.61,,,,,,,
JM신례1,2025-06-05,43.62,,,,,,,
JM신례1,2025-06-06,43.65,,,,,,,
JM신례1,2025-06-07,43.66,,,,,,,
JM신례1,2025-06-08,43.69,,,,,,,
JM신례1,2025-06-09,43.71,,,,,,,
JM신례1,2025-06-10,43.72,,,,,,,
JM신례1,2025-06-11,43.72,,,,,,,
JM신례1,2025-06-12,43.72,,,,,,,
JM신례1,2025-06-13,43.73,,,,,,,
JM신례1,2025-06-14,43.76,,,,,,,
JM신례1,2025-06-15,43.79,,,,,,,
JM신례1,2025-06-16,43.82,,,,,,,
JM신례1,2025-06-17,43.85,,,,,,,
JM신례1,2025-06-18,43.87,,,,,,,
JM신례1,2025-06-19,43.88,,,,,,,
JM신례1,2025-06-20,43.9,,,,,,,
JM신례1,2025-06-21,43.92,,,,,,,
JM신례1,2025-06-22,43.95,,,,,,,
JM신례1,2025-06-23,43.98,,,,,,,
JM신례1,2025-06-24,44.01,,,,,,,
JM신례1,2025-06-25,44.04,,,,,,,
JM신례1,2025-06-26,44.05,,,,,,,
JM신례1,2025-06-27,44.07,,,,,,,
JM신례1,2025-06-28,44.08,,,,,,,
JM신례1,2025-06-29,44.09,,,,,,,
JM신례1,2025-06-30,44.1,,,,,,,
JM신례1,2025-07-01,44.09,,,,,,,
JM신례1,2025-07-02,44.09,,,,,,,
JM신례1,2025-07-03,44.1,,,,,,,
JM신례1,2025-07-04,44.1,,,,,,,
JM신례1,2025-07-05,44.09,,,,,,,
JM신례1,2025-07-06,44.09,,,,,,,
JM신례1,2025-07-07,44.09,,,,,,,
JM신례1,2025-07-08,44.07,,,,,,,
JM신례1,2025-07-09,44.05,,,,,,,
JM신례1,2025-07-10,44.04,,,,,,,
JM신례1,2025-07-11,44.03,,,,,,,
JM신례1,2025-07-12,44.02,,,,,,,
JM신례1,2025-07-13,44.02,,,,,,,
JM신례1,2025-07-14,44.03,,,,,,,
JM신례1,2025-07-15,44.0,,,,,,,
JM신례1,2025-07-16,43.97,,,,,,,
JM신례1,2025-07-17,43.94,,,,,,,
JM신례1,2025-07-18,43.93,,,,,,,
JM신례1,2025-07-19,43.9,,,,,,,
JM신례1,2025-07-20,43.87,,,,,,,
JM신례1,2025-07-21,43.84,,,,,,,
JM신례1,2025-07-22,43.81,,,,,,,
JM신례1,2025-07-23,43.78,,,,,,,
JM신례1,2025-07-24,43.74,,,,,,,
JM신례1,2025-07-25,43.7,,,,,,,
JM신례1,2025-07-26,43.66,,,,,,,
JM신례1,2025-07-27,43.62,,,,,,,
JM신례1,2025-07-28,43.58,,,,,,,
JM신례1,2025-07-29,43.54,,,,,,,
JM신례1,2025-07-30,43.5,,,,,,,
JM신례1,2025-07-31,43.45,,,,,,,
JM신례1,2025-08-01,43.41,,,,,,,
JM신례1,2025-08-02,43.35,,,,,,,
JM신례1,2025-08-03,43.31,,,,,,,
JM신례1,2025-08-04,43.28,,,,,,,
JM신례1,2025-08-05,43.23,,,,,,,
JM신례1,2025-08-06,43.18,,,,,,,
JM신례1,2025-08-07,43.14,,,,,,,
JM신례1,2025-08-08,43.1,,,,,,,
JM신례1,2025-08-09,43.07,,,,,,,
JM신례1,2025-08-10,43.03,,,,,,,
JM신례1,2025-08-11,43.0,,,,,,,
JM신례1,2025-08-12,42.97,,,,,,,
JM신례1,2025-08-13,42.94,,,,,,,
JM신례1,2025-08-14,42.89,,,,,,,
JM신례1,2025-08-15,42.85,,,,,,,
JM신례1,2025-08-16,42.81,,,,,,,
JM신례1,2025-08-17,42.75,,,,,,,
JM신례1,2025-08-18,42.71,,,,,,,
JM신례1,2025-08-19,42.66,,,,,,,
JM신례1,2025-08-20,42.61,,,,,,,
JM신례1,2025-08-21,42.57,,,,,,,
JM신례1,2025-08-22,42.53,,,,,,,
JM신례1,2025-08-23,42.48,,,,,,,
JM신례1,2025-08-24,42.44,,,,,,,
JM신례1,2025-08-25,42.4,,,,,,,
JM신례1,2025-08-26,42.36,,,,,,,
JM신례1,2025-08-27,42.32,,,,,,,
JM신례1,2025-08-28,42.29,,,,,,,
JM신례1,2025-08-29,42.25,,,,,,,
JM신례1,2025-08-30,42.21,,,,,,,
JM신례1,2025-08-31,42.19,,,,,,,
JM신례1,2025-09-01,42.18,,,,,,,
JM신례1,2025-09-02,42.17,,,,,,,
JM신례1,2025-09-03,42.15,,,,,,,
JM신례1,2025-09-04,42.13,,,,,,,
JM신례1,2025-09-05,42.11,,,,,,,
JM신례1,2025-09-06,42.1,,,,,,,
JM신례1,2025-09-07,42.08,,,,,,,
JM신례1,2025-09-08,42.06,,,,,,,
JM신례1,2025-09-09,42.06,,,,,,,
JM신례1,2025-09-10,42.07,,,,,,,
JM신례1,2025-09-11,42.06,,,,,,,
JM신례1,2025-09-12,42.09,,,,,,,
JM신례1,2025-09-13,42.27,,,,,,,
JM신례1,2025-09-14,42.49,,,,,,,
JM신례1,2025-09-15,42.68,,,,,,,
JM신례1,2025-09-16,42.86,,,,,,,
JM신례1,2025-09-17,42.98,,,,,,,
JM신례1,2025-09-18,43.07,,,,,,,
JM신례1,2025-09-19,43.13,,,,,,,
JM신례1,2025-09-20,43.19,,,,,,,
JM신례1,2025-09-21,43.27,,,,,,,
JM신례1,2025-09-22,43.32,,,,,,,
JM신례1,2025-09-23,43.37,,,,,,,
JM신례1,2025-09-24,43.42,,,,,,,
JM신례1,2025-09-25,43.47,,,,,,,
JM신례1,2025-09-26,43.5,,,,,,,
JM신례1,2025-09-27,43.54,,,,,,,
JM신례1,2025-09-28,43.61,,,,,,,
JM신례1,2025-09-29,43.69,,,,,,,
JM신례1,2025-09-30,43.75,,,,,,,
JM신례1,2025-10-01,43.81,,,,,,,
JM신례1,2025-10-02,43.86,,,,,,,
JM신례1,2025-10-03,43.92,,,,,,,
JM신례1,2025-10-04,44.02,,,,,,,
JM신례1,2025-10-05,44.11,,,,,,,
JM신례1,2025-10-06,44.19,,,,,,,
JM신례1,2025-10-07,44.26,,,,,,,
JM신례1,2025-10-08,44.31,,,,,,,
JM신례1,2025-10-09,44.35,,,,,,,
JM신례1,2025-10-10,44.4,,,,,,,
JM신례1,2025-10-11,44.44,,,,,,,
JM신례1,2025-10-12,44.49,,,,,,,
JM신례1,2025-10-13,44.51,,,,,,,
JM신례1,2025-10-14,44.56,,,,,,,
JM신례1,2025-10-15,44.59,,,,,,,
JM신례1,2025-10-16,44.63,,,,,,,
JM신례1,2025-10-17,44.66,,,,,,,
JM신례1,2025-10-18,44.69,,,,,,,
JM신례1,2025-10-19,44.7,,,,,,,
JM신례1,2025-10-20,44.71,,,,,,,
JM신례1,2025-10-21,44.71,,,,,,,
JM신례1,2025-10-22,44.71,,,,,,,
JM신례1,2025-10-23,44.71,,,,,,,
JM신례1,2025-10-24,44.72,,,,,,,
JM신례1,2025-10-25,44.73,,,,,,,
JM신례1,2025-10-26,44.74,,,,,,,
JM신례1,2025-10-27,44.74,,,,,,,
JM신례1,2025-10-28,44.73,,,,,,,
JM신례1,2025-10-29,44.72,,,,,,,
JM신례1,2025-10-30,44.72,,,,,,,
JM신례1,2025-10-31,44.72,,,,,,,
JM신례1,2025-11-01,44.71,,,,,,,
JM신례1,2025-11-02,44.69,,,,,,,
JM신례1,2025-11-03,44.68,,,,,,,
JM신례1,2025-11-04,44.66,,,,,,,
JM신례1,2025-11-05,44.64,,,,,,,
JM신례1,2025-11-06,44.62,,,,,,,
JM신례1,2025-11-07,44.59,,,,,,,
JM신례1,2025-11-08,44.57,,,,,,,
JM신례1,2025-11-09,44.55,,,,,,,
JM신례1,2025-11-10,44.53,,,,,,,
JM신례1,2025-11-11,44.5,,,,,,,
JM신례1,2025-11-12,44.47,,,,,,,
JM신례1,2025-11-13,44.43,,,,,,,
JM신례1,2025-11-14,44.4,,,,,,,
JM신례1,2025-11-15,44.36,,,,,,,
JM신례1,2025-11-16,44.31,,,,,,,
JM신례1,2025-11-17,44.27,,,,,,,
JM신례1,2025-11-18,44.23,,,,,,,
JM신례1,2025-11-19,44.19,,,,,,,
JM신례1,2025-11-20,44.14,,,,,,,
JM신례1,2025-11-21,44.1,,,,,,,
JM신례1,2025-11-22,44.06,,,,,,,
JM신례1,2025-11-23,44.02,,,,,,,
JM신례1,2025-11-24,43.98,,,,,,,
JM신례1,2025-11-25,43.93,,,,,,,
JM신례1,2025-11-26,43.88,,,,,,,
JM신례1,2025-11-27,43.83,,,,,,,
JM신례1,2025-11-28,43.78,,,,,,,
JM신례1,2025-11-29,43.73,,,,,,,
JM신례1,2025-11-30,43.68,,,,,,,
JM신례1,2025-12-01,43.64,,,,,,,
JM신례1,2025-12-02,43.59,,,,,,,
JM신례1,2025-12-03,43.53,,,,,,,
JM신례1,2025-12-04,43.49,,,,,,,
JM신례1,2025-12-05,43.44,,,,,,,
JM신례1,2025-12-06,43.4,,,,,,,
JM신례1,2025-12-07,43.34,,,,,,,
JM신례1,2025-12-08,43.29,,,,,,,
JM신례1,2025-12-09,43.24,,,,,,,
JM신례1,2025-12-10,43.19,,,,,,,
JM신례1,2025-12-11,43.14,,,,,,,
JM신례1,2025-12-12,43.08,,,,,,,
JM신례1,2025-12-13,43.04,,,,,,,
JM신례1,2025-12-14,42.99,,,,,,,
JM신례1,2025-12-15,42.94,,,,,,,
JM신례1,2025-12-16,42.89,,,,,,,
JM신례1,2025-12-17,42.84,,,,,,,
JM신례1,2025-12-18,42.79,,,,,,,
JM신례1,2025-12-19,42.74,,,,,,,
JM신례1,2025-12-20,42.69,,,,,,,
JM신례1,2025-12-21,42.64,,,,,,,
JM신례1,2025-12-22,42.59,,,,,,,
JM신례1,2025-12-23,42.54,,,,,,,
JM신례1,2025-12-24,42.5,,,,,,,
JM신례1,2025-12-25,42.45,,,,,,,
JM신례1,2025-12-26,42.39,,,,,,,
JM신례1,2025-12-27,42.34,,,,,,,
JM신례1,2025-12-28,42.29,,,,,,,
JM신례1,2025-12-29,42.25,,,,,,,
JM신례1,2025-12-30,42.19,,,,,,,
JM신례1,2025-12-31,42.14,,,,,,,
JM신례1,2026-01-01,42.1,S11,59.41,20.5,14.6,57.0,1022.04,12.95
JM신례1,2026-01-02,42.05,S11,59.46,20.45,14.6,57.0,1023.42,12.86
JM신례1,2026-01-03,42.0,S11,59.51,20.4,14.6,57.0,1025.63,12.95
JM신례1,2026-01-04,41.95,S11,59.56,20.35,14.6,57.0,1024.08,12.95
JM신례1,2026-01-05,41.91,S11,59.6,20.31,14.59,57.0,1019.83,12.97
JM신례1,2026-01-06,41.87,S11,59.64,20.27,14.59,57.0,1021.29,12.98
JM신례1,2026-01-07,41.82,S11,59.69,20.22,14.59,57.0,1020.29,12.99
JM신례1,2026-01-08,41.78,S11,59.73,20.18,14.59,57.0,1023.79,12.97
JM신례1,2026-01-09,41.74,S11,59.77,20.14,14.59,57.0,1022.58,12.95
JM신례1,2026-01-10,41.69,S11,59.82,20.09,14.59,57.0,1016.96,12.98
JM신례1,2026-01-11,41.65,S11,59.86,20.05,14.59,57.0,1023.42,12.92
JM신례1,2026-01-12,41.61,S11,59.9,20.01,14.58,57.0,1020.79,12.92
JM신례1,2026-01-13,41.56,S11,59.95,19.96,14.58,57.0,1016.96,12.98
JM신례1,2026-01-14,41.52,S11,59.99,19.92,14.58,57.0,1021.88,12.98
JM신례1,2026-01-15,41.48,S11,60.03,19.88,14.58,56.0,1016.5,12.97
JM신례1,2026-01-16,41.44,S11,60.07,19.84,14.58,56.0,1017.75,12.99
JM신례1,2026-01-17,41.4,S11,60.11,19.8,14.58,56.0,1018.21,12.98
JM신례1,2026-01-18,41.35,S11,60.16,19.75,14.58,56.0,1018.79,12.98
JM신례1,2026-01-19,41.31,S11,60.2,19.71,14.58,56.0,1018.63,12.96
JM신례1,2026-01-20,41.27,S11,60.24,19.67,14.58,56.0,1020.63,12.94
JM신례1,2026-01-21,41.24,S11,60.27,19.64,14.57,56.0,1023.63,12.96
JM신례1,2026-01-22,41.2,S11,60.31,19.6,14.57,56.0,1025.67,12.96
JM신례1,2026-01-23,41.16,S11,60.35,19.56,14.57,56.0,1026.13,12.96
JM신례1,2026-01-24,41.11,S11,60.4,19.51,14.57,56.0,1024.04,12.98
JM신례1,2026-01-25,41.07,S11,60.44,19.47,14.57,56.0,1027.58,12.99
JM신례1,2026-01-26,41.03,S11,60.48,19.43,14.57,56.0,1024.46,12.93
JM신례1,2026-01-27,40.99,S11,60.52,19.39,14.57,56.0,1022.33,12.95
JM신례1,2026-01-28,40.95,S11,60.56,19.35,14.57,56.0,1025.0,12.98
JM신례1,2026-01-29,40.92,S11,60.59,19.32,14.57,56.0,1027.88,12.99
JM신례1,2026-01-30,40.88,S11,60.63,19.28,14.57,56.0,1027.75,12.98
JM신례1,2026-01-31,40.84,S11,60.67,19.24,14.57,56.0,1024.96,12.97
JM신례1,2026-02-01,40.79,S11,60.72,19.19,14.57,56.0,1025.63,12.99
JM신례1,2026-02-02,40.75,S11,60.76,19.15,14.57,56.0,1026.04,12.96
JM신례1,2026-02-03,40.71,S11,60.8,19.11,14.57,56.0,1028.5,12.98
JM신례1,2026-02-04,40.68,S11,60.83,19.08,14.57,56.0,1022.83,12.99
JM신례1,2026-02-05,40.64,S11,60.87,19.04,14.56,56.0,1017.5,13.0
JM신례1,2026-02-06,40.6,S11,60.91,19.0,14.56,56.0,1018.29,13.0
JM신례1,2026-02-07,40.57,S11,60.94,18.97,14.56,56.0,1021.08,12.99
JM신례1,2026-02-08,40.53,S11,60.98,18.93,14.56,55.0,1027.29,12.67
JM신례1,2026-02-09,40.5,S11,61.01,18.9,14.56,55.0,1027.75,12.85
JM신례1,2026-02-10,40.47,S11,61.05,18.87,14.56,55.0,1020.83,12.95
JM신례1,2026-02-11,40.43,S11,61.08,18.83,14.56,55.0,1020.42,13.0
JM신례1,2026-02-12,40.39,S11,61.12,18.79,14.56,55.0,1022.33,13.0
JM신례1,2026-02-13,40.36,S11,61.15,18.76,14.56,55.0,1020.33,13.01
JM신례1,2026-02-14,40.32,S11,61.19,18.72,14.56,55.0,1016.42,12.96
JM신례1,2026-02-15,40.29,S11,61.22,18.69,14.56,55.0,1017.75,13.01
JM신례1,2026-02-16,40.25,S11,61.26,18.65,14.56,55.0,1019.46,12.98
JM신례1,2026-02-17,40.22,S11,61.29,18.62,14.56,55.0,1020.71,13.0
JM신례1,2026-02-18,40.19,S11,61.32,18.59,14.56,55.0,1021.79,13.01
JM신례1,2026-02-19,40.16,S11,61.35,18.56,14.56,55.0,1023.17,13.0
JM신례1,2026-02-20,40.13,S11,61.38,18.53,14.56,55.0,1019.42,13.02
JM신례1,2026-02-21,40.09,S11,61.42,18.49,14.56,55.0,1015.21,13.02
JM신례1,2026-02-22,40.06,S11,61.45,18.46,14.56,55.0,1011.67,13.0
JM신례1,2026-02-23,40.02,S11,61.49,18.42,14.56,55.0,1021.96,13.02
JM신례1,2026-02-24,40.0,S11,61.52,18.4,14.56,55.0,1018.13,12.73
JM신례1,2026-02-25,39.97,S11,61.54,18.37,14.56,55.0,1019.29,12.89
JM신례1,2026-02-26,39.95,S11,61.56,18.35,14.56,55.0,1016.75,13.0
JM신례1,2026-02-27,39.92,S11,61.59,18.32,14.56,55.0,1012.92,12.98
JM신례1,2026-02-28,39.89,S11,61.62,18.29,14.56,55.0,1019.29,13.01
JM신례1,2026-03-01,39.86,S11,61.65,18.26,14.56,55.0,1020.08,12.94
JM신례1,2026-03-02,39.84,S11,61.67,18.24,14.56,55.0,1012.96,12.8
JM신례1,2026-03-03,39.85,S11,61.66,18.25,14.56,55.0,1018.04,13.0
JM신례1,2026-03-04,39.83,S11,61.68,18.23,14.56,55.0,1022.79,13.03
JM신례1,2026-03-05,39.8,S11,61.71,18.2,14.56,55.0,1022.33,13.02
JM신례1,2026-03-06,39.77,S11,61.74,18.17,14.56,55.0,1019.75,13.0
JM신례1,2026-03-07,39.73,S11,61.78,18.13,14.56,55.0,1024.96,13.03
JM신례1,2026-03-08,39.69,S11,61.82,18.09,14.56,55.0,1026.25,13.04
JM신례1,2026-03-09,39.66,S11,61.85,18.06,14.56,55.0,1025.5,13.04
JM신례1,2026-03-10,39.63,S11,61.88,18.03,14.56,55.0,1026.0,13.01
JM신례1,2026-03-11,39.6,S11,61.91,18.0,14.56,55.0,1024.08,13.03
JM신례1,2026-03-12,39.56,S11,61.95,17.96,14.56,55.0,1023.33,13.04
JM신례1,2026-03-13,39.53,S11,61.98,17.93,14.56,55.0,1027.25,13.04
JM신례1,2026-03-14,39.5,S11,62.01,17.9,14.56,55.0,1028.04,13.03
JM신례1,2026-03-15,39.47,S11,62.04,17.87,14.56,55.0,1024.5,13.04
JM신례1,2026-03-16,39.45,S11,62.06,17.84,14.56,55.0,1022.16,13.06
JM신례1,2026-03-17,39.42,S11,62.09,17.81,14.56,55.0,1020.5,13.01
JM신례1,2026-03-18,39.4,S11,62.11,17.79,14.56,55.0,1013.25,12.93
JM신례1,2026-03-19,39.4,S11,62.11,17.79,14.56,56.0,1016.17,13.07
JM신례1,2026-03-20,39.38,S11,62.13,17.77,14.56,56.0,1019.96,13.04
JM신례1,2026-03-21,39.35,S11,62.16,17.74,14.56,56.0,1022.63,13.04
JM신례1,2026-03-22,39.32,S11,62.19,17.71,14.56,56.0,1018.67,13.06
JM신례1,2026-03-23,39.29,S11,62.22,17.68,14.56,56.0,1018.25,13.04
JM신례1,2026-03-24,39.27,S11,62.25,17.66,14.56,56.0,1016.92,13.04
JM신례1,2026-03-25,39.24,S11,62.27,17.63,14.56,56.0,1012.96,13.0
JM신례1,2026-03-26,39.22,S11,62.29,17.61,14.56,56.0,1015.13,13.05
JM신례1,2026-03-27,39.19,S11,62.32,17.58,14.56,56.0,1014.67,13.06
JM신례1,2026-03-28,39.16,S11,62.35,17.55,14.57,56.0,1015.21,13.06
JM신례1,2026-03-29,39.14,S11,62.37,17.53,14.57,56.0,1015.96,13.06
JM신례1,2026-03-30,39.13,S11,62.38,17.52,14.57,56.0,1010.5,12.81
JM신례1,2026-03-31,39.11,S11,62.4,17.5,14.57,56.0,1007.63,12.98
JM신례1,2026-04-01,39.11,S11,62.41,17.5,14.57,56.0,1012.79,13.0
JM신례1,2026-04-02,39.09,S11,62.42,17.48,14.57,56.0,1016.04,13.06
JM신례1,2026-04-03,39.06,S11,62.45,17.45,14.57,56.0,1014.67,13.02
JM신례1,2026-04-04,39.06,S11,62.45,17.45,14.57,56.0,1000.29,13.03
JM신례1,2026-04-05,39.08,S11,62.43,17.47,14.57,56.0,1010.0,13.08
JM신례1,2026-04-06,39.07,S11,62.44,17.46,14.57,56.0,1010.04,13.02
JM신례1,2026-04-07,39.06,S11,62.45,17.45,14.57,56.0,1013.75,13.06
JM신례1,2026-04-08,39.04,S11,62.47,17.43,14.57,56.0,1019.13,13.07
JM신례1,2026-04-09,39.04,S11,62.47,17.43,14.57,56.0,1008.17,12.5
JM신례1,2026-04-10,39.09,S11,62.42,17.48,14.57,56.0,1004.17,13.0
JM신례1,2026-04-11,39.11,S11,62.4,17.5,14.57,56.0,1013.08,13.08
JM신례1,2026-04-12,39.13,S11,62.38,17.52,14.57,56.0,1014.83,13.06
JM신례1,2026-04-13,39.16,S11,62.35,17.55,14.57,56.0,1013.79,13.01
JM신례1,2026-04-14,39.18,S11,62.33,17.57,14.57,56.0,1011.54,12.95
JM신례1,2026-04-15,39.21,S11,62.3,17.6,14.57,56.0,1011.79,13.05
JM신례1,2026-04-16,39.24,S11,62.27,17.63,14.57,57.0,1016.71,13.08
JM신례1,2026-04-17,39.28,S11,62.23,17.67,14.57,57.0,1013.38,12.77
JM신례1,2026-04-18,39.35,S11,62.16,17.74,14.57,57.0,1012.38,12.92
JM신례1,2026-04-19,39.45,S11,62.06,17.84,14.58,57.0,1012.46,13.0
JM신례1,2026-04-20,39.58,S11,61.93,17.97,14.58,58.0,1012.29,13.08
JM신례1,2026-04-21,39.67,S11,61.84,18.06,14.58,58.0,1017.67,13.06
JM신례1,2026-04-22,39.76,S11,61.75,18.15,14.58,59.0,1012.38,12.96
JM신례1,2026-04-23,39.85,S11,61.66,18.24,14.59,59.0,1007.67,13.03
JM신례1,2026-04-24,39.94,S11,61.57,18.33,14.59,60.0,1014.63,13.08
JM신례1,2026-04-25,40.0,S11,61.51,18.39,14.59,60.0,1017.58,13.08
JM신례1,2026-04-26,40.07,S11,61.44,18.46,14.59,60.0,1013.25,13.03
JM신례1,2026-04-27,40.13,S11,61.38,18.52,14.6,61.0,1012.63,13.06
JM신례1,2026-04-28,40.18,S11,61.33,18.57,14.6,61.0,1014.13,13.02
JM신례1,2026-04-29,40.23,S11,61.28,18.62,14.6,61.0,1017.83,13.03
JM신례1,2026-04-30,40.28,S11,61.23,18.67,14.6,61.0,1014.54,12.99
JM신례1,2026-05-01,40.34,S11,61.17,18.73,14.61,61.0,1012.08,13.09
JM신례1,2026-05-02,40.38,S11,61.13,18.77,14.61,61.0,1012.79,13.07
JM신례1,2026-05-03,40.43,S11,61.08,18.82,14.61,61.0,1004.38,12.99
JM신례1,2026-05-04,40.48,S11,61.03,18.87,14.61,61.0,1015.21,13.07
JM신례1,2026-05-05,40.52,S11,60.99,18.91,14.61,61.0,1019.0,13.07
JM신례1,2026-05-06,40.55,S11,60.96,18.94,14.61,61.0,1017.25,13.06
JM신례1,2026-05-07,40.59,S11,60.92,18.98,14.61,61.0,1013.17,13.08
JM신례1,2026-05-08,40.61,S11,60.9,19.0,14.61,62.0,1015.0,13.08
JM신례1,2026-05-09,40.63,S11,60.88,19.02,14.61,61.0,1019.54,13.06
JM신례1,2026-05-10,40.65,S11,60.86,19.04,14.61,61.0,1018.75,13.06
JM신례1,2026-05-11,40.67,S11,60.84,19.06,14.61,61.0,1015.46,13.04
JM신례1,2026-05-12,40.71,S11,60.8,19.1,14.61,61.0,1010.38,12.97
JM신례1,2026-05-13,40.77,S11,60.74,19.16,14.61,61.0,1009.79,13.06
JM신례1,2026-05-14,40.81,S11,60.7,19.2,14.61,61.0,1013.96,13.06
JM신례1,2026-05-15,40.85,S11,60.66,19.24,14.61,61.0,1020.13,13.04
JM신례1,2026-05-16,40.88,S11,60.63,19.27,14.62,62.0,1021.88,13.05
JM신례1,2026-05-17,40.91,S11,60.6,19.3,14.62,62.0,1019.79,13.07
JM신례1,2026-05-18,40.94,S11,60.58,19.33,14.62,62.0,1017.46,13.04
JM신례1,2026-05-19,40.97,S11,60.54,19.36,14.62,62.0,1013.88,12.93
JM신례1,2026-05-20,41.02,S11,60.49,19.41,14.62,62.0,1008.0,12.63
JM신례1,2026-05-21,41.07,S11,60.44,19.46,14.62,62.0,1006.0,12.94
JM신례1,2026-05-22,41.11,S11,60.4,19.5,14.62,62.0,1010.96,12.99
JM신례1,2026-05-23,41.14,S11,60.37,19.53,14.62,62.0,1010.92,13.0
JM신례1,2026-05-24,41.17,S11,60.35,19.56,14.62,62.0,1013.04,12.95
JM신례1,2026-05-25,41.19,S11,60.32,19.58,14.62,62.0,1010.33,12.58
JM신례1,2026-05-26,41.23,S11,60.28,19.62,14.63,62.0,1005.38,12.51
JM신례1,2026-05-27,41.39,S11,60.12,19.78,14.63,63.0,1002.46,12.76
JM신례1,2026-05-28,41.58,S11,59.93,19.97,14.63,64.0,1005.54,12.95
JM신례1,2026-05-29,41.75,S11,59.76,20.14,14.64,66.0,1008.63,13.1
JM신례1,2026-05-30,41.88,S11,59.63,20.27,14.65,66.0,1011.67,13.02
JM신례1,2026-05-31,41.97,S11,59.54,20.36,14.66,67.0,1013.42,13.08
