관측소명,날짜,EL,센서,GL,Pressure,Temp,EC,Barometa,Battery
JM안성,2016-01-01,17.74,,,,,,,
JM안성,2016-01-02,17.73,,,,,,,
JM안성,2016-01-03,17.69,,,,,,,
JM안성,2016-01-04,17.64,,,,,,,
JM안성,2016-01-05,17.6,,,,,,,
JM안성,2016-01-06,17.57,,,,,,,
JM안성,2016-01-07,17.53,,,,,,,
JM안성,2016-01-08,17.5,,,,,,,
JM안성,2016-01-09,17.45,,,,,,,
JM안성,2016-01-10,17.4,,,,,,,
JM안성,2016-01-11,17.38,,,,,,,
JM안성,2016-01-12,17.33,,,,,,,
JM안성,2016-01-13,17.28,,,,,,,
JM안성,2016-01-14,17.25,,,,,,,
JM안성,2016-01-15,17.2,,,,,,,
JM안성,2016-01-16,17.16,,,,,,,
JM안성,2016-01-17,17.16,,,,,,,
JM안성,2016-01-18,17.11,,,,,,,
JM안성,2016-01-19,17.07,,,,,,,
JM안성,2016-01-20,17.04,,,,,,,
JM안성,2016-01-21,17.02,,,,,,,
JM안성,2016-01-22,16.99,,,,,,,
JM안성,2016-01-23,16.97,,,,,,,
JM안성,2016-01-24,16.96,,,,,,,
JM안성,2016-01-25,16.92,,,,,,,
JM안성,2016-01-26,16.75,,,,,,,
JM안성,2016-01-27,16.69,,,,,,,
JM안성,2016-01-28,16.71,,,,,,,
JM안성,2016-01-29,16.8,,,,,,,
JM안성,2016-01-30,16.83,,,,,,,
JM안성,2016-01-31,16.85,,,,,,,
JM안성,2016-02-01,16.87,,,,,,,
JM안성,2016-02-02,16.88,,,,,,,
JM안성,2016-02-03,16.88,,,,,,,
JM안성,2016-02-04,16.87,,,,,,,
JM안성,2016-02-05,16.86,,,,,,,
JM안성,2016-02-06,16.83,,,,,,,
JM안성,2016-02-07,16.82,,,,,,,
JM안성,2016-02-08,16.81,,,,,,,
JM안성,2016-02-09,16.77,,,,,,,
JM안성,2016-02-10,16.74,,,,,,,
JM안성,2016-02-11,16.72,,,,,,,
JM안성,2016-02-12,16.76,,,,,,,
JM안성,2016-02-13,16.9,,,,,,,
JM안성,2016-02-14,17.13,,,,,,,
JM안성,2016-02-15,17.22,,,,,,,
JM안성,2016-02-16,17.3,,,,,,,
JM안성,2016-02-17,17.32,,,,,,,
JM안성,2016-02-18,17.26,,,,,,,
JM안성,2016-02-19,17.2,,,,,,,
JM안성,2016-02-20,17.24,,,,,,,
JM안성,2016-02-21,17.23,,,,,,,
JM안성,2016-02-22,17.21,,,,,,,
JM안성,2016-02-23,17.2,,,,,,,
JM안성,2016-02-24,17.16,,,,,,,
JM안성,2016-02-25,17.12,,,,,,,
JM안성,2016-02-26,17.1,,,,,,,
JM안성,2016-02-27,17.08,,,,,,,
JM안성,2016-02-28,17.06,,,,,,,
JM안성,2016-02-29,17.01,,,,,,,
JM안성,2016-03-01,16.97,,,,,,,
JM안성,2016-03-02,16.93,,,,,,,
JM안성,2016-03-03,16.89,,,,,,,
JM안성,2016-03-04,16.86,,,,,,,
JM안성,2016-03-05,16.84,,,,,,,
JM안성,2016-03-06,17.01,,,,,,,
JM안성,2016-03-07,17.22,,,,,,,
JM안성,2016-03-08,17.37,,,,,,,
JM안성,2016-03-09,17.51,,,,,,,
JM안성,2016-03-10,17.59,,,,,,,
JM안성,2016-03-11,17.63,,,,,,,
JM안성,2016-03-12,17.65,,,,,,,
JM안성,2016-03-13,17.66,,,,,,,
JM안성,2016-03-14,17.66,,,,,,,
JM안성,2016-03-15,17.63,,,,,,,
JM안성,2016-03-16,17.6,,,,,,,
JM안성,2016-03-17,17.56,,,,,,,
JM안성,2016-03-18,17.57,,,,,,,
JM안성,2016-03-19,17.53,,,,,,,
JM안성,2016-03-20,17.46,,,,,,,
JM안성,2016-03-21,17.4,,,,,,,
JM안성,2016-03-22,17.35,,,,,,,
JM안성,2016-03-23,17.32,,,,,,,
JM안성,2016-03-24,17.27,,,,,,,
JM안성,2016-03-25,17.19,,,,,,,
JM안성,2016-03-26,17.15,,,,,,,
JM안성,2016-03-27,17.11,,,,,,,
JM안성,2016-03-28,16.64,,,,,,,
JM안성,2016-03-29,16.9,,,,,,,
JM안성,2016-03-30,16.94,,,,,,,
JM안성,2016-03-31,16.96,,,,,,,
JM안성,2016-04-01,16.93,,,,,,,
JM안성,2016-04-02,16.85,,,,,,,
JM안성,2016-04-03,16.87,,,,,,,
JM안성,2016-04-04,16.95,,,,,,,
JM안성,2016-04-05,16.97,,,,,,,
JM안성,2016-04-06,16.99,,,,,,,
JM안성,2016-04-07,17.01,,,,,,,
JM안성,2016-04-08,17.07,,,,,,,
JM안성,2016-04-09,17.13,,,,,,,
JM안성,2016-04-10,17.16,,,,,,,
JM안성,2016-04-11,17.14,,,,,,,
JM안성,2016-04-12,17.15,,,,,,,
JM안성,2016-04-13,17.23,,,,,,,
JM안성,2016-04-14,17.27,,,,,,,
JM안성,2016-04-15,17.26,,,,,,,
JM안성,2016-04-16,17.35,,,,,,,
JM안성,2016-04-17,17.45,,,,,,,
JM안성,2016-04-18,17.48,,,,,,,
JM안성,2016-04-19,17.48,,,,,,,
JM안성,2016-04-20,17.52,,,,,,,
JM안성,2016-04-21,17.63,,,,,,,
JM안성,2016-04-22,17.62,,,,,,,
JM안성,2016-04-23,17.62,,,,,,,
JM안성,2016-04-24,17.62,,,,,,,
JM안성,2016-04-25,17.6,,,,,,,
JM안성,2016-04-26,17.6,,,,,,,
JM안성,2016-04-27,17.65,,,,,,,
JM안성,2016-04-28,17.38,,,,,,,
JM안성,2016-04-29,17.52,,,,,,,
JM안성,2016-04-30,17.53,,,,,,,
JM안성,2016-05-01,17.5,,,,,,,
JM안성,2016-05-02,17.49,,,,,,,
JM안성,2016-05-03,17.62,,,,,,,
JM안성,2016-05-04,17.71,,,,,,,
JM안성,2016-05-05,17.78,,,,,,,
JM안성,2016-05-06,17.9,,,,,,,
JM안성,2016-05-07,17.91,,,,,,,
JM안성,2016-05-08,17.95,,,,,,,
JM안성,2016-05-09,18.02,,,,,,,
JM안성,2016-05-10,18.12,,,,,,,
JM안성,2016-05-11,18.16,,,,,,,
JM안성,2016-05-12,18.18,,,,,,,
JM안성,2016-05-13,18.17,,,,,,,
JM안성,2016-05-14,18.15,,,,,,,
JM안성,2016-05-15,18.16,,,,,,,
JM안성,2016-05-16,18.14,,,,,,,
JM안성,2016-05-17,18.06,,,,,,,
JM안성,2016-05-18,17.98,,,,,,,
JM안성,2016-05-19,17.31,,,,,,,
JM안성,2016-05-20,17.06,,,,,,,
JM안성,2016-05-21,17.58,,,,,,,
JM안성,2016-05-22,17.36,,,,,,,
JM안성,2016-05-23,17.67,,,,,,,
JM안성,2016-05-24,17.75,,,,,,,
JM안성,2016-05-25,17.77,,,,,,,
JM안성,2016-05-26,17.78,,,,,,,
JM안성,2016-05-27,17.78,,,,,,,
JM안성,2016-05-28,17.82,,,,,,,
JM안성,2016-05-29,17.85,,,,,,,
JM안성,2016-05-30,17.86,,,,,,,
JM안성,2016-05-31,17.83,,,,,,,
JM안성,2016-06-01,17.83,,,,,,,
JM안성,2016-06-02,17.8,,,,,,,
JM안성,2016-06-03,17.76,,,,,,,
JM안성,2016-06-04,17.77,,,,,,,
JM안성,2016-06-05,17.77,,,,,,,
JM안성,2016-06-06,17.74,,,,,,,
JM안성,2016-06-07,17.74,,,,,,,
JM안성,2016-06-08,17.32,,,,,,,
JM안성,2016-06-09,17.64,,,,,,,
JM안성,2016-06-10,17.64,,,,,,,
JM안성,2016-06-11,17.63,,,,,,,
JM안성,2016-06-12,17.63,,,,,,,
JM안성,2016-06-13,17.64,,,,,,,
JM안성,2016-06-14,17.6,,,,,,,
JM안성,2016-06-15,17.57,,,,,,,
JM안성,2016-06-16,17.56,,,,,,,
JM안성,2016-06-17,17.52,,,,,,,
JM안성,2016-06-18,17.49,,,,,,,
JM안성,2016-06-19,17.51,,,,,,,
JM안성,2016-06-20,17.54,,,,,,,
JM안성,2016-06-21,17.59,,,,,,,
JM안성,2016-06-22,17.78,,,,,,,
JM안성,2016-06-23,18.03,,,,,,,
JM안성,2016-06-24,18.26,,,,,,,
JM안성,2016-06-25,18.36,,,,,,,
JM안성,2016-06-26,18.41,,,,,,,
JM안성,2016-06-27,18.47,,,,,,,
JM안성,2016-06-28,18.55,,,,,,,
JM안성,2016-06-29,18.68,,,,,,,
JM안성,2016-06-30,18.83,,,,,,,
JM안성,2016-07-01,18.97,,,,,,,
JM안성,2016-07-02,19.08,,,,,,,
JM안성,2016-07-03,19.15,,,,,,,
JM안성,2016-07-04,19.2,,,,,,,
JM안성,2016-07-05,19.21,,,,,,,
JM안성,2016-07-06,19.21,,,,,,,
JM안성,2016-07-07,19.19,,,,,,,
JM안성,2016-07-08,19.18,,,,,,,
JM안성,2016-07-09,19.15,,,,,,,
JM안성,2016-07-10,19.12,,,,,,,
JM안성,2016-07-11,19.12,,,,,,,
JM안성,2016-07-12,19.19,,,,,,,
JM안성,2016-07-13,19.45,,,,,,,
JM안성,2016-07-14,19.68,,,,,,,
JM안성,2016-07-15,19.86,,,,,,,
JM안성,2016-07-16,19.99,,,,,,,
JM안성,2016-07-17,20.02,,,,,,,
JM안성,2016-07-18,20.01,,,,,,,
JM안성,2016-07-19,20.01,,,,,,,
JM안성,2016-07-20,19.98,,,,,,,
JM안성,2016-07-21,19.94,,,,,,,
JM안성,2016-07-22,19.9,,,,,,,
JM안성,2016-07-23,19.82,,,,,,,
JM안성,2016-07-24,19.75,,,,,,,
JM안성,2016-07-25,19.68,,,,,,,
JM안성,2016-07-26,19.6,,,,,,,
JM안성,2016-07-27,19.53,,,,,,,
JM안성,2016-07-28,19.45,,,,,,,
JM안성,2016-07-29,19.38,,,,,,,
JM안성,2016-07-30,19.32,,,,,,,
JM안성,2016-07-31,19.23,,,,,,,
JM안성,2016-08-01,19.14,,,,,,,
JM안성,2016-08-02,19.04,,,,,,,
JM안성,2016-08-03,18.98,,,,,,,
JM안성,2016-08-04,19.05,,,,,,,
JM안성,2016-08-05,19.14,,,,,,,
JM안성,2016-08-06,19.19,,,,,,,
JM안성,2016-08-07,19.23,,,,,,,
JM안성,2016-08-08,19.25,,,,,,,
JM안성,2016-08-09,19.24,,,,,,,
JM안성,2016-08-10,19.2,,,,,,,
JM안성,2016-08-11,19.16,,,,,,,
JM안성,2016-08-12,19.12,,,,,,,
JM안성,2016-08-13,19.08,,,,,,,
JM안성,2016-08-14,18.98,,,,,,,
JM안성,2016-08-15,18.91,,,,,,,
JM안성,2016-08-16,18.87,,,,,,,
JM안성,2016-08-17,18.83,,,,,,,
JM안성,2016-08-18,18.77,,,,,,,
JM안성,2016-08-19,18.67,,,,,,,
JM안성,2016-08-20,18.58,,,,,,,
JM안성,2016-08-21,18.56,,,,,,,
JM안성,2016-08-22,17.3,,,,,,,
JM안성,2016-08-23,18.22,,,,,,,
JM안성,2016-08-24,18.29,,,,,,,
JM안성,2016-08-25,17.6,,,,,,,
JM안성,2016-08-26,16.74,,,,,,,
JM안성,2016-08-27,17.81,,,,,,,
JM안성,2016-08-28,18.1,,,,,,,
JM안성,2016-08-29,17.9,,,,,,,
JM안성,2016-08-30,18.26,,,,,,,
JM안성,2016-08-31,18.32,,,,,,,
JM안성,2016-09-01,18.3,,,,,,,
JM안성,2016-09-02,18.39,,,,,,,
JM안성,2016-09-03,18.48,,,,,,,
JM안성,2016-09-04,18.53,,,,,,,
JM안성,2016-09-05,18.55,,,,,,,
JM안성,2016-09-06,18.54,,,,,,,
JM안성,2016-09-07,18.54,,,,,,,
JM안성,2016-09-08,18.5,,,,,,,
JM안성,2016-09-09,18.4,,,,,,,
JM안성,2016-09-10,17.29,,,,,,,
JM안성,2016-09-11,16.79,,,,,,,
JM안성,2016-09-12,17.8,,,,,,,
JM안성,2016-09-13,17.86,,,,,,,
JM안성,2016-09-14,17.79,,,,,,,
JM안성,2016-09-15,17.79,,,,,,,
JM안성,2016-09-16,17.89,,,,,,,
JM안성,2016-09-17,17.97,,,,,,,
JM안성,2016-09-18,18.03,,,,,,,
JM안성,2016-09-19,18.04,,,,,,,
JM안성,2016-09-20,17.97,,,,,,,
JM안성,2016-09-21,16.55,,,,,,,
JM안성,2016-09-22,15.76,,,,,,,
JM안성,2016-09-23,14.98,,,,,,,
JM안성,2016-09-24,16.89,,,,,,,
JM안성,2016-09-25,15.19,,,,,,,
JM안성,2016-09-26,15.15,,,,,,,
JM안성,2016-09-27,15.48,,,,,,,
JM안성,2016-09-28,16.67,,,,,,,
JM안성,2016-09-29,17.11,,,,,,,
JM안성,2016-09-30,17.39,,,,,,,
JM안성,2016-10-01,17.59,,,,,,,
JM안성,2016-10-02,17.71,,,,,,,
JM안성,2016-10-03,17.8,,,,,,,
JM안성,2016-10-04,17.85,,,,,,,
JM안성,2016-10-05,18.06,,,,,,,
JM안성,2016-10-06,18.25,,,,,,,
JM안성,2016-10-07,18.45,,,,,,,
JM안성,2016-10-08,18.61,,,,,,,
JM안성,2016-10-09,18.68,,,,,,,
JM안성,2016-10-10,18.71,,,,,,,
JM안성,2016-10-11,18.74,,,,,,,
JM안성,2016-10-12,18.73,,,,,,,
JM안성,2016-10-13,18.37,,,,,,,
JM안성,2016-10-14,18.28,,,,,,,
JM안성,2016-10-15,18.49,,,,,,,
JM안성,2016-10-16,18.51,,,,,,,
JM안성,2016-10-17,17.59,,,,,,,
JM안성,2016-10-18,17.69,,,,,,,
JM안성,2016-10-19,18.18,,,,,,,
JM안성,2016-10-20,18.24,,,,,,,
JM안성,2016-10-21,18.29,,,,,,,
JM안성,2016-10-22,18.39,,,,,,,
JM안성,2016-10-23,18.43,,,,,,,
JM안성,2016-10-24,18.43,,,,,,,
JM안성,2016-10-25,18.45,,,,,,,
JM안성,2016-10-26,18.43,,,,,,,
JM안성,2016-10-27,18.41,,,,,,,
JM안성,2016-10-28,18.47,,,,,,,
JM안성,2016-10-29,18.45,,,,,,,
JM안성,2016-10-30,18.44,,,,,,,
JM안성,2016-10-31,18.44,,,,,,,
JM안성,2016-11-01,18.4,,,,,,,
JM안성,2016-11-02,18.35,,,,,,,
JM안성,2016-11-03,18.33,,,,,,,
JM안성,2016-11-04,18.3,,,,,,,
JM안성,2016-11-05,17.49,,,,,,,
JM안성,2016-11-06,18.04,,,,,,,
JM안성,2016-11-07,18.09,,,,,,,
JM안성,2016-11-08,18.09,,,,,,,
JM안성,2016-11-09,18.06,,,,,,,
JM안성,2016-11-10,18.07,,,,,,,
JM안성,2016-11-11,18.06,,,,,,,
JM안성,2016-11-12,18.03,,,,,,,
JM안성,2016-11-13,18.02,,,,,,,
JM안성,2016-11-14,18.04,,,,,,,
JM안성,2016-11-15,18.01,,,,,,,
JM안성,2016-11-16,17.97,,,,,,,
JM안성,2016-11-17,17.93,,,,,,,
JM안성,2016-11-18,17.93,,,,,,,
JM안성,2016-11-19,17.93,,,,,,,
JM안성,2016-11-20,17.89,,,,,,,
JM안성,2016-11-21,17.89,,,,,,,
JM안성,2016-11-22,17.84,,,,,,,
JM안성,2016-11-23,17.79,,,,,,,
JM안성,2016-11-24,17.76,,,,,,,
JM안성,2016-11-25,17.72,,,,,,,
JM안성,2016-11-26,16.75,,,,,,,
JM안성,2016-11-27,17.53,,,,,,,
JM안성,2016-11-28,17.59,,,,,,,
JM안성,2016-11-29,17.58,,,,,,,
JM안성,2016-11-30,17.58,,,,,,,
JM안성,2016-12-01,17.55,,,,,,,
JM안성,2016-12-02,17.52,,,,,,,
JM안성,2016-12-03,17.49,,,,,,,
JM안성,2016-12-04,16.45,,,,,,,
JM안성,2016-12-05,17.2,,,,,,,
JM안성,2016-12-06,17.23,,,,,,,
JM안성,2016-12-07,17.24,,,,,,,
JM안성,2016-12-08,16.41,,,,,,,
JM안성,2016-12-09,16.62,,,,,,,
JM안성,2016-12-10,16.75,,,,,,,
JM안성,2016-12-11,16.99,,,,,,,
JM안성,2016-12-12,16.44,,,,,,,
JM안성,2016-12-13,16.92,,,,,,,
JM안성,2016-12-14,16.92,,,,,,,
JM안성,2016-12-15,16.92,,,,,,,
JM안성,2016-12-16,16.91,,,,,,,
JM안성,2016-12-17,16.88,,,,,,,
JM안성,2016-12-18,16.85,,,,,,,
JM안성,2016-12-19,16.85,,,,,,,
JM안성,2016-12-20,16.85,,,,,,,
JM안성,2016-12-21,16.87,,,,,,,
JM안성,2016-12-22,16.95,,,,,,,
JM안성,2016-12-23,16.96,,,,,,,
JM안성,2016-12-24,16.96,,,,,,,
JM안성,2016-12-25,16.95,,,,,,,
JM안성,2016-12-26,16.98,,,,,,,
JM안성,2016-12-27,17.06,,,,,,,
JM안성,2016-12-28,17.08,,,,,,,
JM안성,2016-12-29,17.09,,,,,,,
JM안성,2016-12-30,17.09,,,,,,,
JM안성,2016-12-31,17.08,,,,,,,
JM안성,2017-01-01,17.07,,,,,,,
JM안성,2017-01-02,17.06,,,,,,,
JM안성,2017-01-03,17.02,,,,,,,
JM안성,2017-01-04,16.99,,,,,,,
JM안성,2017-01-05,16.96,,,,,,,
JM안성,2017-01-06,16.93,,,,,,,
JM안성,2017-01-07,16.92,,,,,,,
JM안성,2017-01-08,16.93,,,,,,,
JM안성,2017-01-09,16.9,,,,,,,
JM안성,2017-01-10,16.86,,,,,,,
JM안성,2017-01-11,16.83,,,,,,,
JM안성,2017-01-12,16.82,,,,,,,
JM안성,2017-01-13,16.8,,,,,,,
JM안성,2017-01-14,16.75,,,,,,,
JM안성,2017-01-15,16.71,,,,,,,
JM안성,2017-01-16,16.67,,,,,,,
JM안성,2017-01-17,16.62,,,,,,,
JM안성,2017-01-18,16.56,,,,,,,
JM안성,2017-01-19,16.51,,,,,,,
JM안성,2017-01-20,16.49,,,,,,,
JM안성,2017-01-21,16.45,,,,,,,
JM안성,2017-01-22,16.43,,,,,,,
JM안성,2017-01-23,16.4,,,,,,,
JM안성,2017-01-24,16.37,,,,,,,
JM안성,2017-01-25,16.34,,,,,,,
JM안성,2017-01-26,16.32,,,,,,,
JM안성,2017-01-27,15.34,,,,,,,
JM안성,2017-01-28,16.07,,,,,,,
JM안성,2017-01-29,16.22,,,,,,,
JM안성,2017-01-30,16.2,,,,,,,
JM안성,2017-01-31,16.17,,,,,,,
JM안성,2017-02-01,16.15,,,,,,,
JM안성,2017-02-02,16.12,,,,,,,
JM안성,2017-02-03,16.1,,,,,,,
JM안성,2017-02-04,16.08,,,,,,,
JM안성,2017-02-05,16.09,,,,,,,
JM안성,2017-02-06,16.06,,,,,,,
JM안성,2017-02-07,16.04,,,,,,,
JM안성,2017-02-08,16.02,,,,,,,
JM안성,2017-02-09,16.0,,,,,,,
JM안성,2017-02-10,15.97,,,,,,,
JM안성,2017-02-11,15.93,,,,,,,
JM안성,2017-02-12,15.89,,,,,,,
JM안성,2017-02-13,15.85,,,,,,,
JM안성,2017-02-14,15.8,,,,,,,
JM안성,2017-02-15,15.76,,,,,,,
JM안성,2017-02-16,15.75,,,,,,,
JM안성,2017-02-17,15.74,,,,,,,
JM안성,2017-02-18,15.69,,,,,,,
JM안성,2017-02-19,15.68,,,,,,,
JM안성,2017-02-20,15.67,,,,,,,
JM안성,2017-02-21,15.61,,,,,,,
JM안성,2017-02-22,15.67,,,,,,,
JM안성,2017-02-23,15.68,,,,,,,
JM안성,2017-02-24,15.67,,,,,,,
JM안성,2017-02-25,15.67,,,,,,,
JM안성,2017-02-26,15.66,,,,,,,
JM안성,2017-02-27,15.63,,,,,,,
JM안성,2017-02-28,15.62,,,,,,,
JM안성,2017-03-01,15.63,,,,,,,
JM안성,2017-03-02,15.58,,,,,,,
JM안성,2017-03-03,15.55,,,,,,,
JM안성,2017-03-04,15.51,,,,,,,
JM안성,2017-03-05,15.48,,,,,,,
JM안성,2017-03-06,15.44,,,,,,,
JM안성,2017-03-07,15.06,,,,,,,
JM안성,2017-03-08,15.33,,,,,,,
JM안성,2017-03-09,15.32,,,,,,,
JM안성,2017-03-10,15.23,,,,,,,
JM안성,2017-03-11,14.0,,,,,,,
JM안성,2017-03-12,14.8,,,,,,,
JM안성,2017-03-13,14.86,,,,,,,
JM안성,2017-03-14,14.84,,,,,,,
JM안성,2017-03-15,14.24,,,,,,,
JM안성,2017-03-16,14.61,,,,,,,
JM안성,2017-03-17,14.03,,,,,,,
JM안성,2017-03-18,14.48,,,,,,,
JM안성,2017-03-19,14.56,,,,,,,
JM안성,2017-03-20,14.67,,,,,,,
JM안성,2017-03-21,14.74,,,,,,,
JM안성,2017-03-22,14.77,,,,,,,
JM안성,2017-03-23,14.79,,,,,,,
JM안성,2017-03-24,14.81,,,,,,,
JM안성,2017-03-25,14.82,,,,,,,
JM안성,2017-03-26,14.82,,,,,,,
JM안성,2017-03-27,14.81,,,,,,,
JM안성,2017-03-28,14.8,,,,,,,
JM안성,2017-03-29,14.79,,,,,,,
JM안성,2017-03-30,14.77,,,,,,,
JM안성,2017-03-31,14.74,,,,,,,
JM안성,2017-04-01,14.74,,,,,,,
JM안성,2017-04-02,14.71,,,,,,,
JM안성,2017-04-03,14.67,,,,,,,
JM안성,2017-04-04,14.65,,,,,,,
JM안성,2017-04-05,14.64,,,,,,,
JM안성,2017-04-06,14.74,,,,,,,
JM안성,2017-04-07,14.93,,,,,,,
JM안성,2017-04-08,15.05,,,,,,,
JM안성,2017-04-09,15.11,,,,,,,
JM안성,2017-04-10,15.19,,,,,,,
JM안성,2017-04-11,15.24,,,,,,,
JM안성,2017-04-12,15.22,,,,,,,
JM안성,2017-04-13,15.18,,,,,,,
JM안성,2017-04-14,15.16,,,,,,,
JM안성,2017-04-15,15.15,,,,,,,
JM안성,2017-04-16,15.11,,,,,,,
JM안성,2017-04-17,15.15,,,,,,,
JM안성,2017-04-18,15.15,,,,,,,
JM안성,2017-04-19,15.11,,,,,,,
JM안성,2017-04-20,15.11,,,,,,,
JM안성,2017-04-21,15.1,,,,,,,
JM안성,2017-04-22,15.06,,,,,,,
JM안성,2017-04-23,15.0,,,,,,,
JM안성,2017-04-24,14.96,,,,,,,
JM안성,2017-04-25,14.9,,,,,,,
JM안성,2017-04-26,14.89,,,,,,,
JM안성,2017-04-27,14.89,,,,,,,
JM안성,2017-04-28,14.87,,,,,,,
JM안성,2017-04-29,14.84,,,,,,,
JM안성,2017-04-30,14.77,,,,,,,
JM안성,2017-05-01,14.21,,,,,,,
JM안성,2017-05-02,14.57,,,,,,,
JM안성,2017-05-03,14.59,,,,,,,
JM안성,2017-05-04,14.58,,,,,,,
JM안성,2017-05-05,14.56,,,,,,,
JM안성,2017-05-06,14.52,,,,,,,
JM안성,2017-05-07,14.46,,,,,,,
JM안성,2017-05-08,14.42,,,,,,,
JM안성,2017-05-09,14.42,,,,,,,
JM안성,2017-05-10,14.39,,,,,,,
JM안성,2017-05-11,14.33,,,,,,,
JM안성,2017-05-12,14.31,,,,,,,
JM안성,2017-05-13,14.32,,,,,,,
JM안성,2017-05-14,14.3,,,,,,,
JM안성,2017-05-15,13.59,,,,,,,
JM안성,2017-05-16,14.04,,,,,,,
JM안성,2017-05-17,12.53,,,,,,,
JM안성,2017-05-18,13.58,,,,,,,
JM안성,2017-05-19,12.33,,,,,,,
JM안성,2017-05-20,12.53,,,,,,,
JM안성,2017-05-21,13.4,,,,,,,
JM안성,2017-05-22,13.51,,,,,,,
JM안성,2017-05-23,13.59,,,,,,,
JM안성,2017-05-24,13.7,,,,,,,
JM안성,2017-05-25,13.77,,,,,,,
JM안성,2017-05-26,13.79,,,,,,,
JM안성,2017-05-27,13.77,,,,,,,
JM안성,2017-05-28,13.75,,,,,,,
JM안성,2017-05-29,13.71,,,,,,,
JM안성,2017-05-30,13.67,,,,,,,
JM안성,2017-05-31,13.7,,,,,,,
JM안성,2017-06-01,13.7,,,,,,,
JM안성,2017-06-02,13.67,,,,,,,
JM안성,2017-06-03,12.99,,,,,,,
JM안성,2017-06-04,13.47,,,,,,,
JM안성,2017-06-05,13.49,,,,,,,
JM안성,2017-06-06,13.57,,,,,,,
JM안성,2017-06-07,13.72,,,,,,,
JM안성,2017-06-08,13.79,,,,,,,
JM안성,2017-06-09,13.84,,,,,,,
JM안성,2017-06-10,13.89,,,,,,,
JM안성,2017-06-11,13.92,,,,,,,
JM안성,2017-06-12,13.91,,,,,,,
JM안성,2017-06-13,13.9,,,,,,,
JM안성,2017-06-14,13.88,,,,,,,
JM안성,2017-06-15,13.82,,,,,,,
JM안성,2017-06-16,13.75,,,,,,,
JM안성,2017-06-17,13.69,,,,,,,
JM안성,2017-06-18,13.64,,,,,,,
JM안성,2017-06-19,13.62,,,,,,,
JM안성,2017-06-20,13.64,,,,,,,
JM안성,2017-06-21,13.65,,,,,,,
JM안성,2017-06-22,13.67,,,,,,,
JM안성,2017-06-23,13.69,,,,,,,
JM안성,2017-06-26,12.59,,,,,,,
JM안성,2017-06-27,13.61,,,,,,,
JM안성,2017-06-28,13.68,,,,,,,
JM안성,2017-06-29,13.72,,,,,,,
JM안성,2017-06-30,13.79,,,,,,,
JM안성,2017-07-01,13.83,,,,,,,
JM안성,2017-07-02,13.84,,,,,,,
JM안성,2017-07-03,13.85,,,,,,,
JM안성,2017-07-04,13.85,,,,,,,
JM안성,2017-07-05,13.81,,,,,,,
JM안성,2017-07-06,13.8,,,,,,,
JM안성,2017-07-07,13.8,,,,,,,
JM안성,2017-07-08,13.78,,,,,,,
JM안성,2017-07-09,13.76,,,,,,,
JM안성,2017-07-10,13.75,,,,,,,
JM안성,2017-07-11,13.72,,,,,,,
JM안성,2017-07-12,13.73,,,,,,,
JM안성,2017-07-13,13.73,,,,,,,
JM안성,2017-07-14,13.7,,,,,,,
JM안성,2017-07-15,13.64,,,,,,,
JM안성,2017-07-16,13.58,,,,,,,
JM안성,2017-07-17,13.53,,,,,,,
JM안성,2017-07-18,13.5,,,,,,,
JM안성,2017-07-19,13.52,,,,,,,
JM안성,2017-07-20,12.8,,,,,,,
JM안성,2017-07-21,13.3,,,,,,,
JM안성,2017-07-22,13.29,,,,,,,
JM안성,2017-07-23,13.28,,,,,,,
JM안성,2017-07-24,13.28,,,,,,,
JM안성,2017-07-25,13.25,,,,,,,
JM안성,2017-07-26,13.21,,,,,,,
JM안성,2017-07-27,13.15,,,,,,,
JM안성,2017-07-28,13.1,,,,,,,
JM안성,2017-07-29,13.13,,,,,,,
JM안성,2017-07-30,13.15,,,,,,,
JM안성,2017-07-31,13.18,,,,,,,
JM안성,2017-08-02,13.23,,,,,,,
JM안성,2017-08-03,13.24,,,,,,,
JM안성,2017-08-04,13.22,,,,,,,
JM안성,2017-08-05,13.2,,,,,,,
JM안성,2017-08-06,13.14,,,,,,,
JM안성,2017-08-07,13.06,,,,,,,
JM안성,2017-08-08,13.02,,,,,,,
JM안성,2017-08-09,13.03,,,,,,,
JM안성,2017-08-10,13.06,,,,,,,
JM안성,2017-08-11,13.07,,,,,,,
JM안성,2017-08-12,13.05,,,,,,,
JM안성,2017-08-13,13.04,,,,,,,
JM안성,2017-08-14,13.08,,,,,,,
JM안성,2017-08-15,13.15,,,,,,,
JM안성,2017-08-16,13.2,,,,,,,
JM안성,2017-08-17,13.21,,,,,,,
JM안성,2017-08-18,13.19,,,,,,,
JM안성,2017-08-19,13.17,,,,,,,
JM안성,2017-08-20,13.24,,,,,,,
JM안성,2017-08-21,13.42,,,,,,,
JM안성,2017-08-22,13.57,,,,,,,
JM안성,2017-08-23,13.65,,,,,,,
JM안성,2017-08-24,13.7,,,,,,,
JM안성,2017-08-25,12.67,,,,,,,
JM안성,2017-08-26,12.05,,,,,,,
JM안성,2017-08-27,12.7,,,,,,,
JM안성,2017-08-28,13.25,,,,,,,
JM안성,2017-08-29,12.42,,,,,,,
JM안성,2017-08-30,11.7,,,,,,,
JM안성,2017-08-31,11.64,,,,,,,
JM안성,2017-09-01,12.79,,,,,,,
JM안성,2017-09-02,12.12,,,,,,,
JM안성,2017-09-03,12.89,,,,,,,
JM안성,2017-09-04,12.97,,,,,,,
JM안성,2017-09-05,13.01,,,,,,,
JM안성,2017-09-06,13.08,,,,,,,
JM안성,2017-09-07,13.13,,,,,,,
JM안성,2017-09-08,13.17,,,,,,,
JM안성,2017-09-09,13.19,,,,,,,
JM안성,2017-09-10,13.18,,,,,,,
JM안성,2017-09-11,13.23,,,,,,,
JM안성,2017-09-12,13.22,,,,,,,
JM안성,2017-09-13,13.19,,,,,,,
JM안성,2017-09-14,12.94,,,,,,,
JM안성,2017-09-15,13.16,,,,,,,
JM안성,2017-09-16,13.2,,,,,,,
JM안성,2017-09-17,13.1,,,,,,,
JM안성,2017-09-18,11.52,,,,,,,
JM안성,2017-09-19,11.13,,,,,,,
JM안성,2017-09-20,10.83,,,,,,,
JM안성,2017-09-21,10.61,,,,,,,
JM안성,2017-09-22,10.57,,,,,,,
JM안성,2017-09-23,10.78,,,,,,,
JM안성,2017-09-24,10.16,,,,,,,
JM안성,2017-09-25,10.3,,,,,,,
JM안성,2017-09-26,11.4,,,,,,,
JM안성,2017-09-27,11.71,,,,,,,
JM안성,2017-09-28,10.45,,,,,,,
JM안성,2017-09-29,10.05,,,,,,,
JM안성,2017-09-30,9.9,,,,,,,
JM안성,2017-10-01,10.98,,,,,,,
JM안성,2017-10-02,11.78,,,,,,,
JM안성,2017-10-03,12.36,,,,,,,
JM안성,2017-10-04,12.74,,,,,,,
JM안성,2017-10-05,13.01,,,,,,,
JM안성,2017-10-06,13.25,,,,,,,
JM안성,2017-10-07,13.42,,,,,,,
JM안성,2017-10-08,13.51,,,,,,,
JM안성,2017-10-09,13.34,,,,,,,
JM안성,2017-10-10,13.5,,,,,,,
JM안성,2017-10-11,13.48,,,,,,,
JM안성,2017-10-12,13.43,,,,,,,
JM안성,2017-10-13,13.42,,,,,,,
JM안성,2017-10-14,13.4,,,,,,,
JM안성,2017-10-15,13.43,,,,,,,
JM안성,2017-10-16,13.46,,,,,,,
JM안성,2017-10-17,13.51,,,,,,,
JM안성,2017-10-18,13.53,,,,,,,
JM안성,2017-10-19,13.53,,,,,,,
JM안성,2017-10-20,13.49,,,,,,,
JM안성,2017-10-21,13.42,,,,,,,
JM안성,2017-10-22,13.33,,,,,,,
JM안성,2017-10-23,12.09,,,,,,,
JM안성,2017-10-24,12.42,,,,,,,
JM안성,2017-10-25,12.84,,,,,,,
JM안성,2017-10-26,11.42,,,,,,,
JM안성,2017-10-27,11.29,,,,,,,
JM안성,2017-10-28,11.22,,,,,,,
JM안성,2017-10-29,11.19,,,,,,,
JM안성,2017-10-30,11.49,,,,,,,
JM안성,2017-10-31,12.21,,,,,,,
JM안성,2017-11-01,11.62,,,,,,,
JM안성,2017-11-02,10.93,,,,,,,
JM안성,2017-11-03,10.77,,,,,,,
JM안성,2017-11-04,10.65,,,,,,,
JM안성,2017-11-05,10.59,,,,,,,
JM안성,2017-11-06,10.98,,,,,,,
JM안성,2017-11-07,10.68,,,,,,,
JM안성,2017-11-08,11.87,,,,,,,
JM안성,2017-11-09,10.82,,,,,,,
JM안성,2017-11-10,10.59,,,,,,,
JM안성,2017-11-11,10.77,,,,,,,
JM안성,2017-11-12,11.05,,,,,,,
JM안성,2017-11-13,11.79,,,,,,,
JM안성,2017-11-14,11.08,,,,,,,
JM안성,2017-11-15,11.74,,,,,,,
JM안성,2017-11-16,11.14,,,,,,,
JM안성,2017-11-17,11.84,,,,,,,
JM안성,2017-11-18,11.99,,,,,,,
JM안성,2017-11-19,10.8,,,,,,,
JM안성,2017-11-20,11.03,,,,,,,
JM안성,2017-11-21,10.09,,,,,,,
JM안성,2017-11-22,10.3,,,,,,,
JM안성,2017-11-23,11.44,,,,,,,
JM안성,2017-11-24,11.62,,,,,,,
JM안성,2017-11-25,10.45,,,,,,,
JM안성,2017-11-26,11.46,,,,,,,
JM안성,2017-11-27,11.59,,,,,,,
JM안성,2017-11-28,10.43,,,,,,,
JM안성,2017-11-29,11.47,,,,,,,
JM안성,2017-11-30,11.72,,,,,,,
JM안성,2017-12-01,11.83,,,,,,,
JM안성,2017-12-02,11.89,,,,,,,
JM안성,2017-12-03,11.94,,,,,,,
JM안성,2017-12-04,11.98,,,,,,,
JM안성,2017-12-05,11.97,,,,,,,
JM안성,2017-12-06,12.03,,,,,,,
JM안성,2017-12-07,12.08,,,,,,,
JM안성,2017-12-08,12.11,,,,,,,
JM안성,2017-12-09,12.14,,,,,,,
JM안성,2017-12-10,12.16,,,,,,,
JM안성,2017-12-11,12.14,,,,,,,
JM안성,2017-12-12,12.13,,,,,,,
JM안성,2017-12-13,11.74,,,,,,,
JM안성,2017-12-14,12.1,,,,,,,
JM안성,2017-12-15,12.12,,,,,,,
JM안성,2017-12-16,12.11,,,,,,,
JM안성,2017-12-17,12.09,,,,,,,
JM안성,2017-12-18,12.08,,,,,,,
JM안성,2017-12-19,12.0,,,,,,,
JM안성,2017-12-20,11.95,,,,,,,
JM안성,2017-12-21,11.88,,,,,,,
JM안성,2017-12-22,11.77,,,,,,,
JM안성,2017-12-23,11.73,,,,,,,
JM안성,2017-12-24,11.76,,,,,,,
JM안성,2017-12-25,11.78,,,,,,,
JM안성,2017-12-26,11.81,,,,,,,
JM안성,2017-12-27,11.84,,,,,,,
JM안성,2017-12-28,10.79,,,,,,,
JM안성,2017-12-29,11.68,,,,,,,
JM안성,2017-12-30,11.82,,,,,,,
JM안성,2017-12-31,11.84,,,,,,,
JM안성,2018-01-01,11.84,,,,,,,
JM안성,2018-01-02,11.85,,,,,,,
JM안성,2018-01-03,11.85,,,,,,,
JM안성,2018-01-04,11.87,,,,,,,
JM안성,2018-01-05,11.9,,,,,,,
JM안성,2018-01-06,11.89,,,,,,,
JM안성,2018-01-07,11.89,,,,,,,
JM안성,2018-01-15,11.92,,,,,,,
JM안성,2018-01-16,11.96,,,,,,,
JM안성,2018-01-17,11.99,,,,,,,
JM안성,2018-01-18,11.99,,,,,,,
JM안성,2018-01-19,12.0,,,,,,,
JM안성,2018-01-20,12.01,,,,,,,
JM안성,2018-01-21,12.01,,,,,,,
JM안성,2018-01-22,12.01,,,,,,,
JM안성,2018-01-23,11.98,,,,,,,
JM안성,2018-01-24,11.96,,,,,,,
JM안성,2018-01-25,11.95,,,,,,,
JM안성,2018-01-26,11.95,,,,,,,
JM안성,2018-01-27,11.94,,,,,,,
JM안성,2018-01-28,11.92,,,,,,,
JM안성,2018-01-29,11.88,,,,,,,
JM안성,2018-01-30,11.85,,,,,,,
JM안성,2018-01-31,11.83,,,,,,,
JM안성,2018-02-01,11.8,,,,,,,
JM안성,2018-02-02,11.76,,,,,,,
JM안성,2018-02-03,11.75,,,,,,,
JM안성,2018-02-04,11.76,,,,,,,
JM안성,2018-02-05,11.77,,,,,,,
JM안성,2018-02-06,11.77,,,,,,,
JM안성,2018-02-07,11.76,,,,,,,
JM안성,2018-02-08,11.75,,,,,,,
JM안성,2018-02-09,11.72,,,,,,,
JM안성,2018-02-10,11.69,,,,,,,
JM안성,2018-02-11,11.67,,,,,,,
JM안성,2018-02-12,11.67,,,,,,,
JM안성,2018-02-13,11.67,,,,,,,
JM안성,2018-02-14,11.64,,,,,,,
JM안성,2018-02-15,11.58,,,,,,,
JM안성,2018-02-16,11.59,,,,,,,
JM안성,2018-02-17,11.59,,,,,,,
JM안성,2018-02-18,11.58,,,,,,,
JM안성,2018-02-19,11.55,,,,,,,
JM안성,2018-02-20,11.54,,,,,,,
JM안성,2018-02-21,11.51,,,,,,,
JM안성,2018-02-22,11.49,,,,,,,
JM안성,2018-02-23,11.45,,,,,,,
JM안성,2018-02-24,11.43,,,,,,,
JM안성,2018-02-25,11.44,,,,,,,
JM안성,2018-02-26,11.42,,,,,,,
JM안성,2018-02-27,11.4,,,,,,,
JM안성,2018-02-28,11.51,,,,,,,
JM안성,2018-03-01,11.66,,,,,,,
JM안성,2018-03-02,11.79,,,,,,,
JM안성,2018-03-03,11.9,,,,,,,
JM안성,2018-03-04,11.97,,,,,,,
JM안성,2018-03-05,12.01,,,,,,,
JM안성,2018-03-06,11.96,,,,,,,
JM안성,2018-03-07,11.98,,,,,,,
JM안성,2018-03-08,12.07,,,,,,,
JM안성,2018-03-09,12.08,,,,,,,
JM안성,2018-03-10,12.09,,,,,,,
JM안성,2018-03-11,12.1,,,,,,,
JM안성,2018-03-12,12.11,,,,,,,
JM안성,2018-03-13,12.09,,,,,,,
JM안성,2018-03-14,12.03,,,,,,,
JM안성,2018-03-15,12.05,,,,,,,
JM안성,2018-03-16,12.11,,,,,,,
JM안성,2018-03-17,12.14,,,,,,,
JM안성,2018-03-18,12.21,,,,,,,
JM안성,2018-03-19,12.34,,,,,,,
JM안성,2018-03-20,12.42,,,,,,,
JM안성,2018-03-21,12.53,,,,,,,
JM안성,2018-03-22,12.6,,,,,,,
JM안성,2018-03-23,12.62,,,,,,,
JM안성,2018-03-24,12.62,,,,,,,
JM안성,2018-03-25,12.62,,,,,,,
JM안성,2018-03-26,12.63,,,,,,,
JM안성,2018-03-27,12.6,,,,,,,
JM안성,2018-03-28,11.85,,,,,,,
JM안성,2018-03-29,12.31,,,,,,,
JM안성,2018-03-30,12.39,,,,,,,
JM안성,2018-03-31,12.02,,,,,,,
JM안성,2018-04-01,12.18,,,,,,,
JM안성,2018-04-02,12.27,,,,,,,
JM안성,2018-04-03,12.22,,,,,,,
JM안성,2018-04-04,12.17,,,,,,,
JM안성,2018-04-05,12.18,,,,,,,
JM안성,2018-04-06,12.2,,,,,,,
JM안성,2018-04-07,12.17,,,,,,,
JM안성,2018-04-08,12.16,,,,,,,
JM안성,2018-04-09,11.11,,,,,,,
JM안성,2018-04-10,11.92,,,,,,,
JM안성,2018-04-11,12.01,,,,,,,
JM안성,2018-04-12,11.95,,,,,,,
JM안성,2018-04-13,11.91,,,,,,,
JM안성,2018-04-14,11.97,,,,,,,
JM안성,2018-04-15,12.0,,,,,,,
JM안성,2018-04-16,12.01,,,,,,,
JM안성,2018-04-17,12.0,,,,,,,
JM안성,2018-04-18,11.99,,,,,,,
JM안성,2018-04-19,11.95,,,,,,,
JM안성,2018-04-20,11.88,,,,,,,
JM안성,2018-04-21,11.83,,,,,,,
JM안성,2018-04-22,11.86,,,,,,,
JM안성,2018-04-23,12.03,,,,,,,
JM안성,2018-04-24,12.42,,,,,,,
JM안성,2018-04-25,12.81,,,,,,,
JM안성,2018-04-26,13.08,,,,,,,
JM안성,2018-04-27,13.23,,,,,,,
JM안성,2018-04-28,13.3,,,,,,,
JM안성,2018-04-29,13.35,,,,,,,
JM안성,2018-04-30,13.46,,,,,,,
JM안성,2018-05-01,13.58,,,,,,,
JM안성,2018-05-02,13.67,,,,,,,
JM안성,2018-05-03,13.67,,,,,,,
JM안성,2018-05-04,13.65,,,,,,,
JM안성,2018-05-05,13.63,,,,,,,
JM안성,2018-05-06,13.8,,,,,,,
JM안성,2018-05-07,14.15,,,,,,,
JM안성,2018-05-08,14.43,,,,,,,
JM안성,2018-05-09,14.57,,,,,,,
JM안성,2018-05-10,14.66,,,,,,,
JM안성,2018-05-11,14.74,,,,,,,
JM안성,2018-05-12,14.78,,,,,,,
JM안성,2018-05-13,14.93,,,,,,,
JM안성,2018-05-14,15.09,,,,,,,
JM안성,2018-05-15,15.19,,,,,,,
JM안성,2018-05-16,15.26,,,,,,,
JM안성,2018-05-17,15.31,,,,,,,
JM안성,2018-05-18,15.36,,,,,,,
JM안성,2018-05-19,15.35,,,,,,,
JM안성,2018-05-20,15.32,,,,,,,
JM안성,2018-05-21,15.3,,,,,,,
JM안성,2018-05-22,15.27,,,,,,,
JM안성,2018-05-23,15.3,,,,,,,
JM안성,2018-05-24,15.26,,,,,,,
JM안성,2018-05-25,15.22,,,,,,,
JM안성,2018-05-26,15.21,,,,,,,
JM안성,2018-05-27,15.16,,,,,,,
JM안성,2018-05-28,15.16,,,,,,,
JM안성,2018-05-29,15.15,,,,,,,
JM안성,2018-05-30,15.12,,,,,,,
JM안성,2018-05-31,15.09,,,,,,,
JM안성,2018-06-01,15.03,,,,,,,
JM안성,2018-06-02,14.99,,,,,,,
JM안성,2018-06-03,14.96,,,,,,,
JM안성,2018-06-04,14.88,,,,,,,
JM안성,2018-06-05,14.9,,,,,,,
JM안성,2018-06-06,14.88,,,,,,,
JM안성,2018-06-07,14.85,,,,,,,
JM안성,2018-06-08,14.85,,,,,,,
JM안성,2018-06-09,14.82,,,,,,,
JM안성,2018-06-10,14.82,,,,,,,
JM안성,2018-06-11,14.83,,,,,,,
JM안성,2018-06-12,14.83,,,,,,,
JM안성,2018-06-13,14.81,,,,,,,
JM안성,2018-06-14,14.81,,,,,,,
JM안성,2018-06-15,14.77,,,,,,,
JM안성,2018-06-16,13.96,,,,,,,
JM안성,2018-06-17,14.57,,,,,,,
JM안성,2018-06-18,14.6,,,,,,,
JM안성,2018-06-19,14.64,,,,,,,
JM안성,2018-06-20,14.74,,,,,,,
JM안성,2018-06-21,14.76,,,,,,,
JM안성,2018-06-22,14.77,,,,,,,
JM안성,2018-06-23,14.78,,,,,,,
JM안성,2018-06-24,14.77,,,,,,,
JM안성,2018-06-25,14.75,,,,,,,
JM안성,2018-06-26,14.75,,,,,,,
JM안성,2018-06-27,14.78,,,,,,,
JM안성,2018-06-28,14.84,,,,,,,
JM안성,2018-06-29,15.0,,,,,,,
JM안성,2018-06-30,15.1,,,,,,,
JM안성,2018-07-02,15.52,,,,,,,
JM안성,2018-07-03,15.6,,,,,,,
JM안성,2018-07-04,15.61,,,,,,,
JM안성,2018-07-05,15.59,,,,,,,
JM안성,2018-07-06,15.61,,,,,,,
JM안성,2018-07-07,15.62,,,,,,,
JM안성,2018-07-08,15.58,,,,,,,
JM안성,2018-07-09,15.55,,,,,,,
JM안성,2018-07-10,15.53,,,,,,,
JM안성,2018-07-11,15.5,,,,,,,
JM안성,2018-07-12,15.48,,,,,,,
JM안성,2018-07-13,15.44,,,,,,,
JM안성,2018-07-14,15.4,,,,,,,
JM안성,2018-07-15,15.33,,,,,,,
JM안성,2018-07-16,15.28,,,,,,,
JM안성,2018-07-17,14.57,,,,,,,
JM안성,2018-07-18,15.02,,,,,,,
JM안성,2018-07-19,15.0,,,,,,,
JM안성,2018-07-20,14.94,,,,,,,
JM안성,2018-07-21,14.88,,,,,,,
JM안성,2018-07-22,14.84,,,,,,,
JM안성,2018-07-23,14.81,,,,,,,
JM안성,2018-07-24,14.75,,,,,,,
JM안성,2018-07-25,14.71,,,,,,,
JM안성,2018-07-26,14.33,,,,,,,
JM안성,2018-07-27,14.42,,,,,,,
JM안성,2018-07-28,14.45,,,,,,,
JM안성,2018-07-29,14.43,,,,,,,
JM안성,2018-07-30,14.43,,,,,,,
JM안성,2018-07-31,14.43,,,,,,,
JM안성,2018-08-01,14.34,,,,,,,
JM안성,2018-08-02,12.85,,,,,,,
JM안성,2018-08-03,14.0,,,,,,,
JM안성,2018-08-04,13.72,,,,,,,
JM안성,2018-08-05,14.23,,,,,,,
JM안성,2018-08-06,14.29,,,,,,,
JM안성,2018-08-07,14.27,,,,,,,
JM안성,2018-08-08,14.28,,,,,,,
JM안성,2018-08-09,14.34,,,,,,,
JM안성,2018-08-10,14.34,,,,,,,
JM안성,2018-08-11,14.31,,,,,,,
JM안성,2018-08-12,14.31,,,,,,,
JM안성,2018-08-13,14.27,,,,,,,
JM안성,2018-08-14,14.27,,,,,,,
JM안성,2018-08-15,14.28,,,,,,,
JM안성,2018-08-16,13.63,,,,,,,
JM안성,2018-08-17,14.24,,,,,,,
JM안성,2018-08-18,13.73,,,,,,,
JM안성,2018-08-19,13.53,,,,,,,
JM안성,2018-08-20,14.1,,,,,,,
JM안성,2018-08-21,13.94,,,,,,,
JM안성,2018-08-22,14.16,,,,,,,
JM안성,2018-08-23,14.58,,,,,,,
JM안성,2018-08-24,14.95,,,,,,,
JM안성,2018-08-25,15.27,,,,,,,
JM안성,2018-08-26,15.48,,,,,,,
JM안성,2018-08-27,15.58,,,,,,,
JM안성,2018-08-28,14.89,,,,,,,
JM안성,2018-08-29,14.19,,,,,,,
JM안성,2018-08-30,14.42,,,,,,,
JM안성,2018-08-31,14.56,,,,,,,
JM안성,2018-09-01,15.35,,,,,,,
JM안성,2018-09-02,15.55,,,,,,,
JM안성,2018-09-03,15.65,,,,,,,
JM안성,2018-09-04,15.81,,,,,,,
JM안성,2018-09-05,15.89,,,,,,,
JM안성,2018-09-06,15.94,,,,,,,
JM안성,2018-09-07,16.0,,,,,,,
JM안성,2018-09-08,16.02,,,,,,,
JM안성,2018-09-09,16.04,,,,,,,
JM안성,2018-09-10,16.01,,,,,,,
JM안성,2018-09-11,15.98,,,,,,,
JM안성,2018-09-12,15.95,,,,,,,
JM안성,2018-09-13,15.99,,,,,,,
JM안성,2018-09-14,16.11,,,,,,,
JM안성,2018-09-15,16.16,,,,,,,
JM안성,2018-09-16,16.16,,,,,,,
JM안성,2018-09-17,16.14,,,,,,,
JM안성,2018-09-18,16.14,,,,,,,
JM안성,2018-09-19,16.11,,,,,,,
JM안성,2018-09-20,16.1,,,,,,,
JM안성,2018-09-21,16.09,,,,,,,
JM안성,2018-09-22,16.05,,,,,,,
JM안성,2018-09-23,16.02,,,,,,,
JM안성,2018-09-24,15.95,,,,,,,
JM안성,2018-09-25,15.64,,,,,,,
JM안성,2018-09-26,13.92,,,,,,,
JM안성,2018-09-27,13.78,,,,,,,
JM안성,2018-09-28,13.93,,,,,,,
JM안성,2018-09-29,13.56,,,,,,,
JM안성,2018-09-30,13.44,,,,,,,
JM안성,2018-10-01,13.46,,,,,,,
JM안성,2018-10-02,13.15,,,,,,,
JM안성,2018-10-03,13.0,,,,,,,
JM안성,2018-10-04,14.32,,,,,,,
JM안성,2018-10-05,14.75,,,,,,,
JM안성,2018-10-06,15.22,,,,,,,
JM안성,2018-10-07,15.55,,,,,,,
JM안성,2018-10-08,15.81,,,,,,,
JM안성,2018-10-09,15.9,,,,,,,
JM안성,2018-10-10,15.88,,,,,,,
JM안성,2018-10-11,14.62,,,,,,,
JM안성,2018-10-12,14.22,,,,,,,
JM안성,2018-10-13,14.15,,,,,,,
JM안성,2018-10-14,13.96,,,,,,,
JM안성,2018-10-15,14.45,,,,,,,
JM안성,2018-10-16,14.15,,,,,,,
JM안성,2018-10-17,15.08,,,,,,,
JM안성,2018-10-18,15.3,,,,,,,
JM안성,2018-10-19,14.55,,,,,,,
JM안성,2018-10-20,15.05,,,,,,,
JM안성,2018-10-21,15.05,,,,,,,
JM안성,2018-10-22,13.87,,,,,,,
JM안성,2018-10-23,13.63,,,,,,,
JM안성,2018-10-24,14.5,,,,,,,
JM안성,2018-10-25,14.94,,,,,,,
JM안성,2018-10-26,15.09,,,,,,,
JM안성,2018-10-27,14.4,,,,,,,
JM안성,2018-10-28,13.62,,,,,,,
JM안성,2018-10-29,13.56,,,,,,,
JM안성,2018-10-30,12.65,,,,,,,
JM안성,2018-10-31,13.01,,,,,,,
JM안성,2018-11-01,13.13,,,,,,,
JM안성,2018-11-02,12.97,,,,,,,
JM안성,2018-11-03,12.95,,,,,,,
JM안성,2018-11-04,14.13,,,,,,,
JM안성,2018-11-05,13.69,,,,,,,
JM안성,2018-11-06,14.24,,,,,,,
JM안성,2018-11-07,14.42,,,,,,,
JM안성,2018-11-08,14.06,,,,,,,
JM안성,2018-11-09,14.72,,,,,,,
JM안성,2018-11-10,14.86,,,,,,,
JM안성,2018-11-11,14.96,,,,,,,
JM안성,2018-11-12,15.08,,,,,,,
JM안성,2018-11-13,15.14,,,,,,,
JM안성,2018-11-14,15.19,,,,,,,
JM안성,2018-11-15,15.19,,,,,,,
JM안성,2018-11-16,15.19,,,,,,,
JM안성,2018-11-17,15.2,,,,,,,
JM안성,2018-11-18,15.2,,,,,,,
JM안성,2018-11-19,15.18,,,,,,,
JM안성,2018-11-20,15.13,,,,,,,
JM안성,2018-11-21,15.14,,,,,,,
JM안성,2018-11-22,15.11,,,,,,,
JM안성,2018-11-23,15.08,,,,,,,
JM안성,2018-11-24,15.09,,,,,,,
JM안성,2018-11-25,14.16,,,,,,,
JM안성,2018-11-26,14.89,,,,,,,
JM안성,2018-11-27,13.89,,,,,,,
JM안성,2018-11-28,14.84,,,,,,,
JM안성,2018-11-29,14.95,,,,,,,
JM안성,2018-11-30,14.98,,,,,,,
JM안성,2018-12-01,14.99,,,,,,,
JM안성,2018-12-02,15.03,,,,,,,
JM안성,2018-12-03,15.06,,,,,,,
JM안성,2018-12-04,15.07,,,,,,,
JM안성,2018-12-05,15.06,,,,,,,
JM안성,2018-12-06,15.07,,,,,,,
JM안성,2018-12-07,15.05,,,,,,,
JM안성,2018-12-08,15.05,,,,,,,
JM안성,2018-12-09,15.05,,,,,,,
JM안성,2018-12-10,15.04,,,,,,,
JM안성,2018-12-11,15.05,,,,,,,
JM안성,2018-12-12,15.04,,,,,,,
JM안성,2018-12-13,15.03,,,,,,,
JM안성,2018-12-14,15.02,,,,,,,
JM안성,2018-12-15,15.02,,,,,,,
JM안성,2018-12-16,15.04,,,,,,,
JM안성,2018-12-17,15.04,,,,,,,
JM안성,2018-12-18,15.0,,,,,,,
JM안성,2018-12-19,14.98,,,,,,,
JM안성,2018-12-20,14.99,,,,,,,
JM안성,2018-12-21,14.98,,,,,,,
JM안성,2018-12-22,14.95,,,,,,,
JM안성,2018-12-23,14.96,,,,,,,
JM안성,2018-12-24,14.94,,,,,,,
JM안성,2018-12-25,14.95,,,,,,,
JM안성,2018-12-26,14.95,,,,,,,
JM안성,2018-12-27,14.93,,,,,,,
JM안성,2018-12-28,14.89,,,,,,,
JM안성,2018-12-29,14.86,,,,,,,
JM안성,2018-12-30,14.85,,,,,,,
JM안성,2018-12-31,14.83,,,,,,,
JM안성,2019-01-01,14.81,,,,,,,
JM안성,2019-01-02,14.78,,,,,,,
JM안성,2019-01-03,14.74,,,,,,,
JM안성,2019-01-04,14.74,,,,,,,
JM안성,2019-01-05,14.74,,,,,,,
JM안성,2019-01-06,14.71,,,,,,,
JM안성,2019-01-07,14.7,,,,,,,
JM안성,2019-01-08,14.68,,,,,,,
JM안성,2019-01-09,14.64,,,,,,,
JM안성,2019-01-10,14.62,,,,,,,
JM안성,2019-01-11,14.6,,,,,,,
JM안성,2019-01-12,14.59,,,,,,,
JM안성,2019-01-13,13.95,,,,,,,
JM안성,2019-01-14,14.4,,,,,,,
JM안성,2019-01-15,14.45,,,,,,,
JM안성,2019-01-16,14.41,,,,,,,
JM안성,2019-01-17,14.41,,,,,,,
JM안성,2019-01-18,14.4,,,,,,,
JM안성,2019-01-19,14.37,,,,,,,
JM안성,2019-01-20,14.34,,,,,,,
JM안성,2019-01-21,14.25,,,,,,,
JM안성,2019-01-22,14.19,,,,,,,
JM안성,2019-01-23,13.1,,,,,,,
JM안성,2019-01-24,12.78,,,,,,,
JM안성,2019-01-25,12.62,,,,,,,
JM안성,2019-01-26,13.6,,,,,,,
JM안성,2019-01-27,13.75,,,,,,,
JM안성,2019-01-28,13.77,,,,,,,
JM안성,2019-01-29,13.8,,,,,,,
JM안성,2019-01-30,13.86,,,,,,,
JM안성,2019-01-31,13.95,,,,,,,
JM안성,2019-02-01,13.97,,,,,,,
JM안성,2019-02-02,14.01,,,,,,,
JM안성,2019-02-03,14.07,,,,,,,
JM안성,2019-02-04,14.07,,,,,,,
JM안성,2019-02-05,14.1,,,,,,,
JM안성,2019-02-06,14.13,,,,,,,
JM안성,2019-02-07,14.12,,,,,,,
JM안성,2019-02-08,14.1,,,,,,,
JM안성,2019-02-09,14.08,,,,,,,
JM안성,2019-02-10,14.05,,,,,,,
JM안성,2019-02-11,14.01,,,,,,,
JM안성,2019-02-12,13.99,,,,,,,
JM안성,2019-02-13,13.96,,,,,,,
JM안성,2019-02-14,13.93,,,,,,,
JM안성,2019-02-15,13.93,,,,,,,
JM안성,2019-02-16,13.9,,,,,,,
JM안성,2019-02-17,13.84,,,,,,,
JM안성,2019-02-18,13.82,,,,,,,
JM안성,2019-02-19,13.87,,,,,,,
JM안성,2019-02-20,13.86,,,,,,,
JM안성,2019-02-21,13.86,,,,,,,
JM안성,2019-02-22,13.86,,,,,,,
JM안성,2019-02-23,13.84,,,,,,,
JM안성,2019-02-24,13.82,,,,,,,
JM안성,2019-02-25,13.8,,,,,,,
JM안성,2019-02-26,13.78,,,,,,,
JM안성,2019-02-27,13.76,,,,,,,
JM안성,2019-02-28,13.73,,,,,,,
JM안성,2019-03-01,13.68,,,,,,,
JM안성,2019-03-02,13.66,,,,,,,
JM안성,2019-03-03,13.69,,,,,,,
JM안성,2019-03-04,13.68,,,,,,,
JM안성,2019-03-05,13.64,,,,,,,
JM안성,2019-03-06,13.65,,,,,,,
JM안성,2019-03-07,13.62,,,,,,,
JM안성,2019-03-08,13.57,,,,,,,
JM안성,2019-03-09,13.57,,,,,,,
JM안성,2019-03-10,13.62,,,,,,,
JM안성,2019-03-11,13.61,,,,,,,
JM안성,2019-03-12,13.58,,,,,,,
JM안성,2019-03-13,13.5,,,,,,,
JM안성,2019-03-14,13.49,,,,,,,
JM안성,2019-03-15,13.47,,,,,,,
JM안성,2019-03-16,13.44,,,,,,,
JM안성,2019-03-17,13.4,,,,,,,
JM안성,2019-03-18,13.37,,,,,,,
JM안성,2019-03-19,13.37,,,,,,,
JM안성,2019-03-20,13.38,,,,,,,
JM안성,2019-03-21,13.39,,,,,,,
JM안성,2019-03-22,13.37,,,,,,,
JM안성,2019-03-23,13.33,,,,,,,
JM안성,2019-03-24,13.28,,,,,,,
JM안성,2019-03-25,13.23,,,,,,,
JM안성,2019-03-26,13.17,,,,,,,
JM안성,2019-03-27,13.12,,,,,,,
JM안성,2019-03-28,13.03,,,,,,,
JM안성,2019-03-29,11.73,,,,,,,
JM안성,2019-03-30,11.42,,,,,,,
JM안성,2019-03-31,11.01,,,,,,,
JM안성,2019-04-01,12.13,,,,,,,
JM안성,2019-04-02,11.02,,,,,,,
JM안성,2019-04-03,10.76,,,,,,,
JM안성,2019-04-04,11.78,,,,,,,
JM안성,2019-04-05,11.91,,,,,,,
JM안성,2019-04-06,11.97,,,,,,,
JM안성,2019-04-07,10.99,,,,,,,
JM안성,2019-04-08,11.9,,,,,,,
JM안성,2019-04-09,12.15,,,,,,,
JM안성,2019-04-10,12.33,,,,,,,
JM안성,2019-04-11,12.42,,,,,,,
JM안성,2019-04-12,12.46,,,,,,,
JM안성,2019-04-13,12.48,,,,,,,
JM안성,2019-04-14,12.49,,,,,,,
JM안성,2019-04-15,12.44,,,,,,,
JM안성,2019-04-16,12.41,,,,,,,
JM안성,2019-04-17,11.45,,,,,,,
JM안성,2019-04-18,10.81,,,,,,,
JM안성,2019-04-19,10.56,,,,,,,
JM안성,2019-04-20,10.29,,,,,,,
JM안성,2019-04-21,11.39,,,,,,,
JM안성,2019-04-22,11.56,,,,,,,
JM안성,2019-04-23,11.72,,,,,,,
JM안성,2019-04-24,11.93,,,,,,,
JM안성,2019-04-25,12.06,,,,,,,
JM안성,2019-04-26,12.1,,,,,,,
JM안성,2019-04-27,12.08,,,,,,,
JM안성,2019-04-28,12.14,,,,,,,
JM안성,2019-04-29,12.22,,,,,,,
JM안성,2019-04-30,12.27,,,,,,,
JM안성,2019-05-01,12.28,,,,,,,
JM안성,2019-05-02,12.21,,,,,,,
JM안성,2019-05-03,12.17,,,,,,,
JM안성,2019-05-04,10.85,,,,,,,
JM안성,2019-05-05,10.3,,,,,,,
JM안성,2019-05-06,11.25,,,,,,,
JM안성,2019-05-07,9.85,,,,,,,
JM안성,2019-05-08,9.88,,,,,,,
JM안성,2019-05-09,10.86,,,,,,,
JM안성,2019-05-10,9.17,,,,,,,
JM안성,2019-05-11,8.88,,,,,,,
JM안성,2019-05-12,9.32,,,,,,,
JM안성,2019-05-13,9.28,,,,,,,
JM안성,2019-05-14,9.14,,,,,,,
JM안성,2019-05-15,10.48,,,,,,,
JM안성,2019-05-16,10.74,,,,,,,
JM안성,2019-05-17,10.92,,,,,,,
JM안성,2019-05-18,11.23,,,,,,,
JM안성,2019-05-19,11.5,,,,,,,
JM안성,2019-05-20,11.69,,,,,,,
JM안성,2019-05-21,11.82,,,,,,,
JM안성,2019-05-22,11.9,,,,,,,
JM안성,2019-05-23,11.92,,,,,,,
JM안성,2019-05-24,11.91,,,,,,,
JM안성,2019-05-25,11.9,,,,,,,
JM안성,2019-05-26,11.89,,,,,,,
JM안성,2019-05-27,12.04,,,,,,,
JM안성,2019-05-28,12.24,,,,,,,
JM안성,2019-05-29,12.36,,,,,,,
JM안성,2019-05-30,12.42,,,,,,,
JM안성,2019-05-31,12.48,,,,,,,
JM안성,2019-06-01,12.5,,,,,,,
JM안성,2019-06-02,12.49,,,,,,,
JM안성,2019-06-03,12.48,,,,,,,
JM안성,2019-06-04,12.46,,,,,,,
JM안성,2019-06-05,12.43,,,,,,,
JM안성,2019-06-06,12.43,,,,,,,
JM안성,2019-06-07,12.49,,,,,,,
JM안성,2019-06-08,12.49,,,,,,,
JM안성,2019-06-09,12.49,,,,,,,
JM안성,2019-06-10,12.45,,,,,,,
JM안성,2019-06-11,11.85,,,,,,,
JM안성,2019-06-12,12.28,,,,,,,
JM안성,2019-06-13,12.27,,,,,,,
JM안성,2019-06-14,12.32,,,,,,,
JM안성,2019-06-15,12.4,,,,,,,
JM안성,2019-06-16,12.4,,,,,,,
JM안성,2019-06-17,12.41,,,,,,,
JM안성,2019-06-18,12.44,,,,,,,
JM안성,2019-06-19,12.48,,,,,,,
JM안성,2019-06-20,12.47,,,,,,,
JM안성,2019-06-21,12.44,,,,,,,
JM안성,2019-06-22,12.4,,,,,,,
JM안성,2019-06-23,12.34,,,,,,,
JM안성,2019-06-24,12.28,,,,,,,
JM안성,2019-06-25,12.24,,,,,,,
JM안성,2019-06-26,12.35,,,,,,,
JM안성,2019-06-27,12.7,,,,,,,
JM안성,2019-06-28,12.95,,,,,,,
JM안성,2019-06-29,13.14,,,,,,,
JM안성,2019-06-30,13.27,,,,,,,
JM안성,2019-07-01,13.33,,,,,,,
JM안성,2019-07-02,13.37,,,,,,,
JM안성,2019-07-03,13.4,,,,,,,
JM안성,2019-07-04,13.41,,,,,,,
JM안성,2019-07-05,13.38,,,,,,,
JM안성,2019-07-06,13.34,,,,,,,
JM안성,2019-07-07,13.27,,,,,,,
JM안성,2019-07-08,13.23,,,,,,,
JM안성,2019-07-09,13.19,,,,,,,
JM안성,2019-07-10,13.2,,,,,,,
JM안성,2019-07-11,13.15,,,,,,,
JM안성,2019-07-12,13.09,,,,,,,
JM안성,2019-07-13,13.12,,,,,,,
JM안성,2019-07-14,13.17,,,,,,,
JM안성,2019-07-15,13.17,,,,,,,
JM안성,2019-07-16,13.19,,,,,,,
JM안성,2019-07-17,13.19,,,,,,,
JM안성,2019-07-18,13.21,,,,,,,
JM안성,2019-07-19,13.35,,,,,,,
JM안성,2019-07-20,13.68,,,,,,,
JM안성,2019-07-21,14.02,,,,,,,
JM안성,2019-07-22,14.32,,,,,,,
JM안성,2019-07-23,14.51,,,,,,,
JM안성,2019-07-24,14.65,,,,,,,
JM안성,2019-07-25,14.74,,,,,,,
JM안성,2019-07-26,14.77,,,,,,,
JM안성,2019-07-27,14.78,,,,,,,
JM안성,2019-07-28,14.77,,,,,,,
JM안성,2019-07-29,14.74,,,,,,,
JM안성,2019-07-30,14.69,,,,,,,
JM안성,2019-07-31,14.65,,,,,,,
JM안성,2019-08-01,14.59,,,,,,,
JM안성,2019-08-02,14.51,,,,,,,
JM안성,2019-08-03,14.44,,,,,,,
JM안성,2019-08-04,14.38,,,,,,,
JM안성,2019-08-05,14.34,,,,,,,
JM안성,2019-08-06,14.3,,,,,,,
JM안성,2019-08-07,14.2,,,,,,,
JM안성,2019-08-08,13.45,,,,,,,
JM안성,2019-08-09,13.96,,,,,,,
JM안성,2019-08-10,14.01,,,,,,,
JM안성,2019-08-11,14.05,,,,,,,
JM안성,2019-08-12,14.13,,,,,,,
JM안성,2019-08-13,14.16,,,,,,,
JM안성,2019-08-14,14.15,,,,,,,
JM안성,2019-08-15,14.12,,,,,,,
JM안성,2019-08-16,14.07,,,,,,,
JM안성,2019-08-17,14.05,,,,,,,
JM안성,2019-08-18,14.02,,,,,,,
JM안성,2019-08-19,13.96,,,,,,,
JM안성,2019-08-20,13.88,,,,,,,
JM안성,2019-08-21,13.86,,,,,,,
JM안성,2019-08-22,13.92,,,,,,,
JM안성,2019-08-23,13.92,,,,,,,
JM안성,2019-08-24,13.91,,,,,,,
JM안성,2019-08-25,13.9,,,,,,,
JM안성,2019-08-26,13.92,,,,,,,
JM안성,2019-08-27,14.01,,,,,,,
JM안성,2019-08-28,14.21,,,,,,,
JM안성,2019-08-29,14.61,,,,,,,
JM안성,2019-08-30,15.09,,,,,,,
JM안성,2019-08-31,15.46,,,,,,,
JM안성,2019-09-01,15.71,,,,,,,
JM안성,2019-09-02,15.95,,,,,,,
JM안성,2019-09-03,16.14,,,,,,,
JM안성,2019-09-04,16.33,,,,,,,
JM안성,2019-09-05,16.52,,,,,,,
JM안성,2019-09-06,16.71,,,,,,,
JM안성,2019-09-07,16.93,,,,,,,
JM안성,2019-09-08,17.1,,,,,,,
JM안성,2019-09-09,17.4,,,,,,,
JM안성,2019-09-10,17.71,,,,,,,
JM안성,2019-09-11,17.97,,,,,,,
JM안성,2019-09-12,18.17,,,,,,,
JM안성,2019-09-13,18.29,,,,,,,
JM안성,2019-09-14,18.33,,,,,,,
JM안성,2019-09-15,17.59,,,,,,,
JM안성,2019-09-16,17.3,,,,,,,
JM안성,2019-09-17,17.45,,,,,,,
JM안성,2019-09-18,17.78,,,,,,,
JM안성,2019-09-19,17.65,,,,,,,
JM안성,2019-09-20,17.73,,,,,,,
JM안성,2019-09-21,17.84,,,,,,,
JM안성,2019-09-22,18.02,,,,,,,
JM안성,2019-09-23,18.05,,,,,,,
JM안성,2019-09-24,18.08,,,,,,,
JM안성,2019-09-25,18.03,,,,,,,
JM안성,2019-09-26,17.07,,,,,,,
JM안성,2019-09-27,17.77,,,,,,,
JM안성,2019-09-28,17.83,,,,,,,
JM안성,2019-09-29,17.91,,,,,,,
JM안성,2019-09-30,17.96,,,,,,,
JM안성,2019-10-01,18.02,,,,,,,
JM안성,2019-10-02,18.28,,,,,,,
JM안성,2019-10-03,18.52,,,,,,,
JM안성,2019-10-04,18.74,,,,,,,
JM안성,2019-10-05,18.9,,,,,,,
JM안성,2019-10-06,18.99,,,,,,,
JM안성,2019-10-07,19.0,,,,,,,
JM안성,2019-10-08,19.0,,,,,,,
JM안성,2019-10-09,18.19,,,,,,,
JM안성,2019-10-10,17.58,,,,,,,
JM안성,2019-10-11,17.33,,,,,,,
JM안성,2019-10-12,17.34,,,,,,,
JM안성,2019-10-13,16.55,,,,,,,
JM안성,2019-10-14,16.88,,,,,,,
JM안성,2019-10-15,16.59,,,,,,,
JM안성,2019-10-16,16.43,,,,,,,
JM안성,2019-10-17,16.91,,,,,,,
JM안성,2019-10-18,16.43,,,,,,,
JM안성,2019-10-19,16.38,,,,,,,
JM안성,2019-10-20,16.6,,,,,,,
JM안성,2019-10-21,16.34,,,,,,,
JM안성,2019-10-22,16.5,,,,,,,
JM안성,2019-10-23,17.03,,,,,,,
JM안성,2019-10-24,17.73,,,,,,,
JM안성,2019-10-25,16.53,,,,,,,
JM안성,2019-10-26,16.29,,,,,,,
JM안성,2019-10-27,17.47,,,,,,,
JM안성,2019-10-28,16.41,,,,,,,
JM안성,2019-10-29,16.23,,,,,,,
JM안성,2019-10-30,16.16,,,,,,,
JM안성,2019-10-31,15.81,,,,,,,
JM안성,2019-11-01,15.87,,,,,,,
JM안성,2019-11-02,15.94,,,,,,,
JM안성,2019-11-03,17.12,,,,,,,
JM안성,2019-11-04,16.14,,,,,,,
JM안성,2019-11-05,16.09,,,,,,,
JM안성,2019-11-06,16.09,,,,,,,
JM안성,2019-11-07,16.05,,,,,,,
JM안성,2019-11-08,16.07,,,,,,,
JM안성,2019-11-09,16.18,,,,,,,
JM안성,2019-11-10,16.25,,,,,,,
JM안성,2019-11-11,16.26,,,,,,,
JM안성,2019-11-12,16.16,,,,,,,
JM안성,2019-11-13,17.31,,,,,,,
JM안성,2019-11-14,17.5,,,,,,,
JM안성,2019-11-15,16.4,,,,,,,
JM안성,2019-11-16,16.27,,,,,,,
JM안성,2019-11-17,16.8,,,,,,,
JM안성,2019-11-18,17.66,,,,,,,
JM안성,2019-11-19,17.91,,,,,,,
JM안성,2019-11-20,18.05,,,,,,,
JM안성,2019-11-21,18.15,,,,,,,
JM안성,2019-11-22,18.24,,,,,,,
JM안성,2019-11-23,18.29,,,,,,,
JM안성,2019-11-24,18.31,,,,,,,
JM안성,2019-11-25,18.3,,,,,,,
JM안성,2019-11-26,18.35,,,,,,,
JM안성,2019-11-27,17.79,,,,,,,
JM안성,2019-11-28,18.29,,,,,,,
JM안성,2019-11-29,18.35,,,,,,,
JM안성,2019-11-30,18.4,,,,,,,
JM안성,2019-12-01,18.48,,,,,,,
JM안성,2019-12-02,18.51,,,,,,,
JM안성,2019-12-03,18.53,,,,,,,
JM안성,2019-12-04,18.54,,,,,,,
JM안성,2019-12-05,18.53,,,,,,,
JM안성,2019-12-06,18.54,,,,,,,
JM안성,2019-12-07,18.55,,,,,,,
JM안성,2019-12-08,18.53,,,,,,,
JM안성,2019-12-09,18.49,,,,,,,
JM안성,2019-12-10,18.45,,,,,,,
JM안성,2019-12-11,17.77,,,,,,,
JM안성,2019-12-12,18.29,,,,,,,
JM안성,2019-12-13,18.33,,,,,,,
JM안성,2019-12-14,18.3,,,,,,,
JM안성,2019-12-15,18.31,,,,,,,
JM안성,2019-12-16,18.31,,,,,,,
JM안성,2019-12-17,18.32,,,,,,,
JM안성,2019-12-18,17.83,,,,,,,
JM안성,2019-12-19,18.26,,,,,,,
JM안성,2019-12-20,18.28,,,,,,,
JM안성,2019-12-21,18.3,,,,,,,
JM안성,2019-12-22,18.32,,,,,,,
JM안성,2019-12-23,18.28,,,,,,,
JM안성,2019-12-24,18.25,,,,,,,
JM안성,2019-12-25,18.26,,,,,,,
JM안성,2019-12-26,18.28,,,,,,,
JM안성,2019-12-27,18.25,,,,,,,
JM안성,2019-12-28,18.23,,,,,,,
JM안성,2019-12-29,18.24,,,,,,,
JM안성,2019-12-30,18.27,,,,,,,
JM안성,2019-12-31,18.22,,,,,,,
JM안성,2020-01-01,18.2,,,,,,,
JM안성,2020-01-02,18.21,,,,,,,
JM안성,2020-01-03,18.21,,,,,,,
JM안성,2020-01-04,18.18,,,,,,,
JM안성,2020-01-05,18.13,,,,,,,
JM안성,2020-01-06,18.16,,,,,,,
JM안성,2020-01-07,18.2,,,,,,,
JM안성,2020-01-08,18.18,,,,,,,
JM안성,2020-01-09,18.14,,,,,,,
JM안성,2020-01-10,18.12,,,,,,,
JM안성,2020-01-11,18.08,,,,,,,
JM안성,2020-01-12,18.03,,,,,,,
JM안성,2020-01-13,18.0,,,,,,,
JM안성,2020-01-14,17.99,,,,,,,
JM안성,2020-01-15,17.96,,,,,,,
JM안성,2020-01-16,17.95,,,,,,,
JM안성,2020-01-17,17.93,,,,,,,
JM안성,2020-01-18,17.87,,,,,,,
JM안성,2020-01-19,17.83,,,,,,,
JM안성,2020-01-20,17.79,,,,,,,
JM안성,2020-01-21,17.74,,,,,,,
JM안성,2020-01-22,17.76,,,,,,,
JM안성,2020-01-23,17.8,,,,,,,
JM안성,2020-01-24,17.79,,,,,,,
JM안성,2020-01-25,17.8,,,,,,,
JM안성,2020-01-26,17.83,,,,,,,
JM안성,2020-01-27,17.9,,,,,,,
JM안성,2020-01-28,17.91,,,,,,,
JM안성,2020-01-29,17.93,,,,,,,
JM안성,2020-01-30,17.95,,,,,,,
JM안성,2020-01-31,17.93,,,,,,,
JM안성,2020-02-01,17.89,,,,,,,
JM안성,2020-02-02,17.87,,,,,,,
JM안성,2020-02-03,17.84,,,,,,,
JM안성,2020-02-04,17.82,,,,,,,
JM안성,2020-02-05,17.76,,,,,,,
JM안성,2020-02-06,17.71,,,,,,,
JM안성,2020-02-07,17.68,,,,,,,
JM안성,2020-02-08,17.64,,,,,,,
JM안성,2020-02-09,17.59,,,,,,,
JM안성,2020-02-10,17.54,,,,,,,
JM안성,2020-02-11,17.5,,,,,,,
JM안성,2020-02-12,17.53,,,,,,,
JM안성,2020-02-13,17.53,,,,,,,
JM안성,2020-02-14,17.52,,,,,,,
JM안성,2020-02-15,17.5,,,,,,,
JM안성,2020-02-16,17.49,,,,,,,
JM안성,2020-02-17,17.48,,,,,,,
JM안성,2020-02-18,17.46,,,,,,,
JM안성,2020-02-19,17.43,,,,,,,
JM안성,2020-02-20,17.39,,,,,,,
JM안성,2020-02-21,17.35,,,,,,,
JM안성,2020-02-22,17.34,,,,,,,
JM안성,2020-02-23,17.29,,,,,,,
JM안성,2020-02-24,17.27,,,,,,,
JM안성,2020-02-25,17.27,,,,,,,
JM안성,2020-02-26,17.23,,,,,,,
JM안성,2020-02-27,17.17,,,,,,,
JM안성,2020-02-28,17.16,,,,,,,
JM안성,2020-02-29,17.18,,,,,,,
JM안성,2020-03-01,17.17,,,,,,,
JM안성,2020-03-02,17.13,,,,,,,
JM안성,2020-03-03,17.08,,,,,,,
JM안성,2020-03-04,17.05,,,,,,,
JM안성,2020-03-05,17.0,,,,,,,
JM안성,2020-03-06,16.98,,,,,,,
JM안성,2020-03-07,16.98,,,,,,,
JM안성,2020-03-08,16.95,,,,,,,
JM안성,2020-03-09,16.94,,,,,,,
JM안성,2020-03-10,16.95,,,,,,,
JM안성,2020-03-11,16.91,,,,,,,
JM안성,2020-03-12,16.89,,,,,,,
JM안성,2020-03-13,16.89,,,,,,,
JM안성,2020-03-14,16.89,,,,,,,
JM안성,2020-03-15,16.88,,,,,,,
JM안성,2020-03-16,16.81,,,,,,,
JM안성,2020-03-17,16.77,,,,,,,
JM안성,2020-03-18,16.73,,,,,,,
JM안성,2020-03-19,16.69,,,,,,,
JM안성,2020-03-20,16.62,,,,,,,
JM안성,2020-03-21,16.57,,,,,,,
JM안성,2020-03-22,16.54,,,,,,,
JM안성,2020-03-23,16.45,,,,,,,
JM안성,2020-03-24,16.42,,,,,,,
JM안성,2020-03-25,16.38,,,,,,,
JM안성,2020-03-26,16.4,,,,,,,
JM안성,2020-03-27,16.51,,,,,,,
JM안성,2020-03-28,16.55,,,,,,,
JM안성,2020-03-29,16.57,,,,,,,
JM안성,2020-03-30,16.58,,,,,,,
JM안성,2020-03-31,16.58,,,,,,,
JM안성,2020-04-01,16.56,,,,,,,
JM안성,2020-04-02,16.51,,,,,,,
JM안성,2020-04-03,16.46,,,,,,,
JM안성,2020-04-04,16.4,,,,,,,
JM안성,2020-04-05,15.99,,,,,,,
JM안성,2020-04-06,16.21,,,,,,,
JM안성,2020-04-07,15.19,,,,,,,
JM안성,2020-04-08,14.74,,,,,,,
JM안성,2020-04-09,13.82,,,,,,,
JM안성,2020-04-10,13.29,,,,,,,
JM안성,2020-04-11,15.33,,,,,,,
JM안성,2020-04-12,15.59,,,,,,,
JM안성,2020-04-13,15.69,,,,,,,
JM안성,2020-04-14,15.74,,,,,,,
JM안성,2020-04-15,15.78,,,,,,,
JM안성,2020-04-16,15.78,,,,,,,
JM안성,2020-04-17,15.81,,,,,,,
JM안성,2020-04-18,15.84,,,,,,,
JM안성,2020-04-19,15.86,,,,,,,
JM안성,2020-04-20,15.87,,,,,,,
JM안성,2020-04-21,15.85,,,,,,,
JM안성,2020-04-22,15.83,,,,,,,
JM안성,2020-04-23,15.8,,,,,,,
JM안성,2020-04-24,15.76,,,,,,,
JM안성,2020-04-25,15.68,,,,,,,
JM안성,2020-04-26,14.3,,,,,,,
JM안성,2020-04-27,15.25,,,,,,,
JM안성,2020-04-28,15.26,,,,,,,
JM안성,2020-04-29,15.15,,,,,,,
JM안성,2020-04-30,15.07,,,,,,,
JM안성,2020-05-01,15.05,,,,,,,
JM안성,2020-05-02,15.13,,,,,,,
JM안성,2020-05-03,15.27,,,,,,,
JM안성,2020-05-04,15.31,,,,,,,
JM안성,2020-05-05,15.34,,,,,,,
JM안성,2020-05-06,15.36,,,,,,,
JM안성,2020-05-07,14.94,,,,,,,
JM안성,2020-05-08,15.27,,,,,,,
JM안성,2020-05-09,15.42,,,,,,,
JM안성,2020-05-10,15.55,,,,,,,
JM안성,2020-05-11,15.64,,,,,,,
JM안성,2020-05-12,15.67,,,,,,,
JM안성,2020-05-13,15.69,,,,,,,
JM안성,2020-05-14,15.72,,,,,,,
JM안성,2020-05-15,15.8,,,,,,,
JM안성,2020-05-16,15.87,,,,,,,
JM안성,2020-05-17,15.91,,,,,,,
JM안성,2020-05-18,15.97,,,,,,,
JM안성,2020-05-19,15.97,,,,,,,
JM안성,2020-05-20,15.93,,,,,,,
JM안성,2020-05-21,15.9,,,,,,,
JM안성,2020-05-22,15.88,,,,,,,
JM안성,2020-05-23,15.84,,,,,,,
JM안성,2020-05-24,15.78,,,,,,,
JM안성,2020-05-25,15.76,,,,,,,
JM안성,2020-05-26,15.75,,,,,,,
JM안성,2020-05-27,15.73,,,,,,,
JM안성,2020-05-28,15.68,,,,,,,
JM안성,2020-05-29,15.61,,,,,,,
JM안성,2020-05-30,15.57,,,,,,,
JM안성,2020-05-31,15.6,,,,,,,
JM안성,2020-06-01,15.6,,,,,,,
JM안성,2020-06-02,15.59,,,,,,,
JM안성,2020-06-03,15.57,,,,,,,
JM안성,2020-06-04,15.53,,,,,,,
JM안성,2020-06-05,15.49,,,,,,,
JM안성,2020-06-06,14.87,,,,,,,
JM안성,2020-06-07,15.32,,,,,,,
JM안성,2020-06-08,15.3,,,,,,,
JM안성,2020-06-09,15.3,,,,,,,
JM안성,2020-06-10,15.31,,,,,,,
JM안성,2020-06-11,15.38,,,,,,,
JM안성,2020-06-12,15.39,,,,,,,
JM안성,2020-06-13,15.47,,,,,,,
JM안성,2020-06-14,15.65,,,,,,,
JM안성,2020-06-15,15.84,,,,,,,
JM안성,2020-06-16,15.97,,,,,,,
JM안성,2020-06-17,16.05,,,,,,,
JM안성,2020-06-18,16.2,,,,,,,
JM안성,2020-06-19,16.3,,,,,,,
JM안성,2020-06-20,16.37,,,,,,,
JM안성,2020-06-21,16.42,,,,,,,
JM안성,2020-06-22,16.43,,,,,,,
JM안성,2020-06-23,16.44,,,,,,,
JM안성,2020-06-24,16.49,,,,,,,
JM안성,2020-06-25,16.68,,,,,,,
JM안성,2020-06-26,16.82,,,,,,,
JM안성,2020-06-27,16.92,,,,,,,
JM안성,2020-06-28,16.97,,,,,,,
JM안성,2020-06-29,17.04,,,,,,,
JM안성,2020-06-30,17.16,,,,,,,
JM안성,2020-07-01,17.19,,,,,,,
JM안성,2020-07-02,17.19,,,,,,,
JM안성,2020-07-03,17.22,,,,,,,
JM안성,2020-07-04,17.3,,,,,,,
JM안성,2020-07-05,17.36,,,,,,,
JM안성,2020-07-06,17.47,,,,,,,
JM안성,2020-07-07,17.71,,,,,,,
JM안성,2020-07-08,18.08,,,,,,,
JM안성,2020-07-09,18.39,,,,,,,
JM안성,2020-07-10,18.66,,,,,,,
JM안성,2020-07-11,18.82,,,,,,,
JM안성,2020-07-12,18.95,,,,,,,
JM안성,2020-07-13,19.04,,,,,,,
JM안성,2020-07-14,19.06,,,,,,,
JM안성,2020-07-15,19.05,,,,,,,
JM안성,2020-07-16,19.02,,,,,,,
JM안성,2020-07-17,18.97,,,,,,,
JM안성,2020-07-18,18.94,,,,,,,
JM안성,2020-07-19,18.92,,,,,,,
JM안성,2020-07-20,18.87,,,,,,,
JM안성,2020-07-21,18.81,,,,,,,
JM안성,2020-07-22,18.77,,,,,,,
JM안성,2020-07-23,18.75,,,,,,,
JM안성,2020-07-24,18.73,,,,,,,
JM안성,2020-07-25,18.66,,,,,,,
JM안성,2020-07-26,18.58,,,,,,,
JM안성,2020-07-27,18.56,,,,,,,
JM안성,2020-07-28,18.61,,,,,,,
JM안성,2020-07-29,18.62,,,,,,,
JM안성,2020-07-30,18.6,,,,,,,
JM안성,2020-07-31,18.58,,,,,,,
JM안성,2020-08-01,18.58,,,,,,,
JM안성,2020-08-02,18.54,,,,,,,
JM안성,2020-08-03,18.49,,,,,,,
JM안성,2020-08-04,18.45,,,,,,,
JM안성,2020-08-05,18.39,,,,,,,
JM안성,2020-08-06,18.37,,,,,,,
JM안성,2020-08-07,18.36,,,,,,,
JM안성,2020-08-08,18.34,,,,,,,
JM안성,2020-08-09,18.31,,,,,,,
JM안성,2020-08-10,18.29,,,,,,,
JM안성,2020-08-11,18.24,,,,,,,
JM안성,2020-08-12,18.21,,,,,,,
JM안성,2020-08-13,18.21,,,,,,,
JM안성,2020-08-14,18.19,,,,,,,
JM안성,2020-08-15,18.13,,,,,,,
JM안성,2020-08-16,18.04,,,,,,,
JM안성,2020-08-17,17.97,,,,,,,
JM안성,2020-08-18,17.89,,,,,,,
JM안성,2020-08-19,17.79,,,,,,,
JM안성,2020-08-20,16.58,,,,,,,
JM안성,2020-08-21,16.15,,,,,,,
JM안성,2020-08-22,17.23,,,,,,,
JM안성,2020-08-23,16.73,,,,,,,
JM안성,2020-08-24,17.32,,,,,,,
JM안성,2020-08-25,17.55,,,,,,,
JM안성,2020-08-26,17.8,,,,,,,
JM안성,2020-08-27,18.01,,,,,,,
JM안성,2020-08-28,18.18,,,,,,,
JM안성,2020-08-29,18.28,,,,,,,
JM안성,2020-08-30,18.35,,,,,,,
JM안성,2020-08-31,18.37,,,,,,,
JM안성,2020-09-01,18.4,,,,,,,
JM안성,2020-09-02,18.52,,,,,,,
JM안성,2020-09-03,18.82,,,,,,,
JM안성,2020-09-04,19.16,,,,,,,
JM안성,2020-09-05,19.46,,,,,,,
JM안성,2020-09-06,19.72,,,,,,,
JM안성,2020-09-07,19.99,,,,,,,
JM안성,2020-09-08,20.12,,,,,,,
JM안성,2020-09-09,20.26,,,,,,,
JM안성,2020-09-10,20.36,,,,,,,
JM안성,2020-09-11,20.42,,,,,,,
JM안성,2020-09-12,20.46,,,,,,,
JM안성,2020-09-13,20.43,,,,,,,
JM안성,2020-09-14,20.43,,,,,,,
JM안성,2020-09-15,20.46,,,,,,,
JM안성,2020-09-16,20.52,,,,,,,
JM안성,2020-09-17,20.59,,,,,,,
JM안성,2020-09-18,20.67,,,,,,,
JM안성,2020-09-19,20.74,,,,,,,
JM안성,2020-09-20,20.8,,,,,,,
JM안성,2020-09-21,20.81,,,,,,,
JM안성,2020-09-22,20.43,,,,,,,
JM안성,2020-09-23,20.69,,,,,,,
JM안성,2020-09-24,20.74,,,,,,,
JM안성,2020-09-25,20.71,,,,,,,
JM안성,2020-09-26,20.21,,,,,,,
JM안성,2020-09-27,19.13,,,,,,,
JM안성,2020-09-28,18.98,,,,,,,
JM안성,2020-09-29,18.73,,,,,,,
JM안성,2020-09-30,18.58,,,,,,,
JM안성,2020-10-01,19.02,,,,,,,
JM안성,2020-10-02,18.39,,,,,,,
JM안성,2020-10-03,18.24,,,,,,,
JM안성,2020-10-04,18.15,,,,,,,
JM안성,2020-10-05,18.02,,,,,,,
JM안성,2020-10-06,17.45,,,,,,,
JM안성,2020-10-07,16.75,,,,,,,
JM안성,2020-10-08,17.02,,,,,,,
JM안성,2020-10-09,16.57,,,,,,,
JM안성,2020-10-10,16.77,,,,,,,
JM안성,2020-10-11,15.67,,,,,,,
JM안성,2020-10-12,15.64,,,,,,,
JM안성,2020-10-13,15.63,,,,,,,
JM안성,2020-10-14,16.0,,,,,,,
JM안성,2020-10-15,16.37,,,,,,,
JM안성,2020-10-16,15.57,,,,,,,
JM안성,2020-10-17,15.78,,,,,,,
JM안성,2020-10-18,16.06,,,,,,,
JM안성,2020-10-19,16.95,,,,,,,
JM안성,2020-10-20,17.09,,,,,,,
JM안성,2020-10-21,17.54,,,,,,,
JM안성,2020-10-22,18.8,,,,,,,
JM안성,2020-10-23,19.2,,,,,,,
JM안성,2020-10-24,19.4,,,,,,,
JM안성,2020-10-25,19.48,,,,,,,
JM안성,2020-10-26,19.52,,,,,,,
JM안성,2020-10-27,18.42,,,,,,,
JM안성,2020-10-28,17.95,,,,,,,
JM안성,2020-10-29,19.11,,,,,,,
JM안성,2020-10-30,17.98,,,,,,,
JM안성,2020-10-31,19.03,,,,,,,
JM안성,2020-11-01,19.19,,,,,,,
JM안성,2020-11-02,19.19,,,,,,,
JM안성,2020-11-03,19.3,,,,,,,
JM안성,2020-11-04,19.37,,,,,,,
JM안성,2020-11-05,18.56,,,,,,,
JM안성,2020-11-06,18.19,,,,,,,
JM안성,2020-11-07,18.06,,,,,,,
JM안성,2020-11-08,18.99,,,,,,,
JM안성,2020-11-09,18.07,,,,,,,
JM안성,2020-11-10,17.82,,,,,,,
JM안성,2020-11-11,17.73,,,,,,,
JM안성,2020-11-12,17.65,,,,,,,
JM안성,2020-11-13,17.55,,,,,,,
JM안성,2020-11-14,17.59,,,,,,,
JM안성,2020-11-15,18.72,,,,,,,
JM안성,2020-11-16,19.05,,,,,,,
JM안성,2020-11-17,18.67,,,,,,,
JM안성,2020-11-18,19.26,,,,,,,
JM안성,2020-11-19,19.41,,,,,,,
JM안성,2020-11-20,18.53,,,,,,,
JM안성,2020-11-21,19.26,,,,,,,
JM안성,2020-11-22,19.31,,,,,,,
JM안성,2020-11-23,18.27,,,,,,,
JM안성,2020-11-24,18.03,,,,,,,
JM안성,2020-11-25,17.9,,,,,,,
JM안성,2020-11-26,18.8,,,,,,,
JM안성,2020-11-27,18.94,,,,,,,
JM안성,2020-11-28,18.96,,,,,,,
JM안성,2020-11-29,18.97,,,,,,,
JM안성,2020-11-30,17.83,,,,,,,
JM안성,2020-12-01,18.09,,,,,,,
JM안성,2020-12-02,18.28,,,,,,,
JM안성,2020-12-03,18.74,,,,,,,
JM안성,2020-12-04,17.69,,,,,,,
JM안성,2020-12-05,17.38,,,,,,,
JM안성,2020-12-06,18.38,,,,,,,
JM안성,2020-12-07,18.48,,,,,,,
JM안성,2020-12-08,17.42,,,,,,,
JM안성,2020-12-09,17.29,,,,,,,
JM안성,2020-12-10,18.3,,,,,,,
JM안성,2020-12-11,18.48,,,,,,,
JM안성,2020-12-12,18.52,,,,,,,
JM안성,2020-12-13,18.01,,,,,,,
JM안성,2020-12-14,17.34,,,,,,,
JM안성,2020-12-15,18.35,,,,,,,
JM안성,2020-12-16,18.57,,,,,,,
JM안성,2020-12-17,18.64,,,,,,,
JM안성,2020-12-18,18.06,,,,,,,
JM안성,2020-12-19,18.59,,,,,,,
JM안성,2020-12-20,18.62,,,,,,,
JM안성,2020-12-21,18.64,,,,,,,
JM안성,2020-12-22,18.66,,,,,,,
JM안성,2020-12-23,18.64,,,,,,,
JM안성,2020-12-24,18.61,,,,,,,
JM안성,2020-12-25,18.51,,,,,,,
JM안성,2020-12-26,18.48,,,,,,,
JM안성,2020-12-27,18.48,,,,,,,
JM안성,2020-12-28,18.5,,,,,,,
JM안성,2020-12-29,18.56,,,,,,,
JM안성,2020-12-30,18.56,,,,,,,
JM안성,2020-12-31,18.56,,,,,,,
JM안성,2021-01-01,18.56,,,,,,,
JM안성,2021-01-02,18.56,,,,,,,
JM안성,2021-01-03,18.53,,,,,,,
JM안성,2021-01-04,18.52,,,,,,,
JM안성,2021-01-05,18.51,,,,,,,
JM안성,2021-01-06,18.49,,,,,,,
JM안성,2021-01-07,18.47,,,,,,,
JM안성,2021-01-08,18.46,,,,,,,
JM안성,2021-01-09,18.43,,,,,,,
JM안성,2021-01-10,18.39,,,,,,,
JM안성,2021-01-11,18.35,,,,,,,
JM안성,2021-01-12,18.39,,,,,,,
JM안성,2021-01-13,18.42,,,,,,,
JM안성,2021-01-14,18.4,,,,,,,
JM안성,2021-01-15,18.39,,,,,,,
JM안성,2021-01-16,18.36,,,,,,,
JM안성,2021-01-17,18.34,,,,,,,
JM안성,2021-01-18,18.35,,,,,,,
JM안성,2021-01-19,18.31,,,,,,,
JM안성,2021-01-20,18.28,,,,,,,
JM안성,2021-01-21,18.27,,,,,,,
JM안성,2021-01-22,18.27,,,,,,,
JM안성,2021-01-23,18.26,,,,,,,
JM안성,2021-01-24,18.22,,,,,,,
JM안성,2021-01-25,18.21,,,,,,,
JM안성,2021-01-26,17.95,,,,,,,
JM안성,2021-01-27,18.15,,,,,,,
JM안성,2021-01-28,18.18,,,,,,,
JM안성,2021-01-29,18.15,,,,,,,
JM안성,2021-01-30,18.12,,,,,,,
JM안성,2021-01-31,18.08,,,,,,,
JM안성,2021-02-01,18.12,,,,,,,
JM안성,2021-02-02,18.11,,,,,,,
JM안성,2021-02-03,18.1,,,,,,,
JM안성,2021-02-04,18.05,,,,,,,
JM안성,2021-02-05,18.07,,,,,,,
JM안성,2021-02-06,18.06,,,,,,,
JM안성,2021-02-07,18.0,,,,,,,
JM안성,2021-02-08,17.87,,,,,,,
JM안성,2021-02-09,17.8,,,,,,,
JM안성,2021-02-10,17.84,,,,,,,
JM안성,2021-02-11,17.81,,,,,,,
JM안성,2021-02-12,17.73,,,,,,,
JM안성,2021-02-13,17.75,,,,,,,
JM안성,2021-02-14,17.73,,,,,,,
JM안성,2021-02-15,17.09,,,,,,,
JM안성,2021-02-16,17.12,,,,,,,
JM안성,2021-02-17,17.32,,,,,,,
JM안성,2021-02-18,17.45,,,,,,,
JM안성,2021-02-19,17.49,,,,,,,
JM안성,2021-02-20,17.44,,,,,,,
JM안성,2021-02-21,17.46,,,,,,,
JM안성,2021-02-22,17.36,,,,,,,
JM안성,2021-02-23,17.27,,,,,,,
JM안성,2021-02-24,17.25,,,,,,,
JM안성,2021-02-25,17.29,,,,,,,
JM안성,2021-02-26,17.24,,,,,,,
JM안성,2021-02-27,17.2,,,,,,,
JM안성,2021-02-28,17.21,,,,,,,
JM안성,2021-03-01,17.25,,,,,,,
JM안성,2021-03-02,17.15,,,,,,,
JM안성,2021-03-03,17.16,,,,,,,
JM안성,2021-03-04,17.16,,,,,,,
JM안성,2021-03-05,17.2,,,,,,,
JM안성,2021-03-06,17.2,,,,,,,
JM안성,2021-03-07,17.08,,,,,,,
JM안성,2021-03-08,17.16,,,,,,,
JM안성,2021-03-09,17.13,,,,,,,
JM안성,2021-03-10,16.97,,,,,,,
JM안성,2021-03-11,17.01,,,,,,,
JM안성,2021-03-12,16.97,,,,,,,
JM안성,2021-03-13,17.02,,,,,,,
JM안성,2021-03-14,17.0,,,,,,,
JM안성,2021-03-15,17.07,,,,,,,
JM안성,2021-03-16,17.02,,,,,,,
JM안성,2021-03-17,17.04,,,,,,,
JM안성,2021-03-18,17.01,,,,,,,
JM안성,2021-03-19,16.94,,,,,,,
JM안성,2021-03-20,17.01,,,,,,,
JM안성,2021-03-21,16.98,,,,,,,
JM안성,2021-03-22,16.89,,,,,,,
JM안성,2021-03-23,16.51,,,,,,,
JM안성,2021-03-24,16.28,,,,,,,
JM안성,2021-03-25,16.64,,,,,,,
JM안성,2021-03-26,16.61,,,,,,,
JM안성,2021-03-27,16.46,,,,,,,
JM안성,2021-03-28,16.73,,,,,,,
JM안성,2021-03-29,16.7,,,,,,,
JM안성,2021-03-30,16.68,,,,,,,
JM안성,2021-03-31,16.71,,,,,,,
JM안성,2021-04-01,16.67,,,,,,,
JM안성,2021-04-02,16.67,,,,,,,
JM안성,2021-04-03,16.69,,,,,,,
JM안성,2021-04-04,16.75,,,,,,,
JM안성,2021-04-05,16.72,,,,,,,
JM안성,2021-04-06,16.59,,,,,,,
JM안성,2021-04-07,16.59,,,,,,,
JM안성,2021-04-08,16.48,,,,,,,
JM안성,2021-04-09,16.43,,,,,,,
JM안성,2021-04-10,16.44,,,,,,,
JM안성,2021-04-11,16.41,,,,,,,
JM안성,2021-04-12,16.39,,,,,,,
JM안성,2021-04-13,16.55,,,,,,,
JM안성,2021-04-14,16.82,,,,,,,
JM안성,2021-04-15,16.84,,,,,,,
JM안성,2021-04-16,16.86,,,,,,,
JM안성,2021-04-17,16.86,,,,,,,
JM안성,2021-04-18,16.84,,,,,,,
JM안성,2021-04-19,16.69,,,,,,,
JM안성,2021-04-20,16.71,,,,,,,
JM안성,2021-04-21,15.53,,,,,,,
JM안성,2021-04-22,15.23,,,,,,,
JM안성,2021-04-23,16.06,,,,,,,
JM안성,2021-04-24,15.89,,,,,,,
JM안성,2021-04-25,14.57,,,,,,,
JM안성,2021-04-26,15.55,,,,,,,
JM안성,2021-04-27,15.6,,,,,,,
JM안성,2021-04-28,15.36,,,,,,,
JM안성,2021-04-29,14.62,,,,,,,
JM안성,2021-04-30,14.35,,,,,,,
JM안성,2021-05-01,15.43,,,,,,,
JM안성,2021-05-02,15.64,,,,,,,
JM안성,2021-05-03,15.61,,,,,,,
JM안성,2021-05-04,15.7,,,,,,,
JM안성,2021-05-05,15.83,,,,,,,
JM안성,2021-05-06,15.85,,,,,,,
JM안성,2021-05-07,16.02,,,,,,,
JM안성,2021-05-08,15.04,,,,,,,
JM안성,2021-05-09,15.08,,,,,,,
JM안성,2021-05-10,15.87,,,,,,,
JM안성,2021-05-11,15.92,,,,,,,
JM안성,2021-05-12,15.78,,,,,,,
JM안성,2021-05-13,15.87,,,,,,,
JM안성,2021-05-14,15.97,,,,,,,
JM안성,2021-05-15,16.03,,,,,,,
JM안성,2021-05-16,16.03,,,,,,,
JM안성,2021-05-17,16.14,,,,,,,
JM안성,2021-05-18,16.07,,,,,,,
JM안성,2021-05-19,16.01,,,,,,,
JM안성,2021-05-20,16.08,,,,,,,
JM안성,2021-05-21,16.08,,,,,,,
JM안성,2021-05-22,16.11,,,,,,,
JM안성,2021-05-23,16.01,,,,,,,
JM안성,2021-05-24,16.0,,,,,,,
JM안성,2021-05-25,15.95,,,,,,,
JM안성,2021-05-26,16.0,,,,,,,
JM안성,2021-05-27,16.01,,,,,,,
JM안성,2021-05-28,16.02,,,,,,,
JM안성,2021-05-29,15.93,,,,,,,
JM안성,2021-05-30,15.25,,,,,,,
JM안성,2021-05-31,15.67,,,,,,,
JM안성,2021-06-01,15.31,,,,,,,
JM안성,2021-06-02,15.75,,,,,,,
JM안성,2021-06-03,15.8,,,,,,,
JM안성,2021-06-04,15.8,,,,,,,
JM안성,2021-06-05,15.72,,,,,,,
JM안성,2021-06-06,15.8,,,,,,,
JM안성,2021-06-07,15.79,,,,,,,
JM안성,2021-06-08,15.64,,,,,,,
JM안성,2021-06-09,15.6,,,,,,,
JM안성,2021-06-10,15.7,,,,,,,
JM안성,2021-06-11,15.81,,,,,,,
JM안성,2021-06-12,15.99,,,,,,,
JM안성,2021-06-13,16.0,,,,,,,
JM안성,2021-06-14,16.07,,,,,,,
JM안성,2021-06-15,16.3,,,,,,,
JM안성,2021-06-16,16.35,,,,,,,
JM안성,2021-06-17,16.55,,,,,,,
JM안성,2021-06-18,16.62,,,,,,,
JM안성,2021-06-19,16.64,,,,,,,
JM안성,2021-06-20,16.52,,,,,,,
JM안성,2021-06-21,16.46,,,,,,,
JM안성,2021-06-22,16.47,,,,,,,
JM안성,2021-06-23,16.45,,,,,,,
JM안성,2021-06-24,16.21,,,,,,,
JM안성,2021-06-25,16.35,,,,,,,
JM안성,2021-06-26,16.19,,,,,,,
JM안성,2021-06-27,16.18,,,,,,,
JM안성,2021-06-28,16.12,,,,,,,
JM안성,2021-06-29,16.03,,,,,,,
JM안성,2021-06-30,16.13,,,,,,,
JM안성,2021-07-01,16.05,,,,,,,
JM안성,2021-07-02,16.06,,,,,,,
JM안성,2021-07-03,16.03,,,,,,,
JM안성,2021-07-04,16.1,,,,,,,
JM안성,2021-07-05,16.29,,,,,,,
JM안성,2021-07-06,16.21,,,,,,,
JM안성,2021-07-07,16.42,,,,,,,
JM안성,2021-07-08,16.5,,,,,,,
JM안성,2021-07-09,16.55,,,,,,,
JM안성,2021-07-10,16.43,,,,,,,
JM안성,2021-07-11,16.45,,,,,,,
JM안성,2021-07-12,16.45,,,,,,,
JM안성,2021-07-13,16.44,,,,,,,
JM안성,2021-07-14,16.39,,,,,,,
JM안성,2021-07-15,16.31,,,,,,,
JM안성,2021-07-16,16.35,,,,,,,
JM안성,2021-07-17,16.19,,,,,,,
JM안성,2021-07-18,16.27,,,,,,,
JM안성,2021-07-19,16.27,,,,,,,
JM안성,2021-07-20,16.23,,,,,,,
JM안성,2021-07-21,16.17,,,,,,,
JM안성,2021-07-22,16.22,,,,,,,
JM안성,2021-07-23,16.07,,,,,,,
JM안성,2021-07-24,15.99,,,,,,,
JM안성,2021-07-25,16.07,,,,,,,
JM안성,2021-07-26,16.06,,,,,,,
JM안성,2021-07-27,15.95,,,,,,,
JM안성,2021-07-28,16.04,,,,,,,
JM안성,2021-07-29,15.87,,,,,,,
JM안성,2021-07-30,15.74,,,,,,,
JM안성,2021-07-31,15.9,,,,,,,
JM안성,2021-08-01,16.0,,,,,,,
JM안성,2021-08-02,16.01,,,,,,,
JM안성,2021-08-03,15.98,,,,,,,
JM안성,2021-08-04,15.94,,,,,,,
JM안성,2021-08-05,15.89,,,,,,,
JM안성,2021-08-06,15.92,,,,,,,
JM안성,2021-08-07,15.85,,,,,,,
JM안성,2021-08-08,15.76,,,,,,,
JM안성,2021-08-09,15.72,,,,,,,
JM안성,2021-08-10,15.7,,,,,,,
JM안성,2021-08-11,15.75,,,,,,,
JM안성,2021-08-12,15.83,,,,,,,
JM안성,2021-08-13,15.96,,,,,,,
JM안성,2021-08-14,16.1,,,,,,,
JM안성,2021-08-15,16.2,,,,,,,
JM안성,2021-08-16,16.29,,,,,,,
JM안성,2021-08-17,16.3,,,,,,,
JM안성,2021-08-18,16.26,,,,,,,
JM안성,2021-08-19,16.33,,,,,,,
JM안성,2021-08-20,16.26,,,,,,,
JM안성,2021-08-21,16.25,,,,,,,
JM안성,2021-08-22,16.22,,,,,,,
JM안성,2021-08-23,16.52,,,,,,,
JM안성,2021-08-24,16.67,,,,,,,
JM안성,2021-08-25,16.81,,,,,,,
JM안성,2021-08-26,16.88,,,,,,,
JM안성,2021-08-27,16.87,,,,,,,
JM안성,2021-08-28,16.93,,,,,,,
JM안성,2021-08-29,16.95,,,,,,,
JM안성,2021-08-30,16.83,,,,,,,
JM안성,2021-08-31,16.79,,,,,,,
JM안성,2021-09-01,16.72,,,,,,,
JM안성,2021-09-02,16.69,,,,,,,
JM안성,2021-09-03,16.85,,,,,,,
JM안성,2021-09-04,17.1,,,,,,,
JM안성,2021-09-05,17.1,,,,,,,
JM안성,2021-09-06,17.27,,,,,,,
JM안성,2021-09-07,17.29,,,,,,,
JM안성,2021-09-08,17.24,,,,,,,
JM안성,2021-09-09,17.18,,,,,,,
JM안성,2021-09-10,17.15,,,,,,,
JM안성,2021-09-11,17.24,,,,,,,
JM안성,2021-09-12,17.17,,,,,,,
JM안성,2021-09-13,17.14,,,,,,,
JM안성,2021-09-14,17.3,,,,,,,
JM안성,2021-09-15,17.48,,,,,,,
JM안성,2021-09-16,17.63,,,,,,,
JM안성,2021-09-17,17.86,,,,,,,
JM안성,2021-09-18,17.95,,,,,,,
JM안성,2021-09-19,18.18,,,,,,,
JM안성,2021-09-20,18.17,,,,,,,
JM안성,2021-09-21,18.33,,,,,,,
JM안성,2021-09-22,18.34,,,,,,,
JM안성,2021-09-23,18.26,,,,,,,
JM안성,2021-09-24,18.19,,,,,,,
JM안성,2021-09-25,17.2,,,,,,,
JM안성,2021-09-26,16.51,,,,,,,
JM안성,2021-09-27,16.18,,,,,,,
JM안성,2021-09-28,16.14,,,,,,,
JM안성,2021-09-29,16.61,,,,,,,
JM안성,2021-09-30,16.28,,,,,,,
JM안성,2021-10-01,15.51,,,,,,,
JM안성,2021-10-02,15.29,,,,,,,
JM안성,2021-10-03,15.01,,,,,,,
JM안성,2021-10-04,14.85,,,,,,,
JM안성,2021-10-05,14.43,,,,,,,
JM안성,2021-10-06,14.49,,,,,,,
JM안성,2021-10-07,14.5,,,,,,,
JM안성,2021-10-08,14.12,,,,,,,
JM안성,2021-10-09,15.57,,,,,,,
JM안성,2021-10-10,16.21,,,,,,,
JM안성,2021-10-11,16.14,,,,,,,
JM안성,2021-10-12,16.42,,,,,,,
JM안성,2021-10-13,15.29,,,,,,,
JM안성,2021-10-14,15.07,,,,,,,
JM안성,2021-10-15,15.43,,,,,,,
JM안성,2021-10-16,15.21,,,,,,,
JM안성,2021-10-17,16.01,,,,,,,
JM안성,2021-10-18,15.92,,,,,,,
JM안성,2021-10-19,14.91,,,,,,,
JM안성,2021-10-20,14.6,,,,,,,
JM안성,2021-10-21,14.78,,,,,,,
JM안성,2021-10-22,14.51,,,,,,,
JM안성,2021-10-23,14.57,,,,,,,
JM안성,2021-10-24,14.02,,,,,,,
JM안성,2021-10-25,13.72,,,,,,,
JM안성,2021-10-26,13.43,,,,,,,
JM안성,2021-10-27,13.66,,,,,,,
JM안성,2021-10-28,13.36,,,,,,,
JM안성,2021-10-29,13.94,,,,,,,
JM안성,2021-10-30,14.24,,,,,,,
JM안성,2021-10-31,14.01,,,,,,,
JM안성,2021-11-01,14.37,,,,,,,
JM안성,2021-11-02,14.56,,,,,,,
JM안성,2021-11-03,14.43,,,,,,,
JM안성,2021-11-04,14.62,,,,,,,
JM안성,2021-11-05,15.18,,,,,,,
JM안성,2021-11-06,14.67,,,,,,,
JM안성,2021-11-07,14.36,,,,,,,
JM안성,2021-11-08,14.77,,,,,,,
JM안성,2021-11-09,15.75,,,,,,,
JM안성,2021-11-10,15.96,,,,,,,
JM안성,2021-11-11,16.21,,,,,,,
JM안성,2021-11-12,16.21,,,,,,,
JM안성,2021-11-13,16.29,,,,,,,
JM안성,2021-11-14,16.34,,,,,,,
JM안성,2021-11-15,16.29,,,,,,,
JM안성,2021-11-16,15.96,,,,,,,
JM안성,2021-11-17,16.29,,,,,,,
JM안성,2021-11-18,16.27,,,,,,,
JM안성,2021-11-19,16.18,,,,,,,
JM안성,2021-11-20,16.24,,,,,,,
JM안성,2021-11-21,15.7,,,,,,,
JM안성,2021-11-22,15.58,,,,,,,
JM안성,2021-11-23,15.57,,,,,,,
JM안성,2021-11-24,15.44,,,,,,,
JM안성,2021-11-25,15.32,,,,,,,
JM안성,2021-11-26,15.08,,,,,,,
JM안성,2021-11-27,15.69,,,,,,,
JM안성,2021-11-28,14.96,,,,,,,
JM안성,2021-11-29,15.66,,,,,,,
JM안성,2021-11-30,15.94,,,,,,,
JM안성,2021-12-01,15.98,,,,,,,
JM안성,2021-12-02,16.1,,,,,,,
JM안성,2021-12-03,16.17,,,,,,,
JM안성,2021-12-04,16.16,,,,,,,
JM안성,2021-12-05,16.15,,,,,,,
JM안성,2021-12-06,16.16,,,,,,,
JM안성,2021-12-07,16.2,,,,,,,
JM안성,2021-12-08,16.2,,,,,,,
JM안성,2021-12-09,16.12,,,,,,,
JM안성,2021-12-10,16.1,,,,,,,
JM안성,2021-12-11,15.78,,,,,,,
JM안성,2021-12-12,16.01,,,,,,,
JM안성,2021-12-13,16.03,,,,,,,
JM안성,2021-12-14,16.06,,,,,,,
JM안성,2021-12-15,16.02,,,,,,,
JM안성,2021-12-16,16.02,,,,,,,
JM안성,2021-12-17,15.99,,,,,,,
JM안성,2021-12-18,15.96,,,,,,,
JM안성,2021-12-19,15.94,,,,,,,
JM안성,2021-12-20,15.98,,,,,,,
JM안성,2021-12-21,15.95,,,,,,,
JM안성,2021-12-22,15.92,,,,,,,
JM안성,2021-12-23,15.81,,,,,,,
JM안성,2021-12-24,15.88,,,,,,,
JM안성,2021-12-25,15.77,,,,,,,
JM안성,2021-12-26,15.75,,,,,,,
JM안성,2021-12-27,15.81,,,,,,,
JM안성,2021-12-28,15.73,,,,,,,
JM안성,2021-12-29,15.75,,,,,,,
JM안성,2021-12-30,15.76,,,,,,,
JM안성,2021-12-31,15.65,,,,,,,
JM안성,2022-01-01,15.66,,,,,,,
JM안성,2022-01-02,15.36,,,,,,,
JM안성,2022-01-03,15.54,,,,,,,
JM안성,2022-01-04,14.83,,,,,,,
JM안성,2022-01-05,15.41,,,,,,,
JM안성,2022-01-06,15.52,,,,,,,
JM안성,2022-01-07,15.53,,,,,,,
JM안성,2022-01-08,15.53,,,,,,,
JM안성,2022-01-09,15.53,,,,,,,
JM안성,2022-01-10,15.53,,,,,,,
JM안성,2022-01-11,15.56,,,,,,,
JM안성,2022-01-12,15.51,,,,,,,
JM안성,2022-01-13,15.5,,,,,,,
JM안성,2022-01-14,15.49,,,,,,,
JM안성,2022-01-15,15.43,,,,,,,
JM안성,2022-01-16,15.42,,,,,,,
JM안성,2022-01-17,15.35,,,,,,,
JM안성,2022-01-18,15.31,,,,,,,
JM안성,2022-01-19,15.29,,,,,,,
JM안성,2022-01-20,15.33,,,,,,,
JM안성,2022-01-21,15.29,,,,,,,
JM안성,2022-01-22,15.26,,,,,,,
JM안성,2022-01-23,15.3,,,,,,,
JM안성,2022-01-24,15.31,,,,,,,
JM안성,2022-01-25,15.29,,,,,,,
JM안성,2022-01-26,15.27,,,,,,,
JM안성,2022-01-27,15.2,,,,,,,
JM안성,2022-01-28,15.22,,,,,,,
JM안성,2022-01-29,15.23,,,,,,,
JM안성,2022-01-30,15.16,,,,,,,
JM안성,2022-01-31,15.04,,,,,,,
JM안성,2022-02-01,15.07,,,,,,,
JM안성,2022-02-02,15.02,,,,,,,
JM안성,2022-02-03,15.04,,,,,,,
JM안성,2022-02-04,15.01,,,,,,,
JM안성,2022-02-05,14.97,,,,,,,
JM안성,2022-02-06,14.94,,,,,,,
JM안성,2022-02-07,14.84,,,,,,,
JM안성,2022-02-08,14.87,,,,,,,
JM안성,2022-02-09,14.76,,,,,,,
JM안성,2022-02-10,14.75,,,,,,,
JM안성,2022-02-11,14.76,,,,,,,
JM안성,2022-02-12,14.75,,,,,,,
JM안성,2022-02-13,14.11,,,,,,,
JM안성,2022-02-14,13.56,,,,,,,
JM안성,2022-02-15,14.01,,,,,,,
JM안성,2022-02-16,14.0,,,,,,,
JM안성,2022-02-17,14.36,,,,,,,
JM안성,2022-02-18,14.48,,,,,,,
JM안성,2022-02-19,14.54,,,,,,,
JM안성,2022-02-20,14.53,,,,,,,
JM안성,2022-02-21,14.53,,,,,,,
JM안성,2022-02-22,14.44,,,,,,,
JM안성,2022-02-23,14.44,,,,,,,
JM안성,2022-02-24,13.61,,,,,,,
JM안성,2022-02-25,14.24,,,,,,,
JM안성,2022-02-26,14.16,,,,,,,
JM안성,2022-02-27,13.35,,,,,,,
JM안성,2022-02-28,13.25,,,,,,,
JM안성,2022-03-01,13.21,,,,,,,
JM안성,2022-03-02,12.74,,,,,,,
JM안성,2022-03-03,12.56,,,,,,,
JM안성,2022-03-04,12.78,,,,,,,
JM안성,2022-03-05,13.56,,,,,,,
JM안성,2022-03-06,13.42,,,,,,,
JM안성,2022-03-07,13.37,,,,,,,
JM안성,2022-03-08,12.87,,,,,,,
JM안성,2022-03-09,13.47,,,,,,,
JM안성,2022-03-10,13.53,,,,,,,
JM안성,2022-03-11,13.0,,,,,,,
JM안성,2022-03-12,13.38,,,,,,,
JM안성,2022-03-13,13.57,,,,,,,
JM안성,2022-03-14,13.6,,,,,,,
JM안성,2022-03-15,13.59,,,,,,,
JM안성,2022-03-16,13.7,,,,,,,
JM안성,2022-03-17,13.71,,,,,,,
JM안성,2022-03-18,13.85,,,,,,,
JM안성,2022-03-19,13.8,,,,,,,
JM안성,2022-03-20,13.87,,,,,,,
JM안성,2022-03-21,13.94,,,,,,,
JM안성,2022-03-22,13.98,,,,,,,
JM안성,2022-03-23,13.98,,,,,,,
JM안성,2022-03-24,13.95,,,,,,,
JM안성,2022-03-25,13.87,,,,,,,
JM안성,2022-03-26,14.01,,,,,,,
JM안성,2022-03-27,14.06,,,,,,,
JM안성,2022-03-28,14.04,,,,,,,
JM안성,2022-03-29,14.0,,,,,,,
JM안성,2022-03-30,14.0,,,,,,,
JM안성,2022-03-31,13.69,,,,,,,
JM안성,2022-04-01,13.84,,,,,,,
JM안성,2022-04-02,13.88,,,,,,,
JM안성,2022-04-03,13.82,,,,,,,
JM안성,2022-04-04,13.68,,,,,,,
JM안성,2022-04-05,12.75,,,,,,,
JM안성,2022-04-06,12.37,,,,,,,
JM안성,2022-04-07,12.22,,,,,,,
JM안성,2022-04-08,11.96,,,,,,,
JM안성,2022-04-09,12.87,,,,,,,
JM안성,2022-04-10,12.27,,,,,,,
JM안성,2022-04-11,12.2,,,,,,,
JM안성,2022-04-12,12.11,,,,,,,
JM안성,2022-04-13,13.06,,,,,,,
JM안성,2022-04-14,13.2,,,,,,,
JM안성,2022-04-15,13.36,,,,,,,
JM안성,2022-04-16,13.29,,,,,,,
JM안성,2022-04-17,13.26,,,,,,,
JM안성,2022-04-18,13.24,,,,,,,
JM안성,2022-04-19,13.2,,,,,,,
JM안성,2022-04-20,12.99,,,,,,,
JM안성,2022-04-21,12.51,,,,,,,
JM안성,2022-04-22,12.95,,,,,,,
JM안성,2022-04-23,12.47,,,,,,,
JM안성,2022-04-24,13.02,,,,,,,
JM안성,2022-04-25,13.17,,,,,,,
JM안성,2022-04-26,13.27,,,,,,,
JM안성,2022-04-27,13.42,,,,,,,
JM안성,2022-04-28,13.37,,,,,,,
JM안성,2022-04-29,13.7,,,,,,,
JM안성,2022-04-30,13.75,,,,,,,
JM안성,2022-05-01,13.69,,,,,,,
JM안성,2022-05-02,13.85,,,,,,,
JM안성,2022-05-03,13.47,,,,,,,
JM안성,2022-05-04,13.23,,,,,,,
JM안성,2022-05-05,13.31,,,,,,,
JM안성,2022-05-06,12.3,,,,,,,
JM안성,2022-05-07,12.44,,,,,,,
JM안성,2022-05-08,11.75,,,,,,,
JM안성,2022-05-09,12.02,,,,,,,
JM안성,2022-05-10,12.7,,,,,,,
JM안성,2022-05-11,12.51,,,,,,,
JM안성,2022-05-12,12.44,,,,,,,
JM안성,2022-05-13,12.77,,,,,,,
JM안성,2022-05-14,13.14,,,,,,,
JM안성,2022-05-15,12.93,,,,,,,
JM안성,2022-05-16,12.95,,,,,,,
JM안성,2022-05-17,13.0,,,,,,,
JM안성,2022-05-18,12.38,,,,,,,
JM안성,2022-05-19,12.66,,,,,,,
JM안성,2022-05-20,12.98,,,,,,,
JM안성,2022-05-21,13.0,,,,,,,
JM안성,2022-05-22,12.8,,,,,,,
JM안성,2022-05-23,12.68,,,,,,,
JM안성,2022-05-24,12.71,,,,,,,
JM안성,2022-05-25,12.0,,,,,,,
JM안성,2022-05-26,11.62,,,,,,,
JM안성,2022-05-27,12.17,,,,,,,
JM안성,2022-05-28,12.12,,,,,,,
JM안성,2022-05-29,12.6,,,,,,,
JM안성,2022-05-30,12.65,,,,,,,
JM안성,2022-05-31,12.53,,,,,,,
JM안성,2022-06-01,12.67,,,,,,,
JM안성,2022-06-02,11.09,,,,,,,
JM안성,2022-06-03,12.09,,,,,,,
JM안성,2022-06-04,12.32,,,,,,,
JM안성,2022-06-05,12.66,,,,,,,
JM안성,2022-06-06,12.87,,,,,,,
JM안성,2022-06-07,12.95,,,,,,,
JM안성,2022-06-08,12.92,,,,,,,
JM안성,2022-06-09,13.07,,,,,,,
JM안성,2022-06-10,12.87,,,,,,,
JM안성,2022-06-11,12.95,,,,,,,
JM안성,2022-06-12,13.09,,,,,,,
JM안성,2022-06-13,13.09,,,,,,,
JM안성,2022-06-14,13.1,,,,,,,
JM안성,2022-06-15,13.14,,,,,,,
JM안성,2022-06-16,13.09,,,,,,,
JM안성,2022-06-17,12.85,,,,,,,
JM안성,2022-06-18,12.89,,,,,,,
JM안성,2022-06-19,12.97,,,,,,,
JM안성,2022-06-20,12.99,,,,,,,
JM안성,2022-06-21,12.96,,,,,,,
JM안성,2022-06-22,12.76,,,,,,,
JM안성,2022-06-23,12.92,,,,,,,
JM안성,2022-06-24,13.0,,,,,,,
JM안성,2022-06-25,13.27,,,,,,,
JM안성,2022-06-26,13.41,,,,,,,
JM안성,2022-06-27,13.53,,,,,,,
JM안성,2022-06-28,13.63,,,,,,,
JM안성,2022-06-29,13.67,,,,,,,
JM안성,2022-06-30,13.42,,,,,,,
JM안성,2022-07-01,13.58,,,,,,,
JM안성,2022-07-02,13.54,,,,,,,
JM안성,2022-07-03,13.42,,,,,,,
JM안성,2022-07-04,13.44,,,,,,,
JM안성,2022-07-05,13.0,,,,,,,
JM안성,2022-07-06,13.12,,,,,,,
JM안성,2022-07-07,13.04,,,,,,,
JM안성,2022-07-08,12.91,,,,,,,
JM안성,2022-07-09,13.06,,,,,,,
JM안성,2022-07-10,12.83,,,,,,,
JM안성,2022-07-11,13.04,,,,,,,
JM안성,2022-07-12,13.15,,,,,,,
JM안성,2022-07-13,13.37,,,,,,,
JM안성,2022-07-14,13.45,,,,,,,
JM안성,2022-07-15,13.55,,,,,,,
JM안성,2022-07-16,13.51,,,,,,,
JM안성,2022-07-17,13.69,,,,,,,
JM안성,2022-07-18,13.89,,,,,,,
JM안성,2022-07-19,13.92,,,,,,,
JM안성,2022-07-20,13.75,,,,,,,
JM안성,2022-07-21,13.78,,,,,,,
JM안성,2022-07-22,13.7,,,,,,,
JM안성,2022-07-23,13.72,,,,,,,
JM안성,2022-07-24,13.45,,,,,,,
JM안성,2022-07-25,13.65,,,,,,,
JM안성,2022-07-26,13.45,,,,,,,
JM안성,2022-07-27,13.39,,,,,,,
JM안성,2022-07-28,13.46,,,,,,,
JM안성,2022-07-29,13.46,,,,,,,
JM안성,2022-07-30,13.31,,,,,,,
JM안성,2022-07-31,13.58,,,,,,,
JM안성,2022-08-01,13.88,,,,,,,
JM안성,2022-08-02,14.11,,,,,,,
JM안성,2022-08-03,14.31,,,,,,,
JM안성,2022-08-04,14.41,,,,,,,
JM안성,2022-08-05,14.05,,,,,,,
JM안성,2022-08-06,14.36,,,,,,,
JM안성,2022-08-07,14.37,,,,,,,
JM안성,2022-08-08,14.37,,,,,,,
JM안성,2022-08-09,14.32,,,,,,,
JM안성,2022-08-10,14.16,,,,,,,
JM안성,2022-08-11,14.1,,,,,,,
JM안성,2022-08-12,14.05,,,,,,,
JM안성,2022-08-13,13.49,,,,,,,
JM안성,2022-08-14,13.67,,,,,,,
JM안성,2022-08-15,13.89,,,,,,,
JM안성,2022-08-16,13.89,,,,,,,
JM안성,2022-08-17,14.01,,,,,,,
JM안성,2022-08-18,14.05,,,,,,,
JM안성,2022-08-19,14.18,,,,,,,
JM안성,2022-08-20,14.3,,,,,,,
JM안성,2022-08-21,14.36,,,,,,,
JM안성,2022-08-22,14.24,,,,,,,
JM안성,2022-08-23,14.08,,,,,,,
JM안성,2022-08-24,14.13,,,,,,,
JM안성,2022-08-25,14.07,,,,,,,
JM안성,2022-08-26,13.94,,,,,,,
JM안성,2022-08-27,13.31,,,,,,,
JM안성,2022-08-28,13.65,,,,,,,
JM안성,2022-08-29,13.21,,,,,,,
JM안성,2022-08-30,12.88,,,,,,,
JM안성,2022-08-31,13.4,,,,,,,
JM안성,2022-09-01,13.21,,,,,,,
JM안성,2022-09-02,13.56,,,,,,,
JM안성,2022-09-03,13.67,,,,,,,
JM안성,2022-09-04,13.77,,,,,,,
JM안성,2022-09-05,14.28,,,,,,,
JM안성,2022-09-06,14.63,,,,,,,
JM안성,2022-09-07,15.02,,,,,,,
JM안성,2022-09-08,15.37,,,,,,,
JM안성,2022-09-09,15.61,,,,,,,
JM안성,2022-09-10,15.71,,,,,,,
JM안성,2022-09-11,15.6,,,,,,,
JM안성,2022-09-12,15.68,,,,,,,
JM안성,2022-09-13,15.58,,,,,,,
JM안성,2022-09-14,15.63,,,,,,,
JM안성,2022-09-15,15.77,,,,,,,
JM안성,2022-09-16,15.75,,,,,,,
JM안성,2022-09-17,15.67,,,,,,,
JM안성,2022-09-18,15.44,,,,,,,
JM안성,2022-09-19,15.53,,,,,,,
JM안성,2022-09-20,14.46,,,,,,,
JM안성,2022-09-21,13.73,,,,,,,
JM안성,2022-09-22,13.35,,,,,,,
JM안성,2022-09-23,13.62,,,,,,,
JM안성,2022-09-24,13.48,,,,,,,
JM안성,2022-09-25,12.73,,,,,,,
JM안성,2022-09-26,12.34,,,,,,,
JM안성,2022-09-27,11.99,,,,,,,
JM안성,2022-09-28,12.17,,,,,,,
JM안성,2022-09-29,12.05,,,,,,,
JM안성,2022-09-30,12.08,,,,,,,
JM안성,2022-10-01,11.88,,,,,,,
JM안성,2022-10-02,11.56,,,,,,,
JM안성,2022-10-03,11.43,,,,,,,
JM안성,2022-10-04,11.89,,,,,,,
JM안성,2022-10-05,11.55,,,,,,,
JM안성,2022-10-06,11.91,,,,,,,
JM안성,2022-10-07,11.95,,,,,,,
JM안성,2022-10-08,12.57,,,,,,,
JM안성,2022-10-09,12.66,,,,,,,
JM안성,2022-10-10,12.6,,,,,,,
JM안성,2022-10-11,12.26,,,,,,,
JM안성,2022-10-12,12.27,,,,,,,
JM안성,2022-10-13,11.75,,,,,,,
JM안성,2022-10-14,11.68,,,,,,,
JM안성,2022-10-15,11.69,,,,,,,
JM안성,2022-10-16,11.39,,,,,,,
JM안성,2022-10-17,10.64,,,,,,,
JM안성,2022-10-18,10.72,,,,,,,
JM안성,2022-10-19,10.6,,,,,,,
JM안성,2022-10-20,10.29,,,,,,,
JM안성,2022-10-21,10.12,,,,,,,
JM안성,2022-10-22,10.3,,,,,,,
JM안성,2022-10-23,10.89,,,,,,,
JM안성,2022-10-24,11.29,,,,,,,
JM안성,2022-10-25,10.83,,,,,,,
JM안성,2022-10-26,11.68,,,,,,,
JM안성,2022-10-27,11.16,,,,,,,
JM안성,2022-10-28,10.35,,,,,,,
JM안성,2022-10-29,10.13,,,,,,,
JM안성,2022-10-30,10.13,,,,,,,
JM안성,2022-10-31,10.4,,,,,,,
JM안성,2022-11-01,11.51,,,,,,,
JM안성,2022-11-02,10.37,,,,,,,
JM안성,2022-11-03,10.14,,,,,,,
JM안성,2022-11-04,10.12,,,,,,,
JM안성,2022-11-05,9.77,,,,,,,
JM안성,2022-11-06,9.55,,,,,,,
JM안성,2022-11-07,9.99,,,,,,,
JM안성,2022-11-08,10.78,,,,,,,
JM안성,2022-11-09,10.05,,,,,,,
JM안성,2022-11-10,11.5,,,,,,,
JM안성,2022-11-11,12.19,,,,,,,
JM안성,2022-11-12,12.45,,,,,,,
JM안성,2022-11-13,12.62,,,,,,,
JM안성,2022-11-14,12.66,,,,,,,
JM안성,2022-11-15,12.7,,,,,,,
JM안성,2022-11-16,12.77,,,,,,,
JM안성,2022-11-17,12.78,,,,,,,
JM안성,2022-11-18,12.79,,,,,,,
JM안성,2022-11-19,12.87,,,,,,,
JM안성,2022-11-20,12.87,,,,,,,
JM안성,2022-11-21,12.92,,,,,,,
JM안성,2022-11-22,13.04,,,,,,,
JM안성,2022-11-23,13.14,,,,,,,
JM안성,2022-11-24,13.16,,,,,,,
JM안성,2022-11-25,13.19,,,,,,,
JM안성,2022-11-26,13.21,,,,,,,
JM안성,2022-11-27,13.21,,,,,,,
JM안성,2022-11-28,13.24,,,,,,,
JM안성,2022-11-29,13.3,,,,,,,
JM안성,2022-11-30,13.3,,,,,,,
JM안성,2022-12-01,13.34,,,,,,,
JM안성,2022-12-02,13.36,,,,,,,
JM안성,2022-12-03,13.38,,,,,,,
JM안성,2022-12-04,13.13,,,,,,,
JM안성,2022-12-05,13.19,,,,,,,
JM안성,2022-12-06,13.23,,,,,,,
JM안성,2022-12-07,13.14,,,,,,,
JM안성,2022-12-08,13.11,,,,,,,
JM안성,2022-12-09,13.14,,,,,,,
JM안성,2022-12-10,13.15,,,,,,,
JM안성,2022-12-11,13.13,,,,,,,
JM안성,2022-12-12,13.12,,,,,,,
JM안성,2022-12-13,13.11,,,,,,,
JM안성,2022-12-14,13.03,,,,,,,
JM안성,2022-12-15,13.07,,,,,,,
JM안성,2022-12-16,12.87,,,,,,,
JM안성,2022-12-17,12.94,,,,,,,
JM안성,2022-12-18,12.96,,,,,,,
JM안성,2022-12-19,12.99,,,,,,,
JM안성,2022-12-20,12.86,,,,,,,
JM안성,2022-12-21,13.04,,,,,,,
JM안성,2022-12-22,13.13,,,,,,,
JM안성,2022-12-23,13.12,,,,,,,
JM안성,2022-12-24,13.06,,,,,,,
JM안성,2022-12-25,13.05,,,,,,,
JM안성,2022-12-26,13.07,,,,,,,
JM안성,2022-12-27,13.03,,,,,,,
JM안성,2022-12-28,13.04,,,,,,,
JM안성,2022-12-29,13.01,,,,,,,
JM안성,2022-12-30,12.85,,,,,,,
JM안성,2022-12-31,12.88,,,,,,,
JM안성,2023-01-01,12.92,,,,,,,
JM안성,2023-01-02,12.89,,,,,,,
JM안성,2023-01-03,12.87,,,,,,,
JM안성,2023-01-04,12.82,,,,,,,
JM안성,2023-01-05,12.83,,,,,,,
JM안성,2023-01-06,12.74,,,,,,,
JM안성,2023-01-07,12.7,,,,,,,
JM안성,2023-01-08,12.67,,,,,,,
JM안성,2023-01-09,12.4,,,,,,,
JM안성,2023-01-10,12.08,,,,,,,
JM안성,2023-01-11,12.56,,,,,,,
JM안성,2023-01-12,12.64,,,,,,,
JM안성,2023-01-13,12.75,,,,,,,
JM안성,2023-01-14,12.79,,,,,,,
JM안성,2023-01-15,12.94,,,,,,,
JM안성,2023-01-16,12.97,,,,,,,
JM안성,2023-01-17,12.93,,,,,,,
JM안성,2023-01-18,12.93,,,,,,,
JM안성,2023-01-19,12.89,,,,,,,
JM안성,2023-01-20,12.85,,,,,,,
JM안성,2023-01-21,12.94,,,,,,,
JM안성,2023-01-22,12.96,,,,,,,
JM안성,2023-01-23,12.91,,,,,,,
JM안성,2023-01-24,12.85,,,,,,,
JM안성,2023-01-25,12.86,,,,,,,
JM안성,2023-01-26,12.83,,,,,,,
JM안성,2023-01-27,12.77,,,,,,,
JM안성,2023-01-28,12.83,,,,,,,
JM안성,2023-01-29,12.84,,,,,,,
JM안성,2023-01-30,12.73,,,,,,,
JM안성,2023-01-31,12.69,,,,,,,
JM안성,2023-02-01,12.73,,,,,,,
JM안성,2023-02-02,12.68,,,,,,,
JM안성,2023-02-03,12.63,,,,,,,
JM안성,2023-02-04,12.67,,,,,,,
JM안성,2023-02-05,12.59,,,,,,,
JM안성,2023-02-06,12.54,,,,,,,
JM안성,2023-02-07,12.59,,,,,,,
JM안성,2023-02-08,12.64,,,,,,,
JM안성,2023-02-09,12.53,,,,,,,
JM안성,2023-02-10,12.68,,,,,,,
JM안성,2023-02-11,12.69,,,,,,,
JM안성,2023-02-12,12.63,,,,,,,
JM안성,2023-02-13,12.61,,,,,,,
JM안성,2023-02-14,12.73,,,,,,,
JM안성,2023-02-15,12.82,,,,,,,
JM안성,2023-02-16,12.82,,,,,,,
JM안성,2023-02-17,12.83,,,,,,,
JM안성,2023-02-18,12.54,,,,,,,
JM안성,2023-02-19,12.78,,,,,,,
JM안성,2023-02-20,12.77,,,,,,,
JM안성,2023-02-21,12.73,,,,,,,
JM안성,2023-02-22,12.73,,,,,,,
JM안성,2023-02-23,12.73,,,,,,,
JM안성,2023-02-24,12.7,,,,,,,
JM안성,2023-02-25,12.63,,,,,,,
JM안성,2023-02-26,12.59,,,,,,,
JM안성,2023-02-27,12.57,,,,,,,
JM안성,2023-02-28,12.54,,,,,,,
JM안성,2023-03-01,12.53,,,,,,,
JM안성,2023-03-02,12.5,,,,,,,
JM안성,2023-03-03,12.48,,,,,,,
JM안성,2023-03-04,12.48,,,,,,,
JM안성,2023-03-05,12.44,,,,,,,
JM안성,2023-03-06,12.4,,,,,,,
JM안성,2023-03-07,12.38,,,,,,,
JM안성,2023-03-08,12.36,,,,,,,
JM안성,2023-03-09,12.35,,,,,,,
JM안성,2023-03-10,12.29,,,,,,,
JM안성,2023-03-11,12.24,,,,,,,
JM안성,2023-03-12,12.23,,,,,,,
JM안성,2023-03-13,12.23,,,,,,,
JM안성,2023-03-14,12.25,,,,,,,
JM안성,2023-03-15,12.23,,,,,,,
JM안성,2023-03-16,12.19,,,,,,,
JM안성,2023-03-17,11.95,,,,,,,
JM안성,2023-03-18,12.17,,,,,,,
JM안성,2023-03-19,12.2,,,,,,,
JM안성,2023-03-20,12.21,,,,,,,
JM안성,2023-03-21,12.24,,,,,,,
JM안성,2023-03-22,12.27,,,,,,,
JM안성,2023-03-23,12.29,,,,,,,
JM안성,2023-03-24,12.28,,,,,,,
JM안성,2023-03-25,12.31,,,,,,,
JM안성,2023-03-26,12.34,,,,,,,
JM안성,2023-03-27,12.32,,,,,,,
JM안성,2023-03-28,12.27,,,,,,,
JM안성,2023-03-29,11.96,,,,,,,
JM안성,2023-03-30,12.16,,,,,,,
JM안성,2023-03-31,12.15,,,,,,,
JM안성,2023-04-01,11.41,,,,,,,
JM안성,2023-04-02,11.76,,,,,,,
JM안성,2023-04-03,11.97,,,,,,,
JM안성,2023-04-04,12.03,,,,,,,
JM안성,2023-04-05,12.2,,,,,,,
JM안성,2023-04-06,12.45,,,,,,,
JM안성,2023-04-07,12.64,,,,,,,
JM안성,2023-04-08,12.75,,,,,,,
JM안성,2023-04-09,12.82,,,,,,,
JM안성,2023-04-10,12.88,,,,,,,
JM안성,2023-04-11,12.46,,,,,,,
JM안성,2023-04-12,12.86,,,,,,,
JM안성,2023-04-13,12.85,,,,,,,
JM안성,2023-04-14,12.85,,,,,,,
JM안성,2023-04-15,12.88,,,,,,,
JM안성,2023-04-16,12.9,,,,,,,
JM안성,2023-04-17,12.88,,,,,,,
JM안성,2023-04-18,12.43,,,,,,,
JM안성,2023-04-19,12.8,,,,,,,
JM안성,2023-04-20,12.2,,,,,,,
JM안성,2023-04-21,12.73,,,,,,,
JM안성,2023-04-22,12.71,,,,,,,
JM안성,2023-04-23,12.66,,,,,,,
JM안성,2023-04-24,12.65,,,,,,,
JM안성,2023-04-25,12.34,,,,,,,
JM안성,2023-04-26,12.66,,,,,,,
JM안성,2023-04-27,12.19,,,,,,,
JM안성,2023-04-28,12.52,,,,,,,
JM안성,2023-04-29,12.59,,,,,,,
JM안성,2023-04-30,12.6,,,,,,,
JM안성,2023-05-01,11.83,,,,,,,
JM안성,2023-05-02,12.41,,,,,,,
JM안성,2023-05-03,12.47,,,,,,,
JM안성,2023-05-04,12.72,,,,,,,
JM안성,2023-05-05,13.32,,,,,,,
JM안성,2023-05-06,13.9,,,,,,,
JM안성,2023-05-07,14.35,,,,,,,
JM안성,2023-05-08,14.65,,,,,,,
JM안성,2023-05-09,14.83,,,,,,,
JM안성,2023-05-10,14.68,,,,,,,
JM안성,2023-05-11,14.05,,,,,,,
JM안성,2023-05-12,14.67,,,,,,,
JM안성,2023-05-13,14.63,,,,,,,
JM안성,2023-05-14,14.64,,,,,,,
JM안성,2023-05-15,14.79,,,,,,,
JM안성,2023-05-16,14.76,,,,,,,
JM안성,2023-05-17,14.71,,,,,,,
JM안성,2023-05-18,14.22,,,,,,,
JM안성,2023-05-19,14.75,,,,,,,
JM안성,2023-05-20,14.8,,,,,,,
JM안성,2023-05-21,14.83,,,,,,,
JM안성,2023-05-22,14.87,,,,,,,
JM안성,2023-05-23,14.85,,,,,,,
JM안성,2023-05-24,14.81,,,,,,,
JM안성,2023-05-25,14.27,,,,,,,
JM안성,2023-05-26,14.63,,,,,,,
JM안성,2023-05-27,14.65,,,,,,,
JM안성,2023-05-28,14.64,,,,,,,
JM안성,2023-05-29,14.64,,,,,,,
JM안성,2023-05-30,14.67,,,,,,,
JM안성,2023-05-31,14.74,,,,,,,
JM안성,2023-06-01,14.17,,,,,,,
JM안성,2023-06-02,14.88,,,,,,,
JM안성,2023-06-03,15.06,,,,,,,
JM안성,2023-06-04,15.15,,,,,,,
JM안성,2023-06-05,15.22,,,,,,,
JM안성,2023-06-06,15.4,,,,,,,
JM안성,2023-06-07,15.54,,,,,,,
JM안성,2023-06-08,15.66,,,,,,,
JM안성,2023-06-09,15.37,,,,,,,
JM안성,2023-06-10,15.65,,,,,,,
JM안성,2023-06-11,15.66,,,,,,,
JM안성,2023-06-12,15.63,,,,,,,
JM안성,2023-06-13,15.62,,,,,,,
JM안성,2023-06-14,15.59,,,,,,,
JM안성,2023-06-15,15.54,,,,,,,
JM안성,2023-06-16,14.94,,,,,,,
JM안성,2023-06-17,15.25,,,,,,,
JM안성,2023-06-18,15.36,,,,,,,
JM안성,2023-06-19,15.37,,,,,,,
JM안성,2023-06-20,15.36,,,,,,,
JM안성,2023-06-21,15.37,,,,,,,
JM안성,2023-06-22,15.35,,,,,,,
JM안성,2023-06-23,15.41,,,,,,,
JM안성,2023-06-24,16.13,,,,,,,
JM안성,2023-06-25,16.24,,,,,,,
JM안성,2023-06-26,16.23,,,,,,,
JM안성,2023-06-27,16.43,,,,,,,
JM안성,2023-06-28,16.46,,,,,,,
JM안성,2023-06-29,16.57,,,,,,,
JM안성,2023-06-30,16.5,,,,,,,
JM안성,2023-07-01,16.83,,,,,,,
JM안성,2023-07-02,17.05,,,,,,,
JM안성,2023-07-03,17.24,,,,,,,
JM안성,2023-07-04,17.36,,,,,,,
JM안성,2023-07-05,17.46,,,,,,,
JM안성,2023-07-06,17.53,,,,,,,
JM안성,2023-07-07,17.64,,,,,,,
JM안성,2023-07-08,17.85,,,,,,,
JM안성,2023-07-09,17.89,,,,,,,
JM안성,2023-07-10,18.07,,,,,,,
JM안성,2023-07-11,18.06,,,,,,,
JM안성,2023-07-12,18.15,,,,,,,
JM안성,2023-07-13,18.11,,,,,,,
JM안성,2023-07-14,18.18,,,,,,,
JM안성,2023-07-15,18.11,,,,,,,
JM안성,2023-07-16,18.15,,,,,,,
JM안성,2023-07-17,18.06,,,,,,,
JM안성,2023-07-18,18.13,,,,,,,
JM안성,2023-07-19,18.2,,,,,,,
JM안성,2023-07-20,18.17,,,,,,,
JM안성,2023-07-21,18.06,,,,,,,
JM안성,2023-07-22,18.03,,,,,,,
JM안성,2023-07-23,18.2,,,,,,,
JM안성,2023-07-24,18.28,,,,,,,
JM안성,2023-07-25,18.31,,,,,,,
JM안성,2023-07-26,18.36,,,,,,,
JM안성,2023-07-27,17.98,,,,,,,
JM안성,2023-07-28,18.3,,,,,,,
JM안성,2023-07-29,18.36,,,,,,,
JM안성,2023-07-30,18.48,,,,,,,
JM안성,2023-07-31,18.55,,,,,,,
JM안성,2023-08-01,18.78,,,,,,,
JM안성,2023-08-02,18.76,,,,,,,
JM안성,2023-08-03,18.77,,,,,,,
JM안성,2023-08-04,19.06,,,,,,,
JM안성,2023-08-05,18.81,,,,,,,
JM안성,2023-08-06,18.71,,,,,,,
JM안성,2023-08-07,18.79,,,,,,,
JM안성,2023-08-08,18.49,,,,,,,
JM안성,2023-08-09,18.45,,,,,,,
JM안성,2023-08-10,18.55,,,,,,,
JM안성,2023-08-11,18.26,,,,,,,
JM안성,2023-08-12,17.97,,,,,,,
JM안성,2023-08-13,18.41,,,,,,,
JM안성,2023-08-14,18.18,,,,,,,
JM안성,2023-08-15,18.4,,,,,,,
JM안성,2023-08-16,18.42,,,,,,,
JM안성,2023-08-17,18.22,,,,,,,
JM안성,2023-08-18,17.38,,,,,,,
JM안성,2023-08-19,17.64,,,,,,,
JM안성,2023-08-20,17.67,,,,,,,
JM안성,2023-08-21,17.14,,,,,,,
JM안성,2023-08-22,18.03,,,,,,,
JM안성,2023-08-23,18.38,,,,,,,
JM안성,2023-08-24,18.71,,,,,,,
JM안성,2023-08-25,18.8,,,,,,,
JM안성,2023-08-26,18.91,,,,,,,
JM안성,2023-08-27,18.41,,,,,,,
JM안성,2023-08-28,18.45,,,,,,,
JM안성,2023-08-29,18.72,,,,,,,
JM안성,2023-08-30,18.91,,,,,,,
JM안성,2023-08-31,19.31,,,,,,,
JM안성,2023-09-01,19.43,,,,,,,
JM안성,2023-09-02,19.77,,,,,,,
JM안성,2023-09-03,20.2,,,,,,,
JM안성,2023-09-04,20.01,,,,,,,
JM안성,2023-09-05,19.44,,,,,,,
JM안성,2023-09-06,19.49,,,,,,,
JM안성,2023-09-07,19.69,,,,,,,
JM안성,2023-09-08,19.68,,,,,,,
JM안성,2023-09-09,19.28,,,,,,,
JM안성,2023-09-10,19.47,,,,,,,
JM안성,2023-09-11,19.06,,,,,,,
JM안성,2023-09-12,19.58,,,,,,,
JM안성,2023-09-13,19.18,,,,,,,
JM안성,2023-09-14,19.29,,,,,,,
JM안성,2023-09-15,19.26,,,,,,,
JM안성,2023-09-16,19.54,,,,,,,
JM안성,2023-09-17,19.77,,,,,,,
JM안성,2023-09-18,19.81,,,,,,,
JM안성,2023-09-19,19.87,,,,,,,
JM안성,2023-09-20,19.96,,,,,,,
JM안성,2023-09-21,19.97,,,,,,,
JM안성,2023-09-22,19.62,,,,,,,
JM안성,2023-09-23,19.38,,,,,,,
JM안성,2023-09-24,19.26,,,,,,,
JM안성,2023-09-25,19.27,,,,,,,
JM안성,2023-09-26,18.78,,,,,,,
JM안성,2023-09-27,18.25,,,,,,,
JM안성,2023-09-28,18.07,,,,,,,
JM안성,2023-09-29,17.9,,,,,,,
JM안성,2023-09-30,18.59,,,,,,,
JM안성,2023-10-01,18.87,,,,,,,
JM안성,2023-10-02,17.95,,,,,,,
JM안성,2023-10-03,17.65,,,,,,,
JM안성,2023-10-04,17.38,,,,,,,
JM안성,2023-10-05,17.27,,,,,,,
JM안성,2023-10-06,17.4,,,,,,,
JM안성,2023-10-07,17.12,,,,,,,
JM안성,2023-10-08,16.31,,,,,,,
JM안성,2023-10-09,16.92,,,,,,,
JM안성,2023-10-10,17.31,,,,,,,
JM안성,2023-10-11,17.13,,,,,,,
JM안성,2023-10-12,17.01,,,,,,,
JM안성,2023-10-13,17.06,,,,,,,
JM안성,2023-10-14,16.92,,,,,,,
JM안성,2023-10-15,16.88,,,,,,,
JM안성,2023-10-16,16.71,,,,,,,
JM안성,2023-10-17,16.58,,,,,,,
JM안성,2023-10-18,16.45,,,,,,,
JM안성,2023-10-19,16.39,,,,,,,
JM안성,2023-10-20,16.72,,,,,,,
JM안성,2023-10-21,16.41,,,,,,,
JM안성,2023-10-22,16.04,,,,,,,
JM안성,2023-10-23,16.37,,,,,,,
JM안성,2023-10-24,16.31,,,,,,,
JM안성,2023-10-25,16.05,,,,,,,
JM안성,2023-10-26,16.43,,,,,,,
JM안성,2023-10-27,16.95,,,,,,,
JM안성,2023-10-28,16.74,,,,,,,
JM안성,2023-10-29,17.02,,,,,,,
JM안성,2023-10-30,16.82,,,,,,,
JM안성,2023-10-31,16.25,,,,,,,
JM안성,2023-11-01,16.09,,,,,,,
JM안성,2023-11-02,16.75,,,,,,,
JM안성,2023-11-03,17.52,,,,,,,
JM안성,2023-11-04,17.71,,,,,,,
JM안성,2023-11-05,17.96,,,,,,,
JM안성,2023-11-06,18.14,,,,,,,
JM안성,2023-11-07,18.24,,,,,,,
JM안성,2023-11-08,18.31,,,,,,,
JM안성,2023-11-09,18.31,,,,,,,
JM안성,2023-11-10,18.35,,,,,,,
JM안성,2023-11-11,18.35,,,,,,,
JM안성,2023-11-12,18.4,,,,,,,
JM안성,2023-11-13,18.45,,,,,,,
JM안성,2023-11-14,17.95,,,,,,,
JM안성,2023-11-15,18.41,,,,,,,
JM안성,2023-11-16,18.36,,,,,,,
JM안성,2023-11-17,18.45,,,,,,,
JM안성,2023-11-18,18.48,,,,,,,
JM안성,2023-11-19,18.47,,,,,,,
JM안성,2023-11-20,18.55,,,,,,,
JM안성,2023-11-21,18.47,,,,,,,
JM안성,2023-11-22,18.53,,,,,,,
JM안성,2023-11-23,18.4,,,,,,,
JM안성,2023-11-24,18.39,,,,,,,
JM안성,2023-11-25,18.4,,,,,,,
JM안성,2023-11-26,18.29,,,,,,,
JM안성,2023-11-27,18.4,,,,,,,
JM안성,2023-11-28,18.29,,,,,,,
JM안성,2023-11-29,17.91,,,,,,,
JM안성,2023-11-30,18.11,,,,,,,
JM안성,2023-12-01,18.18,,,,,,,
JM안성,2023-12-02,18.24,,,,,,,
JM안성,2023-12-03,18.15,,,,,,,
JM안성,2023-12-04,18.22,,,,,,,
JM안성,2023-12-05,18.15,,,,,,,
JM안성,2023-12-06,18.12,,,,,,,
JM안성,2023-12-07,18.15,,,,,,,
JM안성,2023-12-08,18.03,,,,,,,
JM안성,2023-12-09,18.07,,,,,,,
JM안성,2023-12-10,17.95,,,,,,,
JM안성,2023-12-11,18.04,,,,,,,
JM안성,2023-12-12,18.03,,,,,,,
JM안성,2023-12-13,18.04,,,,,,,
JM안성,2023-12-14,18.06,,,,,,,
JM안성,2023-12-15,18.13,,,,,,,
JM안성,2023-12-16,18.05,,,,,,,
JM안성,2023-12-17,18.03,,,,,,,
JM안성,2023-12-18,18.03,,,,,,,
JM안성,2023-12-19,18.09,,,,,,,
JM안성,2023-12-20,18.06,,,,,,,
JM안성,2023-12-21,18.01,,,,,,,
JM안성,2023-12-22,17.92,,,,,,,
JM안성,2023-12-23,17.88,,,,,,,
JM안성,2023-12-24,17.98,,,,,,,
JM안성,2023-12-25,17.94,,,,,,,
JM안성,2023-12-26,17.97,,,,,,,
JM안성,2023-12-27,17.93,,,,,,,
JM안성,2023-12-28,17.8,,,,,,,
JM안성,2023-12-29,17.87,,,,,,,
JM안성,2023-12-30,17.87,,,,,,,
JM안성,2023-12-31,17.79,,,,,,,
JM안성,2024-01-01,17.78,,,,,,,
JM안성,2024-01-02,17.67,,,,,,,
JM안성,2024-01-03,17.73,,,,,,,
JM안성,2024-01-04,17.71,,,,,,,
JM안성,2024-01-05,17.63,,,,,,,
JM안성,2024-01-06,17.55,,,,,,,
JM안성,2024-01-07,17.6,,,,,,,
JM안성,2024-01-08,17.49,,,,,,,
JM안성,2024-01-09,17.47,,,,,,,
JM안성,2024-01-10,17.55,,,,,,,
JM안성,2024-01-11,17.49,,,,,,,
JM안성,2024-01-12,17.19,,,,,,,
JM안성,2024-01-13,17.31,,,,,,,
JM안성,2024-01-14,17.22,,,,,,,
JM안성,2024-01-15,17.29,,,,,,,
JM안성,2024-01-16,17.19,,,,,,,
JM안성,2024-01-17,17.24,,,,,,,
JM안성,2024-01-18,17.16,,,,,,,
JM안성,2024-01-19,17.15,,,,,,,
JM안성,2024-01-20,17.15,,,,,,,
JM안성,2024-01-21,17.18,,,,,,,
JM안성,2024-01-22,17.15,,,,,,,
JM안성,2024-01-23,17.1,,,,,,,
JM안성,2024-01-24,17.06,,,,,,,
JM안성,2024-01-25,17.03,,,,,,,
JM안성,2024-01-26,16.99,,,,,,,
JM안성,2024-01-27,16.99,,,,,,,
JM안성,2024-01-28,16.86,,,,,,,
JM안성,2024-01-29,16.84,,,,,,,
JM안성,2024-01-30,16.82,,,,,,,
JM안성,2024-01-31,16.9,,,,,,,
JM안성,2024-02-01,16.85,,,,,,,
JM안성,2024-02-02,16.81,,,,,,,
JM안성,2024-02-03,16.75,,,,,,,
JM안성,2024-02-04,16.8,,,,,,,
JM안성,2024-02-05,16.8,,,,,,,
JM안성,2024-02-06,16.78,,,,,,,
JM안성,2024-02-07,16.84,,,,,,,
JM안성,2024-02-08,16.78,,,,,,,
JM안성,2024-02-09,16.8,,,,,,,
JM안성,2024-02-10,16.79,,,,,,,
JM안성,2024-02-11,16.71,,,,,,,
JM안성,2024-02-12,16.72,,,,,,,
JM안성,2024-02-13,16.65,,,,,,,
JM안성,2024-02-14,16.67,,,,,,,
JM안성,2024-02-15,16.64,,,,,,,
JM안성,2024-02-16,16.65,,,,,,,
JM안성,2024-02-17,16.5,,,,,,,
JM안성,2024-02-18,16.55,,,,,,,
JM안성,2024-02-19,16.55,,,,,,,
JM안성,2024-02-20,16.54,,,,,,,
JM안성,2024-02-21,16.63,,,,,,,
JM안성,2024-02-22,16.61,,,,,,,
JM안성,2024-02-23,16.55,,,,,,,
JM안성,2024-02-24,16.56,,,,,,,
JM안성,2024-02-25,16.6,,,,,,,
JM안성,2024-02-26,16.52,,,,,,,
JM안성,2024-02-27,16.43,,,,,,,
JM안성,2024-02-28,16.44,,,,,,,
JM안성,2024-02-29,16.48,,,,,,,
JM안성,2024-03-01,16.36,,,,,,,
JM안성,2024-03-02,16.37,,,,,,,
JM안성,2024-03-03,16.38,,,,,,,
JM안성,2024-03-04,16.3,,,,,,,
JM안성,2024-03-05,16.32,,,,,,,
JM안성,2024-03-06,16.28,,,,,,,
JM안성,2024-03-07,15.81,,,,,,,
JM안성,2024-03-08,16.19,,,,,,,
JM안성,2024-03-09,16.18,,,,,,,
JM안성,2024-03-10,16.15,,,,,,,
JM안성,2024-03-11,16.11,,,,,,,
JM안성,2024-03-12,16.05,,,,,,,
JM안성,2024-03-13,16.09,,,,,,,
JM안성,2024-03-14,15.92,,,,,,,
JM안성,2024-03-15,15.98,,,,,,,
JM안성,2024-03-16,15.97,,,,,,,
JM안성,2024-03-17,15.56,,,,,,,
JM안성,2024-03-18,15.82,,,,,,,
JM안성,2024-03-19,15.49,,,,,,,
JM안성,2024-03-20,15.65,,,,,,,
JM안성,2024-03-21,15.7,,,,,,,
JM안성,2024-03-22,15.68,,,,,,,
JM안성,2024-03-23,15.28,,,,,,,
JM안성,2024-03-24,15.61,,,,,,,
JM안성,2024-03-25,15.36,,,,,,,
JM안성,2024-03-26,15.12,,,,,,,
JM안성,2024-03-27,15.45,,,,,,,
JM안성,2024-03-28,15.65,,,,,,,
JM안성,2024-03-29,15.79,,,,,,,
JM안성,2024-03-30,15.29,,,,,,,
JM안성,2024-03-31,15.63,,,,,,,
JM안성,2024-04-01,15.66,,,,,,,
JM안성,2024-04-02,15.67,,,,,,,
JM안성,2024-04-03,15.88,,,,,,,
JM안성,2024-04-04,15.91,,,,,,,
JM안성,2024-04-05,15.59,,,,,,,
JM안성,2024-04-06,15.84,,,,,,,
JM안성,2024-04-07,15.96,,,,,,,
JM안성,2024-04-08,15.88,,,,,,,
JM안성,2024-04-09,15.83,,,,,,,
JM안성,2024-04-10,15.74,,,,,,,
JM안성,2024-04-11,15.39,,,,,,,
JM안성,2024-04-12,15.67,,,,,,,
JM안성,2024-04-13,15.59,,,,,,,
JM안성,2024-04-14,15.61,,,,,,,
JM안성,2024-04-15,15.74,,,,,,,
JM안성,2024-04-16,15.26,,,,,,,
JM안성,2024-04-17,15.59,,,,,,,
JM안성,2024-04-18,15.41,,,,,,,
JM안성,2024-04-19,15.53,,,,,,,
JM안성,2024-04-20,14.58,,,,,,,
JM안성,2024-04-21,15.44,,,,,,,
JM안성,2024-04-22,15.61,,,,,,,
JM안성,2024-04-23,15.6,,,,,,,
JM안성,2024-04-24,15.04,,,,,,,
JM안성,2024-04-25,15.52,,,,,,,
JM안성,2024-04-26,15.55,,,,,,,
JM안성,2024-04-27,15.37,,,,,,,
JM안성,2024-04-28,15.11,,,,,,,
JM안성,2024-04-29,15.57,,,,,,,
JM안성,2024-04-30,15.64,,,,,,,
JM안성,2024-05-01,15.15,,,,,,,
JM안성,2024-05-02,15.69,,,,,,,
JM안성,2024-05-03,15.5,,,,,,,
JM안성,2024-05-04,15.81,,,,,,,
JM안성,2024-05-05,15.9,,,,,,,
JM안성,2024-05-06,16.1,,,,,,,
JM안성,2024-05-07,16.28,,,,,,,
JM안성,2024-05-08,15.94,,,,,,,
JM안성,2024-05-09,16.28,,,,,,,
JM안성,2024-05-10,16.35,,,,,,,
JM안성,2024-05-11,16.41,,,,,,,
JM안성,2024-05-12,16.47,,,,,,,
JM안성,2024-05-13,16.57,,,,,,,
JM안성,2024-05-14,16.57,,,,,,,
JM안성,2024-05-15,16.07,,,,,,,
JM안성,2024-05-16,16.35,,,,,,,
JM안성,2024-05-17,16.39,,,,,,,
JM안성,2024-05-18,16.27,,,,,,,
JM안성,2024-05-19,16.17,,,,,,,
JM안성,2024-05-20,15.83,,,,,,,
JM안성,2024-05-21,16.04,,,,,,,
JM안성,2024-05-22,15.51,,,,,,,
JM안성,2024-05-23,16.06,,,,,,,
JM안성,2024-05-24,16.0,,,,,,,
JM안성,2024-05-25,15.93,,,,,,,
JM안성,2024-05-26,16.02,,,,,,,
JM안성,2024-05-27,16.02,,,,,,,
JM안성,2024-05-28,15.99,,,,,,,
JM안성,2024-05-29,15.61,,,,,,,
JM안성,2024-05-30,15.89,,,,,,,
JM안성,2024-05-31,15.84,,,,,,,
JM안성,2024-06-01,15.6,,,,,,,
JM안성,2024-06-02,15.91,,,,,,,
JM안성,2024-06-03,15.86,,,,,,,
JM안성,2024-06-04,15.71,,,,,,,
JM안성,2024-06-05,15.09,,,,,,,
JM안성,2024-06-06,12.54,,,,,,,
JM안성,2024-06-07,12.2,,,,,,,
JM안성,2024-06-08,12.16,,,,,,,
JM안성,2024-06-09,12.15,,,,,,,
JM안성,2024-06-10,12.15,,,,,,,
JM안성,2024-06-11,12.12,,,,,,,
JM안성,2024-06-12,13.81,,,,,,,
JM안성,2024-06-13,15.16,,,,,,,
JM안성,2024-06-14,15.59,,,,,,,
JM안성,2024-06-15,15.38,,,,,,,
JM안성,2024-06-16,15.53,,,,,,,
JM안성,2024-06-17,15.67,,,,,,,
JM안성,2024-06-18,15.66,,,,,,,
JM안성,2024-06-19,15.03,,,,,,,
JM안성,2024-06-20,15.66,,,,,,,
JM안성,2024-06-21,16.07,,,,,,,
JM안성,2024-06-22,16.42,,,,,,,
JM안성,2024-06-23,16.72,,,,,,,
JM안성,2024-06-24,16.99,,,,,,,
JM안성,2024-06-25,17.2,,,,,,,
JM안성,2024-06-26,17.12,,,,,,,
JM안성,2024-06-27,17.46,,,,,,,
JM안성,2024-06-28,17.7,,,,,,,
JM안성,2024-06-29,17.91,,,,,,,
JM안성,2024-06-30,18.19,,,,,,,
JM안성,2024-07-01,18.55,,,,,,,
JM안성,2024-07-02,18.7,,,,,,,
JM안성,2024-07-03,18.59,,,,,,,
JM안성,2024-07-04,18.81,,,,,,,
JM안성,2024-07-05,18.98,,,,,,,
JM안성,2024-07-06,18.91,,,,,,,
JM안성,2024-07-07,18.97,,,,,,,
JM안성,2024-07-08,18.95,,,,,,,
JM안성,2024-07-09,18.93,,,,,,,
JM안성,2024-07-10,18.58,,,,,,,
JM안성,2024-07-11,18.81,,,,,,,
JM안성,2024-07-12,18.77,,,,,,,
JM안성,2024-07-13,18.66,,,,,,,
JM안성,2024-07-14,18.66,,,,,,,
JM안성,2024-07-15,18.66,,,,,,,
JM안성,2024-07-16,18.74,,,,,,,
JM안성,2024-07-17,18.14,,,,,,,
JM안성,2024-07-18,18.43,,,,,,,
JM안성,2024-07-19,18.62,,,,,,,
JM안성,2024-07-20,18.61,,,,,,,
JM안성,2024-07-21,18.62,,,,,,,
JM안성,2024-07-22,18.67,,,,,,,
JM안성,2024-07-23,18.6,,,,,,,
JM안성,2024-07-24,18.06,,,,,,,
JM안성,2024-07-25,18.36,,,,,,,
JM안성,2024-07-26,18.47,,,,,,,
JM안성,2024-07-27,18.38,,,,,,,
JM안성,2024-07-28,18.3,,,,,,,
JM안성,2024-07-29,18.21,,,,,,,
JM안성,2024-07-30,18.13,,,,,,,
JM안성,2024-07-31,17.67,,,,,,,
JM안성,2024-08-01,18.0,,,,,,,
JM안성,2024-08-02,18.07,,,,,,,
JM안성,2024-08-03,17.82,,,,,,,
JM안성,2024-08-04,17.69,,,,,,,
JM안성,2024-08-05,17.6,,,,,,,
JM안성,2024-08-06,17.47,,,,,,,
JM안성,2024-08-07,16.33,,,,,,,
JM안성,2024-08-08,16.93,,,,,,,
JM안성,2024-08-09,17.49,,,,,,,
JM안성,2024-08-10,17.48,,,,,,,
JM안성,2024-08-11,17.44,,,,,,,
JM안성,2024-08-12,17.47,,,,,,,
JM안성,2024-08-13,17.41,,,,,,,
JM안성,2024-08-14,17.01,,,,,,,
JM안성,2024-08-15,17.39,,,,,,,
JM안성,2024-08-16,17.33,,,,,,,
JM안성,2024-08-17,17.48,,,,,,,
JM안성,2024-08-18,17.49,,,,,,,
JM안성,2024-08-19,17.14,,,,,,,
JM안성,2024-08-20,17.45,,,,,,,
JM안성,2024-08-21,16.97,,,,,,,
JM안성,2024-08-22,17.41,,,,,,,
JM안성,2024-08-23,17.56,,,,,,,
JM안성,2024-08-24,17.46,,,,,,,
JM안성,2024-08-25,17.09,,,,,,,
JM안성,2024-08-26,17.03,,,,,,,
JM안성,2024-08-27,16.88,,,,,,,
JM안성,2024-08-28,16.56,,,,,,,
JM안성,2024-08-29,16.85,,,,,,,
JM안성,2024-08-30,16.31,,,,,,,
JM안성,2024-08-31,16.82,,,,,,,
JM안성,2024-09-01,16.59,,,,,,,
JM안성,2024-09-02,16.54,,,,,,,
JM안성,2024-09-03,16.17,,,,,,,
JM안성,2024-09-04,15.38,,,,,,,
JM안성,2024-09-05,16.38,,,,,,,
JM안성,2024-09-06,15.26,,,,,,,
JM안성,2024-09-07,15.0,,,,,,,
JM안성,2024-09-08,14.95,,,,,,,
JM안성,2024-09-09,15.4,,,,,,,
JM안성,2024-09-10,16.03,,,,,,,
JM안성,2024-09-11,15.96,,,,,,,
JM안성,2024-09-12,16.46,,,,,,,
JM안성,2024-09-13,16.57,,,,,,,
JM안성,2024-09-14,16.81,,,,,,,
JM안성,2024-09-15,16.52,,,,,,,
JM안성,2024-09-16,16.72,,,,,,,
JM안성,2024-09-17,16.68,,,,,,,
JM안성,2024-09-18,16.1,,,,,,,
JM안성,2024-09-19,16.76,,,,,,,
JM안성,2024-09-20,16.88,,,,,,,
JM안성,2024-09-21,17.01,,,,,,,
JM안성,2024-09-22,17.04,,,,,,,
JM안성,2024-09-23,17.13,,,,,,,
JM안성,2024-09-24,17.2,,,,,,,
JM안성,2024-09-25,16.66,,,,,,,
JM안성,2024-09-26,16.98,,,,,,,
JM안성,2024-09-27,16.92,,,,,,,
JM안성,2024-09-28,16.43,,,,,,,
JM안성,2024-09-29,16.14,,,,,,,
JM안성,2024-09-30,16.48,,,,,,,
JM안성,2024-10-01,16.47,,,,,,,
JM안성,2024-10-02,16.14,,,,,,,
JM안성,2024-10-03,16.16,,,,,,,
JM안성,2024-10-04,15.37,,,,,,,
JM안성,2024-10-05,15.26,,,,,,,
JM안성,2024-10-06,14.94,,,,,,,
JM안성,2024-10-07,14.97,,,,,,,
JM안성,2024-10-08,15.75,,,,,,,
JM안성,2024-10-09,15.26,,,,,,,
JM안성,2024-10-10,15.56,,,,,,,
JM안성,2024-10-11,16.11,,,,,,,
JM안성,2024-10-12,16.15,,,,,,,
JM안성,2024-10-13,15.53,,,,,,,
JM안성,2024-10-14,15.98,,,,,,,
JM안성,2024-10-15,16.16,,,,,,,
JM안성,2024-10-16,15.94,,,,,,,
JM안성,2024-10-17,16.17,,,,,,,
JM안성,2024-10-18,16.28,,,,,,,
JM안성,2024-10-19,16.26,,,,,,,
JM안성,2024-10-20,16.36,,,,,,,
JM안성,2024-10-21,16.34,,,,,,,
JM안성,2024-10-22,16.28,,,,,,,
JM안성,2024-10-23,16.06,,,,,,,
JM안성,2024-10-24,16.36,,,,,,,
JM안성,2024-10-25,16.47,,,,,,,
JM안성,2024-10-26,16.48,,,,,,,
JM안성,2024-10-27,16.51,,,,,,,
JM안성,2024-10-28,16.54,,,,,,,
JM안성,2024-10-29,16.33,,,,,,,
JM안성,2024-10-30,15.87,,,,,,,
JM안성,2024-10-31,16.2,,,,,,,
JM안성,2024-11-01,16.37,,,,,,,
JM안성,2024-11-02,16.67,,,,,,,
JM안성,2024-11-03,17.16,,,,,,,
JM안성,2024-11-04,17.32,,,,,,,
JM안성,2024-11-05,17.42,,,,,,,
JM안성,2024-11-06,17.13,,,,,,,
JM안성,2024-11-07,17.59,,,,,,,
JM안성,2024-11-08,17.6,,,,,,,
JM안성,2024-11-09,17.52,,,,,,,
JM안성,2024-11-10,17.74,,,,,,,
JM안성,2024-11-11,17.78,,,,,,,
JM안성,2024-11-12,17.64,,,,,,,
JM안성,2024-11-13,17.11,,,,,,,
JM안성,2024-11-14,17.5,,,,,,,
JM안성,2024-11-15,17.6,,,,,,,
JM안성,2024-11-16,17.59,,,,,,,
JM안성,2024-11-17,17.65,,,,,,,
JM안성,2024-11-18,17.55,,,,,,,
JM안성,2024-11-19,17.52,,,,,,,
JM안성,2024-11-20,17.24,,,,,,,
JM안성,2024-11-21,17.37,,,,,,,
JM안성,2024-11-22,17.42,,,,,,,
JM안성,2024-11-23,17.36,,,,,,,
JM안성,2024-11-24,17.38,,,,,,,
JM안성,2024-11-25,17.39,,,,,,,
JM안성,2024-11-26,17.39,,,,,,,
JM안성,2024-11-27,17.25,,,,,,,
JM안성,2024-11-28,17.24,,,,,,,
JM안성,2024-11-29,17.42,,,,,,,
JM안성,2024-11-30,17.4,,,,,,,
JM안성,2024-12-01,17.35,,,,,,,
JM안성,2024-12-02,17.31,,,,,,,
JM안성,2024-12-03,17.27,,,,,,,
JM안성,2024-12-04,16.96,,,,,,,
JM안성,2024-12-05,16.93,,,,,,,
JM안성,2024-12-06,17.01,,,,,,,
JM안성,2024-12-07,16.96,,,,,,,
JM안성,2024-12-08,16.87,,,,,,,
JM안성,2024-12-09,16.87,,,,,,,
JM안성,2024-12-10,16.88,,,,,,,
JM안성,2024-12-11,16.69,,,,,,,
JM안성,2024-12-12,16.81,,,,,,,
JM안성,2024-12-13,16.64,,,,,,,
JM안성,2024-12-14,16.67,,,,,,,
JM안성,2024-12-15,16.71,,,,,,,
JM안성,2024-12-16,16.63,,,,,,,
JM안성,2024-12-17,16.54,,,,,,,
JM안성,2024-12-18,16.54,,,,,,,
JM안성,2024-12-19,16.46,,,,,,,
JM안성,2024-12-20,16.44,,,,,,,
JM안성,2024-12-21,16.42,,,,,,,
JM안성,2024-12-22,16.33,,,,,,,
JM안성,2024-12-23,16.42,,,,,,,
JM안성,2024-12-24,16.08,,,,,,,
JM안성,2024-12-25,16.2,,,,,,,
JM안성,2024-12-26,16.17,,,,,,,
JM안성,2024-12-27,16.14,,,,,,,
JM안성,2024-12-28,15.19,,,,,,,
JM안성,2024-12-29,14.57,,,,,,,
JM안성,2024-12-30,15.0,,,,,,,
JM안성,2024-12-31,14.22,,,,,,,
JM안성,2025-01-01,14.54,,,,,,,
JM안성,2025-01-02,15.09,,,,,,,
JM안성,2025-01-03,15.33,,,,,,,
JM안성,2025-01-04,15.07,,,,,,,
JM안성,2025-01-05,14.91,,,,,,,
JM안성,2025-01-06,15.54,,,,,,,
JM안성,2025-01-07,15.78,,,,,,,
JM안성,2025-01-08,15.74,,,,,,,
JM안성,2025-01-09,15.87,,,,,,,
JM안성,2025-01-10,15.84,,,,,,,
JM안성,2025-01-11,15.92,,,,,,,
JM안성,2025-01-12,15.88,,,,,,,
JM안성,2025-01-13,15.92,,,,,,,
JM안성,2025-01-14,15.93,,,,,,,
JM안성,2025-01-15,15.88,,,,,,,
JM안성,2025-01-16,15.78,,,,,,,
JM안성,2025-01-17,15.87,,,,,,,
JM안성,2025-01-18,15.67,,,,,,,
JM안성,2025-01-19,15.69,,,,,,,
JM안성,2025-01-20,15.68,,,,,,,
JM안성,2025-01-21,15.55,,,,,,,
JM안성,2025-01-22,15.49,,,,,,,
JM안성,2025-01-23,14.97,,,,,,,
JM안성,2025-01-24,15.31,,,,,,,
JM안성,2025-01-25,15.37,,,,,,,
JM안성,2025-01-26,15.43,,,,,,,
JM안성,2025-01-27,15.47,,,,,,,
JM안성,2025-01-28,15.5,,,,,,,
JM안성,2025-01-29,15.51,,,,,,,
JM안성,2025-01-30,15.51,,,,,,,
JM안성,2025-01-31,15.52,,,,,,,
JM안성,2025-02-01,15.58,,,,,,,
JM안성,2025-02-02,15.57,,,,,,,
JM안성,2025-02-03,15.59,,,,,,,
JM안성,2025-02-04,15.61,,,,,,,
JM안성,2025-02-05,15.61,,,,,,,
JM안성,2025-02-06,15.59,,,,,,,
JM안성,2025-02-07,15.58,,,,,,,
JM안성,2025-02-08,15.46,,,,,,,
JM안성,2025-02-09,15.5,,,,,,,
JM안성,2025-02-10,15.47,,,,,,,
JM안성,2025-02-11,15.28,,,,,,,
JM안성,2025-02-12,15.37,,,,,,,
JM안성,2025-02-13,15.42,,,,,,,
JM안성,2025-02-14,15.34,,,,,,,
JM안성,2025-02-15,15.49,,,,,,,
JM안성,2025-02-16,15.42,,,,,,,
JM안성,2025-02-17,15.36,,,,,,,
JM안성,2025-02-18,15.34,,,,,,,
JM안성,2025-02-19,15.22,,,,,,,
JM안성,2025-02-20,15.31,,,,,,,
JM안성,2025-02-21,15.24,,,,,,,
JM안성,2025-02-22,15.24,,,,,,,
JM안성,2025-02-23,15.19,,,,,,,
JM안성,2025-02-24,15.09,,,,,,,
JM안성,2025-02-25,14.85,,,,,,,
JM안성,2025-02-26,14.87,,,,,,,
JM안성,2025-02-27,14.73,,,,,,,
JM안성,2025-02-28,14.99,,,,,,,
JM안성,2025-03-01,14.94,,,,,,,
JM안성,2025-03-02,15.03,,,,,,,
JM안성,2025-03-03,15.08,,,,,,,
JM안성,2025-03-04,15.19,,,,,,,
JM안성,2025-03-05,14.39,,,,,,,
JM안성,2025-03-06,15.04,,,,,,,
JM안성,2025-03-07,14.93,,,,,,,
JM안성,2025-03-08,15.1,,,,,,,
JM안성,2025-03-09,15.07,,,,,,,
JM안성,2025-03-10,15.01,,,,,,,
JM안성,2025-03-11,14.43,,,,,,,
JM안성,2025-03-12,14.8,,,,,,,
JM안성,2025-03-13,14.73,,,,,,,
JM안성,2025-03-14,14.94,,,,,,,
JM안성,2025-03-15,14.95,,,,,,,
JM안성,2025-03-16,15.0,,,,,,,
JM안성,2025-03-17,14.94,,,,,,,
JM안성,2025-03-18,14.47,,,,,,,
JM안성,2025-03-19,14.73,,,,,,,
JM안성,2025-03-20,14.81,,,,,,,
JM안성,2025-03-21,14.57,,,,,,,
JM안성,2025-03-22,14.08,,,,,,,
JM안성,2025-03-23,14.28,,,,,,,
JM안성,2025-03-24,14.53,,,,,,,
JM안성,2025-03-25,13.96,,,,,,,
JM안성,2025-03-26,14.45,,,,,,,
JM안성,2025-03-27,14.33,,,,,,,
JM안성,2025-03-28,14.32,,,,,,,
JM안성,2025-03-29,14.44,,,,,,,
JM안성,2025-03-30,14.42,,,,,,,
JM안성,2025-03-31,13.86,,,,,,,
JM안성,2025-04-01,13.79,,,,,,,
JM안성,2025-04-02,13.99,,,,,,,
JM안성,2025-04-03,13.3,,,,,,,
JM안성,2025-04-04,13.4,,,,,,,
JM안성,2025-04-05,13.86,,,,,,,
JM안성,2025-04-06,13.74,,,,,,,
JM안성,2025-04-07,13.77,,,,,,,
JM안성,2025-04-08,13.15,,,,,,,
JM안성,2025-04-09,13.21,,,,,,,
JM안성,2025-04-10,13.77,,,,,,,
JM안성,2025-04-11,13.8,,,,,,,
JM안성,2025-04-12,13.89,,,,,,,
JM안성,2025-04-13,13.87,,,,,,,
JM안성,2025-04-14,14.17,,,,,,,
JM안성,2025-04-15,13.8,,,,,,,
JM안성,2025-04-16,14.15,,,,,,,
JM안성,2025-04-17,14.24,,,,,,,
JM안성,2025-04-18,14.2,,,,,,,
JM안성,2025-04-19,14.05,,,,,,,
JM안성,2025-04-20,14.28,,,,,,,
JM안성,2025-04-21,14.21,,,,,,,
JM안성,2025-04-22,13.91,,,,,,,
JM안성,2025-04-23,14.41,,,,,,,
JM안성,2025-04-24,14.33,,,,,,,
JM안성,2025-04-25,14.37,,,,,,,
JM안성,2025-04-26,14.48,,,,,,,
JM안성,2025-04-27,14.4,,,,,,,
JM안성,2025-04-28,14.39,,,,,,,
JM안성,2025-04-29,13.97,,,,,,,
JM안성,2025-04-30,14.16,,,,,,,
JM안성,2025-05-01,14.34,,,,,,,
JM안성,2025-05-02,14.4,,,,,,,
JM안성,2025-05-03,14.25,,,,,,,
JM안성,2025-05-04,14.41,,,,,,,
JM안성,2025-05-05,14.46,,,,,,,
JM안성,2025-05-06,14.19,,,,,,,
JM안성,2025-05-07,14.34,,,,,,,
JM안성,2025-05-08,14.39,,,,,,,
JM안성,2025-05-09,14.54,,,,,,,
JM안성,2025-05-10,14.6,,,,,,,
JM안성,2025-05-11,14.76,,,,,,,
JM안성,2025-05-12,14.7,,,,,,,
JM안성,2025-05-13,14.37,,,,,,,
JM안성,2025-05-14,14.62,,,,,,,
JM안성,2025-05-15,14.95,,,,,,,
JM안성,2025-05-16,14.93,,,,,,,
JM안성,2025-05-17,15.18,,,,,,,
JM안성,2025-05-18,15.23,,,,,,,
JM안성,2025-05-19,15.35,,,,,,,
JM안성,2025-05-20,14.8,,,,,,,
JM안성,2025-05-21,15.17,,,,,,,
JM안성,2025-05-22,15.3,,,,,,,
JM안성,2025-05-23,15.32,,,,,,,
JM안성,2025-05-24,15.39,,,,,,,
JM안성,2025-05-25,15.3,,,,,,,
JM안성,2025-05-26,15.3,,,,,,,
JM안성,2025-05-27,14.77,,,,,,,
JM안성,2025-05-28,15.09,,,,,,,
JM안성,2025-05-29,15.07,,,,,,,
JM안성,2025-05-30,15.12,,,,,,,
JM안성,2025-05-31,15.05,,,,,,,
JM안성,2025-06-01,14.76,,,,,,,
JM안성,2025-06-02,15.03,,,,,,,
JM안성,2025-06-03,14.64,,,,,,,
JM안성,2025-06-04,14.9,,,,,,,
JM안성,2025-06-05,14.93,,,,,,,
JM안성,2025-06-06,14.63,,,,,,,
JM안성,2025-06-07,14.8,,,,,,,
JM안성,2025-06-08,14.9,,,,,,,
JM안성,2025-06-09,14.78,,,,,,,
JM안성,2025-06-10,14.41,,,,,,,
JM안성,2025-06-11,14.65,,,,,,,
JM안성,2025-06-12,14.73,,,,,,,
JM안성,2025-06-13,14.5,,,,,,,
JM안성,2025-06-14,14.85,,,,,,,
JM안성,2025-06-15,14.88,,,,,,,
JM안성,2025-06-16,15.0,,,,,,,
JM안성,2025-06-17,14.88,,,,,,,
JM안성,2025-06-18,15.14,,,,,,,
JM안성,2025-06-19,15.24,,,,,,,
JM안성,2025-06-20,15.07,,,,,,,
JM안성,2025-06-21,15.23,,,,,,,
JM안성,2025-06-22,15.39,,,,,,,
JM안성,2025-06-23,15.28,,,,,,,
JM안성,2025-06-24,14.9,,,,,,,
JM안성,2025-06-25,15.04,,,,,,,
JM안성,2025-06-26,15.21,,,,,,,
JM안성,2025-06-27,15.16,,,,,,,
JM안성,2025-06-28,15.12,,,,,,,
JM안성,2025-06-29,14.79,,,,,,,
JM안성,2025-06-30,14.94,,,,,,,
JM안성,2025-07-01,14.61,,,,,,,
JM안성,2025-07-02,14.75,,,,,,,
JM안성,2025-07-03,14.35,,,,,,,
JM안성,2025-07-04,14.35,,,,,,,
JM안성,2025-07-05,14.47,,,,,,,
JM안성,2025-07-06,14.36,,,,,,,
JM안성,2025-07-07,13.89,,,,,,,
JM안성,2025-07-08,13.87,,,,,,,
JM안성,2025-07-09,14.31,,,,,,,
JM안성,2025-07-10,14.24,,,,,,,
JM안성,2025-07-11,13.69,,,,,,,
JM안성,2025-07-12,14.1,,,,,,,
JM안성,2025-07-13,14.27,,,,,,,
JM안성,2025-07-14,14.29,,,,,,,
JM안성,2025-07-15,14.07,,,,,,,
JM안성,2025-07-16,14.3,,,,,,,
JM안성,2025-07-17,14.39,,,,,,,
JM안성,2025-07-18,14.41,,,,,,,
JM안성,2025-07-19,14.44,,,,,,,
JM안성,2025-07-20,14.22,,,,,,,
JM안성,2025-07-21,14.5,,,,,,,
JM안성,2025-07-22,14.01,,,,,,,
JM안성,2025-07-23,14.22,,,,,,,
JM안성,2025-07-24,14.17,,,,,,,
JM안성,2025-07-25,14.31,,,,,,,
JM안성,2025-07-26,14.09,,,,,,,
JM안성,2025-07-27,13.94,,,,,,,
JM안성,2025-07-28,13.43,,,,,,,
JM안성,2025-07-29,13.25,,,,,,,
JM안성,2025-07-30,13.67,,,,,,,
JM안성,2025-07-31,12.89,,,,,,,
JM안성,2025-08-01,13.45,,,,,,,
JM안성,2025-08-02,13.73,,,,,,,
JM안성,2025-08-03,13.79,,,,,,,
JM안성,2025-08-04,13.77,,,,,,,
JM안성,2025-08-05,13.26,,,,,,,
JM안성,2025-08-06,13.78,,,,,,,
JM안성,2025-08-07,13.93,,,,,,,
JM안성,2025-08-08,13.91,,,,,,,
JM안성,2025-08-09,13.86,,,,,,,
JM안성,2025-08-10,14.01,,,,,,,
JM안성,2025-08-11,14.13,,,,,,,
JM안성,2025-08-12,13.87,,,,,,,
JM안성,2025-08-13,14.18,,,,,,,
JM안성,2025-08-14,14.33,,,,,,,
JM안성,2025-08-15,14.38,,,,,,,
JM안성,2025-08-16,14.16,,,,,,,
JM안성,2025-08-17,14.25,,,,,,,
JM안성,2025-08-18,14.16,,,,,,,
JM안성,2025-08-19,13.65,,,,,,,
JM안성,2025-08-20,14.08,,,,,,,
JM안성,2025-08-21,13.91,,,,,,,
JM안성,2025-08-22,13.8,,,,,,,
JM안성,2025-08-23,13.62,,,,,,,
JM안성,2025-08-24,13.61,,,,,,,
JM안성,2025-08-25,13.69,,,,,,,
JM안성,2025-08-26,13.15,,,,,,,
JM안성,2025-08-27,13.11,,,,,,,
JM안성,2025-08-28,12.8,,,,,,,
JM안성,2025-08-29,13.19,,,,,,,
JM안성,2025-08-30,12.63,,,,,,,
JM안성,2025-08-31,13.26,,,,,,,
JM안성,2025-09-01,13.49,,,,,,,
JM안성,2025-09-02,13.18,,,,,,,
JM안성,2025-09-03,13.39,,,,,,,
JM안성,2025-09-04,13.1,,,,,,,
JM안성,2025-09-05,12.59,,,,,,,
JM안성,2025-09-06,13.18,,,,,,,
JM안성,2025-09-07,13.23,,,,,,,
JM안성,2025-09-08,13.2,,,,,,,
JM안성,2025-09-09,13.01,,,,,,,
JM안성,2025-09-10,13.41,,,,,,,
JM안성,2025-09-11,13.49,,,,,,,
JM안성,2025-09-12,13.49,,,,,,,
JM안성,2025-09-13,13.55,,,,,,,
JM안성,2025-09-14,13.58,,,,,,,
JM안성,2025-09-15,13.66,,,,,,,
JM안성,2025-09-16,13.27,,,,,,,
JM안성,2025-09-17,13.73,,,,,,,
JM안성,2025-09-18,13.5,,,,,,,
JM안성,2025-09-19,13.8,,,,,,,
JM안성,2025-09-20,13.78,,,,,,,
JM안성,2025-09-21,13.81,,,,,,,
JM안성,2025-09-22,13.8,,,,,,,
JM안성,2025-09-23,13.29,,,,,,,
JM안성,2025-09-24,13.53,,,,,,,
JM안성,2025-09-25,12.52,,,,,,,
JM안성,2025-09-26,12.41,,,,,,,
JM안성,2025-09-27,13.13,,,,,,,
JM안성,2025-09-28,13.36,,,,,,,
JM안성,2025-09-29,13.48,,,,,,,
JM안성,2025-09-30,12.82,,,,,,,
JM안성,2025-10-01,13.26,,,,,,,
JM안성,2025-10-02,13.31,,,,,,,
JM안성,2025-10-03,13.36,,,,,,,
JM안성,2025-10-04,13.54,,,,,,,
JM안성,2025-10-05,13.65,,,,,,,
JM안성,2025-10-06,13.63,,,,,,,
JM안성,2025-10-07,13.15,,,,,,,
JM안성,2025-10-08,13.01,,,,,,,
JM안성,2025-10-09,12.92,,,,,,,
JM안성,2025-10-10,12.53,,,,,,,
JM안성,2025-10-11,12.58,,,,,,,
JM안성,2025-10-12,12.64,,,,,,,
JM안성,2025-10-13,12.86,,,,,,,
JM안성,2025-10-14,12.54,,,,,,,
JM안성,2025-10-15,12.34,,,,,,,
JM안성,2025-10-16,12.68,,,,,,,
JM안성,2025-10-17,12.4,,,,,,,
JM안성,2025-10-18,11.78,,,,,,,
JM안성,2025-10-19,11.24,,,,,,,
JM안성,2025-10-20,11.62,,,,,,,
JM안성,2025-10-21,10.97,,,,,,,
JM안성,2025-10-22,10.97,,,,,,,
JM안성,2025-10-23,10.96,,,,,,,
JM안성,2025-10-24,10.81,,,,,,,
JM안성,2025-10-25,10.74,,,,,,,
JM안성,2025-10-26,10.48,,,,,,,
JM안성,2025-10-27,10.67,,,,,,,
JM안성,2025-10-28,10.49,,,,,,,
JM안성,2025-10-29,10.66,,,,,,,
JM안성,2025-10-30,10.23,,,,,,,
JM안성,2025-10-31,10.37,,,,,,,
JM안성,2025-11-01,10.43,,,,,,,
JM안성,2025-11-02,9.95,,,,,,,
JM안성,2025-11-03,9.97,,,,,,,
JM안성,2025-11-04,9.71,,,,,,,
JM안성,2025-11-05,9.86,,,,,,,
JM안성,2025-11-06,9.9,,,,,,,
JM안성,2025-11-07,10.11,,,,,,,
JM안성,2025-11-08,11.25,,,,,,,
JM안성,2025-11-09,11.84,,,,,,,
JM안성,2025-11-10,12.02,,,,,,,
JM안성,2025-11-11,11.8,,,,,,,
JM안성,2025-11-12,11.73,,,,,,,
JM안성,2025-11-13,10.74,,,,,,,
JM안성,2025-11-14,10.38,,,,,,,
JM안성,2025-11-15,10.4,,,,,,,
JM안성,2025-11-16,11.79,,,,,,,
JM안성,2025-11-17,11.17,,,,,,,
JM안성,2025-11-18,11.08,,,,,,,
JM안성,2025-11-19,10.86,,,,,,,
JM안성,2025-11-20,11.04,,,,,,,
JM안성,2025-11-21,11.09,,,,,,,
JM안성,2025-11-22,11.05,,,,,,,
JM안성,2025-11-23,11.79,,,,,,,
JM안성,2025-11-24,11.5,,,,,,,
JM안성,2025-11-25,11.23,,,,,,,
JM안성,2025-11-26,10.49,,,,,,,
JM안성,2025-11-27,10.29,,,,,,,
JM안성,2025-11-28,10.7,,,,,,,
JM안성,2025-11-29,11.03,,,,,,,
JM안성,2025-11-30,11.11,,,,,,,
JM안성,2025-12-01,11.5,,,,,,,
JM안성,2025-12-02,11.3,,,,,,,
JM안성,2025-12-03,11.12,,,,,,,
JM안성,2025-12-04,10.67,,,,,,,
JM안성,2025-12-05,11.03,,,,,,,
JM안성,2025-12-06,11.34,,,,,,,
JM안성,2025-12-07,10.87,,,,,,,
JM안성,2025-12-08,11.12,,,,,,,
JM안성,2025-12-09,10.75,,,,,,,
JM안성,2025-12-10,9.93,,,,,,,
JM안성,2025-12-11,10.71,,,,,,,
JM안성,2025-12-12,11.7,,,,,,,
JM안성,2025-12-13,11.93,,,,,,,
JM안성,2025-12-14,12.05,,,,,,,
JM안성,2025-12-15,12.11,,,,,,,
JM안성,2025-12-16,12.18,,,,,,,
JM안성,2025-12-17,12.1,,,,,,,
JM안성,2025-12-18,12.09,,,,,,,
JM안성,2025-12-19,12.19,,,,,,,
JM안성,2025-12-20,12.08,,,,,,,
JM안성,2025-12-21,12.06,,,,,,,
JM안성,2025-12-22,12.22,,,,,,,
JM안성,2025-12-23,11.86,,,,,,,
JM안성,2025-12-24,12.08,,,,,,,
JM안성,2025-12-25,12.07,,,,,,,
JM안성,2025-12-26,12.13,,,,,,,
JM안성,2025-12-27,12.12,,,,,,,
JM안성,2025-12-28,12.14,,,,,,,
JM안성,2025-12-29,11.59,,,,,,,
JM안성,2025-12-30,11.87,,,,,,,
JM안성,2025-12-31,11.21,,,,,,,
JM안성,2026-01-01,11.7,S11,28.43,15.79,16.33,214.0,1027.75,12.93
JM안성,2026-01-02,11.83,S11,28.3,15.92,16.33,210.0,1028.25,12.89
JM안성,2026-01-03,11.85,S11,28.28,15.94,16.32,210.0,1030.63,12.85
JM안성,2026-01-04,11.81,S11,28.32,15.9,16.32,210.0,1028.38,12.86
JM안성,2026-01-05,11.41,S11,28.72,15.5,16.33,210.0,1024.96,12.95
JM안성,2026-01-06,11.78,S11,28.35,15.87,16.32,212.0,1026.17,12.94
JM안성,2026-01-07,11.82,S11,28.31,15.91,16.32,210.0,1025.17,12.85
JM안성,2026-01-08,11.87,S11,28.26,15.96,16.31,209.0,1029.42,12.88
JM안성,2026-01-09,11.85,S11,28.28,15.94,16.23,210.0,1027.08,12.93
JM안성,2026-01-10,11.74,S11,28.39,15.83,16.26,210.0,1021.88,12.94
JM안성,2026-01-11,11.78,S11,28.35,15.87,16.23,210.0,1027.92,12.86
JM안성,2026-01-12,11.88,S11,28.25,15.97,16.22,209.0,1024.88,12.88
JM안성,2026-01-13,10.82,S11,29.31,14.91,16.23,210.0,1021.54,12.98
JM안성,2026-01-14,9.99,S11,30.14,14.08,16.25,216.0,1025.5,12.97
JM안성,2026-01-15,9.9,S11,30.23,13.99,16.21,217.0,1020.63,12.91
JM안성,2026-01-16,10.44,S11,29.69,14.53,16.21,213.0,1021.17,12.97
JM안성,2026-01-17,10.6,S11,29.53,14.69,16.1,217.0,1022.08,12.97
JM안성,2026-01-18,10.4,S11,29.73,14.49,16.22,213.0,1022.38,12.96
JM안성,2026-01-19,10.25,S11,29.88,14.34,16.19,214.0,1024.0,12.95
JM안성,2026-01-20,11.04,S11,29.09,15.13,16.24,212.0,1026.83,12.89
JM안성,2026-01-21,11.35,S11,28.78,15.44,16.29,208.0,1029.25,12.87
JM안성,2026-01-22,11.46,S11,28.67,15.55,16.29,209.0,1031.04,12.88
JM안성,2026-01-23,11.53,S11,28.6,15.62,16.27,210.0,1030.42,12.92
JM안성,2026-01-24,11.08,S11,29.05,15.17,16.23,210.0,1029.04,12.97
JM안성,2026-01-25,11.23,S11,28.9,15.32,16.25,213.0,1032.25,12.91
JM안성,2026-01-26,10.95,S11,29.18,15.04,16.26,211.0,1028.46,12.83
JM안성,2026-01-27,10.92,S11,29.21,15.01,16.28,213.0,1027.96,12.85
JM안성,2026-01-28,11.31,S11,28.82,15.4,16.28,212.0,1030.46,12.95
JM안성,2026-01-29,11.37,S11,28.76,15.46,16.28,208.0,1032.92,12.96
JM안성,2026-01-30,10.93,S11,29.2,15.02,16.29,209.0,1032.79,12.94
JM안성,2026-01-31,10.94,S11,29.19,15.03,16.29,214.0,1029.96,12.94
JM안성,2026-02-01,10.94,S11,29.19,15.03,16.28,211.0,1030.38,12.91
JM안성,2026-02-02,10.67,S11,29.46,14.76,16.29,211.0,1030.79,12.89
JM안성,2026-02-03,9.87,S11,30.26,13.96,16.3,214.0,1033.21,12.95
JM안성,2026-02-04,9.15,S11,30.98,13.24,16.29,215.0,1026.58,12.98
JM안성,2026-02-05,10.03,S11,30.1,14.12,16.28,216.0,1021.79,12.98
JM안성,2026-02-06,10.75,S11,29.38,14.84,16.28,210.0,1024.08,12.9
JM안성,2026-02-07,10.97,S11,29.16,15.06,16.28,208.0,1027.17,12.78
JM안성,2026-02-08,11.09,S11,29.04,15.18,16.28,208.0,1031.92,12.88
JM안성,2026-02-09,11.16,S11,28.97,15.25,16.28,208.0,1031.96,12.97
JM안성,2026-02-10,11.24,S11,28.89,15.33,16.28,208.0,1024.83,12.68
JM안성,2026-02-11,11.18,S11,28.95,15.27,16.28,208.0,1025.42,12.92
JM안성,2026-02-12,10.3,S11,29.83,14.39,16.29,208.0,1026.5,12.99
JM안성,2026-02-13,9.9,S11,30.23,13.99,16.28,213.0,1024.0,12.99
JM안성,2026-02-14,11.0,S11,29.13,15.09,16.26,213.0,1019.83,12.83
JM안성,2026-02-15,10.87,S11,29.26,14.96,16.25,208.0,1022.13,12.98
JM안성,2026-02-16,11.0,S11,29.13,15.09,16.21,211.0,1024.92,12.9
JM안성,2026-02-17,10.95,S11,29.18,15.04,16.59,207.0,1025.75,12.97
JM안성,2026-02-18,11.16,S11,28.97,15.25,16.43,208.0,1027.04,12.98
JM안성,2026-02-19,10.81,S11,29.32,14.9,16.46,209.0,1027.88,13.02
JM안성,2026-02-20,10.78,S11,29.35,14.87,16.41,209.0,1023.33,13.0
JM안성,2026-02-21,10.06,S11,30.07,14.15,16.33,216.0,1018.71,13.03
JM안성,2026-02-22,10.78,S11,29.35,14.87,16.12,219.0,1016.46,12.94
JM안성,2026-02-23,10.86,S11,29.27,14.95,16.58,218.0,1026.21,13.0
JM안성,2026-02-24,10.93,S11,29.21,15.02,16.53,213.0,1020.46,12.65
JM안성,2026-02-25,11.12,S11,29.01,15.21,16.6,234.0,1022.25,12.92
JM안성,2026-02-26,11.14,S11,28.99,15.23,16.44,229.0,1019.96,12.96
JM안성,2026-02-27,11.21,S11,28.92,15.3,16.26,180.0,1016.08,12.91
JM안성,2026-02-28,11.19,S11,28.94,15.28,16.31,163.0,1022.42,13.02
JM안성,2026-03-01,11.28,S11,28.85,15.37,16.19,164.0,2032.04,12.98
JM안성,2026-03-02,11.44,S11,28.69,15.53,16.19,198.0,1013.63,12.93
JM안성,2026-03-03,11.33,S11,28.8,15.42,16.19,201.0,1022.13,12.94
JM안성,2026-03-04,11.06,S11,29.07,15.15,16.17,266.0,1026.58,13.03
JM안성,2026-03-05,11.22,S11,28.91,15.31,16.15,412.0,1025.58,13.02
JM안성,2026-03-06,11.37,S11,28.76,15.46,16.24,406.0,1025.29,12.95
JM안성,2026-03-07,11.36,S11,28.77,15.45,16.21,462.0,1030.5,12.96
JM안성,2026-03-08,11.31,S11,28.82,15.4,16.18,492.0,1030.29,13.02
JM안성,2026-03-09,11.4,S11,28.73,15.49,16.16,498.0,1030.79,13.01
JM안성,2026-03-10,11.0,S11,29.13,15.09,16.13,518.0,1030.33,13.02
JM안성,2026-03-11,11.25,S11,28.88,15.34,16.11,264.0,1028.08,13.02
JM안성,2026-03-12,11.29,S11,28.84,15.38,16.1,285.0,1027.96,13.03
JM안성,2026-03-13,11.18,S11,28.95,15.27,16.09,295.0,1030.92,13.03
JM안성,2026-03-14,10.73,S11,29.4,14.82,16.09,309.0,1031.71,13.03
JM안성,2026-03-15,11.11,S11,29.02,15.2,16.07,325.0,1029.0,13.04
JM안성,2026-03-16,11.13,S11,29.0,15.22,16.07,546.0,1026.0,13.02
JM안성,2026-03-17,10.66,S11,29.47,14.75,16.07,620.0,1024.0,13.03
JM안성,2026-03-18,11.02,S11,29.11,15.11,16.24,727.0,1017.83,12.71
JM안성,2026-03-19,11.12,S11,29.01,15.21,16.22,792.0,1021.08,13.0
JM안성,2026-03-20,11.31,S11,28.82,15.4,16.13,435.0,1023.96,13.06
JM안성,2026-03-21,11.26,S11,28.87,15.35,16.09,396.0,1026.42,13.04
JM안성,2026-03-22,10.49,S11,29.64,14.58,16.09,479.0,1022.25,13.03
JM안성,2026-03-23,11.01,S11,29.12,15.1,16.08,425.0,1021.75,13.06
JM안성,2026-03-24,10.55,S11,29.58,14.64,16.07,408.0,1019.42,12.99
JM안성,2026-03-25,11.03,S11,29.1,15.12,16.12,474.0,1016.71,12.92
JM안성,2026-03-26,10.89,S11,29.24,14.98,16.16,605.0,1018.83,13.03
JM안성,2026-03-27,11.21,S11,28.92,15.3,16.13,600.0,1018.54,13.06
JM안성,2026-03-28,10.73,S11,29.4,14.82,16.1,643.0,1019.08,13.06
JM안성,2026-03-29,10.93,S11,29.2,15.02,16.08,737.0,1019.08,13.05
JM안성,2026-03-30,11.05,S11,29.08,15.14,16.09,613.0,1013.33,12.91
JM안성,2026-03-31,10.83,S11,29.3,14.91,16.18,627.0,1012.52,12.98
JM안성,2026-04-01,11.16,S11,28.97,15.22,16.18,656.0,1016.58,12.91
JM안성,2026-04-02,11.04,S11,29.09,15.1,16.2,710.0,1020.67,13.05
JM안성,2026-04-03,11.12,S11,29.01,15.18,16.13,786.0,1017.5,13.0
JM안성,2026-04-04,10.94,S11,29.19,15.0,16.16,820.0,1005.21,12.93
JM안성,2026-04-05,11.31,S11,28.82,15.37,16.19,678.0,1014.04,13.06
JM안성,2026-04-06,11.47,S11,28.66,15.53,16.13,540.0,1013.54,12.94
JM안성,2026-04-07,10.87,S11,29.26,14.93,16.11,530.0,1018.42,13.06
JM안성,2026-04-08,11.38,S11,28.76,15.44,16.09,502.0,1022.63,13.07
JM안성,2026-04-09,11.56,S11,28.57,15.62,16.1,570.0,1011.0,12.47
JM안성,2026-04-10,11.8,S11,28.33,15.86,15.98,628.0,1009.04,13.03
JM안성,2026-04-11,11.93,S11,28.2,15.99,16.07,648.0,1016.92,13.07
JM안성,2026-04-12,12.08,S11,28.05,16.14,16.13,570.0,1018.08,12.98
JM안성,2026-04-13,12.07,S11,28.06,16.13,16.11,536.0,1016.83,12.96
JM안성,2026-04-14,11.78,S11,28.35,15.84,16.11,492.0,1014.63,12.84
JM안성,2026-04-15,12.06,S11,28.07,16.12,16.14,454.0,1015.21,13.03
JM안성,2026-04-16,11.95,S11,28.18,16.01,16.13,452.0,1018.5,13.1
JM안성,2026-04-17,11.97,S11,28.16,16.03,16.18,423.0,1015.96,12.87
JM안성,2026-04-18,12.17,S11,27.96,16.23,16.24,400.0,1014.71,13.04
JM안성,2026-04-19,12.16,S11,27.97,16.22,16.34,443.0,1015.04,13.0
JM안성,2026-04-20,11.64,S11,28.49,15.7,16.26,449.0,1016.54,13.05
JM안성,2026-04-21,12.09,S11,28.04,16.15,16.17,491.0,1021.42,13.05
JM안성,2026-04-22,12.19,S11,27.94,16.25,16.14,450.0,1014.96,12.93
JM안성,2026-04-23,12.27,S11,27.86,16.33,16.25,417.0,1010.75,13.03
JM안성,2026-04-24,12.21,S11,27.92,16.27,16.22,396.0,1018.04,13.1
JM안성,2026-04-25,12.17,S11,27.96,16.23,16.17,430.0,1021.04,13.1
JM안성,2026-04-26,12.07,S11,28.06,16.13,16.15,486.0,1016.83,13.1
JM안성,2026-04-27,12.09,S11,28.04,16.15,16.14,454.0,1016.5,13.12
JM안성,2026-04-28,11.43,S11,28.7,15.49,16.13,427.0,1018.25,12.98
JM안성,2026-04-29,11.79,S11,28.34,15.85,16.12,450.0,1021.96,13.02
JM안성,2026-04-30,11.88,S11,28.25,15.94,16.12,449.0,1018.33,13.0
JM안성,2026-05-01,11.94,S11,28.19,16.0,16.12,458.0,1016.88,13.1
JM안성,2026-05-02,11.9,S11,28.23,15.96,16.12,465.0,1016.42,13.07
JM안성,2026-05-03,12.0,S11,28.13,16.06,16.39,455.0,1009.04,12.91
JM안성,2026-05-04,11.83,S11,28.3,15.89,16.32,,1019.58,13.11
JM안성,2026-05-05,11.24,S11,28.89,15.3,16.2,,1022.42,13.11
JM안성,2026-05-06,11.76,S11,28.37,15.82,16.17,,1020.29,13.1
JM안성,2026-05-07,11.85,S11,28.28,15.91,16.15,,1016.71,13.12
JM안성,2026-05-08,11.57,S11,28.56,15.63,16.14,,1020.13,13.11
JM안성,2026-05-09,11.51,S11,28.62,15.57,16.13,,1023.17,13.1
JM안성,2026-05-10,11.5,S11,28.63,15.56,16.12,,1198.5,13.12
JM안성,2026-05-11,11.32,S11,28.81,15.38,16.12,,1240.75,13.13
JM안성,2026-05-12,10.45,S11,29.68,14.6,16.28,198.0,1012.68,13.08
JM안성,2026-05-13,11.43,S11,28.71,15.72,16.39,197.0,1011.04,13.11
JM안성,2026-05-14,11.51,S11,28.62,15.8,16.35,210.0,1014.71,13.12
JM안성,2026-05-15,11.52,S11,28.61,15.81,16.33,203.0,1020.54,13.12
JM안성,2026-05-16,11.36,S11,28.77,15.65,16.32,199.0,1022.83,13.12
JM안성,2026-05-17,11.45,S11,28.68,15.74,16.32,201.0,1020.96,13.12
JM안성,2026-05-18,11.41,S11,28.72,15.7,16.32,199.0,1018.08,13.11
JM안성,2026-05-19,10.76,S11,29.37,15.05,16.32,199.0,1014.13,13.03
JM안성,2026-05-20,11.33,S11,28.8,15.62,16.32,203.0,1008.67,12.77
JM안성,2026-05-21,11.19,S11,28.94,15.48,16.34,202.0,1008.33,13.08
JM안성,2026-05-22,11.48,S11,28.65,15.77,16.32,207.0,1011.79,13.13
JM안성,2026-05-23,11.55,S11,28.58,15.84,16.32,215.0,1011.71,13.12
JM안성,2026-05-24,11.53,S11,28.6,15.82,16.32,214.0,1013.46,13.08
JM안성,2026-05-25,11.56,S11,28.57,15.85,16.31,212.0,1010.04,13.01
JM안성,2026-05-26,11.04,S11,29.09,15.33,16.5,214.0,1005.13,12.96
JM안성,2026-05-27,11.3,S11,28.83,15.59,16.92,243.0,1003.33,13.1
JM안성,2026-05-28,11.66,S11,28.47,15.95,16.53,234.0,1007.17,13.01
JM안성,2026-05-29,11.59,S11,28.54,15.88,16.42,229.0,1010.58,13.12
JM안성,2026-05-30,11.69,S11,28.44,15.98,16.38,215.0,1013.04,13.1
JM안성,2026-05-31,11.53,S11,28.6,15.82,16.36,207.0,1014.58,13.11
JM안성,2026-06-01,11.67,S11,28.46,15.96,16.42,205.0,1014.17,12.99
JM안성,2026-06-02,11.49,S11,28.64,15.78,16.74,234.0,1006.04,13.01
JM안성,2026-06-03,11.79,S11,28.34,16.08,16.48,234.0,1006.08,13.11
JM안성,2026-06-04,11.83,S11,28.3,16.12,16.46,231.0,1003.63,13.01
JM안성,2026-06-05,11.85,S11,28.28,16.14,16.43,226.0,1009.71,13.1
JM안성,2026-06-06,11.85,S11,28.28,16.14,16.38,222.0,1011.88,13.11
JM안성,2026-06-07,11.84,S11,28.29,16.13,16.36,209.0,1008.42,13.12
JM안성,2026-06-08,11.8,S11,28.33,16.09,16.35,203.0,1009.33,13.07
JM안성,2026-06-09,11.04,S11,29.09,15.33,16.35,204.0,1009.38,13.06
JM안성,2026-06-10,11.54,S11,28.59,15.83,16.33,207.0,1011.71,13.13
