관측소명,날짜,EL,센서,GL,Pressure,Temp,EC,Barometa,Battery
JQ금악61,2005-01-01,24.53,,,,,,,
JQ금악61,2005-01-02,23.99,,,,,,,
JQ금악61,2005-01-03,24.51,,,,,,,
JQ금악61,2005-01-04,24.51,,,,,,,
JQ금악61,2005-01-05,24.05,,,,,,,
JQ금악61,2005-01-06,24.11,,,,,,,
JQ금악61,2005-01-07,24.4,,,,,,,
JQ금악61,2005-01-08,23.96,,,,,,,
JQ금악61,2005-01-09,24.39,,,,,,,
JQ금악61,2005-01-10,24.41,,,,,,,
JQ금악61,2005-01-11,24.41,,,,,,,
JQ금악61,2005-01-12,24.39,,,,,,,
JQ금악61,2005-01-13,24.37,,,,,,,
JQ금악61,2005-01-14,24.36,,,,,,,
JQ금악61,2005-01-15,24.35,,,,,,,
JQ금악61,2005-01-16,23.7,,,,,,,
JQ금악61,2005-01-17,24.24,,,,,,,
JQ금악61,2005-01-18,23.8,,,,,,,
JQ금악61,2005-01-19,23.8,,,,,,,
JQ금악61,2005-01-20,24.14,,,,,,,
JQ금악61,2005-01-21,23.78,,,,,,,
JQ금악61,2005-01-22,23.76,,,,,,,
JQ금악61,2005-01-23,24.17,,,,,,,
JQ금악61,2005-01-24,24.21,,,,,,,
JQ금악61,2005-01-25,23.83,,,,,,,
JQ금악61,2005-01-26,24.19,,,,,,,
JQ금악61,2005-01-27,24.21,,,,,,,
JQ금악61,2005-01-28,23.68,,,,,,,
JQ금악61,2005-01-29,24.15,,,,,,,
JQ금악61,2005-01-30,24.14,,,,,,,
JQ금악61,2005-01-31,24.16,,,,,,,
JQ금악61,2005-02-01,24.15,,,,,,,
JQ금악61,2005-02-02,24.11,,,,,,,
JQ금악61,2005-02-03,24.08,,,,,,,
JQ금악61,2005-02-04,24.07,,,,,,,
JQ금악61,2005-02-05,24.05,,,,,,,
JQ금악61,2005-02-06,24.02,,,,,,,
JQ금악61,2005-02-07,24.02,,,,,,,
JQ금악61,2005-02-08,23.99,,,,,,,
JQ금악61,2005-02-09,23.98,,,,,,,
JQ금악61,2005-02-10,23.95,,,,,,,
JQ금악61,2005-02-11,23.92,,,,,,,
JQ금악61,2005-02-12,23.92,,,,,,,
JQ금악61,2005-02-13,23.31,,,,,,,
JQ금악61,2005-02-14,23.88,,,,,,,
JQ금악61,2005-02-15,23.57,,,,,,,
JQ금악61,2005-02-16,23.97,,,,,,,
JQ금악61,2005-02-17,23.96,,,,,,,
JQ금악61,2005-02-18,23.58,,,,,,,
JQ금악61,2005-02-19,23.9,,,,,,,
JQ금악61,2005-02-20,23.89,,,,,,,
JQ금악61,2005-02-21,23.49,,,,,,,
JQ금악61,2005-02-22,23.83,,,,,,,
JQ금악61,2005-02-23,22.97,,,,,,,
JQ금악61,2005-02-24,23.82,,,,,,,
JQ금악61,2005-02-25,23.81,,,,,,,
JQ금악61,2005-02-26,23.78,,,,,,,
JQ금악61,2005-02-27,23.77,,,,,,,
JQ금악61,2005-02-28,23.76,,,,,,,
JQ금악61,2005-03-01,23.73,,,,,,,
JQ금악61,2005-03-02,23.72,,,,,,,
JQ금악61,2005-03-03,23.72,,,,,,,
JQ금악61,2005-03-04,23.72,,,,,,,
JQ금악61,2005-03-05,23.69,,,,,,,
JQ금악61,2005-03-06,23.67,,,,,,,
JQ금악61,2005-03-07,23.66,,,,,,,
JQ금악61,2005-03-08,23.13,,,,,,,
JQ금악61,2005-03-09,23.61,,,,,,,
JQ금악61,2005-03-10,23.28,,,,,,,
JQ금악61,2005-03-11,23.6,,,,,,,
JQ금악61,2005-03-12,23.6,,,,,,,
JQ금악61,2005-03-13,23.6,,,,,,,
JQ금악61,2005-03-14,22.91,,,,,,,
JQ금악61,2005-03-15,23.41,,,,,,,
JQ금악61,2005-03-16,23.02,,,,,,,
JQ금악61,2005-03-17,23.59,,,,,,,
JQ금악61,2005-03-18,23.79,,,,,,,
JQ금악61,2005-03-19,23.44,,,,,,,
JQ금악61,2005-03-20,23.79,,,,,,,
JQ금악61,2005-03-21,23.28,,,,,,,
JQ금악61,2005-03-22,23.86,,,,,,,
JQ금악61,2005-03-23,24.07,,,,,,,
JQ금악61,2005-03-24,24.13,,,,,,,
JQ금악61,2005-03-25,23.73,,,,,,,
JQ금악61,2005-03-26,24.12,,,,,,,
JQ금악61,2005-03-27,24.2,,,,,,,
JQ금악61,2005-03-28,24.19,,,,,,,
JQ금악61,2005-03-29,23.69,,,,,,,
JQ금악61,2005-03-30,23.62,,,,,,,
JQ금악61,2005-03-31,23.6,,,,,,,
JQ금악61,2005-04-01,23.59,,,,,,,
JQ금악61,2005-04-02,23.95,,,,,,,
JQ금악61,2005-04-03,23.67,,,,,,,
JQ금악61,2005-04-04,23.29,,,,,,,
JQ금악61,2005-04-05,23.57,,,,,,,
JQ금악61,2005-04-06,23.62,,,,,,,
JQ금악61,2005-04-07,23.79,,,,,,,
JQ금악61,2005-04-08,22.87,,,,,,,
JQ금악61,2005-04-09,23.67,,,,,,,
JQ금악61,2005-04-10,23.73,,,,,,,
JQ금악61,2005-04-11,23.15,,,,,,,
JQ금악61,2005-04-12,23.63,,,,,,,
JQ금악61,2005-04-13,23.23,,,,,,,
JQ금악61,2005-04-14,23.55,,,,,,,
JQ금악61,2005-04-15,22.66,,,,,,,
JQ금악61,2005-04-16,23.01,,,,,,,
JQ금악61,2005-04-17,23.42,,,,,,,
JQ금악61,2005-04-18,22.79,,,,,,,
JQ금악61,2005-04-19,23.01,,,,,,,
JQ금악61,2005-04-20,23.19,,,,,,,
JQ금악61,2005-04-21,23.53,,,,,,,
JQ금악61,2005-04-22,23.17,,,,,,,
JQ금악61,2005-04-23,23.08,,,,,,,
JQ금악61,2005-04-24,23.43,,,,,,,
JQ금악61,2005-04-25,22.96,,,,,,,
JQ금악61,2005-04-26,23.34,,,,,,,
JQ금악61,2005-04-27,22.99,,,,,,,
JQ금악61,2005-04-28,23.33,,,,,,,
JQ금악61,2005-04-29,23.01,,,,,,,
JQ금악61,2005-04-30,23.32,,,,,,,
JQ금악61,2005-05-01,23.35,,,,,,,
JQ금악61,2005-05-02,22.96,,,,,,,
JQ금악61,2005-05-03,22.78,,,,,,,
JQ금악61,2005-05-04,23.2,,,,,,,
JQ금악61,2005-05-05,23.28,,,,,,,
JQ금악61,2005-05-06,23.53,,,,,,,
JQ금악61,2005-05-07,23.0,,,,,,,
JQ금악61,2005-05-08,23.25,,,,,,,
JQ금악61,2005-05-09,23.62,,,,,,,
JQ금악61,2005-05-10,23.24,,,,,,,
JQ금악61,2005-05-11,22.76,,,,,,,
JQ금악61,2005-05-12,22.96,,,,,,,
JQ금악61,2005-05-13,22.89,,,,,,,
JQ금악61,2005-05-14,22.88,,,,,,,
JQ금악61,2005-05-15,22.39,,,,,,,
JQ금악61,2005-05-16,22.81,,,,,,,
JQ금악61,2005-05-17,23.14,,,,,,,
JQ금악61,2005-05-18,23.32,,,,,,,
JQ금악61,2005-05-19,22.71,,,,,,,
JQ금악61,2005-05-20,23.42,,,,,,,
JQ금악61,2005-05-21,23.01,,,,,,,
JQ금악61,2005-05-22,22.95,,,,,,,
JQ금악61,2005-05-23,22.81,,,,,,,
JQ금악61,2005-05-24,23.23,,,,,,,
JQ금악61,2005-05-25,21.97,,,,,,,
JQ금악61,2005-05-26,22.31,,,,,,,
JQ금악61,2005-05-27,22.56,,,,,,,
JQ금악61,2005-05-28,22.26,,,,,,,
JQ금악61,2005-05-29,22.03,,,,,,,
JQ금악61,2005-05-30,21.94,,,,,,,
JQ금악61,2005-05-31,22.03,,,,,,,
JQ금악61,2005-06-01,22.87,,,,,,,
JQ금악61,2005-06-02,22.99,,,,,,,
JQ금악61,2005-06-03,22.99,,,,,,,
JQ금악61,2005-06-04,22.41,,,,,,,
JQ금악61,2005-06-05,22.88,,,,,,,
JQ금악61,2005-06-06,22.45,,,,,,,
JQ금악61,2005-06-07,22.61,,,,,,,
JQ금악61,2005-06-08,22.64,,,,,,,
JQ금악61,2005-06-09,22.25,,,,,,,
JQ금악61,2005-06-10,22.8,,,,,,,
JQ금악61,2005-06-11,22.85,,,,,,,
JQ금악61,2005-06-12,22.46,,,,,,,
JQ금악61,2005-06-13,22.75,,,,,,,
JQ금악61,2005-06-14,22.77,,,,,,,
JQ금악61,2005-06-15,22.37,,,,,,,
JQ금악61,2005-06-16,22.69,,,,,,,
JQ금악61,2005-06-17,22.38,,,,,,,
JQ금악61,2005-06-18,22.03,,,,,,,
JQ금악61,2005-06-19,22.53,,,,,,,
JQ금악61,2005-06-20,21.7,,,,,,,
JQ금악61,2005-06-21,22.01,,,,,,,
JQ금악61,2005-06-22,20.99,,,,,,,
JQ금악61,2005-06-23,21.29,,,,,,,
JQ금악61,2005-06-24,21.78,,,,,,,
JQ금악61,2005-06-25,21.63,,,,,,,
JQ금악61,2005-06-26,22.4,,,,,,,
JQ금악61,2005-06-27,22.45,,,,,,,
JQ금악61,2005-06-28,22.42,,,,,,,
JQ금악61,2005-06-29,21.57,,,,,,,
JQ금악61,2005-06-30,21.47,,,,,,,
JQ금악61,2005-07-01,20.98,,,,,,,
JQ금악61,2005-07-02,20.1,,,,,,,
JQ금악61,2005-07-03,19.52,,,,,,,
JQ금악61,2005-07-04,19.53,,,,,,,
JQ금악61,2005-07-05,21.58,,,,,,,
JQ금악61,2005-07-06,22.18,,,,,,,
JQ금악61,2005-07-07,21.87,,,,,,,
JQ금악61,2005-07-08,22.21,,,,,,,
JQ금악61,2005-07-09,22.25,,,,,,,
JQ금악61,2005-07-10,21.89,,,,,,,
JQ금악61,2005-07-11,21.96,,,,,,,
JQ금악61,2005-07-12,22.17,,,,,,,
JQ금악61,2005-07-13,21.99,,,,,,,
JQ금악61,2005-07-14,22.52,,,,,,,
JQ금악61,2005-07-15,22.72,,,,,,,
JQ금악61,2005-07-16,22.8,,,,,,,
JQ금악61,2005-07-17,22.83,,,,,,,
JQ금악61,2005-07-18,22.83,,,,,,,
JQ금악61,2005-07-19,22.84,,,,,,,
JQ금악61,2005-07-20,22.5,,,,,,,
JQ금악61,2005-07-21,22.71,,,,,,,
JQ금악61,2005-07-22,22.12,,,,,,,
JQ금악61,2005-07-23,21.92,,,,,,,
JQ금악61,2005-07-24,22.06,,,,,,,
JQ금악61,2005-07-25,21.98,,,,,,,
JQ금악61,2005-07-26,21.67,,,,,,,
JQ금악61,2005-07-27,21.46,,,,,,,
JQ금악61,2005-07-28,21.88,,,,,,,
JQ금악61,2005-07-29,22.33,,,,,,,
JQ금악61,2005-07-30,22.35,,,,,,,
JQ금악61,2005-07-31,21.93,,,,,,,
JQ금악61,2005-08-01,22.36,,,,,,,
JQ금악61,2005-08-02,22.38,,,,,,,
JQ금악61,2005-08-03,22.37,,,,,,,
JQ금악61,2005-08-04,22.33,,,,,,,
JQ금악61,2005-08-05,21.62,,,,,,,
JQ금악61,2005-08-06,21.64,,,,,,,
JQ금악61,2005-08-07,22.25,,,,,,,
JQ금악61,2005-08-08,22.41,,,,,,,
JQ금악61,2005-08-09,22.48,,,,,,,
JQ금악61,2005-08-10,22.46,,,,,,,
JQ금악61,2005-08-11,22.39,,,,,,,
JQ금악61,2005-08-12,22.32,,,,,,,
JQ금악61,2005-08-13,21.44,,,,,,,
JQ금악61,2005-08-14,22.11,,,,,,,
JQ금악61,2005-08-15,21.79,,,,,,,
JQ금악61,2005-08-16,21.63,,,,,,,
JQ금악61,2005-08-17,22.03,,,,,,,
JQ금악61,2005-08-18,22.05,,,,,,,
JQ금악61,2005-08-19,22.07,,,,,,,
JQ금악61,2005-08-20,21.41,,,,,,,
JQ금악61,2005-08-21,21.73,,,,,,,
JQ금악61,2005-08-22,22.03,,,,,,,
JQ금악61,2005-08-23,21.69,,,,,,,
JQ금악61,2005-08-24,22.09,,,,,,,
JQ금악61,2005-08-25,22.24,,,,,,,
JQ금악61,2005-08-26,22.28,,,,,,,
JQ금악61,2005-08-27,22.25,,,,,,,
JQ금악61,2005-08-28,21.84,,,,,,,
JQ금악61,2005-08-29,22.12,,,,,,,
JQ금악61,2005-08-30,21.74,,,,,,,
JQ금악61,2005-08-31,22.05,,,,,,,
JQ금악61,2005-09-01,21.17,,,,,,,
JQ금악61,2005-09-02,21.36,,,,,,,
JQ금악61,2005-09-03,21.09,,,,,,,
JQ금악61,2005-09-04,21.81,,,,,,,
JQ금악61,2005-09-05,21.5,,,,,,,
JQ금악61,2005-09-06,21.93,,,,,,,
JQ금악61,2005-09-07,20.58,,,,,,,
JQ금악61,2005-09-08,19.59,,,,,,,
JQ금악61,2005-09-09,19.67,,,,,,,
JQ금악61,2005-09-10,19.6,,,,,,,
JQ금악61,2005-09-11,21.37,,,,,,,
JQ금악61,2005-09-12,21.01,,,,,,,
JQ금악61,2005-09-13,21.18,,,,,,,
JQ금악61,2005-09-14,19.32,,,,,,,
JQ금악61,2005-09-15,19.12,,,,,,,
JQ금악61,2005-09-16,18.84,,,,,,,
JQ금악61,2005-09-17,18.57,,,,,,,
JQ금악61,2005-09-18,19.09,,,,,,,
JQ금악61,2005-09-19,19.04,,,,,,,
JQ금악61,2005-09-20,17.72,,,,,,,
JQ금악61,2005-09-21,18.14,,,,,,,
JQ금악61,2005-09-22,18.38,,,,,,,
JQ금악61,2005-09-23,15.73,,,,,,,
JQ금악61,2005-09-24,15.85,,,,,,,
JQ금악61,2005-09-25,14.61,,,,,,,
JQ금악61,2005-09-26,13.88,,,,,,,
JQ금악61,2005-09-27,14.3,,,,,,,
JQ금악61,2005-09-28,15.18,,,,,,,
JQ금악61,2005-09-29,14.65,,,,,,,
JQ금악61,2005-09-30,15.8,,,,,,,
JQ금악61,2005-10-01,18.03,,,,,,,
JQ금악61,2005-10-02,18.67,,,,,,,
JQ금악61,2005-10-03,18.62,,,,,,,
JQ금악61,2005-10-04,19.88,,,,,,,
JQ금악61,2005-10-05,20.17,,,,,,,
JQ금악61,2005-10-06,20.75,,,,,,,
JQ금악61,2005-10-07,20.33,,,,,,,
JQ금악61,2005-10-08,20.48,,,,,,,
JQ금악61,2005-10-09,20.31,,,,,,,
JQ금악61,2005-10-10,19.35,,,,,,,
JQ금악61,2005-10-11,17.83,,,,,,,
JQ금악61,2005-10-12,19.33,,,,,,,
JQ금악61,2005-10-13,18.0,,,,,,,
JQ금악61,2005-10-14,18.52,,,,,,,
JQ금악61,2005-10-15,18.46,,,,,,,
JQ금악61,2005-10-16,17.21,,,,,,,
JQ금악61,2005-10-17,15.46,,,,,,,
JQ금악61,2005-10-18,17.17,,,,,,,
JQ금악61,2005-10-19,16.41,,,,,,,
JQ금악61,2005-10-20,15.82,,,,,,,
JQ금악61,2005-10-21,16.22,,,,,,,
JQ금악61,2005-10-22,17.35,,,,,,,
JQ금악61,2005-10-23,17.91,,,,,,,
JQ금악61,2005-10-24,15.14,,,,,,,
JQ금악61,2005-10-25,15.32,,,,,,,
JQ금악61,2005-10-26,16.04,,,,,,,
JQ금악61,2005-10-27,17.07,,,,,,,
JQ금악61,2005-10-28,19.08,,,,,,,
JQ금악61,2005-10-29,19.59,,,,,,,
JQ금악61,2005-10-30,19.26,,,,,,,
JQ금악61,2005-10-31,18.86,,,,,,,
JQ금악61,2005-11-01,18.67,,,,,,,
JQ금악61,2005-11-02,19.95,,,,,,,
JQ금악61,2005-11-03,19.46,,,,,,,
JQ금악61,2005-11-04,18.92,,,,,,,
JQ금악61,2005-11-05,19.98,,,,,,,
JQ금악61,2005-11-06,20.15,,,,,,,
JQ금악61,2005-11-07,20.16,,,,,,,
JQ금악61,2005-11-08,20.19,,,,,,,
JQ금악61,2005-11-09,20.2,,,,,,,
JQ금악61,2005-11-10,20.22,,,,,,,
JQ금악61,2005-11-11,20.42,,,,,,,
JQ금악61,2005-11-12,20.76,,,,,,,
JQ금악61,2005-11-13,20.88,,,,,,,
JQ금악61,2005-11-14,20.93,,,,,,,
JQ금악61,2005-11-15,20.94,,,,,,,
JQ금악61,2005-11-16,20.39,,,,,,,
JQ금악61,2005-11-17,20.87,,,,,,,
JQ금악61,2005-11-18,20.88,,,,,,,
JQ금악61,2005-11-19,20.84,,,,,,,
JQ금악61,2005-11-20,20.76,,,,,,,
JQ금악61,2005-11-21,19.85,,,,,,,
JQ금악61,2005-11-22,20.04,,,,,,,
JQ금악61,2005-11-23,20.5,,,,,,,
JQ금악61,2005-11-24,19.69,,,,,,,
JQ금악61,2005-11-25,20.43,,,,,,,
JQ금악61,2005-11-26,20.46,,,,,,,
JQ금악61,2005-11-27,20.42,,,,,,,
JQ금악61,2005-11-28,20.4,,,,,,,
JQ금악61,2005-11-29,20.35,,,,,,,
JQ금악61,2005-11-30,19.8,,,,,,,
JQ금악61,2005-12-01,19.87,,,,,,,
JQ금악61,2005-12-02,20.22,,,,,,,
JQ금악61,2005-12-03,20.27,,,,,,,
JQ금악61,2005-12-04,20.29,,,,,,,
JQ금악61,2005-12-05,20.26,,,,,,,
JQ금악61,2005-12-06,20.22,,,,,,,
JQ금악61,2005-12-07,20.22,,,,,,,
JQ금악61,2005-12-08,20.21,,,,,,,
JQ금악61,2005-12-09,20.2,,,,,,,
JQ금악61,2005-12-10,20.2,,,,,,,
JQ금악61,2005-12-11,20.19,,,,,,,
JQ금악61,2005-12-12,20.19,,,,,,,
JQ금악61,2005-12-13,20.19,,,,,,,
JQ금악61,2005-12-14,20.17,,,,,,,
JQ금악61,2005-12-15,20.16,,,,,,,
JQ금악61,2005-12-16,20.16,,,,,,,
JQ금악61,2005-12-17,20.15,,,,,,,
JQ금악61,2005-12-18,20.13,,,,,,,
JQ금악61,2005-12-19,19.63,,,,,,,
JQ금악61,2005-12-20,20.09,,,,,,,
JQ금악61,2005-12-21,20.14,,,,,,,
JQ금악61,2005-12-22,19.75,,,,,,,
JQ금악61,2005-12-23,20.1,,,,,,,
JQ금악61,2005-12-24,20.11,,,,,,,
JQ금악61,2005-12-25,19.73,,,,,,,
JQ금악61,2005-12-26,20.07,,,,,,,
JQ금악61,2005-12-27,19.33,,,,,,,
JQ금악61,2005-12-28,19.06,,,,,,,
JQ금악61,2005-12-29,19.49,,,,,,,
JQ금악61,2005-12-30,19.98,,,,,,,
JQ금악61,2005-12-31,20.02,,,,,,,
JQ금악61,2006-01-01,19.54,,,,,,,
JQ금악61,2006-01-02,19.5,,,,,,,
JQ금악61,2006-01-03,19.95,,,,,,,
JQ금악61,2006-01-04,19.97,,,,,,,
JQ금악61,2006-01-05,19.96,,,,,,,
JQ금악61,2006-01-06,19.96,,,,,,,
JQ금악61,2006-01-07,19.94,,,,,,,
JQ금악61,2006-01-08,19.92,,,,,,,
JQ금악61,2006-01-09,19.92,,,,,,,
JQ금악61,2006-01-10,19.35,,,,,,,
JQ금악61,2006-01-11,19.82,,,,,,,
JQ금악61,2006-01-12,19.86,,,,,,,
JQ금악61,2006-01-13,19.91,,,,,,,
JQ금악61,2006-01-14,19.9,,,,,,,
JQ금악61,2006-01-15,19.88,,,,,,,
JQ금악61,2006-01-16,19.44,,,,,,,
JQ금악61,2006-01-17,19.79,,,,,,,
JQ금악61,2006-01-18,19.91,,,,,,,
JQ금악61,2006-01-19,19.99,,,,,,,
JQ금악61,2006-01-20,19.52,,,,,,,
JQ금악61,2006-01-21,19.97,,,,,,,
JQ금악61,2006-01-22,19.49,,,,,,,
JQ금악61,2006-01-23,19.84,,,,,,,
JQ금악61,2006-01-24,19.84,,,,,,,
JQ금악61,2006-01-25,19.84,,,,,,,
JQ금악61,2006-01-26,19.44,,,,,,,
JQ금악61,2006-01-27,19.82,,,,,,,
JQ금악61,2006-01-28,19.46,,,,,,,
JQ금악61,2006-01-29,19.79,,,,,,,
JQ금악61,2006-01-30,19.79,,,,,,,
JQ금악61,2006-01-31,19.8,,,,,,,
JQ금악61,2006-02-01,19.78,,,,,,,
JQ금악61,2006-02-02,19.74,,,,,,,
JQ금악61,2006-02-03,19.72,,,,,,,
JQ금악61,2006-02-04,19.7,,,,,,,
JQ금악61,2006-02-05,19.71,,,,,,,
JQ금악61,2006-02-06,19.76,,,,,,,
JQ금악61,2006-02-07,19.73,,,,,,,
JQ금악61,2006-02-08,18.89,,,,,,,
JQ금악61,2006-02-09,19.6,,,,,,,
JQ금악61,2006-02-10,19.68,,,,,,,
JQ금악61,2006-02-11,19.32,,,,,,,
JQ금악61,2006-02-12,19.13,,,,,,,
JQ금악61,2006-02-13,19.6,,,,,,,
JQ금악61,2006-02-14,19.65,,,,,,,
JQ금악61,2006-02-15,19.19,,,,,,,
JQ금악61,2006-02-16,19.1,,,,,,,
JQ금악61,2006-02-17,19.47,,,,,,,
JQ금악61,2006-02-18,18.65,,,,,,,
JQ금악61,2006-02-19,17.14,,,,,,,
JQ금악61,2006-02-20,18.02,,,,,,,
JQ금악61,2006-02-21,19.02,,,,,,,
JQ금악61,2006-02-22,19.44,,,,,,,
JQ금악61,2006-02-23,18.95,,,,,,,
JQ금악61,2006-02-24,19.42,,,,,,,
JQ금악61,2006-02-25,19.02,,,,,,,
JQ금악61,2006-02-26,19.02,,,,,,,
JQ금악61,2006-02-27,19.39,,,,,,,
JQ금악61,2006-02-28,19.46,,,,,,,
JQ금악61,2006-03-01,18.94,,,,,,,
JQ금악61,2006-03-02,19.4,,,,,,,
JQ금악61,2006-03-03,19.4,,,,,,,
JQ금악61,2006-03-04,18.84,,,,,,,
JQ금악61,2006-03-05,18.97,,,,,,,
JQ금악61,2006-03-06,19.37,,,,,,,
JQ금악61,2006-03-07,19.34,,,,,,,
JQ금악61,2006-03-08,18.82,,,,,,,
JQ금악61,2006-03-09,19.3,,,,,,,
JQ금악61,2006-03-10,18.33,,,,,,,
JQ금악61,2006-03-11,19.2,,,,,,,
JQ금악61,2006-03-12,19.24,,,,,,,
JQ금악61,2006-03-13,19.25,,,,,,,
JQ금악61,2006-03-14,18.77,,,,,,,
JQ금악61,2006-03-15,19.18,,,,,,,
JQ금악61,2006-03-16,19.28,,,,,,,
JQ금악61,2006-03-17,19.24,,,,,,,
JQ금악61,2006-03-18,19.29,,,,,,,
JQ금악61,2006-03-19,19.26,,,,,,,
JQ금악61,2006-03-20,18.71,,,,,,,
JQ금악61,2006-03-21,18.79,,,,,,,
JQ금악61,2006-03-22,19.25,,,,,,,
JQ금악61,2006-03-23,18.6,,,,,,,
JQ금악61,2006-03-24,19.09,,,,,,,
JQ금악61,2006-03-25,19.19,,,,,,,
JQ금악61,2006-03-26,18.78,,,,,,,
JQ금악61,2006-03-27,19.16,,,,,,,
JQ금악61,2006-03-28,19.15,,,,,,,
JQ금악61,2006-03-29,18.66,,,,,,,
JQ금악61,2006-03-30,18.41,,,,,,,
JQ금악61,2006-03-31,19.05,,,,,,,
JQ금악61,2006-04-01,19.13,,,,,,,
JQ금악61,2006-04-02,19.17,,,,,,,
JQ금악61,2006-04-03,19.14,,,,,,,
JQ금악61,2006-04-04,19.2,,,,,,,
JQ금악61,2006-04-05,19.22,,,,,,,
JQ금악61,2006-04-06,18.64,,,,,,,
JQ금악61,2006-04-07,19.22,,,,,,,
JQ금악61,2006-04-08,19.21,,,,,,,
JQ금악61,2006-04-09,19.22,,,,,,,
JQ금악61,2006-04-10,19.53,,,,,,,
JQ금악61,2006-04-11,19.84,,,,,,,
JQ금악61,2006-04-12,19.4,,,,,,,
JQ금악61,2006-04-13,20.02,,,,,,,
JQ금악61,2006-04-14,19.74,,,,,,,
JQ금악61,2006-04-15,20.09,,,,,,,
JQ금악61,2006-04-16,19.23,,,,,,,
JQ금악61,2006-04-17,19.62,,,,,,,
JQ금악61,2006-04-18,20.1,,,,,,,
JQ금악61,2006-04-19,20.16,,,,,,,
JQ금악61,2006-04-20,19.61,,,,,,,
JQ금악61,2006-04-21,19.67,,,,,,,
JQ금악61,2006-04-22,20.12,,,,,,,
JQ금악61,2006-04-23,19.64,,,,,,,
JQ금악61,2006-04-24,19.68,,,,,,,
JQ금악61,2006-04-25,19.56,,,,,,,
JQ금악61,2006-04-26,19.6,,,,,,,
JQ금악61,2006-04-27,19.95,,,,,,,
JQ금악61,2006-04-28,19.26,,,,,,,
JQ금악61,2006-04-29,19.91,,,,,,,
JQ금악61,2006-04-30,18.59,,,,,,,
JQ금악61,2006-05-01,18.96,,,,,,,
JQ금악61,2006-05-02,19.24,,,,,,,
JQ금악61,2006-05-03,19.04,,,,,,,
JQ금악61,2006-05-04,19.12,,,,,,,
JQ금악61,2006-05-05,19.16,,,,,,,
JQ금악61,2006-05-06,19.73,,,,,,,
JQ금악61,2006-05-07,20.04,,,,,,,
JQ금악61,2006-05-08,20.17,,,,,,,
JQ금악61,2006-05-09,19.72,,,,,,,
JQ금악61,2006-05-10,20.33,,,,,,,
JQ금악61,2006-05-11,19.88,,,,,,,
JQ금악61,2006-05-12,20.04,,,,,,,
JQ금악61,2006-05-13,20.45,,,,,,,
JQ금악61,2006-05-14,20.05,,,,,,,
JQ금악61,2006-05-15,20.09,,,,,,,
JQ금악61,2006-05-16,19.93,,,,,,,
JQ금악61,2006-05-17,20.47,,,,,,,
JQ금악61,2006-05-18,20.52,,,,,,,
JQ금악61,2006-05-19,20.6,,,,,,,
JQ금악61,2006-05-20,20.03,,,,,,,
JQ금악61,2006-05-21,20.19,,,,,,,
JQ금악61,2006-05-22,20.67,,,,,,,
JQ금악61,2006-05-23,20.18,,,,,,,
JQ금악61,2006-05-24,20.62,,,,,,,
JQ금악61,2006-05-25,20.25,,,,,,,
JQ금악61,2006-05-26,20.68,,,,,,,
JQ금악61,2006-05-27,20.56,,,,,,,
JQ금악61,2006-05-28,20.4,,,,,,,
JQ금악61,2006-05-29,20.2,,,,,,,
JQ금악61,2006-05-30,20.17,,,,,,,
JQ금악61,2006-05-31,20.05,,,,,,,
JQ금악61,2006-06-01,19.65,,,,,,,
JQ금악61,2006-06-02,20.14,,,,,,,
JQ금악61,2006-06-03,19.44,,,,,,,
JQ금악61,2006-06-04,19.92,,,,,,,
JQ금악61,2006-06-05,19.97,,,,,,,
JQ금악61,2006-06-06,19.49,,,,,,,
JQ금악61,2006-06-07,19.87,,,,,,,
JQ금악61,2006-06-08,20.46,,,,,,,
JQ금악61,2006-06-09,19.89,,,,,,,
JQ금악61,2006-06-10,20.43,,,,,,,
JQ금악61,2006-06-11,19.32,,,,,,,
JQ금악61,2006-06-12,19.21,,,,,,,
JQ금악61,2006-06-13,20.2,,,,,,,
JQ금악61,2006-06-14,19.86,,,,,,,
JQ금악61,2006-06-15,20.7,,,,,,,
JQ금악61,2006-06-16,20.37,,,,,,,
JQ금악61,2006-06-17,19.77,,,,,,,
JQ금악61,2006-06-18,20.89,,,,,,,
JQ금악61,2006-06-19,20.07,,,,,,,
JQ금악61,2006-06-20,19.51,,,,,,,
JQ금악61,2006-06-21,20.74,,,,,,,
JQ금악61,2006-06-22,21.0,,,,,,,
JQ금악61,2006-06-23,21.03,,,,,,,
JQ금악61,2006-06-24,21.04,,,,,,,
JQ금악61,2006-06-25,21.39,,,,,,,
JQ금악61,2006-06-26,21.22,,,,,,,
JQ금악61,2006-06-27,21.61,,,,,,,
JQ금악61,2006-06-28,21.17,,,,,,,
JQ금악61,2006-06-29,21.0,,,,,,,
JQ금악61,2006-06-30,21.74,,,,,,,
JQ금악61,2006-07-01,21.86,,,,,,,
JQ금악61,2006-07-02,21.5,,,,,,,
JQ금악61,2006-07-03,21.72,,,,,,,
JQ금악61,2006-07-04,22.38,,,,,,,
JQ금악61,2006-07-05,22.76,,,,,,,
JQ금악61,2006-07-06,22.26,,,,,,,
JQ금악61,2006-07-07,22.35,,,,,,,
JQ금악61,2006-07-08,22.79,,,,,,,
JQ금악61,2006-07-09,23.15,,,,,,,
JQ금악61,2006-07-10,23.96,,,,,,,
JQ금악61,2006-07-11,24.26,,,,,,,
JQ금악61,2006-07-12,24.28,,,,,,,
JQ금악61,2006-07-13,23.37,,,,,,,
JQ금악61,2006-07-14,23.87,,,,,,,
JQ금악61,2006-07-15,23.4,,,,,,,
JQ금악61,2006-07-16,23.16,,,,,,,
JQ금악61,2006-07-17,23.01,,,,,,,
JQ금악61,2006-07-18,23.3,,,,,,,
JQ금악61,2006-07-19,22.81,,,,,,,
JQ금악61,2006-07-20,22.82,,,,,,,
JQ금악61,2006-07-21,22.17,,,,,,,
JQ금악61,2006-07-22,22.64,,,,,,,
JQ금악61,2006-07-23,23.16,,,,,,,
JQ금악61,2006-07-24,22.73,,,,,,,
JQ금악61,2006-07-25,23.19,,,,,,,
JQ금악61,2006-07-26,22.7,,,,,,,
JQ금악61,2006-07-27,22.14,,,,,,,
JQ금악61,2006-07-28,23.05,,,,,,,
JQ금악61,2006-07-29,21.96,,,,,,,
JQ금악61,2006-07-30,22.41,,,,,,,
JQ금악61,2006-07-31,22.04,,,,,,,
JQ금악61,2006-08-01,22.01,,,,,,,
JQ금악61,2006-08-02,21.56,,,,,,,
JQ금악61,2006-08-03,22.28,,,,,,,
JQ금악61,2006-08-04,22.92,,,,,,,
JQ금악61,2006-08-05,22.06,,,,,,,
JQ금악61,2006-08-06,21.18,,,,,,,
JQ금악61,2006-08-07,21.63,,,,,,,
JQ금악61,2006-08-08,21.82,,,,,,,
JQ금악61,2006-08-09,21.71,,,,,,,
JQ금악61,2006-08-10,21.82,,,,,,,
JQ금악61,2006-08-11,21.63,,,,,,,
JQ금악61,2006-08-12,22.85,,,,,,,
JQ금악61,2006-08-13,22.18,,,,,,,
JQ금악61,2006-08-14,22.4,,,,,,,
JQ금악61,2006-08-15,22.0,,,,,,,
JQ금악61,2006-08-16,22.97,,,,,,,
JQ금악61,2006-08-17,22.21,,,,,,,
JQ금악61,2006-08-18,22.23,,,,,,,
JQ금악61,2006-08-19,22.44,,,,,,,
JQ금악61,2006-08-20,21.65,,,,,,,
JQ금악61,2006-08-21,22.73,,,,,,,
JQ금악61,2006-08-22,21.95,,,,,,,
JQ금악61,2006-08-23,22.67,,,,,,,
JQ금악61,2006-08-24,21.83,,,,,,,
JQ금악61,2006-08-25,22.85,,,,,,,
JQ금악61,2006-08-26,22.24,,,,,,,
JQ금악61,2006-08-27,22.46,,,,,,,
JQ금악61,2006-08-28,21.99,,,,,,,
JQ금악61,2006-08-29,21.43,,,,,,,
JQ금악61,2006-08-30,22.73,,,,,,,
JQ금악61,2006-08-31,22.9,,,,,,,
JQ금악61,2006-09-01,22.89,,,,,,,
JQ금악61,2006-09-02,22.88,,,,,,,
JQ금악61,2006-09-03,21.23,,,,,,,
JQ금악61,2006-09-04,22.19,,,,,,,
JQ금악61,2006-09-05,22.17,,,,,,,
JQ금악61,2006-09-06,22.77,,,,,,,
JQ금악61,2006-09-07,22.0,,,,,,,
JQ금악61,2006-09-08,22.12,,,,,,,
JQ금악61,2006-09-09,22.72,,,,,,,
JQ금악61,2006-09-10,22.3,,,,,,,
JQ금악61,2006-09-11,22.08,,,,,,,
JQ금악61,2006-09-12,22.15,,,,,,,
JQ금악61,2006-09-13,22.71,,,,,,,
JQ금악61,2006-09-14,22.09,,,,,,,
JQ금악61,2006-09-15,22.72,,,,,,,
JQ금악61,2006-09-16,22.3,,,,,,,
JQ금악61,2006-09-17,22.81,,,,,,,
JQ금악61,2006-09-18,22.67,,,,,,,
JQ금악61,2006-09-19,22.74,,,,,,,
JQ금악61,2006-09-20,22.87,,,,,,,
JQ금악61,2006-09-21,23.16,,,,,,,
JQ금악61,2006-09-22,21.79,,,,,,,
JQ금악61,2006-09-23,20.95,,,,,,,
JQ금악61,2006-09-24,21.84,,,,,,,
JQ금악61,2006-09-25,21.22,,,,,,,
JQ금악61,2006-09-26,20.5,,,,,,,
JQ금악61,2006-09-27,20.76,,,,,,,
JQ금악61,2006-09-28,20.44,,,,,,,
JQ금악61,2006-09-29,20.04,,,,,,,
JQ금악61,2006-09-30,19.71,,,,,,,
JQ금악61,2006-10-01,20.04,,,,,,,
JQ금악61,2006-10-02,17.92,,,,,,,
JQ금악61,2006-10-03,17.78,,,,,,,
JQ금악61,2006-10-04,17.83,,,,,,,
JQ금악61,2006-10-05,19.52,,,,,,,
JQ금악61,2006-10-06,17.88,,,,,,,
JQ금악61,2006-10-07,18.18,,,,,,,
JQ금악61,2006-10-08,18.53,,,,,,,
JQ금악61,2006-10-09,18.63,,,,,,,
JQ금악61,2006-10-10,17.98,,,,,,,
JQ금악61,2006-10-11,17.71,,,,,,,
JQ금악61,2006-10-12,16.52,,,,,,,
JQ금악61,2006-10-13,16.25,,,,,,,
JQ금악61,2006-10-14,17.87,,,,,,,
JQ금악61,2006-10-15,18.0,,,,,,,
JQ금악61,2006-10-16,18.5,,,,,,,
JQ금악61,2006-10-17,18.07,,,,,,,
JQ금악61,2006-10-18,18.94,,,,,,,
JQ금악61,2006-10-19,19.89,,,,,,,
JQ금악61,2006-10-20,21.49,,,,,,,
JQ금악61,2006-10-21,21.73,,,,,,,
JQ금악61,2006-10-22,21.83,,,,,,,
JQ금악61,2006-10-23,22.0,,,,,,,
JQ금악61,2006-10-24,22.48,,,,,,,
JQ금악61,2006-10-25,21.9,,,,,,,
JQ금악61,2006-10-26,21.93,,,,,,,
JQ금악61,2006-10-27,21.94,,,,,,,
JQ금악61,2006-10-28,22.01,,,,,,,
JQ금악61,2006-10-29,21.83,,,,,,,
JQ금악61,2006-10-30,21.14,,,,,,,
JQ금악61,2006-10-31,21.65,,,,,,,
JQ금악61,2006-11-01,21.12,,,,,,,
JQ금악61,2006-11-02,21.29,,,,,,,
JQ금악61,2006-11-03,20.86,,,,,,,
JQ금악61,2006-11-04,22.25,,,,,,,
JQ금악61,2006-11-05,21.89,,,,,,,
JQ금악61,2006-11-06,22.44,,,,,,,
JQ금악61,2006-11-07,21.91,,,,,,,
JQ금악61,2006-11-08,22.4,,,,,,,
JQ금악61,2006-11-09,22.03,,,,,,,
JQ금악61,2006-11-10,22.47,,,,,,,
JQ금악61,2006-11-11,21.97,,,,,,,
JQ금악61,2006-11-12,21.24,,,,,,,
JQ금악61,2006-11-13,21.89,,,,,,,
JQ금악61,2006-11-14,22.37,,,,,,,
JQ금악61,2006-11-15,21.82,,,,,,,
JQ금악61,2006-11-16,21.8,,,,,,,
JQ금악61,2006-11-17,21.33,,,,,,,
JQ금악61,2006-11-18,22.23,,,,,,,
JQ금악61,2006-11-19,22.33,,,,,,,
JQ금악61,2006-11-20,22.35,,,,,,,
JQ금악61,2006-11-21,21.59,,,,,,,
JQ금악61,2006-11-22,22.04,,,,,,,
JQ금악61,2006-11-23,22.37,,,,,,,
JQ금악61,2006-11-24,22.17,,,,,,,
JQ금악61,2006-11-25,22.29,,,,,,,
JQ금악61,2006-11-26,22.37,,,,,,,
JQ금악61,2006-11-27,22.43,,,,,,,
JQ금악61,2006-11-28,22.56,,,,,,,
JQ금악61,2006-11-29,22.61,,,,,,,
JQ금악61,2006-11-30,22.56,,,,,,,
JQ금악61,2006-12-01,22.51,,,,,,,
JQ금악61,2006-12-02,22.49,,,,,,,
JQ금악61,2006-12-03,22.31,,,,,,,
JQ금악61,2006-12-04,22.28,,,,,,,
JQ금악61,2006-12-05,22.41,,,,,,,
JQ금악61,2006-12-06,22.33,,,,,,,
JQ금악61,2006-12-07,22.37,,,,,,,
JQ금악61,2006-12-08,22.33,,,,,,,
JQ금악61,2006-12-09,22.42,,,,,,,
JQ금악61,2006-12-10,22.36,,,,,,,
JQ금악61,2006-12-11,22.42,,,,,,,
JQ금악61,2006-12-12,22.46,,,,,,,
JQ금악61,2006-12-13,22.47,,,,,,,
JQ금악61,2006-12-14,22.47,,,,,,,
JQ금악61,2006-12-15,22.41,,,,,,,
JQ금악61,2006-12-16,22.42,,,,,,,
JQ금악61,2006-12-17,22.37,,,,,,,
JQ금악61,2006-12-18,22.36,,,,,,,
JQ금악61,2006-12-19,22.35,,,,,,,
JQ금악61,2006-12-20,22.37,,,,,,,
JQ금악61,2006-12-21,22.39,,,,,,,
JQ금악61,2006-12-22,22.19,,,,,,,
JQ금악61,2006-12-23,22.02,,,,,,,
JQ금악61,2006-12-24,22.34,,,,,,,
JQ금악61,2006-12-25,22.38,,,,,,,
JQ금악61,2006-12-26,22.39,,,,,,,
JQ금악61,2006-12-27,22.33,,,,,,,
JQ금악61,2006-12-28,22.27,,,,,,,
JQ금악61,2006-12-29,22.22,,,,,,,
JQ금악61,2006-12-30,22.21,,,,,,,
JQ금악61,2006-12-31,22.02,,,,,,,
JQ금악61,2007-01-01,22.31,,,,,,,
JQ금악61,2007-01-02,22.33,,,,,,,
JQ금악61,2007-01-03,22.33,,,,,,,
JQ금악61,2007-01-04,22.32,,,,,,,
JQ금악61,2007-01-05,22.27,,,,,,,
JQ금악61,2007-01-06,22.33,,,,,,,
JQ금악61,2007-01-07,22.3,,,,,,,
JQ금악61,2007-01-08,22.27,,,,,,,
JQ금악61,2007-01-09,22.22,,,,,,,
JQ금악61,2007-01-10,22.03,,,,,,,
JQ금악61,2007-01-11,22.18,,,,,,,
JQ금악61,2007-01-12,22.18,,,,,,,
JQ금악61,2007-01-13,22.05,,,,,,,
JQ금악61,2007-01-14,22.18,,,,,,,
JQ금악61,2007-01-15,22.14,,,,,,,
JQ금악61,2007-01-16,22.21,,,,,,,
JQ금악61,2007-01-17,22.2,,,,,,,
JQ금악61,2007-01-18,22.05,,,,,,,
JQ금악61,2007-01-19,22.15,,,,,,,
JQ금악61,2007-01-20,22.12,,,,,,,
JQ금악61,2007-01-21,22.06,,,,,,,
JQ금악61,2007-01-22,22.01,,,,,,,
JQ금악61,2007-01-23,22.09,,,,,,,
JQ금악61,2007-01-24,22.05,,,,,,,
JQ금악61,2007-01-25,21.94,,,,,,,
JQ금악61,2007-01-26,21.72,,,,,,,
JQ금악61,2007-01-27,21.71,,,,,,,
JQ금악61,2007-01-28,22.06,,,,,,,
JQ금악61,2007-01-29,22.06,,,,,,,
JQ금악61,2007-01-30,21.84,,,,,,,
JQ금악61,2007-01-31,21.75,,,,,,,
JQ금악61,2007-02-01,21.96,,,,,,,
JQ금악61,2007-02-02,22.0,,,,,,,
JQ금악61,2007-02-03,22.0,,,,,,,
JQ금악61,2007-02-04,21.72,,,,,,,
JQ금악61,2007-02-05,21.92,,,,,,,
JQ금악61,2007-02-06,21.9,,,,,,,
JQ금악61,2007-02-07,21.83,,,,,,,
JQ금악61,2007-02-08,21.81,,,,,,,
JQ금악61,2007-02-09,21.74,,,,,,,
JQ금악61,2007-02-10,21.54,,,,,,,
JQ금악61,2007-02-11,21.62,,,,,,,
JQ금악61,2007-02-12,21.64,,,,,,,
JQ금악61,2007-02-13,21.83,,,,,,,
JQ금악61,2007-02-14,21.84,,,,,,,
JQ금악61,2007-02-15,21.81,,,,,,,
JQ금악61,2007-02-16,21.83,,,,,,,
JQ금악61,2007-02-17,21.64,,,,,,,
JQ금악61,2007-02-18,21.77,,,,,,,
JQ금악61,2007-02-19,21.83,,,,,,,
JQ금악61,2007-02-20,21.79,,,,,,,
JQ금악61,2007-02-21,21.76,,,,,,,
JQ금악61,2007-02-22,21.78,,,,,,,
JQ금악61,2007-02-23,21.76,,,,,,,
JQ금악61,2007-02-24,21.74,,,,,,,
JQ금악61,2007-02-25,21.72,,,,,,,
JQ금악61,2007-02-26,21.69,,,,,,,
JQ금악61,2007-02-27,21.67,,,,,,,
JQ금악61,2007-02-28,20.87,,,,,,,
JQ금악61,2007-03-01,21.18,,,,,,,
JQ금악61,2007-03-02,21.64,,,,,,,
JQ금악61,2007-03-03,21.3,,,,,,,
JQ금악61,2007-03-04,21.67,,,,,,,
JQ금악61,2007-03-05,21.81,,,,,,,
JQ금악61,2007-03-06,22.01,,,,,,,
JQ금악61,2007-03-07,22.06,,,,,,,
JQ금악61,2007-03-08,22.0,,,,,,,
JQ금악61,2007-03-09,21.58,,,,,,,
JQ금악61,2007-03-10,21.81,,,,,,,
JQ금악61,2007-03-11,21.77,,,,,,,
JQ금악61,2007-03-12,21.23,,,,,,,
JQ금악61,2007-03-13,21.69,,,,,,,
JQ금악61,2007-03-14,21.7,,,,,,,
JQ금악61,2007-03-15,21.72,,,,,,,
JQ금악61,2007-03-16,21.69,,,,,,,
JQ금악61,2007-03-17,20.95,,,,,,,
JQ금악61,2007-03-18,21.59,,,,,,,
JQ금악61,2007-03-19,21.62,,,,,,,
JQ금악61,2007-03-20,21.23,,,,,,,
JQ금악61,2007-03-21,21.27,,,,,,,
JQ금악61,2007-03-22,20.7,,,,,,,
JQ금악61,2007-03-23,21.48,,,,,,,
JQ금악61,2007-03-24,21.65,,,,,,,
JQ금악61,2007-03-25,21.46,,,,,,,
JQ금악61,2007-03-26,21.82,,,,,,,
JQ금악61,2007-03-27,21.83,,,,,,,
JQ금악61,2007-03-28,21.06,,,,,,,
JQ금악61,2007-03-29,21.45,,,,,,,
JQ금악61,2007-03-30,21.67,,,,,,,
JQ금악61,2007-03-31,21.46,,,,,,,
JQ금악61,2007-04-01,21.36,,,,,,,
JQ금악61,2007-04-02,21.39,,,,,,,
JQ금악61,2007-04-03,21.22,,,,,,,
JQ금악61,2007-04-04,21.16,,,,,,,
JQ금악61,2007-04-05,21.19,,,,,,,
JQ금악61,2007-04-06,21.17,,,,,,,
JQ금악61,2007-04-07,20.81,,,,,,,
JQ금악61,2007-04-08,21.13,,,,,,,
JQ금악61,2007-04-09,20.36,,,,,,,
JQ금악61,2007-04-10,20.55,,,,,,,
JQ금악61,2007-04-11,20.57,,,,,,,
JQ금악61,2007-04-12,20.59,,,,,,,
JQ금악61,2007-04-13,20.9,,,,,,,
JQ금악61,2007-04-14,20.07,,,,,,,
JQ금악61,2007-04-15,20.95,,,,,,,
JQ금악61,2007-04-16,20.93,,,,,,,
JQ금악61,2007-04-17,20.81,,,,,,,
JQ금악61,2007-04-18,20.86,,,,,,,
JQ금악61,2007-04-19,20.93,,,,,,,
JQ금악61,2007-04-20,20.59,,,,,,,
JQ금악61,2007-04-21,20.99,,,,,,,
JQ금악61,2007-04-22,21.21,,,,,,,
JQ금악61,2007-04-23,20.73,,,,,,,
JQ금악61,2007-04-24,20.69,,,,,,,
JQ금악61,2007-04-25,20.86,,,,,,,
JQ금악61,2007-04-26,20.44,,,,,,,
JQ금악61,2007-04-27,20.35,,,,,,,
JQ금악61,2007-04-28,20.61,,,,,,,
JQ금악61,2007-04-29,20.06,,,,,,,
JQ금악61,2007-04-30,20.36,,,,,,,
JQ금악61,2007-05-01,21.04,,,,,,,
JQ금악61,2007-05-02,20.43,,,,,,,
JQ금악61,2007-05-03,20.34,,,,,,,
JQ금악61,2007-05-04,20.44,,,,,,,
JQ금악61,2007-05-05,20.74,,,,,,,
JQ금악61,2007-05-06,21.01,,,,,,,
JQ금악61,2007-05-07,19.77,,,,,,,
JQ금악61,2007-05-08,20.68,,,,,,,
JQ금악61,2007-05-09,20.68,,,,,,,
JQ금악61,2007-05-10,20.37,,,,,,,
JQ금악61,2007-05-11,20.27,,,,,,,
JQ금악61,2007-05-12,20.7,,,,,,,
JQ금악61,2007-05-13,20.22,,,,,,,
JQ금악61,2007-05-14,20.24,,,,,,,
JQ금악61,2007-05-15,20.9,,,,,,,
JQ금악61,2007-05-16,20.74,,,,,,,
JQ금악61,2007-05-17,20.62,,,,,,,
JQ금악61,2007-05-18,20.33,,,,,,,
JQ금악61,2007-05-19,20.18,,,,,,,
JQ금악61,2007-05-20,20.57,,,,,,,
JQ금악61,2007-05-21,20.05,,,,,,,
JQ금악61,2007-05-22,19.71,,,,,,,
JQ금악61,2007-05-23,20.46,,,,,,,
JQ금악61,2007-05-24,20.55,,,,,,,
JQ금악61,2007-05-25,20.85,,,,,,,
JQ금악61,2007-05-26,20.29,,,,,,,
JQ금악61,2007-05-27,20.12,,,,,,,
JQ금악61,2007-05-28,20.48,,,,,,,
JQ금악61,2007-05-29,20.47,,,,,,,
JQ금악61,2007-05-30,19.65,,,,,,,
JQ금악61,2007-05-31,20.38,,,,,,,
JQ금악61,2007-06-01,20.74,,,,,,,
JQ금악61,2007-06-02,20.54,,,,,,,
JQ금악61,2007-06-03,20.52,,,,,,,
JQ금악61,2007-06-04,19.78,,,,,,,
JQ금악61,2007-06-05,20.66,,,,,,,
JQ금악61,2007-06-06,19.93,,,,,,,
JQ금악61,2007-06-07,19.72,,,,,,,
JQ금악61,2007-06-08,20.35,,,,,,,
JQ금악61,2007-06-09,19.93,,,,,,,
JQ금악61,2007-06-10,19.2,,,,,,,
JQ금악61,2007-06-11,19.25,,,,,,,
JQ금악61,2007-06-12,20.16,,,,,,,
JQ금악61,2007-06-13,20.59,,,,,,,
JQ금악61,2007-06-14,20.27,,,,,,,
JQ금악61,2007-06-15,20.59,,,,,,,
JQ금악61,2007-06-16,20.28,,,,,,,
JQ금악61,2007-06-17,20.32,,,,,,,
JQ금악61,2007-06-18,20.25,,,,,,,
JQ금악61,2007-06-19,20.15,,,,,,,
JQ금악61,2007-06-20,20.56,,,,,,,
JQ금악61,2007-06-21,20.29,,,,,,,
JQ금악61,2007-06-22,20.33,,,,,,,
JQ금악61,2007-06-23,20.55,,,,,,,
JQ금악61,2007-06-24,20.61,,,,,,,
JQ금악61,2007-06-25,20.29,,,,,,,
JQ금악61,2007-06-26,20.24,,,,,,,
JQ금악61,2007-06-27,20.24,,,,,,,
JQ금악61,2007-06-28,20.16,,,,,,,
JQ금악61,2007-06-29,20.19,,,,,,,
JQ금악61,2007-06-30,20.47,,,,,,,
JQ금악61,2007-07-01,20.16,,,,,,,
JQ금악61,2007-07-02,20.58,,,,,,,
JQ금악61,2007-07-03,20.57,,,,,,,
JQ금악61,2007-07-04,20.99,,,,,,,
JQ금악61,2007-07-05,21.1,,,,,,,
JQ금악61,2007-07-06,21.23,,,,,,,
JQ금악61,2007-07-07,21.71,,,,,,,
JQ금악61,2007-07-08,21.98,,,,,,,
JQ금악61,2007-07-09,22.81,,,,,,,
JQ금악61,2007-07-10,23.31,,,,,,,
JQ금악61,2007-07-11,23.01,,,,,,,
JQ금악61,2007-07-12,22.98,,,,,,,
JQ금악61,2007-07-13,23.45,,,,,,,
JQ금악61,2007-07-14,23.2,,,,,,,
JQ금악61,2007-07-15,23.2,,,,,,,
JQ금악61,2007-07-16,22.76,,,,,,,
JQ금악61,2007-07-17,21.81,,,,,,,
JQ금악61,2007-07-18,21.24,,,,,,,
JQ금악61,2007-07-19,22.39,,,,,,,
JQ금악61,2007-07-20,22.34,,,,,,,
JQ금악61,2007-07-21,22.69,,,,,,,
JQ금악61,2007-07-22,22.35,,,,,,,
JQ금악61,2007-07-23,22.43,,,,,,,
JQ금악61,2007-07-24,22.38,,,,,,,
JQ금악61,2007-07-25,21.62,,,,,,,
JQ금악61,2007-07-26,20.73,,,,,,,
JQ금악61,2007-07-27,21.58,,,,,,,
JQ금악61,2007-07-28,21.23,,,,,,,
JQ금악61,2007-07-29,21.73,,,,,,,
JQ금악61,2007-07-30,21.55,,,,,,,
JQ금악61,2007-07-31,21.02,,,,,,,
JQ금악61,2007-08-01,21.47,,,,,,,
JQ금악61,2007-08-02,21.2,,,,,,,
JQ금악61,2007-08-03,19.67,,,,,,,
JQ금악61,2007-08-04,20.22,,,,,,,
JQ금악61,2007-08-05,20.89,,,,,,,
JQ금악61,2007-08-06,20.47,,,,,,,
JQ금악61,2007-08-07,21.32,,,,,,,
JQ금악61,2007-08-08,21.54,,,,,,,
JQ금악61,2007-08-09,21.76,,,,,,,
JQ금악61,2007-08-10,21.51,,,,,,,
JQ금악61,2007-08-11,21.72,,,,,,,
JQ금악61,2007-08-12,22.28,,,,,,,
JQ금악61,2007-08-13,22.03,,,,,,,
JQ금악61,2007-08-14,22.59,,,,,,,
JQ금악61,2007-08-15,22.39,,,,,,,
JQ금악61,2007-08-16,22.73,,,,,,,
JQ금악61,2007-08-17,22.42,,,,,,,
JQ금악61,2007-08-18,22.08,,,,,,,
JQ금악61,2007-08-19,22.44,,,,,,,
JQ금악61,2007-08-20,22.83,,,,,,,
JQ금악61,2007-08-21,22.05,,,,,,,
JQ금악61,2007-08-22,23.09,,,,,,,
JQ금악61,2007-08-23,22.39,,,,,,,
JQ금악61,2007-08-24,22.6,,,,,,,
JQ금악61,2007-08-25,22.89,,,,,,,
JQ금악61,2007-08-26,22.87,,,,,,,
JQ금악61,2007-08-27,22.7,,,,,,,
JQ금악61,2007-08-28,22.61,,,,,,,
JQ금악61,2007-08-29,22.43,,,,,,,
JQ금악61,2007-08-30,22.27,,,,,,,
JQ금악61,2007-08-31,22.35,,,,,,,
JQ금악61,2007-09-01,22.63,,,,,,,
JQ금악61,2007-09-02,21.96,,,,,,,
JQ금악61,2007-09-03,22.52,,,,,,,
JQ금악61,2007-09-04,22.83,,,,,,,
JQ금악61,2007-09-05,22.64,,,,,,,
JQ금악61,2007-09-06,22.95,,,,,,,
JQ금악61,2007-09-07,23.32,,,,,,,
JQ금악61,2007-09-08,22.97,,,,,,,
JQ금악61,2007-09-09,22.74,,,,,,,
JQ금악61,2007-09-10,22.95,,,,,,,
JQ금악61,2007-09-11,22.76,,,,,,,
JQ금악61,2007-09-12,22.75,,,,,,,
JQ금악61,2007-09-13,22.65,,,,,,,
JQ금악61,2007-09-14,22.99,,,,,,,
JQ금악61,2007-09-15,23.23,,,,,,,
JQ금악61,2007-09-16,23.85,,,,,,,
JQ금악61,2007-09-17,24.38,,,,,,,
JQ금악61,2007-09-18,25.26,,,,,,,
JQ금악61,2007-09-19,25.28,,,,,,,
JQ금악61,2007-09-20,25.26,,,,,,,
JQ금악61,2007-09-21,25.09,,,,,,,
JQ금악61,2007-09-22,25.23,,,,,,,
JQ금악61,2007-09-23,24.75,,,,,,,
JQ금악61,2007-09-24,24.48,,,,,,,
JQ금악61,2007-09-25,23.35,,,,,,,
JQ금악61,2007-09-26,23.71,,,,,,,
JQ금악61,2007-09-27,23.68,,,,,,,
JQ금악61,2007-09-28,23.78,,,,,,,
JQ금악61,2007-09-29,21.8,,,,,,,
JQ금악61,2007-09-30,21.08,,,,,,,
JQ금악61,2007-10-01,20.31,,,,,,,
JQ금악61,2007-10-02,18.35,,,,,,,
JQ금악61,2007-10-03,18.6,,,,,,,
JQ금악61,2007-10-04,18.54,,,,,,,
JQ금악61,2007-10-05,19.47,,,,,,,
JQ금악61,2007-10-06,22.49,,,,,,,
JQ금악61,2007-10-07,22.73,,,,,,,
JQ금악61,2007-10-08,23.88,,,,,,,
JQ금악61,2007-10-09,23.8,,,,,,,
JQ금악61,2007-10-10,23.79,,,,,,,
JQ금악61,2007-10-11,23.5,,,,,,,
JQ금악61,2007-10-12,21.72,,,,,,,
JQ금악61,2007-10-13,21.48,,,,,,,
JQ금악61,2007-10-14,22.66,,,,,,,
JQ금악61,2007-10-15,22.23,,,,,,,
JQ금악61,2007-10-16,20.4,,,,,,,
JQ금악61,2007-10-17,19.73,,,,,,,
JQ금악61,2007-10-18,18.89,,,,,,,
JQ금악61,2007-10-19,19.41,,,,,,,
JQ금악61,2007-10-20,19.1,,,,,,,
JQ금악61,2007-10-21,18.96,,,,,,,
JQ금악61,2007-10-22,19.91,,,,,,,
JQ금악61,2007-10-23,21.1,,,,,,,
JQ금악61,2007-10-24,21.43,,,,,,,
JQ금악61,2007-10-25,23.05,,,,,,,
JQ금악61,2007-10-26,23.75,,,,,,,
JQ금악61,2007-10-27,23.49,,,,,,,
JQ금악61,2007-10-28,23.83,,,,,,,
JQ금악61,2007-10-29,23.76,,,,,,,
JQ금악61,2007-10-30,23.41,,,,,,,
JQ금악61,2007-10-31,23.55,,,,,,,
JQ금악61,2007-11-01,23.71,,,,,,,
JQ금악61,2007-11-02,23.57,,,,,,,
JQ금악61,2007-11-03,22.51,,,,,,,
JQ금악61,2007-11-04,23.01,,,,,,,
JQ금악61,2007-11-05,23.69,,,,,,,
JQ금악61,2007-11-06,22.41,,,,,,,
JQ금악61,2007-11-07,21.61,,,,,,,
JQ금악61,2007-11-08,21.55,,,,,,,
JQ금악61,2007-11-09,21.95,,,,,,,
JQ금악61,2007-11-10,22.31,,,,,,,
JQ금악61,2007-11-11,23.01,,,,,,,
JQ금악61,2007-11-12,22.99,,,,,,,
JQ금악61,2007-11-13,22.5,,,,,,,
JQ금악61,2007-11-14,21.76,,,,,,,
JQ금악61,2007-11-15,21.03,,,,,,,
JQ금악61,2007-11-16,20.51,,,,,,,
JQ금악61,2007-11-17,21.03,,,,,,,
JQ금악61,2007-11-18,22.11,,,,,,,
JQ금악61,2007-11-19,21.44,,,,,,,
JQ금악61,2007-11-20,22.1,,,,,,,
JQ금악61,2007-11-21,22.32,,,,,,,
JQ금악61,2007-11-22,21.73,,,,,,,
JQ금악61,2007-11-23,22.34,,,,,,,
JQ금악61,2007-11-24,21.16,,,,,,,
JQ금악61,2007-11-25,20.46,,,,,,,
JQ금악61,2007-11-26,21.52,,,,,,,
JQ금악61,2007-11-27,21.33,,,,,,,
JQ금악61,2007-11-28,20.97,,,,,,,
JQ금악61,2007-11-29,20.36,,,,,,,
JQ금악61,2007-11-30,22.48,,,,,,,
JQ금악61,2007-12-01,21.81,,,,,,,
JQ금악61,2007-12-02,22.64,,,,,,,
JQ금악61,2007-12-03,21.98,,,,,,,
JQ금악61,2007-12-04,21.43,,,,,,,
JQ금악61,2007-12-05,20.51,,,,,,,
JQ금악61,2007-12-06,22.16,,,,,,,
JQ금악61,2007-12-07,21.78,,,,,,,
JQ금악61,2007-12-08,21.1,,,,,,,
JQ금악61,2007-12-09,20.38,,,,,,,
JQ금악61,2007-12-10,21.36,,,,,,,
JQ금악61,2007-12-11,21.32,,,,,,,
JQ금악61,2007-12-12,22.86,,,,,,,
JQ금악61,2007-12-13,23.28,,,,,,,
JQ금악61,2007-12-14,23.1,,,,,,,
JQ금악61,2007-12-15,22.77,,,,,,,
JQ금악61,2007-12-16,23.04,,,,,,,
JQ금악61,2007-12-17,23.06,,,,,,,
JQ금악61,2007-12-18,21.84,,,,,,,
JQ금악61,2007-12-19,22.23,,,,,,,
JQ금악61,2007-12-20,22.27,,,,,,,
JQ금악61,2007-12-21,23.06,,,,,,,
JQ금악61,2007-12-22,23.09,,,,,,,
JQ금악61,2007-12-23,22.94,,,,,,,
JQ금악61,2007-12-24,22.55,,,,,,,
JQ금악61,2007-12-25,23.03,,,,,,,
JQ금악61,2007-12-26,22.94,,,,,,,
JQ금악61,2007-12-27,23.0,,,,,,,
JQ금악61,2007-12-28,23.44,,,,,,,
JQ금악61,2007-12-29,23.3,,,,,,,
JQ금악61,2007-12-30,23.59,,,,,,,
JQ금악61,2007-12-31,23.21,,,,,,,
JQ금악61,2008-01-01,23.2,,,,,,,
JQ금악61,2008-01-02,23.45,,,,,,,
JQ금악61,2008-01-03,23.19,,,,,,,
JQ금악61,2008-01-04,23.02,,,,,,,
JQ금악61,2008-01-05,22.78,,,,,,,
JQ금악61,2008-01-06,23.11,,,,,,,
JQ금악61,2008-01-07,22.88,,,,,,,
JQ금악61,2008-01-08,22.88,,,,,,,
JQ금악61,2008-01-09,22.65,,,,,,,
JQ금악61,2008-01-10,22.96,,,,,,,
JQ금악61,2008-01-11,23.13,,,,,,,
JQ금악61,2008-01-12,23.12,,,,,,,
JQ금악61,2008-01-13,22.99,,,,,,,
JQ금악61,2008-01-14,22.93,,,,,,,
JQ금악61,2008-01-15,23.04,,,,,,,
JQ금악61,2008-01-16,23.06,,,,,,,
JQ금악61,2008-01-17,23.05,,,,,,,
JQ금악61,2008-01-18,22.85,,,,,,,
JQ금악61,2008-01-19,22.97,,,,,,,
JQ금악61,2008-01-20,23.05,,,,,,,
JQ금악61,2008-01-21,23.06,,,,,,,
JQ금악61,2008-01-22,22.88,,,,,,,
JQ금악61,2008-01-23,22.94,,,,,,,
JQ금악61,2008-01-24,22.99,,,,,,,
JQ금악61,2008-01-25,23.01,,,,,,,
JQ금악61,2008-01-26,22.05,,,,,,,
JQ금악61,2008-01-27,20.83,,,,,,,
JQ금악61,2008-01-28,20.99,,,,,,,
JQ금악61,2008-01-29,21.57,,,,,,,
JQ금악61,2008-01-30,22.69,,,,,,,
JQ금악61,2008-01-31,22.93,,,,,,,
JQ금악61,2008-02-01,22.65,,,,,,,
JQ금악61,2008-02-02,22.91,,,,,,,
JQ금악61,2008-02-03,22.79,,,,,,,
JQ금악61,2008-02-04,22.55,,,,,,,
JQ금악61,2008-02-05,22.92,,,,,,,
JQ금악61,2008-02-06,22.93,,,,,,,
JQ금악61,2008-02-07,22.69,,,,,,,
JQ금악61,2008-02-08,22.92,,,,,,,
JQ금악61,2008-02-09,22.87,,,,,,,
JQ금악61,2008-02-10,22.58,,,,,,,
JQ금악61,2008-02-11,22.91,,,,,,,
JQ금악61,2008-02-12,22.62,,,,,,,
JQ금악61,2008-02-13,22.77,,,,,,,
JQ금악61,2008-02-14,22.59,,,,,,,
JQ금악61,2008-02-15,22.76,,,,,,,
JQ금악61,2008-02-16,21.75,,,,,,,
JQ금악61,2008-02-17,22.34,,,,,,,
JQ금악61,2008-02-18,22.47,,,,,,,
JQ금악61,2008-02-19,22.22,,,,,,,
JQ금악61,2008-02-20,22.59,,,,,,,
JQ금악61,2008-02-21,21.45,,,,,,,
JQ금악61,2008-02-22,22.44,,,,,,,
JQ금악61,2008-02-23,22.61,,,,,,,
JQ금악61,2008-02-24,21.74,,,,,,,
JQ금악61,2008-02-25,22.37,,,,,,,
JQ금악61,2008-02-26,22.79,,,,,,,
JQ금악61,2008-02-27,22.5,,,,,,,
JQ금악61,2008-02-28,22.7,,,,,,,
JQ금악61,2008-02-29,22.6,,,,,,,
JQ금악61,2008-03-01,22.51,,,,,,,
JQ금악61,2008-03-02,22.21,,,,,,,
JQ금악61,2008-03-03,22.62,,,,,,,
JQ금악61,2008-03-04,22.57,,,,,,,
JQ금악61,2008-03-05,22.05,,,,,,,
JQ금악61,2008-03-06,21.78,,,,,,,
JQ금악61,2008-03-07,21.65,,,,,,,
JQ금악61,2008-03-08,22.08,,,,,,,
JQ금악61,2008-03-09,22.64,,,,,,,
JQ금악61,2008-03-10,22.26,,,,,,,
JQ금악61,2008-03-11,22.45,,,,,,,
JQ금악61,2008-03-12,22.36,,,,,,,
JQ금악61,2008-03-13,22.48,,,,,,,
JQ금악61,2008-03-14,22.14,,,,,,,
JQ금악61,2008-03-15,22.37,,,,,,,
JQ금악61,2008-03-16,22.44,,,,,,,
JQ금악61,2008-03-17,22.37,,,,,,,
JQ금악61,2008-03-18,22.44,,,,,,,
JQ금악61,2008-03-19,22.44,,,,,,,
JQ금악61,2008-03-20,22.34,,,,,,,
JQ금악61,2008-03-21,21.97,,,,,,,
JQ금악61,2008-03-22,22.37,,,,,,,
JQ금악61,2008-03-23,22.51,,,,,,,
JQ금악61,2008-03-24,22.66,,,,,,,
JQ금악61,2008-03-25,22.79,,,,,,,
JQ금악61,2008-03-26,22.56,,,,,,,
JQ금악61,2008-03-27,22.99,,,,,,,
JQ금악61,2008-03-28,22.38,,,,,,,
JQ금악61,2008-03-29,22.63,,,,,,,
JQ금악61,2008-03-30,22.74,,,,,,,
JQ금악61,2008-03-31,22.7,,,,,,,
JQ금악61,2008-04-01,22.52,,,,,,,
JQ금악61,2008-04-02,22.28,,,,,,,
JQ금악61,2008-04-03,22.18,,,,,,,
JQ금악61,2008-04-04,21.77,,,,,,,
JQ금악61,2008-04-05,22.55,,,,,,,
JQ금악61,2008-04-06,22.85,,,,,,,
JQ금악61,2008-04-07,22.36,,,,,,,
JQ금악61,2008-04-08,22.38,,,,,,,
JQ금악61,2008-04-09,22.61,,,,,,,
JQ금악61,2008-04-10,22.83,,,,,,,
JQ금악61,2008-04-11,22.09,,,,,,,
JQ금악61,2008-04-12,22.77,,,,,,,
JQ금악61,2008-04-13,22.48,,,,,,,
JQ금악61,2008-04-14,22.09,,,,,,,
JQ금악61,2008-04-15,22.71,,,,,,,
JQ금악61,2008-04-16,22.13,,,,,,,
JQ금악61,2008-04-17,22.64,,,,,,,
JQ금악61,2008-04-18,22.07,,,,,,,
JQ금악61,2008-04-19,22.09,,,,,,,
JQ금악61,2008-04-20,22.59,,,,,,,
JQ금악61,2008-04-21,22.29,,,,,,,
JQ금악61,2008-04-22,22.34,,,,,,,
JQ금악61,2008-04-23,21.92,,,,,,,
JQ금악61,2008-04-24,21.1,,,,,,,
JQ금악61,2008-04-25,21.61,,,,,,,
JQ금악61,2008-04-26,22.21,,,,,,,
JQ금악61,2008-04-27,22.13,,,,,,,
JQ금악61,2008-04-28,21.81,,,,,,,
JQ금악61,2008-04-29,22.13,,,,,,,
JQ금악61,2008-04-30,21.83,,,,,,,
JQ금악61,2008-05-01,22.43,,,,,,,
JQ금악61,2008-05-02,21.21,,,,,,,
JQ금악61,2008-05-03,21.82,,,,,,,
JQ금악61,2008-05-04,22.39,,,,,,,
JQ금악61,2008-05-05,22.14,,,,,,,
JQ금악61,2008-05-06,21.52,,,,,,,
JQ금악61,2008-05-07,21.71,,,,,,,
JQ금악61,2008-05-08,22.01,,,,,,,
JQ금악61,2008-05-09,21.61,,,,,,,
JQ금악61,2008-05-10,21.57,,,,,,,
JQ금악61,2008-05-11,20.63,,,,,,,
JQ금악61,2008-05-12,20.24,,,,,,,
JQ금악61,2008-05-13,20.2,,,,,,,
JQ금악61,2008-05-14,19.57,,,,,,,
JQ금악61,2008-05-15,20.33,,,,,,,
JQ금악61,2008-05-16,19.52,,,,,,,
JQ금악61,2008-05-17,19.15,,,,,,,
JQ금악61,2008-05-18,19.41,,,,,,,
JQ금악61,2008-05-19,21.43,,,,,,,
JQ금악61,2008-05-20,21.53,,,,,,,
JQ금악61,2008-05-21,21.28,,,,,,,
JQ금악61,2008-05-22,20.66,,,,,,,
JQ금악61,2008-05-23,21.38,,,,,,,
JQ금악61,2008-05-24,21.23,,,,,,,
JQ금악61,2008-05-25,21.58,,,,,,,
JQ금악61,2008-05-26,20.62,,,,,,,
JQ금악61,2008-05-27,20.87,,,,,,,
JQ금악61,2008-05-28,21.93,,,,,,,
JQ금악61,2008-05-29,21.65,,,,,,,
JQ금악61,2008-05-30,22.14,,,,,,,
JQ금악61,2008-05-31,22.05,,,,,,,
JQ금악61,2008-06-01,22.15,,,,,,,
JQ금악61,2008-06-02,22.21,,,,,,,
JQ금악61,2008-06-03,22.13,,,,,,,
JQ금악61,2008-06-04,22.2,,,,,,,
JQ금악61,2008-06-05,22.15,,,,,,,
JQ금악61,2008-06-06,22.05,,,,,,,
JQ금악61,2008-06-07,21.98,,,,,,,
JQ금악61,2008-06-08,21.97,,,,,,,
JQ금악61,2008-06-09,21.94,,,,,,,
JQ금악61,2008-06-10,22.02,,,,,,,
JQ금악61,2008-06-11,22.16,,,,,,,
JQ금악61,2008-06-12,21.88,,,,,,,
JQ금악61,2008-06-13,21.86,,,,,,,
JQ금악61,2008-06-14,21.87,,,,,,,
JQ금악61,2008-06-15,21.7,,,,,,,
JQ금악61,2008-06-16,21.88,,,,,,,
JQ금악61,2008-06-17,21.89,,,,,,,
JQ금악61,2008-06-18,22.16,,,,,,,
JQ금악61,2008-06-19,22.64,,,,,,,
JQ금악61,2008-06-20,22.72,,,,,,,
JQ금악61,2008-06-21,23.15,,,,,,,
JQ금악61,2008-06-22,23.75,,,,,,,
JQ금악61,2008-06-23,24.29,,,,,,,
JQ금악61,2008-06-24,24.14,,,,,,,
JQ금악61,2008-06-25,24.1,,,,,,,
JQ금악61,2008-06-26,23.87,,,,,,,
JQ금악61,2008-06-27,23.47,,,,,,,
JQ금악61,2008-06-28,24.06,,,,,,,
JQ금악61,2008-06-29,23.91,,,,,,,
JQ금악61,2008-06-30,23.46,,,,,,,
JQ금악61,2008-07-01,23.79,,,,,,,
JQ금악61,2008-07-02,23.88,,,,,,,
JQ금악61,2008-07-03,23.73,,,,,,,
JQ금악61,2008-07-04,23.88,,,,,,,
JQ금악61,2008-07-05,23.67,,,,,,,
JQ금악61,2008-07-06,24.02,,,,,,,
JQ금악61,2008-07-07,23.57,,,,,,,
JQ금악61,2008-07-08,23.38,,,,,,,
JQ금악61,2008-07-09,23.66,,,,,,,
JQ금악61,2008-07-10,23.21,,,,,,,
JQ금악61,2008-07-11,23.41,,,,,,,
JQ금악61,2008-07-12,23.68,,,,,,,
JQ금악61,2008-07-13,23.83,,,,,,,
JQ금악61,2008-07-14,23.01,,,,,,,
JQ금악61,2008-07-15,22.51,,,,,,,
JQ금악61,2008-07-16,22.61,,,,,,,
JQ금악61,2008-07-17,22.31,,,,,,,
JQ금악61,2008-07-18,22.62,,,,,,,
JQ금악61,2008-07-19,23.1,,,,,,,
JQ금악61,2008-07-20,23.34,,,,,,,
JQ금악61,2008-07-21,23.02,,,,,,,
JQ금악61,2008-07-22,23.02,,,,,,,
JQ금악61,2008-07-23,21.87,,,,,,,
JQ금악61,2008-07-24,22.12,,,,,,,
JQ금악61,2008-07-25,22.77,,,,,,,
JQ금악61,2008-07-26,22.02,,,,,,,
JQ금악61,2008-07-27,21.77,,,,,,,
JQ금악61,2008-07-28,21.81,,,,,,,
JQ금악61,2008-07-29,21.82,,,,,,,
JQ금악61,2008-07-30,22.78,,,,,,,
JQ금악61,2008-07-31,22.33,,,,,,,
JQ금악61,2008-08-01,21.78,,,,,,,
JQ금악61,2008-08-02,20.78,,,,,,,
JQ금악61,2008-08-03,22.0,,,,,,,
JQ금악61,2008-08-04,21.65,,,,,,,
JQ금악61,2008-08-05,21.03,,,,,,,
JQ금악61,2008-08-06,21.26,,,,,,,
JQ금악61,2008-08-07,20.64,,,,,,,
JQ금악61,2008-08-08,20.81,,,,,,,
JQ금악61,2008-08-09,21.07,,,,,,,
JQ금악61,2008-08-10,22.53,,,,,,,
JQ금악61,2008-08-11,22.58,,,,,,,
JQ금악61,2008-08-12,22.46,,,,,,,
JQ금악61,2008-08-13,22.44,,,,,,,
JQ금악61,2008-08-14,22.86,,,,,,,
JQ금악61,2008-08-15,22.55,,,,,,,
JQ금악61,2008-08-16,22.92,,,,,,,
JQ금악61,2008-08-17,22.55,,,,,,,
JQ금악61,2008-08-18,22.85,,,,,,,
JQ금악61,2008-08-19,22.26,,,,,,,
JQ금악61,2008-08-20,22.17,,,,,,,
JQ금악61,2008-08-21,22.75,,,,,,,
JQ금악61,2008-08-22,22.84,,,,,,,
JQ금악61,2008-08-23,22.53,,,,,,,
JQ금악61,2008-08-24,22.84,,,,,,,
JQ금악61,2008-08-25,22.47,,,,,,,
JQ금악61,2008-08-26,22.15,,,,,,,
JQ금악61,2008-08-27,21.81,,,,,,,
JQ금악61,2008-08-28,21.93,,,,,,,
JQ금악61,2008-08-29,21.78,,,,,,,
JQ금악61,2008-08-30,21.0,,,,,,,
JQ금악61,2008-08-31,21.0,,,,,,,
JQ금악61,2008-09-01,21.55,,,,,,,
JQ금악61,2008-09-02,22.2,,,,,,,
JQ금악61,2008-09-03,21.89,,,,,,,
JQ금악61,2008-09-04,21.63,,,,,,,
JQ금악61,2008-09-05,20.62,,,,,,,
JQ금악61,2008-09-06,21.8,,,,,,,
JQ금악61,2008-09-07,19.85,,,,,,,
JQ금악61,2008-09-08,20.26,,,,,,,
JQ금악61,2008-09-09,17.82,,,,,,,
JQ금악61,2008-09-10,19.84,,,,,,,
JQ금악61,2008-09-11,20.43,,,,,,,
JQ금악61,2008-09-12,21.63,,,,,,,
JQ금악61,2008-09-13,21.8,,,,,,,
JQ금악61,2008-09-14,22.09,,,,,,,
JQ금악61,2008-09-15,22.19,,,,,,,
JQ금악61,2008-09-16,22.12,,,,,,,
JQ금악61,2008-09-17,22.54,,,,,,,
JQ금악61,2008-09-18,22.29,,,,,,,
JQ금악61,2008-09-19,22.53,,,,,,,
JQ금악61,2008-09-20,22.51,,,,,,,
JQ금악61,2008-09-21,22.24,,,,,,,
JQ금악61,2008-09-22,22.65,,,,,,,
JQ금악61,2008-09-23,22.41,,,,,,,
JQ금악61,2008-09-24,22.21,,,,,,,
JQ금악61,2008-09-25,22.53,,,,,,,
JQ금악61,2008-09-26,22.35,,,,,,,
JQ금악61,2008-09-27,22.39,,,,,,,
JQ금악61,2008-09-28,21.69,,,,,,,
JQ금악61,2008-09-29,22.06,,,,,,,
JQ금악61,2008-09-30,22.43,,,,,,,
JQ금악61,2008-10-01,22.24,,,,,,,
JQ금악61,2008-10-02,22.38,,,,,,,
JQ금악61,2008-10-03,21.51,,,,,,,
JQ금악61,2008-10-04,22.16,,,,,,,
JQ금악61,2008-10-05,22.07,,,,,,,
JQ금악61,2008-10-06,21.93,,,,,,,
JQ금악61,2008-10-07,21.29,,,,,,,
JQ금악61,2008-10-08,21.29,,,,,,,
JQ금악61,2008-10-09,20.19,,,,,,,
JQ금악61,2008-10-10,20.79,,,,,,,
JQ금악61,2008-10-11,20.07,,,,,,,
JQ금악61,2008-10-12,18.99,,,,,,,
JQ금악61,2008-10-13,19.44,,,,,,,
JQ금악61,2008-10-14,19.57,,,,,,,
JQ금악61,2008-10-15,17.76,,,,,,,
JQ금악61,2008-10-16,18.13,,,,,,,
JQ금악61,2008-10-17,19.53,,,,,,,
JQ금악61,2008-10-18,20.01,,,,,,,
JQ금악61,2008-10-19,20.18,,,,,,,
JQ금악61,2008-10-20,21.52,,,,,,,
JQ금악61,2008-10-21,21.61,,,,,,,
JQ금악61,2008-10-22,21.76,,,,,,,
JQ금악61,2008-10-23,21.87,,,,,,,
JQ금악61,2008-10-24,21.8,,,,,,,
JQ금악61,2008-10-25,21.82,,,,,,,
JQ금악61,2008-10-26,21.82,,,,,,,
JQ금악61,2008-10-27,21.38,,,,,,,
JQ금악61,2008-10-28,21.55,,,,,,,
JQ금악61,2008-10-29,21.85,,,,,,,
JQ금악61,2008-10-30,21.82,,,,,,,
JQ금악61,2008-10-31,21.49,,,,,,,
JQ금악61,2008-11-01,21.72,,,,,,,
JQ금악61,2008-11-02,21.52,,,,,,,
JQ금악61,2008-11-03,21.53,,,,,,,
JQ금악61,2008-11-04,21.49,,,,,,,
JQ금악61,2008-11-05,21.42,,,,,,,
JQ금악61,2008-11-06,21.67,,,,,,,
JQ금악61,2008-11-07,21.76,,,,,,,
JQ금악61,2008-11-08,21.81,,,,,,,
JQ금악61,2008-11-09,21.8,,,,,,,
JQ금악61,2008-11-10,21.42,,,,,,,
JQ금악61,2008-11-11,21.76,,,,,,,
JQ금악61,2008-11-12,21.74,,,,,,,
JQ금악61,2008-11-13,21.41,,,,,,,
JQ금악61,2008-11-14,21.38,,,,,,,
JQ금악61,2008-11-15,21.73,,,,,,,
JQ금악61,2008-11-16,21.4,,,,,,,
JQ금악61,2008-11-17,21.42,,,,,,,
JQ금악61,2008-11-18,21.62,,,,,,,
JQ금악61,2008-11-19,21.6,,,,,,,
JQ금악61,2008-11-20,21.54,,,,,,,
JQ금악61,2008-11-21,21.6,,,,,,,
JQ금악61,2008-11-22,21.25,,,,,,,
JQ금악61,2008-11-23,21.34,,,,,,,
JQ금악61,2008-11-24,21.6,,,,,,,
JQ금악61,2008-11-25,21.54,,,,,,,
JQ금악61,2008-11-26,21.31,,,,,,,
JQ금악61,2008-11-27,21.55,,,,,,,
JQ금악61,2008-11-28,21.48,,,,,,,
JQ금악61,2008-11-29,21.3,,,,,,,
JQ금악61,2008-11-30,21.26,,,,,,,
JQ금악61,2008-12-01,21.41,,,,,,,
JQ금악61,2008-12-02,21.49,,,,,,,
JQ금악61,2008-12-03,21.18,,,,,,,
JQ금악61,2008-12-04,21.33,,,,,,,
JQ금악61,2008-12-05,21.45,,,,,,,
JQ금악61,2009-01-09,21.24,,,,,,,
JQ금악61,2009-01-10,20.97,,,,,,,
JQ금악61,2009-01-11,20.74,,,,,,,
JQ금악61,2009-01-12,20.73,,,,,,,
JQ금악61,2009-01-13,20.89,,,,,,,
JQ금악61,2009-01-14,20.73,,,,,,,
JQ금악61,2009-01-15,20.71,,,,,,,
JQ금악61,2009-01-16,20.63,,,,,,,
JQ금악61,2009-01-17,20.6,,,,,,,
JQ금악61,2009-01-18,20.65,,,,,,,
JQ금악61,2009-01-19,20.83,,,,,,,
JQ금악61,2009-01-20,20.6,,,,,,,
JQ금악61,2009-01-21,20.61,,,,,,,
JQ금악61,2009-01-22,20.56,,,,,,,
JQ금악61,2009-01-23,20.89,,,,,,,
JQ금악61,2009-01-24,20.51,,,,,,,
JQ금악61,2009-01-25,20.5,,,,,,,
JQ금악61,2009-01-26,20.37,,,,,,,
JQ금악61,2009-01-27,20.31,,,,,,,
JQ금악61,2009-01-28,20.42,,,,,,,
JQ금악61,2009-01-29,20.45,,,,,,,
JQ금악61,2009-01-30,20.44,,,,,,,
JQ금악61,2009-01-31,20.32,,,,,,,
JQ금악61,2009-02-01,20.26,,,,,,,
JQ금악61,2009-02-02,20.27,,,,,,,
JQ금악61,2009-02-03,20.49,,,,,,,
JQ금악61,2009-02-04,20.42,,,,,,,
JQ금악61,2009-02-05,20.31,,,,,,,
JQ금악61,2009-02-06,20.19,,,,,,,
JQ금악61,2009-02-07,20.14,,,,,,,
JQ금악61,2009-02-08,20.16,,,,,,,
JQ금악61,2009-02-09,20.2,,,,,,,
JQ금악61,2009-02-10,20.33,,,,,,,
JQ금악61,2009-02-11,20.2,,,,,,,
JQ금악61,2009-02-12,20.4,,,,,,,
JQ금악61,2009-02-13,20.18,,,,,,,
JQ금악61,2009-02-14,20.08,,,,,,,
JQ금악61,2009-02-15,20.02,,,,,,,
JQ금악61,2009-02-16,19.95,,,,,,,
JQ금악61,2009-02-17,20.08,,,,,,,
JQ금악61,2009-02-18,19.71,,,,,,,
JQ금악61,2009-02-19,20.16,,,,,,,
JQ금악61,2009-02-20,20.15,,,,,,,
JQ금악61,2009-02-21,19.99,,,,,,,
JQ금악61,2009-02-22,20.12,,,,,,,
JQ금악61,2009-02-23,20.35,,,,,,,
JQ금악61,2009-02-24,20.5,,,,,,,
JQ금악61,2009-02-25,20.55,,,,,,,
JQ금악61,2009-02-26,20.59,,,,,,,
JQ금악61,2009-02-27,20.71,,,,,,,
JQ금악61,2009-02-28,20.81,,,,,,,
JQ금악61,2009-03-01,20.53,,,,,,,
JQ금악61,2009-03-02,20.56,,,,,,,
JQ금악61,2009-03-03,20.58,,,,,,,
JQ금악61,2009-03-04,20.55,,,,,,,
JQ금악61,2009-03-05,20.56,,,,,,,
JQ금악61,2009-03-06,20.79,,,,,,,
JQ금악61,2009-03-07,20.08,,,,,,,
JQ금악61,2009-03-08,20.29,,,,,,,
JQ금악61,2009-03-09,20.35,,,,,,,
JQ금악61,2009-03-10,20.41,,,,,,,
JQ금악61,2009-03-11,20.55,,,,,,,
JQ금악61,2009-03-12,20.31,,,,,,,
JQ금악61,2009-03-13,20.49,,,,,,,
JQ금악61,2009-03-14,20.61,,,,,,,
JQ금악61,2009-03-15,20.5,,,,,,,
JQ금악61,2009-03-16,20.75,,,,,,,
JQ금악61,2009-03-17,20.71,,,,,,,
JQ금악61,2009-03-18,20.83,,,,,,,
JQ금악61,2009-03-19,21.05,,,,,,,
JQ금악61,2009-03-20,20.83,,,,,,,
JQ금악61,2009-03-21,20.86,,,,,,,
JQ금악61,2009-03-22,20.85,,,,,,,
JQ금악61,2009-03-23,20.69,,,,,,,
JQ금악61,2009-03-24,20.71,,,,,,,
JQ금악61,2009-03-25,20.65,,,,,,,
JQ금악61,2009-03-26,20.55,,,,,,,
JQ금악61,2009-03-27,20.68,,,,,,,
JQ금악61,2009-03-28,20.2,,,,,,,
JQ금악61,2009-03-29,20.44,,,,,,,
JQ금악61,2009-03-30,20.53,,,,,,,
JQ금악61,2009-03-31,20.19,,,,,,,
JQ금악61,2009-04-01,19.55,,,,,,,
JQ금악61,2009-04-02,19.87,,,,,,,
JQ금악61,2009-04-03,20.32,,,,,,,
JQ금악61,2009-04-04,20.37,,,,,,,
JQ금악61,2009-04-05,18.88,,,,,,,
JQ금악61,2009-04-06,18.24,,,,,,,
JQ금악61,2009-04-07,17.9,,,,,,,
JQ금악61,2009-04-08,17.52,,,,,,,
JQ금악61,2009-04-09,17.36,,,,,,,
JQ금악61,2009-04-10,18.78,,,,,,,
JQ금악61,2009-04-11,18.95,,,,,,,
JQ금악61,2009-04-12,18.91,,,,,,,
JQ금악61,2009-04-13,19.95,,,,,,,
JQ금악61,2009-04-14,20.1,,,,,,,
JQ금악61,2009-04-15,20.09,,,,,,,
JQ금악61,2009-04-16,20.05,,,,,,,
JQ금악61,2009-04-17,19.77,,,,,,,
JQ금악61,2009-04-18,19.66,,,,,,,
JQ금악61,2009-04-19,19.51,,,,,,,
JQ금악61,2009-04-20,20.19,,,,,,,
JQ금악61,2009-04-21,20.27,,,,,,,
JQ금악61,2009-04-22,20.2,,,,,,,
JQ금악61,2009-04-23,20.04,,,,,,,
JQ금악61,2009-04-24,20.38,,,,,,,
JQ금악61,2009-04-25,20.65,,,,,,,
JQ금악61,2009-04-26,20.49,,,,,,,
JQ금악61,2009-04-27,20.54,,,,,,,
JQ금악61,2009-04-28,20.04,,,,,,,
JQ금악61,2009-04-29,20.36,,,,,,,
JQ금악61,2009-04-30,20.17,,,,,,,
JQ금악61,2009-05-01,19.87,,,,,,,
JQ금악61,2009-05-02,20.09,,,,,,,
JQ금악61,2009-05-03,20.18,,,,,,,
JQ금악61,2009-05-04,19.63,,,,,,,
JQ금악61,2009-05-05,19.36,,,,,,,
JQ금악61,2009-05-06,18.2,,,,,,,
JQ금악61,2009-05-07,16.89,,,,,,,
JQ금악61,2009-05-08,16.87,,,,,,,
JQ금악61,2009-05-09,16.69,,,,,,,
JQ금악61,2009-05-10,17.22,,,,,,,
JQ금악61,2009-05-11,17.34,,,,,,,
JQ금악61,2009-05-12,19.0,,,,,,,
JQ금악61,2009-05-13,18.44,,,,,,,
JQ금악61,2009-05-14,17.85,,,,,,,
JQ금악61,2009-05-15,18.14,,,,,,,
JQ금악61,2009-05-16,19.46,,,,,,,
JQ금악61,2009-05-17,19.53,,,,,,,
JQ금악61,2009-05-18,19.43,,,,,,,
JQ금악61,2009-05-19,19.44,,,,,,,
JQ금악61,2009-05-20,19.49,,,,,,,
JQ금악61,2009-05-21,19.97,,,,,,,
JQ금악61,2009-05-22,19.72,,,,,,,
JQ금악61,2009-05-23,20.02,,,,,,,
JQ금악61,2009-05-24,19.46,,,,,,,
JQ금악61,2009-05-25,19.45,,,,,,,
JQ금악61,2009-05-26,19.67,,,,,,,
JQ금악61,2009-05-27,19.36,,,,,,,
JQ금악61,2009-05-28,18.93,,,,,,,
JQ금악61,2009-05-29,18.36,,,,,,,
JQ금악61,2009-05-30,18.84,,,,,,,
JQ금악61,2009-05-31,19.09,,,,,,,
JQ금악61,2009-06-01,18.99,,,,,,,
JQ금악61,2009-06-02,18.94,,,,,,,
JQ금악61,2009-06-03,19.96,,,,,,,
JQ금악61,2009-06-04,19.84,,,,,,,
JQ금악61,2009-06-05,19.13,,,,,,,
JQ금악61,2009-06-06,19.38,,,,,,,
JQ금악61,2009-06-07,19.06,,,,,,,
JQ금악61,2009-06-08,18.4,,,,,,,
JQ금악61,2009-06-09,19.0,,,,,,,
JQ금악61,2009-06-10,19.6,,,,,,,
JQ금악61,2009-06-11,19.51,,,,,,,
JQ금악61,2009-06-12,19.99,,,,,,,
JQ금악61,2009-06-13,19.16,,,,,,,
JQ금악61,2009-06-14,19.06,,,,,,,
JQ금악61,2009-06-15,19.42,,,,,,,
JQ금악61,2009-06-16,19.21,,,,,,,
JQ금악61,2009-06-17,19.38,,,,,,,
JQ금악61,2009-06-18,19.4,,,,,,,
JQ금악61,2009-06-19,19.04,,,,,,,
JQ금악61,2009-06-20,19.6,,,,,,,
JQ금악61,2009-06-21,19.83,,,,,,,
JQ금악61,2009-06-22,19.54,,,,,,,
JQ금악61,2009-06-23,19.42,,,,,,,
JQ금악61,2009-06-24,19.38,,,,,,,
JQ금악61,2009-06-25,19.23,,,,,,,
JQ금악61,2009-06-26,19.38,,,,,,,
JQ금악61,2009-06-27,19.92,,,,,,,
JQ금악61,2009-06-28,19.61,,,,,,,
JQ금악61,2009-06-29,19.71,,,,,,,
JQ금악61,2009-06-30,20.0,,,,,,,
JQ금악61,2009-07-01,20.62,,,,,,,
JQ금악61,2009-07-02,20.61,,,,,,,
JQ금악61,2009-07-03,20.56,,,,,,,
JQ금악61,2009-07-04,21.14,,,,,,,
JQ금악61,2009-07-05,20.53,,,,,,,
JQ금악61,2009-07-06,20.76,,,,,,,
JQ금악61,2009-07-07,21.33,,,,,,,
JQ금악61,2009-07-08,21.24,,,,,,,
JQ금악61,2009-07-09,21.26,,,,,,,
JQ금악61,2009-07-10,21.28,,,,,,,
JQ금악61,2009-07-11,21.22,,,,,,,
JQ금악61,2009-07-12,21.43,,,,,,,
JQ금악61,2009-07-13,20.73,,,,,,,
JQ금악61,2009-07-14,20.47,,,,,,,
JQ금악61,2009-07-15,20.5,,,,,,,
JQ금악61,2009-07-16,20.99,,,,,,,
JQ금악61,2009-07-17,20.77,,,,,,,
JQ금악61,2009-07-18,20.42,,,,,,,
JQ금악61,2009-07-19,20.3,,,,,,,
JQ금악61,2009-07-20,20.44,,,,,,,
JQ금악61,2009-07-21,20.47,,,,,,,
JQ금악61,2009-07-22,20.37,,,,,,,
JQ금악61,2009-07-23,20.52,,,,,,,
JQ금악61,2009-07-24,20.75,,,,,,,
JQ금악61,2009-07-25,20.67,,,,,,,
JQ금악61,2009-07-26,21.04,,,,,,,
JQ금악61,2009-07-27,21.1,,,,,,,
JQ금악61,2009-07-28,21.2,,,,,,,
JQ금악61,2009-07-29,21.48,,,,,,,
JQ금악61,2009-07-30,21.71,,,,,,,
JQ금악61,2009-07-31,21.68,,,,,,,
JQ금악61,2009-08-01,21.74,,,,,,,
JQ금악61,2009-08-02,21.74,,,,,,,
JQ금악61,2009-08-03,22.03,,,,,,,
JQ금악61,2009-08-04,21.42,,,,,,,
JQ금악61,2009-08-05,20.95,,,,,,,
JQ금악61,2009-08-06,21.69,,,,,,,
JQ금악61,2009-08-07,20.36,,,,,,,
JQ금악61,2009-08-08,19.7,,,,,,,
JQ금악61,2009-08-09,19.28,,,,,,,
JQ금악61,2009-08-10,20.17,,,,,,,
JQ금악61,2009-08-11,21.14,,,,,,,
JQ금악61,2009-08-12,21.39,,,,,,,
JQ금악61,2009-08-13,21.24,,,,,,,
JQ금악61,2009-08-14,21.23,,,,,,,
JQ금악61,2009-08-15,21.3,,,,,,,
JQ금악61,2009-08-16,21.33,,,,,,,
JQ금악61,2009-08-17,21.33,,,,,,,
JQ금악61,2009-08-18,21.44,,,,,,,
JQ금악61,2009-08-19,20.83,,,,,,,
JQ금악61,2009-08-20,20.27,,,,,,,
JQ금악61,2009-08-21,20.27,,,,,,,
JQ금악61,2009-08-22,20.01,,,,,,,
JQ금악61,2009-08-23,20.06,,,,,,,
JQ금악61,2009-08-24,19.14,,,,,,,
JQ금악61,2009-08-25,19.15,,,,,,,
JQ금악61,2009-08-26,19.74,,,,,,,
JQ금악61,2009-08-27,19.87,,,,,,,
JQ금악61,2009-08-28,19.93,,,,,,,
JQ금악61,2009-08-29,18.88,,,,,,,
JQ금악61,2009-08-30,18.73,,,,,,,
JQ금악61,2009-08-31,20.91,,,,,,,
JQ금악61,2009-09-01,20.87,,,,,,,
JQ금악61,2009-09-02,20.07,,,,,,,
JQ금악61,2009-09-03,20.38,,,,,,,
JQ금악61,2009-09-04,19.56,,,,,,,
JQ금악61,2009-09-05,18.74,,,,,,,
JQ금악61,2009-09-06,19.14,,,,,,,
JQ금악61,2009-09-07,19.7,,,,,,,
JQ금악61,2009-09-08,18.51,,,,,,,
JQ금악61,2009-09-09,18.64,,,,,,,
JQ금악61,2009-09-10,19.34,,,,,,,
JQ금악61,2009-09-11,19.38,,,,,,,
JQ금악61,2009-09-12,20.49,,,,,,,
JQ금악61,2009-09-13,20.16,,,,,,,
JQ금악61,2009-09-14,20.07,,,,,,,
JQ금악61,2009-09-15,20.13,,,,,,,
JQ금악61,2009-09-16,18.33,,,,,,,
JQ금악61,2009-09-17,17.84,,,,,,,
JQ금악61,2009-09-18,18.57,,,,,,,
JQ금악61,2009-09-19,17.94,,,,,,,
JQ금악61,2009-09-20,17.64,,,,,,,
JQ금악61,2009-09-21,18.7,,,,,,,
JQ금악61,2009-09-22,18.38,,,,,,,
JQ금악61,2009-09-23,19.52,,,,,,,
JQ금악61,2009-09-24,19.98,,,,,,,
JQ금악61,2009-09-25,20.74,,,,,,,
JQ금악61,2009-09-26,20.34,,,,,,,
JQ금악61,2009-09-27,20.86,,,,,,,
JQ금악61,2009-09-28,20.36,,,,,,,
JQ금악61,2009-09-29,20.87,,,,,,,
JQ금악61,2009-09-30,20.84,,,,,,,
JQ금악61,2009-10-01,20.96,,,,,,,
JQ금악61,2009-10-02,20.91,,,,,,,
JQ금악61,2009-10-03,21.27,,,,,,,
JQ금악61,2009-10-04,20.74,,,,,,,
JQ금악61,2009-10-05,21.34,,,,,,,
JQ금악61,2009-10-06,20.74,,,,,,,
JQ금악61,2009-10-07,20.86,,,,,,,
JQ금악61,2009-10-08,20.48,,,,,,,
JQ금악61,2009-10-09,20.06,,,,,,,
JQ금악61,2009-10-10,19.82,,,,,,,
JQ금악61,2009-10-11,19.04,,,,,,,
JQ금악61,2009-10-12,20.31,,,,,,,
JQ금악61,2009-10-13,20.07,,,,,,,
JQ금악61,2009-10-14,19.67,,,,,,,
JQ금악61,2009-10-15,19.62,,,,,,,
JQ금악61,2009-10-16,19.78,,,,,,,
JQ금악61,2009-10-17,18.63,,,,,,,
JQ금악61,2009-10-18,18.5,,,,,,,
JQ금악61,2009-10-19,18.19,,,,,,,
JQ금악61,2009-10-20,17.55,,,,,,,
JQ금악61,2009-10-21,17.68,,,,,,,
JQ금악61,2009-10-22,18.17,,,,,,,
JQ금악61,2009-10-23,18.02,,,,,,,
JQ금악61,2009-10-24,17.31,,,,,,,
JQ금악61,2009-10-25,18.26,,,,,,,
JQ금악61,2009-10-26,17.91,,,,,,,
JQ금악61,2009-10-27,18.73,,,,,,,
JQ금악61,2009-10-28,19.32,,,,,,,
JQ금악61,2009-10-29,19.61,,,,,,,
JQ금악61,2009-10-30,19.69,,,,,,,
JQ금악61,2009-10-31,18.5,,,,,,,
JQ금악61,2009-11-01,18.68,,,,,,,
JQ금악61,2009-11-02,18.95,,,,,,,
JQ금악61,2009-11-03,17.82,,,,,,,
JQ금악61,2009-11-04,16.37,,,,,,,
JQ금악61,2009-11-05,17.5,,,,,,,
JQ금악61,2009-11-06,18.21,,,,,,,
JQ금악61,2009-11-07,18.23,,,,,,,
JQ금악61,2009-11-08,20.0,,,,,,,
JQ금악61,2009-11-09,20.41,,,,,,,
JQ금악61,2009-11-10,20.71,,,,,,,
JQ금악61,2009-11-11,20.59,,,,,,,
JQ금악61,2009-11-12,20.81,,,,,,,
JQ금악61,2009-11-13,20.98,,,,,,,
JQ금악61,2009-11-14,21.12,,,,,,,
JQ금악61,2009-11-15,21.0,,,,,,,
JQ금악61,2009-11-16,21.03,,,,,,,
JQ금악61,2009-11-17,21.04,,,,,,,
JQ금악61,2009-11-18,21.3,,,,,,,
JQ금악61,2009-11-19,20.67,,,,,,,
JQ금악61,2009-11-20,20.98,,,,,,,
JQ금악61,2009-11-21,20.99,,,,,,,
JQ금악61,2009-11-22,20.98,,,,,,,
JQ금악61,2009-11-23,20.83,,,,,,,
JQ금악61,2009-11-24,21.07,,,,,,,
JQ금악61,2009-11-25,21.02,,,,,,,
JQ금악61,2009-11-26,20.91,,,,,,,
JQ금악61,2009-11-27,20.83,,,,,,,
JQ금악61,2009-11-28,20.85,,,,,,,
JQ금악61,2009-11-29,21.15,,,,,,,
JQ금악61,2009-11-30,20.89,,,,,,,
JQ금악61,2009-12-01,20.73,,,,,,,
JQ금악61,2009-12-02,20.46,,,,,,,
JQ금악61,2009-12-03,20.95,,,,,,,
JQ금악61,2009-12-04,20.73,,,,,,,
JQ금악61,2009-12-05,20.66,,,,,,,
JQ금악61,2009-12-06,20.77,,,,,,,
JQ금악61,2009-12-07,20.64,,,,,,,
JQ금악61,2009-12-08,20.66,,,,,,,
JQ금악61,2009-12-09,20.72,,,,,,,
JQ금악61,2009-12-10,20.95,,,,,,,
JQ금악61,2009-12-11,20.67,,,,,,,
JQ금악61,2009-12-12,20.92,,,,,,,
JQ금악61,2009-12-13,20.61,,,,,,,
JQ금악61,2009-12-14,20.29,,,,,,,
JQ금악61,2009-12-15,20.83,,,,,,,
JQ금악61,2009-12-16,20.56,,,,,,,
JQ금악61,2009-12-17,20.87,,,,,,,
JQ금악61,2009-12-18,20.58,,,,,,,
JQ금악61,2009-12-19,20.53,,,,,,,
JQ금악61,2009-12-20,20.84,,,,,,,
JQ금악61,2009-12-21,20.61,,,,,,,
JQ금악61,2009-12-22,20.5,,,,,,,
JQ금악61,2009-12-23,20.43,,,,,,,
JQ금악61,2009-12-24,20.45,,,,,,,
JQ금악61,2009-12-25,20.49,,,,,,,
JQ금악61,2009-12-26,20.76,,,,,,,
JQ금악61,2009-12-27,20.45,,,,,,,
JQ금악61,2009-12-28,20.53,,,,,,,
JQ금악61,2009-12-29,20.48,,,,,,,
JQ금악61,2009-12-30,20.1,,,,,,,
JQ금악61,2009-12-31,19.79,,,,,,,
JQ금악61,2010-01-01,20.37,,,,,,,
JQ금악61,2010-01-02,20.66,,,,,,,
JQ금악61,2010-01-03,20.33,,,,,,,
JQ금악61,2010-01-04,20.37,,,,,,,
JQ금악61,2010-01-05,20.6,,,,,,,
JQ금악61,2010-01-06,20.27,,,,,,,
JQ금악61,2010-01-07,20.32,,,,,,,
JQ금악61,2010-01-08,20.54,,,,,,,
JQ금악61,2010-01-09,20.21,,,,,,,
JQ금악61,2010-01-10,19.34,,,,,,,
JQ금악61,2010-01-11,19.66,,,,,,,
JQ금악61,2010-01-12,19.83,,,,,,,
JQ금악61,2010-01-13,20.12,,,,,,,
JQ금악61,2010-01-14,19.81,,,,,,,
JQ금악61,2010-01-15,20.08,,,,,,,
JQ금악61,2010-01-16,19.74,,,,,,,
JQ금악61,2010-01-17,19.65,,,,,,,
JQ금악61,2010-01-18,19.7,,,,,,,
JQ금악61,2010-01-19,19.78,,,,,,,
JQ금악61,2010-01-20,20.04,,,,,,,
JQ금악61,2010-01-21,20.05,,,,,,,
JQ금악61,2010-01-22,20.1,,,,,,,
JQ금악61,2010-01-23,20.32,,,,,,,
JQ금악61,2010-01-24,19.81,,,,,,,
JQ금악61,2010-01-25,19.97,,,,,,,
JQ금악61,2010-01-26,19.94,,,,,,,
JQ금악61,2010-01-27,20.33,,,,,,,
JQ금악61,2010-01-28,20.03,,,,,,,
JQ금악61,2010-01-29,20.3,,,,,,,
JQ금악61,2010-01-30,20.02,,,,,,,
JQ금악61,2010-01-31,20.04,,,,,,,
JQ금악61,2010-02-01,20.3,,,,,,,
JQ금악61,2010-02-02,19.99,,,,,,,
JQ금악61,2010-02-03,20.28,,,,,,,
JQ금악61,2010-02-04,19.76,,,,,,,
JQ금악61,2010-02-05,20.25,,,,,,,
JQ금악61,2010-02-06,19.94,,,,,,,
JQ금악61,2010-02-07,20.25,,,,,,,
JQ금악61,2010-02-09,19.94,,,,,,,
JQ금악61,2010-02-17,19.81,,,,,,,
JQ금악61,2010-02-18,19.9,,,,,,,
JQ금악61,2010-02-19,20.13,,,,,,,
JQ금악61,2010-02-20,19.83,,,,,,,
JQ금악61,2010-02-21,19.85,,,,,,,
JQ금악61,2010-02-22,19.8,,,,,,,
JQ금악61,2010-02-23,19.35,,,,,,,
JQ금악61,2010-02-24,19.79,,,,,,,
JQ금악61,2010-02-25,20.11,,,,,,,
JQ금악61,2010-02-26,19.84,,,,,,,
JQ금악61,2010-02-27,20.1,,,,,,,
JQ금악61,2010-02-28,19.77,,,,,,,
JQ금악61,2010-03-01,20.17,,,,,,,
JQ금악61,2010-03-02,20.04,,,,,,,
JQ금악61,2010-03-03,20.35,,,,,,,
JQ금악61,2010-03-04,20.11,,,,,,,
JQ금악61,2010-03-05,20.31,,,,,,,
JQ금악61,2010-03-06,20.1,,,,,,,
JQ금악61,2010-03-07,20.32,,,,,,,
JQ금악61,2010-03-08,20.26,,,,,,,
JQ금악61,2010-03-09,20.4,,,,,,,
JQ금악61,2010-03-10,20.17,,,,,,,
JQ금악61,2010-03-11,19.7,,,,,,,
JQ금악61,2010-03-12,20.35,,,,,,,
JQ금악61,2010-03-13,20.1,,,,,,,
JQ금악61,2010-03-14,20.09,,,,,,,
JQ금악61,2010-03-15,20.47,,,,,,,
JQ금악61,2010-03-16,19.42,,,,,,,
JQ금악61,2010-03-17,19.74,,,,,,,
JQ금악61,2010-03-18,19.76,,,,,,,
JQ금악61,2010-03-19,20.19,,,,,,,
JQ금악61,2010-03-20,20.21,,,,,,,
JQ금악61,2010-03-21,20.06,,,,,,,
JQ금악61,2010-03-22,20.1,,,,,,,
JQ금악61,2010-03-23,20.19,,,,,,,
JQ금악61,2010-03-24,20.48,,,,,,,
JQ금악61,2010-03-25,20.09,,,,,,,
JQ금악61,2010-03-26,20.15,,,,,,,
JQ금악61,2010-03-27,19.88,,,,,,,
JQ금악61,2010-03-28,20.09,,,,,,,
JQ금악61,2010-03-29,19.41,,,,,,,
JQ금악61,2010-03-30,20.31,,,,,,,
JQ금악61,2010-03-31,20.19,,,,,,,
JQ금악61,2010-04-01,20.28,,,,,,,
JQ금악61,2010-04-02,20.76,,,,,,,
JQ금악61,2010-04-03,21.19,,,,,,,
JQ금악61,2010-04-04,21.06,,,,,,,
JQ금악61,2010-04-05,21.24,,,,,,,
JQ금악61,2010-04-06,21.01,,,,,,,
JQ금악61,2010-04-07,21.13,,,,,,,
JQ금악61,2010-04-08,21.15,,,,,,,
JQ금악61,2010-04-09,21.18,,,,,,,
JQ금악61,2010-04-10,21.22,,,,,,,
JQ금악61,2010-04-11,21.4,,,,,,,
JQ금악61,2010-04-12,20.7,,,,,,,
JQ금악61,2010-04-13,20.57,,,,,,,
JQ금악61,2010-04-14,21.19,,,,,,,
JQ금악61,2010-04-15,20.9,,,,,,,
JQ금악61,2010-04-16,20.51,,,,,,,
JQ금악61,2010-04-17,20.83,,,,,,,
JQ금악61,2010-04-18,21.1,,,,,,,
JQ금악61,2010-04-19,20.88,,,,,,,
JQ금악61,2010-04-20,21.0,,,,,,,
JQ금악61,2010-04-21,21.37,,,,,,,
JQ금악61,2010-04-22,21.12,,,,,,,
JQ금악61,2010-04-23,21.19,,,,,,,
JQ금악61,2010-04-24,21.35,,,,,,,
JQ금악61,2010-04-25,20.69,,,,,,,
JQ금악61,2010-04-26,21.08,,,,,,,
JQ금악61,2010-04-27,20.91,,,,,,,
JQ금악61,2010-04-28,21.3,,,,,,,
JQ금악61,2010-04-29,21.23,,,,,,,
JQ금악61,2010-04-30,21.25,,,,,,,
JQ금악61,2010-05-01,20.83,,,,,,,
JQ금악61,2010-05-02,21.2,,,,,,,
JQ금악61,2010-05-03,20.44,,,,,,,
JQ금악61,2010-05-04,21.13,,,,,,,
JQ금악61,2010-05-05,21.19,,,,,,,
JQ금악61,2010-05-06,20.99,,,,,,,
JQ금악61,2010-05-07,20.87,,,,,,,
JQ금악61,2010-05-08,20.64,,,,,,,
JQ금악61,2010-05-09,21.14,,,,,,,
JQ금악61,2010-05-10,20.89,,,,,,,
JQ금악61,2010-05-11,19.66,,,,,,,
JQ금악61,2010-05-12,20.07,,,,,,,
JQ금악61,2010-05-13,21.14,,,,,,,
JQ금악61,2010-05-14,19.97,,,,,,,
JQ금악61,2010-05-15,20.06,,,,,,,
JQ금악61,2010-05-16,19.84,,,,,,,
JQ금악61,2010-05-17,20.7,,,,,,,
JQ금악61,2010-05-18,20.9,,,,,,,
JQ금악61,2010-05-19,20.68,,,,,,,
JQ금악61,2010-05-20,20.37,,,,,,,
JQ금악61,2010-05-21,20.49,,,,,,,
JQ금악61,2010-05-22,20.95,,,,,,,
JQ금악61,2010-05-23,21.06,,,,,,,
JQ금악61,2010-05-24,20.71,,,,,,,
JQ금악61,2010-05-25,20.96,,,,,,,
JQ금악61,2010-05-26,20.4,,,,,,,
JQ금악61,2010-05-27,19.63,,,,,,,
JQ금악61,2010-05-28,20.5,,,,,,,
JQ금악61,2010-05-29,20.4,,,,,,,
JQ금악61,2010-05-30,20.43,,,,,,,
JQ금악61,2010-05-31,19.57,,,,,,,
JQ금악61,2010-06-01,19.82,,,,,,,
JQ금악61,2010-06-02,19.85,,,,,,,
JQ금악61,2010-06-03,19.49,,,,,,,
JQ금악61,2010-06-04,19.15,,,,,,,
JQ금악61,2010-06-05,18.67,,,,,,,
JQ금악61,2010-06-06,19.14,,,,,,,
JQ금악61,2010-06-07,19.82,,,,,,,
JQ금악61,2010-06-08,19.46,,,,,,,
JQ금악61,2010-06-09,18.73,,,,,,,
JQ금악61,2010-06-10,20.24,,,,,,,
JQ금악61,2010-06-11,20.55,,,,,,,
JQ금악61,2010-06-12,20.69,,,,,,,
JQ금악61,2010-06-13,20.69,,,,,,,
JQ금악61,2010-06-14,21.0,,,,,,,
JQ금악61,2010-06-15,19.9,,,,,,,
JQ금악61,2010-06-16,20.25,,,,,,,
JQ금악61,2010-06-17,20.78,,,,,,,
JQ금악61,2010-06-18,20.72,,,,,,,
JQ금악61,2010-06-19,19.72,,,,,,,
JQ금악61,2010-06-20,20.57,,,,,,,
JQ금악61,2010-06-21,19.88,,,,,,,
JQ금악61,2010-06-22,19.35,,,,,,,
JQ금악61,2010-06-23,20.54,,,,,,,
JQ금악61,2010-06-24,20.52,,,,,,,
JQ금악61,2010-06-25,20.67,,,,,,,
JQ금악61,2010-06-26,20.92,,,,,,,
JQ금악61,2010-06-27,20.89,,,,,,,
JQ금악61,2010-06-28,21.06,,,,,,,
JQ금악61,2010-06-29,21.71,,,,,,,
JQ금악61,2010-06-30,22.04,,,,,,,
JQ금악61,2010-07-01,22.59,,,,,,,
JQ금악61,2010-07-02,23.18,,,,,,,
JQ금악61,2010-07-03,23.45,,,,,,,
JQ금악61,2010-07-04,22.57,,,,,,,
JQ금악61,2010-07-05,22.45,,,,,,,
JQ금악61,2010-07-06,22.38,,,,,,,
JQ금악61,2010-07-07,21.68,,,,,,,
JQ금악61,2010-07-08,22.26,,,,,,,
JQ금악61,2010-07-09,22.04,,,,,,,
JQ금악61,2010-07-10,22.29,,,,,,,
JQ금악61,2010-07-11,22.37,,,,,,,
JQ금악61,2010-07-12,21.91,,,,,,,
JQ금악61,2010-07-13,22.58,,,,,,,
JQ금악61,2010-07-14,22.84,,,,,,,
JQ금악61,2010-07-15,23.84,,,,,,,
JQ금악61,2010-07-16,23.65,,,,,,,
JQ금악61,2010-07-17,23.6,,,,,,,
JQ금악61,2010-07-18,23.44,,,,,,,
JQ금악61,2010-07-19,22.9,,,,,,,
JQ금악61,2010-07-20,22.25,,,,,,,
JQ금악61,2010-07-21,22.5,,,,,,,
JQ금악61,2010-07-22,22.18,,,,,,,
JQ금악61,2010-07-23,22.15,,,,,,,
JQ금악61,2010-07-24,21.92,,,,,,,
JQ금악61,2010-07-25,22.61,,,,,,,
JQ금악61,2010-07-26,22.46,,,,,,,
JQ금악61,2010-07-27,23.14,,,,,,,
JQ금악61,2010-07-28,22.8,,,,,,,
JQ금악61,2010-07-29,22.98,,,,,,,
JQ금악61,2010-07-30,22.71,,,,,,,
JQ금악61,2010-07-31,22.97,,,,,,,
JQ금악61,2010-08-01,22.76,,,,,,,
JQ금악61,2010-08-02,22.31,,,,,,,
JQ금악61,2010-08-03,21.64,,,,,,,
JQ금악61,2010-08-04,21.48,,,,,,,
JQ금악61,2010-08-05,21.77,,,,,,,
JQ금악61,2010-08-06,22.34,,,,,,,
JQ금악61,2010-08-07,20.7,,,,,,,
JQ금악61,2010-08-08,21.77,,,,,,,
JQ금악61,2010-08-09,21.72,,,,,,,
JQ금악61,2010-08-10,22.71,,,,,,,
JQ금악61,2010-08-11,22.7,,,,,,,
JQ금악61,2010-08-12,23.26,,,,,,,
JQ금악61,2010-08-13,23.08,,,,,,,
JQ금악61,2010-08-14,23.31,,,,,,,
JQ금악61,2010-08-15,23.5,,,,,,,
JQ금악61,2010-08-16,23.19,,,,,,,
JQ금악61,2010-08-17,22.84,,,,,,,
JQ금악61,2010-08-18,22.7,,,,,,,
JQ금악61,2010-08-19,21.42,,,,,,,
JQ금악61,2010-08-20,22.03,,,,,,,
JQ금악61,2010-08-21,21.01,,,,,,,
JQ금악61,2010-08-22,19.48,,,,,,,
JQ금악61,2010-08-23,21.02,,,,,,,
JQ금악61,2010-08-24,21.37,,,,,,,
JQ금악61,2010-08-25,22.69,,,,,,,
JQ금악61,2010-08-26,23.06,,,,,,,
JQ금악61,2010-08-27,23.11,,,,,,,
JQ금악61,2010-08-28,23.42,,,,,,,
JQ금악61,2010-08-29,24.03,,,,,,,
JQ금악61,2010-08-30,25.41,,,,,,,
JQ금악61,2010-08-31,25.69,,,,,,,
JQ금악61,2010-09-01,25.82,,,,,,,
JQ금악61,2010-09-02,25.83,,,,,,,
JQ금악61,2010-09-03,25.85,,,,,,,
JQ금악61,2010-09-04,25.81,,,,,,,
JQ금악61,2010-09-05,25.72,,,,,,,
JQ금악61,2010-09-06,25.35,,,,,,,
JQ금악61,2010-09-07,25.97,,,,,,,
JQ금악61,2010-09-08,25.02,,,,,,,
JQ금악61,2010-09-09,24.45,,,,,,,
JQ금악61,2010-09-10,24.16,,,,,,,
JQ금악61,2010-09-11,24.06,,,,,,,
JQ금악61,2010-09-12,24.04,,,,,,,
JQ금악61,2010-09-13,24.25,,,,,,,
JQ금악61,2010-09-14,24.32,,,,,,,
JQ금악61,2010-09-15,23.05,,,,,,,
JQ금악61,2010-09-16,22.92,,,,,,,
JQ금악61,2010-09-17,23.63,,,,,,,
JQ금악61,2010-09-18,24.13,,,,,,,
JQ금악61,2010-09-19,21.72,,,,,,,
JQ금악61,2010-09-20,22.43,,,,,,,
JQ금악61,2010-09-21,23.32,,,,,,,
JQ금악61,2010-09-22,23.12,,,,,,,
JQ금악61,2010-09-23,21.54,,,,,,,
JQ금악61,2010-09-24,21.74,,,,,,,
JQ금악61,2010-09-25,21.29,,,,,,,
JQ금악61,2010-09-26,23.81,,,,,,,
JQ금악61,2010-09-27,24.21,,,,,,,
JQ금악61,2010-09-28,23.99,,,,,,,
JQ금악61,2010-09-29,23.54,,,,,,,
JQ금악61,2010-09-30,23.38,,,,,,,
JQ금악61,2010-10-01,23.39,,,,,,,
JQ금악61,2010-10-02,23.64,,,,,,,
JQ금악61,2010-10-03,24.53,,,,,,,
JQ금악61,2010-10-04,24.37,,,,,,,
JQ금악61,2010-10-05,24.71,,,,,,,
JQ금악61,2010-10-06,23.05,,,,,,,
JQ금악61,2010-10-07,21.9,,,,,,,
JQ금악61,2010-10-08,23.27,,,,,,,
JQ금악61,2010-10-09,24.33,,,,,,,
JQ금악61,2010-10-10,24.33,,,,,,,
JQ금악61,2010-10-11,23.57,,,,,,,
JQ금악61,2010-10-12,23.97,,,,,,,
JQ금악61,2010-10-13,23.21,,,,,,,
JQ금악61,2010-10-14,22.46,,,,,,,
JQ금악61,2010-10-15,22.97,,,,,,,
JQ금악61,2010-10-16,23.18,,,,,,,
JQ금악61,2010-10-17,23.04,,,,,,,
JQ금악61,2010-10-18,21.93,,,,,,,
JQ금악61,2010-10-19,22.47,,,,,,,
JQ금악61,2010-10-20,22.51,,,,,,,
JQ금악61,2010-10-21,23.0,,,,,,,
JQ금악61,2010-10-22,23.03,,,,,,,
JQ금악61,2010-10-23,23.47,,,,,,,
JQ금악61,2010-10-24,24.37,,,,,,,
JQ금악61,2010-10-25,24.29,,,,,,,
JQ금악61,2010-10-26,24.29,,,,,,,
JQ금악61,2010-10-27,24.03,,,,,,,
JQ금악61,2010-10-28,24.12,,,,,,,
JQ금악61,2010-10-29,23.53,,,,,,,
JQ금악61,2010-10-30,23.41,,,,,,,
JQ금악61,2010-10-31,22.79,,,,,,,
JQ금악61,2010-11-01,23.03,,,,,,,
JQ금악61,2010-11-02,23.41,,,,,,,
JQ금악61,2010-11-03,23.52,,,,,,,
JQ금악61,2010-11-04,23.48,,,,,,,
JQ금악61,2010-11-05,22.82,,,,,,,
JQ금악61,2010-11-06,22.44,,,,,,,
JQ금악61,2010-11-07,22.73,,,,,,,
JQ금악61,2010-11-08,22.45,,,,,,,
JQ금악61,2010-11-09,23.33,,,,,,,
JQ금악61,2010-11-10,23.38,,,,,,,
JQ금악61,2010-11-11,22.84,,,,,,,
JQ금악61,2010-11-12,23.71,,,,,,,
JQ금악61,2010-11-13,23.36,,,,,,,
JQ금악61,2010-11-14,22.99,,,,,,,
JQ금악61,2010-11-15,22.95,,,,,,,
JQ금악61,2010-11-16,21.69,,,,,,,
JQ금악61,2010-11-17,21.91,,,,,,,
JQ금악61,2010-11-18,21.7,,,,,,,
JQ금악61,2010-11-19,21.62,,,,,,,
JQ금악61,2010-11-20,22.33,,,,,,,
JQ금악61,2010-11-21,22.88,,,,,,,
JQ금악61,2010-11-22,23.01,,,,,,,
JQ금악61,2010-11-23,22.67,,,,,,,
JQ금악61,2010-11-24,22.8,,,,,,,
JQ금악61,2010-11-25,22.08,,,,,,,
JQ금악61,2010-11-26,21.87,,,,,,,
JQ금악61,2010-11-27,22.21,,,,,,,
JQ금악61,2010-11-28,22.34,,,,,,,
JQ금악61,2010-11-29,22.2,,,,,,,
JQ금악61,2010-11-30,23.52,,,,,,,
JQ금악61,2010-12-01,21.71,,,,,,,
JQ금악61,2010-12-02,23.37,,,,,,,
JQ금악61,2010-12-03,23.51,,,,,,,
JQ금악61,2010-12-04,23.67,,,,,,,
JQ금악61,2010-12-05,23.66,,,,,,,
JQ금악61,2010-12-06,23.99,,,,,,,
JQ금악61,2010-12-07,23.35,,,,,,,
JQ금악61,2010-12-08,23.54,,,,,,,
JQ금악61,2010-12-09,23.25,,,,,,,
JQ금악61,2010-12-10,21.83,,,,,,,
JQ금악61,2010-12-11,22.06,,,,,,,
JQ금악61,2010-12-12,22.88,,,,,,,
JQ금악61,2010-12-13,23.91,,,,,,,
JQ금악61,2010-12-14,23.98,,,,,,,
JQ금악61,2010-12-15,24.01,,,,,,,
JQ금악61,2010-12-16,23.78,,,,,,,
JQ금악61,2010-12-17,24.02,,,,,,,
JQ금악61,2010-12-18,24.04,,,,,,,
JQ금악61,2010-12-19,23.72,,,,,,,
JQ금악61,2010-12-20,24.04,,,,,,,
JQ금악61,2010-12-21,23.76,,,,,,,
JQ금악61,2010-12-22,23.7,,,,,,,
JQ금악61,2010-12-23,24.0,,,,,,,
JQ금악61,2010-12-24,24.0,,,,,,,
JQ금악61,2010-12-25,24.03,,,,,,,
JQ금악61,2010-12-26,23.74,,,,,,,
JQ금악61,2010-12-27,24.06,,,,,,,
JQ금악61,2010-12-28,23.91,,,,,,,
JQ금악61,2010-12-29,23.96,,,,,,,
JQ금악61,2010-12-30,23.8,,,,,,,
JQ금악61,2010-12-31,24.02,,,,,,,
JQ금악61,2011-01-01,23.68,,,,,,,
JQ금악61,2011-01-02,23.94,,,,,,,
JQ금악61,2011-01-03,23.65,,,,,,,
JQ금악61,2011-01-04,23.96,,,,,,,
JQ금악61,2011-01-05,23.98,,,,,,,
JQ금악61,2011-01-06,23.63,,,,,,,
JQ금악61,2011-01-07,23.93,,,,,,,
JQ금악61,2011-01-08,23.51,,,,,,,
JQ금악61,2011-01-09,23.92,,,,,,,
JQ금악61,2011-01-10,23.62,,,,,,,
JQ금악61,2011-01-11,23.94,,,,,,,
JQ금악61,2011-01-12,23.94,,,,,,,
JQ금악61,2011-01-13,23.58,,,,,,,
JQ금악61,2011-01-14,23.6,,,,,,,
JQ금악61,2011-01-15,23.73,,,,,,,
JQ금악61,2011-01-16,23.86,,,,,,,
JQ금악61,2011-01-17,23.84,,,,,,,
JQ금악61,2011-01-18,23.18,,,,,,,
JQ금악61,2011-01-19,23.48,,,,,,,
JQ금악61,2011-01-20,23.1,,,,,,,
JQ금악61,2011-01-21,23.61,,,,,,,
JQ금악61,2011-01-22,23.32,,,,,,,
JQ금악61,2011-01-23,23.22,,,,,,,
JQ금악61,2011-01-24,23.65,,,,,,,
JQ금악61,2011-01-25,23.58,,,,,,,
JQ금악61,2011-01-26,23.38,,,,,,,
JQ금악61,2011-01-27,22.68,,,,,,,
JQ금악61,2011-01-28,22.63,,,,,,,
JQ금악61,2011-01-29,23.29,,,,,,,
JQ금악61,2011-01-30,23.6,,,,,,,
JQ금악61,2011-01-31,23.3,,,,,,,
JQ금악61,2011-02-01,22.7,,,,,,,
JQ금악61,2011-02-02,22.07,,,,,,,
JQ금악61,2011-02-03,22.41,,,,,,,
JQ금악61,2011-02-04,22.83,,,,,,,
JQ금악61,2011-02-05,22.77,,,,,,,
JQ금악61,2011-02-06,22.71,,,,,,,
JQ금악61,2011-02-07,21.59,,,,,,,
JQ금악61,2011-02-08,22.88,,,,,,,
JQ금악61,2011-02-09,23.08,,,,,,,
JQ금악61,2011-02-10,23.41,,,,,,,
JQ금악61,2011-02-11,23.16,,,,,,,
JQ금악61,2011-02-12,23.39,,,,,,,
JQ금악61,2011-02-13,23.21,,,,,,,
JQ금악61,2011-02-14,23.42,,,,,,,
JQ금악61,2011-02-15,23.08,,,,,,,
JQ금악61,2011-02-16,23.4,,,,,,,
JQ금악61,2011-02-17,23.15,,,,,,,
JQ금악61,2011-02-18,23.19,,,,,,,
JQ금악61,2011-02-19,23.35,,,,,,,
JQ금악61,2011-02-20,23.13,,,,,,,
JQ금악61,2011-02-21,23.32,,,,,,,
JQ금악61,2011-02-22,23.03,,,,,,,
JQ금악61,2011-02-23,23.01,,,,,,,
JQ금악61,2011-02-24,22.61,,,,,,,
JQ금악61,2011-02-25,22.77,,,,,,,
JQ금악61,2011-02-26,22.86,,,,,,,
JQ금악61,2011-02-27,22.91,,,,,,,
JQ금악61,2011-02-28,22.01,,,,,,,
JQ금악61,2011-03-01,21.7,,,,,,,
JQ금악61,2011-03-02,21.93,,,,,,,
JQ금악61,2011-03-03,23.08,,,,,,,
JQ금악61,2011-03-04,22.9,,,,,,,
JQ금악61,2011-03-05,22.55,,,,,,,
JQ금악61,2011-03-06,23.08,,,,,,,
JQ금악61,2011-03-07,22.8,,,,,,,
JQ금악61,2011-03-08,22.79,,,,,,,
JQ금악61,2011-03-09,22.68,,,,,,,
JQ금악61,2011-03-10,22.1,,,,,,,
JQ금악61,2011-03-11,22.66,,,,,,,
JQ금악61,2011-03-12,22.46,,,,,,,
JQ금악61,2011-03-13,21.86,,,,,,,
JQ금악61,2011-03-14,22.53,,,,,,,
JQ금악61,2011-03-15,22.09,,,,,,,
JQ금악61,2011-03-16,21.99,,,,,,,
JQ금악61,2011-03-17,22.65,,,,,,,
JQ금악61,2011-03-18,21.8,,,,,,,
JQ금악61,2011-03-19,22.49,,,,,,,
JQ금악61,2011-03-20,22.11,,,,,,,
JQ금악61,2011-03-21,22.83,,,,,,,
JQ금악61,2011-03-22,22.83,,,,,,,
JQ금악61,2011-03-23,22.48,,,,,,,
JQ금악61,2011-03-24,22.28,,,,,,,
JQ금악61,2011-03-25,22.16,,,,,,,
JQ금악61,2011-03-26,21.18,,,,,,,
JQ금악61,2011-03-27,22.25,,,,,,,
JQ금악61,2011-03-28,21.75,,,,,,,
JQ금악61,2011-03-29,21.58,,,,,,,
JQ금악61,2011-03-30,21.05,,,,,,,
JQ금악61,2011-03-31,20.95,,,,,,,
JQ금악61,2011-04-01,20.53,,,,,,,
JQ금악61,2011-04-02,20.18,,,,,,,
JQ금악61,2011-04-03,21.69,,,,,,,
JQ금악61,2011-04-04,21.68,,,,,,,
JQ금악61,2011-04-05,22.11,,,,,,,
JQ금악61,2011-04-06,21.4,,,,,,,
JQ금악61,2011-04-07,22.18,,,,,,,
JQ금악61,2011-04-08,22.02,,,,,,,
JQ금악61,2011-04-09,22.45,,,,,,,
JQ금악61,2011-04-10,22.28,,,,,,,
JQ금악61,2011-04-11,22.29,,,,,,,
JQ금악61,2011-04-12,22.29,,,,,,,
JQ금악61,2011-04-13,22.38,,,,,,,
JQ금악61,2011-04-14,21.75,,,,,,,
JQ금악61,2011-04-15,21.75,,,,,,,
JQ금악61,2011-04-16,22.17,,,,,,,
JQ금악61,2011-04-17,21.92,,,,,,,
JQ금악61,2011-04-18,21.27,,,,,,,
JQ금악61,2011-04-19,21.05,,,,,,,
JQ금악61,2011-04-20,21.09,,,,,,,
JQ금악61,2011-04-21,22.02,,,,,,,
JQ금악61,2011-04-22,22.42,,,,,,,
JQ금악61,2011-04-23,22.14,,,,,,,
JQ금악61,2011-04-24,22.13,,,,,,,
JQ금악61,2011-04-25,22.15,,,,,,,
JQ금악61,2011-04-26,22.47,,,,,,,
JQ금악61,2011-04-27,22.14,,,,,,,
JQ금악61,2011-04-28,21.34,,,,,,,
JQ금악61,2011-04-29,21.79,,,,,,,
JQ금악61,2011-04-30,21.95,,,,,,,
JQ금악61,2011-05-01,20.94,,,,,,,
JQ금악61,2011-05-02,21.87,,,,,,,
JQ금악61,2011-05-03,22.22,,,,,,,
JQ금악61,2011-05-04,21.04,,,,,,,
JQ금악61,2011-05-05,21.42,,,,,,,
JQ금악61,2011-05-06,21.83,,,,,,,
JQ금악61,2011-05-07,21.93,,,,,,,
JQ금악61,2011-05-08,21.86,,,,,,,
JQ금악61,2011-05-09,21.86,,,,,,,
JQ금악61,2011-05-10,22.21,,,,,,,
JQ금악61,2011-05-11,21.99,,,,,,,
JQ금악61,2011-05-12,21.95,,,,,,,
JQ금악61,2011-05-13,21.6,,,,,,,
JQ금악61,2011-05-14,21.83,,,,,,,
JQ금악61,2011-05-15,21.28,,,,,,,
JQ금악61,2011-05-16,21.43,,,,,,,
JQ금악61,2011-05-17,21.32,,,,,,,
JQ금악61,2011-05-18,20.83,,,,,,,
JQ금악61,2011-05-19,21.7,,,,,,,
JQ금악61,2011-05-20,21.04,,,,,,,
JQ금악61,2011-05-21,20.93,,,,,,,
JQ금악61,2011-05-22,21.46,,,,,,,
JQ금악61,2011-05-23,21.54,,,,,,,
JQ금악61,2011-05-24,21.53,,,,,,,
JQ금악61,2011-05-25,21.54,,,,,,,
JQ금악61,2011-05-26,21.52,,,,,,,
JQ금악61,2011-05-27,21.19,,,,,,,
JQ금악61,2011-05-28,21.15,,,,,,,
JQ금악61,2011-05-29,20.96,,,,,,,
JQ금악61,2011-05-30,20.53,,,,,,,
JQ금악61,2011-05-31,20.68,,,,,,,
JQ금악61,2011-06-01,20.39,,,,,,,
JQ금악61,2011-06-02,20.14,,,,,,,
JQ금악61,2011-06-03,20.03,,,,,,,
JQ금악61,2011-06-04,20.04,,,,,,,
JQ금악61,2011-06-05,20.01,,,,,,,
JQ금악61,2011-06-06,20.26,,,,,,,
JQ금악61,2011-06-07,21.06,,,,,,,
JQ금악61,2011-06-08,20.68,,,,,,,
JQ금악61,2011-06-09,20.74,,,,,,,
JQ금악61,2011-06-10,21.29,,,,,,,
JQ금악61,2011-06-11,21.71,,,,,,,
JQ금악61,2011-06-12,21.66,,,,,,,
JQ금악61,2011-06-13,21.71,,,,,,,
JQ금악61,2011-06-14,21.63,,,,,,,
JQ금악61,2011-06-15,22.0,,,,,,,
JQ금악61,2011-06-16,21.83,,,,,,,
JQ금악61,2011-06-17,22.13,,,,,,,
JQ금악61,2011-06-18,21.87,,,,,,,
JQ금악61,2011-06-19,21.94,,,,,,,
JQ금악61,2011-06-20,21.87,,,,,,,
JQ금악61,2011-06-21,21.07,,,,,,,
JQ금악61,2011-06-22,22.15,,,,,,,
JQ금악61,2011-06-23,21.93,,,,,,,
JQ금악61,2011-06-24,22.7,,,,,,,
JQ금악61,2011-06-25,23.21,,,,,,,
JQ금악61,2011-06-26,23.12,,,,,,,
JQ금악61,2011-06-27,23.2,,,,,,,
JQ금악61,2011-06-28,23.32,,,,,,,
JQ금악61,2011-06-29,23.57,,,,,,,
JQ금악61,2011-06-30,23.41,,,,,,,
JQ금악61,2011-07-01,23.64,,,,,,,
JQ금악61,2011-07-02,23.98,,,,,,,
JQ금악61,2011-07-03,23.26,,,,,,,
JQ금악61,2011-07-04,23.55,,,,,,,
JQ금악61,2011-07-05,23.56,,,,,,,
JQ금악61,2011-07-06,23.76,,,,,,,
JQ금악61,2011-07-07,23.52,,,,,,,
JQ금악61,2011-07-08,23.61,,,,,,,
JQ금악61,2011-07-09,23.86,,,,,,,
JQ금악61,2011-07-10,23.64,,,,,,,
JQ금악61,2011-07-11,23.47,,,,,,,
JQ금악61,2011-07-12,23.17,,,,,,,
JQ금악61,2011-07-13,23.6,,,,,,,
JQ금악61,2011-07-14,23.86,,,,,,,
JQ금악61,2011-07-15,23.57,,,,,,,
JQ금악61,2011-07-16,23.57,,,,,,,
JQ금악61,2011-07-17,22.57,,,,,,,
JQ금악61,2011-07-18,22.85,,,,,,,
JQ금악61,2011-07-19,22.5,,,,,,,
JQ금악61,2011-07-20,21.19,,,,,,,
JQ금악61,2011-07-21,21.75,,,,,,,
JQ금악61,2011-07-22,21.31,,,,,,,
JQ금악61,2011-07-23,22.23,,,,,,,
JQ금악61,2011-07-24,21.88,,,,,,,
JQ금악61,2011-07-25,22.18,,,,,,,
JQ금악61,2011-07-26,21.83,,,,,,,
JQ금악61,2011-07-27,21.3,,,,,,,
JQ금악61,2011-07-28,19.62,,,,,,,
JQ금악61,2011-07-29,21.99,,,,,,,
JQ금악61,2011-07-30,22.19,,,,,,,
JQ금악61,2011-07-31,21.26,,,,,,,
JQ금악61,2011-08-01,22.14,,,,,,,
JQ금악61,2011-08-02,22.71,,,,,,,
JQ금악61,2011-08-03,22.39,,,,,,,
JQ금악61,2011-08-04,21.72,,,,,,,
JQ금악61,2011-08-05,21.34,,,,,,,
JQ금악61,2011-08-06,22.04,,,,,,,
JQ금악61,2011-08-07,22.79,,,,,,,
JQ금악61,2011-08-08,23.23,,,,,,,
JQ금악61,2011-08-09,23.39,,,,,,,
JQ금악61,2011-08-10,23.71,,,,,,,
JQ금악61,2011-08-11,23.52,,,,,,,
JQ금악61,2011-08-12,23.43,,,,,,,
JQ금악61,2011-08-13,23.43,,,,,,,
JQ금악61,2011-08-14,23.62,,,,,,,
JQ금악61,2011-08-15,22.75,,,,,,,
JQ금악61,2011-08-16,22.96,,,,,,,
JQ금악61,2011-08-17,23.07,,,,,,,
JQ금악61,2011-08-18,23.42,,,,,,,
JQ금악61,2011-08-19,23.35,,,,,,,
JQ금악61,2011-08-20,23.4,,,,,,,
JQ금악61,2011-08-21,23.48,,,,,,,
JQ금악61,2011-08-22,23.56,,,,,,,
JQ금악61,2011-08-23,23.39,,,,,,,
JQ금악61,2011-08-24,23.33,,,,,,,
JQ금악61,2011-08-25,23.29,,,,,,,
JQ금악61,2011-08-26,23.29,,,,,,,
JQ금악61,2011-08-27,23.63,,,,,,,
JQ금악61,2011-08-28,22.98,,,,,,,
JQ금악61,2011-08-29,22.94,,,,,,,
JQ금악61,2011-08-30,22.51,,,,,,,
JQ금악61,2011-08-31,22.04,,,,,,,
JQ금악61,2011-09-01,21.43,,,,,,,
JQ금악61,2011-09-02,21.82,,,,,,,
JQ금악61,2011-09-03,22.66,,,,,,,
JQ금악61,2011-09-04,22.02,,,,,,,
JQ금악61,2011-09-05,21.53,,,,,,,
JQ금악61,2011-09-06,22.41,,,,,,,
JQ금악61,2011-09-07,22.22,,,,,,,
JQ금악61,2011-09-08,21.85,,,,,,,
JQ금악61,2011-09-09,21.92,,,,,,,
JQ금악61,2011-09-10,21.75,,,,,,,
JQ금악61,2011-09-11,22.96,,,,,,,
JQ금악61,2011-09-12,22.9,,,,,,,
JQ금악61,2011-09-13,23.17,,,,,,,
JQ금악61,2011-09-14,21.5,,,,,,,
JQ금악61,2011-09-15,21.94,,,,,,,
JQ금악61,2011-09-16,21.01,,,,,,,
JQ금악61,2011-09-17,21.46,,,,,,,
JQ금악61,2011-09-18,21.7,,,,,,,
JQ금악61,2011-09-19,19.57,,,,,,,
JQ금악61,2011-09-20,18.67,,,,,,,
JQ금악61,2011-09-21,20.08,,,,,,,
JQ금악61,2011-09-22,18.28,,,,,,,
JQ금악61,2011-09-23,17.31,,,,,,,
JQ금악61,2011-09-24,17.54,,,,,,,
JQ금악61,2011-09-25,17.2,,,,,,,
JQ금악61,2011-09-26,18.08,,,,,,,
JQ금악61,2011-09-27,16.76,,,,,,,
JQ금악61,2011-09-28,17.04,,,,,,,
JQ금악61,2011-09-29,17.75,,,,,,,
JQ금악61,2011-09-30,18.38,,,,,,,
JQ금악61,2011-10-01,16.8,,,,,,,
JQ금악61,2011-10-02,16.06,,,,,,,
JQ금악61,2011-10-03,16.02,,,,,,,
JQ금악61,2011-10-04,16.25,,,,,,,
JQ금악61,2011-10-05,16.61,,,,,,,
JQ금악61,2011-10-06,16.57,,,,,,,
JQ금악61,2011-10-07,13.78,,,,,,,
JQ금악61,2011-10-08,13.28,,,,,,,
JQ금악61,2011-10-09,15.69,,,,,,,
JQ금악61,2011-10-10,15.38,,,,,,,
JQ금악61,2011-10-11,16.01,,,,,,,
JQ금악61,2011-10-12,16.12,,,,,,,
JQ금악61,2011-10-13,16.3,,,,,,,
JQ금악61,2011-10-14,20.17,,,,,,,
JQ금악61,2011-10-15,21.34,,,,,,,
JQ금악61,2011-10-16,21.24,,,,,,,
JQ금악61,2011-10-17,21.49,,,,,,,
JQ금악61,2011-10-18,21.21,,,,,,,
JQ금악61,2011-10-19,19.0,,,,,,,
JQ금악61,2011-10-20,18.86,,,,,,,
JQ금악61,2011-10-21,20.59,,,,,,,
JQ금악61,2011-10-22,21.49,,,,,,,
JQ금악61,2011-10-23,21.26,,,,,,,
JQ금악61,2011-10-24,21.5,,,,,,,
JQ금악61,2011-10-25,21.2,,,,,,,
JQ금악61,2011-10-26,20.74,,,,,,,
JQ금악61,2011-10-27,20.51,,,,,,,
JQ금악61,2011-10-28,19.98,,,,,,,
JQ금악61,2011-10-29,20.09,,,,,,,
JQ금악61,2011-10-30,20.85,,,,,,,
JQ금악61,2011-10-31,18.28,,,,,,,
JQ금악61,2011-11-01,18.66,,,,,,,
JQ금악61,2011-11-02,18.96,,,,,,,
JQ금악61,2011-11-03,21.02,,,,,,,
JQ금악61,2011-11-04,21.76,,,,,,,
JQ금악61,2011-11-05,21.77,,,,,,,
JQ금악61,2011-11-06,22.4,,,,,,,
JQ금악61,2011-11-07,22.17,,,,,,,
JQ금악61,2011-11-08,22.54,,,,,,,
JQ금악61,2011-11-09,21.96,,,,,,,
JQ금악61,2011-11-10,22.58,,,,,,,
JQ금악61,2011-11-11,22.32,,,,,,,
JQ금악61,2011-11-12,21.71,,,,,,,
JQ금악61,2011-11-13,22.52,,,,,,,
JQ금악61,2011-11-14,21.79,,,,,,,
JQ금악61,2011-11-15,22.51,,,,,,,
JQ금악61,2011-11-16,21.84,,,,,,,
JQ금악61,2011-11-17,21.44,,,,,,,
JQ금악61,2011-11-18,21.96,,,,,,,
JQ금악61,2011-11-19,23.16,,,,,,,
JQ금악61,2011-11-20,23.01,,,,,,,
JQ금악61,2011-11-21,22.9,,,,,,,
JQ금악61,2011-11-22,23.35,,,,,,,
JQ금악61,2011-11-23,23.16,,,,,,,
JQ금악61,2011-11-24,23.4,,,,,,,
JQ금악61,2011-11-25,23.1,,,,,,,
JQ금악61,2011-11-26,23.44,,,,,,,
JQ금악61,2011-11-27,23.04,,,,,,,
JQ금악61,2011-11-28,23.04,,,,,,,
JQ금악61,2011-11-29,23.21,,,,,,,
JQ금악61,2011-11-30,22.79,,,,,,,
JQ금악61,2011-12-01,23.15,,,,,,,
JQ금악61,2011-12-02,22.86,,,,,,,
JQ금악61,2011-12-03,23.09,,,,,,,
JQ금악61,2011-12-04,22.32,,,,,,,
JQ금악61,2011-12-05,22.93,,,,,,,
JQ금악61,2011-12-06,22.97,,,,,,,
JQ금악61,2011-12-07,22.64,,,,,,,
JQ금악61,2011-12-08,22.96,,,,,,,
JQ금악61,2011-12-09,22.93,,,,,,,
JQ금악61,2011-12-10,22.59,,,,,,,
JQ금악61,2011-12-11,22.89,,,,,,,
JQ금악61,2011-12-12,22.88,,,,,,,
JQ금악61,2011-12-13,22.53,,,,,,,
JQ금악61,2011-12-14,22.83,,,,,,,
JQ금악61,2011-12-15,22.5,,,,,,,
JQ금악61,2011-12-16,22.76,,,,,,,
JQ금악61,2011-12-17,22.75,,,,,,,
JQ금악61,2011-12-18,22.43,,,,,,,
JQ금악61,2011-12-19,22.71,,,,,,,
JQ금악61,2011-12-20,22.41,,,,,,,
JQ금악61,2011-12-21,21.7,,,,,,,
JQ금악61,2011-12-22,21.95,,,,,,,
JQ금악61,2011-12-23,22.65,,,,,,,
JQ금악61,2011-12-24,22.67,,,,,,,
JQ금악61,2011-12-25,22.36,,,,,,,
JQ금악61,2011-12-26,22.53,,,,,,,
JQ금악61,2011-12-27,22.57,,,,,,,
JQ금악61,2011-12-28,22.59,,,,,,,
JQ금악61,2011-12-29,22.27,,,,,,,
JQ금악61,2011-12-30,22.32,,,,,,,
JQ금악61,2011-12-31,22.13,,,,,,,
JQ금악61,2012-01-01,22.52,,,,,,,
JQ금악61,2012-01-02,22.27,,,,,,,
JQ금악61,2012-01-03,22.18,,,,,,,
JQ금악61,2012-01-04,22.49,,,,,,,
JQ금악61,2012-01-05,22.5,,,,,,,
JQ금악61,2012-01-06,21.89,,,,,,,
JQ금악61,2012-01-07,21.09,,,,,,,
JQ금악61,2012-01-08,21.34,,,,,,,
JQ금악61,2012-01-09,21.06,,,,,,,
JQ금악61,2012-01-10,21.3,,,,,,,
JQ금악61,2012-01-11,21.32,,,,,,,
JQ금악61,2012-01-12,21.25,,,,,,,
JQ금악61,2012-01-13,21.26,,,,,,,
JQ금악61,2012-01-14,21.27,,,,,,,
JQ금악61,2012-01-15,21.27,,,,,,,
JQ금악61,2012-01-16,21.27,,,,,,,
JQ금악61,2012-01-17,20.8,,,,,,,
JQ금악61,2012-01-18,21.42,,,,,,,
JQ금악61,2012-01-19,21.02,,,,,,,
JQ금악61,2012-01-20,21.06,,,,,,,
JQ금악61,2012-01-21,21.22,,,,,,,
JQ금악61,2012-01-22,21.24,,,,,,,
JQ금악61,2012-01-23,21.32,,,,,,,
JQ금악61,2012-01-24,21.15,,,,,,,
JQ금악61,2012-01-25,21.35,,,,,,,
JQ금악61,2012-01-26,21.1,,,,,,,
JQ금악61,2012-01-27,20.27,,,,,,,
JQ금악61,2012-01-28,20.93,,,,,,,
JQ금악61,2012-01-29,20.96,,,,,,,
JQ금악61,2012-01-30,21.68,,,,,,,
JQ금악61,2012-01-31,21.07,,,,,,,
JQ금악61,2012-02-01,21.47,,,,,,,
JQ금악61,2012-02-02,21.99,,,,,,,
JQ금악61,2012-02-03,21.71,,,,,,,
JQ금악61,2012-02-04,21.15,,,,,,,
JQ금악61,2012-02-05,21.29,,,,,,,
JQ금악61,2012-02-06,21.63,,,,,,,
JQ금악61,2012-02-07,21.73,,,,,,,
JQ금악61,2012-02-08,21.66,,,,,,,
JQ금악61,2012-02-09,21.54,,,,,,,
JQ금악61,2012-02-10,21.6,,,,,,,
JQ금악61,2012-02-11,21.54,,,,,,,
JQ금악61,2012-02-12,21.53,,,,,,,
JQ금악61,2012-02-13,21.28,,,,,,,
JQ금악61,2012-02-14,21.57,,,,,,,
JQ금악61,2012-02-15,21.58,,,,,,,
JQ금악61,2012-02-16,21.45,,,,,,,
JQ금악61,2012-02-20,21.71,,,,,,,
JQ금악61,2012-02-21,21.46,,,,,,,
JQ금악61,2012-02-22,21.52,,,,,,,
JQ금악61,2012-02-23,21.35,,,,,,,
JQ금악61,2012-02-24,21.5,,,,,,,
JQ금악61,2012-02-25,21.43,,,,,,,
JQ금악61,2012-02-26,21.43,,,,,,,
JQ금악61,2012-02-27,21.25,,,,,,,
JQ금악61,2012-02-28,21.39,,,,,,,
JQ금악61,2012-02-29,21.4,,,,,,,
JQ금악61,2012-03-01,21.14,,,,,,,
JQ금악61,2012-03-02,21.4,,,,,,,
JQ금악61,2012-03-03,21.25,,,,,,,
JQ금악61,2012-03-04,21.15,,,,,,,
JQ금악61,2012-03-05,21.63,,,,,,,
JQ금악61,2012-03-21,21.48,,,,,,,
JQ금악61,2012-03-22,21.33,,,,,,,
JQ금악61,2012-03-23,21.49,,,,,,,
JQ금악61,2012-03-24,21.3,,,,,,,
JQ금악61,2012-03-25,21.11,,,,,,,
JQ금악61,2012-03-26,20.94,,,,,,,
JQ금악61,2012-03-27,21.4,,,,,,,
JQ금악61,2012-03-28,21.48,,,,,,,
JQ금악61,2012-03-29,21.14,,,,,,,
JQ금악61,2012-03-30,20.9,,,,,,,
JQ금악61,2012-03-31,21.07,,,,,,,
JQ금악61,2012-04-01,21.18,,,,,,,
JQ금악61,2012-04-02,21.66,,,,,,,
JQ금악61,2012-04-03,21.72,,,,,,,
JQ금악61,2012-04-04,21.02,,,,,,,
JQ금악61,2012-04-05,21.31,,,,,,,
JQ금악61,2012-04-06,21.58,,,,,,,
JQ금악61,2012-04-07,20.93,,,,,,,
JQ금악61,2012-04-08,20.86,,,,,,,
JQ금악61,2012-04-09,21.12,,,,,,,
JQ금악61,2012-04-10,21.49,,,,,,,
JQ금악61,2012-04-11,21.8,,,,,,,
JQ금악61,2012-04-12,21.35,,,,,,,
JQ금악61,2012-04-13,21.66,,,,,,,
JQ금악61,2012-04-14,21.76,,,,,,,
JQ금악61,2012-04-15,21.87,,,,,,,
JQ금악61,2012-04-16,21.48,,,,,,,
JQ금악61,2012-04-17,21.51,,,,,,,
JQ금악61,2012-04-18,21.6,,,,,,,
JQ금악61,2012-04-19,21.61,,,,,,,
JQ금악61,2012-04-20,21.75,,,,,,,
JQ금악61,2012-04-21,22.06,,,,,,,
JQ금악61,2012-04-22,22.24,,,,,,,
JQ금악61,2012-04-23,21.95,,,,,,,
JQ금악61,2012-04-24,23.21,,,,,,,
JQ금악61,2012-04-25,23.47,,,,,,,
JQ금악61,2012-04-26,23.27,,,,,,,
JQ금악61,2012-04-27,23.49,,,,,,,
JQ금악61,2012-04-28,23.0,,,,,,,
JQ금악61,2012-04-29,23.5,,,,,,,
JQ금악61,2012-04-30,23.24,,,,,,,
JQ금악61,2012-05-01,23.22,,,,,,,
JQ금악61,2012-05-02,23.8,,,,,,,
JQ금악61,2012-05-03,22.8,,,,,,,
JQ금악61,2012-05-04,22.82,,,,,,,
JQ금악61,2012-05-05,23.1,,,,,,,
JQ금악61,2012-05-06,22.88,,,,,,,
JQ금악61,2012-05-07,23.25,,,,,,,
JQ금악61,2012-05-08,22.78,,,,,,,
JQ금악61,2012-05-09,22.32,,,,,,,
JQ금악61,2012-05-10,22.66,,,,,,,
JQ금악61,2012-05-11,22.52,,,,,,,
JQ금악61,2012-05-12,22.73,,,,,,,
JQ금악61,2012-05-13,23.03,,,,,,,
JQ금악61,2012-05-14,23.14,,,,,,,
JQ금악61,2012-05-15,22.84,,,,,,,
JQ금악61,2012-05-16,21.87,,,,,,,
JQ금악61,2012-05-17,21.59,,,,,,,
JQ금악61,2012-05-18,20.83,,,,,,,
JQ금악61,2012-05-19,19.96,,,,,,,
JQ금악61,2012-05-20,19.51,,,,,,,
JQ금악61,2012-05-21,19.61,,,,,,,
JQ금악61,2012-05-22,19.27,,,,,,,
JQ금악61,2012-05-23,18.76,,,,,,,
JQ금악61,2012-05-24,20.82,,,,,,,
JQ금악61,2012-05-25,22.23,,,,,,,
JQ금악61,2012-05-26,21.78,,,,,,,
JQ금악61,2012-05-27,21.33,,,,,,,
JQ금악61,2012-05-28,20.45,,,,,,,
JQ금악61,2012-05-29,19.67,,,,,,,
JQ금악61,2012-05-30,19.92,,,,,,,
JQ금악61,2012-05-31,19.68,,,,,,,
JQ금악61,2012-06-01,20.24,,,,,,,
JQ금악61,2012-06-02,20.9,,,,,,,
JQ금악61,2012-06-03,19.84,,,,,,,
JQ금악61,2012-06-04,20.56,,,,,,,
JQ금악61,2012-06-05,21.4,,,,,,,
JQ금악61,2012-06-06,21.0,,,,,,,
JQ금악61,2012-06-07,21.65,,,,,,,
JQ금악61,2012-06-08,21.21,,,,,,,
JQ금악61,2012-06-09,19.72,,,,,,,
JQ금악61,2012-06-10,20.1,,,,,,,
JQ금악61,2012-06-11,19.61,,,,,,,
JQ금악61,2012-06-12,18.86,,,,,,,
JQ금악61,2012-06-13,19.67,,,,,,,
JQ금악61,2012-06-14,19.8,,,,,,,
JQ금악61,2012-06-15,21.72,,,,,,,
JQ금악61,2012-06-16,21.77,,,,,,,
JQ금악61,2012-06-17,22.12,,,,,,,
JQ금악61,2012-06-18,22.55,,,,,,,
JQ금악61,2012-06-19,21.9,,,,,,,
JQ금악61,2012-06-20,22.08,,,,,,,
JQ금악61,2012-06-21,22.2,,,,,,,
JQ금악61,2012-06-22,22.68,,,,,,,
JQ금악61,2012-06-23,22.48,,,,,,,
JQ금악61,2012-06-24,22.84,,,,,,,
JQ금악61,2012-06-25,21.72,,,,,,,
JQ금악61,2012-06-26,22.43,,,,,,,
JQ금악61,2012-06-27,22.01,,,,,,,
JQ금악61,2012-06-28,20.78,,,,,,,
JQ금악61,2012-06-29,21.94,,,,,,,
JQ금악61,2012-06-30,22.18,,,,,,,
JQ금악61,2012-07-01,22.12,,,,,,,
JQ금악61,2012-07-02,22.51,,,,,,,
JQ금악61,2012-07-03,22.07,,,,,,,
JQ금악61,2012-07-04,22.51,,,,,,,
JQ금악61,2012-07-05,22.75,,,,,,,
JQ금악61,2012-07-06,22.72,,,,,,,
JQ금악61,2012-07-07,21.86,,,,,,,
JQ금악61,2012-07-08,22.49,,,,,,,
JQ금악61,2012-07-09,22.42,,,,,,,
JQ금악61,2012-07-10,22.92,,,,,,,
JQ금악61,2012-07-11,22.87,,,,,,,
JQ금악61,2012-07-12,22.34,,,,,,,
JQ금악61,2012-07-13,23.08,,,,,,,
JQ금악61,2012-07-14,23.34,,,,,,,
JQ금악61,2012-07-15,23.12,,,,,,,
JQ금악61,2012-07-16,23.0,,,,,,,
JQ금악61,2012-07-17,23.1,,,,,,,
JQ금악61,2012-07-18,23.4,,,,,,,
JQ금악61,2012-07-19,23.33,,,,,,,
JQ금악61,2012-07-20,23.37,,,,,,,
JQ금악61,2012-07-21,22.15,,,,,,,
JQ금악61,2012-07-22,22.63,,,,,,,
JQ금악61,2012-07-23,22.18,,,,,,,
JQ금악61,2012-07-24,22.82,,,,,,,
JQ금악61,2012-07-25,22.08,,,,,,,
JQ금악61,2012-07-26,21.88,,,,,,,
JQ금악61,2012-07-27,22.53,,,,,,,
JQ금악61,2012-07-28,22.23,,,,,,,
JQ금악61,2012-07-29,21.63,,,,,,,
JQ금악61,2012-07-30,19.98,,,,,,,
JQ금악61,2012-07-31,19.33,,,,,,,
JQ금악61,2012-08-01,20.81,,,,,,,
JQ금악61,2012-08-02,22.28,,,,,,,
JQ금악61,2012-08-03,21.55,,,,,,,
JQ금악61,2012-08-04,19.2,,,,,,,
JQ금악61,2012-08-05,17.72,,,,,,,
JQ금악61,2012-08-06,19.27,,,,,,,
JQ금악61,2012-08-07,19.65,,,,,,,
JQ금악61,2012-08-08,18.6,,,,,,,
JQ금악61,2012-08-09,18.11,,,,,,,
JQ금악61,2012-08-10,18.65,,,,,,,
JQ금악61,2012-08-11,19.55,,,,,,,
JQ금악61,2012-08-12,19.63,,,,,,,
JQ금악61,2012-08-13,19.85,,,,,,,
JQ금악61,2012-08-14,20.06,,,,,,,
JQ금악61,2012-08-15,19.5,,,,,,,
JQ금악61,2012-08-16,18.52,,,,,,,
JQ금악61,2012-08-17,18.77,,,,,,,
JQ금악61,2012-08-18,17.45,,,,,,,
JQ금악61,2012-08-19,16.35,,,,,,,
JQ금악61,2012-08-20,19.26,,,,,,,
JQ금악61,2012-08-21,19.73,,,,,,,
JQ금악61,2012-08-22,20.92,,,,,,,
JQ금악61,2012-08-23,22.22,,,,,,,
JQ금악61,2012-08-24,23.25,,,,,,,
JQ금악61,2012-08-25,24.1,,,,,,,
JQ금악61,2012-08-26,24.31,,,,,,,
JQ금악61,2012-08-27,25.03,,,,,,,
JQ금악61,2012-08-28,25.43,,,,,,,
JQ금악61,2012-08-29,25.38,,,,,,,
JQ금악61,2012-08-30,25.49,,,,,,,
JQ금악61,2012-08-31,25.25,,,,,,,
JQ금악61,2012-09-01,25.17,,,,,,,
JQ금악61,2012-09-02,24.79,,,,,,,
JQ금악61,2012-09-03,25.15,,,,,,,
JQ금악61,2012-09-04,24.36,,,,,,,
JQ금악61,2012-09-05,23.98,,,,,,,
JQ금악61,2012-09-06,22.76,,,,,,,
JQ금악61,2012-09-07,22.79,,,,,,,
JQ금악61,2012-09-08,22.73,,,,,,,
JQ금악61,2012-09-09,22.85,,,,,,,
JQ금악61,2012-09-10,23.52,,,,,,,
JQ금악61,2012-09-11,24.75,,,,,,,
JQ금악61,2012-09-12,24.82,,,,,,,
JQ금악61,2012-09-13,24.48,,,,,,,
JQ금악61,2012-09-14,24.28,,,,,,,
JQ금악61,2012-09-15,24.07,,,,,,,
JQ금악61,2012-09-16,24.69,,,,,,,
JQ금악61,2012-09-17,25.78,,,,,,,
JQ금악61,2012-09-18,25.85,,,,,,,
JQ금악61,2012-09-19,26.08,,,,,,,
JQ금악61,2012-09-20,25.98,,,,,,,
JQ금악61,2012-09-21,25.68,,,,,,,
JQ금악61,2012-09-22,25.36,,,,,,,
JQ금악61,2012-09-23,25.12,,,,,,,
JQ금악61,2012-09-24,24.18,,,,,,,
JQ금악61,2012-09-25,24.26,,,,,,,
JQ금악61,2012-09-26,22.55,,,,,,,
JQ금악61,2012-09-27,22.14,,,,,,,
JQ금악61,2012-09-28,22.77,,,,,,,
JQ금악61,2012-09-29,24.17,,,,,,,
JQ금악61,2012-09-30,23.03,,,,,,,
JQ금악61,2012-10-01,21.67,,,,,,,
JQ금악61,2012-10-02,20.8,,,,,,,
JQ금악61,2012-10-03,19.84,,,,,,,
JQ금악61,2012-10-04,20.49,,,,,,,
JQ금악61,2012-10-05,19.78,,,,,,,
JQ금악61,2012-10-06,19.09,,,,,,,
JQ금악61,2012-10-07,19.83,,,,,,,
JQ금악61,2012-10-08,20.88,,,,,,,
JQ금악61,2012-10-09,19.9,,,,,,,
JQ금악61,2012-10-10,18.03,,,,,,,
JQ금악61,2012-10-11,18.82,,,,,,,
JQ금악61,2012-10-12,17.48,,,,,,,
JQ금악61,2012-10-13,16.89,,,,,,,
JQ금악61,2012-10-14,19.04,,,,,,,
JQ금악61,2012-10-15,17.66,,,,,,,
JQ금악61,2012-10-16,17.87,,,,,,,
JQ금악61,2012-10-17,16.84,,,,,,,
JQ금악61,2012-10-18,20.85,,,,,,,
JQ금악61,2012-10-19,21.14,,,,,,,
JQ금악61,2012-10-20,18.18,,,,,,,
JQ금악61,2012-10-21,18.3,,,,,,,
JQ금악61,2012-10-22,22.11,,,,,,,
JQ금악61,2012-10-23,20.65,,,,,,,
JQ금악61,2012-10-24,20.79,,,,,,,
JQ금악61,2012-10-25,21.41,,,,,,,
JQ금악61,2012-10-26,21.78,,,,,,,
JQ금악61,2012-10-27,22.61,,,,,,,
JQ금악61,2012-10-28,23.02,,,,,,,
JQ금악61,2012-10-29,23.39,,,,,,,
JQ금악61,2012-10-30,23.41,,,,,,,
JQ금악61,2012-10-31,23.12,,,,,,,
JQ금악61,2012-11-01,22.37,,,,,,,
JQ금악61,2012-11-02,22.03,,,,,,,
JQ금악61,2012-11-03,22.72,,,,,,,
JQ금악61,2012-11-04,24.01,,,,,,,
JQ금악61,2012-11-05,24.05,,,,,,,
JQ금악61,2012-11-06,23.91,,,,,,,
JQ금악61,2012-11-07,23.88,,,,,,,
JQ금악61,2012-11-08,23.58,,,,,,,
JQ금악61,2012-11-09,23.97,,,,,,,
JQ금악61,2012-11-10,23.89,,,,,,,
JQ금악61,2012-11-11,24.27,,,,,,,
JQ금악61,2012-11-12,22.96,,,,,,,
JQ금악61,2012-11-13,22.09,,,,,,,
JQ금악61,2012-11-14,24.1,,,,,,,
JQ금악61,2012-11-15,23.87,,,,,,,
JQ금악61,2012-11-16,24.03,,,,,,,
JQ금악61,2012-11-17,24.0,,,,,,,
JQ금악61,2012-11-18,24.03,,,,,,,
JQ금악61,2012-11-19,24.35,,,,,,,
JQ금악61,2012-11-20,24.15,,,,,,,
JQ금악61,2012-11-21,23.99,,,,,,,
JQ금악61,2012-11-22,24.08,,,,,,,
JQ금악61,2012-11-23,24.31,,,,,,,
JQ금악61,2012-11-24,24.13,,,,,,,
JQ금악61,2012-11-25,24.0,,,,,,,
JQ금악61,2012-11-26,23.79,,,,,,,
JQ금악61,2012-11-27,23.96,,,,,,,
JQ금악61,2012-11-28,24.04,,,,,,,
JQ금악61,2012-11-29,23.81,,,,,,,
JQ금악61,2012-11-30,24.29,,,,,,,
JQ금악61,2012-12-01,24.05,,,,,,,
JQ금악61,2012-12-02,23.97,,,,,,,
JQ금악61,2012-12-03,24.3,,,,,,,
JQ금악61,2012-12-04,23.55,,,,,,,
JQ금악61,2012-12-05,24.29,,,,,,,
JQ금악61,2012-12-06,24.01,,,,,,,
JQ금악61,2012-12-07,24.18,,,,,,,
JQ금악61,2012-12-08,24.38,,,,,,,
JQ금악61,2012-12-09,23.96,,,,,,,
JQ금악61,2012-12-10,24.18,,,,,,,
JQ금악61,2012-12-11,24.6,,,,,,,
JQ금악61,2012-12-12,23.99,,,,,,,
JQ금악61,2012-12-13,24.55,,,,,,,
JQ금악61,2012-12-14,24.48,,,,,,,
JQ금악61,2012-12-15,24.7,,,,,,,
JQ금악61,2012-12-16,24.85,,,,,,,
JQ금악61,2012-12-17,24.52,,,,,,,
JQ금악61,2012-12-18,24.8,,,,,,,
JQ금악61,2012-12-19,24.63,,,,,,,
JQ금악61,2012-12-20,24.73,,,,,,,
JQ금악61,2012-12-21,24.48,,,,,,,
JQ금악61,2012-12-22,24.77,,,,,,,
JQ금악61,2012-12-23,24.43,,,,,,,
JQ금악61,2012-12-24,24.77,,,,,,,
JQ금악61,2012-12-25,24.42,,,,,,,
JQ금악61,2012-12-26,24.73,,,,,,,
JQ금악61,2012-12-27,24.42,,,,,,,
JQ금악61,2012-12-28,24.84,,,,,,,
JQ금악61,2012-12-29,24.75,,,,,,,
JQ금악61,2012-12-30,25.03,,,,,,,
JQ금악61,2012-12-31,24.91,,,,,,,
JQ금악61,2013-01-01,25.09,,,,,,,
JQ금악61,2013-01-02,24.79,,,,,,,
JQ금악61,2013-01-03,25.03,,,,,,,
JQ금악61,2013-01-04,24.68,,,,,,,
JQ금악61,2013-01-05,25.02,,,,,,,
JQ금악61,2013-01-06,24.67,,,,,,,
JQ금악61,2013-01-07,24.99,,,,,,,
JQ금악61,2013-01-08,24.27,,,,,,,
JQ금악61,2013-01-09,24.56,,,,,,,
JQ금악61,2013-01-10,24.74,,,,,,,
JQ금악61,2013-01-11,24.23,,,,,,,
JQ금악61,2013-01-12,24.81,,,,,,,
JQ금악61,2013-01-13,24.56,,,,,,,
JQ금악61,2013-01-14,24.29,,,,,,,
JQ금악61,2013-01-15,24.1,,,,,,,
JQ금악61,2013-01-16,24.42,,,,,,,
JQ금악61,2013-01-17,24.03,,,,,,,
JQ금악61,2013-01-18,24.18,,,,,,,
JQ금악61,2013-01-19,23.7,,,,,,,
JQ금악61,2013-01-20,24.05,,,,,,,
JQ금악61,2013-01-21,24.75,,,,,,,
JQ금악61,2013-01-22,24.53,,,,,,,
JQ금악61,2013-01-23,24.84,,,,,,,
JQ금악61,2013-01-24,24.53,,,,,,,
JQ금악61,2013-01-25,24.81,,,,,,,
JQ금악61,2013-01-26,24.45,,,,,,,
JQ금악61,2013-01-27,24.77,,,,,,,
JQ금악61,2013-01-28,24.42,,,,,,,
JQ금악61,2013-01-29,24.41,,,,,,,
JQ금악61,2013-01-30,24.7,,,,,,,
JQ금악61,2013-01-31,24.39,,,,,,,
JQ금악61,2013-02-01,24.74,,,,,,,
JQ금악61,2013-02-02,24.41,,,,,,,
JQ금악61,2013-02-03,24.49,,,,,,,
JQ금악61,2013-02-04,24.45,,,,,,,
JQ금악61,2013-02-05,24.78,,,,,,,
JQ금악61,2013-02-06,24.66,,,,,,,
JQ금악61,2013-02-07,24.86,,,,,,,
JQ금악61,2013-02-08,24.52,,,,,,,
JQ금악61,2013-02-09,24.5,,,,,,,
JQ금악61,2013-02-10,24.42,,,,,,,
JQ금악61,2013-02-11,24.36,,,,,,,
JQ금악61,2013-02-12,24.41,,,,,,,
JQ금악61,2013-02-13,24.39,,,,,,,
JQ금악61,2013-02-14,24.41,,,,,,,
JQ금악61,2013-02-15,24.42,,,,,,,
JQ금악61,2013-02-16,24.35,,,,,,,
JQ금악61,2013-02-17,24.74,,,,,,,
JQ금악61,2013-02-18,24.48,,,,,,,
JQ금악61,2013-02-19,24.86,,,,,,,
JQ금악61,2013-02-20,24.55,,,,,,,
JQ금악61,2013-02-21,24.54,,,,,,,
JQ금악61,2013-02-22,24.49,,,,,,,
JQ금악61,2013-02-23,24.78,,,,,,,
JQ금악61,2013-02-24,24.63,,,,,,,
JQ금악61,2013-02-25,24.66,,,,,,,
JQ금악61,2013-02-26,24.71,,,,,,,
JQ금악61,2013-02-27,24.51,,,,,,,
JQ금악61,2013-02-28,24.42,,,,,,,
JQ금악61,2013-03-01,24.77,,,,,,,
JQ금악61,2013-03-02,24.4,,,,,,,
JQ금악61,2013-03-03,24.39,,,,,,,
JQ금악61,2013-03-04,24.38,,,,,,,
JQ금악61,2013-03-05,24.09,,,,,,,
JQ금악61,2013-03-06,24.32,,,,,,,
JQ금악61,2013-03-07,24.65,,,,,,,
JQ금악61,2013-03-08,24.02,,,,,,,
JQ금악61,2013-03-09,24.62,,,,,,,
JQ금악61,2013-03-10,24.29,,,,,,,
JQ금악61,2013-03-11,23.92,,,,,,,
JQ금악61,2013-03-12,24.55,,,,,,,
JQ금악61,2013-03-13,24.26,,,,,,,
JQ금악61,2013-03-14,24.3,,,,,,,
JQ금악61,2013-03-15,24.5,,,,,,,
JQ금악61,2013-03-16,24.17,,,,,,,
JQ금악61,2013-03-17,23.85,,,,,,,
JQ금악61,2013-03-18,24.63,,,,,,,
JQ금악61,2013-03-19,23.2,,,,,,,
JQ금악61,2013-03-20,23.75,,,,,,,
JQ금악61,2013-03-21,24.66,,,,,,,
JQ금악61,2013-03-22,24.27,,,,,,,
JQ금악61,2013-03-23,24.47,,,,,,,
JQ금악61,2013-03-24,24.53,,,,,,,
JQ금악61,2013-03-25,24.47,,,,,,,
JQ금악61,2013-03-26,24.12,,,,,,,
JQ금악61,2013-03-27,24.38,,,,,,,
JQ금악61,2013-03-28,23.85,,,,,,,
JQ금악61,2013-03-29,23.09,,,,,,,
JQ금악61,2013-03-30,24.3,,,,,,,
JQ금악61,2013-03-31,23.72,,,,,,,
JQ금악61,2013-04-01,23.79,,,,,,,
JQ금악61,2013-04-02,24.23,,,,,,,
JQ금악61,2013-04-03,24.08,,,,,,,
JQ금악61,2013-04-04,24.11,,,,,,,
JQ금악61,2013-04-05,24.16,,,,,,,
JQ금악61,2013-04-06,24.51,,,,,,,
JQ금악61,2013-04-07,23.8,,,,,,,
JQ금악61,2013-04-08,23.35,,,,,,,
JQ금악61,2013-04-09,23.46,,,,,,,
JQ금악61,2013-04-10,24.03,,,,,,,
JQ금악61,2013-04-11,24.36,,,,,,,
JQ금악61,2013-04-12,24.0,,,,,,,
JQ금악61,2013-04-13,23.63,,,,,,,
JQ금악61,2013-04-14,23.18,,,,,,,
JQ금악61,2013-04-15,22.89,,,,,,,
JQ금악61,2013-04-16,23.04,,,,,,,
JQ금악61,2013-04-17,22.46,,,,,,,
JQ금악61,2013-04-18,23.26,,,,,,,
JQ금악61,2013-04-19,23.4,,,,,,,
JQ금악61,2013-04-20,23.6,,,,,,,
JQ금악61,2013-04-21,23.65,,,,,,,
JQ금악61,2013-04-22,23.39,,,,,,,
JQ금악61,2013-04-23,23.85,,,,,,,
JQ금악61,2013-04-24,23.87,,,,,,,
JQ금악61,2013-04-25,23.91,,,,,,,
JQ금악61,2013-04-26,23.84,,,,,,,
JQ금악61,2013-04-27,23.26,,,,,,,
JQ금악61,2013-04-28,23.13,,,,,,,
JQ금악61,2013-04-29,23.58,,,,,,,
JQ금악61,2013-04-30,23.62,,,,,,,
JQ금악61,2013-05-01,23.45,,,,,,,
JQ금악61,2013-05-02,23.86,,,,,,,
JQ금악61,2013-05-03,23.32,,,,,,,
JQ금악61,2013-05-04,22.88,,,,,,,
JQ금악61,2013-05-05,22.69,,,,,,,
JQ금악61,2013-05-06,20.69,,,,,,,
JQ금악61,2013-05-07,22.31,,,,,,,
JQ금악61,2013-05-08,23.12,,,,,,,
JQ금악61,2013-05-09,23.51,,,,,,,
JQ금악61,2013-05-10,23.61,,,,,,,
JQ금악61,2013-05-11,23.8,,,,,,,
JQ금악61,2013-05-12,22.89,,,,,,,
JQ금악61,2013-05-13,20.31,,,,,,,
JQ금악61,2013-05-14,23.43,,,,,,,
JQ금악61,2013-05-15,23.14,,,,,,,
JQ금악61,2013-05-16,22.9,,,,,,,
JQ금악61,2013-05-17,23.53,,,,,,,
JQ금악61,2013-05-18,22.86,,,,,,,
JQ금악61,2013-05-19,23.88,,,,,,,
JQ금악61,2013-05-20,23.88,,,,,,,
JQ금악61,2013-05-21,23.63,,,,,,,
JQ금악61,2013-05-22,23.46,,,,,,,
JQ금악61,2013-05-23,21.77,,,,,,,
JQ금악61,2013-05-24,21.7,,,,,,,
JQ금악61,2013-05-25,22.81,,,,,,,
JQ금악61,2013-05-26,22.05,,,,,,,
JQ금악61,2013-05-27,23.63,,,,,,,
JQ금악61,2013-05-28,23.59,,,,,,,
JQ금악61,2013-05-29,23.73,,,,,,,
JQ금악61,2013-05-30,24.23,,,,,,,
JQ금악61,2013-05-31,23.7,,,,,,,
JQ금악61,2013-06-01,23.98,,,,,,,
JQ금악61,2013-06-02,24.17,,,,,,,
JQ금악61,2013-06-03,23.57,,,,,,,
JQ금악61,2013-06-04,23.24,,,,,,,
JQ금악61,2013-06-05,23.83,,,,,,,
JQ금악61,2013-06-06,23.89,,,,,,,
JQ금악61,2013-06-07,23.89,,,,,,,
JQ금악61,2013-06-08,23.98,,,,,,,
JQ금악61,2013-06-09,24.14,,,,,,,
JQ금악61,2013-06-10,23.93,,,,,,,
JQ금악61,2013-06-11,23.85,,,,,,,
JQ금악61,2013-06-12,23.9,,,,,,,
JQ금악61,2013-06-13,23.99,,,,,,,
JQ금악61,2013-06-14,23.89,,,,,,,
JQ금악61,2013-06-15,23.11,,,,,,,
JQ금악61,2013-06-16,23.74,,,,,,,
JQ금악61,2013-06-17,23.8,,,,,,,
JQ금악61,2013-06-18,23.82,,,,,,,
JQ금악61,2013-06-19,24.09,,,,,,,
JQ금악61,2013-06-20,23.98,,,,,,,
JQ금악61,2013-06-21,23.93,,,,,,,
JQ금악61,2013-06-22,24.09,,,,,,,
JQ금악61,2013-06-23,23.95,,,,,,,
JQ금악61,2013-06-24,23.9,,,,,,,
JQ금악61,2013-06-25,23.97,,,,,,,
JQ금악61,2013-06-26,23.93,,,,,,,
JQ금악61,2013-06-27,24.17,,,,,,,
JQ금악61,2013-06-28,24.05,,,,,,,
JQ금악61,2013-06-29,24.26,,,,,,,
JQ금악61,2013-06-30,23.96,,,,,,,
JQ금악61,2013-07-01,23.09,,,,,,,
JQ금악61,2013-07-02,24.03,,,,,,,
JQ금악61,2013-07-03,23.88,,,,,,,
JQ금악61,2013-07-04,24.12,,,,,,,
JQ금악61,2013-07-05,23.92,,,,,,,
JQ금악61,2013-07-06,24.2,,,,,,,
JQ금악61,2013-07-08,23.82,,,,,,,
JQ금악61,2013-07-09,23.81,,,,,,,
JQ금악61,2013-07-10,23.46,,,,,,,
JQ금악61,2013-07-11,22.86,,,,,,,
JQ금악61,2013-07-12,22.79,,,,,,,
JQ금악61,2013-07-13,23.49,,,,,,,
JQ금악61,2013-07-14,22.54,,,,,,,
JQ금악61,2013-07-15,22.65,,,,,,,
JQ금악61,2013-07-16,23.44,,,,,,,
JQ금악61,2013-07-17,22.48,,,,,,,
JQ금악61,2013-07-18,21.49,,,,,,,
JQ금악61,2013-07-19,21.54,,,,,,,
JQ금악61,2013-07-20,22.17,,,,,,,
JQ금악61,2013-07-21,22.69,,,,,,,
JQ금악61,2013-07-22,21.98,,,,,,,
JQ금악61,2013-07-23,22.18,,,,,,,
JQ금악61,2013-07-24,22.5,,,,,,,
JQ금악61,2013-07-25,23.27,,,,,,,
JQ금악61,2013-07-26,22.33,,,,,,,
JQ금악61,2013-07-27,23.43,,,,,,,
JQ금악61,2013-07-28,21.42,,,,,,,
JQ금악61,2013-07-29,21.16,,,,,,,
JQ금악61,2013-07-30,20.71,,,,,,,
JQ금악61,2013-07-31,19.62,,,,,,,
JQ금악61,2013-08-01,19.39,,,,,,,
JQ금악61,2013-08-02,21.2,,,,,,,
JQ금악61,2013-08-03,21.05,,,,,,,
JQ금악61,2013-08-04,20.86,,,,,,,
JQ금악61,2013-08-05,22.51,,,,,,,
JQ금악61,2013-08-06,22.84,,,,,,,
JQ금악61,2013-08-07,22.59,,,,,,,
JQ금악61,2013-08-08,22.11,,,,,,,
JQ금악61,2013-08-09,21.94,,,,,,,
JQ금악61,2013-08-10,21.03,,,,,,,
JQ금악61,2013-08-11,22.14,,,,,,,
JQ금악61,2013-08-12,18.46,,,,,,,
JQ금악61,2013-08-13,20.11,,,,,,,
JQ금악61,2013-08-14,19.05,,,,,,,
JQ금악61,2013-08-15,17.03,,,,,,,
JQ금악61,2013-08-16,17.67,,,,,,,
JQ금악61,2013-08-18,18.19,,,,,,,
JQ금악61,2013-08-19,18.65,,,,,,,
JQ금악61,2013-08-20,18.46,,,,,,,
JQ금악61,2013-08-21,18.95,,,,,,,
JQ금악61,2013-08-22,20.48,,,,,,,
JQ금악61,2013-08-23,22.06,,,,,,,
JQ금악61,2013-08-24,21.66,,,,,,,
JQ금악61,2013-08-25,21.92,,,,,,,
JQ금악61,2013-08-26,22.28,,,,,,,
JQ금악61,2013-08-27,22.2,,,,,,,
JQ금악61,2013-08-28,21.75,,,,,,,
JQ금악61,2013-08-29,22.07,,,,,,,
JQ금악61,2013-08-30,22.31,,,,,,,
JQ금악61,2013-08-31,21.47,,,,,,,
JQ금악61,2013-09-01,20.38,,,,,,,
JQ금악61,2013-09-02,19.29,,,,,,,
JQ금악61,2013-09-03,21.17,,,,,,,
JQ금악61,2013-09-04,18.61,,,,,,,
JQ금악61,2013-09-05,18.66,,,,,,,
JQ금악61,2013-09-06,20.75,,,,,,,
JQ금악61,2013-09-07,21.61,,,,,,,
JQ금악61,2013-09-08,21.04,,,,,,,
JQ금악61,2013-09-09,20.38,,,,,,,
JQ금악61,2013-09-10,18.64,,,,,,,
JQ금악61,2013-09-11,17.56,,,,,,,
JQ금악61,2013-09-12,18.15,,,,,,,
JQ금악61,2013-09-13,18.86,,,,,,,
JQ금악61,2013-09-14,21.12,,,,,,,
JQ금악61,2013-09-15,21.69,,,,,,,
JQ금악61,2013-09-16,20.72,,,,,,,
JQ금악61,2013-09-17,20.81,,,,,,,
JQ금악61,2013-09-18,20.46,,,,,,,
JQ금악61,2013-09-19,19.94,,,,,,,
JQ금악61,2013-09-20,17.97,,,,,,,
JQ금악61,2013-09-21,18.93,,,,,,,
JQ금악61,2013-09-22,19.02,,,,,,,
JQ금악61,2013-09-23,19.18,,,,,,,
JQ금악61,2013-09-24,18.47,,,,,,,
JQ금악61,2013-09-25,18.06,,,,,,,
JQ금악61,2013-09-26,17.07,,,,,,,
JQ금악61,2013-09-27,15.78,,,,,,,
JQ금악61,2013-09-28,18.62,,,,,,,
JQ금악61,2013-09-29,20.29,,,,,,,
JQ금악61,2013-09-30,21.14,,,,,,,
JQ금악61,2013-10-01,21.13,,,,,,,
JQ금악61,2013-10-02,21.29,,,,,,,
JQ금악61,2013-10-03,21.01,,,,,,,
JQ금악61,2013-10-04,21.34,,,,,,,
JQ금악61,2013-10-05,20.97,,,,,,,
JQ금악61,2013-10-06,20.81,,,,,,,
JQ금악61,2013-10-07,20.61,,,,,,,
JQ금악61,2013-10-08,21.66,,,,,,,
JQ금악61,2013-10-09,21.36,,,,,,,
JQ금악61,2013-10-10,21.62,,,,,,,
JQ금악61,2013-10-11,21.04,,,,,,,
JQ금악61,2013-10-12,20.97,,,,,,,
JQ금악61,2013-10-13,19.78,,,,,,,
JQ금악61,2013-10-14,20.35,,,,,,,
JQ금악61,2013-10-15,20.18,,,,,,,
JQ금악61,2013-10-16,19.03,,,,,,,
JQ금악61,2013-10-17,19.29,,,,,,,
JQ금악61,2013-10-18,19.34,,,,,,,
JQ금악61,2013-10-19,18.48,,,,,,,
JQ금악61,2013-10-20,17.65,,,,,,,
JQ금악61,2013-10-21,17.82,,,,,,,
JQ금악61,2013-10-22,17.81,,,,,,,
JQ금악61,2013-10-23,17.55,,,,,,,
JQ금악61,2013-10-24,18.03,,,,,,,
JQ금악61,2013-10-25,17.0,,,,,,,
JQ금악61,2013-10-26,17.81,,,,,,,
JQ금악61,2013-10-27,17.8,,,,,,,
JQ금악61,2013-10-28,19.8,,,,,,,
JQ금악61,2013-10-29,16.73,,,,,,,
JQ금악61,2013-10-30,18.02,,,,,,,
JQ금악61,2013-10-31,16.67,,,,,,,
JQ금악61,2013-11-01,15.63,,,,,,,
JQ금악61,2013-11-02,17.56,,,,,,,
JQ금악61,2013-11-03,17.65,,,,,,,
JQ금악61,2013-11-04,17.41,,,,,,,
JQ금악61,2013-11-05,17.59,,,,,,,
JQ금악61,2013-11-06,17.67,,,,,,,
JQ금악61,2013-11-07,18.46,,,,,,,
JQ금악61,2013-11-08,18.79,,,,,,,
JQ금악61,2013-11-09,19.51,,,,,,,
JQ금악61,2013-11-10,20.27,,,,,,,
JQ금악61,2013-11-11,20.41,,,,,,,
JQ금악61,2013-11-12,20.53,,,,,,,
JQ금악61,2013-11-13,19.98,,,,,,,
JQ금악61,2013-11-14,20.57,,,,,,,
JQ금악61,2013-11-15,20.31,,,,,,,
JQ금악61,2013-11-16,20.32,,,,,,,
JQ금악61,2013-11-17,20.32,,,,,,,
JQ금악61,2013-11-18,20.65,,,,,,,
JQ금악61,2013-11-19,20.46,,,,,,,
JQ금악61,2013-11-20,20.6,,,,,,,
JQ금악61,2013-11-21,20.54,,,,,,,
JQ금악61,2013-11-22,20.57,,,,,,,
JQ금악61,2013-11-23,20.44,,,,,,,
JQ금악61,2013-11-24,20.55,,,,,,,
JQ금악61,2013-11-25,20.39,,,,,,,
JQ금악61,2013-11-26,20.56,,,,,,,
JQ금악61,2013-11-27,20.46,,,,,,,
JQ금악61,2013-11-28,20.4,,,,,,,
JQ금악61,2013-11-29,20.46,,,,,,,
JQ금악61,2013-11-30,20.48,,,,,,,
JQ금악61,2013-12-01,20.64,,,,,,,
JQ금악61,2013-12-02,20.49,,,,,,,
JQ금악61,2013-12-03,20.44,,,,,,,
JQ금악61,2013-12-04,20.47,,,,,,,
JQ금악61,2013-12-05,20.27,,,,,,,
JQ금악61,2013-12-06,20.27,,,,,,,
JQ금악61,2013-12-07,20.36,,,,,,,
JQ금악61,2013-12-08,20.32,,,,,,,
JQ금악61,2013-12-09,20.52,,,,,,,
JQ금악61,2013-12-10,20.43,,,,,,,
JQ금악61,2013-12-11,20.07,,,,,,,
JQ금악61,2013-12-12,20.28,,,,,,,
JQ금악61,2013-12-13,20.29,,,,,,,
JQ금악61,2013-12-14,20.36,,,,,,,
JQ금악61,2013-12-15,20.36,,,,,,,
JQ금악61,2013-12-16,20.33,,,,,,,
JQ금악61,2013-12-17,20.23,,,,,,,
JQ금악61,2013-12-18,20.37,,,,,,,
JQ금악61,2013-12-19,20.42,,,,,,,
JQ금악61,2013-12-20,20.35,,,,,,,
JQ금악61,2013-12-21,20.01,,,,,,,
JQ금악61,2013-12-22,19.85,,,,,,,
JQ금악61,2013-12-23,19.35,,,,,,,
JQ금악61,2013-12-24,20.23,,,,,,,
JQ금악61,2013-12-25,19.87,,,,,,,
JQ금악61,2013-12-26,20.36,,,,,,,
JQ금악61,2013-12-27,20.15,,,,,,,
JQ금악61,2013-12-28,20.3,,,,,,,
JQ금악61,2013-12-29,20.29,,,,,,,
JQ금악61,2013-12-30,20.14,,,,,,,
JQ금악61,2013-12-31,20.2,,,,,,,
JQ금악61,2014-01-01,20.09,,,,,,,
JQ금악61,2014-01-02,19.54,,,,,,,
JQ금악61,2014-01-03,19.91,,,,,,,
JQ금악61,2014-01-05,20.06,,,,,,,
JQ금악61,2014-01-06,19.98,,,,,,,
JQ금악61,2014-01-08,20.0,,,,,,,
JQ금악61,2014-01-09,20.15,,,,,,,
JQ금악61,2014-01-11,20.06,,,,,,,
JQ금악61,2014-01-12,20.12,,,,,,,
JQ금악61,2014-01-14,20.02,,,,,,,
JQ금악61,2014-01-15,20.06,,,,,,,
JQ금악61,2014-01-16,19.91,,,,,,,
JQ금악61,2014-01-17,19.75,,,,,,,
JQ금악61,2014-01-18,20.03,,,,,,,
JQ금악61,2014-01-19,20.03,,,,,,,
JQ금악61,2014-01-20,19.97,,,,,,,
JQ금악61,2014-01-21,19.92,,,,,,,
JQ금악61,2014-01-22,20.0,,,,,,,
JQ금악61,2014-01-23,19.84,,,,,,,
JQ금악61,2014-01-24,19.84,,,,,,,
JQ금악61,2014-01-25,19.99,,,,,,,
JQ금악61,2014-01-26,19.88,,,,,,,
JQ금악61,2014-01-27,19.66,,,,,,,
JQ금악61,2014-01-28,19.85,,,,,,,
JQ금악61,2014-01-29,19.81,,,,,,,
JQ금악61,2014-01-30,19.89,,,,,,,
JQ금악61,2014-01-31,19.87,,,,,,,
JQ금악61,2014-02-01,19.72,,,,,,,
JQ금악61,2014-02-02,19.75,,,,,,,
JQ금악61,2014-02-03,19.84,,,,,,,
JQ금악61,2014-02-04,19.79,,,,,,,
JQ금악61,2014-02-05,19.69,,,,,,,
JQ금악61,2014-02-06,19.47,,,,,,,
JQ금악61,2014-02-07,19.83,,,,,,,
JQ금악61,2014-02-08,19.56,,,,,,,
JQ금악61,2014-02-09,19.79,,,,,,,
JQ금악61,2014-02-10,19.7,,,,,,,
JQ금악61,2014-02-11,19.36,,,,,,,
JQ금악61,2014-02-12,19.75,,,,,,,
JQ금악61,2014-02-13,19.71,,,,,,,
JQ금악61,2014-02-14,19.56,,,,,,,
JQ금악61,2014-02-15,19.42,,,,,,,
JQ금악61,2014-02-16,19.55,,,,,,,
JQ금악61,2014-02-17,19.37,,,,,,,
JQ금악61,2014-02-18,19.69,,,,,,,
JQ금악61,2014-02-19,19.48,,,,,,,
JQ금악61,2014-02-20,19.68,,,,,,,
JQ금악61,2014-02-21,19.22,,,,,,,
JQ금악61,2014-02-22,19.19,,,,,,,
JQ금악61,2014-02-23,18.92,,,,,,,
JQ금악61,2014-02-24,19.3,,,,,,,
JQ금악61,2014-02-25,19.57,,,,,,,
JQ금악61,2014-02-26,19.55,,,,,,,
JQ금악61,2014-02-27,19.5,,,,,,,
JQ금악61,2014-02-28,19.54,,,,,,,
JQ금악61,2014-03-01,19.67,,,,,,,
JQ금악61,2014-03-02,19.34,,,,,,,
JQ금악61,2014-03-03,19.36,,,,,,,
JQ금악61,2014-03-04,19.46,,,,,,,
JQ금악61,2014-03-05,19.28,,,,,,,
JQ금악61,2014-03-06,19.01,,,,,,,
JQ금악61,2014-03-07,19.22,,,,,,,
JQ금악61,2014-03-08,18.66,,,,,,,
JQ금악61,2014-03-09,19.3,,,,,,,
JQ금악61,2014-03-10,19.14,,,,,,,
JQ금악61,2014-03-11,19.4,,,,,,,
JQ금악61,2014-03-12,18.54,,,,,,,
JQ금악61,2014-03-13,19.44,,,,,,,
JQ금악61,2014-03-14,19.36,,,,,,,
JQ금악61,2014-03-15,19.69,,,,,,,
JQ금악61,2014-03-16,19.65,,,,,,,
JQ금악61,2014-03-17,18.95,,,,,,,
JQ금악61,2014-03-18,18.47,,,,,,,
JQ금악61,2014-03-19,19.65,,,,,,,
JQ금악61,2014-03-20,19.08,,,,,,,
JQ금악61,2014-03-21,19.14,,,,,,,
JQ금악61,2014-03-22,18.23,,,,,,,
JQ금악61,2014-03-23,18.59,,,,,,,
JQ금악61,2014-03-24,18.94,,,,,,,
JQ금악61,2014-03-25,19.58,,,,,,,
JQ금악61,2014-03-26,19.38,,,,,,,
JQ금악61,2014-03-27,19.64,,,,,,,
JQ금악61,2014-03-28,19.53,,,,,,,
JQ금악61,2014-03-29,19.61,,,,,,,
JQ금악61,2014-03-30,19.79,,,,,,,
JQ금악61,2014-03-31,19.61,,,,,,,
JQ금악61,2014-04-01,19.69,,,,,,,
JQ금악61,2014-04-02,19.69,,,,,,,
JQ금악61,2014-04-03,18.93,,,,,,,
JQ금악61,2014-04-04,19.04,,,,,,,
JQ금악61,2014-04-05,19.14,,,,,,,
JQ금악61,2014-04-06,19.39,,,,,,,
JQ금악61,2014-04-07,19.02,,,,,,,
JQ금악61,2014-04-08,17.97,,,,,,,
JQ금악61,2014-04-09,19.47,,,,,,,
JQ금악61,2014-04-10,18.53,,,,,,,
JQ금악61,2014-04-11,18.82,,,,,,,
JQ금악61,2014-04-12,18.52,,,,,,,
JQ금악61,2014-04-13,19.45,,,,,,,
JQ금악61,2014-04-14,19.12,,,,,,,
JQ금악61,2014-04-15,19.24,,,,,,,
JQ금악61,2014-04-16,18.84,,,,,,,
JQ금악61,2014-04-17,19.17,,,,,,,
JQ금악61,2014-04-18,19.48,,,,,,,
JQ금악61,2014-04-19,19.48,,,,,,,
JQ금악61,2014-04-20,19.11,,,,,,,
JQ금악61,2014-04-21,19.25,,,,,,,
JQ금악61,2014-04-22,18.59,,,,,,,
JQ금악61,2014-04-23,18.31,,,,,,,
JQ금악61,2014-04-24,18.8,,,,,,,
JQ금악61,2014-04-25,17.92,,,,,,,
JQ금악61,2014-04-26,19.1,,,,,,,
JQ금악61,2014-04-27,19.39,,,,,,,
JQ금악61,2014-04-28,19.44,,,,,,,
JQ금악61,2014-04-29,19.63,,,,,,,
JQ금악61,2014-04-30,19.2,,,,,,,
JQ금악61,2014-05-01,19.5,,,,,,,
JQ금악61,2014-05-02,19.36,,,,,,,
JQ금악61,2014-05-03,19.04,,,,,,,
JQ금악61,2014-05-04,19.43,,,,,,,
JQ금악61,2014-05-05,18.89,,,,,,,
JQ금악61,2014-05-06,18.83,,,,,,,
JQ금악61,2014-05-07,18.96,,,,,,,
JQ금악61,2014-05-08,19.06,,,,,,,
JQ금악61,2014-05-09,17.9,,,,,,,
JQ금악61,2014-05-10,17.7,,,,,,,
JQ금악61,2014-05-11,19.07,,,,,,,
JQ금악61,2014-05-12,19.04,,,,,,,
JQ금악61,2014-05-13,19.19,,,,,,,
JQ금악61,2014-05-14,19.79,,,,,,,
JQ금악61,2014-05-15,19.5,,,,,,,
JQ금악61,2014-05-16,19.57,,,,,,,
JQ금악61,2014-05-17,18.81,,,,,,,
JQ금악61,2014-05-18,19.03,,,,,,,
JQ금악61,2014-05-19,18.33,,,,,,,
JQ금악61,2014-05-20,19.65,,,,,,,
JQ금악61,2014-05-21,19.59,,,,,,,
JQ금악61,2014-05-22,19.78,,,,,,,
JQ금악61,2014-05-23,19.88,,,,,,,
JQ금악61,2014-05-24,18.8,,,,,,,
JQ금악61,2014-05-25,19.63,,,,,,,
JQ금악61,2014-05-26,19.74,,,,,,,
JQ금악61,2014-05-27,20.16,,,,,,,
JQ금악61,2014-05-28,20.02,,,,,,,
JQ금악61,2014-05-29,19.43,,,,,,,
JQ금악61,2014-05-30,19.74,,,,,,,
JQ금악61,2014-05-31,19.94,,,,,,,
JQ금악61,2014-06-01,20.17,,,,,,,
JQ금악61,2014-06-02,20.61,,,,,,,
JQ금악61,2014-06-03,20.43,,,,,,,
JQ금악61,2014-06-04,20.53,,,,,,,
JQ금악61,2014-06-05,19.74,,,,,,,
JQ금악61,2014-06-06,20.27,,,,,,,
JQ금악61,2014-06-07,20.44,,,,,,,
JQ금악61,2014-06-08,20.39,,,,,,,
JQ금악61,2014-06-09,20.09,,,,,,,
JQ금악61,2014-06-10,19.69,,,,,,,
JQ금악61,2014-06-11,19.44,,,,,,,
JQ금악61,2014-06-12,20.02,,,,,,,
JQ금악61,2014-06-13,20.17,,,,,,,
JQ금악61,2014-06-14,19.39,,,,,,,
JQ금악61,2014-06-15,18.59,,,,,,,
JQ금악61,2014-06-16,19.96,,,,,,,
JQ금악61,2014-06-17,20.26,,,,,,,
JQ금악61,2014-06-18,20.22,,,,,,,
JQ금악61,2014-06-19,20.36,,,,,,,
JQ금악61,2014-06-20,19.62,,,,,,,
JQ금악61,2014-06-21,19.11,,,,,,,
JQ금악61,2014-06-22,19.81,,,,,,,
JQ금악61,2014-06-23,20.2,,,,,,,
JQ금악61,2014-06-24,20.29,,,,,,,
JQ금악61,2014-06-25,19.91,,,,,,,
JQ금악61,2014-06-26,19.55,,,,,,,
JQ금악61,2014-06-27,19.21,,,,,,,
JQ금악61,2014-06-28,20.11,,,,,,,
JQ금악61,2014-06-29,19.47,,,,,,,
JQ금악61,2014-06-30,19.6,,,,,,,
JQ금악61,2014-07-01,19.47,,,,,,,
JQ금악61,2014-07-02,20.33,,,,,,,
JQ금악61,2014-07-03,19.72,,,,,,,
JQ금악61,2014-07-04,20.05,,,,,,,
JQ금악61,2014-07-06,20.57,,,,,,,
JQ금악61,2014-07-07,20.67,,,,,,,
JQ금악61,2014-07-08,21.18,,,,,,,
JQ금악61,2014-07-09,20.71,,,,,,,
JQ금악61,2014-07-10,21.48,,,,,,,
JQ금악61,2014-07-11,21.45,,,,,,,
JQ금악61,2014-07-12,21.62,,,,,,,
JQ금악61,2014-07-13,21.59,,,,,,,
JQ금악61,2014-07-14,21.44,,,,,,,
JQ금악61,2014-07-15,21.47,,,,,,,
JQ금악61,2014-07-16,21.03,,,,,,,
JQ금악61,2014-07-17,21.69,,,,,,,
JQ금악61,2014-07-18,21.62,,,,,,,
JQ금악61,2014-07-19,21.53,,,,,,,
JQ금악61,2014-07-20,21.45,,,,,,,
JQ금악61,2014-07-21,21.01,,,,,,,
JQ금악61,2014-07-22,21.5,,,,,,,
JQ금악61,2014-07-23,21.15,,,,,,,
JQ금악61,2014-07-24,21.13,,,,,,,
JQ금악61,2014-07-25,21.3,,,,,,,
JQ금악61,2014-07-26,21.13,,,,,,,
JQ금악61,2014-07-27,20.56,,,,,,,
JQ금악61,2014-07-28,20.78,,,,,,,
JQ금악61,2014-07-29,20.53,,,,,,,
JQ금악61,2014-07-30,20.88,,,,,,,
JQ금악61,2014-07-31,21.25,,,,,,,
JQ금악61,2014-08-01,21.39,,,,,,,
JQ금악61,2014-08-02,21.61,,,,,,,
JQ금악61,2014-08-03,21.91,,,,,,,
JQ금악61,2014-08-04,21.97,,,,,,,
JQ금악61,2014-08-05,21.66,,,,,,,
JQ금악61,2014-08-06,21.4,,,,,,,
JQ금악61,2014-08-07,20.47,,,,,,,
JQ금악61,2014-08-08,21.33,,,,,,,
JQ금악61,2014-08-09,21.07,,,,,,,
JQ금악61,2014-08-11,21.23,,,,,,,
JQ금악61,2014-08-12,20.46,,,,,,,
JQ금악61,2014-08-13,21.36,,,,,,,
JQ금악61,2014-08-14,21.39,,,,,,,
JQ금악61,2014-08-15,21.67,,,,,,,
JQ금악61,2014-08-16,21.66,,,,,,,
JQ금악61,2014-08-17,21.52,,,,,,,
JQ금악61,2014-08-18,21.56,,,,,,,
JQ금악61,2014-08-20,22.06,,,,,,,
JQ금악61,2014-08-21,22.43,,,,,,,
JQ금악61,2014-08-22,22.25,,,,,,,
JQ금악61,2014-08-23,22.42,,,,,,,
JQ금악61,2014-08-24,23.0,,,,,,,
JQ금악61,2014-08-25,23.15,,,,,,,
JQ금악61,2014-08-26,22.75,,,,,,,
JQ금악61,2014-08-27,22.53,,,,,,,
JQ금악61,2014-08-28,22.52,,,,,,,
JQ금악61,2014-08-29,22.81,,,,,,,
JQ금악61,2014-08-30,22.68,,,,,,,
JQ금악61,2014-08-31,22.89,,,,,,,
JQ금악61,2014-09-01,22.67,,,,,,,
JQ금악61,2014-09-02,22.5,,,,,,,
JQ금악61,2014-09-03,22.91,,,,,,,
JQ금악61,2014-09-04,22.75,,,,,,,
JQ금악61,2014-09-05,22.6,,,,,,,
JQ금악61,2014-09-06,22.43,,,,,,,
JQ금악61,2014-09-07,21.33,,,,,,,
JQ금악61,2014-09-08,20.46,,,,,,,
JQ금악61,2014-09-09,20.01,,,,,,,
JQ금악61,2014-09-10,21.05,,,,,,,
JQ금악61,2014-09-11,19.33,,,,,,,
JQ금악61,2014-09-12,19.2,,,,,,,
JQ금악61,2014-09-13,20.39,,,,,,,
JQ금악61,2014-09-14,18.87,,,,,,,
JQ금악61,2014-09-15,20.22,,,,,,,
JQ금악61,2014-09-16,20.1,,,,,,,
JQ금악61,2014-09-17,20.14,,,,,,,
JQ금악61,2014-09-18,19.93,,,,,,,
JQ금악61,2014-09-19,20.67,,,,,,,
JQ금악61,2014-09-20,21.92,,,,,,,
JQ금악61,2014-09-21,21.18,,,,,,,
JQ금악61,2014-09-22,20.88,,,,,,,
JQ금악61,2014-09-23,21.53,,,,,,,
JQ금악61,2014-09-24,22.52,,,,,,,
JQ금악61,2014-09-25,22.35,,,,,,,
JQ금악61,2014-09-26,22.49,,,,,,,
JQ금악61,2014-09-27,21.95,,,,,,,
JQ금악61,2014-09-28,21.58,,,,,,,
JQ금악61,2014-09-29,21.82,,,,,,,
JQ금악61,2014-09-30,21.29,,,,,,,
JQ금악61,2014-10-01,21.19,,,,,,,
JQ금악61,2014-10-02,21.61,,,,,,,
JQ금악61,2014-10-03,21.82,,,,,,,
JQ금악61,2014-10-04,20.58,,,,,,,
JQ금악61,2014-10-05,19.97,,,,,,,
JQ금악61,2014-10-06,18.15,,,,,,,
JQ금악61,2014-10-07,18.39,,,,,,,
JQ금악61,2014-10-08,17.91,,,,,,,
JQ금악61,2014-10-09,17.89,,,,,,,
JQ금악61,2014-10-10,20.44,,,,,,,
JQ금악61,2014-10-11,20.54,,,,,,,
JQ금악61,2014-10-12,21.49,,,,,,,
JQ금악61,2014-10-13,22.0,,,,,,,
JQ금악61,2014-10-14,21.49,,,,,,,
JQ금악61,2014-10-15,20.47,,,,,,,
JQ금악61,2014-10-18,20.53,,,,,,,
JQ금악61,2014-10-21,21.96,,,,,,,
JQ금악61,2014-10-22,21.95,,,,,,,
JQ금악61,2014-10-23,21.95,,,,,,,
JQ금악61,2014-10-24,22.06,,,,,,,
JQ금악61,2014-10-25,20.59,,,,,,,
JQ금악61,2014-10-26,20.79,,,,,,,
JQ금악61,2014-10-27,20.25,,,,,,,
JQ금악61,2014-10-28,20.69,,,,,,,
JQ금악61,2014-10-29,20.38,,,,,,,
JQ금악61,2014-10-30,20.78,,,,,,,
JQ금악61,2014-10-31,21.43,,,,,,,
JQ금악61,2014-11-01,21.6,,,,,,,
JQ금악61,2014-11-02,22.01,,,,,,,
JQ금악61,2014-11-03,21.57,,,,,,,
JQ금악61,2014-11-04,21.21,,,,,,,
JQ금악61,2014-11-05,21.12,,,,,,,
JQ금악61,2014-11-06,21.52,,,,,,,
JQ금악61,2014-11-07,21.51,,,,,,,
JQ금악61,2014-11-08,21.3,,,,,,,
JQ금악61,2014-11-09,21.78,,,,,,,
JQ금악61,2014-11-10,21.53,,,,,,,
JQ금악61,2014-11-11,21.77,,,,,,,
JQ금악61,2014-11-12,21.13,,,,,,,
JQ금악61,2014-11-13,20.83,,,,,,,
JQ금악61,2014-11-14,21.67,,,,,,,
JQ금악61,2014-11-15,21.11,,,,,,,
JQ금악61,2014-11-16,21.49,,,,,,,
JQ금악61,2014-11-17,20.15,,,,,,,
JQ금악61,2014-11-18,20.22,,,,,,,
JQ금악61,2014-11-19,19.92,,,,,,,
JQ금악61,2014-11-20,17.39,,,,,,,
JQ금악61,2014-11-21,18.79,,,,,,,
JQ금악61,2014-11-22,19.34,,,,,,,
JQ금악61,2014-11-23,20.04,,,,,,,
JQ금악61,2014-11-24,20.74,,,,,,,
JQ금악61,2014-11-25,21.46,,,,,,,
JQ금악61,2014-11-26,21.56,,,,,,,
JQ금악61,2014-11-27,21.7,,,,,,,
JQ금악61,2014-11-28,21.66,,,,,,,
JQ금악61,2014-11-29,21.79,,,,,,,
JQ금악61,2014-11-30,21.92,,,,,,,
JQ금악61,2014-12-01,21.69,,,,,,,
JQ금악61,2014-12-02,22.0,,,,,,,
JQ금악61,2014-12-03,21.8,,,,,,,
JQ금악61,2014-12-04,22.06,,,,,,,
JQ금악61,2014-12-05,21.75,,,,,,,
JQ금악61,2014-12-06,21.66,,,,,,,
JQ금악61,2014-12-07,21.81,,,,,,,
JQ금악61,2014-12-08,21.75,,,,,,,
JQ금악61,2014-12-09,21.7,,,,,,,
JQ금악61,2014-12-10,21.92,,,,,,,
JQ금악61,2014-12-11,21.99,,,,,,,
JQ금악61,2014-12-12,21.77,,,,,,,
JQ금악61,2014-12-13,21.9,,,,,,,
JQ금악61,2014-12-14,21.66,,,,,,,
JQ금악61,2014-12-15,21.71,,,,,,,
JQ금악61,2014-12-16,22.13,,,,,,,
JQ금악61,2014-12-17,22.23,,,,,,,
JQ금악61,2014-12-18,21.27,,,,,,,
JQ금악61,2014-12-19,21.64,,,,,,,
JQ금악61,2014-12-20,21.89,,,,,,,
JQ금악61,2014-12-21,21.8,,,,,,,
JQ금악61,2014-12-22,21.78,,,,,,,
JQ금악61,2014-12-23,21.66,,,,,,,
JQ금악61,2014-12-24,21.79,,,,,,,
JQ금악61,2014-12-25,21.75,,,,,,,
JQ금악61,2014-12-26,21.69,,,,,,,
JQ금악61,2014-12-27,21.7,,,,,,,
JQ금악61,2014-12-28,21.62,,,,,,,
JQ금악61,2014-12-29,21.46,,,,,,,
JQ금악61,2014-12-30,21.06,,,,,,,
JQ금악61,2014-12-31,21.65,,,,,,,
JQ금악61,2015-01-01,21.69,,,,,,,
JQ금악61,2015-01-02,21.69,,,,,,,
JQ금악61,2015-01-03,21.54,,,,,,,
JQ금악61,2015-01-04,21.56,,,,,,,
JQ금악61,2015-01-05,21.71,,,,,,,
JQ금악61,2015-01-06,21.8,,,,,,,
JQ금악61,2015-01-07,21.57,,,,,,,
JQ금악61,2015-01-08,21.51,,,,,,,
JQ금악61,2015-01-09,21.67,,,,,,,
JQ금악61,2015-01-10,21.52,,,,,,,
JQ금악61,2015-01-11,21.42,,,,,,,
JQ금악61,2015-01-12,21.63,,,,,,,
JQ금악61,2015-01-13,21.49,,,,,,,
JQ금악61,2015-01-14,21.48,,,,,,,
JQ금악61,2015-01-15,21.63,,,,,,,
JQ금악61,2015-01-16,21.45,,,,,,,
JQ금악61,2015-01-17,21.57,,,,,,,
JQ금악61,2015-01-18,21.44,,,,,,,
JQ금악61,2015-01-19,21.53,,,,,,,
JQ금악61,2015-01-20,21.54,,,,,,,
JQ금악61,2015-01-21,21.52,,,,,,,
JQ금악61,2015-01-22,21.51,,,,,,,
JQ금악61,2015-01-23,21.57,,,,,,,
JQ금악61,2015-01-24,21.39,,,,,,,
JQ금악61,2015-01-25,21.74,,,,,,,
JQ금악61,2015-01-26,21.65,,,,,,,
JQ금악61,2015-01-27,21.47,,,,,,,
JQ금악61,2015-01-28,21.69,,,,,,,
JQ금악61,2015-01-29,21.67,,,,,,,
JQ금악61,2015-01-30,21.67,,,,,,,
JQ금악61,2015-01-31,21.58,,,,,,,
JQ금악61,2015-02-01,20.9,,,,,,,
JQ금악61,2015-02-02,20.84,,,,,,,
JQ금악61,2015-02-03,21.28,,,,,,,
JQ금악61,2015-02-04,21.29,,,,,,,
JQ금악61,2015-02-05,21.57,,,,,,,
JQ금악61,2015-02-06,21.24,,,,,,,
JQ금악61,2015-02-07,21.24,,,,,,,
JQ금악61,2015-02-08,21.41,,,,,,,
JQ금악61,2015-02-09,21.18,,,,,,,
JQ금악61,2015-02-10,21.45,,,,,,,
JQ금악61,2015-02-11,21.13,,,,,,,
JQ금악61,2015-02-12,21.44,,,,,,,
JQ금악61,2015-02-13,21.54,,,,,,,
JQ금악61,2015-02-14,21.38,,,,,,,
JQ금악61,2015-02-15,21.41,,,,,,,
JQ금악61,2015-02-16,21.37,,,,,,,
JQ금악61,2015-02-17,21.46,,,,,,,
JQ금악61,2015-02-18,21.51,,,,,,,
JQ금악61,2015-02-19,21.67,,,,,,,
JQ금악61,2015-02-20,20.95,,,,,,,
JQ금악61,2015-02-21,21.41,,,,,,,
JQ금악61,2015-02-22,21.58,,,,,,,
JQ금악61,2015-02-23,21.27,,,,,,,
JQ금악61,2015-02-24,21.51,,,,,,,
JQ금악61,2015-02-25,21.52,,,,,,,
JQ금악61,2015-02-26,21.58,,,,,,,
JQ금악61,2015-02-27,21.14,,,,,,,
JQ금악61,2015-02-28,21.52,,,,,,,
JQ금악61,2015-03-01,21.42,,,,,,,
JQ금악61,2015-03-02,21.64,,,,,,,
JQ금악61,2015-03-03,21.38,,,,,,,
JQ금악61,2015-03-04,21.29,,,,,,,
JQ금악61,2015-03-05,21.45,,,,,,,
JQ금악61,2015-03-06,21.21,,,,,,,
JQ금악61,2015-03-07,21.39,,,,,,,
JQ금악61,2015-03-08,20.94,,,,,,,
JQ금악61,2015-03-09,20.68,,,,,,,
JQ금악61,2015-03-10,21.28,,,,,,,
JQ금악61,2015-03-11,21.12,,,,,,,
JQ금악61,2015-03-12,21.04,,,,,,,
JQ금악61,2015-03-13,21.29,,,,,,,
JQ금악61,2015-03-14,20.68,,,,,,,
JQ금악61,2015-03-15,20.98,,,,,,,
JQ금악61,2015-03-16,21.07,,,,,,,
JQ금악61,2015-03-17,21.04,,,,,,,
JQ금악61,2015-03-18,21.37,,,,,,,
JQ금악61,2015-03-19,21.66,,,,,,,
JQ금악61,2015-03-20,21.59,,,,,,,
JQ금악61,2015-03-21,21.08,,,,,,,
JQ금악61,2015-03-22,20.6,,,,,,,
JQ금악61,2015-03-23,20.62,,,,,,,
JQ금악61,2015-03-24,20.73,,,,,,,
JQ금악61,2015-03-25,21.03,,,,,,,
JQ금악61,2015-03-26,20.63,,,,,,,
JQ금악61,2015-03-27,21.25,,,,,,,
JQ금악61,2015-03-28,21.68,,,,,,,
JQ금악61,2015-03-29,21.47,,,,,,,
JQ금악61,2015-03-30,21.67,,,,,,,
JQ금악61,2015-03-31,21.7,,,,,,,
JQ금악61,2015-04-01,21.24,,,,,,,
JQ금악61,2015-04-02,21.22,,,,,,,
JQ금악61,2015-04-03,21.0,,,,,,,
JQ금악61,2015-04-04,21.26,,,,,,,
JQ금악61,2015-04-05,21.48,,,,,,,
JQ금악61,2015-04-06,21.66,,,,,,,
JQ금악61,2015-04-07,21.69,,,,,,,
JQ금악61,2015-04-08,21.02,,,,,,,
JQ금악61,2015-04-09,21.54,,,,,,,
JQ금악61,2015-04-10,20.98,,,,,,,
JQ금악61,2015-04-11,20.88,,,,,,,
JQ금악61,2015-04-12,20.79,,,,,,,
JQ금악61,2015-04-13,21.76,,,,,,,
JQ금악61,2015-04-14,21.58,,,,,,,
JQ금악61,2015-04-15,21.39,,,,,,,
JQ금악61,2015-04-16,20.8,,,,,,,
JQ금악61,2015-04-17,20.47,,,,,,,
JQ금악61,2015-04-18,20.94,,,,,,,
JQ금악61,2015-04-19,21.84,,,,,,,
JQ금악61,2015-04-20,22.09,,,,,,,
JQ금악61,2015-04-21,22.06,,,,,,,
JQ금악61,2015-04-22,21.92,,,,,,,
JQ금악61,2015-04-23,22.43,,,,,,,
JQ금악61,2015-04-24,22.44,,,,,,,
JQ금악61,2015-04-25,21.69,,,,,,,
JQ금악61,2015-04-26,21.9,,,,,,,
JQ금악61,2015-04-27,22.53,,,,,,,
JQ금악61,2015-04-28,22.15,,,,,,,
JQ금악61,2015-04-29,22.48,,,,,,,
JQ금악61,2015-04-30,21.87,,,,,,,
JQ금악61,2015-05-01,21.61,,,,,,,
JQ금악61,2015-05-02,22.09,,,,,,,
JQ금악61,2015-05-03,22.76,,,,,,,
JQ금악61,2015-05-04,22.28,,,,,,,
JQ금악61,2015-05-05,21.96,,,,,,,
JQ금악61,2015-05-06,21.91,,,,,,,
JQ금악61,2015-05-07,21.9,,,,,,,
JQ금악61,2015-05-08,22.32,,,,,,,
JQ금악61,2015-05-09,22.72,,,,,,,
JQ금악61,2015-05-10,22.12,,,,,,,
JQ금악61,2015-05-11,22.84,,,,,,,
JQ금악61,2015-05-12,22.92,,,,,,,
JQ금악61,2015-05-13,23.12,,,,,,,
JQ금악61,2015-05-14,23.72,,,,,,,
JQ금악61,2015-05-15,23.9,,,,,,,
JQ금악61,2015-05-16,23.52,,,,,,,
JQ금악61,2015-05-17,22.63,,,,,,,
JQ금악61,2015-05-18,23.73,,,,,,,
JQ금악61,2015-05-19,23.77,,,,,,,
JQ금악61,2015-05-20,21.77,,,,,,,
JQ금악61,2015-05-21,22.39,,,,,,,
JQ금악61,2015-05-22,23.1,,,,,,,
JQ금악61,2015-05-23,22.48,,,,,,,
JQ금악61,2015-05-24,22.95,,,,,,,
JQ금악61,2015-05-25,21.77,,,,,,,
JQ금악61,2015-05-26,21.43,,,,,,,
JQ금악61,2015-05-27,22.81,,,,,,,
JQ금악61,2015-05-28,23.13,,,,,,,
JQ금악61,2015-05-29,22.31,,,,,,,
JQ금악61,2015-05-30,22.89,,,,,,,
JQ금악61,2015-05-31,22.42,,,,,,,
JQ금악61,2015-06-01,22.58,,,,,,,
JQ금악61,2015-06-02,22.65,,,,,,,
JQ금악61,2015-06-03,23.03,,,,,,,
JQ금악61,2015-06-04,21.53,,,,,,,
JQ금악61,2015-06-05,22.66,,,,,,,
JQ금악61,2015-06-06,22.89,,,,,,,
JQ금악61,2015-06-07,22.72,,,,,,,
JQ금악61,2015-06-08,22.74,,,,,,,
JQ금악61,2015-06-09,22.95,,,,,,,
JQ금악61,2015-06-10,22.76,,,,,,,
JQ금악61,2015-06-11,23.27,,,,,,,
JQ금악61,2015-06-12,22.5,,,,,,,
JQ금악61,2015-06-13,22.68,,,,,,,
JQ금악61,2015-06-14,22.5,,,,,,,
JQ금악61,2015-06-15,22.94,,,,,,,
JQ금악61,2015-06-16,23.23,,,,,,,
JQ금악61,2015-06-17,23.51,,,,,,,
JQ금악61,2015-06-18,22.98,,,,,,,
JQ금악61,2015-06-19,23.1,,,,,,,
JQ금악61,2015-06-20,22.58,,,,,,,
JQ금악61,2015-06-21,23.22,,,,,,,
JQ금악61,2015-06-22,23.13,,,,,,,
JQ금악61,2015-06-23,23.25,,,,,,,
JQ금악61,2015-06-24,22.19,,,,,,,
JQ금악61,2015-06-25,23.37,,,,,,,
JQ금악61,2015-06-26,23.65,,,,,,,
JQ금악61,2015-06-27,23.6,,,,,,,
JQ금악61,2015-06-28,23.08,,,,,,,
JQ금악61,2015-06-29,23.1,,,,,,,
JQ금악61,2015-06-30,23.27,,,,,,,
JQ금악61,2015-07-01,24.06,,,,,,,
JQ금악61,2015-07-02,23.25,,,,,,,
JQ금악61,2015-07-03,23.29,,,,,,,
JQ금악61,2015-07-04,23.95,,,,,,,
JQ금악61,2015-07-05,23.88,,,,,,,
JQ금악61,2015-07-06,23.99,,,,,,,
JQ금악61,2015-07-07,24.07,,,,,,,
JQ금악61,2015-07-08,23.82,,,,,,,
JQ금악61,2015-07-09,23.79,,,,,,,
JQ금악61,2015-07-10,23.9,,,,,,,
JQ금악61,2015-07-11,23.55,,,,,,,
JQ금악61,2015-07-12,24.97,,,,,,,
JQ금악61,2015-07-13,25.25,,,,,,,
JQ금악61,2015-07-14,25.51,,,,,,,
JQ금악61,2015-07-15,24.93,,,,,,,
JQ금악61,2015-07-16,25.05,,,,,,,
JQ금악61,2015-07-17,24.98,,,,,,,
JQ금악61,2015-07-18,24.71,,,,,,,
JQ금악61,2015-07-19,24.2,,,,,,,
JQ금악61,2015-07-20,23.66,,,,,,,
JQ금악61,2015-07-21,24.38,,,,,,,
JQ금악61,2015-07-22,24.63,,,,,,,
JQ금악61,2015-07-23,24.09,,,,,,,
JQ금악61,2015-07-24,24.05,,,,,,,
JQ금악61,2015-07-25,23.84,,,,,,,
JQ금악61,2015-07-26,24.36,,,,,,,
JQ금악61,2015-07-27,24.2,,,,,,,
JQ금악61,2015-07-28,23.88,,,,,,,
JQ금악61,2015-07-29,23.74,,,,,,,
JQ금악61,2015-07-30,23.65,,,,,,,
JQ금악61,2015-07-31,22.69,,,,,,,
JQ금악61,2015-08-01,23.14,,,,,,,
JQ금악61,2015-08-02,23.58,,,,,,,
JQ금악61,2015-08-03,22.24,,,,,,,
JQ금악61,2015-08-04,21.75,,,,,,,
JQ금악61,2015-08-05,23.74,,,,,,,
JQ금악61,2015-08-06,22.52,,,,,,,
JQ금악61,2015-08-07,22.79,,,,,,,
JQ금악61,2015-08-08,21.93,,,,,,,
JQ금악61,2015-08-09,22.6,,,,,,,
JQ금악61,2015-08-10,23.29,,,,,,,
JQ금악61,2015-08-11,24.04,,,,,,,
JQ금악61,2015-08-12,24.23,,,,,,,
JQ금악61,2015-08-13,24.22,,,,,,,
JQ금악61,2015-08-14,24.0,,,,,,,
JQ금악61,2015-08-15,22.95,,,,,,,
JQ금악61,2015-08-16,23.83,,,,,,,
JQ금악61,2015-08-17,23.92,,,,,,,
JQ금악61,2015-08-18,23.58,,,,,,,
JQ금악61,2015-08-19,24.02,,,,,,,
JQ금악61,2015-08-20,23.87,,,,,,,
JQ금악61,2015-08-21,24.03,,,,,,,
JQ금악61,2015-08-22,23.99,,,,,,,
JQ금악61,2015-08-23,24.77,,,,,,,
JQ금악61,2015-08-24,24.67,,,,,,,
JQ금악61,2015-08-25,24.87,,,,,,,
JQ금악61,2015-08-26,24.79,,,,,,,
JQ금악61,2015-08-27,23.43,,,,,,,
JQ금악61,2015-08-28,23.65,,,,,,,
JQ금악61,2015-08-29,24.22,,,,,,,
JQ금악61,2015-08-30,23.64,,,,,,,
JQ금악61,2015-08-31,22.91,,,,,,,
JQ금악61,2015-09-01,23.54,,,,,,,
JQ금악61,2015-09-02,23.47,,,,,,,
JQ금악61,2015-09-05,23.34,,,,,,,
JQ금악61,2015-09-06,23.68,,,,,,,
JQ금악61,2015-09-07,24.28,,,,,,,
JQ금악61,2015-09-08,22.64,,,,,,,
JQ금악61,2015-09-09,23.58,,,,,,,
JQ금악61,2015-09-10,22.74,,,,,,,
JQ금악61,2015-09-11,22.95,,,,,,,
JQ금악61,2015-09-12,23.24,,,,,,,
JQ금악61,2015-09-13,23.2,,,,,,,
JQ금악61,2015-09-14,22.29,,,,,,,
JQ금악61,2015-09-15,21.98,,,,,,,
JQ금악61,2015-09-16,23.99,,,,,,,
JQ금악61,2015-09-17,24.36,,,,,,,
JQ금악61,2015-09-18,24.03,,,,,,,
JQ금악61,2015-09-19,23.48,,,,,,,
JQ금악61,2015-09-20,22.54,,,,,,,
JQ금악61,2015-09-21,22.32,,,,,,,
JQ금악61,2015-09-22,21.69,,,,,,,
JQ금악61,2015-09-23,23.45,,,,,,,
JQ금악61,2015-09-24,23.53,,,,,,,
JQ금악61,2015-09-25,23.6,,,,,,,
JQ금악61,2015-09-26,23.08,,,,,,,
JQ금악61,2015-09-27,23.37,,,,,,,
JQ금악61,2015-09-28,22.2,,,,,,,
JQ금악61,2015-09-29,22.06,,,,,,,
JQ금악61,2015-09-30,23.91,,,,,,,
JQ금악61,2015-10-01,24.41,,,,,,,
JQ금악61,2015-10-02,24.56,,,,,,,
JQ금악61,2015-10-03,24.78,,,,,,,
JQ금악61,2015-10-04,24.99,,,,,,,
JQ금악61,2015-10-05,24.29,,,,,,,
JQ금악61,2015-10-06,23.49,,,,,,,
JQ금악61,2015-10-07,23.65,,,,,,,
JQ금악61,2015-10-08,23.88,,,,,,,
JQ금악61,2015-10-09,24.48,,,,,,,
JQ금악61,2015-10-10,24.28,,,,,,,
JQ금악61,2015-10-11,22.9,,,,,,,
JQ금악61,2015-10-12,21.41,,,,,,,
JQ금악61,2015-10-13,20.26,,,,,,,
JQ금악61,2015-10-14,19.27,,,,,,,
JQ금악61,2015-10-15,21.33,,,,,,,
JQ금악61,2015-10-16,20.47,,,,,,,
JQ금악61,2015-10-17,21.74,,,,,,,
JQ금악61,2015-10-18,20.34,,,,,,,
JQ금악61,2015-10-19,20.05,,,,,,,
JQ금악61,2015-10-20,19.88,,,,,,,
JQ금악61,2015-10-21,20.41,,,,,,,
JQ금악61,2015-10-22,21.07,,,,,,,
JQ금악61,2015-10-23,21.62,,,,,,,
JQ금악61,2015-10-24,20.82,,,,,,,
JQ금악61,2015-10-25,21.89,,,,,,,
JQ금악61,2015-10-26,22.62,,,,,,,
JQ금악61,2015-10-27,23.16,,,,,,,
JQ금악61,2015-10-28,23.69,,,,,,,
JQ금악61,2015-10-29,23.51,,,,,,,
JQ금악61,2015-10-30,23.53,,,,,,,
JQ금악61,2015-10-31,23.36,,,,,,,
JQ금악61,2015-11-01,23.72,,,,,,,
JQ금악61,2015-11-02,23.58,,,,,,,
JQ금악61,2015-11-03,22.98,,,,,,,
JQ금악61,2015-11-04,22.53,,,,,,,
JQ금악61,2015-11-05,24.01,,,,,,,
JQ금악61,2015-11-06,24.43,,,,,,,
JQ금악61,2015-11-07,24.62,,,,,,,
JQ금악61,2015-11-08,24.69,,,,,,,
JQ금악61,2015-11-09,24.71,,,,,,,
JQ금악61,2015-11-10,23.36,,,,,,,
JQ금악61,2015-11-11,24.14,,,,,,,
JQ금악61,2015-11-12,23.78,,,,,,,
JQ금악61,2015-11-13,24.17,,,,,,,
JQ금악61,2015-11-14,24.18,,,,,,,
JQ금악61,2015-11-15,24.21,,,,,,,
JQ금악61,2015-11-16,24.37,,,,,,,
JQ금악61,2015-11-17,24.23,,,,,,,
JQ금악61,2015-11-18,24.09,,,,,,,
JQ금악61,2015-11-19,23.78,,,,,,,
JQ금악61,2015-11-20,24.25,,,,,,,
JQ금악61,2015-11-21,24.0,,,,,,,
JQ금악61,2015-11-22,24.38,,,,,,,
JQ금악61,2015-11-23,24.38,,,,,,,
JQ금악61,2015-11-24,24.15,,,,,,,
JQ금악61,2015-11-25,24.44,,,,,,,
JQ금악61,2015-11-26,23.9,,,,,,,
JQ금악61,2015-11-27,24.11,,,,,,,
JQ금악61,2015-11-28,24.15,,,,,,,
JQ금악61,2015-11-29,24.37,,,,,,,
JQ금악61,2015-11-30,24.4,,,,,,,
JQ금악61,2015-12-07,24.1,,,,,,,
JQ금악61,2015-12-08,24.36,,,,,,,
JQ금악61,2015-12-09,24.14,,,,,,,
JQ금악61,2015-12-10,24.31,,,,,,,
JQ금악61,2015-12-11,24.48,,,,,,,
JQ금악61,2015-12-12,24.6,,,,,,,
JQ금악61,2015-12-13,24.66,,,,,,,
JQ금악61,2015-12-14,24.56,,,,,,,
JQ금악61,2015-12-15,24.75,,,,,,,
JQ금악61,2015-12-16,24.84,,,,,,,
JQ금악61,2015-12-17,24.89,,,,,,,
JQ금악61,2015-12-18,24.7,,,,,,,
JQ금악61,2015-12-19,24.53,,,,,,,
JQ금악61,2015-12-20,24.7,,,,,,,
JQ금악61,2015-12-21,24.6,,,,,,,
JQ금악61,2015-12-22,24.7,,,,,,,
JQ금악61,2015-12-23,24.76,,,,,,,
JQ금악61,2015-12-24,24.87,,,,,,,
JQ금악61,2015-12-25,24.74,,,,,,,
JQ금악61,2015-12-26,24.62,,,,,,,
JQ금악61,2015-12-27,24.96,,,,,,,
JQ금악61,2015-12-28,24.5,,,,,,,
JQ금악61,2015-12-29,24.86,,,,,,,
JQ금악61,2015-12-30,24.91,,,,,,,
JQ금악61,2015-12-31,24.35,,,,,,,
JQ금악61,2021-12-21,174.46,,,,,,,
JQ금악61,2021-12-22,174.45,,,,,,,
JQ금악61,2021-12-23,174.45,,,,,,,
JQ금악61,2021-12-24,174.45,,,,,,,
JQ금악61,2021-12-25,174.45,,,,,,,
JQ금악61,2021-12-26,174.46,,,,,,,
JQ금악61,2021-12-27,174.48,,,,,,,
JQ금악61,2021-12-28,174.49,,,,,,,
JQ금악61,2021-12-29,174.5,,,,,,,
JQ금악61,2021-12-30,174.5,,,,,,,
JQ금악61,2021-12-31,174.5,,,,,,,
JQ금악61,2022-01-01,174.5,,,,,,,
JQ금악61,2022-01-02,174.51,,,,,,,
JQ금악61,2022-01-03,174.5,,,,,,,
JQ금악61,2022-01-04,174.49,,,,,,,
JQ금악61,2022-01-05,174.5,,,,,,,
JQ금악61,2022-01-06,174.51,,,,,,,
JQ금악61,2022-01-07,174.52,,,,,,,
JQ금악61,2022-01-08,174.53,,,,,,,
JQ금악61,2022-01-09,174.53,,,,,,,
JQ금악61,2022-01-10,174.53,,,,,,,
JQ금악61,2022-01-11,174.52,,,,,,,
JQ금악61,2022-01-12,174.53,,,,,,,
JQ금악61,2022-01-13,174.53,,,,,,,
JQ금악61,2022-01-14,174.53,,,,,,,
JQ금악61,2022-01-15,174.53,,,,,,,
JQ금악61,2022-01-16,174.52,,,,,,,
JQ금악61,2022-01-17,174.5,,,,,,,
JQ금악61,2022-01-18,174.49,,,,,,,
JQ금악61,2022-01-19,174.47,,,,,,,
JQ금악61,2022-01-20,174.44,,,,,,,
JQ금악61,2022-01-21,174.4,,,,,,,
JQ금악61,2022-01-22,174.34,,,,,,,
JQ금악61,2022-01-23,174.27,,,,,,,
JQ금악61,2022-01-24,174.15,,,,,,,
JQ금악61,2022-01-25,173.64,,,,,,,
JQ금악61,2022-01-26,172.94,,,,,,,
JQ금악61,2022-01-27,172.12,,,,,,,
JQ금악61,2022-01-28,171.37,,,,,,,
JQ금악61,2022-01-29,170.92,,,,,,,
JQ금악61,2022-01-30,170.56,,,,,,,
JQ금악61,2022-01-31,170.11,,,,,,,
JQ금악61,2022-02-01,169.87,,,,,,,
JQ금악61,2022-02-02,169.82,,,,,,,
JQ금악61,2022-02-03,169.8,,,,,,,
JQ금악61,2022-02-04,169.71,,,,,,,
JQ금악61,2022-02-05,169.62,,,,,,,
JQ금악61,2022-02-06,169.6,,,,,,,
JQ금악61,2022-02-07,169.6,,,,,,,
JQ금악61,2022-02-08,173.1,,,,,,,
JQ금악61,2022-02-09,176.56,,,,,,,
JQ금악61,2022-02-10,176.85,,,,,,,
JQ금악61,2022-02-11,176.87,,,,,,,
JQ금악61,2022-02-12,176.87,,,,,,,
JQ금악61,2022-02-13,176.85,,,,,,,
JQ금악61,2022-02-14,176.82,,,,,,,
JQ금악61,2022-02-15,176.78,,,,,,,
JQ금악61,2022-02-16,176.75,,,,,,,
JQ금악61,2022-02-17,176.69,,,,,,,
JQ금악61,2022-02-18,176.61,,,,,,,
JQ금악61,2022-02-19,176.4,,,,,,,
JQ금악61,2022-02-20,175.86,,,,,,,
JQ금악61,2022-02-21,175.16,,,,,,,
JQ금악61,2022-02-22,174.26,,,,,,,
JQ금악61,2022-02-23,173.46,,,,,,,
JQ금악61,2022-02-24,172.79,,,,,,,
JQ금악61,2022-02-25,172.53,,,,,,,
JQ금악61,2022-02-26,172.49,,,,,,,
JQ금악61,2022-02-27,172.5,,,,,,,
JQ금악61,2022-02-28,172.49,,,,,,,
JQ금악61,2022-03-01,172.49,,,,,,,
JQ금악61,2022-03-02,172.49,,,,,,,
JQ금악61,2022-03-03,172.49,,,,,,,
JQ금악61,2022-03-04,172.5,,,,,,,
JQ금악61,2022-03-05,172.49,,,,,,,
JQ금악61,2022-03-06,172.46,,,,,,,
JQ금악61,2022-03-07,172.3,,,,,,,
JQ금악61,2022-03-08,172.2,,,,,,,
JQ금악61,2022-03-09,170.51,,,,,,,
JQ금악61,2022-03-10,169.1,,,,,,,
JQ금악61,2022-03-11,168.91,,,,,,,
JQ금악61,2022-03-12,168.77,,,,,,,
JQ금악61,2022-03-13,168.69,,,,,,,
JQ금악61,2022-03-14,168.67,,,,,,,
JQ금악61,2022-03-15,168.66,,,,,,,
JQ금악61,2022-03-16,168.62,,,,,,,
JQ금악61,2022-03-17,168.57,,,,,,,
JQ금악61,2022-03-18,170.25,,,,,,,
JQ금악61,2022-03-19,171.84,,,,,,,
JQ금악61,2022-03-20,172.08,,,,,,,
JQ금악61,2022-03-21,171.54,,,,,,,
JQ금악61,2022-03-22,171.47,,,,,,,
JQ금악61,2022-03-23,171.66,,,,,,,
JQ금악61,2022-03-24,171.36,,,,,,,
JQ금악61,2022-03-25,170.99,,,,,,,
JQ금악61,2022-03-26,172.93,,,,,,,
JQ금악61,2022-03-27,174.1,,,,,,,
JQ금악61,2022-03-28,174.06,,,,,,,
JQ금악61,2022-03-29,174.02,,,,,,,
JQ금악61,2022-03-30,173.97,,,,,,,
JQ금악61,2022-03-31,173.78,,,,,,,
JQ금악61,2022-04-01,173.38,,,,,,,
JQ금악61,2022-04-02,172.4,,,,,,,
JQ금악61,2022-04-03,171.21,,,,,,,
JQ금악61,2022-04-04,170.29,,,,,,,
JQ금악61,2022-04-05,169.79,,,,,,,
JQ금악61,2022-04-06,169.71,,,,,,,
JQ금악61,2022-04-07,169.65,,,,,,,
JQ금악61,2022-04-08,169.57,,,,,,,
JQ금악61,2022-04-09,169.48,,,,,,,
JQ금악61,2022-04-10,169.42,,,,,,,
JQ금악61,2022-04-11,169.35,,,,,,,
JQ금악61,2022-04-12,169.3,,,,,,,
JQ금악61,2022-04-13,169.25,,,,,,,
JQ금악61,2022-04-14,169.21,,,,,,,
JQ금악61,2022-04-15,169.16,,,,,,,
JQ금악61,2022-04-16,169.15,,,,,,,
JQ금악61,2022-04-17,169.4,,,,,,,
JQ금악61,2022-04-18,169.5,,,,,,,
JQ금악61,2022-04-19,169.41,,,,,,,
JQ금악61,2022-04-20,169.32,,,,,,,
JQ금악61,2022-04-21,169.18,,,,,,,
JQ금악61,2022-04-22,169.01,,,,,,,
JQ금악61,2022-04-23,168.9,,,,,,,
JQ금악61,2022-04-24,168.8,,,,,,,
JQ금악61,2022-04-25,168.72,,,,,,,
JQ금악61,2022-04-26,169.24,,,,,,,
JQ금악61,2022-04-27,171.86,,,,,,,
JQ금악61,2022-04-28,172.6,,,,,,,
JQ금악61,2022-04-29,172.52,,,,,,,
JQ금악61,2022-04-30,172.77,,,,,,,
JQ금악61,2022-05-01,172.13,,,,,,,
JQ금악61,2022-05-02,171.08,,,,,,,
JQ금악61,2022-05-03,170.14,,,,,,,
JQ금악61,2022-05-04,169.72,,,,,,,
JQ금악61,2022-05-05,169.65,,,,,,,
JQ금악61,2022-05-06,169.58,,,,,,,
JQ금악61,2022-05-07,169.5,,,,,,,
JQ금악61,2022-05-08,169.42,,,,,,,
JQ금악61,2022-05-09,169.35,,,,,,,
JQ금악61,2022-05-10,169.28,,,,,,,
JQ금악61,2022-05-11,169.21,,,,,,,
JQ금악61,2022-05-12,169.15,,,,,,,
JQ금악61,2022-05-13,169.09,,,,,,,
JQ금악61,2022-05-14,169.04,,,,,,,
JQ금악61,2022-05-15,168.97,,,,,,,
JQ금악61,2022-05-16,168.91,,,,,,,
JQ금악61,2022-05-17,168.86,,,,,,,
JQ금악61,2022-05-18,168.8,,,,,,,
JQ금악61,2022-05-19,168.75,,,,,,,
JQ금악61,2022-05-20,168.7,,,,,,,
JQ금악61,2022-05-21,168.66,,,,,,,
JQ금악61,2022-05-22,168.63,,,,,,,
JQ금악61,2022-05-23,168.61,,,,,,,
JQ금악61,2022-05-24,168.57,,,,,,,
JQ금악61,2022-05-25,168.54,,,,,,,
JQ금악61,2022-05-26,168.52,,,,,,,
JQ금악61,2022-05-27,168.51,,,,,,,
JQ금악61,2022-05-28,168.49,,,,,,,
JQ금악61,2022-05-29,168.47,,,,,,,
JQ금악61,2022-05-30,168.46,,,,,,,
JQ금악61,2022-05-31,168.44,,,,,,,
JQ금악61,2022-06-01,168.42,,,,,,,
JQ금악61,2022-06-02,168.39,,,,,,,
JQ금악61,2022-06-03,168.37,,,,,,,
JQ금악61,2022-06-04,168.35,,,,,,,
JQ금악61,2022-06-05,168.48,,,,,,,
JQ금악61,2022-06-06,168.84,,,,,,,
JQ금악61,2022-06-07,168.86,,,,,,,
JQ금악61,2022-06-08,169.7,,,,,,,
JQ금악61,2022-06-09,170.24,,,,,,,
JQ금악61,2022-06-10,170.0,,,,,,,
JQ금악61,2022-06-11,169.68,,,,,,,
JQ금악61,2022-06-12,169.57,,,,,,,
JQ금악61,2022-06-13,169.45,,,,,,,
JQ금악61,2022-06-14,169.37,,,,,,,
JQ금악61,2022-06-15,169.28,,,,,,,
JQ금악61,2022-06-16,169.18,,,,,,,
JQ금악61,2022-06-17,169.09,,,,,,,
JQ금악61,2022-06-18,169.01,,,,,,,
JQ금악61,2022-06-19,168.93,,,,,,,
JQ금악61,2022-06-20,168.84,,,,,,,
JQ금악61,2022-06-21,168.72,,,,,,,
JQ금악61,2022-06-22,168.67,,,,,,,
JQ금악61,2022-06-23,168.63,,,,,,,
JQ금악61,2022-06-24,170.53,,,,,,,
JQ금악61,2022-06-25,172.57,,,,,,,
JQ금악61,2022-06-26,172.54,,,,,,,
JQ금악61,2022-06-27,172.43,,,,,,,
JQ금악61,2022-06-28,172.19,,,,,,,
JQ금악61,2022-06-29,171.77,,,,,,,
JQ금악61,2022-06-30,170.86,,,,,,,
JQ금악61,2022-07-01,170.02,,,,,,,
JQ금악61,2022-07-02,169.76,,,,,,,
JQ금악61,2022-07-03,169.76,,,,,,,
JQ금악61,2022-07-04,169.76,,,,,,,
JQ금악61,2022-07-05,169.76,,,,,,,
JQ금악61,2022-07-06,169.75,,,,,,,
JQ금악61,2022-07-07,169.67,,,,,,,
JQ금악61,2022-07-08,169.56,,,,,,,
JQ금악61,2022-07-09,169.47,,,,,,,
JQ금악61,2022-07-10,169.39,,,,,,,
JQ금악61,2022-07-11,169.32,,,,,,,
JQ금악61,2022-07-12,169.25,,,,,,,
JQ금악61,2022-07-13,169.19,,,,,,,
JQ금악61,2022-07-14,169.13,,,,,,,
JQ금악61,2022-07-15,169.27,,,,,,,
JQ금악61,2022-07-16,170.95,,,,,,,
JQ금악61,2022-07-17,170.83,,,,,,,
JQ금악61,2022-07-18,170.21,,,,,,,
JQ금악61,2022-07-19,169.84,,,,,,,
JQ금악61,2022-07-20,169.73,,,,,,,
JQ금악61,2022-07-21,169.68,,,,,,,
JQ금악61,2022-07-22,169.59,,,,,,,
JQ금악61,2022-07-23,169.5,,,,,,,
JQ금악61,2022-07-24,169.43,,,,,,,
JQ금악61,2022-07-25,169.36,,,,,,,
JQ금악61,2022-07-26,169.3,,,,,,,
JQ금악61,2022-07-27,169.24,,,,,,,
JQ금악61,2022-07-28,169.18,,,,,,,
JQ금악61,2022-07-29,169.12,,,,,,,
JQ금악61,2022-07-30,169.07,,,,,,,
JQ금악61,2022-07-31,169.18,,,,,,,
JQ금악61,2022-08-01,171.38,,,,,,,
JQ금악61,2022-08-02,171.75,,,,,,,
JQ금악61,2022-08-03,171.8,,,,,,,
JQ금악61,2022-08-04,171.52,,,,,,,
JQ금악61,2022-08-05,170.82,,,,,,,
JQ금악61,2022-08-06,170.02,,,,,,,
JQ금악61,2022-08-07,169.72,,,,,,,
JQ금악61,2022-08-08,169.66,,,,,,,
JQ금악61,2022-08-09,169.58,,,,,,,
JQ금악61,2022-08-10,169.67,,,,,,,
JQ금악61,2022-08-11,169.75,,,,,,,
JQ금악61,2022-08-12,169.76,,,,,,,
JQ금악61,2022-08-13,169.76,,,,,,,
JQ금악61,2022-08-14,169.75,,,,,,,
JQ금악61,2022-08-15,169.68,,,,,,,
JQ금악61,2022-08-16,169.58,,,,,,,
JQ금악61,2022-08-17,170.5,,,,,,,
JQ금악61,2022-08-18,172.33,,,,,,,
JQ금악61,2022-08-19,172.4,,,,,,,
JQ금악61,2022-08-20,172.35,,,,,,,
JQ금악61,2022-08-21,172.17,,,,,,,
JQ금악61,2022-08-22,171.93,,,,,,,
JQ금악61,2022-08-23,171.73,,,,,,,
JQ금악61,2022-08-24,171.44,,,,,,,
JQ금악61,2022-08-25,170.85,,,,,,,
JQ금악61,2022-08-26,170.08,,,,,,,
JQ금악61,2022-08-27,169.75,,,,,,,
JQ금악61,2022-08-28,169.71,,,,,,,
JQ금악61,2022-08-29,169.68,,,,,,,
JQ금악61,2022-08-30,169.63,,,,,,,
JQ금악61,2022-08-31,169.59,,,,,,,
JQ금악61,2022-09-01,169.55,,,,,,,
JQ금악61,2022-09-02,169.5,,,,,,,
JQ금악61,2022-09-03,169.49,,,,,,,
JQ금악61,2022-09-04,169.58,,,,,,,
JQ금악61,2022-09-05,171.08,,,,,,,
JQ금악61,2022-09-06,172.23,,,,,,,
JQ금악61,2022-09-07,172.21,,,,,,,
JQ금악61,2022-09-08,171.99,,,,,,,
JQ금악61,2022-09-09,171.78,,,,,,,
JQ금악61,2022-09-10,171.53,,,,,,,
JQ금악61,2022-09-11,170.97,,,,,,,
JQ금악61,2022-09-12,170.23,,,,,,,
JQ금악61,2022-09-13,169.86,,,,,,,
JQ금악61,2022-09-14,170.29,,,,,,,
JQ금악61,2022-09-15,169.95,,,,,,,
JQ금악61,2022-09-16,169.75,,,,,,,
JQ금악61,2022-09-17,169.73,,,,,,,
JQ금악61,2022-09-18,169.71,,,,,,,
JQ금악61,2022-09-19,169.68,,,,,,,
JQ금악61,2022-09-20,169.65,,,,,,,
JQ금악61,2022-09-21,169.61,,,,,,,
JQ금악61,2022-09-22,169.57,,,,,,,
JQ금악61,2022-09-23,169.54,,,,,,,
JQ금악61,2022-09-24,169.5,,,,,,,
JQ금악61,2022-09-25,169.46,,,,,,,
JQ금악61,2022-09-26,169.4,,,,,,,
JQ금악61,2022-09-27,169.3,,,,,,,
JQ금악61,2022-09-28,169.27,,,,,,,
JQ금악61,2022-09-29,169.23,,,,,,,
JQ금악61,2022-09-30,169.21,,,,,,,
JQ금악61,2022-10-01,169.18,,,,,,,
JQ금악61,2022-10-02,169.15,,,,,,,
JQ금악61,2022-10-03,169.11,,,,,,,
JQ금악61,2022-10-04,169.09,,,,,,,
JQ금악61,2022-10-05,169.06,,,,,,,
JQ금악61,2022-10-06,169.03,,,,,,,
JQ금악61,2022-10-07,169.0,,,,,,,
JQ금악61,2022-10-08,168.98,,,,,,,
JQ금악61,2022-10-09,168.95,,,,,,,
JQ금악61,2022-10-10,168.93,,,,,,,
JQ금악61,2022-10-11,168.9,,,,,,,
JQ금악61,2022-10-12,168.88,,,,,,,
JQ금악61,2022-10-13,168.85,,,,,,,
JQ금악61,2022-10-14,168.83,,,,,,,
JQ금악61,2022-10-15,168.81,,,,,,,
JQ금악61,2022-10-16,168.79,,,,,,,
JQ금악61,2022-10-17,168.77,,,,,,,
JQ금악61,2022-10-18,168.75,,,,,,,
JQ금악61,2022-10-19,168.72,,,,,,,
JQ금악61,2022-10-20,168.7,,,,,,,
JQ금악61,2022-10-21,168.68,,,,,,,
JQ금악61,2022-10-22,168.66,,,,,,,
JQ금악61,2022-10-23,168.64,,,,,,,
JQ금악61,2022-10-24,168.62,,,,,,,
JQ금악61,2022-10-25,168.6,,,,,,,
JQ금악61,2022-10-26,168.58,,,,,,,
JQ금악61,2022-10-27,168.56,,,,,,,
JQ금악61,2022-10-28,168.55,,,,,,,
JQ금악61,2022-10-29,168.53,,,,,,,
JQ금악61,2022-10-30,168.51,,,,,,,
JQ금악61,2022-10-31,168.49,,,,,,,
JQ금악61,2022-11-01,168.48,,,,,,,
JQ금악61,2022-11-02,168.46,,,,,,,
JQ금악61,2022-11-03,168.44,,,,,,,
JQ금악61,2022-11-04,168.43,,,,,,,
JQ금악61,2022-11-05,168.41,,,,,,,
JQ금악61,2022-11-06,168.38,,,,,,,
JQ금악61,2022-11-07,168.37,,,,,,,
JQ금악61,2022-11-08,168.34,,,,,,,
JQ금악61,2022-11-09,168.33,,,,,,,
JQ금악61,2022-11-10,168.31,,,,,,,
JQ금악61,2022-11-11,168.29,,,,,,,
JQ금악61,2022-11-12,168.27,,,,,,,
JQ금악61,2022-11-13,168.26,,,,,,,
JQ금악61,2022-11-14,168.25,,,,,,,
JQ금악61,2022-11-15,168.2,,,,,,,
JQ금악61,2022-11-16,168.18,,,,,,,
JQ금악61,2022-11-17,168.16,,,,,,,
JQ금악61,2022-11-18,168.13,,,,,,,
JQ금악61,2022-11-19,168.1,,,,,,,
JQ금악61,2022-11-20,168.08,,,,,,,
JQ금악61,2022-11-21,168.07,,,,,,,
JQ금악61,2022-11-22,168.05,,,,,,,
JQ금악61,2022-11-23,168.04,,,,,,,
JQ금악61,2022-11-24,168.02,,,,,,,
JQ금악61,2022-11-25,167.99,,,,,,,
JQ금악61,2022-11-26,167.97,,,,,,,
JQ금악61,2022-11-27,167.95,,,,,,,
JQ금악61,2022-11-28,167.93,,,,,,,
JQ금악61,2022-11-29,168.46,,,,,,,
JQ금악61,2022-11-30,169.58,,,,,,,
JQ금악61,2022-12-01,169.74,,,,,,,
JQ금악61,2022-12-02,169.74,,,,,,,
JQ금악61,2022-12-03,169.74,,,,,,,
JQ금악61,2022-12-04,169.74,,,,,,,
JQ금악61,2022-12-05,169.74,,,,,,,
JQ금악61,2022-12-06,169.68,,,,,,,
JQ금악61,2022-12-07,169.55,,,,,,,
JQ금악61,2022-12-08,169.43,,,,,,,
JQ금악61,2022-12-09,169.33,,,,,,,
JQ금악61,2022-12-10,169.24,,,,,,,
JQ금악61,2022-12-11,169.15,,,,,,,
JQ금악61,2022-12-12,169.09,,,,,,,
JQ금악61,2022-12-13,169.05,,,,,,,
JQ금악61,2022-12-14,169.09,,,,,,,
JQ금악61,2022-12-15,169.07,,,,,,,
JQ금악61,2022-12-16,169.03,,,,,,,
JQ금악61,2022-12-17,168.98,,,,,,,
JQ금악61,2022-12-18,168.92,,,,,,,
JQ금악61,2022-12-19,168.87,,,,,,,
JQ금악61,2022-12-20,168.81,,,,,,,
JQ금악61,2022-12-21,168.76,,,,,,,
JQ금악61,2022-12-22,168.73,,,,,,,
JQ금악61,2022-12-23,168.7,,,,,,,
JQ금악61,2022-12-24,168.67,,,,,,,
JQ금악61,2022-12-25,168.64,,,,,,,
JQ금악61,2022-12-26,168.62,,,,,,,
JQ금악61,2022-12-27,168.84,,,,,,,
JQ금악61,2022-12-28,169.74,,,,,,,
JQ금악61,2022-12-29,169.77,,,,,,,
JQ금악61,2022-12-30,169.77,,,,,,,
JQ금악61,2022-12-31,169.77,,,,,,,
JQ금악61,2023-01-01,169.73,,,,,,,
JQ금악61,2023-01-02,169.64,,,,,,,
JQ금악61,2023-01-03,169.55,,,,,,,
JQ금악61,2023-01-04,169.46,,,,,,,
JQ금악61,2023-01-05,169.38,,,,,,,
JQ금악61,2023-01-06,169.3,,,,,,,
JQ금악61,2023-01-07,169.23,,,,,,,
JQ금악61,2023-01-08,169.16,,,,,,,
JQ금악61,2023-01-09,169.09,,,,,,,
JQ금악61,2023-01-10,169.03,,,,,,,
JQ금악61,2023-01-11,168.98,,,,,,,
JQ금악61,2023-01-12,168.92,,,,,,,
JQ금악61,2023-01-13,169.12,,,,,,,
JQ금악61,2023-01-14,169.85,,,,,,,
JQ금악61,2023-01-15,169.87,,,,,,,
JQ금악61,2023-01-16,169.76,,,,,,,
JQ금악61,2023-01-17,169.75,,,,,,,
JQ금악61,2023-01-18,169.75,,,,,,,
JQ금악61,2023-01-19,169.75,,,,,,,
JQ금악61,2023-01-20,169.75,,,,,,,
JQ금악61,2023-01-21,169.75,,,,,,,
JQ금악61,2023-01-22,169.75,,,,,,,
JQ금악61,2023-01-23,169.74,,,,,,,
JQ금악61,2023-01-24,169.68,,,,,,,
JQ금악61,2023-01-25,169.61,,,,,,,
JQ금악61,2023-01-26,169.54,,,,,,,
JQ금악61,2023-01-27,169.47,,,,,,,
JQ금악61,2023-01-28,169.41,,,,,,,
JQ금악61,2023-01-29,169.34,,,,,,,
JQ금악61,2023-01-30,169.28,,,,,,,
JQ금악61,2023-01-31,169.23,,,,,,,
JQ금악61,2023-02-01,169.18,,,,,,,
JQ금악61,2023-02-02,169.13,,,,,,,
JQ금악61,2023-02-03,169.08,,,,,,,
JQ금악61,2023-02-04,169.04,,,,,,,
JQ금악61,2023-02-05,169.0,,,,,,,
JQ금악61,2023-02-06,168.95,,,,,,,
JQ금악61,2023-02-07,168.91,,,,,,,
JQ금악61,2023-02-08,168.87,,,,,,,
JQ금악61,2023-02-09,168.84,,,,,,,
JQ금악61,2023-02-10,168.81,,,,,,,
JQ금악61,2023-02-11,168.8,,,,,,,
JQ금악61,2023-02-12,168.81,,,,,,,
JQ금악61,2023-02-13,168.86,,,,,,,
JQ금악61,2023-02-14,169.07,,,,,,,
JQ금악61,2023-02-15,169.16,,,,,,,
JQ금악61,2023-02-16,169.15,,,,,,,
JQ금악61,2023-02-17,169.13,,,,,,,
JQ금악61,2023-02-18,169.09,,,,,,,
JQ금악61,2023-02-19,169.05,,,,,,,
JQ금악61,2023-02-20,169.02,,,,,,,
JQ금악61,2023-02-21,168.98,,,,,,,
JQ금악61,2023-02-22,168.94,,,,,,,
JQ금악61,2023-02-23,168.9,,,,,,,
JQ금악61,2023-02-24,168.87,,,,,,,
JQ금악61,2023-02-25,168.84,,,,,,,
JQ금악61,2023-02-26,168.8,,,,,,,
JQ금악61,2023-02-27,168.77,,,,,,,
JQ금악61,2023-02-28,168.73,,,,,,,
JQ금악61,2023-03-01,168.7,,,,,,,
JQ금악61,2023-03-02,168.67,,,,,,,
JQ금악61,2023-03-03,168.65,,,,,,,
JQ금악61,2023-03-04,168.63,,,,,,,
JQ금악61,2023-03-05,168.6,,,,,,,
JQ금악61,2023-03-06,168.57,,,,,,,
JQ금악61,2023-03-07,168.55,,,,,,,
JQ금악61,2023-03-08,168.52,,,,,,,
JQ금악61,2023-03-09,168.5,,,,,,,
JQ금악61,2023-03-10,168.48,,,,,,,
JQ금악61,2023-03-11,168.46,,,,,,,
JQ금악61,2023-03-12,168.44,,,,,,,
JQ금악61,2023-03-13,168.42,,,,,,,
JQ금악61,2023-03-14,168.4,,,,,,,
JQ금악61,2023-03-15,168.38,,,,,,,
JQ금악61,2023-03-16,168.37,,,,,,,
JQ금악61,2023-03-17,168.35,,,,,,,
JQ금악61,2023-03-18,168.33,,,,,,,
JQ금악61,2023-03-19,168.32,,,,,,,
JQ금악61,2023-03-20,168.3,,,,,,,
JQ금악61,2023-03-21,168.29,,,,,,,
JQ금악61,2023-03-22,168.28,,,,,,,
JQ금악61,2023-03-23,168.27,,,,,,,
JQ금악61,2023-03-24,168.25,,,,,,,
JQ금악61,2023-03-25,168.25,,,,,,,
JQ금악61,2023-03-26,168.25,,,,,,,
JQ금악61,2023-03-27,168.24,,,,,,,
JQ금악61,2023-03-28,168.23,,,,,,,
JQ금악61,2023-03-29,168.21,,,,,,,
JQ금악61,2023-03-30,168.2,,,,,,,
JQ금악61,2023-03-31,168.19,,,,,,,
JQ금악61,2023-04-01,168.18,,,,,,,
JQ금악61,2023-04-02,168.17,,,,,,,
JQ금악61,2023-04-03,168.16,,,,,,,
JQ금악61,2023-04-04,168.15,,,,,,,
JQ금악61,2023-04-05,168.92,,,,,,,
JQ금악61,2023-04-06,170.29,,,,,,,
JQ금악61,2023-04-07,170.31,,,,,,,
JQ금악61,2023-04-08,170.33,,,,,,,
JQ금악61,2023-04-09,170.29,,,,,,,
JQ금악61,2023-04-10,170.15,,,,,,,
JQ금악61,2023-04-11,170.1,,,,,,,
JQ금악61,2023-04-12,169.78,,,,,,,
JQ금악61,2023-04-13,169.76,,,,,,,
JQ금악61,2023-04-14,169.76,,,,,,,
JQ금악61,2023-04-15,169.77,,,,,,,
JQ금악61,2023-04-16,169.77,,,,,,,
JQ금악61,2023-04-17,169.77,,,,,,,
JQ금악61,2023-04-18,169.77,,,,,,,
JQ금악61,2023-04-19,169.77,,,,,,,
JQ금악61,2023-04-20,169.77,,,,,,,
JQ금악61,2023-04-21,169.77,,,,,,,
JQ금악61,2023-04-22,169.78,,,,,,,
JQ금악61,2023-04-23,169.77,,,,,,,
JQ금악61,2023-04-24,169.77,,,,,,,
JQ금악61,2023-04-25,169.77,,,,,,,
JQ금악61,2023-04-26,169.77,,,,,,,
JQ금악61,2023-04-27,169.77,,,,,,,
JQ금악61,2023-04-28,169.77,,,,,,,
JQ금악61,2023-04-29,169.77,,,,,,,
JQ금악61,2023-04-30,169.77,,,,,,,
JQ금악61,2023-05-01,169.77,,,,,,,
JQ금악61,2023-05-02,169.77,,,,,,,
JQ금악61,2023-05-03,169.72,,,,,,,
JQ금악61,2023-05-04,169.76,,,,,,,
JQ금악61,2023-05-05,170.13,,,,,,,
JQ금악61,2023-05-06,170.46,,,,,,,
JQ금악61,2023-05-07,170.32,,,,,,,
JQ금악61,2023-05-08,170.28,,,,,,,
JQ금악61,2023-05-09,170.19,,,,,,,
JQ금악61,2023-05-10,170.04,,,,,,,
JQ금악61,2023-05-11,169.85,,,,,,,
JQ금악61,2023-05-12,169.77,,,,,,,
JQ금악61,2023-05-13,169.77,,,,,,,
JQ금악61,2023-05-14,169.77,,,,,,,
JQ금악61,2023-05-15,169.76,,,,,,,
JQ금악61,2023-05-16,169.76,,,,,,,
JQ금악61,2023-05-17,169.77,,,,,,,
JQ금악61,2023-05-18,169.77,,,,,,,
JQ금악61,2023-05-19,169.76,,,,,,,
JQ금악61,2023-05-20,169.76,,,,,,,
JQ금악61,2023-05-21,169.77,,,,,,,
JQ금악61,2023-05-22,169.76,,,,,,,
JQ금악61,2023-05-23,169.76,,,,,,,
JQ금악61,2023-05-24,169.76,,,,,,,
JQ금악61,2023-05-25,169.76,,,,,,,
JQ금악61,2023-05-26,169.76,,,,,,,
JQ금악61,2023-05-27,169.76,,,,,,,
JQ금악61,2023-05-28,169.76,,,,,,,
JQ금악61,2023-05-29,169.76,,,,,,,
JQ금악61,2023-05-30,169.76,,,,,,,
JQ금악61,2023-05-31,169.89,,,,,,,
JQ금악61,2023-06-01,170.03,,,,,,,
JQ금악61,2023-06-02,170.41,,,,,,,
JQ금악61,2023-06-03,170.59,,,,,,,
JQ금악61,2023-06-04,170.55,,,,,,,
JQ금악61,2023-06-05,170.25,,,,,,,
JQ금악61,2023-06-06,170.23,,,,,,,
JQ금악61,2023-06-07,170.18,,,,,,,
JQ금악61,2023-06-08,170.0,,,,,,,
JQ금악61,2023-06-09,169.82,,,,,,,
JQ금악61,2023-06-10,169.77,,,,,,,
JQ금악61,2023-06-11,169.77,,,,,,,
JQ금악61,2023-06-12,169.77,,,,,,,
JQ금악61,2023-06-13,169.77,,,,,,,
JQ금악61,2023-06-14,169.77,,,,,,,
JQ금악61,2023-06-15,169.76,,,,,,,
JQ금악61,2023-06-16,169.73,,,,,,,
JQ금악61,2023-06-17,169.68,,,,,,,
JQ금악61,2023-06-18,169.63,,,,,,,
JQ금악61,2023-06-19,169.59,,,,,,,
JQ금악61,2023-06-20,169.55,,,,,,,
JQ금악61,2023-06-21,169.51,,,,,,,
JQ금악61,2023-06-22,169.47,,,,,,,
JQ금악61,2023-06-23,169.43,,,,,,,
JQ금악61,2023-06-24,169.39,,,,,,,
JQ금악61,2023-06-25,169.35,,,,,,,
JQ금악61,2023-06-26,169.66,,,,,,,
JQ금악61,2023-06-27,169.77,,,,,,,
JQ금악61,2023-06-28,169.77,,,,,,,
JQ금악61,2023-06-29,169.77,,,,,,,
JQ금악61,2023-06-30,169.89,,,,,,,
JQ금악61,2023-07-01,170.25,,,,,,,
JQ금악61,2023-07-02,170.26,,,,,,,
JQ금악61,2023-07-03,170.26,,,,,,,
JQ금악61,2023-07-04,170.17,,,,,,,
JQ금악61,2023-07-05,170.23,,,,,,,
JQ금악61,2023-07-06,170.29,,,,,,,
JQ금악61,2023-07-07,170.17,,,,,,,
JQ금악61,2023-07-08,170.22,,,,,,,
JQ금악61,2023-07-09,170.39,,,,,,,
JQ금악61,2023-07-10,170.33,,,,,,,
JQ금악61,2023-07-11,170.25,,,,,,,
JQ금악61,2023-07-12,170.09,,,,,,,
JQ금악61,2023-07-13,169.87,,,,,,,
JQ금악61,2023-07-14,169.77,,,,,,,
JQ금악61,2023-07-15,169.77,,,,,,,
JQ금악61,2023-07-16,169.75,,,,,,,
JQ금악61,2023-07-17,169.73,,,,,,,
JQ금악61,2023-07-18,169.75,,,,,,,
JQ금악61,2023-07-19,170.16,,,,,,,
JQ금악61,2023-07-20,170.09,,,,,,,
JQ금악61,2023-07-21,169.91,,,,,,,
JQ금악61,2023-07-22,169.99,,,,,,,
JQ금악61,2023-07-23,170.15,,,,,,,
JQ금악61,2023-07-24,170.03,,,,,,,
JQ금악61,2023-07-25,169.94,,,,,,,
JQ금악61,2023-07-26,169.83,,,,,,,
JQ금악61,2023-07-27,169.77,,,,,,,
JQ금악61,2023-07-28,169.77,,,,,,,
JQ금악61,2023-07-29,169.77,,,,,,,
JQ금악61,2023-07-30,169.77,,,,,,,
JQ금악61,2023-07-31,169.76,,,,,,,
JQ금악61,2023-08-01,169.77,,,,,,,
JQ금악61,2023-08-02,169.77,,,,,,,
JQ금악61,2023-08-03,169.77,,,,,,,
JQ금악61,2023-08-04,169.77,,,,,,,
JQ금악61,2023-08-05,169.77,,,,,,,
JQ금악61,2023-08-06,169.77,,,,,,,
JQ금악61,2023-08-07,169.77,,,,,,,
JQ금악61,2023-08-08,169.77,,,,,,,
JQ금악61,2023-08-09,169.77,,,,,,,
JQ금악61,2023-08-10,169.76,,,,,,,
JQ금악61,2023-08-11,169.74,,,,,,,
JQ금악61,2023-08-12,169.7,,,,,,,
JQ금악61,2023-08-13,169.67,,,,,,,
JQ금악61,2023-08-14,169.63,,,,,,,
JQ금악61,2023-08-15,169.6,,,,,,,
JQ금악61,2023-08-16,169.57,,,,,,,
JQ금악61,2023-08-17,169.54,,,,,,,
JQ금악61,2023-08-18,169.51,,,,,,,
JQ금악61,2023-08-19,169.48,,,,,,,
JQ금악61,2023-08-20,169.45,,,,,,,
JQ금악61,2023-08-21,169.42,,,,,,,
JQ금악61,2023-08-22,169.39,,,,,,,
JQ금악61,2023-08-23,169.41,,,,,,,
JQ금악61,2023-08-24,169.77,,,,,,,
JQ금악61,2023-08-25,169.77,,,,,,,
JQ금악61,2023-08-26,169.77,,,,,,,
JQ금악61,2023-08-27,169.77,,,,,,,
JQ금악61,2023-08-28,169.77,,,,,,,
JQ금악61,2023-08-29,169.77,,,,,,,
JQ금악61,2023-08-30,169.95,,,,,,,
JQ금악61,2023-08-31,170.09,,,,,,,
JQ금악61,2023-09-01,170.13,,,,,,,
JQ금악61,2023-09-02,170.14,,,,,,,
JQ금악61,2023-09-03,170.11,,,,,,,
JQ금악61,2023-09-04,170.01,,,,,,,
JQ금악61,2023-09-05,169.9,,,,,,,
JQ금악61,2023-09-06,169.86,,,,,,,
JQ금악61,2023-09-07,169.87,,,,,,,
JQ금악61,2023-09-08,169.87,,,,,,,
JQ금악61,2023-09-09,169.84,,,,,,,
JQ금악61,2023-09-10,169.83,,,,,,,
JQ금악61,2023-09-11,169.81,,,,,,,
JQ금악61,2023-09-12,169.77,,,,,,,
JQ금악61,2023-09-13,169.77,,,,,,,
JQ금악61,2023-09-14,169.77,,,,,,,
JQ금악61,2023-09-15,169.78,,,,,,,
JQ금악61,2023-09-16,169.8,,,,,,,
JQ금악61,2023-09-17,169.85,,,,,,,
JQ금악61,2023-09-18,169.89,,,,,,,
JQ금악61,2023-09-19,169.89,,,,,,,
JQ금악61,2023-09-20,169.89,,,,,,,
JQ금악61,2023-09-21,169.89,,,,,,,
JQ금악61,2023-09-22,169.86,,,,,,,
JQ금악61,2023-09-23,169.81,,,,,,,
JQ금악61,2023-09-24,169.81,,,,,,,
JQ금악61,2023-09-25,169.81,,,,,,,
JQ금악61,2023-09-26,169.81,,,,,,,
JQ금악61,2023-09-27,169.8,,,,,,,
JQ금악61,2023-09-28,169.8,,,,,,,
JQ금악61,2023-09-29,169.8,,,,,,,
JQ금악61,2023-09-30,169.8,,,,,,,
JQ금악61,2023-10-01,169.8,,,,,,,
JQ금악61,2023-10-02,169.8,,,,,,,
JQ금악61,2023-10-03,169.8,,,,,,,
JQ금악61,2023-10-04,169.8,,,,,,,
JQ금악61,2023-10-05,169.8,,,,,,,
JQ금악61,2023-10-06,169.8,,,,,,,
JQ금악61,2023-10-07,169.81,,,,,,,
JQ금악61,2023-10-08,169.8,,,,,,,
JQ금악61,2023-10-09,169.8,,,,,,,
JQ금악61,2023-10-10,169.8,,,,,,,
JQ금악61,2023-10-11,169.8,,,,,,,
JQ금악61,2023-10-12,169.8,,,,,,,
JQ금악61,2023-10-13,169.8,,,,,,,
JQ금악61,2023-10-14,169.8,,,,,,,
JQ금악61,2023-10-15,169.81,,,,,,,
JQ금악61,2023-10-16,169.8,,,,,,,
JQ금악61,2023-10-17,169.8,,,,,,,
JQ금악61,2023-10-18,169.8,,,,,,,
JQ금악61,2023-10-19,169.8,,,,,,,
JQ금악61,2023-10-20,169.8,,,,,,,
JQ금악61,2023-10-21,169.8,,,,,,,
JQ금악61,2023-10-22,169.8,,,,,,,
JQ금악61,2023-10-23,169.79,,,,,,,
JQ금악61,2023-10-24,169.78,,,,,,,
JQ금악61,2023-10-25,169.78,,,,,,,
JQ금악61,2023-10-26,169.79,,,,,,,
JQ금악61,2023-10-27,169.79,,,,,,,
JQ금악61,2023-10-28,169.76,,,,,,,
JQ금악61,2023-10-29,169.73,,,,,,,
JQ금악61,2023-10-30,169.71,,,,,,,
JQ금악61,2023-10-31,169.68,,,,,,,
JQ금악61,2023-11-01,169.65,,,,,,,
JQ금악61,2023-11-02,169.63,,,,,,,
JQ금악61,2023-11-03,169.6,,,,,,,
JQ금악61,2023-11-04,169.58,,,,,,,
JQ금악61,2023-11-05,169.55,,,,,,,
JQ금악61,2023-11-06,169.75,,,,,,,
JQ금악61,2023-11-07,169.9,,,,,,,
JQ금악61,2023-11-08,169.9,,,,,,,
JQ금악61,2023-11-09,169.89,,,,,,,
JQ금악61,2023-11-10,170.37,,,,,,,
JQ금악61,2023-11-11,170.8,,,,,,,
JQ금악61,2023-11-12,170.77,,,,,,,
JQ금악61,2023-11-13,170.77,,,,,,,
JQ금악61,2023-11-14,170.77,,,,,,,
JQ금악61,2023-11-15,170.77,,,,,,,
JQ금악61,2023-11-16,170.79,,,,,,,
JQ금악61,2023-11-17,170.83,,,,,,,
JQ금악61,2023-11-18,170.83,,,,,,,
JQ금악61,2023-11-19,170.84,,,,,,,
JQ금악61,2023-11-20,170.83,,,,,,,
JQ금악61,2023-11-21,170.83,,,,,,,
JQ금악61,2023-11-22,170.83,,,,,,,
JQ금악61,2023-11-23,170.83,,,,,,,
JQ금악61,2023-11-24,170.81,,,,,,,
JQ금악61,2023-11-25,170.77,,,,,,,
JQ금악61,2023-11-26,170.77,,,,,,,
JQ금악61,2023-11-27,170.78,,,,,,,
JQ금악61,2023-11-28,170.78,,,,,,,
JQ금악61,2023-11-29,170.77,,,,,,,
JQ금악61,2023-11-30,170.77,,,,,,,
JQ금악61,2023-12-01,170.79,,,,,,,
JQ금악61,2023-12-02,170.83,,,,,,,
JQ금악61,2023-12-03,170.83,,,,,,,
JQ금악61,2023-12-04,170.82,,,,,,,
JQ금악61,2023-12-05,170.82,,,,,,,
JQ금악61,2023-12-06,170.81,,,,,,,
JQ금악61,2023-12-07,170.77,,,,,,,
JQ금악61,2023-12-08,170.77,,,,,,,
JQ금악61,2023-12-09,170.77,,,,,,,
JQ금악61,2023-12-10,170.77,,,,,,,
JQ금악61,2023-12-11,170.79,,,,,,,
JQ금악61,2023-12-12,170.83,,,,,,,
JQ금악61,2023-12-13,170.83,,,,,,,
JQ금악61,2023-12-14,170.84,,,,,,,
JQ금악61,2023-12-15,170.83,,,,,,,
JQ금악61,2023-12-16,170.83,,,,,,,
JQ금악61,2023-12-17,170.84,,,,,,,
JQ금악61,2023-12-18,170.84,,,,,,,
JQ금악61,2023-12-19,170.83,,,,,,,
JQ금악61,2023-12-20,170.83,,,,,,,
JQ금악61,2023-12-21,170.83,,,,,,,
JQ금악61,2023-12-22,170.83,,,,,,,
JQ금악61,2023-12-23,170.82,,,,,,,
JQ금악61,2023-12-24,170.85,,,,,,,
JQ금악61,2023-12-25,170.85,,,,,,,
JQ금악61,2023-12-26,170.83,,,,,,,
JQ금악61,2023-12-27,170.83,,,,,,,
JQ금악61,2023-12-28,170.83,,,,,,,
JQ금악61,2023-12-29,170.82,,,,,,,
JQ금악61,2023-12-30,170.83,,,,,,,
JQ금악61,2023-12-31,170.81,,,,,,,
JQ금악61,2024-01-01,170.77,,,,,,,
JQ금악61,2024-01-02,170.77,,,,,,,
JQ금악61,2024-01-03,170.77,,,,,,,
JQ금악61,2024-01-04,170.77,,,,,,,
JQ금악61,2024-01-05,170.78,,,,,,,
JQ금악61,2024-01-06,170.78,,,,,,,
JQ금악61,2024-01-07,170.77,,,,,,,
JQ금악61,2024-01-08,170.77,,,,,,,
JQ금악61,2024-01-09,170.78,,,,,,,
JQ금악61,2024-01-10,170.79,,,,,,,
JQ금악61,2024-01-11,170.82,,,,,,,
JQ금악61,2024-01-12,170.8,,,,,,,
JQ금악61,2024-01-13,170.78,,,,,,,
JQ금악61,2024-01-14,170.77,,,,,,,
JQ금악61,2024-01-15,170.77,,,,,,,
JQ금악61,2024-01-16,170.77,,,,,,,
JQ금악61,2024-01-17,170.77,,,,,,,
JQ금악61,2024-01-18,170.77,,,,,,,
JQ금악61,2024-01-19,170.79,,,,,,,
JQ금악61,2024-01-20,170.83,,,,,,,
JQ금악61,2024-01-21,170.83,,,,,,,
JQ금악61,2024-01-22,170.83,,,,,,,
JQ금악61,2024-01-23,170.83,,,,,,,
JQ금악61,2024-01-24,170.83,,,,,,,
JQ금악61,2024-01-25,170.81,,,,,,,
JQ금악61,2024-01-26,170.8,,,,,,,
JQ금악61,2024-01-27,170.79,,,,,,,
JQ금악61,2024-01-28,170.78,,,,,,,
JQ금악61,2024-01-29,170.77,,,,,,,
JQ금악61,2024-01-30,170.78,,,,,,,
JQ금악61,2024-01-31,170.78,,,,,,,
JQ금악61,2024-02-01,170.8,,,,,,,
JQ금악61,2024-02-02,170.83,,,,,,,
JQ금악61,2024-02-03,170.83,,,,,,,
JQ금악61,2024-02-04,170.83,,,,,,,
JQ금악61,2024-02-05,170.84,,,,,,,
JQ금악61,2024-02-06,170.84,,,,,,,
JQ금악61,2024-02-07,170.83,,,,,,,
JQ금악61,2024-02-08,170.84,,,,,,,
JQ금악61,2024-02-09,170.84,,,,,,,
JQ금악61,2024-02-10,170.84,,,,,,,
JQ금악61,2024-02-11,170.84,,,,,,,
JQ금악61,2024-02-12,170.81,,,,,,,
JQ금악61,2024-02-13,170.8,,,,,,,
JQ금악61,2024-02-14,170.79,,,,,,,
JQ금악61,2024-02-15,170.8,,,,,,,
JQ금악61,2024-02-16,170.82,,,,,,,
JQ금악61,2024-02-17,170.84,,,,,,,
JQ금악61,2024-02-18,170.84,,,,,,,
JQ금악61,2024-02-19,170.84,,,,,,,
JQ금악61,2024-02-20,170.84,,,,,,,
JQ금악61,2024-02-21,170.94,,,,,,,
JQ금악61,2024-02-22,171.01,,,,,,,
JQ금악61,2024-02-23,170.93,,,,,,,
JQ금악61,2024-02-24,170.85,,,,,,,
JQ금악61,2024-02-25,170.84,,,,,,,
JQ금악61,2024-02-26,170.84,,,,,,,
JQ금악61,2024-02-27,170.84,,,,,,,
JQ금악61,2024-02-28,170.84,,,,,,,
JQ금악61,2024-02-29,170.84,,,,,,,
JQ금악61,2024-03-01,170.84,,,,,,,
JQ금악61,2024-03-02,170.84,,,,,,,
JQ금악61,2024-03-03,170.84,,,,,,,
JQ금악61,2024-03-04,170.84,,,,,,,
JQ금악61,2024-03-05,170.84,,,,,,,
JQ금악61,2024-03-06,170.84,,,,,,,
JQ금악61,2024-03-07,170.84,,,,,,,
JQ금악61,2024-03-08,170.84,,,,,,,
JQ금악61,2024-03-09,170.82,,,,,,,
JQ금악61,2024-03-10,170.8,,,,,,,
JQ금악61,2024-03-11,170.8,,,,,,,
JQ금악61,2024-03-12,170.84,,,,,,,
JQ금악61,2024-03-13,170.84,,,,,,,
JQ금악61,2024-03-14,170.84,,,,,,,
JQ금악61,2024-03-15,170.84,,,,,,,
JQ금악61,2024-03-16,170.84,,,,,,,
JQ금악61,2024-03-17,170.84,,,,,,,
JQ금악61,2024-03-18,170.84,,,,,,,
JQ금악61,2024-03-19,170.84,,,,,,,
JQ금악61,2024-03-20,170.84,,,,,,,
JQ금악61,2024-03-21,170.84,,,,,,,
JQ금악61,2024-03-22,170.84,,,,,,,
JQ금악61,2024-03-23,170.84,,,,,,,
JQ금악61,2024-03-24,170.84,,,,,,,
JQ금악61,2024-03-25,170.84,,,,,,,
JQ금악61,2024-03-26,170.84,,,,,,,
JQ금악61,2024-03-27,170.84,,,,,,,
JQ금악61,2024-03-28,170.84,,,,,,,
JQ금악61,2024-03-29,170.87,,,,,,,
JQ금악61,2024-03-30,170.85,,,,,,,
JQ금악61,2024-03-31,170.84,,,,,,,
JQ금악61,2024-04-01,170.85,,,,,,,
JQ금악61,2024-04-02,170.84,,,,,,,
JQ금악61,2024-04-03,170.84,,,,,,,
JQ금악61,2024-04-04,170.84,,,,,,,
JQ금악61,2024-04-05,170.84,,,,,,,
JQ금악61,2024-04-06,170.84,,,,,,,
JQ금악61,2024-04-07,170.85,,,,,,,
JQ금악61,2024-04-08,170.84,,,,,,,
JQ금악61,2024-04-09,170.84,,,,,,,
JQ금악61,2024-04-10,170.84,,,,,,,
JQ금악61,2024-04-11,170.84,,,,,,,
JQ금악61,2024-04-12,170.84,,,,,,,
JQ금악61,2024-04-13,170.84,,,,,,,
JQ금악61,2024-04-14,170.84,,,,,,,
JQ금악61,2024-04-15,170.84,,,,,,,
JQ금악61,2024-04-16,170.84,,,,,,,
JQ금악61,2024-04-17,170.84,,,,,,,
JQ금악61,2024-04-18,170.84,,,,,,,
JQ금악61,2024-04-19,170.84,,,,,,,
JQ금악61,2024-04-20,170.84,,,,,,,
JQ금악61,2024-04-21,170.84,,,,,,,
JQ금악61,2024-04-22,170.83,,,,,,,
JQ금악61,2024-04-23,170.84,,,,,,,
JQ금악61,2024-04-24,170.84,,,,,,,
JQ금악61,2024-04-25,170.83,,,,,,,
JQ금악61,2024-04-26,170.83,,,,,,,
JQ금악61,2024-04-27,170.84,,,,,,,
JQ금악61,2024-04-28,170.84,,,,,,,
JQ금악61,2024-04-29,170.86,,,,,,,
JQ금악61,2024-04-30,170.9,,,,,,,
JQ금악61,2024-05-01,170.85,,,,,,,
JQ금악61,2024-05-02,170.85,,,,,,,
JQ금악61,2024-05-03,170.84,,,,,,,
JQ금악61,2024-05-04,170.84,,,,,,,
JQ금악61,2024-05-05,170.93,,,,,,,
JQ금악61,2024-05-06,171.4,,,,,,,
JQ금악61,2024-05-07,171.34,,,,,,,
JQ금악61,2024-05-08,171.27,,,,,,,
JQ금악61,2024-05-09,171.13,,,,,,,
JQ금악61,2024-05-10,170.65,,,,,,,
JQ금악61,2024-05-11,169.9,,,,,,,
JQ금악61,2024-05-12,170.09,,,,,,,
JQ금악61,2024-05-13,170.1,,,,,,,
JQ금악61,2024-05-14,170.07,,,,,,,
JQ금악61,2024-05-15,169.99,,,,,,,
JQ금악61,2024-05-16,169.9,,,,,,,
JQ금악61,2024-05-17,169.89,,,,,,,
JQ금악61,2024-05-18,169.89,,,,,,,
JQ금악61,2024-05-19,169.89,,,,,,,
JQ금악61,2024-05-20,169.89,,,,,,,
JQ금악61,2024-05-21,169.89,,,,,,,
JQ금악61,2024-05-22,169.89,,,,,,,
JQ금악61,2024-05-23,169.89,,,,,,,
JQ금악61,2024-05-24,169.89,,,,,,,
JQ금악61,2024-05-25,169.89,,,,,,,
JQ금악61,2024-05-26,169.89,,,,,,,
JQ금악61,2024-05-27,169.89,,,,,,,
JQ금악61,2024-05-28,169.89,,,,,,,
JQ금악61,2024-05-29,169.89,,,,,,,
JQ금악61,2024-05-30,169.89,,,,,,,
JQ금악61,2024-05-31,169.89,,,,,,,
JQ금악61,2024-06-01,169.89,,,,,,,
JQ금악61,2024-06-02,169.89,,,,,,,
JQ금악61,2024-06-03,169.89,,,,,,,
JQ금악61,2024-06-04,169.89,,,,,,,
JQ금악61,2024-06-05,169.89,,,,,,,
JQ금악61,2024-06-06,169.89,,,,,,,
JQ금악61,2024-06-07,169.89,,,,,,,
JQ금악61,2024-06-08,169.89,,,,,,,
JQ금악61,2024-06-09,169.9,,,,,,,
JQ금악61,2024-06-10,169.89,,,,,,,
JQ금악61,2024-06-11,169.89,,,,,,,
JQ금악61,2024-06-12,169.89,,,,,,,
JQ금악61,2024-06-13,169.89,,,,,,,
JQ금악61,2024-06-14,169.89,,,,,,,
JQ금악61,2024-06-15,169.89,,,,,,,
JQ금악61,2024-06-16,169.89,,,,,,,
JQ금악61,2024-06-17,169.9,,,,,,,
JQ금악61,2024-06-18,169.89,,,,,,,
JQ금악61,2024-06-19,169.89,,,,,,,
JQ금악61,2024-06-20,169.94,,,,,,,
JQ금악61,2024-06-21,170.23,,,,,,,
JQ금악61,2024-06-22,170.22,,,,,,,
JQ금악61,2024-06-23,170.35,,,,,,,
JQ금악61,2024-06-24,170.39,,,,,,,
JQ금악61,2024-06-25,170.32,,,,,,,
JQ금악61,2024-06-26,170.22,,,,,,,
JQ금악61,2024-06-27,170.17,,,,,,,
JQ금악61,2024-06-28,170.44,,,,,,,
JQ금악61,2024-06-29,170.46,,,,,,,
JQ금악61,2024-06-30,170.4,,,,,,,
JQ금악61,2024-07-01,170.4,,,,,,,
JQ금악61,2024-07-02,170.35,,,,,,,
JQ금악61,2024-07-03,170.25,,,,,,,
JQ금악61,2024-07-04,170.17,,,,,,,
JQ금악61,2024-07-05,170.11,,,,,,,
JQ금악61,2024-07-06,170.03,,,,,,,
JQ금악61,2024-07-07,169.95,,,,,,,
JQ금악61,2024-07-08,169.89,,,,,,,
JQ금악61,2024-07-09,169.89,,,,,,,
JQ금악61,2024-07-10,169.9,,,,,,,
JQ금악61,2024-07-11,169.89,,,,,,,
JQ금악61,2024-07-12,169.9,,,,,,,
JQ금악61,2024-07-13,169.9,,,,,,,
JQ금악61,2024-07-14,169.89,,,,,,,
JQ금악61,2024-07-15,169.9,,,,,,,
JQ금악61,2024-07-16,169.89,,,,,,,
JQ금악61,2024-07-17,169.9,,,,,,,
JQ금악61,2024-07-18,169.9,,,,,,,
JQ금악61,2024-07-19,169.9,,,,,,,
JQ금악61,2024-07-20,169.89,,,,,,,
JQ금악61,2024-07-21,169.89,,,,,,,
JQ금악61,2024-07-22,169.89,,,,,,,
JQ금악61,2024-07-23,169.89,,,,,,,
JQ금악61,2024-07-24,169.89,,,,,,,
JQ금악61,2024-07-25,169.89,,,,,,,
JQ금악61,2024-07-26,169.89,,,,,,,
JQ금악61,2024-07-27,169.9,,,,,,,
JQ금악61,2024-07-28,169.89,,,,,,,
JQ금악61,2024-07-29,169.89,,,,,,,
JQ금악61,2024-07-30,169.92,,,,,,,
JQ금악61,2024-07-31,169.95,,,,,,,
JQ금악61,2024-08-01,169.92,,,,,,,
JQ금악61,2024-08-02,169.97,,,,,,,
JQ금악61,2024-08-03,169.95,,,,,,,
JQ금악61,2024-08-04,169.95,,,,,,,
JQ금악61,2024-08-05,170.0,,,,,,,
JQ금악61,2024-08-06,170.03,,,,,,,
JQ금악61,2024-08-07,170.02,,,,,,,
JQ금악61,2024-08-08,170.02,,,,,,,
JQ금악61,2024-08-09,169.95,,,,,,,
JQ금악61,2024-08-10,169.91,,,,,,,
JQ금악61,2024-08-11,169.9,,,,,,,
JQ금악61,2024-08-12,169.9,,,,,,,
JQ금악61,2024-08-13,169.9,,,,,,,
JQ금악61,2024-08-14,169.9,,,,,,,
JQ금악61,2024-08-15,169.9,,,,,,,
JQ금악61,2024-08-16,169.9,,,,,,,
JQ금악61,2024-08-17,169.9,,,,,,,
JQ금악61,2024-08-18,169.9,,,,,,,
JQ금악61,2024-08-19,169.94,,,,,,,
JQ금악61,2024-08-20,170.03,,,,,,,
JQ금악61,2024-08-21,170.02,,,,,,,
JQ금악61,2024-08-22,170.05,,,,,,,
JQ금악61,2024-08-23,169.99,,,,,,,
JQ금악61,2024-08-24,169.94,,,,,,,
JQ금악61,2024-08-25,169.9,,,,,,,
JQ금악61,2024-08-26,169.9,,,,,,,
JQ금악61,2024-08-27,169.91,,,,,,,
JQ금악61,2024-08-28,170.32,,,,,,,
JQ금악61,2024-08-29,170.63,,,,,,,
JQ금악61,2024-08-30,170.57,,,,,,,
JQ금악61,2024-08-31,170.49,,,,,,,
JQ금악61,2024-09-01,170.41,,,,,,,
JQ금악61,2024-09-02,170.33,,,,,,,
JQ금악61,2024-09-03,170.23,,,,,,,
JQ금악61,2024-09-04,170.16,,,,,,,
JQ금악61,2024-09-05,170.14,,,,,,,
JQ금악61,2024-09-06,170.13,,,,,,,
JQ금악61,2024-09-07,170.18,,,,,,,
JQ금악61,2024-09-08,170.11,,,,,,,
JQ금악61,2024-09-09,170.11,,,,,,,
JQ금악61,2024-09-10,170.09,,,,,,,
JQ금악61,2024-09-11,170.05,,,,,,,
JQ금악61,2024-09-12,170.06,,,,,,,
JQ금악61,2024-09-13,170.07,,,,,,,
JQ금악61,2024-09-14,170.11,,,,,,,
JQ금악61,2024-09-15,170.09,,,,,,,
JQ금악61,2024-09-16,169.95,,,,,,,
JQ금악61,2024-09-17,169.97,,,,,,,
JQ금악61,2024-09-18,170.17,,,,,,,
JQ금악61,2024-09-19,170.08,,,,,,,
JQ금악61,2024-09-20,170.25,,,,,,,
JQ금악61,2024-09-21,170.48,,,,,,,
JQ금악61,2024-09-22,170.45,,,,,,,
JQ금악61,2024-09-23,170.41,,,,,,,
JQ금악61,2024-09-24,170.33,,,,,,,
JQ금악61,2024-09-25,170.24,,,,,,,
JQ금악61,2024-09-26,170.19,,,,,,,
JQ금악61,2024-09-27,170.18,,,,,,,
JQ금악61,2024-09-28,170.13,,,,,,,
JQ금악61,2024-09-29,170.1,,,,,,,
JQ금악61,2024-09-30,170.08,,,,,,,
JQ금악61,2024-10-01,170.02,,,,,,,
JQ금악61,2024-10-02,170.13,,,,,,,
JQ금악61,2024-10-03,170.09,,,,,,,
JQ금악61,2024-10-04,170.02,,,,,,,
JQ금악61,2024-10-05,169.96,,,,,,,
JQ금악61,2024-10-06,169.9,,,,,,,
JQ금악61,2024-10-07,169.89,,,,,,,
JQ금악61,2024-10-08,169.9,,,,,,,
JQ금악61,2024-10-09,169.9,,,,,,,
JQ금악61,2024-10-10,169.9,,,,,,,
JQ금악61,2024-10-11,169.91,,,,,,,
JQ금악61,2024-10-12,169.91,,,,,,,
JQ금악61,2024-10-13,169.9,,,,,,,
JQ금악61,2024-10-14,169.89,,,,,,,
JQ금악61,2024-10-15,169.89,,,,,,,
JQ금악61,2024-10-16,169.89,,,,,,,
JQ금악61,2024-10-17,169.89,,,,,,,
JQ금악61,2024-10-18,169.9,,,,,,,
JQ금악61,2024-10-19,169.89,,,,,,,
JQ금악61,2024-10-20,169.88,,,,,,,
JQ금악61,2024-10-21,169.88,,,,,,,
JQ금악61,2024-10-22,169.98,,,,,,,
JQ금악61,2024-10-23,170.07,,,,,,,
JQ금악61,2024-10-24,170.01,,,,,,,
JQ금악61,2024-10-25,169.92,,,,,,,
JQ금악61,2024-10-26,169.91,,,,,,,
JQ금악61,2024-10-27,169.89,,,,,,,
JQ금악61,2024-10-28,169.89,,,,,,,
JQ금악61,2024-10-29,169.89,,,,,,,
JQ금악61,2024-10-30,169.91,,,,,,,
JQ금악61,2024-10-31,169.97,,,,,,,
JQ금악61,2024-11-01,170.17,,,,,,,
JQ금악61,2024-11-02,170.69,,,,,,,
JQ금악61,2024-11-03,170.58,,,,,,,
JQ금악61,2024-11-04,170.53,,,,,,,
JQ금악61,2024-11-05,170.47,,,,,,,
JQ금악61,2024-11-06,170.38,,,,,,,
JQ금악61,2024-11-07,170.32,,,,,,,
JQ금악61,2024-11-08,170.26,,,,,,,
JQ금악61,2024-11-09,170.22,,,,,,,
JQ금악61,2024-11-10,170.2,,,,,,,
JQ금악61,2024-11-11,170.2,,,,,,,
JQ금악61,2024-11-12,170.16,,,,,,,
JQ금악61,2024-11-13,170.1,,,,,,,
JQ금악61,2024-11-14,170.05,,,,,,,
JQ금악61,2024-11-15,170.1,,,,,,,
JQ금악61,2024-11-16,170.17,,,,,,,
JQ금악61,2024-11-17,170.17,,,,,,,
JQ금악61,2024-11-18,170.13,,,,,,,
JQ금악61,2024-11-19,170.1,,,,,,,
JQ금악61,2024-11-20,169.99,,,,,,,
JQ금악61,2024-11-21,170.12,,,,,,,
JQ금악61,2024-11-22,170.25,,,,,,,
JQ금악61,2024-11-23,170.24,,,,,,,
JQ금악61,2024-11-24,170.21,,,,,,,
JQ금악61,2024-11-25,170.18,,,,,,,
JQ금악61,2024-11-26,170.17,,,,,,,
JQ금악61,2024-11-27,170.14,,,,,,,
JQ금악61,2024-11-28,170.03,,,,,,,
JQ금악61,2024-11-29,170.09,,,,,,,
JQ금악61,2024-11-30,170.19,,,,,,,
JQ금악61,2024-12-01,170.19,,,,,,,
JQ금악61,2024-12-02,170.16,,,,,,,
JQ금악61,2024-12-03,170.11,,,,,,,
JQ금악61,2024-12-04,170.06,,,,,,,
JQ금악61,2024-12-05,169.99,,,,,,,
JQ금악61,2024-12-06,169.92,,,,,,,
JQ금악61,2024-12-07,169.86,,,,,,,
JQ금악61,2024-12-08,169.86,,,,,,,
JQ금악61,2024-12-09,169.87,,,,,,,
JQ금악61,2024-12-10,170.09,,,,,,,
JQ금악61,2024-12-11,170.23,,,,,,,
JQ금악61,2024-12-12,170.24,,,,,,,
JQ금악61,2024-12-13,170.29,,,,,,,
JQ금악61,2024-12-14,170.31,,,,,,,
JQ금악61,2024-12-15,170.29,,,,,,,
JQ금악61,2024-12-16,170.23,,,,,,,
JQ금악61,2024-12-17,170.14,,,,,,,
JQ금악61,2024-12-18,170.12,,,,,,,
JQ금악61,2024-12-19,170.14,,,,,,,
JQ금악61,2024-12-20,170.13,,,,,,,
JQ금악61,2024-12-21,170.1,,,,,,,
JQ금악61,2024-12-22,170.04,,,,,,,
JQ금악61,2024-12-23,170.06,,,,,,,
JQ금악61,2024-12-24,170.21,,,,,,,
JQ금악61,2024-12-25,170.32,,,,,,,
JQ금악61,2024-12-26,170.4,,,,,,,
JQ금악61,2024-12-27,170.37,,,,,,,
JQ금악61,2024-12-28,170.33,,,,,,,
JQ금악61,2024-12-29,170.32,,,,,,,
JQ금악61,2024-12-30,170.27,,,,,,,
JQ금악61,2024-12-31,170.2,,,,,,,
JQ금악61,2025-01-01,170.13,,,,,,,
JQ금악61,2025-01-02,170.05,,,,,,,
JQ금악61,2025-01-03,169.91,,,,,,,
JQ금악61,2025-01-04,169.86,,,,,,,
JQ금악61,2025-01-05,169.86,,,,,,,
JQ금악61,2025-01-06,169.86,,,,,,,
JQ금악61,2025-01-07,169.83,,,,,,,
JQ금악61,2025-01-08,169.84,,,,,,,
JQ금악61,2025-01-09,169.84,,,,,,,
JQ금악61,2025-01-10,169.86,,,,,,,
JQ금악61,2025-01-11,169.87,,,,,,,
JQ금악61,2025-01-12,169.92,,,,,,,
JQ금악61,2025-01-13,169.93,,,,,,,
JQ금악61,2025-01-14,169.9,,,,,,,
JQ금악61,2025-01-15,169.87,,,,,,,
JQ금악61,2025-01-16,169.86,,,,,,,
JQ금악61,2025-01-17,169.87,,,,,,,
JQ금악61,2025-01-18,169.87,,,,,,,
JQ금악61,2025-01-19,169.87,,,,,,,
JQ금악61,2025-01-20,169.87,,,,,,,
JQ금악61,2025-01-21,169.87,,,,,,,
JQ금악61,2025-01-22,169.88,,,,,,,
JQ금악61,2025-01-23,169.9,,,,,,,
JQ금악61,2025-01-24,169.91,,,,,,,
JQ금악61,2025-01-25,169.89,,,,,,,
JQ금악61,2025-01-26,169.87,,,,,,,
JQ금악61,2025-01-27,169.87,,,,,,,
JQ금악61,2025-01-28,169.86,,,,,,,
JQ금악61,2025-01-29,169.86,,,,,,,
JQ금악61,2025-01-30,169.87,,,,,,,
JQ금악61,2025-01-31,169.86,,,,,,,
JQ금악61,2025-02-01,169.86,,,,,,,
JQ금악61,2025-02-02,169.86,,,,,,,
JQ금악61,2025-02-03,169.86,,,,,,,
JQ금악61,2025-02-04,169.86,,,,,,,
JQ금악61,2025-02-05,169.85,,,,,,,
JQ금악61,2025-02-06,169.81,,,,,,,
JQ금악61,2025-02-07,169.82,,,,,,,
JQ금악61,2025-02-08,169.8,,,,,,,
JQ금악61,2025-02-09,169.87,,,,,,,
JQ금악61,2025-02-10,169.87,,,,,,,
JQ금악61,2025-02-11,169.87,,,,,,,
JQ금악61,2025-02-12,169.87,,,,,,,
JQ금악61,2025-02-13,169.87,,,,,,,
JQ금악61,2025-02-14,169.86,,,,,,,
JQ금악61,2025-02-15,169.86,,,,,,,
JQ금악61,2025-02-16,169.86,,,,,,,
JQ금악61,2025-02-17,169.85,,,,,,,
JQ금악61,2025-02-18,169.86,,,,,,,
JQ금악61,2025-02-19,169.86,,,,,,,
JQ금악61,2025-02-20,169.85,,,,,,,
JQ금악61,2025-02-21,169.78,,,,,,,
JQ금악61,2025-02-22,169.76,,,,,,,
JQ금악61,2025-02-23,169.75,,,,,,,
JQ금악61,2025-02-24,169.75,,,,,,,
JQ금악61,2025-02-25,169.75,,,,,,,
JQ금악61,2025-02-26,169.74,,,,,,,
JQ금악61,2025-02-27,169.75,,,,,,,
JQ금악61,2025-02-28,169.75,,,,,,,
JQ금악61,2025-03-01,169.76,,,,,,,
JQ금악61,2025-03-02,169.77,,,,,,,
JQ금악61,2025-03-03,169.83,,,,,,,
JQ금악61,2025-03-04,169.86,,,,,,,
JQ금악61,2025-03-05,169.86,,,,,,,
JQ금악61,2025-03-06,169.82,,,,,,,
JQ금악61,2025-03-07,169.77,,,,,,,
JQ금악61,2025-03-08,169.76,,,,,,,
JQ금악61,2025-03-09,169.76,,,,,,,
JQ금악61,2025-03-10,169.77,,,,,,,
JQ금악61,2025-03-11,169.83,,,,,,,
JQ금악61,2025-03-12,169.83,,,,,,,
JQ금악61,2025-03-13,169.83,,,,,,,
JQ금악61,2025-03-14,169.83,,,,,,,
JQ금악61,2025-03-15,169.84,,,,,,,
JQ금악61,2025-03-16,169.86,,,,,,,
JQ금악61,2025-03-17,169.84,,,,,,,
JQ금악61,2025-03-18,169.85,,,,,,,
JQ금악61,2025-03-19,169.84,,,,,,,
JQ금악61,2025-03-20,169.83,,,,,,,
JQ금악61,2025-03-21,169.84,,,,,,,
JQ금악61,2025-03-22,169.84,,,,,,,
JQ금악61,2025-03-23,169.85,,,,,,,
JQ금악61,2025-03-24,169.86,,,,,,,
JQ금악61,2025-03-25,169.86,,,,,,,
JQ금악61,2025-03-26,169.85,,,,,,,
JQ금악61,2025-03-27,169.86,,,,,,,
JQ금악61,2025-03-28,169.85,,,,,,,
JQ금악61,2025-03-29,169.85,,,,,,,
JQ금악61,2025-03-30,169.84,,,,,,,
JQ금악61,2025-03-31,169.85,,,,,,,
JQ금악61,2025-04-01,169.86,,,,,,,
JQ금악61,2025-04-02,169.87,,,,,,,
JQ금악61,2025-04-03,169.86,,,,,,,
JQ금악61,2025-04-04,169.86,,,,,,,
JQ금악61,2025-04-05,169.86,,,,,,,
JQ금악61,2025-04-06,169.85,,,,,,,
JQ금악61,2025-04-07,169.84,,,,,,,
JQ금악61,2025-04-08,169.84,,,,,,,
JQ금악61,2025-04-09,169.84,,,,,,,
JQ금악61,2025-04-10,169.84,,,,,,,
JQ금악61,2025-04-11,169.82,,,,,,,
JQ금악61,2025-04-12,169.84,,,,,,,
JQ금악61,2025-04-13,169.88,,,,,,,
JQ금악61,2025-04-14,169.88,,,,,,,
JQ금악61,2025-04-15,169.88,,,,,,,
JQ금악61,2025-04-16,169.87,,,,,,,
JQ금악61,2025-04-17,169.88,,,,,,,
JQ금악61,2025-04-18,169.87,,,,,,,
JQ금악61,2025-04-19,169.87,,,,,,,
JQ금악61,2025-04-20,169.87,,,,,,,
JQ금악61,2025-04-21,169.86,,,,,,,
JQ금악61,2025-04-22,169.87,,,,,,,
JQ금악61,2025-04-23,169.88,,,,,,,
JQ금악61,2025-04-24,169.88,,,,,,,
JQ금악61,2025-04-25,169.87,,,,,,,
JQ금악61,2025-04-26,169.87,,,,,,,
JQ금악61,2025-04-27,169.87,,,,,,,
JQ금악61,2025-04-28,169.87,,,,,,,
JQ금악61,2025-04-29,169.86,,,,,,,
JQ금악61,2025-04-30,169.85,,,,,,,
JQ금악61,2025-05-01,169.86,,,,,,,
JQ금악61,2025-05-02,169.88,,,,,,,
JQ금악61,2025-05-03,169.87,,,,,,,
JQ금악61,2025-05-04,169.87,,,,,,,
JQ금악61,2025-05-05,169.87,,,,,,,
JQ금악61,2025-05-06,169.87,,,,,,,
JQ금악61,2025-05-07,169.87,,,,,,,
JQ금악61,2025-05-08,169.87,,,,,,,
JQ금악61,2025-05-09,169.88,,,,,,,
JQ금악61,2025-05-10,169.88,,,,,,,
JQ금악61,2025-05-11,169.88,,,,,,,
JQ금악61,2025-05-12,169.88,,,,,,,
JQ금악61,2025-05-13,169.88,,,,,,,
JQ금악61,2025-05-14,169.88,,,,,,,
JQ금악61,2025-05-15,169.88,,,,,,,
JQ금악61,2025-05-16,169.88,,,,,,,
JQ금악61,2025-05-17,169.88,,,,,,,
JQ금악61,2025-05-18,169.94,,,,,,,
JQ금악61,2025-05-19,169.87,,,,,,,
JQ금악61,2025-05-20,169.88,,,,,,,
JQ금악61,2025-05-21,169.87,,,,,,,
JQ금악61,2025-05-22,169.88,,,,,,,
JQ금악61,2025-05-23,169.88,,,,,,,
JQ금악61,2025-05-24,169.88,,,,,,,
JQ금악61,2025-05-25,169.88,,,,,,,
JQ금악61,2025-05-26,169.85,,,,,,,
JQ금악61,2025-05-27,169.81,,,,,,,
JQ금악61,2025-05-28,169.87,,,,,,,
JQ금악61,2025-05-29,169.86,,,,,,,
JQ금악61,2025-05-30,169.83,,,,,,,
JQ금악61,2025-05-31,169.81,,,,,,,
JQ금악61,2025-06-01,169.79,,,,,,,
JQ금악61,2025-06-02,169.79,,,,,,,
JQ금악61,2025-06-03,169.81,,,,,,,
JQ금악61,2025-06-04,169.77,,,,,,,
JQ금악61,2025-06-05,169.77,,,,,,,
JQ금악61,2025-06-06,169.77,,,,,,,
JQ금악61,2025-06-07,169.77,,,,,,,
JQ금악61,2025-06-08,169.76,,,,,,,
JQ금악61,2025-06-09,169.76,,,,,,,
JQ금악61,2025-06-10,169.76,,,,,,,
JQ금악61,2025-06-11,169.76,,,,,,,
JQ금악61,2025-06-12,169.75,,,,,,,
JQ금악61,2025-06-13,169.75,,,,,,,
JQ금악61,2025-06-14,169.86,,,,,,,
JQ금악61,2025-06-15,169.88,,,,,,,
JQ금악61,2025-06-16,169.93,,,,,,,
JQ금악61,2025-06-17,170.03,,,,,,,
JQ금악61,2025-06-18,170.09,,,,,,,
JQ금악61,2025-06-19,170.1,,,,,,,
JQ금악61,2025-06-20,169.96,,,,,,,
JQ금악61,2025-06-21,169.83,,,,,,,
JQ금악61,2025-06-22,169.82,,,,,,,
JQ금악61,2025-06-23,169.83,,,,,,,
JQ금악61,2025-06-24,169.83,,,,,,,
JQ금악61,2025-06-25,169.81,,,,,,,
JQ금악61,2025-06-26,169.77,,,,,,,
JQ금악61,2025-06-27,169.78,,,,,,,
JQ금악61,2025-06-28,169.75,,,,,,,
JQ금악61,2025-06-29,169.75,,,,,,,
JQ금악61,2025-06-30,169.75,,,,,,,
JQ금악61,2025-07-01,169.73,,,,,,,
JQ금악61,2025-07-02,169.71,,,,,,,
JQ금악61,2025-07-03,169.69,,,,,,,
JQ금악61,2025-07-04,169.67,,,,,,,
JQ금악61,2025-07-05,169.65,,,,,,,
JQ금악61,2025-07-06,169.62,,,,,,,
JQ금악61,2025-07-07,169.61,,,,,,,
JQ금악61,2025-07-08,169.58,,,,,,,
JQ금악61,2025-07-09,169.56,,,,,,,
JQ금악61,2025-07-10,169.54,,,,,,,
JQ금악61,2025-07-11,169.51,,,,,,,
JQ금악61,2025-07-12,169.49,,,,,,,
JQ금악61,2025-07-13,169.47,,,,,,,
JQ금악61,2025-07-14,169.45,,,,,,,
JQ금악61,2025-07-15,169.43,,,,,,,
JQ금악61,2025-07-16,169.41,,,,,,,
JQ금악61,2025-07-17,169.39,,,,,,,
JQ금악61,2025-07-18,169.37,,,,,,,
JQ금악61,2025-07-19,169.86,,,,,,,
JQ금악61,2025-07-20,170.06,,,,,,,
JQ금악61,2025-07-21,170.27,,,,,,,
JQ금악61,2025-07-22,170.33,,,,,,,
JQ금악61,2025-07-23,170.41,,,,,,,
JQ금악61,2025-07-24,170.47,,,,,,,
JQ금악61,2025-07-25,170.44,,,,,,,
JQ금악61,2025-07-26,170.47,,,,,,,
JQ금악61,2025-07-27,170.47,,,,,,,
JQ금악61,2025-07-28,170.54,,,,,,,
JQ금악61,2025-07-29,170.56,,,,,,,
JQ금악61,2025-07-30,170.46,,,,,,,
JQ금악61,2025-07-31,170.34,,,,,,,
JQ금악61,2025-08-01,170.1,,,,,,,
JQ금악61,2025-08-02,169.87,,,,,,,
JQ금악61,2025-08-03,169.88,,,,,,,
JQ금악61,2025-08-04,169.88,,,,,,,
JQ금악61,2025-08-05,170.03,,,,,,,
JQ금악61,2025-08-06,170.37,,,,,,,
JQ금악61,2025-08-07,170.34,,,,,,,
JQ금악61,2025-08-08,170.22,,,,,,,
JQ금악61,2025-08-09,170.15,,,,,,,
JQ금악61,2025-08-10,170.15,,,,,,,
JQ금악61,2025-08-11,170.17,,,,,,,
JQ금악61,2025-08-12,170.28,,,,,,,
JQ금악61,2025-08-13,170.2,,,,,,,
JQ금악61,2025-08-14,170.08,,,,,,,
JQ금악61,2025-08-15,170.02,,,,,,,
JQ금악61,2025-08-16,169.98,,,,,,,
JQ금악61,2025-08-17,169.95,,,,,,,
JQ금악61,2025-08-18,169.93,,,,,,,
JQ금악61,2025-08-19,169.87,,,,,,,
JQ금악61,2025-08-20,169.87,,,,,,,
JQ금악61,2025-08-21,169.87,,,,,,,
JQ금악61,2025-08-22,169.87,,,,,,,
JQ금악61,2025-08-23,169.88,,,,,,,
JQ금악61,2025-08-24,169.88,,,,,,,
JQ금악61,2025-08-25,169.87,,,,,,,
JQ금악61,2025-08-26,169.82,,,,,,,
JQ금악61,2025-08-27,169.76,,,,,,,
JQ금악61,2025-08-28,169.77,,,,,,,
JQ금악61,2025-08-29,169.77,,,,,,,
JQ금악61,2025-08-30,169.76,,,,,,,
JQ금악61,2025-08-31,169.78,,,,,,,
JQ금악61,2025-09-01,169.87,,,,,,,
JQ금악61,2025-09-02,169.87,,,,,,,
JQ금악61,2025-09-03,169.88,,,,,,,
JQ금악61,2025-09-04,169.97,,,,,,,
JQ금악61,2025-09-05,169.93,,,,,,,
JQ금악61,2025-09-06,169.88,,,,,,,
JQ금악61,2025-09-07,169.87,,,,,,,
JQ금악61,2025-09-08,169.87,,,,,,,
JQ금악61,2025-09-09,169.87,,,,,,,
JQ금악61,2025-09-10,169.87,,,,,,,
JQ금악61,2025-09-11,169.87,,,,,,,
JQ금악61,2025-09-12,169.88,,,,,,,
JQ금악61,2025-09-13,169.88,,,,,,,
JQ금악61,2025-09-14,169.88,,,,,,,
JQ금악61,2025-09-15,170.4,,,,,,,
JQ금악61,2025-09-16,170.34,,,,,,,
JQ금악61,2025-09-17,170.19,,,,,,,
JQ금악61,2025-09-18,170.17,,,,,,,
JQ금악61,2025-09-19,170.07,,,,,,,
JQ금악61,2025-09-20,169.94,,,,,,,
JQ금악61,2025-09-21,169.88,,,,,,,
JQ금악61,2025-09-22,169.87,,,,,,,
JQ금악61,2025-09-23,169.87,,,,,,,
JQ금악61,2025-09-24,169.87,,,,,,,
JQ금악61,2025-09-25,169.87,,,,,,,
JQ금악61,2025-09-26,169.87,,,,,,,
JQ금악61,2025-09-27,169.88,,,,,,,
JQ금악61,2025-09-28,170.01,,,,,,,
JQ금악61,2025-09-29,170.1,,,,,,,
JQ금악61,2025-09-30,170.02,,,,,,,
JQ금악61,2025-10-01,169.92,,,,,,,
JQ금악61,2025-10-02,169.87,,,,,,,
JQ금악61,2025-10-03,169.91,,,,,,,
JQ금악61,2025-10-04,170.04,,,,,,,
JQ금악61,2025-10-05,170.0,,,,,,,
JQ금악61,2025-10-06,169.97,,,,,,,
JQ금악61,2025-10-07,169.93,,,,,,,
JQ금악61,2025-10-08,169.88,,,,,,,
JQ금악61,2025-10-09,169.87,,,,,,,
JQ금악61,2025-10-10,169.87,,,,,,,
JQ금악61,2025-10-11,169.86,,,,,,,
JQ금악61,2025-10-12,169.87,,,,,,,
JQ금악61,2025-10-13,169.87,,,,,,,
JQ금악61,2025-10-14,169.87,,,,,,,
JQ금악61,2025-10-15,169.87,,,,,,,
JQ금악61,2025-10-16,169.87,,,,,,,
JQ금악61,2025-10-17,169.87,,,,,,,
JQ금악61,2025-10-18,169.87,,,,,,,
JQ금악61,2025-10-19,170.05,,,,,,,
JQ금악61,2025-10-20,170.01,,,,,,,
JQ금악61,2025-10-21,169.87,,,,,,,
JQ금악61,2025-10-22,169.87,,,,,,,
JQ금악61,2025-10-23,169.87,,,,,,,
JQ금악61,2025-10-24,169.9,,,,,,,
JQ금악61,2025-10-25,170.02,,,,,,,
JQ금악61,2025-10-26,170.03,,,,,,,
JQ금악61,2025-10-27,170.02,,,,,,,
JQ금악61,2025-10-28,169.99,,,,,,,
JQ금악61,2025-10-29,169.96,,,,,,,
JQ금악61,2025-10-30,169.99,,,,,,,
JQ금악61,2025-10-31,169.97,,,,,,,
JQ금악61,2025-11-01,169.95,,,,,,,
JQ금악61,2025-11-02,169.92,,,,,,,
JQ금악61,2025-11-03,169.89,,,,,,,
JQ금악61,2025-11-04,169.95,,,,,,,
JQ금악61,2025-11-05,169.97,,,,,,,
JQ금악61,2025-11-06,169.99,,,,,,,
JQ금악61,2025-11-07,169.95,,,,,,,
JQ금악61,2025-11-08,169.94,,,,,,,
JQ금악61,2025-11-09,169.92,,,,,,,
JQ금악61,2025-11-10,169.88,,,,,,,
JQ금악61,2025-11-11,169.87,,,,,,,
JQ금악61,2025-11-12,169.9,,,,,,,
JQ금악61,2025-11-13,169.93,,,,,,,
JQ금악61,2025-11-14,169.97,,,,,,,
JQ금악61,2025-11-15,170.01,,,,,,,
JQ금악61,2025-11-16,170.26,,,,,,,
JQ금악61,2025-11-17,170.25,,,,,,,
JQ금악61,2025-11-18,170.2,,,,,,,
JQ금악61,2025-11-19,170.16,,,,,,,
JQ금악61,2025-11-20,170.11,,,,,,,
JQ금악61,2025-11-21,170.17,,,,,,,
JQ금악61,2025-11-22,170.15,,,,,,,
JQ금악61,2025-11-23,170.15,,,,,,,
JQ금악61,2025-11-24,170.12,,,,,,,
JQ금악61,2025-11-25,170.08,,,,,,,
JQ금악61,2025-11-26,170.05,,,,,,,
JQ금악61,2025-11-27,170.15,,,,,,,
JQ금악61,2025-11-28,170.18,,,,,,,
JQ금악61,2025-11-29,170.18,,,,,,,
JQ금악61,2025-11-30,170.15,,,,,,,
JQ금악61,2025-12-01,170.15,,,,,,,
JQ금악61,2025-12-02,170.14,,,,,,,
JQ금악61,2025-12-03,170.13,,,,,,,
JQ금악61,2025-12-04,170.1,,,,,,,
JQ금악61,2025-12-05,170.09,,,,,,,
JQ금악61,2025-12-06,170.1,,,,,,,
JQ금악61,2025-12-07,170.08,,,,,,,
JQ금악61,2025-12-08,170.02,,,,,,,
JQ금악61,2025-12-09,170.0,,,,,,,
JQ금악61,2025-12-10,170.02,,,,,,,
JQ금악61,2025-12-11,170.01,,,,,,,
JQ금악61,2025-12-12,169.96,,,,,,,
JQ금악61,2025-12-13,169.98,,,,,,,
JQ금악61,2025-12-14,169.92,,,,,,,
JQ금악61,2025-12-15,169.89,,,,,,,
JQ금악61,2025-12-16,169.94,,,,,,,
JQ금악61,2025-12-17,170.25,,,,,,,
JQ금악61,2025-12-18,170.31,,,,,,,
JQ금악61,2025-12-19,170.34,,,,,,,
JQ금악61,2025-12-20,170.37,,,,,,,
JQ금악61,2025-12-21,170.39,,,,,,,
JQ금악61,2025-12-22,170.4,,,,,,,
JQ금악61,2025-12-23,170.4,,,,,,,
JQ금악61,2025-12-24,170.36,,,,,,,
JQ금악61,2025-12-25,170.27,,,,,,,
JQ금악61,2025-12-26,170.08,,,,,,,
JQ금악61,2025-12-27,169.92,,,,,,,
JQ금악61,2025-12-28,169.89,,,,,,,
JQ금악61,2025-12-29,169.89,,,,,,,
JQ금악61,2025-12-30,169.89,,,,,,,
JQ금악61,2025-12-31,169.89,,,,,,,
JQ금악61,2026-01-01,169.89,S11,46.11,3.2,17.37,139.0,1005.58,13.03
JQ금악61,2026-01-02,169.89,S11,46.11,3.2,17.37,139.0,1005.75,12.97
JQ금악61,2026-01-03,169.89,S11,46.11,3.2,17.38,139.0,1008.38,12.98
JQ금악61,2026-01-04,169.89,S11,46.11,3.2,17.39,138.0,1006.08,13.0
JQ금악61,2026-01-05,169.89,S11,46.11,3.2,17.4,138.0,1003.21,13.03
JQ금악61,2026-01-06,169.89,S11,46.11,3.2,17.41,138.0,1004.33,13.1
JQ금악61,2026-01-07,169.89,S11,46.11,3.2,17.43,138.0,1003.21,13.0
JQ금악61,2026-01-08,169.89,S11,46.11,3.2,17.44,138.0,1007.04,12.98
JQ금악61,2026-01-09,169.89,S11,46.11,3.2,17.44,137.0,1004.58,13.08
JQ금악61,2026-01-10,169.9,S11,46.1,3.21,17.45,137.0,999.71,13.08
JQ금악61,2026-01-11,169.89,S11,46.11,3.2,17.45,137.0,1005.33,12.96
JQ금악61,2026-01-12,169.89,S11,46.11,3.2,17.46,138.0,1002.04,13.04
JQ금악61,2026-01-13,169.89,S11,46.11,3.2,17.47,138.0,999.5,13.13
JQ금악61,2026-01-14,169.89,S11,46.11,3.2,17.48,138.0,1003.13,13.13
JQ금악61,2026-01-15,169.89,S11,46.11,3.2,17.48,137.0,998.67,13.04
JQ금악61,2026-01-16,169.9,S11,46.1,3.21,17.49,136.0,999.54,13.11
JQ금악61,2026-01-17,169.89,S11,46.11,3.2,17.49,136.0,1000.75,13.12
JQ금악61,2026-01-18,169.89,S11,46.11,3.2,17.5,135.0,1000.58,13.12
JQ금악61,2026-01-19,169.89,S11,46.11,3.2,17.5,135.0,1002.71,13.02
JQ금악61,2026-01-20,169.9,S11,46.1,3.21,17.5,134.0,1004.92,13.03
JQ금악61,2026-01-21,169.89,S11,46.11,3.2,17.5,133.0,1006.83,12.99
JQ금악61,2026-01-22,169.89,S11,46.11,3.2,17.5,133.0,1008.46,12.97
JQ금악61,2026-01-23,169.89,S11,46.11,3.2,17.51,133.0,1008.13,13.05
JQ금악61,2026-01-24,169.9,S11,46.1,3.21,17.51,132.0,1006.92,13.12
JQ금악61,2026-01-25,169.9,S11,46.1,3.21,17.51,131.0,1009.88,13.09
JQ금악61,2026-01-26,169.89,S11,46.11,3.2,17.51,130.0,1006.83,13.03
JQ금악61,2026-01-27,169.89,S11,46.11,3.2,17.52,130.0,1006.0,12.98
JQ금악61,2026-01-28,169.89,S11,46.11,3.2,17.53,130.0,1008.58,13.08
JQ금악61,2026-01-29,169.89,S11,46.11,3.2,17.54,129.0,1010.67,13.08
JQ금악61,2026-01-30,169.89,S11,46.11,3.2,17.54,129.0,1010.5,13.08
JQ금악61,2026-01-31,169.89,S11,46.11,3.2,17.55,128.0,1008.38,13.1
JQ금악61,2026-02-01,169.89,S11,46.11,3.2,17.55,128.0,1008.13,13.06
JQ금악61,2026-02-02,170.02,S11,45.98,3.33,17.55,127.0,1008.5,13.02
JQ금악61,2026-02-03,170.3,S11,45.7,3.61,17.56,128.0,1010.67,13.11
JQ금악61,2026-02-04,170.39,S11,45.61,3.7,17.56,129.0,1004.42,13.12
JQ금악61,2026-02-05,170.43,S11,45.58,3.74,17.56,133.0,1000.08,13.12
JQ금악61,2026-02-06,170.45,S11,45.55,3.76,17.56,135.0,1002.63,13.06
JQ금악61,2026-02-07,170.51,S11,45.49,3.82,17.53,137.0,1004.92,12.93
JQ금악61,2026-02-08,170.51,S11,45.49,3.82,17.5,139.0,1009.0,12.98
JQ금악61,2026-02-09,170.48,S11,45.52,3.79,17.46,138.0,1009.5,13.08
JQ금악61,2026-02-10,170.49,S11,45.51,3.8,17.43,138.0,1002.5,12.89
JQ금악61,2026-02-11,170.55,S11,45.45,3.86,17.4,139.0,1003.29,13.03
JQ금악61,2026-02-12,170.62,S11,45.38,3.93,17.37,142.0,1004.54,13.14
JQ금악61,2026-02-13,170.61,S11,45.39,3.92,17.33,144.0,1001.92,13.15
JQ금악61,2026-02-14,170.61,S11,45.39,3.92,17.3,145.0,998.08,13.04
JQ금악61,2026-02-15,170.56,S11,45.44,3.87,17.27,146.0,1000.71,13.12
JQ금악61,2026-02-16,170.46,S11,45.54,3.77,17.24,143.0,1003.5,13.07
JQ금악61,2026-02-17,170.33,S11,45.67,3.64,17.2,139.0,1004.08,13.12
JQ금악61,2026-02-18,170.23,S11,45.77,3.54,17.18,134.0,1005.0,13.14
JQ금악61,2026-02-19,170.07,S11,45.93,3.38,17.16,132.0,1005.67,13.11
JQ금악61,2026-02-20,169.95,S11,46.05,3.26,17.15,132.0,1001.29,13.15
JQ금악61,2026-02-21,169.89,S11,46.11,3.2,17.13,131.0,996.33,13.16
JQ금악61,2026-02-22,169.89,S11,46.11,3.2,17.12,131.0,994.92,13.14
JQ금악61,2026-02-23,169.89,S11,46.11,3.2,17.1,131.0,1004.63,13.15
JQ금악61,2026-02-24,169.89,S11,46.11,3.2,17.1,131.0,999.0,12.88
JQ금악61,2026-02-25,169.89,S11,46.11,3.2,17.11,131.0,1000.71,13.08
JQ금악61,2026-02-26,169.89,S11,46.11,3.2,17.11,131.0,998.42,13.15
JQ금악61,2026-02-27,169.89,S11,46.11,3.2,17.13,132.0,994.79,13.02
JQ금악61,2026-02-28,169.89,S11,46.11,3.2,17.14,132.0,1000.63,13.15
JQ금악61,2026-03-01,169.89,S11,46.11,3.2,17.15,132.0,1000.25,13.1
JQ금악61,2026-03-02,169.89,S11,46.11,3.2,17.17,132.0,992.33,13.08
JQ금악61,2026-03-03,169.89,S11,46.11,3.2,17.18,132.0,1000.54,12.92
JQ금악61,2026-03-04,169.89,S11,46.11,3.2,17.19,132.0,1004.92,13.12
JQ금악61,2026-03-05,169.89,S11,46.11,3.2,17.2,131.0,1003.5,13.15
JQ금악61,2026-03-06,169.89,S11,46.11,3.2,17.21,132.0,1003.46,13.1
JQ금악61,2026-03-07,169.89,S11,46.11,3.2,17.21,131.0,1008.29,13.12
JQ금악61,2026-03-08,169.9,S11,46.1,3.21,17.22,131.0,1008.29,13.17
JQ금악61,2026-03-09,169.89,S11,46.11,3.2,17.23,131.0,1008.63,13.14
JQ금악61,2026-03-10,169.89,S11,46.11,3.2,17.24,132.0,1008.13,13.15
JQ금악61,2026-03-11,169.9,S11,46.1,3.21,17.25,132.0,1005.75,13.15
JQ금악61,2026-03-12,169.9,S11,46.1,3.21,17.25,131.0,1006.17,13.14
JQ금악61,2026-03-13,169.9,S11,46.1,3.21,17.26,131.0,1008.83,13.16
JQ금악61,2026-03-14,169.89,S11,46.11,3.2,17.28,132.0,1009.54,13.16
JQ금악61,2026-03-15,169.88,S11,46.12,3.19,17.3,133.0,1007.21,13.15
JQ금악61,2026-03-16,169.87,S11,46.13,3.18,17.32,134.0,1004.46,13.15
JQ금악61,2026-03-17,169.87,S11,46.13,3.18,17.33,136.0,1002.0,13.13
JQ금악61,2026-03-18,169.89,S11,46.11,3.2,17.34,137.0,996.13,12.72
JQ금악61,2026-03-19,169.9,S11,46.1,3.21,17.32,135.0,999.5,13.11
JQ금악61,2026-03-20,169.89,S11,46.11,3.2,17.32,132.0,1002.5,13.19
JQ금악61,2026-03-21,169.9,S11,46.1,3.21,17.31,130.0,1004.67,13.18
JQ금악61,2026-03-22,169.89,S11,46.11,3.2,17.31,129.0,1000.71,13.19
JQ금악61,2026-03-23,169.89,S11,46.11,3.2,17.31,129.0,1000.33,13.17
JQ금악61,2026-03-24,169.9,S11,46.1,3.21,17.32,129.0,998.08,13.11
JQ금악61,2026-03-25,169.9,S11,46.1,3.21,17.32,130.0,995.5,13.09
JQ금악61,2026-03-26,169.89,S11,46.11,3.2,17.32,130.0,997.71,13.2
JQ금악61,2026-03-27,169.9,S11,46.1,3.21,17.33,130.0,997.42,13.18
JQ금악61,2026-03-28,169.9,S11,46.1,3.21,17.31,129.0,998.0,13.18
JQ금악61,2026-03-29,169.9,S11,46.1,3.21,17.29,130.0,997.54,13.19
JQ금악61,2026-03-30,169.9,S11,46.1,3.21,17.32,130.0,991.92,13.14
JQ금악61,2026-03-31,169.9,S11,46.1,3.21,17.3,130.0,991.46,13.1
JQ금악61,2026-04-01,169.9,S11,46.11,3.21,17.28,129.0,995.04,13.1
JQ금악61,2026-04-02,169.9,S11,46.1,3.21,17.26,128.0,999.17,13.17
JQ금악61,2026-04-03,169.9,S11,46.1,3.21,17.25,128.0,995.54,13.15
JQ금악61,2026-04-04,169.9,S11,46.1,3.21,17.19,130.0,983.79,13.06
JQ금악61,2026-04-05,169.9,S11,46.1,3.21,17.12,131.0,992.04,13.17
JQ금악61,2026-04-06,169.9,S11,46.1,3.21,17.08,131.0,991.88,13.13
JQ금악61,2026-04-07,169.9,S11,46.1,3.21,17.04,130.0,997.38,13.14
JQ금악61,2026-04-08,169.9,S11,46.1,3.21,17.01,129.0,1000.75,13.17
JQ금악61,2026-04-09,169.92,S11,46.08,3.23,16.98,130.0,988.88,12.92
JQ금악61,2026-04-10,170.22,S11,45.78,3.53,16.96,136.0,988.13,13.15
JQ금악61,2026-04-11,170.06,S11,45.94,3.37,16.94,136.0,995.58,13.19
JQ금악61,2026-04-12,169.92,S11,46.08,3.23,16.88,133.0,996.58,13.16
JQ금악61,2026-04-13,169.9,S11,46.1,3.21,16.81,131.0,995.46,13.13
JQ금악61,2026-04-14,169.9,S11,46.1,3.21,16.75,130.0,993.33,12.98
JQ금악61,2026-04-15,169.9,S11,46.1,3.21,16.69,130.0,994.25,13.18
JQ금악61,2026-04-16,169.9,S11,46.1,3.21,16.6,130.0,997.25,13.2
JQ금악61,2026-04-17,169.9,S11,46.1,3.21,16.54,130.0,994.67,13.08
JQ금악61,2026-04-18,169.9,S11,46.1,3.21,16.45,131.0,993.46,13.18
JQ금악61,2026-04-19,169.9,S11,46.1,3.21,16.41,132.0,993.67,13.19
JQ금악61,2026-04-20,169.9,S11,46.1,3.21,16.38,132.0,995.54,13.06
JQ금악61,2026-04-21,169.9,S11,46.1,3.21,16.36,133.0,1000.21,13.17
JQ금악61,2026-04-22,169.9,S11,46.11,3.21,16.36,134.0,993.71,13.08
JQ금악61,2026-04-23,169.89,S11,46.11,3.2,16.34,135.0,990.0,13.15
JQ금악61,2026-04-24,169.89,S11,46.11,3.2,16.31,134.0,996.79,13.2
JQ금악61,2026-04-25,169.89,S11,46.11,3.2,16.29,133.0,999.71,13.2
JQ금악61,2026-04-26,169.89,S11,46.11,3.2,16.28,133.0,995.71,13.21
JQ금악61,2026-04-27,169.89,S11,46.11,3.2,16.27,133.0,995.21,13.19
JQ금악61,2026-04-28,169.89,S11,46.11,3.2,16.27,133.0,997.29,13.14
JQ금악61,2026-04-29,169.89,S11,46.11,3.2,16.25,134.0,1000.5,13.2
JQ금악61,2026-04-30,169.89,S11,46.11,3.2,16.24,134.0,997.08,13.18
JQ금악61,2026-05-01,169.9,S11,46.1,3.21,16.24,134.0,995.63,13.19
JQ금악61,2026-05-02,169.89,S11,46.11,3.2,16.23,135.0,994.96,13.2
JQ금악61,2026-05-03,169.89,S11,46.11,3.2,16.23,136.0,987.83,12.95
JQ금악61,2026-05-04,169.89,S11,46.11,3.2,16.21,135.0,998.08,13.21
JQ금악61,2026-05-05,169.89,S11,46.11,3.2,16.2,133.0,1000.46,13.18
JQ금악61,2026-05-06,169.89,S11,46.11,3.2,16.19,132.0,998.71,13.18
JQ금악61,2026-05-07,169.9,S11,46.1,3.21,16.18,132.0,995.46,13.23
JQ금악61,2026-05-08,169.9,S11,46.1,3.21,16.17,132.0,998.96,13.2
JQ금악61,2026-05-09,169.89,S11,46.11,3.2,16.17,132.0,1001.71,13.18
JQ금악61,2026-05-10,169.9,S11,46.1,3.21,16.16,132.0,1000.25,13.2
JQ금악61,2026-05-11,169.9,S11,46.1,3.21,16.16,132.0,996.92,13.2
JQ금악61,2026-05-12,169.9,S11,46.1,3.21,16.15,132.0,992.46,13.19
JQ금악61,2026-05-13,169.9,S11,46.1,3.21,16.14,133.0,992.08,13.22
JQ금악61,2026-05-14,169.9,S11,46.11,3.21,16.14,133.0,995.71,13.2
JQ금악61,2026-05-15,169.9,S11,46.1,3.21,16.14,133.0,1001.5,13.2
JQ금악61,2026-05-16,169.9,S11,46.1,3.21,16.14,133.0,1003.75,13.2
JQ금악61,2026-05-17,169.89,S11,46.11,3.2,16.14,133.0,1002.13,13.2
JQ금악61,2026-05-18,169.89,S11,46.11,3.2,16.13,133.0,999.04,13.2
JQ금악61,2026-05-19,169.89,S11,46.11,3.2,16.13,134.0,995.13,13.23
JQ금악61,2026-05-20,169.89,S11,46.11,3.2,16.14,135.0,989.46,13.13
JQ금악61,2026-05-21,169.89,S11,46.11,3.2,16.14,137.0,989.71,13.17
JQ금악61,2026-05-22,169.89,S11,46.11,3.2,16.13,136.0,992.79,13.21
JQ금악61,2026-05-23,169.89,S11,46.11,3.2,16.15,137.0,992.83,13.24
JQ금악61,2026-05-24,169.85,S11,46.15,3.16,16.17,139.0,994.58,13.21
JQ금악61,2026-05-25,169.85,S11,46.15,3.16,16.19,142.0,991.33,13.25
JQ금악61,2026-05-26,169.86,S11,46.14,3.17,16.21,146.0,985.5,13.22
JQ금악61,2026-05-27,169.89,S11,46.11,3.2,16.18,148.0,985.04,13.19
JQ금악61,2026-05-28,169.89,S11,46.11,3.2,16.16,142.0,988.83,13.1
JQ금악61,2026-05-29,169.9,S11,46.1,3.21,16.15,138.0,992.29,13.21
JQ금악61,2026-05-30,169.9,S11,46.1,3.21,16.16,135.0,994.67,13.15
JQ금악61,2026-05-31,169.9,S11,46.1,3.21,16.15,135.0,995.79,13.17
JQ금악61,2026-06-01,169.9,S11,46.1,3.21,16.16,135.0,995.29,13.07
JQ금악61,2026-06-02,169.9,S11,46.1,3.21,16.16,136.0,987.71,13.11
JQ금악61,2026-06-03,169.9,S11,46.11,3.21,16.15,136.0,987.29,13.2
JQ금악61,2026-06-04,169.89,S11,46.11,3.2,16.15,136.0,985.04,13.17
JQ금악61,2026-06-05,169.9,S11,46.1,3.21,16.15,136.0,990.96,13.2
JQ금악61,2026-06-06,169.89,S11,46.11,3.2,16.16,136.0,993.25,13.22
JQ금악61,2026-06-07,169.9,S11,46.1,3.21,16.16,136.0,989.71,13.19
JQ금악61,2026-06-08,169.9,S11,46.1,3.21,16.16,137.0,990.75,13.2
JQ금악61,2026-06-09,169.9,S11,46.1,3.21,16.16,137.0,990.54,13.23
JQ금악61,2026-06-10,169.9,S11,46.1,3.21,16.16,136.0,993.0,13.22
