관측소명,날짜,EL,센서,GL,Pressure,Temp,EC,Barometa,Battery
JQ덕수1,2005-01-01,11.85,,,,,,,
JQ덕수1,2005-01-02,11.83,,,,,,,
JQ덕수1,2005-01-03,11.81,,,,,,,
JQ덕수1,2005-01-04,11.78,,,,,,,
JQ덕수1,2005-01-05,11.76,,,,,,,
JQ덕수1,2005-01-06,11.73,,,,,,,
JQ덕수1,2005-01-07,11.71,,,,,,,
JQ덕수1,2005-01-08,11.68,,,,,,,
JQ덕수1,2005-01-09,11.65,,,,,,,
JQ덕수1,2005-01-10,11.63,,,,,,,
JQ덕수1,2005-01-11,11.6,,,,,,,
JQ덕수1,2005-01-12,11.57,,,,,,,
JQ덕수1,2005-01-13,11.55,,,,,,,
JQ덕수1,2005-01-14,11.52,,,,,,,
JQ덕수1,2005-01-15,11.51,,,,,,,
JQ덕수1,2005-01-16,11.49,,,,,,,
JQ덕수1,2005-01-17,11.46,,,,,,,
JQ덕수1,2005-01-18,11.44,,,,,,,
JQ덕수1,2005-01-19,11.42,,,,,,,
JQ덕수1,2005-01-20,11.39,,,,,,,
JQ덕수1,2005-01-21,11.36,,,,,,,
JQ덕수1,2005-01-22,11.34,,,,,,,
JQ덕수1,2005-01-23,11.32,,,,,,,
JQ덕수1,2005-01-24,11.31,,,,,,,
JQ덕수1,2005-01-25,11.3,,,,,,,
JQ덕수1,2005-01-26,11.28,,,,,,,
JQ덕수1,2005-01-27,11.27,,,,,,,
JQ덕수1,2005-01-28,11.27,,,,,,,
JQ덕수1,2005-01-29,11.25,,,,,,,
JQ덕수1,2005-01-30,11.23,,,,,,,
JQ덕수1,2005-01-31,11.23,,,,,,,
JQ덕수1,2005-02-01,11.21,,,,,,,
JQ덕수1,2005-02-02,11.18,,,,,,,
JQ덕수1,2005-02-03,11.16,,,,,,,
JQ덕수1,2005-02-04,11.14,,,,,,,
JQ덕수1,2005-02-05,11.12,,,,,,,
JQ덕수1,2005-02-06,11.1,,,,,,,
JQ덕수1,2005-02-07,11.08,,,,,,,
JQ덕수1,2005-02-08,11.05,,,,,,,
JQ덕수1,2005-02-09,11.03,,,,,,,
JQ덕수1,2005-02-10,11.0,,,,,,,
JQ덕수1,2005-02-11,10.98,,,,,,,
JQ덕수1,2005-02-12,10.95,,,,,,,
JQ덕수1,2005-02-13,10.93,,,,,,,
JQ덕수1,2005-02-14,10.92,,,,,,,
JQ덕수1,2005-02-15,10.92,,,,,,,
JQ덕수1,2005-02-16,10.91,,,,,,,
JQ덕수1,2005-02-17,10.9,,,,,,,
JQ덕수1,2005-02-18,10.89,,,,,,,
JQ덕수1,2005-02-19,10.87,,,,,,,
JQ덕수1,2005-02-20,10.86,,,,,,,
JQ덕수1,2005-02-21,10.84,,,,,,,
JQ덕수1,2005-02-22,10.83,,,,,,,
JQ덕수1,2005-02-23,10.82,,,,,,,
JQ덕수1,2005-02-24,10.81,,,,,,,
JQ덕수1,2005-02-25,10.8,,,,,,,
JQ덕수1,2005-02-26,10.77,,,,,,,
JQ덕수1,2005-02-27,10.76,,,,,,,
JQ덕수1,2005-02-28,10.74,,,,,,,
JQ덕수1,2005-03-01,10.72,,,,,,,
JQ덕수1,2005-03-02,10.7,,,,,,,
JQ덕수1,2005-03-03,10.68,,,,,,,
JQ덕수1,2005-03-04,10.67,,,,,,,
JQ덕수1,2005-03-05,10.65,,,,,,,
JQ덕수1,2005-03-06,10.63,,,,,,,
JQ덕수1,2005-03-07,10.61,,,,,,,
JQ덕수1,2005-03-08,10.59,,,,,,,
JQ덕수1,2005-03-09,10.58,,,,,,,
JQ덕수1,2005-03-10,10.57,,,,,,,
JQ덕수1,2005-03-11,10.55,,,,,,,
JQ덕수1,2005-03-12,10.54,,,,,,,
JQ덕수1,2005-03-13,10.52,,,,,,,
JQ덕수1,2005-03-14,10.5,,,,,,,
JQ덕수1,2005-03-15,10.49,,,,,,,
JQ덕수1,2005-03-16,10.48,,,,,,,
JQ덕수1,2005-03-17,10.47,,,,,,,
JQ덕수1,2005-03-18,10.47,,,,,,,
JQ덕수1,2005-03-19,10.47,,,,,,,
JQ덕수1,2005-03-20,10.47,,,,,,,
JQ덕수1,2005-03-21,10.48,,,,,,,
JQ덕수1,2005-03-22,10.5,,,,,,,
JQ덕수1,2005-03-23,10.54,,,,,,,
JQ덕수1,2005-03-24,10.58,,,,,,,
JQ덕수1,2005-03-25,10.6,,,,,,,
JQ덕수1,2005-03-26,10.62,,,,,,,
JQ덕수1,2005-03-27,10.65,,,,,,,
JQ덕수1,2005-03-28,10.67,,,,,,,
JQ덕수1,2005-03-29,10.68,,,,,,,
JQ덕수1,2005-03-30,10.69,,,,,,,
JQ덕수1,2005-03-31,10.7,,,,,,,
JQ덕수1,2005-04-01,10.7,,,,,,,
JQ덕수1,2005-04-02,10.7,,,,,,,
JQ덕수1,2005-04-03,10.69,,,,,,,
JQ덕수1,2005-04-04,10.68,,,,,,,
JQ덕수1,2005-04-05,10.68,,,,,,,
JQ덕수1,2005-04-06,10.68,,,,,,,
JQ덕수1,2005-04-07,10.68,,,,,,,
JQ덕수1,2005-04-08,10.67,,,,,,,
JQ덕수1,2005-04-09,10.67,,,,,,,
JQ덕수1,2005-04-10,10.66,,,,,,,
JQ덕수1,2005-04-11,10.65,,,,,,,
JQ덕수1,2005-04-12,10.64,,,,,,,
JQ덕수1,2005-04-13,10.63,,,,,,,
JQ덕수1,2005-04-14,10.62,,,,,,,
JQ덕수1,2005-04-15,10.6,,,,,,,
JQ덕수1,2005-04-16,10.59,,,,,,,
JQ덕수1,2005-04-17,10.57,,,,,,,
JQ덕수1,2005-04-18,10.55,,,,,,,
JQ덕수1,2005-04-19,10.54,,,,,,,
JQ덕수1,2005-04-20,10.53,,,,,,,
JQ덕수1,2005-04-21,10.54,,,,,,,
JQ덕수1,2005-04-22,10.54,,,,,,,
JQ덕수1,2005-04-23,10.54,,,,,,,
JQ덕수1,2005-04-24,10.54,,,,,,,
JQ덕수1,2005-04-25,10.54,,,,,,,
JQ덕수1,2005-04-26,10.54,,,,,,,
JQ덕수1,2005-04-27,10.54,,,,,,,
JQ덕수1,2005-04-28,10.54,,,,,,,
JQ덕수1,2005-04-29,10.54,,,,,,,
JQ덕수1,2005-04-30,10.55,,,,,,,
JQ덕수1,2005-05-01,10.57,,,,,,,
JQ덕수1,2005-05-02,10.56,,,,,,,
JQ덕수1,2005-05-03,10.55,,,,,,,
JQ덕수1,2005-05-04,10.54,,,,,,,
JQ덕수1,2005-05-05,10.55,,,,,,,
JQ덕수1,2005-05-06,10.56,,,,,,,
JQ덕수1,2005-05-07,10.57,,,,,,,
JQ덕수1,2005-05-08,10.59,,,,,,,
JQ덕수1,2005-05-09,10.59,,,,,,,
JQ덕수1,2005-05-10,10.59,,,,,,,
JQ덕수1,2005-05-11,10.6,,,,,,,
JQ덕수1,2005-05-12,10.59,,,,,,,
JQ덕수1,2005-05-13,10.58,,,,,,,
JQ덕수1,2005-05-14,10.57,,,,,,,
JQ덕수1,2005-05-15,10.55,,,,,,,
JQ덕수1,2005-05-16,10.54,,,,,,,
JQ덕수1,2005-05-17,10.54,,,,,,,
JQ덕수1,2005-05-18,10.54,,,,,,,
JQ덕수1,2005-05-19,10.54,,,,,,,
JQ덕수1,2005-05-20,10.54,,,,,,,
JQ덕수1,2005-05-21,10.55,,,,,,,
JQ덕수1,2005-05-22,10.56,,,,,,,
JQ덕수1,2005-05-23,10.56,,,,,,,
JQ덕수1,2005-05-24,10.55,,,,,,,
JQ덕수1,2005-05-25,10.54,,,,,,,
JQ덕수1,2005-05-26,10.54,,,,,,,
JQ덕수1,2005-05-27,10.52,,,,,,,
JQ덕수1,2005-05-28,10.51,,,,,,,
JQ덕수1,2005-05-29,10.49,,,,,,,
JQ덕수1,2005-05-30,10.48,,,,,,,
JQ덕수1,2005-05-31,10.48,,,,,,,
JQ덕수1,2005-06-01,10.48,,,,,,,
JQ덕수1,2005-06-02,10.49,,,,,,,
JQ덕수1,2005-06-03,10.49,,,,,,,
JQ덕수1,2005-06-04,10.48,,,,,,,
JQ덕수1,2005-06-05,10.47,,,,,,,
JQ덕수1,2005-06-06,10.45,,,,,,,
JQ덕수1,2005-06-07,10.44,,,,,,,
JQ덕수1,2005-06-08,10.42,,,,,,,
JQ덕수1,2005-06-09,10.41,,,,,,,
JQ덕수1,2005-06-10,10.41,,,,,,,
JQ덕수1,2005-06-11,10.41,,,,,,,
JQ덕수1,2005-06-12,10.41,,,,,,,
JQ덕수1,2005-06-13,10.4,,,,,,,
JQ덕수1,2005-06-14,10.4,,,,,,,
JQ덕수1,2005-06-15,10.39,,,,,,,
JQ덕수1,2005-06-16,10.37,,,,,,,
JQ덕수1,2005-06-17,10.36,,,,,,,
JQ덕수1,2005-06-18,10.34,,,,,,,
JQ덕수1,2005-06-19,10.33,,,,,,,
JQ덕수1,2005-06-20,10.32,,,,,,,
JQ덕수1,2005-06-21,10.3,,,,,,,
JQ덕수1,2005-06-22,10.29,,,,,,,
JQ덕수1,2005-06-23,10.28,,,,,,,
JQ덕수1,2005-06-24,10.26,,,,,,,
JQ덕수1,2005-06-25,10.24,,,,,,,
JQ덕수1,2005-06-26,10.23,,,,,,,
JQ덕수1,2005-06-27,10.22,,,,,,,
JQ덕수1,2005-06-28,10.2,,,,,,,
JQ덕수1,2005-06-29,10.18,,,,,,,
JQ덕수1,2005-06-30,10.16,,,,,,,
JQ덕수1,2005-07-01,10.14,,,,,,,
JQ덕수1,2005-07-02,10.12,,,,,,,
JQ덕수1,2005-07-03,10.11,,,,,,,
JQ덕수1,2005-07-04,10.09,,,,,,,
JQ덕수1,2005-07-05,10.08,,,,,,,
JQ덕수1,2005-07-06,10.07,,,,,,,
JQ덕수1,2005-07-07,10.06,,,,,,,
JQ덕수1,2005-07-08,10.05,,,,,,,
JQ덕수1,2005-07-09,10.04,,,,,,,
JQ덕수1,2005-07-10,10.03,,,,,,,
JQ덕수1,2005-07-11,10.01,,,,,,,
JQ덕수1,2005-07-12,10.0,,,,,,,
JQ덕수1,2005-07-13,9.98,,,,,,,
JQ덕수1,2005-07-14,9.98,,,,,,,
JQ덕수1,2005-07-15,9.98,,,,,,,
JQ덕수1,2005-07-16,9.98,,,,,,,
JQ덕수1,2005-07-17,9.97,,,,,,,
JQ덕수1,2005-07-18,9.97,,,,,,,
JQ덕수1,2005-07-19,9.97,,,,,,,
JQ덕수1,2005-07-20,9.97,,,,,,,
JQ덕수1,2005-07-21,9.96,,,,,,,
JQ덕수1,2005-07-22,9.96,,,,,,,
JQ덕수1,2005-07-23,9.95,,,,,,,
JQ덕수1,2005-07-24,9.94,,,,,,,
JQ덕수1,2005-07-25,9.94,,,,,,,
JQ덕수1,2005-07-26,9.93,,,,,,,
JQ덕수1,2005-07-27,9.92,,,,,,,
JQ덕수1,2005-07-28,9.91,,,,,,,
JQ덕수1,2005-07-29,9.91,,,,,,,
JQ덕수1,2005-07-30,9.9,,,,,,,
JQ덕수1,2005-07-31,9.89,,,,,,,
JQ덕수1,2005-08-01,9.89,,,,,,,
JQ덕수1,2005-08-02,9.89,,,,,,,
JQ덕수1,2005-08-03,9.89,,,,,,,
JQ덕수1,2005-08-04,9.89,,,,,,,
JQ덕수1,2005-08-05,9.89,,,,,,,
JQ덕수1,2005-08-06,9.88,,,,,,,
JQ덕수1,2005-08-07,9.88,,,,,,,
JQ덕수1,2005-08-08,9.88,,,,,,,
JQ덕수1,2005-08-09,9.88,,,,,,,
JQ덕수1,2005-08-10,9.88,,,,,,,
JQ덕수1,2005-08-11,9.87,,,,,,,
JQ덕수1,2005-08-12,9.86,,,,,,,
JQ덕수1,2005-08-13,9.85,,,,,,,
JQ덕수1,2005-08-14,9.84,,,,,,,
JQ덕수1,2005-08-15,9.83,,,,,,,
JQ덕수1,2005-08-16,9.83,,,,,,,
JQ덕수1,2005-08-17,9.82,,,,,,,
JQ덕수1,2005-08-18,9.81,,,,,,,
JQ덕수1,2005-08-19,9.81,,,,,,,
JQ덕수1,2005-08-25,9.81,,,,,,,
JQ덕수1,2005-08-26,9.81,,,,,,,
JQ덕수1,2005-08-27,9.81,,,,,,,
JQ덕수1,2005-08-28,9.81,,,,,,,
JQ덕수1,2005-08-29,9.82,,,,,,,
JQ덕수1,2005-08-30,9.81,,,,,,,
JQ덕수1,2005-08-31,9.81,,,,,,,
JQ덕수1,2005-09-01,9.79,,,,,,,
JQ덕수1,2005-09-02,9.78,,,,,,,
JQ덕수1,2005-09-03,9.78,,,,,,,
JQ덕수1,2005-09-04,9.77,,,,,,,
JQ덕수1,2005-09-05,9.77,,,,,,,
JQ덕수1,2005-09-06,9.77,,,,,,,
JQ덕수1,2005-09-07,9.75,,,,,,,
JQ덕수1,2005-09-08,9.74,,,,,,,
JQ덕수1,2005-09-09,9.72,,,,,,,
JQ덕수1,2005-09-10,9.7,,,,,,,
JQ덕수1,2005-09-11,9.7,,,,,,,
JQ덕수1,2005-09-12,9.68,,,,,,,
JQ덕수1,2005-09-13,9.66,,,,,,,
JQ덕수1,2005-09-14,9.64,,,,,,,
JQ덕수1,2005-09-15,9.61,,,,,,,
JQ덕수1,2005-09-16,9.59,,,,,,,
JQ덕수1,2005-09-17,9.57,,,,,,,
JQ덕수1,2005-09-18,9.54,,,,,,,
JQ덕수1,2005-09-19,9.52,,,,,,,
JQ덕수1,2005-09-20,9.51,,,,,,,
JQ덕수1,2005-09-21,9.49,,,,,,,
JQ덕수1,2005-09-22,9.47,,,,,,,
JQ덕수1,2005-09-23,9.45,,,,,,,
JQ덕수1,2005-09-24,9.42,,,,,,,
JQ덕수1,2005-09-25,9.39,,,,,,,
JQ덕수1,2005-09-26,9.37,,,,,,,
JQ덕수1,2005-09-27,9.35,,,,,,,
JQ덕수1,2005-09-28,9.33,,,,,,,
JQ덕수1,2005-09-29,9.3,,,,,,,
JQ덕수1,2005-09-30,9.27,,,,,,,
JQ덕수1,2005-10-01,9.25,,,,,,,
JQ덕수1,2005-10-02,9.23,,,,,,,
JQ덕수1,2005-10-03,9.2,,,,,,,
JQ덕수1,2005-10-04,9.19,,,,,,,
JQ덕수1,2005-10-05,9.18,,,,,,,
JQ덕수1,2005-10-06,9.17,,,,,,,
JQ덕수1,2005-10-07,9.16,,,,,,,
JQ덕수1,2005-10-08,9.13,,,,,,,
JQ덕수1,2005-10-09,9.12,,,,,,,
JQ덕수1,2005-10-10,9.1,,,,,,,
JQ덕수1,2005-10-11,9.08,,,,,,,
JQ덕수1,2005-10-12,9.06,,,,,,,
JQ덕수1,2005-10-13,9.05,,,,,,,
JQ덕수1,2005-10-14,9.04,,,,,,,
JQ덕수1,2005-10-15,9.02,,,,,,,
JQ덕수1,2005-10-16,9.0,,,,,,,
JQ덕수1,2005-10-17,8.98,,,,,,,
JQ덕수1,2005-10-18,8.95,,,,,,,
JQ덕수1,2005-10-19,8.94,,,,,,,
JQ덕수1,2005-10-20,8.91,,,,,,,
JQ덕수1,2005-10-21,8.89,,,,,,,
JQ덕수1,2005-10-22,8.87,,,,,,,
JQ덕수1,2005-10-23,8.85,,,,,,,
JQ덕수1,2005-10-24,8.83,,,,,,,
JQ덕수1,2005-10-25,8.8,,,,,,,
JQ덕수1,2005-10-26,8.79,,,,,,,
JQ덕수1,2005-10-27,8.77,,,,,,,
JQ덕수1,2005-10-28,8.75,,,,,,,
JQ덕수1,2005-10-29,8.73,,,,,,,
JQ덕수1,2005-10-30,8.7,,,,,,,
JQ덕수1,2005-10-31,8.69,,,,,,,
JQ덕수1,2005-11-01,8.67,,,,,,,
JQ덕수1,2005-11-02,8.65,,,,,,,
JQ덕수1,2005-11-03,8.63,,,,,,,
JQ덕수1,2005-11-04,8.62,,,,,,,
JQ덕수1,2005-11-05,8.62,,,,,,,
JQ덕수1,2005-11-06,8.61,,,,,,,
JQ덕수1,2005-11-07,8.6,,,,,,,
JQ덕수1,2005-11-08,8.6,,,,,,,
JQ덕수1,2005-11-09,8.59,,,,,,,
JQ덕수1,2005-11-10,8.58,,,,,,,
JQ덕수1,2005-11-11,8.57,,,,,,,
JQ덕수1,2005-11-12,8.59,,,,,,,
JQ덕수1,2005-11-13,8.61,,,,,,,
JQ덕수1,2005-11-14,8.61,,,,,,,
JQ덕수1,2005-11-15,8.62,,,,,,,
JQ덕수1,2005-11-16,8.62,,,,,,,
JQ덕수1,2005-11-17,8.62,,,,,,,
JQ덕수1,2005-11-18,8.62,,,,,,,
JQ덕수1,2005-11-19,8.6,,,,,,,
JQ덕수1,2005-11-20,8.6,,,,,,,
JQ덕수1,2005-11-21,8.59,,,,,,,
JQ덕수1,2005-11-22,8.57,,,,,,,
JQ덕수1,2005-11-23,8.57,,,,,,,
JQ덕수1,2005-11-24,8.56,,,,,,,
JQ덕수1,2005-11-25,8.55,,,,,,,
JQ덕수1,2005-11-26,8.54,,,,,,,
JQ덕수1,2005-11-27,8.53,,,,,,,
JQ덕수1,2005-11-28,8.53,,,,,,,
JQ덕수1,2005-11-29,8.51,,,,,,,
JQ덕수1,2005-11-30,8.5,,,,,,,
JQ덕수1,2005-12-01,8.49,,,,,,,
JQ덕수1,2005-12-02,8.48,,,,,,,
JQ덕수1,2005-12-03,8.47,,,,,,,
JQ덕수1,2005-12-04,8.47,,,,,,,
JQ덕수1,2005-12-05,8.45,,,,,,,
JQ덕수1,2005-12-06,8.44,,,,,,,
JQ덕수1,2005-12-07,8.43,,,,,,,
JQ덕수1,2005-12-08,8.42,,,,,,,
JQ덕수1,2005-12-09,8.42,,,,,,,
JQ덕수1,2005-12-10,8.41,,,,,,,
JQ덕수1,2005-12-11,8.39,,,,,,,
JQ덕수1,2005-12-12,8.39,,,,,,,
JQ덕수1,2005-12-13,8.37,,,,,,,
JQ덕수1,2005-12-14,8.36,,,,,,,
JQ덕수1,2005-12-15,8.35,,,,,,,
JQ덕수1,2005-12-16,8.34,,,,,,,
JQ덕수1,2005-12-17,8.33,,,,,,,
JQ덕수1,2005-12-18,8.33,,,,,,,
JQ덕수1,2005-12-19,8.32,,,,,,,
JQ덕수1,2005-12-20,8.31,,,,,,,
JQ덕수1,2005-12-21,8.31,,,,,,,
JQ덕수1,2005-12-22,8.3,,,,,,,
JQ덕수1,2005-12-23,8.29,,,,,,,
JQ덕수1,2005-12-24,8.29,,,,,,,
JQ덕수1,2005-12-25,8.29,,,,,,,
JQ덕수1,2005-12-26,8.28,,,,,,,
JQ덕수1,2005-12-27,8.27,,,,,,,
JQ덕수1,2005-12-28,8.27,,,,,,,
JQ덕수1,2005-12-29,8.25,,,,,,,
JQ덕수1,2005-12-30,8.25,,,,,,,
JQ덕수1,2005-12-31,8.24,,,,,,,
JQ덕수1,2006-01-01,8.23,,,,,,,
JQ덕수1,2006-01-02,8.22,,,,,,,
JQ덕수1,2006-01-03,8.21,,,,,,,
JQ덕수1,2006-01-04,8.2,,,,,,,
JQ덕수1,2006-01-05,8.19,,,,,,,
JQ덕수1,2006-01-06,8.19,,,,,,,
JQ덕수1,2006-01-07,8.17,,,,,,,
JQ덕수1,2006-01-08,8.16,,,,,,,
JQ덕수1,2006-01-09,8.15,,,,,,,
JQ덕수1,2006-01-10,8.14,,,,,,,
JQ덕수1,2006-01-11,8.13,,,,,,,
JQ덕수1,2006-01-12,8.13,,,,,,,
JQ덕수1,2006-01-13,8.12,,,,,,,
JQ덕수1,2006-01-14,8.12,,,,,,,
JQ덕수1,2006-01-15,8.11,,,,,,,
JQ덕수1,2006-01-16,8.1,,,,,,,
JQ덕수1,2006-01-17,8.1,,,,,,,
JQ덕수1,2006-01-18,8.1,,,,,,,
JQ덕수1,2006-01-19,8.1,,,,,,,
JQ덕수1,2006-01-20,8.1,,,,,,,
JQ덕수1,2006-01-21,8.1,,,,,,,
JQ덕수1,2006-01-22,8.1,,,,,,,
JQ덕수1,2006-01-23,8.09,,,,,,,
JQ덕수1,2006-01-24,8.09,,,,,,,
JQ덕수1,2006-01-25,8.08,,,,,,,
JQ덕수1,2006-01-26,8.07,,,,,,,
JQ덕수1,2006-01-27,8.06,,,,,,,
JQ덕수1,2006-01-28,8.05,,,,,,,
JQ덕수1,2006-01-29,8.05,,,,,,,
JQ덕수1,2006-01-30,8.04,,,,,,,
JQ덕수1,2006-01-31,8.04,,,,,,,
JQ덕수1,2006-02-01,8.02,,,,,,,
JQ덕수1,2006-02-02,8.01,,,,,,,
JQ덕수1,2006-02-03,8.0,,,,,,,
JQ덕수1,2006-02-04,7.99,,,,,,,
JQ덕수1,2006-02-05,7.99,,,,,,,
JQ덕수1,2006-02-06,7.98,,,,,,,
JQ덕수1,2006-02-07,7.97,,,,,,,
JQ덕수1,2006-02-08,7.95,,,,,,,
JQ덕수1,2006-02-09,7.95,,,,,,,
JQ덕수1,2006-02-10,7.95,,,,,,,
JQ덕수1,2006-02-11,7.94,,,,,,,
JQ덕수1,2006-02-12,7.93,,,,,,,
JQ덕수1,2006-02-13,7.92,,,,,,,
JQ덕수1,2006-02-14,7.92,,,,,,,
JQ덕수1,2006-02-15,7.91,,,,,,,
JQ덕수1,2006-02-16,7.91,,,,,,,
JQ덕수1,2006-02-17,7.9,,,,,,,
JQ덕수1,2006-02-18,7.9,,,,,,,
JQ덕수1,2006-02-19,7.89,,,,,,,
JQ덕수1,2006-02-20,7.88,,,,,,,
JQ덕수1,2006-02-21,7.88,,,,,,,
JQ덕수1,2006-02-22,7.87,,,,,,,
JQ덕수1,2006-02-23,7.86,,,,,,,
JQ덕수1,2006-02-24,7.85,,,,,,,
JQ덕수1,2006-02-25,7.85,,,,,,,
JQ덕수1,2006-02-26,7.83,,,,,,,
JQ덕수1,2006-02-27,7.83,,,,,,,
JQ덕수1,2006-02-28,7.83,,,,,,,
JQ덕수1,2006-03-01,7.82,,,,,,,
JQ덕수1,2006-03-02,7.82,,,,,,,
JQ덕수1,2006-03-03,7.81,,,,,,,
JQ덕수1,2006-03-04,7.81,,,,,,,
JQ덕수1,2006-03-05,7.8,,,,,,,
JQ덕수1,2006-03-06,7.8,,,,,,,
JQ덕수1,2006-03-07,7.79,,,,,,,
JQ덕수1,2006-03-08,7.78,,,,,,,
JQ덕수1,2006-03-09,7.78,,,,,,,
JQ덕수1,2006-03-10,7.77,,,,,,,
JQ덕수1,2006-03-11,7.77,,,,,,,
JQ덕수1,2006-03-12,7.76,,,,,,,
JQ덕수1,2006-03-13,7.75,,,,,,,
JQ덕수1,2006-03-14,7.74,,,,,,,
JQ덕수1,2006-03-15,7.74,,,,,,,
JQ덕수1,2006-03-16,7.74,,,,,,,
JQ덕수1,2006-03-17,7.74,,,,,,,
JQ덕수1,2006-03-18,7.75,,,,,,,
JQ덕수1,2006-03-19,7.75,,,,,,,
JQ덕수1,2006-03-20,7.76,,,,,,,
JQ덕수1,2006-03-21,7.76,,,,,,,
JQ덕수1,2006-03-22,7.76,,,,,,,
JQ덕수1,2006-03-23,7.77,,,,,,,
JQ덕수1,2006-03-24,7.76,,,,,,,
JQ덕수1,2006-03-25,7.76,,,,,,,
JQ덕수1,2006-03-26,7.76,,,,,,,
JQ덕수1,2006-03-27,7.76,,,,,,,
JQ덕수1,2006-03-28,7.75,,,,,,,
JQ덕수1,2006-03-29,7.75,,,,,,,
JQ덕수1,2006-03-30,7.74,,,,,,,
JQ덕수1,2006-03-31,7.73,,,,,,,
JQ덕수1,2006-04-01,7.74,,,,,,,
JQ덕수1,2006-04-02,7.73,,,,,,,
JQ덕수1,2006-04-03,7.74,,,,,,,
JQ덕수1,2006-04-04,7.76,,,,,,,
JQ덕수1,2006-04-05,7.75,,,,,,,
JQ덕수1,2006-04-06,7.77,,,,,,,
JQ덕수1,2006-04-07,7.77,,,,,,,
JQ덕수1,2006-04-08,7.77,,,,,,,
JQ덕수1,2006-04-09,7.78,,,,,,,
JQ덕수1,2006-04-10,7.79,,,,,,,
JQ덕수1,2006-04-11,7.84,,,,,,,
JQ덕수1,2006-04-12,7.91,,,,,,,
JQ덕수1,2006-04-13,7.97,,,,,,,
JQ덕수1,2006-04-14,8.02,,,,,,,
JQ덕수1,2006-04-15,8.07,,,,,,,
JQ덕수1,2006-04-16,8.1,,,,,,,
JQ덕수1,2006-04-17,8.13,,,,,,,
JQ덕수1,2006-04-18,8.16,,,,,,,
JQ덕수1,2006-04-19,8.18,,,,,,,
JQ덕수1,2006-04-20,8.2,,,,,,,
JQ덕수1,2006-04-21,8.22,,,,,,,
JQ덕수1,2006-04-22,8.24,,,,,,,
JQ덕수1,2006-04-23,8.26,,,,,,,
JQ덕수1,2006-04-24,8.27,,,,,,,
JQ덕수1,2006-04-25,8.27,,,,,,,
JQ덕수1,2006-04-26,8.28,,,,,,,
JQ덕수1,2006-04-27,8.28,,,,,,,
JQ덕수1,2006-04-28,8.29,,,,,,,
JQ덕수1,2006-04-29,8.3,,,,,,,
JQ덕수1,2006-04-30,8.3,,,,,,,
JQ덕수1,2006-05-01,8.31,,,,,,,
JQ덕수1,2006-05-02,8.31,,,,,,,
JQ덕수1,2006-05-03,8.3,,,,,,,
JQ덕수1,2006-05-04,8.3,,,,,,,
JQ덕수1,2006-05-05,8.29,,,,,,,
JQ덕수1,2006-05-06,8.31,,,,,,,
JQ덕수1,2006-05-07,8.39,,,,,,,
JQ덕수1,2006-05-08,8.48,,,,,,,
JQ덕수1,2006-05-09,8.57,,,,,,,
JQ덕수1,2006-05-10,8.64,,,,,,,
JQ덕수1,2006-05-11,8.71,,,,,,,
JQ덕수1,2006-05-12,8.77,,,,,,,
JQ덕수1,2006-05-13,8.83,,,,,,,
JQ덕수1,2006-05-14,8.88,,,,,,,
JQ덕수1,2006-05-15,8.92,,,,,,,
JQ덕수1,2006-05-16,8.95,,,,,,,
JQ덕수1,2006-05-17,8.98,,,,,,,
JQ덕수1,2006-05-18,9.01,,,,,,,
JQ덕수1,2006-05-19,9.06,,,,,,,
JQ덕수1,2006-05-20,9.11,,,,,,,
JQ덕수1,2006-05-21,9.17,,,,,,,
JQ덕수1,2006-05-22,9.22,,,,,,,
JQ덕수1,2006-05-23,9.27,,,,,,,
JQ덕수1,2006-05-24,9.32,,,,,,,
JQ덕수1,2006-05-25,9.35,,,,,,,
JQ덕수1,2006-05-26,9.38,,,,,,,
JQ덕수1,2006-05-27,9.43,,,,,,,
JQ덕수1,2006-05-28,9.46,,,,,,,
JQ덕수1,2006-05-29,9.49,,,,,,,
JQ덕수1,2006-05-30,9.5,,,,,,,
JQ덕수1,2006-05-31,9.51,,,,,,,
JQ덕수1,2006-06-01,9.52,,,,,,,
JQ덕수1,2006-06-02,9.52,,,,,,,
JQ덕수1,2006-06-03,9.52,,,,,,,
JQ덕수1,2006-06-04,9.53,,,,,,,
JQ덕수1,2006-06-05,9.53,,,,,,,
JQ덕수1,2006-06-06,9.53,,,,,,,
JQ덕수1,2006-06-07,9.54,,,,,,,
JQ덕수1,2006-06-08,9.55,,,,,,,
JQ덕수1,2006-06-09,9.57,,,,,,,
JQ덕수1,2006-06-10,9.59,,,,,,,
JQ덕수1,2006-06-11,9.58,,,,,,,
JQ덕수1,2006-06-12,9.57,,,,,,,
JQ덕수1,2006-06-13,9.56,,,,,,,
JQ덕수1,2006-06-14,9.57,,,,,,,
JQ덕수1,2006-06-15,9.6,,,,,,,
JQ덕수1,2006-06-16,9.67,,,,,,,
JQ덕수1,2006-06-17,9.72,,,,,,,
JQ덕수1,2006-06-18,9.75,,,,,,,
JQ덕수1,2006-06-19,9.78,,,,,,,
JQ덕수1,2006-06-20,9.8,,,,,,,
JQ덕수1,2006-06-21,9.82,,,,,,,
JQ덕수1,2006-06-22,9.85,,,,,,,
JQ덕수1,2006-06-23,9.87,,,,,,,
JQ덕수1,2006-06-24,9.88,,,,,,,
JQ덕수1,2006-06-25,9.93,,,,,,,
JQ덕수1,2006-06-26,9.99,,,,,,,
JQ덕수1,2006-06-27,10.05,,,,,,,
JQ덕수1,2006-06-28,10.11,,,,,,,
JQ덕수1,2006-06-29,10.16,,,,,,,
JQ덕수1,2006-06-30,10.21,,,,,,,
JQ덕수1,2006-07-01,10.4,,,,,,,
JQ덕수1,2006-07-02,10.67,,,,,,,
JQ덕수1,2006-07-03,10.97,,,,,,,
JQ덕수1,2006-07-04,11.22,,,,,,,
JQ덕수1,2006-07-05,11.49,,,,,,,
JQ덕수1,2006-07-06,11.77,,,,,,,
JQ덕수1,2006-07-07,11.98,,,,,,,
JQ덕수1,2006-07-08,12.16,,,,,,,
JQ덕수1,2006-07-09,12.61,,,,,,,
JQ덕수1,2006-07-10,13.16,,,,,,,
JQ덕수1,2006-07-11,13.7,,,,,,,
JQ덕수1,2006-07-12,14.17,,,,,,,
JQ덕수1,2006-07-13,14.53,,,,,,,
JQ덕수1,2006-07-14,14.79,,,,,,,
JQ덕수1,2006-07-15,14.99,,,,,,,
JQ덕수1,2006-07-16,15.14,,,,,,,
JQ덕수1,2006-07-17,15.26,,,,,,,
JQ덕수1,2006-07-18,15.35,,,,,,,
JQ덕수1,2006-07-19,15.41,,,,,,,
JQ덕수1,2006-07-20,15.46,,,,,,,
JQ덕수1,2006-07-21,15.48,,,,,,,
JQ덕수1,2006-07-22,15.49,,,,,,,
JQ덕수1,2006-07-23,15.48,,,,,,,
JQ덕수1,2006-07-24,15.47,,,,,,,
JQ덕수1,2006-07-25,15.45,,,,,,,
JQ덕수1,2006-07-26,15.42,,,,,,,
JQ덕수1,2006-07-27,15.39,,,,,,,
JQ덕수1,2006-07-28,15.36,,,,,,,
JQ덕수1,2006-07-29,15.32,,,,,,,
JQ덕수1,2006-07-30,15.28,,,,,,,
JQ덕수1,2006-07-31,15.25,,,,,,,
JQ덕수1,2006-08-01,15.21,,,,,,,
JQ덕수1,2006-08-02,15.16,,,,,,,
JQ덕수1,2006-08-03,15.11,,,,,,,
JQ덕수1,2006-08-04,15.08,,,,,,,
JQ덕수1,2006-08-05,15.05,,,,,,,
JQ덕수1,2006-08-06,15.04,,,,,,,
JQ덕수1,2006-08-07,15.02,,,,,,,
JQ덕수1,2006-08-08,14.99,,,,,,,
JQ덕수1,2006-08-09,14.96,,,,,,,
JQ덕수1,2006-08-10,14.93,,,,,,,
JQ덕수1,2006-08-11,14.89,,,,,,,
JQ덕수1,2006-08-12,14.87,,,,,,,
JQ덕수1,2006-08-13,14.85,,,,,,,
JQ덕수1,2006-08-14,14.84,,,,,,,
JQ덕수1,2006-08-15,14.84,,,,,,,
JQ덕수1,2006-08-16,14.83,,,,,,,
JQ덕수1,2006-08-17,14.83,,,,,,,
JQ덕수1,2006-08-18,14.82,,,,,,,
JQ덕수1,2006-08-19,14.79,,,,,,,
JQ덕수1,2006-08-20,14.77,,,,,,,
JQ덕수1,2006-08-21,14.74,,,,,,,
JQ덕수1,2006-08-22,14.71,,,,,,,
JQ덕수1,2006-08-23,14.67,,,,,,,
JQ덕수1,2006-08-24,14.65,,,,,,,
JQ덕수1,2006-09-04,14.46,,,,,,,
JQ덕수1,2006-09-05,14.45,,,,,,,
JQ덕수1,2006-09-06,14.45,,,,,,,
JQ덕수1,2006-09-07,14.41,,,,,,,
JQ덕수1,2006-09-08,14.4,,,,,,,
JQ덕수1,2006-09-09,14.36,,,,,,,
JQ덕수1,2006-09-10,14.31,,,,,,,
JQ덕수1,2006-09-11,14.28,,,,,,,
JQ덕수1,2006-09-12,14.25,,,,,,,
JQ덕수1,2006-09-13,14.21,,,,,,,
JQ덕수1,2006-09-14,14.18,,,,,,,
JQ덕수1,2006-09-15,14.15,,,,,,,
JQ덕수1,2006-09-16,14.13,,,,,,,
JQ덕수1,2006-09-17,14.13,,,,,,,
JQ덕수1,2006-09-18,14.14,,,,,,,
JQ덕수1,2006-09-19,14.18,,,,,,,
JQ덕수1,2006-09-20,14.22,,,,,,,
JQ덕수1,2006-09-21,14.25,,,,,,,
JQ덕수1,2006-09-22,14.25,,,,,,,
JQ덕수1,2006-09-23,14.25,,,,,,,
JQ덕수1,2006-09-24,14.25,,,,,,,
JQ덕수1,2006-09-25,14.23,,,,,,,
JQ덕수1,2006-09-26,14.22,,,,,,,
JQ덕수1,2006-09-27,14.21,,,,,,,
JQ덕수1,2006-09-28,14.18,,,,,,,
JQ덕수1,2006-09-29,14.15,,,,,,,
JQ덕수1,2006-09-30,14.12,,,,,,,
JQ덕수1,2006-10-01,14.1,,,,,,,
JQ덕수1,2006-10-02,14.07,,,,,,,
JQ덕수1,2006-10-03,14.03,,,,,,,
JQ덕수1,2006-10-04,14.01,,,,,,,
JQ덕수1,2006-10-05,13.99,,,,,,,
JQ덕수1,2006-10-06,13.97,,,,,,,
JQ덕수1,2006-10-07,13.92,,,,,,,
JQ덕수1,2006-10-08,13.88,,,,,,,
JQ덕수1,2006-10-09,13.83,,,,,,,
JQ덕수1,2006-10-10,13.79,,,,,,,
JQ덕수1,2006-10-11,13.74,,,,,,,
JQ덕수1,2006-10-12,13.68,,,,,,,
JQ덕수1,2006-10-13,13.63,,,,,,,
JQ덕수1,2006-10-14,13.59,,,,,,,
JQ덕수1,2006-10-15,13.54,,,,,,,
JQ덕수1,2006-10-16,13.49,,,,,,,
JQ덕수1,2006-10-17,13.43,,,,,,,
JQ덕수1,2006-10-18,13.34,,,,,,,
JQ덕수1,2006-11-08,12.62,,,,,,,
JQ덕수1,2006-11-09,12.59,,,,,,,
JQ덕수1,2006-11-10,12.56,,,,,,,
JQ덕수1,2006-11-11,12.53,,,,,,,
JQ덕수1,2006-11-12,12.48,,,,,,,
JQ덕수1,2006-11-13,12.46,,,,,,,
JQ덕수1,2006-11-14,12.41,,,,,,,
JQ덕수1,2006-11-15,12.38,,,,,,,
JQ덕수1,2006-11-16,12.34,,,,,,,
JQ덕수1,2006-11-17,12.29,,,,,,,
JQ덕수1,2006-11-18,12.27,,,,,,,
JQ덕수1,2006-11-19,12.25,,,,,,,
JQ덕수1,2006-11-20,12.21,,,,,,,
JQ덕수1,2006-11-21,12.18,,,,,,,
JQ덕수1,2006-11-22,12.15,,,,,,,
JQ덕수1,2006-11-23,12.12,,,,,,,
JQ덕수1,2006-11-24,12.08,,,,,,,
JQ덕수1,2006-11-25,12.06,,,,,,,
JQ덕수1,2006-11-26,12.04,,,,,,,
JQ덕수1,2006-11-27,12.03,,,,,,,
JQ덕수1,2006-11-28,12.0,,,,,,,
JQ덕수1,2006-11-29,11.97,,,,,,,
JQ덕수1,2006-11-30,11.94,,,,,,,
JQ덕수1,2006-12-01,11.92,,,,,,,
JQ덕수1,2006-12-02,11.89,,,,,,,
JQ덕수1,2006-12-03,11.85,,,,,,,
JQ덕수1,2006-12-04,11.82,,,,,,,
JQ덕수1,2006-12-05,11.79,,,,,,,
JQ덕수1,2006-12-06,11.76,,,,,,,
JQ덕수1,2006-12-07,11.74,,,,,,,
JQ덕수1,2006-12-08,11.71,,,,,,,
JQ덕수1,2006-12-09,11.68,,,,,,,
JQ덕수1,2006-12-10,11.66,,,,,,,
JQ덕수1,2006-12-11,11.63,,,,,,,
JQ덕수1,2006-12-12,11.61,,,,,,,
JQ덕수1,2006-12-13,11.58,,,,,,,
JQ덕수1,2006-12-14,11.56,,,,,,,
JQ덕수1,2006-12-15,11.53,,,,,,,
JQ덕수1,2006-12-16,11.51,,,,,,,
JQ덕수1,2006-12-17,11.48,,,,,,,
JQ덕수1,2006-12-18,11.47,,,,,,,
JQ덕수1,2006-12-19,11.42,,,,,,,
JQ덕수1,2006-12-20,11.41,,,,,,,
JQ덕수1,2006-12-21,11.38,,,,,,,
JQ덕수1,2006-12-22,11.35,,,,,,,
JQ덕수1,2006-12-23,11.33,,,,,,,
JQ덕수1,2006-12-24,11.3,,,,,,,
JQ덕수1,2006-12-25,11.29,,,,,,,
JQ덕수1,2006-12-26,11.27,,,,,,,
JQ덕수1,2006-12-27,11.29,,,,,,,
JQ덕수1,2006-12-28,11.22,,,,,,,
JQ덕수1,2006-12-29,11.22,,,,,,,
JQ덕수1,2006-12-30,11.15,,,,,,,
JQ덕수1,2006-12-31,11.12,,,,,,,
JQ덕수1,2007-01-02,11.1,,,,,,,
JQ덕수1,2007-01-03,11.08,,,,,,,
JQ덕수1,2007-01-04,11.05,,,,,,,
JQ덕수1,2007-01-06,11.06,,,,,,,
JQ덕수1,2007-01-08,11.0,,,,,,,
JQ덕수1,2007-01-09,10.98,,,,,,,
JQ덕수1,2007-01-10,10.95,,,,,,,
JQ덕수1,2007-01-11,10.92,,,,,,,
JQ덕수1,2007-01-13,10.88,,,,,,,
JQ덕수1,2007-01-14,10.85,,,,,,,
JQ덕수1,2007-01-15,10.83,,,,,,,
JQ덕수1,2007-01-17,10.8,,,,,,,
JQ덕수1,2007-01-18,10.77,,,,,,,
JQ덕수1,2007-01-19,10.75,,,,,,,
JQ덕수1,2007-01-20,10.74,,,,,,,
JQ덕수1,2007-01-21,10.72,,,,,,,
JQ덕수1,2007-01-22,10.7,,,,,,,
JQ덕수1,2007-01-23,10.68,,,,,,,
JQ덕수1,2007-01-24,10.66,,,,,,,
JQ덕수1,2007-01-25,10.64,,,,,,,
JQ덕수1,2007-01-26,10.63,,,,,,,
JQ덕수1,2007-01-27,10.6,,,,,,,
JQ덕수1,2007-01-28,10.59,,,,,,,
JQ덕수1,2007-01-29,10.56,,,,,,,
JQ덕수1,2007-01-30,10.55,,,,,,,
JQ덕수1,2007-01-31,10.52,,,,,,,
JQ덕수1,2007-02-01,10.5,,,,,,,
JQ덕수1,2007-02-02,10.48,,,,,,,
JQ덕수1,2007-02-03,10.46,,,,,,,
JQ덕수1,2007-02-04,10.44,,,,,,,
JQ덕수1,2007-02-05,10.43,,,,,,,
JQ덕수1,2007-02-06,10.4,,,,,,,
JQ덕수1,2007-02-07,10.38,,,,,,,
JQ덕수1,2007-02-08,10.37,,,,,,,
JQ덕수1,2007-02-09,10.36,,,,,,,
JQ덕수1,2007-02-10,10.34,,,,,,,
JQ덕수1,2007-02-11,10.32,,,,,,,
JQ덕수1,2007-02-12,10.31,,,,,,,
JQ덕수1,2007-02-13,10.3,,,,,,,
JQ덕수1,2007-02-14,10.28,,,,,,,
JQ덕수1,2007-02-15,10.27,,,,,,,
JQ덕수1,2007-02-16,10.26,,,,,,,
JQ덕수1,2007-02-17,10.25,,,,,,,
JQ덕수1,2007-02-18,10.24,,,,,,,
JQ덕수1,2007-02-19,10.23,,,,,,,
JQ덕수1,2007-02-20,10.22,,,,,,,
JQ덕수1,2007-02-21,10.2,,,,,,,
JQ덕수1,2007-02-22,10.19,,,,,,,
JQ덕수1,2007-02-23,10.17,,,,,,,
JQ덕수1,2007-02-24,10.15,,,,,,,
JQ덕수1,2007-02-25,10.13,,,,,,,
JQ덕수1,2007-02-26,10.11,,,,,,,
JQ덕수1,2007-02-27,10.09,,,,,,,
JQ덕수1,2007-02-28,10.07,,,,,,,
JQ덕수1,2007-03-01,10.05,,,,,,,
JQ덕수1,2007-03-02,10.03,,,,,,,
JQ덕수1,2007-03-03,10.01,,,,,,,
JQ덕수1,2007-03-04,10.01,,,,,,,
JQ덕수1,2007-03-05,10.01,,,,,,,
JQ덕수1,2007-03-06,10.03,,,,,,,
JQ덕수1,2007-03-07,10.05,,,,,,,
JQ덕수1,2007-03-08,10.06,,,,,,,
JQ덕수1,2007-03-09,10.07,,,,,,,
JQ덕수1,2007-03-10,10.08,,,,,,,
JQ덕수1,2007-03-11,10.08,,,,,,,
JQ덕수1,2007-03-12,10.07,,,,,,,
JQ덕수1,2007-03-13,10.06,,,,,,,
JQ덕수1,2007-03-14,10.06,,,,,,,
JQ덕수1,2007-03-15,10.05,,,,,,,
JQ덕수1,2007-03-16,10.04,,,,,,,
JQ덕수1,2007-03-17,10.03,,,,,,,
JQ덕수1,2007-03-18,10.02,,,,,,,
JQ덕수1,2007-03-19,10.01,,,,,,,
JQ덕수1,2007-03-20,9.99,,,,,,,
JQ덕수1,2007-03-21,9.98,,,,,,,
JQ덕수1,2007-03-22,9.96,,,,,,,
JQ덕수1,2007-03-23,9.95,,,,,,,
JQ덕수1,2007-03-24,9.96,,,,,,,
JQ덕수1,2007-03-25,9.98,,,,,,,
JQ덕수1,2007-03-26,10.01,,,,,,,
JQ덕수1,2007-03-27,10.04,,,,,,,
JQ덕수1,2007-03-28,10.07,,,,,,,
JQ덕수1,2007-03-29,10.09,,,,,,,
JQ덕수1,2007-03-30,10.1,,,,,,,
JQ덕수1,2007-03-31,10.12,,,,,,,
JQ덕수1,2007-04-01,10.13,,,,,,,
JQ덕수1,2007-04-02,10.12,,,,,,,
JQ덕수1,2007-04-03,10.11,,,,,,,
JQ덕수1,2007-04-04,10.1,,,,,,,
JQ덕수1,2007-04-05,10.08,,,,,,,
JQ덕수1,2007-04-06,10.06,,,,,,,
JQ덕수1,2007-04-07,10.05,,,,,,,
JQ덕수1,2007-04-08,10.03,,,,,,,
JQ덕수1,2007-04-09,10.01,,,,,,,
JQ덕수1,2007-04-10,10.0,,,,,,,
JQ덕수1,2007-04-11,9.98,,,,,,,
JQ덕수1,2007-04-12,9.97,,,,,,,
JQ덕수1,2007-04-13,9.95,,,,,,,
JQ덕수1,2007-04-14,9.94,,,,,,,
JQ덕수1,2007-04-15,9.94,,,,,,,
JQ덕수1,2007-04-16,9.93,,,,,,,
JQ덕수1,2007-04-17,9.92,,,,,,,
JQ덕수1,2007-04-18,9.9,,,,,,,
JQ덕수1,2007-04-19,9.89,,,,,,,
JQ덕수1,2007-04-20,9.88,,,,,,,
JQ덕수1,2007-04-21,9.87,,,,,,,
JQ덕수1,2007-04-22,9.86,,,,,,,
JQ덕수1,2007-04-23,9.84,,,,,,,
JQ덕수1,2007-04-24,9.83,,,,,,,
JQ덕수1,2007-04-25,9.82,,,,,,,
JQ덕수1,2007-04-26,9.79,,,,,,,
JQ덕수1,2007-04-27,9.77,,,,,,,
JQ덕수1,2007-04-28,9.75,,,,,,,
JQ덕수1,2007-04-29,9.74,,,,,,,
JQ덕수1,2007-04-30,9.73,,,,,,,
JQ덕수1,2007-05-01,9.72,,,,,,,
JQ덕수1,2007-05-02,9.71,,,,,,,
JQ덕수1,2007-05-03,9.69,,,,,,,
JQ덕수1,2007-05-04,9.68,,,,,,,
JQ덕수1,2007-05-05,9.68,,,,,,,
JQ덕수1,2007-05-06,9.67,,,,,,,
JQ덕수1,2007-05-07,9.67,,,,,,,
JQ덕수1,2007-05-08,9.65,,,,,,,
JQ덕수1,2007-05-09,9.64,,,,,,,
JQ덕수1,2007-05-10,9.62,,,,,,,
JQ덕수1,2007-05-11,9.61,,,,,,,
JQ덕수1,2007-05-12,9.6,,,,,,,
JQ덕수1,2007-05-13,9.58,,,,,,,
JQ덕수1,2007-05-14,9.57,,,,,,,
JQ덕수1,2007-05-15,9.55,,,,,,,
JQ덕수1,2007-05-16,9.56,,,,,,,
JQ덕수1,2007-05-17,9.55,,,,,,,
JQ덕수1,2007-05-18,9.55,,,,,,,
JQ덕수1,2007-05-19,9.54,,,,,,,
JQ덕수1,2007-05-20,9.52,,,,,,,
JQ덕수1,2007-05-21,9.5,,,,,,,
JQ덕수1,2007-05-22,9.49,,,,,,,
JQ덕수1,2007-05-23,9.48,,,,,,,
JQ덕수1,2007-05-24,9.48,,,,,,,
JQ덕수1,2007-05-25,9.47,,,,,,,
JQ덕수1,2007-05-26,9.47,,,,,,,
JQ덕수1,2007-05-27,9.46,,,,,,,
JQ덕수1,2007-05-28,9.44,,,,,,,
JQ덕수1,2007-05-29,9.44,,,,,,,
JQ덕수1,2007-05-30,9.41,,,,,,,
JQ덕수1,2007-05-31,9.4,,,,,,,
JQ덕수1,2007-06-01,9.39,,,,,,,
JQ덕수1,2007-06-02,9.38,,,,,,,
JQ덕수1,2007-06-03,9.37,,,,,,,
JQ덕수1,2007-06-04,9.35,,,,,,,
JQ덕수1,2007-06-05,9.34,,,,,,,
JQ덕수1,2007-06-06,9.32,,,,,,,
JQ덕수1,2007-06-07,9.32,,,,,,,
JQ덕수1,2007-06-08,9.3,,,,,,,
JQ덕수1,2007-06-09,9.28,,,,,,,
JQ덕수1,2007-06-10,9.26,,,,,,,
JQ덕수1,2007-06-11,9.24,,,,,,,
JQ덕수1,2007-06-12,9.22,,,,,,,
JQ덕수1,2007-06-13,9.22,,,,,,,
JQ덕수1,2007-06-14,9.21,,,,,,,
JQ덕수1,2007-06-15,9.21,,,,,,,
JQ덕수1,2007-06-16,9.2,,,,,,,
JQ덕수1,2007-06-17,9.2,,,,,,,
JQ덕수1,2007-06-18,9.19,,,,,,,
JQ덕수1,2007-06-19,9.18,,,,,,,
JQ덕수1,2007-06-20,9.17,,,,,,,
JQ덕수1,2007-06-21,9.16,,,,,,,
JQ덕수1,2007-06-22,9.15,,,,,,,
JQ덕수1,2007-06-23,9.15,,,,,,,
JQ덕수1,2007-06-24,9.14,,,,,,,
JQ덕수1,2007-06-25,9.13,,,,,,,
JQ덕수1,2007-06-26,9.12,,,,,,,
JQ덕수1,2007-06-27,9.11,,,,,,,
JQ덕수1,2007-06-28,9.1,,,,,,,
JQ덕수1,2007-06-29,9.09,,,,,,,
JQ덕수1,2007-06-30,9.09,,,,,,,
JQ덕수1,2007-07-01,9.08,,,,,,,
JQ덕수1,2007-07-02,9.1,,,,,,,
JQ덕수1,2007-07-03,9.11,,,,,,,
JQ덕수1,2007-07-04,9.13,,,,,,,
JQ덕수1,2007-07-05,9.18,,,,,,,
JQ덕수1,2007-07-06,9.24,,,,,,,
JQ덕수1,2007-07-07,9.4,,,,,,,
JQ덕수1,2007-07-08,9.62,,,,,,,
JQ덕수1,2007-07-09,9.86,,,,,,,
JQ덕수1,2007-07-10,10.25,,,,,,,
JQ덕수1,2007-07-11,10.68,,,,,,,
JQ덕수1,2007-07-12,11.01,,,,,,,
JQ덕수1,2007-07-13,11.28,,,,,,,
JQ덕수1,2007-07-14,11.5,,,,,,,
JQ덕수1,2007-07-15,11.68,,,,,,,
JQ덕수1,2007-07-16,11.82,,,,,,,
JQ덕수1,2007-07-17,11.93,,,,,,,
JQ덕수1,2007-07-18,12.01,,,,,,,
JQ덕수1,2007-07-19,12.06,,,,,,,
JQ덕수1,2007-07-20,12.1,,,,,,,
JQ덕수1,2007-07-21,12.13,,,,,,,
JQ덕수1,2007-07-22,12.13,,,,,,,
JQ덕수1,2007-07-23,12.13,,,,,,,
JQ덕수1,2007-07-24,12.12,,,,,,,
JQ덕수1,2007-07-25,12.11,,,,,,,
JQ덕수1,2007-07-26,12.09,,,,,,,
JQ덕수1,2007-07-27,12.07,,,,,,,
JQ덕수1,2007-07-28,12.05,,,,,,,
JQ덕수1,2007-07-29,12.04,,,,,,,
JQ덕수1,2007-07-30,12.02,,,,,,,
JQ덕수1,2007-07-31,11.99,,,,,,,
JQ덕수1,2007-08-01,12.0,,,,,,,
JQ덕수1,2007-08-02,11.98,,,,,,,
JQ덕수1,2007-08-03,11.96,,,,,,,
JQ덕수1,2007-08-04,11.94,,,,,,,
JQ덕수1,2007-08-05,11.93,,,,,,,
JQ덕수1,2007-08-06,11.9,,,,,,,
JQ덕수1,2007-08-07,11.89,,,,,,,
JQ덕수1,2007-08-08,11.89,,,,,,,
JQ덕수1,2007-08-09,11.87,,,,,,,
JQ덕수1,2007-08-10,11.85,,,,,,,
JQ덕수1,2007-08-11,11.86,,,,,,,
JQ덕수1,2007-08-12,11.9,,,,,,,
JQ덕수1,2007-08-13,11.98,,,,,,,
JQ덕수1,2007-08-14,12.07,,,,,,,
JQ덕수1,2007-08-15,12.17,,,,,,,
JQ덕수1,2007-08-16,12.28,,,,,,,
JQ덕수1,2007-08-17,12.38,,,,,,,
JQ덕수1,2007-08-18,12.46,,,,,,,
JQ덕수1,2007-08-19,12.52,,,,,,,
JQ덕수1,2007-08-20,12.56,,,,,,,
JQ덕수1,2007-08-21,12.61,,,,,,,
JQ덕수1,2007-08-22,12.65,,,,,,,
JQ덕수1,2007-08-23,12.71,,,,,,,
JQ덕수1,2007-08-24,12.78,,,,,,,
JQ덕수1,2007-08-25,12.84,,,,,,,
JQ덕수1,2007-08-26,12.9,,,,,,,
JQ덕수1,2007-08-27,12.97,,,,,,,
JQ덕수1,2007-08-28,13.03,,,,,,,
JQ덕수1,2007-08-29,13.1,,,,,,,
JQ덕수1,2007-08-30,13.16,,,,,,,
JQ덕수1,2007-08-31,13.21,,,,,,,
JQ덕수1,2007-09-01,13.27,,,,,,,
JQ덕수1,2007-09-02,13.29,,,,,,,
JQ덕수1,2007-09-03,13.31,,,,,,,
JQ덕수1,2007-09-04,13.34,,,,,,,
JQ덕수1,2007-09-05,13.37,,,,,,,
JQ덕수1,2007-09-06,13.47,,,,,,,
JQ덕수1,2007-09-07,13.59,,,,,,,
JQ덕수1,2007-09-08,13.69,,,,,,,
JQ덕수1,2007-09-09,13.77,,,,,,,
JQ덕수1,2007-09-10,13.82,,,,,,,
JQ덕수1,2007-09-11,13.86,,,,,,,
JQ덕수1,2007-09-12,13.89,,,,,,,
JQ덕수1,2007-09-13,13.91,,,,,,,
JQ덕수1,2007-09-14,13.94,,,,,,,
JQ덕수1,2007-09-15,13.98,,,,,,,
JQ덕수1,2007-09-16,14.28,,,,,,,
JQ덕수1,2007-09-17,15.06,,,,,,,
JQ덕수1,2007-09-18,15.68,,,,,,,
JQ덕수1,2007-09-19,16.19,,,,,,,
JQ덕수1,2007-09-20,16.57,,,,,,,
JQ덕수1,2007-09-21,16.83,,,,,,,
JQ덕수1,2007-09-22,17.01,,,,,,,
JQ덕수1,2007-09-23,17.15,,,,,,,
JQ덕수1,2007-09-24,17.25,,,,,,,
JQ덕수1,2007-09-25,17.32,,,,,,,
JQ덕수1,2007-09-26,17.35,,,,,,,
JQ덕수1,2007-09-27,17.37,,,,,,,
JQ덕수1,2007-09-28,17.36,,,,,,,
JQ덕수1,2007-09-29,17.34,,,,,,,
JQ덕수1,2007-09-30,17.31,,,,,,,
JQ덕수1,2007-10-01,17.28,,,,,,,
JQ덕수1,2007-10-02,17.24,,,,,,,
JQ덕수1,2007-10-03,17.2,,,,,,,
JQ덕수1,2007-10-04,17.15,,,,,,,
JQ덕수1,2007-10-05,17.12,,,,,,,
JQ덕수1,2007-10-06,17.09,,,,,,,
JQ덕수1,2007-10-07,17.05,,,,,,,
JQ덕수1,2007-10-08,17.0,,,,,,,
JQ덕수1,2007-10-09,16.96,,,,,,,
JQ덕수1,2007-10-10,16.9,,,,,,,
JQ덕수1,2007-10-11,16.85,,,,,,,
JQ덕수1,2007-10-12,16.79,,,,,,,
JQ덕수1,2007-10-13,16.72,,,,,,,
JQ덕수1,2007-10-14,16.67,,,,,,,
JQ덕수1,2007-10-15,16.6,,,,,,,
JQ덕수1,2007-10-16,16.53,,,,,,,
JQ덕수1,2007-10-17,16.46,,,,,,,
JQ덕수1,2007-10-18,16.4,,,,,,,
JQ덕수1,2007-10-19,16.34,,,,,,,
JQ덕수1,2007-10-20,16.26,,,,,,,
JQ덕수1,2007-10-21,16.2,,,,,,,
JQ덕수1,2007-10-22,16.14,,,,,,,
JQ덕수1,2007-10-23,16.06,,,,,,,
JQ덕수1,2007-10-24,15.99,,,,,,,
JQ덕수1,2007-10-25,15.95,,,,,,,
JQ덕수1,2007-10-26,15.9,,,,,,,
JQ덕수1,2007-10-27,15.86,,,,,,,
JQ덕수1,2007-10-28,15.81,,,,,,,
JQ덕수1,2007-10-29,15.75,,,,,,,
JQ덕수1,2007-10-30,15.69,,,,,,,
JQ덕수1,2007-10-31,15.64,,,,,,,
JQ덕수1,2007-11-01,15.59,,,,,,,
JQ덕수1,2007-11-02,15.53,,,,,,,
JQ덕수1,2007-11-03,15.47,,,,,,,
JQ덕수1,2007-11-04,15.41,,,,,,,
JQ덕수1,2007-11-05,15.36,,,,,,,
JQ덕수1,2007-11-06,15.3,,,,,,,
JQ덕수1,2007-11-07,15.25,,,,,,,
JQ덕수1,2007-11-08,15.21,,,,,,,
JQ덕수1,2007-11-09,15.15,,,,,,,
JQ덕수1,2007-11-10,15.1,,,,,,,
JQ덕수1,2007-11-11,15.05,,,,,,,
JQ덕수1,2007-11-12,14.99,,,,,,,
JQ덕수1,2007-11-13,14.94,,,,,,,
JQ덕수1,2007-11-14,14.89,,,,,,,
JQ덕수1,2007-11-15,14.82,,,,,,,
JQ덕수1,2007-11-16,14.77,,,,,,,
JQ덕수1,2007-11-17,14.73,,,,,,,
JQ덕수1,2007-11-18,14.67,,,,,,,
JQ덕수1,2007-11-19,14.61,,,,,,,
JQ덕수1,2007-11-20,14.56,,,,,,,
JQ덕수1,2007-11-21,14.51,,,,,,,
JQ덕수1,2007-11-22,14.45,,,,,,,
JQ덕수1,2007-11-23,14.4,,,,,,,
JQ덕수1,2007-11-24,14.35,,,,,,,
JQ덕수1,2007-11-25,14.31,,,,,,,
JQ덕수1,2007-11-26,14.26,,,,,,,
JQ덕수1,2007-11-27,14.23,,,,,,,
JQ덕수1,2007-11-28,14.18,,,,,,,
JQ덕수1,2007-11-29,14.13,,,,,,,
JQ덕수1,2007-11-30,14.08,,,,,,,
JQ덕수1,2007-12-01,14.03,,,,,,,
JQ덕수1,2007-12-02,14.0,,,,,,,
JQ덕수1,2007-12-03,13.94,,,,,,,
JQ덕수1,2007-12-04,13.88,,,,,,,
JQ덕수1,2007-12-05,13.83,,,,,,,
JQ덕수1,2007-12-06,13.8,,,,,,,
JQ덕수1,2007-12-07,13.75,,,,,,,
JQ덕수1,2007-12-08,13.7,,,,,,,
JQ덕수1,2007-12-09,13.66,,,,,,,
JQ덕수1,2007-12-10,13.64,,,,,,,
JQ덕수1,2007-12-11,13.6,,,,,,,
JQ덕수1,2007-12-12,13.58,,,,,,,
JQ덕수1,2007-12-13,13.56,,,,,,,
JQ덕수1,2007-12-14,13.52,,,,,,,
JQ덕수1,2007-12-15,13.48,,,,,,,
JQ덕수1,2007-12-16,13.43,,,,,,,
JQ덕수1,2007-12-17,13.4,,,,,,,
JQ덕수1,2007-12-18,13.36,,,,,,,
JQ덕수1,2007-12-19,13.32,,,,,,,
JQ덕수1,2007-12-20,13.28,,,,,,,
JQ덕수1,2007-12-22,13.22,,,,,,,
JQ덕수1,2007-12-23,13.18,,,,,,,
JQ덕수1,2007-12-24,13.14,,,,,,,
JQ덕수1,2007-12-25,13.11,,,,,,,
JQ덕수1,2007-12-26,13.06,,,,,,,
JQ덕수1,2008-01-08,12.73,,,,,,,
JQ덕수1,2008-01-09,12.7,,,,,,,
JQ덕수1,2008-01-10,12.68,,,,,,,
JQ덕수1,2008-01-11,12.66,,,,,,,
JQ덕수1,2008-01-12,12.63,,,,,,,
JQ덕수1,2008-01-13,12.59,,,,,,,
JQ덕수1,2008-01-14,12.56,,,,,,,
JQ덕수1,2008-01-15,12.52,,,,,,,
JQ덕수1,2008-01-16,12.49,,,,,,,
JQ덕수1,2008-01-17,12.45,,,,,,,
JQ덕수1,2008-01-18,12.43,,,,,,,
JQ덕수1,2008-01-19,12.4,,,,,,,
JQ덕수1,2008-01-20,12.39,,,,,,,
JQ덕수1,2008-01-21,12.35,,,,,,,
JQ덕수1,2008-01-22,12.33,,,,,,,
JQ덕수1,2008-01-23,12.31,,,,,,,
JQ덕수1,2008-01-24,12.27,,,,,,,
JQ덕수1,2008-01-25,12.25,,,,,,,
JQ덕수1,2008-01-26,12.23,,,,,,,
JQ덕수1,2008-01-27,12.21,,,,,,,
JQ덕수1,2008-01-28,12.19,,,,,,,
JQ덕수1,2008-01-29,12.17,,,,,,,
JQ덕수1,2008-01-30,12.15,,,,,,,
JQ덕수1,2008-01-31,12.13,,,,,,,
JQ덕수1,2008-02-01,12.1,,,,,,,
JQ덕수1,2008-02-02,12.09,,,,,,,
JQ덕수1,2008-02-03,12.07,,,,,,,
JQ덕수1,2008-02-04,12.04,,,,,,,
JQ덕수1,2008-02-05,12.02,,,,,,,
JQ덕수1,2008-02-06,12.0,,,,,,,
JQ덕수1,2008-02-07,11.97,,,,,,,
JQ덕수1,2008-02-08,11.95,,,,,,,
JQ덕수1,2008-02-09,11.92,,,,,,,
JQ덕수1,2008-02-10,11.89,,,,,,,
JQ덕수1,2008-02-11,11.88,,,,,,,
JQ덕수1,2008-02-12,11.85,,,,,,,
JQ덕수1,2008-02-13,11.81,,,,,,,
JQ덕수1,2008-02-14,11.78,,,,,,,
JQ덕수1,2008-02-15,11.76,,,,,,,
JQ덕수1,2008-02-16,11.73,,,,,,,
JQ덕수1,2008-02-17,11.69,,,,,,,
JQ덕수1,2008-02-18,11.66,,,,,,,
JQ덕수1,2008-02-19,11.64,,,,,,,
JQ덕수1,2008-02-20,11.62,,,,,,,
JQ덕수1,2008-02-21,11.59,,,,,,,
JQ덕수1,2008-02-22,11.59,,,,,,,
JQ덕수1,2008-02-23,11.56,,,,,,,
JQ덕수1,2008-02-24,11.53,,,,,,,
JQ덕수1,2008-02-25,11.51,,,,,,,
JQ덕수1,2008-02-26,11.5,,,,,,,
JQ덕수1,2008-02-27,11.47,,,,,,,
JQ덕수1,2008-02-28,11.47,,,,,,,
JQ덕수1,2008-02-29,11.46,,,,,,,
JQ덕수1,2008-03-01,11.45,,,,,,,
JQ덕수1,2008-03-02,11.44,,,,,,,
JQ덕수1,2008-03-03,11.42,,,,,,,
JQ덕수1,2008-03-04,11.39,,,,,,,
JQ덕수1,2008-03-05,11.36,,,,,,,
JQ덕수1,2008-03-06,11.34,,,,,,,
JQ덕수1,2008-03-07,11.32,,,,,,,
JQ덕수1,2008-03-08,11.29,,,,,,,
JQ덕수1,2008-03-09,11.28,,,,,,,
JQ덕수1,2008-03-10,11.26,,,,,,,
JQ덕수1,2008-03-11,11.24,,,,,,,
JQ덕수1,2008-03-12,11.22,,,,,,,
JQ덕수1,2008-03-13,11.21,,,,,,,
JQ덕수1,2008-03-14,11.19,,,,,,,
JQ덕수1,2008-03-15,11.17,,,,,,,
JQ덕수1,2008-03-16,11.16,,,,,,,
JQ덕수1,2008-03-17,11.14,,,,,,,
JQ덕수1,2008-03-18,11.13,,,,,,,
JQ덕수1,2008-03-19,11.11,,,,,,,
JQ덕수1,2008-03-20,11.1,,,,,,,
JQ덕수1,2008-03-21,11.08,,,,,,,
JQ덕수1,2008-03-22,11.08,,,,,,,
JQ덕수1,2008-03-23,11.07,,,,,,,
JQ덕수1,2008-03-24,11.07,,,,,,,
JQ덕수1,2008-03-25,11.07,,,,,,,
JQ덕수1,2008-03-26,11.07,,,,,,,
JQ덕수1,2008-03-27,11.07,,,,,,,
JQ덕수1,2008-03-28,11.05,,,,,,,
JQ덕수1,2008-03-29,11.04,,,,,,,
JQ덕수1,2008-03-30,11.04,,,,,,,
JQ덕수1,2008-03-31,11.03,,,,,,,
JQ덕수1,2008-04-01,11.02,,,,,,,
JQ덕수1,2008-04-02,11.01,,,,,,,
JQ덕수1,2008-04-03,11.0,,,,,,,
JQ덕수1,2008-04-04,10.98,,,,,,,
JQ덕수1,2008-04-05,10.97,,,,,,,
JQ덕수1,2008-04-06,10.97,,,,,,,
JQ덕수1,2008-04-07,10.96,,,,,,,
JQ덕수1,2008-04-08,10.96,,,,,,,
JQ덕수1,2008-04-09,10.97,,,,,,,
JQ덕수1,2008-04-10,10.96,,,,,,,
JQ덕수1,2008-04-11,10.96,,,,,,,
JQ덕수1,2008-04-12,10.95,,,,,,,
JQ덕수1,2008-04-13,10.94,,,,,,,
JQ덕수1,2008-04-14,10.93,,,,,,,
JQ덕수1,2008-04-15,10.91,,,,,,,
JQ덕수1,2008-04-16,10.9,,,,,,,
JQ덕수1,2008-04-17,10.89,,,,,,,
JQ덕수1,2008-04-18,10.87,,,,,,,
JQ덕수1,2008-04-19,10.85,,,,,,,
JQ덕수1,2008-04-20,10.83,,,,,,,
JQ덕수1,2008-04-21,10.81,,,,,,,
JQ덕수1,2008-04-22,10.8,,,,,,,
JQ덕수1,2008-04-23,10.78,,,,,,,
JQ덕수1,2008-04-24,10.76,,,,,,,
JQ덕수1,2008-04-25,10.75,,,,,,,
JQ덕수1,2008-04-26,10.74,,,,,,,
JQ덕수1,2008-04-27,10.73,,,,,,,
JQ덕수1,2008-04-28,10.71,,,,,,,
JQ덕수1,2008-04-29,10.7,,,,,,,
JQ덕수1,2008-04-30,10.69,,,,,,,
JQ덕수1,2008-05-01,10.67,,,,,,,
JQ덕수1,2008-05-02,10.66,,,,,,,
JQ덕수1,2008-05-03,10.64,,,,,,,
JQ덕수1,2008-05-04,10.65,,,,,,,
JQ덕수1,2008-05-05,10.63,,,,,,,
JQ덕수1,2008-05-06,10.62,,,,,,,
JQ덕수1,2008-05-07,10.6,,,,,,,
JQ덕수1,2008-05-08,10.58,,,,,,,
JQ덕수1,2008-05-09,10.58,,,,,,,
JQ덕수1,2008-05-10,10.56,,,,,,,
JQ덕수1,2008-05-11,10.54,,,,,,,
JQ덕수1,2008-05-12,10.52,,,,,,,
JQ덕수1,2008-05-13,10.5,,,,,,,
JQ덕수1,2008-05-14,10.47,,,,,,,
JQ덕수1,2008-05-15,10.45,,,,,,,
JQ덕수1,2008-05-16,10.43,,,,,,,
JQ덕수1,2008-05-17,10.41,,,,,,,
JQ덕수1,2008-05-18,10.41,,,,,,,
JQ덕수1,2008-05-19,10.39,,,,,,,
JQ덕수1,2008-05-20,10.38,,,,,,,
JQ덕수1,2008-05-21,10.36,,,,,,,
JQ덕수1,2008-05-22,10.34,,,,,,,
JQ덕수1,2008-05-23,10.33,,,,,,,
JQ덕수1,2008-05-24,10.32,,,,,,,
JQ덕수1,2008-05-25,10.32,,,,,,,
JQ덕수1,2008-05-26,10.31,,,,,,,
JQ덕수1,2008-05-27,10.29,,,,,,,
JQ덕수1,2008-05-28,10.29,,,,,,,
JQ덕수1,2008-05-29,10.34,,,,,,,
JQ덕수1,2008-05-30,10.4,,,,,,,
JQ덕수1,2008-05-31,10.46,,,,,,,
JQ덕수1,2008-06-01,10.49,,,,,,,
JQ덕수1,2008-06-02,10.53,,,,,,,
JQ덕수1,2008-06-03,10.55,,,,,,,
JQ덕수1,2008-06-04,10.57,,,,,,,
JQ덕수1,2008-06-05,10.59,,,,,,,
JQ덕수1,2008-06-06,10.6,,,,,,,
JQ덕수1,2008-06-07,10.6,,,,,,,
JQ덕수1,2008-06-08,10.6,,,,,,,
JQ덕수1,2008-06-09,10.59,,,,,,,
JQ덕수1,2008-06-10,10.59,,,,,,,
JQ덕수1,2008-06-11,10.6,,,,,,,
JQ덕수1,2008-06-12,10.59,,,,,,,
JQ덕수1,2008-06-13,10.57,,,,,,,
JQ덕수1,2008-06-14,10.55,,,,,,,
JQ덕수1,2008-06-15,10.55,,,,,,,
JQ덕수1,2008-06-16,10.55,,,,,,,
JQ덕수1,2008-06-17,10.54,,,,,,,
JQ덕수1,2008-06-18,10.56,,,,,,,
JQ덕수1,2008-06-19,10.6,,,,,,,
JQ덕수1,2008-06-20,10.69,,,,,,,
JQ덕수1,2008-06-21,10.87,,,,,,,
JQ덕수1,2008-06-22,11.25,,,,,,,
JQ덕수1,2008-06-23,11.61,,,,,,,
JQ덕수1,2008-06-24,11.89,,,,,,,
JQ덕수1,2008-06-25,12.09,,,,,,,
JQ덕수1,2008-06-26,12.22,,,,,,,
JQ덕수1,2008-06-27,12.34,,,,,,,
JQ덕수1,2008-06-28,12.45,,,,,,,
JQ덕수1,2008-06-29,12.58,,,,,,,
JQ덕수1,2008-06-30,12.7,,,,,,,
JQ덕수1,2008-07-01,12.82,,,,,,,
JQ덕수1,2008-07-02,12.93,,,,,,,
JQ덕수1,2008-07-03,13.03,,,,,,,
JQ덕수1,2008-07-04,13.11,,,,,,,
JQ덕수1,2008-07-05,13.19,,,,,,,
JQ덕수1,2008-07-06,13.25,,,,,,,
JQ덕수1,2008-07-07,13.29,,,,,,,
JQ덕수1,2008-07-08,13.32,,,,,,,
JQ덕수1,2008-07-09,13.34,,,,,,,
JQ덕수1,2008-07-10,13.37,,,,,,,
JQ덕수1,2008-07-11,13.39,,,,,,,
JQ덕수1,2008-07-12,13.42,,,,,,,
JQ덕수1,2008-07-13,13.43,,,,,,,
JQ덕수1,2008-07-14,13.42,,,,,,,
JQ덕수1,2008-07-15,13.41,,,,,,,
JQ덕수1,2008-07-16,13.41,,,,,,,
JQ덕수1,2008-07-17,13.4,,,,,,,
JQ덕수1,2008-07-18,13.39,,,,,,,
JQ덕수1,2008-07-19,13.38,,,,,,,
JQ덕수1,2008-07-20,13.37,,,,,,,
JQ덕수1,2008-07-21,13.35,,,,,,,
JQ덕수1,2008-07-22,13.32,,,,,,,
JQ덕수1,2008-07-23,13.3,,,,,,,
JQ덕수1,2008-07-24,13.28,,,,,,,
JQ덕수1,2008-07-25,13.25,,,,,,,
JQ덕수1,2008-07-26,13.22,,,,,,,
JQ덕수1,2008-07-27,13.18,,,,,,,
JQ덕수1,2008-07-28,13.14,,,,,,,
JQ덕수1,2008-07-29,13.1,,,,,,,
JQ덕수1,2008-08-06,12.83,,,,,,,
JQ덕수1,2008-08-07,12.81,,,,,,,
JQ덕수1,2008-08-08,12.77,,,,,,,
JQ덕수1,2008-08-09,12.73,,,,,,,
JQ덕수1,2008-08-10,12.7,,,,,,,
JQ덕수1,2008-08-11,12.67,,,,,,,
JQ덕수1,2008-08-12,12.64,,,,,,,
JQ덕수1,2008-08-13,12.61,,,,,,,
JQ덕수1,2008-08-14,12.59,,,,,,,
JQ덕수1,2008-08-15,12.57,,,,,,,
JQ덕수1,2008-08-16,12.54,,,,,,,
JQ덕수1,2008-08-17,12.5,,,,,,,
JQ덕수1,2008-08-18,12.47,,,,,,,
JQ덕수1,2008-08-19,12.43,,,,,,,
JQ덕수1,2008-08-20,12.39,,,,,,,
JQ덕수1,2008-08-21,12.37,,,,,,,
JQ덕수1,2008-09-01,12.01,,,,,,,
JQ덕수1,2008-09-02,11.99,,,,,,,
JQ덕수1,2008-09-03,11.96,,,,,,,
JQ덕수1,2008-09-04,11.91,,,,,,,
JQ덕수1,2008-09-05,11.87,,,,,,,
JQ덕수1,2008-09-06,11.83,,,,,,,
JQ덕수1,2008-09-07,11.79,,,,,,,
JQ덕수1,2008-09-08,11.74,,,,,,,
JQ덕수1,2008-09-09,11.7,,,,,,,
JQ덕수1,2008-09-10,11.66,,,,,,,
JQ덕수1,2008-09-11,11.63,,,,,,,
JQ덕수1,2008-09-12,11.61,,,,,,,
JQ덕수1,2008-09-13,11.58,,,,,,,
JQ덕수1,2008-09-14,11.57,,,,,,,
JQ덕수1,2008-09-15,11.56,,,,,,,
JQ덕수1,2008-09-16,11.55,,,,,,,
JQ덕수1,2008-09-17,11.56,,,,,,,
JQ덕수1,2008-09-18,11.55,,,,,,,
JQ덕수1,2008-09-19,11.54,,,,,,,
JQ덕수1,2008-09-20,11.53,,,,,,,
JQ덕수1,2008-09-21,11.52,,,,,,,
JQ덕수1,2008-09-22,11.51,,,,,,,
JQ덕수1,2008-09-23,11.5,,,,,,,
JQ덕수1,2008-09-24,11.48,,,,,,,
JQ덕수1,2008-09-25,11.47,,,,,,,
JQ덕수1,2008-09-26,11.44,,,,,,,
JQ덕수1,2008-09-27,11.42,,,,,,,
JQ덕수1,2008-09-28,11.4,,,,,,,
JQ덕수1,2008-09-29,11.38,,,,,,,
JQ덕수1,2008-09-30,11.36,,,,,,,
JQ덕수1,2008-10-01,11.34,,,,,,,
JQ덕수1,2008-10-02,11.32,,,,,,,
JQ덕수1,2008-10-03,11.29,,,,,,,
JQ덕수1,2008-10-04,11.27,,,,,,,
JQ덕수1,2008-10-05,11.24,,,,,,,
JQ덕수1,2008-10-06,11.22,,,,,,,
JQ덕수1,2008-10-07,11.19,,,,,,,
JQ덕수1,2008-10-08,11.16,,,,,,,
JQ덕수1,2008-10-09,11.12,,,,,,,
JQ덕수1,2008-10-10,11.1,,,,,,,
JQ덕수1,2008-10-11,11.06,,,,,,,
JQ덕수1,2008-10-12,11.03,,,,,,,
JQ덕수1,2008-10-13,11.0,,,,,,,
JQ덕수1,2008-10-14,10.96,,,,,,,
JQ덕수1,2008-10-15,10.92,,,,,,,
JQ덕수1,2008-10-16,10.89,,,,,,,
JQ덕수1,2008-10-17,10.86,,,,,,,
JQ덕수1,2008-10-18,10.83,,,,,,,
JQ덕수1,2008-10-19,10.8,,,,,,,
JQ덕수1,2008-10-20,10.78,,,,,,,
JQ덕수1,2008-10-21,10.76,,,,,,,
JQ덕수1,2008-10-22,10.74,,,,,,,
JQ덕수1,2008-10-23,10.72,,,,,,,
JQ덕수1,2008-10-24,10.69,,,,,,,
JQ덕수1,2008-10-25,10.67,,,,,,,
JQ덕수1,2008-10-26,10.65,,,,,,,
JQ덕수1,2008-10-27,10.63,,,,,,,
JQ덕수1,2008-10-28,10.61,,,,,,,
JQ덕수1,2008-10-29,10.59,,,,,,,
JQ덕수1,2008-10-30,10.57,,,,,,,
JQ덕수1,2008-10-31,10.55,,,,,,,
JQ덕수1,2008-11-01,10.53,,,,,,,
JQ덕수1,2008-11-02,10.51,,,,,,,
JQ덕수1,2008-11-03,10.49,,,,,,,
JQ덕수1,2008-11-04,10.46,,,,,,,
JQ덕수1,2008-11-05,10.44,,,,,,,
JQ덕수1,2008-11-06,10.43,,,,,,,
JQ덕수1,2008-11-07,10.4,,,,,,,
JQ덕수1,2008-11-08,10.38,,,,,,,
JQ덕수1,2008-11-09,10.37,,,,,,,
JQ덕수1,2008-11-10,10.36,,,,,,,
JQ덕수1,2008-11-11,10.35,,,,,,,
JQ덕수1,2008-11-12,10.33,,,,,,,
JQ덕수1,2008-11-13,10.31,,,,,,,
JQ덕수1,2008-11-14,10.29,,,,,,,
JQ덕수1,2008-11-15,10.28,,,,,,,
JQ덕수1,2008-11-16,10.26,,,,,,,
JQ덕수1,2008-11-17,10.24,,,,,,,
JQ덕수1,2008-11-18,10.22,,,,,,,
JQ덕수1,2008-11-19,10.19,,,,,,,
JQ덕수1,2008-11-20,10.17,,,,,,,
JQ덕수1,2008-11-21,10.15,,,,,,,
JQ덕수1,2008-11-22,10.13,,,,,,,
JQ덕수1,2008-11-23,10.11,,,,,,,
JQ덕수1,2008-11-24,10.1,,,,,,,
JQ덕수1,2008-11-25,10.07,,,,,,,
JQ덕수1,2008-11-26,10.06,,,,,,,
JQ덕수1,2008-11-27,10.05,,,,,,,
JQ덕수1,2008-11-28,10.03,,,,,,,
JQ덕수1,2008-11-29,10.01,,,,,,,
JQ덕수1,2008-11-30,10.0,,,,,,,
JQ덕수1,2008-12-01,9.98,,,,,,,
JQ덕수1,2008-12-02,9.96,,,,,,,
JQ덕수1,2008-12-03,9.95,,,,,,,
JQ덕수1,2008-12-04,9.93,,,,,,,
JQ덕수1,2008-12-05,9.91,,,,,,,
JQ덕수1,2009-01-09,9.08,,,,,,,
JQ덕수1,2009-01-10,9.05,,,,,,,
JQ덕수1,2009-01-11,9.04,,,,,,,
JQ덕수1,2009-01-12,9.01,,,,,,,
JQ덕수1,2009-01-13,8.99,,,,,,,
JQ덕수1,2009-01-14,8.96,,,,,,,
JQ덕수1,2009-01-15,8.94,,,,,,,
JQ덕수1,2009-01-16,8.92,,,,,,,
JQ덕수1,2009-01-17,8.91,,,,,,,
JQ덕수1,2009-01-18,8.9,,,,,,,
JQ덕수1,2009-01-19,8.88,,,,,,,
JQ덕수1,2009-01-20,8.87,,,,,,,
JQ덕수1,2009-01-21,8.85,,,,,,,
JQ덕수1,2009-01-22,8.84,,,,,,,
JQ덕수1,2009-01-23,8.82,,,,,,,
JQ덕수1,2009-01-24,8.81,,,,,,,
JQ덕수1,2009-01-25,8.79,,,,,,,
JQ덕수1,2009-01-26,8.77,,,,,,,
JQ덕수1,2009-01-27,8.75,,,,,,,
JQ덕수1,2009-01-28,8.74,,,,,,,
JQ덕수1,2009-01-29,8.73,,,,,,,
JQ덕수1,2009-01-30,8.72,,,,,,,
JQ덕수1,2009-01-31,8.71,,,,,,,
JQ덕수1,2009-02-01,8.69,,,,,,,
JQ덕수1,2009-02-02,8.67,,,,,,,
JQ덕수1,2009-02-03,8.66,,,,,,,
JQ덕수1,2009-02-04,8.64,,,,,,,
JQ덕수1,2009-02-05,8.63,,,,,,,
JQ덕수1,2009-02-06,8.61,,,,,,,
JQ덕수1,2009-02-07,8.6,,,,,,,
JQ덕수1,2009-02-08,8.58,,,,,,,
JQ덕수1,2009-02-09,8.57,,,,,,,
JQ덕수1,2009-02-10,8.56,,,,,,,
JQ덕수1,2009-02-11,8.55,,,,,,,
JQ덕수1,2009-02-12,8.54,,,,,,,
JQ덕수1,2009-02-13,8.54,,,,,,,
JQ덕수1,2009-02-14,8.53,,,,,,,
JQ덕수1,2009-02-15,8.52,,,,,,,
JQ덕수1,2009-02-16,8.5,,,,,,,
JQ덕수1,2009-02-17,8.48,,,,,,,
JQ덕수1,2009-02-18,8.46,,,,,,,
JQ덕수1,2009-02-19,8.46,,,,,,,
JQ덕수1,2009-02-20,8.44,,,,,,,
JQ덕수1,2009-02-21,8.43,,,,,,,
JQ덕수1,2009-02-22,8.43,,,,,,,
JQ덕수1,2009-02-23,8.46,,,,,,,
JQ덕수1,2009-02-24,8.5,,,,,,,
JQ덕수1,2009-02-25,8.52,,,,,,,
JQ덕수1,2009-02-26,8.55,,,,,,,
JQ덕수1,2009-02-27,8.55,,,,,,,
JQ덕수1,2009-02-28,8.57,,,,,,,
JQ덕수1,2009-03-01,8.58,,,,,,,
JQ덕수1,2009-03-02,8.59,,,,,,,
JQ덕수1,2009-03-03,8.6,,,,,,,
JQ덕수1,2009-03-04,8.6,,,,,,,
JQ덕수1,2009-03-05,8.61,,,,,,,
JQ덕수1,2009-03-06,8.61,,,,,,,
JQ덕수1,2009-03-07,8.61,,,,,,,
JQ덕수1,2009-03-08,8.61,,,,,,,
JQ덕수1,2009-03-09,8.61,,,,,,,
JQ덕수1,2009-03-10,8.6,,,,,,,
JQ덕수1,2009-03-11,8.59,,,,,,,
JQ덕수1,2009-03-12,8.58,,,,,,,
JQ덕수1,2009-03-13,8.59,,,,,,,
JQ덕수1,2009-03-14,8.61,,,,,,,
JQ덕수1,2009-03-15,8.64,,,,,,,
JQ덕수1,2009-03-16,8.67,,,,,,,
JQ덕수1,2009-03-17,8.7,,,,,,,
JQ덕수1,2009-03-18,8.72,,,,,,,
JQ덕수1,2009-03-19,8.74,,,,,,,
JQ덕수1,2009-03-20,8.75,,,,,,,
JQ덕수1,2009-03-21,8.77,,,,,,,
JQ덕수1,2009-03-22,8.79,,,,,,,
JQ덕수1,2009-03-23,8.8,,,,,,,
JQ덕수1,2009-03-24,8.8,,,,,,,
JQ덕수1,2009-03-25,8.81,,,,,,,
JQ덕수1,2009-03-26,8.8,,,,,,,
JQ덕수1,2009-03-27,8.8,,,,,,,
JQ덕수1,2009-03-28,8.79,,,,,,,
JQ덕수1,2009-03-29,8.78,,,,,,,
JQ덕수1,2009-03-30,8.77,,,,,,,
JQ덕수1,2009-03-31,8.75,,,,,,,
JQ덕수1,2009-04-01,8.74,,,,,,,
JQ덕수1,2009-04-02,8.73,,,,,,,
JQ덕수1,2009-04-03,8.71,,,,,,,
JQ덕수1,2009-04-04,8.7,,,,,,,
JQ덕수1,2009-04-05,8.69,,,,,,,
JQ덕수1,2009-04-06,8.67,,,,,,,
JQ덕수1,2009-04-07,8.66,,,,,,,
JQ덕수1,2009-04-08,8.64,,,,,,,
JQ덕수1,2009-04-09,8.62,,,,,,,
JQ덕수1,2009-04-10,8.6,,,,,,,
JQ덕수1,2009-04-11,8.58,,,,,,,
JQ덕수1,2009-04-12,8.58,,,,,,,
JQ덕수1,2009-04-13,8.58,,,,,,,
JQ덕수1,2009-04-14,8.58,,,,,,,
JQ덕수1,2009-04-15,8.58,,,,,,,
JQ덕수1,2009-04-16,8.58,,,,,,,
JQ덕수1,2009-04-17,8.57,,,,,,,
JQ덕수1,2009-04-18,8.55,,,,,,,
JQ덕수1,2009-04-19,8.55,,,,,,,
JQ덕수1,2009-04-20,8.56,,,,,,,
JQ덕수1,2009-04-21,8.58,,,,,,,
JQ덕수1,2009-04-22,8.61,,,,,,,
JQ덕수1,2009-04-23,8.63,,,,,,,
JQ덕수1,2009-04-24,8.65,,,,,,,
JQ덕수1,2009-04-25,8.67,,,,,,,
JQ덕수1,2009-04-26,8.72,,,,,,,
JQ덕수1,2009-04-27,8.77,,,,,,,
JQ덕수1,2009-04-28,8.8,,,,,,,
JQ덕수1,2009-04-29,8.83,,,,,,,
JQ덕수1,2009-04-30,8.84,,,,,,,
JQ덕수1,2009-05-01,8.85,,,,,,,
JQ덕수1,2009-05-02,8.87,,,,,,,
JQ덕수1,2009-05-03,8.87,,,,,,,
JQ덕수1,2009-05-04,8.88,,,,,,,
JQ덕수1,2009-05-05,8.88,,,,,,,
JQ덕수1,2009-05-06,8.88,,,,,,,
JQ덕수1,2009-05-07,8.88,,,,,,,
JQ덕수1,2009-05-08,8.89,,,,,,,
JQ덕수1,2009-05-09,8.88,,,,,,,
JQ덕수1,2009-05-10,8.87,,,,,,,
JQ덕수1,2009-05-11,8.87,,,,,,,
JQ덕수1,2009-05-12,8.86,,,,,,,
JQ덕수1,2009-05-13,8.85,,,,,,,
JQ덕수1,2009-05-14,8.83,,,,,,,
JQ덕수1,2009-05-15,8.82,,,,,,,
JQ덕수1,2009-05-16,8.82,,,,,,,
JQ덕수1,2009-05-17,8.81,,,,,,,
JQ덕수1,2009-05-18,8.79,,,,,,,
JQ덕수1,2009-05-19,8.78,,,,,,,
JQ덕수1,2009-05-20,8.77,,,,,,,
JQ덕수1,2009-05-21,8.77,,,,,,,
JQ덕수1,2009-05-22,8.78,,,,,,,
JQ덕수1,2009-05-23,8.8,,,,,,,
JQ덕수1,2009-05-24,8.81,,,,,,,
JQ덕수1,2009-05-25,8.82,,,,,,,
JQ덕수1,2009-05-26,8.82,,,,,,,
JQ덕수1,2009-05-27,8.82,,,,,,,
JQ덕수1,2009-05-28,8.82,,,,,,,
JQ덕수1,2009-05-29,8.82,,,,,,,
JQ덕수1,2009-05-30,8.82,,,,,,,
JQ덕수1,2009-05-31,8.83,,,,,,,
JQ덕수1,2009-06-01,8.83,,,,,,,
JQ덕수1,2009-06-02,8.83,,,,,,,
JQ덕수1,2009-06-03,8.84,,,,,,,
JQ덕수1,2009-06-04,8.9,,,,,,,
JQ덕수1,2009-06-05,9.13,,,,,,,
JQ덕수1,2009-06-06,9.13,,,,,,,
JQ덕수1,2009-06-07,9.11,,,,,,,
JQ덕수1,2009-06-08,9.1,,,,,,,
JQ덕수1,2009-06-09,9.09,,,,,,,
JQ덕수1,2009-06-10,9.09,,,,,,,
JQ덕수1,2009-06-11,9.1,,,,,,,
JQ덕수1,2009-06-12,9.11,,,,,,,
JQ덕수1,2009-06-13,9.1,,,,,,,
JQ덕수1,2009-06-14,9.1,,,,,,,
JQ덕수1,2009-06-15,9.09,,,,,,,
JQ덕수1,2009-06-16,9.07,,,,,,,
JQ덕수1,2009-06-17,9.06,,,,,,,
JQ덕수1,2009-06-18,9.05,,,,,,,
JQ덕수1,2009-06-19,9.04,,,,,,,
JQ덕수1,2009-06-20,9.04,,,,,,,
JQ덕수1,2009-06-21,9.04,,,,,,,
JQ덕수1,2009-06-22,9.05,,,,,,,
JQ덕수1,2009-06-23,9.07,,,,,,,
JQ덕수1,2009-06-24,9.1,,,,,,,
JQ덕수1,2009-06-25,9.11,,,,,,,
JQ덕수1,2009-06-26,9.12,,,,,,,
JQ덕수1,2009-06-27,9.14,,,,,,,
JQ덕수1,2009-06-28,9.15,,,,,,,
JQ덕수1,2009-06-29,9.16,,,,,,,
JQ덕수1,2009-06-30,9.2,,,,,,,
JQ덕수1,2009-07-01,9.26,,,,,,,
JQ덕수1,2009-07-02,9.36,,,,,,,
JQ덕수1,2009-07-03,9.45,,,,,,,
JQ덕수1,2009-07-04,9.52,,,,,,,
JQ덕수1,2009-07-05,9.57,,,,,,,
JQ덕수1,2009-07-06,9.61,,,,,,,
JQ덕수1,2009-07-07,9.65,,,,,,,
JQ덕수1,2009-07-08,9.69,,,,,,,
JQ덕수1,2009-07-09,9.74,,,,,,,
JQ덕수1,2009-07-10,9.76,,,,,,,
JQ덕수1,2009-07-11,9.79,,,,,,,
JQ덕수1,2009-07-12,9.81,,,,,,,
JQ덕수1,2009-07-13,9.82,,,,,,,
JQ덕수1,2009-07-14,9.83,,,,,,,
JQ덕수1,2009-07-15,9.83,,,,,,,
JQ덕수1,2009-07-16,9.84,,,,,,,
JQ덕수1,2009-07-17,9.84,,,,,,,
JQ덕수1,2009-07-18,9.84,,,,,,,
JQ덕수1,2009-07-19,9.83,,,,,,,
JQ덕수1,2009-07-20,9.83,,,,,,,
JQ덕수1,2009-07-21,9.83,,,,,,,
JQ덕수1,2009-07-22,9.83,,,,,,,
JQ덕수1,2009-07-23,9.84,,,,,,,
JQ덕수1,2009-07-24,9.85,,,,,,,
JQ덕수1,2009-07-25,9.89,,,,,,,
JQ덕수1,2009-07-26,9.95,,,,,,,
JQ덕수1,2009-07-27,10.01,,,,,,,
JQ덕수1,2009-07-28,10.06,,,,,,,
JQ덕수1,2009-07-29,10.13,,,,,,,
JQ덕수1,2009-07-30,10.23,,,,,,,
JQ덕수1,2009-07-31,10.33,,,,,,,
JQ덕수1,2009-08-01,10.4,,,,,,,
JQ덕수1,2009-08-02,10.46,,,,,,,
JQ덕수1,2009-08-03,10.52,,,,,,,
JQ덕수1,2009-08-04,10.55,,,,,,,
JQ덕수1,2009-08-05,10.58,,,,,,,
JQ덕수1,2009-08-06,10.61,,,,,,,
JQ덕수1,2009-08-07,10.61,,,,,,,
JQ덕수1,2009-08-08,10.62,,,,,,,
JQ덕수1,2009-08-09,10.63,,,,,,,
JQ덕수1,2009-08-10,10.64,,,,,,,
JQ덕수1,2009-08-11,10.64,,,,,,,
JQ덕수1,2009-08-12,10.65,,,,,,,
JQ덕수1,2009-08-13,10.65,,,,,,,
JQ덕수1,2009-08-14,10.64,,,,,,,
JQ덕수1,2009-08-15,10.64,,,,,,,
JQ덕수1,2009-08-16,10.63,,,,,,,
JQ덕수1,2009-08-17,10.63,,,,,,,
JQ덕수1,2009-08-18,10.62,,,,,,,
JQ덕수1,2009-08-19,10.61,,,,,,,
JQ덕수1,2009-08-20,10.61,,,,,,,
JQ덕수1,2009-08-21,10.6,,,,,,,
JQ덕수1,2009-08-22,10.59,,,,,,,
JQ덕수1,2009-08-23,10.58,,,,,,,
JQ덕수1,2009-08-24,10.55,,,,,,,
JQ덕수1,2009-08-25,10.54,,,,,,,
JQ덕수1,2009-08-26,10.51,,,,,,,
JQ덕수1,2009-08-27,10.5,,,,,,,
JQ덕수1,2009-08-28,10.5,,,,,,,
JQ덕수1,2009-08-29,10.47,,,,,,,
JQ덕수1,2009-08-30,10.46,,,,,,,
JQ덕수1,2009-08-31,10.44,,,,,,,
JQ덕수1,2009-09-01,10.43,,,,,,,
JQ덕수1,2009-09-02,10.42,,,,,,,
JQ덕수1,2009-09-03,10.4,,,,,,,
JQ덕수1,2009-09-04,10.39,,,,,,,
JQ덕수1,2009-09-05,10.37,,,,,,,
JQ덕수1,2009-09-06,10.36,,,,,,,
JQ덕수1,2009-09-07,10.34,,,,,,,
JQ덕수1,2009-09-08,10.32,,,,,,,
JQ덕수1,2009-09-09,10.3,,,,,,,
JQ덕수1,2009-09-10,10.27,,,,,,,
JQ덕수1,2009-09-11,10.25,,,,,,,
JQ덕수1,2009-09-12,10.24,,,,,,,
JQ덕수1,2009-09-13,10.22,,,,,,,
JQ덕수1,2009-09-14,10.2,,,,,,,
JQ덕수1,2009-09-15,10.18,,,,,,,
JQ덕수1,2009-09-16,10.15,,,,,,,
JQ덕수1,2009-09-17,10.12,,,,,,,
JQ덕수1,2009-09-18,10.09,,,,,,,
JQ덕수1,2009-09-19,10.07,,,,,,,
JQ덕수1,2009-09-20,10.05,,,,,,,
JQ덕수1,2009-09-21,10.02,,,,,,,
JQ덕수1,2009-09-22,9.99,,,,,,,
JQ덕수1,2009-09-23,9.96,,,,,,,
JQ덕수1,2009-09-24,9.93,,,,,,,
JQ덕수1,2009-09-25,9.91,,,,,,,
JQ덕수1,2009-09-26,9.89,,,,,,,
JQ덕수1,2009-09-27,9.87,,,,,,,
JQ덕수1,2009-09-28,9.86,,,,,,,
JQ덕수1,2009-09-29,9.83,,,,,,,
JQ덕수1,2009-09-30,9.81,,,,,,,
JQ덕수1,2009-10-01,9.8,,,,,,,
JQ덕수1,2009-10-02,9.81,,,,,,,
JQ덕수1,2009-10-03,9.87,,,,,,,
JQ덕수1,2009-10-04,9.92,,,,,,,
JQ덕수1,2009-10-05,9.96,,,,,,,
JQ덕수1,2009-10-06,9.98,,,,,,,
JQ덕수1,2009-10-07,10.02,,,,,,,
JQ덕수1,2009-10-08,10.04,,,,,,,
JQ덕수1,2009-10-09,10.05,,,,,,,
JQ덕수1,2009-10-10,10.06,,,,,,,
JQ덕수1,2009-10-11,10.05,,,,,,,
JQ덕수1,2009-10-12,10.04,,,,,,,
JQ덕수1,2009-10-13,10.03,,,,,,,
JQ덕수1,2009-10-14,10.02,,,,,,,
JQ덕수1,2009-10-15,10.0,,,,,,,
JQ덕수1,2009-10-16,9.99,,,,,,,
JQ덕수1,2009-10-17,9.98,,,,,,,
JQ덕수1,2009-10-18,9.96,,,,,,,
JQ덕수1,2009-10-19,9.94,,,,,,,
JQ덕수1,2009-10-20,9.91,,,,,,,
JQ덕수1,2009-10-21,9.88,,,,,,,
JQ덕수1,2009-10-22,9.86,,,,,,,
JQ덕수1,2009-10-23,9.83,,,,,,,
JQ덕수1,2009-10-24,9.8,,,,,,,
JQ덕수1,2009-10-25,9.78,,,,,,,
JQ덕수1,2009-10-26,9.75,,,,,,,
JQ덕수1,2009-10-27,9.71,,,,,,,
JQ덕수1,2009-10-28,9.69,,,,,,,
JQ덕수1,2009-10-29,9.66,,,,,,,
JQ덕수1,2009-10-30,9.63,,,,,,,
JQ덕수1,2009-10-31,9.61,,,,,,,
JQ덕수1,2009-11-01,9.58,,,,,,,
JQ덕수1,2009-11-02,9.55,,,,,,,
JQ덕수1,2009-11-03,9.51,,,,,,,
JQ덕수1,2009-11-04,9.49,,,,,,,
JQ덕수1,2009-11-05,9.46,,,,,,,
JQ덕수1,2009-11-06,9.44,,,,,,,
JQ덕수1,2009-11-07,9.43,,,,,,,
JQ덕수1,2009-11-08,9.41,,,,,,,
JQ덕수1,2009-11-09,9.4,,,,,,,
JQ덕수1,2009-11-10,9.41,,,,,,,
JQ덕수1,2009-11-11,9.4,,,,,,,
JQ덕수1,2009-11-12,9.4,,,,,,,
JQ덕수1,2009-11-13,9.41,,,,,,,
JQ덕수1,2009-11-14,9.39,,,,,,,
JQ덕수1,2009-11-15,9.38,,,,,,,
JQ덕수1,2009-11-16,9.38,,,,,,,
JQ덕수1,2009-11-17,9.37,,,,,,,
JQ덕수1,2009-11-18,9.35,,,,,,,
JQ덕수1,2009-11-19,9.35,,,,,,,
JQ덕수1,2009-11-20,9.34,,,,,,,
JQ덕수1,2009-11-21,9.32,,,,,,,
JQ덕수1,2009-11-22,9.31,,,,,,,
JQ덕수1,2009-11-23,9.3,,,,,,,
JQ덕수1,2009-11-24,9.29,,,,,,,
JQ덕수1,2009-11-25,9.28,,,,,,,
JQ덕수1,2009-11-26,9.26,,,,,,,
JQ덕수1,2009-11-27,9.25,,,,,,,
JQ덕수1,2009-11-28,9.24,,,,,,,
JQ덕수1,2009-11-29,9.22,,,,,,,
JQ덕수1,2009-11-30,9.2,,,,,,,
JQ덕수1,2009-12-01,9.19,,,,,,,
JQ덕수1,2009-12-02,9.17,,,,,,,
JQ덕수1,2009-12-03,9.16,,,,,,,
JQ덕수1,2009-12-04,9.14,,,,,,,
JQ덕수1,2009-12-05,9.13,,,,,,,
JQ덕수1,2009-12-06,9.11,,,,,,,
JQ덕수1,2009-12-07,9.09,,,,,,,
JQ덕수1,2009-12-08,9.08,,,,,,,
JQ덕수1,2009-12-09,9.07,,,,,,,
JQ덕수1,2009-12-10,9.06,,,,,,,
JQ덕수1,2009-12-11,9.05,,,,,,,
JQ덕수1,2009-12-12,9.03,,,,,,,
JQ덕수1,2009-12-13,9.02,,,,,,,
JQ덕수1,2009-12-14,9.0,,,,,,,
JQ덕수1,2009-12-15,8.99,,,,,,,
JQ덕수1,2009-12-18,8.94,,,,,,,
JQ덕수1,2009-12-19,8.92,,,,,,,
JQ덕수1,2009-12-20,8.9,,,,,,,
JQ덕수1,2009-12-21,8.88,,,,,,,
JQ덕수1,2009-12-28,8.78,,,,,,,
JQ덕수1,2009-12-29,8.78,,,,,,,
JQ덕수1,2009-12-30,8.76,,,,,,,
JQ덕수1,2009-12-31,8.74,,,,,,,
JQ덕수1,2010-01-05,8.66,,,,,,,
JQ덕수1,2010-01-06,8.65,,,,,,,
JQ덕수1,2010-01-07,8.63,,,,,,,
JQ덕수1,2010-01-08,8.61,,,,,,,
JQ덕수1,2010-01-09,8.59,,,,,,,
JQ덕수1,2010-01-10,8.57,,,,,,,
JQ덕수1,2010-01-11,8.55,,,,,,,
JQ덕수1,2010-01-12,8.53,,,,,,,
JQ덕수1,2010-01-13,8.51,,,,,,,
JQ덕수1,2010-01-14,8.49,,,,,,,
JQ덕수1,2010-01-15,8.47,,,,,,,
JQ덕수1,2010-01-16,8.46,,,,,,,
JQ덕수1,2010-01-17,8.44,,,,,,,
JQ덕수1,2010-01-18,8.42,,,,,,,
JQ덕수1,2010-01-19,8.4,,,,,,,
JQ덕수1,2010-01-20,8.39,,,,,,,
JQ덕수1,2010-01-21,8.37,,,,,,,
JQ덕수1,2010-01-22,8.36,,,,,,,
JQ덕수1,2010-01-23,8.34,,,,,,,
JQ덕수1,2010-01-24,8.33,,,,,,,
JQ덕수1,2010-01-25,8.31,,,,,,,
JQ덕수1,2010-01-26,8.29,,,,,,,
JQ덕수1,2010-01-27,8.29,,,,,,,
JQ덕수1,2010-01-28,8.27,,,,,,,
JQ덕수1,2010-01-29,8.26,,,,,,,
JQ덕수1,2010-01-30,8.26,,,,,,,
JQ덕수1,2010-02-02,8.24,,,,,,,
JQ덕수1,2010-02-03,8.25,,,,,,,
JQ덕수1,2010-02-04,8.27,,,,,,,
JQ덕수1,2010-02-05,8.27,,,,,,,
JQ덕수1,2010-02-06,8.25,,,,,,,
JQ덕수1,2010-02-07,8.24,,,,,,,
JQ덕수1,2010-02-08,8.24,,,,,,,
JQ덕수1,2010-02-09,8.24,,,,,,,
JQ덕수1,2010-02-10,8.23,,,,,,,
JQ덕수1,2010-02-13,8.23,,,,,,,
JQ덕수1,2010-02-14,8.24,,,,,,,
JQ덕수1,2010-02-15,8.23,,,,,,,
JQ덕수1,2010-02-16,8.22,,,,,,,
JQ덕수1,2010-02-17,8.22,,,,,,,
JQ덕수1,2010-02-18,8.21,,,,,,,
JQ덕수1,2010-02-19,8.21,,,,,,,
JQ덕수1,2010-02-20,8.2,,,,,,,
JQ덕수1,2010-02-21,8.19,,,,,,,
JQ덕수1,2010-02-22,8.18,,,,,,,
JQ덕수1,2010-02-23,8.18,,,,,,,
JQ덕수1,2010-02-24,8.18,,,,,,,
JQ덕수1,2010-02-25,8.18,,,,,,,
JQ덕수1,2010-02-26,8.18,,,,,,,
JQ덕수1,2010-02-27,8.18,,,,,,,
JQ덕수1,2010-02-28,8.18,,,,,,,
JQ덕수1,2010-03-01,8.19,,,,,,,
JQ덕수1,2010-03-02,8.2,,,,,,,
JQ덕수1,2010-03-03,8.21,,,,,,,
JQ덕수1,2010-03-04,8.22,,,,,,,
JQ덕수1,2010-03-05,8.22,,,,,,,
JQ덕수1,2010-03-06,8.22,,,,,,,
JQ덕수1,2010-03-07,8.24,,,,,,,
JQ덕수1,2010-03-08,8.26,,,,,,,
JQ덕수1,2010-03-09,8.29,,,,,,,
JQ덕수1,2010-03-10,8.3,,,,,,,
JQ덕수1,2010-03-11,8.32,,,,,,,
JQ덕수1,2010-03-12,8.34,,,,,,,
JQ덕수1,2010-03-13,8.34,,,,,,,
JQ덕수1,2010-03-14,8.35,,,,,,,
JQ덕수1,2010-03-15,8.36,,,,,,,
JQ덕수1,2010-03-16,8.37,,,,,,,
JQ덕수1,2010-03-17,8.4,,,,,,,
JQ덕수1,2010-03-18,8.41,,,,,,,
JQ덕수1,2010-03-19,8.43,,,,,,,
JQ덕수1,2010-03-20,8.46,,,,,,,
JQ덕수1,2010-03-21,8.47,,,,,,,
JQ덕수1,2010-03-22,8.49,,,,,,,
JQ덕수1,2010-03-23,8.5,,,,,,,
JQ덕수1,2010-03-24,8.52,,,,,,,
JQ덕수1,2010-03-25,8.53,,,,,,,
JQ덕수1,2010-03-26,8.54,,,,,,,
JQ덕수1,2010-03-27,8.56,,,,,,,
JQ덕수1,2010-03-28,8.56,,,,,,,
JQ덕수1,2010-03-29,8.56,,,,,,,
JQ덕수1,2010-03-30,8.57,,,,,,,
JQ덕수1,2010-03-31,8.58,,,,,,,
JQ덕수1,2010-04-01,8.61,,,,,,,
JQ덕수1,2010-04-02,8.76,,,,,,,
JQ덕수1,2010-04-03,8.94,,,,,,,
JQ덕수1,2010-04-04,9.09,,,,,,,
JQ덕수1,2010-04-05,9.21,,,,,,,
JQ덕수1,2010-04-06,9.3,,,,,,,
JQ덕수1,2010-04-07,9.37,,,,,,,
JQ덕수1,2010-04-08,9.43,,,,,,,
JQ덕수1,2010-04-09,9.47,,,,,,,
JQ덕수1,2010-04-10,9.52,,,,,,,
JQ덕수1,2010-04-11,9.57,,,,,,,
JQ덕수1,2010-04-12,9.61,,,,,,,
JQ덕수1,2010-04-13,9.63,,,,,,,
JQ덕수1,2010-04-14,9.65,,,,,,,
JQ덕수1,2010-04-15,9.66,,,,,,,
JQ덕수1,2010-04-16,9.66,,,,,,,
JQ덕수1,2010-04-17,9.66,,,,,,,
JQ덕수1,2010-04-18,9.66,,,,,,,
JQ덕수1,2010-04-19,9.67,,,,,,,
JQ덕수1,2010-04-20,9.69,,,,,,,
JQ덕수1,2010-04-21,9.75,,,,,,,
JQ덕수1,2010-04-22,9.8,,,,,,,
JQ덕수1,2010-04-23,9.86,,,,,,,
JQ덕수1,2010-04-24,9.91,,,,,,,
JQ덕수1,2010-04-25,9.95,,,,,,,
JQ덕수1,2010-04-26,9.99,,,,,,,
JQ덕수1,2010-04-27,10.03,,,,,,,
JQ덕수1,2010-04-28,10.08,,,,,,,
JQ덕수1,2010-04-29,10.11,,,,,,,
JQ덕수1,2010-04-30,10.14,,,,,,,
JQ덕수1,2010-05-01,10.16,,,,,,,
JQ덕수1,2010-05-02,10.19,,,,,,,
JQ덕수1,2010-05-03,10.2,,,,,,,
JQ덕수1,2010-05-04,10.22,,,,,,,
JQ덕수1,2010-05-05,10.25,,,,,,,
JQ덕수1,2010-05-06,10.27,,,,,,,
JQ덕수1,2010-05-07,10.28,,,,,,,
JQ덕수1,2010-05-08,10.29,,,,,,,
JQ덕수1,2010-05-09,10.29,,,,,,,
JQ덕수1,2010-05-10,10.3,,,,,,,
JQ덕수1,2010-05-11,10.28,,,,,,,
JQ덕수1,2010-05-12,10.27,,,,,,,
JQ덕수1,2010-05-13,10.26,,,,,,,
JQ덕수1,2010-05-14,10.24,,,,,,,
JQ덕수1,2010-05-15,10.21,,,,,,,
JQ덕수1,2010-05-16,10.19,,,,,,,
JQ덕수1,2010-05-17,10.18,,,,,,,
JQ덕수1,2010-05-18,10.18,,,,,,,
JQ덕수1,2010-05-19,10.18,,,,,,,
JQ덕수1,2010-05-20,10.17,,,,,,,
JQ덕수1,2010-05-21,10.16,,,,,,,
JQ덕수1,2010-05-22,10.17,,,,,,,
JQ덕수1,2010-05-23,10.19,,,,,,,
JQ덕수1,2010-05-24,10.21,,,,,,,
JQ덕수1,2010-05-25,10.21,,,,,,,
JQ덕수1,2010-05-26,10.2,,,,,,,
JQ덕수1,2010-05-27,10.18,,,,,,,
JQ덕수1,2010-05-28,10.17,,,,,,,
JQ덕수1,2010-05-29,10.16,,,,,,,
JQ덕수1,2010-05-30,10.14,,,,,,,
JQ덕수1,2010-05-31,10.12,,,,,,,
JQ덕수1,2010-06-01,10.1,,,,,,,
JQ덕수1,2010-06-02,10.08,,,,,,,
JQ덕수1,2010-06-03,10.05,,,,,,,
JQ덕수1,2010-06-04,10.03,,,,,,,
JQ덕수1,2010-06-05,10.02,,,,,,,
JQ덕수1,2010-06-06,10.0,,,,,,,
JQ덕수1,2010-06-07,9.98,,,,,,,
JQ덕수1,2010-06-08,9.96,,,,,,,
JQ덕수1,2010-06-09,9.93,,,,,,,
JQ덕수1,2010-06-10,9.92,,,,,,,
JQ덕수1,2010-06-11,9.9,,,,,,,
JQ덕수1,2010-06-12,9.89,,,,,,,
JQ덕수1,2010-06-13,9.89,,,,,,,
JQ덕수1,2010-06-14,9.88,,,,,,,
JQ덕수1,2010-06-15,9.88,,,,,,,
JQ덕수1,2010-06-16,9.87,,,,,,,
JQ덕수1,2010-06-17,9.86,,,,,,,
JQ덕수1,2010-06-18,9.85,,,,,,,
JQ덕수1,2010-06-19,9.84,,,,,,,
JQ덕수1,2010-06-20,9.83,,,,,,,
JQ덕수1,2010-06-21,9.82,,,,,,,
JQ덕수1,2010-06-22,9.8,,,,,,,
JQ덕수1,2010-06-23,9.78,,,,,,,
JQ덕수1,2010-06-24,9.75,,,,,,,
JQ덕수1,2010-06-25,9.75,,,,,,,
JQ덕수1,2010-06-26,9.73,,,,,,,
JQ덕수1,2010-06-27,9.73,,,,,,,
JQ덕수1,2010-06-28,9.74,,,,,,,
JQ덕수1,2010-06-29,9.83,,,,,,,
JQ덕수1,2010-06-30,10.11,,,,,,,
JQ덕수1,2010-07-01,10.41,,,,,,,
JQ덕수1,2010-07-02,10.66,,,,,,,
JQ덕수1,2010-07-03,10.86,,,,,,,
JQ덕수1,2010-07-04,11.01,,,,,,,
JQ덕수1,2010-07-05,11.13,,,,,,,
JQ덕수1,2010-07-06,11.23,,,,,,,
JQ덕수1,2010-07-07,11.31,,,,,,,
JQ덕수1,2010-07-08,11.37,,,,,,,
JQ덕수1,2010-07-09,11.41,,,,,,,
JQ덕수1,2010-07-10,11.45,,,,,,,
JQ덕수1,2010-07-11,11.49,,,,,,,
JQ덕수1,2010-07-12,11.52,,,,,,,
JQ덕수1,2010-07-13,11.57,,,,,,,
JQ덕수1,2010-07-14,11.84,,,,,,,
JQ덕수1,2010-07-15,12.22,,,,,,,
JQ덕수1,2010-07-16,12.54,,,,,,,
JQ덕수1,2010-07-17,12.75,,,,,,,
JQ덕수1,2010-07-18,12.91,,,,,,,
JQ덕수1,2010-07-19,13.03,,,,,,,
JQ덕수1,2010-07-20,13.13,,,,,,,
JQ덕수1,2010-07-21,13.2,,,,,,,
JQ덕수1,2010-07-22,13.26,,,,,,,
JQ덕수1,2010-07-23,13.31,,,,,,,
JQ덕수1,2010-07-24,13.34,,,,,,,
JQ덕수1,2010-07-25,13.36,,,,,,,
JQ덕수1,2010-07-26,13.38,,,,,,,
JQ덕수1,2010-07-27,13.39,,,,,,,
JQ덕수1,2010-07-28,13.43,,,,,,,
JQ덕수1,2010-07-29,13.46,,,,,,,
JQ덕수1,2010-07-30,13.47,,,,,,,
JQ덕수1,2010-07-31,13.48,,,,,,,
JQ덕수1,2010-08-01,13.48,,,,,,,
JQ덕수1,2010-08-02,13.47,,,,,,,
JQ덕수1,2010-08-03,13.46,,,,,,,
JQ덕수1,2010-08-04,13.44,,,,,,,
JQ덕수1,2010-08-05,13.42,,,,,,,
JQ덕수1,2010-08-06,13.39,,,,,,,
JQ덕수1,2010-08-07,13.36,,,,,,,
JQ덕수1,2010-08-08,13.34,,,,,,,
JQ덕수1,2010-08-09,13.32,,,,,,,
JQ덕수1,2010-08-10,13.32,,,,,,,
JQ덕수1,2010-08-11,13.31,,,,,,,
JQ덕수1,2010-08-12,13.32,,,,,,,
JQ덕수1,2010-08-13,13.33,,,,,,,
JQ덕수1,2010-08-14,13.32,,,,,,,
JQ덕수1,2010-08-15,13.31,,,,,,,
JQ덕수1,2010-08-16,13.3,,,,,,,
JQ덕수1,2010-08-17,13.27,,,,,,,
JQ덕수1,2010-08-18,13.24,,,,,,,
JQ덕수1,2010-08-19,13.21,,,,,,,
JQ덕수1,2010-08-20,13.18,,,,,,,
JQ덕수1,2010-08-21,13.16,,,,,,,
JQ덕수1,2010-08-22,13.14,,,,,,,
JQ덕수1,2010-08-23,13.1,,,,,,,
JQ덕수1,2010-08-24,13.08,,,,,,,
JQ덕수1,2010-08-25,13.06,,,,,,,
JQ덕수1,2010-08-26,13.03,,,,,,,
JQ덕수1,2010-08-27,13.01,,,,,,,
JQ덕수1,2010-08-28,13.05,,,,,,,
JQ덕수1,2010-08-29,13.23,,,,,,,
JQ덕수1,2010-08-30,13.47,,,,,,,
JQ덕수1,2010-08-31,13.82,,,,,,,
JQ덕수1,2010-09-01,14.11,,,,,,,
JQ덕수1,2010-09-02,14.33,,,,,,,
JQ덕수1,2010-09-03,14.67,,,,,,,
JQ덕수1,2010-09-04,14.99,,,,,,,
JQ덕수1,2010-09-05,15.24,,,,,,,
JQ덕수1,2010-09-06,15.46,,,,,,,
JQ덕수1,2010-09-07,15.61,,,,,,,
JQ덕수1,2010-09-08,15.71,,,,,,,
JQ덕수1,2010-09-09,15.78,,,,,,,
JQ덕수1,2010-09-10,15.84,,,,,,,
JQ덕수1,2010-09-11,15.88,,,,,,,
JQ덕수1,2010-09-12,15.91,,,,,,,
JQ덕수1,2010-09-13,15.92,,,,,,,
JQ덕수1,2010-09-14,15.92,,,,,,,
JQ덕수1,2010-09-15,15.92,,,,,,,
JQ덕수1,2010-09-16,15.92,,,,,,,
JQ덕수1,2010-09-17,15.9,,,,,,,
JQ덕수1,2010-09-18,15.88,,,,,,,
JQ덕수1,2010-09-19,15.86,,,,,,,
JQ덕수1,2010-09-20,15.83,,,,,,,
JQ덕수1,2010-09-21,15.8,,,,,,,
JQ덕수1,2010-09-22,15.78,,,,,,,
JQ덕수1,2010-09-23,15.74,,,,,,,
JQ덕수1,2010-09-24,15.7,,,,,,,
JQ덕수1,2010-09-25,15.66,,,,,,,
JQ덕수1,2010-09-26,15.61,,,,,,,
JQ덕수1,2010-09-27,15.57,,,,,,,
JQ덕수1,2010-09-28,15.52,,,,,,,
JQ덕수1,2010-09-29,15.47,,,,,,,
JQ덕수1,2010-09-30,15.41,,,,,,,
JQ덕수1,2010-10-01,15.36,,,,,,,
JQ덕수1,2010-10-02,15.33,,,,,,,
JQ덕수1,2010-10-03,15.29,,,,,,,
JQ덕수1,2010-10-04,15.25,,,,,,,
JQ덕수1,2010-10-05,15.19,,,,,,,
JQ덕수1,2010-10-06,15.14,,,,,,,
JQ덕수1,2010-10-07,15.09,,,,,,,
JQ덕수1,2010-10-08,15.04,,,,,,,
JQ덕수1,2010-10-09,15.01,,,,,,,
JQ덕수1,2010-10-10,14.95,,,,,,,
JQ덕수1,2010-10-11,14.91,,,,,,,
JQ덕수1,2010-10-12,14.85,,,,,,,
JQ덕수1,2010-10-13,14.8,,,,,,,
JQ덕수1,2010-10-14,14.75,,,,,,,
JQ덕수1,2010-10-15,14.69,,,,,,,
JQ덕수1,2010-10-16,14.63,,,,,,,
JQ덕수1,2010-10-17,14.56,,,,,,,
JQ덕수1,2010-10-18,14.5,,,,,,,
JQ덕수1,2010-10-19,14.45,,,,,,,
JQ덕수1,2010-10-20,14.4,,,,,,,
JQ덕수1,2010-10-21,14.35,,,,,,,
JQ덕수1,2010-10-22,14.3,,,,,,,
JQ덕수1,2010-10-23,14.26,,,,,,,
JQ덕수1,2010-10-24,14.23,,,,,,,
JQ덕수1,2010-10-25,14.18,,,,,,,
JQ덕수1,2010-10-26,14.12,,,,,,,
JQ덕수1,2010-10-27,14.07,,,,,,,
JQ덕수1,2010-10-28,14.03,,,,,,,
JQ덕수1,2010-10-29,13.98,,,,,,,
JQ덕수1,2010-10-30,13.94,,,,,,,
JQ덕수1,2010-10-31,13.89,,,,,,,
JQ덕수1,2010-11-01,13.85,,,,,,,
JQ덕수1,2010-11-02,13.79,,,,,,,
JQ덕수1,2010-11-03,13.73,,,,,,,
JQ덕수1,2010-11-04,13.69,,,,,,,
JQ덕수1,2010-11-05,13.65,,,,,,,
JQ덕수1,2010-11-06,13.61,,,,,,,
JQ덕수1,2010-11-07,13.57,,,,,,,
JQ덕수1,2010-11-08,13.53,,,,,,,
JQ덕수1,2010-11-09,13.49,,,,,,,
JQ덕수1,2010-11-10,13.47,,,,,,,
JQ덕수1,2010-11-11,13.43,,,,,,,
JQ덕수1,2010-11-12,13.38,,,,,,,
JQ덕수1,2010-11-13,13.33,,,,,,,
JQ덕수1,2010-11-14,13.28,,,,,,,
JQ덕수1,2010-11-15,13.23,,,,,,,
JQ덕수1,2010-11-16,13.19,,,,,,,
JQ덕수1,2010-11-17,13.15,,,,,,,
JQ덕수1,2010-11-18,13.11,,,,,,,
JQ덕수1,2010-11-19,13.07,,,,,,,
JQ덕수1,2010-11-20,13.04,,,,,,,
JQ덕수1,2010-11-21,13.01,,,,,,,
JQ덕수1,2010-11-22,12.99,,,,,,,
JQ덕수1,2010-11-23,12.94,,,,,,,
JQ덕수1,2010-11-24,12.9,,,,,,,
JQ덕수1,2010-11-25,12.86,,,,,,,
JQ덕수1,2010-11-26,12.82,,,,,,,
JQ덕수1,2010-11-27,12.79,,,,,,,
JQ덕수1,2010-11-28,12.74,,,,,,,
JQ덕수1,2010-11-29,12.7,,,,,,,
JQ덕수1,2010-11-30,12.67,,,,,,,
JQ덕수1,2010-12-01,12.63,,,,,,,
JQ덕수1,2010-12-02,12.61,,,,,,,
JQ덕수1,2010-12-03,12.57,,,,,,,
JQ덕수1,2010-12-04,12.53,,,,,,,
JQ덕수1,2010-12-05,12.51,,,,,,,
JQ덕수1,2010-12-06,12.47,,,,,,,
JQ덕수1,2010-12-07,12.44,,,,,,,
JQ덕수1,2010-12-08,12.42,,,,,,,
JQ덕수1,2010-12-09,12.38,,,,,,,
JQ덕수1,2010-12-10,12.36,,,,,,,
JQ덕수1,2010-12-11,12.32,,,,,,,
JQ덕수1,2010-12-12,12.29,,,,,,,
JQ덕수1,2010-12-13,12.27,,,,,,,
JQ덕수1,2010-12-14,12.23,,,,,,,
JQ덕수1,2010-12-15,12.2,,,,,,,
JQ덕수1,2010-12-16,12.19,,,,,,,
JQ덕수1,2010-12-21,12.05,,,,,,,
JQ덕수1,2010-12-22,12.02,,,,,,,
JQ덕수1,2010-12-23,11.99,,,,,,,
JQ덕수1,2010-12-24,11.96,,,,,,,
JQ덕수1,2010-12-25,11.94,,,,,,,
JQ덕수1,2010-12-26,11.92,,,,,,,
JQ덕수1,2010-12-27,11.89,,,,,,,
JQ덕수1,2010-12-28,11.87,,,,,,,
JQ덕수1,2010-12-29,11.84,,,,,,,
JQ덕수1,2010-12-30,11.82,,,,,,,
JQ덕수1,2010-12-31,11.79,,,,,,,
JQ덕수1,2011-01-01,11.75,,,,,,,
JQ덕수1,2011-01-02,11.72,,,,,,,
JQ덕수1,2011-01-03,11.7,,,,,,,
JQ덕수1,2011-01-04,11.67,,,,,,,
JQ덕수1,2011-01-05,11.65,,,,,,,
JQ덕수1,2011-01-06,11.61,,,,,,,
JQ덕수1,2011-01-07,11.58,,,,,,,
JQ덕수1,2011-01-08,11.55,,,,,,,
JQ덕수1,2011-01-09,11.53,,,,,,,
JQ덕수1,2011-01-10,11.5,,,,,,,
JQ덕수1,2011-01-11,11.48,,,,,,,
JQ덕수1,2011-01-12,11.45,,,,,,,
JQ덕수1,2011-01-13,11.42,,,,,,,
JQ덕수1,2011-01-14,11.4,,,,,,,
JQ덕수1,2011-01-15,11.37,,,,,,,
JQ덕수1,2011-01-16,11.34,,,,,,,
JQ덕수1,2011-01-17,11.3,,,,,,,
JQ덕수1,2011-01-18,11.28,,,,,,,
JQ덕수1,2011-01-19,11.25,,,,,,,
JQ덕수1,2011-01-20,11.24,,,,,,,
JQ덕수1,2011-01-21,11.2,,,,,,,
JQ덕수1,2011-01-22,11.18,,,,,,,
JQ덕수1,2011-01-23,11.15,,,,,,,
JQ덕수1,2011-01-24,11.13,,,,,,,
JQ덕수1,2011-01-25,11.09,,,,,,,
JQ덕수1,2011-01-26,11.07,,,,,,,
JQ덕수1,2011-01-27,11.03,,,,,,,
JQ덕수1,2011-01-28,11.02,,,,,,,
JQ덕수1,2011-01-29,10.99,,,,,,,
JQ덕수1,2011-01-30,10.97,,,,,,,
JQ덕수1,2011-01-31,10.94,,,,,,,
JQ덕수1,2011-02-01,10.92,,,,,,,
JQ덕수1,2011-02-02,10.9,,,,,,,
JQ덕수1,2011-02-03,10.88,,,,,,,
JQ덕수1,2011-02-04,10.86,,,,,,,
JQ덕수1,2011-02-05,10.84,,,,,,,
JQ덕수1,2011-02-06,10.82,,,,,,,
JQ덕수1,2011-02-07,10.8,,,,,,,
JQ덕수1,2011-02-08,10.81,,,,,,,
JQ덕수1,2011-02-09,10.78,,,,,,,
JQ덕수1,2011-02-10,10.77,,,,,,,
JQ덕수1,2011-02-11,10.74,,,,,,,
JQ덕수1,2011-02-12,10.71,,,,,,,
JQ덕수1,2011-02-13,10.69,,,,,,,
JQ덕수1,2011-02-14,10.67,,,,,,,
JQ덕수1,2011-02-15,10.64,,,,,,,
JQ덕수1,2011-02-16,10.63,,,,,,,
JQ덕수1,2011-02-17,10.62,,,,,,,
JQ덕수1,2011-02-18,10.59,,,,,,,
JQ덕수1,2011-02-19,10.58,,,,,,,
JQ덕수1,2011-02-20,10.56,,,,,,,
JQ덕수1,2011-02-21,10.53,,,,,,,
JQ덕수1,2011-02-22,10.51,,,,,,,
JQ덕수1,2011-02-23,10.49,,,,,,,
JQ덕수1,2011-02-24,10.47,,,,,,,
JQ덕수1,2011-02-25,10.44,,,,,,,
JQ덕수1,2011-02-26,10.43,,,,,,,
JQ덕수1,2011-02-27,10.42,,,,,,,
JQ덕수1,2011-02-28,10.4,,,,,,,
JQ덕수1,2011-03-01,10.38,,,,,,,
JQ덕수1,2011-03-02,10.36,,,,,,,
JQ덕수1,2011-03-03,10.34,,,,,,,
JQ덕수1,2011-03-04,10.32,,,,,,,
JQ덕수1,2011-03-05,10.31,,,,,,,
JQ덕수1,2011-03-06,10.3,,,,,,,
JQ덕수1,2011-03-07,10.27,,,,,,,
JQ덕수1,2011-03-08,10.25,,,,,,,
JQ덕수1,2011-03-09,10.22,,,,,,,
JQ덕수1,2011-03-10,10.2,,,,,,,
JQ덕수1,2011-03-11,10.17,,,,,,,
JQ덕수1,2011-03-12,10.16,,,,,,,
JQ덕수1,2011-03-13,10.13,,,,,,,
JQ덕수1,2011-03-14,10.11,,,,,,,
JQ덕수1,2011-03-15,10.09,,,,,,,
JQ덕수1,2011-03-16,10.07,,,,,,,
JQ덕수1,2011-03-17,10.04,,,,,,,
JQ덕수1,2011-03-18,10.03,,,,,,,
JQ덕수1,2011-03-19,10.01,,,,,,,
JQ덕수1,2011-03-20,10.0,,,,,,,
JQ덕수1,2011-03-21,9.98,,,,,,,
JQ덕수1,2011-03-22,9.96,,,,,,,
JQ덕수1,2011-03-23,9.95,,,,,,,
JQ덕수1,2011-03-24,9.93,,,,,,,
JQ덕수1,2011-03-25,9.91,,,,,,,
JQ덕수1,2011-03-26,9.89,,,,,,,
JQ덕수1,2011-03-27,9.87,,,,,,,
JQ덕수1,2011-03-28,9.85,,,,,,,
JQ덕수1,2011-03-29,9.83,,,,,,,
JQ덕수1,2011-03-30,9.81,,,,,,,
JQ덕수1,2011-03-31,9.79,,,,,,,
JQ덕수1,2011-04-01,9.76,,,,,,,
JQ덕수1,2011-04-02,9.72,,,,,,,
JQ덕수1,2011-04-03,9.71,,,,,,,
JQ덕수1,2011-04-04,9.69,,,,,,,
JQ덕수1,2011-04-05,9.67,,,,,,,
JQ덕수1,2011-04-06,9.65,,,,,,,
JQ덕수1,2011-04-07,9.64,,,,,,,
JQ덕수1,2011-04-08,9.63,,,,,,,
JQ덕수1,2011-04-09,9.64,,,,,,,
JQ덕수1,2011-04-10,9.66,,,,,,,
JQ덕수1,2011-04-11,9.66,,,,,,,
JQ덕수1,2011-04-12,9.66,,,,,,,
JQ덕수1,2011-04-13,9.67,,,,,,,
JQ덕수1,2011-04-14,9.67,,,,,,,
JQ덕수1,2011-04-15,9.67,,,,,,,
JQ덕수1,2011-04-16,9.67,,,,,,,
JQ덕수1,2011-04-17,9.68,,,,,,,
JQ덕수1,2011-04-18,9.67,,,,,,,
JQ덕수1,2011-04-19,9.66,,,,,,,
JQ덕수1,2011-04-20,9.64,,,,,,,
JQ덕수1,2011-04-21,9.63,,,,,,,
JQ덕수1,2011-04-22,9.63,,,,,,,
JQ덕수1,2011-04-23,9.62,,,,,,,
JQ덕수1,2011-04-24,9.61,,,,,,,
JQ덕수1,2011-04-25,9.6,,,,,,,
JQ덕수1,2011-04-26,9.61,,,,,,,
JQ덕수1,2011-04-27,9.6,,,,,,,
JQ덕수1,2011-04-28,9.6,,,,,,,
JQ덕수1,2011-04-29,9.59,,,,,,,
JQ덕수1,2011-04-30,9.58,,,,,,,
JQ덕수1,2011-05-01,9.57,,,,,,,
JQ덕수1,2011-05-02,9.56,,,,,,,
JQ덕수1,2011-05-03,9.55,,,,,,,
JQ덕수1,2011-05-04,9.54,,,,,,,
JQ덕수1,2011-05-05,9.52,,,,,,,
JQ덕수1,2011-05-06,9.51,,,,,,,
JQ덕수1,2011-05-07,9.5,,,,,,,
JQ덕수1,2011-05-08,9.48,,,,,,,
JQ덕수1,2011-05-09,9.47,,,,,,,
JQ덕수1,2011-05-10,9.46,,,,,,,
JQ덕수1,2011-05-11,9.46,,,,,,,
JQ덕수1,2011-05-12,9.46,,,,,,,
JQ덕수1,2011-05-13,9.46,,,,,,,
JQ덕수1,2011-05-14,9.45,,,,,,,
JQ덕수1,2011-05-15,9.44,,,,,,,
JQ덕수1,2011-05-16,9.43,,,,,,,
JQ덕수1,2011-05-17,9.42,,,,,,,
JQ덕수1,2011-05-18,9.42,,,,,,,
JQ덕수1,2011-05-19,9.41,,,,,,,
JQ덕수1,2011-05-20,9.39,,,,,,,
JQ덕수1,2011-05-21,9.38,,,,,,,
JQ덕수1,2011-05-22,9.37,,,,,,,
JQ덕수1,2011-05-23,9.36,,,,,,,
JQ덕수1,2011-05-24,9.34,,,,,,,
JQ덕수1,2011-05-25,9.33,,,,,,,
JQ덕수1,2011-05-26,9.32,,,,,,,
JQ덕수1,2011-05-27,9.3,,,,,,,
JQ덕수1,2011-05-28,9.29,,,,,,,
JQ덕수1,2011-05-29,9.27,,,,,,,
JQ덕수1,2011-05-30,9.26,,,,,,,
JQ덕수1,2011-05-31,9.24,,,,,,,
JQ덕수1,2011-06-01,9.23,,,,,,,
JQ덕수1,2011-06-02,9.21,,,,,,,
JQ덕수1,2011-06-03,9.19,,,,,,,
JQ덕수1,2011-06-04,9.18,,,,,,,
JQ덕수1,2011-06-05,9.16,,,,,,,
JQ덕수1,2011-06-06,9.15,,,,,,,
JQ덕수1,2011-06-07,9.13,,,,,,,
JQ덕수1,2011-06-08,9.12,,,,,,,
JQ덕수1,2011-06-09,9.11,,,,,,,
JQ덕수1,2011-06-10,9.1,,,,,,,
JQ덕수1,2011-06-11,9.11,,,,,,,
JQ덕수1,2011-06-12,9.12,,,,,,,
JQ덕수1,2011-06-13,9.13,,,,,,,
JQ덕수1,2011-06-14,9.14,,,,,,,
JQ덕수1,2011-06-15,9.14,,,,,,,
JQ덕수1,2011-06-16,9.15,,,,,,,
JQ덕수1,2011-06-17,9.19,,,,,,,
JQ덕수1,2011-06-18,9.22,,,,,,,
JQ덕수1,2011-06-19,9.26,,,,,,,
JQ덕수1,2011-06-20,9.27,,,,,,,
JQ덕수1,2011-06-21,9.29,,,,,,,
JQ덕수1,2011-06-22,9.35,,,,,,,
JQ덕수1,2011-06-23,9.5,,,,,,,
JQ덕수1,2011-06-24,9.64,,,,,,,
JQ덕수1,2011-06-25,9.75,,,,,,,
JQ덕수1,2011-06-26,9.87,,,,,,,
JQ덕수1,2011-06-27,9.98,,,,,,,
JQ덕수1,2011-06-28,10.08,,,,,,,
JQ덕수1,2011-06-29,10.17,,,,,,,
JQ덕수1,2011-06-30,10.27,,,,,,,
JQ덕수1,2011-07-01,10.38,,,,,,,
JQ덕수1,2011-07-02,10.51,,,,,,,
JQ덕수1,2011-07-03,10.64,,,,,,,
JQ덕수1,2011-07-04,10.75,,,,,,,
JQ덕수1,2011-07-05,10.84,,,,,,,
JQ덕수1,2011-07-06,10.93,,,,,,,
JQ덕수1,2011-07-07,11.02,,,,,,,
JQ덕수1,2011-07-08,11.1,,,,,,,
JQ덕수1,2011-07-09,11.17,,,,,,,
JQ덕수1,2011-07-10,11.22,,,,,,,
JQ덕수1,2011-07-11,11.26,,,,,,,
JQ덕수1,2011-07-12,11.31,,,,,,,
JQ덕수1,2011-07-13,11.34,,,,,,,
JQ덕수1,2011-07-14,11.37,,,,,,,
JQ덕수1,2011-07-15,11.4,,,,,,,
JQ덕수1,2011-07-16,11.42,,,,,,,
JQ덕수1,2011-07-17,11.44,,,,,,,
JQ덕수1,2011-07-18,11.47,,,,,,,
JQ덕수1,2011-07-19,11.51,,,,,,,
JQ덕수1,2011-07-20,11.52,,,,,,,
JQ덕수1,2011-07-21,11.53,,,,,,,
JQ덕수1,2011-07-22,11.53,,,,,,,
JQ덕수1,2011-07-23,11.52,,,,,,,
JQ덕수1,2011-07-24,11.52,,,,,,,
JQ덕수1,2011-07-25,11.45,,,,,,,
JQ덕수1,2011-07-26,11.36,,,,,,,
JQ덕수1,2011-07-27,11.36,,,,,,,
JQ덕수1,2011-07-28,11.34,,,,,,,
JQ덕수1,2011-07-29,11.3,,,,,,,
JQ덕수1,2011-07-30,11.29,,,,,,,
JQ덕수1,2011-07-31,11.28,,,,,,,
JQ덕수1,2011-08-01,11.28,,,,,,,
JQ덕수1,2011-08-09,11.46,,,,,,,
JQ덕수1,2011-08-10,11.53,,,,,,,
JQ덕수1,2011-08-11,11.6,,,,,,,
JQ덕수1,2011-08-12,11.66,,,,,,,
JQ덕수1,2011-08-13,11.72,,,,,,,
JQ덕수1,2011-08-14,11.76,,,,,,,
JQ덕수1,2011-08-15,11.8,,,,,,,
JQ덕수1,2011-08-16,11.84,,,,,,,
JQ덕수1,2011-08-17,11.86,,,,,,,
JQ덕수1,2011-08-18,11.88,,,,,,,
JQ덕수1,2011-08-19,11.9,,,,,,,
JQ덕수1,2011-08-20,11.92,,,,,,,
JQ덕수1,2011-08-21,11.93,,,,,,,
JQ덕수1,2011-08-22,11.95,,,,,,,
JQ덕수1,2011-08-23,11.97,,,,,,,
JQ덕수1,2011-08-24,11.97,,,,,,,
JQ덕수1,2011-08-25,11.97,,,,,,,
JQ덕수1,2011-08-26,11.98,,,,,,,
JQ덕수1,2011-08-27,11.97,,,,,,,
JQ덕수1,2011-08-28,11.98,,,,,,,
JQ덕수1,2011-08-29,11.97,,,,,,,
JQ덕수1,2011-08-30,11.97,,,,,,,
JQ덕수1,2011-08-31,11.97,,,,,,,
JQ덕수1,2011-09-01,11.97,,,,,,,
JQ덕수1,2011-09-02,11.98,,,,,,,
JQ덕수1,2011-09-03,11.96,,,,,,,
JQ덕수1,2011-09-04,11.94,,,,,,,
JQ덕수1,2011-09-05,11.93,,,,,,,
JQ덕수1,2011-09-06,11.91,,,,,,,
JQ덕수1,2011-09-07,11.88,,,,,,,
JQ덕수1,2011-09-08,11.85,,,,,,,
JQ덕수1,2011-09-09,11.83,,,,,,,
JQ덕수1,2011-09-10,11.8,,,,,,,
JQ덕수1,2011-09-11,11.78,,,,,,,
JQ덕수1,2011-09-12,11.77,,,,,,,
JQ덕수1,2011-09-13,11.76,,,,,,,
JQ덕수1,2011-09-14,11.74,,,,,,,
JQ덕수1,2011-09-15,11.73,,,,,,,
JQ덕수1,2011-09-16,11.72,,,,,,,
JQ덕수1,2011-09-17,11.71,,,,,,,
JQ덕수1,2011-09-18,11.69,,,,,,,
JQ덕수1,2011-09-19,11.67,,,,,,,
JQ덕수1,2011-09-20,11.64,,,,,,,
JQ덕수1,2011-09-21,11.62,,,,,,,
JQ덕수1,2011-09-22,11.59,,,,,,,
JQ덕수1,2011-09-23,11.56,,,,,,,
JQ덕수1,2011-09-24,11.53,,,,,,,
JQ덕수1,2011-09-25,11.49,,,,,,,
JQ덕수1,2011-09-26,11.47,,,,,,,
JQ덕수1,2011-09-27,11.44,,,,,,,
JQ덕수1,2011-09-28,11.41,,,,,,,
JQ덕수1,2011-09-29,11.38,,,,,,,
JQ덕수1,2011-09-30,11.35,,,,,,,
JQ덕수1,2011-10-01,11.31,,,,,,,
JQ덕수1,2011-10-02,11.28,,,,,,,
JQ덕수1,2011-10-03,11.24,,,,,,,
JQ덕수1,2011-10-04,11.21,,,,,,,
JQ덕수1,2011-10-05,11.18,,,,,,,
JQ덕수1,2011-10-06,11.15,,,,,,,
JQ덕수1,2011-10-07,11.11,,,,,,,
JQ덕수1,2011-10-08,11.08,,,,,,,
JQ덕수1,2011-10-09,11.04,,,,,,,
JQ덕수1,2011-10-10,11.01,,,,,,,
JQ덕수1,2011-10-11,10.98,,,,,,,
JQ덕수1,2011-10-12,10.95,,,,,,,
JQ덕수1,2011-10-13,10.92,,,,,,,
JQ덕수1,2011-10-14,10.92,,,,,,,
JQ덕수1,2011-10-15,10.92,,,,,,,
JQ덕수1,2011-10-16,10.9,,,,,,,
JQ덕수1,2011-10-17,10.88,,,,,,,
JQ덕수1,2011-10-18,10.87,,,,,,,
JQ덕수1,2011-10-19,10.85,,,,,,,
JQ덕수1,2011-10-20,10.83,,,,,,,
JQ덕수1,2011-10-21,10.82,,,,,,,
JQ덕수1,2011-10-22,10.8,,,,,,,
JQ덕수1,2011-10-23,10.79,,,,,,,
JQ덕수1,2011-10-24,10.77,,,,,,,
JQ덕수1,2011-10-25,10.74,,,,,,,
JQ덕수1,2011-10-26,10.72,,,,,,,
JQ덕수1,2011-10-27,10.69,,,,,,,
JQ덕수1,2011-10-28,10.67,,,,,,,
JQ덕수1,2011-10-29,10.64,,,,,,,
JQ덕수1,2011-10-30,10.62,,,,,,,
JQ덕수1,2011-10-31,10.6,,,,,,,
JQ덕수1,2011-11-01,10.58,,,,,,,
JQ덕수1,2011-11-02,10.55,,,,,,,
JQ덕수1,2011-11-03,10.53,,,,,,,
JQ덕수1,2011-11-04,10.52,,,,,,,
JQ덕수1,2011-11-05,10.52,,,,,,,
JQ덕수1,2011-11-06,10.53,,,,,,,
JQ덕수1,2011-11-07,10.55,,,,,,,
JQ덕수1,2011-11-08,10.56,,,,,,,
JQ덕수1,2011-11-09,10.57,,,,,,,
JQ덕수1,2011-11-10,10.59,,,,,,,
JQ덕수1,2011-11-11,10.59,,,,,,,
JQ덕수1,2011-11-12,10.59,,,,,,,
JQ덕수1,2011-11-13,10.59,,,,,,,
JQ덕수1,2011-11-14,10.58,,,,,,,
JQ덕수1,2011-11-15,10.57,,,,,,,
JQ덕수1,2011-11-16,10.56,,,,,,,
JQ덕수1,2011-11-17,10.56,,,,,,,
JQ덕수1,2011-11-18,10.66,,,,,,,
JQ덕수1,2011-11-19,11.05,,,,,,,
JQ덕수1,2011-11-20,11.32,,,,,,,
JQ덕수1,2011-11-21,11.44,,,,,,,
JQ덕수1,2011-12-02,11.96,,,,,,,
JQ덕수1,2011-12-03,11.95,,,,,,,
JQ덕수1,2011-12-04,11.94,,,,,,,
JQ덕수1,2011-12-05,11.92,,,,,,,
JQ덕수1,2011-12-06,11.9,,,,,,,
JQ덕수1,2011-12-07,11.89,,,,,,,
JQ덕수1,2011-12-08,11.87,,,,,,,
JQ덕수1,2011-12-09,11.85,,,,,,,
JQ덕수1,2011-12-10,11.83,,,,,,,
JQ덕수1,2011-12-11,11.8,,,,,,,
JQ덕수1,2011-12-12,11.78,,,,,,,
JQ덕수1,2011-12-13,11.76,,,,,,,
JQ덕수1,2011-12-14,11.73,,,,,,,
JQ덕수1,2011-12-15,11.68,,,,,,,
JQ덕수1,2011-12-16,11.67,,,,,,,
JQ덕수1,2011-12-17,11.64,,,,,,,
JQ덕수1,2011-12-18,11.61,,,,,,,
JQ덕수1,2011-12-19,11.58,,,,,,,
JQ덕수1,2011-12-20,11.56,,,,,,,
JQ덕수1,2011-12-21,11.53,,,,,,,
JQ덕수1,2011-12-22,11.51,,,,,,,
JQ덕수1,2011-12-23,11.48,,,,,,,
JQ덕수1,2011-12-24,11.46,,,,,,,
JQ덕수1,2011-12-25,11.43,,,,,,,
JQ덕수1,2011-12-26,11.39,,,,,,,
JQ덕수1,2011-12-29,11.3,,,,,,,
JQ덕수1,2011-12-30,11.27,,,,,,,
JQ덕수1,2011-12-31,11.25,,,,,,,
JQ덕수1,2012-01-01,11.23,,,,,,,
JQ덕수1,2012-01-02,11.2,,,,,,,
JQ덕수1,2012-01-03,11.18,,,,,,,
JQ덕수1,2012-01-04,11.15,,,,,,,
JQ덕수1,2012-01-05,11.13,,,,,,,
JQ덕수1,2012-01-06,11.09,,,,,,,
JQ덕수1,2012-01-07,11.06,,,,,,,
JQ덕수1,2012-01-08,11.03,,,,,,,
JQ덕수1,2012-01-09,11.0,,,,,,,
JQ덕수1,2012-01-10,10.98,,,,,,,
JQ덕수1,2012-01-11,10.94,,,,,,,
JQ덕수1,2012-01-12,10.92,,,,,,,
JQ덕수1,2012-01-13,10.89,,,,,,,
JQ덕수1,2012-01-14,10.87,,,,,,,
JQ덕수1,2012-01-15,10.85,,,,,,,
JQ덕수1,2012-01-16,10.84,,,,,,,
JQ덕수1,2012-01-17,10.82,,,,,,,
JQ덕수1,2012-01-18,10.8,,,,,,,
JQ덕수1,2012-01-19,10.78,,,,,,,
JQ덕수1,2012-01-20,10.76,,,,,,,
JQ덕수1,2012-01-21,10.74,,,,,,,
JQ덕수1,2012-01-22,10.71,,,,,,,
JQ덕수1,2012-01-23,10.69,,,,,,,
JQ덕수1,2012-01-24,10.66,,,,,,,
JQ덕수1,2012-01-25,10.63,,,,,,,
JQ덕수1,2012-01-26,10.61,,,,,,,
JQ덕수1,2012-01-27,10.58,,,,,,,
JQ덕수1,2012-01-28,10.55,,,,,,,
JQ덕수1,2012-01-29,10.51,,,,,,,
JQ덕수1,2012-01-30,10.49,,,,,,,
JQ덕수1,2012-01-31,10.48,,,,,,,
JQ덕수1,2012-02-01,10.43,,,,,,,
JQ덕수1,2012-02-02,10.41,,,,,,,
JQ덕수1,2012-02-03,10.38,,,,,,,
JQ덕수1,2012-02-04,10.35,,,,,,,
JQ덕수1,2012-02-05,10.34,,,,,,,
JQ덕수1,2012-02-06,10.33,,,,,,,
JQ덕수1,2012-02-07,10.3,,,,,,,
JQ덕수1,2012-02-08,10.28,,,,,,,
JQ덕수1,2012-02-09,10.25,,,,,,,
JQ덕수1,2012-02-10,10.23,,,,,,,
JQ덕수1,2012-02-11,10.2,,,,,,,
JQ덕수1,2012-02-12,10.18,,,,,,,
JQ덕수1,2012-02-13,10.17,,,,,,,
JQ덕수1,2012-02-14,10.15,,,,,,,
JQ덕수1,2012-02-15,10.13,,,,,,,
JQ덕수1,2012-02-16,10.12,,,,,,,
JQ덕수1,2012-02-17,10.1,,,,,,,
JQ덕수1,2012-02-18,10.08,,,,,,,
JQ덕수1,2012-02-19,10.05,,,,,,,
JQ덕수1,2012-02-20,10.04,,,,,,,
JQ덕수1,2012-02-21,10.02,,,,,,,
JQ덕수1,2012-02-22,10.02,,,,,,,
JQ덕수1,2012-02-23,10.01,,,,,,,
JQ덕수1,2012-02-24,10.0,,,,,,,
JQ덕수1,2012-02-25,9.99,,,,,,,
JQ덕수1,2012-02-26,9.97,,,,,,,
JQ덕수1,2012-02-27,9.96,,,,,,,
JQ덕수1,2012-02-28,9.95,,,,,,,
JQ덕수1,2012-02-29,9.93,,,,,,,
JQ덕수1,2012-03-01,9.92,,,,,,,
JQ덕수1,2012-03-02,9.91,,,,,,,
JQ덕수1,2012-03-03,9.9,,,,,,,
JQ덕수1,2012-03-04,9.89,,,,,,,
JQ덕수1,2012-03-05,9.9,,,,,,,
JQ덕수1,2012-03-06,9.9,,,,,,,
JQ덕수1,2012-03-07,9.92,,,,,,,
JQ덕수1,2012-03-08,9.93,,,,,,,
JQ덕수1,2012-03-09,9.93,,,,,,,
JQ덕수1,2012-03-10,9.93,,,,,,,
JQ덕수1,2012-03-11,9.93,,,,,,,
JQ덕수1,2012-03-12,9.92,,,,,,,
JQ덕수1,2012-03-13,9.91,,,,,,,
JQ덕수1,2012-03-14,9.91,,,,,,,
JQ덕수1,2012-03-15,9.89,,,,,,,
JQ덕수1,2012-03-16,9.89,,,,,,,
JQ덕수1,2012-03-17,9.89,,,,,,,
JQ덕수1,2012-03-18,9.88,,,,,,,
JQ덕수1,2012-03-19,9.87,,,,,,,
JQ덕수1,2012-03-20,9.85,,,,,,,
JQ덕수1,2012-03-21,9.84,,,,,,,
JQ덕수1,2012-03-22,9.83,,,,,,,
JQ덕수1,2012-03-23,9.84,,,,,,,
JQ덕수1,2012-03-24,9.85,,,,,,,
JQ덕수1,2012-03-25,9.87,,,,,,,
JQ덕수1,2012-03-26,9.88,,,,,,,
JQ덕수1,2012-03-27,9.89,,,,,,,
JQ덕수1,2012-03-28,9.89,,,,,,,
JQ덕수1,2012-03-29,9.9,,,,,,,
JQ덕수1,2012-03-30,9.91,,,,,,,
JQ덕수1,2012-03-31,9.92,,,,,,,
JQ덕수1,2012-04-01,9.95,,,,,,,
JQ덕수1,2012-04-02,10.01,,,,,,,
JQ덕수1,2012-04-03,10.04,,,,,,,
JQ덕수1,2012-04-04,10.08,,,,,,,
JQ덕수1,2012-04-05,10.1,,,,,,,
JQ덕수1,2012-04-06,10.12,,,,,,,
JQ덕수1,2012-04-07,10.12,,,,,,,
JQ덕수1,2012-04-08,10.13,,,,,,,
JQ덕수1,2012-04-09,10.14,,,,,,,
JQ덕수1,2012-04-10,10.14,,,,,,,
JQ덕수1,2012-04-11,10.16,,,,,,,
JQ덕수1,2012-04-12,10.19,,,,,,,
JQ덕수1,2012-04-13,10.21,,,,,,,
JQ덕수1,2012-04-14,10.23,,,,,,,
JQ덕수1,2012-04-15,10.24,,,,,,,
JQ덕수1,2012-04-16,10.26,,,,,,,
JQ덕수1,2012-04-17,10.26,,,,,,,
JQ덕수1,2012-04-18,10.27,,,,,,,
JQ덕수1,2012-04-19,10.26,,,,,,,
JQ덕수1,2012-04-20,10.27,,,,,,,
JQ덕수1,2012-04-21,10.3,,,,,,,
JQ덕수1,2012-04-22,10.51,,,,,,,
JQ덕수1,2012-04-23,10.79,,,,,,,
JQ덕수1,2012-04-24,10.99,,,,,,,
JQ덕수1,2012-04-25,11.17,,,,,,,
JQ덕수1,2012-04-26,11.35,,,,,,,
JQ덕수1,2012-04-27,11.53,,,,,,,
JQ덕수1,2012-04-28,11.69,,,,,,,
JQ덕수1,2012-04-29,11.8,,,,,,,
JQ덕수1,2012-04-30,11.91,,,,,,,
JQ덕수1,2012-05-01,12.02,,,,,,,
JQ덕수1,2012-05-02,12.16,,,,,,,
JQ덕수1,2012-05-03,12.33,,,,,,,
JQ덕수1,2012-05-04,12.5,,,,,,,
JQ덕수1,2012-05-05,12.63,,,,,,,
JQ덕수1,2012-05-06,12.73,,,,,,,
JQ덕수1,2012-05-07,12.8,,,,,,,
JQ덕수1,2012-05-08,12.86,,,,,,,
JQ덕수1,2012-05-09,12.9,,,,,,,
JQ덕수1,2012-05-10,12.91,,,,,,,
JQ덕수1,2012-05-11,12.93,,,,,,,
JQ덕수1,2012-05-12,12.94,,,,,,,
JQ덕수1,2012-05-13,12.96,,,,,,,
JQ덕수1,2012-05-14,12.98,,,,,,,
JQ덕수1,2012-05-15,12.99,,,,,,,
JQ덕수1,2012-05-16,13.0,,,,,,,
JQ덕수1,2012-05-17,12.99,,,,,,,
JQ덕수1,2012-05-18,12.97,,,,,,,
JQ덕수1,2012-05-19,12.95,,,,,,,
JQ덕수1,2012-05-20,12.93,,,,,,,
JQ덕수1,2012-05-21,12.91,,,,,,,
JQ덕수1,2012-05-22,12.88,,,,,,,
JQ덕수1,2012-05-23,12.85,,,,,,,
JQ덕수1,2012-05-24,12.83,,,,,,,
JQ덕수1,2012-05-25,12.8,,,,,,,
JQ덕수1,2012-05-26,12.79,,,,,,,
JQ덕수1,2012-05-27,12.75,,,,,,,
JQ덕수1,2012-05-28,12.71,,,,,,,
JQ덕수1,2012-05-29,12.67,,,,,,,
JQ덕수1,2012-05-30,12.64,,,,,,,
JQ덕수1,2012-05-31,12.6,,,,,,,
JQ덕수1,2012-06-01,12.56,,,,,,,
JQ덕수1,2012-06-02,12.53,,,,,,,
JQ덕수1,2012-06-03,12.5,,,,,,,
JQ덕수1,2012-06-04,12.47,,,,,,,
JQ덕수1,2012-06-05,12.44,,,,,,,
JQ덕수1,2012-06-06,12.42,,,,,,,
JQ덕수1,2012-06-07,12.39,,,,,,,
JQ덕수1,2012-06-08,12.37,,,,,,,
JQ덕수1,2012-06-09,12.34,,,,,,,
JQ덕수1,2012-06-10,12.31,,,,,,,
JQ덕수1,2012-06-11,12.29,,,,,,,
JQ덕수1,2012-06-12,12.26,,,,,,,
JQ덕수1,2012-06-13,12.21,,,,,,,
JQ덕수1,2012-06-14,12.17,,,,,,,
JQ덕수1,2012-06-15,12.14,,,,,,,
JQ덕수1,2012-06-16,12.1,,,,,,,
JQ덕수1,2012-06-17,12.05,,,,,,,
JQ덕수1,2012-06-18,12.02,,,,,,,
JQ덕수1,2012-06-19,12.0,,,,,,,
JQ덕수1,2012-06-20,11.97,,,,,,,
JQ덕수1,2012-06-21,11.95,,,,,,,
JQ덕수1,2012-06-22,11.91,,,,,,,
JQ덕수1,2012-06-23,11.89,,,,,,,
JQ덕수1,2012-06-24,11.87,,,,,,,
JQ덕수1,2012-06-25,11.84,,,,,,,
JQ덕수1,2012-06-26,11.81,,,,,,,
JQ덕수1,2012-06-27,11.77,,,,,,,
JQ덕수1,2012-06-28,11.73,,,,,,,
JQ덕수1,2012-06-29,11.71,,,,,,,
JQ덕수1,2012-06-30,11.68,,,,,,,
JQ덕수1,2012-07-01,11.65,,,,,,,
JQ덕수1,2012-07-02,11.63,,,,,,,
JQ덕수1,2012-07-03,11.63,,,,,,,
JQ덕수1,2012-07-04,11.63,,,,,,,
JQ덕수1,2012-07-05,11.63,,,,,,,
JQ덕수1,2012-07-06,11.63,,,,,,,
JQ덕수1,2012-07-07,11.61,,,,,,,
JQ덕수1,2012-07-08,11.61,,,,,,,
JQ덕수1,2012-07-09,11.6,,,,,,,
JQ덕수1,2012-07-10,11.6,,,,,,,
JQ덕수1,2012-07-11,11.61,,,,,,,
JQ덕수1,2012-07-12,11.61,,,,,,,
JQ덕수1,2012-07-13,11.61,,,,,,,
JQ덕수1,2012-07-14,11.61,,,,,,,
JQ덕수1,2012-07-15,11.61,,,,,,,
JQ덕수1,2012-07-16,11.6,,,,,,,
JQ덕수1,2012-07-17,11.61,,,,,,,
JQ덕수1,2012-07-18,11.67,,,,,,,
JQ덕수1,2012-07-19,11.73,,,,,,,
JQ덕수1,2012-07-20,11.82,,,,,,,
JQ덕수1,2012-07-21,11.89,,,,,,,
JQ덕수1,2012-07-22,11.95,,,,,,,
JQ덕수1,2012-07-23,12.0,,,,,,,
JQ덕수1,2012-07-24,12.03,,,,,,,
JQ덕수1,2012-07-25,12.06,,,,,,,
JQ덕수1,2012-07-26,12.08,,,,,,,
JQ덕수1,2012-07-27,12.1,,,,,,,
JQ덕수1,2012-07-28,12.11,,,,,,,
JQ덕수1,2012-07-29,12.12,,,,,,,
JQ덕수1,2012-07-30,12.12,,,,,,,
JQ덕수1,2012-07-31,12.12,,,,,,,
JQ덕수1,2012-08-01,12.13,,,,,,,
JQ덕수1,2012-08-02,12.13,,,,,,,
JQ덕수1,2012-08-03,12.11,,,,,,,
JQ덕수1,2012-08-04,12.1,,,,,,,
JQ덕수1,2012-08-05,12.1,,,,,,,
JQ덕수1,2012-08-06,12.08,,,,,,,
JQ덕수1,2012-08-07,12.06,,,,,,,
JQ덕수1,2012-08-08,12.04,,,,,,,
JQ덕수1,2012-08-09,12.03,,,,,,,
JQ덕수1,2012-08-10,11.99,,,,,,,
JQ덕수1,2012-08-11,11.97,,,,,,,
JQ덕수1,2012-08-12,11.95,,,,,,,
JQ덕수1,2012-08-13,11.93,,,,,,,
JQ덕수1,2012-08-14,11.9,,,,,,,
JQ덕수1,2012-08-15,11.86,,,,,,,
JQ덕수1,2012-08-16,11.82,,,,,,,
JQ덕수1,2012-08-17,11.79,,,,,,,
JQ덕수1,2012-08-18,11.75,,,,,,,
JQ덕수1,2012-08-19,11.72,,,,,,,
JQ덕수1,2012-08-20,11.7,,,,,,,
JQ덕수1,2012-08-21,11.66,,,,,,,
JQ덕수1,2012-08-22,11.63,,,,,,,
JQ덕수1,2012-08-23,11.62,,,,,,,
JQ덕수1,2012-08-24,11.9,,,,,,,
JQ덕수1,2012-08-25,12.38,,,,,,,
JQ덕수1,2012-08-26,12.73,,,,,,,
JQ덕수1,2012-08-27,13.0,,,,,,,
JQ덕수1,2012-08-28,13.34,,,,,,,
JQ덕수1,2012-08-29,13.81,,,,,,,
JQ덕수1,2012-08-30,14.2,,,,,,,
JQ덕수1,2012-08-31,14.48,,,,,,,
JQ덕수1,2012-09-01,14.71,,,,,,,
JQ덕수1,2012-09-02,14.88,,,,,,,
JQ덕수1,2012-09-03,15.01,,,,,,,
JQ덕수1,2012-09-04,15.11,,,,,,,
JQ덕수1,2012-09-05,15.17,,,,,,,
JQ덕수1,2012-09-06,15.21,,,,,,,
JQ덕수1,2012-09-07,15.23,,,,,,,
JQ덕수1,2012-09-08,15.26,,,,,,,
JQ덕수1,2012-09-09,15.27,,,,,,,
JQ덕수1,2012-09-10,15.3,,,,,,,
JQ덕수1,2012-09-11,15.35,,,,,,,
JQ덕수1,2012-09-12,15.41,,,,,,,
JQ덕수1,2012-09-13,15.47,,,,,,,
JQ덕수1,2012-09-14,15.5,,,,,,,
JQ덕수1,2012-09-15,15.51,,,,,,,
JQ덕수1,2012-09-16,15.54,,,,,,,
JQ덕수1,2012-09-17,15.72,,,,,,,
JQ덕수1,2012-09-18,16.11,,,,,,,
JQ덕수1,2012-09-19,16.43,,,,,,,
JQ덕수1,2012-09-20,16.65,,,,,,,
JQ덕수1,2012-09-21,16.81,,,,,,,
JQ덕수1,2012-09-22,16.94,,,,,,,
JQ덕수1,2012-09-23,17.06,,,,,,,
JQ덕수1,2012-09-24,17.12,,,,,,,
JQ덕수1,2012-09-25,17.15,,,,,,,
JQ덕수1,2012-09-26,17.16,,,,,,,
JQ덕수1,2012-09-27,17.18,,,,,,,
JQ덕수1,2012-09-28,17.19,,,,,,,
JQ덕수1,2012-09-29,17.18,,,,,,,
JQ덕수1,2012-09-30,17.18,,,,,,,
JQ덕수1,2012-10-01,17.14,,,,,,,
JQ덕수1,2012-10-02,17.1,,,,,,,
JQ덕수1,2012-10-03,17.07,,,,,,,
JQ덕수1,2012-10-04,17.04,,,,,,,
JQ덕수1,2012-10-05,16.99,,,,,,,
JQ덕수1,2012-10-06,16.93,,,,,,,
JQ덕수1,2012-10-07,16.87,,,,,,,
JQ덕수1,2012-10-08,16.82,,,,,,,
JQ덕수1,2012-10-09,16.77,,,,,,,
JQ덕수1,2012-10-10,16.71,,,,,,,
JQ덕수1,2012-10-11,16.66,,,,,,,
JQ덕수1,2012-10-12,16.61,,,,,,,
JQ덕수1,2012-10-13,16.55,,,,,,,
JQ덕수1,2012-10-14,16.48,,,,,,,
JQ덕수1,2012-10-15,16.42,,,,,,,
JQ덕수1,2012-10-16,16.36,,,,,,,
JQ덕수1,2012-10-17,16.29,,,,,,,
JQ덕수1,2012-10-18,16.23,,,,,,,
JQ덕수1,2012-10-19,16.16,,,,,,,
JQ덕수1,2012-10-20,16.09,,,,,,,
JQ덕수1,2012-10-21,16.02,,,,,,,
JQ덕수1,2012-10-22,15.99,,,,,,,
JQ덕수1,2012-10-23,15.92,,,,,,,
JQ덕수1,2012-10-24,15.86,,,,,,,
JQ덕수1,2012-10-25,15.8,,,,,,,
JQ덕수1,2012-10-26,15.74,,,,,,,
JQ덕수1,2012-10-27,15.7,,,,,,,
JQ덕수1,2012-10-28,15.63,,,,,,,
JQ덕수1,2012-10-29,15.57,,,,,,,
JQ덕수1,2012-10-30,15.53,,,,,,,
JQ덕수1,2012-10-31,15.47,,,,,,,
JQ덕수1,2012-11-01,15.41,,,,,,,
JQ덕수1,2012-11-02,15.35,,,,,,,
JQ덕수1,2012-11-03,15.28,,,,,,,
JQ덕수1,2012-11-04,15.26,,,,,,,
JQ덕수1,2012-11-05,15.21,,,,,,,
JQ덕수1,2012-11-06,15.15,,,,,,,
JQ덕수1,2012-11-07,15.1,,,,,,,
JQ덕수1,2012-11-08,15.05,,,,,,,
JQ덕수1,2012-11-09,15.0,,,,,,,
JQ덕수1,2012-11-10,14.96,,,,,,,
JQ덕수1,2012-11-11,14.92,,,,,,,
JQ덕수1,2012-11-12,14.87,,,,,,,
JQ덕수1,2012-11-13,14.83,,,,,,,
JQ덕수1,2012-11-14,14.78,,,,,,,
JQ덕수1,2012-11-15,14.71,,,,,,,
JQ덕수1,2012-11-16,14.68,,,,,,,
JQ덕수1,2012-11-17,14.65,,,,,,,
JQ덕수1,2012-11-18,14.6,,,,,,,
JQ덕수1,2012-11-19,14.56,,,,,,,
JQ덕수1,2012-11-20,14.52,,,,,,,
JQ덕수1,2012-11-21,14.49,,,,,,,
JQ덕수1,2012-11-22,14.45,,,,,,,
JQ덕수1,2012-11-23,14.41,,,,,,,
JQ덕수1,2012-11-24,14.36,,,,,,,
JQ덕수1,2012-11-25,14.33,,,,,,,
JQ덕수1,2012-11-26,14.3,,,,,,,
JQ덕수1,2012-11-27,14.25,,,,,,,
JQ덕수1,2012-11-28,14.22,,,,,,,
JQ덕수1,2012-11-29,14.18,,,,,,,
JQ덕수1,2012-11-30,14.12,,,,,,,
JQ덕수1,2012-12-01,14.08,,,,,,,
JQ덕수1,2012-12-02,14.04,,,,,,,
JQ덕수1,2012-12-03,14.02,,,,,,,
JQ덕수1,2012-12-04,13.97,,,,,,,
JQ덕수1,2012-12-05,13.96,,,,,,,
JQ덕수1,2012-12-06,13.89,,,,,,,
JQ덕수1,2012-12-07,13.86,,,,,,,
JQ덕수1,2012-12-08,13.81,,,,,,,
JQ덕수1,2012-12-09,13.78,,,,,,,
JQ덕수1,2012-12-10,13.74,,,,,,,
JQ덕수1,2012-12-11,13.7,,,,,,,
JQ덕수1,2012-12-12,13.65,,,,,,,
JQ덕수1,2012-12-13,13.72,,,,,,,
JQ덕수1,2012-12-14,13.76,,,,,,,
JQ덕수1,2012-12-15,13.74,,,,,,,
JQ덕수1,2012-12-16,13.72,,,,,,,
JQ덕수1,2012-12-17,13.7,,,,,,,
JQ덕수1,2012-12-28,13.42,,,,,,,
JQ덕수1,2012-12-29,13.42,,,,,,,
JQ덕수1,2012-12-30,13.42,,,,,,,
JQ덕수1,2012-12-31,13.42,,,,,,,
JQ덕수1,2013-01-01,13.42,,,,,,,
JQ덕수1,2013-01-02,13.41,,,,,,,
JQ덕수1,2013-01-03,13.39,,,,,,,
JQ덕수1,2013-01-04,13.38,,,,,,,
JQ덕수1,2013-01-05,13.37,,,,,,,
JQ덕수1,2013-01-06,13.37,,,,,,,
JQ덕수1,2013-01-07,13.36,,,,,,,
JQ덕수1,2013-01-08,13.34,,,,,,,
JQ덕수1,2013-01-09,13.32,,,,,,,
JQ덕수1,2013-01-10,13.3,,,,,,,
JQ덕수1,2013-01-11,13.28,,,,,,,
JQ덕수1,2013-01-12,13.26,,,,,,,
JQ덕수1,2013-01-13,13.25,,,,,,,
JQ덕수1,2013-01-14,13.24,,,,,,,
JQ덕수1,2013-01-15,13.21,,,,,,,
JQ덕수1,2013-01-16,13.19,,,,,,,
JQ덕수1,2013-01-17,13.16,,,,,,,
JQ덕수1,2013-01-18,13.13,,,,,,,
JQ덕수1,2013-01-19,13.1,,,,,,,
JQ덕수1,2013-01-20,13.08,,,,,,,
JQ덕수1,2013-01-21,13.07,,,,,,,
JQ덕수1,2013-01-22,13.05,,,,,,,
JQ덕수1,2013-01-23,13.03,,,,,,,
JQ덕수1,2013-01-24,13.02,,,,,,,
JQ덕수1,2013-01-25,13.01,,,,,,,
JQ덕수1,2013-01-30,12.86,,,,,,,
JQ덕수1,2013-01-31,12.84,,,,,,,
JQ덕수1,2013-02-01,12.83,,,,,,,
JQ덕수1,2013-02-02,12.8,,,,,,,
JQ덕수1,2013-02-03,12.8,,,,,,,
JQ덕수1,2013-02-04,12.78,,,,,,,
JQ덕수1,2013-02-05,12.79,,,,,,,
JQ덕수1,2013-02-06,12.78,,,,,,,
JQ덕수1,2013-02-07,12.77,,,,,,,
JQ덕수1,2013-02-08,12.75,,,,,,,
JQ덕수1,2013-02-09,12.73,,,,,,,
JQ덕수1,2013-02-10,12.72,,,,,,,
JQ덕수1,2013-02-11,12.7,,,,,,,
JQ덕수1,2013-02-12,12.69,,,,,,,
JQ덕수1,2013-02-13,12.68,,,,,,,
JQ덕수1,2013-02-14,12.66,,,,,,,
JQ덕수1,2013-02-15,12.65,,,,,,,
JQ덕수1,2013-02-16,12.63,,,,,,,
JQ덕수1,2013-02-17,12.63,,,,,,,
JQ덕수1,2013-02-18,12.63,,,,,,,
JQ덕수1,2013-02-19,12.62,,,,,,,
JQ덕수1,2013-02-20,12.6,,,,,,,
JQ덕수1,2013-02-21,12.58,,,,,,,
JQ덕수1,2013-02-22,12.56,,,,,,,
JQ덕수1,2013-02-23,12.55,,,,,,,
JQ덕수1,2013-02-24,12.53,,,,,,,
JQ덕수1,2013-02-25,12.51,,,,,,,
JQ덕수1,2013-02-26,12.52,,,,,,,
JQ덕수1,2013-02-27,12.51,,,,,,,
JQ덕수1,2013-02-28,12.51,,,,,,,
JQ덕수1,2013-03-01,12.51,,,,,,,
JQ덕수1,2013-03-02,12.48,,,,,,,
JQ덕수1,2013-03-03,12.47,,,,,,,
JQ덕수1,2013-03-04,12.45,,,,,,,
JQ덕수1,2013-03-05,12.42,,,,,,,
JQ덕수1,2013-03-06,12.41,,,,,,,
JQ덕수1,2013-03-07,12.41,,,,,,,
JQ덕수1,2013-03-08,12.39,,,,,,,
JQ덕수1,2013-03-09,12.39,,,,,,,
JQ덕수1,2013-03-10,12.37,,,,,,,
JQ덕수1,2013-03-11,12.27,,,,,,,
JQ덕수1,2013-03-12,12.19,,,,,,,
JQ덕수1,2013-03-13,12.18,,,,,,,
JQ덕수1,2013-03-14,12.14,,,,,,,
JQ덕수1,2013-03-15,12.12,,,,,,,
JQ덕수1,2013-03-16,12.09,,,,,,,
JQ덕수1,2013-03-17,12.09,,,,,,,
JQ덕수1,2013-03-18,12.1,,,,,,,
JQ덕수1,2013-03-19,12.13,,,,,,,
JQ덕수1,2013-03-20,12.14,,,,,,,
JQ덕수1,2013-03-21,12.16,,,,,,,
JQ덕수1,2013-03-22,12.18,,,,,,,
JQ덕수1,2013-03-23,12.2,,,,,,,
JQ덕수1,2013-03-24,12.21,,,,,,,
JQ덕수1,2013-03-25,12.2,,,,,,,
JQ덕수1,2013-03-26,12.19,,,,,,,
JQ덕수1,2013-03-27,12.19,,,,,,,
JQ덕수1,2013-03-28,12.18,,,,,,,
JQ덕수1,2013-03-29,12.17,,,,,,,
JQ덕수1,2013-03-30,12.16,,,,,,,
JQ덕수1,2013-03-31,12.14,,,,,,,
JQ덕수1,2013-04-01,12.12,,,,,,,
JQ덕수1,2013-04-02,12.11,,,,,,,
JQ덕수1,2013-04-03,12.08,,,,,,,
JQ덕수1,2013-04-04,12.08,,,,,,,
JQ덕수1,2013-04-05,12.07,,,,,,,
JQ덕수1,2013-04-06,12.09,,,,,,,
JQ덕수1,2013-04-07,12.09,,,,,,,
JQ덕수1,2013-04-08,12.09,,,,,,,
JQ덕수1,2013-04-09,12.07,,,,,,,
JQ덕수1,2013-04-10,12.05,,,,,,,
JQ덕수1,2013-04-11,12.04,,,,,,,
JQ덕수1,2013-04-12,12.02,,,,,,,
JQ덕수1,2013-04-13,12.01,,,,,,,
JQ덕수1,2013-04-14,12.01,,,,,,,
JQ덕수1,2013-04-15,12.01,,,,,,,
JQ덕수1,2013-04-16,11.99,,,,,,,
JQ덕수1,2013-04-17,11.96,,,,,,,
JQ덕수1,2013-04-18,11.95,,,,,,,
JQ덕수1,2013-04-19,11.94,,,,,,,
JQ덕수1,2013-04-20,11.92,,,,,,,
JQ덕수1,2013-04-21,11.88,,,,,,,
JQ덕수1,2013-04-22,11.84,,,,,,,
JQ덕수1,2013-04-23,11.83,,,,,,,
JQ덕수1,2013-04-24,11.82,,,,,,,
JQ덕수1,2013-04-25,11.82,,,,,,,
JQ덕수1,2013-04-26,11.78,,,,,,,
JQ덕수1,2013-04-27,11.76,,,,,,,
JQ덕수1,2013-04-28,11.74,,,,,,,
JQ덕수1,2013-04-29,11.72,,,,,,,
JQ덕수1,2013-04-30,11.71,,,,,,,
JQ덕수1,2013-05-01,11.7,,,,,,,
JQ덕수1,2013-05-02,11.68,,,,,,,
JQ덕수1,2013-05-03,11.66,,,,,,,
JQ덕수1,2013-05-04,11.63,,,,,,,
JQ덕수1,2013-05-05,11.6,,,,,,,
JQ덕수1,2013-05-06,11.6,,,,,,,
JQ덕수1,2013-05-07,11.57,,,,,,,
JQ덕수1,2013-05-08,11.55,,,,,,,
JQ덕수1,2013-05-09,11.54,,,,,,,
JQ덕수1,2013-05-10,11.53,,,,,,,
JQ덕수1,2013-05-11,11.53,,,,,,,
JQ덕수1,2013-05-12,11.52,,,,,,,
JQ덕수1,2013-05-13,11.51,,,,,,,
JQ덕수1,2013-05-14,11.48,,,,,,,
JQ덕수1,2013-05-15,11.46,,,,,,,
JQ덕수1,2013-05-16,11.44,,,,,,,
JQ덕수1,2013-05-17,11.42,,,,,,,
JQ덕수1,2013-05-18,11.41,,,,,,,
JQ덕수1,2013-05-19,11.42,,,,,,,
JQ덕수1,2013-05-20,11.42,,,,,,,
JQ덕수1,2013-05-21,11.4,,,,,,,
JQ덕수1,2013-05-22,11.38,,,,,,,
JQ덕수1,2013-05-23,11.36,,,,,,,
JQ덕수1,2013-05-24,11.33,,,,,,,
JQ덕수1,2013-05-25,11.31,,,,,,,
JQ덕수1,2013-05-26,11.29,,,,,,,
JQ덕수1,2013-05-27,11.29,,,,,,,
JQ덕수1,2013-05-28,11.29,,,,,,,
JQ덕수1,2013-05-29,11.32,,,,,,,
JQ덕수1,2013-05-30,11.36,,,,,,,
JQ덕수1,2013-05-31,11.39,,,,,,,
JQ덕수1,2013-06-01,11.42,,,,,,,
JQ덕수1,2013-06-02,11.45,,,,,,,
JQ덕수1,2013-06-03,11.46,,,,,,,
JQ덕수1,2013-06-04,11.47,,,,,,,
JQ덕수1,2013-06-05,11.47,,,,,,,
JQ덕수1,2013-06-06,11.47,,,,,,,
JQ덕수1,2013-06-07,11.47,,,,,,,
JQ덕수1,2013-06-08,11.49,,,,,,,
JQ덕수1,2013-06-09,11.5,,,,,,,
JQ덕수1,2013-06-10,11.5,,,,,,,
JQ덕수1,2013-06-11,11.51,,,,,,,
JQ덕수1,2013-06-12,11.5,,,,,,,
JQ덕수1,2013-06-13,11.48,,,,,,,
JQ덕수1,2013-06-14,11.48,,,,,,,
JQ덕수1,2013-06-15,11.46,,,,,,,
JQ덕수1,2013-06-16,11.45,,,,,,,
JQ덕수1,2013-06-17,11.45,,,,,,,
JQ덕수1,2013-06-18,11.46,,,,,,,
JQ덕수1,2013-06-19,11.46,,,,,,,
JQ덕수1,2013-06-20,11.46,,,,,,,
JQ덕수1,2013-06-21,11.47,,,,,,,
JQ덕수1,2013-06-22,11.46,,,,,,,
JQ덕수1,2013-06-23,11.46,,,,,,,
JQ덕수1,2013-06-24,11.46,,,,,,,
JQ덕수1,2013-06-25,11.46,,,,,,,
JQ덕수1,2013-06-26,11.49,,,,,,,
JQ덕수1,2013-06-27,11.57,,,,,,,
JQ덕수1,2013-06-28,11.64,,,,,,,
JQ덕수1,2013-06-29,11.7,,,,,,,
JQ덕수1,2013-06-30,11.74,,,,,,,
JQ덕수1,2013-07-01,11.77,,,,,,,
JQ덕수1,2013-07-02,11.81,,,,,,,
JQ덕수1,2013-07-03,11.83,,,,,,,
JQ덕수1,2013-07-17,11.59,,,,,,,
JQ덕수1,2013-07-18,11.58,,,,,,,
JQ덕수1,2013-07-19,11.58,,,,,,,
JQ덕수1,2013-07-20,11.33,,,,,,,
JQ덕수1,2013-07-21,11.26,,,,,,,
JQ덕수1,2013-07-22,11.17,,,,,,,
JQ덕수1,2013-07-23,11.12,,,,,,,
JQ덕수1,2013-07-24,11.07,,,,,,,
JQ덕수1,2013-07-25,11.05,,,,,,,
JQ덕수1,2013-07-26,10.99,,,,,,,
JQ덕수1,2013-07-27,11.15,,,,,,,
JQ덕수1,2013-07-28,11.18,,,,,,,
JQ덕수1,2013-07-29,11.15,,,,,,,
JQ덕수1,2013-07-30,11.13,,,,,,,
JQ덕수1,2013-07-31,11.1,,,,,,,
JQ덕수1,2013-08-01,11.05,,,,,,,
JQ덕수1,2013-08-02,11.02,,,,,,,
JQ덕수1,2013-08-03,10.98,,,,,,,
JQ덕수1,2013-08-04,10.95,,,,,,,
JQ덕수1,2013-08-05,10.93,,,,,,,
JQ덕수1,2013-08-06,10.89,,,,,,,
JQ덕수1,2013-08-07,10.84,,,,,,,
JQ덕수1,2013-08-08,10.79,,,,,,,
JQ덕수1,2013-08-09,10.78,,,,,,,
JQ덕수1,2013-08-10,10.73,,,,,,,
JQ덕수1,2013-08-11,10.69,,,,,,,
JQ덕수1,2013-08-12,10.66,,,,,,,
JQ덕수1,2013-08-13,10.64,,,,,,,
JQ덕수1,2013-08-14,10.64,,,,,,,
JQ덕수1,2013-08-15,10.59,,,,,,,
JQ덕수1,2013-08-16,10.55,,,,,,,
JQ덕수1,2013-08-17,10.52,,,,,,,
JQ덕수1,2013-08-18,10.49,,,,,,,
JQ덕수1,2013-08-19,10.49,,,,,,,
JQ덕수1,2013-08-20,10.43,,,,,,,
JQ덕수1,2013-08-21,10.45,,,,,,,
JQ덕수1,2013-08-22,10.4,,,,,,,
JQ덕수1,2013-08-23,10.32,,,,,,,
JQ덕수1,2013-08-24,10.29,,,,,,,
JQ덕수1,2013-08-25,10.25,,,,,,,
JQ덕수1,2013-08-26,10.26,,,,,,,
JQ덕수1,2013-08-27,10.14,,,,,,,
JQ덕수1,2013-08-28,10.13,,,,,,,
JQ덕수1,2013-08-29,10.11,,,,,,,
JQ덕수1,2013-08-30,10.1,,,,,,,
JQ덕수1,2013-08-31,10.02,,,,,,,
JQ덕수1,2013-09-01,9.96,,,,,,,
JQ덕수1,2013-09-02,9.85,,,,,,,
JQ덕수1,2013-09-03,9.35,,,,,,,
JQ덕수1,2013-09-04,9.32,,,,,,,
JQ덕수1,2013-09-05,9.28,,,,,,,
JQ덕수1,2013-09-06,9.27,,,,,,,
JQ덕수1,2013-09-07,9.27,,,,,,,
JQ덕수1,2013-09-08,9.27,,,,,,,
JQ덕수1,2013-09-09,9.26,,,,,,,
JQ덕수1,2013-09-10,9.25,,,,,,,
JQ덕수1,2013-09-11,9.25,,,,,,,
JQ덕수1,2013-09-12,9.07,,,,,,,
JQ덕수1,2013-09-13,9.52,,,,,,,
JQ덕수1,2013-09-14,9.61,,,,,,,
JQ덕수1,2013-09-15,9.62,,,,,,,
JQ덕수1,2013-09-16,9.61,,,,,,,
JQ덕수1,2013-09-17,9.55,,,,,,,
JQ덕수1,2013-09-18,9.57,,,,,,,
JQ덕수1,2013-09-19,9.62,,,,,,,
JQ덕수1,2013-09-20,9.71,,,,,,,
JQ덕수1,2013-09-21,9.73,,,,,,,
JQ덕수1,2013-09-22,9.73,,,,,,,
JQ덕수1,2013-09-23,9.72,,,,,,,
JQ덕수1,2013-09-24,9.7,,,,,,,
JQ덕수1,2013-09-25,9.71,,,,,,,
JQ덕수1,2013-09-26,9.73,,,,,,,
JQ덕수1,2013-09-27,9.69,,,,,,,
JQ덕수1,2013-09-28,9.68,,,,,,,
JQ덕수1,2013-09-29,9.66,,,,,,,
JQ덕수1,2013-09-30,9.65,,,,,,,
JQ덕수1,2013-10-01,9.63,,,,,,,
JQ덕수1,2013-10-02,9.62,,,,,,,
JQ덕수1,2013-10-03,9.61,,,,,,,
JQ덕수1,2013-10-04,9.6,,,,,,,
JQ덕수1,2013-10-05,9.59,,,,,,,
JQ덕수1,2013-10-06,9.57,,,,,,,
JQ덕수1,2013-10-07,9.55,,,,,,,
JQ덕수1,2013-10-08,9.55,,,,,,,
JQ덕수1,2013-10-09,9.55,,,,,,,
JQ덕수1,2013-10-10,9.54,,,,,,,
JQ덕수1,2013-10-11,9.54,,,,,,,
JQ덕수1,2013-10-12,9.54,,,,,,,
JQ덕수1,2013-10-13,9.53,,,,,,,
JQ덕수1,2013-10-14,9.51,,,,,,,
JQ덕수1,2013-10-15,9.5,,,,,,,
JQ덕수1,2013-10-16,9.49,,,,,,,
JQ덕수1,2013-10-17,9.43,,,,,,,
JQ덕수1,2013-10-18,9.41,,,,,,,
JQ덕수1,2013-10-19,9.37,,,,,,,
JQ덕수1,2013-10-20,9.35,,,,,,,
JQ덕수1,2013-10-21,9.33,,,,,,,
JQ덕수1,2013-10-22,9.3,,,,,,,
JQ덕수1,2013-10-23,9.28,,,,,,,
JQ덕수1,2013-10-24,9.25,,,,,,,
JQ덕수1,2013-10-25,9.24,,,,,,,
JQ덕수1,2013-10-26,9.22,,,,,,,
JQ덕수1,2013-10-27,9.17,,,,,,,
JQ덕수1,2013-10-28,9.14,,,,,,,
JQ덕수1,2013-10-29,9.11,,,,,,,
JQ덕수1,2013-10-30,9.08,,,,,,,
JQ덕수1,2013-10-31,9.06,,,,,,,
JQ덕수1,2013-11-01,9.02,,,,,,,
JQ덕수1,2013-11-02,9.01,,,,,,,
JQ덕수1,2013-11-03,8.97,,,,,,,
JQ덕수1,2013-11-04,8.97,,,,,,,
JQ덕수1,2013-11-05,8.94,,,,,,,
JQ덕수1,2013-11-06,8.99,,,,,,,
JQ덕수1,2013-11-07,9.14,,,,,,,
JQ덕수1,2013-11-08,9.11,,,,,,,
JQ덕수1,2013-11-09,9.1,,,,,,,
JQ덕수1,2013-11-10,9.09,,,,,,,
JQ덕수1,2013-11-11,9.06,,,,,,,
JQ덕수1,2013-11-12,9.06,,,,,,,
JQ덕수1,2013-11-13,9.05,,,,,,,
JQ덕수1,2013-11-14,9.03,,,,,,,
JQ덕수1,2013-11-15,9.01,,,,,,,
JQ덕수1,2013-11-16,9.01,,,,,,,
JQ덕수1,2013-11-17,8.99,,,,,,,
JQ덕수1,2013-11-18,8.97,,,,,,,
JQ덕수1,2013-11-19,8.96,,,,,,,
JQ덕수1,2013-11-20,8.94,,,,,,,
JQ덕수1,2013-11-21,8.93,,,,,,,
JQ덕수1,2013-11-22,8.91,,,,,,,
JQ덕수1,2013-11-23,8.89,,,,,,,
JQ덕수1,2013-11-24,8.89,,,,,,,
JQ덕수1,2013-11-25,8.87,,,,,,,
JQ덕수1,2013-11-26,8.87,,,,,,,
JQ덕수1,2013-11-27,8.86,,,,,,,
JQ덕수1,2013-11-28,8.85,,,,,,,
JQ덕수1,2013-11-29,8.85,,,,,,,
JQ덕수1,2013-11-30,8.83,,,,,,,
JQ덕수1,2013-12-01,8.82,,,,,,,
JQ덕수1,2013-12-02,8.81,,,,,,,
JQ덕수1,2013-12-03,8.8,,,,,,,
JQ덕수1,2013-12-04,8.79,,,,,,,
JQ덕수1,2013-12-05,8.77,,,,,,,
JQ덕수1,2013-12-06,8.76,,,,,,,
JQ덕수1,2013-12-07,8.74,,,,,,,
JQ덕수1,2013-12-08,8.73,,,,,,,
JQ덕수1,2013-12-09,8.71,,,,,,,
JQ덕수1,2013-12-10,8.71,,,,,,,
JQ덕수1,2013-12-11,8.69,,,,,,,
JQ덕수1,2013-12-12,8.68,,,,,,,
JQ덕수1,2013-12-13,8.66,,,,,,,
JQ덕수1,2013-12-14,8.65,,,,,,,
JQ덕수1,2013-12-15,8.63,,,,,,,
JQ덕수1,2013-12-16,8.61,,,,,,,
JQ덕수1,2013-12-17,8.6,,,,,,,
JQ덕수1,2013-12-18,8.59,,,,,,,
JQ덕수1,2013-12-19,8.57,,,,,,,
JQ덕수1,2013-12-20,8.56,,,,,,,
JQ덕수1,2013-12-21,8.55,,,,,,,
JQ덕수1,2014-01-03,8.37,,,,,,,
JQ덕수1,2014-01-04,8.35,,,,,,,
JQ덕수1,2014-01-05,8.34,,,,,,,
JQ덕수1,2014-01-06,8.32,,,,,,,
JQ덕수1,2014-01-07,8.31,,,,,,,
JQ덕수1,2014-01-08,8.29,,,,,,,
JQ덕수1,2014-01-09,8.28,,,,,,,
JQ덕수1,2014-01-10,8.27,,,,,,,
JQ덕수1,2014-01-11,8.26,,,,,,,
JQ덕수1,2014-01-12,8.24,,,,,,,
JQ덕수1,2014-01-13,8.22,,,,,,,
JQ덕수1,2014-01-14,8.21,,,,,,,
JQ덕수1,2014-01-15,8.18,,,,,,,
JQ덕수1,2014-01-16,8.18,,,,,,,
JQ덕수1,2014-01-17,8.17,,,,,,,
JQ덕수1,2014-01-18,8.15,,,,,,,
JQ덕수1,2014-01-19,8.14,,,,,,,
JQ덕수1,2014-01-20,8.13,,,,,,,
JQ덕수1,2014-01-21,8.11,,,,,,,
JQ덕수1,2014-01-22,8.08,,,,,,,
JQ덕수1,2014-01-23,8.09,,,,,,,
JQ덕수1,2014-01-24,8.07,,,,,,,
JQ덕수1,2014-01-25,8.07,,,,,,,
JQ덕수1,2014-01-26,8.05,,,,,,,
JQ덕수1,2014-01-27,8.04,,,,,,,
JQ덕수1,2014-01-28,8.03,,,,,,,
JQ덕수1,2014-01-29,8.01,,,,,,,
JQ덕수1,2014-01-30,8.0,,,,,,,
JQ덕수1,2014-01-31,7.97,,,,,,,
JQ덕수1,2014-02-01,7.98,,,,,,,
JQ덕수1,2014-02-02,7.98,,,,,,,
JQ덕수1,2014-02-03,7.98,,,,,,,
JQ덕수1,2014-02-04,7.94,,,,,,,
JQ덕수1,2014-02-05,7.96,,,,,,,
JQ덕수1,2014-02-06,7.95,,,,,,,
JQ덕수1,2014-02-07,7.94,,,,,,,
JQ덕수1,2014-02-08,7.92,,,,,,,
JQ덕수1,2014-02-09,7.92,,,,,,,
JQ덕수1,2014-02-10,7.91,,,,,,,
JQ덕수1,2014-02-11,7.9,,,,,,,
JQ덕수1,2014-02-12,7.89,,,,,,,
JQ덕수1,2014-02-13,7.88,,,,,,,
JQ덕수1,2014-02-14,7.87,,,,,,,
JQ덕수1,2014-02-15,7.86,,,,,,,
JQ덕수1,2014-02-16,7.85,,,,,,,
JQ덕수1,2014-02-17,7.84,,,,,,,
JQ덕수1,2014-02-18,7.83,,,,,,,
JQ덕수1,2014-02-19,7.83,,,,,,,
JQ덕수1,2014-02-20,7.82,,,,,,,
JQ덕수1,2014-02-21,7.81,,,,,,,
JQ덕수1,2014-02-22,7.81,,,,,,,
JQ덕수1,2014-03-03,7.76,,,,,,,
JQ덕수1,2014-03-04,7.75,,,,,,,
JQ덕수1,2014-03-05,7.76,,,,,,,
JQ덕수1,2014-03-06,7.8,,,,,,,
JQ덕수1,2014-03-07,7.76,,,,,,,
JQ덕수1,2014-03-08,7.74,,,,,,,
JQ덕수1,2014-03-09,7.73,,,,,,,
JQ덕수1,2014-03-10,7.74,,,,,,,
JQ덕수1,2014-03-11,7.73,,,,,,,
JQ덕수1,2014-03-12,7.7,,,,,,,
JQ덕수1,2014-03-14,7.73,,,,,,,
JQ덕수1,2014-03-15,7.75,,,,,,,
JQ덕수1,2014-03-16,7.76,,,,,,,
JQ덕수1,2014-03-17,7.76,,,,,,,
JQ덕수1,2014-03-18,7.74,,,,,,,
JQ덕수1,2014-03-19,7.77,,,,,,,
JQ덕수1,2014-03-20,7.81,,,,,,,
JQ덕수1,2014-03-21,7.87,,,,,,,
JQ덕수1,2014-04-04,7.97,,,,,,,
JQ덕수1,2014-04-05,7.98,,,,,,,
JQ덕수1,2014-04-06,8.0,,,,,,,
JQ덕수1,2014-04-07,7.97,,,,,,,
JQ덕수1,2014-04-08,7.95,,,,,,,
JQ덕수1,2014-04-09,7.95,,,,,,,
JQ덕수1,2014-04-10,7.95,,,,,,,
JQ덕수1,2014-04-11,7.96,,,,,,,
JQ덕수1,2014-04-12,7.93,,,,,,,
JQ덕수1,2014-04-13,7.93,,,,,,,
JQ덕수1,2014-04-14,7.98,,,,,,,
JQ덕수1,2014-04-15,7.97,,,,,,,
JQ덕수1,2014-04-16,7.94,,,,,,,
JQ덕수1,2014-04-17,7.91,,,,,,,
JQ덕수1,2014-04-18,7.96,,,,,,,
JQ덕수1,2014-04-19,7.99,,,,,,,
JQ덕수1,2014-04-20,7.97,,,,,,,
JQ덕수1,2014-04-21,7.94,,,,,,,
JQ덕수1,2014-04-22,7.93,,,,,,,
JQ덕수1,2014-04-23,7.93,,,,,,,
JQ덕수1,2014-04-24,7.91,,,,,,,
JQ덕수1,2014-04-25,7.9,,,,,,,
JQ덕수1,2014-04-26,7.87,,,,,,,
JQ덕수1,2014-04-27,7.82,,,,,,,
JQ덕수1,2014-04-28,7.79,,,,,,,
JQ덕수1,2014-04-29,7.82,,,,,,,
JQ덕수1,2014-04-30,7.86,,,,,,,
JQ덕수1,2014-05-01,7.89,,,,,,,
JQ덕수1,2014-05-02,7.89,,,,,,,
JQ덕수1,2014-05-03,7.91,,,,,,,
JQ덕수1,2014-05-04,7.89,,,,,,,
JQ덕수1,2014-05-05,7.91,,,,,,,
JQ덕수1,2014-05-06,7.9,,,,,,,
JQ덕수1,2014-05-07,7.86,,,,,,,
JQ덕수1,2014-05-08,7.84,,,,,,,
JQ덕수1,2014-05-09,7.87,,,,,,,
JQ덕수1,2014-05-10,7.86,,,,,,,
JQ덕수1,2014-05-11,7.81,,,,,,,
JQ덕수1,2014-05-12,7.88,,,,,,,
JQ덕수1,2014-05-13,7.98,,,,,,,
JQ덕수1,2014-05-14,8.06,,,,,,,
JQ덕수1,2014-05-15,8.1,,,,,,,
JQ덕수1,2014-05-16,8.14,,,,,,,
JQ덕수1,2014-05-17,8.16,,,,,,,
JQ덕수1,2014-05-18,8.18,,,,,,,
JQ덕수1,2014-05-19,8.21,,,,,,,
JQ덕수1,2014-05-20,8.23,,,,,,,
JQ덕수1,2014-05-21,8.29,,,,,,,
JQ덕수1,2014-05-22,8.34,,,,,,,
JQ덕수1,2014-05-23,8.38,,,,,,,
JQ덕수1,2014-05-24,8.43,,,,,,,
JQ덕수1,2014-05-25,8.46,,,,,,,
JQ덕수1,2014-05-26,8.51,,,,,,,
JQ덕수1,2014-05-27,8.55,,,,,,,
JQ덕수1,2014-05-28,8.59,,,,,,,
JQ덕수1,2014-05-29,8.64,,,,,,,
JQ덕수1,2014-05-30,8.67,,,,,,,
JQ덕수1,2014-05-31,8.7,,,,,,,
JQ덕수1,2014-06-01,8.72,,,,,,,
JQ덕수1,2014-06-02,8.75,,,,,,,
JQ덕수1,2014-06-03,8.78,,,,,,,
JQ덕수1,2014-06-04,8.81,,,,,,,
JQ덕수1,2014-06-05,8.83,,,,,,,
JQ덕수1,2014-06-06,8.84,,,,,,,
JQ덕수1,2014-06-07,8.84,,,,,,,
JQ덕수1,2014-06-08,8.84,,,,,,,
JQ덕수1,2014-06-09,8.84,,,,,,,
JQ덕수1,2014-06-10,8.83,,,,,,,
JQ덕수1,2014-06-11,8.83,,,,,,,
JQ덕수1,2014-06-12,8.82,,,,,,,
JQ덕수1,2014-06-13,8.82,,,,,,,
JQ덕수1,2014-06-14,8.81,,,,,,,
JQ덕수1,2014-06-15,8.79,,,,,,,
JQ덕수1,2014-06-16,8.78,,,,,,,
JQ덕수1,2014-06-17,8.78,,,,,,,
JQ덕수1,2014-06-18,8.8,,,,,,,
JQ덕수1,2014-06-19,8.8,,,,,,,
JQ덕수1,2014-06-20,8.81,,,,,,,
JQ덕수1,2014-06-21,8.81,,,,,,,
JQ덕수1,2014-06-22,8.81,,,,,,,
JQ덕수1,2014-06-23,8.81,,,,,,,
JQ덕수1,2014-06-24,8.81,,,,,,,
JQ덕수1,2014-06-25,8.8,,,,,,,
JQ덕수1,2014-06-26,8.81,,,,,,,
JQ덕수1,2014-06-27,8.83,,,,,,,
JQ덕수1,2014-06-28,8.82,,,,,,,
JQ덕수1,2014-06-29,8.81,,,,,,,
JQ덕수1,2014-06-30,8.8,,,,,,,
JQ덕수1,2014-07-01,8.79,,,,,,,
JQ덕수1,2014-07-02,8.78,,,,,,,
JQ덕수1,2014-07-03,8.78,,,,,,,
JQ덕수1,2014-07-04,8.77,,,,,,,
JQ덕수1,2014-07-05,8.76,,,,,,,
JQ덕수1,2014-07-06,8.81,,,,,,,
JQ덕수1,2014-07-07,9.01,,,,,,,
JQ덕수1,2014-07-08,9.2,,,,,,,
JQ덕수1,2014-07-09,9.39,,,,,,,
JQ덕수1,2014-07-10,9.52,,,,,,,
JQ덕수1,2014-07-11,9.63,,,,,,,
JQ덕수1,2014-07-12,9.72,,,,,,,
JQ덕수1,2014-07-13,9.79,,,,,,,
JQ덕수1,2014-07-14,9.86,,,,,,,
JQ덕수1,2014-07-15,9.92,,,,,,,
JQ덕수1,2014-07-16,9.99,,,,,,,
JQ덕수1,2014-07-17,10.06,,,,,,,
JQ덕수1,2014-07-18,10.13,,,,,,,
JQ덕수1,2014-07-19,10.18,,,,,,,
JQ덕수1,2014-07-20,10.24,,,,,,,
JQ덕수1,2014-07-21,10.29,,,,,,,
JQ덕수1,2014-07-22,10.35,,,,,,,
JQ덕수1,2014-07-23,10.38,,,,,,,
JQ덕수1,2014-07-24,10.42,,,,,,,
JQ덕수1,2014-07-25,10.43,,,,,,,
JQ덕수1,2014-07-26,10.45,,,,,,,
JQ덕수1,2014-07-27,10.46,,,,,,,
JQ덕수1,2014-07-28,10.46,,,,,,,
JQ덕수1,2014-07-29,10.45,,,,,,,
JQ덕수1,2014-07-30,10.44,,,,,,,
JQ덕수1,2014-07-31,10.45,,,,,,,
JQ덕수1,2014-08-01,10.47,,,,,,,
JQ덕수1,2014-08-02,10.5,,,,,,,
JQ덕수1,2014-08-03,10.54,,,,,,,
JQ덕수1,2014-08-04,10.59,,,,,,,
JQ덕수1,2014-08-05,10.65,,,,,,,
JQ덕수1,2014-08-06,10.71,,,,,,,
JQ덕수1,2014-08-07,10.77,,,,,,,
JQ덕수1,2014-08-08,10.82,,,,,,,
JQ덕수1,2014-08-09,10.88,,,,,,,
JQ덕수1,2014-08-10,10.93,,,,,,,
JQ덕수1,2014-08-11,10.98,,,,,,,
JQ덕수1,2014-08-12,11.02,,,,,,,
JQ덕수1,2014-08-13,11.05,,,,,,,
JQ덕수1,2014-08-14,11.08,,,,,,,
JQ덕수1,2014-08-15,11.1,,,,,,,
JQ덕수1,2014-08-16,11.12,,,,,,,
JQ덕수1,2014-08-17,11.14,,,,,,,
JQ덕수1,2014-08-18,11.16,,,,,,,
JQ덕수1,2014-08-19,11.17,,,,,,,
JQ덕수1,2014-08-20,11.21,,,,,,,
JQ덕수1,2014-08-21,11.4,,,,,,,
JQ덕수1,2014-08-22,11.62,,,,,,,
JQ덕수1,2014-08-23,11.82,,,,,,,
JQ덕수1,2014-08-24,11.99,,,,,,,
JQ덕수1,2014-08-25,12.13,,,,,,,
JQ덕수1,2014-08-26,12.23,,,,,,,
JQ덕수1,2014-08-27,12.32,,,,,,,
JQ덕수1,2014-08-28,12.41,,,,,,,
JQ덕수1,2014-08-29,12.48,,,,,,,
JQ덕수1,2014-08-30,12.54,,,,,,,
JQ덕수1,2014-08-31,12.61,,,,,,,
JQ덕수1,2014-09-01,12.67,,,,,,,
JQ덕수1,2014-09-02,12.73,,,,,,,
JQ덕수1,2014-09-03,12.78,,,,,,,
JQ덕수1,2014-09-04,12.83,,,,,,,
JQ덕수1,2014-09-05,12.85,,,,,,,
JQ덕수1,2014-09-06,12.87,,,,,,,
JQ덕수1,2014-09-07,12.89,,,,,,,
JQ덕수1,2014-09-08,12.91,,,,,,,
JQ덕수1,2014-09-09,12.9,,,,,,,
JQ덕수1,2014-09-10,12.9,,,,,,,
JQ덕수1,2014-09-11,12.88,,,,,,,
JQ덕수1,2014-09-12,12.87,,,,,,,
JQ덕수1,2014-09-13,12.85,,,,,,,
JQ덕수1,2014-09-14,12.83,,,,,,,
JQ덕수1,2014-09-15,12.8,,,,,,,
JQ덕수1,2014-09-16,12.76,,,,,,,
JQ덕수1,2014-09-17,12.73,,,,,,,
JQ덕수1,2014-09-18,12.7,,,,,,,
JQ덕수1,2014-09-19,12.68,,,,,,,
JQ덕수1,2014-09-20,12.65,,,,,,,
JQ덕수1,2014-09-21,12.61,,,,,,,
JQ덕수1,2014-09-22,12.58,,,,,,,
JQ덕수1,2014-09-23,12.55,,,,,,,
JQ덕수1,2014-09-24,12.54,,,,,,,
JQ덕수1,2014-09-25,12.49,,,,,,,
JQ덕수1,2014-09-26,12.42,,,,,,,
JQ덕수1,2014-09-27,12.39,,,,,,,
JQ덕수1,2014-09-28,12.35,,,,,,,
JQ덕수1,2014-09-29,12.33,,,,,,,
JQ덕수1,2014-09-30,12.3,,,,,,,
JQ덕수1,2014-10-01,12.28,,,,,,,
JQ덕수1,2014-10-02,12.25,,,,,,,
JQ덕수1,2014-10-03,12.23,,,,,,,
JQ덕수1,2014-10-04,12.19,,,,,,,
JQ덕수1,2014-10-05,12.17,,,,,,,
JQ덕수1,2014-10-06,12.13,,,,,,,
JQ덕수1,2014-10-07,12.09,,,,,,,
JQ덕수1,2014-10-08,12.05,,,,,,,
JQ덕수1,2014-10-09,12.02,,,,,,,
JQ덕수1,2014-10-10,11.99,,,,,,,
JQ덕수1,2014-10-11,11.96,,,,,,,
JQ덕수1,2014-10-12,11.95,,,,,,,
JQ덕수1,2014-10-13,11.93,,,,,,,
JQ덕수1,2014-10-14,11.9,,,,,,,
JQ덕수1,2014-10-15,11.88,,,,,,,
JQ덕수1,2014-10-16,11.84,,,,,,,
JQ덕수1,2014-10-17,11.81,,,,,,,
JQ덕수1,2014-10-18,11.77,,,,,,,
JQ덕수1,2014-10-19,11.75,,,,,,,
JQ덕수1,2014-10-20,11.73,,,,,,,
JQ덕수1,2014-10-21,11.71,,,,,,,
JQ덕수1,2014-10-22,11.69,,,,,,,
JQ덕수1,2014-10-23,11.65,,,,,,,
JQ덕수1,2014-10-24,11.62,,,,,,,
JQ덕수1,2014-10-25,11.6,,,,,,,
JQ덕수1,2014-10-26,11.57,,,,,,,
JQ덕수1,2014-10-27,11.55,,,,,,,
JQ덕수1,2014-10-28,11.53,,,,,,,
JQ덕수1,2014-10-29,11.49,,,,,,,
JQ덕수1,2014-10-30,11.48,,,,,,,
JQ덕수1,2014-10-31,11.46,,,,,,,
JQ덕수1,2014-11-01,11.43,,,,,,,
JQ덕수1,2014-11-02,11.43,,,,,,,
JQ덕수1,2014-11-03,11.41,,,,,,,
JQ덕수1,2014-11-04,11.38,,,,,,,
JQ덕수1,2014-11-05,11.38,,,,,,,
JQ덕수1,2014-11-06,11.38,,,,,,,
JQ덕수1,2014-11-07,11.36,,,,,,,
JQ덕수1,2014-11-08,11.33,,,,,,,
JQ덕수1,2014-11-09,11.31,,,,,,,
JQ덕수1,2014-11-10,11.29,,,,,,,
JQ덕수1,2014-11-11,11.27,,,,,,,
JQ덕수1,2014-11-12,11.25,,,,,,,
JQ덕수1,2014-11-13,11.21,,,,,,,
JQ덕수1,2014-11-14,11.18,,,,,,,
JQ덕수1,2014-11-15,11.15,,,,,,,
JQ덕수1,2014-11-16,11.13,,,,,,,
JQ덕수1,2014-11-17,11.1,,,,,,,
JQ덕수1,2014-11-18,11.08,,,,,,,
JQ덕수1,2014-11-19,11.05,,,,,,,
JQ덕수1,2014-11-20,11.02,,,,,,,
JQ덕수1,2014-11-21,10.98,,,,,,,
JQ덕수1,2014-11-22,10.95,,,,,,,
JQ덕수1,2014-11-23,10.93,,,,,,,
JQ덕수1,2014-11-24,10.9,,,,,,,
JQ덕수1,2014-11-25,10.89,,,,,,,
JQ덕수1,2014-11-26,10.88,,,,,,,
JQ덕수1,2014-11-27,10.87,,,,,,,
JQ덕수1,2014-11-28,10.86,,,,,,,
JQ덕수1,2014-11-29,10.85,,,,,,,
JQ덕수1,2014-11-30,10.86,,,,,,,
JQ덕수1,2014-12-01,10.84,,,,,,,
JQ덕수1,2014-12-02,10.83,,,,,,,
JQ덕수1,2014-12-03,10.83,,,,,,,
JQ덕수1,2014-12-04,10.81,,,,,,,
JQ덕수1,2014-12-05,10.8,,,,,,,
JQ덕수1,2014-12-06,10.79,,,,,,,
JQ덕수1,2014-12-07,10.78,,,,,,,
JQ덕수1,2014-12-08,10.76,,,,,,,
JQ덕수1,2014-12-09,10.74,,,,,,,
JQ덕수1,2014-12-10,10.73,,,,,,,
JQ덕수1,2014-12-11,10.72,,,,,,,
JQ덕수1,2014-12-12,10.7,,,,,,,
JQ덕수1,2014-12-13,10.67,,,,,,,
JQ덕수1,2014-12-14,10.66,,,,,,,
JQ덕수1,2014-12-15,10.63,,,,,,,
JQ덕수1,2014-12-16,10.63,,,,,,,
JQ덕수1,2014-12-17,10.61,,,,,,,
JQ덕수1,2014-12-18,10.59,,,,,,,
JQ덕수1,2014-12-19,10.58,,,,,,,
JQ덕수1,2014-12-20,10.56,,,,,,,
JQ덕수1,2014-12-21,10.55,,,,,,,
JQ덕수1,2014-12-22,10.54,,,,,,,
JQ덕수1,2014-12-23,10.52,,,,,,,
JQ덕수1,2014-12-24,10.51,,,,,,,
JQ덕수1,2014-12-25,10.5,,,,,,,
JQ덕수1,2014-12-26,10.49,,,,,,,
JQ덕수1,2014-12-27,10.47,,,,,,,
JQ덕수1,2014-12-28,10.47,,,,,,,
JQ덕수1,2014-12-29,10.45,,,,,,,
JQ덕수1,2014-12-30,10.46,,,,,,,
JQ덕수1,2014-12-31,10.43,,,,,,,
JQ덕수1,2015-01-01,10.42,,,,,,,
JQ덕수1,2015-01-02,10.39,,,,,,,
JQ덕수1,2015-01-03,10.38,,,,,,,
JQ덕수1,2015-01-04,10.37,,,,,,,
JQ덕수1,2015-01-05,10.37,,,,,,,
JQ덕수1,2015-01-06,10.35,,,,,,,
JQ덕수1,2015-01-07,10.33,,,,,,,
JQ덕수1,2015-01-08,10.31,,,,,,,
JQ덕수1,2015-01-09,10.29,,,,,,,
JQ덕수1,2015-01-10,10.28,,,,,,,
JQ덕수1,2015-01-13,10.24,,,,,,,
JQ덕수1,2015-01-14,10.25,,,,,,,
JQ덕수1,2015-01-15,10.24,,,,,,,
JQ덕수1,2015-01-16,10.23,,,,,,,
JQ덕수1,2015-01-17,10.22,,,,,,,
JQ덕수1,2015-01-18,10.22,,,,,,,
JQ덕수1,2015-01-19,10.2,,,,,,,
JQ덕수1,2015-01-20,10.19,,,,,,,
JQ덕수1,2015-01-21,10.19,,,,,,,
JQ덕수1,2015-01-22,10.18,,,,,,,
JQ덕수1,2015-01-23,10.16,,,,,,,
JQ덕수1,2015-01-24,10.15,,,,,,,
JQ덕수1,2015-01-26,10.14,,,,,,,
JQ덕수1,2015-01-27,10.13,,,,,,,
JQ덕수1,2015-01-28,10.11,,,,,,,
JQ덕수1,2015-01-29,10.11,,,,,,,
JQ덕수1,2015-01-30,10.1,,,,,,,
JQ덕수1,2015-01-31,10.08,,,,,,,
JQ덕수1,2015-02-01,10.07,,,,,,,
JQ덕수1,2015-02-02,10.06,,,,,,,
JQ덕수1,2015-02-03,10.06,,,,,,,
JQ덕수1,2015-02-04,10.05,,,,,,,
JQ덕수1,2015-02-05,10.03,,,,,,,
JQ덕수1,2015-02-06,10.02,,,,,,,
JQ덕수1,2015-02-07,10.02,,,,,,,
JQ덕수1,2015-02-08,10.0,,,,,,,
JQ덕수1,2015-02-09,9.99,,,,,,,
JQ덕수1,2015-02-10,9.99,,,,,,,
JQ덕수1,2015-02-11,9.98,,,,,,,
JQ덕수1,2015-02-12,9.97,,,,,,,
JQ덕수1,2015-02-13,9.95,,,,,,,
JQ덕수1,2015-02-14,9.95,,,,,,,
JQ덕수1,2015-02-15,9.94,,,,,,,
JQ덕수1,2015-02-16,9.94,,,,,,,
JQ덕수1,2015-02-17,9.94,,,,,,,
JQ덕수1,2015-02-18,9.93,,,,,,,
JQ덕수1,2015-02-19,9.92,,,,,,,
JQ덕수1,2015-02-20,9.92,,,,,,,
JQ덕수1,2015-02-21,9.92,,,,,,,
JQ덕수1,2015-02-22,9.91,,,,,,,
JQ덕수1,2015-02-23,9.91,,,,,,,
JQ덕수1,2015-02-24,9.9,,,,,,,
JQ덕수1,2015-02-25,9.9,,,,,,,
JQ덕수1,2015-02-26,9.89,,,,,,,
JQ덕수1,2015-02-27,9.87,,,,,,,
JQ덕수1,2015-02-28,9.86,,,,,,,
JQ덕수1,2015-03-01,9.85,,,,,,,
JQ덕수1,2015-03-02,9.84,,,,,,,
JQ덕수1,2015-03-03,9.83,,,,,,,
JQ덕수1,2015-03-04,9.82,,,,,,,
JQ덕수1,2015-03-05,9.8,,,,,,,
JQ덕수1,2015-03-06,9.79,,,,,,,
JQ덕수1,2015-03-07,9.77,,,,,,,
JQ덕수1,2015-03-08,9.76,,,,,,,
JQ덕수1,2015-03-09,9.75,,,,,,,
JQ덕수1,2015-03-10,9.74,,,,,,,
JQ덕수1,2015-03-11,9.74,,,,,,,
JQ덕수1,2015-03-12,9.76,,,,,,,
JQ덕수1,2015-03-13,9.77,,,,,,,
JQ덕수1,2015-03-14,9.75,,,,,,,
JQ덕수1,2015-03-15,9.74,,,,,,,
JQ덕수1,2015-03-16,9.73,,,,,,,
JQ덕수1,2015-03-17,9.71,,,,,,,
JQ덕수1,2015-03-18,9.73,,,,,,,
JQ덕수1,2015-03-21,9.69,,,,,,,
JQ덕수1,2015-03-24,9.76,,,,,,,
JQ덕수1,2015-03-25,9.77,,,,,,,
JQ덕수1,2015-03-26,9.78,,,,,,,
JQ덕수1,2015-03-27,9.78,,,,,,,
JQ덕수1,2015-03-28,9.79,,,,,,,
JQ덕수1,2015-03-29,9.8,,,,,,,
JQ덕수1,2015-03-30,9.81,,,,,,,
JQ덕수1,2015-03-31,9.81,,,,,,,
JQ덕수1,2015-04-01,9.82,,,,,,,
JQ덕수1,2015-04-02,9.84,,,,,,,
JQ덕수1,2015-04-03,9.85,,,,,,,
JQ덕수1,2015-04-04,9.86,,,,,,,
JQ덕수1,2015-04-05,9.86,,,,,,,
JQ덕수1,2015-04-06,9.87,,,,,,,
JQ덕수1,2015-04-07,9.88,,,,,,,
JQ덕수1,2015-04-08,9.9,,,,,,,
JQ덕수1,2015-04-09,9.91,,,,,,,
JQ덕수1,2015-04-10,9.93,,,,,,,
JQ덕수1,2015-04-11,9.93,,,,,,,
JQ덕수1,2015-04-12,9.94,,,,,,,
JQ덕수1,2015-04-13,9.95,,,,,,,
JQ덕수1,2015-04-29,10.68,,,,,,,
JQ덕수1,2015-04-30,10.7,,,,,,,
JQ덕수1,2015-05-01,10.72,,,,,,,
JQ덕수1,2015-05-02,10.73,,,,,,,
JQ덕수1,2015-05-03,10.77,,,,,,,
JQ덕수1,2015-05-04,10.81,,,,,,,
JQ덕수1,2015-05-05,10.83,,,,,,,
JQ덕수1,2015-05-06,10.87,,,,,,,
JQ덕수1,2015-05-07,10.89,,,,,,,
JQ덕수1,2015-05-08,10.91,,,,,,,
JQ덕수1,2015-05-09,10.92,,,,,,,
JQ덕수1,2015-05-10,10.93,,,,,,,
JQ덕수1,2015-05-11,10.96,,,,,,,
JQ덕수1,2015-05-12,11.11,,,,,,,
JQ덕수1,2015-05-13,11.36,,,,,,,
JQ덕수1,2015-05-14,11.55,,,,,,,
JQ덕수1,2015-05-15,11.71,,,,,,,
JQ덕수1,2015-05-16,11.81,,,,,,,
JQ덕수1,2015-05-17,11.91,,,,,,,
JQ덕수1,2015-05-18,12.01,,,,,,,
JQ덕수1,2015-05-19,12.09,,,,,,,
JQ덕수1,2015-05-20,12.17,,,,,,,
JQ덕수1,2015-05-21,12.23,,,,,,,
JQ덕수1,2015-05-22,12.28,,,,,,,
JQ덕수1,2015-05-23,12.34,,,,,,,
JQ덕수1,2015-05-24,12.39,,,,,,,
JQ덕수1,2015-05-25,12.43,,,,,,,
JQ덕수1,2015-05-26,12.45,,,,,,,
JQ덕수1,2015-05-27,12.48,,,,,,,
JQ덕수1,2015-05-28,12.5,,,,,,,
JQ덕수1,2015-05-29,12.52,,,,,,,
JQ덕수1,2015-05-30,12.54,,,,,,,
JQ덕수1,2015-05-31,12.55,,,,,,,
JQ덕수1,2015-06-01,12.54,,,,,,,
JQ덕수1,2015-06-02,12.54,,,,,,,
JQ덕수1,2015-06-03,12.54,,,,,,,
JQ덕수1,2015-06-04,12.55,,,,,,,
JQ덕수1,2015-06-05,12.56,,,,,,,
JQ덕수1,2015-06-06,12.55,,,,,,,
JQ덕수1,2015-06-07,12.55,,,,,,,
JQ덕수1,2015-06-08,12.56,,,,,,,
JQ덕수1,2015-06-09,12.56,,,,,,,
JQ덕수1,2015-06-10,12.56,,,,,,,
JQ덕수1,2015-06-11,12.57,,,,,,,
JQ덕수1,2015-06-12,12.56,,,,,,,
JQ덕수1,2015-06-13,12.55,,,,,,,
JQ덕수1,2015-06-14,12.53,,,,,,,
JQ덕수1,2015-06-15,12.51,,,,,,,
JQ덕수1,2015-06-16,12.49,,,,,,,
JQ덕수1,2015-06-17,12.47,,,,,,,
JQ덕수1,2015-06-18,12.46,,,,,,,
JQ덕수1,2015-06-19,12.44,,,,,,,
JQ덕수1,2015-06-20,12.41,,,,,,,
JQ덕수1,2015-06-21,12.38,,,,,,,
JQ덕수1,2015-06-22,12.36,,,,,,,
JQ덕수1,2015-06-23,12.33,,,,,,,
JQ덕수1,2015-06-24,12.31,,,,,,,
JQ덕수1,2015-06-25,12.32,,,,,,,
JQ덕수1,2015-06-26,12.33,,,,,,,
JQ덕수1,2015-06-27,12.35,,,,,,,
JQ덕수1,2015-06-28,12.35,,,,,,,
JQ덕수1,2015-06-29,12.36,,,,,,,
JQ덕수1,2015-06-30,12.38,,,,,,,
JQ덕수1,2015-07-01,12.44,,,,,,,
JQ덕수1,2015-07-02,12.52,,,,,,,
JQ덕수1,2015-07-03,12.59,,,,,,,
JQ덕수1,2015-07-04,12.62,,,,,,,
JQ덕수1,2015-07-05,12.65,,,,,,,
JQ덕수1,2015-07-06,12.67,,,,,,,
JQ덕수1,2015-07-07,12.69,,,,,,,
JQ덕수1,2015-07-08,12.72,,,,,,,
JQ덕수1,2015-07-09,12.79,,,,,,,
JQ덕수1,2015-07-10,12.85,,,,,,,
JQ덕수1,2015-07-11,12.91,,,,,,,
JQ덕수1,2015-07-12,13.06,,,,,,,
JQ덕수1,2015-07-13,13.38,,,,,,,
JQ덕수1,2015-07-14,13.68,,,,,,,
JQ덕수1,2015-07-15,13.9,,,,,,,
JQ덕수1,2015-07-16,14.08,,,,,,,
JQ덕수1,2015-07-17,14.19,,,,,,,
JQ덕수1,2015-07-18,14.28,,,,,,,
JQ덕수1,2015-07-19,14.36,,,,,,,
JQ덕수1,2015-07-20,14.42,,,,,,,
JQ덕수1,2015-07-21,14.47,,,,,,,
JQ덕수1,2015-07-22,14.51,,,,,,,
JQ덕수1,2015-07-23,14.53,,,,,,,
JQ덕수1,2015-07-24,14.55,,,,,,,
JQ덕수1,2015-07-25,14.56,,,,,,,
JQ덕수1,2015-07-26,14.56,,,,,,,
JQ덕수1,2015-07-27,14.56,,,,,,,
JQ덕수1,2015-07-28,14.55,,,,,,,
JQ덕수1,2015-07-29,14.54,,,,,,,
JQ덕수1,2015-07-30,14.52,,,,,,,
JQ덕수1,2015-07-31,14.49,,,,,,,
JQ덕수1,2015-08-01,14.46,,,,,,,
JQ덕수1,2015-08-02,14.44,,,,,,,
JQ덕수1,2015-08-03,14.41,,,,,,,
JQ덕수1,2015-08-04,14.38,,,,,,,
JQ덕수1,2015-08-05,14.35,,,,,,,
JQ덕수1,2015-08-06,14.31,,,,,,,
JQ덕수1,2015-08-07,14.26,,,,,,,
JQ덕수1,2015-08-08,14.23,,,,,,,
JQ덕수1,2015-08-09,14.19,,,,,,,
JQ덕수1,2015-08-10,14.16,,,,,,,
JQ덕수1,2015-08-11,14.14,,,,,,,
JQ덕수1,2015-08-12,14.13,,,,,,,
JQ덕수1,2015-08-13,14.12,,,,,,,
JQ덕수1,2015-08-14,14.1,,,,,,,
JQ덕수1,2015-08-15,14.09,,,,,,,
JQ덕수1,2015-08-16,14.07,,,,,,,
JQ덕수1,2015-08-17,14.05,,,,,,,
JQ덕수1,2015-08-18,14.02,,,,,,,
JQ덕수1,2015-08-19,13.99,,,,,,,
JQ덕수1,2015-08-20,13.96,,,,,,,
JQ덕수1,2015-08-21,13.95,,,,,,,
JQ덕수1,2015-08-22,13.93,,,,,,,
JQ덕수1,2015-08-23,13.92,,,,,,,
JQ덕수1,2015-08-24,13.92,,,,,,,
JQ덕수1,2015-08-25,13.92,,,,,,,
JQ덕수1,2015-08-26,13.9,,,,,,,
JQ덕수1,2015-08-27,13.88,,,,,,,
JQ덕수1,2015-08-28,13.85,,,,,,,
JQ덕수1,2015-08-29,13.83,,,,,,,
JQ덕수1,2015-08-30,13.79,,,,,,,
JQ덕수1,2015-08-31,13.76,,,,,,,
JQ덕수1,2015-09-01,13.73,,,,,,,
JQ덕수1,2015-09-02,13.69,,,,,,,
JQ덕수1,2015-09-03,13.66,,,,,,,
JQ덕수1,2015-09-04,13.62,,,,,,,
JQ덕수1,2015-09-05,13.6,,,,,,,
JQ덕수1,2015-09-06,13.6,,,,,,,
JQ덕수1,2015-09-08,13.61,,,,,,,
JQ덕수1,2015-09-09,13.58,,,,,,,
JQ덕수1,2015-09-10,13.55,,,,,,,
JQ덕수1,2015-09-11,13.53,,,,,,,
JQ덕수1,2015-09-12,13.5,,,,,,,
JQ덕수1,2015-09-13,13.46,,,,,,,
JQ덕수1,2015-09-14,13.43,,,,,,,
JQ덕수1,2015-09-15,13.4,,,,,,,
JQ덕수1,2015-09-16,13.38,,,,,,,
JQ덕수1,2015-09-17,13.35,,,,,,,
JQ덕수1,2015-09-18,13.31,,,,,,,
JQ덕수1,2015-09-19,13.29,,,,,,,
JQ덕수1,2015-09-20,13.26,,,,,,,
JQ덕수1,2015-09-21,13.23,,,,,,,
JQ덕수1,2015-09-22,13.2,,,,,,,
JQ덕수1,2015-09-23,13.19,,,,,,,
JQ덕수1,2015-09-24,13.18,,,,,,,
JQ덕수1,2015-09-25,13.16,,,,,,,
JQ덕수1,2015-09-26,13.14,,,,,,,
JQ덕수1,2015-09-27,13.11,,,,,,,
JQ덕수1,2015-09-28,13.07,,,,,,,
JQ덕수1,2015-09-29,13.04,,,,,,,
JQ덕수1,2015-09-30,13.02,,,,,,,
JQ덕수1,2015-10-01,13.05,,,,,,,
JQ덕수1,2015-10-02,13.06,,,,,,,
JQ덕수1,2015-10-03,13.08,,,,,,,
JQ덕수1,2015-10-04,13.09,,,,,,,
JQ덕수1,2015-10-05,13.09,,,,,,,
JQ덕수1,2015-10-06,13.1,,,,,,,
JQ덕수1,2015-10-07,13.11,,,,,,,
JQ덕수1,2015-10-08,13.13,,,,,,,
JQ덕수1,2015-10-09,13.13,,,,,,,
JQ덕수1,2015-10-10,13.13,,,,,,,
JQ덕수1,2015-10-11,13.11,,,,,,,
JQ덕수1,2015-10-12,13.1,,,,,,,
JQ덕수1,2015-10-13,13.07,,,,,,,
JQ덕수1,2015-10-14,13.05,,,,,,,
JQ덕수1,2015-10-15,13.03,,,,,,,
JQ덕수1,2015-10-16,13.01,,,,,,,
JQ덕수1,2015-10-17,12.98,,,,,,,
JQ덕수1,2015-10-18,12.95,,,,,,,
JQ덕수1,2015-10-19,12.94,,,,,,,
JQ덕수1,2015-10-20,12.91,,,,,,,
JQ덕수1,2015-10-21,12.89,,,,,,,
JQ덕수1,2015-10-22,12.87,,,,,,,
JQ덕수1,2015-10-23,12.83,,,,,,,
JQ덕수1,2015-10-24,12.81,,,,,,,
JQ덕수1,2015-10-25,12.79,,,,,,,
JQ덕수1,2015-10-26,12.77,,,,,,,
JQ덕수1,2015-10-27,12.75,,,,,,,
JQ덕수1,2015-10-28,12.72,,,,,,,
JQ덕수1,2015-10-29,12.69,,,,,,,
JQ덕수1,2015-10-30,12.65,,,,,,,
JQ덕수1,2015-10-31,12.62,,,,,,,
JQ덕수1,2015-11-01,12.6,,,,,,,
JQ덕수1,2015-11-02,12.57,,,,,,,
JQ덕수1,2015-11-03,12.54,,,,,,,
JQ덕수1,2015-11-04,12.5,,,,,,,
JQ덕수1,2015-11-05,12.48,,,,,,,
JQ덕수1,2015-11-06,12.46,,,,,,,
JQ덕수1,2015-11-07,12.44,,,,,,,
JQ덕수1,2015-11-08,12.42,,,,,,,
JQ덕수1,2015-11-09,12.4,,,,,,,
JQ덕수1,2015-11-10,12.38,,,,,,,
JQ덕수1,2015-11-11,12.36,,,,,,,
JQ덕수1,2015-11-12,12.33,,,,,,,
JQ덕수1,2015-11-13,12.32,,,,,,,
JQ덕수1,2015-11-14,12.31,,,,,,,
JQ덕수1,2015-11-15,12.3,,,,,,,
JQ덕수1,2015-11-16,12.28,,,,,,,
JQ덕수1,2015-11-17,12.27,,,,,,,
JQ덕수1,2015-11-18,12.26,,,,,,,
JQ덕수1,2015-11-19,12.23,,,,,,,
JQ덕수1,2015-11-20,12.22,,,,,,,
JQ덕수1,2015-11-21,12.2,,,,,,,
JQ덕수1,2015-11-22,12.18,,,,,,,
JQ덕수1,2015-11-23,12.17,,,,,,,
JQ덕수1,2015-11-24,12.15,,,,,,,
JQ덕수1,2015-11-25,12.15,,,,,,,
JQ덕수1,2015-11-26,12.14,,,,,,,
JQ덕수1,2015-11-27,12.13,,,,,,,
JQ덕수1,2015-11-28,12.12,,,,,,,
JQ덕수1,2015-11-29,12.11,,,,,,,
JQ덕수1,2015-11-30,12.1,,,,,,,
JQ덕수1,2015-12-01,12.1,,,,,,,
JQ덕수1,2015-12-02,12.1,,,,,,,
JQ덕수1,2015-12-03,12.09,,,,,,,
JQ덕수1,2015-12-04,12.07,,,,,,,
JQ덕수1,2015-12-05,12.05,,,,,,,
JQ덕수1,2015-12-06,12.03,,,,,,,
JQ덕수1,2015-12-07,12.0,,,,,,,
JQ덕수1,2015-12-08,11.98,,,,,,,
JQ덕수1,2015-12-09,11.97,,,,,,,
JQ덕수1,2015-12-15,12.07,,,,,,,
JQ덕수1,2015-12-16,12.07,,,,,,,
JQ덕수1,2015-12-17,12.07,,,,,,,
JQ덕수1,2015-12-18,12.05,,,,,,,
JQ덕수1,2015-12-19,12.04,,,,,,,
JQ덕수1,2015-12-20,12.05,,,,,,,
JQ덕수1,2015-12-21,12.03,,,,,,,
JQ덕수1,2015-12-22,12.04,,,,,,,
JQ덕수1,2015-12-23,12.04,,,,,,,
JQ덕수1,2015-12-24,12.05,,,,,,,
JQ덕수1,2015-12-25,12.04,,,,,,,
JQ덕수1,2015-12-26,12.04,,,,,,,
JQ덕수1,2015-12-27,12.02,,,,,,,
JQ덕수1,2015-12-28,12.0,,,,,,,
JQ덕수1,2015-12-29,11.99,,,,,,,
JQ덕수1,2015-12-30,11.96,,,,,,,
JQ덕수1,2015-12-31,11.94,,,,,,,
JQ덕수1,2021-01-15,47.55,,,,,,,
JQ덕수1,2021-01-16,47.46,,,,,,,
JQ덕수1,2021-01-17,47.34,,,,,,,
JQ덕수1,2021-01-18,47.26,,,,,,,
JQ덕수1,2021-01-19,47.15,,,,,,,
JQ덕수1,2021-01-20,47.06,,,,,,,
JQ덕수1,2021-01-21,46.99,,,,,,,
JQ덕수1,2021-01-22,46.94,,,,,,,
JQ덕수1,2021-01-23,46.93,,,,,,,
JQ덕수1,2021-01-24,46.88,,,,,,,
JQ덕수1,2021-01-25,46.78,,,,,,,
JQ덕수1,2021-01-26,46.76,,,,,,,
JQ덕수1,2021-01-27,46.69,,,,,,,
JQ덕수1,2021-01-28,46.61,,,,,,,
JQ덕수1,2021-01-29,46.48,,,,,,,
JQ덕수1,2021-01-30,46.37,,,,,,,
JQ덕수1,2021-01-31,46.28,,,,,,,
JQ덕수1,2021-02-01,46.36,,,,,,,
JQ덕수1,2021-02-02,46.44,,,,,,,
JQ덕수1,2021-02-03,46.36,,,,,,,
JQ덕수1,2021-02-04,46.26,,,,,,,
JQ덕수1,2021-02-05,46.18,,,,,,,
JQ덕수1,2021-02-06,46.1,,,,,,,
JQ덕수1,2021-02-07,45.99,,,,,,,
JQ덕수1,2021-02-08,45.86,,,,,,,
JQ덕수1,2021-02-09,45.76,,,,,,,
JQ덕수1,2021-02-10,45.66,,,,,,,
JQ덕수1,2021-02-11,45.57,,,,,,,
JQ덕수1,2021-02-12,45.47,,,,,,,
JQ덕수1,2021-02-13,45.38,,,,,,,
JQ덕수1,2021-02-14,45.32,,,,,,,
JQ덕수1,2021-02-15,45.24,,,,,,,
JQ덕수1,2021-02-16,45.13,,,,,,,
JQ덕수1,2021-02-17,45.03,,,,,,,
JQ덕수1,2021-02-18,44.92,,,,,,,
JQ덕수1,2021-02-19,44.83,,,,,,,
JQ덕수1,2021-02-20,44.74,,,,,,,
JQ덕수1,2021-02-21,44.65,,,,,,,
JQ덕수1,2021-02-22,44.57,,,,,,,
JQ덕수1,2021-02-23,44.45,,,,,,,
JQ덕수1,2021-02-24,44.36,,,,,,,
JQ덕수1,2021-02-25,44.28,,,,,,,
JQ덕수1,2021-02-26,44.25,,,,,,,
JQ덕수1,2021-02-27,44.14,,,,,,,
JQ덕수1,2021-02-28,44.04,,,,,,,
JQ덕수1,2021-03-01,43.99,,,,,,,
JQ덕수1,2021-03-02,43.98,,,,,,,
JQ덕수1,2021-03-03,43.88,,,,,,,
JQ덕수1,2021-03-04,43.86,,,,,,,
JQ덕수1,2021-03-05,44.11,,,,,,,
JQ덕수1,2021-03-06,44.09,,,,,,,
JQ덕수1,2021-03-07,43.96,,,,,,,
JQ덕수1,2021-03-08,43.84,,,,,,,
JQ덕수1,2021-03-09,43.74,,,,,,,
JQ덕수1,2021-03-10,43.64,,,,,,,
JQ덕수1,2021-03-11,43.54,,,,,,,
JQ덕수1,2021-03-12,43.73,,,,,,,
JQ덕수1,2021-03-13,43.8,,,,,,,
JQ덕수1,2021-03-14,43.74,,,,,,,
JQ덕수1,2021-03-15,43.65,,,,,,,
JQ덕수1,2021-03-16,43.62,,,,,,,
JQ덕수1,2021-03-17,43.55,,,,,,,
JQ덕수1,2021-03-18,43.45,,,,,,,
JQ덕수1,2021-03-19,43.36,,,,,,,
JQ덕수1,2021-03-20,43.38,,,,,,,
JQ덕수1,2021-03-21,43.31,,,,,,,
JQ덕수1,2021-03-22,43.18,,,,,,,
JQ덕수1,2021-03-23,43.07,,,,,,,
JQ덕수1,2021-03-24,42.97,,,,,,,
JQ덕수1,2021-03-25,42.88,,,,,,,
JQ덕수1,2021-03-26,42.78,,,,,,,
JQ덕수1,2021-03-27,42.78,,,,,,,
JQ덕수1,2021-03-28,42.99,,,,,,,
JQ덕수1,2021-03-29,43.02,,,,,,,
JQ덕수1,2021-03-30,42.96,,,,,,,
JQ덕수1,2021-03-31,42.87,,,,,,,
JQ덕수1,2021-04-01,42.78,,,,,,,
JQ덕수1,2021-04-02,42.74,,,,,,,
JQ덕수1,2021-04-03,42.73,,,,,,,
JQ덕수1,2021-04-04,42.82,,,,,,,
JQ덕수1,2021-04-05,42.77,,,,,,,
JQ덕수1,2021-04-06,42.68,,,,,,,
JQ덕수1,2021-04-07,42.58,,,,,,,
JQ덕수1,2021-04-08,42.48,,,,,,,
JQ덕수1,2021-04-09,42.37,,,,,,,
JQ덕수1,2021-04-10,42.25,,,,,,,
JQ덕수1,2021-04-11,42.15,,,,,,,
JQ덕수1,2021-04-12,42.31,,,,,,,
JQ덕수1,2021-04-13,44.02,,,,,,,
JQ덕수1,2021-04-14,44.26,,,,,,,
JQ덕수1,2021-04-15,44.14,,,,,,,
JQ덕수1,2021-04-16,44.01,,,,,,,
JQ덕수1,2021-04-17,43.85,,,,,,,
JQ덕수1,2021-04-18,43.67,,,,,,,
JQ덕수1,2021-04-19,43.48,,,,,,,
JQ덕수1,2021-04-20,43.3,,,,,,,
JQ덕수1,2021-04-21,43.13,,,,,,,
JQ덕수1,2021-04-22,43.02,,,,,,,
JQ덕수1,2021-04-23,42.89,,,,,,,
JQ덕수1,2021-04-24,42.74,,,,,,,
JQ덕수1,2021-04-25,42.62,,,,,,,
JQ덕수1,2021-04-26,42.5,,,,,,,
JQ덕수1,2021-04-27,42.39,,,,,,,
JQ덕수1,2021-04-28,42.29,,,,,,,
JQ덕수1,2021-04-29,42.22,,,,,,,
JQ덕수1,2021-04-30,42.17,,,,,,,
JQ덕수1,2021-05-01,42.2,,,,,,,
JQ덕수1,2021-05-02,42.12,,,,,,,
JQ덕수1,2021-05-03,42.0,,,,,,,
JQ덕수1,2021-05-04,42.02,,,,,,,
JQ덕수1,2021-05-05,42.75,,,,,,,
JQ덕수1,2021-05-06,42.9,,,,,,,
JQ덕수1,2021-05-07,42.88,,,,,,,
JQ덕수1,2021-05-08,42.79,,,,,,,
JQ덕수1,2021-05-09,42.7,,,,,,,
JQ덕수1,2021-05-10,42.6,,,,,,,
JQ덕수1,2021-05-11,42.51,,,,,,,
JQ덕수1,2021-05-12,42.42,,,,,,,
JQ덕수1,2021-05-13,42.31,,,,,,,
JQ덕수1,2021-05-14,42.22,,,,,,,
JQ덕수1,2021-05-15,42.18,,,,,,,
JQ덕수1,2021-05-16,42.19,,,,,,,
JQ덕수1,2021-05-17,42.29,,,,,,,
JQ덕수1,2021-05-18,42.29,,,,,,,
JQ덕수1,2021-05-19,42.24,,,,,,,
JQ덕수1,2021-05-20,42.28,,,,,,,
JQ덕수1,2021-05-21,42.34,,,,,,,
JQ덕수1,2021-05-22,42.3,,,,,,,
JQ덕수1,2021-05-23,42.23,,,,,,,
JQ덕수1,2021-05-24,42.17,,,,,,,
JQ덕수1,2021-05-25,42.08,,,,,,,
JQ덕수1,2021-05-26,42.02,,,,,,,
JQ덕수1,2021-05-27,42.09,,,,,,,
JQ덕수1,2021-05-28,42.08,,,,,,,
JQ덕수1,2021-05-29,42.02,,,,,,,
JQ덕수1,2021-05-30,41.94,,,,,,,
JQ덕수1,2021-05-31,41.86,,,,,,,
JQ덕수1,2021-06-01,41.76,,,,,,,
JQ덕수1,2021-06-02,41.69,,,,,,,
JQ덕수1,2021-06-03,41.68,,,,,,,
JQ덕수1,2021-06-04,41.65,,,,,,,
JQ덕수1,2021-06-05,41.6,,,,,,,
JQ덕수1,2021-06-06,41.52,,,,,,,
JQ덕수1,2021-06-07,41.42,,,,,,,
JQ덕수1,2021-06-08,41.36,,,,,,,
JQ덕수1,2021-06-09,41.29,,,,,,,
JQ덕수1,2021-06-10,41.23,,,,,,,
JQ덕수1,2021-06-11,41.87,,,,,,,
JQ덕수1,2021-06-12,42.83,,,,,,,
JQ덕수1,2021-06-13,42.98,,,,,,,
JQ덕수1,2021-06-14,42.96,,,,,,,
JQ덕수1,2021-06-15,43.02,,,,,,,
JQ덕수1,2021-06-16,43.74,,,,,,,
JQ덕수1,2021-06-17,43.78,,,,,,,
JQ덕수1,2021-06-18,43.68,,,,,,,
JQ덕수1,2021-06-19,43.54,,,,,,,
JQ덕수1,2021-06-20,43.39,,,,,,,
JQ덕수1,2021-06-21,43.23,,,,,,,
JQ덕수1,2021-06-22,43.06,,,,,,,
JQ덕수1,2021-06-23,42.93,,,,,,,
JQ덕수1,2021-06-24,42.8,,,,,,,
JQ덕수1,2021-06-25,42.68,,,,,,,
JQ덕수1,2021-06-26,42.59,,,,,,,
JQ덕수1,2021-06-27,42.52,,,,,,,
JQ덕수1,2021-06-28,42.42,,,,,,,
JQ덕수1,2021-06-29,42.35,,,,,,,
JQ덕수1,2021-06-30,42.26,,,,,,,
JQ덕수1,2021-07-01,42.19,,,,,,,
JQ덕수1,2021-07-02,42.12,,,,,,,
JQ덕수1,2021-07-03,42.13,,,,,,,
JQ덕수1,2021-07-04,42.35,,,,,,,
JQ덕수1,2021-07-05,42.87,,,,,,,
JQ덕수1,2021-07-06,42.98,,,,,,,
JQ덕수1,2021-07-07,42.97,,,,,,,
JQ덕수1,2021-07-08,42.98,,,,,,,
JQ덕수1,2021-07-09,42.98,,,,,,,
JQ덕수1,2021-07-10,42.94,,,,,,,
JQ덕수1,2021-07-11,42.86,,,,,,,
JQ덕수1,2021-07-12,42.79,,,,,,,
JQ덕수1,2021-07-13,42.7,,,,,,,
JQ덕수1,2021-07-14,42.6,,,,,,,
JQ덕수1,2021-07-15,42.49,,,,,,,
JQ덕수1,2021-07-16,42.39,,,,,,,
JQ덕수1,2021-07-17,42.33,,,,,,,
JQ덕수1,2021-07-18,42.39,,,,,,,
JQ덕수1,2021-07-19,42.43,,,,,,,
JQ덕수1,2021-07-20,42.4,,,,,,,
JQ덕수1,2021-07-21,42.34,,,,,,,
JQ덕수1,2021-07-22,42.27,,,,,,,
JQ덕수1,2021-07-23,42.22,,,,,,,
JQ덕수1,2021-07-24,42.17,,,,,,,
JQ덕수1,2021-07-25,42.11,,,,,,,
JQ덕수1,2021-07-26,42.09,,,,,,,
JQ덕수1,2021-07-27,42.06,,,,,,,
JQ덕수1,2021-07-28,41.99,,,,,,,
JQ덕수1,2021-07-29,41.94,,,,,,,
JQ덕수1,2021-07-30,41.89,,,,,,,
JQ덕수1,2021-07-31,41.85,,,,,,,
JQ덕수1,2021-08-01,41.81,,,,,,,
JQ덕수1,2021-08-02,41.84,,,,,,,
JQ덕수1,2021-08-03,41.83,,,,,,,
JQ덕수1,2021-08-04,41.75,,,,,,,
JQ덕수1,2021-08-05,41.69,,,,,,,
JQ덕수1,2021-08-06,41.62,,,,,,,
JQ덕수1,2021-08-07,41.56,,,,,,,
JQ덕수1,2021-08-08,41.49,,,,,,,
JQ덕수1,2021-08-09,41.43,,,,,,,
JQ덕수1,2021-08-10,41.36,,,,,,,
JQ덕수1,2021-08-11,41.53,,,,,,,
JQ덕수1,2021-08-12,41.8,,,,,,,
JQ덕수1,2021-08-13,42.02,,,,,,,
JQ덕수1,2021-08-14,42.45,,,,,,,
JQ덕수1,2021-08-15,42.94,,,,,,,
JQ덕수1,2021-08-16,42.99,,,,,,,
JQ덕수1,2021-08-17,42.89,,,,,,,
JQ덕수1,2021-08-18,42.77,,,,,,,
JQ덕수1,2021-08-19,42.63,,,,,,,
JQ덕수1,2021-08-20,42.5,,,,,,,
JQ덕수1,2021-08-21,42.42,,,,,,,
JQ덕수1,2021-08-22,42.67,,,,,,,
JQ덕수1,2021-08-23,44.08,,,,,,,
JQ덕수1,2021-08-24,44.34,,,,,,,
JQ덕수1,2021-08-25,44.6,,,,,,,
JQ덕수1,2021-08-26,44.58,,,,,,,
JQ덕수1,2021-08-27,44.51,,,,,,,
JQ덕수1,2021-08-28,44.4,,,,,,,
JQ덕수1,2021-08-29,44.25,,,,,,,
JQ덕수1,2021-08-30,44.08,,,,,,,
JQ덕수1,2021-08-31,43.92,,,,,,,
JQ덕수1,2021-09-01,43.82,,,,,,,
JQ덕수1,2021-09-02,43.89,,,,,,,
JQ덕수1,2021-09-03,45.43,,,,,,,
JQ덕수1,2021-09-04,45.8,,,,,,,
JQ덕수1,2021-09-05,45.64,,,,,,,
JQ덕수1,2021-09-06,45.46,,,,,,,
JQ덕수1,2021-09-07,45.32,,,,,,,
JQ덕수1,2021-09-08,45.17,,,,,,,
JQ덕수1,2021-09-09,45.0,,,,,,,
JQ덕수1,2021-09-10,44.9,,,,,,,
JQ덕수1,2021-09-11,44.79,,,,,,,
JQ덕수1,2021-09-12,44.68,,,,,,,
JQ덕수1,2021-09-13,44.59,,,,,,,
JQ덕수1,2021-09-14,45.27,,,,,,,
JQ덕수1,2021-09-15,46.31,,,,,,,
JQ덕수1,2021-09-16,46.42,,,,,,,
JQ덕수1,2021-09-17,47.46,,,,,,,
JQ덕수1,2021-09-18,47.82,,,,,,,
JQ덕수1,2021-09-19,47.7,,,,,,,
JQ덕수1,2021-09-20,47.61,,,,,,,
JQ덕수1,2021-09-21,47.53,,,,,,,
JQ덕수1,2021-09-22,47.4,,,,,,,
JQ덕수1,2021-09-23,47.23,,,,,,,
JQ덕수1,2021-09-24,47.08,,,,,,,
JQ덕수1,2021-09-25,46.96,,,,,,,
JQ덕수1,2021-09-26,46.85,,,,,,,
JQ덕수1,2021-09-27,46.75,,,,,,,
JQ덕수1,2021-09-28,46.64,,,,,,,
JQ덕수1,2021-09-29,46.54,,,,,,,
JQ덕수1,2021-09-30,46.48,,,,,,,
JQ덕수1,2021-10-01,46.37,,,,,,,
JQ덕수1,2021-10-02,46.24,,,,,,,
JQ덕수1,2021-10-03,46.13,,,,,,,
JQ덕수1,2021-10-04,46.02,,,,,,,
JQ덕수1,2021-10-05,45.92,,,,,,,
JQ덕수1,2021-10-06,45.86,,,,,,,
JQ덕수1,2021-10-07,45.78,,,,,,,
JQ덕수1,2021-10-08,45.7,,,,,,,
JQ덕수1,2021-10-09,45.71,,,,,,,
JQ덕수1,2021-10-10,45.73,,,,,,,
JQ덕수1,2021-10-11,45.73,,,,,,,
JQ덕수1,2021-10-12,45.66,,,,,,,
JQ덕수1,2021-10-13,45.58,,,,,,,
JQ덕수1,2021-10-14,45.51,,,,,,,
JQ덕수1,2021-10-15,45.47,,,,,,,
JQ덕수1,2021-10-16,45.41,,,,,,,
JQ덕수1,2021-10-17,45.36,,,,,,,
JQ덕수1,2021-10-18,45.3,,,,,,,
JQ덕수1,2021-10-19,45.24,,,,,,,
JQ덕수1,2021-10-20,45.16,,,,,,,
JQ덕수1,2021-10-21,45.11,,,,,,,
JQ덕수1,2021-10-22,45.04,,,,,,,
JQ덕수1,2021-10-23,44.96,,,,,,,
JQ덕수1,2021-10-24,44.91,,,,,,,
JQ덕수1,2021-10-25,44.87,,,,,,,
JQ덕수1,2021-10-26,44.82,,,,,,,
JQ덕수1,2021-10-27,44.78,,,,,,,
JQ덕수1,2021-10-28,44.73,,,,,,,
JQ덕수1,2021-10-29,44.67,,,,,,,
JQ덕수1,2021-10-30,44.62,,,,,,,
JQ덕수1,2021-10-31,44.58,,,,,,,
JQ덕수1,2021-11-01,44.54,,,,,,,
JQ덕수1,2021-11-02,44.5,,,,,,,
JQ덕수1,2021-11-03,44.47,,,,,,,
JQ덕수1,2021-11-04,44.45,,,,,,,
JQ덕수1,2021-11-05,44.43,,,,,,,
JQ덕수1,2021-11-06,44.41,,,,,,,
JQ덕수1,2021-11-07,44.36,,,,,,,
JQ덕수1,2021-11-08,44.43,,,,,,,
JQ덕수1,2021-11-09,44.52,,,,,,,
JQ덕수1,2021-11-10,44.51,,,,,,,
JQ덕수1,2021-11-11,44.49,,,,,,,
JQ덕수1,2021-11-12,44.43,,,,,,,
JQ덕수1,2021-11-13,44.36,,,,,,,
JQ덕수1,2021-11-14,44.31,,,,,,,
JQ덕수1,2021-11-15,44.25,,,,,,,
JQ덕수1,2021-11-16,44.19,,,,,,,
JQ덕수1,2021-11-17,44.13,,,,,,,
JQ덕수1,2021-11-18,44.09,,,,,,,
JQ덕수1,2021-11-19,44.05,,,,,,,
JQ덕수1,2021-11-20,43.99,,,,,,,
JQ덕수1,2021-11-21,43.95,,,,,,,
JQ덕수1,2021-11-22,43.9,,,,,,,
JQ덕수1,2021-11-23,43.83,,,,,,,
JQ덕수1,2021-11-24,43.77,,,,,,,
JQ덕수1,2021-11-25,43.72,,,,,,,
JQ덕수1,2021-11-26,43.63,,,,,,,
JQ덕수1,2021-11-27,43.54,,,,,,,
JQ덕수1,2021-11-28,43.47,,,,,,,
JQ덕수1,2021-11-29,43.45,,,,,,,
JQ덕수1,2021-11-30,43.58,,,,,,,
JQ덕수1,2021-12-01,43.68,,,,,,,
JQ덕수1,2021-12-02,43.62,,,,,,,
JQ덕수1,2021-12-03,43.55,,,,,,,
JQ덕수1,2021-12-04,43.44,,,,,,,
JQ덕수1,2021-12-05,43.34,,,,,,,
JQ덕수1,2021-12-06,43.28,,,,,,,
JQ덕수1,2021-12-07,43.2,,,,,,,
JQ덕수1,2021-12-08,43.12,,,,,,,
JQ덕수1,2021-12-09,43.06,,,,,,,
JQ덕수1,2021-12-10,43.0,,,,,,,
JQ덕수1,2021-12-11,42.94,,,,,,,
JQ덕수1,2021-12-12,42.87,,,,,,,
JQ덕수1,2021-12-13,42.8,,,,,,,
JQ덕수1,2021-12-14,42.75,,,,,,,
JQ덕수1,2021-12-15,42.7,,,,,,,
JQ덕수1,2021-12-16,42.7,,,,,,,
JQ덕수1,2021-12-17,42.68,,,,,,,
JQ덕수1,2021-12-18,42.6,,,,,,,
JQ덕수1,2021-12-19,42.55,,,,,,,
JQ덕수1,2021-12-20,42.49,,,,,,,
JQ덕수1,2021-12-21,42.44,,,,,,,
JQ덕수1,2021-12-22,42.37,,,,,,,
JQ덕수1,2021-12-23,42.3,,,,,,,
JQ덕수1,2021-12-24,42.24,,,,,,,
JQ덕수1,2021-12-25,42.16,,,,,,,
JQ덕수1,2021-12-26,42.07,,,,,,,
JQ덕수1,2021-12-27,42.01,,,,,,,
JQ덕수1,2021-12-28,41.97,,,,,,,
JQ덕수1,2021-12-29,41.92,,,,,,,
JQ덕수1,2021-12-30,41.85,,,,,,,
JQ덕수1,2021-12-31,41.77,,,,,,,
JQ덕수1,2022-01-01,41.71,,,,,,,
JQ덕수1,2022-01-02,41.64,,,,,,,
JQ덕수1,2022-01-03,41.58,,,,,,,
JQ덕수1,2022-01-04,41.51,,,,,,,
JQ덕수1,2022-01-05,41.47,,,,,,,
JQ덕수1,2022-01-06,41.5,,,,,,,
JQ덕수1,2022-01-07,41.43,,,,,,,
JQ덕수1,2022-01-08,41.37,,,,,,,
JQ덕수1,2022-01-09,41.31,,,,,,,
JQ덕수1,2022-01-10,41.25,,,,,,,
JQ덕수1,2022-01-11,41.2,,,,,,,
JQ덕수1,2022-01-12,41.13,,,,,,,
JQ덕수1,2022-01-13,41.08,,,,,,,
JQ덕수1,2022-01-14,41.01,,,,,,,
JQ덕수1,2022-01-15,40.94,,,,,,,
JQ덕수1,2022-01-16,40.86,,,,,,,
JQ덕수1,2022-01-17,40.79,,,,,,,
JQ덕수1,2022-01-18,40.73,,,,,,,
JQ덕수1,2022-01-19,40.66,,,,,,,
JQ덕수1,2022-01-20,40.59,,,,,,,
JQ덕수1,2022-01-21,40.53,,,,,,,
JQ덕수1,2022-01-22,40.47,,,,,,,
JQ덕수1,2022-01-23,40.44,,,,,,,
JQ덕수1,2022-01-24,40.41,,,,,,,
JQ덕수1,2022-01-25,40.34,,,,,,,
JQ덕수1,2022-01-26,40.28,,,,,,,
JQ덕수1,2022-01-27,40.22,,,,,,,
JQ덕수1,2022-01-28,40.15,,,,,,,
JQ덕수1,2022-01-29,40.1,,,,,,,
JQ덕수1,2022-01-30,40.04,,,,,,,
JQ덕수1,2022-01-31,39.96,,,,,,,
JQ덕수1,2022-02-01,39.9,,,,,,,
JQ덕수1,2022-02-02,39.84,,,,,,,
JQ덕수1,2022-02-03,39.79,,,,,,,
JQ덕수1,2022-02-04,39.73,,,,,,,
JQ덕수1,2022-02-05,39.67,,,,,,,
JQ덕수1,2022-02-06,39.61,,,,,,,
JQ덕수1,2022-02-07,39.56,,,,,,,
JQ덕수1,2022-02-08,39.5,,,,,,,
JQ덕수1,2022-02-09,39.43,,,,,,,
JQ덕수1,2022-02-10,39.38,,,,,,,
JQ덕수1,2022-02-11,39.34,,,,,,,
JQ덕수1,2022-02-12,39.3,,,,,,,
JQ덕수1,2022-02-13,39.25,,,,,,,
JQ덕수1,2022-02-14,39.19,,,,,,,
JQ덕수1,2022-02-15,39.13,,,,,,,
JQ덕수1,2022-02-16,39.06,,,,,,,
JQ덕수1,2022-02-17,38.99,,,,,,,
JQ덕수1,2022-02-18,38.93,,,,,,,
JQ덕수1,2022-02-19,38.88,,,,,,,
JQ덕수1,2022-02-20,38.82,,,,,,,
JQ덕수1,2022-02-21,38.76,,,,,,,
JQ덕수1,2022-02-22,38.7,,,,,,,
JQ덕수1,2022-02-23,38.64,,,,,,,
JQ덕수1,2022-02-24,38.57,,,,,,,
JQ덕수1,2022-02-25,38.51,,,,,,,
JQ덕수1,2022-02-26,38.45,,,,,,,
JQ덕수1,2022-02-27,38.38,,,,,,,
JQ덕수1,2022-02-28,38.32,,,,,,,
JQ덕수1,2022-03-01,38.28,,,,,,,
JQ덕수1,2022-03-02,38.21,,,,,,,
JQ덕수1,2022-03-03,38.14,,,,,,,
JQ덕수1,2022-03-04,38.07,,,,,,,
JQ덕수1,2022-03-05,38.01,,,,,,,
JQ덕수1,2022-03-06,37.94,,,,,,,
JQ덕수1,2022-03-07,37.89,,,,,,,
JQ덕수1,2022-03-08,37.84,,,,,,,
JQ덕수1,2022-03-09,37.77,,,,,,,
JQ덕수1,2022-03-10,37.7,,,,,,,
JQ덕수1,2022-03-11,37.67,,,,,,,
JQ덕수1,2022-03-12,37.64,,,,,,,
JQ덕수1,2022-03-13,37.59,,,,,,,
JQ덕수1,2022-03-14,37.56,,,,,,,
JQ덕수1,2022-03-15,37.5,,,,,,,
JQ덕수1,2022-03-16,37.45,,,,,,,
JQ덕수1,2022-03-17,37.44,,,,,,,
JQ덕수1,2022-03-18,37.58,,,,,,,
JQ덕수1,2022-03-19,37.59,,,,,,,
JQ덕수1,2022-03-20,37.5,,,,,,,
JQ덕수1,2022-03-21,37.42,,,,,,,
JQ덕수1,2022-03-22,37.47,,,,,,,
JQ덕수1,2022-03-23,37.44,,,,,,,
JQ덕수1,2022-03-24,37.36,,,,,,,
JQ덕수1,2022-03-25,37.31,,,,,,,
JQ덕수1,2022-03-26,37.66,,,,,,,
JQ덕수1,2022-03-27,37.71,,,,,,,
JQ덕수1,2022-03-28,37.64,,,,,,,
JQ덕수1,2022-03-29,37.54,,,,,,,
JQ덕수1,2022-03-30,37.49,,,,,,,
JQ덕수1,2022-03-31,37.42,,,,,,,
JQ덕수1,2022-04-01,37.31,,,,,,,
JQ덕수1,2022-04-02,37.25,,,,,,,
JQ덕수1,2022-04-03,37.16,,,,,,,
JQ덕수1,2022-04-04,37.1,,,,,,,
JQ덕수1,2022-04-05,37.04,,,,,,,
JQ덕수1,2022-04-06,36.93,,,,,,,
JQ덕수1,2022-04-07,36.88,,,,,,,
JQ덕수1,2022-04-08,36.8,,,,,,,
JQ덕수1,2022-04-09,36.7,,,,,,,
JQ덕수1,2022-04-10,36.64,,,,,,,
JQ덕수1,2022-04-11,36.58,,,,,,,
JQ덕수1,2022-04-12,36.53,,,,,,,
JQ덕수1,2022-04-13,36.48,,,,,,,
JQ덕수1,2022-04-14,36.54,,,,,,,
JQ덕수1,2022-04-15,36.46,,,,,,,
JQ덕수1,2022-04-16,36.42,,,,,,,
JQ덕수1,2022-04-17,36.34,,,,,,,
JQ덕수1,2022-04-18,36.27,,,,,,,
JQ덕수1,2022-04-19,36.21,,,,,,,
JQ덕수1,2022-04-20,36.16,,,,,,,
JQ덕수1,2022-04-21,36.11,,,,,,,
JQ덕수1,2022-04-22,36.08,,,,,,,
JQ덕수1,2022-04-23,36.04,,,,,,,
JQ덕수1,2022-04-24,35.99,,,,,,,
JQ덕수1,2022-04-25,35.97,,,,,,,
JQ덕수1,2022-04-26,36.29,,,,,,,
JQ덕수1,2022-04-27,37.3,,,,,,,
JQ덕수1,2022-04-28,37.4,,,,,,,
JQ덕수1,2022-04-29,37.43,,,,,,,
JQ덕수1,2022-04-30,37.38,,,,,,,
JQ덕수1,2022-05-01,37.26,,,,,,,
JQ덕수1,2022-05-02,37.16,,,,,,,
JQ덕수1,2022-05-03,37.02,,,,,,,
JQ덕수1,2022-05-04,36.88,,,,,,,
JQ덕수1,2022-05-05,36.75,,,,,,,
JQ덕수1,2022-05-06,36.63,,,,,,,
JQ덕수1,2022-05-07,36.51,,,,,,,
JQ덕수1,2022-05-08,36.41,,,,,,,
JQ덕수1,2022-05-09,36.33,,,,,,,
JQ덕수1,2022-05-10,36.23,,,,,,,
JQ덕수1,2022-05-11,36.18,,,,,,,
JQ덕수1,2022-05-12,36.11,,,,,,,
JQ덕수1,2022-05-13,36.06,,,,,,,
JQ덕수1,2022-05-14,36.03,,,,,,,
JQ덕수1,2022-05-15,35.92,,,,,,,
JQ덕수1,2022-05-16,35.84,,,,,,,
JQ덕수1,2022-05-17,35.77,,,,,,,
JQ덕수1,2022-05-18,35.68,,,,,,,
JQ덕수1,2022-05-19,35.61,,,,,,,
JQ덕수1,2022-05-20,35.57,,,,,,,
JQ덕수1,2022-05-21,35.48,,,,,,,
JQ덕수1,2022-05-22,35.43,,,,,,,
JQ덕수1,2022-05-23,35.33,,,,,,,
JQ덕수1,2022-05-24,35.29,,,,,,,
JQ덕수1,2022-05-25,35.25,,,,,,,
JQ덕수1,2022-05-26,35.18,,,,,,,
JQ덕수1,2022-05-27,35.16,,,,,,,
JQ덕수1,2022-05-28,35.13,,,,,,,
JQ덕수1,2022-05-29,35.11,,,,,,,
JQ덕수1,2022-05-30,35.02,,,,,,,
JQ덕수1,2022-05-31,34.95,,,,,,,
JQ덕수1,2022-06-01,34.92,,,,,,,
JQ덕수1,2022-06-02,34.85,,,,,,,
JQ덕수1,2022-06-03,34.77,,,,,,,
JQ덕수1,2022-06-04,34.75,,,,,,,
JQ덕수1,2022-06-05,35.22,,,,,,,
JQ덕수1,2022-06-06,35.54,,,,,,,
JQ덕수1,2022-06-07,35.52,,,,,,,
JQ덕수1,2022-06-08,35.41,,,,,,,
JQ덕수1,2022-06-09,35.28,,,,,,,
JQ덕수1,2022-06-10,35.19,,,,,,,
JQ덕수1,2022-06-11,35.13,,,,,,,
JQ덕수1,2022-06-12,35.08,,,,,,,
JQ덕수1,2022-06-13,35.05,,,,,,,
JQ덕수1,2022-06-14,35.02,,,,,,,
JQ덕수1,2022-06-15,34.96,,,,,,,
JQ덕수1,2022-06-16,34.9,,,,,,,
JQ덕수1,2022-06-17,34.83,,,,,,,
JQ덕수1,2022-06-18,34.77,,,,,,,
JQ덕수1,2022-06-19,34.68,,,,,,,
JQ덕수1,2022-06-20,34.63,,,,,,,
JQ덕수1,2022-06-21,34.6,,,,,,,
JQ덕수1,2022-06-22,34.55,,,,,,,
JQ덕수1,2022-06-23,34.51,,,,,,,
JQ덕수1,2022-06-24,35.3,,,,,,,
JQ덕수1,2022-06-25,36.71,,,,,,,
JQ덕수1,2022-06-26,36.86,,,,,,,
JQ덕수1,2022-06-27,36.64,,,,,,,
JQ덕수1,2022-06-28,36.45,,,,,,,
JQ덕수1,2022-06-29,36.27,,,,,,,
JQ덕수1,2022-06-30,36.14,,,,,,,
JQ덕수1,2022-07-01,36.01,,,,,,,
JQ덕수1,2022-07-02,35.86,,,,,,,
JQ덕수1,2022-07-03,35.77,,,,,,,
JQ덕수1,2022-07-04,35.65,,,,,,,
JQ덕수1,2022-07-05,35.54,,,,,,,
JQ덕수1,2022-07-06,35.4,,,,,,,
JQ덕수1,2022-07-07,35.33,,,,,,,
JQ덕수1,2022-07-08,35.24,,,,,,,
JQ덕수1,2022-07-09,35.11,,,,,,,
JQ덕수1,2022-07-10,35.02,,,,,,,
JQ덕수1,2022-07-11,35.6,,,,,,,
JQ덕수1,2022-07-12,36.44,,,,,,,
JQ덕수1,2022-07-13,36.47,,,,,,,
JQ덕수1,2022-07-14,36.29,,,,,,,
JQ덕수1,2022-07-15,36.42,,,,,,,
JQ덕수1,2022-07-16,37.01,,,,,,,
JQ덕수1,2022-07-17,37.06,,,,,,,
JQ덕수1,2022-07-18,36.92,,,,,,,
JQ덕수1,2022-07-19,36.69,,,,,,,
JQ덕수1,2022-07-20,36.48,,,,,,,
JQ덕수1,2022-07-21,36.31,,,,,,,
JQ덕수1,2022-07-22,36.15,,,,,,,
JQ덕수1,2022-07-23,35.97,,,,,,,
JQ덕수1,2022-07-24,35.96,,,,,,,
JQ덕수1,2022-07-25,35.86,,,,,,,
JQ덕수1,2022-07-26,35.72,,,,,,,
JQ덕수1,2022-07-27,35.62,,,,,,,
JQ덕수1,2022-07-28,35.47,,,,,,,
JQ덕수1,2022-07-29,35.38,,,,,,,
JQ덕수1,2022-07-30,35.39,,,,,,,
JQ덕수1,2022-07-31,36.84,,,,,,,
JQ덕수1,2022-08-01,38.62,,,,,,,
JQ덕수1,2022-08-02,39.05,,,,,,,
JQ덕수1,2022-08-03,39.06,,,,,,,
JQ덕수1,2022-08-04,38.96,,,,,,,
JQ덕수1,2022-08-05,38.81,,,,,,,
JQ덕수1,2022-08-06,38.63,,,,,,,
JQ덕수1,2022-08-07,38.39,,,,,,,
JQ덕수1,2022-08-08,38.15,,,,,,,
JQ덕수1,2022-08-09,37.88,,,,,,,
JQ덕수1,2022-08-10,37.68,,,,,,,
JQ덕수1,2022-08-11,37.5,,,,,,,
JQ덕수1,2022-08-12,37.29,,,,,,,
JQ덕수1,2022-08-13,37.1,,,,,,,
JQ덕수1,2022-08-14,36.93,,,,,,,
JQ덕수1,2022-08-15,36.78,,,,,,,
JQ덕수1,2022-08-16,36.67,,,,,,,
JQ덕수1,2022-08-17,37.09,,,,,,,
JQ덕수1,2022-08-18,38.16,,,,,,,
JQ덕수1,2022-08-19,38.34,,,,,,,
JQ덕수1,2022-08-20,38.27,,,,,,,
JQ덕수1,2022-08-21,38.13,,,,,,,
JQ덕수1,2022-08-22,37.95,,,,,,,
JQ덕수1,2022-08-23,37.78,,,,,,,
JQ덕수1,2022-08-24,37.62,,,,,,,
JQ덕수1,2022-08-25,37.46,,,,,,,
JQ덕수1,2022-08-26,37.28,,,,,,,
JQ덕수1,2022-08-27,37.12,,,,,,,
JQ덕수1,2022-08-28,36.97,,,,,,,
JQ덕수1,2022-08-29,36.81,,,,,,,
JQ덕수1,2022-08-30,36.7,,,,,,,
JQ덕수1,2022-08-31,36.65,,,,,,,
JQ덕수1,2022-09-01,36.59,,,,,,,
JQ덕수1,2022-09-02,36.64,,,,,,,
JQ덕수1,2022-09-03,36.89,,,,,,,
JQ덕수1,2022-09-04,37.21,,,,,,,
JQ덕수1,2022-09-05,39.37,,,,,,,
JQ덕수1,2022-09-06,41.97,,,,,,,
JQ덕수1,2022-09-07,42.68,,,,,,,
JQ덕수1,2022-09-08,42.7,,,,,,,
JQ덕수1,2022-09-09,42.53,,,,,,,
JQ덕수1,2022-09-10,42.32,,,,,,,
JQ덕수1,2022-09-11,42.08,,,,,,,
JQ덕수1,2022-09-12,41.87,,,,,,,
JQ덕수1,2022-09-13,41.72,,,,,,,
JQ덕수1,2022-09-14,41.76,,,,,,,
JQ덕수1,2022-09-15,41.67,,,,,,,
JQ덕수1,2022-09-16,41.53,,,,,,,
JQ덕수1,2022-09-17,41.4,,,,,,,
JQ덕수1,2022-09-18,41.31,,,,,,,
JQ덕수1,2022-09-19,41.2,,,,,,,
JQ덕수1,2022-09-20,41.02,,,,,,,
JQ덕수1,2022-09-21,40.86,,,,,,,
JQ덕수1,2022-09-22,40.7,,,,,,,
JQ덕수1,2022-09-23,40.56,,,,,,,
JQ덕수1,2022-09-24,40.41,,,,,,,
JQ덕수1,2022-09-25,40.28,,,,,,,
JQ덕수1,2022-09-26,40.13,,,,,,,
JQ덕수1,2022-09-27,40.0,,,,,,,
JQ덕수1,2022-09-28,39.87,,,,,,,
JQ덕수1,2022-09-29,39.77,,,,,,,
JQ덕수1,2022-09-30,39.66,,,,,,,
JQ덕수1,2022-10-01,39.56,,,,,,,
JQ덕수1,2022-10-02,39.46,,,,,,,
JQ덕수1,2022-10-03,39.39,,,,,,,
JQ덕수1,2022-10-04,39.31,,,,,,,
JQ덕수1,2022-10-05,39.21,,,,,,,
JQ덕수1,2022-10-06,39.13,,,,,,,
JQ덕수1,2022-10-07,39.05,,,,,,,
JQ덕수1,2022-10-08,38.95,,,,,,,
JQ덕수1,2022-10-09,38.9,,,,,,,
JQ덕수1,2022-10-10,38.87,,,,,,,
JQ덕수1,2022-10-11,38.81,,,,,,,
JQ덕수1,2022-10-12,38.71,,,,,,,
JQ덕수1,2022-10-13,38.63,,,,,,,
JQ덕수1,2022-10-14,38.53,,,,,,,
JQ덕수1,2022-10-15,38.46,,,,,,,
JQ덕수1,2022-10-16,38.4,,,,,,,
JQ덕수1,2022-10-17,38.35,,,,,,,
JQ덕수1,2022-10-19,38.1,,,,,,,
JQ덕수1,2022-10-20,38.06,,,,,,,
JQ덕수1,2022-10-21,37.96,,,,,,,
JQ덕수1,2022-10-22,37.93,,,,,,,
JQ덕수1,2022-10-23,37.89,,,,,,,
JQ덕수1,2022-10-24,37.84,,,,,,,
JQ덕수1,2022-10-25,37.76,,,,,,,
JQ덕수1,2022-10-26,37.68,,,,,,,
JQ덕수1,2022-10-27,37.6,,,,,,,
JQ덕수1,2022-10-28,37.55,,,,,,,
JQ덕수1,2022-10-29,37.54,,,,,,,
JQ덕수1,2022-10-30,37.48,,,,,,,
JQ덕수1,2022-10-31,37.41,,,,,,,
JQ덕수1,2022-11-01,37.36,,,,,,,
JQ덕수1,2022-11-02,37.33,,,,,,,
JQ덕수1,2022-11-03,37.31,,,,,,,
JQ덕수1,2022-11-04,37.22,,,,,,,
JQ덕수1,2022-11-05,37.16,,,,,,,
JQ덕수1,2022-11-06,37.09,,,,,,,
JQ덕수1,2022-11-07,37.02,,,,,,,
JQ덕수1,2022-11-08,37.0,,,,,,,
JQ덕수1,2022-11-09,37.0,,,,,,,
JQ덕수1,2022-11-10,37.02,,,,,,,
JQ덕수1,2022-11-11,37.0,,,,,,,
JQ덕수1,2022-11-12,36.98,,,,,,,
JQ덕수1,2022-11-13,36.97,,,,,,,
JQ덕수1,2022-11-14,36.93,,,,,,,
JQ덕수1,2022-11-15,36.89,,,,,,,
JQ덕수1,2022-11-16,36.83,,,,,,,
JQ덕수1,2022-11-17,36.8,,,,,,,
JQ덕수1,2022-11-18,36.74,,,,,,,
JQ덕수1,2022-11-19,36.71,,,,,,,
JQ덕수1,2022-11-20,36.67,,,,,,,
JQ덕수1,2022-11-21,36.64,,,,,,,
JQ덕수1,2022-11-22,36.61,,,,,,,
JQ덕수1,2022-11-23,36.58,,,,,,,
JQ덕수1,2022-11-24,36.53,,,,,,,
JQ덕수1,2022-11-25,36.49,,,,,,,
JQ덕수1,2022-11-26,36.44,,,,,,,
JQ덕수1,2022-11-27,36.39,,,,,,,
JQ덕수1,2022-11-28,36.36,,,,,,,
JQ덕수1,2022-11-29,36.5,,,,,,,
JQ덕수1,2022-11-30,36.47,,,,,,,
JQ덕수1,2022-12-01,36.4,,,,,,,
JQ덕수1,2022-12-02,36.35,,,,,,,
JQ덕수1,2022-12-03,36.28,,,,,,,
JQ덕수1,2022-12-04,36.24,,,,,,,
JQ덕수1,2022-12-05,36.19,,,,,,,
JQ덕수1,2022-12-06,36.15,,,,,,,
JQ덕수1,2022-12-07,36.09,,,,,,,
JQ덕수1,2022-12-08,36.05,,,,,,,
JQ덕수1,2022-12-09,35.99,,,,,,,
JQ덕수1,2022-12-10,35.94,,,,,,,
JQ덕수1,2022-12-11,35.88,,,,,,,
JQ덕수1,2022-12-12,35.84,,,,,,,
JQ덕수1,2022-12-13,35.78,,,,,,,
JQ덕수1,2022-12-14,35.72,,,,,,,
JQ덕수1,2022-12-15,35.67,,,,,,,
JQ덕수1,2022-12-16,35.61,,,,,,,
JQ덕수1,2022-12-17,35.58,,,,,,,
JQ덕수1,2022-12-18,35.54,,,,,,,
JQ덕수1,2022-12-19,35.5,,,,,,,
JQ덕수1,2022-12-20,35.48,,,,,,,
JQ덕수1,2022-12-21,35.49,,,,,,,
JQ덕수1,2022-12-22,35.5,,,,,,,
JQ덕수1,2022-12-23,35.49,,,,,,,
JQ덕수1,2022-12-24,35.46,,,,,,,
JQ덕수1,2022-12-25,35.45,,,,,,,
JQ덕수1,2022-12-26,35.4,,,,,,,
JQ덕수1,2022-12-27,35.32,,,,,,,
JQ덕수1,2022-12-28,35.25,,,,,,,
JQ덕수1,2022-12-29,35.2,,,,,,,
JQ덕수1,2022-12-30,35.14,,,,,,,
JQ덕수1,2022-12-31,35.09,,,,,,,
JQ덕수1,2023-01-01,35.03,,,,,,,
JQ덕수1,2023-01-02,34.98,,,,,,,
JQ덕수1,2023-01-03,34.93,,,,,,,
JQ덕수1,2023-01-04,34.88,,,,,,,
JQ덕수1,2023-01-05,34.82,,,,,,,
JQ덕수1,2023-01-06,34.77,,,,,,,
JQ덕수1,2023-01-07,34.75,,,,,,,
JQ덕수1,2023-01-08,34.69,,,,,,,
JQ덕수1,2023-01-09,34.63,,,,,,,
JQ덕수1,2023-01-10,34.58,,,,,,,
JQ덕수1,2023-01-11,34.54,,,,,,,
JQ덕수1,2023-01-12,34.52,,,,,,,
JQ덕수1,2023-01-13,34.74,,,,,,,
JQ덕수1,2023-01-14,35.04,,,,,,,
JQ덕수1,2023-01-15,35.01,,,,,,,
JQ덕수1,2023-01-16,34.92,,,,,,,
JQ덕수1,2023-01-17,34.83,,,,,,,
JQ덕수1,2023-01-18,34.76,,,,,,,
JQ덕수1,2023-01-19,34.7,,,,,,,
JQ덕수1,2023-01-20,34.63,,,,,,,
JQ덕수1,2023-01-21,34.57,,,,,,,
JQ덕수1,2023-01-22,34.53,,,,,,,
JQ덕수1,2023-01-23,34.49,,,,,,,
JQ덕수1,2023-01-24,34.43,,,,,,,
JQ덕수1,2023-01-25,34.37,,,,,,,
JQ덕수1,2023-01-26,34.32,,,,,,,
JQ덕수1,2023-01-27,34.3,,,,,,,
JQ덕수1,2023-01-28,34.28,,,,,,,
JQ덕수1,2023-01-29,34.26,,,,,,,
JQ덕수1,2023-01-30,34.19,,,,,,,
JQ덕수1,2023-01-31,34.16,,,,,,,
JQ덕수1,2023-02-01,34.16,,,,,,,
JQ덕수1,2023-02-02,34.09,,,,,,,
JQ덕수1,2023-02-03,34.05,,,,,,,
JQ덕수1,2023-02-04,34.01,,,,,,,
JQ덕수1,2023-02-05,33.96,,,,,,,
JQ덕수1,2023-02-06,33.93,,,,,,,
JQ덕수1,2023-02-07,33.91,,,,,,,
JQ덕수1,2023-02-08,33.86,,,,,,,
JQ덕수1,2023-02-09,33.81,,,,,,,
JQ덕수1,2023-02-10,33.94,,,,,,,
JQ덕수1,2023-02-11,33.92,,,,,,,
JQ덕수1,2023-02-12,33.94,,,,,,,
JQ덕수1,2023-02-13,34.2,,,,,,,
JQ덕수1,2023-02-14,34.22,,,,,,,
JQ덕수1,2023-02-15,34.14,,,,,,,
JQ덕수1,2023-02-16,34.07,,,,,,,
JQ덕수1,2023-02-17,33.99,,,,,,,
JQ덕수1,2023-02-18,33.95,,,,,,,
JQ덕수1,2023-02-19,33.91,,,,,,,
JQ덕수1,2023-02-20,33.84,,,,,,,
JQ덕수1,2023-02-21,33.75,,,,,,,
JQ덕수1,2023-02-22,33.73,,,,,,,
JQ덕수1,2023-02-23,33.7,,,,,,,
JQ덕수1,2023-02-24,33.65,,,,,,,
JQ덕수1,2023-02-25,33.59,,,,,,,
JQ덕수1,2023-02-26,33.51,,,,,,,
JQ덕수1,2023-02-27,33.45,,,,,,,
JQ덕수1,2023-02-28,33.4,,,,,,,
JQ덕수1,2023-03-01,33.46,,,,,,,
JQ덕수1,2023-03-02,33.46,,,,,,,
JQ덕수1,2023-03-03,33.39,,,,,,,
JQ덕수1,2023-03-04,33.33,,,,,,,
JQ덕수1,2023-03-05,33.29,,,,,,,
JQ덕수1,2023-03-06,33.23,,,,,,,
JQ덕수1,2023-03-07,33.15,,,,,,,
JQ덕수1,2023-03-08,33.15,,,,,,,
JQ덕수1,2023-03-09,33.13,,,,,,,
JQ덕수1,2023-03-10,33.07,,,,,,,
JQ덕수1,2023-03-11,32.99,,,,,,,
JQ덕수1,2023-03-12,33.01,,,,,,,
JQ덕수1,2023-03-13,33.03,,,,,,,
JQ덕수1,2023-03-14,32.96,,,,,,,
JQ덕수1,2023-03-15,32.91,,,,,,,
JQ덕수1,2023-03-16,32.85,,,,,,,
JQ덕수1,2023-03-17,32.84,,,,,,,
JQ덕수1,2023-03-18,32.93,,,,,,,
JQ덕수1,2023-03-19,32.86,,,,,,,
JQ덕수1,2023-03-20,32.83,,,,,,,
JQ덕수1,2023-03-21,32.84,,,,,,,
JQ덕수1,2023-03-22,32.89,,,,,,,
JQ덕수1,2023-03-23,33.0,,,,,,,
JQ덕수1,2023-03-24,33.09,,,,,,,
JQ덕수1,2023-03-25,33.23,,,,,,,
JQ덕수1,2023-03-26,33.24,,,,,,,
JQ덕수1,2023-03-27,33.13,,,,,,,
JQ덕수1,2023-03-28,33.02,,,,,,,
JQ덕수1,2023-03-29,32.9,,,,,,,
JQ덕수1,2023-03-30,32.85,,,,,,,
JQ덕수1,2023-03-31,32.79,,,,,,,
JQ덕수1,2023-04-01,32.74,,,,,,,
JQ덕수1,2023-04-02,32.67,,,,,,,
JQ덕수1,2023-04-03,32.59,,,,,,,
JQ덕수1,2023-04-04,32.58,,,,,,,
JQ덕수1,2023-04-05,34.11,,,,,,,
JQ덕수1,2023-04-06,36.28,,,,,,,
JQ덕수1,2023-04-07,36.29,,,,,,,
JQ덕수1,2023-04-08,35.9,,,,,,,
JQ덕수1,2023-04-09,35.61,,,,,,,
JQ덕수1,2023-04-10,35.49,,,,,,,
JQ덕수1,2023-04-11,35.35,,,,,,,
JQ덕수1,2023-04-12,35.23,,,,,,,
JQ덕수1,2023-04-13,35.09,,,,,,,
JQ덕수1,2023-04-14,35.04,,,,,,,
JQ덕수1,2023-04-15,35.09,,,,,,,
JQ덕수1,2023-04-16,35.0,,,,,,,
JQ덕수1,2023-04-17,34.89,,,,,,,
JQ덕수1,2023-04-18,34.78,,,,,,,
JQ덕수1,2023-04-19,34.73,,,,,,,
JQ덕수1,2023-04-20,34.65,,,,,,,
JQ덕수1,2023-04-21,34.54,,,,,,,
JQ덕수1,2023-04-22,34.45,,,,,,,
JQ덕수1,2023-04-23,34.37,,,,,,,
JQ덕수1,2023-04-24,34.29,,,,,,,
JQ덕수1,2023-04-25,34.27,,,,,,,
JQ덕수1,2023-04-26,34.19,,,,,,,
JQ덕수1,2023-04-27,34.12,,,,,,,
JQ덕수1,2023-04-28,34.06,,,,,,,
JQ덕수1,2023-04-29,34.05,,,,,,,
JQ덕수1,2023-04-30,34.05,,,,,,,
JQ덕수1,2023-05-01,33.97,,,,,,,
JQ덕수1,2023-05-02,33.89,,,,,,,
JQ덕수1,2023-05-03,33.87,,,,,,,
JQ덕수1,2023-05-04,36.35,,,,,,,
JQ덕수1,2023-05-05,40.7,,,,,,,
JQ덕수1,2023-05-06,41.99,,,,,,,
JQ덕수1,2023-05-07,42.35,,,,,,,
JQ덕수1,2023-05-08,42.26,,,,,,,
JQ덕수1,2023-05-09,42.05,,,,,,,
JQ덕수1,2023-05-10,41.79,,,,,,,
JQ덕수1,2023-05-11,41.52,,,,,,,
JQ덕수1,2023-05-12,41.27,,,,,,,
JQ덕수1,2023-05-13,41.07,,,,,,,
JQ덕수1,2023-05-14,40.89,,,,,,,
JQ덕수1,2023-05-15,40.73,,,,,,,
JQ덕수1,2023-05-16,40.57,,,,,,,
JQ덕수1,2023-05-17,40.42,,,,,,,
JQ덕수1,2023-05-18,40.63,,,,,,,
JQ덕수1,2023-05-19,41.04,,,,,,,
JQ덕수1,2023-05-20,41.02,,,,,,,
JQ덕수1,2023-05-21,40.92,,,,,,,
JQ덕수1,2023-05-22,40.79,,,,,,,
JQ덕수1,2023-05-23,40.65,,,,,,,
JQ덕수1,2023-05-24,40.49,,,,,,,
JQ덕수1,2023-05-25,40.33,,,,,,,
JQ덕수1,2023-05-26,40.17,,,,,,,
JQ덕수1,2023-05-27,40.02,,,,,,,
JQ덕수1,2023-05-28,39.89,,,,,,,
JQ덕수1,2023-05-29,39.78,,,,,,,
JQ덕수1,2023-05-30,39.81,,,,,,,
JQ덕수1,2023-05-31,40.17,,,,,,,
JQ덕수1,2023-06-01,40.51,,,,,,,
JQ덕수1,2023-06-02,41.51,,,,,,,
JQ덕수1,2023-06-03,41.79,,,,,,,
JQ덕수1,2023-06-04,41.72,,,,,,,
JQ덕수1,2023-06-05,41.58,,,,,,,
JQ덕수1,2023-06-06,42.32,,,,,,,
JQ덕수1,2023-06-07,42.83,,,,,,,
JQ덕수1,2023-06-08,42.82,,,,,,,
JQ덕수1,2023-06-09,42.69,,,,,,,
JQ덕수1,2023-06-10,42.54,,,,,,,
JQ덕수1,2023-06-11,42.36,,,,,,,
JQ덕수1,2023-06-12,42.22,,,,,,,
JQ덕수1,2023-06-13,42.08,,,,,,,
JQ덕수1,2023-06-14,41.95,,,,,,,
JQ덕수1,2023-06-15,41.82,,,,,,,
JQ덕수1,2023-06-16,41.66,,,,,,,
JQ덕수1,2023-06-17,41.55,,,,,,,
JQ덕수1,2023-06-18,41.48,,,,,,,
JQ덕수1,2023-06-19,41.41,,,,,,,
JQ덕수1,2023-06-20,41.35,,,,,,,
JQ덕수1,2023-06-21,41.32,,,,,,,
JQ덕수1,2023-06-22,41.25,,,,,,,
JQ덕수1,2023-06-23,41.16,,,,,,,
JQ덕수1,2023-06-24,41.06,,,,,,,
JQ덕수1,2023-06-25,41.27,,,,,,,
JQ덕수1,2023-06-26,42.14,,,,,,,
JQ덕수1,2023-06-27,42.3,,,,,,,
JQ덕수1,2023-06-28,42.29,,,,,,,
JQ덕수1,2023-06-29,42.26,,,,,,,
JQ덕수1,2023-06-30,42.99,,,,,,,
JQ덕수1,2023-07-01,44.76,,,,,,,
JQ덕수1,2023-07-02,44.79,,,,,,,
JQ덕수1,2023-07-03,44.77,,,,,,,
JQ덕수1,2023-07-04,44.8,,,,,,,
JQ덕수1,2023-07-05,45.07,,,,,,,
JQ덕수1,2023-07-06,45.28,,,,,,,
JQ덕수1,2023-07-07,45.26,,,,,,,
JQ덕수1,2023-07-08,45.85,,,,,,,
JQ덕수1,2023-07-09,46.76,,,,,,,
JQ덕수1,2023-07-10,46.83,,,,,,,
JQ덕수1,2023-07-11,46.8,,,,,,,
JQ덕수1,2023-07-12,46.72,,,,,,,
JQ덕수1,2023-07-13,46.63,,,,,,,
JQ덕수1,2023-07-14,46.55,,,,,,,
JQ덕수1,2023-07-15,46.45,,,,,,,
JQ덕수1,2023-07-16,46.33,,,,,,,
JQ덕수1,2023-07-17,46.22,,,,,,,
JQ덕수1,2023-07-18,46.62,,,,,,,
JQ덕수1,2023-07-19,47.13,,,,,,,
JQ덕수1,2023-07-20,47.14,,,,,,,
JQ덕수1,2023-07-21,47.06,,,,,,,
JQ덕수1,2023-07-22,47.36,,,,,,,
JQ덕수1,2023-07-23,47.62,,,,,,,
JQ덕수1,2023-07-24,47.65,,,,,,,
JQ덕수1,2023-07-25,47.68,,,,,,,
JQ덕수1,2023-07-26,47.64,,,,,,,
JQ덕수1,2023-07-27,47.66,,,,,,,
JQ덕수1,2023-07-28,47.7,,,,,,,
JQ덕수1,2023-07-29,48.02,,,,,,,
JQ덕수1,2023-07-30,48.05,,,,,,,
JQ덕수1,2023-07-31,48.02,,,,,,,
JQ덕수1,2023-08-01,47.97,,,,,,,
JQ덕수1,2023-08-02,47.91,,,,,,,
JQ덕수1,2023-08-03,47.84,,,,,,,
JQ덕수1,2023-08-04,47.81,,,,,,,
JQ덕수1,2023-08-05,47.79,,,,,,,
JQ덕수1,2023-08-06,47.74,,,,,,,
JQ덕수1,2023-08-07,47.69,,,,,,,
JQ덕수1,2023-08-08,47.64,,,,,,,
JQ덕수1,2023-08-09,47.62,,,,,,,
JQ덕수1,2023-08-10,47.61,,,,,,,
JQ덕수1,2023-08-11,47.51,,,,,,,
JQ덕수1,2023-08-12,47.45,,,,,,,
JQ덕수1,2023-08-13,47.39,,,,,,,
JQ덕수1,2023-08-14,47.34,,,,,,,
JQ덕수1,2023-08-15,47.28,,,,,,,
JQ덕수1,2023-08-16,47.24,,,,,,,
JQ덕수1,2023-08-17,47.2,,,,,,,
JQ덕수1,2023-08-18,47.2,,,,,,,
JQ덕수1,2023-08-19,47.28,,,,,,,
JQ덕수1,2023-08-20,47.24,,,,,,,
JQ덕수1,2023-08-21,47.23,,,,,,,
JQ덕수1,2023-08-22,47.24,,,,,,,
JQ덕수1,2023-08-23,47.55,,,,,,,
JQ덕수1,2023-08-24,48.14,,,,,,,
JQ덕수1,2023-08-25,48.29,,,,,,,
JQ덕수1,2023-08-26,48.35,,,,,,,
JQ덕수1,2023-08-27,48.36,,,,,,,
JQ덕수1,2023-08-28,48.37,,,,,,,
JQ덕수1,2023-08-29,48.45,,,,,,,
JQ덕수1,2023-08-30,49.57,,,,,,,
JQ덕수1,2023-08-31,50.7,,,,,,,
JQ덕수1,2023-09-01,51.3,,,,,,,
JQ덕수1,2023-09-02,52.42,,,,,,,
JQ덕수1,2023-09-03,52.74,,,,,,,
JQ덕수1,2023-09-04,52.7,,,,,,,
JQ덕수1,2023-09-05,52.59,,,,,,,
JQ덕수1,2023-09-06,52.47,,,,,,,
JQ덕수1,2023-09-07,52.37,,,,,,,
JQ덕수1,2023-09-08,52.27,,,,,,,
JQ덕수1,2023-09-09,52.18,,,,,,,
JQ덕수1,2023-09-10,52.1,,,,,,,
JQ덕수1,2023-09-11,52.01,,,,,,,
JQ덕수1,2023-09-12,51.94,,,,,,,
JQ덕수1,2023-09-13,51.87,,,,,,,
JQ덕수1,2023-09-14,51.79,,,,,,,
JQ덕수1,2023-09-15,51.72,,,,,,,
JQ덕수1,2023-09-16,51.69,,,,,,,
JQ덕수1,2023-09-17,51.78,,,,,,,
JQ덕수1,2023-09-18,51.89,,,,,,,
JQ덕수1,2023-09-19,51.9,,,,,,,
JQ덕수1,2023-09-20,51.9,,,,,,,
JQ덕수1,2023-09-21,51.86,,,,,,,
JQ덕수1,2023-09-22,51.81,,,,,,,
JQ덕수1,2023-09-23,51.75,,,,,,,
JQ덕수1,2023-09-24,51.7,,,,,,,
JQ덕수1,2023-09-25,51.66,,,,,,,
JQ덕수1,2023-09-26,51.62,,,,,,,
JQ덕수1,2023-09-27,51.58,,,,,,,
JQ덕수1,2023-09-28,51.53,,,,,,,
JQ덕수1,2023-09-29,51.49,,,,,,,
JQ덕수1,2023-09-30,51.48,,,,,,,
JQ덕수1,2023-10-01,51.46,,,,,,,
JQ덕수1,2023-10-02,51.41,,,,,,,
JQ덕수1,2023-10-03,51.38,,,,,,,
JQ덕수1,2023-10-04,51.34,,,,,,,
JQ덕수1,2023-10-05,51.29,,,,,,,
JQ덕수1,2023-10-06,51.25,,,,,,,
JQ덕수1,2023-10-07,51.22,,,,,,,
JQ덕수1,2023-10-08,51.19,,,,,,,
JQ덕수1,2023-10-09,51.14,,,,,,,
JQ덕수1,2023-10-10,51.1,,,,,,,
JQ덕수1,2023-10-11,51.06,,,,,,,
JQ덕수1,2023-10-12,51.02,,,,,,,
JQ덕수1,2023-10-13,50.99,,,,,,,
JQ덕수1,2023-10-14,50.98,,,,,,,
JQ덕수1,2023-10-15,50.95,,,,,,,
JQ덕수1,2023-10-16,50.92,,,,,,,
JQ덕수1,2023-10-17,50.86,,,,,,,
JQ덕수1,2023-10-18,50.8,,,,,,,
JQ덕수1,2023-10-19,50.76,,,,,,,
JQ덕수1,2023-10-20,50.74,,,,,,,
JQ덕수1,2023-10-21,50.69,,,,,,,
JQ덕수1,2023-10-22,50.64,,,,,,,
JQ덕수1,2023-10-23,50.59,,,,,,,
JQ덕수1,2023-10-24,50.55,,,,,,,
JQ덕수1,2023-10-25,50.5,,,,,,,
JQ덕수1,2023-10-26,50.46,,,,,,,
JQ덕수1,2023-10-27,50.44,,,,,,,
JQ덕수1,2023-10-28,50.39,,,,,,,
JQ덕수1,2023-10-29,50.33,,,,,,,
JQ덕수1,2023-10-30,50.27,,,,,,,
JQ덕수1,2023-10-31,50.22,,,,,,,
JQ덕수1,2023-11-01,50.18,,,,,,,
JQ덕수1,2023-11-02,50.14,,,,,,,
JQ덕수1,2023-11-03,50.1,,,,,,,
JQ덕수1,2023-11-04,50.04,,,,,,,
JQ덕수1,2023-11-05,50.0,,,,,,,
JQ덕수1,2023-11-06,50.0,,,,,,,
JQ덕수1,2023-11-07,49.93,,,,,,,
JQ덕수1,2023-11-08,49.86,,,,,,,
JQ덕수1,2023-11-09,49.81,,,,,,,
JQ덕수1,2023-11-10,49.76,,,,,,,
JQ덕수1,2023-11-11,49.67,,,,,,,
JQ덕수1,2023-11-12,49.6,,,,,,,
JQ덕수1,2023-11-13,49.53,,,,,,,
JQ덕수1,2023-11-14,49.46,,,,,,,
JQ덕수1,2023-11-15,49.39,,,,,,,
JQ덕수1,2023-11-16,49.37,,,,,,,
JQ덕수1,2023-11-17,49.39,,,,,,,
JQ덕수1,2023-11-18,49.35,,,,,,,
JQ덕수1,2023-11-19,49.28,,,,,,,
JQ덕수1,2023-11-20,49.19,,,,,,,
JQ덕수1,2023-11-21,49.11,,,,,,,
JQ덕수1,2023-11-22,49.05,,,,,,,
JQ덕수1,2023-11-23,48.98,,,,,,,
JQ덕수1,2023-11-24,48.86,,,,,,,
JQ덕수1,2023-11-25,48.76,,,,,,,
JQ덕수1,2023-11-26,48.69,,,,,,,
JQ덕수1,2023-11-27,48.64,,,,,,,
JQ덕수1,2023-11-28,48.55,,,,,,,
JQ덕수1,2023-11-29,48.46,,,,,,,
JQ덕수1,2023-11-30,48.36,,,,,,,
JQ덕수1,2023-12-01,48.3,,,,,,,
JQ덕수1,2023-12-02,48.21,,,,,,,
JQ덕수1,2023-12-03,48.13,,,,,,,
JQ덕수1,2023-12-04,48.05,,,,,,,
JQ덕수1,2023-12-05,47.99,,,,,,,
JQ덕수1,2023-12-06,47.92,,,,,,,
JQ덕수1,2023-12-07,47.82,,,,,,,
JQ덕수1,2023-12-08,47.73,,,,,,,
JQ덕수1,2023-12-09,47.64,,,,,,,
JQ덕수1,2023-12-10,47.56,,,,,,,
JQ덕수1,2023-12-11,47.61,,,,,,,
JQ덕수1,2023-12-12,47.57,,,,,,,
JQ덕수1,2023-12-13,47.45,,,,,,,
JQ덕수1,2023-12-14,47.41,,,,,,,
JQ덕수1,2023-12-15,47.41,,,,,,,
JQ덕수1,2023-12-16,47.31,,,,,,,
JQ덕수1,2023-12-17,47.2,,,,,,,
JQ덕수1,2023-12-18,47.14,,,,,,,
JQ덕수1,2023-12-19,47.09,,,,,,,
JQ덕수1,2023-12-20,47.0,,,,,,,
JQ덕수1,2023-12-21,46.91,,,,,,,
JQ덕수1,2023-12-22,46.8,,,,,,,
JQ덕수1,2023-12-23,46.74,,,,,,,
JQ덕수1,2023-12-24,46.73,,,,,,,
JQ덕수1,2023-12-25,46.71,,,,,,,
JQ덕수1,2023-12-26,46.64,,,,,,,
JQ덕수1,2023-12-27,46.56,,,,,,,
JQ덕수1,2023-12-28,46.47,,,,,,,
JQ덕수1,2023-12-29,46.39,,,,,,,
JQ덕수1,2023-12-30,46.33,,,,,,,
JQ덕수1,2023-12-31,46.25,,,,,,,
JQ덕수1,2024-01-01,46.12,,,,,,,
JQ덕수1,2024-01-02,46.04,,,,,,,
JQ덕수1,2024-01-03,45.96,,,,,,,
JQ덕수1,2024-01-04,45.85,,,,,,,
JQ덕수1,2024-01-05,45.76,,,,,,,
JQ덕수1,2024-01-06,45.66,,,,,,,
JQ덕수1,2024-01-07,45.54,,,,,,,
JQ덕수1,2024-01-08,45.43,,,,,,,
JQ덕수1,2024-01-09,45.36,,,,,,,
JQ덕수1,2024-01-10,45.29,,,,,,,
JQ덕수1,2024-01-11,45.19,,,,,,,
JQ덕수1,2024-01-12,45.09,,,,,,,
JQ덕수1,2024-01-13,44.97,,,,,,,
JQ덕수1,2024-01-14,44.87,,,,,,,
JQ덕수1,2024-01-15,44.75,,,,,,,
JQ덕수1,2024-01-16,44.63,,,,,,,
JQ덕수1,2024-01-17,44.55,,,,,,,
JQ덕수1,2024-01-18,44.47,,,,,,,
JQ덕수1,2024-01-19,44.42,,,,,,,
JQ덕수1,2024-01-20,44.38,,,,,,,
JQ덕수1,2024-01-21,44.28,,,,,,,
JQ덕수1,2024-01-22,44.17,,,,,,,
JQ덕수1,2024-01-23,44.08,,,,,,,
JQ덕수1,2024-01-24,43.99,,,,,,,
JQ덕수1,2024-01-25,43.9,,,,,,,
JQ덕수1,2024-01-26,43.81,,,,,,,
JQ덕수1,2024-01-27,43.72,,,,,,,
JQ덕수1,2024-01-28,43.62,,,,,,,
JQ덕수1,2024-01-29,43.51,,,,,,,
JQ덕수1,2024-01-30,43.44,,,,,,,
JQ덕수1,2024-01-31,43.37,,,,,,,
JQ덕수1,2024-02-01,43.34,,,,,,,
JQ덕수1,2024-02-02,43.28,,,,,,,
JQ덕수1,2024-02-03,43.21,,,,,,,
JQ덕수1,2024-02-04,43.19,,,,,,,
JQ덕수1,2024-02-05,43.3,,,,,,,
JQ덕수1,2024-02-06,43.38,,,,,,,
JQ덕수1,2024-02-07,43.33,,,,,,,
JQ덕수1,2024-02-08,43.24,,,,,,,
JQ덕수1,2024-02-09,43.12,,,,,,,
JQ덕수1,2024-02-10,43.01,,,,,,,
JQ덕수1,2024-02-11,42.9,,,,,,,
JQ덕수1,2024-02-12,42.77,,,,,,,
JQ덕수1,2024-02-13,42.68,,,,,,,
JQ덕수1,2024-02-14,42.62,,,,,,,
JQ덕수1,2024-02-15,42.59,,,,,,,
JQ덕수1,2024-02-16,42.5,,,,,,,
JQ덕수1,2024-02-17,42.4,,,,,,,
JQ덕수1,2024-02-18,42.34,,,,,,,
JQ덕수1,2024-02-19,42.5,,,,,,,
JQ덕수1,2024-02-20,42.6,,,,,,,
JQ덕수1,2024-02-21,42.73,,,,,,,
JQ덕수1,2024-02-22,42.77,,,,,,,
JQ덕수1,2024-02-23,42.71,,,,,,,
JQ덕수1,2024-02-24,42.63,,,,,,,
JQ덕수1,2024-02-25,42.54,,,,,,,
JQ덕수1,2024-02-26,42.42,,,,,,,
JQ덕수1,2024-02-27,42.3,,,,,,,
JQ덕수1,2024-02-28,42.19,,,,,,,
JQ덕수1,2024-02-29,42.13,,,,,,,
JQ덕수1,2024-03-01,42.04,,,,,,,
JQ덕수1,2024-03-02,41.94,,,,,,,
JQ덕수1,2024-03-03,41.86,,,,,,,
JQ덕수1,2024-03-04,41.78,,,,,,,
JQ덕수1,2024-03-05,41.78,,,,,,,
JQ덕수1,2024-03-06,41.75,,,,,,,
JQ덕수1,2024-03-07,41.65,,,,,,,
JQ덕수1,2024-03-08,41.54,,,,,,,
JQ덕수1,2024-03-09,41.43,,,,,,,
JQ덕수1,2024-03-10,41.32,,,,,,,
JQ덕수1,2024-03-11,41.25,,,,,,,
JQ덕수1,2024-03-12,41.23,,,,,,,
JQ덕수1,2024-03-13,41.13,,,,,,,
JQ덕수1,2024-03-14,41.04,,,,,,,
JQ덕수1,2024-03-15,40.95,,,,,,,
JQ덕수1,2024-03-16,40.87,,,,,,,
JQ덕수1,2024-03-17,40.81,,,,,,,
JQ덕수1,2024-03-18,40.72,,,,,,,
JQ덕수1,2024-03-19,40.63,,,,,,,
JQ덕수1,2024-03-20,40.53,,,,,,,
JQ덕수1,2024-03-21,40.47,,,,,,,
JQ덕수1,2024-03-22,40.39,,,,,,,
JQ덕수1,2024-03-23,40.32,,,,,,,
JQ덕수1,2024-03-24,40.28,,,,,,,
JQ덕수1,2024-03-25,40.25,,,,,,,
JQ덕수1,2024-03-26,40.22,,,,,,,
JQ덕수1,2024-03-27,40.17,,,,,,,
JQ덕수1,2024-03-28,40.32,,,,,,,
JQ덕수1,2024-03-29,40.91,,,,,,,
JQ덕수1,2024-03-30,41.04,,,,,,,
JQ덕수1,2024-03-31,41.01,,,,,,,
JQ덕수1,2024-04-01,40.91,,,,,,,
JQ덕수1,2024-04-02,40.81,,,,,,,
JQ덕수1,2024-04-03,41.19,,,,,,,
JQ덕수1,2024-04-04,41.54,,,,,,,
JQ덕수1,2024-04-05,41.57,,,,,,,
JQ덕수1,2024-04-06,41.47,,,,,,,
JQ덕수1,2024-04-07,41.34,,,,,,,
JQ덕수1,2024-04-08,41.21,,,,,,,
JQ덕수1,2024-04-09,41.07,,,,,,,
JQ덕수1,2024-04-10,40.92,,,,,,,
JQ덕수1,2024-04-11,40.8,,,,,,,
JQ덕수1,2024-04-12,40.67,,,,,,,
JQ덕수1,2024-04-13,40.56,,,,,,,
JQ덕수1,2024-04-14,40.47,,,,,,,
JQ덕수1,2024-04-15,40.44,,,,,,,
JQ덕수1,2024-04-16,40.4,,,,,,,
JQ덕수1,2024-04-17,40.33,,,,,,,
JQ덕수1,2024-04-18,40.26,,,,,,,
JQ덕수1,2024-04-19,40.15,,,,,,,
JQ덕수1,2024-04-20,40.21,,,,,,,
JQ덕수1,2024-04-21,40.49,,,,,,,
JQ덕수1,2024-04-22,40.53,,,,,,,
JQ덕수1,2024-04-23,40.47,,,,,,,
JQ덕수1,2024-04-24,40.39,,,,,,,
JQ덕수1,2024-04-25,40.29,,,,,,,
JQ덕수1,2024-04-26,40.17,,,,,,,
JQ덕수1,2024-04-27,40.04,,,,,,,
JQ덕수1,2024-04-28,39.94,,,,,,,
JQ덕수1,2024-04-29,40.76,,,,,,,
JQ덕수1,2024-04-30,41.67,,,,,,,
JQ덕수1,2024-05-01,41.77,,,,,,,
JQ덕수1,2024-05-02,41.61,,,,,,,
JQ덕수1,2024-05-03,41.41,,,,,,,
JQ덕수1,2024-05-04,41.23,,,,,,,
JQ덕수1,2024-05-05,41.44,,,,,,,
JQ덕수1,2024-05-06,43.6,,,,,,,
JQ덕수1,2024-05-07,44.05,,,,,,,
JQ덕수1,2024-05-08,43.96,,,,,,,
JQ덕수1,2024-05-09,43.79,,,,,,,
JQ덕수1,2024-05-10,43.6,,,,,,,
JQ덕수1,2024-05-11,43.47,,,,,,,
JQ덕수1,2024-05-12,43.84,,,,,,,
JQ덕수1,2024-05-13,43.99,,,,,,,
JQ덕수1,2024-05-14,43.92,,,,,,,
JQ덕수1,2024-05-15,43.81,,,,,,,
JQ덕수1,2024-05-16,43.7,,,,,,,
JQ덕수1,2024-05-17,43.59,,,,,,,
JQ덕수1,2024-05-18,43.49,,,,,,,
JQ덕수1,2024-05-19,43.4,,,,,,,
JQ덕수1,2024-05-20,43.31,,,,,,,
JQ덕수1,2024-05-21,43.22,,,,,,,
JQ덕수1,2024-05-22,43.15,,,,,,,
JQ덕수1,2024-05-23,43.11,,,,,,,
JQ덕수1,2024-05-24,43.04,,,,,,,
JQ덕수1,2024-05-25,42.97,,,,,,,
JQ덕수1,2024-05-26,42.97,,,,,,,
JQ덕수1,2024-05-27,43.12,,,,,,,
JQ덕수1,2024-05-28,43.11,,,,,,,
JQ덕수1,2024-05-29,43.02,,,,,,,
JQ덕수1,2024-05-30,42.97,,,,,,,
JQ덕수1,2024-05-31,42.95,,,,,,,
JQ덕수1,2024-06-01,42.91,,,,,,,
JQ덕수1,2024-06-02,42.87,,,,,,,
JQ덕수1,2024-06-03,42.82,,,,,,,
JQ덕수1,2024-06-04,42.76,,,,,,,
JQ덕수1,2024-06-05,42.7,,,,,,,
JQ덕수1,2024-06-06,42.66,,,,,,,
JQ덕수1,2024-06-07,42.67,,,,,,,
JQ덕수1,2024-06-08,42.87,,,,,,,
JQ덕수1,2024-06-09,43.26,,,,,,,
JQ덕수1,2024-06-10,43.27,,,,,,,
JQ덕수1,2024-06-11,43.22,,,,,,,
JQ덕수1,2024-06-12,43.19,,,,,,,
JQ덕수1,2024-06-13,43.15,,,,,,,
JQ덕수1,2024-06-14,43.11,,,,,,,
JQ덕수1,2024-06-15,43.08,,,,,,,
JQ덕수1,2024-06-16,43.02,,,,,,,
JQ덕수1,2024-06-17,42.99,,,,,,,
JQ덕수1,2024-06-18,42.97,,,,,,,
JQ덕수1,2024-06-19,42.94,,,,,,,
JQ덕수1,2024-06-20,43.78,,,,,,,
JQ덕수1,2024-06-21,46.36,,,,,,,
JQ덕수1,2024-06-22,46.43,,,,,,,
JQ덕수1,2024-06-23,47.11,,,,,,,
JQ덕수1,2024-06-24,47.76,,,,,,,
JQ덕수1,2024-06-25,47.66,,,,,,,
JQ덕수1,2024-06-26,47.53,,,,,,,
JQ덕수1,2024-06-27,47.81,,,,,,,
JQ덕수1,2024-06-28,48.84,,,,,,,
JQ덕수1,2024-06-29,49.46,,,,,,,
JQ덕수1,2024-06-30,50.49,,,,,,,
JQ덕수1,2024-07-01,50.54,,,,,,,
JQ덕수1,2024-07-02,50.48,,,,,,,
JQ덕수1,2024-07-03,50.39,,,,,,,
JQ덕수1,2024-07-04,50.29,,,,,,,
JQ덕수1,2024-07-05,50.22,,,,,,,
JQ덕수1,2024-07-06,50.14,,,,,,,
JQ덕수1,2024-07-07,50.04,,,,,,,
JQ덕수1,2024-07-08,49.97,,,,,,,
JQ덕수1,2024-07-09,49.87,,,,,,,
JQ덕수1,2024-07-10,49.81,,,,,,,
JQ덕수1,2024-07-11,49.76,,,,,,,
JQ덕수1,2024-07-12,49.69,,,,,,,
JQ덕수1,2024-07-13,49.62,,,,,,,
JQ덕수1,2024-07-14,49.57,,,,,,,
JQ덕수1,2024-07-15,49.53,,,,,,,
JQ덕수1,2024-07-16,49.46,,,,,,,
JQ덕수1,2024-07-17,49.41,,,,,,,
JQ덕수1,2024-07-18,49.36,,,,,,,
JQ덕수1,2024-07-19,49.4,,,,,,,
JQ덕수1,2024-07-20,49.52,,,,,,,
JQ덕수1,2024-07-21,49.49,,,,,,,
JQ덕수1,2024-07-22,49.43,,,,,,,
JQ덕수1,2024-07-23,49.37,,,,,,,
JQ덕수1,2024-07-24,49.3,,,,,,,
JQ덕수1,2024-07-25,49.23,,,,,,,
JQ덕수1,2024-07-26,49.16,,,,,,,
JQ덕수1,2024-07-27,49.06,,,,,,,
JQ덕수1,2024-07-28,48.96,,,,,,,
JQ덕수1,2024-07-29,48.89,,,,,,,
JQ덕수1,2024-07-30,48.82,,,,,,,
JQ덕수1,2024-07-31,48.73,,,,,,,
JQ덕수1,2024-08-01,48.68,,,,,,,
JQ덕수1,2024-08-02,48.61,,,,,,,
JQ덕수1,2024-08-03,48.53,,,,,,,
JQ덕수1,2024-08-04,48.43,,,,,,,
JQ덕수1,2024-08-05,48.39,,,,,,,
JQ덕수1,2024-08-06,48.33,,,,,,,
JQ덕수1,2024-08-07,48.28,,,,,,,
JQ덕수1,2024-08-08,48.22,,,,,,,
JQ덕수1,2024-08-09,48.17,,,,,,,
JQ덕수1,2024-08-10,48.12,,,,,,,
JQ덕수1,2024-08-11,48.1,,,,,,,
JQ덕수1,2024-08-12,48.04,,,,,,,
JQ덕수1,2024-08-13,47.97,,,,,,,
JQ덕수1,2024-08-14,47.92,,,,,,,
JQ덕수1,2024-08-15,47.85,,,,,,,
JQ덕수1,2024-08-16,47.83,,,,,,,
JQ덕수1,2024-08-17,47.77,,,,,,,
JQ덕수1,2024-08-18,47.72,,,,,,,
JQ덕수1,2024-08-19,47.69,,,,,,,
JQ덕수1,2024-08-20,47.66,,,,,,,
JQ덕수1,2024-08-21,47.65,,,,,,,
JQ덕수1,2024-08-22,47.61,,,,,,,
JQ덕수1,2024-08-23,47.6,,,,,,,
JQ덕수1,2024-08-24,47.54,,,,,,,
JQ덕수1,2024-08-25,47.49,,,,,,,
JQ덕수1,2024-08-26,47.43,,,,,,,
JQ덕수1,2024-08-27,47.39,,,,,,,
JQ덕수1,2024-08-28,47.35,,,,,,,
JQ덕수1,2024-08-29,47.27,,,,,,,
JQ덕수1,2024-08-30,47.2,,,,,,,
JQ덕수1,2024-08-31,47.12,,,,,,,
JQ덕수1,2024-09-01,47.05,,,,,,,
JQ덕수1,2024-09-02,46.99,,,,,,,
JQ덕수1,2024-09-03,46.91,,,,,,,
JQ덕수1,2024-09-04,46.85,,,,,,,
JQ덕수1,2024-09-05,46.77,,,,,,,
JQ덕수1,2024-09-06,46.67,,,,,,,
JQ덕수1,2024-09-07,46.61,,,,,,,
JQ덕수1,2024-09-08,46.54,,,,,,,
JQ덕수1,2024-09-09,46.5,,,,,,,
JQ덕수1,2024-09-10,46.43,,,,,,,
JQ덕수1,2024-09-11,46.47,,,,,,,
JQ덕수1,2024-09-12,46.5,,,,,,,
JQ덕수1,2024-09-13,46.47,,,,,,,
JQ덕수1,2024-09-14,46.42,,,,,,,
JQ덕수1,2024-09-15,46.36,,,,,,,
JQ덕수1,2024-09-16,46.27,,,,,,,
JQ덕수1,2024-09-17,46.21,,,,,,,
JQ덕수1,2024-09-18,46.14,,,,,,,
JQ덕수1,2024-09-19,46.12,,,,,,,
JQ덕수1,2024-09-20,46.6,,,,,,,
JQ덕수1,2024-09-21,46.85,,,,,,,
JQ덕수1,2024-09-22,46.8,,,,,,,
JQ덕수1,2024-09-23,46.69,,,,,,,
JQ덕수1,2024-09-24,46.61,,,,,,,
JQ덕수1,2024-09-25,46.53,,,,,,,
JQ덕수1,2024-09-26,46.45,,,,,,,
JQ덕수1,2024-09-27,46.37,,,,,,,
JQ덕수1,2024-09-28,46.27,,,,,,,
JQ덕수1,2024-09-29,46.18,,,,,,,
JQ덕수1,2024-09-30,46.12,,,,,,,
JQ덕수1,2024-10-01,46.06,,,,,,,
JQ덕수1,2024-10-02,45.98,,,,,,,
JQ덕수1,2024-10-03,45.87,,,,,,,
JQ덕수1,2024-10-04,45.76,,,,,,,
JQ덕수1,2024-10-05,45.67,,,,,,,
JQ덕수1,2024-10-06,45.62,,,,,,,
JQ덕수1,2024-10-07,45.58,,,,,,,
JQ덕수1,2024-10-08,45.53,,,,,,,
JQ덕수1,2024-10-09,45.47,,,,,,,
JQ덕수1,2024-10-10,45.45,,,,,,,
JQ덕수1,2024-10-11,45.37,,,,,,,
JQ덕수1,2024-10-12,45.27,,,,,,,
JQ덕수1,2024-10-13,45.19,,,,,,,
JQ덕수1,2024-10-14,45.15,,,,,,,
JQ덕수1,2024-10-15,45.15,,,,,,,
JQ덕수1,2024-10-16,45.09,,,,,,,
JQ덕수1,2024-10-17,45.03,,,,,,,
JQ덕수1,2024-10-18,45.02,,,,,,,
JQ덕수1,2024-10-19,44.98,,,,,,,
JQ덕수1,2024-10-20,44.87,,,,,,,
JQ덕수1,2024-10-21,44.83,,,,,,,
JQ덕수1,2024-10-22,44.99,,,,,,,
JQ덕수1,2024-10-23,45.03,,,,,,,
JQ덕수1,2024-10-24,44.96,,,,,,,
JQ덕수1,2024-10-25,44.87,,,,,,,
JQ덕수1,2024-10-26,44.8,,,,,,,
JQ덕수1,2024-10-27,44.79,,,,,,,
JQ덕수1,2024-10-28,44.78,,,,,,,
JQ덕수1,2024-10-29,44.7,,,,,,,
JQ덕수1,2024-10-30,44.6,,,,,,,
JQ덕수1,2024-10-31,44.52,,,,,,,
JQ덕수1,2024-11-01,45.03,,,,,,,
JQ덕수1,2024-11-02,47.26,,,,,,,
JQ덕수1,2024-11-03,47.38,,,,,,,
JQ덕수1,2024-11-04,47.23,,,,,,,
JQ덕수1,2024-11-05,47.08,,,,,,,
JQ덕수1,2024-11-06,46.93,,,,,,,
JQ덕수1,2024-11-07,46.78,,,,,,,
JQ덕수1,2024-11-08,46.67,,,,,,,
JQ덕수1,2024-11-09,46.55,,,,,,,
JQ덕수1,2024-11-10,46.45,,,,,,,
JQ덕수1,2024-11-11,46.35,,,,,,,
JQ덕수1,2024-11-12,46.25,,,,,,,
JQ덕수1,2024-11-13,46.13,,,,,,,
JQ덕수1,2024-11-14,46.04,,,,,,,
JQ덕수1,2024-11-15,46.05,,,,,,,
JQ덕수1,2024-11-16,46.07,,,,,,,
JQ덕수1,2024-11-17,46.01,,,,,,,
JQ덕수1,2024-11-18,45.87,,,,,,,
JQ덕수1,2024-11-19,45.78,,,,,,,
JQ덕수1,2024-11-20,45.7,,,,,,,
JQ덕수1,2024-11-21,45.62,,,,,,,
JQ덕수1,2024-11-22,45.53,,,,,,,
JQ덕수1,2024-11-23,45.43,,,,,,,
JQ덕수1,2024-11-24,45.33,,,,,,,
JQ덕수1,2024-11-25,45.27,,,,,,,
JQ덕수1,2024-11-26,45.33,,,,,,,
JQ덕수1,2024-11-27,45.31,,,,,,,
JQ덕수1,2024-11-28,45.29,,,,,,,
JQ덕수1,2024-11-29,45.27,,,,,,,
JQ덕수1,2024-11-30,45.2,,,,,,,
JQ덕수1,2024-12-01,45.14,,,,,,,
JQ덕수1,2024-12-02,45.07,,,,,,,
JQ덕수1,2024-12-03,44.97,,,,,,,
JQ덕수1,2024-12-04,44.89,,,,,,,
JQ덕수1,2024-12-05,44.82,,,,,,,
JQ덕수1,2024-12-06,44.75,,,,,,,
JQ덕수1,2024-12-07,44.66,,,,,,,
JQ덕수1,2024-12-08,44.57,,,,,,,
JQ덕수1,2024-12-09,44.5,,,,,,,
JQ덕수1,2024-12-10,44.43,,,,,,,
JQ덕수1,2024-12-11,44.37,,,,,,,
JQ덕수1,2024-12-12,44.29,,,,,,,
JQ덕수1,2024-12-13,44.23,,,,,,,
JQ덕수1,2024-12-14,44.14,,,,,,,
JQ덕수1,2024-12-15,44.08,,,,,,,
JQ덕수1,2024-12-16,44.02,,,,,,,
JQ덕수1,2024-12-17,43.95,,,,,,,
JQ덕수1,2024-12-18,43.88,,,,,,,
JQ덕수1,2024-12-19,43.8,,,,,,,
JQ덕수1,2024-12-20,43.75,,,,,,,
JQ덕수1,2024-12-21,43.7,,,,,,,
JQ덕수1,2024-12-22,43.61,,,,,,,
JQ덕수1,2024-12-23,43.53,,,,,,,
JQ덕수1,2024-12-24,43.47,,,,,,,
JQ덕수1,2024-12-25,43.4,,,,,,,
JQ덕수1,2024-12-26,43.34,,,,,,,
JQ덕수1,2024-12-27,43.27,,,,,,,
JQ덕수1,2024-12-28,43.22,,,,,,,
JQ덕수1,2024-12-29,43.15,,,,,,,
JQ덕수1,2024-12-30,43.1,,,,,,,
JQ덕수1,2024-12-31,43.04,,,,,,,
JQ덕수1,2025-01-01,42.96,,,,,,,
JQ덕수1,2025-01-02,42.89,,,,,,,
JQ덕수1,2025-01-03,42.83,,,,,,,
JQ덕수1,2025-01-04,42.76,,,,,,,
JQ덕수1,2025-01-05,42.72,,,,,,,
JQ덕수1,2025-01-06,42.68,,,,,,,
JQ덕수1,2025-01-07,42.63,,,,,,,
JQ덕수1,2025-01-08,42.58,,,,,,,
JQ덕수1,2025-01-09,42.51,,,,,,,
JQ덕수1,2025-01-10,42.43,,,,,,,
JQ덕수1,2025-01-11,42.4,,,,,,,
JQ덕수1,2025-01-12,42.37,,,,,,,
JQ덕수1,2025-01-13,42.3,,,,,,,
JQ덕수1,2025-01-14,42.25,,,,,,,
JQ덕수1,2025-01-15,42.17,,,,,,,
JQ덕수1,2025-01-16,42.11,,,,,,,
JQ덕수1,2025-01-17,42.06,,,,,,,
JQ덕수1,2025-01-18,42.0,,,,,,,
JQ덕수1,2025-01-19,41.95,,,,,,,
JQ덕수1,2025-01-20,41.9,,,,,,,
JQ덕수1,2025-01-21,41.83,,,,,,,
JQ덕수1,2025-01-22,41.76,,,,,,,
JQ덕수1,2025-01-23,41.7,,,,,,,
JQ덕수1,2025-01-24,41.64,,,,,,,
JQ덕수1,2025-01-25,41.57,,,,,,,
JQ덕수1,2025-01-26,41.52,,,,,,,
JQ덕수1,2025-01-27,41.54,,,,,,,
JQ덕수1,2025-01-28,41.53,,,,,,,
JQ덕수1,2025-01-29,41.47,,,,,,,
JQ덕수1,2025-01-30,41.4,,,,,,,
JQ덕수1,2025-01-31,41.34,,,,,,,
JQ덕수1,2025-02-01,41.4,,,,,,,
JQ덕수1,2025-02-02,41.44,,,,,,,
JQ덕수1,2025-02-03,41.38,,,,,,,
JQ덕수1,2025-02-04,41.32,,,,,,,
JQ덕수1,2025-02-05,41.26,,,,,,,
JQ덕수1,2025-02-06,41.19,,,,,,,
JQ덕수1,2025-02-07,41.14,,,,,,,
JQ덕수1,2025-02-08,41.07,,,,,,,
JQ덕수1,2025-02-09,41.01,,,,,,,
JQ덕수1,2025-02-10,40.94,,,,,,,
JQ덕수1,2025-02-11,40.86,,,,,,,
JQ덕수1,2025-02-12,40.94,,,,,,,
JQ덕수1,2025-02-13,41.0,,,,,,,
JQ덕수1,2025-02-14,40.98,,,,,,,
JQ덕수1,2025-02-15,40.92,,,,,,,
JQ덕수1,2025-02-16,40.87,,,,,,,
JQ덕수1,2025-02-17,40.79,,,,,,,
JQ덕수1,2025-02-18,40.71,,,,,,,
JQ덕수1,2025-02-19,40.62,,,,,,,
JQ덕수1,2025-02-20,40.55,,,,,,,
JQ덕수1,2025-02-21,40.48,,,,,,,
JQ덕수1,2025-02-22,40.4,,,,,,,
JQ덕수1,2025-02-23,40.33,,,,,,,
JQ덕수1,2025-02-24,40.26,,,,,,,
JQ덕수1,2025-02-25,40.2,,,,,,,
JQ덕수1,2025-02-26,40.13,,,,,,,
JQ덕수1,2025-02-27,40.07,,,,,,,
JQ덕수1,2025-02-28,40.03,,,,,,,
JQ덕수1,2025-03-01,39.99,,,,,,,
JQ덕수1,2025-03-02,40.0,,,,,,,
JQ덕수1,2025-03-03,40.15,,,,,,,
JQ덕수1,2025-03-04,40.28,,,,,,,
JQ덕수1,2025-03-05,40.29,,,,,,,
JQ덕수1,2025-03-06,40.22,,,,,,,
JQ덕수1,2025-03-07,40.14,,,,,,,
JQ덕수1,2025-03-08,40.06,,,,,,,
JQ덕수1,2025-03-09,39.97,,,,,,,
JQ덕수1,2025-03-10,39.89,,,,,,,
JQ덕수1,2025-03-11,39.83,,,,,,,
JQ덕수1,2025-03-12,39.78,,,,,,,
JQ덕수1,2025-03-13,39.72,,,,,,,
JQ덕수1,2025-03-14,39.65,,,,,,,
JQ덕수1,2025-03-15,39.64,,,,,,,
JQ덕수1,2025-03-16,39.63,,,,,,,
JQ덕수1,2025-03-17,39.57,,,,,,,
JQ덕수1,2025-03-18,39.52,,,,,,,
JQ덕수1,2025-03-19,39.46,,,,,,,
JQ덕수1,2025-03-20,39.39,,,,,,,
JQ덕수1,2025-03-21,39.33,,,,,,,
JQ덕수1,2025-03-22,39.25,,,,,,,
JQ덕수1,2025-03-23,39.21,,,,,,,
JQ덕수1,2025-03-24,39.18,,,,,,,
JQ덕수1,2025-03-25,39.14,,,,,,,
JQ덕수1,2025-03-26,39.09,,,,,,,
JQ덕수1,2025-03-27,39.07,,,,,,,
JQ덕수1,2025-03-28,39.03,,,,,,,
JQ덕수1,2025-03-29,38.95,,,,,,,
JQ덕수1,2025-03-30,38.86,,,,,,,
JQ덕수1,2025-03-31,38.79,,,,,,,
JQ덕수1,2025-04-01,38.71,,,,,,,
JQ덕수1,2025-04-02,38.62,,,,,,,
JQ덕수1,2025-04-03,38.55,,,,,,,
JQ덕수1,2025-04-04,38.49,,,,,,,
JQ덕수1,2025-04-05,38.44,,,,,,,
JQ덕수1,2025-04-06,38.38,,,,,,,
JQ덕수1,2025-04-07,38.29,,,,,,,
JQ덕수1,2025-04-08,38.22,,,,,,,
JQ덕수1,2025-04-09,38.18,,,,,,,
JQ덕수1,2025-04-10,38.16,,,,,,,
JQ덕수1,2025-04-11,38.1,,,,,,,
JQ덕수1,2025-04-12,38.11,,,,,,,
JQ덕수1,2025-04-13,38.78,,,,,,,
JQ덕수1,2025-04-14,38.95,,,,,,,
JQ덕수1,2025-04-15,38.94,,,,,,,
JQ덕수1,2025-04-16,38.88,,,,,,,
JQ덕수1,2025-04-17,38.79,,,,,,,
JQ덕수1,2025-04-18,38.69,,,,,,,
JQ덕수1,2025-04-19,38.59,,,,,,,
JQ덕수1,2025-04-20,38.51,,,,,,,
JQ덕수1,2025-04-21,38.43,,,,,,,
JQ덕수1,2025-04-22,38.82,,,,,,,
JQ덕수1,2025-04-23,39.41,,,,,,,
JQ덕수1,2025-04-24,39.5,,,,,,,
JQ덕수1,2025-04-25,39.44,,,,,,,
JQ덕수1,2025-04-26,39.31,,,,,,,
JQ덕수1,2025-04-27,39.19,,,,,,,
JQ덕수1,2025-04-28,39.13,,,,,,,
JQ덕수1,2025-04-29,39.03,,,,,,,
JQ덕수1,2025-04-30,38.9,,,,,,,
JQ덕수1,2025-05-01,38.87,,,,,,,
JQ덕수1,2025-05-02,39.05,,,,,,,
JQ덕수1,2025-05-03,39.08,,,,,,,
JQ덕수1,2025-05-04,39.02,,,,,,,
JQ덕수1,2025-05-05,38.94,,,,,,,
JQ덕수1,2025-05-06,38.93,,,,,,,
JQ덕수1,2025-05-07,38.84,,,,,,,
JQ덕수1,2025-05-08,38.72,,,,,,,
JQ덕수1,2025-05-09,39.22,,,,,,,
JQ덕수1,2025-05-10,40.27,,,,,,,
JQ덕수1,2025-05-11,40.54,,,,,,,
JQ덕수1,2025-05-12,40.52,,,,,,,
JQ덕수1,2025-05-13,40.37,,,,,,,
JQ덕수1,2025-05-14,40.2,,,,,,,
JQ덕수1,2025-05-15,40.05,,,,,,,
JQ덕수1,2025-05-16,40.09,,,,,,,
JQ덕수1,2025-05-17,41.02,,,,,,,
JQ덕수1,2025-05-18,41.26,,,,,,,
JQ덕수1,2025-05-19,41.21,,,,,,,
JQ덕수1,2025-05-20,41.1,,,,,,,
JQ덕수1,2025-05-21,41.0,,,,,,,
JQ덕수1,2025-05-22,40.96,,,,,,,
JQ덕수1,2025-05-23,40.85,,,,,,,
JQ덕수1,2025-05-24,40.81,,,,,,,
JQ덕수1,2025-05-25,40.68,,,,,,,
JQ덕수1,2025-05-26,40.54,,,,,,,
JQ덕수1,2025-05-27,40.42,,,,,,,
JQ덕수1,2025-05-28,40.32,,,,,,,
JQ덕수1,2025-05-29,40.21,,,,,,,
JQ덕수1,2025-05-30,40.11,,,,,,,
JQ덕수1,2025-05-31,40.03,,,,,,,
JQ덕수1,2025-06-01,39.93,,,,,,,
JQ덕수1,2025-06-02,39.92,,,,,,,
JQ덕수1,2025-06-03,39.93,,,,,,,
JQ덕수1,2025-06-04,39.87,,,,,,,
JQ덕수1,2025-06-05,39.78,,,,,,,
JQ덕수1,2025-06-06,39.69,,,,,,,
JQ덕수1,2025-06-07,39.61,,,,,,,
JQ덕수1,2025-06-08,39.55,,,,,,,
JQ덕수1,2025-06-09,39.49,,,,,,,
JQ덕수1,2025-06-10,39.44,,,,,,,
JQ덕수1,2025-06-11,39.37,,,,,,,
JQ덕수1,2025-06-12,39.3,,,,,,,
JQ덕수1,2025-06-13,39.26,,,,,,,
JQ덕수1,2025-06-14,39.62,,,,,,,
JQ덕수1,2025-06-15,39.97,,,,,,,
JQ덕수1,2025-06-16,40.47,,,,,,,
JQ덕수1,2025-06-17,41.04,,,,,,,
JQ덕수1,2025-06-18,41.12,,,,,,,
JQ덕수1,2025-06-19,41.04,,,,,,,
JQ덕수1,2025-06-20,40.95,,,,,,,
JQ덕수1,2025-06-21,40.88,,,,,,,
JQ덕수1,2025-06-22,40.82,,,,,,,
JQ덕수1,2025-06-23,40.74,,,,,,,
JQ덕수1,2025-06-24,40.66,,,,,,,
JQ덕수1,2025-06-25,40.56,,,,,,,
JQ덕수1,2025-06-26,40.44,,,,,,,
JQ덕수1,2025-06-27,40.34,,,,,,,
JQ덕수1,2025-06-28,40.23,,,,,,,
JQ덕수1,2025-06-29,40.15,,,,,,,
JQ덕수1,2025-06-30,40.05,,,,,,,
JQ덕수1,2025-07-01,39.95,,,,,,,
JQ덕수1,2025-07-02,39.86,,,,,,,
JQ덕수1,2025-07-03,39.76,,,,,,,
JQ덕수1,2025-07-04,39.7,,,,,,,
JQ덕수1,2025-07-05,39.61,,,,,,,
JQ덕수1,2025-07-06,39.56,,,,,,,
JQ덕수1,2025-07-07,39.5,,,,,,,
JQ덕수1,2025-07-08,39.45,,,,,,,
JQ덕수1,2025-07-09,39.37,,,,,,,
JQ덕수1,2025-07-10,39.31,,,,,,,
JQ덕수1,2025-07-11,39.25,,,,,,,
JQ덕수1,2025-07-12,39.22,,,,,,,
JQ덕수1,2025-07-13,39.21,,,,,,,
JQ덕수1,2025-07-14,39.21,,,,,,,
JQ덕수1,2025-07-15,39.19,,,,,,,
JQ덕수1,2025-07-16,39.15,,,,,,,
JQ덕수1,2025-07-17,39.09,,,,,,,
JQ덕수1,2025-07-18,39.04,,,,,,,
JQ덕수1,2025-07-19,39.12,,,,,,,
JQ덕수1,2025-07-20,39.1,,,,,,,
JQ덕수1,2025-07-21,39.04,,,,,,,
JQ덕수1,2025-07-22,38.98,,,,,,,
JQ덕수1,2025-07-23,38.93,,,,,,,
JQ덕수1,2025-07-24,38.88,,,,,,,
JQ덕수1,2025-07-25,38.82,,,,,,,
JQ덕수1,2025-07-26,38.76,,,,,,,
JQ덕수1,2025-07-27,38.72,,,,,,,
JQ덕수1,2025-07-28,38.66,,,,,,,
JQ덕수1,2025-07-29,38.6,,,,,,,
JQ덕수1,2025-07-30,38.56,,,,,,,
JQ덕수1,2025-07-31,38.51,,,,,,,
JQ덕수1,2025-08-01,38.45,,,,,,,
JQ덕수1,2025-08-02,38.41,,,,,,,
JQ덕수1,2025-08-03,38.38,,,,,,,
JQ덕수1,2025-08-04,38.35,,,,,,,
JQ덕수1,2025-08-05,38.31,,,,,,,
JQ덕수1,2025-08-06,38.27,,,,,,,
JQ덕수1,2025-08-07,38.22,,,,,,,
JQ덕수1,2025-08-08,38.17,,,,,,,
JQ덕수1,2025-08-09,38.28,,,,,,,
JQ덕수1,2025-08-10,38.36,,,,,,,
JQ덕수1,2025-08-11,38.58,,,,,,,
JQ덕수1,2025-08-12,38.89,,,,,,,
JQ덕수1,2025-08-13,38.91,,,,,,,
JQ덕수1,2025-08-14,38.83,,,,,,,
JQ덕수1,2025-08-15,38.74,,,,,,,
JQ덕수1,2025-08-16,38.66,,,,,,,
JQ덕수1,2025-08-17,38.56,,,,,,,
JQ덕수1,2025-08-18,38.47,,,,,,,
JQ덕수1,2025-08-19,38.36,,,,,,,
JQ덕수1,2025-08-20,38.3,,,,,,,
JQ덕수1,2025-08-21,38.23,,,,,,,
JQ덕수1,2025-08-22,38.14,,,,,,,
JQ덕수1,2025-08-23,38.06,,,,,,,
JQ덕수1,2025-08-24,37.96,,,,,,,
JQ덕수1,2025-08-25,37.88,,,,,,,
JQ덕수1,2025-08-26,37.85,,,,,,,
JQ덕수1,2025-08-27,37.81,,,,,,,
JQ덕수1,2025-08-28,37.7,,,,,,,
JQ덕수1,2025-08-29,37.67,,,,,,,
JQ덕수1,2025-08-30,37.61,,,,,,,
JQ덕수1,2025-08-31,37.64,,,,,,,
JQ덕수1,2025-09-01,37.66,,,,,,,
JQ덕수1,2025-09-02,37.64,,,,,,,
JQ덕수1,2025-09-03,37.58,,,,,,,
JQ덕수1,2025-09-04,37.54,,,,,,,
JQ덕수1,2025-09-05,37.45,,,,,,,
JQ덕수1,2025-09-06,37.41,,,,,,,
JQ덕수1,2025-09-07,37.37,,,,,,,
JQ덕수1,2025-09-08,37.36,,,,,,,
JQ덕수1,2025-09-09,37.39,,,,,,,
JQ덕수1,2025-09-10,37.35,,,,,,,
JQ덕수1,2025-09-11,37.29,,,,,,,
JQ덕수1,2025-09-12,37.27,,,,,,,
JQ덕수1,2025-09-13,37.24,,,,,,,
JQ덕수1,2025-09-14,37.26,,,,,,,
JQ덕수1,2025-09-15,37.92,,,,,,,
JQ덕수1,2025-09-16,37.96,,,,,,,
JQ덕수1,2025-09-17,37.91,,,,,,,
JQ덕수1,2025-09-18,37.82,,,,,,,
JQ덕수1,2025-09-19,37.73,,,,,,,
JQ덕수1,2025-09-20,37.68,,,,,,,
JQ덕수1,2025-09-21,37.6,,,,,,,
JQ덕수1,2025-09-22,37.5,,,,,,,
JQ덕수1,2025-09-23,37.43,,,,,,,
JQ덕수1,2025-09-24,37.33,,,,,,,
JQ덕수1,2025-09-25,37.23,,,,,,,
JQ덕수1,2025-09-26,37.17,,,,,,,
JQ덕수1,2025-09-27,37.18,,,,,,,
JQ덕수1,2025-09-28,37.18,,,,,,,
JQ덕수1,2025-09-29,37.12,,,,,,,
JQ덕수1,2025-09-30,37.08,,,,,,,
JQ덕수1,2025-10-01,37.02,,,,,,,
JQ덕수1,2025-10-02,36.96,,,,,,,
JQ덕수1,2025-10-03,37.15,,,,,,,
JQ덕수1,2025-10-04,37.48,,,,,,,
JQ덕수1,2025-10-05,37.44,,,,,,,
JQ덕수1,2025-10-06,37.38,,,,,,,
JQ덕수1,2025-10-07,37.28,,,,,,,
JQ덕수1,2025-10-08,37.2,,,,,,,
JQ덕수1,2025-10-09,37.1,,,,,,,
JQ덕수1,2025-10-10,37.03,,,,,,,
JQ덕수1,2025-10-11,36.96,,,,,,,
JQ덕수1,2025-10-12,36.88,,,,,,,
JQ덕수1,2025-10-13,36.83,,,,,,,
JQ덕수1,2025-10-14,36.77,,,,,,,
JQ덕수1,2025-10-15,36.72,,,,,,,
JQ덕수1,2025-10-16,36.68,,,,,,,
JQ덕수1,2025-10-17,36.61,,,,,,,
JQ덕수1,2025-10-18,36.52,,,,,,,
JQ덕수1,2025-10-19,36.44,,,,,,,
JQ덕수1,2025-10-20,36.37,,,,,,,
JQ덕수1,2025-10-21,36.27,,,,,,,
JQ덕수1,2025-10-22,36.21,,,,,,,
JQ덕수1,2025-10-23,36.11,,,,,,,
JQ덕수1,2025-10-24,36.02,,,,,,,
JQ덕수1,2025-10-25,36.01,,,,,,,
JQ덕수1,2025-10-26,35.99,,,,,,,
JQ덕수1,2025-10-27,35.9,,,,,,,
JQ덕수1,2025-10-28,35.81,,,,,,,
JQ덕수1,2025-10-29,35.76,,,,,,,
JQ덕수1,2025-10-30,35.72,,,,,,,
JQ덕수1,2025-10-31,35.67,,,,,,,
JQ덕수1,2025-11-01,35.64,,,,,,,
JQ덕수1,2025-11-02,35.6,,,,,,,
JQ덕수1,2025-11-03,35.49,,,,,,,
JQ덕수1,2025-11-04,35.48,,,,,,,
JQ덕수1,2025-11-05,35.48,,,,,,,
JQ덕수1,2025-11-06,35.44,,,,,,,
JQ덕수1,2025-11-07,35.43,,,,,,,
JQ덕수1,2025-11-08,35.4,,,,,,,
JQ덕수1,2025-11-09,35.47,,,,,,,
JQ덕수1,2025-11-10,35.43,,,,,,,
JQ덕수1,2025-11-11,35.39,,,,,,,
JQ덕수1,2025-11-12,35.34,,,,,,,
JQ덕수1,2025-11-13,35.31,,,,,,,
JQ덕수1,2025-11-14,35.28,,,,,,,
JQ덕수1,2025-11-15,35.2,,,,,,,
JQ덕수1,2025-11-16,35.15,,,,,,,
JQ덕수1,2025-11-17,35.11,,,,,,,
JQ덕수1,2025-11-18,35.07,,,,,,,
JQ덕수1,2025-11-19,35.08,,,,,,,
JQ덕수1,2025-11-20,35.01,,,,,,,
JQ덕수1,2025-11-21,34.96,,,,,,,
JQ덕수1,2025-11-22,34.93,,,,,,,
JQ덕수1,2025-11-23,34.91,,,,,,,
JQ덕수1,2025-11-24,34.87,,,,,,,
JQ덕수1,2025-11-25,34.85,,,,,,,
JQ덕수1,2025-11-26,34.79,,,,,,,
JQ덕수1,2025-11-27,34.76,,,,,,,
JQ덕수1,2025-11-28,34.69,,,,,,,
JQ덕수1,2025-11-29,34.64,,,,,,,
JQ덕수1,2025-11-30,34.63,,,,,,,
JQ덕수1,2025-12-01,34.58,,,,,,,
JQ덕수1,2025-12-02,34.58,,,,,,,
JQ덕수1,2025-12-03,34.54,,,,,,,
JQ덕수1,2025-12-04,34.57,,,,,,,
JQ덕수1,2025-12-05,34.53,,,,,,,
JQ덕수1,2025-12-06,34.46,,,,,,,
JQ덕수1,2025-12-07,34.4,,,,,,,
JQ덕수1,2025-12-08,34.39,,,,,,,
JQ덕수1,2025-12-09,34.41,,,,,,,
JQ덕수1,2025-12-10,34.4,,,,,,,
JQ덕수1,2025-12-11,34.42,,,,,,,
JQ덕수1,2025-12-12,34.41,,,,,,,
JQ덕수1,2025-12-13,34.39,,,,,,,
JQ덕수1,2025-12-14,34.41,,,,,,,
JQ덕수1,2025-12-15,34.38,,,,,,,
JQ덕수1,2025-12-16,34.36,,,,,,,
JQ덕수1,2025-12-17,34.31,,,,,,,
JQ덕수1,2025-12-18,34.27,,,,,,,
JQ덕수1,2025-12-19,34.27,,,,,,,
JQ덕수1,2025-12-20,34.23,,,,,,,
JQ덕수1,2025-12-21,34.19,,,,,,,
JQ덕수1,2025-12-22,34.15,,,,,,,
JQ덕수1,2025-12-23,34.12,,,,,,,
JQ덕수1,2025-12-24,34.1,,,,,,,
JQ덕수1,2025-12-25,34.08,,,,,,,
JQ덕수1,2025-12-26,34.05,,,,,,,
JQ덕수1,2025-12-27,34.0,,,,,,,
JQ덕수1,2025-12-28,33.95,,,,,,,
JQ덕수1,2025-12-29,33.91,,,,,,,
JQ덕수1,2025-12-30,33.84,,,,,,,
JQ덕수1,2025-12-31,33.78,,,,,,,
JQ덕수1,2026-01-01,33.8,S11,51.2,2.0,15.56,229.0,1022.13,13.23
JQ덕수1,2026-01-02,33.82,S11,51.18,2.02,15.56,228.0,1022.5,13.19
JQ덕수1,2026-01-03,33.79,S11,51.21,1.99,15.56,226.0,1025.25,13.17
JQ덕수1,2026-01-04,33.78,S11,51.22,1.98,15.56,225.0,1023.0,13.18
JQ덕수1,2026-01-05,33.76,S11,51.24,1.96,15.56,224.0,1019.42,13.25
JQ덕수1,2026-01-06,33.74,S11,51.26,1.94,15.56,223.0,1020.79,13.26
JQ덕수1,2026-01-07,33.7,S11,51.3,1.9,15.56,221.0,1019.63,13.18
JQ덕수1,2026-01-08,33.67,S11,51.34,1.87,15.56,220.0,1023.88,13.18
JQ덕수1,2026-01-09,33.64,S11,51.36,1.84,15.56,219.0,1021.63,13.24
JQ덕수1,2026-01-10,33.6,S11,51.4,1.8,15.56,218.0,1016.46,13.24
JQ덕수1,2026-01-11,33.6,S11,51.4,1.8,15.56,217.0,1022.29,13.18
JQ덕수1,2026-01-12,33.58,S11,51.42,1.78,15.56,216.0,1019.25,13.2
JQ덕수1,2026-01-13,33.52,S11,51.48,1.72,15.56,215.0,1016.0,13.27
JQ덕수1,2026-01-14,33.48,S11,51.52,1.68,15.56,214.0,1020.0,13.27
JQ덕수1,2026-01-15,33.45,S11,51.55,1.65,15.56,213.0,1015.25,13.23
JQ덕수1,2026-01-16,33.38,S11,51.62,1.58,15.56,212.0,1015.92,13.28
JQ덕수1,2026-01-17,33.32,S11,51.68,1.52,15.56,211.0,1016.79,13.27
JQ덕수1,2026-01-18,33.28,S11,51.72,1.48,15.56,210.0,1017.04,13.26
JQ덕수1,2026-01-19,33.3,S11,51.7,1.5,15.55,209.0,1018.33,13.25
JQ덕수1,2026-01-20,33.3,S11,51.7,1.5,15.55,208.0,1021.38,13.19
JQ덕수1,2026-01-21,33.27,S11,51.73,1.47,15.55,208.0,1023.58,13.18
JQ덕수1,2026-01-22,33.26,S11,51.74,1.46,15.55,208.0,1025.42,13.2
JQ덕수1,2026-01-23,33.24,S11,51.76,1.44,15.55,208.0,1025.08,13.21
JQ덕수1,2026-01-24,33.17,S11,51.83,1.37,15.56,207.0,1023.63,13.26
JQ덕수1,2026-01-25,33.13,S11,51.87,1.33,15.55,206.0,1026.88,13.21
JQ덕수1,2026-01-26,33.11,S11,51.89,1.31,15.55,206.0,1022.92,13.15
JQ덕수1,2026-01-27,33.09,S11,51.91,1.29,15.55,206.0,1022.38,13.17
JQ덕수1,2026-01-28,33.05,S11,51.95,1.25,15.55,206.0,1024.92,13.24
JQ덕수1,2026-01-29,33.02,S11,51.98,1.22,15.55,206.0,1027.21,13.25
JQ덕수1,2026-01-30,32.99,S11,52.01,1.19,15.55,205.0,1027.17,13.22
JQ덕수1,2026-01-31,32.95,S11,52.05,1.15,15.55,204.0,1024.54,13.24
JQ덕수1,2026-02-01,32.88,S11,52.12,1.08,15.55,203.0,1025.0,13.21
JQ덕수1,2026-02-02,32.86,S11,52.14,1.06,15.55,202.0,1025.38,13.19
JQ덕수1,2026-02-03,32.82,S11,52.18,1.02,15.56,202.0,1027.58,13.25
JQ덕수1,2026-02-04,32.76,S11,52.24,0.96,15.55,200.0,1021.29,13.27
JQ덕수1,2026-02-05,32.73,S11,52.27,0.93,15.55,200.0,1016.33,13.27
JQ덕수1,2026-02-06,32.73,S11,52.27,0.93,15.55,199.0,1018.29,13.2
JQ덕수1,2026-02-07,32.71,S11,52.29,0.91,15.56,199.0,1021.38,13.13
JQ덕수1,2026-02-08,32.73,S11,52.27,0.93,15.55,199.0,1026.13,13.2
JQ덕수1,2026-02-09,32.69,S11,52.31,0.89,15.55,198.0,1026.54,13.25
JQ덕수1,2026-02-10,32.7,S11,52.3,0.9,15.55,198.0,1019.46,13.03
JQ덕수1,2026-02-11,32.69,S11,52.31,0.89,15.55,197.0,1019.83,13.21
JQ덕수1,2026-02-12,32.65,S11,52.36,0.85,15.55,196.0,1021.08,13.29
JQ덕수1,2026-02-13,32.61,S11,52.39,0.81,15.55,195.0,1018.67,13.3
JQ덕수1,2026-02-14,32.57,S11,52.43,0.77,15.55,195.0,1014.54,13.17
JQ덕수1,2026-02-15,32.51,S11,52.49,0.71,15.56,195.0,1016.54,13.28
JQ덕수1,2026-02-16,32.43,S11,52.57,0.63,15.56,195.0,1019.21,13.22
JQ덕수1,2026-02-17,32.43,S11,52.57,0.63,15.56,195.0,1020.17,13.29
JQ덕수1,2026-02-18,32.39,S11,52.61,0.59,15.56,195.0,1021.46,13.3
JQ덕수1,2026-02-19,32.34,S11,52.66,0.54,15.56,194.0,1022.33,13.27
JQ덕수1,2026-02-20,32.28,S11,52.72,0.48,15.56,194.0,1018.0,13.3
JQ덕수1,2026-02-21,32.28,S11,52.72,0.48,15.56,194.0,1013.46,13.31
JQ덕수1,2026-02-22,32.29,S11,52.71,0.49,15.56,194.0,1010.96,13.25
JQ덕수1,2026-02-23,32.26,S11,52.74,0.46,15.56,193.0,1020.79,13.31
JQ덕수1,2026-02-24,32.37,S11,52.63,0.57,15.55,220.0,1015.08,13.04
JQ덕수1,2026-02-25,32.68,S11,52.32,0.88,15.56,290.0,1016.92,13.25
JQ덕수1,2026-02-26,32.61,S11,52.39,0.81,15.56,281.0,1014.71,13.31
JQ덕수1,2026-02-27,32.61,S11,52.39,0.81,15.56,282.0,1010.88,13.24
JQ덕수1,2026-02-28,32.56,S11,52.44,0.76,15.56,286.0,1017.08,13.32
JQ덕수1,2026-03-01,32.48,S11,52.52,0.68,15.56,280.0,1016.79,13.25
JQ덕수1,2026-03-02,32.5,S11,52.5,0.7,15.57,276.0,1008.04,13.24
JQ덕수1,2026-03-03,32.5,S11,52.5,0.7,15.57,272.0,1016.63,13.27
JQ덕수1,2026-03-04,32.43,S11,52.57,0.63,15.57,265.0,1021.25,13.32
JQ덕수1,2026-03-05,32.36,S11,52.64,0.56,15.57,259.0,1020.17,13.28
JQ덕수1,2026-03-06,32.45,S11,52.55,0.65,15.57,261.0,1019.63,13.27
JQ덕수1,2026-03-07,32.4,S11,52.6,0.6,15.57,259.0,1024.88,13.28
JQ덕수1,2026-03-08,32.25,S11,52.75,0.45,15.58,253.0,1024.96,13.33
JQ덕수1,2026-03-09,32.18,S11,52.82,0.38,15.57,246.0,1025.04,13.31
JQ덕수1,2026-03-10,32.17,S11,52.83,0.37,15.57,240.0,1024.75,13.31
JQ덕수1,2026-03-11,32.12,S11,52.88,0.32,15.57,234.0,1022.46,13.28
JQ덕수1,2026-03-12,32.09,S11,52.91,0.29,15.57,229.0,1022.42,13.32
JQ덕수1,2026-03-13,32.0,S11,53.0,0.2,15.58,223.0,1025.33,13.33
JQ덕수1,2026-03-14,31.96,S11,53.04,0.16,15.58,217.0,1026.42,13.33
JQ덕수1,2026-03-15,31.92,S11,53.08,0.12,15.59,214.0,1023.5,13.32
JQ덕수1,2026-03-16,31.91,S11,53.09,0.11,15.58,213.0,1020.58,13.3
JQ덕수1,2026-03-17,31.91,S11,53.09,0.11,15.59,213.0,1018.58,13.33
JQ덕수1,2026-03-18,32.21,S11,52.79,0.41,15.56,255.0,1012.5,13.04
JQ덕수1,2026-03-19,32.5,S11,52.5,0.7,15.56,287.0,1015.46,13.31
JQ덕수1,2026-03-20,32.39,S11,52.61,0.59,15.56,275.0,1018.46,13.35
JQ덕수1,2026-03-21,32.24,S11,52.76,0.44,15.57,274.0,1020.88,13.34
JQ덕수1,2026-03-22,32.1,S11,52.9,0.3,15.57,273.0,1016.96,13.34
JQ덕수1,2026-03-23,32.01,S11,53.0,0.21,15.58,271.0,1016.42,13.35
JQ덕수1,2026-03-24,31.97,S11,53.03,0.17,15.58,263.0,1014.33,13.3
JQ덕수1,2026-03-25,32.13,S11,52.87,0.33,15.57,265.0,1011.5,13.25
JQ덕수1,2026-03-26,32.11,S11,52.89,0.31,15.57,269.0,1013.5,13.35
JQ덕수1,2026-03-27,32.01,S11,52.99,0.21,15.58,261.0,1013.29,13.35
JQ덕수1,2026-03-28,31.96,S11,53.04,0.16,15.59,252.0,1013.88,13.36
JQ덕수1,2026-03-29,31.92,S11,53.09,0.12,15.6,244.0,1013.79,13.36
JQ덕수1,2026-03-30,31.95,S11,53.05,0.15,15.58,244.0,1008.17,13.26
JQ덕수1,2026-03-31,32.09,S11,52.91,0.3,15.57,267.0,1007.24,13.32
JQ덕수1,2026-04-01,32.08,S11,52.92,0.31,15.57,269.0,1011.33,13.26
JQ덕수1,2026-04-02,32.04,S11,52.96,0.27,15.57,267.0,1015.25,13.36
JQ덕수1,2026-04-03,31.96,S11,53.04,0.19,15.58,264.0,1012.33,13.33
JQ덕수1,2026-04-04,32.8,S11,52.2,1.03,15.56,276.0,999.96,13.28
JQ덕수1,2026-04-05,33.08,S11,51.92,1.31,15.57,299.0,1008.83,13.36
JQ덕수1,2026-04-06,33.03,S11,51.98,1.26,15.58,288.0,1008.25,13.27
JQ덕수1,2026-04-07,32.85,S11,52.15,1.08,15.57,287.0,1012.71,13.34
JQ덕수1,2026-04-08,32.71,S11,52.29,0.94,15.57,290.0,1017.25,13.35
JQ덕수1,2026-04-09,33.44,S11,51.56,1.67,15.57,276.0,1005.88,12.84
JQ덕수1,2026-04-10,35.52,S11,49.48,3.75,15.58,277.0,1003.96,13.33
JQ덕수1,2026-04-11,35.42,S11,49.58,3.65,15.58,275.0,1011.46,13.39
JQ덕수1,2026-04-12,35.01,S11,49.99,3.24,15.59,274.0,1012.92,13.32
JQ덕수1,2026-04-13,34.75,S11,50.25,2.98,15.58,275.0,1011.58,13.31
JQ덕수1,2026-04-14,34.6,S11,50.4,2.83,15.58,275.0,1009.46,13.18
JQ덕수1,2026-04-15,34.48,S11,50.52,2.71,15.59,273.0,1009.96,13.34
JQ덕수1,2026-04-16,34.34,S11,50.66,2.57,15.59,272.0,1013.33,13.37
JQ덕수1,2026-04-17,34.23,S11,50.77,2.46,15.58,273.0,1010.79,13.21
JQ덕수1,2026-04-18,34.23,S11,50.77,2.46,15.58,274.0,1009.58,13.36
JQ덕수1,2026-04-19,34.31,S11,50.69,2.54,15.58,276.0,1009.88,13.32
JQ덕수1,2026-04-20,34.35,S11,50.65,2.58,15.58,277.0,1011.25,13.36
JQ덕수1,2026-04-21,34.24,S11,50.76,2.47,15.58,276.0,1016.04,13.35
JQ덕수1,2026-04-22,34.14,S11,50.86,2.37,15.58,276.0,1009.71,13.25
JQ덕수1,2026-04-23,34.17,S11,50.83,2.4,15.58,278.0,1005.33,13.34
JQ덕수1,2026-04-24,34.06,S11,50.94,2.29,15.58,281.0,1012.75,13.37
JQ덕수1,2026-04-25,33.93,S11,51.07,2.16,15.58,282.0,1015.63,13.36
JQ덕수1,2026-04-26,33.81,S11,51.19,2.04,15.58,284.0,1011.63,13.37
JQ덕수1,2026-04-27,33.72,S11,51.28,1.95,15.58,281.0,1011.17,13.36
JQ덕수1,2026-04-28,33.62,S11,51.38,1.85,15.58,281.0,1012.88,13.33
JQ덕수1,2026-04-29,33.49,S11,51.51,1.72,15.58,282.0,1016.46,13.35
JQ덕수1,2026-04-30,33.44,S11,51.56,1.67,15.58,284.0,1013.0,13.35
JQ덕수1,2026-05-01,33.36,S11,51.64,1.59,15.58,284.0,1011.54,13.38
JQ덕수1,2026-05-02,33.22,S11,51.78,1.45,15.58,283.0,1011.29,13.35
JQ덕수1,2026-05-03,33.44,S11,51.56,1.67,15.58,285.0,1003.96,13.23
JQ덕수1,2026-05-04,33.6,S11,51.4,1.83,15.58,288.0,1014.25,13.39
JQ덕수1,2026-05-05,33.5,S11,51.5,1.73,15.58,283.0,1017.17,13.36
JQ덕수1,2026-05-06,33.4,S11,51.6,1.63,15.58,282.0,1015.25,13.37
JQ덕수1,2026-05-07,33.29,S11,51.71,1.52,15.58,284.0,1011.63,13.38
JQ덕수1,2026-05-08,33.17,S11,51.83,1.4,15.58,286.0,1014.63,13.38
JQ덕수1,2026-05-09,33.02,S11,51.98,1.25,15.58,286.0,1017.75,13.36
JQ덕수1,2026-05-10,32.93,S11,52.07,1.16,15.58,285.0,1016.71,13.37
JQ덕수1,2026-05-11,32.84,S11,52.16,1.07,15.58,285.0,1013.33,13.39
JQ덕수1,2026-05-12,32.81,S11,52.19,1.04,15.58,288.0,1008.42,13.35
JQ덕수1,2026-05-13,32.91,S11,52.09,1.14,15.58,294.0,1007.88,13.38
JQ덕수1,2026-05-14,32.84,S11,52.16,1.07,15.58,299.0,1011.83,13.38
JQ덕수1,2026-05-15,32.74,S11,52.26,0.97,15.58,299.0,1017.54,13.38
JQ덕수1,2026-05-16,32.6,S11,52.4,0.83,15.58,297.0,1019.88,13.39
JQ덕수1,2026-05-17,32.48,S11,52.52,0.71,15.58,294.0,1018.04,13.38
JQ덕수1,2026-05-18,32.4,S11,52.61,0.63,15.58,295.0,1015.17,13.4
JQ덕수1,2026-05-19,32.38,S11,52.62,0.61,15.58,297.0,1011.29,13.36
JQ덕수1,2026-05-20,32.48,S11,52.52,0.71,15.58,298.0,1005.79,13.28
JQ덕수1,2026-05-21,32.54,S11,52.46,0.77,15.58,301.0,1005.29,13.38
JQ덕수1,2026-05-22,32.49,S11,52.51,0.72,15.58,306.0,1008.63,13.38
JQ덕수1,2026-05-23,32.41,S11,52.59,0.64,15.58,308.0,1008.79,13.38
JQ덕수1,2026-05-24,32.29,S11,52.71,0.52,15.58,306.0,1010.58,13.37
JQ덕수1,2026-05-25,32.28,S11,52.72,0.51,15.58,305.0,1007.17,13.3
JQ덕수1,2026-05-26,32.41,S11,52.59,0.64,15.58,307.0,1002.13,13.33
JQ덕수1,2026-05-27,33.13,S11,51.87,1.36,15.58,311.0,1000.33,13.36
JQ덕수1,2026-05-28,33.24,S11,51.76,1.47,15.59,300.0,1004.17,13.32
JQ덕수1,2026-05-29,33.17,S11,51.83,1.4,15.59,292.0,1007.58,13.4
JQ덕수1,2026-05-30,33.04,S11,51.96,1.27,15.58,292.0,1010.04,13.35
JQ덕수1,2026-05-31,32.93,S11,52.08,1.16,15.58,293.0,1011.54,13.36
