관측소명,날짜,EL,센서,GL,Pressure,Temp,EC,Barometa,Battery
JR구좌3,2006-01-20,0.94,,,,,,,
JR구좌3,2006-01-21,0.93,,,,,,,
JR구좌3,2006-01-22,0.9,,,,,,,
JR구좌3,2006-01-23,0.89,,,,,,,
JR구좌3,2006-01-24,0.88,,,,,,,
JR구좌3,2006-01-25,0.87,,,,,,,
JR구좌3,2006-01-26,0.86,,,,,,,
JR구좌3,2006-01-27,0.86,,,,,,,
JR구좌3,2006-01-28,0.9,,,,,,,
JR구좌3,2006-01-29,0.93,,,,,,,
JR구좌3,2006-01-30,0.93,,,,,,,
JR구좌3,2006-01-31,0.93,,,,,,,
JR구좌3,2006-02-01,0.92,,,,,,,
JR구좌3,2006-02-02,0.89,,,,,,,
JR구좌3,2006-02-03,0.86,,,,,,,
JR구좌3,2006-02-04,0.8,,,,,,,
JR구좌3,2006-02-05,0.79,,,,,,,
JR구좌3,2006-02-06,0.85,,,,,,,
JR구좌3,2006-02-07,0.89,,,,,,,
JR구좌3,2006-02-08,0.82,,,,,,,
JR구좌3,2006-02-09,0.78,,,,,,,
JR구좌3,2006-02-10,0.81,,,,,,,
JR구좌3,2006-02-11,0.84,,,,,,,
JR구좌3,2006-02-12,0.85,,,,,,,
JR구좌3,2006-02-13,0.84,,,,,,,
JR구좌3,2006-02-14,0.87,,,,,,,
JR구좌3,2006-02-15,0.91,,,,,,,
JR구좌3,2006-02-16,0.93,,,,,,,
JR구좌3,2006-02-17,0.86,,,,,,,
JR구좌3,2006-02-18,0.79,,,,,,,
JR구좌3,2006-02-19,0.78,,,,,,,
JR구좌3,2006-02-20,0.8,,,,,,,
JR구좌3,2006-02-21,0.83,,,,,,,
JR구좌3,2006-02-22,0.84,,,,,,,
JR구좌3,2006-02-23,0.82,,,,,,,
JR구좌3,2006-02-24,0.82,,,,,,,
JR구좌3,2006-02-25,0.84,,,,,,,
JR구좌3,2006-02-26,0.85,,,,,,,
JR구좌3,2006-02-27,0.8,,,,,,,
JR구좌3,2006-02-28,0.81,,,,,,,
JR구좌3,2006-03-01,0.8,,,,,,,
JR구좌3,2006-03-02,0.79,,,,,,,
JR구좌3,2006-03-03,0.8,,,,,,,
JR구좌3,2006-03-04,0.8,,,,,,,
JR구좌3,2006-03-05,0.81,,,,,,,
JR구좌3,2006-03-06,0.81,,,,,,,
JR구좌3,2006-03-07,0.84,,,,,,,
JR구좌3,2006-03-08,0.83,,,,,,,
JR구좌3,2006-03-09,0.86,,,,,,,
JR구좌3,2006-03-10,0.87,,,,,,,
JR구좌3,2006-03-11,0.87,,,,,,,
JR구좌3,2006-03-12,0.84,,,,,,,
JR구좌3,2006-03-13,0.81,,,,,,,
JR구좌3,2006-03-14,0.78,,,,,,,
JR구좌3,2006-03-15,0.78,,,,,,,
JR구좌3,2006-03-16,0.81,,,,,,,
JR구좌3,2006-03-17,0.82,,,,,,,
JR구좌3,2006-03-18,0.86,,,,,,,
JR구좌3,2006-03-19,0.85,,,,,,,
JR구좌3,2006-03-20,0.82,,,,,,,
JR구좌3,2006-03-21,0.85,,,,,,,
JR구좌3,2006-03-22,0.89,,,,,,,
JR구좌3,2006-03-23,0.9,,,,,,,
JR구좌3,2006-03-24,0.89,,,,,,,
JR구좌3,2006-03-25,0.89,,,,,,,
JR구좌3,2006-03-26,0.9,,,,,,,
JR구좌3,2006-03-27,0.91,,,,,,,
JR구좌3,2006-03-28,0.91,,,,,,,
JR구좌3,2006-03-29,0.87,,,,,,,
JR구좌3,2006-03-30,0.88,,,,,,,
JR구좌3,2006-03-31,0.91,,,,,,,
JR구좌3,2006-04-01,0.93,,,,,,,
JR구좌3,2006-04-02,0.95,,,,,,,
JR구좌3,2006-04-03,0.93,,,,,,,
JR구좌3,2006-04-04,0.98,,,,,,,
JR구좌3,2006-04-05,1.01,,,,,,,
JR구좌3,2006-04-06,0.98,,,,,,,
JR구좌3,2006-04-07,0.95,,,,,,,
JR구좌3,2006-04-08,0.93,,,,,,,
JR구좌3,2006-04-09,0.95,,,,,,,
JR구좌3,2006-04-10,1.02,,,,,,,
JR구좌3,2006-04-11,1.04,,,,,,,
JR구좌3,2006-04-12,1.05,,,,,,,
JR구좌3,2006-04-13,1.05,,,,,,,
JR구좌3,2006-04-14,1.02,,,,,,,
JR구좌3,2006-04-15,1.01,,,,,,,
JR구좌3,2006-04-16,0.97,,,,,,,
JR구좌3,2006-04-17,0.94,,,,,,,
JR구좌3,2006-04-18,0.96,,,,,,,
JR구좌3,2006-04-19,0.99,,,,,,,
JR구좌3,2006-04-20,0.96,,,,,,,
JR구좌3,2006-04-21,0.95,,,,,,,
JR구좌3,2006-04-22,1.01,,,,,,,
JR구좌3,2006-04-23,1.04,,,,,,,
JR구좌3,2006-04-24,1.01,,,,,,,
JR구좌3,2006-04-25,0.97,,,,,,,
JR구좌3,2006-04-26,0.98,,,,,,,
JR구좌3,2006-04-27,0.99,,,,,,,
JR구좌3,2006-04-28,0.97,,,,,,,
JR구좌3,2006-04-29,0.98,,,,,,,
JR구좌3,2006-04-30,1.03,,,,,,,
JR구좌3,2006-05-01,1.06,,,,,,,
JR구좌3,2006-05-02,1.12,,,,,,,
JR구좌3,2006-05-03,1.13,,,,,,,
JR구좌3,2006-05-04,1.05,,,,,,,
JR구좌3,2006-05-05,1.01,,,,,,,
JR구좌3,2006-05-06,1.06,,,,,,,
JR구좌3,2006-05-07,1.1,,,,,,,
JR구좌3,2006-05-08,1.11,,,,,,,
JR구좌3,2006-05-09,1.09,,,,,,,
JR구좌3,2006-05-10,1.08,,,,,,,
JR구좌3,2006-05-11,1.06,,,,,,,
JR구좌3,2006-05-12,1.06,,,,,,,
JR구좌3,2006-05-13,1.05,,,,,,,
JR구좌3,2006-05-14,1.03,,,,,,,
JR구좌3,2006-05-15,1.04,,,,,,,
JR구좌3,2006-05-16,1.06,,,,,,,
JR구좌3,2006-05-17,1.07,,,,,,,
JR구좌3,2006-05-18,1.09,,,,,,,
JR구좌3,2006-05-19,1.17,,,,,,,
JR구좌3,2006-05-20,1.39,,,,,,,
JR구좌3,2006-05-21,1.49,,,,,,,
JR구좌3,2006-05-22,1.5,,,,,,,
JR구좌3,2006-05-23,1.46,,,,,,,
JR구좌3,2006-05-24,1.43,,,,,,,
JR구좌3,2006-05-25,1.42,,,,,,,
JR구좌3,2006-05-26,1.42,,,,,,,
JR구좌3,2006-05-27,1.44,,,,,,,
JR구좌3,2006-05-28,1.45,,,,,,,
JR구좌3,2006-05-29,1.44,,,,,,,
JR구좌3,2006-05-30,1.44,,,,,,,
JR구좌3,2006-05-31,1.4,,,,,,,
JR구좌3,2006-06-01,1.36,,,,,,,
JR구좌3,2006-06-02,1.35,,,,,,,
JR구좌3,2006-06-03,1.36,,,,,,,
JR구좌3,2006-06-04,1.33,,,,,,,
JR구좌3,2006-06-05,1.32,,,,,,,
JR구좌3,2006-06-06,1.35,,,,,,,
JR구좌3,2006-06-07,1.36,,,,,,,
JR구좌3,2006-06-08,1.37,,,,,,,
JR구좌3,2006-06-09,1.41,,,,,,,
JR구좌3,2006-06-10,1.44,,,,,,,
JR구좌3,2006-06-11,1.46,,,,,,,
JR구좌3,2006-06-12,1.44,,,,,,,
JR구좌3,2006-06-13,1.42,,,,,,,
JR구좌3,2006-06-14,1.43,,,,,,,
JR구좌3,2006-06-15,1.48,,,,,,,
JR구좌3,2006-06-16,1.52,,,,,,,
JR구좌3,2006-06-17,1.54,,,,,,,
JR구좌3,2006-06-18,1.52,,,,,,,
JR구좌3,2006-06-19,1.49,,,,,,,
JR구좌3,2006-06-20,1.45,,,,,,,
JR구좌3,2006-06-21,1.44,,,,,,,
JR구좌3,2006-06-22,1.45,,,,,,,
JR구좌3,2006-06-23,1.47,,,,,,,
JR구좌3,2006-06-24,1.47,,,,,,,
JR구좌3,2006-06-25,1.47,,,,,,,
JR구좌3,2006-06-26,1.46,,,,,,,
JR구좌3,2006-06-27,1.46,,,,,,,
JR구좌3,2006-06-28,1.46,,,,,,,
JR구좌3,2006-06-29,1.46,,,,,,,
JR구좌3,2006-06-30,1.47,,,,,,,
JR구좌3,2006-07-01,1.76,,,,,,,
JR구좌3,2006-07-02,1.96,,,,,,,
JR구좌3,2006-07-03,2.03,,,,,,,
JR구좌3,2006-07-04,2.04,,,,,,,
JR구좌3,2006-07-05,2.07,,,,,,,
JR구좌3,2006-07-06,2.07,,,,,,,
JR구좌3,2006-07-07,2.05,,,,,,,
JR구좌3,2006-07-08,2.0,,,,,,,
JR구좌3,2006-07-09,2.0,,,,,,,
JR구좌3,2006-07-10,2.27,,,,,,,
JR구좌3,2006-07-11,3.05,,,,,,,
JR구좌3,2006-07-12,3.37,,,,,,,
JR구좌3,2006-07-13,3.35,,,,,,,
JR구좌3,2006-07-14,3.2,,,,,,,
JR구좌3,2006-07-15,3.03,,,,,,,
JR구좌3,2006-07-16,2.87,,,,,,,
JR구좌3,2006-07-17,2.74,,,,,,,
JR구좌3,2006-07-18,2.64,,,,,,,
JR구좌3,2006-07-19,2.56,,,,,,,
JR구좌3,2006-07-20,2.48,,,,,,,
JR구좌3,2006-07-21,2.4,,,,,,,
JR구좌3,2006-07-22,2.32,,,,,,,
JR구좌3,2006-07-23,2.26,,,,,,,
JR구좌3,2006-07-24,2.21,,,,,,,
JR구좌3,2006-07-25,2.13,,,,,,,
JR구좌3,2006-07-26,2.05,,,,,,,
JR구좌3,2006-07-27,1.98,,,,,,,
JR구좌3,2006-07-28,1.93,,,,,,,
JR구좌3,2006-07-29,1.9,,,,,,,
JR구좌3,2006-07-30,1.86,,,,,,,
JR구좌3,2006-07-31,1.82,,,,,,,
JR구좌3,2006-08-01,1.78,,,,,,,
JR구좌3,2006-08-02,1.74,,,,,,,
JR구좌3,2006-08-03,1.7,,,,,,,
JR구좌3,2006-08-04,1.66,,,,,,,
JR구좌3,2006-08-05,1.64,,,,,,,
JR구좌3,2006-08-06,1.64,,,,,,,
JR구좌3,2006-08-07,1.64,,,,,,,
JR구좌3,2006-08-08,1.64,,,,,,,
JR구좌3,2006-08-09,1.65,,,,,,,
JR구좌3,2006-08-10,1.65,,,,,,,
JR구좌3,2006-08-11,1.63,,,,,,,
JR구좌3,2006-08-12,1.62,,,,,,,
JR구좌3,2006-08-13,1.61,,,,,,,
JR구좌3,2006-08-14,1.6,,,,,,,
JR구좌3,2006-08-15,1.6,,,,,,,
JR구좌3,2006-08-16,1.61,,,,,,,
JR구좌3,2006-08-17,1.64,,,,,,,
JR구좌3,2006-08-18,1.67,,,,,,,
JR구좌3,2006-08-19,1.69,,,,,,,
JR구좌3,2006-08-20,1.67,,,,,,,
JR구좌3,2006-08-21,1.62,,,,,,,
JR구좌3,2006-08-22,1.58,,,,,,,
JR구좌3,2006-08-23,1.55,,,,,,,
JR구좌3,2006-08-24,1.52,,,,,,,
JR구좌3,2006-08-25,1.5,,,,,,,
JR구좌3,2006-08-26,1.48,,,,,,,
JR구좌3,2006-08-27,1.48,,,,,,,
JR구좌3,2006-08-28,1.47,,,,,,,
JR구좌3,2006-08-29,1.46,,,,,,,
JR구좌3,2006-08-30,1.47,,,,,,,
JR구좌3,2006-08-31,1.48,,,,,,,
JR구좌3,2006-09-01,1.49,,,,,,,
JR구좌3,2006-09-02,1.49,,,,,,,
JR구좌3,2006-09-03,1.48,,,,,,,
JR구좌3,2006-09-04,1.47,,,,,,,
JR구좌3,2006-09-05,1.46,,,,,,,
JR구좌3,2006-09-06,1.46,,,,,,,
JR구좌3,2006-09-07,1.47,,,,,,,
JR구좌3,2006-09-08,1.49,,,,,,,
JR구좌3,2006-09-09,1.47,,,,,,,
JR구좌3,2006-09-10,1.42,,,,,,,
JR구좌3,2006-09-11,1.39,,,,,,,
JR구좌3,2006-09-12,1.39,,,,,,,
JR구좌3,2006-09-13,1.39,,,,,,,
JR구좌3,2006-09-14,1.39,,,,,,,
JR구좌3,2006-09-15,1.4,,,,,,,
JR구좌3,2006-09-16,1.41,,,,,,,
JR구좌3,2006-09-17,1.51,,,,,,,
JR구좌3,2006-09-18,1.82,,,,,,,
JR구좌3,2006-09-19,1.92,,,,,,,
JR구좌3,2006-09-20,1.93,,,,,,,
JR구좌3,2006-09-21,1.92,,,,,,,
JR구좌3,2006-09-22,1.86,,,,,,,
JR구좌3,2006-09-23,1.82,,,,,,,
JR구좌3,2006-09-24,1.79,,,,,,,
JR구좌3,2006-09-25,1.77,,,,,,,
JR구좌3,2006-09-26,1.77,,,,,,,
JR구좌3,2006-09-27,1.76,,,,,,,
JR구좌3,2006-09-28,1.74,,,,,,,
JR구좌3,2006-09-29,1.72,,,,,,,
JR구좌3,2006-09-30,1.7,,,,,,,
JR구좌3,2006-10-01,1.69,,,,,,,
JR구좌3,2006-10-02,1.67,,,,,,,
JR구좌3,2006-10-03,1.66,,,,,,,
JR구좌3,2006-10-04,1.66,,,,,,,
JR구좌3,2006-10-05,1.68,,,,,,,
JR구좌3,2006-10-06,1.69,,,,,,,
JR구좌3,2006-10-07,1.68,,,,,,,
JR구좌3,2006-10-08,1.65,,,,,,,
JR구좌3,2006-10-09,1.64,,,,,,,
JR구좌3,2006-10-10,1.63,,,,,,,
JR구좌3,2006-10-11,1.59,,,,,,,
JR구좌3,2006-10-12,1.57,,,,,,,
JR구좌3,2006-10-13,1.55,,,,,,,
JR구좌3,2006-10-14,1.55,,,,,,,
JR구좌3,2006-10-15,1.52,,,,,,,
JR구좌3,2006-10-16,1.5,,,,,,,
JR구좌3,2006-10-17,1.48,,,,,,,
JR구좌3,2006-10-18,1.47,,,,,,,
JR구좌3,2006-10-19,1.45,,,,,,,
JR구좌3,2006-10-20,1.44,,,,,,,
JR구좌3,2006-10-21,1.45,,,,,,,
JR구좌3,2006-10-22,1.44,,,,,,,
JR구좌3,2006-10-23,1.44,,,,,,,
JR구좌3,2006-10-24,1.43,,,,,,,
JR구좌3,2006-10-25,1.44,,,,,,,
JR구좌3,2006-10-26,1.41,,,,,,,
JR구좌3,2006-10-27,1.37,,,,,,,
JR구좌3,2006-10-28,1.35,,,,,,,
JR구좌3,2006-10-29,1.34,,,,,,,
JR구좌3,2006-10-30,1.34,,,,,,,
JR구좌3,2006-10-31,1.32,,,,,,,
JR구좌3,2006-11-01,1.31,,,,,,,
JR구좌3,2006-11-02,1.32,,,,,,,
JR구좌3,2006-11-03,1.31,,,,,,,
JR구좌3,2006-11-04,1.32,,,,,,,
JR구좌3,2006-11-05,1.33,,,,,,,
JR구좌3,2006-11-06,1.33,,,,,,,
JR구좌3,2006-11-07,1.29,,,,,,,
JR구좌3,2006-11-08,1.28,,,,,,,
JR구좌3,2006-11-09,1.28,,,,,,,
JR구좌3,2006-11-10,1.27,,,,,,,
JR구좌3,2006-11-11,1.26,,,,,,,
JR구좌3,2006-11-12,1.22,,,,,,,
JR구좌3,2006-11-13,1.23,,,,,,,
JR구좌3,2006-11-14,1.24,,,,,,,
JR구좌3,2006-11-15,1.2,,,,,,,
JR구좌3,2006-11-16,1.19,,,,,,,
JR구좌3,2006-11-17,1.2,,,,,,,
JR구좌3,2006-11-18,1.22,,,,,,,
JR구좌3,2006-11-19,1.24,,,,,,,
JR구좌3,2006-11-20,1.23,,,,,,,
JR구좌3,2006-11-21,1.23,,,,,,,
JR구좌3,2006-11-22,1.24,,,,,,,
JR구좌3,2006-11-23,1.27,,,,,,,
JR구좌3,2006-11-24,1.28,,,,,,,
JR구좌3,2006-11-25,1.26,,,,,,,
JR구좌3,2006-11-26,1.24,,,,,,,
JR구좌3,2006-11-27,1.27,,,,,,,
JR구좌3,2006-11-28,1.27,,,,,,,
JR구좌3,2006-11-29,1.24,,,,,,,
JR구좌3,2006-11-30,1.21,,,,,,,
JR구좌3,2006-12-01,1.2,,,,,,,
JR구좌3,2006-12-02,1.19,,,,,,,
JR구좌3,2006-12-03,1.16,,,,,,,
JR구좌3,2006-12-04,1.14,,,,,,,
JR구좌3,2006-12-05,1.13,,,,,,,
JR구좌3,2006-12-06,1.13,,,,,,,
JR구좌3,2006-12-07,1.16,,,,,,,
JR구좌3,2006-12-08,1.18,,,,,,,
JR구좌3,2006-12-09,1.19,,,,,,,
JR구좌3,2006-12-10,1.15,,,,,,,
JR구좌3,2006-12-11,1.15,,,,,,,
JR구좌3,2006-12-12,1.17,,,,,,,
JR구좌3,2006-12-13,1.18,,,,,,,
JR구좌3,2006-12-14,1.19,,,,,,,
JR구좌3,2006-12-15,1.2,,,,,,,
JR구좌3,2006-12-16,1.2,,,,,,,
JR구좌3,2006-12-17,1.16,,,,,,,
JR구좌3,2006-12-18,1.1,,,,,,,
JR구좌3,2006-12-19,1.1,,,,,,,
JR구좌3,2006-12-20,1.1,,,,,,,
JR구좌3,2006-12-21,1.1,,,,,,,
JR구좌3,2006-12-22,1.11,,,,,,,
JR구좌3,2006-12-23,1.11,,,,,,,
JR구좌3,2006-12-24,1.12,,,,,,,
JR구좌3,2006-12-25,1.15,,,,,,,
JR구좌3,2006-12-26,1.17,,,,,,,
JR구좌3,2006-12-27,1.17,,,,,,,
JR구좌3,2006-12-28,1.14,,,,,,,
JR구좌3,2006-12-29,1.09,,,,,,,
JR구좌3,2006-12-30,1.1,,,,,,,
JR구좌3,2006-12-31,1.1,,,,,,,
JR구좌3,2007-01-01,1.1,,,,,,,
JR구좌3,2007-01-02,1.11,,,,,,,
JR구좌3,2007-01-03,1.13,,,,,,,
JR구좌3,2007-01-04,1.14,,,,,,,
JR구좌3,2007-01-05,1.15,,,,,,,
JR구좌3,2007-01-06,1.14,,,,,,,
JR구좌3,2007-01-07,1.06,,,,,,,
JR구좌3,2007-01-08,1.06,,,,,,,
JR구좌3,2007-01-09,1.1,,,,,,,
JR구좌3,2007-01-10,1.08,,,,,,,
JR구좌3,2007-01-11,1.05,,,,,,,
JR구좌3,2007-01-12,1.03,,,,,,,
JR구좌3,2007-01-13,1.02,,,,,,,
JR구좌3,2007-01-14,1.01,,,,,,,
JR구좌3,2007-01-15,1.04,,,,,,,
JR구좌3,2007-01-16,1.06,,,,,,,
JR구좌3,2007-01-17,1.07,,,,,,,
JR구좌3,2007-01-18,1.07,,,,,,,
JR구좌3,2007-01-19,1.06,,,,,,,
JR구좌3,2007-01-20,1.07,,,,,,,
JR구좌3,2007-01-21,1.07,,,,,,,
JR구좌3,2007-01-22,1.06,,,,,,,
JR구좌3,2007-01-23,1.05,,,,,,,
JR구좌3,2007-01-24,1.03,,,,,,,
JR구좌3,2007-01-25,1.01,,,,,,,
JR구좌3,2007-01-26,1.01,,,,,,,
JR구좌3,2007-01-27,1.0,,,,,,,
JR구좌3,2007-01-28,1.0,,,,,,,
JR구좌3,2007-01-29,1.0,,,,,,,
JR구좌3,2007-01-30,1.0,,,,,,,
JR구좌3,2007-01-31,0.97,,,,,,,
JR구좌3,2007-02-01,0.96,,,,,,,
JR구좌3,2007-02-02,0.93,,,,,,,
JR구좌3,2007-02-03,0.92,,,,,,,
JR구좌3,2007-02-04,0.92,,,,,,,
JR구좌3,2007-02-05,0.96,,,,,,,
JR구좌3,2007-02-06,0.96,,,,,,,
JR구좌3,2007-02-07,0.97,,,,,,,
JR구좌3,2007-02-08,0.99,,,,,,,
JR구좌3,2007-02-09,0.98,,,,,,,
JR구좌3,2007-02-10,0.98,,,,,,,
JR구좌3,2007-02-11,0.98,,,,,,,
JR구좌3,2007-02-12,0.99,,,,,,,
JR구좌3,2007-02-13,1.03,,,,,,,
JR구좌3,2007-02-14,1.06,,,,,,,
JR구좌3,2007-02-15,0.99,,,,,,,
JR구좌3,2007-02-16,1.01,,,,,,,
JR구좌3,2007-02-17,1.08,,,,,,,
JR구좌3,2007-02-18,1.08,,,,,,,
JR구좌3,2007-02-19,1.07,,,,,,,
JR구좌3,2007-02-20,1.06,,,,,,,
JR구좌3,2007-02-21,1.06,,,,,,,
JR구좌3,2007-02-22,1.05,,,,,,,
JR구좌3,2007-02-23,1.04,,,,,,,
JR구좌3,2007-02-24,1.02,,,,,,,
JR구좌3,2007-02-25,1.05,,,,,,,
JR구좌3,2007-02-26,1.06,,,,,,,
JR구좌3,2007-02-27,1.05,,,,,,,
JR구좌3,2007-02-28,1.05,,,,,,,
JR구좌3,2007-03-01,1.06,,,,,,,
JR구좌3,2007-03-02,1.05,,,,,,,
JR구좌3,2007-03-03,1.06,,,,,,,
JR구좌3,2007-03-04,1.11,,,,,,,
JR구좌3,2007-03-05,1.13,,,,,,,
JR구좌3,2007-03-06,1.05,,,,,,,
JR구좌3,2007-03-07,1.04,,,,,,,
JR구좌3,2007-03-08,1.05,,,,,,,
JR구좌3,2007-03-09,1.06,,,,,,,
JR구좌3,2007-03-10,1.09,,,,,,,
JR구좌3,2007-03-11,1.06,,,,,,,
JR구좌3,2007-03-12,1.04,,,,,,,
JR구좌3,2007-03-13,1.06,,,,,,,
JR구좌3,2007-03-14,1.11,,,,,,,
JR구좌3,2007-03-15,1.16,,,,,,,
JR구좌3,2007-03-16,1.2,,,,,,,
JR구좌3,2007-03-17,1.17,,,,,,,
JR구좌3,2007-03-18,1.15,,,,,,,
JR구좌3,2007-03-19,1.15,,,,,,,
JR구좌3,2007-03-20,1.16,,,,,,,
JR구좌3,2007-03-21,1.15,,,,,,,
JR구좌3,2007-03-22,1.15,,,,,,,
JR구좌3,2007-03-23,1.15,,,,,,,
JR구좌3,2007-03-24,1.21,,,,,,,
JR구좌3,2007-03-25,1.23,,,,,,,
JR구좌3,2007-03-26,1.25,,,,,,,
JR구좌3,2007-03-27,1.27,,,,,,,
JR구좌3,2007-03-28,1.26,,,,,,,
JR구좌3,2007-03-29,1.26,,,,,,,
JR구좌3,2007-03-30,1.27,,,,,,,
JR구좌3,2007-03-31,1.28,,,,,,,
JR구좌3,2007-04-01,1.26,,,,,,,
JR구좌3,2007-04-02,1.25,,,,,,,
JR구좌3,2007-04-03,1.18,,,,,,,
JR구좌3,2007-04-04,1.13,,,,,,,
JR구좌3,2007-04-05,1.11,,,,,,,
JR구좌3,2007-04-06,1.1,,,,,,,
JR구좌3,2007-04-07,1.09,,,,,,,
JR구좌3,2007-04-08,1.09,,,,,,,
JR구좌3,2007-04-09,1.1,,,,,,,
JR구좌3,2007-04-10,1.1,,,,,,,
JR구좌3,2007-04-11,1.11,,,,,,,
JR구좌3,2007-04-12,1.11,,,,,,,
JR구좌3,2007-04-13,1.11,,,,,,,
JR구좌3,2007-04-14,1.1,,,,,,,
JR구좌3,2007-04-15,1.14,,,,,,,
JR구좌3,2007-04-16,1.18,,,,,,,
JR구좌3,2007-04-17,1.17,,,,,,,
JR구좌3,2007-04-18,1.16,,,,,,,
JR구좌3,2007-04-19,1.16,,,,,,,
JR구좌3,2007-04-20,1.16,,,,,,,
JR구좌3,2007-04-21,1.17,,,,,,,
JR구좌3,2007-04-22,1.18,,,,,,,
JR구좌3,2007-04-23,1.2,,,,,,,
JR구좌3,2007-04-24,1.17,,,,,,,
JR구좌3,2007-04-25,1.14,,,,,,,
JR구좌3,2007-04-26,1.11,,,,,,,
JR구좌3,2007-04-27,1.11,,,,,,,
JR구좌3,2007-04-28,1.07,,,,,,,
JR구좌3,2007-04-29,1.05,,,,,,,
JR구좌3,2007-04-30,1.06,,,,,,,
JR구좌3,2007-05-01,1.12,,,,,,,
JR구좌3,2007-05-02,1.1,,,,,,,
JR구좌3,2007-05-03,1.09,,,,,,,
JR구좌3,2007-05-04,1.11,,,,,,,
JR구좌3,2007-05-05,1.14,,,,,,,
JR구좌3,2007-05-06,1.2,,,,,,,
JR구좌3,2007-05-07,1.21,,,,,,,
JR구좌3,2007-05-08,1.2,,,,,,,
JR구좌3,2007-05-09,1.2,,,,,,,
JR구좌3,2007-05-10,1.17,,,,,,,
JR구좌3,2007-05-11,1.16,,,,,,,
JR구좌3,2007-05-12,1.17,,,,,,,
JR구좌3,2007-05-13,1.14,,,,,,,
JR구좌3,2007-05-14,1.15,,,,,,,
JR구좌3,2007-05-15,1.15,,,,,,,
JR구좌3,2007-05-16,1.18,,,,,,,
JR구좌3,2007-05-17,1.21,,,,,,,
JR구좌3,2007-05-18,1.23,,,,,,,
JR구좌3,2007-05-19,1.25,,,,,,,
JR구좌3,2007-05-20,1.24,,,,,,,
JR구좌3,2007-05-21,1.22,,,,,,,
JR구좌3,2007-05-22,1.19,,,,,,,
JR구좌3,2007-05-23,1.18,,,,,,,
JR구좌3,2007-05-24,1.2,,,,,,,
JR구좌3,2007-05-25,1.23,,,,,,,
JR구좌3,2007-05-26,1.22,,,,,,,
JR구좌3,2007-05-27,1.23,,,,,,,
JR구좌3,2007-05-28,1.23,,,,,,,
JR구좌3,2007-05-29,1.19,,,,,,,
JR구좌3,2007-05-30,1.15,,,,,,,
JR구좌3,2007-05-31,1.16,,,,,,,
JR구좌3,2007-06-01,1.19,,,,,,,
JR구좌3,2007-06-02,1.21,,,,,,,
JR구좌3,2007-06-03,1.22,,,,,,,
JR구좌3,2007-06-04,1.2,,,,,,,
JR구좌3,2007-06-05,1.19,,,,,,,
JR구좌3,2007-06-06,1.19,,,,,,,
JR구좌3,2007-06-07,1.2,,,,,,,
JR구좌3,2007-06-08,1.2,,,,,,,
JR구좌3,2007-06-09,1.19,,,,,,,
JR구좌3,2007-06-10,1.17,,,,,,,
JR구좌3,2007-06-11,1.16,,,,,,,
JR구좌3,2007-06-12,1.16,,,,,,,
JR구좌3,2007-06-13,1.18,,,,,,,
JR구좌3,2007-06-14,1.22,,,,,,,
JR구좌3,2007-06-15,1.26,,,,,,,
JR구좌3,2007-06-16,1.27,,,,,,,
JR구좌3,2007-06-17,1.24,,,,,,,
JR구좌3,2007-06-18,1.2,,,,,,,
JR구좌3,2007-06-19,1.2,,,,,,,
JR구좌3,2007-06-20,1.19,,,,,,,
JR구좌3,2007-06-21,1.18,,,,,,,
JR구좌3,2007-06-22,1.19,,,,,,,
JR구좌3,2007-06-23,1.19,,,,,,,
JR구좌3,2007-06-24,1.2,,,,,,,
JR구좌3,2007-06-25,1.2,,,,,,,
JR구좌3,2007-06-26,1.2,,,,,,,
JR구좌3,2007-06-27,1.19,,,,,,,
JR구좌3,2007-06-28,1.2,,,,,,,
JR구좌3,2007-06-29,1.2,,,,,,,
JR구좌3,2007-06-30,1.21,,,,,,,
JR구좌3,2007-07-01,1.23,,,,,,,
JR구좌3,2007-07-02,1.24,,,,,,,
JR구좌3,2007-07-03,1.24,,,,,,,
JR구좌3,2007-07-04,1.26,,,,,,,
JR구좌3,2007-07-05,1.28,,,,,,,
JR구좌3,2007-07-06,1.32,,,,,,,
JR구좌3,2007-07-07,1.5,,,,,,,
JR구좌3,2007-07-08,1.61,,,,,,,
JR구좌3,2007-07-09,1.65,,,,,,,
JR구좌3,2007-07-10,1.84,,,,,,,
JR구좌3,2007-07-11,2.03,,,,,,,
JR구좌3,2007-07-12,2.04,,,,,,,
JR구좌3,2007-07-13,1.99,,,,,,,
JR구좌3,2007-07-14,1.96,,,,,,,
JR구좌3,2007-07-15,1.93,,,,,,,
JR구좌3,2007-07-16,1.86,,,,,,,
JR구좌3,2007-07-17,1.8,,,,,,,
JR구좌3,2007-07-18,1.77,,,,,,,
JR구좌3,2007-07-19,1.74,,,,,,,
JR구좌3,2007-07-20,1.72,,,,,,,
JR구좌3,2007-07-21,1.68,,,,,,,
JR구좌3,2007-07-22,1.64,,,,,,,
JR구좌3,2007-07-23,1.6,,,,,,,
JR구좌3,2007-07-24,1.57,,,,,,,
JR구좌3,2007-07-25,1.54,,,,,,,
JR구좌3,2007-07-26,1.51,,,,,,,
JR구좌3,2007-07-27,1.48,,,,,,,
JR구좌3,2007-07-28,1.47,,,,,,,
JR구좌3,2007-07-29,1.46,,,,,,,
JR구좌3,2007-07-30,1.46,,,,,,,
JR구좌3,2007-07-31,1.45,,,,,,,
JR구좌3,2007-08-01,1.44,,,,,,,
JR구좌3,2007-08-02,1.46,,,,,,,
JR구좌3,2007-08-03,1.48,,,,,,,
JR구좌3,2007-08-04,1.46,,,,,,,
JR구좌3,2007-08-05,1.45,,,,,,,
JR구좌3,2007-08-06,1.44,,,,,,,
JR구좌3,2007-08-07,1.5,,,,,,,
JR구좌3,2007-08-08,1.63,,,,,,,
JR구좌3,2007-08-09,1.69,,,,,,,
JR구좌3,2007-08-10,1.7,,,,,,,
JR구좌3,2007-08-11,1.73,,,,,,,
JR구좌3,2007-08-12,1.79,,,,,,,
JR구좌3,2007-08-13,1.92,,,,,,,
JR구좌3,2007-08-14,2.14,,,,,,,
JR구좌3,2007-08-15,2.23,,,,,,,
JR구좌3,2007-08-16,2.19,,,,,,,
JR구좌3,2007-08-17,2.09,,,,,,,
JR구좌3,2007-08-18,2.02,,,,,,,
JR구좌3,2007-08-19,1.96,,,,,,,
JR구좌3,2007-08-20,1.92,,,,,,,
JR구좌3,2007-08-21,1.88,,,,,,,
JR구좌3,2007-08-22,1.86,,,,,,,
JR구좌3,2007-08-23,1.83,,,,,,,
JR구좌3,2007-08-24,1.79,,,,,,,
JR구좌3,2007-08-25,1.73,,,,,,,
JR구좌3,2007-08-26,1.67,,,,,,,
JR구좌3,2007-08-27,1.64,,,,,,,
JR구좌3,2007-08-28,1.64,,,,,,,
JR구좌3,2007-08-29,1.65,,,,,,,
JR구좌3,2007-08-30,1.67,,,,,,,
JR구좌3,2007-08-31,1.67,,,,,,,
JR구좌3,2007-09-01,1.65,,,,,,,
JR구좌3,2007-09-02,1.66,,,,,,,
JR구좌3,2007-09-03,1.67,,,,,,,
JR구좌3,2007-09-04,1.68,,,,,,,
JR구좌3,2007-09-05,2.03,,,,,,,
JR구좌3,2007-09-06,4.03,,,,,,,
JR구좌3,2007-09-07,6.15,,,,,,,
JR구좌3,2007-09-08,6.5,,,,,,,
JR구좌3,2007-09-09,6.01,,,,,,,
JR구좌3,2007-09-10,5.38,,,,,,,
JR구좌3,2007-09-11,4.82,,,,,,,
JR구좌3,2007-09-12,4.39,,,,,,,
JR구좌3,2007-09-13,4.03,,,,,,,
JR구좌3,2007-09-14,3.75,,,,,,,
JR구좌3,2007-09-15,3.59,,,,,,,
JR구좌3,2007-09-16,4.09,,,,,,,
JR구좌3,2007-09-17,5.5,,,,,,,
JR구좌3,2007-09-18,6.16,,,,,,,
JR구좌3,2007-09-19,5.94,,,,,,,
JR구좌3,2007-09-20,5.48,,,,,,,
JR구좌3,2007-09-21,5.02,,,,,,,
JR구좌3,2007-09-22,4.62,,,,,,,
JR구좌3,2007-09-23,4.3,,,,,,,
JR구좌3,2007-09-24,4.02,,,,,,,
JR구좌3,2007-09-25,3.78,,,,,,,
JR구좌3,2007-09-26,3.6,,,,,,,
JR구좌3,2007-09-27,3.44,,,,,,,
JR구좌3,2007-09-28,3.3,,,,,,,
JR구좌3,2007-09-29,3.16,,,,,,,
JR구좌3,2007-09-30,3.03,,,,,,,
JR구좌3,2007-10-01,2.9,,,,,,,
JR구좌3,2007-10-02,2.79,,,,,,,
JR구좌3,2007-10-03,2.7,,,,,,,
JR구좌3,2007-10-04,2.61,,,,,,,
JR구좌3,2007-10-05,2.53,,,,,,,
JR구좌3,2007-10-06,2.47,,,,,,,
JR구좌3,2007-10-07,2.42,,,,,,,
JR구좌3,2007-10-08,2.36,,,,,,,
JR구좌3,2007-10-09,2.3,,,,,,,
JR구좌3,2007-10-10,2.28,,,,,,,
JR구좌3,2007-10-11,2.25,,,,,,,
JR구좌3,2007-10-12,2.18,,,,,,,
JR구좌3,2007-10-13,2.12,,,,,,,
JR구좌3,2007-10-14,2.06,,,,,,,
JR구좌3,2007-10-15,2.02,,,,,,,
JR구좌3,2007-10-16,1.99,,,,,,,
JR구좌3,2007-10-17,1.97,,,,,,,
JR구좌3,2007-10-18,1.96,,,,,,,
JR구좌3,2007-10-19,1.95,,,,,,,
JR구좌3,2007-10-20,1.9,,,,,,,
JR구좌3,2007-10-21,1.85,,,,,,,
JR구좌3,2007-10-22,1.8,,,,,,,
JR구좌3,2007-10-23,1.77,,,,,,,
JR구좌3,2007-10-24,1.75,,,,,,,
JR구좌3,2007-10-25,1.75,,,,,,,
JR구좌3,2007-10-26,1.79,,,,,,,
JR구좌3,2007-10-27,1.87,,,,,,,
JR구좌3,2007-10-28,1.92,,,,,,,
JR구좌3,2007-10-29,1.91,,,,,,,
JR구좌3,2007-10-30,1.87,,,,,,,
JR구좌3,2007-10-31,1.85,,,,,,,
JR구좌3,2007-11-01,1.82,,,,,,,
JR구좌3,2007-11-02,1.77,,,,,,,
JR구좌3,2007-11-03,1.75,,,,,,,
JR구좌3,2007-11-04,1.73,,,,,,,
JR구좌3,2007-11-05,1.71,,,,,,,
JR구좌3,2007-11-06,1.69,,,,,,,
JR구좌3,2007-11-07,1.7,,,,,,,
JR구좌3,2007-11-08,1.71,,,,,,,
JR구좌3,2007-11-09,1.74,,,,,,,
JR구좌3,2007-11-10,1.75,,,,,,,
JR구좌3,2007-11-11,1.71,,,,,,,
JR구좌3,2007-11-12,1.7,,,,,,,
JR구좌3,2007-11-13,1.7,,,,,,,
JR구좌3,2007-11-14,1.71,,,,,,,
JR구좌3,2007-11-15,1.69,,,,,,,
JR구좌3,2007-11-16,1.67,,,,,,,
JR구좌3,2007-11-17,1.64,,,,,,,
JR구좌3,2007-11-18,1.62,,,,,,,
JR구좌3,2007-11-19,1.58,,,,,,,
JR구좌3,2007-11-20,1.56,,,,,,,
JR구좌3,2007-11-21,1.54,,,,,,,
JR구좌3,2007-11-22,1.51,,,,,,,
JR구좌3,2007-11-23,1.51,,,,,,,
JR구좌3,2007-11-24,1.51,,,,,,,
JR구좌3,2007-11-25,1.5,,,,,,,
JR구좌3,2007-11-26,1.5,,,,,,,
JR구좌3,2007-11-27,1.5,,,,,,,
JR구좌3,2007-11-28,1.51,,,,,,,
JR구좌3,2007-11-29,1.54,,,,,,,
JR구좌3,2007-11-30,1.5,,,,,,,
JR구좌3,2007-12-01,1.45,,,,,,,
JR구좌3,2007-12-02,1.43,,,,,,,
JR구좌3,2007-12-03,1.43,,,,,,,
JR구좌3,2007-12-04,1.4,,,,,,,
JR구좌3,2007-12-05,1.36,,,,,,,
JR구좌3,2007-12-06,1.35,,,,,,,
JR구좌3,2007-12-07,1.36,,,,,,,
JR구좌3,2007-12-08,1.37,,,,,,,
JR구좌3,2007-12-09,1.36,,,,,,,
JR구좌3,2007-12-10,1.37,,,,,,,
JR구좌3,2007-12-11,1.4,,,,,,,
JR구좌3,2007-12-12,1.4,,,,,,,
JR구좌3,2007-12-13,1.42,,,,,,,
JR구좌3,2007-12-14,1.4,,,,,,,
JR구좌3,2007-12-15,1.38,,,,,,,
JR구좌3,2007-12-16,1.35,,,,,,,
JR구좌3,2007-12-17,1.32,,,,,,,
JR구좌3,2007-12-18,1.3,,,,,,,
JR구좌3,2007-12-19,1.3,,,,,,,
JR구좌3,2007-12-20,1.3,,,,,,,
JR구좌3,2007-12-21,1.31,,,,,,,
JR구좌3,2007-12-22,1.34,,,,,,,
JR구좌3,2007-12-23,1.35,,,,,,,
JR구좌3,2007-12-24,1.32,,,,,,,
JR구좌3,2007-12-25,1.35,,,,,,,
JR구좌3,2007-12-26,1.36,,,,,,,
JR구좌3,2007-12-27,1.35,,,,,,,
JR구좌3,2007-12-28,1.37,,,,,,,
JR구좌3,2007-12-29,1.41,,,,,,,
JR구좌3,2007-12-30,1.4,,,,,,,
JR구좌3,2007-12-31,1.36,,,,,,,
JR구좌3,2008-01-01,1.31,,,,,,,
JR구좌3,2008-01-02,1.27,,,,,,,
JR구좌3,2008-01-03,1.27,,,,,,,
JR구좌3,2008-01-04,1.27,,,,,,,
JR구좌3,2008-01-05,1.27,,,,,,,
JR구좌3,2008-01-06,1.26,,,,,,,
JR구좌3,2008-01-07,1.28,,,,,,,
JR구좌3,2008-01-08,1.28,,,,,,,
JR구좌3,2008-01-09,1.29,,,,,,,
JR구좌3,2008-01-10,1.28,,,,,,,
JR구좌3,2008-01-11,1.29,,,,,,,
JR구좌3,2008-01-12,1.3,,,,,,,
JR구좌3,2008-01-13,1.24,,,,,,,
JR구좌3,2008-01-14,1.19,,,,,,,
JR구좌3,2008-01-15,1.18,,,,,,,
JR구좌3,2008-01-16,1.16,,,,,,,
JR구좌3,2008-01-17,1.15,,,,,,,
JR구좌3,2008-01-18,1.15,,,,,,,
JR구좌3,2008-01-19,1.16,,,,,,,
JR구좌3,2008-01-20,1.2,,,,,,,
JR구좌3,2008-01-21,1.26,,,,,,,
JR구좌3,2008-01-22,1.38,,,,,,,
JR구좌3,2008-01-23,1.68,,,,,,,
JR구좌3,2008-01-24,1.77,,,,,,,
JR구좌3,2008-01-25,1.75,,,,,,,
JR구좌3,2008-01-26,1.71,,,,,,,
JR구좌3,2008-01-27,1.67,,,,,,,
JR구좌3,2008-01-28,1.65,,,,,,,
JR구좌3,2008-01-29,1.65,,,,,,,
JR구좌3,2008-01-30,1.63,,,,,,,
JR구좌3,2008-01-31,1.58,,,,,,,
JR구좌3,2008-02-01,1.53,,,,,,,
JR구좌3,2008-02-02,1.52,,,,,,,
JR구좌3,2008-02-03,1.52,,,,,,,
JR구좌3,2008-02-04,1.5,,,,,,,
JR구좌3,2008-02-05,1.47,,,,,,,
JR구좌3,2008-02-06,1.45,,,,,,,
JR구좌3,2008-02-07,1.44,,,,,,,
JR구좌3,2008-02-08,1.42,,,,,,,
JR구좌3,2008-02-09,1.4,,,,,,,
JR구좌3,2008-02-10,1.37,,,,,,,
JR구좌3,2008-02-11,1.36,,,,,,,
JR구좌3,2008-02-12,1.32,,,,,,,
JR구좌3,2008-02-13,1.27,,,,,,,
JR구좌3,2008-02-14,1.24,,,,,,,
JR구좌3,2008-02-15,1.24,,,,,,,
JR구좌3,2008-02-16,1.24,,,,,,,
JR구좌3,2008-02-17,1.22,,,,,,,
JR구좌3,2008-02-18,1.19,,,,,,,
JR구좌3,2008-02-19,1.16,,,,,,,
JR구좌3,2008-02-20,1.16,,,,,,,
JR구좌3,2008-02-21,1.18,,,,,,,
JR구좌3,2008-02-22,1.22,,,,,,,
JR구좌3,2008-02-23,1.23,,,,,,,
JR구좌3,2008-02-24,1.2,,,,,,,
JR구좌3,2008-02-25,1.2,,,,,,,
JR구좌3,2008-02-26,1.2,,,,,,,
JR구좌3,2008-02-27,1.14,,,,,,,
JR구좌3,2008-02-28,1.13,,,,,,,
JR구좌3,2008-02-29,1.16,,,,,,,
JR구좌3,2008-03-01,1.18,,,,,,,
JR구좌3,2008-03-02,1.21,,,,,,,
JR구좌3,2008-03-03,1.21,,,,,,,
JR구좌3,2008-03-04,1.19,,,,,,,
JR구좌3,2008-03-05,1.17,,,,,,,
JR구좌3,2008-03-06,1.16,,,,,,,
JR구좌3,2008-03-07,1.14,,,,,,,
JR구좌3,2008-03-08,1.12,,,,,,,
JR구좌3,2008-03-09,1.12,,,,,,,
JR구좌3,2008-03-10,1.12,,,,,,,
JR구좌3,2008-03-11,1.13,,,,,,,
JR구좌3,2008-03-12,1.16,,,,,,,
JR구좌3,2008-03-13,1.18,,,,,,,
JR구좌3,2008-03-14,1.17,,,,,,,
JR구좌3,2008-03-15,1.17,,,,,,,
JR구좌3,2008-03-16,1.17,,,,,,,
JR구좌3,2008-03-17,1.18,,,,,,,
JR구좌3,2008-03-18,1.2,,,,,,,
JR구좌3,2008-03-19,1.23,,,,,,,
JR구좌3,2008-03-20,1.24,,,,,,,
JR구좌3,2008-03-21,1.22,,,,,,,
JR구좌3,2008-03-22,1.21,,,,,,,
JR구좌3,2008-03-23,1.24,,,,,,,
JR구좌3,2008-03-24,1.23,,,,,,,
JR구좌3,2008-03-25,1.23,,,,,,,
JR구좌3,2008-03-26,1.22,,,,,,,
JR구좌3,2008-03-27,1.26,,,,,,,
JR구좌3,2008-03-28,1.25,,,,,,,
JR구좌3,2008-03-29,1.24,,,,,,,
JR구좌3,2008-03-30,1.24,,,,,,,
JR구좌3,2008-03-31,1.21,,,,,,,
JR구좌3,2008-04-01,1.17,,,,,,,
JR구좌3,2008-04-02,1.17,,,,,,,
JR구좌3,2008-04-03,1.18,,,,,,,
JR구좌3,2008-04-04,1.18,,,,,,,
JR구좌3,2008-04-05,1.18,,,,,,,
JR구좌3,2008-04-06,1.2,,,,,,,
JR구좌3,2008-04-07,1.24,,,,,,,
JR구좌3,2008-04-08,1.26,,,,,,,
JR구좌3,2008-04-09,1.32,,,,,,,
JR구좌3,2008-04-10,1.38,,,,,,,
JR구좌3,2008-04-11,1.43,,,,,,,
JR구좌3,2008-04-12,1.42,,,,,,,
JR구좌3,2008-04-13,1.41,,,,,,,
JR구좌3,2008-04-14,1.38,,,,,,,
JR구좌3,2008-04-15,1.37,,,,,,,
JR구좌3,2008-04-16,1.37,,,,,,,
JR구좌3,2008-04-17,1.37,,,,,,,
JR구좌3,2008-04-18,1.36,,,,,,,
JR구좌3,2008-04-19,1.32,,,,,,,
JR구좌3,2008-04-20,1.31,,,,,,,
JR구좌3,2008-04-21,1.31,,,,,,,
JR구좌3,2008-04-22,1.3,,,,,,,
JR구좌3,2008-04-23,1.29,,,,,,,
JR구좌3,2008-04-24,1.26,,,,,,,
JR구좌3,2008-04-25,1.27,,,,,,,
JR구좌3,2008-04-26,1.3,,,,,,,
JR구좌3,2008-04-27,1.27,,,,,,,
JR구좌3,2008-04-28,1.26,,,,,,,
JR구좌3,2008-04-29,1.25,,,,,,,
JR구좌3,2008-04-30,1.24,,,,,,,
JR구좌3,2008-05-01,1.24,,,,,,,
JR구좌3,2008-05-02,1.26,,,,,,,
JR구좌3,2008-05-03,1.27,,,,,,,
JR구좌3,2008-05-04,1.3,,,,,,,
JR구좌3,2008-05-05,1.32,,,,,,,
JR구좌3,2008-05-06,1.31,,,,,,,
JR구좌3,2008-05-07,1.31,,,,,,,
JR구좌3,2008-05-08,1.33,,,,,,,
JR구좌3,2008-05-09,1.35,,,,,,,
JR구좌3,2008-05-10,1.37,,,,,,,
JR구좌3,2008-05-11,1.35,,,,,,,
JR구좌3,2008-05-12,1.31,,,,,,,
JR구좌3,2008-05-13,1.29,,,,,,,
JR구좌3,2008-05-14,1.26,,,,,,,
JR구좌3,2008-05-15,1.24,,,,,,,
JR구좌3,2008-05-16,1.25,,,,,,,
JR구좌3,2008-05-17,1.27,,,,,,,
JR구좌3,2008-05-18,1.3,,,,,,,
JR구좌3,2008-05-19,1.33,,,,,,,
JR구좌3,2008-05-20,1.32,,,,,,,
JR구좌3,2008-05-21,1.32,,,,,,,
JR구좌3,2008-05-22,1.31,,,,,,,
JR구좌3,2008-05-23,1.3,,,,,,,
JR구좌3,2008-05-24,1.31,,,,,,,
JR구좌3,2008-05-25,1.31,,,,,,,
JR구좌3,2008-05-26,1.29,,,,,,,
JR구좌3,2008-05-27,1.29,,,,,,,
JR구좌3,2008-05-28,1.32,,,,,,,
JR구좌3,2008-05-29,1.4,,,,,,,
JR구좌3,2008-05-30,1.44,,,,,,,
JR구좌3,2008-05-31,1.41,,,,,,,
JR구좌3,2008-06-01,1.39,,,,,,,
JR구좌3,2008-06-02,1.4,,,,,,,
JR구좌3,2008-06-03,1.41,,,,,,,
JR구좌3,2008-06-04,1.41,,,,,,,
JR구좌3,2008-06-05,1.43,,,,,,,
JR구좌3,2008-06-06,1.42,,,,,,,
JR구좌3,2008-06-07,1.41,,,,,,,
JR구좌3,2008-06-08,1.4,,,,,,,
JR구좌3,2008-06-09,1.38,,,,,,,
JR구좌3,2008-06-10,1.35,,,,,,,
JR구좌3,2008-06-11,1.35,,,,,,,
JR구좌3,2008-06-12,1.36,,,,,,,
JR구좌3,2008-06-13,1.34,,,,,,,
JR구좌3,2008-06-14,1.33,,,,,,,
JR구좌3,2008-06-15,1.35,,,,,,,
JR구좌3,2008-06-16,1.35,,,,,,,
JR구좌3,2008-06-17,1.31,,,,,,,
JR구좌3,2008-06-18,1.39,,,,,,,
JR구좌3,2008-06-19,1.53,,,,,,,
JR구좌3,2008-06-20,1.64,,,,,,,
JR구좌3,2008-06-21,1.72,,,,,,,
JR구좌3,2008-06-22,1.88,,,,,,,
JR구좌3,2008-06-23,1.96,,,,,,,
JR구좌3,2008-06-24,1.95,,,,,,,
JR구좌3,2008-06-25,1.9,,,,,,,
JR구좌3,2008-06-26,1.84,,,,,,,
JR구좌3,2008-06-27,1.78,,,,,,,
JR구좌3,2008-06-28,1.77,,,,,,,
JR구좌3,2008-06-29,1.98,,,,,,,
JR구좌3,2008-06-30,2.08,,,,,,,
JR구좌3,2008-07-01,2.07,,,,,,,
JR구좌3,2008-07-02,2.06,,,,,,,
JR구좌3,2008-07-03,2.07,,,,,,,
JR구좌3,2008-07-04,2.1,,,,,,,
JR구좌3,2008-07-05,2.11,,,,,,,
JR구좌3,2008-07-06,2.08,,,,,,,
JR구좌3,2008-07-07,2.02,,,,,,,
JR구좌3,2008-07-08,1.94,,,,,,,
JR구좌3,2008-07-09,1.87,,,,,,,
JR구좌3,2008-07-10,1.83,,,,,,,
JR구좌3,2008-07-11,1.8,,,,,,,
JR구좌3,2008-07-12,1.8,,,,,,,
JR구좌3,2008-07-13,1.79,,,,,,,
JR구좌3,2008-07-14,1.76,,,,,,,
JR구좌3,2008-07-15,1.72,,,,,,,
JR구좌3,2008-07-16,1.71,,,,,,,
JR구좌3,2008-07-17,1.7,,,,,,,
JR구좌3,2008-07-18,1.68,,,,,,,
JR구좌3,2008-07-19,1.66,,,,,,,
JR구좌3,2008-07-20,1.64,,,,,,,
JR구좌3,2008-07-21,1.62,,,,,,,
JR구좌3,2008-07-22,1.6,,,,,,,
JR구좌3,2008-07-23,1.58,,,,,,,
JR구좌3,2008-07-24,1.56,,,,,,,
JR구좌3,2008-07-25,1.56,,,,,,,
JR구좌3,2008-07-26,1.56,,,,,,,
JR구좌3,2008-07-27,1.54,,,,,,,
JR구좌3,2008-07-28,1.51,,,,,,,
JR구좌3,2008-07-29,1.49,,,,,,,
JR구좌3,2008-07-30,1.49,,,,,,,
JR구좌3,2008-07-31,1.48,,,,,,,
JR구좌3,2008-08-01,1.47,,,,,,,
JR구좌3,2008-08-02,1.45,,,,,,,
JR구좌3,2008-08-03,1.45,,,,,,,
JR구좌3,2008-08-04,1.43,,,,,,,
JR구좌3,2008-08-05,1.41,,,,,,,
JR구좌3,2008-08-06,1.38,,,,,,,
JR구좌3,2008-08-07,1.37,,,,,,,
JR구좌3,2008-08-08,1.38,,,,,,,
JR구좌3,2008-08-09,1.39,,,,,,,
JR구좌3,2008-08-10,1.42,,,,,,,
JR구좌3,2008-08-11,1.45,,,,,,,
JR구좌3,2008-08-12,1.47,,,,,,,
JR구좌3,2008-08-13,1.5,,,,,,,
JR구좌3,2008-08-14,1.55,,,,,,,
JR구좌3,2008-08-15,1.72,,,,,,,
JR구좌3,2008-08-16,2.06,,,,,,,
JR구좌3,2008-08-17,2.2,,,,,,,
JR구좌3,2008-08-18,2.16,,,,,,,
JR구좌3,2008-08-19,2.11,,,,,,,
JR구좌3,2008-08-20,2.06,,,,,,,
JR구좌3,2008-08-21,2.01,,,,,,,
JR구좌3,2008-08-22,1.98,,,,,,,
JR구좌3,2008-08-23,1.99,,,,,,,
JR구좌3,2008-08-24,1.98,,,,,,,
JR구좌3,2008-08-25,1.93,,,,,,,
JR구좌3,2008-08-26,1.89,,,,,,,
JR구좌3,2008-08-27,1.87,,,,,,,
JR구좌3,2008-08-28,1.83,,,,,,,
JR구좌3,2008-08-29,1.8,,,,,,,
JR구좌3,2008-08-30,1.77,,,,,,,
JR구좌3,2008-08-31,1.76,,,,,,,
JR구좌3,2008-09-01,1.75,,,,,,,
JR구좌3,2008-09-02,1.73,,,,,,,
JR구좌3,2008-09-03,1.7,,,,,,,
JR구좌3,2008-09-04,1.67,,,,,,,
JR구좌3,2008-09-05,1.63,,,,,,,
JR구좌3,2008-09-06,1.59,,,,,,,
JR구좌3,2008-09-07,1.54,,,,,,,
JR구좌3,2008-09-08,1.5,,,,,,,
JR구좌3,2008-09-09,1.48,,,,,,,
JR구좌3,2008-09-10,1.46,,,,,,,
JR구좌3,2008-09-11,1.43,,,,,,,
JR구좌3,2008-09-12,1.43,,,,,,,
JR구좌3,2008-09-13,1.43,,,,,,,
JR구좌3,2008-09-14,1.43,,,,,,,
JR구좌3,2008-09-15,1.41,,,,,,,
JR구좌3,2008-09-16,1.43,,,,,,,
JR구좌3,2008-09-17,1.55,,,,,,,
JR구좌3,2008-09-18,1.94,,,,,,,
JR구좌3,2008-09-19,2.03,,,,,,,
JR구좌3,2008-09-20,1.98,,,,,,,
JR구좌3,2008-09-21,1.91,,,,,,,
JR구좌3,2008-09-22,1.87,,,,,,,
JR구좌3,2008-09-23,1.82,,,,,,,
JR구좌3,2008-09-24,1.75,,,,,,,
JR구좌3,2008-09-25,1.69,,,,,,,
JR구좌3,2008-09-26,1.64,,,,,,,
JR구좌3,2008-09-27,1.59,,,,,,,
JR구좌3,2008-09-28,1.56,,,,,,,
JR구좌3,2008-09-29,1.55,,,,,,,
JR구좌3,2008-09-30,1.55,,,,,,,
JR구좌3,2008-10-01,1.56,,,,,,,
JR구좌3,2008-10-02,1.56,,,,,,,
JR구좌3,2008-10-03,1.53,,,,,,,
JR구좌3,2008-10-04,1.5,,,,,,,
JR구좌3,2008-10-05,1.5,,,,,,,
JR구좌3,2008-10-06,1.5,,,,,,,
JR구좌3,2008-10-07,1.47,,,,,,,
JR구좌3,2008-10-08,1.46,,,,,,,
JR구좌3,2008-10-09,1.43,,,,,,,
JR구좌3,2008-10-10,1.41,,,,,,,
JR구좌3,2008-10-11,1.38,,,,,,,
JR구좌3,2008-10-12,1.37,,,,,,,
JR구좌3,2008-10-13,1.37,,,,,,,
JR구좌3,2008-10-14,1.37,,,,,,,
JR구좌3,2008-10-15,1.37,,,,,,,
JR구좌3,2008-10-16,1.37,,,,,,,
JR구좌3,2008-10-17,1.38,,,,,,,
JR구좌3,2008-10-18,1.38,,,,,,,
JR구좌3,2008-10-19,1.38,,,,,,,
JR구좌3,2008-10-20,1.37,,,,,,,
JR구좌3,2008-10-21,1.37,,,,,,,
JR구좌3,2008-10-22,1.39,,,,,,,
JR구좌3,2008-10-23,1.42,,,,,,,
JR구좌3,2008-10-24,1.39,,,,,,,
JR구좌3,2008-10-25,1.35,,,,,,,
JR구좌3,2008-10-26,1.33,,,,,,,
JR구좌3,2008-10-27,1.3,,,,,,,
JR구좌3,2008-10-28,1.29,,,,,,,
JR구좌3,2008-10-29,1.29,,,,,,,
JR구좌3,2008-10-30,1.3,,,,,,,
JR구좌3,2008-10-31,1.29,,,,,,,
JR구좌3,2008-11-01,1.28,,,,,,,
JR구좌3,2008-11-02,1.28,,,,,,,
JR구좌3,2008-11-03,1.28,,,,,,,
JR구좌3,2008-11-04,1.27,,,,,,,
JR구좌3,2008-11-05,1.25,,,,,,,
JR구좌3,2008-11-06,1.24,,,,,,,
JR구좌3,2008-11-07,1.25,,,,,,,
JR구좌3,2008-11-08,1.25,,,,,,,
JR구좌3,2008-11-09,1.25,,,,,,,
JR구좌3,2008-11-10,1.24,,,,,,,
JR구좌3,2008-11-11,1.26,,,,,,,
JR구좌3,2008-11-12,1.26,,,,,,,
JR구좌3,2008-11-13,1.27,,,,,,,
JR구좌3,2008-11-14,1.28,,,,,,,
JR구좌3,2008-11-15,1.29,,,,,,,
JR구좌3,2008-11-16,1.32,,,,,,,
JR구좌3,2008-11-17,1.32,,,,,,,
JR구좌3,2008-11-18,1.29,,,,,,,
JR구좌3,2008-11-19,1.22,,,,,,,
JR구좌3,2008-11-20,1.16,,,,,,,
JR구좌3,2008-11-21,1.13,,,,,,,
JR구좌3,2008-11-22,1.12,,,,,,,
JR구좌3,2008-11-23,1.13,,,,,,,
JR구좌3,2008-11-24,1.17,,,,,,,
JR구좌3,2008-11-25,1.17,,,,,,,
JR구좌3,2008-11-26,1.15,,,,,,,
JR구좌3,2008-11-27,1.17,,,,,,,
JR구좌3,2008-11-28,1.14,,,,,,,
JR구좌3,2008-11-29,1.14,,,,,,,
JR구좌3,2008-11-30,1.13,,,,,,,
JR구좌3,2008-12-01,1.15,,,,,,,
JR구좌3,2008-12-02,1.15,,,,,,,
JR구좌3,2008-12-03,1.15,,,,,,,
JR구좌3,2008-12-04,1.17,,,,,,,
JR구좌3,2008-12-05,1.11,,,,,,,
JR구좌3,2008-12-06,1.04,,,,,,,
JR구좌3,2008-12-07,1.03,,,,,,,
JR구좌3,2008-12-08,1.07,,,,,,,
JR구좌3,2008-12-09,1.09,,,,,,,
JR구좌3,2008-12-10,1.11,,,,,,,
JR구좌3,2008-12-11,1.13,,,,,,,
JR구좌3,2008-12-12,1.13,,,,,,,
JR구좌3,2008-12-13,1.15,,,,,,,
JR구좌3,2008-12-14,1.14,,,,,,,
JR구좌3,2008-12-15,1.12,,,,,,,
JR구좌3,2008-12-16,1.13,,,,,,,
JR구좌3,2008-12-17,1.13,,,,,,,
JR구좌3,2008-12-18,1.11,,,,,,,
JR구좌3,2008-12-19,1.08,,,,,,,
JR구좌3,2008-12-20,1.09,,,,,,,
JR구좌3,2008-12-21,1.09,,,,,,,
JR구좌3,2008-12-22,1.03,,,,,,,
JR구좌3,2008-12-23,0.98,,,,,,,
JR구좌3,2008-12-24,0.98,,,,,,,
JR구좌3,2008-12-25,0.98,,,,,,,
JR구좌3,2008-12-26,0.96,,,,,,,
JR구좌3,2008-12-27,0.96,,,,,,,
JR구좌3,2008-12-28,0.96,,,,,,,
JR구좌3,2008-12-29,0.98,,,,,,,
JR구좌3,2008-12-30,0.97,,,,,,,
JR구좌3,2008-12-31,0.94,,,,,,,
JR구좌3,2009-01-01,0.92,,,,,,,
JR구좌3,2009-01-02,0.9,,,,,,,
JR구좌3,2009-01-03,0.9,,,,,,,
JR구좌3,2009-01-04,0.91,,,,,,,
JR구좌3,2009-01-05,0.92,,,,,,,
JR구좌3,2009-01-06,0.92,,,,,,,
JR구좌3,2009-01-07,0.9,,,,,,,
JR구좌3,2009-01-08,0.94,,,,,,,
JR구좌3,2009-01-09,0.95,,,,,,,
JR구좌3,2009-01-10,0.93,,,,,,,
JR구좌3,2009-01-11,0.94,,,,,,,
JR구좌3,2009-01-12,0.94,,,,,,,
JR구좌3,2009-01-13,0.9,,,,,,,
JR구좌3,2009-01-14,0.89,,,,,,,
JR구좌3,2009-01-15,0.84,,,,,,,
JR구좌3,2009-01-16,0.82,,,,,,,
JR구좌3,2009-01-17,0.82,,,,,,,
JR구좌3,2009-01-18,0.86,,,,,,,
JR구좌3,2009-01-19,0.85,,,,,,,
JR구좌3,2009-01-20,0.86,,,,,,,
JR구좌3,2009-01-21,0.88,,,,,,,
JR구좌3,2009-01-22,0.89,,,,,,,
JR구좌3,2009-01-23,0.87,,,,,,,
JR구좌3,2009-01-24,0.79,,,,,,,
JR구좌3,2009-01-25,0.78,,,,,,,
JR구좌3,2009-01-26,0.8,,,,,,,
JR구좌3,2009-01-27,0.79,,,,,,,
JR구좌3,2009-01-28,0.8,,,,,,,
JR구좌3,2009-01-29,0.81,,,,,,,
JR구좌3,2009-01-30,0.85,,,,,,,
JR구좌3,2009-01-31,0.89,,,,,,,
JR구좌3,2009-02-01,0.86,,,,,,,
JR구좌3,2009-02-02,0.82,,,,,,,
JR구좌3,2009-02-03,0.81,,,,,,,
JR구좌3,2009-02-04,0.83,,,,,,,
JR구좌3,2009-02-05,0.84,,,,,,,
JR구좌3,2009-02-06,0.83,,,,,,,
JR구좌3,2009-02-07,0.84,,,,,,,
JR구좌3,2009-02-08,0.84,,,,,,,
JR구좌3,2009-02-09,0.86,,,,,,,
JR구좌3,2009-02-10,0.86,,,,,,,
JR구좌3,2009-02-11,0.88,,,,,,,
JR구좌3,2009-02-12,0.91,,,,,,,
JR구좌3,2009-02-13,0.97,,,,,,,
JR구좌3,2009-02-14,0.97,,,,,,,
JR구좌3,2009-02-15,0.96,,,,,,,
JR구좌3,2009-02-16,0.89,,,,,,,
JR구좌3,2009-02-17,0.83,,,,,,,
JR구좌3,2009-02-18,0.81,,,,,,,
JR구좌3,2009-02-19,0.83,,,,,,,
JR구좌3,2009-02-20,0.86,,,,,,,
JR구좌3,2009-02-21,0.82,,,,,,,
JR구좌3,2009-02-22,0.86,,,,,,,
JR구좌3,2009-02-23,0.89,,,,,,,
JR구좌3,2009-02-24,0.91,,,,,,,
JR구좌3,2009-02-25,0.92,,,,,,,
JR구좌3,2009-02-26,0.9,,,,,,,
JR구좌3,2009-02-27,0.9,,,,,,,
JR구좌3,2009-02-28,0.89,,,,,,,
JR구좌3,2009-03-01,0.86,,,,,,,
JR구좌3,2009-03-02,0.83,,,,,,,
JR구좌3,2009-03-03,0.84,,,,,,,
JR구좌3,2009-03-04,0.83,,,,,,,
JR구좌3,2009-03-05,0.87,,,,,,,
JR구좌3,2009-03-06,0.89,,,,,,,
JR구좌3,2009-03-07,0.84,,,,,,,
JR구좌3,2009-03-08,0.82,,,,,,,
JR구좌3,2009-03-09,0.82,,,,,,,
JR구좌3,2009-03-10,0.81,,,,,,,
JR구좌3,2009-03-11,0.8,,,,,,,
JR구좌3,2009-03-12,0.81,,,,,,,
JR구좌3,2009-03-13,0.87,,,,,,,
JR구좌3,2009-03-14,0.81,,,,,,,
JR구좌3,2009-03-15,0.8,,,,,,,
JR구좌3,2009-03-16,0.82,,,,,,,
JR구좌3,2009-03-17,0.84,,,,,,,
JR구좌3,2009-03-18,0.88,,,,,,,
JR구좌3,2009-03-19,0.91,,,,,,,
JR구좌3,2009-03-20,0.93,,,,,,,
JR구좌3,2009-03-21,0.93,,,,,,,
JR구좌3,2009-03-22,0.93,,,,,,,
JR구좌3,2009-03-23,0.91,,,,,,,
JR구좌3,2009-03-24,0.91,,,,,,,
JR구좌3,2009-03-25,0.9,,,,,,,
JR구좌3,2009-03-26,0.87,,,,,,,
JR구좌3,2009-03-27,0.86,,,,,,,
JR구좌3,2009-03-28,0.86,,,,,,,
JR구좌3,2009-03-29,0.88,,,,,,,
JR구좌3,2009-03-30,0.89,,,,,,,
JR구좌3,2009-03-31,0.87,,,,,,,
JR구좌3,2009-04-01,0.83,,,,,,,
JR구좌3,2009-04-02,0.81,,,,,,,
JR구좌3,2009-04-03,0.81,,,,,,,
JR구좌3,2009-04-04,0.83,,,,,,,
JR구좌3,2009-04-05,0.84,,,,,,,
JR구좌3,2009-04-06,0.84,,,,,,,
JR구좌3,2009-04-07,0.85,,,,,,,
JR구좌3,2009-04-08,0.86,,,,,,,
JR구좌3,2009-04-09,0.85,,,,,,,
JR구좌3,2009-04-10,0.83,,,,,,,
JR구좌3,2009-04-11,0.83,,,,,,,
JR구좌3,2009-04-12,0.85,,,,,,,
JR구좌3,2009-04-13,0.88,,,,,,,
JR구좌3,2009-04-14,0.94,,,,,,,
JR구좌3,2009-04-15,0.98,,,,,,,
JR구좌3,2009-04-16,0.95,,,,,,,
JR구좌3,2009-04-17,0.93,,,,,,,
JR구좌3,2009-04-18,0.91,,,,,,,
JR구좌3,2009-04-19,0.9,,,,,,,
JR구좌3,2009-04-20,0.95,,,,,,,
JR구좌3,2009-04-21,0.99,,,,,,,
JR구좌3,2009-04-22,0.97,,,,,,,
JR구좌3,2009-04-23,0.98,,,,,,,
JR구좌3,2009-04-24,1.01,,,,,,,
JR구좌3,2009-04-25,1.03,,,,,,,
JR구좌3,2009-04-26,1.04,,,,,,,
JR구좌3,2009-04-27,1.07,,,,,,,
JR구좌3,2009-04-28,1.08,,,,,,,
JR구좌3,2009-04-29,1.07,,,,,,,
JR구좌3,2009-04-30,1.03,,,,,,,
JR구좌3,2009-05-01,1.0,,,,,,,
JR구좌3,2009-05-02,0.99,,,,,,,
JR구좌3,2009-05-03,0.99,,,,,,,
JR구좌3,2009-05-04,0.98,,,,,,,
JR구좌3,2009-05-05,0.98,,,,,,,
JR구좌3,2009-05-06,0.99,,,,,,,
JR구좌3,2009-05-07,1.01,,,,,,,
JR구좌3,2009-05-08,1.02,,,,,,,
JR구좌3,2009-05-09,1.04,,,,,,,
JR구좌3,2009-05-10,1.04,,,,,,,
JR구좌3,2009-05-11,1.05,,,,,,,
JR구좌3,2009-05-12,1.05,,,,,,,
JR구좌3,2009-05-13,1.03,,,,,,,
JR구좌3,2009-05-14,1.01,,,,,,,
JR구좌3,2009-05-15,1.0,,,,,,,
JR구좌3,2009-05-16,0.99,,,,,,,
JR구좌3,2009-05-17,0.97,,,,,,,
JR구좌3,2009-05-18,0.94,,,,,,,
JR구좌3,2009-05-19,0.94,,,,,,,
JR구좌3,2009-05-20,0.94,,,,,,,
JR구좌3,2009-05-21,0.98,,,,,,,
JR구좌3,2009-05-22,0.97,,,,,,,
JR구좌3,2009-05-23,0.97,,,,,,,
JR구좌3,2009-05-24,0.98,,,,,,,
JR구좌3,2009-05-25,1.0,,,,,,,
JR구좌3,2009-05-26,0.99,,,,,,,
JR구좌3,2009-05-27,0.99,,,,,,,
JR구좌3,2009-05-28,1.01,,,,,,,
JR구좌3,2009-05-29,1.03,,,,,,,
JR구좌3,2009-05-30,1.03,,,,,,,
JR구좌3,2009-05-31,1.0,,,,,,,
JR구좌3,2009-06-01,1.01,,,,,,,
JR구좌3,2009-06-02,1.02,,,,,,,
JR구좌3,2009-06-03,1.04,,,,,,,
JR구좌3,2009-06-04,1.06,,,,,,,
JR구좌3,2009-06-05,1.08,,,,,,,
JR구좌3,2009-06-06,1.09,,,,,,,
JR구좌3,2009-06-07,1.08,,,,,,,
JR구좌3,2009-06-08,1.05,,,,,,,
JR구좌3,2009-06-09,1.03,,,,,,,
JR구좌3,2009-06-10,1.04,,,,,,,
JR구좌3,2009-06-11,1.03,,,,,,,
JR구좌3,2009-06-12,1.06,,,,,,,
JR구좌3,2009-06-13,1.07,,,,,,,
JR구좌3,2009-06-14,1.05,,,,,,,
JR구좌3,2009-06-15,1.01,,,,,,,
JR구좌3,2009-06-16,0.97,,,,,,,
JR구좌3,2009-06-17,0.96,,,,,,,
JR구좌3,2009-06-18,0.95,,,,,,,
JR구좌3,2009-06-19,0.95,,,,,,,
JR구좌3,2009-06-20,0.97,,,,,,,
JR구좌3,2009-06-21,1.0,,,,,,,
JR구좌3,2009-06-22,1.04,,,,,,,
JR구좌3,2009-06-23,1.06,,,,,,,
JR구좌3,2009-06-24,1.05,,,,,,,
JR구좌3,2009-06-25,1.01,,,,,,,
JR구좌3,2009-06-26,0.98,,,,,,,
JR구좌3,2009-06-27,0.98,,,,,,,
JR구좌3,2009-06-28,0.97,,,,,,,
JR구좌3,2009-06-29,0.98,,,,,,,
JR구좌3,2009-06-30,0.99,,,,,,,
JR구좌3,2009-07-01,1.01,,,,,,,
JR구좌3,2009-07-02,1.02,,,,,,,
JR구좌3,2009-07-03,1.01,,,,,,,
JR구좌3,2009-07-04,1.0,,,,,,,
JR구좌3,2009-07-05,1.0,,,,,,,
JR구좌3,2009-07-06,0.99,,,,,,,
JR구좌3,2009-07-07,0.99,,,,,,,
JR구좌3,2009-07-08,1.04,,,,,,,
JR구좌3,2009-07-09,1.14,,,,,,,
JR구좌3,2009-07-10,1.18,,,,,,,
JR구좌3,2009-07-11,1.19,,,,,,,
JR구좌3,2009-07-12,1.18,,,,,,,
JR구좌3,2009-07-13,1.16,,,,,,,
JR구좌3,2009-07-14,1.14,,,,,,,
JR구좌3,2009-07-15,1.16,,,,,,,
JR구좌3,2009-07-16,1.4,,,,,,,
JR구좌3,2009-07-17,1.53,,,,,,,
JR구좌3,2009-07-18,1.52,,,,,,,
JR구좌3,2009-07-19,1.48,,,,,,,
JR구좌3,2009-07-20,1.44,,,,,,,
JR구좌3,2009-07-21,1.41,,,,,,,
JR구좌3,2009-07-22,1.4,,,,,,,
JR구좌3,2009-07-23,1.38,,,,,,,
JR구좌3,2009-07-24,1.37,,,,,,,
JR구좌3,2009-07-25,1.38,,,,,,,
JR구좌3,2009-08-24,1.34,,,,,,,
JR구좌3,2009-08-25,1.29,,,,,,,
JR구좌3,2009-08-26,1.23,,,,,,,
JR구좌3,2009-08-27,1.21,,,,,,,
JR구좌3,2009-08-28,1.2,,,,,,,
JR구좌3,2009-08-29,1.19,,,,,,,
JR구좌3,2009-08-30,1.17,,,,,,,
JR구좌3,2009-08-31,1.14,,,,,,,
JR구좌3,2009-09-01,1.14,,,,,,,
JR구좌3,2009-09-02,1.14,,,,,,,
JR구좌3,2009-09-03,1.13,,,,,,,
JR구좌3,2009-09-04,1.13,,,,,,,
JR구좌3,2009-09-05,1.15,,,,,,,
JR구좌3,2009-09-06,1.17,,,,,,,
JR구좌3,2009-09-07,1.19,,,,,,,
JR구좌3,2009-09-08,1.2,,,,,,,
JR구좌3,2009-09-09,1.19,,,,,,,
JR구좌3,2009-09-10,1.15,,,,,,,
JR구좌3,2009-09-11,1.14,,,,,,,
JR구좌3,2009-09-12,1.14,,,,,,,
JR구좌3,2009-09-13,1.13,,,,,,,
JR구좌3,2009-09-14,1.12,,,,,,,
JR구좌3,2009-09-15,1.11,,,,,,,
JR구좌3,2009-09-16,1.09,,,,,,,
JR구좌3,2009-09-17,1.08,,,,,,,
JR구좌3,2009-09-18,1.08,,,,,,,
JR구좌3,2009-09-19,1.09,,,,,,,
JR구좌3,2009-09-20,1.11,,,,,,,
JR구좌3,2009-09-21,1.1,,,,,,,
JR구좌3,2009-09-22,1.09,,,,,,,
JR구좌3,2009-09-23,1.1,,,,,,,
JR구좌3,2009-09-24,1.09,,,,,,,
JR구좌3,2009-09-25,1.08,,,,,,,
JR구좌3,2009-09-26,1.09,,,,,,,
JR구좌3,2009-09-27,1.13,,,,,,,
JR구좌3,2009-09-28,1.21,,,,,,,
JR구좌3,2009-09-29,1.26,,,,,,,
JR구좌3,2009-09-30,1.29,,,,,,,
JR구좌3,2009-10-01,1.38,,,,,,,
JR구좌3,2009-10-02,1.53,,,,,,,
JR구좌3,2009-10-03,1.76,,,,,,,
JR구좌3,2009-10-04,1.81,,,,,,,
JR구좌3,2009-10-05,1.77,,,,,,,
JR구좌3,2009-10-06,1.72,,,,,,,
JR구좌3,2009-10-07,1.72,,,,,,,
JR구좌3,2009-10-08,1.75,,,,,,,
JR구좌3,2009-10-09,1.69,,,,,,,
JR구좌3,2009-10-10,1.64,,,,,,,
JR구좌3,2009-10-11,1.59,,,,,,,
JR구좌3,2009-10-12,1.55,,,,,,,
JR구좌3,2009-10-13,1.5,,,,,,,
JR구좌3,2009-10-14,1.47,,,,,,,
JR구좌3,2009-10-15,1.45,,,,,,,
JR구좌3,2009-10-16,1.43,,,,,,,
JR구좌3,2009-10-17,1.45,,,,,,,
JR구좌3,2009-10-18,1.45,,,,,,,
JR구좌3,2009-10-19,1.45,,,,,,,
JR구좌3,2009-10-20,1.39,,,,,,,
JR구좌3,2009-10-21,1.34,,,,,,,
JR구좌3,2009-10-22,1.3,,,,,,,
JR구좌3,2009-10-23,1.26,,,,,,,
JR구좌3,2009-10-24,1.26,,,,,,,
JR구좌3,2009-10-25,1.27,,,,,,,
JR구좌3,2009-10-26,1.26,,,,,,,
JR구좌3,2009-10-27,1.23,,,,,,,
JR구좌3,2009-10-28,1.22,,,,,,,
JR구좌3,2009-10-29,1.22,,,,,,,
JR구좌3,2009-10-30,1.19,,,,,,,
JR구좌3,2009-10-31,1.18,,,,,,,
JR구좌3,2009-11-01,1.18,,,,,,,
JR구좌3,2009-11-02,1.14,,,,,,,
JR구좌3,2009-11-03,1.07,,,,,,,
JR구좌3,2009-11-04,1.03,,,,,,,
JR구좌3,2009-11-05,1.04,,,,,,,
JR구좌3,2009-11-06,1.08,,,,,,,
JR구좌3,2009-11-07,1.11,,,,,,,
JR구좌3,2009-11-08,1.14,,,,,,,
JR구좌3,2009-11-09,1.16,,,,,,,
JR구좌3,2009-11-10,1.21,,,,,,,
JR구좌3,2009-11-11,1.27,,,,,,,
JR구좌3,2009-11-12,1.28,,,,,,,
JR구좌3,2009-11-13,1.22,,,,,,,
JR구좌3,2009-11-14,1.17,,,,,,,
JR구좌3,2009-11-15,1.14,,,,,,,
JR구좌3,2009-11-16,1.14,,,,,,,
JR구좌3,2009-11-17,1.12,,,,,,,
JR구좌3,2009-11-18,1.07,,,,,,,
JR구좌3,2009-11-19,1.04,,,,,,,
JR구좌3,2009-11-20,1.02,,,,,,,
JR구좌3,2009-11-21,0.99,,,,,,,
JR구좌3,2009-11-22,0.99,,,,,,,
JR구좌3,2009-11-23,1.0,,,,,,,
JR구좌3,2009-11-24,1.02,,,,,,,
JR구좌3,2009-11-25,1.06,,,,,,,
JR구좌3,2009-11-26,1.07,,,,,,,
JR구좌3,2009-11-27,1.07,,,,,,,
JR구좌3,2009-11-28,1.07,,,,,,,
JR구좌3,2009-11-29,1.08,,,,,,,
JR구좌3,2009-11-30,1.07,,,,,,,
JR구좌3,2009-12-01,1.07,,,,,,,
JR구좌3,2009-12-02,1.08,,,,,,,
JR구좌3,2009-12-03,1.1,,,,,,,
JR구좌3,2009-12-04,1.1,,,,,,,
JR구좌3,2009-12-05,1.13,,,,,,,
JR구좌3,2009-12-06,1.08,,,,,,,
JR구좌3,2009-12-07,1.06,,,,,,,
JR구좌3,2009-12-08,1.05,,,,,,,
JR구좌3,2009-12-09,1.04,,,,,,,
JR구좌3,2009-12-10,1.06,,,,,,,
JR구좌3,2009-12-11,1.06,,,,,,,
JR구좌3,2009-12-12,1.04,,,,,,,
JR구좌3,2009-12-13,1.03,,,,,,,
JR구좌3,2009-12-14,1.01,,,,,,,
JR구좌3,2009-12-15,0.98,,,,,,,
JR구좌3,2009-12-16,0.96,,,,,,,
JR구좌3,2009-12-17,0.96,,,,,,,
JR구좌3,2009-12-18,0.94,,,,,,,
JR구좌3,2009-12-19,0.9,,,,,,,
JR구좌3,2009-12-20,0.9,,,,,,,
JR구좌3,2009-12-21,0.88,,,,,,,
JR구좌3,2009-12-22,0.89,,,,,,,
JR구좌3,2009-12-23,0.9,,,,,,,
JR구좌3,2009-12-24,0.9,,,,,,,
JR구좌3,2009-12-25,0.92,,,,,,,
JR구좌3,2009-12-26,0.89,,,,,,,
JR구좌3,2009-12-27,0.89,,,,,,,
JR구좌3,2009-12-28,0.89,,,,,,,
JR구좌3,2009-12-29,0.91,,,,,,,
JR구좌3,2009-12-30,0.92,,,,,,,
JR구좌3,2009-12-31,0.88,,,,,,,
JR구좌3,2010-01-01,0.86,,,,,,,
JR구좌3,2010-01-02,0.88,,,,,,,
JR구좌3,2010-01-03,0.89,,,,,,,
JR구좌3,2010-01-04,0.91,,,,,,,
JR구좌3,2010-01-05,0.87,,,,,,,
JR구좌3,2010-01-06,0.83,,,,,,,
JR구좌3,2010-01-07,0.82,,,,,,,
JR구좌3,2010-01-08,0.82,,,,,,,
JR구좌3,2010-01-12,0.96,,,,,,,
JR구좌3,2010-01-13,0.94,,,,,,,
JR구좌3,2010-01-14,0.95,,,,,,,
JR구좌3,2010-01-15,0.99,,,,,,,
JR구좌3,2010-01-16,0.98,,,,,,,
JR구좌3,2010-01-17,0.96,,,,,,,
JR구좌3,2010-01-18,0.96,,,,,,,
JR구좌3,2010-01-19,0.96,,,,,,,
JR구좌3,2010-01-20,0.98,,,,,,,
JR구좌3,2010-01-21,0.97,,,,,,,
JR구좌3,2010-01-22,0.93,,,,,,,
JR구좌3,2010-01-23,0.91,,,,,,,
JR구좌3,2010-01-24,0.93,,,,,,,
JR구좌3,2010-01-25,0.96,,,,,,,
JR구좌3,2010-01-26,0.94,,,,,,,
JR구좌3,2010-01-27,0.95,,,,,,,
JR구좌3,2010-01-28,0.97,,,,,,,
JR구좌3,2010-01-29,0.98,,,,,,,
JR구좌3,2010-01-30,0.99,,,,,,,
JR구좌3,2010-01-31,1.04,,,,,,,
JR구좌3,2010-02-01,1.07,,,,,,,
JR구좌3,2010-02-02,1.06,,,,,,,
JR구좌3,2010-02-03,1.04,,,,,,,
JR구좌3,2010-02-04,1.02,,,,,,,
JR구좌3,2010-02-05,1.01,,,,,,,
JR구좌3,2010-02-06,0.99,,,,,,,
JR구좌3,2010-02-07,1.02,,,,,,,
JR구좌3,2010-02-08,1.07,,,,,,,
JR구좌3,2010-02-09,1.09,,,,,,,
JR구좌3,2010-02-10,1.13,,,,,,,
JR구좌3,2010-02-11,1.16,,,,,,,
JR구좌3,2010-02-12,1.14,,,,,,,
JR구좌3,2010-02-13,1.09,,,,,,,
JR구좌3,2010-02-14,1.08,,,,,,,
JR구좌3,2010-02-15,1.1,,,,,,,
JR구좌3,2010-02-16,1.08,,,,,,,
JR구좌3,2010-02-17,1.07,,,,,,,
JR구좌3,2010-02-18,1.06,,,,,,,
JR구좌3,2010-02-19,1.05,,,,,,,
JR구좌3,2010-02-20,1.06,,,,,,,
JR구좌3,2010-02-21,1.09,,,,,,,
JR구좌3,2010-02-22,1.12,,,,,,,
JR구좌3,2010-02-23,1.14,,,,,,,
JR구좌3,2010-02-24,1.16,,,,,,,
JR구좌3,2010-02-25,1.21,,,,,,,
JR구좌3,2010-02-26,1.23,,,,,,,
JR구좌3,2010-02-27,1.26,,,,,,,
JR구좌3,2010-02-28,1.23,,,,,,,
JR구좌3,2010-03-01,1.22,,,,,,,
JR구좌3,2010-03-02,1.24,,,,,,,
JR구좌3,2010-03-03,1.22,,,,,,,
JR구좌3,2010-03-04,1.25,,,,,,,
JR구좌3,2010-03-05,1.25,,,,,,,
JR구좌3,2010-03-06,1.25,,,,,,,
JR구좌3,2010-03-07,1.31,,,,,,,
JR구좌3,2010-03-08,1.34,,,,,,,
JR구좌3,2010-03-09,1.34,,,,,,,
JR구좌3,2010-03-10,1.26,,,,,,,
JR구좌3,2010-03-11,1.22,,,,,,,
JR구좌3,2010-03-12,1.26,,,,,,,
JR구좌3,2010-03-13,1.24,,,,,,,
JR구좌3,2010-03-14,1.21,,,,,,,
JR구좌3,2010-03-15,1.24,,,,,,,
JR구좌3,2010-03-16,1.14,,,,,,,
JR구좌3,2010-03-17,0.98,,,,,,,
JR구좌3,2010-03-18,1.0,,,,,,,
JR구좌3,2010-03-19,0.98,,,,,,,
JR구좌3,2010-03-20,1.04,,,,,,,
JR구좌3,2010-03-21,1.03,,,,,,,
JR구좌3,2010-03-22,1.04,,,,,,,
JR구좌3,2010-03-23,1.06,,,,,,,
JR구좌3,2010-03-24,1.09,,,,,,,
JR구좌3,2010-03-25,1.09,,,,,,,
JR구좌3,2010-03-26,1.01,,,,,,,
JR구좌3,2010-03-27,0.98,,,,,,,
JR구좌3,2010-03-28,0.97,,,,,,,
JR구좌3,2010-03-31,0.96,,,,,,,
JR구좌3,2010-04-01,1.0,,,,,,,
JR구좌3,2010-04-02,1.04,,,,,,,
JR구좌3,2010-04-03,1.06,,,,,,,
JR구좌3,2010-04-04,1.07,,,,,,,
JR구좌3,2010-04-05,1.1,,,,,,,
JR구좌3,2010-04-06,1.12,,,,,,,
JR구좌3,2010-04-07,1.1,,,,,,,
JR구좌3,2010-04-08,1.09,,,,,,,
JR구좌3,2010-04-09,1.08,,,,,,,
JR구좌3,2010-04-10,1.09,,,,,,,
JR구좌3,2010-04-11,1.12,,,,,,,
JR구좌3,2010-04-12,1.17,,,,,,,
JR구좌3,2010-04-13,1.17,,,,,,,
JR구좌3,2010-04-14,1.08,,,,,,,
JR구좌3,2010-04-15,1.05,,,,,,,
JR구좌3,2010-04-16,1.07,,,,,,,
JR구좌3,2010-04-17,1.06,,,,,,,
JR구좌3,2010-04-18,1.05,,,,,,,
JR구좌3,2010-04-19,1.08,,,,,,,
JR구좌3,2010-04-20,1.15,,,,,,,
JR구좌3,2010-04-21,1.2,,,,,,,
JR구좌3,2010-04-22,1.29,,,,,,,
JR구좌3,2010-04-23,1.31,,,,,,,
JR구좌3,2010-04-24,1.27,,,,,,,
JR구좌3,2010-04-25,1.24,,,,,,,
JR구좌3,2010-04-26,1.24,,,,,,,
JR구좌3,2010-04-27,1.29,,,,,,,
JR구좌3,2010-04-28,1.3,,,,,,,
JR구좌3,2010-04-29,1.29,,,,,,,
JR구좌3,2010-04-30,1.27,,,,,,,
JR구좌3,2010-05-01,1.25,,,,,,,
JR구좌3,2010-05-02,1.24,,,,,,,
JR구좌3,2010-05-03,1.23,,,,,,,
JR구좌3,2010-05-04,1.22,,,,,,,
JR구좌3,2010-05-05,1.23,,,,,,,
JR구좌3,2010-05-06,1.27,,,,,,,
JR구좌3,2010-05-07,1.26,,,,,,,
JR구좌3,2010-05-08,1.24,,,,,,,
JR구좌3,2010-05-09,1.25,,,,,,,
JR구좌3,2010-05-10,1.25,,,,,,,
JR구좌3,2010-05-11,1.24,,,,,,,
JR구좌3,2010-05-12,1.21,,,,,,,
JR구좌3,2010-05-13,1.19,,,,,,,
JR구좌3,2010-05-14,1.18,,,,,,,
JR구좌3,2010-05-15,1.17,,,,,,,
JR구좌3,2010-05-16,1.16,,,,,,,
JR구좌3,2010-05-17,1.14,,,,,,,
JR구좌3,2010-05-18,1.17,,,,,,,
JR구좌3,2010-05-19,1.2,,,,,,,
JR구좌3,2010-05-20,1.19,,,,,,,
JR구좌3,2010-05-21,1.16,,,,,,,
JR구좌3,2010-05-22,1.17,,,,,,,
JR구좌3,2010-05-23,1.22,,,,,,,
JR구좌3,2010-05-24,1.23,,,,,,,
JR구좌3,2010-05-25,1.22,,,,,,,
JR구좌3,2010-05-26,1.22,,,,,,,
JR구좌3,2010-05-27,1.21,,,,,,,
JR구좌3,2010-05-28,1.18,,,,,,,
JR구좌3,2010-05-29,1.16,,,,,,,
JR구좌3,2010-05-30,1.16,,,,,,,
JR구좌3,2010-05-31,1.17,,,,,,,
JR구좌3,2010-06-01,1.15,,,,,,,
JR구좌3,2010-06-02,1.12,,,,,,,
JR구좌3,2010-06-03,1.1,,,,,,,
JR구좌3,2010-06-04,1.09,,,,,,,
JR구좌3,2010-06-05,1.08,,,,,,,
JR구좌3,2010-06-06,1.09,,,,,,,
JR구좌3,2010-06-07,1.09,,,,,,,
JR구좌3,2010-06-08,1.09,,,,,,,
JR구좌3,2010-06-09,1.08,,,,,,,
JR구좌3,2010-06-10,1.08,,,,,,,
JR구좌3,2010-06-11,1.09,,,,,,,
JR구좌3,2010-06-12,1.12,,,,,,,
JR구좌3,2010-06-13,1.15,,,,,,,
JR구좌3,2010-06-14,1.16,,,,,,,
JR구좌3,2010-06-15,1.17,,,,,,,
JR구좌3,2010-06-16,1.17,,,,,,,
JR구좌3,2010-06-17,1.16,,,,,,,
JR구좌3,2010-06-18,1.17,,,,,,,
JR구좌3,2010-06-19,1.16,,,,,,,
JR구좌3,2010-06-20,1.13,,,,,,,
JR구좌3,2010-06-21,1.11,,,,,,,
JR구좌3,2010-06-22,1.1,,,,,,,
JR구좌3,2010-06-23,1.09,,,,,,,
JR구좌3,2010-06-24,1.09,,,,,,,
JR구좌3,2010-06-25,1.09,,,,,,,
JR구좌3,2010-06-26,1.12,,,,,,,
JR구좌3,2010-06-27,1.12,,,,,,,
JR구좌3,2010-06-28,1.18,,,,,,,
JR구좌3,2010-06-29,1.34,,,,,,,
JR구좌3,2010-06-30,1.41,,,,,,,
JR구좌3,2010-07-01,1.43,,,,,,,
JR구좌3,2010-07-02,1.44,,,,,,,
JR구좌3,2010-07-03,1.45,,,,,,,
JR구좌3,2010-07-04,1.45,,,,,,,
JR구좌3,2010-07-05,1.44,,,,,,,
JR구좌3,2010-07-06,1.42,,,,,,,
JR구좌3,2010-07-07,1.39,,,,,,,
JR구좌3,2010-07-08,1.36,,,,,,,
JR구좌3,2010-07-09,1.33,,,,,,,
JR구좌3,2010-07-10,1.31,,,,,,,
JR구좌3,2010-07-11,1.34,,,,,,,
JR구좌3,2010-07-12,1.35,,,,,,,
JR구좌3,2010-07-13,1.38,,,,,,,
JR구좌3,2010-07-14,1.56,,,,,,,
JR구좌3,2010-07-15,1.73,,,,,,,
JR구좌3,2010-07-16,1.76,,,,,,,
JR구좌3,2010-07-17,1.73,,,,,,,
JR구좌3,2010-07-18,1.67,,,,,,,
JR구좌3,2010-07-19,1.62,,,,,,,
JR구좌3,2010-07-20,1.6,,,,,,,
JR구좌3,2010-07-21,1.6,,,,,,,
JR구좌3,2010-07-22,1.58,,,,,,,
JR구좌3,2010-07-23,1.55,,,,,,,
JR구좌3,2010-07-24,1.52,,,,,,,
JR구좌3,2010-07-25,1.5,,,,,,,
JR구좌3,2010-07-26,1.48,,,,,,,
JR구좌3,2010-07-27,1.46,,,,,,,
JR구좌3,2010-07-28,1.49,,,,,,,
JR구좌3,2010-07-29,1.54,,,,,,,
JR구좌3,2010-07-30,1.57,,,,,,,
JR구좌3,2010-07-31,1.55,,,,,,,
JR구좌3,2010-08-01,1.51,,,,,,,
JR구좌3,2010-08-02,1.48,,,,,,,
JR구좌3,2010-08-03,1.47,,,,,,,
JR구좌3,2010-08-04,1.45,,,,,,,
JR구좌3,2010-08-05,1.42,,,,,,,
JR구좌3,2010-08-06,1.39,,,,,,,
JR구좌3,2010-08-07,1.35,,,,,,,
JR구좌3,2010-08-08,1.34,,,,,,,
JR구좌3,2010-08-09,1.35,,,,,,,
JR구좌3,2010-08-10,1.39,,,,,,,
JR구좌3,2010-08-11,1.45,,,,,,,
JR구좌3,2010-08-12,1.51,,,,,,,
JR구좌3,2010-08-13,1.54,,,,,,,
JR구좌3,2010-08-14,1.53,,,,,,,
JR구좌3,2010-08-15,1.5,,,,,,,
JR구좌3,2010-08-16,1.46,,,,,,,
JR구좌3,2010-08-17,1.44,,,,,,,
JR구좌3,2010-08-18,1.41,,,,,,,
JR구좌3,2010-08-19,1.38,,,,,,,
JR구좌3,2010-08-20,1.35,,,,,,,
JR구좌3,2010-08-21,1.31,,,,,,,
JR구좌3,2010-08-22,1.29,,,,,,,
JR구좌3,2010-08-23,1.31,,,,,,,
JR구좌3,2010-08-24,1.32,,,,,,,
JR구좌3,2010-08-25,1.32,,,,,,,
JR구좌3,2010-08-26,1.33,,,,,,,
JR구좌3,2010-08-27,1.34,,,,,,,
JR구좌3,2010-08-28,1.55,,,,,,,
JR구좌3,2010-08-29,2.11,,,,,,,
JR구좌3,2010-08-30,2.3,,,,,,,
JR구좌3,2010-08-31,2.28,,,,,,,
JR구좌3,2010-09-01,2.22,,,,,,,
JR구좌3,2010-09-02,2.2,,,,,,,
JR구좌3,2010-09-03,2.24,,,,,,,
JR구좌3,2010-09-04,2.25,,,,,,,
JR구좌3,2010-09-05,2.23,,,,,,,
JR구좌3,2010-09-06,2.24,,,,,,,
JR구좌3,2010-09-07,2.28,,,,,,,
JR구좌3,2010-09-08,2.27,,,,,,,
JR구좌3,2010-09-09,2.2,,,,,,,
JR구좌3,2010-09-10,2.13,,,,,,,
JR구좌3,2010-09-11,2.09,,,,,,,
JR구좌3,2010-09-12,2.05,,,,,,,
JR구좌3,2010-09-13,2.0,,,,,,,
JR구좌3,2010-09-14,1.95,,,,,,,
JR구좌3,2010-09-15,1.9,,,,,,,
JR구좌3,2010-09-16,1.85,,,,,,,
JR구좌3,2010-09-17,1.81,,,,,,,
JR구좌3,2010-09-18,1.77,,,,,,,
JR구좌3,2010-09-19,1.74,,,,,,,
JR구좌3,2010-09-20,1.71,,,,,,,
JR구좌3,2010-09-21,1.66,,,,,,,
JR구좌3,2010-09-22,1.63,,,,,,,
JR구좌3,2010-09-23,1.6,,,,,,,
JR구좌3,2010-09-24,1.57,,,,,,,
JR구좌3,2010-09-25,1.56,,,,,,,
JR구좌3,2010-09-26,1.54,,,,,,,
JR구좌3,2010-09-27,1.53,,,,,,,
JR구좌3,2010-09-28,1.52,,,,,,,
JR구좌3,2010-09-29,1.5,,,,,,,
JR구좌3,2010-09-30,1.46,,,,,,,
JR구좌3,2010-10-01,1.43,,,,,,,
JR구좌3,2010-10-02,1.44,,,,,,,
JR구좌3,2010-10-03,1.44,,,,,,,
JR구좌3,2010-10-04,1.43,,,,,,,
JR구좌3,2010-10-05,1.42,,,,,,,
JR구좌3,2010-10-06,1.41,,,,,,,
JR구좌3,2010-10-07,1.4,,,,,,,
JR구좌3,2010-10-08,1.4,,,,,,,
JR구좌3,2010-10-09,1.43,,,,,,,
JR구좌3,2010-10-10,1.45,,,,,,,
JR구좌3,2010-10-11,1.45,,,,,,,
JR구좌3,2010-10-12,1.44,,,,,,,
JR구좌3,2010-10-13,1.42,,,,,,,
JR구좌3,2010-10-14,1.41,,,,,,,
JR구좌3,2010-10-15,1.39,,,,,,,
JR구좌3,2010-10-16,1.36,,,,,,,
JR구좌3,2010-10-17,1.33,,,,,,,
JR구좌3,2010-10-18,1.3,,,,,,,
JR구좌3,2010-10-19,1.29,,,,,,,
JR구좌3,2010-10-20,1.28,,,,,,,
JR구좌3,2010-10-21,1.29,,,,,,,
JR구좌3,2010-10-22,1.31,,,,,,,
JR구좌3,2010-10-23,1.33,,,,,,,
JR구좌3,2010-10-24,1.33,,,,,,,
JR구좌3,2010-10-25,1.34,,,,,,,
JR구좌3,2010-10-26,1.3,,,,,,,
JR구좌3,2010-10-27,1.28,,,,,,,
JR구좌3,2010-10-28,1.25,,,,,,,
JR구좌3,2010-10-29,1.21,,,,,,,
JR구좌3,2010-10-30,1.23,,,,,,,
JR구좌3,2010-10-31,1.22,,,,,,,
JR구좌3,2010-11-01,1.2,,,,,,,
JR구좌3,2010-11-02,1.19,,,,,,,
JR구좌3,2010-11-03,1.19,,,,,,,
JR구좌3,2010-11-04,1.2,,,,,,,
JR구좌3,2010-11-05,1.19,,,,,,,
JR구좌3,2010-11-06,1.18,,,,,,,
JR구좌3,2010-11-07,1.19,,,,,,,
JR구좌3,2010-11-08,1.2,,,,,,,
JR구좌3,2010-11-09,1.18,,,,,,,
JR구좌3,2010-11-10,1.18,,,,,,,
JR구좌3,2010-11-11,1.19,,,,,,,
JR구좌3,2010-11-12,1.16,,,,,,,
JR구좌3,2010-11-13,1.15,,,,,,,
JR구좌3,2010-11-14,1.15,,,,,,,
JR구좌3,2010-11-15,1.08,,,,,,,
JR구좌3,2010-11-16,1.05,,,,,,,
JR구좌3,2010-11-17,1.06,,,,,,,
JR구좌3,2010-11-18,1.07,,,,,,,
JR구좌3,2010-11-19,1.08,,,,,,,
JR구좌3,2010-11-20,1.11,,,,,,,
JR구좌3,2010-11-21,1.13,,,,,,,
JR구좌3,2010-11-22,1.16,,,,,,,
JR구좌3,2010-11-23,1.16,,,,,,,
JR구좌3,2010-11-24,1.18,,,,,,,
JR구좌3,2010-11-25,1.16,,,,,,,
JR구좌3,2010-11-26,1.12,,,,,,,
JR구좌3,2010-11-27,1.13,,,,,,,
JR구좌3,2010-11-28,1.09,,,,,,,
JR구좌3,2010-11-29,1.06,,,,,,,
JR구좌3,2010-11-30,1.05,,,,,,,
JR구좌3,2010-12-01,1.06,,,,,,,
JR구좌3,2010-12-02,1.09,,,,,,,
JR구좌3,2010-12-03,1.09,,,,,,,
JR구좌3,2010-12-04,1.03,,,,,,,
JR구좌3,2010-12-05,1.05,,,,,,,
JR구좌3,2010-12-06,1.05,,,,,,,
JR구좌3,2010-12-07,1.02,,,,,,,
JR구좌3,2010-12-08,1.03,,,,,,,
JR구좌3,2010-12-09,1.03,,,,,,,
JR구좌3,2010-12-10,1.04,,,,,,,
JR구좌3,2010-12-11,1.04,,,,,,,
JR구좌3,2010-12-12,1.01,,,,,,,
JR구좌3,2010-12-13,1.04,,,,,,,
JR구좌3,2010-12-14,1.02,,,,,,,
JR구좌3,2010-12-15,0.95,,,,,,,
JR구좌3,2010-12-16,0.92,,,,,,,
JR구좌3,2010-12-17,0.94,,,,,,,
JR구좌3,2010-12-18,0.96,,,,,,,
JR구좌3,2010-12-19,0.98,,,,,,,
JR구좌3,2010-12-20,0.96,,,,,,,
JR구좌3,2010-12-21,0.97,,,,,,,
JR구좌3,2010-12-22,0.99,,,,,,,
JR구좌3,2010-12-23,0.99,,,,,,,
JR구좌3,2010-12-24,0.96,,,,,,,
JR구좌3,2010-12-25,0.9,,,,,,,
JR구좌3,2010-12-26,0.87,,,,,,,
JR구좌3,2010-12-27,0.87,,,,,,,
JR구좌3,2010-12-28,0.91,,,,,,,
JR구좌3,2010-12-29,0.88,,,,,,,
JR구좌3,2010-12-30,0.88,,,,,,,
JR구좌3,2010-12-31,0.84,,,,,,,
JR구좌3,2011-01-01,0.83,,,,,,,
JR구좌3,2011-01-02,0.86,,,,,,,
JR구좌3,2011-01-03,0.88,,,,,,,
JR구좌3,2011-01-04,0.86,,,,,,,
JR구좌3,2011-01-05,0.87,,,,,,,
JR구좌3,2011-01-06,0.87,,,,,,,
JR구좌3,2011-01-07,0.87,,,,,,,
JR구좌3,2011-01-08,0.87,,,,,,,
JR구좌3,2011-01-09,0.87,,,,,,,
JR구좌3,2011-01-10,0.85,,,,,,,
JR구좌3,2011-01-11,0.84,,,,,,,
JR구좌3,2011-01-12,0.84,,,,,,,
JR구좌3,2011-01-13,0.84,,,,,,,
JR구좌3,2011-01-14,0.84,,,,,,,
JR구좌3,2011-01-15,0.83,,,,,,,
JR구좌3,2011-01-16,0.77,,,,,,,
JR구좌3,2011-01-17,0.75,,,,,,,
JR구좌3,2011-01-18,0.78,,,,,,,
JR구좌3,2011-01-19,0.79,,,,,,,
JR구좌3,2011-01-20,0.78,,,,,,,
JR구좌3,2011-01-27,0.78,,,,,,,
JR구좌3,2011-01-28,0.77,,,,,,,
JR구좌3,2011-01-29,0.76,,,,,,,
JR구좌3,2011-01-30,0.75,,,,,,,
JR구좌3,2011-01-31,0.73,,,,,,,
JR구좌3,2011-02-01,0.77,,,,,,,
JR구좌3,2011-02-02,0.83,,,,,,,
JR구좌3,2011-02-03,0.86,,,,,,,
JR구좌3,2011-02-04,0.89,,,,,,,
JR구좌3,2011-02-05,0.91,,,,,,,
JR구좌3,2011-02-06,0.95,,,,,,,
JR구좌3,2011-02-07,0.96,,,,,,,
JR구좌3,2011-02-08,1.01,,,,,,,
JR구좌3,2011-02-09,0.96,,,,,,,
JR구좌3,2011-02-10,0.89,,,,,,,
JR구좌3,2011-02-11,0.88,,,,,,,
JR구좌3,2011-02-12,0.84,,,,,,,
JR구좌3,2011-02-13,0.83,,,,,,,
JR구좌3,2011-02-14,0.85,,,,,,,
JR구좌3,2011-02-15,0.85,,,,,,,
JR구좌3,2011-02-16,0.84,,,,,,,
JR구좌3,2011-02-17,0.87,,,,,,,
JR구좌3,2011-02-18,0.88,,,,,,,
JR구좌3,2011-02-19,0.9,,,,,,,
JR구좌3,2011-02-20,0.9,,,,,,,
JR구좌3,2011-02-21,0.91,,,,,,,
JR구좌3,2011-02-22,0.91,,,,,,,
JR구좌3,2011-02-23,0.9,,,,,,,
JR구좌3,2011-02-24,0.9,,,,,,,
JR구좌3,2011-02-25,0.91,,,,,,,
JR구좌3,2011-02-26,0.92,,,,,,,
JR구좌3,2011-02-27,0.94,,,,,,,
JR구좌3,2011-02-28,0.96,,,,,,,
JR구좌3,2011-03-01,0.96,,,,,,,
JR구좌3,2011-03-02,0.91,,,,,,,
JR구좌3,2011-03-03,0.9,,,,,,,
JR구좌3,2011-03-04,0.89,,,,,,,
JR구좌3,2011-03-05,0.88,,,,,,,
JR구좌3,2011-03-06,0.89,,,,,,,
JR구좌3,2011-03-07,0.92,,,,,,,
JR구좌3,2011-03-08,0.91,,,,,,,
JR구좌3,2011-03-09,0.89,,,,,,,
JR구좌3,2011-03-10,0.87,,,,,,,
JR구좌3,2011-03-11,0.86,,,,,,,
JR구좌3,2011-03-12,0.89,,,,,,,
JR구좌3,2011-03-13,0.92,,,,,,,
JR구좌3,2011-03-14,0.94,,,,,,,
JR구좌3,2011-03-15,0.92,,,,,,,
JR구좌3,2011-03-16,0.87,,,,,,,
JR구좌3,2011-03-17,0.86,,,,,,,
JR구좌3,2011-03-18,0.86,,,,,,,
JR구좌3,2011-03-19,0.87,,,,,,,
JR구좌3,2011-03-20,0.9,,,,,,,
JR구좌3,2011-03-21,0.93,,,,,,,
JR구좌3,2011-03-22,0.92,,,,,,,
JR구좌3,2011-03-23,0.89,,,,,,,
JR구좌3,2011-03-24,0.88,,,,,,,
JR구좌3,2011-03-25,0.87,,,,,,,
JR구좌3,2011-03-26,0.85,,,,,,,
JR구좌3,2011-03-27,0.85,,,,,,,
JR구좌3,2011-03-28,0.87,,,,,,,
JR구좌3,2011-03-29,0.86,,,,,,,
JR구좌3,2011-03-30,0.84,,,,,,,
JR구좌3,2011-03-31,0.85,,,,,,,
JR구좌3,2011-04-01,0.86,,,,,,,
JR구좌3,2011-04-02,0.86,,,,,,,
JR구좌3,2011-04-03,0.87,,,,,,,
JR구좌3,2011-04-04,0.89,,,,,,,
JR구좌3,2011-04-05,0.9,,,,,,,
JR구좌3,2011-04-06,0.88,,,,,,,
JR구좌3,2011-04-07,0.88,,,,,,,
JR구좌3,2011-04-08,0.88,,,,,,,
JR구좌3,2011-04-09,0.9,,,,,,,
JR구좌3,2011-04-10,0.89,,,,,,,
JR구좌3,2011-04-11,0.89,,,,,,,
JR구좌3,2011-04-12,0.9,,,,,,,
JR구좌3,2011-04-13,0.89,,,,,,,
JR구좌3,2011-04-14,0.89,,,,,,,
JR구좌3,2011-04-15,0.93,,,,,,,
JR구좌3,2011-04-16,0.97,,,,,,,
JR구좌3,2011-04-17,1.0,,,,,,,
JR구좌3,2011-04-18,1.01,,,,,,,
JR구좌3,2011-04-19,1.0,,,,,,,
JR구좌3,2011-04-20,1.0,,,,,,,
JR구좌3,2011-04-21,0.99,,,,,,,
JR구좌3,2011-04-22,1.01,,,,,,,
JR구좌3,2011-04-23,1.0,,,,,,,
JR구좌3,2011-04-24,1.0,,,,,,,
JR구좌3,2011-04-25,1.0,,,,,,,
JR구좌3,2011-04-26,1.04,,,,,,,
JR구좌3,2011-04-27,0.98,,,,,,,
JR구좌3,2011-04-28,0.9,,,,,,,
JR구좌3,2011-04-29,0.88,,,,,,,
JR구좌3,2011-04-30,0.9,,,,,,,
JR구좌3,2011-05-01,0.89,,,,,,,
JR구좌3,2011-05-02,0.86,,,,,,,
JR구좌3,2011-05-03,0.87,,,,,,,
JR구좌3,2011-05-04,0.87,,,,,,,
JR구좌3,2011-05-05,0.88,,,,,,,
JR구좌3,2011-05-06,0.89,,,,,,,
JR구좌3,2011-05-07,0.9,,,,,,,
JR구좌3,2011-05-08,0.9,,,,,,,
JR구좌3,2011-05-09,0.91,,,,,,,
JR구좌3,2011-05-10,0.92,,,,,,,
JR구좌3,2011-05-11,0.97,,,,,,,
JR구좌3,2011-05-12,0.99,,,,,,,
JR구좌3,2011-05-13,0.95,,,,,,,
JR구좌3,2011-05-14,0.91,,,,,,,
JR구좌3,2011-05-15,0.91,,,,,,,
JR구좌3,2011-05-16,0.9,,,,,,,
JR구좌3,2011-05-17,0.89,,,,,,,
JR구좌3,2011-05-18,0.89,,,,,,,
JR구좌3,2011-05-19,0.91,,,,,,,
JR구좌3,2011-05-20,0.92,,,,,,,
JR구좌3,2011-05-21,0.92,,,,,,,
JR구좌3,2011-05-22,0.93,,,,,,,
JR구좌3,2011-05-23,0.94,,,,,,,
JR구좌3,2011-05-24,0.97,,,,,,,
JR구좌3,2011-05-25,0.95,,,,,,,
JR구좌3,2011-05-26,0.95,,,,,,,
JR구좌3,2011-05-27,0.94,,,,,,,
JR구좌3,2011-05-28,0.94,,,,,,,
JR구좌3,2011-05-29,0.97,,,,,,,
JR구좌3,2011-05-30,0.98,,,,,,,
JR구좌3,2011-05-31,0.98,,,,,,,
JR구좌3,2011-06-01,0.99,,,,,,,
JR구좌3,2011-06-02,0.98,,,,,,,
JR구좌3,2011-06-03,0.97,,,,,,,
JR구좌3,2011-06-04,0.96,,,,,,,
JR구좌3,2011-06-05,0.97,,,,,,,
JR구좌3,2011-06-06,0.99,,,,,,,
JR구좌3,2011-06-07,1.0,,,,,,,
JR구좌3,2011-06-08,1.01,,,,,,,
JR구좌3,2011-06-09,1.0,,,,,,,
JR구좌3,2011-06-10,0.99,,,,,,,
JR구좌3,2011-06-11,1.0,,,,,,,
JR구좌3,2011-06-12,1.01,,,,,,,
JR구좌3,2011-06-13,1.01,,,,,,,
JR구좌3,2011-06-14,1.01,,,,,,,
JR구좌3,2011-06-15,1.02,,,,,,,
JR구좌3,2011-06-16,1.05,,,,,,,
JR구좌3,2011-06-17,1.05,,,,,,,
JR구좌3,2011-06-18,1.04,,,,,,,
JR구좌3,2011-06-19,1.05,,,,,,,
JR구좌3,2011-06-20,1.06,,,,,,,
JR구좌3,2011-06-21,1.04,,,,,,,
JR구좌3,2011-06-22,1.07,,,,,,,
JR구좌3,2011-06-23,1.21,,,,,,,
JR구좌3,2011-06-24,1.28,,,,,,,
JR구좌3,2011-06-25,1.31,,,,,,,
JR구좌3,2011-06-26,1.42,,,,,,,
JR구좌3,2011-06-27,1.55,,,,,,,
JR구좌3,2011-06-28,1.56,,,,,,,
JR구좌3,2011-06-29,1.52,,,,,,,
JR구좌3,2011-06-30,1.49,,,,,,,
JR구좌3,2011-07-01,1.48,,,,,,,
JR구좌3,2011-07-02,1.49,,,,,,,
JR구좌3,2011-07-03,1.5,,,,,,,
JR구좌3,2011-07-04,1.5,,,,,,,
JR구좌3,2011-07-05,1.47,,,,,,,
JR구좌3,2011-07-06,1.46,,,,,,,
JR구좌3,2011-07-07,1.44,,,,,,,
JR구좌3,2011-07-08,1.41,,,,,,,
JR구좌3,2011-07-09,1.37,,,,,,,
JR구좌3,2011-07-10,1.33,,,,,,,
JR구좌3,2011-07-11,1.3,,,,,,,
JR구좌3,2011-07-12,1.28,,,,,,,
JR구좌3,2011-07-13,1.28,,,,,,,
JR구좌3,2011-07-14,1.28,,,,,,,
JR구좌3,2011-07-15,1.28,,,,,,,
JR구좌3,2011-07-16,1.27,,,,,,,
JR구좌3,2011-07-17,1.27,,,,,,,
JR구좌3,2011-07-18,1.29,,,,,,,
JR구좌3,2011-07-19,1.35,,,,,,,
JR구좌3,2011-07-20,1.38,,,,,,,
JR구좌3,2011-07-21,1.36,,,,,,,
JR구좌3,2011-07-22,1.31,,,,,,,
JR구좌3,2011-07-23,1.27,,,,,,,
JR구좌3,2011-07-24,1.23,,,,,,,
JR구좌3,2011-07-25,1.21,,,,,,,
JR구좌3,2011-07-26,1.21,,,,,,,
JR구좌3,2011-07-27,1.21,,,,,,,
JR구좌3,2011-07-28,1.16,,,,,,,
JR구좌3,2011-07-29,1.12,,,,,,,
JR구좌3,2011-07-30,1.13,,,,,,,
JR구좌3,2011-07-31,1.16,,,,,,,
JR구좌3,2011-08-01,1.17,,,,,,,
JR구좌3,2011-08-02,1.16,,,,,,,
JR구좌3,2011-08-03,1.14,,,,,,,
JR구좌3,2011-08-04,1.13,,,,,,,
JR구좌3,2011-08-05,1.13,,,,,,,
JR구좌3,2011-08-06,1.14,,,,,,,
JR구좌3,2011-08-07,1.23,,,,,,,
JR구좌3,2011-08-08,1.46,,,,,,,
JR구좌3,2011-08-09,1.57,,,,,,,
JR구좌3,2011-08-10,1.57,,,,,,,
JR구좌3,2011-08-11,1.53,,,,,,,
JR구좌3,2011-08-12,1.51,,,,,,,
JR구좌3,2011-08-13,1.51,,,,,,,
JR구좌3,2011-08-14,1.5,,,,,,,
JR구좌3,2011-08-15,1.47,,,,,,,
JR구좌3,2011-08-16,1.44,,,,,,,
JR구좌3,2011-08-17,1.42,,,,,,,
JR구좌3,2011-08-18,1.4,,,,,,,
JR구좌3,2011-08-19,1.37,,,,,,,
JR구좌3,2011-08-20,1.33,,,,,,,
JR구좌3,2011-08-21,1.31,,,,,,,
JR구좌3,2011-08-22,1.29,,,,,,,
JR구좌3,2011-08-23,1.32,,,,,,,
JR구좌3,2011-08-24,1.42,,,,,,,
JR구좌3,2011-08-25,1.47,,,,,,,
JR구좌3,2011-08-26,1.53,,,,,,,
JR구좌3,2011-08-27,1.53,,,,,,,
JR구좌3,2011-08-28,1.52,,,,,,,
JR구좌3,2011-08-29,1.52,,,,,,,
JR구좌3,2011-08-30,1.52,,,,,,,
JR구좌3,2011-08-31,1.53,,,,,,,
JR구좌3,2011-09-01,1.53,,,,,,,
JR구좌3,2011-09-02,1.55,,,,,,,
JR구좌3,2011-09-03,1.56,,,,,,,
JR구좌3,2011-09-04,1.55,,,,,,,
JR구좌3,2011-09-05,1.51,,,,,,,
JR구좌3,2011-09-06,1.47,,,,,,,
JR구좌3,2011-09-07,1.44,,,,,,,
JR구좌3,2011-09-08,1.42,,,,,,,
JR구좌3,2011-09-09,1.39,,,,,,,
JR구좌3,2011-09-10,1.36,,,,,,,
JR구좌3,2011-09-11,1.36,,,,,,,
JR구좌3,2011-09-12,1.52,,,,,,,
JR구좌3,2011-09-13,1.65,,,,,,,
JR구좌3,2011-09-14,1.71,,,,,,,
JR구좌3,2011-09-15,1.73,,,,,,,
JR구좌3,2011-09-16,1.73,,,,,,,
JR구좌3,2011-09-17,1.74,,,,,,,
JR구좌3,2011-09-18,1.74,,,,,,,
JR구좌3,2011-09-19,1.73,,,,,,,
JR구좌3,2011-09-20,1.71,,,,,,,
JR구좌3,2011-09-21,1.68,,,,,,,
JR구좌3,2011-09-22,1.62,,,,,,,
JR구좌3,2011-09-23,1.59,,,,,,,
JR구좌3,2011-09-24,1.56,,,,,,,
JR구좌3,2011-09-25,1.53,,,,,,,
JR구좌3,2011-09-26,1.49,,,,,,,
JR구좌3,2011-09-27,1.46,,,,,,,
JR구좌3,2011-09-28,1.46,,,,,,,
JR구좌3,2011-09-29,1.45,,,,,,,
JR구좌3,2011-09-30,1.43,,,,,,,
JR구좌3,2011-10-01,1.4,,,,,,,
JR구좌3,2011-10-02,1.36,,,,,,,
JR구좌3,2011-10-03,1.32,,,,,,,
JR구좌3,2011-10-04,1.31,,,,,,,
JR구좌3,2011-10-05,1.31,,,,,,,
JR구좌3,2011-10-06,1.3,,,,,,,
JR구좌3,2011-10-07,1.28,,,,,,,
JR구좌3,2011-10-08,1.27,,,,,,,
JR구좌3,2011-10-09,1.26,,,,,,,
JR구좌3,2011-10-10,1.22,,,,,,,
JR구좌3,2011-10-11,1.21,,,,,,,
JR구좌3,2011-10-12,1.21,,,,,,,
JR구좌3,2011-10-13,1.22,,,,,,,
JR구좌3,2011-10-14,1.25,,,,,,,
JR구좌3,2011-10-15,1.26,,,,,,,
JR구좌3,2011-10-16,1.23,,,,,,,
JR구좌3,2011-10-17,1.19,,,,,,,
JR구좌3,2011-10-18,1.16,,,,,,,
JR구좌3,2011-10-19,1.13,,,,,,,
JR구좌3,2011-10-20,1.11,,,,,,,
JR구좌3,2011-10-21,1.11,,,,,,,
JR구좌3,2011-10-22,1.12,,,,,,,
JR구좌3,2011-10-23,1.14,,,,,,,
JR구좌3,2011-10-24,1.14,,,,,,,
JR구좌3,2011-10-25,1.1,,,,,,,
JR구좌3,2011-10-26,1.06,,,,,,,
JR구좌3,2011-10-27,1.06,,,,,,,
JR구좌3,2011-10-28,1.06,,,,,,,
JR구좌3,2011-10-29,1.05,,,,,,,
JR구좌3,2011-10-30,1.07,,,,,,,
JR구좌3,2011-10-31,1.08,,,,,,,
JR구좌3,2011-11-01,1.09,,,,,,,
JR구좌3,2011-11-02,1.06,,,,,,,
JR구좌3,2011-11-03,1.04,,,,,,,
JR구좌3,2011-11-04,1.04,,,,,,,
JR구좌3,2011-11-05,1.07,,,,,,,
JR구좌3,2011-11-06,1.11,,,,,,,
JR구좌3,2011-11-07,1.14,,,,,,,
JR구좌3,2011-11-08,1.14,,,,,,,
JR구좌3,2011-11-09,1.15,,,,,,,
JR구좌3,2011-11-10,1.19,,,,,,,
JR구좌3,2011-11-11,1.24,,,,,,,
JR구좌3,2011-11-12,1.27,,,,,,,
JR구좌3,2011-11-13,1.29,,,,,,,
JR구좌3,2011-11-14,1.28,,,,,,,
JR구좌3,2011-11-15,1.25,,,,,,,
JR구좌3,2011-11-16,1.23,,,,,,,
JR구좌3,2011-11-17,1.22,,,,,,,
JR구좌3,2011-11-18,1.26,,,,,,,
JR구좌3,2011-11-19,1.48,,,,,,,
JR구좌3,2011-11-20,1.57,,,,,,,
JR구좌3,2011-11-21,1.52,,,,,,,
JR구좌3,2011-11-22,1.46,,,,,,,
JR구좌3,2011-11-23,1.44,,,,,,,
JR구좌3,2011-11-24,1.39,,,,,,,
JR구좌3,2011-11-25,1.37,,,,,,,
JR구좌3,2011-11-26,1.35,,,,,,,
JR구좌3,2011-11-27,1.34,,,,,,,
JR구좌3,2011-11-28,1.34,,,,,,,
JR구좌3,2011-11-29,1.34,,,,,,,
JR구좌3,2011-11-30,1.35,,,,,,,
JR구좌3,2011-12-01,1.35,,,,,,,
JR구좌3,2011-12-02,1.34,,,,,,,
JR구좌3,2011-12-03,1.33,,,,,,,
JR구좌3,2011-12-04,1.28,,,,,,,
JR구좌3,2011-12-05,1.25,,,,,,,
JR구좌3,2011-12-06,1.24,,,,,,,
JR구좌3,2011-12-07,1.22,,,,,,,
JR구좌3,2011-12-08,1.22,,,,,,,
JR구좌3,2011-12-09,1.18,,,,,,,
JR구좌3,2011-12-10,1.14,,,,,,,
JR구좌3,2011-12-11,1.13,,,,,,,
JR구좌3,2011-12-12,1.13,,,,,,,
JR구좌3,2011-12-13,1.13,,,,,,,
JR구좌3,2011-12-14,1.13,,,,,,,
JR구좌3,2011-12-15,1.11,,,,,,,
JR구좌3,2011-12-16,1.08,,,,,,,
JR구좌3,2011-12-17,1.04,,,,,,,
JR구좌3,2011-12-18,1.02,,,,,,,
JR구좌3,2011-12-19,1.01,,,,,,,
JR구좌3,2011-12-20,1.01,,,,,,,
JR구좌3,2011-12-21,1.04,,,,,,,
JR구좌3,2011-12-22,1.04,,,,,,,
JR구좌3,2011-12-23,1.03,,,,,,,
JR구좌3,2011-12-24,1.04,,,,,,,
JR구좌3,2011-12-25,1.02,,,,,,,
JR구좌3,2011-12-26,0.99,,,,,,,
JR구좌3,2011-12-27,0.97,,,,,,,
JR구좌3,2011-12-28,0.97,,,,,,,
JR구좌3,2011-12-29,0.97,,,,,,,
JR구좌3,2011-12-30,0.96,,,,,,,
JR구좌3,2011-12-31,0.95,,,,,,,
JR구좌3,2012-01-01,0.96,,,,,,,
JR구좌3,2012-01-02,0.94,,,,,,,
JR구좌3,2012-01-03,0.96,,,,,,,
JR구좌3,2012-01-04,0.94,,,,,,,
JR구좌3,2012-01-05,0.92,,,,,,,
JR구좌3,2012-01-06,0.95,,,,,,,
JR구좌3,2012-01-07,0.95,,,,,,,
JR구좌3,2012-01-08,0.94,,,,,,,
JR구좌3,2012-01-09,0.93,,,,,,,
JR구좌3,2012-01-10,0.94,,,,,,,
JR구좌3,2012-01-11,0.94,,,,,,,
JR구좌3,2012-01-12,0.93,,,,,,,
JR구좌3,2012-01-13,0.92,,,,,,,
JR구좌3,2012-01-14,0.94,,,,,,,
JR구좌3,2012-01-15,0.96,,,,,,,
JR구좌3,2012-01-16,1.0,,,,,,,
JR구좌3,2012-01-17,1.02,,,,,,,
JR구좌3,2012-01-18,1.02,,,,,,,
JR구좌3,2012-01-19,1.02,,,,,,,
JR구좌3,2012-01-20,1.03,,,,,,,
JR구좌3,2012-01-21,1.04,,,,,,,
JR구좌3,2012-01-22,1.0,,,,,,,
JR구좌3,2012-01-23,0.95,,,,,,,
JR구좌3,2012-01-24,0.94,,,,,,,
JR구좌3,2012-01-25,0.94,,,,,,,
JR구좌3,2012-01-26,0.93,,,,,,,
JR구좌3,2012-01-27,0.93,,,,,,,
JR구좌3,2012-01-28,0.94,,,,,,,
JR구좌3,2012-01-29,0.94,,,,,,,
JR구좌3,2012-01-30,0.92,,,,,,,
JR구좌3,2012-01-31,0.91,,,,,,,
JR구좌3,2012-02-01,0.91,,,,,,,
JR구좌3,2012-02-02,0.87,,,,,,,
JR구좌3,2012-02-03,0.85,,,,,,,
JR구좌3,2012-02-04,0.84,,,,,,,
JR구좌3,2012-02-05,0.86,,,,,,,
JR구좌3,2012-02-06,0.88,,,,,,,
JR구좌3,2012-02-07,0.88,,,,,,,
JR구좌3,2012-02-08,0.83,,,,,,,
JR구좌3,2012-02-09,0.81,,,,,,,
JR구좌3,2012-02-10,0.81,,,,,,,
JR구좌3,2012-02-11,0.8,,,,,,,
JR구좌3,2012-02-12,0.78,,,,,,,
JR구좌3,2012-02-13,0.8,,,,,,,
JR구좌3,2012-02-14,0.83,,,,,,,
JR구좌3,2012-02-15,0.83,,,,,,,
JR구좌3,2012-02-16,0.83,,,,,,,
JR구좌3,2012-02-17,0.82,,,,,,,
JR구좌3,2012-02-18,0.79,,,,,,,
JR구좌3,2012-02-19,0.78,,,,,,,
JR구좌3,2012-02-20,0.8,,,,,,,
JR구좌3,2012-02-21,0.82,,,,,,,
JR구좌3,2012-02-22,0.87,,,,,,,
JR구좌3,2012-02-23,0.93,,,,,,,
JR구좌3,2012-02-24,0.96,,,,,,,
JR구좌3,2012-02-25,0.96,,,,,,,
JR구좌3,2012-02-26,0.93,,,,,,,
JR구좌3,2012-02-27,0.91,,,,,,,
JR구좌3,2012-02-28,0.93,,,,,,,
JR구좌3,2012-02-29,0.95,,,,,,,
JR구좌3,2012-03-01,0.95,,,,,,,
JR구좌3,2012-03-02,0.98,,,,,,,
JR구좌3,2012-03-03,1.0,,,,,,,
JR구좌3,2012-03-04,1.03,,,,,,,
JR구좌3,2012-03-05,1.05,,,,,,,
JR구좌3,2012-03-06,1.09,,,,,,,
JR구좌3,2012-03-07,1.12,,,,,,,
JR구좌3,2012-03-08,1.15,,,,,,,
JR구좌3,2012-03-09,1.15,,,,,,,
JR구좌3,2012-03-10,1.12,,,,,,,
JR구좌3,2012-03-11,1.07,,,,,,,
JR구좌3,2012-03-12,1.01,,,,,,,
JR구좌3,2012-03-13,0.99,,,,,,,
JR구좌3,2012-03-14,0.98,,,,,,,
JR구좌3,2012-03-15,0.97,,,,,,,
JR구좌3,2012-03-16,1.0,,,,,,,
JR구좌3,2012-03-17,1.05,,,,,,,
JR구좌3,2012-03-18,1.06,,,,,,,
JR구좌3,2012-03-19,1.04,,,,,,,
JR구좌3,2012-03-20,1.0,,,,,,,
JR구좌3,2012-03-21,0.97,,,,,,,
JR구좌3,2012-03-22,0.96,,,,,,,
JR구좌3,2012-03-23,1.01,,,,,,,
JR구좌3,2012-03-24,1.0,,,,,,,
JR구좌3,2012-03-25,0.97,,,,,,,
JR구좌3,2012-03-26,0.96,,,,,,,
JR구좌3,2012-03-27,0.93,,,,,,,
JR구좌3,2012-03-28,0.9,,,,,,,
JR구좌3,2012-03-29,0.9,,,,,,,
JR구좌3,2012-03-30,0.91,,,,,,,
JR구좌3,2012-03-31,0.91,,,,,,,
JR구좌3,2012-04-01,0.91,,,,,,,
JR구좌3,2012-04-02,0.93,,,,,,,
JR구좌3,2012-04-03,0.95,,,,,,,
JR구좌3,2012-04-04,0.89,,,,,,,
JR구좌3,2012-04-05,0.92,,,,,,,
JR구좌3,2012-04-06,0.94,,,,,,,
JR구좌3,2012-04-07,0.91,,,,,,,
JR구좌3,2012-04-08,0.88,,,,,,,
JR구좌3,2012-04-09,0.86,,,,,,,
JR구좌3,2012-04-10,0.87,,,,,,,
JR구좌3,2012-04-11,0.91,,,,,,,
JR구좌3,2012-04-12,0.91,,,,,,,
JR구좌3,2012-04-13,0.92,,,,,,,
JR구좌3,2012-04-14,0.93,,,,,,,
JR구좌3,2012-04-15,0.92,,,,,,,
JR구좌3,2012-04-16,0.93,,,,,,,
JR구좌3,2012-04-17,0.94,,,,,,,
JR구좌3,2012-04-18,0.94,,,,,,,
JR구좌3,2012-04-19,0.94,,,,,,,
JR구좌3,2012-04-20,0.95,,,,,,,
JR구좌3,2012-04-21,1.02,,,,,,,
JR구좌3,2012-04-22,1.46,,,,,,,
JR구좌3,2012-04-23,1.64,,,,,,,
JR구좌3,2012-04-24,1.66,,,,,,,
JR구좌3,2012-04-25,1.71,,,,,,,
JR구좌3,2012-04-26,1.76,,,,,,,
JR구좌3,2012-04-27,1.73,,,,,,,
JR구좌3,2012-04-28,1.7,,,,,,,
JR구좌3,2012-04-29,1.66,,,,,,,
JR구좌3,2012-04-30,1.66,,,,,,,
JR구좌3,2012-05-01,1.69,,,,,,,
JR구좌3,2012-05-02,1.83,,,,,,,
JR구좌3,2012-05-03,2.05,,,,,,,
JR구좌3,2012-05-04,2.1,,,,,,,
JR구좌3,2012-05-05,2.06,,,,,,,
JR구좌3,2012-05-06,2.01,,,,,,,
JR구좌3,2012-05-07,1.96,,,,,,,
JR구좌3,2012-05-08,1.92,,,,,,,
JR구좌3,2012-05-09,1.87,,,,,,,
JR구좌3,2012-05-10,1.8,,,,,,,
JR구좌3,2012-05-11,1.73,,,,,,,
JR구좌3,2012-05-12,1.67,,,,,,,
JR구좌3,2012-05-13,1.62,,,,,,,
JR구좌3,2012-05-14,1.6,,,,,,,
JR구좌3,2012-05-15,1.59,,,,,,,
JR구좌3,2012-05-16,1.57,,,,,,,
JR구좌3,2012-05-17,1.56,,,,,,,
JR구좌3,2012-05-18,1.53,,,,,,,
JR구좌3,2012-05-19,1.5,,,,,,,
JR구좌3,2012-05-20,1.47,,,,,,,
JR구좌3,2012-05-21,1.44,,,,,,,
JR구좌3,2012-05-22,1.42,,,,,,,
JR구좌3,2012-05-23,1.4,,,,,,,
JR구좌3,2012-05-24,1.38,,,,,,,
JR구좌3,2012-05-25,1.38,,,,,,,
JR구좌3,2012-05-26,1.37,,,,,,,
JR구좌3,2012-05-27,1.35,,,,,,,
JR구좌3,2012-05-28,1.32,,,,,,,
JR구좌3,2012-05-29,1.29,,,,,,,
JR구좌3,2012-05-30,1.26,,,,,,,
JR구좌3,2012-05-31,1.24,,,,,,,
JR구좌3,2012-06-01,1.22,,,,,,,
JR구좌3,2012-06-02,1.22,,,,,,,
JR구좌3,2012-06-03,1.23,,,,,,,
JR구좌3,2012-06-04,1.23,,,,,,,
JR구좌3,2012-06-05,1.24,,,,,,,
JR구좌3,2012-06-06,1.25,,,,,,,
JR구좌3,2012-06-07,1.27,,,,,,,
JR구좌3,2012-06-08,1.29,,,,,,,
JR구좌3,2012-06-09,1.3,,,,,,,
JR구좌3,2012-06-10,1.29,,,,,,,
JR구좌3,2012-06-11,1.29,,,,,,,
JR구좌3,2012-06-12,1.29,,,,,,,
JR구좌3,2012-06-13,1.29,,,,,,,
JR구좌3,2012-06-14,1.27,,,,,,,
JR구좌3,2012-06-15,1.24,,,,,,,
JR구좌3,2012-06-16,1.23,,,,,,,
JR구좌3,2012-06-17,1.21,,,,,,,
JR구좌3,2012-06-18,1.21,,,,,,,
JR구좌3,2012-06-19,1.25,,,,,,,
JR구좌3,2012-06-20,1.28,,,,,,,
JR구좌3,2012-06-21,1.27,,,,,,,
JR구좌3,2012-06-22,1.25,,,,,,,
JR구좌3,2012-06-23,1.21,,,,,,,
JR구좌3,2012-06-24,1.21,,,,,,,
JR구좌3,2012-06-25,1.2,,,,,,,
JR구좌3,2012-06-26,1.19,,,,,,,
JR구좌3,2012-06-27,1.16,,,,,,,
JR구좌3,2012-06-28,1.11,,,,,,,
JR구좌3,2012-06-29,1.1,,,,,,,
JR구좌3,2012-06-30,1.13,,,,,,,
JR구좌3,2012-07-01,1.15,,,,,,,
JR구좌3,2012-07-02,1.17,,,,,,,
JR구좌3,2012-07-03,1.2,,,,,,,
JR구좌3,2012-07-04,1.21,,,,,,,
JR구좌3,2012-07-05,1.22,,,,,,,
JR구좌3,2012-07-06,1.22,,,,,,,
JR구좌3,2012-07-07,1.23,,,,,,,
JR구좌3,2012-07-08,1.22,,,,,,,
JR구좌3,2012-07-09,1.2,,,,,,,
JR구좌3,2012-07-10,1.19,,,,,,,
JR구좌3,2012-07-11,1.22,,,,,,,
JR구좌3,2012-07-12,1.23,,,,,,,
JR구좌3,2012-07-13,1.25,,,,,,,
JR구좌3,2012-07-14,1.27,,,,,,,
JR구좌3,2012-07-15,1.28,,,,,,,
JR구좌3,2012-07-16,1.26,,,,,,,
JR구좌3,2012-07-17,1.25,,,,,,,
JR구좌3,2012-07-18,1.23,,,,,,,
JR구좌3,2012-07-19,1.24,,,,,,,
JR구좌3,2012-07-20,1.27,,,,,,,
JR구좌3,2012-07-21,1.29,,,,,,,
JR구좌3,2012-07-22,1.3,,,,,,,
JR구좌3,2012-07-23,1.3,,,,,,,
JR구좌3,2012-07-24,1.28,,,,,,,
JR구좌3,2012-07-25,1.24,,,,,,,
JR구좌3,2012-07-26,1.22,,,,,,,
JR구좌3,2012-07-27,1.22,,,,,,,
JR구좌3,2012-07-28,1.23,,,,,,,
JR구좌3,2012-07-29,1.24,,,,,,,
JR구좌3,2012-07-30,1.28,,,,,,,
JR구좌3,2012-07-31,1.29,,,,,,,
JR구좌3,2012-08-01,1.31,,,,,,,
JR구좌3,2012-08-02,1.34,,,,,,,
JR구좌3,2012-08-03,1.34,,,,,,,
JR구좌3,2012-08-04,1.32,,,,,,,
JR구좌3,2012-08-05,1.31,,,,,,,
JR구좌3,2012-08-06,1.31,,,,,,,
JR구좌3,2012-08-07,1.31,,,,,,,
JR구좌3,2012-08-08,1.32,,,,,,,
JR구좌3,2012-08-09,1.29,,,,,,,
JR구좌3,2012-08-10,1.28,,,,,,,
JR구좌3,2012-08-11,1.27,,,,,,,
JR구좌3,2012-08-12,1.25,,,,,,,
JR구좌3,2012-08-13,1.25,,,,,,,
JR구좌3,2012-08-14,1.26,,,,,,,
JR구좌3,2012-08-15,1.25,,,,,,,
JR구좌3,2012-08-16,1.22,,,,,,,
JR구좌3,2012-08-17,1.2,,,,,,,
JR구좌3,2012-08-18,1.18,,,,,,,
JR구좌3,2012-08-19,1.16,,,,,,,
JR구좌3,2012-08-20,1.16,,,,,,,
JR구좌3,2012-08-21,1.16,,,,,,,
JR구좌3,2012-08-22,1.15,,,,,,,
JR구좌3,2012-08-23,1.16,,,,,,,
JR구좌3,2012-08-24,1.61,,,,,,,
JR구좌3,2012-08-25,2.28,,,,,,,
JR구좌3,2012-08-26,2.47,,,,,,,
JR구좌3,2012-08-27,2.44,,,,,,,
JR구좌3,2012-08-28,2.62,,,,,,,
JR구좌3,2012-08-29,2.9,,,,,,,
JR구좌3,2012-08-30,2.91,,,,,,,
JR구좌3,2012-08-31,2.76,,,,,,,
JR구좌3,2012-09-01,2.6,,,,,,,
JR구좌3,2012-09-02,2.47,,,,,,,
JR구좌3,2012-09-03,2.37,,,,,,,
JR구좌3,2012-09-04,2.27,,,,,,,
JR구좌3,2012-09-05,2.17,,,,,,,
JR구좌3,2012-09-06,2.07,,,,,,,
JR구좌3,2012-09-07,1.99,,,,,,,
JR구좌3,2012-09-08,1.93,,,,,,,
JR구좌3,2012-09-09,1.88,,,,,,,
JR구좌3,2012-09-10,1.85,,,,,,,
JR구좌3,2012-09-11,1.85,,,,,,,
JR구좌3,2012-09-12,1.85,,,,,,,
JR구좌3,2012-09-13,1.85,,,,,,,
JR구좌3,2012-09-14,1.83,,,,,,,
JR구좌3,2012-09-15,1.79,,,,,,,
JR구좌3,2012-09-16,1.8,,,,,,,
JR구좌3,2012-09-17,2.7,,,,,,,
JR구좌3,2012-09-18,4.28,,,,,,,
JR구좌3,2012-09-19,4.71,,,,,,,
JR구좌3,2012-09-20,4.48,,,,,,,
JR구좌3,2012-09-21,4.13,,,,,,,
JR구좌3,2012-09-22,3.84,,,,,,,
JR구좌3,2012-09-23,3.62,,,,,,,
JR구좌3,2012-09-24,3.44,,,,,,,
JR구좌3,2012-09-25,3.26,,,,,,,
JR구좌3,2012-09-26,3.09,,,,,,,
JR구좌3,2012-09-27,2.93,,,,,,,
JR구좌3,2012-09-28,2.8,,,,,,,
JR구좌3,2012-09-29,2.71,,,,,,,
JR구좌3,2012-09-30,2.63,,,,,,,
JR구좌3,2012-10-01,2.54,,,,,,,
JR구좌3,2012-10-02,2.45,,,,,,,
JR구좌3,2012-10-03,2.39,,,,,,,
JR구좌3,2012-10-04,2.34,,,,,,,
JR구좌3,2012-10-05,2.26,,,,,,,
JR구좌3,2012-10-06,2.19,,,,,,,
JR구좌3,2012-10-07,2.13,,,,,,,
JR구좌3,2012-10-08,2.08,,,,,,,
JR구좌3,2012-10-09,2.03,,,,,,,
JR구좌3,2012-10-10,2.01,,,,,,,
JR구좌3,2012-10-11,1.97,,,,,,,
JR구좌3,2012-10-12,1.93,,,,,,,
JR구좌3,2012-10-13,1.91,,,,,,,
JR구좌3,2012-10-14,1.89,,,,,,,
JR구좌3,2012-10-15,1.85,,,,,,,
JR구좌3,2012-10-16,1.83,,,,,,,
JR구좌3,2012-10-17,1.79,,,,,,,
JR구좌3,2012-10-18,1.74,,,,,,,
JR구좌3,2012-10-19,1.71,,,,,,,
JR구좌3,2012-10-20,1.66,,,,,,,
JR구좌3,2012-10-21,1.61,,,,,,,
JR구좌3,2012-10-22,1.59,,,,,,,
JR구좌3,2012-10-23,1.55,,,,,,,
JR구좌3,2012-10-24,1.54,,,,,,,
JR구좌3,2012-10-25,1.54,,,,,,,
JR구좌3,2012-10-26,1.52,,,,,,,
JR구좌3,2012-10-27,1.51,,,,,,,
JR구좌3,2012-10-28,1.49,,,,,,,
JR구좌3,2012-10-29,1.46,,,,,,,
JR구좌3,2012-10-30,1.46,,,,,,,
JR구좌3,2012-10-31,1.45,,,,,,,
JR구좌3,2012-11-01,1.44,,,,,,,
JR구좌3,2012-11-02,1.41,,,,,,,
JR구좌3,2012-11-03,1.4,,,,,,,
JR구좌3,2012-11-04,1.41,,,,,,,
JR구좌3,2012-11-05,1.42,,,,,,,
JR구좌3,2012-11-06,1.39,,,,,,,
JR구좌3,2012-11-07,1.36,,,,,,,
JR구좌3,2012-11-08,1.36,,,,,,,
JR구좌3,2012-11-09,1.38,,,,,,,
JR구좌3,2012-11-10,1.4,,,,,,,
JR구좌3,2012-11-11,1.39,,,,,,,
JR구좌3,2012-11-12,1.3,,,,,,,
JR구좌3,2012-11-13,1.31,,,,,,,
JR구좌3,2012-11-14,1.31,,,,,,,
JR구좌3,2012-11-15,1.3,,,,,,,
JR구좌3,2012-11-16,1.31,,,,,,,
JR구좌3,2012-11-17,1.29,,,,,,,
JR구좌3,2012-11-18,1.26,,,,,,,
JR구좌3,2012-11-19,1.26,,,,,,,
JR구좌3,2012-11-20,1.22,,,,,,,
JR구좌3,2012-11-21,1.21,,,,,,,
JR구좌3,2012-11-22,1.23,,,,,,,
JR구좌3,2012-11-23,1.24,,,,,,,
JR구좌3,2012-11-24,1.21,,,,,,,
JR구좌3,2012-11-25,1.2,,,,,,,
JR구좌3,2012-11-26,1.2,,,,,,,
JR구좌3,2012-11-27,1.17,,,,,,,
JR구좌3,2012-11-28,1.18,,,,,,,
JR구좌3,2012-11-29,1.17,,,,,,,
JR구좌3,2012-11-30,1.16,,,,,,,
JR구좌3,2012-12-01,1.14,,,,,,,
JR구좌3,2012-12-02,1.15,,,,,,,
JR구좌3,2012-12-03,1.16,,,,,,,
JR구좌3,2012-12-04,1.14,,,,,,,
JR구좌3,2012-12-05,1.14,,,,,,,
JR구좌3,2012-12-06,1.11,,,,,,,
JR구좌3,2012-12-07,1.1,,,,,,,
JR구좌3,2012-12-08,1.06,,,,,,,
JR구좌3,2012-12-09,1.01,,,,,,,
JR구좌3,2012-12-10,1.02,,,,,,,
JR구좌3,2012-12-11,1.05,,,,,,,
JR구좌3,2012-12-12,1.04,,,,,,,
JR구좌3,2012-12-13,1.03,,,,,,,
JR구좌3,2012-12-14,1.06,,,,,,,
JR구좌3,2012-12-15,1.08,,,,,,,
JR구좌3,2012-12-16,1.1,,,,,,,
JR구좌3,2012-12-17,1.12,,,,,,,
JR구좌3,2012-12-18,1.08,,,,,,,
JR구좌3,2012-12-19,1.04,,,,,,,
JR구좌3,2012-12-20,1.02,,,,,,,
JR구좌3,2012-12-21,1.04,,,,,,,
JR구좌3,2012-12-22,1.03,,,,,,,
JR구좌3,2012-12-23,0.99,,,,,,,
JR구좌3,2012-12-24,0.97,,,,,,,
JR구좌3,2012-12-25,0.97,,,,,,,
JR구좌3,2012-12-26,0.95,,,,,,,
JR구좌3,2012-12-27,0.95,,,,,,,
JR구좌3,2012-12-28,0.99,,,,,,,
JR구좌3,2012-12-29,1.03,,,,,,,
JR구좌3,2012-12-30,1.05,,,,,,,
JR구좌3,2012-12-31,1.04,,,,,,,
JR구좌3,2013-01-01,1.05,,,,,,,
JR구좌3,2013-01-02,1.04,,,,,,,
JR구좌3,2013-01-03,0.99,,,,,,,
JR구좌3,2013-01-04,0.96,,,,,,,
JR구좌3,2013-01-05,0.96,,,,,,,
JR구좌3,2013-01-06,0.97,,,,,,,
JR구좌3,2013-01-07,0.99,,,,,,,
JR구좌3,2013-01-08,1.01,,,,,,,
JR구좌3,2013-01-09,1.01,,,,,,,
JR구좌3,2013-01-10,1.0,,,,,,,
JR구좌3,2013-01-11,0.99,,,,,,,
JR구좌3,2013-01-12,0.99,,,,,,,
JR구좌3,2013-01-13,1.01,,,,,,,
JR구좌3,2013-01-14,1.06,,,,,,,
JR구좌3,2013-01-15,1.04,,,,,,,
JR구좌3,2013-01-16,1.03,,,,,,,
JR구좌3,2013-01-17,1.0,,,,,,,
JR구좌3,2013-01-18,0.96,,,,,,,
JR구좌3,2013-01-19,0.93,,,,,,,
JR구좌3,2013-01-20,0.95,,,,,,,
JR구좌3,2013-01-21,0.99,,,,,,,
JR구좌3,2013-01-22,1.0,,,,,,,
JR구좌3,2013-01-23,1.0,,,,,,,
JR구좌3,2013-01-24,1.02,,,,,,,
JR구좌3,2013-01-25,1.02,,,,,,,
JR구좌3,2013-01-26,1.02,,,,,,,
JR구좌3,2013-01-27,1.03,,,,,,,
JR구좌3,2013-01-28,1.01,,,,,,,
JR구좌3,2013-01-29,0.99,,,,,,,
JR구좌3,2013-01-30,0.98,,,,,,,
JR구좌3,2013-01-31,0.97,,,,,,,
JR구좌3,2013-02-01,0.98,,,,,,,
JR구좌3,2013-02-02,0.94,,,,,,,
JR구좌3,2013-02-03,0.91,,,,,,,
JR구좌3,2013-02-04,0.94,,,,,,,
JR구좌3,2013-02-05,0.95,,,,,,,
JR구좌3,2013-02-06,0.97,,,,,,,
JR구좌3,2013-02-07,0.97,,,,,,,
JR구좌3,2013-02-08,0.95,,,,,,,
JR구좌3,2013-02-09,0.96,,,,,,,
JR구좌3,2013-02-10,0.97,,,,,,,
JR구좌3,2013-02-11,0.98,,,,,,,
JR구좌3,2013-02-12,0.99,,,,,,,
JR구좌3,2013-02-13,0.98,,,,,,,
JR구좌3,2013-02-14,0.98,,,,,,,
JR구좌3,2013-02-15,0.97,,,,,,,
JR구좌3,2013-02-16,0.95,,,,,,,
JR구좌3,2013-02-17,0.95,,,,,,,
JR구좌3,2013-02-18,0.98,,,,,,,
JR구좌3,2013-02-19,0.97,,,,,,,
JR구좌3,2013-02-20,0.92,,,,,,,
JR구좌3,2013-02-21,0.89,,,,,,,
JR구좌3,2013-02-22,0.89,,,,,,,
JR구좌3,2013-02-23,0.88,,,,,,,
JR구좌3,2013-02-24,0.88,,,,,,,
JR구좌3,2013-02-25,0.9,,,,,,,
JR구좌3,2013-02-26,0.93,,,,,,,
JR구좌3,2013-02-27,0.96,,,,,,,
JR구좌3,2013-02-28,0.98,,,,,,,
JR구좌3,2013-03-01,1.01,,,,,,,
JR구좌3,2013-03-02,0.96,,,,,,,
JR구좌3,2013-03-03,0.94,,,,,,,
JR구좌3,2013-03-04,0.94,,,,,,,
JR구좌3,2013-03-05,0.92,,,,,,,
JR구좌3,2013-03-06,0.9,,,,,,,
JR구좌3,2013-03-07,0.92,,,,,,,
JR구좌3,2013-03-08,0.93,,,,,,,
JR구좌3,2013-03-09,0.97,,,,,,,
JR구좌3,2013-03-10,1.0,,,,,,,
JR구좌3,2013-03-11,0.97,,,,,,,
JR구좌3,2013-03-12,0.97,,,,,,,
JR구좌3,2013-03-13,0.98,,,,,,,
JR구좌3,2013-03-14,0.96,,,,,,,
JR구좌3,2013-03-15,0.93,,,,,,,
JR구좌3,2013-03-16,0.89,,,,,,,
JR구좌3,2013-03-17,0.91,,,,,,,
JR구좌3,2013-03-18,0.97,,,,,,,
JR구좌3,2013-03-19,0.99,,,,,,,
JR구좌3,2013-03-20,1.01,,,,,,,
JR구좌3,2013-03-21,0.94,,,,,,,
JR구좌3,2013-03-22,0.93,,,,,,,
JR구좌3,2013-03-23,0.93,,,,,,,
JR구좌3,2013-03-24,0.95,,,,,,,
JR구좌3,2013-03-25,0.94,,,,,,,
JR구좌3,2013-03-26,0.92,,,,,,,
JR구좌3,2013-03-27,0.92,,,,,,,
JR구좌3,2013-03-28,0.94,,,,,,,
JR구좌3,2013-03-29,0.94,,,,,,,
JR구좌3,2013-03-30,0.94,,,,,,,
JR구좌3,2013-03-31,0.94,,,,,,,
JR구좌3,2013-04-01,0.95,,,,,,,
JR구좌3,2013-04-02,0.96,,,,,,,
JR구좌3,2013-04-03,0.93,,,,,,,
JR구좌3,2013-04-04,0.93,,,,,,,
JR구좌3,2013-04-05,0.96,,,,,,,
JR구좌3,2013-04-06,1.01,,,,,,,
JR구좌3,2013-04-07,0.98,,,,,,,
JR구좌3,2013-04-08,0.99,,,,,,,
JR구좌3,2013-04-09,1.01,,,,,,,
JR구좌3,2013-04-10,0.98,,,,,,,
JR구좌3,2013-04-11,0.96,,,,,,,
JR구좌3,2013-04-12,0.96,,,,,,,
JR구좌3,2013-04-13,0.97,,,,,,,
JR구좌3,2013-04-14,1.0,,,,,,,
JR구좌3,2013-04-15,1.01,,,,,,,
JR구좌3,2013-04-16,1.06,,,,,,,
JR구좌3,2013-04-17,1.1,,,,,,,
JR구좌3,2013-04-18,1.12,,,,,,,
JR구좌3,2013-04-19,1.1,,,,,,,
JR구좌3,2013-04-20,1.09,,,,,,,
JR구좌3,2013-04-21,1.05,,,,,,,
JR구좌3,2013-04-22,1.02,,,,,,,
JR구좌3,2013-04-23,1.02,,,,,,,
JR구좌3,2013-04-24,1.04,,,,,,,
JR구좌3,2013-04-25,1.04,,,,,,,
JR구좌3,2013-04-26,1.05,,,,,,,
JR구좌3,2013-04-27,1.04,,,,,,,
JR구좌3,2013-04-28,1.04,,,,,,,
JR구좌3,2013-04-29,1.05,,,,,,,
JR구좌3,2013-04-30,1.05,,,,,,,
JR구좌3,2013-05-01,1.06,,,,,,,
JR구좌3,2013-05-02,1.06,,,,,,,
JR구좌3,2013-05-03,1.04,,,,,,,
JR구좌3,2013-05-04,1.02,,,,,,,
JR구좌3,2013-05-05,1.0,,,,,,,
JR구좌3,2013-05-06,0.97,,,,,,,
JR구좌3,2013-05-07,0.99,,,,,,,
JR구좌3,2013-05-08,1.0,,,,,,,
JR구좌3,2013-05-09,1.0,,,,,,,
JR구좌3,2013-05-10,1.03,,,,,,,
JR구좌3,2013-05-11,1.06,,,,,,,
JR구좌3,2013-05-12,1.09,,,,,,,
JR구좌3,2013-05-13,1.1,,,,,,,
JR구좌3,2013-05-14,1.09,,,,,,,
JR구좌3,2013-05-15,1.08,,,,,,,
JR구좌3,2013-05-16,1.07,,,,,,,
JR구좌3,2013-05-17,1.07,,,,,,,
JR구좌3,2013-05-18,1.04,,,,,,,
JR구좌3,2013-05-19,1.06,,,,,,,
JR구좌3,2013-05-20,1.09,,,,,,,
JR구좌3,2013-05-21,1.1,,,,,,,
JR구좌3,2013-05-22,1.09,,,,,,,
JR구좌3,2013-05-23,1.07,,,,,,,
JR구좌3,2013-05-24,1.06,,,,,,,
JR구좌3,2013-05-25,1.05,,,,,,,
JR구좌3,2013-05-26,1.05,,,,,,,
JR구좌3,2013-05-27,1.07,,,,,,,
JR구좌3,2013-05-28,1.12,,,,,,,
JR구좌3,2013-05-29,1.13,,,,,,,
JR구좌3,2013-05-30,1.11,,,,,,,
JR구좌3,2013-05-31,1.09,,,,,,,
JR구좌3,2013-06-01,1.09,,,,,,,
JR구좌3,2013-06-02,1.09,,,,,,,
JR구좌3,2013-06-03,1.09,,,,,,,
JR구좌3,2013-06-04,1.08,,,,,,,
JR구좌3,2013-06-05,1.05,,,,,,,
JR구좌3,2013-06-06,1.05,,,,,,,
JR구좌3,2013-06-07,1.06,,,,,,,
JR구좌3,2013-06-08,1.09,,,,,,,
JR구좌3,2013-06-09,1.12,,,,,,,
JR구좌3,2013-06-10,1.14,,,,,,,
JR구좌3,2013-06-11,1.16,,,,,,,
JR구좌3,2013-06-12,1.15,,,,,,,
JR구좌3,2013-06-13,1.11,,,,,,,
JR구좌3,2013-06-14,1.09,,,,,,,
JR구좌3,2013-06-15,1.06,,,,,,,
JR구좌3,2013-06-16,1.04,,,,,,,
JR구좌3,2013-06-17,1.05,,,,,,,
JR구좌3,2013-06-18,1.09,,,,,,,
JR구좌3,2013-06-19,1.13,,,,,,,
JR구좌3,2013-06-20,1.15,,,,,,,
JR구좌3,2013-06-21,1.14,,,,,,,
JR구좌3,2013-06-22,1.13,,,,,,,
JR구좌3,2013-06-23,1.12,,,,,,,
JR구좌3,2013-06-24,1.13,,,,,,,
JR구좌3,2013-06-25,1.15,,,,,,,
JR구좌3,2013-06-26,1.19,,,,,,,
JR구좌3,2013-06-27,1.26,,,,,,,
JR구좌3,2013-06-28,1.3,,,,,,,
JR구좌3,2013-06-29,1.29,,,,,,,
JR구좌3,2013-06-30,1.25,,,,,,,
JR구좌3,2013-07-01,1.23,,,,,,,
JR구좌3,2013-07-02,1.23,,,,,,,
JR구좌3,2013-07-03,1.24,,,,,,,
JR구좌3,2013-07-04,1.27,,,,,,,
JR구좌3,2013-07-05,1.3,,,,,,,
JR구좌3,2013-07-06,1.28,,,,,,,
JR구좌3,2013-07-07,1.25,,,,,,,
JR구좌3,2013-07-08,1.22,,,,,,,
JR구좌3,2013-07-09,1.18,,,,,,,
JR구좌3,2013-07-10,1.17,,,,,,,
JR구좌3,2013-07-11,1.16,,,,,,,
JR구좌3,2013-07-12,1.15,,,,,,,
JR구좌3,2013-07-13,1.14,,,,,,,
JR구좌3,2013-07-14,1.12,,,,,,,
JR구좌3,2013-07-15,1.11,,,,,,,
JR구좌3,2013-07-16,1.11,,,,,,,
JR구좌3,2013-07-17,1.1,,,,,,,
JR구좌3,2013-07-18,1.09,,,,,,,
JR구좌3,2013-07-19,1.09,,,,,,,
JR구좌3,2013-07-20,1.1,,,,,,,
JR구좌3,2013-07-21,1.1,,,,,,,
JR구좌3,2013-07-22,1.1,,,,,,,
JR구좌3,2013-07-23,1.1,,,,,,,
JR구좌3,2013-07-24,1.12,,,,,,,
JR구좌3,2013-07-25,1.13,,,,,,,
JR구좌3,2013-07-26,1.15,,,,,,,
JR구좌3,2013-07-27,1.16,,,,,,,
JR구좌3,2013-07-28,1.15,,,,,,,
JR구좌3,2013-07-29,1.14,,,,,,,
JR구좌3,2013-07-30,1.13,,,,,,,
JR구좌3,2013-07-31,1.15,,,,,,,
JR구좌3,2013-08-01,1.16,,,,,,,
JR구좌3,2013-08-02,1.16,,,,,,,
JR구좌3,2013-08-03,1.14,,,,,,,
JR구좌3,2013-08-04,1.12,,,,,,,
JR구좌3,2013-08-05,1.13,,,,,,,
JR구좌3,2013-08-06,1.14,,,,,,,
JR구좌3,2013-08-07,1.13,,,,,,,
JR구좌3,2013-08-08,1.11,,,,,,,
JR구좌3,2013-08-09,1.11,,,,,,,
JR구좌3,2013-08-10,1.1,,,,,,,
JR구좌3,2013-08-11,1.08,,,,,,,
JR구좌3,2013-08-12,1.06,,,,,,,
JR구좌3,2013-08-13,1.05,,,,,,,
JR구좌3,2013-08-14,1.04,,,,,,,
JR구좌3,2013-08-15,1.03,,,,,,,
JR구좌3,2013-08-16,1.03,,,,,,,
JR구좌3,2013-08-17,1.05,,,,,,,
JR구좌3,2013-08-18,1.07,,,,,,,
JR구좌3,2013-08-19,1.1,,,,,,,
JR구좌3,2013-08-20,1.11,,,,,,,
JR구좌3,2013-08-21,1.13,,,,,,,
JR구좌3,2013-08-22,1.14,,,,,,,
JR구좌3,2013-08-23,1.12,,,,,,,
JR구좌3,2013-08-24,1.11,,,,,,,
JR구좌3,2013-08-25,1.11,,,,,,,
JR구좌3,2013-08-26,1.11,,,,,,,
JR구좌3,2013-08-27,1.11,,,,,,,
JR구좌3,2013-08-28,1.09,,,,,,,
JR구좌3,2013-08-29,1.09,,,,,,,
JR구좌3,2013-08-30,1.1,,,,,,,
JR구좌3,2013-08-31,1.11,,,,,,,
JR구좌3,2013-09-01,1.11,,,,,,,
JR구좌3,2013-09-02,1.1,,,,,,,
JR구좌3,2013-09-03,1.08,,,,,,,
JR구좌3,2013-09-04,1.06,,,,,,,
JR구좌3,2013-09-05,1.03,,,,,,,
JR구좌3,2013-09-06,1.01,,,,,,,
JR구좌3,2013-09-07,0.99,,,,,,,
JR구좌3,2013-09-08,0.98,,,,,,,
JR구좌3,2013-09-09,0.98,,,,,,,
JR구좌3,2013-09-10,0.99,,,,,,,
JR구좌3,2013-09-11,0.99,,,,,,,
JR구좌3,2013-09-12,0.99,,,,,,,
JR구좌3,2013-09-13,0.99,,,,,,,
JR구좌3,2013-09-14,1.0,,,,,,,
JR구좌3,2013-09-15,1.01,,,,,,,
JR구좌3,2013-09-16,1.02,,,,,,,
JR구좌3,2013-09-17,1.0,,,,,,,
JR구좌3,2013-09-18,1.0,,,,,,,
JR구좌3,2013-09-19,0.99,,,,,,,
JR구좌3,2013-09-20,0.98,,,,,,,
JR구좌3,2013-09-21,0.97,,,,,,,
JR구좌3,2013-09-22,0.99,,,,,,,
JR구좌3,2013-09-23,1.01,,,,,,,
JR구좌3,2013-09-24,0.99,,,,,,,
JR구좌3,2013-09-25,0.99,,,,,,,
JR구좌3,2013-09-26,0.98,,,,,,,
JR구좌3,2013-09-27,0.97,,,,,,,
JR구좌3,2013-09-28,0.97,,,,,,,
JR구좌3,2013-09-29,0.98,,,,,,,
JR구좌3,2013-09-30,0.99,,,,,,,
JR구좌3,2013-10-01,1.01,,,,,,,
JR구좌3,2013-10-02,1.03,,,,,,,
JR구좌3,2013-10-03,1.0,,,,,,,
JR구좌3,2013-10-04,1.0,,,,,,,
JR구좌3,2013-10-05,1.01,,,,,,,
JR구좌3,2013-10-06,1.01,,,,,,,
JR구좌3,2013-10-07,1.0,,,,,,,
JR구좌3,2013-10-08,1.03,,,,,,,
JR구좌3,2013-10-09,1.09,,,,,,,
JR구좌3,2013-10-10,1.1,,,,,,,
JR구좌3,2013-10-11,1.09,,,,,,,
JR구좌3,2013-10-12,1.06,,,,,,,
JR구좌3,2013-10-13,1.06,,,,,,,
JR구좌3,2013-10-14,1.06,,,,,,,
JR구좌3,2013-10-15,1.04,,,,,,,
JR구좌3,2013-10-16,1.05,,,,,,,
JR구좌3,2013-10-17,1.02,,,,,,,
JR구좌3,2013-10-18,1.03,,,,,,,
JR구좌3,2013-10-19,1.04,,,,,,,
JR구좌3,2013-10-20,1.05,,,,,,,
JR구좌3,2013-10-21,1.06,,,,,,,
JR구좌3,2013-10-22,1.1,,,,,,,
JR구좌3,2013-10-23,1.12,,,,,,,
JR구좌3,2013-10-24,1.12,,,,,,,
JR구좌3,2013-10-25,1.08,,,,,,,
JR구좌3,2013-10-26,1.05,,,,,,,
JR구좌3,2013-10-27,1.02,,,,,,,
JR구좌3,2013-10-28,1.02,,,,,,,
JR구좌3,2013-10-29,1.01,,,,,,,
JR구좌3,2013-10-30,0.99,,,,,,,
JR구좌3,2013-10-31,0.98,,,,,,,
JR구좌3,2013-11-01,0.99,,,,,,,
JR구좌3,2013-11-02,1.0,,,,,,,
JR구좌3,2013-11-03,1.0,,,,,,,
JR구좌3,2013-11-04,1.0,,,,,,,
JR구좌3,2013-11-05,0.99,,,,,,,
JR구좌3,2013-11-06,0.99,,,,,,,
JR구좌3,2013-11-07,0.97,,,,,,,
JR구좌3,2013-11-08,0.97,,,,,,,
JR구좌3,2013-11-09,1.0,,,,,,,
JR구좌3,2013-11-10,0.98,,,,,,,
JR구좌3,2013-11-11,0.91,,,,,,,
JR구좌3,2013-11-12,0.9,,,,,,,
JR구좌3,2013-11-13,0.91,,,,,,,
JR구좌3,2013-11-14,0.96,,,,,,,
JR구좌3,2013-11-15,0.99,,,,,,,
JR구좌3,2013-11-16,1.0,,,,,,,
JR구좌3,2013-11-17,1.0,,,,,,,
JR구좌3,2013-11-18,0.98,,,,,,,
JR구좌3,2013-11-19,0.95,,,,,,,
JR구좌3,2013-11-20,0.93,,,,,,,
JR구좌3,2013-11-21,0.93,,,,,,,
JR구좌3,2013-11-22,0.91,,,,,,,
JR구좌3,2013-11-23,0.9,,,,,,,
JR구좌3,2013-11-24,0.91,,,,,,,
JR구좌3,2013-11-25,0.94,,,,,,,
JR구좌3,2013-11-26,0.89,,,,,,,
JR구좌3,2013-11-27,0.9,,,,,,,
JR구좌3,2013-11-28,0.85,,,,,,,
JR구좌3,2013-11-29,0.82,,,,,,,
JR구좌3,2013-11-30,0.83,,,,,,,
JR구좌3,2013-12-01,0.86,,,,,,,
JR구좌3,2013-12-02,0.85,,,,,,,
JR구좌3,2013-12-03,0.86,,,,,,,
JR구좌3,2013-12-04,0.88,,,,,,,
JR구좌3,2013-12-05,0.88,,,,,,,
JR구좌3,2013-12-06,0.89,,,,,,,
JR구좌3,2013-12-07,0.89,,,,,,,
JR구좌3,2013-12-08,0.89,,,,,,,
JR구좌3,2013-12-09,0.91,,,,,,,
JR구좌3,2013-12-10,0.88,,,,,,,
JR구좌3,2013-12-11,0.89,,,,,,,
JR구좌3,2013-12-12,0.87,,,,,,,
JR구좌3,2013-12-13,0.86,,,,,,,
JR구좌3,2013-12-14,0.84,,,,,,,
JR구좌3,2013-12-15,0.83,,,,,,,
JR구좌3,2013-12-16,0.84,,,,,,,
JR구좌3,2013-12-17,0.88,,,,,,,
JR구좌3,2013-12-18,0.94,,,,,,,
JR구좌3,2013-12-19,0.93,,,,,,,
JR구좌3,2013-12-20,0.87,,,,,,,
JR구좌3,2013-12-21,0.86,,,,,,,
JR구좌3,2013-12-22,0.87,,,,,,,
JR구좌3,2013-12-23,0.88,,,,,,,
JR구좌3,2013-12-24,0.88,,,,,,,
JR구좌3,2013-12-25,0.89,,,,,,,
JR구좌3,2013-12-26,0.9,,,,,,,
JR구좌3,2013-12-27,0.87,,,,,,,
JR구좌3,2013-12-28,0.85,,,,,,,
JR구좌3,2013-12-29,0.87,,,,,,,
JR구좌3,2013-12-30,0.86,,,,,,,
JR구좌3,2013-12-31,0.86,,,,,,,
JR구좌3,2014-01-01,0.86,,,,,,,
JR구좌3,2014-01-02,0.87,,,,,,,
JR구좌3,2014-01-03,0.89,,,,,,,
JR구좌3,2014-01-04,0.9,,,,,,,
JR구좌3,2014-01-05,0.89,,,,,,,
JR구좌3,2014-01-06,0.86,,,,,,,
JR구좌3,2014-01-07,0.85,,,,,,,
JR구좌3,2014-01-08,0.84,,,,,,,
JR구좌3,2014-01-09,0.81,,,,,,,
JR구좌3,2014-01-10,0.78,,,,,,,
JR구좌3,2014-01-11,0.78,,,,,,,
JR구좌3,2014-01-12,0.78,,,,,,,
JR구좌3,2014-01-13,0.78,,,,,,,
JR구좌3,2014-01-14,0.78,,,,,,,
JR구좌3,2014-01-15,0.79,,,,,,,
JR구좌3,2014-01-16,0.79,,,,,,,
JR구좌3,2014-01-17,0.79,,,,,,,
JR구좌3,2014-01-18,0.8,,,,,,,
JR구좌3,2014-01-19,0.78,,,,,,,
JR구좌3,2014-01-20,0.8,,,,,,,
JR구좌3,2014-01-21,0.78,,,,,,,
JR구좌3,2014-01-22,0.77,,,,,,,
JR구좌3,2014-01-23,0.77,,,,,,,
JR구좌3,2014-01-24,0.79,,,,,,,
JR구좌3,2014-01-25,0.81,,,,,,,
JR구좌3,2014-01-26,0.8,,,,,,,
JR구좌3,2014-01-27,0.8,,,,,,,
JR구좌3,2014-01-28,0.8,,,,,,,
JR구좌3,2014-01-29,0.8,,,,,,,
JR구좌3,2014-01-30,0.83,,,,,,,
JR구좌3,2014-01-31,0.84,,,,,,,
JR구좌3,2014-02-01,0.88,,,,,,,
JR구좌3,2014-02-02,0.92,,,,,,,
JR구좌3,2014-02-03,0.93,,,,,,,
JR구좌3,2014-02-04,0.89,,,,,,,
JR구좌3,2014-02-05,0.84,,,,,,,
JR구좌3,2014-02-06,0.85,,,,,,,
JR구좌3,2014-02-07,0.89,,,,,,,
JR구좌3,2014-02-08,0.93,,,,,,,
JR구좌3,2014-02-09,0.9,,,,,,,
JR구좌3,2014-02-10,0.89,,,,,,,
JR구좌3,2014-02-11,0.94,,,,,,,
JR구좌3,2014-02-12,0.94,,,,,,,
JR구좌3,2014-02-13,0.91,,,,,,,
JR구좌3,2014-02-14,0.92,,,,,,,
JR구좌3,2014-02-15,0.92,,,,,,,
JR구좌3,2014-02-16,0.88,,,,,,,
JR구좌3,2014-02-17,0.89,,,,,,,
JR구좌3,2014-02-18,0.96,,,,,,,
JR구좌3,2014-02-19,1.0,,,,,,,
JR구좌3,2014-02-20,0.97,,,,,,,
JR구좌3,2014-02-21,0.92,,,,,,,
JR구좌3,2014-02-22,0.89,,,,,,,
JR구좌3,2014-02-23,0.89,,,,,,,
JR구좌3,2014-02-24,0.88,,,,,,,
JR구좌3,2014-02-25,0.88,,,,,,,
JR구좌3,2014-02-26,0.9,,,,,,,
JR구좌3,2014-02-27,0.95,,,,,,,
JR구좌3,2014-02-28,0.95,,,,,,,
JR구좌3,2014-03-01,0.98,,,,,,,
JR구좌3,2014-03-02,1.0,,,,,,,
JR구좌3,2014-03-03,1.02,,,,,,,
JR구좌3,2014-03-04,1.04,,,,,,,
JR구좌3,2014-03-05,1.04,,,,,,,
JR구좌3,2014-03-06,1.01,,,,,,,
JR구좌3,2014-03-07,1.0,,,,,,,
JR구좌3,2014-03-08,0.97,,,,,,,
JR구좌3,2014-03-09,0.98,,,,,,,
JR구좌3,2014-03-10,0.97,,,,,,,
JR구좌3,2014-03-11,0.96,,,,,,,
JR구좌3,2014-03-12,0.98,,,,,,,
JR구좌3,2014-03-13,1.04,,,,,,,
JR구좌3,2014-03-14,1.03,,,,,,,
JR구좌3,2014-03-15,1.01,,,,,,,
JR구좌3,2014-03-16,1.0,,,,,,,
JR구좌3,2014-03-17,1.0,,,,,,,
JR구좌3,2014-03-18,1.02,,,,,,,
JR구좌3,2014-03-19,1.03,,,,,,,
JR구좌3,2014-03-20,1.05,,,,,,,
JR구좌3,2014-03-21,0.99,,,,,,,
JR구좌3,2014-03-22,0.97,,,,,,,
JR구좌3,2014-03-23,0.96,,,,,,,
JR구좌3,2014-03-24,0.94,,,,,,,
JR구좌3,2014-03-25,0.94,,,,,,,
JR구좌3,2014-03-26,0.98,,,,,,,
JR구좌3,2014-03-27,1.0,,,,,,,
JR구좌3,2014-03-28,0.99,,,,,,,
JR구좌3,2014-03-29,1.01,,,,,,,
JR구좌3,2014-03-30,1.05,,,,,,,
JR구좌3,2014-03-31,1.05,,,,,,,
JR구좌3,2014-04-01,1.04,,,,,,,
JR구좌3,2014-04-02,1.04,,,,,,,
JR구좌3,2014-04-03,1.04,,,,,,,
JR구좌3,2014-04-04,1.03,,,,,,,
JR구좌3,2014-04-05,1.05,,,,,,,
JR구좌3,2014-04-06,1.01,,,,,,,
JR구좌3,2014-04-07,0.98,,,,,,,
JR구좌3,2014-04-08,0.97,,,,,,,
JR구좌3,2014-04-09,0.98,,,,,,,
JR구좌3,2014-04-10,0.98,,,,,,,
JR구좌3,2014-04-11,0.99,,,,,,,
JR구좌3,2014-04-12,0.99,,,,,,,
JR구좌3,2014-04-13,1.01,,,,,,,
JR구좌3,2014-04-14,1.03,,,,,,,
JR구좌3,2014-04-15,1.0,,,,,,,
JR구좌3,2014-04-16,0.97,,,,,,,
JR구좌3,2014-04-17,1.0,,,,,,,
JR구좌3,2014-04-18,1.04,,,,,,,
JR구좌3,2014-04-19,1.05,,,,,,,
JR구좌3,2014-04-20,1.05,,,,,,,
JR구좌3,2014-04-21,1.03,,,,,,,
JR구좌3,2014-04-22,1.01,,,,,,,
JR구좌3,2014-04-23,1.0,,,,,,,
JR구좌3,2014-04-24,0.99,,,,,,,
JR구좌3,2014-04-25,0.94,,,,,,,
JR구좌3,2014-04-26,0.9,,,,,,,
JR구좌3,2014-04-27,0.91,,,,,,,
JR구좌3,2014-04-28,0.95,,,,,,,
JR구좌3,2014-04-29,0.98,,,,,,,
JR구좌3,2014-04-30,0.99,,,,,,,
JR구좌3,2014-05-01,0.99,,,,,,,
JR구좌3,2014-05-02,0.98,,,,,,,
JR구좌3,2014-05-03,0.96,,,,,,,
JR구좌3,2014-05-04,0.96,,,,,,,
JR구좌3,2014-05-05,0.95,,,,,,,
JR구좌3,2014-05-06,0.93,,,,,,,
JR구좌3,2014-05-07,0.92,,,,,,,
JR구좌3,2014-05-08,0.93,,,,,,,
JR구좌3,2014-05-09,0.92,,,,,,,
JR구좌3,2014-05-10,0.92,,,,,,,
JR구좌3,2014-05-11,0.93,,,,,,,
JR구좌3,2014-05-12,0.95,,,,,,,
JR구좌3,2014-05-13,0.94,,,,,,,
JR구좌3,2014-05-14,0.97,,,,,,,
JR구좌3,2014-05-15,1.03,,,,,,,
JR구좌3,2014-05-16,1.04,,,,,,,
JR구좌3,2014-05-17,1.04,,,,,,,
JR구좌3,2014-05-18,1.05,,,,,,,
JR구좌3,2014-05-19,1.04,,,,,,,
JR구좌3,2014-05-20,1.04,,,,,,,
JR구좌3,2014-05-21,1.06,,,,,,,
JR구좌3,2014-05-22,1.05,,,,,,,
JR구좌3,2014-05-23,1.04,,,,,,,
JR구좌3,2014-05-24,1.0,,,,,,,
JR구좌3,2014-05-25,0.99,,,,,,,
JR구좌3,2014-05-26,1.03,,,,,,,
JR구좌3,2014-05-27,1.06,,,,,,,
JR구좌3,2014-05-28,1.11,,,,,,,
JR구좌3,2014-05-29,1.12,,,,,,,
JR구좌3,2014-05-30,1.1,,,,,,,
JR구좌3,2014-05-31,1.07,,,,,,,
JR구좌3,2014-06-01,1.04,,,,,,,
JR구좌3,2014-06-02,1.07,,,,,,,
JR구좌3,2014-06-03,1.1,,,,,,,
JR구좌3,2014-06-04,1.11,,,,,,,
JR구좌3,2014-06-05,1.12,,,,,,,
JR구좌3,2014-06-06,1.1,,,,,,,
JR구좌3,2014-06-07,1.08,,,,,,,
JR구좌3,2014-06-08,1.07,,,,,,,
JR구좌3,2014-06-09,1.06,,,,,,,
JR구좌3,2014-06-10,1.05,,,,,,,
JR구좌3,2014-06-11,1.05,,,,,,,
JR구좌3,2014-06-12,1.07,,,,,,,
JR구좌3,2014-06-13,1.08,,,,,,,
JR구좌3,2014-06-14,1.08,,,,,,,
JR구좌3,2014-06-15,1.08,,,,,,,
JR구좌3,2014-06-16,1.07,,,,,,,
JR구좌3,2014-06-17,1.08,,,,,,,
JR구좌3,2014-06-18,1.11,,,,,,,
JR구좌3,2014-06-19,1.09,,,,,,,
JR구좌3,2014-06-20,1.07,,,,,,,
JR구좌3,2014-06-21,1.07,,,,,,,
JR구좌3,2014-06-22,1.08,,,,,,,
JR구좌3,2014-06-23,1.07,,,,,,,
JR구좌3,2014-06-24,1.06,,,,,,,
JR구좌3,2014-06-25,1.07,,,,,,,
JR구좌3,2014-06-26,1.09,,,,,,,
JR구좌3,2014-06-27,1.1,,,,,,,
JR구좌3,2014-06-28,1.1,,,,,,,
JR구좌3,2014-06-29,1.09,,,,,,,
JR구좌3,2014-06-30,1.09,,,,,,,
JR구좌3,2014-07-01,1.07,,,,,,,
JR구좌3,2014-07-02,1.05,,,,,,,
JR구좌3,2014-07-03,1.07,,,,,,,
JR구좌3,2014-07-04,1.09,,,,,,,
JR구좌3,2014-07-05,1.1,,,,,,,
JR구좌3,2014-07-06,1.13,,,,,,,
JR구좌3,2014-07-07,1.33,,,,,,,
JR구좌3,2014-07-08,1.4,,,,,,,
JR구좌3,2014-07-09,1.44,,,,,,,
JR구좌3,2014-07-10,1.53,,,,,,,
JR구좌3,2014-07-11,1.54,,,,,,,
JR구좌3,2014-07-12,1.52,,,,,,,
JR구좌3,2014-07-13,1.5,,,,,,,
JR구좌3,2014-07-14,1.48,,,,,,,
JR구좌3,2014-07-15,1.44,,,,,,,
JR구좌3,2014-07-16,1.41,,,,,,,
JR구좌3,2014-07-17,1.38,,,,,,,
JR구좌3,2014-07-18,1.37,,,,,,,
JR구좌3,2014-07-19,1.37,,,,,,,
JR구좌3,2014-07-20,1.36,,,,,,,
JR구좌3,2014-07-21,1.36,,,,,,,
JR구좌3,2014-07-22,1.35,,,,,,,
JR구좌3,2014-07-23,1.35,,,,,,,
JR구좌3,2014-07-24,1.35,,,,,,,
JR구좌3,2014-07-25,1.36,,,,,,,
JR구좌3,2014-07-26,1.34,,,,,,,
JR구좌3,2014-07-27,1.3,,,,,,,
JR구좌3,2014-07-28,1.29,,,,,,,
JR구좌3,2014-07-29,1.28,,,,,,,
JR구좌3,2014-07-30,1.28,,,,,,,
JR구좌3,2014-07-31,1.27,,,,,,,
JR구좌3,2014-08-01,1.31,,,,,,,
JR구좌3,2014-08-02,1.38,,,,,,,
JR구좌3,2014-08-03,1.53,,,,,,,
JR구좌3,2014-08-04,1.65,,,,,,,
JR구좌3,2014-08-05,1.66,,,,,,,
JR구좌3,2014-08-06,1.63,,,,,,,
JR구좌3,2014-08-07,1.62,,,,,,,
JR구좌3,2014-08-08,1.63,,,,,,,
JR구좌3,2014-08-09,1.65,,,,,,,
JR구좌3,2014-08-10,1.65,,,,,,,
JR구좌3,2014-08-11,1.63,,,,,,,
JR구좌3,2014-08-12,1.61,,,,,,,
JR구좌3,2014-08-13,1.59,,,,,,,
JR구좌3,2014-08-14,1.56,,,,,,,
JR구좌3,2014-08-15,1.54,,,,,,,
JR구좌3,2014-08-16,1.52,,,,,,,
JR구좌3,2014-08-17,1.5,,,,,,,
JR구좌3,2014-08-18,1.56,,,,,,,
JR구좌3,2014-08-19,1.67,,,,,,,
JR구좌3,2014-08-20,1.77,,,,,,,
JR구좌3,2014-08-21,2.12,,,,,,,
JR구좌3,2014-08-22,2.31,,,,,,,
JR구좌3,2014-08-23,2.28,,,,,,,
JR구좌3,2014-08-24,2.2,,,,,,,
JR구좌3,2014-08-25,2.21,,,,,,,
JR구좌3,2014-08-26,2.23,,,,,,,
JR구좌3,2014-08-27,2.17,,,,,,,
JR구좌3,2014-08-28,2.09,,,,,,,
JR구좌3,2014-08-29,2.01,,,,,,,
JR구좌3,2014-08-30,2.0,,,,,,,
JR구좌3,2014-08-31,2.03,,,,,,,
JR구좌3,2014-09-01,2.04,,,,,,,
JR구좌3,2014-09-02,2.02,,,,,,,
JR구좌3,2014-09-03,2.01,,,,,,,
JR구좌3,2014-09-04,1.99,,,,,,,
JR구좌3,2014-09-05,1.94,,,,,,,
JR구좌3,2014-09-06,1.88,,,,,,,
JR구좌3,2014-09-07,1.85,,,,,,,
JR구좌3,2014-09-08,1.83,,,,,,,
JR구좌3,2014-09-09,1.82,,,,,,,
JR구좌3,2014-09-10,1.8,,,,,,,
JR구좌3,2014-09-11,1.77,,,,,,,
JR구좌3,2014-09-12,1.73,,,,,,,
JR구좌3,2014-09-13,1.7,,,,,,,
JR구좌3,2014-09-14,1.67,,,,,,,
JR구좌3,2014-09-15,1.62,,,,,,,
JR구좌3,2014-09-16,1.58,,,,,,,
JR구좌3,2014-09-17,1.54,,,,,,,
JR구좌3,2014-09-18,1.51,,,,,,,
JR구좌3,2014-09-19,1.49,,,,,,,
JR구좌3,2014-09-20,1.48,,,,,,,
JR구좌3,2014-09-21,1.48,,,,,,,
JR구좌3,2014-09-22,1.46,,,,,,,
JR구좌3,2014-09-23,1.45,,,,,,,
JR구좌3,2014-09-24,1.46,,,,,,,
JR구좌3,2014-09-25,1.45,,,,,,,
JR구좌3,2014-09-26,1.44,,,,,,,
JR구좌3,2014-09-27,1.42,,,,,,,
JR구좌3,2014-09-28,1.38,,,,,,,
JR구좌3,2014-09-29,1.37,,,,,,,
JR구좌3,2014-09-30,1.36,,,,,,,
JR구좌3,2014-10-01,1.37,,,,,,,
JR구좌3,2014-10-02,1.35,,,,,,,
JR구좌3,2014-10-03,1.33,,,,,,,
JR구좌3,2014-10-04,1.33,,,,,,,
JR구좌3,2014-10-05,1.38,,,,,,,
JR구좌3,2014-10-06,1.35,,,,,,,
JR구좌3,2014-10-07,1.29,,,,,,,
JR구좌3,2014-10-08,1.3,,,,,,,
JR구좌3,2014-10-09,1.32,,,,,,,
JR구좌3,2014-10-10,1.32,,,,,,,
JR구좌3,2014-10-11,1.34,,,,,,,
JR구좌3,2014-10-12,1.38,,,,,,,
JR구좌3,2014-10-13,1.45,,,,,,,
JR구좌3,2014-10-14,1.51,,,,,,,
JR구좌3,2014-10-15,1.5,,,,,,,
JR구좌3,2014-10-16,1.5,,,,,,,
JR구좌3,2014-10-17,1.47,,,,,,,
JR구좌3,2014-10-18,1.44,,,,,,,
JR구좌3,2014-10-19,1.42,,,,,,,
JR구좌3,2014-10-20,1.41,,,,,,,
JR구좌3,2014-10-21,1.42,,,,,,,
JR구좌3,2014-10-22,1.46,,,,,,,
JR구좌3,2014-10-23,1.44,,,,,,,
JR구좌3,2014-10-24,1.4,,,,,,,
JR구좌3,2014-10-25,1.38,,,,,,,
JR구좌3,2014-10-26,1.37,,,,,,,
JR구좌3,2014-10-27,1.37,,,,,,,
JR구좌3,2014-10-28,1.34,,,,,,,
JR구좌3,2014-10-29,1.31,,,,,,,
JR구좌3,2014-10-30,1.3,,,,,,,
JR구좌3,2014-10-31,1.32,,,,,,,
JR구좌3,2014-11-01,1.33,,,,,,,
JR구좌3,2014-11-02,1.33,,,,,,,
JR구좌3,2014-11-03,1.29,,,,,,,
JR구좌3,2014-11-04,1.26,,,,,,,
JR구좌3,2014-11-05,1.24,,,,,,,
JR구좌3,2014-11-06,1.24,,,,,,,
JR구좌3,2014-11-07,1.23,,,,,,,
JR구좌3,2014-11-08,1.22,,,,,,,
JR구좌3,2014-11-09,1.21,,,,,,,
JR구좌3,2014-11-10,1.2,,,,,,,
JR구좌3,2014-11-11,1.2,,,,,,,
JR구좌3,2014-11-12,1.2,,,,,,,
JR구좌3,2014-11-13,1.15,,,,,,,
JR구좌3,2014-11-14,1.11,,,,,,,
JR구좌3,2014-11-15,1.08,,,,,,,
JR구좌3,2014-11-16,1.06,,,,,,,
JR구좌3,2014-11-17,1.06,,,,,,,
JR구좌3,2014-11-18,1.05,,,,,,,
JR구좌3,2014-11-19,1.05,,,,,,,
JR구좌3,2014-11-20,1.05,,,,,,,
JR구좌3,2014-11-21,1.05,,,,,,,
JR구좌3,2014-11-22,1.06,,,,,,,
JR구좌3,2014-11-23,1.08,,,,,,,
JR구좌3,2014-11-24,1.11,,,,,,,
JR구좌3,2014-11-25,1.15,,,,,,,
JR구좌3,2014-11-26,1.19,,,,,,,
JR구좌3,2014-11-27,1.16,,,,,,,
JR구좌3,2014-11-28,1.15,,,,,,,
JR구좌3,2014-11-29,1.14,,,,,,,
JR구좌3,2014-11-30,1.17,,,,,,,
JR구좌3,2014-12-01,1.15,,,,,,,
JR구좌3,2014-12-02,1.07,,,,,,,
JR구좌3,2014-12-03,1.04,,,,,,,
JR구좌3,2014-12-04,1.04,,,,,,,
JR구좌3,2014-12-05,1.01,,,,,,,
JR구좌3,2014-12-06,0.97,,,,,,,
JR구좌3,2014-12-07,0.97,,,,,,,
JR구좌3,2014-12-08,1.0,,,,,,,
JR구좌3,2014-12-09,0.98,,,,,,,
JR구좌3,2014-12-10,0.98,,,,,,,
JR구좌3,2014-12-11,0.98,,,,,,,
JR구좌3,2014-12-12,0.98,,,,,,,
JR구좌3,2014-12-13,0.97,,,,,,,
JR구좌3,2014-12-14,0.96,,,,,,,
JR구좌3,2014-12-15,0.97,,,,,,,
JR구좌3,2014-12-16,0.99,,,,,,,
JR구좌3,2014-12-17,0.92,,,,,,,
JR구좌3,2014-12-18,0.9,,,,,,,
JR구좌3,2014-12-19,0.94,,,,,,,
JR구좌3,2014-12-20,0.95,,,,,,,
JR구좌3,2014-12-21,0.91,,,,,,,
JR구좌3,2014-12-22,0.88,,,,,,,
JR구좌3,2014-12-23,0.88,,,,,,,
JR구좌3,2014-12-24,0.9,,,,,,,
JR구좌3,2014-12-25,0.9,,,,,,,
JR구좌3,2014-12-26,0.9,,,,,,,
JR구좌3,2014-12-27,0.91,,,,,,,
JR구좌3,2014-12-28,0.91,,,,,,,
JR구좌3,2014-12-29,0.94,,,,,,,
JR구좌3,2014-12-30,0.96,,,,,,,
JR구좌3,2014-12-31,0.99,,,,,,,
JR구좌3,2015-01-01,0.94,,,,,,,
JR구좌3,2015-01-02,0.9,,,,,,,
JR구좌3,2015-01-03,0.9,,,,,,,
JR구좌3,2015-01-04,0.93,,,,,,,
JR구좌3,2015-01-05,0.96,,,,,,,
JR구좌3,2015-01-06,0.98,,,,,,,
JR구좌3,2015-01-07,0.94,,,,,,,
JR구좌3,2015-01-08,0.91,,,,,,,
JR구좌3,2015-01-09,0.89,,,,,,,
JR구좌3,2015-01-10,0.88,,,,,,,
JR구좌3,2015-01-11,0.87,,,,,,,
JR구좌3,2015-01-12,0.86,,,,,,,
JR구좌3,2015-01-13,0.87,,,,,,,
JR구좌3,2015-01-14,0.88,,,,,,,
JR구좌3,2015-01-15,0.91,,,,,,,
JR구좌3,2015-01-16,0.91,,,,,,,
JR구좌3,2015-01-17,0.88,,,,,,,
JR구좌3,2015-01-18,0.88,,,,,,,
JR구좌3,2015-01-19,0.89,,,,,,,
JR구좌3,2015-01-20,0.9,,,,,,,
JR구좌3,2015-01-21,0.92,,,,,,,
JR구좌3,2015-01-22,0.94,,,,,,,
JR구좌3,2015-01-23,0.93,,,,,,,
JR구좌3,2015-01-24,0.92,,,,,,,
JR구좌3,2015-01-25,0.92,,,,,,,
JR구좌3,2015-01-26,0.93,,,,,,,
JR구좌3,2015-01-27,0.89,,,,,,,
JR구좌3,2015-01-28,0.86,,,,,,,
JR구좌3,2015-01-29,0.87,,,,,,,
JR구좌3,2015-01-30,0.88,,,,,,,
JR구좌3,2015-01-31,0.84,,,,,,,
JR구좌3,2015-02-01,0.83,,,,,,,
JR구좌3,2015-02-02,0.83,,,,,,,
JR구좌3,2015-02-03,0.8,,,,,,,
JR구좌3,2015-02-04,0.78,,,,,,,
JR구좌3,2015-02-05,0.78,,,,,,,
JR구좌3,2015-02-06,0.77,,,,,,,
JR구좌3,2015-02-07,0.77,,,,,,,
JR구좌3,2015-02-08,0.77,,,,,,,
JR구좌3,2015-02-09,0.73,,,,,,,
JR구좌3,2015-02-10,0.71,,,,,,,
JR구좌3,2015-02-11,0.76,,,,,,,
JR구좌3,2015-02-12,0.81,,,,,,,
JR구좌3,2015-02-13,0.81,,,,,,,
JR구좌3,2015-02-14,0.8,,,,,,,
JR구좌3,2015-02-15,0.81,,,,,,,
JR구좌3,2015-02-16,0.87,,,,,,,
JR구좌3,2015-02-17,0.87,,,,,,,
JR구좌3,2015-02-18,0.85,,,,,,,
JR구좌3,2015-02-19,0.82,,,,,,,
JR구좌3,2015-02-20,0.82,,,,,,,
JR구좌3,2015-02-21,0.85,,,,,,,
JR구좌3,2015-02-22,0.87,,,,,,,
JR구좌3,2015-02-23,0.83,,,,,,,
JR구좌3,2015-02-24,0.83,,,,,,,
JR구좌3,2015-02-25,0.84,,,,,,,
JR구좌3,2015-02-26,0.86,,,,,,,
JR구좌3,2015-02-27,0.81,,,,,,,
JR구좌3,2015-02-28,0.8,,,,,,,
JR구좌3,2015-03-01,0.8,,,,,,,
JR구좌3,2015-03-02,0.77,,,,,,,
JR구좌3,2015-03-03,0.81,,,,,,,
JR구좌3,2015-03-04,0.81,,,,,,,
JR구좌3,2015-03-05,0.77,,,,,,,
JR구좌3,2015-03-06,0.78,,,,,,,
JR구좌3,2015-03-07,0.79,,,,,,,
JR구좌3,2015-03-08,0.77,,,,,,,
JR구좌3,2015-03-09,0.77,,,,,,,
JR구좌3,2015-03-10,0.71,,,,,,,
JR구좌3,2015-03-11,0.68,,,,,,,
JR구좌3,2015-03-12,0.69,,,,,,,
JR구좌3,2015-03-13,0.72,,,,,,,
JR구좌3,2015-03-14,0.73,,,,,,,
JR구좌3,2015-03-15,0.73,,,,,,,
JR구좌3,2015-03-16,0.73,,,,,,,
JR구좌3,2015-03-17,0.73,,,,,,,
JR구좌3,2015-03-18,0.79,,,,,,,
JR구좌3,2015-03-19,0.87,,,,,,,
JR구좌3,2015-03-20,0.89,,,,,,,
JR구좌3,2015-03-21,0.88,,,,,,,
JR구좌3,2015-03-22,0.87,,,,,,,
JR구좌3,2015-03-23,0.85,,,,,,,
JR구좌3,2015-03-24,0.82,,,,,,,
JR구좌3,2015-03-25,0.8,,,,,,,
JR구좌3,2015-03-26,0.76,,,,,,,
JR구좌3,2015-03-27,0.74,,,,,,,
JR구좌3,2015-03-28,0.75,,,,,,,
JR구좌3,2015-03-29,0.79,,,,,,,
JR구좌3,2015-03-30,0.83,,,,,,,
JR구좌3,2015-03-31,0.84,,,,,,,
JR구좌3,2015-04-01,0.86,,,,,,,
JR구좌3,2015-04-02,0.89,,,,,,,
JR구좌3,2015-04-03,0.92,,,,,,,
JR구좌3,2015-04-04,0.93,,,,,,,
JR구좌3,2015-04-05,0.93,,,,,,,
JR구좌3,2015-04-06,0.89,,,,,,,
JR구좌3,2015-04-07,0.86,,,,,,,
JR구좌3,2015-04-08,0.84,,,,,,,
JR구좌3,2015-04-09,0.83,,,,,,,
JR구좌3,2015-04-10,0.84,,,,,,,
JR구좌3,2015-04-11,0.84,,,,,,,
JR구좌3,2015-04-12,0.85,,,,,,,
JR구좌3,2015-04-13,0.89,,,,,,,
JR구좌3,2015-04-14,0.91,,,,,,,
JR구좌3,2015-04-15,0.92,,,,,,,
JR구좌3,2015-04-16,0.96,,,,,,,
JR구좌3,2015-04-17,0.97,,,,,,,
JR구좌3,2015-04-18,0.97,,,,,,,
JR구좌3,2015-04-19,1.01,,,,,,,
JR구좌3,2015-04-20,1.08,,,,,,,
JR구좌3,2015-04-21,1.09,,,,,,,
JR구좌3,2015-04-22,1.03,,,,,,,
JR구좌3,2015-04-23,0.97,,,,,,,
JR구좌3,2015-04-24,0.93,,,,,,,
JR구좌3,2015-04-25,0.91,,,,,,,
JR구좌3,2015-04-26,0.9,,,,,,,
JR구좌3,2015-04-27,0.88,,,,,,,
JR구좌3,2015-04-28,0.9,,,,,,,
JR구좌3,2015-04-29,0.96,,,,,,,
JR구좌3,2015-04-30,0.98,,,,,,,
JR구좌3,2015-05-01,0.98,,,,,,,
JR구좌3,2015-05-02,0.99,,,,,,,
JR구좌3,2015-05-03,1.03,,,,,,,
JR구좌3,2015-05-04,1.09,,,,,,,
JR구좌3,2015-05-05,1.12,,,,,,,
JR구좌3,2015-05-06,1.13,,,,,,,
JR구좌3,2015-05-07,1.14,,,,,,,
JR구좌3,2015-05-08,1.13,,,,,,,
JR구좌3,2015-05-09,1.12,,,,,,,
JR구좌3,2015-05-10,1.11,,,,,,,
JR구좌3,2015-05-11,1.1,,,,,,,
JR구좌3,2015-05-12,1.25,,,,,,,
JR구좌3,2015-05-13,1.44,,,,,,,
JR구좌3,2015-05-14,1.51,,,,,,,
JR구좌3,2015-05-15,1.55,,,,,,,
JR구좌3,2015-05-18,1.48,,,,,,,
JR구좌3,2015-05-19,1.5,,,,,,,
JR구좌3,2015-05-20,1.49,,,,,,,
JR구좌3,2015-05-21,1.45,,,,,,,
JR구좌3,2015-05-22,1.39,,,,,,,
JR구좌3,2015-05-23,1.36,,,,,,,
JR구좌3,2015-05-24,1.35,,,,,,,
JR구좌3,2015-05-25,1.35,,,,,,,
JR구좌3,2015-05-26,1.32,,,,,,,
JR구좌3,2015-05-27,1.3,,,,,,,
JR구좌3,2015-05-28,1.3,,,,,,,
JR구좌3,2015-05-29,1.3,,,,,,,
JR구좌3,2015-05-30,1.29,,,,,,,
JR구좌3,2015-05-31,1.29,,,,,,,
JR구좌3,2015-06-01,1.28,,,,,,,
JR구좌3,2015-06-02,1.26,,,,,,,
JR구좌3,2015-06-03,1.27,,,,,,,
JR구좌3,2015-06-04,1.26,,,,,,,
JR구좌3,2015-06-05,1.26,,,,,,,
JR구좌3,2015-06-06,1.26,,,,,,,
JR구좌3,2015-06-07,1.23,,,,,,,
JR구좌3,2015-06-08,1.2,,,,,,,
JR구좌3,2015-06-09,1.19,,,,,,,
JR구좌3,2015-06-10,1.18,,,,,,,
JR구좌3,2015-06-11,1.19,,,,,,,
JR구좌3,2015-06-12,1.19,,,,,,,
JR구좌3,2015-06-13,1.17,,,,,,,
JR구좌3,2015-06-14,1.17,,,,,,,
JR구좌3,2015-06-15,1.16,,,,,,,
JR구좌3,2015-06-16,1.15,,,,,,,
JR구좌3,2015-06-17,1.16,,,,,,,
JR구좌3,2015-06-18,1.19,,,,,,,
JR구좌3,2015-06-19,1.19,,,,,,,
JR구좌3,2015-06-20,1.15,,,,,,,
JR구좌3,2015-06-21,1.12,,,,,,,
JR구좌3,2015-06-22,1.11,,,,,,,
JR구좌3,2015-06-23,1.1,,,,,,,
JR구좌3,2015-06-24,1.1,,,,,,,
JR구좌3,2015-06-25,1.12,,,,,,,
JR구좌3,2015-06-26,1.17,,,,,,,
JR구좌3,2015-06-27,1.19,,,,,,,
JR구좌3,2015-06-28,1.19,,,,,,,
JR구좌3,2015-06-29,1.16,,,,,,,
JR구좌3,2015-06-30,1.15,,,,,,,
JR구좌3,2015-07-01,1.21,,,,,,,
JR구좌3,2015-07-02,1.25,,,,,,,
JR구좌3,2015-07-03,1.27,,,,,,,
JR구좌3,2015-07-04,1.25,,,,,,,
JR구좌3,2015-07-05,1.22,,,,,,,
JR구좌3,2015-07-06,1.2,,,,,,,
JR구좌3,2015-07-07,1.2,,,,,,,
JR구좌3,2015-07-08,1.36,,,,,,,
JR구좌3,2015-07-09,1.61,,,,,,,
JR구좌3,2015-07-10,1.65,,,,,,,
JR구좌3,2015-07-11,1.64,,,,,,,
JR구좌3,2015-07-12,1.83,,,,,,,
JR구좌3,2015-07-13,2.46,,,,,,,
JR구좌3,2015-07-14,2.69,,,,,,,
JR구좌3,2015-07-15,2.64,,,,,,,
JR구좌3,2015-07-16,2.54,,,,,,,
JR구좌3,2015-07-17,2.46,,,,,,,
JR구좌3,2015-07-18,2.34,,,,,,,
JR구좌3,2015-07-19,2.23,,,,,,,
JR구좌3,2015-07-20,2.14,,,,,,,
JR구좌3,2015-07-21,2.06,,,,,,,
JR구좌3,2015-07-22,1.98,,,,,,,
JR구좌3,2015-07-23,1.9,,,,,,,
JR구좌3,2015-07-24,1.85,,,,,,,
JR구좌3,2015-07-25,1.81,,,,,,,
JR구좌3,2015-07-26,1.77,,,,,,,
JR구좌3,2015-07-27,1.73,,,,,,,
JR구좌3,2015-07-28,1.68,,,,,,,
JR구좌3,2015-07-29,1.64,,,,,,,
JR구좌3,2015-07-30,1.61,,,,,,,
JR구좌3,2015-07-31,1.57,,,,,,,
JR구좌3,2015-08-01,1.54,,,,,,,
JR구좌3,2015-08-02,1.52,,,,,,,
JR구좌3,2015-08-03,1.5,,,,,,,
JR구좌3,2015-08-04,1.48,,,,,,,
JR구좌3,2015-08-05,1.46,,,,,,,
JR구좌3,2015-08-06,1.45,,,,,,,
JR구좌3,2015-08-07,1.43,,,,,,,
JR구좌3,2015-08-08,1.41,,,,,,,
JR구좌3,2015-08-09,1.39,,,,,,,
JR구좌3,2015-08-10,1.38,,,,,,,
JR구좌3,2015-08-11,1.39,,,,,,,
JR구좌3,2015-08-12,1.46,,,,,,,
JR구좌3,2015-08-13,1.52,,,,,,,
JR구좌3,2015-08-14,1.52,,,,,,,
JR구좌3,2015-08-15,1.5,,,,,,,
JR구좌3,2015-08-16,1.48,,,,,,,
JR구좌3,2015-08-17,1.49,,,,,,,
JR구좌3,2015-08-18,1.47,,,,,,,
JR구좌3,2015-08-19,1.46,,,,,,,
JR구좌3,2015-08-20,1.43,,,,,,,
JR구좌3,2015-08-21,1.43,,,,,,,
JR구좌3,2015-08-22,1.46,,,,,,,
JR구좌3,2015-08-23,1.48,,,,,,,
JR구좌3,2015-08-24,1.51,,,,,,,
JR구좌3,2015-08-25,1.56,,,,,,,
JR구좌3,2015-08-26,1.57,,,,,,,
JR구좌3,2015-08-27,1.56,,,,,,,
JR구좌3,2015-08-28,1.57,,,,,,,
JR구좌3,2015-08-29,1.63,,,,,,,
JR구좌3,2015-08-30,1.67,,,,,,,
JR구좌3,2015-08-31,1.66,,,,,,,
JR구좌3,2015-09-01,1.64,,,,,,,
JR구좌3,2015-09-02,1.6,,,,,,,
JR구좌3,2015-09-03,1.55,,,,,,,
JR구좌3,2015-09-04,1.5,,,,,,,
JR구좌3,2015-09-05,1.48,,,,,,,
JR구좌3,2015-09-06,1.5,,,,,,,
JR구좌3,2015-09-07,1.51,,,,,,,
JR구좌3,2015-09-08,1.5,,,,,,,
JR구좌3,2015-09-09,1.48,,,,,,,
JR구좌3,2015-09-10,1.46,,,,,,,
JR구좌3,2015-09-11,1.43,,,,,,,
JR구좌3,2015-09-12,1.42,,,,,,,
JR구좌3,2015-09-13,1.4,,,,,,,
JR구좌3,2015-09-14,1.37,,,,,,,
JR구좌3,2015-09-15,1.35,,,,,,,
JR구좌3,2015-09-16,1.33,,,,,,,
JR구좌3,2015-09-17,1.34,,,,,,,
JR구좌3,2015-09-18,1.35,,,,,,,
JR구좌3,2015-09-19,1.34,,,,,,,
JR구좌3,2015-09-20,1.34,,,,,,,
JR구좌3,2015-09-21,1.33,,,,,,,
JR구좌3,2015-09-22,1.32,,,,,,,
JR구좌3,2015-09-23,1.32,,,,,,,
JR구좌3,2015-09-24,1.36,,,,,,,
JR구좌3,2015-09-25,1.42,,,,,,,
JR구좌3,2015-09-26,1.44,,,,,,,
JR구좌3,2015-09-27,1.44,,,,,,,
JR구좌3,2015-09-28,1.42,,,,,,,
JR구좌3,2015-09-29,1.41,,,,,,,
JR구좌3,2015-09-30,1.38,,,,,,,
JR구좌3,2015-10-01,1.43,,,,,,,
JR구좌3,2015-10-02,1.51,,,,,,,
JR구좌3,2015-10-03,1.53,,,,,,,
JR구좌3,2015-10-04,1.49,,,,,,,
JR구좌3,2015-10-05,1.45,,,,,,,
JR구좌3,2015-10-06,1.43,,,,,,,
JR구좌3,2015-10-07,1.43,,,,,,,
JR구좌3,2015-10-08,1.46,,,,,,,
JR구좌3,2015-10-09,1.46,,,,,,,
JR구좌3,2015-10-10,1.48,,,,,,,
JR구좌3,2015-10-11,1.48,,,,,,,
JR구좌3,2015-10-12,1.42,,,,,,,
JR구좌3,2015-10-13,1.37,,,,,,,
JR구좌3,2015-10-14,1.33,,,,,,,
JR구좌3,2015-10-15,1.32,,,,,,,
JR구좌3,2015-10-16,1.31,,,,,,,
JR구좌3,2015-10-17,1.3,,,,,,,
JR구좌3,2015-10-18,1.28,,,,,,,
JR구좌3,2015-10-19,1.27,,,,,,,
JR구좌3,2015-10-20,1.27,,,,,,,
JR구좌3,2015-10-21,1.27,,,,,,,
JR구좌3,2015-10-22,1.26,,,,,,,
JR구좌3,2015-10-23,1.26,,,,,,,
JR구좌3,2015-10-24,1.24,,,,,,,
JR구좌3,2015-10-25,1.24,,,,,,,
JR구좌3,2015-10-26,1.26,,,,,,,
JR구좌3,2015-10-27,1.26,,,,,,,
JR구좌3,2015-10-28,1.25,,,,,,,
JR구좌3,2015-10-29,1.26,,,,,,,
JR구좌3,2015-10-30,1.23,,,,,,,
JR구좌3,2015-10-31,1.19,,,,,,,
JR구좌3,2015-11-01,1.17,,,,,,,
JR구좌3,2015-11-02,1.17,,,,,,,
JR구좌3,2015-11-03,1.15,,,,,,,
JR구좌3,2015-11-04,1.14,,,,,,,
JR구좌3,2015-11-05,1.11,,,,,,,
JR구좌3,2015-11-06,1.1,,,,,,,
JR구좌3,2015-11-07,1.15,,,,,,,
JR구좌3,2015-11-08,1.17,,,,,,,
JR구좌3,2015-11-09,1.18,,,,,,,
JR구좌3,2015-11-10,1.18,,,,,,,
JR구좌3,2015-11-11,1.18,,,,,,,
JR구좌3,2015-11-12,1.17,,,,,,,
JR구좌3,2015-11-13,1.18,,,,,,,
JR구좌3,2015-11-14,1.19,,,,,,,
JR구좌3,2015-11-15,1.22,,,,,,,
JR구좌3,2015-11-16,1.25,,,,,,,
JR구좌3,2015-11-17,1.28,,,,,,,
JR구좌3,2015-11-18,1.28,,,,,,,
JR구좌3,2015-11-19,1.33,,,,,,,
JR구좌3,2015-11-20,1.35,,,,,,,
JR구좌3,2015-11-21,1.38,,,,,,,
JR구좌3,2015-11-22,1.42,,,,,,,
JR구좌3,2015-11-23,1.44,,,,,,,
JR구좌3,2015-11-24,1.43,,,,,,,
JR구좌3,2015-11-25,1.46,,,,,,,
JR구좌3,2015-11-26,1.51,,,,,,,
JR구좌3,2015-11-27,1.49,,,,,,,
JR구좌3,2015-11-28,1.52,,,,,,,
JR구좌3,2015-11-29,1.54,,,,,,,
JR구좌3,2015-11-30,1.52,,,,,,,
JR구좌3,2015-12-01,1.49,,,,,,,
JR구좌3,2015-12-02,1.5,,,,,,,
JR구좌3,2015-12-03,1.48,,,,,,,
JR구좌3,2015-12-04,1.39,,,,,,,
JR구좌3,2015-12-05,1.35,,,,,,,
JR구좌3,2015-12-06,1.34,,,,,,,
JR구좌3,2015-12-07,1.31,,,,,,,
JR구좌3,2015-12-08,1.28,,,,,,,
JR구좌3,2015-12-09,1.26,,,,,,,
JR구좌3,2015-12-10,1.29,,,,,,,
JR구좌3,2015-12-11,1.39,,,,,,,
JR구좌3,2015-12-12,1.45,,,,,,,
JR구좌3,2015-12-13,1.47,,,,,,,
JR구좌3,2015-12-14,1.48,,,,,,,
JR구좌3,2015-12-15,1.48,,,,,,,
JR구좌3,2015-12-16,1.45,,,,,,,
JR구좌3,2015-12-17,1.39,,,,,,,
JR구좌3,2015-12-18,1.35,,,,,,,
JR구좌3,2015-12-19,1.33,,,,,,,
JR구좌3,2015-12-20,1.32,,,,,,,
JR구좌3,2015-12-21,1.33,,,,,,,
JR구좌3,2015-12-22,1.34,,,,,,,
JR구좌3,2015-12-23,1.37,,,,,,,
JR구좌3,2015-12-24,1.39,,,,,,,
JR구좌3,2015-12-25,1.38,,,,,,,
JR구좌3,2015-12-26,1.37,,,,,,,
JR구좌3,2015-12-27,1.35,,,,,,,
JR구좌3,2015-12-28,1.3,,,,,,,
JR구좌3,2015-12-29,1.26,,,,,,,
JR구좌3,2015-12-30,1.25,,,,,,,
JR구좌3,2015-12-31,1.25,,,,,,,
JR구좌3,2016-01-01,1.22,,,,,,,
JR구좌3,2016-01-02,1.21,,,,,,,
JR구좌3,2016-01-03,1.24,,,,,,,
JR구좌3,2016-01-04,1.25,,,,,,,
JR구좌3,2016-01-05,1.24,,,,,,,
JR구좌3,2016-01-06,1.24,,,,,,,
JR구좌3,2016-01-07,1.21,,,,,,,
JR구좌3,2016-01-08,1.19,,,,,,,
JR구좌3,2016-01-09,1.21,,,,,,,
JR구좌3,2016-01-10,1.21,,,,,,,
JR구좌3,2016-01-11,1.21,,,,,,,
JR구좌3,2016-01-12,1.21,,,,,,,
JR구좌3,2016-01-13,1.19,,,,,,,
JR구좌3,2016-01-14,1.18,,,,,,,
JR구좌3,2016-01-15,1.21,,,,,,,
JR구좌3,2016-01-16,1.22,,,,,,,
JR구좌3,2016-01-17,1.24,,,,,,,
JR구좌3,2016-01-18,1.26,,,,,,,
JR구좌3,2016-01-19,1.19,,,,,,,
JR구좌3,2016-01-20,1.16,,,,,,,
JR구좌3,2016-01-21,1.18,,,,,,,
JR구좌3,2016-01-22,1.18,,,,,,,
JR구좌3,2016-01-23,1.14,,,,,,,
JR구좌3,2016-01-24,1.07,,,,,,,
JR구좌3,2016-01-25,1.03,,,,,,,
JR구좌3,2016-01-26,1.04,,,,,,,
JR구좌3,2016-01-27,1.05,,,,,,,
JR구좌3,2016-01-28,1.06,,,,,,,
JR구좌3,2016-01-29,1.09,,,,,,,
JR구좌3,2016-01-30,1.19,,,,,,,
JR구좌3,2016-01-31,1.22,,,,,,,
JR구좌3,2016-02-01,1.19,,,,,,,
JR구좌3,2016-02-02,1.17,,,,,,,
JR구좌3,2016-02-03,1.16,,,,,,,
JR구좌3,2016-02-04,1.16,,,,,,,
JR구좌3,2016-02-05,1.17,,,,,,,
JR구좌3,2016-02-06,1.18,,,,,,,
JR구좌3,2016-02-07,1.19,,,,,,,
JR구좌3,2016-02-08,1.21,,,,,,,
JR구좌3,2016-02-09,1.22,,,,,,,
JR구좌3,2016-02-10,1.22,,,,,,,
JR구좌3,2016-02-11,1.23,,,,,,,
JR구좌3,2016-02-12,1.26,,,,,,,
JR구좌3,2016-02-13,1.3,,,,,,,
JR구좌3,2016-02-14,1.33,,,,,,,
JR구좌3,2016-02-15,1.29,,,,,,,
JR구좌3,2016-02-16,1.28,,,,,,,
JR구좌3,2016-02-17,1.26,,,,,,,
JR구좌3,2016-02-18,1.25,,,,,,,
JR구좌3,2016-02-19,1.23,,,,,,,
JR구좌3,2016-02-20,1.23,,,,,,,
JR구좌3,2016-02-21,1.2,,,,,,,
JR구좌3,2016-02-22,1.18,,,,,,,
JR구좌3,2016-02-23,1.17,,,,,,,
JR구좌3,2016-02-24,1.13,,,,,,,
JR구좌3,2016-02-25,1.09,,,,,,,
JR구좌3,2016-02-26,1.08,,,,,,,
JR구좌3,2016-02-27,1.12,,,,,,,
JR구좌3,2016-02-28,1.15,,,,,,,
JR구좌3,2016-02-29,1.14,,,,,,,
JR구좌3,2016-03-01,1.1,,,,,,,
JR구좌3,2016-03-02,1.1,,,,,,,
JR구좌3,2016-03-03,1.13,,,,,,,
JR구좌3,2016-03-04,1.17,,,,,,,
JR구좌3,2016-03-05,1.21,,,,,,,
JR구좌3,2016-03-06,1.27,,,,,,,
JR구좌3,2016-03-07,1.35,,,,,,,
JR구좌3,2016-03-08,1.4,,,,,,,
JR구좌3,2016-03-09,1.42,,,,,,,
JR구좌3,2016-03-10,1.44,,,,,,,
JR구좌3,2016-03-11,1.41,,,,,,,
JR구좌3,2016-03-12,1.4,,,,,,,
JR구좌3,2016-03-13,1.42,,,,,,,
JR구좌3,2016-03-14,1.42,,,,,,,
JR구좌3,2016-03-15,1.42,,,,,,,
JR구좌3,2016-03-16,1.4,,,,,,,
JR구좌3,2016-03-17,1.41,,,,,,,
JR구좌3,2016-03-18,1.46,,,,,,,
JR구좌3,2016-03-19,1.5,,,,,,,
JR구좌3,2016-03-20,1.5,,,,,,,
JR구좌3,2016-03-21,1.48,,,,,,,
JR구좌3,2016-03-22,1.45,,,,,,,
JR구좌3,2016-03-23,1.46,,,,,,,
JR구좌3,2016-03-24,1.45,,,,,,,
JR구좌3,2016-03-25,1.44,,,,,,,
JR구좌3,2016-03-26,1.42,,,,,,,
JR구좌3,2016-03-27,1.42,,,,,,,
JR구좌3,2016-03-28,1.41,,,,,,,
JR구좌3,2016-03-29,1.43,,,,,,,
JR구좌3,2016-03-30,1.43,,,,,,,
JR구좌3,2016-03-31,1.44,,,,,,,
JR구좌3,2016-04-01,1.47,,,,,,,
JR구좌3,2016-04-02,1.48,,,,,,,
JR구좌3,2016-04-03,1.47,,,,,,,
JR구좌3,2016-04-04,1.48,,,,,,,
JR구좌3,2016-04-05,1.47,,,,,,,
JR구좌3,2016-04-06,1.45,,,,,,,
JR구좌3,2016-04-07,1.5,,,,,,,
JR구좌3,2016-04-08,1.5,,,,,,,
JR구좌3,2016-04-09,1.5,,,,,,,
JR구좌3,2016-04-10,1.52,,,,,,,
JR구좌3,2016-04-11,1.54,,,,,,,
JR구좌3,2016-04-12,1.52,,,,,,,
JR구좌3,2016-04-13,1.55,,,,,,,
JR구좌3,2016-04-14,1.6,,,,,,,
JR구좌3,2016-04-15,1.6,,,,,,,
JR구좌3,2016-04-16,1.61,,,,,,,
JR구좌3,2016-04-17,1.68,,,,,,,
JR구좌3,2016-04-18,1.72,,,,,,,
JR구좌3,2016-04-19,1.72,,,,,,,
JR구좌3,2016-04-20,1.69,,,,,,,
JR구좌3,2016-04-21,1.71,,,,,,,
JR구좌3,2016-04-22,1.73,,,,,,,
JR구좌3,2016-04-23,1.73,,,,,,,
JR구좌3,2016-04-24,1.73,,,,,,,
JR구좌3,2016-04-25,1.71,,,,,,,
JR구좌3,2016-04-26,1.69,,,,,,,
JR구좌3,2016-04-27,1.71,,,,,,,
JR구좌3,2016-04-28,1.77,,,,,,,
JR구좌3,2016-04-29,1.78,,,,,,,
JR구좌3,2016-04-30,1.75,,,,,,,
JR구좌3,2016-05-01,1.73,,,,,,,
JR구좌3,2016-05-02,1.73,,,,,,,
JR구좌3,2016-05-03,1.77,,,,,,,
JR구좌3,2016-05-04,1.74,,,,,,,
JR구좌3,2016-05-05,1.71,,,,,,,
JR구좌3,2016-05-06,1.75,,,,,,,
JR구좌3,2016-05-07,1.74,,,,,,,
JR구좌3,2016-05-08,1.7,,,,,,,
JR구좌3,2016-05-09,1.7,,,,,,,
JR구좌3,2016-05-10,1.71,,,,,,,
JR구좌3,2016-05-11,1.73,,,,,,,
JR구좌3,2016-05-12,1.72,,,,,,,
JR구좌3,2016-05-13,1.69,,,,,,,
JR구좌3,2016-05-14,1.66,,,,,,,
JR구좌3,2016-05-15,1.64,,,,,,,
JR구좌3,2016-05-16,1.63,,,,,,,
JR구좌3,2016-05-17,1.62,,,,,,,
JR구좌3,2016-05-18,1.62,,,,,,,
JR구좌3,2016-05-19,1.6,,,,,,,
JR구좌3,2016-05-20,1.59,,,,,,,
JR구좌3,2016-05-21,1.58,,,,,,,
JR구좌3,2016-05-22,1.58,,,,,,,
JR구좌3,2016-05-23,1.59,,,,,,,
JR구좌3,2016-05-24,1.61,,,,,,,
JR구좌3,2016-05-25,1.62,,,,,,,
JR구좌3,2016-05-26,1.63,,,,,,,
JR구좌3,2016-05-27,1.63,,,,,,,
JR구좌3,2016-05-28,1.62,,,,,,,
JR구좌3,2016-05-29,1.63,,,,,,,
JR구좌3,2016-05-30,1.64,,,,,,,
JR구좌3,2016-05-31,1.63,,,,,,,
JR구좌3,2016-06-01,1.63,,,,,,,
JR구좌3,2016-06-02,1.64,,,,,,,
JR구좌3,2016-06-03,1.63,,,,,,,
JR구좌3,2016-06-04,1.63,,,,,,,
JR구좌3,2016-06-05,1.66,,,,,,,
JR구좌3,2016-06-06,1.67,,,,,,,
JR구좌3,2016-06-07,1.65,,,,,,,
JR구좌3,2016-06-08,1.63,,,,,,,
JR구좌3,2016-06-09,1.63,,,,,,,
JR구좌3,2016-06-10,1.62,,,,,,,
JR구좌3,2016-06-11,1.6,,,,,,,
JR구좌3,2016-06-12,1.59,,,,,,,
JR구좌3,2016-06-13,1.61,,,,,,,
JR구좌3,2016-06-14,1.63,,,,,,,
JR구좌3,2016-06-15,1.63,,,,,,,
JR구좌3,2016-06-16,1.64,,,,,,,
JR구좌3,2016-06-17,1.61,,,,,,,
JR구좌3,2016-06-18,1.6,,,,,,,
JR구좌3,2016-06-19,1.59,,,,,,,
JR구좌3,2016-06-20,1.58,,,,,,,
JR구좌3,2016-06-21,1.6,,,,,,,
JR구좌3,2016-06-22,1.62,,,,,,,
JR구좌3,2016-06-23,1.65,,,,,,,
JR구좌3,2016-06-24,1.67,,,,,,,
JR구좌3,2016-06-25,1.67,,,,,,,
JR구좌3,2016-06-26,1.64,,,,,,,
JR구좌3,2016-06-27,1.62,,,,,,,
JR구좌3,2016-06-28,1.61,,,,,,,
JR구좌3,2016-06-29,1.59,,,,,,,
JR구좌3,2016-06-30,1.61,,,,,,,
JR구좌3,2016-07-01,1.63,,,,,,,
JR구좌3,2016-07-02,1.67,,,,,,,
JR구좌3,2016-07-03,1.69,,,,,,,
JR구좌3,2016-07-04,1.72,,,,,,,
JR구좌3,2016-07-05,1.72,,,,,,,
JR구좌3,2016-07-06,1.69,,,,,,,
JR구좌3,2016-07-07,1.66,,,,,,,
JR구좌3,2016-07-08,1.65,,,,,,,
JR구좌3,2016-07-09,1.66,,,,,,,
JR구좌3,2016-07-10,1.66,,,,,,,
JR구좌3,2016-07-11,1.68,,,,,,,
JR구좌3,2016-07-12,1.69,,,,,,,
JR구좌3,2016-07-13,1.83,,,,,,,
JR구좌3,2016-07-14,1.98,,,,,,,
JR구좌3,2016-07-15,2.03,,,,,,,
JR구좌3,2016-07-16,2.04,,,,,,,
JR구좌3,2016-07-17,2.01,,,,,,,
JR구좌3,2016-07-18,1.95,,,,,,,
JR구좌3,2016-07-19,1.91,,,,,,,
JR구좌3,2016-07-20,1.88,,,,,,,
JR구좌3,2016-07-21,1.85,,,,,,,
JR구좌3,2016-07-22,1.74,,,,,,,
JR구좌3,2016-07-23,1.46,,,,,,,
JR구좌3,2016-07-24,1.43,,,,,,,
JR구좌3,2016-07-25,1.41,,,,,,,
JR구좌3,2016-07-26,1.39,,,,,,,
JR구좌3,2016-07-27,1.38,,,,,,,
JR구좌3,2016-07-28,1.38,,,,,,,
JR구좌3,2016-07-29,1.37,,,,,,,
JR구좌3,2016-07-30,1.35,,,,,,,
JR구좌3,2016-07-31,1.33,,,,,,,
JR구좌3,2016-08-01,1.32,,,,,,,
JR구좌3,2016-08-02,1.3,,,,,,,
JR구좌3,2016-08-03,1.3,,,,,,,
JR구좌3,2016-08-04,1.29,,,,,,,
JR구좌3,2016-08-05,1.27,,,,,,,
JR구좌3,2016-08-06,1.26,,,,,,,
JR구좌3,2016-08-07,1.25,,,,,,,
JR구좌3,2016-08-08,1.24,,,,,,,
JR구좌3,2016-08-09,1.24,,,,,,,
JR구좌3,2016-08-10,1.23,,,,,,,
JR구좌3,2016-08-11,1.21,,,,,,,
JR구좌3,2016-08-12,1.21,,,,,,,
JR구좌3,2016-08-13,1.2,,,,,,,
JR구좌3,2016-08-14,1.2,,,,,,,
JR구좌3,2016-08-15,1.21,,,,,,,
JR구좌3,2016-08-16,1.22,,,,,,,
JR구좌3,2016-08-17,1.23,,,,,,,
JR구좌3,2016-08-18,1.23,,,,,,,
JR구좌3,2016-08-19,1.23,,,,,,,
JR구좌3,2016-08-20,1.23,,,,,,,
JR구좌3,2016-08-21,1.23,,,,,,,
JR구좌3,2016-08-22,1.22,,,,,,,
JR구좌3,2016-08-23,1.21,,,,,,,
JR구좌3,2016-08-24,1.2,,,,,,,
JR구좌3,2016-08-25,1.2,,,,,,,
JR구좌3,2016-08-26,1.2,,,,,,,
JR구좌3,2016-08-27,1.22,,,,,,,
JR구좌3,2016-08-28,1.22,,,,,,,
JR구좌3,2016-08-29,1.24,,,,,,,
JR구좌3,2016-08-30,1.25,,,,,,,
JR구좌3,2016-08-31,1.25,,,,,,,
JR구좌3,2016-09-01,1.27,,,,,,,
JR구좌3,2016-09-02,1.3,,,,,,,
JR구좌3,2016-09-03,1.3,,,,,,,
JR구좌3,2016-09-04,1.27,,,,,,,
JR구좌3,2016-09-05,1.26,,,,,,,
JR구좌3,2016-09-06,1.25,,,,,,,
JR구좌3,2016-09-07,1.26,,,,,,,
JR구좌3,2016-09-13,1.04,,,,,,,
JR구좌3,2016-09-14,1.05,,,,,,,
JR구좌3,2016-09-15,1.05,,,,,,,
JR구좌3,2016-09-16,1.06,,,,,,,
JR구좌3,2016-09-17,1.09,,,,,,,
JR구좌3,2016-09-18,1.12,,,,,,,
JR구좌3,2016-09-19,1.13,,,,,,,
JR구좌3,2016-09-20,1.15,,,,,,,
JR구좌3,2016-09-21,1.11,,,,,,,
JR구좌3,2016-09-22,1.08,,,,,,,
JR구좌3,2016-09-23,1.07,,,,,,,
JR구좌3,2016-09-24,1.07,,,,,,,
JR구좌3,2016-09-25,1.07,,,,,,,
JR구좌3,2016-09-26,1.08,,,,,,,
JR구좌3,2016-09-27,1.08,,,,,,,
JR구좌3,2016-09-28,1.07,,,,,,,
JR구좌3,2016-09-29,1.09,,,,,,,
JR구좌3,2016-09-30,1.11,,,,,,,
JR구좌3,2016-10-01,1.13,,,,,,,
JR구좌3,2016-10-02,1.13,,,,,,,
JR구좌3,2016-10-03,1.17,,,,,,,
JR구좌3,2016-10-04,1.19,,,,,,,
JR구좌3,2016-10-05,1.51,,,,,,,
JR구좌3,2016-10-06,2.18,,,,,,,
JR구좌3,2016-10-07,2.28,,,,,,,
JR구좌3,2016-10-08,2.19,,,,,,,
JR구좌3,2016-10-09,2.07,,,,,,,
JR구좌3,2016-10-10,2.0,,,,,,,
JR구좌3,2016-10-11,1.94,,,,,,,
JR구좌3,2016-10-12,1.87,,,,,,,
JR구좌3,2016-10-13,1.81,,,,,,,
JR구좌3,2016-10-14,1.76,,,,,,,
JR구좌3,2016-10-15,1.73,,,,,,,
JR구좌3,2016-10-16,1.7,,,,,,,
JR구좌3,2016-10-17,1.68,,,,,,,
JR구좌3,2016-10-18,1.65,,,,,,,
JR구좌3,2016-10-19,1.63,,,,,,,
JR구좌3,2016-10-20,1.59,,,,,,,
JR구좌3,2016-10-21,1.57,,,,,,,
JR구좌3,2016-10-22,1.55,,,,,,,
JR구좌3,2016-10-23,1.56,,,,,,,
JR구좌3,2016-10-24,1.57,,,,,,,
JR구좌3,2016-10-25,1.51,,,,,,,
JR구좌3,2016-10-26,1.48,,,,,,,
JR구좌3,2016-10-27,1.46,,,,,,,
JR구좌3,2016-10-28,1.45,,,,,,,
JR구좌3,2016-10-29,1.37,,,,,,,
JR구좌3,2016-10-30,1.31,,,,,,,
JR구좌3,2016-10-31,1.28,,,,,,,
JR구좌3,2016-11-01,1.26,,,,,,,
JR구좌3,2016-11-02,1.24,,,,,,,
JR구좌3,2016-11-03,1.23,,,,,,,
JR구좌3,2016-11-04,1.24,,,,,,,
JR구좌3,2016-11-05,1.27,,,,,,,
JR구좌3,2016-11-06,1.3,,,,,,,
JR구좌3,2016-11-07,1.3,,,,,,,
JR구좌3,2016-11-08,1.25,,,,,,,
JR구좌3,2016-11-09,1.18,,,,,,,
JR구좌3,2016-11-10,1.18,,,,,,,
JR구좌3,2016-11-11,1.19,,,,,,,
JR구좌3,2016-11-12,1.2,,,,,,,
JR구좌3,2016-11-13,1.23,,,,,,,
JR구좌3,2016-11-14,1.26,,,,,,,
JR구좌3,2016-11-15,1.26,,,,,,,
JR구좌3,2016-11-16,1.26,,,,,,,
JR구좌3,2016-11-17,1.25,,,,,,,
JR구좌3,2016-11-18,1.26,,,,,,,
JR구좌3,2016-11-19,1.26,,,,,,,
JR구좌3,2016-11-20,1.25,,,,,,,
JR구좌3,2016-11-21,1.27,,,,,,,
JR구좌3,2016-11-22,1.25,,,,,,,
JR구좌3,2016-11-23,1.17,,,,,,,
JR구좌3,2016-11-24,1.12,,,,,,,
JR구좌3,2016-11-25,1.1,,,,,,,
JR구좌3,2016-11-26,1.11,,,,,,,
JR구좌3,2016-11-27,1.12,,,,,,,
JR구좌3,2016-11-28,1.12,,,,,,,
JR구좌3,2016-11-29,1.09,,,,,,,
JR구좌3,2016-11-30,1.1,,,,,,,
JR구좌3,2016-12-01,1.07,,,,,,,
JR구좌3,2016-12-02,1.03,,,,,,,
JR구좌3,2016-12-03,1.01,,,,,,,
JR구좌3,2016-12-04,1.03,,,,,,,
JR구좌3,2016-12-05,1.05,,,,,,,
JR구좌3,2016-12-06,1.05,,,,,,,
JR구좌3,2016-12-07,1.05,,,,,,,
JR구좌3,2016-12-08,1.05,,,,,,,
JR구좌3,2016-12-09,1.05,,,,,,,
JR구좌3,2016-12-10,1.02,,,,,,,
JR구좌3,2016-12-11,1.01,,,,,,,
JR구좌3,2016-12-12,1.03,,,,,,,
JR구좌3,2016-12-13,1.06,,,,,,,
JR구좌3,2016-12-14,1.06,,,,,,,
JR구좌3,2016-12-15,1.02,,,,,,,
JR구좌3,2016-12-16,0.97,,,,,,,
JR구좌3,2016-12-17,0.95,,,,,,,
JR구좌3,2016-12-18,0.93,,,,,,,
JR구좌3,2016-12-19,0.92,,,,,,,
JR구좌3,2016-12-20,0.92,,,,,,,
JR구좌3,2016-12-21,0.95,,,,,,,
JR구좌3,2016-12-22,0.99,,,,,,,
JR구좌3,2016-12-23,0.95,,,,,,,
JR구좌3,2016-12-24,0.95,,,,,,,
JR구좌3,2016-12-25,0.96,,,,,,,
JR구좌3,2016-12-26,0.96,,,,,,,
JR구좌3,2016-12-27,0.95,,,,,,,
JR구좌3,2016-12-28,0.93,,,,,,,
JR구좌3,2016-12-29,0.95,,,,,,,
JR구좌3,2016-12-30,0.93,,,,,,,
JR구좌3,2016-12-31,0.92,,,,,,,
JR구좌3,2017-01-01,0.92,,,,,,,
JR구좌3,2017-01-02,0.94,,,,,,,
JR구좌3,2017-01-03,0.94,,,,,,,
JR구좌3,2017-01-04,0.97,,,,,,,
JR구좌3,2017-01-05,0.99,,,,,,,
JR구좌3,2017-01-06,1.02,,,,,,,
JR구좌3,2017-01-07,1.01,,,,,,,
JR구좌3,2017-01-08,1.03,,,,,,,
JR구좌3,2017-01-09,1.02,,,,,,,
JR구좌3,2017-01-10,0.99,,,,,,,
JR구좌3,2017-01-11,0.97,,,,,,,
JR구좌3,2017-01-12,0.96,,,,,,,
JR구좌3,2017-01-13,0.97,,,,,,,
JR구좌3,2017-01-14,0.98,,,,,,,
JR구좌3,2017-01-15,0.97,,,,,,,
JR구좌3,2017-01-16,0.96,,,,,,,
JR구좌3,2017-01-17,0.98,,,,,,,
JR구좌3,2017-01-18,0.96,,,,,,,
JR구좌3,2017-01-19,0.94,,,,,,,
JR구좌3,2017-01-20,0.93,,,,,,,
JR구좌3,2017-01-21,0.89,,,,,,,
JR구좌3,2017-01-22,0.89,,,,,,,
JR구좌3,2017-01-23,0.87,,,,,,,
JR구좌3,2017-01-24,0.86,,,,,,,
JR구좌3,2017-01-25,0.86,,,,,,,
JR구좌3,2017-01-26,0.86,,,,,,,
JR구좌3,2017-01-27,0.87,,,,,,,
JR구좌3,2017-01-28,0.87,,,,,,,
JR구좌3,2017-01-29,0.9,,,,,,,
JR구좌3,2017-01-30,0.91,,,,,,,
JR구좌3,2017-01-31,0.88,,,,,,,
JR구좌3,2017-02-01,0.87,,,,,,,
JR구좌3,2017-02-02,0.83,,,,,,,
JR구좌3,2017-02-03,0.82,,,,,,,
JR구좌3,2017-02-04,0.85,,,,,,,
JR구좌3,2017-02-05,0.89,,,,,,,
JR구좌3,2017-02-06,0.88,,,,,,,
JR구좌3,2017-02-07,0.87,,,,,,,
JR구좌3,2017-02-08,0.89,,,,,,,
JR구좌3,2017-02-09,0.89,,,,,,,
JR구좌3,2017-02-10,0.86,,,,,,,
JR구좌3,2017-02-11,0.84,,,,,,,
JR구좌3,2017-02-12,0.84,,,,,,,
JR구좌3,2017-02-13,0.85,,,,,,,
JR구좌3,2017-02-14,0.84,,,,,,,
JR구좌3,2017-02-15,0.82,,,,,,,
JR구좌3,2017-02-16,0.82,,,,,,,
JR구좌3,2017-02-17,0.83,,,,,,,
JR구좌3,2017-02-18,0.81,,,,,,,
JR구좌3,2017-02-19,0.81,,,,,,,
JR구좌3,2017-02-20,0.86,,,,,,,
JR구좌3,2017-02-21,0.85,,,,,,,
JR구좌3,2017-02-22,0.9,,,,,,,
JR구좌3,2017-02-23,0.89,,,,,,,
JR구좌3,2017-02-24,0.87,,,,,,,
JR구좌3,2017-02-25,0.87,,,,,,,
JR구좌3,2017-02-26,0.88,,,,,,,
JR구좌3,2017-02-27,0.88,,,,,,,
JR구좌3,2017-02-28,0.87,,,,,,,
JR구좌3,2017-03-01,0.88,,,,,,,
JR구좌3,2017-03-02,0.88,,,,,,,
JR구좌3,2017-03-03,0.86,,,,,,,
JR구좌3,2017-03-04,0.88,,,,,,,
JR구좌3,2017-03-05,0.9,,,,,,,
JR구좌3,2017-03-06,0.89,,,,,,,
JR구좌3,2017-03-07,0.87,,,,,,,
JR구좌3,2017-03-08,0.87,,,,,,,
JR구좌3,2017-03-09,0.87,,,,,,,
JR구좌3,2017-03-10,0.88,,,,,,,
JR구좌3,2017-03-11,0.9,,,,,,,
JR구좌3,2017-03-12,0.89,,,,,,,
JR구좌3,2017-03-13,0.88,,,,,,,
JR구좌3,2017-03-14,0.88,,,,,,,
JR구좌3,2017-03-15,0.85,,,,,,,
JR구좌3,2017-03-16,0.86,,,,,,,
JR구좌3,2017-03-17,0.85,,,,,,,
JR구좌3,2017-03-18,0.85,,,,,,,
JR구좌3,2017-03-19,0.85,,,,,,,
JR구좌3,2017-03-20,0.87,,,,,,,
JR구좌3,2017-03-21,0.9,,,,,,,
JR구좌3,2017-03-22,0.88,,,,,,,
JR구좌3,2017-03-23,0.88,,,,,,,
JR구좌3,2017-03-24,0.88,,,,,,,
JR구좌3,2017-03-25,0.88,,,,,,,
JR구좌3,2017-03-26,0.88,,,,,,,
JR구좌3,2017-03-27,0.86,,,,,,,
JR구좌3,2017-03-28,0.84,,,,,,,
JR구좌3,2017-03-29,0.85,,,,,,,
JR구좌3,2017-03-30,0.85,,,,,,,
JR구좌3,2017-03-31,0.88,,,,,,,
JR구좌3,2017-04-01,0.9,,,,,,,
JR구좌3,2017-04-02,0.88,,,,,,,
JR구좌3,2017-04-03,0.87,,,,,,,
JR구좌3,2017-04-04,0.86,,,,,,,
JR구좌3,2017-04-05,0.87,,,,,,,
JR구좌3,2017-04-06,0.89,,,,,,,
JR구좌3,2017-04-07,0.9,,,,,,,
JR구좌3,2017-04-08,0.93,,,,,,,
JR구좌3,2017-04-09,0.93,,,,,,,
JR구좌3,2017-04-10,0.95,,,,,,,
JR구좌3,2017-04-11,0.96,,,,,,,
JR구좌3,2017-04-12,0.91,,,,,,,
JR구좌3,2017-04-13,0.88,,,,,,,
JR구좌3,2017-04-14,0.86,,,,,,,
JR구좌3,2017-04-15,0.86,,,,,,,
JR구좌3,2017-04-16,0.87,,,,,,,
JR구좌3,2017-04-17,0.91,,,,,,,
JR구좌3,2017-04-18,0.94,,,,,,,
JR구좌3,2017-04-19,0.93,,,,,,,
JR구좌3,2017-04-20,0.93,,,,,,,
JR구좌3,2017-04-21,0.93,,,,,,,
JR구좌3,2017-04-22,0.9,,,,,,,
JR구좌3,2017-04-23,0.88,,,,,,,
JR구좌3,2017-04-24,0.86,,,,,,,
JR구좌3,2017-04-25,0.85,,,,,,,
JR구좌3,2017-04-26,0.86,,,,,,,
JR구좌3,2017-04-27,0.86,,,,,,,
JR구좌3,2017-04-28,0.88,,,,,,,
JR구좌3,2017-04-29,0.89,,,,,,,
JR구좌3,2017-04-30,0.9,,,,,,,
JR구좌3,2017-05-01,0.9,,,,,,,
JR구좌3,2017-05-02,0.89,,,,,,,
JR구좌3,2017-05-03,0.85,,,,,,,
JR구좌3,2017-05-04,0.81,,,,,,,
JR구좌3,2017-05-05,0.82,,,,,,,
JR구좌3,2017-05-06,0.81,,,,,,,
JR구좌3,2017-05-07,0.79,,,,,,,
JR구좌3,2017-05-08,0.8,,,,,,,
JR구좌3,2017-05-09,0.84,,,,,,,
JR구좌3,2017-05-10,0.86,,,,,,,
JR구좌3,2017-05-11,0.83,,,,,,,
JR구좌3,2017-05-12,0.85,,,,,,,
JR구좌3,2017-05-13,0.89,,,,,,,
JR구좌3,2017-05-14,0.89,,,,,,,
JR구좌3,2017-05-15,0.87,,,,,,,
JR구좌3,2017-05-16,0.86,,,,,,,
JR구좌3,2017-05-17,0.86,,,,,,,
JR구좌3,2017-05-18,0.85,,,,,,,
JR구좌3,2017-05-19,0.82,,,,,,,
JR구좌3,2017-05-20,0.8,,,,,,,
JR구좌3,2017-05-21,0.8,,,,,,,
JR구좌3,2017-05-22,0.81,,,,,,,
JR구좌3,2017-05-23,0.84,,,,,,,
JR구좌3,2017-05-24,0.86,,,,,,,
JR구좌3,2017-05-25,0.89,,,,,,,
JR구좌3,2017-05-26,0.9,,,,,,,
JR구좌3,2017-05-27,0.91,,,,,,,
JR구좌3,2017-05-28,0.9,,,,,,,
JR구좌3,2017-05-29,0.88,,,,,,,
JR구좌3,2017-05-30,0.87,,,,,,,
JR구좌3,2017-05-31,0.89,,,,,,,
JR구좌3,2017-06-01,0.93,,,,,,,
JR구좌3,2017-06-02,0.96,,,,,,,
JR구좌3,2017-06-03,0.97,,,,,,,
JR구좌3,2017-06-04,0.96,,,,,,,
JR구좌3,2017-06-05,0.94,,,,,,,
JR구좌3,2017-06-06,0.93,,,,,,,
JR구좌3,2017-06-07,0.93,,,,,,,
JR구좌3,2017-06-08,0.91,,,,,,,
JR구좌3,2017-06-09,0.92,,,,,,,
JR구좌3,2017-06-10,0.93,,,,,,,
JR구좌3,2017-06-11,0.96,,,,,,,
JR구좌3,2017-06-12,0.97,,,,,,,
JR구좌3,2017-06-13,0.95,,,,,,,
JR구좌3,2017-06-14,0.92,,,,,,,
JR구좌3,2017-06-15,0.91,,,,,,,
JR구좌3,2017-06-16,0.93,,,,,,,
JR구좌3,2017-06-17,0.95,,,,,,,
JR구좌3,2017-06-18,0.95,,,,,,,
JR구좌3,2017-06-19,0.94,,,,,,,
JR구좌3,2017-06-20,0.97,,,,,,,
JR구좌3,2017-06-21,1.02,,,,,,,
JR구좌3,2017-06-22,1.01,,,,,,,
JR구좌3,2017-06-23,1.01,,,,,,,
JR구좌3,2017-06-24,1.03,,,,,,,
JR구좌3,2017-06-25,1.06,,,,,,,
JR구좌3,2017-06-26,1.08,,,,,,,
JR구좌3,2017-06-27,1.07,,,,,,,
JR구좌3,2017-06-28,1.05,,,,,,,
JR구좌3,2017-06-29,1.03,,,,,,,
JR구좌3,2017-06-30,1.02,,,,,,,
JR구좌3,2017-07-01,1.02,,,,,,,
JR구좌3,2017-07-02,1.03,,,,,,,
JR구좌3,2017-07-03,1.04,,,,,,,
JR구좌3,2017-07-04,1.04,,,,,,,
JR구좌3,2017-07-05,1.03,,,,,,,
JR구좌3,2017-07-06,1.02,,,,,,,
JR구좌3,2017-07-07,1.02,,,,,,,
JR구좌3,2017-07-08,1.02,,,,,,,
JR구좌3,2017-07-09,1.02,,,,,,,
JR구좌3,2017-07-10,1.04,,,,,,,
JR구좌3,2017-07-11,1.06,,,,,,,
JR구좌3,2017-07-12,1.05,,,,,,,
JR구좌3,2017-07-13,1.04,,,,,,,
JR구좌3,2017-07-14,1.03,,,,,,,
JR구좌3,2017-07-15,1.03,,,,,,,
JR구좌3,2017-07-16,1.02,,,,,,,
JR구좌3,2017-07-17,1.0,,,,,,,
JR구좌3,2017-07-18,0.99,,,,,,,
JR구좌3,2017-07-19,0.99,,,,,,,
JR구좌3,2017-07-20,1.01,,,,,,,
JR구좌3,2017-07-21,1.01,,,,,,,
JR구좌3,2017-07-22,1.0,,,,,,,
JR구좌3,2017-07-23,1.01,,,,,,,
JR구좌3,2017-07-24,1.02,,,,,,,
JR구좌3,2017-07-25,1.05,,,,,,,
JR구좌3,2017-07-26,1.05,,,,,,,
JR구좌3,2017-07-27,1.04,,,,,,,
JR구좌3,2017-07-28,1.02,,,,,,,
JR구좌3,2017-07-29,1.02,,,,,,,
JR구좌3,2017-07-30,1.02,,,,,,,
JR구좌3,2017-07-31,1.02,,,,,,,
JR구좌3,2017-08-02,1.03,,,,,,,
JR구좌3,2017-08-03,1.05,,,,,,,
JR구좌3,2017-08-04,1.06,,,,,,,
JR구좌3,2017-08-05,1.08,,,,,,,
JR구좌3,2017-08-06,1.08,,,,,,,
JR구좌3,2017-08-07,1.08,,,,,,,
JR구좌3,2017-08-08,1.08,,,,,,,
JR구좌3,2017-08-09,1.1,,,,,,,
JR구좌3,2017-08-10,1.11,,,,,,,
JR구좌3,2017-08-11,1.1,,,,,,,
JR구좌3,2017-08-12,1.07,,,,,,,
JR구좌3,2017-08-13,1.05,,,,,,,
JR구좌3,2017-08-14,1.05,,,,,,,
JR구좌3,2017-08-15,1.08,,,,,,,
JR구좌3,2017-08-16,1.08,,,,,,,
JR구좌3,2017-08-17,1.08,,,,,,,
JR구좌3,2017-08-18,1.07,,,,,,,
JR구좌3,2017-08-19,1.07,,,,,,,
JR구좌3,2017-08-20,1.07,,,,,,,
JR구좌3,2017-08-21,1.08,,,,,,,
JR구좌3,2017-08-22,1.15,,,,,,,
JR구좌3,2017-08-23,1.45,,,,,,,
JR구좌3,2017-08-24,1.52,,,,,,,
JR구좌3,2017-08-25,1.49,,,,,,,
JR구좌3,2017-08-26,1.41,,,,,,,
JR구좌3,2017-08-27,1.34,,,,,,,
JR구좌3,2017-08-28,1.29,,,,,,,
JR구좌3,2017-08-29,1.25,,,,,,,
JR구좌3,2017-08-30,1.22,,,,,,,
JR구좌3,2017-08-31,1.2,,,,,,,
JR구좌3,2017-09-01,1.21,,,,,,,
JR구좌3,2017-09-02,1.22,,,,,,,
JR구좌3,2017-09-03,1.2,,,,,,,
JR구좌3,2017-09-04,1.19,,,,,,,
JR구좌3,2017-09-05,1.18,,,,,,,
JR구좌3,2017-09-06,1.17,,,,,,,
JR구좌3,2017-09-07,1.17,,,,,,,
JR구좌3,2017-09-08,1.17,,,,,,,
JR구좌3,2017-09-09,1.16,,,,,,,
JR구좌3,2017-09-10,1.15,,,,,,,
JR구좌3,2017-09-11,1.16,,,,,,,
JR구좌3,2017-09-12,1.16,,,,,,,
JR구좌3,2017-09-13,1.16,,,,,,,
JR구좌3,2017-09-14,1.14,,,,,,,
JR구좌3,2017-09-15,1.16,,,,,,,
JR구좌3,2017-09-16,1.17,,,,,,,
JR구좌3,2017-09-17,1.19,,,,,,,
JR구좌3,2017-09-18,1.16,,,,,,,
JR구좌3,2017-09-19,1.16,,,,,,,
JR구좌3,2017-09-20,1.17,,,,,,,
JR구좌3,2017-09-21,1.16,,,,,,,
JR구좌3,2017-09-22,1.17,,,,,,,
JR구좌3,2017-09-23,1.16,,,,,,,
JR구좌3,2017-09-24,1.14,,,,,,,
JR구좌3,2017-09-25,1.12,,,,,,,
JR구좌3,2017-09-26,1.14,,,,,,,
JR구좌3,2017-09-27,1.16,,,,,,,
JR구좌3,2017-09-28,1.15,,,,,,,
JR구좌3,2017-09-29,1.12,,,,,,,
JR구좌3,2017-09-30,1.08,,,,,,,
JR구좌3,2017-10-01,1.08,,,,,,,
JR구좌3,2017-10-02,1.12,,,,,,,
JR구좌3,2017-10-05,1.16,,,,,,,
JR구좌3,2017-10-08,1.21,,,,,,,
JR구좌3,2017-10-10,1.08,,,,,,,
JR구좌3,2017-10-11,1.1,,,,,,,
JR구좌3,2017-10-12,1.1,,,,,,,
JR구좌3,2017-10-13,1.1,,,,,,,
JR구좌3,2017-10-14,1.09,,,,,,,
JR구좌3,2017-10-15,1.09,,,,,,,
JR구좌3,2017-10-16,1.08,,,,,,,
JR구좌3,2017-10-17,1.05,,,,,,,
JR구좌3,2017-10-18,1.07,,,,,,,
JR구좌3,2017-10-19,1.08,,,,,,,
JR구좌3,2017-10-20,1.1,,,,,,,
JR구좌3,2017-10-21,1.13,,,,,,,
JR구좌3,2017-10-22,1.2,,,,,,,
JR구좌3,2017-10-23,1.25,,,,,,,
JR구좌3,2017-10-24,1.18,,,,,,,
JR구좌3,2017-10-25,1.13,,,,,,,
JR구좌3,2017-10-26,1.11,,,,,,,
JR구좌3,2017-10-27,1.11,,,,,,,
JR구좌3,2017-10-28,1.13,,,,,,,
JR구좌3,2017-10-29,1.13,,,,,,,
JR구좌3,2017-10-30,1.04,,,,,,,
JR구좌3,2017-10-31,1.01,,,,,,,
JR구좌3,2017-11-01,1.03,,,,,,,
JR구좌3,2017-11-02,1.04,,,,,,,
JR구좌3,2017-11-03,1.05,,,,,,,
JR구좌3,2017-11-04,1.01,,,,,,,
JR구좌3,2017-11-05,0.97,,,,,,,
JR구좌3,2017-11-06,0.95,,,,,,,
JR구좌3,2017-11-07,0.95,,,,,,,
JR구좌3,2017-11-08,0.96,,,,,,,
JR구좌3,2017-11-09,0.95,,,,,,,
JR구좌3,2017-11-10,0.97,,,,,,,
JR구좌3,2017-11-11,0.93,,,,,,,
JR구좌3,2017-11-12,0.92,,,,,,,
JR구좌3,2017-11-13,0.93,,,,,,,
JR구좌3,2017-11-14,0.92,,,,,,,
JR구좌3,2017-11-15,0.93,,,,,,,
JR구좌3,2017-11-20,0.83,,,,,,,
JR구좌3,2017-11-21,0.82,,,,,,,
JR구좌3,2017-11-22,0.82,,,,,,,
JR구좌3,2017-11-23,0.81,,,,,,,
JR구좌3,2017-11-24,0.8,,,,,,,
JR구좌3,2017-11-25,0.79,,,,,,,
JR구좌3,2017-11-26,0.78,,,,,,,
JR구좌3,2017-11-27,0.75,,,,,,,
JR구좌3,2017-11-28,0.74,,,,,,,
JR구좌3,2017-11-29,0.72,,,,,,,
JR구좌3,2017-11-30,0.7,,,,,,,
JR구좌3,2017-12-01,0.68,,,,,,,
JR구좌3,2017-12-02,0.69,,,,,,,
JR구좌3,2017-12-03,0.7,,,,,,,
JR구좌3,2017-12-04,0.72,,,,,,,
JR구좌3,2017-12-05,0.71,,,,,,,
JR구좌3,2017-12-06,0.72,,,,,,,
JR구좌3,2017-12-07,0.76,,,,,,,
JR구좌3,2017-12-08,0.76,,,,,,,
JR구좌3,2017-12-09,0.74,,,,,,,
JR구좌3,2017-12-10,0.75,,,,,,,
JR구좌3,2017-12-11,0.72,,,,,,,
JR구좌3,2017-12-12,0.7,,,,,,,
JR구좌3,2017-12-13,0.69,,,,,,,
JR구좌3,2017-12-14,0.69,,,,,,,
JR구좌3,2017-12-15,0.71,,,,,,,
JR구좌3,2017-12-16,0.7,,,,,,,
JR구좌3,2017-12-17,0.66,,,,,,,
JR구좌3,2017-12-18,0.66,,,,,,,
JR구좌3,2017-12-19,0.65,,,,,,,
JR구좌3,2017-12-20,0.64,,,,,,,
JR구좌3,2017-12-21,0.64,,,,,,,
JR구좌3,2017-12-22,0.63,,,,,,,
JR구좌3,2017-12-23,0.64,,,,,,,
JR구좌3,2017-12-24,0.69,,,,,,,
JR구좌3,2017-12-25,0.66,,,,,,,
JR구좌3,2017-12-26,0.65,,,,,,,
JR구좌3,2017-12-27,0.62,,,,,,,
JR구좌3,2017-12-28,0.61,,,,,,,
JR구좌3,2017-12-29,0.63,,,,,,,
JR구좌3,2017-12-30,0.65,,,,,,,
JR구좌3,2017-12-31,0.67,,,,,,,
JR구좌3,2018-01-01,0.67,,,,,,,
JR구좌3,2018-01-02,0.68,,,,,,,
JR구좌3,2018-01-03,0.68,,,,,,,
JR구좌3,2018-01-04,0.68,,,,,,,
JR구좌3,2018-01-05,0.69,,,,,,,
JR구좌3,2018-01-06,0.69,,,,,,,
JR구좌3,2018-01-07,0.72,,,,,,,
JR구좌3,2018-01-08,0.75,,,,,,,
JR구좌3,2018-01-09,0.71,,,,,,,
JR구좌3,2018-01-10,0.66,,,,,,,
JR구좌3,2018-01-11,0.63,,,,,,,
JR구좌3,2018-01-12,0.6,,,,,,,
JR구좌3,2018-01-13,0.6,,,,,,,
JR구좌3,2018-01-14,0.61,,,,,,,
JR구좌3,2018-01-15,0.61,,,,,,,
JR구좌3,2018-01-16,0.63,,,,,,,
JR구좌3,2018-01-17,0.69,,,,,,,
JR구좌3,2018-01-18,0.71,,,,,,,
JR구좌3,2018-01-19,0.7,,,,,,,
JR구좌3,2018-01-20,0.69,,,,,,,
JR구좌3,2018-01-21,0.69,,,,,,,
JR구좌3,2018-01-22,0.71,,,,,,,
JR구좌3,2018-01-23,0.7,,,,,,,
JR구좌3,2018-01-24,0.66,,,,,,,
JR구좌3,2018-01-25,0.64,,,,,,,
JR구좌3,2018-01-26,0.61,,,,,,,
JR구좌3,2018-01-27,0.6,,,,,,,
JR구좌3,2018-01-28,0.63,,,,,,,
JR구좌3,2018-01-29,0.63,,,,,,,
JR구좌3,2018-01-30,0.62,,,,,,,
JR구좌3,2018-01-31,0.63,,,,,,,
JR구좌3,2018-02-01,0.65,,,,,,,
JR구좌3,2018-02-02,0.66,,,,,,,
JR구좌3,2018-02-03,0.63,,,,,,,
JR구좌3,2018-02-04,0.6,,,,,,,
JR구좌3,2018-02-05,0.6,,,,,,,
JR구좌3,2018-02-06,0.6,,,,,,,
JR구좌3,2018-02-07,0.59,,,,,,,
JR구좌3,2018-02-08,0.6,,,,,,,
JR구좌3,2018-02-09,0.61,,,,,,,
JR구좌3,2018-02-10,0.61,,,,,,,
JR구좌3,2018-02-11,0.58,,,,,,,
JR구좌3,2018-02-12,0.55,,,,,,,
JR구좌3,2018-02-13,0.53,,,,,,,
JR구좌3,2018-02-14,0.56,,,,,,,
JR구좌3,2018-02-15,0.59,,,,,,,
JR구좌3,2018-02-16,0.61,,,,,,,
JR구좌3,2018-02-17,0.58,,,,,,,
JR구좌3,2018-02-18,0.57,,,,,,,
JR구좌3,2018-02-19,0.58,,,,,,,
JR구좌3,2018-02-20,0.59,,,,,,,
JR구좌3,2018-02-21,0.59,,,,,,,
JR구좌3,2018-02-22,0.59,,,,,,,
JR구좌3,2018-02-23,0.59,,,,,,,
JR구좌3,2018-02-24,0.6,,,,,,,
JR구좌3,2018-02-25,0.61,,,,,,,
JR구좌3,2018-02-26,0.61,,,,,,,
JR구좌3,2018-02-27,0.61,,,,,,,
JR구좌3,2018-02-28,0.65,,,,,,,
JR구좌3,2018-03-01,0.66,,,,,,,
JR구좌3,2018-03-02,0.65,,,,,,,
JR구좌3,2018-03-03,0.68,,,,,,,
JR구좌3,2018-03-04,0.7,,,,,,,
JR구좌3,2018-03-05,0.73,,,,,,,
JR구좌3,2018-03-06,0.72,,,,,,,
JR구좌3,2018-03-07,0.69,,,,,,,
JR구좌3,2018-03-08,0.68,,,,,,,
JR구좌3,2018-03-09,0.69,,,,,,,
JR구좌3,2018-03-10,0.7,,,,,,,
JR구좌3,2018-03-11,0.69,,,,,,,
JR구좌3,2018-03-12,0.69,,,,,,,
JR구좌3,2018-03-13,0.7,,,,,,,
JR구좌3,2018-03-14,0.7,,,,,,,
JR구좌3,2018-03-15,0.74,,,,,,,
JR구좌3,2018-03-16,0.8,,,,,,,
JR구좌3,2018-03-17,0.84,,,,,,,
JR구좌3,2018-03-18,0.81,,,,,,,
JR구좌3,2018-03-19,0.82,,,,,,,
JR구좌3,2018-03-20,0.92,,,,,,,
JR구좌3,2018-03-21,1.0,,,,,,,
JR구좌3,2018-03-22,0.97,,,,,,,
JR구좌3,2018-03-23,0.93,,,,,,,
JR구좌3,2018-03-24,0.92,,,,,,,
JR구좌3,2018-03-25,0.88,,,,,,,
JR구좌3,2018-03-26,0.85,,,,,,,
JR구좌3,2018-03-27,0.86,,,,,,,
JR구좌3,2018-03-28,0.87,,,,,,,
JR구좌3,2018-03-29,0.88,,,,,,,
JR구좌3,2018-03-30,0.89,,,,,,,
JR구좌3,2018-03-31,0.88,,,,,,,
JR구좌3,2018-04-01,0.87,,,,,,,
JR구좌3,2018-04-02,0.89,,,,,,,
JR구좌3,2018-04-03,0.89,,,,,,,
JR구좌3,2018-04-04,0.9,,,,,,,
JR구좌3,2018-04-05,0.9,,,,,,,
JR구좌3,2018-04-06,0.88,,,,,,,
JR구좌3,2018-04-07,0.81,,,,,,,
JR구좌3,2018-04-08,0.79,,,,,,,
JR구좌3,2018-04-09,0.81,,,,,,,
JR구좌3,2018-04-10,0.83,,,,,,,
JR구좌3,2018-04-11,0.84,,,,,,,
JR구좌3,2018-04-12,0.83,,,,,,,
JR구좌3,2018-04-13,0.83,,,,,,,
JR구좌3,2018-04-14,0.86,,,,,,,
JR구좌3,2018-04-15,0.82,,,,,,,
JR구좌3,2018-04-16,0.8,,,,,,,
JR구좌3,2018-04-17,0.8,,,,,,,
JR구좌3,2018-04-18,0.78,,,,,,,
JR구좌3,2018-04-19,0.75,,,,,,,
JR구좌3,2018-04-20,0.74,,,,,,,
JR구좌3,2018-04-21,0.75,,,,,,,
JR구좌3,2018-04-22,0.77,,,,,,,
JR구좌3,2018-04-23,0.82,,,,,,,
JR구좌3,2018-04-24,0.89,,,,,,,
JR구좌3,2018-04-25,0.95,,,,,,,
JR구좌3,2018-04-26,0.97,,,,,,,
JR구좌3,2018-04-27,0.96,,,,,,,
JR구좌3,2018-04-28,0.94,,,,,,,
JR구좌3,2018-04-29,0.93,,,,,,,
JR구좌3,2018-04-30,0.95,,,,,,,
JR구좌3,2018-05-01,0.97,,,,,,,
JR구좌3,2018-05-02,1.01,,,,,,,
JR구좌3,2018-05-03,0.99,,,,,,,
JR구좌3,2018-05-04,0.95,,,,,,,
JR구좌3,2018-05-05,0.95,,,,,,,
JR구좌3,2018-05-06,0.97,,,,,,,
JR구좌3,2018-05-07,1.01,,,,,,,
JR구좌3,2018-05-08,1.04,,,,,,,
JR구좌3,2018-05-09,1.06,,,,,,,
JR구좌3,2018-05-10,0.99,,,,,,,
JR구좌3,2018-05-11,0.93,,,,,,,
JR구좌3,2018-05-12,0.94,,,,,,,
JR구좌3,2018-05-13,1.0,,,,,,,
JR구좌3,2018-05-14,1.03,,,,,,,
JR구좌3,2018-05-15,1.07,,,,,,,
JR구좌3,2018-05-16,1.09,,,,,,,
JR구좌3,2018-05-17,1.11,,,,,,,
JR구좌3,2018-05-18,1.14,,,,,,,
JR구좌3,2018-05-19,1.15,,,,,,,
JR구좌3,2018-05-20,1.14,,,,,,,
JR구좌3,2018-05-21,1.08,,,,,,,
JR구좌3,2018-05-22,1.02,,,,,,,
JR구좌3,2018-05-23,1.01,,,,,,,
JR구좌3,2018-05-24,1.0,,,,,,,
JR구좌3,2018-05-25,1.02,,,,,,,
JR구좌3,2018-05-26,1.07,,,,,,,
JR구좌3,2018-05-28,1.06,,,,,,,
JR구좌3,2018-05-29,1.07,,,,,,,
JR구좌3,2018-05-30,1.06,,,,,,,
JR구좌3,2018-05-31,1.05,,,,,,,
JR구좌3,2018-06-01,1.03,,,,,,,
JR구좌3,2018-06-02,1.01,,,,,,,
JR구좌3,2018-06-03,0.99,,,,,,,
JR구좌3,2018-06-04,0.98,,,,,,,
JR구좌3,2018-06-05,0.99,,,,,,,
JR구좌3,2018-06-06,0.99,,,,,,,
JR구좌3,2018-06-07,0.99,,,,,,,
JR구좌3,2018-06-08,0.98,,,,,,,
JR구좌3,2018-06-09,1.03,,,,,,,
JR구좌3,2018-06-10,1.06,,,,,,,
JR구좌3,2018-06-11,1.09,,,,,,,
JR구좌3,2018-06-12,1.1,,,,,,,
JR구좌3,2018-06-13,1.11,,,,,,,
JR구좌3,2018-06-14,1.13,,,,,,,
JR구좌3,2018-06-15,1.14,,,,,,,
JR구좌3,2018-06-16,1.12,,,,,,,
JR구좌3,2018-06-17,1.08,,,,,,,
JR구좌3,2018-06-18,1.06,,,,,,,
JR구좌3,2018-06-19,1.08,,,,,,,
JR구좌3,2018-06-20,1.1,,,,,,,
JR구좌3,2018-06-21,1.09,,,,,,,
JR구좌3,2018-06-22,1.06,,,,,,,
JR구좌3,2018-06-23,1.04,,,,,,,
JR구좌3,2018-06-24,1.03,,,,,,,
JR구좌3,2018-06-25,1.03,,,,,,,
JR구좌3,2018-06-26,1.03,,,,,,,
JR구좌3,2018-06-27,1.03,,,,,,,
JR구좌3,2018-06-28,1.04,,,,,,,
JR구좌3,2018-06-29,1.11,,,,,,,
JR구좌3,2018-06-30,1.17,,,,,,,
JR구좌3,2018-07-02,2.02,,,,,,,
JR구좌3,2018-07-03,2.04,,,,,,,
JR구좌3,2018-07-04,2.02,,,,,,,
JR구좌3,2018-07-05,1.94,,,,,,,
JR구좌3,2018-07-06,1.86,,,,,,,
JR구좌3,2018-07-07,1.8,,,,,,,
JR구좌3,2018-07-08,1.74,,,,,,,
JR구좌3,2018-07-09,1.65,,,,,,,
JR구좌3,2018-07-10,1.58,,,,,,,
JR구좌3,2018-07-11,1.53,,,,,,,
JR구좌3,2018-07-12,1.5,,,,,,,
JR구좌3,2018-07-13,1.46,,,,,,,
JR구좌3,2018-07-14,1.46,,,,,,,
JR구좌3,2018-07-15,1.45,,,,,,,
JR구좌3,2018-07-16,1.41,,,,,,,
JR구좌3,2018-07-17,1.37,,,,,,,
JR구좌3,2018-07-18,1.34,,,,,,,
JR구좌3,2018-07-19,1.31,,,,,,,
JR구좌3,2018-07-20,1.3,,,,,,,
JR구좌3,2018-07-21,1.3,,,,,,,
JR구좌3,2018-07-22,1.32,,,,,,,
JR구좌3,2018-07-23,1.33,,,,,,,
JR구좌3,2018-07-24,1.32,,,,,,,
JR구좌3,2018-07-25,1.31,,,,,,,
JR구좌3,2018-07-27,1.27,,,,,,,
JR구좌3,2018-07-28,1.26,,,,,,,
JR구좌3,2018-07-29,1.26,,,,,,,
JR구좌3,2018-07-30,1.28,,,,,,,
JR구좌3,2018-07-31,1.27,,,,,,,
JR구좌3,2018-08-01,1.26,,,,,,,
JR구좌3,2018-08-02,1.25,,,,,,,
JR구좌3,2018-08-03,1.24,,,,,,,
JR구좌3,2018-08-04,1.22,,,,,,,
JR구좌3,2018-08-05,1.18,,,,,,,
JR구좌3,2018-08-06,1.17,,,,,,,
JR구좌3,2018-08-07,1.17,,,,,,,
JR구좌3,2018-08-08,1.17,,,,,,,
JR구좌3,2018-08-09,1.16,,,,,,,
JR구좌3,2018-08-10,1.17,,,,,,,
JR구좌3,2018-08-11,1.18,,,,,,,
JR구좌3,2018-08-12,1.2,,,,,,,
JR구좌3,2018-08-13,1.19,,,,,,,
JR구좌3,2018-08-14,1.18,,,,,,,
JR구좌3,2018-08-15,1.17,,,,,,,
JR구좌3,2018-08-16,1.16,,,,,,,
JR구좌3,2018-08-17,1.16,,,,,,,
JR구좌3,2018-08-18,1.14,,,,,,,
JR구좌3,2018-08-19,1.11,,,,,,,
JR구좌3,2018-08-20,1.09,,,,,,,
JR구좌3,2018-08-21,1.11,,,,,,,
JR구좌3,2018-08-22,1.15,,,,,,,
JR구좌3,2018-08-23,1.25,,,,,,,
JR구좌3,2018-08-24,1.36,,,,,,,
JR구좌3,2018-08-25,1.36,,,,,,,
JR구좌3,2018-08-26,1.34,,,,,,,
JR구좌3,2018-08-27,1.31,,,,,,,
JR구좌3,2018-08-28,1.29,,,,,,,
JR구좌3,2018-08-29,1.26,,,,,,,
JR구좌3,2018-08-30,1.23,,,,,,,
JR구좌3,2018-08-31,1.2,,,,,,,
JR구좌3,2018-09-01,1.2,,,,,,,
JR구좌3,2018-09-02,1.21,,,,,,,
JR구좌3,2018-09-03,1.2,,,,,,,
JR구좌3,2018-09-04,1.24,,,,,,,
JR구좌3,2018-09-05,1.25,,,,,,,
JR구좌3,2018-09-06,1.23,,,,,,,
JR구좌3,2018-09-07,1.22,,,,,,,
JR구좌3,2018-09-08,1.19,,,,,,,
JR구좌3,2018-09-09,1.17,,,,,,,
JR구좌3,2018-09-10,1.15,,,,,,,
JR구좌3,2018-09-11,1.14,,,,,,,
JR구좌3,2018-09-12,1.12,,,,,,,
JR구좌3,2018-09-13,1.15,,,,,,,
JR구좌3,2018-09-14,1.61,,,,,,,
JR구좌3,2018-09-15,1.96,,,,,,,
JR구좌3,2018-09-16,2.0,,,,,,,
JR구좌3,2018-09-17,1.94,,,,,,,
JR구좌3,2018-09-18,1.88,,,,,,,
JR구좌3,2018-09-19,1.83,,,,,,,
JR구좌3,2018-09-20,1.83,,,,,,,
JR구좌3,2018-09-21,1.83,,,,,,,
JR구좌3,2018-09-22,1.78,,,,,,,
JR구좌3,2018-09-23,1.72,,,,,,,
JR구좌3,2018-09-24,1.67,,,,,,,
JR구좌3,2018-09-25,1.62,,,,,,,
JR구좌3,2018-09-26,1.6,,,,,,,
JR구좌3,2018-09-27,1.57,,,,,,,
JR구좌3,2018-09-28,1.54,,,,,,,
JR구좌3,2018-09-29,1.52,,,,,,,
JR구좌3,2018-09-30,1.53,,,,,,,
JR구좌3,2018-10-01,1.49,,,,,,,
JR구좌3,2018-10-02,1.42,,,,,,,
JR구좌3,2018-10-03,1.4,,,,,,,
JR구좌3,2018-10-04,1.38,,,,,,,
JR구좌3,2018-10-05,1.38,,,,,,,
JR구좌3,2018-10-06,1.7,,,,,,,
JR구좌3,2018-10-07,2.08,,,,,,,
JR구좌3,2018-10-08,2.18,,,,,,,
JR구좌3,2018-10-09,2.14,,,,,,,
JR구좌3,2018-10-10,2.07,,,,,,,
JR구좌3,2018-10-11,1.97,,,,,,,
JR구좌3,2018-10-12,1.88,,,,,,,
JR구좌3,2018-10-13,1.82,,,,,,,
JR구좌3,2018-10-14,1.77,,,,,,,
JR구좌3,2018-10-15,1.73,,,,,,,
JR구좌3,2018-10-16,1.71,,,,,,,
JR구좌3,2018-10-17,1.7,,,,,,,
JR구좌3,2018-10-18,1.65,,,,,,,
JR구좌3,2018-10-19,1.62,,,,,,,
JR구좌3,2018-10-20,1.58,,,,,,,
JR구좌3,2018-10-21,1.54,,,,,,,
JR구좌3,2018-10-22,1.52,,,,,,,
JR구좌3,2018-10-23,1.51,,,,,,,
JR구좌3,2018-10-24,1.49,,,,,,,
JR구좌3,2018-10-25,1.47,,,,,,,
JR구좌3,2018-10-26,1.46,,,,,,,
JR구좌3,2018-10-27,1.43,,,,,,,
JR구좌3,2018-10-28,1.4,,,,,,,
JR구좌3,2018-10-29,1.39,,,,,,,
JR구좌3,2018-10-30,1.36,,,,,,,
JR구좌3,2018-10-31,1.32,,,,,,,
JR구좌3,2018-11-01,1.27,,,,,,,
JR구좌3,2018-11-02,1.23,,,,,,,
JR구좌3,2018-11-03,1.21,,,,,,,
JR구좌3,2018-11-04,1.19,,,,,,,
JR구좌3,2018-11-05,1.19,,,,,,,
JR구좌3,2018-11-06,1.19,,,,,,,
JR구좌3,2018-11-07,1.2,,,,,,,
JR구좌3,2018-11-08,1.21,,,,,,,
JR구좌3,2018-11-09,1.2,,,,,,,
JR구좌3,2018-11-10,1.19,,,,,,,
JR구좌3,2018-11-11,1.19,,,,,,,
JR구좌3,2018-11-12,1.19,,,,,,,
JR구좌3,2018-11-13,1.19,,,,,,,
JR구좌3,2018-11-14,1.18,,,,,,,
JR구좌3,2018-11-15,1.17,,,,,,,
JR구좌3,2018-11-16,1.16,,,,,,,
JR구좌3,2018-11-17,1.14,,,,,,,
JR구좌3,2018-11-18,1.13,,,,,,,
JR구좌3,2018-11-19,1.12,,,,,,,
JR구좌3,2018-11-20,1.12,,,,,,,
JR구좌3,2018-11-21,1.12,,,,,,,
JR구좌3,2018-11-22,1.12,,,,,,,
JR구좌3,2018-11-23,1.09,,,,,,,
JR구좌3,2018-11-24,1.1,,,,,,,
JR구좌3,2018-11-25,1.09,,,,,,,
JR구좌3,2018-11-26,1.08,,,,,,,
JR구좌3,2018-11-27,1.07,,,,,,,
JR구좌3,2018-11-28,1.06,,,,,,,
JR구좌3,2018-11-29,1.06,,,,,,,
JR구좌3,2018-11-30,1.03,,,,,,,
JR구좌3,2018-12-01,1.01,,,,,,,
JR구좌3,2018-12-02,1.03,,,,,,,
JR구좌3,2018-12-03,1.04,,,,,,,
JR구좌3,2018-12-04,1.04,,,,,,,
JR구좌3,2018-12-05,1.01,,,,,,,
JR구좌3,2018-12-06,1.02,,,,,,,
JR구좌3,2018-12-07,0.98,,,,,,,
JR구좌3,2018-12-08,0.94,,,,,,,
JR구좌3,2018-12-09,0.91,,,,,,,
JR구좌3,2018-12-10,0.92,,,,,,,
JR구좌3,2018-12-11,0.95,,,,,,,
JR구좌3,2018-12-12,0.96,,,,,,,
JR구좌3,2018-12-13,0.93,,,,,,,
JR구좌3,2018-12-14,0.91,,,,,,,
JR구좌3,2018-12-15,0.9,,,,,,,
JR구좌3,2018-12-16,0.9,,,,,,,
JR구좌3,2018-12-17,0.91,,,,,,,
JR구좌3,2018-12-18,0.92,,,,,,,
JR구좌3,2018-12-19,0.91,,,,,,,
JR구좌3,2018-12-20,0.91,,,,,,,
JR구좌3,2018-12-21,0.95,,,,,,,
JR구좌3,2018-12-22,0.96,,,,,,,
JR구좌3,2018-12-23,0.96,,,,,,,
JR구좌3,2018-12-24,0.93,,,,,,,
JR구좌3,2018-12-25,0.93,,,,,,,
JR구좌3,2018-12-26,0.94,,,,,,,
JR구좌3,2018-12-27,0.91,,,,,,,
JR구좌3,2018-12-28,0.85,,,,,,,
JR구좌3,2018-12-29,0.81,,,,,,,
JR구좌3,2018-12-30,0.8,,,,,,,
JR구좌3,2018-12-31,0.81,,,,,,,
JR구좌3,2019-01-01,0.8,,,,,,,
JR구좌3,2019-01-02,0.78,,,,,,,
JR구좌3,2019-01-03,0.79,,,,,,,
JR구좌3,2019-01-04,0.81,,,,,,,
JR구좌3,2019-01-05,0.82,,,,,,,
JR구좌3,2019-01-06,0.83,,,,,,,
JR구좌3,2019-01-07,0.83,,,,,,,
JR구좌3,2019-01-08,0.82,,,,,,,
JR구좌3,2019-01-09,0.8,,,,,,,
JR구좌3,2019-01-10,0.79,,,,,,,
JR구좌3,2019-01-11,0.79,,,,,,,
JR구좌3,2019-01-12,0.82,,,,,,,
JR구좌3,2019-01-13,0.81,,,,,,,
JR구좌3,2019-01-14,0.81,,,,,,,
JR구좌3,2019-01-15,0.8,,,,,,,
JR구좌3,2019-01-16,0.77,,,,,,,
JR구좌3,2019-01-17,0.76,,,,,,,
JR구좌3,2019-01-18,0.76,,,,,,,
JR구좌3,2019-01-19,0.79,,,,,,,
JR구좌3,2019-01-20,0.8,,,,,,,
JR구좌3,2019-01-21,0.78,,,,,,,
JR구좌3,2019-01-22,0.79,,,,,,,
JR구좌3,2019-01-23,0.81,,,,,,,
JR구좌3,2019-01-24,0.81,,,,,,,
JR구좌3,2019-01-25,0.81,,,,,,,
JR구좌3,2019-01-26,0.78,,,,,,,
JR구좌3,2019-01-27,0.75,,,,,,,
JR구좌3,2019-01-28,0.75,,,,,,,
JR구좌3,2019-01-29,0.76,,,,,,,
JR구좌3,2019-01-30,0.78,,,,,,,
JR구좌3,2019-01-31,0.78,,,,,,,
JR구좌3,2019-02-01,0.74,,,,,,,
JR구좌3,2019-02-02,0.71,,,,,,,
JR구좌3,2019-02-03,0.77,,,,,,,
JR구좌3,2019-02-04,0.76,,,,,,,
JR구좌3,2019-02-05,0.78,,,,,,,
JR구좌3,2019-02-06,0.8,,,,,,,
JR구좌3,2019-02-07,0.81,,,,,,,
JR구좌3,2019-02-08,0.78,,,,,,,
JR구좌3,2019-02-09,0.77,,,,,,,
JR구좌3,2019-02-10,0.75,,,,,,,
JR구좌3,2019-02-11,0.71,,,,,,,
JR구좌3,2019-02-12,0.69,,,,,,,
JR구좌3,2019-02-13,0.68,,,,,,,
JR구좌3,2019-02-14,0.67,,,,,,,
JR구좌3,2019-02-15,0.68,,,,,,,
JR구좌3,2019-02-16,0.67,,,,,,,
JR구좌3,2019-02-17,0.66,,,,,,,
JR구좌3,2019-02-18,0.67,,,,,,,
JR구좌3,2019-02-19,0.72,,,,,,,
JR구좌3,2019-02-20,0.72,,,,,,,
JR구좌3,2019-02-21,0.71,,,,,,,
JR구좌3,2019-02-22,0.71,,,,,,,
JR구좌3,2019-02-23,0.7,,,,,,,
JR구좌3,2019-02-24,0.71,,,,,,,
JR구좌3,2019-02-25,0.69,,,,,,,
JR구좌3,2019-02-26,0.69,,,,,,,
JR구좌3,2019-02-27,0.7,,,,,,,
JR구좌3,2019-02-28,0.72,,,,,,,
JR구좌3,2019-03-01,0.71,,,,,,,
JR구좌3,2019-03-02,0.71,,,,,,,
JR구좌3,2019-03-03,0.75,,,,,,,
JR구좌3,2019-03-04,0.77,,,,,,,
JR구좌3,2019-03-05,0.76,,,,,,,
JR구좌3,2019-03-06,0.76,,,,,,,
JR구좌3,2019-03-07,0.75,,,,,,,
JR구좌3,2019-03-08,0.72,,,,,,,
JR구좌3,2019-03-09,0.72,,,,,,,
JR구좌3,2019-03-10,0.76,,,,,,,
JR구좌3,2019-03-11,0.8,,,,,,,
JR구좌3,2019-03-12,0.79,,,,,,,
JR구좌3,2019-03-13,0.77,,,,,,,
JR구좌3,2019-03-14,0.75,,,,,,,
JR구좌3,2019-03-15,0.75,,,,,,,
JR구좌3,2019-03-16,0.73,,,,,,,
JR구좌3,2019-03-17,0.73,,,,,,,
JR구좌3,2019-03-18,0.73,,,,,,,
JR구좌3,2019-03-19,0.73,,,,,,,
JR구좌3,2019-03-20,0.76,,,,,,,
JR구좌3,2019-03-21,0.81,,,,,,,
JR구좌3,2019-03-22,0.79,,,,,,,
JR구좌3,2019-03-23,0.78,,,,,,,
JR구좌3,2019-03-24,0.75,,,,,,,
JR구좌3,2019-03-25,0.73,,,,,,,
JR구좌3,2019-03-26,0.73,,,,,,,
JR구좌3,2019-03-27,0.73,,,,,,,
JR구좌3,2019-03-28,0.75,,,,,,,
JR구좌3,2019-03-29,0.78,,,,,,,
JR구좌3,2019-03-30,0.8,,,,,,,
JR구좌3,2019-03-31,0.76,,,,,,,
JR구좌3,2019-04-01,0.73,,,,,,,
JR구좌3,2019-04-02,0.71,,,,,,,
JR구좌3,2019-04-03,0.75,,,,,,,
JR구좌3,2019-04-04,0.81,,,,,,,
JR구좌3,2019-04-05,0.83,,,,,,,
JR구좌3,2019-04-06,0.87,,,,,,,
JR구좌3,2019-04-07,0.91,,,,,,,
JR구좌3,2019-04-08,0.92,,,,,,,
JR구좌3,2019-04-09,0.92,,,,,,,
JR구좌3,2019-04-10,0.95,,,,,,,
JR구좌3,2019-04-11,0.91,,,,,,,
JR구좌3,2019-04-12,0.88,,,,,,,
JR구좌3,2019-04-13,0.87,,,,,,,
JR구좌3,2019-04-14,0.86,,,,,,,
JR구좌3,2019-04-15,0.84,,,,,,,
JR구좌3,2019-04-16,0.84,,,,,,,
JR구좌3,2019-04-17,0.86,,,,,,,
JR구좌3,2019-04-18,0.87,,,,,,,
JR구좌3,2019-04-19,0.87,,,,,,,
JR구좌3,2019-04-20,0.88,,,,,,,
JR구좌3,2019-04-21,0.87,,,,,,,
JR구좌3,2019-04-22,0.87,,,,,,,
JR구좌3,2019-04-23,0.89,,,,,,,
JR구좌3,2019-04-24,0.92,,,,,,,
JR구좌3,2019-04-25,0.93,,,,,,,
JR구좌3,2019-04-26,0.93,,,,,,,
JR구좌3,2019-04-27,0.89,,,,,,,
JR구좌3,2019-04-28,0.88,,,,,,,
JR구좌3,2019-04-29,0.87,,,,,,,
JR구좌3,2019-04-30,0.89,,,,,,,
JR구좌3,2019-05-01,0.9,,,,,,,
JR구좌3,2019-05-02,0.9,,,,,,,
JR구좌3,2019-05-03,0.89,,,,,,,
JR구좌3,2019-05-04,0.89,,,,,,,
JR구좌3,2019-05-05,0.89,,,,,,,
JR구좌3,2019-05-06,0.88,,,,,,,
JR구좌3,2019-05-07,0.87,,,,,,,
JR구좌3,2019-05-08,0.88,,,,,,,
JR구좌3,2019-05-09,0.9,,,,,,,
JR구좌3,2019-05-10,0.92,,,,,,,
JR구좌3,2019-05-11,0.94,,,,,,,
JR구좌3,2019-05-12,0.94,,,,,,,
JR구좌3,2019-05-13,0.93,,,,,,,
JR구좌3,2019-05-14,0.89,,,,,,,
JR구좌3,2019-05-15,0.89,,,,,,,
JR구좌3,2019-05-16,0.9,,,,,,,
JR구좌3,2019-05-17,0.91,,,,,,,
JR구좌3,2019-05-18,1.03,,,,,,,
JR구좌3,2019-05-19,1.56,,,,,,,
JR구좌3,2019-05-20,1.77,,,,,,,
JR구좌3,2019-05-21,1.75,,,,,,,
JR구좌3,2019-05-22,1.71,,,,,,,
JR구좌3,2019-05-23,1.66,,,,,,,
JR구좌3,2019-05-24,1.59,,,,,,,
JR구좌3,2019-05-25,1.51,,,,,,,
JR구좌3,2019-05-26,1.43,,,,,,,
JR구좌3,2019-05-27,1.4,,,,,,,
JR구좌3,2019-05-28,1.35,,,,,,,
JR구좌3,2019-05-29,1.31,,,,,,,
JR구좌3,2019-05-30,1.28,,,,,,,
JR구좌3,2019-05-31,1.25,,,,,,,
JR구좌3,2019-06-01,1.23,,,,,,,
JR구좌3,2019-06-02,1.22,,,,,,,
JR구좌3,2019-06-03,1.21,,,,,,,
JR구좌3,2019-06-04,1.2,,,,,,,
JR구좌3,2019-06-05,1.19,,,,,,,
JR구좌3,2019-06-06,1.18,,,,,,,
JR구좌3,2019-06-07,1.21,,,,,,,
JR구좌3,2019-06-08,1.18,,,,,,,
JR구좌3,2019-06-09,1.18,,,,,,,
JR구좌3,2019-06-10,1.17,,,,,,,
JR구좌3,2019-06-11,1.15,,,,,,,
JR구좌3,2019-06-12,1.12,,,,,,,
JR구좌3,2019-06-13,1.1,,,,,,,
JR구좌3,2019-06-14,1.1,,,,,,,
JR구좌3,2019-06-15,1.14,,,,,,,
JR구좌3,2019-06-16,1.14,,,,,,,
JR구좌3,2019-06-17,1.13,,,,,,,
JR구좌3,2019-06-18,1.13,,,,,,,
JR구좌3,2019-06-19,1.13,,,,,,,
JR구좌3,2019-06-20,1.13,,,,,,,
JR구좌3,2019-06-21,1.13,,,,,,,
JR구좌3,2019-06-22,1.14,,,,,,,
JR구좌3,2019-06-23,1.14,,,,,,,
JR구좌3,2019-06-24,1.12,,,,,,,
JR구좌3,2019-06-25,1.08,,,,,,,
JR구좌3,2019-06-26,1.07,,,,,,,
JR구좌3,2019-06-27,1.12,,,,,,,
JR구좌3,2019-06-28,1.16,,,,,,,
JR구좌3,2019-06-29,1.22,,,,,,,
JR구좌3,2019-06-30,1.25,,,,,,,
JR구좌3,2019-07-01,1.25,,,,,,,
JR구좌3,2019-07-02,1.23,,,,,,,
JR구좌3,2019-07-03,1.21,,,,,,,
JR구좌3,2019-07-04,1.2,,,,,,,
JR구좌3,2019-07-05,1.2,,,,,,,
JR구좌3,2019-07-06,1.22,,,,,,,
JR구좌3,2019-07-07,1.22,,,,,,,
JR구좌3,2019-07-08,1.19,,,,,,,
JR구좌3,2019-07-09,1.17,,,,,,,
JR구좌3,2019-07-10,1.18,,,,,,,
JR구좌3,2019-07-11,1.18,,,,,,,
JR구좌3,2019-07-12,1.14,,,,,,,
JR구좌3,2019-07-13,1.17,,,,,,,
JR구좌3,2019-07-14,1.21,,,,,,,
JR구좌3,2019-07-15,1.21,,,,,,,
JR구좌3,2019-07-16,1.19,,,,,,,
JR구좌3,2019-07-17,1.16,,,,,,,
JR구좌3,2019-07-18,1.17,,,,,,,
JR구좌3,2019-07-19,1.47,,,,,,,
JR구좌3,2019-07-20,2.65,,,,,,,
JR구좌3,2019-07-21,3.56,,,,,,,
JR구좌3,2019-07-22,3.59,,,,,,,
JR구좌3,2019-07-23,3.37,,,,,,,
JR구좌3,2019-07-24,3.17,,,,,,,
JR구좌3,2019-07-25,3.0,,,,,,,
JR구좌3,2019-07-26,2.83,,,,,,,
JR구좌3,2019-07-27,2.67,,,,,,,
JR구좌3,2019-07-28,2.51,,,,,,,
JR구좌3,2019-07-29,2.37,,,,,,,
JR구좌3,2019-07-30,2.25,,,,,,,
JR구좌3,2019-07-31,2.14,,,,,,,
JR구좌3,2019-08-01,2.06,,,,,,,
JR구좌3,2019-08-02,1.98,,,,,,,
JR구좌3,2019-08-03,1.92,,,,,,,
JR구좌3,2019-08-04,1.86,,,,,,,
JR구좌3,2019-08-05,1.79,,,,,,,
JR구좌3,2019-08-06,1.73,,,,,,,
JR구좌3,2019-08-07,1.69,,,,,,,
JR구좌3,2019-08-08,1.65,,,,,,,
JR구좌3,2019-08-09,1.62,,,,,,,
JR구좌3,2019-08-10,1.61,,,,,,,
JR구좌3,2019-08-11,1.63,,,,,,,
JR구좌3,2019-08-12,1.63,,,,,,,
JR구좌3,2019-08-13,1.61,,,,,,,
JR구좌3,2019-08-14,1.59,,,,,,,
JR구좌3,2019-08-15,1.6,,,,,,,
JR구좌3,2019-08-16,1.58,,,,,,,
JR구좌3,2019-08-17,1.54,,,,,,,
JR구좌3,2019-08-18,1.51,,,,,,,
JR구좌3,2019-08-19,1.46,,,,,,,
JR구좌3,2019-08-20,1.41,,,,,,,
JR구좌3,2019-08-21,1.36,,,,,,,
JR구좌3,2019-08-22,1.33,,,,,,,
JR구좌3,2019-08-23,1.31,,,,,,,
JR구좌3,2019-08-24,1.29,,,,,,,
JR구좌3,2019-08-25,1.27,,,,,,,
JR구좌3,2019-08-26,1.25,,,,,,,
JR구좌3,2019-08-27,1.24,,,,,,,
JR구좌3,2019-08-28,1.23,,,,,,,
JR구좌3,2019-08-29,1.28,,,,,,,
JR구좌3,2019-08-30,1.44,,,,,,,
JR구좌3,2019-08-31,1.47,,,,,,,
JR구좌3,2019-09-01,1.45,,,,,,,
JR구좌3,2019-09-02,1.5,,,,,,,
JR구좌3,2019-09-03,1.98,,,,,,,
JR구좌3,2019-09-04,2.3,,,,,,,
JR구좌3,2019-09-05,2.74,,,,,,,
JR구좌3,2019-09-06,3.31,,,,,,,
JR구좌3,2019-09-07,3.75,,,,,,,
JR구좌3,2019-09-08,3.83,,,,,,,
JR구좌3,2019-09-09,3.71,,,,,,,
JR구좌3,2019-09-10,3.55,,,,,,,
JR구좌3,2019-09-11,3.36,,,,,,,
JR구좌3,2019-09-12,3.16,,,,,,,
JR구좌3,2019-09-13,2.96,,,,,,,
JR구좌3,2019-09-14,2.8,,,,,,,
JR구좌3,2019-09-15,2.66,,,,,,,
JR구좌3,2019-09-16,2.55,,,,,,,
JR구좌3,2019-09-17,2.44,,,,,,,
JR구좌3,2019-09-18,2.33,,,,,,,
JR구좌3,2019-09-19,2.21,,,,,,,
JR구좌3,2019-09-20,2.12,,,,,,,
JR구좌3,2019-09-21,2.06,,,,,,,
JR구좌3,2019-09-22,2.31,,,,,,,
JR구좌3,2019-09-23,3.0,,,,,,,
JR구좌3,2019-09-24,3.21,,,,,,,
JR구좌3,2019-09-25,3.13,,,,,,,
JR구좌3,2019-09-26,2.99,,,,,,,
JR구좌3,2019-09-27,2.86,,,,,,,
JR구좌3,2019-09-28,2.85,,,,,,,
JR구좌3,2019-09-29,2.93,,,,,,,
JR구좌3,2019-09-30,2.96,,,,,,,
JR구좌3,2019-10-01,2.92,,,,,,,
JR구좌3,2019-10-02,3.22,,,,,,,
JR구좌3,2019-10-03,4.67,,,,,,,
JR구좌3,2019-10-04,5.19,,,,,,,
JR구좌3,2019-10-05,5.01,,,,,,,
JR구좌3,2019-10-06,4.64,,,,,,,
JR구좌3,2019-10-07,4.29,,,,,,,
JR구좌3,2019-10-08,3.97,,,,,,,
JR구좌3,2019-10-09,3.69,,,,,,,
JR구좌3,2019-10-10,3.48,,,,,,,
JR구좌3,2019-10-11,3.31,,,,,,,
JR구좌3,2019-10-12,3.18,,,,,,,
JR구좌3,2019-10-13,3.07,,,,,,,
JR구좌3,2019-10-14,2.92,,,,,,,
JR구좌3,2019-10-15,2.73,,,,,,,
JR구좌3,2019-10-16,2.59,,,,,,,
JR구좌3,2019-10-17,2.48,,,,,,,
JR구좌3,2019-10-18,2.43,,,,,,,
JR구좌3,2019-10-19,2.37,,,,,,,
JR구좌3,2019-10-20,2.3,,,,,,,
JR구좌3,2019-10-21,2.24,,,,,,,
JR구좌3,2019-10-22,2.22,,,,,,,
JR구좌3,2019-10-23,2.19,,,,,,,
JR구좌3,2019-10-24,2.14,,,,,,,
JR구좌3,2019-10-25,2.08,,,,,,,
JR구좌3,2019-10-26,2.06,,,,,,,
JR구좌3,2019-10-28,1.88,,,,,,,
JR구좌3,2019-10-29,1.86,,,,,,,
JR구좌3,2019-10-30,1.82,,,,,,,
JR구좌3,2019-10-31,1.77,,,,,,,
JR구좌3,2019-11-01,1.72,,,,,,,
JR구좌3,2019-11-02,1.7,,,,,,,
JR구좌3,2019-11-03,1.67,,,,,,,
JR구좌3,2019-11-04,1.65,,,,,,,
JR구좌3,2019-11-05,1.64,,,,,,,
JR구좌3,2019-11-06,1.61,,,,,,,
JR구좌3,2019-11-07,1.6,,,,,,,
JR구좌3,2019-11-08,1.58,,,,,,,
JR구좌3,2019-11-09,1.54,,,,,,,
JR구좌3,2019-11-10,1.53,,,,,,,
JR구좌3,2019-11-11,1.54,,,,,,,
JR구좌3,2019-11-12,1.51,,,,,,,
JR구좌3,2019-11-13,1.5,,,,,,,
JR구좌3,2019-11-14,1.44,,,,,,,
JR구좌3,2019-11-15,1.39,,,,,,,
JR구좌3,2019-11-16,1.37,,,,,,,
JR구좌3,2019-11-17,1.37,,,,,,,
JR구좌3,2019-11-18,1.36,,,,,,,
JR구좌3,2019-11-19,1.3,,,,,,,
JR구좌3,2019-11-20,1.24,,,,,,,
JR구좌3,2019-11-21,1.22,,,,,,,
JR구좌3,2019-11-22,1.22,,,,,,,
JR구좌3,2019-11-23,1.22,,,,,,,
JR구좌3,2019-11-24,1.23,,,,,,,
JR구좌3,2019-11-25,1.21,,,,,,,
JR구좌3,2019-11-26,1.2,,,,,,,
JR구좌3,2019-11-27,1.19,,,,,,,
JR구좌3,2019-11-28,1.17,,,,,,,
JR구좌3,2019-11-29,1.17,,,,,,,
JR구좌3,2019-11-30,1.16,,,,,,,
JR구좌3,2019-12-01,1.17,,,,,,,
JR구좌3,2019-12-02,1.17,,,,,,,
JR구좌3,2019-12-03,1.14,,,,,,,
JR구좌3,2019-12-04,1.11,,,,,,,
JR구좌3,2019-12-05,1.06,,,,,,,
JR구좌3,2019-12-06,1.02,,,,,,,
JR구좌3,2019-12-07,1.0,,,,,,,
JR구좌3,2019-12-08,1.01,,,,,,,
JR구좌3,2019-12-09,1.02,,,,,,,
JR구좌3,2019-12-10,1.04,,,,,,,
JR구좌3,2019-12-11,1.07,,,,,,,
JR구좌3,2019-12-12,1.05,,,,,,,
JR구좌3,2019-12-13,1.04,,,,,,,
JR구좌3,2019-12-14,1.03,,,,,,,
JR구좌3,2019-12-15,1.04,,,,,,,
JR구좌3,2019-12-16,1.05,,,,,,,
JR구좌3,2019-12-17,1.06,,,,,,,
JR구좌3,2019-12-18,1.05,,,,,,,
JR구좌3,2019-12-19,1.04,,,,,,,
JR구좌3,2019-12-20,1.02,,,,,,,
JR구좌3,2019-12-21,1.01,,,,,,,
JR구좌3,2019-12-22,1.03,,,,,,,
JR구좌3,2019-12-23,1.06,,,,,,,
JR구좌3,2019-12-24,1.04,,,,,,,
JR구좌3,2019-12-25,1.05,,,,,,,
JR구좌3,2019-12-26,1.08,,,,,,,
JR구좌3,2019-12-27,1.05,,,,,,,
JR구좌3,2019-12-28,1.04,,,,,,,
JR구좌3,2019-12-29,1.05,,,,,,,
JR구좌3,2019-12-30,1.05,,,,,,,
JR구좌3,2019-12-31,0.98,,,,,,,
JR구좌3,2020-01-01,0.94,,,,,,,
JR구좌3,2020-01-02,0.94,,,,,,,
JR구좌3,2020-01-03,0.94,,,,,,,
JR구좌3,2020-01-04,0.94,,,,,,,
JR구좌3,2020-01-05,0.95,,,,,,,
JR구좌3,2020-01-06,0.98,,,,,,,
JR구좌3,2020-01-07,1.02,,,,,,,
JR구좌3,2020-01-08,1.02,,,,,,,
JR구좌3,2020-01-09,0.98,,,,,,,
JR구좌3,2020-01-10,1.01,,,,,,,
JR구좌3,2020-01-11,1.02,,,,,,,
JR구좌3,2020-01-12,1.02,,,,,,,
JR구좌3,2020-01-13,1.01,,,,,,,
JR구좌3,2020-01-14,1.01,,,,,,,
JR구좌3,2020-01-15,0.99,,,,,,,
JR구좌3,2020-01-16,0.96,,,,,,,
JR구좌3,2020-01-17,0.93,,,,,,,
JR구좌3,2020-01-18,0.91,,,,,,,
JR구좌3,2020-01-19,0.9,,,,,,,
JR구좌3,2020-01-20,0.89,,,,,,,
JR구좌3,2020-01-21,0.88,,,,,,,
JR구좌3,2020-01-22,0.9,,,,,,,
JR구좌3,2020-01-23,0.91,,,,,,,
JR구좌3,2020-01-24,0.89,,,,,,,
JR구좌3,2020-01-25,0.89,,,,,,,
JR구좌3,2020-01-26,0.9,,,,,,,
JR구좌3,2020-01-27,0.99,,,,,,,
JR구좌3,2020-01-28,1.05,,,,,,,
JR구좌3,2020-01-29,1.03,,,,,,,
JR구좌3,2020-01-30,1.02,,,,,,,
JR구좌3,2020-01-31,1.03,,,,,,,
JR구좌3,2020-02-01,1.04,,,,,,,
JR구좌3,2020-02-02,1.02,,,,,,,
JR구좌3,2020-02-03,0.98,,,,,,,
JR구좌3,2020-02-04,0.95,,,,,,,
JR구좌3,2020-02-05,0.93,,,,,,,
JR구좌3,2020-02-06,0.91,,,,,,,
JR구좌3,2020-02-07,0.91,,,,,,,
JR구좌3,2020-02-08,0.9,,,,,,,
JR구좌3,2020-02-09,0.9,,,,,,,
JR구좌3,2020-02-10,0.91,,,,,,,
JR구좌3,2020-02-11,0.93,,,,,,,
JR구좌3,2020-02-12,0.96,,,,,,,
JR구좌3,2020-02-13,0.97,,,,,,,
JR구좌3,2020-02-14,1.0,,,,,,,
JR구좌3,2020-02-15,1.02,,,,,,,
JR구좌3,2020-02-16,1.01,,,,,,,
JR구좌3,2020-02-17,0.94,,,,,,,
JR구좌3,2020-02-18,0.91,,,,,,,
JR구좌3,2020-02-19,0.92,,,,,,,
JR구좌3,2020-02-20,0.92,,,,,,,
JR구좌3,2020-02-21,0.9,,,,,,,
JR구좌3,2020-02-22,0.88,,,,,,,
JR구좌3,2020-02-23,0.84,,,,,,,
JR구좌3,2020-02-24,0.85,,,,,,,
JR구좌3,2020-02-25,0.9,,,,,,,
JR구좌3,2020-02-26,0.92,,,,,,,
JR구좌3,2020-02-27,0.89,,,,,,,
JR구좌3,2020-02-28,0.87,,,,,,,
JR구좌3,2020-02-29,0.9,,,,,,,
JR구좌3,2020-03-01,0.93,,,,,,,
JR구좌3,2020-03-02,0.93,,,,,,,
JR구좌3,2020-03-03,0.92,,,,,,,
JR구좌3,2020-03-04,0.92,,,,,,,
JR구좌3,2020-03-05,0.87,,,,,,,
JR구좌3,2020-03-06,0.88,,,,,,,
JR구좌3,2020-03-07,0.92,,,,,,,
JR구좌3,2020-03-08,0.95,,,,,,,
JR구좌3,2020-03-09,0.97,,,,,,,
JR구좌3,2020-03-10,1.02,,,,,,,
JR구좌3,2020-03-11,1.0,,,,,,,
JR구좌3,2020-03-12,0.99,,,,,,,
JR구좌3,2020-03-13,0.98,,,,,,,
JR구좌3,2020-03-14,0.94,,,,,,,
JR구좌3,2020-03-15,0.91,,,,,,,
JR구좌3,2020-03-16,0.9,,,,,,,
JR구좌3,2020-03-17,0.9,,,,,,,
JR구좌3,2020-03-18,0.9,,,,,,,
JR구좌3,2020-03-19,0.93,,,,,,,
JR구좌3,2020-03-20,0.9,,,,,,,
JR구좌3,2020-03-21,0.92,,,,,,,
JR구좌3,2020-03-22,0.95,,,,,,,
JR구좌3,2020-03-23,0.96,,,,,,,
JR구좌3,2020-03-24,0.93,,,,,,,
JR구좌3,2020-03-25,0.92,,,,,,,
JR구좌3,2020-03-26,0.92,,,,,,,
JR구좌3,2020-03-27,0.94,,,,,,,
JR구좌3,2020-03-28,0.9,,,,,,,
JR구좌3,2020-03-29,0.9,,,,,,,
JR구좌3,2020-03-30,0.9,,,,,,,
JR구좌3,2020-03-31,0.9,,,,,,,
JR구좌3,2020-04-01,0.9,,,,,,,
JR구좌3,2020-04-02,0.89,,,,,,,
JR구좌3,2020-04-03,0.88,,,,,,,
JR구좌3,2020-04-04,0.88,,,,,,,
JR구좌3,2020-04-05,0.87,,,,,,,
JR구좌3,2020-04-06,0.87,,,,,,,
JR구좌3,2020-04-07,0.88,,,,,,,
JR구좌3,2020-04-08,0.89,,,,,,,
JR구좌3,2020-04-09,0.9,,,,,,,
JR구좌3,2020-04-10,0.89,,,,,,,
JR구좌3,2020-04-11,0.89,,,,,,,
JR구좌3,2020-04-12,0.9,,,,,,,
JR구좌3,2020-04-13,0.95,,,,,,,
JR구좌3,2020-04-14,0.93,,,,,,,
JR구좌3,2020-04-15,0.93,,,,,,,
JR구좌3,2020-04-16,0.95,,,,,,,
JR구좌3,2020-04-17,0.98,,,,,,,
JR구좌3,2020-04-18,0.95,,,,,,,
JR구좌3,2020-04-19,0.96,,,,,,,
JR구좌3,2020-04-20,0.99,,,,,,,
JR구좌3,2020-04-21,0.95,,,,,,,
JR구좌3,2020-04-22,0.92,,,,,,,
JR구좌3,2020-04-23,0.88,,,,,,,
JR구좌3,2020-04-24,0.87,,,,,,,
JR구좌3,2020-04-25,0.88,,,,,,,
JR구좌3,2020-04-26,0.88,,,,,,,
JR구좌3,2020-04-27,0.89,,,,,,,
JR구좌3,2020-04-28,0.87,,,,,,,
JR구좌3,2020-04-29,0.85,,,,,,,
JR구좌3,2020-04-30,0.86,,,,,,,
JR구좌3,2020-05-01,0.87,,,,,,,
JR구좌3,2020-05-02,0.88,,,,,,,
JR구좌3,2020-05-03,0.92,,,,,,,
JR구좌3,2020-05-04,0.96,,,,,,,
JR구좌3,2020-05-05,0.97,,,,,,,
JR구좌3,2020-05-06,0.97,,,,,,,
JR구좌3,2020-05-07,0.99,,,,,,,
JR구좌3,2020-05-08,0.98,,,,,,,
JR구좌3,2020-05-09,0.99,,,,,,,
JR구좌3,2020-05-10,0.99,,,,,,,
JR구좌3,2020-05-11,0.98,,,,,,,
JR구좌3,2020-05-12,1.01,,,,,,,
JR구좌3,2020-05-13,1.0,,,,,,,
JR구좌3,2020-05-14,0.98,,,,,,,
JR구좌3,2020-05-15,1.0,,,,,,,
JR구좌3,2020-05-16,1.02,,,,,,,
JR구좌3,2020-05-17,1.03,,,,,,,
JR구좌3,2020-05-18,1.06,,,,,,,
JR구좌3,2020-05-19,1.08,,,,,,,
JR구좌3,2020-05-20,1.06,,,,,,,
JR구좌3,2020-05-21,1.07,,,,,,,
JR구좌3,2020-05-22,1.07,,,,,,,
JR구좌3,2020-05-23,1.05,,,,,,,
JR구좌3,2020-05-24,1.04,,,,,,,
JR구좌3,2020-05-25,1.03,,,,,,,
JR구좌3,2020-05-26,1.04,,,,,,,
JR구좌3,2020-05-27,1.04,,,,,,,
JR구좌3,2020-05-28,1.04,,,,,,,
JR구좌3,2020-05-29,1.02,,,,,,,
JR구좌3,2020-05-30,1.01,,,,,,,
JR구좌3,2020-05-31,1.0,,,,,,,
JR구좌3,2020-06-01,0.99,,,,,,,
JR구좌3,2020-06-02,0.99,,,,,,,
JR구좌3,2020-06-03,1.04,,,,,,,
JR구좌3,2020-06-04,1.08,,,,,,,
JR구좌3,2020-06-05,1.1,,,,,,,
JR구좌3,2020-06-06,1.11,,,,,,,
JR구좌3,2020-06-07,1.1,,,,,,,
JR구좌3,2020-06-08,1.08,,,,,,,
JR구좌3,2020-06-09,1.07,,,,,,,
JR구좌3,2020-06-10,1.07,,,,,,,
JR구좌3,2020-06-11,1.08,,,,,,,
JR구좌3,2020-06-12,1.09,,,,,,,
JR구좌3,2020-06-13,1.1,,,,,,,
JR구좌3,2020-06-14,1.08,,,,,,,
JR구좌3,2020-06-15,1.05,,,,,,,
JR구좌3,2020-06-16,1.05,,,,,,,
JR구좌3,2020-06-17,1.06,,,,,,,
JR구좌3,2020-06-18,1.09,,,,,,,
JR구좌3,2020-06-19,1.14,,,,,,,
JR구좌3,2020-06-20,1.17,,,,,,,
JR구좌3,2020-06-21,1.19,,,,,,,
JR구좌3,2020-06-22,1.19,,,,,,,
JR구좌3,2020-06-23,1.19,,,,,,,
JR구좌3,2020-06-24,1.21,,,,,,,
JR구좌3,2020-06-25,1.26,,,,,,,
JR구좌3,2020-06-26,1.28,,,,,,,
JR구좌3,2020-06-27,1.3,,,,,,,
JR구좌3,2020-06-28,1.32,,,,,,,
JR구좌3,2020-06-29,1.31,,,,,,,
JR구좌3,2020-06-30,1.34,,,,,,,
JR구좌3,2020-07-01,1.32,,,,,,,
JR구좌3,2020-07-02,1.31,,,,,,,
JR구좌3,2020-07-03,1.29,,,,,,,
JR구좌3,2020-07-04,1.28,,,,,,,
JR구좌3,2020-07-05,1.27,,,,,,,
JR구좌3,2020-07-06,1.29,,,,,,,
JR구좌3,2020-07-07,1.33,,,,,,,
JR구좌3,2020-07-08,1.41,,,,,,,
JR구좌3,2020-07-09,1.49,,,,,,,
JR구좌3,2020-07-10,1.58,,,,,,,
JR구좌3,2020-07-11,1.76,,,,,,,
JR구좌3,2020-07-12,1.82,,,,,,,
JR구좌3,2020-07-13,1.82,,,,,,,
JR구좌3,2020-07-14,1.8,,,,,,,
JR구좌3,2020-07-15,1.75,,,,,,,
JR구좌3,2020-07-16,1.71,,,,,,,
JR구좌3,2020-07-17,1.67,,,,,,,
JR구좌3,2020-07-18,1.63,,,,,,,
JR구좌3,2020-07-19,1.61,,,,,,,
JR구좌3,2020-07-20,1.59,,,,,,,
JR구좌3,2020-07-21,1.55,,,,,,,
JR구좌3,2020-07-22,1.51,,,,,,,
JR구좌3,2020-07-23,1.5,,,,,,,
JR구좌3,2020-07-24,1.51,,,,,,,
JR구좌3,2020-07-25,1.49,,,,,,,
JR구좌3,2020-07-26,1.45,,,,,,,
JR구좌3,2020-07-27,1.43,,,,,,,
JR구좌3,2020-07-28,1.44,,,,,,,
JR구좌3,2020-07-29,1.45,,,,,,,
JR구좌3,2020-07-30,1.44,,,,,,,
JR구좌3,2020-07-31,1.4,,,,,,,
JR구좌3,2020-08-01,1.38,,,,,,,
JR구좌3,2020-08-02,1.38,,,,,,,
JR구좌3,2020-08-03,1.38,,,,,,,
JR구좌3,2020-08-04,1.36,,,,,,,
JR구좌3,2020-08-05,1.35,,,,,,,
JR구좌3,2020-08-06,1.33,,,,,,,
JR구좌3,2020-08-07,1.31,,,,,,,
JR구좌3,2020-08-08,1.32,,,,,,,
JR구좌3,2020-08-09,1.33,,,,,,,
JR구좌3,2020-08-10,1.32,,,,,,,
JR구좌3,2020-08-11,1.33,,,,,,,
JR구좌3,2020-08-12,1.45,,,,,,,
JR구좌3,2020-08-13,1.53,,,,,,,
JR구좌3,2020-08-14,1.56,,,,,,,
JR구좌3,2020-08-15,1.55,,,,,,,
JR구좌3,2020-08-16,1.53,,,,,,,
JR구좌3,2020-08-17,1.49,,,,,,,
JR구좌3,2020-08-18,1.45,,,,,,,
JR구좌3,2020-08-19,1.43,,,,,,,
JR구좌3,2020-08-20,1.41,,,,,,,
JR구좌3,2020-08-21,1.4,,,,,,,
JR구좌3,2020-08-22,1.38,,,,,,,
JR구좌3,2020-08-23,1.37,,,,,,,
JR구좌3,2020-08-24,1.39,,,,,,,
JR구좌3,2020-08-25,1.43,,,,,,,
JR구좌3,2020-08-26,1.48,,,,,,,
JR구좌3,2020-08-27,1.55,,,,,,,
JR구좌3,2020-08-28,1.56,,,,,,,
JR구좌3,2020-08-29,1.54,,,,,,,
JR구좌3,2020-08-30,1.51,,,,,,,
JR구좌3,2020-08-31,1.5,,,,,,,
JR구좌3,2020-09-01,1.49,,,,,,,
JR구좌3,2020-09-02,1.51,,,,,,,
JR구좌3,2020-09-03,2.0,,,,,,,
JR구좌3,2020-09-04,2.36,,,,,,,
JR구좌3,2020-09-05,2.35,,,,,,,
JR구좌3,2020-09-06,2.29,,,,,,,
JR구좌3,2020-09-07,2.49,,,,,,,
JR구좌3,2020-09-08,2.95,,,,,,,
JR구좌3,2020-09-09,3.05,,,,,,,
JR구좌3,2020-09-10,3.0,,,,,,,
JR구좌3,2020-09-11,2.9,,,,,,,
JR구좌3,2020-09-12,2.79,,,,,,,
JR구좌3,2020-09-13,2.67,,,,,,,
JR구좌3,2020-09-14,2.55,,,,,,,
JR구좌3,2020-09-15,2.44,,,,,,,
JR구좌3,2020-09-16,2.37,,,,,,,
JR구좌3,2020-09-17,2.3,,,,,,,
JR구좌3,2020-09-18,2.22,,,,,,,
JR구좌3,2020-09-19,2.15,,,,,,,
JR구좌3,2020-09-20,2.09,,,,,,,
JR구좌3,2020-09-21,2.05,,,,,,,
JR구좌3,2020-09-22,2.02,,,,,,,
JR구좌3,2020-09-23,2.0,,,,,,,
JR구좌3,2020-09-24,1.98,,,,,,,
JR구좌3,2020-09-25,1.97,,,,,,,
JR구좌3,2020-09-26,1.95,,,,,,,
JR구좌3,2020-09-27,1.92,,,,,,,
JR구좌3,2020-09-28,1.88,,,,,,,
JR구좌3,2020-09-29,1.84,,,,,,,
JR구좌3,2020-09-30,1.81,,,,,,,
JR구좌3,2020-10-01,1.78,,,,,,,
JR구좌3,2020-10-02,1.74,,,,,,,
JR구좌3,2020-10-03,1.7,,,,,,,
JR구좌3,2020-10-04,1.67,,,,,,,
JR구좌3,2020-10-05,1.63,,,,,,,
JR구좌3,2020-10-06,1.58,,,,,,,
JR구좌3,2020-10-07,1.55,,,,,,,
JR구좌3,2020-10-08,1.56,,,,,,,
JR구좌3,2020-10-09,1.58,,,,,,,
JR구좌3,2020-10-10,1.57,,,,,,,
JR구좌3,2020-10-11,1.57,,,,,,,
JR구좌3,2020-10-12,1.57,,,,,,,
JR구좌3,2020-10-13,1.55,,,,,,,
JR구좌3,2020-10-14,1.52,,,,,,,
JR구좌3,2020-10-15,1.49,,,,,,,
JR구좌3,2020-10-16,1.47,,,,,,,
JR구좌3,2020-10-17,1.44,,,,,,,
JR구좌3,2020-10-18,1.42,,,,,,,
JR구좌3,2020-10-19,1.4,,,,,,,
JR구좌3,2020-10-20,1.39,,,,,,,
JR구좌3,2020-10-21,1.4,,,,,,,
JR구좌3,2020-10-22,1.4,,,,,,,
JR구좌3,2020-10-23,1.39,,,,,,,
JR구좌3,2020-10-24,1.35,,,,,,,
JR구좌3,2020-10-25,1.32,,,,,,,
JR구좌3,2020-10-26,1.32,,,,,,,
JR구좌3,2020-10-27,1.33,,,,,,,
JR구좌3,2020-10-28,1.32,,,,,,,
JR구좌3,2020-10-29,1.29,,,,,,,
JR구좌3,2020-10-30,1.27,,,,,,,
JR구좌3,2020-10-31,1.26,,,,,,,
JR구좌3,2020-11-01,1.25,,,,,,,
JR구좌3,2020-11-02,1.2,,,,,,,
JR구좌3,2020-11-03,1.17,,,,,,,
JR구좌3,2020-11-04,1.14,,,,,,,
JR구좌3,2020-11-05,1.12,,,,,,,
JR구좌3,2020-11-06,1.11,,,,,,,
JR구좌3,2020-11-07,1.11,,,,,,,
JR구좌3,2020-11-08,1.09,,,,,,,
JR구좌3,2020-11-09,1.06,,,,,,,
JR구좌3,2020-11-10,1.04,,,,,,,
JR구좌3,2020-11-11,1.01,,,,,,,
JR구좌3,2020-11-12,1.0,,,,,,,
JR구좌3,2020-11-13,0.97,,,,,,,
JR구좌3,2020-11-14,0.97,,,,,,,
JR구좌3,2020-11-15,0.98,,,,,,,
JR구좌3,2020-11-16,0.97,,,,,,,
JR구좌3,2020-11-17,0.99,,,,,,,
JR구좌3,2020-11-18,1.01,,,,,,,
JR구좌3,2020-11-19,1.05,,,,,,,
JR구좌3,2020-11-20,1.04,,,,,,,
JR구좌3,2020-11-21,1.03,,,,,,,
JR구좌3,2020-11-22,1.02,,,,,,,
JR구좌3,2020-11-23,0.94,,,,,,,
JR구좌3,2020-11-24,0.89,,,,,,,
JR구좌3,2020-11-25,0.88,,,,,,,
JR구좌3,2020-11-26,0.88,,,,,,,
JR구좌3,2020-11-27,0.88,,,,,,,
JR구좌3,2020-11-28,0.85,,,,,,,
JR구좌3,2020-11-29,0.84,,,,,,,
JR구좌3,2020-11-30,0.82,,,,,,,
JR구좌3,2020-12-01,0.82,,,,,,,
JR구좌3,2020-12-02,0.82,,,,,,,
JR구좌3,2020-12-03,0.82,,,,,,,
JR구좌3,2020-12-04,0.82,,,,,,,
JR구좌3,2020-12-05,0.82,,,,,,,
JR구좌3,2020-12-06,0.83,,,,,,,
JR구좌3,2020-12-07,0.84,,,,,,,
JR구좌3,2020-12-08,0.84,,,,,,,
JR구좌3,2020-12-09,0.85,,,,,,,
JR구좌3,2020-12-10,0.87,,,,,,,
JR구좌3,2020-12-11,0.88,,,,,,,
JR구좌3,2020-12-12,0.9,,,,,,,
JR구좌3,2020-12-13,0.92,,,,,,,
JR구좌3,2020-12-14,0.89,,,,,,,
JR구좌3,2020-12-15,0.85,,,,,,,
JR구좌3,2020-12-16,0.83,,,,,,,
JR구좌3,2020-12-17,0.81,,,,,,,
JR구좌3,2020-12-18,0.83,,,,,,,
JR구좌3,2020-12-19,0.82,,,,,,,
JR구좌3,2020-12-20,0.81,,,,,,,
JR구좌3,2020-12-21,0.8,,,,,,,
JR구좌3,2020-12-22,0.8,,,,,,,
JR구좌3,2020-12-23,0.81,,,,,,,
JR구좌3,2020-12-24,0.84,,,,,,,
JR구좌3,2020-12-25,0.84,,,,,,,
JR구좌3,2020-12-26,0.84,,,,,,,
JR구좌3,2020-12-27,0.86,,,,,,,
JR구좌3,2020-12-28,0.88,,,,,,,
JR구좌3,2020-12-29,0.89,,,,,,,
JR구좌3,2020-12-30,0.85,,,,,,,
JR구좌3,2020-12-31,0.78,,,,,,,
JR구좌3,2021-01-01,0.79,,,,,,,
JR구좌3,2021-01-02,0.81,,,,,,,
JR구좌3,2021-01-03,0.8,,,,,,,
JR구좌3,2021-01-04,0.8,,,,,,,
JR구좌3,2021-01-05,0.8,,,,,,,
JR구좌3,2021-01-06,0.78,,,,,,,
JR구좌3,2021-01-07,0.75,,,,,,,
JR구좌3,2021-01-08,0.72,,,,,,,
JR구좌3,2021-01-09,0.73,,,,,,,
JR구좌3,2021-01-10,0.73,,,,,,,
JR구좌3,2021-01-11,0.74,,,,,,,
JR구좌3,2021-01-12,0.76,,,,,,,
JR구좌3,2021-01-13,0.79,,,,,,,
JR구좌3,2021-01-14,0.81,,,,,,,
JR구좌3,2021-01-15,0.84,,,,,,,
JR구좌3,2021-01-16,0.82,,,,,,,
JR구좌3,2021-01-17,0.77,,,,,,,
JR구좌3,2021-01-18,0.76,,,,,,,
JR구좌3,2021-01-19,0.74,,,,,,,
JR구좌3,2021-01-20,0.75,,,,,,,
JR구좌3,2021-01-21,0.75,,,,,,,
JR구좌3,2021-01-22,0.77,,,,,,,
JR구좌3,2021-01-23,0.82,,,,,,,
JR구좌3,2021-01-24,0.87,,,,,,,
JR구좌3,2021-01-25,0.86,,,,,,,
JR구좌3,2021-01-26,0.85,,,,,,,
JR구좌3,2021-01-27,0.83,,,,,,,
JR구좌3,2021-01-28,0.86,,,,,,,
JR구좌3,2021-01-29,0.8,,,,,,,
JR구좌3,2021-01-30,0.8,,,,,,,
JR구좌3,2021-01-31,0.83,,,,,,,
JR구좌3,2021-02-01,0.85,,,,,,,
JR구좌3,2021-02-02,0.81,,,,,,,
JR구좌3,2021-02-03,0.79,,,,,,,
JR구좌3,2021-02-04,0.78,,,,,,,
JR구좌3,2021-02-05,0.77,,,,,,,
JR구좌3,2021-02-06,0.8,,,,,,,
JR구좌3,2021-02-07,0.83,,,,,,,
JR구좌3,2021-02-08,0.81,,,,,,,
JR구좌3,2021-02-09,0.77,,,,,,,
JR구좌3,2021-02-10,0.77,,,,,,,
JR구좌3,2021-02-11,0.79,,,,,,,
JR구좌3,2021-02-12,0.82,,,,,,,
JR구좌3,2021-02-13,0.83,,,,,,,
JR구좌3,2021-02-14,0.84,,,,,,,
JR구좌3,2021-02-15,0.86,,,,,,,
JR구좌3,2021-02-16,0.84,,,,,,,
JR구좌3,2021-02-17,0.81,,,,,,,
JR구좌3,2021-02-18,0.75,,,,,,,
JR구좌3,2021-02-19,0.73,,,,,,,
JR구좌3,2021-02-20,0.75,,,,,,,
JR구좌3,2021-02-21,0.77,,,,,,,
JR구좌3,2021-02-22,0.81,,,,,,,
JR구좌3,2021-02-23,0.8,,,,,,,
JR구좌3,2021-02-24,0.79,,,,,,,
JR구좌3,2021-02-25,0.8,,,,,,,
JR구좌3,2021-02-26,0.83,,,,,,,
JR구좌3,2021-02-27,0.91,,,,,,,
JR구좌3,2021-02-28,0.9,,,,,,,
JR구좌3,2021-03-01,0.85,,,,,,,
JR구좌3,2021-03-02,0.84,,,,,,,
JR구좌3,2021-03-03,0.84,,,,,,,
JR구좌3,2021-03-04,0.83,,,,,,,
JR구좌3,2021-03-05,0.82,,,,,,,
JR구좌3,2021-03-06,0.83,,,,,,,
JR구좌3,2021-03-07,0.84,,,,,,,
JR구좌3,2021-03-08,0.81,,,,,,,
JR구좌3,2021-03-09,0.79,,,,,,,
JR구좌3,2021-03-10,0.77,,,,,,,
JR구좌3,2021-03-11,0.79,,,,,,,
JR구좌3,2021-03-12,0.81,,,,,,,
JR구좌3,2021-03-13,0.82,,,,,,,
JR구좌3,2021-03-14,0.81,,,,,,,
JR구좌3,2021-03-15,0.82,,,,,,,
JR구좌3,2021-03-16,0.84,,,,,,,
JR구좌3,2021-03-17,0.84,,,,,,,
JR구좌3,2021-03-18,0.86,,,,,,,
JR구좌3,2021-03-19,0.87,,,,,,,
JR구좌3,2021-03-20,0.9,,,,,,,
JR구좌3,2021-03-21,0.87,,,,,,,
JR구좌3,2021-03-22,0.81,,,,,,,
JR구좌3,2021-03-23,0.79,,,,,,,
JR구좌3,2021-03-24,0.8,,,,,,,
JR구좌3,2021-03-25,0.81,,,,,,,
JR구좌3,2021-03-26,0.81,,,,,,,
JR구좌3,2021-03-27,0.84,,,,,,,
JR구좌3,2021-03-28,0.89,,,,,,,
JR구좌3,2021-03-29,0.9,,,,,,,
JR구좌3,2021-03-30,0.91,,,,,,,
JR구좌3,2021-03-31,0.91,,,,,,,
JR구좌3,2021-04-01,0.92,,,,,,,
JR구좌3,2021-04-02,0.93,,,,,,,
JR구좌3,2021-04-03,0.91,,,,,,,
JR구좌3,2021-04-04,0.88,,,,,,,
JR구좌3,2021-04-05,0.88,,,,,,,
JR구좌3,2021-04-06,0.9,,,,,,,
JR구좌3,2021-04-07,0.86,,,,,,,
JR구좌3,2021-04-08,0.85,,,,,,,
JR구좌3,2021-04-09,0.86,,,,,,,
JR구좌3,2021-04-10,0.86,,,,,,,
JR구좌3,2021-04-11,0.83,,,,,,,
JR구좌3,2021-04-12,0.83,,,,,,,
JR구좌3,2021-04-13,0.84,,,,,,,
JR구좌3,2021-04-14,0.82,,,,,,,
JR구좌3,2021-04-15,0.84,,,,,,,
JR구좌3,2021-04-16,0.87,,,,,,,
JR구좌3,2021-04-17,0.87,,,,,,,
JR구좌3,2021-04-18,0.84,,,,,,,
JR구좌3,2021-04-19,0.83,,,,,,,
JR구좌3,2021-04-20,0.84,,,,,,,
JR구좌3,2021-04-21,0.85,,,,,,,
JR구좌3,2021-04-22,0.86,,,,,,,
JR구좌3,2021-04-23,0.89,,,,,,,
JR구좌3,2021-04-24,0.89,,,,,,,
JR구좌3,2021-04-25,0.87,,,,,,,
JR구좌3,2021-04-26,0.87,,,,,,,
JR구좌3,2021-04-27,0.87,,,,,,,
JR구좌3,2021-04-28,0.86,,,,,,,
JR구좌3,2021-04-29,0.88,,,,,,,
JR구좌3,2021-04-30,0.93,,,,,,,
JR구좌3,2021-05-01,0.97,,,,,,,
JR구좌3,2021-05-02,0.97,,,,,,,
JR구좌3,2021-05-03,0.94,,,,,,,
JR구좌3,2021-05-04,0.94,,,,,,,
JR구좌3,2021-05-05,0.94,,,,,,,
JR구좌3,2021-05-06,0.91,,,,,,,
JR구좌3,2021-05-07,0.91,,,,,,,
JR구좌3,2021-05-08,0.89,,,,,,,
JR구좌3,2021-05-09,0.91,,,,,,,
JR구좌3,2021-05-10,0.92,,,,,,,
JR구좌3,2021-05-11,0.94,,,,,,,
JR구좌3,2021-05-12,0.95,,,,,,,
JR구좌3,2021-05-13,0.94,,,,,,,
JR구좌3,2021-05-14,0.92,,,,,,,
JR구좌3,2021-05-15,0.94,,,,,,,
JR구좌3,2021-05-16,0.97,,,,,,,
JR구좌3,2021-05-17,0.97,,,,,,,
JR구좌3,2021-05-18,0.96,,,,,,,
JR구좌3,2021-05-19,0.95,,,,,,,
JR구좌3,2021-05-20,0.96,,,,,,,
JR구좌3,2021-05-21,0.95,,,,,,,
JR구좌3,2021-05-22,0.93,,,,,,,
JR구좌3,2021-05-23,0.94,,,,,,,
JR구좌3,2021-05-24,0.95,,,,,,,
JR구좌3,2021-05-25,0.94,,,,,,,
JR구좌3,2021-05-26,0.94,,,,,,,
JR구좌3,2021-05-27,0.98,,,,,,,
JR구좌3,2021-05-28,1.0,,,,,,,
JR구좌3,2021-05-29,1.0,,,,,,,
JR구좌3,2021-05-30,1.0,,,,,,,
JR구좌3,2021-05-31,0.99,,,,,,,
JR구좌3,2021-06-01,0.96,,,,,,,
JR구좌3,2021-06-02,0.94,,,,,,,
JR구좌3,2021-06-03,0.96,,,,,,,
JR구좌3,2021-06-04,0.96,,,,,,,
JR구좌3,2021-06-05,0.97,,,,,,,
JR구좌3,2021-06-06,0.98,,,,,,,
JR구좌3,2021-06-07,0.97,,,,,,,
JR구좌3,2021-06-08,0.95,,,,,,,
JR구좌3,2021-06-09,0.93,,,,,,,
JR구좌3,2021-06-10,0.93,,,,,,,
JR구좌3,2021-06-11,0.96,,,,,,,
JR구좌3,2021-06-12,1.05,,,,,,,
JR구좌3,2021-06-13,1.07,,,,,,,
JR구좌3,2021-06-14,1.09,,,,,,,
JR구좌3,2021-06-15,1.12,,,,,,,
JR구좌3,2021-06-16,1.17,,,,,,,
JR구좌3,2021-06-17,1.17,,,,,,,
JR구좌3,2021-06-18,1.16,,,,,,,
JR구좌3,2021-06-19,1.16,,,,,,,
JR구좌3,2021-06-20,1.18,,,,,,,
JR구좌3,2021-06-21,1.19,,,,,,,
JR구좌3,2021-06-22,1.18,,,,,,,
JR구좌3,2021-06-23,1.15,,,,,,,
JR구좌3,2021-06-24,1.13,,,,,,,
JR구좌3,2021-06-25,1.12,,,,,,,
JR구좌3,2021-06-26,1.12,,,,,,,
JR구좌3,2021-06-27,1.14,,,,,,,
JR구좌3,2021-06-28,1.16,,,,,,,
JR구좌3,2021-06-29,1.17,,,,,,,
JR구좌3,2021-06-30,1.15,,,,,,,
JR구좌3,2021-07-01,1.15,,,,,,,
JR구좌3,2021-07-02,1.14,,,,,,,
JR구좌3,2021-07-03,1.13,,,,,,,
JR구좌3,2021-07-04,1.12,,,,,,,
JR구좌3,2021-07-05,1.11,,,,,,,
JR구좌3,2021-07-06,1.12,,,,,,,
JR구좌3,2021-07-07,1.12,,,,,,,
JR구좌3,2021-07-08,1.12,,,,,,,
JR구좌3,2021-07-09,1.12,,,,,,,
JR구좌3,2021-07-10,1.11,,,,,,,
JR구좌3,2021-07-11,1.09,,,,,,,
JR구좌3,2021-07-12,1.07,,,,,,,
JR구좌3,2021-07-13,1.07,,,,,,,
JR구좌3,2021-07-14,1.07,,,,,,,
JR구좌3,2021-07-15,1.06,,,,,,,
JR구좌3,2021-07-16,1.03,,,,,,,
JR구좌3,2021-07-17,1.01,,,,,,,
JR구좌3,2021-07-18,1.01,,,,,,,
JR구좌3,2021-07-19,1.02,,,,,,,
JR구좌3,2021-07-20,1.04,,,,,,,
JR구좌3,2021-07-21,1.05,,,,,,,
JR구좌3,2021-07-22,1.07,,,,,,,
JR구좌3,2021-07-23,1.09,,,,,,,
JR구좌3,2021-07-24,1.11,,,,,,,
JR구좌3,2021-07-25,1.15,,,,,,,
JR구좌3,2021-07-26,1.18,,,,,,,
JR구좌3,2021-07-27,1.19,,,,,,,
JR구좌3,2021-07-28,1.18,,,,,,,
JR구좌3,2021-07-29,1.17,,,,,,,
JR구좌3,2021-07-30,1.17,,,,,,,
JR구좌3,2021-07-31,1.18,,,,,,,
JR구좌3,2021-08-01,1.2,,,,,,,
JR구좌3,2021-08-02,1.22,,,,,,,
JR구좌3,2021-08-03,1.21,,,,,,,
JR구좌3,2021-08-04,1.19,,,,,,,
JR구좌3,2021-08-05,1.18,,,,,,,
JR구좌3,2021-08-06,1.19,,,,,,,
JR구좌3,2021-08-07,1.21,,,,,,,
JR구좌3,2021-08-08,1.23,,,,,,,
JR구좌3,2021-08-09,1.26,,,,,,,
JR구좌3,2021-08-10,1.24,,,,,,,
JR구좌3,2021-08-11,1.23,,,,,,,
JR구좌3,2021-08-12,1.21,,,,,,,
JR구좌3,2021-08-13,1.21,,,,,,,
JR구좌3,2021-08-14,1.29,,,,,,,
JR구좌3,2021-08-15,1.46,,,,,,,
JR구좌3,2021-08-16,1.54,,,,,,,
JR구좌3,2021-08-17,1.55,,,,,,,
JR구좌3,2021-08-18,1.55,,,,,,,
JR구좌3,2021-08-19,1.54,,,,,,,
JR구좌3,2021-08-20,1.51,,,,,,,
JR구좌3,2021-08-21,1.5,,,,,,,
JR구좌3,2021-08-22,1.49,,,,,,,
JR구좌3,2021-08-23,1.5,,,,,,,
JR구좌3,2021-08-24,1.55,,,,,,,
JR구좌3,2021-08-25,1.59,,,,,,,
JR구좌3,2021-08-26,1.67,,,,,,,
JR구좌3,2021-08-27,1.68,,,,,,,
JR구좌3,2021-08-28,1.64,,,,,,,
JR구좌3,2021-08-29,1.6,,,,,,,
JR구좌3,2021-08-30,1.56,,,,,,,
JR구좌3,2021-08-31,1.52,,,,,,,
JR구좌3,2021-09-01,1.51,,,,,,,
JR구좌3,2021-09-02,1.51,,,,,,,
JR구좌3,2021-09-03,1.52,,,,,,,
JR구좌3,2021-09-04,1.51,,,,,,,
JR구좌3,2021-09-05,1.47,,,,,,,
JR구좌3,2021-09-06,1.43,,,,,,,
JR구좌3,2021-09-07,1.41,,,,,,,
JR구좌3,2021-09-08,1.4,,,,,,,
JR구좌3,2021-09-09,1.38,,,,,,,
JR구좌3,2021-09-10,1.36,,,,,,,
JR구좌3,2021-09-11,1.34,,,,,,,
JR구좌3,2021-09-12,1.33,,,,,,,
JR구좌3,2021-09-13,1.33,,,,,,,
JR구좌3,2021-09-14,1.39,,,,,,,
JR구좌3,2021-09-15,1.66,,,,,,,
JR구좌3,2021-09-16,1.9,,,,,,,
JR구좌3,2021-09-17,2.2,,,,,,,
JR구좌3,2021-09-18,2.86,,,,,,,
JR구좌3,2021-09-19,3.01,,,,,,,
JR구좌3,2021-09-20,2.93,,,,,,,
JR구좌3,2021-09-21,2.82,,,,,,,
JR구좌3,2021-09-22,2.71,,,,,,,
JR구좌3,2021-09-23,2.58,,,,,,,
JR구좌3,2021-09-24,2.45,,,,,,,
JR구좌3,2021-09-25,2.34,,,,,,,
JR구좌3,2021-09-26,2.23,,,,,,,
JR구좌3,2021-09-27,2.15,,,,,,,
JR구좌3,2021-09-28,2.09,,,,,,,
JR구좌3,2021-09-29,2.06,,,,,,,
JR구좌3,2021-09-30,2.04,,,,,,,
JR구좌3,2021-10-01,2.01,,,,,,,
JR구좌3,2021-10-02,1.96,,,,,,,
JR구좌3,2021-10-03,1.88,,,,,,,
JR구좌3,2021-10-04,1.81,,,,,,,
JR구좌3,2021-10-05,1.75,,,,,,,
JR구좌3,2021-10-06,1.7,,,,,,,
JR구좌3,2021-10-07,1.67,,,,,,,
JR구좌3,2021-10-08,1.64,,,,,,,
JR구좌3,2021-10-09,1.62,,,,,,,
JR구좌3,2021-10-10,1.6,,,,,,,
JR구좌3,2021-10-11,1.55,,,,,,,
JR구좌3,2021-10-12,1.53,,,,,,,
JR구좌3,2021-10-13,1.51,,,,,,,
JR구좌3,2021-10-14,1.46,,,,,,,
JR구좌3,2021-10-15,1.44,,,,,,,
JR구좌3,2021-10-16,1.43,,,,,,,
JR구좌3,2021-10-17,1.37,,,,,,,
JR구좌3,2021-10-18,1.33,,,,,,,
JR구좌3,2021-10-19,1.32,,,,,,,
JR구좌3,2021-10-20,1.31,,,,,,,
JR구좌3,2021-10-21,1.32,,,,,,,
JR구좌3,2021-10-22,1.32,,,,,,,
JR구좌3,2021-10-23,1.29,,,,,,,
JR구좌3,2021-10-24,1.26,,,,,,,
JR구좌3,2021-10-25,1.24,,,,,,,
JR구좌3,2021-10-26,1.23,,,,,,,
JR구좌3,2021-10-27,1.23,,,,,,,
JR구좌3,2021-10-28,1.22,,,,,,,
JR구좌3,2021-10-29,1.23,,,,,,,
JR구좌3,2021-10-30,1.23,,,,,,,
JR구좌3,2021-10-31,1.2,,,,,,,
JR구좌3,2021-11-01,1.17,,,,,,,
JR구좌3,2021-11-02,1.16,,,,,,,
JR구좌3,2021-11-03,1.16,,,,,,,
JR구좌3,2021-11-04,1.17,,,,,,,
JR구좌3,2021-11-05,1.18,,,,,,,
JR구좌3,2021-11-06,1.2,,,,,,,
JR구좌3,2021-11-07,1.21,,,,,,,
JR구좌3,2021-11-08,1.2,,,,,,,
JR구좌3,2021-11-09,1.15,,,,,,,
JR구좌3,2021-11-10,1.14,,,,,,,
JR구좌3,2021-11-11,1.13,,,,,,,
JR구좌3,2021-11-12,1.11,,,,,,,
JR구좌3,2021-11-13,1.07,,,,,,,
JR구좌3,2021-11-14,1.05,,,,,,,
JR구좌3,2021-11-15,1.03,,,,,,,
JR구좌3,2021-11-16,1.02,,,,,,,
JR구좌3,2021-11-17,1.01,,,,,,,
JR구좌3,2021-11-18,1.0,,,,,,,
JR구좌3,2021-11-19,1.01,,,,,,,
JR구좌3,2021-11-20,1.03,,,,,,,
JR구좌3,2021-11-21,1.05,,,,,,,
JR구좌3,2021-11-22,1.04,,,,,,,
JR구좌3,2021-11-23,1.0,,,,,,,
JR구좌3,2021-11-24,0.98,,,,,,,
JR구좌3,2021-11-25,0.99,,,,,,,
JR구좌3,2021-11-26,0.98,,,,,,,
JR구좌3,2021-11-27,0.96,,,,,,,
JR구좌3,2021-11-28,0.94,,,,,,,
JR구좌3,2021-11-29,0.92,,,,,,,
JR구좌3,2021-11-30,0.93,,,,,,,
JR구좌3,2021-12-01,0.89,,,,,,,
JR구좌3,2021-12-02,0.89,,,,,,,
JR구좌3,2021-12-03,0.91,,,,,,,
JR구좌3,2021-12-04,0.91,,,,,,,
JR구좌3,2021-12-05,0.92,,,,,,,
JR구좌3,2021-12-06,0.93,,,,,,,
JR구좌3,2021-12-07,0.92,,,,,,,
JR구좌3,2021-12-08,0.93,,,,,,,
JR구좌3,2021-12-09,0.93,,,,,,,
JR구좌3,2021-12-10,0.92,,,,,,,
JR구좌3,2021-12-11,0.91,,,,,,,
JR구좌3,2021-12-12,0.91,,,,,,,
JR구좌3,2021-12-13,0.87,,,,,,,
JR구좌3,2021-12-14,0.86,,,,,,,
JR구좌3,2021-12-15,0.88,,,,,,,
JR구좌3,2021-12-16,0.91,,,,,,,
JR구좌3,2021-12-17,0.91,,,,,,,
JR구좌3,2021-12-18,0.85,,,,,,,
JR구좌3,2021-12-19,0.83,,,,,,,
JR구좌3,2021-12-20,0.85,,,,,,,
JR구좌3,2021-12-21,0.88,,,,,,,
JR구좌3,2021-12-22,0.89,,,,,,,
JR구좌3,2021-12-23,0.9,,,,,,,
JR구좌3,2021-12-24,0.89,,,,,,,
JR구좌3,2021-12-25,0.83,,,,,,,
JR구좌3,2021-12-26,0.75,,,,,,,
JR구좌3,2021-12-27,0.72,,,,,,,
JR구좌3,2021-12-28,0.73,,,,,,,
JR구좌3,2021-12-29,0.77,,,,,,,
JR구좌3,2021-12-30,0.76,,,,,,,
JR구좌3,2021-12-31,0.74,,,,,,,
JR구좌3,2022-01-01,0.75,,,,,,,
JR구좌3,2022-01-02,0.77,,,,,,,
JR구좌3,2022-01-03,0.77,,,,,,,
JR구좌3,2022-01-04,0.78,,,,,,,
JR구좌3,2022-01-05,0.79,,,,,,,
JR구좌3,2022-01-06,0.82,,,,,,,
JR구좌3,2022-01-07,0.8,,,,,,,
JR구좌3,2022-01-08,0.78,,,,,,,
JR구좌3,2022-01-09,0.78,,,,,,,
JR구좌3,2022-01-10,0.81,,,,,,,
JR구좌3,2022-01-11,0.8,,,,,,,
JR구좌3,2022-01-12,0.76,,,,,,,
JR구좌3,2022-01-13,0.77,,,,,,,
JR구좌3,2022-01-14,0.76,,,,,,,
JR구좌3,2022-01-15,0.77,,,,,,,
JR구좌3,2022-01-16,0.78,,,,,,,
JR구좌3,2022-01-17,0.76,,,,,,,
JR구좌3,2022-01-18,0.75,,,,,,,
JR구좌3,2022-01-19,0.76,,,,,,,
JR구좌3,2022-01-20,0.77,,,,,,,
JR구좌3,2022-01-21,0.79,,,,,,,
JR구좌3,2022-01-22,0.81,,,,,,,
JR구좌3,2022-01-23,0.85,,,,,,,
JR구좌3,2022-01-24,0.89,,,,,,,
JR구좌3,2022-01-25,0.91,,,,,,,
JR구좌3,2022-01-26,0.87,,,,,,,
JR구좌3,2022-01-27,0.85,,,,,,,
JR구좌3,2022-01-28,0.84,,,,,,,
JR구좌3,2022-01-29,0.83,,,,,,,
JR구좌3,2022-01-30,0.84,,,,,,,
JR구좌3,2022-01-31,0.84,,,,,,,
JR구좌3,2022-02-01,0.83,,,,,,,
JR구좌3,2022-02-02,0.8,,,,,,,
JR구좌3,2022-02-03,0.78,,,,,,,
JR구좌3,2022-02-04,0.78,,,,,,,
JR구좌3,2022-02-05,0.75,,,,,,,
JR구좌3,2022-02-06,0.72,,,,,,,
JR구좌3,2022-02-07,0.73,,,,,,,
JR구좌3,2022-02-08,0.74,,,,,,,
JR구좌3,2022-02-09,0.75,,,,,,,
JR구좌3,2022-02-10,0.75,,,,,,,
JR구좌3,2022-02-11,0.76,,,,,,,
JR구좌3,2022-02-12,0.78,,,,,,,
JR구좌3,2022-02-13,0.81,,,,,,,
JR구좌3,2022-02-14,0.83,,,,,,,
JR구좌3,2022-02-15,0.81,,,,,,,
JR구좌3,2022-02-16,0.79,,,,,,,
JR구좌3,2022-02-17,0.79,,,,,,,
JR구좌3,2022-02-18,0.8,,,,,,,
JR구좌3,2022-02-19,0.81,,,,,,,
JR구좌3,2022-02-20,0.76,,,,,,,
JR구좌3,2022-02-21,0.72,,,,,,,
JR구좌3,2022-02-22,0.71,,,,,,,
JR구좌3,2022-02-23,0.69,,,,,,,
JR구좌3,2022-02-24,0.67,,,,,,,
JR구좌3,2022-02-25,0.66,,,,,,,
JR구좌3,2022-02-26,0.68,,,,,,,
JR구좌3,2022-02-27,0.69,,,,,,,
JR구좌3,2022-02-28,0.71,,,,,,,
JR구좌3,2022-03-01,0.74,,,,,,,
JR구좌3,2022-03-02,0.73,,,,,,,
JR구좌3,2022-03-03,0.71,,,,,,,
JR구좌3,2022-03-04,0.74,,,,,,,
JR구좌3,2022-03-05,0.75,,,,,,,
JR구좌3,2022-03-06,0.73,,,,,,,
JR구좌3,2022-03-07,0.74,,,,,,,
JR구좌3,2022-03-08,0.76,,,,,,,
JR구좌3,2022-03-09,0.75,,,,,,,
JR구좌3,2022-03-10,0.74,,,,,,,
JR구좌3,2022-03-11,0.73,,,,,,,
JR구좌3,2022-03-12,0.73,,,,,,,
JR구좌3,2022-03-13,0.78,,,,,,,
JR구좌3,2022-03-14,0.8,,,,,,,
JR구좌3,2022-03-15,0.8,,,,,,,
JR구좌3,2022-03-16,0.81,,,,,,,
JR구좌3,2022-03-17,0.82,,,,,,,
JR구좌3,2022-03-18,0.87,,,,,,,
JR구좌3,2022-03-19,0.89,,,,,,,
JR구좌3,2022-03-20,0.83,,,,,,,
JR구좌3,2022-03-21,0.81,,,,,,,
JR구좌3,2022-03-22,0.82,,,,,,,
JR구좌3,2022-03-23,0.82,,,,,,,
JR구좌3,2022-03-24,0.8,,,,,,,
JR구좌3,2022-03-25,0.83,,,,,,,
JR구좌3,2022-03-26,0.91,,,,,,,
JR구좌3,2022-03-27,0.93,,,,,,,
JR구좌3,2022-03-28,0.92,,,,,,,
JR구좌3,2022-03-29,0.91,,,,,,,
JR구좌3,2022-03-30,0.88,,,,,,,
JR구좌3,2022-03-31,0.91,,,,,,,
JR구좌3,2022-04-01,0.94,,,,,,,
JR구좌3,2022-04-02,0.91,,,,,,,
JR구좌3,2022-04-03,0.87,,,,,,,
JR구좌3,2022-04-04,0.85,,,,,,,
JR구좌3,2022-04-05,0.83,,,,,,,
JR구좌3,2022-04-06,0.83,,,,,,,
JR구좌3,2022-04-07,0.85,,,,,,,
JR구좌3,2022-04-08,0.86,,,,,,,
JR구좌3,2022-04-09,0.87,,,,,,,
JR구좌3,2022-04-10,0.89,,,,,,,
JR구좌3,2022-04-11,0.91,,,,,,,
JR구좌3,2022-04-12,0.93,,,,,,,
JR구좌3,2022-04-13,0.96,,,,,,,
JR구좌3,2022-04-14,0.99,,,,,,,
JR구좌3,2022-04-15,0.99,,,,,,,
JR구좌3,2022-04-16,0.95,,,,,,,
JR구좌3,2022-04-17,0.9,,,,,,,
JR구좌3,2022-04-18,0.89,,,,,,,
JR구좌3,2022-04-19,0.89,,,,,,,
JR구좌3,2022-04-20,0.88,,,,,,,
JR구좌3,2022-04-21,0.89,,,,,,,
JR구좌3,2022-04-22,0.9,,,,,,,
JR구좌3,2022-04-23,0.91,,,,,,,
JR구좌3,2022-04-24,0.93,,,,,,,
JR구좌3,2022-04-25,0.93,,,,,,,
JR구좌3,2022-04-26,0.98,,,,,,,
JR구좌3,2022-04-27,0.98,,,,,,,
JR구좌3,2022-04-28,0.98,,,,,,,
JR구좌3,2022-04-29,0.98,,,,,,,
JR구좌3,2022-04-30,0.96,,,,,,,
JR구좌3,2022-05-01,0.94,,,,,,,
JR구좌3,2022-05-02,0.94,,,,,,,
JR구좌3,2022-05-03,0.95,,,,,,,
JR구좌3,2022-05-04,0.94,,,,,,,
JR구좌3,2022-05-05,0.95,,,,,,,
JR구좌3,2022-05-06,0.96,,,,,,,
JR구좌3,2022-05-07,0.96,,,,,,,
JR구좌3,2022-05-08,0.96,,,,,,,
JR구좌3,2022-05-09,0.95,,,,,,,
JR구좌3,2022-05-10,0.95,,,,,,,
JR구좌3,2022-05-11,0.94,,,,,,,
JR구좌3,2022-05-12,0.94,,,,,,,
JR구좌3,2022-05-13,0.97,,,,,,,
JR구좌3,2022-05-14,0.97,,,,,,,
JR구좌3,2022-05-15,0.95,,,,,,,
JR구좌3,2022-05-16,0.94,,,,,,,
JR구좌3,2022-05-17,0.96,,,,,,,
JR구좌3,2022-05-18,0.96,,,,,,,
JR구좌3,2022-05-19,0.95,,,,,,,
JR구좌3,2022-05-20,0.96,,,,,,,
JR구좌3,2022-05-21,0.99,,,,,,,
JR구좌3,2022-05-22,1.0,,,,,,,
JR구좌3,2022-05-23,1.01,,,,,,,
JR구좌3,2022-05-24,1.01,,,,,,,
JR구좌3,2022-05-25,1.0,,,,,,,
JR구좌3,2022-05-26,1.0,,,,,,,
JR구좌3,2022-05-27,1.02,,,,,,,
JR구좌3,2022-05-28,1.04,,,,,,,
JR구좌3,2022-05-29,1.06,,,,,,,
JR구좌3,2022-05-30,1.11,,,,,,,
JR구좌3,2022-05-31,1.09,,,,,,,
JR구좌3,2022-06-01,1.07,,,,,,,
JR구좌3,2022-06-02,1.07,,,,,,,
JR구좌3,2022-06-03,1.06,,,,,,,
JR구좌3,2022-06-04,1.06,,,,,,,
JR구좌3,2022-06-05,1.09,,,,,,,
JR구좌3,2022-06-06,1.11,,,,,,,
JR구좌3,2022-06-07,1.12,,,,,,,
JR구좌3,2022-06-08,1.1,,,,,,,
JR구좌3,2022-06-09,1.07,,,,,,,
JR구좌3,2022-06-10,1.05,,,,,,,
JR구좌3,2022-06-11,1.04,,,,,,,
JR구좌3,2022-06-12,1.05,,,,,,,
JR구좌3,2022-06-13,1.07,,,,,,,
JR구좌3,2022-06-14,1.11,,,,,,,
JR구좌3,2022-06-15,1.11,,,,,,,
JR구좌3,2022-06-16,1.09,,,,,,,
JR구좌3,2022-06-17,1.08,,,,,,,
JR구좌3,2022-06-18,1.09,,,,,,,
JR구좌3,2022-06-19,1.08,,,,,,,
JR구좌3,2022-06-20,1.08,,,,,,,
JR구좌3,2022-06-21,1.08,,,,,,,
JR구좌3,2022-06-22,1.08,,,,,,,
JR구좌3,2022-06-23,1.06,,,,,,,
JR구좌3,2022-06-24,1.05,,,,,,,
JR구좌3,2022-06-25,1.07,,,,,,,
JR구좌3,2022-06-26,1.08,,,,,,,
JR구좌3,2022-06-27,1.07,,,,,,,
JR구좌3,2022-06-28,1.08,,,,,,,
JR구좌3,2022-06-29,1.09,,,,,,,
JR구좌3,2022-06-30,1.09,,,,,,,
JR구좌3,2022-07-01,1.08,,,,,,,
JR구좌3,2022-07-02,1.06,,,,,,,
JR구좌3,2022-07-03,1.05,,,,,,,
JR구좌3,2022-07-04,1.06,,,,,,,
JR구좌3,2022-07-05,1.09,,,,,,,
JR구좌3,2022-07-06,1.1,,,,,,,
JR구좌3,2022-07-07,1.1,,,,,,,
JR구좌3,2022-07-08,1.08,,,,,,,
JR구좌3,2022-07-09,1.07,,,,,,,
JR구좌3,2022-07-10,1.08,,,,,,,
JR구좌3,2022-07-11,1.1,,,,,,,
JR구좌3,2022-07-12,1.1,,,,,,,
JR구좌3,2022-07-13,1.1,,,,,,,
JR구좌3,2022-07-14,1.11,,,,,,,
JR구좌3,2022-07-15,1.12,,,,,,,
JR구좌3,2022-07-16,1.14,,,,,,,
JR구좌3,2022-07-17,1.14,,,,,,,
JR구좌3,2022-07-18,1.14,,,,,,,
JR구좌3,2022-07-19,1.12,,,,,,,
JR구좌3,2022-07-20,1.09,,,,,,,
JR구좌3,2022-07-21,1.08,,,,,,,
JR구좌3,2022-07-22,1.05,,,,,,,
JR구좌3,2022-07-23,1.05,,,,,,,
JR구좌3,2022-07-24,1.06,,,,,,,
JR구좌3,2022-07-25,1.05,,,,,,,
JR구좌3,2022-07-26,1.03,,,,,,,
JR구좌3,2022-07-27,1.02,,,,,,,
JR구좌3,2022-07-28,1.02,,,,,,,
JR구좌3,2022-07-29,1.02,,,,,,,
JR구좌3,2022-07-30,1.03,,,,,,,
JR구좌3,2022-07-31,1.05,,,,,,,
JR구좌3,2022-08-01,1.11,,,,,,,
JR구좌3,2022-08-02,1.15,,,,,,,
JR구좌3,2022-08-03,1.14,,,,,,,
JR구좌3,2022-08-04,1.13,,,,,,,
JR구좌3,2022-08-05,1.14,,,,,,,
JR구좌3,2022-08-06,1.16,,,,,,,
JR구좌3,2022-08-07,1.17,,,,,,,
JR구좌3,2022-08-08,1.17,,,,,,,
JR구좌3,2022-08-09,1.17,,,,,,,
JR구좌3,2022-08-10,1.18,,,,,,,
JR구좌3,2022-08-11,1.19,,,,,,,
JR구좌3,2022-08-12,1.2,,,,,,,
JR구좌3,2022-08-13,1.2,,,,,,,
JR구좌3,2022-08-14,1.19,,,,,,,
JR구좌3,2022-08-15,1.18,,,,,,,
JR구좌3,2022-08-16,1.17,,,,,,,
JR구좌3,2022-08-17,1.18,,,,,,,
JR구좌3,2022-08-18,1.22,,,,,,,
JR구좌3,2022-08-19,1.23,,,,,,,
JR구좌3,2022-08-20,1.25,,,,,,,
JR구좌3,2022-08-21,1.26,,,,,,,
JR구좌3,2022-08-22,1.26,,,,,,,
JR구좌3,2022-08-23,1.25,,,,,,,
JR구좌3,2022-08-24,1.24,,,,,,,
JR구좌3,2022-08-25,1.23,,,,,,,
JR구좌3,2022-08-26,1.21,,,,,,,
JR구좌3,2022-08-27,1.22,,,,,,,
JR구좌3,2022-08-28,1.21,,,,,,,
JR구좌3,2022-08-29,1.19,,,,,,,
JR구좌3,2022-08-30,1.17,,,,,,,
JR구좌3,2022-08-31,1.16,,,,,,,
JR구좌3,2022-09-01,1.17,,,,,,,
JR구좌3,2022-09-02,1.19,,,,,,,
JR구좌3,2022-09-03,1.23,,,,,,,
JR구좌3,2022-09-04,1.27,,,,,,,
JR구좌3,2022-09-05,1.39,,,,,,,
JR구좌3,2022-09-06,1.9,,,,,,,
JR구좌3,2022-09-07,2.12,,,,,,,
JR구좌3,2022-09-08,2.06,,,,,,,
JR구좌3,2022-09-09,1.95,,,,,,,
JR구좌3,2022-09-10,1.87,,,,,,,
JR구좌3,2022-09-11,1.81,,,,,,,
JR구좌3,2022-09-12,1.77,,,,,,,
JR구좌3,2022-09-13,1.74,,,,,,,
JR구좌3,2022-09-14,1.73,,,,,,,
JR구좌3,2022-09-15,1.69,,,,,,,
JR구좌3,2022-09-16,1.65,,,,,,,
JR구좌3,2022-09-17,1.64,,,,,,,
JR구좌3,2022-09-18,1.67,,,,,,,
JR구좌3,2022-09-19,1.71,,,,,,,
JR구좌3,2022-09-20,1.65,,,,,,,
JR구좌3,2022-09-21,1.57,,,,,,,
JR구좌3,2022-09-22,1.52,,,,,,,
JR구좌3,2022-09-23,1.46,,,,,,,
JR구좌3,2022-09-24,1.41,,,,,,,
JR구좌3,2022-09-25,1.39,,,,,,,
JR구좌3,2022-09-26,1.36,,,,,,,
JR구좌3,2022-09-27,1.34,,,,,,,
JR구좌3,2022-09-28,1.33,,,,,,,
JR구좌3,2022-09-29,1.32,,,,,,,
JR구좌3,2022-09-30,1.31,,,,,,,
JR구좌3,2022-10-01,1.29,,,,,,,
JR구좌3,2022-10-02,1.28,,,,,,,
JR구좌3,2022-10-03,1.28,,,,,,,
JR구좌3,2022-10-04,1.27,,,,,,,
JR구좌3,2022-10-05,1.24,,,,,,,
JR구좌3,2022-10-06,1.21,,,,,,,
JR구좌3,2022-10-07,1.18,,,,,,,
JR구좌3,2022-10-08,1.16,,,,,,,
JR구좌3,2022-10-09,1.16,,,,,,,
JR구좌3,2022-10-10,1.13,,,,,,,
JR구좌3,2022-10-11,1.09,,,,,,,
JR구좌3,2022-10-12,1.09,,,,,,,
JR구좌3,2022-10-13,1.1,,,,,,,
JR구좌3,2022-10-14,1.09,,,,,,,
JR구좌3,2022-10-15,1.08,,,,,,,
JR구좌3,2022-10-16,1.09,,,,,,,
JR구좌3,2022-10-17,1.07,,,,,,,
JR구좌3,2022-10-18,1.04,,,,,,,
JR구좌3,2022-10-19,1.02,,,,,,,
JR구좌3,2022-10-20,0.99,,,,,,,
JR구좌3,2022-10-21,0.98,,,,,,,
JR구좌3,2022-10-22,0.99,,,,,,,
JR구좌3,2022-10-23,1.0,,,,,,,
JR구좌3,2022-10-24,1.0,,,,,,,
JR구좌3,2022-10-25,1.0,,,,,,,
JR구좌3,2022-10-26,1.01,,,,,,,
JR구좌3,2022-10-27,1.0,,,,,,,
JR구좌3,2022-10-28,0.98,,,,,,,
JR구좌3,2022-10-29,1.0,,,,,,,
JR구좌3,2022-10-30,1.03,,,,,,,
JR구좌3,2022-10-31,1.05,,,,,,,
JR구좌3,2022-11-01,1.05,,,,,,,
JR구좌3,2022-11-02,1.02,,,,,,,
JR구좌3,2022-11-03,1.02,,,,,,,
JR구좌3,2022-11-04,1.0,,,,,,,
JR구좌3,2022-11-05,0.97,,,,,,,
JR구좌3,2022-11-06,0.96,,,,,,,
JR구좌3,2022-11-07,0.96,,,,,,,
JR구좌3,2022-11-08,0.95,,,,,,,
JR구좌3,2022-11-09,0.95,,,,,,,
JR구좌3,2022-11-10,0.95,,,,,,,
JR구좌3,2022-11-11,0.96,,,,,,,
JR구좌3,2022-11-12,0.96,,,,,,,
JR구좌3,2022-11-13,0.97,,,,,,,
JR구좌3,2022-11-14,0.98,,,,,,,
JR구좌3,2022-11-15,0.99,,,,,,,
JR구좌3,2022-11-16,0.99,,,,,,,
JR구좌3,2022-11-17,0.98,,,,,,,
JR구좌3,2022-11-18,0.99,,,,,,,
JR구좌3,2022-11-19,0.98,,,,,,,
JR구좌3,2022-11-20,0.98,,,,,,,
JR구좌3,2022-11-21,0.97,,,,,,,
JR구좌3,2022-11-22,0.98,,,,,,,
JR구좌3,2022-11-23,1.0,,,,,,,
JR구좌3,2022-11-24,1.0,,,,,,,
JR구좌3,2022-11-25,1.0,,,,,,,
JR구좌3,2022-11-26,1.01,,,,,,,
JR구좌3,2022-11-27,1.01,,,,,,,
JR구좌3,2022-11-28,1.02,,,,,,,
JR구좌3,2022-11-29,1.03,,,,,,,
JR구좌3,2022-11-30,0.93,,,,,,,
JR구좌3,2022-12-01,0.87,,,,,,,
JR구좌3,2022-12-02,0.83,,,,,,,
JR구좌3,2022-12-03,0.83,,,,,,,
JR구좌3,2022-12-04,0.82,,,,,,,
JR구좌3,2022-12-05,0.8,,,,,,,
JR구좌3,2022-12-06,0.78,,,,,,,
JR구좌3,2022-12-07,0.77,,,,,,,
JR구좌3,2022-12-08,0.78,,,,,,,
JR구좌3,2022-12-09,0.82,,,,,,,
JR구좌3,2022-12-10,0.84,,,,,,,
JR구좌3,2022-12-11,0.85,,,,,,,
JR구좌3,2022-12-12,0.85,,,,,,,
JR구좌3,2022-12-13,0.84,,,,,,,
JR구좌3,2022-12-14,0.79,,,,,,,
JR구좌3,2022-12-15,0.75,,,,,,,
JR구좌3,2022-12-16,0.74,,,,,,,
JR구좌3,2022-12-17,0.72,,,,,,,
JR구좌3,2022-12-18,0.66,,,,,,,
JR구좌3,2022-12-19,0.65,,,,,,,
JR구좌3,2022-12-20,0.68,,,,,,,
JR구좌3,2022-12-21,0.73,,,,,,,
JR구좌3,2022-12-22,0.74,,,,,,,
JR구좌3,2022-12-23,0.71,,,,,,,
JR구좌3,2022-12-24,0.7,,,,,,,
JR구좌3,2022-12-25,0.73,,,,,,,
JR구좌3,2022-12-26,0.74,,,,,,,
JR구좌3,2022-12-27,0.74,,,,,,,
JR구좌3,2022-12-28,0.73,,,,,,,
JR구좌3,2022-12-29,0.7,,,,,,,
JR구좌3,2022-12-30,0.68,,,,,,,
JR구좌3,2022-12-31,0.68,,,,,,,
JR구좌3,2023-01-01,0.68,,,,,,,
JR구좌3,2023-01-02,0.68,,,,,,,
JR구좌3,2023-01-03,0.68,,,,,,,
JR구좌3,2023-01-04,0.68,,,,,,,
JR구좌3,2023-01-05,0.7,,,,,,,
JR구좌3,2023-01-06,0.72,,,,,,,
JR구좌3,2023-01-07,0.74,,,,,,,
JR구좌3,2023-01-08,0.75,,,,,,,
JR구좌3,2023-01-09,0.76,,,,,,,
JR구좌3,2023-01-10,0.76,,,,,,,
JR구좌3,2023-01-11,0.77,,,,,,,
JR구좌3,2023-01-12,0.78,,,,,,,
JR구좌3,2023-01-13,0.83,,,,,,,
JR구좌3,2023-01-14,0.86,,,,,,,
JR구좌3,2023-01-15,0.87,,,,,,,
JR구좌3,2023-01-16,0.82,,,,,,,
JR구좌3,2023-01-17,0.8,,,,,,,
JR구좌3,2023-01-18,0.8,,,,,,,
JR구좌3,2023-01-19,0.81,,,,,,,
JR구좌3,2023-01-20,0.8,,,,,,,
JR구좌3,2023-01-21,0.79,,,,,,,
JR구좌3,2023-01-22,0.82,,,,,,,
JR구좌3,2023-01-23,0.85,,,,,,,
JR구좌3,2023-01-24,0.81,,,,,,,
JR구좌3,2023-01-25,0.74,,,,,,,
JR구좌3,2023-01-26,0.76,,,,,,,
JR구좌3,2023-01-27,0.78,,,,,,,
JR구좌3,2023-01-28,0.76,,,,,,,
JR구좌3,2023-01-29,0.77,,,,,,,
JR구좌3,2023-01-30,0.78,,,,,,,
JR구좌3,2023-01-31,0.81,,,,,,,
JR구좌3,2023-02-01,0.83,,,,,,,
JR구좌3,2023-02-02,0.81,,,,,,,
JR구좌3,2023-02-03,0.8,,,,,,,
JR구좌3,2023-02-04,0.79,,,,,,,
JR구좌3,2023-02-05,0.79,,,,,,,
JR구좌3,2023-02-06,0.81,,,,,,,
JR구좌3,2023-02-07,0.84,,,,,,,
JR구좌3,2023-02-08,0.83,,,,,,,
JR구좌3,2023-02-09,0.81,,,,,,,
JR구좌3,2023-02-10,0.83,,,,,,,
JR구좌3,2023-02-11,0.81,,,,,,,
JR구좌3,2023-02-12,0.81,,,,,,,
JR구좌3,2023-02-13,0.86,,,,,,,
JR구좌3,2023-02-14,0.85,,,,,,,
JR구좌3,2023-02-15,0.83,,,,,,,
JR구좌3,2023-02-16,0.82,,,,,,,
JR구좌3,2023-02-17,0.8,,,,,,,
JR구좌3,2023-02-18,0.82,,,,,,,
JR구좌3,2023-02-19,0.83,,,,,,,
JR구좌3,2023-02-20,0.82,,,,,,,
JR구좌3,2023-02-21,0.82,,,,,,,
JR구좌3,2023-02-22,0.81,,,,,,,
JR구좌3,2023-02-23,0.79,,,,,,,
JR구좌3,2023-02-24,0.79,,,,,,,
JR구좌3,2023-02-25,0.77,,,,,,,
JR구좌3,2023-02-26,0.73,,,,,,,
JR구좌3,2023-02-27,0.71,,,,,,,
JR구좌3,2023-02-28,0.7,,,,,,,
JR구좌3,2023-03-01,0.71,,,,,,,
JR구좌3,2023-03-02,0.72,,,,,,,
JR구좌3,2023-03-03,0.72,,,,,,,
JR구좌3,2023-03-04,0.73,,,,,,,
JR구좌3,2023-03-05,0.73,,,,,,,
JR구좌3,2023-03-06,0.72,,,,,,,
JR구좌3,2023-03-07,0.71,,,,,,,
JR구좌3,2023-03-08,0.73,,,,,,,
JR구좌3,2023-03-09,0.77,,,,,,,
JR구좌3,2023-03-10,0.78,,,,,,,
JR구좌3,2023-03-11,0.79,,,,,,,
JR구좌3,2023-03-12,0.79,,,,,,,
JR구좌3,2023-03-13,0.73,,,,,,,
JR구좌3,2023-03-14,0.75,,,,,,,
JR구좌3,2023-03-15,0.8,,,,,,,
JR구좌3,2023-03-16,0.78,,,,,,,
JR구좌3,2023-03-17,0.76,,,,,,,
JR구좌3,2023-03-18,0.79,,,,,,,
JR구좌3,2023-03-19,0.76,,,,,,,
JR구좌3,2023-03-20,0.76,,,,,,,
JR구좌3,2023-03-21,0.81,,,,,,,
JR구좌3,2023-03-22,0.86,,,,,,,
JR구좌3,2023-03-23,0.9,,,,,,,
JR구좌3,2023-03-24,0.9,,,,,,,
JR구좌3,2023-03-25,0.89,,,,,,,
JR구좌3,2023-03-26,0.87,,,,,,,
JR구좌3,2023-03-27,0.83,,,,,,,
JR구좌3,2023-03-28,0.8,,,,,,,
JR구좌3,2023-03-29,0.79,,,,,,,
JR구좌3,2023-03-30,0.79,,,,,,,
JR구좌3,2023-03-31,0.81,,,,,,,
JR구좌3,2023-04-01,0.83,,,,,,,
JR구좌3,2023-04-02,0.86,,,,,,,
JR구좌3,2023-04-03,0.89,,,,,,,
JR구좌3,2023-04-04,0.86,,,,,,,
JR구좌3,2023-04-05,0.87,,,,,,,
JR구좌3,2023-04-06,0.86,,,,,,,
JR구좌3,2023-04-07,0.85,,,,,,,
JR구좌3,2023-04-08,0.82,,,,,,,
JR구좌3,2023-04-09,0.8,,,,,,,
JR구좌3,2023-04-10,0.8,,,,,,,
JR구좌3,2023-04-11,0.82,,,,,,,
JR구좌3,2023-04-12,0.82,,,,,,,
JR구좌3,2023-04-13,0.81,,,,,,,
JR구좌3,2023-04-14,0.82,,,,,,,
JR구좌3,2023-04-15,0.87,,,,,,,
JR구좌3,2023-04-16,0.9,,,,,,,
JR구좌3,2023-04-17,0.9,,,,,,,
JR구좌3,2023-04-18,0.92,,,,,,,
JR구좌3,2023-04-19,0.92,,,,,,,
JR구좌3,2023-04-20,0.93,,,,,,,
JR구좌3,2023-04-21,0.93,,,,,,,
JR구좌3,2023-04-22,0.94,,,,,,,
JR구좌3,2023-04-23,0.93,,,,,,,
JR구좌3,2023-04-24,0.91,,,,,,,
JR구좌3,2023-04-25,0.9,,,,,,,
JR구좌3,2023-04-26,0.9,,,,,,,
JR구좌3,2023-04-27,0.88,,,,,,,
JR구좌3,2023-04-28,0.88,,,,,,,
JR구좌3,2023-04-29,0.9,,,,,,,
JR구좌3,2023-04-30,0.89,,,,,,,
JR구좌3,2023-05-01,0.89,,,,,,,
JR구좌3,2023-05-02,0.87,,,,,,,
JR구좌3,2023-05-03,0.85,,,,,,,
JR구좌3,2023-05-04,0.85,,,,,,,
JR구좌3,2023-05-05,0.97,,,,,,,
JR구좌3,2023-05-06,1.18,,,,,,,
JR구좌3,2023-05-07,1.34,,,,,,,
JR구좌3,2023-05-08,1.4,,,,,,,
JR구좌3,2023-05-09,1.38,,,,,,,
JR구좌3,2023-05-10,1.35,,,,,,,
JR구좌3,2023-05-11,1.34,,,,,,,
JR구좌3,2023-05-12,1.33,,,,,,,
JR구좌3,2023-05-13,1.32,,,,,,,
JR구좌3,2023-05-14,1.32,,,,,,,
JR구좌3,2023-05-15,1.33,,,,,,,
JR구좌3,2023-05-16,1.33,,,,,,,
JR구좌3,2023-05-17,1.31,,,,,,,
JR구좌3,2023-05-18,1.32,,,,,,,
JR구좌3,2023-05-19,1.37,,,,,,,
JR구좌3,2023-05-20,1.4,,,,,,,
JR구좌3,2023-05-21,1.4,,,,,,,
JR구좌3,2023-05-22,1.39,,,,,,,
JR구좌3,2023-05-23,1.4,,,,,,,
JR구좌3,2023-05-24,1.37,,,,,,,
JR구좌3,2023-05-25,1.33,,,,,,,
JR구좌3,2023-05-26,1.28,,,,,,,
JR구좌3,2023-05-27,1.25,,,,,,,
JR구좌3,2023-05-28,1.24,,,,,,,
JR구좌3,2023-05-29,1.24,,,,,,,
JR구좌3,2023-05-30,1.26,,,,,,,
JR구좌3,2023-05-31,1.28,,,,,,,
JR구좌3,2023-06-01,1.29,,,,,,,
JR구좌3,2023-06-02,1.38,,,,,,,
JR구좌3,2023-06-03,1.5,,,,,,,
JR구좌3,2023-06-04,1.51,,,,,,,
JR구좌3,2023-06-05,1.48,,,,,,,
JR구좌3,2023-06-06,1.48,,,,,,,
JR구좌3,2023-06-07,1.49,,,,,,,
JR구좌3,2023-06-08,1.49,,,,,,,
JR구좌3,2023-06-09,1.5,,,,,,,
JR구좌3,2023-06-10,1.5,,,,,,,
JR구좌3,2023-06-11,1.5,,,,,,,
JR구좌3,2023-06-12,1.47,,,,,,,
JR구좌3,2023-06-13,1.44,,,,,,,
JR구좌3,2023-06-14,1.42,,,,,,,
JR구좌3,2023-06-15,1.4,,,,,,,
JR구좌3,2023-06-16,1.36,,,,,,,
JR구좌3,2023-06-17,1.31,,,,,,,
JR구좌3,2023-06-18,1.3,,,,,,,
JR구좌3,2023-06-19,1.32,,,,,,,
JR구좌3,2023-06-20,1.35,,,,,,,
JR구좌3,2023-06-21,1.36,,,,,,,
JR구좌3,2023-06-22,1.34,,,,,,,
JR구좌3,2023-06-23,1.32,,,,,,,
JR구좌3,2023-06-24,1.3,,,,,,,
JR구좌3,2023-06-25,1.27,,,,,,,
JR구좌3,2023-06-26,1.27,,,,,,,
JR구좌3,2023-06-27,1.26,,,,,,,
JR구좌3,2023-06-28,1.26,,,,,,,
JR구좌3,2023-06-29,1.27,,,,,,,
JR구좌3,2023-06-30,1.31,,,,,,,
JR구좌3,2023-07-01,1.42,,,,,,,
JR구좌3,2023-07-02,1.49,,,,,,,
JR구좌3,2023-07-03,1.56,,,,,,,
JR구좌3,2023-07-04,1.83,,,,,,,
JR구좌3,2023-07-05,1.97,,,,,,,
JR구좌3,2023-07-06,2.0,,,,,,,
JR구좌3,2023-07-07,1.99,,,,,,,
JR구좌3,2023-07-08,1.93,,,,,,,
JR구좌3,2023-07-09,1.92,,,,,,,
JR구좌3,2023-07-10,1.91,,,,,,,
JR구좌3,2023-07-11,1.88,,,,,,,
JR구좌3,2023-07-12,1.84,,,,,,,
JR구좌3,2023-07-13,1.81,,,,,,,
JR구좌3,2023-07-14,1.79,,,,,,,
JR구좌3,2023-07-15,1.77,,,,,,,
JR구좌3,2023-07-16,1.73,,,,,,,
JR구좌3,2023-07-17,1.68,,,,,,,
JR구좌3,2023-07-18,1.63,,,,,,,
JR구좌3,2023-07-19,1.62,,,,,,,
JR구좌3,2023-07-20,1.62,,,,,,,
JR구좌3,2023-07-21,1.59,,,,,,,
JR구좌3,2023-07-22,1.57,,,,,,,
JR구좌3,2023-07-23,1.58,,,,,,,
JR구좌3,2023-07-24,1.59,,,,,,,
JR구좌3,2023-07-25,1.57,,,,,,,
JR구좌3,2023-07-26,1.54,,,,,,,
JR구좌3,2023-07-27,1.52,,,,,,,
JR구좌3,2023-07-28,1.51,,,,,,,
JR구좌3,2023-07-29,1.5,,,,,,,
JR구좌3,2023-07-30,1.49,,,,,,,
JR구좌3,2023-07-31,1.48,,,,,,,
JR구좌3,2023-08-01,1.49,,,,,,,
JR구좌3,2023-08-02,1.49,,,,,,,
JR구좌3,2023-08-03,1.51,,,,,,,
JR구좌3,2023-08-04,1.52,,,,,,,
JR구좌3,2023-08-05,1.54,,,,,,,
JR구좌3,2023-08-06,1.55,,,,,,,
JR구좌3,2023-08-07,1.56,,,,,,,
JR구좌3,2023-08-08,1.56,,,,,,,
JR구좌3,2023-08-09,1.59,,,,,,,
JR구좌3,2023-08-10,1.69,,,,,,,
JR구좌3,2023-08-11,1.74,,,,,,,
JR구좌3,2023-08-12,1.73,,,,,,,
JR구좌3,2023-08-13,1.7,,,,,,,
JR구좌3,2023-08-14,1.67,,,,,,,
JR구좌3,2023-08-15,1.64,,,,,,,
JR구좌3,2023-08-16,1.61,,,,,,,
JR구좌3,2023-08-17,1.58,,,,,,,
JR구좌3,2023-08-18,1.55,,,,,,,
JR구좌3,2023-08-19,1.5,,,,,,,
JR구좌3,2023-08-20,1.44,,,,,,,
JR구좌3,2023-08-21,1.41,,,,,,,
JR구좌3,2023-08-22,1.4,,,,,,,
JR구좌3,2023-08-23,1.39,,,,,,,
JR구좌3,2023-08-24,1.39,,,,,,,
JR구좌3,2023-08-25,1.37,,,,,,,
JR구좌3,2023-08-26,1.37,,,,,,,
JR구좌3,2023-08-28,1.28,,,,,,,
JR구좌3,2023-08-29,1.32,,,,,,,
JR구좌3,2023-08-30,1.31,,,,,,,
JR구좌3,2023-08-31,1.32,,,,,,,
JR구좌3,2023-09-01,1.33,,,,,,,
JR구좌3,2023-09-02,1.34,,,,,,,
JR구좌3,2023-09-03,1.34,,,,,,,
JR구좌3,2023-09-04,1.34,,,,,,,
JR구좌3,2023-09-05,1.35,,,,,,,
JR구좌3,2023-09-06,1.35,,,,,,,
JR구좌3,2023-09-07,1.36,,,,,,,
JR구좌3,2023-09-08,1.37,,,,,,,
JR구좌3,2023-09-09,1.35,,,,,,,
JR구좌3,2023-09-10,1.34,,,,,,,
JR구좌3,2023-09-11,1.34,,,,,,,
JR구좌3,2023-09-12,1.33,,,,,,,
JR구좌3,2023-09-13,1.34,,,,,,,
JR구좌3,2023-09-14,1.36,,,,,,,
JR구좌3,2023-09-15,1.35,,,,,,,
JR구좌3,2023-09-16,1.33,,,,,,,
JR구좌3,2023-09-17,1.34,,,,,,,
JR구좌3,2023-09-18,1.45,,,,,,,
JR구좌3,2023-09-19,1.6,,,,,,,
JR구좌3,2023-09-20,1.66,,,,,,,
JR구좌3,2023-09-21,1.68,,,,,,,
JR구좌3,2023-09-22,1.66,,,,,,,
JR구좌3,2023-09-23,1.61,,,,,,,
JR구좌3,2023-09-24,1.58,,,,,,,
JR구좌3,2023-09-25,1.56,,,,,,,
JR구좌3,2023-09-26,1.52,,,,,,,
JR구좌3,2023-09-27,1.5,,,,,,,
JR구좌3,2023-09-28,1.48,,,,,,,
JR구좌3,2023-09-29,1.46,,,,,,,
JR구좌3,2023-09-30,1.45,,,,,,,
JR구좌3,2023-10-01,1.42,,,,,,,
JR구좌3,2023-10-02,1.38,,,,,,,
JR구좌3,2023-10-03,1.36,,,,,,,
JR구좌3,2023-10-04,1.34,,,,,,,
JR구좌3,2023-10-05,1.32,,,,,,,
JR구좌3,2023-10-06,1.28,,,,,,,
JR구좌3,2023-10-07,1.26,,,,,,,
JR구좌3,2023-10-08,1.27,,,,,,,
JR구좌3,2023-10-09,1.23,,,,,,,
JR구좌3,2023-10-10,1.19,,,,,,,
JR구좌3,2023-10-11,1.17,,,,,,,
JR구좌3,2023-10-12,1.17,,,,,,,
JR구좌3,2023-10-13,1.16,,,,,,,
JR구좌3,2023-10-14,1.16,,,,,,,
JR구좌3,2023-10-15,1.18,,,,,,,
JR구좌3,2023-10-16,1.18,,,,,,,
JR구좌3,2023-10-17,1.17,,,,,,,
JR구좌3,2023-10-18,1.15,,,,,,,
JR구좌3,2023-10-19,1.14,,,,,,,
JR구좌3,2023-10-20,1.13,,,,,,,
JR구좌3,2023-10-21,1.12,,,,,,,
JR구좌3,2023-10-22,1.09,,,,,,,
JR구좌3,2023-10-23,1.06,,,,,,,
JR구좌3,2023-10-24,1.06,,,,,,,
JR구좌3,2023-10-25,1.05,,,,,,,
JR구좌3,2023-10-26,1.05,,,,,,,
JR구좌3,2023-10-27,1.06,,,,,,,
JR구좌3,2023-10-28,1.06,,,,,,,
JR구좌3,2023-10-29,1.06,,,,,,,
JR구좌3,2023-10-30,1.05,,,,,,,
JR구좌3,2023-10-31,1.03,,,,,,,
JR구좌3,2023-11-01,1.02,,,,,,,
JR구좌3,2023-11-02,1.02,,,,,,,
JR구좌3,2023-11-03,1.04,,,,,,,
JR구좌3,2023-11-04,1.05,,,,,,,
JR구좌3,2023-11-05,1.07,,,,,,,
JR구좌3,2023-11-06,1.08,,,,,,,
JR구좌3,2023-11-07,1.01,,,,,,,
JR구좌3,2023-11-08,1.02,,,,,,,
JR구좌3,2023-11-09,1.03,,,,,,,
JR구좌3,2023-11-10,0.98,,,,,,,
JR구좌3,2023-11-11,0.93,,,,,,,
JR구좌3,2023-11-12,0.92,,,,,,,
JR구좌3,2023-11-13,0.89,,,,,,,
JR구좌3,2023-11-14,0.87,,,,,,,
JR구좌3,2023-11-15,0.89,,,,,,,
JR구좌3,2023-11-16,0.92,,,,,,,
JR구좌3,2023-11-17,0.92,,,,,,,
JR구좌3,2023-11-18,0.88,,,,,,,
JR구좌3,2023-11-19,0.87,,,,,,,
JR구좌3,2023-11-20,0.89,,,,,,,
JR구좌3,2023-11-21,0.9,,,,,,,
JR구좌3,2023-11-22,0.89,,,,,,,
JR구좌3,2023-11-23,0.89,,,,,,,
JR구좌3,2023-11-24,0.85,,,,,,,
JR구좌3,2023-11-25,0.82,,,,,,,
JR구좌3,2023-11-26,0.83,,,,,,,
JR구좌3,2023-11-27,0.84,,,,,,,
JR구좌3,2023-11-28,0.83,,,,,,,
JR구좌3,2023-11-29,0.84,,,,,,,
JR구좌3,2023-11-30,0.83,,,,,,,
JR구좌3,2023-12-01,0.8,,,,,,,
JR구좌3,2023-12-02,0.77,,,,,,,
JR구좌3,2023-12-03,0.78,,,,,,,
JR구좌3,2023-12-04,0.79,,,,,,,
JR구좌3,2023-12-05,0.81,,,,,,,
JR구좌3,2023-12-06,0.84,,,,,,,
JR구좌3,2023-12-07,0.83,,,,,,,
JR구좌3,2023-12-08,0.85,,,,,,,
JR구좌3,2023-12-09,0.86,,,,,,,
JR구좌3,2023-12-10,0.86,,,,,,,
JR구좌3,2023-12-11,0.88,,,,,,,
JR구좌3,2023-12-12,0.86,,,,,,,
JR구좌3,2023-12-13,0.85,,,,,,,
JR구좌3,2023-12-14,0.85,,,,,,,
JR구좌3,2023-12-15,0.87,,,,,,,
JR구좌3,2023-12-16,0.84,,,,,,,
JR구좌3,2023-12-17,0.78,,,,,,,
JR구좌3,2023-12-18,0.77,,,,,,,
JR구좌3,2023-12-19,0.79,,,,,,,
JR구좌3,2023-12-20,0.76,,,,,,,
JR구좌3,2023-12-21,0.71,,,,,,,
JR구좌3,2023-12-22,0.69,,,,,,,
JR구좌3,2023-12-23,0.68,,,,,,,
JR구좌3,2023-12-24,0.7,,,,,,,
JR구좌3,2023-12-25,0.7,,,,,,,
JR구좌3,2023-12-26,0.71,,,,,,,
JR구좌3,2023-12-27,0.72,,,,,,,
JR구좌3,2023-12-28,0.74,,,,,,,
JR구좌3,2023-12-29,0.74,,,,,,,
JR구좌3,2023-12-30,0.76,,,,,,,
JR구좌3,2023-12-31,0.8,,,,,,,
JR구좌3,2024-01-01,0.8,,,,,,,
JR구좌3,2024-01-02,0.81,,,,,,,
JR구좌3,2024-01-03,0.8,,,,,,,
JR구좌3,2024-01-04,0.79,,,,,,,
JR구좌3,2024-01-05,0.78,,,,,,,
JR구좌3,2024-01-06,0.78,,,,,,,
JR구좌3,2024-01-07,0.78,,,,,,,
JR구좌3,2024-01-08,0.77,,,,,,,
JR구좌3,2024-01-09,0.78,,,,,,,
JR구좌3,2024-01-10,0.8,,,,,,,
JR구좌3,2024-01-11,0.8,,,,,,,
JR구좌3,2024-01-12,0.8,,,,,,,
JR구좌3,2024-01-13,0.8,,,,,,,
JR구좌3,2024-01-14,0.82,,,,,,,
JR구좌3,2024-01-15,0.79,,,,,,,
JR구좌3,2024-01-16,0.77,,,,,,,
JR구좌3,2024-01-17,0.77,,,,,,,
JR구좌3,2024-01-18,0.78,,,,,,,
JR구좌3,2024-01-19,0.82,,,,,,,
JR구좌3,2024-01-20,0.85,,,,,,,
JR구좌3,2024-01-21,0.85,,,,,,,
JR구좌3,2024-01-22,0.81,,,,,,,
JR구좌3,2024-01-23,0.76,,,,,,,
JR구좌3,2024-01-24,0.73,,,,,,,
JR구좌3,2024-01-25,0.74,,,,,,,
JR구좌3,2024-01-26,0.76,,,,,,,
JR구좌3,2024-01-27,0.78,,,,,,,
JR구좌3,2024-01-28,0.79,,,,,,,
JR구좌3,2024-01-29,0.78,,,,,,,
JR구좌3,2024-01-30,0.78,,,,,,,
JR구좌3,2024-01-31,0.8,,,,,,,
JR구좌3,2024-02-01,0.82,,,,,,,
JR구좌3,2024-02-02,0.85,,,,,,,
JR구좌3,2024-02-03,0.86,,,,,,,
JR구좌3,2024-02-04,0.88,,,,,,,
JR구좌3,2024-02-05,0.94,,,,,,,
JR구좌3,2024-02-06,0.99,,,,,,,
JR구좌3,2024-02-07,1.02,,,,,,,
JR구좌3,2024-02-08,1.05,,,,,,,
JR구좌3,2024-02-09,1.06,,,,,,,
JR구좌3,2024-02-10,1.06,,,,,,,
JR구좌3,2024-02-11,1.04,,,,,,,
JR구좌3,2024-02-12,1.01,,,,,,,
JR구좌3,2024-02-13,0.99,,,,,,,
JR구좌3,2024-02-14,0.96,,,,,,,
JR구좌3,2024-02-15,0.98,,,,,,,
JR구좌3,2024-02-16,0.97,,,,,,,
JR구좌3,2024-02-17,0.97,,,,,,,
JR구좌3,2024-02-18,0.97,,,,,,,
JR구좌3,2024-02-19,1.02,,,,,,,
JR구좌3,2024-02-20,1.05,,,,,,,
JR구좌3,2024-02-21,1.12,,,,,,,
JR구좌3,2024-02-22,1.2,,,,,,,
JR구좌3,2024-02-23,1.36,,,,,,,
JR구좌3,2024-02-24,1.48,,,,,,,
JR구좌3,2024-02-25,1.58,,,,,,,
JR구좌3,2024-02-26,1.65,,,,,,,
JR구좌3,2024-02-27,1.69,,,,,,,
JR구좌3,2024-02-28,1.68,,,,,,,
JR구좌3,2024-02-29,1.67,,,,,,,
JR구좌3,2024-03-01,1.63,,,,,,,
JR구좌3,2024-03-02,1.55,,,,,,,
JR구좌3,2024-03-03,1.52,,,,,,,
JR구좌3,2024-03-04,1.51,,,,,,,
JR구좌3,2024-03-05,1.56,,,,,,,
JR구좌3,2024-03-06,1.62,,,,,,,
JR구좌3,2024-03-07,1.59,,,,,,,
JR구좌3,2024-03-08,1.51,,,,,,,
JR구좌3,2024-03-09,1.45,,,,,,,
JR구좌3,2024-03-10,1.4,,,,,,,
JR구좌3,2024-03-11,1.36,,,,,,,
JR구좌3,2024-03-12,1.37,,,,,,,
JR구좌3,2024-03-13,1.34,,,,,,,
JR구좌3,2024-03-14,1.29,,,,,,,
JR구좌3,2024-03-15,1.26,,,,,,,
JR구좌3,2024-03-16,1.23,,,,,,,
JR구좌3,2024-03-17,1.22,,,,,,,
JR구좌3,2024-03-18,1.19,,,,,,,
JR구좌3,2024-03-19,1.19,,,,,,,
JR구좌3,2024-03-20,1.15,,,,,,,
JR구좌3,2024-03-21,1.14,,,,,,,
JR구좌3,2024-03-22,1.16,,,,,,,
JR구좌3,2024-03-23,1.19,,,,,,,
JR구좌3,2024-03-24,1.19,,,,,,,
JR구좌3,2024-03-25,1.19,,,,,,,
JR구좌3,2024-03-26,1.19,,,,,,,
JR구좌3,2024-03-27,1.16,,,,,,,
JR구좌3,2024-03-28,1.17,,,,,,,
JR구좌3,2024-03-29,1.2,,,,,,,
JR구좌3,2024-03-30,1.2,,,,,,,
JR구좌3,2024-03-31,1.21,,,,,,,
JR구좌3,2024-04-01,1.2,,,,,,,
JR구좌3,2024-04-02,1.18,,,,,,,
JR구좌3,2024-04-03,1.22,,,,,,,
JR구좌3,2024-04-04,1.22,,,,,,,
JR구좌3,2024-04-05,1.19,,,,,,,
JR구좌3,2024-04-06,1.14,,,,,,,
JR구좌3,2024-04-07,1.1,,,,,,,
JR구좌3,2024-04-08,1.11,,,,,,,
JR구좌3,2024-04-09,1.12,,,,,,,
JR구좌3,2024-04-10,1.1,,,,,,,
JR구좌3,2024-04-11,1.06,,,,,,,
JR구좌3,2024-04-12,1.04,,,,,,,
JR구좌3,2024-04-13,1.05,,,,,,,
JR구좌3,2024-04-14,1.06,,,,,,,
JR구좌3,2024-04-15,1.1,,,,,,,
JR구좌3,2024-04-16,1.1,,,,,,,
JR구좌3,2024-04-17,1.09,,,,,,,
JR구좌3,2024-04-18,1.1,,,,,,,
JR구좌3,2024-04-19,1.08,,,,,,,
JR구좌3,2024-04-20,1.09,,,,,,,
JR구좌3,2024-04-21,1.11,,,,,,,
JR구좌3,2024-04-22,1.09,,,,,,,
JR구좌3,2024-04-23,1.07,,,,,,,
JR구좌3,2024-04-24,1.06,,,,,,,
JR구좌3,2024-04-25,1.03,,,,,,,
JR구좌3,2024-04-26,1.03,,,,,,,
JR구좌3,2024-04-27,1.03,,,,,,,
JR구좌3,2024-04-28,1.03,,,,,,,
JR구좌3,2024-04-29,1.05,,,,,,,
JR구좌3,2024-04-30,1.09,,,,,,,
JR구좌3,2024-05-01,1.1,,,,,,,
JR구좌3,2024-05-02,1.09,,,,,,,
JR구좌3,2024-05-03,1.04,,,,,,,
JR구좌3,2024-05-04,1.01,,,,,,,
JR구좌3,2024-05-05,1.04,,,,,,,
JR구좌3,2024-05-06,1.11,,,,,,,
JR구좌3,2024-05-07,1.18,,,,,,,
JR구좌3,2024-05-08,1.23,,,,,,,
JR구좌3,2024-05-09,1.22,,,,,,,
JR구좌3,2024-05-10,1.18,,,,,,,
JR구좌3,2024-05-11,1.18,,,,,,,
JR구좌3,2024-05-12,1.19,,,,,,,
JR구좌3,2024-05-13,1.19,,,,,,,
JR구좌3,2024-05-14,1.19,,,,,,,
JR구좌3,2024-05-15,1.16,,,,,,,
JR구좌3,2024-05-16,1.13,,,,,,,
JR구좌3,2024-05-17,1.13,,,,,,,
JR구좌3,2024-05-18,1.13,,,,,,,
JR구좌3,2024-05-19,1.1,,,,,,,
JR구좌3,2024-05-20,1.08,,,,,,,
JR구좌3,2024-05-21,1.08,,,,,,,
JR구좌3,2024-05-22,1.08,,,,,,,
JR구좌3,2024-05-23,1.07,,,,,,,
JR구좌3,2024-05-24,1.08,,,,,,,
JR구좌3,2024-05-25,1.11,,,,,,,
JR구좌3,2024-05-26,1.12,,,,,,,
JR구좌3,2024-05-27,1.12,,,,,,,
JR구좌3,2024-05-28,1.15,,,,,,,
JR구좌3,2024-05-29,1.17,,,,,,,
JR구좌3,2024-05-30,1.16,,,,,,,
JR구좌3,2024-05-31,1.14,,,,,,,
JR구좌3,2024-06-01,1.12,,,,,,,
JR구좌3,2024-06-02,1.11,,,,,,,
JR구좌3,2024-06-03,1.11,,,,,,,
JR구좌3,2024-06-04,1.11,,,,,,,
JR구좌3,2024-06-05,1.11,,,,,,,
JR구좌3,2024-06-06,1.1,,,,,,,
JR구좌3,2024-06-07,1.09,,,,,,,
JR구좌3,2024-06-08,1.11,,,,,,,
JR구좌3,2024-06-09,1.15,,,,,,,
JR구좌3,2024-06-10,1.15,,,,,,,
JR구좌3,2024-06-11,1.14,,,,,,,
JR구좌3,2024-06-12,1.14,,,,,,,
JR구좌3,2024-06-13,1.15,,,,,,,
JR구좌3,2024-06-14,1.15,,,,,,,
JR구좌3,2024-06-15,1.16,,,,,,,
JR구좌3,2024-06-16,1.14,,,,,,,
JR구좌3,2024-06-17,1.12,,,,,,,
JR구좌3,2024-06-18,1.11,,,,,,,
JR구좌3,2024-06-19,1.1,,,,,,,
JR구좌3,2024-06-20,1.11,,,,,,,
JR구좌3,2024-06-21,1.14,,,,,,,
JR구좌3,2024-06-22,1.19,,,,,,,
JR구좌3,2024-06-23,1.22,,,,,,,
JR구좌3,2024-06-24,1.26,,,,,,,
JR구좌3,2024-06-25,1.25,,,,,,,
JR구좌3,2024-06-26,1.2,,,,,,,
JR구좌3,2024-06-27,1.16,,,,,,,
JR구좌3,2024-06-28,1.17,,,,,,,
JR구좌3,2024-06-29,1.21,,,,,,,
JR구좌3,2024-06-30,1.43,,,,,,,
JR구좌3,2024-07-01,1.55,,,,,,,
JR구좌3,2024-07-02,1.6,,,,,,,
JR구좌3,2024-07-03,1.59,,,,,,,
JR구좌3,2024-07-04,1.52,,,,,,,
JR구좌3,2024-07-05,1.49,,,,,,,
JR구좌3,2024-07-06,1.47,,,,,,,
JR구좌3,2024-07-07,1.46,,,,,,,
JR구좌3,2024-07-08,1.44,,,,,,,
JR구좌3,2024-07-09,1.42,,,,,,,
JR구좌3,2024-07-10,1.41,,,,,,,
JR구좌3,2024-07-11,1.4,,,,,,,
JR구좌3,2024-07-12,1.4,,,,,,,
JR구좌3,2024-07-13,1.39,,,,,,,
JR구좌3,2024-07-14,1.37,,,,,,,
JR구좌3,2024-07-15,1.35,,,,,,,
JR구좌3,2024-07-16,1.33,,,,,,,
JR구좌3,2024-07-17,1.32,,,,,,,
JR구좌3,2024-07-18,1.32,,,,,,,
JR구좌3,2024-07-19,1.34,,,,,,,
JR구좌3,2024-07-20,1.35,,,,,,,
JR구좌3,2024-07-21,1.36,,,,,,,
JR구좌3,2024-07-22,1.35,,,,,,,
JR구좌3,2024-07-23,1.35,,,,,,,
JR구좌3,2024-07-24,1.35,,,,,,,
JR구좌3,2024-07-25,1.35,,,,,,,
JR구좌3,2024-07-26,1.36,,,,,,,
JR구좌3,2024-07-27,1.38,,,,,,,
JR구좌3,2024-07-28,1.37,,,,,,,
JR구좌3,2024-07-29,1.34,,,,,,,
JR구좌3,2024-07-30,1.31,,,,,,,
JR구좌3,2024-07-31,1.33,,,,,,,
JR구좌3,2024-08-01,1.33,,,,,,,
JR구좌3,2024-08-02,1.37,,,,,,,
JR구좌3,2024-08-03,1.37,,,,,,,
JR구좌3,2024-08-04,1.35,,,,,,,
JR구좌3,2024-08-05,1.32,,,,,,,
JR구좌3,2024-08-06,1.3,,,,,,,
JR구좌3,2024-08-07,1.29,,,,,,,
JR구좌3,2024-08-08,1.29,,,,,,,
JR구좌3,2024-08-09,1.29,,,,,,,
JR구좌3,2024-08-10,1.3,,,,,,,
JR구좌3,2024-08-11,1.31,,,,,,,
JR구좌3,2024-08-12,1.31,,,,,,,
JR구좌3,2024-08-13,1.31,,,,,,,
JR구좌3,2024-08-14,1.29,,,,,,,
JR구좌3,2024-08-15,1.28,,,,,,,
JR구좌3,2024-08-16,1.27,,,,,,,
JR구좌3,2024-08-17,1.27,,,,,,,
JR구좌3,2024-08-18,1.27,,,,,,,
JR구좌3,2024-08-19,1.27,,,,,,,
JR구좌3,2024-08-20,1.27,,,,,,,
JR구좌3,2024-08-21,1.27,,,,,,,
JR구좌3,2024-08-22,1.26,,,,,,,
JR구좌3,2024-08-23,1.24,,,,,,,
JR구좌3,2024-08-24,1.21,,,,,,,
JR구좌3,2024-08-25,1.21,,,,,,,
JR구좌3,2024-08-26,1.19,,,,,,,
JR구좌3,2024-08-27,1.2,,,,,,,
JR구좌3,2024-08-28,1.24,,,,,,,
JR구좌3,2024-08-29,1.24,,,,,,,
JR구좌3,2024-08-30,1.23,,,,,,,
JR구좌3,2024-08-31,1.18,,,,,,,
JR구좌3,2024-09-01,1.15,,,,,,,
JR구좌3,2024-09-02,1.14,,,,,,,
JR구좌3,2024-09-03,1.13,,,,,,,
JR구좌3,2024-09-04,1.11,,,,,,,
JR구좌3,2024-09-05,1.09,,,,,,,
JR구좌3,2024-09-06,1.08,,,,,,,
JR구좌3,2024-09-07,1.07,,,,,,,
JR구좌3,2024-09-08,1.05,,,,,,,
JR구좌3,2024-09-09,1.05,,,,,,,
JR구좌3,2024-09-10,1.07,,,,,,,
JR구좌3,2024-09-11,1.06,,,,,,,
JR구좌3,2024-09-12,1.07,,,,,,,
JR구좌3,2024-09-13,1.07,,,,,,,
JR구좌3,2024-09-14,1.09,,,,,,,
JR구좌3,2024-09-15,1.13,,,,,,,
JR구좌3,2024-09-16,1.15,,,,,,,
JR구좌3,2024-09-17,1.11,,,,,,,
JR구좌3,2024-09-18,1.07,,,,,,,
JR구좌3,2024-09-19,1.07,,,,,,,
JR구좌3,2024-09-20,1.15,,,,,,,
JR구좌3,2024-09-21,1.34,,,,,,,
JR구좌3,2024-09-22,1.41,,,,,,,
JR구좌3,2024-09-23,1.41,,,,,,,
JR구좌3,2024-09-24,1.4,,,,,,,
JR구좌3,2024-09-25,1.39,,,,,,,
JR구좌3,2024-09-26,1.36,,,,,,,
JR구좌3,2024-09-27,1.34,,,,,,,
JR구좌3,2024-09-28,1.34,,,,,,,
JR구좌3,2024-09-29,1.32,,,,,,,
JR구좌3,2024-09-30,1.28,,,,,,,
JR구좌3,2024-10-01,1.25,,,,,,,
JR구좌3,2024-10-02,1.22,,,,,,,
JR구좌3,2024-10-03,1.22,,,,,,,
JR구좌3,2024-10-04,1.2,,,,,,,
JR구좌3,2024-10-05,1.17,,,,,,,
JR구좌3,2024-10-06,1.15,,,,,,,
JR구좌3,2024-10-07,1.14,,,,,,,
JR구좌3,2024-10-08,1.15,,,,,,,
JR구좌3,2024-10-09,1.16,,,,,,,
JR구좌3,2024-10-10,1.18,,,,,,,
JR구좌3,2024-10-11,1.18,,,,,,,
JR구좌3,2024-10-12,1.17,,,,,,,
JR구좌3,2024-10-13,1.15,,,,,,,
JR구좌3,2024-10-14,1.14,,,,,,,
JR구좌3,2024-10-15,1.14,,,,,,,
JR구좌3,2024-10-16,1.14,,,,,,,
JR구좌3,2024-10-17,1.15,,,,,,,
JR구좌3,2024-10-18,1.15,,,,,,,
JR구좌3,2024-10-19,1.14,,,,,,,
JR구좌3,2024-10-20,1.17,,,,,,,
JR구좌3,2024-10-21,1.16,,,,,,,
JR구좌3,2024-10-22,1.15,,,,,,,
JR구좌3,2024-10-23,1.21,,,,,,,
JR구좌3,2024-10-24,1.24,,,,,,,
JR구좌3,2024-10-25,1.29,,,,,,,
JR구좌3,2024-10-26,1.29,,,,,,,
JR구좌3,2024-10-27,1.26,,,,,,,
JR구좌3,2024-10-28,1.27,,,,,,,
JR구좌3,2024-10-29,1.31,,,,,,,
JR구좌3,2024-10-30,1.29,,,,,,,
JR구좌3,2024-10-31,1.27,,,,,,,
JR구좌3,2024-11-01,1.28,,,,,,,
JR구좌3,2024-11-02,1.93,,,,,,,
JR구좌3,2024-11-03,2.55,,,,,,,
JR구좌3,2024-11-04,2.59,,,,,,,
JR구좌3,2024-11-05,2.46,,,,,,,
JR구좌3,2024-11-06,2.3,,,,,,,
JR구좌3,2024-11-07,2.17,,,,,,,
JR구좌3,2024-11-08,2.06,,,,,,,
JR구좌3,2024-11-09,1.99,,,,,,,
JR구좌3,2024-11-10,1.94,,,,,,,
JR구좌3,2024-11-11,1.88,,,,,,,
JR구좌3,2024-11-12,1.83,,,,,,,
JR구좌3,2024-11-13,1.78,,,,,,,
JR구좌3,2024-11-14,1.76,,,,,,,
JR구좌3,2024-11-15,1.73,,,,,,,
JR구좌3,2024-11-16,1.72,,,,,,,
JR구좌3,2024-11-17,1.68,,,,,,,
JR구좌3,2024-11-18,1.61,,,,,,,
JR구좌3,2024-11-19,1.56,,,,,,,
JR구좌3,2024-11-20,1.52,,,,,,,
JR구좌3,2024-11-21,1.47,,,,,,,
JR구좌3,2024-11-22,1.45,,,,,,,
JR구좌3,2024-11-23,1.41,,,,,,,
JR구좌3,2024-11-24,1.38,,,,,,,
JR구좌3,2024-11-25,1.36,,,,,,,
JR구좌3,2024-11-26,1.38,,,,,,,
JR구좌3,2024-11-27,1.35,,,,,,,
JR구좌3,2024-11-28,1.32,,,,,,,
JR구좌3,2024-11-29,1.3,,,,,,,
JR구좌3,2024-11-30,1.29,,,,,,,
JR구좌3,2024-12-01,1.3,,,,,,,
JR구좌3,2024-12-02,1.32,,,,,,,
JR구좌3,2024-12-03,1.3,,,,,,,
JR구좌3,2024-12-04,1.27,,,,,,,
JR구좌3,2024-12-05,1.25,,,,,,,
JR구좌3,2024-12-06,1.24,,,,,,,
JR구좌3,2024-12-07,1.23,,,,,,,
JR구좌3,2024-12-08,1.18,,,,,,,
JR구좌3,2024-12-09,1.14,,,,,,,
JR구좌3,2024-12-10,1.13,,,,,,,
JR구좌3,2024-12-11,1.13,,,,,,,
JR구좌3,2024-12-12,1.13,,,,,,,
JR구좌3,2024-12-13,1.12,,,,,,,
JR구좌3,2024-12-14,1.1,,,,,,,
JR구좌3,2024-12-15,1.09,,,,,,,
JR구좌3,2024-12-16,1.08,,,,,,,
JR구좌3,2024-12-17,1.1,,,,,,,
JR구좌3,2024-12-18,1.09,,,,,,,
JR구좌3,2024-12-19,1.06,,,,,,,
JR구좌3,2024-12-20,1.06,,,,,,,
JR구좌3,2024-12-21,1.07,,,,,,,
JR구좌3,2024-12-22,1.04,,,,,,,
JR구좌3,2024-12-23,1.03,,,,,,,
JR구좌3,2024-12-24,1.03,,,,,,,
JR구좌3,2024-12-25,1.04,,,,,,,
JR구좌3,2024-12-26,1.04,,,,,,,
JR구좌3,2024-12-27,1.01,,,,,,,
JR구좌3,2024-12-28,0.99,,,,,,,
JR구좌3,2024-12-29,0.98,,,,,,,
JR구좌3,2024-12-30,1.02,,,,,,,
JR구좌3,2024-12-31,1.04,,,,,,,
JR구좌3,2025-01-01,1.05,,,,,,,
JR구좌3,2025-01-02,1.06,,,,,,,
JR구좌3,2025-01-03,1.05,,,,,,,
JR구좌3,2025-01-04,1.02,,,,,,,
JR구좌3,2025-01-05,1.01,,,,,,,
JR구좌3,2025-01-06,1.03,,,,,,,
JR구좌3,2025-01-07,1.01,,,,,,,
JR구좌3,2025-01-08,1.01,,,,,,,
JR구좌3,2025-01-09,1.0,,,,,,,
JR구좌3,2025-01-10,0.95,,,,,,,
JR구좌3,2025-01-11,0.95,,,,,,,
JR구좌3,2025-01-12,0.96,,,,,,,
JR구좌3,2025-01-13,0.95,,,,,,,
JR구좌3,2025-01-14,0.95,,,,,,,
JR구좌3,2025-01-15,0.95,,,,,,,
JR구좌3,2025-01-16,0.93,,,,,,,
JR구좌3,2025-01-17,0.93,,,,,,,
JR구좌3,2025-01-18,0.94,,,,,,,
JR구좌3,2025-01-19,0.96,,,,,,,
JR구좌3,2025-01-20,0.97,,,,,,,
JR구좌3,2025-01-21,0.98,,,,,,,
JR구좌3,2025-01-22,0.98,,,,,,,
JR구좌3,2025-01-23,0.97,,,,,,,
JR구좌3,2025-01-24,0.98,,,,,,,
JR구좌3,2025-01-25,1.0,,,,,,,
JR구좌3,2025-01-26,1.02,,,,,,,
JR구좌3,2025-01-27,1.0,,,,,,,
JR구좌3,2025-01-28,0.96,,,,,,,
JR구좌3,2025-01-29,0.93,,,,,,,
JR구좌3,2025-01-30,0.92,,,,,,,
JR구좌3,2025-01-31,0.94,,,,,,,
JR구좌3,2025-02-01,0.97,,,,,,,
JR구좌3,2025-02-02,1.0,,,,,,,
JR구좌3,2025-02-03,0.98,,,,,,,
JR구좌3,2025-02-04,0.92,,,,,,,
JR구좌3,2025-02-05,0.89,,,,,,,
JR구좌3,2025-02-06,0.87,,,,,,,
JR구좌3,2025-02-07,0.87,,,,,,,
JR구좌3,2025-02-08,0.81,,,,,,,
JR구좌3,2025-02-09,0.8,,,,,,,
JR구좌3,2025-02-10,0.81,,,,,,,
JR구좌3,2025-02-11,0.81,,,,,,,
JR구좌3,2025-02-12,0.84,,,,,,,
JR구좌3,2025-02-13,0.8,,,,,,,
JR구좌3,2025-02-14,0.79,,,,,,,
JR구좌3,2025-02-15,0.81,,,,,,,
JR구좌3,2025-02-16,0.84,,,,,,,
JR구좌3,2025-02-17,0.82,,,,,,,
JR구좌3,2025-02-18,0.8,,,,,,,
JR구좌3,2025-02-19,0.79,,,,,,,
JR구좌3,2025-02-20,0.79,,,,,,,
JR구좌3,2025-02-21,0.79,,,,,,,
JR구좌3,2025-02-22,0.77,,,,,,,
JR구좌3,2025-02-23,0.76,,,,,,,
JR구좌3,2025-02-24,0.74,,,,,,,
JR구좌3,2025-02-25,0.75,,,,,,,
JR구좌3,2025-02-26,0.75,,,,,,,
JR구좌3,2025-02-27,0.77,,,,,,,
JR구좌3,2025-02-28,0.81,,,,,,,
JR구좌3,2025-03-01,0.84,,,,,,,
JR구좌3,2025-03-02,0.87,,,,,,,
JR구좌3,2025-03-03,0.92,,,,,,,
JR구좌3,2025-03-04,0.97,,,,,,,
JR구좌3,2025-03-05,0.96,,,,,,,
JR구좌3,2025-03-06,0.89,,,,,,,
JR구좌3,2025-03-07,0.86,,,,,,,
JR구좌3,2025-03-08,0.87,,,,,,,
JR구좌3,2025-03-09,0.86,,,,,,,
JR구좌3,2025-03-10,0.86,,,,,,,
JR구좌3,2025-03-11,0.87,,,,,,,
JR구좌3,2025-03-12,0.88,,,,,,,
JR구좌3,2025-03-13,0.89,,,,,,,
JR구좌3,2025-03-14,0.92,,,,,,,
JR구좌3,2025-03-15,0.96,,,,,,,
JR구좌3,2025-03-16,0.98,,,,,,,
JR구좌3,2025-03-17,0.89,,,,,,,
JR구좌3,2025-03-18,0.9,,,,,,,
JR구좌3,2025-03-19,0.88,,,,,,,
JR구좌3,2025-03-20,0.87,,,,,,,
JR구좌3,2025-03-21,0.85,,,,,,,
JR구좌3,2025-03-22,0.86,,,,,,,
JR구좌3,2025-03-23,0.9,,,,,,,
JR구좌3,2025-03-24,0.95,,,,,,,
JR구좌3,2025-03-25,0.98,,,,,,,
JR구좌3,2025-03-26,1.02,,,,,,,
JR구좌3,2025-03-27,1.07,,,,,,,
JR구좌3,2025-03-28,1.04,,,,,,,
JR구좌3,2025-03-29,0.99,,,,,,,
JR구좌3,2025-03-30,0.93,,,,,,,
JR구좌3,2025-03-31,0.9,,,,,,,
JR구좌3,2025-04-01,0.89,,,,,,,
JR구좌3,2025-04-02,0.9,,,,,,,
JR구좌3,2025-04-03,0.89,,,,,,,
JR구좌3,2025-04-04,0.88,,,,,,,
JR구좌3,2025-04-05,0.9,,,,,,,
JR구좌3,2025-04-06,0.9,,,,,,,
JR구좌3,2025-04-07,0.9,,,,,,,
JR구좌3,2025-04-08,0.91,,,,,,,
JR구좌3,2025-04-09,0.91,,,,,,,
JR구좌3,2025-04-10,0.94,,,,,,,
JR구좌3,2025-04-11,0.95,,,,,,,
JR구좌3,2025-04-12,0.98,,,,,,,
JR구좌3,2025-04-13,0.97,,,,,,,
JR구좌3,2025-04-14,0.96,,,,,,,
JR구좌3,2025-04-15,0.97,,,,,,,
JR구좌3,2025-04-16,0.96,,,,,,,
JR구좌3,2025-04-17,0.97,,,,,,,
JR구좌3,2025-04-18,0.97,,,,,,,
JR구좌3,2025-04-19,0.96,,,,,,,
JR구좌3,2025-04-20,0.96,,,,,,,
JR구좌3,2025-04-21,0.96,,,,,,,
JR구좌3,2025-04-22,0.96,,,,,,,
JR구좌3,2025-04-23,0.96,,,,,,,
JR구좌3,2025-04-24,0.96,,,,,,,
JR구좌3,2025-04-25,0.92,,,,,,,
JR구좌3,2025-04-26,0.88,,,,,,,
JR구좌3,2025-04-27,0.85,,,,,,,
JR구좌3,2025-04-28,0.86,,,,,,,
JR구좌3,2025-04-29,0.87,,,,,,,
JR구좌3,2025-04-30,0.87,,,,,,,
JR구좌3,2025-05-01,0.9,,,,,,,
JR구좌3,2025-05-02,0.9,,,,,,,
JR구좌3,2025-05-03,0.91,,,,,,,
JR구좌3,2025-05-04,0.89,,,,,,,
JR구좌3,2025-05-05,0.89,,,,,,,
JR구좌3,2025-05-06,0.92,,,,,,,
JR구좌3,2025-05-07,0.91,,,,,,,
JR구좌3,2025-05-08,0.89,,,,,,,
JR구좌3,2025-05-09,0.92,,,,,,,
JR구좌3,2025-05-10,0.92,,,,,,,
JR구좌3,2025-05-11,0.88,,,,,,,
JR구좌3,2025-05-12,0.9,,,,,,,
JR구좌3,2025-05-13,0.88,,,,,,,
JR구좌3,2025-05-14,0.87,,,,,,,
JR구좌3,2025-05-15,0.86,,,,,,,
JR구좌3,2025-05-16,0.85,,,,,,,
JR구좌3,2025-05-17,0.88,,,,,,,
JR구좌3,2025-05-18,0.88,,,,,,,
JR구좌3,2025-05-19,0.89,,,,,,,
JR구좌3,2025-05-20,0.9,,,,,,,
JR구좌3,2025-05-21,0.92,,,,,,,
JR구좌3,2025-05-22,0.95,,,,,,,
JR구좌3,2025-05-23,0.97,,,,,,,
JR구좌3,2025-05-24,0.97,,,,,,,
JR구좌3,2025-05-25,0.96,,,,,,,
JR구좌3,2025-05-26,0.93,,,,,,,
JR구좌3,2025-05-27,0.93,,,,,,,
JR구좌3,2025-05-28,0.93,,,,,,,
JR구좌3,2025-05-29,0.93,,,,,,,
JR구좌3,2025-05-30,0.96,,,,,,,
JR구좌3,2025-05-31,0.97,,,,,,,
JR구좌3,2025-06-01,0.98,,,,,,,
JR구좌3,2025-06-02,1.0,,,,,,,
JR구좌3,2025-06-03,1.03,,,,,,,
JR구좌3,2025-06-04,1.03,,,,,,,
JR구좌3,2025-06-05,1.0,,,,,,,
JR구좌3,2025-06-06,0.98,,,,,,,
JR구좌3,2025-06-07,0.98,,,,,,,
JR구좌3,2025-06-08,0.99,,,,,,,
JR구좌3,2025-06-09,1.0,,,,,,,
JR구좌3,2025-06-10,1.01,,,,,,,
JR구좌3,2025-06-11,0.99,,,,,,,
JR구좌3,2025-06-12,0.98,,,,,,,
JR구좌3,2025-06-13,0.98,,,,,,,
JR구좌3,2025-06-14,1.0,,,,,,,
JR구좌3,2025-06-15,1.04,,,,,,,
JR구좌3,2025-06-16,1.08,,,,,,,
JR구좌3,2025-06-17,1.11,,,,,,,
JR구좌3,2025-06-18,1.08,,,,,,,
JR구좌3,2025-06-19,1.05,,,,,,,
JR구좌3,2025-06-20,1.04,,,,,,,
JR구좌3,2025-06-21,1.05,,,,,,,
JR구좌3,2025-06-22,1.07,,,,,,,
JR구좌3,2025-06-23,1.1,,,,,,,
JR구좌3,2025-06-24,1.12,,,,,,,
JR구좌3,2025-06-25,1.14,,,,,,,
JR구좌3,2025-06-26,1.13,,,,,,,
JR구좌3,2025-06-27,1.12,,,,,,,
JR구좌3,2025-06-28,1.13,,,,,,,
JR구좌3,2025-06-29,1.13,,,,,,,
JR구좌3,2025-06-30,1.12,,,,,,,
JR구좌3,2025-07-01,1.1,,,,,,,
JR구좌3,2025-07-02,1.07,,,,,,,
JR구좌3,2025-07-03,1.06,,,,,,,
JR구좌3,2025-07-04,1.05,,,,,,,
JR구좌3,2025-07-05,1.06,,,,,,,
JR구좌3,2025-07-06,1.08,,,,,,,
JR구좌3,2025-07-07,1.09,,,,,,,
JR구좌3,2025-07-08,1.11,,,,,,,
JR구좌3,2025-07-09,1.11,,,,,,,
JR구좌3,2025-07-10,1.11,,,,,,,
JR구좌3,2025-07-11,1.13,,,,,,,
JR구좌3,2025-07-12,1.13,,,,,,,
JR구좌3,2025-07-13,1.12,,,,,,,
JR구좌3,2025-07-14,1.15,,,,,,,
JR구좌3,2025-07-15,1.18,,,,,,,
JR구좌3,2025-07-16,1.18,,,,,,,
JR구좌3,2025-07-17,1.17,,,,,,,
JR구좌3,2025-07-18,1.14,,,,,,,
JR구좌3,2025-07-19,1.11,,,,,,,
JR구좌3,2025-07-20,1.09,,,,,,,
JR구좌3,2025-07-21,1.07,,,,,,,
JR구좌3,2025-07-22,1.05,,,,,,,
JR구좌3,2025-07-23,1.04,,,,,,,
JR구좌3,2025-07-24,1.03,,,,,,,
JR구좌3,2025-07-25,1.06,,,,,,,
JR구좌3,2025-07-26,1.08,,,,,,,
JR구좌3,2025-07-27,1.09,,,,,,,
JR구좌3,2025-07-28,1.09,,,,,,,
JR구좌3,2025-07-29,1.1,,,,,,,
JR구좌3,2025-07-30,1.12,,,,,,,
JR구좌3,2025-07-31,1.14,,,,,,,
JR구좌3,2025-08-01,1.13,,,,,,,
JR구좌3,2025-08-02,1.11,,,,,,,
JR구좌3,2025-08-03,1.1,,,,,,,
JR구좌3,2025-08-04,1.12,,,,,,,
JR구좌3,2025-08-05,1.11,,,,,,,
JR구좌3,2025-08-06,1.09,,,,,,,
JR구좌3,2025-08-07,1.06,,,,,,,
JR구좌3,2025-08-08,1.06,,,,,,,
JR구좌3,2025-08-09,1.07,,,,,,,
JR구좌3,2025-08-10,1.07,,,,,,,
JR구좌3,2025-08-11,1.06,,,,,,,
JR구좌3,2025-08-12,1.05,,,,,,,
JR구좌3,2025-08-13,1.03,,,,,,,
JR구좌3,2025-08-14,0.99,,,,,,,
JR구좌3,2025-08-15,0.96,,,,,,,
JR구좌3,2025-08-16,0.94,,,,,,,
JR구좌3,2025-08-17,0.93,,,,,,,
JR구좌3,2025-08-18,0.94,,,,,,,
JR구좌3,2025-08-19,0.95,,,,,,,
JR구좌3,2025-08-20,0.95,,,,,,,
JR구좌3,2025-08-21,0.97,,,,,,,
JR구좌3,2025-08-22,0.98,,,,,,,
JR구좌3,2025-08-23,0.96,,,,,,,
JR구좌3,2025-08-24,0.95,,,,,,,
JR구좌3,2025-08-25,0.94,,,,,,,
JR구좌3,2025-08-26,0.92,,,,,,,
JR구좌3,2025-08-27,0.91,,,,,,,
JR구좌3,2025-08-28,0.9,,,,,,,
JR구좌3,2025-08-29,0.9,,,,,,,
JR구좌3,2025-08-30,0.89,,,,,,,
JR구좌3,2025-08-31,0.89,,,,,,,
JR구좌3,2025-09-01,0.9,,,,,,,
JR구좌3,2025-09-02,0.93,,,,,,,
JR구좌3,2025-09-03,0.94,,,,,,,
JR구좌3,2025-09-04,0.97,,,,,,,
JR구좌3,2025-09-05,0.97,,,,,,,
JR구좌3,2025-09-06,0.96,,,,,,,
JR구좌3,2025-09-07,0.95,,,,,,,
JR구좌3,2025-09-08,0.95,,,,,,,
JR구좌3,2025-09-09,0.96,,,,,,,
JR구좌3,2025-09-10,0.97,,,,,,,
JR구좌3,2025-09-11,0.97,,,,,,,
JR구좌3,2025-09-12,1.02,,,,,,,
JR구좌3,2025-09-13,1.18,,,,,,,
JR구좌3,2025-09-14,1.21,,,,,,,
JR구좌3,2025-09-15,1.22,,,,,,,
JR구좌3,2025-09-16,1.41,,,,,,,
JR구좌3,2025-09-17,1.46,,,,,,,
JR구좌3,2025-09-18,1.43,,,,,,,
JR구좌3,2025-09-19,1.39,,,,,,,
JR구좌3,2025-09-20,1.34,,,,,,,
JR구좌3,2025-09-21,1.3,,,,,,,
JR구좌3,2025-09-22,1.3,,,,,,,
JR구좌3,2025-09-23,1.27,,,,,,,
JR구좌3,2025-09-24,1.23,,,,,,,
JR구좌3,2025-09-25,1.2,,,,,,,
JR구좌3,2025-09-26,1.17,,,,,,,
JR구좌3,2025-09-27,1.16,,,,,,,
JR구좌3,2025-09-28,1.18,,,,,,,
JR구좌3,2025-09-29,1.23,,,,,,,
JR구좌3,2025-09-30,1.28,,,,,,,
JR구좌3,2025-10-01,1.29,,,,,,,
JR구좌3,2025-10-02,1.27,,,,,,,
JR구좌3,2025-10-03,1.26,,,,,,,
JR구좌3,2025-10-04,1.29,,,,,,,
JR구좌3,2025-10-05,1.33,,,,,,,
JR구좌3,2025-10-06,1.33,,,,,,,
JR구좌3,2025-10-07,1.34,,,,,,,
JR구좌3,2025-10-08,1.32,,,,,,,
JR구좌3,2025-10-09,1.33,,,,,,,
JR구좌3,2025-10-10,1.33,,,,,,,
JR구좌3,2025-10-11,1.32,,,,,,,
JR구좌3,2025-10-12,1.32,,,,,,,
JR구좌3,2025-10-13,1.33,,,,,,,
JR구좌3,2025-10-14,1.33,,,,,,,
JR구좌3,2025-10-15,1.33,,,,,,,
JR구좌3,2025-10-16,1.43,,,,,,,
JR구좌3,2025-10-17,1.49,,,,,,,
JR구좌3,2025-10-18,1.49,,,,,,,
JR구좌3,2025-10-19,1.47,,,,,,,
JR구좌3,2025-10-20,1.43,,,,,,,
JR구좌3,2025-10-21,1.37,,,,,,,
JR구좌3,2025-10-22,1.34,,,,,,,
JR구좌3,2025-10-23,1.34,,,,,,,
JR구좌3,2025-10-24,1.31,,,,,,,
JR구좌3,2025-10-25,1.32,,,,,,,
JR구좌3,2025-10-26,1.32,,,,,,,
JR구좌3,2025-10-27,1.31,,,,,,,
JR구좌3,2025-10-28,1.28,,,,,,,
JR구좌3,2025-10-29,1.24,,,,,,,
JR구좌3,2025-10-30,1.22,,,,,,,
JR구좌3,2025-10-31,1.22,,,,,,,
JR구좌3,2025-11-01,1.21,,,,,,,
JR구좌3,2025-11-02,1.21,,,,,,,
JR구좌3,2025-11-03,1.2,,,,,,,
JR구좌3,2025-11-04,1.18,,,,,,,
JR구좌3,2025-11-05,1.16,,,,,,,
JR구좌3,2025-11-06,1.16,,,,,,,
JR구좌3,2025-11-07,1.16,,,,,,,
JR구좌3,2025-11-08,1.18,,,,,,,
JR구좌3,2025-11-09,1.19,,,,,,,
JR구좌3,2025-11-10,1.16,,,,,,,
JR구좌3,2025-11-11,1.15,,,,,,,
JR구좌3,2025-11-12,1.16,,,,,,,
JR구좌3,2025-11-13,1.16,,,,,,,
JR구좌3,2025-11-14,1.13,,,,,,,
JR구좌3,2025-11-15,1.1,,,,,,,
JR구좌3,2025-11-16,1.09,,,,,,,
JR구좌3,2025-11-17,1.05,,,,,,,
JR구좌3,2025-11-18,0.98,,,,,,,
JR구좌3,2025-11-19,0.97,,,,,,,
JR구좌3,2025-11-20,0.98,,,,,,,
JR구좌3,2025-11-21,0.97,,,,,,,
JR구좌3,2025-11-22,0.96,,,,,,,
JR구좌3,2025-11-23,0.96,,,,,,,
JR구좌3,2025-11-24,0.96,,,,,,,
JR구좌3,2025-11-25,0.97,,,,,,,
JR구좌3,2025-11-26,0.95,,,,,,,
JR구좌3,2025-11-27,0.96,,,,,,,
JR구좌3,2025-11-28,0.93,,,,,,,
JR구좌3,2025-11-29,0.96,,,,,,,
JR구좌3,2025-11-30,0.98,,,,,,,
JR구좌3,2025-12-01,0.97,,,,,,,
JR구좌3,2025-12-02,0.97,,,,,,,
JR구좌3,2025-12-03,0.95,,,,,,,
JR구좌3,2025-12-04,0.91,,,,,,,
JR구좌3,2025-12-05,0.9,,,,,,,
JR구좌3,2025-12-06,0.92,,,,,,,
JR구좌3,2025-12-07,0.93,,,,,,,
JR구좌3,2025-12-08,0.92,,,,,,,
JR구좌3,2025-12-09,0.91,,,,,,,
JR구좌3,2025-12-10,0.91,,,,,,,
JR구좌3,2025-12-11,0.92,,,,,,,
JR구좌3,2025-12-12,0.9,,,,,,,
JR구좌3,2025-12-13,0.91,,,,,,,
JR구좌3,2025-12-14,0.87,,,,,,,
JR구좌3,2025-12-15,0.85,,,,,,,
JR구좌3,2025-12-16,0.87,,,,,,,
JR구좌3,2025-12-17,0.88,,,,,,,
JR구좌3,2025-12-18,0.86,,,,,,,
JR구좌3,2025-12-19,0.88,,,,,,,
JR구좌3,2025-12-20,0.9,,,,,,,
JR구좌3,2025-12-21,0.89,,,,,,,
JR구좌3,2025-12-22,0.89,,,,,,,
JR구좌3,2025-12-23,0.91,,,,,,,
JR구좌3,2025-12-24,0.9,,,,,,,
JR구좌3,2025-12-25,0.88,,,,,,,
JR구좌3,2025-12-26,0.84,,,,,,,
JR구좌3,2025-12-27,0.84,,,,,,,
JR구좌3,2025-12-28,0.86,,,,,,,
JR구좌3,2025-12-29,0.88,,,,,,,
JR구좌3,2025-12-30,0.88,,,,,,,
JR구좌3,2025-12-31,0.87,,,,,,,
JR구좌3,2026-01-01,0.85,S11,103.36,11.48,15.17,237.0,1028.88,12.83
JR구좌3,2026-01-02,0.82,S11,103.39,11.45,15.17,237.0,1028.08,12.7
JR구좌3,2026-01-03,0.8,S11,103.41,11.43,15.17,237.0,1030.75,12.69
JR구좌3,2026-01-04,0.81,S11,103.4,11.44,15.17,238.0,1028.79,12.68
JR구좌3,2026-01-05,0.83,S11,103.38,11.46,15.17,238.0,1025.38,12.74
JR구좌3,2026-01-06,0.83,S11,103.38,11.46,15.17,238.0,1026.92,12.79
JR구좌3,2026-01-07,0.84,S11,103.37,11.47,15.17,239.0,1025.21,12.67
JR구좌3,2026-01-08,0.82,S11,103.39,11.45,15.17,239.0,1029.63,12.78
JR구좌3,2026-01-09,0.8,S11,103.41,11.43,15.17,239.0,1027.21,12.77
JR구좌3,2026-01-10,0.8,S11,103.41,11.43,15.17,239.0,1021.08,12.86
JR구좌3,2026-01-11,0.75,S11,103.46,11.38,15.17,240.0,1027.67,12.75
JR구좌3,2026-01-12,0.75,S11,103.46,11.38,15.17,240.0,1024.71,12.8
JR구좌3,2026-01-13,0.78,S11,103.43,11.41,15.17,240.0,1021.83,12.88
JR구좌3,2026-01-14,0.79,S11,103.42,11.42,15.17,240.0,1026.0,12.89
JR구좌3,2026-01-15,0.81,S11,103.4,11.44,15.17,240.0,1020.42,12.84
JR구좌3,2026-01-16,0.8,S11,103.41,11.43,15.17,241.0,1022.21,12.9
JR구좌3,2026-01-17,0.83,S11,103.38,11.46,15.17,241.0,1023.46,12.88
JR구좌3,2026-01-18,0.84,S11,103.37,11.47,15.17,241.0,1023.38,12.88
JR구좌3,2026-01-19,0.84,S11,103.37,11.47,15.17,241.0,1025.42,12.66
JR구좌3,2026-01-20,0.79,S11,103.42,11.42,15.17,241.0,1027.75,12.8
JR구좌3,2026-01-21,0.77,S11,103.44,11.4,15.17,241.0,1029.71,12.71
JR구좌3,2026-01-22,0.75,S11,103.46,11.38,15.17,241.0,1031.25,12.72
JR구좌3,2026-01-23,0.74,S11,103.47,11.37,15.17,242.0,1030.63,12.72
JR구좌3,2026-01-24,0.76,S11,103.45,11.39,15.17,242.0,1029.08,12.82
JR구좌3,2026-01-25,0.74,S11,103.47,11.37,15.17,242.0,1033.04,12.85
JR구좌3,2026-01-26,0.75,S11,103.46,11.38,15.17,242.0,1029.67,12.76
JR구좌3,2026-01-27,0.74,S11,103.47,11.37,15.17,242.0,1028.83,12.78
JR구좌3,2026-01-28,0.74,S11,103.47,11.37,15.17,242.0,1031.58,12.85
JR구좌3,2026-01-29,0.74,S11,103.47,11.37,15.17,242.0,1033.96,12.82
JR구좌3,2026-01-30,0.73,S11,103.48,11.36,15.17,242.0,1033.63,12.84
JR구좌3,2026-01-31,0.73,S11,103.48,11.36,15.17,242.0,1031.33,12.85
JR구좌3,2026-02-01,0.73,S11,103.48,11.36,15.17,242.0,1030.75,12.79
JR구좌3,2026-02-02,0.74,S11,103.47,11.37,15.17,242.0,1031.21,12.68
JR구좌3,2026-02-03,0.73,S11,103.48,11.36,15.17,242.0,1033.63,12.86
JR구좌3,2026-02-04,0.73,S11,103.48,11.36,15.17,242.0,1027.25,12.85
JR구좌3,2026-02-05,0.77,S11,103.44,11.4,15.17,242.0,1022.46,12.88
JR구좌3,2026-02-06,0.78,S11,103.43,11.41,15.17,242.0,1025.5,12.88
JR구좌3,2026-02-07,0.75,S11,103.46,11.38,15.17,242.0,1027.13,12.62
JR구좌3,2026-02-08,0.69,S11,103.52,11.32,15.17,242.0,1031.83,12.76
JR구좌3,2026-02-09,0.67,S11,103.54,11.3,15.17,242.0,1032.42,12.86
JR구좌3,2026-02-10,0.7,S11,103.51,11.33,15.17,242.0,1025.21,12.63
JR구좌3,2026-02-11,0.72,S11,103.49,11.35,15.17,243.0,1025.67,12.81
JR구좌3,2026-02-12,0.72,S11,103.49,11.35,15.17,243.0,1027.25,12.89
JR구좌3,2026-02-13,0.75,S11,103.46,11.38,15.17,243.0,1024.5,12.92
JR구좌3,2026-02-14,0.79,S11,103.42,11.42,15.17,243.0,1020.67,12.75
JR구좌3,2026-02-15,0.83,S11,103.39,11.46,15.17,243.0,1022.96,12.87
JR구좌3,2026-02-16,0.81,S11,103.4,11.44,15.17,243.0,1026.29,12.87
JR구좌3,2026-02-17,0.78,S11,103.43,11.41,15.17,243.0,1026.67,12.86
JR구좌3,2026-02-18,0.75,S11,103.47,11.38,15.17,243.0,1027.17,12.88
JR구좌3,2026-02-19,0.74,S11,103.47,11.37,15.17,243.0,1028.42,12.88
JR구좌3,2026-02-20,0.75,S11,103.46,11.38,15.17,243.0,1023.96,12.9
JR구좌3,2026-02-21,0.77,S11,103.44,11.4,15.17,243.0,1018.63,12.9
JR구좌3,2026-02-22,0.8,S11,103.41,11.43,15.17,242.0,1016.42,12.92
JR구좌3,2026-02-23,0.78,S11,103.43,11.41,15.17,242.0,1028.17,12.93
JR구좌3,2026-02-24,0.79,S11,103.42,11.42,15.17,242.0,1023.67,12.45
JR구좌3,2026-02-25,0.84,S11,103.37,11.47,15.17,242.0,1024.38,12.65
JR구좌3,2026-02-26,0.88,S11,103.33,11.51,15.17,242.0,1021.75,12.51
JR구좌3,2026-02-27,0.89,S11,103.32,11.52,15.17,242.0,1018.04,12.43
JR구좌3,2026-02-28,0.9,S11,103.31,11.53,15.17,242.0,1024.13,12.79
JR구좌3,2026-03-01,0.9,S11,103.31,11.53,15.17,242.0,1024.67,12.63
JR구좌3,2026-03-02,0.91,S11,103.3,11.54,15.17,242.0,1017.96,12.39
JR구좌3,2026-03-03,0.93,S11,103.29,11.56,15.17,242.0,1023.38,12.72
JR구좌3,2026-03-04,0.9,S11,103.31,11.53,15.17,242.0,1027.63,12.95
JR구좌3,2026-03-05,0.86,S11,103.35,11.49,15.17,242.0,1026.54,12.93
JR구좌3,2026-03-06,0.85,S11,103.36,11.48,15.17,242.0,1025.92,12.86
JR구좌3,2026-03-07,0.82,S11,103.39,11.45,15.17,242.0,1030.96,12.89
JR구좌3,2026-03-08,0.81,S11,103.4,11.44,15.17,242.0,1031.17,12.93
JR구좌3,2026-03-09,0.82,S11,103.39,11.45,15.17,242.0,1031.21,12.94
JR구좌3,2026-03-10,0.81,S11,103.4,11.44,15.17,241.0,1031.0,12.93
JR구좌3,2026-03-11,0.82,S11,103.39,11.45,15.17,241.0,1028.83,12.9
JR구좌3,2026-03-12,0.83,S11,103.38,11.46,15.17,241.0,1028.71,12.93
JR구좌3,2026-03-13,0.85,S11,103.37,11.48,15.17,241.0,1031.96,12.94
JR구좌3,2026-03-14,0.85,S11,103.36,11.48,15.17,241.0,1032.67,12.94
JR구좌3,2026-03-15,0.81,S11,103.4,11.44,15.17,241.0,1029.75,12.95
JR구좌3,2026-03-16,0.79,S11,103.42,11.42,15.17,241.0,1027.29,12.93
JR구좌3,2026-03-17,0.81,S11,103.4,11.44,15.17,241.0,1024.96,12.94
JR구좌3,2026-03-18,0.84,S11,103.37,11.47,15.17,241.0,1018.17,12.66
JR구좌3,2026-03-19,0.84,S11,103.37,11.47,15.17,241.0,1021.92,12.9
JR구좌3,2026-03-20,0.84,S11,103.37,11.47,15.17,241.0,1025.29,12.93
JR구좌3,2026-03-21,0.85,S11,103.36,11.48,15.17,241.0,1027.54,12.95
JR구좌3,2026-03-22,0.85,S11,103.36,11.48,15.17,240.0,1023.5,12.95
JR구좌3,2026-03-23,0.85,S11,103.36,11.48,15.17,240.0,1023.21,12.94
JR구좌3,2026-03-24,0.87,S11,103.34,11.5,15.17,240.0,1021.5,12.93
JR구좌3,2026-03-25,0.9,S11,103.32,11.53,15.17,240.0,1018.42,12.9
JR구좌3,2026-03-26,0.9,S11,103.31,11.53,15.17,240.0,1019.96,12.97
JR구좌3,2026-03-27,0.88,S11,103.33,11.51,15.17,240.0,1019.46,13.0
JR구좌3,2026-03-28,0.88,S11,103.33,11.51,15.17,240.0,1019.88,12.99
JR구좌3,2026-03-29,0.88,S11,103.33,11.51,15.17,240.0,1020.13,12.97
JR구좌3,2026-03-30,0.89,S11,103.32,11.52,15.17,240.0,1014.88,12.57
JR구좌3,2026-03-31,0.91,S11,103.3,11.54,15.17,239.0,1013.08,12.94
JR구좌3,2026-04-01,0.9,S11,103.31,11.53,15.17,239.0,1017.46,12.85
JR구좌3,2026-04-02,0.87,S11,103.34,11.5,15.17,239.0,1021.13,12.97
JR구좌3,2026-04-03,0.84,S11,103.37,11.47,15.17,239.0,1018.58,12.93
JR구좌3,2026-04-04,0.9,S11,103.31,11.53,15.17,239.0,1005.13,12.87
JR구좌3,2026-04-05,0.92,S11,103.29,11.55,15.17,239.0,1014.21,12.99
JR구좌3,2026-04-06,0.95,S11,103.26,11.58,15.17,239.0,1013.63,12.96
JR구좌3,2026-04-07,0.93,S11,103.28,11.56,15.17,239.0,1020.04,12.94
JR구좌3,2026-04-08,0.9,S11,103.31,11.53,15.17,239.0,1023.38,12.95
JR구좌3,2026-04-09,0.9,S11,103.31,11.53,15.17,238.0,1011.21,12.65
JR구좌3,2026-04-10,0.97,S11,103.24,11.6,15.17,238.0,1009.5,12.96
JR구좌3,2026-04-11,0.99,S11,103.22,11.62,15.17,238.0,1017.71,12.95
JR구좌3,2026-04-12,1.0,S11,103.21,11.63,15.17,238.0,1019.33,12.95
JR구좌3,2026-04-13,1.0,S11,103.21,11.63,15.17,238.0,1018.58,12.97
JR구좌3,2026-04-14,1.01,S11,103.2,11.64,15.17,238.0,1016.25,12.5
JR구좌3,2026-04-15,1.02,S11,103.19,11.65,15.17,238.0,1016.42,12.98
JR구좌3,2026-04-16,1.01,S11,103.2,11.64,15.17,238.0,1021.38,13.01
JR구좌3,2026-04-17,1.01,S11,103.2,11.64,15.17,238.0,1017.75,12.85
JR구좌3,2026-04-18,1.0,S11,103.21,11.63,15.17,238.0,1016.71,12.73
JR구좌3,2026-04-19,1.02,S11,103.19,11.65,15.17,238.0,1016.88,12.84
JR구좌3,2026-04-20,1.08,S11,103.13,11.71,15.17,238.0,1017.42,12.85
JR구좌3,2026-04-21,1.07,S11,103.14,11.7,15.17,238.0,1023.0,13.0
JR구좌3,2026-04-22,1.09,S11,103.12,11.72,15.17,238.0,1017.25,12.83
JR구좌3,2026-04-23,1.15,S11,103.06,11.78,15.17,237.0,1013.08,12.87
JR구좌3,2026-04-24,1.21,S11,103.0,11.84,15.17,237.0,1019.71,13.0
JR구좌3,2026-04-25,1.2,S11,103.01,11.83,15.17,237.0,1022.58,13.0
JR구좌3,2026-04-26,1.17,S11,103.04,11.8,15.17,237.0,1018.0,12.94
JR구좌3,2026-04-27,1.15,S11,103.06,11.78,15.17,237.0,1017.08,12.97
JR구좌3,2026-04-28,1.15,S11,103.06,11.78,15.17,237.0,1019.5,12.95
JR구좌3,2026-04-29,1.11,S11,103.1,11.74,15.17,236.0,1023.04,12.98
JR구좌3,2026-04-30,1.11,S11,103.1,11.74,15.17,236.0,1019.46,12.92
JR구좌3,2026-05-01,1.1,S11,103.11,11.73,15.17,236.0,1016.88,13.03
JR구좌3,2026-05-02,1.08,S11,103.14,11.71,15.17,236.0,1017.29,13.02
JR구좌3,2026-05-03,1.12,S11,103.09,11.75,15.17,236.0,1009.08,12.81
JR구좌3,2026-05-04,1.1,S11,103.11,11.73,15.17,236.0,1020.04,13.0
JR구좌3,2026-05-05,1.07,S11,103.14,11.7,15.17,236.0,1022.96,12.95
JR구좌3,2026-05-06,1.05,S11,103.16,11.68,15.17,236.0,1021.21,12.97
JR구좌3,2026-05-07,1.03,S11,103.18,11.66,15.17,236.0,1017.42,13.05
JR구좌3,2026-05-08,1.01,S11,103.21,11.64,15.17,236.0,1020.67,13.05
JR구좌3,2026-05-09,0.97,S11,103.24,11.6,15.17,236.0,1024.21,12.97
JR구좌3,2026-05-10,0.94,S11,103.27,11.57,15.17,236.0,1022.63,12.98
JR구좌3,2026-05-11,0.93,S11,103.28,11.56,15.17,236.0,1019.25,13.05
JR구좌3,2026-05-12,0.94,S11,103.27,11.57,15.17,236.0,1014.46,12.96
JR구좌3,2026-05-13,0.95,S11,103.26,11.58,15.17,236.0,1014.33,13.03
JR구좌3,2026-05-14,0.98,S11,103.23,11.61,15.17,236.0,1018.38,13.02
JR구좌3,2026-05-15,0.99,S11,103.22,11.62,15.17,236.0,1024.79,13.02
JR구좌3,2026-05-16,0.96,S11,103.25,11.59,15.17,236.0,1026.04,13.04
JR구좌3,2026-05-17,0.94,S11,103.27,11.57,15.17,236.0,1024.17,12.99
JR구좌3,2026-05-18,0.95,S11,103.26,11.58,15.17,236.0,1021.42,12.99
JR구좌3,2026-05-19,0.98,S11,103.23,11.61,15.17,236.0,1017.75,12.99
JR구좌3,2026-05-20,1.03,S11,103.18,11.66,15.17,236.0,1011.63,12.82
JR구좌3,2026-05-21,1.07,S11,103.14,11.7,15.17,236.0,1011.0,13.02
JR구좌3,2026-05-22,1.07,S11,103.14,11.7,15.17,236.0,1015.63,12.96
JR구좌3,2026-05-23,1.07,S11,103.14,11.7,15.17,236.0,1015.46,12.88
JR구좌3,2026-05-24,1.04,S11,103.17,11.67,15.17,236.0,1017.54,12.97
JR구좌3,2026-05-25,1.03,S11,103.18,11.66,15.17,236.0,1014.46,12.95
JR구좌3,2026-05-26,1.04,S11,103.17,11.67,15.17,236.0,1009.13,12.93
JR구좌3,2026-05-27,1.09,S11,103.12,11.72,15.17,236.0,1007.21,12.92
JR구좌3,2026-05-28,1.13,S11,103.08,11.76,15.17,236.0,1010.29,13.0
JR구좌3,2026-05-29,1.11,S11,103.1,11.74,15.17,236.0,1013.92,13.03
JR구좌3,2026-05-30,1.09,S11,103.12,11.72,15.17,236.0,1016.42,12.95
JR구좌3,2026-05-31,1.08,S11,103.13,11.71,15.17,236.0,1017.79,12.97
JR구좌3,2026-06-01,1.08,S11,103.13,11.71,15.17,236.0,1018.33,12.91
JR구좌3,2026-06-02,1.21,S11,103.0,11.84,15.17,236.0,1011.08,12.78
JR구좌3,2026-06-03,1.61,S11,102.6,12.24,15.17,236.0,1009.21,13.02
JR구좌3,2026-06-04,1.71,S11,102.5,12.34,15.17,236.0,1007.29,12.95
JR구좌3,2026-06-05,1.7,S11,102.51,12.33,15.17,236.0,1012.79,13.06
JR구좌3,2026-06-06,1.63,S11,102.58,12.26,15.17,236.0,1016.08,13.06
JR구좌3,2026-06-07,1.57,S11,102.64,12.2,15.17,236.0,1012.33,12.95
JR구좌3,2026-06-08,1.5,S11,102.71,12.13,15.17,236.0,1012.75,13.03
JR구좌3,2026-06-09,1.45,S11,102.76,12.08,15.17,236.0,1012.83,13.03
JR구좌3,2026-06-10,1.42,S11,102.79,12.05,15.17,236.0,1014.88,13.03
