관측소명,날짜,EL,센서,GL,Pressure,Temp,EC,Barometa,Battery
JR어음1,2007-12-13,6.05,,,,,,,
JR어음1,2007-12-14,6.05,,,,,,,
JR어음1,2007-12-15,6.04,,,,,,,
JR어음1,2007-12-16,6.01,,,,,,,
JR어음1,2007-12-17,6.0,,,,,,,
JR어음1,2007-12-18,5.97,,,,,,,
JR어음1,2007-12-19,5.95,,,,,,,
JR어음1,2007-12-20,5.93,,,,,,,
JR어음1,2007-12-21,5.94,,,,,,,
JR어음1,2007-12-22,5.97,,,,,,,
JR어음1,2007-12-23,5.97,,,,,,,
JR어음1,2007-12-24,5.96,,,,,,,
JR어음1,2007-12-25,5.96,,,,,,,
JR어음1,2007-12-26,5.96,,,,,,,
JR어음1,2007-12-27,5.96,,,,,,,
JR어음1,2007-12-28,5.98,,,,,,,
JR어음1,2007-12-29,5.97,,,,,,,
JR어음1,2007-12-30,5.95,,,,,,,
JR어음1,2007-12-31,5.91,,,,,,,
JR어음1,2008-01-01,5.87,,,,,,,
JR어음1,2008-01-02,5.83,,,,,,,
JR어음1,2008-01-03,5.8,,,,,,,
JR어음1,2008-01-04,5.77,,,,,,,
JR어음1,2008-01-05,5.75,,,,,,,
JR어음1,2008-01-06,5.74,,,,,,,
JR어음1,2008-01-07,5.73,,,,,,,
JR어음1,2008-01-08,5.72,,,,,,,
JR어음1,2008-01-09,5.71,,,,,,,
JR어음1,2008-01-10,5.69,,,,,,,
JR어음1,2008-01-11,5.7,,,,,,,
JR어음1,2008-01-12,5.67,,,,,,,
JR어음1,2008-01-13,5.64,,,,,,,
JR어음1,2008-01-14,5.61,,,,,,,
JR어음1,2008-01-15,5.57,,,,,,,
JR어음1,2008-01-16,5.54,,,,,,,
JR어음1,2008-01-17,5.51,,,,,,,
JR어음1,2008-01-18,5.49,,,,,,,
JR어음1,2008-01-19,5.48,,,,,,,
JR어음1,2008-01-20,5.49,,,,,,,
JR어음1,2008-01-21,5.5,,,,,,,
JR어음1,2008-01-22,5.54,,,,,,,
JR어음1,2008-01-23,5.57,,,,,,,
JR어음1,2008-01-24,5.55,,,,,,,
JR어음1,2008-01-25,5.53,,,,,,,
JR어음1,2008-01-26,5.51,,,,,,,
JR어음1,2008-01-27,5.49,,,,,,,
JR어음1,2008-01-28,5.49,,,,,,,
JR어음1,2008-01-29,5.48,,,,,,,
JR어음1,2008-01-30,5.45,,,,,,,
JR어음1,2008-01-31,5.42,,,,,,,
JR어음1,2008-02-01,5.4,,,,,,,
JR어음1,2008-02-02,5.39,,,,,,,
JR어음1,2008-02-03,5.37,,,,,,,
JR어음1,2008-02-04,5.35,,,,,,,
JR어음1,2008-02-05,5.34,,,,,,,
JR어음1,2008-02-06,5.33,,,,,,,
JR어음1,2008-02-07,5.32,,,,,,,
JR어음1,2008-02-08,5.3,,,,,,,
JR어음1,2008-02-09,5.29,,,,,,,
JR어음1,2008-02-10,5.28,,,,,,,
JR어음1,2008-02-11,5.26,,,,,,,
JR어음1,2008-02-12,5.23,,,,,,,
JR어음1,2008-02-13,5.19,,,,,,,
JR어음1,2008-02-14,5.15,,,,,,,
JR어음1,2008-02-15,5.11,,,,,,,
JR어음1,2008-02-16,5.09,,,,,,,
JR어음1,2008-02-17,5.06,,,,,,,
JR어음1,2008-02-18,5.04,,,,,,,
JR어음1,2008-02-19,5.02,,,,,,,
JR어음1,2008-02-20,5.01,,,,,,,
JR어음1,2008-02-21,5.01,,,,,,,
JR어음1,2008-02-22,5.03,,,,,,,
JR어음1,2008-02-23,5.01,,,,,,,
JR어음1,2008-02-24,4.98,,,,,,,
JR어음1,2008-02-25,4.98,,,,,,,
JR어음1,2008-02-26,4.97,,,,,,,
JR어음1,2008-02-27,4.93,,,,,,,
JR어음1,2008-02-28,4.91,,,,,,,
JR어음1,2008-02-29,4.91,,,,,,,
JR어음1,2008-03-01,4.86,,,,,,,
JR어음1,2008-03-02,4.86,,,,,,,
JR어음1,2008-03-03,4.85,,,,,,,
JR어음1,2008-03-04,4.82,,,,,,,
JR어음1,2008-03-05,4.79,,,,,,,
JR어음1,2008-03-06,4.78,,,,,,,
JR어음1,2008-03-07,4.76,,,,,,,
JR어음1,2008-03-08,4.75,,,,,,,
JR어음1,2008-03-09,4.76,,,,,,,
JR어음1,2008-03-10,4.76,,,,,,,
JR어음1,2008-03-11,4.75,,,,,,,
JR어음1,2008-03-12,4.75,,,,,,,
JR어음1,2008-03-13,4.74,,,,,,,
JR어음1,2008-03-14,4.71,,,,,,,
JR어음1,2008-03-15,4.69,,,,,,,
JR어음1,2008-03-16,4.66,,,,,,,
JR어음1,2008-03-17,4.65,,,,,,,
JR어음1,2008-03-18,4.65,,,,,,,
JR어음1,2008-03-19,4.66,,,,,,,
JR어음1,2008-03-20,4.66,,,,,,,
JR어음1,2008-03-21,4.66,,,,,,,
JR어음1,2008-03-22,4.66,,,,,,,
JR어음1,2008-03-23,4.66,,,,,,,
JR어음1,2008-03-24,4.63,,,,,,,
JR어음1,2008-03-25,4.62,,,,,,,
JR어음1,2008-03-26,4.59,,,,,,,
JR어음1,2008-03-27,4.58,,,,,,,
JR어음1,2008-03-28,4.55,,,,,,,
JR어음1,2008-03-29,4.52,,,,,,,
JR어음1,2008-03-30,4.52,,,,,,,
JR어음1,2008-03-31,4.51,,,,,,,
JR어음1,2008-04-01,4.48,,,,,,,
JR어음1,2008-04-02,4.46,,,,,,,
JR어음1,2008-04-03,4.45,,,,,,,
JR어음1,2008-04-04,4.44,,,,,,,
JR어음1,2008-04-05,4.43,,,,,,,
JR어음1,2008-04-06,4.45,,,,,,,
JR어음1,2008-04-07,4.46,,,,,,,
JR어음1,2008-04-08,4.46,,,,,,,
JR어음1,2008-04-09,4.5,,,,,,,
JR어음1,2008-04-10,4.49,,,,,,,
JR어음1,2008-04-11,4.47,,,,,,,
JR어음1,2008-04-12,4.43,,,,,,,
JR어음1,2008-04-13,4.4,,,,,,,
JR어음1,2008-04-14,4.36,,,,,,,
JR어음1,2008-04-15,4.34,,,,,,,
JR어음1,2008-04-16,4.33,,,,,,,
JR어음1,2008-04-17,4.32,,,,,,,
JR어음1,2008-04-18,4.3,,,,,,,
JR어음1,2008-04-19,4.29,,,,,,,
JR어음1,2008-04-20,4.28,,,,,,,
JR어음1,2008-04-21,4.28,,,,,,,
JR어음1,2008-04-22,4.26,,,,,,,
JR어음1,2008-04-23,4.25,,,,,,,
JR어음1,2008-04-24,4.24,,,,,,,
JR어음1,2008-04-25,4.23,,,,,,,
JR어음1,2008-04-26,4.21,,,,,,,
JR어음1,2008-04-27,4.18,,,,,,,
JR어음1,2008-04-28,4.16,,,,,,,
JR어음1,2008-04-29,4.14,,,,,,,
JR어음1,2008-04-30,4.11,,,,,,,
JR어음1,2008-05-01,4.1,,,,,,,
JR어음1,2008-05-02,4.09,,,,,,,
JR어음1,2008-05-03,4.09,,,,,,,
JR어음1,2008-05-04,4.11,,,,,,,
JR어음1,2008-05-05,4.12,,,,,,,
JR어음1,2008-05-06,4.12,,,,,,,
JR어음1,2008-05-07,4.12,,,,,,,
JR어음1,2008-05-08,4.11,,,,,,,
JR어음1,2008-05-09,4.11,,,,,,,
JR어음1,2008-05-10,4.11,,,,,,,
JR어음1,2008-05-11,4.09,,,,,,,
JR어음1,2008-05-12,4.05,,,,,,,
JR어음1,2008-05-13,4.01,,,,,,,
JR어음1,2008-05-14,3.96,,,,,,,
JR어음1,2008-05-15,3.93,,,,,,,
JR어음1,2008-05-16,3.92,,,,,,,
JR어음1,2008-05-17,3.92,,,,,,,
JR어음1,2008-05-18,3.94,,,,,,,
JR어음1,2008-05-19,3.96,,,,,,,
JR어음1,2008-05-20,3.96,,,,,,,
JR어음1,2008-05-21,3.94,,,,,,,
JR어음1,2008-05-22,3.93,,,,,,,
JR어음1,2008-05-23,3.93,,,,,,,
JR어음1,2008-05-24,3.94,,,,,,,
JR어음1,2008-05-25,3.92,,,,,,,
JR어음1,2008-05-26,3.89,,,,,,,
JR어음1,2008-05-27,3.88,,,,,,,
JR어음1,2008-05-28,3.92,,,,,,,
JR어음1,2008-05-29,4.03,,,,,,,
JR어음1,2008-05-30,4.07,,,,,,,
JR어음1,2008-05-31,4.05,,,,,,,
JR어음1,2008-06-01,4.04,,,,,,,
JR어음1,2008-06-02,4.05,,,,,,,
JR어음1,2008-06-03,4.05,,,,,,,
JR어음1,2008-06-04,4.06,,,,,,,
JR어음1,2008-06-05,4.06,,,,,,,
JR어음1,2008-06-06,4.04,,,,,,,
JR어음1,2008-06-07,4.02,,,,,,,
JR어음1,2008-06-08,4.0,,,,,,,
JR어음1,2008-06-09,3.97,,,,,,,
JR어음1,2008-06-10,3.95,,,,,,,
JR어음1,2008-06-11,3.93,,,,,,,
JR어음1,2008-06-12,3.92,,,,,,,
JR어음1,2008-06-13,3.89,,,,,,,
JR어음1,2008-06-14,3.87,,,,,,,
JR어음1,2008-06-15,3.91,,,,,,,
JR어음1,2008-06-16,3.94,,,,,,,
JR어음1,2008-06-17,3.94,,,,,,,
JR어음1,2008-06-18,3.97,,,,,,,
JR어음1,2008-06-19,4.04,,,,,,,
JR어음1,2008-06-20,4.11,,,,,,,
JR어음1,2008-06-21,4.25,,,,,,,
JR어음1,2008-06-22,4.48,,,,,,,
JR어음1,2008-06-23,4.51,,,,,,,
JR어음1,2008-06-24,4.49,,,,,,,
JR어음1,2008-06-25,4.46,,,,,,,
JR어음1,2008-06-26,4.41,,,,,,,
JR어음1,2008-06-27,4.37,,,,,,,
JR어음1,2008-06-28,4.4,,,,,,,
JR어음1,2008-06-29,4.49,,,,,,,
JR어음1,2008-06-30,4.5,,,,,,,
JR어음1,2008-07-01,4.52,,,,,,,
JR어음1,2008-07-02,4.55,,,,,,,
JR어음1,2008-07-03,4.59,,,,,,,
JR어음1,2008-07-04,4.62,,,,,,,
JR어음1,2008-07-05,4.63,,,,,,,
JR어음1,2008-07-06,4.61,,,,,,,
JR어음1,2008-07-07,4.58,,,,,,,
JR어음1,2008-07-08,4.54,,,,,,,
JR어음1,2008-07-09,4.5,,,,,,,
JR어음1,2008-07-10,4.46,,,,,,,
JR어음1,2008-07-11,4.43,,,,,,,
JR어음1,2008-07-12,4.42,,,,,,,
JR어음1,2008-07-13,4.42,,,,,,,
JR어음1,2008-07-14,4.42,,,,,,,
JR어음1,2008-07-15,4.41,,,,,,,
JR어음1,2008-07-16,4.42,,,,,,,
JR어음1,2008-07-17,4.42,,,,,,,
JR어음1,2008-07-18,4.43,,,,,,,
JR어음1,2008-07-19,4.44,,,,,,,
JR어음1,2008-07-20,4.46,,,,,,,
JR어음1,2008-07-21,4.45,,,,,,,
JR어음1,2008-07-22,4.44,,,,,,,
JR어음1,2008-07-23,4.43,,,,,,,
JR어음1,2008-07-24,4.43,,,,,,,
JR어음1,2008-07-25,4.43,,,,,,,
JR어음1,2008-07-26,4.42,,,,,,,
JR어음1,2008-07-27,4.4,,,,,,,
JR어음1,2008-07-28,4.39,,,,,,,
JR어음1,2008-07-29,4.4,,,,,,,
JR어음1,2008-07-30,4.41,,,,,,,
JR어음1,2008-07-31,4.42,,,,,,,
JR어음1,2008-08-01,4.42,,,,,,,
JR어음1,2008-08-02,4.43,,,,,,,
JR어음1,2008-08-03,4.43,,,,,,,
JR어음1,2008-08-04,4.43,,,,,,,
JR어음1,2008-08-05,4.43,,,,,,,
JR어음1,2008-08-06,4.41,,,,,,,
JR어음1,2008-08-07,4.39,,,,,,,
JR어음1,2008-08-08,4.37,,,,,,,
JR어음1,2008-08-09,4.35,,,,,,,
JR어음1,2008-08-10,4.35,,,,,,,
JR어음1,2008-08-11,4.37,,,,,,,
JR어음1,2008-08-12,4.37,,,,,,,
JR어음1,2008-08-13,4.37,,,,,,,
JR어음1,2008-08-14,4.38,,,,,,,
JR어음1,2008-08-15,4.4,,,,,,,
JR어음1,2008-08-16,4.42,,,,,,,
JR어음1,2008-08-17,4.43,,,,,,,
JR어음1,2008-08-18,4.42,,,,,,,
JR어음1,2008-08-19,4.4,,,,,,,
JR어음1,2008-08-20,4.38,,,,,,,
JR어음1,2008-08-21,4.38,,,,,,,
JR어음1,2008-08-22,4.4,,,,,,,
JR어음1,2008-08-23,4.39,,,,,,,
JR어음1,2008-08-24,4.37,,,,,,,
JR어음1,2008-08-25,4.35,,,,,,,
JR어음1,2008-08-26,4.35,,,,,,,
JR어음1,2008-08-27,4.34,,,,,,,
JR어음1,2008-08-28,4.32,,,,,,,
JR어음1,2008-08-29,4.31,,,,,,,
JR어음1,2008-08-30,4.31,,,,,,,
JR어음1,2008-08-31,4.33,,,,,,,
JR어음1,2008-09-01,4.34,,,,,,,
JR어음1,2008-09-02,4.32,,,,,,,
JR어음1,2008-09-03,4.3,,,,,,,
JR어음1,2008-09-04,4.28,,,,,,,
JR어음1,2008-09-05,4.24,,,,,,,
JR어음1,2008-09-06,4.2,,,,,,,
JR어음1,2008-09-07,4.17,,,,,,,
JR어음1,2008-09-08,4.13,,,,,,,
JR어음1,2008-09-09,4.11,,,,,,,
JR어음1,2008-09-10,4.09,,,,,,,
JR어음1,2008-09-11,4.09,,,,,,,
JR어음1,2008-09-12,4.12,,,,,,,
JR어음1,2008-10-08,3.69,,,,,,,
JR어음1,2008-10-09,3.68,,,,,,,
JR어음1,2008-10-10,3.67,,,,,,,
JR어음1,2008-10-11,3.64,,,,,,,
JR어음1,2008-10-12,3.63,,,,,,,
JR어음1,2008-10-13,3.62,,,,,,,
JR어음1,2008-10-14,3.62,,,,,,,
JR어음1,2008-10-15,3.61,,,,,,,
JR어음1,2008-10-16,3.62,,,,,,,
JR어음1,2008-10-17,3.61,,,,,,,
JR어음1,2008-10-18,3.61,,,,,,,
JR어음1,2008-10-19,3.6,,,,,,,
JR어음1,2008-10-20,3.6,,,,,,,
JR어음1,2008-10-21,3.59,,,,,,,
JR어음1,2008-10-22,3.61,,,,,,,
JR어음1,2008-10-23,3.63,,,,,,,
JR어음1,2008-10-24,3.6,,,,,,,
JR어음1,2008-10-25,3.58,,,,,,,
JR어음1,2008-10-26,3.56,,,,,,,
JR어음1,2008-10-27,3.55,,,,,,,
JR어음1,2008-10-28,3.54,,,,,,,
JR어음1,2008-10-29,3.53,,,,,,,
JR어음1,2008-10-30,3.52,,,,,,,
JR어음1,2008-10-31,3.52,,,,,,,
JR어음1,2008-11-01,3.5,,,,,,,
JR어음1,2008-11-02,3.49,,,,,,,
JR어음1,2008-11-03,3.47,,,,,,,
JR어음1,2008-11-04,3.44,,,,,,,
JR어음1,2008-11-05,3.42,,,,,,,
JR어음1,2008-11-06,3.41,,,,,,,
JR어음1,2008-11-07,3.4,,,,,,,
JR어음1,2008-11-08,3.41,,,,,,,
JR어음1,2008-11-09,3.42,,,,,,,
JR어음1,2008-11-10,3.41,,,,,,,
JR어음1,2008-11-11,3.43,,,,,,,
JR어음1,2008-11-12,3.44,,,,,,,
JR어음1,2008-11-13,3.44,,,,,,,
JR어음1,2008-11-14,3.44,,,,,,,
JR어음1,2008-11-15,3.45,,,,,,,
JR어음1,2008-11-16,3.44,,,,,,,
JR어음1,2008-11-17,3.43,,,,,,,
JR어음1,2008-11-18,3.4,,,,,,,
JR어음1,2008-11-19,3.36,,,,,,,
JR어음1,2008-11-20,3.32,,,,,,,
JR어음1,2008-11-21,3.28,,,,,,,
JR어음1,2008-11-22,3.26,,,,,,,
JR어음1,2008-11-23,3.24,,,,,,,
JR어음1,2008-11-24,3.26,,,,,,,
JR어음1,2008-11-25,3.27,,,,,,,
JR어음1,2008-11-26,3.26,,,,,,,
JR어음1,2008-11-27,3.27,,,,,,,
JR어음1,2008-11-28,3.26,,,,,,,
JR어음1,2008-11-29,3.26,,,,,,,
JR어음1,2008-11-30,3.24,,,,,,,
JR어음1,2008-12-01,3.24,,,,,,,
JR어음1,2008-12-02,3.23,,,,,,,
JR어음1,2008-12-03,3.21,,,,,,,
JR어음1,2008-12-04,3.21,,,,,,,
JR어음1,2008-12-05,3.17,,,,,,,
JR어음1,2008-12-06,3.14,,,,,,,
JR어음1,2008-12-07,3.13,,,,,,,
JR어음1,2008-12-08,3.13,,,,,,,
JR어음1,2008-12-09,3.13,,,,,,,
JR어음1,2008-12-10,3.14,,,,,,,
JR어음1,2008-12-11,3.15,,,,,,,
JR어음1,2008-12-12,3.15,,,,,,,
JR어음1,2008-12-13,3.16,,,,,,,
JR어음1,2008-12-14,3.16,,,,,,,
JR어음1,2008-12-15,3.15,,,,,,,
JR어음1,2008-12-16,3.14,,,,,,,
JR어음1,2008-12-17,3.14,,,,,,,
JR어음1,2008-12-18,3.1,,,,,,,
JR어음1,2008-12-19,3.07,,,,,,,
JR어음1,2008-12-20,3.06,,,,,,,
JR어음1,2008-12-21,3.04,,,,,,,
JR어음1,2008-12-22,3.0,,,,,,,
JR어음1,2008-12-23,2.98,,,,,,,
JR어음1,2008-12-24,2.98,,,,,,,
JR어음1,2008-12-25,2.96,,,,,,,
JR어음1,2008-12-26,2.95,,,,,,,
JR어음1,2008-12-27,2.95,,,,,,,
JR어음1,2008-12-28,2.95,,,,,,,
JR어음1,2008-12-29,2.95,,,,,,,
JR어음1,2008-12-30,2.95,,,,,,,
JR어음1,2008-12-31,2.93,,,,,,,
JR어음1,2009-01-01,2.92,,,,,,,
JR어음1,2009-01-02,2.9,,,,,,,
JR어음1,2009-01-03,2.89,,,,,,,
JR어음1,2009-01-04,2.88,,,,,,,
JR어음1,2009-01-05,2.86,,,,,,,
JR어음1,2009-01-06,2.86,,,,,,,
JR어음1,2009-01-07,2.85,,,,,,,
JR어음1,2009-01-08,2.86,,,,,,,
JR어음1,2009-01-09,2.87,,,,,,,
JR어음1,2009-01-10,2.87,,,,,,,
JR어음1,2009-01-11,2.89,,,,,,,
JR어음1,2009-01-12,2.89,,,,,,,
JR어음1,2009-01-13,2.88,,,,,,,
JR어음1,2009-01-14,2.86,,,,,,,
JR어음1,2009-01-15,2.82,,,,,,,
JR어음1,2009-01-16,2.79,,,,,,,
JR어음1,2009-01-17,2.76,,,,,,,
JR어음1,2009-01-18,2.75,,,,,,,
JR어음1,2009-01-19,2.72,,,,,,,
JR어음1,2009-01-20,2.71,,,,,,,
JR어음1,2009-01-21,2.71,,,,,,,
JR어음1,2009-01-22,2.71,,,,,,,
JR어음1,2009-01-23,2.69,,,,,,,
JR어음1,2009-01-24,2.66,,,,,,,
JR어음1,2009-01-25,2.65,,,,,,,
JR어음1,2009-01-26,2.65,,,,,,,
JR어음1,2009-01-27,2.65,,,,,,,
JR어음1,2009-01-28,2.66,,,,,,,
JR어음1,2009-01-29,2.67,,,,,,,
JR어음1,2009-01-30,2.69,,,,,,,
JR어음1,2009-01-31,2.69,,,,,,,
JR어음1,2009-02-01,2.68,,,,,,,
JR어음1,2009-02-02,2.65,,,,,,,
JR어음1,2009-02-03,2.63,,,,,,,
JR어음1,2009-02-04,2.63,,,,,,,
JR어음1,2009-02-05,2.61,,,,,,,
JR어음1,2009-02-06,2.6,,,,,,,
JR어음1,2009-02-07,2.6,,,,,,,
JR어음1,2009-02-08,2.6,,,,,,,
JR어음1,2009-02-09,2.62,,,,,,,
JR어음1,2009-02-10,2.63,,,,,,,
JR어음1,2009-02-11,2.65,,,,,,,
JR어음1,2009-02-12,2.67,,,,,,,
JR어음1,2009-02-13,2.7,,,,,,,
JR어음1,2009-02-14,2.66,,,,,,,
JR어음1,2009-02-15,2.64,,,,,,,
JR어음1,2009-02-16,2.58,,,,,,,
JR어음1,2009-02-17,2.53,,,,,,,
JR어음1,2009-02-18,2.49,,,,,,,
JR어음1,2009-02-19,2.51,,,,,,,
JR어음1,2009-02-20,2.53,,,,,,,
JR어음1,2009-02-21,2.53,,,,,,,
JR어음1,2009-02-22,2.58,,,,,,,
JR어음1,2009-02-23,2.68,,,,,,,
JR어음1,2009-02-24,2.72,,,,,,,
JR어음1,2009-02-25,2.73,,,,,,,
JR어음1,2009-02-26,2.74,,,,,,,
JR어음1,2009-02-27,2.74,,,,,,,
JR어음1,2009-02-28,2.73,,,,,,,
JR어음1,2009-03-01,2.69,,,,,,,
JR어음1,2009-03-02,2.66,,,,,,,
JR어음1,2009-03-03,2.64,,,,,,,
JR어음1,2009-03-04,2.61,,,,,,,
JR어음1,2009-03-05,2.62,,,,,,,
JR어음1,2009-03-06,2.61,,,,,,,
JR어음1,2009-03-07,2.59,,,,,,,
JR어음1,2009-03-08,2.59,,,,,,,
JR어음1,2009-03-09,2.58,,,,,,,
JR어음1,2009-03-10,2.58,,,,,,,
JR어음1,2009-03-11,2.58,,,,,,,
JR어음1,2009-03-12,2.6,,,,,,,
JR어음1,2009-03-13,2.65,,,,,,,
JR어음1,2009-03-14,2.63,,,,,,,
JR어음1,2009-03-15,2.62,,,,,,,
JR어음1,2009-03-16,2.6,,,,,,,
JR어음1,2009-03-17,2.58,,,,,,,
JR어음1,2009-03-18,2.57,,,,,,,
JR어음1,2009-03-19,2.57,,,,,,,
JR어음1,2009-03-20,2.54,,,,,,,
JR어음1,2009-03-21,2.56,,,,,,,
JR어음1,2009-03-22,2.56,,,,,,,
JR어음1,2009-03-23,2.55,,,,,,,
JR어음1,2009-03-24,2.55,,,,,,,
JR어음1,2009-03-25,2.55,,,,,,,
JR어음1,2009-03-26,2.54,,,,,,,
JR어음1,2009-03-27,2.54,,,,,,,
JR어음1,2009-03-28,2.56,,,,,,,
JR어음1,2009-03-29,2.56,,,,,,,
JR어음1,2009-03-30,2.57,,,,,,,
JR어음1,2009-03-31,2.55,,,,,,,
JR어음1,2009-04-01,2.51,,,,,,,
JR어음1,2009-04-02,2.48,,,,,,,
JR어음1,2009-04-03,2.47,,,,,,,
JR어음1,2009-04-04,2.47,,,,,,,
JR어음1,2009-04-05,2.46,,,,,,,
JR어음1,2009-04-06,2.46,,,,,,,
JR어음1,2009-04-07,2.46,,,,,,,
JR어음1,2009-04-08,2.48,,,,,,,
JR어음1,2009-04-09,2.48,,,,,,,
JR어음1,2009-04-10,2.48,,,,,,,
JR어음1,2009-04-11,2.48,,,,,,,
JR어음1,2009-04-12,2.49,,,,,,,
JR어음1,2009-04-13,2.51,,,,,,,
JR어음1,2009-04-14,2.55,,,,,,,
JR어음1,2009-04-15,2.57,,,,,,,
JR어음1,2009-04-16,2.55,,,,,,,
JR어음1,2009-04-17,2.52,,,,,,,
JR어음1,2009-04-18,2.49,,,,,,,
JR어음1,2009-04-19,2.48,,,,,,,
JR어음1,2009-04-20,2.53,,,,,,,
JR어음1,2009-04-21,2.55,,,,,,,
JR어음1,2009-04-22,2.55,,,,,,,
JR어음1,2009-04-23,2.56,,,,,,,
JR어음1,2009-04-24,2.6,,,,,,,
JR어음1,2009-04-25,2.66,,,,,,,
JR어음1,2009-04-26,2.69,,,,,,,
JR어음1,2009-04-27,2.69,,,,,,,
JR어음1,2009-04-28,2.68,,,,,,,
JR어음1,2009-04-29,2.66,,,,,,,
JR어음1,2009-04-30,2.63,,,,,,,
JR어음1,2009-05-01,2.6,,,,,,,
JR어음1,2009-05-02,2.58,,,,,,,
JR어음1,2009-05-03,2.56,,,,,,,
JR어음1,2009-05-04,2.54,,,,,,,
JR어음1,2009-05-05,2.53,,,,,,,
JR어음1,2009-05-06,2.53,,,,,,,
JR어음1,2009-05-07,2.55,,,,,,,
JR어음1,2009-05-08,2.55,,,,,,,
JR어음1,2009-05-09,2.56,,,,,,,
JR어음1,2009-05-10,2.56,,,,,,,
JR어음1,2009-05-11,2.57,,,,,,,
JR어음1,2009-05-12,2.58,,,,,,,
JR어음1,2009-05-13,2.57,,,,,,,
JR어음1,2009-05-14,2.55,,,,,,,
JR어음1,2009-05-15,2.55,,,,,,,
JR어음1,2009-05-16,2.56,,,,,,,
JR어음1,2009-05-17,2.55,,,,,,,
JR어음1,2009-05-18,2.53,,,,,,,
JR어음1,2009-05-19,2.52,,,,,,,
JR어음1,2009-05-20,2.53,,,,,,,
JR어음1,2009-05-21,2.6,,,,,,,
JR어음1,2009-05-22,2.68,,,,,,,
JR어음1,2009-05-23,2.72,,,,,,,
JR어음1,2009-05-24,2.74,,,,,,,
JR어음1,2009-05-25,2.74,,,,,,,
JR어음1,2009-05-26,2.75,,,,,,,
JR어음1,2009-05-27,2.75,,,,,,,
JR어음1,2009-05-28,2.75,,,,,,,
JR어음1,2009-05-29,2.75,,,,,,,
JR어음1,2009-05-30,2.74,,,,,,,
JR어음1,2009-05-31,2.71,,,,,,,
JR어음1,2009-06-01,2.7,,,,,,,
JR어음1,2009-06-02,2.69,,,,,,,
JR어음1,2009-06-03,2.71,,,,,,,
JR어음1,2009-06-04,2.71,,,,,,,
JR어음1,2009-06-05,2.72,,,,,,,
JR어음1,2009-06-06,2.72,,,,,,,
JR어음1,2009-06-07,2.72,,,,,,,
JR어음1,2009-06-08,2.72,,,,,,,
JR어음1,2009-06-09,2.72,,,,,,,
JR어음1,2009-06-10,2.75,,,,,,,
JR어음1,2009-06-11,2.75,,,,,,,
JR어음1,2009-06-12,2.75,,,,,,,
JR어음1,2009-06-13,2.74,,,,,,,
JR어음1,2009-06-14,2.72,,,,,,,
JR어음1,2009-06-15,2.69,,,,,,,
JR어음1,2009-06-16,2.66,,,,,,,
JR어음1,2009-06-17,2.64,,,,,,,
JR어음1,2009-06-18,2.63,,,,,,,
JR어음1,2009-06-19,2.64,,,,,,,
JR어음1,2009-06-20,2.67,,,,,,,
JR어음1,2009-06-21,2.77,,,,,,,
JR어음1,2009-06-22,2.86,,,,,,,
JR어음1,2009-06-23,2.95,,,,,,,
JR어음1,2009-06-24,2.98,,,,,,,
JR어음1,2009-06-25,2.97,,,,,,,
JR어음1,2009-06-26,2.94,,,,,,,
JR어음1,2009-06-27,2.93,,,,,,,
JR어음1,2009-06-28,2.9,,,,,,,
JR어음1,2009-06-29,2.89,,,,,,,
JR어음1,2009-06-30,2.9,,,,,,,
JR어음1,2009-07-01,3.05,,,,,,,
JR어음1,2009-07-02,3.1,,,,,,,
JR어음1,2009-07-03,3.08,,,,,,,
JR어음1,2009-07-04,3.05,,,,,,,
JR어음1,2009-07-05,3.04,,,,,,,
JR어음1,2009-07-06,3.02,,,,,,,
JR어음1,2009-07-07,3.04,,,,,,,
JR어음1,2009-07-08,3.06,,,,,,,
JR어음1,2009-07-09,3.07,,,,,,,
JR어음1,2009-07-10,3.05,,,,,,,
JR어음1,2009-07-11,3.04,,,,,,,
JR어음1,2009-07-12,3.03,,,,,,,
JR어음1,2009-07-13,2.99,,,,,,,
JR어음1,2009-07-14,2.97,,,,,,,
JR어음1,2009-07-15,2.95,,,,,,,
JR어음1,2009-07-16,2.93,,,,,,,
JR어음1,2009-07-17,2.92,,,,,,,
JR어음1,2009-07-18,2.92,,,,,,,
JR어음1,2009-07-19,2.92,,,,,,,
JR어음1,2009-07-20,2.93,,,,,,,
JR어음1,2009-07-21,2.96,,,,,,,
JR어음1,2009-07-22,2.98,,,,,,,
JR어음1,2009-07-23,3.01,,,,,,,
JR어음1,2009-07-24,3.07,,,,,,,
JR어음1,2009-07-25,3.14,,,,,,,
JR어음1,2009-07-26,3.16,,,,,,,
JR어음1,2009-07-27,3.14,,,,,,,
JR어음1,2009-07-28,3.13,,,,,,,
JR어음1,2009-07-29,3.23,,,,,,,
JR어음1,2009-07-30,3.26,,,,,,,
JR어음1,2009-07-31,3.25,,,,,,,
JR어음1,2009-08-01,3.23,,,,,,,
JR어음1,2009-08-02,3.22,,,,,,,
JR어음1,2009-08-03,3.22,,,,,,,
JR어음1,2009-08-04,3.21,,,,,,,
JR어음1,2009-08-05,3.2,,,,,,,
JR어음1,2009-08-06,3.2,,,,,,,
JR어음1,2009-08-07,3.19,,,,,,,
JR어음1,2009-08-08,3.17,,,,,,,
JR어음1,2009-08-09,3.18,,,,,,,
JR어음1,2009-08-10,3.19,,,,,,,
JR어음1,2009-08-11,3.2,,,,,,,
JR어음1,2009-08-12,3.19,,,,,,,
JR어음1,2009-08-13,3.16,,,,,,,
JR어음1,2009-08-14,3.15,,,,,,,
JR어음1,2009-08-15,3.17,,,,,,,
JR어음1,2009-08-16,3.18,,,,,,,
JR어음1,2009-08-17,3.17,,,,,,,
JR어음1,2009-08-18,3.16,,,,,,,
JR어음1,2009-08-19,3.16,,,,,,,
JR어음1,2009-08-20,3.18,,,,,,,
JR어음1,2009-08-21,3.19,,,,,,,
JR어음1,2009-08-22,3.19,,,,,,,
JR어음1,2009-08-23,3.19,,,,,,,
JR어음1,2009-08-24,3.18,,,,,,,
JR어음1,2009-08-25,3.16,,,,,,,
JR어음1,2009-08-26,3.14,,,,,,,
JR어음1,2009-08-27,3.15,,,,,,,
JR어음1,2009-08-28,3.22,,,,,,,
JR어음1,2009-08-29,3.23,,,,,,,
JR어음1,2009-08-30,3.24,,,,,,,
JR어음1,2009-08-31,3.26,,,,,,,
JR어음1,2009-09-01,3.31,,,,,,,
JR어음1,2009-09-02,3.33,,,,,,,
JR어음1,2009-09-03,3.33,,,,,,,
JR어음1,2009-09-04,3.32,,,,,,,
JR어음1,2009-09-05,3.31,,,,,,,
JR어음1,2009-09-06,3.31,,,,,,,
JR어음1,2009-09-07,3.31,,,,,,,
JR어음1,2009-09-08,3.3,,,,,,,
JR어음1,2009-09-09,3.28,,,,,,,
JR어음1,2009-09-10,3.25,,,,,,,
JR어음1,2009-09-11,3.24,,,,,,,
JR어음1,2009-09-12,3.25,,,,,,,
JR어음1,2009-09-13,3.26,,,,,,,
JR어음1,2009-09-14,3.27,,,,,,,
JR어음1,2009-09-15,3.27,,,,,,,
JR어음1,2009-09-16,3.25,,,,,,,
JR어음1,2009-09-17,3.24,,,,,,,
JR어음1,2009-09-18,3.24,,,,,,,
JR어음1,2009-09-19,3.25,,,,,,,
JR어음1,2009-09-20,3.27,,,,,,,
JR어음1,2009-09-21,3.28,,,,,,,
JR어음1,2009-09-22,3.27,,,,,,,
JR어음1,2009-09-23,3.26,,,,,,,
JR어음1,2009-09-24,3.24,,,,,,,
JR어음1,2009-09-25,3.24,,,,,,,
JR어음1,2009-09-26,3.28,,,,,,,
JR어음1,2009-09-27,3.32,,,,,,,
JR어음1,2009-09-28,3.31,,,,,,,
JR어음1,2009-09-29,3.29,,,,,,,
JR어음1,2009-09-30,3.3,,,,,,,
JR어음1,2009-10-01,3.33,,,,,,,
JR어음1,2009-10-02,3.57,,,,,,,
JR어음1,2009-10-03,3.72,,,,,,,
JR어음1,2009-10-04,3.72,,,,,,,
JR어음1,2009-10-05,3.69,,,,,,,
JR어음1,2009-10-06,3.66,,,,,,,
JR어음1,2009-10-07,3.67,,,,,,,
JR어음1,2009-10-08,3.67,,,,,,,
JR어음1,2009-10-09,3.62,,,,,,,
JR어음1,2009-10-10,3.57,,,,,,,
JR어음1,2009-10-11,3.53,,,,,,,
JR어음1,2009-10-12,3.49,,,,,,,
JR어음1,2009-10-13,3.46,,,,,,,
JR어음1,2009-10-14,3.44,,,,,,,
JR어음1,2009-10-15,3.43,,,,,,,
JR어음1,2009-10-16,3.43,,,,,,,
JR어음1,2009-10-17,3.45,,,,,,,
JR어음1,2009-10-18,3.44,,,,,,,
JR어음1,2009-10-19,3.43,,,,,,,
JR어음1,2009-10-20,3.39,,,,,,,
JR어음1,2009-10-21,3.36,,,,,,,
JR어음1,2009-10-22,3.34,,,,,,,
JR어음1,2009-10-23,3.31,,,,,,,
JR어음1,2009-10-24,3.3,,,,,,,
JR어음1,2009-10-25,3.31,,,,,,,
JR어음1,2009-10-26,3.3,,,,,,,
JR어음1,2009-10-27,3.27,,,,,,,
JR어음1,2009-10-28,3.25,,,,,,,
JR어음1,2009-10-29,3.26,,,,,,,
JR어음1,2009-10-30,3.26,,,,,,,
JR어음1,2009-10-31,3.27,,,,,,,
JR어음1,2009-11-01,3.26,,,,,,,
JR어음1,2009-11-02,3.25,,,,,,,
JR어음1,2009-11-03,3.23,,,,,,,
JR어음1,2009-11-04,3.21,,,,,,,
JR어음1,2009-11-05,3.22,,,,,,,
JR어음1,2009-11-06,3.23,,,,,,,
JR어음1,2009-11-07,3.25,,,,,,,
JR어음1,2009-11-08,3.28,,,,,,,
JR어음1,2009-11-09,3.31,,,,,,,
JR어음1,2009-11-10,3.35,,,,,,,
JR어음1,2009-11-11,3.4,,,,,,,
JR어음1,2009-11-12,3.44,,,,,,,
JR어음1,2009-11-13,3.43,,,,,,,
JR어음1,2009-11-14,3.4,,,,,,,
JR어음1,2009-11-15,3.39,,,,,,,
JR어음1,2009-11-16,3.38,,,,,,,
JR어음1,2009-11-17,3.38,,,,,,,
JR어음1,2009-11-18,3.35,,,,,,,
JR어음1,2009-11-19,3.33,,,,,,,
JR어음1,2009-11-20,3.3,,,,,,,
JR어음1,2009-11-21,3.27,,,,,,,
JR어음1,2009-11-22,3.26,,,,,,,
JR어음1,2009-11-23,3.24,,,,,,,
JR어음1,2009-11-24,3.24,,,,,,,
JR어음1,2009-11-25,3.23,,,,,,,
JR어음1,2009-11-26,3.2,,,,,,,
JR어음1,2009-11-27,3.19,,,,,,,
JR어음1,2009-11-28,3.18,,,,,,,
JR어음1,2009-11-29,3.19,,,,,,,
JR어음1,2009-11-30,3.19,,,,,,,
JR어음1,2009-12-01,3.18,,,,,,,
JR어음1,2009-12-02,3.2,,,,,,,
JR어음1,2009-12-03,3.22,,,,,,,
JR어음1,2009-12-04,3.23,,,,,,,
JR어음1,2009-12-05,3.24,,,,,,,
JR어음1,2009-12-06,3.22,,,,,,,
JR어음1,2009-12-07,3.19,,,,,,,
JR어음1,2009-12-08,3.17,,,,,,,
JR어음1,2009-12-09,3.16,,,,,,,
JR어음1,2009-12-10,3.16,,,,,,,
JR어음1,2009-12-11,3.14,,,,,,,
JR어음1,2009-12-12,3.12,,,,,,,
JR어음1,2009-12-13,3.11,,,,,,,
JR어음1,2009-12-14,3.09,,,,,,,
JR어음1,2009-12-15,3.09,,,,,,,
JR어음1,2009-12-16,3.08,,,,,,,
JR어음1,2009-12-17,3.07,,,,,,,
JR어음1,2009-12-18,3.06,,,,,,,
JR어음1,2009-12-19,3.04,,,,,,,
JR어음1,2009-12-20,3.04,,,,,,,
JR어음1,2009-12-21,3.01,,,,,,,
JR어음1,2009-12-22,3.01,,,,,,,
JR어음1,2009-12-23,3.0,,,,,,,
JR어음1,2009-12-24,2.98,,,,,,,
JR어음1,2009-12-25,2.97,,,,,,,
JR어음1,2009-12-26,2.95,,,,,,,
JR어음1,2009-12-27,2.94,,,,,,,
JR어음1,2009-12-28,2.94,,,,,,,
JR어음1,2009-12-29,2.95,,,,,,,
JR어음1,2009-12-30,2.96,,,,,,,
JR어음1,2009-12-31,2.94,,,,,,,
JR어음1,2010-01-01,2.94,,,,,,,
JR어음1,2010-01-02,2.95,,,,,,,
JR어음1,2010-01-03,2.95,,,,,,,
JR어음1,2010-01-04,2.96,,,,,,,
JR어음1,2010-01-05,2.92,,,,,,,
JR어음1,2010-01-06,2.89,,,,,,,
JR어음1,2010-01-07,2.87,,,,,,,
JR어음1,2010-01-08,2.85,,,,,,,
JR어음1,2010-01-09,2.83,,,,,,,
JR어음1,2010-01-10,2.8,,,,,,,
JR어음1,2010-01-11,2.79,,,,,,,
JR어음1,2010-01-12,2.8,,,,,,,
JR어음1,2010-01-13,2.78,,,,,,,
JR어음1,2010-01-14,2.78,,,,,,,
JR어음1,2010-01-15,2.78,,,,,,,
JR어음1,2010-01-16,2.77,,,,,,,
JR어음1,2010-01-17,2.75,,,,,,,
JR어음1,2010-01-18,2.73,,,,,,,
JR어음1,2010-01-19,2.73,,,,,,,
JR어음1,2010-01-20,2.74,,,,,,,
JR어음1,2010-01-21,2.72,,,,,,,
JR어음1,2010-01-22,2.68,,,,,,,
JR어음1,2010-01-23,2.65,,,,,,,
JR어음1,2010-01-24,2.64,,,,,,,
JR어음1,2010-01-25,2.63,,,,,,,
JR어음1,2010-01-26,2.62,,,,,,,
JR어음1,2010-01-27,2.64,,,,,,,
JR어음1,2010-01-28,2.65,,,,,,,
JR어음1,2010-01-29,2.66,,,,,,,
JR어음1,2010-01-30,2.69,,,,,,,
JR어음1,2010-01-31,2.74,,,,,,,
JR어음1,2010-02-01,2.77,,,,,,,
JR어음1,2010-02-02,2.78,,,,,,,
JR어음1,2010-02-03,2.76,,,,,,,
JR어음1,2010-02-04,2.73,,,,,,,
JR어음1,2010-02-05,2.69,,,,,,,
JR어음1,2010-02-06,2.64,,,,,,,
JR어음1,2010-02-07,2.64,,,,,,,
JR어음1,2010-02-08,2.64,,,,,,,
JR어음1,2010-02-09,2.65,,,,,,,
JR어음1,2010-02-10,2.65,,,,,,,
JR어음1,2010-02-11,2.67,,,,,,,
JR어음1,2010-02-12,2.7,,,,,,,
JR어음1,2010-02-13,2.71,,,,,,,
JR어음1,2010-02-14,2.7,,,,,,,
JR어음1,2010-02-15,2.7,,,,,,,
JR어음1,2010-02-16,2.69,,,,,,,
JR어음1,2010-02-17,2.68,,,,,,,
JR어음1,2010-02-18,2.66,,,,,,,
JR어음1,2010-02-19,2.64,,,,,,,
JR어음1,2010-02-20,2.62,,,,,,,
JR어음1,2010-02-21,2.61,,,,,,,
JR어음1,2010-02-22,2.61,,,,,,,
JR어음1,2010-02-23,2.6,,,,,,,
JR어음1,2010-02-24,2.61,,,,,,,
JR어음1,2010-02-25,2.63,,,,,,,
JR어음1,2010-02-26,2.67,,,,,,,
JR어음1,2010-02-27,2.7,,,,,,,
JR어음1,2010-02-28,2.72,,,,,,,
JR어음1,2010-03-01,2.75,,,,,,,
JR어음1,2010-03-02,2.77,,,,,,,
JR어음1,2010-03-03,2.77,,,,,,,
JR어음1,2010-03-04,2.79,,,,,,,
JR어음1,2010-03-05,2.75,,,,,,,
JR어음1,2010-03-06,2.74,,,,,,,
JR어음1,2010-03-07,2.78,,,,,,,
JR어음1,2010-03-08,2.8,,,,,,,
JR어음1,2010-03-09,2.78,,,,,,,
JR어음1,2010-03-10,2.73,,,,,,,
JR어음1,2010-03-11,2.68,,,,,,,
JR어음1,2010-03-12,2.69,,,,,,,
JR어음1,2010-03-13,2.67,,,,,,,
JR어음1,2010-03-14,2.66,,,,,,,
JR어음1,2010-03-15,2.68,,,,,,,
JR어음1,2010-03-16,2.66,,,,,,,
JR어음1,2010-03-17,2.65,,,,,,,
JR어음1,2010-03-18,2.66,,,,,,,
JR어음1,2010-03-19,2.66,,,,,,,
JR어음1,2010-03-20,2.67,,,,,,,
JR어음1,2010-03-21,2.63,,,,,,,
JR어음1,2010-03-22,2.64,,,,,,,
JR어음1,2010-03-23,2.65,,,,,,,
JR어음1,2010-03-24,2.69,,,,,,,
JR어음1,2010-03-25,2.72,,,,,,,
JR어음1,2010-03-26,2.69,,,,,,,
JR어음1,2010-03-27,2.68,,,,,,,
JR어음1,2010-03-28,2.68,,,,,,,
JR어음1,2010-03-29,2.68,,,,,,,
JR어음1,2010-03-30,2.69,,,,,,,
JR어음1,2010-03-31,2.74,,,,,,,
JR어음1,2010-04-01,2.83,,,,,,,
JR어음1,2010-04-02,3.06,,,,,,,
JR어음1,2010-04-03,3.11,,,,,,,
JR어음1,2010-04-04,3.11,,,,,,,
JR어음1,2010-04-05,3.09,,,,,,,
JR어음1,2010-04-06,3.05,,,,,,,
JR어음1,2010-04-07,3.01,,,,,,,
JR어음1,2010-04-08,3.0,,,,,,,
JR어음1,2010-04-09,2.99,,,,,,,
JR어음1,2010-04-10,2.98,,,,,,,
JR어음1,2010-04-11,2.99,,,,,,,
JR어음1,2010-04-12,3.04,,,,,,,
JR어음1,2010-04-13,3.04,,,,,,,
JR어음1,2010-04-14,3.03,,,,,,,
JR어음1,2010-04-15,3.02,,,,,,,
JR어음1,2010-04-16,3.02,,,,,,,
JR어음1,2010-04-17,3.02,,,,,,,
JR어음1,2010-04-18,3.02,,,,,,,
JR어음1,2010-04-19,3.06,,,,,,,
JR어음1,2010-04-20,3.19,,,,,,,
JR어음1,2010-04-21,3.25,,,,,,,
JR어음1,2010-04-22,3.32,,,,,,,
JR어음1,2010-04-23,3.36,,,,,,,
JR어음1,2010-04-24,3.33,,,,,,,
JR어음1,2010-04-25,3.31,,,,,,,
JR어음1,2010-04-26,3.33,,,,,,,
JR어음1,2010-04-27,3.34,,,,,,,
JR어음1,2010-04-28,3.36,,,,,,,
JR어음1,2010-04-29,3.36,,,,,,,
JR어음1,2010-04-30,3.35,,,,,,,
JR어음1,2010-05-01,3.34,,,,,,,
JR어음1,2010-05-02,3.33,,,,,,,
JR어음1,2010-05-03,3.31,,,,,,,
JR어음1,2010-05-04,3.3,,,,,,,
JR어음1,2010-05-05,3.3,,,,,,,
JR어음1,2010-05-06,3.31,,,,,,,
JR어음1,2010-05-07,3.29,,,,,,,
JR어음1,2010-05-08,3.28,,,,,,,
JR어음1,2010-05-09,3.28,,,,,,,
JR어음1,2010-05-10,3.29,,,,,,,
JR어음1,2010-05-11,3.28,,,,,,,
JR어음1,2010-05-12,3.28,,,,,,,
JR어음1,2010-05-13,3.28,,,,,,,
JR어음1,2010-05-14,3.29,,,,,,,
JR어음1,2010-05-15,3.3,,,,,,,
JR어음1,2010-05-16,3.29,,,,,,,
JR어음1,2010-05-17,3.32,,,,,,,
JR어음1,2010-05-18,3.35,,,,,,,
JR어음1,2010-05-19,3.34,,,,,,,
JR어음1,2010-05-20,3.36,,,,,,,
JR어음1,2010-05-21,3.37,,,,,,,
JR어음1,2010-05-22,3.4,,,,,,,
JR어음1,2010-05-23,3.42,,,,,,,
JR어음1,2010-05-24,3.44,,,,,,,
JR어음1,2010-05-25,3.44,,,,,,,
JR어음1,2010-05-26,3.44,,,,,,,
JR어음1,2010-05-27,3.44,,,,,,,
JR어음1,2010-05-28,3.45,,,,,,,
JR어음1,2010-05-29,3.44,,,,,,,
JR어음1,2010-05-30,3.44,,,,,,,
JR어음1,2010-05-31,3.44,,,,,,,
JR어음1,2010-06-01,3.43,,,,,,,
JR어음1,2010-06-02,3.4,,,,,,,
JR어음1,2010-06-03,3.38,,,,,,,
JR어음1,2010-06-04,3.36,,,,,,,
JR어음1,2010-06-05,3.34,,,,,,,
JR어음1,2010-06-06,3.33,,,,,,,
JR어음1,2010-06-07,3.33,,,,,,,
JR어음1,2010-06-08,3.33,,,,,,,
JR어음1,2010-06-09,3.33,,,,,,,
JR어음1,2010-06-10,3.35,,,,,,,
JR어음1,2010-06-11,3.38,,,,,,,
JR어음1,2010-06-12,3.42,,,,,,,
JR어음1,2010-06-13,3.47,,,,,,,
JR어음1,2010-06-14,3.51,,,,,,,
JR어음1,2010-06-15,3.51,,,,,,,
JR어음1,2010-06-16,3.48,,,,,,,
JR어음1,2010-06-17,3.48,,,,,,,
JR어음1,2010-06-18,3.48,,,,,,,
JR어음1,2010-06-19,3.46,,,,,,,
JR어음1,2010-06-20,3.44,,,,,,,
JR어음1,2010-06-21,3.41,,,,,,,
JR어음1,2010-06-22,3.39,,,,,,,
JR어음1,2010-06-23,3.38,,,,,,,
JR어음1,2010-06-24,3.37,,,,,,,
JR어음1,2010-06-25,3.39,,,,,,,
JR어음1,2010-06-26,3.42,,,,,,,
JR어음1,2010-06-27,3.43,,,,,,,
JR어음1,2010-06-28,3.54,,,,,,,
JR어음1,2010-06-29,3.69,,,,,,,
JR어음1,2010-06-30,3.88,,,,,,,
JR어음1,2010-07-01,3.91,,,,,,,
JR어음1,2010-07-02,3.9,,,,,,,
JR어음1,2010-07-03,3.89,,,,,,,
JR어음1,2010-07-04,3.88,,,,,,,
JR어음1,2010-07-05,3.87,,,,,,,
JR어음1,2010-07-06,3.84,,,,,,,
JR어음1,2010-07-07,3.81,,,,,,,
JR어음1,2010-07-08,3.79,,,,,,,
JR어음1,2010-07-09,3.77,,,,,,,
JR어음1,2010-07-10,3.77,,,,,,,
JR어음1,2010-07-11,3.79,,,,,,,
JR어음1,2010-07-12,3.81,,,,,,,
JR어음1,2010-07-13,3.84,,,,,,,
JR어음1,2010-07-14,4.41,,,,,,,
JR어음1,2010-07-15,4.65,,,,,,,
JR어음1,2010-07-16,4.65,,,,,,,
JR어음1,2010-07-17,4.57,,,,,,,
JR어음1,2010-07-18,4.54,,,,,,,
JR어음1,2010-07-19,4.49,,,,,,,
JR어음1,2010-07-20,4.44,,,,,,,
JR어음1,2010-07-21,4.39,,,,,,,
JR어음1,2010-07-22,4.35,,,,,,,
JR어음1,2010-07-23,4.33,,,,,,,
JR어음1,2010-07-24,4.3,,,,,,,
JR어음1,2010-07-25,4.29,,,,,,,
JR어음1,2010-07-26,4.28,,,,,,,
JR어음1,2010-07-27,4.3,,,,,,,
JR어음1,2010-07-28,4.34,,,,,,,
JR어음1,2010-07-29,4.34,,,,,,,
JR어음1,2010-07-30,4.34,,,,,,,
JR어음1,2010-07-31,4.34,,,,,,,
JR어음1,2010-08-01,4.32,,,,,,,
JR어음1,2010-08-02,4.31,,,,,,,
JR어음1,2010-08-03,4.3,,,,,,,
JR어음1,2010-08-04,4.29,,,,,,,
JR어음1,2010-08-05,4.28,,,,,,,
JR어음1,2010-08-06,4.28,,,,,,,
JR어음1,2010-08-07,4.28,,,,,,,
JR어음1,2010-08-08,4.29,,,,,,,
JR어음1,2010-08-09,4.32,,,,,,,
JR어음1,2010-08-10,4.33,,,,,,,
JR어음1,2010-08-11,4.44,,,,,,,
JR어음1,2010-08-12,4.47,,,,,,,
JR어음1,2010-08-13,4.5,,,,,,,
JR어음1,2010-08-14,4.49,,,,,,,
JR어음1,2010-08-15,4.5,,,,,,,
JR어음1,2010-08-16,4.48,,,,,,,
JR어음1,2010-08-17,4.46,,,,,,,
JR어음1,2010-08-18,4.44,,,,,,,
JR어음1,2010-08-19,4.43,,,,,,,
JR어음1,2010-08-20,4.41,,,,,,,
JR어음1,2010-08-21,4.42,,,,,,,
JR어음1,2010-08-22,4.41,,,,,,,
JR어음1,2010-08-23,4.42,,,,,,,
JR어음1,2010-08-24,4.43,,,,,,,
JR어음1,2010-08-25,4.45,,,,,,,
JR어음1,2010-08-26,4.46,,,,,,,
JR어음1,2010-08-27,4.5,,,,,,,
JR어음1,2010-08-28,4.72,,,,,,,
JR어음1,2010-08-29,4.93,,,,,,,
JR어음1,2010-08-30,5.22,,,,,,,
JR어음1,2010-08-31,5.45,,,,,,,
JR어음1,2010-09-01,5.48,,,,,,,
JR어음1,2010-09-02,5.63,,,,,,,
JR어음1,2010-09-03,5.85,,,,,,,
JR어음1,2010-09-04,5.86,,,,,,,
JR어음1,2010-09-05,5.85,,,,,,,
JR어음1,2010-09-06,5.87,,,,,,,
JR어음1,2010-09-07,5.86,,,,,,,
JR어음1,2010-09-08,5.84,,,,,,,
JR어음1,2010-09-09,5.83,,,,,,,
JR어음1,2010-09-10,5.82,,,,,,,
JR어음1,2010-09-11,5.79,,,,,,,
JR어음1,2010-09-12,5.77,,,,,,,
JR어음1,2010-09-13,5.76,,,,,,,
JR어음1,2010-09-14,5.73,,,,,,,
JR어음1,2010-09-15,5.73,,,,,,,
JR어음1,2010-09-16,5.73,,,,,,,
JR어음1,2010-09-17,5.71,,,,,,,
JR어음1,2010-09-18,5.69,,,,,,,
JR어음1,2010-09-19,5.7,,,,,,,
JR어음1,2010-09-20,5.7,,,,,,,
JR어음1,2010-09-21,5.71,,,,,,,
JR어음1,2010-09-22,5.75,,,,,,,
JR어음1,2010-09-23,5.76,,,,,,,
JR어음1,2010-09-24,5.76,,,,,,,
JR어음1,2010-09-25,5.78,,,,,,,
JR어음1,2010-09-26,5.82,,,,,,,
JR어음1,2010-09-27,5.87,,,,,,,
JR어음1,2010-09-28,5.89,,,,,,,
JR어음1,2010-09-29,5.9,,,,,,,
JR어음1,2010-09-30,5.9,,,,,,,
JR어음1,2010-10-01,5.9,,,,,,,
JR어음1,2010-10-02,5.94,,,,,,,
JR어음1,2010-10-03,5.97,,,,,,,
JR어음1,2010-10-04,6.0,,,,,,,
JR어음1,2010-10-05,6.02,,,,,,,
JR어음1,2010-10-06,6.03,,,,,,,
JR어음1,2010-10-07,6.07,,,,,,,
JR어음1,2010-10-08,6.1,,,,,,,
JR어음1,2010-10-09,6.13,,,,,,,
JR어음1,2010-10-10,6.14,,,,,,,
JR어음1,2010-10-11,6.14,,,,,,,
JR어음1,2010-10-12,6.14,,,,,,,
JR어음1,2010-10-13,6.13,,,,,,,
JR어음1,2010-10-14,6.11,,,,,,,
JR어음1,2010-10-15,6.08,,,,,,,
JR어음1,2010-10-16,6.05,,,,,,,
JR어음1,2010-10-17,6.03,,,,,,,
JR어음1,2010-10-18,6.01,,,,,,,
JR어음1,2010-10-19,6.01,,,,,,,
JR어음1,2010-10-20,6.02,,,,,,,
JR어음1,2010-10-21,6.03,,,,,,,
JR어음1,2010-10-22,6.05,,,,,,,
JR어음1,2010-10-23,6.09,,,,,,,
JR어음1,2010-10-24,6.11,,,,,,,
JR어음1,2010-10-25,6.13,,,,,,,
JR어음1,2010-10-26,6.11,,,,,,,
JR어음1,2010-10-27,6.1,,,,,,,
JR어음1,2010-10-28,6.1,,,,,,,
JR어음1,2010-10-29,6.07,,,,,,,
JR어음1,2010-10-30,6.05,,,,,,,
JR어음1,2010-10-31,6.02,,,,,,,
JR어음1,2010-11-01,6.0,,,,,,,
JR어음1,2010-11-02,5.97,,,,,,,
JR어음1,2010-11-03,5.95,,,,,,,
JR어음1,2010-11-04,5.95,,,,,,,
JR어음1,2010-11-05,5.95,,,,,,,
JR어음1,2010-11-06,5.95,,,,,,,
JR어음1,2010-11-07,5.95,,,,,,,
JR어음1,2010-11-08,5.95,,,,,,,
JR어음1,2010-11-09,5.93,,,,,,,
JR어음1,2010-11-10,5.91,,,,,,,
JR어음1,2010-11-11,5.9,,,,,,,
JR어음1,2010-11-12,5.87,,,,,,,
JR어음1,2010-11-13,5.84,,,,,,,
JR어음1,2010-11-14,5.82,,,,,,,
JR어음1,2010-11-15,5.79,,,,,,,
JR어음1,2010-11-16,5.77,,,,,,,
JR어음1,2010-11-17,5.75,,,,,,,
JR어음1,2010-11-18,5.74,,,,,,,
JR어음1,2010-11-19,5.74,,,,,,,
JR어음1,2010-11-20,5.74,,,,,,,
JR어음1,2010-11-21,5.74,,,,,,,
JR어음1,2010-11-22,5.75,,,,,,,
JR어음1,2010-11-23,5.74,,,,,,,
JR어음1,2010-11-24,5.74,,,,,,,
JR어음1,2010-11-25,5.73,,,,,,,
JR어음1,2010-11-26,5.71,,,,,,,
JR어음1,2010-11-27,5.69,,,,,,,
JR어음1,2010-11-28,5.65,,,,,,,
JR어음1,2010-11-29,5.64,,,,,,,
JR어음1,2010-11-30,5.6,,,,,,,
JR어음1,2010-12-01,5.58,,,,,,,
JR어음1,2010-12-02,5.59,,,,,,,
JR어음1,2010-12-03,5.58,,,,,,,
JR어음1,2010-12-04,5.56,,,,,,,
JR어음1,2010-12-05,5.56,,,,,,,
JR어음1,2010-12-06,5.55,,,,,,,
JR어음1,2010-12-07,5.53,,,,,,,
JR어음1,2010-12-08,5.52,,,,,,,
JR어음1,2010-12-09,5.49,,,,,,,
JR어음1,2010-12-10,5.49,,,,,,,
JR어음1,2010-12-11,5.44,,,,,,,
JR어음1,2010-12-12,5.42,,,,,,,
JR어음1,2010-12-13,5.44,,,,,,,
JR어음1,2010-12-14,5.41,,,,,,,
JR어음1,2010-12-15,5.38,,,,,,,
JR어음1,2010-12-16,5.36,,,,,,,
JR어음1,2010-12-17,5.35,,,,,,,
JR어음1,2010-12-18,5.33,,,,,,,
JR어음1,2010-12-19,5.32,,,,,,,
JR어음1,2010-12-20,5.31,,,,,,,
JR어음1,2010-12-21,5.31,,,,,,,
JR어음1,2010-12-22,5.29,,,,,,,
JR어음1,2010-12-23,5.27,,,,,,,
JR어음1,2010-12-24,5.24,,,,,,,
JR어음1,2010-12-25,5.23,,,,,,,
JR어음1,2010-12-26,5.21,,,,,,,
JR어음1,2010-12-27,5.18,,,,,,,
JR어음1,2010-12-28,5.17,,,,,,,
JR어음1,2010-12-29,5.13,,,,,,,
JR어음1,2010-12-30,5.12,,,,,,,
JR어음1,2010-12-31,5.09,,,,,,,
JR어음1,2011-01-01,5.06,,,,,,,
JR어음1,2011-01-02,5.04,,,,,,,
JR어음1,2011-01-03,5.04,,,,,,,
JR어음1,2011-01-04,5.04,,,,,,,
JR어음1,2011-01-05,5.01,,,,,,,
JR어음1,2011-01-06,4.99,,,,,,,
JR어음1,2011-01-07,4.98,,,,,,,
JR어음1,2011-01-08,4.95,,,,,,,
JR어음1,2011-01-09,4.93,,,,,,,
JR어음1,2011-01-10,4.9,,,,,,,
JR어음1,2011-01-11,4.88,,,,,,,
JR어음1,2011-01-12,4.85,,,,,,,
JR어음1,2011-01-13,4.81,,,,,,,
JR어음1,2011-01-14,4.79,,,,,,,
JR어음1,2011-01-15,4.78,,,,,,,
JR어음1,2011-01-16,4.73,,,,,,,
JR어음1,2011-01-17,4.7,,,,,,,
JR어음1,2011-01-18,4.7,,,,,,,
JR어음1,2011-01-19,4.69,,,,,,,
JR어음1,2011-01-20,4.68,,,,,,,
JR어음1,2011-01-21,4.68,,,,,,,
JR어음1,2011-01-22,4.66,,,,,,,
JR어음1,2011-01-23,4.66,,,,,,,
JR어음1,2011-01-24,4.64,,,,,,,
JR어음1,2011-01-25,4.6,,,,,,,
JR어음1,2011-01-26,4.56,,,,,,,
JR어음1,2011-01-27,4.53,,,,,,,
JR어음1,2011-01-28,4.5,,,,,,,
JR어음1,2011-01-29,4.46,,,,,,,
JR어음1,2011-01-30,4.44,,,,,,,
JR어음1,2011-01-31,4.41,,,,,,,
JR어음1,2011-02-01,4.4,,,,,,,
JR어음1,2011-02-02,4.39,,,,,,,
JR어음1,2011-02-03,4.39,,,,,,,
JR어음1,2011-02-04,4.38,,,,,,,
JR어음1,2011-02-05,4.37,,,,,,,
JR어음1,2011-02-06,4.37,,,,,,,
JR어음1,2011-02-07,4.35,,,,,,,
JR어음1,2011-02-08,4.35,,,,,,,
JR어음1,2011-02-09,4.32,,,,,,,
JR어음1,2011-02-10,4.3,,,,,,,
JR어음1,2011-02-11,4.28,,,,,,,
JR어음1,2011-02-12,4.24,,,,,,,
JR어음1,2011-02-13,4.21,,,,,,,
JR어음1,2011-02-14,4.19,,,,,,,
JR어음1,2011-02-15,4.17,,,,,,,
JR어음1,2011-02-16,4.17,,,,,,,
JR어음1,2011-02-17,4.19,,,,,,,
JR어음1,2011-02-18,4.19,,,,,,,
JR어음1,2011-02-19,4.2,,,,,,,
JR어음1,2011-02-20,4.2,,,,,,,
JR어음1,2011-02-21,4.19,,,,,,,
JR어음1,2011-02-22,4.17,,,,,,,
JR어음1,2011-02-23,4.14,,,,,,,
JR어음1,2011-02-24,4.1,,,,,,,
JR어음1,2011-02-25,4.05,,,,,,,
JR어음1,2011-02-26,4.03,,,,,,,
JR어음1,2011-02-27,4.03,,,,,,,
JR어음1,2011-02-28,4.01,,,,,,,
JR어음1,2011-03-01,3.99,,,,,,,
JR어음1,2011-03-02,3.96,,,,,,,
JR어음1,2011-03-03,3.94,,,,,,,
JR어음1,2011-03-04,3.92,,,,,,,
JR어음1,2011-03-05,3.91,,,,,,,
JR어음1,2011-03-06,3.9,,,,,,,
JR어음1,2011-03-07,3.89,,,,,,,
JR어음1,2011-03-08,3.87,,,,,,,
JR어음1,2011-03-09,3.83,,,,,,,
JR어음1,2011-03-10,3.8,,,,,,,
JR어음1,2011-03-11,3.77,,,,,,,
JR어음1,2011-03-12,3.75,,,,,,,
JR어음1,2011-03-13,3.74,,,,,,,
JR어음1,2011-03-14,3.72,,,,,,,
JR어음1,2011-03-15,3.69,,,,,,,
JR어음1,2011-03-16,3.66,,,,,,,
JR어음1,2011-03-17,3.64,,,,,,,
JR어음1,2011-03-18,3.64,,,,,,,
JR어음1,2011-03-19,3.66,,,,,,,
JR어음1,2011-03-20,3.69,,,,,,,
JR어음1,2011-03-21,3.7,,,,,,,
JR어음1,2011-03-22,3.7,,,,,,,
JR어음1,2011-03-23,3.68,,,,,,,
JR어음1,2011-03-24,3.65,,,,,,,
JR어음1,2011-03-25,3.61,,,,,,,
JR어음1,2011-03-26,3.57,,,,,,,
JR어음1,2011-03-27,3.54,,,,,,,
JR어음1,2011-03-28,3.51,,,,,,,
JR어음1,2011-03-29,3.48,,,,,,,
JR어음1,2011-03-30,3.45,,,,,,,
JR어음1,2011-03-31,3.44,,,,,,,
JR어음1,2011-04-01,3.43,,,,,,,
JR어음1,2011-04-02,3.42,,,,,,,
JR어음1,2011-04-03,3.43,,,,,,,
JR어음1,2011-04-04,3.44,,,,,,,
JR어음1,2011-04-05,3.44,,,,,,,
JR어음1,2011-04-06,3.42,,,,,,,
JR어음1,2011-04-07,3.41,,,,,,,
JR어음1,2011-04-08,3.43,,,,,,,
JR어음1,2011-04-09,3.45,,,,,,,
JR어음1,2011-04-10,3.44,,,,,,,
JR어음1,2011-04-11,3.41,,,,,,,
JR어음1,2011-04-12,3.38,,,,,,,
JR어음1,2011-04-13,3.36,,,,,,,
JR어음1,2011-04-14,3.35,,,,,,,
JR어음1,2011-04-15,3.36,,,,,,,
JR어음1,2011-04-16,3.37,,,,,,,
JR어음1,2011-04-17,3.39,,,,,,,
JR어음1,2011-04-18,3.41,,,,,,,
JR어음1,2011-04-19,3.39,,,,,,,
JR어음1,2011-04-20,3.37,,,,,,,
JR어음1,2011-04-21,3.36,,,,,,,
JR어음1,2011-04-22,3.36,,,,,,,
JR어음1,2011-04-23,3.34,,,,,,,
JR어음1,2011-04-24,3.31,,,,,,,
JR어음1,2011-04-25,3.27,,,,,,,
JR어음1,2011-04-26,3.27,,,,,,,
JR어음1,2011-04-27,3.25,,,,,,,
JR어음1,2011-04-28,3.22,,,,,,,
JR어음1,2011-04-29,3.2,,,,,,,
JR어음1,2011-04-30,3.21,,,,,,,
JR어음1,2011-05-01,3.2,,,,,,,
JR어음1,2011-05-02,3.19,,,,,,,
JR어음1,2011-05-03,3.18,,,,,,,
JR어음1,2011-05-04,3.18,,,,,,,
JR어음1,2011-05-05,3.17,,,,,,,
JR어음1,2011-05-06,3.18,,,,,,,
JR어음1,2011-05-07,3.17,,,,,,,
JR어음1,2011-05-08,3.16,,,,,,,
JR어음1,2011-05-09,3.15,,,,,,,
JR어음1,2011-05-10,3.16,,,,,,,
JR어음1,2011-05-11,3.19,,,,,,,
JR어음1,2011-05-12,3.23,,,,,,,
JR어음1,2011-05-13,3.21,,,,,,,
JR어음1,2011-05-14,3.19,,,,,,,
JR어음1,2011-05-15,3.18,,,,,,,
JR어음1,2011-05-16,3.18,,,,,,,
JR어음1,2011-05-17,3.17,,,,,,,
JR어음1,2011-05-18,3.17,,,,,,,
JR어음1,2011-05-19,3.17,,,,,,,
JR어음1,2011-05-20,3.17,,,,,,,
JR어음1,2011-05-21,3.15,,,,,,,
JR어음1,2011-05-22,3.12,,,,,,,
JR어음1,2011-05-23,3.11,,,,,,,
JR어음1,2011-05-24,3.12,,,,,,,
JR어음1,2011-05-25,3.09,,,,,,,
JR어음1,2011-05-26,3.07,,,,,,,
JR어음1,2011-05-27,3.04,,,,,,,
JR어음1,2011-05-28,3.03,,,,,,,
JR어음1,2011-05-29,3.03,,,,,,,
JR어음1,2011-05-30,3.03,,,,,,,
JR어음1,2011-05-31,3.04,,,,,,,
JR어음1,2011-06-01,3.06,,,,,,,
JR어음1,2011-06-02,3.06,,,,,,,
JR어음1,2011-06-03,3.05,,,,,,,
JR어음1,2011-06-04,3.05,,,,,,,
JR어음1,2011-06-05,3.05,,,,,,,
JR어음1,2011-06-06,3.05,,,,,,,
JR어음1,2011-06-07,3.06,,,,,,,
JR어음1,2011-06-08,3.04,,,,,,,
JR어음1,2011-06-09,3.03,,,,,,,
JR어음1,2011-06-10,3.02,,,,,,,
JR어음1,2011-06-11,3.09,,,,,,,
JR어음1,2011-06-12,3.15,,,,,,,
JR어음1,2011-06-13,3.16,,,,,,,
JR어음1,2011-06-14,3.15,,,,,,,
JR어음1,2011-06-15,3.16,,,,,,,
JR어음1,2011-06-16,3.19,,,,,,,
JR어음1,2011-06-17,3.23,,,,,,,
JR어음1,2011-06-18,3.24,,,,,,,
JR어음1,2011-06-19,3.23,,,,,,,
JR어음1,2011-06-20,3.21,,,,,,,
JR어음1,2011-06-21,3.18,,,,,,,
JR어음1,2011-06-22,3.34,,,,,,,
JR어음1,2011-06-23,3.48,,,,,,,
JR어음1,2011-06-24,3.49,,,,,,,
JR어음1,2011-06-25,3.49,,,,,,,
JR어음1,2011-06-26,3.52,,,,,,,
JR어음1,2011-06-27,3.53,,,,,,,
JR어음1,2011-06-28,3.52,,,,,,,
JR어음1,2011-06-29,3.55,,,,,,,
JR어음1,2011-06-30,3.57,,,,,,,
JR어음1,2011-07-01,3.6,,,,,,,
JR어음1,2011-07-02,3.62,,,,,,,
JR어음1,2011-07-03,3.63,,,,,,,
JR어음1,2011-07-04,3.62,,,,,,,
JR어음1,2011-07-05,3.6,,,,,,,
JR어음1,2011-07-06,3.61,,,,,,,
JR어음1,2011-07-07,3.68,,,,,,,
JR어음1,2011-07-08,3.67,,,,,,,
JR어음1,2011-07-09,3.63,,,,,,,
JR어음1,2011-07-10,3.6,,,,,,,
JR어음1,2011-07-11,3.58,,,,,,,
JR어음1,2011-07-12,3.56,,,,,,,
JR어음1,2011-07-13,3.56,,,,,,,
JR어음1,2011-07-14,3.56,,,,,,,
JR어음1,2011-07-15,3.56,,,,,,,
JR어음1,2011-07-16,3.57,,,,,,,
JR어음1,2011-07-17,3.56,,,,,,,
JR어음1,2011-07-18,3.58,,,,,,,
JR어음1,2011-07-19,3.62,,,,,,,
JR어음1,2011-07-20,3.62,,,,,,,
JR어음1,2011-07-21,3.61,,,,,,,
JR어음1,2011-07-22,3.59,,,,,,,
JR어음1,2011-07-23,3.56,,,,,,,
JR어음1,2011-07-24,3.54,,,,,,,
JR어음1,2011-07-25,3.53,,,,,,,
JR어음1,2011-07-26,3.54,,,,,,,
JR어음1,2011-07-27,3.55,,,,,,,
JR어음1,2011-07-28,3.55,,,,,,,
JR어음1,2011-07-29,3.55,,,,,,,
JR어음1,2011-07-30,3.57,,,,,,,
JR어음1,2011-07-31,3.61,,,,,,,
JR어음1,2011-08-01,3.63,,,,,,,
JR어음1,2011-08-02,3.65,,,,,,,
JR어음1,2011-08-03,3.67,,,,,,,
JR어음1,2011-08-04,3.69,,,,,,,
JR어음1,2011-08-05,3.69,,,,,,,
JR어음1,2011-08-06,3.7,,,,,,,
JR어음1,2011-08-07,3.84,,,,,,,
JR어음1,2011-08-08,4.1,,,,,,,
JR어음1,2011-08-09,4.22,,,,,,,
JR어음1,2011-08-10,4.22,,,,,,,
JR어음1,2011-08-11,4.22,,,,,,,
JR어음1,2011-08-12,4.21,,,,,,,
JR어음1,2011-08-13,4.22,,,,,,,
JR어음1,2011-08-14,4.22,,,,,,,
JR어음1,2011-08-15,4.21,,,,,,,
JR어음1,2011-08-16,4.19,,,,,,,
JR어음1,2011-08-17,4.17,,,,,,,
JR어음1,2011-08-18,4.15,,,,,,,
JR어음1,2011-08-19,4.13,,,,,,,
JR어음1,2011-08-20,4.12,,,,,,,
JR어음1,2011-08-21,4.13,,,,,,,
JR어음1,2011-08-22,4.13,,,,,,,
JR어음1,2011-08-23,4.17,,,,,,,
JR어음1,2011-08-24,4.2,,,,,,,
JR어음1,2011-08-25,4.23,,,,,,,
JR어음1,2011-08-26,4.24,,,,,,,
JR어음1,2011-08-27,4.28,,,,,,,
JR어음1,2011-08-28,4.32,,,,,,,
JR어음1,2011-08-29,4.36,,,,,,,
JR어음1,2011-08-30,4.38,,,,,,,
JR어음1,2011-08-31,4.39,,,,,,,
JR어음1,2011-09-01,4.39,,,,,,,
JR어음1,2011-09-02,4.39,,,,,,,
JR어음1,2011-09-03,4.39,,,,,,,
JR어음1,2011-09-04,4.38,,,,,,,
JR어음1,2011-09-05,4.36,,,,,,,
JR어음1,2011-09-06,4.35,,,,,,,
JR어음1,2011-09-07,4.33,,,,,,,
JR어음1,2011-09-08,4.33,,,,,,,
JR어음1,2011-09-09,4.34,,,,,,,
JR어음1,2011-09-10,4.36,,,,,,,
JR어음1,2011-09-11,4.39,,,,,,,
JR어음1,2011-09-12,4.4,,,,,,,
JR어음1,2011-09-13,4.41,,,,,,,
JR어음1,2011-09-14,4.41,,,,,,,
JR어음1,2011-09-15,4.42,,,,,,,
JR어음1,2011-09-16,4.42,,,,,,,
JR어음1,2011-09-17,4.42,,,,,,,
JR어음1,2011-09-18,4.42,,,,,,,
JR어음1,2011-09-19,4.44,,,,,,,
JR어음1,2011-09-20,4.45,,,,,,,
JR어음1,2011-09-21,4.43,,,,,,,
JR어음1,2011-09-22,4.39,,,,,,,
JR어음1,2011-09-23,4.38,,,,,,,
JR어음1,2011-09-24,4.38,,,,,,,
JR어음1,2011-09-25,4.38,,,,,,,
JR어음1,2011-09-26,4.39,,,,,,,
JR어음1,2011-09-27,4.41,,,,,,,
JR어음1,2011-09-28,4.44,,,,,,,
JR어음1,2011-09-29,4.46,,,,,,,
JR어음1,2011-09-30,4.45,,,,,,,
JR어음1,2011-10-01,4.42,,,,,,,
JR어음1,2011-10-02,4.41,,,,,,,
JR어음1,2011-10-03,4.38,,,,,,,
JR어음1,2011-10-04,4.36,,,,,,,
JR어음1,2011-10-05,4.35,,,,,,,
JR어음1,2011-10-06,4.34,,,,,,,
JR어음1,2011-10-07,4.32,,,,,,,
JR어음1,2011-10-08,4.31,,,,,,,
JR어음1,2011-10-09,4.31,,,,,,,
JR어음1,2011-10-10,4.31,,,,,,,
JR어음1,2011-10-11,4.31,,,,,,,
JR어음1,2011-10-12,4.32,,,,,,,
JR어음1,2011-10-13,4.34,,,,,,,
JR어음1,2011-10-14,4.39,,,,,,,
JR어음1,2011-10-15,4.44,,,,,,,
JR어음1,2011-10-16,4.45,,,,,,,
JR어음1,2011-10-17,4.43,,,,,,,
JR어음1,2011-10-18,4.4,,,,,,,
JR어음1,2011-10-19,4.38,,,,,,,
JR어음1,2011-10-20,4.36,,,,,,,
JR어음1,2011-10-21,4.36,,,,,,,
JR어음1,2011-10-22,4.36,,,,,,,
JR어음1,2011-10-23,4.36,,,,,,,
JR어음1,2011-10-24,4.36,,,,,,,
JR어음1,2011-10-25,4.35,,,,,,,
JR어음1,2011-10-26,4.34,,,,,,,
JR어음1,2011-10-27,4.35,,,,,,,
JR어음1,2011-10-28,4.35,,,,,,,
JR어음1,2011-10-29,4.35,,,,,,,
JR어음1,2011-10-30,4.37,,,,,,,
JR어음1,2011-10-31,4.38,,,,,,,
JR어음1,2011-11-01,4.39,,,,,,,
JR어음1,2011-11-02,4.38,,,,,,,
JR어음1,2011-11-03,4.34,,,,,,,
JR어음1,2011-11-04,4.32,,,,,,,
JR어음1,2011-11-05,4.34,,,,,,,
JR어음1,2011-11-06,4.36,,,,,,,
JR어음1,2011-11-07,4.36,,,,,,,
JR어음1,2011-11-08,4.36,,,,,,,
JR어음1,2011-11-09,4.36,,,,,,,
JR어음1,2011-11-10,4.38,,,,,,,
JR어음1,2011-11-11,4.39,,,,,,,
JR어음1,2011-11-12,4.36,,,,,,,
JR어음1,2011-11-13,4.35,,,,,,,
JR어음1,2011-11-14,4.33,,,,,,,
JR어음1,2011-11-15,4.31,,,,,,,
JR어음1,2011-11-16,4.3,,,,,,,
JR어음1,2011-11-17,4.3,,,,,,,
JR어음1,2011-11-18,4.49,,,,,,,
JR어음1,2011-11-19,4.79,,,,,,,
JR어음1,2011-11-20,4.81,,,,,,,
JR어음1,2011-11-21,4.8,,,,,,,
JR어음1,2011-11-22,4.77,,,,,,,
JR어음1,2011-11-23,4.75,,,,,,,
JR어음1,2011-11-24,4.71,,,,,,,
JR어음1,2011-11-25,4.69,,,,,,,
JR어음1,2011-11-26,4.67,,,,,,,
JR어음1,2011-11-27,4.66,,,,,,,
JR어음1,2011-11-28,4.63,,,,,,,
JR어음1,2011-11-29,4.62,,,,,,,
JR어음1,2011-11-30,4.6,,,,,,,
JR어음1,2011-12-01,4.58,,,,,,,
JR어음1,2011-12-02,4.57,,,,,,,
JR어음1,2011-12-03,4.54,,,,,,,
JR어음1,2011-12-04,4.5,,,,,,,
JR어음1,2011-12-05,4.47,,,,,,,
JR어음1,2011-12-06,4.46,,,,,,,
JR어음1,2011-12-07,4.45,,,,,,,
JR어음1,2011-12-08,4.44,,,,,,,
JR어음1,2011-12-09,4.42,,,,,,,
JR어음1,2011-12-10,4.41,,,,,,,
JR어음1,2011-12-11,4.41,,,,,,,
JR어음1,2011-12-12,4.41,,,,,,,
JR어음1,2011-12-13,4.41,,,,,,,
JR어음1,2011-12-14,4.4,,,,,,,
JR어음1,2011-12-15,4.38,,,,,,,
JR어음1,2011-12-16,4.36,,,,,,,
JR어음1,2011-12-17,4.34,,,,,,,
JR어음1,2011-12-18,4.31,,,,,,,
JR어음1,2011-12-19,4.29,,,,,,,
JR어음1,2011-12-20,4.28,,,,,,,
JR어음1,2011-12-21,4.29,,,,,,,
JR어음1,2011-12-22,4.29,,,,,,,
JR어음1,2011-12-23,4.29,,,,,,,
JR어음1,2011-12-24,4.3,,,,,,,
JR어음1,2011-12-25,4.29,,,,,,,
JR어음1,2011-12-26,4.27,,,,,,,
JR어음1,2011-12-27,4.27,,,,,,,
JR어음1,2011-12-28,4.26,,,,,,,
JR어음1,2011-12-29,4.25,,,,,,,
JR어음1,2011-12-30,4.22,,,,,,,
JR어음1,2011-12-31,4.2,,,,,,,
JR어음1,2012-01-01,4.18,,,,,,,
JR어음1,2012-01-02,4.16,,,,,,,
JR어음1,2012-01-03,4.15,,,,,,,
JR어음1,2012-01-04,4.13,,,,,,,
JR어음1,2012-01-05,4.12,,,,,,,
JR어음1,2012-01-07,4.12,,,,,,,
JR어음1,2012-01-08,4.12,,,,,,,
JR어음1,2012-01-09,4.11,,,,,,,
JR어음1,2012-01-10,4.12,,,,,,,
JR어음1,2012-01-11,4.12,,,,,,,
JR어음1,2012-01-12,4.12,,,,,,,
JR어음1,2012-01-13,4.11,,,,,,,
JR어음1,2012-01-14,4.1,,,,,,,
JR어음1,2012-01-15,4.1,,,,,,,
JR어음1,2012-01-16,4.11,,,,,,,
JR어음1,2012-01-17,4.09,,,,,,,
JR어음1,2012-01-18,4.08,,,,,,,
JR어음1,2012-01-19,4.07,,,,,,,
JR어음1,2012-01-20,4.08,,,,,,,
JR어음1,2012-01-21,4.09,,,,,,,
JR어음1,2012-01-22,4.07,,,,,,,
JR어음1,2012-01-23,4.05,,,,,,,
JR어음1,2012-01-24,4.05,,,,,,,
JR어음1,2012-01-25,4.04,,,,,,,
JR어음1,2012-01-26,4.03,,,,,,,
JR어음1,2012-01-27,4.03,,,,,,,
JR어음1,2012-01-28,4.02,,,,,,,
JR어음1,2012-01-29,3.99,,,,,,,
JR어음1,2012-01-30,3.96,,,,,,,
JR어음1,2012-01-31,3.94,,,,,,,
JR어음1,2012-02-01,3.91,,,,,,,
JR어음1,2012-02-02,3.88,,,,,,,
JR어음1,2012-02-03,3.86,,,,,,,
JR어음1,2012-02-04,3.84,,,,,,,
JR어음1,2012-02-05,3.85,,,,,,,
JR어음1,2012-02-06,3.86,,,,,,,
JR어음1,2012-02-07,3.86,,,,,,,
JR어음1,2012-02-08,3.85,,,,,,,
JR어음1,2012-02-09,3.84,,,,,,,
JR어음1,2012-02-10,3.83,,,,,,,
JR어음1,2012-02-11,3.82,,,,,,,
JR어음1,2012-02-12,3.8,,,,,,,
JR어음1,2012-02-13,3.8,,,,,,,
JR어음1,2012-02-14,3.8,,,,,,,
JR어음1,2012-02-15,3.8,,,,,,,
JR어음1,2012-02-16,3.79,,,,,,,
JR어음1,2012-02-17,3.77,,,,,,,
JR어음1,2012-02-18,3.74,,,,,,,
JR어음1,2012-02-19,3.73,,,,,,,
JR어음1,2012-02-20,3.72,,,,,,,
JR어음1,2012-02-21,3.74,,,,,,,
JR어음1,2012-02-22,3.78,,,,,,,
JR어음1,2012-02-23,3.8,,,,,,,
JR어음1,2012-02-24,3.82,,,,,,,
JR어음1,2012-02-25,3.81,,,,,,,
JR어음1,2012-02-26,3.78,,,,,,,
JR어음1,2012-02-27,3.75,,,,,,,
JR어음1,2012-02-28,3.74,,,,,,,
JR어음1,2012-02-29,3.75,,,,,,,
JR어음1,2012-03-01,3.75,,,,,,,
JR어음1,2012-03-02,3.74,,,,,,,
JR어음1,2012-03-03,3.75,,,,,,,
JR어음1,2012-03-04,3.79,,,,,,,
JR어음1,2012-03-05,3.83,,,,,,,
JR어음1,2012-03-06,3.85,,,,,,,
JR어음1,2012-03-07,3.87,,,,,,,
JR어음1,2012-03-08,3.88,,,,,,,
JR어음1,2012-03-09,3.88,,,,,,,
JR어음1,2012-03-10,3.86,,,,,,,
JR어음1,2012-03-11,3.82,,,,,,,
JR어음1,2012-03-12,3.77,,,,,,,
JR어음1,2012-03-13,3.76,,,,,,,
JR어음1,2012-03-14,3.73,,,,,,,
JR어음1,2012-03-15,3.69,,,,,,,
JR어음1,2012-03-16,3.7,,,,,,,
JR어음1,2012-03-17,3.68,,,,,,,
JR어음1,2012-03-18,3.66,,,,,,,
JR어음1,2012-03-19,3.64,,,,,,,
JR어음1,2012-03-20,3.62,,,,,,,
JR어음1,2012-03-21,3.59,,,,,,,
JR어음1,2012-03-22,3.61,,,,,,,
JR어음1,2012-03-23,3.68,,,,,,,
JR어음1,2012-03-24,3.71,,,,,,,
JR어음1,2012-03-25,3.7,,,,,,,
JR어음1,2012-03-26,3.68,,,,,,,
JR어음1,2012-03-27,3.66,,,,,,,
JR어음1,2012-03-28,3.62,,,,,,,
JR어음1,2012-03-29,3.6,,,,,,,
JR어음1,2012-03-30,3.59,,,,,,,
JR어음1,2012-03-31,3.63,,,,,,,
JR어음1,2012-04-01,3.66,,,,,,,
JR어음1,2012-04-02,3.69,,,,,,,
JR어음1,2012-04-03,3.69,,,,,,,
JR어음1,2012-04-04,3.64,,,,,,,
JR어음1,2012-04-05,3.64,,,,,,,
JR어음1,2012-04-06,3.63,,,,,,,
JR어음1,2012-04-07,3.63,,,,,,,
JR어음1,2012-04-08,3.63,,,,,,,
JR어음1,2012-04-09,3.62,,,,,,,
JR어음1,2012-04-10,3.63,,,,,,,
JR어음1,2012-04-11,3.65,,,,,,,
JR어음1,2012-04-12,3.63,,,,,,,
JR어음1,2012-04-13,3.62,,,,,,,
JR어음1,2012-04-14,3.61,,,,,,,
JR어음1,2012-04-15,3.6,,,,,,,
JR어음1,2012-04-16,3.59,,,,,,,
JR어음1,2012-04-17,3.58,,,,,,,
JR어음1,2012-04-18,3.58,,,,,,,
JR어음1,2012-04-19,3.59,,,,,,,
JR어음1,2012-04-20,3.61,,,,,,,
JR어음1,2012-04-21,3.7,,,,,,,
JR어음1,2012-04-22,3.88,,,,,,,
JR어음1,2012-04-23,3.92,,,,,,,
JR어음1,2012-04-24,3.93,,,,,,,
JR어음1,2012-04-25,3.98,,,,,,,
JR어음1,2012-04-26,3.99,,,,,,,
JR어음1,2012-04-27,3.99,,,,,,,
JR어음1,2012-04-28,3.98,,,,,,,
JR어음1,2012-04-29,3.96,,,,,,,
JR어음1,2012-04-30,3.99,,,,,,,
JR어음1,2012-05-01,4.03,,,,,,,
JR어음1,2012-05-02,4.19,,,,,,,
JR어음1,2012-05-03,4.26,,,,,,,
JR어음1,2012-05-04,4.27,,,,,,,
JR어음1,2012-05-05,4.27,,,,,,,
JR어음1,2012-05-06,4.26,,,,,,,
JR어음1,2012-05-07,4.26,,,,,,,
JR어음1,2012-05-08,4.25,,,,,,,
JR어음1,2012-05-09,4.24,,,,,,,
JR어음1,2012-05-10,4.22,,,,,,,
JR어음1,2012-05-11,4.2,,,,,,,
JR어음1,2012-05-12,4.18,,,,,,,
JR어음1,2012-05-13,4.17,,,,,,,
JR어음1,2012-05-14,4.17,,,,,,,
JR어음1,2012-05-15,4.16,,,,,,,
JR어음1,2012-05-16,4.16,,,,,,,
JR어음1,2012-05-17,4.15,,,,,,,
JR어음1,2012-05-18,4.14,,,,,,,
JR어음1,2012-05-19,4.15,,,,,,,
JR어음1,2012-05-20,4.16,,,,,,,
JR어음1,2012-05-21,4.16,,,,,,,
JR어음1,2012-05-22,4.17,,,,,,,
JR어음1,2012-05-23,4.17,,,,,,,
JR어음1,2012-05-24,4.18,,,,,,,
JR어음1,2012-05-25,4.2,,,,,,,
JR어음1,2012-05-26,4.21,,,,,,,
JR어음1,2012-05-27,4.2,,,,,,,
JR어음1,2012-05-28,4.18,,,,,,,
JR어음1,2012-05-29,4.17,,,,,,,
JR어음1,2012-05-30,4.17,,,,,,,
JR어음1,2012-05-31,4.17,,,,,,,
JR어음1,2012-06-01,4.17,,,,,,,
JR어음1,2012-06-02,4.18,,,,,,,
JR어음1,2012-06-03,4.22,,,,,,,
JR어음1,2012-06-04,4.23,,,,,,,
JR어음1,2012-06-05,4.25,,,,,,,
JR어음1,2012-06-06,4.26,,,,,,,
JR어음1,2012-06-07,4.28,,,,,,,
JR어음1,2012-06-08,4.29,,,,,,,
JR어음1,2012-06-09,4.28,,,,,,,
JR어음1,2012-06-10,4.27,,,,,,,
JR어음1,2012-06-11,4.26,,,,,,,
JR어음1,2012-06-12,4.25,,,,,,,
JR어음1,2012-06-13,4.23,,,,,,,
JR어음1,2012-06-14,4.21,,,,,,,
JR어음1,2012-06-15,4.25,,,,,,,
JR어음1,2012-06-16,4.27,,,,,,,
JR어음1,2012-06-17,4.27,,,,,,,
JR어음1,2012-06-18,4.3,,,,,,,
JR어음1,2012-06-19,4.37,,,,,,,
JR어음1,2012-06-20,4.41,,,,,,,
JR어음1,2012-06-21,4.42,,,,,,,
JR어음1,2012-06-22,4.4,,,,,,,
JR어음1,2012-06-23,4.4,,,,,,,
JR어음1,2012-06-24,4.4,,,,,,,
JR어음1,2012-06-25,4.37,,,,,,,
JR어음1,2012-06-26,4.35,,,,,,,
JR어음1,2012-06-27,4.33,,,,,,,
JR어음1,2012-06-28,4.29,,,,,,,
JR어음1,2012-06-29,4.27,,,,,,,
JR어음1,2012-06-30,4.28,,,,,,,
JR어음1,2012-07-01,4.28,,,,,,,
JR어음1,2012-07-02,4.3,,,,,,,
JR어음1,2012-07-03,4.35,,,,,,,
JR어음1,2012-07-04,4.39,,,,,,,
JR어음1,2012-07-05,4.41,,,,,,,
JR어음1,2012-07-06,4.42,,,,,,,
JR어음1,2012-07-07,4.4,,,,,,,
JR어음1,2012-07-08,4.37,,,,,,,
JR어음1,2012-07-09,4.35,,,,,,,
JR어음1,2012-07-10,4.33,,,,,,,
JR어음1,2012-07-11,4.33,,,,,,,
JR어음1,2012-07-12,4.33,,,,,,,
JR어음1,2012-07-13,4.33,,,,,,,
JR어음1,2012-07-14,4.35,,,,,,,
JR어음1,2012-07-15,4.36,,,,,,,
JR어음1,2012-07-16,4.35,,,,,,,
JR어음1,2012-07-17,4.42,,,,,,,
JR어음1,2012-07-18,4.54,,,,,,,
JR어음1,2012-07-19,4.62,,,,,,,
JR어음1,2012-07-20,4.71,,,,,,,
JR어음1,2012-07-21,4.7,,,,,,,
JR어음1,2012-07-22,4.68,,,,,,,
JR어음1,2012-07-23,4.66,,,,,,,
JR어음1,2012-07-24,4.62,,,,,,,
JR어음1,2012-07-25,4.58,,,,,,,
JR어음1,2012-07-26,4.55,,,,,,,
JR어음1,2012-07-27,4.52,,,,,,,
JR어음1,2012-07-28,4.5,,,,,,,
JR어음1,2012-07-29,4.49,,,,,,,
JR어음1,2012-07-30,4.49,,,,,,,
JR어음1,2012-07-31,4.49,,,,,,,
JR어음1,2012-08-01,4.5,,,,,,,
JR어음1,2012-08-02,4.53,,,,,,,
JR어음1,2012-08-03,4.54,,,,,,,
JR어음1,2012-08-04,4.52,,,,,,,
JR어음1,2012-08-05,4.51,,,,,,,
JR어음1,2012-08-06,4.49,,,,,,,
JR어음1,2012-08-07,4.47,,,,,,,
JR어음1,2012-08-08,4.47,,,,,,,
JR어음1,2012-08-10,4.43,,,,,,,
JR어음1,2012-08-11,4.42,,,,,,,
JR어음1,2012-08-12,4.4,,,,,,,
JR어음1,2012-08-13,4.39,,,,,,,
JR어음1,2012-08-14,4.38,,,,,,,
JR어음1,2012-08-15,4.39,,,,,,,
JR어음1,2012-08-16,4.37,,,,,,,
JR어음1,2012-08-17,4.35,,,,,,,
JR어음1,2012-08-18,4.34,,,,,,,
JR어음1,2012-08-19,4.35,,,,,,,
JR어음1,2012-08-20,4.35,,,,,,,
JR어음1,2012-08-21,4.35,,,,,,,
JR어음1,2012-08-22,4.34,,,,,,,
JR어음1,2012-08-23,4.36,,,,,,,
JR어음1,2012-08-24,4.72,,,,,,,
JR어음1,2012-08-25,4.9,,,,,,,
JR어음1,2012-08-26,4.91,,,,,,,
JR어음1,2012-08-27,4.92,,,,,,,
JR어음1,2012-08-28,5.68,,,,,,,
JR어음1,2012-08-29,6.01,,,,,,,
JR어음1,2012-08-30,6.09,,,,,,,
JR어음1,2012-08-31,6.08,,,,,,,
JR어음1,2012-09-01,6.05,,,,,,,
JR어음1,2012-09-02,6.01,,,,,,,
JR어음1,2012-09-03,5.96,,,,,,,
JR어음1,2012-09-04,5.88,,,,,,,
JR어음1,2012-09-05,5.81,,,,,,,
JR어음1,2012-09-06,5.76,,,,,,,
JR어음1,2012-09-07,5.7,,,,,,,
JR어음1,2012-09-08,5.66,,,,,,,
JR어음1,2012-09-09,5.64,,,,,,,
JR어음1,2012-09-10,5.7,,,,,,,
JR어음1,2012-09-11,5.77,,,,,,,
JR어음1,2012-09-12,5.81,,,,,,,
JR어음1,2012-09-13,5.83,,,,,,,
JR어음1,2012-09-14,5.82,,,,,,,
JR어음1,2012-09-15,5.83,,,,,,,
JR어음1,2012-09-16,5.88,,,,,,,
JR어음1,2012-09-17,6.58,,,,,,,
JR어음1,2012-09-18,7.06,,,,,,,
JR어음1,2012-09-19,7.17,,,,,,,
JR어음1,2012-09-20,7.22,,,,,,,
JR어음1,2012-09-21,7.29,,,,,,,
JR어음1,2012-09-22,7.35,,,,,,,
JR어음1,2012-09-23,7.38,,,,,,,
JR어음1,2012-09-24,7.37,,,,,,,
JR어음1,2012-09-25,7.33,,,,,,,
JR어음1,2012-09-26,7.3,,,,,,,
JR어음1,2012-09-27,7.27,,,,,,,
JR어음1,2012-09-28,7.24,,,,,,,
JR어음1,2012-09-29,7.23,,,,,,,
JR어음1,2012-09-30,7.24,,,,,,,
JR어음1,2012-10-01,7.23,,,,,,,
JR어음1,2012-10-02,7.22,,,,,,,
JR어음1,2012-10-03,7.25,,,,,,,
JR어음1,2012-10-04,7.25,,,,,,,
JR어음1,2012-10-05,7.23,,,,,,,
JR어음1,2012-10-06,7.23,,,,,,,
JR어음1,2012-10-07,7.25,,,,,,,
JR어음1,2012-10-08,7.26,,,,,,,
JR어음1,2012-10-09,7.28,,,,,,,
JR어음1,2012-10-10,7.29,,,,,,,
JR어음1,2012-10-11,7.3,,,,,,,
JR어음1,2012-10-12,7.31,,,,,,,
JR어음1,2012-10-13,7.34,,,,,,,
JR어음1,2012-10-14,7.36,,,,,,,
JR어음1,2012-10-15,7.37,,,,,,,
JR어음1,2012-10-16,7.41,,,,,,,
JR어음1,2012-10-17,7.42,,,,,,,
JR어음1,2012-10-18,7.42,,,,,,,
JR어음1,2012-10-19,7.42,,,,,,,
JR어음1,2012-10-20,7.41,,,,,,,
JR어음1,2012-10-21,7.4,,,,,,,
JR어음1,2012-10-22,7.43,,,,,,,
JR어음1,2012-10-23,7.42,,,,,,,
JR어음1,2012-10-24,7.41,,,,,,,
JR어음1,2012-10-25,7.41,,,,,,,
JR어음1,2012-10-26,7.42,,,,,,,
JR어음1,2012-10-27,7.45,,,,,,,
JR어음1,2012-10-28,7.44,,,,,,,
JR어음1,2012-10-29,7.45,,,,,,,
JR어음1,2012-10-30,7.46,,,,,,,
JR어음1,2012-10-31,7.45,,,,,,,
JR어음1,2012-11-01,7.43,,,,,,,
JR어음1,2012-11-02,7.41,,,,,,,
JR어음1,2012-11-03,7.4,,,,,,,
JR어음1,2012-11-04,7.41,,,,,,,
JR어음1,2012-11-05,7.4,,,,,,,
JR어음1,2012-11-06,7.38,,,,,,,
JR어음1,2012-11-07,7.36,,,,,,,
JR어음1,2012-11-08,7.34,,,,,,,
JR어음1,2012-11-09,7.33,,,,,,,
JR어음1,2012-11-10,7.35,,,,,,,
JR어음1,2012-11-11,7.35,,,,,,,
JR어음1,2012-11-12,7.32,,,,,,,
JR어음1,2012-11-13,7.32,,,,,,,
JR어음1,2012-11-14,7.29,,,,,,,
JR어음1,2012-11-15,7.26,,,,,,,
JR어음1,2012-11-16,7.27,,,,,,,
JR어음1,2012-11-17,7.27,,,,,,,
JR어음1,2012-11-18,7.25,,,,,,,
JR어음1,2012-11-19,7.23,,,,,,,
JR어음1,2012-11-20,7.19,,,,,,,
JR어음1,2012-11-21,7.16,,,,,,,
JR어음1,2012-11-22,7.14,,,,,,,
JR어음1,2012-11-24,7.08,,,,,,,
JR어음1,2012-11-25,7.06,,,,,,,
JR어음1,2012-11-26,7.05,,,,,,,
JR어음1,2012-11-27,7.02,,,,,,,
JR어음1,2012-11-28,7.02,,,,,,,
JR어음1,2012-11-29,6.99,,,,,,,
JR어음1,2012-11-30,6.96,,,,,,,
JR어음1,2012-12-01,6.93,,,,,,,
JR어음1,2012-12-02,6.93,,,,,,,
JR어음1,2012-12-03,6.92,,,,,,,
JR어음1,2012-12-04,6.88,,,,,,,
JR어음1,2012-12-05,6.87,,,,,,,
JR어음1,2012-12-06,6.83,,,,,,,
JR어음1,2012-12-07,6.81,,,,,,,
JR어음1,2012-12-09,6.73,,,,,,,
JR어음1,2012-12-10,6.7,,,,,,,
JR어음1,2012-12-11,6.69,,,,,,,
JR어음1,2012-12-12,6.67,,,,,,,
JR어음1,2012-12-13,6.65,,,,,,,
JR어음1,2012-12-14,6.68,,,,,,,
JR어음1,2012-12-15,6.7,,,,,,,
JR어음1,2012-12-16,6.71,,,,,,,
JR어음1,2012-12-17,6.7,,,,,,,
JR어음1,2012-12-18,6.66,,,,,,,
JR어음1,2012-12-19,6.62,,,,,,,
JR어음1,2012-12-20,6.57,,,,,,,
JR어음1,2012-12-21,6.56,,,,,,,
JR어음1,2012-12-22,6.51,,,,,,,
JR어음1,2012-12-23,6.47,,,,,,,
JR어음1,2012-12-24,6.43,,,,,,,
JR어음1,2012-12-25,6.38,,,,,,,
JR어음1,2012-12-26,6.34,,,,,,,
JR어음1,2012-12-27,6.32,,,,,,,
JR어음1,2012-12-28,6.34,,,,,,,
JR어음1,2012-12-29,6.38,,,,,,,
JR어음1,2012-12-30,6.43,,,,,,,
JR어음1,2012-12-31,6.43,,,,,,,
JR어음1,2013-01-01,6.43,,,,,,,
JR어음1,2013-01-03,6.33,,,,,,,
JR어음1,2013-01-05,6.27,,,,,,,
JR어음1,2013-01-06,6.23,,,,,,,
JR어음1,2013-01-07,6.21,,,,,,,
JR어음1,2013-01-08,6.19,,,,,,,
JR어음1,2013-01-09,6.16,,,,,,,
JR어음1,2013-01-10,6.14,,,,,,,
JR어음1,2013-01-11,6.12,,,,,,,
JR어음1,2013-01-12,6.13,,,,,,,
JR어음1,2013-01-13,6.12,,,,,,,
JR어음1,2013-01-14,6.1,,,,,,,
JR어음1,2013-01-15,6.07,,,,,,,
JR어음1,2013-01-16,6.03,,,,,,,
JR어음1,2013-01-17,5.99,,,,,,,
JR어음1,2013-01-18,5.94,,,,,,,
JR어음1,2013-01-19,5.9,,,,,,,
JR어음1,2013-01-20,5.88,,,,,,,
JR어음1,2013-01-21,5.88,,,,,,,
JR어음1,2013-01-22,5.85,,,,,,,
JR어음1,2013-01-23,5.83,,,,,,,
JR어음1,2013-01-24,5.82,,,,,,,
JR어음1,2013-01-25,5.79,,,,,,,
JR어음1,2013-01-26,5.78,,,,,,,
JR어음1,2013-01-27,5.76,,,,,,,
JR어음1,2013-01-28,5.73,,,,,,,
JR어음1,2013-01-29,5.71,,,,,,,
JR어음1,2013-01-30,5.68,,,,,,,
JR어음1,2013-01-31,5.66,,,,,,,
JR어음1,2013-02-01,5.66,,,,,,,
JR어음1,2013-02-02,5.64,,,,,,,
JR어음1,2013-02-03,5.63,,,,,,,
JR어음1,2013-02-04,5.61,,,,,,,
JR어음1,2013-02-05,5.61,,,,,,,
JR어음1,2013-02-06,5.61,,,,,,,
JR어음1,2013-02-07,5.6,,,,,,,
JR어음1,2013-02-08,5.58,,,,,,,
JR어음1,2013-02-09,5.57,,,,,,,
JR어음1,2013-02-10,5.55,,,,,,,
JR어음1,2013-02-11,5.53,,,,,,,
JR어음1,2013-02-12,5.53,,,,,,,
JR어음1,2013-02-13,5.5,,,,,,,
JR어음1,2013-02-14,5.48,,,,,,,
JR어음1,2013-02-15,5.45,,,,,,,
JR어음1,2013-02-16,5.4,,,,,,,
JR어음1,2013-02-17,5.39,,,,,,,
JR어음1,2013-02-18,5.38,,,,,,,
JR어음1,2013-02-19,5.35,,,,,,,
JR어음1,2013-02-20,5.32,,,,,,,
JR어음1,2013-02-21,5.3,,,,,,,
JR어음1,2013-02-22,5.28,,,,,,,
JR어음1,2013-02-23,5.25,,,,,,,
JR어음1,2013-02-24,5.24,,,,,,,
JR어음1,2013-02-25,5.24,,,,,,,
JR어음1,2013-02-26,5.26,,,,,,,
JR어음1,2013-02-27,5.25,,,,,,,
JR어음1,2013-02-28,5.24,,,,,,,
JR어음1,2013-03-01,5.23,,,,,,,
JR어음1,2013-03-02,5.19,,,,,,,
JR어음1,2013-03-03,5.16,,,,,,,
JR어음1,2013-03-04,5.13,,,,,,,
JR어음1,2013-03-05,5.09,,,,,,,
JR어음1,2013-03-06,5.06,,,,,,,
JR어음1,2013-03-07,5.05,,,,,,,
JR어음1,2013-03-08,5.04,,,,,,,
JR어음1,2013-03-09,5.04,,,,,,,
JR어음1,2013-03-10,5.02,,,,,,,
JR어음1,2013-03-11,5.01,,,,,,,
JR어음1,2013-03-12,5.02,,,,,,,
JR어음1,2013-03-13,5.01,,,,,,,
JR어음1,2013-03-14,4.99,,,,,,,
JR어음1,2013-03-15,4.97,,,,,,,
JR어음1,2013-03-16,4.94,,,,,,,
JR어음1,2013-03-17,4.93,,,,,,,
JR어음1,2013-03-18,4.99,,,,,,,
JR어음1,2013-03-19,5.03,,,,,,,
JR어음1,2013-03-20,5.04,,,,,,,
JR어음1,2013-03-21,5.01,,,,,,,
JR어음1,2013-03-22,4.99,,,,,,,
JR어음1,2013-03-23,4.97,,,,,,,
JR어음1,2013-03-24,4.96,,,,,,,
JR어음1,2013-03-25,4.93,,,,,,,
JR어음1,2013-03-26,4.92,,,,,,,
JR어음1,2013-03-27,4.92,,,,,,,
JR어음1,2013-03-28,4.91,,,,,,,
JR어음1,2013-03-29,4.9,,,,,,,
JR어음1,2013-03-30,4.89,,,,,,,
JR어음1,2013-03-31,4.87,,,,,,,
JR어음1,2013-04-01,4.87,,,,,,,
JR어음1,2013-04-02,4.85,,,,,,,
JR어음1,2013-04-03,4.81,,,,,,,
JR어음1,2013-04-04,4.79,,,,,,,
JR어음1,2013-04-05,4.79,,,,,,,
JR어음1,2013-04-06,4.82,,,,,,,
JR어음1,2013-04-07,4.8,,,,,,,
JR어음1,2013-04-08,4.8,,,,,,,
JR어음1,2013-04-09,4.79,,,,,,,
JR어음1,2013-04-10,4.76,,,,,,,
JR어음1,2013-04-11,4.74,,,,,,,
JR어음1,2013-04-12,4.72,,,,,,,
JR어음1,2013-04-13,4.71,,,,,,,
JR어음1,2013-04-14,4.71,,,,,,,
JR어음1,2013-04-15,4.69,,,,,,,
JR어음1,2013-04-16,4.69,,,,,,,
JR어음1,2013-04-17,4.68,,,,,,,
JR어음1,2013-04-18,4.66,,,,,,,
JR어음1,2013-04-19,4.63,,,,,,,
JR어음1,2013-04-20,4.63,,,,,,,
JR어음1,2013-04-21,4.59,,,,,,,
JR어음1,2013-04-22,4.56,,,,,,,
JR어음1,2013-04-23,4.58,,,,,,,
JR어음1,2013-04-24,4.59,,,,,,,
JR어음1,2013-04-25,4.59,,,,,,,
JR어음1,2013-04-26,4.58,,,,,,,
JR어음1,2013-04-27,4.56,,,,,,,
JR어음1,2013-04-28,4.56,,,,,,,
JR어음1,2013-04-29,4.56,,,,,,,
JR어음1,2013-04-30,4.55,,,,,,,
JR어음1,2013-05-01,4.53,,,,,,,
JR어음1,2013-05-02,4.5,,,,,,,
JR어음1,2013-05-03,4.47,,,,,,,
JR어음1,2013-05-04,4.43,,,,,,,
JR어음1,2013-05-05,4.41,,,,,,,
JR어음1,2013-05-06,4.39,,,,,,,
JR어음1,2013-05-07,4.38,,,,,,,
JR어음1,2013-05-08,4.39,,,,,,,
JR어음1,2013-05-09,4.41,,,,,,,
JR어음1,2013-05-10,4.43,,,,,,,
JR어음1,2013-05-11,4.44,,,,,,,
JR어음1,2013-05-12,4.43,,,,,,,
JR어음1,2013-05-13,4.42,,,,,,,
JR어음1,2013-05-14,4.4,,,,,,,
JR어음1,2013-05-15,4.38,,,,,,,
JR어음1,2013-05-16,4.37,,,,,,,
JR어음1,2013-05-17,4.36,,,,,,,
JR어음1,2013-05-18,4.35,,,,,,,
JR어음1,2013-05-19,4.35,,,,,,,
JR어음1,2013-05-20,4.34,,,,,,,
JR어음1,2013-05-21,4.33,,,,,,,
JR어음1,2013-05-22,4.31,,,,,,,
JR어음1,2013-05-23,4.29,,,,,,,
JR어음1,2013-05-24,4.28,,,,,,,
JR어음1,2013-05-25,4.28,,,,,,,
JR어음1,2013-05-26,4.28,,,,,,,
JR어음1,2013-05-27,4.31,,,,,,,
JR어음1,2013-05-28,4.35,,,,,,,
JR어음1,2013-05-29,4.36,,,,,,,
JR어음1,2013-05-30,4.34,,,,,,,
JR어음1,2013-05-31,4.32,,,,,,,
JR어음1,2013-06-01,4.29,,,,,,,
JR어음1,2013-06-02,4.26,,,,,,,
JR어음1,2013-06-03,4.23,,,,,,,
JR어음1,2013-06-04,4.21,,,,,,,
JR어음1,2013-06-05,4.19,,,,,,,
JR어음1,2013-06-06,4.16,,,,,,,
JR어음1,2013-06-07,4.16,,,,,,,
JR어음1,2013-06-08,4.19,,,,,,,
JR어음1,2013-06-09,4.22,,,,,,,
JR어음1,2013-06-10,4.22,,,,,,,
JR어음1,2013-06-11,4.23,,,,,,,
JR어음1,2013-06-12,4.2,,,,,,,
JR어음1,2013-06-13,4.17,,,,,,,
JR어음1,2013-06-14,4.15,,,,,,,
JR어음1,2013-06-15,4.14,,,,,,,
JR어음1,2013-06-16,4.12,,,,,,,
JR어음1,2013-06-17,4.1,,,,,,,
JR어음1,2013-06-18,4.11,,,,,,,
JR어음1,2013-06-19,4.11,,,,,,,
JR어음1,2013-06-20,4.15,,,,,,,
JR어음1,2013-06-21,4.19,,,,,,,
JR어음1,2013-06-22,4.2,,,,,,,
JR어음1,2013-06-23,4.2,,,,,,,
JR어음1,2013-06-24,4.21,,,,,,,
JR어음1,2013-06-25,4.21,,,,,,,
JR어음1,2013-06-26,4.27,,,,,,,
JR어음1,2013-06-27,4.32,,,,,,,
JR어음1,2013-06-28,4.33,,,,,,,
JR어음1,2013-06-29,4.31,,,,,,,
JR어음1,2013-06-30,4.28,,,,,,,
JR어음1,2013-07-01,4.24,,,,,,,
JR어음1,2013-07-02,4.21,,,,,,,
JR어음1,2013-07-03,4.2,,,,,,,
JR어음1,2013-07-04,4.2,,,,,,,
JR어음1,2013-07-05,4.2,,,,,,,
JR어음1,2013-07-07,4.17,,,,,,,
JR어음1,2013-07-08,4.14,,,,,,,
JR어음1,2013-07-09,4.12,,,,,,,
JR어음1,2013-07-10,4.1,,,,,,,
JR어음1,2013-07-11,4.09,,,,,,,
JR어음1,2013-07-12,4.08,,,,,,,
JR어음1,2013-07-13,4.06,,,,,,,
JR어음1,2013-07-14,4.03,,,,,,,
JR어음1,2013-07-15,4.02,,,,,,,
JR어음1,2013-07-16,4.0,,,,,,,
JR어음1,2013-07-17,3.98,,,,,,,
JR어음1,2013-07-18,3.97,,,,,,,
JR어음1,2013-07-19,3.97,,,,,,,
JR어음1,2013-07-20,3.96,,,,,,,
JR어음1,2013-07-21,3.95,,,,,,,
JR어음1,2013-07-22,3.94,,,,,,,
JR어음1,2013-07-23,3.95,,,,,,,
JR어음1,2013-07-24,3.96,,,,,,,
JR어음1,2013-07-25,3.96,,,,,,,
JR어음1,2013-07-26,3.95,,,,,,,
JR어음1,2013-07-27,3.94,,,,,,,
JR어음1,2013-07-28,3.92,,,,,,,
JR어음1,2013-07-29,3.89,,,,,,,
JR어음1,2013-07-30,3.86,,,,,,,
JR어음1,2013-07-31,3.85,,,,,,,
JR어음1,2013-08-01,3.84,,,,,,,
JR어음1,2013-08-02,3.82,,,,,,,
JR어음1,2013-08-03,3.81,,,,,,,
JR어음1,2013-08-04,3.81,,,,,,,
JR어음1,2013-08-05,3.82,,,,,,,
JR어음1,2013-08-06,3.84,,,,,,,
JR어음1,2013-08-07,3.84,,,,,,,
JR어음1,2013-08-08,3.82,,,,,,,
JR어음1,2013-08-09,3.81,,,,,,,
JR어음1,2013-08-10,3.79,,,,,,,
JR어음1,2013-08-11,3.77,,,,,,,
JR어음1,2013-08-12,3.76,,,,,,,
JR어음1,2013-08-13,3.73,,,,,,,
JR어음1,2013-08-14,3.71,,,,,,,
JR어음1,2013-08-15,3.69,,,,,,,
JR어음1,2013-08-16,3.67,,,,,,,
JR어음1,2013-08-17,3.67,,,,,,,
JR어음1,2013-08-18,3.68,,,,,,,
JR어음1,2013-08-19,3.72,,,,,,,
JR어음1,2013-08-20,3.76,,,,,,,
JR어음1,2013-08-21,3.79,,,,,,,
JR어음1,2013-08-22,3.8,,,,,,,
JR어음1,2013-08-23,3.8,,,,,,,
JR어음1,2013-08-24,3.79,,,,,,,
JR어음1,2013-08-25,3.77,,,,,,,
JR어음1,2013-08-26,3.74,,,,,,,
JR어음1,2013-08-27,3.71,,,,,,,
JR어음1,2013-08-28,3.68,,,,,,,
JR어음1,2013-08-29,3.65,,,,,,,
JR어음1,2013-08-30,3.64,,,,,,,
JR어음1,2013-08-31,3.64,,,,,,,
JR어음1,2013-09-01,3.63,,,,,,,
JR어음1,2013-09-02,3.61,,,,,,,
JR어음1,2013-09-03,3.59,,,,,,,
JR어음1,2013-09-04,3.57,,,,,,,
JR어음1,2013-09-05,3.54,,,,,,,
JR어음1,2013-09-06,3.53,,,,,,,
JR어음1,2013-09-07,3.54,,,,,,,
JR어음1,2013-09-08,3.54,,,,,,,
JR어음1,2013-09-09,3.53,,,,,,,
JR어음1,2013-09-10,3.52,,,,,,,
JR어음1,2013-09-11,3.48,,,,,,,
JR어음1,2013-09-12,3.45,,,,,,,
JR어음1,2013-09-13,3.43,,,,,,,
JR어음1,2013-09-14,3.44,,,,,,,
JR어음1,2013-09-15,3.48,,,,,,,
JR어음1,2013-09-16,3.49,,,,,,,
JR어음1,2013-09-17,3.48,,,,,,,
JR어음1,2013-09-18,3.48,,,,,,,
JR어음1,2013-09-19,3.5,,,,,,,
JR어음1,2013-09-20,3.5,,,,,,,
JR어음1,2013-09-21,3.48,,,,,,,
JR어음1,2013-09-22,3.47,,,,,,,
JR어음1,2013-09-23,3.48,,,,,,,
JR어음1,2013-09-24,3.46,,,,,,,
JR어음1,2013-09-25,3.42,,,,,,,
JR어음1,2013-09-26,3.39,,,,,,,
JR어음1,2013-09-27,3.36,,,,,,,
JR어음1,2013-09-28,3.35,,,,,,,
JR어음1,2013-09-29,3.36,,,,,,,
JR어음1,2013-09-30,3.38,,,,,,,
JR어음1,2013-10-01,3.4,,,,,,,
JR어음1,2013-10-02,3.41,,,,,,,
JR어음1,2013-10-03,3.41,,,,,,,
JR어음1,2013-10-04,3.41,,,,,,,
JR어음1,2013-10-05,3.42,,,,,,,
JR어음1,2013-10-06,3.43,,,,,,,
JR어음1,2013-10-07,3.43,,,,,,,
JR어음1,2013-10-08,3.46,,,,,,,
JR어음1,2013-10-09,3.46,,,,,,,
JR어음1,2013-10-10,3.45,,,,,,,
JR어음1,2013-10-11,3.41,,,,,,,
JR어음1,2013-10-12,3.36,,,,,,,
JR어음1,2013-10-13,3.33,,,,,,,
JR어음1,2013-10-14,3.32,,,,,,,
JR어음1,2013-10-15,3.3,,,,,,,
JR어음1,2013-10-16,3.28,,,,,,,
JR어음1,2013-10-17,3.27,,,,,,,
JR어음1,2013-10-18,3.27,,,,,,,
JR어음1,2013-10-19,3.27,,,,,,,
JR어음1,2013-10-21,3.25,,,,,,,
JR어음1,2013-10-22,3.24,,,,,,,
JR어음1,2013-10-23,3.25,,,,,,,
JR어음1,2013-10-24,3.24,,,,,,,
JR어음1,2013-10-25,3.2,,,,,,,
JR어음1,2013-10-26,3.16,,,,,,,
JR어음1,2013-10-27,3.12,,,,,,,
JR어음1,2013-10-28,3.09,,,,,,,
JR어음1,2013-10-29,3.07,,,,,,,
JR어음1,2013-10-30,3.03,,,,,,,
JR어음1,2013-10-31,3.01,,,,,,,
JR어음1,2013-11-01,3.01,,,,,,,
JR어음1,2013-11-02,3.02,,,,,,,
JR어음1,2013-11-03,3.03,,,,,,,
JR어음1,2013-11-04,3.02,,,,,,,
JR어음1,2013-11-05,3.02,,,,,,,
JR어음1,2013-11-06,3.02,,,,,,,
JR어음1,2013-11-07,3.0,,,,,,,
JR어음1,2013-11-08,2.98,,,,,,,
JR어음1,2013-11-09,2.99,,,,,,,
JR어음1,2013-11-10,2.99,,,,,,,
JR어음1,2013-11-11,2.96,,,,,,,
JR어음1,2013-11-12,2.94,,,,,,,
JR어음1,2013-11-13,2.93,,,,,,,
JR어음1,2013-11-14,2.93,,,,,,,
JR어음1,2013-11-15,2.92,,,,,,,
JR어음1,2013-11-16,2.92,,,,,,,
JR어음1,2013-11-17,2.92,,,,,,,
JR어음1,2013-11-18,2.9,,,,,,,
JR어음1,2013-11-19,2.88,,,,,,,
JR어음1,2013-11-20,2.86,,,,,,,
JR어음1,2013-11-21,2.84,,,,,,,
JR어음1,2013-11-22,2.82,,,,,,,
JR어음1,2013-11-23,2.8,,,,,,,
JR어음1,2013-11-24,2.81,,,,,,,
JR어음1,2013-11-25,2.83,,,,,,,
JR어음1,2013-11-26,2.81,,,,,,,
JR어음1,2013-11-27,2.8,,,,,,,
JR어음1,2013-11-28,2.77,,,,,,,
JR어음1,2013-11-29,2.74,,,,,,,
JR어음1,2013-11-30,2.75,,,,,,,
JR어음1,2013-12-01,2.76,,,,,,,
JR어음1,2013-12-02,2.75,,,,,,,
JR어음1,2013-12-03,2.77,,,,,,,
JR어음1,2013-12-04,2.78,,,,,,,
JR어음1,2013-12-05,2.79,,,,,,,
JR어음1,2013-12-06,2.78,,,,,,,
JR어음1,2013-12-07,2.77,,,,,,,
JR어음1,2013-12-08,2.75,,,,,,,
JR어음1,2013-12-09,2.75,,,,,,,
JR어음1,2013-12-10,2.72,,,,,,,
JR어음1,2013-12-11,2.7,,,,,,,
JR어음1,2013-12-12,2.68,,,,,,,
JR어음1,2013-12-13,2.67,,,,,,,
JR어음1,2013-12-14,2.65,,,,,,,
JR어음1,2013-12-15,2.64,,,,,,,
JR어음1,2013-12-16,2.64,,,,,,,
JR어음1,2013-12-17,2.67,,,,,,,
JR어음1,2013-12-18,2.72,,,,,,,
JR어음1,2013-12-19,2.73,,,,,,,
JR어음1,2013-12-20,2.7,,,,,,,
JR어음1,2013-12-21,2.68,,,,,,,
JR어음1,2013-12-22,2.67,,,,,,,
JR어음1,2013-12-23,2.66,,,,,,,
JR어음1,2013-12-24,2.64,,,,,,,
JR어음1,2013-12-25,2.64,,,,,,,
JR어음1,2013-12-26,2.63,,,,,,,
JR어음1,2013-12-27,2.61,,,,,,,
JR어음1,2013-12-28,2.6,,,,,,,
JR어음1,2013-12-29,2.6,,,,,,,
JR어음1,2013-12-30,2.6,,,,,,,
JR어음1,2013-12-31,2.61,,,,,,,
JR어음1,2014-01-01,2.62,,,,,,,
JR어음1,2014-01-03,2.65,,,,,,,
JR어음1,2014-01-04,2.65,,,,,,,
JR어음1,2014-01-05,2.63,,,,,,,
JR어음1,2014-01-06,2.6,,,,,,,
JR어음1,2014-01-07,2.58,,,,,,,
JR어음1,2014-01-08,2.56,,,,,,,
JR어음1,2014-01-09,2.54,,,,,,,
JR어음1,2014-01-10,2.51,,,,,,,
JR어음1,2014-01-11,2.49,,,,,,,
JR어음1,2014-01-12,2.47,,,,,,,
JR어음1,2014-01-13,2.46,,,,,,,
JR어음1,2014-01-14,2.45,,,,,,,
JR어음1,2014-01-15,2.46,,,,,,,
JR어음1,2014-01-16,2.46,,,,,,,
JR어음1,2014-01-17,2.46,,,,,,,
JR어음1,2014-01-18,2.46,,,,,,,
JR어음1,2014-01-19,2.45,,,,,,,
JR어음1,2014-01-20,2.46,,,,,,,
JR어음1,2014-01-21,2.44,,,,,,,
JR어음1,2014-01-22,2.42,,,,,,,
JR어음1,2014-01-23,2.41,,,,,,,
JR어음1,2014-01-24,2.4,,,,,,,
JR어음1,2014-01-25,2.39,,,,,,,
JR어음1,2014-01-26,2.37,,,,,,,
JR어음1,2014-01-27,2.38,,,,,,,
JR어음1,2014-01-28,2.37,,,,,,,
JR어음1,2014-01-29,2.39,,,,,,,
JR어음1,2014-01-30,2.43,,,,,,,
JR어음1,2014-01-31,2.45,,,,,,,
JR어음1,2014-02-01,2.51,,,,,,,
JR어음1,2014-02-02,2.54,,,,,,,
JR어음1,2014-02-03,2.53,,,,,,,
JR어음1,2014-02-04,2.49,,,,,,,
JR어음1,2014-02-05,2.45,,,,,,,
JR어음1,2014-02-06,2.43,,,,,,,
JR어음1,2014-02-07,2.44,,,,,,,
JR어음1,2014-02-08,2.45,,,,,,,
JR어음1,2014-02-09,2.44,,,,,,,
JR어음1,2014-02-10,2.43,,,,,,,
JR어음1,2014-02-11,2.47,,,,,,,
JR어음1,2014-02-12,2.5,,,,,,,
JR어음1,2014-02-13,2.49,,,,,,,
JR어음1,2014-02-14,2.5,,,,,,,
JR어음1,2014-02-15,2.5,,,,,,,
JR어음1,2014-02-16,2.48,,,,,,,
JR어음1,2014-02-17,2.49,,,,,,,
JR어음1,2014-02-18,2.56,,,,,,,
JR어음1,2014-02-19,2.6,,,,,,,
JR어음1,2014-02-20,2.57,,,,,,,
JR어음1,2014-02-21,2.51,,,,,,,
JR어음1,2014-02-22,2.47,,,,,,,
JR어음1,2014-02-23,2.43,,,,,,,
JR어음1,2014-02-24,2.41,,,,,,,
JR어음1,2014-02-25,2.4,,,,,,,
JR어음1,2014-02-26,2.43,,,,,,,
JR어음1,2014-02-27,2.5,,,,,,,
JR어음1,2014-02-28,2.52,,,,,,,
JR어음1,2014-03-01,2.55,,,,,,,
JR어음1,2014-03-02,2.57,,,,,,,
JR어음1,2014-03-03,2.59,,,,,,,
JR어음1,2014-03-04,2.61,,,,,,,
JR어음1,2014-03-05,2.59,,,,,,,
JR어음1,2014-03-06,2.55,,,,,,,
JR어음1,2014-03-07,2.52,,,,,,,
JR어음1,2014-03-08,2.47,,,,,,,
JR어음1,2014-03-09,2.44,,,,,,,
JR어음1,2014-03-10,2.41,,,,,,,
JR어음1,2014-03-11,2.4,,,,,,,
JR어음1,2014-03-12,2.42,,,,,,,
JR어음1,2014-03-13,2.49,,,,,,,
JR어음1,2014-03-14,2.53,,,,,,,
JR어음1,2014-03-15,2.54,,,,,,,
JR어음1,2014-03-16,2.54,,,,,,,
JR어음1,2014-03-17,2.55,,,,,,,
JR어음1,2014-03-18,2.56,,,,,,,
JR어음1,2014-03-19,2.57,,,,,,,
JR어음1,2014-03-20,2.57,,,,,,,
JR어음1,2014-03-21,2.54,,,,,,,
JR어음1,2014-03-22,2.5,,,,,,,
JR어음1,2014-03-23,2.47,,,,,,,
JR어음1,2014-03-24,2.45,,,,,,,
JR어음1,2014-03-25,2.44,,,,,,,
JR어음1,2014-03-26,2.47,,,,,,,
JR어음1,2014-03-27,2.48,,,,,,,
JR어음1,2014-03-28,2.5,,,,,,,
JR어음1,2014-03-29,2.53,,,,,,,
JR어음1,2014-03-30,2.56,,,,,,,
JR어음1,2014-03-31,2.59,,,,,,,
JR어음1,2014-04-01,2.6,,,,,,,
JR어음1,2014-04-02,2.6,,,,,,,
JR어음1,2014-04-03,2.6,,,,,,,
JR어음1,2014-04-04,2.56,,,,,,,
JR어음1,2014-04-05,2.54,,,,,,,
JR어음1,2014-04-06,2.5,,,,,,,
JR어음1,2014-04-07,2.47,,,,,,,
JR어음1,2014-04-08,2.43,,,,,,,
JR어음1,2014-04-09,2.42,,,,,,,
JR어음1,2014-04-10,2.41,,,,,,,
JR어음1,2014-04-11,2.41,,,,,,,
JR어음1,2014-04-12,2.42,,,,,,,
JR어음1,2014-04-13,2.45,,,,,,,
JR어음1,2014-04-14,2.49,,,,,,,
JR어음1,2014-04-15,2.48,,,,,,,
JR어음1,2014-04-16,2.47,,,,,,,
JR어음1,2014-04-17,2.5,,,,,,,
JR어음1,2014-04-18,2.51,,,,,,,
JR어음1,2014-04-19,2.53,,,,,,,
JR어음1,2014-04-20,2.55,,,,,,,
JR어음1,2014-04-21,2.52,,,,,,,
JR어음1,2014-04-22,2.48,,,,,,,
JR어음1,2014-04-23,2.45,,,,,,,
JR어음1,2014-04-24,2.43,,,,,,,
JR어음1,2014-04-25,2.41,,,,,,,
JR어음1,2014-04-26,2.41,,,,,,,
JR어음1,2014-04-27,2.43,,,,,,,
JR어음1,2014-04-28,2.48,,,,,,,
JR어음1,2014-04-29,2.5,,,,,,,
JR어음1,2014-04-30,2.5,,,,,,,
JR어음1,2014-05-01,2.49,,,,,,,
JR어음1,2014-05-02,2.48,,,,,,,
JR어음1,2014-05-03,2.45,,,,,,,
JR어음1,2014-05-04,2.43,,,,,,,
JR어음1,2014-05-05,2.41,,,,,,,
JR어음1,2014-05-06,2.38,,,,,,,
JR어음1,2014-05-07,2.36,,,,,,,
JR어음1,2014-05-08,2.35,,,,,,,
JR어음1,2014-05-09,2.33,,,,,,,
JR어음1,2014-05-10,2.33,,,,,,,
JR어음1,2014-05-11,2.38,,,,,,,
JR어음1,2014-05-12,2.38,,,,,,,
JR어음1,2014-05-13,2.38,,,,,,,
JR어음1,2014-05-14,2.38,,,,,,,
JR어음1,2014-05-15,2.38,,,,,,,
JR어음1,2014-05-16,2.38,,,,,,,
JR어음1,2014-05-17,2.38,,,,,,,
JR어음1,2014-05-18,2.38,,,,,,,
JR어음1,2014-05-19,2.38,,,,,,,
JR어음1,2014-05-22,2.52,,,,,,,
JR어음1,2014-05-23,2.49,,,,,,,
JR어음1,2014-05-24,2.47,,,,,,,
JR어음1,2014-05-25,2.48,,,,,,,
JR어음1,2014-05-26,2.5,,,,,,,
JR어음1,2014-05-27,2.52,,,,,,,
JR어음1,2014-05-28,2.54,,,,,,,
JR어음1,2014-05-29,2.53,,,,,,,
JR어음1,2014-05-30,2.52,,,,,,,
JR어음1,2014-05-31,2.49,,,,,,,
JR어음1,2014-06-01,2.48,,,,,,,
JR어음1,2014-06-02,2.5,,,,,,,
JR어음1,2014-06-03,2.51,,,,,,,
JR어음1,2014-06-04,2.5,,,,,,,
JR어음1,2014-06-05,2.49,,,,,,,
JR어음1,2014-06-06,2.46,,,,,,,
JR어음1,2014-06-07,2.44,,,,,,,
JR어음1,2014-06-08,2.42,,,,,,,
JR어음1,2014-06-09,2.42,,,,,,,
JR어음1,2014-06-10,2.42,,,,,,,
JR어음1,2014-06-11,2.43,,,,,,,
JR어음1,2014-06-12,2.44,,,,,,,
JR어음1,2014-06-13,2.44,,,,,,,
JR어음1,2014-06-14,2.45,,,,,,,
JR어음1,2014-06-15,2.47,,,,,,,
JR어음1,2014-06-16,2.48,,,,,,,
JR어음1,2014-06-17,2.51,,,,,,,
JR어음1,2014-06-18,2.55,,,,,,,
JR어음1,2014-06-19,2.54,,,,,,,
JR어음1,2014-06-20,2.52,,,,,,,
JR어음1,2014-06-21,2.51,,,,,,,
JR어음1,2014-06-22,2.51,,,,,,,
JR어음1,2014-06-23,2.5,,,,,,,
JR어음1,2014-06-24,2.48,,,,,,,
JR어음1,2014-06-25,2.48,,,,,,,
JR어음1,2014-06-26,2.49,,,,,,,
JR어음1,2014-06-27,2.5,,,,,,,
JR어음1,2014-06-28,2.49,,,,,,,
JR어음1,2014-06-29,2.47,,,,,,,
JR어음1,2014-06-30,2.46,,,,,,,
JR어음1,2014-07-01,2.45,,,,,,,
JR어음1,2014-07-02,2.46,,,,,,,
JR어음1,2014-07-03,2.47,,,,,,,
JR어음1,2014-07-04,2.45,,,,,,,
JR어음1,2014-07-05,2.43,,,,,,,
JR어음1,2014-07-06,2.58,,,,,,,
JR어음1,2014-07-07,2.88,,,,,,,
JR어음1,2014-07-08,2.9,,,,,,,
JR어음1,2014-07-09,2.95,,,,,,,
JR어음1,2014-07-10,3.02,,,,,,,
JR어음1,2014-07-11,3.04,,,,,,,
JR어음1,2014-07-12,3.03,,,,,,,
JR어음1,2014-07-13,3.04,,,,,,,
JR어음1,2014-07-14,3.05,,,,,,,
JR어음1,2014-07-15,3.05,,,,,,,
JR어음1,2014-07-16,3.06,,,,,,,
JR어음1,2014-07-17,3.05,,,,,,,
JR어음1,2014-07-18,3.03,,,,,,,
JR어음1,2014-07-19,2.99,,,,,,,
JR어음1,2014-07-20,2.95,,,,,,,
JR어음1,2014-07-21,2.93,,,,,,,
JR어음1,2014-07-22,2.9,,,,,,,
JR어음1,2014-07-23,2.92,,,,,,,
JR어음1,2014-07-24,2.95,,,,,,,
JR어음1,2014-07-25,2.95,,,,,,,
JR어음1,2014-07-26,2.96,,,,,,,
JR어음1,2014-07-27,2.95,,,,,,,
JR어음1,2014-07-28,2.97,,,,,,,
JR어음1,2014-07-29,2.98,,,,,,,
JR어음1,2014-07-30,2.99,,,,,,,
JR어음1,2014-07-31,3.0,,,,,,,
JR어음1,2014-08-01,3.06,,,,,,,
JR어음1,2014-08-02,3.22,,,,,,,
JR어음1,2014-08-03,3.4,,,,,,,
JR어음1,2014-08-04,3.53,,,,,,,
JR어음1,2014-08-05,3.59,,,,,,,
JR어음1,2014-08-06,3.59,,,,,,,
JR어음1,2014-08-07,3.6,,,,,,,
JR어음1,2014-08-08,3.62,,,,,,,
JR어음1,2014-08-09,3.64,,,,,,,
JR어음1,2014-08-10,3.65,,,,,,,
JR어음1,2014-08-11,3.63,,,,,,,
JR어음1,2014-08-12,3.63,,,,,,,
JR어음1,2014-08-13,3.64,,,,,,,
JR어음1,2014-08-14,3.64,,,,,,,
JR어음1,2014-08-15,3.63,,,,,,,
JR어음1,2014-08-16,3.62,,,,,,,
JR어음1,2014-08-17,3.61,,,,,,,
JR어음1,2014-08-18,3.61,,,,,,,
JR어음1,2014-08-19,3.63,,,,,,,
JR어음1,2014-08-20,3.79,,,,,,,
JR어음1,2014-08-21,4.11,,,,,,,
JR어음1,2014-08-22,4.18,,,,,,,
JR어음1,2014-08-23,4.21,,,,,,,
JR어음1,2014-08-24,4.23,,,,,,,
JR어음1,2014-08-25,4.25,,,,,,,
JR어음1,2014-08-26,4.26,,,,,,,
JR어음1,2014-08-27,4.27,,,,,,,
JR어음1,2014-08-28,4.28,,,,,,,
JR어음1,2014-08-29,4.31,,,,,,,
JR어음1,2014-08-30,4.36,,,,,,,
JR어음1,2014-08-31,4.39,,,,,,,
JR어음1,2014-09-01,4.4,,,,,,,
JR어음1,2014-09-02,4.42,,,,,,,
JR어음1,2014-09-03,4.43,,,,,,,
JR어음1,2014-09-04,4.45,,,,,,,
JR어음1,2014-09-05,4.47,,,,,,,
JR어음1,2014-09-06,4.51,,,,,,,
JR어음1,2014-09-07,4.55,,,,,,,
JR어음1,2014-09-08,4.59,,,,,,,
JR어음1,2014-09-09,4.6,,,,,,,
JR어음1,2014-09-10,4.61,,,,,,,
JR어음1,2014-09-11,4.64,,,,,,,
JR어음1,2014-09-12,4.67,,,,,,,
JR어음1,2014-09-13,4.7,,,,,,,
JR어음1,2014-09-14,4.7,,,,,,,
JR어음1,2014-09-15,4.7,,,,,,,
JR어음1,2014-09-16,4.68,,,,,,,
JR어음1,2014-09-17,4.68,,,,,,,
JR어음1,2014-09-18,4.68,,,,,,,
JR어음1,2014-09-19,4.71,,,,,,,
JR어음1,2014-09-20,4.74,,,,,,,
JR어음1,2014-09-21,4.76,,,,,,,
JR어음1,2014-09-22,4.79,,,,,,,
JR어음1,2014-09-23,4.84,,,,,,,
JR어음1,2014-09-24,4.91,,,,,,,
JR어음1,2014-09-25,4.93,,,,,,,
JR어음1,2014-09-26,4.95,,,,,,,
JR어음1,2014-09-27,4.97,,,,,,,
JR어음1,2014-09-28,4.98,,,,,,,
JR어음1,2014-09-29,4.99,,,,,,,
JR어음1,2014-09-30,4.99,,,,,,,
JR어음1,2014-10-01,5.02,,,,,,,
JR어음1,2014-10-02,5.03,,,,,,,
JR어음1,2014-10-03,5.02,,,,,,,
JR어음1,2014-10-04,4.99,,,,,,,
JR어음1,2014-10-05,5.02,,,,,,,
JR어음1,2014-10-06,5.03,,,,,,,
JR어음1,2014-10-07,5.01,,,,,,,
JR어음1,2014-10-08,5.02,,,,,,,
JR어음1,2014-10-09,5.04,,,,,,,
JR어음1,2014-10-10,5.05,,,,,,,
JR어음1,2014-10-11,5.09,,,,,,,
JR어음1,2014-10-12,5.14,,,,,,,
JR어음1,2014-10-13,5.19,,,,,,,
JR어음1,2014-10-14,5.19,,,,,,,
JR어음1,2014-10-15,5.16,,,,,,,
JR어음1,2014-10-16,5.14,,,,,,,
JR어음1,2014-10-17,5.11,,,,,,,
JR어음1,2014-10-18,5.09,,,,,,,
JR어음1,2014-10-19,5.08,,,,,,,
JR어음1,2014-10-20,5.08,,,,,,,
JR어음1,2014-10-21,5.09,,,,,,,
JR어음1,2014-10-22,5.1,,,,,,,
JR어음1,2014-10-23,5.1,,,,,,,
JR어음1,2014-10-24,5.1,,,,,,,
JR어음1,2014-10-25,5.09,,,,,,,
JR어음1,2014-10-26,5.09,,,,,,,
JR어음1,2014-10-27,5.07,,,,,,,
JR어음1,2014-10-28,5.06,,,,,,,
JR어음1,2014-10-29,5.04,,,,,,,
JR어음1,2014-10-30,5.04,,,,,,,
JR어음1,2014-10-31,5.05,,,,,,,
JR어음1,2014-11-01,5.06,,,,,,,
JR어음1,2014-11-02,5.06,,,,,,,
JR어음1,2014-11-03,5.05,,,,,,,
JR어음1,2014-11-04,5.04,,,,,,,
JR어음1,2014-11-05,5.04,,,,,,,
JR어음1,2014-11-06,5.04,,,,,,,
JR어음1,2014-11-07,5.03,,,,,,,
JR어음1,2014-11-08,5.03,,,,,,,
JR어음1,2014-11-09,5.02,,,,,,,
JR어음1,2014-11-10,5.02,,,,,,,
JR어음1,2014-11-11,5.01,,,,,,,
JR어음1,2014-11-12,5.0,,,,,,,
JR어음1,2014-11-13,4.95,,,,,,,
JR어음1,2014-11-14,4.92,,,,,,,
JR어음1,2014-11-15,4.88,,,,,,,
JR어음1,2014-11-16,4.87,,,,,,,
JR어음1,2014-11-17,4.85,,,,,,,
JR어음1,2014-11-18,4.83,,,,,,,
JR어음1,2014-11-19,4.82,,,,,,,
JR어음1,2014-11-20,4.82,,,,,,,
JR어음1,2014-11-21,4.82,,,,,,,
JR어음1,2014-11-22,4.83,,,,,,,
JR어음1,2014-11-23,4.84,,,,,,,
JR어음1,2014-11-24,4.87,,,,,,,
JR어음1,2014-11-25,4.9,,,,,,,
JR어음1,2014-11-26,4.92,,,,,,,
JR어음1,2014-11-27,4.92,,,,,,,
JR어음1,2014-11-28,4.92,,,,,,,
JR어음1,2014-11-29,4.89,,,,,,,
JR어음1,2014-11-30,4.91,,,,,,,
JR어음1,2014-12-01,4.88,,,,,,,
JR어음1,2014-12-02,4.85,,,,,,,
JR어음1,2014-12-03,4.78,,,,,,,
JR어음1,2014-12-04,4.72,,,,,,,
JR어음1,2014-12-05,4.71,,,,,,,
JR어음1,2014-12-06,4.69,,,,,,,
JR어음1,2014-12-07,4.68,,,,,,,
JR어음1,2014-12-08,4.68,,,,,,,
JR어음1,2014-12-09,4.66,,,,,,,
JR어음1,2014-12-10,4.66,,,,,,,
JR어음1,2014-12-11,4.64,,,,,,,
JR어음1,2014-12-12,4.62,,,,,,,
JR어음1,2014-12-13,4.59,,,,,,,
JR어음1,2014-12-14,4.57,,,,,,,
JR어음1,2014-12-15,4.56,,,,,,,
JR어음1,2014-12-16,4.56,,,,,,,
JR어음1,2014-12-17,4.52,,,,,,,
JR어음1,2014-12-18,4.5,,,,,,,
JR어음1,2014-12-19,4.52,,,,,,,
JR어음1,2014-12-20,4.52,,,,,,,
JR어음1,2014-12-21,4.51,,,,,,,
JR어음1,2014-12-22,4.5,,,,,,,
JR어음1,2014-12-23,4.49,,,,,,,
JR어음1,2014-12-24,4.5,,,,,,,
JR어음1,2014-12-25,4.48,,,,,,,
JR어음1,2014-12-26,4.46,,,,,,,
JR어음1,2014-12-27,4.45,,,,,,,
JR어음1,2014-12-28,4.45,,,,,,,
JR어음1,2014-12-29,4.43,,,,,,,
JR어음1,2014-12-30,4.41,,,,,,,
JR어음1,2014-12-31,4.4,,,,,,,
JR어음1,2015-01-01,4.38,,,,,,,
JR어음1,2015-01-02,4.36,,,,,,,
JR어음1,2015-01-03,4.36,,,,,,,
JR어음1,2015-01-04,4.36,,,,,,,
JR어음1,2015-01-05,4.37,,,,,,,
JR어음1,2015-01-06,4.37,,,,,,,
JR어음1,2015-01-07,4.34,,,,,,,
JR어음1,2015-01-08,4.32,,,,,,,
JR어음1,2015-01-09,4.3,,,,,,,
JR어음1,2015-01-10,4.28,,,,,,,
JR어음1,2015-01-11,4.25,,,,,,,
JR어음1,2015-01-12,4.22,,,,,,,
JR어음1,2015-01-13,4.21,,,,,,,
JR어음1,2015-01-14,4.21,,,,,,,
JR어음1,2015-01-15,4.23,,,,,,,
JR어음1,2015-01-16,4.24,,,,,,,
JR어음1,2015-01-17,4.21,,,,,,,
JR어음1,2015-01-18,4.22,,,,,,,
JR어음1,2015-01-19,4.22,,,,,,,
JR어음1,2015-01-20,4.23,,,,,,,
JR어음1,2015-01-21,4.25,,,,,,,
JR어음1,2015-01-22,4.26,,,,,,,
JR어음1,2015-01-23,4.24,,,,,,,
JR어음1,2015-01-24,4.23,,,,,,,
JR어음1,2015-01-25,4.22,,,,,,,
JR어음1,2015-01-26,4.21,,,,,,,
JR어음1,2015-01-27,4.17,,,,,,,
JR어음1,2015-01-28,4.13,,,,,,,
JR어음1,2015-01-29,4.11,,,,,,,
JR어음1,2015-01-30,4.09,,,,,,,
JR어음1,2015-01-31,4.07,,,,,,,
JR어음1,2015-02-01,4.06,,,,,,,
JR어음1,2015-02-02,4.06,,,,,,,
JR어음1,2015-02-03,4.06,,,,,,,
JR어음1,2015-02-04,4.06,,,,,,,
JR어음1,2015-02-05,4.05,,,,,,,
JR어음1,2015-02-06,4.03,,,,,,,
JR어음1,2015-02-07,4.03,,,,,,,
JR어음1,2015-02-08,4.01,,,,,,,
JR어음1,2015-02-09,3.98,,,,,,,
JR어음1,2015-02-10,3.96,,,,,,,
JR어음1,2015-02-11,3.97,,,,,,,
JR어음1,2015-02-12,3.95,,,,,,,
JR어음1,2015-02-13,3.93,,,,,,,
JR어음1,2015-02-14,3.91,,,,,,,
JR어음1,2015-02-15,3.93,,,,,,,
JR어음1,2015-02-16,3.97,,,,,,,
JR어음1,2015-02-17,3.97,,,,,,,
JR어음1,2015-02-18,3.97,,,,,,,
JR어음1,2015-02-19,3.96,,,,,,,
JR어음1,2015-02-20,3.98,,,,,,,
JR어음1,2015-02-21,4.01,,,,,,,
JR어음1,2015-02-22,4.0,,,,,,,
JR어음1,2015-02-23,3.97,,,,,,,
JR어음1,2015-02-24,3.95,,,,,,,
JR어음1,2015-02-25,3.93,,,,,,,
JR어음1,2015-02-26,3.89,,,,,,,
JR어음1,2015-02-27,3.85,,,,,,,
JR어음1,2015-02-28,3.84,,,,,,,
JR어음1,2015-03-01,3.82,,,,,,,
JR어음1,2015-03-02,3.81,,,,,,,
JR어음1,2015-03-03,3.81,,,,,,,
JR어음1,2015-03-04,3.78,,,,,,,
JR어음1,2015-03-05,3.77,,,,,,,
JR어음1,2015-03-06,3.78,,,,,,,
JR어음1,2015-03-07,3.78,,,,,,,
JR어음1,2015-03-08,3.77,,,,,,,
JR어음1,2015-03-09,3.76,,,,,,,
JR어음1,2015-03-10,3.73,,,,,,,
JR어음1,2015-03-11,3.7,,,,,,,
JR어음1,2015-03-12,3.68,,,,,,,
JR어음1,2015-03-13,3.67,,,,,,,
JR어음1,2015-03-14,3.65,,,,,,,
JR어음1,2015-03-15,3.64,,,,,,,
JR어음1,2015-03-16,3.63,,,,,,,
JR어음1,2015-03-17,3.63,,,,,,,
JR어음1,2015-03-18,3.72,,,,,,,
JR어음1,2015-03-19,3.82,,,,,,,
JR어음1,2015-03-20,3.87,,,,,,,
JR어음1,2015-03-21,3.88,,,,,,,
JR어음1,2015-03-22,3.87,,,,,,,
JR어음1,2015-03-23,3.85,,,,,,,
JR어음1,2015-03-24,3.82,,,,,,,
JR어음1,2015-03-25,3.77,,,,,,,
JR어음1,2015-03-26,3.73,,,,,,,
JR어음1,2015-03-27,3.69,,,,,,,
JR어음1,2015-03-28,3.67,,,,,,,
JR어음1,2015-03-29,3.66,,,,,,,
JR어음1,2015-03-30,3.66,,,,,,,
JR어음1,2015-03-31,3.66,,,,,,,
JR어음1,2015-04-01,3.66,,,,,,,
JR어음1,2015-04-02,3.69,,,,,,,
JR어음1,2015-04-03,3.7,,,,,,,
JR어음1,2015-04-04,3.71,,,,,,,
JR어음1,2015-04-05,3.71,,,,,,,
JR어음1,2015-04-06,3.72,,,,,,,
JR어음1,2015-04-07,3.73,,,,,,,
JR어음1,2015-04-08,3.73,,,,,,,
JR어음1,2015-04-09,3.71,,,,,,,
JR어음1,2015-04-10,3.7,,,,,,,
JR어음1,2015-04-11,3.67,,,,,,,
JR어음1,2015-04-12,3.65,,,,,,,
JR어음1,2015-04-13,3.66,,,,,,,
JR어음1,2015-04-14,3.67,,,,,,,
JR어음1,2015-04-15,3.65,,,,,,,
JR어음1,2015-04-16,3.66,,,,,,,
JR어음1,2015-04-17,3.67,,,,,,,
JR어음1,2015-04-18,3.69,,,,,,,
JR어음1,2015-04-19,3.8,,,,,,,
JR어음1,2015-04-20,3.9,,,,,,,
JR어음1,2015-04-21,3.92,,,,,,,
JR어음1,2015-04-22,3.89,,,,,,,
JR어음1,2015-04-23,3.84,,,,,,,
JR어음1,2015-04-24,3.79,,,,,,,
JR어음1,2015-04-25,3.75,,,,,,,
JR어음1,2015-04-26,3.7,,,,,,,
JR어음1,2015-04-27,3.67,,,,,,,
JR어음1,2015-04-28,3.67,,,,,,,
JR어음1,2015-04-29,3.68,,,,,,,
JR어음1,2015-04-30,3.68,,,,,,,
JR어음1,2015-05-01,3.67,,,,,,,
JR어음1,2015-05-02,3.68,,,,,,,
JR어음1,2015-05-03,3.72,,,,,,,
JR어음1,2015-05-04,3.73,,,,,,,
JR어음1,2015-05-05,3.71,,,,,,,
JR어음1,2015-05-06,3.71,,,,,,,
JR어음1,2015-05-07,3.72,,,,,,,
JR어음1,2015-05-08,3.71,,,,,,,
JR어음1,2015-05-09,3.7,,,,,,,
JR어음1,2015-05-10,3.68,,,,,,,
JR어음1,2015-05-11,3.69,,,,,,,
JR어음1,2015-05-12,3.9,,,,,,,
JR어음1,2015-05-13,3.98,,,,,,,
JR어음1,2015-05-14,4.0,,,,,,,
JR어음1,2015-05-15,4.03,,,,,,,
JR어음1,2015-05-16,4.03,,,,,,,
JR어음1,2015-05-17,4.02,,,,,,,
JR어음1,2015-05-18,4.06,,,,,,,
JR어음1,2015-05-19,4.12,,,,,,,
JR어음1,2015-05-20,4.13,,,,,,,
JR어음1,2015-05-21,4.11,,,,,,,
JR어음1,2015-05-22,4.08,,,,,,,
JR어음1,2015-05-23,4.06,,,,,,,
JR어음1,2015-05-24,4.05,,,,,,,
JR어음1,2015-05-25,4.02,,,,,,,
JR어음1,2015-05-26,4.0,,,,,,,
JR어음1,2015-05-27,3.98,,,,,,,
JR어음1,2015-05-28,3.98,,,,,,,
JR어음1,2015-05-29,3.99,,,,,,,
JR어음1,2015-05-30,4.01,,,,,,,
JR어음1,2015-05-31,4.02,,,,,,,
JR어음1,2015-06-01,4.02,,,,,,,
JR어음1,2015-06-02,4.05,,,,,,,
JR어음1,2015-06-03,4.09,,,,,,,
JR어음1,2015-06-04,4.13,,,,,,,
JR어음1,2015-06-05,4.17,,,,,,,
JR어음1,2015-06-06,4.18,,,,,,,
JR어음1,2015-06-07,4.19,,,,,,,
JR어음1,2015-06-08,4.2,,,,,,,
JR어음1,2015-06-09,4.18,,,,,,,
JR어음1,2015-06-10,4.17,,,,,,,
JR어음1,2015-06-11,4.17,,,,,,,
JR어음1,2015-06-12,4.15,,,,,,,
JR어음1,2015-06-13,4.14,,,,,,,
JR어음1,2015-06-14,4.15,,,,,,,
JR어음1,2015-06-15,4.15,,,,,,,
JR어음1,2015-06-16,4.16,,,,,,,
JR어음1,2015-06-17,4.18,,,,,,,
JR어음1,2015-06-18,4.22,,,,,,,
JR어음1,2015-06-19,4.23,,,,,,,
JR어음1,2015-06-20,4.22,,,,,,,
JR어음1,2015-06-21,4.21,,,,,,,
JR어음1,2015-06-22,4.19,,,,,,,
JR어음1,2015-06-23,4.19,,,,,,,
JR어음1,2015-06-24,4.19,,,,,,,
JR어음1,2015-06-25,4.29,,,,,,,
JR어음1,2015-06-26,4.35,,,,,,,
JR어음1,2015-06-27,4.38,,,,,,,
JR어음1,2015-06-28,4.39,,,,,,,
JR어음1,2015-06-29,4.4,,,,,,,
JR어음1,2015-06-30,4.43,,,,,,,
JR어음1,2015-07-01,4.54,,,,,,,
JR어음1,2015-07-02,4.59,,,,,,,
JR어음1,2015-07-03,4.59,,,,,,,
JR어음1,2015-07-04,4.57,,,,,,,
JR어음1,2015-07-05,4.55,,,,,,,
JR어음1,2015-07-06,4.54,,,,,,,
JR어음1,2015-07-07,4.54,,,,,,,
JR어음1,2015-07-08,4.66,,,,,,,
JR어음1,2015-07-09,4.77,,,,,,,
JR어음1,2015-07-10,4.78,,,,,,,
JR어음1,2015-07-11,4.79,,,,,,,
JR어음1,2015-07-12,5.05,,,,,,,
JR어음1,2015-07-13,5.41,,,,,,,
JR어음1,2015-07-14,5.49,,,,,,,
JR어음1,2015-07-15,5.48,,,,,,,
JR어음1,2015-07-16,5.45,,,,,,,
JR어음1,2015-07-17,5.46,,,,,,,
JR어음1,2015-07-18,5.45,,,,,,,
JR어음1,2015-07-19,5.43,,,,,,,
JR어음1,2015-07-20,5.39,,,,,,,
JR어음1,2015-07-21,5.35,,,,,,,
JR어음1,2015-07-22,5.32,,,,,,,
JR어음1,2015-07-23,5.31,,,,,,,
JR어음1,2015-07-24,5.28,,,,,,,
JR어음1,2015-07-25,5.27,,,,,,,
JR어음1,2015-07-26,5.27,,,,,,,
JR어음1,2015-07-27,5.27,,,,,,,
JR어음1,2015-07-28,5.27,,,,,,,
JR어음1,2015-07-29,5.27,,,,,,,
JR어음1,2015-07-30,5.28,,,,,,,
JR어음1,2015-07-31,5.25,,,,,,,
JR어음1,2015-08-01,5.25,,,,,,,
JR어음1,2015-08-02,5.25,,,,,,,
JR어음1,2015-08-03,5.25,,,,,,,
JR어음1,2015-08-04,5.24,,,,,,,
JR어음1,2015-08-05,5.24,,,,,,,
JR어음1,2015-08-06,5.25,,,,,,,
JR어음1,2015-08-07,5.27,,,,,,,
JR어음1,2015-08-08,5.27,,,,,,,
JR어음1,2015-08-09,5.25,,,,,,,
JR어음1,2015-08-10,5.24,,,,,,,
JR어음1,2015-08-11,5.23,,,,,,,
JR어음1,2015-08-12,5.3,,,,,,,
JR어음1,2015-08-13,5.4,,,,,,,
JR어음1,2015-08-14,5.44,,,,,,,
JR어음1,2015-08-15,5.47,,,,,,,
JR어음1,2015-08-16,5.45,,,,,,,
JR어음1,2015-08-17,5.47,,,,,,,
JR어음1,2015-08-18,5.5,,,,,,,
JR어음1,2015-08-19,5.51,,,,,,,
JR어음1,2015-08-20,5.48,,,,,,,
JR어음1,2015-08-21,5.45,,,,,,,
JR어음1,2015-08-22,5.5,,,,,,,
JR어음1,2015-08-23,5.51,,,,,,,
JR어음1,2015-08-24,5.5,,,,,,,
JR어음1,2015-08-25,5.51,,,,,,,
JR어음1,2015-08-26,5.62,,,,,,,
JR어음1,2015-08-27,5.65,,,,,,,
JR어음1,2015-08-28,5.66,,,,,,,
JR어음1,2015-08-29,5.66,,,,,,,
JR어음1,2015-08-30,5.67,,,,,,,
JR어음1,2015-08-31,5.66,,,,,,,
JR어음1,2015-09-01,5.65,,,,,,,
JR어음1,2015-09-02,5.66,,,,,,,
JR어음1,2015-09-03,5.63,,,,,,,
JR어음1,2015-09-04,5.6,,,,,,,
JR어음1,2015-09-05,5.54,,,,,,,
JR어음1,2015-09-06,5.52,,,,,,,
JR어음1,2015-09-07,5.59,,,,,,,
JR어음1,2015-09-08,5.62,,,,,,,
JR어음1,2015-09-09,5.62,,,,,,,
JR어음1,2015-09-10,5.6,,,,,,,
JR어음1,2015-09-11,5.57,,,,,,,
JR어음1,2015-09-12,5.56,,,,,,,
JR어음1,2015-09-13,5.61,,,,,,,
JR어음1,2015-09-14,5.62,,,,,,,
JR어음1,2015-09-15,5.6,,,,,,,
JR어음1,2015-09-16,5.58,,,,,,,
JR어음1,2015-09-17,5.59,,,,,,,
JR어음1,2015-09-18,5.6,,,,,,,
JR어음1,2015-09-19,5.58,,,,,,,
JR어음1,2015-09-20,5.53,,,,,,,
JR어음1,2015-09-21,5.52,,,,,,,
JR어음1,2015-09-22,5.52,,,,,,,
JR어음1,2015-09-23,5.47,,,,,,,
JR어음1,2015-09-24,5.47,,,,,,,
JR어음1,2015-09-25,5.51,,,,,,,
JR어음1,2015-09-26,5.56,,,,,,,
JR어음1,2015-09-27,5.58,,,,,,,
JR어음1,2015-09-28,5.61,,,,,,,
JR어음1,2015-09-29,5.65,,,,,,,
JR어음1,2015-09-30,5.65,,,,,,,
JR어음1,2015-10-01,5.64,,,,,,,
JR어음1,2015-10-02,5.74,,,,,,,
JR어음1,2015-10-03,5.77,,,,,,,
JR어음1,2015-10-04,5.76,,,,,,,
JR어음1,2015-10-05,5.71,,,,,,,
JR어음1,2015-10-06,5.65,,,,,,,
JR어음1,2015-10-07,5.6,,,,,,,
JR어음1,2015-10-08,5.55,,,,,,,
JR어음1,2015-10-09,5.53,,,,,,,
JR어음1,2015-10-10,5.51,,,,,,,
JR어음1,2015-10-11,5.53,,,,,,,
JR어음1,2015-10-12,5.54,,,,,,,
JR어음1,2015-10-13,5.52,,,,,,,
JR어음1,2015-10-14,5.49,,,,,,,
JR어음1,2015-10-15,5.47,,,,,,,
JR어음1,2015-10-16,5.45,,,,,,,
JR어음1,2015-10-17,5.43,,,,,,,
JR어음1,2015-10-18,5.41,,,,,,,
JR어음1,2015-10-19,5.37,,,,,,,
JR어음1,2015-10-20,5.34,,,,,,,
JR어음1,2015-10-21,5.34,,,,,,,
JR어음1,2015-10-22,5.35,,,,,,,
JR어음1,2015-10-23,5.35,,,,,,,
JR어음1,2015-10-24,5.34,,,,,,,
JR어음1,2015-10-25,5.36,,,,,,,
JR어음1,2015-10-26,5.36,,,,,,,
JR어음1,2015-10-27,5.33,,,,,,,
JR어음1,2015-10-28,5.39,,,,,,,
JR어음1,2015-10-29,5.41,,,,,,,
JR어음1,2015-10-30,5.42,,,,,,,
JR어음1,2015-10-31,5.43,,,,,,,
JR어음1,2015-11-01,5.37,,,,,,,
JR어음1,2015-11-02,5.34,,,,,,,
JR어음1,2015-11-03,5.35,,,,,,,
JR어음1,2015-11-04,5.31,,,,,,,
JR어음1,2015-11-05,5.26,,,,,,,
JR어음1,2015-11-06,5.24,,,,,,,
JR어음1,2015-11-07,5.22,,,,,,,
JR어음1,2015-11-08,5.22,,,,,,,
JR어음1,2015-11-09,5.23,,,,,,,
JR어음1,2015-11-10,5.27,,,,,,,
JR어음1,2015-11-11,5.29,,,,,,,
JR어음1,2015-11-12,5.29,,,,,,,
JR어음1,2015-11-13,5.23,,,,,,,
JR어음1,2015-11-14,5.21,,,,,,,
JR어음1,2015-11-15,5.24,,,,,,,
JR어음1,2015-11-16,5.21,,,,,,,
JR어음1,2015-11-17,5.2,,,,,,,
JR어음1,2015-11-18,5.18,,,,,,,
JR어음1,2015-11-19,5.23,,,,,,,
JR어음1,2015-11-20,5.25,,,,,,,
JR어음1,2015-11-21,5.27,,,,,,,
JR어음1,2015-11-22,5.28,,,,,,,
JR어음1,2015-11-23,5.27,,,,,,,
JR어음1,2015-11-24,5.29,,,,,,,
JR어음1,2015-11-25,5.29,,,,,,,
JR어음1,2015-11-26,5.31,,,,,,,
JR어음1,2015-11-27,5.38,,,,,,,
JR어음1,2015-11-28,5.42,,,,,,,
JR어음1,2015-11-29,5.4,,,,,,,
JR어음1,2015-11-30,5.37,,,,,,,
JR어음1,2015-12-01,5.34,,,,,,,
JR어음1,2015-12-02,5.28,,,,,,,
JR어음1,2015-12-03,5.26,,,,,,,
JR어음1,2015-12-04,5.28,,,,,,,
JR어음1,2015-12-05,5.27,,,,,,,
JR어음1,2015-12-06,5.26,,,,,,,
JR어음1,2015-12-07,5.25,,,,,,,
JR어음1,2015-12-08,5.25,,,,,,,
JR어음1,2015-12-09,5.21,,,,,,,
JR어음1,2015-12-10,5.12,,,,,,,
JR어음1,2015-12-11,5.19,,,,,,,
JR어음1,2015-12-12,5.31,,,,,,,
JR어음1,2015-12-13,5.33,,,,,,,
JR어음1,2015-12-14,5.31,,,,,,,
JR어음1,2015-12-15,5.31,,,,,,,
JR어음1,2015-12-16,5.31,,,,,,,
JR어음1,2015-12-17,5.32,,,,,,,
JR어음1,2015-12-18,5.34,,,,,,,
JR어음1,2015-12-19,5.33,,,,,,,
JR어음1,2015-12-20,5.28,,,,,,,
JR어음1,2015-12-21,5.26,,,,,,,
JR어음1,2015-12-22,5.27,,,,,,,
JR어음1,2015-12-23,5.24,,,,,,,
JR어음1,2015-12-24,5.25,,,,,,,
JR어음1,2015-12-25,5.26,,,,,,,
JR어음1,2015-12-26,5.25,,,,,,,
JR어음1,2015-12-27,5.29,,,,,,,
JR어음1,2015-12-28,5.31,,,,,,,
JR어음1,2015-12-29,5.28,,,,,,,
JR어음1,2015-12-30,5.22,,,,,,,
JR어음1,2015-12-31,5.2,,,,,,,
JR어음1,2016-01-01,5.19,,,,,,,
JR어음1,2016-01-02,5.09,,,,,,,
JR어음1,2016-01-03,5.03,,,,,,,
JR어음1,2016-01-04,5.04,,,,,,,
JR어음1,2016-01-05,5.04,,,,,,,
JR어음1,2016-01-06,5.03,,,,,,,
JR어음1,2016-01-07,5.02,,,,,,,
JR어음1,2016-01-08,5.01,,,,,,,
JR어음1,2016-01-09,5.02,,,,,,,
JR어음1,2016-01-10,5.03,,,,,,,
JR어음1,2016-01-11,5.02,,,,,,,
JR어음1,2016-01-12,5.02,,,,,,,
JR어음1,2016-01-13,5.0,,,,,,,
JR어음1,2016-01-14,4.98,,,,,,,
JR어음1,2016-01-15,4.96,,,,,,,
JR어음1,2016-01-16,4.96,,,,,,,
JR어음1,2016-01-17,4.9,,,,,,,
JR어음1,2016-01-18,4.91,,,,,,,
JR어음1,2016-01-19,4.96,,,,,,,
JR어음1,2016-01-20,4.99,,,,,,,
JR어음1,2016-01-21,4.99,,,,,,,
JR어음1,2016-01-22,4.99,,,,,,,
JR어음1,2016-01-23,4.99,,,,,,,
JR어음1,2016-01-24,4.94,,,,,,,
JR어음1,2016-01-25,4.95,,,,,,,
JR어음1,2016-01-26,4.94,,,,,,,
JR어음1,2016-01-27,4.93,,,,,,,
JR어음1,2016-01-28,4.89,,,,,,,
JR어음1,2016-01-29,4.91,,,,,,,
JR어음1,2016-01-30,5.02,,,,,,,
JR어음1,2016-01-31,5.11,,,,,,,
JR어음1,2016-02-01,5.07,,,,,,,
JR어음1,2016-02-02,5.02,,,,,,,
JR어음1,2016-02-03,5.0,,,,,,,
JR어음1,2016-02-04,4.97,,,,,,,
JR어음1,2016-02-05,4.93,,,,,,,
JR어음1,2016-02-06,4.92,,,,,,,
JR어음1,2016-02-07,4.92,,,,,,,
JR어음1,2016-02-08,4.9,,,,,,,
JR어음1,2016-02-09,4.92,,,,,,,
JR어음1,2016-02-10,4.94,,,,,,,
JR어음1,2016-02-11,4.93,,,,,,,
JR어음1,2016-02-12,4.9,,,,,,,
JR어음1,2016-02-13,4.86,,,,,,,
JR어음1,2016-02-14,4.94,,,,,,,
JR어음1,2016-02-15,4.98,,,,,,,
JR어음1,2016-02-16,4.95,,,,,,,
JR어음1,2016-02-17,4.95,,,,,,,
JR어음1,2016-02-18,4.92,,,,,,,
JR어음1,2016-02-19,4.91,,,,,,,
JR어음1,2016-02-20,4.87,,,,,,,
JR어음1,2016-02-21,4.91,,,,,,,
JR어음1,2016-02-22,4.9,,,,,,,
JR어음1,2016-02-23,4.88,,,,,,,
JR어음1,2016-02-24,4.9,,,,,,,
JR어음1,2016-02-25,4.89,,,,,,,
JR어음1,2016-02-26,4.84,,,,,,,
JR어음1,2016-02-27,4.78,,,,,,,
JR어음1,2016-02-28,4.75,,,,,,,
JR어음1,2016-02-29,4.77,,,,,,,
JR어음1,2016-03-01,4.76,,,,,,,
JR어음1,2016-03-02,4.72,,,,,,,
JR어음1,2016-03-03,4.68,,,,,,,
JR어음1,2016-03-04,4.68,,,,,,,
JR어음1,2016-03-05,4.67,,,,,,,
JR어음1,2016-03-06,4.7,,,,,,,
JR어음1,2016-03-07,4.73,,,,,,,
JR어음1,2016-03-08,4.78,,,,,,,
JR어음1,2016-03-09,4.88,,,,,,,
JR어음1,2016-03-10,5.0,,,,,,,
JR어음1,2016-03-11,5.01,,,,,,,
JR어음1,2016-03-12,5.01,,,,,,,
JR어음1,2016-03-13,4.98,,,,,,,
JR어음1,2016-03-14,4.96,,,,,,,
JR어음1,2016-03-15,4.95,,,,,,,
JR어음1,2016-03-16,4.9,,,,,,,
JR어음1,2016-03-17,4.86,,,,,,,
JR어음1,2016-03-18,4.78,,,,,,,
JR어음1,2016-03-19,4.82,,,,,,,
JR어음1,2016-03-20,4.87,,,,,,,
JR어음1,2016-03-21,4.89,,,,,,,
JR어음1,2016-03-22,4.86,,,,,,,
JR어음1,2016-03-23,4.85,,,,,,,
JR어음1,2016-03-24,4.89,,,,,,,
JR어음1,2016-03-25,4.9,,,,,,,
JR어음1,2016-03-26,4.88,,,,,,,
JR어음1,2016-03-27,4.86,,,,,,,
JR어음1,2016-03-29,4.06,,,,,,,
JR어음1,2016-03-30,4.02,,,,,,,
JR어음1,2016-03-31,3.95,,,,,,,
JR어음1,2016-04-01,3.91,,,,,,,
JR어음1,2016-04-02,3.93,,,,,,,
JR어음1,2016-04-03,3.91,,,,,,,
JR어음1,2016-04-04,3.91,,,,,,,
JR어음1,2016-04-05,3.97,,,,,,,
JR어음1,2016-04-06,3.97,,,,,,,
JR어음1,2016-04-07,3.98,,,,,,,
JR어음1,2016-04-08,4.11,,,,,,,
JR어음1,2016-04-09,4.13,,,,,,,
JR어음1,2016-04-10,4.14,,,,,,,
JR어음1,2016-04-11,4.18,,,,,,,
JR어음1,2016-04-12,4.16,,,,,,,
JR어음1,2016-04-13,4.09,,,,,,,
JR어음1,2016-04-14,4.15,,,,,,,
JR어음1,2016-04-15,4.19,,,,,,,
JR어음1,2016-04-16,4.12,,,,,,,
JR어음1,2016-04-17,4.18,,,,,,,
JR어음1,2016-04-18,4.26,,,,,,,
JR어음1,2016-04-19,4.31,,,,,,,
JR어음1,2016-04-20,4.27,,,,,,,
JR어음1,2016-04-21,4.17,,,,,,,
JR어음1,2016-04-22,4.21,,,,,,,
JR어음1,2016-04-23,4.24,,,,,,,
JR어음1,2016-04-24,4.26,,,,,,,
JR어음1,2016-04-25,4.28,,,,,,,
JR어음1,2016-04-26,4.25,,,,,,,
JR어음1,2016-04-27,4.18,,,,,,,
JR어음1,2016-04-28,4.22,,,,,,,
JR어음1,2016-04-29,4.27,,,,,,,
JR어음1,2016-04-30,4.25,,,,,,,
JR어음1,2016-05-01,4.26,,,,,,,
JR어음1,2016-05-02,4.24,,,,,,,
JR어음1,2016-05-03,4.21,,,,,,,
JR어음1,2016-05-04,4.31,,,,,,,
JR어음1,2016-05-05,4.35,,,,,,,
JR어음1,2016-05-06,4.34,,,,,,,
JR어음1,2016-05-07,4.42,,,,,,,
JR어음1,2016-05-08,4.45,,,,,,,
JR어음1,2016-05-09,4.44,,,,,,,
JR어음1,2016-05-10,4.42,,,,,,,
JR어음1,2016-05-11,4.49,,,,,,,
JR어음1,2016-05-12,4.52,,,,,,,
JR어음1,2016-05-13,4.53,,,,,,,
JR어음1,2016-05-14,4.51,,,,,,,
JR어음1,2016-05-15,4.42,,,,,,,
JR어음1,2016-05-16,4.41,,,,,,,
JR어음1,2016-05-17,4.43,,,,,,,
JR어음1,2016-05-18,4.43,,,,,,,
JR어음1,2016-05-19,4.44,,,,,,,
JR어음1,2016-05-20,4.44,,,,,,,
JR어음1,2016-05-21,4.45,,,,,,,
JR어음1,2016-05-22,4.45,,,,,,,
JR어음1,2016-05-23,4.45,,,,,,,
JR어음1,2016-05-24,4.44,,,,,,,
JR어음1,2016-05-25,4.47,,,,,,,
JR어음1,2016-05-26,4.47,,,,,,,
JR어음1,2016-05-27,4.49,,,,,,,
JR어음1,2016-05-28,4.47,,,,,,,
JR어음1,2016-05-29,4.47,,,,,,,
JR어음1,2016-05-30,4.5,,,,,,,
JR어음1,2016-05-31,4.51,,,,,,,
JR어음1,2016-06-01,4.49,,,,,,,
JR어음1,2016-06-02,4.54,,,,,,,
JR어음1,2016-06-03,4.56,,,,,,,
JR어음1,2016-06-04,4.54,,,,,,,
JR어음1,2016-06-05,4.6,,,,,,,
JR어음1,2016-06-06,4.63,,,,,,,
JR어음1,2016-06-07,4.61,,,,,,,
JR어음1,2016-06-08,4.6,,,,,,,
JR어음1,2016-06-09,4.6,,,,,,,
JR어음1,2016-06-10,4.59,,,,,,,
JR어음1,2016-06-11,4.56,,,,,,,
JR어음1,2016-06-12,4.51,,,,,,,
JR어음1,2016-06-13,4.47,,,,,,,
JR어음1,2016-06-14,4.48,,,,,,,
JR어음1,2016-06-15,4.46,,,,,,,
JR어음1,2016-06-16,4.46,,,,,,,
JR어음1,2016-06-17,4.5,,,,,,,
JR어음1,2016-06-18,4.53,,,,,,,
JR어음1,2016-06-19,4.51,,,,,,,
JR어음1,2016-06-20,4.49,,,,,,,
JR어음1,2016-06-21,4.52,,,,,,,
JR어음1,2016-06-22,4.53,,,,,,,
JR어음1,2016-06-23,4.6,,,,,,,
JR어음1,2016-06-24,4.59,,,,,,,
JR어음1,2016-06-25,4.64,,,,,,,
JR어음1,2016-06-26,4.66,,,,,,,
JR어음1,2016-06-27,4.63,,,,,,,
JR어음1,2016-06-28,4.62,,,,,,,
JR어음1,2016-06-29,4.68,,,,,,,
JR어음1,2016-06-30,4.75,,,,,,,
JR어음1,2016-07-05,4.76,,,,,,,
JR어음1,2016-07-06,4.78,,,,,,,
JR어음1,2016-07-07,4.74,,,,,,,
JR어음1,2016-07-08,4.64,,,,,,,
JR어음1,2016-07-09,4.57,,,,,,,
JR어음1,2016-07-10,4.53,,,,,,,
JR어음1,2016-07-11,4.54,,,,,,,
JR어음1,2016-07-12,4.56,,,,,,,
JR어음1,2016-07-13,4.64,,,,,,,
JR어음1,2016-07-14,4.69,,,,,,,
JR어음1,2016-07-15,4.69,,,,,,,
JR어음1,2016-07-16,4.68,,,,,,,
JR어음1,2016-07-17,4.66,,,,,,,
JR어음1,2016-07-18,4.64,,,,,,,
JR어음1,2016-07-19,4.63,,,,,,,
JR어음1,2016-07-20,4.62,,,,,,,
JR어음1,2016-07-21,4.61,,,,,,,
JR어음1,2016-07-22,4.6,,,,,,,
JR어음1,2016-07-23,4.59,,,,,,,
JR어음1,2016-07-24,4.57,,,,,,,
JR어음1,2016-07-25,4.55,,,,,,,
JR어음1,2016-07-26,4.54,,,,,,,
JR어음1,2016-07-27,4.53,,,,,,,
JR어음1,2016-07-28,4.52,,,,,,,
JR어음1,2016-07-29,4.51,,,,,,,
JR어음1,2016-07-30,4.5,,,,,,,
JR어음1,2016-07-31,4.5,,,,,,,
JR어음1,2016-08-01,4.5,,,,,,,
JR어음1,2016-08-02,4.51,,,,,,,
JR어음1,2016-08-03,4.54,,,,,,,
JR어음1,2016-08-04,4.57,,,,,,,
JR어음1,2016-08-05,4.59,,,,,,,
JR어음1,2016-08-06,4.6,,,,,,,
JR어음1,2016-08-07,4.62,,,,,,,
JR어음1,2016-08-08,4.65,,,,,,,
JR어음1,2016-08-09,4.64,,,,,,,
JR어음1,2016-08-10,4.63,,,,,,,
JR어음1,2016-08-11,4.61,,,,,,,
JR어음1,2016-08-12,4.6,,,,,,,
JR어음1,2016-08-13,4.58,,,,,,,
JR어음1,2016-08-14,4.57,,,,,,,
JR어음1,2016-08-15,4.57,,,,,,,
JR어음1,2016-08-16,4.57,,,,,,,
JR어음1,2016-08-17,4.58,,,,,,,
JR어음1,2016-08-18,4.59,,,,,,,
JR어음1,2016-08-19,4.6,,,,,,,
JR어음1,2016-08-20,4.62,,,,,,,
JR어음1,2016-08-21,4.63,,,,,,,
JR어음1,2016-08-22,4.62,,,,,,,
JR어음1,2016-08-23,4.59,,,,,,,
JR어음1,2016-08-24,4.57,,,,,,,
JR어음1,2016-08-25,4.55,,,,,,,
JR어음1,2016-08-26,4.53,,,,,,,
JR어음1,2016-08-27,4.53,,,,,,,
JR어음1,2016-08-28,4.56,,,,,,,
JR어음1,2016-08-29,4.58,,,,,,,
JR어음1,2016-08-30,4.57,,,,,,,
JR어음1,2016-08-31,4.57,,,,,,,
JR어음1,2016-09-01,4.56,,,,,,,
JR어음1,2016-09-02,4.59,,,,,,,
JR어음1,2016-09-03,4.6,,,,,,,
JR어음1,2016-09-04,4.59,,,,,,,
JR어음1,2016-09-05,4.57,,,,,,,
JR어음1,2016-09-06,4.55,,,,,,,
JR어음1,2016-09-07,4.53,,,,,,,
JR어음1,2016-09-08,4.51,,,,,,,
JR어음1,2016-09-09,4.48,,,,,,,
JR어음1,2016-09-10,4.46,,,,,,,
JR어음1,2016-09-11,4.43,,,,,,,
JR어음1,2016-09-12,4.43,,,,,,,
JR어음1,2016-09-13,4.43,,,,,,,
JR어음1,2016-09-14,4.42,,,,,,,
JR어음1,2016-09-16,4.45,,,,,,,
JR어음1,2016-09-17,4.48,,,,,,,
JR어음1,2016-09-18,4.5,,,,,,,
JR어음1,2016-09-19,4.51,,,,,,,
JR어음1,2016-09-20,4.52,,,,,,,
JR어음1,2016-09-21,4.5,,,,,,,
JR어음1,2016-09-22,4.45,,,,,,,
JR어음1,2016-09-23,4.42,,,,,,,
JR어음1,2016-09-24,4.39,,,,,,,
JR어음1,2016-09-25,4.37,,,,,,,
JR어음1,2016-09-26,4.36,,,,,,,
JR어음1,2016-09-27,4.35,,,,,,,
JR어음1,2016-09-28,4.37,,,,,,,
JR어음1,2016-09-29,4.45,,,,,,,
JR어음1,2016-09-30,4.48,,,,,,,
JR어음1,2016-10-01,4.51,,,,,,,
JR어음1,2016-10-02,4.53,,,,,,,
JR어음1,2016-10-03,4.54,,,,,,,
JR어음1,2016-10-04,4.53,,,,,,,
JR어음1,2016-10-05,5.13,,,,,,,
JR어음1,2016-10-06,5.13,,,,,,,
JR어음1,2016-10-07,5.08,,,,,,,
JR어음1,2016-10-08,5.06,,,,,,,
JR어음1,2016-10-09,5.09,,,,,,,
JR어음1,2016-10-10,5.11,,,,,,,
JR어음1,2016-10-11,5.1,,,,,,,
JR어음1,2016-10-12,5.08,,,,,,,
JR어음1,2016-10-13,5.06,,,,,,,
JR어음1,2016-10-14,5.04,,,,,,,
JR어음1,2016-10-15,5.02,,,,,,,
JR어음1,2016-10-16,4.97,,,,,,,
JR어음1,2016-10-17,4.94,,,,,,,
JR어음1,2016-10-18,4.93,,,,,,,
JR어음1,2016-10-19,4.9,,,,,,,
JR어음1,2016-10-20,4.88,,,,,,,
JR어음1,2016-10-21,4.85,,,,,,,
JR어음1,2016-10-22,4.82,,,,,,,
JR어음1,2016-10-23,4.82,,,,,,,
JR어음1,2016-10-24,4.86,,,,,,,
JR어음1,2016-10-25,4.82,,,,,,,
JR어음1,2016-10-26,4.83,,,,,,,
JR어음1,2016-10-27,4.8,,,,,,,
JR어음1,2016-10-28,4.77,,,,,,,
JR어음1,2016-10-29,4.82,,,,,,,
JR어음1,2016-10-30,4.82,,,,,,,
JR어음1,2016-10-31,4.8,,,,,,,
JR어음1,2016-11-01,4.82,,,,,,,
JR어음1,2016-11-02,4.79,,,,,,,
JR어음1,2016-11-03,4.75,,,,,,,
JR어음1,2016-11-04,4.69,,,,,,,
JR어음1,2016-11-05,4.66,,,,,,,
JR어음1,2016-11-06,4.71,,,,,,,
JR어음1,2016-11-07,4.73,,,,,,,
JR어음1,2016-11-08,4.72,,,,,,,
JR어음1,2016-11-09,4.73,,,,,,,
JR어음1,2016-11-10,4.67,,,,,,,
JR어음1,2016-11-11,4.67,,,,,,,
JR어음1,2016-11-12,4.7,,,,,,,
JR어음1,2016-11-13,4.71,,,,,,,
JR어음1,2016-11-14,4.69,,,,,,,
JR어음1,2016-11-15,4.74,,,,,,,
JR어음1,2016-11-16,4.78,,,,,,,
JR어음1,2016-11-17,4.78,,,,,,,
JR어음1,2016-11-18,4.73,,,,,,,
JR어음1,2016-11-19,4.7,,,,,,,
JR어음1,2016-11-20,4.72,,,,,,,
JR어음1,2016-11-21,4.69,,,,,,,
JR어음1,2016-11-22,4.72,,,,,,,
JR어음1,2016-11-23,4.72,,,,,,,
JR어음1,2016-11-24,4.7,,,,,,,
JR어음1,2016-11-25,4.68,,,,,,,
JR어음1,2016-11-26,4.64,,,,,,,
JR어음1,2016-11-27,4.64,,,,,,,
JR어음1,2016-11-28,4.7,,,,,,,
JR어음1,2016-11-29,4.73,,,,,,,
JR어음1,2016-11-30,4.69,,,,,,,
JR어음1,2016-12-01,4.68,,,,,,,
JR어음1,2016-12-02,4.7,,,,,,,
JR어음1,2016-12-03,4.66,,,,,,,
JR어음1,2016-12-04,4.6,,,,,,,
JR어음1,2016-12-05,4.59,,,,,,,
JR어음1,2016-12-06,4.63,,,,,,,
JR어음1,2016-12-07,4.6,,,,,,,
JR어음1,2016-12-08,4.56,,,,,,,
JR어음1,2016-12-09,4.54,,,,,,,
JR어음1,2016-12-10,4.57,,,,,,,
JR어음1,2016-12-11,4.57,,,,,,,
JR어음1,2016-12-12,4.55,,,,,,,
JR어음1,2016-12-13,4.52,,,,,,,
JR어음1,2016-12-14,4.55,,,,,,,
JR어음1,2016-12-15,4.57,,,,,,,
JR어음1,2016-12-16,4.57,,,,,,,
JR어음1,2016-12-17,4.55,,,,,,,
JR어음1,2016-12-18,4.49,,,,,,,
JR어음1,2016-12-19,4.41,,,,,,,
JR어음1,2016-12-20,4.39,,,,,,,
JR어음1,2016-12-21,4.34,,,,,,,
JR어음1,2016-12-22,4.3,,,,,,,
JR어음1,2016-12-23,4.35,,,,,,,
JR어음1,2016-12-24,4.4,,,,,,,
JR어음1,2016-12-25,4.39,,,,,,,
JR어음1,2016-12-26,4.3,,,,,,,
JR어음1,2016-12-27,4.36,,,,,,,
JR어음1,2016-12-28,4.42,,,,,,,
JR어음1,2016-12-29,4.43,,,,,,,
JR어음1,2016-12-30,4.43,,,,,,,
JR어음1,2016-12-31,4.4,,,,,,,
JR어음1,2017-01-01,4.36,,,,,,,
JR어음1,2017-01-02,4.3,,,,,,,
JR어음1,2017-01-03,4.29,,,,,,,
JR어음1,2017-01-04,4.27,,,,,,,
JR어음1,2017-01-05,4.26,,,,,,,
JR어음1,2017-01-06,4.26,,,,,,,
JR어음1,2017-01-07,4.2,,,,,,,
JR어음1,2017-01-08,4.15,,,,,,,
JR어음1,2017-01-09,4.18,,,,,,,
JR어음1,2017-01-10,4.21,,,,,,,
JR어음1,2017-01-11,4.22,,,,,,,
JR어음1,2017-01-12,4.17,,,,,,,
JR어음1,2017-01-13,4.14,,,,,,,
JR어음1,2017-01-14,4.19,,,,,,,
JR어음1,2017-01-15,4.22,,,,,,,
JR어음1,2017-01-16,4.2,,,,,,,
JR어음1,2017-01-17,4.21,,,,,,,
JR어음1,2017-01-18,4.17,,,,,,,
JR어음1,2017-01-19,4.1,,,,,,,
JR어음1,2017-01-20,4.06,,,,,,,
JR어음1,2017-01-21,4.07,,,,,,,
JR어음1,2017-01-22,4.04,,,,,,,
JR어음1,2017-01-23,4.04,,,,,,,
JR어음1,2017-01-24,4.05,,,,,,,
JR어음1,2017-01-25,4.04,,,,,,,
JR어음1,2017-01-26,4.0,,,,,,,
JR어음1,2017-01-27,3.98,,,,,,,
JR어음1,2017-01-28,3.96,,,,,,,
JR어음1,2017-01-29,3.9,,,,,,,
JR어음1,2017-01-30,3.96,,,,,,,
JR어음1,2017-01-31,3.98,,,,,,,
JR어음1,2017-02-01,3.96,,,,,,,
JR어음1,2017-02-02,3.96,,,,,,,
JR어음1,2017-02-03,3.9,,,,,,,
JR어음1,2017-02-04,3.83,,,,,,,
JR어음1,2017-02-05,3.78,,,,,,,
JR어음1,2017-02-06,3.82,,,,,,,
JR어음1,2017-02-07,3.83,,,,,,,
JR어음1,2017-02-08,3.79,,,,,,,
JR어음1,2017-02-09,3.77,,,,,,,
JR어음1,2017-02-10,3.78,,,,,,,
JR어음1,2017-02-11,3.82,,,,,,,
JR어음1,2017-02-12,3.86,,,,,,,
JR어음1,2017-02-13,3.87,,,,,,,
JR어음1,2017-02-14,3.87,,,,,,,
JR어음1,2017-02-15,3.82,,,,,,,
JR어음1,2017-02-16,3.72,,,,,,,
JR어음1,2017-02-17,3.7,,,,,,,
JR어음1,2017-02-18,3.71,,,,,,,
JR어음1,2017-02-19,3.63,,,,,,,
JR어음1,2017-02-20,3.59,,,,,,,
JR어음1,2017-02-21,3.68,,,,,,,
JR어음1,2017-02-22,3.6,,,,,,,
JR어음1,2017-02-23,3.66,,,,,,,
JR어음1,2017-02-24,3.71,,,,,,,
JR어음1,2017-02-25,3.7,,,,,,,
JR어음1,2017-02-26,3.7,,,,,,,
JR어음1,2017-02-27,3.71,,,,,,,
JR어음1,2017-02-28,3.71,,,,,,,
JR어음1,2017-03-01,3.63,,,,,,,
JR어음1,2017-03-02,3.62,,,,,,,
JR어음1,2017-03-03,3.6,,,,,,,
JR어음1,2017-03-04,3.55,,,,,,,
JR어음1,2017-03-05,3.51,,,,,,,
JR어음1,2017-03-06,3.49,,,,,,,
JR어음1,2017-03-07,3.48,,,,,,,
JR어음1,2017-03-08,3.45,,,,,,,
JR어음1,2017-03-09,3.43,,,,,,,
JR어음1,2017-03-10,3.45,,,,,,,
JR어음1,2017-03-11,3.48,,,,,,,
JR어음1,2017-03-12,3.47,,,,,,,
JR어음1,2017-03-13,3.43,,,,,,,
JR어음1,2017-03-14,3.44,,,,,,,
JR어음1,2017-03-15,3.45,,,,,,,
JR어음1,2017-03-16,3.43,,,,,,,
JR어음1,2017-03-17,3.42,,,,,,,
JR어음1,2017-03-18,3.4,,,,,,,
JR어음1,2017-03-19,3.38,,,,,,,
JR어음1,2017-03-20,3.31,,,,,,,
JR어음1,2017-03-21,3.32,,,,,,,
JR어음1,2017-03-22,3.34,,,,,,,
JR어음1,2017-03-23,3.32,,,,,,,
JR어음1,2017-03-24,3.31,,,,,,,
JR어음1,2017-03-25,3.3,,,,,,,
JR어음1,2017-03-26,3.3,,,,,,,
JR어음1,2017-03-27,3.33,,,,,,,
JR어음1,2017-03-28,3.33,,,,,,,
JR어음1,2017-03-29,3.31,,,,,,,
JR어음1,2017-03-30,3.32,,,,,,,
JR어음1,2017-03-31,3.31,,,,,,,
JR어음1,2017-04-01,3.31,,,,,,,
JR어음1,2017-04-02,3.3,,,,,,,
JR어음1,2017-04-03,3.31,,,,,,,
JR어음1,2017-04-04,3.28,,,,,,,
JR어음1,2017-04-05,3.21,,,,,,,
JR어음1,2017-04-06,3.17,,,,,,,
JR어음1,2017-04-07,3.22,,,,,,,
JR어음1,2017-04-08,3.26,,,,,,,
JR어음1,2017-04-09,3.27,,,,,,,
JR어음1,2017-04-10,3.25,,,,,,,
JR어음1,2017-04-11,3.28,,,,,,,
JR어음1,2017-04-12,3.32,,,,,,,
JR어음1,2017-04-13,3.32,,,,,,,
JR어음1,2017-04-14,3.27,,,,,,,
JR어음1,2017-04-15,3.26,,,,,,,
JR어음1,2017-04-16,3.26,,,,,,,
JR어음1,2017-04-17,3.16,,,,,,,
JR어음1,2017-04-18,3.16,,,,,,,
JR어음1,2017-04-19,3.21,,,,,,,
JR어음1,2017-04-20,3.19,,,,,,,
JR어음1,2017-04-21,3.16,,,,,,,
JR어음1,2017-04-22,3.16,,,,,,,
JR어음1,2017-04-23,3.18,,,,,,,
JR어음1,2017-04-24,3.18,,,,,,,
JR어음1,2017-04-25,3.17,,,,,,,
JR어음1,2017-04-26,3.16,,,,,,,
JR어음1,2017-04-27,3.18,,,,,,,
JR어음1,2017-04-28,3.16,,,,,,,
JR어음1,2017-04-29,3.13,,,,,,,
JR어음1,2017-04-30,3.12,,,,,,,
JR어음1,2017-05-01,3.14,,,,,,,
JR어음1,2017-05-02,3.15,,,,,,,
JR어음1,2017-05-03,3.14,,,,,,,
JR어음1,2017-05-04,3.09,,,,,,,
JR어음1,2017-05-05,3.08,,,,,,,
JR어음1,2017-05-06,3.1,,,,,,,
JR어음1,2017-05-07,3.08,,,,,,,
JR어음1,2017-05-08,3.05,,,,,,,
JR어음1,2017-05-09,3.02,,,,,,,
JR어음1,2017-05-10,3.06,,,,,,,
JR어음1,2017-05-11,3.06,,,,,,,
JR어음1,2017-05-12,3.05,,,,,,,
JR어음1,2017-05-13,3.08,,,,,,,
JR어음1,2017-05-14,3.12,,,,,,,
JR어음1,2017-05-15,3.12,,,,,,,
JR어음1,2017-05-16,3.08,,,,,,,
JR어음1,2017-05-17,3.06,,,,,,,
JR어음1,2017-05-18,3.07,,,,,,,
JR어음1,2017-05-19,3.05,,,,,,,
JR어음1,2017-05-20,3.02,,,,,,,
JR어음1,2017-05-21,3.0,,,,,,,
JR어음1,2017-05-22,3.03,,,,,,,
JR어음1,2017-05-23,3.01,,,,,,,
JR어음1,2017-05-24,2.98,,,,,,,
JR어음1,2017-05-25,2.99,,,,,,,
JR어음1,2017-05-26,3.02,,,,,,,
JR어음1,2017-05-27,3.04,,,,,,,
JR어음1,2017-05-28,3.04,,,,,,,
JR어음1,2017-05-29,3.0,,,,,,,
JR어음1,2017-05-30,2.94,,,,,,,
JR어음1,2017-05-31,2.86,,,,,,,
JR어음1,2017-06-01,2.83,,,,,,,
JR어음1,2017-06-02,2.85,,,,,,,
JR어음1,2017-06-03,2.88,,,,,,,
JR어음1,2017-06-04,2.89,,,,,,,
JR어음1,2017-06-05,2.9,,,,,,,
JR어음1,2017-06-06,2.89,,,,,,,
JR어음1,2017-06-07,2.88,,,,,,,
JR어음1,2017-06-08,2.9,,,,,,,
JR어음1,2017-06-09,2.87,,,,,,,
JR어음1,2017-06-10,2.85,,,,,,,
JR어음1,2017-06-11,2.86,,,,,,,
JR어음1,2017-06-12,2.9,,,,,,,
JR어음1,2017-06-13,2.9,,,,,,,
JR어음1,2017-06-14,2.88,,,,,,,
JR어음1,2017-06-15,2.89,,,,,,,
JR어음1,2017-06-19,2.91,,,,,,,
JR어음1,2017-06-20,2.95,,,,,,,
JR어음1,2017-06-21,2.99,,,,,,,
JR어음1,2017-06-22,3.01,,,,,,,
JR어음1,2017-06-23,3.02,,,,,,,
JR어음1,2017-06-24,3.05,,,,,,,
JR어음1,2017-06-25,3.07,,,,,,,
JR어음1,2017-06-26,3.07,,,,,,,
JR어음1,2017-06-27,3.06,,,,,,,
JR어음1,2017-06-28,3.04,,,,,,,
JR어음1,2017-06-29,3.03,,,,,,,
JR어음1,2017-06-30,3.04,,,,,,,
JR어음1,2017-07-01,3.02,,,,,,,
JR어음1,2017-07-02,3.0,,,,,,,
JR어음1,2017-07-03,2.98,,,,,,,
JR어음1,2017-07-04,2.97,,,,,,,
JR어음1,2017-07-05,2.96,,,,,,,
JR어음1,2017-07-06,2.95,,,,,,,
JR어음1,2017-07-07,2.94,,,,,,,
JR어음1,2017-07-08,2.94,,,,,,,
JR어음1,2017-07-09,2.94,,,,,,,
JR어음1,2017-07-10,2.95,,,,,,,
JR어음1,2017-07-11,2.96,,,,,,,
JR어음1,2017-07-12,2.98,,,,,,,
JR어음1,2017-07-13,2.97,,,,,,,
JR어음1,2017-07-14,2.95,,,,,,,
JR어음1,2017-07-15,2.93,,,,,,,
JR어음1,2017-07-16,2.9,,,,,,,
JR어음1,2017-07-17,2.87,,,,,,,
JR어음1,2017-07-18,2.86,,,,,,,
JR어음1,2017-07-19,2.85,,,,,,,
JR어음1,2017-07-20,2.83,,,,,,,
JR어음1,2017-07-21,2.82,,,,,,,
JR어음1,2017-07-22,2.81,,,,,,,
JR어음1,2017-07-23,2.82,,,,,,,
JR어음1,2017-07-24,2.82,,,,,,,
JR어음1,2017-07-25,2.83,,,,,,,
JR어음1,2017-07-26,2.83,,,,,,,
JR어음1,2017-07-27,2.82,,,,,,,
JR어음1,2017-07-28,2.8,,,,,,,
JR어음1,2017-07-29,2.79,,,,,,,
JR어음1,2017-07-30,2.78,,,,,,,
JR어음1,2017-07-31,2.77,,,,,,,
JR어음1,2017-08-02,2.74,,,,,,,
JR어음1,2017-08-03,2.75,,,,,,,
JR어음1,2017-08-04,2.76,,,,,,,
JR어음1,2017-08-05,2.77,,,,,,,
JR어음1,2017-08-06,2.76,,,,,,,
JR어음1,2017-08-07,2.76,,,,,,,
JR어음1,2017-08-08,2.77,,,,,,,
JR어음1,2017-08-09,2.77,,,,,,,
JR어음1,2017-08-10,2.77,,,,,,,
JR어음1,2017-08-11,2.75,,,,,,,
JR어음1,2017-08-12,2.73,,,,,,,
JR어음1,2017-08-13,2.73,,,,,,,
JR어음1,2017-08-14,2.75,,,,,,,
JR어음1,2017-08-15,2.76,,,,,,,
JR어음1,2017-08-16,2.74,,,,,,,
JR어음1,2017-08-17,2.72,,,,,,,
JR어음1,2017-08-18,2.7,,,,,,,
JR어음1,2017-08-19,2.7,,,,,,,
JR어음1,2017-08-20,2.73,,,,,,,
JR어음1,2017-08-21,2.85,,,,,,,
JR어음1,2017-08-22,2.93,,,,,,,
JR어음1,2017-08-23,2.92,,,,,,,
JR어음1,2017-08-24,2.9,,,,,,,
JR어음1,2017-08-25,2.86,,,,,,,
JR어음1,2017-08-26,2.81,,,,,,,
JR어음1,2017-08-27,2.75,,,,,,,
JR어음1,2017-08-28,2.71,,,,,,,
JR어음1,2017-08-29,2.67,,,,,,,
JR어음1,2017-08-30,2.64,,,,,,,
JR어음1,2017-08-31,2.62,,,,,,,
JR어음1,2017-09-01,2.62,,,,,,,
JR어음1,2017-09-02,2.62,,,,,,,
JR어음1,2017-09-03,2.61,,,,,,,
JR어음1,2017-09-04,2.62,,,,,,,
JR어음1,2017-09-05,2.63,,,,,,,
JR어음1,2017-09-06,2.64,,,,,,,
JR어음1,2017-09-07,2.66,,,,,,,
JR어음1,2017-09-08,2.7,,,,,,,
JR어음1,2017-09-09,2.71,,,,,,,
JR어음1,2017-09-10,2.7,,,,,,,
JR어음1,2017-09-11,2.71,,,,,,,
JR어음1,2017-09-12,2.68,,,,,,,
JR어음1,2017-09-13,2.66,,,,,,,
JR어음1,2017-09-14,2.65,,,,,,,
JR어음1,2017-09-15,2.66,,,,,,,
JR어음1,2017-09-16,2.69,,,,,,,
JR어음1,2017-09-17,2.7,,,,,,,
JR어음1,2017-09-18,2.66,,,,,,,
JR어음1,2017-09-19,2.64,,,,,,,
JR어음1,2017-09-20,2.64,,,,,,,
JR어음1,2017-09-21,2.64,,,,,,,
JR어음1,2017-09-22,2.64,,,,,,,
JR어음1,2017-09-23,2.62,,,,,,,
JR어음1,2017-09-24,2.6,,,,,,,
JR어음1,2017-09-25,2.59,,,,,,,
JR어음1,2017-09-26,2.58,,,,,,,
JR어음1,2017-09-27,2.58,,,,,,,
JR어음1,2017-09-28,2.53,,,,,,,
JR어음1,2017-09-29,2.49,,,,,,,
JR어음1,2017-09-30,2.47,,,,,,,
JR어음1,2017-10-01,2.49,,,,,,,
JR어음1,2017-10-02,2.65,,,,,,,
JR어음1,2017-10-03,2.78,,,,,,,
JR어음1,2017-10-04,2.78,,,,,,,
JR어음1,2017-10-05,2.78,,,,,,,
JR어음1,2017-10-06,2.8,,,,,,,
JR어음1,2017-10-07,2.79,,,,,,,
JR어음1,2017-10-08,2.78,,,,,,,
JR어음1,2017-10-09,2.77,,,,,,,
JR어음1,2017-10-10,2.74,,,,,,,
JR어음1,2017-10-11,2.71,,,,,,,
JR어음1,2017-10-12,2.69,,,,,,,
JR어음1,2017-10-13,2.66,,,,,,,
JR어음1,2017-10-14,2.65,,,,,,,
JR어음1,2017-10-15,2.65,,,,,,,
JR어음1,2017-10-16,2.67,,,,,,,
JR어음1,2017-10-17,2.69,,,,,,,
JR어음1,2017-10-18,2.7,,,,,,,
JR어음1,2017-10-19,2.71,,,,,,,
JR어음1,2017-10-20,2.72,,,,,,,
JR어음1,2017-10-21,2.73,,,,,,,
JR어음1,2017-10-22,2.76,,,,,,,
JR어음1,2017-10-23,2.76,,,,,,,
JR어음1,2017-10-24,2.71,,,,,,,
JR어음1,2017-10-25,2.67,,,,,,,
JR어음1,2017-10-26,2.63,,,,,,,
JR어음1,2017-10-27,2.61,,,,,,,
JR어음1,2017-10-28,2.61,,,,,,,
JR어음1,2017-10-29,2.6,,,,,,,
JR어음1,2017-10-30,2.55,,,,,,,
JR어음1,2017-10-31,2.53,,,,,,,
JR어음1,2017-11-01,2.53,,,,,,,
JR어음1,2017-11-02,2.54,,,,,,,
JR어음1,2017-11-03,2.55,,,,,,,
JR어음1,2017-11-04,2.54,,,,,,,
JR어음1,2017-11-05,2.54,,,,,,,
JR어음1,2017-11-06,2.53,,,,,,,
JR어음1,2017-11-07,2.54,,,,,,,
JR어음1,2017-11-08,2.52,,,,,,,
JR어음1,2017-11-09,2.49,,,,,,,
JR어음1,2017-11-10,2.49,,,,,,,
JR어음1,2017-11-11,2.46,,,,,,,
JR어음1,2017-11-12,2.44,,,,,,,
JR어음1,2017-11-13,2.43,,,,,,,
JR어음1,2017-11-14,2.42,,,,,,,
JR어음1,2017-11-15,2.41,,,,,,,
JR어음1,2017-11-16,2.4,,,,,,,
JR어음1,2017-11-17,2.42,,,,,,,
JR어음1,2017-11-18,2.43,,,,,,,
JR어음1,2017-11-19,2.4,,,,,,,
JR어음1,2017-11-20,2.39,,,,,,,
JR어음1,2017-11-21,2.37,,,,,,,
JR어음1,2017-11-22,2.37,,,,,,,
JR어음1,2017-11-23,2.35,,,,,,,
JR어음1,2017-11-24,2.33,,,,,,,
JR어음1,2017-11-25,2.31,,,,,,,
JR어음1,2017-11-26,2.29,,,,,,,
JR어음1,2017-11-27,2.26,,,,,,,
JR어음1,2017-11-28,2.26,,,,,,,
JR어음1,2017-11-29,2.24,,,,,,,
JR어음1,2017-11-30,2.23,,,,,,,
JR어음1,2017-12-01,2.23,,,,,,,
JR어음1,2017-12-02,2.25,,,,,,,
JR어음1,2017-12-03,2.28,,,,,,,
JR어음1,2017-12-04,2.31,,,,,,,
JR어음1,2017-12-05,2.32,,,,,,,
JR어음1,2017-12-06,2.33,,,,,,,
JR어음1,2017-12-07,2.34,,,,,,,
JR어음1,2017-12-08,2.32,,,,,,,
JR어음1,2017-12-09,2.3,,,,,,,
JR어음1,2017-12-10,2.28,,,,,,,
JR어음1,2017-12-11,2.24,,,,,,,
JR어음1,2017-12-12,2.22,,,,,,,
JR어음1,2017-12-13,2.2,,,,,,,
JR어음1,2017-12-14,2.21,,,,,,,
JR어음1,2017-12-15,2.22,,,,,,,
JR어음1,2017-12-16,2.21,,,,,,,
JR어음1,2017-12-17,2.2,,,,,,,
JR어음1,2017-12-18,2.21,,,,,,,
JR어음1,2017-12-19,2.2,,,,,,,
JR어음1,2017-12-20,2.18,,,,,,,
JR어음1,2017-12-21,2.17,,,,,,,
JR어음1,2017-12-22,2.16,,,,,,,
JR어음1,2017-12-23,2.16,,,,,,,
JR어음1,2017-12-24,2.19,,,,,,,
JR어음1,2017-12-25,2.17,,,,,,,
JR어음1,2017-12-26,2.15,,,,,,,
JR어음1,2017-12-27,2.12,,,,,,,
JR어음1,2017-12-28,2.11,,,,,,,
JR어음1,2017-12-29,2.12,,,,,,,
JR어음1,2017-12-30,2.14,,,,,,,
JR어음1,2017-12-31,2.16,,,,,,,
JR어음1,2018-01-01,2.18,,,,,,,
JR어음1,2018-01-02,2.2,,,,,,,
JR어음1,2018-01-03,2.21,,,,,,,
JR어음1,2018-01-04,2.22,,,,,,,
JR어음1,2018-01-05,2.23,,,,,,,
JR어음1,2018-01-06,2.22,,,,,,,
JR어음1,2018-01-07,2.22,,,,,,,
JR어음1,2018-01-08,2.22,,,,,,,
JR어음1,2018-01-09,2.17,,,,,,,
JR어음1,2018-01-10,2.12,,,,,,,
JR어음1,2018-01-11,2.1,,,,,,,
JR어음1,2018-01-12,2.07,,,,,,,
JR어음1,2018-01-13,2.06,,,,,,,
JR어음1,2018-01-14,2.07,,,,,,,
JR어음1,2018-01-15,2.08,,,,,,,
JR어음1,2018-01-16,2.11,,,,,,,
JR어음1,2018-01-17,2.16,,,,,,,
JR어음1,2018-01-18,2.19,,,,,,,
JR어음1,2018-01-19,2.18,,,,,,,
JR어음1,2018-01-20,2.17,,,,,,,
JR어음1,2018-01-21,2.17,,,,,,,
JR어음1,2018-01-22,2.18,,,,,,,
JR어음1,2018-01-23,2.14,,,,,,,
JR어음1,2018-01-24,2.11,,,,,,,
JR어음1,2018-01-25,2.08,,,,,,,
JR어음1,2018-01-26,2.06,,,,,,,
JR어음1,2018-01-27,2.05,,,,,,,
JR어음1,2018-01-28,2.06,,,,,,,
JR어음1,2018-01-29,2.07,,,,,,,
JR어음1,2018-01-30,2.08,,,,,,,
JR어음1,2018-01-31,2.11,,,,,,,
JR어음1,2018-02-01,2.13,,,,,,,
JR어음1,2018-02-02,2.15,,,,,,,
JR어음1,2018-02-03,2.14,,,,,,,
JR어음1,2018-02-04,2.11,,,,,,,
JR어음1,2018-02-05,2.09,,,,,,,
JR어음1,2018-02-06,2.06,,,,,,,
JR어음1,2018-02-07,2.04,,,,,,,
JR어음1,2018-02-08,2.03,,,,,,,
JR어음1,2018-02-09,2.02,,,,,,,
JR어음1,2018-02-10,2.02,,,,,,,
JR어음1,2018-02-11,2.0,,,,,,,
JR어음1,2018-02-12,1.98,,,,,,,
JR어음1,2018-02-13,1.97,,,,,,,
JR어음1,2018-02-14,2.0,,,,,,,
JR어음1,2018-02-15,2.02,,,,,,,
JR어음1,2018-02-16,2.05,,,,,,,
JR어음1,2018-02-17,2.03,,,,,,,
JR어음1,2018-02-18,2.03,,,,,,,
JR어음1,2018-02-19,2.05,,,,,,,
JR어음1,2018-02-20,2.05,,,,,,,
JR어음1,2018-02-22,1.86,,,,,,,
JR어음1,2018-02-23,1.85,,,,,,,
JR어음1,2018-02-24,1.84,,,,,,,
JR어음1,2018-02-25,1.83,,,,,,,
JR어음1,2018-02-26,1.83,,,,,,,
JR어음1,2018-02-27,1.84,,,,,,,
JR어음1,2018-02-28,1.92,,,,,,,
JR어음1,2018-03-01,1.96,,,,,,,
JR어음1,2018-03-02,1.99,,,,,,,
JR어음1,2018-03-03,2.03,,,,,,,
JR어음1,2018-03-04,2.05,,,,,,,
JR어음1,2018-03-05,2.04,,,,,,,
JR어음1,2018-03-06,2.01,,,,,,,
JR어음1,2018-03-07,1.99,,,,,,,
JR어음1,2018-03-08,1.99,,,,,,,
JR어음1,2018-03-09,1.98,,,,,,,
JR어음1,2018-03-10,1.96,,,,,,,
JR어음1,2018-03-11,1.93,,,,,,,
JR어음1,2018-03-12,1.92,,,,,,,
JR어음1,2018-03-13,1.91,,,,,,,
JR어음1,2018-03-14,1.91,,,,,,,
JR어음1,2018-03-15,1.94,,,,,,,
JR어음1,2018-03-16,1.98,,,,,,,
JR어음1,2018-03-17,2.03,,,,,,,
JR어음1,2018-03-18,2.04,,,,,,,
JR어음1,2018-03-19,2.05,,,,,,,
JR어음1,2018-03-20,2.12,,,,,,,
JR어음1,2018-03-21,2.22,,,,,,,
JR어음1,2018-03-22,2.23,,,,,,,
JR어음1,2018-03-23,2.2,,,,,,,
JR어음1,2018-03-24,2.16,,,,,,,
JR어음1,2018-03-25,2.12,,,,,,,
JR어음1,2018-03-26,2.09,,,,,,,
JR어음1,2018-03-27,2.09,,,,,,,
JR어음1,2018-03-28,2.1,,,,,,,
JR어음1,2018-03-29,2.11,,,,,,,
JR어음1,2018-03-30,2.13,,,,,,,
JR어음1,2018-03-31,2.15,,,,,,,
JR어음1,2018-04-01,2.16,,,,,,,
JR어음1,2018-04-02,2.17,,,,,,,
JR어음1,2018-04-03,2.16,,,,,,,
JR어음1,2018-04-04,2.16,,,,,,,
JR어음1,2018-04-05,2.15,,,,,,,
JR어음1,2018-04-06,2.13,,,,,,,
JR어음1,2018-04-07,2.1,,,,,,,
JR어음1,2018-04-08,2.07,,,,,,,
JR어음1,2018-04-09,2.06,,,,,,,
JR어음1,2018-04-10,2.07,,,,,,,
JR어음1,2018-04-11,2.08,,,,,,,
JR어음1,2018-04-12,2.06,,,,,,,
JR어음1,2018-04-13,2.09,,,,,,,
JR어음1,2018-04-14,2.16,,,,,,,
JR어음1,2018-04-15,2.16,,,,,,,
JR어음1,2018-04-16,2.17,,,,,,,
JR어음1,2018-04-17,2.19,,,,,,,
JR어음1,2018-04-18,2.19,,,,,,,
JR어음1,2018-04-19,2.17,,,,,,,
JR어음1,2018-04-20,2.17,,,,,,,
JR어음1,2018-04-21,2.17,,,,,,,
JR어음1,2018-04-22,2.17,,,,,,,
JR어음1,2018-04-23,2.22,,,,,,,
JR어음1,2018-04-24,2.31,,,,,,,
JR어음1,2018-04-25,2.36,,,,,,,
JR어음1,2018-04-26,2.37,,,,,,,
JR어음1,2018-04-27,2.35,,,,,,,
JR어음1,2018-04-28,2.34,,,,,,,
JR어음1,2018-04-29,2.34,,,,,,,
JR어음1,2018-04-30,2.35,,,,,,,
JR어음1,2018-05-01,2.37,,,,,,,
JR어음1,2018-05-02,2.39,,,,,,,
JR어음1,2018-05-03,2.36,,,,,,,
JR어음1,2018-05-04,2.33,,,,,,,
JR어음1,2018-05-05,2.32,,,,,,,
JR어음1,2018-05-06,2.36,,,,,,,
JR어음1,2018-05-07,2.45,,,,,,,
JR어음1,2018-05-08,2.5,,,,,,,
JR어음1,2018-05-09,2.53,,,,,,,
JR어음1,2018-05-10,2.48,,,,,,,
JR어음1,2018-05-11,2.45,,,,,,,
JR어음1,2018-05-12,2.46,,,,,,,
JR어음1,2018-05-13,2.57,,,,,,,
JR어음1,2018-05-14,2.7,,,,,,,
JR어음1,2018-05-15,2.75,,,,,,,
JR어음1,2018-05-16,2.76,,,,,,,
JR어음1,2018-05-17,2.76,,,,,,,
JR어음1,2018-05-18,2.77,,,,,,,
JR어음1,2018-05-19,2.76,,,,,,,
JR어음1,2018-05-20,2.77,,,,,,,
JR어음1,2018-05-21,2.73,,,,,,,
JR어음1,2018-05-22,2.69,,,,,,,
JR어음1,2018-05-23,2.66,,,,,,,
JR어음1,2018-05-24,2.64,,,,,,,
JR어음1,2018-05-25,2.65,,,,,,,
JR어음1,2018-05-26,2.66,,,,,,,
JR어음1,2018-05-27,2.68,,,,,,,
JR어음1,2018-05-28,2.69,,,,,,,
JR어음1,2018-05-29,2.7,,,,,,,
JR어음1,2018-05-30,2.7,,,,,,,
JR어음1,2018-05-31,2.68,,,,,,,
JR어음1,2018-06-01,2.67,,,,,,,
JR어음1,2018-06-02,2.66,,,,,,,
JR어음1,2018-06-03,2.65,,,,,,,
JR어음1,2018-06-04,2.65,,,,,,,
JR어음1,2018-06-05,2.66,,,,,,,
JR어음1,2018-06-06,2.67,,,,,,,
JR어음1,2018-06-07,2.66,,,,,,,
JR어음1,2018-06-08,2.66,,,,,,,
JR어음1,2018-06-09,2.68,,,,,,,
JR어음1,2018-06-10,2.71,,,,,,,
JR어음1,2018-06-11,2.75,,,,,,,
JR어음1,2018-06-12,2.78,,,,,,,
JR어음1,2018-06-13,2.8,,,,,,,
JR어음1,2018-06-14,2.83,,,,,,,
JR어음1,2018-06-15,2.81,,,,,,,
JR어음1,2018-06-16,2.84,,,,,,,
JR어음1,2018-06-17,2.83,,,,,,,
JR어음1,2018-06-18,2.82,,,,,,,
JR어음1,2018-06-19,2.81,,,,,,,
JR어음1,2018-06-20,2.84,,,,,,,
JR어음1,2018-06-21,2.84,,,,,,,
JR어음1,2018-06-22,2.82,,,,,,,
JR어음1,2018-06-23,2.8,,,,,,,
JR어음1,2018-06-24,2.78,,,,,,,
JR어음1,2018-06-25,2.78,,,,,,,
JR어음1,2018-06-26,2.79,,,,,,,
JR어음1,2018-06-27,2.8,,,,,,,
JR어음1,2018-06-28,2.83,,,,,,,
JR어음1,2018-06-29,2.97,,,,,,,
JR어음1,2018-06-30,3.04,,,,,,,
JR어음1,2018-07-02,3.16,,,,,,,
JR어음1,2018-07-03,3.18,,,,,,,
JR어음1,2018-07-04,3.16,,,,,,,
JR어음1,2018-07-05,3.13,,,,,,,
JR어음1,2018-07-06,3.12,,,,,,,
JR어음1,2018-07-07,3.12,,,,,,,
JR어음1,2018-07-08,3.11,,,,,,,
JR어음1,2018-07-09,3.07,,,,,,,
JR어음1,2018-07-10,3.04,,,,,,,
JR어음1,2018-07-11,3.02,,,,,,,
JR어음1,2018-07-12,3.02,,,,,,,
JR어음1,2018-07-13,3.01,,,,,,,
JR어음1,2018-07-14,3.02,,,,,,,
JR어음1,2018-07-15,3.03,,,,,,,
JR어음1,2018-07-16,3.02,,,,,,,
JR어음1,2018-07-17,3.0,,,,,,,
JR어음1,2018-07-18,2.98,,,,,,,
JR어음1,2018-07-19,2.96,,,,,,,
JR어음1,2018-07-20,2.95,,,,,,,
JR어음1,2018-07-21,2.94,,,,,,,
JR어음1,2018-07-22,2.96,,,,,,,
JR어음1,2018-07-23,2.98,,,,,,,
JR어음1,2018-07-24,2.98,,,,,,,
JR어음1,2018-07-25,2.97,,,,,,,
JR어음1,2018-07-26,2.97,,,,,,,
JR어음1,2018-07-27,2.97,,,,,,,
JR어음1,2018-07-28,2.97,,,,,,,
JR어음1,2018-07-29,2.98,,,,,,,
JR어음1,2018-07-30,3.0,,,,,,,
JR어음1,2018-07-31,3.0,,,,,,,
JR어음1,2018-08-01,3.0,,,,,,,
JR어음1,2018-08-02,3.0,,,,,,,
JR어음1,2018-08-03,3.0,,,,,,,
JR어음1,2018-08-04,2.99,,,,,,,
JR어음1,2018-08-05,2.96,,,,,,,
JR어음1,2018-08-06,2.94,,,,,,,
JR어음1,2018-08-07,2.94,,,,,,,
JR어음1,2018-08-08,2.95,,,,,,,
JR어음1,2018-08-09,2.96,,,,,,,
JR어음1,2018-08-10,2.97,,,,,,,
JR어음1,2018-08-11,3.0,,,,,,,
JR어음1,2018-08-12,3.03,,,,,,,
JR어음1,2018-08-13,3.04,,,,,,,
JR어음1,2018-08-14,3.04,,,,,,,
JR어음1,2018-08-15,3.03,,,,,,,
JR어음1,2018-08-16,3.03,,,,,,,
JR어음1,2018-08-17,3.07,,,,,,,
JR어음1,2018-08-18,3.08,,,,,,,
JR어음1,2018-08-19,3.04,,,,,,,
JR어음1,2018-08-20,3.0,,,,,,,
JR어음1,2018-08-21,3.0,,,,,,,
JR어음1,2018-08-22,3.03,,,,,,,
JR어음1,2018-08-23,3.5,,,,,,,
JR어음1,2018-08-24,4.13,,,,,,,
JR어음1,2018-08-25,4.19,,,,,,,
JR어음1,2018-08-26,4.15,,,,,,,
JR어음1,2018-08-27,4.07,,,,,,,
JR어음1,2018-08-28,4.0,,,,,,,
JR어음1,2018-08-29,3.94,,,,,,,
JR어음1,2018-08-30,3.87,,,,,,,
JR어음1,2018-08-31,3.81,,,,,,,
JR어음1,2018-09-01,3.78,,,,,,,
JR어음1,2018-09-02,3.75,,,,,,,
JR어음1,2018-09-03,3.73,,,,,,,
JR어음1,2018-09-04,3.71,,,,,,,
JR어음1,2018-09-05,3.68,,,,,,,
JR어음1,2018-09-06,3.66,,,,,,,
JR어음1,2018-09-07,3.67,,,,,,,
JR어음1,2018-09-08,3.68,,,,,,,
JR어음1,2018-09-09,3.69,,,,,,,
JR어음1,2018-09-10,3.69,,,,,,,
JR어음1,2018-09-11,3.7,,,,,,,
JR어음1,2018-09-12,3.7,,,,,,,
JR어음1,2018-09-13,3.72,,,,,,,
JR어음1,2018-09-14,3.84,,,,,,,
JR어음1,2018-09-15,3.87,,,,,,,
JR어음1,2018-09-16,3.86,,,,,,,
JR어음1,2018-09-17,3.84,,,,,,,
JR어음1,2018-09-18,3.82,,,,,,,
JR어음1,2018-09-19,3.82,,,,,,,
JR어음1,2018-09-20,3.83,,,,,,,
JR어음1,2018-09-21,3.84,,,,,,,
JR어음1,2018-09-22,3.84,,,,,,,
JR어음1,2018-09-23,3.85,,,,,,,
JR어음1,2018-09-24,3.85,,,,,,,
JR어음1,2018-09-25,3.86,,,,,,,
JR어음1,2018-09-26,3.87,,,,,,,
JR어음1,2018-09-27,3.89,,,,,,,
JR어음1,2018-09-28,3.9,,,,,,,
JR어음1,2018-09-29,3.92,,,,,,,
JR어음1,2018-09-30,3.93,,,,,,,
JR어음1,2018-10-01,3.88,,,,,,,
JR어음1,2018-10-02,3.84,,,,,,,
JR어음1,2018-10-03,3.85,,,,,,,
JR어음1,2018-10-04,3.88,,,,,,,
JR어음1,2018-10-05,3.99,,,,,,,
JR어음1,2018-10-06,4.9,,,,,,,
JR어음1,2018-10-07,5.17,,,,,,,
JR어음1,2018-10-08,5.21,,,,,,,
JR어음1,2018-10-09,5.17,,,,,,,
JR어음1,2018-10-10,5.1,,,,,,,
JR어음1,2018-10-11,5.02,,,,,,,
JR어음1,2018-10-12,4.95,,,,,,,
JR어음1,2018-10-13,4.89,,,,,,,
JR어음1,2018-10-14,4.84,,,,,,,
JR어음1,2018-10-15,4.79,,,,,,,
JR어음1,2018-10-16,4.76,,,,,,,
JR어음1,2018-10-17,4.74,,,,,,,
JR어음1,2018-10-18,4.71,,,,,,,
JR어음1,2018-10-19,4.7,,,,,,,
JR어음1,2018-10-20,4.69,,,,,,,
JR어음1,2018-10-21,4.69,,,,,,,
JR어음1,2018-10-22,4.7,,,,,,,
JR어음1,2018-10-23,4.73,,,,,,,
JR어음1,2018-10-24,4.74,,,,,,,
JR어음1,2018-10-25,4.76,,,,,,,
JR어음1,2018-10-26,4.8,,,,,,,
JR어음1,2018-10-27,4.79,,,,,,,
JR어음1,2018-10-28,4.8,,,,,,,
JR어음1,2018-10-29,4.79,,,,,,,
JR어음1,2018-10-30,4.77,,,,,,,
JR어음1,2018-10-31,4.76,,,,,,,
JR어음1,2018-11-01,4.74,,,,,,,
JR어음1,2018-11-02,4.74,,,,,,,
JR어음1,2018-11-03,4.75,,,,,,,
JR어음1,2018-11-04,4.75,,,,,,,
JR어음1,2018-11-05,4.75,,,,,,,
JR어음1,2018-11-06,4.77,,,,,,,
JR어음1,2018-11-07,4.8,,,,,,,
JR어음1,2018-11-08,4.84,,,,,,,
JR어음1,2018-11-09,4.84,,,,,,,
JR어음1,2018-11-10,4.85,,,,,,,
JR어음1,2018-11-11,4.87,,,,,,,
JR어음1,2018-11-12,4.87,,,,,,,
JR어음1,2018-11-13,4.87,,,,,,,
JR어음1,2018-11-14,4.85,,,,,,,
JR어음1,2018-11-15,4.85,,,,,,,
JR어음1,2018-11-16,4.85,,,,,,,
JR어음1,2018-11-17,4.83,,,,,,,
JR어음1,2018-11-18,4.83,,,,,,,
JR어음1,2018-11-19,4.83,,,,,,,
JR어음1,2018-11-20,4.86,,,,,,,
JR어음1,2018-11-21,4.9,,,,,,,
JR어음1,2018-11-22,4.93,,,,,,,
JR어음1,2018-11-23,4.94,,,,,,,
JR어음1,2018-11-24,4.97,,,,,,,
JR어음1,2018-11-25,4.97,,,,,,,
JR어음1,2018-11-26,4.98,,,,,,,
JR어음1,2018-11-27,4.98,,,,,,,
JR어음1,2018-11-28,4.97,,,,,,,
JR어음1,2018-11-29,4.95,,,,,,,
JR어음1,2018-11-30,4.94,,,,,,,
JR어음1,2018-12-01,4.92,,,,,,,
JR어음1,2018-12-02,4.93,,,,,,,
JR어음1,2018-12-03,4.94,,,,,,,
JR어음1,2018-12-04,4.94,,,,,,,
JR어음1,2018-12-05,4.95,,,,,,,
JR어음1,2018-12-06,4.97,,,,,,,
JR어음1,2018-12-07,4.95,,,,,,,
JR어음1,2018-12-08,4.93,,,,,,,
JR어음1,2018-12-09,4.91,,,,,,,
JR어음1,2018-12-10,4.91,,,,,,,
JR어음1,2018-12-11,4.92,,,,,,,
JR어음1,2018-12-12,4.9,,,,,,,
JR어음1,2018-12-13,4.88,,,,,,,
JR어음1,2018-12-14,4.85,,,,,,,
JR어음1,2018-12-15,4.84,,,,,,,
JR어음1,2018-12-16,4.84,,,,,,,
JR어음1,2018-12-17,4.81,,,,,,,
JR어음1,2018-12-18,4.8,,,,,,,
JR어음1,2018-12-19,4.8,,,,,,,
JR어음1,2018-12-20,4.81,,,,,,,
JR어음1,2018-12-21,4.85,,,,,,,
JR어음1,2018-12-22,4.87,,,,,,,
JR어음1,2018-12-23,4.88,,,,,,,
JR어음1,2018-12-24,4.88,,,,,,,
JR어음1,2018-12-25,4.88,,,,,,,
JR어음1,2018-12-26,4.88,,,,,,,
JR어음1,2018-12-27,4.84,,,,,,,
JR어음1,2018-12-28,4.8,,,,,,,
JR어음1,2018-12-29,4.75,,,,,,,
JR어음1,2018-12-30,4.72,,,,,,,
JR어음1,2018-12-31,4.69,,,,,,,
JR어음1,2019-01-01,4.67,,,,,,,
JR어음1,2019-01-02,4.65,,,,,,,
JR어음1,2019-01-03,4.63,,,,,,,
JR어음1,2019-01-04,4.64,,,,,,,
JR어음1,2019-01-05,4.64,,,,,,,
JR어음1,2019-01-06,4.63,,,,,,,
JR어음1,2019-01-07,4.62,,,,,,,
JR어음1,2019-01-08,4.6,,,,,,,
JR어음1,2019-01-09,4.58,,,,,,,
JR어음1,2019-01-10,4.57,,,,,,,
JR어음1,2019-01-11,4.55,,,,,,,
JR어음1,2019-01-12,4.54,,,,,,,
JR어음1,2019-01-13,4.52,,,,,,,
JR어음1,2019-01-14,4.5,,,,,,,
JR어음1,2019-01-15,4.47,,,,,,,
JR어음1,2019-01-16,4.45,,,,,,,
JR어음1,2019-01-17,4.42,,,,,,,
JR어음1,2019-01-18,4.41,,,,,,,
JR어음1,2019-01-19,4.43,,,,,,,
JR어음1,2019-01-20,4.42,,,,,,,
JR어음1,2019-01-21,4.41,,,,,,,
JR어음1,2019-01-22,4.42,,,,,,,
JR어음1,2019-01-23,4.42,,,,,,,
JR어음1,2019-01-24,4.4,,,,,,,
JR어음1,2019-01-25,4.39,,,,,,,
JR어음1,2019-01-26,4.36,,,,,,,
JR어음1,2019-01-27,4.33,,,,,,,
JR어음1,2019-01-28,4.3,,,,,,,
JR어음1,2019-01-29,4.27,,,,,,,
JR어음1,2019-01-30,4.26,,,,,,,
JR어음1,2019-01-31,4.25,,,,,,,
JR어음1,2019-02-01,4.23,,,,,,,
JR어음1,2019-02-02,4.22,,,,,,,
JR어음1,2019-02-03,4.24,,,,,,,
JR어음1,2019-02-04,4.22,,,,,,,
JR어음1,2019-02-05,4.23,,,,,,,
JR어음1,2019-02-06,4.24,,,,,,,
JR어음1,2019-02-07,4.22,,,,,,,
JR어음1,2019-02-08,4.2,,,,,,,
JR어음1,2019-02-09,4.17,,,,,,,
JR어음1,2019-02-10,4.15,,,,,,,
JR어음1,2019-02-11,4.1,,,,,,,
JR어음1,2019-02-12,4.07,,,,,,,
JR어음1,2019-02-13,4.04,,,,,,,
JR어음1,2019-02-14,4.01,,,,,,,
JR어음1,2019-02-15,4.0,,,,,,,
JR어음1,2019-02-16,3.98,,,,,,,
JR어음1,2019-02-17,3.96,,,,,,,
JR어음1,2019-02-18,3.97,,,,,,,
JR어음1,2019-02-19,4.01,,,,,,,
JR어음1,2019-02-20,4.01,,,,,,,
JR어음1,2019-02-21,4.01,,,,,,,
JR어음1,2019-02-22,4.01,,,,,,,
JR어음1,2019-02-23,3.99,,,,,,,
JR어음1,2019-02-24,3.97,,,,,,,
JR어음1,2019-02-25,3.93,,,,,,,
JR어음1,2019-02-26,3.89,,,,,,,
JR어음1,2019-02-27,3.87,,,,,,,
JR어음1,2019-02-28,3.85,,,,,,,
JR어음1,2019-03-01,3.82,,,,,,,
JR어음1,2019-03-02,3.81,,,,,,,
JR어음1,2019-03-03,3.82,,,,,,,
JR어음1,2019-03-04,3.82,,,,,,,
JR어음1,2019-03-05,3.81,,,,,,,
JR어음1,2019-03-06,3.82,,,,,,,
JR어음1,2019-03-07,3.8,,,,,,,
JR어음1,2019-03-08,3.78,,,,,,,
JR어음1,2019-03-09,3.78,,,,,,,
JR어음1,2019-03-10,3.8,,,,,,,
JR어음1,2019-03-11,3.81,,,,,,,
JR어음1,2019-03-12,3.78,,,,,,,
JR어음1,2019-03-13,3.73,,,,,,,
JR어음1,2019-03-14,3.71,,,,,,,
JR어음1,2019-03-15,3.69,,,,,,,
JR어음1,2019-03-16,3.66,,,,,,,
JR어음1,2019-03-17,3.64,,,,,,,
JR어음1,2019-03-18,3.64,,,,,,,
JR어음1,2019-03-19,3.64,,,,,,,
JR어음1,2019-03-20,3.67,,,,,,,
JR어음1,2019-03-21,3.68,,,,,,,
JR어음1,2019-03-22,3.67,,,,,,,
JR어음1,2019-03-23,3.66,,,,,,,
JR어음1,2019-03-24,3.63,,,,,,,
JR어음1,2019-03-25,3.6,,,,,,,
JR어음1,2019-03-26,3.56,,,,,,,
JR어음1,2019-03-27,3.53,,,,,,,
JR어음1,2019-03-28,3.48,,,,,,,
JR어음1,2019-03-29,3.45,,,,,,,
JR어음1,2019-03-30,3.42,,,,,,,
JR어음1,2019-03-31,3.38,,,,,,,
JR어음1,2019-04-01,3.35,,,,,,,
JR어음1,2019-04-02,3.32,,,,,,,
JR어음1,2019-04-03,3.3,,,,,,,
JR어음1,2019-04-04,3.29,,,,,,,
JR어음1,2019-04-05,3.3,,,,,,,
JR어음1,2019-04-06,3.31,,,,,,,
JR어음1,2019-04-07,3.32,,,,,,,
JR어음1,2019-04-08,3.32,,,,,,,
JR어음1,2019-04-09,3.34,,,,,,,
JR어음1,2019-04-10,3.34,,,,,,,
JR어음1,2019-04-11,3.31,,,,,,,
JR어음1,2019-04-12,3.27,,,,,,,
JR어음1,2019-04-13,3.23,,,,,,,
JR어음1,2019-04-14,3.2,,,,,,,
JR어음1,2019-04-15,3.17,,,,,,,
JR어음1,2019-04-16,3.16,,,,,,,
JR어음1,2019-04-17,3.17,,,,,,,
JR어음1,2019-04-18,3.17,,,,,,,
JR어음1,2019-04-19,3.17,,,,,,,
JR어음1,2019-04-20,3.17,,,,,,,
JR어음1,2019-04-21,3.16,,,,,,,
JR어음1,2019-04-22,3.15,,,,,,,
JR어음1,2019-04-23,3.14,,,,,,,
JR어음1,2019-04-24,3.12,,,,,,,
JR어음1,2019-04-25,3.09,,,,,,,
JR어음1,2019-04-26,3.05,,,,,,,
JR어음1,2019-04-27,3.0,,,,,,,
JR어음1,2019-04-28,2.98,,,,,,,
JR어음1,2019-04-29,2.97,,,,,,,
JR어음1,2019-04-30,2.96,,,,,,,
JR어음1,2019-05-01,2.96,,,,,,,
JR어음1,2019-05-02,2.93,,,,,,,
JR어음1,2019-05-03,2.92,,,,,,,
JR어음1,2019-05-04,2.91,,,,,,,
JR어음1,2019-05-05,2.91,,,,,,,
JR어음1,2019-05-06,2.89,,,,,,,
JR어음1,2019-05-07,2.88,,,,,,,
JR어음1,2019-05-08,2.87,,,,,,,
JR어음1,2019-05-09,2.87,,,,,,,
JR어음1,2019-05-10,2.86,,,,,,,
JR어음1,2019-05-11,2.84,,,,,,,
JR어음1,2019-05-12,2.82,,,,,,,
JR어음1,2019-05-13,2.82,,,,,,,
JR어음1,2019-05-14,2.79,,,,,,,
JR어음1,2019-05-15,2.77,,,,,,,
JR어음1,2019-05-16,2.77,,,,,,,
JR어음1,2019-05-17,2.79,,,,,,,
JR어음1,2019-05-18,2.85,,,,,,,
JR어음1,2019-05-19,2.9,,,,,,,
JR어음1,2019-05-20,2.89,,,,,,,
JR어음1,2019-05-21,2.85,,,,,,,
JR어음1,2019-05-22,2.82,,,,,,,
JR어음1,2019-05-23,2.79,,,,,,,
JR어음1,2019-05-24,2.75,,,,,,,
JR어음1,2019-05-25,2.71,,,,,,,
JR어음1,2019-05-26,2.68,,,,,,,
JR어음1,2019-05-27,2.7,,,,,,,
JR어음1,2019-05-28,2.73,,,,,,,
JR어음1,2019-05-29,2.73,,,,,,,
JR어음1,2019-05-30,2.71,,,,,,,
JR어음1,2019-05-31,2.7,,,,,,,
JR어음1,2019-06-01,2.69,,,,,,,
JR어음1,2019-06-02,2.7,,,,,,,
JR어음1,2019-06-03,2.69,,,,,,,
JR어음1,2019-06-04,2.69,,,,,,,
JR어음1,2019-06-05,2.69,,,,,,,
JR어음1,2019-06-06,2.71,,,,,,,
JR어음1,2019-06-07,2.71,,,,,,,
JR어음1,2019-06-08,2.69,,,,,,,
JR어음1,2019-06-09,2.69,,,,,,,
JR어음1,2019-06-10,2.67,,,,,,,
JR어음1,2019-06-11,2.64,,,,,,,
JR어음1,2019-06-12,2.61,,,,,,,
JR어음1,2019-06-13,2.59,,,,,,,
JR어음1,2019-06-14,2.62,,,,,,,
JR어음1,2019-06-15,2.66,,,,,,,
JR어음1,2019-06-16,2.67,,,,,,,
JR어음1,2019-06-17,2.67,,,,,,,
JR어음1,2019-06-18,2.67,,,,,,,
JR어음1,2019-06-19,2.71,,,,,,,
JR어음1,2019-06-20,2.73,,,,,,,
JR어음1,2019-06-21,2.73,,,,,,,
JR어음1,2019-06-22,2.72,,,,,,,
JR어음1,2019-06-23,2.71,,,,,,,
JR어음1,2019-06-24,2.69,,,,,,,
JR어음1,2019-06-25,2.66,,,,,,,
JR어음1,2019-06-26,2.69,,,,,,,
JR어음1,2019-06-27,2.79,,,,,,,
JR어음1,2019-06-28,2.81,,,,,,,
JR어음1,2019-06-29,2.82,,,,,,,
JR어음1,2019-06-30,2.81,,,,,,,
JR어음1,2019-07-01,2.8,,,,,,,
JR어음1,2019-07-02,2.79,,,,,,,
JR어음1,2019-07-03,2.78,,,,,,,
JR어음1,2019-07-04,2.76,,,,,,,
JR어음1,2019-07-05,2.76,,,,,,,
JR어음1,2019-07-06,2.75,,,,,,,
JR어음1,2019-07-07,2.74,,,,,,,
JR어음1,2019-07-08,2.74,,,,,,,
JR어음1,2019-07-09,2.71,,,,,,,
JR어음1,2019-07-10,2.7,,,,,,,
JR어음1,2019-07-11,2.68,,,,,,,
JR어음1,2019-07-12,2.65,,,,,,,
JR어음1,2019-07-13,2.65,,,,,,,
JR어음1,2019-07-14,2.67,,,,,,,
JR어음1,2019-07-15,2.67,,,,,,,
JR어음1,2019-07-16,2.65,,,,,,,
JR어음1,2019-07-17,2.63,,,,,,,
JR어음1,2019-07-18,2.63,,,,,,,
JR어음1,2019-07-19,2.76,,,,,,,
JR어음1,2019-07-20,3.2,,,,,,,
JR어음1,2019-07-21,3.64,,,,,,,
JR어음1,2019-07-22,3.85,,,,,,,
JR어음1,2019-07-23,4.06,,,,,,,
JR어음1,2019-07-24,4.06,,,,,,,
JR어음1,2019-07-25,4.0,,,,,,,
JR어음1,2019-07-26,3.92,,,,,,,
JR어음1,2019-07-27,3.83,,,,,,,
JR어음1,2019-07-28,3.73,,,,,,,
JR어음1,2019-07-29,3.65,,,,,,,
JR어음1,2019-07-30,3.58,,,,,,,
JR어음1,2019-07-31,3.53,,,,,,,
JR어음1,2019-08-01,3.5,,,,,,,
JR어음1,2019-08-02,3.47,,,,,,,
JR어음1,2019-08-03,3.46,,,,,,,
JR어음1,2019-08-04,3.46,,,,,,,
JR어음1,2019-08-05,3.45,,,,,,,
JR어음1,2019-08-06,3.44,,,,,,,
JR어음1,2019-08-07,3.42,,,,,,,
JR어음1,2019-08-08,3.39,,,,,,,
JR어음1,2019-08-09,3.4,,,,,,,
JR어음1,2019-08-10,3.42,,,,,,,
JR어음1,2019-08-11,3.47,,,,,,,
JR어음1,2019-08-12,3.51,,,,,,,
JR어음1,2019-08-13,3.54,,,,,,,
JR어음1,2019-08-14,3.56,,,,,,,
JR어음1,2019-08-15,3.58,,,,,,,
JR어음1,2019-08-16,3.57,,,,,,,
JR어음1,2019-08-17,3.57,,,,,,,
JR어음1,2019-08-18,3.56,,,,,,,
JR어음1,2019-08-19,3.55,,,,,,,
JR어음1,2019-08-20,3.54,,,,,,,
JR어음1,2019-08-21,3.53,,,,,,,
JR어음1,2019-08-22,3.52,,,,,,,
JR어음1,2019-08-23,3.5,,,,,,,
JR어음1,2019-08-24,3.49,,,,,,,
JR어음1,2019-08-25,3.48,,,,,,,
JR어음1,2019-08-26,3.49,,,,,,,
JR어음1,2019-08-27,3.52,,,,,,,
JR어음1,2019-08-28,3.63,,,,,,,
JR어음1,2019-08-29,3.85,,,,,,,
JR어음1,2019-08-30,4.1,,,,,,,
JR어음1,2019-08-31,4.14,,,,,,,
JR어음1,2019-09-01,4.14,,,,,,,
JR어음1,2019-09-02,4.25,,,,,,,
JR어음1,2019-09-03,4.49,,,,,,,
JR어음1,2019-09-04,4.77,,,,,,,
JR어음1,2019-09-05,4.94,,,,,,,
JR어음1,2019-09-06,4.95,,,,,,,
JR어음1,2019-09-07,5.08,,,,,,,
JR어음1,2019-09-08,5.13,,,,,,,
JR어음1,2019-09-09,5.24,,,,,,,
JR어음1,2019-09-10,5.39,,,,,,,
JR어음1,2019-09-11,5.38,,,,,,,
JR어음1,2019-09-12,5.32,,,,,,,
JR어음1,2019-09-13,5.27,,,,,,,
JR어음1,2019-09-14,5.21,,,,,,,
JR어음1,2019-09-15,5.15,,,,,,,
JR어음1,2019-09-16,5.1,,,,,,,
JR어음1,2019-09-17,5.07,,,,,,,
JR어음1,2019-09-18,5.04,,,,,,,
JR어음1,2019-09-19,5.02,,,,,,,
JR어음1,2019-09-20,5.02,,,,,,,
JR어음1,2019-09-21,5.05,,,,,,,
JR어음1,2019-09-22,5.51,,,,,,,
JR어음1,2019-09-23,6.16,,,,,,,
JR어음1,2019-09-24,6.26,,,,,,,
JR어음1,2019-09-25,6.29,,,,,,,
JR어음1,2019-09-26,6.3,,,,,,,
JR어음1,2019-09-27,6.34,,,,,,,
JR어음1,2019-09-28,6.37,,,,,,,
JR어음1,2019-09-29,6.38,,,,,,,
JR어음1,2019-09-30,6.37,,,,,,,
JR어음1,2019-10-01,6.37,,,,,,,
JR어음1,2019-10-02,6.69,,,,,,,
JR어음1,2019-10-03,7.07,,,,,,,
JR어음1,2019-10-04,7.21,,,,,,,
JR어음1,2019-10-05,7.29,,,,,,,
JR어음1,2019-10-06,7.35,,,,,,,
JR어음1,2019-10-07,7.43,,,,,,,
JR어음1,2019-10-08,7.46,,,,,,,
JR어음1,2019-10-09,7.48,,,,,,,
JR어음1,2019-10-10,7.49,,,,,,,
JR어음1,2019-10-11,7.49,,,,,,,
JR어음1,2019-10-12,7.5,,,,,,,
JR어음1,2019-10-13,7.49,,,,,,,
JR어음1,2019-10-14,7.49,,,,,,,
JR어음1,2019-10-15,7.48,,,,,,,
JR어음1,2019-10-16,7.48,,,,,,,
JR어음1,2019-10-17,7.5,,,,,,,
JR어음1,2019-10-18,7.52,,,,,,,
JR어음1,2019-10-19,7.52,,,,,,,
JR어음1,2019-10-20,7.53,,,,,,,
JR어음1,2019-10-21,7.56,,,,,,,
JR어음1,2019-10-22,7.59,,,,,,,
JR어음1,2019-10-23,7.62,,,,,,,
JR어음1,2019-10-24,7.65,,,,,,,
JR어음1,2019-10-25,7.66,,,,,,,
JR어음1,2019-10-26,7.68,,,,,,,
JR어음1,2019-10-27,7.74,,,,,,,
JR어음1,2019-10-28,7.79,,,,,,,
JR어음1,2019-10-29,7.83,,,,,,,
JR어음1,2019-10-30,7.83,,,,,,,
JR어음1,2019-10-31,7.84,,,,,,,
JR어음1,2019-11-01,7.85,,,,,,,
JR어음1,2019-11-02,7.86,,,,,,,
JR어음1,2019-11-03,7.87,,,,,,,
JR어음1,2019-11-04,7.87,,,,,,,
JR어음1,2019-11-05,7.87,,,,,,,
JR어음1,2019-11-06,7.86,,,,,,,
JR어음1,2019-11-07,7.86,,,,,,,
JR어음1,2019-11-08,7.85,,,,,,,
JR어음1,2019-11-09,7.85,,,,,,,
JR어음1,2019-11-10,7.88,,,,,,,
JR어음1,2019-11-11,7.88,,,,,,,
JR어음1,2019-11-12,7.86,,,,,,,
JR어음1,2019-11-13,7.87,,,,,,,
JR어음1,2019-11-14,7.85,,,,,,,
JR어음1,2019-11-15,7.84,,,,,,,
JR어음1,2019-11-16,7.83,,,,,,,
JR어음1,2019-11-17,7.83,,,,,,,
JR어음1,2019-11-18,7.82,,,,,,,
JR어음1,2019-11-19,7.78,,,,,,,
JR어음1,2019-11-20,7.74,,,,,,,
JR어음1,2019-11-21,7.72,,,,,,,
JR어음1,2019-11-22,7.72,,,,,,,
JR어음1,2019-11-23,7.71,,,,,,,
JR어음1,2019-11-24,7.71,,,,,,,
JR어음1,2019-11-25,7.68,,,,,,,
JR어음1,2019-11-26,7.68,,,,,,,
JR어음1,2019-11-27,7.68,,,,,,,
JR어음1,2019-11-28,7.66,,,,,,,
JR어음1,2019-11-29,7.63,,,,,,,
JR어음1,2019-11-30,7.62,,,,,,,
JR어음1,2019-12-01,7.63,,,,,,,
JR어음1,2019-12-02,7.6,,,,,,,
JR어음1,2019-12-03,7.57,,,,,,,
JR어음1,2019-12-04,7.53,,,,,,,
JR어음1,2019-12-05,7.48,,,,,,,
JR어음1,2019-12-06,7.44,,,,,,,
JR어음1,2019-12-07,7.42,,,,,,,
JR어음1,2019-12-08,7.4,,,,,,,
JR어음1,2019-12-09,7.39,,,,,,,
JR어음1,2019-12-10,7.38,,,,,,,
JR어음1,2019-12-11,7.37,,,,,,,
JR어음1,2019-12-12,7.33,,,,,,,
JR어음1,2019-12-13,7.32,,,,,,,
JR어음1,2019-12-14,7.3,,,,,,,
JR어음1,2019-12-15,7.29,,,,,,,
JR어음1,2019-12-16,7.27,,,,,,,
JR어음1,2019-12-17,7.25,,,,,,,
JR어음1,2019-12-18,7.21,,,,,,,
JR어음1,2019-12-19,7.17,,,,,,,
JR어음1,2019-12-20,7.13,,,,,,,
JR어음1,2019-12-21,7.11,,,,,,,
JR어음1,2019-12-22,7.11,,,,,,,
JR어음1,2019-12-23,7.08,,,,,,,
JR어음1,2019-12-24,7.05,,,,,,,
JR어음1,2019-12-25,7.05,,,,,,,
JR어음1,2019-12-26,7.05,,,,,,,
JR어음1,2019-12-27,7.0,,,,,,,
JR어음1,2019-12-28,6.97,,,,,,,
JR어음1,2019-12-29,6.97,,,,,,,
JR어음1,2019-12-30,6.95,,,,,,,
JR어음1,2019-12-31,6.88,,,,,,,
JR어음1,2020-01-01,6.85,,,,,,,
JR어음1,2020-01-02,6.82,,,,,,,
JR어음1,2020-01-03,6.79,,,,,,,
JR어음1,2020-01-04,6.76,,,,,,,
JR어음1,2020-01-05,6.73,,,,,,,
JR어음1,2020-01-06,6.72,,,,,,,
JR어음1,2020-01-07,6.73,,,,,,,
JR어음1,2020-01-08,6.7,,,,,,,
JR어음1,2020-01-09,6.68,,,,,,,
JR어음1,2020-01-10,6.68,,,,,,,
JR어음1,2020-01-11,6.68,,,,,,,
JR어음1,2020-01-12,6.66,,,,,,,
JR어음1,2020-01-13,6.63,,,,,,,
JR어음1,2020-01-14,6.6,,,,,,,
JR어음1,2020-01-15,6.57,,,,,,,
JR어음1,2020-01-16,6.53,,,,,,,
JR어음1,2020-01-17,6.49,,,,,,,
JR어음1,2020-01-18,6.45,,,,,,,
JR어음1,2020-01-19,6.41,,,,,,,
JR어음1,2020-01-20,6.37,,,,,,,
JR어음1,2020-01-21,6.33,,,,,,,
JR어음1,2020-01-22,6.33,,,,,,,
JR어음1,2020-01-23,6.33,,,,,,,
JR어음1,2020-01-24,6.31,,,,,,,
JR어음1,2020-01-25,6.3,,,,,,,
JR어음1,2020-01-26,6.3,,,,,,,
JR어음1,2020-01-27,6.36,,,,,,,
JR어음1,2020-01-28,6.43,,,,,,,
JR어음1,2020-01-29,6.43,,,,,,,
JR어음1,2020-01-30,6.41,,,,,,,
JR어음1,2020-01-31,6.38,,,,,,,
JR어음1,2020-02-01,6.34,,,,,,,
JR어음1,2020-02-02,6.3,,,,,,,
JR어음1,2020-02-03,6.25,,,,,,,
JR어음1,2020-02-04,6.2,,,,,,,
JR어음1,2020-02-05,6.15,,,,,,,
JR어음1,2020-02-06,6.11,,,,,,,
JR어음1,2020-02-07,6.09,,,,,,,
JR어음1,2020-02-08,6.07,,,,,,,
JR어음1,2020-02-09,6.05,,,,,,,
JR어음1,2020-02-10,6.04,,,,,,,
JR어음1,2020-02-11,6.02,,,,,,,
JR어음1,2020-02-12,6.03,,,,,,,
JR어음1,2020-02-13,6.0,,,,,,,
JR어음1,2020-02-14,5.97,,,,,,,
JR어음1,2020-02-15,5.95,,,,,,,
JR어음1,2020-02-16,5.92,,,,,,,
JR어음1,2020-02-17,5.88,,,,,,,
JR어음1,2020-02-18,5.84,,,,,,,
JR어음1,2020-02-19,5.81,,,,,,,
JR어음1,2020-02-20,5.78,,,,,,,
JR어음1,2020-02-21,5.76,,,,,,,
JR어음1,2020-02-22,5.73,,,,,,,
JR어음1,2020-02-23,5.69,,,,,,,
JR어음1,2020-02-24,5.68,,,,,,,
JR어음1,2020-02-25,5.69,,,,,,,
JR어음1,2020-02-26,5.66,,,,,,,
JR어음1,2020-02-27,5.62,,,,,,,
JR어음1,2020-02-28,5.61,,,,,,,
JR어음1,2020-02-29,5.6,,,,,,,
JR어음1,2020-03-01,5.59,,,,,,,
JR어음1,2020-03-02,5.55,,,,,,,
JR어음1,2020-03-03,5.53,,,,,,,
JR어음1,2020-03-04,5.5,,,,,,,
JR어음1,2020-03-05,5.46,,,,,,,
JR어음1,2020-03-06,5.44,,,,,,,
JR어음1,2020-03-07,5.45,,,,,,,
JR어음1,2020-03-08,5.45,,,,,,,
JR어음1,2020-03-09,5.47,,,,,,,
JR어음1,2020-03-10,5.49,,,,,,,
JR어음1,2020-03-11,5.49,,,,,,,
JR어음1,2020-03-12,5.48,,,,,,,
JR어음1,2020-03-13,5.46,,,,,,,
JR어음1,2020-03-14,5.42,,,,,,,
JR어음1,2020-03-15,5.37,,,,,,,
JR어음1,2020-03-16,5.31,,,,,,,
JR어음1,2020-03-17,5.29,,,,,,,
JR어음1,2020-03-18,5.26,,,,,,,
JR어음1,2020-03-19,5.24,,,,,,,
JR어음1,2020-03-20,5.2,,,,,,,
JR어음1,2020-03-21,5.19,,,,,,,
JR어음1,2020-03-22,5.18,,,,,,,
JR어음1,2020-03-23,5.16,,,,,,,
JR어음1,2020-03-24,5.14,,,,,,,
JR어음1,2020-03-25,5.12,,,,,,,
JR어음1,2020-03-26,5.13,,,,,,,
JR어음1,2020-03-27,5.11,,,,,,,
JR어음1,2020-03-28,5.09,,,,,,,
JR어음1,2020-03-29,5.07,,,,,,,
JR어음1,2020-03-30,5.05,,,,,,,
JR어음1,2020-03-31,5.03,,,,,,,
JR어음1,2020-04-01,5.0,,,,,,,
JR어음1,2020-04-02,4.97,,,,,,,
JR어음1,2020-04-03,4.95,,,,,,,
JR어음1,2020-04-04,4.92,,,,,,,
JR어음1,2020-04-05,4.9,,,,,,,
JR어음1,2020-04-06,4.89,,,,,,,
JR어음1,2020-04-07,4.89,,,,,,,
JR어음1,2020-04-08,4.89,,,,,,,
JR어음1,2020-04-09,4.88,,,,,,,
JR어음1,2020-04-10,4.87,,,,,,,
JR어음1,2020-04-11,4.86,,,,,,,
JR어음1,2020-04-12,4.84,,,,,,,
JR어음1,2020-04-13,4.82,,,,,,,
JR어음1,2020-04-14,4.78,,,,,,,
JR어음1,2020-04-15,4.77,,,,,,,
JR어음1,2020-04-16,4.75,,,,,,,
JR어음1,2020-04-17,4.74,,,,,,,
JR어음1,2020-04-18,4.71,,,,,,,
JR어음1,2020-04-19,4.72,,,,,,,
JR어음1,2020-04-20,4.7,,,,,,,
JR어음1,2020-04-21,4.68,,,,,,,
JR어음1,2020-04-22,4.65,,,,,,,
JR어음1,2020-04-23,4.62,,,,,,,
JR어음1,2020-04-24,4.59,,,,,,,
JR어음1,2020-04-25,4.58,,,,,,,
JR어음1,2020-04-26,4.55,,,,,,,
JR어음1,2020-04-27,4.52,,,,,,,
JR어음1,2020-04-28,4.5,,,,,,,
JR어음1,2020-04-29,4.47,,,,,,,
JR어음1,2020-04-30,4.45,,,,,,,
JR어음1,2020-05-01,4.43,,,,,,,
JR어음1,2020-05-02,4.45,,,,,,,
JR어음1,2020-05-03,4.49,,,,,,,
JR어음1,2020-05-04,4.49,,,,,,,
JR어음1,2020-05-05,4.49,,,,,,,
JR어음1,2020-05-06,4.5,,,,,,,
JR어음1,2020-05-07,4.47,,,,,,,
JR어음1,2020-05-08,4.47,,,,,,,
JR어음1,2020-05-09,4.48,,,,,,,
JR어음1,2020-05-10,4.47,,,,,,,
JR어음1,2020-05-11,4.45,,,,,,,
JR어음1,2020-05-12,4.42,,,,,,,
JR어음1,2020-05-13,4.37,,,,,,,
JR어음1,2020-05-14,4.35,,,,,,,
JR어음1,2020-05-15,4.36,,,,,,,
JR어음1,2020-05-16,4.37,,,,,,,
JR어음1,2020-05-17,4.37,,,,,,,
JR어음1,2020-05-18,4.39,,,,,,,
JR어음1,2020-05-19,4.37,,,,,,,
JR어음1,2020-05-20,4.35,,,,,,,
JR어음1,2020-05-21,4.34,,,,,,,
JR어음1,2020-05-22,4.35,,,,,,,
JR어음1,2020-05-23,4.33,,,,,,,
JR어음1,2020-05-24,4.32,,,,,,,
JR어음1,2020-05-25,4.3,,,,,,,
JR어음1,2020-05-26,4.27,,,,,,,
JR어음1,2020-05-27,4.24,,,,,,,
JR어음1,2020-05-28,4.21,,,,,,,
JR어음1,2020-05-29,4.17,,,,,,,
JR어음1,2020-05-30,4.14,,,,,,,
JR어음1,2020-05-31,4.13,,,,,,,
JR어음1,2020-06-01,4.1,,,,,,,
JR어음1,2020-06-02,4.09,,,,,,,
JR어음1,2020-06-03,4.1,,,,,,,
JR어음1,2020-06-04,4.11,,,,,,,
JR어음1,2020-06-05,4.11,,,,,,,
JR어음1,2020-06-06,4.11,,,,,,,
JR어음1,2020-06-07,4.1,,,,,,,
JR어음1,2020-06-08,4.08,,,,,,,
JR어음1,2020-06-09,4.09,,,,,,,
JR어음1,2020-06-10,4.11,,,,,,,
JR어음1,2020-06-11,4.1,,,,,,,
JR어음1,2020-06-12,4.08,,,,,,,
JR어음1,2020-06-13,4.09,,,,,,,
JR어음1,2020-06-14,4.13,,,,,,,
JR어음1,2020-06-15,4.2,,,,,,,
JR어음1,2020-06-16,4.23,,,,,,,
JR어음1,2020-06-17,4.24,,,,,,,
JR어음1,2020-06-18,4.3,,,,,,,
JR어음1,2020-06-19,4.35,,,,,,,
JR어음1,2020-06-20,4.36,,,,,,,
JR어음1,2020-06-21,4.36,,,,,,,
JR어음1,2020-06-22,4.33,,,,,,,
JR어음1,2020-06-23,4.31,,,,,,,
JR어음1,2020-06-24,4.32,,,,,,,
JR어음1,2020-06-25,4.41,,,,,,,
JR어음1,2020-06-26,4.45,,,,,,,
JR어음1,2020-06-27,4.46,,,,,,,
JR어음1,2020-06-28,4.43,,,,,,,
JR어음1,2020-06-29,4.42,,,,,,,
JR어음1,2020-06-30,4.45,,,,,,,
JR어음1,2020-07-01,4.43,,,,,,,
JR어음1,2020-07-02,4.4,,,,,,,
JR어음1,2020-07-03,4.4,,,,,,,
JR어음1,2020-07-04,4.38,,,,,,,
JR어음1,2020-07-05,4.37,,,,,,,
JR어음1,2020-07-06,4.37,,,,,,,
JR어음1,2020-07-07,4.4,,,,,,,
JR어음1,2020-07-08,4.46,,,,,,,
JR어음1,2020-07-09,4.49,,,,,,,
JR어음1,2020-07-10,4.5,,,,,,,
JR어음1,2020-07-11,4.5,,,,,,,
JR어음1,2020-07-12,4.52,,,,,,,
JR어음1,2020-07-13,4.53,,,,,,,
JR어음1,2020-07-14,4.53,,,,,,,
JR어음1,2020-07-15,4.52,,,,,,,
JR어음1,2020-07-16,4.51,,,,,,,
JR어음1,2020-07-17,4.5,,,,,,,
JR어음1,2020-07-18,4.5,,,,,,,
JR어음1,2020-07-19,4.51,,,,,,,
JR어음1,2020-07-20,4.51,,,,,,,
JR어음1,2020-07-21,4.52,,,,,,,
JR어음1,2020-07-22,4.53,,,,,,,
JR어음1,2020-07-23,4.55,,,,,,,
JR어음1,2020-07-24,4.57,,,,,,,
JR어음1,2020-07-25,4.57,,,,,,,
JR어음1,2020-07-26,4.55,,,,,,,
JR어음1,2020-07-27,4.57,,,,,,,
JR어음1,2020-07-28,4.62,,,,,,,
JR어음1,2020-07-29,4.64,,,,,,,
JR어음1,2020-07-30,4.64,,,,,,,
JR어음1,2020-07-31,4.64,,,,,,,
JR어음1,2020-08-01,4.64,,,,,,,
JR어음1,2020-08-02,4.64,,,,,,,
JR어음1,2020-08-03,4.63,,,,,,,
JR어음1,2020-08-04,4.58,,,,,,,
JR어음1,2020-08-05,4.56,,,,,,,
JR어음1,2020-08-06,4.55,,,,,,,
JR어음1,2020-08-07,4.53,,,,,,,
JR어음1,2020-08-08,4.53,,,,,,,
JR어음1,2020-08-09,4.52,,,,,,,
JR어음1,2020-08-10,4.51,,,,,,,
JR어음1,2020-08-11,4.49,,,,,,,
JR어음1,2020-08-12,4.47,,,,,,,
JR어음1,2020-08-13,4.46,,,,,,,
JR어음1,2020-08-14,4.45,,,,,,,
JR어음1,2020-08-15,4.45,,,,,,,
JR어음1,2020-08-16,4.45,,,,,,,
JR어음1,2020-08-17,4.46,,,,,,,
JR어음1,2020-08-18,4.46,,,,,,,
JR어음1,2020-08-19,4.47,,,,,,,
JR어음1,2020-08-20,4.48,,,,,,,
JR어음1,2020-08-21,4.49,,,,,,,
JR어음1,2020-08-22,4.51,,,,,,,
JR어음1,2020-08-23,4.53,,,,,,,
JR어음1,2020-08-24,4.54,,,,,,,
JR어음1,2020-08-25,4.57,,,,,,,
JR어음1,2020-08-26,4.64,,,,,,,
JR어음1,2020-08-27,4.7,,,,,,,
JR어음1,2020-08-28,4.73,,,,,,,
JR어음1,2020-08-29,4.73,,,,,,,
JR어음1,2020-08-30,4.74,,,,,,,
JR어음1,2020-08-31,4.75,,,,,,,
JR어음1,2020-09-01,4.77,,,,,,,
JR어음1,2020-09-02,4.87,,,,,,,
JR어음1,2020-09-03,5.3,,,,,,,
JR어음1,2020-09-04,5.41,,,,,,,
JR어음1,2020-09-05,5.45,,,,,,,
JR어음1,2020-09-06,5.47,,,,,,,
JR어음1,2020-09-07,5.96,,,,,,,
JR어음1,2020-09-08,6.34,,,,,,,
JR어음1,2020-09-09,6.43,,,,,,,
JR어음1,2020-09-10,6.44,,,,,,,
JR어음1,2020-09-11,6.42,,,,,,,
JR어음1,2020-09-12,6.44,,,,,,,
JR어음1,2020-09-13,6.43,,,,,,,
JR어음1,2020-09-14,6.42,,,,,,,
JR어음1,2020-09-15,6.39,,,,,,,
JR어음1,2020-09-16,6.37,,,,,,,
JR어음1,2020-09-17,6.35,,,,,,,
JR어음1,2020-09-18,6.38,,,,,,,
JR어음1,2020-09-19,6.42,,,,,,,
JR어음1,2020-09-20,6.46,,,,,,,
JR어음1,2020-09-21,6.48,,,,,,,
JR어음1,2020-09-22,6.51,,,,,,,
JR어음1,2020-09-23,6.55,,,,,,,
JR어음1,2020-09-24,6.6,,,,,,,
JR어음1,2020-09-25,6.63,,,,,,,
JR어음1,2020-09-26,6.67,,,,,,,
JR어음1,2020-09-27,6.71,,,,,,,
JR어음1,2020-09-28,6.76,,,,,,,
JR어음1,2020-09-29,6.82,,,,,,,
JR어음1,2020-09-30,6.86,,,,,,,
JR어음1,2020-10-01,6.9,,,,,,,
JR어음1,2020-10-02,6.94,,,,,,,
JR어음1,2020-10-03,6.98,,,,,,,
JR어음1,2020-10-04,7.02,,,,,,,
JR어음1,2020-10-05,7.05,,,,,,,
JR어음1,2020-10-06,7.07,,,,,,,
JR어음1,2020-10-07,7.09,,,,,,,
JR어음1,2020-10-08,7.13,,,,,,,
JR어음1,2020-10-09,7.18,,,,,,,
JR어음1,2020-10-10,7.2,,,,,,,
JR어음1,2020-10-11,7.22,,,,,,,
JR어음1,2020-10-12,7.23,,,,,,,
JR어음1,2020-10-13,7.24,,,,,,,
JR어음1,2020-10-14,7.24,,,,,,,
JR어음1,2020-10-15,7.26,,,,,,,
JR어음1,2020-10-16,7.28,,,,,,,
JR어음1,2020-10-17,7.3,,,,,,,
JR어음1,2020-10-18,7.31,,,,,,,
JR어음1,2020-10-19,7.32,,,,,,,
JR어음1,2020-10-20,7.32,,,,,,,
JR어음1,2020-10-21,7.36,,,,,,,
JR어음1,2020-10-22,7.39,,,,,,,
JR어음1,2020-10-23,7.39,,,,,,,
JR어음1,2020-10-24,7.37,,,,,,,
JR어음1,2020-10-25,7.35,,,,,,,
JR어음1,2020-10-26,7.35,,,,,,,
JR어음1,2020-10-27,7.34,,,,,,,
JR어음1,2020-10-28,7.29,,,,,,,
JR어음1,2020-10-29,7.24,,,,,,,
JR어음1,2020-10-30,7.22,,,,,,,
JR어음1,2020-10-31,7.21,,,,,,,
JR어음1,2020-11-01,7.21,,,,,,,
JR어음1,2020-11-02,7.2,,,,,,,
JR어음1,2020-11-03,7.19,,,,,,,
JR어음1,2020-11-04,7.16,,,,,,,
JR어음1,2020-11-05,7.14,,,,,,,
JR어음1,2020-11-06,7.13,,,,,,,
JR어음1,2020-11-07,7.11,,,,,,,
JR어음1,2020-11-08,7.07,,,,,,,
JR어음1,2020-11-09,7.04,,,,,,,
JR어음1,2020-11-10,7.0,,,,,,,
JR어음1,2020-11-11,6.98,,,,,,,
JR어음1,2020-11-12,6.96,,,,,,,
JR어음1,2020-11-13,6.95,,,,,,,
JR어음1,2020-11-14,6.94,,,,,,,
JR어음1,2020-11-15,6.95,,,,,,,
JR어음1,2020-11-16,6.95,,,,,,,
JR어음1,2020-11-17,6.95,,,,,,,
JR어음1,2020-11-18,6.97,,,,,,,
JR어음1,2020-11-19,6.97,,,,,,,
JR어음1,2020-11-20,6.92,,,,,,,
JR어음1,2020-11-21,6.9,,,,,,,
JR어음1,2020-11-22,6.87,,,,,,,
JR어음1,2020-11-23,6.82,,,,,,,
JR어음1,2020-11-24,6.78,,,,,,,
JR어음1,2020-11-25,6.75,,,,,,,
JR어음1,2020-11-26,6.73,,,,,,,
JR어음1,2020-11-27,6.71,,,,,,,
JR어음1,2020-11-28,6.69,,,,,,,
JR어음1,2020-11-29,6.66,,,,,,,
JR어음1,2020-11-30,6.63,,,,,,,
JR어음1,2020-12-01,6.61,,,,,,,
JR어음1,2020-12-02,6.6,,,,,,,
JR어음1,2020-12-03,6.58,,,,,,,
JR어음1,2020-12-04,6.55,,,,,,,
JR어음1,2020-12-05,6.53,,,,,,,
JR어음1,2020-12-06,6.5,,,,,,,
JR어음1,2020-12-07,6.48,,,,,,,
JR어음1,2020-12-08,6.46,,,,,,,
JR어음1,2020-12-09,6.44,,,,,,,
JR어음1,2020-12-10,6.44,,,,,,,
JR어음1,2020-12-11,6.43,,,,,,,
JR어음1,2020-12-12,6.42,,,,,,,
JR어음1,2020-12-13,6.41,,,,,,,
JR어음1,2020-12-14,6.39,,,,,,,
JR어음1,2020-12-15,6.37,,,,,,,
JR어음1,2020-12-16,6.35,,,,,,,
JR어음1,2020-12-17,6.33,,,,,,,
JR어음1,2020-12-18,6.31,,,,,,,
JR어음1,2020-12-19,6.27,,,,,,,
JR어음1,2020-12-20,6.24,,,,,,,
JR어음1,2020-12-21,6.21,,,,,,,
JR어음1,2020-12-22,6.17,,,,,,,
JR어음1,2020-12-23,6.15,,,,,,,
JR어음1,2020-12-24,6.14,,,,,,,
JR어음1,2020-12-25,6.1,,,,,,,
JR어음1,2020-12-26,6.08,,,,,,,
JR어음1,2020-12-27,6.08,,,,,,,
JR어음1,2020-12-28,6.07,,,,,,,
JR어음1,2020-12-29,6.07,,,,,,,
JR어음1,2020-12-30,6.04,,,,,,,
JR어음1,2020-12-31,6.01,,,,,,,
JR어음1,2021-01-01,5.99,,,,,,,
JR어음1,2021-01-02,5.97,,,,,,,
JR어음1,2021-01-03,5.94,,,,,,,
JR어음1,2021-01-04,5.92,,,,,,,
JR어음1,2021-01-05,5.89,,,,,,,
JR어음1,2021-01-06,5.87,,,,,,,
JR어음1,2021-01-07,5.83,,,,,,,
JR어음1,2021-01-08,5.8,,,,,,,
JR어음1,2021-01-09,5.77,,,,,,,
JR어음1,2021-01-10,5.74,,,,,,,
JR어음1,2021-01-11,5.73,,,,,,,
JR어음1,2021-01-12,5.73,,,,,,,
JR어음1,2021-01-13,5.73,,,,,,,
JR어음1,2021-01-14,5.72,,,,,,,
JR어음1,2021-01-15,5.71,,,,,,,
JR어음1,2021-01-16,5.67,,,,,,,
JR어음1,2021-01-17,5.63,,,,,,,
JR어음1,2021-01-18,5.61,,,,,,,
JR어음1,2021-01-19,5.56,,,,,,,
JR어음1,2021-01-20,5.53,,,,,,,
JR어음1,2021-01-21,5.51,,,,,,,
JR어음1,2021-01-22,5.49,,,,,,,
JR어음1,2021-01-23,5.49,,,,,,,
JR어음1,2021-01-24,5.48,,,,,,,
JR어음1,2021-01-25,5.48,,,,,,,
JR어음1,2021-01-26,5.47,,,,,,,
JR어음1,2021-01-27,5.46,,,,,,,
JR어음1,2021-01-28,5.45,,,,,,,
JR어음1,2021-01-29,5.41,,,,,,,
JR어음1,2021-01-30,5.39,,,,,,,
JR어음1,2021-01-31,5.38,,,,,,,
JR어음1,2021-02-01,5.4,,,,,,,
JR어음1,2021-02-02,5.39,,,,,,,
JR어음1,2021-02-03,5.37,,,,,,,
JR어음1,2021-02-04,5.34,,,,,,,
JR어음1,2021-02-05,5.32,,,,,,,
JR어음1,2021-02-06,5.29,,,,,,,
JR어음1,2021-02-07,5.27,,,,,,,
JR어음1,2021-02-08,5.22,,,,,,,
JR어음1,2021-02-09,5.19,,,,,,,
JR어음1,2021-02-10,5.17,,,,,,,
JR어음1,2021-02-11,5.16,,,,,,,
JR어음1,2021-02-12,5.15,,,,,,,
JR어음1,2021-02-13,5.14,,,,,,,
JR어음1,2021-02-14,5.14,,,,,,,
JR어음1,2021-02-15,5.12,,,,,,,
JR어음1,2021-02-16,5.08,,,,,,,
JR어음1,2021-02-17,5.04,,,,,,,
JR어음1,2021-02-18,4.99,,,,,,,
JR어음1,2021-02-19,4.96,,,,,,,
JR어음1,2021-02-20,4.94,,,,,,,
JR어음1,2021-02-21,4.91,,,,,,,
JR어음1,2021-02-22,4.89,,,,,,,
JR어음1,2021-02-23,4.86,,,,,,,
JR어음1,2021-02-24,4.85,,,,,,,
JR어음1,2021-02-25,4.85,,,,,,,
JR어음1,2021-02-26,4.86,,,,,,,
JR어음1,2021-02-27,4.88,,,,,,,
JR어음1,2021-02-28,4.89,,,,,,,
JR어음1,2021-03-01,4.88,,,,,,,
JR어음1,2021-03-02,4.85,,,,,,,
JR어음1,2021-03-03,4.85,,,,,,,
JR어음1,2021-03-04,4.85,,,,,,,
JR어음1,2021-03-05,4.86,,,,,,,
JR어음1,2021-03-06,4.84,,,,,,,
JR어음1,2021-03-07,4.82,,,,,,,
JR어음1,2021-03-08,4.8,,,,,,,
JR어음1,2021-03-09,4.77,,,,,,,
JR어음1,2021-03-10,4.74,,,,,,,
JR어음1,2021-03-11,4.73,,,,,,,
JR어음1,2021-03-12,4.74,,,,,,,
JR어음1,2021-03-13,4.74,,,,,,,
JR어음1,2021-03-14,4.73,,,,,,,
JR어음1,2021-03-15,4.73,,,,,,,
JR어음1,2021-03-16,4.71,,,,,,,
JR어음1,2021-03-17,4.69,,,,,,,
JR어음1,2021-03-18,4.69,,,,,,,
JR어음1,2021-03-19,4.68,,,,,,,
JR어음1,2021-03-20,4.69,,,,,,,
JR어음1,2021-03-21,4.65,,,,,,,
JR어음1,2021-03-22,4.61,,,,,,,
JR어음1,2021-03-23,4.59,,,,,,,
JR어음1,2021-03-24,4.57,,,,,,,
JR어음1,2021-03-25,4.55,,,,,,,
JR어음1,2021-03-26,4.56,,,,,,,
JR어음1,2021-03-27,4.6,,,,,,,
JR어음1,2021-03-28,4.65,,,,,,,
JR어음1,2021-03-29,4.67,,,,,,,
JR어음1,2021-03-30,4.69,,,,,,,
JR어음1,2021-03-31,4.69,,,,,,,
JR어음1,2021-04-01,4.66,,,,,,,
JR어음1,2021-04-02,4.64,,,,,,,
JR어음1,2021-04-03,4.61,,,,,,,
JR어음1,2021-04-04,4.55,,,,,,,
JR어음1,2021-04-05,4.51,,,,,,,
JR어음1,2021-04-06,4.49,,,,,,,
JR어음1,2021-04-07,4.45,,,,,,,
JR어음1,2021-04-08,4.42,,,,,,,
JR어음1,2021-04-09,4.39,,,,,,,
JR어음1,2021-04-10,4.37,,,,,,,
JR어음1,2021-04-11,4.36,,,,,,,
JR어음1,2021-04-12,4.38,,,,,,,
JR어음1,2021-04-13,4.37,,,,,,,
JR어음1,2021-04-14,4.34,,,,,,,
JR어음1,2021-04-15,4.33,,,,,,,
JR어음1,2021-04-16,4.33,,,,,,,
JR어음1,2021-04-17,4.3,,,,,,,
JR어음1,2021-04-18,4.27,,,,,,,
JR어음1,2021-04-19,4.23,,,,,,,
JR어음1,2021-04-20,4.21,,,,,,,
JR어음1,2021-04-21,4.2,,,,,,,
JR어음1,2021-04-22,4.2,,,,,,,
JR어음1,2021-04-23,4.21,,,,,,,
JR어음1,2021-04-24,4.23,,,,,,,
JR어음1,2021-04-25,4.23,,,,,,,
JR어음1,2021-04-26,4.24,,,,,,,
JR어음1,2021-04-27,4.25,,,,,,,
JR어음1,2021-04-28,4.24,,,,,,,
JR어음1,2021-04-29,4.23,,,,,,,
JR어음1,2021-04-30,4.22,,,,,,,
JR어음1,2021-05-01,4.23,,,,,,,
JR어음1,2021-05-02,4.2,,,,,,,
JR어음1,2021-05-03,4.17,,,,,,,
JR어음1,2021-05-04,4.17,,,,,,,
JR어음1,2021-05-05,4.18,,,,,,,
JR어음1,2021-05-06,4.18,,,,,,,
JR어음1,2021-05-07,4.18,,,,,,,
JR어음1,2021-05-08,4.18,,,,,,,
JR어음1,2021-05-09,4.18,,,,,,,
JR어음1,2021-05-10,4.19,,,,,,,
JR어음1,2021-05-11,4.2,,,,,,,
JR어음1,2021-05-12,4.21,,,,,,,
JR어음1,2021-05-13,4.2,,,,,,,
JR어음1,2021-05-14,4.18,,,,,,,
JR어음1,2021-05-15,4.19,,,,,,,
JR어음1,2021-05-16,4.19,,,,,,,
JR어음1,2021-05-17,4.2,,,,,,,
JR어음1,2021-05-18,4.2,,,,,,,
JR어음1,2021-05-19,4.19,,,,,,,
JR어음1,2021-05-20,4.19,,,,,,,
JR어음1,2021-05-21,4.18,,,,,,,
JR어음1,2021-05-22,4.17,,,,,,,
JR어음1,2021-05-23,4.16,,,,,,,
JR어음1,2021-05-24,4.16,,,,,,,
JR어음1,2021-05-25,4.16,,,,,,,
JR어음1,2021-05-26,4.14,,,,,,,
JR어음1,2021-05-27,4.16,,,,,,,
JR어음1,2021-05-28,4.16,,,,,,,
JR어음1,2021-05-29,4.15,,,,,,,
JR어음1,2021-05-30,4.12,,,,,,,
JR어음1,2021-05-31,4.08,,,,,,,
JR어음1,2021-06-01,4.05,,,,,,,
JR어음1,2021-06-02,4.02,,,,,,,
JR어음1,2021-06-03,4.01,,,,,,,
JR어음1,2021-06-04,3.99,,,,,,,
JR어음1,2021-06-05,3.97,,,,,,,
JR어음1,2021-06-06,3.95,,,,,,,
JR어음1,2021-06-07,3.93,,,,,,,
JR어음1,2021-06-08,3.92,,,,,,,
JR어음1,2021-06-09,3.91,,,,,,,
JR어음1,2021-06-10,3.91,,,,,,,
JR어음1,2021-06-11,4.01,,,,,,,
JR어음1,2021-06-12,4.16,,,,,,,
JR어음1,2021-06-13,4.2,,,,,,,
JR어음1,2021-06-14,4.22,,,,,,,
JR어음1,2021-06-15,4.25,,,,,,,
JR어음1,2021-06-16,4.27,,,,,,,
JR어음1,2021-06-17,4.28,,,,,,,
JR어음1,2021-06-18,4.27,,,,,,,
JR어음1,2021-06-19,4.25,,,,,,,
JR어음1,2021-06-20,4.23,,,,,,,
JR어음1,2021-06-21,4.21,,,,,,,
JR어음1,2021-06-22,4.19,,,,,,,
JR어음1,2021-06-23,4.18,,,,,,,
JR어음1,2021-06-24,4.16,,,,,,,
JR어음1,2021-06-25,4.15,,,,,,,
JR어음1,2021-06-26,4.15,,,,,,,
JR어음1,2021-06-27,4.15,,,,,,,
JR어음1,2021-06-28,4.15,,,,,,,
JR어음1,2021-06-29,4.14,,,,,,,
JR어음1,2021-06-30,4.12,,,,,,,
JR어음1,2021-07-01,4.1,,,,,,,
JR어음1,2021-07-02,4.08,,,,,,,
JR어음1,2021-07-03,4.07,,,,,,,
JR어음1,2021-07-04,4.07,,,,,,,
JR어음1,2021-07-05,4.07,,,,,,,
JR어음1,2021-07-06,4.08,,,,,,,
JR어음1,2021-07-07,4.11,,,,,,,
JR어음1,2021-07-08,4.21,,,,,,,
JR어음1,2021-07-09,4.23,,,,,,,
JR어음1,2021-07-10,4.22,,,,,,,
JR어음1,2021-07-11,4.2,,,,,,,
JR어음1,2021-07-12,4.18,,,,,,,
JR어음1,2021-07-13,4.16,,,,,,,
JR어음1,2021-07-14,4.13,,,,,,,
JR어음1,2021-07-15,4.1,,,,,,,
JR어음1,2021-07-16,4.07,,,,,,,
JR어음1,2021-07-17,4.07,,,,,,,
JR어음1,2021-07-18,4.1,,,,,,,
JR어음1,2021-07-19,4.13,,,,,,,
JR어음1,2021-07-20,4.13,,,,,,,
JR어음1,2021-07-21,4.13,,,,,,,
JR어음1,2021-07-22,4.13,,,,,,,
JR어음1,2021-07-23,4.13,,,,,,,
JR어음1,2021-07-24,4.14,,,,,,,
JR어음1,2021-07-25,4.16,,,,,,,
JR어음1,2021-07-26,4.18,,,,,,,
JR어음1,2021-07-27,4.18,,,,,,,
JR어음1,2021-07-28,4.16,,,,,,,
JR어음1,2021-07-29,4.13,,,,,,,
JR어음1,2021-07-30,4.1,,,,,,,
JR어음1,2021-07-31,4.08,,,,,,,
JR어음1,2021-08-01,4.07,,,,,,,
JR어음1,2021-08-02,4.07,,,,,,,
JR어음1,2021-08-03,4.07,,,,,,,
JR어음1,2021-08-04,4.06,,,,,,,
JR어음1,2021-08-05,4.05,,,,,,,
JR어음1,2021-08-06,4.05,,,,,,,
JR어음1,2021-08-07,4.04,,,,,,,
JR어음1,2021-08-08,4.04,,,,,,,
JR어음1,2021-08-09,4.05,,,,,,,
JR어음1,2021-08-10,4.03,,,,,,,
JR어음1,2021-08-11,4.04,,,,,,,
JR어음1,2021-08-12,4.05,,,,,,,
JR어음1,2021-08-13,4.08,,,,,,,
JR어음1,2021-08-14,4.14,,,,,,,
JR어음1,2021-08-15,4.22,,,,,,,
JR어음1,2021-08-16,4.25,,,,,,,
JR어음1,2021-08-17,4.23,,,,,,,
JR어음1,2021-08-18,4.22,,,,,,,
JR어음1,2021-08-19,4.2,,,,,,,
JR어음1,2021-08-20,4.24,,,,,,,
JR어음1,2021-08-21,4.28,,,,,,,
JR어음1,2021-08-22,4.27,,,,,,,
JR어음1,2021-08-23,4.3,,,,,,,
JR어음1,2021-08-24,4.31,,,,,,,
JR어음1,2021-08-25,4.3,,,,,,,
JR어음1,2021-08-26,4.3,,,,,,,
JR어음1,2021-08-27,4.27,,,,,,,
JR어음1,2021-08-28,4.23,,,,,,,
JR어음1,2021-08-29,4.19,,,,,,,
JR어음1,2021-08-30,4.14,,,,,,,
JR어음1,2021-08-31,4.11,,,,,,,
JR어음1,2021-09-01,4.09,,,,,,,
JR어음1,2021-09-02,4.1,,,,,,,
JR어음1,2021-09-03,4.27,,,,,,,
JR어음1,2021-09-04,4.39,,,,,,,
JR어음1,2021-09-05,4.41,,,,,,,
JR어음1,2021-09-06,4.42,,,,,,,
JR어음1,2021-09-07,4.42,,,,,,,
JR어음1,2021-09-08,4.39,,,,,,,
JR어음1,2021-09-09,4.37,,,,,,,
JR어음1,2021-09-10,4.35,,,,,,,
JR어음1,2021-09-11,4.35,,,,,,,
JR어음1,2021-09-12,4.32,,,,,,,
JR어음1,2021-09-13,4.31,,,,,,,
JR어음1,2021-09-14,4.42,,,,,,,
JR어음1,2021-09-15,4.64,,,,,,,
JR어음1,2021-09-16,4.77,,,,,,,
JR어음1,2021-09-17,5.06,,,,,,,
JR어음1,2021-09-18,5.26,,,,,,,
JR어음1,2021-09-19,5.26,,,,,,,
JR어음1,2021-09-20,5.21,,,,,,,
JR어음1,2021-09-21,5.16,,,,,,,
JR어음1,2021-09-22,5.11,,,,,,,
JR어음1,2021-09-23,5.05,,,,,,,
JR어음1,2021-09-24,5.0,,,,,,,
JR어음1,2021-09-25,4.96,,,,,,,
JR어음1,2021-09-26,4.92,,,,,,,
JR어음1,2021-09-27,4.89,,,,,,,
JR어음1,2021-09-28,4.87,,,,,,,
JR어음1,2021-09-29,4.86,,,,,,,
JR어음1,2021-09-30,4.92,,,,,,,
JR어음1,2021-10-01,4.96,,,,,,,
JR어음1,2021-10-02,4.96,,,,,,,
JR어음1,2021-10-03,4.95,,,,,,,
JR어음1,2021-10-04,4.93,,,,,,,
JR어음1,2021-10-05,4.92,,,,,,,
JR어음1,2021-10-06,4.91,,,,,,,
JR어음1,2021-10-07,4.91,,,,,,,
JR어음1,2021-10-08,4.92,,,,,,,
JR어음1,2021-10-09,4.92,,,,,,,
JR어음1,2021-10-10,4.92,,,,,,,
JR어음1,2021-10-11,4.9,,,,,,,
JR어음1,2021-10-12,4.9,,,,,,,
JR어음1,2021-10-13,4.9,,,,,,,
JR어음1,2021-10-14,4.89,,,,,,,
JR어음1,2021-10-15,4.87,,,,,,,
JR어음1,2021-10-16,4.85,,,,,,,
JR어음1,2021-10-17,4.84,,,,,,,
JR어음1,2021-10-18,4.85,,,,,,,
JR어음1,2021-10-19,4.85,,,,,,,
JR어음1,2021-10-20,4.85,,,,,,,
JR어음1,2021-10-21,4.85,,,,,,,
JR어음1,2021-10-22,4.84,,,,,,,
JR어음1,2021-10-23,4.81,,,,,,,
JR어음1,2021-10-24,4.8,,,,,,,
JR어음1,2021-10-25,4.8,,,,,,,
JR어음1,2021-10-26,4.78,,,,,,,
JR어음1,2021-10-27,4.77,,,,,,,
JR어음1,2021-10-28,4.76,,,,,,,
JR어음1,2021-10-29,4.76,,,,,,,
JR어음1,2021-10-30,4.77,,,,,,,
JR어음1,2021-10-31,4.76,,,,,,,
JR어음1,2021-11-01,4.75,,,,,,,
JR어음1,2021-11-02,4.76,,,,,,,
JR어음1,2021-11-03,4.77,,,,,,,
JR어음1,2021-11-04,4.78,,,,,,,
JR어음1,2021-11-05,4.81,,,,,,,
JR어음1,2021-11-06,4.83,,,,,,,
JR어음1,2021-11-07,4.84,,,,,,,
JR어음1,2021-11-08,4.86,,,,,,,
JR어음1,2021-11-09,4.87,,,,,,,
JR어음1,2021-11-10,4.88,,,,,,,
JR어음1,2021-11-11,4.88,,,,,,,
JR어음1,2021-11-12,4.86,,,,,,,
JR어음1,2021-11-13,4.84,,,,,,,
JR어음1,2021-11-14,4.82,,,,,,,
JR어음1,2021-11-15,4.8,,,,,,,
JR어음1,2021-11-16,4.78,,,,,,,
JR어음1,2021-11-17,4.77,,,,,,,
JR어음1,2021-11-18,4.77,,,,,,,
JR어음1,2021-11-19,4.77,,,,,,,
JR어음1,2021-11-20,4.77,,,,,,,
JR어음1,2021-11-21,4.78,,,,,,,
JR어음1,2021-11-22,4.77,,,,,,,
JR어음1,2021-11-23,4.75,,,,,,,
JR어음1,2021-11-24,4.73,,,,,,,
JR어음1,2021-11-25,4.71,,,,,,,
JR어음1,2021-11-26,4.68,,,,,,,
JR어음1,2021-11-27,4.66,,,,,,,
JR어음1,2021-11-28,4.64,,,,,,,
JR어음1,2021-11-29,4.64,,,,,,,
JR어음1,2021-11-30,4.65,,,,,,,
JR어음1,2021-12-01,4.63,,,,,,,
JR어음1,2021-12-02,4.64,,,,,,,
JR어음1,2021-12-03,4.64,,,,,,,
JR어음1,2021-12-04,4.64,,,,,,,
JR어음1,2021-12-05,4.64,,,,,,,
JR어음1,2021-12-06,4.64,,,,,,,
JR어음1,2021-12-07,4.62,,,,,,,
JR어음1,2021-12-08,4.61,,,,,,,
JR어음1,2021-12-09,4.6,,,,,,,
JR어음1,2021-12-10,4.58,,,,,,,
JR어음1,2021-12-11,4.55,,,,,,,
JR어음1,2021-12-12,4.53,,,,,,,
JR어음1,2021-12-13,4.5,,,,,,,
JR어음1,2021-12-14,4.48,,,,,,,
JR어음1,2021-12-15,4.48,,,,,,,
JR어음1,2021-12-16,4.51,,,,,,,
JR어음1,2021-12-17,4.5,,,,,,,
JR어음1,2021-12-18,4.48,,,,,,,
JR어음1,2021-12-19,4.48,,,,,,,
JR어음1,2021-12-20,4.48,,,,,,,
JR어음1,2021-12-21,4.48,,,,,,,
JR어음1,2021-12-22,4.47,,,,,,,
JR어음1,2021-12-23,4.46,,,,,,,
JR어음1,2021-12-24,4.45,,,,,,,
JR어음1,2021-12-25,4.4,,,,,,,
JR어음1,2021-12-26,4.36,,,,,,,
JR어음1,2021-12-27,4.33,,,,,,,
JR어음1,2021-12-28,4.32,,,,,,,
JR어음1,2021-12-29,4.32,,,,,,,
JR어음1,2021-12-30,4.3,,,,,,,
JR어음1,2021-12-31,4.28,,,,,,,
JR어음1,2022-01-01,4.28,,,,,,,
JR어음1,2022-01-02,4.28,,,,,,,
JR어음1,2022-01-03,4.28,,,,,,,
JR어음1,2022-01-04,4.28,,,,,,,
JR어음1,2022-01-05,4.28,,,,,,,
JR어음1,2022-01-06,4.28,,,,,,,
JR어음1,2022-01-07,4.27,,,,,,,
JR어음1,2022-01-08,4.24,,,,,,,
JR어음1,2022-01-09,4.22,,,,,,,
JR어음1,2022-01-10,4.2,,,,,,,
JR어음1,2022-01-11,4.18,,,,,,,
JR어음1,2022-01-12,4.15,,,,,,,
JR어음1,2022-01-13,4.14,,,,,,,
JR어음1,2022-01-14,4.12,,,,,,,
JR어음1,2022-01-15,4.11,,,,,,,
JR어음1,2022-01-16,4.1,,,,,,,
JR어음1,2022-01-17,4.09,,,,,,,
JR어음1,2022-01-18,4.08,,,,,,,
JR어음1,2022-01-19,4.07,,,,,,,
JR어음1,2022-01-20,4.06,,,,,,,
JR어음1,2022-01-21,4.06,,,,,,,
JR어음1,2022-01-22,4.07,,,,,,,
JR어음1,2022-01-23,4.08,,,,,,,
JR어음1,2022-01-24,4.08,,,,,,,
JR어음1,2022-01-25,4.07,,,,,,,
JR어음1,2022-01-26,4.03,,,,,,,
JR어음1,2022-01-27,4.0,,,,,,,
JR어음1,2022-01-28,3.98,,,,,,,
JR어음1,2022-01-29,3.97,,,,,,,
JR어음1,2022-01-30,3.97,,,,,,,
JR어음1,2022-01-31,3.96,,,,,,,
JR어음1,2022-02-01,3.96,,,,,,,
JR어음1,2022-02-02,3.94,,,,,,,
JR어음1,2022-02-03,3.93,,,,,,,
JR어음1,2022-02-04,3.91,,,,,,,
JR어음1,2022-02-05,3.88,,,,,,,
JR어음1,2022-02-06,3.85,,,,,,,
JR어음1,2022-02-07,3.82,,,,,,,
JR어음1,2022-02-08,3.79,,,,,,,
JR어음1,2022-02-09,3.77,,,,,,,
JR어음1,2022-02-10,3.75,,,,,,,
JR어음1,2022-02-11,3.74,,,,,,,
JR어음1,2022-02-12,3.74,,,,,,,
JR어음1,2022-02-13,3.75,,,,,,,
JR어음1,2022-02-14,3.76,,,,,,,
JR어음1,2022-02-15,3.74,,,,,,,
JR어음1,2022-02-16,3.73,,,,,,,
JR어음1,2022-02-17,3.72,,,,,,,
JR어음1,2022-02-18,3.73,,,,,,,
JR어음1,2022-02-19,3.73,,,,,,,
JR어음1,2022-02-20,3.7,,,,,,,
JR어음1,2022-02-21,3.67,,,,,,,
JR어음1,2022-02-22,3.64,,,,,,,
JR어음1,2022-02-23,3.61,,,,,,,
JR어음1,2022-02-24,3.57,,,,,,,
JR어음1,2022-02-25,3.54,,,,,,,
JR어음1,2022-02-26,3.54,,,,,,,
JR어음1,2022-02-27,3.52,,,,,,,
JR어음1,2022-02-28,3.53,,,,,,,
JR어음1,2022-03-01,3.55,,,,,,,
JR어음1,2022-03-02,3.54,,,,,,,
JR어음1,2022-03-03,3.53,,,,,,,
JR어음1,2022-03-04,3.54,,,,,,,
JR어음1,2022-03-05,3.53,,,,,,,
JR어음1,2022-03-06,3.51,,,,,,,
JR어음1,2022-03-07,3.49,,,,,,,
JR어음1,2022-03-08,3.48,,,,,,,
JR어음1,2022-03-09,3.45,,,,,,,
JR어음1,2022-03-10,3.45,,,,,,,
JR어음1,2022-03-11,3.43,,,,,,,
JR어음1,2022-03-12,3.42,,,,,,,
JR어음1,2022-03-13,3.44,,,,,,,
JR어음1,2022-03-14,3.45,,,,,,,
JR어음1,2022-03-15,3.45,,,,,,,
JR어음1,2022-03-16,3.45,,,,,,,
JR어음1,2022-03-17,3.47,,,,,,,
JR어음1,2022-03-18,3.55,,,,,,,
JR어음1,2022-03-19,3.6,,,,,,,
JR어음1,2022-03-20,3.61,,,,,,,
JR어음1,2022-03-21,3.61,,,,,,,
JR어음1,2022-03-22,3.62,,,,,,,
JR어음1,2022-03-23,3.63,,,,,,,
JR어음1,2022-03-24,3.6,,,,,,,
JR어음1,2022-03-25,3.6,,,,,,,
JR어음1,2022-03-26,3.62,,,,,,,
JR어음1,2022-03-27,3.61,,,,,,,
JR어음1,2022-03-28,3.6,,,,,,,
JR어음1,2022-03-29,3.58,,,,,,,
JR어음1,2022-03-30,3.57,,,,,,,
JR어음1,2022-03-31,3.55,,,,,,,
JR어음1,2022-04-01,3.53,,,,,,,
JR어음1,2022-04-02,3.5,,,,,,,
JR어음1,2022-04-03,3.47,,,,,,,
JR어음1,2022-04-04,3.44,,,,,,,
JR어음1,2022-04-05,3.41,,,,,,,
JR어음1,2022-04-06,3.4,,,,,,,
JR어음1,2022-04-07,3.4,,,,,,,
JR어음1,2022-04-08,3.39,,,,,,,
JR어음1,2022-04-09,3.38,,,,,,,
JR어음1,2022-04-10,3.37,,,,,,,
JR어음1,2022-04-11,3.37,,,,,,,
JR어음1,2022-04-12,3.35,,,,,,,
JR어음1,2022-04-13,3.37,,,,,,,
JR어음1,2022-04-14,3.41,,,,,,,
JR어음1,2022-04-15,3.44,,,,,,,
JR어음1,2022-04-16,3.42,,,,,,,
JR어음1,2022-04-17,3.39,,,,,,,
JR어음1,2022-04-18,3.38,,,,,,,
JR어음1,2022-04-19,3.37,,,,,,,
JR어음1,2022-04-20,3.36,,,,,,,
JR어음1,2022-04-21,3.35,,,,,,,
JR어음1,2022-04-22,3.34,,,,,,,
JR어음1,2022-04-23,3.33,,,,,,,
JR어음1,2022-04-24,3.32,,,,,,,
JR어음1,2022-04-25,3.32,,,,,,,
JR어음1,2022-04-26,3.35,,,,,,,
JR어음1,2022-04-27,3.37,,,,,,,
JR어음1,2022-04-28,3.39,,,,,,,
JR어음1,2022-04-29,3.4,,,,,,,
JR어음1,2022-04-30,3.41,,,,,,,
JR어음1,2022-05-01,3.4,,,,,,,
JR어음1,2022-05-02,3.38,,,,,,,
JR어음1,2022-05-03,3.37,,,,,,,
JR어음1,2022-05-04,3.35,,,,,,,
JR어음1,2022-05-05,3.34,,,,,,,
JR어음1,2022-05-06,3.32,,,,,,,
JR어음1,2022-05-07,3.29,,,,,,,
JR어음1,2022-05-08,3.28,,,,,,,
JR어음1,2022-05-09,3.26,,,,,,,
JR어음1,2022-05-10,3.25,,,,,,,
JR어음1,2022-05-11,3.24,,,,,,,
JR어음1,2022-05-12,3.24,,,,,,,
JR어음1,2022-05-13,3.25,,,,,,,
JR어음1,2022-05-14,3.26,,,,,,,
JR어음1,2022-05-15,3.26,,,,,,,
JR어음1,2022-05-16,3.25,,,,,,,
JR어음1,2022-05-17,3.25,,,,,,,
JR어음1,2022-05-18,3.25,,,,,,,
JR어음1,2022-05-19,3.24,,,,,,,
JR어음1,2022-05-20,3.24,,,,,,,
JR어음1,2022-05-21,3.24,,,,,,,
JR어음1,2022-05-22,3.23,,,,,,,
JR어음1,2022-05-23,3.2,,,,,,,
JR어음1,2022-05-24,3.19,,,,,,,
JR어음1,2022-05-25,3.17,,,,,,,
JR어음1,2022-05-26,3.16,,,,,,,
JR어음1,2022-05-27,3.17,,,,,,,
JR어음1,2022-05-28,3.17,,,,,,,
JR어음1,2022-05-29,3.2,,,,,,,
JR어음1,2022-05-30,3.21,,,,,,,
JR어음1,2022-05-31,3.19,,,,,,,
JR어음1,2022-06-01,3.18,,,,,,,
JR어음1,2022-06-02,3.17,,,,,,,
JR어음1,2022-06-03,3.16,,,,,,,
JR어음1,2022-06-04,3.16,,,,,,,
JR어음1,2022-06-05,3.21,,,,,,,
JR어음1,2022-06-06,3.24,,,,,,,
JR어음1,2022-06-07,3.22,,,,,,,
JR어음1,2022-06-08,3.18,,,,,,,
JR어음1,2022-06-09,3.14,,,,,,,
JR어음1,2022-06-10,3.12,,,,,,,
JR어음1,2022-06-11,3.1,,,,,,,
JR어음1,2022-06-12,3.1,,,,,,,
JR어음1,2022-06-13,3.12,,,,,,,
JR어음1,2022-06-14,3.15,,,,,,,
JR어음1,2022-06-15,3.16,,,,,,,
JR어음1,2022-06-16,3.14,,,,,,,
JR어음1,2022-06-17,3.12,,,,,,,
JR어음1,2022-06-18,3.11,,,,,,,
JR어음1,2022-06-19,3.09,,,,,,,
JR어음1,2022-06-20,3.07,,,,,,,
JR어음1,2022-06-21,3.03,,,,,,,
JR어음1,2022-06-22,2.99,,,,,,,
JR어음1,2022-06-23,2.96,,,,,,,
JR어음1,2022-06-24,3.0,,,,,,,
JR어음1,2022-06-25,3.09,,,,,,,
JR어음1,2022-06-26,3.11,,,,,,,
JR어음1,2022-06-27,3.11,,,,,,,
JR어음1,2022-06-28,3.12,,,,,,,
JR어음1,2022-06-29,3.11,,,,,,,
JR어음1,2022-06-30,3.09,,,,,,,
JR어음1,2022-07-01,3.07,,,,,,,
JR어음1,2022-07-02,3.06,,,,,,,
JR어음1,2022-07-03,3.04,,,,,,,
JR어음1,2022-07-04,3.03,,,,,,,
JR어음1,2022-07-05,3.02,,,,,,,
JR어음1,2022-07-06,3.01,,,,,,,
JR어음1,2022-07-07,2.99,,,,,,,
JR어음1,2022-07-08,2.97,,,,,,,
JR어음1,2022-07-09,2.95,,,,,,,
JR어음1,2022-07-10,2.94,,,,,,,
JR어음1,2022-07-11,2.97,,,,,,,
JR어음1,2022-07-12,2.99,,,,,,,
JR어음1,2022-07-13,3.0,,,,,,,
JR어음1,2022-07-14,3.01,,,,,,,
JR어음1,2022-07-15,3.02,,,,,,,
JR어음1,2022-07-16,3.04,,,,,,,
JR어음1,2022-07-17,3.04,,,,,,,
JR어음1,2022-07-18,3.03,,,,,,,
JR어음1,2022-07-19,2.99,,,,,,,
JR어음1,2022-07-20,2.96,,,,,,,
JR어음1,2022-07-21,2.93,,,,,,,
JR어음1,2022-07-22,2.89,,,,,,,
JR어음1,2022-07-23,2.88,,,,,,,
JR어음1,2022-07-24,2.89,,,,,,,
JR어음1,2022-07-25,2.88,,,,,,,
JR어음1,2022-07-26,2.87,,,,,,,
JR어음1,2022-07-27,2.86,,,,,,,
JR어음1,2022-07-28,2.86,,,,,,,
JR어음1,2022-07-29,2.87,,,,,,,
JR어음1,2022-07-30,2.88,,,,,,,
JR어음1,2022-07-31,2.92,,,,,,,
JR어음1,2022-08-01,2.97,,,,,,,
JR어음1,2022-08-02,2.98,,,,,,,
JR어음1,2022-08-03,3.01,,,,,,,
JR어음1,2022-08-04,2.98,,,,,,,
JR어음1,2022-08-05,2.95,,,,,,,
JR어음1,2022-08-06,2.92,,,,,,,
JR어음1,2022-08-07,2.9,,,,,,,
JR어음1,2022-08-08,2.89,,,,,,,
JR어음1,2022-08-09,2.88,,,,,,,
JR어음1,2022-08-10,2.88,,,,,,,
JR어음1,2022-08-11,2.89,,,,,,,
JR어음1,2022-08-12,2.9,,,,,,,
JR어음1,2022-08-13,2.9,,,,,,,
JR어음1,2022-08-14,2.9,,,,,,,
JR어음1,2022-08-15,2.89,,,,,,,
JR어음1,2022-08-16,2.88,,,,,,,
JR어음1,2022-08-17,2.91,,,,,,,
JR어음1,2022-08-18,3.03,,,,,,,
JR어음1,2022-08-19,3.05,,,,,,,
JR어음1,2022-08-20,3.05,,,,,,,
JR어음1,2022-08-21,3.03,,,,,,,
JR어음1,2022-08-22,3.02,,,,,,,
JR어음1,2022-08-23,3.01,,,,,,,
JR어음1,2022-08-24,2.98,,,,,,,
JR어음1,2022-08-25,2.96,,,,,,,
JR어음1,2022-08-26,2.95,,,,,,,
JR어음1,2022-08-27,2.95,,,,,,,
JR어음1,2022-08-28,2.94,,,,,,,
JR어음1,2022-08-29,2.94,,,,,,,
JR어음1,2022-08-30,2.93,,,,,,,
JR어음1,2022-08-31,2.92,,,,,,,
JR어음1,2022-09-01,2.92,,,,,,,
JR어음1,2022-09-02,2.94,,,,,,,
JR어음1,2022-09-03,2.99,,,,,,,
JR어음1,2022-09-04,3.0,,,,,,,
JR어음1,2022-09-05,3.08,,,,,,,
JR어음1,2022-09-06,3.22,,,,,,,
JR어음1,2022-09-07,3.25,,,,,,,
JR어음1,2022-09-08,3.25,,,,,,,
JR어음1,2022-09-09,3.24,,,,,,,
JR어음1,2022-09-10,3.24,,,,,,,
JR어음1,2022-09-11,3.25,,,,,,,
JR어음1,2022-09-12,3.25,,,,,,,
JR어음1,2022-09-13,3.26,,,,,,,
JR어음1,2022-09-14,3.28,,,,,,,
JR어음1,2022-09-15,3.28,,,,,,,
JR어음1,2022-09-16,3.26,,,,,,,
JR어음1,2022-09-17,3.24,,,,,,,
JR어음1,2022-09-18,3.25,,,,,,,
JR어음1,2022-09-19,3.25,,,,,,,
JR어음1,2022-09-20,3.2,,,,,,,
JR어음1,2022-09-21,3.17,,,,,,,
JR어음1,2022-09-22,3.16,,,,,,,
JR어음1,2022-09-23,3.14,,,,,,,
JR어음1,2022-09-24,3.12,,,,,,,
JR어음1,2022-09-25,3.12,,,,,,,
JR어음1,2022-09-26,3.13,,,,,,,
JR어음1,2022-09-27,3.14,,,,,,,
JR어음1,2022-09-28,3.15,,,,,,,
JR어음1,2022-09-29,3.15,,,,,,,
JR어음1,2022-09-30,3.16,,,,,,,
JR어음1,2022-10-01,3.14,,,,,,,
JR어음1,2022-10-02,3.13,,,,,,,
JR어음1,2022-10-03,3.14,,,,,,,
JR어음1,2022-10-04,3.14,,,,,,,
JR어음1,2022-10-05,3.12,,,,,,,
JR어음1,2022-10-06,3.12,,,,,,,
JR어음1,2022-10-07,3.12,,,,,,,
JR어음1,2022-10-08,3.13,,,,,,,
JR어음1,2022-10-09,3.17,,,,,,,
JR어음1,2022-10-10,3.17,,,,,,,
JR어음1,2022-10-11,3.16,,,,,,,
JR어음1,2022-10-12,3.15,,,,,,,
JR어음1,2022-10-13,3.16,,,,,,,
JR어음1,2022-10-14,3.15,,,,,,,
JR어음1,2022-10-15,3.13,,,,,,,
JR어음1,2022-10-16,3.12,,,,,,,
JR어음1,2022-10-17,3.1,,,,,,,
JR어음1,2022-10-18,3.07,,,,,,,
JR어음1,2022-10-19,3.05,,,,,,,
JR어음1,2022-10-20,3.04,,,,,,,
JR어음1,2022-10-21,3.04,,,,,,,
JR어음1,2022-10-22,3.06,,,,,,,
JR어음1,2022-10-23,3.07,,,,,,,
JR어음1,2022-10-24,3.08,,,,,,,
JR어음1,2022-10-25,3.09,,,,,,,
JR어음1,2022-10-26,3.12,,,,,,,
JR어음1,2022-10-27,3.13,,,,,,,
JR어음1,2022-10-28,3.12,,,,,,,
JR어음1,2022-10-29,3.13,,,,,,,
JR어음1,2022-10-30,3.14,,,,,,,
JR어음1,2022-10-31,3.15,,,,,,,
JR어음1,2022-11-01,3.15,,,,,,,
JR어음1,2022-11-02,3.13,,,,,,,
JR어음1,2022-11-03,3.12,,,,,,,
JR어음1,2022-11-04,3.1,,,,,,,
JR어음1,2022-11-05,3.09,,,,,,,
JR어음1,2022-11-06,3.09,,,,,,,
JR어음1,2022-11-07,3.1,,,,,,,
JR어음1,2022-11-08,3.1,,,,,,,
JR어음1,2022-11-09,3.1,,,,,,,
JR어음1,2022-11-10,3.12,,,,,,,
JR어음1,2022-11-11,3.13,,,,,,,
JR어음1,2022-11-12,3.14,,,,,,,
JR어음1,2022-11-13,3.13,,,,,,,
JR어음1,2022-11-14,3.12,,,,,,,
JR어음1,2022-11-15,3.11,,,,,,,
JR어음1,2022-11-16,3.1,,,,,,,
JR어음1,2022-11-17,3.09,,,,,,,
JR어음1,2022-11-18,3.08,,,,,,,
JR어음1,2022-11-19,3.09,,,,,,,
JR어음1,2022-11-20,3.09,,,,,,,
JR어음1,2022-11-21,3.1,,,,,,,
JR어음1,2022-11-22,3.12,,,,,,,
JR어음1,2022-11-23,3.14,,,,,,,
JR어음1,2022-11-24,3.15,,,,,,,
JR어음1,2022-11-25,3.16,,,,,,,
JR어음1,2022-11-26,3.16,,,,,,,
JR어음1,2022-11-27,3.16,,,,,,,
JR어음1,2022-11-28,3.16,,,,,,,
JR어음1,2022-11-29,3.17,,,,,,,
JR어음1,2022-11-30,3.14,,,,,,,
JR어음1,2022-12-01,3.11,,,,,,,
JR어음1,2022-12-02,3.07,,,,,,,
JR어음1,2022-12-03,3.06,,,,,,,
JR어음1,2022-12-04,3.03,,,,,,,
JR어음1,2022-12-05,3.02,,,,,,,
JR어음1,2022-12-06,3.01,,,,,,,
JR어음1,2022-12-07,3.0,,,,,,,
JR어음1,2022-12-08,3.01,,,,,,,
JR어음1,2022-12-09,3.02,,,,,,,
JR어음1,2022-12-10,3.03,,,,,,,
JR어음1,2022-12-11,3.02,,,,,,,
JR어음1,2022-12-12,3.02,,,,,,,
JR어음1,2022-12-13,3.0,,,,,,,
JR어음1,2022-12-14,2.96,,,,,,,
JR어음1,2022-12-15,2.93,,,,,,,
JR어음1,2022-12-16,2.9,,,,,,,
JR어음1,2022-12-17,2.88,,,,,,,
JR어음1,2022-12-18,2.85,,,,,,,
JR어음1,2022-12-19,2.84,,,,,,,
JR어음1,2022-12-20,2.85,,,,,,,
JR어음1,2022-12-21,2.89,,,,,,,
JR어음1,2022-12-22,2.9,,,,,,,
JR어음1,2022-12-23,2.89,,,,,,,
JR어음1,2022-12-24,2.89,,,,,,,
JR어음1,2022-12-25,2.91,,,,,,,
JR어음1,2022-12-26,2.92,,,,,,,
JR어음1,2022-12-27,2.91,,,,,,,
JR어음1,2022-12-28,2.88,,,,,,,
JR어음1,2022-12-29,2.85,,,,,,,
JR어음1,2022-12-30,2.82,,,,,,,
JR어음1,2022-12-31,2.8,,,,,,,
JR어음1,2023-01-01,2.78,,,,,,,
JR어음1,2023-01-02,2.76,,,,,,,
JR어음1,2023-01-03,2.76,,,,,,,
JR어음1,2023-01-04,2.75,,,,,,,
JR어음1,2023-01-05,2.76,,,,,,,
JR어음1,2023-01-06,2.78,,,,,,,
JR어음1,2023-01-07,2.78,,,,,,,
JR어음1,2023-01-08,2.78,,,,,,,
JR어음1,2023-01-09,2.79,,,,,,,
JR어음1,2023-01-10,2.78,,,,,,,
JR어음1,2023-01-11,2.78,,,,,,,
JR어음1,2023-01-12,2.78,,,,,,,
JR어음1,2023-01-13,2.82,,,,,,,
JR어음1,2023-01-14,2.88,,,,,,,
JR어음1,2023-01-15,2.89,,,,,,,
JR어음1,2023-01-16,2.86,,,,,,,
JR어음1,2023-01-17,2.85,,,,,,,
JR어음1,2023-01-18,2.83,,,,,,,
JR어음1,2023-01-19,2.83,,,,,,,
JR어음1,2023-01-20,2.83,,,,,,,
JR어음1,2023-01-21,2.83,,,,,,,
JR어음1,2023-01-22,2.86,,,,,,,
JR어음1,2023-01-23,2.88,,,,,,,
JR어음1,2023-01-24,2.86,,,,,,,
JR어음1,2023-01-25,2.82,,,,,,,
JR어음1,2023-01-26,2.81,,,,,,,
JR어음1,2023-01-27,2.79,,,,,,,
JR어음1,2023-01-28,2.75,,,,,,,
JR어음1,2023-01-29,2.73,,,,,,,
JR어음1,2023-01-30,2.72,,,,,,,
JR어음1,2023-01-31,2.73,,,,,,,
JR어음1,2023-02-01,2.72,,,,,,,
JR어음1,2023-02-02,2.7,,,,,,,
JR어음1,2023-02-03,2.7,,,,,,,
JR어음1,2023-02-04,2.69,,,,,,,
JR어음1,2023-02-05,2.69,,,,,,,
JR어음1,2023-02-06,2.71,,,,,,,
JR어음1,2023-02-07,2.73,,,,,,,
JR어음1,2023-02-08,2.72,,,,,,,
JR어음1,2023-02-09,2.71,,,,,,,
JR어음1,2023-02-10,2.74,,,,,,,
JR어음1,2023-02-11,2.75,,,,,,,
JR어음1,2023-02-12,2.75,,,,,,,
JR어음1,2023-02-13,2.78,,,,,,,
JR어음1,2023-02-14,2.78,,,,,,,
JR어음1,2023-02-15,2.75,,,,,,,
JR어음1,2023-02-16,2.74,,,,,,,
JR어음1,2023-02-17,2.77,,,,,,,
JR어음1,2023-02-18,2.8,,,,,,,
JR어음1,2023-02-19,2.82,,,,,,,
JR어음1,2023-02-20,2.78,,,,,,,
JR어음1,2023-02-21,2.76,,,,,,,
JR어음1,2023-02-22,2.77,,,,,,,
JR어음1,2023-02-23,2.75,,,,,,,
JR어음1,2023-02-24,2.72,,,,,,,
JR어음1,2023-02-25,2.69,,,,,,,
JR어음1,2023-02-26,2.64,,,,,,,
JR어음1,2023-02-27,2.61,,,,,,,
JR어음1,2023-02-28,2.58,,,,,,,
JR어음1,2023-03-01,2.57,,,,,,,
JR어음1,2023-03-02,2.56,,,,,,,
JR어음1,2023-03-03,2.56,,,,,,,
JR어음1,2023-03-04,2.55,,,,,,,
JR어음1,2023-03-05,2.56,,,,,,,
JR어음1,2023-03-06,2.55,,,,,,,
JR어음1,2023-03-07,2.55,,,,,,,
JR어음1,2023-03-08,2.57,,,,,,,
JR어음1,2023-03-09,2.59,,,,,,,
JR어음1,2023-03-10,2.59,,,,,,,
JR어음1,2023-03-11,2.6,,,,,,,
JR어음1,2023-03-12,2.61,,,,,,,
JR어음1,2023-03-13,2.59,,,,,,,
JR어음1,2023-03-14,2.59,,,,,,,
JR어음1,2023-03-15,2.59,,,,,,,
JR어음1,2023-03-16,2.56,,,,,,,
JR어음1,2023-03-17,2.56,,,,,,,
JR어음1,2023-03-18,2.58,,,,,,,
JR어음1,2023-03-19,2.58,,,,,,,
JR어음1,2023-03-20,2.59,,,,,,,
JR어음1,2023-03-21,2.63,,,,,,,
JR어음1,2023-03-22,2.68,,,,,,,
JR어음1,2023-03-23,2.71,,,,,,,
JR어음1,2023-03-24,2.7,,,,,,,
JR어음1,2023-03-25,2.7,,,,,,,
JR어음1,2023-03-26,2.71,,,,,,,
JR어음1,2023-03-27,2.68,,,,,,,
JR어음1,2023-03-28,2.64,,,,,,,
JR어음1,2023-03-29,2.62,,,,,,,
JR어음1,2023-03-30,2.6,,,,,,,
JR어음1,2023-03-31,2.59,,,,,,,
JR어음1,2023-04-01,2.57,,,,,,,
JR어음1,2023-04-02,2.57,,,,,,,
JR어음1,2023-04-03,2.59,,,,,,,
JR어음1,2023-04-04,2.6,,,,,,,
JR어음1,2023-04-05,2.65,,,,,,,
JR어음1,2023-04-06,2.73,,,,,,,
JR어음1,2023-04-07,2.74,,,,,,,
JR어음1,2023-04-08,2.74,,,,,,,
JR어음1,2023-04-09,2.74,,,,,,,
JR어음1,2023-04-10,2.72,,,,,,,
JR어음1,2023-04-11,2.71,,,,,,,
JR어음1,2023-04-12,2.68,,,,,,,
JR어음1,2023-04-13,2.67,,,,,,,
JR어음1,2023-04-14,2.71,,,,,,,
JR어음1,2023-04-15,2.75,,,,,,,
JR어음1,2023-04-16,2.76,,,,,,,
JR어음1,2023-04-17,2.75,,,,,,,
JR어음1,2023-04-18,2.77,,,,,,,
JR어음1,2023-04-19,2.78,,,,,,,
JR어음1,2023-04-20,2.78,,,,,,,
JR어음1,2023-04-21,2.78,,,,,,,
JR어음1,2023-04-22,2.78,,,,,,,
JR어음1,2023-04-23,2.78,,,,,,,
JR어음1,2023-04-24,2.77,,,,,,,
JR어음1,2023-04-25,2.77,,,,,,,
JR어음1,2023-04-26,2.74,,,,,,,
JR어음1,2023-04-27,2.7,,,,,,,
JR어음1,2023-04-28,2.69,,,,,,,
JR어음1,2023-04-29,2.68,,,,,,,
JR어음1,2023-04-30,2.64,,,,,,,
JR어음1,2023-05-01,2.61,,,,,,,
JR어음1,2023-05-02,2.59,,,,,,,
JR어음1,2023-05-03,2.6,,,,,,,
JR어음1,2023-05-04,2.88,,,,,,,
JR어음1,2023-05-05,3.48,,,,,,,
JR어음1,2023-05-06,3.79,,,,,,,
JR어음1,2023-05-07,3.81,,,,,,,
JR어음1,2023-05-08,3.75,,,,,,,
JR어음1,2023-05-09,3.66,,,,,,,
JR어음1,2023-05-10,3.59,,,,,,,
JR어음1,2023-05-11,3.52,,,,,,,
JR어음1,2023-05-12,3.47,,,,,,,
JR어음1,2023-05-13,3.43,,,,,,,
JR어음1,2023-05-14,3.4,,,,,,,
JR어음1,2023-05-15,3.37,,,,,,,
JR어음1,2023-05-16,3.35,,,,,,,
JR어음1,2023-05-17,3.34,,,,,,,
JR어음1,2023-05-18,3.38,,,,,,,
JR어음1,2023-05-19,3.41,,,,,,,
JR어음1,2023-05-20,3.43,,,,,,,
JR어음1,2023-05-21,3.43,,,,,,,
JR어음1,2023-05-22,3.42,,,,,,,
JR어음1,2023-05-23,3.4,,,,,,,
JR어음1,2023-05-24,3.38,,,,,,,
JR어음1,2023-05-25,3.36,,,,,,,
JR어음1,2023-05-26,3.33,,,,,,,
JR어음1,2023-05-27,3.31,,,,,,,
JR어음1,2023-05-28,3.3,,,,,,,
JR어음1,2023-05-29,3.31,,,,,,,
JR어음1,2023-05-30,3.34,,,,,,,
JR어음1,2023-05-31,3.43,,,,,,,
JR어음1,2023-06-01,3.54,,,,,,,
JR어음1,2023-06-02,3.84,,,,,,,
JR어음1,2023-06-03,3.91,,,,,,,
JR어음1,2023-06-04,3.9,,,,,,,
JR어음1,2023-06-05,3.89,,,,,,,
JR어음1,2023-06-06,3.92,,,,,,,
JR어음1,2023-06-07,3.97,,,,,,,
JR어음1,2023-06-08,4.01,,,,,,,
JR어음1,2023-06-09,4.01,,,,,,,
JR어음1,2023-06-10,4.0,,,,,,,
JR어음1,2023-06-11,3.98,,,,,,,
JR어음1,2023-06-12,3.95,,,,,,,
JR어음1,2023-06-13,3.9,,,,,,,
JR어음1,2023-06-14,3.87,,,,,,,
JR어음1,2023-06-15,3.85,,,,,,,
JR어음1,2023-06-16,3.82,,,,,,,
JR어음1,2023-06-17,3.81,,,,,,,
JR어음1,2023-06-18,3.82,,,,,,,
JR어음1,2023-06-19,3.83,,,,,,,
JR어음1,2023-06-20,3.85,,,,,,,
JR어음1,2023-06-21,3.87,,,,,,,
JR어음1,2023-06-22,3.86,,,,,,,
JR어음1,2023-06-23,3.85,,,,,,,
JR어음1,2023-06-24,3.84,,,,,,,
JR어음1,2023-06-25,3.86,,,,,,,
JR어음1,2023-06-26,3.92,,,,,,,
JR어음1,2023-06-27,3.94,,,,,,,
JR어음1,2023-06-28,3.96,,,,,,,
JR어음1,2023-06-29,3.99,,,,,,,
JR어음1,2023-06-30,4.14,,,,,,,
JR어음1,2023-07-01,4.48,,,,,,,
JR어음1,2023-07-02,4.5,,,,,,,
JR어음1,2023-07-03,4.51,,,,,,,
JR어음1,2023-07-04,4.54,,,,,,,
JR어음1,2023-07-05,4.61,,,,,,,
JR어음1,2023-07-06,4.69,,,,,,,
JR어음1,2023-07-07,4.69,,,,,,,
JR어음1,2023-07-08,4.7,,,,,,,
JR어음1,2023-07-09,4.79,,,,,,,
JR어음1,2023-07-10,4.82,,,,,,,
JR어음1,2023-07-11,4.78,,,,,,,
JR어음1,2023-07-12,4.74,,,,,,,
JR어음1,2023-07-13,4.7,,,,,,,
JR어음1,2023-07-14,4.68,,,,,,,
JR어음1,2023-07-15,4.66,,,,,,,
JR어음1,2023-07-16,4.65,,,,,,,
JR어음1,2023-07-17,4.64,,,,,,,
JR어음1,2023-07-18,4.67,,,,,,,
JR어음1,2023-07-19,4.78,,,,,,,
JR어음1,2023-07-20,4.8,,,,,,,
JR어음1,2023-07-21,4.81,,,,,,,
JR어음1,2023-07-22,4.86,,,,,,,
JR어음1,2023-07-23,4.93,,,,,,,
JR어음1,2023-07-24,4.93,,,,,,,
JR어음1,2023-07-25,4.92,,,,,,,
JR어음1,2023-07-26,4.92,,,,,,,
JR어음1,2023-07-27,4.91,,,,,,,
JR어음1,2023-07-28,4.9,,,,,,,
JR어음1,2023-07-29,4.91,,,,,,,
JR어음1,2023-07-30,4.91,,,,,,,
JR어음1,2023-07-31,4.93,,,,,,,
JR어음1,2023-08-01,4.98,,,,,,,
JR어음1,2023-08-02,5.02,,,,,,,
JR어음1,2023-08-03,5.05,,,,,,,
JR어음1,2023-08-04,5.08,,,,,,,
JR어음1,2023-08-05,5.1,,,,,,,
JR어음1,2023-08-06,5.12,,,,,,,
JR어음1,2023-08-07,5.12,,,,,,,
JR어음1,2023-08-08,5.12,,,,,,,
JR어음1,2023-08-09,5.15,,,,,,,
JR어음1,2023-08-10,5.18,,,,,,,
JR어음1,2023-08-11,5.16,,,,,,,
JR어음1,2023-08-12,5.15,,,,,,,
JR어음1,2023-08-13,5.15,,,,,,,
JR어음1,2023-08-14,5.15,,,,,,,
JR어음1,2023-08-15,5.16,,,,,,,
JR어음1,2023-08-16,5.16,,,,,,,
JR어음1,2023-08-17,5.17,,,,,,,
JR어음1,2023-08-18,5.17,,,,,,,
JR어음1,2023-08-19,5.15,,,,,,,
JR어음1,2023-08-20,5.14,,,,,,,
JR어음1,2023-08-21,5.14,,,,,,,
JR어음1,2023-08-22,5.15,,,,,,,
JR어음1,2023-08-23,5.19,,,,,,,
JR어음1,2023-08-24,5.28,,,,,,,
JR어음1,2023-08-25,5.34,,,,,,,
JR어음1,2023-08-26,5.36,,,,,,,
JR어음1,2023-08-27,5.38,,,,,,,
JR어음1,2023-08-28,5.4,,,,,,,
JR어음1,2023-08-29,5.42,,,,,,,
JR어음1,2023-08-30,5.52,,,,,,,
JR어음1,2023-08-31,5.69,,,,,,,
JR어음1,2023-09-01,5.74,,,,,,,
JR어음1,2023-09-02,5.76,,,,,,,
JR어음1,2023-09-03,5.76,,,,,,,
JR어음1,2023-09-04,5.75,,,,,,,
JR어음1,2023-09-05,5.73,,,,,,,
JR어음1,2023-09-06,5.7,,,,,,,
JR어음1,2023-09-07,5.66,,,,,,,
JR어음1,2023-09-08,5.64,,,,,,,
JR어음1,2023-09-09,5.62,,,,,,,
JR어음1,2023-09-10,5.6,,,,,,,
JR어음1,2023-09-11,5.59,,,,,,,
JR어음1,2023-09-12,5.59,,,,,,,
JR어음1,2023-09-13,5.6,,,,,,,
JR어음1,2023-09-14,5.61,,,,,,,
JR어음1,2023-09-15,5.63,,,,,,,
JR어음1,2023-09-16,5.64,,,,,,,
JR어음1,2023-09-17,5.66,,,,,,,
JR어음1,2023-09-18,5.66,,,,,,,
JR어음1,2023-09-19,5.66,,,,,,,
JR어음1,2023-09-20,5.67,,,,,,,
JR어음1,2023-09-21,5.66,,,,,,,
JR어음1,2023-09-22,5.63,,,,,,,
JR어음1,2023-09-23,5.62,,,,,,,
JR어음1,2023-09-24,5.63,,,,,,,
JR어음1,2023-09-25,5.64,,,,,,,
JR어음1,2023-09-26,5.62,,,,,,,
JR어음1,2023-09-27,5.63,,,,,,,
JR어음1,2023-09-28,5.64,,,,,,,
JR어음1,2023-09-29,5.66,,,,,,,
JR어음1,2023-09-30,5.7,,,,,,,
JR어음1,2023-10-01,5.71,,,,,,,
JR어음1,2023-10-02,5.7,,,,,,,
JR어음1,2023-10-03,5.7,,,,,,,
JR어음1,2023-10-04,5.7,,,,,,,
JR어음1,2023-10-05,5.69,,,,,,,
JR어음1,2023-10-06,5.67,,,,,,,
JR어음1,2023-10-07,5.66,,,,,,,
JR어음1,2023-10-08,5.68,,,,,,,
JR어음1,2023-10-09,5.69,,,,,,,
JR어음1,2023-10-10,5.67,,,,,,,
JR어음1,2023-10-11,5.65,,,,,,,
JR어음1,2023-10-12,5.64,,,,,,,
JR어음1,2023-10-13,5.65,,,,,,,
JR어음1,2023-10-14,5.67,,,,,,,
JR어음1,2023-10-15,5.68,,,,,,,
JR어음1,2023-10-16,5.67,,,,,,,
JR어음1,2023-10-17,5.67,,,,,,,
JR어음1,2023-10-18,5.67,,,,,,,
JR어음1,2023-10-19,5.68,,,,,,,
JR어음1,2023-10-20,5.67,,,,,,,
JR어음1,2023-10-21,5.65,,,,,,,
JR어음1,2023-10-22,5.62,,,,,,,
JR어음1,2023-10-23,5.61,,,,,,,
JR어음1,2023-10-24,5.6,,,,,,,
JR어음1,2023-10-25,5.6,,,,,,,
JR어음1,2023-10-26,5.6,,,,,,,
JR어음1,2023-10-27,5.61,,,,,,,
JR어음1,2023-10-28,5.61,,,,,,,
JR어음1,2023-10-29,5.61,,,,,,,
JR어음1,2023-10-30,5.61,,,,,,,
JR어음1,2023-10-31,5.6,,,,,,,
JR어음1,2023-11-01,5.59,,,,,,,
JR어음1,2023-11-02,5.59,,,,,,,
JR어음1,2023-11-03,5.59,,,,,,,
JR어음1,2023-11-04,5.58,,,,,,,
JR어음1,2023-11-05,5.58,,,,,,,
JR어음1,2023-11-06,5.59,,,,,,,
JR어음1,2023-11-07,5.55,,,,,,,
JR어음1,2023-11-08,5.54,,,,,,,
JR어음1,2023-11-09,5.52,,,,,,,
JR어음1,2023-11-10,5.46,,,,,,,
JR어음1,2023-11-11,5.44,,,,,,,
JR어음1,2023-11-12,5.42,,,,,,,
JR어음1,2023-11-13,5.41,,,,,,,
JR어음1,2023-11-14,5.4,,,,,,,
JR어음1,2023-11-15,5.4,,,,,,,
JR어음1,2023-11-16,5.42,,,,,,,
JR어음1,2023-11-17,5.43,,,,,,,
JR어음1,2023-11-18,5.42,,,,,,,
JR어음1,2023-11-19,5.41,,,,,,,
JR어음1,2023-11-20,5.39,,,,,,,
JR어음1,2023-11-21,5.37,,,,,,,
JR어음1,2023-11-22,5.35,,,,,,,
JR어음1,2023-11-23,5.34,,,,,,,
JR어음1,2023-11-24,5.29,,,,,,,
JR어음1,2023-11-25,5.27,,,,,,,
JR어음1,2023-11-26,5.28,,,,,,,
JR어음1,2023-11-27,5.28,,,,,,,
JR어음1,2023-11-28,5.25,,,,,,,
JR어음1,2023-11-29,5.24,,,,,,,
JR어음1,2023-11-30,5.22,,,,,,,
JR어음1,2023-12-01,5.2,,,,,,,
JR어음1,2023-12-02,5.17,,,,,,,
JR어음1,2023-12-03,5.15,,,,,,,
JR어음1,2023-12-04,5.13,,,,,,,
JR어음1,2023-12-05,5.12,,,,,,,
JR어음1,2023-12-06,5.11,,,,,,,
JR어음1,2023-12-07,5.08,,,,,,,
JR어음1,2023-12-08,5.08,,,,,,,
JR어음1,2023-12-09,5.06,,,,,,,
JR어음1,2023-12-10,5.05,,,,,,,
JR어음1,2023-12-11,5.08,,,,,,,
JR어음1,2023-12-12,5.06,,,,,,,
JR어음1,2023-12-13,5.05,,,,,,,
JR어음1,2023-12-14,5.06,,,,,,,
JR어음1,2023-12-15,5.06,,,,,,,
JR어음1,2023-12-16,5.03,,,,,,,
JR어음1,2023-12-17,5.0,,,,,,,
JR어음1,2023-12-18,4.99,,,,,,,
JR어음1,2023-12-19,4.98,,,,,,,
JR어음1,2023-12-20,4.94,,,,,,,
JR어음1,2023-12-21,4.89,,,,,,,
JR어음1,2023-12-22,4.86,,,,,,,
JR어음1,2023-12-23,4.84,,,,,,,
JR어음1,2023-12-24,4.85,,,,,,,
JR어음1,2023-12-25,4.84,,,,,,,
JR어음1,2023-12-26,4.83,,,,,,,
JR어음1,2023-12-27,4.82,,,,,,,
JR어음1,2023-12-28,4.82,,,,,,,
JR어음1,2023-12-29,4.8,,,,,,,
JR어음1,2023-12-30,4.81,,,,,,,
JR어음1,2023-12-31,4.79,,,,,,,
JR어음1,2024-01-01,4.76,,,,,,,
JR어음1,2024-01-02,4.75,,,,,,,
JR어음1,2024-01-03,4.73,,,,,,,
JR어음1,2024-01-04,4.7,,,,,,,
JR어음1,2024-01-05,4.68,,,,,,,
JR어음1,2024-01-06,4.66,,,,,,,
JR어음1,2024-01-07,4.63,,,,,,,
JR어음1,2024-01-08,4.62,,,,,,,
JR어음1,2024-01-09,4.62,,,,,,,
JR어음1,2024-01-10,4.62,,,,,,,
JR어음1,2024-01-11,4.62,,,,,,,
JR어음1,2024-01-12,4.62,,,,,,,
JR어음1,2024-01-13,4.6,,,,,,,
JR어음1,2024-01-14,4.6,,,,,,,
JR어음1,2024-01-15,4.57,,,,,,,
JR어음1,2024-01-16,4.54,,,,,,,
JR어음1,2024-01-17,4.54,,,,,,,
JR어음1,2024-01-18,4.51,,,,,,,
JR어음1,2024-01-19,4.5,,,,,,,
JR어음1,2024-01-20,4.52,,,,,,,
JR어음1,2024-01-21,4.5,,,,,,,
JR어음1,2024-01-22,4.46,,,,,,,
JR어음1,2024-01-23,4.44,,,,,,,
JR어음1,2024-01-24,4.41,,,,,,,
JR어음1,2024-01-25,4.4,,,,,,,
JR어음1,2024-01-26,4.39,,,,,,,
JR어음1,2024-01-27,4.39,,,,,,,
JR어음1,2024-01-28,4.37,,,,,,,
JR어음1,2024-01-29,4.35,,,,,,,
JR어음1,2024-01-30,4.34,,,,,,,
JR어음1,2024-01-31,4.33,,,,,,,
JR어음1,2024-02-01,4.33,,,,,,,
JR어음1,2024-02-02,4.33,,,,,,,
JR어음1,2024-02-03,4.34,,,,,,,
JR어음1,2024-02-04,4.34,,,,,,,
JR어음1,2024-02-05,4.36,,,,,,,
JR어음1,2024-02-06,4.36,,,,,,,
JR어음1,2024-02-07,4.36,,,,,,,
JR어음1,2024-02-08,4.35,,,,,,,
JR어음1,2024-02-09,4.34,,,,,,,
JR어음1,2024-02-10,4.34,,,,,,,
JR어음1,2024-02-11,4.33,,,,,,,
JR어음1,2024-02-12,4.3,,,,,,,
JR어음1,2024-02-13,4.29,,,,,,,
JR어음1,2024-02-14,4.28,,,,,,,
JR어음1,2024-02-15,4.26,,,,,,,
JR어음1,2024-02-16,4.22,,,,,,,
JR어음1,2024-02-17,4.2,,,,,,,
JR어음1,2024-02-18,4.18,,,,,,,
JR어음1,2024-02-19,4.18,,,,,,,
JR어음1,2024-02-20,4.16,,,,,,,
JR어음1,2024-02-21,4.19,,,,,,,
JR어음1,2024-02-22,4.2,,,,,,,
JR어음1,2024-02-23,4.2,,,,,,,
JR어음1,2024-02-24,4.22,,,,,,,
JR어음1,2024-02-25,4.23,,,,,,,
JR어음1,2024-02-26,4.22,,,,,,,
JR어음1,2024-02-27,4.25,,,,,,,
JR어음1,2024-02-28,4.27,,,,,,,
JR어음1,2024-02-29,4.28,,,,,,,
JR어음1,2024-03-01,4.25,,,,,,,
JR어음1,2024-03-02,4.22,,,,,,,
JR어음1,2024-03-03,4.2,,,,,,,
JR어음1,2024-03-04,4.2,,,,,,,
JR어음1,2024-03-05,4.24,,,,,,,
JR어음1,2024-03-06,4.26,,,,,,,
JR어음1,2024-03-07,4.26,,,,,,,
JR어음1,2024-03-08,4.24,,,,,,,
JR어음1,2024-03-09,4.22,,,,,,,
JR어음1,2024-03-10,4.21,,,,,,,
JR어음1,2024-03-11,4.23,,,,,,,
JR어음1,2024-03-12,4.24,,,,,,,
JR어음1,2024-03-13,4.22,,,,,,,
JR어음1,2024-03-14,4.21,,,,,,,
JR어음1,2024-03-15,4.17,,,,,,,
JR어음1,2024-03-16,4.15,,,,,,,
JR어음1,2024-03-17,4.13,,,,,,,
JR어음1,2024-03-18,4.1,,,,,,,
JR어음1,2024-03-19,4.09,,,,,,,
JR어음1,2024-03-20,4.06,,,,,,,
JR어음1,2024-03-21,4.06,,,,,,,
JR어음1,2024-03-22,4.07,,,,,,,
JR어음1,2024-03-23,4.08,,,,,,,
JR어음1,2024-03-24,4.1,,,,,,,
JR어음1,2024-03-25,4.13,,,,,,,
JR어음1,2024-03-26,4.14,,,,,,,
JR어음1,2024-03-27,4.15,,,,,,,
JR어음1,2024-03-28,4.17,,,,,,,
JR어음1,2024-03-29,4.16,,,,,,,
JR어음1,2024-03-30,4.16,,,,,,,
JR어음1,2024-03-31,4.15,,,,,,,
JR어음1,2024-04-01,4.12,,,,,,,
JR어음1,2024-04-02,4.11,,,,,,,
JR어음1,2024-04-03,4.12,,,,,,,
JR어음1,2024-04-04,4.1,,,,,,,
JR어음1,2024-04-05,4.1,,,,,,,
JR어음1,2024-04-06,4.08,,,,,,,
JR어음1,2024-04-07,4.08,,,,,,,
JR어음1,2024-04-08,4.1,,,,,,,
JR어음1,2024-04-09,4.11,,,,,,,
JR어음1,2024-04-10,4.12,,,,,,,
JR어음1,2024-04-11,4.11,,,,,,,
JR어음1,2024-04-12,4.09,,,,,,,
JR어음1,2024-04-13,4.07,,,,,,,
JR어음1,2024-04-14,4.06,,,,,,,
JR어음1,2024-04-15,4.07,,,,,,,
JR어음1,2024-04-16,4.04,,,,,,,
JR어음1,2024-04-17,4.02,,,,,,,
JR어음1,2024-04-18,4.01,,,,,,,
JR어음1,2024-04-19,3.99,,,,,,,
JR어음1,2024-04-20,4.01,,,,,,,
JR어음1,2024-04-21,4.01,,,,,,,
JR어음1,2024-04-22,4.01,,,,,,,
JR어음1,2024-04-23,4.0,,,,,,,
JR어음1,2024-04-24,4.0,,,,,,,
JR어음1,2024-04-25,3.98,,,,,,,
JR어음1,2024-04-26,3.97,,,,,,,
JR어음1,2024-04-27,3.95,,,,,,,
JR어음1,2024-04-28,3.94,,,,,,,
JR어음1,2024-04-29,3.98,,,,,,,
JR어음1,2024-04-30,4.0,,,,,,,
JR어음1,2024-05-01,4.0,,,,,,,
JR어음1,2024-05-02,3.98,,,,,,,
JR어음1,2024-05-03,3.95,,,,,,,
JR어음1,2024-05-04,3.93,,,,,,,
JR어음1,2024-05-05,3.95,,,,,,,
JR어음1,2024-05-06,4.09,,,,,,,
JR어음1,2024-05-07,4.17,,,,,,,
JR어음1,2024-05-08,4.2,,,,,,,
JR어음1,2024-05-09,4.22,,,,,,,
JR어음1,2024-05-10,4.22,,,,,,,
JR어음1,2024-05-11,4.21,,,,,,,
JR어음1,2024-05-12,4.22,,,,,,,
JR어음1,2024-05-13,4.21,,,,,,,
JR어음1,2024-05-14,4.19,,,,,,,
JR어음1,2024-05-15,4.16,,,,,,,
JR어음1,2024-05-16,4.11,,,,,,,
JR어음1,2024-05-17,4.08,,,,,,,
JR어음1,2024-05-18,4.05,,,,,,,
JR어음1,2024-05-19,4.03,,,,,,,
JR어음1,2024-05-20,4.0,,,,,,,
JR어음1,2024-05-21,3.99,,,,,,,
JR어음1,2024-05-22,4.0,,,,,,,
JR어음1,2024-05-23,4.0,,,,,,,
JR어음1,2024-05-24,4.0,,,,,,,
JR어음1,2024-05-25,4.01,,,,,,,
JR어음1,2024-05-26,4.04,,,,,,,
JR어음1,2024-05-27,4.04,,,,,,,
JR어음1,2024-05-28,4.04,,,,,,,
JR어음1,2024-05-29,4.03,,,,,,,
JR어음1,2024-05-30,4.01,,,,,,,
JR어음1,2024-05-31,4.0,,,,,,,
JR어음1,2024-06-01,3.99,,,,,,,
JR어음1,2024-06-02,3.98,,,,,,,
JR어음1,2024-06-03,3.97,,,,,,,
JR어음1,2024-06-04,3.97,,,,,,,
JR어음1,2024-06-05,3.98,,,,,,,
JR어음1,2024-06-06,4.01,,,,,,,
JR어음1,2024-06-07,4.04,,,,,,,
JR어음1,2024-06-08,4.08,,,,,,,
JR어음1,2024-06-09,4.1,,,,,,,
JR어음1,2024-06-10,4.12,,,,,,,
JR어음1,2024-06-11,4.11,,,,,,,
JR어음1,2024-06-12,4.11,,,,,,,
JR어음1,2024-06-13,4.1,,,,,,,
JR어음1,2024-06-14,4.09,,,,,,,
JR어음1,2024-06-15,4.08,,,,,,,
JR어음1,2024-06-16,4.06,,,,,,,
JR어음1,2024-06-17,4.05,,,,,,,
JR어음1,2024-06-18,4.05,,,,,,,
JR어음1,2024-06-19,4.05,,,,,,,
JR어음1,2024-06-20,4.11,,,,,,,
JR어음1,2024-06-21,4.21,,,,,,,
JR어음1,2024-06-22,4.27,,,,,,,
JR어음1,2024-06-23,4.39,,,,,,,
JR어음1,2024-06-24,4.53,,,,,,,
JR어음1,2024-06-25,4.55,,,,,,,
JR어음1,2024-06-26,4.53,,,,,,,
JR어음1,2024-06-27,4.52,,,,,,,
JR어음1,2024-06-28,4.67,,,,,,,
JR어음1,2024-06-29,4.71,,,,,,,
JR어음1,2024-06-30,4.8,,,,,,,
JR어음1,2024-07-01,4.81,,,,,,,
JR어음1,2024-07-02,4.8,,,,,,,
JR어음1,2024-07-03,4.78,,,,,,,
JR어음1,2024-07-04,4.75,,,,,,,
JR어음1,2024-07-05,4.74,,,,,,,
JR어음1,2024-07-06,4.72,,,,,,,
JR어음1,2024-07-07,4.71,,,,,,,
JR어음1,2024-07-08,4.69,,,,,,,
JR어음1,2024-07-09,4.67,,,,,,,
JR어음1,2024-07-10,4.67,,,,,,,
JR어음1,2024-07-11,4.74,,,,,,,
JR어음1,2024-07-12,4.76,,,,,,,
JR어음1,2024-07-13,4.76,,,,,,,
JR어음1,2024-07-14,4.75,,,,,,,
JR어음1,2024-07-15,4.74,,,,,,,
JR어음1,2024-07-16,4.73,,,,,,,
JR어음1,2024-07-17,4.73,,,,,,,
JR어음1,2024-07-18,4.73,,,,,,,
JR어음1,2024-07-19,4.75,,,,,,,
JR어음1,2024-07-20,4.77,,,,,,,
JR어음1,2024-07-21,4.79,,,,,,,
JR어음1,2024-07-22,4.79,,,,,,,
JR어음1,2024-07-23,4.79,,,,,,,
JR어음1,2024-07-24,4.79,,,,,,,
JR어음1,2024-07-25,4.79,,,,,,,
JR어음1,2024-07-26,4.79,,,,,,,
JR어음1,2024-07-27,4.77,,,,,,,
JR어음1,2024-07-28,4.75,,,,,,,
JR어음1,2024-07-29,4.71,,,,,,,
JR어음1,2024-07-30,4.7,,,,,,,
JR어음1,2024-07-31,4.7,,,,,,,
JR어음1,2024-08-01,4.71,,,,,,,
JR어음1,2024-08-02,4.7,,,,,,,
JR어음1,2024-08-03,4.7,,,,,,,
JR어음1,2024-08-04,4.7,,,,,,,
JR어음1,2024-08-05,4.7,,,,,,,
JR어음1,2024-08-06,4.68,,,,,,,
JR어음1,2024-08-07,4.67,,,,,,,
JR어음1,2024-08-08,4.67,,,,,,,
JR어음1,2024-08-09,4.66,,,,,,,
JR어음1,2024-08-10,4.66,,,,,,,
JR어음1,2024-08-11,4.65,,,,,,,
JR어음1,2024-08-12,4.63,,,,,,,
JR어음1,2024-08-13,4.61,,,,,,,
JR어음1,2024-08-14,4.59,,,,,,,
JR어음1,2024-08-15,4.61,,,,,,,
JR어음1,2024-08-16,4.66,,,,,,,
JR어음1,2024-08-17,4.68,,,,,,,
JR어음1,2024-08-18,4.69,,,,,,,
JR어음1,2024-08-19,4.69,,,,,,,
JR어음1,2024-08-20,4.7,,,,,,,
JR어음1,2024-08-21,4.7,,,,,,,
JR어음1,2024-08-22,4.7,,,,,,,
JR어음1,2024-08-23,4.69,,,,,,,
JR어음1,2024-08-24,4.66,,,,,,,
JR어음1,2024-08-25,4.64,,,,,,,
JR어음1,2024-08-26,4.61,,,,,,,
JR어음1,2024-08-27,4.6,,,,,,,
JR어음1,2024-08-28,4.61,,,,,,,
JR어음1,2024-08-29,4.63,,,,,,,
JR어음1,2024-08-30,4.62,,,,,,,
JR어음1,2024-08-31,4.58,,,,,,,
JR어음1,2024-09-01,4.56,,,,,,,
JR어음1,2024-09-02,4.54,,,,,,,
JR어음1,2024-09-03,4.53,,,,,,,
JR어음1,2024-09-04,4.52,,,,,,,
JR어음1,2024-09-05,4.51,,,,,,,
JR어음1,2024-09-06,4.48,,,,,,,
JR어음1,2024-09-07,4.48,,,,,,,
JR어음1,2024-09-08,4.51,,,,,,,
JR어음1,2024-09-09,4.52,,,,,,,
JR어음1,2024-09-10,4.52,,,,,,,
JR어음1,2024-09-11,4.51,,,,,,,
JR어음1,2024-09-12,4.5,,,,,,,
JR어음1,2024-09-13,4.48,,,,,,,
JR어음1,2024-09-14,4.48,,,,,,,
JR어음1,2024-09-15,4.5,,,,,,,
JR어음1,2024-09-16,4.53,,,,,,,
JR어음1,2024-09-17,4.53,,,,,,,
JR어음1,2024-09-18,4.53,,,,,,,
JR어음1,2024-09-19,4.54,,,,,,,
JR어음1,2024-09-20,4.58,,,,,,,
JR어음1,2024-09-21,4.62,,,,,,,
JR어음1,2024-09-22,4.62,,,,,,,
JR어음1,2024-09-23,4.64,,,,,,,
JR어음1,2024-09-24,4.66,,,,,,,
JR어음1,2024-09-25,4.65,,,,,,,
JR어음1,2024-09-26,4.63,,,,,,,
JR어음1,2024-09-27,4.6,,,,,,,
JR어음1,2024-09-28,4.58,,,,,,,
JR어음1,2024-09-29,4.57,,,,,,,
JR어음1,2024-09-30,4.57,,,,,,,
JR어음1,2024-10-01,4.56,,,,,,,
JR어음1,2024-10-02,4.54,,,,,,,
JR어음1,2024-10-03,4.54,,,,,,,
JR어음1,2024-10-04,4.53,,,,,,,
JR어음1,2024-10-05,4.52,,,,,,,
JR어음1,2024-10-06,4.51,,,,,,,
JR어음1,2024-10-07,4.52,,,,,,,
JR어음1,2024-10-08,4.53,,,,,,,
JR어음1,2024-10-09,4.54,,,,,,,
JR어음1,2024-10-10,4.54,,,,,,,
JR어음1,2024-10-11,4.54,,,,,,,
JR어음1,2024-10-12,4.53,,,,,,,
JR어음1,2024-10-13,4.53,,,,,,,
JR어음1,2024-10-14,4.54,,,,,,,
JR어음1,2024-10-15,4.56,,,,,,,
JR어음1,2024-10-16,4.58,,,,,,,
JR어음1,2024-10-17,4.6,,,,,,,
JR어음1,2024-10-18,4.63,,,,,,,
JR어음1,2024-10-19,4.62,,,,,,,
JR어음1,2024-10-20,4.62,,,,,,,
JR어음1,2024-10-21,4.64,,,,,,,
JR어음1,2024-10-22,4.65,,,,,,,
JR어음1,2024-10-23,4.64,,,,,,,
JR어음1,2024-10-24,4.63,,,,,,,
JR어음1,2024-10-25,4.63,,,,,,,
JR어음1,2024-10-26,4.63,,,,,,,
JR어음1,2024-10-27,4.62,,,,,,,
JR어음1,2024-10-28,4.63,,,,,,,
JR어음1,2024-10-29,4.66,,,,,,,
JR어음1,2024-10-30,4.67,,,,,,,
JR어음1,2024-10-31,4.68,,,,,,,
JR어음1,2024-11-01,4.77,,,,,,,
JR어음1,2024-11-02,5.2,,,,,,,
JR어음1,2024-11-03,5.33,,,,,,,
JR어음1,2024-11-04,5.33,,,,,,,
JR어음1,2024-11-05,5.29,,,,,,,
JR어음1,2024-11-06,5.25,,,,,,,
JR어음1,2024-11-07,5.21,,,,,,,
JR어음1,2024-11-08,5.17,,,,,,,
JR어음1,2024-11-09,5.15,,,,,,,
JR어음1,2024-11-10,5.14,,,,,,,
JR어음1,2024-11-11,5.12,,,,,,,
JR어음1,2024-11-12,5.1,,,,,,,
JR어음1,2024-11-13,5.1,,,,,,,
JR어음1,2024-11-14,5.11,,,,,,,
JR어음1,2024-11-15,5.12,,,,,,,
JR어음1,2024-11-16,5.14,,,,,,,
JR어음1,2024-11-17,5.13,,,,,,,
JR어음1,2024-11-18,5.1,,,,,,,
JR어음1,2024-11-19,5.1,,,,,,,
JR어음1,2024-11-20,5.09,,,,,,,
JR어음1,2024-11-21,5.06,,,,,,,
JR어음1,2024-11-22,5.04,,,,,,,
JR어음1,2024-11-23,5.02,,,,,,,
JR어음1,2024-11-24,5.0,,,,,,,
JR어음1,2024-11-25,5.01,,,,,,,
JR어음1,2024-11-26,5.03,,,,,,,
JR어음1,2024-11-27,5.03,,,,,,,
JR어음1,2024-11-28,5.03,,,,,,,
JR어음1,2024-11-29,5.03,,,,,,,
JR어음1,2024-11-30,5.03,,,,,,,
JR어음1,2024-12-01,5.04,,,,,,,
JR어음1,2024-12-02,5.04,,,,,,,
JR어음1,2024-12-03,5.03,,,,,,,
JR어음1,2024-12-04,5.03,,,,,,,
JR어음1,2024-12-05,5.03,,,,,,,
JR어음1,2024-12-06,5.02,,,,,,,
JR어음1,2024-12-07,5.0,,,,,,,
JR어음1,2024-12-08,4.98,,,,,,,
JR어음1,2024-12-09,4.97,,,,,,,
JR어음1,2024-12-10,4.96,,,,,,,
JR어음1,2024-12-11,4.95,,,,,,,
JR어음1,2024-12-12,4.95,,,,,,,
JR어음1,2024-12-13,4.96,,,,,,,
JR어음1,2024-12-14,4.95,,,,,,,
JR어음1,2024-12-15,4.95,,,,,,,
JR어음1,2024-12-16,4.95,,,,,,,
JR어음1,2024-12-17,4.95,,,,,,,
JR어음1,2024-12-18,4.95,,,,,,,
JR어음1,2024-12-19,4.93,,,,,,,
JR어음1,2024-12-20,4.93,,,,,,,
JR어음1,2024-12-21,4.92,,,,,,,
JR어음1,2024-12-22,4.89,,,,,,,
JR어음1,2024-12-23,4.87,,,,,,,
JR어음1,2024-12-24,4.85,,,,,,,
JR어음1,2024-12-25,4.84,,,,,,,
JR어음1,2024-12-26,4.83,,,,,,,
JR어음1,2024-12-27,4.81,,,,,,,
JR어음1,2024-12-28,4.8,,,,,,,
JR어음1,2024-12-29,4.79,,,,,,,
JR어음1,2024-12-30,4.81,,,,,,,
JR어음1,2024-12-31,4.81,,,,,,,
JR어음1,2025-01-01,4.81,,,,,,,
JR어음1,2025-01-02,4.81,,,,,,,
JR어음1,2025-01-03,4.8,,,,,,,
JR어음1,2025-01-04,4.78,,,,,,,
JR어음1,2025-01-05,4.78,,,,,,,
JR어음1,2025-01-06,4.78,,,,,,,
JR어음1,2025-01-07,4.75,,,,,,,
JR어음1,2025-01-08,4.74,,,,,,,
JR어음1,2025-01-09,4.72,,,,,,,
JR어음1,2025-01-10,4.69,,,,,,,
JR어음1,2025-01-11,4.69,,,,,,,
JR어음1,2025-01-12,4.69,,,,,,,
JR어음1,2025-01-13,4.67,,,,,,,
JR어음1,2025-01-14,4.67,,,,,,,
JR어음1,2025-01-15,4.65,,,,,,,
JR어음1,2025-01-16,4.64,,,,,,,
JR어음1,2025-01-17,4.63,,,,,,,
JR어음1,2025-01-18,4.62,,,,,,,
JR어음1,2025-01-19,4.61,,,,,,,
JR어음1,2025-01-20,4.6,,,,,,,
JR어음1,2025-01-21,4.57,,,,,,,
JR어음1,2025-01-22,4.55,,,,,,,
JR어음1,2025-01-23,4.53,,,,,,,
JR어음1,2025-01-24,4.51,,,,,,,
JR어음1,2025-01-25,4.51,,,,,,,
JR어음1,2025-01-26,4.52,,,,,,,
JR어음1,2025-01-27,4.52,,,,,,,
JR어음1,2025-01-28,4.5,,,,,,,
JR어음1,2025-01-29,4.48,,,,,,,
JR어음1,2025-01-30,4.48,,,,,,,
JR어음1,2025-01-31,4.48,,,,,,,
JR어음1,2025-02-01,4.51,,,,,,,
JR어음1,2025-02-02,4.52,,,,,,,
JR어음1,2025-02-03,4.51,,,,,,,
JR어음1,2025-02-04,4.47,,,,,,,
JR어음1,2025-02-05,4.42,,,,,,,
JR어음1,2025-02-06,4.38,,,,,,,
JR어음1,2025-02-07,4.35,,,,,,,
JR어음1,2025-02-08,4.3,,,,,,,
JR어음1,2025-02-09,4.28,,,,,,,
JR어음1,2025-02-10,4.26,,,,,,,
JR어음1,2025-02-11,4.25,,,,,,,
JR어음1,2025-02-12,4.27,,,,,,,
JR어음1,2025-02-13,4.23,,,,,,,
JR어음1,2025-02-14,4.23,,,,,,,
JR어음1,2025-02-15,4.22,,,,,,,
JR어음1,2025-02-16,4.21,,,,,,,
JR어음1,2025-02-17,4.18,,,,,,,
JR어음1,2025-02-18,4.15,,,,,,,
JR어음1,2025-02-19,4.12,,,,,,,
JR어음1,2025-02-20,4.09,,,,,,,
JR어음1,2025-02-21,4.06,,,,,,,
JR어음1,2025-02-22,4.04,,,,,,,
JR어음1,2025-02-23,4.01,,,,,,,
JR어음1,2025-02-24,3.99,,,,,,,
JR어음1,2025-02-25,3.99,,,,,,,
JR어음1,2025-02-26,3.98,,,,,,,
JR어음1,2025-02-27,3.99,,,,,,,
JR어음1,2025-02-28,4.01,,,,,,,
JR어음1,2025-03-01,4.03,,,,,,,
JR어음1,2025-03-02,4.05,,,,,,,
JR어음1,2025-03-03,4.07,,,,,,,
JR어음1,2025-03-04,4.1,,,,,,,
JR어음1,2025-03-05,4.08,,,,,,,
JR어음1,2025-03-06,4.03,,,,,,,
JR어음1,2025-03-07,3.98,,,,,,,
JR어음1,2025-03-08,3.97,,,,,,,
JR어음1,2025-03-09,3.96,,,,,,,
JR어음1,2025-03-10,3.97,,,,,,,
JR어음1,2025-03-11,3.97,,,,,,,
JR어음1,2025-03-12,3.97,,,,,,,
JR어음1,2025-03-13,3.96,,,,,,,
JR어음1,2025-03-14,3.97,,,,,,,
JR어음1,2025-03-15,4.0,,,,,,,
JR어음1,2025-03-16,4.02,,,,,,,
JR어음1,2025-03-17,3.98,,,,,,,
JR어음1,2025-03-18,3.93,,,,,,,
JR어음1,2025-03-19,3.88,,,,,,,
JR어음1,2025-03-20,3.84,,,,,,,
JR어음1,2025-03-21,3.81,,,,,,,
JR어음1,2025-03-22,3.78,,,,,,,
JR어음1,2025-03-23,3.77,,,,,,,
JR어음1,2025-03-24,3.77,,,,,,,
JR어음1,2025-03-25,3.77,,,,,,,
JR어음1,2025-03-26,3.77,,,,,,,
JR어음1,2025-03-27,3.8,,,,,,,
JR어음1,2025-03-28,3.78,,,,,,,
JR어음1,2025-03-29,3.76,,,,,,,
JR어음1,2025-03-30,3.74,,,,,,,
JR어음1,2025-03-31,3.73,,,,,,,
JR어음1,2025-04-01,3.72,,,,,,,
JR어음1,2025-04-02,3.71,,,,,,,
JR어음1,2025-04-03,3.68,,,,,,,
JR어음1,2025-04-04,3.68,,,,,,,
JR어음1,2025-04-05,3.69,,,,,,,
JR어음1,2025-04-06,3.67,,,,,,,
JR어음1,2025-04-07,3.65,,,,,,,
JR어음1,2025-04-08,3.64,,,,,,,
JR어음1,2025-04-09,3.64,,,,,,,
JR어음1,2025-04-10,3.65,,,,,,,
JR어음1,2025-04-11,3.64,,,,,,,
JR어음1,2025-04-12,3.66,,,,,,,
JR어음1,2025-04-13,3.64,,,,,,,
JR어음1,2025-04-14,3.63,,,,,,,
JR어음1,2025-04-15,3.6,,,,,,,
JR어음1,2025-04-16,3.58,,,,,,,
JR어음1,2025-04-17,3.59,,,,,,,
JR어음1,2025-04-18,3.58,,,,,,,
JR어음1,2025-04-19,3.57,,,,,,,
JR어음1,2025-04-20,3.56,,,,,,,
JR어음1,2025-04-21,3.55,,,,,,,
JR어음1,2025-04-22,3.56,,,,,,,
JR어음1,2025-04-23,3.56,,,,,,,
JR어음1,2025-04-24,3.55,,,,,,,
JR어음1,2025-04-25,3.51,,,,,,,
JR어음1,2025-04-26,3.49,,,,,,,
JR어음1,2025-04-27,3.49,,,,,,,
JR어음1,2025-04-28,3.51,,,,,,,
JR어음1,2025-04-29,3.51,,,,,,,
JR어음1,2025-04-30,3.58,,,,,,,
JR어음1,2025-05-01,3.71,,,,,,,
JR어음1,2025-05-02,3.72,,,,,,,
JR어음1,2025-05-03,3.71,,,,,,,
JR어음1,2025-05-04,3.66,,,,,,,
JR어음1,2025-05-05,3.65,,,,,,,
JR어음1,2025-05-06,3.63,,,,,,,
JR어음1,2025-05-07,3.61,,,,,,,
JR어음1,2025-05-08,3.6,,,,,,,
JR어음1,2025-05-09,3.64,,,,,,,
JR어음1,2025-05-10,3.64,,,,,,,
JR어음1,2025-05-11,3.62,,,,,,,
JR어음1,2025-05-12,3.62,,,,,,,
JR어음1,2025-05-13,3.6,,,,,,,
JR어음1,2025-05-14,3.58,,,,,,,
JR어음1,2025-05-15,3.57,,,,,,,
JR어음1,2025-05-16,3.57,,,,,,,
JR어음1,2025-05-17,3.61,,,,,,,
JR어음1,2025-05-18,3.61,,,,,,,
JR어음1,2025-05-19,3.61,,,,,,,
JR어음1,2025-05-20,3.6,,,,,,,
JR어음1,2025-05-21,3.6,,,,,,,
JR어음1,2025-05-22,3.6,,,,,,,
JR어음1,2025-05-23,3.6,,,,,,,
JR어음1,2025-05-24,3.61,,,,,,,
JR어음1,2025-05-25,3.59,,,,,,,
JR어음1,2025-05-26,3.57,,,,,,,
JR어음1,2025-05-27,3.56,,,,,,,
JR어음1,2025-05-28,3.55,,,,,,,
JR어음1,2025-05-29,3.54,,,,,,,
JR어음1,2025-05-30,3.54,,,,,,,
JR어음1,2025-05-31,3.53,,,,,,,
JR어음1,2025-06-01,3.52,,,,,,,
JR어음1,2025-06-02,3.53,,,,,,,
JR어음1,2025-06-03,3.52,,,,,,,
JR어음1,2025-06-04,3.49,,,,,,,
JR어음1,2025-06-05,3.46,,,,,,,
JR어음1,2025-06-06,3.44,,,,,,,
JR어음1,2025-06-07,3.43,,,,,,,
JR어음1,2025-06-08,3.44,,,,,,,
JR어음1,2025-06-09,3.45,,,,,,,
JR어음1,2025-06-10,3.42,,,,,,,
JR어음1,2025-06-11,3.4,,,,,,,
JR어음1,2025-06-12,3.38,,,,,,,
JR어음1,2025-06-13,3.39,,,,,,,
JR어음1,2025-06-16,3.55,,,,,,,
JR어음1,2025-06-17,3.6,,,,,,,
JR어음1,2025-06-18,3.63,,,,,,,
JR어음1,2025-06-19,3.62,,,,,,,
JR어음1,2025-06-20,3.62,,,,,,,
JR어음1,2025-06-21,3.62,,,,,,,
JR어음1,2025-06-22,3.63,,,,,,,
JR어음1,2025-06-23,3.64,,,,,,,
JR어음1,2025-06-24,3.66,,,,,,,
JR어음1,2025-06-25,3.66,,,,,,,
JR어음1,2025-06-26,3.64,,,,,,,
JR어음1,2025-06-27,3.63,,,,,,,
JR어음1,2025-06-28,3.61,,,,,,,
JR어음1,2025-06-29,3.6,,,,,,,
JR어음1,2025-06-30,3.57,,,,,,,
JR어음1,2025-07-01,3.53,,,,,,,
JR어음1,2025-07-02,3.49,,,,,,,
JR어음1,2025-07-03,3.41,,,,,,,
JR어음1,2025-07-04,3.37,,,,,,,
JR어음1,2025-07-05,3.34,,,,,,,
JR어음1,2025-07-06,3.33,,,,,,,
JR어음1,2025-07-07,3.33,,,,,,,
JR어음1,2025-07-08,3.33,,,,,,,
JR어음1,2025-07-09,3.34,,,,,,,
JR어음1,2025-07-10,3.34,,,,,,,
JR어음1,2025-07-11,3.36,,,,,,,
JR어음1,2025-07-12,3.38,,,,,,,
JR어음1,2025-07-13,3.39,,,,,,,
JR어음1,2025-07-14,3.4,,,,,,,
JR어음1,2025-07-15,3.4,,,,,,,
JR어음1,2025-07-16,3.39,,,,,,,
JR어음1,2025-07-17,3.37,,,,,,,
JR어음1,2025-07-18,3.36,,,,,,,
JR어음1,2025-07-19,3.4,,,,,,,
JR어음1,2025-07-20,3.42,,,,,,,
JR어음1,2025-07-21,3.41,,,,,,,
JR어음1,2025-07-22,3.39,,,,,,,
JR어음1,2025-07-23,3.38,,,,,,,
JR어음1,2025-07-24,3.37,,,,,,,
JR어음1,2025-07-25,3.37,,,,,,,
JR어음1,2025-07-26,3.38,,,,,,,
JR어음1,2025-07-27,3.38,,,,,,,
JR어음1,2025-07-28,3.38,,,,,,,
JR어음1,2025-07-29,3.37,,,,,,,
JR어음1,2025-07-30,3.36,,,,,,,
JR어음1,2025-07-31,3.36,,,,,,,
JR어음1,2025-08-01,3.33,,,,,,,
JR어음1,2025-08-02,3.3,,,,,,,
JR어음1,2025-08-03,3.29,,,,,,,
JR어음1,2025-08-04,3.3,,,,,,,
JR어음1,2025-08-05,3.29,,,,,,,
JR어음1,2025-08-06,3.29,,,,,,,
JR어음1,2025-08-07,3.27,,,,,,,
JR어음1,2025-08-08,3.27,,,,,,,
JR어음1,2025-08-09,3.28,,,,,,,
JR어음1,2025-08-10,3.29,,,,,,,
JR어음1,2025-08-11,3.3,,,,,,,
JR어음1,2025-08-12,3.34,,,,,,,
JR어음1,2025-08-13,3.36,,,,,,,
JR어음1,2025-08-14,3.34,,,,,,,
JR어음1,2025-08-15,3.31,,,,,,,
JR어음1,2025-08-16,3.27,,,,,,,
JR어음1,2025-08-17,3.24,,,,,,,
JR어음1,2025-08-18,3.23,,,,,,,
JR어음1,2025-08-19,3.22,,,,,,,
JR어음1,2025-08-20,3.22,,,,,,,
JR어음1,2025-08-21,3.22,,,,,,,
JR어음1,2025-08-22,3.22,,,,,,,
JR어음1,2025-08-23,3.21,,,,,,,
JR어음1,2025-08-24,3.19,,,,,,,
JR어음1,2025-08-25,3.19,,,,,,,
JR어음1,2025-08-26,3.17,,,,,,,
JR어음1,2025-08-27,3.14,,,,,,,
JR어음1,2025-08-28,3.12,,,,,,,
JR어음1,2025-08-29,3.1,,,,,,,
JR어음1,2025-08-30,3.08,,,,,,,
JR어음1,2025-08-31,3.09,,,,,,,
JR어음1,2025-09-01,3.1,,,,,,,
JR어음1,2025-09-02,3.12,,,,,,,
JR어음1,2025-09-03,3.17,,,,,,,
JR어음1,2025-09-04,3.22,,,,,,,
JR어음1,2025-09-05,3.23,,,,,,,
JR어음1,2025-09-06,3.24,,,,,,,
JR어음1,2025-09-07,3.24,,,,,,,
JR어음1,2025-09-08,3.27,,,,,,,
JR어음1,2025-09-09,3.29,,,,,,,
JR어음1,2025-09-10,3.29,,,,,,,
JR어음1,2025-09-11,3.3,,,,,,,
JR어음1,2025-09-12,3.32,,,,,,,
JR어음1,2025-09-13,3.34,,,,,,,
JR어음1,2025-09-14,3.36,,,,,,,
JR어음1,2025-09-15,3.4,,,,,,,
JR어음1,2025-09-16,3.41,,,,,,,
JR어음1,2025-09-17,3.4,,,,,,,
JR어음1,2025-09-18,3.38,,,,,,,
JR어음1,2025-09-19,3.39,,,,,,,
JR어음1,2025-09-20,3.39,,,,,,,
JR어음1,2025-09-21,3.38,,,,,,,
JR어음1,2025-09-22,3.39,,,,,,,
JR어음1,2025-09-23,3.42,,,,,,,
JR어음1,2025-09-24,3.38,,,,,,,
JR어음1,2025-09-25,3.33,,,,,,,
JR어음1,2025-09-26,3.3,,,,,,,
JR어음1,2025-09-27,3.31,,,,,,,
JR어음1,2025-09-28,3.39,,,,,,,
JR어음1,2025-09-29,3.46,,,,,,,
JR어음1,2025-09-30,3.48,,,,,,,
JR어음1,2025-10-01,3.48,,,,,,,
JR어음1,2025-10-02,3.47,,,,,,,
JR어음1,2025-10-03,3.49,,,,,,,
JR어음1,2025-10-04,3.53,,,,,,,
JR어음1,2025-10-05,3.55,,,,,,,
JR어음1,2025-10-06,3.56,,,,,,,
JR어음1,2025-10-07,3.57,,,,,,,
JR어음1,2025-10-08,3.57,,,,,,,
JR어음1,2025-10-09,3.58,,,,,,,
JR어음1,2025-10-10,3.62,,,,,,,
JR어음1,2025-10-11,3.62,,,,,,,
JR어음1,2025-10-12,3.57,,,,,,,
JR어음1,2025-10-13,3.55,,,,,,,
JR어음1,2025-10-14,3.55,,,,,,,
JR어음1,2025-10-15,3.54,,,,,,,
JR어음1,2025-10-16,3.53,,,,,,,
JR어음1,2025-10-17,3.53,,,,,,,
JR어음1,2025-10-18,3.53,,,,,,,
JR어음1,2025-10-19,3.52,,,,,,,
JR어음1,2025-10-20,3.41,,,,,,,
JR어음1,2025-10-21,3.4,,,,,,,
JR어음1,2025-10-22,3.4,,,,,,,
JR어음1,2025-10-23,3.44,,,,,,,
JR어음1,2025-10-24,3.42,,,,,,,
JR어음1,2025-10-25,3.41,,,,,,,
JR어음1,2025-10-26,3.4,,,,,,,
JR어음1,2025-10-27,3.38,,,,,,,
JR어음1,2025-10-28,3.35,,,,,,,
JR어음1,2025-10-29,3.33,,,,,,,
JR어음1,2025-10-30,3.33,,,,,,,
JR어음1,2025-10-31,3.33,,,,,,,
JR어음1,2025-11-01,3.32,,,,,,,
JR어음1,2025-11-02,3.31,,,,,,,
JR어음1,2025-11-03,3.32,,,,,,,
JR어음1,2025-11-04,3.34,,,,,,,
JR어음1,2025-11-05,3.35,,,,,,,
JR어음1,2025-11-06,3.36,,,,,,,
JR어음1,2025-11-07,3.38,,,,,,,
JR어음1,2025-11-08,3.41,,,,,,,
JR어음1,2025-11-09,3.41,,,,,,,
JR어음1,2025-11-10,3.39,,,,,,,
JR어음1,2025-11-11,3.37,,,,,,,
JR어음1,2025-11-12,3.37,,,,,,,
JR어음1,2025-11-13,3.35,,,,,,,
JR어음1,2025-11-14,3.32,,,,,,,
JR어음1,2025-11-15,3.34,,,,,,,
JR어음1,2025-11-16,3.36,,,,,,,
JR어음1,2025-11-17,3.34,,,,,,,
JR어음1,2025-11-18,3.33,,,,,,,
JR어음1,2025-11-19,3.33,,,,,,,
JR어음1,2025-11-20,3.35,,,,,,,
JR어음1,2025-11-21,3.35,,,,,,,
JR어음1,2025-11-22,3.34,,,,,,,
JR어음1,2025-11-23,3.35,,,,,,,
JR어음1,2025-11-24,3.36,,,,,,,
JR어음1,2025-11-25,3.35,,,,,,,
JR어음1,2025-11-26,3.33,,,,,,,
JR어음1,2025-11-27,3.34,,,,,,,
JR어음1,2025-11-28,3.31,,,,,,,
JR어음1,2025-11-29,3.31,,,,,,,
JR어음1,2025-11-30,3.31,,,,,,,
JR어음1,2025-12-01,3.3,,,,,,,
JR어음1,2025-12-02,3.3,,,,,,,
JR어음1,2025-12-03,3.3,,,,,,,
JR어음1,2025-12-04,3.3,,,,,,,
JR어음1,2025-12-05,3.31,,,,,,,
JR어음1,2025-12-06,3.32,,,,,,,
JR어음1,2025-12-07,3.32,,,,,,,
JR어음1,2025-12-08,3.3,,,,,,,
JR어음1,2025-12-09,3.28,,,,,,,
JR어음1,2025-12-10,3.27,,,,,,,
JR어음1,2025-12-11,3.27,,,,,,,
JR어음1,2025-12-12,3.24,,,,,,,
JR어음1,2025-12-13,3.25,,,,,,,
JR어음1,2025-12-14,3.21,,,,,,,
JR어음1,2025-12-15,3.18,,,,,,,
JR어음1,2025-12-16,3.2,,,,,,,
JR어음1,2025-12-17,3.18,,,,,,,
JR어음1,2025-12-18,3.13,,,,,,,
JR어음1,2025-12-19,3.11,,,,,,,
JR어음1,2025-12-20,3.11,,,,,,,
JR어음1,2025-12-21,3.09,,,,,,,
JR어음1,2025-12-22,3.08,,,,,,,
JR어음1,2025-12-23,3.09,,,,,,,
JR어음1,2025-12-24,3.07,,,,,,,
JR어음1,2025-12-25,3.04,,,,,,,
JR어음1,2025-12-26,3.01,,,,,,,
JR어음1,2025-12-27,2.99,,,,,,,
JR어음1,2025-12-28,2.99,,,,,,,
JR어음1,2025-12-29,2.97,,,,,,,
JR어음1,2025-12-30,2.95,,,,,,,
JR어음1,2025-12-31,2.95,,,,,,,
JR어음1,2026-01-01,2.95,S11,57.2,40.55,15.5,156.0,1031.13,12.82
JR어음1,2026-01-02,2.93,S11,57.22,40.53,15.5,156.0,1031.21,12.72
JR어음1,2026-01-03,2.92,S11,57.23,40.52,15.5,156.0,1033.5,12.82
JR어음1,2026-01-04,2.93,S11,57.22,40.53,15.5,156.0,1031.0,12.81
JR어음1,2026-01-05,2.93,S11,57.22,40.53,15.5,156.0,1028.17,12.84
JR어음1,2026-01-06,2.93,S11,57.23,40.53,15.5,155.0,1029.42,12.99
JR어음1,2026-01-07,2.92,S11,57.23,40.52,15.5,155.0,1028.0,12.86
JR어음1,2026-01-08,2.89,S11,57.26,40.49,15.5,155.0,1032.71,12.86
JR어음1,2026-01-09,2.87,S11,57.28,40.47,15.5,155.0,1029.25,12.97
JR어음1,2026-01-10,2.85,S11,57.3,40.45,15.5,155.0,1024.25,12.96
JR어음1,2026-01-11,2.81,S11,57.34,40.41,15.5,155.0,1030.67,12.88
JR어음1,2026-01-12,2.8,S11,57.35,40.4,15.5,155.0,1026.67,12.98
JR어음1,2026-01-13,2.78,S11,57.37,40.38,15.5,155.0,1024.29,13.04
JR어음1,2026-01-14,2.77,S11,57.38,40.37,15.5,155.0,1027.79,13.04
JR어음1,2026-01-15,2.78,S11,57.37,40.38,15.5,155.0,1022.75,12.95
JR어음1,2026-01-16,2.78,S11,57.38,40.38,15.5,155.0,1023.75,13.03
JR어음1,2026-01-17,2.78,S11,57.37,40.38,15.5,155.0,1025.54,13.03
JR어음1,2026-01-18,2.79,S11,57.36,40.39,15.5,155.0,1025.0,13.02
JR어음1,2026-01-19,2.79,S11,57.36,40.39,15.5,155.0,1028.25,12.71
JR어음1,2026-01-20,2.77,S11,57.38,40.37,15.5,154.0,1030.92,12.95
JR어음1,2026-01-21,2.75,S11,57.4,40.35,15.5,154.0,1032.67,12.78
JR어음1,2026-01-22,2.75,S11,57.4,40.35,15.5,154.0,1034.29,12.83
JR어음1,2026-01-23,2.75,S11,57.41,40.35,15.5,154.0,1033.17,12.89
JR어음1,2026-01-24,2.73,S11,57.42,40.33,15.5,154.0,1032.13,13.01
JR어음1,2026-01-25,2.71,S11,57.44,40.31,15.5,154.0,1035.42,12.97
JR어음1,2026-01-26,2.69,S11,57.46,40.29,15.5,154.0,1032.0,12.87
JR어음1,2026-01-27,2.67,S11,57.48,40.27,15.5,154.0,1031.5,12.85
JR어음1,2026-01-28,2.66,S11,57.49,40.26,15.5,154.0,1034.25,12.99
JR어음1,2026-01-29,2.65,S11,57.5,40.25,15.5,154.0,1036.21,12.99
JR어음1,2026-01-30,2.64,S11,57.51,40.24,15.5,154.0,1036.21,12.97
JR어음1,2026-01-31,2.64,S11,57.51,40.24,15.5,153.0,1034.04,12.98
JR어음1,2026-02-01,2.64,S11,57.51,40.24,15.5,153.0,1033.33,12.93
JR어음1,2026-02-02,2.65,S11,57.5,40.25,15.5,153.0,1033.88,12.87
JR어음1,2026-02-03,2.66,S11,57.49,40.26,15.5,153.0,1036.08,13.0
JR어음1,2026-02-04,2.66,S11,57.49,40.26,15.5,153.0,1029.25,12.99
JR어음1,2026-02-05,2.67,S11,57.48,40.27,15.5,153.0,1024.67,12.98
JR어음1,2026-02-06,2.66,S11,57.49,40.26,15.5,153.0,1028.33,12.94
JR어음1,2026-02-07,2.63,S11,57.52,40.23,15.5,153.0,1030.75,12.7
JR어음1,2026-02-08,2.57,S11,57.58,40.17,15.5,153.0,1034.92,12.82
JR어음1,2026-02-09,2.54,S11,57.61,40.14,15.5,153.0,1034.96,13.0
JR어음1,2026-02-10,2.54,S11,57.61,40.14,15.5,153.0,1027.33,12.61
JR어음1,2026-02-11,2.53,S11,57.62,40.13,15.5,153.0,1028.42,12.95
JR어음1,2026-02-12,2.52,S11,57.63,40.12,15.5,152.0,1029.63,13.05
JR어음1,2026-02-13,2.53,S11,57.62,40.13,15.5,152.0,1026.58,13.06
JR어음1,2026-02-14,2.55,S11,57.6,40.15,15.5,152.0,1022.46,12.8
JR어음1,2026-02-15,2.56,S11,57.59,40.16,15.5,152.0,1025.63,12.99
JR어음1,2026-02-16,2.55,S11,57.6,40.15,15.5,152.0,1029.17,12.95
JR어음1,2026-02-17,2.55,S11,57.61,40.15,15.5,152.0,1029.5,13.06
JR어음1,2026-02-18,2.53,S11,57.62,40.13,15.5,152.0,1030.21,13.06
JR어음1,2026-02-19,2.53,S11,57.62,40.13,15.5,152.0,1031.04,13.05
JR어음1,2026-02-20,2.54,S11,57.61,40.14,15.5,152.0,1026.0,13.07
JR어음1,2026-02-21,2.55,S11,57.6,40.15,15.5,152.0,1020.75,13.08
JR어음1,2026-02-22,2.54,S11,57.61,40.14,15.5,152.0,1019.33,13.09
JR어음1,2026-02-23,2.51,S11,57.64,40.11,15.5,152.0,1030.0,13.09
JR어음1,2026-02-24,2.52,S11,57.63,40.12,15.5,152.0,1024.17,12.66
JR어음1,2026-02-25,2.55,S11,57.61,40.15,15.5,152.0,1025.71,12.93
JR어음1,2026-02-26,2.57,S11,57.58,40.17,15.5,152.0,1023.33,12.99
JR어음1,2026-02-27,2.57,S11,57.58,40.17,15.5,152.0,1019.46,12.83
JR어음1,2026-02-28,2.57,S11,57.58,40.17,15.5,152.0,1025.46,13.08
JR어음1,2026-03-01,2.59,S11,57.56,40.19,15.5,151.0,1025.13,12.98
JR어음1,2026-03-02,2.62,S11,57.53,40.22,15.5,151.0,1017.29,12.98
JR어음1,2026-03-03,2.62,S11,57.53,40.22,15.5,151.0,1025.63,12.72
JR어음1,2026-03-04,2.61,S11,57.54,40.21,15.5,151.0,1030.08,13.04
JR어음1,2026-03-05,2.58,S11,57.57,40.18,15.5,151.0,1028.25,13.07
JR어음1,2026-03-06,2.56,S11,57.59,40.16,15.5,151.0,1029.13,12.96
JR어음1,2026-03-07,2.53,S11,57.62,40.13,15.5,151.0,1034.25,13.05
JR어음1,2026-03-08,2.5,S11,57.65,40.1,15.5,151.0,1033.92,13.11
JR어음1,2026-03-09,2.48,S11,57.67,40.08,15.5,151.0,1034.33,13.09
JR어음1,2026-03-10,2.45,S11,57.7,40.05,15.5,151.0,1033.58,13.11
JR어음1,2026-03-11,2.43,S11,57.72,40.03,15.5,151.0,1031.17,13.12
JR어음1,2026-03-12,2.41,S11,57.74,40.01,15.5,151.0,1031.46,13.1
JR어음1,2026-03-13,2.4,S11,57.75,40.0,15.5,151.0,1034.04,13.13
JR어음1,2026-03-14,2.4,S11,57.75,40.0,15.5,151.0,1034.83,13.15
JR어음1,2026-03-15,2.38,S11,57.77,39.98,15.5,151.0,1032.54,13.12
JR어음1,2026-03-16,2.36,S11,57.79,39.96,15.5,151.0,1029.63,13.14
JR어음1,2026-03-17,2.38,S11,57.77,39.98,15.5,151.0,1026.92,13.13
JR어음1,2026-03-18,2.41,S11,57.74,40.01,15.5,151.0,1021.08,12.6
JR어음1,2026-03-19,2.43,S11,57.72,40.03,15.5,151.0,1024.83,13.13
JR어음1,2026-03-20,2.44,S11,57.71,40.04,15.5,151.0,1027.79,13.17
JR어음1,2026-03-21,2.45,S11,57.7,40.05,15.5,151.0,1029.75,13.17
JR어음1,2026-03-22,2.46,S11,57.69,40.06,15.5,151.0,1025.46,13.15
JR어음1,2026-03-23,2.43,S11,57.72,40.03,15.5,151.0,1025.29,13.17
JR어음1,2026-03-24,2.42,S11,57.73,40.02,15.5,151.0,1022.5,13.06
JR어음1,2026-03-25,2.43,S11,57.72,40.03,15.5,151.0,1020.63,13.02
JR어음1,2026-03-26,2.41,S11,57.74,40.01,15.5,151.0,1022.54,13.17
JR어음1,2026-03-27,2.38,S11,57.77,39.98,15.5,151.0,1022.08,13.14
JR어음1,2026-03-28,2.36,S11,57.79,39.96,15.5,151.0,1022.75,13.15
JR어음1,2026-03-29,2.35,S11,57.8,39.95,15.5,151.0,1021.96,13.18
JR어음1,2026-03-30,2.38,S11,57.77,39.98,15.5,151.0,1016.08,12.98
JR어음1,2026-03-31,2.4,S11,57.75,40.0,15.5,150.0,1016.21,13.05
JR어음1,2026-04-01,2.41,S11,57.74,40.01,15.5,150.0,1019.71,13.01
JR어음1,2026-04-02,2.4,S11,57.75,40.0,15.5,150.0,1023.75,13.18
JR어음1,2026-04-03,2.4,S11,57.75,40.0,15.5,150.0,1020.04,13.11
JR어음1,2026-04-04,2.45,S11,57.7,40.05,15.5,150.0,1008.29,13.02
JR어음1,2026-04-05,2.45,S11,57.7,40.05,15.5,150.0,1016.67,13.18
JR어음1,2026-04-06,2.45,S11,57.7,40.05,15.5,150.0,1015.92,13.05
JR어음1,2026-04-07,2.41,S11,57.74,40.01,15.5,150.0,1022.67,13.18
JR어음1,2026-04-08,2.38,S11,57.77,39.98,15.5,150.0,1025.79,13.18
JR어음1,2026-04-09,2.4,S11,57.75,40.0,15.5,150.0,1012.83,12.82
JR어음1,2026-04-10,2.43,S11,57.72,40.03,15.5,150.0,1012.67,13.14
JR어음1,2026-04-11,2.43,S11,57.72,40.03,15.5,150.0,1020.13,13.19
JR어음1,2026-04-12,2.43,S11,57.72,40.03,15.5,150.0,1021.04,13.11
JR어음1,2026-04-13,2.43,S11,57.72,40.03,15.5,150.0,1019.83,13.1
JR어음1,2026-04-14,2.42,S11,57.73,40.02,15.5,150.0,1017.63,12.95
JR어음1,2026-04-15,2.42,S11,57.73,40.02,15.5,150.0,1018.75,13.14
JR어음1,2026-04-16,2.44,S11,57.71,40.04,15.5,150.0,1021.63,13.22
JR어음1,2026-04-17,2.47,S11,57.68,40.07,15.5,150.0,1019.13,13.02
JR어음1,2026-04-18,2.46,S11,57.69,40.06,15.5,150.0,1017.83,13.2
JR어음1,2026-04-19,2.47,S11,57.68,40.07,15.5,150.0,1017.83,13.11
JR어음1,2026-04-20,2.48,S11,57.67,40.08,15.5,150.0,1020.08,12.99
JR어음1,2026-04-21,2.45,S11,57.7,40.05,15.5,150.0,1025.08,13.16
JR어음1,2026-04-22,2.44,S11,57.71,40.04,15.5,150.0,1018.54,13.02
JR어음1,2026-04-23,2.46,S11,57.69,40.06,15.5,150.0,1014.83,13.15
JR어음1,2026-04-24,2.48,S11,57.67,40.08,15.5,151.0,1021.54,13.21
JR어음1,2026-04-25,2.47,S11,57.68,40.07,15.5,150.0,1024.29,13.22
JR어음1,2026-04-26,2.44,S11,57.71,40.04,15.5,150.0,1020.38,13.2
JR어음1,2026-04-27,2.4,S11,57.75,40.0,15.5,150.0,1019.71,13.21
JR어음1,2026-04-28,2.38,S11,57.77,39.98,15.5,150.0,1021.92,13.1
JR어음1,2026-04-29,2.37,S11,57.78,39.97,15.5,150.0,1025.63,13.18
JR어음1,2026-04-30,2.38,S11,57.77,39.98,15.5,150.0,1022.04,13.13
JR어음1,2026-05-01,2.38,S11,57.77,39.98,15.5,150.0,1020.21,13.2
JR어음1,2026-05-02,2.36,S11,57.79,39.96,15.5,151.0,1019.33,13.2
JR어음1,2026-05-03,2.4,S11,57.75,40.0,15.5,150.0,1012.08,12.97
JR어음1,2026-05-04,2.38,S11,57.77,39.98,15.5,150.0,1022.83,13.21
JR어음1,2026-05-05,2.37,S11,57.78,39.97,15.5,150.0,1025.08,13.21
JR어음1,2026-05-06,2.37,S11,57.78,39.97,15.5,150.0,1023.21,13.23
JR어음1,2026-05-07,2.36,S11,57.79,39.96,15.5,150.0,1019.75,13.25
JR어음1,2026-05-08,2.39,S11,57.76,39.93,15.5,150.0,1024.08,13.28
JR어음1,2026-05-09,2.46,S11,57.69,39.9,15.5,150.0,1026.5,13.23
JR어음1,2026-05-10,2.44,S11,57.71,39.88,15.5,150.0,1024.67,13.23
JR어음1,2026-05-11,2.44,S11,57.71,39.88,15.5,150.0,1021.13,13.24
JR어음1,2026-05-12,2.44,S11,57.71,39.88,15.5,150.0,1016.58,13.19
JR어음1,2026-05-13,2.46,S11,57.69,39.9,15.5,150.0,1016.42,13.23
JR어음1,2026-05-14,2.47,S11,57.68,39.91,15.5,150.0,1020.08,13.23
JR어음1,2026-05-15,2.49,S11,57.66,39.93,15.5,150.0,1025.71,13.24
JR어음1,2026-05-16,2.5,S11,57.65,39.94,15.5,150.0,1028.21,13.24
JR어음1,2026-05-17,2.5,S11,57.65,39.94,15.5,150.0,1026.29,13.24
JR어음1,2026-05-18,2.51,S11,57.64,39.95,15.5,150.0,1023.13,13.23
JR어음1,2026-05-19,2.53,S11,57.62,39.97,15.5,150.0,1019.17,13.24
JR어음1,2026-05-20,2.56,S11,57.59,40.0,15.5,150.0,1013.38,13.13
JR어음1,2026-05-21,2.58,S11,57.57,40.02,15.5,150.0,1013.79,13.18
JR어음1,2026-05-22,2.57,S11,57.58,40.01,15.5,150.0,1017.04,13.17
JR어음1,2026-05-23,2.55,S11,57.6,39.99,15.5,150.0,1017.04,13.24
JR어음1,2026-05-24,2.5,S11,57.65,39.94,15.5,150.0,1018.67,13.23
JR어음1,2026-05-25,2.47,S11,57.68,39.91,15.5,150.0,1014.96,13.25
JR어음1,2026-05-26,2.46,S11,57.69,39.9,15.5,151.0,1009.42,13.14
JR어음1,2026-05-27,2.46,S11,57.69,39.9,15.5,151.0,1008.75,13.2
JR어음1,2026-05-28,2.45,S11,57.7,39.89,15.5,151.0,1013.0,13.06
JR어음1,2026-05-29,2.43,S11,57.73,39.87,15.5,151.0,1016.63,13.24
JR어음1,2026-05-30,2.41,S11,57.74,39.85,15.5,151.0,1018.88,13.21
JR어음1,2026-05-31,2.4,S11,57.75,39.84,15.5,151.0,1020.08,13.24
