관측소명,날짜,EL,센서,GL,Pressure,Temp,EC,Barometa,Battery
JR장전2,2007-12-13,20.52,,,,,,,
JR장전2,2007-12-14,20.48,,,,,,,
JR장전2,2007-12-15,20.41,,,,,,,
JR장전2,2007-12-16,20.4,,,,,,,
JR장전2,2007-12-17,20.46,,,,,,,
JR장전2,2007-12-18,20.48,,,,,,,
JR장전2,2007-12-19,20.5,,,,,,,
JR장전2,2007-12-20,20.48,,,,,,,
JR장전2,2007-12-21,20.5,,,,,,,
JR장전2,2007-12-22,20.54,,,,,,,
JR장전2,2007-12-23,20.49,,,,,,,
JR장전2,2007-12-24,20.49,,,,,,,
JR장전2,2007-12-25,20.54,,,,,,,
JR장전2,2007-12-26,20.59,,,,,,,
JR장전2,2007-12-27,20.65,,,,,,,
JR장전2,2007-12-28,20.69,,,,,,,
JR장전2,2007-12-29,20.69,,,,,,,
JR장전2,2007-12-30,20.74,,,,,,,
JR장전2,2007-12-31,20.69,,,,,,,
JR장전2,2008-01-01,20.68,,,,,,,
JR장전2,2008-01-02,20.65,,,,,,,
JR장전2,2008-01-03,20.68,,,,,,,
JR장전2,2008-01-04,20.69,,,,,,,
JR장전2,2008-01-05,20.72,,,,,,,
JR장전2,2008-01-06,20.72,,,,,,,
JR장전2,2008-01-07,20.75,,,,,,,
JR장전2,2008-01-08,20.74,,,,,,,
JR장전2,2008-01-09,20.73,,,,,,,
JR장전2,2008-01-10,20.72,,,,,,,
JR장전2,2008-01-11,20.79,,,,,,,
JR장전2,2008-01-12,20.73,,,,,,,
JR장전2,2008-01-13,20.67,,,,,,,
JR장전2,2008-01-14,20.68,,,,,,,
JR장전2,2008-01-15,20.69,,,,,,,
JR장전2,2008-01-16,20.68,,,,,,,
JR장전2,2008-01-17,20.71,,,,,,,
JR장전2,2008-01-18,20.72,,,,,,,
JR장전2,2008-01-19,20.75,,,,,,,
JR장전2,2008-01-20,20.81,,,,,,,
JR장전2,2008-01-21,20.8,,,,,,,
JR장전2,2008-01-22,20.77,,,,,,,
JR장전2,2008-01-23,20.74,,,,,,,
JR장전2,2008-01-24,20.7,,,,,,,
JR장전2,2008-01-25,20.72,,,,,,,
JR장전2,2008-01-26,20.75,,,,,,,
JR장전2,2008-01-27,20.78,,,,,,,
JR장전2,2008-01-28,20.83,,,,,,,
JR장전2,2008-01-29,20.83,,,,,,,
JR장전2,2008-01-30,20.76,,,,,,,
JR장전2,2008-01-31,20.75,,,,,,,
JR장전2,2008-02-01,20.76,,,,,,,
JR장전2,2008-02-02,20.82,,,,,,,
JR장전2,2008-02-03,20.82,,,,,,,
JR장전2,2008-02-04,20.77,,,,,,,
JR장전2,2008-02-05,20.78,,,,,,,
JR장전2,2008-02-06,20.8,,,,,,,
JR장전2,2008-02-07,20.8,,,,,,,
JR장전2,2008-02-08,20.79,,,,,,,
JR장전2,2008-02-09,20.79,,,,,,,
JR장전2,2008-02-10,20.79,,,,,,,
JR장전2,2008-02-11,20.81,,,,,,,
JR장전2,2008-02-12,20.79,,,,,,,
JR장전2,2008-02-13,20.77,,,,,,,
JR장전2,2008-02-14,20.77,,,,,,,
JR장전2,2008-02-15,20.76,,,,,,,
JR장전2,2008-02-16,20.74,,,,,,,
JR장전2,2008-02-17,20.73,,,,,,,
JR장전2,2008-02-18,20.74,,,,,,,
JR장전2,2008-02-19,20.77,,,,,,,
JR장전2,2008-02-20,20.79,,,,,,,
JR장전2,2008-02-21,20.82,,,,,,,
JR장전2,2008-02-22,20.85,,,,,,,
JR장전2,2008-02-23,20.78,,,,,,,
JR장전2,2008-02-24,20.74,,,,,,,
JR장전2,2008-02-25,20.8,,,,,,,
JR장전2,2008-02-26,20.83,,,,,,,
JR장전2,2008-02-27,20.77,,,,,,,
JR장전2,2008-02-28,20.81,,,,,,,
JR장전2,2008-02-29,20.89,,,,,,,
JR장전2,2008-03-01,20.79,,,,,,,
JR장전2,2008-03-02,20.82,,,,,,,
JR장전2,2008-03-03,20.81,,,,,,,
JR장전2,2008-03-04,20.78,,,,,,,
JR장전2,2008-03-05,20.74,,,,,,,
JR장전2,2008-03-06,20.76,,,,,,,
JR장전2,2008-03-07,20.76,,,,,,,
JR장전2,2008-03-08,20.78,,,,,,,
JR장전2,2008-03-09,20.82,,,,,,,
JR장전2,2008-03-10,20.82,,,,,,,
JR장전2,2008-03-11,20.81,,,,,,,
JR장전2,2008-03-12,20.81,,,,,,,
JR장전2,2008-03-13,20.85,,,,,,,
JR장전2,2008-03-14,20.82,,,,,,,
JR장전2,2008-03-15,20.82,,,,,,,
JR장전2,2008-03-16,20.83,,,,,,,
JR장전2,2008-03-17,20.85,,,,,,,
JR장전2,2008-03-18,20.86,,,,,,,
JR장전2,2008-03-19,20.84,,,,,,,
JR장전2,2008-03-20,20.79,,,,,,,
JR장전2,2008-03-21,20.82,,,,,,,
JR장전2,2008-03-22,20.87,,,,,,,
JR장전2,2008-03-23,20.89,,,,,,,
JR장전2,2008-03-24,20.94,,,,,,,
JR장전2,2008-03-25,20.97,,,,,,,
JR장전2,2008-03-26,20.97,,,,,,,
JR장전2,2008-03-27,21.0,,,,,,,
JR장전2,2008-03-28,20.96,,,,,,,
JR장전2,2008-03-29,20.98,,,,,,,
JR장전2,2008-03-30,21.04,,,,,,,
JR장전2,2008-03-31,20.99,,,,,,,
JR장전2,2008-04-01,20.97,,,,,,,
JR장전2,2008-04-02,21.02,,,,,,,
JR장전2,2008-04-03,21.0,,,,,,,
JR장전2,2008-04-04,20.98,,,,,,,
JR장전2,2008-04-05,20.98,,,,,,,
JR장전2,2008-04-06,21.05,,,,,,,
JR장전2,2008-04-07,21.06,,,,,,,
JR장전2,2008-04-08,21.03,,,,,,,
JR장전2,2008-04-09,21.14,,,,,,,
JR장전2,2008-04-10,21.05,,,,,,,
JR장전2,2008-04-11,20.96,,,,,,,
JR장전2,2008-04-12,20.97,,,,,,,
JR장전2,2008-04-13,21.0,,,,,,,
JR장전2,2008-04-14,21.01,,,,,,,
JR장전2,2008-04-15,21.02,,,,,,,
JR장전2,2008-04-16,21.05,,,,,,,
JR장전2,2008-04-17,21.05,,,,,,,
JR장전2,2008-04-18,21.0,,,,,,,
JR장전2,2008-04-19,21.0,,,,,,,
JR장전2,2008-04-20,21.03,,,,,,,
JR장전2,2008-04-21,21.03,,,,,,,
JR장전2,2008-04-22,21.04,,,,,,,
JR장전2,2008-04-23,21.05,,,,,,,
JR장전2,2008-04-24,21.02,,,,,,,
JR장전2,2008-04-25,21.06,,,,,,,
JR장전2,2008-04-26,21.05,,,,,,,
JR장전2,2008-04-27,21.03,,,,,,,
JR장전2,2008-04-28,21.03,,,,,,,
JR장전2,2008-04-29,21.02,,,,,,,
JR장전2,2008-04-30,21.04,,,,,,,
JR장전2,2008-05-01,21.07,,,,,,,
JR장전2,2008-05-02,21.05,,,,,,,
JR장전2,2008-05-03,21.04,,,,,,,
JR장전2,2008-05-04,21.1,,,,,,,
JR장전2,2008-05-05,21.04,,,,,,,
JR장전2,2008-05-06,21.01,,,,,,,
JR장전2,2008-05-07,21.03,,,,,,,
JR장전2,2008-05-08,21.04,,,,,,,
JR장전2,2008-05-09,21.04,,,,,,,
JR장전2,2008-05-10,21.01,,,,,,,
JR장전2,2008-05-11,20.99,,,,,,,
JR장전2,2008-05-12,21.01,,,,,,,
JR장전2,2008-05-13,20.98,,,,,,,
JR장전2,2008-05-14,20.95,,,,,,,
JR장전2,2008-05-15,20.96,,,,,,,
JR장전2,2008-05-16,20.99,,,,,,,
JR장전2,2008-05-17,21.0,,,,,,,
JR장전2,2008-05-18,21.02,,,,,,,
JR장전2,2008-05-19,21.0,,,,,,,
JR장전2,2008-05-20,20.98,,,,,,,
JR장전2,2008-05-21,20.97,,,,,,,
JR장전2,2008-05-22,20.96,,,,,,,
JR장전2,2008-05-23,20.99,,,,,,,
JR장전2,2008-05-24,21.05,,,,,,,
JR장전2,2008-05-25,21.0,,,,,,,
JR장전2,2008-05-26,20.98,,,,,,,
JR장전2,2008-05-27,21.0,,,,,,,
JR장전2,2008-05-28,21.06,,,,,,,
JR장전2,2008-05-29,21.01,,,,,,,
JR장전2,2008-05-30,20.98,,,,,,,
JR장전2,2008-05-31,20.96,,,,,,,
JR장전2,2008-06-01,20.97,,,,,,,
JR장전2,2008-06-02,20.97,,,,,,,
JR장전2,2008-06-03,20.97,,,,,,,
JR장전2,2008-06-04,20.99,,,,,,,
JR장전2,2008-06-05,20.99,,,,,,,
JR장전2,2008-06-06,20.95,,,,,,,
JR장전2,2008-06-07,20.96,,,,,,,
JR장전2,2008-06-08,20.97,,,,,,,
JR장전2,2008-06-09,20.96,,,,,,,
JR장전2,2008-06-10,20.99,,,,,,,
JR장전2,2008-06-11,21.0,,,,,,,
JR장전2,2008-06-12,20.97,,,,,,,
JR장전2,2008-06-13,20.95,,,,,,,
JR장전2,2008-06-14,20.96,,,,,,,
JR장전2,2008-06-15,20.98,,,,,,,
JR장전2,2008-06-16,20.96,,,,,,,
JR장전2,2008-06-17,20.95,,,,,,,
JR장전2,2008-06-18,20.97,,,,,,,
JR장전2,2008-06-19,20.96,,,,,,,
JR장전2,2008-06-20,21.02,,,,,,,
JR장전2,2008-06-21,21.07,,,,,,,
JR장전2,2008-06-22,21.11,,,,,,,
JR장전2,2008-06-23,21.08,,,,,,,
JR장전2,2008-06-24,21.08,,,,,,,
JR장전2,2008-06-25,21.06,,,,,,,
JR장전2,2008-06-26,21.04,,,,,,,
JR장전2,2008-06-27,21.06,,,,,,,
JR장전2,2008-06-28,21.14,,,,,,,
JR장전2,2008-06-29,21.11,,,,,,,
JR장전2,2008-06-30,21.06,,,,,,,
JR장전2,2008-07-01,21.1,,,,,,,
JR장전2,2008-07-02,21.18,,,,,,,
JR장전2,2008-07-03,21.17,,,,,,,
JR장전2,2008-07-04,21.16,,,,,,,
JR장전2,2008-07-05,21.17,,,,,,,
JR장전2,2008-07-06,21.16,,,,,,,
JR장전2,2008-07-07,21.14,,,,,,,
JR장전2,2008-07-08,21.14,,,,,,,
JR장전2,2008-07-09,21.16,,,,,,,
JR장전2,2008-07-10,21.19,,,,,,,
JR장전2,2008-07-11,21.26,,,,,,,
JR장전2,2008-07-12,21.26,,,,,,,
JR장전2,2008-07-13,21.25,,,,,,,
JR장전2,2008-07-14,21.23,,,,,,,
JR장전2,2008-07-15,21.26,,,,,,,
JR장전2,2008-07-16,21.29,,,,,,,
JR장전2,2008-07-17,21.28,,,,,,,
JR장전2,2008-07-18,21.26,,,,,,,
JR장전2,2008-07-19,21.26,,,,,,,
JR장전2,2008-07-20,21.29,,,,,,,
JR장전2,2008-07-21,21.27,,,,,,,
JR장전2,2008-07-22,21.27,,,,,,,
JR장전2,2008-07-23,21.28,,,,,,,
JR장전2,2008-07-24,21.33,,,,,,,
JR장전2,2008-07-25,21.34,,,,,,,
JR장전2,2008-07-26,21.31,,,,,,,
JR장전2,2008-07-27,21.29,,,,,,,
JR장전2,2008-07-28,21.29,,,,,,,
JR장전2,2008-07-29,21.29,,,,,,,
JR장전2,2008-07-30,21.29,,,,,,,
JR장전2,2008-07-31,21.29,,,,,,,
JR장전2,2008-08-01,21.31,,,,,,,
JR장전2,2008-08-02,21.37,,,,,,,
JR장전2,2008-08-03,21.36,,,,,,,
JR장전2,2008-08-04,21.33,,,,,,,
JR장전2,2008-08-05,21.33,,,,,,,
JR장전2,2008-08-06,21.34,,,,,,,
JR장전2,2008-08-07,21.35,,,,,,,
JR장전2,2008-08-08,21.35,,,,,,,
JR장전2,2008-08-09,21.35,,,,,,,
JR장전2,2008-08-10,21.36,,,,,,,
JR장전2,2008-08-11,21.33,,,,,,,
JR장전2,2008-08-12,21.35,,,,,,,
JR장전2,2008-08-13,21.35,,,,,,,
JR장전2,2008-08-14,21.38,,,,,,,
JR장전2,2008-08-15,21.4,,,,,,,
JR장전2,2008-08-21,21.37,,,,,,,
JR장전2,2008-08-22,21.41,,,,,,,
JR장전2,2008-08-23,21.36,,,,,,,
JR장전2,2008-08-24,21.31,,,,,,,
JR장전2,2008-08-25,21.31,,,,,,,
JR장전2,2008-08-26,21.33,,,,,,,
JR장전2,2008-08-27,21.33,,,,,,,
JR장전2,2008-08-28,21.32,,,,,,,
JR장전2,2008-08-29,21.32,,,,,,,
JR장전2,2008-08-30,21.32,,,,,,,
JR장전2,2008-08-31,21.34,,,,,,,
JR장전2,2008-09-01,21.37,,,,,,,
JR장전2,2008-09-02,21.33,,,,,,,
JR장전2,2008-09-03,21.3,,,,,,,
JR장전2,2008-09-04,21.29,,,,,,,
JR장전2,2008-09-05,21.28,,,,,,,
JR장전2,2008-09-06,21.27,,,,,,,
JR장전2,2008-09-07,21.28,,,,,,,
JR장전2,2008-09-08,21.29,,,,,,,
JR장전2,2008-09-09,21.29,,,,,,,
JR장전2,2008-09-10,21.3,,,,,,,
JR장전2,2008-09-11,21.32,,,,,,,
JR장전2,2008-09-12,21.32,,,,,,,
JR장전2,2008-09-13,21.29,,,,,,,
JR장전2,2008-09-14,21.29,,,,,,,
JR장전2,2008-09-15,21.33,,,,,,,
JR장전2,2008-09-16,21.33,,,,,,,
JR장전2,2008-09-17,21.31,,,,,,,
JR장전2,2008-09-18,21.31,,,,,,,
JR장전2,2008-09-19,21.29,,,,,,,
JR장전2,2008-09-20,21.3,,,,,,,
JR장전2,2008-09-21,21.32,,,,,,,
JR장전2,2008-09-22,21.31,,,,,,,
JR장전2,2008-09-23,21.28,,,,,,,
JR장전2,2008-09-24,21.27,,,,,,,
JR장전2,2008-09-25,21.31,,,,,,,
JR장전2,2008-09-26,21.28,,,,,,,
JR장전2,2008-09-27,21.28,,,,,,,
JR장전2,2008-09-28,21.31,,,,,,,
JR장전2,2008-09-29,21.33,,,,,,,
JR장전2,2008-09-30,21.35,,,,,,,
JR장전2,2008-10-01,21.33,,,,,,,
JR장전2,2008-10-02,21.3,,,,,,,
JR장전2,2008-10-03,21.31,,,,,,,
JR장전2,2008-10-04,21.33,,,,,,,
JR장전2,2008-10-05,21.35,,,,,,,
JR장전2,2008-10-06,21.32,,,,,,,
JR장전2,2008-10-07,21.29,,,,,,,
JR장전2,2008-10-08,21.28,,,,,,,
JR장전2,2008-10-09,21.28,,,,,,,
JR장전2,2008-10-10,21.31,,,,,,,
JR장전2,2008-10-11,21.3,,,,,,,
JR장전2,2008-10-12,21.31,,,,,,,
JR장전2,2008-10-13,21.31,,,,,,,
JR장전2,2008-10-14,21.29,,,,,,,
JR장전2,2008-10-15,21.27,,,,,,,
JR장전2,2008-10-16,21.28,,,,,,,
JR장전2,2008-10-17,21.29,,,,,,,
JR장전2,2008-10-18,21.29,,,,,,,
JR장전2,2008-10-19,21.31,,,,,,,
JR장전2,2008-10-20,21.31,,,,,,,
JR장전2,2008-10-21,21.31,,,,,,,
JR장전2,2008-10-22,21.35,,,,,,,
JR장전2,2008-10-23,21.33,,,,,,,
JR장전2,2008-10-24,21.25,,,,,,,
JR장전2,2008-10-25,21.26,,,,,,,
JR장전2,2008-10-26,21.3,,,,,,,
JR장전2,2008-10-27,21.27,,,,,,,
JR장전2,2008-10-28,21.3,,,,,,,
JR장전2,2008-10-29,21.3,,,,,,,
JR장전2,2008-10-30,21.26,,,,,,,
JR장전2,2008-10-31,21.29,,,,,,,
JR장전2,2008-11-01,21.28,,,,,,,
JR장전2,2008-11-02,21.3,,,,,,,
JR장전2,2008-11-03,21.28,,,,,,,
JR장전2,2008-11-04,21.24,,,,,,,
JR장전2,2008-11-05,21.27,,,,,,,
JR장전2,2008-11-06,21.3,,,,,,,
JR장전2,2008-11-07,21.28,,,,,,,
JR장전2,2008-11-08,21.26,,,,,,,
JR장전2,2008-11-09,21.25,,,,,,,
JR장전2,2008-11-10,21.24,,,,,,,
JR장전2,2008-11-11,21.25,,,,,,,
JR장전2,2008-11-12,21.25,,,,,,,
JR장전2,2008-11-13,21.25,,,,,,,
JR장전2,2008-11-14,21.26,,,,,,,
JR장전2,2008-11-15,21.3,,,,,,,
JR장전2,2008-11-16,21.29,,,,,,,
JR장전2,2008-11-17,21.25,,,,,,,
JR장전2,2008-11-18,21.22,,,,,,,
JR장전2,2008-11-19,21.21,,,,,,,
JR장전2,2008-11-20,21.22,,,,,,,
JR장전2,2008-11-21,21.22,,,,,,,
JR장전2,2008-11-22,21.22,,,,,,,
JR장전2,2008-11-23,21.25,,,,,,,
JR장전2,2008-11-24,21.27,,,,,,,
JR장전2,2008-11-25,21.22,,,,,,,
JR장전2,2008-11-26,21.22,,,,,,,
JR장전2,2008-11-27,21.29,,,,,,,
JR장전2,2008-11-28,21.25,,,,,,,
JR장전2,2008-11-29,21.23,,,,,,,
JR장전2,2008-11-30,21.18,,,,,,,
JR장전2,2008-12-01,21.23,,,,,,,
JR장전2,2008-12-02,21.26,,,,,,,
JR장전2,2008-12-03,21.24,,,,,,,
JR장전2,2008-12-04,21.25,,,,,,,
JR장전2,2008-12-05,21.19,,,,,,,
JR장전2,2008-12-06,21.18,,,,,,,
JR장전2,2008-12-07,21.21,,,,,,,
JR장전2,2008-12-08,21.26,,,,,,,
JR장전2,2008-12-09,21.26,,,,,,,
JR장전2,2008-12-10,21.24,,,,,,,
JR장전2,2008-12-11,21.24,,,,,,,
JR장전2,2008-12-12,21.22,,,,,,,
JR장전2,2008-12-13,21.21,,,,,,,
JR장전2,2008-12-14,21.21,,,,,,,
JR장전2,2008-12-15,21.2,,,,,,,
JR장전2,2008-12-16,21.21,,,,,,,
JR장전2,2008-12-17,21.23,,,,,,,
JR장전2,2008-12-18,21.2,,,,,,,
JR장전2,2008-12-19,21.21,,,,,,,
JR장전2,2008-12-20,21.23,,,,,,,
JR장전2,2008-12-21,21.21,,,,,,,
JR장전2,2008-12-22,21.15,,,,,,,
JR장전2,2008-12-23,21.17,,,,,,,
JR장전2,2008-12-24,21.23,,,,,,,
JR장전2,2008-12-25,21.21,,,,,,,
JR장전2,2008-12-26,21.16,,,,,,,
JR장전2,2008-12-27,21.2,,,,,,,
JR장전2,2008-12-28,21.22,,,,,,,
JR장전2,2008-12-29,21.21,,,,,,,
JR장전2,2008-12-30,21.18,,,,,,,
JR장전2,2008-12-31,21.19,,,,,,,
JR장전2,2009-01-01,21.18,,,,,,,
JR장전2,2009-01-02,21.15,,,,,,,
JR장전2,2009-01-03,21.16,,,,,,,
JR장전2,2009-01-04,21.19,,,,,,,
JR장전2,2009-01-05,21.17,,,,,,,
JR장전2,2009-01-06,21.17,,,,,,,
JR장전2,2009-01-07,21.16,,,,,,,
JR장전2,2009-01-08,21.17,,,,,,,
JR장전2,2009-01-09,21.21,,,,,,,
JR장전2,2009-01-10,21.18,,,,,,,
JR장전2,2009-01-11,21.18,,,,,,,
JR장전2,2009-01-12,21.13,,,,,,,
JR장전2,2009-01-13,21.13,,,,,,,
JR장전2,2009-01-14,21.14,,,,,,,
JR장전2,2009-01-15,21.13,,,,,,,
JR장전2,2009-01-16,21.16,,,,,,,
JR장전2,2009-01-17,21.18,,,,,,,
JR장전2,2009-01-18,21.22,,,,,,,
JR장전2,2009-01-19,21.16,,,,,,,
JR장전2,2009-01-20,21.16,,,,,,,
JR장전2,2009-01-21,21.17,,,,,,,
JR장전2,2009-01-22,21.2,,,,,,,
JR장전2,2009-01-23,21.12,,,,,,,
JR장전2,2009-01-24,21.13,,,,,,,
JR장전2,2009-01-25,21.14,,,,,,,
JR장전2,2009-01-26,21.11,,,,,,,
JR장전2,2009-01-27,21.1,,,,,,,
JR장전2,2009-01-28,21.13,,,,,,,
JR장전2,2009-01-29,21.17,,,,,,,
JR장전2,2009-01-30,21.2,,,,,,,
JR장전2,2009-01-31,21.11,,,,,,,
JR장전2,2009-02-01,21.06,,,,,,,
JR장전2,2009-02-02,21.11,,,,,,,
JR장전2,2009-02-03,21.15,,,,,,,
JR장전2,2009-02-04,21.14,,,,,,,
JR장전2,2009-02-05,21.12,,,,,,,
JR장전2,2009-02-06,21.1,,,,,,,
JR장전2,2009-02-07,21.12,,,,,,,
JR장전2,2009-02-08,21.11,,,,,,,
JR장전2,2009-02-09,21.15,,,,,,,
JR장전2,2009-02-10,21.15,,,,,,,
JR장전2,2009-02-11,21.15,,,,,,,
JR장전2,2009-02-12,21.16,,,,,,,
JR장전2,2009-02-13,21.21,,,,,,,
JR장전2,2009-02-14,21.1,,,,,,,
JR장전2,2009-02-15,21.04,,,,,,,
JR장전2,2009-02-16,21.0,,,,,,,
JR장전2,2009-02-17,21.02,,,,,,,
JR장전2,2009-02-18,21.06,,,,,,,
JR장전2,2009-02-19,21.14,,,,,,,
JR장전2,2009-02-20,21.11,,,,,,,
JR장전2,2009-02-21,21.07,,,,,,,
JR장전2,2009-02-22,21.16,,,,,,,
JR장전2,2009-02-23,21.09,,,,,,,
JR장전2,2009-02-24,21.1,,,,,,,
JR장전2,2009-02-25,21.06,,,,,,,
JR장전2,2009-02-26,21.03,,,,,,,
JR장전2,2009-02-27,21.05,,,,,,,
JR장전2,2009-02-28,21.03,,,,,,,
JR장전2,2009-03-01,21.0,,,,,,,
JR장전2,2009-03-02,21.03,,,,,,,
JR장전2,2009-03-03,21.07,,,,,,,
JR장전2,2009-03-04,21.07,,,,,,,
JR장전2,2009-03-05,21.11,,,,,,,
JR장전2,2009-03-06,21.04,,,,,,,
JR장전2,2009-03-07,21.01,,,,,,,
JR장전2,2009-03-08,21.04,,,,,,,
JR장전2,2009-03-09,21.05,,,,,,,
JR장전2,2009-03-10,21.02,,,,,,,
JR장전2,2009-03-11,21.0,,,,,,,
JR장전2,2009-03-12,21.04,,,,,,,
JR장전2,2009-03-13,21.1,,,,,,,
JR장전2,2009-03-14,20.99,,,,,,,
JR장전2,2009-03-15,21.03,,,,,,,
JR장전2,2009-03-16,21.06,,,,,,,
JR장전2,2009-03-17,21.05,,,,,,,
JR장전2,2009-03-18,21.05,,,,,,,
JR장전2,2009-03-19,21.06,,,,,,,
JR장전2,2009-03-20,21.0,,,,,,,
JR장전2,2009-03-21,21.07,,,,,,,
JR장전2,2009-03-22,21.07,,,,,,,
JR장전2,2009-03-23,20.96,,,,,,,
JR장전2,2009-03-24,20.98,,,,,,,
JR장전2,2009-03-25,20.98,,,,,,,
JR장전2,2009-03-26,20.97,,,,,,,
JR장전2,2009-03-27,20.95,,,,,,,
JR장전2,2009-03-28,20.98,,,,,,,
JR장전2,2009-03-29,20.97,,,,,,,
JR장전2,2009-03-30,20.96,,,,,,,
JR장전2,2009-03-31,20.97,,,,,,,
JR장전2,2009-04-01,20.96,,,,,,,
JR장전2,2009-04-02,20.94,,,,,,,
JR장전2,2009-04-03,20.99,,,,,,,
JR장전2,2009-04-04,21.0,,,,,,,
JR장전2,2009-04-05,20.99,,,,,,,
JR장전2,2009-04-06,20.99,,,,,,,
JR장전2,2009-04-07,20.96,,,,,,,
JR장전2,2009-04-08,20.95,,,,,,,
JR장전2,2009-04-09,20.94,,,,,,,
JR장전2,2009-04-10,20.95,,,,,,,
JR장전2,2009-04-11,20.97,,,,,,,
JR장전2,2009-04-12,20.99,,,,,,,
JR장전2,2009-04-13,21.05,,,,,,,
JR장전2,2009-04-14,21.03,,,,,,,
JR장전2,2009-04-15,20.98,,,,,,,
JR장전2,2009-04-16,20.96,,,,,,,
JR장전2,2009-04-17,20.93,,,,,,,
JR장전2,2009-04-18,20.92,,,,,,,
JR장전2,2009-04-19,20.95,,,,,,,
JR장전2,2009-04-20,21.07,,,,,,,
JR장전2,2009-04-21,20.95,,,,,,,
JR장전2,2009-04-22,20.88,,,,,,,
JR장전2,2009-04-23,20.89,,,,,,,
JR장전2,2009-04-24,20.95,,,,,,,
JR장전2,2009-04-25,20.96,,,,,,,
JR장전2,2009-04-26,20.92,,,,,,,
JR장전2,2009-04-27,20.9,,,,,,,
JR장전2,2009-04-28,20.86,,,,,,,
JR장전2,2009-04-29,20.85,,,,,,,
JR장전2,2009-04-30,20.87,,,,,,,
JR장전2,2009-05-01,20.88,,,,,,,
JR장전2,2009-05-02,20.92,,,,,,,
JR장전2,2009-05-03,20.91,,,,,,,
JR장전2,2009-05-04,20.92,,,,,,,
JR장전2,2009-05-05,20.93,,,,,,,
JR장전2,2009-05-06,20.92,,,,,,,
JR장전2,2009-05-07,20.94,,,,,,,
JR장전2,2009-05-08,20.93,,,,,,,
JR장전2,2009-05-09,20.92,,,,,,,
JR장전2,2009-05-10,20.91,,,,,,,
JR장전2,2009-05-11,20.92,,,,,,,
JR장전2,2009-05-12,20.93,,,,,,,
JR장전2,2009-05-13,20.89,,,,,,,
JR장전2,2009-05-14,20.87,,,,,,,
JR장전2,2009-05-15,20.88,,,,,,,
JR장전2,2009-05-16,20.93,,,,,,,
JR장전2,2009-05-17,20.9,,,,,,,
JR장전2,2009-05-18,20.87,,,,,,,
JR장전2,2009-05-19,20.88,,,,,,,
JR장전2,2009-05-20,20.88,,,,,,,
JR장전2,2009-05-21,20.93,,,,,,,
JR장전2,2009-05-22,20.85,,,,,,,
JR장전2,2009-05-23,20.87,,,,,,,
JR장전2,2009-05-24,20.86,,,,,,,
JR장전2,2009-05-25,20.83,,,,,,,
JR장전2,2009-05-26,20.86,,,,,,,
JR장전2,2009-05-27,20.86,,,,,,,
JR장전2,2009-05-28,20.86,,,,,,,
JR장전2,2009-05-29,20.87,,,,,,,
JR장전2,2009-05-30,20.89,,,,,,,
JR장전2,2009-05-31,20.87,,,,,,,
JR장전2,2009-06-01,20.87,,,,,,,
JR장전2,2009-06-02,20.87,,,,,,,
JR장전2,2009-06-03,20.89,,,,,,,
JR장전2,2009-06-04,20.86,,,,,,,
JR장전2,2009-06-05,20.86,,,,,,,
JR장전2,2009-06-06,20.82,,,,,,,
JR장전2,2009-06-07,20.79,,,,,,,
JR장전2,2009-06-08,20.78,,,,,,,
JR장전2,2009-06-09,20.83,,,,,,,
JR장전2,2009-06-10,20.89,,,,,,,
JR장전2,2009-06-11,20.84,,,,,,,
JR장전2,2009-06-12,20.84,,,,,,,
JR장전2,2009-06-13,20.81,,,,,,,
JR장전2,2009-06-14,20.78,,,,,,,
JR장전2,2009-06-15,20.77,,,,,,,
JR장전2,2009-06-16,20.77,,,,,,,
JR장전2,2009-06-17,20.78,,,,,,,
JR장전2,2009-06-18,20.81,,,,,,,
JR장전2,2009-06-19,20.82,,,,,,,
JR장전2,2009-06-20,20.84,,,,,,,
JR장전2,2009-06-21,20.85,,,,,,,
JR장전2,2009-06-22,20.84,,,,,,,
JR장전2,2009-06-23,20.81,,,,,,,
JR장전2,2009-06-24,20.78,,,,,,,
JR장전2,2009-06-25,20.78,,,,,,,
JR장전2,2009-06-26,20.77,,,,,,,
JR장전2,2009-06-27,20.8,,,,,,,
JR장전2,2009-06-28,20.82,,,,,,,
JR장전2,2009-06-29,20.83,,,,,,,
JR장전2,2009-06-30,20.8,,,,,,,
JR장전2,2009-07-01,20.73,,,,,,,
JR장전2,2009-07-02,20.72,,,,,,,
JR장전2,2009-07-03,20.72,,,,,,,
JR장전2,2009-07-04,20.69,,,,,,,
JR장전2,2009-07-05,20.67,,,,,,,
JR장전2,2009-07-06,20.68,,,,,,,
JR장전2,2009-07-07,20.73,,,,,,,
JR장전2,2009-07-08,20.72,,,,,,,
JR장전2,2009-07-09,20.74,,,,,,,
JR장전2,2009-07-10,20.74,,,,,,,
JR장전2,2009-07-11,20.75,,,,,,,
JR장전2,2009-07-12,20.77,,,,,,,
JR장전2,2009-07-13,20.75,,,,,,,
JR장전2,2009-07-14,20.79,,,,,,,
JR장전2,2009-07-15,20.79,,,,,,,
JR장전2,2009-07-16,20.79,,,,,,,
JR장전2,2009-07-17,20.78,,,,,,,
JR장전2,2009-07-18,20.79,,,,,,,
JR장전2,2009-07-19,20.78,,,,,,,
JR장전2,2009-07-20,20.79,,,,,,,
JR장전2,2009-07-21,20.82,,,,,,,
JR장전2,2009-07-22,20.8,,,,,,,
JR장전2,2009-07-23,20.79,,,,,,,
JR장전2,2009-07-24,20.83,,,,,,,
JR장전2,2009-07-25,20.77,,,,,,,
JR장전2,2009-07-26,20.77,,,,,,,
JR장전2,2009-07-27,20.77,,,,,,,
JR장전2,2009-07-28,20.79,,,,,,,
JR장전2,2009-07-29,20.77,,,,,,,
JR장전2,2009-07-30,20.75,,,,,,,
JR장전2,2009-07-31,20.76,,,,,,,
JR장전2,2009-08-01,20.79,,,,,,,
JR장전2,2009-08-02,20.8,,,,,,,
JR장전2,2009-08-03,20.79,,,,,,,
JR장전2,2009-08-04,20.79,,,,,,,
JR장전2,2009-08-05,20.79,,,,,,,
JR장전2,2009-08-06,20.79,,,,,,,
JR장전2,2009-08-07,20.79,,,,,,,
JR장전2,2009-08-08,20.8,,,,,,,
JR장전2,2009-08-09,20.82,,,,,,,
JR장전2,2009-08-10,20.81,,,,,,,
JR장전2,2009-08-11,20.81,,,,,,,
JR장전2,2009-08-12,20.83,,,,,,,
JR장전2,2009-08-13,20.78,,,,,,,
JR장전2,2009-08-14,20.78,,,,,,,
JR장전2,2009-08-15,20.78,,,,,,,
JR장전2,2009-08-16,20.77,,,,,,,
JR장전2,2009-08-17,20.77,,,,,,,
JR장전2,2009-08-18,20.79,,,,,,,
JR장전2,2009-08-19,20.8,,,,,,,
JR장전2,2009-08-20,20.83,,,,,,,
JR장전2,2009-08-21,20.82,,,,,,,
JR장전2,2009-08-22,20.81,,,,,,,
JR장전2,2009-08-23,20.78,,,,,,,
JR장전2,2009-08-24,20.78,,,,,,,
JR장전2,2009-08-25,20.78,,,,,,,
JR장전2,2009-08-26,20.8,,,,,,,
JR장전2,2009-08-27,20.83,,,,,,,
JR장전2,2009-08-28,20.8,,,,,,,
JR장전2,2009-08-29,20.77,,,,,,,
JR장전2,2009-08-30,20.77,,,,,,,
JR장전2,2009-08-31,20.76,,,,,,,
JR장전2,2009-09-01,20.76,,,,,,,
JR장전2,2009-09-02,20.77,,,,,,,
JR장전2,2009-09-03,20.78,,,,,,,
JR장전2,2009-09-04,20.8,,,,,,,
JR장전2,2009-09-05,20.82,,,,,,,
JR장전2,2009-09-06,20.81,,,,,,,
JR장전2,2009-09-07,20.79,,,,,,,
JR장전2,2009-09-08,20.79,,,,,,,
JR장전2,2009-09-09,20.77,,,,,,,
JR장전2,2009-09-10,20.77,,,,,,,
JR장전2,2009-09-11,20.78,,,,,,,
JR장전2,2009-09-12,20.79,,,,,,,
JR장전2,2009-09-13,20.74,,,,,,,
JR장전2,2009-09-14,20.77,,,,,,,
JR장전2,2009-09-15,20.78,,,,,,,
JR장전2,2009-09-16,20.76,,,,,,,
JR장전2,2009-09-17,20.77,,,,,,,
JR장전2,2009-09-18,20.77,,,,,,,
JR장전2,2009-09-19,20.77,,,,,,,
JR장전2,2009-09-20,20.76,,,,,,,
JR장전2,2009-09-21,20.76,,,,,,,
JR장전2,2009-09-22,20.74,,,,,,,
JR장전2,2009-09-23,20.73,,,,,,,
JR장전2,2009-09-24,20.73,,,,,,,
JR장전2,2009-09-25,20.75,,,,,,,
JR장전2,2009-09-26,20.75,,,,,,,
JR장전2,2009-09-27,20.76,,,,,,,
JR장전2,2009-09-28,20.74,,,,,,,
JR장전2,2009-09-29,20.71,,,,,,,
JR장전2,2009-09-30,20.71,,,,,,,
JR장전2,2009-10-01,20.75,,,,,,,
JR장전2,2009-10-02,20.77,,,,,,,
JR장전2,2009-10-03,20.71,,,,,,,
JR장전2,2009-10-04,20.7,,,,,,,
JR장전2,2009-10-05,20.71,,,,,,,
JR장전2,2009-10-06,20.72,,,,,,,
JR장전2,2009-10-07,20.77,,,,,,,
JR장전2,2009-10-08,20.75,,,,,,,
JR장전2,2009-10-09,20.73,,,,,,,
JR장전2,2009-10-10,20.7,,,,,,,
JR장전2,2009-10-11,20.7,,,,,,,
JR장전2,2009-10-12,20.74,,,,,,,
JR장전2,2009-10-13,20.75,,,,,,,
JR장전2,2009-10-14,20.74,,,,,,,
JR장전2,2009-10-15,20.73,,,,,,,
JR장전2,2009-10-16,20.78,,,,,,,
JR장전2,2009-10-17,20.81,,,,,,,
JR장전2,2009-10-18,20.77,,,,,,,
JR장전2,2009-10-19,20.75,,,,,,,
JR장전2,2009-10-20,20.69,,,,,,,
JR장전2,2009-10-21,20.69,,,,,,,
JR장전2,2009-10-22,20.71,,,,,,,
JR장전2,2009-10-23,20.73,,,,,,,
JR장전2,2009-10-24,20.73,,,,,,,
JR장전2,2009-10-25,20.73,,,,,,,
JR장전2,2009-10-26,20.72,,,,,,,
JR장전2,2009-10-27,20.69,,,,,,,
JR장전2,2009-10-28,20.67,,,,,,,
JR장전2,2009-10-29,20.68,,,,,,,
JR장전2,2009-10-30,20.68,,,,,,,
JR장전2,2009-10-31,20.71,,,,,,,
JR장전2,2009-11-01,20.7,,,,,,,
JR장전2,2009-11-02,20.61,,,,,,,
JR장전2,2009-11-03,20.59,,,,,,,
JR장전2,2009-11-04,20.64,,,,,,,
JR장전2,2009-11-05,20.69,,,,,,,
JR장전2,2009-11-06,20.72,,,,,,,
JR장전2,2009-11-07,20.7,,,,,,,
JR장전2,2009-11-08,20.72,,,,,,,
JR장전2,2009-11-09,20.72,,,,,,,
JR장전2,2009-11-10,20.76,,,,,,,
JR장전2,2009-11-11,20.65,,,,,,,
JR장전2,2009-11-12,20.61,,,,,,,
JR장전2,2009-11-13,20.72,,,,,,,
JR장전2,2009-11-14,20.67,,,,,,,
JR장전2,2009-11-15,20.61,,,,,,,
JR장전2,2009-11-16,20.61,,,,,,,
JR장전2,2009-11-17,20.64,,,,,,,
JR장전2,2009-11-18,20.63,,,,,,,
JR장전2,2009-11-19,20.62,,,,,,,
JR장전2,2009-11-20,20.64,,,,,,,
JR장전2,2009-11-21,20.66,,,,,,,
JR장전2,2009-11-22,20.68,,,,,,,
JR장전2,2009-11-23,20.67,,,,,,,
JR장전2,2009-11-24,20.71,,,,,,,
JR장전2,2009-11-25,20.7,,,,,,,
JR장전2,2009-11-26,20.67,,,,,,,
JR장전2,2009-11-27,20.66,,,,,,,
JR장전2,2009-11-28,20.66,,,,,,,
JR장전2,2009-11-29,20.67,,,,,,,
JR장전2,2009-11-30,20.66,,,,,,,
JR장전2,2009-12-01,20.65,,,,,,,
JR장전2,2009-12-02,20.67,,,,,,,
JR장전2,2009-12-03,20.69,,,,,,,
JR장전2,2009-12-04,20.69,,,,,,,
JR장전2,2009-12-05,20.69,,,,,,,
JR장전2,2009-12-06,20.63,,,,,,,
JR장전2,2009-12-07,20.62,,,,,,,
JR장전2,2009-12-08,20.66,,,,,,,
JR장전2,2009-12-09,20.71,,,,,,,
JR장전2,2009-12-10,20.72,,,,,,,
JR장전2,2009-12-11,20.68,,,,,,,
JR장전2,2009-12-12,20.65,,,,,,,
JR장전2,2009-12-13,20.66,,,,,,,
JR장전2,2009-12-14,20.61,,,,,,,
JR장전2,2009-12-15,20.63,,,,,,,
JR장전2,2009-12-16,20.64,,,,,,,
JR장전2,2009-12-17,20.67,,,,,,,
JR장전2,2009-12-18,20.65,,,,,,,
JR장전2,2009-12-19,20.64,,,,,,,
JR장전2,2009-12-20,20.68,,,,,,,
JR장전2,2009-12-21,20.64,,,,,,,
JR장전2,2009-12-22,20.67,,,,,,,
JR장전2,2009-12-23,20.69,,,,,,,
JR장전2,2009-12-24,20.69,,,,,,,
JR장전2,2009-12-25,20.69,,,,,,,
JR장전2,2009-12-26,20.65,,,,,,,
JR장전2,2009-12-27,20.67,,,,,,,
JR장전2,2009-12-28,20.66,,,,,,,
JR장전2,2009-12-29,20.69,,,,,,,
JR장전2,2009-12-30,20.67,,,,,,,
JR장전2,2009-12-31,20.64,,,,,,,
JR장전2,2010-01-01,20.66,,,,,,,
JR장전2,2010-01-02,20.69,,,,,,,
JR장전2,2010-01-03,20.65,,,,,,,
JR장전2,2010-01-04,20.71,,,,,,,
JR장전2,2010-01-05,20.62,,,,,,,
JR장전2,2010-01-06,20.62,,,,,,,
JR장전2,2010-01-07,20.63,,,,,,,
JR장전2,2010-01-08,20.65,,,,,,,
JR장전2,2010-01-09,20.64,,,,,,,
JR장전2,2010-01-10,20.64,,,,,,,
JR장전2,2010-01-11,20.66,,,,,,,
JR장전2,2010-01-12,20.68,,,,,,,
JR장전2,2010-01-13,20.65,,,,,,,
JR장전2,2010-01-14,20.62,,,,,,,
JR장전2,2010-01-15,20.61,,,,,,,
JR장전2,2010-01-16,20.6,,,,,,,
JR장전2,2010-01-17,20.62,,,,,,,
JR장전2,2010-01-18,20.65,,,,,,,
JR장전2,2010-01-19,20.67,,,,,,,
JR장전2,2010-01-20,20.73,,,,,,,
JR장전2,2010-01-21,20.66,,,,,,,
JR장전2,2010-01-22,20.63,,,,,,,
JR장전2,2010-01-23,20.64,,,,,,,
JR장전2,2010-01-24,20.67,,,,,,,
JR장전2,2010-01-25,20.65,,,,,,,
JR장전2,2010-01-26,20.61,,,,,,,
JR장전2,2010-01-27,20.72,,,,,,,
JR장전2,2010-01-28,20.68,,,,,,,
JR장전2,2010-01-29,20.63,,,,,,,
JR장전2,2010-01-30,20.67,,,,,,,
JR장전2,2010-01-31,20.69,,,,,,,
JR장전2,2010-02-01,20.69,,,,,,,
JR장전2,2010-02-02,20.62,,,,,,,
JR장전2,2010-02-03,20.61,,,,,,,
JR장전2,2010-02-04,20.62,,,,,,,
JR장전2,2010-02-05,20.63,,,,,,,
JR장전2,2010-02-06,20.62,,,,,,,
JR장전2,2010-02-07,20.66,,,,,,,
JR장전2,2010-02-08,20.7,,,,,,,
JR장전2,2010-02-09,20.71,,,,,,,
JR장전2,2010-02-10,20.69,,,,,,,
JR장전2,2010-02-11,20.68,,,,,,,
JR장전2,2010-02-12,20.58,,,,,,,
JR장전2,2010-02-13,20.58,,,,,,,
JR장전2,2010-02-14,20.62,,,,,,,
JR장전2,2010-02-15,20.64,,,,,,,
JR장전2,2010-02-16,20.61,,,,,,,
JR장전2,2010-02-17,20.63,,,,,,,
JR장전2,2010-02-18,20.64,,,,,,,
JR장전2,2010-02-19,20.65,,,,,,,
JR장전2,2010-02-20,20.65,,,,,,,
JR장전2,2010-02-21,20.65,,,,,,,
JR장전2,2010-02-22,20.66,,,,,,,
JR장전2,2010-02-23,20.67,,,,,,,
JR장전2,2010-02-24,20.68,,,,,,,
JR장전2,2010-02-25,20.7,,,,,,,
JR장전2,2010-02-26,20.67,,,,,,,
JR장전2,2010-02-27,20.62,,,,,,,
JR장전2,2010-02-28,20.58,,,,,,,
JR장전2,2010-03-01,20.67,,,,,,,
JR장전2,2010-03-02,20.61,,,,,,,
JR장전2,2010-03-03,20.59,,,,,,,
JR장전2,2010-03-04,20.67,,,,,,,
JR장전2,2010-03-05,20.61,,,,,,,
JR장전2,2010-03-06,20.6,,,,,,,
JR장전2,2010-03-07,20.56,,,,,,,
JR장전2,2010-03-08,20.56,,,,,,,
JR장전2,2010-03-09,20.62,,,,,,,
JR장전2,2010-03-10,20.62,,,,,,,
JR장전2,2010-03-11,20.6,,,,,,,
JR장전2,2010-03-12,20.67,,,,,,,
JR장전2,2010-03-13,20.63,,,,,,,
JR장전2,2010-03-14,20.67,,,,,,,
JR장전2,2010-03-15,20.74,,,,,,,
JR장전2,2010-03-16,20.62,,,,,,,
JR장전2,2010-03-17,20.64,,,,,,,
JR장전2,2010-03-18,20.69,,,,,,,
JR장전2,2010-03-19,20.74,,,,,,,
JR장전2,2010-03-20,20.78,,,,,,,
JR장전2,2010-03-21,20.65,,,,,,,
JR장전2,2010-03-22,20.68,,,,,,,
JR장전2,2010-03-23,20.7,,,,,,,
JR장전2,2010-03-24,20.68,,,,,,,
JR장전2,2010-03-25,20.66,,,,,,,
JR장전2,2010-03-26,20.6,,,,,,,
JR장전2,2010-03-27,20.62,,,,,,,
JR장전2,2010-03-28,20.65,,,,,,,
JR장전2,2010-03-29,20.64,,,,,,,
JR장전2,2010-03-30,20.67,,,,,,,
JR장전2,2010-03-31,20.76,,,,,,,
JR장전2,2010-04-01,20.78,,,,,,,
JR장전2,2010-04-02,20.67,,,,,,,
JR장전2,2010-04-03,20.64,,,,,,,
JR장전2,2010-04-04,20.71,,,,,,,
JR장전2,2010-04-05,20.74,,,,,,,
JR장전2,2010-04-06,20.7,,,,,,,
JR장전2,2010-04-07,20.66,,,,,,,
JR장전2,2010-04-08,20.68,,,,,,,
JR장전2,2010-04-09,20.74,,,,,,,
JR장전2,2010-04-10,20.75,,,,,,,
JR장전2,2010-04-11,20.74,,,,,,,
JR장전2,2010-04-12,20.77,,,,,,,
JR장전2,2010-04-13,20.64,,,,,,,
JR장전2,2010-04-14,20.63,,,,,,,
JR장전2,2010-04-15,20.68,,,,,,,
JR장전2,2010-04-16,20.69,,,,,,,
JR장전2,2010-04-17,20.67,,,,,,,
JR장전2,2010-04-18,20.7,,,,,,,
JR장전2,2010-04-19,20.79,,,,,,,
JR장전2,2010-04-20,20.77,,,,,,,
JR장전2,2010-04-21,20.76,,,,,,,
JR장전2,2010-04-22,20.76,,,,,,,
JR장전2,2010-04-23,20.68,,,,,,,
JR장전2,2010-04-24,20.65,,,,,,,
JR장전2,2010-04-25,20.67,,,,,,,
JR장전2,2010-04-26,20.74,,,,,,,
JR장전2,2010-04-27,20.76,,,,,,,
JR장전2,2010-04-28,20.75,,,,,,,
JR장전2,2010-04-29,20.69,,,,,,,
JR장전2,2010-04-30,20.7,,,,,,,
JR장전2,2010-05-01,20.69,,,,,,,
JR장전2,2010-05-02,20.72,,,,,,,
JR장전2,2010-05-03,20.71,,,,,,,
JR장전2,2010-05-04,20.73,,,,,,,
JR장전2,2010-05-05,20.76,,,,,,,
JR장전2,2010-05-06,20.76,,,,,,,
JR장전2,2010-05-07,20.72,,,,,,,
JR장전2,2010-05-08,20.72,,,,,,,
JR장전2,2010-05-09,20.73,,,,,,,
JR장전2,2010-05-10,20.73,,,,,,,
JR장전2,2010-05-11,20.68,,,,,,,
JR장전2,2010-05-12,20.67,,,,,,,
JR장전2,2010-05-13,20.68,,,,,,,
JR장전2,2010-05-14,20.67,,,,,,,
JR장전2,2010-05-15,20.68,,,,,,,
JR장전2,2010-05-16,20.67,,,,,,,
JR장전2,2010-05-17,20.71,,,,,,,
JR장전2,2010-05-18,20.77,,,,,,,
JR장전2,2010-05-19,20.73,,,,,,,
JR장전2,2010-05-20,20.68,,,,,,,
JR장전2,2010-05-21,20.69,,,,,,,
JR장전2,2010-05-22,20.77,,,,,,,
JR장전2,2010-05-23,20.81,,,,,,,
JR장전2,2010-05-24,20.73,,,,,,,
JR장전2,2010-05-25,20.68,,,,,,,
JR장전2,2010-05-26,20.65,,,,,,,
JR장전2,2010-05-27,20.62,,,,,,,
JR장전2,2010-05-28,20.65,,,,,,,
JR장전2,2010-05-29,20.69,,,,,,,
JR장전2,2010-05-30,20.68,,,,,,,
JR장전2,2010-05-31,20.66,,,,,,,
JR장전2,2010-06-01,20.64,,,,,,,
JR장전2,2010-06-02,20.63,,,,,,,
JR장전2,2010-06-03,20.62,,,,,,,
JR장전2,2010-06-04,20.65,,,,,,,
JR장전2,2010-06-05,20.67,,,,,,,
JR장전2,2010-06-06,20.67,,,,,,,
JR장전2,2010-06-07,20.65,,,,,,,
JR장전2,2010-06-08,20.65,,,,,,,
JR장전2,2010-06-09,20.66,,,,,,,
JR장전2,2010-06-10,20.65,,,,,,,
JR장전2,2010-06-11,20.67,,,,,,,
JR장전2,2010-06-12,20.7,,,,,,,
JR장전2,2010-06-13,20.68,,,,,,,
JR장전2,2010-06-14,20.67,,,,,,,
JR장전2,2010-06-15,20.68,,,,,,,
JR장전2,2010-06-16,20.66,,,,,,,
JR장전2,2010-06-17,20.68,,,,,,,
JR장전2,2010-06-18,20.7,,,,,,,
JR장전2,2010-06-19,20.66,,,,,,,
JR장전2,2010-06-20,20.66,,,,,,,
JR장전2,2010-06-21,20.64,,,,,,,
JR장전2,2010-06-22,20.63,,,,,,,
JR장전2,2010-06-23,20.63,,,,,,,
JR장전2,2010-06-24,20.63,,,,,,,
JR장전2,2010-06-25,20.65,,,,,,,
JR장전2,2010-06-26,20.66,,,,,,,
JR장전2,2010-06-27,20.61,,,,,,,
JR장전2,2010-06-28,20.63,,,,,,,
JR장전2,2010-06-29,20.62,,,,,,,
JR장전2,2010-06-30,20.63,,,,,,,
JR장전2,2010-07-01,20.64,,,,,,,
JR장전2,2010-07-02,20.66,,,,,,,
JR장전2,2010-07-03,20.67,,,,,,,
JR장전2,2010-07-04,20.67,,,,,,,
JR장전2,2010-07-05,20.67,,,,,,,
JR장전2,2010-07-06,20.66,,,,,,,
JR장전2,2010-07-07,20.65,,,,,,,
JR장전2,2010-07-08,20.65,,,,,,,
JR장전2,2010-07-09,20.68,,,,,,,
JR장전2,2010-07-10,20.69,,,,,,,
JR장전2,2010-07-11,20.73,,,,,,,
JR장전2,2010-07-12,20.68,,,,,,,
JR장전2,2010-07-13,20.71,,,,,,,
JR장전2,2010-07-14,20.7,,,,,,,
JR장전2,2010-07-15,20.72,,,,,,,
JR장전2,2010-07-16,20.76,,,,,,,
JR장전2,2010-07-17,20.75,,,,,,,
JR장전2,2010-07-18,20.76,,,,,,,
JR장전2,2010-07-19,20.78,,,,,,,
JR장전2,2010-07-20,20.83,,,,,,,
JR장전2,2010-07-21,20.84,,,,,,,
JR장전2,2010-07-22,20.84,,,,,,,
JR장전2,2010-07-23,20.85,,,,,,,
JR장전2,2010-07-24,20.85,,,,,,,
JR장전2,2010-07-25,20.85,,,,,,,
JR장전2,2010-07-26,20.86,,,,,,,
JR장전2,2010-07-27,20.9,,,,,,,
JR장전2,2010-07-28,20.97,,,,,,,
JR장전2,2010-07-29,20.94,,,,,,,
JR장전2,2010-07-30,20.89,,,,,,,
JR장전2,2010-07-31,20.88,,,,,,,
JR장전2,2010-08-01,20.88,,,,,,,
JR장전2,2010-08-02,20.89,,,,,,,
JR장전2,2010-08-03,20.91,,,,,,,
JR장전2,2010-08-04,20.89,,,,,,,
JR장전2,2010-08-05,20.87,,,,,,,
JR장전2,2010-08-06,20.87,,,,,,,
JR장전2,2010-08-07,20.9,,,,,,,
JR장전2,2010-08-08,20.94,,,,,,,
JR장전2,2010-08-09,20.95,,,,,,,
JR장전2,2010-08-10,20.94,,,,,,,
JR장전2,2010-08-11,20.97,,,,,,,
JR장전2,2010-08-12,20.93,,,,,,,
JR장전2,2010-08-13,20.98,,,,,,,
JR장전2,2010-08-14,20.99,,,,,,,
JR장전2,2010-08-15,20.99,,,,,,,
JR장전2,2010-08-16,20.99,,,,,,,
JR장전2,2010-08-17,21.01,,,,,,,
JR장전2,2010-08-18,20.99,,,,,,,
JR장전2,2010-08-19,20.98,,,,,,,
JR장전2,2010-08-20,21.02,,,,,,,
JR장전2,2010-08-21,21.06,,,,,,,
JR장전2,2010-08-22,21.06,,,,,,,
JR장전2,2010-08-23,21.07,,,,,,,
JR장전2,2010-08-24,21.07,,,,,,,
JR장전2,2010-08-25,21.07,,,,,,,
JR장전2,2010-08-26,21.06,,,,,,,
JR장전2,2010-08-27,21.04,,,,,,,
JR장전2,2010-08-28,21.1,,,,,,,
JR장전2,2010-08-29,21.07,,,,,,,
JR장전2,2010-08-30,21.12,,,,,,,
JR장전2,2014-08-04,21.26,,,,,,,
JR장전2,2014-08-05,21.42,,,,,,,
JR장전2,2014-08-06,21.54,,,,,,,
JR장전2,2014-08-21,21.85,,,,,,,
JR장전2,2014-08-28,21.59,,,,,,,
JR장전2,2014-08-29,21.58,,,,,,,
JR장전2,2014-08-30,21.57,,,,,,,
JR장전2,2014-08-31,21.56,,,,,,,
JR장전2,2014-09-01,21.53,,,,,,,
JR장전2,2014-09-02,21.49,,,,,,,
JR장전2,2014-09-03,21.47,,,,,,,
JR장전2,2014-09-04,21.45,,,,,,,
JR장전2,2014-09-05,21.45,,,,,,,
JR장전2,2014-09-06,21.45,,,,,,,
JR장전2,2014-09-07,21.44,,,,,,,
JR장전2,2014-09-08,21.43,,,,,,,
JR장전2,2014-09-09,21.43,,,,,,,
JR장전2,2014-09-10,21.42,,,,,,,
JR장전2,2014-09-11,21.41,,,,,,,
JR장전2,2014-09-12,21.42,,,,,,,
JR장전2,2014-09-13,21.41,,,,,,,
JR장전2,2014-09-14,21.41,,,,,,,
JR장전2,2014-09-15,21.41,,,,,,,
JR장전2,2014-09-16,21.4,,,,,,,
JR장전2,2014-09-17,21.4,,,,,,,
JR장전2,2014-09-18,21.4,,,,,,,
JR장전2,2014-09-19,21.39,,,,,,,
JR장전2,2014-09-20,21.38,,,,,,,
JR장전2,2014-09-21,21.38,,,,,,,
JR장전2,2014-09-22,21.37,,,,,,,
JR장전2,2014-09-23,21.37,,,,,,,
JR장전2,2014-09-24,21.36,,,,,,,
JR장전2,2014-09-25,21.35,,,,,,,
JR장전2,2014-09-26,21.35,,,,,,,
JR장전2,2014-09-27,21.35,,,,,,,
JR장전2,2014-09-28,21.35,,,,,,,
JR장전2,2014-09-29,21.34,,,,,,,
JR장전2,2014-09-30,21.34,,,,,,,
JR장전2,2014-10-01,21.34,,,,,,,
JR장전2,2014-10-02,21.34,,,,,,,
JR장전2,2014-10-03,21.33,,,,,,,
JR장전2,2014-10-04,21.33,,,,,,,
JR장전2,2014-10-05,21.32,,,,,,,
JR장전2,2014-10-06,21.31,,,,,,,
JR장전2,2014-10-07,21.3,,,,,,,
JR장전2,2014-10-08,21.31,,,,,,,
JR장전2,2014-10-09,21.31,,,,,,,
JR장전2,2014-10-10,21.31,,,,,,,
JR장전2,2014-10-11,21.3,,,,,,,
JR장전2,2014-10-12,21.3,,,,,,,
JR장전2,2014-10-13,21.29,,,,,,,
JR장전2,2014-10-14,21.28,,,,,,,
JR장전2,2014-10-15,21.29,,,,,,,
JR장전2,2014-10-16,21.29,,,,,,,
JR장전2,2014-10-17,21.3,,,,,,,
JR장전2,2014-10-18,21.31,,,,,,,
JR장전2,2014-10-19,21.31,,,,,,,
JR장전2,2014-10-20,21.31,,,,,,,
JR장전2,2014-10-21,21.31,,,,,,,
JR장전2,2014-10-22,21.3,,,,,,,
JR장전2,2014-10-23,21.3,,,,,,,
JR장전2,2014-10-24,21.31,,,,,,,
JR장전2,2014-10-25,21.31,,,,,,,
JR장전2,2014-10-26,21.32,,,,,,,
JR장전2,2014-10-27,21.31,,,,,,,
JR장전2,2014-10-28,21.31,,,,,,,
JR장전2,2014-10-29,21.31,,,,,,,
JR장전2,2014-10-30,21.31,,,,,,,
JR장전2,2014-10-31,21.31,,,,,,,
JR장전2,2014-11-01,21.29,,,,,,,
JR장전2,2014-11-02,21.28,,,,,,,
JR장전2,2014-11-03,21.27,,,,,,,
JR장전2,2014-11-04,21.28,,,,,,,
JR장전2,2014-11-05,21.29,,,,,,,
JR장전2,2014-11-06,21.28,,,,,,,
JR장전2,2014-11-07,21.28,,,,,,,
JR장전2,2014-11-08,21.28,,,,,,,
JR장전2,2014-11-09,21.28,,,,,,,
JR장전2,2014-11-10,21.28,,,,,,,
JR장전2,2014-11-11,21.27,,,,,,,
JR장전2,2014-11-12,21.26,,,,,,,
JR장전2,2014-11-13,21.25,,,,,,,
JR장전2,2014-11-14,21.25,,,,,,,
JR장전2,2014-11-15,21.26,,,,,,,
JR장전2,2014-11-16,21.26,,,,,,,
JR장전2,2014-11-17,21.25,,,,,,,
JR장전2,2014-11-18,21.25,,,,,,,
JR장전2,2014-11-19,21.25,,,,,,,
JR장전2,2014-11-20,21.25,,,,,,,
JR장전2,2014-11-21,21.24,,,,,,,
JR장전2,2014-11-22,21.23,,,,,,,
JR장전2,2014-11-23,21.23,,,,,,,
JR장전2,2014-11-24,21.22,,,,,,,
JR장전2,2014-11-25,21.21,,,,,,,
JR장전2,2014-11-26,21.19,,,,,,,
JR장전2,2014-11-27,21.19,,,,,,,
JR장전2,2014-11-28,21.2,,,,,,,
JR장전2,2014-11-29,21.19,,,,,,,
JR장전2,2014-11-30,21.19,,,,,,,
JR장전2,2014-12-01,21.18,,,,,,,
JR장전2,2014-12-02,21.18,,,,,,,
JR장전2,2014-12-03,21.19,,,,,,,
JR장전2,2014-12-04,21.2,,,,,,,
JR장전2,2014-12-05,21.2,,,,,,,
JR장전2,2014-12-06,21.2,,,,,,,
JR장전2,2014-12-07,21.21,,,,,,,
JR장전2,2014-12-08,21.21,,,,,,,
JR장전2,2014-12-09,21.23,,,,,,,
JR장전2,2014-12-10,21.25,,,,,,,
JR장전2,2014-12-11,21.25,,,,,,,
JR장전2,2014-12-12,21.25,,,,,,,
JR장전2,2014-12-13,21.25,,,,,,,
JR장전2,2014-12-14,21.26,,,,,,,
JR장전2,2014-12-15,21.27,,,,,,,
JR장전2,2014-12-16,21.27,,,,,,,
JR장전2,2014-12-17,21.26,,,,,,,
JR장전2,2014-12-18,21.27,,,,,,,
JR장전2,2014-12-19,21.29,,,,,,,
JR장전2,2014-12-20,21.29,,,,,,,
JR장전2,2014-12-21,21.28,,,,,,,
JR장전2,2014-12-22,21.27,,,,,,,
JR장전2,2014-12-23,21.27,,,,,,,
JR장전2,2014-12-24,21.27,,,,,,,
JR장전2,2014-12-25,21.26,,,,,,,
JR장전2,2014-12-26,21.26,,,,,,,
JR장전2,2014-12-27,21.27,,,,,,,
JR장전2,2014-12-28,21.27,,,,,,,
JR장전2,2014-12-29,21.26,,,,,,,
JR장전2,2014-12-30,21.24,,,,,,,
JR장전2,2014-12-31,21.24,,,,,,,
JR장전2,2015-01-01,21.23,,,,,,,
JR장전2,2015-01-02,21.24,,,,,,,
JR장전2,2015-01-03,21.25,,,,,,,
JR장전2,2015-01-04,21.24,,,,,,,
JR장전2,2015-01-05,21.23,,,,,,,
JR장전2,2015-01-06,21.22,,,,,,,
JR장전2,2015-01-07,21.22,,,,,,,
JR장전2,2015-01-08,21.22,,,,,,,
JR장전2,2015-01-09,21.23,,,,,,,
JR장전2,2015-01-10,21.23,,,,,,,
JR장전2,2015-01-11,21.23,,,,,,,
JR장전2,2015-01-12,21.23,,,,,,,
JR장전2,2015-01-13,21.24,,,,,,,
JR장전2,2015-01-26,21.3,,,,,,,
JR장전2,2015-01-27,21.3,,,,,,,
JR장전2,2015-01-28,21.3,,,,,,,
JR장전2,2015-01-29,21.3,,,,,,,
JR장전2,2015-01-30,21.3,,,,,,,
JR장전2,2015-01-31,21.3,,,,,,,
JR장전2,2015-02-01,21.31,,,,,,,
JR장전2,2015-02-02,21.32,,,,,,,
JR장전2,2015-02-03,21.32,,,,,,,
JR장전2,2015-02-04,21.31,,,,,,,
JR장전2,2015-02-05,21.29,,,,,,,
JR장전2,2015-02-06,21.3,,,,,,,
JR장전2,2015-02-07,21.3,,,,,,,
JR장전2,2015-02-08,21.3,,,,,,,
JR장전2,2015-02-09,21.3,,,,,,,
JR장전2,2015-02-10,21.31,,,,,,,
JR장전2,2015-02-11,21.3,,,,,,,
JR장전2,2015-02-12,21.29,,,,,,,
JR장전2,2015-02-13,21.28,,,,,,,
JR장전2,2015-02-14,21.29,,,,,,,
JR장전2,2015-02-15,21.29,,,,,,,
JR장전2,2015-02-16,21.29,,,,,,,
JR장전2,2015-02-17,21.28,,,,,,,
JR장전2,2015-02-18,21.28,,,,,,,
JR장전2,2015-02-19,21.28,,,,,,,
JR장전2,2015-02-20,21.29,,,,,,,
JR장전2,2015-02-21,21.29,,,,,,,
JR장전2,2015-02-22,21.27,,,,,,,
JR장전2,2015-02-23,21.27,,,,,,,
JR장전2,2015-02-24,21.27,,,,,,,
JR장전2,2015-02-25,21.27,,,,,,,
JR장전2,2015-02-26,21.27,,,,,,,
JR장전2,2015-02-27,21.27,,,,,,,
JR장전2,2015-02-28,21.28,,,,,,,
JR장전2,2015-03-01,21.28,,,,,,,
JR장전2,2015-03-02,21.27,,,,,,,
JR장전2,2015-03-03,21.27,,,,,,,
JR장전2,2015-03-04,21.26,,,,,,,
JR장전2,2015-03-05,21.27,,,,,,,
JR장전2,2015-03-06,21.27,,,,,,,
JR장전2,2015-03-07,21.27,,,,,,,
JR장전2,2015-03-08,21.27,,,,,,,
JR장전2,2015-03-09,21.26,,,,,,,
JR장전2,2015-03-10,21.25,,,,,,,
JR장전2,2015-03-11,21.26,,,,,,,
JR장전2,2015-03-12,21.26,,,,,,,
JR장전2,2015-03-13,21.26,,,,,,,
JR장전2,2015-03-14,21.26,,,,,,,
JR장전2,2015-03-15,21.26,,,,,,,
JR장전2,2015-03-16,21.25,,,,,,,
JR장전2,2015-03-17,21.25,,,,,,,
JR장전2,2015-03-18,21.24,,,,,,,
JR장전2,2015-03-19,21.22,,,,,,,
JR장전2,2015-03-20,21.23,,,,,,,
JR장전2,2015-03-21,21.24,,,,,,,
JR장전2,2015-03-22,21.24,,,,,,,
JR장전2,2015-03-23,21.25,,,,,,,
JR장전2,2015-03-24,21.26,,,,,,,
JR장전2,2015-03-25,21.27,,,,,,,
JR장전2,2015-03-26,21.29,,,,,,,
JR장전2,2015-03-27,21.3,,,,,,,
JR장전2,2015-03-28,21.3,,,,,,,
JR장전2,2015-03-29,21.29,,,,,,,
JR장전2,2015-03-30,21.29,,,,,,,
JR장전2,2015-03-31,21.28,,,,,,,
JR장전2,2015-04-01,21.28,,,,,,,
JR장전2,2015-04-02,21.28,,,,,,,
JR장전2,2015-04-03,21.26,,,,,,,
JR장전2,2015-04-04,21.26,,,,,,,
JR장전2,2015-04-05,21.26,,,,,,,
JR장전2,2015-04-06,21.26,,,,,,,
JR장전2,2015-04-07,21.27,,,,,,,
JR장전2,2015-04-08,21.28,,,,,,,
JR장전2,2015-04-09,21.28,,,,,,,
JR장전2,2015-04-10,21.28,,,,,,,
JR장전2,2015-04-11,21.28,,,,,,,
JR장전2,2015-04-12,21.29,,,,,,,
JR장전2,2015-04-13,21.29,,,,,,,
JR장전2,2015-04-14,21.28,,,,,,,
JR장전2,2015-04-15,21.28,,,,,,,
JR장전2,2015-04-16,21.28,,,,,,,
JR장전2,2015-04-17,21.28,,,,,,,
JR장전2,2015-04-18,21.3,,,,,,,
JR장전2,2015-04-19,21.3,,,,,,,
JR장전2,2015-04-20,21.28,,,,,,,
JR장전2,2015-04-21,21.28,,,,,,,
JR장전2,2015-04-22,21.29,,,,,,,
JR장전2,2015-04-23,21.31,,,,,,,
JR장전2,2015-04-24,21.31,,,,,,,
JR장전2,2015-04-25,21.3,,,,,,,
JR장전2,2015-04-26,21.27,,,,,,,
JR장전2,2015-04-27,21.28,,,,,,,
JR장전2,2015-04-28,21.27,,,,,,,
JR장전2,2015-04-29,21.26,,,,,,,
JR장전2,2015-04-30,21.26,,,,,,,
JR장전2,2015-05-01,21.27,,,,,,,
JR장전2,2015-05-02,21.28,,,,,,,
JR장전2,2015-05-03,21.27,,,,,,,
JR장전2,2015-05-04,21.27,,,,,,,
JR장전2,2015-05-05,21.27,,,,,,,
JR장전2,2015-05-06,21.28,,,,,,,
JR장전2,2015-05-07,21.28,,,,,,,
JR장전2,2015-05-08,21.28,,,,,,,
JR장전2,2015-05-09,21.28,,,,,,,
JR장전2,2015-05-10,21.29,,,,,,,
JR장전2,2015-05-11,21.29,,,,,,,
JR장전2,2015-05-12,21.29,,,,,,,
JR장전2,2015-05-13,21.28,,,,,,,
JR장전2,2015-05-14,21.29,,,,,,,
JR장전2,2015-05-15,21.29,,,,,,,
JR장전2,2015-05-16,21.3,,,,,,,
JR장전2,2015-05-17,21.3,,,,,,,
JR장전2,2015-05-18,21.31,,,,,,,
JR장전2,2015-05-19,21.3,,,,,,,
JR장전2,2015-05-20,21.31,,,,,,,
JR장전2,2015-05-21,21.32,,,,,,,
JR장전2,2015-05-22,21.34,,,,,,,
JR장전2,2015-05-23,21.35,,,,,,,
JR장전2,2015-05-24,21.35,,,,,,,
JR장전2,2015-05-25,21.35,,,,,,,
JR장전2,2015-05-26,21.36,,,,,,,
JR장전2,2015-05-27,21.36,,,,,,,
JR장전2,2015-05-28,21.36,,,,,,,
JR장전2,2015-05-29,21.35,,,,,,,
JR장전2,2015-05-30,21.35,,,,,,,
JR장전2,2015-05-31,21.33,,,,,,,
JR장전2,2015-06-01,21.34,,,,,,,
JR장전2,2015-06-02,21.35,,,,,,,
JR장전2,2015-06-03,21.34,,,,,,,
JR장전2,2015-06-04,21.33,,,,,,,
JR장전2,2015-06-05,21.34,,,,,,,
JR장전2,2015-06-06,21.34,,,,,,,
JR장전2,2015-06-07,21.34,,,,,,,
JR장전2,2015-06-08,21.34,,,,,,,
JR장전2,2015-06-09,21.33,,,,,,,
JR장전2,2015-06-10,21.33,,,,,,,
JR장전2,2015-06-11,21.33,,,,,,,
JR장전2,2015-06-12,21.32,,,,,,,
JR장전2,2015-06-13,21.32,,,,,,,
JR장전2,2015-06-14,21.32,,,,,,,
JR장전2,2015-06-15,21.32,,,,,,,
JR장전2,2015-07-06,21.73,,,,,,,
JR장전2,2015-07-07,21.73,,,,,,,
JR장전2,2015-07-08,21.72,,,,,,,
JR장전2,2015-07-09,21.72,,,,,,,
JR장전2,2015-07-10,21.72,,,,,,,
JR장전2,2015-07-11,21.73,,,,,,,
JR장전2,2015-07-12,21.73,,,,,,,
JR장전2,2015-07-13,21.8,,,,,,,
JR장전2,2015-07-14,21.96,,,,,,,
JR장전2,2015-07-15,21.99,,,,,,,
JR장전2,2015-07-16,22.06,,,,,,,
JR장전2,2015-07-17,22.12,,,,,,,
JR장전2,2015-07-18,22.15,,,,,,,
JR장전2,2015-07-19,22.11,,,,,,,
JR장전2,2015-07-20,22.09,,,,,,,
JR장전2,2015-07-21,22.08,,,,,,,
JR장전2,2015-07-22,22.05,,,,,,,
JR장전2,2015-07-23,22.0,,,,,,,
JR장전2,2015-07-24,21.96,,,,,,,
JR장전2,2015-07-25,21.93,,,,,,,
JR장전2,2015-07-26,21.9,,,,,,,
JR장전2,2015-07-27,21.88,,,,,,,
JR장전2,2015-07-28,21.85,,,,,,,
JR장전2,2015-07-29,21.82,,,,,,,
JR장전2,2015-07-30,21.79,,,,,,,
JR장전2,2015-07-31,21.75,,,,,,,
JR장전2,2015-08-01,21.72,,,,,,,
JR장전2,2015-08-02,21.7,,,,,,,
JR장전2,2015-08-03,21.67,,,,,,,
JR장전2,2015-08-04,21.64,,,,,,,
JR장전2,2015-08-05,21.61,,,,,,,
JR장전2,2015-08-06,21.58,,,,,,,
JR장전2,2015-08-07,21.56,,,,,,,
JR장전2,2015-08-19,21.23,,,,,,,
JR장전2,2015-08-20,21.21,,,,,,,
JR장전2,2015-08-25,21.03,,,,,,,
JR장전2,2015-08-26,21.01,,,,,,,
JR장전2,2015-08-27,20.99,,,,,,,
JR장전2,2015-08-28,20.97,,,,,,,
JR장전2,2015-08-29,20.96,,,,,,,
JR장전2,2015-08-30,20.94,,,,,,,
JR장전2,2015-08-31,20.92,,,,,,,
JR장전2,2015-09-01,20.9,,,,,,,
JR장전2,2015-09-02,20.88,,,,,,,
JR장전2,2015-09-03,20.86,,,,,,,
JR장전2,2015-09-04,20.84,,,,,,,
JR장전2,2015-09-05,20.82,,,,,,,
JR장전2,2015-09-06,20.79,,,,,,,
JR장전2,2015-09-07,20.75,,,,,,,
JR장전2,2015-09-08,20.73,,,,,,,
JR장전2,2015-09-09,20.72,,,,,,,
JR장전2,2015-09-10,20.71,,,,,,,
JR장전2,2015-09-18,20.65,,,,,,,
JR장전2,2015-09-19,20.65,,,,,,,
JR장전2,2015-09-20,20.66,,,,,,,
JR장전2,2015-09-21,20.65,,,,,,,
JR장전2,2015-09-22,20.66,,,,,,,
JR장전2,2015-09-23,20.66,,,,,,,
JR장전2,2015-09-24,20.65,,,,,,,
JR장전2,2015-09-25,20.65,,,,,,,
JR장전2,2015-09-26,20.66,,,,,,,
JR장전2,2015-09-27,20.66,,,,,,,
JR장전2,2015-09-28,20.67,,,,,,,
JR장전2,2015-09-29,20.68,,,,,,,
JR장전2,2015-09-30,20.69,,,,,,,
JR장전2,2015-10-01,20.69,,,,,,,
JR장전2,2015-10-02,20.69,,,,,,,
JR장전2,2015-10-03,20.7,,,,,,,
JR장전2,2015-10-04,20.72,,,,,,,
JR장전2,2015-10-05,20.74,,,,,,,
JR장전2,2015-10-06,20.77,,,,,,,
JR장전2,2015-10-07,20.78,,,,,,,
JR장전2,2015-10-08,20.8,,,,,,,
JR장전2,2015-10-09,20.8,,,,,,,
JR장전2,2015-10-10,20.81,,,,,,,
JR장전2,2015-10-11,20.82,,,,,,,
JR장전2,2015-10-12,20.83,,,,,,,
JR장전2,2015-10-13,20.85,,,,,,,
JR장전2,2015-10-14,20.86,,,,,,,
JR장전2,2015-10-15,20.87,,,,,,,
JR장전2,2015-10-16,20.88,,,,,,,
JR장전2,2015-10-17,20.89,,,,,,,
JR장전2,2015-10-18,20.89,,,,,,,
JR장전2,2015-10-19,20.9,,,,,,,
JR장전2,2015-10-20,20.91,,,,,,,
JR장전2,2015-10-21,20.91,,,,,,,
JR장전2,2015-10-22,20.91,,,,,,,
JR장전2,2015-10-23,20.91,,,,,,,
JR장전2,2015-10-24,20.91,,,,,,,
JR장전2,2015-10-25,20.92,,,,,,,
JR장전2,2015-10-26,20.93,,,,,,,
JR장전2,2015-10-27,20.93,,,,,,,
JR장전2,2015-10-28,20.92,,,,,,,
JR장전2,2015-10-29,20.92,,,,,,,
JR장전2,2015-10-30,20.94,,,,,,,
JR장전2,2015-10-31,20.95,,,,,,,
JR장전2,2015-11-01,20.96,,,,,,,
JR장전2,2015-11-02,20.96,,,,,,,
JR장전2,2015-11-03,20.96,,,,,,,
JR장전2,2015-11-04,20.97,,,,,,,
JR장전2,2015-11-05,20.98,,,,,,,
JR장전2,2015-11-06,20.97,,,,,,,
JR장전2,2015-11-07,20.97,,,,,,,
JR장전2,2015-11-08,20.97,,,,,,,
JR장전2,2015-11-09,20.97,,,,,,,
JR장전2,2015-11-10,20.97,,,,,,,
JR장전2,2015-11-11,20.96,,,,,,,
JR장전2,2015-11-12,20.97,,,,,,,
JR장전2,2015-11-13,20.98,,,,,,,
JR장전2,2015-11-14,20.97,,,,,,,
JR장전2,2015-11-15,20.97,,,,,,,
JR장전2,2015-11-16,20.99,,,,,,,
JR장전2,2015-11-17,20.99,,,,,,,
JR장전2,2015-11-18,20.99,,,,,,,
JR장전2,2015-11-19,20.99,,,,,,,
JR장전2,2015-11-20,21.0,,,,,,,
JR장전2,2015-11-21,21.02,,,,,,,
JR장전2,2015-11-22,21.03,,,,,,,
JR장전2,2015-11-23,21.04,,,,,,,
JR장전2,2015-11-24,21.04,,,,,,,
JR장전2,2015-11-25,21.05,,,,,,,
JR장전2,2015-11-26,21.04,,,,,,,
JR장전2,2015-11-27,21.05,,,,,,,
JR장전2,2015-11-28,21.06,,,,,,,
JR장전2,2015-11-29,21.08,,,,,,,
JR장전2,2015-11-30,21.09,,,,,,,
JR장전2,2015-12-01,21.09,,,,,,,
JR장전2,2015-12-02,21.1,,,,,,,
JR장전2,2015-12-03,21.1,,,,,,,
JR장전2,2015-12-04,21.1,,,,,,,
JR장전2,2015-12-05,21.11,,,,,,,
JR장전2,2015-12-06,21.13,,,,,,,
JR장전2,2015-12-07,21.14,,,,,,,
JR장전2,2015-12-08,21.15,,,,,,,
JR장전2,2015-12-09,21.16,,,,,,,
JR장전2,2015-12-10,21.16,,,,,,,
JR장전2,2015-12-11,21.15,,,,,,,
JR장전2,2015-12-12,21.15,,,,,,,
JR장전2,2015-12-13,21.16,,,,,,,
JR장전2,2015-12-14,21.16,,,,,,,
JR장전2,2015-12-28,21.23,,,,,,,
JR장전2,2015-12-29,21.24,,,,,,,
JR장전2,2015-12-30,21.25,,,,,,,
JR장전2,2015-12-31,21.25,,,,,,,
JR장전2,2016-01-01,21.25,,,,,,,
JR장전2,2016-01-02,21.26,,,,,,,
JR장전2,2016-01-03,21.25,,,,,,,
JR장전2,2016-01-04,21.25,,,,,,,
JR장전2,2016-01-05,21.25,,,,,,,
JR장전2,2016-01-06,21.25,,,,,,,
JR장전2,2016-01-07,21.25,,,,,,,
JR장전2,2016-01-08,21.25,,,,,,,
JR장전2,2016-01-09,21.25,,,,,,,
JR장전2,2016-01-10,21.26,,,,,,,
JR장전2,2016-01-11,21.26,,,,,,,
JR장전2,2016-01-12,21.26,,,,,,,
JR장전2,2016-01-13,21.26,,,,,,,
JR장전2,2016-01-14,21.26,,,,,,,
JR장전2,2016-01-15,21.26,,,,,,,
JR장전2,2016-01-16,21.26,,,,,,,
JR장전2,2016-01-17,21.26,,,,,,,
JR장전2,2016-01-18,21.25,,,,,,,
JR장전2,2016-01-19,21.26,,,,,,,
JR장전2,2016-01-20,21.27,,,,,,,
JR장전2,2016-01-21,21.29,,,,,,,
JR장전2,2016-01-22,21.29,,,,,,,
JR장전2,2016-01-23,21.3,,,,,,,
JR장전2,2016-01-26,21.32,,,,,,,
JR장전2,2016-01-27,21.32,,,,,,,
JR장전2,2016-01-28,21.33,,,,,,,
JR장전2,2016-01-29,21.32,,,,,,,
JR장전2,2016-01-31,21.32,,,,,,,
JR장전2,2016-02-01,21.33,,,,,,,
JR장전2,2016-02-02,21.35,,,,,,,
JR장전2,2016-02-03,21.35,,,,,,,
JR장전2,2016-02-04,21.37,,,,,,,
JR장전2,2016-02-05,21.38,,,,,,,
JR장전2,2016-02-06,21.39,,,,,,,
JR장전2,2016-02-07,21.4,,,,,,,
JR장전2,2016-02-08,21.4,,,,,,,
JR장전2,2016-02-09,21.4,,,,,,,
JR장전2,2016-02-10,21.41,,,,,,,
JR장전2,2016-02-11,21.42,,,,,,,
JR장전2,2016-02-12,21.42,,,,,,,
JR장전2,2016-02-13,21.41,,,,,,,
JR장전2,2016-02-14,21.4,,,,,,,
JR장전2,2016-02-15,21.41,,,,,,,
JR장전2,2016-02-16,21.42,,,,,,,
JR장전2,2016-02-17,21.42,,,,,,,
JR장전2,2016-02-18,21.44,,,,,,,
JR장전2,2016-02-19,21.44,,,,,,,
JR장전2,2016-02-20,21.45,,,,,,,
JR장전2,2016-02-21,21.46,,,,,,,
JR장전2,2016-02-22,21.49,,,,,,,
JR장전2,2016-02-23,21.49,,,,,,,
JR장전2,2016-02-24,21.5,,,,,,,
JR장전2,2016-02-25,21.51,,,,,,,
JR장전2,2016-02-26,21.53,,,,,,,
JR장전2,2016-03-08,21.44,,,,,,,
JR장전2,2016-03-09,21.43,,,,,,,
JR장전2,2016-03-10,21.4,,,,,,,
JR장전2,2016-03-11,21.44,,,,,,,
JR장전2,2016-03-12,21.48,,,,,,,
JR장전2,2016-03-13,21.53,,,,,,,
JR장전2,2016-03-14,21.53,,,,,,,
JR장전2,2016-03-15,21.53,,,,,,,
JR장전2,2016-03-16,21.56,,,,,,,
JR장전2,2016-03-17,21.58,,,,,,,
JR장전2,2016-03-18,21.67,,,,,,,
JR장전2,2016-03-19,21.59,,,,,,,
JR장전2,2016-03-20,21.53,,,,,,,
JR장전2,2016-03-21,21.53,,,,,,,
JR장전2,2016-03-22,21.57,,,,,,,
JR장전2,2016-03-23,21.57,,,,,,,
JR장전2,2016-03-24,21.52,,,,,,,
JR장전2,2016-03-25,21.51,,,,,,,
JR장전2,2016-03-26,21.53,,,,,,,
JR장전2,2016-03-27,21.54,,,,,,,
JR장전2,2016-03-28,21.5,,,,,,,
JR장전2,2016-03-29,21.52,,,,,,,
JR장전2,2016-03-30,21.53,,,,,,,
JR장전2,2016-03-31,21.54,,,,,,,
JR장전2,2016-04-01,21.53,,,,,,,
JR장전2,2016-04-02,21.48,,,,,,,
JR장전2,2016-04-03,21.52,,,,,,,
JR장전2,2016-04-04,21.52,,,,,,,
JR장전2,2016-04-05,21.46,,,,,,,
JR장전2,2016-04-06,21.5,,,,,,,
JR장전2,2016-04-07,21.52,,,,,,,
JR장전2,2016-04-08,21.42,,,,,,,
JR장전2,2016-04-09,21.44,,,,,,,
JR장전2,2016-04-10,21.45,,,,,,,
JR장전2,2016-04-11,21.4,,,,,,,
JR장전2,2016-04-12,21.45,,,,,,,
JR장전2,2016-04-13,21.51,,,,,,,
JR장전2,2016-04-14,21.42,,,,,,,
JR장전2,2016-04-15,21.36,,,,,,,
JR장전2,2016-04-16,21.3,,,,,,,
JR장전2,2016-04-17,21.23,,,,,,,
JR장전2,2016-04-18,21.18,,,,,,,
JR장전2,2016-04-19,21.16,,,,,,,
JR장전2,2016-04-20,21.24,,,,,,,
JR장전2,2016-04-21,21.36,,,,,,,
JR장전2,2016-04-22,21.29,,,,,,,
JR장전2,2016-04-23,21.28,,,,,,,
JR장전2,2016-04-24,21.29,,,,,,,
JR장전2,2016-04-25,21.29,,,,,,,
JR장전2,2016-04-26,21.33,,,,,,,
JR장전2,2016-04-27,21.43,,,,,,,
JR장전2,2016-04-28,21.37,,,,,,,
JR장전2,2016-04-29,21.31,,,,,,,
JR장전2,2016-04-30,21.33,,,,,,,
JR장전2,2016-05-01,21.34,,,,,,,
JR장전2,2016-05-02,21.39,,,,,,,
JR장전2,2016-05-03,21.47,,,,,,,
JR장전2,2016-05-04,21.37,,,,,,,
JR장전2,2016-05-05,21.37,,,,,,,
JR장전2,2016-05-06,21.45,,,,,,,
JR장전2,2016-05-07,21.38,,,,,,,
JR장전2,2016-05-08,21.41,,,,,,,
JR장전2,2016-05-09,21.46,,,,,,,
JR장전2,2016-05-10,21.51,,,,,,,
JR장전2,2016-05-11,21.46,,,,,,,
JR장전2,2016-05-12,21.43,,,,,,,
JR장전2,2016-05-13,21.4,,,,,,,
JR장전2,2016-05-14,21.48,,,,,,,
JR장전2,2016-05-15,21.62,,,,,,,
JR장전2,2016-05-16,21.6,,,,,,,
JR장전2,2016-05-17,21.56,,,,,,,
JR장전2,2016-05-18,21.57,,,,,,,
JR장전2,2016-05-19,21.59,,,,,,,
JR장전2,2016-05-20,21.6,,,,,,,
JR장전2,2016-05-21,21.61,,,,,,,
JR장전2,2016-05-22,21.61,,,,,,,
JR장전2,2016-05-23,21.63,,,,,,,
JR장전2,2016-05-24,21.65,,,,,,,
JR장전2,2016-05-25,21.63,,,,,,,
JR장전2,2016-05-26,21.64,,,,,,,
JR장전2,2016-05-27,21.63,,,,,,,
JR장전2,2016-05-28,21.66,,,,,,,
JR장전2,2016-05-29,21.67,,,,,,,
JR장전2,2016-05-30,21.63,,,,,,,
JR장전2,2016-05-31,21.62,,,,,,,
JR장전2,2016-06-01,21.64,,,,,,,
JR장전2,2016-06-02,21.59,,,,,,,
JR장전2,2016-06-03,21.6,,,,,,,
JR장전2,2016-06-04,21.64,,,,,,,
JR장전2,2016-06-05,21.59,,,,,,,
JR장전2,2016-06-06,21.58,,,,,,,
JR장전2,2016-06-07,21.59,,,,,,,
JR장전2,2016-06-08,21.59,,,,,,,
JR장전2,2016-06-09,21.58,,,,,,,
JR장전2,2016-06-10,21.57,,,,,,,
JR장전2,2016-06-11,21.58,,,,,,,
JR장전2,2016-06-12,21.62,,,,,,,
JR장전2,2016-06-13,21.62,,,,,,,
JR장전2,2016-06-14,21.59,,,,,,,
JR장전2,2016-06-15,21.59,,,,,,,
JR장전2,2016-06-16,21.57,,,,,,,
JR장전2,2016-06-17,21.5,,,,,,,
JR장전2,2016-06-18,21.49,,,,,,,
JR장전2,2016-06-19,21.52,,,,,,,
JR장전2,2016-06-20,21.54,,,,,,,
JR장전2,2016-06-21,21.51,,,,,,,
JR장전2,2016-06-22,21.52,,,,,,,
JR장전2,2016-06-23,21.48,,,,,,,
JR장전2,2016-06-24,21.51,,,,,,,
JR장전2,2016-06-25,21.44,,,,,,,
JR장전2,2016-06-26,21.42,,,,,,,
JR장전2,2016-06-27,21.46,,,,,,,
JR장전2,2016-06-28,21.49,,,,,,,
JR장전2,2016-06-29,21.5,,,,,,,
JR장전2,2016-06-30,21.52,,,,,,,
JR장전2,2016-07-01,21.58,,,,,,,
JR장전2,2016-07-02,21.59,,,,,,,
JR장전2,2016-07-03,21.58,,,,,,,
JR장전2,2016-07-04,21.61,,,,,,,
JR장전2,2016-07-05,21.62,,,,,,,
JR장전2,2016-07-06,21.63,,,,,,,
JR장전2,2016-07-07,21.67,,,,,,,
JR장전2,2016-07-08,21.74,,,,,,,
JR장전2,2016-07-09,21.76,,,,,,,
JR장전2,2016-07-10,21.78,,,,,,,
JR장전2,2016-07-11,21.79,,,,,,,
JR장전2,2016-07-12,21.81,,,,,,,
JR장전2,2016-07-13,21.82,,,,,,,
JR장전2,2016-07-14,21.81,,,,,,,
JR장전2,2016-07-15,21.83,,,,,,,
JR장전2,2016-07-16,21.85,,,,,,,
JR장전2,2016-07-17,21.81,,,,,,,
JR장전2,2016-07-18,21.85,,,,,,,
JR장전2,2016-07-19,21.89,,,,,,,
JR장전2,2016-07-20,21.93,,,,,,,
JR장전2,2016-07-21,21.97,,,,,,,
JR장전2,2016-07-22,21.99,,,,,,,
JR장전2,2016-07-23,22.0,,,,,,,
JR장전2,2016-07-24,22.0,,,,,,,
JR장전2,2016-07-25,21.99,,,,,,,
JR장전2,2016-07-26,22.03,,,,,,,
JR장전2,2016-07-27,22.07,,,,,,,
JR장전2,2016-07-28,22.04,,,,,,,
JR장전2,2016-07-29,22.02,,,,,,,
JR장전2,2016-07-30,21.99,,,,,,,
JR장전2,2016-07-31,21.99,,,,,,,
JR장전2,2016-08-01,21.99,,,,,,,
JR장전2,2016-08-02,22.0,,,,,,,
JR장전2,2016-08-03,21.98,,,,,,,
JR장전2,2016-08-04,21.97,,,,,,,
JR장전2,2016-08-05,21.95,,,,,,,
JR장전2,2016-08-06,21.95,,,,,,,
JR장전2,2016-08-07,21.94,,,,,,,
JR장전2,2016-08-08,21.92,,,,,,,
JR장전2,2016-08-09,21.91,,,,,,,
JR장전2,2016-08-10,21.88,,,,,,,
JR장전2,2016-08-11,21.87,,,,,,,
JR장전2,2016-08-12,21.88,,,,,,,
JR장전2,2016-08-13,21.87,,,,,,,
JR장전2,2016-08-14,21.86,,,,,,,
JR장전2,2016-08-15,21.87,,,,,,,
JR장전2,2016-08-16,21.85,,,,,,,
JR장전2,2016-08-17,21.83,,,,,,,
JR장전2,2016-08-18,21.8,,,,,,,
JR장전2,2016-08-19,21.79,,,,,,,
JR장전2,2016-08-20,21.79,,,,,,,
JR장전2,2016-08-21,21.78,,,,,,,
JR장전2,2016-08-22,21.76,,,,,,,
JR장전2,2016-08-23,21.76,,,,,,,
JR장전2,2016-08-24,21.75,,,,,,,
JR장전2,2016-08-25,21.74,,,,,,,
JR장전2,2016-08-26,21.73,,,,,,,
JR장전2,2016-08-27,21.72,,,,,,,
JR장전2,2016-08-28,21.75,,,,,,,
JR장전2,2016-08-29,21.7,,,,,,,
JR장전2,2016-08-30,21.72,,,,,,,
JR장전2,2016-08-31,21.69,,,,,,,
JR장전2,2016-09-01,21.64,,,,,,,
JR장전2,2016-09-02,21.62,,,,,,,
JR장전2,2016-09-03,21.6,,,,,,,
JR장전2,2016-09-04,21.58,,,,,,,
JR장전2,2016-09-05,21.57,,,,,,,
JR장전2,2016-09-06,21.57,,,,,,,
JR장전2,2016-09-07,21.54,,,,,,,
JR장전2,2016-09-08,21.48,,,,,,,
JR장전2,2016-09-09,21.45,,,,,,,
JR장전2,2016-09-10,21.45,,,,,,,
JR장전2,2016-09-11,21.43,,,,,,,
JR장전2,2016-09-12,21.42,,,,,,,
JR장전2,2016-09-13,21.39,,,,,,,
JR장전2,2016-09-14,21.39,,,,,,,
JR장전2,2016-09-15,21.4,,,,,,,
JR장전2,2016-09-16,21.42,,,,,,,
JR장전2,2016-09-17,21.47,,,,,,,
JR장전2,2016-09-18,21.43,,,,,,,
JR장전2,2016-09-19,21.4,,,,,,,
JR장전2,2016-09-20,21.33,,,,,,,
JR장전2,2016-09-21,21.3,,,,,,,
JR장전2,2016-09-22,21.32,,,,,,,
JR장전2,2016-09-23,21.32,,,,,,,
JR장전2,2016-09-24,21.33,,,,,,,
JR장전2,2016-09-25,21.32,,,,,,,
JR장전2,2016-09-26,21.31,,,,,,,
JR장전2,2016-09-27,21.3,,,,,,,
JR장전2,2016-09-28,21.31,,,,,,,
JR장전2,2016-09-29,21.29,,,,,,,
JR장전2,2016-09-30,21.28,,,,,,,
JR장전2,2016-10-01,21.25,,,,,,,
JR장전2,2016-10-02,21.27,,,,,,,
JR장전2,2016-10-03,21.29,,,,,,,
JR장전2,2016-10-04,21.28,,,,,,,
JR장전2,2016-10-05,21.32,,,,,,,
JR장전2,2016-10-06,21.23,,,,,,,
JR장전2,2016-10-07,21.43,,,,,,,
JR장전2,2016-10-08,21.46,,,,,,,
JR장전2,2016-10-09,21.44,,,,,,,
JR장전2,2016-10-10,21.49,,,,,,,
JR장전2,2016-10-11,21.52,,,,,,,
JR장전2,2016-10-12,21.57,,,,,,,
JR장전2,2016-10-13,21.67,,,,,,,
JR장전2,2016-10-14,21.72,,,,,,,
JR장전2,2016-10-15,21.79,,,,,,,
JR장전2,2016-10-16,21.9,,,,,,,
JR장전2,2016-10-17,21.94,,,,,,,
JR장전2,2016-10-18,21.95,,,,,,,
JR장전2,2016-10-19,21.98,,,,,,,
JR장전2,2016-10-20,21.97,,,,,,,
JR장전2,2016-10-21,21.97,,,,,,,
JR장전2,2016-10-22,22.0,,,,,,,
JR장전2,2016-10-23,21.96,,,,,,,
JR장전2,2016-10-24,21.89,,,,,,,
JR장전2,2016-10-25,21.9,,,,,,,
JR장전2,2016-10-26,21.84,,,,,,,
JR장전2,2016-10-27,21.87,,,,,,,
JR장전2,2016-10-28,21.89,,,,,,,
JR장전2,2016-10-29,21.76,,,,,,,
JR장전2,2016-10-30,21.74,,,,,,,
JR장전2,2016-10-31,21.78,,,,,,,
JR장전2,2016-11-01,21.74,,,,,,,
JR장전2,2016-11-02,21.76,,,,,,,
JR장전2,2016-11-03,21.8,,,,,,,
JR장전2,2016-11-04,21.84,,,,,,,
JR장전2,2016-11-05,21.84,,,,,,,
JR장전2,2016-11-06,21.75,,,,,,,
JR장전2,2016-11-07,21.75,,,,,,,
JR장전2,2016-11-08,21.74,,,,,,,
JR장전2,2016-11-09,21.71,,,,,,,
JR장전2,2016-11-10,21.78,,,,,,,
JR장전2,2016-11-11,21.75,,,,,,,
JR장전2,2016-11-12,21.71,,,,,,,
JR장전2,2016-11-13,21.73,,,,,,,
JR장전2,2016-11-14,21.77,,,,,,,
JR장전2,2016-11-15,21.7,,,,,,,
JR장전2,2016-11-16,21.68,,,,,,,
JR장전2,2016-11-17,21.67,,,,,,,
JR장전2,2016-11-18,21.72,,,,,,,
JR장전2,2016-11-19,21.71,,,,,,,
JR장전2,2016-11-20,21.64,,,,,,,
JR장전2,2016-11-21,21.67,,,,,,,
JR장전2,2016-11-22,21.6,,,,,,,
JR장전2,2016-11-23,21.57,,,,,,,
JR장전2,2016-11-24,21.56,,,,,,,
JR장전2,2016-11-25,21.56,,,,,,,
JR장전2,2016-11-26,21.61,,,,,,,
JR장전2,2016-11-27,21.59,,,,,,,
JR장전2,2016-11-28,21.5,,,,,,,
JR장전2,2016-11-29,21.47,,,,,,,
JR장전2,2016-11-30,21.53,,,,,,,
JR장전2,2016-12-01,21.51,,,,,,,
JR장전2,2016-12-02,21.49,,,,,,,
JR장전2,2016-12-03,21.54,,,,,,,
JR장전2,2016-12-04,21.58,,,,,,,
JR장전2,2016-12-05,21.55,,,,,,,
JR장전2,2016-12-06,21.47,,,,,,,
JR장전2,2016-12-07,21.51,,,,,,,
JR장전2,2016-12-08,21.55,,,,,,,
JR장전2,2016-12-09,21.51,,,,,,,
JR장전2,2016-12-10,21.46,,,,,,,
JR장전2,2016-12-11,21.46,,,,,,,
JR장전2,2016-12-12,21.5,,,,,,,
JR장전2,2016-12-13,21.53,,,,,,,
JR장전2,2016-12-14,21.47,,,,,,,
JR장전2,2016-12-15,21.43,,,,,,,
JR장전2,2016-12-16,21.39,,,,,,,
JR장전2,2016-12-17,21.37,,,,,,,
JR장전2,2016-12-18,21.4,,,,,,,
JR장전2,2016-12-19,21.44,,,,,,,
JR장전2,2016-12-20,21.4,,,,,,,
JR장전2,2016-12-21,21.43,,,,,,,
JR장전2,2016-12-22,21.46,,,,,,,
JR장전2,2016-12-23,21.36,,,,,,,
JR장전2,2016-12-24,21.31,,,,,,,
JR장전2,2016-12-25,21.33,,,,,,,
JR장전2,2016-12-26,21.43,,,,,,,
JR장전2,2016-12-27,21.34,,,,,,,
JR장전2,2016-12-28,21.29,,,,,,,
JR장전2,2016-12-29,21.3,,,,,,,
JR장전2,2016-12-30,21.31,,,,,,,
JR장전2,2016-12-31,21.33,,,,,,,
JR장전2,2017-01-01,21.37,,,,,,,
JR장전2,2017-01-02,21.42,,,,,,,
JR장전2,2017-01-03,21.41,,,,,,,
JR장전2,2017-01-04,21.43,,,,,,,
JR장전2,2017-01-05,21.44,,,,,,,
JR장전2,2017-01-06,21.45,,,,,,,
JR장전2,2017-01-07,21.5,,,,,,,
JR장전2,2017-01-08,21.53,,,,,,,
JR장전2,2017-01-09,21.46,,,,,,,
JR장전2,2017-01-10,21.42,,,,,,,
JR장전2,2017-01-11,21.41,,,,,,,
JR장전2,2017-01-12,21.47,,,,,,,
JR장전2,2017-01-13,21.48,,,,,,,
JR장전2,2017-01-14,21.4,,,,,,,
JR장전2,2017-01-15,21.37,,,,,,,
JR장전2,2017-01-16,21.37,,,,,,,
JR장전2,2017-01-17,21.35,,,,,,,
JR장전2,2017-01-18,21.36,,,,,,,
JR장전2,2017-01-19,21.4,,,,,,,
JR장전2,2017-01-20,21.37,,,,,,,
JR장전2,2017-01-21,21.33,,,,,,,
JR장전2,2017-01-22,21.33,,,,,,,
JR장전2,2017-01-23,21.3,,,,,,,
JR장전2,2017-01-24,21.27,,,,,,,
JR장전2,2017-01-25,21.29,,,,,,,
JR장전2,2017-01-26,21.33,,,,,,,
JR장전2,2017-01-27,21.33,,,,,,,
JR장전2,2017-01-28,21.34,,,,,,,
JR장전2,2017-01-29,21.39,,,,,,,
JR장전2,2017-01-30,21.28,,,,,,,
JR장전2,2017-01-31,21.27,,,,,,,
JR장전2,2017-02-01,21.26,,,,,,,
JR장전2,2017-02-02,21.25,,,,,,,
JR장전2,2017-02-03,21.29,,,,,,,
JR장전2,2017-02-04,21.34,,,,,,,
JR장전2,2017-02-05,21.35,,,,,,,
JR장전2,2017-02-06,21.26,,,,,,,
JR장전2,2017-02-07,21.25,,,,,,,
JR장전2,2017-02-08,21.3,,,,,,,
JR장전2,2017-02-09,21.31,,,,,,,
JR장전2,2017-02-10,21.27,,,,,,,
JR장전2,2017-02-11,21.22,,,,,,,
JR장전2,2017-02-12,21.2,,,,,,,
JR장전2,2017-02-13,21.2,,,,,,,
JR장전2,2017-02-14,21.19,,,,,,,
JR장전2,2017-02-15,21.23,,,,,,,
JR장전2,2017-02-16,21.3,,,,,,,
JR장전2,2017-02-17,21.28,,,,,,,
JR장전2,2017-02-18,21.23,,,,,,,
JR장전2,2017-02-19,21.31,,,,,,,
JR장전2,2017-02-20,21.3,,,,,,,
JR장전2,2017-02-21,21.19,,,,,,,
JR장전2,2017-02-22,21.32,,,,,,,
JR장전2,2017-02-23,21.25,,,,,,,
JR장전2,2017-02-24,21.21,,,,,,,
JR장전2,2017-02-25,21.23,,,,,,,
JR장전2,2017-02-26,21.23,,,,,,,
JR장전2,2017-02-27,21.22,,,,,,,
JR장전2,2017-02-28,21.23,,,,,,,
JR장전2,2017-03-01,21.3,,,,,,,
JR장전2,2017-03-02,21.27,,,,,,,
JR장전2,2017-03-03,21.24,,,,,,,
JR장전2,2017-03-04,21.26,,,,,,,
JR장전2,2017-03-05,21.28,,,,,,,
JR장전2,2017-03-06,21.26,,,,,,,
JR장전2,2017-03-07,21.25,,,,,,,
JR장전2,2017-03-08,21.25,,,,,,,
JR장전2,2017-03-09,21.25,,,,,,,
JR장전2,2017-03-10,21.22,,,,,,,
JR장전2,2017-03-11,21.2,,,,,,,
JR장전2,2017-03-12,21.23,,,,,,,
JR장전2,2017-03-13,21.26,,,,,,,
JR장전2,2017-03-14,21.23,,,,,,,
JR장전2,2017-03-15,21.19,,,,,,,
JR장전2,2017-03-16,21.22,,,,,,,
JR장전2,2017-03-17,21.2,,,,,,,
JR장전2,2017-03-18,21.2,,,,,,,
JR장전2,2017-03-19,21.2,,,,,,,
JR장전2,2017-03-20,21.27,,,,,,,
JR장전2,2017-03-21,21.23,,,,,,,
JR장전2,2017-03-22,21.2,,,,,,,
JR장전2,2017-03-23,21.21,,,,,,,
JR장전2,2017-03-24,21.21,,,,,,,
JR장전2,2017-03-25,21.22,,,,,,,
JR장전2,2017-03-26,21.21,,,,,,,
JR장전2,2017-03-27,21.17,,,,,,,
JR장전2,2017-03-28,21.18,,,,,,,
JR장전2,2017-03-29,21.21,,,,,,,
JR장전2,2017-03-30,21.19,,,,,,,
JR장전2,2017-03-31,21.22,,,,,,,
JR장전2,2017-04-01,21.21,,,,,,,
JR장전2,2017-04-02,21.18,,,,,,,
JR장전2,2017-04-03,21.14,,,,,,,
JR장전2,2017-04-04,21.16,,,,,,,
JR장전2,2017-04-05,21.22,,,,,,,
JR장전2,2017-04-06,21.24,,,,,,,
JR장전2,2017-04-07,21.22,,,,,,,
JR장전2,2017-04-08,21.22,,,,,,,
JR장전2,2017-04-09,21.21,,,,,,,
JR장전2,2017-04-10,21.24,,,,,,,
JR장전2,2017-04-11,21.22,,,,,,,
JR장전2,2017-04-12,21.15,,,,,,,
JR장전2,2017-04-13,21.13,,,,,,,
JR장전2,2017-04-14,21.2,,,,,,,
JR장전2,2017-04-15,21.21,,,,,,,
JR장전2,2017-04-16,21.24,,,,,,,
JR장전2,2017-04-17,21.38,,,,,,,
JR장전2,2017-04-18,21.36,,,,,,,
JR장전2,2017-04-19,21.28,,,,,,,
JR장전2,2017-04-20,21.32,,,,,,,
JR장전2,2017-04-21,21.34,,,,,,,
JR장전2,2017-04-22,21.32,,,,,,,
JR장전2,2017-04-23,21.29,,,,,,,
JR장전2,2017-04-24,21.3,,,,,,,
JR장전2,2017-04-25,21.32,,,,,,,
JR장전2,2017-04-26,21.35,,,,,,,
JR장전2,2017-04-27,21.35,,,,,,,
JR장전2,2017-04-28,21.37,,,,,,,
JR장전2,2017-04-29,21.36,,,,,,,
JR장전2,2017-04-30,21.32,,,,,,,
JR장전2,2017-05-01,21.28,,,,,,,
JR장전2,2017-05-02,21.25,,,,,,,
JR장전2,2017-05-03,21.26,,,,,,,
JR장전2,2017-05-04,21.3,,,,,,,
JR장전2,2017-05-05,21.3,,,,,,,
JR장전2,2017-05-06,21.24,,,,,,,
JR장전2,2017-05-07,21.24,,,,,,,
JR장전2,2017-05-08,21.26,,,,,,,
JR장전2,2017-05-09,21.3,,,,,,,
JR장전2,2017-05-10,21.24,,,,,,,
JR장전2,2017-05-11,21.21,,,,,,,
JR장전2,2017-05-12,21.24,,,,,,,
JR장전2,2017-05-13,21.24,,,,,,,
JR장전2,2017-05-14,21.18,,,,,,,
JR장전2,2017-05-15,21.16,,,,,,,
JR장전2,2017-05-16,21.19,,,,,,,
JR장전2,2017-05-17,21.18,,,,,,,
JR장전2,2017-05-18,21.13,,,,,,,
JR장전2,2017-05-19,21.13,,,,,,,
JR장전2,2017-05-20,21.14,,,,,,,
JR장전2,2017-05-21,21.15,,,,,,,
JR장전2,2017-05-22,21.15,,,,,,,
JR장전2,2017-05-23,21.16,,,,,,,
JR장전2,2017-05-24,21.17,,,,,,,
JR장전2,2017-05-25,21.12,,,,,,,
JR장전2,2017-05-26,21.04,,,,,,,
JR장전2,2017-05-27,21.01,,,,,,,
JR장전2,2017-05-28,21.01,,,,,,,
JR장전2,2017-05-29,21.01,,,,,,,
JR장전2,2017-05-30,21.04,,,,,,,
JR장전2,2017-05-31,21.09,,,,,,,
JR장전2,2017-06-01,21.08,,,,,,,
JR장전2,2017-06-02,21.03,,,,,,,
JR장전2,2017-06-03,21.0,,,,,,,
JR장전2,2017-06-04,20.98,,,,,,,
JR장전2,2017-06-05,20.96,,,,,,,
JR장전2,2017-06-06,21.0,,,,,,,
JR장전2,2017-06-07,21.01,,,,,,,
JR장전2,2017-06-08,20.97,,,,,,,
JR장전2,2017-06-09,20.99,,,,,,,
JR장전2,2017-06-10,21.01,,,,,,,
JR장전2,2017-06-11,20.99,,,,,,,
JR장전2,2017-06-12,20.95,,,,,,,
JR장전2,2017-06-13,20.95,,,,,,,
JR장전2,2017-06-14,20.97,,,,,,,
JR장전2,2017-06-15,20.98,,,,,,,
JR장전2,2017-06-16,20.97,,,,,,,
JR장전2,2017-06-17,20.96,,,,,,,
JR장전2,2017-06-18,20.95,,,,,,,
JR장전2,2017-06-19,20.96,,,,,,,
JR장전2,2017-06-20,21.01,,,,,,,
JR장전2,2017-06-21,20.96,,,,,,,
JR장전2,2017-06-22,20.94,,,,,,,
JR장전2,2017-06-23,20.96,,,,,,,
JR장전2,2017-06-24,20.99,,,,,,,
JR장전2,2017-06-25,20.97,,,,,,,
JR장전2,2017-06-26,20.94,,,,,,,
JR장전2,2017-06-27,20.91,,,,,,,
JR장전2,2017-06-28,20.9,,,,,,,
JR장전2,2017-06-29,20.93,,,,,,,
JR장전2,2017-06-30,20.94,,,,,,,
JR장전2,2017-07-01,20.93,,,,,,,
JR장전2,2017-07-02,20.92,,,,,,,
JR장전2,2017-07-03,20.92,,,,,,,
JR장전2,2017-07-04,20.93,,,,,,,
JR장전2,2017-07-05,20.9,,,,,,,
JR장전2,2017-07-06,20.9,,,,,,,
JR장전2,2017-07-07,20.91,,,,,,,
JR장전2,2017-07-08,20.91,,,,,,,
JR장전2,2017-07-09,20.92,,,,,,,
JR장전2,2017-07-10,20.93,,,,,,,
JR장전2,2017-07-11,20.89,,,,,,,
JR장전2,2017-07-12,20.87,,,,,,,
JR장전2,2017-07-13,20.9,,,,,,,
JR장전2,2017-07-14,20.89,,,,,,,
JR장전2,2017-07-15,20.87,,,,,,,
JR장전2,2017-07-16,20.86,,,,,,,
JR장전2,2017-07-17,20.87,,,,,,,
JR장전2,2017-07-18,20.89,,,,,,,
JR장전2,2017-07-19,20.9,,,,,,,
JR장전2,2017-07-20,20.89,,,,,,,
JR장전2,2017-07-21,20.87,,,,,,,
JR장전2,2017-07-22,20.86,,,,,,,
JR장전2,2017-07-23,20.89,,,,,,,
JR장전2,2017-07-24,20.9,,,,,,,
JR장전2,2017-07-25,20.89,,,,,,,
JR장전2,2017-07-26,20.86,,,,,,,
JR장전2,2017-07-27,20.85,,,,,,,
JR장전2,2017-07-28,20.84,,,,,,,
JR장전2,2017-07-29,20.85,,,,,,,
JR장전2,2017-07-30,20.86,,,,,,,
JR장전2,2017-07-31,20.85,,,,,,,
JR장전2,2017-08-01,20.84,,,,,,,
JR장전2,2017-08-02,20.85,,,,,,,
JR장전2,2017-08-03,20.87,,,,,,,
JR장전2,2017-08-04,20.85,,,,,,,
JR장전2,2017-08-05,20.86,,,,,,,
JR장전2,2017-08-06,20.86,,,,,,,
JR장전2,2017-08-07,20.84,,,,,,,
JR장전2,2017-08-08,20.84,,,,,,,
JR장전2,2017-08-09,20.86,,,,,,,
JR장전2,2017-08-10,20.82,,,,,,,
JR장전2,2017-08-11,20.79,,,,,,,
JR장전2,2017-08-12,20.77,,,,,,,
JR장전2,2017-08-13,20.8,,,,,,,
JR장전2,2017-08-14,20.83,,,,,,,
JR장전2,2017-08-15,20.82,,,,,,,
JR장전2,2017-08-16,20.79,,,,,,,
JR장전2,2017-08-17,20.78,,,,,,,
JR장전2,2017-08-18,20.76,,,,,,,
JR장전2,2017-08-19,20.77,,,,,,,
JR장전2,2017-08-20,20.8,,,,,,,
JR장전2,2017-08-21,20.79,,,,,,,
JR장전2,2017-08-22,20.76,,,,,,,
JR장전2,2017-08-23,20.75,,,,,,,
JR장전2,2017-08-24,20.78,,,,,,,
JR장전2,2017-08-25,20.79,,,,,,,
JR장전2,2017-08-26,20.75,,,,,,,
JR장전2,2017-08-27,20.74,,,,,,,
JR장전2,2017-08-28,20.76,,,,,,,
JR장전2,2017-08-29,20.75,,,,,,,
JR장전2,2017-08-30,20.77,,,,,,,
JR장전2,2017-08-31,20.77,,,,,,,
JR장전2,2017-09-01,20.76,,,,,,,
JR장전2,2017-09-02,20.75,,,,,,,
JR장전2,2017-09-03,20.73,,,,,,,
JR장전2,2017-09-04,20.73,,,,,,,
JR장전2,2017-09-18,18.22,,,,,,,
JR장전2,2017-09-19,18.94,,,,,,,
JR장전2,2017-09-20,19.35,,,,,,,
JR장전2,2017-09-21,19.68,,,,,,,
JR장전2,2017-09-22,19.84,,,,,,,
JR장전2,2017-09-23,19.83,,,,,,,
JR장전2,2017-09-24,19.55,,,,,,,
JR장전2,2017-09-25,19.59,,,,,,,
JR장전2,2017-09-26,19.5,,,,,,,
JR장전2,2017-09-27,19.86,,,,,,,
JR장전2,2017-09-28,19.6,,,,,,,
JR장전2,2017-09-29,19.65,,,,,,,
JR장전2,2017-09-30,19.25,,,,,,,
JR장전2,2017-10-01,19.77,,,,,,,
JR장전2,2017-10-02,19.71,,,,,,,
JR장전2,2017-10-03,19.52,,,,,,,
JR장전2,2017-10-04,19.52,,,,,,,
JR장전2,2017-10-05,19.58,,,,,,,
JR장전2,2017-10-06,19.46,,,,,,,
JR장전2,2017-10-07,19.21,,,,,,,
JR장전2,2017-10-08,19.09,,,,,,,
JR장전2,2017-10-09,19.06,,,,,,,
JR장전2,2017-10-10,19.22,,,,,,,
JR장전2,2017-10-11,19.24,,,,,,,
JR장전2,2017-10-12,19.34,,,,,,,
JR장전2,2017-10-13,19.26,,,,,,,
JR장전2,2017-10-14,19.24,,,,,,,
JR장전2,2017-10-15,19.18,,,,,,,
JR장전2,2017-10-16,19.3,,,,,,,
JR장전2,2017-10-17,19.35,,,,,,,
JR장전2,2017-10-18,19.22,,,,,,,
JR장전2,2017-10-19,19.06,,,,,,,
JR장전2,2017-10-20,19.08,,,,,,,
JR장전2,2017-10-21,19.02,,,,,,,
JR장전2,2017-10-22,19.08,,,,,,,
JR장전2,2017-10-23,19.0,,,,,,,
JR장전2,2017-10-24,18.84,,,,,,,
JR장전2,2017-10-25,18.83,,,,,,,
JR장전2,2017-10-26,18.18,,,,,,,
JR장전2,2017-10-27,17.37,,,,,,,
JR장전2,2017-10-28,17.66,,,,,,,
JR장전2,2017-10-29,17.24,,,,,,,
JR장전2,2017-10-30,17.08,,,,,,,
JR장전2,2017-10-31,17.16,,,,,,,
JR장전2,2017-11-01,17.11,,,,,,,
JR장전2,2017-11-02,17.26,,,,,,,
JR장전2,2017-11-03,17.28,,,,,,,
JR장전2,2017-11-04,17.1,,,,,,,
JR장전2,2017-11-05,17.11,,,,,,,
JR장전2,2017-11-06,17.17,,,,,,,
JR장전2,2017-11-07,17.16,,,,,,,
JR장전2,2017-11-08,16.92,,,,,,,
JR장전2,2017-11-09,16.26,,,,,,,
JR장전2,2017-11-10,16.49,,,,,,,
JR장전2,2017-11-11,16.3,,,,,,,
JR장전2,2017-11-12,16.18,,,,,,,
JR장전2,2017-11-13,16.28,,,,,,,
JR장전2,2017-11-14,16.3,,,,,,,
JR장전2,2017-11-15,16.28,,,,,,,
JR장전2,2017-11-16,16.25,,,,,,,
JR장전2,2017-11-17,16.72,,,,,,,
JR장전2,2017-11-18,17.17,,,,,,,
JR장전2,2017-11-19,16.78,,,,,,,
JR장전2,2017-11-20,17.0,,,,,,,
JR장전2,2017-11-21,16.98,,,,,,,
JR장전2,2017-11-22,17.34,,,,,,,
JR장전2,2017-11-23,17.21,,,,,,,
JR장전2,2017-11-24,17.39,,,,,,,
JR장전2,2017-11-25,17.11,,,,,,,
JR장전2,2017-11-26,16.94,,,,,,,
JR장전2,2017-11-27,17.05,,,,,,,
JR장전2,2017-11-28,17.13,,,,,,,
JR장전2,2017-11-29,17.16,,,,,,,
JR장전2,2017-11-30,17.09,,,,,,,
JR장전2,2017-12-01,16.91,,,,,,,
JR장전2,2017-12-02,16.6,,,,,,,
JR장전2,2017-12-03,16.56,,,,,,,
JR장전2,2017-12-04,16.93,,,,,,,
JR장전2,2017-12-05,16.93,,,,,,,
JR장전2,2017-12-06,16.65,,,,,,,
JR장전2,2017-12-07,16.42,,,,,,,
JR장전2,2017-12-08,16.9,,,,,,,
JR장전2,2017-12-09,16.78,,,,,,,
JR장전2,2017-12-10,16.93,,,,,,,
JR장전2,2017-12-11,16.96,,,,,,,
JR장전2,2017-12-12,16.99,,,,,,,
JR장전2,2017-12-13,16.93,,,,,,,
JR장전2,2017-12-14,16.77,,,,,,,
JR장전2,2017-12-15,16.82,,,,,,,
JR장전2,2017-12-16,16.86,,,,,,,
JR장전2,2017-12-17,16.9,,,,,,,
JR장전2,2017-12-18,16.9,,,,,,,
JR장전2,2017-12-19,16.85,,,,,,,
JR장전2,2017-12-20,16.67,,,,,,,
JR장전2,2017-12-21,16.61,,,,,,,
JR장전2,2017-12-22,16.79,,,,,,,
JR장전2,2017-12-23,16.63,,,,,,,
JR장전2,2017-12-24,16.71,,,,,,,
JR장전2,2017-12-25,16.55,,,,,,,
JR장전2,2017-12-26,16.67,,,,,,,
JR장전2,2017-12-27,16.53,,,,,,,
JR장전2,2017-12-28,16.77,,,,,,,
JR장전2,2017-12-29,16.72,,,,,,,
JR장전2,2017-12-30,16.79,,,,,,,
JR장전2,2017-12-31,16.67,,,,,,,
JR장전2,2018-01-01,16.65,,,,,,,
JR장전2,2018-01-02,16.59,,,,,,,
JR장전2,2018-01-03,16.62,,,,,,,
JR장전2,2018-01-04,16.52,,,,,,,
JR장전2,2018-01-05,16.8,,,,,,,
JR장전2,2018-01-06,16.59,,,,,,,
JR장전2,2018-01-07,16.64,,,,,,,
JR장전2,2018-01-08,16.76,,,,,,,
JR장전2,2018-01-09,16.54,,,,,,,
JR장전2,2018-01-10,16.48,,,,,,,
JR장전2,2018-01-11,16.54,,,,,,,
JR장전2,2018-01-12,16.62,,,,,,,
JR장전2,2018-01-13,15.88,,,,,,,
JR장전2,2018-01-14,14.99,,,,,,,
JR장전2,2018-01-15,15.77,,,,,,,
JR장전2,2018-01-16,16.05,,,,,,,
JR장전2,2018-01-17,15.92,,,,,,,
JR장전2,2018-01-18,15.9,,,,,,,
JR장전2,2018-01-19,15.93,,,,,,,
JR장전2,2018-01-20,15.95,,,,,,,
JR장전2,2018-01-21,16.05,,,,,,,
JR장전2,2018-01-22,16.29,,,,,,,
JR장전2,2018-01-23,16.38,,,,,,,
JR장전2,2018-01-24,16.38,,,,,,,
JR장전2,2018-01-25,16.54,,,,,,,
JR장전2,2018-01-26,16.55,,,,,,,
JR장전2,2018-01-27,16.07,,,,,,,
JR장전2,2018-01-28,15.77,,,,,,,
JR장전2,2018-01-29,15.3,,,,,,,
JR장전2,2018-01-30,15.83,,,,,,,
JR장전2,2018-01-31,15.49,,,,,,,
JR장전2,2018-02-01,14.95,,,,,,,
JR장전2,2018-02-02,14.92,,,,,,,
JR장전2,2018-02-03,15.37,,,,,,,
JR장전2,2018-02-04,15.42,,,,,,,
JR장전2,2018-02-05,15.45,,,,,,,
JR장전2,2018-02-06,15.56,,,,,,,
JR장전2,2018-02-07,15.34,,,,,,,
JR장전2,2018-02-08,15.42,,,,,,,
JR장전2,2018-02-09,15.45,,,,,,,
JR장전2,2018-02-10,15.39,,,,,,,
JR장전2,2018-02-11,15.46,,,,,,,
JR장전2,2018-02-12,15.7,,,,,,,
JR장전2,2018-02-13,15.47,,,,,,,
JR장전2,2018-02-14,15.66,,,,,,,
JR장전2,2018-02-15,15.7,,,,,,,
JR장전2,2018-02-16,15.84,,,,,,,
JR장전2,2018-02-17,16.04,,,,,,,
JR장전2,2018-02-18,15.87,,,,,,,
JR장전2,2018-02-19,16.06,,,,,,,
JR장전2,2018-02-20,15.91,,,,,,,
JR장전2,2018-02-21,15.8,,,,,,,
JR장전2,2018-02-22,15.67,,,,,,,
JR장전2,2018-02-23,15.67,,,,,,,
JR장전2,2018-02-24,15.4,,,,,,,
JR장전2,2018-02-25,15.35,,,,,,,
JR장전2,2018-02-26,15.5,,,,,,,
JR장전2,2018-02-27,15.58,,,,,,,
JR장전2,2018-02-28,16.05,,,,,,,
JR장전2,2018-03-01,15.72,,,,,,,
JR장전2,2018-03-02,15.77,,,,,,,
JR장전2,2018-03-03,15.76,,,,,,,
JR장전2,2018-03-04,15.54,,,,,,,
JR장전2,2018-03-05,15.67,,,,,,,
JR장전2,2018-03-06,15.72,,,,,,,
JR장전2,2018-03-07,15.75,,,,,,,
JR장전2,2018-03-08,16.04,,,,,,,
JR장전2,2018-03-09,15.7,,,,,,,
JR장전2,2018-03-10,15.25,,,,,,,
JR장전2,2018-03-11,15.21,,,,,,,
JR장전2,2018-03-12,15.27,,,,,,,
JR장전2,2018-03-13,15.59,,,,,,,
JR장전2,2018-03-14,15.68,,,,,,,
JR장전2,2018-03-15,15.76,,,,,,,
JR장전2,2018-03-16,15.52,,,,,,,
JR장전2,2018-03-17,15.28,,,,,,,
JR장전2,2018-03-18,15.42,,,,,,,
JR장전2,2018-03-19,15.75,,,,,,,
JR장전2,2018-03-20,15.6,,,,,,,
JR장전2,2018-03-21,15.73,,,,,,,
JR장전2,2018-03-22,15.55,,,,,,,
JR장전2,2018-03-23,15.58,,,,,,,
JR장전2,2018-03-24,15.39,,,,,,,
JR장전2,2018-03-25,15.15,,,,,,,
JR장전2,2018-03-26,15.49,,,,,,,
JR장전2,2018-03-27,15.63,,,,,,,
JR장전2,2018-03-28,15.25,,,,,,,
JR장전2,2018-03-29,15.55,,,,,,,
JR장전2,2018-03-30,15.6,,,,,,,
JR장전2,2018-03-31,15.23,,,,,,,
JR장전2,2018-04-01,14.94,,,,,,,
JR장전2,2018-04-02,15.3,,,,,,,
JR장전2,2018-04-03,15.31,,,,,,,
JR장전2,2018-04-04,15.43,,,,,,,
JR장전2,2018-04-05,15.32,,,,,,,
JR장전2,2018-04-06,15.59,,,,,,,
JR장전2,2018-04-07,15.38,,,,,,,
JR장전2,2018-04-08,15.34,,,,,,,
JR장전2,2018-04-09,16.9,,,,,,,
JR장전2,2018-04-10,17.8,,,,,,,
JR장전2,2018-04-11,17.88,,,,,,,
JR장전2,2018-04-12,17.88,,,,,,,
JR장전2,2018-04-13,17.94,,,,,,,
JR장전2,2018-04-14,18.1,,,,,,,
JR장전2,2018-04-15,18.04,,,,,,,
JR장전2,2018-04-16,18.05,,,,,,,
JR장전2,2018-04-17,18.1,,,,,,,
JR장전2,2018-04-18,18.16,,,,,,,
JR장전2,2018-04-19,18.18,,,,,,,
JR장전2,2018-04-20,18.2,,,,,,,
JR장전2,2018-04-21,18.25,,,,,,,
JR장전2,2018-04-22,18.29,,,,,,,
JR장전2,2018-04-23,18.35,,,,,,,
JR장전2,2018-04-24,18.38,,,,,,,
JR장전2,2018-04-25,18.34,,,,,,,
JR장전2,2018-04-26,18.34,,,,,,,
JR장전2,2018-04-27,18.36,,,,,,,
JR장전2,2018-04-28,18.38,,,,,,,
JR장전2,2018-04-29,18.43,,,,,,,
JR장전2,2018-04-30,18.45,,,,,,,
JR장전2,2018-05-01,18.48,,,,,,,
JR장전2,2018-05-02,18.52,,,,,,,
JR장전2,2018-05-03,18.47,,,,,,,
JR장전2,2018-05-04,18.47,,,,,,,
JR장전2,2018-05-05,18.51,,,,,,,
JR장전2,2018-05-06,18.62,,,,,,,
JR장전2,2018-05-07,18.63,,,,,,,
JR장전2,2018-05-08,18.57,,,,,,,
JR장전2,2018-05-09,18.51,,,,,,,
JR장전2,2018-05-10,18.52,,,,,,,
JR장전2,2018-05-11,18.61,,,,,,,
JR장전2,2018-05-12,18.68,,,,,,,
JR장전2,2018-05-13,18.69,,,,,,,
JR장전2,2018-05-14,18.66,,,,,,,
JR장전2,2018-05-15,18.68,,,,,,,
JR장전2,2018-05-16,18.72,,,,,,,
JR장전2,2018-05-17,18.73,,,,,,,
JR장전2,2018-05-18,18.73,,,,,,,
JR장전2,2018-05-19,18.69,,,,,,,
JR장전2,2018-05-20,18.7,,,,,,,
JR장전2,2018-05-21,18.71,,,,,,,
JR장전2,2018-05-22,18.77,,,,,,,
JR장전2,2018-05-23,18.8,,,,,,,
JR장전2,2018-05-24,18.77,,,,,,,
JR장전2,2018-05-25,18.82,,,,,,,
JR장전2,2018-05-26,18.82,,,,,,,
JR장전2,2018-05-27,18.8,,,,,,,
JR장전2,2018-05-28,18.82,,,,,,,
JR장전2,2018-05-30,18.83,,,,,,,
JR장전2,2018-05-31,18.83,,,,,,,
JR장전2,2018-06-01,18.82,,,,,,,
JR장전2,2018-06-02,18.83,,,,,,,
JR장전2,2018-06-03,18.86,,,,,,,
JR장전2,2018-06-04,18.87,,,,,,,
JR장전2,2018-06-05,18.89,,,,,,,
JR장전2,2018-06-06,18.88,,,,,,,
JR장전2,2018-06-07,18.89,,,,,,,
JR장전2,2018-06-08,18.92,,,,,,,
JR장전2,2018-06-09,18.94,,,,,,,
JR장전2,2018-06-10,18.97,,,,,,,
JR장전2,2018-06-11,18.97,,,,,,,
JR장전2,2018-06-12,18.94,,,,,,,
JR장전2,2018-06-13,18.92,,,,,,,
JR장전2,2018-06-14,18.94,,,,,,,
JR장전2,2018-06-15,18.93,,,,,,,
JR장전2,2018-06-16,18.92,,,,,,,
JR장전2,2018-06-17,18.94,,,,,,,
JR장전2,2018-06-18,18.97,,,,,,,
JR장전2,2018-06-19,19.0,,,,,,,
JR장전2,2018-06-20,18.99,,,,,,,
JR장전2,2018-06-21,18.96,,,,,,,
JR장전2,2018-06-22,18.97,,,,,,,
JR장전2,2018-06-23,18.99,,,,,,,
JR장전2,2018-06-24,18.97,,,,,,,
JR장전2,2018-06-25,18.97,,,,,,,
JR장전2,2018-06-26,19.0,,,,,,,
JR장전2,2018-06-27,19.02,,,,,,,
JR장전2,2018-06-28,19.05,,,,,,,
JR장전2,2018-06-29,19.03,,,,,,,
JR장전2,2018-06-30,18.98,,,,,,,
JR장전2,2018-07-01,19.01,,,,,,,
JR장전2,2018-07-02,19.03,,,,,,,
JR장전2,2018-07-03,19.12,,,,,,,
JR장전2,2018-07-04,19.06,,,,,,,
JR장전2,2018-07-05,19.05,,,,,,,
JR장전2,2018-07-06,19.04,,,,,,,
JR장전2,2018-07-07,19.02,,,,,,,
JR장전2,2018-07-08,19.02,,,,,,,
JR장전2,2018-07-09,19.01,,,,,,,
JR장전2,2018-07-10,19.03,,,,,,,
JR장전2,2018-07-11,19.04,,,,,,,
JR장전2,2018-07-12,19.06,,,,,,,
JR장전2,2018-07-13,19.07,,,,,,,
JR장전2,2018-07-14,19.08,,,,,,,
JR장전2,2018-07-15,19.08,,,,,,,
JR장전2,2018-07-16,19.08,,,,,,,
JR장전2,2018-07-17,19.09,,,,,,,
JR장전2,2018-07-18,19.1,,,,,,,
JR장전2,2018-07-19,19.11,,,,,,,
JR장전2,2018-07-20,19.13,,,,,,,
JR장전2,2018-07-21,19.13,,,,,,,
JR장전2,2018-07-22,19.14,,,,,,,
JR장전2,2018-07-23,19.12,,,,,,,
JR장전2,2018-07-24,19.13,,,,,,,
JR장전2,2018-07-25,19.13,,,,,,,
JR장전2,2018-07-26,19.13,,,,,,,
JR장전2,2018-07-27,19.14,,,,,,,
JR장전2,2018-07-28,19.15,,,,,,,
JR장전2,2018-07-29,19.18,,,,,,,
JR장전2,2018-07-30,19.18,,,,,,,
JR장전2,2018-07-31,19.16,,,,,,,
JR장전2,2018-08-01,19.17,,,,,,,
JR장전2,2018-08-02,19.16,,,,,,,
JR장전2,2018-08-03,19.15,,,,,,,
JR장전2,2018-08-04,19.14,,,,,,,
JR장전2,2018-08-05,19.15,,,,,,,
JR장전2,2018-08-06,19.17,,,,,,,
JR장전2,2018-08-07,19.17,,,,,,,
JR장전2,2018-08-08,19.17,,,,,,,
JR장전2,2018-08-09,19.18,,,,,,,
JR장전2,2018-08-10,19.2,,,,,,,
JR장전2,2018-08-11,19.19,,,,,,,
JR장전2,2018-08-12,19.17,,,,,,,
JR장전2,2018-08-13,19.15,,,,,,,
JR장전2,2018-08-14,19.16,,,,,,,
JR장전2,2018-08-15,19.19,,,,,,,
JR장전2,2018-08-16,19.2,,,,,,,
JR장전2,2018-08-17,19.17,,,,,,,
JR장전2,2018-08-18,19.16,,,,,,,
JR장전2,2018-08-19,19.17,,,,,,,
JR장전2,2018-08-20,19.2,,,,,,,
JR장전2,2018-08-21,19.22,,,,,,,
JR장전2,2018-08-22,19.25,,,,,,,
JR장전2,2018-08-23,19.37,,,,,,,
JR장전2,2018-08-24,19.17,,,,,,,
JR장전2,2018-08-25,19.18,,,,,,,
JR장전2,2018-08-26,19.21,,,,,,,
JR장전2,2018-08-27,19.23,,,,,,,
JR장전2,2018-08-28,19.24,,,,,,,
JR장전2,2018-08-29,19.27,,,,,,,
JR장전2,2018-08-30,19.26,,,,,,,
JR장전2,2018-08-31,19.26,,,,,,,
JR장전2,2018-09-01,19.29,,,,,,,
JR장전2,2018-09-02,19.31,,,,,,,
JR장전2,2018-09-03,19.35,,,,,,,
JR장전2,2018-09-04,19.37,,,,,,,
JR장전2,2018-09-05,19.3,,,,,,,
JR장전2,2018-09-06,19.3,,,,,,,
JR장전2,2018-09-07,19.3,,,,,,,
JR장전2,2018-09-08,19.27,,,,,,,
JR장전2,2018-09-09,19.27,,,,,,,
JR장전2,2018-09-10,19.26,,,,,,,
JR장전2,2018-09-11,19.29,,,,,,,
JR장전2,2018-09-12,19.32,,,,,,,
JR장전2,2018-09-13,19.34,,,,,,,
JR장전2,2018-09-14,19.35,,,,,,,
JR장전2,2018-09-15,19.33,,,,,,,
JR장전2,2018-09-16,19.32,,,,,,,
JR장전2,2018-09-17,19.32,,,,,,,
JR장전2,2018-09-18,19.34,,,,,,,
JR장전2,2018-09-19,19.37,,,,,,,
JR장전2,2018-09-20,19.42,,,,,,,
JR장전2,2018-09-21,19.4,,,,,,,
JR장전2,2018-09-22,19.33,,,,,,,
JR장전2,2018-09-23,19.34,,,,,,,
JR장전2,2018-09-24,19.34,,,,,,,
JR장전2,2018-09-25,19.37,,,,,,,
JR장전2,2018-09-26,19.38,,,,,,,
JR장전2,2018-09-27,19.38,,,,,,,
JR장전2,2018-09-28,19.39,,,,,,,
JR장전2,2018-09-29,19.43,,,,,,,
JR장전2,2018-09-30,19.46,,,,,,,
JR장전2,2018-10-01,19.39,,,,,,,
JR장전2,2018-10-02,19.35,,,,,,,
JR장전2,2018-10-03,19.34,,,,,,,
JR장전2,2018-10-04,19.37,,,,,,,
JR장전2,2018-10-05,19.48,,,,,,,
JR장전2,2018-10-06,19.54,,,,,,,
JR장전2,2018-10-07,19.46,,,,,,,
JR장전2,2018-10-08,19.51,,,,,,,
JR장전2,2018-10-09,19.56,,,,,,,
JR장전2,2018-10-10,19.55,,,,,,,
JR장전2,2018-10-11,19.5,,,,,,,
JR장전2,2018-10-12,19.48,,,,,,,
JR장전2,2018-10-13,19.5,,,,,,,
JR장전2,2018-10-14,19.52,,,,,,,
JR장전2,2018-10-15,19.53,,,,,,,
JR장전2,2018-10-16,19.54,,,,,,,
JR장전2,2018-10-17,19.55,,,,,,,
JR장전2,2018-10-18,19.5,,,,,,,
JR장전2,2018-10-19,19.47,,,,,,,
JR장전2,2018-10-20,19.48,,,,,,,
JR장전2,2018-10-21,19.51,,,,,,,
JR장전2,2018-10-22,19.54,,,,,,,
JR장전2,2018-10-23,19.54,,,,,,,
JR장전2,2018-10-24,19.52,,,,,,,
JR장전2,2018-10-25,19.52,,,,,,,
JR장전2,2018-10-29,19.55,,,,,,,
JR장전2,2018-10-30,19.55,,,,,,,
JR장전2,2018-11-02,19.31,,,,,,,
JR장전2,2018-11-03,19.31,,,,,,,
JR장전2,2018-11-04,19.29,,,,,,,
JR장전2,2018-11-05,19.22,,,,,,,
JR장전2,2018-11-06,19.17,,,,,,,
JR장전2,2018-11-07,19.15,,,,,,,
JR장전2,2018-11-08,19.14,,,,,,,
JR장전2,2018-11-09,19.12,,,,,,,
JR장전2,2018-11-10,19.14,,,,,,,
JR장전2,2018-11-11,19.16,,,,,,,
JR장전2,2018-11-12,19.16,,,,,,,
JR장전2,2018-11-13,19.13,,,,,,,
JR장전2,2018-11-14,19.25,,,,,,,
JR장전2,2018-11-15,19.35,,,,,,,
JR장전2,2018-11-20,19.38,,,,,,,
JR장전2,2018-11-21,19.44,,,,,,,
JR장전2,2018-11-22,19.42,,,,,,,
JR장전2,2018-11-23,19.42,,,,,,,
JR장전2,2018-11-24,19.47,,,,,,,
JR장전2,2018-11-25,19.48,,,,,,,
JR장전2,2018-11-26,19.5,,,,,,,
JR장전2,2018-11-27,19.55,,,,,,,
JR장전2,2018-11-28,19.57,,,,,,,
JR장전2,2018-11-29,19.54,,,,,,,
JR장전2,2018-11-30,19.55,,,,,,,
JR장전2,2018-12-01,19.57,,,,,,,
JR장전2,2018-12-02,19.62,,,,,,,
JR장전2,2018-12-03,19.68,,,,,,,
JR장전2,2018-12-04,19.66,,,,,,,
JR장전2,2018-12-05,19.63,,,,,,,
JR장전2,2018-12-06,19.68,,,,,,,
JR장전2,2018-12-07,19.62,,,,,,,
JR장전2,2018-12-08,19.63,,,,,,,
JR장전2,2018-12-09,19.63,,,,,,,
JR장전2,2018-12-10,19.68,,,,,,,
JR장전2,2018-12-11,19.73,,,,,,,
JR장전2,2018-12-12,19.69,,,,,,,
JR장전2,2018-12-13,19.68,,,,,,,
JR장전2,2018-12-14,19.67,,,,,,,
JR장전2,2018-12-15,19.7,,,,,,,
JR장전2,2018-12-16,19.79,,,,,,,
JR장전2,2018-12-17,19.8,,,,,,,
JR장전2,2018-12-18,19.78,,,,,,,
JR장전2,2018-12-19,19.78,,,,,,,
JR장전2,2018-12-20,19.79,,,,,,,
JR장전2,2018-12-21,19.8,,,,,,,
JR장전2,2018-12-22,19.79,,,,,,,
JR장전2,2018-12-23,19.81,,,,,,,
JR장전2,2018-12-24,19.8,,,,,,,
JR장전2,2018-12-25,19.84,,,,,,,
JR장전2,2018-12-26,19.85,,,,,,,
JR장전2,2018-12-27,19.8,,,,,,,
JR장전2,2018-12-28,19.79,,,,,,,
JR장전2,2018-12-29,19.77,,,,,,,
JR장전2,2019-01-03,19.86,,,,,,,
JR장전2,2019-01-04,19.89,,,,,,,
JR장전2,2019-01-05,19.92,,,,,,,
JR장전2,2019-01-06,19.9,,,,,,,
JR장전2,2019-01-07,19.89,,,,,,,
JR장전2,2019-01-08,19.89,,,,,,,
JR장전2,2019-01-09,19.87,,,,,,,
JR장전2,2019-01-10,19.92,,,,,,,
JR장전2,2019-01-11,19.96,,,,,,,
JR장전2,2019-01-12,19.97,,,,,,,
JR장전2,2019-01-13,19.94,,,,,,,
JR장전2,2019-01-14,19.94,,,,,,,
JR장전2,2019-01-15,19.95,,,,,,,
JR장전2,2019-01-16,19.94,,,,,,,
JR장전2,2019-01-17,19.95,,,,,,,
JR장전2,2019-01-18,19.93,,,,,,,
JR장전2,2019-01-19,19.99,,,,,,,
JR장전2,2019-01-20,19.97,,,,,,,
JR장전2,2019-01-21,19.95,,,,,,,
JR장전2,2019-01-22,19.98,,,,,,,
JR장전2,2019-01-23,19.98,,,,,,,
JR장전2,2019-01-24,19.96,,,,,,,
JR장전2,2019-01-25,19.96,,,,,,,
JR장전2,2019-01-26,19.94,,,,,,,
JR장전2,2019-01-27,19.94,,,,,,,
JR장전2,2019-01-28,19.99,,,,,,,
JR장전2,2019-01-29,19.96,,,,,,,
JR장전2,2019-01-30,19.99,,,,,,,
JR장전2,2019-01-31,20.02,,,,,,,
JR장전2,2019-02-01,19.98,,,,,,,
JR장전2,2019-02-02,20.05,,,,,,,
JR장전2,2019-02-03,20.11,,,,,,,
JR장전2,2019-02-04,20.01,,,,,,,
JR장전2,2019-02-05,20.06,,,,,,,
JR장전2,2019-02-06,20.1,,,,,,,
JR장전2,2019-02-07,20.06,,,,,,,
JR장전2,2019-02-08,20.03,,,,,,,
JR장전2,2019-02-09,20.02,,,,,,,
JR장전2,2019-02-10,20.01,,,,,,,
JR장전2,2019-02-11,20.0,,,,,,,
JR장전2,2019-02-12,20.01,,,,,,,
JR장전2,2019-02-13,20.03,,,,,,,
JR장전2,2019-02-14,20.04,,,,,,,
JR장전2,2019-02-15,20.09,,,,,,,
JR장전2,2019-02-16,20.09,,,,,,,
JR장전2,2019-02-17,20.07,,,,,,,
JR장전2,2019-02-18,20.09,,,,,,,
JR장전2,2019-02-19,20.15,,,,,,,
JR장전2,2019-02-20,20.06,,,,,,,
JR장전2,2019-02-21,20.07,,,,,,,
JR장전2,2019-02-22,20.12,,,,,,,
JR장전2,2019-02-23,20.1,,,,,,,
JR장전2,2019-02-24,20.09,,,,,,,
JR장전2,2019-02-25,20.1,,,,,,,
JR장전2,2019-02-26,20.09,,,,,,,
JR장전2,2019-02-27,20.12,,,,,,,
JR장전2,2019-02-28,20.12,,,,,,,
JR장전2,2019-03-01,20.09,,,,,,,
JR장전2,2019-03-02,20.13,,,,,,,
JR장전2,2019-03-03,20.17,,,,,,,
JR장전2,2019-03-04,20.12,,,,,,,
JR장전2,2019-03-05,20.13,,,,,,,
JR장전2,2019-03-06,20.19,,,,,,,
JR장전2,2019-03-07,20.14,,,,,,,
JR장전2,2019-03-08,20.11,,,,,,,
JR장전2,2019-03-09,20.17,,,,,,,
JR장전2,2019-03-10,20.26,,,,,,,
JR장전2,2019-03-11,20.22,,,,,,,
JR장전2,2019-03-12,20.18,,,,,,,
JR장전2,2019-03-13,20.1,,,,,,,
JR장전2,2019-03-14,20.11,,,,,,,
JR장전2,2019-03-15,20.16,,,,,,,
JR장전2,2019-03-16,20.15,,,,,,,
JR장전2,2019-03-17,20.14,,,,,,,
JR장전2,2019-03-18,20.18,,,,,,,
JR장전2,2019-03-19,20.19,,,,,,,
JR장전2,2019-03-20,20.25,,,,,,,
JR장전2,2019-03-21,20.23,,,,,,,
JR장전2,2019-03-22,20.14,,,,,,,
JR장전2,2019-03-23,20.12,,,,,,,
JR장전2,2019-03-24,20.14,,,,,,,
JR장전2,2019-03-25,20.19,,,,,,,
JR장전2,2019-03-26,20.17,,,,,,,
JR장전2,2019-03-27,20.2,,,,,,,
JR장전2,2019-03-28,20.23,,,,,,,
JR장전2,2019-03-29,20.21,,,,,,,
JR장전2,2019-03-30,20.19,,,,,,,
JR장전2,2019-03-31,20.17,,,,,,,
JR장전2,2019-04-01,20.18,,,,,,,
JR장전2,2019-04-02,20.21,,,,,,,
JR장전2,2019-04-03,20.2,,,,,,,
JR장전2,2019-04-04,20.25,,,,,,,
JR장전2,2019-04-05,20.3,,,,,,,
JR장전2,2019-04-06,20.29,,,,,,,
JR장전2,2019-04-07,20.3,,,,,,,
JR장전2,2019-04-08,20.24,,,,,,,
JR장전2,2019-04-09,20.29,,,,,,,
JR장전2,2019-04-10,20.29,,,,,,,
JR장전2,2019-04-11,20.23,,,,,,,
JR장전2,2019-04-12,20.2,,,,,,,
JR장전2,2019-04-13,20.2,,,,,,,
JR장전2,2019-04-14,20.24,,,,,,,
JR장전2,2019-04-15,20.21,,,,,,,
JR장전2,2019-04-16,20.25,,,,,,,
JR장전2,2019-04-17,20.27,,,,,,,
JR장전2,2019-04-18,20.26,,,,,,,
JR장전2,2019-04-19,20.24,,,,,,,
JR장전2,2019-04-20,20.25,,,,,,,
JR장전2,2019-04-21,20.26,,,,,,,
JR장전2,2019-04-22,20.25,,,,,,,
JR장전2,2019-04-23,20.29,,,,,,,
JR장전2,2019-04-24,20.3,,,,,,,
JR장전2,2019-04-25,20.28,,,,,,,
JR장전2,2019-04-26,20.23,,,,,,,
JR장전2,2019-04-27,20.18,,,,,,,
JR장전2,2019-04-28,20.21,,,,,,,
JR장전2,2019-04-29,20.29,,,,,,,
JR장전2,2019-04-30,20.29,,,,,,,
JR장전2,2019-05-01,20.27,,,,,,,
JR장전2,2019-05-02,20.22,,,,,,,
JR장전2,2019-05-03,20.2,,,,,,,
JR장전2,2019-05-04,20.2,,,,,,,
JR장전2,2019-05-05,20.22,,,,,,,
JR장전2,2019-05-06,20.23,,,,,,,
JR장전2,2019-05-07,20.22,,,,,,,
JR장전2,2019-05-08,20.25,,,,,,,
JR장전2,2019-05-09,20.27,,,,,,,
JR장전2,2019-05-10,20.24,,,,,,,
JR장전2,2019-05-11,20.23,,,,,,,
JR장전2,2019-05-12,20.22,,,,,,,
JR장전2,2019-05-13,20.23,,,,,,,
JR장전2,2019-05-14,20.06,,,,,,,
JR장전2,2019-05-15,19.75,,,,,,,
JR장전2,2019-05-16,19.75,,,,,,,
JR장전2,2019-05-17,19.76,,,,,,,
JR장전2,2019-05-18,19.81,,,,,,,
JR장전2,2019-05-19,19.77,,,,,,,
JR장전2,2019-05-20,19.75,,,,,,,
JR장전2,2019-05-21,19.74,,,,,,,
JR장전2,2019-05-22,19.75,,,,,,,
JR장전2,2019-05-23,19.73,,,,,,,
JR장전2,2019-05-24,19.71,,,,,,,
JR장전2,2019-05-25,19.7,,,,,,,
JR장전2,2019-05-26,19.72,,,,,,,
JR장전2,2019-05-27,19.78,,,,,,,
JR장전2,2019-05-28,19.72,,,,,,,
JR장전2,2019-05-29,19.72,,,,,,,
JR장전2,2019-05-30,19.72,,,,,,,
JR장전2,2019-05-31,19.74,,,,,,,
JR장전2,2019-06-01,19.74,,,,,,,
JR장전2,2019-06-02,19.76,,,,,,,
JR장전2,2019-06-03,19.74,,,,,,,
JR장전2,2019-06-04,19.73,,,,,,,
JR장전2,2019-06-05,19.7,,,,,,,
JR장전2,2019-06-06,19.75,,,,,,,
JR장전2,2019-06-07,19.78,,,,,,,
JR장전2,2019-06-08,19.73,,,,,,,
JR장전2,2019-06-09,19.78,,,,,,,
JR장전2,2019-06-10,19.78,,,,,,,
JR장전2,2019-06-11,19.76,,,,,,,
JR장전2,2019-06-12,19.74,,,,,,,
JR장전2,2019-06-13,19.76,,,,,,,
JR장전2,2019-06-14,19.8,,,,,,,
JR장전2,2019-06-16,19.73,,,,,,,
JR장전2,2019-06-17,19.71,,,,,,,
JR장전2,2019-06-18,19.74,,,,,,,
JR장전2,2019-06-19,19.78,,,,,,,
JR장전2,2019-06-20,19.76,,,,,,,
JR장전2,2019-06-21,19.77,,,,,,,
JR장전2,2019-06-22,19.77,,,,,,,
JR장전2,2019-06-23,19.74,,,,,,,
JR장전2,2019-06-24,19.7,,,,,,,
JR장전2,2019-06-25,19.71,,,,,,,
JR장전2,2019-06-26,19.78,,,,,,,
JR장전2,2019-06-27,19.85,,,,,,,
JR장전2,2019-06-28,19.82,,,,,,,
JR장전2,2019-06-29,19.86,,,,,,,
JR장전2,2019-06-30,19.81,,,,,,,
JR장전2,2019-07-01,19.77,,,,,,,
JR장전2,2019-07-02,19.75,,,,,,,
JR장전2,2019-07-03,19.78,,,,,,,
JR장전2,2019-07-04,19.78,,,,,,,
JR장전2,2019-07-05,19.81,,,,,,,
JR장전2,2019-07-06,19.81,,,,,,,
JR장전2,2019-07-07,19.78,,,,,,,
JR장전2,2019-07-08,19.78,,,,,,,
JR장전2,2019-07-09,19.78,,,,,,,
JR장전2,2019-07-10,19.82,,,,,,,
JR장전2,2019-07-11,19.75,,,,,,,
JR장전2,2019-07-12,19.75,,,,,,,
JR장전2,2019-07-13,19.86,,,,,,,
JR장전2,2019-07-14,19.84,,,,,,,
JR장전2,2019-07-15,19.8,,,,,,,
JR장전2,2019-07-16,19.78,,,,,,,
JR장전2,2019-07-17,19.79,,,,,,,
JR장전2,2019-07-18,19.82,,,,,,,
JR장전2,2019-07-19,19.86,,,,,,,
JR장전2,2019-07-20,19.97,,,,,,,
JR장전2,2019-07-22,19.83,,,,,,,
JR장전2,2019-07-23,19.86,,,,,,,
JR장전2,2019-07-24,19.87,,,,,,,
JR장전2,2019-07-25,19.87,,,,,,,
JR장전2,2019-07-26,19.88,,,,,,,
JR장전2,2019-07-27,19.87,,,,,,,
JR장전2,2019-07-28,19.85,,,,,,,
JR장전2,2019-07-29,19.84,,,,,,,
JR장전2,2019-07-30,19.86,,,,,,,
JR장전2,2019-07-31,19.86,,,,,,,
JR장전2,2019-08-01,19.86,,,,,,,
JR장전2,2019-08-02,19.88,,,,,,,
JR장전2,2019-08-03,19.89,,,,,,,
JR장전2,2019-08-04,19.89,,,,,,,
JR장전2,2019-08-05,19.9,,,,,,,
JR장전2,2019-08-06,19.93,,,,,,,
JR장전2,2019-08-07,19.92,,,,,,,
JR장전2,2019-08-08,19.91,,,,,,,
JR장전2,2019-08-09,19.93,,,,,,,
JR장전2,2019-08-10,19.95,,,,,,,
JR장전2,2019-08-11,19.98,,,,,,,
JR장전2,2019-08-12,19.95,,,,,,,
JR장전2,2019-08-13,19.93,,,,,,,
JR장전2,2019-08-14,19.96,,,,,,,
JR장전2,2019-08-15,20.0,,,,,,,
JR장전2,2019-08-16,19.94,,,,,,,
JR장전2,2019-08-17,19.9,,,,,,,
JR장전2,2019-08-18,19.89,,,,,,,
JR장전2,2019-08-19,19.88,,,,,,,
JR장전2,2019-08-20,19.89,,,,,,,
JR장전2,2019-08-21,19.9,,,,,,,
JR장전2,2019-08-22,19.91,,,,,,,
JR장전2,2019-08-23,19.89,,,,,,,
JR장전2,2019-08-24,19.88,,,,,,,
JR장전2,2019-08-25,19.87,,,,,,,
JR장전2,2019-08-26,19.9,,,,,,,
JR장전2,2019-08-27,19.96,,,,,,,
JR장전2,2019-09-03,20.0,,,,,,,
JR장전2,2019-09-04,20.03,,,,,,,
JR장전2,2019-09-05,20.05,,,,,,,
JR장전2,2019-09-06,20.13,,,,,,,
JR장전2,2019-09-07,20.18,,,,,,,
JR장전2,2019-09-08,20.15,,,,,,,
JR장전2,2019-09-09,20.19,,,,,,,
JR장전2,2019-09-10,20.16,,,,,,,
JR장전2,2019-09-11,20.17,,,,,,,
JR장전2,2019-09-12,20.19,,,,,,,
JR장전2,2019-09-13,20.22,,,,,,,
JR장전2,2019-09-14,20.21,,,,,,,
JR장전2,2019-09-15,20.22,,,,,,,
JR장전2,2019-09-16,20.21,,,,,,,
JR장전2,2019-09-17,20.17,,,,,,,
JR장전2,2019-09-18,20.15,,,,,,,
JR장전2,2019-09-19,20.16,,,,,,,
JR장전2,2019-09-20,20.18,,,,,,,
JR장전2,2019-09-21,20.18,,,,,,,
JR장전2,2019-09-22,20.28,,,,,,,
JR장전2,2019-09-23,20.26,,,,,,,
JR장전2,2019-09-24,20.29,,,,,,,
JR장전2,2019-09-25,20.3,,,,,,,
JR장전2,2019-09-26,20.32,,,,,,,
JR장전2,2019-09-27,20.34,,,,,,,
JR장전2,2019-09-28,20.37,,,,,,,
JR장전2,2019-09-29,20.37,,,,,,,
JR장전2,2019-09-30,20.36,,,,,,,
JR장전2,2019-10-01,20.36,,,,,,,
JR장전2,2019-10-02,20.5,,,,,,,
JR장전2,2019-10-03,20.48,,,,,,,
JR장전2,2019-10-04,20.44,,,,,,,
JR장전2,2019-10-05,20.42,,,,,,,
JR장전2,2019-10-06,20.42,,,,,,,
JR장전2,2019-10-07,20.46,,,,,,,
JR장전2,2019-10-08,20.44,,,,,,,
JR장전2,2019-10-09,20.45,,,,,,,
JR장전2,2019-10-10,20.47,,,,,,,
JR장전2,2019-10-11,20.47,,,,,,,
JR장전2,2019-10-12,20.44,,,,,,,
JR장전2,2019-10-13,20.37,,,,,,,
JR장전2,2019-10-14,20.34,,,,,,,
JR장전2,2019-10-15,20.33,,,,,,,
JR장전2,2019-10-16,20.36,,,,,,,
JR장전2,2019-10-17,20.39,,,,,,,
JR장전2,2019-10-18,20.4,,,,,,,
JR장전2,2019-10-19,20.38,,,,,,,
JR장전2,2019-10-20,20.37,,,,,,,
JR장전2,2019-10-21,20.41,,,,,,,
JR장전2,2019-10-22,20.4,,,,,,,
JR장전2,2019-10-23,20.41,,,,,,,
JR장전2,2019-10-24,20.39,,,,,,,
JR장전2,2019-10-25,20.38,,,,,,,
JR장전2,2019-10-26,20.37,,,,,,,
JR장전2,2019-10-27,20.39,,,,,,,
JR장전2,2019-10-28,20.41,,,,,,,
JR장전2,2019-10-29,20.42,,,,,,,
JR장전2,2019-10-30,20.38,,,,,,,
JR장전2,2019-10-31,20.39,,,,,,,
JR장전2,2019-11-01,20.41,,,,,,,
JR장전2,2019-11-02,20.43,,,,,,,
JR장전2,2019-11-03,20.44,,,,,,,
JR장전2,2019-11-04,20.43,,,,,,,
JR장전2,2019-11-05,20.45,,,,,,,
JR장전2,2019-11-06,20.47,,,,,,,
JR장전2,2019-11-07,20.46,,,,,,,
JR장전2,2019-11-08,20.45,,,,,,,
JR장전2,2019-11-09,20.45,,,,,,,
JR장전2,2019-11-10,20.53,,,,,,,
JR장전2,2019-11-11,20.52,,,,,,,
JR장전2,2019-11-12,20.46,,,,,,,
JR장전2,2019-11-13,20.49,,,,,,,
JR장전2,2019-11-14,20.47,,,,,,,
JR장전2,2019-11-15,20.51,,,,,,,
JR장전2,2019-11-16,20.52,,,,,,,
JR장전2,2019-11-17,20.54,,,,,,,
JR장전2,2019-11-18,20.53,,,,,,,
JR장전2,2019-11-19,20.49,,,,,,,
JR장전2,2019-11-20,20.47,,,,,,,
JR장전2,2019-11-21,20.51,,,,,,,
JR장전2,2019-11-22,20.55,,,,,,,
JR장전2,2019-11-23,20.58,,,,,,,
JR장전2,2019-11-24,20.6,,,,,,,
JR장전2,2019-11-25,20.53,,,,,,,
JR장전2,2019-11-26,20.56,,,,,,,
JR장전2,2019-11-27,20.57,,,,,,,
JR장전2,2019-11-28,20.57,,,,,,,
JR장전2,2019-11-29,20.56,,,,,,,
JR장전2,2019-11-30,20.59,,,,,,,
JR장전2,2019-12-01,20.67,,,,,,,
JR장전2,2019-12-02,20.63,,,,,,,
JR장전2,2019-12-03,20.59,,,,,,,
JR장전2,2019-12-04,20.59,,,,,,,
JR장전2,2019-12-05,20.57,,,,,,,
JR장전2,2019-12-06,20.58,,,,,,,
JR장전2,2019-12-07,20.64,,,,,,,
JR장전2,2019-12-08,20.65,,,,,,,
JR장전2,2019-12-09,20.68,,,,,,,
JR장전2,2019-12-10,20.7,,,,,,,
JR장전2,2019-12-11,20.7,,,,,,,
JR장전2,2019-12-12,20.63,,,,,,,
JR장전2,2019-12-13,20.65,,,,,,,
JR장전2,2019-12-14,20.66,,,,,,,
JR장전2,2019-12-15,20.67,,,,,,,
JR장전2,2019-12-16,20.72,,,,,,,
JR장전2,2019-12-17,20.75,,,,,,,
JR장전2,2019-12-18,20.69,,,,,,,
JR장전2,2019-12-19,20.68,,,,,,,
JR장전2,2019-12-20,20.65,,,,,,,
JR장전2,2019-12-21,20.7,,,,,,,
JR장전2,2019-12-22,20.77,,,,,,,
JR장전2,2019-12-23,20.72,,,,,,,
JR장전2,2019-12-24,20.7,,,,,,,
JR장전2,2019-12-25,20.75,,,,,,,
JR장전2,2019-12-26,20.79,,,,,,,
JR장전2,2019-12-27,20.7,,,,,,,
JR장전2,2019-12-28,20.69,,,,,,,
JR장전2,2019-12-29,20.75,,,,,,,
JR장전2,2019-12-30,20.74,,,,,,,
JR장전2,2019-12-31,20.66,,,,,,,
JR장전2,2020-01-01,20.69,,,,,,,
JR장전2,2020-01-02,20.73,,,,,,,
JR장전2,2020-01-03,20.75,,,,,,,
JR장전2,2020-01-04,20.76,,,,,,,
JR장전2,2020-01-05,20.73,,,,,,,
JR장전2,2020-01-06,20.79,,,,,,,
JR장전2,2020-01-07,20.87,,,,,,,
JR장전2,2020-01-08,20.79,,,,,,,
JR장전2,2020-01-09,20.75,,,,,,,
JR장전2,2020-01-10,20.78,,,,,,,
JR장전2,2020-01-11,20.8,,,,,,,
JR장전2,2020-01-12,20.81,,,,,,,
JR장전2,2020-01-13,20.77,,,,,,,
JR장전2,2020-01-14,20.77,,,,,,,
JR장전2,2020-01-15,20.75,,,,,,,
JR장전2,2020-01-16,20.79,,,,,,,
JR장전2,2020-01-17,20.82,,,,,,,
JR장전2,2020-01-18,20.82,,,,,,,
JR장전2,2020-01-19,20.82,,,,,,,
JR장전2,2020-01-20,20.79,,,,,,,
JR장전2,2020-01-21,20.76,,,,,,,
JR장전2,2020-01-22,20.83,,,,,,,
JR장전2,2020-01-23,20.83,,,,,,,
JR장전2,2020-01-24,20.78,,,,,,,
JR장전2,2020-01-25,20.8,,,,,,,
JR장전2,2020-01-26,20.84,,,,,,,
JR장전2,2020-01-27,20.91,,,,,,,
JR장전2,2020-01-28,20.86,,,,,,,
JR장전2,2020-01-29,20.87,,,,,,,
JR장전2,2020-01-30,20.87,,,,,,,
JR장전2,2020-01-31,20.82,,,,,,,
JR장전2,2020-02-01,20.8,,,,,,,
JR장전2,2020-02-02,20.82,,,,,,,
JR장전2,2020-02-03,20.84,,,,,,,
JR장전2,2020-02-04,20.87,,,,,,,
JR장전2,2020-02-05,20.85,,,,,,,
JR장전2,2020-02-06,20.86,,,,,,,
JR장전2,2020-02-07,20.9,,,,,,,
JR장전2,2020-02-08,20.91,,,,,,,
JR장전2,2020-02-09,20.93,,,,,,,
JR장전2,2020-02-10,20.94,,,,,,,
JR장전2,2020-02-11,20.92,,,,,,,
JR장전2,2020-02-12,21.01,,,,,,,
JR장전2,2020-02-13,20.97,,,,,,,
JR장전2,2020-02-14,20.96,,,,,,,
JR장전2,2020-02-15,20.98,,,,,,,
JR장전2,2020-02-16,20.97,,,,,,,
JR장전2,2020-02-17,20.93,,,,,,,
JR장전2,2020-02-18,20.88,,,,,,,
JR장전2,2020-02-19,20.88,,,,,,,
JR장전2,2020-02-20,20.87,,,,,,,
JR장전2,2020-02-21,20.91,,,,,,,
JR장전2,2020-02-22,20.93,,,,,,,
JR장전2,2020-02-23,20.92,,,,,,,
JR장전2,2020-02-24,20.98,,,,,,,
JR장전2,2020-02-25,21.04,,,,,,,
JR장전2,2020-02-26,20.96,,,,,,,
JR장전2,2020-02-27,20.91,,,,,,,
JR장전2,2020-02-28,20.98,,,,,,,
JR장전2,2020-02-29,21.03,,,,,,,
JR장전2,2020-03-01,20.99,,,,,,,
JR장전2,2020-03-02,20.92,,,,,,,
JR장전2,2020-03-03,20.94,,,,,,,
JR장전2,2020-03-04,20.93,,,,,,,
JR장전2,2020-03-05,20.74,,,,,,,
JR장전2,2020-03-06,20.62,,,,,,,
JR장전2,2020-03-07,20.66,,,,,,,
JR장전2,2020-03-08,20.63,,,,,,,
JR장전2,2020-03-09,20.69,,,,,,,
JR장전2,2020-03-10,20.69,,,,,,,
JR장전2,2020-03-11,20.57,,,,,,,
JR장전2,2020-03-12,20.56,,,,,,,
JR장전2,2020-03-13,20.6,,,,,,,
JR장전2,2020-03-14,20.63,,,,,,,
JR장전2,2020-03-15,20.66,,,,,,,
JR장전2,2020-03-16,20.59,,,,,,,
JR장전2,2020-03-17,20.65,,,,,,,
JR장전2,2020-03-18,20.68,,,,,,,
JR장전2,2020-03-19,20.7,,,,,,,
JR장전2,2020-03-20,20.65,,,,,,,
JR장전2,2020-03-21,20.68,,,,,,,
JR장전2,2020-03-22,20.68,,,,,,,
JR장전2,2020-03-23,20.63,,,,,,,
JR장전2,2020-03-24,20.64,,,,,,,
JR장전2,2020-03-25,20.63,,,,,,,
JR장전2,2020-03-26,20.68,,,,,,,
JR장전2,2020-03-27,20.67,,,,,,,
JR장전2,2020-03-28,20.62,,,,,,,
JR장전2,2020-03-29,20.63,,,,,,,
JR장전2,2020-03-30,20.64,,,,,,,
JR장전2,2020-03-31,20.67,,,,,,,
JR장전2,2020-04-01,20.66,,,,,,,
JR장전2,2020-04-02,20.6,,,,,,,
JR장전2,2020-04-03,20.62,,,,,,,
JR장전2,2020-04-04,20.62,,,,,,,
JR장전2,2020-04-05,20.61,,,,,,,
JR장전2,2020-04-06,20.63,,,,,,,
JR장전2,2020-04-07,20.66,,,,,,,
JR장전2,2020-04-08,20.64,,,,,,,
JR장전2,2020-04-09,20.6,,,,,,,
JR장전2,2020-04-10,20.58,,,,,,,
JR장전2,2020-04-11,20.63,,,,,,,
JR장전2,2020-04-12,20.69,,,,,,,
JR장전2,2020-04-13,20.65,,,,,,,
JR장전2,2020-04-14,20.61,,,,,,,
JR장전2,2020-04-15,20.64,,,,,,,
JR장전2,2020-04-16,20.62,,,,,,,
JR장전2,2020-04-17,20.66,,,,,,,
JR장전2,2020-04-18,20.61,,,,,,,
JR장전2,2020-04-19,20.69,,,,,,,
JR장전2,2020-04-20,20.64,,,,,,,
JR장전2,2020-04-21,20.6,,,,,,,
JR장전2,2020-04-22,20.6,,,,,,,
JR장전2,2020-04-23,20.61,,,,,,,
JR장전2,2020-04-24,20.62,,,,,,,
JR장전2,2020-04-25,20.65,,,,,,,
JR장전2,2020-04-26,20.62,,,,,,,
JR장전2,2020-04-27,20.6,,,,,,,
JR장전2,2020-04-28,20.6,,,,,,,
JR장전2,2020-04-29,20.63,,,,,,,
JR장전2,2020-04-30,20.65,,,,,,,
JR장전2,2020-05-01,20.66,,,,,,,
JR장전2,2020-05-02,20.69,,,,,,,
JR장전2,2020-05-03,20.74,,,,,,,
JR장전2,2020-05-04,20.67,,,,,,,
JR장전2,2020-05-05,20.66,,,,,,,
JR장전2,2020-05-06,20.65,,,,,,,
JR장전2,2020-05-07,20.62,,,,,,,
JR장전2,2020-05-08,20.65,,,,,,,
JR장전2,2020-05-09,20.71,,,,,,,
JR장전2,2020-05-10,20.66,,,,,,,
JR장전2,2020-05-11,20.65,,,,,,,
JR장전2,2020-05-12,20.66,,,,,,,
JR장전2,2020-05-13,20.59,,,,,,,
JR장전2,2020-05-14,20.61,,,,,,,
JR장전2,2020-05-15,20.69,,,,,,,
JR장전2,2020-05-16,20.69,,,,,,,
JR장전2,2020-05-17,20.68,,,,,,,
JR장전2,2020-05-18,20.72,,,,,,,
JR장전2,2020-05-19,20.68,,,,,,,
JR장전2,2020-05-20,20.61,,,,,,,
JR장전2,2020-05-21,20.6,,,,,,,
JR장전2,2020-05-22,20.63,,,,,,,
JR장전2,2020-05-23,20.65,,,,,,,
JR장전2,2020-05-24,20.65,,,,,,,
JR장전2,2020-05-25,20.64,,,,,,,
JR장전2,2020-05-26,20.65,,,,,,,
JR장전2,2020-05-27,20.66,,,,,,,
JR장전2,2020-05-28,20.64,,,,,,,
JR장전2,2020-05-29,20.61,,,,,,,
JR장전2,2020-05-30,20.61,,,,,,,
JR장전2,2020-05-31,20.67,,,,,,,
JR장전2,2020-06-01,20.65,,,,,,,
JR장전2,2020-06-02,20.67,,,,,,,
JR장전2,2020-06-03,20.7,,,,,,,
JR장전2,2020-06-04,20.68,,,,,,,
JR장전2,2020-06-05,20.66,,,,,,,
JR장전2,2020-06-06,20.66,,,,,,,
JR장전2,2020-06-07,20.63,,,,,,,
JR장전2,2020-06-08,20.61,,,,,,,
JR장전2,2020-06-09,20.62,,,,,,,
JR장전2,2020-06-10,20.66,,,,,,,
JR장전2,2020-06-11,20.7,,,,,,,
JR장전2,2020-06-12,20.68,,,,,,,
JR장전2,2020-06-13,20.67,,,,,,,
JR장전2,2020-06-14,20.65,,,,,,,
JR장전2,2020-06-15,20.65,,,,,,,
JR장전2,2020-06-16,20.66,,,,,,,
JR장전2,2020-06-17,20.67,,,,,,,
JR장전2,2020-06-18,20.72,,,,,,,
JR장전2,2020-06-19,20.65,,,,,,,
JR장전2,2020-06-20,20.62,,,,,,,
JR장전2,2020-06-21,20.66,,,,,,,
JR장전2,2020-06-22,20.65,,,,,,,
JR장전2,2020-06-23,20.66,,,,,,,
JR장전2,2020-06-24,20.72,,,,,,,
JR장전2,2020-06-25,20.71,,,,,,,
JR장전2,2020-06-26,20.68,,,,,,,
JR장전2,2020-06-27,20.71,,,,,,,
JR장전2,2020-06-28,20.71,,,,,,,
JR장전2,2020-06-29,20.76,,,,,,,
JR장전2,2020-06-30,20.77,,,,,,,
JR장전2,2020-07-01,20.69,,,,,,,
JR장전2,2020-07-02,20.67,,,,,,,
JR장전2,2020-07-03,20.71,,,,,,,
JR장전2,2020-07-04,20.73,,,,,,,
JR장전2,2020-07-05,20.75,,,,,,,
JR장전2,2020-07-06,20.78,,,,,,,
JR장전2,2020-07-07,20.75,,,,,,,
JR장전2,2020-07-08,20.74,,,,,,,
JR장전2,2020-07-09,20.78,,,,,,,
JR장전2,2020-07-10,20.78,,,,,,,
JR장전2,2020-07-11,20.73,,,,,,,
JR장전2,2020-07-12,20.76,,,,,,,
JR장전2,2020-07-13,20.81,,,,,,,
JR장전2,2020-07-14,20.79,,,,,,,
JR장전2,2020-07-15,20.79,,,,,,,
JR장전2,2020-07-16,20.81,,,,,,,
JR장전2,2020-07-17,20.8,,,,,,,
JR장전2,2020-07-18,20.82,,,,,,,
JR장전2,2020-07-19,20.84,,,,,,,
JR장전2,2020-07-20,20.82,,,,,,,
JR장전2,2020-07-21,20.8,,,,,,,
JR장전2,2020-07-22,20.82,,,,,,,
JR장전2,2020-07-23,20.87,,,,,,,
JR장전2,2020-07-24,20.91,,,,,,,
JR장전2,2020-07-25,20.86,,,,,,,
JR장전2,2020-07-26,20.83,,,,,,,
JR장전2,2020-07-27,20.84,,,,,,,
JR장전2,2020-07-28,20.82,,,,,,,
JR장전2,2020-07-29,20.82,,,,,,,
JR장전2,2020-07-30,20.86,,,,,,,
JR장전2,2020-07-31,20.89,,,,,,,
JR장전2,2020-08-01,20.92,,,,,,,
JR장전2,2020-08-02,20.95,,,,,,,
JR장전2,2020-08-03,20.96,,,,,,,
JR장전2,2020-08-04,20.96,,,,,,,
JR장전2,2020-08-05,20.97,,,,,,,
JR장전2,2020-08-06,21.04,,,,,,,
JR장전2,2020-08-07,21.07,,,,,,,
JR장전2,2020-08-08,21.08,,,,,,,
JR장전2,2020-08-09,21.07,,,,,,,
JR장전2,2020-08-10,21.07,,,,,,,
JR장전2,2020-08-11,21.02,,,,,,,
JR장전2,2020-08-12,21.0,,,,,,,
JR장전2,2020-08-13,21.03,,,,,,,
JR장전2,2020-08-14,21.06,,,,,,,
JR장전2,2020-08-15,21.08,,,,,,,
JR장전2,2020-08-16,21.09,,,,,,,
JR장전2,2020-08-17,21.09,,,,,,,
JR장전2,2020-08-18,21.11,,,,,,,
JR장전2,2020-08-19,21.11,,,,,,,
JR장전2,2020-08-20,21.11,,,,,,,
JR장전2,2020-08-21,21.1,,,,,,,
JR장전2,2020-08-22,21.14,,,,,,,
JR장전2,2020-08-23,21.18,,,,,,,
JR장전2,2020-08-24,21.19,,,,,,,
JR장전2,2020-08-25,21.2,,,,,,,
JR장전2,2020-08-26,21.25,,,,,,,
JR장전2,2020-08-27,21.17,,,,,,,
JR장전2,2020-08-28,21.16,,,,,,,
JR장전2,2020-08-29,21.21,,,,,,,
JR장전2,2020-08-30,21.22,,,,,,,
JR장전2,2020-08-31,21.23,,,,,,,
JR장전2,2020-09-01,21.25,,,,,,,
JR장전2,2020-09-02,21.35,,,,,,,
JR장전2,2020-09-03,21.37,,,,,,,
JR장전2,2020-09-04,21.45,,,,,,,
JR장전2,2020-09-05,21.52,,,,,,,
JR장전2,2020-09-06,21.61,,,,,,,
JR장전2,2020-09-07,21.71,,,,,,,
JR장전2,2020-09-08,21.65,,,,,,,
JR장전2,2020-09-09,21.69,,,,,,,
JR장전2,2020-09-10,21.76,,,,,,,
JR장전2,2020-09-11,21.77,,,,,,,
JR장전2,2020-09-12,21.76,,,,,,,
JR장전2,2020-09-13,21.77,,,,,,,
JR장전2,2020-09-14,21.77,,,,,,,
JR장전2,2020-09-15,21.82,,,,,,,
JR장전2,2020-09-16,21.84,,,,,,,
JR장전2,2020-09-17,21.84,,,,,,,
JR장전2,2020-09-18,21.78,,,,,,,
JR장전2,2020-09-19,21.74,,,,,,,
JR장전2,2020-09-20,21.74,,,,,,,
JR장전2,2020-09-21,21.74,,,,,,,
JR장전2,2020-09-22,21.74,,,,,,,
JR장전2,2020-09-23,21.73,,,,,,,
JR장전2,2020-09-24,21.71,,,,,,,
JR장전2,2020-09-25,21.7,,,,,,,
JR장전2,2020-09-26,21.65,,,,,,,
JR장전2,2020-09-27,21.6,,,,,,,
JR장전2,2020-09-28,21.59,,,,,,,
JR장전2,2020-09-29,21.62,,,,,,,
JR장전2,2020-09-30,21.62,,,,,,,
JR장전2,2020-10-01,21.59,,,,,,,
JR장전2,2020-10-02,21.57,,,,,,,
JR장전2,2020-10-03,21.57,,,,,,,
JR장전2,2020-10-04,21.59,,,,,,,
JR장전2,2020-10-05,21.56,,,,,,,
JR장전2,2020-10-06,21.53,,,,,,,
JR장전2,2020-10-07,21.52,,,,,,,
JR장전2,2020-10-08,21.55,,,,,,,
JR장전2,2020-10-09,21.56,,,,,,,
JR장전2,2020-10-10,21.57,,,,,,,
JR장전2,2020-10-11,21.59,,,,,,,
JR장전2,2020-10-12,21.62,,,,,,,
JR장전2,2020-10-13,21.59,,,,,,,
JR장전2,2020-10-14,21.57,,,,,,,
JR장전2,2020-10-15,21.59,,,,,,,
JR장전2,2020-10-16,21.61,,,,,,,
JR장전2,2020-10-17,21.62,,,,,,,
JR장전2,2020-10-18,21.61,,,,,,,
JR장전2,2020-10-19,21.61,,,,,,,
JR장전2,2020-10-20,21.6,,,,,,,
JR장전2,2020-10-21,21.65,,,,,,,
JR장전2,2020-10-22,21.69,,,,,,,
JR장전2,2020-10-23,21.66,,,,,,,
JR장전2,2020-10-24,21.63,,,,,,,
JR장전2,2020-10-25,21.62,,,,,,,
JR장전2,2020-10-26,21.64,,,,,,,
JR장전2,2020-10-27,21.64,,,,,,,
JR장전2,2020-10-28,21.63,,,,,,,
JR장전2,2020-10-29,21.63,,,,,,,
JR장전2,2020-10-30,21.63,,,,,,,
JR장전2,2020-10-31,21.63,,,,,,,
JR장전2,2020-11-01,21.66,,,,,,,
JR장전2,2020-11-02,21.67,,,,,,,
JR장전2,2020-11-03,21.66,,,,,,,
JR장전2,2020-11-04,21.64,,,,,,,
JR장전2,2020-11-05,21.63,,,,,,,
JR장전2,2020-11-06,21.66,,,,,,,
JR장전2,2020-11-07,21.69,,,,,,,
JR장전2,2020-11-08,21.66,,,,,,,
JR장전2,2020-11-09,21.64,,,,,,,
JR장전2,2020-11-10,21.63,,,,,,,
JR장전2,2020-11-11,21.62,,,,,,,
JR장전2,2020-11-12,21.63,,,,,,,
JR장전2,2020-11-13,21.66,,,,,,,
JR장전2,2020-11-14,21.66,,,,,,,
JR장전2,2020-11-15,21.66,,,,,,,
JR장전2,2020-11-16,21.68,,,,,,,
JR장전2,2020-11-17,21.69,,,,,,,
JR장전2,2020-11-18,21.72,,,,,,,
JR장전2,2020-11-19,21.77,,,,,,,
JR장전2,2020-11-20,21.71,,,,,,,
JR장전2,2020-11-21,21.67,,,,,,,
JR장전2,2020-11-22,21.68,,,,,,,
JR장전2,2020-11-23,21.65,,,,,,,
JR장전2,2020-11-24,21.65,,,,,,,
JR장전2,2020-11-25,21.66,,,,,,,
JR장전2,2020-11-26,21.68,,,,,,,
JR장전2,2020-11-27,21.67,,,,,,,
JR장전2,2020-11-28,21.66,,,,,,,
JR장전2,2020-11-29,21.66,,,,,,,
JR장전2,2020-11-30,21.64,,,,,,,
JR장전2,2020-12-01,21.64,,,,,,,
JR장전2,2020-12-02,21.68,,,,,,,
JR장전2,2020-12-03,21.68,,,,,,,
JR장전2,2020-12-04,21.67,,,,,,,
JR장전2,2020-12-05,21.67,,,,,,,
JR장전2,2020-12-06,21.68,,,,,,,
JR장전2,2020-12-07,21.68,,,,,,,
JR장전2,2020-12-08,21.68,,,,,,,
JR장전2,2020-12-09,21.7,,,,,,,
JR장전2,2020-12-10,21.72,,,,,,,
JR장전2,2020-12-11,21.73,,,,,,,
JR장전2,2020-12-12,21.73,,,,,,,
JR장전2,2020-12-13,21.73,,,,,,,
JR장전2,2020-12-14,21.68,,,,,,,
JR장전2,2020-12-15,21.65,,,,,,,
JR장전2,2020-12-16,21.65,,,,,,,
JR장전2,2020-12-17,21.65,,,,,,,
JR장전2,2020-12-18,21.67,,,,,,,
JR장전2,2020-12-19,21.66,,,,,,,
JR장전2,2020-12-20,21.64,,,,,,,
JR장전2,2020-12-21,21.66,,,,,,,
JR장전2,2020-12-22,21.69,,,,,,,
JR장전2,2020-12-23,21.69,,,,,,,
JR장전2,2020-12-24,21.73,,,,,,,
JR장전2,2020-12-25,21.69,,,,,,,
JR장전2,2020-12-26,21.66,,,,,,,
JR장전2,2020-12-27,21.71,,,,,,,
JR장전2,2020-12-28,21.69,,,,,,,
JR장전2,2020-12-29,21.71,,,,,,,
JR장전2,2020-12-30,21.7,,,,,,,
JR장전2,2020-12-31,21.65,,,,,,,
JR장전2,2021-01-01,21.65,,,,,,,
JR장전2,2021-01-02,21.67,,,,,,,
JR장전2,2021-01-03,21.63,,,,,,,
JR장전2,2021-01-04,21.64,,,,,,,
JR장전2,2021-01-05,21.67,,,,,,,
JR장전2,2021-01-06,21.69,,,,,,,
JR장전2,2021-01-07,21.7,,,,,,,
JR장전2,2021-01-08,21.71,,,,,,,
JR장전2,2021-01-09,21.71,,,,,,,
JR장전2,2021-01-10,21.67,,,,,,,
JR장전2,2021-01-11,21.67,,,,,,,
JR장전2,2021-01-12,21.72,,,,,,,
JR장전2,2021-01-13,21.73,,,,,,,
JR장전2,2021-01-14,21.7,,,,,,,
JR장전2,2021-01-15,21.71,,,,,,,
JR장전2,2021-01-16,21.7,,,,,,,
JR장전2,2021-01-17,21.65,,,,,,,
JR장전2,2021-01-18,21.69,,,,,,,
JR장전2,2021-01-19,21.67,,,,,,,
JR장전2,2021-01-20,21.66,,,,,,,
JR장전2,2021-01-21,21.71,,,,,,,
JR장전2,2021-01-22,21.75,,,,,,,
JR장전2,2021-01-23,21.77,,,,,,,
JR장전2,2021-01-24,21.72,,,,,,,
JR장전2,2021-01-25,21.7,,,,,,,
JR장전2,2021-01-26,21.75,,,,,,,
JR장전2,2021-01-27,21.73,,,,,,,
JR장전2,2021-01-28,21.76,,,,,,,
JR장전2,2021-01-29,21.71,,,,,,,
JR장전2,2021-01-30,21.7,,,,,,,
JR장전2,2021-01-31,21.71,,,,,,,
JR장전2,2021-02-01,21.78,,,,,,,
JR장전2,2021-02-02,21.76,,,,,,,
JR장전2,2021-02-03,21.73,,,,,,,
JR장전2,2021-02-04,21.76,,,,,,,
JR장전2,2021-02-05,21.78,,,,,,,
JR장전2,2021-02-06,21.84,,,,,,,
JR장전2,2021-02-07,21.82,,,,,,,
JR장전2,2021-02-08,21.79,,,,,,,
JR장전2,2021-02-09,21.78,,,,,,,
JR장전2,2021-02-10,21.82,,,,,,,
JR장전2,2021-02-11,21.84,,,,,,,
JR장전2,2021-02-12,21.85,,,,,,,
JR장전2,2021-02-13,21.84,,,,,,,
JR장전2,2021-02-14,21.9,,,,,,,
JR장전2,2021-02-15,21.92,,,,,,,
JR장전2,2021-02-16,21.87,,,,,,,
JR장전2,2021-02-17,21.86,,,,,,,
JR장전2,2021-02-18,21.83,,,,,,,
JR장전2,2021-02-19,21.82,,,,,,,
JR장전2,2021-02-20,21.88,,,,,,,
JR장전2,2021-02-21,21.87,,,,,,,
JR장전2,2021-02-22,21.87,,,,,,,
JR장전2,2021-02-23,21.79,,,,,,,
JR장전2,2021-02-24,21.79,,,,,,,
JR장전2,2021-02-25,21.82,,,,,,,
JR장전2,2021-02-26,21.85,,,,,,,
JR장전2,2021-02-27,21.8,,,,,,,
JR장전2,2021-02-28,21.78,,,,,,,
JR장전2,2021-03-01,21.84,,,,,,,
JR장전2,2021-03-02,21.8,,,,,,,
JR장전2,2021-03-03,21.73,,,,,,,
JR장전2,2021-03-04,21.77,,,,,,,
JR장전2,2021-03-05,21.81,,,,,,,
JR장전2,2021-03-06,21.77,,,,,,,
JR장전2,2021-03-07,21.75,,,,,,,
JR장전2,2021-03-08,21.76,,,,,,,
JR장전2,2021-03-09,21.78,,,,,,,
JR장전2,2021-03-10,21.77,,,,,,,
JR장전2,2021-03-11,21.79,,,,,,,
JR장전2,2021-03-12,21.86,,,,,,,
JR장전2,2021-03-13,21.83,,,,,,,
JR장전2,2021-03-14,21.84,,,,,,,
JR장전2,2021-03-15,21.87,,,,,,,
JR장전2,2021-03-16,21.91,,,,,,,
JR장전2,2021-03-17,21.89,,,,,,,
JR장전2,2021-03-18,21.88,,,,,,,
JR장전2,2021-03-19,21.89,,,,,,,
JR장전2,2021-03-20,21.93,,,,,,,
JR장전2,2021-03-21,21.89,,,,,,,
JR장전2,2021-03-22,21.83,,,,,,,
JR장전2,2021-03-23,21.82,,,,,,,
JR장전2,2021-03-24,21.85,,,,,,,
JR장전2,2021-03-25,21.85,,,,,,,
JR장전2,2021-03-26,21.85,,,,,,,
JR장전2,2021-03-27,21.91,,,,,,,
JR장전2,2021-03-28,21.95,,,,,,,
JR장전2,2021-03-29,21.91,,,,,,,
JR장전2,2021-03-30,21.9,,,,,,,
JR장전2,2021-03-31,21.88,,,,,,,
JR장전2,2021-04-01,21.88,,,,,,,
JR장전2,2021-04-02,21.88,,,,,,,
JR장전2,2021-04-03,21.92,,,,,,,
JR장전2,2021-04-04,21.92,,,,,,,
JR장전2,2021-04-05,21.87,,,,,,,
JR장전2,2021-04-06,21.88,,,,,,,
JR장전2,2021-04-07,21.88,,,,,,,
JR장전2,2021-04-08,21.9,,,,,,,
JR장전2,2021-04-09,21.88,,,,,,,
JR장전2,2021-04-10,21.85,,,,,,,
JR장전2,2021-04-11,21.85,,,,,,,
JR장전2,2021-04-12,21.72,,,,,,,
JR장전2,2021-04-13,21.42,,,,,,,
JR장전2,2021-04-14,21.38,,,,,,,
JR장전2,2021-04-15,21.38,,,,,,,
JR장전2,2021-04-16,21.4,,,,,,,
JR장전2,2021-04-17,21.4,,,,,,,
JR장전2,2021-04-18,21.37,,,,,,,
JR장전2,2021-04-19,21.37,,,,,,,
JR장전2,2021-04-20,21.36,,,,,,,
JR장전2,2021-04-21,21.36,,,,,,,
JR장전2,2021-04-22,21.38,,,,,,,
JR장전2,2021-04-23,21.4,,,,,,,
JR장전2,2021-04-24,21.38,,,,,,,
JR장전2,2021-04-25,21.38,,,,,,,
JR장전2,2021-04-26,21.37,,,,,,,
JR장전2,2021-04-27,21.37,,,,,,,
JR장전2,2021-04-28,21.38,,,,,,,
JR장전2,2021-04-29,21.42,,,,,,,
JR장전2,2021-04-30,21.43,,,,,,,
JR장전2,2021-05-01,21.42,,,,,,,
JR장전2,2021-05-02,21.34,,,,,,,
JR장전2,2021-05-03,21.31,,,,,,,
JR장전2,2021-05-04,21.42,,,,,,,
JR장전2,2021-05-05,21.46,,,,,,,
JR장전2,2021-05-06,21.42,,,,,,,
JR장전2,2021-05-07,21.48,,,,,,,
JR장전2,2021-05-08,21.5,,,,,,,
JR장전2,2021-05-09,21.48,,,,,,,
JR장전2,2021-05-10,21.48,,,,,,,
JR장전2,2021-05-11,21.5,,,,,,,
JR장전2,2021-05-12,21.51,,,,,,,
JR장전2,2021-05-13,21.49,,,,,,,
JR장전2,2021-05-14,21.5,,,,,,,
JR장전2,2021-05-15,21.52,,,,,,,
JR장전2,2021-05-16,21.55,,,,,,,
JR장전2,2021-05-17,21.52,,,,,,,
JR장전2,2021-05-18,21.49,,,,,,,
JR장전2,2021-05-19,21.49,,,,,,,
JR장전2,2021-05-20,21.54,,,,,,,
JR장전2,2021-05-21,21.51,,,,,,,
JR장전2,2021-05-22,21.45,,,,,,,
JR장전2,2021-05-23,21.45,,,,,,,
JR장전2,2021-05-24,21.47,,,,,,,
JR장전2,2021-05-25,21.46,,,,,,,
JR장전2,2021-05-26,21.46,,,,,,,
JR장전2,2021-05-27,21.5,,,,,,,
JR장전2,2021-05-28,21.5,,,,,,,
JR장전2,2021-05-29,21.47,,,,,,,
JR장전2,2021-05-30,21.45,,,,,,,
JR장전2,2021-05-31,21.44,,,,,,,
JR장전2,2021-06-01,21.42,,,,,,,
JR장전2,2021-06-02,21.44,,,,,,,
JR장전2,2021-06-03,21.5,,,,,,,
JR장전2,2021-06-04,21.5,,,,,,,
JR장전2,2021-06-05,21.48,,,,,,,
JR장전2,2021-06-06,21.45,,,,,,,
JR장전2,2021-06-07,21.38,,,,,,,
JR장전2,2021-06-08,21.34,,,,,,,
JR장전2,2021-06-09,21.35,,,,,,,
JR장전2,2021-06-10,21.38,,,,,,,
JR장전2,2021-06-11,21.39,,,,,,,
JR장전2,2021-06-12,21.36,,,,,,,
JR장전2,2021-06-13,21.37,,,,,,,
JR장전2,2021-06-14,21.4,,,,,,,
JR장전2,2021-06-15,21.45,,,,,,,
JR장전2,2021-06-16,21.43,,,,,,,
JR장전2,2021-06-17,21.39,,,,,,,
JR장전2,2021-06-18,21.43,,,,,,,
JR장전2,2021-06-19,21.45,,,,,,,
JR장전2,2021-06-20,21.44,,,,,,,
JR장전2,2021-06-21,21.43,,,,,,,
JR장전2,2021-06-22,21.41,,,,,,,
JR장전2,2021-06-23,21.4,,,,,,,
JR장전2,2021-06-24,21.41,,,,,,,
JR장전2,2021-06-25,21.42,,,,,,,
JR장전2,2021-06-26,21.44,,,,,,,
JR장전2,2021-06-27,21.47,,,,,,,
JR장전2,2021-06-28,21.48,,,,,,,
JR장전2,2021-06-29,21.45,,,,,,,
JR장전2,2021-06-30,21.44,,,,,,,
JR장전2,2021-07-01,21.44,,,,,,,
JR장전2,2021-07-02,21.42,,,,,,,
JR장전2,2021-07-03,21.43,,,,,,,
JR장전2,2021-07-04,21.4,,,,,,,
JR장전2,2021-07-05,21.38,,,,,,,
JR장전2,2021-07-06,21.39,,,,,,,
JR장전2,2021-07-07,21.39,,,,,,,
JR장전2,2021-07-08,21.4,,,,,,,
JR장전2,2021-07-09,21.39,,,,,,,
JR장전2,2021-07-10,21.37,,,,,,,
JR장전2,2021-07-11,21.35,,,,,,,
JR장전2,2021-07-12,21.36,,,,,,,
JR장전2,2021-07-13,21.36,,,,,,,
JR장전2,2021-07-14,21.35,,,,,,,
JR장전2,2021-07-15,21.34,,,,,,,
JR장전2,2021-07-16,21.35,,,,,,,
JR장전2,2021-07-17,21.37,,,,,,,
JR장전2,2021-07-18,21.38,,,,,,,
JR장전2,2021-07-19,21.36,,,,,,,
JR장전2,2021-07-20,21.35,,,,,,,
JR장전2,2021-07-21,21.36,,,,,,,
JR장전2,2021-07-22,21.37,,,,,,,
JR장전2,2021-07-23,21.38,,,,,,,
JR장전2,2021-07-24,21.38,,,,,,,
JR장전2,2021-07-25,21.4,,,,,,,
JR장전2,2021-07-26,21.4,,,,,,,
JR장전2,2021-07-27,21.39,,,,,,,
JR장전2,2021-07-28,21.38,,,,,,,
JR장전2,2021-07-29,21.38,,,,,,,
JR장전2,2021-07-30,21.38,,,,,,,
JR장전2,2021-07-31,21.37,,,,,,,
JR장전2,2021-08-01,21.38,,,,,,,
JR장전2,2021-08-02,21.35,,,,,,,
JR장전2,2021-08-03,21.32,,,,,,,
JR장전2,2021-08-04,21.31,,,,,,,
JR장전2,2021-08-05,21.34,,,,,,,
JR장전2,2021-08-06,21.36,,,,,,,
JR장전2,2021-08-07,21.36,,,,,,,
JR장전2,2021-08-08,21.37,,,,,,,
JR장전2,2021-08-09,21.35,,,,,,,
JR장전2,2021-08-10,21.31,,,,,,,
JR장전2,2021-08-11,21.31,,,,,,,
JR장전2,2021-08-12,21.32,,,,,,,
JR장전2,2021-08-13,21.36,,,,,,,
JR장전2,2021-08-14,21.35,,,,,,,
JR장전2,2021-08-15,21.29,,,,,,,
JR장전2,2021-08-16,21.3,,,,,,,
JR장전2,2021-08-17,21.33,,,,,,,
JR장전2,2021-08-18,21.33,,,,,,,
JR장전2,2021-08-19,21.55,,,,,,,
JR장전2,2021-08-20,22.22,,,,,,,
JR장전2,2021-08-21,22.28,,,,,,,
JR장전2,2021-08-22,22.26,,,,,,,
JR장전2,2021-08-23,22.29,,,,,,,
JR장전2,2021-08-24,22.32,,,,,,,
JR장전2,2021-08-25,22.29,,,,,,,
JR장전2,2021-08-26,22.25,,,,,,,
JR장전2,2021-08-27,22.27,,,,,,,
JR장전2,2021-08-28,22.28,,,,,,,
JR장전2,2021-08-29,22.28,,,,,,,
JR장전2,2021-08-30,22.28,,,,,,,
JR장전2,2021-08-31,22.3,,,,,,,
JR장전2,2021-09-01,22.34,,,,,,,
JR장전2,2021-09-02,22.35,,,,,,,
JR장전2,2021-09-03,22.36,,,,,,,
JR장전2,2021-09-04,22.31,,,,,,,
JR장전2,2021-09-05,22.29,,,,,,,
JR장전2,2021-09-06,22.31,,,,,,,
JR장전2,2021-09-07,22.34,,,,,,,
JR장전2,2021-09-08,22.33,,,,,,,
JR장전2,2021-09-09,22.31,,,,,,,
JR장전2,2021-09-10,22.32,,,,,,,
JR장전2,2021-09-11,22.33,,,,,,,
JR장전2,2021-09-12,22.34,,,,,,,
JR장전2,2021-09-13,22.34,,,,,,,
JR장전2,2021-09-14,22.38,,,,,,,
JR장전2,2021-09-15,22.35,,,,,,,
JR장전2,2021-09-16,22.39,,,,,,,
JR장전2,2021-09-17,22.42,,,,,,,
JR장전2,2021-09-18,22.59,,,,,,,
JR장전2,2021-09-19,22.67,,,,,,,
JR장전2,2021-09-20,22.72,,,,,,,
JR장전2,2021-09-21,22.7,,,,,,,
JR장전2,2021-09-22,22.63,,,,,,,
JR장전2,2021-09-23,22.55,,,,,,,
JR장전2,2021-09-24,22.49,,,,,,,
JR장전2,2021-09-25,22.49,,,,,,,
JR장전2,2021-09-26,22.51,,,,,,,
JR장전2,2021-09-27,22.53,,,,,,,
JR장전2,2021-09-28,22.55,,,,,,,
JR장전2,2021-09-29,22.56,,,,,,,
JR장전2,2021-09-30,22.57,,,,,,,
JR장전2,2021-10-01,22.53,,,,,,,
JR장전2,2021-10-02,22.48,,,,,,,
JR장전2,2021-10-03,22.44,,,,,,,
JR장전2,2021-10-04,22.44,,,,,,,
JR장전2,2021-10-05,22.44,,,,,,,
JR장전2,2021-10-06,22.47,,,,,,,
JR장전2,2021-10-07,22.48,,,,,,,
JR장전2,2021-10-08,22.46,,,,,,,
JR장전2,2021-10-09,22.44,,,,,,,
JR장전2,2021-10-10,22.46,,,,,,,
JR장전2,2021-10-11,22.46,,,,,,,
JR장전2,2021-10-12,22.44,,,,,,,
JR장전2,2021-10-13,22.42,,,,,,,
JR장전2,2021-10-14,22.44,,,,,,,
JR장전2,2021-10-15,22.46,,,,,,,
JR장전2,2021-10-16,22.41,,,,,,,
JR장전2,2021-10-17,22.36,,,,,,,
JR장전2,2021-10-18,22.39,,,,,,,
JR장전2,2021-10-19,22.42,,,,,,,
JR장전2,2021-10-20,22.4,,,,,,,
JR장전2,2021-10-21,22.41,,,,,,,
JR장전2,2021-10-22,22.38,,,,,,,
JR장전2,2021-10-23,22.33,,,,,,,
JR장전2,2021-10-24,22.36,,,,,,,
JR장전2,2021-10-25,22.39,,,,,,,
JR장전2,2021-10-26,22.39,,,,,,,
JR장전2,2021-10-27,22.38,,,,,,,
JR장전2,2021-10-28,22.36,,,,,,,
JR장전2,2021-10-29,22.35,,,,,,,
JR장전2,2021-10-30,22.36,,,,,,,
JR장전2,2021-10-31,22.34,,,,,,,
JR장전2,2021-11-01,22.34,,,,,,,
JR장전2,2021-11-02,22.36,,,,,,,
JR장전2,2021-11-03,22.37,,,,,,,
JR장전2,2021-11-04,22.36,,,,,,,
JR장전2,2021-11-05,22.37,,,,,,,
JR장전2,2021-11-06,22.38,,,,,,,
JR장전2,2021-11-07,22.36,,,,,,,
JR장전2,2021-11-08,22.37,,,,,,,
JR장전2,2021-11-09,22.36,,,,,,,
JR장전2,2021-11-10,22.38,,,,,,,
JR장전2,2021-11-11,22.35,,,,,,,
JR장전2,2021-11-12,22.3,,,,,,,
JR장전2,2021-11-13,22.29,,,,,,,
JR장전2,2021-11-14,22.3,,,,,,,
JR장전2,2021-11-15,22.29,,,,,,,
JR장전2,2021-11-16,21.98,,,,,,,
JR장전2,2021-11-17,21.46,,,,,,,
JR장전2,2021-11-18,21.49,,,,,,,
JR장전2,2021-11-19,21.49,,,,,,,
JR장전2,2021-11-20,21.48,,,,,,,
JR장전2,2021-11-21,21.51,,,,,,,
JR장전2,2021-11-22,21.5,,,,,,,
JR장전2,2021-11-23,21.48,,,,,,,
JR장전2,2021-11-24,21.48,,,,,,,
JR장전2,2021-11-25,21.48,,,,,,,
JR장전2,2021-11-26,21.42,,,,,,,
JR장전2,2021-11-27,21.38,,,,,,,
JR장전2,2021-11-28,21.4,,,,,,,
JR장전2,2021-11-29,21.47,,,,,,,
JR장전2,2021-11-30,21.56,,,,,,,
JR장전2,2021-12-01,21.19,,,,,,,
JR장전2,2021-12-02,21.2,,,,,,,
JR장전2,2021-12-03,21.2,,,,,,,
JR장전2,2021-12-04,21.13,,,,,,,
JR장전2,2021-12-05,21.12,,,,,,,
JR장전2,2021-12-06,21.15,,,,,,,
JR장전2,2021-12-07,21.13,,,,,,,
JR장전2,2021-12-08,21.1,,,,,,,
JR장전2,2021-12-09,21.13,,,,,,,
JR장전2,2021-12-10,21.15,,,,,,,
JR장전2,2021-12-11,21.13,,,,,,,
JR장전2,2021-12-12,21.13,,,,,,,
JR장전2,2021-12-13,21.12,,,,,,,
JR장전2,2021-12-14,21.15,,,,,,,
JR장전2,2021-12-15,21.15,,,,,,,
JR장전2,2021-12-16,21.16,,,,,,,
JR장전2,2021-12-17,21.1,,,,,,,
JR장전2,2021-12-18,21.07,,,,,,,
JR장전2,2021-12-19,21.1,,,,,,,
JR장전2,2021-12-20,21.13,,,,,,,
JR장전2,2021-12-21,21.15,,,,,,,
JR장전2,2021-12-22,21.11,,,,,,,
JR장전2,2021-12-23,21.09,,,,,,,
JR장전2,2021-12-24,21.12,,,,,,,
JR장전2,2021-12-25,21.04,,,,,,,
JR장전2,2021-12-26,21.03,,,,,,,
JR장전2,2021-12-27,21.05,,,,,,,
JR장전2,2021-12-28,21.08,,,,,,,
JR장전2,2021-12-29,21.13,,,,,,,
JR장전2,2021-12-30,21.09,,,,,,,
JR장전2,2021-12-31,21.34,,,,,,,
JR장전2,2022-01-01,21.36,,,,,,,
JR장전2,2022-01-02,21.38,,,,,,,
JR장전2,2022-01-03,21.39,,,,,,,
JR장전2,2022-01-04,21.38,,,,,,,
JR장전2,2022-01-05,21.4,,,,,,,
JR장전2,2022-01-06,21.38,,,,,,,
JR장전2,2022-01-07,21.37,,,,,,,
JR장전2,2022-01-08,21.41,,,,,,,
JR장전2,2022-01-09,21.43,,,,,,,
JR장전2,2022-01-10,21.44,,,,,,,
JR장전2,2022-01-11,21.43,,,,,,,
JR장전2,2022-01-12,21.4,,,,,,,
JR장전2,2022-01-13,21.42,,,,,,,
JR장전2,2022-01-14,21.38,,,,,,,
JR장전2,2022-01-15,21.4,,,,,,,
JR장전2,2022-01-16,21.38,,,,,,,
JR장전2,2022-01-17,21.37,,,,,,,
JR장전2,2022-01-18,21.38,,,,,,,
JR장전2,2022-01-19,21.4,,,,,,,
JR장전2,2022-01-20,21.39,,,,,,,
JR장전2,2022-01-21,21.37,,,,,,,
JR장전2,2022-01-22,21.41,,,,,,,
JR장전2,2022-01-23,21.45,,,,,,,
JR장전2,2022-01-24,21.43,,,,,,,
JR장전2,2022-01-25,21.4,,,,,,,
JR장전2,2022-01-26,21.38,,,,,,,
JR장전2,2022-01-27,21.39,,,,,,,
JR장전2,2022-01-28,21.39,,,,,,,
JR장전2,2022-01-29,21.42,,,,,,,
JR장전2,2022-01-30,21.41,,,,,,,
JR장전2,2022-01-31,21.37,,,,,,,
JR장전2,2022-02-01,21.36,,,,,,,
JR장전2,2022-02-02,21.36,,,,,,,
JR장전2,2022-02-03,21.38,,,,,,,
JR장전2,2022-02-04,21.38,,,,,,,
JR장전2,2022-02-05,21.37,,,,,,,
JR장전2,2022-02-06,21.34,,,,,,,
JR장전2,2022-02-07,21.36,,,,,,,
JR장전2,2022-02-08,21.36,,,,,,,
JR장전2,2022-02-09,21.37,,,,,,,
JR장전2,2022-02-10,21.37,,,,,,,
JR장전2,2022-02-11,21.35,,,,,,,
JR장전2,2022-02-12,21.36,,,,,,,
JR장전2,2022-02-13,21.4,,,,,,,
JR장전2,2022-02-14,21.38,,,,,,,
JR장전2,2022-02-15,21.35,,,,,,,
JR장전2,2022-02-16,21.35,,,,,,,
JR장전2,2022-02-17,21.33,,,,,,,
JR장전2,2022-02-18,21.34,,,,,,,
JR장전2,2022-02-19,21.37,,,,,,,
JR장전2,2022-02-20,21.33,,,,,,,
JR장전2,2022-02-21,21.31,,,,,,,
JR장전2,2022-02-22,21.3,,,,,,,
JR장전2,2022-02-23,21.3,,,,,,,
JR장전2,2022-02-24,21.31,,,,,,,
JR장전2,2022-02-25,21.33,,,,,,,
JR장전2,2022-02-26,21.39,,,,,,,
JR장전2,2022-02-27,21.36,,,,,,,
JR장전2,2022-02-28,21.38,,,,,,,
JR장전2,2022-03-01,21.41,,,,,,,
JR장전2,2022-03-02,21.36,,,,,,,
JR장전2,2022-03-03,21.36,,,,,,,
JR장전2,2022-03-04,21.39,,,,,,,
JR장전2,2022-03-05,21.36,,,,,,,
JR장전2,2022-03-06,21.32,,,,,,,
JR장전2,2022-03-07,21.35,,,,,,,
JR장전2,2022-03-08,21.35,,,,,,,
JR장전2,2022-03-09,21.32,,,,,,,
JR장전2,2022-03-10,21.33,,,,,,,
JR장전2,2022-03-11,21.35,,,,,,,
JR장전2,2022-03-12,21.36,,,,,,,
JR장전2,2022-03-13,21.39,,,,,,,
JR장전2,2022-03-14,21.37,,,,,,,
JR장전2,2022-03-15,21.36,,,,,,,
JR장전2,2022-03-16,21.35,,,,,,,
JR장전2,2022-03-17,21.36,,,,,,,
JR장전2,2022-03-18,21.42,,,,,,,
JR장전2,2022-03-19,21.37,,,,,,,
JR장전2,2022-03-20,21.28,,,,,,,
JR장전2,2022-03-21,21.28,,,,,,,
JR장전2,2022-03-22,21.3,,,,,,,
JR장전2,2022-03-23,21.32,,,,,,,
JR장전2,2022-03-24,21.3,,,,,,,
JR장전2,2022-03-25,21.37,,,,,,,
JR장전2,2022-03-26,21.41,,,,,,,
JR장전2,2022-03-27,21.29,,,,,,,
JR장전2,2022-03-28,21.24,,,,,,,
JR장전2,2022-03-29,21.25,,,,,,,
JR장전2,2022-03-30,21.29,,,,,,,
JR장전2,2022-03-31,21.26,,,,,,,
JR장전2,2022-04-01,21.23,,,,,,,
JR장전2,2022-04-02,21.25,,,,,,,
JR장전2,2022-04-03,21.25,,,,,,,
JR장전2,2022-04-04,21.26,,,,,,,
JR장전2,2022-04-05,21.31,,,,,,,
JR장전2,2022-04-06,21.32,,,,,,,
JR장전2,2022-04-07,21.33,,,,,,,
JR장전2,2022-04-08,21.32,,,,,,,
JR장전2,2022-04-09,21.34,,,,,,,
JR장전2,2022-04-10,21.33,,,,,,,
JR장전2,2022-04-11,21.35,,,,,,,
JR장전2,2022-04-12,21.35,,,,,,,
JR장전2,2022-04-13,21.34,,,,,,,
JR장전2,2022-04-14,21.32,,,,,,,
JR장전2,2022-04-15,21.28,,,,,,,
JR장전2,2022-04-16,21.27,,,,,,,
JR장전2,2022-04-17,21.25,,,,,,,
JR장전2,2022-04-18,21.27,,,,,,,
JR장전2,2022-04-19,21.26,,,,,,,
JR장전2,2022-04-20,21.27,,,,,,,
JR장전2,2022-04-21,21.29,,,,,,,
JR장전2,2022-04-22,21.28,,,,,,,
JR장전2,2022-04-23,21.28,,,,,,,
JR장전2,2022-04-24,21.28,,,,,,,
JR장전2,2022-04-25,21.29,,,,,,,
JR장전2,2022-04-26,21.33,,,,,,,
JR장전2,2022-04-27,21.22,,,,,,,
JR장전2,2022-04-28,21.22,,,,,,,
JR장전2,2022-04-29,21.23,,,,,,,
JR장전2,2022-04-30,21.2,,,,,,,
JR장전2,2022-05-01,21.22,,,,,,,
JR장전2,2022-05-02,21.22,,,,,,,
JR장전2,2022-05-03,21.18,,,,,,,
JR장전2,2022-05-04,21.18,,,,,,,
JR장전2,2022-05-05,21.21,,,,,,,
JR장전2,2022-05-06,21.22,,,,,,,
JR장전2,2022-05-07,21.2,,,,,,,
JR장전2,2022-05-08,21.2,,,,,,,
JR장전2,2022-05-09,21.21,,,,,,,
JR장전2,2022-05-10,21.22,,,,,,,
JR장전2,2022-05-11,21.21,,,,,,,
JR장전2,2022-05-12,21.24,,,,,,,
JR장전2,2022-05-13,21.25,,,,,,,
JR장전2,2022-05-14,21.18,,,,,,,
JR장전2,2022-05-15,21.17,,,,,,,
JR장전2,2022-05-16,21.19,,,,,,,
JR장전2,2022-05-17,21.17,,,,,,,
JR장전2,2022-05-18,21.14,,,,,,,
JR장전2,2022-05-19,21.15,,,,,,,
JR장전2,2022-05-20,21.2,,,,,,,
JR장전2,2022-05-21,21.22,,,,,,,
JR장전2,2022-05-22,21.2,,,,,,,
JR장전2,2022-05-23,21.16,,,,,,,
JR장전2,2022-05-24,21.16,,,,,,,
JR장전2,2022-05-25,21.19,,,,,,,
JR장전2,2022-05-26,21.21,,,,,,,
JR장전2,2022-05-27,21.21,,,,,,,
JR장전2,2022-05-28,21.18,,,,,,,
JR장전2,2022-05-29,21.21,,,,,,,
JR장전2,2022-05-30,21.21,,,,,,,
JR장전2,2022-05-31,21.14,,,,,,,
JR장전2,2022-06-01,21.17,,,,,,,
JR장전2,2022-06-02,21.16,,,,,,,
JR장전2,2022-06-03,21.14,,,,,,,
JR장전2,2022-06-04,21.15,,,,,,,
JR장전2,2022-06-05,21.25,,,,,,,
JR장전2,2022-06-06,21.2,,,,,,,
JR장전2,2022-06-07,21.14,,,,,,,
JR장전2,2022-06-08,21.1,,,,,,,
JR장전2,2022-06-09,21.09,,,,,,,
JR장전2,2022-06-10,21.1,,,,,,,
JR장전2,2022-06-11,21.12,,,,,,,
JR장전2,2022-06-12,21.11,,,,,,,
JR장전2,2022-06-13,21.16,,,,,,,
JR장전2,2022-06-14,21.15,,,,,,,
JR장전2,2022-06-15,21.12,,,,,,,
JR장전2,2022-06-16,21.11,,,,,,,
JR장전2,2022-06-17,21.11,,,,,,,
JR장전2,2022-06-18,21.11,,,,,,,
JR장전2,2022-06-19,21.12,,,,,,,
JR장전2,2022-06-20,21.14,,,,,,,
JR장전2,2022-06-21,21.14,,,,,,,
JR장전2,2022-06-22,21.09,,,,,,,
JR장전2,2022-06-23,21.12,,,,,,,
JR장전2,2022-06-24,21.13,,,,,,,
JR장전2,2022-06-25,21.09,,,,,,,
JR장전2,2022-06-26,21.06,,,,,,,
JR장전2,2022-06-27,21.08,,,,,,,
JR장전2,2022-06-28,21.1,,,,,,,
JR장전2,2022-06-29,21.09,,,,,,,
JR장전2,2022-06-30,21.05,,,,,,,
JR장전2,2022-07-01,21.04,,,,,,,
JR장전2,2022-07-02,21.06,,,,,,,
JR장전2,2022-07-03,21.1,,,,,,,
JR장전2,2022-07-04,21.12,,,,,,,
JR장전2,2022-07-05,21.09,,,,,,,
JR장전2,2022-07-06,21.06,,,,,,,
JR장전2,2022-07-07,21.06,,,,,,,
JR장전2,2022-07-08,21.09,,,,,,,
JR장전2,2022-07-09,21.08,,,,,,,
JR장전2,2022-07-10,21.06,,,,,,,
JR장전2,2022-07-11,21.06,,,,,,,
JR장전2,2022-07-12,21.05,,,,,,,
JR장전2,2022-07-13,21.07,,,,,,,
JR장전2,2022-07-14,21.09,,,,,,,
JR장전2,2022-07-15,21.1,,,,,,,
JR장전2,2022-07-16,21.08,,,,,,,
JR장전2,2022-07-17,21.06,,,,,,,
JR장전2,2022-07-18,21.08,,,,,,,
JR장전2,2022-07-19,21.03,,,,,,,
JR장전2,2022-07-20,21.01,,,,,,,
JR장전2,2022-07-21,21.03,,,,,,,
JR장전2,2022-07-22,21.02,,,,,,,
JR장전2,2022-07-23,21.04,,,,,,,
JR장전2,2022-07-24,21.04,,,,,,,
JR장전2,2022-07-25,21.0,,,,,,,
JR장전2,2022-07-26,21.0,,,,,,,
JR장전2,2022-07-27,21.01,,,,,,,
JR장전2,2022-07-28,21.0,,,,,,,
JR장전2,2022-07-29,21.0,,,,,,,
JR장전2,2022-07-30,21.04,,,,,,,
JR장전2,2022-07-31,21.06,,,,,,,
JR장전2,2022-08-01,21.03,,,,,,,
JR장전2,2022-08-02,20.97,,,,,,,
JR장전2,2022-08-03,20.96,,,,,,,
JR장전2,2022-08-04,20.98,,,,,,,
JR장전2,2022-08-05,21.0,,,,,,,
JR장전2,2022-08-06,21.01,,,,,,,
JR장전2,2022-08-07,20.99,,,,,,,
JR장전2,2022-08-08,20.98,,,,,,,
JR장전2,2022-08-09,20.99,,,,,,,
JR장전2,2022-08-10,21.0,,,,,,,
JR장전2,2022-08-11,21.0,,,,,,,
JR장전2,2022-08-12,21.0,,,,,,,
JR장전2,2022-08-13,21.0,,,,,,,
JR장전2,2022-08-14,20.99,,,,,,,
JR장전2,2022-08-15,21.01,,,,,,,
JR장전2,2022-08-16,21.0,,,,,,,
JR장전2,2022-08-17,20.99,,,,,,,
JR장전2,2022-08-18,20.98,,,,,,,
JR장전2,2022-08-19,21.0,,,,,,,
JR장전2,2022-08-20,21.0,,,,,,,
JR장전2,2022-08-21,20.99,,,,,,,
JR장전2,2022-08-22,20.98,,,,,,,
JR장전2,2022-08-23,20.97,,,,,,,
JR장전2,2022-08-24,20.96,,,,,,,
JR장전2,2022-08-25,20.96,,,,,,,
JR장전2,2022-08-26,20.97,,,,,,,
JR장전2,2022-08-27,20.97,,,,,,,
JR장전2,2022-08-28,20.96,,,,,,,
JR장전2,2022-08-29,20.97,,,,,,,
JR장전2,2022-08-30,21.0,,,,,,,
JR장전2,2022-08-31,21.01,,,,,,,
JR장전2,2022-09-01,20.98,,,,,,,
JR장전2,2022-09-02,20.99,,,,,,,
JR장전2,2022-09-03,21.01,,,,,,,
JR장전2,2022-09-04,21.02,,,,,,,
JR장전2,2022-09-05,21.13,,,,,,,
JR장전2,2022-09-06,21.02,,,,,,,
JR장전2,2022-09-07,20.91,,,,,,,
JR장전2,2022-09-08,20.94,,,,,,,
JR장전2,2022-09-09,20.96,,,,,,,
JR장전2,2022-09-10,20.98,,,,,,,
JR장전2,2022-09-11,21.0,,,,,,,
JR장전2,2022-09-12,21.01,,,,,,,
JR장전2,2022-09-13,21.01,,,,,,,
JR장전2,2022-09-14,21.02,,,,,,,
JR장전2,2022-09-15,21.04,,,,,,,
JR장전2,2022-09-16,21.04,,,,,,,
JR장전2,2022-09-17,21.05,,,,,,,
JR장전2,2022-09-18,21.11,,,,,,,
JR장전2,2022-09-19,21.09,,,,,,,
JR장전2,2022-09-20,20.99,,,,,,,
JR장전2,2022-09-21,20.96,,,,,,,
JR장전2,2022-09-22,20.99,,,,,,,
JR장전2,2022-09-23,21.0,,,,,,,
JR장전2,2022-09-24,20.99,,,,,,,
JR장전2,2022-09-25,21.01,,,,,,,
JR장전2,2022-09-26,21.0,,,,,,,
JR장전2,2022-09-27,21.01,,,,,,,
JR장전2,2022-09-28,21.02,,,,,,,
JR장전2,2022-09-29,21.01,,,,,,,
JR장전2,2022-09-30,20.99,,,,,,,
JR장전2,2022-10-01,20.98,,,,,,,
JR장전2,2022-10-02,20.99,,,,,,,
JR장전2,2022-10-03,21.0,,,,,,,
JR장전2,2022-10-04,21.0,,,,,,,
JR장전2,2022-10-05,20.96,,,,,,,
JR장전2,2022-10-06,20.97,,,,,,,
JR장전2,2022-10-07,20.97,,,,,,,
JR장전2,2022-10-08,20.96,,,,,,,
JR장전2,2022-10-09,20.99,,,,,,,
JR장전2,2022-10-10,20.97,,,,,,,
JR장전2,2022-10-11,20.94,,,,,,,
JR장전2,2022-10-12,20.92,,,,,,,
JR장전2,2022-10-13,20.95,,,,,,,
JR장전2,2022-10-14,20.98,,,,,,,
JR장전2,2022-10-15,20.98,,,,,,,
JR장전2,2022-10-16,20.97,,,,,,,
JR장전2,2022-10-17,20.95,,,,,,,
JR장전2,2022-10-18,20.92,,,,,,,
JR장전2,2022-10-19,20.9,,,,,,,
JR장전2,2022-10-20,20.89,,,,,,,
JR장전2,2022-10-21,20.92,,,,,,,
JR장전2,2022-10-22,20.95,,,,,,,
JR장전2,2022-10-23,20.96,,,,,,,
JR장전2,2022-10-24,20.93,,,,,,,
JR장전2,2022-10-25,20.89,,,,,,,
JR장전2,2022-10-26,20.89,,,,,,,
JR장전2,2022-10-27,20.91,,,,,,,
JR장전2,2022-10-28,20.9,,,,,,,
JR장전2,2022-10-29,20.9,,,,,,,
JR장전2,2022-10-30,20.91,,,,,,,
JR장전2,2022-10-31,20.91,,,,,,,
JR장전2,2022-11-01,20.92,,,,,,,
JR장전2,2022-11-02,20.92,,,,,,,
JR장전2,2022-11-03,20.92,,,,,,,
JR장전2,2022-11-04,20.87,,,,,,,
JR장전2,2022-11-05,20.85,,,,,,,
JR장전2,2022-11-06,20.86,,,,,,,
JR장전2,2022-11-07,20.87,,,,,,,
JR장전2,2022-11-08,20.85,,,,,,,
JR장전2,2022-11-09,20.85,,,,,,,
JR장전2,2022-11-10,20.87,,,,,,,
JR장전2,2022-11-11,20.86,,,,,,,
JR장전2,2022-11-12,20.9,,,,,,,
JR장전2,2022-11-13,20.9,,,,,,,
JR장전2,2022-11-14,20.86,,,,,,,
JR장전2,2022-11-15,20.84,,,,,,,
JR장전2,2022-11-16,20.82,,,,,,,
JR장전2,2022-11-17,20.81,,,,,,,
JR장전2,2022-11-18,20.81,,,,,,,
JR장전2,2022-11-19,20.83,,,,,,,
JR장전2,2022-11-20,20.85,,,,,,,
JR장전2,2022-11-21,20.82,,,,,,,
JR장전2,2022-11-22,20.84,,,,,,,
JR장전2,2022-11-23,20.85,,,,,,,
JR장전2,2022-11-24,20.82,,,,,,,
JR장전2,2022-11-25,20.83,,,,,,,
JR장전2,2022-11-26,20.85,,,,,,,
JR장전2,2022-11-27,20.83,,,,,,,
JR장전2,2022-11-28,20.87,,,,,,,
JR장전2,2022-11-29,20.86,,,,,,,
JR장전2,2022-11-30,20.73,,,,,,,
JR장전2,2022-12-01,20.75,,,,,,,
JR장전2,2022-12-02,20.77,,,,,,,
JR장전2,2022-12-03,20.81,,,,,,,
JR장전2,2022-12-04,20.78,,,,,,,
JR장전2,2022-12-05,20.79,,,,,,,
JR장전2,2022-12-06,20.8,,,,,,,
JR장전2,2022-12-07,20.8,,,,,,,
JR장전2,2022-12-08,20.8,,,,,,,
JR장전2,2022-12-09,20.83,,,,,,,
JR장전2,2022-12-10,20.84,,,,,,,
JR장전2,2022-12-11,20.81,,,,,,,
JR장전2,2022-12-12,20.81,,,,,,,
JR장전2,2022-12-13,20.8,,,,,,,
JR장전2,2022-12-14,20.76,,,,,,,
JR장전2,2022-12-15,20.78,,,,,,,
JR장전2,2022-12-16,20.76,,,,,,,
JR장전2,2022-12-17,20.78,,,,,,,
JR장전2,2022-12-18,20.8,,,,,,,
JR장전2,2022-12-19,20.78,,,,,,,
JR장전2,2022-12-20,20.79,,,,,,,
JR장전2,2022-12-21,20.9,,,,,,,
JR장전2,2022-12-22,20.89,,,,,,,
JR장전2,2022-12-23,20.84,,,,,,,
JR장전2,2022-12-24,20.8,,,,,,,
JR장전2,2022-12-25,20.76,,,,,,,
JR장전2,2022-12-26,20.75,,,,,,,
JR장전2,2022-12-27,20.73,,,,,,,
JR장전2,2022-12-28,20.73,,,,,,,
JR장전2,2022-12-29,20.72,,,,,,,
JR장전2,2022-12-30,20.73,,,,,,,
JR장전2,2022-12-31,20.74,,,,,,,
JR장전2,2023-01-01,20.75,,,,,,,
JR장전2,2023-01-02,20.74,,,,,,,
JR장전2,2023-01-03,20.76,,,,,,,
JR장전2,2023-01-04,20.75,,,,,,,
JR장전2,2023-01-05,20.75,,,,,,,
JR장전2,2023-01-06,20.81,,,,,,,
JR장전2,2023-01-07,20.81,,,,,,,
JR장전2,2023-01-08,20.78,,,,,,,
JR장전2,2023-01-09,20.78,,,,,,,
JR장전2,2023-01-10,20.75,,,,,,,
JR장전2,2023-01-11,20.76,,,,,,,
JR장전2,2023-01-12,20.8,,,,,,,
JR장전2,2023-01-13,20.87,,,,,,,
JR장전2,2023-01-14,20.84,,,,,,,
JR장전2,2023-01-15,20.78,,,,,,,
JR장전2,2023-01-16,20.74,,,,,,,
JR장전2,2023-01-17,20.73,,,,,,,
JR장전2,2023-01-18,20.74,,,,,,,
JR장전2,2023-01-19,20.75,,,,,,,
JR장전2,2023-01-20,20.73,,,,,,,
JR장전2,2023-01-21,20.72,,,,,,,
JR장전2,2023-01-22,20.78,,,,,,,
JR장전2,2023-01-23,20.78,,,,,,,
JR장전2,2023-01-24,20.73,,,,,,,
JR장전2,2023-01-25,20.71,,,,,,,
JR장전2,2023-01-26,20.77,,,,,,,
JR장전2,2023-01-27,20.77,,,,,,,
JR장전2,2023-01-28,20.75,,,,,,,
JR장전2,2023-01-29,20.76,,,,,,,
JR장전2,2023-01-30,20.74,,,,,,,
JR장전2,2023-01-31,20.77,,,,,,,
JR장전2,2023-02-01,20.76,,,,,,,
JR장전2,2023-02-02,20.71,,,,,,,
JR장전2,2023-02-03,20.73,,,,,,,
JR장전2,2023-02-04,20.72,,,,,,,
JR장전2,2023-02-05,20.72,,,,,,,
JR장전2,2023-02-06,20.76,,,,,,,
JR장전2,2023-02-07,20.76,,,,,,,
JR장전2,2023-02-08,20.69,,,,,,,
JR장전2,2023-02-09,20.72,,,,,,,
JR장전2,2023-02-10,20.76,,,,,,,
JR장전2,2023-02-11,20.73,,,,,,,
JR장전2,2023-02-12,20.76,,,,,,,
JR장전2,2023-02-13,20.76,,,,,,,
JR장전2,2023-02-14,20.7,,,,,,,
JR장전2,2023-02-15,20.67,,,,,,,
JR장전2,2023-02-16,20.65,,,,,,,
JR장전2,2023-02-17,20.71,,,,,,,
JR장전2,2023-02-18,20.75,,,,,,,
JR장전2,2023-02-19,20.73,,,,,,,
JR장전2,2023-02-20,20.67,,,,,,,
JR장전2,2023-02-21,20.64,,,,,,,
JR장전2,2023-02-22,20.68,,,,,,,
JR장전2,2023-02-23,20.73,,,,,,,
JR장전2,2023-02-24,20.71,,,,,,,
JR장전2,2023-02-25,20.64,,,,,,,
JR장전2,2023-02-26,20.61,,,,,,,
JR장전2,2023-02-27,20.65,,,,,,,
JR장전2,2023-02-28,20.71,,,,,,,
JR장전2,2023-03-01,20.74,,,,,,,
JR장전2,2023-03-02,20.68,,,,,,,
JR장전2,2023-03-03,20.68,,,,,,,
JR장전2,2023-03-04,20.68,,,,,,,
JR장전2,2023-03-05,20.69,,,,,,,
JR장전2,2023-03-06,20.7,,,,,,,
JR장전2,2023-03-07,20.71,,,,,,,
JR장전2,2023-03-08,20.71,,,,,,,
JR장전2,2023-03-09,20.74,,,,,,,
JR장전2,2023-03-10,20.7,,,,,,,
JR장전2,2023-03-11,20.67,,,,,,,
JR장전2,2023-03-12,20.67,,,,,,,
JR장전2,2023-03-13,20.66,,,,,,,
JR장전2,2023-03-14,20.71,,,,,,,
JR장전2,2023-03-15,20.69,,,,,,,
JR장전2,2023-03-16,20.64,,,,,,,
JR장전2,2023-03-17,20.69,,,,,,,
JR장전2,2023-03-18,20.7,,,,,,,
JR장전2,2023-03-19,20.68,,,,,,,
JR장전2,2023-03-20,20.71,,,,,,,
JR장전2,2023-03-21,20.75,,,,,,,
JR장전2,2023-03-22,20.75,,,,,,,
JR장전2,2023-03-23,20.75,,,,,,,
JR장전2,2023-03-24,20.66,,,,,,,
JR장전2,2023-03-25,20.65,,,,,,,
JR장전2,2023-03-26,20.64,,,,,,,
JR장전2,2023-03-27,20.61,,,,,,,
JR장전2,2023-03-28,20.6,,,,,,,
JR장전2,2023-03-29,20.63,,,,,,,
JR장전2,2023-03-30,20.66,,,,,,,
JR장전2,2023-03-31,20.66,,,,,,,
JR장전2,2023-04-01,20.68,,,,,,,
JR장전2,2023-04-02,20.65,,,,,,,
JR장전2,2023-04-03,20.62,,,,,,,
JR장전2,2023-04-04,20.65,,,,,,,
JR장전2,2023-04-05,20.71,,,,,,,
JR장전2,2023-04-06,20.67,,,,,,,
JR장전2,2023-04-07,20.63,,,,,,,
JR장전2,2023-04-08,20.58,,,,,,,
JR장전2,2023-04-09,20.6,,,,,,,
JR장전2,2023-04-10,20.65,,,,,,,
JR장전2,2023-04-11,20.58,,,,,,,
JR장전2,2023-04-12,20.43,,,,,,,
JR장전2,2023-04-13,20.43,,,,,,,
JR장전2,2023-04-14,20.5,,,,,,,
JR장전2,2023-04-15,20.53,,,,,,,
JR장전2,2023-04-16,20.5,,,,,,,
JR장전2,2023-04-17,20.42,,,,,,,
JR장전2,2023-04-18,20.46,,,,,,,
JR장전2,2023-04-19,20.48,,,,,,,
JR장전2,2023-04-20,20.47,,,,,,,
JR장전2,2023-04-21,20.46,,,,,,,
JR장전2,2023-04-22,20.41,,,,,,,
JR장전2,2023-04-23,20.39,,,,,,,
JR장전2,2023-04-24,20.4,,,,,,,
JR장전2,2023-04-25,20.47,,,,,,,
JR장전2,2023-04-26,20.44,,,,,,,
JR장전2,2023-04-27,20.4,,,,,,,
JR장전2,2023-04-28,20.44,,,,,,,
JR장전2,2023-04-29,20.48,,,,,,,
JR장전2,2023-04-30,20.44,,,,,,,
JR장전2,2023-05-01,20.4,,,,,,,
JR장전2,2023-05-02,20.37,,,,,,,
JR장전2,2023-05-03,20.4,,,,,,,
JR장전2,2023-05-04,20.47,,,,,,,
JR장전2,2023-05-05,20.53,,,,,,,
JR장전2,2023-05-06,20.51,,,,,,,
JR장전2,2023-05-07,20.46,,,,,,,
JR장전2,2023-05-08,20.39,,,,,,,
JR장전2,2023-05-09,20.38,,,,,,,
JR장전2,2023-05-10,20.39,,,,,,,
JR장전2,2023-05-11,20.4,,,,,,,
JR장전2,2023-05-12,20.42,,,,,,,
JR장전2,2023-05-13,20.47,,,,,,,
JR장전2,2023-05-14,20.49,,,,,,,
JR장전2,2023-05-15,20.56,,,,,,,
JR장전2,2023-05-16,20.64,,,,,,,
JR장전2,2023-05-17,20.63,,,,,,,
JR장전2,2023-05-18,20.71,,,,,,,
JR장전2,2023-05-19,20.68,,,,,,,
JR장전2,2023-05-20,20.64,,,,,,,
JR장전2,2023-05-21,20.65,,,,,,,
JR장전2,2023-05-22,20.68,,,,,,,
JR장전2,2023-05-23,20.65,,,,,,,
JR장전2,2023-05-24,20.61,,,,,,,
JR장전2,2023-05-25,20.61,,,,,,,
JR장전2,2023-05-26,20.61,,,,,,,
JR장전2,2023-05-27,20.63,,,,,,,
JR장전2,2023-05-28,20.65,,,,,,,
JR장전2,2023-05-29,20.67,,,,,,,
JR장전2,2023-05-30,20.67,,,,,,,
JR장전2,2023-05-31,20.67,,,,,,,
JR장전2,2023-06-01,20.69,,,,,,,
JR장전2,2023-06-02,20.71,,,,,,,
JR장전2,2023-06-03,20.64,,,,,,,
JR장전2,2023-06-04,20.61,,,,,,,
JR장전2,2023-06-05,20.62,,,,,,,
JR장전2,2023-06-06,20.68,,,,,,,
JR장전2,2023-06-07,20.64,,,,,,,
JR장전2,2023-06-08,20.68,,,,,,,
JR장전2,2023-06-09,20.68,,,,,,,
JR장전2,2023-06-10,20.67,,,,,,,
JR장전2,2023-06-11,20.66,,,,,,,
JR장전2,2023-06-12,20.66,,,,,,,
JR장전2,2023-06-13,20.66,,,,,,,
JR장전2,2023-06-14,20.65,,,,,,,
JR장전2,2023-06-15,20.63,,,,,,,
JR장전2,2023-06-16,20.59,,,,,,,
JR장전2,2023-06-17,20.6,,,,,,,
JR장전2,2023-06-18,20.66,,,,,,,
JR장전2,2023-06-19,20.67,,,,,,,
JR장전2,2023-06-20,20.69,,,,,,,
JR장전2,2023-06-21,20.68,,,,,,,
JR장전2,2023-06-22,20.65,,,,,,,
JR장전2,2023-06-23,20.62,,,,,,,
JR장전2,2023-06-24,20.6,,,,,,,
JR장전2,2023-06-25,20.63,,,,,,,
JR장전2,2023-06-26,20.63,,,,,,,
JR장전2,2023-06-27,20.62,,,,,,,
JR장전2,2023-06-28,20.63,,,,,,,
JR장전2,2023-06-29,20.68,,,,,,,
JR장전2,2023-06-30,20.69,,,,,,,
JR장전2,2023-07-01,20.64,,,,,,,
JR장전2,2023-07-02,20.63,,,,,,,
JR장전2,2023-07-03,20.65,,,,,,,
JR장전2,2023-07-04,20.44,,,,,,,
JR장전2,2023-07-05,20.24,,,,,,,
JR장전2,2023-07-06,20.18,,,,,,,
JR장전2,2023-07-07,20.2,,,,,,,
JR장전2,2023-07-08,20.19,,,,,,,
JR장전2,2023-07-09,20.18,,,,,,,
JR장전2,2023-07-10,20.18,,,,,,,
JR장전2,2023-07-11,20.18,,,,,,,
JR장전2,2023-07-12,20.19,,,,,,,
JR장전2,2023-07-13,20.21,,,,,,,
JR장전2,2023-07-14,20.23,,,,,,,
JR장전2,2023-07-15,20.23,,,,,,,
JR장전2,2023-07-16,20.2,,,,,,,
JR장전2,2023-07-17,20.18,,,,,,,
JR장전2,2023-07-18,20.24,,,,,,,
JR장전2,2023-07-19,20.18,,,,,,,
JR장전2,2023-07-20,20.21,,,,,,,
JR장전2,2023-07-21,20.22,,,,,,,
JR장전2,2023-07-22,20.22,,,,,,,
JR장전2,2023-07-23,20.24,,,,,,,
JR장전2,2023-07-24,20.25,,,,,,,
JR장전2,2023-07-25,20.23,,,,,,,
JR장전2,2023-07-26,20.23,,,,,,,
JR장전2,2023-07-27,20.24,,,,,,,
JR장전2,2023-07-28,20.24,,,,,,,
JR장전2,2023-07-29,20.23,,,,,,,
JR장전2,2023-07-30,20.22,,,,,,,
JR장전2,2023-07-31,20.22,,,,,,,
JR장전2,2023-08-01,20.22,,,,,,,
JR장전2,2023-08-02,20.23,,,,,,,
JR장전2,2023-08-03,20.24,,,,,,,
JR장전2,2023-08-04,20.25,,,,,,,
JR장전2,2023-08-05,20.27,,,,,,,
JR장전2,2023-08-06,20.27,,,,,,,
JR장전2,2023-08-07,20.26,,,,,,,
JR장전2,2023-08-08,20.23,,,,,,,
JR장전2,2023-08-09,20.25,,,,,,,
JR장전2,2023-08-10,20.25,,,,,,,
JR장전2,2023-08-11,20.2,,,,,,,
JR장전2,2023-08-12,20.19,,,,,,,
JR장전2,2023-08-13,20.2,,,,,,,
JR장전2,2023-08-14,20.19,,,,,,,
JR장전2,2023-08-15,20.2,,,,,,,
JR장전2,2023-08-16,20.2,,,,,,,
JR장전2,2023-08-17,20.2,,,,,,,
JR장전2,2023-08-18,20.18,,,,,,,
JR장전2,2023-08-19,20.16,,,,,,,
JR장전2,2023-08-20,20.15,,,,,,,
JR장전2,2023-08-21,20.18,,,,,,,
JR장전2,2023-08-22,20.21,,,,,,,
JR장전2,2023-08-23,20.21,,,,,,,
JR장전2,2023-08-24,20.18,,,,,,,
JR장전2,2023-08-25,20.16,,,,,,,
JR장전2,2023-08-26,20.17,,,,,,,
JR장전2,2023-08-27,20.2,,,,,,,
JR장전2,2023-08-28,20.22,,,,,,,
JR장전2,2023-08-29,20.22,,,,,,,
JR장전2,2023-08-30,20.21,,,,,,,
JR장전2,2023-08-31,20.21,,,,,,,
JR장전2,2023-09-01,20.23,,,,,,,
JR장전2,2023-09-02,20.25,,,,,,,
JR장전2,2023-09-03,20.24,,,,,,,
JR장전2,2023-09-04,20.25,,,,,,,
JR장전2,2023-09-05,20.26,,,,,,,
JR장전2,2023-09-06,20.25,,,,,,,
JR장전2,2023-09-07,20.25,,,,,,,
JR장전2,2023-09-08,20.26,,,,,,,
JR장전2,2023-09-09,20.27,,,,,,,
JR장전2,2023-09-10,20.29,,,,,,,
JR장전2,2023-09-11,20.29,,,,,,,
JR장전2,2023-09-12,20.28,,,,,,,
JR장전2,2023-09-13,19.97,,,,,,,
JR장전2,2023-09-14,19.44,,,,,,,
JR장전2,2023-09-15,19.43,,,,,,,
JR장전2,2023-09-16,19.43,,,,,,,
JR장전2,2023-09-17,19.44,,,,,,,
JR장전2,2023-09-18,19.43,,,,,,,
JR장전2,2023-09-19,19.44,,,,,,,
JR장전2,2023-09-20,19.53,,,,,,,
JR장전2,2023-09-21,19.51,,,,,,,
JR장전2,2023-09-22,19.46,,,,,,,
JR장전2,2023-09-23,19.45,,,,,,,
JR장전2,2023-09-24,19.47,,,,,,,
JR장전2,2023-09-25,19.5,,,,,,,
JR장전2,2023-09-26,19.5,,,,,,,
JR장전2,2023-09-27,19.5,,,,,,,
JR장전2,2023-09-28,19.48,,,,,,,
JR장전2,2023-09-29,19.48,,,,,,,
JR장전2,2023-09-30,19.51,,,,,,,
JR장전2,2023-10-01,19.47,,,,,,,
JR장전2,2023-10-02,19.45,,,,,,,
JR장전2,2023-10-03,19.47,,,,,,,
JR장전2,2023-10-04,19.48,,,,,,,
JR장전2,2023-10-05,19.46,,,,,,,
JR장전2,2023-10-06,19.44,,,,,,,
JR장전2,2023-10-07,19.43,,,,,,,
JR장전2,2023-10-08,19.46,,,,,,,
JR장전2,2023-10-09,19.45,,,,,,,
JR장전2,2023-10-10,19.44,,,,,,,
JR장전2,2023-10-11,19.43,,,,,,,
JR장전2,2023-10-12,19.43,,,,,,,
JR장전2,2023-10-13,19.48,,,,,,,
JR장전2,2023-10-14,19.52,,,,,,,
JR장전2,2023-10-15,19.5,,,,,,,
JR장전2,2023-10-16,19.45,,,,,,,
JR장전2,2023-10-17,19.43,,,,,,,
JR장전2,2023-10-18,19.44,,,,,,,
JR장전2,2023-10-19,19.47,,,,,,,
JR장전2,2023-10-20,19.47,,,,,,,
JR장전2,2023-10-21,19.42,,,,,,,
JR장전2,2023-10-22,19.43,,,,,,,
JR장전2,2023-10-23,19.43,,,,,,,
JR장전2,2023-10-24,19.45,,,,,,,
JR장전2,2023-10-25,19.46,,,,,,,
JR장전2,2023-10-26,19.47,,,,,,,
JR장전2,2023-10-27,19.47,,,,,,,
JR장전2,2023-10-28,19.45,,,,,,,
JR장전2,2023-10-29,19.44,,,,,,,
JR장전2,2023-10-30,19.44,,,,,,,
JR장전2,2023-10-31,19.43,,,,,,,
JR장전2,2023-11-01,19.46,,,,,,,
JR장전2,2023-11-02,19.47,,,,,,,
JR장전2,2023-11-03,19.48,,,,,,,
JR장전2,2023-11-04,19.46,,,,,,,
JR장전2,2023-11-05,19.48,,,,,,,
JR장전2,2023-11-06,19.51,,,,,,,
JR장전2,2023-11-07,19.42,,,,,,,
JR장전2,2023-11-08,19.43,,,,,,,
JR장전2,2023-11-09,19.45,,,,,,,
JR장전2,2023-11-10,19.43,,,,,,,
JR장전2,2023-11-11,19.4,,,,,,,
JR장전2,2023-11-12,19.42,,,,,,,
JR장전2,2023-11-13,19.42,,,,,,,
JR장전2,2023-11-14,19.43,,,,,,,
JR장전2,2023-11-15,19.44,,,,,,,
JR장전2,2023-11-16,19.49,,,,,,,
JR장전2,2023-11-17,19.52,,,,,,,
JR장전2,2023-11-18,19.47,,,,,,,
JR장전2,2023-11-19,19.47,,,,,,,
JR장전2,2023-11-20,19.45,,,,,,,
JR장전2,2023-11-21,19.47,,,,,,,
JR장전2,2023-11-22,19.51,,,,,,,
JR장전2,2023-11-23,19.51,,,,,,,
JR장전2,2023-11-24,19.4,,,,,,,
JR장전2,2023-11-25,19.4,,,,,,,
JR장전2,2023-11-26,19.47,,,,,,,
JR장전2,2023-11-27,19.54,,,,,,,
JR장전2,2023-11-28,19.48,,,,,,,
JR장전2,2023-11-29,20.08,,,,,,,
JR장전2,2023-11-30,20.98,,,,,,,
JR장전2,2023-12-01,21.01,,,,,,,
JR장전2,2023-12-02,21.01,,,,,,,
JR장전2,2023-12-03,21.01,,,,,,,
JR장전2,2023-12-04,21.06,,,,,,,
JR장전2,2023-12-05,21.08,,,,,,,
JR장전2,2023-12-06,21.1,,,,,,,
JR장전2,2023-12-07,21.04,,,,,,,
JR장전2,2023-12-08,21.04,,,,,,,
JR장전2,2023-12-09,21.02,,,,,,,
JR장전2,2023-12-10,21.01,,,,,,,
JR장전2,2023-12-11,21.08,,,,,,,
JR장전2,2023-12-12,21.01,,,,,,,
JR장전2,2023-12-13,20.96,,,,,,,
JR장전2,2023-12-14,21.02,,,,,,,
JR장전2,2023-12-15,21.07,,,,,,,
JR장전2,2023-12-16,20.98,,,,,,,
JR장전2,2023-12-17,20.93,,,,,,,
JR장전2,2023-12-18,20.94,,,,,,,
JR장전2,2023-12-19,21.0,,,,,,,
JR장전2,2023-12-20,21.0,,,,,,,
JR장전2,2023-12-21,20.99,,,,,,,
JR장전2,2023-12-22,20.94,,,,,,,
JR장전2,2023-12-23,20.95,,,,,,,
JR장전2,2023-12-24,21.01,,,,,,,
JR장전2,2023-12-25,21.01,,,,,,,
JR장전2,2023-12-26,21.01,,,,,,,
JR장전2,2023-12-27,21.01,,,,,,,
JR장전2,2023-12-28,21.03,,,,,,,
JR장전2,2023-12-29,21.04,,,,,,,
JR장전2,2023-12-30,21.11,,,,,,,
JR장전2,2023-12-31,21.07,,,,,,,
JR장전2,2024-01-01,21.0,,,,,,,
JR장전2,2024-01-02,21.03,,,,,,,
JR장전2,2024-01-03,21.05,,,,,,,
JR장전2,2024-01-04,21.01,,,,,,,
JR장전2,2024-01-05,21.03,,,,,,,
JR장전2,2024-01-06,21.03,,,,,,,
JR장전2,2024-01-07,21.0,,,,,,,
JR장전2,2024-01-08,21.01,,,,,,,
JR장전2,2024-01-09,21.07,,,,,,,
JR장전2,2024-01-10,21.06,,,,,,,
JR장전2,2024-01-11,21.05,,,,,,,
JR장전2,2024-01-12,21.05,,,,,,,
JR장전2,2024-01-13,21.0,,,,,,,
JR장전2,2024-01-14,21.03,,,,,,,
JR장전2,2024-01-15,20.99,,,,,,,
JR장전2,2024-01-16,20.97,,,,,,,
JR장전2,2024-01-17,21.02,,,,,,,
JR장전2,2024-01-18,21.06,,,,,,,
JR장전2,2024-01-19,21.05,,,,,,,
JR장전2,2024-01-20,21.08,,,,,,,
JR장전2,2024-01-21,21.02,,,,,,,
JR장전2,2024-01-22,20.98,,,,,,,
JR장전2,2024-01-23,21.0,,,,,,,
JR장전2,2024-01-24,21.01,,,,,,,
JR장전2,2024-01-25,20.99,,,,,,,
JR장전2,2024-01-26,21.0,,,,,,,
JR장전2,2024-01-27,21.02,,,,,,,
JR장전2,2024-01-28,21.01,,,,,,,
JR장전2,2024-01-29,21.0,,,,,,,
JR장전2,2024-01-30,21.04,,,,,,,
JR장전2,2024-01-31,21.08,,,,,,,
JR장전2,2024-02-01,21.07,,,,,,,
JR장전2,2024-02-02,21.03,,,,,,,
JR장전2,2024-02-03,21.05,,,,,,,
JR장전2,2024-02-04,21.08,,,,,,,
JR장전2,2024-02-05,21.11,,,,,,,
JR장전2,2024-02-06,21.03,,,,,,,
JR장전2,2024-02-07,21.05,,,,,,,
JR장전2,2024-02-08,21.07,,,,,,,
JR장전2,2024-02-09,21.05,,,,,,,
JR장전2,2024-02-10,21.04,,,,,,,
JR장전2,2024-02-11,21.04,,,,,,,
JR장전2,2024-02-12,21.01,,,,,,,
JR장전2,2024-02-13,21.05,,,,,,,
JR장전2,2024-02-14,21.1,,,,,,,
JR장전2,2024-02-15,21.11,,,,,,,
JR장전2,2024-02-16,21.07,,,,,,,
JR장전2,2024-02-17,21.09,,,,,,,
JR장전2,2024-02-18,21.13,,,,,,,
JR장전2,2024-02-19,21.14,,,,,,,
JR장전2,2024-02-20,21.08,,,,,,,
JR장전2,2024-02-21,21.13,,,,,,,
JR장전2,2024-02-22,21.06,,,,,,,
JR장전2,2024-02-23,21.03,,,,,,,
JR장전2,2024-02-24,21.06,,,,,,,
JR장전2,2024-02-25,21.09,,,,,,,
JR장전2,2024-02-26,21.05,,,,,,,
JR장전2,2024-02-27,21.05,,,,,,,
JR장전2,2024-02-28,21.06,,,,,,,
JR장전2,2024-02-29,21.12,,,,,,,
JR장전2,2024-03-01,21.08,,,,,,,
JR장전2,2024-03-02,21.09,,,,,,,
JR장전2,2024-03-03,21.12,,,,,,,
JR장전2,2024-03-04,21.13,,,,,,,
JR장전2,2024-03-05,21.23,,,,,,,
JR장전2,2024-03-06,21.14,,,,,,,
JR장전2,2024-03-07,21.1,,,,,,,
JR장전2,2024-03-08,21.1,,,,,,,
JR장전2,2024-03-09,21.07,,,,,,,
JR장전2,2024-03-10,21.05,,,,,,,
JR장전2,2024-03-11,21.13,,,,,,,
JR장전2,2024-03-12,21.17,,,,,,,
JR장전2,2024-03-13,21.09,,,,,,,
JR장전2,2024-03-14,21.1,,,,,,,
JR장전2,2024-03-15,21.09,,,,,,,
JR장전2,2024-03-16,21.12,,,,,,,
JR장전2,2024-03-17,21.16,,,,,,,
JR장전2,2024-03-18,21.11,,,,,,,
JR장전2,2024-03-19,21.13,,,,,,,
JR장전2,2024-03-20,21.1,,,,,,,
JR장전2,2024-03-21,21.14,,,,,,,
JR장전2,2024-03-22,21.18,,,,,,,
JR장전2,2024-03-23,21.17,,,,,,,
JR장전2,2024-03-24,21.16,,,,,,,
JR장전2,2024-03-25,21.13,,,,,,,
JR장전2,2024-03-26,21.0,,,,,,,
JR장전2,2024-03-27,20.95,,,,,,,
JR장전2,2024-03-28,21.09,,,,,,,
JR장전2,2024-03-29,21.06,,,,,,,
JR장전2,2024-03-30,21.04,,,,,,,
JR장전2,2024-03-31,21.05,,,,,,,
JR장전2,2024-04-01,21.01,,,,,,,
JR장전2,2024-04-02,21.05,,,,,,,
JR장전2,2024-04-03,21.09,,,,,,,
JR장전2,2024-04-04,20.98,,,,,,,
JR장전2,2024-04-05,20.95,,,,,,,
JR장전2,2024-04-06,20.96,,,,,,,
JR장전2,2024-04-07,20.99,,,,,,,
JR장전2,2024-04-08,21.0,,,,,,,
JR장전2,2024-04-09,20.96,,,,,,,
JR장전2,2024-04-10,20.93,,,,,,,
JR장전2,2024-04-11,20.98,,,,,,,
JR장전2,2024-04-12,21.0,,,,,,,
JR장전2,2024-04-13,21.0,,,,,,,
JR장전2,2024-04-14,21.01,,,,,,,
JR장전2,2024-04-15,21.05,,,,,,,
JR장전2,2024-04-16,21.01,,,,,,,
JR장전2,2024-04-17,21.03,,,,,,,
JR장전2,2024-04-18,21.02,,,,,,,
JR장전2,2024-04-19,21.0,,,,,,,
JR장전2,2024-04-20,21.06,,,,,,,
JR장전2,2024-04-21,21.03,,,,,,,
JR장전2,2024-04-22,21.0,,,,,,,
JR장전2,2024-04-23,21.03,,,,,,,
JR장전2,2024-04-24,21.04,,,,,,,
JR장전2,2024-04-25,21.03,,,,,,,
JR장전2,2024-04-26,21.04,,,,,,,
JR장전2,2024-04-27,21.03,,,,,,,
JR장전2,2024-04-28,21.02,,,,,,,
JR장전2,2024-04-29,21.08,,,,,,,
JR장전2,2024-04-30,21.05,,,,,,,
JR장전2,2024-05-01,21.02,,,,,,,
JR장전2,2024-05-02,20.96,,,,,,,
JR장전2,2024-05-03,20.97,,,,,,,
JR장전2,2024-05-04,21.01,,,,,,,
JR장전2,2024-05-05,21.05,,,,,,,
JR장전2,2024-05-06,21.03,,,,,,,
JR장전2,2024-05-07,21.01,,,,,,,
JR장전2,2024-05-08,20.99,,,,,,,
JR장전2,2024-05-09,20.95,,,,,,,
JR장전2,2024-05-10,20.98,,,,,,,
JR장전2,2024-05-11,21.03,,,,,,,
JR장전2,2024-05-12,21.05,,,,,,,
JR장전2,2024-05-13,21.02,,,,,,,
JR장전2,2024-05-14,21.0,,,,,,,
JR장전2,2024-05-15,21.03,,,,,,,
JR장전2,2024-05-16,21.03,,,,,,,
JR장전2,2024-05-17,21.03,,,,,,,
JR장전2,2024-05-18,21.02,,,,,,,
JR장전2,2024-05-19,21.04,,,,,,,
JR장전2,2024-05-20,21.04,,,,,,,
JR장전2,2024-05-21,21.02,,,,,,,
JR장전2,2024-05-22,21.05,,,,,,,
JR장전2,2024-05-23,21.08,,,,,,,
JR장전2,2024-05-24,21.06,,,,,,,
JR장전2,2024-05-25,21.04,,,,,,,
JR장전2,2024-05-26,21.1,,,,,,,
JR장전2,2024-05-27,21.11,,,,,,,
JR장전2,2024-05-28,21.1,,,,,,,
JR장전2,2024-05-29,21.03,,,,,,,
JR장전2,2024-05-30,21.05,,,,,,,
JR장전2,2024-05-31,21.05,,,,,,,
JR장전2,2024-06-01,21.04,,,,,,,
JR장전2,2024-06-02,21.05,,,,,,,
JR장전2,2024-06-03,21.06,,,,,,,
JR장전2,2024-06-04,21.02,,,,,,,
JR장전2,2024-06-05,21.0,,,,,,,
JR장전2,2024-06-06,21.02,,,,,,,
JR장전2,2024-06-07,21.05,,,,,,,
JR장전2,2024-06-08,21.09,,,,,,,
JR장전2,2024-06-09,21.07,,,,,,,
JR장전2,2024-06-10,21.05,,,,,,,
JR장전2,2024-06-11,21.06,,,,,,,
JR장전2,2024-06-12,21.08,,,,,,,
JR장전2,2024-06-13,21.08,,,,,,,
JR장전2,2024-06-14,21.07,,,,,,,
JR장전2,2024-06-15,21.08,,,,,,,
JR장전2,2024-06-16,21.03,,,,,,,
JR장전2,2024-06-17,21.03,,,,,,,
JR장전2,2024-06-18,21.03,,,,,,,
JR장전2,2024-06-19,21.03,,,,,,,
JR장전2,2024-06-20,21.08,,,,,,,
JR장전2,2024-06-21,21.06,,,,,,,
JR장전2,2024-06-22,21.08,,,,,,,
JR장전2,2024-06-23,21.06,,,,,,,
JR장전2,2024-06-24,21.01,,,,,,,
JR장전2,2024-06-25,20.97,,,,,,,
JR장전2,2024-06-26,20.95,,,,,,,
JR장전2,2024-06-27,21.01,,,,,,,
JR장전2,2024-06-28,21.03,,,,,,,
JR장전2,2024-06-29,21.06,,,,,,,
JR장전2,2024-06-30,21.08,,,,,,,
JR장전2,2024-07-01,21.05,,,,,,,
JR장전2,2024-07-02,21.05,,,,,,,
JR장전2,2024-07-03,21.0,,,,,,,
JR장전2,2024-07-04,21.02,,,,,,,
JR장전2,2024-07-05,21.06,,,,,,,
JR장전2,2024-07-06,21.06,,,,,,,
JR장전2,2024-07-07,21.06,,,,,,,
JR장전2,2024-07-08,21.08,,,,,,,
JR장전2,2024-07-09,21.11,,,,,,,
JR장전2,2024-07-10,21.2,,,,,,,
JR장전2,2024-07-11,21.19,,,,,,,
JR장전2,2024-07-12,21.19,,,,,,,
JR장전2,2024-07-13,21.17,,,,,,,
JR장전2,2024-07-14,21.15,,,,,,,
JR장전2,2024-07-15,21.13,,,,,,,
JR장전2,2024-07-16,21.13,,,,,,,
JR장전2,2024-07-17,21.15,,,,,,,
JR장전2,2024-07-18,21.18,,,,,,,
JR장전2,2024-07-19,21.17,,,,,,,
JR장전2,2024-07-20,21.16,,,,,,,
JR장전2,2024-07-21,21.15,,,,,,,
JR장전2,2024-07-22,21.17,,,,,,,
JR장전2,2024-07-23,21.18,,,,,,,
JR장전2,2024-07-24,21.18,,,,,,,
JR장전2,2024-07-25,21.18,,,,,,,
JR장전2,2024-07-26,21.15,,,,,,,
JR장전2,2024-07-27,21.11,,,,,,,
JR장전2,2024-07-28,21.12,,,,,,,
JR장전2,2024-07-29,21.15,,,,,,,
JR장전2,2024-07-30,21.17,,,,,,,
JR장전2,2024-07-31,21.17,,,,,,,
JR장전2,2024-08-01,21.19,,,,,,,
JR장전2,2024-08-02,21.19,,,,,,,
JR장전2,2024-08-03,21.16,,,,,,,
JR장전2,2024-08-04,21.16,,,,,,,
JR장전2,2024-08-05,21.16,,,,,,,
JR장전2,2024-08-06,21.16,,,,,,,
JR장전2,2024-08-07,21.17,,,,,,,
JR장전2,2024-08-08,21.16,,,,,,,
JR장전2,2024-08-09,21.14,,,,,,,
JR장전2,2024-08-10,21.14,,,,,,,
JR장전2,2024-08-11,21.15,,,,,,,
JR장전2,2024-08-12,21.14,,,,,,,
JR장전2,2024-08-13,21.12,,,,,,,
JR장전2,2024-08-14,21.12,,,,,,,
JR장전2,2024-08-15,21.13,,,,,,,
JR장전2,2024-08-16,21.12,,,,,,,
JR장전2,2024-08-17,21.11,,,,,,,
JR장전2,2024-08-18,21.13,,,,,,,
JR장전2,2024-08-19,21.14,,,,,,,
JR장전2,2024-08-20,21.14,,,,,,,
JR장전2,2024-08-21,21.13,,,,,,,
JR장전2,2024-08-22,21.15,,,,,,,
JR장전2,2024-08-23,21.13,,,,,,,
JR장전2,2024-08-24,21.12,,,,,,,
JR장전2,2024-08-25,21.14,,,,,,,
JR장전2,2024-08-26,21.16,,,,,,,
JR장전2,2024-08-27,21.18,,,,,,,
JR장전2,2024-08-28,21.17,,,,,,,
JR장전2,2024-08-29,21.17,,,,,,,
JR장전2,2024-08-30,21.15,,,,,,,
JR장전2,2024-08-31,21.14,,,,,,,
JR장전2,2024-09-01,21.15,,,,,,,
JR장전2,2024-09-02,21.15,,,,,,,
JR장전2,2024-09-03,21.14,,,,,,,
JR장전2,2024-09-04,21.17,,,,,,,
JR장전2,2024-09-05,21.18,,,,,,,
JR장전2,2024-09-06,21.16,,,,,,,
JR장전2,2024-09-07,21.15,,,,,,,
JR장전2,2024-09-08,21.17,,,,,,,
JR장전2,2024-09-09,21.19,,,,,,,
JR장전2,2024-09-10,21.22,,,,,,,
JR장전2,2024-09-11,21.2,,,,,,,
JR장전2,2024-09-12,21.21,,,,,,,
JR장전2,2024-09-13,21.25,,,,,,,
JR장전2,2024-09-14,21.28,,,,,,,
JR장전2,2024-09-15,21.26,,,,,,,
JR장전2,2024-09-16,21.21,,,,,,,
JR장전2,2024-09-17,21.2,,,,,,,
JR장전2,2024-09-18,21.22,,,,,,,
JR장전2,2024-09-19,21.23,,,,,,,
JR장전2,2024-09-20,21.25,,,,,,,
JR장전2,2024-09-21,21.29,,,,,,,
JR장전2,2024-09-22,21.23,,,,,,,
JR장전2,2024-09-23,21.2,,,,,,,
JR장전2,2024-09-24,21.22,,,,,,,
JR장전2,2024-09-25,21.26,,,,,,,
JR장전2,2024-09-26,21.26,,,,,,,
JR장전2,2024-09-27,21.26,,,,,,,
JR장전2,2024-09-28,21.25,,,,,,,
JR장전2,2024-09-29,21.25,,,,,,,
JR장전2,2024-09-30,21.27,,,,,,,
JR장전2,2024-10-01,21.3,,,,,,,
JR장전2,2024-10-02,21.26,,,,,,,
JR장전2,2024-10-03,21.24,,,,,,,
JR장전2,2024-10-04,21.23,,,,,,,
JR장전2,2024-10-05,21.25,,,,,,,
JR장전2,2024-10-06,21.27,,,,,,,
JR장전2,2024-10-07,21.28,,,,,,,
JR장전2,2024-10-08,21.28,,,,,,,
JR장전2,2024-10-09,21.29,,,,,,,
JR장전2,2024-10-10,21.29,,,,,,,
JR장전2,2024-10-11,21.26,,,,,,,
JR장전2,2024-10-12,21.23,,,,,,,
JR장전2,2024-10-13,21.25,,,,,,,
JR장전2,2024-10-14,21.28,,,,,,,
JR장전2,2024-10-15,21.28,,,,,,,
JR장전2,2024-10-16,21.25,,,,,,,
JR장전2,2024-10-17,21.26,,,,,,,
JR장전2,2024-10-18,21.31,,,,,,,
JR장전2,2024-10-19,21.28,,,,,,,
JR장전2,2024-10-20,21.2,,,,,,,
JR장전2,2024-10-21,21.25,,,,,,,
JR장전2,2024-10-22,21.31,,,,,,,
JR장전2,2024-10-23,21.27,,,,,,,
JR장전2,2024-10-24,21.26,,,,,,,
JR장전2,2024-10-25,21.26,,,,,,,
JR장전2,2024-10-26,21.28,,,,,,,
JR장전2,2024-10-27,21.32,,,,,,,
JR장전2,2024-10-28,21.3,,,,,,,
JR장전2,2024-10-29,21.28,,,,,,,
JR장전2,2024-10-30,21.24,,,,,,,
JR장전2,2024-10-31,21.25,,,,,,,
JR장전2,2024-11-01,21.3,,,,,,,
JR장전2,2024-11-02,21.31,,,,,,,
JR장전2,2024-11-03,21.23,,,,,,,
JR장전2,2024-11-04,21.26,,,,,,,
JR장전2,2024-11-05,21.27,,,,,,,
JR장전2,2024-11-06,21.24,,,,,,,
JR장전2,2024-11-07,21.24,,,,,,,
JR장전2,2024-11-08,21.27,,,,,,,
JR장전2,2024-11-09,21.3,,,,,,,
JR장전2,2024-11-10,21.33,,,,,,,
JR장전2,2024-11-11,21.33,,,,,,,
JR장전2,2024-11-12,21.33,,,,,,,
JR장전2,2024-11-13,21.32,,,,,,,
JR장전2,2024-11-14,21.33,,,,,,,
JR장전2,2024-11-15,21.35,,,,,,,
JR장전2,2024-11-16,21.35,,,,,,,
JR장전2,2024-11-17,21.3,,,,,,,
JR장전2,2024-11-18,21.24,,,,,,,
JR장전2,2024-11-19,21.27,,,,,,,
JR장전2,2024-11-20,21.32,,,,,,,
JR장전2,2024-11-21,21.32,,,,,,,
JR장전2,2024-11-22,21.31,,,,,,,
JR장전2,2024-11-23,21.28,,,,,,,
JR장전2,2024-11-24,21.28,,,,,,,
JR장전2,2024-11-25,21.33,,,,,,,
JR장전2,2024-11-26,21.37,,,,,,,
JR장전2,2024-11-27,21.36,,,,,,,
JR장전2,2024-11-28,21.36,,,,,,,
JR장전2,2024-11-29,21.35,,,,,,,
JR장전2,2024-11-30,21.32,,,,,,,
JR장전2,2024-12-01,21.34,,,,,,,
JR장전2,2024-12-02,21.32,,,,,,,
JR장전2,2024-12-03,21.29,,,,,,,
JR장전2,2024-12-04,21.3,,,,,,,
JR장전2,2024-12-05,21.33,,,,,,,
JR장전2,2024-12-06,21.32,,,,,,,
JR장전2,2024-12-07,21.3,,,,,,,
JR장전2,2024-12-08,21.29,,,,,,,
JR장전2,2024-12-09,21.31,,,,,,,
JR장전2,2024-12-10,21.33,,,,,,,
JR장전2,2024-12-11,21.34,,,,,,,
JR장전2,2024-12-12,21.31,,,,,,,
JR장전2,2024-12-13,21.34,,,,,,,
JR장전2,2024-12-14,21.29,,,,,,,
JR장전2,2024-12-15,21.32,,,,,,,
JR장전2,2024-12-16,21.33,,,,,,,
JR장전2,2024-12-17,21.32,,,,,,,
JR장전2,2024-12-18,21.32,,,,,,,
JR장전2,2024-12-19,21.29,,,,,,,
JR장전2,2024-12-20,21.34,,,,,,,
JR장전2,2024-12-21,21.35,,,,,,,
JR장전2,2024-12-22,21.29,,,,,,,
JR장전2,2024-12-23,21.29,,,,,,,
JR장전2,2024-12-24,21.3,,,,,,,
JR장전2,2024-12-25,21.31,,,,,,,
JR장전2,2024-12-26,21.32,,,,,,,
JR장전2,2024-12-27,21.31,,,,,,,
JR장전2,2024-12-28,21.33,,,,,,,
JR장전2,2024-12-29,21.31,,,,,,,
JR장전2,2024-12-30,21.35,,,,,,,
JR장전2,2024-12-31,21.35,,,,,,,
JR장전2,2025-01-01,21.32,,,,,,,
JR장전2,2025-01-02,21.31,,,,,,,
JR장전2,2025-01-03,21.29,,,,,,,
JR장전2,2025-01-04,21.3,,,,,,,
JR장전2,2025-01-05,21.35,,,,,,,
JR장전2,2025-01-06,21.36,,,,,,,
JR장전2,2025-01-07,21.33,,,,,,,
JR장전2,2025-01-08,21.33,,,,,,,
JR장전2,2025-01-09,21.3,,,,,,,
JR장전2,2025-01-10,21.25,,,,,,,
JR장전2,2025-01-11,21.28,,,,,,,
JR장전2,2025-01-12,21.33,,,,,,,
JR장전2,2025-01-13,21.31,,,,,,,
JR장전2,2025-01-14,21.31,,,,,,,
JR장전2,2025-01-15,21.28,,,,,,,
JR장전2,2025-01-16,21.3,,,,,,,
JR장전2,2025-01-17,21.31,,,,,,,
JR장전2,2025-01-18,21.33,,,,,,,
JR장전2,2025-01-19,21.37,,,,,,,
JR장전2,2025-01-20,21.36,,,,,,,
JR장전2,2025-01-21,21.31,,,,,,,
JR장전2,2025-01-22,21.29,,,,,,,
JR장전2,2025-01-23,21.31,,,,,,,
JR장전2,2025-01-24,21.31,,,,,,,
JR장전2,2025-01-25,21.3,,,,,,,
JR장전2,2025-01-26,21.31,,,,,,,
JR장전2,2025-01-27,21.36,,,,,,,
JR장전2,2025-01-28,21.32,,,,,,,
JR장전2,2025-01-29,21.28,,,,,,,
JR장전2,2025-01-30,21.27,,,,,,,
JR장전2,2025-01-31,21.31,,,,,,,
JR장전2,2025-02-01,21.38,,,,,,,
JR장전2,2025-02-02,21.34,,,,,,,
JR장전2,2025-02-03,21.31,,,,,,,
JR장전2,2025-02-04,21.32,,,,,,,
JR장전2,2025-02-05,21.33,,,,,,,
JR장전2,2025-02-06,21.3,,,,,,,
JR장전2,2025-02-07,21.3,,,,,,,
JR장전2,2025-02-08,21.25,,,,,,,
JR장전2,2025-02-09,21.27,,,,,,,
JR장전2,2025-02-10,21.28,,,,,,,
JR장전2,2025-02-11,21.28,,,,,,,
JR장전2,2025-02-12,21.37,,,,,,,
JR장전2,2025-02-13,21.29,,,,,,,
JR장전2,2025-02-14,21.31,,,,,,,
JR장전2,2025-02-15,21.36,,,,,,,
JR장전2,2025-02-16,21.34,,,,,,,
JR장전2,2025-02-17,21.28,,,,,,,
JR장전2,2025-02-18,21.27,,,,,,,
JR장전2,2025-02-19,21.26,,,,,,,
JR장전2,2025-02-20,21.26,,,,,,,
JR장전2,2025-02-21,21.26,,,,,,,
JR장전2,2025-02-22,21.25,,,,,,,
JR장전2,2025-02-23,21.26,,,,,,,
JR장전2,2025-02-24,21.26,,,,,,,
JR장전2,2025-02-25,21.3,,,,,,,
JR장전2,2025-02-26,21.32,,,,,,,
JR장전2,2025-02-27,21.35,,,,,,,
JR장전2,2025-02-28,21.35,,,,,,,
JR장전2,2025-03-01,21.37,,,,,,,
JR장전2,2025-03-02,21.39,,,,,,,
JR장전2,2025-03-03,21.37,,,,,,,
JR장전2,2025-03-04,21.36,,,,,,,
JR장전2,2025-03-05,21.28,,,,,,,
JR장전2,2025-03-06,21.25,,,,,,,
JR장전2,2025-03-07,21.26,,,,,,,
JR장전2,2025-03-08,21.28,,,,,,,
JR장전2,2025-03-09,21.25,,,,,,,
JR장전2,2025-03-10,21.26,,,,,,,
JR장전2,2025-03-11,21.26,,,,,,,
JR장전2,2025-03-12,21.27,,,,,,,
JR장전2,2025-03-13,21.23,,,,,,,
JR장전2,2025-03-14,21.22,,,,,,,
JR장전2,2025-03-15,21.26,,,,,,,
JR장전2,2025-03-16,21.26,,,,,,,
JR장전2,2025-03-17,21.23,,,,,,,
JR장전2,2025-03-18,21.24,,,,,,,
JR장전2,2025-03-19,21.18,,,,,,,
JR장전2,2025-03-20,21.21,,,,,,,
JR장전2,2025-03-21,21.26,,,,,,,
JR장전2,2025-03-22,21.27,,,,,,,
JR장전2,2025-03-23,21.28,,,,,,,
JR장전2,2025-03-24,21.31,,,,,,,
JR장전2,2025-03-25,21.33,,,,,,,
JR장전2,2025-03-26,21.31,,,,,,,
JR장전2,2025-03-27,21.32,,,,,,,
JR장전2,2025-03-28,21.19,,,,,,,
JR장전2,2025-03-29,21.14,,,,,,,
JR장전2,2025-03-30,21.11,,,,,,,
JR장전2,2025-03-31,21.16,,,,,,,
JR장전2,2025-04-01,21.21,,,,,,,
JR장전2,2025-04-02,21.22,,,,,,,
JR장전2,2025-04-03,21.21,,,,,,,
JR장전2,2025-04-04,21.21,,,,,,,
JR장전2,2025-04-05,21.25,,,,,,,
JR장전2,2025-04-06,21.22,,,,,,,
JR장전2,2025-04-07,21.21,,,,,,,
JR장전2,2025-04-08,21.23,,,,,,,
JR장전2,2025-04-09,21.27,,,,,,,
JR장전2,2025-04-10,21.29,,,,,,,
JR장전2,2025-04-11,21.26,,,,,,,
JR장전2,2025-04-12,21.3,,,,,,,
JR장전2,2025-04-13,21.28,,,,,,,
JR장전2,2025-04-14,21.31,,,,,,,
JR장전2,2025-04-15,21.23,,,,,,,
JR장전2,2025-04-16,21.22,,,,,,,
JR장전2,2025-04-17,21.24,,,,,,,
JR장전2,2025-04-18,21.21,,,,,,,
JR장전2,2025-04-19,21.23,,,,,,,
JR장전2,2025-04-20,21.22,,,,,,,
JR장전2,2025-04-21,21.19,,,,,,,
JR장전2,2025-04-22,21.28,,,,,,,
JR장전2,2025-04-23,21.24,,,,,,,
JR장전2,2025-04-24,21.21,,,,,,,
JR장전2,2025-04-25,21.16,,,,,,,
JR장전2,2025-04-26,21.14,,,,,,,
JR장전2,2025-04-27,21.19,,,,,,,
JR장전2,2025-04-28,21.23,,,,,,,
JR장전2,2025-04-29,21.19,,,,,,,
JR장전2,2025-04-30,21.19,,,,,,,
JR장전2,2025-05-01,21.23,,,,,,,
JR장전2,2025-05-02,21.2,,,,,,,
JR장전2,2025-05-03,21.24,,,,,,,
JR장전2,2025-05-04,21.17,,,,,,,
JR장전2,2025-05-05,21.22,,,,,,,
JR장전2,2025-05-06,21.24,,,,,,,
JR장전2,2025-05-07,21.17,,,,,,,
JR장전2,2025-05-08,21.15,,,,,,,
JR장전2,2025-05-09,21.27,,,,,,,
JR장전2,2025-05-10,21.22,,,,,,,
JR장전2,2025-05-11,21.2,,,,,,,
JR장전2,2025-05-12,21.18,,,,,,,
JR장전2,2025-05-13,21.14,,,,,,,
JR장전2,2025-05-14,21.15,,,,,,,
JR장전2,2025-05-15,21.16,,,,,,,
JR장전2,2025-05-16,21.21,,,,,,,
JR장전2,2025-05-17,21.22,,,,,,,
JR장전2,2025-05-18,21.19,,,,,,,
JR장전2,2025-05-19,21.2,,,,,,,
JR장전2,2025-05-20,21.19,,,,,,,
JR장전2,2025-05-21,21.22,,,,,,,
JR장전2,2025-05-22,21.19,,,,,,,
JR장전2,2025-05-23,21.18,,,,,,,
JR장전2,2025-05-24,21.19,,,,,,,
JR장전2,2025-05-25,21.12,,,,,,,
JR장전2,2025-05-26,21.1,,,,,,,
JR장전2,2025-05-27,21.11,,,,,,,
JR장전2,2025-05-28,21.13,,,,,,,
JR장전2,2025-05-29,21.16,,,,,,,
JR장전2,2025-05-30,21.17,,,,,,,
JR장전2,2025-05-31,21.18,,,,,,,
JR장전2,2025-06-01,21.18,,,,,,,
JR장전2,2025-06-02,21.25,,,,,,,
JR장전2,2025-06-03,21.22,,,,,,,
JR장전2,2025-06-04,21.16,,,,,,,
JR장전2,2025-06-05,21.13,,,,,,,
JR장전2,2025-06-06,21.15,,,,,,,
JR장전2,2025-06-07,21.16,,,,,,,
JR장전2,2025-06-08,21.17,,,,,,,
JR장전2,2025-06-09,21.17,,,,,,,
JR장전2,2025-06-10,21.16,,,,,,,
JR장전2,2025-06-11,21.12,,,,,,,
JR장전2,2025-06-12,21.11,,,,,,,
JR장전2,2025-06-13,21.14,,,,,,,
JR장전2,2025-06-14,21.22,,,,,,,
JR장전2,2025-06-15,21.21,,,,,,,
JR장전2,2025-06-16,21.19,,,,,,,
JR장전2,2025-06-17,21.15,,,,,,,
JR장전2,2025-06-18,21.11,,,,,,,
JR장전2,2025-06-19,21.12,,,,,,,
JR장전2,2025-06-20,21.15,,,,,,,
JR장전2,2025-06-21,21.18,,,,,,,
JR장전2,2025-06-22,21.16,,,,,,,
JR장전2,2025-06-23,21.16,,,,,,,
JR장전2,2025-06-24,21.17,,,,,,,
JR장전2,2025-06-25,21.14,,,,,,,
JR장전2,2025-06-26,21.13,,,,,,,
JR장전2,2025-06-27,21.15,,,,,,,
JR장전2,2025-06-28,21.15,,,,,,,
JR장전2,2025-06-29,21.14,,,,,,,
JR장전2,2025-06-30,21.12,,,,,,,
JR장전2,2025-07-01,21.11,,,,,,,
JR장전2,2025-07-02,21.11,,,,,,,
JR장전2,2025-07-03,21.13,,,,,,,
JR장전2,2025-07-04,21.15,,,,,,,
JR장전2,2025-07-05,21.16,,,,,,,
JR장전2,2025-07-06,21.15,,,,,,,
JR장전2,2025-07-07,21.15,,,,,,,
JR장전2,2025-07-08,21.14,,,,,,,
JR장전2,2025-07-09,21.13,,,,,,,
JR장전2,2025-07-10,21.12,,,,,,,
JR장전2,2025-07-11,21.11,,,,,,,
JR장전2,2025-07-12,21.12,,,,,,,
JR장전2,2025-07-13,21.17,,,,,,,
JR장전2,2025-07-14,21.2,,,,,,,
JR장전2,2025-07-15,21.17,,,,,,,
JR장전2,2025-07-16,21.12,,,,,,,
JR장전2,2025-07-17,21.11,,,,,,,
JR장전2,2025-07-18,21.09,,,,,,,
JR장전2,2025-07-19,21.08,,,,,,,
JR장전2,2025-07-20,21.06,,,,,,,
JR장전2,2025-07-21,21.05,,,,,,,
JR장전2,2025-07-22,21.06,,,,,,,
JR장전2,2025-07-23,21.07,,,,,,,
JR장전2,2025-07-24,21.09,,,,,,,
JR장전2,2025-07-25,21.11,,,,,,,
JR장전2,2025-07-26,21.11,,,,,,,
JR장전2,2025-07-27,21.12,,,,,,,
JR장전2,2025-07-28,21.12,,,,,,,
JR장전2,2025-07-29,21.14,,,,,,,
JR장전2,2025-07-30,21.13,,,,,,,
JR장전2,2025-07-31,21.1,,,,,,,
JR장전2,2025-08-01,21.09,,,,,,,
JR장전2,2025-08-02,21.08,,,,,,,
JR장전2,2025-08-03,21.1,,,,,,,
JR장전2,2025-08-04,21.09,,,,,,,
JR장전2,2025-08-05,21.05,,,,,,,
JR장전2,2025-08-06,21.07,,,,,,,
JR장전2,2025-08-07,21.07,,,,,,,
JR장전2,2025-08-08,21.06,,,,,,,
JR장전2,2025-08-09,21.08,,,,,,,
JR장전2,2025-08-10,21.08,,,,,,,
JR장전2,2025-08-11,21.05,,,,,,,
JR장전2,2025-08-12,21.01,,,,,,,
JR장전2,2025-08-13,20.99,,,,,,,
JR장전2,2025-08-14,20.98,,,,,,,
JR장전2,2025-08-15,21.0,,,,,,,
JR장전2,2025-08-16,21.01,,,,,,,
JR장전2,2025-08-17,21.01,,,,,,,
JR장전2,2025-08-18,21.05,,,,,,,
JR장전2,2025-08-19,21.03,,,,,,,
JR장전2,2025-08-20,21.04,,,,,,,
JR장전2,2025-08-21,21.03,,,,,,,
JR장전2,2025-08-22,21.03,,,,,,,
JR장전2,2025-08-23,21.01,,,,,,,
JR장전2,2025-08-24,21.01,,,,,,,
JR장전2,2025-08-25,21.01,,,,,,,
JR장전2,2025-08-26,21.01,,,,,,,
JR장전2,2025-08-27,21.01,,,,,,,
JR장전2,2025-08-28,21.0,,,,,,,
JR장전2,2025-08-29,20.98,,,,,,,
JR장전2,2025-08-30,20.99,,,,,,,
JR장전2,2025-08-31,21.03,,,,,,,
JR장전2,2025-09-01,21.04,,,,,,,
JR장전2,2025-09-02,21.02,,,,,,,
JR장전2,2025-09-03,21.0,,,,,,,
JR장전2,2025-09-04,21.02,,,,,,,
JR장전2,2025-09-05,21.0,,,,,,,
JR장전2,2025-09-06,20.99,,,,,,,
JR장전2,2025-09-07,21.0,,,,,,,
JR장전2,2025-09-08,20.99,,,,,,,
JR장전2,2025-09-09,20.99,,,,,,,
JR장전2,2025-09-10,20.98,,,,,,,
JR장전2,2025-09-11,20.97,,,,,,,
JR장전2,2025-09-12,20.99,,,,,,,
JR장전2,2025-09-13,21.0,,,,,,,
JR장전2,2025-09-14,20.97,,,,,,,
JR장전2,2025-09-15,20.96,,,,,,,
JR장전2,2025-09-16,20.97,,,,,,,
JR장전2,2025-09-17,20.99,,,,,,,
JR장전2,2025-09-18,20.97,,,,,,,
JR장전2,2025-09-19,20.99,,,,,,,
JR장전2,2025-09-20,21.01,,,,,,,
JR장전2,2025-09-21,20.98,,,,,,,
JR장전2,2025-09-22,20.97,,,,,,,
JR장전2,2025-09-23,20.99,,,,,,,
JR장전2,2025-09-24,21.0,,,,,,,
JR장전2,2025-09-25,20.97,,,,,,,
JR장전2,2025-09-26,20.97,,,,,,,
JR장전2,2025-09-27,21.0,,,,,,,
JR장전2,2025-09-28,21.03,,,,,,,
JR장전2,2025-09-29,21.02,,,,,,,
JR장전2,2025-09-30,21.02,,,,,,,
JR장전2,2025-10-01,21.01,,,,,,,
JR장전2,2025-10-02,20.99,,,,,,,
JR장전2,2025-10-03,21.03,,,,,,,
JR장전2,2025-10-04,21.01,,,,,,,
JR장전2,2025-10-05,21.0,,,,,,,
JR장전2,2025-10-06,21.01,,,,,,,
JR장전2,2025-10-07,21.0,,,,,,,
JR장전2,2025-10-08,21.0,,,,,,,
JR장전2,2025-10-09,20.99,,,,,,,
JR장전2,2025-10-10,21.0,,,,,,,
JR장전2,2025-10-11,21.02,,,,,,,
JR장전2,2025-10-12,21.01,,,,,,,
JR장전2,2025-10-13,21.0,,,,,,,
JR장전2,2025-10-14,20.99,,,,,,,
JR장전2,2025-10-15,20.99,,,,,,,
JR장전2,2025-10-16,20.99,,,,,,,
JR장전2,2025-10-17,20.98,,,,,,,
JR장전2,2025-10-18,20.98,,,,,,,
JR장전2,2025-10-19,20.97,,,,,,,
JR장전2,2025-10-20,20.94,,,,,,,
JR장전2,2025-10-21,20.95,,,,,,,
JR장전2,2025-10-22,20.95,,,,,,,
JR장전2,2025-10-23,20.95,,,,,,,
JR장전2,2025-10-24,20.96,,,,,,,
JR장전2,2025-10-25,20.99,,,,,,,
JR장전2,2025-10-26,20.99,,,,,,,
JR장전2,2025-10-27,20.95,,,,,,,
JR장전2,2025-10-28,20.92,,,,,,,
JR장전2,2025-10-29,20.92,,,,,,,
JR장전2,2025-10-30,20.95,,,,,,,
JR장전2,2025-10-31,21.01,,,,,,,
JR장전2,2025-11-01,21.0,,,,,,,
JR장전2,2025-11-02,20.95,,,,,,,
JR장전2,2025-11-03,20.89,,,,,,,
JR장전2,2025-11-04,20.91,,,,,,,
JR장전2,2025-11-05,20.94,,,,,,,
JR장전2,2025-11-06,20.93,,,,,,,
JR장전2,2025-11-07,20.93,,,,,,,
JR장전2,2025-11-08,20.96,,,,,,,
JR장전2,2025-11-09,20.97,,,,,,,
JR장전2,2025-11-10,20.94,,,,,,,
JR장전2,2025-11-11,20.93,,,,,,,
JR장전2,2025-11-12,20.92,,,,,,,
JR장전2,2025-11-13,20.93,,,,,,,
JR장전2,2025-11-14,20.92,,,,,,,
JR장전2,2025-11-15,20.87,,,,,,,
JR장전2,2025-11-16,20.88,,,,,,,
JR장전2,2025-11-17,20.87,,,,,,,
JR장전2,2025-11-18,20.88,,,,,,,
JR장전2,2025-11-19,20.89,,,,,,,
JR장전2,2025-11-20,20.88,,,,,,,
JR장전2,2025-11-21,20.89,,,,,,,
JR장전2,2025-11-22,20.88,,,,,,,
JR장전2,2025-11-23,20.91,,,,,,,
JR장전2,2025-11-24,20.94,,,,,,,
JR장전2,2025-11-25,20.92,,,,,,,
JR장전2,2025-11-26,20.87,,,,,,,
JR장전2,2025-11-27,20.92,,,,,,,
JR장전2,2025-11-28,20.89,,,,,,,
JR장전2,2025-11-29,20.91,,,,,,,
JR장전2,2025-11-30,20.92,,,,,,,
JR장전2,2025-12-01,20.89,,,,,,,
JR장전2,2025-12-02,20.88,,,,,,,
JR장전2,2025-12-03,20.85,,,,,,,
JR장전2,2025-12-04,20.84,,,,,,,
JR장전2,2025-12-05,20.84,,,,,,,
JR장전2,2025-12-06,20.87,,,,,,,
JR장전2,2025-12-07,20.88,,,,,,,
JR장전2,2025-12-08,20.84,,,,,,,
JR장전2,2025-12-09,20.84,,,,,,,
JR장전2,2025-12-10,20.87,,,,,,,
JR장전2,2025-12-11,20.89,,,,,,,
JR장전2,2025-12-12,20.83,,,,,,,
JR장전2,2025-12-13,20.89,,,,,,,
JR장전2,2025-12-14,20.88,,,,,,,
JR장전2,2025-12-15,20.84,,,,,,,
JR장전2,2025-12-16,20.86,,,,,,,
JR장전2,2025-12-17,20.85,,,,,,,
JR장전2,2025-12-18,20.83,,,,,,,
JR장전2,2025-12-19,20.88,,,,,,,
JR장전2,2025-12-20,20.88,,,,,,,
JR장전2,2025-12-21,20.81,,,,,,,
JR장전2,2025-12-22,20.82,,,,,,,
JR장전2,2025-12-23,20.88,,,,,,,
JR장전2,2025-12-24,20.91,,,,,,,
JR장전2,2025-12-25,20.86,,,,,,,
JR장전2,2025-12-26,20.81,,,,,,,
JR장전2,2025-12-27,20.82,,,,,,,
JR장전2,2025-12-28,20.85,,,,,,,
JR장전2,2025-12-29,20.87,,,,,,,
JR장전2,2025-12-30,20.84,,,,,,,
JR장전2,2025-12-31,20.81,,,,,,,
JR장전2,2026-01-01,20.83,S11,293.32,21.6,18.27,122.0,1026.92,12.85
JR장전2,2026-01-02,20.83,S11,293.32,21.6,18.28,122.0,1027.04,12.49
JR장전2,2026-01-03,20.81,S11,293.34,21.58,18.29,122.0,1029.5,12.77
JR장전2,2026-01-04,20.84,S11,293.32,21.61,18.3,123.0,1027.42,12.81
JR장전2,2026-01-05,20.86,S11,293.29,21.63,18.3,123.0,1024.54,12.75
JR장전2,2026-01-06,20.84,S11,293.31,21.61,18.31,123.0,1025.71,12.83
JR장전2,2026-01-07,20.84,S11,293.31,21.61,18.31,122.0,1024.42,12.79
JR장전2,2026-01-08,20.8,S11,293.35,21.57,18.33,123.0,1028.54,12.79
JR장전2,2026-01-09,20.83,S11,293.32,21.6,18.34,123.0,1025.54,12.84
JR장전2,2026-01-10,20.87,S11,293.28,21.64,18.34,123.0,1020.71,12.98
JR장전2,2026-01-11,20.81,S11,293.34,21.58,18.35,123.0,1026.25,12.93
JR장전2,2026-01-12,20.84,S11,293.31,21.61,18.36,123.0,1022.92,12.94
JR장전2,2026-01-13,20.85,S11,293.3,21.62,18.36,123.0,1020.63,13.0
JR장전2,2026-01-14,20.81,S11,293.34,21.58,18.37,123.0,1024.13,12.98
JR장전2,2026-01-15,20.85,S11,293.3,21.62,18.37,123.0,1019.71,12.96
JR장전2,2026-01-16,20.83,S11,293.32,21.6,18.38,123.0,1020.71,12.97
JR장전2,2026-01-17,20.82,S11,293.33,21.59,18.39,123.0,1021.92,13.02
JR장전2,2026-01-18,20.82,S11,293.33,21.59,18.4,123.0,1021.67,12.98
JR장전2,2026-01-19,20.79,S11,293.36,21.56,18.41,123.0,1024.25,12.81
JR장전2,2026-01-20,20.78,S11,293.37,21.55,18.42,123.0,1026.58,12.96
JR장전2,2026-01-21,20.77,S11,293.38,21.54,18.43,123.0,1028.38,12.81
JR장전2,2026-01-22,20.77,S11,293.38,21.54,18.44,123.0,1029.71,12.54
JR장전2,2026-01-23,20.79,S11,293.36,21.56,18.44,123.0,1029.17,12.87
JR장전2,2026-01-24,20.8,S11,293.35,21.57,18.45,124.0,1028.17,13.01
JR장전2,2026-01-25,20.77,S11,293.38,21.54,18.46,124.0,1031.13,13.02
JR장전2,2026-01-26,20.8,S11,293.35,21.57,18.46,124.0,1027.92,12.97
JR장전2,2026-01-27,20.8,S11,293.35,21.57,18.47,124.0,1027.38,12.91
JR장전2,2026-01-28,20.77,S11,293.38,21.54,18.48,124.0,1029.79,12.98
JR장전2,2026-01-29,20.75,S11,293.4,21.52,18.49,124.0,1032.08,12.94
JR장전2,2026-01-30,20.76,S11,293.39,21.53,18.49,124.0,1031.88,13.01
JR장전2,2026-01-31,20.79,S11,293.37,21.56,18.49,124.0,1029.79,12.99
JR장전2,2026-02-01,20.79,S11,293.36,21.56,18.5,124.0,1029.21,12.99
JR장전2,2026-02-02,20.77,S11,293.38,21.54,18.5,124.0,1029.67,12.9
JR장전2,2026-02-03,20.75,S11,293.4,21.52,18.51,124.0,1031.92,12.93
JR장전2,2026-02-04,20.81,S11,293.34,21.58,18.51,124.0,1025.54,12.98
JR장전2,2026-02-05,20.84,S11,293.31,21.61,18.51,124.0,1021.29,13.07
JR장전2,2026-02-06,20.8,S11,293.35,21.57,18.52,124.0,1023.96,13.03
JR장전2,2026-02-07,20.78,S11,293.37,21.55,18.53,124.0,1026.17,12.81
JR장전2,2026-02-08,20.74,S11,293.42,21.51,18.54,124.0,1030.04,12.52
JR장전2,2026-02-09,20.74,S11,293.41,21.51,18.55,124.0,1030.67,12.91
JR장전2,2026-02-10,20.81,S11,293.34,21.58,18.54,124.0,1023.63,12.91
JR장전2,2026-02-11,20.78,S11,293.37,21.55,18.55,124.0,1024.5,12.96
JR장전2,2026-02-12,20.77,S11,293.38,21.54,18.55,124.0,1025.67,13.0
JR장전2,2026-02-13,20.79,S11,293.36,21.56,18.55,124.0,1022.83,13.01
JR장전2,2026-02-14,20.82,S11,293.33,21.59,18.55,124.0,1019.17,12.96
JR장전2,2026-02-15,20.77,S11,293.38,21.54,18.56,124.0,1021.88,13.01
JR장전2,2026-02-16,20.75,S11,293.41,21.52,18.57,124.0,1025.04,13.04
JR장전2,2026-02-17,20.75,S11,293.4,21.52,18.57,124.0,1025.42,13.0
JR장전2,2026-02-18,20.75,S11,293.4,21.52,18.58,124.0,1026.21,12.99
JR장전2,2026-02-19,20.74,S11,293.41,21.51,18.58,125.0,1026.83,12.96
JR장전2,2026-02-20,20.78,S11,293.37,21.55,18.58,125.0,1022.21,13.03
JR장전2,2026-02-21,20.82,S11,293.33,21.59,18.58,125.0,1017.29,13.03
JR장전2,2026-02-22,20.82,S11,293.33,21.59,18.58,124.0,1015.63,13.02
JR장전2,2026-02-23,20.7,S11,293.45,21.47,18.6,124.0,1025.83,13.06
JR장전2,2026-02-24,20.77,S11,293.38,21.54,18.6,125.0,1020.67,12.8
JR장전2,2026-02-25,20.75,S11,293.4,21.52,18.6,125.0,1021.92,12.99
JR장전2,2026-02-26,20.77,S11,293.38,21.54,18.6,125.0,1019.79,13.02
JR장전2,2026-02-27,20.79,S11,293.36,21.56,18.6,125.0,1016.17,12.94
JR장전2,2026-02-28,20.73,S11,293.42,21.5,18.62,125.0,1021.63,13.06
JR장전2,2026-03-01,20.74,S11,293.41,21.51,18.62,125.0,1021.67,13.0
JR장전2,2026-03-02,20.81,S11,293.34,21.58,18.62,125.0,1014.04,13.05
JR장전2,2026-03-03,20.73,S11,293.43,21.5,18.63,125.0,1021.38,12.92
JR장전2,2026-03-04,20.7,S11,293.45,21.47,18.64,125.0,1025.92,13.04
JR장전2,2026-03-05,20.73,S11,293.42,21.5,18.64,125.0,1024.67,13.06
JR장전2,2026-03-06,20.72,S11,293.43,21.49,18.65,125.0,1024.96,13.0
JR장전2,2026-03-07,20.68,S11,293.47,21.45,18.66,125.0,1029.46,13.03
JR장전2,2026-03-08,20.69,S11,293.46,21.46,18.66,125.0,1029.38,13.07
JR장전2,2026-03-09,20.69,S11,293.46,21.46,18.66,125.0,1030.08,13.07
JR장전2,2026-03-10,20.71,S11,293.44,21.48,18.66,125.0,1029.21,13.06
JR장전2,2026-03-11,20.72,S11,293.43,21.49,18.66,125.0,1026.79,13.04
JR장전2,2026-03-12,20.71,S11,293.44,21.48,18.66,125.0,1027.42,13.06
JR장전2,2026-03-13,20.68,S11,293.47,21.45,18.67,125.0,1029.92,13.07
JR장전2,2026-03-14,20.68,S11,293.47,21.45,18.68,125.0,1030.88,13.06
JR장전2,2026-03-15,20.71,S11,293.44,21.48,18.68,125.0,1028.67,13.08
JR장전2,2026-03-16,20.73,S11,293.42,21.5,18.68,125.0,1025.58,13.09
JR장전2,2026-03-17,20.74,S11,293.41,21.51,18.68,125.0,1023.29,13.08
JR장전2,2026-03-18,20.78,S11,293.37,21.55,18.68,125.0,1017.5,12.73
JR장전2,2026-03-19,20.73,S11,293.42,21.5,18.69,125.0,1020.79,13.01
JR장전2,2026-03-20,20.7,S11,293.45,21.47,18.69,125.0,1023.67,13.07
JR장전2,2026-03-21,20.68,S11,293.47,21.45,18.7,125.0,1025.92,13.06
JR장전2,2026-03-22,20.72,S11,293.43,21.49,18.7,125.0,1022.04,13.13
JR장전2,2026-03-23,20.7,S11,293.45,21.47,18.7,125.0,1021.71,13.07
JR장전2,2026-03-24,20.72,S11,293.44,21.49,18.7,125.0,1019.21,13.07
JR장전2,2026-03-25,20.72,S11,293.43,21.49,18.71,125.0,1017.13,13.03
JR장전2,2026-03-26,20.69,S11,293.47,21.46,18.71,125.0,1018.88,13.15
JR장전2,2026-03-27,20.68,S11,293.47,21.45,18.72,125.0,1018.79,13.15
JR장전2,2026-03-28,20.68,S11,293.48,21.45,18.72,125.0,1019.21,13.14
JR장전2,2026-03-29,20.68,S11,293.47,21.45,18.72,125.0,1018.71,13.15
JR장전2,2026-03-30,20.73,S11,293.42,21.5,18.72,125.0,1013.29,13.1
JR장전2,2026-03-31,20.71,S11,293.44,21.48,18.73,125.0,1012.42,13.03
JR장전2,2026-04-01,20.67,S11,293.48,21.44,18.73,125.0,1016.04,13.08
JR장전2,2026-04-02,20.64,S11,293.51,21.41,18.74,125.0,1019.92,13.08
JR장전2,2026-04-03,20.68,S11,293.47,21.45,18.74,125.0,1016.75,13.09
JR장전2,2026-04-04,20.79,S11,293.37,21.56,18.73,125.0,1004.79,12.9
JR장전2,2026-04-05,20.68,S11,293.47,21.45,18.74,125.0,1012.79,13.06
JR장전2,2026-04-06,20.68,S11,293.47,21.45,18.74,125.0,1012.63,13.12
JR장전2,2026-04-07,20.61,S11,293.54,21.38,18.76,125.0,1018.67,13.08
JR장전2,2026-04-08,20.6,S11,293.55,21.37,18.77,125.0,1021.71,13.05
JR장전2,2026-04-09,20.73,S11,293.42,21.5,18.75,126.0,1009.71,12.91
JR장전2,2026-04-10,20.71,S11,293.45,21.48,18.75,125.0,1009.21,13.08
JR장전2,2026-04-11,20.62,S11,293.53,21.39,18.77,125.0,1016.58,13.1
JR장전2,2026-04-12,20.62,S11,293.53,21.39,18.77,126.0,1017.75,13.13
JR장전2,2026-04-13,20.64,S11,293.51,21.41,18.77,126.0,1016.42,13.1
JR장전2,2026-04-14,20.65,S11,293.5,21.42,18.77,126.0,1014.5,12.99
JR장전2,2026-04-15,20.64,S11,293.51,21.41,18.77,126.0,1015.42,13.13
JR장전2,2026-04-16,20.61,S11,293.54,21.38,18.78,126.0,1018.33,13.11
JR장전2,2026-04-17,20.63,S11,293.52,21.4,18.78,126.0,1016.0,13.05
JR장전2,2026-04-18,20.64,S11,293.51,21.41,18.78,126.0,1014.67,13.15
JR장전2,2026-04-19,20.63,S11,293.52,21.4,18.78,126.0,1014.75,13.1
JR장전2,2026-04-20,20.61,S11,293.54,21.38,18.78,125.0,1016.5,12.95
JR장전2,2026-04-21,20.57,S11,293.58,21.34,18.78,125.0,1021.29,13.1
JR장전2,2026-04-22,20.64,S11,293.51,21.41,18.77,125.0,1015.33,13.04
JR장전2,2026-04-23,20.66,S11,293.49,21.43,18.76,125.0,1011.46,13.13
JR장전2,2026-04-24,20.59,S11,293.56,21.36,18.76,125.0,1017.79,13.1
JR장전2,2026-04-25,20.57,S11,293.58,21.34,18.76,125.0,1020.67,13.09
JR장전2,2026-04-26,20.62,S11,293.53,21.39,18.75,125.0,1016.96,13.12
JR장전2,2026-04-27,20.62,S11,293.53,21.39,18.74,125.0,1016.29,13.07
JR장전2,2026-04-28,20.59,S11,293.56,21.36,18.74,125.0,1018.42,13.05
JR장전2,2026-04-29,20.57,S11,293.58,21.34,18.75,125.0,1021.75,13.13
JR장전2,2026-04-30,20.61,S11,293.54,21.38,18.74,124.0,1018.29,13.0
JR장전2,2026-05-01,20.61,S11,293.54,21.38,18.74,124.0,1016.83,13.12
JR장전2,2026-05-02,20.61,S11,293.54,21.38,18.74,124.0,1016.08,13.14
JR장전2,2026-05-03,20.67,S11,293.48,21.44,18.73,124.0,1008.88,12.86
JR장전2,2026-05-04,20.55,S11,293.6,21.32,18.75,124.0,1018.79,13.08
JR장전2,2026-05-05,20.54,S11,293.61,21.31,18.76,124.0,1021.54,13.04
JR장전2,2026-05-06,20.57,S11,293.58,21.34,18.75,124.0,1020.0,13.05
JR장전2,2026-05-07,20.6,S11,293.55,21.37,18.75,124.0,1016.54,13.14
JR장전2,2026-05-08,20.55,S11,293.6,21.32,18.76,124.0,1020.42,13.07
JR장전2,2026-05-09,20.54,S11,293.61,21.31,18.76,124.0,1023.0,13.03
JR장전2,2026-05-10,20.56,S11,293.59,21.33,18.76,124.0,1021.38,13.05
JR장전2,2026-05-11,20.59,S11,293.56,21.36,18.76,124.0,1018.33,13.08
JR장전2,2026-05-12,20.62,S11,293.53,21.39,18.76,124.0,1013.71,13.02
JR장전2,2026-05-13,20.6,S11,293.55,21.37,18.76,123.0,1013.33,13.12
JR장전2,2026-05-14,20.57,S11,293.58,21.34,18.77,123.0,1016.58,13.09
JR장전2,2026-05-15,20.51,S11,293.64,21.28,18.78,123.0,1022.5,13.06
JR장전2,2026-05-16,20.51,S11,293.64,21.28,18.78,123.0,1025.04,13.05
JR장전2,2026-05-17,20.54,S11,293.61,21.31,18.78,123.0,1023.5,13.05
JR장전2,2026-05-18,20.56,S11,293.59,21.33,18.78,123.0,1020.46,13.03
JR장전2,2026-05-19,20.59,S11,293.56,21.36,18.78,123.0,1016.5,13.1
JR장전2,2026-05-20,20.63,S11,293.52,21.4,18.78,123.0,1010.75,13.1
JR장전2,2026-05-21,20.6,S11,293.55,21.37,18.78,123.0,1010.75,12.95
JR장전2,2026-05-22,20.56,S11,293.59,21.33,18.79,123.0,1013.75,13.01
JR장전2,2026-05-23,20.56,S11,293.59,21.33,18.79,123.0,1013.92,13.12
JR장전2,2026-05-24,20.54,S11,293.61,21.31,18.8,123.0,1015.58,13.07
JR장전2,2026-05-25,20.57,S11,293.58,21.34,18.8,123.0,1012.54,13.11
JR장전2,2026-05-26,20.61,S11,293.54,21.38,18.81,123.0,1007.17,13.03
JR장전2,2026-05-27,20.6,S11,293.55,21.37,18.81,123.0,1006.17,13.05
JR장전2,2026-05-28,20.55,S11,293.6,21.32,18.82,122.0,1009.79,12.92
JR장전2,2026-05-29,20.52,S11,293.63,21.29,18.83,122.0,1013.46,12.99
JR장전2,2026-05-30,20.51,S11,293.64,21.28,18.84,122.0,1015.79,12.97
JR장전2,2026-05-31,20.51,S11,293.64,21.28,18.84,123.0,1017.04,13.0
JR장전2,2026-06-01,20.52,S11,293.63,21.29,18.84,123.0,1016.67,12.88
JR장전2,2026-06-02,20.59,S11,293.56,21.36,18.84,123.0,1009.54,13.0
JR장전2,2026-06-03,20.58,S11,293.57,21.35,18.84,123.0,1008.71,13.01
JR장전2,2026-06-04,20.58,S11,293.57,21.35,18.84,123.0,1006.25,13.03
JR장전2,2026-06-05,20.51,S11,293.64,21.28,18.85,123.0,1011.96,13.06
JR장전2,2026-06-06,20.5,S11,293.65,21.27,18.86,123.0,1014.21,13.05
JR장전2,2026-06-07,20.54,S11,293.61,21.31,18.85,123.0,1011.04,13.01
JR장전2,2026-06-08,20.52,S11,293.63,21.29,18.85,123.0,1012.0,12.98
JR장전2,2026-06-09,20.52,S11,293.63,21.29,18.86,123.0,1011.75,13.09
JR장전2,2026-06-10,20.5,S11,293.65,21.27,18.86,123.0,1014.04,13.03
