{"type":"FeatureCollection","features":[{"type":"Feature","geometry":{"type":"Polygon","coordinates":[[[126.524017,33.516041],[126.528569,33.515161],[126.528412,33.5146],[126.529615,33.514335],[126.529974,33.51304],[126.5302,33.513484],[126.531993,33.513237],[126.531364,33.511763],[126.530398,33.511478],[126.530161,33.511742],[126.530258,33.51144],[126.529022,33.51109],[126.529415,33.510498],[126.527772,33.509664],[126.527614,33.508465],[126.528477,33.507629],[126.528761,33.506568],[126.529313,33.506337],[126.528833,33.506346],[126.528215,33.507855],[126.52751,33.5084],[126.527617,33.509312],[126.526553,33.510625],[126.526572,33.512739],[126.52481,33.513125],[126.524398,33.512759],[126.524678,33.512759],[126.524617,33.512439],[126.52352,33.512552],[126.523097,33.51437],[126.524006,33.514382],[126.524017,33.516041]]]},"properties":{"AREA":295459.8536286167,"PERIMETER":4079.6335515746446,"법정리코드":"5011010100","법정리명":"일도일동","법정동코드":"50110101","법정시코드":"50110","법정리이름":"제주시일도일동","SEA":2}},{"type":"Feature","geometry":{"type":"Polygon","coordinates":[[[126.543794,33.513045],[126.543811,33.512243],[126.544614,33.512087],[126.545819,33.511203],[126.543112,33.509724],[126.545155,33.508749],[126.545354,33.508199],[126.547491,33.506343],[126.547983,33.505522],[126.549436,33.504752],[126.550508,33.504612],[126.550947,33.50389],[126.551569,33.503862],[126.552273,33.503269],[126.553409,33.503387],[126.554754,33.504612],[126.554479,33.503248],[126.555333,33.50218],[126.554875,33.501722],[126.554845,33.500197],[126.553298,33.499356],[126.552797,33.49739],[126.549634,33.499273],[126.546226,33.497427],[126.541986,33.503653],[126.54123,33.503027],[126.538189,33.505619],[126.536011,33.503817],[126.535797,33.503114],[126.53493,33.502931],[126.534095,33.504115],[126.532293,33.504234],[126.530921,33.505692],[126.529446,33.505857],[126.529481,33.506265],[126.528761,33.506568],[126.528477,33.507629],[126.527614,33.508465],[126.527772,33.509664],[126.529415,33.510498],[126.529022,33.51109],[126.530258,33.51144],[126.530161,33.511742],[126.530398,33.511478],[126.531364,33.511763],[126.531685,33.512079],[126.531853,33.513217],[126.537361,33.513991],[126.538209,33.514065],[126.538411,33.513823],[126.538413,33.514226],[126.543794,33.513045]]]},"properties":{"AREA":2216282.5877540894,"PERIMETER":8871.787118629667,"법정리코드":"5011010200","법정리명":"일도이동","법정동코드":"50110102","법정시코드":"50110","법정리이름":"제주시일도이동","SEA":2}},{"type":"Feature","geometry":{"type":"Polygon","coordinates":[[[126.52481,33.513125],[126.526572,33.512739],[126.526553,33.510625],[126.527617,33.509312],[126.52751,33.5084],[126.528215,33.507855],[126.528833,33.506346],[126.529481,33.506265],[126.529666,33.505702],[126.530921,33.505692],[126.531875,33.504411],[126.534095,33.504115],[126.534562,33.503667],[126.53493,33.502931],[126.534967,33.502655],[126.534726,33.503253],[126.528721,33.500599],[126.525677,33.500144],[126.526532,33.499067],[126.52694,33.498867],[126.528281,33.497955],[126.528766,33.497318],[126.529514,33.497014],[126.529797,33.496487],[126.529733,33.496443],[126.529355,33.496977],[126.528751,33.497244],[126.528053,33.498076],[126.526378,33.499061],[126.525307,33.500226],[126.524375,33.500711],[126.525021,33.503337],[126.524691,33.50395],[126.525336,33.50455],[126.52509,33.50492],[126.525476,33.505859],[126.523523,33.509026],[126.523479,33.509805],[126.523718,33.509973],[126.523161,33.510786],[126.52352,33.51255],[126.524617,33.512439],[126.524678,33.512759],[126.524398,33.512759],[126.52481,33.513125]]]},"properties":{"AREA":661087.3495854778,"PERIMETER":5813.069860756034,"법정리코드":"5011010300","법정리명":"이도일동","법정동코드":"50110103","법정시코드":"50110","법정리이름":"제주시이도일동","SEA":2}},{"type":"Feature","geometry":{"type":"Polygon","coordinates":[[[126.54123,33.503027],[126.541986,33.503653],[126.546226,33.497427],[126.549634,33.499273],[126.552797,33.49739],[126.552138,33.494375],[126.554064,33.49248],[126.553465,33.491445],[126.551889,33.490191],[126.552126,33.488932],[126.551842,33.488403],[126.551559,33.488149],[126.55123,33.489126],[126.549345,33.489944],[126.549148,33.490877],[126.547663,33.49203],[126.546846,33.492006],[126.546251,33.491628],[126.54538,33.492591],[126.544001,33.493105],[126.543569,33.492693],[126.542304,33.494012],[126.541613,33.493546],[126.540861,33.494332],[126.540691,33.493768],[126.540965,33.493034],[126.543678,33.490299],[126.543844,33.489448],[126.543352,33.488636],[126.543237,33.487669],[126.542098,33.488041],[126.540315,33.487787],[126.537581,33.486015],[126.537093,33.486552],[126.535984,33.48578],[126.535102,33.48659],[126.534061,33.485692],[126.532618,33.486768],[126.531881,33.486709],[126.531363,33.487377],[126.530223,33.487773],[126.530045,33.488321],[126.531027,33.490171],[126.531896,33.49096],[126.532606,33.490958],[126.532744,33.491593],[126.532221,33.492233],[126.53229,33.493019],[126.530618,33.493432],[126.529862,33.494516],[126.530188,33.495328],[126.529514,33.497014],[126.526532,33.499067],[126.525677,33.500144],[126.529073,33.50071],[126.534726,33.503253],[126.534967,33.502655],[126.53493,33.502931],[126.535797,33.503114],[126.536011,33.503817],[126.538189,33.505619],[126.54123,33.503027]]]},"properties":{"AREA":2965731.7114237943,"PERIMETER":10557.167663492783,"법정리코드":"5011010400","법정리명":"이도이동","법정동코드":"50110104","법정시코드":"50110","법정리이름":"제주시이도이동","SEA":2}},{"type":"Feature","geometry":{"type":"Polygon","coordinates":[[[126.519904,33.504368],[126.524856,33.504335],[126.5247,33.503815],[126.525021,33.503337],[126.524375,33.500711],[126.525454,33.500094],[126.52487,33.500009],[126.525605,33.497985],[126.524648,33.497709],[126.520538,33.497916],[126.516498,33.498283],[126.516018,33.498641],[126.515647,33.499335],[126.515541,33.500916],[126.514658,33.502544],[126.514513,33.505522],[126.515215,33.506291],[126.515794,33.507764],[126.51689,33.508236],[126.517214,33.509274],[126.519891,33.510573],[126.519904,33.504368]]]},"properties":{"AREA":870271.5174395692,"PERIMETER":4533.741025136904,"법정리코드":"5011010500","법정리명":"삼도일동","법정동코드":"50110105","법정시코드":"50110","법정리이름":"제주시삼도일동","SEA":2}},{"type":"Feature","geometry":{"type":"Polygon","coordinates":[[[126.524816,33.516934],[126.526014,33.516647],[126.525643,33.51633],[126.524343,33.516612],[126.523987,33.515952],[126.524006,33.514382],[126.523097,33.51437],[126.523533,33.512242],[126.523161,33.510786],[126.523718,33.509973],[126.523479,33.509805],[126.523523,33.509026],[126.525476,33.505859],[126.52509,33.50492],[126.525336,33.50455],[126.524841,33.504275],[126.519904,33.504368],[126.519871,33.511336],[126.519479,33.51225],[126.518257,33.513516],[126.517835,33.514611],[126.516526,33.515439],[126.516351,33.518456],[126.516977,33.519171],[126.517914,33.519417],[126.524859,33.518527],[126.524816,33.516934]]]},"properties":{"AREA":835745.5183150686,"PERIMETER":5132.351067660917,"법정리코드":"5011010600","법정리명":"삼도이동","법정동코드":"50110106","법정시코드":"50110","법정리이름":"제주시삼도이동","SEA":2}},{"type":"Feature","geometry":{"type":"Polygon","coordinates":[[[126.534714,33.523601],[126.535495,33.523668],[126.537176,33.524842],[126.535565,33.523541],[126.534597,33.523478],[126.533817,33.522995],[126.529141,33.519659],[126.528965,33.51835],[126.52838,33.518053],[126.528765,33.517979],[126.528466,33.517078],[126.53088,33.517592],[126.53126,33.516957],[126.532399,33.518029],[126.533461,33.517975],[126.533582,33.518717],[126.53281,33.51872],[126.53281,33.519619],[126.534154,33.520346],[126.53531,33.519787],[126.537554,33.521354],[126.53643,33.522531],[126.53723,33.523099],[126.538473,33.521854],[126.538903,33.521875],[126.540414,33.522555],[126.539705,33.523663],[126.54102,33.524262],[126.541943,33.52284],[126.542857,33.522885],[126.5428,33.523785],[126.543174,33.523804],[126.542939,33.527404],[126.543399,33.52771],[126.541614,33.529471],[126.544305,33.527057],[126.544654,33.521906],[126.544927,33.521916],[126.544674,33.521604],[126.546263,33.521965],[126.54904,33.520534],[126.549474,33.519112],[126.549316,33.518225],[126.549902,33.516869],[126.550708,33.515738],[126.551594,33.515437],[126.553356,33.513539],[126.548909,33.51215],[126.548926,33.511778],[126.547968,33.511399],[126.551161,33.50995],[126.553173,33.508489],[126.55691,33.507062],[126.55589,33.505497],[126.554883,33.504968],[126.554331,33.504032],[126.553409,33.503387],[126.552273,33.503269],[126.551569,33.503862],[126.550947,33.50389],[126.550508,33.504612],[126.549436,33.504752],[126.548092,33.505452],[126.547491,33.506343],[126.545354,33.508199],[126.545155,33.508749],[126.543112,33.509724],[126.545819,33.511203],[126.544614,33.512087],[126.543811,33.512243],[126.543794,33.513045],[126.538413,33.514226],[126.538411,33.513825],[126.538209,33.514065],[126.537361,33.513991],[126.531993,33.513237],[126.5302,33.513484],[126.529974,33.51304],[126.529615,33.514335],[126.528412,33.5146],[126.528474,33.515211],[126.524146,33.51601],[126.524343,33.516612],[126.525643,33.51633],[126.526014,33.516647],[126.524816,33.516934],[126.524859,33.518527],[126.528311,33.518076],[126.528597,33.519372],[126.534527,33.523563],[126.540708,33.532243],[126.534714,33.523601]]]},"properties":{"AREA":2532943.1906634974,"PERIMETER":17955.495321041562,"법정리코드":"5011010700","법정리명":"건입동","법정동코드":"50110107","법정시코드":"50110","법정리이름":"제주시건입동","SEA":2}},{"type":"Feature","geometry":{"type":"Polygon","coordinates":[[[126.515697,33.517185],[126.516476,33.517108],[126.516526,33.515439],[126.517835,33.514611],[126.518257,33.513516],[126.519479,33.51225],[126.519891,33.510573],[126.517214,33.509274],[126.51689,33.508236],[126.515794,33.507764],[126.515215,33.506291],[126.514513,33.505522],[126.514619,33.502728],[126.515541,33.500916],[126.515603,33.500011],[126.512729,33.500079],[126.512056,33.500211],[126.511214,33.502897],[126.511823,33.505187],[126.511153,33.507242],[126.511597,33.508289],[126.511419,33.50934],[126.512656,33.51104],[126.51408,33.512131],[126.514878,33.514135],[126.514439,33.514773],[126.514563,33.515839],[126.515109,33.516879],[126.515697,33.517185]]]},"properties":{"AREA":701831.6231442951,"PERIMETER":4807.798670589412,"법정리코드":"5011010800","법정리명":"용담일동","법정동코드":"50110108","법정시코드":"50110","법정리이름":"제주시용담일동","SEA":2}},{"type":"Feature","geometry":{"type":"Polygon","coordinates":[[[126.497417,33.516015],[126.498363,33.515997],[126.498267,33.515384],[126.50065,33.51457],[126.501501,33.513077],[126.504082,33.51346],[126.510386,33.51263],[126.510483,33.515655],[126.510053,33.51574],[126.51136,33.515551],[126.512074,33.516021],[126.512986,33.515581],[126.513848,33.51598],[126.514563,33.515839],[126.514439,33.514773],[126.514878,33.514135],[126.51408,33.512131],[126.512656,33.51104],[126.511419,33.50934],[126.511597,33.508289],[126.511153,33.507242],[126.511823,33.505187],[126.511214,33.502897],[126.512056,33.500211],[126.505844,33.500444],[126.495044,33.497109],[126.492303,33.493906],[126.491101,33.496923],[126.491512,33.497397],[126.491525,33.498865],[126.49095,33.500329],[126.492526,33.500551],[126.492082,33.502211],[126.492489,33.503129],[126.491638,33.504375],[126.491586,33.50541],[126.490008,33.50619],[126.489142,33.50782],[126.48869,33.507656],[126.488209,33.508015],[126.487087,33.509462],[126.48663,33.509461],[126.486237,33.510366],[126.485077,33.511132],[126.487194,33.511965],[126.489574,33.512424],[126.494048,33.512071],[126.493743,33.513168],[126.494867,33.51338],[126.494676,33.514213],[126.497417,33.516015]]]},"properties":{"AREA":3511185.1288344543,"PERIMETER":10558.562826850028,"법정리코드":"5011010900","법정리명":"용담이동","법정동코드":"50110109","법정시코드":"50110","법정리이름":"제주시용담이동","SEA":2}},{"type":"Feature","geometry":{"type":"Polygon","coordinates":[[[126.495085,33.52064],[126.498566,33.520021],[126.500346,33.518519],[126.501079,33.518988],[126.501312,33.518955],[126.499997,33.518306],[126.500175,33.517793],[126.501045,33.518321],[126.50069,33.517516],[126.504311,33.516845],[126.505686,33.516961],[126.506491,33.516455],[126.508729,33.516355],[126.510443,33.515687],[126.51044,33.512657],[126.504082,33.51346],[126.501501,33.513077],[126.500355,33.514788],[126.498267,33.515384],[126.498363,33.515997],[126.497505,33.516021],[126.494676,33.514213],[126.494867,33.51338],[126.493743,33.513168],[126.494048,33.512071],[126.489574,33.512424],[126.487194,33.511965],[126.485077,33.511132],[126.483768,33.511534],[126.484747,33.514899],[126.48522,33.515219],[126.485938,33.517368],[126.486725,33.517691],[126.487287,33.518373],[126.492771,33.519641],[126.495085,33.52064]]]},"properties":{"AREA":1343311.040123685,"PERIMETER":7460.385554647414,"법정리코드":"5011011000","법정리명":"용담삼동","법정동코드":"50110110","법정시코드":"50110","법정리이름":"제주시용담삼동","SEA":2}},{"type":"Feature","geometry":{"type":"Polygon","coordinates":[[[126.56191,33.52732],[126.563652,33.526934],[126.564229,33.525928],[126.564969,33.525734],[126.565025,33.524952],[126.564551,33.525167],[126.564053,33.524863],[126.565285,33.524008],[126.56552,33.524658],[126.565236,33.524871],[126.565518,33.52507],[126.565746,33.524621],[126.567343,33.525009],[126.567024,33.525251],[126.566633,33.525048],[126.565884,33.525615],[126.567399,33.525421],[126.567472,33.525182],[126.568038,33.525335],[126.568013,33.525732],[126.567274,33.526342],[126.568369,33.52708],[126.568816,33.527117],[126.569088,33.526439],[126.57102,33.525565],[126.572009,33.525621],[126.573499,33.525149],[126.574048,33.525456],[126.573982,33.524766],[126.574558,33.524744],[126.575996,33.52289],[126.575267,33.521755],[126.575441,33.521239],[126.578282,33.52138],[126.57903,33.519982],[126.578823,33.517955],[126.577946,33.517257],[126.578229,33.515974],[126.577777,33.514282],[126.57301,33.514297],[126.573045,33.515391],[126.572002,33.51531],[126.57169,33.51479],[126.570939,33.514699],[126.569696,33.515055],[126.569757,33.514789],[126.569041,33.514917],[126.569164,33.512924],[126.568878,33.512633],[126.559688,33.512125],[126.559347,33.512386],[126.559193,33.514179],[126.556496,33.513819],[126.556369,33.514235],[126.555887,33.514437],[126.553452,33.513448],[126.551594,33.515437],[126.550708,33.515738],[126.549316,33.518225],[126.549474,33.519112],[126.54904,33.520534],[126.551447,33.520409],[126.551645,33.52055],[126.551383,33.520932],[126.552659,33.521779],[126.555438,33.521081],[126.556529,33.521906],[126.557657,33.522025],[126.558033,33.522553],[126.558962,33.52251],[126.559122,33.52382],[126.560273,33.525049],[126.560859,33.526265],[126.56191,33.52732]]]},"properties":{"AREA":2991560.2110225204,"PERIMETER":10321.489569530504,"법정리코드":"5011011100","법정리명":"화북일동","법정동코드":"50110111","법정시코드":"50110","법정리이름":"제주시화북일동","SEA":2}},{"type":"Feature","geometry":{"type":"Polygon","coordinates":[[[126.57301,33.514297],[126.577777,33.514282],[126.577879,33.514037],[126.577427,33.512238],[126.577877,33.51111],[126.577144,33.510594],[126.577019,33.510123],[126.577503,33.50849],[126.576845,33.508395],[126.57339,33.510067],[126.573114,33.510079],[126.57311,33.509528],[126.574644,33.507996],[126.57435,33.506155],[126.57553,33.505604],[126.575502,33.504811],[126.575941,33.504708],[126.575797,33.504071],[126.576437,33.50332],[126.576435,33.502877],[126.577692,33.501692],[126.578494,33.501449],[126.578276,33.500765],[126.579094,33.499763],[126.578875,33.499047],[126.579119,33.498185],[126.57813,33.498654],[126.577903,33.49838],[126.577352,33.498548],[126.576454,33.497636],[126.575582,33.497998],[126.573581,33.496745],[126.573595,33.495688],[126.572175,33.49566],[126.571129,33.494724],[126.570338,33.495455],[126.56988,33.495445],[126.570007,33.494962],[126.569532,33.494751],[126.569765,33.494312],[126.568725,33.494545],[126.567935,33.493953],[126.567635,33.494749],[126.566102,33.494774],[126.566129,33.494327],[126.564628,33.494123],[126.563453,33.494487],[126.563308,33.49237],[126.563815,33.491572],[126.563769,33.489909],[126.564705,33.48844],[126.564842,33.487674],[126.56416,33.487635],[126.563756,33.48717],[126.563287,33.487513],[126.561709,33.487686],[126.5609,33.487041],[126.557864,33.486303],[126.555665,33.486377],[126.554566,33.488413],[126.552592,33.490613],[126.554064,33.49248],[126.552138,33.494375],[126.552386,33.495999],[126.552779,33.496509],[126.552971,33.498883],[126.553438,33.49952],[126.554845,33.500197],[126.554875,33.501722],[126.555333,33.50218],[126.554479,33.503248],[126.554879,33.504959],[126.55589,33.505497],[126.55691,33.507062],[126.553173,33.508489],[126.551161,33.50995],[126.547968,33.511399],[126.548926,33.511778],[126.548909,33.51215],[126.553284,33.51351],[126.553778,33.513403],[126.555887,33.514437],[126.556369,33.514235],[126.556496,33.513819],[126.559193,33.514179],[126.559347,33.512386],[126.559688,33.512125],[126.568878,33.512633],[126.569164,33.512924],[126.569041,33.514917],[126.569757,33.514789],[126.569696,33.515055],[126.570939,33.514699],[126.57169,33.51479],[126.572002,33.51531],[126.573045,33.515391],[126.57301,33.514297]]]},"properties":{"AREA":5258405.5923140375,"PERIMETER":14372.918958169786,"법정리코드":"5011011200","법정리명":"화북이동","법정동코드":"50110112","법정시코드":"50110","법정리이름":"제주시화북이동","SEA":2}},{"type":"Feature","geometry":{"type":"Polygon","coordinates":[[[126.597752,33.537641],[126.598738,33.536279],[126.599855,33.536718],[126.602071,33.535939],[126.603092,33.534774],[126.603235,33.533833],[126.602921,33.531715],[126.601155,33.531996],[126.600246,33.531374],[126.601458,33.530135],[126.601646,33.529332],[126.599896,33.528999],[126.59913,33.528359],[126.598943,33.527796],[126.600575,33.52255],[126.600241,33.521498],[126.600449,33.521089],[126.599846,33.520896],[126.599865,33.520576],[126.600298,33.520198],[126.603792,33.519906],[126.605713,33.518504],[126.607237,33.518432],[126.61185,33.516967],[126.611511,33.515042],[126.611886,33.513625],[126.611729,33.512792],[126.611089,33.511911],[126.610528,33.510089],[126.609955,33.509339],[126.609231,33.509029],[126.608094,33.509311],[126.607682,33.509791],[126.605537,33.510018],[126.605122,33.510924],[126.604288,33.510828],[126.602009,33.511676],[126.601118,33.514219],[126.599599,33.515485],[126.598909,33.515551],[126.598322,33.516873],[126.597043,33.517545],[126.595641,33.51747],[126.59402,33.517966],[126.591711,33.51936],[126.59077,33.521794],[126.588607,33.521668],[126.588529,33.522371],[126.588307,33.522106],[126.587474,33.524254],[126.586991,33.523845],[126.586476,33.525163],[126.58678,33.525389],[126.586134,33.525446],[126.587801,33.527075],[126.588378,33.528308],[126.589254,33.529089],[126.588784,33.530622],[126.589551,33.531041],[126.589361,33.532304],[126.58996,33.533221],[126.589428,33.532268],[126.589634,33.531779],[126.591624,33.532105],[126.591596,33.532394],[126.590394,33.532204],[126.590241,33.532556],[126.591478,33.532502],[126.591882,33.532789],[126.591279,33.533413],[126.597752,33.537641]]]},"properties":{"AREA":3077797.840922993,"PERIMETER":11473.670856997463,"법정리코드":"5011011300","법정리명":"삼양일동","법정동코드":"50110113","법정시코드":"50110","법정리이름":"제주시삼양일동","SEA":2}},{"type":"Feature","geometry":{"type":"Polygon","coordinates":[[[126.585681,33.525718],[126.58678,33.525389],[126.586476,33.525163],[126.586991,33.523845],[126.587474,33.524254],[126.588307,33.522106],[126.588529,33.522371],[126.588607,33.521668],[126.59077,33.521794],[126.591711,33.51936],[126.588481,33.518854],[126.588712,33.517068],[126.57798,33.517317],[126.578823,33.517955],[126.579053,33.519393],[126.57903,33.519982],[126.577808,33.521967],[126.578585,33.523319],[126.579739,33.523666],[126.58004,33.524692],[126.581867,33.525258],[126.582991,33.525004],[126.584046,33.525787],[126.584846,33.525319],[126.585681,33.525718]]]},"properties":{"AREA":841555.7508400311,"PERIMETER":4433.724010041149,"법정리코드":"5011011400","법정리명":"삼양이동","법정동코드":"50110114","법정시코드":"50110","법정리이름":"제주시삼양이동","SEA":2}},{"type":"Feature","geometry":{"type":"Polygon","coordinates":[[[126.57645,33.527921],[126.578197,33.527923],[126.578918,33.527436],[126.578126,33.527888],[126.576649,33.527884],[126.577317,33.527122],[126.576813,33.527463],[126.576339,33.527237],[126.576739,33.526447],[126.577939,33.526101],[126.578512,33.52683],[126.577978,33.526066],[126.578123,33.525762],[126.58004,33.524692],[126.579739,33.523666],[126.578585,33.523319],[126.577856,33.522184],[126.578329,33.521363],[126.575441,33.521239],[126.575267,33.521755],[126.575966,33.522979],[126.574558,33.524744],[126.574004,33.524748],[126.573872,33.52503],[126.574048,33.525456],[126.573788,33.525753],[126.574673,33.527247],[126.57645,33.527921]]]},"properties":{"AREA":228987.46969818062,"PERIMETER":3239.829583420115,"법정리코드":"5011011500","법정리명":"삼양삼동","법정동코드":"50110115","법정시코드":"50110","법정리이름":"제주시삼양삼동","SEA":2}},{"type":"Feature","geometry":{"type":"Polygon","coordinates":[[[126.600636,33.498882],[126.600908,33.49628],[126.599276,33.494844],[126.599384,33.494398],[126.600912,33.49335],[126.60158,33.493397],[126.602555,33.492181],[126.603259,33.491853],[126.603543,33.490729],[126.604654,33.489668],[126.60427,33.488772],[126.605512,33.486402],[126.605141,33.485583],[126.610843,33.482761],[126.616832,33.483504],[126.622975,33.482789],[126.624813,33.480034],[126.625474,33.479601],[126.625042,33.479094],[126.624819,33.477502],[126.623414,33.476679],[126.622499,33.474761],[126.621678,33.474536],[126.620865,33.473727],[126.619874,33.47346],[126.618908,33.473673],[126.618276,33.473348],[126.617811,33.47235],[126.616204,33.471553],[126.615996,33.471128],[126.616549,33.469807],[126.619447,33.470733],[126.620048,33.470395],[126.620688,33.469086],[126.620928,33.468272],[126.620651,33.468048],[126.620695,33.467457],[126.621183,33.466259],[126.621053,33.465321],[126.621553,33.464975],[126.621065,33.464812],[126.621386,33.464358],[126.621243,33.464085],[126.622279,33.462758],[126.622148,33.462329],[126.622625,33.461712],[126.622599,33.461001],[126.623825,33.459067],[126.623505,33.458709],[126.623883,33.457964],[126.627276,33.453584],[126.627604,33.450583],[126.629768,33.444839],[126.631306,33.438903],[126.633308,33.436662],[126.636235,33.438405],[126.642248,33.439672],[126.641387,33.438361],[126.640612,33.434939],[126.63961,33.432417],[126.637842,33.431457],[126.636736,33.427283],[126.635235,33.426819],[126.633907,33.427026],[126.631948,33.426073],[126.630408,33.424505],[126.628721,33.424089],[126.6284,33.423604],[126.62586,33.422024],[126.623861,33.419552],[126.623892,33.419229],[126.622591,33.419032],[126.622791,33.418569],[126.621499,33.417452],[126.620857,33.415475],[126.620119,33.414578],[126.619095,33.414411],[126.618634,33.413795],[126.618195,33.41262],[126.618314,33.411902],[126.617192,33.410603],[126.617183,33.409896],[126.615946,33.408329],[126.61606,33.408007],[126.615388,33.407564],[126.615655,33.406432],[126.615298,33.405992],[126.615508,33.405549],[126.615296,33.405133],[126.615818,33.404383],[126.615106,33.403922],[126.615074,33.403206],[126.613892,33.40256],[126.612037,33.40319],[126.611452,33.403118],[126.610817,33.401623],[126.61089,33.401064],[126.610311,33.400957],[126.609297,33.39839],[126.608013,33.396909],[126.60702,33.396267],[126.606534,33.394981],[126.603011,33.393446],[126.602449,33.393872],[126.601237,33.393353],[126.599616,33.394484],[126.598688,33.394052],[126.597863,33.394317],[126.596026,33.392923],[126.595799,33.392405],[126.593871,33.392356],[126.592496,33.391581],[126.590815,33.391382],[126.590782,33.392161],[126.59151,33.393586],[126.591976,33.393751],[126.59238,33.394908],[126.593413,33.395879],[126.592111,33.399951],[126.592476,33.401424],[126.593041,33.401685],[126.593215,33.40281],[126.594602,33.404866],[126.596138,33.406377],[126.595598,33.406947],[126.595613,33.407743],[126.597152,33.409038],[126.598555,33.409697],[126.599023,33.41065],[126.599009,33.411622],[126.59955,33.412294],[126.599481,33.413078],[126.600586,33.41335],[126.603115,33.415062],[126.601327,33.417308],[126.603268,33.418701],[126.603124,33.419383],[126.603826,33.419702],[126.605077,33.421386],[126.604746,33.422279],[126.604966,33.423416],[126.605415,33.423635],[126.606644,33.423361],[126.608953,33.424965],[126.609682,33.424821],[126.610598,33.425093],[126.611984,33.42585],[126.612518,33.427298],[126.612402,33.42784],[126.609955,33.430091],[126.610021,33.431514],[126.610815,33.432179],[126.611571,33.434328],[126.609285,33.43721],[126.606749,33.439496],[126.607133,33.440029],[126.605248,33.442124],[126.604951,33.443692],[126.603493,33.446797],[126.604057,33.448906],[126.603458,33.450944],[126.60357,33.45195],[126.60417,33.452706],[126.603775,33.453467],[126.603905,33.454184],[126.603044,33.455175],[126.602657,33.456311],[126.601487,33.457537],[126.601376,33.458575],[126.601825,33.458972],[126.602568,33.460728],[126.601805,33.462596],[126.601093,33.462993],[126.600353,33.464384],[126.600569,33.46486],[126.600208,33.465662],[126.600311,33.466883],[126.601093,33.467145],[126.601113,33.467617],[126.600804,33.46842],[126.598464,33.469793],[126.598119,33.470526],[126.597591,33.472908],[126.597102,33.473179],[126.597253,33.474924],[126.59672,33.475884],[126.596992,33.477273],[126.596123,33.477731],[126.595802,33.478368],[126.594835,33.478804],[126.594226,33.480687],[126.593614,33.481256],[126.591008,33.481042],[126.589928,33.48124],[126.58949,33.482896],[126.588285,33.483173],[126.587792,33.483869],[126.588218,33.485294],[126.588123,33.486776],[126.586039,33.489217],[126.584651,33.490457],[126.583999,33.490612],[126.583468,33.491719],[126.58182,33.493643],[126.581333,33.496502],[126.581876,33.497151],[126.583869,33.496221],[126.584484,33.495536],[126.586027,33.495794],[126.588097,33.495785],[126.589481,33.495359],[126.589925,33.495571],[126.592041,33.49454],[126.593261,33.494389],[126.595065,33.496988],[126.597233,33.49748],[126.598022,33.498346],[126.599232,33.49888],[126.600636,33.498882]]]},"properties":{"AREA":23467072.491005905,"PERIMETER":36953.670319377605,"법정리코드":"5011011600","법정리명":"봉개동","법정동코드":"50110116","법정시코드":"50110","법정리이름":"제주시봉개동","SEA":2}},{"type":"Feature","geometry":{"type":"Polygon","coordinates":[[[126.536034,33.485814],[126.537093,33.486552],[126.537581,33.486015],[126.540453,33.487673],[126.543498,33.484792],[126.543261,33.483492],[126.54401,33.477452],[126.545236,33.476615],[126.547083,33.477207],[126.547564,33.47684],[126.548434,33.476914],[126.548939,33.477516],[126.549715,33.477785],[126.550553,33.475587],[126.551883,33.47447],[126.553334,33.469318],[126.554106,33.468762],[126.554571,33.467899],[126.556039,33.467263],[126.556474,33.466505],[126.556471,33.465759],[126.557199,33.464959],[126.558256,33.462307],[126.55917,33.461896],[126.559888,33.460206],[126.56042,33.459706],[126.561084,33.459854],[126.563499,33.460571],[126.564691,33.461456],[126.565436,33.460765],[126.566309,33.457977],[126.567675,33.455997],[126.567723,33.453585],[126.568568,33.452098],[126.568715,33.451137],[126.568042,33.450418],[126.568105,33.449902],[126.5693,33.448084],[126.569105,33.445986],[126.569823,33.445539],[126.569195,33.443872],[126.567638,33.442326],[126.567209,33.441403],[126.567374,33.440374],[126.566879,33.439908],[126.56677,33.437473],[126.567343,33.436707],[126.568088,33.433931],[126.567518,33.43076],[126.568352,33.429323],[126.569177,33.426305],[126.569976,33.425479],[126.570815,33.422649],[126.570691,33.421789],[126.571024,33.421183],[126.57054,33.419991],[126.571644,33.418867],[126.571999,33.417518],[126.572601,33.417199],[126.572551,33.416817],[126.573384,33.416038],[126.574514,33.411492],[126.574621,33.409069],[126.576048,33.406934],[126.577056,33.404015],[126.5772,33.402676],[126.576582,33.399898],[126.576569,33.397356],[126.577994,33.393847],[126.577638,33.391191],[126.574995,33.3898],[126.572496,33.386504],[126.570319,33.385139],[126.568105,33.384663],[126.5641,33.381575],[126.56346,33.380775],[126.561867,33.379997],[126.560911,33.380439],[126.56036,33.37991],[126.560303,33.378132],[126.559419,33.376284],[126.559685,33.373159],[126.558754,33.37316],[126.55788,33.372135],[126.557366,33.372021],[126.55581,33.372367],[126.553716,33.373676],[126.545499,33.369188],[126.545885,33.369998],[126.545743,33.370854],[126.546085,33.372147],[126.546939,33.372964],[126.546892,33.373645],[126.547879,33.375983],[126.551209,33.379725],[126.553032,33.38533],[126.553957,33.391133],[126.555636,33.392899],[126.555936,33.397264],[126.556547,33.39879],[126.556774,33.402323],[126.557169,33.402678],[126.556901,33.403077],[126.557053,33.403498],[126.556487,33.404099],[126.556798,33.405004],[126.556678,33.407241],[126.556143,33.408311],[126.557257,33.409851],[126.557924,33.410144],[126.558278,33.412572],[126.558946,33.413332],[126.55972,33.415364],[126.559523,33.416206],[126.558269,33.417921],[126.555295,33.42086],[126.554477,33.423753],[126.554733,33.425122],[126.554024,33.428047],[126.554835,33.429365],[126.554474,33.432187],[126.554967,33.432766],[126.55486,33.433655],[126.553984,33.435386],[126.552864,33.436582],[126.552763,33.437211],[126.553322,33.437532],[126.553341,33.438574],[126.553717,33.438867],[126.554077,33.440476],[126.554787,33.440837],[126.55413,33.442042],[126.554687,33.442627],[126.554149,33.443291],[126.553551,33.44325],[126.550763,33.44482],[126.551113,33.445724],[126.550978,33.446222],[126.551755,33.446688],[126.550977,33.44845],[126.550998,33.449167],[126.549507,33.450269],[126.548019,33.452189],[126.547256,33.453529],[126.547141,33.454573],[126.545575,33.456215],[126.545604,33.457667],[126.544923,33.458366],[126.544879,33.458726],[126.546726,33.458234],[126.547172,33.45848],[126.547557,33.460168],[126.547181,33.460941],[126.547376,33.461731],[126.546073,33.461461],[126.544305,33.461703],[126.543829,33.461317],[126.543064,33.464478],[126.541486,33.465778],[126.540628,33.467026],[126.539732,33.466958],[126.53916,33.466433],[126.538251,33.466753],[126.536515,33.466176],[126.535808,33.467286],[126.53663,33.468927],[126.535859,33.470872],[126.53194,33.474071],[126.531726,33.475297],[126.530799,33.475758],[126.529974,33.476819],[126.530672,33.478151],[126.530571,33.479031],[126.531249,33.479164],[126.53171,33.479791],[126.532797,33.482514],[126.531977,33.483693],[126.531633,33.485121],[126.530274,33.485386],[126.530197,33.486107],[126.530645,33.487218],[126.530423,33.487636],[126.531363,33.487377],[126.531881,33.486709],[126.532618,33.486768],[126.534061,33.485692],[126.535102,33.48659],[126.536034,33.485814]]]},"properties":{"AREA":19302136.003937885,"PERIMETER":35428.60305090154,"법정리코드":"5011011700","법정리명":"아라일동","법정동코드":"50110117","법정시코드":"50110","법정리이름":"제주시아라일동","SEA":2}},{"type":"Feature","geometry":{"type":"Polygon","coordinates":[[[126.546336,33.491682],[126.547663,33.49203],[126.549148,33.490877],[126.549345,33.489944],[126.551437,33.488941],[126.551376,33.488388],[126.551893,33.487905],[126.552432,33.485522],[126.55406,33.484614],[126.555469,33.482737],[126.555579,33.48088],[126.557995,33.479723],[126.558115,33.479321],[126.558889,33.479355],[126.559437,33.47791],[126.560546,33.477035],[126.560595,33.476714],[126.559973,33.476096],[126.560175,33.474977],[126.561705,33.474265],[126.561688,33.473678],[126.562886,33.471957],[126.562867,33.469992],[126.564851,33.466639],[126.5643,33.465002],[126.563743,33.464321],[126.564047,33.463632],[126.563776,33.462139],[126.564485,33.461527],[126.563718,33.460672],[126.56042,33.459706],[126.559888,33.460206],[126.55917,33.461896],[126.558256,33.462307],[126.557199,33.464959],[126.556471,33.465759],[126.556474,33.466505],[126.556039,33.467263],[126.554571,33.467899],[126.554106,33.468762],[126.553334,33.469318],[126.551883,33.47447],[126.550553,33.475587],[126.549715,33.477785],[126.548939,33.477516],[126.548434,33.476914],[126.547564,33.47684],[126.547083,33.477207],[126.545236,33.476615],[126.54401,33.477452],[126.543261,33.483492],[126.543498,33.484792],[126.540453,33.487673],[126.542098,33.488041],[126.543237,33.487669],[126.543816,33.489709],[126.543505,33.490576],[126.540965,33.493034],[126.54071,33.494138],[126.540861,33.494332],[126.541613,33.493546],[126.542304,33.494012],[126.543569,33.492693],[126.544001,33.493105],[126.54538,33.492591],[126.546336,33.491682]]]},"properties":{"AREA":3169800.5286851022,"PERIMETER":11036.808328108826,"법정리코드":"5011011800","법정리명":"아라이동","법정동코드":"50110118","법정시코드":"50110","법정리이름":"제주시아라이동","SEA":2}},{"type":"Feature","geometry":{"type":"Polygon","coordinates":[[[126.512056,33.500211],[126.515603,33.500011],[126.515758,33.499045],[126.516351,33.498321],[126.520538,33.497916],[126.521408,33.494762],[126.521097,33.493699],[126.521216,33.492761],[126.519883,33.492091],[126.519304,33.49102],[126.518679,33.49086],[126.518845,33.490458],[126.518453,33.489989],[126.518761,33.489422],[126.51827,33.488832],[126.51747,33.490005],[126.515623,33.491662],[126.514691,33.493538],[126.51214,33.495091],[126.512109,33.496432],[126.511503,33.498374],[126.511845,33.499328],[126.512319,33.499704],[126.512056,33.500211]]]},"properties":{"AREA":643888.1695999063,"PERIMETER":3697.4234741867044,"법정리코드":"5011011900","법정리명":"오라일동","법정동코드":"50110119","법정시코드":"50110","법정리이름":"제주시오라일동","SEA":2}},{"type":"Feature","geometry":{"type":"Polygon","coordinates":[[[126.517577,33.481764],[126.517361,33.48105],[126.518705,33.479903],[126.519349,33.47822],[126.51886,33.477393],[126.516687,33.475526],[126.516111,33.473379],[126.514485,33.471294],[126.515632,33.470593],[126.515275,33.468621],[126.516171,33.468031],[126.516203,33.466625],[126.517173,33.464252],[126.51704,33.463023],[126.517642,33.458859],[126.516863,33.457395],[126.517898,33.454522],[126.517961,33.452692],[126.517531,33.451899],[126.518361,33.451404],[126.518835,33.449717],[126.52065,33.448611],[126.521355,33.447703],[126.521529,33.446742],[126.523425,33.445015],[126.525234,33.442343],[126.525488,33.440754],[126.526844,33.436982],[126.528217,33.436676],[126.528798,33.436226],[126.528713,33.434877],[126.529376,33.433846],[126.530374,33.433687],[126.531475,33.431862],[126.532443,33.431692],[126.534011,33.428737],[126.534935,33.424978],[126.535733,33.42351],[126.537748,33.422899],[126.538635,33.421243],[126.538915,33.420352],[126.538315,33.419288],[126.53648,33.411832],[126.536563,33.410952],[126.536983,33.40917],[126.538237,33.408809],[126.539243,33.408069],[126.538198,33.406709],[126.537837,33.404043],[126.539374,33.402353],[126.538211,33.401793],[126.537983,33.400644],[126.540152,33.400672],[126.541247,33.399142],[126.540474,33.39796],[126.540771,33.396109],[126.539775,33.39333],[126.540296,33.392014],[126.541264,33.391668],[126.540735,33.390377],[126.541319,33.389563],[126.539857,33.385728],[126.540388,33.385342],[126.540092,33.384819],[126.538761,33.384516],[126.537208,33.382625],[126.535191,33.381361],[126.534752,33.379887],[126.533024,33.377676],[126.533067,33.377269],[126.532419,33.376782],[126.531514,33.37412],[126.529463,33.37154],[126.530396,33.370644],[126.531383,33.368847],[126.53239,33.363081],[126.529968,33.362539],[126.530004,33.363249],[126.529475,33.364468],[126.526694,33.366031],[126.525676,33.367027],[126.526757,33.368732],[126.527559,33.373995],[126.526549,33.374193],[126.524079,33.376399],[126.522983,33.376769],[126.522885,33.37746],[126.523501,33.380155],[126.522943,33.38159],[126.520423,33.384582],[126.517962,33.386659],[126.514547,33.38856],[126.511986,33.391638],[126.510855,33.3943],[126.509906,33.394623],[126.509698,33.396338],[126.509047,33.397048],[126.509962,33.399746],[126.510304,33.400005],[126.509955,33.400606],[126.510162,33.402721],[126.509856,33.403951],[126.510623,33.404733],[126.510931,33.405803],[126.509764,33.407876],[126.507496,33.409992],[126.50748,33.412096],[126.507727,33.413464],[126.508459,33.414935],[126.508324,33.415765],[126.50695,33.419054],[126.50506,33.42214],[126.505063,33.426584],[126.504741,33.427092],[126.503775,33.433145],[126.502724,33.435917],[126.502961,33.437393],[126.502019,33.440879],[126.501927,33.445003],[126.500974,33.447087],[126.500508,33.450965],[126.500068,33.451906],[126.500703,33.455215],[126.501493,33.456098],[126.501725,33.457398],[126.501273,33.458005],[126.501324,33.458443],[126.502631,33.460523],[126.502888,33.461749],[126.502885,33.462168],[126.502156,33.462229],[126.501586,33.463051],[126.501376,33.4643],[126.500945,33.464646],[126.500843,33.465594],[126.501666,33.467184],[126.501909,33.468581],[126.501704,33.470582],[126.501985,33.474047],[126.501717,33.475323],[126.500141,33.47664],[126.500116,33.478682],[126.500472,33.479169],[126.500759,33.481091],[126.501395,33.482148],[126.501936,33.484705],[126.503813,33.486397],[126.504968,33.488665],[126.507998,33.492121],[126.508287,33.493472],[126.508882,33.494466],[126.508719,33.495447],[126.509842,33.496959],[126.510813,33.500258],[126.512056,33.500211],[126.51229,33.499892],[126.511489,33.497989],[126.512109,33.496432],[126.51214,33.495091],[126.514691,33.493538],[126.515623,33.491662],[126.51747,33.490005],[126.51827,33.488832],[126.517658,33.48729],[126.518801,33.487092],[126.517119,33.484015],[126.516663,33.483698],[126.517577,33.481764]]]},"properties":{"AREA":27048608.901812844,"PERIMETER":35844.63970927814,"법정리코드":"5011012000","법정리명":"오라이동","법정동코드":"50110120","법정시코드":"50110","법정리이름":"제주시오라이동","SEA":2}},{"type":"Feature","geometry":{"type":"Polygon","coordinates":[[[126.50618,33.500379],[126.510813,33.500258],[126.5107,33.499273],[126.509842,33.496959],[126.508772,33.495592],[126.508882,33.494466],[126.508287,33.493472],[126.507998,33.492121],[126.504968,33.488665],[126.503813,33.486399],[126.50288,33.485677],[126.501606,33.486259],[126.50184,33.493312],[126.499183,33.493422],[126.501406,33.494646],[126.503257,33.496337],[126.502835,33.497241],[126.50043,33.497475],[126.499549,33.49844],[126.50618,33.500379]]]},"properties":{"AREA":891341.9775812958,"PERIMETER":5207.015705675817,"법정리코드":"5011012100","법정리명":"오라삼동","법정동코드":"50110121","법정시코드":"50110","법정리이름":"제주시오라삼동","SEA":2}},{"type":"Feature","geometry":{"type":"Polygon","coordinates":[[[126.477612,33.495475],[126.480008,33.492743],[126.4792,33.493062],[126.479196,33.492176],[126.483435,33.488474],[126.485028,33.489142],[126.485154,33.488168],[126.486421,33.486157],[126.486181,33.485038],[126.486702,33.482553],[126.486472,33.481954],[126.48726,33.481947],[126.487222,33.476209],[126.486066,33.47621],[126.486007,33.475815],[126.48705,33.472606],[126.486846,33.471881],[126.487178,33.46858],[126.488027,33.466481],[126.48701,33.465388],[126.487317,33.464484],[126.488057,33.463636],[126.487719,33.462903],[126.488931,33.461492],[126.488421,33.460624],[126.488265,33.459252],[126.487452,33.458347],[126.486725,33.456447],[126.48752,33.453838],[126.487512,33.452307],[126.488718,33.445598],[126.488423,33.438995],[126.488694,33.437004],[126.488395,33.436087],[126.488854,33.433803],[126.488717,33.431696],[126.491004,33.428839],[126.492338,33.423431],[126.493785,33.419907],[126.497059,33.416755],[126.501182,33.414252],[126.504333,33.411339],[126.507547,33.40997],[126.509764,33.407876],[126.510931,33.405803],[126.510623,33.404733],[126.509856,33.403951],[126.510162,33.402721],[126.509955,33.400606],[126.510304,33.400005],[126.509962,33.399746],[126.509047,33.397048],[126.509698,33.396338],[126.509906,33.394623],[126.510855,33.3943],[126.511986,33.391638],[126.514547,33.38856],[126.517962,33.386659],[126.520423,33.384582],[126.522943,33.38159],[126.523501,33.380155],[126.522885,33.37746],[126.520262,33.378776],[126.517169,33.382756],[126.51568,33.383749],[126.509251,33.385061],[126.507493,33.386565],[126.506198,33.388537],[126.503416,33.391025],[126.502496,33.391419],[126.501102,33.393019],[126.501668,33.395692],[126.501358,33.397776],[126.498816,33.40116],[126.497644,33.401411],[126.49633,33.405375],[126.495009,33.407052],[126.494256,33.407421],[126.489653,33.411901],[126.48757,33.415563],[126.486061,33.421684],[126.485138,33.423103],[126.4857,33.424901],[126.485964,33.432741],[126.486661,33.437918],[126.485523,33.440806],[126.485213,33.443207],[126.483703,33.444146],[126.482237,33.446332],[126.482082,33.448057],[126.480927,33.449609],[126.480026,33.451628],[126.479555,33.452888],[126.479786,33.454083],[126.479148,33.456287],[126.478374,33.456539],[126.477518,33.457475],[126.476791,33.459252],[126.475505,33.45986],[126.474896,33.461513],[126.473775,33.462824],[126.471299,33.462027],[126.467881,33.46343],[126.466167,33.464675],[126.465889,33.4654],[126.464297,33.46613],[126.46405,33.466914],[126.462678,33.467706],[126.461238,33.469531],[126.460395,33.471318],[126.459966,33.473605],[126.460929,33.475931],[126.461875,33.47722],[126.461582,33.479335],[126.458566,33.481294],[126.457547,33.482562],[126.457588,33.483196],[126.456384,33.484391],[126.459072,33.48559],[126.461052,33.485827],[126.461358,33.486759],[126.462147,33.487699],[126.46452,33.489088],[126.468976,33.490987],[126.471345,33.491595],[126.474113,33.493861],[126.476404,33.49513],[126.477612,33.495475]]]},"properties":{"AREA":14571288.890643079,"PERIMETER":33183.60277956957,"법정리코드":"5011012200","법정리명":"노형동","법정동코드":"50110122","법정시코드":"50110","법정리이름":"제주시노형동","SEA":2}},{"type":"Feature","geometry":{"type":"Polygon","coordinates":[[[126.431024,33.493064],[126.435227,33.492057],[126.435442,33.490319],[126.436843,33.488859],[126.436947,33.488167],[126.438573,33.487075],[126.439802,33.486864],[126.440605,33.485618],[126.441261,33.484341],[126.44118,33.483137],[126.442161,33.482051],[126.441486,33.480504],[126.442668,33.479535],[126.442644,33.478381],[126.443066,33.47782],[126.441895,33.477653],[126.441512,33.476629],[126.441016,33.476384],[126.43848,33.476221],[126.435533,33.474837],[126.43258,33.474305],[126.432951,33.473281],[126.432126,33.473067],[126.430274,33.473655],[126.428076,33.473053],[126.425603,33.473438],[126.425137,33.47297],[126.424642,33.472972],[126.42479,33.473579],[126.424301,33.474694],[126.423546,33.47463],[126.422889,33.474136],[126.421921,33.474241],[126.421789,33.474988],[126.42103,33.475667],[126.420039,33.478149],[126.419354,33.478512],[126.419544,33.478956],[126.419103,33.479721],[126.4197,33.480763],[126.420164,33.483159],[126.421526,33.484051],[126.420793,33.484698],[126.420097,33.486648],[126.421376,33.488103],[126.421566,33.489853],[126.421138,33.49036],[126.424386,33.49245],[126.431024,33.493064]]]},"properties":{"AREA":3588059.6551846983,"PERIMETER":8070.84699141071,"법정리코드":"5011012300","법정리명":"외도일동","법정동코드":"50110123","법정시코드":"50110","법정리이름":"제주시외도일동","SEA":2}},{"type":"Feature","geometry":{"type":"Polygon","coordinates":[[[126.42611,33.49498],[126.426435,33.494499],[126.426938,33.494521],[126.427436,33.493688],[126.427533,33.493993],[126.428113,33.493608],[126.428231,33.493917],[126.429469,33.494153],[126.429553,33.493885],[126.429671,33.494123],[126.430566,33.493857],[126.430943,33.494188],[126.432595,33.494144],[126.434708,33.495342],[126.435859,33.495166],[126.437081,33.4933],[126.436595,33.492657],[126.435227,33.492057],[126.431024,33.493064],[126.424386,33.49245],[126.421075,33.490406],[126.420686,33.491476],[126.420354,33.491647],[126.421419,33.492938],[126.422656,33.493573],[126.423847,33.493446],[126.423892,33.494416],[126.424743,33.495172],[126.4258,33.494972],[126.426714,33.495756],[126.42795,33.496019],[126.42611,33.49498]]]},"properties":{"AREA":311094.59501482005,"PERIMETER":4673.034550778783,"법정리코드":"5011012400","법정리명":"외도이동","법정동코드":"50110124","법정시코드":"50110","법정리이름":"제주시외도이동","SEA":2}},{"type":"Feature","geometry":{"type":"Polygon","coordinates":[[[126.460457,33.505492],[126.460581,33.503793],[126.461391,33.503812],[126.46071,33.504331],[126.461731,33.503658],[126.461676,33.503109],[126.463085,33.503082],[126.463067,33.502215],[126.464026,33.501061],[126.466286,33.501525],[126.466303,33.500821],[126.464882,33.500335],[126.464334,33.499871],[126.464273,33.499346],[126.46346,33.498909],[126.462694,33.496687],[126.463082,33.496064],[126.462952,33.495596],[126.461849,33.495575],[126.4608,33.495107],[126.460354,33.495511],[126.457778,33.495402],[126.456615,33.49626],[126.455663,33.496385],[126.455052,33.495899],[126.452703,33.495211],[126.452853,33.494413],[126.451574,33.493661],[126.451065,33.492884],[126.450887,33.491361],[126.449703,33.492221],[126.448511,33.492551],[126.447772,33.493599],[126.447807,33.494004],[126.446536,33.49495],[126.447161,33.496055],[126.446749,33.497265],[126.447076,33.497929],[126.4475,33.498164],[126.449272,33.497703],[126.44949,33.498227],[126.450084,33.498746],[126.449429,33.497772],[126.450113,33.497042],[126.44995,33.498121],[126.450208,33.49827],[126.450166,33.497019],[126.450568,33.496962],[126.452349,33.497151],[126.454001,33.497779],[126.455162,33.499298],[126.454496,33.499844],[126.45465,33.500613],[126.452027,33.501852],[126.452584,33.501775],[126.453175,33.502422],[126.452814,33.502656],[126.45324,33.502493],[126.454282,33.503812],[126.453658,33.504211],[126.452076,33.502584],[126.453644,33.5043],[126.454328,33.503863],[126.454577,33.504135],[126.455825,33.50414],[126.456369,33.503492],[126.457598,33.503496],[126.458648,33.504039],[126.46014,33.504194],[126.460461,33.504453],[126.460457,33.505492]]]},"properties":{"AREA":1114009.005258523,"PERIMETER":8597.842334493318,"법정리코드":"5011012500","법정리명":"이호일동","법정동코드":"50110125","법정시코드":"50110","법정리이름":"제주시이호일동","SEA":2}},{"type":"Feature","geometry":{"type":"Polygon","coordinates":[[[126.464688,33.498794],[126.465012,33.498832],[126.465846,33.497665],[126.466302,33.496478],[126.468135,33.495793],[126.468528,33.494846],[126.468236,33.494629],[126.468403,33.493336],[126.471775,33.492204],[126.471345,33.491595],[126.467108,33.490255],[126.462481,33.487938],[126.461358,33.486759],[126.461052,33.485827],[126.459072,33.48559],[126.456384,33.484391],[126.455854,33.485118],[126.455507,33.486726],[126.454081,33.487604],[126.452817,33.489286],[126.451579,33.489693],[126.451873,33.49032],[126.451425,33.490502],[126.450893,33.491368],[126.451222,33.493189],[126.452853,33.494413],[126.452703,33.495211],[126.455052,33.495899],[126.455663,33.496385],[126.456615,33.49626],[126.457778,33.495402],[126.460354,33.495511],[126.4608,33.495107],[126.461849,33.495575],[126.462952,33.495596],[126.463082,33.496064],[126.462694,33.496687],[126.46346,33.498909],[126.464273,33.499346],[126.464688,33.498794]]]},"properties":{"AREA":1534444.5445761897,"PERIMETER":6196.131448976692,"법정리코드":"5011012600","법정리명":"이호이동","법정동코드":"50110126","법정시코드":"50110","법정리이름":"제주시이호이동","SEA":2}},{"type":"Feature","geometry":{"type":"Polygon","coordinates":[[[126.469909,33.508843],[126.474227,33.509688],[126.473125,33.509431],[126.473122,33.508465],[126.473612,33.50849],[126.473886,33.507406],[126.473308,33.506915],[126.473667,33.506369],[126.475826,33.507283],[126.476618,33.507312],[126.477534,33.505166],[126.477765,33.503511],[126.478545,33.502146],[126.478398,33.500955],[126.478821,33.499446],[126.480287,33.498074],[126.48156,33.497778],[126.481444,33.496973],[126.476404,33.49513],[126.471803,33.492201],[126.468403,33.493336],[126.468236,33.494629],[126.468528,33.494846],[126.468135,33.495793],[126.466302,33.496478],[126.465012,33.498832],[126.464357,33.499137],[126.464334,33.499871],[126.466303,33.500821],[126.466286,33.501525],[126.464026,33.501061],[126.463067,33.502215],[126.463705,33.506325],[126.463702,33.508622],[126.463983,33.509148],[126.464711,33.50967],[126.463824,33.508688],[126.463921,33.506609],[126.464336,33.506354],[126.465976,33.506369],[126.466032,33.507175],[126.466015,33.506416],[126.466515,33.505278],[126.467232,33.505059],[126.467023,33.50574],[126.466179,33.506531],[126.466767,33.506826],[126.466235,33.508656],[126.464838,33.508688],[126.466821,33.508733],[126.467956,33.509741],[126.469909,33.508843]]]},"properties":{"AREA":2001187.3574078132,"PERIMETER":8824.02363554176,"법정리코드":"5011012700","법정리명":"도두일동","법정동코드":"50110127","법정시코드":"50110","법정리이름":"제주시도두일동","SEA":2}},{"type":"Feature","geometry":{"type":"Polygon","coordinates":[[[126.483791,33.51153],[126.486237,33.510366],[126.48663,33.509461],[126.487087,33.509462],[126.488209,33.508015],[126.48869,33.507656],[126.489142,33.50782],[126.489963,33.506231],[126.491559,33.505471],[126.491638,33.504375],[126.492489,33.503129],[126.492082,33.502211],[126.492526,33.500551],[126.49095,33.500329],[126.491525,33.498865],[126.491512,33.497397],[126.491101,33.496923],[126.49228,33.493854],[126.491255,33.493842],[126.491137,33.494132],[126.488636,33.494615],[126.487664,33.494288],[126.485992,33.495147],[126.485309,33.494941],[126.484118,33.495588],[126.482659,33.495619],[126.482086,33.497106],[126.481444,33.496973],[126.481542,33.497852],[126.480287,33.498074],[126.478821,33.499446],[126.478398,33.500955],[126.478545,33.502146],[126.477765,33.503511],[126.477534,33.505166],[126.476618,33.507312],[126.475826,33.507283],[126.473667,33.506369],[126.473216,33.507079],[126.473886,33.507406],[126.473612,33.50849],[126.473122,33.508465],[126.473125,33.509431],[126.474227,33.509688],[126.477085,33.509333],[126.477995,33.509595],[126.478022,33.510317],[126.478796,33.510927],[126.478195,33.510329],[126.477971,33.509151],[126.478725,33.509348],[126.478469,33.50988],[126.479331,33.510046],[126.479913,33.509545],[126.481212,33.510315],[126.483461,33.510956],[126.483791,33.51153]]]},"properties":{"AREA":2019778.7755001883,"PERIMETER":7892.998004145317,"법정리코드":"5011012800","법정리명":"도두이동","법정동코드":"50110128","법정시코드":"50110","법정리이름":"제주시도두이동","SEA":2}},{"type":"Feature","geometry":{"type":"Polygon","coordinates":[[[126.525454,33.500094],[126.529685,33.496609],[126.530188,33.495328],[126.529862,33.494516],[126.530564,33.493501],[126.532241,33.493073],[126.532221,33.492233],[126.532744,33.491593],[126.532606,33.490958],[126.531896,33.49096],[126.531027,33.490171],[126.530008,33.488048],[126.530645,33.487218],[126.530197,33.486107],[126.530274,33.485386],[126.531633,33.485121],[126.531977,33.483693],[126.532761,33.48267],[126.532148,33.480617],[126.531249,33.479164],[126.530571,33.479031],[126.530672,33.478151],[126.53,33.477046],[126.527801,33.476965],[126.526851,33.477782],[126.523952,33.476459],[126.522614,33.476316],[126.522176,33.47709],[126.51886,33.477393],[126.519349,33.47822],[126.519263,33.478841],[126.518256,33.480528],[126.517361,33.48105],[126.517577,33.481764],[126.516663,33.483698],[126.517119,33.484015],[126.518801,33.487092],[126.517658,33.48729],[126.518761,33.489422],[126.518453,33.489989],[126.518845,33.490458],[126.518641,33.490786],[126.519304,33.49102],[126.519883,33.492091],[126.521216,33.492761],[126.521097,33.493699],[126.521408,33.494762],[126.520538,33.497916],[126.524648,33.497709],[126.525605,33.497985],[126.52487,33.500009],[126.525454,33.500094]]]},"properties":{"AREA":2609837.699025803,"PERIMETER":8082.433378755967,"법정리코드":"5011012900","법정리명":"도남동","법정동코드":"50110129","법정시코드":"50110","법정리이름":"제주시도남동","SEA":2}},{"type":"Feature","geometry":{"type":"Polygon","coordinates":[[[126.586308,33.516973],[126.586098,33.515062],[126.584938,33.514321],[126.584867,33.512579],[126.587751,33.514262],[126.588355,33.514002],[126.588723,33.512382],[126.589593,33.513158],[126.591211,33.512387],[126.591772,33.512467],[126.591726,33.511102],[126.592183,33.510417],[126.591918,33.510199],[126.59372,33.510058],[126.594324,33.511063],[126.594826,33.511103],[126.595112,33.511911],[126.59574,33.512329],[126.59634,33.512257],[126.596316,33.509107],[126.596843,33.508421],[126.597986,33.5078],[126.598661,33.5083],[126.599512,33.506339],[126.599176,33.50588],[126.599187,33.505151],[126.59808,33.504451],[126.598228,33.502993],[126.599133,33.500942],[126.60012,33.500213],[126.60014,33.499406],[126.60052,33.498974],[126.599087,33.49883],[126.598022,33.498346],[126.597233,33.49748],[126.595065,33.496988],[126.593261,33.494389],[126.592041,33.49454],[126.589925,33.495571],[126.589481,33.495359],[126.588097,33.495785],[126.586027,33.495794],[126.584484,33.495536],[126.58297,33.496699],[126.579119,33.498185],[126.578875,33.499047],[126.579094,33.499763],[126.578276,33.500765],[126.578494,33.501449],[126.577692,33.501692],[126.576435,33.502877],[126.576437,33.50332],[126.575797,33.504071],[126.575941,33.504708],[126.575502,33.504811],[126.57553,33.505604],[126.57435,33.506155],[126.574644,33.507996],[126.573123,33.509458],[126.573114,33.510079],[126.57339,33.510067],[126.576845,33.508395],[126.577503,33.50849],[126.577019,33.510123],[126.577144,33.510594],[126.577877,33.51111],[126.577427,33.512238],[126.578229,33.515974],[126.57798,33.517317],[126.584741,33.517351],[126.586308,33.516973]]]},"properties":{"AREA":3922243.0718540894,"PERIMETER":10771.984103906492,"법정리코드":"5011013000","법정리명":"도련일동","법정동코드":"50110130","법정시코드":"50110","법정리이름":"제주시도련일동","SEA":2}},{"type":"Feature","geometry":{"type":"Polygon","coordinates":[[[126.591769,33.519353],[126.59402,33.517966],[126.595641,33.51747],[126.597043,33.517545],[126.598322,33.516873],[126.598909,33.515551],[126.599599,33.515485],[126.601117,33.514221],[126.602256,33.511508],[126.604288,33.510828],[126.605122,33.510924],[126.605537,33.510018],[126.607682,33.509791],[126.607996,33.50865],[126.607333,33.507961],[126.607972,33.507074],[126.608089,33.506273],[126.607027,33.506192],[126.606607,33.505616],[126.604438,33.505094],[126.603409,33.505541],[126.601383,33.505774],[126.59922,33.505484],[126.599512,33.506339],[126.598717,33.508239],[126.597986,33.5078],[126.596843,33.508421],[126.596271,33.509201],[126.59634,33.512257],[126.59574,33.512329],[126.595112,33.511911],[126.594826,33.511103],[126.594324,33.511063],[126.59372,33.510058],[126.591918,33.510199],[126.592183,33.510417],[126.591726,33.511102],[126.591772,33.512467],[126.591211,33.512387],[126.589593,33.513158],[126.588723,33.512382],[126.588355,33.514002],[126.587751,33.514262],[126.584867,33.512579],[126.584938,33.514321],[126.585961,33.514846],[126.586261,33.515408],[126.586288,33.517159],[126.588712,33.517068],[126.588481,33.518854],[126.591769,33.519353]]]},"properties":{"AREA":1459947.5459906498,"PERIMETER":7655.475150492149,"법정리코드":"5011013100","법정리명":"도련이동","법정동코드":"50110131","법정시코드":"50110","법정리이름":"제주시도련이동","SEA":2}},{"type":"Feature","geometry":{"type":"Polygon","coordinates":[[[126.585605,33.483888],[126.586185,33.483358],[126.587078,33.483884],[126.587792,33.483869],[126.588603,33.482937],[126.58949,33.482896],[126.589928,33.48124],[126.591008,33.481042],[126.593614,33.481256],[126.594226,33.480687],[126.594835,33.478804],[126.595802,33.478368],[126.596123,33.477731],[126.596992,33.477273],[126.59672,33.475884],[126.597253,33.474924],[126.597102,33.473179],[126.597591,33.472908],[126.598119,33.470526],[126.598464,33.469793],[126.600804,33.46842],[126.601113,33.467617],[126.601093,33.467145],[126.600311,33.466883],[126.600208,33.465662],[126.600569,33.46486],[126.600353,33.464384],[126.601093,33.462993],[126.601805,33.462596],[126.602568,33.460728],[126.601825,33.458972],[126.601376,33.458575],[126.601487,33.457537],[126.602657,33.456311],[126.603044,33.455175],[126.603905,33.454184],[126.603775,33.453467],[126.60417,33.452706],[126.60357,33.45195],[126.603458,33.450944],[126.604057,33.448906],[126.603493,33.446797],[126.604951,33.443692],[126.605248,33.442124],[126.607133,33.440029],[126.606749,33.439496],[126.609285,33.43721],[126.611571,33.434328],[126.610815,33.432179],[126.610021,33.431514],[126.609955,33.430091],[126.612402,33.42784],[126.612478,33.426645],[126.611984,33.42585],[126.609682,33.424821],[126.608953,33.424965],[126.606644,33.423361],[126.605415,33.423635],[126.604966,33.423416],[126.604746,33.422279],[126.605077,33.421386],[126.603826,33.419702],[126.603124,33.419383],[126.603268,33.418701],[126.601327,33.417308],[126.603115,33.415062],[126.600586,33.41335],[126.599481,33.413078],[126.59955,33.412294],[126.599009,33.411622],[126.599023,33.41065],[126.598555,33.409697],[126.597152,33.409038],[126.595613,33.407743],[126.595598,33.406947],[126.596138,33.406377],[126.595029,33.406598],[126.593423,33.407681],[126.592171,33.408715],[126.592108,33.409157],[126.592499,33.411308],[126.594851,33.415566],[126.595513,33.41803],[126.596916,33.420353],[126.596869,33.422461],[126.596715,33.424487],[126.59367,33.428933],[126.593349,33.43146],[126.591815,33.435332],[126.591283,33.435867],[126.591103,33.438957],[126.590052,33.439711],[126.589623,33.441725],[126.589196,33.442041],[126.589089,33.44247],[126.590034,33.443838],[126.590149,33.447396],[126.589826,33.448371],[126.590248,33.44877],[126.590035,33.449415],[126.58941,33.449843],[126.589416,33.450648],[126.588651,33.45161],[126.588678,33.452218],[126.587817,33.453135],[126.588007,33.454029],[126.585467,33.455858],[126.585092,33.457314],[126.584642,33.457862],[126.584873,33.458798],[126.5843,33.460461],[126.585288,33.462407],[126.584795,33.463571],[126.58498,33.464764],[126.583762,33.466868],[126.584054,33.470645],[126.582678,33.471658],[126.582609,33.473032],[126.581039,33.474075],[126.57858,33.475006],[126.577086,33.476361],[126.57696,33.477355],[126.575965,33.478499],[126.576093,33.480526],[126.577636,33.48004],[126.577913,33.479517],[126.579199,33.47985],[126.578988,33.480315],[126.579458,33.480721],[126.582003,33.480589],[126.582242,33.480927],[126.581944,33.481337],[126.582614,33.482483],[126.582314,33.482846],[126.582446,33.483141],[126.582924,33.48346],[126.585605,33.483888]]]},"properties":{"AREA":11034707.411413914,"PERIMETER":22545.502263861155,"법정리코드":"5011013200","법정리명":"용강동","법정동코드":"50110132","법정시코드":"50110","법정리이름":"제주시용강동","SEA":2}},{"type":"Feature","geometry":{"type":"Polygon","coordinates":[[[126.612299,33.517135],[126.614881,33.516574],[126.616318,33.514887],[126.617407,33.515327],[126.620058,33.514914],[126.621091,33.513638],[126.619975,33.512511],[126.619925,33.511351],[126.619448,33.510567],[126.619779,33.507567],[126.619254,33.50645],[126.620127,33.503324],[126.619855,33.501841],[126.62033,33.499333],[126.621179,33.498514],[126.621195,33.497664],[126.623571,33.49301],[126.625771,33.491594],[126.626013,33.491057],[126.627846,33.489607],[126.62882,33.487798],[126.62892,33.486397],[126.63053,33.485334],[126.631508,33.483862],[126.631427,33.483488],[126.634416,33.480636],[126.635797,33.478356],[126.636292,33.477001],[126.636714,33.476642],[126.637476,33.474],[126.636865,33.473138],[126.637171,33.472349],[126.636938,33.469613],[126.637441,33.466812],[126.638746,33.464927],[126.640365,33.463742],[126.641149,33.462541],[126.641497,33.458587],[126.641008,33.4585],[126.64136,33.457704],[126.641355,33.455873],[126.64107,33.4547],[126.639902,33.452559],[126.640393,33.451662],[126.639853,33.448528],[126.640268,33.44678],[126.639958,33.44481],[126.641435,33.442555],[126.642655,33.441754],[126.642248,33.439672],[126.636235,33.438405],[126.633308,33.436662],[126.631306,33.438903],[126.630872,33.439816],[126.629768,33.444839],[126.627604,33.450583],[126.627276,33.453584],[126.623883,33.457964],[126.623505,33.458709],[126.623825,33.459067],[126.622599,33.461001],[126.622625,33.461712],[126.622148,33.462329],[126.622279,33.462758],[126.621243,33.464085],[126.621386,33.464358],[126.621065,33.464812],[126.621553,33.464975],[126.621053,33.465321],[126.621183,33.466259],[126.620651,33.468048],[126.620928,33.468272],[126.620048,33.470395],[126.619321,33.470733],[126.616549,33.469807],[126.615996,33.471128],[126.616204,33.471553],[126.617811,33.47235],[126.618276,33.473348],[126.618908,33.473673],[126.619874,33.47346],[126.620865,33.473727],[126.621678,33.474536],[126.622499,33.474761],[126.623414,33.476679],[126.624819,33.477502],[126.625042,33.479094],[126.625474,33.479601],[126.624813,33.480034],[126.622975,33.482789],[126.616832,33.483504],[126.610843,33.482761],[126.605141,33.485583],[126.605512,33.486402],[126.60427,33.488772],[126.604654,33.489668],[126.603543,33.490729],[126.603259,33.491853],[126.602555,33.492181],[126.60158,33.493397],[126.600912,33.49335],[126.599624,33.494077],[126.599297,33.494678],[126.600908,33.49628],[126.600595,33.497463],[126.600825,33.497982],[126.600636,33.498882],[126.60014,33.499406],[126.60012,33.500213],[126.599133,33.500942],[126.598505,33.502205],[126.598189,33.504657],[126.599808,33.505709],[126.603409,33.505541],[126.604438,33.505094],[126.606607,33.505616],[126.607027,33.506192],[126.608089,33.506273],[126.607972,33.507074],[126.607333,33.507961],[126.607996,33.50865],[126.607718,33.509443],[126.609231,33.509029],[126.609955,33.509339],[126.610528,33.510089],[126.611884,33.513519],[126.611511,33.515042],[126.611659,33.516724],[126.612299,33.517135]]]},"properties":{"AREA":12759802.702972606,"PERIMETER":25000.609032090622,"법정리코드":"5011013300","법정리명":"회천동","법정동코드":"50110133","법정시코드":"50110","법정리이름":"제주시회천동","SEA":2}},{"type":"Feature","geometry":{"type":"Polygon","coordinates":[[[126.526851,33.477782],[126.527801,33.476965],[126.53,33.477046],[126.530799,33.475758],[126.531726,33.475297],[126.53194,33.474071],[126.535859,33.470872],[126.53663,33.468927],[126.535808,33.467286],[126.536515,33.466176],[126.538251,33.466753],[126.53916,33.466433],[126.539732,33.466958],[126.540628,33.467026],[126.541486,33.465778],[126.543064,33.464478],[126.543829,33.461317],[126.544305,33.461703],[126.546073,33.461461],[126.547376,33.461731],[126.547181,33.460941],[126.547557,33.460168],[126.547172,33.45848],[126.546726,33.458234],[126.544879,33.458726],[126.544923,33.458366],[126.545604,33.457667],[126.545575,33.456215],[126.547141,33.454573],[126.547256,33.453529],[126.548019,33.452189],[126.549507,33.450269],[126.550998,33.449167],[126.550977,33.44845],[126.551755,33.446688],[126.550978,33.446222],[126.551113,33.445724],[126.550763,33.44482],[126.553551,33.44325],[126.554149,33.443291],[126.554687,33.442627],[126.55413,33.442042],[126.554787,33.440837],[126.554077,33.440476],[126.553717,33.438867],[126.553341,33.438574],[126.553322,33.437532],[126.552763,33.437211],[126.552864,33.436582],[126.553984,33.435386],[126.55486,33.433655],[126.554967,33.432766],[126.554474,33.432187],[126.554835,33.429365],[126.554024,33.428047],[126.554733,33.425122],[126.554477,33.423753],[126.555295,33.42086],[126.558269,33.417921],[126.559523,33.416206],[126.55972,33.415364],[126.558946,33.413332],[126.558278,33.412572],[126.557924,33.410144],[126.557257,33.409851],[126.556143,33.408311],[126.556678,33.407241],[126.556798,33.405004],[126.556487,33.404099],[126.557053,33.403498],[126.556901,33.403077],[126.557169,33.402678],[126.556774,33.402323],[126.556547,33.39879],[126.555936,33.397264],[126.555636,33.392899],[126.553957,33.391133],[126.553032,33.38533],[126.551209,33.379725],[126.547879,33.375983],[126.546892,33.373645],[126.546939,33.372964],[126.546085,33.372147],[126.545743,33.370854],[126.545885,33.369998],[126.545499,33.369188],[126.543916,33.368099],[126.540682,33.36718],[126.534736,33.363233],[126.533332,33.363426],[126.53239,33.363081],[126.531383,33.368847],[126.530396,33.370644],[126.529463,33.37154],[126.531514,33.37412],[126.532419,33.376782],[126.533067,33.377269],[126.533024,33.377676],[126.534752,33.379887],[126.535191,33.381361],[126.537208,33.382625],[126.538761,33.384516],[126.540092,33.384819],[126.540388,33.385342],[126.539857,33.385728],[126.541319,33.389563],[126.540735,33.390377],[126.541264,33.391668],[126.540296,33.392014],[126.539775,33.39333],[126.540771,33.396109],[126.540474,33.39796],[126.541247,33.399142],[126.540152,33.400672],[126.537983,33.400644],[126.538211,33.401793],[126.539374,33.402353],[126.537837,33.404043],[126.538198,33.406706],[126.539243,33.408069],[126.538237,33.408809],[126.536983,33.40917],[126.53648,33.411832],[126.538315,33.419288],[126.538915,33.420352],[126.537748,33.422899],[126.535733,33.42351],[126.535229,33.424307],[126.534011,33.428737],[126.532443,33.431692],[126.531475,33.431862],[126.530374,33.433687],[126.529376,33.433846],[126.528713,33.434877],[126.528798,33.436226],[126.528217,33.436676],[126.526844,33.436982],[126.525488,33.440754],[126.525234,33.442343],[126.523795,33.44451],[126.521529,33.446742],[126.521355,33.447703],[126.52065,33.448611],[126.518835,33.449717],[126.518361,33.451404],[126.517531,33.451899],[126.517961,33.452692],[126.517898,33.454522],[126.516863,33.457395],[126.517642,33.458859],[126.51704,33.463023],[126.517173,33.464252],[126.516203,33.466625],[126.516171,33.468031],[126.515275,33.468621],[126.515632,33.470593],[126.514485,33.471294],[126.516111,33.473379],[126.516911,33.475842],[126.51886,33.477393],[126.522176,33.47709],[126.522614,33.476316],[126.523952,33.476459],[126.526851,33.477782]]]},"properties":{"AREA":23673622.23729222,"PERIMETER":32798.67045739479,"법정리코드":"5011013400","법정리명":"오등동","법정동코드":"50110134","법정시코드":"50110","법정리이름":"제주시오등동","SEA":2}},{"type":"Feature","geometry":{"type":"Polygon","coordinates":[[[126.571841,33.481284],[126.572512,33.481469],[126.576039,33.480609],[126.575965,33.478499],[126.57696,33.477355],[126.576875,33.476608],[126.57858,33.475006],[126.582609,33.473032],[126.582678,33.471658],[126.583352,33.471395],[126.58413,33.470479],[126.583826,33.470051],[126.584055,33.468629],[126.583762,33.466868],[126.58498,33.464764],[126.584795,33.463571],[126.585288,33.462407],[126.5843,33.460461],[126.584873,33.458798],[126.584642,33.457862],[126.585092,33.457314],[126.585467,33.455858],[126.588007,33.454029],[126.587817,33.453135],[126.588678,33.452218],[126.588651,33.45161],[126.589416,33.450648],[126.58941,33.449843],[126.590035,33.449415],[126.590248,33.44877],[126.589826,33.448371],[126.590149,33.447396],[126.589918,33.44586],[126.590207,33.444996],[126.589909,33.444658],[126.590016,33.44374],[126.589089,33.44247],[126.589196,33.442041],[126.589623,33.441725],[126.590052,33.439711],[126.591103,33.438957],[126.591283,33.435867],[126.591815,33.435332],[126.593349,33.43146],[126.59367,33.428933],[126.596715,33.424487],[126.596916,33.420353],[126.595513,33.41803],[126.594851,33.415566],[126.592499,33.411308],[126.592108,33.409157],[126.592171,33.408715],[126.593423,33.407681],[126.595029,33.406598],[126.596138,33.406377],[126.594602,33.404866],[126.593215,33.40281],[126.593041,33.401685],[126.592476,33.401424],[126.592111,33.399951],[126.593413,33.395879],[126.59238,33.394908],[126.591976,33.393751],[126.59151,33.393586],[126.590782,33.392161],[126.590815,33.391382],[126.589473,33.390734],[126.588414,33.390811],[126.587371,33.390334],[126.586277,33.390434],[126.585556,33.389621],[126.584741,33.389874],[126.584536,33.389184],[126.584062,33.388854],[126.583019,33.389011],[126.581755,33.387929],[126.581261,33.387877],[126.580753,33.387027],[126.578145,33.386321],[126.577749,33.385097],[126.57706,33.384238],[126.575859,33.383518],[126.574384,33.38327],[126.572106,33.380886],[126.568891,33.38067],[126.565434,33.379199],[126.564523,33.380258],[126.56346,33.380775],[126.567072,33.384007],[126.568661,33.384916],[126.570319,33.385139],[126.572496,33.386504],[126.574995,33.3898],[126.579968,33.39271],[126.582316,33.393409],[126.583579,33.394543],[126.585544,33.39554],[126.585818,33.395919],[126.585761,33.397207],[126.58533,33.398273],[126.585516,33.400069],[126.585128,33.401204],[126.58431,33.4019],[126.585335,33.403793],[126.585364,33.405659],[126.585662,33.406433],[126.586307,33.406546],[126.586512,33.406952],[126.586308,33.409012],[126.586555,33.40965],[126.586218,33.411071],[126.586511,33.41371],[126.585798,33.416651],[126.586265,33.418453],[126.586146,33.419291],[126.587,33.421885],[126.586772,33.422392],[126.587102,33.422943],[126.586969,33.424166],[126.587276,33.425327],[126.587185,33.426066],[126.585789,33.42845],[126.585357,33.429811],[126.585979,33.433265],[126.584747,33.435141],[126.58406,33.435516],[126.583117,33.438129],[126.580937,33.43958],[126.580817,33.440739],[126.579633,33.441478],[126.580071,33.442207],[126.57825,33.44302],[126.578244,33.443508],[126.578872,33.444224],[126.578778,33.44463],[126.578006,33.44434],[126.577206,33.444845],[126.57736,33.445785],[126.576014,33.447367],[126.575639,33.449466],[126.574039,33.45058],[126.574036,33.452063],[126.573568,33.452648],[126.574101,33.453788],[126.572356,33.457263],[126.572938,33.458184],[126.571741,33.458975],[126.571384,33.460093],[126.570192,33.461121],[126.56969,33.462105],[126.56989,33.465914],[126.570367,33.467023],[126.570163,33.467573],[126.570865,33.470407],[126.570364,33.471446],[126.570378,33.473744],[126.568553,33.475219],[126.568502,33.475703],[126.568745,33.477308],[126.56983,33.478634],[126.570744,33.479107],[126.57068,33.479754],[126.571218,33.480991],[126.570993,33.481361],[126.571303,33.481678],[126.571841,33.481284]]]},"properties":{"AREA":10313430.196417365,"PERIMETER":29076.14391643891,"법정리코드":"5011013500","법정리명":"월평동","법정동코드":"50110135","법정시코드":"50110","법정리이름":"제주시월평동","SEA":2}},{"type":"Feature","geometry":{"type":"Polygon","coordinates":[[[126.57813,33.498654],[126.581876,33.497151],[126.581333,33.496502],[126.581673,33.493865],[126.583468,33.491719],[126.583999,33.490612],[126.584651,33.490457],[126.586039,33.489217],[126.588123,33.486776],[126.588218,33.485294],[126.587792,33.483869],[126.587078,33.483884],[126.586185,33.483358],[126.585726,33.483893],[126.5852,33.483947],[126.582924,33.48346],[126.582354,33.483007],[126.582614,33.482483],[126.581944,33.481337],[126.582242,33.480927],[126.582003,33.480589],[126.579458,33.480721],[126.578988,33.480315],[126.579199,33.47985],[126.577913,33.479517],[126.577636,33.48004],[126.57549,33.48085],[126.572448,33.481477],[126.571841,33.481284],[126.571303,33.481678],[126.570993,33.481361],[126.571218,33.480991],[126.57068,33.479754],[126.570744,33.479107],[126.56983,33.478634],[126.568745,33.477308],[126.568485,33.475337],[126.570378,33.473744],[126.570364,33.471446],[126.570865,33.470407],[126.570163,33.467573],[126.570367,33.467023],[126.56989,33.465914],[126.56984,33.461578],[126.571384,33.460093],[126.571741,33.458975],[126.572938,33.458184],[126.572356,33.457263],[126.574101,33.453788],[126.573568,33.452648],[126.574036,33.452063],[126.574039,33.45058],[126.575639,33.449466],[126.576014,33.447367],[126.57736,33.445785],[126.577206,33.444845],[126.578006,33.44434],[126.578778,33.44463],[126.578872,33.444224],[126.578244,33.443508],[126.57825,33.44302],[126.580071,33.442207],[126.579633,33.441478],[126.580817,33.440739],[126.580937,33.43958],[126.583117,33.438129],[126.58406,33.435516],[126.584747,33.435141],[126.585979,33.433265],[126.585357,33.429811],[126.585789,33.42845],[126.587185,33.426066],[126.587276,33.425327],[126.586969,33.424166],[126.587102,33.422943],[126.586772,33.422392],[126.587,33.421885],[126.586146,33.419291],[126.586265,33.418453],[126.585798,33.416651],[126.586511,33.41371],[126.586218,33.411071],[126.586555,33.40965],[126.586308,33.409012],[126.586512,33.406952],[126.586307,33.406546],[126.585662,33.406433],[126.585364,33.405659],[126.585335,33.403793],[126.58431,33.4019],[126.585128,33.401204],[126.585516,33.400069],[126.58533,33.398273],[126.585761,33.397207],[126.585818,33.395919],[126.582316,33.393409],[126.579968,33.39271],[126.577638,33.391191],[126.577994,33.393847],[126.576569,33.397356],[126.576488,33.398836],[126.5772,33.402676],[126.577056,33.404015],[126.576048,33.406934],[126.574621,33.409069],[126.574514,33.411492],[126.573384,33.416038],[126.572551,33.416817],[126.572601,33.417199],[126.571999,33.417518],[126.571644,33.418867],[126.57054,33.419991],[126.571024,33.421183],[126.570691,33.421789],[126.570815,33.422649],[126.569976,33.425479],[126.569177,33.426305],[126.568352,33.429323],[126.567518,33.43076],[126.568088,33.433931],[126.567343,33.436707],[126.56677,33.437473],[126.566879,33.439908],[126.567374,33.440374],[126.567209,33.441403],[126.567638,33.442326],[126.569195,33.443872],[126.569823,33.445539],[126.569105,33.445986],[126.5693,33.448084],[126.568105,33.449902],[126.568042,33.450418],[126.568715,33.451137],[126.568568,33.452098],[126.567723,33.453585],[126.567675,33.455997],[126.566309,33.457977],[126.565436,33.460765],[126.563776,33.462139],[126.564047,33.463632],[126.563743,33.464321],[126.5643,33.465002],[126.564851,33.466639],[126.562867,33.469992],[126.562886,33.471957],[126.561688,33.473678],[126.561705,33.474265],[126.560175,33.474977],[126.559973,33.476096],[126.560595,33.476714],[126.560546,33.477035],[126.559437,33.47791],[126.558889,33.479355],[126.558115,33.479321],[126.557995,33.479723],[126.555579,33.48088],[126.555199,33.483249],[126.553851,33.484799],[126.552432,33.485522],[126.551672,33.488212],[126.552126,33.488932],[126.551791,33.489939],[126.552592,33.490613],[126.554566,33.488413],[126.555665,33.486377],[126.557864,33.486303],[126.5609,33.487041],[126.561709,33.487686],[126.563287,33.487513],[126.563756,33.48717],[126.56416,33.487635],[126.564842,33.487674],[126.564705,33.48844],[126.563769,33.489909],[126.563815,33.491572],[126.563308,33.49237],[126.563453,33.494487],[126.564628,33.494123],[126.566129,33.494327],[126.566102,33.494774],[126.567635,33.494749],[126.567935,33.493953],[126.568725,33.494545],[126.569765,33.494312],[126.569542,33.494822],[126.570007,33.494962],[126.570022,33.495521],[126.571129,33.494724],[126.572175,33.49566],[126.573595,33.495688],[126.573446,33.496573],[126.574548,33.497446],[126.575064,33.49746],[126.575279,33.497866],[126.575853,33.498062],[126.576454,33.497636],[126.577352,33.498548],[126.577903,33.49838],[126.57813,33.498654]]]},"properties":{"AREA":13544782.3402762,"PERIMETER":33280.511915132236,"법정리코드":"5011013600","법정리명":"영평동","법정동코드":"50110136","법정시코드":"50110","법정리이름":"제주시영평동","SEA":2}},{"type":"Feature","geometry":{"type":"Polygon","coordinates":[[[126.499481,33.498428],[126.50043,33.497475],[126.502835,33.497241],[126.503257,33.496337],[126.501406,33.494646],[126.499183,33.493422],[126.50184,33.493312],[126.501606,33.486259],[126.502947,33.485691],[126.501936,33.484705],[126.501359,33.482075],[126.500759,33.481091],[126.500472,33.479169],[126.500089,33.478544],[126.500141,33.47664],[126.501717,33.475323],[126.501985,33.474047],[126.501704,33.470582],[126.501909,33.468581],[126.501666,33.467184],[126.500843,33.465594],[126.500945,33.464646],[126.501376,33.4643],[126.501586,33.463051],[126.502156,33.462229],[126.502885,33.462168],[126.502888,33.461749],[126.502631,33.460523],[126.501324,33.458443],[126.501273,33.458005],[126.501725,33.457398],[126.501493,33.456098],[126.500703,33.455215],[126.500029,33.452322],[126.500508,33.450965],[126.500974,33.447087],[126.501927,33.445003],[126.502019,33.440879],[126.502961,33.437393],[126.502724,33.435917],[126.503775,33.433145],[126.504741,33.427092],[126.505063,33.426584],[126.50506,33.42214],[126.50695,33.419054],[126.508324,33.415765],[126.508459,33.414935],[126.507727,33.413464],[126.50748,33.412096],[126.507495,33.409983],[126.504333,33.411339],[126.501182,33.414252],[126.497059,33.416755],[126.493785,33.419907],[126.492338,33.423431],[126.491004,33.428839],[126.488717,33.431696],[126.488854,33.433803],[126.488395,33.436087],[126.488694,33.437004],[126.488423,33.438995],[126.488718,33.445598],[126.487512,33.452307],[126.48752,33.453838],[126.486725,33.456447],[126.487452,33.458347],[126.488265,33.459252],[126.488421,33.460624],[126.488931,33.461492],[126.487719,33.462903],[126.488057,33.463636],[126.487317,33.464484],[126.48701,33.465388],[126.488027,33.466481],[126.487178,33.46858],[126.486846,33.471881],[126.48705,33.472606],[126.486007,33.475815],[126.486066,33.47621],[126.487222,33.476209],[126.48726,33.481947],[126.486472,33.481954],[126.486702,33.482553],[126.486181,33.485038],[126.486421,33.486157],[126.485154,33.488168],[126.485028,33.489142],[126.483435,33.488474],[126.483246,33.488634],[126.479196,33.492176],[126.4792,33.493062],[126.480008,33.492743],[126.477597,33.495496],[126.482084,33.497107],[126.482659,33.495619],[126.484118,33.495588],[126.485309,33.494941],[126.485992,33.495147],[126.487664,33.494288],[126.488636,33.494615],[126.491137,33.494132],[126.491255,33.493842],[126.49228,33.493854],[126.494688,33.496952],[126.499481,33.498428]]]},"properties":{"AREA":12289848.142122407,"PERIMETER":25120.20764766585,"법정리코드":"5011013700","법정리명":"연동","법정동코드":"50110137","법정시코드":"50110","법정리이름":"제주시연동","SEA":2}},{"type":"Feature","geometry":{"type":"Polygon","coordinates":[[[126.451543,33.489827],[126.452817,33.489286],[126.454081,33.487604],[126.455507,33.486726],[126.455854,33.485118],[126.457588,33.483196],[126.457547,33.482562],[126.458566,33.481294],[126.461582,33.479335],[126.461875,33.47722],[126.460929,33.475931],[126.459954,33.473523],[126.460392,33.472343],[126.46026,33.471674],[126.460879,33.470435],[126.459325,33.468873],[126.455867,33.467247],[126.455201,33.467627],[126.455353,33.468125],[126.45414,33.468],[126.4532,33.468578],[126.451572,33.468841],[126.450793,33.469394],[126.448725,33.469552],[126.445517,33.468514],[126.445309,33.470912],[126.443813,33.473534],[126.443787,33.474712],[126.443169,33.475143],[126.443224,33.477477],[126.442644,33.478381],[126.442668,33.479535],[126.441486,33.480504],[126.442189,33.48168],[126.441898,33.482492],[126.443807,33.482668],[126.443878,33.484078],[126.446352,33.484509],[126.445978,33.485982],[126.447897,33.486635],[126.448201,33.48745],[126.449155,33.487937],[126.448504,33.488542],[126.449355,33.489294],[126.450102,33.489402],[126.450206,33.490298],[126.450691,33.490574],[126.450965,33.491291],[126.451425,33.490502],[126.451873,33.49032],[126.451543,33.489827]]]},"properties":{"AREA":3061834.194341745,"PERIMETER":8045.037926169805,"법정리코드":"5011013800","법정리명":"도평동","법정동코드":"50110138","법정시코드":"50110","법정리이름":"제주시도평동","SEA":2}},{"type":"Feature","geometry":{"type":"Polygon","coordinates":[[[126.460879,33.470435],[126.462531,33.467861],[126.464177,33.466781],[126.464297,33.46613],[126.465889,33.4654],[126.466167,33.464675],[126.468421,33.463116],[126.471299,33.462027],[126.473775,33.462824],[126.474896,33.461513],[126.475505,33.45986],[126.476791,33.459252],[126.477518,33.457475],[126.478374,33.456539],[126.478993,33.456371],[126.47946,33.455657],[126.479786,33.454083],[126.479555,33.452888],[126.480026,33.451628],[126.480927,33.449609],[126.482082,33.448057],[126.482237,33.446332],[126.483703,33.444146],[126.485213,33.443207],[126.485523,33.440806],[126.486661,33.437918],[126.485964,33.432741],[126.4857,33.424901],[126.485138,33.423103],[126.486061,33.421684],[126.48757,33.415563],[126.489653,33.411901],[126.494256,33.407421],[126.495009,33.407052],[126.49633,33.405375],[126.497644,33.401411],[126.498816,33.40116],[126.501358,33.397776],[126.501668,33.395692],[126.501102,33.393019],[126.502496,33.391419],[126.503416,33.391025],[126.506198,33.388537],[126.507493,33.386565],[126.509251,33.385061],[126.513554,33.384338],[126.516322,33.383363],[126.517169,33.382756],[126.520262,33.378776],[126.522885,33.37746],[126.522983,33.376769],[126.524079,33.376399],[126.526549,33.374193],[126.527559,33.373995],[126.526806,33.368929],[126.524313,33.371599],[126.521958,33.372763],[126.521312,33.372767],[126.52094,33.374301],[126.5198,33.375486],[126.519338,33.375393],[126.518197,33.376032],[126.517807,33.376774],[126.516796,33.377363],[126.514321,33.379932],[126.512774,33.380914],[126.512577,33.381774],[126.511833,33.382001],[126.510411,33.383305],[126.507235,33.383575],[126.504968,33.383219],[126.503188,33.383528],[126.502066,33.3847],[126.500655,33.3848],[126.500346,33.385214],[126.499181,33.385491],[126.498274,33.38682],[126.496435,33.387554],[126.495944,33.388355],[126.495466,33.388142],[126.494464,33.389139],[126.49265,33.389265],[126.491722,33.390366],[126.490801,33.390215],[126.489825,33.390492],[126.48693,33.389728],[126.485769,33.388858],[126.4842,33.388809],[126.483482,33.387998],[126.482684,33.388571],[126.481431,33.387896],[126.48023,33.388287],[126.479562,33.38798],[126.478658,33.388501],[126.478146,33.388024],[126.477047,33.388375],[126.47623,33.388126],[126.472499,33.391202],[126.471407,33.390979],[126.47045,33.391582],[126.467545,33.392352],[126.466568,33.393833],[126.465443,33.3939],[126.463466,33.394911],[126.462809,33.394672],[126.461543,33.394903],[126.459328,33.396076],[126.459638,33.397109],[126.459181,33.397562],[126.458682,33.397536],[126.45796,33.398498],[126.457586,33.401188],[126.458133,33.402106],[126.457783,33.403461],[126.456485,33.404744],[126.456408,33.405187],[126.452175,33.407963],[126.451536,33.409075],[126.45156,33.41076],[126.450897,33.411877],[126.44953,33.41268],[126.449692,33.415282],[126.449421,33.416262],[126.448948,33.416677],[126.448905,33.418887],[126.448438,33.421133],[126.448634,33.421485],[126.447846,33.424883],[126.448192,33.425639],[126.447994,33.427895],[126.448339,33.429513],[126.447703,33.431778],[126.447238,33.432445],[126.447391,33.432799],[126.446182,33.434523],[126.446593,33.435606],[126.448495,33.436007],[126.448837,33.436447],[126.449542,33.439715],[126.450127,33.440203],[126.450648,33.44156],[126.44826,33.447412],[126.446929,33.448576],[126.446556,33.449337],[126.446819,33.451197],[126.446295,33.451902],[126.445955,33.454763],[126.447394,33.457233],[126.447502,33.459125],[126.447891,33.459842],[126.447822,33.461732],[126.447687,33.462274],[126.446418,33.463056],[126.446473,33.464265],[126.445529,33.464932],[126.44515,33.466644],[126.445517,33.468514],[126.448725,33.469552],[126.450793,33.469394],[126.451572,33.468841],[126.4532,33.468578],[126.45414,33.468],[126.455353,33.468125],[126.455201,33.467627],[126.455867,33.467247],[126.459325,33.468873],[126.460879,33.470435]]]},"properties":{"AREA":30345410.11827393,"PERIMETER":33341.392751972206,"법정리코드":"5011013900","법정리명":"해안동","법정동코드":"50110139","법정시코드":"50110","법정리이름":"제주시해안동","SEA":2}},{"type":"Feature","geometry":{"type":"Polygon","coordinates":[[[126.445082,33.498651],[126.44679,33.498377],[126.447074,33.497925],[126.446749,33.497265],[126.447161,33.496055],[126.446536,33.49495],[126.447807,33.494004],[126.447772,33.493599],[126.448511,33.492551],[126.449703,33.492221],[126.45096,33.491287],[126.450691,33.490574],[126.450206,33.490298],[126.450102,33.489402],[126.449355,33.489294],[126.448504,33.488542],[126.449155,33.487937],[126.448201,33.48745],[126.447897,33.486635],[126.445978,33.485982],[126.446352,33.484509],[126.443878,33.484078],[126.443807,33.482668],[126.441898,33.482492],[126.44118,33.483137],[126.441261,33.484341],[126.440055,33.486538],[126.439802,33.486864],[126.438573,33.487075],[126.436947,33.488167],[126.436843,33.488859],[126.435619,33.489931],[126.435142,33.491918],[126.436595,33.492657],[126.437081,33.4933],[126.435876,33.495099],[126.437483,33.495799],[126.437718,33.496268],[126.438081,33.496494],[126.437572,33.49577],[126.438334,33.495533],[126.44077,33.496098],[126.441436,33.496439],[126.441719,33.497106],[126.443088,33.497085],[126.443593,33.498035],[126.444212,33.497938],[126.445082,33.498651]]]},"properties":{"AREA":1467956.7854778557,"PERIMETER":6154.282729067621,"법정리코드":"5011014000","법정리명":"내도동","법정동코드":"50110140","법정시코드":"50110","법정리이름":"제주시내도동","SEA":2}},{"type":"Feature","geometry":{"type":"Polygon","coordinates":[[[126.566744,33.23597],[126.568462,33.23719],[126.567421,33.238227],[126.565593,33.237636],[126.564731,33.23797],[126.564108,33.239196],[126.561755,33.239896],[126.560929,33.240694],[126.56106,33.24199],[126.561816,33.243087],[126.561127,33.243193],[126.560521,33.244897],[126.558431,33.24526],[126.557657,33.24608],[126.555514,33.245929],[126.554869,33.246273],[126.554595,33.247094],[126.555235,33.248112],[126.554971,33.249208],[126.556124,33.249381],[126.556725,33.250631],[126.556086,33.251342],[126.554965,33.251515],[126.554454,33.252129],[126.554549,33.252412],[126.554665,33.252199],[126.561124,33.253174],[126.565767,33.254241],[126.565649,33.253559],[126.565927,33.253022],[126.566986,33.252267],[126.566273,33.251861],[126.566476,33.251534],[126.567257,33.250832],[126.567784,33.251212],[126.568745,33.250144],[126.569233,33.250013],[126.569988,33.248874],[126.570769,33.248771],[126.57184,33.248041],[126.571973,33.246487],[126.571414,33.244656],[126.569503,33.243862],[126.569954,33.243558],[126.569636,33.243161],[126.568736,33.243433],[126.56793,33.242281],[126.567997,33.241941],[126.567605,33.241875],[126.567806,33.242194],[126.566205,33.240793],[126.569833,33.237312],[126.570924,33.236012],[126.57089,33.235542],[126.567414,33.232842],[126.567875,33.233347],[126.567525,33.233666],[126.570223,33.23573],[126.569252,33.236692],[126.567368,33.235353],[126.566744,33.23597]]]},"properties":{"AREA":1707094.4387057154,"PERIMETER":9082.723057004578,"법정리코드":"5013010100","법정리명":"서귀동","법정동코드":"50130101","법정시코드":"50130","법정리이름":"서귀포시서귀동","SEA":2}},{"type":"Feature","geometry":{"type":"Polygon","coordinates":[[[126.515322,33.237256],[126.515197,33.235608],[126.51494,33.235723],[126.513771,33.234978],[126.513655,33.234043],[126.512802,33.23333],[126.5097,33.232045],[126.508174,33.230874],[126.506721,33.230955],[126.505681,33.231407],[126.505928,33.232222],[126.506713,33.232586],[126.50723,33.236411],[126.508863,33.237993],[126.508753,33.238675],[126.509185,33.239505],[126.507463,33.240188],[126.507079,33.240825],[126.505951,33.24135],[126.505743,33.241905],[126.504624,33.242276],[126.504094,33.24306],[126.502574,33.243077],[126.501906,33.243622],[126.501937,33.245263],[126.505417,33.245892],[126.507022,33.247332],[126.507634,33.249221],[126.50746,33.249764],[126.508191,33.249536],[126.508264,33.250542],[126.508857,33.25089],[126.50907,33.251428],[126.50831,33.25162],[126.509546,33.255074],[126.5073,33.255642],[126.507971,33.256517],[126.510334,33.25714],[126.511935,33.255456],[126.510551,33.251053],[126.512603,33.250533],[126.512501,33.249561],[126.513259,33.248564],[126.513703,33.248422],[126.513763,33.247543],[126.518419,33.248294],[126.52172,33.248192],[126.52269,33.247847],[126.522107,33.245172],[126.521178,33.244741],[126.521538,33.243451],[126.522667,33.243217],[126.522856,33.242542],[126.522612,33.24211],[126.523009,33.241031],[126.521856,33.240997],[126.520868,33.241412],[126.520053,33.241047],[126.519225,33.240027],[126.519566,33.239379],[126.518287,33.23859],[126.51807,33.237631],[126.517254,33.237259],[126.516715,33.237526],[126.516935,33.237086],[126.516758,33.236896],[126.516416,33.237439],[126.51575,33.237171],[126.516729,33.236303],[126.515322,33.237256]]]},"properties":{"AREA":2398111.33320239,"PERIMETER":10588.168831869581,"법정리코드":"5013010200","법정리명":"법환동","법정동코드":"50130102","법정시코드":"50130","법정리이름":"서귀포시법환동","SEA":2}},{"type":"Feature","geometry":{"type":"Polygon","coordinates":[[[126.520821,33.360723],[126.523896,33.361775],[126.524184,33.360701],[126.52352,33.358296],[126.521687,33.356997],[126.521531,33.355735],[126.520591,33.354321],[126.519907,33.351908],[126.522654,33.347071],[126.523268,33.344841],[126.523362,33.34005],[126.523849,33.338686],[126.523663,33.335954],[126.522809,33.33297],[126.523047,33.330966],[126.523828,33.330083],[126.524011,33.329069],[126.522766,33.328075],[126.521955,33.326446],[126.521296,33.324029],[126.520761,33.319916],[126.522944,33.315297],[126.523675,33.312775],[126.524108,33.31242],[126.523947,33.311335],[126.52357,33.311162],[126.523375,33.309968],[126.522958,33.309437],[126.522989,33.308763],[126.521671,33.306234],[126.521549,33.305413],[126.522118,33.304952],[126.521443,33.303072],[126.523014,33.300098],[126.523618,33.296326],[126.524556,33.294638],[126.524812,33.292721],[126.524254,33.291933],[126.524286,33.290762],[126.52338,33.288775],[126.523847,33.288596],[126.523803,33.288056],[126.524161,33.287828],[126.522964,33.285743],[126.522549,33.284328],[126.522419,33.281554],[126.52516,33.281632],[126.524885,33.28033],[126.525103,33.280038],[126.524898,33.27956],[126.525111,33.279591],[126.524106,33.27853],[126.523961,33.277583],[126.523181,33.276858],[126.522869,33.275461],[126.524074,33.274488],[126.525034,33.274425],[126.526449,33.273275],[126.527658,33.272995],[126.526209,33.271339],[126.525719,33.271311],[126.525165,33.268983],[126.524504,33.267957],[126.524548,33.266969],[126.525078,33.265556],[126.5256,33.265114],[126.5256,33.264396],[126.525012,33.263914],[126.524841,33.262826],[126.525122,33.262191],[126.524336,33.261317],[126.524274,33.258181],[126.523921,33.257931],[126.524202,33.256828],[126.523316,33.25657],[126.523863,33.255708],[126.526575,33.255643],[126.525968,33.254426],[126.526473,33.253072],[126.526163,33.252597],[126.526323,33.251446],[126.52692,33.250689],[126.529382,33.249142],[126.529332,33.247016],[126.528686,33.24627],[126.527682,33.246136],[126.526671,33.245374],[126.526313,33.244472],[126.52539,33.243918],[126.525509,33.242711],[126.526441,33.242448],[126.526875,33.241972],[126.526436,33.241017],[126.525951,33.240724],[126.523009,33.241031],[126.522612,33.24211],[126.522856,33.242542],[126.522667,33.243217],[126.521538,33.243451],[126.521178,33.244741],[126.522223,33.245443],[126.522749,33.247435],[126.522317,33.248103],[126.518419,33.248294],[126.513818,33.24752],[126.513703,33.248422],[126.513259,33.248564],[126.512501,33.249561],[126.512603,33.250533],[126.510551,33.251053],[126.512003,33.255295],[126.510334,33.25714],[126.510367,33.260179],[126.508241,33.261027],[126.508957,33.261006],[126.509036,33.262036],[126.50827,33.263318],[126.508561,33.26425],[126.507789,33.265539],[126.507809,33.266459],[126.50732,33.26719],[126.508215,33.269317],[126.507853,33.269618],[126.508247,33.270723],[126.510275,33.27475],[126.510189,33.275461],[126.509704,33.275939],[126.509112,33.275987],[126.508488,33.277222],[126.508765,33.277826],[126.507938,33.27988],[126.507897,33.281136],[126.508237,33.281404],[126.507841,33.282691],[126.508381,33.283],[126.508299,33.283387],[126.5088,33.283755],[126.508971,33.284435],[126.509519,33.284586],[126.509738,33.285306],[126.510904,33.286429],[126.51108,33.290932],[126.51162,33.291353],[126.511774,33.292233],[126.511205,33.294722],[126.512223,33.296458],[126.512443,33.298964],[126.513161,33.301132],[126.513669,33.301729],[126.513657,33.30382],[126.514616,33.304139],[126.514769,33.304787],[126.514419,33.305361],[126.515196,33.30631],[126.515892,33.306573],[126.516031,33.307501],[126.516509,33.308129],[126.516238,33.309317],[126.515591,33.310172],[126.516644,33.310952],[126.516022,33.312818],[126.516139,33.314233],[126.514321,33.317823],[126.515513,33.318998],[126.515212,33.31976],[126.515873,33.320485],[126.516002,33.321887],[126.516992,33.322877],[126.517224,33.324359],[126.518678,33.325714],[126.519099,33.327596],[126.520738,33.329033],[126.520584,33.329819],[126.521189,33.330709],[126.521074,33.331174],[126.522207,33.334223],[126.522461,33.336788],[126.521766,33.340745],[126.520023,33.342784],[126.518824,33.344967],[126.518794,33.348271],[126.518219,33.350569],[126.516241,33.352886],[126.515879,33.354686],[126.515985,33.355988],[126.518654,33.359776],[126.519668,33.360682],[126.520821,33.360723]]]},"properties":{"AREA":11107443.141504494,"PERIMETER":32993.762587683836,"법정리코드":"5013010300","법정리명":"서호동","법정동코드":"50130103","법정시코드":"50130","법정리이름":"서귀포시서호동","SEA":2}},{"type":"Feature","geometry":{"type":"Polygon","coordinates":[[[126.544858,33.25503],[126.543165,33.253899],[126.543885,33.25408],[126.545105,33.252367],[126.544975,33.251905],[126.544519,33.251819],[126.544604,33.250902],[126.543923,33.250353],[126.543919,33.249663],[126.544464,33.249124],[126.544441,33.248652],[126.544074,33.248541],[126.54419,33.2481],[126.545512,33.248255],[126.544396,33.245058],[126.544768,33.244527],[126.546013,33.244413],[126.54626,33.244071],[126.545506,33.241212],[126.544951,33.240273],[126.543977,33.239946],[126.54351,33.238916],[126.542815,33.240198],[126.542442,33.240474],[126.541946,33.24032],[126.541217,33.241448],[126.539377,33.242023],[126.535939,33.240896],[126.534688,33.239924],[126.5334,33.239589],[126.530419,33.239951],[126.528751,33.239778],[126.528239,33.240186],[126.526222,33.240708],[126.526875,33.241972],[126.526441,33.242448],[126.525509,33.242711],[126.52539,33.243918],[126.526313,33.244472],[126.526671,33.245374],[126.527682,33.246136],[126.528686,33.24627],[126.529332,33.247016],[126.529382,33.249142],[126.52692,33.250689],[126.526323,33.251446],[126.526163,33.252597],[126.526473,33.253072],[126.525968,33.254426],[126.526575,33.255643],[126.523863,33.255708],[126.523316,33.25657],[126.524202,33.256828],[126.523921,33.257931],[126.524274,33.258181],[126.524336,33.261317],[126.525122,33.262191],[126.524841,33.262826],[126.525012,33.263914],[126.5256,33.264396],[126.5256,33.265114],[126.525078,33.265556],[126.524548,33.266969],[126.524504,33.267957],[126.525165,33.268983],[126.525719,33.271311],[126.526209,33.271339],[126.527658,33.272995],[126.526449,33.273275],[126.525034,33.274425],[126.524074,33.274488],[126.522881,33.275358],[126.523181,33.276858],[126.523961,33.277583],[126.524106,33.27853],[126.525111,33.279591],[126.524898,33.27956],[126.525103,33.280038],[126.524885,33.28033],[126.525272,33.281258],[126.52516,33.281632],[126.522419,33.281554],[126.522549,33.284328],[126.522964,33.285743],[126.524161,33.287828],[126.523803,33.288056],[126.523847,33.288596],[126.52338,33.288775],[126.524286,33.290762],[126.524254,33.291933],[126.524812,33.292721],[126.524556,33.294638],[126.523618,33.296326],[126.523014,33.300098],[126.521443,33.303072],[126.522118,33.304952],[126.521549,33.305413],[126.521671,33.306234],[126.522989,33.308763],[126.523828,33.307631],[126.523989,33.30684],[126.523702,33.305997],[126.524531,33.303582],[126.525143,33.303467],[126.526097,33.302279],[126.527058,33.302057],[126.529273,33.300686],[126.531386,33.298364],[126.531203,33.294309],[126.531693,33.29365],[126.531232,33.291626],[126.531482,33.29089],[126.531147,33.289331],[126.531943,33.288681],[126.532013,33.28784],[126.532684,33.286502],[126.532565,33.284954],[126.53455,33.283473],[126.535822,33.281856],[126.536132,33.280032],[126.536569,33.279247],[126.536375,33.278494],[126.537012,33.276947],[126.536635,33.276066],[126.537202,33.274073],[126.537807,33.273093],[126.537826,33.272022],[126.538818,33.271512],[126.538776,33.269845],[126.540794,33.267939],[126.541491,33.266268],[126.540869,33.265508],[126.541842,33.264095],[126.542414,33.262308],[126.542135,33.261388],[126.542468,33.259916],[126.541596,33.259367],[126.541935,33.256683],[126.540743,33.255276],[126.544858,33.25503]]]},"properties":{"AREA":8635497.684314152,"PERIMETER":21683.22335128689,"법정리코드":"5013010400","법정리명":"호근동","법정동코드":"50130104","법정시코드":"50130","법정리이름":"서귀포시호근동","SEA":2}},{"type":"Feature","geometry":{"type":"Polygon","coordinates":[[[126.577853,33.260006],[126.577372,33.259639],[126.57704,33.258744],[126.57733,33.258634],[126.577328,33.258191],[126.578194,33.258099],[126.577872,33.257331],[126.578224,33.257117],[126.577132,33.254664],[126.576465,33.254066],[126.576735,33.251831],[126.577884,33.250465],[126.578133,33.249706],[126.577989,33.246921],[126.577725,33.246154],[126.577349,33.246037],[126.577508,33.245116],[126.574198,33.244171],[126.572532,33.24502],[126.571502,33.244956],[126.571973,33.246487],[126.571959,33.247882],[126.570769,33.248771],[126.569988,33.248874],[126.569233,33.250013],[126.568745,33.250144],[126.567784,33.251212],[126.567257,33.250832],[126.566476,33.251534],[126.566273,33.251861],[126.566986,33.252267],[126.565927,33.253022],[126.565649,33.253559],[126.565767,33.254241],[126.561097,33.253314],[126.560319,33.258369],[126.559772,33.258764],[126.558952,33.262201],[126.558788,33.264086],[126.560144,33.264316],[126.559979,33.266594],[126.558754,33.267856],[126.558721,33.268271],[126.559382,33.268366],[126.559623,33.269554],[126.559003,33.269963],[126.557729,33.269901],[126.557431,33.270477],[126.557463,33.27157],[126.558235,33.274186],[126.556146,33.278384],[126.556188,33.27916],[126.554562,33.280426],[126.554153,33.280387],[126.552898,33.281788],[126.550378,33.283587],[126.548965,33.286127],[126.548053,33.287169],[126.547357,33.287329],[126.546717,33.29025],[126.544173,33.292586],[126.544306,33.293553],[126.543902,33.294697],[126.544242,33.29592],[126.543477,33.297174],[126.54233,33.297612],[126.542206,33.299845],[126.541058,33.300601],[126.54118,33.301496],[126.540648,33.302233],[126.541266,33.305412],[126.540987,33.307887],[126.540182,33.309796],[126.538276,33.311432],[126.538548,33.312263],[126.53813,33.312665],[126.538173,33.313136],[126.537655,33.313303],[126.537115,33.314172],[126.535731,33.315314],[126.533513,33.316387],[126.533083,33.316278],[126.532002,33.31735],[126.530413,33.317692],[126.529509,33.318296],[126.528431,33.319099],[126.528149,33.319955],[126.527582,33.320184],[126.526677,33.321576],[126.527095,33.324977],[126.526714,33.326387],[126.527558,33.327155],[126.528224,33.329122],[126.526847,33.331231],[126.527873,33.331907],[126.527661,33.334083],[126.528217,33.33559],[126.52771,33.336319],[126.527556,33.337665],[126.526728,33.33842],[126.526688,33.341648],[126.525544,33.342958],[126.525121,33.344319],[126.525032,33.346731],[126.525666,33.348359],[126.524821,33.35047],[126.525232,33.351],[126.524891,33.352485],[126.52545,33.354531],[126.527146,33.356071],[126.529456,33.361318],[126.531011,33.358483],[126.529702,33.35159],[126.531563,33.347254],[126.536468,33.340707],[126.53733,33.339037],[126.53701,33.337736],[126.53729,33.336051],[126.537871,33.335318],[126.537453,33.334047],[126.537536,33.333122],[126.539438,33.331184],[126.539829,33.330126],[126.540459,33.329626],[126.540405,33.328912],[126.540079,33.328613],[126.540677,33.327248],[126.540146,33.326029],[126.540918,33.32502],[126.540731,33.324299],[126.541223,33.323604],[126.540985,33.320826],[126.542382,33.317818],[126.54409,33.315295],[126.545936,33.314182],[126.547314,33.31263],[126.552434,33.309543],[126.553417,33.307336],[126.555211,33.305514],[126.556009,33.304122],[126.555587,33.302537],[126.558867,33.298944],[126.558807,33.295221],[126.560438,33.292617],[126.560537,33.290036],[126.559695,33.289874],[126.55944,33.288421],[126.559854,33.287329],[126.559335,33.286505],[126.561169,33.284637],[126.561374,33.283807],[126.563065,33.282256],[126.56432,33.280426],[126.565008,33.279384],[126.56507,33.278294],[126.566236,33.277002],[126.566801,33.275749],[126.567427,33.275479],[126.567495,33.274221],[126.571147,33.275786],[126.574528,33.277004],[126.574925,33.276904],[126.574763,33.276166],[126.575541,33.274645],[126.574934,33.272942],[126.575261,33.272555],[126.575026,33.271863],[126.575555,33.269974],[126.576787,33.268548],[126.57889,33.267535],[126.579738,33.266464],[126.580302,33.266407],[126.58212,33.265136],[126.579079,33.264021],[126.578359,33.263416],[126.578124,33.26282],[126.578433,33.261769],[126.577892,33.2614],[126.577853,33.260006]]]},"properties":{"AREA":14253605.490747388,"PERIMETER":33452.79126542236,"법정리코드":"5013010500","법정리명":"동홍동","법정동코드":"50130105","법정시코드":"50130","법정리이름":"서귀포시동홍동","SEA":2}},{"type":"Feature","geometry":{"type":"Polygon","coordinates":[[[126.558708,33.238802],[126.559785,33.237392],[126.557734,33.239946],[126.556976,33.240239],[126.555752,33.239618],[126.555026,33.239676],[126.553569,33.240687],[126.551594,33.24118],[126.550963,33.241779],[126.549958,33.241651],[126.548945,33.241087],[126.548993,33.2405],[126.547702,33.23967],[126.547545,33.23881],[126.547011,33.238694],[126.546759,33.238964],[126.546947,33.240008],[126.546135,33.240246],[126.546142,33.239857],[126.545641,33.239794],[126.544951,33.240273],[126.545506,33.241212],[126.54626,33.244071],[126.546013,33.244413],[126.544768,33.244527],[126.544396,33.245058],[126.545512,33.248255],[126.54419,33.2481],[126.544074,33.248541],[126.544441,33.248652],[126.544464,33.249124],[126.543919,33.249663],[126.543923,33.250353],[126.544604,33.250902],[126.544519,33.251819],[126.544975,33.251905],[126.545105,33.252367],[126.543885,33.25408],[126.543165,33.253899],[126.544858,33.25503],[126.540743,33.255276],[126.541935,33.256683],[126.541596,33.259367],[126.542468,33.259916],[126.542135,33.261388],[126.542414,33.262308],[126.541842,33.264095],[126.540869,33.265508],[126.541491,33.266268],[126.540794,33.267939],[126.538776,33.269845],[126.538818,33.271512],[126.537826,33.272022],[126.537807,33.273093],[126.537202,33.274073],[126.536635,33.276066],[126.537012,33.276947],[126.536375,33.278494],[126.536569,33.279247],[126.536132,33.280032],[126.535822,33.281856],[126.53455,33.283473],[126.532565,33.284954],[126.532684,33.286502],[126.532013,33.28784],[126.531943,33.288681],[126.531147,33.289331],[126.531482,33.29089],[126.531232,33.291626],[126.531693,33.29365],[126.531203,33.294309],[126.531386,33.298364],[126.529273,33.300686],[126.527058,33.302057],[126.526097,33.302279],[126.525143,33.303467],[126.524531,33.303582],[126.523702,33.305997],[126.523989,33.30684],[126.523828,33.307631],[126.522989,33.308763],[126.522958,33.309437],[126.523375,33.309968],[126.52357,33.311162],[126.523947,33.311335],[126.524108,33.31242],[126.523675,33.312775],[126.522944,33.315297],[126.520761,33.319916],[126.521296,33.324029],[126.521955,33.326446],[126.522766,33.328075],[126.524011,33.329069],[126.523828,33.330083],[126.523047,33.330966],[126.522809,33.33297],[126.523663,33.335954],[126.523849,33.338686],[126.523362,33.34005],[126.523268,33.344841],[126.522654,33.347071],[126.519907,33.351908],[126.520591,33.354321],[126.521531,33.355735],[126.521687,33.356997],[126.52352,33.358296],[126.524184,33.360701],[126.523896,33.361775],[126.526908,33.363035],[126.528408,33.362529],[126.529523,33.36174],[126.527534,33.356766],[126.526289,33.355107],[126.52545,33.354531],[126.524891,33.352485],[126.525232,33.351],[126.524821,33.35047],[126.525666,33.348359],[126.525032,33.346731],[126.525121,33.344319],[126.525544,33.342958],[126.526688,33.341648],[126.526728,33.33842],[126.527556,33.337665],[126.52771,33.336319],[126.528217,33.33559],[126.527661,33.334083],[126.527873,33.331907],[126.526847,33.331231],[126.528224,33.329122],[126.527558,33.327155],[126.526714,33.326387],[126.527095,33.324977],[126.526677,33.321576],[126.527582,33.320184],[126.528149,33.319955],[126.528431,33.319099],[126.529509,33.318296],[126.530413,33.317692],[126.532002,33.31735],[126.533083,33.316278],[126.533513,33.316387],[126.535731,33.315314],[126.537115,33.314172],[126.537655,33.313303],[126.538173,33.313136],[126.53813,33.312665],[126.538548,33.312263],[126.538276,33.311432],[126.540182,33.309796],[126.540987,33.307887],[126.541266,33.305412],[126.540648,33.302233],[126.54118,33.301496],[126.541058,33.300601],[126.542206,33.299845],[126.54233,33.297612],[126.543477,33.297174],[126.544242,33.29592],[126.543902,33.294697],[126.544306,33.293553],[126.544173,33.292586],[126.546717,33.29025],[126.547357,33.287329],[126.548053,33.287169],[126.548965,33.286127],[126.550378,33.283587],[126.552898,33.281788],[126.554153,33.280387],[126.554562,33.280426],[126.556188,33.27916],[126.556146,33.278384],[126.558235,33.274186],[126.557423,33.27051],[126.557729,33.269901],[126.559003,33.269963],[126.559623,33.269554],[126.559382,33.268366],[126.558721,33.268271],[126.558754,33.267856],[126.559979,33.266594],[126.560144,33.264316],[126.558788,33.264086],[126.558952,33.262201],[126.559772,33.258764],[126.560319,33.258369],[126.561124,33.253174],[126.554425,33.25228],[126.554985,33.2515],[126.556086,33.251342],[126.556725,33.250631],[126.556124,33.249381],[126.554971,33.249208],[126.555235,33.248112],[126.554595,33.247094],[126.554869,33.246273],[126.555514,33.245929],[126.557778,33.246046],[126.558431,33.24526],[126.560521,33.244897],[126.560888,33.244107],[126.561127,33.243193],[126.560352,33.243191],[126.559335,33.241665],[126.559592,33.241559],[126.559284,33.241039],[126.559206,33.239623],[126.558842,33.239256],[126.559165,33.239294],[126.558708,33.238802]]]},"properties":{"AREA":14673655.74497082,"PERIMETER":36513.75407869746,"법정리코드":"5013010600","법정리명":"서홍동","법정동코드":"50130106","법정시코드":"50130","법정리이름":"서귀포시서홍동","SEA":2}},{"type":"Feature","geometry":{"type":"Polygon","coordinates":[[[126.540682,33.36718],[126.541639,33.365965],[126.543355,33.365224],[126.548355,33.36463],[126.549073,33.364317],[126.550832,33.362421],[126.553217,33.361056],[126.55914,33.358915],[126.562069,33.353889],[126.562408,33.352483],[126.564727,33.34917],[126.567142,33.347859],[126.57001,33.34586],[126.570299,33.345295],[126.572326,33.344206],[126.573669,33.34262],[126.575057,33.34186],[126.576517,33.340476],[126.577285,33.339222],[126.578766,33.338788],[126.580125,33.338784],[126.583673,33.337478],[126.58601,33.335723],[126.588114,33.331148],[126.588032,33.329777],[126.588906,33.329257],[126.589268,33.328481],[126.59048,33.327351],[126.591045,33.327137],[126.591213,33.325768],[126.591899,33.324673],[126.593541,33.323419],[126.594873,33.321251],[126.595021,33.318813],[126.595451,33.318098],[126.595162,33.317694],[126.596391,33.316642],[126.597972,33.31631],[126.598614,33.31547],[126.599884,33.314764],[126.600268,33.313399],[126.599605,33.312946],[126.598978,33.311381],[126.599515,33.30955],[126.600754,33.308337],[126.601181,33.307184],[126.601488,33.307139],[126.600973,33.306513],[126.601434,33.304173],[126.601234,33.302224],[126.601715,33.301343],[126.60154,33.299722],[126.603564,33.297898],[126.604293,33.297735],[126.605028,33.296429],[126.605078,33.293334],[126.604587,33.29265],[126.603248,33.29178],[126.602793,33.290951],[126.602953,33.290219],[126.604429,33.288036],[126.608228,33.28656],[126.60947,33.285687],[126.612756,33.286144],[126.614028,33.285706],[126.614451,33.285328],[126.614699,33.283224],[126.614035,33.282365],[126.615398,33.280321],[126.61767,33.278863],[126.617331,33.278153],[126.616645,33.27776],[126.614178,33.277014],[126.613352,33.276246],[126.612682,33.276156],[126.612586,33.273895],[126.61185,33.273309],[126.610506,33.274648],[126.609205,33.274053],[126.606137,33.273654],[126.60398,33.272698],[126.602305,33.272512],[126.601069,33.271546],[126.601673,33.270062],[126.601571,33.268753],[126.602177,33.268117],[126.60198,33.267182],[126.601378,33.266476],[126.601092,33.266695],[126.600748,33.266205],[126.60029,33.266158],[126.600184,33.264807],[126.59983,33.264885],[126.599181,33.264012],[126.596344,33.262776],[126.595893,33.261926],[126.594949,33.262208],[126.595177,33.262687],[126.594986,33.263431],[126.595705,33.26396],[126.595893,33.26452],[126.594526,33.264799],[126.593998,33.265238],[126.594003,33.266291],[126.593332,33.267403],[126.595484,33.272005],[126.59512,33.272782],[126.594146,33.27362],[126.594225,33.274337],[126.594912,33.275246],[126.59606,33.27594],[126.59624,33.276776],[126.596805,33.277295],[126.596743,33.27836],[126.597477,33.279212],[126.596391,33.279876],[126.59569,33.280936],[126.595883,33.281695],[126.596578,33.282507],[126.596383,33.283821],[126.595557,33.284962],[126.596652,33.285797],[126.59708,33.2867],[126.595393,33.288075],[126.592936,33.286554],[126.590034,33.288381],[126.58926,33.289958],[126.58802,33.290881],[126.587956,33.291693],[126.588657,33.292004],[126.587996,33.294666],[126.58937,33.29752],[126.589493,33.298405],[126.582311,33.299663],[126.579235,33.300711],[126.577313,33.300235],[126.57543,33.300309],[126.573804,33.300739],[126.572354,33.30071],[126.571143,33.301397],[126.57032,33.301144],[126.569216,33.301833],[126.56821,33.303791],[126.566656,33.303921],[126.565963,33.303682],[126.563345,33.305126],[126.56143,33.305682],[126.557949,33.305773],[126.556228,33.306153],[126.554539,33.308269],[126.553788,33.309988],[126.549747,33.313632],[126.548802,33.315671],[126.546412,33.318243],[126.546,33.319495],[126.546384,33.321276],[126.545974,33.321571],[126.545207,33.323636],[126.545551,33.324366],[126.54482,33.326783],[126.544988,33.327659],[126.543911,33.32903],[126.543878,33.330242],[126.542639,33.334179],[126.542764,33.334975],[126.541344,33.33757],[126.540143,33.338661],[126.539103,33.340629],[126.538776,33.344287],[126.53642,33.348048],[126.535466,33.350626],[126.533987,33.352843],[126.53321,33.356427],[126.533548,33.359672],[126.53458,33.359753],[126.535287,33.360181],[126.535559,33.360813],[126.535408,33.36262],[126.534736,33.363233],[126.540682,33.36718]]]},"properties":{"AREA":30598374.63417119,"PERIMETER":34713.86243010373,"법정리코드":"5013010700","법정리명":"상효동","법정동코드":"50130107","법정시코드":"50130","법정리이름":"서귀포시상효동","SEA":2}},{"type":"Feature","geometry":{"type":"Polygon","coordinates":[[[126.619695,33.2487],[126.618746,33.24771],[126.618902,33.246774],[126.618563,33.244911],[126.618894,33.244123],[126.618557,33.243383],[126.617211,33.242262],[126.614172,33.241349],[126.614165,33.241872],[126.614526,33.241975],[126.613752,33.243664],[126.613106,33.243766],[126.612986,33.243265],[126.61186,33.24271],[126.611654,33.243716],[126.610904,33.244785],[126.611431,33.246253],[126.611103,33.246342],[126.611256,33.246807],[126.610826,33.247212],[126.610868,33.24784],[126.610227,33.248479],[126.609428,33.248397],[126.60915,33.251064],[126.609214,33.251538],[126.609735,33.251853],[126.609731,33.252724],[126.609171,33.253618],[126.609761,33.253859],[126.609846,33.254554],[126.610356,33.254731],[126.610429,33.255352],[126.611913,33.255048],[126.612175,33.255706],[126.612848,33.255827],[126.61277,33.256464],[126.613373,33.257223],[126.61333,33.257839],[126.612954,33.258045],[126.61286,33.259392],[126.613212,33.259548],[126.613438,33.260513],[126.61375,33.260438],[126.614148,33.261023],[126.615618,33.26131],[126.615917,33.262209],[126.615017,33.263608],[126.616704,33.26373],[126.61704,33.264102],[126.617219,33.26596],[126.617686,33.266803],[126.619399,33.267064],[126.621511,33.266674],[126.621513,33.266113],[126.62252,33.264296],[126.624183,33.263708],[126.624837,33.26268],[126.62401,33.260359],[126.623777,33.257336],[126.622926,33.255174],[126.623335,33.252807],[126.624015,33.252385],[126.621091,33.250299],[126.619542,33.250011],[126.61941,33.249295],[126.619695,33.2487]]]},"properties":{"AREA":2383004.837155405,"PERIMETER":8383.887192220263,"법정리코드":"5013010800","법정리명":"하효동","법정동코드":"50130108","법정시코드":"50130","법정리이름":"서귀포시하효동","SEA":2}},{"type":"Feature","geometry":{"type":"Polygon","coordinates":[[[126.61767,33.278863],[126.619673,33.278769],[126.619813,33.278989],[126.620723,33.278251],[126.620246,33.276569],[126.620731,33.275505],[126.621374,33.2751],[126.622519,33.273494],[126.622969,33.272249],[126.622559,33.270206],[126.623429,33.269445],[126.623477,33.268863],[126.621511,33.266674],[126.619399,33.267064],[126.617686,33.266803],[126.617219,33.26596],[126.616891,33.263905],[126.615017,33.263608],[126.615917,33.262209],[126.615618,33.26131],[126.614148,33.261023],[126.61375,33.260438],[126.613438,33.260513],[126.613212,33.259548],[126.61286,33.259392],[126.612954,33.258045],[126.61333,33.257839],[126.613373,33.257223],[126.61277,33.256464],[126.612848,33.255827],[126.612175,33.255706],[126.611913,33.255048],[126.610429,33.255352],[126.610356,33.254731],[126.609846,33.254554],[126.609761,33.253859],[126.60935,33.253673],[126.608264,33.253721],[126.607616,33.254475],[126.603969,33.255214],[126.603325,33.255977],[126.602712,33.256179],[126.602126,33.256023],[126.601965,33.255308],[126.601056,33.254438],[126.600328,33.254232],[126.599704,33.253271],[126.596311,33.252408],[126.594244,33.255584],[126.594428,33.257078],[126.593546,33.260007],[126.594083,33.260818],[126.594022,33.261338],[126.594493,33.261518],[126.594665,33.26198],[126.594949,33.262208],[126.595893,33.261926],[126.59647,33.262858],[126.599181,33.264012],[126.59983,33.264885],[126.600184,33.264807],[126.60029,33.266158],[126.600748,33.266205],[126.601092,33.266695],[126.601378,33.266476],[126.60198,33.267182],[126.602177,33.268117],[126.601571,33.268753],[126.601673,33.270062],[126.601069,33.271546],[126.602305,33.272512],[126.60398,33.272698],[126.606137,33.273654],[126.609205,33.274053],[126.610506,33.274648],[126.61185,33.273309],[126.612586,33.273895],[126.612682,33.276156],[126.613352,33.276246],[126.614178,33.277014],[126.616645,33.27776],[126.617331,33.278153],[126.61767,33.278863]]]},"properties":{"AREA":4226428.930569872,"PERIMETER":11081.27412940741,"법정리코드":"5013010900","법정리명":"신효동","법정동코드":"50130109","법정시코드":"50130","법정리이름":"서귀포시신효동","SEA":2}},{"type":"Feature","geometry":{"type":"Polygon","coordinates":[[[126.614166,33.241296],[126.609837,33.240545],[126.607076,33.239327],[126.606047,33.239344],[126.604885,33.240043],[126.60423,33.239186],[126.604688,33.239485],[126.604757,33.23929],[126.603986,33.238898],[126.604016,33.238404],[126.602773,33.238795],[126.602564,33.237999],[126.602101,33.237626],[126.599082,33.236174],[126.597969,33.236208],[126.596733,33.23695],[126.595675,33.236871],[126.594469,33.23754],[126.594486,33.237864],[126.593438,33.23807],[126.592673,33.239061],[126.591761,33.239311],[126.592687,33.241098],[126.591832,33.24139],[126.591205,33.241206],[126.591013,33.241767],[126.59028,33.241846],[126.590097,33.242319],[126.589667,33.242404],[126.589626,33.243366],[126.588547,33.243873],[126.588704,33.245364],[126.589343,33.245419],[126.589659,33.246701],[126.58924,33.248581],[126.58933,33.250686],[126.588803,33.251096],[126.588949,33.25146],[126.589656,33.251685],[126.58961,33.2522],[126.590084,33.252464],[126.590194,33.25315],[126.591247,33.254341],[126.590666,33.255789],[126.594133,33.256187],[126.59473,33.254625],[126.596311,33.252408],[126.599704,33.253271],[126.600328,33.254232],[126.601056,33.254438],[126.601965,33.255308],[126.602126,33.256023],[126.602712,33.256179],[126.603325,33.255977],[126.603969,33.255214],[126.607616,33.254475],[126.608264,33.253721],[126.609181,33.253706],[126.609731,33.252724],[126.609735,33.251853],[126.609214,33.251538],[126.60915,33.251064],[126.609333,33.248673],[126.609428,33.248397],[126.610227,33.248479],[126.610868,33.24784],[126.610826,33.247212],[126.611256,33.246807],[126.611103,33.246342],[126.611431,33.246253],[126.610904,33.244785],[126.611654,33.243716],[126.61186,33.24271],[126.612986,33.243265],[126.613106,33.243766],[126.61359,33.243725],[126.613977,33.243494],[126.614526,33.241975],[126.614165,33.241872],[126.614166,33.241296]]]},"properties":{"AREA":3494013.2102388353,"PERIMETER":9825.03856956268,"법정리코드":"5013011000","법정리명":"보목동","법정동코드":"50130110","법정시코드":"50130","법정리이름":"서귀포시보목동","SEA":2}},{"type":"Feature","geometry":{"type":"Polygon","coordinates":[[[126.535408,33.36262],[126.535679,33.361577],[126.535287,33.360181],[126.53458,33.359753],[126.533548,33.359672],[126.53321,33.356427],[126.533745,33.353605],[126.534555,33.351737],[126.535466,33.350626],[126.53642,33.348048],[126.538776,33.344287],[126.539103,33.340629],[126.540143,33.338661],[126.541344,33.33757],[126.542764,33.334975],[126.542639,33.334179],[126.543878,33.330242],[126.543911,33.32903],[126.544988,33.327659],[126.54482,33.326783],[126.545551,33.324366],[126.545207,33.323636],[126.545974,33.321571],[126.546384,33.321276],[126.546,33.319495],[126.546202,33.318765],[126.547101,33.317334],[126.548802,33.315671],[126.549747,33.313632],[126.553788,33.309988],[126.554539,33.308269],[126.556228,33.306153],[126.557949,33.305773],[126.56143,33.305682],[126.563345,33.305126],[126.565963,33.303682],[126.566656,33.303921],[126.56821,33.303791],[126.569216,33.301833],[126.57032,33.301144],[126.571143,33.301397],[126.572354,33.30071],[126.573804,33.300739],[126.57543,33.300309],[126.577313,33.300235],[126.579235,33.300711],[126.582311,33.299663],[126.589493,33.298405],[126.58937,33.29752],[126.587996,33.294666],[126.588657,33.292004],[126.587956,33.291693],[126.58802,33.290881],[126.58926,33.289958],[126.590034,33.288381],[126.592936,33.286554],[126.595393,33.288075],[126.59708,33.2867],[126.596652,33.285797],[126.595557,33.284962],[126.596383,33.283821],[126.596578,33.282507],[126.595883,33.281695],[126.59569,33.280936],[126.596391,33.279876],[126.597477,33.279212],[126.596743,33.27836],[126.596805,33.277295],[126.59624,33.276776],[126.59606,33.27594],[126.594912,33.275246],[126.594225,33.274337],[126.594146,33.27362],[126.59512,33.272782],[126.595484,33.272005],[126.593336,33.267451],[126.594003,33.266291],[126.593998,33.265238],[126.594526,33.264799],[126.595528,33.264779],[126.59591,33.264463],[126.594986,33.263431],[126.595161,33.262495],[126.594493,33.261518],[126.594022,33.261338],[126.594083,33.260818],[126.593546,33.260007],[126.594432,33.256841],[126.594133,33.256187],[126.590666,33.255789],[126.591247,33.254341],[126.590194,33.25315],[126.590084,33.252464],[126.58961,33.2522],[126.589656,33.251685],[126.588949,33.25146],[126.588803,33.251096],[126.58933,33.250686],[126.58924,33.248581],[126.589659,33.246701],[126.589343,33.245419],[126.588704,33.245364],[126.588547,33.243873],[126.58739,33.243932],[126.585928,33.244786],[126.585089,33.244486],[126.58489,33.244105],[126.583482,33.244355],[126.581413,33.243775],[126.580671,33.244394],[126.579546,33.244737],[126.579079,33.244574],[126.579067,33.243909],[126.578696,33.243905],[126.578163,33.244973],[126.577333,33.245513],[126.577349,33.246037],[126.577725,33.246154],[126.577989,33.246921],[126.578183,33.249245],[126.577884,33.250465],[126.576735,33.251831],[126.576465,33.254066],[126.577132,33.254664],[126.578224,33.257117],[126.577872,33.257331],[126.578194,33.258099],[126.577328,33.258191],[126.577045,33.258767],[126.577889,33.260078],[126.577892,33.2614],[126.57841,33.261682],[126.578124,33.26282],[126.578359,33.263416],[126.579079,33.264021],[126.58212,33.265136],[126.580302,33.266407],[126.579738,33.266464],[126.57889,33.267535],[126.576787,33.268548],[126.575555,33.269974],[126.575026,33.271863],[126.575261,33.272555],[126.574934,33.272942],[126.575541,33.274645],[126.574763,33.276166],[126.574877,33.276942],[126.571147,33.275786],[126.567495,33.274221],[126.567427,33.275479],[126.566801,33.275749],[126.566236,33.277002],[126.56507,33.278294],[126.565008,33.279384],[126.56432,33.280426],[126.563065,33.282256],[126.561374,33.283807],[126.561169,33.284637],[126.559335,33.286505],[126.559854,33.287329],[126.55944,33.288421],[126.559695,33.289874],[126.560537,33.290036],[126.560438,33.292617],[126.558807,33.295221],[126.558867,33.298944],[126.555587,33.302537],[126.556009,33.304122],[126.555211,33.305514],[126.553149,33.307733],[126.552434,33.309543],[126.547314,33.31263],[126.545936,33.314182],[126.54409,33.315295],[126.542382,33.317818],[126.541323,33.320066],[126.540935,33.321211],[126.541223,33.323604],[126.540731,33.324299],[126.540918,33.32502],[126.540146,33.326029],[126.540677,33.327248],[126.540079,33.328613],[126.540405,33.328912],[126.540459,33.329626],[126.539829,33.330126],[126.539438,33.331184],[126.537536,33.333122],[126.537453,33.334047],[126.537871,33.335318],[126.53729,33.336051],[126.53701,33.337736],[126.53733,33.339037],[126.536468,33.340707],[126.531563,33.347254],[126.529702,33.35159],[126.531011,33.358483],[126.530104,33.359921],[126.529498,33.361717],[126.529968,33.362539],[126.533332,33.363426],[126.534736,33.363233],[126.535408,33.36262]]]},"properties":{"AREA":15878632.573248414,"PERIMETER":37268.39883677452,"법정리코드":"5013011100","법정리명":"토평동","법정동코드":"50130111","법정시코드":"50130","법정리이름":"서귀포시토평동","SEA":2}},{"type":"Feature","geometry":{"type":"Polygon","coordinates":[[[126.464817,33.360078],[126.467755,33.359796],[126.469845,33.3585],[126.47255,33.358369],[126.474139,33.356984],[126.474681,33.356017],[126.478304,33.35815],[126.481862,33.359506],[126.483329,33.359603],[126.486916,33.356836],[126.487421,33.355125],[126.486265,33.353896],[126.484766,33.353681],[126.482314,33.355502],[126.479719,33.355466],[126.475428,33.353751],[126.471652,33.350979],[126.469725,33.348266],[126.469006,33.345949],[126.468798,33.344107],[126.46934,33.342265],[126.468552,33.340282],[126.470049,33.338389],[126.465884,33.332205],[126.463419,33.325941],[126.46235,33.319973],[126.460294,33.315776],[126.459024,33.313968],[126.457521,33.313379],[126.456413,33.312209],[126.446802,33.307739],[126.446417,33.307215],[126.445399,33.304659],[126.445397,33.303879],[126.446869,33.300596],[126.446787,33.298601],[126.446221,33.2967],[126.446356,33.294681],[126.445083,33.293104],[126.445306,33.292811],[126.445133,33.290413],[126.445776,33.289034],[126.445289,33.288302],[126.443294,33.287056],[126.443411,33.285784],[126.442754,33.285137],[126.442673,33.284619],[126.442874,33.28239],[126.441721,33.279363],[126.442137,33.278582],[126.441819,33.277664],[126.440767,33.276742],[126.440873,33.273487],[126.439337,33.271913],[126.438176,33.271258],[126.436821,33.268363],[126.437315,33.267555],[126.437828,33.265276],[126.437701,33.26462],[126.437941,33.26445],[126.437542,33.261925],[126.436678,33.260509],[126.436651,33.257836],[126.437136,33.257187],[126.437049,33.256081],[126.436224,33.254185],[126.437246,33.25287],[126.437158,33.251965],[126.434833,33.2508],[126.430851,33.250209],[126.430735,33.248684],[126.431531,33.24692],[126.430052,33.247011],[126.429182,33.247461],[126.428819,33.247121],[126.429095,33.246866],[126.428749,33.246364],[126.429038,33.245755],[126.428497,33.245122],[126.428522,33.24471],[126.428226,33.24469],[126.428112,33.243697],[126.427486,33.243306],[126.42747,33.242856],[126.428422,33.241815],[126.428528,33.240994],[126.42692,33.238645],[126.427248,33.238311],[126.425912,33.236928],[126.425137,33.237677],[126.424282,33.237511],[126.423508,33.238608],[126.423499,33.239316],[126.422545,33.239388],[126.422168,33.240152],[126.420798,33.24105],[126.420179,33.24217],[126.419749,33.242071],[126.419685,33.242401],[126.418622,33.24272],[126.418206,33.243514],[126.418701,33.244327],[126.418431,33.244948],[126.419395,33.246564],[126.41872,33.247347],[126.417059,33.248313],[126.41652,33.249811],[126.41709,33.252903],[126.41844,33.253891],[126.418996,33.254697],[126.420143,33.255175],[126.421005,33.256179],[126.422074,33.256435],[126.422949,33.257054],[126.423109,33.258872],[126.424031,33.260404],[126.423943,33.261203],[126.423454,33.261685],[126.422945,33.263262],[126.423074,33.263698],[126.424291,33.264702],[126.424597,33.265951],[126.424405,33.26788],[126.423349,33.270205],[126.423972,33.271115],[126.423765,33.272264],[126.424475,33.273442],[126.424379,33.27454],[126.424713,33.275533],[126.424017,33.276225],[126.423711,33.27778],[126.422777,33.279148],[126.421268,33.280078],[126.420656,33.281134],[126.422781,33.284565],[126.424942,33.286107],[126.425663,33.286309],[126.4258,33.28683],[126.425697,33.288257],[126.424531,33.289435],[126.423825,33.291036],[126.423893,33.292233],[126.424414,33.29316],[126.423515,33.294308],[126.425389,33.297267],[126.425624,33.298175],[126.426319,33.298485],[126.427063,33.299623],[126.427219,33.300518],[126.428605,33.302249],[126.426199,33.303298],[126.425354,33.305057],[126.426826,33.307904],[126.426116,33.309651],[126.428167,33.314843],[126.428261,33.316556],[126.429108,33.31836],[126.429285,33.32091],[126.429927,33.32129],[126.430667,33.324116],[126.431499,33.325352],[126.431182,33.326029],[126.431611,33.3268],[126.431394,33.327371],[126.43252,33.32907],[126.432318,33.330005],[126.432534,33.330648],[126.436563,33.333812],[126.438618,33.337944],[126.44037,33.339949],[126.440557,33.341042],[126.442448,33.342348],[126.443581,33.343764],[126.446377,33.343792],[126.450118,33.344811],[126.450932,33.345557],[126.452746,33.345991],[126.453726,33.346583],[126.454453,33.347675],[126.45577,33.348111],[126.457028,33.350605],[126.456715,33.352344],[126.457185,33.353366],[126.461898,33.354791],[126.463585,33.356869],[126.463947,33.358136],[126.463962,33.359858],[126.464817,33.360078]]]},"properties":{"AREA":25863446.98589949,"PERIMETER":37445.19895034324,"법정리코드":"5013011200","법정리명":"중문동","법정동코드":"50130112","법정시코드":"50130","법정리이름":"서귀포시중문동","SEA":2}},{"type":"Feature","geometry":{"type":"Polygon","coordinates":[[[126.436468,33.251597],[126.437158,33.251965],[126.437246,33.25287],[126.436224,33.254185],[126.437049,33.256081],[126.437136,33.257187],[126.436651,33.257836],[126.436678,33.260509],[126.437542,33.261925],[126.437944,33.263364],[126.437828,33.265276],[126.436888,33.268735],[126.437561,33.269525],[126.438176,33.271258],[126.439337,33.271913],[126.440873,33.273487],[126.440767,33.276742],[126.441819,33.277664],[126.442137,33.278582],[126.441721,33.279363],[126.442874,33.28239],[126.442673,33.284619],[126.442754,33.285137],[126.443411,33.285784],[126.443294,33.287056],[126.445289,33.288302],[126.445776,33.289034],[126.445008,33.291283],[126.445292,33.292277],[126.445083,33.293104],[126.446356,33.294681],[126.446221,33.2967],[126.446787,33.298601],[126.446869,33.300596],[126.445397,33.303879],[126.445399,33.304659],[126.446235,33.306703],[126.44711,33.304771],[126.447235,33.302838],[126.448697,33.300686],[126.449485,33.300155],[126.44965,33.298481],[126.448862,33.29591],[126.449355,33.295384],[126.449546,33.293565],[126.45054,33.291489],[126.450453,33.290961],[126.450932,33.29051],[126.450902,33.288543],[126.452214,33.285794],[126.451639,33.28471],[126.452009,33.283726],[126.451454,33.2836],[126.451095,33.282903],[126.451337,33.281344],[126.450432,33.280983],[126.4498,33.279676],[126.44992,33.277635],[126.450926,33.276298],[126.450729,33.275703],[126.448232,33.275141],[126.447595,33.27438],[126.448026,33.273795],[126.447959,33.273385],[126.447581,33.272707],[126.446955,33.272433],[126.446874,33.271299],[126.447418,33.270535],[126.447392,33.268969],[126.447032,33.268097],[126.447308,33.267183],[126.446764,33.26518],[126.448008,33.264224],[126.447352,33.261996],[126.447961,33.261221],[126.447122,33.260033],[126.446658,33.258253],[126.44546,33.257513],[126.444929,33.256026],[126.445219,33.255408],[126.444983,33.254641],[126.445501,33.25355],[126.447101,33.252022],[126.445351,33.25062],[126.442713,33.251853],[126.440435,33.251466],[126.438586,33.251684],[126.436783,33.251166],[126.436468,33.251597]]]},"properties":{"AREA":3995770.9831416365,"PERIMETER":15019.994860731635,"법정리코드":"5013011300","법정리명":"회수동","법정동코드":"50130113","법정시코드":"50130","법정리이름":"서귀포시회수동","SEA":2}},{"type":"Feature","geometry":{"type":"Polygon","coordinates":[[[126.439314,33.238065],[126.438972,33.237364],[126.438545,33.237534],[126.438925,33.23751],[126.439199,33.238242],[126.438486,33.238558],[126.439202,33.238898],[126.437777,33.238877],[126.437884,33.238529],[126.437501,33.238068],[126.436791,33.237945],[126.437554,33.237102],[126.437279,33.236656],[126.435234,33.236786],[126.433681,33.234838],[126.433692,33.233947],[126.432786,33.234005],[126.43276,33.234452],[126.431595,33.235637],[126.430916,33.235588],[126.430179,33.236202],[126.429166,33.236309],[126.429058,33.235788],[126.428563,33.235606],[126.427458,33.235957],[126.427261,33.237094],[126.426495,33.237493],[126.427248,33.238311],[126.42692,33.238645],[126.428528,33.240994],[126.428422,33.241815],[126.42747,33.242856],[126.427486,33.243306],[126.428112,33.243697],[126.428226,33.24469],[126.428522,33.24471],[126.428497,33.245122],[126.429038,33.245755],[126.428749,33.246364],[126.429095,33.246866],[126.428819,33.247121],[126.429182,33.247461],[126.430052,33.247011],[126.431531,33.24692],[126.430735,33.248684],[126.430924,33.250278],[126.434833,33.2508],[126.436418,33.251583],[126.436783,33.251166],[126.438586,33.251684],[126.440435,33.251466],[126.442411,33.251865],[126.445534,33.250634],[126.445827,33.251225],[126.447101,33.252022],[126.445501,33.25355],[126.444983,33.254641],[126.445219,33.255408],[126.444929,33.256026],[126.44546,33.257513],[126.446658,33.258253],[126.447122,33.260033],[126.447961,33.261221],[126.447352,33.261996],[126.448008,33.264224],[126.446764,33.26518],[126.447308,33.267183],[126.447032,33.268097],[126.447392,33.268969],[126.447418,33.270535],[126.446874,33.271299],[126.446955,33.272433],[126.447581,33.272707],[126.447959,33.273385],[126.448026,33.273795],[126.447595,33.27438],[126.448232,33.275141],[126.450729,33.275703],[126.450926,33.276298],[126.44992,33.277635],[126.4498,33.279676],[126.450432,33.280983],[126.451337,33.281344],[126.451095,33.282903],[126.451454,33.2836],[126.452009,33.283726],[126.451639,33.28471],[126.452214,33.285794],[126.450902,33.288543],[126.450932,33.29051],[126.450453,33.290961],[126.45054,33.291489],[126.449546,33.293565],[126.449355,33.295384],[126.448862,33.29591],[126.44965,33.298481],[126.449485,33.300155],[126.448697,33.300686],[126.447235,33.302838],[126.44711,33.304771],[126.446235,33.306703],[126.446802,33.307739],[126.456015,33.311996],[126.457521,33.313379],[126.459024,33.313968],[126.460294,33.315776],[126.46235,33.319973],[126.463419,33.325941],[126.466289,33.332667],[126.46665,33.329976],[126.465788,33.327266],[126.464826,33.321429],[126.46495,33.320427],[126.464337,33.318478],[126.463643,33.31742],[126.463567,33.3166],[126.46301,33.315916],[126.462867,33.314251],[126.461597,33.311029],[126.461337,33.309562],[126.46183,33.309152],[126.462018,33.30771],[126.459814,33.301553],[126.460675,33.300073],[126.461982,33.29937],[126.462098,33.298981],[126.460979,33.297282],[126.461389,33.296031],[126.461085,33.295139],[126.461251,33.294207],[126.46036,33.292958],[126.457535,33.292093],[126.456761,33.291647],[126.4565,33.290607],[126.455032,33.290362],[126.454683,33.289835],[126.45489,33.288036],[126.45426,33.286864],[126.454421,33.28596],[126.455141,33.285154],[126.45492,33.284237],[126.455249,33.282848],[126.454964,33.282444],[126.455996,33.280272],[126.455402,33.277401],[126.456034,33.275146],[126.456169,33.273088],[126.455819,33.271182],[126.45504,33.270719],[126.455734,33.269303],[126.455113,33.26733],[126.455273,33.266642],[126.453208,33.265951],[126.452385,33.2644],[126.452905,33.263452],[126.452781,33.261612],[126.452052,33.261186],[126.45015,33.258813],[126.449368,33.258581],[126.449113,33.258067],[126.44917,33.257016],[126.450019,33.255958],[126.450568,33.255724],[126.45056,33.254428],[126.452258,33.254478],[126.452895,33.252457],[126.453576,33.251689],[126.45365,33.249542],[126.453267,33.249005],[126.453564,33.247997],[126.453254,33.247114],[126.452706,33.246785],[126.451421,33.244867],[126.450701,33.244649],[126.449878,33.243844],[126.449193,33.244067],[126.447131,33.242417],[126.447259,33.241584],[126.448599,33.240493],[126.448565,33.240174],[126.44792,33.239826],[126.448409,33.239736],[126.446564,33.239233],[126.446414,33.239569],[126.445785,33.239107],[126.445169,33.239179],[126.445089,33.238812],[126.443702,33.23924],[126.443397,33.238351],[126.443012,33.238681],[126.443173,33.238253],[126.442558,33.237428],[126.441659,33.237721],[126.441431,33.238661],[126.441205,33.238444],[126.440484,33.238833],[126.440347,33.238323],[126.439539,33.238567],[126.439792,33.23813],[126.439314,33.238065]]]},"properties":{"AREA":8447603.234385975,"PERIMETER":31268.01146022555,"법정리코드":"5013011400","법정리명":"대포동","법정동코드":"50130114","법정시코드":"50130","법정리이름":"서귀포시대포동","SEA":2}},{"type":"Feature","geometry":{"type":"Polygon","coordinates":[[[126.464742,33.252806],[126.465152,33.251518],[126.466389,33.25063],[126.467112,33.248551],[126.468644,33.247294],[126.468582,33.246563],[126.469616,33.246251],[126.470737,33.244042],[126.47124,33.243482],[126.472468,33.243143],[126.473015,33.241835],[126.470529,33.242041],[126.46828,33.241277],[126.467048,33.237822],[126.467198,33.236673],[126.46664,33.236609],[126.465189,33.235201],[126.465218,33.234478],[126.463601,33.234188],[126.462817,33.234738],[126.463035,33.235588],[126.462332,33.237679],[126.461335,33.238228],[126.460845,33.23935],[126.457906,33.240581],[126.45773,33.24117],[126.45873,33.241559],[126.458687,33.241945],[126.457442,33.242244],[126.456932,33.242018],[126.456392,33.243733],[126.456907,33.243911],[126.457092,33.24451],[126.458144,33.245464],[126.458165,33.246619],[126.459013,33.247743],[126.459517,33.250553],[126.460305,33.251863],[126.459513,33.254314],[126.464742,33.252806]]]},"properties":{"AREA":1642285.014117387,"PERIMETER":6660.232888444352,"법정리코드":"5013011500","법정리명":"월평동","법정동코드":"50130115","법정시코드":"50130","법정리이름":"서귀포시월평동","SEA":2}},{"type":"Feature","geometry":{"type":"Polygon","coordinates":[[[126.479582,33.226485],[126.48012,33.224833],[126.483383,33.222221],[126.49073,33.222978],[126.494798,33.222299],[126.494744,33.222058],[126.490668,33.222715],[126.483189,33.221944],[126.479601,33.224925],[126.47822,33.227153],[126.477817,33.226833],[126.478149,33.227168],[126.477935,33.227669],[126.476614,33.227663],[126.475684,33.228022],[126.475327,33.227368],[126.476114,33.227049],[126.477035,33.227163],[126.475841,33.226881],[126.476391,33.226196],[126.477506,33.226096],[126.475583,33.226105],[126.475588,33.226876],[126.474923,33.226868],[126.47492,33.227398],[126.474242,33.226966],[126.472756,33.227273],[126.472016,33.226633],[126.471158,33.226474],[126.469724,33.227567],[126.467865,33.229881],[126.465593,33.231247],[126.463636,33.231752],[126.462789,33.232482],[126.463582,33.233229],[126.463601,33.234188],[126.465218,33.234478],[126.465189,33.235201],[126.46664,33.236609],[126.467198,33.236673],[126.467048,33.237822],[126.46773,33.240157],[126.468118,33.240364],[126.468548,33.241466],[126.469577,33.241514],[126.470529,33.242041],[126.480601,33.241456],[126.481646,33.241543],[126.481655,33.242166],[126.483397,33.24254],[126.483747,33.242059],[126.485392,33.241669],[126.486336,33.241078],[126.48684,33.241646],[126.48682,33.242229],[126.484429,33.243813],[126.480407,33.245045],[126.479936,33.246049],[126.479203,33.246483],[126.478926,33.247511],[126.480302,33.249417],[126.479329,33.250975],[126.477017,33.252676],[126.475802,33.254252],[126.475423,33.2557],[126.474552,33.256484],[126.474531,33.256808],[126.475749,33.257527],[126.476616,33.258551],[126.476846,33.259229],[126.477969,33.258905],[126.479429,33.260475],[126.479517,33.261045],[126.478113,33.261165],[126.477959,33.261505],[126.478999,33.262334],[126.478909,33.263041],[126.476994,33.264011],[126.477592,33.26557],[126.480054,33.266302],[126.480585,33.267157],[126.480555,33.267994],[126.481044,33.268343],[126.481381,33.269991],[126.482832,33.270322],[126.483721,33.270877],[126.483813,33.272479],[126.485193,33.273585],[126.4877,33.281171],[126.494582,33.280637],[126.496393,33.279885],[126.500467,33.280182],[126.503568,33.279314],[126.50411,33.278814],[126.506785,33.278675],[126.508734,33.277984],[126.508656,33.276738],[126.509112,33.275987],[126.509959,33.275753],[126.510275,33.27475],[126.508247,33.270723],[126.507853,33.269618],[126.508215,33.269317],[126.50732,33.26719],[126.507809,33.266459],[126.507789,33.265539],[126.508561,33.26425],[126.50827,33.263318],[126.509036,33.262036],[126.508957,33.261006],[126.508241,33.261027],[126.510367,33.260179],[126.510334,33.25714],[126.507855,33.256464],[126.5073,33.255642],[126.509546,33.255074],[126.50831,33.25162],[126.50907,33.251428],[126.508857,33.25089],[126.508264,33.250542],[126.508191,33.249536],[126.50746,33.249764],[126.507634,33.249221],[126.507022,33.247332],[126.505417,33.245892],[126.501937,33.245263],[126.501906,33.243622],[126.502574,33.243077],[126.504094,33.24306],[126.504624,33.242276],[126.505743,33.241905],[126.505951,33.24135],[126.507079,33.240825],[126.507463,33.240188],[126.509185,33.239505],[126.508753,33.238675],[126.508863,33.237993],[126.50723,33.236411],[126.506713,33.232586],[126.505928,33.232222],[126.505614,33.231341],[126.503365,33.231132],[126.502188,33.23189],[126.50095,33.231505],[126.499924,33.231811],[126.499468,33.232624],[126.498126,33.233179],[126.496089,33.233014],[126.495034,33.231849],[126.493985,33.231986],[126.493153,33.232732],[126.491605,33.233265],[126.490826,33.232481],[126.489299,33.232078],[126.490848,33.231291],[126.490811,33.230326],[126.491843,33.227151],[126.49077,33.225801],[126.491541,33.227037],[126.490479,33.23025],[126.488202,33.229727],[126.489105,33.226897],[126.488807,33.226846],[126.488133,33.228916],[126.481821,33.227466],[126.481933,33.227118],[126.479582,33.226485]]]},"properties":{"AREA":16017071.797799516,"PERIMETER":30208.58393656719,"법정리코드":"5013011600","법정리명":"강정동","법정동코드":"50130116","법정시코드":"50130","법정리이름":"서귀포시강정동","SEA":2}},{"type":"Feature","geometry":{"type":"Polygon","coordinates":[[[126.507313,33.357429],[126.508314,33.355206],[126.50904,33.352199],[126.508329,33.347247],[126.506439,33.344713],[126.501703,33.341883],[126.498776,33.3392],[126.49732,33.337244],[126.497489,33.334835],[126.496942,33.333944],[126.497001,33.331948],[126.496632,33.330647],[126.495482,33.32859],[126.495842,33.327778],[126.494609,33.326275],[126.49513,33.323962],[126.494773,33.323162],[126.493263,33.322422],[126.491842,33.320411],[126.489194,33.318343],[126.489137,33.31752],[126.488071,33.316356],[126.487749,33.315056],[126.486835,33.314095],[126.487223,33.313393],[126.486898,33.313002],[126.48727,33.311472],[126.486274,33.308853],[126.486519,33.308078],[126.486104,33.306344],[126.485538,33.305898],[126.48608,33.304048],[126.486202,33.302163],[126.486689,33.301481],[126.486349,33.300617],[126.486684,33.299265],[126.486432,33.298825],[126.486797,33.297984],[126.486412,33.297405],[126.487155,33.29517],[126.486545,33.291447],[126.486918,33.290684],[126.488202,33.290095],[126.488497,33.289221],[126.48797,33.285866],[126.488355,33.284592],[126.488091,33.281556],[126.487273,33.280418],[126.486957,33.278748],[126.486513,33.278102],[126.486365,33.276517],[126.485502,33.275068],[126.485193,33.273585],[126.483813,33.272479],[126.483721,33.270877],[126.482832,33.270322],[126.481381,33.269991],[126.481044,33.268343],[126.480555,33.267994],[126.480585,33.267157],[126.480054,33.266302],[126.479567,33.26595],[126.477835,33.265839],[126.477125,33.264507],[126.477175,33.26377],[126.478909,33.263041],[126.478999,33.262334],[126.477959,33.261505],[126.478113,33.261165],[126.479517,33.261045],[126.479429,33.260475],[126.477969,33.258905],[126.476846,33.259229],[126.475749,33.257527],[126.474531,33.256808],[126.475423,33.2557],[126.475802,33.254252],[126.476892,33.252833],[126.479329,33.250975],[126.480302,33.249417],[126.478926,33.247511],[126.479203,33.246483],[126.479936,33.246049],[126.480407,33.245045],[126.484429,33.243813],[126.486973,33.241947],[126.486336,33.241078],[126.485392,33.241669],[126.483747,33.242059],[126.483397,33.24254],[126.481655,33.242166],[126.481646,33.241543],[126.480601,33.241456],[126.473015,33.241835],[126.472468,33.243143],[126.47124,33.243482],[126.470737,33.244042],[126.469616,33.246251],[126.468582,33.246563],[126.468644,33.247294],[126.467112,33.248551],[126.466389,33.25063],[126.465152,33.251518],[126.46463,33.252989],[126.468585,33.25296],[126.468421,33.253617],[126.467218,33.253878],[126.466822,33.254574],[126.466895,33.255744],[126.466527,33.256109],[126.46692,33.257256],[126.46677,33.257951],[126.46727,33.258346],[126.466811,33.259773],[126.466945,33.260473],[126.46651,33.260675],[126.466296,33.261272],[126.466554,33.261944],[126.467074,33.262228],[126.467105,33.263833],[126.468043,33.264274],[126.46808,33.264698],[126.468722,33.26501],[126.469548,33.266423],[126.469577,33.267463],[126.469892,33.267844],[126.469744,33.268511],[126.470678,33.269867],[126.470654,33.270608],[126.471129,33.271313],[126.470807,33.271765],[126.472776,33.272033],[126.472949,33.272394],[126.473538,33.272547],[126.473842,33.273339],[126.47362,33.274659],[126.473836,33.275312],[126.472906,33.276964],[126.473618,33.278001],[126.473355,33.278287],[126.473676,33.278918],[126.473459,33.280138],[126.472974,33.280802],[126.473245,33.281583],[126.472956,33.284027],[126.471875,33.28772],[126.471439,33.288254],[126.471354,33.288719],[126.471669,33.288996],[126.471428,33.291241],[126.470552,33.292089],[126.470651,33.293419],[126.470217,33.293982],[126.469871,33.295461],[126.469872,33.296897],[126.468889,33.297943],[126.469102,33.298553],[126.468586,33.299477],[126.469528,33.300554],[126.470951,33.300465],[126.471128,33.301772],[126.47298,33.303663],[126.473149,33.305286],[126.471973,33.306327],[126.472041,33.307759],[126.471573,33.30806],[126.471817,33.308939],[126.472426,33.309259],[126.47295,33.310261],[126.473758,33.313375],[126.475685,33.314716],[126.476291,33.31608],[126.475918,33.316426],[126.476551,33.317089],[126.476924,33.318196],[126.479495,33.320806],[126.479799,33.321564],[126.479811,33.323234],[126.480933,33.325235],[126.481194,33.326973],[126.481671,33.327172],[126.481809,33.327916],[126.482404,33.328524],[126.483008,33.328353],[126.48346,33.329269],[126.483892,33.330838],[126.484615,33.331958],[126.484158,33.33268],[126.484231,33.33349],[126.48391,33.334205],[126.48493,33.337781],[126.484772,33.338453],[126.485663,33.33995],[126.486784,33.341033],[126.490598,33.342863],[126.492643,33.345066],[126.496964,33.347259],[126.497252,33.348404],[126.498528,33.348127],[126.499956,33.348676],[126.49989,33.349298],[126.501429,33.351988],[126.50262,33.352392],[126.504889,33.354111],[126.505377,33.355516],[126.504918,33.356291],[126.505916,33.356962],[126.506635,33.357996],[126.507313,33.357429]]]},"properties":{"AREA":14987236.331686307,"PERIMETER":33867.2466600418,"법정리코드":"5013011700","법정리명":"도순동","법정동코드":"50130117","법정시코드":"50130","법정리이름":"서귀포시도순동","SEA":2}},{"type":"Feature","geometry":{"type":"Polygon","coordinates":[[[126.487421,33.355125],[126.490448,33.354954],[126.492231,33.356481],[126.499091,33.359847],[126.505174,33.358824],[126.506635,33.357996],[126.505916,33.356962],[126.504918,33.356291],[126.505377,33.355516],[126.504889,33.354111],[126.50262,33.352392],[126.501429,33.351988],[126.49989,33.349298],[126.499956,33.348676],[126.498528,33.348127],[126.497252,33.348404],[126.496964,33.347259],[126.492643,33.345066],[126.490598,33.342863],[126.486784,33.341033],[126.485663,33.33995],[126.484772,33.338453],[126.48493,33.337781],[126.48391,33.334205],[126.484231,33.33349],[126.484158,33.33268],[126.484615,33.331958],[126.483892,33.330838],[126.48346,33.329269],[126.483008,33.328353],[126.482404,33.328524],[126.481809,33.327916],[126.481671,33.327172],[126.481194,33.326973],[126.480933,33.325235],[126.479811,33.323234],[126.479799,33.321564],[126.479495,33.320806],[126.476924,33.318196],[126.476551,33.317089],[126.475918,33.316426],[126.476291,33.31608],[126.475685,33.314716],[126.473758,33.313375],[126.47295,33.310261],[126.472426,33.309259],[126.471817,33.308939],[126.471573,33.30806],[126.472041,33.307759],[126.471973,33.306327],[126.473149,33.305286],[126.47298,33.303663],[126.471128,33.301772],[126.470951,33.300465],[126.469528,33.300554],[126.468586,33.299477],[126.469102,33.298553],[126.468889,33.297943],[126.469872,33.296897],[126.469871,33.295461],[126.470217,33.293982],[126.470651,33.293419],[126.470552,33.292089],[126.471428,33.291241],[126.471669,33.288996],[126.471354,33.288719],[126.471439,33.288254],[126.471875,33.28772],[126.472956,33.284027],[126.473245,33.281583],[126.472974,33.280802],[126.473459,33.280138],[126.473676,33.278918],[126.473355,33.278287],[126.473618,33.278001],[126.472906,33.276964],[126.473836,33.275312],[126.47362,33.274659],[126.473842,33.273339],[126.473538,33.272547],[126.472949,33.272394],[126.472776,33.272033],[126.470807,33.271765],[126.471129,33.271313],[126.470654,33.270608],[126.470678,33.269867],[126.469744,33.268511],[126.469892,33.267844],[126.469577,33.267463],[126.469548,33.266423],[126.468722,33.26501],[126.46808,33.264698],[126.468043,33.264274],[126.467105,33.263833],[126.467074,33.262228],[126.466554,33.261944],[126.466296,33.261272],[126.46651,33.260675],[126.466945,33.260473],[126.466811,33.259773],[126.46727,33.258346],[126.46677,33.257951],[126.46692,33.257256],[126.466527,33.256109],[126.466895,33.255744],[126.466822,33.254574],[126.467218,33.253878],[126.468421,33.253617],[126.468585,33.25296],[126.463625,33.253004],[126.462057,33.253716],[126.459513,33.254314],[126.460318,33.25192],[126.459517,33.250553],[126.459013,33.247743],[126.458165,33.246619],[126.458144,33.245464],[126.457092,33.24451],[126.456907,33.243911],[126.456392,33.243733],[126.456939,33.242414],[126.45661,33.241768],[126.456992,33.24141],[126.456497,33.241084],[126.456507,33.240452],[126.4549,33.241474],[126.452707,33.241356],[126.452335,33.241815],[126.449857,33.241525],[126.448431,33.240699],[126.447259,33.241584],[126.447131,33.242417],[126.449193,33.244067],[126.449878,33.243844],[126.450701,33.244649],[126.451421,33.244867],[126.452706,33.246785],[126.453254,33.247114],[126.453643,33.248319],[126.453267,33.249005],[126.45365,33.249542],[126.453655,33.251492],[126.452443,33.253433],[126.452343,33.254366],[126.451931,33.254618],[126.45056,33.254428],[126.450568,33.255724],[126.450019,33.255958],[126.44917,33.257016],[126.449113,33.258067],[126.449368,33.258581],[126.45015,33.258813],[126.452052,33.261186],[126.452781,33.261612],[126.452905,33.263452],[126.452385,33.2644],[126.453208,33.265951],[126.455273,33.266642],[126.455113,33.26733],[126.455734,33.269303],[126.45504,33.270719],[126.455819,33.271182],[126.456169,33.273088],[126.456034,33.275146],[126.455402,33.277401],[126.455996,33.280272],[126.454964,33.282444],[126.455249,33.282848],[126.45492,33.284237],[126.455141,33.285154],[126.454421,33.28596],[126.45426,33.286864],[126.45489,33.288036],[126.454683,33.289835],[126.455032,33.290362],[126.4565,33.290607],[126.456761,33.291647],[126.457535,33.292093],[126.46036,33.292958],[126.461251,33.294207],[126.461085,33.295139],[126.461389,33.296031],[126.460979,33.297282],[126.462098,33.298981],[126.461982,33.29937],[126.460675,33.300073],[126.459814,33.301553],[126.462018,33.30771],[126.46183,33.309152],[126.461337,33.309562],[126.461597,33.311029],[126.462867,33.314251],[126.46301,33.315916],[126.463567,33.3166],[126.463643,33.31742],[126.464337,33.318478],[126.46495,33.320427],[126.464826,33.321429],[126.465788,33.327266],[126.46665,33.329976],[126.466289,33.332667],[126.470049,33.338389],[126.468552,33.340282],[126.46934,33.342265],[126.468798,33.344107],[126.469725,33.348266],[126.471652,33.350979],[126.474226,33.353068],[126.479719,33.355466],[126.482314,33.355502],[126.484766,33.353681],[126.486265,33.353896],[126.487421,33.355125]]]},"properties":{"AREA":18310774.781411756,"PERIMETER":36338.421144446686,"법정리코드":"5013011800","법정리명":"하원동","법정동코드":"50130118","법정시코드":"50130","법정리이름":"서귀포시하원동","SEA":2}},{"type":"Feature","geometry":{"type":"Polygon","coordinates":[[[126.463962,33.359858],[126.463585,33.356869],[126.461898,33.354791],[126.457185,33.353366],[126.456715,33.352344],[126.457028,33.350605],[126.45577,33.348111],[126.454453,33.347675],[126.453726,33.346583],[126.452746,33.345991],[126.450932,33.345557],[126.450118,33.344811],[126.446377,33.343792],[126.443581,33.343764],[126.442448,33.342348],[126.440557,33.341042],[126.44037,33.339949],[126.438618,33.337944],[126.436563,33.333812],[126.432534,33.330648],[126.432318,33.330005],[126.43252,33.32907],[126.431394,33.327371],[126.431611,33.3268],[126.431182,33.326029],[126.431499,33.325352],[126.430667,33.324116],[126.429927,33.32129],[126.429285,33.32091],[126.429108,33.31836],[126.428261,33.316556],[126.428167,33.314843],[126.426116,33.309651],[126.426826,33.307904],[126.425354,33.305057],[126.426199,33.303298],[126.428605,33.302249],[126.427219,33.300518],[126.427063,33.299623],[126.426319,33.298485],[126.425624,33.298175],[126.425389,33.297267],[126.423515,33.294308],[126.424414,33.29316],[126.423893,33.292233],[126.423825,33.291036],[126.424531,33.289435],[126.425697,33.288257],[126.4258,33.28683],[126.425663,33.286309],[126.424942,33.286107],[126.422781,33.284565],[126.420656,33.281134],[126.421268,33.280078],[126.422777,33.279148],[126.423711,33.27778],[126.424017,33.276225],[126.424713,33.275533],[126.424379,33.27454],[126.424475,33.273442],[126.423765,33.272264],[126.423972,33.271115],[126.423349,33.270205],[126.424405,33.26788],[126.424597,33.265951],[126.424291,33.264702],[126.423074,33.263698],[126.422945,33.263262],[126.423454,33.261685],[126.423943,33.261203],[126.424031,33.260404],[126.423109,33.258872],[126.422949,33.257054],[126.422074,33.256435],[126.421005,33.256179],[126.420143,33.255175],[126.418996,33.254697],[126.41844,33.253891],[126.41709,33.252903],[126.416758,33.252124],[126.416685,33.249099],[126.417059,33.248313],[126.41872,33.247347],[126.419395,33.246564],[126.419138,33.245819],[126.418519,33.245336],[126.418701,33.244327],[126.418206,33.243514],[126.417864,33.244],[126.417002,33.244058],[126.415545,33.243434],[126.413786,33.244644],[126.413985,33.244845],[126.413266,33.245674],[126.408679,33.245919],[126.407403,33.245404],[126.406757,33.244224],[126.406079,33.243785],[126.405114,33.243522],[126.403598,33.244204],[126.402395,33.243979],[126.400919,33.24197],[126.400359,33.24217],[126.396718,33.241149],[126.395788,33.241999],[126.395663,33.242498],[126.395893,33.24286],[126.397765,33.243305],[126.397067,33.244943],[126.398193,33.246302],[126.399848,33.247065],[126.399366,33.247991],[126.40043,33.248778],[126.399546,33.249802],[126.399584,33.250613],[126.400072,33.25077],[126.402861,33.248284],[126.404189,33.249077],[126.404545,33.249754],[126.404009,33.250856],[126.402312,33.252348],[126.404032,33.254076],[126.403298,33.254681],[126.403312,33.256035],[126.402924,33.256473],[126.403451,33.259144],[126.402455,33.260015],[126.400945,33.26244],[126.399018,33.26331],[126.396861,33.263337],[126.395652,33.264435],[126.395184,33.26445],[126.395069,33.264977],[126.395525,33.267742],[126.395523,33.270148],[126.396013,33.271038],[126.397227,33.271851],[126.397615,33.272818],[126.397245,33.274272],[126.398,33.274955],[126.398142,33.275705],[126.397847,33.277253],[126.397089,33.27845],[126.397541,33.281381],[126.400664,33.289242],[126.400767,33.29265],[126.401315,33.293754],[126.401377,33.295877],[126.401775,33.296131],[126.401783,33.297393],[126.402513,33.299281],[126.403493,33.300912],[126.40507,33.301745],[126.404958,33.302971],[126.405361,33.303731],[126.40694,33.304755],[126.408756,33.304291],[126.411959,33.304496],[126.4131,33.304922],[126.413811,33.306852],[126.416067,33.307411],[126.417695,33.308317],[126.417316,33.309665],[126.417557,33.31003],[126.418856,33.311182],[126.419564,33.311311],[126.422752,33.313296],[126.422882,33.315348],[126.423568,33.316814],[126.422618,33.321922],[126.422952,33.323474],[126.423285,33.324302],[126.426744,33.328589],[126.427122,33.329468],[126.426541,33.330081],[126.427281,33.331286],[126.427158,33.33211],[126.427486,33.332434],[126.427502,33.333469],[126.433192,33.335994],[126.433486,33.336667],[126.434638,33.33757],[126.434951,33.338399],[126.43315,33.339911],[126.431824,33.342273],[126.432748,33.344931],[126.433609,33.344975],[126.435202,33.345881],[126.43642,33.346646],[126.437204,33.347647],[126.437802,33.350458],[126.437266,33.351378],[126.437648,33.351595],[126.437439,33.353031],[126.436997,33.353247],[126.436974,33.354623],[126.437692,33.35553],[126.439275,33.356722],[126.439824,33.356598],[126.441912,33.357651],[126.442502,33.35753],[126.444147,33.358058],[126.445581,33.358887],[126.448059,33.359252],[126.456148,33.358479],[126.460212,33.358712],[126.461194,33.359557],[126.463962,33.359858]]]},"properties":{"AREA":20296427.938555293,"PERIMETER":38599.34515387302,"법정리코드":"5013011900","법정리명":"색달동","법정동코드":"50130119","법정시코드":"50130","법정리이름":"서귀포시색달동","SEA":2}},{"type":"Feature","geometry":{"type":"Polygon","coordinates":[[[126.379728,33.302001],[126.38402,33.30528],[126.382644,33.302731],[126.382703,33.301743],[126.385295,33.298923],[126.387129,33.297621],[126.390604,33.29605],[126.396251,33.29206],[126.396893,33.291781],[126.398493,33.292091],[126.400744,33.29134],[126.400664,33.289242],[126.397541,33.281381],[126.397089,33.27845],[126.397847,33.277253],[126.398142,33.275705],[126.398,33.274955],[126.397245,33.274272],[126.397615,33.272818],[126.397227,33.271851],[126.396013,33.271038],[126.395523,33.270148],[126.395525,33.267742],[126.395069,33.264977],[126.395184,33.26445],[126.395652,33.264435],[126.396861,33.263337],[126.399018,33.26331],[126.400945,33.26244],[126.402455,33.260015],[126.403451,33.259144],[126.402924,33.256473],[126.403312,33.256035],[126.403298,33.254681],[126.404032,33.254076],[126.402312,33.252348],[126.404009,33.250856],[126.404545,33.249754],[126.404189,33.249077],[126.402861,33.248284],[126.400072,33.25077],[126.399584,33.250613],[126.399546,33.249802],[126.40043,33.248778],[126.399366,33.247991],[126.399848,33.247065],[126.398193,33.246302],[126.397067,33.244943],[126.397765,33.243305],[126.395893,33.24286],[126.395663,33.242498],[126.395788,33.241999],[126.396718,33.241149],[126.394394,33.239233],[126.391349,33.238462],[126.390727,33.238746],[126.390395,33.239859],[126.389515,33.240055],[126.388424,33.241479],[126.388805,33.24266],[126.389809,33.242947],[126.391487,33.244104],[126.390604,33.245816],[126.390887,33.246738],[126.383822,33.247171],[126.382967,33.246762],[126.38265,33.245677],[126.382136,33.245412],[126.380257,33.24534],[126.378467,33.245783],[126.377203,33.245698],[126.374439,33.24656],[126.373837,33.246491],[126.372456,33.245509],[126.371959,33.246928],[126.372563,33.248393],[126.37154,33.249244],[126.371722,33.25122],[126.370897,33.253048],[126.369929,33.25326],[126.369586,33.254178],[126.372289,33.256232],[126.372695,33.257097],[126.372491,33.257441],[126.372941,33.257893],[126.372859,33.258781],[126.37175,33.259933],[126.371974,33.261513],[126.370716,33.261562],[126.370422,33.261908],[126.370984,33.263832],[126.37234,33.265249],[126.372206,33.267848],[126.373785,33.268942],[126.371863,33.271231],[126.371747,33.27226],[126.372381,33.273161],[126.370431,33.274605],[126.369871,33.275971],[126.36994,33.276874],[126.369558,33.277336],[126.368423,33.277603],[126.368891,33.278834],[126.370312,33.280238],[126.370661,33.281568],[126.37146,33.282356],[126.371271,33.283711],[126.37181,33.286676],[126.370903,33.288098],[126.374002,33.2914],[126.374467,33.293076],[126.375334,33.293956],[126.375545,33.294726],[126.378008,33.298274],[126.378569,33.300098],[126.379728,33.302001]]]},"properties":{"AREA":14934419.369979307,"PERIMETER":22212.56134104256,"법정리코드":"5013012000","법정리명":"상예동","법정동코드":"50130120","법정시코드":"50130","법정리이름":"서귀포시상예동","SEA":2}},{"type":"Feature","geometry":{"type":"Polygon","coordinates":[[[126.390533,33.239696],[126.390972,33.238148],[126.388472,33.236453],[126.38616,33.235466],[126.384106,33.233585],[126.382263,33.234449],[126.379926,33.234722],[126.378555,33.234318],[126.378293,33.233234],[126.378029,33.233135],[126.378142,33.232595],[126.377778,33.232647],[126.37737,33.233596],[126.376971,33.233409],[126.375668,33.234164],[126.374816,33.233452],[126.372366,33.232932],[126.370176,33.231731],[126.369266,33.231772],[126.368308,33.232995],[126.368809,33.233636],[126.368167,33.23415],[126.368249,33.235404],[126.370095,33.236911],[126.370122,33.239489],[126.371005,33.24087],[126.370788,33.241455],[126.3714,33.242264],[126.371944,33.243879],[126.372323,33.244122],[126.372456,33.245509],[126.373837,33.246491],[126.374848,33.246563],[126.377203,33.245698],[126.378467,33.245783],[126.380257,33.24534],[126.382136,33.245412],[126.38265,33.245677],[126.382967,33.246762],[126.383822,33.247171],[126.390887,33.246738],[126.390604,33.245816],[126.391487,33.244104],[126.389809,33.242947],[126.388805,33.24266],[126.388424,33.241479],[126.389515,33.240055],[126.390533,33.239696]]]},"properties":{"AREA":2456039.041524404,"PERIMETER":7742.352106298993,"법정리코드":"5013012100","법정리명":"하예동","법정동코드":"50130121","법정시코드":"50130","법정리이름":"서귀포시하예동","SEA":2}},{"type":"Feature","geometry":{"type":"Polygon","coordinates":[[[126.506635,33.357996],[126.508668,33.358675],[126.511104,33.36104],[126.51429,33.361224],[126.517471,33.360385],[126.519668,33.360682],[126.518654,33.359776],[126.515985,33.355988],[126.515879,33.354686],[126.516241,33.352886],[126.518219,33.350569],[126.518794,33.348271],[126.518824,33.344967],[126.520023,33.342784],[126.521766,33.340745],[126.522461,33.336788],[126.521711,33.332316],[126.520584,33.329819],[126.520738,33.329033],[126.519099,33.327596],[126.518678,33.325714],[126.517224,33.324359],[126.516992,33.322877],[126.516002,33.321887],[126.515873,33.320485],[126.515212,33.31976],[126.515513,33.318998],[126.514321,33.317823],[126.516139,33.314233],[126.516022,33.312818],[126.516644,33.310952],[126.515591,33.310172],[126.516238,33.309317],[126.516509,33.308129],[126.516031,33.307501],[126.515892,33.306573],[126.515196,33.30631],[126.514419,33.305361],[126.514769,33.304787],[126.514616,33.304139],[126.513657,33.30382],[126.513669,33.301729],[126.513161,33.301132],[126.512443,33.298964],[126.512223,33.296458],[126.511205,33.294722],[126.511774,33.292233],[126.51162,33.291353],[126.51108,33.290932],[126.510904,33.286429],[126.509738,33.285306],[126.509519,33.284586],[126.508971,33.284435],[126.5088,33.283755],[126.508299,33.283387],[126.508381,33.283],[126.507841,33.282691],[126.508237,33.281404],[126.507897,33.281136],[126.507938,33.27988],[126.508715,33.27798],[126.506785,33.278675],[126.50411,33.278814],[126.503568,33.279314],[126.500467,33.280182],[126.496393,33.279885],[126.494582,33.280637],[126.487955,33.281174],[126.488355,33.284592],[126.48797,33.285866],[126.488497,33.289221],[126.488202,33.290095],[126.486918,33.290684],[126.486545,33.291447],[126.487155,33.29517],[126.486412,33.297405],[126.486797,33.297984],[126.486432,33.298825],[126.486684,33.299265],[126.486349,33.300617],[126.486689,33.301481],[126.486202,33.302163],[126.48608,33.304048],[126.485538,33.305898],[126.486104,33.306344],[126.486519,33.308078],[126.486274,33.308853],[126.48727,33.311472],[126.486898,33.313002],[126.487223,33.313393],[126.486835,33.314095],[126.487749,33.315056],[126.488071,33.316356],[126.489137,33.31752],[126.489194,33.318343],[126.491842,33.320411],[126.493263,33.322422],[126.494773,33.323162],[126.49513,33.323962],[126.494609,33.326275],[126.495842,33.327778],[126.495482,33.32859],[126.496632,33.330647],[126.497001,33.331948],[126.496942,33.333944],[126.497489,33.334835],[126.49732,33.337244],[126.498776,33.3392],[126.501703,33.341883],[126.506439,33.344713],[126.508329,33.347247],[126.50904,33.352199],[126.508314,33.355206],[126.507313,33.357429],[126.506635,33.357996]]]},"properties":{"AREA":17970834.89423531,"PERIMETER":23414.660727764563,"법정리코드":"5013012200","법정리명":"영남동","법정동코드":"50130122","법정시코드":"50130","법정리이름":"서귀포시영남동","SEA":2}},{"type":"Feature","geometry":{"type":"Polygon","coordinates":[[[126.296752,33.447007],[126.297718,33.446393],[126.298925,33.446285],[126.299827,33.445115],[126.298961,33.441864],[126.298807,33.439917],[126.298962,33.439356],[126.300391,33.438511],[126.30116,33.436587],[126.300335,33.435712],[126.299948,33.432884],[126.301206,33.430945],[126.301506,33.429367],[126.303549,33.427572],[126.302868,33.423416],[126.303476,33.420958],[126.302585,33.41997],[126.302462,33.418503],[126.302008,33.417608],[126.302235,33.416524],[126.303012,33.415224],[126.302,33.41565],[126.299444,33.415566],[126.295308,33.416486],[126.294609,33.416935],[126.291843,33.415981],[126.290898,33.414651],[126.290234,33.414296],[126.290104,33.415012],[126.290715,33.416976],[126.28802,33.419354],[126.286484,33.420114],[126.288015,33.421648],[126.288397,33.423446],[126.2896,33.42498],[126.288582,33.424985],[126.287292,33.426977],[126.286363,33.426584],[126.285892,33.427122],[126.285682,33.428905],[126.285389,33.429351],[126.284301,33.429695],[126.284201,33.430382],[126.283454,33.430055],[126.282353,33.43068],[126.280371,33.431103],[126.279318,33.432057],[126.27769,33.431837],[126.277502,33.432132],[126.276784,33.432202],[126.274745,33.433437],[126.274145,33.434428],[126.273187,33.435097],[126.273686,33.435085],[126.274292,33.43664],[126.27529,33.437874],[126.275395,33.438543],[126.276263,33.439364],[126.27641,33.439997],[126.276133,33.440549],[126.277308,33.441021],[126.27717,33.441523],[126.277588,33.441835],[126.277929,33.442625],[126.277751,33.443171],[126.278129,33.443355],[126.278109,33.443679],[126.27831,33.443043],[126.278936,33.442978],[126.278737,33.442428],[126.278986,33.442252],[126.279574,33.442533],[126.279674,33.442208],[126.283322,33.442519],[126.284075,33.442929],[126.283683,33.444167],[126.284678,33.444684],[126.286173,33.44395],[126.286931,33.444236],[126.288352,33.443576],[126.288546,33.443744],[126.288935,33.443071],[126.289735,33.442928],[126.290812,33.443545],[126.291126,33.443328],[126.291518,33.443813],[126.292131,33.443413],[126.293341,33.443788],[126.293246,33.444374],[126.294478,33.445541],[126.293967,33.445614],[126.293647,33.446269],[126.29275,33.446504],[126.293665,33.446392],[126.294502,33.445569],[126.294962,33.446423],[126.296496,33.446575],[126.296752,33.447007]]]},"properties":{"AREA":5581998.934675,"PERIMETER":13844.52347666974,"법정리코드":"5011025021","법정리명":"귀덕리","법정동코드":"50110250","법정시코드":"50110","법정리이름":"제주시귀덕리","SEA":2}},{"type":"Feature","geometry":{"type":"Polygon","coordinates":[[[126.272153,33.43541],[126.272535,33.434872],[126.273841,33.43473],[126.274745,33.433437],[126.276181,33.43255],[126.275653,33.431636],[126.26712,33.424103],[126.266606,33.423138],[126.266328,33.423096],[126.2655,33.424059],[126.26477,33.424298],[126.264367,33.424074],[126.263588,33.424601],[126.264323,33.425117],[126.263336,33.425722],[126.263891,33.42614],[126.263666,33.426665],[126.263916,33.427175],[126.263115,33.427864],[126.263296,33.428222],[126.263826,33.427952],[126.263281,33.428768],[126.262241,33.428507],[126.261801,33.428899],[126.261961,33.429461],[126.263089,33.4298],[126.263557,33.430819],[126.262374,33.432447],[126.262226,33.433999],[126.263348,33.435817],[126.264882,33.436103],[126.265828,33.435833],[126.268996,33.43609],[126.270473,33.437242],[126.271427,33.437344],[126.272389,33.435857],[126.272153,33.43541]]]},"properties":{"AREA":1186216.0829057416,"PERIMETER":5586.329091405977,"법정리코드":"5011025022","법정리명":"수원리","법정동코드":"50110250","법정시코드":"50110","법정리이름":"제주시수원리","SEA":2}},{"type":"Feature","geometry":{"type":"Polygon","coordinates":[[[126.276181,33.43255],[126.27769,33.431837],[126.279318,33.432057],[126.280371,33.431103],[126.282353,33.43068],[126.283454,33.430055],[126.284201,33.430382],[126.284301,33.429695],[126.285389,33.429351],[126.285682,33.428905],[126.285892,33.427122],[126.286363,33.426584],[126.287292,33.426977],[126.288582,33.424985],[126.289631,33.424935],[126.288397,33.423446],[126.288015,33.421648],[126.286484,33.420114],[126.28802,33.419354],[126.290715,33.416976],[126.290104,33.415012],[126.290234,33.414296],[126.289775,33.413942],[126.289903,33.413024],[126.288967,33.412039],[126.287746,33.412467],[126.286136,33.412082],[126.284255,33.412105],[126.284487,33.412827],[126.284027,33.413728],[126.283898,33.415149],[126.284332,33.416463],[126.283228,33.417043],[126.280954,33.416639],[126.28046,33.417092],[126.276288,33.418827],[126.274731,33.418758],[126.273547,33.419068],[126.269971,33.417435],[126.269241,33.416681],[126.267924,33.416748],[126.267458,33.417588],[126.265416,33.418008],[126.265108,33.417305],[126.264415,33.416837],[126.263482,33.418356],[126.263465,33.419009],[126.262187,33.418688],[126.261955,33.419431],[126.263316,33.419917],[126.264377,33.419722],[126.26712,33.424103],[126.275377,33.431356],[126.276181,33.43255]]]},"properties":{"AREA":2995782.549700218,"PERIMETER":9574.962988528074,"법정리코드":"5011025023","법정리명":"대림리","법정동코드":"50110250","법정시코드":"50110","법정리이름":"제주시대림리","SEA":2}},{"type":"Feature","geometry":{"type":"Polygon","coordinates":[[[126.263465,33.419009],[126.264415,33.416837],[126.265108,33.417305],[126.265416,33.418008],[126.267458,33.417588],[126.267924,33.416748],[126.269241,33.416681],[126.269971,33.417435],[126.273547,33.419068],[126.274731,33.418758],[126.276288,33.418827],[126.28046,33.417092],[126.280954,33.416639],[126.283228,33.417043],[126.284332,33.416463],[126.283898,33.415149],[126.284027,33.413728],[126.284487,33.412827],[126.284255,33.412105],[126.282678,33.411399],[126.282118,33.410273],[126.280182,33.408671],[126.280209,33.408219],[126.27909,33.406786],[126.275203,33.406014],[126.274269,33.405356],[126.273164,33.405356],[126.271092,33.405479],[126.270031,33.406356],[126.268812,33.405735],[126.266215,33.408677],[126.265595,33.410703],[126.264149,33.409129],[126.261853,33.407885],[126.261899,33.408217],[126.261411,33.408435],[126.259965,33.408435],[126.259801,33.408852],[126.258912,33.40903],[126.257048,33.411284],[126.254358,33.412414],[126.253824,33.412932],[126.253128,33.415673],[126.253742,33.413562],[126.255849,33.412653],[126.260032,33.416794],[126.260984,33.416352],[126.261805,33.416553],[126.262447,33.415996],[126.262726,33.416123],[126.264908,33.415105],[126.262839,33.416561],[126.262434,33.418787],[126.263465,33.419009]]]},"properties":{"AREA":2678540.5397617193,"PERIMETER":9824.24744175012,"법정리코드":"5011025024","법정리명":"한림리","법정동코드":"50110250","법정시코드":"50110","법정리이름":"제주시한림리","SEA":2}},{"type":"Feature","geometry":{"type":"Polygon","coordinates":[[[126.310537,33.380505],[126.315493,33.380527],[126.320003,33.380019],[126.323692,33.37999],[126.323725,33.379538],[126.322991,33.378608],[126.32414,33.377713],[126.325963,33.375279],[126.328405,33.372937],[126.32968,33.37067],[126.331588,33.36998],[126.332146,33.369481],[126.33269,33.367988],[126.33444,33.366139],[126.338333,33.363937],[126.339909,33.36343],[126.340519,33.362358],[126.341717,33.361264],[126.344073,33.360078],[126.344491,33.359532],[126.349021,33.358006],[126.354737,33.353927],[126.368443,33.348111],[126.37531,33.346761],[126.373793,33.345692],[126.37205,33.345109],[126.370639,33.343671],[126.370136,33.342352],[126.3692,33.341615],[126.36747,33.341149],[126.363771,33.341333],[126.362919,33.341532],[126.362575,33.341966],[126.361216,33.342035],[126.356327,33.340894],[126.351975,33.340685],[126.348346,33.341223],[126.345167,33.342743],[126.341638,33.343631],[126.340237,33.34361],[126.33966,33.343342],[126.339575,33.341553],[126.337758,33.340701],[126.336381,33.339448],[126.334802,33.336479],[126.33281,33.335724],[126.332387,33.334792],[126.33134,33.333755],[126.330691,33.334029],[126.324534,33.327454],[126.323579,33.327125],[126.323849,33.32659],[126.322572,33.325814],[126.320966,33.325738],[126.319983,33.326822],[126.318333,33.327426],[126.311799,33.326857],[126.31112,33.326236],[126.309319,33.325453],[126.305947,33.326654],[126.304239,33.325405],[126.303623,33.324327],[126.300174,33.322523],[126.296323,33.321992],[126.293422,33.324924],[126.292996,33.32582],[126.2912,33.327051],[126.289257,33.331731],[126.288498,33.335639],[126.286682,33.337075],[126.285067,33.339088],[126.28515,33.339828],[126.284438,33.342599],[126.283591,33.342748],[126.282786,33.345035],[126.280047,33.34542],[126.278704,33.346046],[126.27857,33.346477],[126.280446,33.346377],[126.281907,33.347028],[126.280518,33.348549],[126.280809,33.349587],[126.280408,33.351047],[126.281304,33.351465],[126.280944,33.352354],[126.281843,33.353829],[126.282098,33.355024],[126.283256,33.355963],[126.284603,33.35585],[126.284068,33.357539],[126.284424,33.359376],[126.286439,33.362286],[126.286765,33.363216],[126.286508,33.364894],[126.285653,33.366533],[126.286198,33.367728],[126.288335,33.368332],[126.291127,33.368181],[126.290984,33.369643],[126.291548,33.370659],[126.291235,33.370979],[126.290026,33.370907],[126.289227,33.371507],[126.288748,33.372303],[126.288688,33.373168],[126.288988,33.373649],[126.290591,33.374648],[126.292602,33.374495],[126.294118,33.375399],[126.295,33.37635],[126.296009,33.376419],[126.296826,33.375956],[126.298161,33.377235],[126.298106,33.378675],[126.298704,33.379418],[126.299549,33.379463],[126.300453,33.378886],[126.303828,33.378471],[126.305399,33.379357],[126.308418,33.379518],[126.310228,33.379874],[126.310537,33.380505]]]},"properties":{"AREA":30610045.19762848,"PERIMETER":27530.42857923712,"법정리코드":"5011025025","법정리명":"금악리","법정동코드":"50110250","법정시코드":"50110","법정리이름":"제주시금악리","SEA":2}},{"type":"Feature","geometry":{"type":"Polygon","coordinates":[[[126.266152,33.408851],[126.268812,33.405735],[126.270031,33.406356],[126.271092,33.405479],[126.274269,33.405356],[126.275203,33.406014],[126.279113,33.406779],[126.278692,33.404941],[126.278227,33.404358],[126.278232,33.403452],[126.277558,33.402238],[126.277377,33.400072],[126.276726,33.399186],[126.276679,33.397735],[126.277451,33.395553],[126.277484,33.393335],[126.277734,33.392893],[126.27889,33.391795],[126.280475,33.38936],[126.281299,33.389422],[126.283478,33.3883],[126.286205,33.388676],[126.286614,33.387559],[126.287889,33.386922],[126.288472,33.385246],[126.290125,33.384402],[126.290907,33.383051],[126.292862,33.382331],[126.294116,33.380987],[126.294987,33.380839],[126.29565,33.381124],[126.297118,33.380328],[126.297301,33.379793],[126.298355,33.379161],[126.29801,33.378155],[126.298161,33.377235],[126.296826,33.375956],[126.296321,33.37609],[126.29591,33.376662],[126.295074,33.376617],[126.294026,33.378078],[126.293946,33.379004],[126.293304,33.379548],[126.28959,33.380754],[126.289487,33.381291],[126.288853,33.381516],[126.288732,33.382249],[126.287945,33.382839],[126.286835,33.382635],[126.286138,33.383501],[126.284894,33.383349],[126.283657,33.38361],[126.282786,33.384083],[126.281403,33.38595],[126.278374,33.387329],[126.273955,33.387251],[126.273247,33.387903],[126.27071,33.387691],[126.269159,33.387987],[126.268002,33.388945],[126.267043,33.389254],[126.266311,33.391471],[126.265449,33.391141],[126.265399,33.391626],[126.264032,33.392475],[126.262965,33.394184],[126.26297,33.395586],[126.263316,33.395949],[126.263718,33.397977],[126.263513,33.39925],[126.262882,33.399408],[126.263158,33.399933],[126.263046,33.401614],[126.261558,33.402591],[126.260408,33.402185],[126.259509,33.402269],[126.260442,33.403703],[126.259605,33.404518],[126.260196,33.405823],[126.25854,33.406157],[126.2579,33.407134],[126.257355,33.407275],[126.258251,33.408446],[126.257385,33.408703],[126.25761,33.409006],[126.258068,33.408687],[126.258668,33.409209],[126.259801,33.408852],[126.259965,33.408435],[126.260741,33.408595],[126.261868,33.408242],[126.261853,33.407885],[126.262383,33.407978],[126.263723,33.409097],[126.264149,33.409129],[126.265595,33.410703],[126.266152,33.408851]]]},"properties":{"AREA":3749012.726758817,"PERIMETER":14566.114011047457,"법정리코드":"5011025026","법정리명":"동명리","법정동코드":"50110250","법정시코드":"50110","법정리이름":"제주시동명리","SEA":2}},{"type":"Feature","geometry":{"type":"Polygon","coordinates":[[[126.261558,33.402591],[126.263171,33.40134],[126.262882,33.399408],[126.263513,33.39925],[126.263715,33.398115],[126.263316,33.395949],[126.26297,33.395586],[126.262965,33.394184],[126.264032,33.392475],[126.265399,33.391626],[126.265449,33.391141],[126.266311,33.391471],[126.267043,33.389254],[126.268002,33.388945],[126.269398,33.387916],[126.271973,33.387669],[126.273247,33.387903],[126.273955,33.387251],[126.278374,33.387329],[126.280296,33.386586],[126.281403,33.38595],[126.283239,33.383834],[126.284407,33.383394],[126.286138,33.383501],[126.286835,33.382635],[126.287945,33.382839],[126.288732,33.382249],[126.288853,33.381516],[126.289487,33.381291],[126.28959,33.380754],[126.293304,33.379548],[126.293946,33.379004],[126.294026,33.378078],[126.294741,33.376983],[126.295074,33.376617],[126.29591,33.376662],[126.296009,33.376419],[126.294658,33.376218],[126.294118,33.375399],[126.292602,33.374495],[126.291446,33.374777],[126.290365,33.374579],[126.288765,33.373331],[126.288748,33.372303],[126.289431,33.37128],[126.290378,33.370842],[126.291235,33.370979],[126.291548,33.370659],[126.290984,33.369643],[126.291184,33.36834],[126.288335,33.368332],[126.286198,33.367728],[126.285653,33.366533],[126.286819,33.363787],[126.286515,33.362953],[126.284139,33.363107],[126.282436,33.363614],[126.282367,33.364615],[126.281219,33.365824],[126.279378,33.366217],[126.27847,33.368096],[126.278314,33.369172],[126.27888,33.370156],[126.278877,33.371085],[126.278075,33.372283],[126.277799,33.373771],[126.27714,33.374378],[126.27678,33.374435],[126.276097,33.373736],[126.274906,33.373349],[126.274019,33.372638],[126.272377,33.372202],[126.271762,33.371646],[126.270115,33.371834],[126.267777,33.37117],[126.267715,33.370612],[126.26656,33.370092],[126.265635,33.36884],[126.265419,33.370592],[126.264276,33.371421],[126.262103,33.373859],[126.262841,33.375487],[126.262773,33.376973],[126.263729,33.380363],[126.263157,33.385319],[126.263489,33.3871],[126.263306,33.389262],[126.262905,33.390109],[126.262091,33.390759],[126.262318,33.39133],[126.261912,33.391694],[126.260131,33.391563],[126.258712,33.391927],[126.257445,33.392873],[126.257445,33.393166],[126.259216,33.395314],[126.259228,33.396834],[126.261278,33.39817],[126.260452,33.39853],[126.259927,33.399795],[126.258535,33.401154],[126.259509,33.402269],[126.260408,33.402185],[126.261558,33.402591]]]},"properties":{"AREA":5523864.619652755,"PERIMETER":16313.738740295303,"법정리코드":"5011025027","법정리명":"명월리","법정동코드":"50110250","법정시코드":"50110","법정리이름":"제주시명월리","SEA":2}},{"type":"Feature","geometry":{"type":"Polygon","coordinates":[[[126.257385,33.408703],[126.258251,33.408446],[126.257355,33.407275],[126.2579,33.407134],[126.25854,33.406157],[126.260196,33.405823],[126.259605,33.404518],[126.260442,33.403703],[126.258535,33.401154],[126.259927,33.399795],[126.260452,33.39853],[126.261278,33.39817],[126.259228,33.396834],[126.259216,33.395314],[126.257578,33.393533],[126.257445,33.392873],[126.254076,33.393698],[126.251192,33.39396],[126.250064,33.400894],[126.251051,33.402185],[126.250741,33.402791],[126.251102,33.403454],[126.250915,33.403667],[126.251477,33.404292],[126.250197,33.404799],[126.251325,33.404762],[126.251758,33.405665],[126.252547,33.40573],[126.252516,33.406326],[126.252171,33.406451],[126.252591,33.407281],[126.252389,33.407689],[126.253476,33.407425],[126.253475,33.407772],[126.253929,33.407696],[126.254176,33.408185],[126.256881,33.407789],[126.257385,33.408703]]]},"properties":{"AREA":1237826.5040397504,"PERIMETER":5930.130347745656,"법정리코드":"5011025028","법정리명":"옹포리","법정동코드":"50110250","법정시코드":"50110","법정리이름":"제주시옹포리","SEA":2}},{"type":"Feature","geometry":{"type":"Polygon","coordinates":[[[126.295451,33.416487],[126.299444,33.415566],[126.302,33.41565],[126.303058,33.414995],[126.303553,33.413237],[126.30615,33.41085],[126.306419,33.408022],[126.30694,33.407713],[126.307642,33.408311],[126.308096,33.408237],[126.308564,33.407168],[126.309872,33.400472],[126.309778,33.399371],[126.310132,33.39802],[126.309841,33.396574],[126.310895,33.395792],[126.312493,33.395641],[126.313669,33.394975],[126.314256,33.394234],[126.314687,33.39283],[126.315817,33.392642],[126.316967,33.390355],[126.321771,33.389064],[126.323303,33.387361],[126.323353,33.386109],[126.322847,33.385452],[126.323063,33.384409],[126.32277,33.383386],[126.322874,33.382902],[126.323779,33.382357],[126.323542,33.381693],[126.323681,33.379843],[126.315493,33.380527],[126.310864,33.380539],[126.310537,33.380505],[126.310228,33.379874],[126.306488,33.379294],[126.306134,33.379543],[126.303828,33.378471],[126.300453,33.378886],[126.299549,33.379463],[126.297967,33.379249],[126.297118,33.380328],[126.296131,33.380951],[126.294116,33.380987],[126.292862,33.382331],[126.290907,33.383051],[126.290125,33.384402],[126.288472,33.385246],[126.287889,33.386922],[126.286614,33.387559],[126.286205,33.388676],[126.283478,33.3883],[126.281299,33.389422],[126.280475,33.38936],[126.27954,33.390459],[126.27889,33.391795],[126.277484,33.393335],[126.277451,33.395553],[126.276679,33.397735],[126.276742,33.399277],[126.277377,33.400072],[126.277558,33.402238],[126.278232,33.403452],[126.278227,33.404358],[126.278692,33.404941],[126.279339,33.407402],[126.280146,33.408118],[126.280182,33.408671],[126.2822,33.410364],[126.282678,33.411399],[126.283978,33.412151],[126.286136,33.412082],[126.287746,33.412467],[126.288967,33.412039],[126.289903,33.413024],[126.289775,33.413942],[126.290898,33.414651],[126.291843,33.415981],[126.294609,33.416935],[126.295451,33.416487]]]},"properties":{"AREA":11298605.314995483,"PERIMETER":15145.426775998078,"법정리코드":"5011025029","법정리명":"상대리","법정동코드":"50110250","법정시코드":"50110","법정리이름":"제주시상대리","SEA":2}},{"type":"Feature","geometry":{"type":"Polygon","coordinates":[[[126.277586,33.374093],[126.278877,33.371085],[126.27888,33.370156],[126.278314,33.369172],[126.27847,33.368096],[126.279378,33.366217],[126.281219,33.365824],[126.282367,33.364615],[126.282436,33.363614],[126.286553,33.36282],[126.284424,33.359376],[126.284068,33.357539],[126.284603,33.35585],[126.283256,33.355963],[126.282098,33.355024],[126.281843,33.353829],[126.280944,33.352354],[126.281304,33.351465],[126.280408,33.351047],[126.280809,33.349587],[126.280518,33.348549],[126.281907,33.347028],[126.280446,33.346377],[126.27857,33.346477],[126.277026,33.346044],[126.275698,33.346458],[126.274741,33.347143],[126.271029,33.346517],[126.270891,33.346801],[126.26859,33.346659],[126.268272,33.347258],[126.268806,33.347819],[126.268234,33.348179],[126.268054,33.34882],[126.268386,33.349391],[126.267817,33.349985],[126.266089,33.349564],[126.265728,33.350066],[126.264546,33.350059],[126.264152,33.350641],[126.263629,33.350496],[126.262156,33.350919],[126.262456,33.352234],[126.261519,33.354868],[126.262097,33.356361],[126.261524,33.3577],[126.261781,33.359551],[126.261133,33.359999],[126.260931,33.361085],[126.26038,33.361447],[126.260675,33.361853],[126.260522,33.362532],[126.258491,33.365967],[126.258079,33.368046],[126.261249,33.37137],[126.262102,33.373889],[126.264276,33.371421],[126.265419,33.370592],[126.265635,33.36884],[126.26656,33.370092],[126.267715,33.370612],[126.267777,33.37117],[126.270115,33.371834],[126.271899,33.371695],[126.272377,33.372202],[126.274019,33.372638],[126.274906,33.373349],[126.276097,33.373736],[126.27678,33.374435],[126.277586,33.374093]]]},"properties":{"AREA":5272744.487730103,"PERIMETER":11792.334578381373,"법정리코드":"5011025030","법정리명":"상명리","법정동코드":"50110250","법정시코드":"50110","법정리이름":"제주시상명리","SEA":2}},{"type":"Feature","geometry":{"type":"Polygon","coordinates":[[[126.250143,33.400245],[126.251048,33.395968],[126.25106,33.39407],[126.25784,33.39279],[126.258556,33.392007],[126.259923,33.391579],[126.261912,33.391694],[126.262318,33.39133],[126.262091,33.390759],[126.262905,33.390109],[126.263306,33.389262],[126.263489,33.3871],[126.263157,33.385319],[126.263729,33.380363],[126.262773,33.376973],[126.262841,33.375487],[126.261249,33.37137],[126.258079,33.368046],[126.258491,33.365967],[126.259747,33.363923],[126.259246,33.363144],[126.258964,33.363121],[126.258408,33.364073],[126.257209,33.363825],[126.256639,33.364741],[126.255017,33.365287],[126.252723,33.365125],[126.251066,33.365534],[126.248993,33.365243],[126.248048,33.365466],[126.247245,33.365905],[126.246819,33.366695],[126.245456,33.367168],[126.243931,33.36832],[126.242478,33.368674],[126.241725,33.372316],[126.237581,33.378999],[126.235782,33.382622],[126.234972,33.383294],[126.234035,33.384839],[126.233968,33.387832],[126.233633,33.388624],[126.234157,33.389148],[126.236852,33.390137],[126.238102,33.391032],[126.236166,33.391613],[126.237772,33.393215],[126.238005,33.393996],[126.238785,33.394205],[126.239194,33.393793],[126.240737,33.394532],[126.240513,33.394735],[126.240707,33.394895],[126.241735,33.395162],[126.242114,33.395514],[126.24217,33.396476],[126.242612,33.396901],[126.242455,33.397576],[126.2427,33.398125],[126.243304,33.398282],[126.243235,33.398846],[126.244026,33.398607],[126.244219,33.398813],[126.243772,33.399075],[126.245041,33.399306],[126.245407,33.399845],[126.246554,33.399626],[126.246603,33.399959],[126.24713,33.399789],[126.250064,33.400894],[126.250316,33.400557],[126.250143,33.400245]]]},"properties":{"AREA":7367906.931225209,"PERIMETER":12831.050590169842,"법정리코드":"5011025031","법정리명":"협재리","법정동코드":"50110250","법정시코드":"50110","법정리이름":"제주시협재리","SEA":2}},{"type":"Feature","geometry":{"type":"Polygon","coordinates":[[[126.215182,33.381912],[126.217609,33.381152],[126.218609,33.380238],[126.218361,33.379814],[126.218555,33.378914],[126.219811,33.379405],[126.221454,33.379451],[126.222454,33.378507],[126.223361,33.378389],[126.224061,33.377871],[126.223737,33.37701],[126.225692,33.377137],[126.228558,33.376637],[126.229194,33.376917],[126.23069,33.376821],[126.233532,33.374894],[126.235216,33.371729],[126.235867,33.370951],[126.237456,33.370233],[126.238829,33.36824],[126.237304,33.367501],[126.237472,33.367355],[126.236835,33.366609],[126.235331,33.366167],[126.233577,33.363022],[126.234615,33.360247],[126.232113,33.360563],[126.229849,33.360164],[126.229246,33.360613],[126.226982,33.360576],[126.227058,33.361493],[126.225379,33.362743],[126.224379,33.364502],[126.22405,33.364683],[126.223658,33.364328],[126.223034,33.364784],[126.221306,33.364942],[126.219378,33.36588],[126.21768,33.366193],[126.217104,33.36678],[126.216042,33.367137],[126.21605,33.369402],[126.216398,33.370362],[126.215692,33.372658],[126.215111,33.373539],[126.215375,33.374272],[126.215225,33.374567],[126.213012,33.373866],[126.214134,33.377188],[126.214875,33.377845],[126.215891,33.378086],[126.216457,33.378723],[126.215809,33.380179],[126.214515,33.380666],[126.215116,33.380623],[126.215182,33.381912]]]},"properties":{"AREA":3057489.746002636,"PERIMETER":9124.230361628828,"법정리코드":"5011025032","법정리명":"월령리","법정동코드":"50110250","법정시코드":"50110","법정리이름":"제주시월령리","SEA":2}},{"type":"Feature","geometry":{"type":"Polygon","coordinates":[[[126.228437,33.390944],[126.228888,33.391125],[126.229753,33.389221],[126.230308,33.389472],[126.230477,33.389131],[126.2319,33.389531],[126.232884,33.38916],[126.234579,33.389323],[126.235949,33.390553],[126.235941,33.391604],[126.238102,33.391032],[126.236852,33.390137],[126.234157,33.389148],[126.233633,33.388624],[126.234004,33.387433],[126.233846,33.385781],[126.234084,33.384728],[126.235164,33.383054],[126.235782,33.382622],[126.237581,33.378999],[126.241725,33.372316],[126.242478,33.368674],[126.243931,33.36832],[126.245456,33.367168],[126.246819,33.366695],[126.247245,33.365905],[126.248048,33.365466],[126.248993,33.365243],[126.251066,33.365534],[126.252723,33.365125],[126.255017,33.365287],[126.256639,33.364741],[126.257209,33.363825],[126.258408,33.364073],[126.258964,33.363121],[126.259747,33.363923],[126.260024,33.36375],[126.260675,33.361853],[126.258252,33.359465],[126.257849,33.358423],[126.258721,33.356352],[126.256208,33.354087],[126.255906,33.353002],[126.255274,33.35235],[126.255501,33.351079],[126.255068,33.351062],[126.255248,33.350744],[126.254957,33.35028],[126.25322,33.349949],[126.252484,33.350173],[126.251275,33.349656],[126.249236,33.351744],[126.247865,33.3523],[126.24322,33.356836],[126.241839,33.357423],[126.24056,33.357552],[126.238209,33.359086],[126.23738,33.359414],[126.236273,33.359367],[126.234615,33.360247],[126.233577,33.363022],[126.235331,33.366167],[126.236835,33.366609],[126.237472,33.367355],[126.237304,33.367501],[126.238829,33.36824],[126.237456,33.370233],[126.235867,33.370951],[126.235216,33.371729],[126.233532,33.374894],[126.23069,33.376821],[126.229194,33.376917],[126.228558,33.376637],[126.225692,33.377137],[126.223737,33.37701],[126.224061,33.377871],[126.223361,33.378389],[126.222454,33.378507],[126.221454,33.379451],[126.219811,33.379405],[126.218555,33.378914],[126.218361,33.379814],[126.218609,33.380238],[126.218255,33.380625],[126.215668,33.382004],[126.216648,33.383166],[126.216377,33.38333],[126.216711,33.383825],[126.218743,33.383792],[126.218752,33.384281],[126.219515,33.384693],[126.219558,33.38521],[126.221522,33.386514],[126.222383,33.388238],[126.222323,33.390164],[126.222054,33.390629],[126.22293,33.390477],[126.222916,33.390036],[126.225804,33.389587],[126.227575,33.390051],[126.227614,33.390471],[126.227877,33.389697],[126.228339,33.38967],[126.228797,33.389766],[126.228839,33.390183],[126.228256,33.390281],[126.228514,33.390622],[126.227579,33.391264],[126.2274,33.391774],[126.228437,33.390944]]]},"properties":{"AREA":5580552.296598149,"PERIMETER":17947.712931420363,"법정리코드":"5011025033","법정리명":"금능리","법정동코드":"50110250","법정시코드":"50110","법정리이름":"제주시금능리","SEA":2}},{"type":"Feature","geometry":{"type":"Polygon","coordinates":[[[126.260612,33.361362],[126.261133,33.359999],[126.261781,33.359551],[126.261524,33.3577],[126.262097,33.356361],[126.261519,33.354868],[126.262456,33.352234],[126.262156,33.350919],[126.263629,33.350496],[126.264152,33.350641],[126.264546,33.350059],[126.265728,33.350066],[126.266089,33.349564],[126.267817,33.349985],[126.268386,33.349391],[126.268054,33.34882],[126.268234,33.348179],[126.268806,33.347819],[126.268272,33.347258],[126.26859,33.346659],[126.270891,33.346801],[126.271029,33.346517],[126.274741,33.347143],[126.276574,33.346095],[126.276462,33.345681],[126.274147,33.344541],[126.271916,33.342647],[126.271474,33.339981],[126.270047,33.338335],[126.270101,33.337033],[126.265432,33.342038],[126.263639,33.341656],[126.263532,33.342471],[126.262551,33.342766],[126.262269,33.343407],[126.262129,33.342867],[126.261864,33.343131],[126.260988,33.343086],[126.26073,33.343981],[126.259688,33.34494],[126.258523,33.344963],[126.258373,33.344482],[126.257414,33.344198],[126.255901,33.342796],[126.255049,33.343317],[126.254656,33.342582],[126.252792,33.341757],[126.252089,33.341075],[126.251611,33.34122],[126.250849,33.341687],[126.250574,33.342286],[126.249906,33.342483],[126.249652,33.343626],[126.248664,33.344055],[126.247712,33.345456],[126.247846,33.345931],[126.247397,33.347081],[126.24628,33.347725],[126.245733,33.347216],[126.243557,33.346352],[126.24208,33.34467],[126.240896,33.344476],[126.239317,33.343189],[126.237959,33.342781],[126.237921,33.343376],[126.238321,33.344042],[126.237431,33.345957],[126.237815,33.346342],[126.236962,33.346504],[126.237023,33.34757],[126.235788,33.348759],[126.235176,33.350538],[126.235387,33.351976],[126.233227,33.35177],[126.23165,33.352933],[126.230683,33.352301],[126.230679,33.351909],[126.230125,33.351784],[126.229516,33.352633],[126.229102,33.354418],[126.229534,33.355244],[126.229069,33.356787],[126.228042,33.357768],[126.227625,33.358786],[126.227887,33.360752],[126.229246,33.360613],[126.229849,33.360164],[126.233444,33.360482],[126.235459,33.359989],[126.236273,33.359367],[126.23738,33.359414],[126.24056,33.357552],[126.241839,33.357423],[126.24322,33.356836],[126.247865,33.3523],[126.249236,33.351744],[126.251275,33.349656],[126.252484,33.350173],[126.25322,33.349949],[126.254957,33.35028],[126.255248,33.350744],[126.255068,33.351062],[126.255501,33.351079],[126.255274,33.35235],[126.255906,33.353002],[126.256208,33.354087],[126.258721,33.356352],[126.257849,33.358423],[126.258061,33.359106],[126.259463,33.360782],[126.260612,33.361362]]]},"properties":{"AREA":4542370.841071427,"PERIMETER":17308.549171073722,"법정리코드":"5011025034","법정리명":"월림리","법정동코드":"50110250","법정시코드":"50110","법정리이름":"제주시월림리","SEA":2}},{"type":"Feature","geometry":{"type":"MultiPolygon","coordinates":[[[[126.263802,33.424519],[126.264367,33.424074],[126.26477,33.424298],[126.2655,33.424059],[126.266328,33.423096],[126.266606,33.423138],[126.264377,33.419722],[126.263316,33.419917],[126.261955,33.419431],[126.261791,33.419951],[126.260226,33.419605],[126.260147,33.419869],[126.262449,33.420371],[126.262093,33.421913],[126.261993,33.420346],[126.262082,33.422464],[126.260626,33.423189],[126.258899,33.42275],[126.258202,33.421751],[126.257821,33.420035],[126.258463,33.417947],[126.257702,33.417159],[126.251898,33.417048],[126.257661,33.417252],[126.258344,33.417955],[126.257871,33.419098],[126.257758,33.420469],[126.258129,33.421775],[126.258851,33.422793],[126.260431,33.423192],[126.260266,33.423854],[126.260612,33.423861],[126.262157,33.422518],[126.262944,33.423733],[126.262485,33.422722],[126.263022,33.422494],[126.263732,33.423181],[126.263767,33.423827],[126.264217,33.423688],[126.263703,33.424124],[126.263802,33.424519]]],[[[126.263521,33.424687],[126.263749,33.424511],[126.262978,33.42379],[126.263521,33.424687]]]]},"properties":{"AREA":164388.33422266415,"PERIMETER":6519.202566687209,"법정리코드":"5011025035","법정리명":"한수리","법정동코드":"50110250","법정시코드":"50110","법정리이름":"제주시한수리","SEA":2}},{"type":"Feature","geometry":{"type":"Polygon","coordinates":[[[126.443081,33.477829],[126.443169,33.475143],[126.443787,33.474712],[126.443813,33.473534],[126.445463,33.4704],[126.445255,33.465529],[126.445529,33.464932],[126.446473,33.464265],[126.446418,33.463056],[126.447687,33.462274],[126.447822,33.461732],[126.447891,33.459842],[126.447502,33.459125],[126.447394,33.457233],[126.445955,33.454763],[126.446295,33.451902],[126.446819,33.451197],[126.446556,33.449337],[126.446929,33.448576],[126.44826,33.447412],[126.450648,33.44156],[126.450127,33.440203],[126.449542,33.439715],[126.448837,33.436447],[126.448495,33.436007],[126.446593,33.435606],[126.446182,33.434523],[126.447391,33.432799],[126.447238,33.432445],[126.447703,33.431778],[126.448339,33.429513],[126.447994,33.427895],[126.448192,33.425639],[126.447846,33.424883],[126.448634,33.421485],[126.448438,33.421133],[126.448905,33.418887],[126.448948,33.416677],[126.449421,33.416262],[126.449692,33.415282],[126.44953,33.41268],[126.450897,33.411877],[126.45156,33.41076],[126.451536,33.409075],[126.452175,33.407963],[126.456408,33.405187],[126.456485,33.404744],[126.457783,33.403461],[126.458133,33.402106],[126.457586,33.401188],[126.45796,33.398498],[126.458682,33.397536],[126.459181,33.397562],[126.459638,33.397109],[126.459328,33.396076],[126.461543,33.394903],[126.462809,33.394672],[126.463466,33.394911],[126.465443,33.3939],[126.466568,33.393833],[126.467545,33.392352],[126.47045,33.391582],[126.471407,33.390979],[126.472499,33.391202],[126.47623,33.388126],[126.477047,33.388375],[126.478146,33.388024],[126.478658,33.388501],[126.479562,33.38798],[126.48023,33.388287],[126.481431,33.387896],[126.482684,33.388571],[126.483482,33.387998],[126.4842,33.388809],[126.485769,33.388858],[126.48693,33.389728],[126.489825,33.390492],[126.490801,33.390215],[126.491722,33.390366],[126.49265,33.389265],[126.494464,33.389139],[126.495466,33.388142],[126.495944,33.388355],[126.496435,33.387554],[126.498274,33.38682],[126.499181,33.385491],[126.500346,33.385214],[126.500655,33.3848],[126.502066,33.3847],[126.503188,33.383528],[126.504968,33.383219],[126.507235,33.383575],[126.510411,33.383305],[126.511833,33.382001],[126.512577,33.381774],[126.512774,33.380914],[126.514321,33.379932],[126.516796,33.377363],[126.517807,33.376774],[126.518197,33.376032],[126.519338,33.375393],[126.5198,33.375486],[126.52094,33.374301],[126.521312,33.372767],[126.521958,33.372763],[126.524313,33.371599],[126.526806,33.368929],[126.525676,33.367027],[126.526694,33.366031],[126.529475,33.364468],[126.530038,33.362671],[126.529523,33.36174],[126.528408,33.362529],[126.526908,33.363035],[126.520821,33.360723],[126.517471,33.360385],[126.51429,33.361224],[126.511104,33.36104],[126.508668,33.358675],[126.507686,33.35812],[126.506635,33.357996],[126.505174,33.358824],[126.499091,33.359847],[126.492231,33.356481],[126.490448,33.354954],[126.487421,33.355125],[126.486916,33.356836],[126.486474,33.357308],[126.484845,33.358191],[126.483707,33.359442],[126.482748,33.359678],[126.478303,33.35815],[126.474681,33.356017],[126.474139,33.356984],[126.47255,33.358369],[126.469845,33.3585],[126.467286,33.359868],[126.464817,33.360078],[126.462754,33.359564],[126.461194,33.359557],[126.460212,33.358712],[126.456148,33.358479],[126.449212,33.35908],[126.448545,33.361656],[126.449229,33.364534],[126.447283,33.366825],[126.446121,33.367506],[126.445715,33.368709],[126.44894,33.370004],[126.45019,33.370823],[126.448283,33.37366],[126.449276,33.374504],[126.449274,33.375271],[126.448775,33.376105],[126.448968,33.376369],[126.447883,33.376913],[126.448005,33.380355],[126.448537,33.381669],[126.448677,33.383104],[126.448158,33.38644],[126.445932,33.388661],[126.445444,33.393519],[126.443979,33.395161],[126.443375,33.396509],[126.443155,33.39892],[126.442182,33.402206],[126.444261,33.40609],[126.444437,33.407639],[126.442949,33.409094],[126.442211,33.410366],[126.441732,33.412218],[126.440482,33.413852],[126.440377,33.414592],[126.441086,33.417833],[126.440368,33.419137],[126.438558,33.419792],[126.437417,33.420593],[126.436553,33.423075],[126.435451,33.42371],[126.434929,33.425125],[126.434656,33.425026],[126.433411,33.427083],[126.432291,33.427665],[126.431163,33.428902],[126.431164,33.42932],[126.430864,33.429442],[126.430997,33.430414],[126.429679,33.432008],[126.430006,33.433545],[126.429409,33.434236],[126.429493,33.435614],[126.427807,33.437568],[126.427871,33.437936],[126.426594,33.44022],[126.424602,33.441769],[126.422085,33.442839],[126.421284,33.444383],[126.419969,33.445628],[126.4197,33.446597],[126.41985,33.44701],[126.420761,33.447197],[126.421159,33.448409],[126.420184,33.452498],[126.421187,33.455271],[126.420338,33.458015],[126.420852,33.463027],[126.420199,33.464789],[126.419641,33.465234],[126.420781,33.466656],[126.421527,33.468193],[126.421672,33.469339],[126.422338,33.470253],[126.423653,33.471286],[126.424678,33.472623],[126.424642,33.472972],[126.425137,33.47297],[126.425603,33.473438],[126.428076,33.473053],[126.430274,33.473655],[126.432593,33.473169],[126.432951,33.473281],[126.43258,33.474305],[126.435533,33.474837],[126.43848,33.476221],[126.441016,33.476384],[126.441512,33.476629],[126.441895,33.477653],[126.443081,33.477829]]]},"properties":{"AREA":38441087.875029065,"PERIMETER":45025.47003857351,"법정리코드":"5011025321","법정리명":"광령리","법정동코드":"50110253","법정시코드":"50110","법정리이름":"제주시광령리","SEA":2}},{"type":"Feature","geometry":{"type":"Polygon","coordinates":[[[126.410624,33.479141],[126.412618,33.478556],[126.413779,33.478876],[126.414461,33.478638],[126.414599,33.47745],[126.415317,33.476572],[126.415225,33.475923],[126.415815,33.474928],[126.416177,33.472841],[126.415925,33.47199],[126.4161,33.471141],[126.415568,33.470495],[126.415284,33.469067],[126.4136,33.468908],[126.411889,33.468094],[126.409693,33.467844],[126.408741,33.468165],[126.408489,33.467943],[126.4095,33.46576],[126.408424,33.464493],[126.408227,33.461593],[126.408571,33.460395],[126.409095,33.459801],[126.409,33.458747],[126.411197,33.45656],[126.411071,33.454541],[126.411534,33.452966],[126.411404,33.452066],[126.411934,33.451045],[126.412315,33.448217],[126.412701,33.447538],[126.412104,33.44565],[126.411688,33.445394],[126.411805,33.446272],[126.410654,33.446685],[126.410221,33.447387],[126.40955,33.447469],[126.409595,33.448008],[126.409019,33.448184],[126.408935,33.448787],[126.406663,33.449502],[126.405898,33.44931],[126.405363,33.449682],[126.405071,33.449464],[126.404174,33.449737],[126.403049,33.452384],[126.401107,33.453521],[126.401148,33.454236],[126.401904,33.454846],[126.402354,33.456279],[126.402183,33.457499],[126.402467,33.458717],[126.400778,33.459541],[126.400385,33.460033],[126.398452,33.460052],[126.397984,33.460276],[126.397892,33.460734],[126.397441,33.460613],[126.397625,33.461502],[126.397263,33.462413],[126.397471,33.462892],[126.396958,33.464187],[126.398689,33.467737],[126.39816,33.468165],[126.397457,33.467908],[126.396557,33.46881],[126.398139,33.469243],[126.401378,33.469251],[126.401444,33.469921],[126.401956,33.470069],[126.402156,33.47059],[126.40213,33.471643],[126.401767,33.472259],[126.405276,33.473032],[126.405088,33.473424],[126.405446,33.473822],[126.405327,33.474476],[126.406509,33.475144],[126.406633,33.475595],[126.407458,33.475366],[126.406689,33.476644],[126.408028,33.477517],[126.407594,33.478178],[126.40885,33.478228],[126.410527,33.478858],[126.410624,33.479141]]]},"properties":{"AREA":3177061.238327633,"PERIMETER":11528.99890970485,"법정리코드":"5011025323","법정리명":"상귀리","법정동코드":"50110253","법정시코드":"50110","법정리이름":"제주시상귀리","SEA":2}},{"type":"Feature","geometry":{"type":"Polygon","coordinates":[[[126.387466,33.485957],[126.38845,33.481434],[126.389153,33.480325],[126.390768,33.480773],[126.392127,33.480575],[126.392471,33.480118],[126.39193,33.478806],[126.388546,33.478245],[126.387842,33.477812],[126.38792,33.477268],[126.388943,33.475926],[126.386479,33.475771],[126.384079,33.476388],[126.381287,33.475818],[126.381461,33.474754],[126.382014,33.474148],[126.38192,33.472288],[126.382616,33.472204],[126.383327,33.471112],[126.382646,33.469213],[126.382023,33.46962],[126.380809,33.469578],[126.38085,33.469941],[126.379999,33.470795],[126.379,33.47037],[126.3781,33.470722],[126.377766,33.471603],[126.375143,33.471047],[126.373978,33.473025],[126.373962,33.473649],[126.375719,33.474253],[126.375696,33.474865],[126.373563,33.475231],[126.374799,33.477008],[126.374623,33.47817],[126.37303,33.478454],[126.37201,33.478041],[126.371049,33.47934],[126.373047,33.480442],[126.37445,33.481795],[126.375655,33.482458],[126.377326,33.484297],[126.37933,33.483899],[126.380387,33.484234],[126.381674,33.485208],[126.38239,33.487008],[126.385508,33.488984],[126.385991,33.489003],[126.387466,33.485957]]]},"properties":{"AREA":1918956.6123412168,"PERIMETER":8420.97558961714,"법정리코드":"5011025324","법정리명":"구엄리","법정동코드":"50110253","법정시코드":"50110","법정리이름":"제주시구엄리","SEA":2}},{"type":"Feature","geometry":{"type":"Polygon","coordinates":[[[126.385917,33.475845],[126.389637,33.475963],[126.391072,33.475244],[126.392314,33.475171],[126.393303,33.474431],[126.394572,33.474318],[126.39631,33.473423],[126.395328,33.472265],[126.395795,33.470207],[126.396775,33.468343],[126.397457,33.467908],[126.39816,33.468165],[126.398689,33.467737],[126.396958,33.464187],[126.397471,33.462892],[126.397263,33.462413],[126.397625,33.461502],[126.397441,33.460613],[126.397892,33.460734],[126.397984,33.460276],[126.398452,33.460052],[126.400385,33.460033],[126.400778,33.459541],[126.402467,33.458717],[126.402183,33.457499],[126.402354,33.456279],[126.401904,33.454846],[126.401036,33.454017],[126.399434,33.453871],[126.39842,33.454225],[126.398259,33.455331],[126.397622,33.455558],[126.39744,33.456269],[126.395632,33.457186],[126.39491,33.456173],[126.393837,33.45607],[126.394161,33.455111],[126.392627,33.45479],[126.392618,33.454375],[126.392068,33.453828],[126.39108,33.453619],[126.39062,33.453087],[126.388784,33.454496],[126.38839,33.455322],[126.387497,33.455878],[126.387498,33.456336],[126.386815,33.456315],[126.38632,33.45523],[126.386585,33.454241],[126.385924,33.452661],[126.38484,33.453138],[126.384004,33.454302],[126.383539,33.454409],[126.382872,33.455603],[126.381102,33.457478],[126.380907,33.45829],[126.379568,33.45981],[126.378662,33.461475],[126.378546,33.461993],[126.379283,33.463521],[126.37841,33.46454],[126.378457,33.465347],[126.376968,33.46657],[126.376982,33.468061],[126.376304,33.4682],[126.375205,33.469523],[126.375204,33.470996],[126.377766,33.471603],[126.3781,33.470722],[126.379,33.47037],[126.379999,33.470795],[126.38085,33.469941],[126.380809,33.469578],[126.382023,33.46962],[126.38248,33.469087],[126.383327,33.471112],[126.382616,33.472204],[126.38192,33.472288],[126.382014,33.474148],[126.381461,33.474754],[126.381287,33.475818],[126.384079,33.476388],[126.385917,33.475845]]]},"properties":{"AREA":3947347.5811684583,"PERIMETER":11422.075880752456,"법정리코드":"5011025325","법정리명":"수산리","법정동코드":"50110253","법정시코드":"50110","법정리이름":"제주시수산리","SEA":2}},{"type":"Feature","geometry":{"type":"Polygon","coordinates":[[[126.359549,33.479647],[126.364536,33.478194],[126.364055,33.47861],[126.365213,33.478486],[126.364778,33.478179],[126.366887,33.478513],[126.367527,33.478151],[126.368395,33.478149],[126.371049,33.47934],[126.37201,33.478041],[126.37303,33.478454],[126.374623,33.47817],[126.374799,33.477008],[126.373563,33.475231],[126.375696,33.474865],[126.375719,33.474253],[126.373962,33.473649],[126.373978,33.473025],[126.37534,33.470822],[126.375205,33.469523],[126.376304,33.4682],[126.376982,33.468061],[126.376968,33.46657],[126.378457,33.465347],[126.37841,33.46454],[126.379283,33.463521],[126.378546,33.461993],[126.378662,33.461475],[126.379568,33.45981],[126.380982,33.458157],[126.380691,33.457796],[126.378864,33.457452],[126.375586,33.45599],[126.37591,33.455219],[126.378292,33.452924],[126.378243,33.452335],[126.378848,33.452315],[126.37906,33.45119],[126.377571,33.450751],[126.375734,33.451744],[126.373962,33.451004],[126.37236,33.451146],[126.372595,33.449888],[126.373772,33.448099],[126.373515,33.447697],[126.37143,33.447259],[126.370999,33.446457],[126.370164,33.4468],[126.369192,33.446494],[126.367131,33.448955],[126.36681,33.450253],[126.365869,33.450805],[126.366046,33.452007],[126.365191,33.452735],[126.365252,33.454079],[126.364389,33.454462],[126.364129,33.456303],[126.362928,33.457399],[126.362541,33.458242],[126.362969,33.45862],[126.362529,33.459684],[126.36268,33.46004],[126.362253,33.460419],[126.362331,33.46094],[126.362899,33.461175],[126.363044,33.462623],[126.362477,33.462684],[126.360777,33.463771],[126.359358,33.463791],[126.357554,33.463077],[126.356385,33.463206],[126.356875,33.464943],[126.35771,33.465675],[126.357894,33.467588],[126.350025,33.466573],[126.349377,33.467249],[126.351697,33.468949],[126.353972,33.469471],[126.357759,33.471434],[126.358648,33.472539],[126.35651,33.473871],[126.354597,33.4729],[126.352371,33.47324],[126.351553,33.472703],[126.353776,33.47766],[126.359549,33.479647]]]},"properties":{"AREA":5427660.620146222,"PERIMETER":15234.347913312251,"법정리코드":"5011025326","법정리명":"신엄리","법정동코드":"50110253","법정시코드":"50110","법정리이름":"제주시신엄리","SEA":2}},{"type":"Feature","geometry":{"type":"Polygon","coordinates":[[[126.38094,33.45794],[126.382872,33.455603],[126.383539,33.454409],[126.384004,33.454302],[126.38484,33.453138],[126.385924,33.452661],[126.386585,33.454241],[126.38632,33.45523],[126.386815,33.456315],[126.387498,33.456336],[126.387497,33.455878],[126.38839,33.455322],[126.388784,33.454496],[126.39062,33.453087],[126.39108,33.453619],[126.392068,33.453828],[126.392618,33.454375],[126.392627,33.45479],[126.394161,33.455111],[126.393837,33.45607],[126.39491,33.456173],[126.395632,33.457186],[126.39744,33.456269],[126.397622,33.455558],[126.398259,33.455331],[126.39842,33.454225],[126.399434,33.453871],[126.401103,33.454069],[126.400448,33.45285],[126.400866,33.451941],[126.400622,33.451364],[126.40125,33.450106],[126.40079,33.448739],[126.399116,33.448503],[126.398854,33.44803],[126.397983,33.447767],[126.396888,33.448021],[126.395062,33.446929],[126.393189,33.44683],[126.393088,33.447321],[126.391912,33.447963],[126.39087,33.447702],[126.391583,33.446283],[126.39097,33.444942],[126.392655,33.442016],[126.393652,33.441367],[126.393797,33.440311],[126.39716,33.438545],[126.396536,33.435984],[126.394503,33.435143],[126.393921,33.436908],[126.392838,33.437262],[126.392712,33.437604],[126.389578,33.436884],[126.387789,33.436008],[126.386522,33.437324],[126.386788,33.438862],[126.386137,33.439721],[126.386894,33.44081],[126.386718,33.441063],[126.387034,33.441599],[126.386695,33.442396],[126.382546,33.442657],[126.380698,33.441797],[126.380676,33.441452],[126.379001,33.441169],[126.376291,33.442074],[126.375618,33.443133],[126.375793,33.44444],[126.375303,33.444587],[126.375325,33.445414],[126.376088,33.446065],[126.375745,33.446996],[126.373515,33.447697],[126.373733,33.44845],[126.372595,33.449888],[126.372274,33.45087],[126.37236,33.451146],[126.373962,33.451004],[126.375734,33.451744],[126.377379,33.450797],[126.378833,33.450991],[126.379113,33.451324],[126.378848,33.452315],[126.378243,33.452335],[126.378292,33.452924],[126.37591,33.455219],[126.375586,33.45599],[126.37943,33.457622],[126.38094,33.45794]]]},"properties":{"AREA":3417733.2954467796,"PERIMETER":13299.371460902306,"법정리코드":"5011025327","법정리명":"장전리","법정동코드":"50110253","법정시코드":"50110","법정리이름":"제주시장전리","SEA":2}},{"type":"Feature","geometry":{"type":"Polygon","coordinates":[[[126.373456,33.447693],[126.375745,33.446996],[126.376088,33.446065],[126.375325,33.445414],[126.375303,33.444587],[126.375793,33.44444],[126.375618,33.443133],[126.376291,33.442074],[126.379001,33.441169],[126.380676,33.441452],[126.380698,33.441797],[126.382546,33.442657],[126.38676,33.442358],[126.387034,33.441599],[126.386718,33.441063],[126.386894,33.44081],[126.386137,33.439721],[126.386788,33.438862],[126.386522,33.437324],[126.38774,33.4361],[126.38755,33.435439],[126.388543,33.434597],[126.388957,33.433138],[126.390238,33.432147],[126.390229,33.43049],[126.390631,33.430623],[126.390987,33.430017],[126.390684,33.429656],[126.391095,33.428303],[126.392223,33.428199],[126.391394,33.426897],[126.391553,33.426457],[126.390933,33.423484],[126.391144,33.422136],[126.390617,33.421332],[126.390822,33.420563],[126.390319,33.41814],[126.392774,33.416839],[126.393981,33.415779],[126.396412,33.414729],[126.396642,33.413863],[126.395409,33.411842],[126.395216,33.411084],[126.395496,33.410072],[126.394954,33.409321],[126.395416,33.409108],[126.396061,33.409426],[126.396914,33.407895],[126.396732,33.407323],[126.397716,33.404947],[126.399481,33.40326],[126.399109,33.402863],[126.399053,33.400194],[126.401187,33.397612],[126.401195,33.397198],[126.406755,33.391655],[126.406491,33.390728],[126.407567,33.390302],[126.409098,33.388767],[126.414162,33.387165],[126.417097,33.385059],[126.419345,33.382487],[126.419879,33.381363],[126.423362,33.378078],[126.423796,33.377227],[126.427122,33.373904],[126.431575,33.372011],[126.435536,33.370959],[126.436594,33.369675],[126.433156,33.370237],[126.431876,33.370779],[126.426659,33.371346],[126.422079,33.37275],[126.419203,33.37443],[126.415084,33.375912],[126.410562,33.378618],[126.409742,33.378871],[126.408277,33.378728],[126.406209,33.37991],[126.40475,33.380258],[126.402258,33.380092],[126.39956,33.380633],[126.398728,33.380484],[126.398439,33.381632],[126.396978,33.383313],[126.39693,33.384024],[126.398217,33.387251],[126.397106,33.388567],[126.395467,33.389559],[126.394531,33.389712],[126.394686,33.390609],[126.393867,33.391426],[126.393912,33.392957],[126.393111,33.392312],[126.391412,33.392489],[126.390197,33.39332],[126.38791,33.392958],[126.386691,33.393614],[126.385274,33.393795],[126.384723,33.393529],[126.383361,33.393934],[126.382875,33.395463],[126.382094,33.395606],[126.38122,33.396932],[126.381483,33.397217],[126.381326,33.397503],[126.380211,33.398712],[126.379888,33.399905],[126.380088,33.401355],[126.379517,33.401964],[126.378683,33.404062],[126.378803,33.404747],[126.378502,33.405118],[126.378381,33.406436],[126.376013,33.409392],[126.375966,33.411868],[126.376882,33.413288],[126.375562,33.415526],[126.375302,33.41682],[126.375746,33.418242],[126.375335,33.419786],[126.375392,33.421473],[126.372513,33.422406],[126.370702,33.42441],[126.369939,33.424241],[126.370668,33.424486],[126.370375,33.425106],[126.367479,33.428456],[126.367392,33.42964],[126.36688,33.43046],[126.366846,33.430981],[126.367587,33.432005],[126.367476,33.433001],[126.368699,33.434285],[126.368499,33.436685],[126.367283,33.437835],[126.36684,33.441374],[126.367296,33.442322],[126.369156,33.443227],[126.370099,33.444482],[126.370026,33.445688],[126.369212,33.44657],[126.370164,33.4468],[126.370999,33.446457],[126.37143,33.447259],[126.373456,33.447693]]]},"properties":{"AREA":13529180.554665169,"PERIMETER":27248.54668801023,"법정리코드":"5011025328","법정리명":"소길리","법정동코드":"50110253","법정시코드":"50110","법정리이름":"제주시소길리","SEA":2}},{"type":"Feature","geometry":{"type":"Polygon","coordinates":[[[126.4136,33.468908],[126.414929,33.46885],[126.41481,33.467634],[126.415525,33.467045],[126.416596,33.464987],[126.41663,33.464647],[126.416035,33.46404],[126.416645,33.462417],[126.417221,33.462078],[126.419641,33.465234],[126.420199,33.464789],[126.420852,33.463027],[126.420338,33.458015],[126.421187,33.455271],[126.420184,33.452498],[126.421159,33.448409],[126.420761,33.447197],[126.419781,33.446874],[126.419969,33.445628],[126.421284,33.444383],[126.422085,33.442839],[126.424602,33.441769],[126.426594,33.44022],[126.427871,33.437936],[126.427807,33.437568],[126.429493,33.435614],[126.429409,33.434236],[126.430006,33.433545],[126.429679,33.432008],[126.430997,33.430414],[126.430864,33.429442],[126.431164,33.42932],[126.431163,33.428902],[126.432291,33.427665],[126.433411,33.427083],[126.434656,33.425026],[126.434929,33.425125],[126.435451,33.42371],[126.436553,33.423075],[126.437417,33.420593],[126.438558,33.419792],[126.440368,33.419137],[126.44073,33.418657],[126.441086,33.417833],[126.440377,33.414592],[126.440482,33.413852],[126.441732,33.412218],[126.442211,33.410366],[126.442949,33.409094],[126.444437,33.407639],[126.444261,33.40609],[126.442182,33.402206],[126.443155,33.39892],[126.443678,33.395698],[126.445444,33.393519],[126.445932,33.388661],[126.448158,33.38644],[126.448677,33.383104],[126.448537,33.381669],[126.448005,33.380355],[126.447883,33.376913],[126.448968,33.376369],[126.448775,33.376105],[126.449274,33.375271],[126.449276,33.374504],[126.448283,33.37366],[126.45019,33.370823],[126.44894,33.370004],[126.445715,33.368709],[126.444853,33.369462],[126.443791,33.369086],[126.443805,33.369856],[126.442735,33.370626],[126.44208,33.371735],[126.442194,33.372015],[126.441497,33.373269],[126.441209,33.375518],[126.440447,33.376603],[126.439038,33.380072],[126.436927,33.38109],[126.433778,33.384284],[126.434026,33.390575],[126.433788,33.39331],[126.432127,33.395514],[126.431988,33.395976],[126.432502,33.397815],[126.431732,33.398366],[126.430396,33.401169],[126.43101,33.403407],[126.431727,33.404317],[126.430628,33.406643],[126.430077,33.406376],[126.428754,33.407729],[126.428774,33.409471],[126.427563,33.409622],[126.427056,33.410252],[126.427593,33.412033],[126.426644,33.413966],[126.425914,33.414622],[126.42513,33.416539],[126.424668,33.41657],[126.423603,33.418177],[126.422165,33.419343],[126.421582,33.421928],[126.420047,33.422617],[126.419553,33.423622],[126.415934,33.425441],[126.413421,33.428905],[126.411938,33.429609],[126.41193,33.430603],[126.411598,33.430999],[126.411824,33.431911],[126.411451,33.43224],[126.411467,33.432952],[126.412522,33.434337],[126.411744,33.435853],[126.4118,33.437322],[126.412326,33.437696],[126.413032,33.439311],[126.411946,33.440791],[126.411971,33.44131],[126.410868,33.442116],[126.411629,33.443377],[126.411226,33.444309],[126.411511,33.445188],[126.412104,33.44565],[126.412701,33.447538],[126.412315,33.448217],[126.411934,33.451045],[126.411404,33.452066],[126.411534,33.452966],[126.411071,33.454541],[126.411197,33.45656],[126.409,33.458747],[126.409095,33.459801],[126.408571,33.460395],[126.408227,33.461593],[126.408424,33.464493],[126.4095,33.46576],[126.408489,33.467943],[126.408741,33.468165],[126.409693,33.467844],[126.411889,33.468094],[126.4136,33.468908]]]},"properties":{"AREA":12672914.728211857,"PERIMETER":27915.8928122279,"법정리코드":"5011025329","법정리명":"고성리","법정동코드":"50110253","법정시코드":"50110","법정리이름":"제주시고성리","SEA":2}},{"type":"Feature","geometry":{"type":"Polygon","coordinates":[[[126.356385,33.463206],[126.358642,33.463319],[126.359358,33.463791],[126.36065,33.46378],[126.363044,33.462623],[126.362899,33.461175],[126.362331,33.46094],[126.362253,33.460419],[126.36268,33.46004],[126.362529,33.459684],[126.362969,33.45862],[126.362541,33.458242],[126.362707,33.457714],[126.364129,33.456303],[126.364389,33.454462],[126.365252,33.454079],[126.365191,33.452735],[126.366046,33.452007],[126.365869,33.450805],[126.36681,33.450253],[126.367154,33.448918],[126.370026,33.445688],[126.370204,33.44503],[126.369156,33.443227],[126.367598,33.442284],[126.366769,33.442913],[126.36615,33.444887],[126.363062,33.443912],[126.361723,33.442659],[126.361386,33.441829],[126.359891,33.441271],[126.35931,33.439608],[126.358641,33.439383],[126.355903,33.445859],[126.354451,33.447911],[126.352312,33.450135],[126.350204,33.453308],[126.348042,33.45227],[126.346543,33.452012],[126.342287,33.452434],[126.34241,33.452971],[126.343167,33.453338],[126.34371,33.454721],[126.344621,33.458232],[126.344556,33.459363],[126.344871,33.45949],[126.345377,33.458339],[126.34606,33.457879],[126.345359,33.458309],[126.34602,33.457836],[126.346552,33.45768],[126.346903,33.457915],[126.34701,33.459415],[126.345234,33.461704],[126.343796,33.462266],[126.343153,33.462956],[126.34182,33.463146],[126.341171,33.465028],[126.342404,33.465359],[126.343993,33.464914],[126.345442,33.465187],[126.345561,33.464499],[126.347281,33.463468],[126.352041,33.46219],[126.353232,33.462444],[126.352687,33.463527],[126.351693,33.464389],[126.351469,33.465154],[126.350025,33.466573],[126.357894,33.467588],[126.35771,33.465675],[126.356875,33.464943],[126.356385,33.463206]]]},"properties":{"AREA":3817447.8336934997,"PERIMETER":13090.1841803774,"법정리코드":"5011025330","법정리명":"하가리","법정동코드":"50110253","법정시코드":"50110","법정리이름":"제주시하가리","SEA":2}},{"type":"Feature","geometry":{"type":"Polygon","coordinates":[[[126.335023,33.454017],[126.336845,33.453829],[126.339041,33.45245],[126.342207,33.452455],[126.34525,33.451967],[126.348042,33.45227],[126.350204,33.453308],[126.352312,33.450135],[126.354451,33.447911],[126.355903,33.445859],[126.358641,33.439383],[126.35931,33.439608],[126.359891,33.441271],[126.361386,33.441829],[126.361723,33.442659],[126.363062,33.443912],[126.366302,33.444772],[126.366769,33.442913],[126.367296,33.442322],[126.366774,33.441199],[126.367283,33.437835],[126.368499,33.436685],[126.368699,33.434285],[126.367476,33.433001],[126.367501,33.43169],[126.366846,33.430981],[126.367392,33.42964],[126.367479,33.428456],[126.370375,33.425106],[126.370668,33.424486],[126.369983,33.424315],[126.369939,33.424241],[126.370702,33.42441],[126.372513,33.422406],[126.375392,33.421473],[126.375335,33.419786],[126.375746,33.418242],[126.375302,33.41682],[126.375562,33.415526],[126.376882,33.413288],[126.375966,33.411868],[126.376013,33.409392],[126.378381,33.406436],[126.378502,33.405118],[126.378803,33.404747],[126.378683,33.404062],[126.379517,33.401964],[126.380088,33.401355],[126.379888,33.399905],[126.380211,33.398712],[126.381326,33.397503],[126.381483,33.397217],[126.38122,33.396932],[126.382094,33.395606],[126.382875,33.395463],[126.383361,33.393934],[126.384723,33.393529],[126.385274,33.393795],[126.386691,33.393614],[126.38791,33.392958],[126.390197,33.39332],[126.391412,33.392489],[126.393111,33.392312],[126.393912,33.392957],[126.393867,33.391426],[126.394686,33.390609],[126.394531,33.389712],[126.395467,33.389559],[126.397106,33.388567],[126.398217,33.387251],[126.39693,33.384024],[126.396978,33.383313],[126.398439,33.381632],[126.398728,33.380484],[126.39956,33.380633],[126.402258,33.380092],[126.40475,33.380258],[126.406209,33.37991],[126.408277,33.378728],[126.409742,33.378871],[126.410562,33.378618],[126.415084,33.375912],[126.419203,33.37443],[126.422079,33.37275],[126.426659,33.371346],[126.431876,33.370779],[126.433156,33.370237],[126.436594,33.369675],[126.437639,33.367908],[126.438391,33.367493],[126.439336,33.366251],[126.437299,33.363511],[126.436114,33.362303],[126.432822,33.360278],[126.43254,33.362949],[126.430416,33.36464],[126.42915,33.366883],[126.42699,33.367461],[126.425848,33.36816],[126.423798,33.368223],[126.419413,33.37026],[126.411843,33.369727],[126.406009,33.369867],[126.40123,33.368366],[126.399738,33.368285],[126.39644,33.369431],[126.39478,33.372655],[126.393446,33.373992],[126.392463,33.375906],[126.391734,33.37892],[126.389541,33.38151],[126.388106,33.382833],[126.383057,33.385803],[126.382638,33.386552],[126.382661,33.387244],[126.380253,33.389078],[126.379893,33.390005],[126.379185,33.390462],[126.3788,33.391531],[126.377947,33.391975],[126.37698,33.39309],[126.376219,33.393557],[126.375878,33.393327],[126.374983,33.393958],[126.374109,33.394742],[126.373795,33.395803],[126.370943,33.397065],[126.370369,33.39807],[126.369608,33.398603],[126.368624,33.398702],[126.367829,33.399367],[126.366859,33.399665],[126.367845,33.401107],[126.369471,33.405485],[126.370987,33.407345],[126.373018,33.408281],[126.373402,33.408741],[126.371608,33.413462],[126.371003,33.413582],[126.369708,33.41458],[126.369516,33.415156],[126.367478,33.416657],[126.365883,33.418662],[126.364918,33.419047],[126.363092,33.420494],[126.362357,33.422075],[126.360323,33.424947],[126.355516,33.428102],[126.35197,33.429654],[126.349423,33.432343],[126.3471,33.433697],[126.344987,33.434269],[126.343858,33.434961],[126.343352,33.435727],[126.343265,33.436594],[126.340907,33.439154],[126.340228,33.440617],[126.338605,33.441969],[126.338516,33.442819],[126.337673,33.44384],[126.335816,33.445177],[126.334884,33.446495],[126.332343,33.447497],[126.331761,33.449008],[126.328395,33.451745],[126.327908,33.4529],[126.328518,33.45352],[126.32987,33.453831],[126.332968,33.453726],[126.335023,33.454017]],[[126.356297,33.427613],[126.356133,33.427802],[126.3561,33.427788],[126.356297,33.427613]]]},"properties":{"AREA":14095187.508766476,"PERIMETER":36954.70309030925,"법정리코드":"5011025331","법정리명":"상가리","법정동코드":"50110253","법정시코드":"50110","법정리이름":"제주시상가리","SEA":2}},{"type":"Feature","geometry":{"type":"MultiPolygon","coordinates":[[[[126.327804,33.468822],[126.328566,33.468297],[126.327734,33.468799],[126.327804,33.468822]]],[[[126.356358,33.473827],[126.358655,33.472574],[126.3584,33.471983],[126.353972,33.469471],[126.351697,33.468949],[126.349377,33.467249],[126.351469,33.465154],[126.351693,33.464389],[126.352687,33.463527],[126.353177,33.462375],[126.352041,33.46219],[126.34769,33.463296],[126.345561,33.464499],[126.345442,33.465187],[126.343993,33.464914],[126.342404,33.465359],[126.341171,33.465028],[126.34182,33.463146],[126.343153,33.462956],[126.343796,33.462266],[126.345234,33.461704],[126.34701,33.459415],[126.346903,33.457915],[126.346552,33.45768],[126.34602,33.457836],[126.345359,33.458309],[126.346014,33.457873],[126.34606,33.457879],[126.345377,33.458339],[126.344871,33.45949],[126.344556,33.459363],[126.344621,33.458232],[126.34371,33.454721],[126.343167,33.453338],[126.34241,33.452971],[126.342287,33.452434],[126.339041,33.45245],[126.336845,33.453829],[126.334956,33.456793],[126.335052,33.457442],[126.335903,33.458383],[126.336148,33.459463],[126.334653,33.460911],[126.335164,33.46178],[126.334929,33.462551],[126.331005,33.462769],[126.331125,33.463743],[126.330574,33.464006],[126.330599,33.464577],[126.329989,33.46556],[126.329324,33.466198],[126.328067,33.466401],[126.328806,33.467624],[126.329552,33.467948],[126.330898,33.467866],[126.3312,33.468842],[126.331708,33.469133],[126.332086,33.468828],[126.332214,33.467581],[126.333429,33.466877],[126.335074,33.466503],[126.336659,33.467338],[126.338273,33.467065],[126.338418,33.467557],[126.339587,33.468077],[126.340524,33.470388],[126.343594,33.471678],[126.346143,33.472144],[126.347347,33.473596],[126.347638,33.473195],[126.350193,33.473189],[126.350987,33.472766],[126.351514,33.472968],[126.351553,33.472703],[126.352371,33.47324],[126.354597,33.4729],[126.356358,33.473827]]]]},"properties":{"AREA":2619719.087543181,"PERIMETER":12590.126092988718,"법정리코드":"5011025333","법정리명":"고내리","법정동코드":"50110253","법정시코드":"50110","법정리이름":"제주시고내리","SEA":2}},{"type":"Feature","geometry":{"type":"Polygon","coordinates":[[[126.326588,33.467179],[126.32802,33.468619],[126.328609,33.468349],[126.32894,33.467715],[126.328067,33.466401],[126.329324,33.466198],[126.329989,33.46556],[126.330599,33.464577],[126.330574,33.464006],[126.331125,33.463743],[126.331005,33.462769],[126.334929,33.462551],[126.335164,33.46178],[126.334653,33.460911],[126.336148,33.459463],[126.335903,33.458383],[126.335052,33.457442],[126.334956,33.456793],[126.33687,33.453897],[126.335339,33.45382],[126.334753,33.4541],[126.332968,33.453726],[126.32987,33.453831],[126.328384,33.453449],[126.327908,33.4529],[126.328264,33.451918],[126.331807,33.448729],[126.330444,33.448124],[126.328303,33.448061],[126.325879,33.44589],[126.325707,33.446354],[126.325967,33.447312],[126.324394,33.447868],[126.324067,33.447304],[126.323554,33.447503],[126.321942,33.449499],[126.321869,33.450151],[126.320213,33.450495],[126.319192,33.451542],[126.31854,33.451715],[126.318007,33.45268],[126.317384,33.453023],[126.317248,33.45446],[126.316208,33.455666],[126.312962,33.456621],[126.311496,33.456624],[126.311001,33.457324],[126.310075,33.457546],[126.311136,33.459371],[126.310572,33.459547],[126.310914,33.460005],[126.310497,33.460927],[126.310838,33.461525],[126.310286,33.462316],[126.309257,33.462465],[126.30875,33.462948],[126.309061,33.463719],[126.30882,33.464145],[126.308955,33.464925],[126.308404,33.465753],[126.30973,33.466473],[126.310184,33.466077],[126.31088,33.466162],[126.310937,33.466619],[126.310375,33.46716],[126.310933,33.467083],[126.311095,33.467283],[126.310724,33.467412],[126.311446,33.468049],[126.312373,33.468118],[126.31395,33.469216],[126.316319,33.468851],[126.316277,33.468205],[126.31706,33.467459],[126.317472,33.467649],[126.319057,33.467055],[126.320814,33.467373],[126.320869,33.467627],[126.323875,33.468822],[126.325183,33.468576],[126.326311,33.469054],[126.327245,33.470167],[126.326345,33.468958],[126.325121,33.468474],[126.324066,33.468741],[126.324223,33.468456],[126.321932,33.467575],[126.321425,33.46662],[126.320936,33.467094],[126.320662,33.466392],[126.321193,33.466085],[126.320867,33.466],[126.320649,33.465109],[126.322074,33.466212],[126.321752,33.46665],[126.322286,33.466311],[126.322287,33.466732],[126.324125,33.466736],[126.324951,33.467711],[126.326588,33.467179]]]},"properties":{"AREA":3798972.7080627168,"PERIMETER":13322.135580456857,"법정리코드":"5011025334","법정리명":"애월리","법정동코드":"50110253","법정시코드":"50110","법정리이름":"제주시애월리","SEA":2}},{"type":"Feature","geometry":{"type":"MultiPolygon","coordinates":[[[[126.356133,33.427802],[126.356297,33.427613],[126.3561,33.427788],[126.356133,33.427802]]],[[[126.331841,33.448739],[126.332451,33.447426],[126.334884,33.446495],[126.335816,33.445177],[126.337673,33.44384],[126.338516,33.442819],[126.338605,33.441969],[126.340228,33.440617],[126.340907,33.439154],[126.343265,33.436594],[126.343352,33.435727],[126.343858,33.434961],[126.344987,33.434269],[126.3471,33.433697],[126.349423,33.432343],[126.35197,33.429654],[126.355516,33.428102],[126.360323,33.424947],[126.362357,33.422075],[126.363092,33.420494],[126.364918,33.419047],[126.365883,33.418662],[126.367478,33.416657],[126.369516,33.415156],[126.369708,33.41458],[126.371003,33.413582],[126.371608,33.413462],[126.373206,33.409782],[126.373402,33.408741],[126.373018,33.408281],[126.370987,33.407345],[126.369966,33.40616],[126.368987,33.406939],[126.368829,33.407635],[126.368016,33.408487],[126.36696,33.408898],[126.365374,33.4088],[126.362045,33.410993],[126.361424,33.411828],[126.360793,33.413937],[126.360102,33.414276],[126.359683,33.415425],[126.358877,33.416175],[126.359321,33.417],[126.357208,33.417203],[126.35545,33.416773],[126.354489,33.417636],[126.354577,33.418283],[126.353846,33.419066],[126.352279,33.419235],[126.350464,33.420648],[126.348017,33.420622],[126.346919,33.421048],[126.345976,33.420639],[126.344342,33.420993],[126.343088,33.42047],[126.341866,33.421165],[126.340432,33.420269],[126.339594,33.420182],[126.337849,33.42139],[126.336475,33.421893],[126.333733,33.42078],[126.33278,33.421417],[126.332092,33.421216],[126.329602,33.422305],[126.327567,33.422018],[126.326118,33.422536],[126.325695,33.422746],[126.324782,33.42424],[126.323039,33.425638],[126.321556,33.426351],[126.318977,33.429246],[126.319319,33.431321],[126.319787,33.431212],[126.321365,33.432063],[126.321518,33.432476],[126.322727,33.43322],[126.324013,33.434902],[126.321102,33.437728],[126.320613,33.438353],[126.320685,33.438989],[126.322498,33.43965],[126.324536,33.44153],[126.325645,33.441663],[126.326049,33.442473],[126.327181,33.442727],[126.327275,33.443057],[126.326569,33.443806],[126.325879,33.44589],[126.328045,33.447903],[126.328895,33.448229],[126.330444,33.448124],[126.331841,33.448739]]]]},"properties":{"AREA":8023535.062963723,"PERIMETER":16824.63644882955,"법정리코드":"5011025335","법정리명":"납읍리","법정동코드":"50110253","법정시코드":"50110","법정리이름":"제주시납읍리","SEA":2}},{"type":"Feature","geometry":{"type":"Polygon","coordinates":[[[126.327567,33.422018],[126.329602,33.422305],[126.332092,33.421216],[126.33278,33.421417],[126.333994,33.420765],[126.336475,33.421893],[126.337849,33.42139],[126.339594,33.420182],[126.340432,33.420269],[126.341866,33.421165],[126.343088,33.42047],[126.344342,33.420993],[126.345976,33.420639],[126.346919,33.421048],[126.348017,33.420622],[126.350342,33.420677],[126.352279,33.419235],[126.353846,33.419066],[126.354577,33.418283],[126.354489,33.417636],[126.35545,33.416773],[126.357208,33.417203],[126.359321,33.417],[126.358877,33.416175],[126.359683,33.415425],[126.360102,33.414276],[126.360793,33.413937],[126.361424,33.411828],[126.362045,33.410993],[126.365374,33.4088],[126.36696,33.408898],[126.368016,33.408487],[126.368829,33.407635],[126.368987,33.406939],[126.369966,33.40616],[126.368514,33.403311],[126.367845,33.401107],[126.366859,33.399665],[126.367829,33.399367],[126.368624,33.398702],[126.369608,33.398603],[126.370369,33.39807],[126.370943,33.397065],[126.373795,33.395803],[126.374109,33.394742],[126.374983,33.393958],[126.375878,33.393327],[126.376219,33.393557],[126.37698,33.39309],[126.377947,33.391975],[126.3788,33.391531],[126.379185,33.390462],[126.379893,33.390005],[126.380253,33.389078],[126.382661,33.387244],[126.382638,33.386552],[126.383057,33.385803],[126.388106,33.382833],[126.389541,33.38151],[126.391734,33.37892],[126.392463,33.375906],[126.393446,33.373992],[126.39478,33.372655],[126.39644,33.369431],[126.399738,33.368285],[126.40123,33.368366],[126.406009,33.369867],[126.411843,33.369727],[126.419413,33.37026],[126.423798,33.368223],[126.425848,33.36816],[126.42699,33.367461],[126.42915,33.366883],[126.430416,33.36464],[126.43254,33.362949],[126.432822,33.360278],[126.432324,33.359511],[126.431571,33.359098],[126.428657,33.358706],[126.42822,33.358062],[126.427607,33.358074],[126.426094,33.356692],[126.424096,33.357005],[126.422181,33.358062],[126.421517,33.359067],[126.421677,33.36051],[126.420881,33.361473],[126.419331,33.362263],[126.418264,33.363252],[126.416699,33.36381],[126.415368,33.364886],[126.411168,33.366453],[126.406833,33.365101],[126.404479,33.365251],[126.402828,33.365071],[126.402018,33.364604],[126.400988,33.363779],[126.40244,33.362733],[126.403584,33.362481],[126.4036,33.360873],[126.404077,33.360441],[126.402971,33.359918],[126.402842,33.358858],[126.401509,33.358966],[126.400746,33.358414],[126.397196,33.35851],[126.394089,33.354725],[126.392174,33.354415],[126.388499,33.357735],[126.387947,33.358805],[126.389128,33.359335],[126.388057,33.36201],[126.387051,33.363453],[126.387294,33.364022],[126.38657,33.364459],[126.385241,33.364942],[126.383596,33.364471],[126.381772,33.36465],[126.379121,33.365887],[126.37697,33.365737],[126.374932,33.366152],[126.374001,33.366012],[126.368925,33.367715],[126.367689,33.367647],[126.366955,33.368152],[126.364799,33.368378],[126.361235,33.370758],[126.359328,33.370914],[126.357158,33.372641],[126.352637,33.380797],[126.350236,33.381616],[126.348339,33.381508],[126.345466,33.382734],[126.345587,33.383022],[126.345268,33.383134],[126.345408,33.382844],[126.344431,33.383464],[126.341274,33.384439],[126.34106,33.38481],[126.341265,33.38824],[126.339831,33.388992],[126.338684,33.390987],[126.337343,33.392508],[126.336196,33.39294],[126.336596,33.395233],[126.33613,33.396865],[126.33544,33.397514],[126.335591,33.398602],[126.334905,33.399518],[126.331429,33.401788],[126.331452,33.402546],[126.330433,33.403679],[126.329617,33.408538],[126.328288,33.409541],[126.328533,33.410582],[126.328258,33.411052],[126.327594,33.411224],[126.328626,33.414904],[126.328251,33.415448],[126.32734,33.415575],[126.326137,33.416342],[126.326543,33.416953],[126.32638,33.417302],[126.327051,33.417401],[126.327039,33.418081],[126.32522,33.421371],[126.325695,33.422746],[126.327567,33.422018]]]},"properties":{"AREA":24236361.187967017,"PERIMETER":32883.12795068638,"법정리코드":"5011025336","법정리명":"어음리","법정동코드":"50110253","법정시코드":"50110","법정리이름":"제주시어음리","SEA":2}},{"type":"Feature","geometry":{"type":"Polygon","coordinates":[[[126.306349,33.452177],[126.306305,33.453985],[126.307463,33.454508],[126.308613,33.455775],[126.308863,33.458071],[126.311024,33.459464],[126.31021,33.457414],[126.311001,33.457324],[126.311496,33.456624],[126.312962,33.456621],[126.316208,33.455666],[126.317248,33.45446],[126.317384,33.453023],[126.318007,33.45268],[126.31854,33.451715],[126.319192,33.451542],[126.320213,33.450495],[126.321869,33.450151],[126.321942,33.449499],[126.323554,33.447503],[126.324067,33.447304],[126.324394,33.447868],[126.325967,33.447312],[126.325733,33.446148],[126.327233,33.442808],[126.325913,33.44238],[126.325645,33.441663],[126.324536,33.44153],[126.322498,33.43965],[126.320685,33.438989],[126.320613,33.438353],[126.321102,33.437728],[126.324013,33.434902],[126.322727,33.43322],[126.321518,33.432476],[126.321365,33.432063],[126.319787,33.431212],[126.319319,33.431321],[126.318965,33.429289],[126.321556,33.426351],[126.323344,33.425424],[126.325015,33.424039],[126.325293,33.42341],[126.323627,33.424113],[126.321797,33.425731],[126.319271,33.427005],[126.319068,33.427439],[126.317367,33.428512],[126.315885,33.429084],[126.314875,33.430706],[126.313171,33.431385],[126.311337,33.434349],[126.308986,33.436649],[126.308775,33.438409],[126.306796,33.440615],[126.307087,33.44165],[126.306448,33.442025],[126.303522,33.442268],[126.303144,33.442574],[126.304497,33.444222],[126.304586,33.446289],[126.30191,33.448781],[126.305588,33.451398],[126.306349,33.452177]]]},"properties":{"AREA":4171076.1890611164,"PERIMETER":12201.691859204257,"법정리코드":"5011025337","법정리명":"곽지리","법정동코드":"50110253","법정시코드":"50110","법정리이름":"제주시곽지리","SEA":2}},{"type":"Feature","geometry":{"type":"Polygon","coordinates":[[[126.301056,33.448897],[126.302029,33.448713],[126.304586,33.446289],[126.304497,33.444222],[126.303144,33.442574],[126.303522,33.442268],[126.306448,33.442025],[126.307087,33.44165],[126.306796,33.440615],[126.308775,33.438409],[126.308986,33.436649],[126.311337,33.434349],[126.313206,33.431437],[126.312929,33.431103],[126.311475,33.431214],[126.309004,33.430474],[126.308632,33.430757],[126.307263,33.429805],[126.306926,33.429957],[126.306506,33.429418],[126.306404,33.429079],[126.307138,33.428079],[126.306554,33.427586],[126.308185,33.425626],[126.30676,33.424969],[126.307275,33.424027],[126.307447,33.422779],[126.307438,33.421132],[126.307191,33.420887],[126.304731,33.420544],[126.30344,33.420975],[126.302868,33.423416],[126.303502,33.427735],[126.30242,33.428325],[126.301506,33.429367],[126.301206,33.430945],[126.299948,33.432884],[126.300335,33.435712],[126.30116,33.436587],[126.300391,33.438511],[126.298962,33.439356],[126.298807,33.439917],[126.298961,33.441864],[126.299827,33.445115],[126.298925,33.446285],[126.297775,33.446502],[126.298401,33.446584],[126.297931,33.447078],[126.298505,33.446646],[126.299321,33.446782],[126.298981,33.446918],[126.299853,33.447267],[126.301056,33.448897]]]},"properties":{"AREA":1864014.4834437482,"PERIMETER":9093.717194615136,"법정리코드":"5011025338","법정리명":"금성리","법정동코드":"50110253","법정시코드":"50110","법정리이름":"제주시금성리","SEA":2}},{"type":"Feature","geometry":{"type":"Polygon","coordinates":[[[126.313171,33.431385],[126.314875,33.430706],[126.315885,33.429084],[126.317367,33.428512],[126.319068,33.427439],[126.319271,33.427005],[126.321797,33.425731],[126.323627,33.424113],[126.325293,33.42341],[126.325709,33.422765],[126.325246,33.421248],[126.327039,33.418081],[126.327051,33.417401],[126.32638,33.417302],[126.326543,33.416953],[126.326137,33.416342],[126.32734,33.415575],[126.328251,33.415448],[126.328626,33.414904],[126.327594,33.411224],[126.328258,33.411052],[126.328533,33.410582],[126.328288,33.409541],[126.329617,33.408538],[126.330433,33.403679],[126.331452,33.402546],[126.331429,33.401788],[126.334905,33.399518],[126.335591,33.398602],[126.33544,33.397514],[126.33613,33.396865],[126.336596,33.395233],[126.336196,33.39294],[126.337343,33.392508],[126.338684,33.390987],[126.339831,33.388992],[126.341265,33.38824],[126.34106,33.38481],[126.341274,33.384439],[126.344431,33.383464],[126.345408,33.382844],[126.345268,33.383134],[126.345587,33.383022],[126.345466,33.382734],[126.348339,33.381508],[126.350236,33.381616],[126.352637,33.380797],[126.357158,33.372641],[126.359328,33.370914],[126.361235,33.370758],[126.364799,33.368378],[126.366955,33.368152],[126.367689,33.367647],[126.368925,33.367715],[126.374001,33.366012],[126.374932,33.366152],[126.37697,33.365737],[126.379121,33.365887],[126.381772,33.36465],[126.383596,33.364471],[126.385241,33.364942],[126.38657,33.364459],[126.387294,33.364022],[126.387051,33.363453],[126.388057,33.36201],[126.389128,33.359335],[126.387947,33.358805],[126.388499,33.357735],[126.392174,33.354415],[126.394089,33.354725],[126.397196,33.35851],[126.400746,33.358414],[126.401509,33.358966],[126.402842,33.358858],[126.402971,33.359918],[126.404077,33.360441],[126.4036,33.360873],[126.403584,33.362481],[126.40244,33.362733],[126.400988,33.363779],[126.402828,33.365071],[126.405459,33.365323],[126.406833,33.365101],[126.411168,33.366453],[126.411559,33.366127],[126.412303,33.366235],[126.413023,33.365656],[126.416102,33.364508],[126.416699,33.36381],[126.418264,33.363252],[126.419331,33.362263],[126.420881,33.361473],[126.421677,33.36051],[126.421517,33.359067],[126.422782,33.357615],[126.424096,33.357005],[126.426094,33.356692],[126.427607,33.358074],[126.42822,33.358062],[126.428657,33.358706],[126.431571,33.359098],[126.432324,33.359511],[126.432822,33.360278],[126.436114,33.362303],[126.439336,33.366251],[126.440891,33.366857],[126.44211,33.368618],[126.444853,33.369462],[126.445715,33.368709],[126.446121,33.367506],[126.447283,33.366825],[126.449229,33.364534],[126.448545,33.361656],[126.449212,33.35908],[126.448059,33.359252],[126.445582,33.358887],[126.444147,33.358058],[126.442502,33.35753],[126.441912,33.357651],[126.439824,33.356598],[126.439274,33.356722],[126.437239,33.35507],[126.436956,33.353872],[126.436997,33.353247],[126.437439,33.353031],[126.437648,33.351595],[126.437266,33.351378],[126.437802,33.350458],[126.437604,33.348702],[126.437055,33.347328],[126.43642,33.346646],[126.433609,33.344975],[126.432748,33.344931],[126.431824,33.342273],[126.43259,33.341121],[126.429378,33.341241],[126.428749,33.341566],[126.426424,33.341039],[126.425469,33.341522],[126.4235,33.34181],[126.420312,33.341373],[126.417604,33.342733],[126.409103,33.342125],[126.407144,33.34357],[126.40389,33.343031],[126.402063,33.344524],[126.400687,33.344716],[126.39645,33.34471],[126.39523,33.344202],[126.391644,33.343558],[126.390073,33.344489],[126.388013,33.34494],[126.387685,33.345305],[126.386908,33.34481],[126.385042,33.345683],[126.383517,33.345787],[126.381255,33.346481],[126.37531,33.346819],[126.371251,33.347355],[126.368443,33.348111],[126.354737,33.353927],[126.349021,33.358006],[126.344491,33.359532],[126.344073,33.360078],[126.341717,33.361264],[126.340519,33.362358],[126.339909,33.36343],[126.338333,33.363937],[126.333724,33.366748],[126.332261,33.368668],[126.332146,33.369481],[126.331588,33.36998],[126.32968,33.37067],[126.328405,33.372937],[126.325963,33.375279],[126.32414,33.377713],[126.322991,33.378608],[126.323779,33.379771],[126.323542,33.381693],[126.323779,33.382357],[126.322874,33.382902],[126.32277,33.383386],[126.323063,33.384409],[126.322847,33.385452],[126.323353,33.386109],[126.323303,33.387361],[126.321771,33.389064],[126.316967,33.390355],[126.315817,33.392642],[126.314687,33.39283],[126.314256,33.394234],[126.313669,33.394975],[126.312493,33.395641],[126.310895,33.395792],[126.309841,33.396574],[126.310132,33.39802],[126.309778,33.399371],[126.309872,33.400472],[126.308564,33.407168],[126.308096,33.408237],[126.307642,33.408311],[126.30694,33.407713],[126.306419,33.408022],[126.30615,33.41085],[126.303553,33.413237],[126.302008,33.417608],[126.302462,33.418503],[126.302585,33.41997],[126.303476,33.420958],[126.304731,33.420544],[126.307404,33.421],[126.307275,33.424027],[126.30676,33.424969],[126.308185,33.425626],[126.306517,33.427679],[126.307138,33.428079],[126.306404,33.429079],[126.306926,33.429957],[126.307263,33.429805],[126.308632,33.430757],[126.309004,33.430474],[126.311475,33.431214],[126.312808,33.431076],[126.313171,33.431385]]]},"properties":{"AREA":32582849.806072574,"PERIMETER":45992.380488304116,"법정리코드":"5011025339","법정리명":"봉성리","법정동코드":"50110253","법정시코드":"50110","법정리이름":"제주시봉성리","SEA":2}},{"type":"Feature","geometry":{"type":"Polygon","coordinates":[[[126.420681,33.490713],[126.421566,33.489853],[126.421376,33.488103],[126.420097,33.486648],[126.420793,33.484698],[126.421526,33.484051],[126.420164,33.483159],[126.4197,33.480763],[126.419104,33.479876],[126.419544,33.478956],[126.419354,33.478512],[126.420039,33.478149],[126.42103,33.475667],[126.421789,33.474988],[126.421921,33.474241],[126.422889,33.474136],[126.423546,33.47463],[126.424301,33.474694],[126.424808,33.473447],[126.424607,33.472521],[126.421672,33.469339],[126.421527,33.468193],[126.420646,33.466441],[126.417072,33.462018],[126.416035,33.46404],[126.41663,33.464647],[126.416596,33.464987],[126.415525,33.467045],[126.41481,33.467634],[126.414929,33.46885],[126.415386,33.469219],[126.415568,33.470495],[126.4161,33.471141],[126.415925,33.47199],[126.416177,33.472841],[126.415815,33.474928],[126.415225,33.475923],[126.415317,33.476572],[126.414599,33.47745],[126.414461,33.478638],[126.413779,33.478876],[126.412293,33.478553],[126.410624,33.479141],[126.410527,33.478858],[126.409076,33.478391],[126.408903,33.478613],[126.40939,33.478804],[126.408841,33.479782],[126.406526,33.480977],[126.405075,33.484868],[126.407326,33.485025],[126.407698,33.485172],[126.407664,33.485501],[126.408744,33.485972],[126.408482,33.486324],[126.408092,33.486007],[126.407779,33.486395],[126.408472,33.486624],[126.408791,33.487089],[126.408238,33.48816],[126.409314,33.489264],[126.410613,33.48976],[126.41092,33.49016],[126.410981,33.489844],[126.412316,33.490097],[126.412887,33.489837],[126.414065,33.49037],[126.41608,33.489798],[126.416558,33.490048],[126.416996,33.489455],[126.418219,33.489048],[126.419089,33.489489],[126.419393,33.490333],[126.420681,33.490713]]]},"properties":{"AREA":2441938.655095702,"PERIMETER":10443.322883507077,"법정리코드":"5011025340","법정리명":"하귀1리","법정동코드":"50110253","법정시코드":"50110","법정리이름":"제주시하귀1리","SEA":2}},{"type":"Feature","geometry":{"type":"Polygon","coordinates":[[[126.400919,33.483325],[126.401869,33.48517],[126.402355,33.484938],[126.402705,33.485637],[126.403562,33.485883],[126.403797,33.485473],[126.403782,33.485733],[126.404318,33.485646],[126.404284,33.485242],[126.405049,33.484166],[126.405242,33.484323],[126.405755,33.483243],[126.406526,33.480977],[126.408532,33.480073],[126.40939,33.478804],[126.408903,33.478613],[126.409375,33.478426],[126.407594,33.478178],[126.408028,33.477517],[126.406689,33.476644],[126.407458,33.475366],[126.406633,33.475595],[126.406509,33.475144],[126.405327,33.474476],[126.405446,33.473822],[126.405088,33.473424],[126.405276,33.473032],[126.401767,33.472259],[126.40213,33.471643],[126.402156,33.47059],[126.401956,33.470069],[126.401444,33.469921],[126.401378,33.469251],[126.398139,33.469243],[126.396557,33.46881],[126.395691,33.470496],[126.395328,33.472265],[126.39631,33.473423],[126.394572,33.474318],[126.393303,33.474431],[126.392314,33.475171],[126.388943,33.475926],[126.38792,33.477268],[126.387842,33.477812],[126.388546,33.478245],[126.39193,33.478806],[126.392471,33.480118],[126.392127,33.480575],[126.390768,33.480773],[126.389153,33.480325],[126.389039,33.480794],[126.388742,33.480763],[126.388159,33.482282],[126.387466,33.485957],[126.385991,33.489003],[126.389195,33.489509],[126.390644,33.489347],[126.391115,33.48894],[126.391191,33.48801],[126.391691,33.487159],[126.392759,33.486801],[126.392936,33.486401],[126.392354,33.486568],[126.392435,33.485694],[126.394542,33.484106],[126.397453,33.483919],[126.399132,33.483075],[126.400275,33.483109],[126.400919,33.483325]]]},"properties":{"AREA":2431461.911956577,"PERIMETER":9787.337232433767,"법정리코드":"5011025341","법정리명":"하귀2리","법정동코드":"50110253","법정시코드":"50110","법정리이름":"제주시하귀2리","SEA":2}},{"type":"Feature","geometry":{"type":"Polygon","coordinates":[[[126.405071,33.449464],[126.405363,33.449682],[126.405898,33.44931],[126.406663,33.449502],[126.408935,33.448787],[126.409019,33.448184],[126.409595,33.448008],[126.40955,33.447469],[126.410221,33.447387],[126.410654,33.446685],[126.411867,33.446125],[126.411226,33.444309],[126.41156,33.443056],[126.410884,33.441982],[126.411971,33.44131],[126.411946,33.440791],[126.413032,33.439311],[126.412326,33.437696],[126.4118,33.437322],[126.411744,33.435853],[126.412522,33.434337],[126.411467,33.432952],[126.411451,33.43224],[126.411824,33.431911],[126.411598,33.430999],[126.41193,33.430603],[126.411938,33.429609],[126.413421,33.428905],[126.415934,33.425441],[126.419553,33.423622],[126.420047,33.422617],[126.421582,33.421928],[126.422165,33.419343],[126.423603,33.418177],[126.424668,33.41657],[126.42513,33.416539],[126.425914,33.414622],[126.426644,33.413966],[126.427352,33.412563],[126.427593,33.412033],[126.427056,33.410252],[126.427282,33.409856],[126.428774,33.409471],[126.428754,33.407729],[126.430077,33.406376],[126.430628,33.406643],[126.430996,33.40604],[126.431727,33.404317],[126.43101,33.403407],[126.430396,33.401169],[126.431732,33.398366],[126.432502,33.397815],[126.431988,33.395976],[126.432127,33.395514],[126.433788,33.39331],[126.434026,33.390575],[126.433778,33.384284],[126.436927,33.38109],[126.439038,33.380072],[126.440447,33.376603],[126.441209,33.375518],[126.441497,33.373269],[126.442194,33.372015],[126.44208,33.371735],[126.442735,33.370626],[126.443805,33.369856],[126.443791,33.369086],[126.442905,33.369067],[126.44211,33.368618],[126.440891,33.366857],[126.439336,33.366251],[126.438391,33.367493],[126.437639,33.367908],[126.43647,33.370031],[126.435536,33.370959],[126.431575,33.372011],[126.427122,33.373904],[126.423796,33.377227],[126.423362,33.378078],[126.419879,33.381363],[126.419345,33.382487],[126.415544,33.386391],[126.414162,33.387165],[126.409098,33.388767],[126.407567,33.390302],[126.406491,33.390728],[126.406755,33.391655],[126.401632,33.39672],[126.399175,33.399877],[126.399109,33.402863],[126.399481,33.40326],[126.397716,33.404947],[126.396732,33.407323],[126.396914,33.407895],[126.396061,33.409426],[126.395416,33.409108],[126.394954,33.409321],[126.395496,33.410072],[126.395216,33.411084],[126.395409,33.411842],[126.396642,33.413863],[126.396412,33.414729],[126.393981,33.415779],[126.392774,33.416839],[126.390319,33.41814],[126.390822,33.420563],[126.390617,33.421332],[126.391144,33.422136],[126.390933,33.423484],[126.391553,33.426457],[126.391394,33.426897],[126.392223,33.428199],[126.391095,33.428303],[126.390684,33.429656],[126.390987,33.430017],[126.390631,33.430623],[126.390229,33.43049],[126.390238,33.432147],[126.388957,33.433138],[126.388543,33.434597],[126.38755,33.435439],[126.387789,33.436008],[126.389578,33.436884],[126.392712,33.437604],[126.392838,33.437262],[126.393921,33.436908],[126.394591,33.435128],[126.396536,33.435984],[126.39689,33.437113],[126.396741,33.437575],[126.397186,33.438283],[126.396777,33.438863],[126.394077,33.43999],[126.393652,33.441367],[126.392655,33.442016],[126.392103,33.442829],[126.39097,33.444942],[126.391583,33.446283],[126.39087,33.447702],[126.391912,33.447963],[126.393088,33.447321],[126.393189,33.44683],[126.395062,33.446929],[126.396888,33.448021],[126.397983,33.447767],[126.398854,33.44803],[126.399116,33.448503],[126.40079,33.448739],[126.40125,33.450106],[126.400622,33.451364],[126.400866,33.451941],[126.400448,33.45285],[126.401124,33.453711],[126.403049,33.452384],[126.403276,33.451523],[126.404076,33.450478],[126.404088,33.449809],[126.405071,33.449464]]]},"properties":{"AREA":19735181.855936673,"PERIMETER":27630.897599706834,"법정리코드":"5011025342","법정리명":"유수암리","법정동코드":"50110253","법정시코드":"50110","법정리이름":"제주시유수암리","SEA":2}},{"type":"Feature","geometry":{"type":"Polygon","coordinates":[[[126.72359,33.557509],[126.725,33.55684],[126.725261,33.556366],[126.725112,33.555589],[126.725815,33.554903],[126.72569,33.55391],[126.726363,33.553539],[126.726563,33.552767],[126.727173,33.552589],[126.726363,33.55177],[126.726814,33.55144],[126.726804,33.550534],[126.727196,33.550464],[126.727687,33.549571],[126.726764,33.549355],[126.726977,33.548858],[126.726064,33.54738],[126.726098,33.546183],[126.725495,33.545639],[126.727798,33.542547],[126.727619,33.542063],[126.727958,33.541597],[126.725694,33.541515],[126.725561,33.541067],[126.725155,33.541008],[126.724914,33.538906],[126.729723,33.521736],[126.733484,33.510561],[126.735532,33.506012],[126.732616,33.507524],[126.725707,33.512344],[126.723262,33.515556],[126.721688,33.517015],[126.720611,33.518735],[126.713729,33.525418],[126.713331,33.526561],[126.713601,33.528039],[126.713093,33.528716],[126.710628,33.531066],[126.709384,33.531765],[126.707651,33.533574],[126.707906,33.533613],[126.707703,33.533861],[126.706274,33.535049],[126.706651,33.537225],[126.705769,33.538937],[126.705477,33.540237],[126.706054,33.540653],[126.705737,33.542479],[126.706688,33.543188],[126.70602,33.544407],[126.705909,33.546877],[126.705211,33.547853],[126.70461,33.548064],[126.705605,33.549018],[126.705062,33.549778],[126.705362,33.549878],[126.705294,33.551184],[126.705754,33.552018],[126.705721,33.553152],[126.707632,33.554001],[126.708239,33.553679],[126.709979,33.553748],[126.710665,33.55384],[126.711296,33.554414],[126.711866,33.55409],[126.713927,33.555299],[126.714274,33.554917],[126.713616,33.554681],[126.714466,33.553543],[126.715658,33.553876],[126.716,33.553379],[126.716316,33.553425],[126.717603,33.554827],[126.71889,33.555308],[126.718633,33.556039],[126.719561,33.557194],[126.719507,33.557521],[126.72359,33.557509]]]},"properties":{"AREA":7550062.241268637,"PERIMETER":16085.181763744962,"법정리코드":"5011025621","법정리명":"동복리","법정동코드":"50110256","법정시코드":"50110","법정리이름":"제주시동복리","SEA":2}},{"type":"Feature","geometry":{"type":"Polygon","coordinates":[[[126.742721,33.517887],[126.745476,33.517446],[126.746986,33.516454],[126.74731,33.515475],[126.747862,33.515234],[126.74843,33.51389],[126.747652,33.513519],[126.747597,33.512994],[126.748343,33.512384],[126.748553,33.511606],[126.752303,33.512116],[126.753414,33.512734],[126.756251,33.513258],[126.757667,33.514371],[126.759475,33.51676],[126.759707,33.516055],[126.761045,33.515293],[126.76245,33.513385],[126.764123,33.513245],[126.764896,33.512668],[126.766126,33.512763],[126.7667,33.511695],[126.767557,33.513155],[126.768537,33.513645],[126.770955,33.511615],[126.769593,33.511224],[126.769754,33.509968],[126.770233,33.509063],[126.770984,33.50856],[126.773094,33.508639],[126.779479,33.507371],[126.78069,33.507549],[126.781138,33.507115],[126.782566,33.507043],[126.784932,33.506024],[126.786886,33.50577],[126.787079,33.502871],[126.786115,33.500851],[126.786508,33.499547],[126.782207,33.499062],[126.78089,33.499375],[126.780211,33.498739],[126.778061,33.499676],[126.776021,33.499523],[126.775225,33.499029],[126.775024,33.49753],[126.774303,33.497328],[126.774239,33.496744],[126.772517,33.496102],[126.77241,33.493977],[126.771121,33.493124],[126.769555,33.494156],[126.766714,33.494994],[126.765629,33.495805],[126.763644,33.496198],[126.763448,33.494637],[126.763016,33.493797],[126.766802,33.487284],[126.768327,33.485572],[126.768831,33.484061],[126.765854,33.484722],[126.762673,33.484266],[126.761372,33.48455],[126.760391,33.484333],[126.758532,33.478156],[126.756679,33.47577],[126.756015,33.475355],[126.755078,33.475636],[126.754373,33.474477],[126.754634,33.474208],[126.750382,33.470556],[126.749166,33.468479],[126.75206,33.467057],[126.750375,33.46616],[126.74998,33.4646],[126.74801,33.463163],[126.744629,33.461465],[126.742658,33.461213],[126.740929,33.460356],[126.740436,33.459702],[126.738198,33.458904],[126.73578,33.456738],[126.735182,33.455561],[126.734361,33.452394],[126.735258,33.450151],[126.733726,33.446964],[126.733914,33.444088],[126.730422,33.439883],[126.730293,33.439242],[126.729636,33.438652],[126.729843,33.437893],[126.72931,33.437502],[126.728254,33.437614],[126.726361,33.438891],[126.723418,33.438565],[126.722266,33.439679],[126.720386,33.449658],[126.720263,33.452001],[126.721185,33.452147],[126.722023,33.452834],[126.722752,33.455446],[126.726681,33.45714],[126.725929,33.460056],[126.72651,33.46067],[126.72548,33.462094],[126.724837,33.462186],[126.72409,33.466091],[126.725876,33.471295],[126.725332,33.472611],[126.725711,33.473696],[126.725682,33.475206],[126.726194,33.476237],[126.728771,33.478493],[126.728362,33.479829],[126.729541,33.480819],[126.729875,33.482145],[126.730401,33.482315],[126.730462,33.483114],[126.731799,33.482699],[126.73224,33.483094],[126.731385,33.484732],[126.73056,33.485266],[126.730039,33.486645],[126.730414,33.488714],[126.731343,33.489652],[126.731517,33.490794],[126.732845,33.491546],[126.732974,33.491981],[126.732645,33.493608],[126.733099,33.494065],[126.733004,33.496078],[126.733482,33.49725],[126.733493,33.499663],[126.734189,33.50153],[126.733885,33.502408],[126.734493,33.506561],[126.735532,33.506012],[126.735883,33.506184],[126.737142,33.508462],[126.737171,33.509748],[126.737843,33.511396],[126.740761,33.513083],[126.742256,33.514322],[126.742448,33.515506],[126.742142,33.516048],[126.742721,33.517887]]]},"properties":{"AREA":21430235.49621137,"PERIMETER":30159.36793581996,"법정리코드":"5011025624","법정리명":"덕천리","법정동코드":"50110256","법정시코드":"50110","법정리이름":"제주시덕천리","SEA":2}},{"type":"Feature","geometry":{"type":"Polygon","coordinates":[[[126.777115,33.499783],[126.780211,33.498739],[126.78089,33.499375],[126.782207,33.499062],[126.786701,33.499536],[126.787401,33.498214],[126.787048,33.496615],[126.787165,33.49497],[126.786577,33.49384],[126.787009,33.492894],[126.786864,33.492351],[126.788118,33.491971],[126.788752,33.492148],[126.791028,33.490806],[126.796814,33.489894],[126.798902,33.490705],[126.799996,33.491553],[126.801995,33.4922],[126.800887,33.489617],[126.798794,33.487429],[126.797809,33.486835],[126.795729,33.483975],[126.795112,33.482347],[126.795231,33.481829],[126.798939,33.4821],[126.801878,33.481603],[126.803932,33.478431],[126.805044,33.478319],[126.803516,33.476283],[126.803676,33.475937],[126.802659,33.473495],[126.800972,33.471771],[126.801346,33.470374],[126.80082,33.469362],[126.801032,33.465274],[126.800394,33.464349],[126.801815,33.463177],[126.806973,33.461532],[126.81058,33.459223],[126.812367,33.459102],[126.815994,33.460172],[126.817788,33.460295],[126.817694,33.460017],[126.815696,33.457729],[126.813731,33.456613],[126.811972,33.455118],[126.810084,33.45432],[126.808754,33.454368],[126.808404,33.453343],[126.806405,33.451794],[126.805377,33.452085],[126.804047,33.451853],[126.803362,33.452265],[126.801964,33.451658],[126.800666,33.450384],[126.801217,33.449936],[126.801054,33.449549],[126.799309,33.448219],[126.798927,33.447179],[126.796664,33.445767],[126.796256,33.443751],[126.795374,33.441695],[126.794611,33.441096],[126.792863,33.441381],[126.788563,33.441355],[126.787842,33.440859],[126.786681,33.4389],[126.78346,33.434902],[126.782472,33.43445],[126.778478,33.433992],[126.777953,33.433059],[126.775296,33.430269],[126.773076,33.428916],[126.770031,33.426259],[126.764316,33.423096],[126.762587,33.422558],[126.762738,33.422213],[126.762181,33.421882],[126.756742,33.420249],[126.753917,33.420129],[126.75058,33.419423],[126.741405,33.420269],[126.738743,33.421145],[126.733426,33.424331],[126.730994,33.427884],[126.730308,33.429475],[126.725674,33.434577],[126.724786,33.437244],[126.723418,33.438565],[126.726361,33.438891],[126.728254,33.437614],[126.72931,33.437502],[126.729843,33.437893],[126.729636,33.438652],[126.730293,33.439242],[126.730422,33.439883],[126.733914,33.444088],[126.733726,33.446964],[126.735258,33.450151],[126.734361,33.452394],[126.735182,33.455561],[126.73578,33.456738],[126.738198,33.458904],[126.740436,33.459702],[126.740929,33.460356],[126.742658,33.461213],[126.744629,33.461465],[126.74801,33.463163],[126.74998,33.4646],[126.750375,33.46616],[126.75206,33.467057],[126.749166,33.468479],[126.750382,33.470556],[126.754634,33.474208],[126.754373,33.474477],[126.755078,33.475636],[126.756015,33.475355],[126.756679,33.47577],[126.758532,33.478156],[126.760391,33.484333],[126.761372,33.48455],[126.762673,33.484266],[126.765854,33.484722],[126.768831,33.484061],[126.768327,33.485572],[126.766802,33.487284],[126.763016,33.493797],[126.763448,33.494637],[126.763644,33.496198],[126.765629,33.495805],[126.766714,33.494994],[126.769555,33.494156],[126.771121,33.493124],[126.77241,33.493977],[126.772517,33.496102],[126.774068,33.496617],[126.774456,33.496988],[126.774303,33.497328],[126.775024,33.49753],[126.775225,33.499029],[126.777115,33.499783]]]},"properties":{"AREA":39179880.14654412,"PERIMETER":33614.53136697261,"법정리코드":"5011025625","법정리명":"송당리","법정동코드":"50110256","법정시코드":"50110","법정리이름":"제주시송당리","SEA":2}},{"type":"Feature","geometry":{"type":"MultiPolygon","coordinates":[[[[126.776513,33.563939],[126.776319,33.563858],[126.77546,33.564057],[126.776513,33.563939]]],[[[126.783615,33.564611],[126.783149,33.562872],[126.784692,33.56158],[126.786467,33.561657],[126.788738,33.560678],[126.789579,33.560862],[126.7902,33.560343],[126.790962,33.560415],[126.790785,33.560153],[126.791283,33.559649],[126.793659,33.559403],[126.795216,33.557937],[126.7947,33.557257],[126.795133,33.556419],[126.79781,33.555094],[126.799166,33.555327],[126.799433,33.555088],[126.800449,33.552329],[126.799713,33.551387],[126.799003,33.551176],[126.798423,33.550453],[126.798411,33.549867],[126.793267,33.547572],[126.793256,33.546947],[126.792747,33.546283],[126.792102,33.546206],[126.789663,33.544739],[126.789207,33.543539],[126.786637,33.540153],[126.786364,33.539026],[126.786011,33.538783],[126.785754,33.536341],[126.783155,33.534559],[126.78236,33.532589],[126.781099,33.531404],[126.780461,33.529868],[126.778148,33.52793],[126.776091,33.527436],[126.774473,33.52636],[126.771493,33.526491],[126.768665,33.524023],[126.76607,33.523667],[126.7652,33.523183],[126.763223,33.519281],[126.761726,33.518291],[126.759892,33.517876],[126.7594,33.516441],[126.757667,33.514371],[126.756251,33.513258],[126.753414,33.512734],[126.752763,33.513721],[126.754527,33.516459],[126.756896,33.518866],[126.757868,33.521504],[126.759344,33.521961],[126.760312,33.522977],[126.763521,33.524022],[126.764415,33.525235],[126.765418,33.525965],[126.766171,33.526121],[126.766664,33.52671],[126.767583,33.527174],[126.769336,33.527374],[126.770135,33.528731],[126.770848,33.528896],[126.771354,33.529604],[126.77158,33.530061],[126.771379,33.531834],[126.772238,33.533886],[126.772181,33.535312],[126.773991,33.538254],[126.77372,33.54095],[126.774895,33.542165],[126.775089,33.5432],[126.776017,33.544136],[126.776165,33.54534],[126.77675,33.545823],[126.776773,33.546383],[126.775012,33.547762],[126.774794,33.55201],[126.774279,33.552474],[126.773369,33.554602],[126.772718,33.554995],[126.772976,33.555993],[126.773353,33.55603],[126.773558,33.556461],[126.773234,33.557174],[126.772517,33.557336],[126.77326,33.558211],[126.772997,33.559549],[126.774699,33.561449],[126.774957,33.562941],[126.775486,33.563583],[126.776044,33.563551],[126.774681,33.561118],[126.77599,33.561311],[126.7761,33.56183],[126.777218,33.562375],[126.777577,33.563281],[126.778268,33.563473],[126.776598,33.563927],[126.78099,33.563716],[126.782027,33.564061],[126.782082,33.564439],[126.78314,33.564701],[126.783615,33.564611]]]]},"properties":{"AREA":6654113.736556008,"PERIMETER":18892.88252879774,"법정리코드":"5011025626","법정리명":"월정리","법정동코드":"50110256","법정시코드":"50110","법정리이름":"제주시월정리","SEA":2}},{"type":"Feature","geometry":{"type":"Polygon","coordinates":[[[126.814652,33.561347],[126.815498,33.560675],[126.816236,33.560947],[126.81649,33.560576],[126.818311,33.560216],[126.819657,33.560512],[126.820552,33.559772],[126.821746,33.559717],[126.82164,33.559517],[126.823341,33.559108],[126.824827,33.558137],[126.825112,33.558781],[126.826844,33.558685],[126.825494,33.557243],[126.825946,33.556306],[126.825223,33.554658],[126.8275,33.552636],[126.827494,33.551339],[126.827022,33.551148],[126.826211,33.55152],[126.825116,33.551263],[126.824592,33.550807],[126.825115,33.54961],[126.821535,33.548689],[126.820953,33.546784],[126.821026,33.545453],[126.82168,33.545118],[126.821227,33.544572],[126.821275,33.542961],[126.821866,33.542287],[126.821408,33.541559],[126.82168,33.541188],[126.821334,33.540487],[126.820233,33.540591],[126.818439,33.541422],[126.81744,33.541358],[126.816817,33.542207],[126.814835,33.543011],[126.813787,33.542638],[126.812148,33.543038],[126.810166,33.542548],[126.810334,33.541416],[126.810062,33.54052],[126.809415,33.539786],[126.809553,33.539252],[126.808955,33.537522],[126.805927,33.537349],[126.805199,33.537016],[126.804178,33.535807],[126.802438,33.535477],[126.802485,33.535106],[126.800368,33.531651],[126.800699,33.530438],[126.800241,33.52872],[126.798994,33.527137],[126.798717,33.52629],[126.799433,33.524272],[126.799501,33.522425],[126.798797,33.520966],[126.798969,33.51977],[126.797724,33.519419],[126.795092,33.517954],[126.794487,33.517048],[126.791634,33.514924],[126.789314,33.511066],[126.788259,33.510707],[126.786371,33.508582],[126.786805,33.505781],[126.784932,33.506024],[126.782566,33.507043],[126.781138,33.507115],[126.78069,33.507549],[126.779479,33.507371],[126.773094,33.508639],[126.770984,33.50856],[126.770233,33.509063],[126.769754,33.509968],[126.769593,33.511224],[126.770955,33.511615],[126.768537,33.513645],[126.767557,33.513155],[126.7667,33.511695],[126.766126,33.512763],[126.764896,33.512668],[126.764123,33.513245],[126.762615,33.51327],[126.761045,33.515293],[126.759707,33.516055],[126.759368,33.516622],[126.759785,33.517775],[126.761726,33.518291],[126.763223,33.519281],[126.7652,33.523183],[126.76607,33.523667],[126.768665,33.524023],[126.771493,33.526491],[126.774473,33.52636],[126.776091,33.527436],[126.778148,33.52793],[126.780461,33.529868],[126.781099,33.531404],[126.78236,33.532589],[126.783155,33.534559],[126.785754,33.536341],[126.786011,33.538783],[126.786364,33.539026],[126.786637,33.540153],[126.789207,33.543539],[126.789663,33.544739],[126.792102,33.546206],[126.792747,33.546283],[126.793256,33.546947],[126.793267,33.547572],[126.798411,33.549867],[126.798423,33.550453],[126.799003,33.551176],[126.799713,33.551387],[126.800449,33.552329],[126.799867,33.554286],[126.799166,33.555327],[126.800452,33.555656],[126.801568,33.55752],[126.80294,33.557802],[126.805141,33.556599],[126.806097,33.557012],[126.806416,33.556647],[126.807643,33.556491],[126.807749,33.556917],[126.807812,33.556459],[126.808558,33.556313],[126.808113,33.556279],[126.80815,33.555835],[126.80984,33.555618],[126.809685,33.556249],[126.808591,33.556206],[126.809535,33.556313],[126.809242,33.557028],[126.808627,33.557267],[126.807675,33.556949],[126.807376,33.557276],[126.806923,33.557174],[126.806775,33.557627],[126.808841,33.55761],[126.812711,33.55927],[126.814675,33.560377],[126.814401,33.560637],[126.814091,33.56049],[126.814579,33.561296],[126.814033,33.56153],[126.814652,33.561347]]]},"properties":{"AREA":13631023.904915132,"PERIMETER":24760.338732072392,"법정리코드":"5011025627","법정리명":"행원리","법정동코드":"50110256","법정시코드":"50110","법정리이름":"제주시행원리","SEA":2}},{"type":"Feature","geometry":{"type":"Polygon","coordinates":[[[126.857507,33.529078],[126.856437,33.526651],[126.858224,33.52615],[126.857732,33.525513],[126.858168,33.525328],[126.85953,33.525508],[126.860841,33.524987],[126.860475,33.52484],[126.860963,33.524668],[126.862129,33.524918],[126.862616,33.52211],[126.86373,33.519522],[126.862091,33.517495],[126.864109,33.515961],[126.863241,33.514091],[126.862067,33.513621],[126.862781,33.512388],[126.861731,33.509992],[126.862276,33.508907],[126.862226,33.508201],[126.86088,33.50702],[126.860595,33.505596],[126.85923,33.504079],[126.859245,33.50333],[126.858497,33.502458],[126.858028,33.500765],[126.857207,33.500086],[126.855754,33.496946],[126.853917,33.495208],[126.852653,33.492955],[126.847428,33.488275],[126.846297,33.484995],[126.842292,33.481805],[126.838308,33.480381],[126.837365,33.478769],[126.83637,33.477847],[126.83608,33.477341],[126.836283,33.476812],[126.834856,33.473903],[126.834367,33.471728],[126.831225,33.466709],[126.831335,33.46626],[126.830638,33.464876],[126.829465,33.463215],[126.828762,33.462761],[126.828513,33.462081],[126.82705,33.461218],[126.823001,33.462024],[126.817716,33.460261],[126.815994,33.460172],[126.812367,33.459102],[126.81058,33.459223],[126.806973,33.461532],[126.801088,33.463591],[126.800394,33.464349],[126.801032,33.465274],[126.80082,33.469362],[126.801346,33.470374],[126.800972,33.471771],[126.802659,33.473495],[126.803676,33.475937],[126.803516,33.476283],[126.805044,33.478319],[126.80835,33.479252],[126.810127,33.480456],[126.810081,33.481628],[126.811021,33.482234],[126.810254,33.48313],[126.810059,33.484208],[126.812801,33.488111],[126.813424,33.488438],[126.813608,33.491207],[126.814106,33.493036],[126.81587,33.495228],[126.819389,33.498954],[126.821731,33.499527],[126.823629,33.500398],[126.824191,33.501057],[126.82636,33.502012],[126.82982,33.504887],[126.830629,33.505041],[126.832816,33.506441],[126.835644,33.509137],[126.836216,33.510571],[126.837239,33.510743],[126.839005,33.512894],[126.840755,33.51383],[126.841103,33.514874],[126.842393,33.515128],[126.844083,33.516555],[126.845662,33.51857],[126.847152,33.518477],[126.848401,33.51878],[126.849368,33.519962],[126.849981,33.520137],[126.852617,33.523186],[126.855577,33.527863],[126.856509,33.527438],[126.857365,33.528914],[126.857106,33.529178],[126.857525,33.529173],[126.858118,33.529702],[126.858561,33.529967],[126.857507,33.529078]]]},"properties":{"AREA":19253831.364545483,"PERIMETER":23037.817620810016,"법정리코드":"5011025628","법정리명":"세화리","법정동코드":"50110256","법정시코드":"50110","법정리이름":"제주시세화리","SEA":2}},{"type":"Feature","geometry":{"type":"Polygon","coordinates":[[[126.863376,33.52362],[126.863986,33.522035],[126.867449,33.518792],[126.871001,33.514264],[126.871434,33.512893],[126.869392,33.511864],[126.872909,33.509377],[126.877598,33.506702],[126.879215,33.505209],[126.879241,33.504258],[126.878278,33.503132],[126.879377,33.499494],[126.876695,33.498165],[126.876503,33.497512],[126.875617,33.496596],[126.872366,33.49572],[126.871689,33.495017],[126.869586,33.495008],[126.869194,33.494549],[126.868864,33.493712],[126.867864,33.492401],[126.867001,33.49187],[126.865828,33.489982],[126.866101,33.48837],[126.865517,33.48791],[126.865507,33.48703],[126.865108,33.486438],[126.866094,33.485025],[126.866169,33.484015],[126.866771,33.483443],[126.866667,33.483095],[126.866162,33.482346],[126.865028,33.48184],[126.863637,33.480442],[126.862476,33.480095],[126.862466,33.479722],[126.860288,33.477729],[126.860364,33.477418],[126.858951,33.476492],[126.85826,33.474704],[126.856897,33.472861],[126.855335,33.471882],[126.854197,33.47222],[126.8532,33.471965],[126.84932,33.46915],[126.848793,33.468406],[126.846768,33.467366],[126.841854,33.46711],[126.837287,33.465448],[126.836488,33.464548],[126.835091,33.464015],[126.829298,33.462993],[126.830638,33.464876],[126.831335,33.46626],[126.831225,33.466709],[126.834367,33.471728],[126.834856,33.473903],[126.836283,33.476812],[126.83608,33.477341],[126.83637,33.477847],[126.837365,33.478769],[126.838308,33.480381],[126.842292,33.481805],[126.846297,33.484995],[126.847428,33.488275],[126.852653,33.492955],[126.853917,33.495208],[126.855754,33.496946],[126.857207,33.500086],[126.858028,33.500765],[126.858497,33.502458],[126.859245,33.50333],[126.85923,33.504079],[126.860595,33.505596],[126.86088,33.50702],[126.862226,33.508201],[126.862276,33.508907],[126.861731,33.509992],[126.862781,33.512388],[126.862067,33.513621],[126.863241,33.514091],[126.864109,33.515961],[126.862091,33.517495],[126.86373,33.519522],[126.862616,33.52211],[126.862204,33.524676],[126.863376,33.52362]]]},"properties":{"AREA":9548550.074191712,"PERIMETER":19519.146074609893,"법정리코드":"5011025629","법정리명":"상도리","법정동코드":"50110256","법정시코드":"50110","법정리이름":"제주시상도리","SEA":2}},{"type":"Feature","geometry":{"type":"Polygon","coordinates":[[[126.828517,33.551879],[126.829059,33.550431],[126.827109,33.547753],[126.827998,33.546239],[126.828021,33.545504],[126.828434,33.54514],[126.828226,33.54509],[126.828403,33.544754],[126.827785,33.544667],[126.827745,33.543856],[126.828885,33.542835],[126.829687,33.543323],[126.830526,33.542958],[126.830924,33.5432],[126.830586,33.542907],[126.831136,33.542549],[126.831297,33.541994],[126.830894,33.540595],[126.83128,33.539918],[126.834076,33.540076],[126.834899,33.540787],[126.835567,33.540432],[126.836919,33.538156],[126.836608,33.536946],[126.836068,33.536881],[126.835835,33.535598],[126.834301,33.534179],[126.833542,33.533873],[126.832434,33.532308],[126.832318,33.529123],[126.833033,33.52802],[126.831467,33.524366],[126.831696,33.523478],[126.831245,33.521942],[126.831404,33.519704],[126.82998,33.519284],[126.829372,33.518593],[126.829012,33.516863],[126.828347,33.516218],[126.828276,33.515671],[126.82712,33.515432],[126.826466,33.51438],[126.825628,33.514091],[126.825533,33.513267],[126.822592,33.509947],[126.821422,33.509241],[126.818035,33.506169],[126.814941,33.502695],[126.814265,33.502464],[126.8135,33.501638],[126.81191,33.501078],[126.810311,33.499618],[126.809042,33.498926],[126.809003,33.498589],[126.807304,33.498254],[126.804786,33.496131],[126.803349,33.495904],[126.802119,33.494348],[126.802419,33.494018],[126.801995,33.4922],[126.799996,33.491553],[126.798902,33.490705],[126.796814,33.489894],[126.791028,33.490806],[126.788752,33.492148],[126.788118,33.491971],[126.786864,33.492351],[126.787009,33.492894],[126.786577,33.49384],[126.787165,33.49497],[126.787048,33.496615],[126.787401,33.498214],[126.78612,33.5006],[126.787079,33.502871],[126.786371,33.508582],[126.788259,33.510707],[126.789314,33.511066],[126.791634,33.514924],[126.792856,33.516054],[126.794487,33.517048],[126.795092,33.517954],[126.797724,33.519419],[126.798969,33.51977],[126.798797,33.520966],[126.799501,33.522425],[126.799433,33.524272],[126.798717,33.52629],[126.798994,33.527137],[126.800241,33.52872],[126.800699,33.530438],[126.800368,33.531651],[126.802485,33.535106],[126.802438,33.535477],[126.804178,33.535807],[126.805199,33.537016],[126.805927,33.537349],[126.808955,33.537522],[126.809553,33.539252],[126.809415,33.539786],[126.810062,33.54052],[126.810334,33.541416],[126.810166,33.542548],[126.812148,33.543038],[126.813787,33.542638],[126.814835,33.543011],[126.816817,33.542207],[126.81744,33.541358],[126.818439,33.541422],[126.820233,33.540591],[126.821334,33.540487],[126.82168,33.541188],[126.821408,33.541559],[126.821866,33.542287],[126.821275,33.542961],[126.821227,33.544572],[126.82168,33.545118],[126.821026,33.545453],[126.820953,33.546784],[126.821535,33.548689],[126.825115,33.54961],[126.824592,33.550807],[126.825828,33.551492],[126.827268,33.55113],[126.827631,33.551944],[126.82752,33.552575],[126.828517,33.551879]]]},"properties":{"AREA":15880418.208204892,"PERIMETER":21482.513798427397,"법정리코드":"5011025630","법정리명":"한동리","법정동코드":"50110256","법정시코드":"50110","법정리이름":"제주시한동리","SEA":2}},{"type":"Feature","geometry":{"type":"Polygon","coordinates":[[[126.874325,33.529523],[126.877344,33.529221],[126.87822,33.528796],[126.879601,33.529319],[126.881359,33.529009],[126.881746,33.529244],[126.881514,33.528791],[126.883054,33.527281],[126.882347,33.527197],[126.884038,33.526694],[126.888312,33.527492],[126.890804,33.526916],[126.891469,33.527873],[126.891755,33.527584],[126.890931,33.526878],[126.891933,33.526881],[126.892186,33.526488],[126.892983,33.526347],[126.896814,33.523262],[126.897194,33.523028],[126.89786,33.523274],[126.897676,33.522955],[126.898008,33.522817],[126.897902,33.522483],[126.899169,33.52225],[126.900497,33.521426],[126.899479,33.521819],[126.899114,33.521185],[126.898483,33.521305],[126.898783,33.520377],[126.899997,33.519524],[126.900723,33.519588],[126.900873,33.520526],[126.900546,33.521383],[126.900901,33.520838],[126.901013,33.520124],[126.901714,33.519875],[126.903218,33.520193],[126.903589,33.521044],[126.90454,33.520197],[126.904604,33.519498],[126.902745,33.52004],[126.902806,33.519718],[126.901012,33.518741],[126.900275,33.51705],[126.900621,33.51557],[126.901171,33.515189],[126.900341,33.514301],[126.899173,33.513904],[126.898318,33.513072],[126.899254,33.510494],[126.897563,33.509683],[126.896761,33.507737],[126.893396,33.504648],[126.892355,33.501778],[126.890789,33.50141],[126.889938,33.500189],[126.889012,33.500162],[126.887645,33.499109],[126.882842,33.500304],[126.881908,33.50106],[126.881617,33.502625],[126.878449,33.505999],[126.869392,33.511864],[126.871434,33.512893],[126.871001,33.514264],[126.867449,33.518792],[126.863986,33.522035],[126.863376,33.52362],[126.862401,33.524741],[126.863152,33.525162],[126.862996,33.525554],[126.863962,33.525201],[126.864854,33.525472],[126.866788,33.528002],[126.86638,33.528902],[126.867074,33.528942],[126.867891,33.527989],[126.868392,33.527992],[126.87194,33.529389],[126.873043,33.528822],[126.874325,33.529523]]]},"properties":{"AREA":7402819.961994886,"PERIMETER":14593.560247081745,"법정리코드":"5011025631","법정리명":"하도리","법정동코드":"50110256","법정시코드":"50110","법정리이름":"제주시하도리","SEA":2}},{"type":"Feature","geometry":{"type":"Polygon","coordinates":[[[126.906546,33.510634],[126.908437,33.509495],[126.909611,33.509268],[126.911544,33.508086],[126.912642,33.507009],[126.912834,33.505819],[126.913104,33.505772],[126.912708,33.505375],[126.912994,33.503819],[126.913611,33.502432],[126.912867,33.502555],[126.912736,33.501546],[126.911605,33.50009],[126.911378,33.499292],[126.911866,33.498109],[126.912613,33.498121],[126.913627,33.496268],[126.913269,33.495612],[126.913186,33.495644],[126.91355,33.496268],[126.912573,33.497724],[126.911865,33.497634],[126.911741,33.497064],[126.911886,33.496986],[126.912048,33.496531],[126.911326,33.49715],[126.910982,33.496911],[126.911272,33.497018],[126.911709,33.496602],[126.9116,33.496295],[126.910873,33.496552],[126.911495,33.495776],[126.912321,33.495586],[126.91135,33.49558],[126.910502,33.496661],[126.909384,33.496169],[126.909159,33.495854],[126.909311,33.494733],[126.909975,33.493035],[126.90967,33.492813],[126.910971,33.490581],[126.910539,33.489501],[126.910642,33.488685],[126.907569,33.487508],[126.90628,33.487948],[126.90507,33.488832],[126.90446,33.488591],[126.903484,33.487817],[126.902313,33.486012],[126.901783,33.482537],[126.900931,33.482677],[126.900561,33.482304],[126.898016,33.483081],[126.897156,33.482138],[126.895196,33.48172],[126.893036,33.481735],[126.891961,33.480975],[126.890603,33.480983],[126.890326,33.480358],[126.889481,33.480876],[126.888869,33.480565],[126.888342,33.479078],[126.887896,33.478853],[126.885382,33.480506],[126.884488,33.480704],[126.882394,33.478604],[126.881455,33.477104],[126.881078,33.477316],[126.879516,33.476433],[126.878629,33.476627],[126.877471,33.475613],[126.876108,33.47566],[126.875338,33.47537],[126.874198,33.475636],[126.872566,33.474932],[126.872739,33.472312],[126.872016,33.47256],[126.871281,33.472287],[126.870357,33.472797],[126.866245,33.468584],[126.861813,33.46818],[126.857737,33.467058],[126.854692,33.463314],[126.851903,33.462528],[126.846313,33.462005],[126.836831,33.458278],[126.834964,33.456793],[126.831847,33.45567],[126.831053,33.454592],[126.829501,33.453642],[126.828726,33.453756],[126.826187,33.453196],[126.824917,33.453337],[126.823939,33.453023],[126.824241,33.450479],[126.823706,33.450362],[126.822662,33.448747],[126.822122,33.446706],[126.818213,33.447825],[126.817289,33.446749],[126.815116,33.446409],[126.814424,33.445243],[126.812796,33.445633],[126.810478,33.444808],[126.806857,33.444335],[126.804562,33.443531],[126.801621,33.441906],[126.79982,33.441613],[126.798549,33.440633],[126.797031,33.440085],[126.794611,33.441096],[126.795374,33.441695],[126.796256,33.443751],[126.796664,33.445767],[126.798927,33.447179],[126.799309,33.448219],[126.801054,33.449549],[126.801217,33.449936],[126.800666,33.450384],[126.801964,33.451658],[126.803362,33.452265],[126.804047,33.451853],[126.805377,33.452085],[126.806405,33.451794],[126.808404,33.453343],[126.808754,33.454368],[126.810084,33.45432],[126.811972,33.455118],[126.813731,33.456613],[126.815696,33.457729],[126.817798,33.460326],[126.823001,33.462024],[126.827136,33.461237],[126.828513,33.462081],[126.82898,33.462956],[126.835091,33.464015],[126.836488,33.464548],[126.837287,33.465448],[126.841854,33.46711],[126.846768,33.467366],[126.848793,33.468406],[126.84932,33.46915],[126.8532,33.471965],[126.854197,33.47222],[126.855335,33.471882],[126.856897,33.472861],[126.85826,33.474704],[126.858951,33.476492],[126.860364,33.477418],[126.860288,33.477729],[126.862466,33.479722],[126.862476,33.480095],[126.863637,33.480442],[126.865028,33.48184],[126.866162,33.482346],[126.866667,33.483095],[126.866771,33.483443],[126.866169,33.484015],[126.866094,33.485025],[126.865108,33.486438],[126.865507,33.48703],[126.865517,33.48791],[126.866101,33.48837],[126.865828,33.489982],[126.867001,33.49187],[126.867864,33.492401],[126.868864,33.493712],[126.869194,33.494549],[126.869586,33.495008],[126.871689,33.495017],[126.872366,33.49572],[126.875617,33.496596],[126.876503,33.497512],[126.876695,33.498165],[126.879377,33.499494],[126.878278,33.503132],[126.879123,33.504008],[126.879268,33.505032],[126.881617,33.502625],[126.881908,33.50106],[126.882842,33.500304],[126.887645,33.499109],[126.889012,33.500162],[126.889938,33.500189],[126.890789,33.50141],[126.892355,33.501778],[126.893396,33.504648],[126.896761,33.507737],[126.897563,33.509683],[126.899254,33.510494],[126.89963,33.50949],[126.902213,33.510322],[126.903318,33.509971],[126.905764,33.510261],[126.906546,33.510634]]]},"properties":{"AREA":17010273.565333772,"PERIMETER":36052.30860775516,"법정리코드":"5011025632","법정리명":"종달리","법정동코드":"50110256","법정시코드":"50110","법정리이름":"제주시종달리","SEA":2}},{"type":"Feature","geometry":{"type":"Polygon","coordinates":[[[126.83871,33.536969],[126.840028,33.536975],[126.840945,33.536486],[126.840266,33.53594],[126.839935,33.534939],[126.840249,33.534023],[126.840056,33.533948],[126.84078,33.533139],[126.842165,33.533214],[126.842584,33.534171],[126.84453,33.533417],[126.844839,33.532608],[126.845922,33.532892],[126.847391,33.532234],[126.849499,33.532846],[126.851344,33.532327],[126.851531,33.532162],[126.850603,33.530783],[126.850909,33.529945],[126.851689,33.529607],[126.852753,33.529867],[126.854817,33.529396],[126.855263,33.52979],[126.857455,33.53056],[126.857855,33.530573],[126.858021,33.530492],[126.854873,33.529383],[126.854941,33.529089],[126.855179,33.529226],[126.856163,33.528501],[126.855487,33.528772],[126.854887,33.528178],[126.855577,33.527863],[126.852617,33.523186],[126.849981,33.520137],[126.849368,33.519962],[126.848401,33.51878],[126.847152,33.518477],[126.845662,33.51857],[126.844083,33.516555],[126.842393,33.515128],[126.841103,33.514874],[126.840755,33.51383],[126.839005,33.512894],[126.837239,33.510743],[126.836216,33.510571],[126.835644,33.509137],[126.832816,33.506441],[126.830629,33.505041],[126.82982,33.504887],[126.82636,33.502012],[126.824191,33.501057],[126.823629,33.500398],[126.821731,33.499527],[126.819851,33.499217],[126.818683,33.498327],[126.81794,33.49714],[126.81587,33.495228],[126.814106,33.493036],[126.813608,33.491207],[126.813424,33.488438],[126.812801,33.488111],[126.810059,33.484208],[126.810254,33.48313],[126.811021,33.482234],[126.810081,33.481628],[126.810233,33.480697],[126.809707,33.480103],[126.806641,33.47866],[126.804154,33.478313],[126.801878,33.481603],[126.798939,33.4821],[126.795231,33.481829],[126.795171,33.482634],[126.79639,33.485031],[126.797809,33.486835],[126.799675,33.488227],[126.801301,33.490284],[126.802389,33.493623],[126.802119,33.494348],[126.803349,33.495904],[126.804786,33.496131],[126.807304,33.498254],[126.809003,33.498589],[126.809042,33.498926],[126.810311,33.499618],[126.81191,33.501078],[126.8135,33.501638],[126.814265,33.502464],[126.814941,33.502695],[126.818035,33.506169],[126.821422,33.509241],[126.822592,33.509947],[126.825533,33.513267],[126.825628,33.514091],[126.826466,33.51438],[126.82712,33.515432],[126.828276,33.515671],[126.828347,33.516218],[126.829012,33.516863],[126.829372,33.518593],[126.83007,33.519355],[126.831179,33.519489],[126.831502,33.519951],[126.831245,33.521942],[126.831696,33.523478],[126.831467,33.524366],[126.833033,33.52802],[126.832318,33.529123],[126.832461,33.532375],[126.833542,33.533873],[126.834301,33.534179],[126.835835,33.535598],[126.836068,33.536881],[126.836608,33.536946],[126.836884,33.537984],[126.83719,33.538139],[126.83871,33.536969]]]},"properties":{"AREA":8550740.328217853,"PERIMETER":21397.763020627444,"법정리코드":"5011025633","법정리명":"평대리","법정동코드":"50110256","법정시코드":"50110","법정리이름":"제주시평대리","SEA":2}},{"type":"Feature","geometry":{"type":"Polygon","coordinates":[[[126.768117,33.564157],[126.770523,33.56407],[126.772079,33.565077],[126.775497,33.564163],[126.774699,33.561449],[126.772997,33.559549],[126.77326,33.558211],[126.772517,33.557336],[126.773234,33.557174],[126.773558,33.556461],[126.773353,33.55603],[126.772976,33.555993],[126.772741,33.554912],[126.773369,33.554602],[126.774279,33.552474],[126.774794,33.55201],[126.774742,33.549811],[126.775131,33.549286],[126.774845,33.548148],[126.776773,33.546383],[126.77675,33.545823],[126.776165,33.54534],[126.776017,33.544136],[126.775089,33.5432],[126.774895,33.542165],[126.77372,33.54095],[126.773991,33.538254],[126.772181,33.535312],[126.772238,33.533886],[126.771379,33.531834],[126.77158,33.530061],[126.771354,33.529604],[126.770848,33.528896],[126.770135,33.528731],[126.769336,33.527374],[126.767583,33.527174],[126.766664,33.52671],[126.766171,33.526121],[126.765418,33.525965],[126.764415,33.525235],[126.763521,33.524022],[126.760312,33.522977],[126.759344,33.521961],[126.757868,33.521504],[126.756896,33.518866],[126.754527,33.516459],[126.752763,33.513721],[126.753414,33.512734],[126.752303,33.512116],[126.748553,33.511606],[126.748343,33.512384],[126.747597,33.512994],[126.747652,33.513519],[126.74843,33.51389],[126.746986,33.516454],[126.745476,33.517446],[126.742721,33.517887],[126.742142,33.516048],[126.742448,33.515506],[126.742256,33.514322],[126.740761,33.513083],[126.737843,33.511396],[126.737171,33.509748],[126.737142,33.508462],[126.735641,33.506015],[126.733484,33.510561],[126.729723,33.521736],[126.724914,33.538906],[126.725155,33.541008],[126.725561,33.541067],[126.725694,33.541515],[126.727958,33.541597],[126.727619,33.542063],[126.727798,33.542547],[126.725495,33.545639],[126.726098,33.546183],[126.726064,33.54738],[126.726977,33.548858],[126.726764,33.549355],[126.727687,33.549571],[126.727196,33.550464],[126.726804,33.550534],[126.726814,33.55144],[126.726363,33.55177],[126.727173,33.552589],[126.726563,33.552767],[126.726363,33.553539],[126.72569,33.55391],[126.725815,33.554903],[126.725112,33.555589],[126.725323,33.556235],[126.725,33.55684],[126.723908,33.557542],[126.726009,33.557988],[126.726382,33.558596],[126.727629,33.559414],[126.727559,33.560033],[126.72793,33.559721],[126.730255,33.560361],[126.732629,33.558742],[126.734604,33.55877],[126.73557,33.558397],[126.735701,33.557534],[126.73772,33.560447],[126.74087,33.561108],[126.737749,33.560373],[126.736697,33.558872],[126.736967,33.558465],[126.737591,33.55857],[126.737911,33.557975],[126.736599,33.557372],[126.736495,33.557028],[126.73706,33.556447],[126.736958,33.555769],[126.737672,33.555279],[126.737735,33.554848],[126.739135,33.554717],[126.740479,33.555661],[126.741959,33.556169],[126.742553,33.556611],[126.742463,33.55694],[126.742722,33.556424],[126.743951,33.557355],[126.744164,33.557262],[126.743994,33.556855],[126.744807,33.556562],[126.744391,33.555583],[126.745264,33.555359],[126.745507,33.555654],[126.744897,33.55732],[126.743994,33.55787],[126.742437,33.557641],[126.742454,33.556975],[126.742071,33.558028],[126.741467,33.558612],[126.739916,33.557535],[126.739352,33.557579],[126.739377,33.557988],[126.741182,33.558621],[126.740258,33.560104],[126.74237,33.557733],[126.744495,33.558239],[126.744643,33.557868],[126.745544,33.557792],[126.74558,33.558245],[126.746047,33.558484],[126.747041,33.55822],[126.747298,33.557684],[126.747845,33.557742],[126.749396,33.558853],[126.750645,33.558247],[126.75183,33.558365],[126.752747,33.557718],[126.753191,33.558043],[126.753139,33.558853],[126.7538,33.559238],[126.755383,33.557884],[126.757305,33.557659],[126.755588,33.557738],[126.755536,33.557437],[126.755923,33.557215],[126.757238,33.556984],[126.758138,33.557167],[126.757377,33.557686],[126.758328,33.557202],[126.760192,33.557145],[126.761215,33.557557],[126.761219,33.558363],[126.762046,33.559165],[126.761752,33.559693],[126.762256,33.559739],[126.762091,33.560306],[126.762509,33.561029],[126.761884,33.561223],[126.762156,33.562192],[126.761663,33.562279],[126.762776,33.562382],[126.763748,33.56506],[126.76577,33.565734],[126.766588,33.564925],[126.768117,33.564157]]]},"properties":{"AREA":19940983.11310157,"PERIMETER":29047.133601641064,"법정리코드":"5011025634","법정리명":"김녕리","법정동코드":"50110256","법정시코드":"50110","법정리이름":"제주시김녕리","SEA":2}},{"type":"Feature","geometry":{"type":"Polygon","coordinates":[[[126.628505,33.539581],[126.627748,33.539044],[126.628189,33.538607],[126.628125,33.538119],[126.628566,33.538218],[126.627983,33.537559],[126.628395,33.537312],[126.627945,33.536455],[126.628472,33.53593],[126.628027,33.535481],[126.628312,33.535281],[126.628317,33.534057],[126.629973,33.532851],[126.630172,33.532326],[126.629587,33.531827],[126.629568,33.531347],[126.630652,33.529903],[126.630683,33.529117],[126.631373,33.528633],[126.63064,33.52853],[126.630412,33.527843],[126.630606,33.527303],[126.631539,33.526898],[126.631098,33.525592],[126.631203,33.524243],[126.630893,33.523086],[126.62961,33.522851],[126.629299,33.522491],[126.629926,33.521739],[126.629818,33.520972],[126.631216,33.520835],[126.635049,33.51825],[126.635601,33.517237],[126.636802,33.516463],[126.637751,33.51638],[126.639034,33.515321],[126.63998,33.512715],[126.641869,33.510943],[126.641811,33.508467],[126.6421,33.508162],[126.641982,33.507372],[126.642424,33.507024],[126.642341,33.506188],[126.641776,33.505928],[126.640718,33.505608],[126.639474,33.506408],[126.638692,33.506423],[126.637737,33.50735],[126.633505,33.508736],[126.633025,33.50867],[126.632833,33.507267],[126.632233,33.506913],[126.631541,33.507486],[126.627886,33.508183],[126.627384,33.507661],[126.625861,33.507071],[126.624707,33.508294],[126.624776,33.508981],[126.623243,33.510101],[126.622189,33.512488],[126.620058,33.514914],[126.617407,33.515327],[126.616318,33.514887],[126.61565,33.515407],[126.615291,33.516223],[126.614114,33.516867],[126.61185,33.516967],[126.607237,33.518432],[126.605713,33.518504],[126.603792,33.519906],[126.600298,33.520198],[126.599865,33.520576],[126.599846,33.520896],[126.600449,33.521089],[126.600241,33.521498],[126.600575,33.52255],[126.598943,33.527796],[126.59913,33.528359],[126.599896,33.528999],[126.601646,33.529332],[126.601458,33.530135],[126.600246,33.531374],[126.601155,33.531996],[126.602921,33.531715],[126.60324,33.5332],[126.603092,33.534774],[126.604487,33.535349],[126.605911,33.535373],[126.606425,33.535763],[126.608104,33.535599],[126.608944,33.534691],[126.609788,33.535392],[126.609972,33.535975],[126.612112,33.535656],[126.611872,33.536483],[126.612671,33.536699],[126.612378,33.53714],[126.612953,33.53763],[126.612742,33.537965],[126.613105,33.538116],[126.615414,33.538],[126.616198,33.537739],[126.616194,33.537401],[126.616948,33.537984],[126.619264,33.537553],[126.619735,33.537891],[126.619513,33.538388],[126.620348,33.538527],[126.620886,33.538046],[126.621809,33.538193],[126.622194,33.538591],[126.622006,33.539046],[126.622635,33.539443],[126.623207,33.539267],[126.622869,33.538132],[126.62456,33.53766],[126.624972,33.537874],[126.62445,33.537213],[126.62501,33.5371],[126.625472,33.536368],[126.626162,33.536214],[126.626787,33.53659],[126.626644,33.537048],[126.627276,33.537183],[126.626964,33.537595],[126.627522,33.538401],[126.627192,33.538867],[126.627965,33.539878],[126.627909,33.540232],[126.628505,33.539581]]]},"properties":{"AREA":7822752.738681169,"PERIMETER":17186.888455793083,"법정리코드":"5011025921","법정리명":"신촌리","법정동코드":"50110259","법정시코드":"50110","법정리이름":"제주시신촌리","SEA":2}},{"type":"Feature","geometry":{"type":"Polygon","coordinates":[[[126.62624,33.50704],[126.627886,33.508183],[126.631541,33.507486],[126.632233,33.506913],[126.632833,33.507267],[126.633025,33.50867],[126.633505,33.508736],[126.637737,33.50735],[126.638692,33.506423],[126.639474,33.506408],[126.640718,33.505608],[126.642062,33.506066],[126.641948,33.505587],[126.642443,33.504687],[126.642123,33.504041],[126.642296,33.503593],[126.642685,33.503075],[126.643695,33.502715],[126.644724,33.500824],[126.645591,33.500189],[126.64615,33.497729],[126.647137,33.495809],[126.64748,33.495669],[126.647166,33.494364],[126.648209,33.493657],[126.648687,33.49228],[126.649716,33.491353],[126.650253,33.48919],[126.65118,33.488863],[126.65292,33.486436],[126.653019,33.485554],[126.653895,33.484025],[126.65493,33.48359],[126.656125,33.4818],[126.65797,33.479928],[126.658517,33.478391],[126.658143,33.478029],[126.658648,33.477161],[126.658468,33.475253],[126.658972,33.474044],[126.658985,33.472606],[126.660035,33.469767],[126.659831,33.468433],[126.660266,33.464713],[126.661074,33.463783],[126.661052,33.462921],[126.661533,33.46225],[126.661707,33.460883],[126.663132,33.458733],[126.663059,33.457466],[126.662402,33.456102],[126.661529,33.45515],[126.657522,33.457375],[126.652666,33.457892],[126.645779,33.457988],[126.641497,33.458587],[126.641149,33.462541],[126.640365,33.463742],[126.638746,33.464927],[126.637441,33.466812],[126.636938,33.469613],[126.637171,33.472349],[126.636865,33.473138],[126.637476,33.474],[126.636714,33.476642],[126.634416,33.480636],[126.631427,33.483488],[126.631508,33.483862],[126.63053,33.485334],[126.62892,33.486397],[126.62882,33.487798],[126.627846,33.489607],[126.626013,33.491057],[126.625771,33.491594],[126.623571,33.49301],[126.621195,33.497664],[126.621179,33.498514],[126.62033,33.499333],[126.619855,33.501841],[126.620127,33.503324],[126.619245,33.506656],[126.619779,33.507567],[126.619448,33.510567],[126.620444,33.51319],[126.621091,33.513638],[126.621571,33.513173],[126.622189,33.512488],[126.623243,33.510101],[126.624776,33.508981],[126.62498,33.507919],[126.62624,33.50704]]]},"properties":{"AREA":11963990.268823098,"PERIMETER":18321.840260282785,"법정리코드":"5011025922","법정리명":"와흘리","법정동코드":"50110259","법정시코드":"50110","법정리이름":"제주시와흘리","SEA":2}},{"type":"Feature","geometry":{"type":"Polygon","coordinates":[[[126.640826,33.549621],[126.641386,33.549825],[126.641302,33.549058],[126.645244,33.54731],[126.646114,33.546473],[126.646242,33.54627],[126.645656,33.545904],[126.645642,33.545151],[126.646282,33.545092],[126.646747,33.544459],[126.646166,33.544012],[126.64617,33.543449],[126.648672,33.541427],[126.64955,33.541468],[126.650062,33.54045],[126.650049,33.539793],[126.650709,33.538842],[126.650208,33.5383],[126.650496,33.53665],[126.649601,33.534219],[126.64983,33.532965],[126.650195,33.532589],[126.649746,33.531991],[126.651104,33.529818],[126.651118,33.528012],[126.651508,33.52697],[126.653664,33.524789],[126.655615,33.521264],[126.658817,33.519765],[126.659842,33.517364],[126.659861,33.516029],[126.661215,33.513369],[126.661029,33.511713],[126.659891,33.511019],[126.659786,33.510306],[126.659154,33.510166],[126.659122,33.509753],[126.656529,33.511279],[126.655984,33.511944],[126.655318,33.511976],[126.655071,33.511062],[126.654374,33.51104],[126.653975,33.511476],[126.652448,33.51004],[126.649191,33.510302],[126.647737,33.509969],[126.647251,33.510201],[126.646711,33.509662],[126.645192,33.509463],[126.643685,33.508279],[126.642854,33.506596],[126.642954,33.506108],[126.642341,33.506188],[126.642424,33.507024],[126.641982,33.507372],[126.6421,33.508162],[126.641652,33.509717],[126.642017,33.510328],[126.641869,33.510943],[126.63998,33.512715],[126.639034,33.515321],[126.637751,33.51638],[126.636802,33.516463],[126.635601,33.517237],[126.635049,33.51825],[126.631216,33.520835],[126.629818,33.520972],[126.629926,33.521739],[126.629299,33.522491],[126.62961,33.522851],[126.630893,33.523086],[126.631203,33.524243],[126.631098,33.525592],[126.631547,33.526306],[126.631285,33.527202],[126.630593,33.527321],[126.630446,33.528163],[126.63064,33.52853],[126.631373,33.528633],[126.630683,33.529117],[126.630652,33.529903],[126.629568,33.531347],[126.629587,33.531827],[126.630172,33.532326],[126.629973,33.532851],[126.628317,33.534057],[126.628312,33.535281],[126.628027,33.535481],[126.628472,33.53593],[126.627945,33.536455],[126.628607,33.537296],[126.629134,33.537084],[126.629712,33.537418],[126.630684,33.537139],[126.631049,33.537538],[126.63109,33.536908],[126.632285,33.536154],[126.632531,33.536465],[126.632722,33.535871],[126.6342,33.536356],[126.634437,33.535942],[126.634892,33.536215],[126.635319,33.535708],[126.635325,33.536351],[126.635762,33.536788],[126.63545,33.536809],[126.634706,33.537953],[126.633952,33.537981],[126.633805,33.538488],[126.634818,33.53878],[126.635253,33.538447],[126.634642,33.539095],[126.635322,33.538725],[126.635541,33.539427],[126.636219,33.539355],[126.636454,33.539722],[126.636004,33.539695],[126.634829,33.540695],[126.636223,33.540291],[126.636637,33.540435],[126.636504,33.541065],[126.635758,33.541118],[126.635526,33.540697],[126.635387,33.541163],[126.634422,33.541067],[126.633984,33.542067],[126.632694,33.542186],[126.634475,33.542282],[126.634519,33.542931],[126.63406,33.54354],[126.634252,33.543785],[126.634966,33.543669],[126.634764,33.544473],[126.635097,33.545207],[126.636763,33.545233],[126.638103,33.545719],[126.638552,33.545223],[126.639222,33.545741],[126.639449,33.546716],[126.64032,33.54794],[126.640201,33.548463],[126.639617,33.547985],[126.63947,33.548391],[126.638444,33.548726],[126.638541,33.548944],[126.639972,33.548554],[126.640101,33.54913],[126.640069,33.548819],[126.640198,33.548569],[126.641162,33.549468],[126.640826,33.549621]]]},"properties":{"AREA":7456370.667505325,"PERIMETER":18629.466532033304,"법정리코드":"5011025923","법정리명":"조천리","법정동코드":"50110259","법정시코드":"50110","법정리이름":"제주시조천리","SEA":2}},{"type":"Feature","geometry":{"type":"Polygon","coordinates":[[[126.678515,33.548937],[126.678454,33.547706],[126.677585,33.547058],[126.677426,33.54608],[126.678609,33.543679],[126.678038,33.542738],[126.678575,33.54258],[126.679458,33.540522],[126.6794,33.54002],[126.678725,33.539865],[126.678068,33.53854],[126.679824,33.536868],[126.680138,33.536145],[126.680144,33.534938],[126.680584,33.533821],[126.680432,33.533175],[126.680818,33.532737],[126.680993,33.531512],[126.680946,33.530311],[126.682777,33.52752],[126.682663,33.524358],[126.681119,33.520684],[126.682565,33.519137],[126.682648,33.517654],[126.683397,33.517025],[126.68263,33.515543],[126.682931,33.514628],[126.685018,33.512224],[126.685022,33.51111],[126.684056,33.510706],[126.681761,33.511717],[126.677863,33.514181],[126.674803,33.515021],[126.672669,33.516549],[126.671573,33.515769],[126.670801,33.515642],[126.667864,33.51576],[126.667285,33.516176],[126.665408,33.516275],[126.663121,33.517123],[126.661162,33.517443],[126.660231,33.517965],[126.659419,33.518469],[126.658817,33.519765],[126.655615,33.521264],[126.653664,33.524789],[126.651508,33.52697],[126.651118,33.528012],[126.651104,33.529818],[126.649746,33.531991],[126.650195,33.532589],[126.64983,33.532965],[126.649601,33.534219],[126.650523,33.536865],[126.650208,33.5383],[126.650676,33.538569],[126.652305,33.538495],[126.652392,33.540632],[126.65306,33.541623],[126.654003,33.542272],[126.653717,33.542766],[126.65414,33.542864],[126.653469,33.545727],[126.653914,33.546873],[126.654718,33.547209],[126.653957,33.547649],[126.654335,33.547985],[126.655741,33.547302],[126.656625,33.547963],[126.655595,33.548837],[126.656735,33.54806],[126.660519,33.546527],[126.661147,33.545613],[126.661062,33.545301],[126.661767,33.545811],[126.661094,33.546352],[126.662091,33.546108],[126.662576,33.544939],[126.663419,33.544293],[126.663774,33.543572],[126.665369,33.54277],[126.66719,33.542775],[126.668082,33.54381],[126.668124,33.544307],[126.669947,33.543509],[126.672078,33.544747],[126.674516,33.544719],[126.673916,33.54611],[126.674146,33.547609],[126.674656,33.549221],[126.676425,33.551635],[126.678515,33.548937]]]},"properties":{"AREA":8731358.83119403,"PERIMETER":16152.609470034178,"법정리코드":"5011025924","법정리명":"함덕리","법정동코드":"50110259","법정시코드":"50110","법정리이름":"제주시함덕리","SEA":2}},{"type":"Feature","geometry":{"type":"MultiPolygon","coordinates":[[[[126.651603,33.54792],[126.651595,33.547939],[126.65161,33.547932],[126.651603,33.54792]]],[[[126.645628,33.554626],[126.646902,33.554632],[126.647622,33.553659],[126.649233,33.552935],[126.649277,33.553083],[126.649479,33.553077],[126.649866,33.553349],[126.650252,33.553449],[126.649548,33.55306],[126.649299,33.552154],[126.648742,33.551741],[126.648781,33.551027],[126.647635,33.549515],[126.647807,33.549126],[126.649683,33.548744],[126.651015,33.548874],[126.651112,33.548547],[126.651412,33.548607],[126.651534,33.548322],[126.651253,33.548327],[126.651573,33.547468],[126.651737,33.547513],[126.651997,33.548158],[126.651525,33.548739],[126.65104,33.548885],[126.65213,33.549735],[126.652512,33.551474],[126.652878,33.551416],[126.653208,33.551826],[126.65275,33.552217],[126.652881,33.552422],[126.653447,33.551872],[126.6526,33.551113],[126.652768,33.550938],[126.653184,33.550788],[126.653637,33.551196],[126.65435,33.551195],[126.656196,33.549762],[126.655551,33.549323],[126.655698,33.548952],[126.654937,33.548601],[126.654504,33.548863],[126.654112,33.548411],[126.654335,33.547985],[126.653957,33.547615],[126.654718,33.547209],[126.653914,33.546873],[126.653469,33.545727],[126.65414,33.542864],[126.653717,33.542766],[126.654003,33.542272],[126.65306,33.541623],[126.652392,33.540632],[126.652305,33.538495],[126.650688,33.538566],[126.64955,33.541468],[126.648672,33.541427],[126.64617,33.543449],[126.646166,33.544012],[126.646747,33.544459],[126.646282,33.545092],[126.645642,33.545151],[126.645656,33.545904],[126.646242,33.54627],[126.646114,33.546473],[126.645244,33.54731],[126.641302,33.549058],[126.641386,33.549825],[126.641,33.549799],[126.640702,33.55034],[126.64243,33.551661],[126.643907,33.551912],[126.643478,33.553058],[126.644491,33.554468],[126.644422,33.555371],[126.64465,33.555518],[126.645628,33.554626]]]]},"properties":{"AREA":1098835.4582456942,"PERIMETER":8455.188580766595,"법정리코드":"5011025925","법정리명":"신흥리","법정동코드":"50110259","법정시코드":"50110","법정리이름":"제주시신흥리","SEA":2}},{"type":"Feature","geometry":{"type":"Polygon","coordinates":[[[126.659348,33.518375],[126.665408,33.516275],[126.667285,33.516176],[126.667864,33.51576],[126.670801,33.515642],[126.671573,33.515769],[126.672669,33.516549],[126.674803,33.515021],[126.677863,33.514181],[126.682553,33.511317],[126.684056,33.510706],[126.685022,33.51111],[126.685809,33.509977],[126.685711,33.508314],[126.685091,33.507851],[126.684854,33.506841],[126.683443,33.505894],[126.683747,33.504245],[126.68491,33.502345],[126.686575,33.501356],[126.685248,33.501078],[126.684157,33.500016],[126.683364,33.500141],[126.682213,33.4995],[126.680551,33.499464],[126.678997,33.498823],[126.676744,33.498784],[126.67443,33.49792],[126.671437,33.497766],[126.672122,33.496375],[126.671675,33.494497],[126.67205,33.493175],[126.671721,33.492231],[126.671159,33.491262],[126.670961,33.490164],[126.671246,33.489759],[126.670849,33.48716],[126.669907,33.48505],[126.670407,33.484181],[126.670171,33.483693],[126.670673,33.482558],[126.670543,33.480581],[126.670895,33.478863],[126.673324,33.475968],[126.673586,33.474948],[126.675243,33.473932],[126.675633,33.472767],[126.677166,33.471133],[126.678016,33.469325],[126.678265,33.467975],[126.679073,33.466412],[126.679766,33.465876],[126.679771,33.463511],[126.680967,33.461738],[126.681026,33.460342],[126.680633,33.459166],[126.681365,33.456743],[126.681718,33.453787],[126.681304,33.451329],[126.677897,33.452727],[126.674985,33.453364],[126.669043,33.45355],[126.661529,33.45515],[126.662402,33.456102],[126.663059,33.457466],[126.663132,33.458733],[126.661707,33.460883],[126.661533,33.46225],[126.661052,33.462921],[126.661074,33.463783],[126.660266,33.464713],[126.659831,33.468433],[126.660035,33.469767],[126.658985,33.472606],[126.658972,33.474044],[126.658468,33.475253],[126.658648,33.477161],[126.658143,33.478029],[126.658517,33.478391],[126.65797,33.479928],[126.656125,33.4818],[126.65493,33.48359],[126.653895,33.484025],[126.653019,33.485554],[126.65292,33.486436],[126.65118,33.488863],[126.650253,33.48919],[126.649716,33.491353],[126.648687,33.49228],[126.648209,33.493657],[126.647166,33.494364],[126.64748,33.495669],[126.647137,33.495809],[126.64615,33.497729],[126.645591,33.500189],[126.644724,33.500824],[126.643695,33.502715],[126.642685,33.503075],[126.642123,33.504041],[126.642443,33.504687],[126.641948,33.505587],[126.642062,33.506066],[126.642999,33.506165],[126.642854,33.506596],[126.643685,33.508279],[126.645192,33.509463],[126.646711,33.509662],[126.647251,33.510201],[126.647737,33.509969],[126.649191,33.510302],[126.652448,33.51004],[126.653975,33.511476],[126.654374,33.51104],[126.655071,33.511062],[126.655318,33.511976],[126.655984,33.511944],[126.656529,33.511279],[126.65916,33.509779],[126.659154,33.510166],[126.659786,33.510306],[126.659891,33.511019],[126.661029,33.511713],[126.661215,33.513369],[126.659861,33.516029],[126.659842,33.517364],[126.659348,33.518375]],[[126.671385,33.491795],[126.671542,33.491999],[126.671627,33.492178],[126.671457,33.492159],[126.671385,33.491795]],[[126.671543,33.492412],[126.671661,33.492281],[126.671708,33.492375],[126.671543,33.492412]],[[126.670833,33.489055],[126.670951,33.489053],[126.671,33.489262],[126.670833,33.489055]]]},"properties":{"AREA":14725637.208241256,"PERIMETER":23385.26667942018,"법정리코드":"5011025926","법정리명":"대흘리","법정동코드":"50110259","법정시코드":"50110","법정리이름":"제주시대흘리","SEA":2}},{"type":"Feature","geometry":{"type":"Polygon","coordinates":[[[126.705721,33.553152],[126.705294,33.551184],[126.705362,33.549878],[126.705062,33.549778],[126.705605,33.549018],[126.704607,33.548141],[126.705211,33.547853],[126.705909,33.546877],[126.70602,33.544407],[126.706688,33.543188],[126.705737,33.542479],[126.706054,33.540653],[126.705477,33.540237],[126.705769,33.538937],[126.706651,33.537225],[126.706274,33.535049],[126.707703,33.533861],[126.707906,33.533613],[126.707651,33.533574],[126.709384,33.531765],[126.710628,33.531066],[126.713093,33.528716],[126.713601,33.528039],[126.713331,33.526561],[126.713729,33.525418],[126.712242,33.525143],[126.710911,33.525518],[126.708272,33.525343],[126.705367,33.524575],[126.701498,33.524394],[126.696234,33.524995],[126.692789,33.524637],[126.690513,33.523285],[126.688913,33.524045],[126.687722,33.523966],[126.687308,33.523431],[126.68625,33.523678],[126.686498,33.522997],[126.685991,33.522751],[126.685041,33.523189],[126.684667,33.523068],[126.684093,33.522344],[126.68276,33.522078],[126.682078,33.521543],[126.681696,33.52195],[126.682663,33.524358],[126.682777,33.52752],[126.680946,33.530311],[126.680993,33.531512],[126.680818,33.532737],[126.680432,33.533175],[126.680584,33.533821],[126.680144,33.534938],[126.680138,33.536145],[126.679824,33.536868],[126.678068,33.53854],[126.678725,33.539865],[126.6794,33.54002],[126.679458,33.540522],[126.678575,33.54258],[126.678038,33.542738],[126.678609,33.543679],[126.677426,33.54608],[126.677585,33.547058],[126.678454,33.547706],[126.678515,33.548937],[126.676425,33.551635],[126.677778,33.552442],[126.680474,33.552302],[126.684263,33.54774],[126.684188,33.548789],[126.68459,33.5495],[126.688081,33.548474],[126.690248,33.548719],[126.689676,33.549649],[126.690373,33.550159],[126.69124,33.550236],[126.691111,33.550543],[126.690671,33.550504],[126.690925,33.551169],[126.692477,33.550799],[126.693299,33.551274],[126.694185,33.551236],[126.694343,33.551081],[126.693461,33.550746],[126.693525,33.550206],[126.694199,33.550234],[126.694764,33.550692],[126.695208,33.550233],[126.695502,33.550462],[126.695173,33.551076],[126.695753,33.55129],[126.69545,33.551669],[126.697047,33.551553],[126.698006,33.552626],[126.699928,33.553003],[126.700906,33.552626],[126.703768,33.553122],[126.705721,33.553152]]]},"properties":{"AREA":7785959.582897926,"PERIMETER":15691.556434164442,"법정리코드":"5011025927","법정리명":"북촌리","법정동코드":"50110259","법정시코드":"50110","법정리이름":"제주시북촌리","SEA":2}},{"type":"Feature","geometry":{"type":"MultiPolygon","coordinates":[[[[126.670951,33.489053],[126.670833,33.489055],[126.671,33.489262],[126.670951,33.489053]]],[[[126.671385,33.491795],[126.671457,33.492159],[126.671627,33.492178],[126.671542,33.491999],[126.671385,33.491795]]],[[[126.671708,33.492375],[126.671534,33.492294],[126.671543,33.492412],[126.671708,33.492375]]],[[[126.687303,33.500769],[126.68867,33.497568],[126.68879,33.495586],[126.692954,33.492511],[126.694375,33.491933],[126.695,33.491145],[126.695216,33.489986],[126.694512,33.487788],[126.695093,33.487419],[126.695232,33.486687],[126.694705,33.48504],[126.69664,33.484118],[126.696912,33.482758],[126.698186,33.481072],[126.698625,33.47913],[126.69911,33.478988],[126.699941,33.477878],[126.700294,33.476507],[126.699065,33.473773],[126.697363,33.472661],[126.695045,33.469185],[126.695152,33.468947],[126.693366,33.467882],[126.69177,33.465866],[126.692136,33.464786],[126.690802,33.46152],[126.688878,33.46002],[126.688015,33.460027],[126.687938,33.459502],[126.686877,33.459027],[126.687005,33.458214],[126.685772,33.457319],[126.6864,33.456779],[126.685245,33.456164],[126.685148,33.455133],[126.684002,33.454512],[126.682735,33.454442],[126.681833,33.453695],[126.680633,33.459166],[126.681026,33.460342],[126.680967,33.461738],[126.679771,33.463511],[126.679766,33.465876],[126.679073,33.466412],[126.678265,33.467975],[126.678016,33.469325],[126.677166,33.471133],[126.675633,33.472767],[126.675243,33.473932],[126.673586,33.474948],[126.673324,33.475968],[126.671759,33.477598],[126.670667,33.479333],[126.670673,33.482558],[126.670171,33.483693],[126.670407,33.484181],[126.669907,33.48505],[126.670849,33.48716],[126.671246,33.489759],[126.670961,33.490164],[126.671159,33.491262],[126.671721,33.492231],[126.67205,33.493175],[126.671675,33.494497],[126.672122,33.496375],[126.671419,33.497631],[126.673012,33.497986],[126.67443,33.49792],[126.677539,33.498911],[126.679167,33.49885],[126.680551,33.499464],[126.682213,33.4995],[126.683364,33.500141],[126.684157,33.500016],[126.685248,33.501078],[126.686575,33.501356],[126.687303,33.500769]]]]},"properties":{"AREA":8613004.30273294,"PERIMETER":14152.861114372337,"법정리코드":"5011025928","법정리명":"와산리","법정동코드":"50110259","법정시코드":"50110","법정리이름":"제주시와산리","SEA":2}},{"type":"Feature","geometry":{"type":"Polygon","coordinates":[[[126.642786,33.458588],[126.645779,33.457988],[126.652666,33.457892],[126.657522,33.457375],[126.661529,33.45515],[126.667528,33.453779],[126.674985,33.453364],[126.677897,33.452727],[126.681516,33.451296],[126.681558,33.450364],[126.683301,33.44919],[126.687757,33.447237],[126.691641,33.444651],[126.693288,33.442806],[126.694637,33.440391],[126.695572,33.437861],[126.696878,33.437461],[126.699039,33.437808],[126.701731,33.438741],[126.702857,33.439812],[126.709753,33.442793],[126.710404,33.442971],[126.71087,33.442454],[126.712065,33.443293],[126.71364,33.445195],[126.718996,33.446292],[126.721003,33.447115],[126.722266,33.439679],[126.724786,33.437244],[126.725674,33.434577],[126.73,33.429873],[126.731825,33.426722],[126.729165,33.425799],[126.72695,33.424421],[126.724258,33.424177],[126.722313,33.423155],[126.717285,33.421885],[126.709058,33.421897],[126.701421,33.419886],[126.692123,33.415158],[126.687728,33.413285],[126.684159,33.410418],[126.681069,33.408731],[126.676208,33.404861],[126.672237,33.402673],[126.669432,33.400385],[126.667867,33.400395],[126.66429,33.402161],[126.660464,33.401959],[126.659006,33.400535],[126.657357,33.399717],[126.654971,33.399423],[126.654154,33.397551],[126.653329,33.396895],[126.653677,33.396171],[126.653419,33.395055],[126.65267,33.394672],[126.651701,33.394507],[126.650103,33.39497],[126.64814,33.393768],[126.641908,33.393812],[126.639615,33.393182],[126.635883,33.39289],[126.635616,33.392647],[126.633824,33.393264],[126.633589,33.39392],[126.630779,33.393086],[126.629102,33.392277],[126.626335,33.39019],[126.625339,33.388333],[126.624915,33.385036],[126.624461,33.385028],[126.623695,33.384352],[126.623185,33.384266],[126.621226,33.385167],[126.620219,33.384862],[126.617621,33.383192],[126.611985,33.382946],[126.606934,33.382238],[126.600364,33.379094],[126.598494,33.378525],[126.595201,33.376529],[126.593225,33.376153],[126.592506,33.375509],[126.591579,33.373775],[126.589322,33.374344],[126.586769,33.374176],[126.584258,33.373455],[126.582085,33.373763],[126.577413,33.372939],[126.574572,33.371819],[126.573399,33.372093],[126.572267,33.371775],[126.570881,33.372467],[126.570105,33.372328],[126.56921,33.371637],[126.568337,33.371875],[126.564921,33.371743],[126.56316,33.372293],[126.56159,33.372358],[126.559685,33.373159],[126.559419,33.376284],[126.560303,33.378132],[126.56036,33.37991],[126.560911,33.380439],[126.561867,33.379997],[126.56346,33.380775],[126.564523,33.380258],[126.565434,33.379199],[126.568891,33.38067],[126.571648,33.38072],[126.574384,33.38327],[126.575859,33.383518],[126.57706,33.384238],[126.577749,33.385097],[126.578145,33.386321],[126.580753,33.387027],[126.581261,33.387877],[126.581755,33.387929],[126.583019,33.389011],[126.584062,33.388854],[126.584536,33.389184],[126.584741,33.389874],[126.585556,33.389621],[126.586277,33.390434],[126.587371,33.390334],[126.588414,33.390811],[126.589473,33.390734],[126.590512,33.391401],[126.592496,33.391581],[126.593871,33.392356],[126.595799,33.392405],[126.596026,33.392923],[126.597863,33.394317],[126.598688,33.394052],[126.599616,33.394484],[126.601237,33.393353],[126.602449,33.393872],[126.603011,33.393446],[126.604206,33.39387],[126.606534,33.394981],[126.60702,33.396267],[126.608013,33.396909],[126.609297,33.39839],[126.610311,33.400957],[126.61089,33.401064],[126.610817,33.401623],[126.611452,33.403118],[126.612037,33.40319],[126.613892,33.40256],[126.615074,33.403206],[126.615106,33.403922],[126.615818,33.404383],[126.615296,33.405133],[126.615508,33.405549],[126.615298,33.405992],[126.615655,33.406432],[126.615388,33.407564],[126.61606,33.408007],[126.615946,33.408329],[126.617183,33.409896],[126.617192,33.410603],[126.618314,33.411902],[126.618195,33.41262],[126.618634,33.413795],[126.619095,33.414411],[126.620119,33.414578],[126.620857,33.415475],[126.621499,33.417452],[126.622791,33.418569],[126.622591,33.419032],[126.623892,33.419229],[126.623861,33.419552],[126.62586,33.422024],[126.6284,33.423604],[126.628721,33.424089],[126.630408,33.424505],[126.631948,33.426073],[126.633907,33.427026],[126.635235,33.426819],[126.636736,33.427283],[126.637842,33.431457],[126.63961,33.432417],[126.640612,33.434939],[126.641387,33.438361],[126.642248,33.439672],[126.642755,33.441453],[126.641435,33.442555],[126.639958,33.44481],[126.640268,33.44678],[126.639853,33.448528],[126.640393,33.451662],[126.639902,33.452559],[126.64107,33.4547],[126.641355,33.455873],[126.64136,33.457704],[126.641008,33.4585],[126.642786,33.458588]]]},"properties":{"AREA":51223135.44520819,"PERIMETER":45708.0643984728,"법정리코드":"5011025929","법정리명":"교래리","법정동코드":"50110259","법정시코드":"50110","법정리이름":"제주시교래리","SEA":2}},{"type":"Feature","geometry":{"type":"Polygon","coordinates":[[[126.711474,33.525189],[126.713729,33.525418],[126.720611,33.518735],[126.721688,33.517015],[126.723262,33.515556],[126.725707,33.512344],[126.729456,33.509588],[126.734493,33.506561],[126.733885,33.502408],[126.734189,33.50153],[126.733493,33.499663],[126.733482,33.49725],[126.733004,33.496078],[126.733099,33.494065],[126.732645,33.493608],[126.732974,33.491981],[126.732845,33.491546],[126.731517,33.490794],[126.731343,33.489652],[126.730414,33.488714],[126.730039,33.486645],[126.73056,33.485266],[126.731385,33.484732],[126.73224,33.483094],[126.731799,33.482699],[126.730462,33.483114],[126.730401,33.482315],[126.729875,33.482145],[126.729541,33.480819],[126.728362,33.479829],[126.728771,33.478493],[126.726194,33.476237],[126.725682,33.475206],[126.725711,33.473696],[126.725332,33.472611],[126.725876,33.471295],[126.72409,33.466091],[126.724837,33.462186],[126.72548,33.462094],[126.72651,33.46067],[126.725929,33.460056],[126.726681,33.45714],[126.722752,33.455446],[126.722023,33.452834],[126.721185,33.452147],[126.720263,33.452001],[126.720251,33.45051],[126.721003,33.447115],[126.718996,33.446292],[126.71364,33.445195],[126.712065,33.443293],[126.71087,33.442454],[126.710404,33.442971],[126.709753,33.442793],[126.702857,33.439812],[126.701731,33.438741],[126.699039,33.437808],[126.696878,33.437461],[126.695572,33.437861],[126.694637,33.440391],[126.693288,33.442806],[126.69196,33.444387],[126.687757,33.447237],[126.683301,33.44919],[126.681558,33.450364],[126.681304,33.451329],[126.681681,33.453722],[126.682735,33.454442],[126.684002,33.454512],[126.685148,33.455133],[126.685245,33.456164],[126.6864,33.456779],[126.685772,33.457319],[126.687005,33.458214],[126.686877,33.459027],[126.687938,33.459502],[126.688015,33.460027],[126.688878,33.46002],[126.690802,33.46152],[126.692136,33.464786],[126.69177,33.465866],[126.693366,33.467882],[126.695152,33.468947],[126.695045,33.469185],[126.697363,33.472661],[126.699065,33.473773],[126.700294,33.476507],[126.699941,33.477878],[126.69911,33.478988],[126.698625,33.47913],[126.698186,33.481072],[126.696912,33.482758],[126.69664,33.484118],[126.694705,33.48504],[126.695232,33.486687],[126.695093,33.487419],[126.694512,33.487788],[126.695216,33.489986],[126.695,33.491145],[126.694375,33.491933],[126.692954,33.492511],[126.68879,33.495586],[126.688423,33.498433],[126.687303,33.500769],[126.685242,33.501916],[126.683747,33.504245],[126.683443,33.505894],[126.684854,33.506841],[126.685091,33.507851],[126.685711,33.508314],[126.685809,33.509977],[126.685022,33.51111],[126.68488,33.51256],[126.683382,33.513889],[126.682723,33.515096],[126.68263,33.515543],[126.683397,33.517025],[126.682648,33.517654],[126.682565,33.519137],[126.681297,33.520441],[126.681115,33.521042],[126.681696,33.52195],[126.682257,33.521571],[126.68276,33.522078],[126.684093,33.522344],[126.684311,33.522864],[126.685041,33.523189],[126.685991,33.522751],[126.686498,33.522997],[126.68625,33.523678],[126.687308,33.523431],[126.687722,33.523966],[126.688913,33.524045],[126.690513,33.523285],[126.692271,33.524523],[126.696234,33.524995],[126.701498,33.524394],[126.705367,33.524575],[126.708272,33.525343],[126.710911,33.525518],[126.711474,33.525189]]]},"properties":{"AREA":31521487.31661828,"PERIMETER":28908.115673423315,"법정리코드":"5011025930","법정리명":"선흘리","법정동코드":"50110259","법정시코드":"50110","법정리이름":"제주시선흘리","SEA":2}},{"type":"Feature","geometry":{"type":"Polygon","coordinates":[[[126.240955,33.333597],[126.241675,33.333342],[126.243055,33.331849],[126.244298,33.331951],[126.246177,33.331241],[126.247615,33.330268],[126.249534,33.328142],[126.250525,33.327593],[126.250846,33.325892],[126.252062,33.326072],[126.253274,33.325707],[126.253962,33.324519],[126.255637,33.323682],[126.255926,33.32286],[126.258676,33.321732],[126.259292,33.321199],[126.262018,33.318126],[126.262807,33.316087],[126.262205,33.314385],[126.262644,33.313828],[126.262764,33.312779],[126.266379,33.310076],[126.266614,33.309549],[126.270359,33.30792],[126.27063,33.307438],[126.271713,33.30696],[126.273176,33.306842],[126.275744,33.305477],[126.276916,33.30561],[126.277172,33.304947],[126.279189,33.303143],[126.279987,33.301859],[126.279569,33.299918],[126.277893,33.298892],[126.274542,33.298158],[126.273771,33.297675],[126.270458,33.297506],[126.268355,33.296188],[126.267228,33.296309],[126.263948,33.295319],[126.263363,33.295527],[126.261315,33.295115],[126.259465,33.294218],[126.258286,33.294181],[126.255514,33.29324],[126.253029,33.292805],[126.251984,33.291666],[126.251499,33.291592],[126.250767,33.290428],[126.249825,33.290515],[126.248316,33.289456],[126.24749,33.289321],[126.246773,33.288354],[126.244548,33.288502],[126.244043,33.286044],[126.24293,33.284158],[126.242754,33.283164],[126.24341,33.282186],[126.243127,33.281004],[126.243452,33.279577],[126.243038,33.277424],[126.243961,33.275949],[126.243913,33.275218],[126.244303,33.27475],[126.244651,33.272966],[126.243014,33.273656],[126.238705,33.276378],[126.236091,33.279803],[126.232185,33.282022],[126.230131,33.284441],[126.226642,33.285828],[126.227453,33.28589],[126.228617,33.286823],[126.231213,33.287166],[126.23139,33.2881],[126.230628,33.291079],[126.230848,33.291548],[126.231562,33.29185],[126.230944,33.29309],[126.231805,33.293921],[126.231756,33.295428],[126.231393,33.295681],[126.231911,33.296049],[126.231757,33.296443],[126.232258,33.29661],[126.232715,33.296006],[126.234106,33.295611],[126.235596,33.299049],[126.235785,33.300318],[126.236421,33.301297],[126.239169,33.303843],[126.240538,33.303776],[126.24084,33.305157],[126.241155,33.305229],[126.240973,33.306196],[126.24141,33.307036],[126.240342,33.307557],[126.240256,33.307952],[126.239562,33.308007],[126.239264,33.308813],[126.239444,33.309575],[126.238615,33.310283],[126.239902,33.310775],[126.241032,33.311811],[126.23957,33.315513],[126.239621,33.31601],[126.239058,33.316856],[126.236993,33.318418],[126.23627,33.318864],[126.234954,33.319005],[126.235148,33.320194],[126.234858,33.320952],[126.236044,33.322047],[126.235924,33.323146],[126.23683,33.323605],[126.236358,33.324933],[126.236653,33.325705],[126.236494,33.32631],[126.237279,33.327006],[126.237475,33.328864],[126.238029,33.329724],[126.237893,33.330367],[126.238534,33.331769],[126.23903,33.331982],[126.239066,33.332663],[126.238524,33.333049],[126.239159,33.333403],[126.240955,33.333597]]]},"properties":{"AREA":12966917.509129182,"PERIMETER":21542.91735285569,"법정리코드":"5011031021","법정리명":"청수리","법정동코드":"50110310","법정시코드":"50110","법정리이름":"제주시청수리","SEA":2}},{"type":"Feature","geometry":{"type":"Polygon","coordinates":[[[126.163223,33.334052],[126.16185,33.333851],[126.161975,33.334114],[126.163215,33.334127],[126.163413,33.334868],[126.163083,33.335664],[126.163885,33.336746],[126.166062,33.337582],[126.166777,33.338155],[126.167106,33.337582],[126.167948,33.337467],[126.171333,33.339121],[126.172671,33.338548],[126.172925,33.339006],[126.173455,33.339106],[126.173644,33.339725],[126.173941,33.33939],[126.175033,33.339653],[126.176242,33.339174],[126.178499,33.339337],[126.178838,33.339609],[126.180021,33.339191],[126.181913,33.341102],[126.182326,33.341179],[126.182671,33.337081],[126.181963,33.334949],[126.183031,33.334951],[126.184506,33.33392],[126.185992,33.333945],[126.186116,33.334342],[126.187356,33.334447],[126.187914,33.333831],[126.188487,33.333931],[126.189253,33.33176],[126.191186,33.330219],[126.193084,33.327354],[126.193269,33.326392],[126.194471,33.325322],[126.196209,33.324983],[126.198678,33.325107],[126.200199,33.325804],[126.201172,33.325574],[126.201515,33.324659],[126.202999,33.323441],[126.204072,33.321441],[126.204129,33.320301],[126.200987,33.319428],[126.20054,33.318757],[126.19952,33.318894],[126.198757,33.317814],[126.19767,33.317919],[126.196604,33.317575],[126.195559,33.31605],[126.194483,33.315825],[126.194184,33.315238],[126.192742,33.314081],[126.191948,33.313911],[126.190402,33.312687],[126.188373,33.312458],[126.187751,33.310913],[126.18659,33.310968],[126.185338,33.310495],[126.185011,33.309783],[126.183693,33.309139],[126.182975,33.309958],[126.182038,33.310122],[126.181025,33.312088],[126.179746,33.313065],[126.178909,33.314363],[126.177108,33.315372],[126.176858,33.314117],[126.177302,33.309732],[126.174941,33.30973],[126.174128,33.308313],[126.172511,33.307602],[126.170072,33.307638],[126.167937,33.308985],[126.166736,33.310687],[126.166566,33.312477],[126.167493,33.315068],[126.166599,33.31539],[126.168681,33.316435],[126.168396,33.317374],[126.167783,33.317593],[126.168087,33.318278],[126.167616,33.319182],[126.167731,33.319668],[126.166602,33.321538],[126.166475,33.322549],[126.166853,33.323281],[126.16623,33.323769],[126.165289,33.323328],[126.163339,33.324112],[126.162879,33.324597],[126.163339,33.327551],[126.163029,33.328672],[126.16513,33.328934],[126.165831,33.331437],[126.164707,33.332067],[126.164425,33.332651],[126.163646,33.333144],[126.163223,33.334052]]]},"properties":{"AREA":8134780.724248589,"PERIMETER":16043.927850117732,"법정리코드":"5011031022","법정리명":"용수리","법정동코드":"50110310","법정시코드":"50110","법정리이름":"제주시용수리","SEA":2}},{"type":"Feature","geometry":{"type":"Polygon","coordinates":[[[126.204082,33.320275],[126.20388,33.318774],[126.204611,33.315588],[126.205937,33.313928],[126.20683,33.313408],[126.206976,33.31279],[126.207957,33.312288],[126.208339,33.311715],[126.208578,33.311176],[126.208349,33.31028],[126.208714,33.309411],[126.206669,33.307096],[126.206468,33.305552],[126.207123,33.305411],[126.206486,33.30171],[126.206882,33.300046],[126.206831,33.298495],[126.206564,33.295105],[126.205896,33.293651],[126.202703,33.295504],[126.194329,33.297511],[126.192007,33.298352],[126.191622,33.296963],[126.191882,33.295847],[126.191692,33.293674],[126.188787,33.293251],[126.188217,33.29234],[126.186518,33.291946],[126.185872,33.29145],[126.185402,33.292015],[126.184028,33.291995],[126.182204,33.290789],[126.181037,33.290621],[126.18042,33.290092],[126.179434,33.290593],[126.178835,33.290451],[126.177494,33.290815],[126.175483,33.290268],[126.174652,33.290725],[126.173173,33.288945],[126.172616,33.288732],[126.172286,33.289066],[126.171077,33.288509],[126.170461,33.28718],[126.170697,33.286702],[126.172008,33.286075],[126.172065,33.285529],[126.168992,33.282564],[126.165302,33.284907],[126.164272,33.284907],[126.162908,33.285547],[126.162428,33.289857],[126.161851,33.290892],[126.161646,33.292265],[126.163021,33.294749],[126.166537,33.296946],[126.167957,33.298839],[126.167172,33.301053],[126.16613,33.302178],[126.165745,33.303354],[126.165309,33.30371],[126.165063,33.304944],[126.164387,33.30564],[126.163724,33.307609],[126.163761,33.30811],[126.164619,33.309146],[126.163994,33.310005],[126.164482,33.309416],[126.164621,33.309686],[126.165327,33.310352],[126.164525,33.309335],[126.166071,33.309453],[126.166208,33.309958],[126.165827,33.310113],[126.166005,33.310218],[126.16554,33.3108],[126.165755,33.310801],[126.165621,33.311951],[126.166915,33.314931],[126.166676,33.31527],[126.167493,33.315068],[126.166566,33.312477],[126.166736,33.310687],[126.16747,33.309577],[126.168533,33.308531],[126.170072,33.307638],[126.172491,33.307599],[126.174128,33.308313],[126.174941,33.30973],[126.177302,33.309732],[126.176858,33.314117],[126.177108,33.315372],[126.178909,33.314363],[126.179746,33.313065],[126.181025,33.312088],[126.182038,33.310122],[126.182975,33.309958],[126.183693,33.309139],[126.185011,33.309783],[126.185338,33.310495],[126.18659,33.310968],[126.187751,33.310913],[126.188373,33.312458],[126.190402,33.312687],[126.191948,33.313911],[126.192742,33.314081],[126.194184,33.315238],[126.194483,33.315825],[126.195559,33.31605],[126.196604,33.317575],[126.19767,33.317919],[126.198757,33.317814],[126.19952,33.318894],[126.20054,33.318757],[126.200987,33.319428],[126.203208,33.320165],[126.204082,33.320275]]]},"properties":{"AREA":9304819.44796736,"PERIMETER":19941.529668258518,"법정리코드":"5011031023","법정리명":"고산리","법정동코드":"50110310","법정시코드":"50110","법정리이름":"제주시고산리","SEA":2}},{"type":"Feature","geometry":{"type":"Polygon","coordinates":[[[126.20314,33.367],[126.203375,33.367503],[126.204941,33.368208],[126.205958,33.369149],[126.205848,33.371214],[126.206694,33.372404],[126.210289,33.37412],[126.21308,33.374999],[126.213405,33.37501],[126.213014,33.373852],[126.215225,33.374567],[126.215111,33.373539],[126.215692,33.372658],[126.216398,33.370362],[126.21605,33.369402],[126.216042,33.367137],[126.217104,33.36678],[126.21768,33.366193],[126.219378,33.36588],[126.221306,33.364942],[126.223034,33.364784],[126.223658,33.364328],[126.22405,33.364683],[126.224379,33.364502],[126.225379,33.362743],[126.227058,33.361493],[126.226947,33.360589],[126.227747,33.360534],[126.227738,33.35838],[126.229069,33.356787],[126.229534,33.355244],[126.229104,33.354542],[126.229455,33.352793],[126.229909,33.352375],[126.230788,33.34966],[126.230661,33.3482],[126.230029,33.346987],[126.229211,33.346366],[126.227748,33.347091],[126.22678,33.34702],[126.226049,33.347425],[126.225759,33.34921],[126.225212,33.349685],[126.223651,33.350136],[126.220874,33.349568],[126.219557,33.34883],[126.219153,33.348132],[126.218535,33.348135],[126.219783,33.346233],[126.21928,33.345833],[126.218383,33.345637],[126.217521,33.346064],[126.216877,33.345999],[126.215388,33.345567],[126.214398,33.344852],[126.214045,33.345311],[126.213115,33.345338],[126.212648,33.345901],[126.21105,33.346047],[126.209692,33.347243],[126.20717,33.347715],[126.205943,33.348789],[126.203305,33.349052],[126.201454,33.351164],[126.200648,33.351346],[126.200059,33.351973],[126.199242,33.352085],[126.198894,33.352643],[126.198929,33.353318],[126.198237,33.353502],[126.19719,33.354404],[126.197182,33.355195],[126.196471,33.356935],[126.196864,33.357646],[126.196416,33.358368],[126.196597,33.359407],[126.196255,33.360305],[126.196894,33.362125],[126.195686,33.363728],[126.196283,33.363998],[126.196432,33.364491],[126.195816,33.364883],[126.196755,33.365686],[126.197492,33.365939],[126.198578,33.365732],[126.199607,33.365501],[126.200098,33.364978],[126.200966,33.365491],[126.201219,33.366057],[126.201665,33.365919],[126.20314,33.367]]]},"properties":{"AREA":6534760.850385409,"PERIMETER":12723.329770673245,"법정리코드":"5011031024","법정리명":"판포리","법정동코드":"50110310","법정시코드":"50110","법정리이름":"제주시판포리","SEA":2}},{"type":"Feature","geometry":{"type":"Polygon","coordinates":[[[126.187553,33.359225],[126.18768,33.359845],[126.188677,33.360897],[126.188343,33.361066],[126.188366,33.361094],[126.188905,33.36095],[126.189618,33.361277],[126.190119,33.362599],[126.191131,33.363199],[126.192349,33.363112],[126.193434,33.364212],[126.195673,33.363734],[126.196894,33.362125],[126.196255,33.360305],[126.196597,33.359407],[126.196416,33.358368],[126.196864,33.357646],[126.196471,33.356935],[126.197182,33.355195],[126.19719,33.354404],[126.198237,33.353502],[126.198929,33.353318],[126.198894,33.352643],[126.199242,33.352085],[126.200059,33.351973],[126.200648,33.351346],[126.201454,33.351164],[126.203305,33.349052],[126.205943,33.348789],[126.20717,33.347715],[126.209692,33.347243],[126.21105,33.346047],[126.212648,33.345901],[126.213115,33.345338],[126.214045,33.345311],[126.214398,33.344852],[126.216531,33.345924],[126.217521,33.346064],[126.218697,33.345638],[126.219783,33.346233],[126.221001,33.345349],[126.221231,33.344796],[126.220714,33.34448],[126.21958,33.344602],[126.219399,33.343385],[126.218532,33.342494],[126.218659,33.341577],[126.218089,33.340804],[126.218725,33.340317],[126.216624,33.339264],[126.215984,33.339704],[126.215786,33.340287],[126.212095,33.34148],[126.211515,33.342134],[126.209758,33.342887],[126.208384,33.343078],[126.205886,33.345113],[126.205238,33.345299],[126.205225,33.346035],[126.202933,33.346543],[126.201468,33.347389],[126.199991,33.347456],[126.197463,33.348848],[126.195434,33.350407],[126.195883,33.350863],[126.195484,33.351839],[126.194299,33.352884],[126.193825,33.353875],[126.190463,33.355627],[126.190046,33.356267],[126.189149,33.356212],[126.188586,33.358076],[126.187553,33.359225]]]},"properties":{"AREA":1788118.9150050797,"PERIMETER":10308.305695283778,"법정리코드":"5011031025","법정리명":"금등리","법정동코드":"50110310","법정시코드":"50110","법정리이름":"제주시금등리","SEA":2}},{"type":"Feature","geometry":{"type":"Polygon","coordinates":[[[126.232872,33.351907],[126.233779,33.351731],[126.234938,33.352116],[126.235387,33.351976],[126.235176,33.350538],[126.235788,33.348759],[126.237023,33.34757],[126.236962,33.346504],[126.237815,33.346342],[126.237431,33.345957],[126.238321,33.344042],[126.237921,33.343376],[126.237959,33.342781],[126.238657,33.341401],[126.237834,33.340315],[126.23828,33.339935],[126.238315,33.339422],[126.237828,33.339078],[126.235921,33.339081],[126.236067,33.338002],[126.236034,33.337705],[126.235697,33.337767],[126.235748,33.337031],[126.236315,33.336205],[126.236931,33.335928],[126.238861,33.335917],[126.239507,33.335483],[126.239301,33.334958],[126.237563,33.333354],[126.236825,33.333429],[126.235859,33.331796],[126.233963,33.33059],[126.233356,33.33061],[126.232639,33.329437],[126.230393,33.330137],[126.230074,33.331366],[126.229782,33.331477],[126.226386,33.330247],[126.224945,33.329257],[126.224774,33.328404],[126.221768,33.32786],[126.221012,33.325037],[126.220983,33.323878],[126.222024,33.322731],[126.222869,33.32052],[126.222332,33.318079],[126.222878,33.317271],[126.222481,33.316738],[126.222532,33.315798],[126.221692,33.313327],[126.221823,33.311331],[126.222786,33.309088],[126.222904,33.307763],[126.222867,33.307071],[126.222123,33.306341],[126.221982,33.305014],[126.222373,33.302421],[126.221799,33.301941],[126.221976,33.300559],[126.2224,33.300004],[126.222837,33.298251],[126.222305,33.296577],[126.2231,33.29412],[126.224579,33.291854],[126.224428,33.290806],[126.225074,33.289299],[126.22533,33.286286],[126.222053,33.287133],[126.210311,33.292501],[126.205896,33.293651],[126.206564,33.295105],[126.206831,33.298495],[126.206882,33.300046],[126.206486,33.30171],[126.207123,33.305411],[126.206468,33.305552],[126.206669,33.307096],[126.208714,33.309411],[126.208349,33.31028],[126.208578,33.311176],[126.208339,33.311715],[126.207957,33.312288],[126.206976,33.31279],[126.20683,33.313408],[126.205937,33.313928],[126.204611,33.315588],[126.20388,33.318774],[126.203967,33.319799],[126.20411,33.320503],[126.204581,33.320575],[126.205092,33.321208],[126.207313,33.321894],[126.207294,33.325095],[126.20786,33.325662],[126.207696,33.326416],[126.208735,33.328903],[126.208851,33.331916],[126.209834,33.332126],[126.210865,33.3333],[126.211845,33.335233],[126.212433,33.335351],[126.21297,33.336143],[126.214316,33.33603],[126.215439,33.336312],[126.215622,33.336504],[126.215177,33.337023],[126.215593,33.338333],[126.216367,33.339453],[126.21668,33.33927],[126.218725,33.340317],[126.218089,33.340804],[126.218659,33.341577],[126.218532,33.342494],[126.219399,33.343385],[126.21958,33.344602],[126.220714,33.34448],[126.221231,33.344796],[126.221001,33.345349],[126.219189,33.346809],[126.218535,33.348135],[126.219153,33.348132],[126.219557,33.34883],[126.220874,33.349568],[126.223921,33.350157],[126.225759,33.34921],[126.226049,33.347425],[126.22678,33.34702],[126.227748,33.347091],[126.229211,33.346366],[126.230029,33.346987],[126.230661,33.3482],[126.230788,33.34966],[126.230125,33.351784],[126.230679,33.351909],[126.230683,33.352301],[126.23165,33.352933],[126.232872,33.351907]]]},"properties":{"AREA":10834591.784184119,"PERIMETER":22618.347086114474,"법정리코드":"5011031026","법정리명":"조수리","법정동코드":"50110310","법정시코드":"50110","법정리이름":"제주시조수리","SEA":2}},{"type":"Feature","geometry":{"type":"Polygon","coordinates":[[[126.180872,33.351031],[126.179569,33.351733],[126.18142,33.352619],[126.181342,33.353206],[126.181946,33.353996],[126.181555,33.355296],[126.181745,33.35668],[126.182111,33.356695],[126.182157,33.357143],[126.181625,33.357324],[126.180554,33.357029],[126.180545,33.357633],[126.180902,33.35762],[126.180836,33.357296],[126.181381,33.357391],[126.180985,33.35807],[126.181216,33.358509],[126.181622,33.358574],[126.182025,33.357969],[126.182825,33.358416],[126.183708,33.358383],[126.183779,33.358105],[126.184244,33.35841],[126.184452,33.359636],[126.184724,33.359757],[126.184746,33.358757],[126.185487,33.359106],[126.18567,33.35885],[126.186719,33.358944],[126.187189,33.358422],[126.187636,33.358784],[126.188059,33.358704],[126.189201,33.356717],[126.189149,33.356212],[126.190046,33.356267],[126.190463,33.355627],[126.193825,33.353875],[126.194299,33.352884],[126.195484,33.351839],[126.195883,33.350863],[126.195434,33.350407],[126.197463,33.348848],[126.199991,33.347456],[126.201468,33.347389],[126.202933,33.346543],[126.205225,33.346035],[126.205238,33.345299],[126.205886,33.345113],[126.208384,33.343078],[126.209758,33.342887],[126.211515,33.342134],[126.212095,33.34148],[126.215786,33.340287],[126.216367,33.339453],[126.215593,33.338333],[126.215177,33.337023],[126.215622,33.336504],[126.215099,33.336131],[126.21297,33.336143],[126.212433,33.335351],[126.211845,33.335233],[126.210865,33.3333],[126.209834,33.332126],[126.208851,33.331916],[126.208735,33.328903],[126.207696,33.326416],[126.20786,33.325662],[126.207294,33.325095],[126.207313,33.321894],[126.205092,33.321208],[126.204581,33.320575],[126.20411,33.320503],[126.204072,33.321441],[126.202999,33.323441],[126.201515,33.324659],[126.201172,33.325574],[126.200199,33.325804],[126.198678,33.325107],[126.195334,33.325053],[126.194471,33.325322],[126.193269,33.326392],[126.193084,33.327354],[126.191186,33.330219],[126.189529,33.331418],[126.188902,33.332362],[126.188903,33.333318],[126.188487,33.333931],[126.188841,33.33434],[126.188728,33.334932],[126.18749,33.336204],[126.185959,33.336989],[126.186982,33.338408],[126.187254,33.339741],[126.188117,33.340731],[126.189015,33.340304],[126.190196,33.341218],[126.190258,33.341579],[126.189161,33.342517],[126.18917,33.344052],[126.189505,33.345123],[126.191784,33.346366],[126.191294,33.347959],[126.190654,33.348588],[126.187174,33.350463],[126.186191,33.350544],[126.185968,33.349965],[126.184541,33.350292],[126.184175,33.350649],[126.183423,33.350277],[126.182319,33.350699],[126.181064,33.35047],[126.180872,33.351031]]]},"properties":{"AREA":6040225.1268534325,"PERIMETER":15466.31579403341,"법정리코드":"5011031027","법정리명":"두모리","법정동코드":"50110310","법정시코드":"50110","법정리이름":"제주시두모리","SEA":2}},{"type":"Feature","geometry":{"type":"Polygon","coordinates":[[[126.182319,33.350699],[126.183423,33.350277],[126.184175,33.350649],[126.184541,33.350292],[126.185968,33.349965],[126.186191,33.350544],[126.187174,33.350463],[126.190654,33.348588],[126.191578,33.34736],[126.191784,33.346366],[126.189505,33.345123],[126.18917,33.344052],[126.189161,33.342517],[126.190258,33.341579],[126.190196,33.341218],[126.189015,33.340304],[126.188117,33.340731],[126.187254,33.339741],[126.186982,33.338408],[126.185959,33.336989],[126.18749,33.336204],[126.188728,33.334932],[126.188841,33.33434],[126.188487,33.333931],[126.187914,33.333831],[126.187356,33.334447],[126.186116,33.334342],[126.185992,33.333945],[126.184506,33.33392],[126.183031,33.334951],[126.181963,33.334949],[126.182671,33.337081],[126.182326,33.341179],[126.181913,33.341102],[126.180021,33.339191],[126.178838,33.339609],[126.178499,33.339337],[126.176242,33.339174],[126.175033,33.339653],[126.173941,33.33939],[126.173644,33.339725],[126.173455,33.339106],[126.172925,33.339006],[126.172671,33.338548],[126.171333,33.339121],[126.170099,33.338706],[126.169912,33.338254],[126.168245,33.337821],[126.16812,33.337518],[126.166991,33.337672],[126.166777,33.338155],[126.167349,33.339697],[126.165942,33.341705],[126.166545,33.341563],[126.16655,33.341991],[126.16714,33.342303],[126.167238,33.34189],[126.167953,33.341941],[126.168998,33.341504],[126.171108,33.342063],[126.172061,33.342863],[126.171603,33.343395],[126.169892,33.343949],[126.169652,33.343559],[126.169319,33.343588],[126.169655,33.344012],[126.16936,33.344198],[126.169432,33.345581],[126.169571,33.344113],[126.171563,33.343475],[126.17234,33.34294],[126.173627,33.343076],[126.173866,33.343727],[126.174287,33.343078],[126.175147,33.343307],[126.175736,33.343908],[126.175058,33.344117],[126.175491,33.344312],[126.175828,33.344097],[126.175684,33.344721],[126.175989,33.344443],[126.176858,33.345166],[126.179173,33.345804],[126.177822,33.347762],[126.177834,33.348573],[126.178055,33.349553],[126.178044,33.347732],[126.178313,33.347347],[126.179114,33.347481],[126.178253,33.347227],[126.179036,33.346094],[126.179342,33.346289],[126.179566,33.345928],[126.179983,33.346051],[126.179843,33.346308],[126.180098,33.346428],[126.180193,33.346102],[126.180584,33.346292],[126.182138,33.345395],[126.181699,33.346299],[126.180525,33.346612],[126.180485,33.347093],[126.180907,33.347424],[126.181052,33.347214],[126.181243,33.347605],[126.180789,33.347859],[126.180255,33.347453],[126.179825,33.347849],[126.179187,33.347403],[126.180042,33.348141],[126.180389,33.348032],[126.180228,33.348608],[126.18049,33.348339],[126.181122,33.348768],[126.180689,33.349085],[126.180396,33.348733],[126.17945,33.348859],[126.179001,33.349144],[126.178683,33.349104],[126.179016,33.349189],[126.180218,33.348796],[126.180545,33.349111],[126.180501,33.3496],[126.180774,33.349276],[126.18135,33.349404],[126.180644,33.349441],[126.181053,33.349868],[126.181019,33.350504],[126.182319,33.350699]]]},"properties":{"AREA":1926592.5698005846,"PERIMETER":14034.50442436861,"법정리코드":"5011031028","법정리명":"신창리","법정동코드":"50110310","법정시코드":"50110","법정리이름":"제주시신창리","SEA":2}},{"type":"Feature","geometry":{"type":"Polygon","coordinates":[[[126.236825,33.333429],[126.239066,33.332663],[126.23903,33.331982],[126.238534,33.331769],[126.237893,33.330367],[126.238029,33.329724],[126.237475,33.328864],[126.237279,33.327006],[126.236494,33.32631],[126.236653,33.325705],[126.236358,33.324933],[126.23683,33.323605],[126.235924,33.323146],[126.236044,33.322047],[126.234858,33.320983],[126.235148,33.320194],[126.234954,33.319005],[126.23627,33.318864],[126.236993,33.318418],[126.239058,33.316856],[126.239621,33.31601],[126.23957,33.315513],[126.241032,33.311811],[126.239902,33.310775],[126.238615,33.310283],[126.239444,33.309575],[126.239264,33.308813],[126.239562,33.308007],[126.240256,33.307952],[126.240342,33.307557],[126.24141,33.307036],[126.240973,33.306196],[126.241257,33.305609],[126.24084,33.305157],[126.240538,33.303776],[126.239169,33.303843],[126.236421,33.301297],[126.235785,33.300318],[126.235596,33.299049],[126.234106,33.295611],[126.232715,33.296006],[126.232258,33.29661],[126.231757,33.296443],[126.231911,33.296049],[126.231393,33.295681],[126.231756,33.295428],[126.231805,33.293921],[126.230944,33.29309],[126.231562,33.29185],[126.230848,33.291548],[126.230628,33.291079],[126.23139,33.2881],[126.231213,33.287166],[126.228617,33.286823],[126.227453,33.28589],[126.22642,33.285879],[126.22533,33.286286],[126.225074,33.289299],[126.224428,33.290806],[126.224579,33.291854],[126.2231,33.29412],[126.222305,33.296577],[126.222837,33.298251],[126.2224,33.300004],[126.221976,33.300559],[126.221799,33.301941],[126.222373,33.302421],[126.221982,33.305014],[126.222123,33.306341],[126.222867,33.307071],[126.222904,33.307763],[126.222786,33.309088],[126.221823,33.311331],[126.221692,33.313327],[126.222532,33.315798],[126.222481,33.316738],[126.222878,33.317271],[126.222332,33.318079],[126.222869,33.32052],[126.222024,33.322731],[126.220983,33.323878],[126.221497,33.32756],[126.221939,33.327907],[126.224774,33.328404],[126.224945,33.329257],[126.226386,33.330247],[126.229782,33.331477],[126.230074,33.331366],[126.230393,33.330137],[126.232639,33.329437],[126.233356,33.33061],[126.233963,33.33059],[126.235859,33.331796],[126.236825,33.333429]]]},"properties":{"AREA":6275179.229014093,"PERIMETER":14786.49675678817,"법정리코드":"5011031029","법정리명":"낙천리","법정동코드":"50110310","법정시코드":"50110","법정리이름":"제주시낙천리","SEA":2}},{"type":"Feature","geometry":{"type":"Polygon","coordinates":[[[126.24628,33.347725],[126.247397,33.347081],[126.247846,33.345931],[126.247712,33.345456],[126.248664,33.344055],[126.249652,33.343626],[126.249906,33.342483],[126.250574,33.342286],[126.250849,33.341687],[126.251611,33.34122],[126.252089,33.341075],[126.252792,33.341757],[126.254656,33.342582],[126.255049,33.343317],[126.255901,33.342796],[126.257414,33.344198],[126.258373,33.344482],[126.258523,33.344963],[126.259688,33.34494],[126.26073,33.343981],[126.260988,33.343086],[126.261864,33.343131],[126.262129,33.342867],[126.262095,33.343271],[126.262269,33.343407],[126.262551,33.342766],[126.263532,33.342471],[126.263639,33.341656],[126.265432,33.342038],[126.270101,33.337033],[126.270047,33.338335],[126.271474,33.339981],[126.271916,33.342647],[126.274147,33.344541],[126.276462,33.345681],[126.276574,33.346095],[126.27857,33.346477],[126.278704,33.346046],[126.280047,33.34542],[126.282786,33.345035],[126.283591,33.342748],[126.284438,33.342599],[126.28515,33.339828],[126.285067,33.339088],[126.286682,33.337075],[126.288498,33.335639],[126.289257,33.331731],[126.2912,33.327051],[126.292996,33.32582],[126.293422,33.324924],[126.296323,33.321992],[126.292409,33.310494],[126.28735,33.307101],[126.287239,33.305607],[126.286352,33.304337],[126.285554,33.303856],[126.28243,33.303384],[126.279987,33.301859],[126.279189,33.303143],[126.277172,33.304947],[126.276916,33.30561],[126.275744,33.305477],[126.273176,33.306842],[126.271713,33.30696],[126.27063,33.307438],[126.270359,33.30792],[126.266614,33.309549],[126.266379,33.310076],[126.262764,33.312779],[126.262644,33.313828],[126.262205,33.314385],[126.262807,33.316087],[126.262018,33.318126],[126.260911,33.319663],[126.259974,33.320172],[126.258676,33.321732],[126.255926,33.32286],[126.255637,33.323682],[126.253962,33.324519],[126.253274,33.325707],[126.252062,33.326072],[126.250846,33.325892],[126.250525,33.327593],[126.249534,33.328142],[126.247615,33.330268],[126.246177,33.331241],[126.244298,33.331951],[126.243055,33.331849],[126.241287,33.333615],[126.239159,33.333403],[126.238049,33.33293],[126.237518,33.333342],[126.239118,33.334725],[126.239507,33.335483],[126.238582,33.336022],[126.236931,33.335928],[126.236315,33.336205],[126.235748,33.337031],[126.235686,33.337714],[126.236034,33.337705],[126.235974,33.339118],[126.237828,33.339078],[126.238315,33.339422],[126.23828,33.339935],[126.237834,33.340315],[126.238657,33.341401],[126.237959,33.342781],[126.239317,33.343189],[126.240896,33.344476],[126.242136,33.344704],[126.243557,33.346352],[126.243999,33.346382],[126.244527,33.346934],[126.24486,33.3468],[126.24628,33.347725]]]},"properties":{"AREA":15019710.742949061,"PERIMETER":20716.8955770142,"법정리코드":"5011031030","법정리명":"저지리","법정동코드":"50110310","법정시코드":"50110","법정리이름":"제주시저지리","SEA":2}},{"type":"Feature","geometry":{"type":"Polygon","coordinates":[[[126.285002,33.239357],[126.285433,33.235092],[126.284101,33.23307],[126.284649,33.232473],[126.284237,33.232247],[126.284346,33.231835],[126.28649,33.229687],[126.28679,33.228992],[126.288626,33.227731],[126.289728,33.22602],[126.289839,33.224851],[126.290491,33.223286],[126.290157,33.220301],[126.290646,33.219345],[126.291807,33.218845],[126.291608,33.218203],[126.2937,33.218001],[126.293291,33.216808],[126.294285,33.215251],[126.294029,33.214133],[126.294356,33.21376],[126.293377,33.21371],[126.292375,33.212036],[126.291659,33.209897],[126.291288,33.207588],[126.29149,33.207358],[126.291491,33.207251],[126.291307,33.207498],[126.291134,33.207244],[126.291537,33.207089],[126.290839,33.206964],[126.290403,33.206461],[126.291193,33.205995],[126.291328,33.205794],[126.29015,33.206474],[126.28968,33.205108],[126.290407,33.203471],[126.291471,33.203114],[126.291862,33.20264],[126.292598,33.202575],[126.293031,33.202119],[126.293667,33.200443],[126.293704,33.198915],[126.294476,33.198267],[126.294482,33.197753],[126.294274,33.197303],[126.290821,33.19541],[126.288401,33.195654],[126.287269,33.197041],[126.2873,33.199897],[126.286158,33.200806],[126.284228,33.201216],[126.28017,33.200725],[126.278655,33.200203],[126.276042,33.200214],[126.275481,33.199879],[126.275589,33.199658],[126.27397,33.198975],[126.273731,33.197141],[126.27136,33.196963],[126.270264,33.196026],[126.269073,33.196267],[126.267887,33.19676],[126.268069,33.197298],[126.270221,33.19731],[126.270113,33.198546],[126.269688,33.199925],[126.269738,33.201705],[126.269231,33.202271],[126.268456,33.204586],[126.26842,33.210823],[126.267404,33.212956],[126.264837,33.215406],[126.261712,33.216568],[126.261414,33.217089],[126.259779,33.218226],[126.258066,33.219097],[126.256817,33.219295],[126.256934,33.221345],[126.255818,33.221393],[126.255335,33.222458],[126.255172,33.224232],[126.255749,33.227458],[126.256929,33.228313],[126.256707,33.229732],[126.257277,33.231655],[126.256846,33.235179],[126.25739,33.236163],[126.257451,33.237806],[126.258093,33.238079],[126.25829,33.238579],[126.259564,33.23912],[126.262464,33.239712],[126.262554,33.239325],[126.263685,33.23949],[126.264833,33.23924],[126.26552,33.239664],[126.266971,33.239775],[126.267698,33.23836],[126.268952,33.237914],[126.265679,33.233689],[126.266472,33.233454],[126.269478,33.234924],[126.271327,33.234166],[126.273223,33.237401],[126.274418,33.236857],[126.276925,33.237014],[126.277047,33.237429],[126.278403,33.238124],[126.282084,33.241141],[126.283066,33.241094],[126.285002,33.239357]]]},"properties":{"AREA":11465961.879744949,"PERIMETER":19684.101562949196,"법정리코드":"5013025021","법정리명":"상모리","법정동코드":"50130250","법정시코드":"50130","법정리이름":"서귀포시상모리","SEA":2}},{"type":"Feature","geometry":{"type":"MultiPolygon","coordinates":[[[[126.249753,33.220319],[126.249772,33.220284],[126.24972,33.220304],[126.249753,33.220319]]],[[[126.260652,33.211517],[126.25943,33.211262],[126.259445,33.209469],[126.256569,33.209453],[126.256566,33.209747],[126.256148,33.209821],[126.256625,33.210016],[126.256466,33.210403],[126.256044,33.210477],[126.255572,33.20975],[126.256697,33.207509],[126.257831,33.20699],[126.259442,33.207034],[126.257827,33.20691],[126.256553,33.207493],[126.255168,33.210481],[126.255648,33.211087],[126.253236,33.213464],[126.25278,33.214319],[126.250318,33.213827],[126.251311,33.214108],[126.250951,33.214838],[126.25143,33.214396],[126.251782,33.214453],[126.251726,33.215625],[126.250989,33.215687],[126.250922,33.216421],[126.249429,33.216513],[126.24974,33.216605],[126.249439,33.217308],[126.24964,33.218367],[126.250611,33.218612],[126.251197,33.21959],[126.250395,33.219828],[126.249777,33.219174],[126.25036,33.219864],[126.250973,33.219756],[126.250522,33.220293],[126.250042,33.220422],[126.25012,33.220302],[126.249861,33.220356],[126.249702,33.220325],[126.249543,33.220233],[126.249532,33.219509],[126.24896,33.21951],[126.248459,33.217581],[126.247826,33.217779],[126.247384,33.216998],[126.248821,33.21564],[126.249388,33.215817],[126.248971,33.215422],[126.249274,33.214652],[126.249315,33.213215],[126.249693,33.212535],[126.249181,33.213185],[126.248824,33.215526],[126.247146,33.216926],[126.248038,33.218993],[126.246782,33.219833],[126.247112,33.220901],[126.246474,33.22095],[126.24692,33.221692],[126.246286,33.223889],[126.247283,33.224276],[126.247526,33.224736],[126.247551,33.225382],[126.247182,33.225669],[126.246952,33.226604],[126.247165,33.227771],[126.247758,33.228877],[126.247763,33.229516],[126.25019,33.230009],[126.250071,33.234344],[126.249792,33.234452],[126.249887,33.23526],[126.250411,33.235946],[126.249503,33.237186],[126.249563,33.238361],[126.248732,33.23923],[126.24972,33.240719],[126.250584,33.240772],[126.251463,33.241441],[126.25198,33.242441],[126.253195,33.243276],[126.253293,33.241069],[126.253037,33.240138],[126.255111,33.239266],[126.255901,33.239315],[126.25606,33.238844],[126.256538,33.239711],[126.256813,33.239695],[126.258107,33.238207],[126.257451,33.237806],[126.25739,33.236163],[126.256873,33.235536],[126.257277,33.231655],[126.256707,33.229732],[126.256929,33.228313],[126.255749,33.227458],[126.255172,33.224232],[126.255335,33.222458],[126.255818,33.221393],[126.256934,33.221345],[126.256817,33.219295],[126.258066,33.219097],[126.259779,33.218226],[126.261414,33.217089],[126.261712,33.216568],[126.264837,33.215406],[126.267404,33.212956],[126.26842,33.210823],[126.268456,33.204586],[126.269231,33.202271],[126.269738,33.201705],[126.269688,33.199925],[126.270221,33.19731],[126.268069,33.197298],[126.267887,33.19676],[126.266871,33.197224],[126.265677,33.197255],[126.262476,33.199456],[126.262039,33.20066],[126.262184,33.201216],[126.26342,33.201113],[126.264218,33.201391],[126.264172,33.202706],[126.263365,33.203672],[126.264838,33.205261],[126.264385,33.205833],[126.264472,33.20728],[126.263476,33.208359],[126.263366,33.209859],[126.260652,33.211517]]]]},"properties":{"AREA":3656972.456317796,"PERIMETER":19637.59480576572,"법정리코드":"5013025022","법정리명":"하모리","법정동코드":"50130250","법정시코드":"50130","법정리이름":"서귀포시하모리","SEA":2}},{"type":"Feature","geometry":{"type":"Polygon","coordinates":[[[126.294261,33.250328],[126.290453,33.246456],[126.287788,33.24676],[126.284445,33.247795],[126.281555,33.249295],[126.278983,33.249839],[126.277095,33.249877],[126.277373,33.251361],[126.278798,33.251249],[126.279256,33.25411],[126.276892,33.255537],[126.27717,33.257873],[126.27549,33.258456],[126.275777,33.260523],[126.276935,33.26317],[126.276573,33.263499],[126.276457,33.264488],[126.276872,33.266877],[126.277699,33.268135],[126.278785,33.271988],[126.280303,33.274148],[126.281182,33.274107],[126.281604,33.273766],[126.281426,33.27329],[126.282754,33.27253],[126.283116,33.273001],[126.284077,33.272902],[126.284176,33.271361],[126.285262,33.271846],[126.285636,33.272506],[126.285473,33.273375],[126.286167,33.274154],[126.286638,33.277055],[126.286998,33.277486],[126.286256,33.27806],[126.28628,33.27836],[126.286939,33.2792],[126.287893,33.279242],[126.288596,33.278312],[126.290983,33.277551],[126.292087,33.276348],[126.294109,33.276198],[126.294285,33.275614],[126.295135,33.275074],[126.294814,33.274679],[126.294947,33.274192],[126.29528,33.274016],[126.295427,33.273034],[126.295951,33.272298],[126.295844,33.270823],[126.296068,33.270497],[126.295764,33.270071],[126.29598,33.269683],[126.296737,33.269585],[126.296721,33.269005],[126.297357,33.268449],[126.295022,33.266021],[126.295978,33.265112],[126.295812,33.26451],[126.2968,33.263098],[126.296238,33.262892],[126.295664,33.262106],[126.295941,33.260934],[126.295436,33.259015],[126.296413,33.258799],[126.296473,33.258453],[126.295765,33.257927],[126.295577,33.256728],[126.294134,33.25621],[126.293891,33.254896],[126.294277,33.254071],[126.293995,33.252666],[126.293574,33.252342],[126.293497,33.250536],[126.294261,33.250328]]]},"properties":{"AREA":5008195.163852295,"PERIMETER":11486.503032266908,"법정리코드":"5013025023","법정리명":"안성리","법정동코드":"50130250","법정시코드":"50130","법정리이름":"서귀포시안성리","SEA":2}},{"type":"Feature","geometry":{"type":"Polygon","coordinates":[[[126.269071,33.238062],[126.272626,33.243993],[126.27671,33.247743],[126.276937,33.249887],[126.278983,33.249839],[126.281555,33.249295],[126.283891,33.247987],[126.287252,33.246902],[126.291138,33.246307],[126.289999,33.243968],[126.286626,33.241251],[126.285189,33.23937],[126.283066,33.241094],[126.282084,33.241141],[126.278403,33.238124],[126.277047,33.237429],[126.276925,33.237014],[126.274418,33.236857],[126.273223,33.237401],[126.271327,33.234166],[126.269478,33.234924],[126.266472,33.233454],[126.265679,33.233689],[126.269071,33.238062]]]},"properties":{"AREA":1757261.005269555,"PERIMETER":6976.050624720942,"법정리코드":"5013025024","법정리명":"인성리","법정동코드":"50130250","법정시코드":"50130","법정리이름":"서귀포시인성리","SEA":2}},{"type":"Feature","geometry":{"type":"Polygon","coordinates":[[[126.224889,33.241854],[126.223513,33.241233],[126.222546,33.241386],[126.22099,33.242732],[126.2193,33.243555],[126.216881,33.243437],[126.215873,33.243721],[126.213583,33.243216],[126.213448,33.244324],[126.213589,33.244642],[126.215306,33.245071],[126.216292,33.244632],[126.216567,33.245018],[126.217321,33.244863],[126.217935,33.245131],[126.217893,33.245689],[126.218913,33.246467],[126.218796,33.246925],[126.220404,33.248319],[126.220077,33.248792],[126.220635,33.24904],[126.220556,33.249826],[126.221112,33.250404],[126.222838,33.250693],[126.223775,33.251428],[126.223636,33.252251],[126.224162,33.252902],[126.224214,33.254009],[126.223849,33.254913],[126.22387,33.256254],[126.22815,33.25914],[126.232591,33.260897],[126.233013,33.259848],[126.232473,33.258684],[126.23278,33.257451],[126.233648,33.256416],[126.233356,33.255641],[126.233599,33.254706],[126.235573,33.25286],[126.236707,33.250622],[126.237904,33.249578],[126.238494,33.249427],[126.239124,33.24853],[126.238906,33.246963],[126.239571,33.24622],[126.239503,33.244815],[126.241827,33.242785],[126.242301,33.24183],[126.2418,33.241321],[126.240706,33.241096],[126.240953,33.240398],[126.242138,33.239302],[126.242295,33.238651],[126.241802,33.237712],[126.242017,33.23616],[126.242894,33.236366],[126.242884,33.235788],[126.243837,33.235714],[126.244442,33.23514],[126.244154,33.234872],[126.245734,33.23383],[126.245028,33.232768],[126.244177,33.232608],[126.244085,33.23208],[126.243535,33.23202],[126.243274,33.231584],[126.241985,33.231455],[126.241554,33.232258],[126.238196,33.23326],[126.237057,33.233132],[126.236214,33.233893],[126.236137,33.234642],[126.235415,33.235896],[126.233113,33.236534],[126.231486,33.236298],[126.22923,33.237385],[126.228492,33.238908],[126.228973,33.239237],[126.228339,33.240097],[126.228605,33.241108],[126.228281,33.241341],[126.22877,33.241825],[126.228009,33.241803],[126.228039,33.240949],[126.227874,33.240907],[126.227624,33.240174],[126.22725,33.239743],[126.227777,33.240694],[126.226222,33.24092],[126.225718,33.240352],[126.225419,33.241736],[126.224889,33.241854]]]},"properties":{"AREA":3870375.6035459964,"PERIMETER":12170.98344568226,"법정리코드":"5013025025","법정리명":"일과리","법정동코드":"50130250","법정시코드":"50130","법정리이름":"서귀포시일과리","SEA":2}},{"type":"Feature","geometry":{"type":"Polygon","coordinates":[[[126.268236,33.296176],[126.270458,33.297506],[126.273771,33.297675],[126.274542,33.298158],[126.276085,33.29841],[126.275122,33.296573],[126.271859,33.293024],[126.270694,33.290456],[126.268087,33.286674],[126.267445,33.284314],[126.266882,33.283562],[126.266824,33.281401],[126.267456,33.279836],[126.265901,33.277442],[126.265603,33.275767],[126.266366,33.274525],[126.266112,33.273542],[126.266613,33.270886],[126.266435,33.270434],[126.26725,33.267633],[126.267759,33.267221],[126.267891,33.265071],[126.267217,33.264874],[126.26613,33.265172],[126.266068,33.264927],[126.263963,33.264818],[126.264941,33.263729],[126.26489,33.262759],[126.265755,33.261599],[126.264426,33.26104],[126.263292,33.261228],[126.262658,33.260807],[126.262605,33.258504],[126.262361,33.258135],[126.262853,33.257877],[126.262927,33.2575],[126.262532,33.25736],[126.262872,33.255769],[126.259985,33.256487],[126.25813,33.25769],[126.255397,33.257901],[126.251643,33.259029],[126.250859,33.260074],[126.248402,33.261737],[126.245422,33.261178],[126.242875,33.261911],[126.240717,33.261451],[126.239933,33.260942],[126.238759,33.262006],[126.237683,33.262408],[126.23595,33.264527],[126.238873,33.265812],[126.242347,33.268362],[126.245015,33.271068],[126.246711,33.273461],[126.249314,33.275229],[126.251213,33.276829],[126.251742,33.277644],[126.255238,33.279634],[126.255866,33.280572],[126.2552,33.281332],[126.256292,33.282257],[126.258436,33.285723],[126.263141,33.288805],[126.264126,33.288809],[126.264961,33.28956],[126.26543,33.290808],[126.265387,33.291757],[126.266489,33.292462],[126.266904,33.294907],[126.267805,33.295194],[126.268236,33.296176]]]},"properties":{"AREA":6033487.251859706,"PERIMETER":14821.168652096485,"법정리코드":"5013025027","법정리명":"신평리","법정동코드":"50130250","법정시코드":"50130","법정리이름":"서귀포시신평리","SEA":2}},{"type":"Feature","geometry":{"type":"Polygon","coordinates":[[[126.232591,33.260897],[126.234267,33.262539],[126.23534,33.264323],[126.23595,33.264527],[126.237683,33.262408],[126.238759,33.262006],[126.239825,33.260965],[126.242875,33.261911],[126.245422,33.261178],[126.248402,33.261737],[126.250859,33.260074],[126.251643,33.259029],[126.255397,33.257901],[126.25813,33.25769],[126.259549,33.256671],[126.26271,33.255749],[126.262364,33.254471],[126.262694,33.252383],[126.263519,33.250536],[126.263575,33.249237],[126.263268,33.24911],[126.263479,33.246738],[126.259863,33.246121],[126.259519,33.245222],[126.259734,33.243675],[126.259075,33.241518],[126.259357,33.241463],[126.259394,33.240874],[126.258092,33.238264],[126.256813,33.239695],[126.256538,33.239711],[126.25606,33.238844],[126.255901,33.239315],[126.255111,33.239266],[126.253037,33.240138],[126.253293,33.241069],[126.253195,33.243276],[126.25198,33.242441],[126.251463,33.241441],[126.250584,33.240772],[126.24972,33.240719],[126.248732,33.23923],[126.249563,33.238361],[126.249503,33.237186],[126.250411,33.235946],[126.249887,33.23526],[126.249792,33.234452],[126.250071,33.234344],[126.25019,33.230009],[126.247697,33.229438],[126.247758,33.228877],[126.247255,33.228117],[126.246952,33.226604],[126.247182,33.225669],[126.247551,33.225382],[126.247526,33.224736],[126.247283,33.224276],[126.246286,33.223889],[126.24692,33.221692],[126.246414,33.221105],[126.245844,33.221526],[126.244753,33.221282],[126.241848,33.223622],[126.241031,33.223845],[126.241851,33.225805],[126.241128,33.226864],[126.241224,33.227824],[126.240929,33.227992],[126.241582,33.228739],[126.240591,33.22944],[126.238773,33.228949],[126.23808,33.229649],[126.238552,33.231305],[126.238024,33.232006],[126.237322,33.231695],[126.237351,33.231289],[126.236571,33.23172],[126.236898,33.232442],[126.2378,33.232264],[126.237057,33.233132],[126.237261,33.233292],[126.241554,33.232258],[126.241817,33.231476],[126.243274,33.231584],[126.243535,33.23202],[126.244085,33.23208],[126.244177,33.232608],[126.245028,33.232768],[126.245734,33.23383],[126.244154,33.234872],[126.244442,33.23514],[126.243837,33.235714],[126.242884,33.235788],[126.242894,33.236366],[126.242017,33.23616],[126.241802,33.237712],[126.242295,33.238651],[126.242138,33.239302],[126.240953,33.240398],[126.240706,33.241096],[126.2418,33.241321],[126.242301,33.24183],[126.241827,33.242785],[126.239503,33.244815],[126.239571,33.24622],[126.238906,33.246963],[126.239124,33.24853],[126.238494,33.249427],[126.237904,33.249578],[126.236707,33.250622],[126.235573,33.25286],[126.233599,33.254706],[126.233356,33.255641],[126.233648,33.256416],[126.23278,33.257451],[126.232473,33.258684],[126.233013,33.259848],[126.232591,33.260897]]]},"properties":{"AREA":6455678.724252344,"PERIMETER":17823.1437341175,"법정리코드":"5013025028","법정리명":"동일리","법정동코드":"50130250","법정시코드":"50130","법정리이름":"서귀포시동일리","SEA":2}},{"type":"Feature","geometry":{"type":"Polygon","coordinates":[[[126.262872,33.255769],[126.262532,33.25736],[126.262927,33.2575],[126.262853,33.257877],[126.262361,33.258135],[126.262605,33.258504],[126.262658,33.260807],[126.263292,33.261228],[126.264426,33.26104],[126.265755,33.261599],[126.26489,33.262759],[126.264941,33.263729],[126.263963,33.264818],[126.266068,33.264927],[126.26613,33.265172],[126.267217,33.264874],[126.267891,33.265071],[126.267759,33.267221],[126.26725,33.267633],[126.266435,33.270434],[126.266613,33.270886],[126.266112,33.273542],[126.266366,33.274525],[126.265603,33.275767],[126.265901,33.277442],[126.267456,33.279836],[126.266824,33.281401],[126.266751,33.282938],[126.268087,33.286674],[126.270694,33.290456],[126.271859,33.293024],[126.275122,33.296573],[126.27595,33.298351],[126.27922,33.299484],[126.281113,33.299692],[126.282812,33.299435],[126.283056,33.29919],[126.282889,33.298085],[126.283283,33.29663],[126.282622,33.29561],[126.282199,33.293962],[126.282622,33.293058],[126.282237,33.290102],[126.281461,33.288567],[126.281574,33.286332],[126.28131,33.285494],[126.280859,33.285376],[126.281111,33.283869],[126.280486,33.283115],[126.280549,33.282258],[126.279721,33.280958],[126.279111,33.279159],[126.279334,33.27835],[126.278903,33.276727],[126.279037,33.275927],[126.27833,33.274641],[126.279022,33.272321],[126.277699,33.268135],[126.276578,33.265845],[126.276758,33.265158],[126.276464,33.26486],[126.27652,33.263887],[126.276935,33.26317],[126.275777,33.260523],[126.27549,33.258456],[126.27717,33.257873],[126.276892,33.255537],[126.279256,33.25411],[126.278859,33.251434],[126.277373,33.251361],[126.27671,33.247743],[126.272626,33.243993],[126.268952,33.237914],[126.267698,33.23836],[126.267511,33.239107],[126.267121,33.23913],[126.266877,33.239799],[126.26552,33.239664],[126.264723,33.239235],[126.263685,33.23949],[126.262554,33.239325],[126.262464,33.239712],[126.25829,33.238579],[126.259394,33.240874],[126.259357,33.241463],[126.259075,33.241518],[126.259734,33.243675],[126.259519,33.245222],[126.259863,33.246121],[126.263479,33.246738],[126.263268,33.24911],[126.263575,33.249237],[126.263519,33.250536],[126.262694,33.252383],[126.262364,33.254471],[126.262567,33.255656],[126.262872,33.255769]]]},"properties":{"AREA":7634068.556948154,"PERIMETER":18132.732510234342,"법정리코드":"5013025029","법정리명":"보성리","법정동코드":"50130250","법정시코드":"50130","법정리이름":"서귀포시보성리","SEA":2}},{"type":"Feature","geometry":{"type":"Polygon","coordinates":[[[126.304637,33.275104],[126.298939,33.270648],[126.297357,33.268449],[126.296721,33.269005],[126.296737,33.269585],[126.29598,33.269683],[126.295764,33.270071],[126.296068,33.270497],[126.295844,33.270823],[126.295951,33.272298],[126.295427,33.273034],[126.29528,33.274016],[126.294947,33.274192],[126.294814,33.274679],[126.295135,33.275074],[126.294285,33.275614],[126.294109,33.276198],[126.292087,33.276348],[126.290983,33.277551],[126.288596,33.278312],[126.287893,33.279242],[126.286939,33.2792],[126.28628,33.27836],[126.286256,33.27806],[126.286998,33.277486],[126.286638,33.277055],[126.286167,33.274154],[126.285473,33.273375],[126.285636,33.272506],[126.285262,33.271846],[126.284176,33.271361],[126.284077,33.272902],[126.283116,33.273001],[126.282754,33.27253],[126.281426,33.27329],[126.281604,33.273766],[126.280619,33.274296],[126.279976,33.273769],[126.279156,33.272314],[126.278937,33.272414],[126.278924,33.273276],[126.278449,33.273685],[126.278361,33.275016],[126.279037,33.275927],[126.278903,33.276727],[126.279334,33.27835],[126.279111,33.279159],[126.279552,33.280578],[126.280549,33.282258],[126.280486,33.283115],[126.281111,33.283869],[126.280859,33.285376],[126.28131,33.285494],[126.281574,33.286332],[126.281461,33.288567],[126.282237,33.290102],[126.282622,33.293058],[126.282199,33.293962],[126.282622,33.29561],[126.283283,33.29663],[126.282889,33.298085],[126.283056,33.29919],[126.282812,33.299435],[126.281113,33.299692],[126.27922,33.299484],[126.279987,33.301859],[126.282118,33.303122],[126.283506,33.301229],[126.284554,33.300969],[126.285744,33.300157],[126.287603,33.299782],[126.288765,33.299143],[126.290069,33.29756],[126.291656,33.297258],[126.293515,33.296303],[126.293625,33.294305],[126.293066,33.29316],[126.293292,33.290559],[126.293861,33.290176],[126.293705,33.288751],[126.294146,33.287566],[126.293909,33.285776],[126.2952,33.284107],[126.302033,33.280516],[126.303161,33.277043],[126.304637,33.275104]]]},"properties":{"AREA":4196101.712233384,"PERIMETER":13485.91401222023,"법정리코드":"5013025030","법정리명":"구억리","법정동코드":"50130250","법정시코드":"50130","법정리이름":"서귀포시구억리","SEA":2}},{"type":"Feature","geometry":{"type":"Polygon","coordinates":[[[126.268162,33.296163],[126.267805,33.295194],[126.266904,33.294907],[126.266489,33.292462],[126.265387,33.291757],[126.26543,33.290808],[126.264961,33.28956],[126.264126,33.288809],[126.263141,33.288805],[126.258436,33.285723],[126.256292,33.282257],[126.2552,33.281332],[126.255866,33.280572],[126.255238,33.279634],[126.251742,33.277644],[126.251213,33.276829],[126.249314,33.275229],[126.246711,33.273461],[126.245015,33.271068],[126.242347,33.268362],[126.238873,33.265812],[126.23595,33.264527],[126.235237,33.265808],[126.233315,33.265703],[126.232065,33.266333],[126.230114,33.266491],[126.228103,33.26713],[126.227727,33.266871],[126.226369,33.267462],[126.224639,33.266979],[126.220502,33.267288],[126.215134,33.266997],[126.213921,33.267105],[126.2138,33.267431],[126.209713,33.267227],[126.207288,33.26775],[126.204562,33.267577],[126.204756,33.26695],[126.204433,33.266427],[126.201605,33.26458],[126.200116,33.262015],[126.199176,33.261244],[126.197589,33.258915],[126.195714,33.254378],[126.196081,33.25269],[126.195702,33.251579],[126.194411,33.253256],[126.193837,33.252924],[126.194374,33.253288],[126.192826,33.254709],[126.188998,33.256698],[126.188358,33.256699],[126.186378,33.25768],[126.183411,33.259464],[126.181385,33.262371],[126.181405,33.262871],[126.182004,33.263282],[126.182009,33.264113],[126.183042,33.264825],[126.182718,33.265832],[126.18399,33.26586],[126.18487,33.266611],[126.185499,33.268239],[126.187119,33.268938],[126.187152,33.269469],[126.187782,33.269941],[126.188744,33.270225],[126.189108,33.272027],[126.188698,33.272757],[126.190322,33.273765],[126.190853,33.273763],[126.192277,33.272809],[126.192739,33.273437],[126.194342,33.27331],[126.194544,33.27511],[126.19429,33.275447],[126.194975,33.275714],[126.195776,33.277229],[126.196962,33.277459],[126.198,33.278631],[126.201604,33.279608],[126.206194,33.280126],[126.206654,33.280798],[126.209444,33.281486],[126.215381,33.281111],[126.216736,33.281976],[126.219209,33.284385],[126.221089,33.285166],[126.224613,33.285896],[126.224755,33.286442],[126.229788,33.284674],[126.232185,33.282022],[126.236091,33.279803],[126.238705,33.276378],[126.243014,33.273656],[126.244651,33.272966],[126.244303,33.27475],[126.243913,33.275218],[126.243961,33.275949],[126.243038,33.277424],[126.243452,33.279577],[126.243127,33.281004],[126.24341,33.282186],[126.242754,33.283164],[126.24293,33.284158],[126.244043,33.286044],[126.244548,33.288502],[126.246773,33.288354],[126.24749,33.289321],[126.248316,33.289456],[126.249825,33.290515],[126.250767,33.290428],[126.251499,33.291592],[126.251984,33.291666],[126.253029,33.292805],[126.255514,33.29324],[126.258286,33.294181],[126.259465,33.294218],[126.261315,33.295115],[126.263363,33.295527],[126.263948,33.295319],[126.267228,33.296309],[126.268162,33.296163]]]},"properties":{"AREA":12212859.025655583,"PERIMETER":25247.236174317823,"법정리코드":"5013025031","법정리명":"무릉리","법정동코드":"50130250","법정시코드":"50130","법정리이름":"서귀포시무릉리","SEA":2}},{"type":"Feature","geometry":{"type":"Polygon","coordinates":[[[126.232799,33.261045],[126.22815,33.25914],[126.22391,33.256293],[126.223849,33.254913],[126.224214,33.254009],[126.224162,33.252902],[126.223636,33.252251],[126.223775,33.251428],[126.222838,33.250693],[126.221112,33.250404],[126.220556,33.249826],[126.220635,33.24904],[126.220077,33.248792],[126.220404,33.248319],[126.218796,33.246925],[126.218913,33.246467],[126.217893,33.245689],[126.217935,33.245131],[126.217321,33.244863],[126.216567,33.245018],[126.216292,33.244632],[126.215306,33.245071],[126.213589,33.244642],[126.213559,33.243287],[126.213013,33.243112],[126.210872,33.243394],[126.208629,33.244585],[126.204847,33.24555],[126.202323,33.246584],[126.199644,33.249015],[126.195724,33.251385],[126.196081,33.25269],[126.195714,33.254378],[126.197589,33.258915],[126.199176,33.261244],[126.200116,33.262015],[126.201605,33.26458],[126.204433,33.266427],[126.204756,33.26695],[126.204562,33.267577],[126.207288,33.26775],[126.209713,33.267227],[126.2138,33.267431],[126.213921,33.267105],[126.215134,33.266997],[126.220502,33.267288],[126.224639,33.266979],[126.226234,33.267471],[126.227727,33.266871],[126.228103,33.26713],[126.230114,33.266491],[126.232065,33.266333],[126.233315,33.265703],[126.235237,33.265808],[126.23595,33.264527],[126.23534,33.264323],[126.234267,33.262539],[126.232799,33.261045]]]},"properties":{"AREA":6319423.043235751,"PERIMETER":11108.405039524669,"법정리코드":"5013025032","법정리명":"영락리","법정동코드":"50130250","법정시코드":"50130","법정리이름":"서귀포시영락리","SEA":2}},{"type":"Feature","geometry":{"type":"Polygon","coordinates":[[[126.181404,33.262908],[126.18113,33.264282],[126.180405,33.265333],[126.180265,33.266429],[126.179362,33.267343],[126.17912,33.26814],[126.174689,33.271622],[126.173707,33.271951],[126.172323,33.273554],[126.171779,33.273586],[126.172346,33.275005],[126.170495,33.276364],[126.170653,33.276698],[126.170252,33.276346],[126.170075,33.276277],[126.16875,33.276592],[126.169118,33.27656],[126.169153,33.276818],[126.169319,33.276488],[126.169689,33.276667],[126.169652,33.276406],[126.170087,33.276312],[126.170617,33.276738],[126.170192,33.27706],[126.169933,33.276743],[126.170014,33.277223],[126.169543,33.276939],[126.169296,33.277],[126.16984,33.27718],[126.16974,33.277557],[126.168997,33.27759],[126.169749,33.277601],[126.17019,33.278562],[126.169434,33.280237],[126.169287,33.281807],[126.168789,33.282516],[126.172065,33.285529],[126.172008,33.286075],[126.170597,33.286814],[126.170482,33.287566],[126.171545,33.288806],[126.173173,33.288945],[126.174652,33.290725],[126.175483,33.290268],[126.177494,33.290815],[126.178835,33.290451],[126.179434,33.290593],[126.18042,33.290092],[126.181037,33.290621],[126.182204,33.290789],[126.184028,33.291995],[126.185402,33.292015],[126.185872,33.29145],[126.186518,33.291946],[126.188217,33.29234],[126.188787,33.293251],[126.191692,33.293674],[126.191882,33.295847],[126.191622,33.296963],[126.192007,33.298352],[126.194329,33.297511],[126.202703,33.295504],[126.206232,33.293496],[126.210311,33.292501],[126.222053,33.287133],[126.224755,33.286442],[126.224613,33.285896],[126.221089,33.285166],[126.219209,33.284385],[126.216736,33.281976],[126.215381,33.281111],[126.209444,33.281486],[126.206654,33.280798],[126.206194,33.280126],[126.201604,33.279608],[126.198,33.278631],[126.196962,33.277459],[126.195776,33.277229],[126.194975,33.275714],[126.19429,33.275447],[126.194544,33.27511],[126.194342,33.27331],[126.192739,33.273437],[126.192277,33.272809],[126.190853,33.273763],[126.190322,33.273765],[126.188698,33.272757],[126.189108,33.272027],[126.188744,33.270225],[126.187782,33.269941],[126.187152,33.269469],[126.187119,33.268938],[126.185499,33.268239],[126.18487,33.266611],[126.18399,33.26586],[126.182718,33.265832],[126.183042,33.264825],[126.182009,33.264113],[126.182004,33.263282],[126.181404,33.262908]]]},"properties":{"AREA":8898862.597925393,"PERIMETER":16874.915888633725,"법정리코드":"5013025033","법정리명":"신도리","법정동코드":"50130250","법정시코드":"50130","법정리이름":"서귀포시신도리","SEA":2}},{"type":"Feature","geometry":{"type":"Polygon","coordinates":[[[126.726859,33.279546],[126.72336,33.278899],[126.722219,33.277613],[126.721724,33.277571],[126.721369,33.276452],[126.720231,33.277861],[126.719749,33.277512],[126.719468,33.27784],[126.719234,33.277677],[126.719006,33.277719],[126.719513,33.278023],[126.71921,33.27827],[126.718547,33.277814],[126.719158,33.277207],[126.719417,33.276677],[126.719451,33.276112],[126.719103,33.277209],[126.718493,33.2778],[126.718247,33.276826],[126.716722,33.275821],[126.71653,33.27624],[126.714713,33.27659],[126.713492,33.276405],[126.712977,33.276269],[126.712363,33.275175],[126.708954,33.274563],[126.708595,33.274132],[126.707871,33.2744],[126.707413,33.27406],[126.705457,33.273939],[126.703921,33.272864],[126.701425,33.272287],[126.699491,33.271089],[126.698596,33.27092],[126.698027,33.271296],[126.697689,33.270927],[126.695396,33.270973],[126.694681,33.270607],[126.692272,33.270417],[126.691879,33.270991],[126.6921,33.273105],[126.69169,33.274105],[126.692966,33.274077],[126.693109,33.276063],[126.693841,33.276273],[126.693406,33.277214],[126.696165,33.277663],[126.695854,33.27914],[126.696094,33.280043],[126.695563,33.280433],[126.6953,33.282116],[126.694244,33.282949],[126.694287,33.28337],[126.695056,33.283647],[126.694885,33.285074],[126.693942,33.285181],[126.692915,33.28468],[126.692621,33.285274],[126.692109,33.285103],[126.691849,33.285379],[126.690495,33.285103],[126.688718,33.285241],[126.688444,33.285972],[126.689096,33.286299],[126.688408,33.288148],[126.688696,33.291352],[126.688286,33.29159],[126.688542,33.292177],[126.687714,33.292651],[126.687554,33.293148],[126.687708,33.295219],[126.691153,33.297683],[126.692872,33.299731],[126.695725,33.301301],[126.695948,33.302316],[126.697214,33.303332],[126.698302,33.303632],[126.703488,33.307311],[126.706838,33.307748],[126.71007,33.303017],[126.712433,33.302304],[126.712994,33.300453],[126.712919,33.297482],[126.713581,33.296585],[126.713305,33.296298],[126.713558,33.294441],[126.713164,33.293435],[126.716491,33.291314],[126.715484,33.289918],[126.715728,33.288748],[126.717676,33.287551],[126.718914,33.287565],[126.720218,33.286706],[126.720772,33.285925],[126.723808,33.285109],[126.724762,33.28449],[126.725623,33.282852],[126.725408,33.281872],[126.727353,33.279986],[126.72835,33.279519],[126.726859,33.279546]]]},"properties":{"AREA":8345779.1625641,"PERIMETER":15976.54400460628,"법정리코드":"5013025321","법정리명":"남원리","법정동코드":"50130253","법정시코드":"50130","법정리이름":"서귀포시남원리","SEA":2}},{"type":"Feature","geometry":{"type":"Polygon","coordinates":[[[126.751402,33.287237],[126.752926,33.285615],[126.752342,33.284259],[126.752808,33.28565],[126.751979,33.286475],[126.751662,33.286138],[126.751864,33.28651],[126.750856,33.287138],[126.750738,33.287859],[126.749832,33.287349],[126.751297,33.286694],[126.750392,33.286046],[126.750542,33.284961],[126.751603,33.284579],[126.74958,33.284913],[126.748776,33.283302],[126.746066,33.281433],[126.744419,33.279414],[126.743353,33.278852],[126.740478,33.278674],[126.739139,33.27912],[126.739562,33.280218],[126.738905,33.280307],[126.738885,33.279973],[126.737801,33.2793],[126.737266,33.280105],[126.736765,33.28021],[126.73552,33.281356],[126.733704,33.281866],[126.732713,33.281565],[126.731757,33.280143],[126.730778,33.279322],[126.72835,33.279519],[126.727353,33.279986],[126.725408,33.281872],[126.725623,33.282852],[126.724762,33.28449],[126.723808,33.285109],[126.720772,33.285925],[126.720218,33.286706],[126.7204,33.287963],[126.721027,33.288481],[126.722767,33.287956],[126.723574,33.288096],[126.72315,33.288496],[126.723298,33.290286],[126.72252,33.290719],[126.722167,33.292561],[126.722317,33.293946],[126.723506,33.294702],[126.725226,33.293921],[126.726019,33.294529],[126.726465,33.296138],[126.726331,33.297111],[126.727256,33.297325],[126.726784,33.298974],[126.727155,33.300001],[126.72871,33.299927],[126.730439,33.298775],[126.731267,33.299334],[126.731557,33.300628],[126.73203,33.300995],[126.73119,33.301922],[126.732097,33.30255],[126.734007,33.303474],[126.735672,33.303262],[126.736124,33.302767],[126.737962,33.303336],[126.738048,33.30404],[126.738394,33.304274],[126.73885,33.30364],[126.740324,33.303734],[126.740594,33.304077],[126.741291,33.303845],[126.741587,33.30322],[126.743024,33.303778],[126.74319,33.304356],[126.744154,33.304341],[126.744308,33.304745],[126.745076,33.304852],[126.745789,33.304593],[126.746304,33.303735],[126.747112,33.303677],[126.747972,33.304112],[126.748562,33.303785],[126.749335,33.304321],[126.749666,33.304173],[126.750364,33.305177],[126.75167,33.30579],[126.751533,33.306105],[126.752813,33.307192],[126.754177,33.307546],[126.754632,33.307165],[126.755118,33.304172],[126.756344,33.302406],[126.75607,33.30082],[126.757575,33.300278],[126.758999,33.297878],[126.760843,33.297452],[126.762548,33.297488],[126.765007,33.295938],[126.764269,33.294877],[126.764195,33.29388],[126.763344,33.292323],[126.762369,33.291874],[126.761051,33.29185],[126.760815,33.291126],[126.760361,33.291153],[126.760367,33.291433],[126.759652,33.291264],[126.760598,33.290668],[126.760709,33.290328],[126.759584,33.291259],[126.757139,33.289048],[126.754783,33.287784],[126.753302,33.287386],[126.752671,33.287732],[126.752216,33.28889],[126.75283,33.289363],[126.752828,33.29026],[126.751979,33.289805],[126.751241,33.288131],[126.751402,33.287237]]]},"properties":{"AREA":7641626.621148719,"PERIMETER":16888.700469959316,"법정리코드":"5013025322","법정리명":"태흥리","법정동코드":"50130253","법정시코드":"50130","법정리이름":"서귀포시태흥리","SEA":2}},{"type":"Feature","geometry":{"type":"Polygon","coordinates":[[[126.706838,33.307748],[126.703488,33.307311],[126.698302,33.303632],[126.697214,33.303332],[126.695948,33.302316],[126.695725,33.301301],[126.692872,33.299731],[126.691153,33.297683],[126.688044,33.29538],[126.684313,33.294736],[126.683068,33.294025],[126.680346,33.294648],[126.679858,33.296423],[126.680295,33.299334],[126.679898,33.301452],[126.679458,33.302039],[126.678364,33.302324],[126.678327,33.302637],[126.677549,33.303035],[126.677693,33.303361],[126.677,33.304161],[126.675773,33.308463],[126.674032,33.308817],[126.672662,33.309648],[126.671781,33.310696],[126.670748,33.311097],[126.670641,33.311776],[126.669946,33.312055],[126.669471,33.312908],[126.668612,33.313128],[126.667611,33.312951],[126.665496,33.31434],[126.664318,33.314074],[126.663501,33.31514],[126.659373,33.317338],[126.65858,33.319018],[126.657752,33.319388],[126.65746,33.319923],[126.654469,33.320763],[126.654807,33.321056],[126.654833,33.321944],[126.654248,33.323707],[126.651311,33.32591],[126.651062,33.327146],[126.650533,33.327617],[126.650559,33.32938],[126.650093,33.331139],[126.647867,33.332654],[126.647019,33.332687],[126.646987,33.333499],[126.645382,33.334312],[126.644813,33.334268],[126.641952,33.336404],[126.640621,33.336951],[126.640207,33.338485],[126.640432,33.339223],[126.643051,33.339895],[126.645002,33.34139],[126.643718,33.342795],[126.643825,33.34447],[126.641973,33.345569],[126.64064,33.346831],[126.636906,33.351143],[126.636222,33.35115],[126.635284,33.351943],[126.633687,33.352565],[126.632266,33.354202],[126.630443,33.355186],[126.629281,33.356273],[126.626676,33.356851],[126.626041,33.356534],[126.62479,33.356878],[126.623458,33.357871],[126.622729,33.359118],[126.621492,33.359849],[126.620711,33.361441],[126.621575,33.361964],[126.622911,33.361817],[126.623518,33.362382],[126.624143,33.363709],[126.624015,33.365104],[126.625177,33.366314],[126.624285,33.36842],[126.625417,33.369538],[126.626344,33.369947],[126.624713,33.370387],[126.624377,33.371348],[126.625379,33.372194],[126.626115,33.372356],[126.626121,33.373663],[126.625519,33.374538],[126.626139,33.375385],[126.626089,33.376686],[126.626994,33.378153],[126.626576,33.378744],[126.624044,33.378764],[126.621687,33.382379],[126.62104,33.385013],[126.621373,33.385124],[126.623185,33.384266],[126.624915,33.385036],[126.625339,33.388333],[126.626335,33.39019],[126.629102,33.392277],[126.631929,33.393422],[126.634652,33.390013],[126.635502,33.387857],[126.63754,33.387278],[126.639073,33.38417],[126.638996,33.383162],[126.639746,33.383286],[126.641465,33.382404],[126.642813,33.381045],[126.644479,33.38059],[126.645359,33.377954],[126.64508,33.377074],[126.643898,33.376868],[126.643153,33.375892],[126.642742,33.374291],[126.643169,33.373166],[126.643937,33.37235],[126.644683,33.369896],[126.645955,33.369419],[126.646577,33.368475],[126.651103,33.366935],[126.653103,33.365636],[126.654427,33.365182],[126.656015,33.363726],[126.656227,33.363066],[126.658836,33.361284],[126.659541,33.361501],[126.660151,33.361242],[126.662959,33.358514],[126.66617,33.356635],[126.666755,33.355466],[126.667467,33.354953],[126.670703,33.354708],[126.673725,33.352422],[126.673478,33.351275],[126.673664,33.350917],[126.676362,33.347431],[126.679091,33.345176],[126.680425,33.344646],[126.681815,33.343553],[126.684441,33.341032],[126.68551,33.340993],[126.689045,33.339822],[126.691029,33.338133],[126.692907,33.337572],[126.694853,33.336526],[126.697277,33.3333],[126.698204,33.332668],[126.699737,33.3308],[126.700849,33.33026],[126.700816,33.329167],[126.701462,33.328665],[126.701079,33.326505],[126.702758,33.324127],[126.703512,33.323703],[126.700921,33.321388],[126.70471,33.318331],[126.704762,33.314702],[126.705838,33.312646],[126.703609,33.312207],[126.705893,33.309318],[126.706057,33.308539],[126.706838,33.307748]]]},"properties":{"AREA":32089484.123696882,"PERIMETER":33526.550595393746,"법정리코드":"5013025323","법정리명":"한남리","법정동코드":"50130253","법정시코드":"50130","법정리이름":"서귀포시한남리","SEA":2}},{"type":"Feature","geometry":{"type":"Polygon","coordinates":[[[126.653419,33.395055],[126.65671,33.392074],[126.658348,33.391182],[126.663577,33.388966],[126.665806,33.38839],[126.6668,33.388472],[126.667883,33.386906],[126.669079,33.386488],[126.669632,33.386966],[126.671486,33.387003],[126.671901,33.386478],[126.671954,33.385714],[126.673237,33.38478],[126.673117,33.384023],[126.674079,33.38152],[126.674204,33.379007],[126.674768,33.379076],[126.675166,33.379682],[126.675575,33.379422],[126.675641,33.378615],[126.678038,33.378602],[126.681647,33.375428],[126.683557,33.37561],[126.68515,33.377296],[126.686343,33.377291],[126.68696,33.377226],[126.687894,33.376506],[126.688799,33.376873],[126.689859,33.375861],[126.691543,33.375935],[126.693131,33.37477],[126.694777,33.374219],[126.695639,33.374025],[126.696523,33.374666],[126.698119,33.374488],[126.699676,33.373715],[126.699902,33.372749],[126.699594,33.371661],[126.700252,33.371328],[126.702456,33.371832],[126.702912,33.37135],[126.703753,33.37142],[126.704645,33.371031],[126.711434,33.366568],[126.712998,33.366365],[126.713131,33.365536],[126.714159,33.365212],[126.714484,33.364564],[126.715655,33.364307],[126.71737,33.361543],[126.716967,33.359628],[126.717675,33.358397],[126.717436,33.35777],[126.717638,33.357155],[126.718584,33.356067],[126.718836,33.3553],[126.719752,33.354827],[126.720262,33.353207],[126.720826,33.352761],[126.723943,33.351539],[126.72298,33.349188],[126.723056,33.348476],[126.725461,33.344911],[126.725456,33.341767],[126.726372,33.339574],[126.725165,33.339318],[126.724873,33.338645],[126.725232,33.338259],[126.725308,33.337457],[126.727549,33.335034],[126.730154,33.33327],[126.73197,33.332934],[126.734528,33.33174],[126.735004,33.330713],[126.73591,33.330614],[126.736051,33.329981],[126.735413,33.329395],[126.735488,33.327598],[126.735072,33.326146],[126.734685,33.325697],[126.733392,33.325437],[126.732678,33.32417],[126.729838,33.325397],[126.726441,33.324536],[126.726179,33.325239],[126.725344,33.325981],[126.720891,33.327465],[126.719228,33.327063],[126.717326,33.326075],[126.717915,33.325386],[126.718025,33.324394],[126.71706,33.323985],[126.715888,33.323978],[126.713728,33.323094],[126.711869,33.324532],[126.710477,33.324985],[126.710294,33.325957],[126.709196,33.326565],[126.707294,33.326246],[126.704797,33.32494],[126.703512,33.323703],[126.702758,33.324127],[126.701079,33.326505],[126.701462,33.328665],[126.700816,33.329167],[126.700849,33.33026],[126.699737,33.3308],[126.698204,33.332668],[126.697277,33.3333],[126.694853,33.336526],[126.692907,33.337572],[126.691029,33.338133],[126.689045,33.339822],[126.68551,33.340993],[126.684441,33.341032],[126.681815,33.343553],[126.680425,33.344646],[126.679091,33.345176],[126.676362,33.347431],[126.673664,33.350917],[126.673478,33.351275],[126.673725,33.352422],[126.670703,33.354708],[126.667467,33.354953],[126.666755,33.355466],[126.66617,33.356635],[126.662959,33.358514],[126.660151,33.361242],[126.659541,33.361501],[126.658836,33.361284],[126.656227,33.363066],[126.656015,33.363726],[126.654427,33.365182],[126.653103,33.365636],[126.651103,33.366935],[126.646577,33.368475],[126.645955,33.369419],[126.644683,33.369896],[126.643937,33.37235],[126.643169,33.373166],[126.642742,33.374291],[126.643153,33.375892],[126.643898,33.376868],[126.64508,33.377074],[126.645359,33.377954],[126.644479,33.38059],[126.642813,33.381045],[126.641465,33.382404],[126.639746,33.383286],[126.638996,33.383162],[126.639073,33.38417],[126.63754,33.387278],[126.635502,33.387857],[126.634652,33.390013],[126.631929,33.393422],[126.633589,33.39392],[126.633824,33.393264],[126.635616,33.392647],[126.635883,33.39289],[126.639615,33.393182],[126.641908,33.393812],[126.64814,33.393768],[126.650597,33.394994],[126.651701,33.394507],[126.653419,33.395055]]]},"properties":{"AREA":30295587.14842164,"PERIMETER":31352.253101803137,"법정리코드":"5013025324","법정리명":"수망리","법정동코드":"50130253","법정시코드":"50130","법정리이름":"서귀포시수망리","SEA":2}},{"type":"Feature","geometry":{"type":"Polygon","coordinates":[[[126.740909,33.30454],[126.740324,33.303734],[126.73885,33.30364],[126.738394,33.304274],[126.738048,33.30404],[126.737962,33.303336],[126.736124,33.302767],[126.735672,33.303262],[126.734007,33.303474],[126.732097,33.30255],[126.73119,33.301922],[126.73203,33.300995],[126.731557,33.300628],[126.731267,33.299334],[126.730439,33.298775],[126.72871,33.299927],[126.727155,33.300001],[126.726784,33.298974],[126.727256,33.297325],[126.726331,33.297111],[126.726465,33.296138],[126.726019,33.294529],[126.725226,33.293921],[126.723506,33.294702],[126.722317,33.293946],[126.722167,33.292561],[126.72252,33.290719],[126.723298,33.290286],[126.72315,33.288496],[126.723574,33.288096],[126.722767,33.287956],[126.721027,33.288481],[126.7204,33.287963],[126.720218,33.286706],[126.718914,33.287565],[126.717676,33.287551],[126.715728,33.288748],[126.715484,33.289918],[126.716491,33.291314],[126.713164,33.293435],[126.713558,33.294441],[126.713305,33.296298],[126.713581,33.296585],[126.712919,33.297482],[126.712994,33.300453],[126.712433,33.302304],[126.71007,33.303017],[126.708603,33.30494],[126.708051,33.306181],[126.706057,33.308539],[126.705893,33.309318],[126.704585,33.311179],[126.703626,33.312132],[126.705838,33.312646],[126.704762,33.314702],[126.70471,33.318331],[126.700921,33.321388],[126.704797,33.32494],[126.7083,33.326476],[126.709641,33.326512],[126.710294,33.325957],[126.710477,33.324985],[126.711869,33.324532],[126.713728,33.323094],[126.715888,33.323978],[126.71706,33.323985],[126.718025,33.324394],[126.717915,33.325386],[126.717326,33.326075],[126.719228,33.327063],[126.720891,33.327465],[126.725344,33.325981],[126.726179,33.325239],[126.726441,33.324536],[126.729838,33.325397],[126.73153,33.324813],[126.732678,33.32417],[126.730342,33.320505],[126.731465,33.319581],[126.731887,33.318397],[126.732351,33.318117],[126.732549,33.317367],[126.733788,33.315815],[126.734062,33.314789],[126.735449,33.312945],[126.73816,33.310347],[126.738098,33.309638],[126.737564,33.309319],[126.73793,33.308214],[126.74079,33.30642],[126.740909,33.30454]]]},"properties":{"AREA":8875938.14784305,"PERIMETER":16191.759280978304,"법정리코드":"5013025325","법정리명":"의귀리","법정동코드":"50130253","법정시코드":"50130","법정리이름":"서귀포시의귀리","SEA":2}},{"type":"Feature","geometry":{"type":"Polygon","coordinates":[[[126.764371,33.29642],[126.762548,33.297488],[126.760843,33.297452],[126.758999,33.297878],[126.757575,33.300278],[126.75607,33.30082],[126.756344,33.302406],[126.755118,33.304172],[126.754632,33.307165],[126.754177,33.307546],[126.752813,33.307192],[126.751533,33.306105],[126.75167,33.30579],[126.750364,33.305177],[126.749666,33.304173],[126.749335,33.304321],[126.748562,33.303785],[126.747972,33.304112],[126.747112,33.303677],[126.746304,33.303735],[126.745789,33.304593],[126.745076,33.304852],[126.744308,33.304745],[126.744154,33.304341],[126.74319,33.304356],[126.743082,33.303827],[126.741886,33.303219],[126.740594,33.304077],[126.740909,33.30454],[126.74079,33.30642],[126.73793,33.308214],[126.737564,33.309319],[126.738098,33.309638],[126.73816,33.310347],[126.735449,33.312945],[126.734062,33.314789],[126.733788,33.315815],[126.732549,33.317367],[126.732351,33.318117],[126.731887,33.318397],[126.731465,33.319581],[126.730314,33.320593],[126.733392,33.325437],[126.734685,33.325697],[126.735072,33.326146],[126.735488,33.327598],[126.735413,33.329395],[126.736051,33.329981],[126.736037,33.330321],[126.73591,33.330614],[126.735004,33.330713],[126.734528,33.33174],[126.73197,33.332934],[126.730154,33.33327],[126.729272,33.333842],[126.727549,33.335034],[126.725308,33.337457],[126.725232,33.338259],[126.724873,33.338645],[126.725165,33.339318],[126.726372,33.339574],[126.725456,33.341767],[126.725461,33.344911],[126.723056,33.348476],[126.72298,33.349188],[126.723943,33.351539],[126.720826,33.352761],[126.720262,33.353207],[126.719752,33.354827],[126.718836,33.3553],[126.718584,33.356067],[126.717638,33.357155],[126.717436,33.35777],[126.717675,33.358397],[126.716967,33.359628],[126.71737,33.361543],[126.715655,33.364307],[126.714484,33.364564],[126.714159,33.365212],[126.713131,33.365536],[126.712998,33.366365],[126.711434,33.366568],[126.704645,33.371031],[126.703753,33.37142],[126.702912,33.37135],[126.702456,33.371832],[126.700252,33.371328],[126.699594,33.371661],[126.699902,33.372749],[126.699676,33.373715],[126.698119,33.374488],[126.696523,33.374666],[126.696151,33.375475],[126.697605,33.376667],[126.69927,33.376026],[126.700089,33.376372],[126.700983,33.376084],[126.70187,33.376364],[126.706386,33.374318],[126.707086,33.374366],[126.708604,33.373672],[126.709345,33.374161],[126.71126,33.37329],[126.712798,33.373543],[126.713208,33.373238],[126.712991,33.3727],[126.713605,33.372109],[126.71571,33.372168],[126.716658,33.371456],[126.717497,33.371683],[126.718971,33.371106],[126.720743,33.371254],[126.723216,33.369555],[126.725651,33.368972],[126.726498,33.368321],[126.728131,33.367881],[126.730472,33.365486],[126.731811,33.365818],[126.733227,33.365195],[126.735168,33.36484],[126.736004,33.364019],[126.736161,33.362932],[126.737579,33.362202],[126.737759,33.361789],[126.737323,33.359881],[126.738879,33.359436],[126.740063,33.35789],[126.74136,33.356958],[126.741468,33.356601],[126.741075,33.356277],[126.741178,33.355991],[126.742084,33.35577],[126.74222,33.354927],[126.741679,33.354461],[126.741839,33.35381],[126.742537,33.353166],[126.742378,33.353014],[126.745421,33.350638],[126.747262,33.350624],[126.748361,33.348971],[126.749524,33.347989],[126.749859,33.346757],[126.750738,33.345443],[126.750823,33.343897],[126.751841,33.34209],[126.753756,33.34065],[126.755232,33.340389],[126.756081,33.339866],[126.75639,33.337257],[126.757687,33.336204],[126.758956,33.333635],[126.758428,33.331894],[126.759053,33.331638],[126.759542,33.332163],[126.760013,33.331619],[126.759617,33.33105],[126.759817,33.330035],[126.759275,33.32928],[126.759459,33.327854],[126.757418,33.327048],[126.758728,33.32562],[126.758496,33.324767],[126.758673,33.323249],[126.760272,33.323856],[126.761108,33.323709],[126.761272,33.32341],[126.760528,33.322463],[126.761143,33.320339],[126.760802,33.319477],[126.761632,33.318013],[126.764337,33.317806],[126.765452,33.317154],[126.765715,33.316759],[126.765279,33.315993],[126.765471,33.315575],[126.768123,33.31326],[126.769897,33.310789],[126.771166,33.310316],[126.773942,33.310886],[126.774189,33.310696],[126.773977,33.30975],[126.775999,33.307056],[126.77573,33.307005],[126.775675,33.305773],[126.77429,33.304016],[126.773317,33.302094],[126.772007,33.301239],[126.769313,33.300692],[126.767059,33.299488],[126.766466,33.298966],[126.766818,33.298251],[126.766472,33.297899],[126.766189,33.298061],[126.76617,33.298712],[126.765878,33.298382],[126.766199,33.297186],[126.765196,33.296269],[126.764371,33.29642]]]},"properties":{"AREA":19682210.273612477,"PERIMETER":30561.368433720047,"법정리코드":"5013025326","법정리명":"신흥리","법정동코드":"50130253","법정시코드":"50130","법정리이름":"서귀포시신흥리","SEA":2}},{"type":"Feature","geometry":{"type":"Polygon","coordinates":[[[126.668021,33.270595],[126.665454,33.270643],[126.665063,33.271207],[126.665097,33.270875],[126.663219,33.268264],[126.66174,33.267884],[126.661152,33.267267],[126.659788,33.266549],[126.661637,33.267972],[126.663097,33.268332],[126.664205,33.269778],[126.66168,33.271441],[126.661608,33.272735],[126.663003,33.272794],[126.662618,33.273474],[126.662761,33.273901],[126.660537,33.274407],[126.65919,33.274284],[126.657898,33.273841],[126.657842,33.273219],[126.65831,33.273161],[126.658388,33.272737],[126.658777,33.272837],[126.659562,33.270892],[126.660096,33.271027],[126.659578,33.270782],[126.659586,33.269993],[126.659169,33.269674],[126.660814,33.268586],[126.65828,33.270096],[126.657382,33.269045],[126.656105,33.269339],[126.654574,33.268726],[126.653552,33.269191],[126.653073,33.270176],[126.651698,33.269349],[126.651419,33.268478],[126.650764,33.268142],[126.650137,33.268139],[126.649021,33.268817],[126.647832,33.268602],[126.647613,33.269168],[126.647974,33.269607],[126.647633,33.27094],[126.646272,33.272151],[126.645536,33.275301],[126.646051,33.278176],[126.644284,33.279872],[126.641826,33.280956],[126.640798,33.281771],[126.640733,33.283305],[126.639992,33.286208],[126.640027,33.289226],[126.63958,33.290082],[126.638867,33.290251],[126.638508,33.290713],[126.638328,33.291777],[126.638617,33.293157],[126.640135,33.29452],[126.640605,33.29536],[126.640417,33.296007],[126.641176,33.29756],[126.64265,33.298423],[126.645453,33.298957],[126.643955,33.299843],[126.64422,33.300723],[126.645734,33.301383],[126.646008,33.30275],[126.645646,33.302943],[126.646363,33.304272],[126.645485,33.305479],[126.645629,33.30647],[126.645135,33.308118],[126.645465,33.307953],[126.645895,33.309844],[126.645165,33.311397],[126.64428,33.311247],[126.643068,33.313029],[126.641906,33.313857],[126.641286,33.314761],[126.640086,33.314871],[126.639509,33.314559],[126.638417,33.31542],[126.637732,33.315282],[126.636612,33.316097],[126.636141,33.316904],[126.63404,33.318488],[126.632797,33.319014],[126.631203,33.321679],[126.631763,33.323256],[126.631358,33.324285],[126.631663,33.325109],[126.630592,33.32615],[126.630793,33.326782],[126.63021,33.327478],[126.627975,33.327959],[126.628049,33.328729],[126.626949,33.32996],[126.62627,33.332808],[126.627416,33.333712],[126.627096,33.335192],[126.628017,33.336575],[126.62816,33.338607],[126.627861,33.339975],[126.626252,33.34302],[126.624639,33.343489],[126.624336,33.344358],[126.624611,33.345],[126.623547,33.346343],[126.62257,33.349394],[126.622441,33.352841],[126.62199,33.353475],[126.622154,33.353811],[126.621578,33.354427],[126.621782,33.354924],[126.622434,33.355212],[126.622625,33.356025],[126.622136,33.356596],[126.622233,33.357776],[126.623093,33.358289],[126.62479,33.356878],[126.626041,33.356534],[126.626676,33.356851],[126.629281,33.356273],[126.630443,33.355186],[126.632266,33.354202],[126.633687,33.352565],[126.635284,33.351943],[126.636222,33.35115],[126.636906,33.351143],[126.64064,33.346831],[126.641973,33.345569],[126.643825,33.34447],[126.643718,33.342795],[126.645002,33.34139],[126.643051,33.339895],[126.640432,33.339223],[126.640207,33.338485],[126.640621,33.336951],[126.641952,33.336404],[126.644813,33.334268],[126.645382,33.334312],[126.646987,33.333499],[126.647019,33.332687],[126.647867,33.332654],[126.650093,33.331139],[126.650559,33.32938],[126.650533,33.327617],[126.651062,33.327146],[126.651311,33.32591],[126.654248,33.323707],[126.654833,33.321944],[126.654807,33.321056],[126.654469,33.320763],[126.65746,33.319923],[126.657752,33.319388],[126.65858,33.319018],[126.659373,33.317338],[126.663501,33.31514],[126.664318,33.314074],[126.665496,33.31434],[126.667611,33.312951],[126.668612,33.313128],[126.669471,33.312908],[126.669946,33.312055],[126.670641,33.311776],[126.670748,33.311097],[126.671781,33.310696],[126.672662,33.309648],[126.674032,33.308817],[126.67565,33.308579],[126.676125,33.307894],[126.676086,33.306866],[126.677,33.304161],[126.677693,33.303361],[126.677549,33.303035],[126.678327,33.302637],[126.678364,33.302324],[126.679458,33.302039],[126.679898,33.301452],[126.680295,33.299334],[126.679858,33.296423],[126.6802,33.294824],[126.683068,33.294025],[126.684313,33.294736],[126.687708,33.295219],[126.687554,33.293148],[126.687714,33.292651],[126.688542,33.292177],[126.688286,33.29159],[126.688696,33.291352],[126.688408,33.288148],[126.689096,33.286299],[126.688444,33.285972],[126.688718,33.285241],[126.690495,33.285103],[126.691849,33.285379],[126.692109,33.285103],[126.692621,33.285274],[126.692915,33.28468],[126.693942,33.285181],[126.694885,33.285074],[126.695056,33.283647],[126.694287,33.28337],[126.694244,33.282949],[126.6953,33.282116],[126.695563,33.280433],[126.696094,33.280043],[126.695854,33.27914],[126.696165,33.277663],[126.693406,33.277214],[126.693841,33.276273],[126.693109,33.276063],[126.692966,33.274077],[126.69169,33.274105],[126.6921,33.273105],[126.691879,33.270991],[126.692272,33.270417],[126.691695,33.270234],[126.691766,33.269931],[126.691523,33.269396],[126.691276,33.269476],[126.691656,33.270129],[126.691052,33.270448],[126.685964,33.269815],[126.683891,33.270355],[126.683084,33.270267],[126.682588,33.270736],[126.681882,33.270673],[126.681109,33.271181],[126.68097,33.270891],[126.677868,33.270571],[126.677851,33.269337],[126.677323,33.268489],[126.676686,33.268303],[126.674093,33.268624],[126.674368,33.269314],[126.674245,33.269536],[126.674099,33.269277],[126.674128,33.269956],[126.672128,33.270194],[126.670987,33.271283],[126.668881,33.271473],[126.668303,33.271343],[126.668021,33.270595]]]},"properties":{"AREA":27038073.931407884,"PERIMETER":37359.32574279531,"법정리코드":"5013025327","법정리명":"위미리","법정동코드":"50130253","법정시코드":"50130","법정리이름":"서귀포시위미리","SEA":2}},{"type":"Feature","geometry":{"type":"Polygon","coordinates":[[[126.631025,33.254681],[126.63031,33.254622],[126.629732,33.255157],[126.627963,33.254733],[126.627455,33.252601],[126.626689,33.25201],[126.624049,33.252],[126.624015,33.252385],[126.623334,33.252807],[126.622926,33.255174],[126.623777,33.257336],[126.62401,33.260359],[126.624837,33.26268],[126.624183,33.263708],[126.62252,33.264296],[126.621513,33.266113],[126.621636,33.267089],[126.623069,33.268201],[126.623503,33.269161],[126.622559,33.270206],[126.622969,33.272249],[126.622519,33.273494],[126.621374,33.2751],[126.620731,33.275505],[126.620246,33.276569],[126.620723,33.278251],[126.619813,33.278989],[126.619673,33.278769],[126.619123,33.279008],[126.617265,33.278933],[126.616652,33.279709],[126.615398,33.280321],[126.614035,33.282365],[126.614699,33.283224],[126.614451,33.285328],[126.614028,33.285706],[126.612756,33.286144],[126.60947,33.285687],[126.608228,33.28656],[126.604429,33.288036],[126.60316,33.289805],[126.602845,33.291183],[126.605078,33.293334],[126.605028,33.296429],[126.604293,33.297735],[126.603564,33.297898],[126.60154,33.299722],[126.601715,33.301343],[126.601234,33.302224],[126.601434,33.304173],[126.600973,33.306513],[126.601488,33.307139],[126.601181,33.307184],[126.600754,33.308337],[126.599515,33.30955],[126.598978,33.311381],[126.599605,33.312946],[126.600268,33.313399],[126.599884,33.314764],[126.598614,33.31547],[126.597972,33.31631],[126.596391,33.316642],[126.595162,33.317694],[126.595451,33.318098],[126.595021,33.318813],[126.594873,33.321251],[126.593541,33.323419],[126.5919,33.324673],[126.591213,33.325768],[126.591045,33.327137],[126.59048,33.327351],[126.589268,33.328481],[126.588906,33.329257],[126.588032,33.329777],[126.588114,33.331148],[126.58601,33.335723],[126.583673,33.337478],[126.580125,33.338784],[126.578766,33.338788],[126.577285,33.339222],[126.576517,33.340476],[126.575057,33.34186],[126.573669,33.34262],[126.572326,33.344206],[126.5703,33.345295],[126.57001,33.34586],[126.567142,33.347859],[126.564727,33.34917],[126.562408,33.352483],[126.562069,33.353889],[126.55914,33.358915],[126.553217,33.361056],[126.550832,33.362421],[126.548783,33.36445],[126.543355,33.365224],[126.541639,33.365965],[126.540682,33.36718],[126.543916,33.368099],[126.547326,33.370276],[126.550778,33.371883],[126.553716,33.373676],[126.55581,33.372367],[126.557366,33.372021],[126.55788,33.372135],[126.558754,33.37316],[126.559452,33.373242],[126.56159,33.372358],[126.56316,33.372293],[126.564921,33.371743],[126.567663,33.371753],[126.568391,33.369428],[126.570001,33.368132],[126.571264,33.367901],[126.575448,33.368965],[126.578546,33.36751],[126.579983,33.367275],[126.582069,33.365931],[126.583445,33.364474],[126.585102,33.363856],[126.585309,33.363394],[126.587547,33.361933],[126.588848,33.360451],[126.590193,33.359861],[126.590856,33.357889],[126.592855,33.356342],[126.594323,33.354175],[126.596813,33.35362],[126.598568,33.352073],[126.599167,33.351972],[126.601219,33.350391],[126.60037,33.347471],[126.599037,33.347075],[126.599172,33.345903],[126.600049,33.344828],[126.600791,33.344522],[126.600741,33.343719],[126.601285,33.343032],[126.601181,33.341662],[126.601863,33.340568],[126.603049,33.340276],[126.607554,33.337258],[126.609493,33.337224],[126.610358,33.336759],[126.610859,33.335468],[126.609918,33.334369],[126.610338,33.334144],[126.609623,33.333033],[126.609958,33.332395],[126.609601,33.331351],[126.611213,33.329691],[126.614382,33.328608],[126.615663,33.327509],[126.616161,33.327472],[126.616632,33.326793],[126.616493,33.325425],[126.617048,33.32351],[126.616899,33.322495],[126.6164,33.321974],[126.616614,33.321593],[126.615474,33.320082],[126.615462,33.31946],[126.616389,33.318698],[126.61708,33.317054],[126.617947,33.316464],[126.617892,33.315637],[126.618338,33.315378],[126.618305,33.313916],[126.618912,33.311878],[126.618396,33.309809],[126.617963,33.309854],[126.616467,33.308014],[126.61709,33.306327],[126.616529,33.304484],[126.617068,33.303343],[126.616844,33.302759],[126.617726,33.30093],[126.616774,33.300359],[126.616783,33.299351],[126.618165,33.298254],[126.620071,33.293164],[126.620816,33.292437],[126.621361,33.290277],[126.624077,33.288964],[126.624477,33.288505],[126.623803,33.287156],[126.624262,33.285895],[126.625442,33.285338],[126.626113,33.283659],[126.62704,33.283362],[126.627556,33.282798],[126.627833,33.281373],[126.626959,33.280862],[126.626865,33.280441],[126.627365,33.279104],[126.628291,33.278276],[126.629062,33.276611],[126.628367,33.275688],[126.629329,33.273804],[126.62927,33.272521],[126.629863,33.272182],[126.63144,33.272342],[126.63232,33.271841],[126.634598,33.268949],[126.634533,33.266976],[126.635115,33.266289],[126.636372,33.266007],[126.637687,33.26508],[126.639192,33.262971],[126.640799,33.261961],[126.640519,33.261102],[126.639328,33.260643],[126.639349,33.260241],[126.639047,33.260095],[126.64055,33.258836],[126.639344,33.259194],[126.639518,33.257891],[126.637659,33.257257],[126.636582,33.257485],[126.635788,33.257246],[126.63396,33.256272],[126.632935,33.254854],[126.63153,33.254817],[126.631484,33.25436],[126.631025,33.254681]]]},"properties":{"AREA":25449387.76821276,"PERIMETER":40567.57471414977,"법정리코드":"5013025328","법정리명":"하례리","법정동코드":"50130253","법정시코드":"50130","법정리이름":"서귀포시하례리","SEA":2}},{"type":"Feature","geometry":{"type":"Polygon","coordinates":[[[126.641049,33.26298],[126.641485,33.263017],[126.64142,33.263361],[126.642623,33.263513],[126.641773,33.263215],[126.64139,33.262871],[126.641594,33.26248],[126.640945,33.262308],[126.640799,33.261961],[126.639761,33.262512],[126.637687,33.26508],[126.636372,33.266007],[126.635115,33.266289],[126.634533,33.266976],[126.634598,33.268949],[126.63232,33.271841],[126.63144,33.272342],[126.629863,33.272182],[126.62927,33.272521],[126.629329,33.273804],[126.628367,33.275688],[126.629062,33.276611],[126.628291,33.278276],[126.627365,33.279104],[126.626865,33.280441],[126.626959,33.280862],[126.627833,33.281373],[126.627556,33.282798],[126.62704,33.283362],[126.626113,33.283659],[126.625442,33.285338],[126.624262,33.285895],[126.623803,33.287156],[126.624477,33.288505],[126.624077,33.288964],[126.621361,33.290277],[126.620816,33.292437],[126.620071,33.293164],[126.618165,33.298254],[126.616783,33.299351],[126.616774,33.300359],[126.617726,33.30093],[126.616844,33.302759],[126.617068,33.303343],[126.616529,33.304484],[126.61709,33.306327],[126.616467,33.308014],[126.617963,33.309854],[126.618396,33.309809],[126.618912,33.311878],[126.618305,33.313916],[126.618338,33.315378],[126.617892,33.315637],[126.617947,33.316464],[126.61708,33.317054],[126.616389,33.318698],[126.615462,33.31946],[126.615474,33.320082],[126.616614,33.321593],[126.6164,33.321974],[126.616899,33.322495],[126.617048,33.32351],[126.616493,33.325425],[126.616632,33.326793],[126.616161,33.327472],[126.615663,33.327509],[126.614382,33.328608],[126.611213,33.329691],[126.609601,33.331351],[126.609958,33.332395],[126.609623,33.333033],[126.610338,33.334144],[126.609918,33.334369],[126.610859,33.335468],[126.610358,33.336759],[126.609493,33.337224],[126.607554,33.337258],[126.603049,33.340276],[126.601863,33.340568],[126.601181,33.341662],[126.601285,33.343032],[126.600741,33.343719],[126.600791,33.344522],[126.600049,33.344828],[126.599172,33.345903],[126.599037,33.347075],[126.60037,33.347471],[126.601219,33.350391],[126.599167,33.351972],[126.598568,33.352073],[126.596813,33.35362],[126.594323,33.354175],[126.592855,33.356342],[126.590856,33.357889],[126.590193,33.359861],[126.588848,33.360451],[126.587547,33.361933],[126.585309,33.363394],[126.585102,33.363856],[126.583445,33.364474],[126.582069,33.365931],[126.579983,33.367275],[126.578546,33.36751],[126.575448,33.368965],[126.571264,33.367901],[126.570001,33.368132],[126.568391,33.369428],[126.567663,33.371753],[126.56921,33.371637],[126.570105,33.372328],[126.570881,33.372467],[126.572267,33.371775],[126.573399,33.372093],[126.574572,33.371819],[126.578956,33.373246],[126.582085,33.373763],[126.584258,33.373455],[126.586769,33.374176],[126.589322,33.374344],[126.591579,33.373775],[126.592506,33.375509],[126.593225,33.376153],[126.595201,33.376529],[126.597732,33.378148],[126.600364,33.379094],[126.605293,33.381622],[126.606934,33.382238],[126.611985,33.382946],[126.617621,33.383192],[126.620219,33.384862],[126.620978,33.385044],[126.621687,33.382379],[126.624044,33.378764],[126.62675,33.378584],[126.626994,33.378153],[126.626089,33.376686],[126.626139,33.375385],[126.625519,33.374538],[126.626121,33.373663],[126.626115,33.372356],[126.625379,33.372194],[126.624377,33.371348],[126.624713,33.370387],[126.626355,33.370012],[126.624285,33.36842],[126.625177,33.366314],[126.624015,33.365104],[126.624143,33.363709],[126.623518,33.362382],[126.622911,33.361817],[126.621575,33.361964],[126.620711,33.361441],[126.621492,33.359849],[126.623066,33.35867],[126.62282,33.357983],[126.622233,33.357776],[126.622136,33.356596],[126.622625,33.356025],[126.622434,33.355212],[126.621782,33.354924],[126.621578,33.354427],[126.622154,33.353811],[126.62199,33.353475],[126.622441,33.352841],[126.622448,33.350224],[126.623236,33.347178],[126.623797,33.345919],[126.624442,33.345462],[126.624611,33.345],[126.624336,33.344358],[126.624639,33.343489],[126.626252,33.34302],[126.627861,33.339975],[126.62816,33.338607],[126.628017,33.336575],[126.627096,33.335192],[126.627416,33.333712],[126.62627,33.332808],[126.626949,33.32996],[126.628049,33.328729],[126.627975,33.327959],[126.63021,33.327478],[126.630793,33.326782],[126.630592,33.32615],[126.631663,33.325109],[126.631358,33.324285],[126.631763,33.323256],[126.631203,33.321679],[126.632797,33.319014],[126.63404,33.318488],[126.636141,33.316904],[126.636612,33.316097],[126.637732,33.315282],[126.638417,33.31542],[126.639509,33.314559],[126.640086,33.314871],[126.641286,33.314761],[126.641906,33.313857],[126.643068,33.313029],[126.64428,33.311247],[126.645165,33.311397],[126.645895,33.309844],[126.645465,33.307953],[126.645135,33.308118],[126.645629,33.30647],[126.645485,33.305479],[126.646363,33.304272],[126.645646,33.302943],[126.646008,33.30275],[126.645734,33.301383],[126.64422,33.300723],[126.643955,33.299843],[126.645453,33.298957],[126.64265,33.298423],[126.641176,33.29756],[126.640417,33.296007],[126.640605,33.29536],[126.640135,33.29452],[126.638617,33.293157],[126.638328,33.291777],[126.638508,33.290713],[126.638867,33.290251],[126.63958,33.290082],[126.640027,33.289226],[126.639992,33.286208],[126.640733,33.283305],[126.640798,33.281771],[126.641826,33.280956],[126.644284,33.279872],[126.646051,33.278176],[126.645536,33.275301],[126.646027,33.273923],[126.645979,33.273025],[126.646272,33.272151],[126.647633,33.27094],[126.647974,33.269607],[126.647613,33.269168],[126.647796,33.268484],[126.647099,33.268055],[126.643936,33.267036],[126.642957,33.266184],[126.641937,33.265902],[126.641072,33.264969],[126.640985,33.264142],[126.641144,33.263725],[126.641445,33.263652],[126.641481,33.263466],[126.64101,33.263705],[126.641233,33.263349],[126.641049,33.26298]]]},"properties":{"AREA":28885479.429134063,"PERIMETER":41006.405879127844,"법정리코드":"5013025329","법정리명":"신례리","법정동코드":"50130253","법정시코드":"50130","법정리이름":"서귀포시신례리","SEA":2}},{"type":"Feature","geometry":{"type":"Polygon","coordinates":[[[126.928313,33.468873],[126.928487,33.469657],[126.927496,33.470018],[126.928573,33.469823],[126.929684,33.47198],[126.928604,33.473027],[126.928211,33.473033],[126.928872,33.47352],[126.935219,33.473529],[126.935201,33.475112],[126.935523,33.475113],[126.935549,33.473529],[126.934824,33.471377],[126.935779,33.473609],[126.935915,33.47825],[126.935899,33.473541],[126.934519,33.470593],[126.934983,33.470154],[126.934825,33.469361],[126.935887,33.468992],[126.936286,33.46845],[126.936361,33.467595],[126.935892,33.466765],[126.935957,33.464807],[126.936263,33.464633],[126.936041,33.464235],[126.936729,33.463499],[126.937853,33.463555],[126.938535,33.463196],[126.937929,33.46242],[126.938028,33.4617],[126.938684,33.461322],[126.942261,33.460927],[126.943748,33.460395],[126.944791,33.459559],[126.945113,33.457815],[126.945459,33.457391],[126.945275,33.456956],[126.943821,33.456134],[126.940945,33.456389],[126.937899,33.458247],[126.937439,33.459394],[126.936467,33.459749],[126.935626,33.460648],[126.934558,33.460875],[126.931839,33.460259],[126.930348,33.459472],[126.929108,33.457586],[126.928718,33.458178],[126.92852,33.457993],[126.928851,33.458784],[126.928727,33.460213],[126.92806,33.460013],[126.927763,33.460304],[126.928723,33.460638],[126.929329,33.461728],[126.931621,33.463743],[126.931923,33.464657],[126.931345,33.465724],[126.929062,33.466915],[126.928537,33.468535],[126.927795,33.468674],[126.928575,33.468773],[126.928313,33.468873]]]},"properties":{"AREA":1256506.0574544817,"PERIMETER":10049.980668723012,"법정리코드":"5013025921","법정리명":"성산리","법정동코드":"50130259","법정시코드":"50130","법정리이름":"서귀포시성산리","SEA":2}},{"type":"Feature","geometry":{"type":"Polygon","coordinates":[[[126.924634,33.46984],[126.925005,33.469445],[126.925209,33.469607],[126.925209,33.468976],[126.925962,33.468897],[126.924264,33.468858],[126.924263,33.468521],[126.921679,33.46866],[126.921291,33.467221],[126.921529,33.467019],[126.920924,33.46529],[126.919776,33.464744],[126.918612,33.46464],[126.918019,33.465041],[126.917099,33.464677],[126.916565,33.463611],[126.914859,33.462697],[126.91574,33.462761],[126.916686,33.46168],[126.917658,33.462029],[126.917868,33.462395],[126.918207,33.462171],[126.918413,33.462411],[126.91892,33.461819],[126.919064,33.462132],[126.920737,33.462489],[126.920762,33.463056],[126.92205,33.463088],[126.921214,33.461616],[126.921832,33.460818],[126.921361,33.46052],[126.921783,33.459942],[126.921262,33.459108],[126.92146,33.458602],[126.922022,33.458736],[126.922414,33.458304],[126.922454,33.457011],[126.923713,33.454229],[126.92364,33.453377],[126.921785,33.451069],[126.920565,33.450376],[126.920034,33.450937],[126.919351,33.450887],[126.917756,33.451503],[126.917286,33.451411],[126.917108,33.450943],[126.915943,33.450987],[126.915321,33.450606],[126.915531,33.451337],[126.915324,33.451637],[126.914705,33.451399],[126.914848,33.452178],[126.916114,33.452168],[126.915746,33.452491],[126.916407,33.45252],[126.916906,33.45289],[126.91599,33.452677],[126.91546,33.453215],[126.914541,33.453515],[126.914302,33.453055],[126.913719,33.452881],[126.912894,33.453765],[126.91294,33.454061],[126.911885,33.454481],[126.910673,33.454078],[126.907671,33.454372],[126.905231,33.453825],[126.904083,33.453112],[126.903217,33.453965],[126.901049,33.454568],[126.899248,33.453873],[126.898124,33.454135],[126.89587,33.453953],[126.89453,33.452964],[126.892439,33.452993],[126.891998,33.452454],[126.891586,33.452426],[126.891208,33.453129],[126.890607,33.453],[126.889621,33.453435],[126.889096,33.453061],[126.888234,33.453984],[126.886487,33.453005],[126.883091,33.453261],[126.880861,33.45221],[126.879096,33.455074],[126.878852,33.456514],[126.877785,33.459067],[126.877959,33.4603],[126.877487,33.461609],[126.878055,33.461892],[126.878341,33.461593],[126.879038,33.461932],[126.879576,33.461657],[126.881406,33.46226],[126.882981,33.462264],[126.883452,33.461554],[126.884384,33.46113],[126.886196,33.461201],[126.886863,33.460569],[126.887501,33.460673],[126.888367,33.462601],[126.889838,33.462278],[126.893175,33.462833],[126.893015,33.464005],[126.89405,33.464846],[126.894186,33.465457],[126.895681,33.465848],[126.896296,33.466596],[126.898624,33.467214],[126.901206,33.466999],[126.902844,33.46801],[126.904002,33.467685],[126.905411,33.46897],[126.907336,33.469553],[126.907201,33.470066],[126.907731,33.470886],[126.907545,33.471228],[126.912164,33.472815],[126.912881,33.472278],[126.914411,33.472088],[126.914935,33.472516],[126.915309,33.472063],[126.917072,33.47193],[126.917173,33.471149],[126.918463,33.470358],[126.919221,33.470712],[126.918781,33.470157],[126.92079,33.469304],[126.921778,33.470202],[126.922433,33.470307],[126.925093,33.472112],[126.924453,33.472911],[126.925284,33.473435],[126.924544,33.472849],[126.925198,33.472185],[126.927022,33.473458],[126.92746,33.473979],[126.927561,33.475697],[126.927523,33.473931],[126.927097,33.473434],[126.926575,33.473075],[126.926733,33.472912],[126.925446,33.472011],[126.925295,33.471358],[126.926071,33.471054],[126.925254,33.471181],[126.924634,33.46984]]]},"properties":{"AREA":6078489.312020717,"PERIMETER":19229.056371571707,"법정리코드":"5013025922","법정리명":"오조리","법정동코드":"50130259","법정시코드":"50130","법정리이름":"서귀포시오조리","SEA":2}},{"type":"Feature","geometry":{"type":"Polygon","coordinates":[[[126.881468,33.477067],[126.882447,33.478701],[126.88452,33.480668],[126.885449,33.48046],[126.887941,33.478823],[126.888439,33.479077],[126.888928,33.480531],[126.889481,33.480876],[126.890294,33.480337],[126.890603,33.480983],[126.891961,33.480975],[126.893036,33.481735],[126.895196,33.48172],[126.897156,33.482138],[126.898016,33.483081],[126.900561,33.482304],[126.901089,33.482685],[126.901818,33.482533],[126.90222,33.481341],[126.901833,33.481671],[126.901689,33.48095],[126.902423,33.480008],[126.902898,33.480361],[126.902259,33.481298],[126.903989,33.479332],[126.904887,33.478998],[126.903989,33.479212],[126.90299,33.480259],[126.903589,33.479047],[126.903405,33.478394],[126.903803,33.477602],[126.904572,33.478098],[126.905473,33.477611],[126.908173,33.478177],[126.906136,33.478634],[126.907885,33.478359],[126.907876,33.478739],[126.908559,33.47915],[126.907907,33.478719],[126.908117,33.478307],[126.90906,33.478934],[126.908791,33.479186],[126.909402,33.479132],[126.909526,33.47976],[126.910117,33.479716],[126.909575,33.47971],[126.909787,33.479029],[126.909442,33.478949],[126.909557,33.478419],[126.91021,33.476223],[126.912164,33.472815],[126.907545,33.471228],[126.907731,33.470886],[126.907201,33.470066],[126.907336,33.469553],[126.905411,33.46897],[126.904002,33.467685],[126.902844,33.46801],[126.901206,33.466999],[126.898624,33.467214],[126.896296,33.466596],[126.895681,33.465848],[126.894186,33.465457],[126.89405,33.464846],[126.893015,33.464005],[126.893175,33.462833],[126.889838,33.462278],[126.888367,33.462601],[126.887501,33.460673],[126.886863,33.460569],[126.886196,33.461201],[126.884384,33.46113],[126.883452,33.461554],[126.882981,33.462264],[126.881406,33.46226],[126.879699,33.46167],[126.879038,33.461932],[126.878341,33.461593],[126.878055,33.461892],[126.87585,33.460456],[126.874257,33.460161],[126.872964,33.460301],[126.870064,33.459107],[126.867927,33.459782],[126.866641,33.459643],[126.865601,33.460473],[126.863454,33.460136],[126.862688,33.460327],[126.861692,33.459317],[126.861224,33.45829],[126.859215,33.45697],[126.857846,33.455418],[126.856093,33.45654],[126.854947,33.456589],[126.854413,33.45718],[126.853468,33.457195],[126.850128,33.458537],[126.849547,33.459445],[126.84668,33.461026],[126.845092,33.461507],[126.846659,33.462117],[126.851903,33.462528],[126.854692,33.463314],[126.857737,33.467058],[126.861813,33.46818],[126.866245,33.468584],[126.870357,33.472797],[126.871281,33.472287],[126.872016,33.47256],[126.872739,33.472312],[126.872648,33.474986],[126.874198,33.475636],[126.875338,33.47537],[126.876108,33.47566],[126.877471,33.475613],[126.878629,33.476627],[126.879516,33.476433],[126.881087,33.477292],[126.881468,33.477067]]]},"properties":{"AREA":7959163.999149455,"PERIMETER":19309.017194160413,"법정리코드":"5013025923","법정리명":"시흥리","법정동코드":"50130259","법정시코드":"50130","법정리이름":"서귀포시시흥리","SEA":2}},{"type":"Feature","geometry":{"type":"Polygon","coordinates":[[[126.923912,33.435237],[126.927263,33.433836],[126.928253,33.434014],[126.929578,33.433125],[126.931,33.432898],[126.932506,33.431972],[126.934063,33.430425],[126.934945,33.430265],[126.935138,33.429922],[126.93494,33.429265],[126.933061,33.427454],[126.932422,33.425997],[126.931402,33.425458],[126.931356,33.424519],[126.930512,33.423952],[126.930568,33.423339],[126.92914,33.423565],[126.928379,33.424334],[126.92701,33.42455],[126.925094,33.426393],[126.923426,33.42741],[126.923375,33.428014],[126.923964,33.428642],[126.92589,33.429343],[126.926068,33.43034],[126.924523,33.432875],[126.924137,33.434089],[126.922926,33.435075],[126.920754,33.435411],[126.918781,33.435458],[126.916189,33.434593],[126.915823,33.433314],[126.91527,33.432623],[126.916091,33.428996],[126.916311,33.428646],[126.917992,33.42897],[126.918586,33.428985],[126.917788,33.428798],[126.917776,33.427479],[126.919581,33.427472],[126.919649,33.427908],[126.919645,33.427417],[126.916408,33.427433],[126.915721,33.426208],[126.914896,33.425648],[126.913866,33.424267],[126.913811,33.423715],[126.910381,33.424298],[126.909839,33.42464],[126.90913,33.424125],[126.907849,33.423884],[126.906912,33.424099],[126.90656,33.424778],[126.905278,33.424425],[126.903425,33.427341],[126.900529,33.428254],[126.89885,33.428107],[126.897748,33.426531],[126.89655,33.425649],[126.895995,33.424133],[126.894539,33.424616],[126.894491,33.425399],[126.892918,33.425831],[126.892487,33.426939],[126.891645,33.427855],[126.890341,33.428473],[126.889401,33.428364],[126.88807,33.428793],[126.887307,33.428152],[126.886392,33.428029],[126.885118,33.428428],[126.883717,33.42821],[126.883195,33.428575],[126.883982,33.429828],[126.884823,33.429985],[126.885222,33.430577],[126.884915,33.431513],[126.883914,33.432079],[126.883952,33.432525],[126.887101,33.433467],[126.887406,33.434133],[126.88976,33.434275],[126.891174,33.436037],[126.891676,33.436131],[126.891833,33.43701],[126.89383,33.4382],[126.895099,33.438496],[126.895757,33.439216],[126.897194,33.439873],[126.897921,33.440973],[126.897693,33.441769],[126.897932,33.44311],[126.89686,33.444012],[126.895776,33.445605],[126.89556,33.44666],[126.893589,33.448193],[126.894161,33.448928],[126.894173,33.45069],[126.894749,33.45204],[126.89608,33.452215],[126.896709,33.452971],[126.897468,33.453061],[126.898292,33.454114],[126.899248,33.453873],[126.901049,33.454568],[126.903217,33.453965],[126.904083,33.453112],[126.905231,33.453825],[126.907671,33.454372],[126.910673,33.454078],[126.911885,33.454481],[126.91294,33.454061],[126.912894,33.453765],[126.913719,33.452881],[126.914302,33.453055],[126.914541,33.453515],[126.91546,33.453215],[126.91599,33.452677],[126.916906,33.45289],[126.915746,33.452491],[126.916114,33.452168],[126.914848,33.452178],[126.914705,33.451399],[126.915324,33.451637],[126.915531,33.451337],[126.915321,33.450606],[126.915943,33.450987],[126.917108,33.450943],[126.917286,33.451411],[126.917756,33.451503],[126.919351,33.450887],[126.920034,33.450937],[126.920565,33.450376],[126.921785,33.451069],[126.92364,33.453377],[126.923713,33.454229],[126.923359,33.455106],[126.92755,33.457147],[126.928718,33.458178],[126.929096,33.457563],[126.924376,33.453022],[126.923323,33.450315],[126.92202,33.44876],[126.92181,33.446826],[126.920958,33.445814],[126.92079,33.44508],[126.921748,33.438798],[126.923498,33.436366],[126.923912,33.435237]],[[126.916404,33.428485],[126.916414,33.427488],[126.917522,33.427481],[126.917529,33.428794],[126.916404,33.428485]]]},"properties":{"AREA":8690251.022015706,"PERIMETER":23469.580174541643,"법정리코드":"5013025924","법정리명":"고성리","법정동코드":"50130259","법정시코드":"50130","법정리이름":"서귀포시고성리","SEA":2}},{"type":"Feature","geometry":{"type":"Polygon","coordinates":[[[126.819752,33.423611],[126.82031,33.425041],[126.820376,33.427156],[126.821708,33.430616],[126.820578,33.431497],[126.815572,33.429425],[126.816159,33.434612],[126.816009,33.435492],[126.81508,33.436186],[126.814642,33.437717],[126.812373,33.44045],[126.809792,33.440233],[126.807404,33.440475],[126.807966,33.44209],[126.807442,33.443418],[126.807768,33.444021],[126.808108,33.444548],[126.810478,33.444808],[126.812796,33.445633],[126.814424,33.445243],[126.815116,33.446409],[126.817289,33.446749],[126.818213,33.447825],[126.822122,33.446706],[126.822662,33.448747],[126.823706,33.450362],[126.824241,33.450479],[126.823939,33.453023],[126.824917,33.453337],[126.826187,33.453196],[126.828726,33.453756],[126.829501,33.453642],[126.831053,33.454592],[126.831847,33.45567],[126.834964,33.456793],[126.836831,33.458278],[126.842906,33.460825],[126.844993,33.461503],[126.846414,33.461145],[126.849547,33.459445],[126.850128,33.458537],[126.853468,33.457195],[126.854413,33.45718],[126.854947,33.456589],[126.856093,33.45654],[126.857846,33.455418],[126.859215,33.45697],[126.861224,33.45829],[126.861692,33.459317],[126.862688,33.460327],[126.863454,33.460136],[126.865601,33.460473],[126.866641,33.459643],[126.867927,33.459782],[126.870064,33.459107],[126.872964,33.460301],[126.874257,33.460161],[126.87585,33.460456],[126.877487,33.461609],[126.877959,33.4603],[126.877785,33.459067],[126.878852,33.456514],[126.879096,33.455074],[126.880861,33.45221],[126.883091,33.453261],[126.886487,33.453005],[126.888234,33.453984],[126.889096,33.453061],[126.889621,33.453435],[126.890607,33.453],[126.891208,33.453129],[126.891586,33.452426],[126.891923,33.452434],[126.892439,33.452993],[126.89453,33.452964],[126.89587,33.453953],[126.898292,33.454114],[126.897468,33.453061],[126.896709,33.452971],[126.89608,33.452215],[126.894699,33.452002],[126.894173,33.45069],[126.894161,33.448928],[126.893584,33.448256],[126.89556,33.44666],[126.895776,33.445605],[126.89686,33.444012],[126.897932,33.44311],[126.897748,33.440676],[126.897194,33.439873],[126.895757,33.439216],[126.895099,33.438496],[126.89383,33.4382],[126.891833,33.43701],[126.891676,33.436131],[126.891174,33.436037],[126.88976,33.434275],[126.887406,33.434133],[126.887101,33.433467],[126.883952,33.432525],[126.883914,33.432079],[126.884961,33.431456],[126.885163,33.430413],[126.884823,33.429985],[126.883982,33.429828],[126.883294,33.428974],[126.883411,33.428278],[126.882408,33.426498],[126.88159,33.426696],[126.880641,33.42645],[126.879974,33.425246],[126.879052,33.425045],[126.878968,33.423898],[126.878362,33.423176],[126.878188,33.422252],[126.876355,33.420871],[126.876241,33.419902],[126.875626,33.419608],[126.875087,33.420007],[126.874034,33.420019],[126.872511,33.420603],[126.872074,33.421053],[126.868524,33.421445],[126.867663,33.420959],[126.867002,33.420048],[126.864334,33.419228],[126.863693,33.41925],[126.862991,33.420332],[126.861892,33.420629],[126.858975,33.420091],[126.857989,33.420301],[126.857456,33.421298],[126.856389,33.422222],[126.856183,33.422951],[126.855667,33.423284],[126.854618,33.423496],[126.854227,33.422974],[126.853266,33.422907],[126.852987,33.423295],[126.851062,33.423649],[126.849893,33.424573],[126.848035,33.424133],[126.847758,33.423362],[126.845511,33.422154],[126.845013,33.421367],[126.84388,33.422028],[126.843605,33.423274],[126.842025,33.42381],[126.841702,33.424513],[126.840188,33.42404],[126.839415,33.422704],[126.839236,33.421558],[126.838434,33.421711],[126.837295,33.421405],[126.835826,33.421863],[126.836315,33.42283],[126.83568,33.42398],[126.834443,33.423428],[126.83445,33.422808],[126.832523,33.422857],[126.828136,33.425558],[126.824645,33.423746],[126.822353,33.42391],[126.819752,33.423611]]]},"properties":{"AREA":26116565.878501184,"PERIMETER":28243.99996065069,"법정리코드":"5013025925","법정리명":"수산리","법정동코드":"50130259","법정시코드":"50130","법정리이름":"서귀포시수산리","SEA":2}},{"type":"Feature","geometry":{"type":"Polygon","coordinates":[[[126.913812,33.423713],[126.914057,33.422464],[126.913779,33.421736],[126.913192,33.42107],[126.911682,33.42038],[126.911215,33.419683],[126.911242,33.418535],[126.910592,33.416136],[126.910743,33.41452],[126.909805,33.414033],[126.909229,33.412726],[126.908226,33.412207],[126.908341,33.411562],[126.90804,33.410925],[126.908262,33.41002],[126.907571,33.4071],[126.905466,33.405229],[126.903857,33.405038],[126.903519,33.403916],[126.902866,33.403448],[126.902903,33.402673],[126.903496,33.402215],[126.904069,33.402503],[126.904266,33.402485],[126.903382,33.401893],[126.902744,33.40196],[126.90279,33.401765],[126.903337,33.401149],[126.903483,33.401583],[126.903951,33.401631],[126.903887,33.400739],[126.906274,33.397894],[126.906011,33.395973],[126.9063,33.39432],[126.905758,33.393475],[126.905549,33.391646],[126.904493,33.391605],[126.903741,33.391133],[126.901911,33.390763],[126.897941,33.388817],[126.897814,33.389896],[126.89843,33.390327],[126.89886,33.391352],[126.898186,33.39196],[126.895626,33.39182],[126.895142,33.392571],[126.894304,33.392986],[126.892834,33.393432],[126.89233,33.393167],[126.891608,33.393677],[126.890841,33.393397],[126.888633,33.394204],[126.887123,33.393998],[126.885971,33.395042],[126.884047,33.394723],[126.883624,33.394306],[126.883066,33.394439],[126.882178,33.395529],[126.882657,33.395621],[126.883087,33.396519],[126.883893,33.397019],[126.883879,33.397414],[126.882569,33.3989],[126.883081,33.399728],[126.882885,33.400011],[126.883114,33.401038],[126.882023,33.401601],[126.881168,33.401594],[126.880285,33.401065],[126.880241,33.402313],[126.878999,33.403405],[126.879415,33.404423],[126.87909,33.405353],[126.879467,33.405705],[126.879473,33.406873],[126.877738,33.408893],[126.876808,33.408713],[126.876378,33.409068],[126.875918,33.410775],[126.875969,33.413137],[126.875732,33.413724],[126.875976,33.414966],[126.875497,33.415147],[126.875293,33.416386],[126.876025,33.418383],[126.875289,33.41878],[126.875196,33.419154],[126.876241,33.419902],[126.876355,33.420871],[126.878188,33.422252],[126.878362,33.423176],[126.878968,33.423898],[126.879052,33.425045],[126.879974,33.425246],[126.880641,33.42645],[126.88159,33.426696],[126.882408,33.426498],[126.883411,33.428278],[126.885118,33.428428],[126.886392,33.428029],[126.887307,33.428152],[126.88807,33.428793],[126.889401,33.428364],[126.890341,33.428473],[126.891645,33.427855],[126.892487,33.426939],[126.892918,33.425831],[126.894491,33.425399],[126.894539,33.424616],[126.895995,33.424133],[126.89655,33.425649],[126.897748,33.426531],[126.898824,33.428083],[126.900433,33.428262],[126.903425,33.427341],[126.905278,33.424425],[126.90656,33.424778],[126.906912,33.424099],[126.907849,33.423884],[126.90913,33.424125],[126.909839,33.42464],[126.910381,33.424298],[126.913812,33.423713]]]},"properties":{"AREA":10300657.811434094,"PERIMETER":16681.137261247637,"법정리코드":"5013025926","법정리명":"온평리","법정동코드":"50130259","법정시코드":"50130","법정리이름":"서귀포시온평리","SEA":2}},{"type":"Feature","geometry":{"type":"Polygon","coordinates":[[[126.897941,33.388817],[126.894505,33.388813],[126.891123,33.38787],[126.889802,33.387232],[126.88904,33.386134],[126.88753,33.385905],[126.884156,33.384694],[126.882245,33.383497],[126.880383,33.382812],[126.88015,33.382311],[126.88036,33.382009],[126.88048,33.382217],[126.88061,33.382185],[126.880575,33.381796],[126.88096,33.381797],[126.88097,33.382259],[126.882238,33.381948],[126.880605,33.381753],[126.881252,33.38062],[126.880559,33.379214],[126.877304,33.376399],[126.875096,33.374859],[126.874963,33.375084],[126.874889,33.374553],[126.874026,33.373734],[126.872805,33.372902],[126.871725,33.372789],[126.870774,33.372139],[126.870624,33.371596],[126.870938,33.370997],[126.86692,33.370624],[126.865699,33.370935],[126.864248,33.372088],[126.863422,33.374171],[126.862045,33.375474],[126.859488,33.376016],[126.858149,33.377461],[126.856504,33.378236],[126.855818,33.379205],[126.855283,33.378869],[126.854315,33.379216],[126.853091,33.37892],[126.852813,33.380118],[126.852168,33.380342],[126.852391,33.381698],[126.851641,33.38212],[126.851259,33.382827],[126.849718,33.383035],[126.848807,33.382797],[126.847924,33.383458],[126.846613,33.383499],[126.848042,33.386026],[126.847908,33.386618],[126.847305,33.386842],[126.847106,33.387389],[126.847715,33.388326],[126.84735,33.390117],[126.846074,33.390529],[126.844869,33.389959],[126.843162,33.390619],[126.841878,33.392],[126.841887,33.392564],[126.840915,33.392712],[126.840979,33.393154],[126.840526,33.393614],[126.83964,33.393545],[126.84028,33.395247],[126.841638,33.395667],[126.842572,33.395508],[126.845268,33.396671],[126.846263,33.396219],[126.8469,33.39636],[126.847283,33.395841],[126.84849,33.396196],[126.852027,33.395773],[126.852813,33.394759],[126.853856,33.395179],[126.855698,33.394761],[126.855997,33.392941],[126.857249,33.392077],[126.858489,33.392605],[126.858223,33.393099],[126.858976,33.39456],[126.859991,33.394995],[126.861916,33.394066],[126.862639,33.393267],[126.86687,33.39316],[126.871844,33.390666],[126.872986,33.392073],[126.875185,33.391301],[126.875736,33.390682],[126.877732,33.390271],[126.878444,33.391778],[126.879791,33.393104],[126.879408,33.394119],[126.879476,33.395226],[126.881901,33.39564],[126.883234,33.394311],[126.885971,33.395042],[126.887123,33.393998],[126.888633,33.394204],[126.890841,33.393397],[126.891608,33.393677],[126.89233,33.393167],[126.892834,33.393432],[126.894304,33.392986],[126.895142,33.392571],[126.895626,33.39182],[126.898186,33.39196],[126.89886,33.391352],[126.89843,33.390327],[126.897814,33.389896],[126.897941,33.388817]]]},"properties":{"AREA":7540215.97254773,"PERIMETER":17366.235723204714,"법정리코드":"5013025927","법정리명":"신산리","법정동코드":"50130259","법정시코드":"50130","법정리이름":"서귀포시신산리","SEA":2}},{"type":"Feature","geometry":{"type":"Polygon","coordinates":[[[126.807897,33.388333],[126.80805,33.389301],[126.807407,33.390768],[126.807937,33.392476],[126.808909,33.394367],[126.810529,33.395499],[126.810523,33.396964],[126.811013,33.398175],[126.812113,33.399387],[126.814346,33.406645],[126.815614,33.406567],[126.817434,33.405571],[126.819024,33.405726],[126.820999,33.405312],[126.82378,33.405374],[126.826776,33.40482],[126.829128,33.405321],[126.830034,33.405161],[126.830186,33.404237],[126.831172,33.403409],[126.831658,33.402134],[126.832268,33.401506],[126.835777,33.400192],[126.837198,33.400335],[126.840042,33.399678],[126.843676,33.398247],[126.844843,33.397079],[126.84511,33.39665],[126.842572,33.395508],[126.841638,33.395667],[126.84028,33.395247],[126.83964,33.393545],[126.840526,33.393614],[126.840979,33.393154],[126.840915,33.392712],[126.841887,33.392564],[126.841878,33.392],[126.843162,33.390619],[126.844869,33.389959],[126.846074,33.390529],[126.84735,33.390117],[126.847715,33.388326],[126.847106,33.387389],[126.847305,33.386842],[126.847908,33.386618],[126.848042,33.386026],[126.846613,33.383499],[126.847924,33.383458],[126.848807,33.382797],[126.849718,33.383035],[126.851259,33.382827],[126.851641,33.38212],[126.852391,33.381698],[126.852168,33.380342],[126.852813,33.380118],[126.853091,33.37892],[126.854315,33.379216],[126.855283,33.378869],[126.855818,33.379205],[126.856504,33.378236],[126.858149,33.377461],[126.859488,33.376016],[126.862045,33.375474],[126.863422,33.374171],[126.864191,33.372145],[126.865699,33.370935],[126.867632,33.370604],[126.869758,33.370961],[126.871372,33.370846],[126.87102,33.370944],[126.8713,33.371334],[126.871598,33.371341],[126.871119,33.370951],[126.871705,33.370872],[126.871364,33.371088],[126.871768,33.371052],[126.871767,33.371381],[126.87221,33.37073],[126.872539,33.369059],[126.871329,33.366885],[126.871786,33.366279],[126.871487,33.366143],[126.870601,33.366577],[126.868518,33.365449],[126.866559,33.366053],[126.864324,33.365862],[126.861575,33.36621],[126.859938,33.3669],[126.856882,33.36714],[126.855831,33.366484],[126.854971,33.366445],[126.853079,33.365293],[126.851674,33.366176],[126.85028,33.366599],[126.848631,33.367928],[126.847914,33.367942],[126.846772,33.368526],[126.846403,33.369244],[126.844361,33.369552],[126.843531,33.36895],[126.842914,33.369008],[126.842548,33.368516],[126.841976,33.36857],[126.842075,33.368279],[126.841543,33.368108],[126.840933,33.368492],[126.839279,33.368665],[126.838734,33.369716],[126.837719,33.36919],[126.836414,33.36767],[126.835338,33.369577],[126.83577,33.370418],[126.835563,33.372254],[126.834705,33.373078],[126.834043,33.375061],[126.833226,33.376023],[126.831794,33.376048],[126.830743,33.376837],[126.830198,33.377743],[126.829176,33.378025],[126.828338,33.37892],[126.825446,33.380059],[126.824644,33.379896],[126.821757,33.380864],[126.821613,33.381637],[126.818198,33.383509],[126.817265,33.383601],[126.814776,33.385689],[126.812438,33.386599],[126.811915,33.387489],[126.808149,33.387196],[126.807482,33.388183],[126.807897,33.388333]]]},"properties":{"AREA":11956115.599109082,"PERIMETER":20863.75039270828,"법정리코드":"5013025928","법정리명":"삼달리","법정동코드":"50130259","법정시코드":"50130","법정리이름":"서귀포시삼달리","SEA":2}},{"type":"Feature","geometry":{"type":"Polygon","coordinates":[[[126.868432,33.365397],[126.867195,33.364218],[126.867024,33.363142],[126.86788,33.36268],[126.867118,33.362848],[126.867525,33.362416],[126.868258,33.362911],[126.867663,33.362126],[126.867211,33.362209],[126.867104,33.36107],[126.868289,33.356643],[126.866756,33.356302],[126.864676,33.355148],[126.863944,33.355307],[126.863715,33.355852],[126.862797,33.355636],[126.861464,33.355925],[126.860387,33.356742],[126.858502,33.357452],[126.856778,33.357624],[126.856297,33.358141],[126.856163,33.358874],[126.854352,33.359796],[126.850853,33.359205],[126.850057,33.359643],[126.848437,33.359543],[126.847797,33.359203],[126.845677,33.359483],[126.840015,33.355804],[126.839208,33.354896],[126.837993,33.355667],[126.837069,33.357823],[126.83429,33.359271],[126.831524,33.359887],[126.830257,33.360875],[126.828003,33.361778],[126.827731,33.36221],[126.825578,33.362863],[126.824078,33.363759],[126.820908,33.366463],[126.820102,33.367515],[126.81641,33.369716],[126.816177,33.370778],[126.815267,33.37191],[126.814439,33.372185],[126.812192,33.371461],[126.807918,33.373153],[126.805461,33.375567],[126.804755,33.376976],[126.803958,33.377469],[126.802925,33.377486],[126.802378,33.378703],[126.802278,33.379939],[126.800306,33.382075],[126.801997,33.38386],[126.803655,33.384142],[126.805695,33.385041],[126.806466,33.386116],[126.806063,33.387419],[126.806773,33.388195],[126.807482,33.388183],[126.808149,33.387196],[126.811915,33.387489],[126.812438,33.386599],[126.814776,33.385689],[126.817265,33.383601],[126.818198,33.383509],[126.821613,33.381637],[126.821757,33.380864],[126.824644,33.379896],[126.825446,33.380059],[126.828338,33.37892],[126.829176,33.378025],[126.830198,33.377743],[126.830743,33.376837],[126.831794,33.376048],[126.833226,33.376023],[126.834043,33.375061],[126.834705,33.373078],[126.835563,33.372254],[126.83577,33.370418],[126.835338,33.369577],[126.836414,33.36767],[126.837719,33.36919],[126.838734,33.369716],[126.839279,33.368665],[126.840933,33.368492],[126.841543,33.368108],[126.842075,33.368279],[126.841976,33.36857],[126.842548,33.368516],[126.842914,33.369008],[126.843531,33.36895],[126.844361,33.369552],[126.846403,33.369244],[126.846772,33.368526],[126.847914,33.367942],[126.848631,33.367928],[126.85028,33.366599],[126.851674,33.366176],[126.853079,33.365293],[126.854971,33.366445],[126.855831,33.366484],[126.856882,33.36714],[126.859938,33.3669],[126.861575,33.36621],[126.864324,33.365862],[126.867549,33.365905],[126.868432,33.365397]]]},"properties":{"AREA":8213335.696377626,"PERIMETER":18889.63639004288,"법정리코드":"5013025929","법정리명":"신풍리","법정동코드":"50130259","법정시코드":"50130","법정리이름":"서귀포시신풍리","SEA":2}},{"type":"Feature","geometry":{"type":"Polygon","coordinates":[[[126.85518,33.339896],[126.855551,33.339672],[126.85544,33.340006],[126.85682,33.340126],[126.856781,33.340428],[126.856924,33.340141],[126.858285,33.340922],[126.856938,33.340072],[126.855765,33.339744],[126.855653,33.339307],[126.855467,33.339409],[126.855631,33.338854],[126.854657,33.339317],[126.853053,33.339162],[126.850385,33.337472],[126.850321,33.336877],[126.849554,33.336781],[126.84919,33.33715],[126.849148,33.339555],[126.847815,33.341552],[126.846041,33.34284],[126.845596,33.344148],[126.844344,33.345864],[126.84389,33.348122],[126.83997,33.352779],[126.839903,33.354357],[126.839208,33.354896],[126.840015,33.355804],[126.845677,33.359483],[126.847797,33.359203],[126.848437,33.359543],[126.850057,33.359643],[126.850853,33.359205],[126.854352,33.359796],[126.856163,33.358874],[126.856297,33.358141],[126.856778,33.357624],[126.858502,33.357452],[126.860387,33.356742],[126.861464,33.355925],[126.862797,33.355636],[126.863715,33.355852],[126.863944,33.355307],[126.864676,33.355148],[126.866756,33.356302],[126.868281,33.356643],[126.868179,33.354723],[126.867035,33.35288],[126.865278,33.351637],[126.863079,33.348703],[126.859672,33.347544],[126.85843,33.34583],[126.85801,33.345049],[126.858496,33.344018],[126.857178,33.343283],[126.859035,33.341865],[126.859128,33.34133],[126.858943,33.341825],[126.857134,33.343227],[126.856715,33.343096],[126.855308,33.340814],[126.855539,33.340476],[126.856494,33.340502],[126.855413,33.340248],[126.85518,33.339896]]]},"properties":{"AREA":3637641.2601982686,"PERIMETER":10625.224986558082,"법정리코드":"5013025930","법정리명":"신천리","법정동코드":"50130259","법정시코드":"50130","법정리이름":"서귀포시신천리","SEA":2}},{"type":"Feature","geometry":{"type":"Polygon","coordinates":[[[126.882657,33.395621],[126.879476,33.395226],[126.879408,33.394119],[126.879791,33.393104],[126.878444,33.391778],[126.877732,33.390271],[126.875736,33.390682],[126.875185,33.391301],[126.872986,33.392073],[126.871844,33.390666],[126.86687,33.39316],[126.862639,33.393267],[126.861916,33.394066],[126.859991,33.394995],[126.858976,33.39456],[126.858223,33.393099],[126.858489,33.392605],[126.857249,33.392077],[126.855997,33.392941],[126.855698,33.394761],[126.853856,33.395179],[126.852813,33.394759],[126.852027,33.395773],[126.849139,33.396144],[126.847283,33.395841],[126.8469,33.39636],[126.846263,33.396219],[126.845018,33.396708],[126.843676,33.398247],[126.840042,33.399678],[126.837198,33.400335],[126.835777,33.400192],[126.833337,33.400983],[126.83174,33.401992],[126.831172,33.403409],[126.830115,33.404363],[126.830034,33.405161],[126.829128,33.405321],[126.826776,33.40482],[126.82378,33.405374],[126.820999,33.405312],[126.819024,33.405726],[126.817434,33.405571],[126.815614,33.406567],[126.814346,33.406645],[126.814526,33.407798],[126.815016,33.410048],[126.81686,33.412006],[126.817612,33.414589],[126.817989,33.419693],[126.818808,33.421291],[126.819301,33.423271],[126.819752,33.423611],[126.822353,33.42391],[126.824645,33.423746],[126.828136,33.425558],[126.832523,33.422857],[126.83445,33.422808],[126.834443,33.423428],[126.83568,33.42398],[126.836315,33.42283],[126.835826,33.421863],[126.837295,33.421405],[126.838434,33.421711],[126.839236,33.421558],[126.839415,33.422704],[126.840188,33.42404],[126.841702,33.424513],[126.842025,33.42381],[126.843605,33.423274],[126.84388,33.422028],[126.845013,33.421367],[126.845511,33.422154],[126.847758,33.423362],[126.848035,33.424133],[126.849893,33.424573],[126.851062,33.423649],[126.852987,33.423295],[126.853266,33.422907],[126.854227,33.422974],[126.854618,33.423496],[126.855667,33.423284],[126.856183,33.422951],[126.856389,33.422222],[126.857456,33.421298],[126.857989,33.420301],[126.858975,33.420091],[126.861892,33.420629],[126.862991,33.420332],[126.863735,33.41923],[126.867002,33.420048],[126.868326,33.42143],[126.871503,33.421167],[126.875626,33.419608],[126.875196,33.419154],[126.875289,33.41878],[126.876025,33.418383],[126.875293,33.416386],[126.875497,33.415147],[126.875976,33.414966],[126.875732,33.413724],[126.875969,33.413137],[126.875918,33.410775],[126.876263,33.410254],[126.876062,33.409808],[126.876707,33.408767],[126.877738,33.408893],[126.879473,33.406873],[126.879467,33.405705],[126.87909,33.405353],[126.879415,33.404423],[126.878999,33.403405],[126.880241,33.402313],[126.880285,33.401065],[126.881168,33.401594],[126.882023,33.401601],[126.883114,33.401038],[126.882885,33.400011],[126.883081,33.399728],[126.882569,33.3989],[126.883879,33.397414],[126.883893,33.397019],[126.883087,33.396519],[126.882657,33.395621]]]},"properties":{"AREA":15746110.449867975,"PERIMETER":20892.106233222436,"법정리코드":"5013025931","법정리명":"난산리","법정동코드":"50130259","법정시코드":"50130","법정리이름":"서귀포시난산리","SEA":2}},{"type":"Feature","geometry":{"type":"Polygon","coordinates":[[[126.334726,33.236536],[126.333093,33.236076],[126.332751,33.236928],[126.334479,33.237419],[126.333791,33.239135],[126.334665,33.239001],[126.334446,33.23955],[126.33502,33.239724],[126.33584,33.23835],[126.336437,33.23854],[126.336192,33.239181],[126.335369,33.2397],[126.335474,33.239982],[126.334947,33.240492],[126.332811,33.240675],[126.332179,33.241084],[126.332114,33.241483],[126.330976,33.241257],[126.330477,33.240822],[126.330486,33.239596],[126.328556,33.239585],[126.328577,33.236701],[126.32834,33.236699],[126.328247,33.235891],[126.328215,33.241365],[126.326803,33.24141],[126.325782,33.24068],[126.325248,33.240687],[126.324272,33.242245],[126.323658,33.245456],[126.324138,33.247123],[126.323957,33.25383],[126.325778,33.259837],[126.335279,33.273922],[126.335037,33.272071],[126.335806,33.270763],[126.3379,33.269301],[126.339969,33.26878],[126.340305,33.267858],[126.34136,33.266934],[126.341427,33.266279],[126.341845,33.26615],[126.341708,33.264321],[126.34117,33.2635],[126.34167,33.262825],[126.341324,33.260568],[126.34251,33.26005],[126.342055,33.257809],[126.343018,33.256008],[126.344038,33.255605],[126.344386,33.25491],[126.343132,33.254239],[126.34273,33.253534],[126.343296,33.253019],[126.343528,33.251925],[126.345384,33.250976],[126.345608,33.25013],[126.343866,33.249255],[126.344143,33.248124],[126.342868,33.24728],[126.342279,33.247324],[126.34154,33.247941],[126.341321,33.247744],[126.340431,33.245398],[126.341456,33.244652],[126.341968,33.24368],[126.341476,33.240943],[126.342017,33.240519],[126.343535,33.24016],[126.344311,33.238777],[126.343832,33.238226],[126.344019,33.237335],[126.343667,33.23731],[126.343793,33.236199],[126.339839,33.2359],[126.339779,33.236432],[126.338128,33.236203],[126.337281,33.236782],[126.336921,33.235051],[126.333666,33.23414],[126.335535,33.234786],[126.334726,33.236536]]]},"properties":{"AREA":5442024.352483253,"PERIMETER":14969.147450765462,"법정리코드":"5013031021","법정리명":"화순리","법정동코드":"50130310","법정시코드":"50130","법정리이름":"서귀포시화순리","SEA":2}},{"type":"Feature","geometry":{"type":"MultiPolygon","coordinates":[[[[126.361662,33.23722],[126.361573,33.238733],[126.362111,33.238642],[126.362616,33.239019],[126.36272,33.239774],[126.363073,33.240034],[126.362844,33.241313],[126.362062,33.242997],[126.361398,33.243329],[126.360955,33.244255],[126.359099,33.246043],[126.358781,33.247323],[126.357597,33.24941],[126.357546,33.250126],[126.3579,33.250812],[126.358937,33.250989],[126.360098,33.252282],[126.360008,33.253571],[126.360459,33.25415],[126.360598,33.255447],[126.361759,33.256142],[126.362013,33.256945],[126.362861,33.257063],[126.363256,33.257699],[126.364436,33.258321],[126.364038,33.25947],[126.362492,33.259396],[126.362387,33.260844],[126.36041,33.260923],[126.359893,33.262405],[126.359365,33.262383],[126.358768,33.263701],[126.360462,33.265936],[126.36083,33.267004],[126.361996,33.266946],[126.363189,33.268178],[126.363712,33.268093],[126.364105,33.267574],[126.36513,33.267865],[126.366921,33.267338],[126.367316,33.26832],[126.367066,33.269198],[126.367971,33.270453],[126.372022,33.270925],[126.373785,33.268942],[126.372206,33.267848],[126.37234,33.265249],[126.370984,33.263832],[126.370422,33.261908],[126.370716,33.261562],[126.371974,33.261513],[126.37175,33.259933],[126.372859,33.258781],[126.37294,33.257893],[126.372491,33.257441],[126.372695,33.257097],[126.372289,33.256232],[126.369586,33.254178],[126.369929,33.25326],[126.370897,33.253048],[126.371722,33.25122],[126.37154,33.249244],[126.372563,33.248393],[126.371959,33.246928],[126.372561,33.245005],[126.372323,33.244122],[126.371944,33.243879],[126.3714,33.242264],[126.3709,33.241736],[126.371006,33.24087],[126.370122,33.239489],[126.370095,33.236911],[126.368249,33.235404],[126.368167,33.23415],[126.368809,33.233636],[126.367318,33.231924],[126.364958,33.232347],[126.364245,33.233087],[126.364016,33.233933],[126.363329,33.234115],[126.362727,33.235552],[126.3622,33.235321],[126.363087,33.235809],[126.361989,33.23626],[126.361624,33.236725],[126.361996,33.236526],[126.362449,33.236959],[126.361662,33.23722]]],[[[126.361774,33.23553],[126.361606,33.235667],[126.361805,33.235575],[126.361774,33.23553]]]]},"properties":{"AREA":3857235.805758851,"PERIMETER":12589.969004798846,"법정리코드":"5013031022","법정리명":"창천리","법정동코드":"50130310","법정시코드":"50130","법정리이름":"서귀포시창천리","SEA":2}},{"type":"Feature","geometry":{"type":"MultiPolygon","coordinates":[[[[126.361544,33.235632],[126.361286,33.235729],[126.360739,33.236951],[126.359127,33.23637],[126.358589,33.237058],[126.3574,33.237275],[126.355311,33.236731],[126.353582,33.23587],[126.350272,33.235197],[126.349102,33.23563],[126.348248,33.236642],[126.347586,33.236895],[126.344019,33.237335],[126.343832,33.238226],[126.344311,33.238777],[126.343535,33.24016],[126.342017,33.240519],[126.341476,33.240943],[126.341968,33.24368],[126.341456,33.244652],[126.340431,33.245398],[126.341321,33.247744],[126.34154,33.247941],[126.342279,33.247324],[126.342868,33.24728],[126.344143,33.248124],[126.343866,33.249255],[126.345608,33.25013],[126.345384,33.250976],[126.343528,33.251925],[126.343296,33.253019],[126.34273,33.253534],[126.343132,33.254239],[126.344386,33.25491],[126.344038,33.255605],[126.343018,33.256008],[126.342055,33.257809],[126.34251,33.26005],[126.344467,33.261385],[126.345221,33.260331],[126.346686,33.260333],[126.34693,33.260843],[126.347608,33.261125],[126.348949,33.260578],[126.350372,33.261366],[126.352311,33.261587],[126.353396,33.262213],[126.35496,33.262142],[126.355512,33.262504],[126.357228,33.262608],[126.358798,33.263633],[126.359365,33.262383],[126.359893,33.262405],[126.36041,33.260923],[126.362387,33.260844],[126.36252,33.259367],[126.364038,33.25947],[126.364336,33.258066],[126.363256,33.257699],[126.362861,33.257063],[126.362013,33.256945],[126.361759,33.256142],[126.360598,33.255447],[126.360459,33.25415],[126.360008,33.253571],[126.360098,33.252282],[126.358937,33.250989],[126.3579,33.250812],[126.357546,33.250126],[126.357597,33.24941],[126.358781,33.247323],[126.359099,33.246043],[126.360955,33.244255],[126.361398,33.243329],[126.362062,33.242997],[126.362934,33.240991],[126.3631,33.240192],[126.36272,33.239774],[126.362663,33.239066],[126.362111,33.238642],[126.361573,33.238733],[126.361653,33.237103],[126.361087,33.236352],[126.361544,33.235632]]],[[[126.361624,33.236725],[126.361537,33.236731],[126.361561,33.236763],[126.361624,33.236725]]]]},"properties":{"AREA":4686026.486209242,"PERIMETER":11615.537326436352,"법정리코드":"5013031023","법정리명":"감산리","법정동코드":"50130310","법정시코드":"50130","법정리이름":"서귀포시감산리","SEA":2}},{"type":"Feature","geometry":{"type":"Polygon","coordinates":[[[126.383949,33.305081],[126.381924,33.303985],[126.379728,33.302001],[126.378569,33.300098],[126.378008,33.298274],[126.375545,33.294726],[126.375334,33.293956],[126.374467,33.293076],[126.374002,33.2914],[126.370903,33.288098],[126.37181,33.286676],[126.371271,33.283711],[126.37146,33.282356],[126.370661,33.281568],[126.370312,33.280238],[126.36889,33.278834],[126.368423,33.277603],[126.369558,33.277336],[126.36994,33.276874],[126.369871,33.275971],[126.370431,33.274605],[126.372381,33.273161],[126.371682,33.271909],[126.372022,33.270925],[126.367971,33.270453],[126.367066,33.269198],[126.367316,33.26832],[126.366921,33.267338],[126.36513,33.267865],[126.364105,33.267574],[126.363712,33.268093],[126.363189,33.268178],[126.361996,33.266946],[126.36083,33.267004],[126.360462,33.265936],[126.358755,33.263521],[126.357335,33.262642],[126.355512,33.262504],[126.35496,33.262142],[126.353396,33.262213],[126.352311,33.261587],[126.350372,33.261366],[126.348949,33.260578],[126.347608,33.261125],[126.34693,33.260843],[126.346686,33.260333],[126.345221,33.260331],[126.344467,33.261385],[126.342497,33.260015],[126.341324,33.260568],[126.34167,33.262825],[126.34117,33.2635],[126.341708,33.264321],[126.341845,33.26615],[126.341427,33.266279],[126.34136,33.266934],[126.340305,33.267858],[126.339969,33.26878],[126.3379,33.269301],[126.335806,33.270763],[126.335037,33.272071],[126.335388,33.273243],[126.335135,33.274071],[126.337088,33.276841],[126.338581,33.280681],[126.340293,33.283792],[126.34083,33.286248],[126.343283,33.287845],[126.343298,33.289864],[126.344039,33.290915],[126.345502,33.291702],[126.347501,33.293684],[126.347897,33.294527],[126.349583,33.295148],[126.350362,33.295935],[126.350023,33.297838],[126.35641,33.299772],[126.356975,33.300201],[126.357242,33.300034],[126.358149,33.300871],[126.358493,33.302147],[126.359284,33.302204],[126.359646,33.303059],[126.360107,33.302975],[126.361072,33.303795],[126.361033,33.304346],[126.362235,33.304917],[126.364733,33.307723],[126.364964,33.308695],[126.36591,33.30937],[126.367553,33.309625],[126.368194,33.309362],[126.372603,33.310385],[126.375815,33.310214],[126.377098,33.309705],[126.377984,33.307944],[126.379862,33.306418],[126.382528,33.305571],[126.383977,33.305467],[126.383949,33.305081]]]},"properties":{"AREA":13154979.519013599,"PERIMETER":17839.89902619395,"법정리코드":"5013031024","법정리명":"상창리","법정동코드":"50130310","법정시코드":"50130","법정리이름":"서귀포시상창리","SEA":2}},{"type":"Feature","geometry":{"type":"Polygon","coordinates":[[[126.308501,33.228381],[126.308905,33.228221],[126.308716,33.227458],[126.30831,33.227265],[126.306997,33.226899],[126.306373,33.226141],[126.306732,33.226653],[126.306503,33.226886],[126.308592,33.227466],[126.308695,33.22798],[126.308159,33.228013],[126.308045,33.227451],[126.307953,33.22781],[126.306978,33.22823],[126.306565,33.22811],[126.306808,33.227509],[126.306514,33.228095],[126.305376,33.227703],[126.30584,33.226618],[126.304908,33.227959],[126.301242,33.22691],[126.299756,33.225267],[126.296998,33.223681],[126.297251,33.223418],[126.295589,33.221238],[126.294423,33.220251],[126.2937,33.218001],[126.291608,33.218203],[126.291807,33.218845],[126.290646,33.219345],[126.29017,33.220135],[126.290491,33.223286],[126.289839,33.224851],[126.289728,33.22602],[126.288626,33.227731],[126.28679,33.228992],[126.28649,33.229687],[126.284346,33.231835],[126.284237,33.232247],[126.284649,33.232473],[126.284101,33.23307],[126.285433,33.235092],[126.285002,33.239357],[126.286626,33.241251],[126.289999,33.243968],[126.291131,33.246231],[126.290453,33.246474],[126.29157,33.247315],[126.29434,33.250477],[126.301632,33.25088],[126.307471,33.250635],[126.30826,33.250204],[126.312307,33.24971],[126.316203,33.250566],[126.319701,33.2503],[126.323973,33.25078],[126.324138,33.247123],[126.323673,33.245815],[126.323707,33.244731],[126.324272,33.242245],[126.325248,33.240687],[126.321814,33.23919],[126.3207,33.239485],[126.314975,33.236654],[126.314586,33.23598],[126.315474,33.235498],[126.314819,33.235075],[126.315328,33.234369],[126.31467,33.232556],[126.315314,33.232188],[126.315371,33.231592],[126.314875,33.23142],[126.314081,33.231758],[126.31378,33.233248],[126.310838,33.232764],[126.311037,33.23259],[126.308987,33.230018],[126.308501,33.228381]]]},"properties":{"AREA":7962729.844003125,"PERIMETER":15041.294632170497,"법정리코드":"5013031025","법정리명":"사계리","법정동코드":"50130310","법정시코드":"50130","법정리이름":"서귀포시사계리","SEA":2}},{"type":"Feature","geometry":{"type":"Polygon","coordinates":[[[126.323973,33.25078],[126.319701,33.2503],[126.316203,33.250566],[126.312307,33.24971],[126.30826,33.250204],[126.307471,33.250635],[126.301632,33.25088],[126.293497,33.250536],[126.293574,33.252342],[126.293995,33.252666],[126.294277,33.254071],[126.293891,33.254896],[126.294134,33.25621],[126.295577,33.256728],[126.295765,33.257927],[126.296537,33.258717],[126.295436,33.259015],[126.295941,33.260934],[126.295664,33.262106],[126.296238,33.262892],[126.2968,33.263098],[126.295812,33.26451],[126.295978,33.265112],[126.295544,33.26538],[126.295022,33.266021],[126.297263,33.268218],[126.298939,33.270648],[126.304603,33.274944],[126.310465,33.280179],[126.312285,33.281291],[126.319497,33.28373],[126.320747,33.284752],[126.323303,33.284211],[126.324997,33.284444],[126.325499,33.284033],[126.325698,33.283142],[126.326554,33.28279],[126.327788,33.281465],[126.330463,33.281445],[126.331371,33.280605],[126.332242,33.280397],[126.331852,33.279776],[126.332018,33.279079],[126.333088,33.278382],[126.333191,33.276885],[126.334491,33.275088],[126.335167,33.274792],[126.335279,33.273922],[126.325778,33.259837],[126.323957,33.25383],[126.323973,33.25078]]]},"properties":{"AREA":9959343.73271473,"PERIMETER":13419.364739472803,"법정리코드":"5013031026","법정리명":"덕수리","법정동코드":"50130310","법정시코드":"50130","법정리이름":"서귀포시덕수리","SEA":2}},{"type":"Feature","geometry":{"type":"Polygon","coordinates":[[[126.347501,33.293684],[126.345502,33.291702],[126.344039,33.290915],[126.343298,33.289864],[126.343283,33.287845],[126.34083,33.286248],[126.340293,33.283792],[126.338581,33.280681],[126.337088,33.276841],[126.335135,33.274071],[126.335167,33.274792],[126.334491,33.275088],[126.333191,33.276885],[126.333088,33.278382],[126.332018,33.279079],[126.331852,33.279776],[126.332242,33.280397],[126.331371,33.280605],[126.330463,33.281445],[126.327788,33.281465],[126.326554,33.28279],[126.325698,33.283142],[126.325499,33.284033],[126.324997,33.284444],[126.323303,33.284211],[126.320747,33.284752],[126.319497,33.28373],[126.316035,33.282752],[126.311766,33.281057],[126.304648,33.275113],[126.303161,33.277043],[126.302033,33.280516],[126.2952,33.284107],[126.293909,33.285776],[126.294146,33.287566],[126.293705,33.288751],[126.293861,33.290176],[126.293292,33.290559],[126.293066,33.29316],[126.293625,33.294305],[126.293647,33.296149],[126.292789,33.296817],[126.290069,33.29756],[126.288765,33.299143],[126.287603,33.299782],[126.285744,33.300157],[126.284554,33.300969],[126.283506,33.301229],[126.282118,33.303122],[126.285554,33.303856],[126.286352,33.304337],[126.287239,33.305607],[126.28735,33.307101],[126.292409,33.310494],[126.296323,33.321992],[126.300174,33.322523],[126.303623,33.324327],[126.304239,33.325405],[126.305947,33.326654],[126.309319,33.325453],[126.31112,33.326236],[126.311799,33.326857],[126.317282,33.327262],[126.317672,33.32452],[126.318673,33.323587],[126.321176,33.322567],[126.321775,33.321097],[126.324852,33.317856],[126.325992,33.315748],[126.326212,33.314605],[126.32549,33.312848],[126.326592,33.312297],[126.326074,33.310989],[126.324659,33.309024],[126.326093,33.308927],[126.327387,33.309461],[126.329067,33.309143],[126.328589,33.308393],[126.328519,33.305683],[126.328794,33.305385],[126.328577,33.304505],[126.328143,33.304184],[126.327883,33.301013],[126.328494,33.299023],[126.328215,33.297971],[126.328791,33.297405],[126.328804,33.296469],[126.32934,33.29621],[126.329209,33.295947],[126.330436,33.29391],[126.330378,33.292701],[126.330948,33.291409],[126.330664,33.290785],[126.331542,33.290561],[126.33162,33.291734],[126.333038,33.29137],[126.334093,33.291701],[126.334638,33.29139],[126.335199,33.291693],[126.336309,33.291252],[126.336413,33.29175],[126.338326,33.292019],[126.339396,33.292839],[126.339429,33.293469],[126.339849,33.293841],[126.340822,33.294512],[126.342096,33.294787],[126.342343,33.295373],[126.342781,33.295465],[126.34367,33.29463],[126.346449,33.294398],[126.347501,33.293684]]]},"properties":{"AREA":17608974.683162447,"PERIMETER":23340.480040970255,"법정리코드":"5013031027","법정리명":"서광리","법정동코드":"50130310","법정시코드":"50130","법정리이름":"서귀포시서광리","SEA":2}},{"type":"Feature","geometry":{"type":"Polygon","coordinates":[[[126.366822,33.309516],[126.364964,33.308695],[126.364733,33.307723],[126.362235,33.304917],[126.361033,33.304346],[126.361072,33.303795],[126.360107,33.302975],[126.359646,33.303059],[126.359284,33.302204],[126.358493,33.302147],[126.358149,33.300871],[126.357242,33.300034],[126.356975,33.300201],[126.35641,33.299772],[126.350023,33.297838],[126.350362,33.295935],[126.349583,33.295148],[126.347897,33.294527],[126.347525,33.293737],[126.346449,33.294398],[126.34367,33.29463],[126.342781,33.295465],[126.342343,33.295373],[126.342096,33.294787],[126.340822,33.294512],[126.339849,33.293841],[126.339429,33.293469],[126.339396,33.292839],[126.338326,33.292019],[126.336413,33.29175],[126.336309,33.291252],[126.335199,33.291693],[126.334638,33.29139],[126.334093,33.291701],[126.333038,33.29137],[126.33162,33.291734],[126.331542,33.290561],[126.330927,33.29064],[126.330664,33.290785],[126.330948,33.291409],[126.330378,33.292701],[126.330308,33.294305],[126.329209,33.295947],[126.32934,33.29621],[126.328804,33.296469],[126.328791,33.297405],[126.328215,33.297971],[126.328494,33.299023],[126.327883,33.301013],[126.328143,33.304184],[126.328577,33.304505],[126.328794,33.305385],[126.328519,33.305683],[126.328589,33.308393],[126.329067,33.309143],[126.327387,33.309461],[126.326093,33.308927],[126.324659,33.309024],[126.326074,33.310989],[126.326592,33.312297],[126.32549,33.312848],[126.326212,33.314605],[126.325992,33.315748],[126.324852,33.317856],[126.321775,33.321097],[126.321176,33.322567],[126.318673,33.323587],[126.317672,33.32452],[126.317282,33.327262],[126.319299,33.327212],[126.320966,33.325738],[126.321535,33.32558],[126.323397,33.3263],[126.323849,33.32659],[126.323579,33.327125],[126.324534,33.327454],[126.329379,33.332833],[126.330055,33.333115],[126.330691,33.334029],[126.33134,33.333755],[126.331709,33.334033],[126.33281,33.335724],[126.334802,33.336479],[126.336381,33.339448],[126.337758,33.340701],[126.338688,33.34098],[126.340786,33.338616],[126.341738,33.338254],[126.34261,33.337447],[126.343766,33.335593],[126.344621,33.335845],[126.346676,33.334753],[126.351226,33.331477],[126.35537,33.3309],[126.359452,33.328908],[126.362072,33.328456],[126.364069,33.327185],[126.366339,33.326244],[126.369603,33.325871],[126.370906,33.32441],[126.373195,33.323532],[126.372369,33.322638],[126.368929,33.321757],[126.367418,33.319909],[126.367975,33.318422],[126.369355,33.317767],[126.369622,33.316667],[126.369207,33.316022],[126.368965,33.313744],[126.366822,33.309516]]]},"properties":{"AREA":15680191.852853201,"PERIMETER":19320.726975080048,"법정리코드":"5013031028","법정리명":"동광리","법정동코드":"50130310","법정시코드":"50130","법정리이름":"서귀포시동광리","SEA":2}},{"type":"Feature","geometry":{"type":"Polygon","coordinates":[[[126.412199,33.337129],[126.409451,33.335469],[126.408322,33.334458],[126.40806,33.33365],[126.406276,33.333591],[126.40313,33.331656],[126.401601,33.331698],[126.399322,33.332752],[126.396405,33.332826],[126.395324,33.3332],[126.392726,33.332678],[126.391776,33.332117],[126.389757,33.332478],[126.389286,33.332238],[126.38905,33.330904],[126.387665,33.33027],[126.386343,33.330189],[126.385691,33.328623],[126.38373,33.328079],[126.38212,33.326601],[126.381868,33.327082],[126.382121,33.328568],[126.381912,33.328646],[126.381248,33.327814],[126.379399,33.327569],[126.378772,33.326347],[126.377104,33.326143],[126.373195,33.323532],[126.370906,33.32441],[126.369603,33.325871],[126.366339,33.326244],[126.364069,33.327185],[126.362072,33.328456],[126.359452,33.328908],[126.35537,33.3309],[126.351226,33.331477],[126.346676,33.334753],[126.344621,33.335845],[126.343766,33.335593],[126.34261,33.337447],[126.341738,33.338254],[126.340786,33.338616],[126.338688,33.34098],[126.339575,33.341553],[126.33966,33.343342],[126.341638,33.343631],[126.345167,33.342743],[126.348346,33.341223],[126.351975,33.340685],[126.356327,33.340894],[126.361216,33.342035],[126.362575,33.341966],[126.362919,33.341532],[126.363771,33.341333],[126.36747,33.341149],[126.368701,33.341383],[126.370136,33.342352],[126.370639,33.343671],[126.37205,33.345109],[126.375924,33.346894],[126.381255,33.346481],[126.383517,33.345787],[126.385042,33.345683],[126.386908,33.34481],[126.387685,33.345305],[126.388013,33.34494],[126.390073,33.344489],[126.391644,33.343558],[126.39523,33.344202],[126.39645,33.34471],[126.400687,33.344716],[126.402063,33.344524],[126.40389,33.343031],[126.407144,33.34357],[126.409103,33.342125],[126.417604,33.342733],[126.420312,33.341373],[126.4235,33.34181],[126.425469,33.341522],[126.426424,33.341039],[126.428749,33.341566],[126.429378,33.341241],[126.43259,33.341121],[126.43308,33.340065],[126.431607,33.338863],[126.429931,33.338381],[126.428902,33.338483],[126.427753,33.33808],[126.425139,33.337853],[126.423655,33.337809],[126.421758,33.338827],[126.41762,33.339259],[126.415277,33.338724],[126.413548,33.337335],[126.412199,33.337129]]]},"properties":{"AREA":10245325.141224636,"PERIMETER":20951.465506094464,"법정리코드":"5013031029","법정리명":"광평리","법정동코드":"50130310","법정시코드":"50130","법정리이름":"서귀포시광평리","SEA":2}},{"type":"Feature","geometry":{"type":"Polygon","coordinates":[[[126.417316,33.309665],[126.417696,33.308317],[126.416067,33.307411],[126.413811,33.306852],[126.4131,33.304922],[126.411959,33.304496],[126.408756,33.304291],[126.407001,33.304778],[126.405424,33.303764],[126.405015,33.302994],[126.405126,33.301768],[126.403549,33.300934],[126.401786,33.297393],[126.401907,33.296625],[126.401378,33.295877],[126.401457,33.294689],[126.400843,33.293013],[126.400744,33.291335],[126.398494,33.292096],[126.396909,33.291782],[126.392902,33.294205],[126.390605,33.296052],[126.386713,33.297867],[126.384445,33.299671],[126.382703,33.301743],[126.38263,33.302492],[126.384094,33.305383],[126.379862,33.306418],[126.377984,33.307944],[126.376919,33.309813],[126.375653,33.31024],[126.372603,33.310385],[126.368194,33.309362],[126.366822,33.309516],[126.368965,33.313744],[126.369207,33.316022],[126.369622,33.316667],[126.369355,33.317767],[126.367975,33.318422],[126.367418,33.319909],[126.368929,33.321757],[126.37255,33.322729],[126.374388,33.324475],[126.377104,33.326143],[126.378772,33.326347],[126.379399,33.327569],[126.381248,33.327814],[126.381912,33.328646],[126.382121,33.328568],[126.381868,33.327082],[126.38212,33.326601],[126.38373,33.328079],[126.385425,33.328413],[126.386343,33.330189],[126.387665,33.33027],[126.38905,33.330904],[126.389286,33.332238],[126.389757,33.332478],[126.391776,33.332117],[126.392726,33.332678],[126.395324,33.3332],[126.396405,33.332826],[126.399322,33.332752],[126.401601,33.331698],[126.40313,33.331656],[126.406276,33.333591],[126.40806,33.33365],[126.408322,33.334458],[126.409451,33.335469],[126.412199,33.337129],[126.413548,33.337335],[126.415277,33.338724],[126.416214,33.33906],[126.41762,33.339259],[126.421069,33.338922],[126.423655,33.337809],[126.425139,33.337853],[126.427753,33.33808],[126.428902,33.338483],[126.429931,33.338381],[126.431607,33.338863],[126.43308,33.340065],[126.434951,33.338399],[126.434638,33.33757],[126.433486,33.336667],[126.433192,33.335994],[126.427502,33.333469],[126.427486,33.332434],[126.427158,33.33211],[126.427281,33.331286],[126.426541,33.330081],[126.427122,33.329468],[126.426744,33.328589],[126.423285,33.324302],[126.422952,33.323474],[126.422618,33.321922],[126.423568,33.316814],[126.422882,33.315348],[126.422753,33.313296],[126.419564,33.311311],[126.418856,33.311182],[126.417316,33.309665]]]},"properties":{"AREA":16850332.671877645,"PERIMETER":20959.24816215287,"법정리코드":"5013031030","법정리명":"상천리","법정동코드":"50130310","법정시코드":"50130","법정리이름":"서귀포시상천리","SEA":2}},{"type":"Feature","geometry":{"type":"Polygon","coordinates":[[[126.837678,33.325968],[126.843271,33.326073],[126.844263,33.326629],[126.845189,33.326686],[126.845817,33.327479],[126.845859,33.326508],[126.844673,33.325829],[126.844813,33.325476],[126.846795,33.32557],[126.846822,33.327708],[126.846979,33.324977],[126.845683,33.324719],[126.846109,33.323901],[126.84557,33.324019],[126.845816,33.323506],[126.84662,33.323349],[126.846093,33.322955],[126.846354,33.322271],[126.846698,33.322286],[126.846589,33.321312],[126.847048,33.320882],[126.845853,33.320921],[126.842929,33.318924],[126.842672,33.317642],[126.841814,33.316641],[126.839861,33.316326],[126.837006,33.314571],[126.837126,33.312729],[126.837577,33.312716],[126.837505,33.312502],[126.835275,33.311869],[126.831107,33.309765],[126.830074,33.308699],[126.830784,33.308206],[126.829093,33.306514],[126.826468,33.306809],[126.825292,33.306318],[126.822511,33.306014],[126.821021,33.3067],[126.819828,33.30782],[126.817871,33.307549],[126.816343,33.307997],[126.811669,33.305836],[126.811184,33.305224],[126.809146,33.309149],[126.808715,33.309197],[126.80804,33.311034],[126.807399,33.311503],[126.810971,33.312994],[126.811828,33.313715],[126.813234,33.315772],[126.813651,33.317712],[126.812283,33.319496],[126.80954,33.320434],[126.809463,33.321013],[126.80977,33.32147],[126.809175,33.321927],[126.808971,33.323434],[126.810139,33.325765],[126.809278,33.326303],[126.809528,33.326774],[126.809097,33.327365],[126.809718,33.327671],[126.809305,33.328755],[126.80885,33.328961],[126.809175,33.329971],[126.808902,33.33003],[126.80903,33.330375],[126.808183,33.330871],[126.807838,33.331887],[126.80849,33.332289],[126.807342,33.332502],[126.806567,33.333165],[126.806705,33.334157],[126.806164,33.334735],[126.808097,33.335456],[126.808441,33.336296],[126.807526,33.337591],[126.808234,33.339793],[126.807947,33.341137],[126.808544,33.341876],[126.808981,33.341442],[126.808935,33.341014],[126.810625,33.340055],[126.81127,33.341047],[126.812835,33.341833],[126.813549,33.341858],[126.814145,33.342406],[126.81546,33.342677],[126.816421,33.342284],[126.819845,33.342189],[126.822906,33.341336],[126.824155,33.34166],[126.824485,33.340626],[126.825286,33.340242],[126.828329,33.341432],[126.831117,33.341731],[126.831212,33.342084],[126.831935,33.34238],[126.835451,33.341252],[126.836091,33.341334],[126.835556,33.337472],[126.836156,33.334885],[126.835928,33.334275],[126.836381,33.334049],[126.837741,33.334603],[126.838041,33.335232],[126.839093,33.335542],[126.839527,33.336119],[126.840136,33.336175],[126.840946,33.336813],[126.841168,33.33527],[126.841903,33.333864],[126.841824,33.33329],[126.842705,33.332027],[126.841655,33.330374],[126.840785,33.329929],[126.839658,33.330159],[126.838574,33.329793],[126.837579,33.330057],[126.837043,33.329692],[126.836603,33.328217],[126.837129,33.326532],[126.837678,33.325968]]]},"properties":{"AREA":10618045.920004625,"PERIMETER":19177.015614670177,"법정리코드":"5013032021","법정리명":"표선리","법정동코드":"50130320","법정시코드":"50130","법정리이름":"서귀포시표선리","SEA":2}},{"type":"Feature","geometry":{"type":"Polygon","coordinates":[[[126.837993,33.355667],[126.839903,33.354357],[126.83997,33.352779],[126.84389,33.348122],[126.844344,33.345864],[126.845596,33.344148],[126.846041,33.34284],[126.848059,33.341254],[126.849148,33.339555],[126.849329,33.338684],[126.84904,33.337671],[126.849554,33.336781],[126.848733,33.336297],[126.848966,33.33591],[126.848765,33.335403],[126.848552,33.33542],[126.848903,33.335849],[126.848716,33.336173],[126.848026,33.336183],[126.848189,33.335708],[126.848619,33.33585],[126.848208,33.335664],[126.848385,33.335497],[126.848157,33.335636],[126.847992,33.336125],[126.847839,33.336146],[126.847002,33.335635],[126.845719,33.334116],[126.844274,33.333498],[126.843376,33.332764],[126.843687,33.332748],[126.843518,33.332409],[126.842667,33.332062],[126.841824,33.33329],[126.841903,33.333864],[126.841168,33.33527],[126.840946,33.336813],[126.840136,33.336175],[126.839527,33.336119],[126.839093,33.335542],[126.838041,33.335232],[126.837741,33.334603],[126.836381,33.334049],[126.835928,33.334275],[126.836156,33.334885],[126.835556,33.337472],[126.836091,33.341334],[126.835451,33.341252],[126.833592,33.342],[126.831935,33.34238],[126.831212,33.342084],[126.831117,33.341731],[126.828329,33.341432],[126.825286,33.340242],[126.824485,33.340626],[126.824155,33.34166],[126.822906,33.341336],[126.819845,33.342189],[126.816421,33.342284],[126.81546,33.342677],[126.814145,33.342406],[126.813549,33.341858],[126.812835,33.341833],[126.81127,33.341047],[126.810625,33.340055],[126.808935,33.341014],[126.808981,33.341442],[126.807757,33.343077],[126.806625,33.343689],[126.805815,33.344664],[126.805327,33.345817],[126.805084,33.348174],[126.804669,33.348057],[126.80349,33.349028],[126.802597,33.348562],[126.8021,33.349278],[126.801614,33.349262],[126.801194,33.349796],[126.800059,33.350223],[126.798883,33.350228],[126.798163,33.351089],[126.797459,33.351139],[126.796575,33.3507],[126.796597,33.351179],[126.796178,33.351211],[126.796286,33.35389],[126.796674,33.354741],[126.79644,33.355054],[126.796946,33.355705],[126.796536,33.357372],[126.796764,33.360659],[126.796311,33.363029],[126.796471,33.365122],[126.796944,33.366204],[126.796482,33.368129],[126.79702,33.368952],[126.797071,33.369646],[126.799867,33.371132],[126.801142,33.370334],[126.80129,33.369924],[126.802295,33.369613],[126.803008,33.369978],[126.803091,33.369389],[126.804504,33.36901],[126.805506,33.369482],[126.805032,33.370548],[126.806625,33.372301],[126.807918,33.373153],[126.812192,33.371461],[126.814439,33.372185],[126.815267,33.37191],[126.816177,33.370778],[126.81641,33.369716],[126.820102,33.367515],[126.820908,33.366463],[126.824078,33.363759],[126.825578,33.362863],[126.827731,33.36221],[126.828003,33.361778],[126.830257,33.360875],[126.831524,33.359887],[126.83429,33.359271],[126.837069,33.357823],[126.837993,33.355667]]]},"properties":{"AREA":11605905.30794669,"PERIMETER":18559.82198977568,"법정리코드":"5013032022","법정리명":"하천리","법정동코드":"50130320","법정시코드":"50130","법정리이름":"서귀포시하천리","SEA":2}},{"type":"Feature","geometry":{"type":"Polygon","coordinates":[[[126.807918,33.373153],[126.806625,33.372301],[126.805032,33.370548],[126.805506,33.369482],[126.804504,33.36901],[126.803091,33.369389],[126.803008,33.369978],[126.802295,33.369613],[126.80129,33.369924],[126.801142,33.370334],[126.799867,33.371132],[126.797071,33.369646],[126.79702,33.368952],[126.796482,33.368129],[126.794854,33.369495],[126.791646,33.371411],[126.790272,33.372674],[126.789035,33.373186],[126.786445,33.374985],[126.78629,33.375174],[126.786912,33.375752],[126.784697,33.376436],[126.782245,33.377878],[126.780512,33.37983],[126.78036,33.38069],[126.780013,33.380941],[126.775049,33.3812],[126.774421,33.38265],[126.769461,33.382206],[126.765617,33.382497],[126.765086,33.383603],[126.764261,33.383975],[126.763856,33.385614],[126.763212,33.386426],[126.763633,33.388906],[126.761935,33.388874],[126.760933,33.389741],[126.759075,33.390556],[126.754787,33.391227],[126.754776,33.391634],[126.75358,33.392159],[126.750311,33.392654],[126.745987,33.392789],[126.739637,33.395708],[126.737368,33.39783],[126.73638,33.400379],[126.736464,33.404496],[126.734111,33.409564],[126.735305,33.41263],[126.737482,33.413965],[126.738983,33.414395],[126.739815,33.415149],[126.741106,33.417867],[126.741405,33.420269],[126.75058,33.419423],[126.753917,33.420129],[126.756742,33.420249],[126.762181,33.421882],[126.762738,33.422213],[126.762587,33.422558],[126.764316,33.423096],[126.770031,33.426259],[126.773076,33.428916],[126.775296,33.430269],[126.777953,33.433059],[126.778478,33.433992],[126.782472,33.43445],[126.78346,33.434902],[126.786681,33.4389],[126.787842,33.440859],[126.788563,33.441355],[126.793315,33.441349],[126.794958,33.44102],[126.797031,33.440085],[126.798549,33.440633],[126.79982,33.441613],[126.801621,33.441906],[126.804562,33.443531],[126.808108,33.444548],[126.807442,33.443418],[126.807966,33.44209],[126.807404,33.440475],[126.809792,33.440233],[126.812373,33.44045],[126.814642,33.437717],[126.81508,33.436186],[126.816009,33.435492],[126.816159,33.434612],[126.815572,33.429425],[126.820578,33.431497],[126.821708,33.430616],[126.820376,33.427156],[126.820241,33.424656],[126.819301,33.423271],[126.818808,33.421291],[126.817989,33.419693],[126.817612,33.414589],[126.81686,33.412006],[126.815016,33.410048],[126.813677,33.40383],[126.812705,33.401756],[126.812113,33.399387],[126.811013,33.398175],[126.810523,33.396964],[126.810529,33.395499],[126.808909,33.394367],[126.807937,33.392476],[126.807407,33.390768],[126.80805,33.389301],[126.807926,33.388387],[126.806297,33.387881],[126.806063,33.387419],[126.806466,33.386116],[126.805695,33.385041],[126.803655,33.384142],[126.801997,33.38386],[126.800306,33.382075],[126.802278,33.379939],[126.802378,33.378703],[126.802925,33.377486],[126.803958,33.377469],[126.804755,33.376976],[126.805461,33.375567],[126.807537,33.373656],[126.807918,33.373153]]]},"properties":{"AREA":38047828.81161255,"PERIMETER":29885.03715406371,"법정리코드":"5013032023","법정리명":"성읍리","법정동코드":"50130320","법정시코드":"50130","법정리이름":"서귀포시성읍리","SEA":2}},{"type":"Feature","geometry":{"type":"Polygon","coordinates":[[[126.653695,33.395655],[126.653329,33.396895],[126.654154,33.397551],[126.654971,33.399423],[126.657357,33.399717],[126.659006,33.400535],[126.660464,33.401959],[126.66429,33.402161],[126.667867,33.400395],[126.669432,33.400385],[126.672237,33.402673],[126.676208,33.404861],[126.681069,33.408731],[126.684159,33.410418],[126.687728,33.413285],[126.692123,33.415158],[126.699619,33.419194],[126.705365,33.421124],[126.709058,33.421897],[126.717285,33.421885],[126.722313,33.423155],[126.724258,33.424177],[126.72695,33.424421],[126.729165,33.425799],[126.731825,33.426722],[126.733426,33.424331],[126.734269,33.423731],[126.738743,33.421145],[126.741405,33.420269],[126.741106,33.417867],[126.739815,33.415149],[126.738983,33.414395],[126.737482,33.413965],[126.735305,33.41263],[126.734111,33.409564],[126.736464,33.404496],[126.73638,33.400379],[126.737234,33.398078],[126.738233,33.396878],[126.739637,33.395708],[126.745987,33.392789],[126.750311,33.392654],[126.75358,33.392159],[126.754776,33.391634],[126.754787,33.391227],[126.759075,33.390556],[126.760933,33.389741],[126.761935,33.388874],[126.763633,33.388906],[126.763212,33.386426],[126.763856,33.385614],[126.764261,33.383975],[126.765086,33.383603],[126.765772,33.382428],[126.769759,33.382213],[126.774421,33.38265],[126.775049,33.3812],[126.780013,33.380941],[126.78036,33.38069],[126.780512,33.37983],[126.782245,33.377878],[126.784697,33.376436],[126.786912,33.375752],[126.78629,33.375174],[126.786445,33.374985],[126.789035,33.373186],[126.790272,33.372674],[126.791646,33.371411],[126.794854,33.369495],[126.796482,33.368129],[126.796944,33.366204],[126.796471,33.365122],[126.796311,33.363029],[126.796764,33.360659],[126.796536,33.357372],[126.796946,33.355705],[126.79644,33.355054],[126.796674,33.354741],[126.796286,33.35389],[126.796293,33.351479],[126.794996,33.349861],[126.795165,33.349018],[126.794626,33.3485],[126.79436,33.347172],[126.794014,33.346841],[126.794368,33.346314],[126.7945,33.34432],[126.793707,33.344],[126.791877,33.344178],[126.788549,33.343909],[126.788244,33.34296],[126.785188,33.342084],[126.785546,33.341695],[126.783045,33.340835],[126.783264,33.340077],[126.779114,33.33785],[126.778359,33.336934],[126.774323,33.33915],[126.773637,33.339114],[126.772132,33.33982],[126.77172,33.340649],[126.770643,33.341273],[126.76711,33.341745],[126.766011,33.342484],[126.76374,33.342411],[126.763129,33.343573],[126.759346,33.34516],[126.758712,33.34576],[126.75776,33.34575],[126.757464,33.346853],[126.757728,33.348089],[126.757493,33.349145],[126.756088,33.349501],[126.75184,33.34558],[126.751418,33.344471],[126.750823,33.343897],[126.750738,33.345443],[126.749859,33.346757],[126.749524,33.347989],[126.748361,33.348971],[126.747172,33.350705],[126.745421,33.350638],[126.742378,33.353014],[126.742537,33.353166],[126.741839,33.35381],[126.741679,33.354461],[126.74222,33.354927],[126.742084,33.35577],[126.741178,33.355991],[126.74136,33.356958],[126.740063,33.35789],[126.738879,33.359436],[126.737323,33.359881],[126.737653,33.362114],[126.736161,33.362932],[126.736004,33.364019],[126.735168,33.36484],[126.733227,33.365195],[126.731811,33.365818],[126.730472,33.365486],[126.728131,33.367881],[126.726498,33.368321],[126.725651,33.368972],[126.723216,33.369555],[126.720743,33.371254],[126.718971,33.371106],[126.717497,33.371683],[126.716658,33.371456],[126.71571,33.372168],[126.713605,33.372109],[126.712991,33.3727],[126.713208,33.373238],[126.712798,33.373543],[126.71126,33.37329],[126.709345,33.374161],[126.708604,33.373672],[126.707086,33.374366],[126.706386,33.374318],[126.70187,33.376364],[126.700983,33.376084],[126.700089,33.376372],[126.69927,33.376026],[126.697605,33.376667],[126.696151,33.375475],[126.696523,33.374666],[126.695639,33.374025],[126.693131,33.37477],[126.691543,33.375935],[126.689859,33.375861],[126.688799,33.376873],[126.687894,33.376506],[126.68696,33.377226],[126.686343,33.377291],[126.68515,33.377296],[126.683557,33.37561],[126.681647,33.375428],[126.678038,33.378602],[126.675641,33.378615],[126.675575,33.379422],[126.675166,33.379682],[126.674768,33.379076],[126.674204,33.379007],[126.674079,33.38152],[126.673117,33.384023],[126.673237,33.38478],[126.671954,33.385714],[126.671901,33.386478],[126.671486,33.387003],[126.669632,33.386966],[126.669079,33.386488],[126.668677,33.386609],[126.667678,33.387057],[126.6668,33.388472],[126.665806,33.38839],[126.663577,33.388966],[126.658348,33.391182],[126.65671,33.392074],[126.654307,33.394124],[126.653419,33.395055],[126.653695,33.395655]]]},"properties":{"AREA":56061207.38401283,"PERIMETER":42011.90908841396,"법정리코드":"5013032024","법정리명":"가시리","법정동코드":"50130320","법정시코드":"50130","법정리이름":"서귀포시가시리","SEA":2}},{"type":"Feature","geometry":{"type":"Polygon","coordinates":[[[126.805776,33.304816],[126.805972,33.30588],[126.805256,33.305953],[126.804826,33.30512],[126.803339,33.304499],[126.803002,33.303148],[126.803342,33.302836],[126.802929,33.303068],[126.803057,33.303848],[126.80268,33.303977],[126.800992,33.30417],[126.80068,33.303829],[126.800029,33.303938],[126.797879,33.303319],[126.793714,33.304982],[126.793308,33.308378],[126.792844,33.309391],[126.793188,33.311119],[126.792457,33.312292],[126.791868,33.312301],[126.791991,33.314012],[126.791402,33.314129],[126.790559,33.316016],[126.789854,33.315937],[126.789547,33.316783],[126.790212,33.317322],[126.789894,33.320335],[126.789486,33.321104],[126.789046,33.323918],[126.788414,33.324846],[126.7885,33.325568],[126.786212,33.325529],[126.783739,33.32622],[126.782855,33.327356],[126.783229,33.327605],[126.781421,33.330408],[126.78212,33.330951],[126.782386,33.331714],[126.781767,33.332395],[126.780503,33.332543],[126.780623,33.335985],[126.778359,33.336934],[126.779114,33.33785],[126.783264,33.340077],[126.783045,33.340835],[126.785546,33.341695],[126.785188,33.342084],[126.788244,33.34296],[126.788549,33.343909],[126.791877,33.344178],[126.793707,33.344],[126.794475,33.344296],[126.794368,33.346314],[126.794014,33.346841],[126.79436,33.347172],[126.794626,33.3485],[126.795165,33.349018],[126.794996,33.349861],[126.796178,33.351211],[126.796597,33.351179],[126.796575,33.3507],[126.797459,33.351139],[126.798163,33.351089],[126.798883,33.350228],[126.800059,33.350223],[126.801194,33.349796],[126.801614,33.349262],[126.8021,33.349278],[126.802597,33.348562],[126.80349,33.349028],[126.804669,33.348057],[126.805084,33.348174],[126.805327,33.345817],[126.805815,33.344664],[126.806625,33.343689],[126.807722,33.343113],[126.808572,33.341921],[126.807947,33.341137],[126.808234,33.339793],[126.807526,33.337591],[126.808441,33.336296],[126.808097,33.335456],[126.806164,33.334735],[126.806705,33.334157],[126.806567,33.333165],[126.807342,33.332502],[126.80849,33.332289],[126.807838,33.331887],[126.808183,33.330871],[126.80903,33.330375],[126.808902,33.33003],[126.809175,33.329971],[126.80885,33.328961],[126.809305,33.328755],[126.809718,33.327671],[126.809097,33.327365],[126.809528,33.326774],[126.809278,33.326303],[126.810139,33.325765],[126.808971,33.323434],[126.809175,33.321927],[126.80977,33.32147],[126.809463,33.321013],[126.80954,33.320434],[126.812283,33.319496],[126.813651,33.317712],[126.813234,33.315772],[126.811828,33.313715],[126.810971,33.312994],[126.807399,33.311503],[126.80804,33.311034],[126.808715,33.309197],[126.809146,33.309149],[126.811184,33.305224],[126.810824,33.304598],[126.807906,33.302908],[126.807087,33.302902],[126.806327,33.303553],[126.806025,33.303005],[126.805933,33.303374],[126.805299,33.30323],[126.805071,33.302853],[126.804777,33.302812],[126.805234,33.303222],[126.805121,33.303561],[126.805526,33.303707],[126.805488,33.303411],[126.806238,33.303723],[126.805776,33.304816]]]},"properties":{"AREA":9864451.760188831,"PERIMETER":18147.45162889024,"법정리코드":"5013032025","법정리명":"세화리","법정동코드":"50130320","법정시코드":"50130","법정리이름":"서귀포시세화리","SEA":2}},{"type":"Feature","geometry":{"type":"Polygon","coordinates":[[[126.779946,33.307065],[126.775999,33.307056],[126.773977,33.30975],[126.774189,33.310696],[126.773942,33.310886],[126.771166,33.310316],[126.769675,33.310968],[126.768123,33.31326],[126.765471,33.315575],[126.765279,33.315993],[126.765715,33.316759],[126.765452,33.317154],[126.764337,33.317806],[126.761632,33.318013],[126.760802,33.319477],[126.761143,33.320339],[126.760528,33.322463],[126.761272,33.32341],[126.761108,33.323709],[126.760272,33.323856],[126.758673,33.323249],[126.758496,33.324767],[126.758728,33.32562],[126.757418,33.327048],[126.759459,33.327854],[126.759275,33.32928],[126.759817,33.330035],[126.759617,33.33105],[126.760013,33.331619],[126.759542,33.332163],[126.759053,33.331638],[126.758428,33.331894],[126.758956,33.333635],[126.757687,33.336204],[126.75639,33.337257],[126.756081,33.339866],[126.753196,33.34095],[126.751841,33.34209],[126.750823,33.343897],[126.751418,33.344471],[126.75184,33.34558],[126.756088,33.349501],[126.757493,33.349145],[126.757728,33.348089],[126.757464,33.346853],[126.75776,33.34575],[126.758712,33.34576],[126.759346,33.34516],[126.763129,33.343573],[126.76374,33.342411],[126.766011,33.342484],[126.76711,33.341745],[126.770643,33.341273],[126.77172,33.340649],[126.772132,33.33982],[126.773637,33.339114],[126.774323,33.33915],[126.778652,33.336658],[126.780623,33.335985],[126.780503,33.332543],[126.781767,33.332395],[126.782386,33.331714],[126.78212,33.330951],[126.781421,33.330408],[126.783229,33.327605],[126.782855,33.327356],[126.783814,33.326187],[126.786212,33.325529],[126.7885,33.325568],[126.788414,33.324846],[126.789046,33.323918],[126.789486,33.321104],[126.789894,33.320335],[126.790212,33.317322],[126.789547,33.316783],[126.789854,33.315937],[126.790559,33.316016],[126.791402,33.314129],[126.791991,33.314012],[126.791868,33.312301],[126.792457,33.312292],[126.793188,33.311119],[126.792844,33.309391],[126.793308,33.308378],[126.793714,33.304982],[126.793035,33.30488],[126.793116,33.304379],[126.791801,33.303625],[126.790022,33.304245],[126.789463,33.303711],[126.788691,33.303748],[126.789361,33.303825],[126.789536,33.304102],[126.789082,33.304023],[126.789364,33.304431],[126.787516,33.305074],[126.786939,33.306178],[126.786217,33.306428],[126.784979,33.30619],[126.783091,33.306432],[126.781594,33.307012],[126.781462,33.307367],[126.779946,33.307065]]]},"properties":{"AREA":9215599.312133584,"PERIMETER":16972.51892183052,"법정리코드":"5013032026","법정리명":"토산리","법정동코드":"50130320","법정시코드":"50130","법정리이름":"서귀포시토산리","SEA":2}}]}