{"type":"FeatureCollection","features":[{"type":"Feature","geometry":{"type":"Polygon","coordinates":[[[126.777909,33.564898],[126.778881,33.565683],[126.778284,33.566603],[126.779418,33.566233],[126.779361,33.566582],[126.780295,33.567196],[126.780438,33.566963],[126.7799,33.565861],[126.781194,33.566234],[126.78228,33.56594],[126.78231,33.565621],[126.781442,33.565465],[126.781581,33.565266],[126.7844,33.565365],[126.784362,33.564567],[126.785005,33.564242],[126.785292,33.563663],[126.784282,33.563612],[126.784617,33.563049],[126.78439,33.562595],[126.786145,33.562898],[126.786366,33.561918],[126.78772,33.56173],[126.788656,33.561161],[126.789486,33.561426],[126.790011,33.560695],[126.790762,33.560704],[126.792039,33.559901],[126.794059,33.559809],[126.793928,33.559129],[126.794671,33.558772],[126.795153,33.558151],[126.795065,33.55784],[126.796203,33.558004],[126.795013,33.557758],[126.795041,33.557518],[126.794648,33.557721],[126.794304,33.557234],[126.795013,33.557047],[126.794613,33.556987],[126.794664,33.556403],[126.794892,33.55632],[126.794838,33.556685],[126.795176,33.557119],[126.794887,33.556664],[126.795302,33.556018],[126.79567,33.556275],[126.796571,33.556011],[126.796583,33.555604],[126.798084,33.555654],[126.798748,33.555356],[126.800585,33.556227],[126.801322,33.557724],[126.802717,33.558227],[126.803438,33.557996],[126.804533,33.556638],[126.805376,33.556397],[126.805536,33.556946],[126.805093,33.558048],[126.805535,33.55834],[126.806193,33.557552],[126.805529,33.557106],[126.80583,33.556617],[126.806276,33.556665],[126.806186,33.556826],[126.80618,33.557162],[126.806338,33.557302],[126.806481,33.557356],[126.806661,33.557364],[126.806208,33.557165],[126.806386,33.556569],[126.806301,33.55641],[126.807094,33.556465],[126.807696,33.556092],[126.807661,33.557148],[126.806928,33.557212],[126.807176,33.557365],[126.806914,33.55856],[126.805968,33.5591],[126.806804,33.559126],[126.806823,33.558649],[126.80741,33.558644],[126.807375,33.5582],[126.807851,33.558279],[126.808028,33.55778],[126.810686,33.558461],[126.811179,33.558792],[126.811097,33.559183],[126.811531,33.559132],[126.811491,33.559437],[126.812841,33.559657],[126.812384,33.560531],[126.813365,33.561171],[126.813383,33.561647],[126.814126,33.562004],[126.815442,33.560991],[126.81695,33.560959],[126.818116,33.56038],[126.818976,33.560759],[126.819992,33.560722],[126.820261,33.560426],[126.820549,33.561039],[126.820868,33.561071],[126.820496,33.56028],[126.820759,33.559484],[126.821633,33.560083],[126.822309,33.559623],[126.823595,33.559755],[126.824261,33.559312],[126.824515,33.559665],[126.825236,33.559191],[126.82731,33.559334],[126.827453,33.558551],[126.826488,33.558074],[126.826153,33.557405],[126.826588,33.556456],[126.826261,33.555684],[126.827553,33.554518],[126.827108,33.553988],[126.826722,33.554201],[126.827039,33.554546],[126.826552,33.554157],[126.826744,33.553739],[126.828103,33.55312],[126.829464,33.551923],[126.82912,33.549436],[126.828278,33.549334],[126.827953,33.548498],[126.827047,33.547832],[126.828321,33.54664],[126.828242,33.546245],[126.829446,33.545578],[126.82987,33.543748],[126.83098,33.543376],[126.830873,33.543028],[126.831264,33.543205],[126.83143,33.542954],[126.831166,33.542717],[126.831966,33.542643],[126.831671,33.541697],[126.831835,33.541276],[126.831258,33.540806],[126.831259,33.540177],[126.832019,33.540387],[126.833253,33.53998],[126.834372,33.540183],[126.834226,33.541201],[126.834812,33.541473],[126.835245,33.540961],[126.836823,33.540584],[126.837714,33.539927],[126.837614,33.539431],[126.83881,33.539046],[126.838408,33.537888],[126.839,33.537539],[126.838964,33.536843],[126.839806,33.536814],[126.840113,33.537133],[126.839994,33.537793],[126.840408,33.537707],[126.840435,33.537036],[126.84066,33.537418],[126.841155,33.537565],[126.841282,33.538077],[126.841658,33.53805],[126.841928,33.537183],[126.84125,33.5371],[126.841514,33.537407],[126.841112,33.537521],[126.840471,33.537016],[126.841097,33.537068],[126.840379,33.534962],[126.840445,33.53455],[126.841473,33.533644],[126.842186,33.53358],[126.84261,33.534138],[126.843575,33.534468],[126.844061,33.534156],[126.844148,33.533623],[126.844745,33.533658],[126.845023,33.532842],[126.846113,33.533723],[126.846718,33.533648],[126.846567,33.53277],[126.847326,33.532368],[126.847768,33.532785],[126.849447,33.53323],[126.850245,33.533235],[126.850949,33.532764],[126.851288,33.533009],[126.85121,33.532694],[126.851737,33.532665],[126.851532,33.532388],[126.851747,33.532019],[126.851318,33.531824],[126.851221,33.53115],[126.85077,33.530774],[126.851191,33.530301],[126.851903,33.530188],[126.851802,33.529677],[126.852979,33.530234],[126.853102,33.530581],[126.853753,33.530167],[126.854291,33.53044],[126.855168,33.529734],[126.857512,33.530592],[126.857956,33.530581],[126.855122,33.52961],[126.856176,33.528541],[126.855472,33.528793],[126.854929,33.528203],[126.856496,33.527456],[126.856841,33.52845],[126.857135,33.528416],[126.857277,33.528789],[126.857125,33.529205],[126.858573,33.530014],[126.857554,33.529027],[126.856615,33.526872],[126.858234,33.526397],[126.858151,33.525218],[126.85879,33.525607],[126.861573,33.524986],[126.862649,33.526088],[126.863703,33.525657],[126.863878,33.525189],[126.864792,33.525504],[126.86513,33.526243],[126.865057,33.52644],[126.865057,33.526568],[126.864703,33.526478],[126.865051,33.5266],[126.865168,33.526197],[126.865783,33.526923],[126.865468,33.527749],[126.865838,33.52699],[126.86679,33.528017],[126.866049,33.528687],[126.865552,33.528403],[126.8655,33.528904],[126.866325,33.529061],[126.866282,33.529437],[126.866892,33.529998],[126.86867,33.529752],[126.869272,33.530077],[126.869238,33.530361],[126.870305,33.5304],[126.871082,33.530834],[126.872022,33.530224],[126.871768,33.530013],[126.872147,33.529456],[126.87278,33.529629],[126.872941,33.52896],[126.874396,33.529962],[126.875449,33.52954],[126.877367,33.529708],[126.877943,33.528941],[126.878391,33.529421],[126.879032,33.529214],[126.880447,33.529697],[126.880725,33.529663],[126.880607,33.529126],[126.881088,33.528781],[126.881183,33.529317],[126.881857,33.529431],[126.882026,33.52915],[126.881751,33.528752],[126.882645,33.528125],[126.882668,33.527551],[126.883022,33.527293],[126.882605,33.527121],[126.883741,33.526761],[126.883808,33.52712],[126.883158,33.527226],[126.883557,33.52728],[126.883828,33.527839],[126.883649,33.527287],[126.883961,33.527197],[126.883878,33.526733],[126.883985,33.526708],[126.884249,33.526818],[126.883955,33.527155],[126.884889,33.527195],[126.885161,33.527543],[126.885556,33.527258],[126.886639,33.527302],[126.887196,33.527722],[126.888326,33.527595],[126.888604,33.527936],[126.888802,33.527493],[126.889311,33.527697],[126.890732,33.526998],[126.891088,33.527699],[126.891623,33.527915],[126.892237,33.526735],[126.893087,33.526652],[126.89342,33.526129],[126.893906,33.526147],[126.893898,33.525852],[126.895574,33.52469],[126.895905,33.524091],[126.896839,33.523796],[126.896955,33.523295],[126.898042,33.523529],[126.898173,33.524401],[126.89808,33.523554],[126.89894,33.523831],[126.898442,33.523649],[126.898465,33.522966],[126.897818,33.523236],[126.897711,33.522788],[126.898031,33.522447],[126.900895,33.5215],[126.901598,33.521902],[126.901522,33.521402],[126.902209,33.520974],[126.902042,33.520592],[126.902798,33.520242],[126.903449,33.520642],[126.903251,33.521072],[126.903937,33.521492],[126.904671,33.52073],[126.905956,33.520665],[126.9055,33.51998],[126.904447,33.519726],[126.905032,33.519282],[126.904655,33.51879],[126.904957,33.519269],[126.904586,33.519514],[126.904359,33.519275],[126.904357,33.519703],[126.902623,33.519369],[126.902371,33.518735],[126.901463,33.518314],[126.900635,33.516999],[126.901149,33.515818],[126.901807,33.515281],[126.902021,33.5155],[126.901489,33.515809],[126.90169,33.516],[126.903586,33.515622],[126.903474,33.515378],[126.902306,33.515366],[126.902263,33.514659],[126.902635,33.514356],[126.901445,33.515116],[126.900732,33.5147],[126.900923,33.514405],[126.898399,33.512891],[126.899552,33.509755],[126.901868,33.510647],[126.903646,33.510343],[126.904937,33.510865],[126.905576,33.510554],[126.906657,33.510976],[126.907643,33.510588],[126.907957,33.510077],[126.91038,33.509315],[126.911422,33.508308],[126.911883,33.50848],[126.911768,33.508038],[126.912068,33.508043],[126.9124,33.507416],[126.913065,33.507292],[126.912959,33.507007],[126.913563,33.506331],[126.91321,33.505456],[126.91339,33.504078],[126.913758,33.503674],[126.913516,33.503422],[126.914646,33.502766],[126.913169,33.502285],[126.913377,33.501459],[126.912355,33.500622],[126.913348,33.499598],[126.91328,33.498264],[126.912802,33.497877],[126.913561,33.496518],[126.913223,33.496471],[126.912587,33.497696],[126.911624,33.497642],[126.911422,33.497346],[126.912009,33.496949],[126.912146,33.496478],[126.911824,33.49688],[126.911412,33.497089],[126.911145,33.497044],[126.91172,33.496548],[126.910923,33.496499],[126.910065,33.495054],[126.911127,33.494145],[126.910205,33.493598],[126.910775,33.492521],[126.910592,33.491848],[126.91209,33.490559],[126.911086,33.490286],[126.910775,33.488448],[126.91014,33.488216],[126.910018,33.487723],[126.909246,33.487759],[126.90865,33.48724],[126.907062,33.487075],[126.904847,33.488941],[126.903578,33.48787],[126.902367,33.486173],[126.901907,33.484758],[126.901733,33.482523],[126.901023,33.482663],[126.900593,33.482253],[126.897939,33.483117],[126.897027,33.482145],[126.896651,33.482276],[126.895159,33.481772],[126.892972,33.481799],[126.891876,33.481053],[126.890595,33.480966],[126.890269,33.480381],[126.889396,33.480923],[126.88888,33.480585],[126.888391,33.479175],[126.887889,33.478903],[126.885443,33.480551],[126.884492,33.480766],[126.882342,33.478689],[126.881522,33.477133],[126.881049,33.477369],[126.879607,33.476456],[126.878643,33.476656],[126.87734,33.475636],[126.876134,33.475686],[126.875346,33.475381],[126.874198,33.475644],[126.872534,33.474964],[126.872747,33.472344],[126.872007,33.472595],[126.871247,33.472317],[126.870292,33.472781],[126.866268,33.468619],[126.86172,33.468197],[126.85784,33.467091],[126.85693,33.466208],[126.856953,33.465721],[126.854634,33.463332],[126.851781,33.462585],[126.846395,33.462114],[126.836836,33.458312],[126.83494,33.456809],[126.831847,33.455702],[126.831123,33.454694],[126.829514,33.453709],[126.823945,33.453074],[126.824236,33.450529],[126.823719,33.45042],[126.822421,33.44838],[126.822463,33.447414],[126.822108,33.44672],[126.818115,33.447878],[126.817232,33.446755],[126.81509,33.446443],[126.814366,33.445296],[126.812708,33.445664],[126.811071,33.444992],[126.806183,33.444114],[126.803889,33.443208],[126.802717,33.442432],[126.801732,33.442207],[126.801761,33.44062],[126.799312,33.439565],[126.796456,33.44026],[126.793245,33.441511],[126.788593,33.441469],[126.78788,33.440967],[126.786268,33.438391],[126.783131,33.434782],[126.782411,33.434416],[126.778509,33.434],[126.777847,33.432877],[126.775412,33.430361],[126.773078,33.428966],[126.770129,33.426271],[126.762278,33.421896],[126.7569,33.420227],[126.752893,33.419972],[126.750573,33.41939],[126.74155,33.420229],[126.739113,33.420863],[126.734306,33.42365],[126.733556,33.424385],[126.73127,33.427435],[126.730114,33.429871],[126.725699,33.434582],[126.724829,33.437261],[126.722709,33.439051],[126.722301,33.439699],[126.721561,33.443268],[126.721272,33.446516],[126.720055,33.450175],[126.720285,33.451946],[126.721325,33.451997],[126.722223,33.452718],[126.722954,33.455443],[126.726777,33.457021],[126.725998,33.459997],[126.726447,33.460563],[126.725577,33.461891],[126.725024,33.462157],[126.724419,33.46344],[126.724583,33.464258],[126.724123,33.46608],[126.724798,33.467388],[126.725917,33.47134],[126.725414,33.472585],[126.726035,33.475955],[126.728698,33.478402],[126.728414,33.479832],[126.729563,33.480787],[126.729921,33.482169],[126.730414,33.482332],[126.730528,33.48315],[126.73183,33.482703],[126.732264,33.483094],[126.731323,33.484741],[126.730523,33.485339],[126.729982,33.486765],[126.730421,33.488778],[126.731426,33.489823],[126.731575,33.490775],[126.733014,33.49185],[126.732618,33.493511],[126.733093,33.493889],[126.73302,33.495693],[126.733584,33.497039],[126.733494,33.49928],[126.734071,33.501111],[126.733796,33.501899],[126.734312,33.506438],[126.729346,33.509352],[126.725729,33.51198],[126.723665,33.514266],[126.723229,33.515161],[126.721929,33.516337],[126.721303,33.517857],[126.713934,33.525297],[126.713525,33.526397],[126.713842,33.527836],[126.712923,33.529087],[126.710757,33.53113],[126.709468,33.531795],[126.706388,33.535117],[126.706826,33.53723],[126.706477,33.538269],[126.705813,33.539005],[126.705503,33.540215],[126.706167,33.540713],[126.705785,33.542383],[126.706823,33.543264],[126.706021,33.544365],[126.705822,33.546339],[126.706053,33.546781],[126.705445,33.547362],[126.705435,33.547796],[126.704629,33.548103],[126.705667,33.548852],[126.705329,33.549716],[126.705925,33.552773],[126.705663,33.553447],[126.706212,33.553548],[126.706829,33.554241],[126.708479,33.554093],[126.709237,33.554416],[126.71009,33.553866],[126.711277,33.554569],[126.711766,33.554439],[126.711852,33.554059],[126.712124,33.554321],[126.711894,33.554436],[126.712807,33.5545],[126.712888,33.555015],[126.713831,33.555609],[126.714348,33.554571],[126.714151,33.554826],[126.713667,33.554596],[126.714227,33.554447],[126.714479,33.553652],[126.715509,33.55392],[126.716641,33.553573],[126.71764,33.554849],[126.718864,33.555302],[126.71826,33.555692],[126.718288,33.556052],[126.719502,33.558068],[126.720364,33.557759],[126.72211,33.558105],[126.723117,33.557891],[126.723754,33.558509],[126.723879,33.557904],[126.725884,33.55825],[126.725933,33.558918],[126.727424,33.559619],[126.726801,33.56037],[126.727082,33.560589],[126.727812,33.559998],[126.728625,33.560777],[126.728959,33.560419],[126.72979,33.560382],[126.729274,33.560963],[126.729632,33.561135],[126.729568,33.561693],[126.728918,33.5621],[126.729427,33.56272],[126.729951,33.562658],[126.730222,33.562945],[126.730403,33.562596],[126.729882,33.561693],[126.729932,33.560835],[126.730474,33.560873],[126.731371,33.55992],[126.733344,33.558933],[126.734341,33.559325],[126.736237,33.558537],[126.7375,33.560507],[126.739764,33.561069],[126.739827,33.560666],[126.737805,33.5603],[126.736756,33.558823],[126.737268,33.558398],[126.73677,33.558205],[126.736883,33.557785],[126.737932,33.55798],[126.737016,33.557066],[126.737539,33.556803],[126.737221,33.555954],[126.737862,33.555492],[126.737905,33.554769],[126.738374,33.55467],[126.738542,33.555162],[126.739123,33.554895],[126.74037,33.555826],[126.741388,33.555883],[126.742106,33.556658],[126.743822,33.557511],[126.744764,33.55744],[126.743642,33.557905],[126.742664,33.557807],[126.741629,33.557139],[126.739681,33.557526],[126.741623,33.557166],[126.742651,33.557832],[126.743644,33.557932],[126.744092,33.557852],[126.743832,33.558019],[126.742253,33.557861],[126.741203,33.558854],[126.741985,33.558952],[126.742439,33.558648],[126.742802,33.559025],[126.743126,33.558375],[126.743375,33.558939],[126.744248,33.558297],[126.744652,33.558533],[126.744998,33.559429],[126.745507,33.558681],[126.746147,33.55946],[126.746465,33.559385],[126.747328,33.558077],[126.746948,33.557682],[126.74787,33.557148],[126.748029,33.557568],[126.747269,33.558774],[126.74852,33.557945],[126.748421,33.559271],[126.750464,33.558314],[126.751785,33.55834],[126.752827,33.557672],[126.753178,33.557828],[126.752539,33.558856],[126.75319,33.559369],[126.754073,33.559125],[126.755063,33.559917],[126.754256,33.558952],[126.75464,33.558526],[126.755195,33.559139],[126.754937,33.558491],[126.755624,33.557571],[126.755562,33.557024],[126.756086,33.557004],[126.756616,33.557395],[126.756471,33.558352],[126.759063,33.559183],[126.761814,33.561014],[126.761966,33.561327],[126.761599,33.562168],[126.761938,33.562801],[126.764093,33.562711],[126.764079,33.562952],[126.763064,33.563277],[126.762857,33.564323],[126.763215,33.564895],[126.762181,33.565413],[126.762888,33.565165],[126.765328,33.56602],[126.765843,33.565759],[126.766253,33.566024],[126.766983,33.565556],[126.769001,33.565453],[126.769099,33.56494],[126.769907,33.565077],[126.770126,33.564711],[126.770916,33.564543],[126.771177,33.565226],[126.771687,33.565461],[126.771633,33.565771],[126.771961,33.565532],[126.773521,33.565662],[126.773493,33.564778],[126.774708,33.5654],[126.775607,33.564634],[126.777909,33.564898]]]},"properties":{"AREA":187802000.0,"PERIMETER":93608.348289,"TEMP_":2,"TEMP_ID":0,"NAME":"구좌읍","NO3-N":5}},{"type":"Feature","geometry":{"type":"Polygon","coordinates":[[[126.703771,33.553249],[126.705663,33.553447],[126.705924,33.552849],[126.705329,33.549716],[126.705667,33.548852],[126.704629,33.548103],[126.705435,33.547796],[126.705445,33.547362],[126.706053,33.546781],[126.705822,33.546339],[126.706021,33.544365],[126.706823,33.543264],[126.705785,33.542383],[126.706167,33.540713],[126.705503,33.540215],[126.705813,33.539005],[126.706477,33.538269],[126.706826,33.53723],[126.706388,33.535117],[126.709468,33.531795],[126.710757,33.53113],[126.712923,33.529087],[126.713842,33.527836],[126.713525,33.526397],[126.713934,33.525297],[126.721303,33.517857],[126.721929,33.516337],[126.723229,33.515161],[126.723665,33.514266],[126.725729,33.51198],[126.729346,33.509352],[126.734312,33.506438],[126.733796,33.501899],[126.734071,33.501111],[126.733494,33.49928],[126.733584,33.497039],[126.73302,33.495693],[126.733093,33.493889],[126.732618,33.493511],[126.733014,33.49185],[126.731575,33.490775],[126.731426,33.489823],[126.730421,33.488778],[126.729982,33.486765],[126.730523,33.485339],[126.731323,33.484741],[126.732264,33.483094],[126.73183,33.482703],[126.730528,33.48315],[126.730414,33.482332],[126.729921,33.482169],[126.729563,33.480787],[126.728414,33.479832],[126.728698,33.478402],[126.726035,33.475955],[126.725414,33.472585],[126.725917,33.47134],[126.724798,33.467388],[126.724123,33.46608],[126.724583,33.464258],[126.724419,33.46344],[126.725024,33.462157],[126.725577,33.461891],[126.726447,33.460563],[126.725998,33.459997],[126.726777,33.457021],[126.722954,33.455443],[126.722223,33.452718],[126.721325,33.451997],[126.720285,33.451946],[126.720055,33.450175],[126.721272,33.446516],[126.722301,33.439699],[126.724829,33.437261],[126.725699,33.434582],[126.730114,33.429871],[126.731791,33.42671],[126.72919,33.425766],[126.727002,33.424403],[126.724299,33.424155],[126.722484,33.423185],[126.717295,33.421857],[126.709126,33.421896],[126.698995,33.419249],[126.687103,33.413758],[126.683034,33.410156],[126.680321,33.408652],[126.67548,33.404617],[126.672571,33.402947],[126.668741,33.400134],[126.667989,33.400102],[126.664311,33.401816],[126.660523,33.401827],[126.658894,33.400462],[126.657214,33.399733],[126.65483,33.399564],[126.653783,33.397749],[126.652362,33.396597],[126.653123,33.395607],[126.652534,33.394758],[126.651175,33.394601],[126.650101,33.395249],[126.649472,33.395278],[126.647959,33.394281],[126.641478,33.394155],[126.639192,33.393393],[126.635596,33.393105],[126.635293,33.392824],[126.633692,33.393353],[126.633399,33.394009],[126.631506,33.392909],[126.628939,33.391966],[126.628465,33.391342],[126.627687,33.391099],[126.626154,33.389834],[126.624835,33.387271],[126.624442,33.384755],[126.622661,33.384063],[126.620474,33.385074],[126.61765,33.383432],[126.614631,33.383182],[126.611804,33.382144],[126.606918,33.382013],[126.603088,33.380943],[126.601626,33.380243],[126.599784,33.378134],[126.595655,33.37656],[126.590437,33.373405],[126.582068,33.371745],[126.573396,33.371413],[126.570194,33.371706],[126.565956,33.371128],[126.55883,33.371014],[126.559575,33.378479],[126.560522,33.379596],[126.570318,33.381128],[126.575797,33.38354],[126.582312,33.387762],[126.585386,33.389254],[126.587081,33.389852],[126.590555,33.390441],[126.592988,33.391784],[126.595258,33.39229],[126.598005,33.39392],[126.599222,33.394002],[126.601661,33.393272],[126.603781,33.393515],[126.610999,33.397429],[126.615254,33.402536],[126.616329,33.406096],[126.616072,33.407358],[126.616671,33.407774],[126.616549,33.408065],[126.617587,33.409643],[126.617569,33.410362],[126.618567,33.411669],[126.618447,33.412358],[126.618851,33.41349],[126.619274,33.414142],[126.620044,33.414314],[126.620863,33.41544],[126.621264,33.417108],[126.622963,33.418697],[126.622851,33.419251],[126.624029,33.419447],[126.625993,33.422227],[126.627652,33.423183],[126.628719,33.424245],[126.630403,33.424646],[126.630866,33.425401],[126.631938,33.426192],[126.633899,33.427156],[126.635535,33.426941],[126.636697,33.427315],[126.637825,33.432768],[126.639667,33.433832],[126.64115,33.439367],[126.642039,33.440571],[126.64239,33.442424],[126.64069,33.444787],[126.640596,33.445792],[126.640973,33.446824],[126.640713,33.449782],[126.641379,33.450995],[126.641496,33.452502],[126.641576,33.455233],[126.641323,33.455942],[126.641622,33.457375],[126.641101,33.458537],[126.641536,33.458599],[126.641225,33.462528],[126.640519,33.463637],[126.638771,33.464943],[126.637527,33.466819],[126.637112,33.469388],[126.637371,33.472248],[126.637134,33.473031],[126.637525,33.473961],[126.636778,33.476585],[126.634486,33.480632],[126.631482,33.48348],[126.631559,33.4839],[126.630639,33.485261],[126.628966,33.486363],[126.628846,33.487806],[126.628241,33.488667],[126.628207,33.489254],[126.627054,33.490551],[126.623662,33.492938],[126.623135,33.493656],[126.621189,33.497686],[126.621264,33.498317],[126.620332,33.499338],[126.619799,33.501899],[126.620121,33.503254],[126.61926,33.506863],[126.619807,33.507586],[126.619724,33.509012],[126.619399,33.509508],[126.619959,33.512388],[126.621101,33.513617],[126.620545,33.514406],[126.620086,33.514882],[126.618735,33.515313],[126.617345,33.515362],[126.61635,33.514922],[126.614915,33.516606],[126.614235,33.516848],[126.611938,33.516991],[126.611128,33.517474],[126.609922,33.51753],[126.607312,33.518481],[126.605729,33.518564],[126.603733,33.519973],[126.600326,33.520271],[126.599853,33.520632],[126.599825,33.520944],[126.6005,33.521124],[126.600226,33.521463],[126.600541,33.522539],[126.599125,33.528328],[126.599933,33.529003],[126.601693,33.529348],[126.601486,33.530172],[126.600309,33.531441],[126.601494,33.531951],[126.60297,33.53178],[126.603321,33.533235],[126.603161,33.535101],[126.603934,33.535353],[126.604412,33.536185],[126.604905,33.535533],[126.605906,33.535682],[126.606198,33.536156],[126.607275,33.535739],[126.607569,33.536215],[126.608288,33.535877],[126.608633,33.534965],[126.609568,33.535423],[126.609774,33.536217],[126.611833,33.535643],[126.611661,33.536656],[126.612375,33.536708],[126.612211,33.537214],[126.612839,33.537646],[126.612934,33.538294],[126.614809,33.537863],[126.615467,33.538114],[126.616296,33.537665],[126.616154,33.537267],[126.61634,33.537186],[126.616394,33.537562],[126.617265,33.538133],[126.61805,33.537968],[126.618358,33.53755],[126.618552,33.537751],[126.618214,33.537933],[126.618791,33.538161],[126.61908,33.537962],[126.618711,33.538574],[126.617585,33.539021],[126.618584,33.538828],[126.619205,33.53819],[126.620561,33.538495],[126.620838,33.537983],[126.622077,33.538396],[126.622229,33.539498],[126.622962,33.539433],[126.623504,33.538788],[126.623201,33.539033],[126.622794,33.538748],[126.622907,33.538042],[126.623773,33.537933],[126.623637,33.538706],[126.623867,33.537837],[126.624562,33.537682],[126.624671,33.538163],[126.625002,33.538178],[126.625473,33.537553],[126.625127,33.537179],[126.625539,33.53623],[126.626112,33.537857],[126.626527,33.537862],[126.626369,33.537079],[126.625835,33.536641],[126.626148,33.536236],[126.626756,33.536554],[126.626506,33.536661],[126.62658,33.537102],[126.627128,33.537212],[126.626887,33.53759],[126.627403,33.538354],[126.627124,33.538917],[126.627791,33.539788],[126.627792,33.540621],[126.628605,33.539557],[126.627883,33.538993],[126.628161,33.538225],[126.628592,33.538251],[126.628042,33.537798],[126.62845,33.537219],[126.629193,33.537158],[126.629937,33.537676],[126.630181,33.537316],[126.630647,33.537293],[126.631051,33.537602],[126.631165,33.536904],[126.631496,33.536799],[126.631243,33.536696],[126.631793,33.536753],[126.631758,33.536491],[126.632521,33.536247],[126.63278,33.535705],[126.633026,33.535659],[126.633359,33.536239],[126.633927,33.536183],[126.633836,33.536568],[126.634471,33.536013],[126.63495,33.536179],[126.635257,33.53575],[126.63518,33.536404],[126.635641,33.536538],[126.635369,33.536997],[126.63556,33.537169],[126.634665,33.538038],[126.633979,33.53803],[126.63379,33.538561],[126.634116,33.538786],[126.633607,33.5392],[126.634082,33.538906],[126.634291,33.53862],[126.634675,33.538762],[126.634517,33.539454],[126.634058,33.539747],[126.634148,33.54025],[126.634271,33.539696],[126.635288,33.538721],[126.635548,33.539365],[126.636449,33.539453],[126.634794,33.540728],[126.636298,33.540367],[126.636654,33.540507],[126.63646,33.541145],[126.636005,33.541219],[126.635492,33.540793],[126.635365,33.541192],[126.634394,33.5411],[126.633964,33.54206],[126.632621,33.54225],[126.634451,33.542369],[126.634053,33.543681],[126.634832,33.543862],[126.634619,33.544629],[126.635202,33.545425],[126.636742,33.545395],[126.637671,33.545702],[126.63846,33.545489],[126.638688,33.544924],[126.639413,33.546168],[126.639367,33.547185],[126.640389,33.547676],[126.640502,33.548468],[126.63963,33.548244],[126.640039,33.547906],[126.639597,33.54791],[126.638171,33.548731],[126.638266,33.549066],[126.637927,33.549274],[126.638886,33.549539],[126.639109,33.54913],[126.639683,33.549117],[126.640844,33.548308],[126.641105,33.548833],[126.64179,33.548728],[126.640612,33.549322],[126.64055,33.550511],[126.642322,33.551899],[126.643755,33.551823],[126.643587,33.552883],[126.642899,33.552454],[126.642124,33.552857],[126.643276,33.553064],[126.643988,33.553897],[126.64434,33.554919],[126.644185,33.555375],[126.644533,33.555548],[126.645716,33.55496],[126.646867,33.554988],[126.647818,33.553698],[126.649036,33.554147],[126.648389,33.553585],[126.648858,33.553169],[126.649057,33.553651],[126.649521,33.553449],[126.650077,33.553831],[126.650079,33.553152],[126.649387,33.55288],[126.649285,33.552131],[126.648428,33.551592],[126.64876,33.551048],[126.647638,33.549606],[126.64796,33.54879],[126.648899,33.549275],[126.650178,33.54905],[126.650535,33.548777],[126.649672,33.548562],[126.650549,33.548282],[126.651086,33.549325],[126.650976,33.548973],[126.651225,33.548952],[126.651507,33.549132],[126.651241,33.549343],[126.651607,33.549258],[126.651559,33.54959],[126.651971,33.549675],[126.652411,33.55081],[126.651672,33.551149],[126.653016,33.551745],[126.652407,33.552384],[126.653062,33.553017],[126.653805,33.551713],[126.65322,33.551644],[126.652763,33.551188],[126.652896,33.550945],[126.653866,33.551359],[126.654931,33.550994],[126.655376,33.550461],[126.656206,33.550416],[126.656745,33.550738],[126.657171,33.550524],[126.656735,33.550683],[126.656097,33.550295],[126.656245,33.549388],[126.655362,33.549484],[126.65551,33.549049],[126.654952,33.548405],[126.654215,33.548625],[126.65461,33.547975],[126.655831,33.547535],[126.656213,33.548041],[126.65558,33.548815],[126.656603,33.548092],[126.657414,33.548274],[126.657096,33.548114],[126.657333,33.547802],[126.659302,33.546783],[126.660312,33.546527],[126.660521,33.546859],[126.660661,33.546129],[126.661211,33.545841],[126.660923,33.545432],[126.661177,33.545285],[126.661637,33.545674],[126.660927,33.546418],[126.662014,33.546142],[126.661894,33.548133],[126.662326,33.545154],[126.662715,33.544359],[126.663297,33.544503],[126.663515,33.543687],[126.66646,33.542207],[126.666922,33.542366],[126.666876,33.542411],[126.666847,33.542542],[126.666939,33.542681],[126.666921,33.542392],[126.667601,33.5423],[126.667196,33.542745],[126.667177,33.543338],[126.667852,33.543194],[126.668193,33.543474],[126.668022,33.544395],[126.669837,33.543521],[126.670031,33.543954],[126.670627,33.544016],[126.670973,33.544501],[126.674114,33.545051],[126.674368,33.545509],[126.673905,33.546796],[126.675231,33.55032],[126.676126,33.551842],[126.677916,33.552564],[126.680859,33.55226],[126.682475,33.549675],[126.684302,33.548109],[126.68421,33.548687],[126.683922,33.54863],[126.684481,33.549678],[126.688223,33.548553],[126.688605,33.549641],[126.688714,33.548427],[126.690473,33.548826],[126.689681,33.549458],[126.68963,33.550062],[126.69055,33.550465],[126.690722,33.551365],[126.692248,33.550807],[126.69339,33.551345],[126.694416,33.551115],[126.694008,33.551012],[126.694224,33.550385],[126.694706,33.550789],[126.6953,33.550148],[126.695329,33.550788],[126.694554,33.551125],[126.695791,33.550859],[126.695999,33.551248],[126.695517,33.551732],[126.697427,33.551812],[126.697867,33.552767],[126.699955,33.553238],[126.700641,33.552832],[126.702343,33.552927],[126.703754,33.553202],[126.703593,33.553711],[126.703771,33.553249]]]},"properties":{"AREA":150982000.0,"PERIMETER":90742.061137,"TEMP_":3,"TEMP_ID":0,"NAME":"조천읍","NO3-N":11}},{"type":"Feature","geometry":{"type":"Polygon","coordinates":[[[126.586198,33.525607],[126.587655,33.527379],[126.588024,33.526909],[126.587798,33.527456],[126.588833,33.528782],[126.58832,33.529392],[126.588803,33.529232],[126.588836,33.528843],[126.589296,33.528992],[126.588929,33.529565],[126.58854,33.529468],[126.588932,33.529668],[126.588859,33.530279],[126.58792,33.530724],[126.587787,33.531205],[126.588885,33.531865],[126.589547,33.531341],[126.589224,33.532234],[126.589744,33.53293],[126.589409,33.532301],[126.589599,33.531778],[126.591648,33.532137],[126.5915,33.532412],[126.590102,33.532583],[126.591337,33.532615],[126.592107,33.533275],[126.591924,33.533756],[126.59233,33.534087],[126.592292,33.534636],[126.593311,33.534934],[126.597416,33.537749],[126.598647,33.536528],[126.599726,33.537008],[126.601129,33.536829],[126.601163,33.53647],[126.601467,33.536761],[126.601551,33.53628],[126.602748,33.53646],[126.6022,33.536138],[126.603161,33.535101],[126.603321,33.533235],[126.60297,33.53178],[126.601494,33.531951],[126.600309,33.531441],[126.601486,33.530172],[126.601693,33.529348],[126.599933,33.529003],[126.599125,33.528328],[126.600541,33.522539],[126.600226,33.521463],[126.6005,33.521124],[126.599825,33.520944],[126.599853,33.520632],[126.600326,33.520271],[126.603733,33.519973],[126.605729,33.518564],[126.607312,33.518481],[126.609922,33.51753],[126.611128,33.517474],[126.611938,33.516991],[126.614235,33.516848],[126.614915,33.516606],[126.61635,33.514922],[126.617345,33.515362],[126.619087,33.515223],[126.620086,33.514882],[126.621103,33.513643],[126.620059,33.512663],[126.619399,33.509508],[126.619724,33.509012],[126.619807,33.507586],[126.619278,33.506524],[126.620121,33.503254],[126.619799,33.501899],[126.620332,33.499338],[126.621156,33.498529],[126.621189,33.497686],[126.623611,33.492998],[126.625954,33.491466],[126.626186,33.490957],[126.627054,33.490551],[126.628207,33.489254],[126.628241,33.488667],[126.628846,33.487806],[126.628966,33.486363],[126.630639,33.485261],[126.631559,33.4839],[126.631482,33.48348],[126.634486,33.480632],[126.635832,33.478386],[126.636323,33.476996],[126.636778,33.476585],[126.637525,33.473961],[126.637134,33.473031],[126.637371,33.472248],[126.637112,33.469388],[126.637527,33.466819],[126.638771,33.464943],[126.640519,33.463637],[126.641225,33.462528],[126.641536,33.458599],[126.641101,33.458537],[126.641622,33.457375],[126.641323,33.455942],[126.641576,33.455233],[126.641496,33.452502],[126.641379,33.450995],[126.640713,33.449782],[126.640973,33.446824],[126.640596,33.445792],[126.64069,33.444787],[126.64239,33.442424],[126.642039,33.440571],[126.64115,33.439367],[126.639667,33.433832],[126.637825,33.432768],[126.636697,33.427315],[126.635535,33.426941],[126.633899,33.427156],[126.631938,33.426192],[126.630866,33.425401],[126.630403,33.424646],[126.628719,33.424245],[126.627652,33.423183],[126.625993,33.422227],[126.624029,33.419447],[126.622851,33.419251],[126.622963,33.418697],[126.621264,33.417108],[126.620863,33.41544],[126.620044,33.414314],[126.619274,33.414142],[126.618851,33.41349],[126.618447,33.412358],[126.618567,33.411669],[126.617569,33.410362],[126.617587,33.409643],[126.616549,33.408065],[126.616671,33.407774],[126.616072,33.407358],[126.616329,33.406096],[126.615254,33.402536],[126.610999,33.397429],[126.603781,33.393515],[126.601661,33.393272],[126.599222,33.394002],[126.598005,33.39392],[126.595258,33.39229],[126.592988,33.391784],[126.590555,33.390441],[126.587081,33.389852],[126.585386,33.389254],[126.582312,33.387762],[126.575797,33.38354],[126.570318,33.381128],[126.560522,33.379596],[126.559575,33.378479],[126.55883,33.371014],[126.554344,33.371076],[126.551457,33.371827],[126.546364,33.369129],[126.538767,33.36297],[126.537552,33.362293],[126.536445,33.362119],[126.534884,33.363021],[126.533352,33.363259],[126.530402,33.362441],[126.529544,33.361593],[126.528743,33.363961],[126.525525,33.366061],[126.525003,33.366713],[126.524549,33.367788],[126.524282,33.370225],[126.523581,33.371265],[126.521662,33.373184],[126.515059,33.377841],[126.512467,33.380731],[126.509987,33.382557],[126.508797,33.382978],[126.503398,33.383299],[126.495856,33.38707],[126.493568,33.388907],[126.490285,33.389883],[126.486721,33.389629],[126.485593,33.38876],[126.484312,33.388655],[126.483428,33.387972],[126.482727,33.388468],[126.481164,33.387655],[126.480303,33.388184],[126.47941,33.38794],[126.478665,33.388433],[126.477658,33.387901],[126.476809,33.388303],[126.475978,33.388112],[126.472515,33.391224],[126.471209,33.391104],[126.470628,33.391703],[126.467441,33.392798],[126.46725,33.393523],[126.466574,33.394212],[126.465519,33.394289],[126.463482,33.395284],[126.462779,33.395085],[126.461487,33.395345],[126.459396,33.396482],[126.459669,33.397863],[126.459446,33.398426],[126.458644,33.398619],[126.458776,33.399563],[126.458373,33.401193],[126.459338,33.402453],[126.458922,33.403638],[126.453897,33.407226],[126.452693,33.407686],[126.451709,33.40929],[126.451572,33.411025],[126.451119,33.411957],[126.449768,33.412877],[126.449953,33.41552],[126.449141,33.41681],[126.449156,33.419051],[126.448673,33.421289],[126.448865,33.421598],[126.448052,33.424791],[126.448321,33.425629],[126.448017,33.428622],[126.448277,33.42956],[126.44726,33.432416],[126.447434,33.432721],[126.446207,33.434598],[126.4467,33.43571],[126.448651,33.43611],[126.449491,33.439729],[126.450139,33.440357],[126.450548,33.441643],[126.448717,33.445315],[126.447978,33.447519],[126.446158,33.449112],[126.445963,33.449942],[126.446351,33.45111],[126.445813,33.454743],[126.446304,33.455379],[126.446376,33.456292],[126.447247,33.457225],[126.447396,33.459147],[126.447756,33.459811],[126.447732,33.461686],[126.447639,33.462222],[126.446314,33.463016],[126.446384,33.464177],[126.445449,33.464857],[126.445104,33.465635],[126.445414,33.470392],[126.443751,33.473559],[126.443736,33.474692],[126.443129,33.475179],[126.44306,33.477685],[126.44195,33.477557],[126.441473,33.476601],[126.440895,33.476325],[126.438467,33.47618],[126.434051,33.474399],[126.43262,33.474326],[126.432963,33.473263],[126.43213,33.473031],[126.430499,33.47364],[126.428209,33.472986],[126.425586,33.473351],[126.424839,33.472919],[126.424361,33.47477],[126.422784,33.474141],[126.421998,33.474273],[126.421771,33.47519],[126.420841,33.4761],[126.420171,33.478089],[126.419391,33.478596],[126.419561,33.47902],[126.419136,33.479911],[126.419669,33.480762],[126.420235,33.483258],[126.421534,33.484129],[126.420845,33.484706],[126.420129,33.486685],[126.421437,33.488131],[126.421654,33.489916],[126.420688,33.491427],[126.420283,33.491501],[126.420064,33.492405],[126.420528,33.492348],[126.420426,33.492591],[126.42131,33.49325],[126.421688,33.493201],[126.4215,33.494174],[126.422406,33.493719],[126.423028,33.493758],[126.423499,33.493276],[126.424165,33.493833],[126.423756,33.494098],[126.423919,33.494836],[126.424793,33.495237],[126.425333,33.495039],[126.425926,33.495466],[126.426027,33.495227],[126.426732,33.495425],[126.426146,33.495101],[126.425971,33.494524],[126.426261,33.494206],[126.426765,33.494523],[126.426677,33.495206],[126.427024,33.494532],[126.427401,33.49476],[126.427124,33.494434],[126.427473,33.494067],[126.427647,33.494872],[126.427627,33.494099],[126.428364,33.493945],[126.429667,33.49433],[126.430473,33.493881],[126.430947,33.494485],[126.432548,33.494227],[126.434842,33.495183],[126.435167,33.495669],[126.435281,33.494825],[126.435627,33.494707],[126.435537,33.49494],[126.435752,33.495109],[126.435954,33.494187],[126.436603,33.494326],[126.436334,33.495078],[126.43715,33.495916],[126.438399,33.495545],[126.440658,33.496102],[126.441734,33.497307],[126.443092,33.497298],[126.443338,33.498267],[126.444199,33.498004],[126.445118,33.498662],[126.446638,33.498525],[126.447029,33.497804],[126.447586,33.49815],[126.449344,33.497702],[126.449556,33.498245],[126.450066,33.498683],[126.44946,33.497776],[126.450145,33.497232],[126.450276,33.498253],[126.450242,33.497325],[126.450881,33.497168],[126.452214,33.497503],[126.45341,33.498445],[126.454614,33.497062],[126.453378,33.498583],[126.454653,33.500594],[126.452805,33.50167],[126.454826,33.500591],[126.456854,33.502973],[126.457774,33.503619],[126.458739,33.50409],[126.46038,33.504323],[126.460472,33.505493],[126.460608,33.503788],[126.461381,33.503816],[126.460707,33.504378],[126.461835,33.50362],[126.461884,33.503045],[126.462835,33.503085],[126.463383,33.503495],[126.464572,33.50313],[126.466165,33.50338],[126.4661,33.503906],[126.466547,33.504297],[126.466298,33.505888],[126.465911,33.506267],[126.463797,33.506353],[126.463531,33.506819],[126.463579,33.508294],[126.463968,33.508263],[126.464066,33.506576],[126.465933,33.50638],[126.466115,33.507162],[126.466093,33.506411],[126.46658,33.505252],[126.467236,33.505057],[126.467141,33.505641],[126.466214,33.506546],[126.466817,33.506917],[126.466483,33.508561],[126.464719,33.508613],[126.466808,33.509054],[126.467036,33.508878],[126.468389,33.510302],[126.46832,33.50986],[126.468994,33.509712],[126.468941,33.509455],[126.469929,33.508862],[126.470358,33.509329],[126.471009,33.509223],[126.473466,33.509865],[126.474703,33.509823],[126.475642,33.509364],[126.47612,33.509587],[126.477025,33.509407],[126.477996,33.509797],[126.47804,33.510295],[126.478511,33.510751],[126.478067,33.50956],[126.478914,33.509461],[126.480202,33.509824],[126.481098,33.510666],[126.481835,33.510573],[126.483519,33.511106],[126.48387,33.511875],[126.483648,33.512456],[126.484271,33.513289],[126.484334,33.514475],[126.485234,33.515709],[126.485038,33.516305],[126.485784,33.517551],[126.489166,33.519],[126.489677,33.519652],[126.491008,33.519306],[126.492042,33.519864],[126.493144,33.519821],[126.493043,33.520148],[126.493969,33.520746],[126.493806,33.521145],[126.494429,33.520754],[126.494745,33.520965],[126.494877,33.520666],[126.495042,33.521006],[126.496211,33.520626],[126.496766,33.52092],[126.496999,33.520521],[126.498622,33.520336],[126.499431,33.519823],[126.500054,33.51869],[126.500374,33.518524],[126.501078,33.518863],[126.50033,33.518364],[126.500529,33.518149],[126.500458,33.51808],[126.500118,33.518229],[126.500223,33.517826],[126.501042,33.518309],[126.500595,33.517487],[126.50229,33.517404],[126.503174,33.517855],[126.503245,33.517208],[126.503779,33.51727],[126.504232,33.516867],[126.505159,33.517387],[126.506243,33.516572],[126.507948,33.516738],[126.508942,33.516487],[126.509428,33.515973],[126.510874,33.515714],[126.512052,33.516118],[126.512336,33.515792],[126.51407,33.516026],[126.514392,33.515787],[126.515493,33.517209],[126.515898,33.517153],[126.51607,33.516381],[126.5165,33.516428],[126.516353,33.518533],[126.517506,33.519422],[126.528222,33.518097],[126.528518,33.519319],[126.534411,33.523615],[126.537598,33.528251],[126.538067,33.528251],[126.534896,33.523728],[126.535662,33.523753],[126.535619,33.523514],[126.534699,33.523439],[126.529041,33.519481],[126.529014,33.518266],[126.528636,33.518159],[126.5289,33.517963],[126.528426,33.51687],[126.529283,33.517344],[126.530941,33.517547],[126.531033,33.517184],[126.53058,33.51683],[126.530925,33.51666],[126.532482,33.518052],[126.533464,33.518009],[126.533485,33.518701],[126.53279,33.518718],[126.532772,33.519629],[126.534162,33.520359],[126.535295,33.519807],[126.537163,33.521119],[126.537535,33.521396],[126.536487,33.522424],[126.536926,33.522724],[126.538738,33.520929],[126.540801,33.52179],[126.53971,33.523617],[126.541036,33.524239],[126.541971,33.522806],[126.542835,33.522811],[126.542794,33.523736],[126.543183,33.523769],[126.543069,33.525606],[126.544291,33.525612],[126.544263,33.526148],[126.544207,33.526973],[126.542549,33.528251],[126.544406,33.527133],[126.544777,33.522114],[126.546845,33.521954],[126.549176,33.520586],[126.551278,33.520569],[126.551334,33.5213],[126.552621,33.521924],[126.553298,33.521527],[126.5553,33.521309],[126.556184,33.52195],[126.5572,33.522155],[126.558102,33.521679],[126.557871,33.522305],[126.558107,33.522628],[126.559799,33.522638],[126.559086,33.523072],[126.559044,33.523977],[126.560218,33.525339],[126.559979,33.525869],[126.560579,33.525987],[126.56192,33.527666],[126.563629,33.526935],[126.564231,33.525933],[126.56539,33.525698],[126.564583,33.525582],[126.564908,33.525461],[126.564764,33.525106],[126.565015,33.524947],[126.564546,33.525149],[126.564052,33.524821],[126.565302,33.524182],[126.565468,33.524595],[126.565112,33.524927],[126.565479,33.525057],[126.565659,33.524631],[126.566296,33.524633],[126.567289,33.524979],[126.565852,33.525606],[126.567508,33.525088],[126.567985,33.525369],[126.568123,33.525685],[126.56715,33.526375],[126.568228,33.527235],[126.568867,33.527176],[126.569302,33.526356],[126.570916,33.525672],[126.572023,33.525749],[126.573428,33.525212],[126.573968,33.525402],[126.573687,33.525707],[126.573476,33.525361],[126.573501,33.52562],[126.574049,33.526202],[126.574615,33.52784],[126.576664,33.528206],[126.578144,33.528023],[126.578956,33.527483],[126.578062,33.527872],[126.576852,33.527882],[126.576973,33.527298],[126.576643,33.527688],[126.576347,33.527427],[126.576826,33.527259],[126.5765,33.526893],[126.576778,33.526526],[126.577972,33.526382],[126.578454,33.526898],[126.578166,33.526343],[126.578555,33.525524],[126.579984,33.524973],[126.579899,33.524555],[126.581705,33.525439],[126.582811,33.525321],[126.583661,33.525784],[126.584866,33.525361],[126.585482,33.525733],[126.586198,33.525607]]]},"properties":{"AREA":255591000.0,"PERIMETER":93840.278232,"TEMP_":4,"TEMP_ID":0,"NAME":"제주시 동지역","NO3-N":5}},{"type":"Feature","geometry":{"type":"Polygon","coordinates":[[[126.420721,33.49079],[126.421654,33.489916],[126.421437,33.488131],[126.420129,33.486685],[126.420845,33.484706],[126.421534,33.484129],[126.420235,33.483258],[126.419669,33.480762],[126.419136,33.479911],[126.419561,33.47902],[126.419391,33.478596],[126.420171,33.478089],[126.420841,33.4761],[126.421771,33.47519],[126.421998,33.474273],[126.422784,33.474141],[126.424361,33.47477],[126.424839,33.472919],[126.425586,33.473351],[126.428209,33.472986],[126.430499,33.47364],[126.43213,33.473031],[126.432963,33.473263],[126.43262,33.474326],[126.434051,33.474399],[126.438467,33.47618],[126.440895,33.476325],[126.441473,33.476601],[126.44195,33.477557],[126.44306,33.477685],[126.443129,33.475179],[126.443736,33.474692],[126.443751,33.473559],[126.445414,33.470392],[126.445104,33.465635],[126.445449,33.464857],[126.446384,33.464177],[126.446314,33.463016],[126.447639,33.462222],[126.447732,33.461686],[126.447756,33.459811],[126.447396,33.459147],[126.447247,33.457225],[126.446376,33.456292],[126.446304,33.455379],[126.445813,33.454743],[126.446351,33.45111],[126.445963,33.449942],[126.446158,33.449112],[126.447978,33.447519],[126.448717,33.445315],[126.450548,33.441643],[126.450139,33.440357],[126.449491,33.439729],[126.448651,33.43611],[126.4467,33.43571],[126.446207,33.434598],[126.447434,33.432721],[126.44726,33.432416],[126.448277,33.42956],[126.448017,33.428622],[126.448321,33.425629],[126.448052,33.424791],[126.448865,33.421598],[126.448673,33.421289],[126.449156,33.419051],[126.449141,33.41681],[126.449953,33.41552],[126.449768,33.412877],[126.451119,33.411957],[126.451572,33.411025],[126.451709,33.40929],[126.452693,33.407686],[126.453897,33.407226],[126.458922,33.403638],[126.459338,33.402453],[126.458373,33.401193],[126.458776,33.399563],[126.458644,33.398619],[126.459446,33.398426],[126.459669,33.397863],[126.459396,33.396482],[126.461487,33.395345],[126.462779,33.395085],[126.463482,33.395284],[126.465519,33.394289],[126.466574,33.394212],[126.46725,33.393523],[126.467441,33.392798],[126.470628,33.391703],[126.471209,33.391104],[126.472515,33.391224],[126.475978,33.388112],[126.476809,33.388303],[126.477658,33.387901],[126.478665,33.388433],[126.47941,33.38794],[126.480303,33.388184],[126.481164,33.387655],[126.482727,33.388468],[126.483428,33.387972],[126.484312,33.388655],[126.485593,33.38876],[126.486721,33.389629],[126.490285,33.389883],[126.493568,33.388907],[126.495856,33.38707],[126.503398,33.383299],[126.508797,33.382978],[126.509987,33.382557],[126.512467,33.380731],[126.515059,33.377841],[126.521662,33.373184],[126.523581,33.371265],[126.524282,33.370225],[126.524549,33.367788],[126.525003,33.366713],[126.525525,33.366061],[126.528743,33.363961],[126.529544,33.361593],[126.528133,33.36246],[126.526725,33.362641],[126.524552,33.362271],[126.522888,33.361272],[126.518927,33.360178],[126.517711,33.360119],[126.514277,33.361269],[126.51104,33.360942],[126.510111,33.36062],[126.508504,33.358935],[126.506595,33.357821],[126.502574,33.358958],[126.499554,33.359056],[126.49363,33.357213],[126.491257,33.355927],[126.490493,33.355846],[126.489641,33.354919],[126.487583,33.354814],[126.486482,33.356861],[126.484954,33.35758],[126.483655,33.35882],[126.482598,33.359042],[126.478537,33.357407],[126.474954,33.355118],[126.474328,33.356045],[126.472741,33.357276],[126.469997,33.357491],[126.467826,33.358796],[126.464079,33.358856],[126.462678,33.359475],[126.46111,33.359676],[126.460313,33.358818],[126.455917,33.358252],[126.451293,33.358397],[126.447693,33.359023],[126.445678,33.358662],[126.444227,33.357919],[126.439566,33.356515],[126.437332,33.354676],[126.437222,33.353044],[126.437691,33.352832],[126.437866,33.351389],[126.437524,33.351238],[126.438022,33.350306],[126.437798,33.348541],[126.436547,33.346438],[126.43381,33.344802],[126.433107,33.344809],[126.432069,33.342177],[126.43304,33.340649],[126.429497,33.340933],[126.428791,33.34133],[126.426035,33.340818],[126.425104,33.341287],[126.423069,33.341568],[126.419921,33.34111],[126.417372,33.342398],[126.414833,33.342029],[126.410241,33.342144],[126.410197,33.344747],[126.410525,33.345698],[126.409598,33.346077],[126.404804,33.345672],[126.402632,33.345887],[126.401554,33.345438],[126.398734,33.345142],[126.393093,33.34525],[126.390426,33.344588],[126.387818,33.345379],[126.386769,33.345064],[126.386036,33.345219],[126.385029,33.345875],[126.383533,33.345994],[126.382127,33.346559],[126.375122,33.346843],[126.368819,33.347943],[126.354521,33.353813],[126.348401,33.358279],[126.343789,33.359983],[126.340473,33.362343],[126.340046,33.363288],[126.339332,33.363945],[126.338425,33.363983],[126.335989,33.365723],[126.334001,33.36656],[126.33236,33.368609],[126.332217,33.369508],[126.3316,33.370029],[126.329702,33.370676],[126.328448,33.372968],[126.326817,33.374268],[126.32418,33.377723],[126.323082,33.378594],[126.323862,33.379797],[126.323542,33.381623],[126.323808,33.382217],[126.322938,33.382849],[126.322805,33.383612],[126.323085,33.384253],[126.322838,33.385527],[126.32335,33.386008],[126.32339,33.387405],[126.321859,33.389072],[126.317047,33.390382],[126.315873,33.392666],[126.314986,33.392624],[126.314627,33.392899],[126.314226,33.394316],[126.313687,33.395],[126.312835,33.395215],[126.312506,33.395613],[126.310989,33.39572],[126.309877,33.396563],[126.310182,33.398001],[126.309825,33.399369],[126.309931,33.400476],[126.308527,33.407127],[126.307921,33.408329],[126.307518,33.408303],[126.307086,33.407717],[126.306514,33.407865],[126.306201,33.408752],[126.306158,33.41083],[126.303561,33.413181],[126.303046,33.41523],[126.302023,33.417355],[126.302491,33.418495],[126.302591,33.420001],[126.303461,33.420957],[126.302912,33.423434],[126.303738,33.427322],[126.303529,33.427966],[126.302465,33.428383],[126.301499,33.429454],[126.301202,33.430999],[126.300048,33.432841],[126.300404,33.435693],[126.301238,33.43652],[126.300362,33.438556],[126.299204,33.439135],[126.298867,33.439791],[126.298969,33.44168],[126.299932,33.445109],[126.299223,33.446746],[126.297565,33.446895],[126.297533,33.446906],[126.297507,33.447018],[126.297523,33.447144],[126.29757,33.446913],[126.297888,33.446898],[126.297545,33.447267],[126.29791,33.446897],[126.29866,33.446882],[126.299911,33.447184],[126.300323,33.447666],[126.300216,33.448119],[126.300905,33.448881],[126.302019,33.448782],[126.302977,33.449541],[126.303059,33.45016],[126.305042,33.451192],[126.306278,33.452602],[126.306583,33.453688],[126.305861,33.453589],[126.305549,33.454285],[126.30623,33.454357],[126.306401,33.454101],[126.307388,33.454633],[126.307557,33.455315],[126.308287,33.455718],[126.308607,33.456546],[126.307906,33.457634],[126.308855,33.457606],[126.30868,33.458355],[126.309496,33.458521],[126.310544,33.459352],[126.310556,33.461916],[126.308711,33.462809],[126.308904,33.46374],[126.308206,33.466026],[126.309173,33.466593],[126.310205,33.46643],[126.310637,33.467417],[126.311402,33.468129],[126.312222,33.468052],[126.31269,33.468825],[126.313384,33.468795],[126.31364,33.46964],[126.313971,33.469254],[126.315349,33.46917],[126.316237,33.469491],[126.316419,33.468086],[126.317054,33.467533],[126.317651,33.467763],[126.320512,33.467308],[126.320725,33.467956],[126.32104,33.467677],[126.321343,33.468064],[126.321455,33.467868],[126.323998,33.468859],[126.325243,33.468601],[126.326306,33.46917],[126.327204,33.470223],[126.327405,33.469982],[126.32637,33.468853],[126.325079,33.468388],[126.324024,33.468676],[126.322522,33.468139],[126.322695,33.467814],[126.321958,33.467526],[126.321606,33.466723],[126.323376,33.466123],[126.323524,33.466508],[126.324422,33.466637],[126.324991,33.467684],[126.326206,33.467185],[126.325058,33.467301],[126.324939,33.467084],[126.326215,33.466129],[126.327719,33.466201],[126.32872,33.468101],[126.327728,33.468846],[126.328797,33.468216],[126.3301,33.46794],[126.331575,33.469357],[126.332036,33.469149],[126.332681,33.467514],[126.333766,33.466872],[126.335338,33.466577],[126.336568,33.467419],[126.33754,33.467289],[126.337597,33.468176],[126.337848,33.467969],[126.33765,33.467343],[126.33812,33.467278],[126.338198,33.467582],[126.337914,33.467667],[126.338854,33.467739],[126.33935,33.468265],[126.339761,33.469972],[126.34054,33.470771],[126.344695,33.47224],[126.346088,33.472219],[126.34712,33.473266],[126.346932,33.474325],[126.347361,33.474207],[126.34762,33.473558],[126.348719,33.473158],[126.349719,33.473048],[126.350537,33.473447],[126.350906,33.473343],[126.350943,33.473189],[126.350729,33.473339],[126.350371,33.473013],[126.351348,33.472752],[126.351948,33.473204],[126.352386,33.474222],[126.352395,33.474836],[126.352039,33.475081],[126.352403,33.475099],[126.35334,33.477581],[126.353881,33.477953],[126.356948,33.479269],[126.359565,33.479897],[126.364573,33.478446],[126.368827,33.478464],[126.370436,33.479463],[126.370272,33.479817],[126.370607,33.479672],[126.373347,33.481044],[126.373806,33.481928],[126.374877,33.482323],[126.37665,33.483856],[126.376178,33.484439],[126.376839,33.483785],[126.376876,33.484112],[126.377195,33.484244],[126.376897,33.483793],[126.377272,33.484111],[126.377218,33.484282],[126.376574,33.48484],[126.376095,33.484935],[126.37677,33.484873],[126.377387,33.484356],[126.379438,33.484186],[126.38028,33.484412],[126.3813,33.485269],[126.381641,33.485172],[126.381868,33.486307],[126.382915,33.487544],[126.385776,33.48908],[126.389273,33.489543],[126.390897,33.489361],[126.391404,33.488707],[126.391123,33.48834],[126.39157,33.487287],[126.392357,33.486608],[126.393478,33.486486],[126.392794,33.486297],[126.392358,33.486578],[126.392551,33.486317],[126.392245,33.486195],[126.392329,33.485839],[126.392766,33.48619],[126.392472,33.485896],[126.392673,33.485243],[126.39353,33.484966],[126.394438,33.484094],[126.397423,33.484107],[126.399791,33.482981],[126.400183,33.483508],[126.400787,33.483433],[126.4014,33.484013],[126.401246,33.484591],[126.401779,33.48502],[126.400837,33.485394],[126.402041,33.485471],[126.401849,33.485278],[126.402252,33.485294],[126.402074,33.485131],[126.40238,33.484915],[126.402698,33.485731],[126.403893,33.486026],[126.404498,33.485562],[126.405118,33.48429],[126.405084,33.484975],[126.405902,33.484827],[126.406184,33.485153],[126.407473,33.485176],[126.407924,33.485925],[126.40873,33.485929],[126.408839,33.486139],[126.40845,33.486361],[126.408096,33.486059],[126.408207,33.486247],[126.406548,33.486898],[126.40784,33.486429],[126.40792,33.487422],[126.407591,33.487917],[126.407843,33.488694],[126.408751,33.488563],[126.409866,33.489589],[126.411405,33.490078],[126.412824,33.489873],[126.413931,33.49033],[126.413909,33.489727],[126.413958,33.48951],[126.414208,33.490357],[126.415946,33.48979],[126.416715,33.489889],[126.418088,33.489134],[126.418976,33.489506],[126.41922,33.490469],[126.420721,33.49079]]]},"properties":{"AREA":202427000.0,"PERIMETER":80699.442694,"TEMP_":8,"TEMP_ID":0,"NAME":"애월읍","NO3-N":7}},{"type":"Feature","geometry":{"type":"Polygon","coordinates":[[[126.901733,33.482523],[126.901652,33.480916],[126.902104,33.480249],[126.902487,33.480226],[126.902456,33.481467],[126.902898,33.481473],[126.903061,33.480816],[126.904086,33.480533],[126.902896,33.480173],[126.903806,33.477922],[126.904798,33.478269],[126.905234,33.477882],[126.907432,33.478129],[126.907872,33.478784],[126.908501,33.479194],[126.907881,33.478751],[126.908023,33.47829],[126.909276,33.478957],[126.908706,33.479193],[126.909453,33.47947],[126.91098,33.475521],[126.911919,33.474797],[126.91162,33.474096],[126.911778,33.473672],[126.912171,33.473821],[126.912121,33.47331],[126.913837,33.472269],[126.914686,33.472695],[126.914601,33.473954],[126.915193,33.474682],[126.91382,33.474967],[126.913518,33.475685],[126.914062,33.475112],[126.917237,33.474601],[126.91711,33.474258],[126.916095,33.473977],[126.9156,33.474701],[126.914991,33.474073],[126.915058,33.473549],[126.915367,33.473849],[126.915656,33.473682],[126.915321,33.473144],[126.916166,33.472704],[126.916761,33.473043],[126.918592,33.4729],[126.918007,33.473841],[126.918452,33.474317],[126.918918,33.474031],[126.919458,33.474728],[126.920119,33.473265],[126.921206,33.473779],[126.9214,33.473224],[126.920917,33.472803],[126.920507,33.472934],[126.921268,33.471613],[126.920919,33.471465],[126.920985,33.471781],[126.920221,33.472138],[126.920795,33.471138],[126.919468,33.470632],[126.9192,33.470081],[126.919451,33.469782],[126.920136,33.47],[126.92039,33.469395],[126.921305,33.469764],[126.921611,33.470062],[126.921506,33.470475],[126.921898,33.470365],[126.922179,33.470685],[126.922561,33.470349],[126.925167,33.472137],[126.924405,33.472926],[126.925276,33.473486],[126.924541,33.472907],[126.925246,33.47219],[126.925753,33.472897],[126.925996,33.472717],[126.927092,33.47348],[126.927468,33.473932],[126.927572,33.475747],[126.927533,33.473867],[126.927174,33.47345],[126.922842,33.470449],[126.923736,33.470439],[126.923514,33.470123],[126.924009,33.47026],[126.92415,33.469894],[126.925217,33.469858],[126.924174,33.468866],[126.924316,33.468585],[126.921687,33.468708],[126.921327,33.467243],[126.921559,33.467026],[126.920979,33.465325],[126.919584,33.464719],[126.918629,33.464654],[126.918041,33.465056],[126.917113,33.464708],[126.916562,33.463638],[126.914868,33.462748],[126.91496,33.462544],[126.915764,33.462782],[126.916681,33.46171],[126.917658,33.462053],[126.917854,33.462422],[126.918199,33.4622],[126.918413,33.462421],[126.918916,33.461834],[126.919077,33.462158],[126.920742,33.462507],[126.920773,33.463081],[126.922079,33.463122],[126.921228,33.461654],[126.921836,33.46085],[126.921378,33.460555],[126.921794,33.459924],[126.921279,33.459124],[126.921475,33.458619],[126.922125,33.458707],[126.922432,33.45831],[126.922441,33.457052],[126.923356,33.455123],[126.927619,33.457199],[126.928783,33.45818],[126.929243,33.459866],[126.928947,33.460188],[126.928146,33.46003],[126.927865,33.460337],[126.928794,33.460653],[126.929478,33.461802],[126.931611,33.463115],[126.93248,33.464822],[126.932182,33.464966],[126.932413,33.465442],[126.930711,33.466092],[126.929158,33.467215],[126.929194,33.468056],[126.928283,33.469122],[126.929728,33.471934],[126.928666,33.472856],[126.92882,33.472997],[126.928286,33.473154],[126.928895,33.473078],[126.929963,33.472162],[126.933153,33.472199],[126.933456,33.472421],[126.933384,33.473398],[126.930458,33.473559],[126.935507,33.473599],[126.934892,33.471996],[126.934688,33.472054],[126.935236,33.473418],[126.933527,33.473329],[126.933532,33.472394],[126.933238,33.472177],[126.934752,33.471296],[126.935755,33.473641],[126.935689,33.477668],[126.935908,33.477671],[126.935916,33.473638],[126.934837,33.47127],[126.935604,33.469599],[126.936638,33.469316],[126.936494,33.468808],[126.937106,33.468393],[126.936403,33.466945],[126.93646,33.46423],[126.937271,33.463781],[126.937758,33.463996],[126.937653,33.464468],[126.938366,33.464497],[126.938481,33.463595],[126.939231,33.463418],[126.939424,33.462485],[126.938884,33.46259],[126.938921,33.461908],[126.9393,33.461619],[126.9431,33.461164],[126.944438,33.46053],[126.94551,33.459276],[126.945302,33.458177],[126.945662,33.457242],[126.946988,33.456776],[126.946632,33.456167],[126.945602,33.456396],[126.945227,33.45574],[126.944977,33.455888],[126.943764,33.4552],[126.941502,33.455261],[126.940042,33.456071],[126.939677,33.455893],[126.938503,33.456942],[126.937465,33.458787],[126.936102,33.45917],[126.935779,33.460288],[126.934208,33.460761],[126.931137,33.459643],[126.929346,33.458281],[126.928914,33.45699],[126.929757,33.456841],[126.930009,33.455976],[126.929098,33.454678],[126.928259,33.454433],[126.92785,33.453471],[126.926019,33.453262],[126.92542,33.452435],[126.924527,33.449896],[126.922835,33.449817],[126.922422,33.449188],[126.922253,33.447914],[126.922623,33.447084],[126.923542,33.447453],[126.923851,33.447144],[126.923559,33.446283],[126.922415,33.446062],[126.921898,33.445293],[126.921614,33.444334],[126.921729,33.443025],[126.922483,33.441942],[126.923229,33.442886],[126.923952,33.442903],[126.924302,33.443269],[126.924738,33.443221],[126.924986,33.442783],[126.924489,33.441945],[126.923891,33.441689],[126.923491,33.441873],[126.922937,33.441143],[126.922849,33.441596],[126.922449,33.441377],[126.922091,33.440068],[126.922682,33.438704],[126.923294,33.438366],[126.924162,33.436019],[126.92517,33.435053],[126.927133,33.434672],[126.927475,33.434079],[126.92801,33.434423],[126.927608,33.434761],[126.928019,33.434752],[126.928019,33.435106],[126.928576,33.434283],[126.929337,33.43486],[126.929563,33.433378],[126.930414,33.433131],[126.930878,33.433491],[126.931259,33.432954],[126.931824,33.433237],[126.931913,33.432638],[126.932827,33.432517],[126.933342,33.432127],[126.933539,33.431429],[126.934204,33.431792],[126.934315,33.430645],[126.936424,33.429703],[126.935791,33.428802],[126.93518,33.428733],[126.935323,33.428361],[126.934922,33.428571],[126.93429,33.428264],[126.934173,33.427787],[126.935077,33.426828],[126.933635,33.426967],[126.933179,33.426741],[126.931823,33.425123],[126.931433,33.424003],[126.931924,33.424066],[126.931153,33.423619],[126.931512,33.423015],[126.931203,33.422649],[126.931075,33.42305],[126.929422,33.422919],[126.928072,33.424149],[126.927242,33.424413],[126.926966,33.42422],[126.9258,33.425123],[126.925106,33.425024],[126.925389,33.425386],[126.925233,33.42589],[126.924515,33.425933],[126.924288,33.426358],[126.923017,33.426616],[126.922724,33.427012],[126.92335,33.428574],[126.924988,33.42854],[126.925673,33.42934],[126.925309,33.431408],[126.924705,33.432084],[126.92383,33.432253],[126.924166,33.432629],[126.923809,33.432837],[126.924243,33.432935],[126.923711,33.43359],[126.924229,33.433928],[126.923959,33.43435],[126.92196,33.434989],[126.919582,33.435191],[126.917019,33.43471],[126.916857,33.434151],[126.91651,33.434364],[126.916096,33.43416],[126.916098,33.432805],[126.915708,33.433066],[126.915388,33.432413],[126.91607,33.432277],[126.916221,33.432733],[126.916226,33.432193],[126.917165,33.431957],[126.916872,33.43161],[126.915668,33.431437],[126.916287,33.429659],[126.916175,33.429094],[126.916457,33.428705],[126.918637,33.428984],[126.916614,33.428659],[126.916837,33.427432],[126.918723,33.427304],[126.916833,33.427358],[126.91707,33.426836],[126.916812,33.426341],[126.915229,33.425148],[126.915202,33.424365],[126.914229,33.424073],[126.914089,33.423733],[126.914683,33.422537],[126.914315,33.421586],[126.91359,33.421053],[126.913787,33.420653],[126.912337,33.420397],[126.911593,33.419649],[126.911454,33.419058],[126.911929,33.418241],[126.911242,33.417989],[126.910921,33.415914],[126.911357,33.41447],[126.911782,33.414093],[126.911171,33.414053],[126.910906,33.413124],[126.910484,33.413291],[126.910323,33.413774],[126.909981,33.413747],[126.909995,33.412012],[126.909117,33.412518],[126.908967,33.412349],[126.909385,33.411946],[126.908394,33.412022],[126.908589,33.411195],[126.90834,33.410802],[126.908715,33.410799],[126.90836,33.410729],[126.908895,33.409846],[126.908477,33.409819],[126.908143,33.408262],[126.908307,33.406994],[126.907254,33.406286],[126.907654,33.406005],[126.906805,33.405937],[126.906706,33.405572],[126.906326,33.405689],[126.905692,33.404734],[126.905318,33.405099],[126.904775,33.404966],[126.904858,33.404777],[126.904715,33.404606],[126.904723,33.405024],[126.904414,33.404844],[126.903946,33.405054],[126.904589,33.405058],[126.904035,33.405116],[126.90377,33.404948],[126.903818,33.404697],[126.904318,33.404715],[126.904563,33.404639],[126.903748,33.404696],[126.9039,33.403788],[126.90285,33.403387],[126.90344,33.402219],[126.904234,33.402464],[126.903325,33.401929],[126.902746,33.401987],[126.903216,33.401202],[126.903439,33.401803],[126.905184,33.401876],[126.90572,33.402467],[126.905314,33.401801],[126.904371,33.401411],[126.904124,33.400712],[126.904632,33.400545],[126.904573,33.400046],[126.905006,33.399378],[126.907174,33.397973],[126.906554,33.397393],[126.906831,33.397093],[126.906421,33.396075],[126.907044,33.394458],[126.906064,33.393215],[126.906393,33.391543],[126.904205,33.390162],[126.903467,33.390169],[126.903185,33.390608],[126.902379,33.390496],[126.90078,33.389518],[126.900529,33.389006],[126.900106,33.389234],[126.899375,33.389005],[126.898094,33.388181],[126.895151,33.388467],[126.891461,33.387381],[126.889413,33.385912],[126.88953,33.385112],[126.888381,33.38519],[126.888782,33.384493],[126.888536,33.384362],[126.888318,33.384645],[126.887635,33.384335],[126.887269,33.384994],[126.886502,33.384708],[126.886528,33.38387],[126.886361,33.384308],[126.885308,33.384854],[126.884968,33.384585],[126.884837,33.384791],[126.884331,33.384646],[126.884552,33.384293],[126.884182,33.384581],[126.8837,33.384281],[126.884187,33.384019],[126.884075,33.383787],[126.883488,33.38397],[126.883545,33.383588],[126.882854,33.383919],[126.882809,33.382812],[126.882556,33.382969],[126.882431,33.382696],[126.882002,33.383382],[126.88141,33.38294],[126.88028,33.382732],[126.880168,33.382158],[126.880528,33.381824],[126.880912,33.381809],[126.880901,33.382291],[126.881164,33.382027],[126.882183,33.382019],[126.881049,33.381857],[126.881059,33.381242],[126.881634,33.380846],[126.881305,33.379907],[126.881685,33.379479],[126.880912,33.379239],[126.880539,33.378791],[126.880732,33.378699],[126.879543,33.378269],[126.878568,33.377361],[126.878529,33.3771],[126.879118,33.376721],[126.878298,33.376565],[126.875409,33.374375],[126.874803,33.374309],[126.874548,33.37395],[126.874798,33.373519],[126.873775,33.373378],[126.873382,33.372253],[126.872867,33.372067],[126.871928,33.372655],[126.870783,33.371964],[126.870994,33.371217],[126.870721,33.371045],[126.870978,33.370972],[126.871266,33.371375],[126.871589,33.371386],[126.871026,33.370967],[126.871654,33.370867],[126.871747,33.371079],[126.871311,33.371152],[126.871756,33.371116],[126.871745,33.371432],[126.871801,33.371098],[126.871693,33.37085],[126.872024,33.371162],[126.87266,33.371146],[126.872996,33.370512],[126.873029,33.368097],[126.871815,33.366791],[126.872594,33.365891],[126.871668,33.365888],[126.870549,33.366445],[126.869619,33.365498],[126.86875,33.365416],[126.86874,33.365072],[126.867355,33.363903],[126.867401,33.363367],[126.867724,33.363569],[126.867769,33.363522],[126.867412,33.363336],[126.867655,33.362602],[126.868044,33.362747],[126.867725,33.362521],[126.869145,33.361701],[126.868874,33.361286],[126.867502,33.361917],[126.867442,33.361309],[126.868029,33.358648],[126.868584,33.357599],[126.868671,33.355742],[126.86943,33.35536],[126.868715,33.355167],[126.867827,33.353353],[126.865958,33.35197],[126.864209,33.350095],[126.863365,33.348208],[126.86289,33.34784],[126.859901,33.34739],[126.859597,33.346733],[126.858949,33.34637],[126.858302,33.345102],[126.858898,33.344501],[126.858812,33.343526],[126.856595,33.342858],[126.856599,33.341797],[126.855357,33.340781],[126.855534,33.34024],[126.856722,33.340657],[126.855293,33.340117],[126.855437,33.339712],[126.855465,33.34006],[126.856803,33.340173],[126.856775,33.340463],[126.85697,33.340218],[126.858033,33.340831],[126.857016,33.340127],[126.855701,33.339732],[126.855871,33.33863],[126.856136,33.338488],[126.856241,33.338731],[126.856274,33.338464],[126.855872,33.338244],[126.855424,33.338615],[126.854661,33.338418],[126.854943,33.338719],[126.854537,33.339071],[126.852711,33.338687],[126.852075,33.338202],[126.852106,33.337699],[126.850656,33.337486],[126.850684,33.336831],[126.851471,33.336546],[126.85065,33.335628],[126.84922,33.337579],[126.849269,33.337128],[126.849035,33.337746],[126.849334,33.338743],[126.848878,33.3401],[126.847889,33.341568],[126.846092,33.342812],[126.845587,33.344141],[126.844478,33.345424],[126.843952,33.348195],[126.839999,33.352946],[126.839746,33.354454],[126.838064,33.355617],[126.837509,33.35734],[126.837039,33.357894],[126.834387,33.35929],[126.831097,33.360314],[126.828076,33.361879],[126.827772,33.362321],[126.825692,33.362921],[126.824615,33.363582],[126.820122,33.367569],[126.816509,33.369781],[126.816144,33.370831],[126.814898,33.372119],[126.814343,33.372247],[126.812583,33.371538],[126.812035,33.371602],[126.808002,33.373168],[126.805556,33.375563],[126.804841,33.376943],[126.803868,33.377564],[126.802937,33.377521],[126.802357,33.37992],[126.800403,33.382087],[126.801674,33.383677],[126.805751,33.385034],[126.806544,33.386424],[126.8061,33.387561],[126.806679,33.388133],[126.807966,33.388282],[126.808132,33.389263],[126.807528,33.390719],[126.807963,33.392453],[126.808865,33.394312],[126.810605,33.395496],[126.810559,33.396848],[126.811078,33.398161],[126.81207,33.399202],[126.813777,33.404167],[126.814996,33.40995],[126.816885,33.412004],[126.817637,33.414598],[126.817988,33.419662],[126.819325,33.423291],[126.820243,33.424662],[126.82038,33.427286],[126.821697,33.430617],[126.820635,33.431526],[126.815688,33.429413],[126.816132,33.435402],[126.815224,33.436206],[126.814751,33.437651],[126.812457,33.440456],[126.809053,33.440254],[126.807422,33.44048],[126.807985,33.442407],[126.807513,33.443398],[126.808197,33.444565],[126.811071,33.444992],[126.812992,33.445704],[126.814366,33.445296],[126.81509,33.446443],[126.817232,33.446755],[126.818115,33.447878],[126.822108,33.44672],[126.822463,33.447414],[126.822421,33.44838],[126.823719,33.45042],[126.824236,33.450529],[126.823945,33.453074],[126.829514,33.453709],[126.831123,33.454694],[126.831847,33.455702],[126.83494,33.456809],[126.836836,33.458312],[126.846395,33.462114],[126.851781,33.462585],[126.854634,33.463332],[126.856953,33.465721],[126.85693,33.466208],[126.85784,33.467091],[126.86172,33.468197],[126.866268,33.468619],[126.870292,33.472781],[126.871247,33.472317],[126.872007,33.472595],[126.872747,33.472344],[126.872534,33.474964],[126.874198,33.475644],[126.875346,33.475381],[126.876134,33.475686],[126.87734,33.475636],[126.878643,33.476656],[126.879607,33.476456],[126.881049,33.477369],[126.881522,33.477133],[126.882342,33.478689],[126.884492,33.480766],[126.885443,33.480551],[126.887889,33.478903],[126.888391,33.479175],[126.88888,33.480585],[126.889396,33.480923],[126.890269,33.480381],[126.890595,33.480966],[126.891876,33.481053],[126.892972,33.481799],[126.895159,33.481772],[126.896651,33.482276],[126.897027,33.482145],[126.897939,33.483117],[126.900593,33.482253],[126.901023,33.482663],[126.901733,33.482523]]]},"properties":{"AREA":108899000.0,"PERIMETER":89323.936838,"TEMP_":9,"TEMP_ID":0,"NAME":"성산읍","NO3-N":5}},{"type":"Feature","geometry":{"type":"Polygon","coordinates":[[[126.273217,33.434783],[126.274226,33.436559],[126.275386,33.437782],[126.275514,33.438682],[126.276349,33.439365],[126.276157,33.440717],[126.277296,33.440737],[126.277548,33.441108],[126.277382,33.441487],[126.27798,33.441552],[126.278223,33.442535],[126.277733,33.443451],[126.278073,33.443361],[126.278147,33.442711],[126.27866,33.44236],[126.278867,33.44376],[126.279139,33.443792],[126.278905,33.443725],[126.278932,33.442916],[126.279188,33.442967],[126.279326,33.44293],[126.279443,33.44284],[126.279133,33.442946],[126.278844,33.442622],[126.278937,33.442175],[126.279503,33.442722],[126.279648,33.442223],[126.281335,33.442193],[126.28168,33.442773],[126.2825,33.442634],[126.282255,33.442345],[126.282767,33.442409],[126.283273,33.442819],[126.284206,33.442792],[126.283737,33.443827],[126.283456,33.4438],[126.28481,33.444717],[126.286157,33.443903],[126.286898,33.444386],[126.288169,33.44385],[126.289114,33.442885],[126.289688,33.442802],[126.290749,33.443355],[126.290711,33.443966],[126.290734,33.44402],[126.290897,33.444088],[126.290777,33.443361],[126.291008,33.443313],[126.291173,33.443681],[126.29152,33.443683],[126.291059,33.444073],[126.291998,33.443404],[126.293164,33.443703],[126.293242,33.444409],[126.294623,33.445412],[126.293958,33.445794],[126.293673,33.446326],[126.294645,33.445452],[126.294818,33.446404],[126.296412,33.446284],[126.296714,33.447014],[126.29751,33.446426],[126.299009,33.446017],[126.299881,33.444922],[126.298969,33.44168],[126.298867,33.439791],[126.299204,33.439135],[126.300362,33.438556],[126.301238,33.43652],[126.300404,33.435693],[126.300048,33.432841],[126.301202,33.430999],[126.301499,33.429454],[126.302465,33.428383],[126.303529,33.427966],[126.303738,33.427322],[126.302912,33.423434],[126.303461,33.420957],[126.302528,33.419844],[126.302491,33.418495],[126.302005,33.417669],[126.302193,33.416683],[126.302952,33.415485],[126.303561,33.413181],[126.306158,33.41083],[126.306201,33.408752],[126.306514,33.407865],[126.307086,33.407717],[126.307518,33.408303],[126.307921,33.408329],[126.308527,33.407127],[126.309931,33.400476],[126.309825,33.399369],[126.310182,33.398001],[126.309877,33.396563],[126.310989,33.39572],[126.312506,33.395613],[126.312835,33.395215],[126.313687,33.395],[126.314226,33.394316],[126.314627,33.392899],[126.314986,33.392624],[126.315873,33.392666],[126.317047,33.390382],[126.321859,33.389072],[126.32339,33.387405],[126.32335,33.386008],[126.322838,33.385527],[126.323085,33.384253],[126.322805,33.383612],[126.322938,33.382849],[126.323808,33.382217],[126.323542,33.381623],[126.323862,33.379797],[126.323082,33.378594],[126.32418,33.377723],[126.326817,33.374268],[126.328448,33.372968],[126.329702,33.370676],[126.3316,33.370029],[126.332217,33.369508],[126.33236,33.368609],[126.334001,33.36656],[126.335989,33.365723],[126.338425,33.363983],[126.339332,33.363945],[126.340046,33.363288],[126.340473,33.362343],[126.343789,33.359983],[126.348401,33.358279],[126.354521,33.353813],[126.368819,33.347943],[126.375318,33.346844],[126.373929,33.345845],[126.371898,33.34513],[126.370477,33.343663],[126.37005,33.342586],[126.369073,33.341797],[126.367133,33.341212],[126.363705,33.341464],[126.362872,33.34169],[126.362546,33.342102],[126.361243,33.342191],[126.356235,33.341059],[126.351872,33.340914],[126.350319,33.341326],[126.349348,33.341151],[126.344687,33.34291],[126.341432,33.343841],[126.340203,33.343797],[126.339615,33.343505],[126.33955,33.341821],[126.337797,33.341016],[126.336995,33.340299],[126.335615,33.338386],[126.334907,33.336712],[126.332996,33.336087],[126.331884,33.334458],[126.331471,33.334179],[126.330833,33.334453],[126.330167,33.333632],[126.32912,33.333234],[126.326292,33.330303],[126.325074,33.32771],[126.32396,33.327251],[126.323738,33.327023],[126.324004,33.326651],[126.322841,33.325864],[126.321252,33.325775],[126.320458,33.326609],[126.318578,33.327383],[126.3118,33.326838],[126.310306,33.325788],[126.309257,33.325447],[126.305885,33.326606],[126.304154,33.325386],[126.303566,33.324203],[126.300096,33.322373],[126.296287,33.321831],[126.293647,33.324522],[126.293067,33.325645],[126.291127,33.326962],[126.289659,33.33077],[126.288697,33.335475],[126.286613,33.337185],[126.285039,33.33915],[126.284871,33.340795],[126.284191,33.340763],[126.283768,33.341189],[126.284005,33.342581],[126.283589,33.342811],[126.282761,33.345053],[126.280115,33.345399],[126.278739,33.346049],[126.278607,33.346527],[126.276888,33.346095],[126.276473,33.345609],[126.274201,33.344552],[126.272026,33.342785],[126.27151,33.339983],[126.270079,33.338273],[126.270166,33.33702],[126.26542,33.342069],[126.263626,33.34165],[126.263856,33.341848],[126.263627,33.342412],[126.262496,33.342723],[126.262217,33.343323],[126.262117,33.34281],[126.260969,33.343076],[126.260965,33.343574],[126.258708,33.34392],[126.259581,33.344167],[126.259309,33.344979],[126.258535,33.345031],[126.258521,33.344665],[126.257285,33.343969],[126.25634,33.342875],[126.25655,33.342294],[126.255043,33.343292],[126.2547,33.342589],[126.253853,33.342374],[126.252159,33.341166],[126.251686,33.341244],[126.250939,33.341684],[126.250649,33.34232],[126.250024,33.342525],[126.249774,33.3436],[126.248887,33.343936],[126.247765,33.345431],[126.247933,33.345779],[126.24745,33.347068],[126.246283,33.347748],[126.244898,33.346807],[126.244584,33.346926],[126.244072,33.346396],[126.24355,33.346347],[126.242101,33.344702],[126.240925,33.344478],[126.240347,33.343795],[126.23806,33.342878],[126.237975,33.343365],[126.238391,33.344064],[126.237489,33.345995],[126.237912,33.346339],[126.237043,33.346468],[126.237128,33.347585],[126.235845,33.348751],[126.23526,33.350596],[126.235479,33.351973],[126.234963,33.352178],[126.233299,33.351793],[126.231666,33.352998],[126.230741,33.352419],[126.230699,33.351962],[126.230074,33.351846],[126.22943,33.35288],[126.229521,33.353572],[126.22916,33.354533],[126.229591,33.355274],[126.229116,33.356848],[126.228127,33.357744],[126.22768,33.358739],[126.227859,33.360576],[126.227015,33.360651],[126.22715,33.361458],[126.225494,33.3627],[126.224843,33.364222],[126.224169,33.364609],[126.223729,33.36441],[126.223148,33.364777],[126.221378,33.36498],[126.21943,33.3659],[126.217758,33.366186],[126.217131,33.366771],[126.216103,33.367117],[126.21609,33.369474],[126.216447,33.370362],[126.215098,33.373698],[126.2153,33.374634],[126.212977,33.373844],[126.213868,33.377338],[126.214665,33.377874],[126.214872,33.378387],[126.216075,33.378624],[126.215081,33.379385],[126.216072,33.37879],[126.216261,33.378181],[126.21642,33.379109],[126.215983,33.379134],[126.21633,33.37933],[126.215759,33.380121],[126.213085,33.380964],[126.214778,33.380782],[126.214992,33.382141],[126.215708,33.382276],[126.216214,33.382983],[126.216052,33.383453],[126.216846,33.383971],[126.218366,33.383986],[126.218718,33.384484],[126.219431,33.384739],[126.219424,33.385439],[126.219782,33.385437],[126.22141,33.386844],[126.222313,33.388081],[126.221871,33.389557],[126.222653,33.390588],[126.22484,33.38967],[126.225682,33.389928],[126.226489,33.389773],[126.227484,33.390048],[126.227489,33.39043],[126.226806,33.390957],[126.228151,33.390322],[126.227873,33.389553],[126.228353,33.38946],[126.228809,33.390175],[126.228264,33.390257],[126.228499,33.390549],[126.228328,33.390881],[126.227789,33.390726],[126.228093,33.391016],[126.227478,33.391288],[126.22745,33.391881],[126.228348,33.391026],[126.228646,33.391272],[126.228962,33.391084],[126.229793,33.389357],[126.230239,33.389523],[126.230598,33.389165],[126.232172,33.389585],[126.233464,33.389173],[126.2347,33.389464],[126.235516,33.390323],[126.234721,33.391223],[126.234867,33.391973],[126.235599,33.392136],[126.237573,33.393476],[126.237514,33.394069],[126.238798,33.394816],[126.239484,33.394281],[126.239883,33.394859],[126.241578,33.395043],[126.242102,33.39602],[126.242044,33.39664],[126.242555,33.39708],[126.242294,33.397639],[126.243272,33.398585],[126.242899,33.398759],[126.243304,33.39859],[126.243251,33.398826],[126.243627,33.398635],[126.244015,33.398608],[126.244152,33.398713],[126.24351,33.399121],[126.243332,33.398956],[126.24347,33.399137],[126.243062,33.399397],[126.242419,33.39911],[126.241323,33.399165],[126.243075,33.399447],[126.244107,33.398924],[126.245308,33.399489],[126.245528,33.400178],[126.245804,33.399677],[126.246209,33.399606],[126.246522,33.399942],[126.24718,33.399917],[126.247636,33.400414],[126.249032,33.400415],[126.250196,33.401152],[126.250988,33.40222],[126.250814,33.402861],[126.251139,33.403353],[126.250677,33.403995],[126.251159,33.403398],[126.25158,33.40392],[126.25098,33.404232],[126.251737,33.404118],[126.250782,33.404729],[126.250557,33.404637],[126.250855,33.404297],[126.25055,33.404603],[126.250405,33.404406],[126.250567,33.404095],[126.249752,33.404055],[126.250365,33.404554],[126.249792,33.405512],[126.25121,33.40501],[126.252001,33.405784],[126.252389,33.407223],[126.251888,33.407742],[126.252495,33.408371],[126.252611,33.409161],[126.252956,33.409127],[126.253241,33.408489],[126.253488,33.408573],[126.253342,33.408951],[126.254175,33.408657],[126.253945,33.409123],[126.254182,33.409099],[126.254636,33.408756],[126.254699,33.408244],[126.256576,33.407853],[126.257327,33.407307],[126.256806,33.40825],[126.257622,33.409046],[126.258,33.408776],[126.258664,33.409341],[126.256995,33.411236],[126.253864,33.412618],[126.252976,33.415753],[126.253351,33.41577],[126.253853,33.413524],[126.255868,33.412678],[126.258487,33.415187],[126.259714,33.41573],[126.259832,33.415069],[126.256846,33.412146],[126.258812,33.411832],[126.258839,33.412495],[126.259654,33.412503],[126.260278,33.412909],[126.261365,33.414551],[126.261405,33.41571],[126.260295,33.416298],[126.26001,33.41691],[126.260978,33.416353],[126.261899,33.416504],[126.262412,33.415986],[126.262963,33.416435],[126.262406,33.418538],[126.26328,33.418927],[126.262947,33.419076],[126.263218,33.419139],[126.262994,33.419928],[126.262598,33.420172],[126.261518,33.419929],[126.26239,33.420561],[126.262122,33.42184],[126.261581,33.42166],[126.261357,33.421789],[126.262405,33.422268],[126.261931,33.422577],[126.26129,33.421785],[126.261906,33.422592],[126.260617,33.423145],[126.258947,33.422622],[126.258225,33.421524],[126.257938,33.420211],[126.258555,33.417949],[126.257674,33.417093],[126.252348,33.416921],[126.252285,33.417219],[126.257528,33.417293],[126.258184,33.417792],[126.258353,33.417959],[126.257759,33.419757],[126.258091,33.421668],[126.258976,33.42288],[126.260487,33.423241],[126.259944,33.424018],[126.259697,33.423757],[126.259215,33.423895],[126.259553,33.424353],[126.260277,33.424385],[126.260431,33.424044],[126.260118,33.424037],[126.260996,33.423705],[126.261676,33.422748],[126.262339,33.42246],[126.263652,33.422809],[126.263703,33.423489],[126.264085,33.423761],[126.263709,33.424086],[126.263713,33.424639],[126.264319,33.425109],[126.263889,33.425613],[126.26359,33.425252],[126.263312,33.425691],[126.263737,33.425902],[126.263798,33.426512],[126.263533,33.426645],[126.263823,33.427188],[126.263259,33.427746],[126.262667,33.427549],[126.263306,33.428213],[126.263853,33.427958],[126.263282,33.42874],[126.263118,33.428274],[126.263219,33.428792],[126.26219,33.42845],[126.261607,33.429326],[126.263017,33.429913],[126.263431,33.430993],[126.26218,33.432425],[126.262302,33.433291],[126.261812,33.434062],[126.262034,33.434672],[126.262639,33.434921],[126.263181,33.436323],[126.263748,33.436581],[126.264559,33.436016],[126.26808,33.436147],[126.269402,33.436616],[126.269781,33.437004],[126.269707,33.437485],[126.270563,33.437627],[126.271028,33.437336],[126.271622,33.437609],[126.271377,33.437087],[126.272357,33.435844],[126.272321,33.435038],[126.272542,33.435198],[126.272563,33.434834],[126.273217,33.434783]]]},"properties":{"AREA":90843400.0,"PERIMETER":72329.383221,"TEMP_":10,"TEMP_ID":0,"NAME":"한림읍","NO3-N":13}},{"type":"Feature","geometry":{"type":"Polygon","coordinates":[[[126.793245,33.441511],[126.796456,33.44026],[126.799312,33.439565],[126.801761,33.44062],[126.801732,33.442207],[126.806183,33.444114],[126.808197,33.444565],[126.807513,33.443398],[126.807985,33.442407],[126.807422,33.44048],[126.812684,33.440321],[126.814751,33.437651],[126.815224,33.436206],[126.816278,33.435117],[126.815688,33.429413],[126.820635,33.431526],[126.821697,33.430617],[126.82038,33.427286],[126.820243,33.424662],[126.819325,33.423291],[126.817988,33.419662],[126.817637,33.414598],[126.816885,33.412004],[126.814996,33.40995],[126.813777,33.404167],[126.81207,33.399202],[126.811078,33.398161],[126.810559,33.396848],[126.810605,33.395496],[126.808865,33.394312],[126.807963,33.392453],[126.807528,33.390719],[126.808132,33.389263],[126.807966,33.388282],[126.806679,33.388133],[126.8061,33.387561],[126.806544,33.386424],[126.805751,33.385034],[126.801674,33.383677],[126.800403,33.382087],[126.802357,33.37992],[126.802937,33.377521],[126.803868,33.377564],[126.804841,33.376943],[126.805556,33.375563],[126.808002,33.373168],[126.812035,33.371602],[126.812583,33.371538],[126.814343,33.372247],[126.814898,33.372119],[126.816144,33.370831],[126.816509,33.369781],[126.820122,33.367569],[126.824615,33.363582],[126.825692,33.362921],[126.827772,33.362321],[126.828076,33.361879],[126.831097,33.360314],[126.834387,33.35929],[126.837039,33.357894],[126.837509,33.35734],[126.838064,33.355617],[126.839746,33.354454],[126.839999,33.352946],[126.843952,33.348195],[126.844478,33.345424],[126.845587,33.344141],[126.846092,33.342812],[126.847889,33.341568],[126.849193,33.33948],[126.849334,33.338743],[126.849035,33.337746],[126.849476,33.336355],[126.849119,33.336169],[126.848863,33.335369],[126.848119,33.335645],[126.847889,33.336106],[126.846968,33.334586],[126.846501,33.334314],[126.846904,33.33328],[126.846138,33.333976],[126.844255,33.33322],[126.843899,33.332633],[126.844053,33.332015],[126.84323,33.331297],[126.842863,33.330336],[126.84319,33.328377],[126.843575,33.327735],[126.845164,33.327504],[126.845354,33.327159],[126.845832,33.327472],[126.845811,33.326474],[126.844968,33.325907],[126.845526,33.325464],[126.845561,33.325048],[126.846849,33.325387],[126.846732,33.327724],[126.846891,33.325405],[126.848438,33.325321],[126.848326,33.324917],[126.848753,33.324216],[126.847784,33.324151],[126.847462,33.323814],[126.847288,33.322682],[126.847642,33.321454],[126.84735,33.320527],[126.84599,33.320327],[126.845385,33.319579],[126.844241,33.319246],[126.843572,33.318371],[126.843184,33.316771],[126.842534,33.316068],[126.841405,33.315843],[126.840388,33.316069],[126.839962,33.315384],[126.83704,33.314403],[126.838212,33.31374],[126.837551,33.312376],[126.83464,33.311239],[126.834749,33.310162],[126.834556,33.311158],[126.832204,33.309815],[126.831127,33.309641],[126.829853,33.30709],[126.828072,33.306281],[126.822447,33.30547],[126.819685,33.307584],[126.817979,33.307163],[126.816268,33.307728],[126.815894,33.307075],[126.815225,33.307217],[126.814756,33.306938],[126.814991,33.306813],[126.814356,33.305823],[126.813058,33.306239],[126.811497,33.305532],[126.810618,33.305812],[126.811214,33.305132],[126.810535,33.303902],[126.807686,33.302411],[126.80662,33.303096],[126.805064,33.303002],[126.805125,33.303596],[126.805549,33.303756],[126.805623,33.303501],[126.806114,33.303876],[126.805867,33.304144],[126.805792,33.303847],[126.805459,33.305071],[126.805646,33.305884],[126.80463,33.304901],[126.803288,33.30447],[126.802779,33.303757],[126.802047,33.303547],[126.801422,33.303817],[126.801019,33.30362],[126.801055,33.303299],[126.79919,33.30337],[126.798291,33.302724],[126.793896,33.304834],[126.793578,33.304809],[126.79308,33.30388],[126.792031,33.303079],[126.790738,33.303862],[126.789244,33.303801],[126.789422,33.304134],[126.788548,33.304579],[126.788031,33.304474],[126.787677,33.303933],[126.787697,33.304363],[126.787151,33.304627],[126.787133,33.305225],[126.786518,33.306002],[126.785286,33.306243],[126.785132,33.30573],[126.784705,33.305617],[126.784282,33.30605],[126.782205,33.306445],[126.781825,33.306849],[126.781529,33.306701],[126.781217,33.307106],[126.779792,33.306872],[126.778413,33.307118],[126.777152,33.306878],[126.776738,33.306466],[126.774113,33.309781],[126.774331,33.310721],[126.77351,33.310902],[126.771134,33.310339],[126.770055,33.310724],[126.768203,33.313246],[126.765553,33.315552],[126.765289,33.315967],[126.76576,33.316826],[126.765462,33.317249],[126.76438,33.317845],[126.761603,33.318066],[126.76078,33.319575],[126.76117,33.320424],[126.760536,33.322487],[126.761276,33.323466],[126.761112,33.32377],[126.760259,33.323903],[126.758744,33.323284],[126.758584,33.32482],[126.758805,33.325638],[126.75741,33.327088],[126.7594,33.327859],[126.759327,33.329258],[126.759906,33.329985],[126.759672,33.331149],[126.76008,33.33167],[126.759613,33.332251],[126.759057,33.331771],[126.758457,33.332028],[126.758939,33.334018],[126.757812,33.336287],[126.756476,33.337265],[126.756253,33.33993],[126.753424,33.34097],[126.752056,33.342162],[126.750898,33.343937],[126.750786,33.34543],[126.749609,33.348002],[126.748387,33.349099],[126.747292,33.350785],[126.745558,33.35068],[126.741874,33.353271],[126.741563,33.354397],[126.742116,33.354924],[126.74127,33.356043],[126.741228,33.356589],[126.73903,33.358964],[126.737252,33.359954],[126.737159,33.360537],[126.737698,33.361849],[126.73608,33.362988],[126.73576,33.364142],[126.735102,33.364819],[126.731945,33.365827],[126.730524,33.36558],[126.728186,33.367946],[126.723145,33.369678],[126.7216,33.370455],[126.720761,33.371254],[126.719075,33.37109],[126.717523,33.371669],[126.716694,33.371507],[126.715791,33.372084],[126.713621,33.372124],[126.712992,33.372717],[126.713203,33.373245],[126.712729,33.373527],[126.711146,33.373345],[126.709255,33.374204],[126.708512,33.373718],[126.707607,33.373917],[126.707023,33.374384],[126.706296,33.374382],[126.701584,33.376445],[126.700802,33.376223],[126.69986,33.376432],[126.699133,33.376107],[126.697521,33.376771],[126.695954,33.375475],[126.69627,33.374668],[126.695485,33.374519],[126.693011,33.374808],[126.691777,33.375854],[126.689734,33.375849],[126.688771,33.376877],[126.687792,33.376472],[126.686991,33.377279],[126.685249,33.377284],[126.683486,33.37565],[126.681675,33.375535],[126.678159,33.37853],[126.675581,33.378599],[126.675581,33.379393],[126.675185,33.379607],[126.674823,33.379047],[126.674149,33.378947],[126.674093,33.381486],[126.673727,33.383271],[126.673276,33.383873],[126.673295,33.384956],[126.672053,33.385918],[126.671628,33.387177],[126.669772,33.387152],[126.66921,33.386646],[126.667833,33.387184],[126.666867,33.388442],[126.66583,33.388358],[126.662584,33.389146],[126.655881,33.391821],[126.652849,33.394995],[126.653123,33.395607],[126.652362,33.396597],[126.653783,33.397749],[126.65483,33.399564],[126.657214,33.399733],[126.658894,33.400462],[126.660523,33.401827],[126.661812,33.401996],[126.664311,33.401816],[126.667989,33.400102],[126.668741,33.400134],[126.672571,33.402947],[126.67548,33.404617],[126.680321,33.408652],[126.683034,33.410156],[126.687103,33.413758],[126.698995,33.419249],[126.709126,33.421896],[126.717295,33.421857],[126.722484,33.423185],[126.724299,33.424155],[126.727002,33.424403],[126.72919,33.425766],[126.731791,33.42671],[126.734306,33.42365],[126.739113,33.420863],[126.74084,33.420401],[126.750573,33.41939],[126.752893,33.419972],[126.7569,33.420227],[126.762278,33.421896],[126.769938,33.426133],[126.773078,33.428966],[126.775412,33.430361],[126.777847,33.432877],[126.778509,33.434],[126.782411,33.434416],[126.783131,33.434782],[126.786268,33.438391],[126.78788,33.440967],[126.788593,33.441469],[126.793245,33.441511]]]},"properties":{"AREA":136288000.0,"PERIMETER":67948.070016,"TEMP_":11,"TEMP_ID":0,"NAME":"표선면","NO3-N":5}},{"type":"Feature","geometry":{"type":"Polygon","coordinates":[[[126.631506,33.392909],[126.633399,33.394009],[126.633692,33.393353],[126.635293,33.392824],[126.635596,33.393105],[126.639192,33.393393],[126.641478,33.394155],[126.647959,33.394281],[126.649472,33.395278],[126.651737,33.394542],[126.652849,33.394995],[126.655881,33.391821],[126.662584,33.389146],[126.66583,33.388358],[126.666867,33.388442],[126.667833,33.387184],[126.66921,33.386646],[126.669772,33.387152],[126.671628,33.387177],[126.672053,33.385918],[126.673295,33.384956],[126.673276,33.383873],[126.673727,33.383271],[126.674093,33.381486],[126.674149,33.378947],[126.674823,33.379047],[126.675185,33.379607],[126.675581,33.379393],[126.675581,33.378599],[126.678159,33.37853],[126.681675,33.375535],[126.683486,33.37565],[126.685249,33.377284],[126.686991,33.377279],[126.687792,33.376472],[126.688771,33.376877],[126.689734,33.375849],[126.691777,33.375854],[126.693011,33.374808],[126.695485,33.374519],[126.69627,33.374668],[126.695954,33.375475],[126.697521,33.376771],[126.699133,33.376107],[126.69986,33.376432],[126.700802,33.376223],[126.701584,33.376445],[126.706296,33.374382],[126.707023,33.374384],[126.707607,33.373917],[126.708512,33.373718],[126.709255,33.374204],[126.711146,33.373345],[126.712729,33.373527],[126.713203,33.373245],[126.712992,33.372717],[126.713621,33.372124],[126.715791,33.372084],[126.716694,33.371507],[126.717523,33.371669],[126.719075,33.37109],[126.720761,33.371254],[126.7216,33.370455],[126.723145,33.369678],[126.728186,33.367946],[126.730524,33.36558],[126.731945,33.365827],[126.735102,33.364819],[126.73576,33.364142],[126.73608,33.362988],[126.737698,33.361849],[126.737159,33.360537],[126.737252,33.359954],[126.73903,33.358964],[126.741228,33.356589],[126.74127,33.356043],[126.742116,33.354924],[126.741563,33.354397],[126.741874,33.353271],[126.745558,33.35068],[126.747292,33.350785],[126.748387,33.349099],[126.749609,33.348002],[126.750786,33.34543],[126.750898,33.343937],[126.752056,33.342162],[126.753424,33.34097],[126.756253,33.33993],[126.756476,33.337265],[126.757812,33.336287],[126.758939,33.334018],[126.758457,33.332028],[126.759057,33.331771],[126.759613,33.332251],[126.76008,33.33167],[126.759672,33.331149],[126.759906,33.329985],[126.759327,33.329258],[126.7594,33.327859],[126.75741,33.327088],[126.758805,33.325638],[126.758584,33.32482],[126.758744,33.323284],[126.760259,33.323903],[126.761112,33.32377],[126.761276,33.323466],[126.760536,33.322487],[126.76117,33.320424],[126.76078,33.319575],[126.761603,33.318066],[126.76438,33.317845],[126.765462,33.317249],[126.76576,33.316826],[126.765289,33.315967],[126.765553,33.315552],[126.768203,33.313246],[126.770055,33.310724],[126.771134,33.310339],[126.77351,33.310902],[126.774331,33.310721],[126.774113,33.309781],[126.776675,33.306347],[126.775993,33.305463],[126.775955,33.306379],[126.773836,33.302164],[126.772037,33.300987],[126.769515,33.300495],[126.766918,33.299225],[126.766444,33.298816],[126.766449,33.297962],[126.765989,33.298514],[126.766601,33.297415],[126.767555,33.297733],[126.766818,33.296864],[126.765812,33.296748],[126.764968,33.295226],[126.764463,33.294942],[126.764453,33.293755],[126.763548,33.292533],[126.763695,33.29195],[126.762437,33.291668],[126.761255,33.292052],[126.760901,33.291167],[126.760385,33.291077],[126.761196,33.290828],[126.760749,33.290805],[126.759616,33.291337],[126.760542,33.290701],[126.760661,33.29033],[126.7594,33.291301],[126.756738,33.288144],[126.755779,33.288149],[126.754873,33.287317],[126.752992,33.287499],[126.752202,33.288918],[126.752677,33.289703],[126.752449,33.290117],[126.750801,33.287968],[126.751273,33.286659],[126.751365,33.284732],[126.75092,33.28644],[126.749551,33.287228],[126.749265,33.287039],[126.749067,33.28625],[126.749969,33.285243],[126.748917,33.283083],[126.748364,33.282942],[126.748392,33.282071],[126.747678,33.282417],[126.747327,33.282017],[126.747649,33.281336],[126.747155,33.28117],[126.746504,33.281491],[126.745901,33.281145],[126.745488,33.279691],[126.744763,33.279042],[126.742669,33.278505],[126.738878,33.278731],[126.738673,33.278921],[126.739357,33.279878],[126.739158,33.28036],[126.737727,33.279239],[126.737407,33.279835],[126.735569,33.281125],[126.73358,33.28192],[126.732435,33.281089],[126.732013,33.279724],[126.73135,33.279124],[126.729017,33.279082],[126.727252,33.280065],[126.728091,33.279348],[126.726414,33.279524],[126.724542,33.278905],[126.723745,33.279065],[126.722037,33.277525],[126.721441,33.277656],[126.720721,33.277323],[126.72,33.277942],[126.719076,33.27767],[126.719388,33.277307],[126.719531,33.276041],[126.719319,33.276001],[126.719281,33.276703],[126.718656,33.277503],[126.717335,33.276251],[126.717666,33.2759],[126.715559,33.276485],[126.713376,33.276293],[126.712855,33.276026],[126.712407,33.275141],[126.708557,33.274062],[126.705643,33.27363],[126.703744,33.272537],[126.702587,33.272448],[126.699142,33.270818],[126.693272,33.270549],[126.693015,33.270105],[126.692489,33.270316],[126.69175,33.270056],[126.691567,33.269488],[126.691437,33.269414],[126.691625,33.270264],[126.691266,33.270325],[126.691049,33.270287],[126.691342,33.270023],[126.690227,33.270176],[126.689523,33.269791],[126.686152,33.269376],[126.683234,33.269588],[126.682593,33.268827],[126.682215,33.269211],[126.682677,33.269752],[126.682289,33.270448],[126.681425,33.270529],[126.681324,33.270891],[126.678471,33.270747],[126.678109,33.269942],[126.678238,33.269169],[126.678722,33.268652],[126.678082,33.268375],[126.677974,33.267665],[126.677117,33.266909],[126.677,33.267422],[126.676523,33.267748],[126.676007,33.267839],[126.675515,33.267512],[126.675014,33.268004],[126.674051,33.267728],[126.673697,33.268262],[126.674016,33.268552],[126.673877,33.269195],[126.674358,33.26916],[126.674276,33.269531],[126.674168,33.269289],[126.674047,33.269645],[126.672794,33.269158],[126.672393,33.269625],[126.671914,33.269571],[126.670865,33.270881],[126.668832,33.2705],[126.668221,33.270055],[126.666839,33.270255],[126.665335,33.26993],[126.664857,33.270228],[126.663398,33.2682],[126.661795,33.267696],[126.661056,33.267075],[126.660782,33.267237],[126.660839,33.26766],[126.663073,33.268388],[126.664154,33.269841],[126.662702,33.27108],[126.663019,33.271481],[126.663542,33.271523],[126.662701,33.272189],[126.662066,33.271796],[126.66281,33.272806],[126.662213,33.273457],[126.662628,33.273678],[126.662006,33.27414],[126.659622,33.274223],[126.65818,33.273885],[126.657445,33.274314],[126.658352,33.273491],[126.658015,33.273685],[126.657855,33.273154],[126.658374,33.273343],[126.659255,33.270846],[126.659173,33.269748],[126.660962,33.268862],[126.660922,33.268434],[126.658959,33.269428],[126.658825,33.269822],[126.658662,33.269444],[126.658066,33.269729],[126.658629,33.268884],[126.658512,33.268553],[126.657567,33.268235],[126.657037,33.267606],[126.655953,33.269234],[126.654554,33.268503],[126.653595,33.268379],[126.653146,33.268907],[126.653257,33.27023],[126.65169,33.269184],[126.651684,33.267878],[126.65099,33.267008],[126.649742,33.268386],[126.649215,33.268587],[126.647805,33.268368],[126.646929,33.267254],[126.646045,33.267585],[126.645549,33.267109],[126.645193,33.267306],[126.643884,33.267001],[126.643463,33.26611],[126.643612,33.265757],[126.642244,33.265963],[126.641956,33.265782],[126.642217,33.265349],[126.641903,33.265731],[126.641189,33.264604],[126.641182,33.26382],[126.641497,33.263467],[126.641187,33.26362],[126.64109,33.263299],[126.641328,33.26298],[126.641494,33.263426],[126.64206,33.263328],[126.641444,33.262632],[126.642093,33.262783],[126.641815,33.262502],[126.642419,33.262053],[126.641772,33.261878],[126.640403,33.26232],[126.641018,33.260938],[126.639998,33.261376],[126.639629,33.260205],[126.639405,33.260326],[126.639688,33.259366],[126.640251,33.259049],[126.639545,33.259229],[126.639677,33.258643],[126.640342,33.25808],[126.640275,33.257147],[126.638842,33.257189],[126.637864,33.256625],[126.636471,33.257204],[126.635598,33.256379],[126.635039,33.256448],[126.634575,33.255548],[126.634211,33.255969],[126.633233,33.254318],[126.631876,33.254516],[126.632837,33.253973],[126.632751,33.253689],[126.631608,33.253542],[126.630709,33.254511],[126.628705,33.254381],[126.627995,33.253773],[126.6272,33.252232],[126.625795,33.251804],[126.624631,33.251937],[126.624384,33.252502],[126.623528,33.252679],[126.623115,33.253252],[126.622936,33.255126],[126.623875,33.257239],[126.624038,33.260379],[126.624862,33.262921],[126.624297,33.263751],[126.622616,33.264285],[126.621581,33.266097],[126.621697,33.2671],[126.623382,33.26838],[126.623647,33.269075],[126.622636,33.27022],[126.623066,33.272235],[126.622008,33.274336],[126.620756,33.275504],[126.620268,33.276507],[126.620572,33.277466],[126.620298,33.278613],[126.619032,33.278862],[126.617787,33.278549],[126.615102,33.2805],[126.614449,33.282258],[126.61474,33.283728],[126.614574,33.285266],[126.613842,33.285979],[126.612223,33.286327],[126.609532,33.285673],[126.608992,33.286454],[126.604553,33.288114],[126.603334,33.289773],[126.602934,33.2907],[126.603102,33.29137],[126.605215,33.293213],[126.605245,33.2963],[126.604567,33.297713],[126.601758,33.299689],[126.601947,33.301261],[126.601391,33.302343],[126.60145,33.304239],[126.601095,33.305946],[126.601515,33.307121],[126.60083,33.308461],[126.599628,33.309631],[126.599156,33.311576],[126.599588,33.312966],[126.600298,33.313448],[126.599945,33.314763],[126.598729,33.315541],[126.598396,33.31624],[126.596883,33.316543],[126.595353,33.317698],[126.594881,33.321225],[126.594108,33.322765],[126.592844,33.324159],[126.591929,33.324554],[126.591223,33.325623],[126.591051,33.327066],[126.590461,33.327153],[126.590319,33.327676],[126.588104,33.329938],[126.587792,33.331751],[126.587088,33.33268],[126.586038,33.335448],[126.58346,33.337663],[126.58,33.338955],[126.57704,33.339436],[126.575728,33.341203],[126.574768,33.342024],[126.573544,33.342522],[126.57211,33.344034],[126.569894,33.34518],[126.569519,33.345749],[126.566547,33.347627],[126.56407,33.348674],[126.563217,33.349612],[126.562613,33.351048],[126.561589,33.352137],[126.561282,33.35327],[126.559379,33.355949],[126.554926,33.358931],[126.54633,33.362181],[126.542376,33.363136],[126.539312,33.363429],[126.546364,33.369129],[126.551457,33.371827],[126.554344,33.371076],[126.559678,33.370912],[126.565956,33.371128],[126.570194,33.371706],[126.577431,33.37143],[126.583039,33.371827],[126.590437,33.373405],[126.595655,33.37656],[126.599784,33.378134],[126.601626,33.380243],[126.603088,33.380943],[126.606918,33.382013],[126.611804,33.382144],[126.614631,33.383182],[126.61765,33.383432],[126.620474,33.385074],[126.622661,33.384063],[126.624442,33.384755],[126.624835,33.387271],[126.626154,33.389834],[126.627687,33.391099],[126.628465,33.391342],[126.628939,33.391966],[126.631506,33.392909]]]},"properties":{"AREA":188768000.0,"PERIMETER":79340.311652,"TEMP_":12,"TEMP_ID":0,"NAME":"남원읍","NO3-N":9}},{"type":"Feature","geometry":{"type":"Polygon","coordinates":[[[126.195765,33.363793],[126.19656,33.364439],[126.196063,33.36484],[126.195638,33.364652],[126.196755,33.365702],[126.19768,33.365897],[126.199402,33.365501],[126.200364,33.366884],[126.19971,33.365575],[126.200037,33.364993],[126.201269,33.365826],[126.200931,33.366234],[126.201255,33.366316],[126.201327,33.365865],[126.202308,33.366751],[126.203126,33.368231],[126.204236,33.368477],[126.204458,33.368891],[126.205063,33.368659],[126.205492,33.369045],[126.205699,33.369981],[126.205369,33.371768],[126.206729,33.373034],[126.207628,33.373616],[126.208819,33.373756],[126.209627,33.374722],[126.210228,33.374586],[126.213323,33.375692],[126.213427,33.375064],[126.212977,33.373844],[126.2153,33.374634],[126.215098,33.373698],[126.216447,33.370362],[126.21609,33.369474],[126.216103,33.367117],[126.217131,33.366771],[126.217758,33.366186],[126.21943,33.3659],[126.222147,33.364729],[126.224493,33.364484],[126.225494,33.3627],[126.22715,33.361458],[126.227015,33.360651],[126.227859,33.360576],[126.22768,33.358739],[126.228127,33.357744],[126.229116,33.356848],[126.229591,33.355274],[126.22916,33.354533],[126.229521,33.353572],[126.22943,33.35288],[126.230074,33.351846],[126.230699,33.351962],[126.230741,33.352419],[126.231666,33.352998],[126.233299,33.351793],[126.234963,33.352178],[126.235479,33.351973],[126.23526,33.350596],[126.235845,33.348751],[126.237128,33.347585],[126.237043,33.346468],[126.237912,33.346339],[126.237489,33.345995],[126.238391,33.344064],[126.237975,33.343365],[126.23806,33.342878],[126.240347,33.343795],[126.240925,33.344478],[126.242101,33.344702],[126.24355,33.346347],[126.244072,33.346396],[126.244584,33.346926],[126.244898,33.346807],[126.246283,33.347748],[126.24745,33.347068],[126.247933,33.345779],[126.247765,33.345431],[126.248887,33.343936],[126.249774,33.3436],[126.250024,33.342525],[126.250649,33.34232],[126.250939,33.341684],[126.251686,33.341244],[126.252159,33.341166],[126.253853,33.342374],[126.2547,33.342589],[126.255043,33.343292],[126.25655,33.342294],[126.25634,33.342875],[126.257285,33.343969],[126.258521,33.344665],[126.258535,33.345031],[126.259309,33.344979],[126.259581,33.344167],[126.258708,33.34392],[126.260965,33.343574],[126.260969,33.343076],[126.262117,33.34281],[126.262217,33.343323],[126.262496,33.342723],[126.263627,33.342412],[126.263856,33.341848],[126.263626,33.34165],[126.26542,33.342069],[126.270166,33.33702],[126.270079,33.338273],[126.27151,33.339983],[126.272026,33.342785],[126.274201,33.344552],[126.276473,33.345609],[126.276888,33.346095],[126.278607,33.346527],[126.278739,33.346049],[126.280115,33.345399],[126.282821,33.345029],[126.283589,33.342811],[126.284005,33.342581],[126.283768,33.341189],[126.284191,33.340763],[126.284871,33.340795],[126.285039,33.33915],[126.286613,33.337185],[126.288697,33.335475],[126.289659,33.33077],[126.291127,33.326962],[126.293067,33.325645],[126.293647,33.324522],[126.296287,33.321831],[126.294263,33.316648],[126.292428,33.310452],[126.28711,33.306924],[126.287044,33.305952],[126.286158,33.304422],[126.285401,33.303927],[126.282371,33.303388],[126.280156,33.302059],[126.279654,33.301257],[126.279455,33.299857],[126.277786,33.298947],[126.274294,33.298102],[126.273572,33.29761],[126.270175,33.297414],[126.268167,33.296128],[126.267084,33.29631],[126.263927,33.295269],[126.263239,33.295463],[126.261344,33.2951],[126.259376,33.294181],[126.258503,33.294212],[126.255468,33.293213],[126.253275,33.2929],[126.251288,33.29133],[126.250677,33.290403],[126.249767,33.290479],[126.248297,33.28946],[126.247423,33.28927],[126.246754,33.28836],[126.244518,33.288492],[126.243942,33.285894],[126.242981,33.28424],[126.242794,33.283123],[126.243362,33.282102],[126.243154,33.281306],[126.243468,33.279521],[126.243068,33.277452],[126.244005,33.276016],[126.244689,33.273028],[126.242921,33.273769],[126.241881,33.274655],[126.238818,33.276302],[126.236131,33.279701],[126.232253,33.281962],[126.22995,33.284609],[126.222066,33.287198],[126.21157,33.292017],[126.206217,33.293494],[126.202376,33.295607],[126.194531,33.297452],[126.192047,33.298402],[126.191628,33.297023],[126.191709,33.293611],[126.188771,33.293278],[126.18819,33.292365],[126.186508,33.291976],[126.185834,33.291447],[126.185406,33.292092],[126.184015,33.292036],[126.183074,33.291615],[126.182245,33.290779],[126.181135,33.290644],[126.180527,33.290067],[126.177465,33.290866],[126.175594,33.290295],[126.174878,33.290789],[126.173805,33.289488],[126.171215,33.288554],[126.170541,33.286942],[126.172195,33.285746],[126.170143,33.283419],[126.168997,33.282667],[126.169149,33.281878],[126.168002,33.28316],[126.165829,33.284391],[126.163817,33.284049],[126.163241,33.285134],[126.162321,33.285335],[126.162244,33.289667],[126.161247,33.29053],[126.161134,33.292177],[126.160531,33.292603],[126.161453,33.293189],[126.162037,33.294962],[126.162688,33.295482],[126.162508,33.295852],[126.163864,33.296213],[126.165111,33.297213],[126.166494,33.297624],[126.167488,33.298762],[126.167082,33.301003],[126.165985,33.302167],[126.165038,33.304173],[126.165068,33.30471],[126.164065,33.305497],[126.163714,33.306791],[126.164008,33.308731],[126.16467,33.309779],[126.165264,33.310344],[126.164806,33.30977],[126.165149,33.309529],[126.164608,33.3096],[126.16467,33.309154],[126.166129,33.309616],[126.165523,33.311059],[126.165526,33.311895],[126.166917,33.314515],[126.166808,33.315691],[126.168358,33.316585],[126.168076,33.317236],[126.167338,33.317508],[126.167765,33.318526],[126.167147,33.319175],[126.167343,33.319755],[126.16628,33.321671],[126.16663,33.322941],[126.16614,33.323191],[126.167299,33.323275],[126.166609,33.323723],[126.166991,33.323686],[126.16679,33.324089],[126.166238,33.323909],[126.165795,33.323412],[126.165981,33.323207],[126.164847,33.323544],[126.164298,33.322939],[126.164716,33.323534],[126.163695,33.323811],[126.162699,33.324561],[126.163099,33.327028],[126.163476,33.32758],[126.162887,33.328843],[126.163823,33.328561],[126.164975,33.328672],[126.165526,33.329557],[126.165254,33.329954],[126.165768,33.331421],[126.165461,33.331885],[126.164517,33.331937],[126.164469,33.332466],[126.163665,33.333035],[126.16319,33.334021],[126.162588,33.333969],[126.162358,33.33433],[126.16336,33.334398],[126.163457,33.334936],[126.163022,33.335592],[126.164048,33.337088],[126.165726,33.337005],[126.165355,33.337481],[126.165343,33.338094],[126.165732,33.337744],[126.165917,33.338195],[126.165367,33.338199],[126.167085,33.33935],[126.167023,33.340041],[126.16618,33.341053],[126.166796,33.342414],[126.1672,33.342512],[126.167388,33.342074],[126.168344,33.341764],[126.168588,33.342065],[126.169556,33.34205],[126.16842,33.343108],[126.168872,33.344547],[126.169387,33.344899],[126.168769,33.344805],[126.169069,33.345183],[126.168814,33.345641],[126.169249,33.345875],[126.170485,33.345634],[126.170355,33.346052],[126.170768,33.346433],[126.17063,33.345934],[126.171348,33.346075],[126.171289,33.345526],[126.169777,33.345412],[126.169482,33.345056],[126.169651,33.344019],[126.169288,33.343759],[126.16958,33.343172],[126.169379,33.342705],[126.170231,33.343049],[126.1704,33.342771],[126.171329,33.342732],[126.171214,33.342236],[126.171924,33.342645],[126.171874,33.343355],[126.173424,33.343112],[126.173193,33.343964],[126.174284,33.343829],[126.174996,33.344172],[126.174483,33.344898],[126.17353,33.345294],[126.174777,33.345258],[126.175149,33.34565],[126.175945,33.344554],[126.176532,33.344452],[126.176821,33.345065],[126.178978,33.346083],[126.177767,33.347754],[126.177733,33.348478],[126.179041,33.346122],[126.179668,33.346626],[126.180206,33.346574],[126.180308,33.347279],[126.180859,33.347409],[126.180334,33.34854],[126.180655,33.348134],[126.181734,33.348161],[126.180975,33.348899],[126.180676,33.34884],[126.180827,33.349029],[126.180291,33.348715],[126.178699,33.349109],[126.18026,33.348753],[126.181228,33.349466],[126.180896,33.350809],[126.17987,33.351317],[126.179572,33.351911],[126.181405,33.352616],[126.181571,33.353681],[126.181904,33.353893],[126.181465,33.354326],[126.181724,33.354632],[126.179876,33.355036],[126.181536,33.355506],[126.181876,33.356644],[126.180879,33.356508],[126.180477,33.357145],[126.179029,33.356507],[126.179346,33.356884],[126.180651,33.357281],[126.18023,33.357594],[126.180635,33.357748],[126.180583,33.358176],[126.181025,33.358145],[126.181375,33.358668],[126.183825,33.358602],[126.183968,33.359395],[126.18351,33.359937],[126.18412,33.360737],[126.1846,33.360471],[126.184965,33.359641],[126.185573,33.359431],[126.186453,33.359664],[126.18594,33.36011],[126.186385,33.360776],[126.186971,33.360675],[126.186864,33.361142],[126.187361,33.361359],[126.187581,33.361965],[126.188358,33.361604],[126.1887,33.360915],[126.18939,33.360993],[126.189933,33.361566],[126.190237,33.362611],[126.191291,33.363229],[126.192274,33.363123],[126.193159,33.364119],[126.195765,33.363793]]]},"properties":{"AREA":79309400.0,"PERIMETER":58661.300517,"TEMP_":13,"TEMP_ID":0,"NAME":"한경면","NO3-N":15}},{"type":"Feature","geometry":{"type":"Polygon","coordinates":[[[126.53256,33.363166],[126.534405,33.363158],[126.536774,33.362085],[126.539312,33.363429],[126.542376,33.363136],[126.546604,33.362101],[126.554926,33.358931],[126.559379,33.355949],[126.561282,33.35327],[126.561589,33.352137],[126.562613,33.351048],[126.563217,33.349612],[126.56407,33.348674],[126.566547,33.347627],[126.569519,33.345749],[126.569894,33.34518],[126.57211,33.344034],[126.573544,33.342522],[126.574768,33.342024],[126.575728,33.341203],[126.57704,33.339436],[126.58,33.338955],[126.58346,33.337663],[126.586038,33.335448],[126.587088,33.33268],[126.587792,33.331751],[126.588104,33.329938],[126.590319,33.327676],[126.590461,33.327153],[126.591051,33.327066],[126.591223,33.325623],[126.591929,33.324554],[126.592844,33.324159],[126.594108,33.322765],[126.594881,33.321225],[126.595353,33.317698],[126.596883,33.316543],[126.598396,33.31624],[126.598729,33.315541],[126.599945,33.314763],[126.600298,33.313448],[126.599588,33.312966],[126.599156,33.311576],[126.599628,33.309631],[126.60083,33.308461],[126.601515,33.307121],[126.601095,33.305946],[126.60145,33.304239],[126.601391,33.302343],[126.601947,33.301261],[126.601758,33.299689],[126.604567,33.297713],[126.605245,33.2963],[126.605215,33.293213],[126.603102,33.29137],[126.602934,33.2907],[126.603334,33.289773],[126.604553,33.288114],[126.608992,33.286454],[126.609532,33.285673],[126.612223,33.286327],[126.614155,33.285736],[126.614574,33.285266],[126.61474,33.283728],[126.614449,33.282258],[126.615102,33.2805],[126.617787,33.278549],[126.619032,33.278862],[126.620298,33.278613],[126.620572,33.277466],[126.620268,33.276507],[126.620756,33.275504],[126.622008,33.274336],[126.623066,33.272235],[126.622636,33.27022],[126.623647,33.269075],[126.623382,33.26838],[126.621697,33.2671],[126.621541,33.266637],[126.622616,33.264285],[126.624297,33.263751],[126.624862,33.262921],[126.624038,33.260379],[126.623875,33.257239],[126.622936,33.255126],[126.622924,33.253145],[126.62371,33.252195],[126.621875,33.250254],[126.622032,33.249714],[126.621678,33.248407],[126.621334,33.248449],[126.621259,33.249339],[126.620731,33.249327],[126.620504,33.250295],[126.619736,33.249856],[126.61991,33.248648],[126.619037,33.247733],[126.619323,33.246762],[126.618957,33.245103],[126.619114,33.244312],[126.619737,33.244025],[126.617726,33.242225],[126.616383,33.241882],[126.616146,33.241428],[126.615673,33.241635],[126.610907,33.2408],[126.6089,33.239935],[126.608944,33.239223],[126.608168,33.238897],[126.608475,33.238304],[126.608191,33.23757],[126.608247,33.23818],[126.607832,33.238425],[126.608125,33.23865],[126.607906,33.239424],[126.607436,33.239258],[126.607951,33.238801],[126.607595,33.238728],[126.607555,33.238285],[126.607216,33.239052],[126.605086,33.239625],[126.603866,33.237496],[126.603058,33.238578],[126.602673,33.237798],[126.602279,33.237935],[126.602438,33.237448],[126.598611,33.235979],[126.596803,33.236714],[126.596612,33.236265],[126.596574,33.236531],[126.595419,33.236765],[126.594046,33.237681],[126.593256,33.237693],[126.592441,33.238731],[126.591367,33.239147],[126.592223,33.24106],[126.591298,33.241013],[126.589975,33.241534],[126.58954,33.242193],[126.589585,33.243191],[126.586768,33.243957],[126.586191,33.244508],[126.585352,33.244329],[126.584967,33.243673],[126.584132,33.244203],[126.582463,33.243896],[126.581934,33.242465],[126.579911,33.243592],[126.579965,33.243971],[126.580395,33.243991],[126.580155,33.244134],[126.579376,33.244225],[126.57934,33.243705],[126.578777,33.243698],[126.577835,33.244929],[126.57686,33.244847],[126.576732,33.244529],[126.575691,33.244617],[126.574496,33.243729],[126.571947,33.244417],[126.571603,33.244925],[126.571867,33.244408],[126.570042,33.243887],[126.570001,33.243013],[126.568662,33.243191],[126.567828,33.241599],[126.566405,33.240972],[126.569982,33.237305],[126.567877,33.235792],[126.566035,33.235505],[126.567819,33.236012],[126.56797,33.236272],[126.56735,33.236409],[126.56848,33.237231],[126.567415,33.238254],[126.565612,33.237677],[126.56474,33.238019],[126.564107,33.23921],[126.561748,33.239934],[126.560799,33.241188],[126.561812,33.243153],[126.561421,33.2433],[126.560801,33.242348],[126.561432,33.243401],[126.560796,33.244695],[126.559957,33.245408],[126.55878,33.245232],[126.557778,33.246154],[126.556626,33.246234],[126.556102,33.245947],[126.557677,33.246022],[126.55848,33.245073],[126.560367,33.244725],[126.560849,33.24317],[126.55904,33.241086],[126.558955,33.240714],[126.559197,33.240688],[126.559217,33.241104],[126.559557,33.241595],[126.558974,33.239212],[126.560247,33.237532],[126.563049,33.238353],[126.563064,33.238007],[126.564275,33.236883],[126.564115,33.235807],[126.564452,33.235164],[126.564176,33.23481],[126.565547,33.233177],[126.565378,33.233009],[126.563747,33.234725],[126.56222,33.234528],[126.559396,33.236387],[126.558571,33.236331],[126.559869,33.23731],[126.558032,33.239143],[126.557404,33.239329],[126.554995,33.238722],[126.552095,33.240258],[126.550857,33.241394],[126.549364,33.240875],[126.549405,33.240143],[126.548888,33.239552],[126.549277,33.239354],[126.548844,33.239167],[126.548283,33.239482],[126.54791,33.238952],[126.548223,33.238896],[126.547976,33.238617],[126.548373,33.238315],[126.547709,33.237686],[126.546693,33.238684],[126.54668,33.238346],[126.546271,33.238301],[126.546126,33.239086],[126.546765,33.2398],[126.545514,33.239513],[126.544815,33.239921],[126.544832,33.23934],[126.544534,33.239238],[126.545059,33.239039],[126.543536,33.238621],[126.54263,33.240043],[126.541974,33.240066],[126.540432,33.241612],[126.538931,33.241458],[126.534512,33.239508],[126.533292,33.239294],[126.528683,33.239495],[126.526552,33.240349],[126.526315,33.240844],[126.525811,33.240586],[126.522273,33.240785],[126.520893,33.241288],[126.519729,33.240526],[126.519521,33.240003],[126.520056,33.239336],[126.519422,33.238575],[126.518563,33.238365],[126.518083,33.237319],[126.516823,33.237181],[126.516917,33.237069],[126.516768,33.236852],[126.516413,33.237533],[126.515701,33.237176],[126.515862,33.237422],[126.51544,33.237385],[126.516042,33.236849],[126.515382,33.237334],[126.515298,33.235602],[126.513889,33.234689],[126.513727,33.233958],[126.508081,33.230723],[126.504704,33.231142],[126.504126,33.230539],[126.502376,33.231582],[126.500588,33.231047],[126.497838,33.233073],[126.496227,33.232862],[126.495154,33.231765],[126.49509,33.231296],[126.494184,33.230993],[126.493947,33.230605],[126.493293,33.232279],[126.491524,33.232759],[126.490905,33.2313],[126.489697,33.2315],[126.488773,33.230938],[126.488976,33.231485],[126.487535,33.231705],[126.486517,33.230998],[126.486699,33.230752],[126.487402,33.230933],[126.486959,33.230101],[126.486501,33.23034],[126.485763,33.230086],[126.485575,33.230319],[126.485188,33.230504],[126.485913,33.22953],[126.485598,33.229158],[126.485023,33.229152],[126.484897,33.228462],[126.483835,33.228488],[126.483147,33.228108],[126.483182,33.228532],[126.481535,33.228511],[126.480423,33.227798],[126.478709,33.22853],[126.475821,33.228324],[126.476139,33.227883],[126.475567,33.228018],[126.475592,33.22767],[126.475125,33.227404],[126.475524,33.227257],[126.475858,33.227752],[126.475749,33.227083],[126.476446,33.227048],[126.474786,33.226983],[126.473892,33.226722],[126.473435,33.226187],[126.473078,33.226736],[126.473213,33.226234],[126.472405,33.225548],[126.473187,33.224333],[126.472621,33.223527],[126.472218,33.223467],[126.471568,33.223827],[126.471126,33.224885],[126.470049,33.22616],[126.469739,33.227277],[126.467677,33.229803],[126.465554,33.231089],[126.462317,33.231872],[126.463161,33.233613],[126.462846,33.234411],[126.462487,33.23435],[126.462602,33.235126],[126.462154,33.236681],[126.46183,33.236744],[126.461927,33.237353],[126.460628,33.237984],[126.460747,33.238542],[126.460079,33.23924],[126.459173,33.239223],[126.459128,33.239532],[126.458001,33.240196],[126.457661,33.239855],[126.457278,33.241013],[126.456533,33.240073],[126.456082,33.23999],[126.45536,33.24015],[126.454589,33.241139],[126.454067,33.240766],[126.453548,33.241033],[126.453317,33.240619],[126.45284,33.241161],[126.452795,33.240576],[126.4519,33.241408],[126.44994,33.240993],[126.449275,33.240565],[126.449456,33.240336],[126.448999,33.239774],[126.447735,33.239162],[126.445966,33.238867],[126.445689,33.238325],[126.445432,33.238745],[126.445193,33.238563],[126.444105,33.238876],[126.442389,33.236951],[126.441131,33.237493],[126.440828,33.238251],[126.440249,33.237706],[126.439385,33.23824],[126.4393,33.237649],[126.438786,33.237291],[126.439209,33.238264],[126.438481,33.238585],[126.439232,33.238654],[126.439243,33.238896],[126.438548,33.239089],[126.438518,33.238734],[126.438161,33.239009],[126.438096,33.238423],[126.437348,33.23783],[126.438113,33.236948],[126.436371,33.236337],[126.435922,33.236643],[126.435095,33.236414],[126.434927,33.235725],[126.434049,33.23491],[126.433892,33.233828],[126.433404,33.233652],[126.432637,33.233795],[126.43152,33.235242],[126.430053,33.235979],[126.429346,33.236036],[126.429105,33.235349],[126.428939,33.235603],[126.428362,33.23536],[126.427678,33.235636],[126.426833,33.237123],[126.426345,33.237126],[126.425916,33.236269],[126.425663,33.236706],[126.425251,33.236574],[126.425166,33.23708],[126.424902,33.236935],[126.42491,33.237408],[126.424107,33.236931],[126.423763,33.238006],[126.423052,33.238007],[126.423253,33.238875],[126.422395,33.239046],[126.42229,33.239457],[126.421935,33.239443],[126.420703,33.240655],[126.420682,33.241215],[126.420157,33.241855],[126.418431,33.242959],[126.417196,33.242255],[126.416334,33.242149],[126.416315,33.242403],[126.418937,33.243294],[126.419156,33.244015],[126.418906,33.244163],[126.418642,33.24337],[126.418309,33.243502],[126.418634,33.24354],[126.418666,33.244102],[126.418282,33.244074],[126.418129,33.243476],[126.416662,33.243423],[126.416557,33.242803],[126.416028,33.243389],[126.415351,33.24331],[126.414563,33.24373],[126.414234,33.243428],[126.413987,33.244068],[126.412776,33.244754],[126.410594,33.244769],[126.407576,33.244198],[126.40694,33.243687],[126.405424,33.243234],[126.403335,33.243704],[126.402286,33.243185],[126.4016,33.242062],[126.400807,33.241477],[126.396688,33.240966],[126.394347,33.239081],[126.391739,33.238514],[126.389415,33.237272],[126.388818,33.236513],[126.386169,33.235378],[126.385286,33.234596],[126.385046,33.233479],[126.384675,33.233397],[126.384135,33.232549],[126.383781,33.233225],[126.382544,33.233175],[126.382399,33.233761],[126.381912,33.234018],[126.380204,33.234375],[126.379185,33.234163],[126.378605,33.232853],[126.378704,33.231683],[126.37912,33.231131],[126.378941,33.230982],[126.378335,33.23125],[126.377216,33.233037],[126.376085,33.233367],[126.375626,33.234059],[126.375134,33.233671],[126.375751,33.233604],[126.376377,33.232358],[126.375783,33.233234],[126.375073,33.233393],[126.372451,33.232708],[126.370164,33.231569],[126.36867,33.231779],[126.368152,33.23252],[126.368877,33.233776],[126.368259,33.23417],[126.368363,33.235492],[126.370125,33.236905],[126.370214,33.239573],[126.370853,33.240307],[126.371077,33.240896],[126.370878,33.241576],[126.371517,33.242291],[126.372637,33.244934],[126.372064,33.246959],[126.372671,33.248411],[126.3716,33.249223],[126.371793,33.251249],[126.37099,33.25307],[126.370006,33.253281],[126.36966,33.254195],[126.372387,33.256228],[126.372647,33.257589],[126.373017,33.257895],[126.372922,33.258875],[126.371799,33.259979],[126.372074,33.260473],[126.372011,33.261504],[126.371358,33.261802],[126.370745,33.261622],[126.370454,33.261921],[126.371032,33.263698],[126.372434,33.265251],[126.372189,33.267645],[126.373909,33.268982],[126.37213,33.270737],[126.371763,33.271955],[126.372422,33.272871],[126.372283,33.27341],[126.370488,33.274635],[126.369911,33.276053],[126.370007,33.2769],[126.369596,33.277405],[126.368932,33.277324],[126.368456,33.27762],[126.368961,33.278678],[126.370399,33.28005],[126.370727,33.281574],[126.371718,33.282475],[126.371428,33.283776],[126.371892,33.286692],[126.370999,33.28799],[126.373822,33.290913],[126.374544,33.292207],[126.374597,33.293069],[126.37536,33.293811],[126.375737,33.294861],[126.378018,33.298097],[126.379809,33.30182],[126.381887,33.303858],[126.384071,33.305291],[126.382643,33.302652],[126.382712,33.301766],[126.3851,33.299108],[126.387015,33.297667],[126.390626,33.29593],[126.393014,33.294052],[126.39636,33.29204],[126.396964,33.291784],[126.398584,33.292089],[126.4008,33.291324],[126.400811,33.29266],[126.401371,33.293761],[126.401463,33.29598],[126.401945,33.29681],[126.401679,33.297468],[126.402858,33.300021],[126.404962,33.302023],[126.404908,33.303275],[126.405686,33.304177],[126.406741,33.305124],[126.409345,33.304004],[126.412093,33.304275],[126.413189,33.304645],[126.413875,33.306544],[126.416359,33.3072],[126.41792,33.30799],[126.417958,33.308888],[126.417534,33.310003],[126.419307,33.311698],[126.423259,33.313818],[126.423426,33.315802],[126.424089,33.317092],[126.42322,33.32229],[126.423476,33.323799],[126.427108,33.328273],[126.426812,33.328681],[126.427117,33.329596],[126.426619,33.33021],[126.427341,33.331343],[126.427635,33.333582],[126.433207,33.335994],[126.433571,33.336712],[126.434723,33.337501],[126.435081,33.338294],[126.433458,33.339753],[126.432069,33.342177],[126.433107,33.344809],[126.43381,33.344802],[126.436547,33.346438],[126.437798,33.348541],[126.438022,33.350306],[126.437524,33.351238],[126.437866,33.351389],[126.437691,33.352832],[126.437222,33.353044],[126.437261,33.354406],[126.438632,33.355896],[126.439566,33.356515],[126.444227,33.357919],[126.445484,33.358621],[126.447693,33.359023],[126.451293,33.358397],[126.455917,33.358252],[126.460313,33.358818],[126.46111,33.359676],[126.462678,33.359475],[126.464079,33.358856],[126.467826,33.358796],[126.469997,33.357491],[126.472741,33.357276],[126.474328,33.356045],[126.474954,33.355118],[126.478537,33.357407],[126.481556,33.358555],[126.481822,33.358919],[126.483224,33.358976],[126.486916,33.356475],[126.487583,33.354814],[126.489641,33.354919],[126.490493,33.355846],[126.491257,33.355927],[126.49363,33.357213],[126.499158,33.358986],[126.502574,33.358958],[126.506595,33.357821],[126.507611,33.358264],[126.510644,33.360862],[126.514277,33.361269],[126.517711,33.360119],[126.518927,33.360178],[126.522191,33.361019],[126.525276,33.362455],[126.527695,33.362585],[126.529544,33.361593],[126.530402,33.362441],[126.53256,33.363166]]]},"properties":{"AREA":254063000.0,"PERIMETER":99331.044548,"TEMP_":14,"TEMP_ID":0,"NAME":"서귀포시 동지역","NO3-N":7}},{"type":"Feature","geometry":{"type":"Polygon","coordinates":[[[126.336995,33.340299],[126.33955,33.341821],[126.339654,33.343586],[126.341432,33.343841],[126.349348,33.341151],[126.350319,33.341326],[126.351872,33.340914],[126.356235,33.341059],[126.361243,33.342191],[126.362546,33.342102],[126.362872,33.34169],[126.363705,33.341464],[126.367133,33.341212],[126.368362,33.341439],[126.37005,33.342586],[126.370477,33.343663],[126.371898,33.34513],[126.373929,33.345845],[126.375318,33.346844],[126.376213,33.34692],[126.382127,33.346559],[126.383533,33.345994],[126.385029,33.345875],[126.386036,33.345219],[126.386769,33.345064],[126.387818,33.345379],[126.390426,33.344588],[126.393093,33.34525],[126.398734,33.345142],[126.401554,33.345438],[126.402632,33.345887],[126.404804,33.345672],[126.409598,33.346077],[126.410525,33.345698],[126.410197,33.344747],[126.410241,33.342144],[126.414833,33.342029],[126.417372,33.342398],[126.419921,33.34111],[126.423069,33.341568],[126.425104,33.341287],[126.426035,33.340818],[126.428791,33.34133],[126.429497,33.340933],[126.43304,33.340649],[126.433458,33.339753],[126.435081,33.338294],[126.434723,33.337501],[126.433571,33.336712],[126.433207,33.335994],[126.427635,33.333582],[126.427341,33.331343],[126.426619,33.33021],[126.427117,33.329596],[126.426812,33.328681],[126.427108,33.328273],[126.423476,33.323799],[126.42322,33.32229],[126.424089,33.317092],[126.423426,33.315802],[126.423259,33.313818],[126.419307,33.311698],[126.417534,33.310003],[126.417958,33.308888],[126.41792,33.30799],[126.416359,33.3072],[126.413875,33.306544],[126.413189,33.304645],[126.409345,33.304004],[126.406741,33.305124],[126.405686,33.304177],[126.404908,33.303275],[126.404962,33.302023],[126.402858,33.300021],[126.401679,33.297468],[126.401945,33.29681],[126.401463,33.29598],[126.401371,33.293761],[126.400811,33.29266],[126.4008,33.291324],[126.398584,33.292089],[126.396964,33.291784],[126.39636,33.29204],[126.393014,33.294052],[126.390626,33.29593],[126.387015,33.297667],[126.3851,33.299108],[126.382712,33.301766],[126.382643,33.302652],[126.384127,33.305018],[126.384071,33.305291],[126.381887,33.303858],[126.379809,33.30182],[126.378018,33.298097],[126.375737,33.294861],[126.37536,33.293811],[126.374597,33.293069],[126.374544,33.292207],[126.373822,33.290913],[126.370999,33.28799],[126.371892,33.286692],[126.371428,33.283776],[126.371718,33.282475],[126.370727,33.281574],[126.370399,33.28005],[126.368961,33.278678],[126.368456,33.27762],[126.368932,33.277324],[126.369596,33.277405],[126.370007,33.2769],[126.369911,33.276053],[126.370488,33.274635],[126.372283,33.27341],[126.372422,33.272871],[126.371763,33.271955],[126.37213,33.270737],[126.373909,33.268982],[126.372189,33.267645],[126.372434,33.265251],[126.371032,33.263698],[126.370454,33.261921],[126.370745,33.261622],[126.371358,33.261802],[126.372011,33.261504],[126.372074,33.260473],[126.371799,33.259979],[126.372922,33.258875],[126.373017,33.257895],[126.372647,33.257589],[126.372387,33.256228],[126.36966,33.254195],[126.370006,33.253281],[126.37099,33.25307],[126.371793,33.251249],[126.3716,33.249223],[126.372671,33.248411],[126.372064,33.246959],[126.372637,33.244934],[126.371517,33.242291],[126.370878,33.241576],[126.371077,33.240896],[126.370853,33.240307],[126.370214,33.239573],[126.370125,33.236905],[126.368363,33.235492],[126.368259,33.23417],[126.368877,33.233776],[126.368152,33.23252],[126.367972,33.232799],[126.367357,33.231971],[126.366364,33.2319],[126.36461,33.232615],[126.363791,33.2339],[126.363078,33.234116],[126.363186,33.234429],[126.362242,33.235324],[126.362195,33.235589],[126.362694,33.23573],[126.361508,33.236706],[126.361984,33.236539],[126.362448,33.236972],[126.361824,33.237238],[126.361095,33.236526],[126.36125,33.235888],[126.361734,33.235527],[126.361164,33.235712],[126.361015,33.236576],[126.360263,33.23649],[126.360113,33.235468],[126.360842,33.234876],[126.360605,33.23443],[126.359572,33.235073],[126.358116,33.234648],[126.358109,33.235163],[126.359044,33.235602],[126.358533,33.23556],[126.358948,33.236106],[126.357221,33.236785],[126.355496,33.236073],[126.355047,33.235578],[126.34969,33.234612],[126.348882,33.234865],[126.347268,33.236092],[126.346928,33.235865],[126.346966,33.236202],[126.34677,33.23595],[126.345857,33.236509],[126.344312,33.236458],[126.344094,33.237095],[126.344531,33.238442],[126.344247,33.23898],[126.344169,33.237689],[126.343864,33.237308],[126.344217,33.236193],[126.343609,33.235848],[126.341271,33.235888],[126.341252,33.235342],[126.339152,33.236317],[126.337236,33.235696],[126.336769,33.235019],[126.33373,33.234055],[126.333676,33.234485],[126.336344,33.235052],[126.336647,33.235566],[126.336659,33.236386],[126.336193,33.237123],[126.334091,33.236543],[126.333,33.236762],[126.334086,33.237225],[126.334138,33.236993],[126.335059,33.23708],[126.335284,33.238441],[126.334178,33.239484],[126.332983,33.240156],[126.330485,33.240676],[126.32733,33.240487],[126.327019,33.240268],[126.327144,33.239738],[126.326412,33.240329],[126.326079,33.240333],[126.326174,33.239971],[126.325651,33.240269],[126.325649,33.239836],[126.325219,33.240221],[126.325539,33.239415],[126.325319,33.239043],[126.324743,33.239386],[126.324451,33.238823],[126.324142,33.23962],[126.322782,33.23939],[126.319447,33.237924],[126.31607,33.235859],[126.315876,33.2354],[126.31525,33.235118],[126.315646,33.234334],[126.31485,33.232589],[126.315571,33.232241],[126.315353,33.231634],[126.314372,33.231426],[126.313822,33.232509],[126.313079,33.232684],[126.31171,33.232275],[126.310809,33.23144],[126.310856,33.230939],[126.310408,33.230932],[126.310569,33.230574],[126.31029,33.230695],[126.309982,33.229987],[126.309702,33.229968],[126.30997,33.229248],[126.309515,33.228782],[126.309935,33.228495],[126.309034,33.228271],[126.308686,33.227382],[126.306782,33.226835],[126.308184,33.227242],[126.308124,33.227404],[126.308299,33.227564],[126.308207,33.227248],[126.308603,33.227396],[126.308722,33.227936],[126.308492,33.228186],[126.3081,33.228022],[126.308051,33.227469],[126.308061,33.228005],[126.306565,33.228539],[126.305241,33.227975],[126.305829,33.226657],[126.305118,33.227969],[126.303815,33.227709],[126.303469,33.227245],[126.301412,33.22652],[126.299847,33.224435],[126.297328,33.222762],[126.297241,33.221485],[126.29678,33.221289],[126.296457,33.221633],[126.296123,33.220907],[126.295148,33.220267],[126.295038,33.219348],[126.296464,33.218759],[126.296199,33.218381],[126.296389,33.217688],[126.291651,33.218193],[126.291877,33.218865],[126.290672,33.219364],[126.290189,33.220196],[126.290484,33.22329],[126.289232,33.227072],[126.287807,33.228522],[126.286775,33.229032],[126.286489,33.229747],[126.284338,33.231817],[126.284206,33.232251],[126.284686,33.232478],[126.284118,33.233107],[126.285483,33.235085],[126.285553,33.235793],[126.284962,33.238778],[126.286801,33.241377],[126.290195,33.244239],[126.291082,33.246311],[126.290446,33.24647],[126.291575,33.247333],[126.294249,33.250367],[126.29346,33.250523],[126.29359,33.252339],[126.294049,33.252772],[126.294318,33.254337],[126.293902,33.254722],[126.294175,33.256196],[126.295321,33.256429],[126.295821,33.257963],[126.296587,33.258703],[126.295499,33.259012],[126.295978,33.260949],[126.29573,33.262074],[126.296268,33.262875],[126.296833,33.263028],[126.295823,33.264477],[126.295988,33.265106],[126.295196,33.265958],[126.296487,33.267146],[126.299038,33.270631],[126.30469,33.275076],[126.303222,33.277027],[126.302159,33.280479],[126.300705,33.281498],[126.29603,33.283556],[126.294659,33.28467],[126.293937,33.285793],[126.2942,33.286984],[126.293731,33.288779],[126.293882,33.290247],[126.293239,33.290583],[126.293002,33.292726],[126.293575,33.294709],[126.293321,33.296283],[126.289998,33.29736],[126.288758,33.298948],[126.283443,33.30134],[126.28212,33.3032],[126.285401,33.303927],[126.286158,33.304422],[126.287044,33.305952],[126.28711,33.306924],[126.292428,33.310452],[126.294263,33.316648],[126.296287,33.321831],[126.300096,33.322373],[126.303566,33.324203],[126.304154,33.325386],[126.305885,33.326606],[126.309257,33.325447],[126.310306,33.325788],[126.3118,33.326838],[126.318578,33.327383],[126.320458,33.326609],[126.321252,33.325775],[126.322841,33.325864],[126.324004,33.326651],[126.323738,33.327023],[126.32396,33.327251],[126.325074,33.32771],[126.326292,33.330303],[126.327117,33.331365],[126.32912,33.333234],[126.330167,33.333632],[126.330833,33.334453],[126.331471,33.334179],[126.331884,33.334458],[126.332996,33.336087],[126.334907,33.336712],[126.335615,33.338386],[126.336995,33.340299]]]},"properties":{"AREA":106453000.0,"PERIMETER":65918.552869,"TEMP_":15,"TEMP_ID":0,"NAME":"안덕면","NO3-N":11}},{"type":"Feature","geometry":{"type":"Polygon","coordinates":[[[126.28212,33.3032],[126.283443,33.30134],[126.288758,33.298948],[126.289998,33.29736],[126.293321,33.296283],[126.293575,33.294709],[126.293002,33.292726],[126.293239,33.290583],[126.293882,33.290247],[126.293731,33.288779],[126.2942,33.286984],[126.293937,33.285793],[126.294659,33.28467],[126.29603,33.283556],[126.300705,33.281498],[126.302159,33.280479],[126.303222,33.277027],[126.30469,33.275076],[126.299038,33.270631],[126.296487,33.267146],[126.295196,33.265958],[126.295988,33.265106],[126.295823,33.264477],[126.296833,33.263028],[126.296268,33.262875],[126.29573,33.262074],[126.295978,33.260949],[126.295499,33.259012],[126.296587,33.258703],[126.295821,33.257963],[126.295321,33.256429],[126.294175,33.256196],[126.293902,33.254722],[126.294318,33.254337],[126.294049,33.252772],[126.29359,33.252339],[126.29346,33.250523],[126.294249,33.250367],[126.291575,33.247333],[126.290446,33.24647],[126.291082,33.246311],[126.290195,33.244239],[126.286801,33.241377],[126.284962,33.238778],[126.285518,33.236377],[126.285483,33.235085],[126.284118,33.233107],[126.284686,33.232478],[126.284206,33.232251],[126.284642,33.231347],[126.286489,33.229747],[126.286775,33.229032],[126.288749,33.227699],[126.28966,33.226271],[126.290484,33.22329],[126.290189,33.220196],[126.290672,33.219364],[126.291877,33.218865],[126.291651,33.218193],[126.296194,33.217638],[126.295234,33.216886],[126.295129,33.214375],[126.294944,33.213951],[126.294562,33.213934],[126.29503,33.213785],[126.294845,33.213306],[126.29446,33.213333],[126.294223,33.212481],[126.293773,33.212459],[126.293452,33.211839],[126.293009,33.211966],[126.292786,33.211661],[126.292562,33.211101],[126.292997,33.210653],[126.292898,33.210291],[126.292313,33.210184],[126.292236,33.209262],[126.292478,33.209062],[126.292092,33.208604],[126.291962,33.207018],[126.290712,33.206242],[126.29136,33.205807],[126.290732,33.20615],[126.290407,33.20464],[126.290592,33.203957],[126.293088,33.202895],[126.293474,33.20247],[126.294081,33.199138],[126.29472,33.198541],[126.294937,33.197301],[126.294573,33.196648],[126.29388,33.196988],[126.291066,33.195265],[126.289537,33.195112],[126.287356,33.196579],[126.286753,33.197507],[126.286798,33.199671],[126.285995,33.200413],[126.284396,33.200959],[126.282564,33.200918],[126.27954,33.2001],[126.277358,33.200301],[126.27578,33.199408],[126.274833,33.198361],[126.27438,33.196659],[126.273502,33.19689],[126.27246,33.196678],[126.271961,33.196361],[126.271969,33.195893],[126.270601,33.195463],[126.268233,33.196253],[126.266844,33.197322],[126.264835,33.196834],[126.26506,33.19738],[126.265602,33.197121],[126.265808,33.197632],[126.26486,33.197432],[126.265227,33.19799],[126.26479,33.198374],[126.264484,33.198052],[126.264737,33.197735],[126.264272,33.197392],[126.263733,33.197662],[126.263531,33.198317],[126.262254,33.199467],[126.261965,33.20077],[126.262375,33.201424],[126.263356,33.201167],[126.263774,33.201374],[126.264048,33.202652],[126.263354,33.203731],[126.264689,33.20517],[126.264291,33.205802],[126.264111,33.207342],[126.263214,33.208409],[126.263005,33.2099],[126.261568,33.210888],[126.25992,33.211159],[126.259068,33.209703],[126.257508,33.211088],[126.256536,33.210723],[126.256785,33.209952],[126.256158,33.209677],[126.256588,33.21003],[126.256149,33.210454],[126.25581,33.210249],[126.25573,33.210784],[126.255319,33.21039],[126.256824,33.20747],[126.256451,33.207461],[126.255176,33.210148],[126.255161,33.209768],[126.254931,33.209905],[126.254993,33.210915],[126.255363,33.211003],[126.254627,33.210937],[126.254887,33.211989],[126.25311,33.213442],[126.252661,33.214288],[126.250137,33.213843],[126.252661,33.214353],[126.253163,33.216323],[126.252437,33.217413],[126.253313,33.219059],[126.253103,33.219592],[126.252089,33.219775],[126.250255,33.218066],[126.250163,33.217252],[126.251126,33.216929],[126.251213,33.21572],[126.250951,33.215723],[126.250824,33.21643],[126.249731,33.216537],[126.249412,33.217416],[126.249562,33.218559],[126.249939,33.218343],[126.250632,33.218665],[126.251163,33.219607],[126.250366,33.21982],[126.249776,33.21919],[126.25019,33.219787],[126.250365,33.21987],[126.250627,33.219859],[126.250656,33.220202],[126.25021,33.220302],[126.249674,33.21994],[126.249889,33.219476],[126.248916,33.219179],[126.248473,33.217623],[126.24786,33.217758],[126.247447,33.217046],[126.248911,33.215574],[126.249094,33.214772],[126.248832,33.21555],[126.247083,33.216933],[126.247908,33.218343],[126.248011,33.219103],[126.246846,33.219861],[126.246964,33.220748],[126.245872,33.221352],[126.244513,33.221283],[126.241182,33.22398],[126.241046,33.224975],[126.240324,33.225415],[126.240379,33.225677],[126.240626,33.225671],[126.240367,33.225434],[126.24085,33.225244],[126.240853,33.225386],[126.240687,33.225447],[126.24069,33.225553],[126.241586,33.225496],[126.241769,33.225761],[126.240908,33.227155],[126.241236,33.229031],[126.240203,33.229442],[126.238224,33.229082],[126.238018,33.229701],[126.238377,33.231371],[126.238056,33.2318],[126.237805,33.231472],[126.237833,33.23196],[126.237341,33.23114],[126.236489,33.231648],[126.236918,33.232649],[126.237462,33.232537],[126.235987,33.233946],[126.235791,33.234584],[126.236527,33.233961],[126.23575,33.235562],[126.234263,33.236328],[126.230888,33.236232],[126.228054,33.237194],[126.228459,33.23845],[126.227394,33.239481],[126.228213,33.240127],[126.22837,33.241243],[126.22744,33.239835],[126.227625,33.240724],[126.22619,33.240676],[126.225834,33.240171],[126.225157,33.24006],[126.224965,33.240197],[126.22528,33.241608],[126.224666,33.241739],[126.224648,33.241256],[126.223673,33.240792],[126.222204,33.241135],[126.221814,33.241821],[126.219695,33.243295],[126.21531,33.243456],[126.212001,33.242768],[126.208242,33.244531],[126.202586,33.246146],[126.200791,33.247359],[126.200524,33.248008],[126.199181,33.249079],[126.195273,33.251273],[126.195062,33.252166],[126.194331,33.252962],[126.193752,33.252822],[126.194092,33.253093],[126.192752,33.254403],[126.190209,33.255385],[126.187659,33.256895],[126.186613,33.25688],[126.186545,33.257297],[126.182888,33.259585],[126.181998,33.260862],[126.181187,33.261406],[126.181236,33.261781],[126.18057,33.262114],[126.181123,33.262862],[126.180153,33.265222],[126.180249,33.266155],[126.179138,33.266403],[126.179338,33.266565],[126.17887,33.266852],[126.179206,33.267466],[126.178941,33.268073],[126.175426,33.270461],[126.174735,33.271306],[126.173625,33.27159],[126.172911,33.272396],[126.17275,33.273072],[126.171772,33.273594],[126.172344,33.274507],[126.172306,33.274998],[126.170602,33.276251],[126.170699,33.276693],[126.170194,33.276266],[126.16907,33.276606],[126.169195,33.276857],[126.169273,33.276575],[126.169748,33.276699],[126.170073,33.276388],[126.170561,33.276785],[126.170185,33.277033],[126.169965,33.276754],[126.169931,33.277097],[126.169292,33.277001],[126.170038,33.277666],[126.170175,33.278605],[126.169681,33.278651],[126.16985,33.279334],[126.169373,33.280117],[126.168997,33.282667],[126.170143,33.283419],[126.172195,33.285746],[126.170541,33.286942],[126.171215,33.288554],[126.173805,33.289488],[126.174878,33.290789],[126.175594,33.290295],[126.177465,33.290866],[126.180527,33.290067],[126.181135,33.290644],[126.182245,33.290779],[126.183074,33.291615],[126.184015,33.292036],[126.185406,33.292092],[126.185834,33.291447],[126.186508,33.291976],[126.18819,33.292365],[126.188771,33.293278],[126.191709,33.293611],[126.191628,33.297023],[126.192047,33.298402],[126.194531,33.297452],[126.202376,33.295607],[126.206217,33.293494],[126.21157,33.292017],[126.222066,33.287198],[126.22995,33.284609],[126.232253,33.281962],[126.236131,33.279701],[126.238818,33.276302],[126.241881,33.274655],[126.242921,33.273769],[126.244689,33.273028],[126.244005,33.276016],[126.243068,33.277452],[126.243468,33.279521],[126.243154,33.281306],[126.243362,33.282102],[126.242794,33.283123],[126.242981,33.28424],[126.243942,33.285894],[126.244518,33.288492],[126.246754,33.28836],[126.247423,33.28927],[126.248297,33.28946],[126.249767,33.290479],[126.250677,33.290403],[126.251288,33.29133],[126.253275,33.2929],[126.255468,33.293213],[126.258503,33.294212],[126.259376,33.294181],[126.261344,33.2951],[126.263239,33.295463],[126.263927,33.295269],[126.267084,33.29631],[126.268167,33.296128],[126.270175,33.297414],[126.273572,33.29761],[126.274294,33.298102],[126.277786,33.298947],[126.279455,33.299857],[126.27999,33.3019],[126.28212,33.3032]]]},"properties":{"AREA":78051300.0,"PERIMETER":60139.521178,"TEMP_":16,"TEMP_ID":0,"NAME":"대정읍","NO3-N":16}}]}