permit_no,well_id,year,Jan,Feb,Mar,Apr,May,Jun,Jul,Aug,Sep,Oct,Nov,Dec,capacity_m3d,permit_m3m,remark,source
D199510018,F-084,2023,5317.2,5736.9,7603.9,7711.7,4134.4,4593.7,4492.9,7461.8,6830.6,7215.4,6285.9,6217.6,600,9030,3→4차 역행,사후관리DB(원본월별·5년이용량분석)
D199510019,F-085,2023,16903.6,16027.0,17099.4,10311.7,7831.1,7858.2,7545.4,8782.4,8711.5,8579.0,9077.8,8040.6,750,15120,3→4차 역행,사후관리DB(원본월별·5년이용량분석)
D199510020,F-087,2023,2425.0,3110.6,3006.5,3930.9,3657.3,3572.4,3631.1,3900.1,3768.8,3513.7,3960.8,4304.4,750,6390,3→4차 역행,사후관리DB(원본월별·5년이용량분석)
D199510021,F-086,2023,9626.0,11702.9,9927.4,12696.6,13897.8,14085.5,14964.5,12367.6,12326.2,11590.6,13085.6,11648.8,700,16920,,사후관리DB(원본월별·5년이용량분석)
D199510022,D-288,2023,13774.6,9213.2,14357.4,18946.4,19794.7,19700.5,19090.0,20830.0,21314.1,19240.9,19777.7,16723.0,800,18210,2→3차 역행,사후관리DB(원본월별·5년이용량분석)
D199510023,D-287,2023,7641.7,9750.9,13221.1,16696.5,13293.8,13733.8,14609.7,10029.2,9848.6,8169.8,13428.6,12386.5,800,23670,3→4차 역행,사후관리DB(원본월별·5년이용량분석)
D199520015,F-088,2023,9314.0,9885.0,11318.0,13698.0,11977.0,12564.0,9407.0,17123.0,13270.0,14512.0,10653.0,6985.0,500,15000,,
D199520016,D-291,2023,6815.0,7257.0,7055.0,10440.0,9855.0,8883.0,8574.0,7458.0,11491.0,10264.0,11440.0,6081.0,500,15000,,
D199520017,D-293,2023,19773.0,23589.0,23533.0,6147.0,6290.0,6038.0,5065.0,5697.0,6528.0,7453.0,8481.0,6419.0,700,21000,,
D199520018,D-292,2023,6998.0,7666.0,10290.0,12232.0,10574.0,11192.0,8670.0,11467.0,10251.0,10170.0,9197.0,6379.0,600,18000,,
D199520019,D-289,2023,3069.0,3745.0,7333.0,8248.0,7852.0,8491.0,6062.0,9751.0,5091.0,4646.0,3738.0,2581.0,500,15000,,
D199520020,D-290,2023,1349.0,1406.0,2253.0,2248.0,2173.0,2595.0,1712.0,2981.0,2708.0,3254.0,2919.0,1836.0,500,15000,,
D199530039,96조천1,2023,1479.8,2073.8,2856.2,2382.2,2347.2,2491.3,709.3,675.1,2908.4,6663.5,2751.9,1083.9,800,22800,3→4차 역행,사후관리DB(원본월별·5년이용량분석)
D199530042,D-294,2023,9744.1,9776.8,10426.4,12314.1,11906.4,13071.9,11130.2,11340.7,11964.4,11963.7,7863.6,7569.6,800,24000,3→4차 역행,사후관리DB(원본월별·5년이용량분석)
D199530043,F-080,2023,3.4,3.4,3.0,0,0,0,62.2,399.7,250.2,200.5,753.8,87.5,700,19950,3→4차 역행,사후관리DB(원본월별·5년이용량분석)
D199530045,F-089,2023,488.1,315.8,925.9,179.7,0,2078,0,1355.9,977.0,1422.4,825.6,823.1,650,22800,3→4차 역행,사후관리DB(원본월별·5년이용량분석)
D199530046,F-090,2023,3232.3,2920.3,2818.8,3310.9,2996.2,3256.0,3169.6,3169.6,6613.2,12081.1,16088.1,3704.0,800,22800,오타 자동보정 (옵션A); 2→3차 역행,사후관리DB(원본월별·5년이용량분석)
D199530047,F-091,2023,881.9,2095.1,1201.0,1978.1,1970.8,1920.7,1265.3,1895.6,1729.2,2040.8,1845.3,638.2,700,13680,3→4차 역행,사후관리DB(원본월별·5년이용량분석)
D199530048,F-092,2023,9365.8,7622.6,7980.9,4278.2,1097.8,9463.1,10394.9,10328.6,13931.2,10560.2,13317.2,625.3,1000,20460,3→4차 역행,사후관리DB(원본월별·5년이용량분석)
D199530049,F-093,2023,5749.9,5599.8,5389.4,6103.1,6309.8,5883.4,4006.6,4121.0,6159.8,7805.1,9468.4,4384.5,1000,19410,2→3차 역행,사후관리DB(원본월별·5년이용량분석)
D199530050,F-094,2023,4999.3,4234.3,4880.3,7949.8,8561.3,9108.5,8006.8,10449.6,8904.5,9626.7,11614.6,2496.2,700,16260,,사후관리DB(원본월별·5년이용량분석)
D199530051,F-095,2023,1920.0,1796.8,2718.6,3703.3,4344.2,4030.5,5460.6,4950.6,5756.4,5005.4,4688.2,2631.3,800,19800,3→4차 역행,사후관리DB(원본월별·5년이용량분석)
D199530052,F-096,2023,1183.9,1661.3,2133.6,3356.7,4644.8,4896.0,6168.7,7470.2,8303.3,10051.0,12876.5,2826.9,650,19000,,사후관리DB(원본월별·5년이용량분석)
D199530053,D-300,2023,0.7,0.7,0.6,0.3,0.3,0.3,0.6,0.6,0.6,1.6,1.7,1.7,800,22800,3→4차 역행,사후관리DB(원본월별·5년이용량분석)
D199530054,D-301,2023,3272.4,4058.1,5799.7,6662.6,6914.7,6388.5,2212.4,3961.3,5986.0,10761.7,12846.0,7826.3,600,17040,2→3차 역행,사후관리DB(원본월별·5년이용량분석)
D199530055,D-303,2023,15948.4,15614.3,15337.0,15911.7,14234.3,11643.6,15739.4,17497.4,14046.3,9331.9,12245.7,10053.2,600,17100,,사후관리DB(원본월별·5년이용량분석)
D199530056,D-304,2023,0,0,0,0,0,0,0,0,0,0,0,0,900,27000,"3→4차 역행(-251560), Period 무효",사후관리DB(원본월별·5년이용량분석)
D199530057,D-305,2023,10487.9,13191.8,12207.3,17473.2,16629.0,10948.9,10736.9,10835.7,13395.1,10919.2,10907.7,3661.3,600,12210,3→4차 역행,사후관리DB(원본월별·5년이용량분석)
D199530058,D-302,2023,1950.2,2808.8,3448.4,6019.0,7457.0,6517.7,5768.6,5958,7502.4,6660.6,7305.7,5187.8,700,14880,2→3차 역행,사후관리DB(원본월별·5년이용량분석)
D199530059,D-298,2023,6600.5,7542.6,7858.5,11653.7,11874.6,13253.0,13917.8,15545.9,18708.3,25003.5,27582.5,28019.4,700,10380,전년 자료 없음 — 외삽; 2→4차 역행; 2→4차 역행,사후관리DB(원본월별·5년이용량분석)
D199530060,D-299,2023,11340.2,11180.9,10976.5,14181.2,15166.9,15075.1,12328.1,15047.8,19672.6,18417.0,21111.2,14121.9,900,16680,오타 자동보정 (옵션A); 2→3차 역행,사후관리DB(원본월별·5년이용량분석)
D199530061,96조천2,2023,23546.9,24305.7,22965.9,27893.9,27765.6,30245.7,28695.4,30901.6,31435.7,31783.4,34312.1,28693.7,800,17280,전년 자료 없음 — 외삽; 3→4차 역행,사후관리DB(원본월별·5년이용량분석)
D199540104,D-306,2023,5333.0,5041.0,5760.0,8050.0,7071.0,8244.0,7809.0,9037.0,9542.0,7993.0,8271.0,6361.0,800,7890,,
D199540105,D-307,2023,5565.0,6015.0,8084.0,12511.0,9570.0,13254.0,10028.0,14590.0,10367.0,8954.0,6941.0,4731.0,800,9240,,
D199540106,D-308,2023,1374.0,1622.0,4183.0,5873.0,5398.0,5848.0,2627.0,7060.0,5420.0,4348.0,4758.0,2744.0,700,3960,,
D199540107,D-309,2023,9781.0,10402.0,10653.0,14040.0,13239.0,16724.0,14516.0,15082.0,14899.0,12097.0,12305.0,10003.0,900,4200,,
D199540109,F-102,2023,21988.0,23420.0,21081.0,28049.0,23146.0,28090.0,20964.0,20702.0,22579.0,21674.0,19959.0,15906.0,800,11910,,
D199540110,F-103,2023,48.0,48.0,43.0,46.0,270.0,1844.0,14.0,0.0,642.0,0.0,0.0,0.0,700,22800,,
D199540111,D-316,2023,12842.0,12076.0,12745.0,17994.0,18076.0,21215.0,19449.0,21989.0,20414.0,18566.0,19318.0,18557.0,700,600,,
D199540112,F-104,2023,6176.0,6098.0,4179.0,7957.0,8529.0,7613.0,9683.0,10376.0,11374.0,9848.0,8853.0,7124.0,800,13170,,
D199540113,D-313,2023,1928.0,2520.0,2527.0,2745.0,4275.0,4505.0,4533.0,4574.0,4404.0,3921.0,4549.0,4237.0,700,14850,,
D199540114,F-098,2023,3327.0,3318.0,3161.0,3523.0,3400.0,3190.0,2902.0,2848.0,2550.0,4504.0,15492.0,2335.0,800,20910,,
D199540115,F-097,2023,818.0,258.0,0.0,491.0,218.0,9.0,2.0,0.0,104.0,8045.0,24794.0,737.0,800,19410,,
D199540116,D-315,2023,3393.0,3416.0,3764.0,4403.0,4452.0,3017.0,3090.0,2388.0,4343.0,10207.0,15287.0,2879.0,700,9540,,
D199540117,F-100,2023,21474.0,24404.0,24078.0,26912.0,25665.0,26789.0,27007.0,28310.0,28301.0,26382.0,26267.0,26423.0,1000,12030,,
D199540118,F-101,2023,5665.0,6791.0,5607.0,7900.0,7374.0,7964.0,6422.0,6885.0,8433.0,7253.0,11348.0,7380.0,800,7950,,
D199540119,F-099,2023,12.0,220.0,108.0,11381.0,4735.0,7297.0,7848.0,21632.0,8150.0,7161.0,4997.0,3838.0,800,10410,,
D199540120,D-312,2023,1804.0,936.0,2172.0,577.0,1082.0,533.0,21.0,198.0,1550.0,18766.0,7282.0,1500.0,700,19950,,
D199540121,D-314,2023,5069.0,5487.0,5830.0,12301.0,10109.0,8233.0,10312.0,7875.0,11698.0,9492.0,11500.0,7377.0,700,4380,,
D199540122,D-310,2023,19293.0,20378.0,22344.0,29450.0,26377.0,26288.0,25239.0,25266.0,27334.0,23442.0,25866.0,19373.0,950,22620,,
D199610004,F-105,2023,0,17373.1,15746.1,18025.6,17296.2,17937.2,17452.7,18022.8,18050.5,17678.2,18329.3,18278.5,800,18000,2→3차 역행,사후관리DB(원본월별·5년이용량분석)
D199610005,F-108,2023,10012.0,10076.4,10826.5,12826.4,14534.7,15408.4,11912.0,14171.2,12796.5,13895.1,7193.7,4325.7,700,21000,2→3차 역행,사후관리DB(원본월별·5년이용량분석)
D199610009,F-109,2023,7813.4,6883.0,7592.4,2105.4,2512.3,17.7,0,0,0,2.2,2.3,2.2,500,15000,3→4차 역행,사후관리DB(원본월별·5년이용량분석)
D199610010,F-107,2023,15066.3,15273.2,13850.7,13924.0,4445.3,9457.3,18096.1,16540.4,10691.7,18987.2,18994.8,16076.0,600,18000,3→4차 역행,사후관리DB(원본월별·5년이용량분석)
D199610011,F-111,2023,12844.7,12731.3,11987.0,9120.3,8802.5,8551.4,9245.7,9970.8,10447.3,10014.9,10438.2,7727.2,600,15000,3→4차 역행,사후관리DB(원본월별·5년이용량분석)
D199610020,F-110,2023,6007.0,6038.0,5591.6,10371.9,9432.4,9120.0,9654.0,11213.4,11388.3,10174.4,11207.0,10323.0,700,21000,2→4차 역행; 2→4차 역행,사후관리DB(원본월별·5년이용량분석)
D199610021,F-106,2023,4823.5,4877.2,5210.2,7377.7,7668.3,7890.8,7420.6,7402.5,7609.0,6801.2,6473.7,2205.0,700,21000,2→3차 역행,사후관리DB(원본월별·5년이용량분석)
D199610022,F-112,2023,7142.7,8015.6,7947.9,17017.6,20637.7,14325.8,146.6,186.0,4635.0,12231.1,9633.6,9575.8,600,18000,,사후관리DB(원본월별·5년이용량분석)
D199620028,F-115,2023,3482.0,5071.0,4644.0,5501.0,4931.0,5815.0,3944.0,5901.0,5337.0,5550.0,6297.0,4946.0,800,5400,,
D199620033,F-113,2023,15326.0,16002.0,15523.0,16888.0,16373.0,18691.0,16173.0,16375.0,16122.0,15956.0,16726.0,14972.0,500,6000,,
D199620034,F-114,2023,10994.0,11906.0,12867.0,15564.0,14035.0,15498.0,12867.0,15572.0,14909.0,12892.0,12420.0,11692.0,600,5700,,
D199620035,D-319,2023,4812.0,9939.0,5408.0,6710.0,6547.0,7847.0,8977.0,9235.0,8251.0,8751.0,7679.0,6647.0,600,5700,,
D199620043,F-116,2023,6875.0,7003.0,6626.0,9090.0,8629.0,8850.0,8815.0,8103.0,9850.0,8669.0,9097.0,6559.0,700,6300,,
D199620044,F-118,2023,2897.0,3978.0,5472.0,10798.0,9493.0,8116.0,8377.0,7048.0,10828.0,8892.0,10491.0,6658.0,900,5400,,
D199620045,D-263-1,2023,6549.0,7852.0,11163.0,14553.0,15713.0,15520.0,10825.0,15535.0,12126.0,12411.0,7957.0,5815.0,700,4500,,
D199630016,F-136,2023,4671.7,4873.8,4763.4,5915.8,5978.5,1991.9,4,3.3,3,10.9,17.3,4463.1,800,24000,3→4차 역행,사후관리DB(원본월별·5년이용량분석)
D199630017,F-131,2023,8855.7,10526.6,9297.1,13170.1,11331.6,10654.5,12576.5,11545.7,17602.1,13822.8,20622.0,7452.0,800,24000,3→4차 역행,사후관리DB(원본월별·5년이용량분석)
D199630018,F-132,2023,7671.3,7675.2,7914.6,11641.0,12205.4,11377.0,11906.0,11746.4,16611.5,16807.3,20842.4,9861.3,800,24000,3→4차 역행,사후관리DB(원본월별·5년이용량분석)
D199630019,F-137,2023,121.3,1854.1,5765.5,7801.3,7439.1,8893.6,5542.6,3752.0,7031.4,9801.8,12662.1,125.4,700,21000,3→4차 역행,사후관리DB(원본월별·5년이용량분석)
D199630020,F-133,2023,9771.3,10644.9,11006.0,13019.2,11652.7,11058.6,11237.8,12034.3,13031.6,14477.7,19498.4,11454.2,900,21000,3→4차 역행,사후관리DB(원본월별·5년이용량분석)
D199630021,F-153,2023,10818.3,12465.2,11969.6,12982.3,12232.8,14409.1,17947.8,16449.9,13297.9,12647.6,13619.2,11043.3,800,24000,전년 자료 없음 — 외삽; 3→4차 역행,사후관리DB(원본월별·5년이용량분석)
D199630022,F-159,2023,13351.3,16742.7,13283.1,14596.0,14887.5,15151.6,14825.6,18995.0,24344.8,20258.6,27677.2,16863.6,700,21000,,사후관리DB(원본월별·5년이용량분석)
D199630023,F-160,2023,11591.8,20026.2,12885.0,13467.4,14626.6,3072.1,6204.9,19545.3,22771.2,29742.8,22608.2,217.3,800,24000,3→4차 역행,사후관리DB(원본월별·5년이용량분석)
D199630024,F-161,2023,5545.9,1332.8,3275.7,1800.2,1561.2,3268.6,6579.8,9601.1,9813.5,6385.3,13969.5,8696.9,700,21000,,사후관리DB(원본월별·5년이용량분석)
D199630025,F-162,2023,11409.9,8035.0,9546.2,11636.4,9924.6,10201.7,17318.9,13074.1,11848.2,12924.6,15004.4,11095.2,800,24000,3→4차 역행,사후관리DB(원본월별·5년이용량분석)
D199630026,F-167,2023,153.8,566.5,268.9,847.6,1714.5,1095.3,1607.5,877.1,792.2,1046.7,1139.7,895.4,700,21000,⚠ 오타 의심 (수동 검토 필요); 3→4차 역행,사후관리DB(원본월별·5년이용량분석)
D199630027,F-168,2023,557.7,2572.5,1707.8,4660.6,4015.5,4710.1,5911.6,5472.4,7022.9,7855.5,4987.5,5314.5,700,21000,3→4차 역행,사후관리DB(원본월별·5년이용량분석)
D199630028,F-126,2023,2988.8,3539.3,5947.8,8078.7,6895.0,7369.4,6524.4,8141.1,10805.7,10150.7,16582.3,2243.6,700,21000,2→4차 역행; 2→4차 역행,사후관리DB(원본월별·5년이용량분석)
D199630058,F-128,2023,1720.9,4322.1,4053.1,8188.3,8238.4,7057.0,5536.6,4898.2,3270.7,155.9,67.3,3133.4,900,18000,3→4차 역행,사후관리DB(원본월별·5년이용량분석)
D199630059,F-134,2023,13554.9,18617.8,15149.5,17214.6,12144.3,12492.9,11986.3,12810.0,14616.3,14453.9,19086.1,11729.4,800,24000,3→4차 역행,사후관리DB(원본월별·5년이용량분석)
D199630060,F-149,2023,7202.3,8324.9,8434.3,10767.8,11534.4,10573.6,11114.4,11380.0,13036.6,11606.1,13050.2,8677.8,800,18000,3→4차 역행,사후관리DB(원본월별·5년이용량분석)
D199630061,F-144,2023,3472.9,4224.0,3573.5,3596.3,3455.9,3655.6,2264.4,2354.8,4581.3,3883.3,5262.3,1073.5,600,12000,3→4차 역행,사후관리DB(원본월별·5년이용량분석)
D199630062,F-155,2023,12537.6,12091.4,15078.1,16416.5,18105.0,13389.8,16962.2,18135.3,21295.7,20501.8,23076.7,16712.7,600,18000,3→4차 역행,사후관리DB(원본월별·5년이용량분석)
D199630063,F-146,2023,14860.8,14833.5,14992.8,13147.5,13708.3,14401.5,17440.6,17748.9,21420.5,19478.7,22837.3,12855.9,800,18000,3→4차 역행,사후관리DB(원본월별·5년이용량분석)
D199630064,F-148,2023,3927.8,4754.6,5320.2,6229.8,6256.0,6392.9,7088.0,7626.8,7589.9,7396.9,8021.9,5306.3,700,13500,3→4차 역행,사후관리DB(원본월별·5년이용량분석)
D199630065,F-152,2023,715.2,6791.7,5950.0,4279.4,2011.6,1334.6,1591.2,2144.4,2426.5,1259.0,1047.7,285.2,600,18000,3→4차 역행,사후관리DB(원본월별·5년이용량분석)
D199630066,F-165,2023,9401.3,9652.3,9459.9,13794.6,15938.5,14642.8,15854.8,17178.9,15246.6,13046.5,12941.4,7613.8,800,24000,3→4차 역행,사후관리DB(원본월별·5년이용량분석)
D199630067,F-169,2023,113.3,1218.9,1741.7,5358.9,2075.4,242.6,4736.1,5593.0,4842.0,1471.7,1289.8,105.4,700,21000,,사후관리DB(원본월별·5년이용량분석)
D199630068,F-127,2023,3989.4,5794.2,5448.6,7205.3,7064.0,7464.7,6400.5,7197.9,7688.4,6306.7,11176.6,3839.8,900,18000,3→4차 역행,사후관리DB(원본월별·5년이용량분석)
D199630083,F-129,2023,0.4,0.4,0.4,0.3,0.3,0.3,136.7,182.2,1480.5,1887.7,1174.6,3744.1,800,24000,3→4차 역행,사후관리DB(원본월별·5년이용량분석)
D199630084,F-150,2023,73.6,74.7,124.2,1479.8,119.6,136.0,10996.7,15629.0,6153.4,5905.3,135.2,118.9,800,24000,3→4차 역행,사후관리DB(원본월별·5년이용량분석)
D199630085,F-142,2023,1561.7,1577.6,1630.4,1825.9,2257.1,2181.3,3159.4,3836.9,5167.2,3771.6,4037.8,2311.2,800,24000,3→4차 역행,사후관리DB(원본월별·5년이용량분석)
D199630086,F-151,2023,4292.9,4077.0,4369.0,6133.0,5670.1,5887.6,5402.6,6397.2,7061.1,7085.2,7572.3,3360.6,600,18000,3→4차 역행,사후관리DB(원본월별·5년이용량분석)
D199630087,F-147,2023,32079.9,32211.1,29380.2,37181.9,35619.4,36819.5,36114.8,36867.3,36877.9,31759.2,31917.3,30761.5,600,12000,전년 자료 없음 — 외삽; 3→4차 역행,사후관리DB(원본월별·5년이용량분석)
D199630088,F-141,2023,7850.7,8185.1,7514.7,7953.6,7840.3,8043.2,9533.6,8568.5,10767.2,9180.7,9913.4,7479.7,700,13500,전년 자료 없음 — 외삽; 3→4차 역행,사후관리DB(원본월별·5년이용량분석)
D199630089,F-157,2023,14748.7,13979.0,10279.9,0,0,0,0,0,0,2642.3,1055.1,19437.1,800,24000,,사후관리DB(원본월별·5년이용량분석)
D199630090,F-122,2023,3904.7,4641.2,5432.2,9170.1,8014.2,8643.1,8147.1,7780.3,8303.3,4463.2,7415.2,2184.9,800,24000,3→4차 역행,사후관리DB(원본월별·5년이용량분석)
D199630091,F-120,2023,3561.2,2627.6,3239.7,3646.6,2809.9,3217.4,3194.5,4408.7,4593.5,12131.0,5610.2,20561.9,1100,33000,오타 자동보정 (옵션A); 2→3차 역행,사후관리DB(원본월별·5년이용량분석)
D199630092,F-119,2023,1289.8,636.0,346.4,1418.7,681.4,532.9,786.9,1116.1,3652.7,4761.5,7303.1,308.5,700,21000,3→4차 역행,사후관리DB(원본월별·5년이용량분석)
D199630093,F-123,2023,6660.5,8059.6,9092.3,13764.8,12683.4,12807.3,12330.4,13151.6,16075.6,14401.8,16487.7,6488.0,1000,21000,3→4차 역행,사후관리DB(원본월별·5년이용량분석)
D199630094,F-124,2023,5609.0,6333.1,7527.5,15051.7,14589.5,10306.2,8208.0,8526.1,15081.8,22585.9,23316.1,4314.7,800,24000,3→4차 역행,사후관리DB(원본월별·5년이용량분석)
D199630095,F-121,2023,2008.8,1817.8,1510.1,3164.5,2663.7,3156.1,1602.0,2079.9,3060.1,4434.3,6657.4,531.2,1100,33000,,사후관리DB(원본월별·5년이용량분석)
D199630132,F-130,2023,1093.9,1000.2,1370.3,1112.9,1097.4,962.6,1638.9,1656.8,3108.7,4290.9,5770.1,785.0,700,21000,⚠ 오타 의심 (수동 검토 필요); 3→4차 역행,사후관리DB(원본월별·5년이용량분석)
D199630133,F-139,2023,12448.4,12881.2,11650.1,11283.6,10997.8,11264.4,12871.8,13766.7,14603.8,10935.4,13082.8,4698.8,700,13500,3→4차 역행,사후관리DB(원본월별·5년이용량분석)
D199630134,F-140,2023,14351.9,15927.5,13947.0,15753.5,16597.4,16052.9,16221.3,15793.0,18857.7,17193.1,21200.6,19376.7,600,12000,3→4차 역행,사후관리DB(원본월별·5년이용량분석)
D199630135,F-138,2023,1268.8,7120.2,2103.9,2064.6,8357.3,7807.2,6849.1,6833.2,5932.6,7743.8,7782.8,8235.9,700,13500,3→4차 역행,사후관리DB(원본월별·5년이용량분석)
D199630136,F-156,2023,385.0,4104.7,435.7,776.1,537.1,895.6,5866.0,6336.8,8305.4,10061.6,9390.5,4987.3,1000,30000,,사후관리DB(원본월별·5년이용량분석)
D199630137,F-166,2023,3451.2,4100.5,3512.8,5799.3,6087.2,6251.5,5193.3,5621.7,6065.7,7059.3,10884.0,7338.3,800,24000,⚠ 오타 의심 (수동 검토 필요); 3→4차 역행,사후관리DB(원본월별·5년이용량분석)
D199630138,F-164,2023,1760.4,1880.2,1930.1,2650.7,2358.8,2761.8,3512.5,3432.0,3819.1,3048.9,3787.0,2352.1,1000,30000,3→4차 역행,사후관리DB(원본월별·5년이용량분석)
D199630139,F-125,2023,721.4,648.9,712.5,1987.8,1982.1,1541.6,2213.1,4132.1,6648.8,3724.3,6733.9,1159.9,700,21000,3→4차 역행,사후관리DB(원본월별·5년이용량분석)
D199630148,F-158,2023,2324.8,2777.5,1596.3,1940.6,2552.9,2409.7,2065.7,5871.5,6680.3,7922.8,14496.2,5526.4,850,21000,,사후관리DB(원본월별·5년이용량분석)
D199630149,F-135,2023,845.8,735.4,1224.5,4292.1,4011.9,2440.5,1630.5,336.3,1492.7,639.5,592.8,173.5,600,18000,3→4차 역행,사후관리DB(원본월별·5년이용량분석)
D199630150,F-143,2023,2647.3,3777.2,2610.6,2755.2,5734.8,4242.0,3104.0,3166.7,6948.5,10368.7,14384.4,3027.9,800,18000,⚠ 오타 의심 (수동 검토 필요); 3→4차 역행,사후관리DB(원본월별·5년이용량분석)
D199630151,F-163,2023,0,0,0,0,0,0,0,0,0,0,0,0,700,21000,,사후관리DB(원본월별·5년이용량분석)
D199640096,F-196,2023,1542.0,1947.0,1389.0,2154.0,2594.0,2470.0,2352.0,2595.0,3294.0,9090.0,18184.0,6232.0,600,9000,,
D199640098,F-182,2023,17837.0,15705.0,15201.0,20274.0,19096.0,15410.0,17269.0,18418.0,15834.0,12159.0,15579.0,18970.0,600,9000,,
D199640099,F-185,2023,7619.0,5615.0,8891.0,13637.0,11462.0,9578.0,7166.0,6983.0,7631.0,9740.0,11993.0,5578.0,800,15000,,
D199640100,F-172,2023,2956.0,4333.0,4414.0,5427.0,3905.0,4245.0,3936.0,8615.0,5504.0,6558.0,4253.0,3594.0,800,15000,,
D199640149,F-186,2023,16069.0,14587.0,15105.0,22692.0,18988.0,19713.0,7376.0,11700.0,3977.0,19194.0,22218.0,13945.0,700,8190,,
D199640150,F-184,2023,29184.0,29403.0,26985.0,29609.0,26947.0,28325.0,26473.0,27874.0,29285.0,27953.0,30475.0,30575.0,800,8250,,
D199640151,F-199,2023,1872.0,2819.0,4397.0,4159.0,3104.0,3748.0,2197.0,4991.0,3052.0,6245.0,3779.0,2526.0,600,17100,,
D199640152,F-183,2023,15073.0,17757.0,21403.0,26179.0,18580.0,23865.0,20933.0,20320.0,20898.0,17454.0,17215.0,13972.0,600,9630,,
D199640183,D-327,2023,3647.0,4751.0,7918.0,11389.0,8907.0,8314.0,6396.0,8014.0,8246.0,6478.0,6813.0,4508.0,700,21000,,
D199640225,F-202,2023,8485.0,12776.0,16805.0,20832.0,20649.0,21835.0,10737.0,20054.0,13956.0,18908.0,12331.0,7078.0,700,12990,,
D199640226,F-203,2023,1019.0,2305.0,2986.0,2256.0,2074.0,2265.0,1524.0,3030.0,2259.0,5846.0,4692.0,2269.0,600,12750,,
D199640227,F-190,2023,976.0,766.0,840.0,4701.0,1247.0,1021.0,595.0,1235.0,3560.0,9991.0,18746.0,287.0,900,25560,,
D199640228,F-189,2023,11682.0,13448.0,10442.0,14423.0,12263.0,10705.0,7692.0,24625.0,17054.0,11418.0,18853.0,5074.0,800,22800,,
D199710012,F-217,2023,10396.1,11751.9,10671.3,11259.0,11685.0,12518.7,13484.3,13962.3,14137.7,14057.6,15293.0,12861.2,600,18000,2→3차 역행,사후관리DB(원본월별·5년이용량분석)
D199710013,F-218,2023,10327.9,11436.9,10363.0,11467.2,11481.7,11876.8,12332.4,12755.5,13049.3,11943.3,12742.8,13135.2,600,18000,2→3차 역행,사후관리DB(원본월별·5년이용량분석)
D199710016,F-216,2023,29150.3,29154.3,26354.0,20707.4,19369.9,18006.6,21695.4,27198.8,22248.8,19397.5,17455.5,15192.5,700,21000,3→4차 역행,사후관리DB(원본월별·5년이용량분석)
D199710017,F-214,2023,7068.0,7532.6,6990.6,9103.4,9560.0,8454.0,7866.8,8692.5,10165.4,6062.2,6758.9,5901.4,600,18000,3→4차 역행,사후관리DB(원본월별·5년이용량분석)
D199710018,F-215,2023,3627.8,4305.3,3224.3,3654.0,3778.2,4159.6,4727.8,4632.4,4959.8,4107.8,4161.5,4573.2,800,24000,2→4차 역행; 2→4차 역행,사후관리DB(원본월별·5년이용량분석)
D199710019,F-204,2023,9283.8,7762.8,7619.3,9499.6,9613.9,8237.9,8840.0,8653.4,9957.3,7720.0,7945.3,6036.4,600,18000,3→4차 역행,사후관리DB(원본월별·5년이용량분석)
D199710025,F-220,2023,12317.0,13582.2,10170.1,15101.4,12853.5,14306.4,14631.1,14430.2,15733.8,13511.8,15793.8,14063.8,700,21000,3→4차 역행,사후관리DB(원본월별·5년이용량분석)
D199710026,F-219,2023,9145.9,9529.2,9026.0,8993.8,8884.8,8983.7,9422.9,10004.5,10450.4,11457.7,11548.6,11546.7,800,24000,1→2차 역행; 3→4차 역행,사후관리DB(원본월별·5년이용량분석)
D199720002,D-320,2023,13809.0,14547.0,18135.0,18909.0,18592.0,19135.0,18015.0,17889.0,19698.0,17949.0,20646.0,16043.0,600,5700,,
D199720003,F-117,2023,1497.0,2506.0,4138.0,5076.0,4379.0,4698.0,4168.0,6458.0,5749.0,6565.0,6092.0,2909.0,600,5700,,
D199720017,F-226,2023,4543.0,5268.0,7721.0,15911.0,13489.0,12095.0,9143.0,13494.0,11442.0,9845.0,10315.0,6123.0,600,5700,,
D199720018,F-222,2023,2587.0,2631.0,3735.0,6753.0,5418.0,5875.0,6096.0,5108.0,5792.0,5165.0,4743.0,3415.0,600,5700,,
D199720019,F-224,2023,6563.0,8373.0,11089.0,14393.0,13084.0,14439.0,11602.0,14960.0,14740.0,19437.0,17694.0,10176.0,950,5700,,
D199720020,F-223,2023,382.0,1776.0,10702.0,14183.0,10535.0,12836.0,8626.0,11195.0,10165.0,12848.0,16522.0,6080.0,750,5700,,
D199720021,F-225,2023,4089.0,6996.0,9298.0,11189.0,11003.0,10317.0,7635.0,11462.0,8794.0,9037.0,9256.0,5298.0,600,5700,,
D199720024,F-221,2023,2538.0,4319.0,5468.0,4573.0,4295.0,5086.0,3381.0,6864.0,3711.0,6674.0,5412.0,4022.0,800,6600,,
D199720026,F-231,2023,4727.0,6979.0,6888.0,7227.0,7021.0,7564.0,6414.0,9396.0,7788.0,8073.0,8796.0,4389.0,550,5700,,
D199720027,F-230,2023,5787.0,6609.0,11500.0,11526.0,10466.0,11961.0,8402.0,16173.0,12398.0,12851.0,8125.0,6190.0,600,5700,,
D199720028,F-227,2023,4436.0,4638.0,7689.0,18234.0,18588.0,12720.0,5596.0,11024.0,9305.0,8681.0,8637.0,4580.0,700,6000,,
D199720029,F-229,2023,3816.0,5016.0,8247.0,9813.0,8289.0,7783.0,3944.0,10609.0,6722.0,8343.0,5477.0,3298.0,600,5700,,
D199720030,F-228,2023,15321.0,15232.0,18069.0,29186.0,26775.0,29231.0,27041.0,28460.0,29462.0,28297.0,29435.0,22094.0,850,5700,,
D199730036,F-207,2023,7.8,7.8,5.2,42.2,2.5,2.8,3141.0,24.2,132.9,2.4,3.0,2.4,700,21000,3→4차 역행,사후관리DB(원본월별·5년이용량분석)
D199730037,F-208,2023,2832.4,2697.0,3102.1,3939.9,3327.1,3879.0,4443.3,4585.9,5155.1,6156.3,7077.0,5534.2,800,24000,3→4차 역행,사후관리DB(원본월별·5년이용량분석)
D199730038,F-212,2023,7884.9,10019.0,6506.6,9322.4,7638.1,8119.8,8165.8,8285.5,8215.7,8312.7,10387.4,12736.7,800,24000,3→4차 역행,사후관리DB(원본월별·5년이용량분석)
D199730039,F-145,2023,5495.3,6021.2,4949.2,6695.3,8354.6,5182.2,4146.8,5468.8,8580.3,7559.6,8572.8,5160.8,600,18000,3→4차 역행,사후관리DB(원본월별·5년이용량분석)
D199730040,F-154,2023,2585.7,2691.6,4459.0,6056.5,5490.9,5844.3,4647.5,4466.7,4871.7,7740.4,10650.0,0,800,12000,3→4차 역행,사후관리DB(원본월별·5년이용량분석)
D199730052,F-206,2023,0,35370.8,33024.8,37966.0,36719.8,38073.8,37826.0,38543.6,38532.8,38905.0,40014.7,39933.5,900,24000,3→4차 역행,사후관리DB(원본월별·5년이용량분석)
D199730053,F-209,2023,5296.7,5851.2,5730.6,6468.8,6563.5,6035.8,4801.5,4775.2,6645.2,5742.3,9228.2,4819.4,800,24000,3→4차 역행,사후관리DB(원본월별·5년이용량분석)
D199730054,F-213,2023,7500.9,12619.9,8466.2,8246.2,8705.2,7225.8,8446.8,8035.7,9992.7,8145.3,13972.7,9022.7,1000,30000,,사후관리DB(원본월별·5년이용량분석)
D199730055,F-211,2023,2703.8,8530.1,6817.3,10264.0,11911.9,12767.7,12378.1,14191.0,12670.9,10653.3,10733.9,0,600,18000,3→4차 역행,사후관리DB(원본월별·5년이용량분석)
D199730056,F-205,2023,2493.8,2738.9,3290.4,6515.4,5825.9,4589.3,4236.0,2322.8,7580.5,15723.6,25718.4,3108.9,1000,24000,오타 자동보정 (옵션A); 2→3차 역행; 3→4차 역행,사후관리DB(원본월별·5년이용량분석)
D199730057,F-241,2023,20073.5,29.8,707.2,5799.0,14401.0,15368.6,13544.2,8592.7,14713.2,19018.4,25770.7,24.5,600,24000,3→4차 역행,사후관리DB(원본월별·5년이용량분석)
D199730059,F-210,2023,40.2,46.4,2.7,40.5,3166.1,5845.3,381.3,206.6,284.4,0,1755.0,2258.0,800,24000,1→2차 역행; 3→4차 역행,사후관리DB(원본월별·5년이용량분석)
D199730061,F-263,2023,14256.6,16167.7,15198.9,20314.8,20317.5,18456.3,19000.5,18819.1,20573.2,17884.3,20422.8,16021.1,800,24000,3→4차 역행,사후관리DB(원본월별·5년이용량분석)
D199730063,F-235,2023,7490.5,8136.4,8874.6,10334.3,9435.0,10833.3,9466.5,14281.4,12900.6,27550.7,16820.0,13052.8,800,12000,오타 자동보정 (옵션A); 2→3차 역행; 3→4차 역행,사후관리DB(원본월별·5년이용량분석)
D199730073,F-257,2023,0,4672.4,3679.8,6191.9,7668.4,5539.7,4331.7,8365.3,15028.7,8819.7,8499.2,4767.0,700,21000,3→4차 역행,사후관리DB(원본월별·5년이용량분석)
D199730074,F-239,2023,10582.9,11968.9,10912.4,11556.6,11164.7,14923.8,12929.1,14194.7,22021.6,28010.7,30085.5,26967.1,700,21000,⚠ 오타 의심 (수동 검토 필요); 3→4차 역행,사후관리DB(원본월별·5년이용량분석)
D199730079,F-252,2023,3680.8,3600.5,4103.7,5310.1,5388.8,5018.5,4762.5,5254.4,6696.3,7129.9,6834.9,3144.3,800,24000,3→4차 역행,사후관리DB(원본월별·5년이용량분석)
D199730080,F-251,2023,87.4,1624.3,10197.6,8297.3,6980.3,5470.3,2614.2,5799.6,6483.6,4591.7,6937.7,1357.8,1000,24000,3→4차 역행,사후관리DB(원본월별·5년이용량분석)
D199730081,F-259,2023,2445.6,2653.1,2539.9,2726.6,2711.9,2493.5,2505.1,2697.4,3185.1,3002.8,4443.8,2430.3,700,30000,3→4차 역행,사후관리DB(원본월별·5년이용량분석)
D199730082,F-258,2023,5288.4,5971.8,6285.7,7452.3,7101.1,4353.9,720.5,1667.1,11965.7,10723.6,13393.1,11892.0,600,24000,오타 자동보정 (옵션A); 2→3차 역행,사후관리DB(원본월별·5년이용량분석)
D199730083,F-248,2023,3028.3,3306.4,3824.8,5793.9,5556.3,7116.7,6868.3,8891.1,8585.4,6448.1,5034.8,5024.7,700,24000,전년 자료 없음 — 외삽; 3→4차 역행,사후관리DB(원본월별·5년이용량분석)
D199730084,F-253,2023,0,0,2007.4,3056.3,3202.0,3796.7,3117.2,2940.2,5528.6,7268.0,6110.4,2196.7,800,21000,3→4차 역행,사후관리DB(원본월별·5년이용량분석)
D199730085,F-256,2023,22506.9,18052.0,27373.4,36604.1,34705.3,35962.5,35418.9,37188.0,36739.1,33352.9,36103.1,33054.8,1200,36000,오타 자동보정 (옵션A); 1→2차 역행; 3→4차 역행,사후관리DB(원본월별·5년이용량분석)
D199730087,F-261,2023,19323.0,18065.0,18109.5,21470.1,20725.9,21634.1,20904.4,25792.6,21738.1,22045.6,21311.9,14677.1,1200,36000,3→4차 역행,사후관리DB(원본월별·5년이용량분석)
D199730088,F-254,2023,5179.1,5599.6,5545.9,8095.9,8144.2,7122.8,5703.8,6197.8,9625.8,10476.3,11833.9,6293.2,800,24000,3→4차 역행,사후관리DB(원본월별·5년이용량분석)
D199730089,F-255,2023,10431.7,10558.1,9624.3,12062.7,11946.7,11129.1,9522.9,11074.9,13954.4,13926.8,18857.4,13571.6,700,24000,3→4차 역행,사후관리DB(원본월별·5년이용량분석)
D199730090,F-242,2023,14212.2,14995.6,14229.1,17561.7,17434.5,17821.7,16165.3,17875.1,20685.2,19833.9,23628.0,14205.8,800,33000,3→4차 역행,사후관리DB(원본월별·5년이용량분석)
D199730091,F-245,2023,11269.5,16161.1,13570.7,9833.7,927.4,523.0,20.1,11421.1,16751.9,1247.7,862.4,2383.4,900,27000,3→4차 역행,사후관리DB(원본월별·5년이용량분석)
D199730092,F-244,2023,11658.1,12474.2,11233.1,13087.0,8394.8,6212.8,6433.1,10011.7,15102.7,16904.0,21967.0,6287.5,800,27000,3→4차 역행,사후관리DB(원본월별·5년이용량분석)
D199730093,F-243,2023,5648.9,5404.1,5375.9,8668.0,9016.8,8946.3,8681.7,7975.6,10319.5,7293.2,10076.3,3086.9,800,19200,,사후관리DB(원본월별·5년이용량분석)
D199730094,F-246,2023,15706.6,14657.7,14952.9,0,0,0,10646.2,16616.1,21152.1,26891.4,15064.3,17340.3,800,24000,오타 자동보정 (옵션A); 2→3차 역행,사후관리DB(원본월별·5년이용량분석)
D199730098,F-234,2023,9414.5,8792.9,10239.6,10319.8,9260.9,9852.1,6865.6,20141.7,13168.1,26102.8,22911.6,9662.6,800,12000,전년 자료 없음 — 외삽; 3→4차 역행,사후관리DB(원본월별·5년이용량분석)
D199730099,F-232,2023,4608.4,5942.2,6982.3,7133.3,6055.5,6618.2,4606.4,9838.8,7420.0,12898.9,7877.4,5173.5,800,12000,⚠ 오타 의심 (수동 검토 필요); 3→4차 역행,사후관리DB(원본월별·5년이용량분석)
D199730100,F-233,2023,3099.3,2557.0,4975.5,5785.8,3566.1,3076.9,2721.0,4720.9,7707.4,17950.4,8070.7,3078.0,600,9000,3→4차 역행,사후관리DB(원본월별·5년이용량분석)
D199730101,F-236,2023,1697.6,2875.7,2286.7,5610.7,4324.9,2748.2,2464.0,2315.9,3496.5,4734.8,11814.0,1258.2,800,12000,3→4차 역행,사후관리DB(원본월별·5년이용량분석)
D199730102,F-238,2023,273.9,39.3,35.5,2.1,2.0,2.1,181.7,46.9,7643.7,203.2,49.6,46.3,800,12000,3→4차 역행,사후관리DB(원본월별·5년이용량분석)
D199730103,F-237,2023,6767.5,5711.9,8874.2,10225.8,8095.2,8571.1,9230.7,24274.9,18383.8,25960.9,15010.1,6859.7,800,12000,,사후관리DB(원본월별·5년이용량분석)
D199730105,F-250,2023,4657.7,4898.8,6282.8,13572.5,13755.2,9412.9,5673.2,6675.5,7090.9,5960.1,7330.2,2819.3,700,27000,3→4차 역행,사후관리DB(원본월별·5년이용량분석)
D199730107,F-240,2023,7858.6,11502.4,11978.2,15405.1,15771.7,15361.2,14441.2,13149.3,10577.5,5413.7,3941.7,18228.1,1050,24000,3→4차 역행,사후관리DB(원본월별·5년이용량분석)
D199730108,F-247,2023,1549.7,3481.7,5994.9,164.9,9.2,8.7,54.2,155.5,107.0,150.4,58.1,58.1,700,21000,3→4차 역행,사후관리DB(원본월별·5년이용량분석)
D199730109,F-266,2023,6822.2,6772.2,4435.9,8045.8,8892.6,8072.3,12976.3,10533.4,12497.9,9739.0,10717.4,5872.0,700,21000,3→4차 역행,사후관리DB(원본월별·5년이용량분석)
D199730120,D-321,2023,0,0,0,0,0,0,0,0,0,0,0,0,,,,사후관리DB(원본월별·5년이용량분석)
D199730121,D-322,2023,0,0,0,0,0,0,0,0,0,0,0,0,,,,사후관리DB(원본월별·5년이용량분석)
D199730132,F-262,2023,1547.7,2086.2,1672.0,5048.4,7770.1,6105.8,7056.0,8538.5,15107.8,14553.0,17034.8,3329.1,800,24000,3→4차 역행,사후관리DB(원본월별·5년이용량분석)
D199730133,F-260,2023,14934.8,16635.8,17270.1,22142.9,17790.6,19049.1,16774.8,18814.1,21356.5,23374.4,23690.9,18798.7,800,24000,3→4차 역행,사후관리DB(원본월별·5년이용량분석)
D199730134,R-001,2023,8880.1,9642.5,10710.0,12236.4,10046.2,11534.9,10468.3,12617.1,11521.3,12570.3,11363.1,9402.4,800,24000,3→4차 역행,사후관리DB(원본월별·5년이용량분석)
D199740086,F-289,2023,3078.0,3168.0,1070.0,3159.0,2353.0,419.0,69.0,94.0,646.0,8358.0,13684.0,2565.0,1200,19950,,
D199740087,F-277,2023,1813.0,2445.0,2769.0,3905.0,3717.0,3201.0,2717.0,2922.0,3719.0,3197.0,3091.0,1920.0,700,11250,,
D199740088,F-281,2023,5514.0,5590.0,7999.0,13022.0,10410.0,11949.0,9356.0,11818.0,14096.0,10915.0,12066.0,5882.0,600,10950,,
D199740089,F-276,2023,8014.0,7504.0,9285.0,13911.0,14827.0,7824.0,5503.0,13471.0,13511.0,12670.0,17376.0,10545.0,600,11670,,
D199740090,F-287,2023,6285.0,6664.0,7860.0,12564.0,13745.0,12811.0,13950.0,11390.0,15916.0,12583.0,14999.0,7292.0,600,14610,,
D199740091,F-278,2023,10634.0,12063.0,16135.0,27302.0,19566.0,20483.0,20414.0,24016.0,22564.0,19905.0,20684.0,16854.0,1000,11190,,
D199740092,F-280,2023,13944.0,11961.0,13318.0,15887.0,15592.0,14392.0,14091.0,14466.0,14708.0,11177.0,14361.0,11008.0,800,8730,,
D199740093,F-279,2023,8792.0,10529.0,10815.0,14965.0,12686.0,13612.0,12119.0,12899.0,15560.0,14265.0,16388.0,12000.0,600,11670,,
D199740094,F-290,2023,2061.0,1951.0,4090.0,8135.0,7701.0,7835.0,7984.0,6520.0,10066.0,8929.0,13608.0,4342.0,600,13890,,
D199740095,F-293,2023,2097.0,2584.0,1656.0,2684.0,1841.0,2571.0,2147.0,2238.0,2664.0,5299.0,17718.0,2572.0,700,17070,,
D199740096,F-288,2023,813.0,578.0,846.0,1631.0,1056.0,1209.0,1095.0,875.0,1643.0,4465.0,20066.0,2236.0,800,22800,,
D199740103,F-269,2023,10195.0,12749.0,10758.0,23259.0,20531.0,18879.0,22014.0,14963.0,22941.0,15638.0,18526.0,12794.0,800,12000,,
D199740122,F-272,2023,11123.0,9417.0,10582.0,14989.0,13525.0,16274.0,10717.0,13135.0,11802.0,8725.0,9846.0,8997.0,750,22800,,
D199740125,F-291,2023,3874.0,4995.0,4216.0,5979.0,6201.0,6325.0,7250.0,6078.0,11963.0,13163.0,26376.0,7144.0,800,13770,,
D199740127,F-294,2023,877.0,1053.0,892.0,1579.0,1474.0,3497.0,1999.0,2314.0,3008.0,11555.0,9404.0,1943.0,600,17100,,
D199740128,F-295,2023,1928.0,1918.0,1906.0,3585.0,3908.0,3682.0,3073.0,3101.0,5172.0,5574.0,12568.0,3464.0,700,12150,,
D199740129,F-273,2023,1143.0,1110.0,943.0,1037.0,1045.0,3956.0,936.0,1118.0,917.0,957.0,1010.0,866.0,900,19440,,
D199740130,F-275,2023,58.0,1489.0,52.0,58.0,59.0,58.0,72.0,85.0,194.0,58.0,180.0,49.0,600,13380,,
D199740131,F-274,2023,16784.0,20211.0,18432.0,21733.0,16982.0,14819.0,17898.0,22915.0,18785.0,12380.0,11787.0,10027.0,600,10500,,
D199740143,F-348,2023,6057.0,8433.0,8909.0,12500.0,10396.0,11381.0,11985.0,12399.0,14675.0,15287.0,17534.0,10181.0,1000,15000,,
D199740144,F-284,2023,8496.0,9465.0,9477.0,12576.0,10570.0,10357.0,10664.0,10976.0,11377.0,8757.0,11327.0,6720.0,600,13110,,
D199740145,F-283,2023,5447.0,7261.0,6891.0,9788.0,7095.0,7448.0,6985.0,6061.0,6066.0,7350.0,7718.0,5300.0,700,10410,,
D199740146,F-282,2023,8264.0,7132.0,11071.0,16686.0,14206.0,13559.0,12520.0,15646.0,16135.0,11654.0,12410.0,11575.0,700,11610,,
D199740147,F-285,2023,8738.0,12052.0,13595.0,18956.0,15000.0,16257.0,13586.0,14760.0,18667.0,16131.0,16478.0,13427.0,700,11010,,
D199740148,F-286,2023,8010.0,5638.0,6129.0,7679.0,5998.0,4440.0,3893.0,3024.0,3446.0,3545.0,10479.0,6190.0,700,10170,,
D199740161,F-297,2023,5326.0,6257.0,7483.0,9750.0,8489.0,8188.0,5043.0,8807.0,5057.0,13493.0,10179.0,7689.0,700,12270,,
D199740162,F-339,2023,9481.0,10574.0,10748.0,18551.0,18713.0,15146.0,15129.0,13014.0,15669.0,13204.0,13154.0,10553.0,800,13500,,
D199740163,F-271,2023,22225.0,19983.0,19326.0,21451.0,20838.0,23248.0,20764.0,8100.0,19831.0,19765.0,21170.0,19855.0,1000,16230,,
D199740190,F-292,2023,6141.0,6492.0,5779.0,3322.0,2136.0,837.0,1857.0,1979.0,5551.0,10143.0,4087.0,1845.0,800,21270,,
D199740205,F-198,2023,715.0,541.0,708.0,2062.0,1686.0,1933.0,848.0,1000.0,1244.0,9288.0,4574.0,1211.0,800,22800,,
D199740206,F-197,2023,1809.0,1605.0,1279.0,1542.0,1599.0,1838.0,366.0,1927.0,4594.0,25383.0,9199.0,1029.0,800,22800,,
D199740207,F-195,2023,1809.0,2366.0,2248.0,4553.0,4745.0,3566.0,3396.0,2980.0,5907.0,5367.0,21152.0,2848.0,700,20550,,
D199740208,F-192,2023,3946.0,4483.0,3828.0,6755.0,4008.0,1963.0,1474.0,1465.0,2327.0,12550.0,23813.0,3435.0,700,19080,,
D199740209,F-191,2023,9841.0,11214.0,8509.0,7512.0,12288.0,12052.0,12341.0,9223.0,12459.0,15163.0,22883.0,11404.0,900,19080,,
D199740210,F-194,2023,31490.0,32440.0,29031.0,33368.0,31752.0,31346.0,29502.0,29441.0,29742.0,28410.0,31257.0,27327.0,700,15750,,
D199740211,F-181,2023,11901.0,11436.0,14505.0,23176.0,20263.0,23257.0,22651.0,24951.0,22732.0,20376.0,21268.0,21458.0,800,9990,,
D199740212,F-180,2023,13875.0,15638.0,16922.0,23358.0,21878.0,22883.0,21834.0,21861.0,22144.0,15341.0,15115.0,13098.0,600,8010,,
D199740213,F-187,2023,17506.0,16880.0,18341.0,18150.0,18829.0,12969.0,18988.0,15290.0,22933.0,21541.0,21928.0,14762.0,600,10110,,
D199740214,F-188,2023,18270.0,19643.0,25013.0,34617.0,29705.0,31146.0,28208.0,34337.0,36429.0,26073.0,26681.0,20719.0,700,10050,,
D199740215,F-175,2023,29756.0,29760.0,26880.0,28212.0,27343.0,28239.0,28098.0,29015.0,28883.0,26800.0,27559.0,26704.0,600,15510,,
D199740216,F-170,2023,15432.0,24383.0,20928.0,24748.0,19616.0,24213.0,20614.0,28001.0,28257.0,25089.0,24558.0,18420.0,700,6810,,
D199740217,F-171,2023,551.0,762.0,1069.0,1208.0,900.0,1427.0,657.0,2014.0,1578.0,1694.0,1085.0,685.0,800,10260,,
D199740218,F-173,2023,2101.0,3006.0,4431.0,3234.0,2233.0,2948.0,4804.0,7228.0,7715.0,5527.0,5479.0,3444.0,600,13620,,
D199740219,F-174,2023,15961.0,17649.0,18675.0,20596.0,18940.0,22338.0,18962.0,24174.0,22626.0,18715.0,15931.0,13712.0,700,13680,,
D199740220,F-179,2023,28519.0,28470.0,25719.0,28608.0,27790.0,28934.0,27924.0,28893.0,25950.0,22954.0,22100.0,13157.0,800,10890,,
D199740221,F-176,2023,865.0,918.0,948.0,1638.0,2002.0,2053.0,2321.0,1817.0,1898.0,1264.0,1621.0,943.0,700,8967,,
D199740222,F-177,2023,20218.0,20362.0,18716.0,22379.0,18481.0,15634.0,10008.0,9737.0,10584.0,11948.0,11556.0,10912.0,600,11730,,
D199740223,F-201,2023,3527.0,4685.0,5384.0,6093.0,4809.0,5526.0,3336.0,5970.0,3754.0,4708.0,3775.0,3090.0,600,9180,,
D199740224,F-200,2023,1542.0,2917.0,3034.0,3338.0,3233.0,3496.0,3301.0,5047.0,4294.0,6254.0,4013.0,3174.0,600,12150,,
D199810008,F-300,2023,18382.0,18120.4,20501.7,17856.8,16878.7,16440.4,16982.8,18181.3,17254.8,18862.3,19402.9,21288.8,1000,32580,오타 자동보정 (옵션A); 2→3차 역행; 3→4차 역행,사후관리DB(원본월별·5년이용량분석)
D199810009,F-299,2023,2658.1,2622.0,2572.3,2438.0,2332.4,2802.0,2360.5,2902.7,2587.3,1848.4,1877.1,1388.8,700,21000,3→4차 역행,사후관리DB(원본월별·5년이용량분석)
D199810010,F-301,2023,5127.7,5782.3,5171.1,7312.9,7299.0,7995.9,7002.0,8856.3,8491.5,7270.0,6700.4,5693.4,700,24000,2→3차 역행,사후관리DB(원본월별·5년이용량분석)
D199810022,F-302,2023,15017.4,13242.0,15334.4,15890.4,16597.3,15910.2,16334.6,16184.3,15512.7,16461.1,15166.6,15890.0,600,25140,오타 자동보정 (옵션A); 2→3차 역행,사후관리DB(원본월별·5년이용량분석)
D199820003,F-306,2023,7359.0,7093.0,6852.0,12887.0,10466.0,10514.0,11078.0,9733.0,13064.0,13494.0,17064.0,15773.0,550,5700,,
D199820010,F-303,2023,6988.0,7286.0,6680.0,7801.0,7654.0,7925.0,8347.0,8089.0,8647.0,9213.0,9484.0,9148.0,700,6000,,
D199820011,F-305,2023,3162.0,2977.0,3415.0,5168.0,4332.0,4036.0,4769.0,3864.0,6395.0,5851.0,7575.0,5088.0,500,6300,,
D199820012,F-304,2023,12088.0,13390.0,12264.0,18312.0,14913.0,15723.0,15941.0,14235.0,17555.0,15669.0,18152.0,11619.0,500,6300,,
D199820019,F-308,2023,2671.0,2818.0,2365.0,3115.0,4762.0,4431.0,5173.0,4759.0,5273.0,4376.0,5534.0,4287.0,600,3000,,
D199820025,F-307,2023,5868.0,5006.0,6930.0,13808.0,10804.0,8464.0,9248.0,5301.0,9557.0,8468.0,9773.0,5835.0,800,6000,,
D199830009,S-004,2023,15667.6,13683.0,18502.2,18784.0,16817.8,16018.3,15416.4,21268.2,28190.7,34397.0,12899.2,12338.9,1300,42000,3→4차 역행,사후관리DB(원본월별·5년이용량분석)
D199830010,S-005,2023,19536.1,13827.3,12296.2,16818.1,16511.4,17408.1,18733.1,20602.9,24038.5,21738.0,21114.2,14765.6,1050,45000,2→3차 역행; 3→4차 역행,사후관리DB(원본월별·5년이용량분석)
D199830011,S-006,2023,6476.3,11627.1,7843.0,12408.4,12466.5,11793.2,11363.9,12106.1,13237.3,12249.5,11548.4,7380.7,800,15000,3→4차 역행,사후관리DB(원본월별·5년이용량분석)
D199830012,S-003,2023,2314.6,3113.4,3069.2,4163.5,3893.5,4154.4,3247.5,4768.0,4425.0,10010.4,7004.4,2653.1,1000,30000,3→4차 역행,사후관리DB(원본월별·5년이용량분석)
D199830013,S-002,2023,4157.1,7530.0,8685.5,9142.0,7910.0,10280.8,7077.0,11905.7,7738.5,13380.7,8590.7,4750.2,1050,12000,3→4차 역행,사후관리DB(원본월별·5년이용량분석)
D199830020,F-328,2023,0,22281.0,20670.5,22394.3,19873.7,25217.3,29286.4,29580.0,28611.0,27940.7,27371.2,25991.8,850,29880,전년 자료 없음 — 외삽; 3→4차 역행,사후관리DB(원본월별·5년이용량분석)
D199830028,F-312,2023,1219.8,1183.3,1551.3,635.7,1462.1,2028.2,366.8,784.8,10322.1,958.0,563.3,4669.3,1500,45000,3→4차 역행,사후관리DB(원본월별·5년이용량분석)
D199830029,F-313,2023,18440.4,7432.5,15841.8,14901.9,15330.1,14549.9,15039.0,8407.5,14885.8,24717.8,15854.0,13774.2,1400,42000,오타 자동보정 (옵션A); 2→3차 역행; 3→4차 역행,사후관리DB(원본월별·5년이용량분석)
D199830030,F-314,2023,4378.5,4700.9,7472.0,663.0,42.9,29.1,102,230.5,559.0,156.1,17.6,46.2,800,30000,3→4차 역행,사후관리DB(원본월별·5년이용량분석)
D199830031,F-315,2023,11790.1,10125.3,13861.6,14142.4,12937.3,13883.5,14200.8,17322.4,17643.6,23001.2,14396.1,12854.3,1200,36000,3→4차 역행,사후관리DB(원본월별·5년이용량분석)
D199830032,F-316,2023,4423.7,5356.7,4475.4,4228.1,268.5,6924.8,12058.6,16630.9,14056.4,19739.8,9727.9,2840.3,1000,30000,오타 자동보정 (옵션A); 2→3차 역행,사후관리DB(원본월별·5년이용량분석)
D199830033,F-317,2023,13201.7,9385.9,15200.4,15997.2,17421.4,16426.7,18053.9,18697.3,17727.6,14182.9,6961.4,6228.0,1050,36000,3→4차 역행,사후관리DB(원본월별·5년이용량분석)
D199830035,F-318,2023,18678.4,20468.6,19149.3,22555.8,24214.2,24774.2,23478.3,25927.9,29270.1,26143.3,27453.2,21230.0,900,39000,3→4차 역행,사후관리DB(원본월별·5년이용량분석)
D199830036,F-319,2023,1507.1,2255.9,4999.5,8573.0,8987.6,7666.1,4996.1,6963.2,8033.0,7040.3,7341.5,3135.4,850,39000,3→4차 역행,사후관리DB(원본월별·5년이용량분석)
D199830037,F-369,2023,12906.5,13103.3,12876.9,16082.4,15159.6,15497.2,14936.4,16229.2,16668.2,13961.4,15022.8,13729.8,700,27000,3→4차 역행,사후관리DB(원본월별·5년이용량분석)
D199830038,F-320,2023,31752.1,31948.5,29245.8,33436.0,32246.6,32243.2,32217.8,32950.8,33786.8,32865.5,33564.2,28083.7,1200,36000,3→4차 역행,사후관리DB(원본월별·5년이용량분석)
D199830042,F-322,2023,6096.9,6515.4,7557.1,10984.5,10471.5,11760.7,8903.7,10616.7,13411.2,11246.1,11539.6,7592.1,1400,42000,3→4차 역행,사후관리DB(원본월별·5년이용량분석)
D199830043,F-323,2023,2338.8,3131.2,2650.4,3081.1,3352.5,3356.0,2435.0,3164.4,4803.4,3914.4,3804.4,2354.4,800,36000,3→4차 역행,사후관리DB(원본월별·5년이용량분석)
D199830044,F-370,2023,4697.6,7169.3,4389.1,3596.6,3394.4,4234.9,3739.3,6701.5,9113.5,8614.0,8035.6,4170.7,700,27000,2→3차 역행,사후관리DB(원본월별·5년이용량분석)
D199830045,F-324,2023,11062.2,12333.0,12531.5,14487.4,13074.2,12579.4,11489.9,11287.2,15652.9,14811.4,15861.9,7957.9,1200,36000,3→4차 역행,사후관리DB(원본월별·5년이용량분석)
D199830055,F-326,2023,2130.5,2213.5,2105.8,3336.2,2925.2,2741.5,2965.3,3680.0,4387.7,3446.1,4937.8,2168.5,1218,18000,3→4차 역행,사후관리DB(원본월별·5년이용량분석)
D199830056,F-325,2023,39677.4,39688.7,38844.7,40747.9,36044.7,40653.9,42399.1,40145.1,25580.6,37419.6,38219.9,39849.8,1200,36000,전년 자료 없음 — 외삽; 3→4차 역행,사후관리DB(원본월별·5년이용량분석)
D199830057,F-329,2023,0.2,0.2,0.2,2.2,2.2,3.5,0,0,0,0,0,0,850,18000,3→4차 역행,사후관리DB(원본월별·5년이용량분석)
D199830064,F-327,2023,19255.9,20476.4,20724.4,16026,16401,11845.5,12512.0,12769.0,12994.1,279.6,1.8,1.2,900,27000,3→4차 역행,사후관리DB(원본월별·5년이용량분석)
D199830065,S-009,2023,5352.1,9512.1,12182.3,16815.7,17546.2,16175.3,16935.0,16327.4,15057.0,11040.7,12790.3,8893.3,1000,30000,3→4차 역행,사후관리DB(원본월별·5년이용량분석)
D199830066,F-330,2023,5786.2,8615.1,8004.7,8615.8,4590.9,5173.7,5319.6,20211.4,9078.2,18371.1,18618.8,13377.3,950,15000,,사후관리DB(원본월별·5년이용량분석)
D199830073,F-380,2023,8785.7,9576.2,8651.2,10649.9,9444.8,10513.7,7036.0,7790.4,8238.3,7441.5,8511.6,7903.9,900,27000,,사후관리DB(원본월별·5년이용량분석)
D199830075,F-311,2023,3302.5,5461.6,5230.1,4194.5,7092.3,2755.5,2467.3,5974.8,8301.6,23298.6,12074.3,4662.1,1500,30000,오타 자동보정 (옵션A); 2→3차 역행; 3→4차 역행,사후관리DB(원본월별·5년이용량분석)
D199830076,F-309,2023,16326.8,14060.4,14418.0,16401.7,15710.6,15999.6,13365.7,19786.2,19018.3,26684.3,17908.9,8720.6,1000,15000,3→4차 역행,사후관리DB(원본월별·5년이용량분석)
D199830077,F-310,2023,10948.6,11296.2,11466.3,10270.2,9160.9,8898.7,6803.8,10982.1,13593.3,38386.1,22249.0,11022.7,800,12000,오타 자동보정 (옵션A); 2→3차 역행,사후관리DB(원본월별·5년이용량분석)
D199830090,F-331,2023,14.7,14.5,13.3,54.9,57.7,46.9,291.0,10477.7,13461.4,10097.4,17968.4,2356.2,650,12000,,사후관리DB(원본월별·5년이용량분석)
D199830091,F-332,2023,168.6,149.3,252.9,349.3,82.0,134.6,463.1,10074.4,2233.7,5161.8,6430.1,437.2,800,12000,,사후관리DB(원본월별·5년이용량분석)
D199830092,F-378,2023,1259.6,1298.2,1200.1,1041.7,16848.8,18747.5,15973.6,15993.4,17613.5,17978.9,18570.1,15469.9,800,15000,,사후관리DB(원본월별·5년이용량분석)
D199830093,R-004,2023,9640.7,11426.0,10942.7,14642.4,14119.1,13681.6,13036.7,14047.5,15308.2,15643.3,19800.9,10414.5,1020,30600,3→4차 역행,사후관리DB(원본월별·5년이용량분석)
D199830094,R-005,2023,8420.5,8285.0,11119.6,16544.3,12876.9,13921.4,9764.5,17737.7,15927.6,17484.5,15273.8,14298.9,825,24750,⚠ 오타 의심 (수동 검토 필요); 3→4차 역행,사후관리DB(원본월별·5년이용량분석)
D199840018,F-333,2023,7674.0,8750.0,7430.0,11975.0,8357.0,8933.0,8502.0,11135.0,10873.0,9552.0,11519.0,12263.0,800,13500,,
D199840019,F-349,2023,3293.0,4324.0,3225.0,2099.0,1978.0,2545.0,1953.0,2554.0,1992.0,2255.0,1979.0,1669.0,850,12000,,
D199840020,R-006,2023,5817.0,2475.0,1747.0,3016.0,2684.0,2959.0,3258.0,2830.0,3891.0,3548.0,4604.0,3731.0,900,24300,,
D199840023,S-007,2023,709.0,314.0,326.0,1535.0,568.0,422.0,250.0,121.0,663.0,5143.0,20259.0,2350.0,1200,16500,,
D199840025,F-336,2023,13996.0,14892.0,13322.0,14862.0,14364.0,15550.0,15407.0,16862.0,15427.0,15593.0,15411.0,16373.0,1000,15000,,
D199840026,F-337,2023,9152.0,11266.0,11360.0,16981.0,17941.0,15183.0,16528.0,12942.0,17697.0,14472.0,14653.0,9860.0,800,12300,,
D199840027,F-338,2023,13.0,12.0,12.0,16077.0,18757.0,12577.0,14062.0,13672.0,17380.0,12863.0,13912.0,11790.0,1000,15000,,
D199840053,F-335,2023,12826.0,14442.0,12016.0,13962.0,13519.0,14483.0,14703.0,12853.0,13437.0,14380.0,14843.0,13485.0,1000,15000,,
D199840054,F-334,2023,0.0,0.0,214.0,302.0,1.0,0.0,0.0,0.0,0.0,2.0,1.0,0.0,850,15000,,
D199840058,F-386,2023,11999.0,15710.0,17656.0,24803.0,21436.0,11281.0,9906.0,6959.0,6467.0,5442.0,7290.0,5450.0,900,27000,,
D199840059,F-341,2023,2040.0,3440.0,6005.0,12697.0,6502.0,10153.0,7491.0,7101.0,8696.0,7980.0,9560.0,4632.0,700,12000,,
D199840060,F-342,2023,8080.0,8716.0,10312.0,13351.0,14051.0,13116.0,12918.0,12511.0,12409.0,12453.0,13106.0,9558.0,850,12000,,
D199840061,F-343,2023,7157.0,9079.0,11912.0,15818.0,14479.0,14380.0,12744.0,12750.0,12858.0,10316.0,14089.0,10175.0,850,12000,,
D199840062,F-344,2023,14531.0,16348.0,18244.0,18816.0,15046.0,14333.0,17374.0,24470.0,19426.0,18347.0,22461.0,19846.0,700,10500,,
D199840063,F-345,2023,7685.0,7012.0,10706.0,14810.0,12569.0,13187.0,12417.0,15581.0,12648.0,9880.0,10602.0,8622.0,1050,15000,,
D199840064,F-346,2023,8664.0,9420.0,12275.0,15321.0,13588.0,13627.0,12103.0,13584.0,14619.0,10517.0,13475.0,9509.0,1050,30000,,
D199840065,F-347,2023,22910.0,15843.0,18256.0,23542.0,26127.0,14963.0,15770.0,21125.0,8317.0,15114.0,20379.0,18033.0,1050,31110,,
D199840115,R-007,2023,990.0,1948.0,4556.0,2176.0,1800.0,2150.0,3002.0,8315.0,4902.0,8830.0,4618.0,864.0,900,13500,,
D199840116,F-356,2023,1574.0,1816.0,1435.0,3798.0,3110.0,2365.0,2172.0,1447.0,2448.0,7497.0,11195.0,1172.0,750,13500,,
D199840117,F-354,2023,2106.0,2945.0,2924.0,6160.0,5377.0,5597.0,5533.0,4297.0,6992.0,7121.0,17553.0,4150.0,800,24000,,
D199840118,F-355,2023,15758.0,16407.0,15207.0,16150.0,14711.0,14472.0,12687.0,12917.0,12154.0,14224.0,15938.0,14224.0,850,13500,,
D199840119,F-351,2023,2435.0,3108.0,5132.0,6015.0,5051.0,6170.0,2226.0,6509.0,3546.0,9111.0,7297.0,2569.0,850,13500,,
D199840121,F-350,2023,6266.0,5965.0,6298.0,13394.0,11993.0,13258.0,5945.0,7303.0,5937.0,11572.0,7111.0,4402.0,700,12000,,
D199840136,F-340,2023,13993.0,15469.0,13974.0,18710.0,17585.0,16442.0,15869.0,15524.0,15611.0,13947.0,14931.0,10529.0,800,12000,,
D199910003,F-360,2023,11293.6,11114.1,14627.6,13828.9,13762.2,13938.1,14580.3,15131.0,14835.5,15582.7,15147.9,15686.1,950,28500,2→3차 역행,사후관리DB(원본월별·5년이용량분석)
D199910004,F-361,2023,1475.3,3701.0,6731.0,4984.0,4132.1,4928.6,7197.2,3181.9,2071.0,2111.9,738.9,116.1,800,30060,3→4차 역행,사후관리DB(원본월별·5년이용량분석)
D199910005,F-359,2023,23678.7,22347.4,27914.9,14348.8,13857.4,14643.7,14240.5,16304.4,15484.6,11004.1,9107.4,9179.9,850,30000,오타 자동보정 (옵션A); 2→3차 역행,사후관리DB(원본월별·5년이용량분석)
D199910006,F-357,2023,542.3,605.7,1517.6,1176.4,1202.8,1359.6,1274.8,1454.2,476.2,665.0,813.6,951.7,700,21240,3→4차 역행,사후관리DB(원본월별·5년이용량분석)
D199910007,F-358,2023,8287.2,7437.0,8479.7,8956.1,8253.9,8904.7,9071.5,8890.1,7459.4,9277.3,7058.2,6590.2,700,21600,3→4차 역행,사후관리DB(원본월별·5년이용량분석)
D199910008,F-362,2023,1759.8,1438.4,1857.6,2673.2,3846.3,4279.6,4023.0,3864.2,3930.2,4721.5,4106.2,4229.4,800,24240,3→4차 역행,사후관리DB(원본월별·5년이용량분석)
D199910009,F-363,2023,4387.1,4054.7,4441.4,4166.7,3943.5,4533.3,3512.0,11.5,10.9,0,0,0,600,27060,2→3차 역행,사후관리DB(원본월별·5년이용량분석)
D199920008,F-364,2023,6637.0,6406.0,11256.0,12405.0,10606.0,11212.0,7749.0,12368.0,11412.0,11096.0,10012.0,7101.0,750,6000,,
D199920009,F-365,2023,4382.0,4984.0,7441.0,12318.0,9830.0,8043.0,8729.0,6305.0,11788.0,10021.0,14847.0,5668.0,600,6000,,
D199920027,S-011,2023,5586.0,7243.0,10775.0,7621.0,7383.0,7798.0,10270.0,15042.0,14243.0,14028.0,13825.0,6355.0,750,22500,,
D199920028,S-010,2023,4783.0,4795.0,6692.0,2784.0,2085.0,2307.0,7377.0,10277.0,7787.0,9261.0,8081.0,5571.0,800,24500,,
D199930016,F-379,2023,11477.3,13287.1,10777.0,12596.3,12944.6,11622.7,11215.7,11879.8,810.1,0,0,0,700,29400,,사후관리DB(원본월별·5년이용량분석)
D199930017,F-374,2023,6328.3,6385.2,6258.8,9430.8,7770.8,6823.7,7584.1,8933.8,8969.4,8521.3,9252.5,9889.7,800,24000,3→4차 역행,사후관리DB(원본월별·5년이용량분석)
D199930023,F-368,2023,9019.6,13981.3,13638.0,13433.9,13014.6,13563.9,14817.5,15181.1,20574.3,19433.6,24736.9,11274.0,900,27000,3→4차 역행,사후관리DB(원본월별·5년이용량분석)
D199930024,F-375,2023,2647.2,1339.7,554.2,329.6,597.1,499.6,1847.6,5451.5,6034.8,750.6,680.6,122.5,800,27000,3→4차 역행,사후관리DB(원본월별·5년이용량분석)
D199930025,F-376,2023,3438.4,4365.7,4961.7,7522.9,7319.7,7508.9,7754.1,11677.1,10562.8,7091.0,6661.6,4643.5,900,27000,3→4차 역행,사후관리DB(원본월별·5년이용량분석)
D199930026,F-366,2023,8267.5,8677.6,7729.7,10090.2,7982.5,7121.5,6888.1,8348.9,11984.4,22868.5,29594.7,9369.7,1000,15000,,사후관리DB(원본월별·5년이용량분석)
D199930038,F-381,2023,8461.6,6999.1,3236.6,4727.4,3400.2,1210.5,2241.6,2786.9,8413.3,7423.5,8013.1,8120.1,700,21000,,사후관리DB(원본월별·5년이용량분석)
D199930045,F-371,2023,39216.9,40152.5,37223.0,31476.5,32455.6,35435.5,32988.9,39924.2,37401.3,32131.2,21827.4,15126.4,1000,30000,3→4차 역행,사후관리DB(원본월별·5년이용량분석)
D199930047,R-008,2023,631.8,715.6,1414.5,1278.2,701.2,369.8,30.8,1292.2,1394.9,7842.5,4952.8,3208.7,800,24000,3→4차 역행,사후관리DB(원본월별·5년이용량분석)
D199930048,F-372,2023,9897.9,8658.0,9715.5,10545.4,13345.8,10513.1,10030.9,11789.4,13445.0,18358.3,21444.5,15839.0,900,27000,3→4차 역행,사후관리DB(원본월별·5년이용량분석)
D199930049,R-009,2023,0,0,0,0,0,0,1.0,1.3,1.5,5136.9,8768.5,6003.0,1000,30000,3→4차 역행,사후관리DB(원본월별·5년이용량분석)
D199930060,F-373,2023,7017.0,4702.4,8996.5,8941.4,7386.7,1557.1,0,0,0,1.4,1.6,1.4,900,27000,3→4차 역행,사후관리DB(원본월별·5년이용량분석)
D199930064,F-377,2023,6003.9,12361.6,9871.7,9143.7,7542.5,8552.9,7572.2,9517.5,8203.8,13751.2,10361.0,6448.5,800,24000,,사후관리DB(원본월별·5년이용량분석)
D199930075,F-367,2023,7125.1,3655.0,3473.5,4238.6,6770.1,1570.8,1573.9,2527.5,1013.3,5222.7,2839.9,593.4,650,20100,,사후관리DB(원본월별·5년이용량분석)
D199930079,S-012,2023,1575.4,1130.4,1447.8,1900.9,2086.5,2888.5,2441.0,3390.3,6099.8,11341.4,4121.7,2969.5,750,27000,오타 자동보정 (옵션A); 2→3차 역행,사후관리DB(원본월별·5년이용량분석)
D199930080,S-013,2023,7775.5,16961.4,18323.1,2180.1,1252.1,1584.0,6241.5,23154.1,19994.5,18407.5,14669.8,5881.9,800,24000,,사후관리DB(원본월별·5년이용량분석)
D199940023,F-391,2023,16918.0,18069.0,22105.0,28671.0,38480.0,41845.0,33727.0,37818.0,37050.0,34996.0,22126.0,18547.0,800,24000,,
D199940024,F-395,2023,2441.0,3037.0,2753.0,4742.0,3822.0,3338.0,4833.0,4175.0,4173.0,3321.0,4663.0,4181.0,900,22056,,
D199940025,F-394,2023,4727.0,6565.0,7485.0,8882.0,6546.0,5418.0,5671.0,4902.0,6848.0,5753.0,6256.0,4385.0,1000,30060,,
D199940036,F-392,2023,14336.0,13989.0,15012.0,17801.0,16132.0,17942.0,16203.0,19132.0,18559.0,18591.0,25375.0,25612.0,900,24000,,
D199940037,R-010,2023,8033.0,7893.0,8107.0,11214.0,10622.0,10770.0,7740.0,8342.0,8826.0,9088.0,6768.0,6476.0,600,24000,,
D199940040,F-384,2023,2278.0,2352.0,1575.0,1866.0,1925.0,2196.0,3310.0,3395.0,3994.0,7372.0,19048.0,1521.0,850,25620,,
D199940041,F-383,2023,1359.0,1103.0,1124.0,1766.0,1948.0,2163.0,1652.0,1453.0,2013.0,3335.0,13246.0,1721.0,1000,30000,,
D199940042,F-382,2023,3519.0,3588.0,2591.0,5427.0,3817.0,3496.0,2891.0,2929.0,6167.0,13796.0,26930.0,3586.0,1050,30000,,
D199940050,F-387,2023,4859.0,5823.0,5251.0,24197.0,23218.0,22553.0,20767.0,22485.0,23732.0,19844.0,20242.0,15090.0,1000,22800,,
D199940051,F-388,2023,9442.0,11612.0,10191.0,13856.0,11851.0,11679.0,11088.0,12268.0,11862.0,11302.0,12444.0,10412.0,900,22000,,
D199940052,F-389,2023,18947.0,18223.0,16215.0,22021.0,19034.0,18350.0,15681.0,14163.0,16644.0,14870.0,16150.0,11366.0,700,25650,,
D199940053,R-011,2023,0.0,0.0,0.0,0.0,0.0,3.0,0.0,0.0,0.0,0.0,8.0,0.0,600,21000,,
D199940058,F-390,2023,16888.0,17697.0,20879.0,26364.0,25142.0,23190.0,23371.0,24578.0,23255.0,20561.0,21905.0,20074.0,800,24240,,
D199940059,F-393,2023,16670.0,16884.0,16131.0,18047.0,16691.0,17453.0,17582.0,19708.0,18935.0,18812.0,18681.0,17588.0,1000,31560,,
D199940065,F-353,2023,1887.0,2703.0,3119.0,10296.0,8367.0,7983.0,7097.0,6993.0,10754.0,3611.0,6496.0,2417.0,900,24000,,
D199940073,F-385,2023,3321.0,3380.0,2950.0,3525.0,3128.0,2985.0,4994.0,4945.0,5489.0,6383.0,10247.0,4256.0,1050,30000,,
D199940098,F-396,2023,14950.0,14856.0,13378.0,21611.0,19150.0,18678.0,19167.0,20207.0,21773.0,20907.0,22388.0,21717.0,700,24000,,
D199940112,S-015,2023,5215.0,5370.0,4305.0,4455.0,3097.0,2779.0,5853.0,5710.0,6887.0,14549.0,22232.0,4179.0,1300,24000,,
D199940113,S-014,2023,9469.0,5107.0,8421.0,3633.0,3288.0,3445.0,4208.0,4584.0,7979.0,14541.0,24901.0,10276.0,850,24000,,
D200010005,F-399,2023,5967.8,4673.1,6970.7,6228.6,5994.2,6327.3,6569.9,5892.3,4549.5,5221.4,5380.3,5318.3,800,25650,2→3차 역행,사후관리DB(원본월별·5년이용량분석)
D200010006,F-402,2023,4662.0,3787.1,5321.1,6809.5,5814.3,6564.9,5799.9,7183.1,5707.8,6541.5,3721.1,3835.2,700,27540,2→3차 역행,사후관리DB(원본월별·5년이용량분석)
D200010009,S-016,2023,5207.5,5546.6,5580.9,5779.2,5157.8,5797.1,6292.5,6583.6,6263.8,5218.2,5417.1,5120.4,600,18000,2→3차 역행,사후관리DB(원본월별·5년이용량분석)
D200010010,F-398,2023,5706.0,5804.7,3282.2,3033.4,2462.8,2754.2,2235.5,4161.9,2643.6,3798.5,4161.6,3399.1,700,21270,3→4차 역행,사후관리DB(원본월별·5년이용량분석)
D200010011,F-397,2023,1150.3,1473.2,1268.0,1221.7,1035.4,1061.5,1629.8,1584.4,1415.8,1471.3,1360.1,1174.7,500,15240,3→4차 역행,사후관리DB(원본월별·5년이용량분석)
D200010012,F-400,2023,6552.7,6331.9,9010.5,9994.5,10429.4,11512.3,10725.7,11853.6,9349.6,8948.7,7602.1,7316.9,700,28080,2→3차 역행,사후관리DB(원본월별·5년이용량분석)
D200010013,F-401,2023,0,0,0,0,0,0,2.3,2.4,2.4,0,0,0,950,28500,"2→3차 역행(-160), Period 무효",사후관리DB(원본월별·5년이용량분석)
D200020009,F-404,2023,20499.0,18358.0,15537.0,25260.0,18823.0,15759.0,15101.0,12404.0,19849.0,16069.0,21898.0,14000.0,600,18000,,
D200020010,F-405,2023,4418.0,4406.0,5639.0,9935.0,8844.0,8546.0,9534.0,7721.0,12513.0,9263.0,10506.0,4306.0,614,18420,,
D200020031,S-017,2023,3971.0,6236.0,6687.0,4110.0,4294.0,4357.0,4578.0,9711.0,7913.0,9202.0,3837.0,3573.0,700,18000,,
D200020032,F-406,2023,4897.0,4862.0,5443.0,5787.0,5513.0,5328.0,5549.0,4404.0,7171.0,8349.0,10697.0,3920.0,600,18000,,
D200030016,R-012,2023,794.7,781.8,796.3,1450.7,1028.5,1284.8,848.2,1079.6,1036.2,1604.9,845.5,332.3,800,24000,3→4차 역행,사후관리DB(원본월별·5년이용량분석)
D200030017,R-013,2023,0,0,0,0,0,1,0,0,0,0,1,0,800,24000,2→3차 역행,사후관리DB(원본월별·5년이용량분석)
D200030018,A-002,2023,7467.9,14806.9,13293.0,14697.0,12555.4,69.9,12332.1,22380.6,11346.4,78.1,65.8,47.5,800,24000,,사후관리DB(원본월별·5년이용량분석)
D200030032,F-422,2023,29.3,30,19.4,51.6,52.5,2956.8,4034.5,6913.2,2662.8,31.0,5254.9,2012.6,800,16000,,사후관리DB(원본월별·5년이용량분석)
D200030033,F-409,2023,461.6,76.4,71.7,110.7,110.7,14339.2,9980.4,2713.3,7194.4,8225.3,19904.5,16535.8,700,24000,,사후관리DB(원본월별·5년이용량분석)
D200030034,F-420,2023,2638.4,3035.9,3846.0,5457.9,4335.4,5377.9,3206.5,5240.1,4752.9,7803.7,4166.8,2126.5,800,24000,3→4차 역행,사후관리DB(원본월별·5년이용량분석)
D200030035,F-421,2023,7012.7,7740.3,9279.9,8298.3,8630.8,15906.7,14138.6,15516.1,13600.8,13857.7,11958.9,5355.7,800,24000,오타 자동보정 (옵션A); 2→3차 역행; 3→4차 역행,사후관리DB(원본월별·5년이용량분석)
D200030036,F-408,2023,114.9,3208.1,104.4,1747.5,3693.4,9863.5,4506.3,1367.2,381.2,1475.1,11453.8,118.9,750,24000,,사후관리DB(원본월별·5년이용량분석)
D200030037,F-407,2023,29672.4,26276.3,17981.5,18159.9,18518.1,20318.7,19415.1,23550.3,22717.5,21053.1,25666.4,9533.3,800,24000,,사후관리DB(원본월별·5년이용량분석)
D200030068,F-411,2023,2746.3,2314.8,2660.4,2840.6,2021.0,1480.7,1503.4,0,0,0,0,2080.5,800,24000,3→4차 역행,사후관리DB(원본월별·5년이용량분석)
D200030069,F-410,2023,1324.9,3337.3,3285.4,4179.6,5019.5,3902.5,3775.7,7237.6,3129.6,4792.8,4420.5,3862.7,600,18000,3→4차 역행,사후관리DB(원본월별·5년이용량분석)
D200030070,F-414,2023,19217.1,19382.2,18145.9,20116.5,18722.5,27039.2,3131.0,5871.2,7224.8,17938.4,23812.2,16184.6,810,24300,3→4차 역행,사후관리DB(원본월별·5년이용량분석)
D200030071,F-415,2023,3065.2,7473.9,9299.0,12490.3,13010.1,12354.1,12018.3,12890.8,13106.1,12190.1,12142.9,8578.5,750,22500,3→4차 역행,사후관리DB(원본월별·5년이용량분석)
D200030072,F-416,2023,5441.1,6042.2,4783.8,7145.7,9855.5,9751.5,8765.8,10758.6,12850.6,11899.4,10367.8,7391.7,800,24000,3→4차 역행,사후관리DB(원본월별·5년이용량분석)
D200030073,F-423,2023,1980.1,1937.2,1667.9,1855.5,1963.7,6598.0,11070.1,2785.7,2581.5,5580.9,2473.6,2283.7,750,22500,⚠ 오타 의심 (수동 검토 필요); 전년 자료 없음 — 외삽; 3→4차 역행,사후관리DB(원본월별·5년이용량분석)
D200030076,F-418,2023,0,0,0,0,0,0,0,0,0,0,0,0,800,24000,,사후관리DB(원본월별·5년이용량분석)
D200030077,F-412,2023,9295.4,10413.1,10929.7,11357.1,9597.8,10328.0,10074.0,12570.0,11150.6,12145.7,10113.1,5600.8,800,24000,3→4차 역행,사후관리DB(원본월별·5년이용량분석)
D200030078,F-417,2023,847.8,789.7,543.2,968.7,803.8,544.8,704.9,423.9,1091.2,8600.2,18366.7,977.8,800,24000,3→4차 역행,사후관리DB(원본월별·5년이용량분석)
D200030079,F-419,2023,15797.8,16693.4,17838.7,22915.5,20987.6,21531.7,17936.7,21726.5,21042.9,23500.0,21006.7,16975.5,700,21000,오타 자동보정 (옵션A); 2→3차 역행; 3→4차 역행,사후관리DB(원본월별·5년이용량분석)
D200030080,F-413,2023,14519.1,15686.3,12940.0,22238.6,22471.2,25218.1,18535.1,19641.9,18857.5,16770.1,14657.1,12729.0,800,24000,3→4차 역행,사후관리DB(원본월별·5년이용량분석)
D200040024,R-015,2023,3751.0,4170.0,3908.0,3095.0,2955.0,3551.0,4825.0,5371.0,5848.0,5811.0,6337.0,5727.0,800,24000,,
D200040035,R-014,2023,7080.0,7609.0,7366.0,11018.0,10898.0,11331.0,8608.0,8508.0,10353.0,9933.0,9694.0,8419.0,700,24000,,
D200040037,F-428,2023,2416.0,1697.0,976.0,5265.0,1335.0,1651.0,945.0,701.0,1007.0,7568.0,20788.0,896.0,900,24000,,
D200040038,F-427,2023,0.0,428.0,372.0,2831.0,937.0,676.0,714.0,579.0,2480.0,9974.0,20914.0,137.0,1000,24000,,
D200040039,F-425,2023,11486.0,11583.0,12992.0,16364.0,13559.0,12475.0,16249.0,16052.0,17254.0,14089.0,17845.0,14527.0,850,24000,,
D200040040,F-424,2023,13597.0,16612.0,16621.0,23133.0,21825.0,21951.0,21703.0,6033.0,16097.0,12590.0,16858.0,10830.0,600,18000,,
D200040041,F-431,2023,3655.0,5251.0,6882.0,9487.0,7549.0,9690.0,8567.0,10778.0,8613.0,8465.0,8312.0,7736.0,600,18000,,
D200040042,F-430,2023,24993.0,25757.0,23614.0,25413.0,24012.0,25457.0,23656.0,25556.0,26161.0,25714.0,25564.0,24575.0,700,18000,,
D200040091,F-432,2023,25630.0,35006.0,28708.0,28766.0,28224.0,29444.0,20169.0,18456.0,23084.0,22498.0,20223.0,19428.0,700,28200,,
D200040092,F-426,2023,1179.0,108.0,565.0,436.0,611.0,256.0,103.0,929.0,2485.0,23338.0,8509.0,1593.0,800,18000,,
W200040109,F-429,2023,7587.0,8239.0,6734.0,9614.0,8539.0,8890.0,8359.0,8289.0,9650.0,12859.0,25289.0,8849.0,800,24000,,
W200040110,S-019,2023,2484.0,3083.0,4669.0,3865.0,3449.0,3703.0,5512.0,6437.0,6295.0,4981.0,5477.0,4832.0,800,16800,,
W200110005,F-434,2023,5264.0,6323.0,7323.0,7541.2,6835.0,7958.4,6332.5,8760.1,8404.7,8119.7,7388.3,5611.5,800,24240,3→4차 역행,사후관리DB(원본월별·5년이용량분석)
W200110008,F-435,2023,6531.4,5696.3,7377.8,10446.8,9609.9,10436.0,7993.4,9334.0,8385.1,9091.0,7663.0,8646.6,650,19590,3→4차 역행,사후관리DB(원본월별·5년이용량분석)
W200110009,F-437,2023,4218.5,4774.8,4228.5,6474.3,6656.0,7748.8,6014.3,8776.4,6667.1,4699.0,5414.2,3559.8,800,24300,3→4차 역행,사후관리DB(원본월별·5년이용량분석)
W200110010,F-436,2023,943.9,1646.1,1337.4,2066.8,1994.3,1819.0,2199.5,1522.4,1453.6,1623.8,1467.1,1505.5,800,25200,3→4차 역행,사후관리DB(원본월별·5년이용량분석)
W200110011,F-438,2023,4595.8,6306.1,4721.6,5602.1,5761.0,4853.8,3720.4,5990.3,4042.0,5320.0,4241.3,4527.0,700,21600,2→3차 역행,사후관리DB(원본월별·5년이용량분석)
W200110012,F-439,2023,1112.7,1175.8,1358.3,1815.5,1601.4,3020.4,1561.5,5123.3,2800.0,2471.4,2840.0,1759.6,800,18000,3→4차 역행,사후관리DB(원본월별·5년이용량분석)
W200120019,F-441,2023,7334.0,8527.0,9764.0,12356.0,11477.0,10750.0,8951.0,12319.0,12936.0,13287.0,13754.0,6941.0,700,21000,,
W200120020,F-440,2023,581.0,562.0,708.0,1467.0,1828.0,842.0,1240.0,705.0,1809.0,1644.0,4296.0,1060.0,500,18000,,
W200120021,F-468,2023,8037.0,9446.0,11013.0,15802.0,15765.0,18330.0,10629.0,14580.0,11674.0,10197.0,9008.0,7010.0,800,24000,,
W200130021,F-448,2023,0.6,0.6,0.5,0.6,0.5,0.6,0,0,0,3.7,24.7,3.9,600,18000,3→4차 역행,사후관리DB(원본월별·5년이용량분석)
W200130030,F-445,2023,8444.3,9672.7,7738.2,10773.5,9320.9,9819.4,8400.5,10207.5,12290.7,14677.5,12197.2,8562.5,800,24000,3→4차 역행,사후관리DB(원본월별·5년이용량분석)
W200130031,F-447,2023,15596.3,19450.0,17823.3,18641.5,18079.3,18564.2,17993.6,18840.3,16422.1,20715.7,21667.6,16758.0,900,27000,3→4차 역행,사후관리DB(원본월별·5년이용량분석)
W200130036,F-457,2023,14056.0,11522.4,12908.8,13831.2,16921.4,14528.8,14975.8,14607.7,18334.3,21364.2,9348.5,8116.3,900,27000,3→4차 역행,사후관리DB(원본월별·5년이용량분석)
W200130037,F-449,2023,635.2,333.0,1057.6,1886.7,2678.1,1798.2,850.4,0,0,0,0,8547.7,900,27000,3→4차 역행,사후관리DB(원본월별·5년이용량분석)
W200130038,F-442,2023,19800.7,18138.8,16748.1,13706.7,12447.8,14135.8,14526.0,25471.9,7291.9,21053.0,22334.8,19781.0,800,24000,,사후관리DB(원본월별·5년이용량분석)
W200130045,F-458,2023,5304.8,4337.7,6023.0,7187.2,7112.7,7068.4,5227.6,5982.2,7813.5,15393.4,9126.7,9283.0,700,21000,3→4차 역행,사후관리DB(원본월별·5년이용량분석)
W200130046,F-456,2023,4342.2,4016.6,8113.8,7493.9,8213.4,7147.1,6694.1,9391.1,12699.1,17375.7,4751.4,4647.0,800,24000,3→4차 역행,사후관리DB(원본월별·5년이용량분석)
W200130047,F-446,2023,10871.4,12265.4,12046.2,13897.8,13736.1,15450.4,14608.9,18800.3,20405.8,19066.9,19071.2,12471.5,800,24000,3→4차 역행,사후관리DB(원본월별·5년이용량분석)
W200130048,F-443,2023,6392.9,1047.7,928.2,1336.4,1170.5,3865.5,4660.6,5550.6,6721.7,6705.8,7537.1,0,700,21000,,사후관리DB(원본월별·5년이용량분석)
W200130049,F-444,2023,26354.5,29532.5,27350.5,31028.7,30237.8,28912.7,28234.9,24659.4,23396.7,15479.9,18729.9,0,700,21000,,사후관리DB(원본월별·5년이용량분석)
W200130050,F-453,2023,3113.1,3683.1,6688.7,8299.0,6876.4,7440.5,5066.7,9263.5,8070.8,15122.5,9846.7,5082.1,800,24000,3→4차 역행,사후관리DB(원본월별·5년이용량분석)
W200130051,F-476,2023,1382.0,1375.4,2102.7,1785.4,940.4,1144.8,746.1,1585.4,1673.9,4658.5,2368.2,484.5,800,24000,3→4차 역행,사후관리DB(원본월별·5년이용량분석)
W200130052,F-454,2023,498.8,500.4,807.3,711.3,539.1,469.5,763.3,983.2,2513.8,4740.4,3372.8,1098.1,800,24000,⚠ 오타 의심 (수동 검토 필요); 3→4차 역행,사후관리DB(원본월별·5년이용량분석)
W200130062,F-452,2023,3053.5,3672.8,3140.7,5566.9,6039.6,6022.5,4635.6,4887.0,5149.3,6255.0,6713.5,6772.9,700,21000,⚠ 오타 의심 (수동 검토 필요); 3→4차 역행,사후관리DB(원본월별·5년이용량분석)
W200130063,R-016,2023,891.9,722.4,1451.3,1221.1,324.8,298.2,177.8,1946.1,4881.6,22167.0,11644.8,1693.2,1000,30000,3→4차 역행,사후관리DB(원본월별·5년이용량분석)
W200130064,R-017,2023,577.2,1584.4,2333.9,1462.1,1668.2,1002.9,377.6,1442.3,1530.7,12393.2,3216.0,748.1,1000,30000,3→4차 역행,사후관리DB(원본월별·5년이용량분석)
W200130070,F-450,2023,3270.8,2891.1,3890.6,6676.3,6970.6,8740.2,9584.4,12097.5,13942.8,11126.2,7521.7,0,700,21000,3→4차 역행,사후관리DB(원본월별·5년이용량분석)
W200130071,F-455,2023,10358.0,11414.7,14579.1,9831.1,7552.0,7547.5,9369.0,14930.1,13608.1,18804.0,13681.0,8435.2,800,24000,3→4차 역행,사후관리DB(원본월별·5년이용량분석)
W200140097,F-462,2023,5737.0,8749.0,7483.0,9829.0,8631.0,9304.0,6694.0,10726.0,9950.0,11726.0,9794.0,7024.0,800,24240,,
W200140127,F-461,2023,3265.0,3269.0,2609.0,3658.0,4000.0,3447.0,3293.0,2830.0,5344.0,9454.0,25484.0,3338.0,850,26400,,
W200140128,F-459,2023,9097.0,14514.0,12237.0,20167.0,15212.0,13495.0,15237.0,15383.0,16507.0,14467.0,19311.0,13480.0,700,23850,,
W200140129,F-467,2023,960.0,2675.0,2385.0,2590.0,2235.0,2501.0,2044.0,3115.0,2930.0,3834.0,2759.0,2224.0,500,24300,,
W200140141,F-464,2023,3231.0,1128.0,1571.0,7168.0,2965.0,2828.0,2599.0,2399.0,4900.0,13117.0,25400.0,1642.0,900,25200,,
W200140142,F-465,2023,4365.0,3633.0,3710.0,5748.0,4916.0,4674.0,4027.0,4252.0,5082.0,13727.0,21443.0,3747.0,850,25500,,
W200140143,F-460,2023,5404.0,7004.0,5959.0,8413.0,7233.0,6689.0,7833.0,5688.0,8178.0,8641.0,15144.0,8917.0,900,27090,,
W200140156,F-463,2023,3457.0,1866.0,675.0,812.0,1640.0,780.0,905.0,862.0,2242.0,5369.0,21453.0,1823.0,700,22110,,
W200140157,F-466,2023,1482.0,9.0,9.0,8166.0,6.0,0.0,3.0,0.0,0.0,3.0,2.0,0.0,850,28020,,
W200140158,R-019,2023,10543.0,10316.0,10866.0,6472.0,2874.0,2487.0,4580.0,8660.0,8039.0,10389.0,12312.0,6617.0,850,25620,,
W200140159,R-018,2023,3659.0,4774.0,5817.0,5438.0,4032.0,4849.0,4879.0,9609.0,5247.0,7431.0,5467.0,3459.0,600,24300,,
W200210003,F-471,2023,293.1,809.9,1477.2,128.9,951.2,10308.2,10099.1,9209.7,4667.2,429,130.9,277.9,800,24000,3→4차 역행,사후관리DB(원본월별·5년이용량분석)
W200210004,F-470,2023,0,0,0,0,0,0,0,0,0,21.3,23.8,21.3,800,24000,"3→4차 역행(-8132), Period 무효",사후관리DB(원본월별·5년이용량분석)
W200210007,F-469,2023,8590.5,8782.8,10572.2,10942.7,10305.0,12355.2,12777.2,13804.0,11548.3,12494.4,10478.3,9967.6,800,24000,3→4차 역행,사후관리DB(원본월별·5년이용량분석)
W200220011,F-472,2023,1411.0,1275.0,1359.0,1635.0,1443.0,1634.0,1303.0,1702.0,1520.0,1477.0,1910.0,1573.0,800,17000,,
W200220012,F-474,2023,15703.0,18302.0,20674.0,21447.0,20682.0,20680.0,18360.0,21905.0,23479.0,26178.0,27279.0,19735.0,700,21000,,
W200220013,F-473,2023,13615.0,13273.0,15758.0,18635.0,17041.0,19165.0,14787.0,22101.0,20084.0,15319.0,14125.0,8762.0,600,18000,,
W200220014,F-475,2023,2473.0,2359.0,6462.0,11572.0,10711.0,9624.0,10339.0,7950.0,14467.0,9954.0,11053.0,4115.0,700,21000,,
W200230012,F-481,2023,5068.5,5937.8,8486.0,9815.8,7671.5,8078.5,7576.9,11802.5,11506.5,14390.1,6028.6,5093.6,800,24000,3→4차 역행,사후관리DB(원본월별·5년이용량분석)
W200230013,F-484,2023,460.4,2016.7,2438.4,3740.0,3029.5,4331.5,3895.4,3275.6,4528.5,5639.3,6558.6,721.1,800,24000,⚠ 오타 의심 (수동 검토 필요); 3→4차 역행,사후관리DB(원본월별·5년이용량분석)
W200230014,F-489,2023,249.6,553.0,523.5,218.9,131.5,111.5,213.4,6630.2,6042.5,9816.7,9322.1,6687.9,700,21000,,사후관리DB(원본월별·5년이용량분석)
W200230015,F-488,2023,16477.6,19018.5,14885.5,5944.0,4085.3,6415.7,3855.6,6668.8,6298.3,12784.5,11834.7,7280.0,800,24000,,사후관리DB(원본월별·5년이용량분석)
W200230016,F-477,2023,1537.0,1754.1,3241.8,2986.2,1885.9,2590.9,1391.4,3503.7,3883.2,14129.7,7382.9,2308.1,800,24000,3→4차 역행,사후관리DB(원본월별·5년이용량분석)
W200230017,F-478,2023,0,0,0,0,0,0,0,0,0,0,0,0,,,,사후관리DB(원본월별·5년이용량분석)
W200230020,F-483,2023,4.9,4.9,6.2,9.9,9.9,187.8,0.3,1.7,34.4,491.4,10.9,9.1,800,24000,3→4차 역행,사후관리DB(원본월별·5년이용량분석)
W200230021,F-482,2023,8963.8,8462.4,11227.1,11727.8,12006.2,11144.8,11417.9,12303.5,11508.7,13200.6,9876.8,10281.2,800,24000,3→4차 역행,사후관리DB(원본월별·5년이용량분석)
W200230022,F-479,2023,444.1,461.9,715.2,506.4,211.6,189.0,186.5,759.0,1272.3,9451.8,4807.7,1604.2,600,18000,3→4차 역행,사후관리DB(원본월별·5년이용량분석)
W200230029,F-487,2023,1498.0,1264.7,1187.7,1883.8,2146.7,2085.5,1973.2,2149.6,2015.7,3559.0,3545.7,2533.8,800,24000,3→4차 역행,사후관리DB(원본월별·5년이용량분석)
W200230030,R-020,2023,434.2,726.8,835.9,1808.7,943.1,1159.0,620.2,2031.5,1626.4,6660.1,5801.3,962.9,800,24000,3→4차 역행,사후관리DB(원본월별·5년이용량분석)
W200230042,R-021,2023,1546.4,1595.2,1866.7,2235.5,1587.9,1505.7,967.9,1919.4,3109.6,7376.8,3373.9,1243.9,800,24000,3→4차 역행,사후관리DB(원본월별·5년이용량분석)
W200230044,F-480,2023,1760.6,3074.7,2651.5,5477.8,5436.5,3014.6,3784.1,4536.5,3359.7,6001.4,5564.3,2913.3,800,24000,3→4차 역행,사후관리DB(원본월별·5년이용량분석)
W200240015,F-492,2023,3121.0,2502.0,2202.0,5939.0,3295.0,3418.0,3820.0,5312.0,5151.0,14503.0,27660.0,2474.0,900,27000,,
W200240034,F-493,2023,0.0,558.0,0.0,432.0,99.0,198.0,29.0,29.0,1652.0,7586.0,13732.0,301.0,800,24000,,
W200240035,R-022,2023,2086.0,1843.0,1827.0,3476.0,3098.0,3482.0,1970.0,2776.0,2313.0,2418.0,2614.0,2179.0,600,21000,,
W200240046,R-023,2023,5962.0,14817.0,17968.0,16549.0,18234.0,18308.0,26379.0,27267.0,33090.0,30438.0,30108.0,15427.0,800,24000,,
W200240051,F-491,2023,2249.0,2223.0,3182.0,1194.0,868.0,502.0,16.0,399.0,821.0,17302.0,6855.0,721.0,700,21000,,
W200240052,F-490,2023,8395.0,8384.0,9234.0,17415.0,15055.0,11770.0,13704.0,11791.0,14031.0,10395.0,13221.0,11242.0,900,27000,,
W200310004,F-494,2023,2873.8,3544.2,3216.4,4058.9,3262.2,4448.7,3014.6,5061.8,4382.7,4843.0,4330.2,3882.6,700,21000,3→4차 역행,사후관리DB(원본월별·5년이용량분석)
W200310006,F-495,2023,12638.6,10333.2,9954.4,11178.2,14227.8,13029.8,13502.8,14130.8,13014.2,19855.4,20174.9,14857.8,800,24000,2→3차 역행,사후관리DB(원본월별·5년이용량분석)
W200320014,F-496,2023,4171.0,3597.0,3007.0,3626.0,4327.0,2790.0,2938.0,6776.0,3458.0,3001.0,2768.0,2135.0,500,15000,,
W200320016,F-499,2023,5031.0,7135.0,7787.0,11819.0,10051.0,9803.0,11993.0,8231.0,12387.0,11281.0,11754.0,6712.0,700,21000,,
W200320017,F-497,2023,2957.0,5288.0,14316.0,17895.0,14038.0,14704.0,12092.0,13498.0,13241.0,13983.0,14629.0,11262.0,550,16500,,
W200320018,F-498,2023,4030.0,6346.0,10755.0,15787.0,15416.0,13736.0,10859.0,12224.0,10782.0,11288.0,9291.0,5908.0,800,24000,,
W200320019,F-403-1,2023,6119.0,6152.0,5749.0,7041.0,6784.0,6609.0,6965.0,7490.0,9563.0,8790.0,13911.0,6454.0,500,15000,,
W200320020,F-500,2023,418.0,452.0,899.0,1116.0,1334.0,1304.0,724.0,1299.0,1166.0,1440.0,1295.0,636.0,600,18000,,
W200330052,F-503,2023,3535.0,170.9,484.8,4255.8,4646.5,4355.5,4509.2,3354.2,8044.4,12934.9,2654.4,2331.9,800,24000,3→4차 역행,사후관리DB(원본월별·5년이용량분석)
W200330053,F-501,2023,6351.2,13503.4,13176.4,15733.1,13351.9,17078.7,11033.0,14758.4,10749.0,20070.8,11548.0,5101.8,800,24000,3→4차 역행,사후관리DB(원본월별·5년이용량분석)
W200330057,F-506,2023,4875.1,6115.3,6858.4,11057.6,9817.4,9817.4,10170.9,10050.2,13451.4,11568.4,9975.9,4710.5,700,21000,전년 자료 없음 — 외삽; 2→4차 역행; 2→4차 역행,사후관리DB(원본월별·5년이용량분석)
W200330062,F-504,2023,15227.3,13976.6,15125.0,11643.5,15461.6,17195.2,15173.4,14631.1,11073.7,11869.5,10711.7,14969.1,800,24000,,사후관리DB(원본월별·5년이용량분석)
W200330064,R-024,2023,9009.8,11954.2,11771.6,14047.5,12844.3,13388.8,10796.0,14866.7,10918.1,14079.5,11169.7,8429.5,800,24000,3→4차 역행,사후관리DB(원본월별·5년이용량분석)
W200330065,F-508,2023,1813.5,1852.6,1848.7,2453.1,2136.9,1953.1,1836.3,2538.4,3910.6,2726.2,2971.2,2051.4,700,21000,3→4차 역행,사후관리DB(원본월별·5년이용량분석)
W200330077,F-507,2023,5033.9,5458.0,5526.1,6342.8,6397.6,6438.7,5747.3,6384.9,9483.4,10875.7,11794.8,5535.3,900,27000,3→4차 역행,사후관리DB(원본월별·5년이용량분석)
W200330078,F-510,2023,13628.1,17110.8,13025.1,18198.7,20097.0,23787.3,19290.5,11800.6,10092.3,24426.8,34725.1,11567.6,800,24000,,사후관리DB(원본월별·5년이용량분석)
W200330079,F-502,2023,1620.0,2750.8,1362.7,1328.4,1169.0,1202.8,1365.2,2018.4,3528.4,10612.6,4478.2,2366.5,800,24000,오타 자동보정 (옵션A); 2→3차 역행,사후관리DB(원본월별·5년이용량분석)
W200330081,R-025,2023,4625.0,1951.9,2451.7,3478.2,2650.3,3606.9,4122.5,7216.7,9352.6,11121.7,8910.3,7770.9,700,21000,3→4차 역행,사후관리DB(원본월별·5년이용량분석)
W200330082,F-505,2023,898.3,403.1,718.3,5.4,0.4,0.4,0.2,0,1.2,55.9,12.6,10.8,900,27000,3→4차 역행,사후관리DB(원본월별·5년이용량분석)
W200330083,F-509,2023,13998.1,14592.5,13068.6,15318.5,14931.6,15275.0,12517.8,16064.7,15227.6,14823.8,15425.1,17058.5,800,24000,오타 자동보정 (옵션A); 2→3차 역행; 3→4차 역행,사후관리DB(원본월별·5년이용량분석)
W200340023,F-520,2023,797.0,889.0,350.0,6275.0,2721.0,1231.0,1451.0,1068.0,3472.0,13152.0,24282.0,984.0,800,24000,,
W200340024,F-516,2023,11094.0,11741.0,17346.0,23448.0,21227.0,21572.0,19431.0,22268.0,27239.0,19786.0,20428.0,13018.0,700,21000,,
W200340028,F-518,2023,11391.0,12110.0,11272.0,11976.0,10830.0,11590.0,10040.0,12493.0,10712.0,13536.0,4624.0,4074.0,800,24000,,
W200340029,F-514,2023,3480.0,3058.0,2772.0,5083.0,5276.0,4039.0,4352.0,3774.0,5427.0,4484.0,4847.0,3781.0,800,24000,,
W200340031,F-515,2023,13666.0,16338.0,19373.0,23883.0,18226.0,22146.0,25311.0,20886.0,23127.0,21524.0,21390.0,17453.0,700,21000,,
W200340032,R-026,2023,9588.0,10996.0,16076.0,13531.0,14444.0,10104.0,20722.0,17210.0,21165.0,16201.0,14491.0,12309.0,800,24000,,
W200340033,F-519,2023,6834.0,6608.0,7644.0,9208.0,6200.0,5187.0,4736.0,3761.0,5359.0,10092.0,23285.0,5860.0,800,24000,,
W200340034,F-521,2023,1774.0,1968.0,1295.0,3022.0,1610.0,1213.0,1165.0,1807.0,1639.0,5589.0,13523.0,1432.0,800,24000,,
W200340035,F-522,2023,2767.0,2811.0,21.0,296.0,167.0,544.0,25.0,25.0,754.0,7426.0,20842.0,2902.0,800,24000,,
W200340036,F-517,2023,11.0,69.0,10.0,12.0,556.0,77.0,9.0,88.0,72.0,83.0,13.0,9.0,800,24000,,
W200340046,F-513,2023,5862.0,6391.0,3990.0,5619.0,7213.0,9666.0,9051.0,15212.0,12860.0,13825.0,12982.0,11457.0,800,24000,,
W200340052,R-027,2023,2168.0,3125.0,4340.0,3044.0,2488.0,2870.0,2990.0,8706.0,5517.0,10648.0,6523.0,3692.0,700,21000,,
W200410005,F-433,2023,13827.7,15153.1,15117.8,17730.2,16451.5,17096.8,15561.3,14826.9,12060.9,12240.0,13336.9,13241.0,600,18000,2→3차 역행,사후관리DB(원본월별·5년이용량분석)
W200410006,F-523,2023,21104.4,20612.7,19706.4,24659.4,25209.0,26964.0,25039.5,25859.3,26303.0,26194.5,25164.2,22511.0,700,21000,3→4차 역행,사후관리DB(원본월별·5년이용량분석)
W200420001,F-526,2023,10563.0,8626.0,12972.0,12355.0,9725.0,10282.0,9329.0,13162.0,12329.0,15350.0,18021.0,11217.0,700,21000,,
W200420002,F-525,2023,5934.0,3136.0,7960.0,10948.0,10252.0,9980.0,10193.0,12369.0,13961.0,12234.0,11453.0,6189.0,800,24000,,
W200420003,F-524,2023,4961.0,6431.0,3411.0,3454.0,2374.0,2030.0,3694.0,2540.0,3863.0,5238.0,6433.0,3364.0,700,21000,,
W200430016,F-529,2023,4973.6,7816.0,8463.1,11464.0,9527.8,9473.4,6588.2,11746.9,10659.9,13028.3,7148.8,3277.6,800,24000,3→4차 역행,사후관리DB(원본월별·5년이용량분석)
W200430017,F-527,2023,26105.7,17303.7,20857.8,22080.4,22637.3,21309.8,24892.4,26171.1,25362.0,26850.1,25855.1,26780.6,800,24000,2→3차 역행,사후관리DB(원본월별·5년이용량분석)
W200430018,F-528,2023,3651.6,3480.4,4613.5,5586.8,4793.8,4386.5,4400.7,6465.6,6965.4,9362.5,5202.9,5460.4,800,24000,3→4차 역행,사후관리DB(원본월별·5년이용량분석)
W200440020,R-029,2023,4987.0,5604.0,5407.0,3394.0,3011.0,3062.0,4801.0,5870.0,5628.0,6232.0,5963.0,3892.0,800,18000,,
W200440021,F-531,2023,2550.0,2648.0,2497.0,7085.0,3527.0,2517.0,2624.0,2521.0,4398.0,13518.0,27968.0,1712.0,800,24000,,
W200520003,F-536,2023,12624.0,15279.0,13910.0,14824.0,12856.0,11378.0,6955.0,9685.0,8790.0,26977.0,23067.0,21746.0,700,21000,,
W200520004,F-537,2023,6546.0,7546.0,7415.0,8452.0,8210.0,8449.0,7349.0,9676.0,9066.0,8974.0,8734.0,7722.0,700,21000,,
W200520005,F-538,2023,2896.0,4147.0,4420.0,8759.0,7580.0,7761.0,7615.0,7612.0,9500.0,7134.0,8699.0,3657.0,600,18000,,
W200530001,F-540,2023,4748.8,3873.7,6085.9,6165.6,6788.8,5269.6,3642.0,9212.5,15383.1,21827.4,6791.4,6228.1,800,18000,3→4차 역행,사후관리DB(원본월별·5년이용량분석)
W200540001,F-533,2023,973.0,389.0,466.0,5380.0,1273.0,684.0,462.0,43.0,1816.0,9952.0,16501.0,1221.0,800,21000,,
W200540002,F-532,2023,2950.0,2757.0,2442.0,3397.0,1865.0,2167.0,2003.0,2100.0,3513.0,12738.0,14831.0,4212.0,800,21000,,
W200540003,R-030,2023,3716.0,4162.0,5845.0,3122.0,2572.0,2625.0,3261.0,8744.0,7010.0,19411.0,10255.0,3488.0,700,21000,,
W200540020,F-546,2023,16246.0,18473.0,16990.0,21912.0,19660.0,22078.0,22504.0,20232.0,19932.0,19300.0,16696.0,13719.0,800,24000,,
W200540021,F-545,2023,23260.0,19279.0,18598.0,24960.0,23257.0,19794.0,16668.0,16430.0,18078.0,17625.0,18598.0,17163.0,800,24000,,
W200540023,F-548,2023,2397.0,3354.0,5020.0,6086.0,4558.0,6418.0,3419.0,7074.0,5528.0,5375.0,3929.0,2820.0,700,21000,,
W200540024,F-550,2023,311.0,212.0,146.0,476.0,152.0,208.0,137.0,108.0,259.0,1440.0,3894.0,400.0,700,21000,,
W200540025,F-549,2023,8806.0,6865.0,4293.0,6344.0,6731.0,8155.0,7279.0,8056.0,8567.0,7091.0,4708.0,3490.0,800,24000,,
W200540027,F-547,2023,14177.0,13017.0,16323.0,21721.0,16360.0,18768.0,22614.0,25154.0,19570.0,16251.0,14835.0,18238.0,900,27000,,
W200610002,F-551,2023,0,0,0,0,0,0,1501.5,5934.5,5964.9,7515.4,6404.6,6175.8,800,24000,3→4차 역행,사후관리DB(원본월별·5년이용량분석)
W200610008,F-568,2023,0,0,0,0,0,0,0,0,0,0,0,0,1500,45000,"전년→1차 역행(-11.0), 1차→2차 평균 사용",사후관리DB(원본월별·5년이용량분석)
W200610009,F-569,2023,13645.0,14194.5,11523.0,12951.6,12798.6,12374.1,10353,11564.7,10684.3,12255.2,12455.6,13004.8,1500,45000,,사후관리DB(원본월별·5년이용량분석)
W200610014,F-541,2023,17366.3,17602.7,15892.1,16044.6,16432.8,16902.5,16805.2,8127.6,13883.5,18016.6,17818.3,0,1000,30000,2→3차 역행,사후관리DB(원본월별·5년이용량분석)
W200610015,F-542,2023,17463.8,17705.4,15981.9,1.0,1.0,1.1,17476.0,16692.4,21724.9,4002.3,3955.2,0,1000,30000,3→4차 역행,사후관리DB(원본월별·5년이용량분석)
W200610016,F-543,2023,20.6,21.4,19.1,313.7,1.2,1.5,21.6,583.9,6202.5,1.8,2.5,0,1000,30000,2→3차 역행,사후관리DB(원본월별·5년이용량분석)
W200610017,F-544,2023,0,0,0.6,601.6,328.6,33.6,126.3,44403.1,25733.0,994.5,753.9,0,1000,30000,오타 자동보정 (옵션A); 2→3차 역행,사후관리DB(원본월별·5년이용량분석)
W200620002,F-556,2023,2301.0,2018.0,1474.0,4194.0,2505.0,2991.0,2569.0,1822.0,3413.0,8303.0,17610.0,2151.0,800,24000,,
W200620003,F-557,2023,195.0,369.0,383.0,1110.0,719.0,720.0,530.0,249.0,528.0,3867.0,8528.0,256.0,800,24000,,
W200620004,F-559,2023,10682.0,11361.0,11577.0,14013.0,14189.0,13085.0,12617.0,12442.0,13124.0,12380.0,12846.0,12002.0,700,21000,,
W200620006,F-558,2023,2636.0,2699.0,2710.0,3255.0,3567.0,3909.0,3894.0,3167.0,4945.0,6876.0,15784.0,3515.0,800,24000,,
W200620010,F-562,2023,4343.0,5557.0,6767.0,7892.0,6187.0,5374.0,3034.0,6661.0,4924.0,8862.0,6849.0,4508.0,900,27000,,
W200620011,F-554,2023,12515.0,15511.0,12181.0,16638.0,15493.0,15411.0,15388.0,16190.0,16509.0,17726.0,24938.0,15439.0,600,18000,,
W200620012,F-560,2023,9624.0,11195.0,14546.0,18289.0,15835.0,16618.0,17298.0,17461.0,16295.0,12224.0,12267.0,12711.0,900,27000,,
W200620018,F-561,2023,1808.0,1378.0,1581.0,1128.0,290.0,144.0,172.0,145.0,318.0,382.0,295.0,1336.0,900,27000,,
W200630021,F-553,2023,9050.0,19960.1,11448.8,12059.6,10466.8,12150.8,8785.9,12836.6,16454.1,22630.7,14773.5,11468.4,800,24000,3→4차 역행,사후관리DB(원본월별·5년이용량분석)
W200710016,F-565,2023,19213.8,15804.6,21835.4,20746.3,20416.3,13543.6,0,18400.5,20664.9,25075.2,20682.0,21833.4,800,24000,⚠ 오타 의심 (수동 검토 필요); 전년 자료 없음 — 외삽; 3→4차 역행,사후관리DB(원본월별·5년이용량분석)
W200710017,F-570,2023,2774.4,6930.2,6637.6,8262.4,6796.4,8871.1,6837.6,11005.5,6691.4,9990.7,7206.1,3809.0,800,24000,3→4차 역행,사후관리DB(원본월별·5년이용량분석)
W200710018,F-566,2023,7903.8,7499.4,6613.6,6353.6,6829.4,5959.2,7925.5,7725.5,10317.1,9760.5,8112.5,4757.0,900,27000,3→4차 역행,사후관리DB(원본월별·5년이용량분석)
W200710019,F-563,2023,20393.5,26247.7,21039.2,23923.9,15374.2,13441.3,14070.8,17327.8,16238.0,22375.1,17907.0,11926.4,1000,30000,,사후관리DB(원본월별·5년이용량분석)
W200710020,F-564,2023,0,0,0,0,0,0,0.4,0.4,0.4,0.8,0.8,0.8,1000,30000,,사후관리DB(원본월별·5년이용량분석)
W200710036,F-567,2023,5379.7,3403.4,3078.4,2831.5,2512.8,2702.0,3238.7,4921.7,1928.9,3358.2,3184.3,3603.7,500,15000,2→3차 역행,사후관리DB(원본월별·5년이용량분석)
W200720008,F-574,2023,3935.0,5161.0,5971.0,6933.0,8319.0,11713.0,6922.0,11139.0,9372.0,8628.0,8801.0,6141.0,600,18000,,
W200720009,F-571,2023,12184.0,14300.0,19201.0,27457.0,22291.0,25479.0,18548.0,34108.0,24035.0,17487.0,17742.0,9690.0,700,21000,,
W200720010,F-575,2023,3703.0,4043.0,4703.0,7079.0,5061.0,6007.0,4411.0,4950.0,6371.0,4867.0,5614.0,2571.0,900,18900,,
W200720011,F-576,2023,22977.0,22036.0,20365.0,27637.0,23776.0,25413.0,23285.0,24230.0,21102.0,22197.0,26243.0,19247.0,700,21000,,
W200720012,F-573,2023,103.0,5496.0,6265.0,8153.0,7381.0,8883.0,5848.0,7178.0,6527.0,4710.0,5483.0,4980.0,800,24000,,
W200720021,F-572,2023,1987.0,1975.0,1843.0,3343.0,3530.0,3564.0,3104.0,3381.0,4892.0,5226.0,7403.0,2297.0,800,24000,,
W200720022,F-577,2023,3008.0,2537.0,2551.0,5337.0,6088.0,6500.0,6144.0,4811.0,10520.0,14781.0,28057.0,4805.0,800,24000,,
W200810009,F-578,2023,6326.4,8886.3,13132.1,45.6,1.1,1.4,48.7,1496.5,12059.6,18298.2,10561.8,8747.5,800,24000,3→4차 역행,사후관리DB(원본월별·5년이용량분석)
W200810010,F-579,2023,1304.1,1210.5,796.5,1107.9,749.7,716.4,276.3,1024.2,1154.7,8799.6,4794.9,1357.3,800,24000,3→4차 역행,사후관리DB(원본월별·5년이용량분석)
W200810011,F-580,2023,10848.3,12901.5,14242.4,11504.6,12734.0,13440.2,10402.4,11828.4,15482.2,13856.4,15579.3,8764.2,800,24000,3→4차 역행,사후관리DB(원본월별·5년이용량분석)
W200810012,F-581,2023,8693.9,9073.1,11425.4,12432.3,9934.3,12391.9,13242.0,13988.4,9138.3,12089.2,9169.5,9371.0,800,24000,3→4차 역행,사후관리DB(원본월별·5년이용량분석)
W200810016,F-582,2023,2892.7,3395.5,5273.2,6278.1,5539.1,6546.8,4434.9,7758.0,6829.6,13387.3,5348.3,1502.0,800,24000,3→4차 역행,사후관리DB(원본월별·5년이용량분석)
W200810017,F-583,2023,13145.6,12877.4,9652.4,10893.5,5976.1,6302.0,6742.3,8346.4,7393.0,7518.0,8085.2,7014.2,500,15000,⚠ 오타 의심 (수동 검토 필요); 3→4차 역행,사후관리DB(원본월별·5년이용량분석)
W200810018,F-591,2023,4375.5,13025.9,9616.1,2514.3,4626.8,5930.7,6528.0,8078.9,7142.1,7207.7,7772.6,6728.4,500,15000,3→4차 역행,사후관리DB(원본월별·5년이용량분석)
W200810019,F-584,2023,19.2,19.2,19.2,9140.8,10943.8,13753.5,14508.7,14714.7,15031.0,22391.6,25325.0,21627.8,900,27000,오타 자동보정 (옵션A); 2→3차 역행,사후관리DB(원본월별·5년이용량분석)
W200810020,F-585,2023,5456.1,3026.6,3641.5,3193.7,3650.5,3087.0,981.5,2269.5,4135.7,2827.4,4189.0,696.7,700,21000,3→4차 역행,사후관리DB(원본월별·5년이용량분석)
W200810026,F-586,2023,1291.4,1319.2,2490.9,2261.4,2244.2,2937.6,2341.9,4560.0,3360.3,3736.9,2054.9,1777.4,810,24300,2→3차 역행,사후관리DB(원본월별·5년이용량분석)
W200820014,F-587,2023,3789.0,4653.0,5076.0,7976.0,6320.0,6257.0,5821.0,6766.0,8358.0,14296.0,22073.0,4341.0,900,27000,,
W200820015,F-588,2023,3815.0,4017.0,4998.0,5220.0,5235.0,6306.0,3883.0,7719.0,7137.0,10325.0,7350.0,4414.0,800,24000,,
W200820016,F-589,2023,0.0,0.0,0.0,1.0,1.0,1.0,1.0,1.0,1.0,1.0,1.0,1.0,800,24000,,
W200820020,F-590,2023,11145.0,9515.0,8437.0,13941.0,18270.0,18490.0,18625.0,18979.0,19315.0,18525.0,17455.0,8603.0,800,24000,,
W200820028,F-555-1,2023,6853.0,6023.0,6238.0,6393.0,7237.0,7724.0,8308.0,9191.0,8433.0,5151.0,8193.0,7050.0,300,9000,,
W200910003,F-592,2023,6443.5,7322.3,6094.1,7819.9,9540.7,4859.3,0,0,0,19854.0,14236.8,9989.4,800,24000,3→4차 역행,사후관리DB(원본월별·5년이용량분석)
W200910004,F-593,2023,0,331.1,6208.8,7039.3,6191.3,4586.3,357.9,1291.5,2999.9,5339.9,11126.7,4424.8,800,24000,3→4차 역행,사후관리DB(원본월별·5년이용량분석)
W200910007,F-594,2023,7920.7,7156.3,7872.9,237.8,228.3,156.1,283.9,397.7,407.1,16032.0,14660.5,16842.2,700,21000,3→4차 역행,사후관리DB(원본월별·5년이용량분석)
W200910008,F-595,2023,54.0,51.6,215.9,21.4,188.0,1295.4,11019.7,3699.2,23.3,3.9,38.6,68.7,900,27000,3→4차 역행,사후관리DB(원본월별·5년이용량분석)
W200910009,F-596,2023,9129.8,14220.0,7839.6,9119.6,12717.8,20157.4,22333.3,25837.3,25153.5,21801.2,24590.7,20977.1,500,15000,3→4차 역행,사후관리DB(원본월별·5년이용량분석)
W200910017,F-597,2023,1440.4,1043.9,1480.7,871.6,1599.5,1005.7,658.0,2236.9,2438.3,10475.4,4244.9,1765.4,950,28500,⚠ 오타 의심 (수동 검토 필요); 3→4차 역행,사후관리DB(원본월별·5년이용량분석)
W200910018,F-607,2023,11603.9,10795.7,15877.2,17561.3,14663.7,13142.0,10483.0,18096.4,19054.6,29313.6,19907.5,11853.3,900,27000,3→4차 역행,사후관리DB(원본월별·5년이용량분석)
W200910019,F-598,2023,8821.3,9101.8,9894.2,5404.8,5201.3,5384.9,10805.6,13841.3,16662.8,12387.0,15380.0,7508.2,800,24000,3→4차 역행,사후관리DB(원본월별·5년이용량분석)
W200910020,F-599,2023,6584.5,5420.4,7706.6,8314.9,12198.2,15432.2,16992.4,18818.7,20378.7,14144.2,6206.0,10946.1,800,24000,,사후관리DB(원본월별·5년이용량분석)
W200920001,F-600,2023,1207.0,1560.0,2388.0,3426.0,3194.0,3413.0,3541.0,3992.0,5540.0,3066.0,3055.0,2338.0,600,18000,,
W200920025,F-601,2023,3276.0,4727.0,4533.0,5351.0,4074.0,4418.0,3463.0,4644.0,4710.0,4226.0,4000.0,4908.0,800,24000,,
W200920026,F-602,2023,9248.0,17835.0,15324.0,17258.0,15802.0,15371.0,15886.0,12977.0,15849.0,16031.0,17863.0,12917.0,850,25500,,
W200920034,F-603,2023,7083.0,2656.0,12665.0,32506.0,29390.0,31528.0,30613.0,31281.0,33029.0,29438.0,35555.0,26093.0,950,28500,,
W200920035,F-604,2023,1358.0,2230.0,2066.0,3439.0,2927.0,3178.0,3363.0,2504.0,7344.0,4149.0,6800.0,1415.0,800,24000,,
W200920036,F-605,2023,2310.0,2939.0,1813.0,4048.0,3355.0,3253.0,4507.0,5119.0,4729.0,9063.0,15939.0,2127.0,850,25500,,
W200920037,F-606,2023,2350.0,1979.0,5028.0,8501.0,5500.0,4883.0,2024.0,6941.0,4315.0,5488.0,4157.0,2002.0,800,24000,,
W201010002,F-608,2023,13987.1,15293.6,16294.0,23063.9,25694.0,23800.2,18105.9,22859.0,19905.8,25165.5,25987.1,25486.7,700,21000,오타 자동보정 (옵션A); 2→3차 역행; 3→4차 역행,사후관리DB(원본월별·5년이용량분석)
W201010003,F-609,2023,3467.4,2193.3,1300.3,1976.5,1922.7,1041.4,1131.9,1038.6,1207.7,769.1,1252.3,2700.5,600,18000,⚠ 오타 의심 (수동 검토 필요); 3→4차 역행,사후관리DB(원본월별·5년이용량분석)
W201010006,F-611,2023,958.3,570.5,642.4,2069.5,967.2,1666.7,1188.6,973.8,1330.7,3465.8,1746.3,293.3,800,24000,3→4차 역행,사후관리DB(원본월별·5년이용량분석)
W201010007,F-610,2023,2397.0,2526.8,2826.7,4900.4,8405.6,8224.6,5919.0,8780.2,7370.4,10545.5,6277.6,3505.4,800,24000,3→4차 역행,사후관리DB(원본월별·5년이용량분석)
W201010014,F-612,2023,818.0,1377.3,834.7,1070.5,941.0,1001.3,1058.9,1977.9,2054.3,5402.6,4415.2,2056.1,800,24000,⚠ 오타 의심 (수동 검토 필요); 3→4차 역행,사후관리DB(원본월별·5년이용량분석)
W201010015,F-613,2023,2575.3,3650.6,3524.4,5477.8,4723.0,5590.3,3051.1,4116.7,3966.7,5756.0,5176.1,20590.9,800,24000,3→4차 역행,사후관리DB(원본월별·5년이용량분석)
W201010016,F-614,2023,2702.8,951.0,633.3,4039.0,3325.1,3056.6,2672.7,4577.3,3618.3,4873.8,3170.5,1692.1,800,24000,3→4차 역행,사후관리DB(원본월별·5년이용량분석)
W201020012,F-616,2023,8023.0,6125.0,1500.0,11589.0,7820.0,9021.0,9471.0,11501.0,9986.0,6731.0,9539.0,6351.0,900,27000,,
W201020013,F-615,2023,12340.0,12607.0,11257.0,12733.0,11064.0,10471.0,9528.0,9480.0,9376.0,9101.0,8117.0,7754.0,800,24000,,
W201020015,F-617,2023,11697.0,12759.0,11695.0,14566.0,13723.0,13240.0,12787.0,13318.0,13316.0,17585.0,20584.0,16563.0,800,24000,,
W201020025,F-627,2023,0.0,0.0,15.0,20.0,16.0,24.0,29.0,12.0,10.0,7.0,7.0,7.0,600,18000,,
W201110010,F-620,2023,3853.9,5495.4,5332.7,8320.5,8382.5,7195.7,8326.3,6804.9,6680.6,6180.7,6492.0,3941.0,900,27000,3→4차 역행,사후관리DB(원본월별·5년이용량분석)
W201110012,F-618,2023,16167.6,15435.2,14895.4,11835.0,11872.4,12730.9,10778.7,11355.1,12538.8,14771.1,14664.2,12247.2,900,27000,3→4차 역행,사후관리DB(원본월별·5년이용량분석)
W201110013,F-619,2023,6249.3,5874.8,6242.0,8523.2,6249.9,5895.0,3121.3,10729.6,10961.7,30245.1,16633.0,27236.8,900,27000,오타 자동보정 (옵션A); 2→3차 역행,사후관리DB(원본월별·5년이용량분석)
W201120016,F-625,2023,26908.0,28707.0,26111.0,30152.0,29274.0,30262.0,28426.0,30330.0,31454.0,30510.0,31249.0,28568.0,800,24000,,
W201120017,F-626,2023,1958.0,3267.0,4783.0,7890.0,6964.0,6645.0,6854.0,9475.0,10189.0,6865.0,8303.0,4853.0,800,16800,,
W201210002,F-630,2023,18053.2,16622.8,18646.7,20139.0,19380.3,17945.8,23008.1,23401.5,22124.0,27360.0,25283.4,24950.7,800,24000,1→2차 역행; 3→4차 역행,사후관리DB(원본월별·5년이용량분석)
W201210003,F-631,2023,3262.0,6183.8,5596.0,4724.9,4758.1,4276.2,3749.4,5508.3,11075.4,13139.3,13842.7,4404.2,800,24000,3→4차 역행,사후관리DB(원본월별·5년이용량분석)
W201210004,F-628,2023,10629.9,9884.7,14324.9,12681.0,12020.2,11478.3,11966.1,14140.8,17056.7,15699.1,9619.6,9386.0,900,27000,3→4차 역행,사후관리DB(원본월별·5년이용량분석)
W201210005,F-629,2023,5421.4,4535.5,3838.9,3857.7,3524.6,2725.6,3770.3,6002.5,8116.3,9698.2,2109.0,2505.5,800,24000,3→4차 역행,사후관리DB(원본월별·5년이용량분석)
W201210009,F-638,2023,1167.5,780.8,1284.3,1459.1,1113.2,786.8,511.3,2894.2,3231.8,10915.9,4912.6,220.1,800,24000,3→4차 역행,사후관리DB(원본월별·5년이용량분석)
W201210010,F-639,2023,2634.3,3155.7,3035.1,3664.8,3079.7,3697.5,2639.7,4922.5,4266.0,4634.5,4861.8,4552.4,800,24000,,사후관리DB(원본월별·5년이용량분석)
W201210011,F-637,2023,56.1,107.2,57.1,109.0,57.5,105.0,55.2,111.5,105.2,163.5,219.5,274.4,700,21000,3→4차 역행,사후관리DB(원본월별·5년이용량분석)
W201210012,F-640,2023,4248.1,5622.6,7876.0,6820.6,6438.4,6856.7,4778.1,13614.6,10403.9,13363.1,7626.0,4579.3,1000,30000,3→4차 역행,사후관리DB(원본월별·5년이용량분석)
W201210014,F-621,2023,23261.8,20959.3,21860.0,22186.9,20664.9,20040.3,18276.5,26688.0,26498.2,48521.6,23913.9,37.9,1500,45000,전년 자료 없음 — 외삽; 3→4차 역행,사후관리DB(원본월별·5년이용량분석)
W201220032,F-636,2023,12443.0,13421.0,17038.0,27374.0,23449.0,20420.0,24159.0,26911.0,22743.0,18728.0,19577.0,10048.0,900,27000,,
W201220033,F-634,2023,7607.0,7925.0,6901.0,10299.0,10870.0,9652.0,9573.0,8159.0,9894.0,11391.0,13060.0,12307.0,900,27000,,
W201220034,F-632,2023,2141.0,1183.0,2160.0,1407.0,1916.0,1231.0,746.0,1255.0,1949.0,19669.0,5409.0,2089.0,700,21000,,
W201220035,F-633,2023,5968.0,4982.0,3085.0,8881.0,6154.0,6415.0,5241.0,5650.0,8312.0,10456.0,20376.0,4617.0,900,27000,,
W201220040,F-622,2023,2767.0,2792.0,2418.0,4622.0,2175.0,2347.0,5181.0,5510.0,5587.0,13059.0,25626.0,3530.0,1000,30000,,
W201220041,F-624,2023,1002.0,766.0,0.0,1902.0,557.0,873.0,324.0,396.0,1538.0,4440.0,13414.0,198.0,1000,30000,,
W201220056,F-635,2023,11378.0,14127.0,15386.0,18242.0,16553.0,16802.0,14301.0,20069.0,18717.0,19160.0,17094.0,12955.0,800,24000,,
W201310003,F-641,2023,11419.7,10212.4,10882.0,23416.6,24905.2,15333.8,11786.6,14085.3,14519.5,14523.1,16388.7,13794.9,800,24000,1→2차 역행; 3→4차 역행,사후관리DB(원본월별·5년이용량분석)
W201310004,F-642,2023,10.5,9.2,7.8,730.1,1087.5,1683.1,0.2,0.5,0.3,7.6,29.6,7.6,700,21000,3→4차 역행,사후관리DB(원본월별·5년이용량분석)
W201310005,F-645,2023,175.7,42.7,233.4,131.2,243.2,81.1,86.3,91.3,184.2,4518.6,2136.0,284.8,900,27000,3→4차 역행,사후관리DB(원본월별·5년이용량분석)
W201310006,F-644,2023,9771.8,11659.3,13686.3,9447.8,639.9,6805.6,9143.3,20517.9,15966.4,23583.3,9142.4,14805.0,800,24000,,사후관리DB(원본월별·5년이용량분석)
W201310007,F-643,2023,15.4,12.9,16.6,0.8,0.4,0.4,0,0,0,0,0,0,700,21000,3→4차 역행,사후관리DB(원본월별·5년이용량분석)
W201310012,F-646,2023,30695.7,27758.2,29158.4,17788.2,18299.1,15726.9,19215.3,20759.9,23644.9,31459.3,20465.7,26089.0,900,27000,오타 자동보정 (옵션A); 2→3차 역행,사후관리DB(원본월별·5년이용량분석)
W201320008,F-647,2023,1173.0,979.0,985.0,2392.0,1479.0,2151.0,1482.0,1040.0,1698.0,4974.0,8883.0,1077.0,900,27000,,
W201320016,F-648,2023,2914.0,2921.0,3862.0,11817.0,11604.0,12432.0,7706.0,4013.0,11465.0,9434.0,8998.0,5252.0,700,21000,,
W201320017,F-650,2023,10070.0,11721.0,11174.0,16259.0,16037.0,16124.0,13948.0,13776.0,17663.0,14839.0,18436.0,11500.0,700,21000,,
W201320018,F-649,2023,15337.0,18436.0,21106.0,28396.0,24087.0,22728.0,22796.0,19696.0,26035.0,22656.0,25375.0,18288.0,900,27000,,
W201320024,F-623,2023,4748.0,2943.0,3297.0,5332.0,2701.0,3826.0,1409.0,2733.0,5376.0,10973.0,16796.0,2533.0,800,24000,,
W201410006,E-001,2023,14394,15658,18409,18719,19168,6741,13885,24014,21001,19521,19442,7255,800,24000,초과,2017~2026_구좌광역화7공 사후관리DB자료.xlsx
W201410007,E-002,2023,14101,15376,18100,18394,18803,6585,13515,23361,20482,19015,18945,7069,800,24000,0,2017~2026_구좌광역화7공 사후관리DB자료.xlsx
W201410008,E-003,2023,16065,15343,18072,18359,18771,6577,13541,23342,20541,19216,19180,7154,800,24000,0,2017~2026_구좌광역화7공 사후관리DB자료.xlsx
W201410009,E-004,2023,15834,15120,17825,18140,12289,6592,13658,23521,20673,19316,7128,7229,800,24000,0,2017~2026_구좌광역화7공 사후관리DB자료.xlsx
W201410010,E-005,2023,15570,12812,14585,15715,16534,14614,15531,9949,5,12575,16784,11692,800,24000,0,2017~2026_구좌광역화7공 사후관리DB자료.xlsx
W201410011,E-006,2023,15792,12960,14923,16323,17002,15111,15709,16077,24025,12856,11741,11625,800,24000,초과,2017~2026_구좌광역화7공 사후관리DB자료.xlsx
W201410012,E-007,2023,16127,13294,15127,16308,17011,15195,16000,16342,17783,12853,11754,11836,800,24000,0,2017~2026_구좌광역화7공 사후관리DB자료.xlsx
W201410029,F-652,2023,33.3,29.6,5302.1,17138.4,11582.3,3270.0,1912.9,13231.8,60.6,1.6,3.3,0.1,800,24000,2→3차 역행,사후관리DB(원본월별·5년이용량분석)
W201410031,F-653,2023,69.2,63.6,173.8,3.3,0.7,0.7,0.4,0.4,0.3,76.5,309.7,76.5,800,24000,3→4차 역행,사후관리DB(원본월별·5년이용량분석)
W201420006,F-651,2023,768.0,1036.0,1625.0,2328.0,10981.0,16576.0,16036.0,12512.0,1623.0,1251.0,1039.0,869.0,600,18000,,
W201420013,F-655,2023,2175.0,1517.0,514.0,2098.0,2287.0,946.0,1296.0,1062.0,2290.0,4828.0,20237.0,2850.0,900,27000,,
W201420017,F-656,2023,89.0,86.0,301.0,785.0,2259.0,8146.0,8728.0,8201.0,9939.0,10973.0,10993.0,6241.0,900,27000,,
W201420022,F-657,2023,17873.0,17909.0,19951.0,21525.0,12156.0,11640.0,13317.0,12952.0,16464.0,12173.0,13246.0,10969.0,900,27000,,
W201510020,F-654,2023,4070.2,4364.3,4319.3,5731.9,5521.3,5147.3,4848.1,5619.2,8599.3,7083.4,7159.0,1640.5,800,24000,⚠ 오타 의심 (수동 검토 필요); 3→4차 역행,사후관리DB(원본월별·5년이용량분석)
W201510026,F-659,2023,17978.9,18956.6,17116.5,21166.3,21679.6,22625.1,20919.6,21090.8,21010.8,19257.8,19823.7,18355.1,800,24000,3→4차 역행,사후관리DB(원본월별·5년이용량분석)
W201510027,F-660,2023,16851.0,18993.4,16588.1,15820.0,14984.9,15501.3,14147.1,15007.0,9708.8,11481.1,11299.5,9253.2,800,24000,3→4차 역행,사후관리DB(원본월별·5년이용량분석)
W201520003,F-658,2023,3761.0,4195.0,6127.0,11142.0,7900.0,6733.0,6520.0,6636.0,7605.0,6125.0,8180.0,2293.0,700,14700,,
W201610021,F-661,2023,3174.5,3447.2,2711.1,1127.4,1053.6,1127.0,900.3,2623.2,4999.5,5298.9,5215.6,4275.0,800,24000,3→4차 역행,사후관리DB(원본월별·5년이용량분석)
W201620001,F-664,2023,7562.0,10864.0,12978.0,9921.0,10323.0,13389.0,11189.0,13857.0,13823.0,8583.0,9365.0,8316.0,800,24000,,
W201620002,F-665,2023,7085.0,10426.0,12159.0,10921.0,11323.0,14389.0,17430.0,20098.0,20064.0,16732.0,13111.0,11643.0,800,24000,,
W201620003,F-666,2023,6988.0,10369.0,12241.0,11923.0,12325.0,15389.0,20837.0,23505.0,23471.0,17591.0,14982.0,13306.0,800,24000,,
W201620009,F-662,2023,1510.0,1864.0,3038.0,3355.0,2734.0,2771.0,2405.0,3123.0,3070.0,2995.0,3205.0,1834.0,500,15000,,
W201620010,F-663,2023,1763.0,1715.0,2548.0,2720.0,2421.0,2144.0,1877.0,2094.0,1693.0,2919.0,4318.0,2106.0,700,21000,,
W201620012,성읍,2023,0,0,0,0,0,0,0,3,788,8888,9134,9048,800,19200,,농어촌공사DB
W201810023,F-667,2023,1844.9,21.0,19.5,84.7,85.6,55.5,169.2,3019.7,12771.8,14807.5,857.2,22.2,700,21000,3→4차 역행,사후관리DB(원본월별·5년이용량분석)
W201820001,F-662-1,2023,4197.0,5909.0,8380.0,10483.0,8545.0,8662.0,6804.0,8832.0,8686.0,10662.0,11406.0,6528.0,500,15000,,
W201910011,F-668,2023,24.8,22.0,24.8,8787.1,7234.7,10963.2,12389.2,13591.7,13920.3,15216.2,14838.8,15201.4,500,15000,3→4차 역행,사후관리DB(원본월별·5년이용량분석)
W202020012,F-669,2023,2218.0,145.0,129.0,6.0,52.0,57.0,2.0,5.0,55.0,20012.0,7730.0,1605.0,900,27000,,
Y199310610,D-154,2023,8926.7,9488.0,8424.7,9790.0,9711.5,9693.8,9983.4,10088.3,9943.5,9485.8,9982.2,9568.3,750,22500,3→4차 역행,사후관리DB(원본월별·5년이용량분석)
Y199310670,F-044,2023,7119.6,7807.1,5635.9,18835.1,17273.4,13946.8,17795.4,18119.7,19786.9,17451.9,19339.5,15377.2,1250,37500,전년 자료 없음 — 외삽; 3→4차 역행,사후관리DB(원본월별·5년이용량분석)
Y199310671,F-053,2023,6615.4,8810.2,8502.9,10963.4,9788.0,9984.4,9543.6,10005.5,10560.8,8459.7,9466.3,6257.6,1000,30000,3→4차 역행,사후관리DB(원본월별·5년이용량분석)
Y199320005,D-036,2023,11219.0,6184.0,8910.0,14440.0,5709.0,5886.0,3313.0,4686.0,3724.0,4044.0,4190.0,3504.0,850,18000,,
Y199320006,W-024,2023,3043.0,3876.0,4418.0,2940.0,3629.0,4496.0,3562.0,5569.0,3387.0,2915.0,3044.0,2526.0,700,21000,,
Y199320007,D-063,2023,15157.0,17943.0,13575.0,10326.0,9334.0,11622.0,12060.0,12826.0,16789.0,12062.0,14478.0,12449.0,2100,44000,,
Y199320009,D-101,2023,9535.0,11115.0,13610.0,17058.0,16222.0,17921.0,13314.0,19922.0,17294.0,16064.0,17583.0,11458.0,720,21600,,
Y199320011,W-018,2023,9045.0,10158.0,13866.0,9064.0,8299.0,8762.0,12101.0,16300.0,15743.0,17601.0,16847.0,12327.0,1300,39000,,
Y199320831,F-054,2023,16706.0,19990.0,17361.0,18596.0,17372.0,15204.0,13578.0,16003.0,16175.0,18058.0,18241.0,16517.0,700,21000,,
Y199320832,D-250,2023,8288.0,10030.0,8686.0,9469.0,5746.0,6500.0,5385.0,7529.0,7288.0,7624.0,7947.0,6841.0,600,18000,,
Y199320836,F-045,2023,4443.0,4794.0,6199.0,11813.0,10030.0,9433.0,8093.0,6168.0,9750.0,8047.0,10009.0,3438.0,700,21000,,
Y199320837,D-229,2023,10084.0,13398.0,16167.0,17333.0,16038.0,18102.0,15265.0,19478.0,14582.0,16575.0,13490.0,10293.0,2000,17550,,
Y199320838,D-228,2023,5347.0,6293.0,9845.0,15461.0,14307.0,15077.0,11258.0,13258.0,15689.0,16020.0,12827.0,5011.0,950,28500,,
Y199320839,D-178,2023,22608.0,24389.0,28475.0,28803.0,26661.0,27294.0,23474.0,27782.0,26977.0,22356.0,23706.0,19583.0,1300,39000,,
Y199320841,D-087,2023,16233.0,17657.0,16239.0,19867.0,21187.0,18346.0,19435.0,18258.0,25272.0,22373.0,23412.0,16897.0,950,28500,,
Y199320842,D-108,2023,501.0,2136.0,2045.0,2365.0,2299.0,3130.0,961.0,2358.0,2008.0,1996.0,809.0,1091.0,100,2000,,
Y199330023,F-552,2023,1697.0,2271.2,1805.1,2865.4,3422.1,4279.6,3432.7,6156.3,5949.5,7267.6,3933.5,1870.0,800,24000,⚠ 오타 의심 (수동 검토 필요); 3→4차 역행,사후관리DB(원본월별·5년이용량분석)
Y199330039,F-005,2023,9.7,9.7,9.7,17.2,0.6,0.6,0.4,0.3,0.4,20014.9,26517.7,0,850,25500,,사후관리DB(원본월별·5년이용량분석)
Y199330040,F-028,2023,5026.5,23187.5,25902.7,26258.9,15892.3,16534.6,15826.6,22843.2,24926.8,22487.8,19074.2,25819.1,1150,34500,3→4차 역행,사후관리DB(원본월별·5년이용량분석)
Y199330041,D-219,2023,3698.5,4616.3,3463.1,6550.7,6332.2,5814.8,6439.6,6904.2,6217.5,5638.8,6526.1,3833.2,650,19500,3→4차 역행,사후관리DB(원본월별·5년이용량분석)
Y199330042,F-046,2023,660.8,2237.9,962.5,763.5,544.2,522.7,795.1,800.6,4848.1,11841.0,15884.8,634.2,900,27000,오타 자동보정 (옵션A); 2→3차 역행,사후관리DB(원본월별·5년이용량분석)
Y199330043,F-016,2023,14331.8,18380.7,12258.8,14620.0,17851.2,15491.9,17279.0,18392.0,25335.2,22892.2,26762.2,14230.0,1550,46500,전년 자료 없음 — 외삽; 3→4차 역행,사후관리DB(원본월별·5년이용량분석)
Y199330044,D-119,2023,1994.8,3091.0,3002.2,2318.8,2273.7,2063.7,2245.3,2917.2,7532.8,10673.1,15167.9,3097.2,1250,17550,⚠ 오타 의심 (수동 검토 필요); 3→4차 역행,사후관리DB(원본월별·5년이용량분석)
Y199330045,F-017,2023,5903.0,6274.4,5731.4,981.9,636.2,3561.9,14956.2,6460.7,4645.3,11821.3,13821.6,4031.0,1400,20070,3→4차 역행,사후관리DB(원본월별·5년이용량분석)
Y199330046,D-047,2023,5648.9,6658.0,5769.8,6605.7,6815.9,7623.6,6351.4,6534.5,6931.9,6994.2,8190.1,5687.9,1000,30000,3→4차 역행,사후관리DB(원본월별·5년이용량분석)
Y199330047,F-010,2023,2982.1,5641.3,5385.2,6911.9,6967.2,6853.7,6136.2,5706.5,12072.9,14362.4,14799.1,15183.6,1350,40500,3→4차 역행,사후관리DB(원본월별·5년이용량분석)
Y199330048,F-008,2023,2351.0,2606.0,3266.6,4105.8,5208.9,6191.6,5033.0,4972.4,6956.1,8021.5,10663.9,4528.9,1200,36000,3→4차 역행,사후관리DB(원본월별·5년이용량분석)
Y199330049,F-009,2023,9375.3,7235.4,14817.4,18258.3,5772.5,3637.8,4935.5,5797.7,15663.2,19250.4,19473.1,2510.5,1000,30000,오타 자동보정 (옵션A); 2→3차 역행; 3→4차 역행,사후관리DB(원본월별·5년이용량분석)
Y199330050,D-044,2023,0,0,0,0,0,0,0,0,0,0,0,0,,,,사후관리DB(원본월별·5년이용량분석)
Y199330051,F-027,2023,6194.0,7256.1,6608.8,9196.3,9827.9,10738.3,8838.0,9952.3,14576.6,12390.5,15470.6,5931.2,1250,37500,3→4차 역행,사후관리DB(원본월별·5년이용량분석)
Y199330052,D-027,2023,12475.0,10302.8,11673.8,12919.5,10112.2,9712.9,8905.5,10638.0,12852.1,11013.9,12529.0,10315.3,1150,34500,3→4차 역행,사후관리DB(원본월별·5년이용량분석)
Y199330053,F-022,2023,8571.4,9037.3,10023.9,15040.9,16930.5,18302.6,15408.6,17996.2,22139.3,15730.2,19209.0,10813.7,1000,30000,3→4차 역행,사후관리DB(원본월별·5년이용량분석)
Y199330054,D-157,2023,16563.4,6365.1,6803.9,7827.6,11420.6,22131.4,21971.4,12266.2,9628.4,23384.3,21618.0,22242.4,1100,33000,3→4차 역행,사후관리DB(원본월별·5년이용량분석)
Y199330055,F-021,2023,17.5,18.8,15,9.8,0.6,0.7,17.2,20.0,198.8,523.5,204.7,23.5,1250,37500,3→4차 역행,사후관리DB(원본월별·5년이용량분석)
Y199330056,F-037,2023,1164.8,1990.1,1677.3,3116.9,3334.9,2727.0,3262.7,4204.7,6998.8,6013.9,6717.1,1517.4,1250,37500,전년 자료 없음 — 외삽; 3→4차 역행,사후관리DB(원본월별·5년이용량분석)
Y199330057,F-047,2023,5674.0,8640.1,9483.9,10226.8,9038.1,9161.1,9675.7,10034.1,10960.8,10369.9,10696.8,7169.1,700,4560,3→4차 역행,사후관리DB(원본월별·5년이용량분석)
Y199330059,F-023,2023,3659.5,4560.5,5765.6,6987.6,5877.6,6013.6,5460.6,9298.0,2409.4,3605.6,2334.2,319.1,1100,33000,,사후관리DB(원본월별·5년이용량분석)
Y199330060,F-034,2023,6565.9,9175.5,7406.3,10387.3,12674.7,10520.0,11960.8,12692.3,12337.5,11797.0,11772.6,6715.3,1000,30000,3→4차 역행,사후관리DB(원본월별·5년이용량분석)
Y199330061,U-052,2023,21886.2,23995.4,22968.4,27702.0,28839.2,30255.1,28547.6,29124.4,29364.1,25270.4,27112.2,25010.7,1250,37500,1→4차 역행; 1→4차 역행; 1→4차 역행,사후관리DB(원본월별·5년이용량분석)
Y199330062,U-053,2023,0,0,0,0,0,0,0,0,0,2.6,2.6,2.6,1700,51000,,사후관리DB(원본월별·5년이용량분석)
Y199330063,D-067,2023,1335.1,1182.0,1187.4,1345.2,2017.9,1111.3,992.2,1670.0,1702.5,1766.1,1494.6,1268.8,1000,30000,3→4차 역행,사후관리DB(원본월별·5년이용량분석)
Y199330064,D-078,2023,20681.7,21354.4,19632.2,23318.6,23125.8,24298.4,24085.3,25857.6,26231.4,22264.1,23274.7,20704.6,2000,60000,3→4차 역행,사후관리DB(원본월별·5년이용량분석)
Y199330065,D-189,2023,6981.4,6194.9,6150.8,6988.6,7788.7,8348.9,8243.7,9104.0,11123.3,9587.5,10887.3,6557.7,1350,40500,3→4차 역행,사후관리DB(원본월별·5년이용량분석)
Y199330066,F-048,2023,6038.4,6645.2,8042.9,10483.5,10535.9,9213.7,9085.1,10669.6,10189.5,9530.3,9255.6,6976.4,1000,4800,3→4차 역행,사후관리DB(원본월별·5년이용량분석)
Y199330070,U-041,2023,8558.4,501.1,13844.2,8882.7,8767.3,10654.9,6086.6,15008.7,11190.6,24659.2,14692.7,6811.3,1600,48000,⚠ 오타 의심 (수동 검토 필요); 3→4차 역행,사후관리DB(원본월별·5년이용량분석)
Y199330072,D-009,2023,11.4,5.7,5.7,11.5,4,3.5,2.6,2.0,21.6,2649.0,1865.1,16.2,1000,30000,3→4차 역행,사후관리DB(원본월별·5년이용량분석)
Y199330073,D-074,2023,1743.9,2283.5,3000.4,5905.0,5156.3,5568.6,4232.1,5075.7,5648.5,5844.4,5868.2,1031.7,600,17730,3→4차 역행,사후관리DB(원본월별·5년이용량분석)
Y199330074,D-079,2023,3376.1,1942.3,2638.0,15156.0,15526.8,16768.2,20301.2,195.4,1466.2,6191.6,18724.0,171.6,1500,45000,3→4차 역행,사후관리DB(원본월별·5년이용량분석)
Y199330075,D-080,2023,11429.4,11900.5,257.5,7775.8,8206.3,349.6,3069.0,20845.2,16321.4,23619.1,14767.1,1137.0,1600,48000,3→4차 역행,사후관리DB(원본월별·5년이용량분석)
Y199330076,D-086,2023,11422.3,12419.1,22627.4,16670.8,7220.7,11597.3,7643.7,12699.0,21240.2,294.9,11863.2,5149.8,2000,60000,3→4차 역행,사후관리DB(원본월별·5년이용량분석)
Y199330077,D-088,2023,0,0,0,0,0,0,0,0,0,0,0,0,2000,60000,3→4차 역행,사후관리DB(원본월별·5년이용량분석)
Y199330078,D-093,2023,1420.1,245.8,219.7,9.6,9.7,10.0,3.0,3.5,54.1,58323.0,36286.5,4038.2,2000,60000,3→4차 역행,사후관리DB(원본월별·5년이용량분석)
Y199330079,D-102,2023,899.1,1432.5,1166.4,1007.8,777.4,651.2,867.0,790.7,1458.8,3649.4,5965.2,714.7,700,21000,,사후관리DB(원본월별·5년이용량분석)
Y199330080,D-104,2023,0.2,0.2,0.2,1.7,1.7,1.7,0.3,0.3,10.0,12399.7,12780.3,12554.6,1300,39000,3→4차 역행,사후관리DB(원본월별·5년이용량분석)
Y199330083,D-123,2023,164.4,148.2,155.0,4.6,4.4,4.2,3.3,4.8,4.9,3962.1,4537.5,6273.9,1250,37500,3→4차 역행,사후관리DB(원본월별·5년이용량분석)
Y199330084,D-134,2023,2631.6,2137.8,2832.3,3826.3,3306.3,3459.6,2839.2,3086.6,5504.1,11897.0,13716.6,1976.3,1650,49500,3→4차 역행,사후관리DB(원본월별·5년이용량분석)
Y199330085,D-153,2023,1499.3,1484.2,1317.1,1590.4,3908.0,134.5,4972.4,785.4,122.0,323.1,378.9,342.4,1400,42000,3→4차 역행,사후관리DB(원본월별·5년이용량분석)
Y199330086,D-155,2023,124.1,122.6,111.8,8.8,8.7,9.1,171.1,177.5,177.5,5357.3,10384.1,2956.9,1750,52500,전년 자료 없음 — 외삽,사후관리DB(원본월별·5년이용량분석)
Y199330087,D-171,2023,83.8,84.9,75.8,85.2,138.6,44.3,33.6,52.2,114.0,3927.9,1343.0,136.9,2000,60000,3→4차 역행,사후관리DB(원본월별·5년이용량분석)
Y199330088,D-179,2023,9950.7,9827.1,9656.4,27505.6,26825.7,29465.0,29405.2,31412.6,31301.6,34148.5,34822.8,31052.8,1300,39000,오타 자동보정 (옵션A); 2→3차 역행,사후관리DB(원본월별·5년이용량분석)
Y199330089,D-180,2023,14648.8,15598.3,16753.0,17732.2,13117.9,15320.9,8005.4,17716.3,21859.6,45532.3,24286.5,17357.1,1850,55500,,사후관리DB(원본월별·5년이용량분석)
Y199330090,D-190,2023,206.6,200.1,180.4,206.6,187.0,206.6,196.8,206.6,649.4,10794.5,12132.7,95.1,1900,28500,,사후관리DB(원본월별·5년이용량분석)
Y199330091,D-181,2023,887.9,431.3,429.0,113.6,57.1,96.6,114.1,286.8,1448.2,28987.7,13239.1,11653.1,1400,42000,3→4차 역행,사후관리DB(원본월별·5년이용량분석)
Y199330092,D-221,2023,2257.4,4325.3,4816.4,9829.9,8228.0,7895.3,4977.8,10050.8,9652.9,13143.4,11370.8,5530.7,1000,30000,3→4차 역행,사후관리DB(원본월별·5년이용량분석)
Y199330093,F-011,2023,39.7,72.4,53.7,23.0,16.5,17.9,14.9,31.7,35.9,771.9,581.6,541.4,700,21000,3→4차 역행,사후관리DB(원본월별·5년이용량분석)
Y199330094,F-029,2023,7578.8,7039.9,5319.9,12055.1,10605.7,12478.8,14343.9,9564.1,13830.1,17795.9,18697.0,833.3,1300,39000,,사후관리DB(원본월별·5년이용량분석)
Y199330095,D-191,2023,3852.1,4986.4,7098.4,10537.3,7739.7,8776.2,7196.1,7219.6,9043.7,14321.7,16814.4,3958.2,1200,20070,3→4차 역행,사후관리DB(원본월별·5년이용량분석)
Y199330096,F-041,2023,11422.5,9840.0,10096.0,11634.9,10908.5,11632.8,9853.6,14612.6,13952.0,20291.2,13588.2,6629.6,1250,37500,3→4차 역행,사후관리DB(원본월별·5년이용량분석)
Y199330097,D-233,2023,23992.2,21092.2,19770.4,24408.7,23830.4,24138.9,22376.7,23536.0,23398.8,18954.6,21621.2,18596.5,1000,30000,⚠ 오타 의심 (수동 검토 필요); 3→4차 역행,사후관리DB(원본월별·5년이용량분석)
Y199330098,F-049,2023,7165.7,6135.4,9286.1,10804.6,8615.5,9067.4,4982.5,91.0,7893.2,28926.4,16955.6,7767.7,1000,30000,,사후관리DB(원본월별·5년이용량분석)
Y199330100,D-170,2023,9519.3,10593.2,12002.7,12127.0,9694.1,10272.7,5600.0,7079.1,10997.4,28093.4,22213.9,12156.8,1400,42000,3→4차 역행,사후관리DB(원본월별·5년이용량분석)
Y199330107,W-022,2023,6899.7,5569.2,3513.1,4891.5,6673.6,2367.1,2371.8,2792.6,3787.2,6705.6,9134.4,2831.4,1000,30000,3→4차 역행,사후관리DB(원본월별·5년이용량분석)
Y199330108,D-026,2023,7191.0,14448.6,4249.4,10455.2,92.1,1691.3,3380.5,3821.8,4307.9,3762.7,3979.5,4046.3,900,27000,,사후관리DB(원본월별·5년이용량분석)
Y199330109,D-033,2023,2571.7,2404.1,2471.6,589.9,540.4,605.9,8117.5,8583.8,8839.0,29345.3,31508.8,23655.3,1000,30000,2→3차 역행,사후관리DB(원본월별·5년이용량분석)
Y199330110,D-051,2023,4520.6,11050.4,15392.0,9539.4,539,213.9,400.0,385.2,3967.1,9447.6,6628.5,389.1,1000,30000,3→4차 역행,사후관리DB(원본월별·5년이용량분석)
Y199330112,W-001,2023,15043.9,15364.9,4075.7,11937.5,12782.6,12735.1,9872.9,8954.8,13468.8,18268.7,25183.5,9698.4,2000,60000,2→3차 역행,사후관리DB(원본월별·5년이용량분석)
Y199330113,D-128,2023,27703.9,28990.8,25752.5,30439.2,31162.3,32861.3,31150.0,33236.1,35429.8,33175.5,35387.7,32465.9,900,27000,3→4차 역행,사후관리DB(원본월별·5년이용량분석)
Y199330119,D-014,2023,7133.3,8075.1,5823.8,7322.3,8692.6,8474.0,6759.6,7352.1,14489.7,18285.9,21880.5,11202.4,1700,51000,오타 자동보정 (옵션A); 2→3차 역행,사후관리DB(원본월별·5년이용량분석)
Y199330123,D-046,2023,20289.2,17338.0,17494.1,14845.5,19432.2,20716.3,19922.5,23381.0,24665.3,22266.2,24521.5,20297.6,900,27000,3→4차 역행,사후관리DB(원본월별·5년이용량분석)
Y199330126,D-141,2023,1292.6,1471.7,1471.7,1676.5,2765.6,2620.6,2687.7,3468.4,5769.5,5799.0,6710.6,3347.5,1200,36000,⚠ 오타 의심 (수동 검토 필요); 3→4차 역행,사후관리DB(원본월별·5년이용량분석)
Y199330127,F-003,2023,235.5,261.6,170.1,355.7,360.1,499.3,4034.6,5796.2,8322.4,10859.1,15161.8,3011.3,1250,37500,3→4차 역행,사후관리DB(원본월별·5년이용량분석)
Y199330130,D-218,2023,326.0,306.1,376.8,503.9,617.7,671.0,685.8,814.6,780.3,484.2,532.1,337.9,1200,36000,3→4차 역행,사후관리DB(원본월별·5년이용량분석)
Y199330132,D-211,2023,0,0,0,0,0,0,0,0,0,0,0,0,700,10500,,사후관리DB(원본월별·5년이용량분석)
Y199330135,D-019,2023,12059.0,12605.3,13035.7,13300.9,12695.3,13163.7,11830.9,20432.5,27086.6,24143.4,32065.6,14172.7,1900,57000,,사후관리DB(원본월별·5년이용량분석)
Y199330140,D-042,2023,11302.9,13061.6,11315.8,8067.5,9638.0,11150.9,11722.9,13259.5,16483.5,11575.4,12603.3,6634.8,850,25500,,사후관리DB(원본월별·5년이용량분석)
Y199330144,D-188,2023,827.2,828.8,757.1,838.6,801.7,451.4,78.6,509.6,464.3,431.8,394.1,0,1400,20070,"전년→1차 역행(-559.0), 1차→2차 평균 사용",사후관리DB(원본월별·5년이용량분석)
Y199330146,A-001,2023,2508.4,2624.1,1818.2,3423.8,5319.0,5628.8,4072.9,3627.8,4603.7,3909.0,4664.4,2921.0,1000,30000,,사후관리DB(원본월별·5년이용량분석)
Y199330149,A-004,2023,6312.2,7353.2,6191.8,9099.2,6867.9,7656.1,9363.2,14734.2,15398.3,20404.9,46675.5,21108.3,1200,36000,,사후관리DB(원본월별·5년이용량분석)
Y199330150,A-005,2023,5616.0,6178.5,7348.5,7771.2,5588.1,6378.6,7079.6,10860.2,9306.2,7206.6,296.2,15947.7,1200,36000,,사후관리DB(원본월별·5년이용량분석)
Y199330161,F-002,2023,1310.2,4443.7,7055.1,7975.1,7600.3,8010.1,7487.6,4403.5,6347.8,7803.7,8008.4,7700.5,700,21000,3→4차 역행,사후관리DB(원본월별·5년이용량분석)
Y199330164,D-220,2023,12431.3,8841.7,4382.6,6572.9,12182.9,9822.9,7587.2,9249.4,10465.5,9096.3,6728.0,3865.4,800,24000,3→4차 역행,사후관리DB(원본월별·5년이용량분석)
Y199330165,F-030,2023,3959.6,3947.4,3561.8,1425.2,2876.4,5335.8,4735.6,2719.9,3976.5,3944.3,3918.5,3892.6,700,21000,3→4차 역행,사후관리DB(원본월별·5년이용량분석)
Y199330168,D-015,2023,81.3,55.0,267.9,105.4,74.9,128.8,63.2,2457.5,752.2,5250.8,9342.7,54.4,700,21000,3→4차 역행,사후관리DB(원본월별·5년이용량분석)
Y199330169,D-021,2023,10.3,207.4,476.0,5508.7,3311.0,4576.6,3784.5,5148.5,6196.7,7870.8,13388.7,2540.1,1150,34500,3→4차 역행,사후관리DB(원본월별·5년이용량분석)
Y199330170,D-035,2023,19681.2,20535.5,19202.2,17373.5,4839.4,5054.6,8034.2,5325.2,5591.3,11156.6,15593.0,0,1000,30000,2→4차 역행; 2→4차 역행,사후관리DB(원본월별·5년이용량분석)
Y199330171,D-041,2023,3420.0,5065.4,5329.8,8739.8,7975.5,8139.9,7670.6,8408.8,12858.2,13434.3,22877.0,5275.1,1050,31500,3→4차 역행,사후관리DB(원본월별·5년이용량분석)
Y199330172,D-052,2023,2172.6,3551.3,2317.7,3644.1,3608.8,3395.3,3496.1,3569.7,4420.3,6289.0,8627.8,2346.3,1150,34500,3→4차 역행,사후관리DB(원본월별·5년이용량분석)
Y199330173,D-094,2023,0,0,0,0,0,0,0,0,0,0,0,0,1500,45000,3→4차 역행,사후관리DB(원본월별·5년이용량분석)
Y199330175,D-151,2023,7793.4,8896.0,8316.3,10585.1,10543.7,10281.0,10121.4,9798.8,12228.1,18933.3,26774.3,8060.3,1150,34500,오타 자동보정 (옵션A); 2→3차 역행; 3→4차 역행,사후관리DB(원본월별·5년이용량분석)
Y199330176,D-202,2023,6069.6,7398.0,7206.0,11730.5,12074.8,12422.7,10557.2,13447.1,11502.0,14879.0,18307.1,8652.5,1150,34500,3→4차 역행,사후관리DB(원본월별·5년이용량분석)
Y199330398,W-301,2023,11555.2,12938.0,14291.3,21238.2,19851.8,19642,16081.6,17428.5,18377,15666.7,16483.6,11453.1,1000,30000,,사후관리DB(원본월별·5년이용량분석)
Y199330399,W-302,2023,3130.6,6182.6,7864.6,13084.1,15239.8,13597.1,11985.3,11834.5,12233.4,9175.7,9078.2,4682.8,950,28500,3→4차 역행,사후관리DB(원본월별·5년이용량분석)
Y199330400,W-303,2023,17216.9,21022.4,22985.4,36429.4,35429.2,32631.0,26518.4,30974.5,33696.3,31215.7,33077.2,24293.7,1000,30000,3→4차 역행,사후관리DB(원본월별·5년이용량분석)
Y199330401,W-304,2023,0,0,0,0,0,0,0,0,0,0,0,0,850,25500,"3→4차 역행(-539), Period 무효",사후관리DB(원본월별·5년이용량분석)
Y199330402,W-305,2023,2994.3,3854.3,4194.9,6916.3,7280.3,8031.2,6622.1,7432.7,8164.2,6544.6,8508.2,3270.8,1100,33000,3→4차 역행,사후관리DB(원본월별·5년이용량분석)
Y199330403,W-306,2023,11185.8,10214.7,11358.7,14366.5,14986.3,14485.1,15243.1,14354.2,11858.1,12747.1,14690.4,4561.6,850,25500,3→4차 역행,사후관리DB(원본월별·5년이용량분석)
Y199330404,W-307,2023,12545.9,10528.1,12240.6,17337.9,17565.1,15773.2,17104.5,18624.4,21889.6,14575.2,16452.9,15095.4,600,18000,3→4차 역행,사후관리DB(원본월별·5년이용량분석)
Y199330406,D-244,2023,3990.8,6419.3,6376.4,11247.4,10794.8,9592.7,8101.7,8536.3,11682.5,9777.8,13965.7,4979.3,700,15870,3→4차 역행,사후관리DB(원본월별·5년이용량분석)
Y199330407,D-242,2023,5025.7,4626,3254.3,3088.6,3875.0,4015.9,4100.3,5121.0,5328.1,7659.7,7499.4,2863.0,1000,30000,,사후관리DB(원본월별·5년이용량분석)
Y199330408,F-060,2023,5462.2,6508.5,8997.3,13157.1,12826.0,13263.4,12411.5,12815.0,15615.3,13509.3,14736.0,5983.9,800,24000,3→4차 역행,사후관리DB(원본월별·5년이용량분석)
Y199330409,F-059,2023,2192.4,2552.9,1943.0,2697.2,2412.1,2185.8,2231.2,2289.2,6853.6,9781.5,12982.0,1953.0,1000,30000,⚠ 오타 의심 (수동 검토 필요); 3→4차 역행,사후관리DB(원본월별·5년이용량분석)
Y199330410,F-058,2023,13988.5,15975.9,16034.2,23456.2,25680.5,23554.9,24546.7,28211.6,32081.6,22129.8,22288.6,10339.7,1000,30000,3→4차 역행,사후관리DB(원본월별·5년이용량분석)
Y199330411,F-056,2023,9043.7,10686.4,11228.0,15268.5,12917.6,10877.9,11131.8,13457.6,15783.3,15165.1,17774.0,8740.8,700,21000,3→4차 역행,사후관리DB(원본월별·5년이용량분석)
Y199330412,F-057,2023,73.4,115.6,71.6,4.7,1.0,0.7,25.4,29.2,33.6,1.2,3.1,6.1,1000,30000,,사후관리DB(원본월별·5년이용량분석)
Y199330413,D-252,2023,6443.4,6495.8,8793.6,10129.0,14848.6,16014.1,13915.7,1384.0,4112.9,5551.9,9017.9,4972.2,1000,30000,3→4차 역행,사후관리DB(원본월별·5년이용량분석)
Y199330414,D-255,2023,255.8,231.6,286.1,515.2,583.5,655.3,676.0,754.0,657.0,259.9,421.6,191.9,750,22500,3→4차 역행,사후관리DB(원본월별·5년이용량분석)
Y199330418,W-014,2023,1450,974,1998,2028,3261,3128,1839,7765,3972,6445,1131,1458,800,12000,,농어촌공사DB
Y199330419,D-032,2023,11104,8206,10992,10424,10918,12276,8472,16974,8912,1458,1774,3759,1300,20000,,농어촌공사DB
Y199330420,D-008,2023,3996,4007,5219,5774,6039,6475,6143,24266,15106,25169,13047,8275,800,13000,,농어촌공사DB
Y199330421,D-098,2023,5917,5728,12881,9154,11473,12623,9528,22456,9641,14594,4263,4592,1200,15000,,농어촌공사DB
Y199330422,D-010,2023,13919,991,17643,6921,16402,13145,10117,17948,10635,20410,0,0,1100,24500,,농어촌공사DB
Y199330423,D-045,2023,162,0,0,0,60,82,0,1358,168,609,1595,1558,1000,15000,,농어촌공사DB
Y199340974,U-050,2023,1441.0,1471.0,1964.0,742.0,779.0,838.0,1907.0,1666.0,3581.0,5579.0,22539.0,1911.0,1700,51000,,
Y199340975,W-028,2023,5762.0,5668.0,5655.0,5636.0,5156.0,3356.0,7344.0,6676.0,8572.0,7399.0,8622.0,3956.0,800,24000,,
Y199340976,F-004,2023,3995.0,3202.0,3902.0,5952.0,5214.0,4713.0,4503.0,4829.0,5571.0,3574.0,4849.0,3004.0,1100,20070,,
Y199340977,F-006,2023,23623.0,27869.0,32055.0,38163.0,33160.0,35926.0,34646.0,34981.0,33098.0,29764.0,28552.0,28878.0,1700,21840,,
Y199340978,F-012,2023,31.0,36.0,31.0,4483.0,30.0,35.0,30.0,20.0,10.0,1708.0,16156.0,0.0,1500,45000,,
Y199340979,F-013,2023,2012.0,1900.0,1900.0,4510.0,2110.0,2290.0,2362.0,1761.0,2459.0,8397.0,17414.0,2088.0,1500,45000,,
Y199340980,F-014,2023,1560.0,709.0,1478.0,1367.0,1478.0,1438.0,1361.0,1003.0,1510.0,27628.0,12490.0,1978.0,1150,17550,,
Y199340982,F-019,2023,4413.0,6541.0,2795.0,7994.0,6746.0,6821.0,3102.0,8275.0,5949.0,6283.0,5130.0,3953.0,800,14460,,
Y199340983,F-024,2023,2032.0,1365.0,2632.0,2499.0,3144.0,2903.0,2246.0,3941.0,6764.0,34590.0,10585.0,1360.0,1200,20340,,
Y199340984,F-025,2023,6041.0,8742.0,10951.0,14660.0,12230.0,12600.0,8185.0,14397.0,10120.0,11957.0,10009.0,5723.0,700,21000,,
Y199340986,F-035,2023,3988.0,3308.0,2631.0,3587.0,4805.0,4407.0,3110.0,3728.0,5041.0,6675.0,21588.0,2481.0,1150,21060,,
Y199340987,F-038,2023,1731.0,2876.0,1634.0,3599.0,2536.0,1435.0,1025.0,896.0,1650.0,14011.0,26574.0,3656.0,1050,31500,,
Y199340988,F-039,2023,12190.0,12755.0,11455.0,36653.0,32655.0,33442.0,20385.0,31735.0,25296.0,17080.0,20691.0,13736.0,650,17550,,
Y199340989,F-042,2023,,,,,,,,,,,,,1000,17550,,
Y199340990,F-043,2023,0.0,0.0,0.0,0.0,0.0,0.0,0.0,0.0,0.0,0.0,0.0,0.0,700,9639,,
Y199340991,F-050,2023,140.0,165.0,235.0,158.0,172.0,192.0,232.0,187.0,360.0,490.0,1231.0,164.0,950,28500,,
Y199340992,F-052,2023,5139.0,4543.0,4467.0,8736.0,2635.0,3059.0,2230.0,2357.0,3726.0,12567.0,24429.0,1483.0,950,28500,,
Y199340993,D-017,2023,249.0,0.0,0.0,3108.0,346.0,432.0,867.0,216.0,2011.0,6984.0,12355.0,440.0,1150,34500,,
Y199340994,D-040,2023,4517.0,4781.0,4268.0,5831.0,5710.0,5749.0,5111.0,4579.0,5339.0,7490.0,15746.0,5989.0,1400,42000,,
Y199340995,D-048,2023,5125.0,4520.0,3679.0,6897.0,6104.0,5083.0,5836.0,5102.0,7409.0,7418.0,18599.0,7775.0,1050,31500,,
Y199340996,D-083,2023,926.0,1327.0,585.0,2249.0,1769.0,852.0,822.0,830.0,931.0,8914.0,22669.0,1088.0,1000,30000,,
Y199340997,D-089,2023,2670.0,3491.0,3760.0,5828.0,4359.0,5044.0,4354.0,4771.0,6865.0,12299.0,19525.0,4691.0,900,27000,,
Y199340998,D-090,2023,8072.0,7764.0,7543.0,12958.0,7149.0,6006.0,6161.0,4953.0,6906.0,13184.0,23476.0,5906.0,1000,30000,,
Y199340999,D-095,2023,3078.0,3345.0,3319.0,5043.0,4415.0,4548.0,5075.0,3199.0,5569.0,7470.0,19126.0,5418.0,950,28500,,
Y199341000,D-099,2023,1623.0,1114.0,711.0,3193.0,1125.0,1245.0,1030.0,947.0,1984.0,12967.0,35066.0,1593.0,1000,30000,,
Y199341001,D-184,2023,2333.0,2454.0,2750.0,5082.0,5247.0,4615.0,5081.0,4316.0,5958.0,5033.0,8122.0,4880.0,1200,36000,,
Y199341002,D-103,2023,1734.0,1729.0,1732.0,5467.0,2403.0,1486.0,1457.0,1576.0,2444.0,7954.0,16175.0,1367.0,1950,11550,,
Y199341003,D-107,2023,1632.0,1758.0,1629.0,4455.0,3691.0,3851.0,3354.0,3273.0,4362.0,11496.0,13867.0,3785.0,1750,5190,,
Y199341004,D-121,2023,130.0,132.0,121.0,1233.0,207.0,143.0,130.0,130.0,213.0,4075.0,25963.0,846.0,1550,46500,,
Y199341005,D-122,2023,2161.0,1126.0,1225.0,3612.0,2064.0,1673.0,1741.0,5059.0,4330.0,7578.0,21280.0,1105.0,1550,46500,,
Y199341006,D-129,2023,1058.0,1130.0,775.0,1848.0,1726.0,1798.0,1867.0,1883.0,1379.0,1126.0,1331.0,1321.0,600,12600,,
Y199341007,D-130,2023,1822.0,2489.0,1038.0,303.0,1797.0,1843.0,1356.0,1598.0,5574.0,6500.0,17815.0,2991.0,1500,45000,,
Y199341008,D-131,2023,3743.0,4205.0,4998.0,7680.0,8189.0,8279.0,7649.0,7177.0,8576.0,8037.0,13743.0,2214.0,1150,34500,,
Y199341009,D-139,2023,15634.0,16085.0,15236.0,18360.0,17398.0,18371.0,17524.0,17024.0,16928.0,17048.0,26902.0,12976.0,1250,37500,,
Y199341010,D-142,2023,1583.0,1634.0,1202.0,2867.0,1860.0,1182.0,1532.0,1789.0,2683.0,13592.0,30461.0,1027.0,850,25500,,
Y199341011,D-144,2023,3201.0,2900.0,2465.0,5345.0,2876.0,2548.0,2519.0,2635.0,3168.0,17175.0,38658.0,3488.0,1400,42000,,
Y199341012,D-147,2023,1036.0,967.0,798.0,4081.0,1553.0,1932.0,2184.0,1618.0,3319.0,8409.0,11667.0,1518.0,1550,46500,,
Y199341013,D-146,2023,7952.0,8041.0,7552.0,10395.0,8790.0,7289.0,7524.0,7027.0,9411.0,8655.0,15512.0,6805.0,950,8130,,
Y199341014,D-145,2023,1519.0,1943.0,1164.0,4948.0,1707.0,1504.0,1633.0,2072.0,3329.0,11208.0,25049.0,1293.0,1150,34500,,
Y199341015,D-148,2023,8645.0,7596.0,9576.0,20594.0,20736.0,15980.0,18358.0,15228.0,20643.0,12621.0,13849.0,9803.0,800,14010,,
Y199341016,D-156,2023,1385.0,1204.0,1290.0,1803.0,1589.0,2165.0,1917.0,1823.0,2264.0,4935.0,9710.0,1952.0,1150,34500,,
Y199341018,D-161,2023,5140.0,7856.0,7044.0,7903.0,8616.0,6854.0,6876.0,7188.0,8419.0,14581.0,24761.0,5655.0,850,25500,,
Y199341019,D-162,2023,4014.0,5077.0,4265.0,5657.0,4682.0,5336.0,4074.0,4325.0,5079.0,10137.0,20036.0,2731.0,1150,34500,,
Y199341020,D-174,2023,628.0,704.0,572.0,1387.0,1025.0,1613.0,1202.0,1369.0,2033.0,3229.0,5484.0,570.0,1500,8940,,
Y199341021,D-175,2023,1027.0,3611.0,813.0,1336.0,1592.0,1556.0,977.0,962.0,1290.0,973.0,2285.0,410.0,1150,17400,,
Y199341022,D-172,2023,1635.0,3003.0,635.0,1866.0,1130.0,1117.0,909.0,887.0,1263.0,6636.0,12167.0,1185.0,1150,19170,,
Y199341023,D-173,2023,1673.0,1016.0,1456.0,5456.0,2247.0,3008.0,2602.0,1297.0,1908.0,5028.0,12860.0,3544.0,1150,12480,,
Y199341024,D-183,2023,6541.0,6042.0,8793.0,4969.0,4818.0,4423.0,3362.0,3321.0,3490.0,10812.0,14936.0,7878.0,1150,34500,,
Y199341026,D-100,2023,4120.0,3606.0,4944.0,8870.0,10195.0,9249.0,9784.0,8215.0,15082.0,12958.0,22999.0,6772.0,1150,34500,,
Y199341027,D-192,2023,4151.0,5454.0,6425.0,8113.0,5867.0,930.0,4535.0,4507.0,5835.0,15549.0,21402.0,4207.0,700,21000,,
Y199341028,D-193,2023,3582.0,3436.0,3313.0,3631.0,3489.0,2727.0,2748.0,2480.0,4684.0,2792.0,9445.0,2499.0,1100,21300,,
Y199341029,D-195,2023,654.0,1568.0,1243.0,3906.0,1305.0,2813.0,1240.0,1570.0,3707.0,4844.0,8452.0,756.0,1150,34500,,
Y199341030,D-196,2023,1646.0,5.0,0.0,2943.0,484.0,435.0,436.0,552.0,1681.0,10440.0,19096.0,1058.0,1150,34500,,
Y199341031,D-197,2023,8667.0,9239.0,9317.0,10992.0,10813.0,9244.0,9302.0,8643.0,10621.0,10906.0,17698.0,9460.0,800,24000,,
Y199341032,D-198,2023,2936.0,3.0,983.0,812.0,875.0,453.0,301.0,492.0,1132.0,14111.0,6160.0,843.0,800,18360,,
Y199341033,D-199,2023,604.0,581.0,567.0,940.0,576.0,726.0,399.0,420.0,1148.0,251.0,1063.0,53.0,950,28500,,
Y199341034,D-206,2023,10875.0,6726.0,5332.0,7827.0,6062.0,5615.0,1634.0,2304.0,5445.0,2694.0,19723.0,2036.0,1100,33000,,
Y199341035,D-207,2023,564.0,437.0,57.0,2960.0,277.0,1196.0,183.0,38.0,997.0,8863.0,18617.0,471.0,1100,33000,,
Y199341036,D-208,2023,860.0,1115.0,417.0,993.0,692.0,298.0,178.0,82.0,733.0,3034.0,22930.0,1350.0,1350,20340,,
Y199341037,D-209,2023,9163.0,7915.0,6971.0,13448.0,9216.0,9995.0,9591.0,8975.0,13048.0,21955.0,36103.0,9292.0,1350,40500,,
Y199341038,D-210,2023,4448.0,4764.0,5092.0,7211.0,6929.0,6576.0,6204.0,6186.0,8161.0,9268.0,17148.0,6810.0,600,6930,,
Y199341039,D-223,2023,6444.0,8284.0,8167.0,12017.0,11310.0,10727.0,11514.0,10249.0,13459.0,11131.0,12438.0,8766.0,850,25500,,
Y199341041,D-234,2023,3336.0,4335.0,3901.0,5231.0,5334.0,5034.0,5550.0,4113.0,4812.0,5945.0,7502.0,4031.0,950,17040,,
Y199341043,D-236,2023,6243.0,6799.0,8129.0,11594.0,12762.0,12695.0,12299.0,10460.0,13304.0,12749.0,17643.0,5653.0,950,18900,,
Y199341044,D-237,2023,7853.0,11034.0,13528.0,18102.0,16110.0,18610.0,18395.0,20187.0,18236.0,13139.0,14775.0,10874.0,500,13230,,
Y199341045,D-246,2023,3480.0,7031.0,6873.0,8284.0,9289.0,11552.0,5721.0,10798.0,6488.0,10616.0,9047.0,3439.0,950,28500,,
Y199341046,D-247,2023,31883.0,24376.0,21046.0,21345.0,21603.0,15506.0,14081.0,19920.0,26275.0,22459.0,29574.0,16550.0,850,17550,,
Y199341047,F-061,2023,6.0,0.0,3.0,4044.0,808.0,1405.0,3.0,3.0,2168.0,11631.0,21202.0,12.0,850,25500,,
Y199341048,F-064,2023,1142.0,2459.0,4330.0,2797.0,2317.0,2961.0,2052.0,6056.0,3377.0,2540.0,1664.0,912.0,800,17550,,
Y199341049,F-062,2023,2316.0,1897.0,848.0,3257.0,1681.0,1228.0,1087.0,1298.0,2702.0,7953.0,19365.0,2182.0,1000,30000,,
Y199341051,D-259,2023,0.0,0.0,0.0,0.0,1.0,2.0,0.0,0.0,0.0,0.0,2.0,0.0,1000,9303,,
Y199341052,F-063,2023,1761.0,3789.0,3828.0,7136.0,6600.0,5216.0,4455.0,6840.0,6475.0,6191.0,5651.0,4325.0,1000,13170,,
Y199341053,D-256,2023,5845.0,7091.0,12657.0,15019.0,11591.0,12398.0,10974.0,10624.0,11685.0,9475.0,18273.0,7658.0,600,18000,,
Y199341054,F-051,2023,17060.0,18788.0,19769.0,30431.0,25588.0,24071.0,25159.0,22515.0,28854.0,24472.0,26411.0,18270.0,750,21060,,
Y199341055,F-065,2023,2116.0,793.0,1799.0,1567.0,1499.0,307.0,0.0,402.0,1172.0,24528.0,9041.0,1574.0,1000,20340,,
Y199341057,W-003,2023,1745.0,2407.0,2506.0,1530.0,1030.0,1312.0,3296.0,3102.0,3608.0,5547.0,10174.0,1572.0,1100,33000,,
Y199341058,D-073,2023,3826.0,3918.0,4241.0,9536.0,6615.0,5757.0,6255.0,7454.0,12968.0,16826.0,26216.0,4534.0,850,18900,,
Y199341059,D-056,2023,618.0,0.0,2.0,5205.0,8.0,0.0,2.0,0.0,121.0,11393.0,31012.0,0.0,700,21000,,
Y199341060,D-059,2023,5202.0,5569.0,6127.0,7637.0,7477.0,7070.0,8035.0,6205.0,6896.0,6529.0,10190.0,4113.0,700,21000,,
Y199341061,U-048,2023,266.0,477.0,374.0,402.0,374.0,229.0,302.0,324.0,986.0,3476.0,20415.0,483.0,2000,60000,,
Y199341065,W-026,2023,14122.0,14040.0,15764.0,8145.0,6904.0,6755.0,16996.0,18176.0,19127.0,15268.0,16570.0,14337.0,1700,35700,,
Y199341066,D-005,2023,20858.0,15507.0,16402.0,22670.0,10989.0,14423.0,15426.0,19761.0,23600.0,16601.0,20097.0,17218.0,600,18000,,
Y199341075,F-007,2023,2178.0,6991.0,9784.0,13567.0,11401.0,11811.0,10470.0,10734.0,11787.0,9231.0,9939.0,4122.0,1350,26340,,
Y199341084,W-020,2023,7938.0,8646.0,9071.0,5479.0,4766.0,5299.0,6512.0,8538.0,9035.0,9542.0,9143.0,8836.0,1000,30000,,
Y199341087,D-069,2023,0.0,0.0,0.0,0.0,0.0,0.0,0.0,0.0,0.0,0.0,0.0,0.0,650,19500,,
Y199341093,D-004,2023,2782.0,5457.0,7694.0,7912.0,8393.0,9040.0,5079.0,9503.0,7005.0,10435.0,9214.0,4195.0,950,28500,,
Y199341094,U-036,2023,180.0,541.0,266.0,815.0,761.0,501.0,444.0,220.0,898.0,4794.0,18704.0,872.0,1500,17550,,
Y199341095,D-049,2023,14637.0,17582.0,14282.0,13905.0,10256.0,9619.0,8947.0,17509.0,14878.0,22376.0,21262.0,12161.0,850,25500,,
Y199341097,90사계,2023,8895.0,3121.0,3512.0,3323.0,8503.0,3894.0,3420.0,7569.0,10647.0,26068.0,13681.0,5479.0,1000,30000,,
Y199341100,90감산,2023,11402.0,12266.0,13561.0,16696.0,12263.0,15410.0,8976.0,14705.0,10378.0,14698.0,10597.0,6927.0,800,24000,,
Y199341103,D-006,2023,0.0,0.0,0.0,0.0,0.0,0.0,0.0,0.0,0.0,0.0,0.0,0.0,600,18000,,
Y199341104,D-020,2023,3739.0,4870.0,4364.0,4831.0,4232.0,3910.0,4343.0,4283.0,4365.0,4326.0,4353.0,4075.0,850,14040,,
Y199341106,D-158,2023,0.0,0.0,0.0,0.0,0.0,0.0,0.0,0.0,0.0,0.0,0.0,0.0,1505,45150,,
Y199341110,D-055,2023,18349,10965,17085,13581,14367,14644,10853,12259,14777,28192,1486,2784,1500,20000,,농어촌공사DB
Y199341111,D-082,2023,7780,4197,8581,6264,5896,5016,1911,5565,15497,12306,2233,404,1500,30000,,농어촌공사DB
Y199341112,D-160,2023,4898,692,4197,5099,6579,2684,4,3616,11128,23497,1298,1978,2375,29700,,농어촌공사DB
Y199341113,D-114,2023,0,0,0,0,0,0,0,3466,4490,13137,9290,2215,1500,34000,,농어촌공사DB
Y199341114,D-113,2023,9884,8814,12099,10338,12694,11336,8062,13857,10010,21556,7843,7395,1500,22000,,농어촌공사DB
Y199341115,D-081,2023,1081,508,1700,627,309,557,159,1490,6546,16976,1087,816,1200,35300,,농어촌공사DB
Y199510076,F-066,2023,6400.2,7586.8,5628.4,6373.2,6375.8,5963.2,6316.8,7563.8,8370.2,6890.6,8680.7,7049.5,800,18450,2→3차 역행,사후관리DB(원본월별·5년이용량분석)
Y199510077,93이호,2023,3453.6,5205.6,5238.2,6759.9,7001.4,6979.9,7530.0,8117.7,10449.7,6845.7,8438.6,3730.3,800,18300,2→4차 역행; 2→4차 역행,사후관리DB(원본월별·5년이용량분석)
Y199510078,94도평,2023,16017.3,19125.9,18567.9,20704.5,20675.7,17762.4,17454.6,17883.9,18216.9,34207.9,35825.5,34676.7,800,21060,1→2차 역행,사후관리DB(원본월별·5년이용량분석)
Y199510079,94아라,2023,5382.5,5630.0,5157.2,5473.3,5440.4,5622.5,4692.2,4468.7,4883.6,4940.1,5574.5,6012.6,800,14100,3→4차 역행,사후관리DB(원본월별·5년이용량분석)
Y199510080,F-078,2023,3346.0,4065.6,3890.8,4158.6,4038.3,4065.6,3881.7,4787.4,4617.2,4204.2,5220.7,4169.7,800,9510,3→4차 역행,사후관리DB(원본월별·5년이용량분석)
Y199520081,D-274,2023,2212.0,3665.0,3094.0,3221.0,2016.0,2559.0,1873.0,3315.0,2414.0,2824.0,3275.0,2993.0,600,12030,,
Y199520082,F-067,2023,2648.0,3241.0,3646.0,5906.0,5054.0,4637.0,5359.0,4002.0,7542.0,6042.0,7058.0,4678.0,700,16830,,
Y199520083,F-079,2023,6833.0,7968.0,9355.0,15060.0,14975.0,14270.0,13501.0,8424.0,12941.0,12168.0,15532.0,11062.0,700,17550,,
Y199520085,D-275,2023,6242.0,6966.0,7904.0,12280.0,12026.0,10767.0,11232.0,9822.0,13583.0,12565.0,14997.0,9629.0,800,17550,,
Y199530138,D-264,2023,7742.6,7615.6,8939.0,10500.9,10032.3,9803.3,6587.5,8666.6,11267.6,9654.7,8723.8,7535.0,1200,36000,3→4차 역행,사후관리DB(원본월별·5년이용량분석)
Y199530139,D-277,2023,15845.4,22881.5,22073.1,27994.2,22273.0,18685.8,17330.2,18714.6,24280.6,29626.3,27706.1,14508.8,800,6810,,사후관리DB(원본월별·5년이용량분석)
Y199530141,D-278,2023,11793.5,16528.6,13205.6,14447.1,14300.3,14626.1,12364.9,14487.6,17421.7,19485.4,20492.6,11235.2,800,24000,3→4차 역행,사후관리DB(원본월별·5년이용량분석)
Y199530142,D-266,2023,2181.6,3643.4,2168.0,4871.3,4714.2,3277.4,3081.3,3249.4,4368.4,4825.4,3965.6,3496.0,800,24000,3→4차 역행,사후관리DB(원본월별·5년이용량분석)
Y199530144,D-276,2023,10131.0,11711.5,10690.0,14717.0,14101.1,14478.1,12091.9,13160.1,15235.5,14799.2,17753.6,9513.1,800,10350,3→4차 역행,사후관리DB(원본월별·5년이용량분석)
Y199530145,F-068,2023,6627.8,1580.2,5899.8,1919.2,99.6,34.3,48.2,136.5,566.2,632.0,811.3,7187.9,800,14340,3→4차 역행,사후관리DB(원본월별·5년이용량분석)
Y199530146,F-069,2023,5095.6,8421.7,5545.4,6617.4,5609.4,5702.5,6325.5,7054.2,3795.0,11890.1,22019.6,12067.1,600,9510,2→3차 역행,사후관리DB(원본월별·5년이용량분석)
Y199530150,F-072,2023,1162.6,1147.8,90.3,391.4,291.6,5007.1,1350.6,3279.1,2711.2,5401.6,1575.1,1367.1,800,4110,3→4차 역행,사후관리DB(원본월별·5년이용량분석)
Y199530151,D-267,2023,10211.1,9829.9,8802.4,12774.1,10391.8,8131.8,8082.8,9031.3,17257.2,23139.4,27670.7,9423.1,800,15840,3→4차 역행,사후관리DB(원본월별·5년이용량분석)
Y199530152,D-279,2023,1325.4,1121.9,1033.9,2909.1,3284.9,2418.5,1858.2,2939.9,4701.7,5595.1,7548.8,2110.8,800,11610,⚠ 오타 의심 (수동 검토 필요); 3→4차 역행,사후관리DB(원본월별·5년이용량분석)
Y199540245,F-074,2023,16551.0,15880.0,16055.0,22638.0,20446.0,20808.0,18351.0,19886.0,20638.0,18929.0,22447.0,13374.0,600,21060,,
Y199540246,D-283,2023,15493.0,17981.0,21568.0,31535.0,25417.0,24046.0,23421.0,24928.0,29340.0,21621.0,24993.0,19421.0,1000,17550,,
Y199540248,F-075,2023,0.0,0.0,0.0,0.0,0.0,0.0,0.0,0.0,0.0,0.0,0.0,0.0,600,18000,,
Y199540249,D-268,2023,1571.0,1361.0,1325.0,6409.0,3581.0,2259.0,1504.0,1264.0,2333.0,11597.0,21092.0,1552.0,600,18900,,
Y199540250,D-269,2023,743.0,483.0,902.0,690.0,716.0,702.0,902.0,474.0,879.0,3315.0,16068.0,2711.0,700,10110,,
Y199540251,D-284,2023,25.0,96.0,18.0,129.0,756.0,446.0,542.0,18.0,7420.0,6324.0,31546.0,1681.0,1000,21060,,
Y199540252,D-245,2023,7056.0,9346.0,11109.0,16794.0,15397.0,15568.0,15018.0,16128.0,17698.0,15128.0,17528.0,12371.0,500,18150,,
Y199540253,F-073,2023,7573.0,8697.0,10772.0,16432.0,13810.0,13721.0,12626.0,14556.0,15147.0,13205.0,12461.0,9596.0,600,11070,,
Y199540254,D-271,2023,7363.0,6889.0,7848.0,2952.0,1908.0,2275.0,6418.0,8408.0,7558.0,10089.0,6583.0,5974.0,800,12480,,
Y199540255,F-076,2023,1205.0,1895.0,2326.0,2713.0,2463.0,2140.0,1466.0,3558.0,2000.0,2916.0,2797.0,1878.0,1000,14310,,
Y199540256,F-077,2023,3395.0,4083.0,4998.0,6624.0,5223.0,5089.0,2534.0,5391.0,3245.0,5650.0,4026.0,2808.0,500,17550,,
Y199540257,D-270,2023,4010.0,4619.0,6335.0,12048.0,10386.0,9575.0,10542.0,9070.0,12337.0,10635.0,15113.0,7035.0,800,21060,,
Y200230019,D-297,2023,7773.4,9824.6,10593.9,12897.3,10765.8,11108.8,11298.2,11783.3,4209.2,3.4,14089.5,13612.5,800,24000,3→4차 역행,사후관리DB(원본월별·5년이용량분석)
Y200240031,F-083,2023,3558.0,9695.0,10397.0,15755.0,13961.0,12664.0,11838.0,12130.0,15154.0,10227.0,11581.0,6639.0,600,30000,,
