permit_no,well_id,year,Jan,Feb,Mar,Apr,May,Jun,Jul,Aug,Sep,Oct,Nov,Dec,capacity_m3d,permit_m3m,remark,source
D199510018,F-084,2018,10823,9065,6311,9768,9465,9468,9961,13303,9367,5132,10349,8361,600,9030,1→2차 역행,사후관리DB(원본월별·5년이용량분석)
D199510019,F-085,2018,4177,5769,5486,7885,7483,7431,6367,6918,3848,3943,4768,5114,750,15120,전년 자료 없음 — 외삽,사후관리DB(원본월별·5년이용량분석)
D199510020,F-087,2018,1222,1946,1795,3114,2925,2598,2491,3810,2132,1710,2036,1325,750,6390,"전년 자료 없거나 역행 — 1차→2차 일평균 외삽; 4차→다음해1차 역행(-1), Period₃로 외삽; 다음해 자료 없음 — 3→4차 일평균 외삽",사후관리DB(원본월별·5년이용량분석)
D199510021,F-086,2018,19079,25090,17770,19236,18272,19340,18176,26293,22191,15578,15332,13719,700,16920,전년 자료 없음 — 외삽; 2→3차 역행,사후관리DB(원본월별·5년이용량분석)
D199510022,D-288,2018,1589,1912,2910,6557,7535,4461,3018,8456,4845,769,327,2,800,18210,전년 자료 없음 — 외삽,사후관리DB(원본월별·5년이용량분석)
D199510023,D-287,2018,48361,39652,39684,28766,15483,10671,10869,21230,17013,9366,12335,9619,800,23670,전년 자료 없음 — 외삽,사후관리DB(원본월별·5년이용량분석)
D199520015,F-088,2018,9142.14,11247.1,7855.87,12058.52,9600.61,10157.32,11647.36,15529.81,4877.63,3642.3,4786.66,4583.8,500,15000,,
D199520016,D-291,2018,7636.34,10532.49,10599.81,12908.29,13917.03,14072.23,9774.79,13241.49,9353.72,8810.55,8771.75,7792.75,500,15000,,
D199520017,D-293,2018,7875.19,8876.95,7289.04,7355.67,7051.87,5502.36,6714.18,14233.62,7357.93,5424.43,4203.57,4653.79,700,21000,,
D199520018,D-292,2018,4820.19,5583.86,8951.12,10758.98,7058.54,8166.84,7554.3,17960.63,6995.57,5850.63,6418.52,5912.34,600,18000,,
D199520019,D-289,2018,2539.98,3867.05,4047.79,6595.7,3373.95,5179.84,6537.04,12089.47,3516.65,3748.13,3446.89,3590.56,500,15000,,
D199520020,D-290,2018,1417.23,2174.45,2688.64,4098.19,3530.28,4029.12,4614.94,5392.63,2547.94,1949.33,1711.42,1513.16,500,15000,,
D199530039,96조천1,2018,3360,3479,5048,4124,4072,4018,3759,5593,4777,2941,2715,3241,800,22800,전년 자료 없음 — 외삽,사후관리DB(원본월별·5년이용량분석)
D199530042,D-294,2018,0,12,0,0,3640,2322,3593,9079,2294,1797,2223,3358,800,24000,전년 자료 없음 — 외삽,사후관리DB(원본월별·5년이용량분석)
D199530043,F-080,2018,7799,5348,5164,4851,4451,4577,5106,8541,11244,9025,10718,4551,700,19950,,사후관리DB(원본월별·5년이용량분석)
D199530045,F-089,2018,9775,9607,13152,7949,13210,12580,5100,5136,5849,4979,7933,2509,650,22800,전년 자료 없음 — 외삽,사후관리DB(원본월별·5년이용량분석)
D199530046,F-090,2018,3090,723,979,585,749,645,751,3711,3196,3625,6611,1901,800,22800,전년 자료 없음 — 외삽,사후관리DB(원본월별·5년이용량분석)
D199530047,F-091,2018,958,893,1181,2669,2933,2580,2128,7094,4073,1737,1811,974,700,13680,,사후관리DB(원본월별·5년이용량분석)
D199530048,F-092,2018,8526,10580,8624,19021,10546,5975,3219,14821,11471,6375,8467,14085,1000,20460,전년 자료 없음 — 외삽,사후관리DB(원본월별·5년이용량분석)
D199530049,F-093,2018,4929,4477,5179,3873,4370,4729,4589,8858,8307,6079,8033,5194,1000,19410,전년 자료 없음 — 외삽,사후관리DB(원본월별·5년이용량분석)
D199530050,F-094,2018,2873,3905,3325,798,3,5,4,6616,4144,5,1090,1930,700,16260,전년 자료 없음 — 외삽; 3→4차 역행,사후관리DB(원본월별·5년이용량분석)
D199530051,F-095,2018,2072,1848,3451,2672,3945,4225,2893,9034,7619,3220,3707,2747,800,19800,전년 자료 없음 — 외삽,사후관리DB(원본월별·5년이용량분석)
D199530052,F-096,2018,15880,15857,14360,15855,15327,15807,8450,14241,14017,14124,15815,15329,600,9930,전년 자료 없거나 역행 — 1차→2차 일평균 외삽,사후관리DB(원본월별·5년이용량분석)
D199530053,D-300,2018,3696,3376,2743,2792,2595,2493,1924,4339,4578,3080,6361,2341,800,16000,,사후관리DB(원본월별·5년이용량분석)
D199530054,D-301,2018,3235,4226,3545,5677,4526,4055,6087,12715,9247,4659,6456,3063,600,17040,전년 자료 없음 — 외삽,사후관리DB(원본월별·5년이용량분석)
D199530055,D-303,2018,18195,14624,16796,18541,17528,17528,17828,15538,19687,9534,80,15302,600,17100,전년 자료 없음 — 외삽; 3→4차 역행,사후관리DB(원본월별·5년이용량분석)
D199530056,D-304,2018,0,0,0,0,0,0,0,0,0,0,0,0,900,27000,전년 자료 없거나 역행 — 1차→2차 일평균 외삽,사후관리DB(원본월별·5년이용량분석)
D199530057,D-305,2018,5437,5405,7757,9754,9569,9716,9609,20353,9651,6846,7903,4538,900,21000,,사후관리DB(원본월별·5년이용량분석)
D199530058,D-302,2018,6657,9006,9318,8543,9288,9439,7875,15893,9534,6600,8297,6606,700,14880,전년 자료 없음 — 외삽,사후관리DB(원본월별·5년이용량분석)
D199530059,D-298,2018,2718,3841,3639,1968,2805,3666,3054,13326,7682,3356,3345,1851,700,10380,전년 자료 없음 — 외삽,사후관리DB(원본월별·5년이용량분석)
D199530060,D-299,2018,8925,13551,10087,8726,9233,8867,8974,15445,9248,4895,8577,4387,900,16680,전년 자료 없음 — 외삽,사후관리DB(원본월별·5년이용량분석)
D199530061,96조천2,2018,13721,13573,12805,15258,15464,16378,15591,23239,19691,15294,17102,11875,800,17280,전년 자료 없음 — 외삽,사후관리DB(원본월별·5년이용량분석)
D199540104,D-306,2018,4518.95,5729.01,6622.0,7805.4,7310.85,7910.62,7264.55,15404.56,8208.75,5169.93,5266.73,6859.84,800,24000,,
D199540105,D-307,2018,1939.76,8911.21,6344.86,6499.53,4171.51,5019.07,7321.84,18359.05,4010.52,3903.19,3604.89,4634.09,800,24000,,
D199540106,D-308,2018,844.62,1681.21,2786.43,6853.14,2783.76,4264.51,6009.86,9952.29,2047.39,2191.72,1499.46,1232.54,700,21000,,
D199540107,D-309,2018,1521.98,1521.98,2061.46,1722.75,3974.88,3122.48,1584.79,4389.86,4157.69,2005.38,4556.98,4058.7,900,27000,,
D199540109,F-102,2018,20136.84,12043.95,8478.97,8530.37,7779.91,9237.43,8773.67,20994.67,6856.97,6071.09,5417.72,5853.12,800,24000,,
D199540110,F-103,2018,13.29,18.6,13.29,15.94,15.94,18.6,13.29,10948.16,470.35,435.8,380.0,889.45,700,21000,,
D199540111,D-316,2018,9811.59,10672.84,10403.79,11832.39,6407.51,8429.78,10938.97,22024.16,9807.2,9293.96,7917.99,8248.62,700,21000,,
D199540112,F-104,2018,2334.28,2334.28,11803.32,4469.32,4307.78,4033.16,4084.31,8717.87,9154.03,3553.92,2140.43,1678.51,800,24000,,
D199540113,D-313,2018,2408.44,2826.56,3292.71,2535.57,2397.14,3246.1,2497.43,3291.3,3230.56,2856.23,2614.67,3556.77,700,21000,,
D199540114,F-098,2018,1324.61,555.15,473.51,747.01,718.43,485.76,685.78,2365.52,2943.12,669.45,3110.48,1735.9,800,24000,,
D199540115,F-097,2018,652.35,151.32,151.32,0.0,0.0,1.68,0.0,558.19,1318.14,2426.12,7853.36,3926.68,800,24000,,
D199540116,D-315,2018,2997.65,2849.01,3677.17,3082.59,2856.09,2615.43,2438.47,5772.34,6243.05,12004.77,10231.66,6801.51,700,21000,,
D199540117,F-100,2018,7385.03,10285.22,16334.02,20833.92,19273.73,19113.75,19155.16,31807.95,24547.14,14730.54,18208.51,16753.09,1000,30000,,
D199540118,F-101,2018,7686.76,6482.34,8257.77,11033.24,7774.13,7922.34,7480.82,13649.58,9161.09,8373.22,7015.91,6375.31,800,24000,,
D199540119,F-099,2018,484.25,4021.33,1603.33,3611.83,1671.58,232.92,0.0,0.0,13.0,0.0,4.33,5.18,800,24000,,
D199540120,D-312,2018,1876.12,1178.1,669.59,379.01,44.22,44.22,208.46,369.54,915.95,11316.72,6323.21,4391.99,700,21000,,
D199540121,D-314,2018,2338.6,3674.51,5889.87,7444.88,5829.01,6388.94,8642.33,18512.55,16198.29,11196.99,12076.44,18327.6,700,21000,,
D199540122,D-310,2018,12913.92,12834.0,17229.66,22932.92,19050.09,18548.36,21751.86,31342.4,22235.83,14299.22,16601.39,15075.67,950,28500,,
D199610004,F-105,2018,12971,16590,14868,11877,17221,15121,14518,18184,16112,11670,13815,10131,800,18000,전년 자료 없음 — 외삽,사후관리DB(원본월별·5년이용량분석)
D199610005,F-108,2018,9712,13436,10767,13285,12799,14694,15930,24474,10633,5145,5425,4832,700,21000,전년 자료 없음 — 외삽,사후관리DB(원본월별·5년이용량분석)
D199610009,F-109,2018,1310,292,2616,2103,2426,2917,2098,4485,6142,2427,2457,6498,500,15000,전년 자료 없음 — 외삽,사후관리DB(원본월별·5년이용량분석)
D199610010,F-107,2018,14623,17102,12680,1659,16471,2404,347,6300,2209,938,66,131,600,18000,전년 자료 없음 — 외삽,사후관리DB(원본월별·5년이용량분석)
D199610011,F-111,2018,16890,17644,16226,17843,17636,18363,18256,24943,20587,16790,17096,13165,600,15000,전년 자료 없거나 역행 — 1차→2차 일평균 외삽,사후관리DB(원본월별·5년이용량분석)
D199610020,F-110,2018,6241,6826,6489,8036,2100,9880,9864,8708,10663,9904,13881,8145,700,21000,전년 자료 없음 — 외삽,사후관리DB(원본월별·5년이용량분석)
D199610021,F-106,2018,5311,8343,7721,7653,9831,8244,7572,13467,10891,6100,4520,3536,700,21000,전년 자료 없음 — 외삽,사후관리DB(원본월별·5년이용량분석)
D199610022,F-112,2018,14670,16297,13844,15157,17486,16084,15418,16729,16768,13665,5369,4314,600,18000,전년 자료 없거나 역행 — 1차→2차 일평균 외삽,사후관리DB(원본월별·5년이용량분석)
D199620028,F-115,2018,4927.09,5368.49,4510.34,6246.07,5187.01,5843.5,5004.02,11471.16,5169.83,4525.28,4623.12,4371.72,800,24000,,
D199620033,F-113,2018,8404.23,10870.75,7473.2,6016.08,5329.69,6677.54,6337.91,11016.82,6577.79,6133.65,6639.54,5975.84,500,15000,,
D199620034,F-114,2018,8677.37,10949.16,12666.82,12203.55,13103.36,14908.32,14943.96,21891.19,13910.51,13327.86,12748.78,11535.58,600,18000,,
D199620035,D-319,2018,2316.92,2082.21,1831.96,4928.96,2800.15,3883.97,3855.49,8264.98,3276.48,2578.38,2346.26,2187.65,600,18000,,
D199620043,F-116,2018,4428.21,4885.38,5100.68,6036.29,4486.69,5339.9,6953.3,9629.9,6405.75,5129.92,4656.8,4576.99,700,21000,,
D199620044,F-118,2018,5533.86,8873.8,9083.39,10978.54,10528.17,9709.9,9415.6,13899.32,12893.77,5143.68,5638.66,4436.3,900,27000,,
D199620045,D-263-1,2018,2092.44,2596.37,2588.36,5326.22,4353.75,5561.16,5718.01,8200.24,4427.17,3359.92,2827.3,2917.4,700,21000,,
D199630016,F-136,2018,10453,10862,9793,9093,8683,8729,6869,10030,10663,7446,3465,5439,800,24000,전년 자료 없음 — 외삽,사후관리DB(원본월별·5년이용량분석)
D199630017,F-131,2018,9022,12258,8366,13498,15910,17069,18410,28561,23077,14369,20037,13808,800,24000,전년 자료 없거나 역행 — 1차→2차 일평균 외삽,사후관리DB(원본월별·5년이용량분석)
D199630018,F-132,2018,10062,11627,11865,12183,11753,11519,12489,20260,17572,12500,17162,12562,800,24000,전년 자료 없음 — 외삽,사후관리DB(원본월별·5년이용량분석)
D199630019,F-137,2018,13416,12722,13371,17627,17120,16383,16403,20650,9448,10603,16668,2907,700,21000,전년 자료 없음 — 외삽,사후관리DB(원본월별·5년이용량분석)
D199630020,F-133,2018,7666,8296,8903,2814,14078,11593,11569,17503,7481,4646,5607,4086,900,21000,1→2차 역행,사후관리DB(원본월별·5년이용량분석)
D199630021,F-153,2018,15357,17313,19858,18782,18645,20167,16163,23324,21266,17828,18801,16445,800,24000,전년 자료 없음 — 외삽,사후관리DB(원본월별·5년이용량분석)
D199630022,F-159,2018,1451,2323,3011,3814,1632,1799,1518,14538,15124,9988,13655,14408,700,21000,전년 자료 없음 — 외삽,사후관리DB(원본월별·5년이용량분석)
D199630023,F-160,2018,12666,12255,7360,7737,7305,7141,6793,19710,13692,7826,11251,11984,800,24000,전년 자료 없음 — 외삽,사후관리DB(원본월별·5년이용량분석)
D199630024,F-161,2018,10047,10054,10677,11953,11254,3205,2779,10203,8729,3782,7378,6986,700,21000,전년 자료 없음 — 외삽,사후관리DB(원본월별·5년이용량분석)
D199630025,F-162,2018,17555,18748,18034,21135,17014,13259,10223,18479,15605,12879,14850,13974,800,24000,전년 자료 없음 — 외삽,사후관리DB(원본월별·5년이용량분석)
D199630026,F-167,2018,11611,15862,13626,16935,16215,17195,14188,22023,18489,15424,15080,6874,700,21000,전년 자료 없음 — 외삽,사후관리DB(원본월별·5년이용량분석)
D199630027,F-168,2018,813,745,1893,3638,2430,3472,6225,7652,1844,646,998,613,700,21000,전년 자료 없음 — 외삽,사후관리DB(원본월별·5년이용량분석)
D199630028,F-126,2018,1871,1387,1556,2615,2585,2577,3027,8166,5654,3146,7025,1960,700,21000,전년 자료 없거나 역행 — 1차→2차 일평균 외삽,사후관리DB(원본월별·5년이용량분석)
D199630058,F-128,2018,26433,12258,5383,5124,6132,6787,6550,18409,19291,13715,28823,20607,900,18000,전년 자료 없거나 역행 — 1차→2차 일평균 외삽,사후관리DB(원본월별·5년이용량분석)
D199630059,F-134,2018,19282,21909,17503,21810,20572,20518,17400,28505,31291,19015,21880,20999,800,24000,전년 자료 없거나 역행 — 1차→2차 일평균 외삽,사후관리DB(원본월별·5년이용량분석)
D199630060,F-149,2018,19725,19717,17815,19748,19145,19839,9001,19285,19243,19148,12720,2024,800,18000,"전년 자료 없거나 역행 — 1차→2차 일평균 외삽; 4차→다음해1차 역행(-2), Period₃로 외삽; 다음해 자료 없음 — 3→4차 일평균 외삽",사후관리DB(원본월별·5년이용량분석)
D199630061,F-144,2018,3376,2510,2810,3954,4537,3897,3702,5748,6169,2659,5521,1655,600,12000,전년 자료 없음 — 외삽,사후관리DB(원본월별·5년이용량분석)
D199630062,F-155,2018,4340,6691,8992,17279,17573,16040,8125,19165,11219,6386,6723,14431,600,18000,,사후관리DB(원본월별·5년이용량분석)
D199630063,F-146,2018,7614,9326,8393,10726,11368,12185,12072,22942,18455,10561,11123,7900,800,18000,전년 자료 없거나 역행 — 1차→2차 일평균 외삽,사후관리DB(원본월별·5년이용량분석)
D199630064,F-148,2018,5796,9733,6453,8506,8255,8214,10352,19785,11833,5638,5673,3198,700,13500,전년 자료 없음 — 외삽,사후관리DB(원본월별·5년이용량분석)
D199630065,F-152,2018,4506,3386,3270,4329,3332,4835,4114,4690,3656,2767,1778,1198,600,18000,전년 자료 없음 — 외삽,사후관리DB(원본월별·5년이용량분석)
D199630066,F-165,2018,5528,9301,8335,8662,11320,9484,8273,20334,13930,6204,6479,4649,800,24000,전년 자료 없음 — 외삽,사후관리DB(원본월별·5년이용량분석)
D199630067,F-169,2018,2683,2963,3785,4746,5830,5018,5357,10310,3973,202,244,114,700,21000,전년 자료 없음 — 외삽,사후관리DB(원본월별·5년이용량분석)
D199630068,F-127,2018,18261,20262,18187,21053,19748,19705,18262,29453,16006,8970,11795,7254,900,18000,전년 자료 없음 — 외삽,사후관리DB(원본월별·5년이용량분석)
D199630083,F-129,2018,193,541,7902,7248,278,46,46,228,2784,1364,1403,46,800,24000,전년 자료 없거나 역행 — 1차→2차 일평균 외삽,사후관리DB(원본월별·5년이용량분석)
D199630084,F-150,2018,103,103,94,108,106,115,117,9770,2553,331,104,92,800,24000,전년 자료 없음 — 외삽,사후관리DB(원본월별·5년이용량분석)
D199630085,F-142,2018,7268,5831,5797,5865,8664,7682,6958,14950,9429,6920,9181,6041,800,24000,전년 자료 없음 — 외삽,사후관리DB(원본월별·5년이용량분석)
D199630086,F-151,2018,4044,4812,4703,5220,6189,5955,5464,12505,7157,4149,5610,3270,600,18000,,사후관리DB(원본월별·5년이용량분석)
D199630087,F-147,2018,2364,3273,2916,3398,3663,4076,3958,9125,7055,5174,5949,5406,600,12000,전년 자료 없음 — 외삽,사후관리DB(원본월별·5년이용량분석)
D199630088,F-141,2018,7758,7090,7230,6656,6860,7613,7000,9386,7210,6671,8660,4357,700,13500,전년 자료 없음 — 외삽,사후관리DB(원본월별·5년이용량분석)
D199630089,F-157,2018,1392,2120,2272,2167,4079,350,6,4634,4364,4641,7952,1317,800,24000,전년 자료 없음 — 외삽; 3→4차 역행,사후관리DB(원본월별·5년이용량분석)
D199630090,F-122,2018,1340,2687,1994,3341,3164,2739,2730,11107,6420,3484,5241,1172,800,24000,전년 자료 없음 — 외삽,사후관리DB(원본월별·5년이용량분석)
D199630091,F-120,2018,8495,7369,6565,6551,5509,5238,6486,13527,7471,14368,12686,6658,1100,33000,전년 자료 없거나 역행 — 1차→2차 일평균 외삽,사후관리DB(원본월별·5년이용량분석)
D199630092,F-119,2018,4327,2915,1419,659,1018,1039,937,4265,3094,3352,8372,1326,700,21000,전년 자료 없거나 역행 — 1차→2차 일평균 외삽,사후관리DB(원본월별·5년이용량분석)
D199630093,F-123,2018,7526,6267,7241,8565,7816,8747,8325,20190,14886,8044,9361,5566,1000,21000,전년 자료 없음 — 외삽,사후관리DB(원본월별·5년이용량분석)
D199630094,F-124,2018,25021,19025,18731,20215,11747,12036,13768,28347,21371,13908,24104,10119,800,24000,전년 자료 없음 — 외삽,사후관리DB(원본월별·5년이용량분석)
D199630095,F-121,2018,10348,7339,7626,7590,7020,7863,8326,13545,7635,9006,15938,5141,1100,33000,전년 자료 없음 — 외삽,사후관리DB(원본월별·5년이용량분석)
D199630132,F-130,2018,5849,3758,2602,3774,3212,2557,2079,9592,6685,5962,9140,3442,700,21000,전년 자료 없음 — 외삽,사후관리DB(원본월별·5년이용량분석)
D199630133,F-139,2018,24738,24352,21967,28161,24971,25399,24110,24994,20736,21521,23230,20219,700,13500,전년 자료 없거나 역행 — 1차→2차 일평균 외삽,사후관리DB(원본월별·5년이용량분석)
D199630134,F-140,2018,9188,8864,9612,9273,9132,10037,8666,11510,10855,8467,10173,7640,600,12000,전년 자료 없음 — 외삽,사후관리DB(원본월별·5년이용량분석)
D199630135,F-138,2018,10668,19507,9034,5506,3964,2437,1688,10939,7340,10222,17357,17187,700,13500,전년 자료 없거나 역행 — 1차→2차 일평균 외삽,사후관리DB(원본월별·5년이용량분석)
D199630136,F-156,2018,7423,10155,10161,10519,9888,9826,7623,29674,17910,12738,14744,11037,1000,30000,전년 자료 없음 — 외삽,사후관리DB(원본월별·5년이용량분석)
D199630137,F-166,2018,3877,5805,4358,4989,6503,4967,3904,13067,5771,4993,5932,4685,800,24000,전년 자료 없음 — 외삽,사후관리DB(원본월별·5년이용량분석)
D199630138,F-164,2018,0,113,279,879,1096,1337,1153,4948,1667,121,121,15,1000,30000,전년 자료 없거나 역행 — 1차→2차 일평균 외삽,사후관리DB(원본월별·5년이용량분석)
D199630139,F-125,2018,9151,3838,4519,4470,4448,4561,4493,12752,7660,7562,16254,4723,700,21000,전년 자료 없음 — 외삽,사후관리DB(원본월별·5년이용량분석)
D199630148,F-158,2018,5816,5871,5627,7973,5312,801,758,11491,5865,1917,3658,3367,850,21000,전년 자료 없음 — 외삽; 3→4차 역행,사후관리DB(원본월별·5년이용량분석)
D199630149,F-135,2018,149,146,135,149,21,0,0,327,709,1337,3900,4097,600,18000,전년 자료 없음 — 외삽,사후관리DB(원본월별·5년이용량분석)
D199630150,F-143,2018,16580,17286,15782,13188,12075,12220,11141,17644,17720,14840,24554,14669,800,18000,전년 자료 없음 — 외삽,사후관리DB(원본월별·5년이용량분석)
D199630151,F-163,2018,0,0,0,0,0,0,0,0,0,0,0,0,700,10500,,사후관리DB(원본월별·5년이용량분석)
D199640096,F-196,2018,5709.29,1184.37,2245.32,1875.1,1534.02,1047.25,964.97,3105.75,2944.63,9075.56,13804.46,7394.14,600,18000,,
D199640098,F-182,2018,12907.79,13954.65,14389.05,15900.0,11979.63,10595.5,14399.84,28362.59,15198.49,9821.14,12853.82,12315.12,600,18000,,
D199640099,F-185,2018,4686.06,10216.01,4559.83,10211.76,7687.19,6155.42,4191.08,11888.19,7145.4,3249.33,5572.5,9054.45,800,24000,,
D199640100,F-172,2018,4799.44,5694.4,4380.47,5132.85,3772.87,4588.86,6082.65,14661.53,4082.15,2891.07,3998.8,2012.88,800,24000,,
D199640149,F-186,2018,9824.47,8986.22,12406.56,16783.57,12868.64,13251.78,12362.44,24355.68,10792.75,8059.74,8950.23,8237.01,700,21000,,
D199640150,F-184,2018,16209.58,19840.29,19418.61,24838.96,24379.63,20676.12,20369.9,32967.59,20726.32,15372.49,15612.2,11513.31,800,24000,,
D199640151,F-199,2018,2110.37,3191.95,1644.25,2884.22,2089.25,3139.15,4011.06,9593.95,2436.2,2030.42,1725.7,1804.21,600,18000,,
D199640152,F-183,2018,13385.96,13584.74,16664.82,23185.66,19027.66,19531.78,18884.21,32772.24,17384.12,8801.7,16439.4,13595.89,600,18000,,
D199640183,D-327,2018,1318.39,894.62,2537.38,3931.64,2113.62,2715.26,2541.31,8178.49,4027.12,5716.96,1719.93,1745.82,700,21000,,
D199640225,F-202,2018,4690.82,9442.77,8070.71,14736.76,11832.33,14939.17,21705.74,35499.72,12648.78,14277.59,16104.74,14625.04,700,21000,,
D199640226,F-203,2018,3205.53,6884.35,4076.83,5901.45,3342.68,5422.77,6000.95,6967.72,3733.95,3354.78,3728.58,3262.67,600,18000,,
D199640227,F-190,2018,7281.8,4472.15,5972.57,5070.66,5361.6,4706.98,4773.48,8564.01,8420.62,12360.76,16880.71,14579.5,900,27000,,
D199640228,F-189,2018,14867.68,15143.45,13947.57,16599.2,13921.05,2662.24,3897.89,11009.56,9604.2,13531.26,18190.17,13856.76,800,24000,,
D199710012,F-217,2018,6140,7659,9440,10193,10737,11201,10317,16611,12631,11059,11638,10299,600,18000,전년 자료 없음 — 외삽,사후관리DB(원본월별·5년이용량분석)
D199710013,F-218,2018,11749,14810,13118,13135,14926,13928,13248,14382,11224,9336,12498,14392,600,18000,,사후관리DB(원본월별·5년이용량분석)
D199710016,F-216,2018,19389,20897,19992,24242,21638,24296,23179,24180,16697,14217,12380,10560,700,21000,전년 자료 없음 — 외삽,사후관리DB(원본월별·5년이용량분석)
D199710017,F-214,2018,5235,5781,5801,6388,5587,6682,6376,12737,9225,6640,5810,5919,600,18000,전년 자료 없음 — 외삽,사후관리DB(원본월별·5년이용량분석)
D199710018,F-215,2018,1505,2131,3424,1870,2039,2138,1616,4012,4860,1887,1580,1535,800,19200,,사후관리DB(원본월별·5년이용량분석)
D199710019,F-204,2018,6252,7580,7616,9004,8763,8141,8206,13912,12239,7772,7497,4469,600,18000,전년 자료 없음 — 외삽,사후관리DB(원본월별·5년이용량분석)
D199710025,F-220,2018,7303,10974,11076,13074,6993,4791,4132,14547,7521,4640,5006,4149,700,21000,,사후관리DB(원본월별·5년이용량분석)
D199710026,F-219,2018,20816,21762,20105,22362,22077,22858,22039,24268,22682,20166,20824,19708,800,24000,"전년 자료 없거나 역행 — 1차→2차 일평균 외삽; 4차→다음해1차 역행(-242279), Period₃로 외삽; 다음해 자료 없음 — 3→4차 일평균 외삽",사후관리DB(원본월별·5년이용량분석)
D199720002,D-320,2018,4290.68,2921.04,15217.05,21898.83,20380.71,26780.89,22247.0,21128.25,19901.98,16294.84,17441.75,13763.55,600,18000,,
D199720003,F-117,2018,1839.24,1589.82,2605.84,3299.0,2543.11,3976.86,3505.57,8764.69,3297.47,2836.9,3194.95,2668.24,600,18000,,
D199720017,F-226,2018,4859.08,5511.08,6213.14,11085.38,8400.97,9557.46,7797.7,20101.48,7619.88,7364.35,6246.07,5637.06,600,18000,,
D199720018,F-222,2018,2380.46,2649.14,1941.03,4125.62,3967.43,4218.53,4577.61,8939.26,7088.64,3442.62,3746.46,2996.74,600,18000,,
D199720019,F-224,2018,6381.32,7885.37,14791.22,18958.5,17793.51,20972.58,20830.58,28701.46,17929.72,14637.63,13655.22,13371.36,950,28500,,
D199720020,F-223,2018,3192.71,4957.55,8612.89,10423.42,8638.59,10269.21,10674.73,22186.19,7856.12,6628.16,8353.02,6490.97,750,22500,,
D199720021,F-225,2018,2592.9,3532.77,8421.04,9403.41,7263.91,10508.58,10064.62,17791.38,5629.77,4855.2,5884.81,4173.37,600,18000,,
D199720024,F-221,2018,2054.05,4341.06,3539.89,5295.64,3656.37,4679.14,5352.46,8236.08,2826.8,2693.27,2869.42,2967.51,800,24000,,
D199720026,F-231,2018,9898.64,10844.68,10482.76,12758.57,11477.19,15390.84,10740.4,17768.21,10403.7,9081.42,9613.06,8833.33,550,16500,,
D199720027,F-230,2018,3906.12,6055.0,7615.37,11347.42,9084.57,11780.51,14843.24,19712.93,11301.83,5669.57,6645.58,5552.28,600,18000,,
D199720028,F-227,2018,1993.74,2533.81,3754.32,7634.73,6319.05,7099.42,8462.68,17955.53,7299.27,6825.81,4874.9,4381.4,700,21000,,
D199720029,F-229,2018,4122.43,4225.77,4752.36,7815.06,5674.28,7534.54,9142.17,9816.4,5547.97,5116.53,3080.75,3772.05,600,18000,,
D199720030,F-228,2018,7310.96,8157.45,13116.6,15807.8,14889.44,17161.38,18822.42,25997.62,17840.17,9035.88,9630.82,7655.65,850,25500,,
D199730036,F-207,2018,14855,4695,28,43,4620,6220,15958,9017,109,2044,8684,261,700,21000,전년 자료 없음 — 외삽,사후관리DB(원본월별·5년이용량분석)
D199730037,F-208,2018,1788,3321,2237,1870,1036,1178,1435,3271,2683,1549,1993,1067,800,24000,전년 자료 없거나 역행 — 1차→2차 일평균 외삽,사후관리DB(원본월별·5년이용량분석)
D199730038,F-212,2018,7875,7897,6561,4304,4387,5436,4027,7685,8064,3477,3721,3533,800,24000,전년 자료 없음 — 외삽,사후관리DB(원본월별·5년이용량분석)
D199730039,F-145,2018,2681,3968,2720,2896,2433,2627,3231,8999,7810,4324,5715,3595,600,18000,전년 자료 없음 — 외삽,사후관리DB(원본월별·5년이용량분석)
D199730040,F-154,2018,4539,3049,3994,5512,4956,4725,6660,11023,8197,5277,9732,3137,800,12000,전년 자료 없음 — 외삽,사후관리DB(원본월별·5년이용량분석)
D199730052,F-206,2018,25028,24228,22642,24304,23978,1198,10994,24795,24781,23670,24918,23510,900,24000,전년 자료 없음 — 외삽,사후관리DB(원본월별·5년이용량분석)
D199730053,F-209,2018,4021,6254,5599,5137,5071,4855,3005,8602,7831,1285,1898,1471,800,24000,전년 자료 없음 — 외삽,사후관리DB(원본월별·5년이용량분석)
D199730054,F-213,2018,12681,18267,17141,18726,23270,19199,22246,26829,26322,25262,26684,24984,1000,30000,전년 자료 없음 — 외삽,사후관리DB(원본월별·5년이용량분석)
D199730055,F-211,2018,4555,6127,7226,6081,6808,7394,6756,16158,10788,5950,6582,5570,600,18000,전년 자료 없음 — 외삽,사후관리DB(원본월별·5년이용량분석)
D199730056,F-205,2018,6265,4693,2359,1686,1791,1856,1854,16409,8489,8377,16599,3349,1000,24000,전년 자료 없음 — 외삽,사후관리DB(원본월별·5년이용량분석)
D199730057,F-241,2018,11263,12411,11946,15555,14349,15325,13441,19966,15852,11689,22517,21637,600,24000,1→2차 역행,사후관리DB(원본월별·5년이용량분석)
D199730059,F-210,2018,1193,1321,1305,1689,1751,1481,1585,11502,5125,1041,1371,1027,800,24000,전년 자료 없음 — 외삽,사후관리DB(원본월별·5년이용량분석)
D199730061,F-263,2018,5714,8618,10633,8474,7822,8628,6933,17677,12455,7359,7599,6789,800,24000,전년 자료 없음 — 외삽,사후관리DB(원본월별·5년이용량분석)
D199730063,F-235,2018,5581,5837,4784,4776,3667,4552,7004,13284,5730,13707,10383,5786,800,12000,전년 자료 없음 — 외삽,사후관리DB(원본월별·5년이용량분석)
D199730073,F-257,2018,15382,20220,17415,8873,4724,7904,10030,6802,22310,19411,22878,20917,700,21000,전년 자료 없음 — 외삽,사후관리DB(원본월별·5년이용량분석)
D199730074,F-239,2018,8651,4038,4070,1981,6932,6712,9145,15199,26133,7978,9594,3461,700,21000,전년 자료 없거나 역행 — 1차→2차 일평균 외삽,사후관리DB(원본월별·5년이용량분석)
D199730079,F-252,2018,3588,3040,2339,3000,4637,5560,4123,5308,6258,5321,6042,3640,800,24000,전년 자료 없음 — 외삽,사후관리DB(원본월별·5년이용량분석)
D199730080,F-251,2018,10419,10949,10692,16692,19284,19731,15310,22461,7379,1184,912,132,1000,24000,전년 자료 없음 — 외삽,사후관리DB(원본월별·5년이용량분석)
D199730081,F-259,2018,3082,2601,1286,1318,1842,2021,2170,5593,2030,783,1471,676,700,30000,전년 자료 없음 — 외삽,사후관리DB(원본월별·5년이용량분석)
D199730082,F-258,2018,560,1053,1469,14849,9388,1164,1268,3142,736,657,509,402,600,24000,전년 자료 없음 — 외삽,사후관리DB(원본월별·5년이용량분석)
D199730083,F-248,2018,6288,1313,502,1196,1395,4794,279,16845,6489,5104,1677,861,700,24000,전년 자료 없음 — 외삽,사후관리DB(원본월별·5년이용량분석)
D199730084,F-253,2018,0,0,0,0,0,0,792,0,0,2,0,0,800,21000,전년 자료 없음 — 외삽,사후관리DB(원본월별·5년이용량분석)
D199730085,F-256,2018,8688,7650,11585,12685,14057,17694,18110,25275,35598,36441,38144,35470,1200,36000,전년 자료 없음 — 외삽,사후관리DB(원본월별·5년이용량분석)
D199730087,F-261,2018,15177,18120,16150,19791,17628,17602,15692,25642,18974,18199,18869,15215,1200,36000,전년 자료 없음 — 외삽,사후관리DB(원본월별·5년이용량분석)
D199730088,F-254,2018,1671,2539,2767,2401,2204,2192,2397,9555,8765,2646,4397,1379,800,24000,전년 자료 없음 — 외삽,사후관리DB(원본월별·5년이용량분석)
D199730089,F-255,2018,4702,2951,5368,5692,5827,6437,6516,14128,15020,7500,11509,8638,700,24000,전년 자료 없음 — 외삽,사후관리DB(원본월별·5년이용량분석)
D199730090,F-242,2018,16786,17493,13513,14698,14085,13444,13009,27361,19543,14626,17963,13190,800,33000,전년 자료 없음 — 외삽,사후관리DB(원본월별·5년이용량분석)
D199730091,F-245,2018,12324,13119,12829,13688,13679,10720,2,7628,10680,10023,14732,9517,900,27000,전년 자료 없음 — 외삽,사후관리DB(원본월별·5년이용량분석)
D199730092,F-244,2018,5224,5465,5094,5877,4966,5102,5890,11432,8232,5816,5860,4781,800,27000,"전년 자료 없거나 역행 — 1차→2차 일평균 외삽; 4차→다음해1차 역행(-834469), Period₃로 외삽; 다음해 자료 없음 — 3→4차 일평균 외삽",사후관리DB(원본월별·5년이용량분석)
D199730093,F-243,2018,5088,3372,3481,5759,5063,4460,4947,15235,8886,5586,6341,4330,800,24000,전년 자료 없음 — 외삽,사후관리DB(원본월별·5년이용량분석)
D199730094,F-246,2018,19586,16459,16990,16834,16172,16243,15545,18637,15440,4484,21383,24005,800,24000,전년 자료 없음 — 외삽,사후관리DB(원본월별·5년이용량분석)
D199730098,F-234,2018,7484,6056,4922,6183,5224,6996,12153,35803,11956,19696,17201,9375,800,12000,전년 자료 없음 — 외삽,사후관리DB(원본월별·5년이용량분석)
D199730099,F-232,2018,4444,5390,4728,8514,6724,10014,9747,19206,7592,9757,6824,3842,800,12000,전년 자료 없음 — 외삽,사후관리DB(원본월별·5년이용량분석)
D199730100,F-233,2018,4025,3999,2164,3642,2135,2508,4800,10886,3957,11344,8920,1662,600,9000,전년 자료 없음 — 외삽,사후관리DB(원본월별·5년이용량분석)
D199730101,F-236,2018,2854,1487,2202,3473,2551,2170,2549,10146,10760,3875,8170,1348,800,12000,전년 자료 없음 — 외삽,사후관리DB(원본월별·5년이용량분석)
D199730102,F-238,2018,4908,6163,11257,13451,11972,12762,12882,20661,7302,2119,5302,2886,800,12000,전년 자료 없음 — 외삽,사후관리DB(원본월별·5년이용량분석)
D199730103,F-237,2018,2124,2176,3119,3805,1987,3080,5047,27581,16040,15694,9632,6264,800,12000,전년 자료 없음 — 외삽; 2→3차 역행,사후관리DB(원본월별·5년이용량분석)
D199730105,F-250,2018,4285,3916,4732,5432,7334,10120,6746,21321,11953,5645,7431,3637,700,27000,전년 자료 없음 — 외삽,사후관리DB(원본월별·5년이용량분석)
D199730107,F-240,2018,5342,1941,0,3066,24,0,4216,10223,8766,7852,12250,5054,1050,24000,전년 자료 없음 — 외삽,사후관리DB(원본월별·5년이용량분석)
D199730108,F-247,2018,6751,11366,6140,4855,4678,1675,110,690,6345,292,6972,3685,700,21000,전년 자료 없음 — 외삽,사후관리DB(원본월별·5년이용량분석)
D199730109,F-266,2018,2352,4742,3562,3292,4101,5895,4208,17389,10478,4488,5007,2878,700,21000,전년 자료 없음 — 외삽,사후관리DB(원본월별·5년이용량분석)
D199730120,D-321,2018,0,0,0,0,0,0,0,0,0,0,0,0,800,24000,전년 자료 없거나 역행 — 1차→2차 일평균 외삽,사후관리DB(원본월별·5년이용량분석)
D199730121,D-322,2018,0,0,0,0,0,0,0,0,0,0,0,0,700,21000,전년 자료 없거나 역행 — 1차→2차 일평균 외삽,사후관리DB(원본월별·5년이용량분석)
D199730132,F-262,2018,10258,8300,8314,10849,14489,13749,12153,26412,17148,14153,17798,11703,800,24000,1→2차 역행,사후관리DB(원본월별·5년이용량분석)
D199730133,F-260,2018,11953,10113,10581,11112,10747,12560,10843,20071,14995,10864,13085,9248,800,24000,전년 자료 없음 — 외삽,사후관리DB(원본월별·5년이용량분석)
D199730134,R-001,2018,13028,13902,14337,17226,15833,17255,16412,19425,16725,16299,16750,13033,800,24000,전년 자료 없음 — 외삽,사후관리DB(원본월별·5년이용량분석)
D199740086,F-289,2018,3.36,3.36,0.0,13.44,20.16,13.44,13.44,10.08,10.08,10.08,10.08,6.48,1200,36000,,
D199740087,F-277,2018,8059.67,7221.96,11500.12,18116.97,14209.73,13057.67,11104.05,26704.73,15012.87,5832.57,10041.58,8999.03,700,21000,,
D199740088,F-281,2018,6595.28,11041.29,9524.32,16179.15,11611.22,10505.39,10187.81,27143.88,12663.17,6255.03,8721.88,6928.48,600,18000,,
D199740089,F-276,2018,6916.11,10713.55,11579.61,14350.61,10974.3,11839.33,12369.11,23804.9,10845.99,9460.5,3565.66,3925.31,600,18000,,
D199740090,F-287,2018,3383.34,4411.54,4948.8,8413.19,11479.27,8132.98,10738.22,21242.55,24635.16,8945.82,9594.23,6626.48,600,18000,,
D199740091,F-278,2018,14347.69,14321.31,12967.43,14847.55,13183.45,14407.97,13977.19,14429.32,14181.91,13744.84,14312.52,14725.66,1000,30000,,
D199740092,F-280,2018,6901.88,7530.05,9211.42,10817.94,9183.35,8318.61,9322.35,18480.31,11424.72,8309.25,7673.06,7158.07,800,24000,,
D199740093,F-279,2018,5948.94,5790.69,7912.25,10910.86,9210.39,8926.09,7791.55,18007.74,9170.16,5066.52,6260.06,5743.98,600,18000,,
D199740094,F-290,2018,1475.83,823.97,2144.9,4132.75,6017.34,4296.25,6389.52,15128.32,14579.72,4877.12,7764.23,4481.93,600,18000,,
D199740095,F-293,2018,3270.0,865.85,1002.72,2064.95,999.75,1166.37,1535.32,1365.72,2285.13,7887.87,12419.45,6508.15,700,21000,,
D199740096,F-288,2018,210.59,2.67,463.83,898.34,762.39,866.35,967.65,1436.81,3286.81,2844.3,9657.83,4944.5,800,24000,,
D199740103,F-269,2018,3047.02,6981.13,7434.49,12831.9,13914.34,11959.57,11713.84,21135.05,16463.76,6515.47,9405.23,8042.38,800,24000,,
D199740122,F-272,2018,4175.85,5137.0,3464.38,3283.24,4621.34,10833.72,12333.38,6961.39,10291.96,10430.66,10107.56,10712.67,750,22500,,
D199740125,F-291,2018,10075.98,5080.69,4509.23,3950.91,5717.82,3625.78,4046.16,6673.53,8332.06,7277.83,16555.74,9306.19,800,24000,,
D199740127,F-294,2018,3328.24,1629.92,2214.27,1715.91,1811.67,723.11,883.36,2927.6,2095.05,6171.81,7713.78,4479.35,600,18000,,
D199740128,F-295,2018,1620.25,2316.53,2298.85,2690.1,2990.72,2614.94,4670.65,9301.5,8547.75,4206.45,6545.09,3533.54,700,21000,,
D199740129,F-273,2018,913.24,2267.84,1797.34,1412.89,6475.97,1764.03,774.45,6449.6,4666.14,718.94,748.08,795.94,900,27000,,
D199740130,F-275,2018,6651.0,7780.44,6423.52,7272.98,6708.26,7794.76,7845.66,13061.78,7646.82,7952.24,8450.15,8507.95,600,18000,,
D199740131,F-274,2018,10618.62,17648.95,11384.06,14816.34,9380.27,11959.36,16461.79,31680.35,22346.4,22370.77,23085.02,22218.28,600,18000,,
D199740143,F-348,2018,9299.34,12104.92,11384.67,15242.05,14688.71,9056.97,18749.6,23940.04,14448.62,11398.38,10730.72,9817.52,1000,30000,,
D199740144,F-284,2018,3202.85,6583.13,8549.33,7279.57,4789.05,5559.65,5218.04,13805.77,6389.82,4677.83,4724.18,4927.73,600,18000,,
D199740145,F-283,2018,4195.79,8052.71,10644.49,5866.33,5482.27,5340.44,4802.0,10039.53,4483.21,2616.88,3563.22,2998.9,700,21000,,
D199740146,F-282,2018,4047.74,7111.25,8206.33,15685.37,12648.79,9120.1,4894.17,13725.21,6126.0,2959.91,3618.82,4429.58,700,21000,,
D199740147,F-285,2018,7122.8,8055.42,11197.77,16110.83,15659.23,15688.63,14604.78,27291.8,16039.42,14195.18,16045.72,11258.97,700,21000,,
D199740148,F-286,2018,8292.47,7723.02,5671.63,10920.17,7327.38,6117.58,5081.6,9843.02,4658.51,4153.1,6113.01,7117.55,700,21000,,
D199740161,F-297,2018,7306.83,17371.18,12769.83,15561.6,10925.99,8347.4,10489.45,14035.01,7055.57,7103.79,8231.92,8103.51,700,21000,,
D199740162,F-339,2018,9127.13,9127.13,9986.04,11790.38,13141.68,12710.65,11348.34,18449.32,14511.85,9301.74,9779.96,12060.36,800,24000,,
D199740163,F-271,2018,24172.89,24172.89,24089.24,25893.84,25577.07,26554.8,25762.2,26774.2,25619.58,23537.98,25334.36,24800.69,1000,30000,,
D199740190,F-292,2018,2057.67,1557.16,1646.53,1483.67,2002.06,1755.77,2321.83,4065.68,2639.62,7996.31,7539.49,5227.81,800,24000,,
D199740205,F-198,2018,815.43,1219.41,1122.16,2285.46,579.78,1159.56,1339.11,4006.1,3171.96,7765.32,6703.01,4365.19,800,24000,,
D199740206,F-197,2018,2745.62,1311.74,904.65,411.62,637.78,196.76,719.2,2137.24,2062.6,10068.77,7033.66,4755.43,800,24000,,
D199740207,F-195,2018,5277.23,4401.34,4262.66,4583.82,5280.88,3696.98,3806.47,8576.41,10514.31,6561.86,15974.02,9221.63,700,21000,,
D199740208,F-192,2018,5310.68,4162.24,4622.97,5488.23,5164.6,51.69,0.0,2607.02,44.95,8430.11,4492.61,2859.9,700,21000,,
D199740209,F-191,2018,8958.8,7001.79,8468.14,8882.66,8662.71,9023.66,8580.93,18684.61,15881.64,10580.24,14705.74,9867.17,900,27000,,
D199740210,F-194,2018,18981.43,18241.02,17788.55,20316.41,19804.11,19119.79,19994.82,32211.59,28965.75,25357.19,26770.7,19029.6,700,21000,,
D199740211,F-181,2018,15229.96,16596.2,15612.77,17338.73,17259.52,14982.45,13840.62,19087.78,14833.95,14206.93,1158.34,592.27,800,24000,,
D199740212,F-180,2018,18125.72,23422.69,23628.7,26249.17,24627.45,26573.84,25880.0,25316.35,24770.83,21566.94,12637.57,12549.3,600,18000,,
D199740213,F-187,2018,12823.14,14002.85,13137.2,13594.51,11367.94,12243.39,11415.69,15220.52,14633.42,13299.43,15344.18,15333.47,600,18000,,
D199740214,F-188,2018,22017.33,23339.21,26465.32,36103.41,22780.31,22235.32,24069.72,44626.03,24823.42,14336.54,16727.51,15783.13,700,21000,,
D199740215,F-175,2018,15981.52,24746.49,18336.81,19677.67,17511.54,21050.34,21326.54,26027.09,16857.01,11858.5,13375.12,13686.82,600,18000,,
D199740216,F-170,2018,5807.2,15702.86,9471.26,18685.19,13196.78,6967.1,9694.02,27011.91,7437.59,4902.7,4658.82,4536.28,700,21000,,
D199740217,F-171,2018,0.0,671.78,0.0,0.0,8.08,0.0,0.0,0.0,0.0,0.0,0.0,,800,24000,,
D199740218,F-173,2018,1453.18,3244.46,3910.15,6033.22,2996.66,3750.55,7007.61,18427.27,2509.47,5161.73,2614.47,1969.19,600,18000,,
D199740219,F-174,2018,5615.46,10313.79,6918.77,7810.62,8513.99,8532.38,9424.23,19595.51,8095.64,5562.6,5408.59,5433.25,700,21000,,
D199740220,F-179,2018,7258.22,7186.0,9373.7,15112.26,16631.92,13758.12,18900.86,23510.98,23188.99,10062.81,10122.99,8085.41,800,24000,,
D199740221,F-176,2018,69.45,52.44,141.73,150.24,140.31,131.81,121.89,500.31,785.2,212.6,161.57,154.31,700,21000,,
D199740222,F-177,2018,7659.45,8293.16,7853.44,8653.66,7986.0,6856.0,6632.91,8587.38,8660.13,6550.46,7056.46,7782.56,600,18000,,
D199740223,F-201,2018,4113.29,3912.41,3987.87,5739.47,3968.74,4887.05,6092.34,8462.53,4075.02,3389.48,2220.33,2155.51,600,18000,,
D199740224,F-200,2018,75.41,182.99,301.28,478.9,385.88,505.32,691.75,804.68,349.13,449.43,542.45,1953.89,600,18000,,
D199810008,F-300,2018,14774,15791,17068,15356,17038,10690,9218,14681,13801,11459,11821,11369,1000,32580,전년 자료 없음 — 외삽,사후관리DB(원본월별·5년이용량분석)
D199810009,F-299,2018,1593,2365,1969,2352,2328,2504,2330,3957,2082,2102,2244,1802,700,21000,전년 자료 없음 — 외삽,사후관리DB(원본월별·5년이용량분석)
D199810010,F-301,2018,2123,2663,2044,3426,3860,3427,4334,8281,3757,3132,2842,2564,700,24000,"전년 자료 없거나 역행 — 1차→2차 일평균 외삽; 4차→다음해1차 역행(-77151), Period₃로 외삽; 다음해 자료 없음 — 3→4차 일평균 외삽",사후관리DB(원본월별·5년이용량분석)
D199810022,F-302,2018,13638,14437,15123,15534,15536,15891,15673,17756,18654,16992,16090,14342,600,25140,전년 자료 없음 — 외삽,사후관리DB(원본월별·5년이용량분석)
D199820003,F-306,2018,3009.91,3445.22,2634.5,3561.04,3807.32,3933.78,5058.67,7000.93,6935.7,4042.94,3999.01,3237.62,550,16500,,
D199820010,F-303,2018,10135.36,8362.74,4893.07,11740.51,10447.81,12004.98,10106.77,11657.81,11254.47,9861.7,9983.21,5907.66,700,21000,,
D199820011,F-305,2018,3098.19,3967.55,5605.63,6340.79,6660.24,5801.09,5839.01,12255.65,8010.95,3602.89,4912.76,4527.16,500,15000,,
D199820012,F-304,2018,7034.47,8280.21,8691.42,9497.22,8373.94,9486.64,11117.88,19933.27,15198.27,11190.45,10575.14,10291.35,500,15000,,
D199820019,F-308,2018,1854.26,11192.72,15853.55,3031.36,2148.07,2003.5,2401.77,4643.11,4422.99,3646.96,3902.53,2843.35,600,18000,,
D199820025,F-307,2018,4747.27,5567.97,5845.3,7487.96,8183.17,5635.73,7544.43,10127.0,9236.03,4988.21,5529.07,4089.83,800,24000,,
D199830009,S-004,2018,7039,6731,5651,6108,6918,6583,6306,10816,12425,1111,2161,5034,1300,42000,"전년 자료 없거나 역행 — 1차→2차 일평균 외삽; 4차→다음해1차 역행(-63185), Period₃로 외삽; 다음해 자료 없음 — 3→4차 일평균 외삽",사후관리DB(원본월별·5년이용량분석)
D199830010,S-005,2018,15923,15882,14631,14694,14138,16214,13842,20162,15541,13540,16517,10938,1050,45000,전년 자료 없음 — 외삽,사후관리DB(원본월별·5년이용량분석)
D199830011,S-006,2018,4602,5424,9720,9978,11344,10644,7747,25788,14049,6775,7177,5366,800,15000,전년 자료 없음 — 외삽,사후관리DB(원본월별·5년이용량분석)
D199830012,S-003,2018,5247,4563,3677,4668,4066,4757,6050,10766,5591,8061,7990,5639,1000,30000,전년 자료 없음 — 외삽,사후관리DB(원본월별·5년이용량분석)
D199830013,S-002,2018,4504,5484,8963,11437,6574,7544,10663,20737,9917,15700,14468,8776,1050,12000,전년 자료 없음 — 외삽,사후관리DB(원본월별·5년이용량분석)
D199830020,F-328,2018,15108,18057,16530,21021,19110,21269,17827,27106,20383,17311,16021,15920,850,29880,전년 자료 없음 — 외삽,사후관리DB(원본월별·5년이용량분석)
D199830028,F-312,2018,249,570,385,36,32,36,32,36,2108,309,1096,0,1500,45000,전년 자료 없음 — 외삽,사후관리DB(원본월별·5년이용량분석)
D199830029,F-313,2018,28599,27204,24858,26212,28077,29727,26044,19380,22364,20232,28192,25854,1400,42000,"전년 자료 없거나 역행 — 1차→2차 일평균 외삽; 2→3차 역행(-1), Period 무효; 4차→다음해1차 역행(-417875), Period₃로 외삽; 다음해 자료 없음 — 3→4차 일평균 외삽",사후관리DB(원본월별·5년이용량분석)
D199830030,F-314,2018,6830,6915,5936,5818,5315,4206,4225,8017,9825,413,2990,1051,800,30000,전년 자료 없음 — 외삽,사후관리DB(원본월별·5년이용량분석)
D199830031,F-315,2018,20787,20944,22441,22555,20897,23923,22643,27993,25013,20011,22485,19908,1200,36000,전년 자료 없음 — 외삽,사후관리DB(원본월별·5년이용량분석)
D199830032,F-316,2018,2972,2001,1107,1729,1422,2429,4220,8098,5743,8944,7383,1626,1000,30000,전년 자료 없음 — 외삽,사후관리DB(원본월별·5년이용량분석)
D199830033,F-317,2018,7057,7563,7235,11833,14100,17564,16423,24503,18606,12533,11825,9619,1050,36000,전년 자료 없음 — 외삽,사후관리DB(원본월별·5년이용량분석)
D199830035,F-318,2018,15006,15901,16756,16783,16482,17613,16237,19801,18114,14006,14075,11738,900,39000,전년 자료 없음 — 외삽,사후관리DB(원본월별·5년이용량분석)
D199830036,F-319,2018,1660,3164,2374,5435,2794,5158,4280,16160,3405,2767,4409,1684,850,39000,전년 자료 없음 — 외삽,사후관리DB(원본월별·5년이용량분석)
D199830037,F-369,2018,4975,5050,4870,10480,10622,8611,8236,25615,29278,28606,29179,16581,700,27000,전년 자료 없음 — 외삽,사후관리DB(원본월별·5년이용량분석)
D199830038,F-320,2018,27751,28580,25555,27969,27878,28907,27631,35684,29282,27649,27947,25582,1200,36000,전년 자료 없음 — 외삽,사후관리DB(원본월별·5년이용량분석)
D199830042,F-322,2018,14532,16773,15330,17539,16898,18861,17584,30336,18524,15429,15492,13747,1400,42000,전년 자료 없음 — 외삽,사후관리DB(원본월별·5년이용량분석)
D199830043,F-323,2018,2639,2539,3074,3618,3340,4326,4326,10687,5998,3315,5163,3131,800,36000,전년 자료 없음 — 외삽,사후관리DB(원본월별·5년이용량분석)
D199830044,F-370,2018,2631,4603,2191,1897,2568,3026,3441,12155,7849,2866,3937,1994,700,27000,전년 자료 없음 — 외삽,사후관리DB(원본월별·5년이용량분석)
D199830045,F-324,2018,8111,10033,7329,10467,9558,10643,10598,20882,18073,11885,14457,9934,1200,36000,전년 자료 없음 — 외삽,사후관리DB(원본월별·5년이용량분석)
D199830055,F-326,2018,4685,7329,5784,5176,4882,4598,3299,20048,9375,3890,5876,3292,1218,18000,전년 자료 없음 — 외삽,사후관리DB(원본월별·5년이용량분석)
D199830056,F-325,2018,34972,35284,31982,34458,34178,35586,33654,35570,35288,32340,33780,31836,1200,36000,"전년 자료 없거나 역행 — 1차→2차 일평균 외삽; 4차→다음해1차 역행(-133933), Period₃로 외삽; 다음해 자료 없음 — 3→4차 일평균 외삽",사후관리DB(원본월별·5년이용량분석)
D199830057,F-329,2018,838,173,1064,0,1220,0,448,5401,1018,0,1197,2,850,18000,전년 자료 없음 — 외삽,사후관리DB(원본월별·5년이용량분석)
D199830064,F-327,2018,20188,18757,16379,20910,17210,18630,17325,24745,18384,15960,16207,15568,900,27000,전년 자료 없음 — 외삽,사후관리DB(원본월별·5년이용량분석)
D199830065,S-009,2018,4338,8339,9770,9766,9986,10557,8216,27935,11998,6856,7562,5963,1000,30000,전년 자료 없음 — 외삽,사후관리DB(원본월별·5년이용량분석)
D199830066,F-330,2018,3896,8327,8718,8870,9720,10261,11667,39017,15351,18540,19959,9480,950,15000,전년 자료 없음 — 외삽,사후관리DB(원본월별·5년이용량분석)
D199830073,F-380,2018,1318,2492,1749,2124,1576,2730,2511,9596,8675,1972,2605,1097,900,27000,전년 자료 없음 — 외삽,사후관리DB(원본월별·5년이용량분석)
D199830075,F-311,2018,6586,4518,2863,4112,1362,1415,1614,10007,4533,12450,10442,3179,1500,30000,전년 자료 없음 — 외삽,사후관리DB(원본월별·5년이용량분석)
D199830076,F-309,2018,6597,3503,9212,15514,11491,13130,14489,25162,15291,22812,16244,12227,1000,15000,"전년 자료 없거나 역행 — 1차→2차 일평균 외삽; 4차→다음해1차 역행(-530003), Period₃로 외삽; 다음해 자료 없음 — 3→4차 일평균 외삽",사후관리DB(원본월별·5년이용량분석)
D199830077,F-310,2018,5222,2670,2852,3719,2878,3546,4576,9583,6074,13651,11147,3868,800,12000,"전년 자료 없거나 역행 — 1차→2차 일평균 외삽; 4차→다음해1차 역행(-572819), Period₃로 외삽; 다음해 자료 없음 — 3→4차 일평균 외삽",사후관리DB(원본월별·5년이용량분석)
D199830090,F-331,2018,13542,0,0,0,0,0,7355,27661,10741,386,4859,1298,650,12000,전년 자료 없음 — 외삽; 3→4차 역행,사후관리DB(원본월별·5년이용량분석)
D199830091,F-332,2018,7370,10437,7694,9516,6814,6205,7430,18302,7090,7228,6961,6123,800,12000,전년 자료 없음 — 외삽,사후관리DB(원본월별·5년이용량분석)
D199830092,F-378,2018,12822,15933,18516,21282,21399,20909,20244,24977,19599,15572,15720,14805,800,15000,전년 자료 없음 — 외삽,사후관리DB(원본월별·5년이용량분석)
D199830093,R-004,2018,10837,9900,9330,10311,10454,10642,5660,9944,13924,12186,14703,9629,1020,30600,전년 자료 없음 — 외삽,사후관리DB(원본월별·5년이용량분석)
D199830094,R-005,2018,6378,6799,7705,10582,8185,10155,10998,17605,9740,10308,9494,4850,825,24750,전년 자료 없음 — 외삽,사후관리DB(원본월별·5년이용량분석)
D199840018,F-333,2018,22558.1,24921.33,13982.44,10893.32,8544.74,9371.54,9283.65,14563.48,10943.77,11012.13,12600.64,12553.26,800,24000,,
D199840019,F-349,2018,7557.6,12174.84,7510.61,8438.69,4673.62,4766.14,5046.59,5499.79,1908.19,1655.93,1739.06,1794.38,850,25500,,
D199840020,R-006,2018,10949.73,10949.73,11590.21,12516.82,11417.19,11124.4,11193.44,12783.83,12282.26,11102.78,10988.82,8487.32,900,27000,,
D199840023,S-007,2018,5825.49,737.57,678.82,381.84,877.9,257.82,2232.29,2388.94,3452.87,2849.1,10547.88,5305.16,1200,36000,,
D199840025,F-336,2018,8582.28,14050.79,9664.02,10957.94,12348.97,9451.86,6420.27,12384.83,7267.44,11264.24,13932.75,13526.19,1000,30000,,
D199840026,F-337,2018,5122.39,7171.35,9029.62,13138.75,14381.96,9990.54,14415.61,15374.66,12282.53,5817.84,6244.09,5150.58,800,24000,,
D199840027,F-338,2018,7126.98,7058.16,9623.75,10910.54,6994.14,251.28,3029.73,15369.51,14175.54,10995.37,18456.86,13276.94,1000,30000,,
D199840053,F-335,2018,26254.0,29366.91,25331.98,30226.46,24948.52,27559.49,27404.38,24655.54,10870.41,10202.59,11232.33,11103.95,1000,30000,,
D199840054,F-334,2018,0.0,0.0,0.0,0.0,0.0,0.0,0.0,0.0,0.0,0.0,0.0,,850,25500,,
D199840058,F-386,2018,4877.21,6641.54,7386.0,8365.0,15596.42,20223.11,17179.52,26790.03,16962.75,17117.33,17918.65,16980.95,900,27000,,
D199840059,F-341,2018,5554.67,8290.96,13489.92,15947.6,11470.04,11895.41,13596.88,14875.48,7054.66,13072.01,11517.3,7571.62,700,21000,,
D199840060,F-342,2018,8604.66,13051.26,12937.91,12268.08,11309.72,8723.17,7999.24,17840.5,8571.17,3413.53,5057.17,4652.99,850,25500,,
D199840061,F-343,2018,6478.17,5885.0,8681.9,13988.1,12363.17,11309.83,10094.73,27494.47,13959.34,7312.21,8225.33,6533.27,850,25500,,
D199840062,F-344,2018,7895.36,13041.7,15612.63,11195.06,7944.74,7997.11,10422.89,24809.91,9978.44,4311.32,3992.57,3470.03,700,21000,,
D199840063,F-345,2018,5044.22,5659.54,6278.33,9055.96,8068.67,10074.53,10157.97,25742.55,11510.28,5294.52,6817.17,5717.29,1050,31500,,
D199840064,F-346,2018,6407.53,8848.89,11650.51,13384.77,10234.62,10340.19,9170.61,25961.89,12803.33,6466.18,7386.09,14322.17,1050,31500,,
D199840065,F-347,2018,25904.21,27460.6,27588.85,30873.97,24395.91,21454.14,17295.3,32371.58,18368.07,14568.61,18486.97,22187.99,1050,31500,,
D199840115,R-007,2018,1839.02,5241.59,1160.06,5711.05,710.0,6874.98,5745.96,12698.54,2021.37,3701.32,2793.45,1960.64,900,27000,,
D199840116,F-356,2018,1096.15,690.65,1258.34,1705.7,1069.98,837.15,915.63,2116.42,1292.35,6809.71,6911.74,3608.91,750,22500,,
D199840117,F-354,2018,3670.62,2592.33,3024.92,4602.58,4217.71,4061.85,4653.48,8079.17,6021.21,4666.2,9367.39,6194.22,800,24000,,
D199840118,F-355,2018,15800.59,17197.3,12452.12,12606.81,11551.31,13048.11,14453.92,18280.1,11769.69,13039.01,13170.95,13293.83,850,25500,,
D199840119,F-351,2018,6742.95,8015.51,6003.1,8568.7,5884.72,6915.97,9595.39,17585.86,5809.6,6344.57,6305.87,5884.98,850,25500,,
D199840120,F-352,2018,0.0,0.0,0.0,0.0,0.0,0.0,0.0,0.0,0.0,0.0,0.0,,650,19500,,
D199840121,F-350,2018,1257.04,3467.79,3153.53,2445.76,2016.73,2721.76,3516.97,4131.83,2074.11,4339.51,5820.63,4099.29,700,21000,,
D199840136,F-340,2018,9753.32,11388.43,11736.69,12796.32,12630.69,12290.93,12535.13,18602.02,16193.95,10235.36,11435.15,10548.42,800,24000,,
D199910003,F-360,2018,10010,12807,12702,15983,18223,18561,16283,19581,14804,10900,10257,9157,950,28500,전년 자료 없음 — 외삽,사후관리DB(원본월별·5년이용량분석)
D199910004,F-361,2018,144,0,94,3489,2372,650,371,920,366,0,254,71,800,30060,전년 자료 없음 — 외삽,사후관리DB(원본월별·5년이용량분석)
D199910005,F-359,2018,5379,7469,6499,6017,6749,7476,7410,10946,10991,5661,6196,5304,850,30000,전년 자료 없음 — 외삽,사후관리DB(원본월별·5년이용량분석)
D199910006,F-357,2018,11594,15786,15625,14614,13016,13817,13634,14555,13497,12634,12773,12824,700,21240,전년 자료 없음 — 외삽; 2→3차 역행,사후관리DB(원본월별·5년이용량분석)
D199910007,F-358,2018,7150,7494,8983,10123,8415,9086,8750,11217,10339,7791,8126,7677,700,21600,"전년 자료 없거나 역행 — 1차→2차 일평균 외삽; 4차→다음해1차 역행(-651115), Period₃로 외삽; 다음해 자료 없음 — 3→4차 일평균 외삽",사후관리DB(원본월별·5년이용량분석)
D199910008,F-362,2018,1853,1932,2750,1418,1313,1762,2349,2045,1120,459,665,682,800,24240,전년 자료 없음 — 외삽,사후관리DB(원본월별·5년이용량분석)
D199910009,F-363,2018,10,0,4570,3049,3330,3200,2966,6027,5208,3228,3077,3140,600,27060,전년 자료 없음 — 외삽,사후관리DB(원본월별·5년이용량분석)
D199920008,F-364,2018,3214.23,4591.5,6971.89,14754.46,11057.38,11834.22,10955.83,25175.77,8039.14,7128.68,8922.88,7819.61,750,22500,,
D199920009,F-365,2018,4070.13,4380.26,5640.0,7818.11,7702.71,6113.61,8041.69,17323.89,11465.12,6404.5,8375.86,6032.41,600,18000,,
D199920027,S-011,2018,4624.99,6080.82,9006.04,13079.28,9641.03,13665.87,14006.6,26832.27,11354.35,8773.73,9577.15,7274.72,750,22500,,
D199920028,S-010,2018,5887.37,6596.48,6869.75,9280.73,7578.86,8571.62,11293.92,21857.97,6426.98,5489.57,6800.57,6372.38,800,24000,,
D199930016,F-379,2018,69,5582,13611,731,0,0,0,2004,5700,7222,5948,5741,700,29400,전년 자료 없음 — 외삽,사후관리DB(원본월별·5년이용량분석)
D199930017,F-374,2018,15380,16448,14410,14895,15496,17707,17753,21759,16216,13175,13203,11257,800,24000,전년 자료 없음 — 외삽,사후관리DB(원본월별·5년이용량분석)
D199930023,F-368,2018,8666,10307,9730,10437,10388,10608,10402,20628,18310,9467,12537,7033,900,27000,,사후관리DB(원본월별·5년이용량분석)
D199930024,F-375,2018,3765,3924,5160,6898,6941,7246,5642,18079,7271,3754,2964,2173,800,27000,전년 자료 없음 — 외삽,사후관리DB(원본월별·5년이용량분석)
D199930025,F-376,2018,5233,5960,6077,7710,8070,8353,6769,23238,12598,5932,6371,4995,900,27000,전년 자료 없음 — 외삽,사후관리DB(원본월별·5년이용량분석)
D199930026,F-366,2018,9044,4805,1427,1275,2896,3633,3897,14508,13491,14191,19255,5254,1000,15000,전년 자료 없음 — 외삽,사후관리DB(원본월별·5년이용량분석)
D199930038,F-381,2018,2730,3449,1863,5670,1386,1921,1953,4590,12060,6547,2178,2307,700,21000,전년 자료 없음 — 외삽,사후관리DB(원본월별·5년이용량분석)
D199930045,F-371,2018,24145,23515,21354,26288,30722,35005,32775,35000,29264,27715,29117,25466,1000,30000,"전년 자료 없거나 역행 — 1차→2차 일평균 외삽; 4차→다음해1차 역행(-480639), Period₃로 외삽; 다음해 자료 없음 — 3→4차 일평균 외삽",사후관리DB(원본월별·5년이용량분석)
D199930047,R-008,2018,1410,301,739,995,304,493,1258,3306,843,3774,2622,763,800,24000,전년 자료 없음 — 외삽,사후관리DB(원본월별·5년이용량분석)
D199930048,F-372,2018,11912,9836,10074,10279,10395,11392,6923,10780,10525,10315,14321,9115,900,27000,"전년 자료 없거나 역행 — 1차→2차 일평균 외삽; 4차→다음해1차 역행(-505235), Period₃로 외삽; 다음해 자료 없음 — 3→4차 일평균 외삽",사후관리DB(원본월별·5년이용량분석)
D199930049,R-009,2018,0,0,0,0,0,484,0,613,87,5916,0,0,1000,30000,전년 자료 없음 — 외삽,사후관리DB(원본월별·5년이용량분석)
D199930060,F-373,2018,11501,14484,10442,3493,3920,7299,8068,12352,6830,5035,3164,2817,900,27000,전년 자료 없음 — 외삽,사후관리DB(원본월별·5년이용량분석)
D199930064,F-377,2018,2887,8418,3693,5172,4545,5210,6930,21282,6091,8608,7212,5406,800,24000,전년 자료 없음 — 외삽,사후관리DB(원본월별·5년이용량분석)
D199930075,F-367,2018,9525,10228,8053,10054,7271,7360,10175,11080,7074,14950,11401,8073,650,20100,전년 자료 없음 — 외삽,사후관리DB(원본월별·5년이용량분석)
D199930079,S-012,2018,6824,3648,3517,3373,3768,3368,3453,4894,7285,4120,8482,5504,750,19000,,사후관리DB(원본월별·5년이용량분석)
D199930080,S-013,2018,55,617,14,728,91,99,4987,19997,196,17560,5259,514,800,24000,전년 자료 없음 — 외삽,사후관리DB(원본월별·5년이용량분석)
D199940023,F-391,2018,13543.01,16444.94,14014.35,19648.45,16780.47,22464.51,10740.94,27944.82,10661.05,8717.78,8188.52,17467.7,800,24000,,
D199940024,F-395,2018,1878.89,1878.89,4314.73,4369.75,2975.35,1784.94,2156.69,7181.37,6251.32,3590.01,1858.75,1751.72,900,27000,,
D199940025,F-394,2018,3713.65,4809.78,4987.16,6931.54,4025.2,3329.32,3875.11,7729.76,7907.14,2833.56,2101.29,1803.74,1000,30000,,
D199940036,F-392,2018,25465.38,25483.07,22904.05,25245.11,24690.39,25489.5,24693.61,24944.44,25576.33,24841.53,25600.45,25333.24,900,27000,,
D199940037,R-010,2018,3948.03,5840.5,3957.78,5485.94,5020.58,5330.82,3737.07,6419.32,4567.63,5013.49,4847.73,4547.48,600,18000,,
D199940040,F-384,2018,3052.39,2689.46,3141.77,2816.76,2429.45,2258.82,1990.69,3106.56,2131.53,6803.55,10083.45,6018.72,850,25500,,
D199940041,F-383,2018,2153.0,959.52,1075.18,1190.85,1175.08,1232.91,1301.26,3596.21,3596.21,1758.68,5741.32,3446.34,1000,30000,,
D199940042,F-382,2018,2768.84,909.13,2129.08,1976.26,1556.66,870.28,1214.76,6602.21,5656.82,10173.98,14160.17,7628.07,1050,31500,,
D199940050,F-387,2018,3635.68,3972.21,4827.34,8416.13,6736.21,5304.56,5787.29,16316.42,9309.87,2695.04,3100.53,4288.98,1000,30000,,
D199940051,F-388,2018,6295.3,7323.22,7990.77,8056.15,7412.94,7657.76,6410.86,11039.58,6114.34,4999.74,6903.54,5163.44,900,27000,,
D199940052,F-389,2018,11837.56,13787.68,18965.53,25625.25,23403.42,24673.31,26667.75,30772.26,31884.14,32670.36,37187.25,31632.67,700,21000,,
D199940053,R-011,2018,206.69,206.69,0.0,0.0,0.0,0.0,2.43,0.0,,1.22,,,600,18000,,
D199940058,F-390,2018,15489.65,16337.38,23455.54,29654.87,24676.19,22319.48,20164.62,35014.16,18997.8,11126.1,12648.54,11689.52,800,24000,,
D199940059,F-393,2018,17058.77,17912.76,14551.37,17069.33,15796.26,16838.67,16245.27,22438.06,15072.57,15928.33,16236.47,14279.57,1000,30000,,
D199940065,F-353,2018,12914.28,13514.8,11401.07,16570.94,18152.53,15551.24,16612.57,26226.92,28397.14,17299.31,23307.54,17910.24,900,27000,,
D199940073,F-385,2018,6406.61,4636.45,5048.35,5065.38,4711.34,4078.17,0.0,0.0,0.0,9048.23,1116.56,2294.3,1050,31500,,
D199940098,F-396,2018,6929.79,6929.79,9115.62,7203.8,7404.27,6823.75,6137.97,8494.09,8732.48,4198.28,4652.63,5360.27,700,21000,,
D199940112,S-015,2018,4894.69,717.78,5440.12,6824.98,5551.64,2232.41,2011.4,3134.71,5038.65,10699.77,17952.59,10061.33,1300,39000,,
D199940113,S-014,2018,4264.74,2308.07,2878.3,2233.0,2004.59,105.42,135.77,2114.8,1723.47,11043.59,11495.62,8073.62,850,25500,,
D200010005,F-399,2018,24265,24224,21813,23976,27101,20766,25550,22252,23926,24719,16987,15791,800,25650,전년 자료 없음 — 외삽,사후관리DB(원본월별·5년이용량분석)
D200010006,F-402,2018,1918,2527,2267,2755,4145,3730,2623,10993,7654,2623,2617,2167,700,27540,전년 자료 없음 — 외삽,사후관리DB(원본월별·5년이용량분석)
D200010009,S-016,2018,4950,5579,4394,5143,4760,5131,4953,6926,5185,5168,5427,5020,600,18000,전년 자료 없음 — 외삽,사후관리DB(원본월별·5년이용량분석)
D200010010,F-398,2018,7842,9412,7053,7604,5399,6355,7210,11149,5574,5935,6340,5280,700,21270,전년 자료 없음 — 외삽,사후관리DB(원본월별·5년이용량분석)
D200010011,F-397,2018,972,1747,3094,6154,5209,6215,6255,8706,2338,2307,2243,1344,500,15240,"전년 자료 없거나 역행 — 1차→2차 일평균 외삽; 4차→다음해1차 역행(-44335), Period₃로 외삽; 다음해 자료 없음 — 3→4차 일평균 외삽",사후관리DB(원본월별·5년이용량분석)
D200010012,F-400,2018,5055,5647,6280,7674,9538,8683,10682,13051,14338,6419,5599,5707,700,28080,전년 자료 없음 — 외삽,사후관리DB(원본월별·5년이용량분석)
D200010013,F-401,2018,143,141,128,153,162,179,174,179,179,175,170,148,950,28500,전년 자료 없거나 역행 — 1차→2차 일평균 외삽,사후관리DB(원본월별·5년이용량분석)
D200020009,F-404,2018,3779.51,5248.89,6963.17,13249.5,12441.53,15064.05,12148.43,25947.5,20162.53,12811.77,9977.14,7364.67,600,18000,,
D200020010,F-405,2018,5088.62,6146.47,6711.87,9814.13,8452.85,7744.85,8184.24,13627.69,10727.72,6592.49,6003.88,4610.47,614,18420,,
D200020031,S-017,2018,3202.96,4538.0,4988.74,8982.41,6004.83,8694.01,9983.21,13699.94,6174.81,4694.61,3900.08,3659.97,700,21000,,
D200020032,F-406,2018,2082.94,1796.0,3285.59,3033.19,2928.69,2885.29,3245.73,6068.15,4909.78,2704.63,4026.83,2843.94,600,18000,,
D200030016,R-012,2018,926,1539,821,1532,1034,1187,1702,3941,1305,1864,1645,685,800,24000,전년 자료 없음 — 외삽,사후관리DB(원본월별·5년이용량분석)
D200030017,R-013,2018,14098,18634,8894,9236,6868,9470,11024,22472,8193,13424,12438,13868,800,24000,전년 자료 없음 — 외삽,사후관리DB(원본월별·5년이용량분석)
D200030018,A-002,2018,0,0,0,0,0,0,1,11488,12577,10814,15123,343,800,24000,전년 자료 없음 — 외삽,사후관리DB(원본월별·5년이용량분석)
D200030032,F-422,2018,4016,5246,3354,3630,3330,3266,3636,9443,8891,6380,6905,13100,800,24000,전년 자료 없음 — 외삽,사후관리DB(원본월별·5년이용량분석)
D200030033,F-409,2018,11,11,10,11,11,11,276,3377,4239,11,10,2,700,24000,전년 자료 없음 — 외삽; 3→4차 역행,사후관리DB(원본월별·5년이용량분석)
D200030034,F-420,2018,3416,3349,3608,7468,4238,6484,7249,17590,4897,7234,3759,2167,800,24000,전년 자료 없음 — 외삽,사후관리DB(원본월별·5년이용량분석)
D200030035,F-421,2018,7204,4149,6384,11015,8251,9616,13297,22735,7809,7351,6797,4012,800,24000,전년 자료 없음 — 외삽,사후관리DB(원본월별·5년이용량분석)
D200030036,F-408,2018,11864,14094,14549,18481,16706,14922,13213,21540,20041,18732,21656,21404,750,24000,전년 자료 없음 — 외삽,사후관리DB(원본월별·5년이용량분석)
D200030037,F-407,2018,15121,18029,8804,16378,13162,13667,14753,25648,28818,27961,27109,0,800,24000,전년 자료 없음 — 외삽; 3→4차 역행,사후관리DB(원본월별·5년이용량분석)
D200030068,F-411,2018,4155,7456,5704,7003,6551,6112,5044,5704,5575,4724,4929,3411,800,24000,전년 자료 없음 — 외삽,사후관리DB(원본월별·5년이용량분석)
D200030069,F-410,2018,6185,8636,7421,7952,8138,8033,8217,16311,8636,7099,5653,5504,600,18000,전년 자료 없음 — 외삽,사후관리DB(원본월별·5년이용량분석)
D200030070,F-414,2018,3668,3988,3531,4379,7278,7934,8429,20993,6674,6986,7581,2968,810,24300,전년 자료 없음 — 외삽,사후관리DB(원본월별·5년이용량분석)
D200030071,F-415,2018,1342,2015,4171,5340,5497,5803,5326,13286,14375,9274,8639,6898,750,22500,전년 자료 없음 — 외삽,사후관리DB(원본월별·5년이용량분석)
D200030072,F-416,2018,3434,4362,4867,5641,6604,5929,4702,12667,8227,3311,3455,3442,800,24000,전년 자료 없음 — 외삽,사후관리DB(원본월별·5년이용량분석)
D200030073,F-423,2018,2835,3947,3730,2783,2808,3380,5069,11338,6234,4496,5180,4138,750,22500,전년 자료 없음 — 외삽,사후관리DB(원본월별·5년이용량분석)
D200030076,F-418,2018,0,0,0,0,0,0,0,0,0,0,0,0,800,24000,,사후관리DB(원본월별·5년이용량분석)
D200030077,F-412,2018,2435,2266,2281,3417,3176,3548,2650,3110,0,46,75,1059,800,24000,전년 자료 없음 — 외삽,사후관리DB(원본월별·5년이용량분석)
D200030078,F-417,2018,8739,2517,4068,1256,1850,1420,1469,12116,9208,7865,17508,2217,800,24000,전년 자료 없음 — 외삽,사후관리DB(원본월별·5년이용량분석)
D200030079,F-419,2018,4240,5937,4391,7441,10100,10609,13695,27117,30956,28952,30810,29944,700,21000,전년 자료 없음 — 외삽,사후관리DB(원본월별·5년이용량분석)
D200030080,F-413,2018,1359,1379,1889,4781,2789,4132,3418,17062,15076,14028,14238,11680,800,24000,전년 자료 없음 — 외삽,사후관리DB(원본월별·5년이용량분석)
D200040024,R-015,2018,2534.99,2534.99,5790.26,3070.3,2443.9,2432.69,2762.0,4411.36,5001.32,2956.79,3451.45,3270.76,800,24000,,
D200040035,R-014,2018,10364.33,10364.33,16336.1,9976.75,8326.12,8663.54,10193.34,15879.36,13580.48,8544.99,12988.47,11278.25,700,21000,,
D200040037,F-428,2018,4991.49,485.98,1965.47,1328.67,667.93,263.34,1058.15,2671.7,2930.26,9674.15,17476.2,8996.65,900,27000,,
D200040038,F-427,2018,3329.38,6.32,4265.27,1422.81,784.13,110.66,1040.23,2118.41,4271.6,6459.56,15916.52,8042.46,1000,30000,,
D200040039,F-425,2018,4823.95,5327.06,8623.91,9845.19,8742.29,10624.52,10778.41,21154.34,13905.59,7805.13,8124.75,7120.48,850,25500,,
D200040040,F-424,2018,21110.5,22012.76,20558.15,26122.89,23397.38,23334.9,21562.88,32289.96,19227.26,13243.89,19259.76,14848.62,600,18000,,
D200040041,F-431,2018,14345.26,17949.08,15328.12,17510.49,15543.45,15926.55,15773.31,21044.29,14563.23,13232.94,14284.49,14002.81,600,18000,,
D200040042,F-430,2018,9619.05,10128.16,4909.07,5440.94,3703.14,4567.77,6510.35,18154.47,4911.92,4621.81,6481.91,7095.58,700,21000,,
D200040091,F-432,2018,16926.21,22407.55,16901.38,20764.28,19221.4,22705.57,25289.46,28157.93,18202.12,19518.39,18059.32,17377.16,700,21000,,
D200040092,F-426,2018,2552.98,2005.04,978.96,287.93,115.17,352.5,364.71,2048.66,1216.29,10941.33,6566.55,4367.56,800,24000,,
W200040109,F-429,2018,3583.77,1123.42,1705.47,1535.17,1921.51,1258.13,912.46,3883.68,3240.64,9605.0,11984.01,6514.64,800,24000,,
W200040110,S-019,2018,2362.01,3097.29,3276.23,4590.63,4888.32,3936.68,4276.67,13347.3,5355.19,2804.48,1987.86,2077.06,800,24000,,
W200110005,F-434,2018,1864,9,2727,3459,5047,6417,8005,16438,6110,5210,5030,4234,800,24240,,사후관리DB(원본월별·5년이용량분석)
W200110008,F-435,2018,3082,4235,6880,11257,4162,4260,4191,9237,7941,4491,4779,4401,650,19590,전년 자료 없음 — 외삽,사후관리DB(원본월별·5년이용량분석)
W200110009,F-437,2018,7369,7877,8308,11378,12598,11100,10753,15331,10288,9881,11024,8812,800,24300,전년 자료 없음 — 외삽,사후관리DB(원본월별·5년이용량분석)
W200110010,F-436,2018,2882,2425,3382,4973,3375,3918,3703,2444,1994,1264,1168,675,800,25200,전년 자료 없음 — 외삽,사후관리DB(원본월별·5년이용량분석)
W200110011,F-438,2018,13331,10940,11009,13557,10020,13713,9527,12821,10889,10416,11255,11666,700,21600,전년 자료 없음 — 외삽,사후관리DB(원본월별·5년이용량분석)
W200110012,F-439,2018,7918,8913,7212,8508,8319,10348,11669,20262,13492,14135,13983,13730,800,18000,전년 자료 없음 — 외삽,사후관리DB(원본월별·5년이용량분석)
W200120019,F-441,2018,5732.05,5581.61,5897.72,9058.81,7407.52,8206.3,9611.32,17412.86,7321.55,6955.29,7867.8,6556.1,700,21000,,
W200120020,F-440,2018,329.1,631.13,635.3,649.88,926.91,1010.22,1253.93,3472.25,1416.4,729.03,708.2,452.8,500,15000,,
W200120021,F-468,2018,6737.35,7939.62,9374.22,13582.16,11102.12,14006.15,13245.29,24364.83,9923.08,7669.55,8177.75,8132.55,800,24000,,
W200130021,F-448,2018,7,8,6,7,6,10,6,4,6,6,7,11,600,18000,전년 자료 없음 — 외삽,사후관리DB(원본월별·5년이용량분석)
W200130030,F-445,2018,8428,8385,7157,8708,7478,8133,8705,12586,11554,10086,10991,7205,800,24000,전년 자료 없음 — 외삽,사후관리DB(원본월별·5년이용량분석)
W200130031,F-447,2018,10880,15025,12161,14065,14570,17328,16158,22171,15992,12623,14266,11268,900,27000,전년 자료 없음 — 외삽,사후관리DB(원본월별·5년이용량분석)
W200130036,F-457,2018,25787,21801,26694,31425,31505,27464,18218,23110,32546,31899,33058,32058,900,27000,전년 자료 없음 — 외삽,사후관리DB(원본월별·5년이용량분석)
W200130037,F-449,2018,8730,9788,8843,11180,11616,11318,13132,13410,13234,11142,13465,13518,900,27000,전년 자료 없음 — 외삽,사후관리DB(원본월별·5년이용량분석)
W200130038,F-442,2018,23761,26955,24455,22055,26017,24414,23758,32458,23321,24840,25269,24342,800,24000,전년 자료 없음 — 외삽,사후관리DB(원본월별·5년이용량분석)
W200130045,F-458,2018,3972,2695,3012,2597,2978,2643,2847,5140,5286,4224,5089,3754,700,21000,전년 자료 없음 — 외삽,사후관리DB(원본월별·5년이용량분석)
W200130046,F-456,2018,12797,7410,5791,3084,3038,3558,3927,15286,15583,9778,16954,7455,800,24000,전년 자료 없음 — 외삽,사후관리DB(원본월별·5년이용량분석)
W200130047,F-446,2018,6823,10693,8966,9937,10179,10925,12852,26029,13561,9799,10700,7511,800,24000,전년 자료 없음 — 외삽,사후관리DB(원본월별·5년이용량분석)
W200130048,F-443,2018,7481,8879,7606,8622,9126,9290,8676,16602,14485,9158,11897,9513,700,21000,전년 자료 없음 — 외삽,사후관리DB(원본월별·5년이용량분석)
W200130049,F-444,2018,8023,11062,9898,14095,9884,7860,8858,19163,11974,8234,9704,7548,700,21000,전년 자료 없음 — 외삽,사후관리DB(원본월별·5년이용량분석)
W200130050,F-453,2018,2888,4910,4028,6429,4469,5541,6345,13776,5839,10334,8672,2723,800,24000,"전년 자료 없거나 역행 — 1차→2차 일평균 외삽; 4차→다음해1차 역행(-63629), Period₃로 외삽; 다음해 자료 없음 — 3→4차 일평균 외삽",사후관리DB(원본월별·5년이용량분석)
W200130051,F-476,2018,1287,950,1084,2097,599,786,802,3340,1098,2427,1990,560,800,24000,전년 자료 없음 — 외삽,사후관리DB(원본월별·5년이용량분석)
W200130052,F-454,2018,933,529,259,755,529,1023,2203,6907,1118,4178,3730,468,800,24000,전년 자료 없음 — 외삽,사후관리DB(원본월별·5년이용량분석)
W200130062,F-452,2018,5746,3269,3856,4914,5290,4710,3888,12521,6249,3634,5689,3884,700,21000,전년 자료 없음 — 외삽,사후관리DB(원본월별·5년이용량분석)
W200130063,R-016,2018,26797,46996,23337,23633,17567,12284,15010,13333,2989,10875,8903,2876,1000,30000,전년 자료 없음 — 외삽,사후관리DB(원본월별·5년이용량분석)
W200130064,R-017,2018,1599,441,945,920,612,700,1550,3650,2252,9616,4269,837,1000,30000,전년 자료 없음 — 외삽,사후관리DB(원본월별·5년이용량분석)
W200130070,F-450,2018,4147,4211,5377,5338,5155,5205,1104,6096,4780,2,0,0,700,21000,전년 자료 없음 — 외삽,사후관리DB(원본월별·5년이용량분석)
W200130071,F-455,2018,5926,7104,6456,12775,8627,9861,11489,18467,9193,10666,12593,8100,800,24000,전년 자료 없음 — 외삽,사후관리DB(원본월별·5년이용량분석)
W200140097,F-462,2018,2956.93,4048.76,2947.7,4895.9,4009.52,5927.71,9087.78,24188.68,4900.52,3619.41,4235.73,3894.19,800,24000,,
W200140127,F-461,2018,3093.88,2687.86,2838.09,3179.15,3763.82,3097.94,3154.78,8692.91,6398.89,4937.22,10187.07,5996.55,850,25500,,
W200140128,F-459,2018,8998.03,9471.88,13099.62,15002.66,11897.17,11782.53,8967.46,22979.11,11884.43,6142.2,6376.58,6387.69,700,21000,,
W200140129,F-467,2018,0.0,1.37,0.0,1.37,0.0,0.0,0.0,946.3,1340.42,1844.01,1573.06,1174.73,500,15000,,
W200140141,F-464,2018,3346.33,340.1,1576.0,3246.13,1269.3,239.89,501.04,977.79,3977.95,11156.47,20248.05,10422.86,900,27000,,
W200140142,F-465,2018,6152.71,1917.58,4887.56,5582.54,4098.97,2.84,530.45,8365.3,7715.71,11718.23,20347.34,12481.41,850,25500,,
W200140143,F-460,2018,5350.12,5854.12,5625.03,4042.55,3852.23,3813.46,4433.77,10344.28,12236.91,7045.39,11782.26,7989.41,900,27000,,
W200140156,F-463,2018,1629.44,736.26,1251.25,941.45,1416.2,792.59,659.82,3347.38,2586.98,4385.39,7636.22,4537.17,700,21000,,
W200140157,F-466,2018,0.0,0.0,0.0,0.0,0.0,0.0,0.0,0.0,0.0,0.0,0.0,,850,25500,,
W200140158,R-019,2018,3510.13,11094.25,28896.74,6770.65,5649.64,6797.4,9908.6,9141.94,6371.73,6369.5,4637.83,4929.95,850,25500,,
W200140159,R-018,2018,3144.45,4789.28,5188.62,8116.65,5949.6,7369.63,7662.85,13921.04,6829.27,5525.13,4135.82,3309.25,600,18000,,
W200210003,F-471,2018,4928,4502,6611,9309,9139,8364,7038,10240,5619,1999,9555,7811,800,24000,전년 자료 없음 — 외삽,사후관리DB(원본월별·5년이용량분석)
W200210004,F-470,2018,19,19,18,18,19,21,22,43,43,18,19,19,800,24000,전년 자료 없거나 역행 — 1차→2차 일평균 외삽,사후관리DB(원본월별·5년이용량분석)
W200210007,F-469,2018,2784,3670,9969,11018,9327,7570,7000,12946,8204,4956,4628,3916,800,24000,전년 자료 없음 — 외삽,사후관리DB(원본월별·5년이용량분석)
W200220011,F-472,2018,3230.37,1875.8,1809.85,2538.61,1620.01,2490.35,2277.99,3700.13,1882.24,1763.19,2327.86,2528.88,800,24000,,
W200220012,F-474,2018,7987.99,9379.16,18987.9,26073.29,22325.55,24947.01,23679.45,30766.8,24919.54,19713.91,17555.52,13454.74,700,21000,,
W200220013,F-473,2018,12021.94,11839.47,15478.37,24262.83,13587.67,18661.98,20785.54,27559.39,13655.45,11938.52,10313.7,9277.34,600,18000,,
W200220014,F-475,2018,2920.0,2091.51,4446.47,10428.03,9245.01,9469.06,12294.27,18274.6,12456.76,6563.84,6333.63,3984.22,700,21000,,
W200230012,F-481,2018,4078,3364,3293,3018,3304,3485,3065,8747,7805,4119,6990,2854,800,24000,전년 자료 없음 — 외삽,사후관리DB(원본월별·5년이용량분석)
W200230013,F-484,2018,1862,1403,703,855,893,947,1050,4942,2348,1938,3683,296,800,24000,전년 자료 없음 — 외삽,사후관리DB(원본월별·5년이용량분석)
W200230014,F-489,2018,342,1139,10263,9745,8467,8747,9924,23910,14072,6910,12615,3361,700,21000,전년 자료 없음 — 외삽; 3→4차 역행,사후관리DB(원본월별·5년이용량분석)
W200230015,F-488,2018,19575,23145,18100,21103,19622,20693,20825,25877,21194,21172,21833,19635,800,24000,전년 자료 없음 — 외삽,사후관리DB(원본월별·5년이용량분석)
W200230016,F-477,2018,1792,1920,1433,2793,1719,1528,3782,10445,4541,5402,3845,623,800,24000,전년 자료 없음 — 외삽,사후관리DB(원본월별·5년이용량분석)
W200230017,F-478,2018,0,0,0,0,0,0,0,0,0,0,0,0,800,24000,전년 자료 없거나 역행 — 1차→2차 일평균 외삽,사후관리DB(원본월별·5년이용량분석)
W200230020,F-483,2018,23,16,19,19,19,2430,81,559,669,236,2194,368,800,24000,전년 자료 없음 — 외삽,사후관리DB(원본월별·5년이용량분석)
W200230021,F-482,2018,4147,4120,4095,5557,5444,4734,5475,10849,10195,5123,4778,4492,800,24000,전년 자료 없음 — 외삽,사후관리DB(원본월별·5년이용량분석)
W200230022,F-479,2018,1128,988,709,748,425,527,903,2929,1816,4048,3815,1470,600,10000,,사후관리DB(원본월별·5년이용량분석)
W200230029,F-487,2018,7,7,6,7,6,7,7,1583,3208,7,6,7,800,24000,전년 자료 없음 — 외삽,사후관리DB(원본월별·5년이용량분석)
W200230030,R-020,2018,4914,3290,2598,3986,2444,2797,4204,22319,5884,10137,9167,3613,800,24000,"전년 자료 없거나 역행 — 1차→2차 일평균 외삽; 4차→다음해1차 역행(-361364), Period₃로 외삽; 다음해 자료 없음 — 3→4차 일평균 외삽",사후관리DB(원본월별·5년이용량분석)
W200230042,R-021,2018,1307,1483,1347,2033,882,1052,1936,4536,3501,7181,3844,1763,800,24000,전년 자료 없음 — 외삽,사후관리DB(원본월별·5년이용량분석)
W200230044,F-480,2018,135,1653,263,430,70,57,2482,20267,9702,10521,10698,7120,800,24000,전년 자료 없음 — 외삽; 2→3차 역행; 3→4차 역행,사후관리DB(원본월별·5년이용량분석)
W200240015,F-492,2018,7340.85,2397.5,4216.39,4937.42,3599.21,3207.54,3050.28,7560.43,6940.28,15227.67,22096.74,12113.03,900,27000,,
W200240034,F-493,2018,3077.69,4.04,3715.84,298.88,331.19,4.04,0.0,706.82,3574.48,5787.83,14310.04,7155.02,800,24000,,
W200240035,R-022,2018,1068.14,2049.75,1515.09,1979.34,1463.17,1715.59,1904.75,2243.09,1451.83,1609.97,1837.92,1819.19,600,18000,,
W200240046,R-023,2018,8846.37,9796.63,10366.79,17326.99,23186.32,32850.27,37648.19,46702.54,52500.91,11388.76,13371.76,8667.69,800,24000,,
W200240051,F-491,2018,1289.04,1212.51,951.83,851.39,181.76,698.33,538.09,1284.25,521.35,10362.51,6246.68,3907.63,700,21000,,
W200240052,F-490,2018,6277.67,2201.15,4449.84,5763.48,8006.89,5240.49,6182.58,14870.95,15857.06,7459.25,8501.71,5588.55,900,27000,,
W200310004,F-494,2018,3635,9290,2311,4356,3728,3159,4064,8663,2325,3091,3784,1671,700,21000,전년 자료 없음 — 외삽,사후관리DB(원본월별·5년이용량분석)
W200310006,F-495,2018,7468,7468,12134,9116,9116,10063,9991,13165,10671,7510,6722,6638,800,24000,"전년 자료 없거나 역행 — 1차→2차 일평균 외삽; 4차→다음해1차 역행(-240264), Period₃로 외삽; 다음해 자료 없음 — 3→4차 일평균 외삽",사후관리DB(원본월별·5년이용량분석)
W200320014,F-496,2018,106.43,169.08,257.81,290.13,197.29,198.83,334.42,549.04,213.67,179.66,122.66,737.1,500,15000,,
W200320016,F-499,2018,5726.44,5966.55,8528.62,7891.46,8319.36,7603.06,8335.46,16116.92,12622.57,6281.78,6429.33,5961.03,700,21000,,
W200320017,F-497,2018,974.05,1455.32,4514.56,4226.95,5020.76,9405.9,8109.73,15257.87,9657.08,7303.45,7946.74,6320.58,550,16500,,
W200320018,F-498,2018,2800.9,3814.35,5941.72,10594.45,9753.71,10736.54,10151.71,22649.02,8507.91,6404.87,7184.38,6397.1,800,24000,,
W200320019,F-403-1,2018,11738.38,11746.79,10431.98,12455.88,11973.94,12556.83,9911.58,11871.78,12095.33,9465.7,3071.91,3346.72,500,15000,,
W200320020,F-500,2018,1482.06,2022.49,748.4,1013.7,1958.62,2580.92,3966.37,4865.43,1105.41,1128.33,1310.11,1979.72,600,18000,,
W200330052,F-503,2018,10065,7598,7234,6991,6768,6641,6876,9422,13678,8466,12201,8272,800,24000,전년 자료 없음 — 외삽,사후관리DB(원본월별·5년이용량분석)
W200330053,F-501,2018,7411,8271,8663,11647,7533,10917,12320,22077,9955,14995,12507,7844,800,24000,"전년 자료 없거나 역행 — 1차→2차 일평균 외삽; 4차→다음해1차 역행(-282817), Period₃로 외삽; 다음해 자료 없음 — 3→4차 일평균 외삽",사후관리DB(원본월별·5년이용량분석)
W200330057,F-506,2018,4602,5217,5680,8927,7772,10662,8599,22139,9734,7387,8476,5577,700,21000,전년 자료 없음 — 외삽,사후관리DB(원본월별·5년이용량분석)
W200330062,F-504,2018,6382,7496,8703,9400,9840,9510,9307,14726,14133,9712,10381,9818,800,24000,전년 자료 없음 — 외삽,사후관리DB(원본월별·5년이용량분석)
W200330064,R-024,2018,4,2,2,4,2,4,320,2279,2,5,4,2,800,24000,전년 자료 없음 — 외삽,사후관리DB(원본월별·5년이용량분석)
W200330065,F-508,2018,758,4957,1872,1609,1112,1041,1496,6872,4186,1822,1944,991,700,21000,전년 자료 없음 — 외삽,사후관리DB(원본월별·5년이용량분석)
W200330077,F-507,2018,2468,3535,2492,2442,1684,1964,1691,5793,2778,2578,4099,1397,900,27000,"전년 자료 없거나 역행 — 1차→2차 일평균 외삽; 4차→다음해1차 역행(-479965), Period₃로 외삽; 다음해 자료 없음 — 3→4차 일평균 외삽",사후관리DB(원본월별·5년이용량분석)
W200330078,F-510,2018,12663,16845,13248,14676,14395,15994,4057,21053,20568,19255,19638,17757,800,24000,전년 자료 없음 — 외삽; 3→4차 역행,사후관리DB(원본월별·5년이용량분석)
W200330079,F-502,2018,2195,1093,878,1224,854,854,1815,4948,2132,6085,4186,1359,800,24000,"전년 자료 없거나 역행 — 1차→2차 일평균 외삽; 4차→다음해1차 역행(-243914), Period₃로 외삽; 다음해 자료 없음 — 3→4차 일평균 외삽",사후관리DB(원본월별·5년이용량분석)
W200330081,R-025,2018,52,53,29,32,86,44,111,146,71,93,91,21,700,21000,전년 자료 없음 — 외삽,사후관리DB(원본월별·5년이용량분석)
W200330082,F-505,2018,6888,394,30,35,197,1529,2263,2735,751,2134,1081,227,900,27000,전년 자료 없음 — 외삽,사후관리DB(원본월별·5년이용량분석)
W200330083,F-509,2018,20813,17772,19379,18923,20023,18321,10107,14993,21819,17951,19487,17829,800,24000,전년 자료 없음 — 외삽,사후관리DB(원본월별·5년이용량분석)
W200340023,F-520,2018,3386.93,816.29,1408.75,1797.15,641.84,773.5,793.25,4476.41,6823.23,9900.76,14548.33,7833.01,800,24000,,
W200340024,F-516,2018,10375.17,13216.41,15752.76,25913.63,22515.63,22555.4,21656.18,37682.91,20507.32,13337.93,12564.65,11169.23,700,21000,,
W200340028,F-518,2018,3805.07,3991.33,4681.6,5529.95,5011.86,4922.64,6620.91,8278.49,3053.76,3169.59,3492.02,2234.8,800,24000,,
W200340029,F-514,2018,1379.5,2390.95,2835.78,2499.51,2970.82,2168.54,2046.74,4967.25,5128.76,2581.59,4109.37,3707.64,800,24000,,
W200340031,F-515,2018,19928.57,22218.61,17808.27,17708.7,17923.96,23563.24,22722.14,25781.21,22812.22,19977.88,21606.04,18923.79,700,21000,,
W200340032,R-026,2018,9470.7,9445.86,12965.89,19058.5,21650.62,18772.86,18653.98,25867.9,20598.51,9804.25,8056.66,7685.27,800,24000,,
W200340033,F-519,2018,3915.45,4038.08,13443.14,4371.73,5954.45,3034.26,2731.98,4554.24,5543.8,7080.89,14655.14,16751.04,800,24000,,
W200340034,F-521,2018,4595.63,2719.1,3116.11,2107.88,2956.17,2750.52,2741.95,6749.2,5769.52,8657.14,10493.68,6206.48,800,24000,,
W200340035,F-522,2018,3643.97,720.95,1945.66,286.57,205.12,21.12,515.83,202.11,202.11,10023.93,11722.23,6074.49,800,24000,,
W200340036,F-517,2018,0.0,0.0,0.0,0.0,0.0,5.19,66.22,1806.06,10.39,12.98,63.62,90.85,800,24000,,
W200340046,F-513,2018,10596.13,12063.46,10659.36,12532.22,14804.06,8699.3,9785.07,18636.99,7811.92,6695.62,8132.42,7371.29,800,24000,,
W200340052,R-027,2018,164.64,1288.76,2494.25,3900.34,2246.34,4445.36,5100.15,8165.92,2208.49,3563.48,2115.76,1683.71,700,21000,,
W200410005,F-433,2018,14589,4742,11867,14533,13771,15223,12853,17002,14173,13534,13810,13232,600,18000,전년 자료 없음 — 외삽,사후관리DB(원본월별·5년이용량분석)
W200410006,F-523,2018,8075,8010,7856,9549,8886,7588,7277,11367,6226,6119,6860,6166,700,21000,전년 자료 없음 — 외삽,사후관리DB(원본월별·5년이용량분석)
W200420001,F-526,2018,6467.07,13555.65,7881.06,9426.8,9109.3,11207.78,12965.63,22572.39,12995.19,16028.84,12756.1,11266.9,700,21000,,
W200420002,F-525,2018,2280.16,4054.59,6396.31,10699.36,9690.11,8735.83,9883.61,20042.06,7269.23,6376.52,8705.05,6307.33,800,24000,,
W200420003,F-524,2018,1586.08,4241.88,4594.58,5455.2,5707.58,4524.88,5754.04,9809.01,5597.76,2222.84,2821.58,1945.71,700,21000,,
W200430016,F-529,2018,6585,8229,6281,8570,6738,8054,11229,22836,8727,9442,9377,4926,800,24000,전년 자료 없음 — 외삽,사후관리DB(원본월별·5년이용량분석)
W200430017,F-527,2018,4391,4204,6525,7643,3826,4207,3304,11117,21368,13409,7206,15479,800,24000,전년 자료 없음 — 외삽,사후관리DB(원본월별·5년이용량분석)
W200430018,F-528,2018,2925,2526,1712,2556,2597,2687,3439,5939,5617,4381,4105,3795,800,24000,전년 자료 없음 — 외삽,사후관리DB(원본월별·5년이용량분석)
W200440020,R-029,2018,1935.45,1542.64,1876.53,10266.44,3017.44,3253.12,2251.47,3106.71,982.01,714.19,646.34,697.94,800,24000,,
W200440021,F-531,2018,5067.2,1879.5,2034.06,2114.09,3204.26,1992.66,3035.91,9640.38,5384.59,5384.59,20809.75,11171.07,800,24000,,
W200520003,F-536,2018,11794.74,18173.42,17553.07,18904.74,16206.74,16721.47,16563.71,18273.69,8249.1,4478.85,6208.88,5227.3,700,21000,,
W200520004,F-537,2018,335.79,590.94,611.68,942.29,664.09,944.59,947.47,1351.8,639.9,597.28,574.24,674.55,700,21000,,
W200520005,F-538,2018,2150.55,2327.02,2990.0,4378.62,4058.68,3547.42,4738.14,11521.29,6730.38,5808.47,4103.2,2926.19,600,18000,,
W200530001,F-540,2018,4656,3350,3139,1637,1576,1228,1405,2157,5044,3536,7393,2846,800,18000,전년 자료 없음 — 외삽,사후관리DB(원본월별·5년이용량분석)
W200540001,F-533,2018,3033.31,35.52,2738.5,2145.34,2145.34,103.0,24.86,24.86,2916.1,7526.45,14367.38,7265.03,800,24000,,
W200540002,F-532,2018,2386.61,414.86,1372.24,1014.37,1121.5,1383.64,471.85,4321.88,5185.8,8128.6,10506.09,6242.89,800,24000,,
W200540003,R-030,2018,2365.14,3165.99,2771.8,4540.66,2100.68,3288.24,3405.5,7329.93,3450.41,8612.29,5403.89,3607.85,700,21000,,
W200540020,F-546,2018,14630.76,16144.04,17390.15,22445.79,20711.59,21389.18,20422.24,26654.67,14814.72,10669.63,15571.82,12394.82,800,24000,,
W200540021,F-545,2018,11919.75,11607.96,11710.19,17363.38,15625.51,13463.39,12783.58,22615.33,21291.48,17261.15,17695.62,14992.58,800,24000,,
W200540023,F-548,2018,611.73,1401.7,1810.87,4589.97,2870.25,4606.17,5432.61,9773.43,2594.77,2463.11,1383.47,1327.43,700,21000,,
W200540024,F-550,2018,4677.81,3682.32,3822.15,4587.91,4547.96,5353.68,1801.21,3172.92,3675.66,1581.47,5743.22,3288.39,700,21000,,
W200540025,F-549,2018,3662.1,3662.1,5680.48,3280.81,2878.65,3370.92,3557.77,5287.81,9626.18,4875.22,4464.52,4710.68,800,24000,,
W200540027,F-547,2018,10093.66,12759.14,13098.34,16961.14,12840.14,12459.18,14412.09,28362.22,15991.64,8746.99,11855.46,13288.24,900,27000,,
W200610002,F-551,2018,2214,0,0,0,0,0,0,0,0,0,0,0,800,24000,전년 자료 없음 — 외삽,사후관리DB(원본월별·5년이용량분석)
W200610008,F-568,2018,74,73,69,88,4246,1277,15173,3162,26,26,26,25,1500,45000,전년 자료 없거나 역행 — 1차→2차 일평균 외삽,사후관리DB(원본월별·5년이용량분석)
W200610009,F-569,2018,8469,33109,27265,8882,7793,17722,27210,31204,34261,31727,22315,31269,1500,45000,전년 자료 없음 — 외삽,사후관리DB(원본월별·5년이용량분석)
W200610014,F-541,2018,8712,8864,8082,8931,8625,8915,6332,8971,4575,3527,3294,3626,1000,30000,전년 자료 없음 — 외삽,사후관리DB(원본월별·5년이용량분석)
W200610015,F-542,2018,69,73,65,69,69,73,81,29320,23540,31034,29086,31963,1000,30000,전년 자료 없음 — 외삽,사후관리DB(원본월별·5년이용량분석)
W200610016,F-543,2018,820,77,4338,9056,9777,4122,9902,15541,15657,15247,15766,15298,1000,30000,전년 자료 없음 — 외삽,사후관리DB(원본월별·5년이용량분석)
W200610017,F-544,2018,1804,90,12963,27840,20776,25214,27663,32832,16572,12827,12036,8379,1000,30000,전년 자료 없음 — 외삽,사후관리DB(원본월별·5년이용량분석)
W200620002,F-556,2018,1343.98,1247.68,579.88,856.21,6215.37,278.43,184.22,4946.76,1932.23,4132.42,8955.66,4710.56,800,24000,,
W200620003,F-557,2018,1209.47,73.19,600.16,1630.32,823.39,109.79,91.49,938.67,1304.62,2993.49,5320.95,2793.32,800,24000,,
W200620004,F-559,2018,194.44,8591.97,7542.17,8393.17,7032.96,8197.86,8108.05,10593.04,8912.84,3256.65,2996.81,5240.77,700,21000,,
W200620006,F-558,2018,1779.26,1699.03,2246.27,1896.73,2389.53,2220.49,3011.27,6970.9,7692.92,3733.29,9500.82,5313.66,800,24000,,
W200620008,F-555,2018,0.0,0.0,0.0,0.0,0.0,0.0,0.0,0.0,0.0,0.0,0.0,,300,9000,,
W200620010,F-562,2018,3078.44,4368.15,3921.54,6106.75,2811.84,3101.23,4919.58,11693.97,2463.21,4071.93,3930.65,4118.08,900,27000,,
W200620011,F-554,2018,3098.64,2056.75,2002.69,2757.08,2737.42,2243.51,2211.56,16994.63,11482.92,8691.44,9170.61,6382.39,600,18000,,
W200620012,F-560,2018,3407.72,4243.71,8061.93,10393.72,9780.78,9831.39,10871.7,9990.72,9081.62,5248.41,6444.29,5390.1,900,27000,,
W200620018,F-561,2018,2582.01,2609.14,2196.4,2710.87,1662.56,1746.85,1558.89,1273.08,1219.79,1333.15,1415.5,2150.7,900,27000,,
W200630021,F-553,2018,9139,8605,7431,7985,6361,6962,8548,15307,10752,15590,15747,9251,800,24000,,사후관리DB(원본월별·5년이용량분석)
W200710016,F-565,2018,7324,8385,9112,13908,8072,6651,8422,13805,17928,9516,11122,8807,800,24000,전년 자료 없음 — 외삽,사후관리DB(원본월별·5년이용량분석)
W200710017,F-570,2018,5445,6299,4583,7270,4859,5987,8559,18090,5507,8341,7504,4829,800,24000,전년 자료 없음 — 외삽,사후관리DB(원본월별·5년이용량분석)
W200710018,F-566,2018,568,1578,852,1606,1546,1435,1213,5107,3400,1187,805,490,900,27000,전년 자료 없음 — 외삽,사후관리DB(원본월별·5년이용량분석)
W200710019,F-563,2018,14795,17666,16854,18746,18240,18850,16252,18823,17840,16247,12669,9134,1000,30000,오타 자동보정 (옵션A); 전년 자료 없음 — 외삽; 2→3차 역행; 3→4차 역행,사후관리DB(원본월별·5년이용량분석)
W200710020,F-564,2018,0,0,0,0,0,0,0,2,0,50,5347,14438,1000,30000,전년 자료 없음 — 외삽; 3→4차 역행,사후관리DB(원본월별·5년이용량분석)
W200710036,F-567,2018,2110,5395,4915,3235,2846,3409,2942,4374,6133,3014,2225,1972,500,15000,전년 자료 없음 — 외삽,사후관리DB(원본월별·5년이용량분석)
W200720008,F-574,2018,4478.16,5709.68,4916.93,7540.36,6237.81,7288.32,7358.21,16872.44,6362.68,4011.9,5117.41,4494.34,600,18000,,
W200720009,F-571,2018,6693.12,4716.56,6425.39,10156.81,7305.96,10338.78,13702.07,18029.59,6412.84,5003.11,3859.0,5217.35,700,21000,,
W200720010,F-575,2018,573.3,1302.05,3692.2,3352.9,2049.18,2914.98,2864.84,9784.58,7387.74,2244.74,4710.1,3326.89,900,27000,,
W200720011,F-576,2018,5933.39,8010.75,8538.49,8842.16,6949.93,6326.96,6149.49,10922.17,7415.74,5371.69,4972.8,5640.86,700,21000,,
W200720012,F-573,2018,1556.07,3219.21,1279.72,3438.3,4309.7,3652.42,4145.38,7240.1,6378.66,1404.2,1625.79,3766.74,800,24000,,
W200720021,F-572,2018,1533.62,1149.61,1348.82,1267.21,1507.22,1264.81,1612.82,4514.45,4130.45,3720.04,5599.27,3478.03,800,24000,,
W200720022,F-577,2018,3084.29,1851.94,4259.69,6405.47,7589.98,5687.93,6186.79,23041.02,13694.77,8913.45,15548.99,10334.61,800,24000,,
W200810009,F-578,2018,16704,13315,3428,73,9212,13045,13774,18058,23965,18544,27320,17714,800,24000,,사후관리DB(원본월별·5년이용량분석)
W200810010,F-579,2018,3962,2033,1962,2278,1559,2095,3795,18237,5059,10638,7437,2212,800,24000,전년 자료 없음 — 외삽,사후관리DB(원본월별·5년이용량분석)
W200810011,F-580,2018,11465,15459,18512,15847,14022,14234,14333,21828,19683,16939,18790,14031,800,24000,전년 자료 없음 — 외삽; 2→3차 역행,사후관리DB(원본월별·5년이용량분석)
W200810012,F-581,2018,6833,8080,10759,12638,13738,13032,13107,13536,10939,10934,11488,13624,800,24000,전년 자료 없음 — 외삽,사후관리DB(원본월별·5년이용량분석)
W200810016,F-582,2018,1185,2999,2970,6768,3164,5207,6022,10688,3438,6132,4045,1017,800,24000,전년 자료 없음 — 외삽,사후관리DB(원본월별·5년이용량분석)
W200810017,F-583,2018,8243,11725,5870,12,9,41,13,4622,200,11949,11275,6519,500,15000,전년 자료 없음 — 외삽,사후관리DB(원본월별·5년이용량분석)
W200810018,F-591,2018,0,17,1204,3997,4653,6265,7503,9175,9057,1349,9717,1374,500,15000,전년 자료 없음 — 외삽,사후관리DB(원본월별·5년이용량분석)
W200810019,F-584,2018,20035,18625,16576,15161,17456,18886,17538,25078,18629,16105,16296,15733,900,27000,전년 자료 없음 — 외삽,사후관리DB(원본월별·5년이용량분석)
W200810020,F-585,2018,19337,20898,17467,19668,16726,20078,16010,22946,22320,19616,20522,18671,700,21000,전년 자료 없음 — 외삽,사후관리DB(원본월별·5년이용량분석)
W200810026,F-586,2018,577,703,960,1412,2247,2980,1795,6801,5472,1598,1460,1263,810,24300,전년 자료 없음 — 외삽,사후관리DB(원본월별·5년이용량분석)
W200820014,F-587,2018,1748.87,502.57,832.89,1469.21,1852.22,1394.23,1783.32,4314.42,3137.02,5706.62,8079.65,4568.79,900,27000,,
W200820015,F-588,2018,7627.12,9843.71,5319.8,3930.22,3722.82,5332.77,9089.29,12254.73,3463.58,8594.13,5503.87,4647.85,800,24000,,
W200820016,F-589,2018,0.0,0.0,0.0,0.0,0.0,0.0,0.0,0.0,0.0,0.0,0.0,,800,24000,,
W200820020,F-590,2018,4329.74,6052.41,4272.34,5796.75,4857.58,5601.09,3149.69,6350.69,7950.75,5355.86,10564.77,8704.66,800,24000,,
W200820028,F-555-1,2018,5985.38,5389.62,5953.49,6522.78,5876.81,5964.35,6674.1,6490.21,6387.75,5563.33,4922.79,4871.84,300,9000,,
W200910003,F-592,2018,3490,3177,2505,3878,3865,5021,6546,7979,5163,7685,6742,3431,800,24000,전년 자료 없음 — 외삽; 2→3차 역행; 3→4차 역행,사후관리DB(원본월별·5년이용량분석)
W200910004,F-593,2018,5860,0,0,0,0,0,0,8348,8290,17781,16884,4184,800,24000,"전년 자료 없거나 역행 — 1차→2차 일평균 외삽; 2→3차 역행(-25626), Period 무효; 3→4차 역행(-16451), Period 무효; 4차→다음해1차 역행(-882014), Period₃로 외삽; 다음해 자료 없음 — 1→2차 일평균 외삽",사후관리DB(원본월별·5년이용량분석)
W200910007,F-594,2018,9109,18266,21161,22486,10824,10507,11866,17720,18723,17137,17662,12887,700,21000,,사후관리DB(원본월별·5년이용량분석)
W200910008,F-595,2018,1800,58,0,600,94,1818,13602,17380,4614,1922,1742,380,900,27000,전년 자료 없음 — 외삽,사후관리DB(원본월별·5년이용량분석)
W200910009,F-596,2018,4680,14989,12711,14995,13112,10007,16596,16299,6882,2940,8110,6521,500,15000,전년 자료 없음 — 외삽,사후관리DB(원본월별·5년이용량분석)
W200910017,F-597,2018,2860,2335,1409,1574,917,1400,1800,7420,2562,11352,6017,1735,950,10500,,사후관리DB(원본월별·5년이용량분석)
W200910018,F-607,2018,6062,5088,7213,10702,7567,10537,15850,22520,14188,20214,14937,7008,900,27000,전년 자료 없음 — 외삽,사후관리DB(원본월별·5년이용량분석)
W200910019,F-598,2018,1062,1301,1724,1909,1943,2177,2262,4546,3534,2479,2209,1937,800,24000,전년 자료 없음 — 외삽,사후관리DB(원본월별·5년이용량분석)
W200910020,F-599,2018,2617,5686,2973,4680,6630,9900,11199,14006,6171,7678,6667,7131,800,24000,전년 자료 없음 — 외삽; 3→4차 역행,사후관리DB(원본월별·5년이용량분석)
W200920001,F-600,2018,736.06,1467.08,1203.27,1764.12,2152.79,2219.25,2785.14,5400.11,3543.35,1222.4,1130.77,1115.28,600,18000,,
W200920025,F-601,2018,2174.39,1864.7,1144.89,1627.36,1143.69,1734.67,1633.93,1973.81,909.63,1092.28,1230.08,1715.77,800,24000,,
W200920026,F-602,2018,7766.34,9277.83,8477.85,11047.38,10047.09,9048.04,8465.56,20884.34,9787.81,3793.47,6280.66,5229.08,850,25500,,
W200920034,F-603,2018,23760.8,21814.08,21323.2,23253.11,23303.54,23720.46,24194.53,30740.77,28609.12,28676.37,34936.82,28409.24,950,28500,,
W200920035,F-604,2018,2216.58,2124.3,1516.87,1912.87,1780.31,1671.25,2542.11,8398.18,5721.84,1562.18,1647.76,1662.01,800,24000,,
W200920036,F-605,2018,3065.36,2032.36,2045.82,2358.75,1618.48,918.6,1083.48,3580.18,4730.96,6820.52,13452.6,7349.44,850,25500,,
W200920037,F-606,2018,2301.23,5303.72,2571.91,5223.77,2579.62,4546.6,7190.75,8726.19,2668.24,2631.63,2682.68,2630.01,800,24000,,
W201010002,F-608,2018,18294,19120,18063,23686,21114,25281,26084,28098,28733,25640,19063,23748,700,21000,전년 자료 없음 — 외삽,사후관리DB(원본월별·5년이용량분석)
W201010003,F-609,2018,1035,9452,6702,738,879,1102,1133,2154,1015,791,897,695,600,18000,전년 자료 없음 — 외삽,사후관리DB(원본월별·5년이용량분석)
W201010006,F-611,2018,1514,554,622,482,437,1389,951,2702,448,458,1032,270,800,24000,전년 자료 없음 — 외삽,사후관리DB(원본월별·5년이용량분석)
W201010007,F-610,2018,22306,13069,5355,2424,2349,2169,3793,10563,2843,2788,3845,1514,800,24000,전년 자료 없음 — 외삽,사후관리DB(원본월별·5년이용량분석)
W201010014,F-612,2018,462,560,351,617,469,740,1537,2313,969,1934,1804,893,800,12000,,사후관리DB(원본월별·5년이용량분석)
W201010015,F-613,2018,1720,820,378,507,483,674,1148,5018,4018,445,699,715,800,24000,전년 자료 없음 — 외삽,사후관리DB(원본월별·5년이용량분석)
W201010016,F-614,2018,2177,1501,2309,3814,2813,3649,3633,6080,3876,3806,3551,2701,800,24000,전년 자료 없음 — 외삽,사후관리DB(원본월별·5년이용량분석)
W201020012,F-616,2018,5529.39,6622.67,8718.8,11110.85,9502.45,11341.01,11820.52,27156.5,15177.06,11006.73,23386.21,25339.62,900,27000,,
W201020013,F-615,2018,8000.92,8393.48,7958.56,8489.5,7594.24,7340.06,7294.87,12426.42,13053.39,7653.54,7983.97,7589.46,800,24000,,
W201020015,F-617,2018,5135.47,4448.55,5429.63,5375.4,5027.01,5958.79,6897.14,11608.62,10616.04,7682.66,8430.38,8917.87,800,24000,,
W201020025,F-627,2018,0.0,0.0,0.0,0.0,0.0,0.0,0.0,0.0,0.0,0.0,0.0,,600,18000,,
W201110010,F-620,2018,1416,2167,2028,1958,2426,2261,2261,7418,3236,1814,2110,971,900,27000,전년 자료 없음 — 외삽,사후관리DB(원본월별·5년이용량분석)
W201110012,F-618,2018,19833,19629,17678,19854,18688,18926,18396,20468,17090,18098,19670,19236,900,27000,전년 자료 없음 — 외삽,사후관리DB(원본월별·5년이용량분석)
W201110013,F-619,2018,6565,5187,4465,4255,3256,5215,7019,19980,4977,14947,9591,3380,900,27000,전년 자료 없음 — 외삽,사후관리DB(원본월별·5년이용량분석)
W201120016,F-625,2018,17672.87,21872.67,21867.09,23030.85,21298.05,20735.69,19785.05,30194.17,22406.02,19518.37,17535.63,17400.26,800,24000,,
W201120017,F-626,2018,0.0,0.0,0.0,0.0,10.82,10.82,9.02,7696.58,5674.58,2020.19,2566.73,2313.35,800,24000,,
W201210002,F-630,2018,25621,25595,23130,25605,24781,25615,23113,25576,23847,8323,8468,7548,800,24000,전년 자료 없음 — 외삽,사후관리DB(원본월별·5년이용량분석)
W201210003,F-631,2018,7503,8713,7128,8288,7599,8194,8216,14544,14008,10606,12517,6640,800,24000,전년 자료 없음 — 외삽,사후관리DB(원본월별·5년이용량분석)
W201210004,F-628,2018,4024,2085,4081,2594,3365,2795,3378,5811,10732,11483,15249,12952,900,27000,전년 자료 없음 — 외삽,사후관리DB(원본월별·5년이용량분석)
W201210005,F-629,2018,7394,3892,5335,5030,4798,4821,4763,8960,12259,9214,11755,6162,800,24000,전년 자료 없음 — 외삽,사후관리DB(원본월별·5년이용량분석)
W201210009,F-638,2018,4391,3549,1874,1678,581,729,1527,4705,3128,7872,5675,1474,800,24000,전년 자료 없음 — 외삽,사후관리DB(원본월별·5년이용량분석)
W201210010,F-639,2018,2470,2745,2056,2590,2976,3282,4101,8829,5986,7630,7722,5027,800,24000,전년 자료 없음 — 외삽,사후관리DB(원본월별·5년이용량분석)
W201210011,F-637,2018,114,112,103,68,22,24,28,42,28,22,370,114,700,21000,전년 자료 없음 — 외삽,사후관리DB(원본월별·5년이용량분석)
W201210012,F-640,2018,11233,11355,12181,14330,12171,14095,13036,19308,15412,13296,16446,11653,1000,30000,전년 자료 없음 — 외삽,사후관리DB(원본월별·5년이용량분석)
W201210014,F-621,2018,4223,3695,3288,3442,3049,3477,4276,226,90,5536,11204,2609,1500,45000,전년 자료 없음 — 외삽,사후관리DB(원본월별·5년이용량분석)
W201220032,F-636,2018,738.41,738.41,1197.58,1379.54,1246.32,1269.47,1167.73,1783.27,1582.83,1420.97,1525.15,2276.69,900,27000,,
W201220033,F-634,2018,2519.79,2519.79,263.35,352.39,373.23,4697.29,4298.8,6507.24,8159.31,6636.07,5544.8,5592.82,900,27000,,
W201220034,F-632,2018,464.59,744.53,1573.65,1652.27,1219.84,340.7,244.21,476.5,757.64,4806.71,2350.35,1175.17,700,21000,,
W201220035,F-633,2018,5405.0,2400.62,16516.88,0.0,43.12,2491.67,2113.12,2764.79,5730.83,10656.67,14375.0,8368.39,900,27000,,
W201220040,F-622,2018,3358.0,6.44,1202.35,2288.76,0.0,354.26,341.38,841.65,1814.26,7514.71,13970.91,7004.95,1000,30000,,
W201220041,F-624,2018,1832.96,0.0,677.79,1049.33,551.69,227.43,481.88,776.87,1592.01,4625.18,8437.45,4232.03,1200,36000,,
W201220056,F-635,2018,915.91,3565.73,2252.34,4821.51,2960.88,4642.94,8421.81,17523.35,1134.81,1900.95,1267.3,633.65,800,24000,,
W201310003,F-641,2018,10242,12411,8333,3653,10185,17106,13229,15543,12149,7725,9356,20581,800,24000,전년 자료 없음 — 외삽,사후관리DB(원본월별·5년이용량분석)
W201310004,F-642,2018,87,542,1042,1388,1582,1247,676,9042,996,86,87,83,700,21000,전년 자료 없음 — 외삽,사후관리DB(원본월별·5년이용량분석)
W201310005,F-645,2018,11070,12342,10090,13415,6668,7065,11083,24059,10135,17388,13880,6642,900,27000,전년 자료 없음 — 외삽,사후관리DB(원본월별·5년이용량분석)
W201310006,F-644,2018,19110,25450,22841,25514,11976,9807,13410,25781,16182,8357,11344,14996,800,24000,전년 자료 없음 — 외삽,사후관리DB(원본월별·5년이용량분석)
W201310007,F-643,2018,0,0,0,0,2,0,0,47,21,11,13,11,700,21000,전년 자료 없음 — 외삽,사후관리DB(원본월별·5년이용량분석)
W201310012,F-646,2018,0,8305,23017,25490,18798,6721,79,7562,24522,21375,8407,20849,900,27000,전년 자료 없음 — 외삽,사후관리DB(원본월별·5년이용량분석)
W201320008,F-647,2018,2170.62,624.62,1045.74,1187.06,788.54,1529.04,1913.42,3631.83,3066.56,6845.36,8153.94,4315.76,900,27000,,
W201320016,F-648,2018,137.09,142.07,16471.66,7470.01,8631.51,13795.96,10691.56,19289.42,14380.45,11229.94,8030.82,7373.51,700,21000,,
W201320017,F-650,2018,3141.76,3141.76,3343.21,3746.1,5747.47,3146.59,3546.03,6920.97,6876.13,5440.47,5960.65,4124.53,700,21000,,
W201320018,F-649,2018,11011.92,12198.93,120.3,19356.27,20028.38,15562.65,19115.66,27158.45,22930.13,13867.16,14635.5,13283.41,900,27000,,
W201320024,F-623,2018,386.97,0.0,303.82,25.58,0.0,0.0,3.2,9.59,662.0,5219.25,5708.55,2859.91,1000,30000,,
W201410006,E-001,2018,195,687,1193,1911,503,448,1704,15867,1566,1516,1886,1376,800,24000,0,2017~2026_구좌광역화7공 사후관리DB자료.xlsx
W201410007,E-002,2018,198,697,410,1662,538,452,1730,16065,1505,1487,1420,1035,800,24000,0,2017~2026_구좌광역화7공 사후관리DB자료.xlsx
W201410008,E-003,2018,201,711,1269,1933,549,461,1765,16310,1521,1499,1467,974,800,24000,0,2017~2026_구좌광역화7공 사후관리DB자료.xlsx
W201410009,E-004,2018,206,702,36,1508,531,447,1608,15798,764,1125,529,552,800,24000,0,2017~2026_구좌광역화7공 사후관리DB자료.xlsx
W201410010,E-005,2018,0,3529,29,160,47,30,3914,7879,2000,3297,4271,1394,800,24000,0,2017~2026_구좌광역화7공 사후관리DB자료.xlsx
W201410011,E-006,2018,0,138,31,105,37,21,3880,8719,2457,4687,4818,1990,800,24000,0,2017~2026_구좌광역화7공 사후관리DB자료.xlsx
W201410012,E-007,2018,0,0,34,181,54,33,3720,10428,2627,4374,4327,1802,800,24000,0,2017~2026_구좌광역화7공 사후관리DB자료.xlsx
W201410029,F-652,2018,0,8,4548,28122,1774,25452,31072,31619,31405,31585,32636,31112,800,24000,전년 자료 없음 — 외삽,사후관리DB(원본월별·5년이용량분석)
W201410031,F-653,2018,42,49,39,42,42,40,42,4293,3086,120,125,122,800,24000,전년 자료 없음 — 외삽,사후관리DB(원본월별·5년이용량분석)
W201420006,F-651,2018,5697.4,5738.57,157.04,105.64,43.35,5711.56,5541.44,5906.94,5185.1,5014.77,5061.38,8102.09,600,18000,,
W201420013,F-655,2018,0.0,0.0,0.0,0.0,0.0,0.0,0.0,0.0,0.0,0.0,0.0,,900,27000,,
W201420017,F-656,2018,3277.09,3546.43,30128.44,33445.99,30245.19,552.54,994.11,3257.44,1434.52,5013.31,26.59,54.92,900,27000,,
W201420022,F-657,2018,7845.37,7588.0,10916.06,11481.84,1360.07,18958.9,20993.46,18976.65,15331.3,5757.56,37.72,18.86,900,27000,,
W201510020,F-654,2018,177,464,367,912,920,977,721,2877,1876,747,874,210,800,24000,전년 자료 없음 — 외삽,사후관리DB(원본월별·5년이용량분석)
W201510026,F-659,2018,31,40,32,35,33,32,73,558,0,0,0,3635,800,24000,전년 자료 없음 — 외삽,사후관리DB(원본월별·5년이용량분석)
W201510027,F-660,2018,115,109,100,127,277,115,127,176,137,97,112,108,800,24000,전년 자료 없음 — 외삽,사후관리DB(원본월별·5년이용량분석)
W201520003,F-658,2018,0.0,0.0,0.0,0.0,0.0,0.0,0.0,0.0,0.0,0.0,0.0,,700,21000,,
W201610021,F-661,2018,0,0,0,0,0,4419,3848,5541,0,0,0,0,800,24000,전년 자료 없음 — 외삽,사후관리DB(원본월별·5년이용량분석)
W201620009,F-662,2018,3695.14,3565.1,2700.92,3781.83,2925.77,13133.44,13593.98,22254.79,7688.27,6374.38,7029.97,4987.19,600,18000,,
W201620010,F-663,2018,1138.93,1398.82,4899.71,7793.67,6156.36,2498.01,2034.79,7943.49,1712.22,1695.41,1511.95,1315.22,700,21000,,
W201810023,F-667,2018,0,0,0,0,0,0,0,0,0,0,0,0,700,21000,,사후관리DB(원본월별·5년이용량분석)
W201910011,F-668,2018,0,0,0,0,0,0,0,0,0,0,0,0,500,15000,,사후관리DB(원본월별·5년이용량분석)
Y199310610,D-154,2018,16435,16949,14984,15501,15556,16121,15872,18837,16340,14381,14043,13742,750,22500,전년 자료 없음 — 외삽,사후관리DB(원본월별·5년이용량분석)
Y199310670,F-044,2018,5311,5597,5129,5814,5668,6236,5532,8668,7036,5601,5936,5201,1250,37500,전년 자료 없거나 역행 — 1차→2차 일평균 외삽; 다음해 자료 없음 — 3→4차 일평균 외삽,사후관리DB(원본월별·5년이용량분석)
Y199310671,F-053,2018,4409,4910,6037,5506,6636,7283,5511,10264,11027,4427,4268,3413,1000,30000,전년 자료 없음 — 외삽,사후관리DB(원본월별·5년이용량분석)
Y199320005,D-036,2018,1531.94,1862.43,1772.92,2038.0,1669.64,2427.01,3015.68,4871.22,1404.56,1748.82,1249.65,1164.71,850,25500,,
Y199320006,W-024,2018,2028.73,2587.08,2908.97,5074.81,3467.32,5452.34,5599.38,11198.75,1814.13,1585.63,3077.87,2739.14,700,21000,,
Y199320007,D-063,2018,8362.7,8450.53,5997.23,10262.15,8888.49,9283.75,11210.04,22531.09,17382.94,10267.02,10193.83,8582.22,2100,63000,,
Y199320009,D-101,2018,24608.32,0.0,542.95,14764.99,10726.63,14239.6,14139.65,21954.35,10072.93,10147.22,9891.95,9236.64,720,21600,,
Y199320011,W-018,2018,14953.51,15019.99,15755.55,20419.81,18706.36,19600.61,18219.56,19802.2,18288.19,16270.23,15987.15,14644.01,1300,39000,,
Y199320831,F-054,2018,4088.4,5352.22,5541.08,9688.87,8748.14,8871.67,10067.78,19459.7,7808.59,7187.37,6791.83,6263.86,700,21000,,
Y199320832,D-250,2018,3955.01,6494.51,5525.45,5576.22,4469.73,6932.2,5016.85,8401.98,4701.71,4493.37,5499.19,5332.32,600,18000,,
Y199320836,F-045,2018,4440.32,4313.04,5585.85,11908.59,8998.99,7755.21,8302.29,14607.17,9213.36,6082.69,7923.8,7117.76,700,21000,,
Y199320837,D-229,2018,18710.68,19669.0,19637.84,24577.49,19544.34,23626.96,21702.52,27210.93,20705.24,20958.46,20506.56,22482.14,2000,60000,,
Y199320838,D-228,2018,4927.82,7219.8,9276.15,15960.29,12535.33,13518.98,13247.73,21940.26,10311.85,8673.36,8371.96,5164.07,950,28500,,
Y199320839,D-178,2018,8466.86,9694.98,13132.94,19174.6,16916.25,27352.37,27352.37,31812.8,15884.09,13784.83,15651.27,13573.52,1300,39000,,
Y199320841,D-087,2018,11594.09,9709.68,12036.01,15988.25,15950.73,17134.74,18589.73,28161.84,22787.95,15175.29,14495.74,12409.95,950,28500,,
Y199320842,D-108,2018,1174.22,2345.85,2296.82,2309.72,1762.62,2676.18,2900.7,2926.51,2487.79,1788.42,1006.47,1796.6,700,21000,,
Y199330023,F-552,2018,2280,1694,980,1144,1027,1484,2423,7338,1589,3268,2600,1193,800,24000,전년 자료 없음 — 외삽,사후관리DB(원본월별·5년이용량분석)
Y199330039,F-005,2018,146,14,14,16,14,16,16,12,1145,686,823,12,850,25500,전년 자료 없음 — 외삽,사후관리DB(원본월별·5년이용량분석)
Y199330040,F-028,2018,4331,4476,5552,6752,4682,3737,3454,10220,13018,20811,23469,11827,1150,34500,,사후관리DB(원본월별·5년이용량분석)
Y199330041,D-219,2018,2284,3016,11454,19957,23541,23256,27693,31187,24197,21611,20697,16355,650,19500,전년 자료 없음 — 외삽,사후관리DB(원본월별·5년이용량분석)
Y199330042,F-046,2018,4369,3665,2831,2440,2850,2759,2742,7608,7210,7000,11900,4668,900,27000,,사후관리DB(원본월별·5년이용량분석)
Y199330043,F-016,2018,8136,10150,6424,5352,9816,9910,8265,21862,13037,8360,12452,6569,1550,46500,,사후관리DB(원본월별·5년이용량분석)
Y199330044,D-119,2018,4463,4854,3108,2638,2761,4213,3226,8377,8013,4608,11008,2194,1250,17550,,사후관리DB(원본월별·5년이용량분석)
Y199330045,F-017,2018,5962,6070,5259,7161,7991,9331,9992,12895,11208,5378,8213,5630,1400,20070,,사후관리DB(원본월별·5년이용량분석)
Y199330046,D-047,2018,3318,5710,7263,3005,2915,2911,2895,7470,7396,4140,4166,2340,1000,21000,,사후관리DB(원본월별·5년이용량분석)
Y199330047,F-010,2018,4389,5909,7039,7090,7483,7640,5724,6729,8936,1453,3475,190,1350,40500,전년 자료 없음 — 외삽,사후관리DB(원본월별·5년이용량분석)
Y199330048,F-008,2018,2590,3634,3330,3156,2796,3923,3754,5744,5276,4934,6745,3770,1200,25200,,사후관리DB(원본월별·5년이용량분석)
Y199330049,F-009,2018,7177,3511,8879,11174,12515,16509,10649,15174,16288,15333,14962,3335,1000,30000,전년 자료 없음 — 외삽,사후관리DB(원본월별·5년이용량분석)
Y199330050,D-044,2018,4,0,0,0,0,0,4,4,0,0,0,0,1000,30000,전년 자료 없거나 역행 — 1차→2차 일평균 외삽,사후관리DB(원본월별·5년이용량분석)
Y199330051,F-027,2018,2274,3327,5322,5670,4846,6288,5363,9710,9999,6170,5818,1889,1250,37500,전년 자료 없음 — 외삽,사후관리DB(원본월별·5년이용량분석)
Y199330052,D-027,2018,3370,3740,3595,4269,4866,4819,3763,5486,4186,3240,4288,2612,1150,24150,,사후관리DB(원본월별·5년이용량분석)
Y199330053,F-022,2018,19855,6384,7001,5514,6118,7936,7187,18357,10596,5151,6951,3852,1000,30000,,사후관리DB(원본월별·5년이용량분석)
Y199330054,D-157,2018,7062,6999,5943,5694,7327,7707,8097,17145,10465,8019,11685,6214,1100,33000,1→2차 역행,사후관리DB(원본월별·5년이용량분석)
Y199330055,F-021,2018,29,29,27,29,30,29,29,29,113,29,29,28,1250,37500,전년 자료 없음 — 외삽,사후관리DB(원본월별·5년이용량분석)
Y199330056,F-037,2018,3052,1676,2169,2737,5742,3538,2725,9682,4606,1257,3549,862,1250,37500,전년 자료 없음 — 외삽,사후관리DB(원본월별·5년이용량분석)
Y199330057,F-047,2018,4783,8853,7668,7913,7337,6503,6004,18077,10314,5453,5963,4007,700,4560,,사후관리DB(원본월별·5년이용량분석)
Y199330059,F-023,2018,3131,4623,4381,4418,5429,4367,5019,10274,5166,6387,11939,4929,1100,33000,전년 자료 없음 — 외삽,사후관리DB(원본월별·5년이용량분석)
Y199330060,F-034,2018,4256,5670,5483,8914,8580,8973,5689,23407,18159,5598,4788,4401,1000,30000,1→2차 역행,사후관리DB(원본월별·5년이용량분석)
Y199330061,U-052,2018,6739,6167,7877,9657,10394,13139,10195,22434,17161,12555,14545,12965,1250,37500,전년 자료 없음 — 외삽,사후관리DB(원본월별·5년이용량분석)
Y199330062,U-053,2018,0,0,0,0,6,0,0,0,0,0,0,3,1700,51000,전년 자료 없거나 역행 — 1차→2차 일평균 외삽; 다음해 자료 없음 — 3→4차 일평균 외삽,사후관리DB(원본월별·5년이용량분석)
Y199330063,D-067,2018,32,32,29,32,34,29,32,29,29,14,0,0,1000,15000,,사후관리DB(원본월별·5년이용량분석)
Y199330064,D-078,2018,9118,6319,9139,10454,10630,11500,10300,14377,11154,10137,10515,9806,2000,60000,,사후관리DB(원본월별·5년이용량분석)
Y199330065,D-189,2018,5017,7972,6335,8966,8650,9684,7620,16652,9828,8770,8605,7093,1350,40500,전년 자료 없음 — 외삽,사후관리DB(원본월별·5년이용량분석)
Y199330066,F-048,2018,314,2889,4409,7449,8682,9704,9147,20087,14099,7412,7686,5035,1000,4800,전년 자료 없음 — 외삽,사후관리DB(원본월별·5년이용량분석)
Y199330070,U-041,2018,4732,4949,3622,6851,5011,9597,14957,4183,2384,6327,5692,6101,1600,48000,전년 자료 없음 — 외삽,사후관리DB(원본월별·5년이용량분석)
Y199330072,D-009,2018,0,0,0,0,258,20,3,0,0,0,0,0,1000,15000,,사후관리DB(원본월별·5년이용량분석)
Y199330073,D-074,2018,1335,942,2039,2834,2642,3208,3559,8544,4663,3903,3885,1815,600,8860,,사후관리DB(원본월별·5년이용량분석)
Y199330074,D-079,2018,17951,6882,207,2941,5450,6455,13645,28157,13829,10223,21609,7607,1500,45000,전년 자료 없음 — 외삽,사후관리DB(원본월별·5년이용량분석)
Y199330075,D-080,2018,1202,2108,1152,457,756,3480,20961,16493,6231,11084,9435,4736,1600,48000,전년 자료 없음 — 외삽,사후관리DB(원본월별·5년이용량분석)
Y199330076,D-086,2018,15531,13433,18216,11033,3984,193,210,8819,9926,3426,16526,2010,2000,60000,전년 자료 없음 — 외삽,사후관리DB(원본월별·5년이용량분석)
Y199330077,D-088,2018,223,161,252,7302,4421,5909,0,0,3,0,0,0,2000,60000,전년 자료 없음 — 외삽,사후관리DB(원본월별·5년이용량분석)
Y199330078,D-093,2018,8357,4754,6105,6584,7380,9915,13896,18256,7346,5473,9692,794,2000,60000,전년 자료 없음 — 외삽,사후관리DB(원본월별·5년이용량분석)
Y199330079,D-102,2018,2967,565,1258,842,825,870,1414,3970,2435,2476,6227,849,700,21000,전년 자료 없음 — 외삽,사후관리DB(원본월별·5년이용량분석)
Y199330080,D-104,2018,5220,5802,4010,7526,5466,10440,3553,3379,3649,2693,1823,1623,1300,39000,전년 자료 없음 — 외삽,사후관리DB(원본월별·5년이용량분석)
Y199330083,D-123,2018,8008,6880,6128,6389,5583,6373,7887,22073,17708,21058,14886,5435,1250,37500,전년 자료 없음 — 외삽,사후관리DB(원본월별·5년이용량분석)
Y199330084,D-134,2018,2132,1186,1105,722,793,631,2681,8557,3689,2542,5047,689,1650,49500,전년 자료 없음 — 외삽,사후관리DB(원본월별·5년이용량분석)
Y199330085,D-153,2018,800,135,141,135,129,135,132,7357,8758,5768,25092,3274,1400,42000,전년 자료 없음 — 외삽,사후관리DB(원본월별·5년이용량분석)
Y199330086,D-155,2018,16306,9127,12116,3974,307,361,37,10,0,0,14,0,1750,52500,전년 자료 없음 — 외삽,사후관리DB(원본월별·5년이용량분석)
Y199330087,D-171,2018,38227,38227,34574,38155,36851,38003,36738,37872,37951,36761,38075,36880,2000,60000,전년 자료 없음 — 외삽,사후관리DB(원본월별·5년이용량분석)
Y199330088,D-179,2018,9591,10531,7853,9281,3684,1431,393,912,12746,10369,1199,364,1300,39000,,사후관리DB(원본월별·5년이용량분석)
Y199330089,D-180,2018,2108,2005,1592,1954,1669,2106,2324,3368,2509,3584,1560,2034,1850,45500,,사후관리DB(원본월별·5년이용량분석)
Y199330090,D-190,2018,6075,798,289,4676,6699,4440,657,3501,5872,7740,12765,782,1900,57000,전년 자료 없음 — 외삽,사후관리DB(원본월별·5년이용량분석)
Y199330091,D-181,2018,6325,5773,4966,7338,5219,3984,4364,6227,6687,5007,2669,1771,1400,42000,전년 자료 없음 — 외삽,사후관리DB(원본월별·5년이용량분석)
Y199330092,D-221,2018,3901,13598,7054,10031,4407,4654,5669,13438,5301,7385,5408,1800,1000,30000,전년 자료 없음 — 외삽,사후관리DB(원본월별·5년이용량분석)
Y199330093,F-011,2018,791,620,481,443,260,224,298,652,499,1624,1432,233,700,10500,,사후관리DB(원본월별·5년이용량분석)
Y199330094,F-029,2018,19057,19103,17968,17464,16399,16399,16300,20062,21060,17342,20954,17922,1300,39000,전년 자료 없거나 역행 — 1차→2차 일평균 외삽,사후관리DB(원본월별·5년이용량분석)
Y199330095,D-191,2018,4752,4699,7911,11217,10362,7454,7768,15483,8557,9522,11366,5373,1200,20070,전년 자료 없음 — 외삽,사후관리DB(원본월별·5년이용량분석)
Y199330096,F-041,2018,1520,185,14146,4963,7179,15358,16928,29570,17961,16533,19116,14373,1250,24800,,사후관리DB(원본월별·5년이용량분석)
Y199330097,D-233,2018,12601,16681,15694,15159,14658,13119,12930,23951,20120,14420,17992,15171,1000,30000,전년 자료 없음 — 외삽,사후관리DB(원본월별·5년이용량분석)
Y199330098,F-049,2018,8971,14806,13905,18651,16268,19896,12157,27172,5352,14574,12795,7816,1000,30000,,사후관리DB(원본월별·5년이용량분석)
Y199330100,D-170,2018,5,0,0,7,0,0,7,0,0,668,49,0,1400,42000,전년 자료 없음 — 외삽,사후관리DB(원본월별·5년이용량분석)
Y199330107,W-022,2018,5413,4539,4953,7103,8869,7222,4217,8707,3644,7471,7103,2584,1000,30000,전년 자료 없음 — 외삽,사후관리DB(원본월별·5년이용량분석)
Y199330108,D-026,2018,21966,22301,20365,22375,20975,23112,20986,21162,16795,11648,16558,8959,900,27000,전년 자료 없음 — 외삽,사후관리DB(원본월별·5년이용량분석)
Y199330109,D-033,2018,5494,9478,5881,10699,12017,15607,15642,27977,20602,13725,12911,8834,1000,30000,전년 자료 없음 — 외삽,사후관리DB(원본월별·5년이용량분석)
Y199330110,D-051,2018,2659,2801,2551,2263,2303,2239,1986,3630,4737,3636,3885,1698,1000,30000,전년 자료 없거나 역행 — 1차→2차 일평균 외삽,사후관리DB(원본월별·5년이용량분석)
Y199330111,D-065,2018,0,0,0,0,0,0,0,0,0,0,0,0,,,,사후관리DB(원본월별·5년이용량분석)
Y199330112,W-001,2018,4597,4254,4976,7832,7417,8333,7614,11876,8207,5553,8657,4641,2000,30000,,사후관리DB(원본월별·5년이용량분석)
Y199330113,D-128,2018,18147,18166,17909,19290,18873,18729,18623,22187,20041,16099,18279,16543,900,27000,,사후관리DB(원본월별·5년이용량분석)
Y199330119,D-014,2018,6416,5694,3796,3946,4653,5682,5095,13091,11197,8572,12646,4836,1700,51000,전년 자료 없음 — 외삽,사후관리DB(원본월별·5년이용량분석)
Y199330123,D-046,2018,0,0,0,0,0,0,0,22891,24149,18896,99,94,900,27000,전년 자료 없음 — 외삽,사후관리DB(원본월별·5년이용량분석)
Y199330126,D-141,2018,1400,1099,867,833,565,845,662,1885,1083,894,1195,677,1200,25200,,사후관리DB(원본월별·5년이용량분석)
Y199330127,F-003,2018,8681,9129,7489,8022,9042,10246,9716,16137,18671,18749,23836,18493,1250,37500,전년 자료 없음 — 외삽,사후관리DB(원본월별·5년이용량분석)
Y199330130,D-218,2018,468,1067,1972,1861,1485,879,628,4065,1134,549,1445,2329,1200,36000,전년 자료 없음 — 외삽,사후관리DB(원본월별·5년이용량분석)
Y199330132,D-211,2018,0,0,0,0,0,0,0,0,0,0,0,0,700,21000,전년 자료 없거나 역행 — 1차→2차 일평균 외삽,사후관리DB(원본월별·5년이용량분석)
Y199330135,D-019,2018,8517,12643,12979,10045,11253,10927,7517,25988,20681,13684,18632,14337,1900,57000,전년 자료 없음 — 외삽; 3→4차 역행,사후관리DB(원본월별·5년이용량분석)
Y199330140,D-042,2018,4330,3233,4461,5414,5092,6643,6134,12220,9466,10071,9308,5118,850,25500,,사후관리DB(원본월별·5년이용량분석)
Y199330144,D-188,2018,0,0,0,0,2,0,0,75,225,193,202,195,1400,20070,전년 자료 없음 — 외삽,사후관리DB(원본월별·5년이용량분석)
Y199330146,A-001,2018,2499,3228,2984,3373,3379,3179,2446,7630,4384,2643,2807,3142,1000,30000,,사후관리DB(원본월별·5년이용량분석)
Y199330149,A-004,2018,113,120,107,121,120,121,124,141,131,115,143,112,1200,36000,전년 자료 없음 — 외삽,사후관리DB(원본월별·5년이용량분석)
Y199330150,A-005,2018,174,164,154,188,182,200,206,214,208,184,180,40650,1200,36000,전년 자료 없음 — 외삽,사후관리DB(원본월별·5년이용량분석)
Y199330161,F-002,2018,0,0,0,0,0,0,0,0,0,0,0,0,700,21000,전년 자료 없거나 역행 — 1차→2차 일평균 외삽,사후관리DB(원본월별·5년이용량분석)
Y199330164,D-220,2018,14442,14484,14597,14655,14443,16071,13912,21289,18425,14288,11138,6227,800,24000,전년 자료 없음 — 외삽,사후관리DB(원본월별·5년이용량분석)
Y199330165,F-030,2018,18,18,571,1015,1081,972,2093,3554,2472,1280,2564,923,700,21000,전년 자료 없음 — 외삽,사후관리DB(원본월별·5년이용량분석)
Y199330168,D-015,2018,7111,5932,5885,6478,4911,5320,7127,26046,2772,5401,3554,214,700,21000,전년 자료 없음 — 외삽,사후관리DB(원본월별·5년이용량분석)
Y199330169,D-021,2018,14234,10670,12119,23570,16797,19044,19935,35374,25226,18930,20134,13663,900,24100,,사후관리DB(원본월별·5년이용량분석)
Y199330170,D-035,2018,4968,2667,4536,4964,6155,4388,4386,14956,9136,7956,14320,2951,1050,31400,,사후관리DB(원본월별·5년이용량분석)
Y199330171,D-041,2018,5397,3854,6155,4421,5130,4760,4093,26475,21524,7935,12622,4063,1050,31500,전년 자료 없음 — 외삽,사후관리DB(원본월별·5년이용량분석)
Y199330172,D-052,2018,6366,7133,6485,8770,9203,10950,10891,18388,9863,6221,7764,3319,1150,34500,전년 자료 없음 — 외삽,사후관리DB(원본월별·5년이용량분석)
Y199330173,D-094,2018,0,0,0,0,0,0,0,0,0,0,0,0,1500,45000,전년 자료 없거나 역행 — 1차→2차 일평균 외삽,사후관리DB(원본월별·5년이용량분석)
Y199330175,D-151,2018,4616,2947,3177,3482,3776,3065,2035,6178,3630,4283,7215,2063,1150,28300,,사후관리DB(원본월별·5년이용량분석)
Y199330176,D-202,2018,4894,1795,0,2,0,0,0,16469,16523,14299,12455,2800,1150,34500,전년 자료 없음 — 외삽,사후관리DB(원본월별·5년이용량분석)
Y199330398,W-301,2018,7438,9019,8801,13689,17035,17858,11931,19182,15762,10940,12459,10238,1000,30000,,사후관리DB(원본월별·5년이용량분석)
Y199330399,W-302,2018,2079,4027,6268,11058,11006,12045,7277,16361,11049,6090,6499,4972,950,28500,전년 자료 없음 — 외삽,사후관리DB(원본월별·5년이용량분석)
Y199330400,W-303,2018,9866,11813,14948,15403,19307,21520,16966,30357,24153,15763,16750,11292,1000,30000,전년 자료 없음 — 외삽,사후관리DB(원본월별·5년이용량분석)
Y199330401,W-304,2018,0,0,0,0,0,0,0,0,309,0,0,0,850,25500,4차이후 외삽 (2018-11-14 ~ 12/31),사후관리DB(원본월별·5년이용량분석)
Y199330402,W-305,2018,3961,5119,4469,4748,5936,6406,5182,13718,9519,5795,6080,4525,1100,33000,전년 자료 없음 — 외삽,사후관리DB(원본월별·5년이용량분석)
Y199330403,W-306,2018,14532,17898,18043,20173,14333,16099,9422,20309,12133,8273,7568,5327,850,25500,전년 자료 없음 — 외삽,사후관리DB(원본월별·5년이용량분석)
Y199330404,W-307,2018,12408,15158,16078,13429,7482,12555,10796,21255,12471,8659,7941,5604,600,18000,전년 자료 없음 — 외삽,사후관리DB(원본월별·5년이용량분석)
Y199330406,D-244,2018,5571,5372,5240,6562,8109,7917,8606,18834,15010,8000,9780,5894,1000,30000,,사후관리DB(원본월별·5년이용량분석)
Y199330407,D-242,2018,2280,3082,2584,2224,2407,3066,2781,8196,5461,4742,5250,5073,1000,30000,전년 자료 없음 — 외삽,사후관리DB(원본월별·5년이용량분석)
Y199330408,F-060,2018,5435,4110,7522,14444,12902,10850,14736,27873,15664,11220,13957,6238,800,18900,,사후관리DB(원본월별·5년이용량분석)
Y199330409,F-059,2018,656,12,55,180,12,12,62,26,156,747,1947,74,1000,21000,,사후관리DB(원본월별·5년이용량분석)
Y199330410,F-058,2018,148,2625,3106,8663,11599,9110,4395,29166,9778,1195,3990,2161,1000,30000,전년 자료 없음 — 외삽,사후관리DB(원본월별·5년이용량분석)
Y199330411,F-056,2018,6457,5819,6355,7914,9136,9461,7136,18785,13927,9798,10226,4780,700,21000,,사후관리DB(원본월별·5년이용량분석)
Y199330412,F-057,2018,3354,476,172,33,18,14,313,10006,5812,14,845,180,1000,21000,,사후관리DB(원본월별·5년이용량분석)
Y199330413,D-252,2018,2524,4806,13146,10296,11752,10775,8119,17680,10583,8664,7701,4420,1000,30000,,사후관리DB(원본월별·5년이용량분석)
Y199330414,D-255,2018,0,0,0,0,0,82,3482,5340,123,170,120,0,750,11200,,사후관리DB(원본월별·5년이용량분석)
Y199340974,U-050,2018,2204.9,3750.27,1768.45,850.28,1141.25,733.89,811.48,4199.66,4878.58,1121.85,4144.7,2376.89,1700,51000,,
Y199340975,W-028,2018,6261.62,4092.62,7097.81,9094.07,9692.75,9037.14,8536.61,11528.05,10890.11,6997.7,6754.3,6230.36,800,24000,,
Y199340976,F-004,2018,2249.4,4096.11,4784.57,5215.4,4128.58,4812.71,4041.99,11569.56,5198.08,1727.64,9350.47,6149.29,1100,33000,,
Y199340977,F-006,2018,37531.88,36959.88,26551.27,33398.3,30470.7,32789.68,31820.38,37901.0,35931.42,20394.58,29242.18,26974.07,1700,51000,,
Y199340978,F-012,2018,9163.42,17341.12,15515.56,20466.93,14088.85,7756.16,13985.08,8009.08,17506.49,16118.68,29575.23,15382.62,1500,45000,,
Y199340979,F-013,2018,2561.92,632.09,2394.22,3276.57,1106.81,988.13,964.91,1189.37,4011.87,10557.28,12672.86,6811.42,1500,45000,,
Y199340980,F-014,2018,4559.6,4035.83,2515.97,2770.84,1003.11,2120.8,1877.62,6133.25,4662.49,16110.6,9215.08,6609.54,1150,34500,,
Y199340981,F-018,2018,0.0,0.0,0.0,0.0,0.0,0.0,0.0,0.0,0.0,0.0,0.0,,1800,54000,,
Y199340982,F-019,2018,266.47,2749.11,879.36,4355.34,2518.16,3436.01,5603.32,9887.61,2347.92,1320.52,1287.95,895.75,800,24000,,
Y199340983,F-024,2018,2142.37,2216.69,2539.83,1861.25,911.24,1641.52,859.53,5092.58,4759.75,21074.75,11186.87,7391.54,1200,36000,,
Y199340984,F-025,2018,2713.52,4753.53,4012.83,9567.16,6097.03,8589.59,10505.85,16869.81,5439.42,5833.63,5386.39,4853.68,700,21000,,
Y199340986,F-035,2018,3934.39,3191.33,3384.24,4336.87,3150.84,3160.37,3767.67,5732.48,6625.58,6077.82,10991.03,6788.61,1150,34500,,
Y199340987,F-038,2018,4091.57,1144.55,2688.74,1894.9,1995.49,1699.16,978.71,5304.09,3827.86,8669.77,17211.77,9436.13,1050,31500,,
Y199340988,F-039,2018,189.92,751.95,9494.33,13544.35,4930.13,5963.1,7621.4,33766.7,12146.99,3529.68,5660.47,3895.35,650,19500,,
Y199340989,F-042,2018,,,,,,,,,,,,,1000,30000,,
Y199340990,F-043,2018,0.0,0.0,0.0,0.0,0.0,0.0,0.0,0.0,0.0,0.0,0.0,,700,21000,,
Y199340991,F-050,2018,635.86,108.7,274.08,332.77,402.46,310.09,497.15,791.24,812.92,412.79,1160.36,617.34,950,28500,,
Y199340992,F-052,2018,1637.94,2216.83,5454.12,9236.16,6771.45,3299.63,2312.56,6046.36,6447.13,5736.88,7205.61,3674.15,950,28500,,
Y199340993,D-017,2018,463.07,4.58,0.0,435.56,71.07,346.16,2115.92,5031.91,8541.64,5529.37,7397.71,3698.86,1150,34500,,
Y199340994,D-040,2018,5581.84,5515.15,5329.53,5596.29,5123.91,5006.09,5736.33,9126.34,9559.81,5801.91,9293.06,6981.77,1400,42000,,
Y199340995,D-048,2018,4307.89,3010.55,3878.46,4834.51,4800.61,4005.03,4283.03,9119.8,8900.57,7903.83,8660.99,5632.51,1050,31500,,
Y199340996,D-083,2018,3486.23,458.85,2022.64,1292.17,371.83,171.41,379.74,1943.53,3665.55,6060.02,13522.97,6947.22,1000,30000,,
Y199340997,D-089,2018,4284.44,3208.25,4049.8,5441.85,5227.51,5074.09,5019.95,15021.49,10193.31,12063.67,16255.6,9438.3,900,27000,,
Y199340998,D-090,2018,8305.35,6583.48,6693.12,8160.82,6962.24,6159.86,5594.21,9127.66,7739.7,11315.51,16922.18,12354.96,1000,30000,,
Y199340999,D-095,2018,1640.49,1518.06,2273.6,2647.87,2486.96,2270.1,2535.93,8562.71,4540.2,6142.21,8118.49,4737.26,950,28500,,
Y199341000,D-099,2018,5756.37,119.33,636.4,866.22,1193.26,817.6,402.17,2108.09,572.32,7857.83,10332.73,5445.5,1000,30000,,
Y199341001,D-184,2018,1029.29,1262.44,1734.43,2647.14,4000.57,4077.34,5894.23,11606.48,4162.64,3082.17,2925.79,1654.91,1200,36000,,
Y199341002,D-103,2018,2905.73,1502.77,2229.91,3259.32,1770.81,1508.47,2041.71,5740.17,4437.01,7861.72,11266.47,6199.77,1950,58500,,
Y199341003,D-107,2018,1371.84,880.05,1722.45,6555.67,5976.82,4703.8,5221.48,6633.32,4004.94,3642.56,7245.12,4177.9,1750,52500,,
Y199341004,D-121,2018,1513.72,13.25,26.49,692.53,204.35,211.92,368.97,1719.96,2107.85,5466.41,9320.71,4742.66,1550,46500,,
Y199341005,D-122,2018,2026.87,496.68,960.76,1698.25,1148.89,770.11,3419.09,14027.53,12856.06,9053.18,13169.63,6804.51,1550,46500,,
Y199341006,D-129,2018,1130.94,1209.55,1262.65,1517.11,1708.13,1700.54,1710.89,2146.71,1520.56,1161.28,1169.55,1082.0,600,18000,,
Y199341007,D-130,2018,761.14,214.84,0.0,646.56,556.54,0.0,370.34,525.84,4022.6,3713.64,10696.93,5348.47,1500,45000,,
Y199341008,D-131,2018,3340.56,2591.5,3627.04,47.31,297.0,89.36,0.0,11538.2,10305.53,10292.39,15207.29,8649.03,1150,34500,,
Y199341009,D-139,2018,16616.41,10220.35,9698.23,22809.72,13625.29,13328.12,12444.95,13530.86,16408.11,15597.15,20893.4,16935.06,1250,37500,,
Y199341010,D-142,2018,2610.15,1318.79,1376.36,2733.53,1288.63,1420.23,1932.94,4079.74,5502.71,12436.62,17659.66,9157.87,850,25500,,
Y199341011,D-144,2018,6373.68,1033.96,2583.09,2588.52,2722.28,2807.24,3134.42,4325.64,4750.44,7525.14,19945.32,10385.18,1400,42000,,
Y199341012,D-147,2018,2051.78,813.99,751.76,1720.47,1347.11,551.63,1266.39,2736.27,7603.36,8282.81,9140.52,5064.06,1550,46500,,
Y199341013,D-146,2018,5040.37,4995.16,5259.31,3557.77,4976.12,3272.2,3700.56,6161.25,5854.26,10373.46,13719.43,7988.98,950,28500,,
Y199341014,D-145,2018,1312.01,0.0,422.44,822.54,2272.65,16.25,14.22,6.09,2378.26,11749.15,16968.74,8606.05,1150,34500,,
Y199341015,D-148,2018,7188.05,11728.2,15989.62,21434.08,22359.04,22428.21,24933.65,24110.89,19542.87,8670.47,11542.38,8876.15,800,24000,,
Y199341016,D-156,2018,4326.49,2328.11,3371.74,4220.41,5344.32,4071.32,4346.56,12119.34,9209.21,9111.73,13518.5,8053.51,1150,34500,,
Y199341018,D-161,2018,9846.1,4374.1,5252.8,6674.63,7190.6,6432.16,6587.34,13207.66,15671.12,14608.15,15155.15,9790.38,850,25500,,
Y199341019,D-162,2018,2229.39,1722.26,2196.46,2127.31,2064.74,1541.15,1834.23,3019.72,8212.86,15602.45,8502.64,5838.04,1150,34500,,
Y199341020,D-174,2018,1827.82,1070.37,1584.44,1549.67,1899.84,1636.59,1487.59,6660.61,6635.78,8716.91,10562.12,5539.3,1500,45000,,
Y199341021,D-175,2018,795.8,561.38,1213.23,645.69,651.86,522.31,577.83,3884.41,4947.53,4168.18,4852.94,2813.37,1150,34500,,
Y199341022,D-172,2018,2880.21,2470.93,2453.14,1797.27,1474.42,1433.75,1682.88,4596.13,5254.54,7499.22,8294.9,5205.12,1150,34500,,
Y199341023,D-173,2018,3026.99,3305.67,7201.33,4627.94,2736.44,3181.15,2244.3,6863.35,9724.31,9991.14,12010.12,6683.75,1150,34500,,
Y199341024,D-183,2018,3884.84,1917.56,869.58,2230.49,1650.45,1320.94,1812.28,4488.28,4709.58,9108.17,7837.92,5494.18,1150,34500,,
Y199341025,D-185,2018,0.0,0.0,0.0,0.0,0.0,0.0,0.0,0.0,0.0,0.0,0.0,,1150,34500,,
Y199341026,D-100,2018,51072.21,51118.33,8056.15,8471.2,10275.55,8076.32,11033.6,19343.4,16380.35,5672.45,7782.32,6305.24,1150,34500,,
Y199341027,D-192,2018,7668.08,2935.33,2085.38,499.28,2359.41,4686.31,5043.93,5034.64,9567.68,8415.84,14263.28,7603.49,700,21000,,
Y199341028,D-193,2018,3391.95,2016.06,1796.3,3092.57,3255.0,2684.9,2605.27,5767.91,7440.0,4544.9,10392.43,5961.13,1100,33000,,
Y199341029,D-195,2018,2984.63,562.25,1689.22,2741.89,1359.8,941.21,1364.75,3586.51,2860.78,4064.54,9758.86,5277.66,1150,34500,,
Y199341030,D-196,2018,2885.5,149.03,3729.99,546.43,354.21,131.75,0.0,896.32,4611.19,6341.19,14032.27,7016.13,1150,34500,,
Y199341031,D-197,2018,3087.07,4198.11,4982.82,2540.62,3807.04,3475.54,4392.34,9776.59,9970.82,5068.29,9828.38,5469.23,800,24000,,
Y199341032,D-198,2018,1093.98,1133.05,592.96,1914.47,689.49,875.65,1436.43,3321.02,2626.94,8007.23,11399.5,7148.49,800,24000,,
Y199341033,D-199,2018,2138.02,745.82,1292.76,1011.0,886.7,1093.87,629.81,1417.06,1255.47,3476.36,6148.89,3468.18,950,28500,,
Y199341034,D-206,2018,11878.02,11878.02,8862.06,3759.28,4565.38,3869.77,5203.23,14871.39,8276.95,11694.71,15197.84,9454.02,1100,33000,,
Y199341035,D-207,2018,3270.12,140.19,1419.05,815.38,832.55,108.72,300.4,909.8,3187.15,5430.17,14038.91,7260.8,1100,33000,,
Y199341036,D-208,2018,1455.85,605.33,789.22,555.52,777.73,597.66,118.77,1394.55,2091.83,1233.64,4382.87,2319.19,1350,40500,,
Y199341037,D-209,2018,6733.48,3354.49,2932.46,4405.49,4056.97,3128.5,2627.5,6899.58,7378.79,13744.69,18879.9,11152.72,1350,40500,,
Y199341038,D-210,2018,1939.77,1864.58,2851.01,3058.52,3726.16,2887.09,3317.15,10760.44,9768.0,4604.31,8937.96,5207.85,600,18000,,
Y199341039,D-223,2018,7565.91,5635.83,7950.6,9948.56,8726.62,7511.34,11045.38,18408.97,13298.92,5605.22,7370.24,6706.68,850,25500,,
Y199341040,D-225,2018,0.0,0.0,0.0,0.0,0.0,0.0,0.0,0.0,0.0,0.0,0.0,,950,28500,,
Y199341041,D-234,2018,1389.11,5467.46,4701.23,3954.77,2573.07,1843.91,3910.27,9953.65,10415.86,2249.27,3223.13,2522.7,950,28500,,
Y199341042,D-235,2018,0.0,0.0,0.0,0.0,0.0,0.0,0.0,0.0,0.0,0.0,0.0,,950,28500,,
Y199341043,D-236,2018,3083.74,4990.87,5155.73,7699.65,8022.9,8355.84,12056.97,28985.22,26502.71,10702.58,9538.91,5843.84,950,28500,,
Y199341044,D-237,2018,9076.79,8953.73,11913.29,13867.32,12633.67,14871.35,13933.35,22675.47,15003.42,10038.8,10013.28,9962.62,500,15000,,
Y199341045,D-246,2018,2775.45,5604.53,4670.77,5715.79,4646.93,5860.82,7384.63,13018.96,3961.52,4054.89,4782.03,3801.72,950,28500,,
Y199341046,D-247,2018,26292.72,17846.41,13033.37,20801.74,15090.65,10932.07,8102.93,27076.3,13549.89,9006.85,18480.33,25350.98,850,25500,,
Y199341047,F-061,2018,2073.26,508.77,345.97,0.0,73.77,0.0,63.6,1175.27,10880.14,5253.09,15794.9,7897.45,850,25500,,
Y199341048,F-064,2018,204.56,644.64,1198.17,4643.11,1535.1,2133.32,2678.25,4038.01,1607.3,1229.11,904.21,452.16,800,24000,,
Y199341049,F-062,2018,3407.76,1106.37,3191.45,3141.8,2450.32,695.03,1489.34,4882.91,4226.89,12592.03,17379.2,8930.91,1000,30000,,
Y199341051,D-259,2018,0.0,0.0,0.0,0.0,0.0,0.0,0.0,0.0,0.0,0.0,0.0,,1000,30000,,
Y199341052,F-063,2018,2303.86,3775.28,3457.51,5067.1,3816.73,3678.57,3875.45,7267.34,5533.4,2690.71,2669.99,1857.06,1000,30000,,
Y199341053,D-256,2018,3288.12,4152.88,6974.68,8935.49,7599.37,7192.13,6787.4,17412.19,5615.94,5615.94,5121.97,4180.81,600,18000,,
Y199341054,F-051,2018,13684.19,14002.1,18200.47,22150.67,19357.23,15761.84,20294.53,26420.83,26074.21,12666.9,11727.55,10891.3,750,22500,,
Y199341055,F-065,2018,1408.41,1671.79,1530.39,1278.1,695.89,360.42,108.13,1366.82,8001.3,17255.75,9046.51,6386.87,1000,30000,,
Y199341057,W-003,2018,1702.21,1525.06,2172.06,3315.85,2819.05,2202.87,1979.5,9897.49,3885.82,2880.67,4798.55,2899.29,1100,33000,,
Y199341058,D-073,2018,3319.48,2684.48,3197.36,5006.69,6382.52,5305.87,4691.23,10798.99,7369.61,12681.59,13853.89,7737.22,850,25500,,
Y199341059,D-056,2018,3356.21,0.0,1670.8,3611.85,357.9,1.83,293.99,0.0,3840.1,13452.22,26570.28,13285.14,700,21000,,
Y199341060,D-059,2018,5186.9,5659.81,6614.22,8138.26,8972.29,9845.01,9513.98,17336.25,17850.0,9079.77,11674.29,10170.55,700,21000,,
Y199341061,U-048,2018,999.72,372.82,337.2,284.96,382.32,75.99,30.87,2590.73,2248.78,1415.29,2512.37,1256.18,2000,60000,,
Y199341062,90무릉2,2018,,,,,,,,,,,,,1050,31500,,
Y199341064,W-007,2018,0.0,0.0,0.0,0.0,0.0,0.0,0.0,0.0,0.0,0.0,0.0,,600,18000,,
Y199341065,W-026,2018,10199.7,12806.49,12377.73,15377.05,13309.73,12989.67,13428.5,30554.81,12432.08,10284.24,13052.07,13653.42,1700,51000,,
Y199341066,D-005,2018,18574.24,14864.03,16429.27,16089.72,14512.88,16546.87,14494.66,24639.77,15819.74,12016.77,14522.82,15821.97,600,18000,,
Y199341070,D-061,2018,0.0,0.0,0.0,0.0,0.0,0.0,0.0,0.0,0.0,0.0,0.0,,700,21000,,
Y199341071,D-070,2018,0.0,0.0,0.0,0.0,0.0,0.0,0.0,0.0,0.0,0.0,0.0,,700,21000,,
Y199341073,D-097,2018,0.0,0.0,3.13,104.75,3.13,1296.12,4.69,50.03,81.3,3.13,28.14,14.07,700,21000,,
Y199341075,F-007,2018,4315.72,4794.28,9643.66,14768.46,9561.03,10392.49,11218.8,21451.2,10893.44,6276.47,5293.51,3819.33,1350,40500,,
Y199341084,W-020,2018,3879.49,2759.65,4340.69,6303.04,4966.17,4013.63,6217.13,17083.92,3927.72,2726.49,2636.06,4093.1,1000,30000,,
Y199341087,D-069,2018,0.0,0.0,0.0,0.0,0.0,0.0,0.0,0.0,0.0,0.0,0.0,,650,19500,,
Y199341093,D-004,2018,2515.75,6108.08,4007.63,7069.65,3402.25,5913.2,10540.58,21756.82,4025.2,3769.63,3704.14,3501.28,950,28500,,
Y199341094,U-036,2018,1874.96,1129.46,1533.38,984.85,840.24,972.39,1760.27,3552.95,3657.67,1765.26,5719.63,3011.94,1500,45000,,
Y199341095,D-049,2018,6327.19,3633.52,5332.34,11162.11,7023.83,6356.52,10812.57,15810.03,7428.37,13695.67,10713.57,10813.58,850,25500,,
Y199341097,90사계,2018,0.0,0.0,0.0,0.0,0.0,0.0,0.0,0.0,0.0,0.0,0.0,,1000,30000,,
Y199341099,89동광1,2018,0.0,0.0,0.0,0.0,0.0,0.0,0.0,0.0,0.0,0.0,0.0,,800,24000,,
Y199341100,90감산,2018,7003.78,6709.97,5161.2,9601.87,8407.06,10445.51,12700.82,18074.68,7405.32,10225.86,8632.31,7961.27,800,24000,,
Y199341103,D-006,2018,0.0,0.0,0.0,0.0,0.0,,0.0,0.0,0.0,0.0,0.0,,600,18000,,
Y199341104,D-020,2018,2864.04,4554.34,3355.77,5660.71,4209.19,4100.44,4287.2,5640.62,5492.87,4049.61,3061.44,2712.44,850,25500,,
Y199341106,D-158,2018,0.0,0.0,0.0,0.0,0.0,0.0,0.0,0.0,0.0,0.0,0.0,,1505,45150,,
Y199510076,F-066,2018,4322,5129,4565,4077,3876,3629,3041,7471,4632,3014,3667,3407,800,18450,전년 자료 없음 — 외삽,사후관리DB(원본월별·5년이용량분석)
Y199510077,93이호,2018,4223,2722,3646,5672,6133,6359,5587,14790,7754,4204,3792,2209,800,18300,전년 자료 없거나 역행 — 1차→2차 일평균 외삽,사후관리DB(원본월별·5년이용량분석)
Y199510078,94도평,2018,16177,15285,14668,15991,15298,18814,23825,22990,18805,16274,16704,16053,800,21060,전년 자료 없음 — 외삽,사후관리DB(원본월별·5년이용량분석)
Y199510079,94아라,2018,4985,5362,4838,5245,5586,4886,4958,7686,8783,8265,2606,10119,800,14100,전년 자료 없음 — 외삽,사후관리DB(원본월별·5년이용량분석)
Y199510080,F-078,2018,1074,1521,2007,2336,3498,3741,2125,5757,5123,1709,2372,2881,800,9510,전년 자료 없음 — 외삽,사후관리DB(원본월별·5년이용량분석)
Y199520081,D-274,2018,5170.94,6275.13,3862.87,3927.82,1591.34,2984.21,2139.82,4501.57,1596.75,1457.82,3137.57,3571.31,600,18000,,
Y199520082,F-067,2018,2809.1,2819.37,4100.66,4227.77,3561.44,3605.09,4172.56,7043.28,5262.56,3397.11,2685.85,2252.21,700,21000,,
Y199520083,F-079,2018,2986.32,3425.31,5540.87,7377.4,6685.85,5917.32,6689.45,10511.66,6824.16,3970.13,3916.01,3114.93,700,21000,,
Y199520085,D-275,2018,5000.66,8329.07,12005.68,10822.08,10121.29,10254.42,10125.68,19279.9,12131.5,5694.14,7635.59,6466.95,800,24000,,
Y199530138,D-264,2018,396,148,282,456,180,405,387,1804,595,907,1617,346,1200,17600,,사후관리DB(원본월별·5년이용량분석)
Y199530139,D-277,2018,883,1693,1044,1225,1874,2393,1727,5418,3122,2191,2629,1691,800,6810,전년 자료 없음 — 외삽,사후관리DB(원본월별·5년이용량분석)
Y199530141,D-278,2018,9988,9861,8804,10266,11850,10162,8651,27113,14916,10478,13818,7953,800,24000,전년 자료 없음 — 외삽,사후관리DB(원본월별·5년이용량분석)
Y199530142,D-266,2018,1243,3081,2079,3515,3002,2415,2198,10875,3960,2303,2494,2186,800,24000,전년 자료 없음 — 외삽,사후관리DB(원본월별·5년이용량분석)
Y199530144,D-276,2018,4791,5570,6935,7871,7809,8910,8069,21081,11792,7650,8434,5952,800,10350,,사후관리DB(원본월별·5년이용량분석)
Y199530145,F-068,2018,6801,6321,6760,6893,5982,6211,5580,9684,8946,10226,10362,5100,800,14340,,사후관리DB(원본월별·5년이용량분석)
Y199530146,F-069,2018,17446,22396,20643,15033,6631,5571,6705,20412,5963,486,13521,6413,600,9510,,사후관리DB(원본월별·5년이용량분석)
Y199530150,F-072,2018,1121,2706,2207,3778,1762,2660,3905,5633,241,1127,1106,29,800,5400,,사후관리DB(원본월별·5년이용량분석)
Y199530151,D-267,2018,13940,8340,7519,7293,6700,7622,8008,17942,15713,13429,22841,7809,800,15840,전년 자료 없음 — 외삽; 2→3차 역행,사후관리DB(원본월별·5년이용량분석)
Y199530152,D-279,2018,6018,4190,5147,5344,5579,4252,4608,13286,8204,8197,13434,4121,800,11610,,사후관리DB(원본월별·5년이용량분석)
Y199540245,F-074,2018,8118.47,9614.72,13500.68,17136.99,14955.86,11616.82,9821.66,26344.39,13630.43,7344.89,11368.82,9051.05,600,18000,,
Y199540246,D-283,2018,8507.82,14378.38,19142.19,26315.57,20528.8,23874.37,21333.57,30366.31,23494.91,12541.16,14700.92,12751.42,1000,30000,,
Y199540248,F-075,2018,0.0,0.0,71.56,92.33,143.11,221.6,281.61,260.84,235.45,145.42,85.41,42.7,600,18000,,
Y199540249,D-268,2018,4120.3,2010.77,2469.02,2579.63,1564.37,1493.26,1343.15,2184.59,3812.17,9469.18,16323.18,8884.27,600,18000,,
Y199540250,D-269,2018,3624.43,2378.15,2248.71,3967.61,2772.51,2071.1,2143.35,3684.63,3877.3,1761.04,5879.16,3050.94,700,21000,,
Y199540251,D-284,2018,12118.24,7303.12,11192.39,9526.58,14334.56,536.21,0.0,13376.54,14863.61,16851.15,22720.81,15925.18,1000,30000,,
Y199540252,D-245,2018,4724.25,6376.85,9109.16,13419.15,11604.96,10416.55,10814.65,25953.98,12818.34,7684.25,7622.55,6509.63,500,15000,,
Y199540253,F-073,2018,4619.28,5359.16,6550.09,10633.89,9434.08,9742.92,9118.57,18914.82,12673.57,10071.76,9669.6,7714.07,600,18000,,
Y199540254,D-271,2018,6058.9,12286.11,6921.09,8942.2,6324.65,6605.15,8691.22,18725.91,6980.14,6633.2,6305.45,6584.07,800,24000,,
Y199540255,F-076,2018,818.18,4973.83,1592.29,2581.27,1425.62,2275.48,2807.16,5977.96,1588.15,1796.14,994.49,856.16,1000,30000,,
Y199540256,F-077,2018,2884.45,5855.72,4972.37,6845.42,4405.9,5180.73,6309.34,9009.31,4008.72,3433.56,3196.99,3082.78,500,15000,,
Y199540257,D-270,2018,0.0,0.0,0.0,1221.62,2316.81,668.49,2534.9,13738.08,12835.7,64.79,0.0,,800,24000,,
Y200230019,D-297,2018,5473,6483,6942,9225,9823,11850,11357,21037,13613,10666,11176,10672,800,24000,1→2차 역행,사후관리DB(원본월별·5년이용량분석)
Y200240031,F-083,2018,6762.64,8057.69,10087.8,19277.0,25806.73,12710.92,7682.72,22907.74,11434.05,7334.18,6224.14,6757.19,600,18000,,
