permit_no,well_id,year,Jan,Feb,Mar,Apr,May,Jun,Jul,Aug,Sep,Oct,Nov,Dec,capacity_m3d,permit_m3m,remark,source
D199510018,F-084,2020,12377.1,6840.0,5557.1,11934.1,16830.2,18045.8,21454.7,20439.9,22000.2,12845.9,14257.7,5366.8,600,9030,,사후관리DB(원본월별·5년이용량분석)
D199510019,F-085,2020,4416.3,4437.7,4355.1,5042.0,6027.5,6335.4,5301.5,5792.2,5097.4,4148.2,4621.3,4896.9,750,15120,,사후관리DB(원본월별·5년이용량분석)
D199510020,F-087,2020,1150.6,1291.5,1364.4,1865.0,2132.3,2834.6,1914.1,1967.0,2154.4,2058.1,1893.8,1595.3,750,6390,1→2차 역행,사후관리DB(원본월별·5년이용량분석)
D199510021,F-086,2020,16646.1,15171.7,16723.6,21111.4,21517.5,25094.7,17397.9,18091.7,18542.2,24295.8,23600.1,17081.8,700,16920,,사후관리DB(원본월별·5년이용량분석)
D199510022,D-288,2020,600.3,526.5,38.1,1414.3,2518.3,2518.3,20640.6,23290.0,22607.4,11244.2,13060.6,10271.2,800,18210,전년 자료 없음 — 외삽; 2→3차 역행,사후관리DB(원본월별·5년이용량분석)
D199510023,D-287,2020,8284.9,8653.2,9665.3,7481.3,11789.2,12545.9,16558.5,12560.9,20492.2,6753.9,12511.7,14808.9,800,23670,전년 자료 없음 — 외삽,사후관리DB(원본월별·5년이용량분석)
D199520015,F-088,2020,4358.32,12203.67,11958.11,11174.12,11032.24,10037.24,8005.42,12483.8,6164.59,8727.56,9633.42,7788.96,500,15000,,
D199520016,D-291,2020,6253.99,4095.58,5659.92,9002.28,10967.59,9858.59,8098.72,6733.78,8582.16,6930.36,9789.1,5822.84,500,15000,,
D199520017,D-293,2020,4008.17,5858.53,4388.05,5676.85,6218.99,7250.1,5755.34,5562.42,6373.74,6656.53,6019.28,4846.74,700,21000,,
D199520018,D-292,2020,5595.55,6466.12,7158.02,12062.42,8939.91,9930.99,6495.61,7631.4,8175.45,8901.8,7967.98,5534.88,600,18000,,
D199520019,D-289,2020,3896.71,3549.06,6025.49,7118.92,5490.82,5785.23,7609.44,14100.17,10235.26,5989.96,4583.82,4420.9,500,15000,,
D199520020,D-290,2020,1112.73,1718.98,2430.1,2777.99,2276.62,2509.4,2008.97,2100.82,1815.84,3181.35,2315.83,1482.48,500,15000,,
D199530039,96조천1,2020,3346.2,3494.6,2905.8,1717.4,1743.0,2383.2,4947.6,4252.9,5508.8,3553.9,2101.0,1741.7,800,22800,,사후관리DB(원본월별·5년이용량분석)
D199530042,D-294,2020,232.6,440.1,2180.5,3011.2,4530.8,8542.2,2795.9,569.7,1339.4,340.5,88.1,59.6,800,24000,,사후관리DB(원본월별·5년이용량분석)
D199530043,F-080,2020,42.7,46.8,129.7,139.3,1822.4,2627.5,558.6,344.8,1000.2,196.4,72.8,43.9,700,19950,,사후관리DB(원본월별·5년이용량분석)
D199530045,F-089,2020,2759.6,2661.1,2528.9,3215.4,3002.9,2835.1,594.7,3249.1,3408.7,1277.6,4934.2,5407.7,650,22800,전년 자료 없음 — 외삽,사후관리DB(원본월별·5년이용량분석)
D199530046,F-090,2020,4543.2,2376.5,2096.9,3190.0,3429.1,2251.6,395.1,2476.5,1324.9,598.5,4183.1,2660.1,800,22800,,사후관리DB(원본월별·5년이용량분석)
D199530047,F-091,2020,420.9,446.5,922.7,2296.4,2555.8,2682.8,1663.9,2375.6,3568.2,694.1,868.4,6063.1,700,13680,,사후관리DB(원본월별·5년이용량분석)
D199530048,F-092,2020,7522.5,5398.9,9611.6,7849.4,7028.5,9772.7,5358.2,5954.7,15561.2,4627.5,9424.6,13022.0,1000,20460,,사후관리DB(원본월별·5년이용량분석)
D199530049,F-093,2020,5904.6,5755.2,5684.6,6074.5,6089.2,6612.4,7873.0,9457.3,11800.2,13225.2,15359.3,10848.7,1000,19410,전년 자료 없음 — 외삽,사후관리DB(원본월별·5년이용량분석)
D199530050,F-094,2020,6425.1,6460.2,7661.0,2388.0,208.5,158.3,113.6,1854.2,3859.5,5282.5,15577.5,11331.7,700,16260,,사후관리DB(원본월별·5년이용량분석)
D199530051,F-095,2020,1250.7,1686.7,2142.7,2851.6,3821.1,5315.4,2210.2,3226.1,4195.0,2686.6,3406.4,2204.4,800,19800,,사후관리DB(원본월별·5년이용량분석)
D199530052,F-096,2020,15743.7,15732.7,14746.8,14302.0,7182.6,7284.0,5390.5,6217.8,8500.9,7460.7,8280.0,4881.4,600,9930,4차이후 외삽 (2020-10-10 ~ 12/31),사후관리DB(원본월별·5년이용량분석)
D199530053,D-300,2020,541.9,429.9,472.6,1410.2,44.8,47.6,0.2,0.2,0.2,0,0,0,800,22800,,사후관리DB(원본월별·5년이용량분석)
D199530054,D-301,2020,2295.5,2713.6,3728.0,8059.6,5845.4,8583.0,4038.1,6643.8,8799.0,10937.6,7609.2,4758.1,600,17040,"전년→1차 역행(-209), Period₁로 외삽; 전년 자료 없거나 역행 — 1차→2차 일평균 외삽; 4차→다음해1차 역행(-1), Period₃로 외삽; 다음해 자료 없음 — 3→4차 일평균 외삽",사후관리DB(원본월별·5년이용량분석)
D199530055,D-303,2020,27969.6,27892.4,26224.8,20786.4,20230.8,20576.1,21002.0,21654.7,21686.3,16733.2,17401.2,16936.8,600,17100,,사후관리DB(원본월별·5년이용량분석)
D199530056,D-304,2020,0,0,0,0,0,0,0,0,0,0,0,0,900,27000,,사후관리DB(원본월별·5년이용량분석)
D199530057,D-305,2020,4502.5,3805.4,6515.5,5846.4,5967.4,6690.1,10398.8,10860.3,15158.0,9534.4,11498.0,6724.9,600,12210,,사후관리DB(원본월별·5년이용량분석)
D199530058,D-302,2020,2492.4,1325.0,1623.3,4634.4,4800.5,5920.0,5684.9,5288.0,8384.1,4152.8,4635.8,3175.0,700,14880,전년 자료 없음 — 외삽,사후관리DB(원본월별·5년이용량분석)
D199530059,D-298,2020,1912.6,2363.8,2676.1,5142.7,6617.4,7879.7,3658.5,4863.8,5188.4,4384.0,5633.9,3145.4,700,10380,,사후관리DB(원본월별·5년이용량분석)
D199530060,D-299,2020,3212.2,3129.3,3221.6,5679.6,5281.2,6495.7,3365.0,5152.7,7962.5,9046.5,6752.4,5167.1,900,16680,전년 자료 없음 — 외삽,사후관리DB(원본월별·5년이용량분석)
D199530061,96조천2,2020,7764.2,7548.5,8167.4,6161.1,5932.2,7301.5,14824.7,12587.5,17192.9,7581.5,8990.3,7517.1,800,17280,,사후관리DB(원본월별·5년이용량분석)
D199540104,D-306,2020,1653.94,1862.86,2011.7,23899.75,12652.73,13270.34,1827.99,2256.56,2404.58,2261.2,2412.19,2252.17,800,24000,,
D199540105,D-307,2020,3001.8,4373.79,4941.82,5798.41,5839.05,6730.12,6885.56,10900.95,5374.65,6743.35,4487.63,5273.26,800,24000,,
D199540106,D-308,2020,1724.31,1653.99,3806.07,7297.51,6447.35,5405.42,4041.92,6536.86,3255.32,5003.34,5036.49,2941.92,700,21000,,
D199540107,D-309,2020,3309.85,2643.73,3935.57,5406.82,5970.81,4747.22,5510.5,5012.65,5488.11,2877.28,4277.83,3302.77,900,27000,,
D199540109,F-102,2020,26267.58,26283.77,23938.99,21039.01,20130.37,20884.44,20456.26,20591.95,19419.27,17710.56,19984.44,20232.42,800,24000,,
D199540110,F-103,2020,3547.54,4701.53,7771.91,5075.51,4272.78,4999.66,3960.65,6284.21,1008.68,888.25,307.15,20.75,700,21000,,
D199540111,D-316,2020,6506.78,5686.1,8818.83,6678.36,5569.7,6069.71,7657.26,10009.03,6196.46,8335.62,7028.1,6799.9,700,21000,,
D199540112,F-104,2020,2389.53,2288.39,3009.04,5321.65,6639.02,5076.44,4619.54,4276.5,6159.38,3439.37,4830.02,3922.62,800,24000,,
D199540113,D-313,2020,3948.33,4265.57,4382.74,4169.43,4054.09,4046.97,4339.22,4339.22,4784.43,3174.79,3236.6,3621.09,700,21000,,
D199540114,F-098,2020,2784.65,2315.8,2312.25,3632.8,4526.66,3969.79,2555.55,2418.81,3619.33,3526.12,11818.36,8143.51,800,24000,,
D199540115,F-097,2020,0.0,0.0,0.0,86.14,1891.86,0.0,4.0,2.0,1086.0,3230.35,12382.21,6609.85,800,24000,,
D199540116,D-315,2020,1483.02,3361.05,3631.32,4293.39,7839.8,4903.3,3645.84,2866.87,5392.29,9318.81,8247.46,10521.72,700,21000,,
D199540117,F-100,2020,13071.97,15878.46,19289.03,16924.6,17684.7,16903.7,28520.25,32328.6,32092.27,32148.88,33234.93,32141.46,1000,30000,,
D199540118,F-101,2020,3641.82,4193.48,4932.01,10669.02,7036.77,6308.57,3557.3,4912.67,5348.59,6096.88,7508.08,8120.27,800,24000,,
D199540119,F-099,2020,0.0,0.0,0.0,0.0,0.44,6.67,0.77,0.0,0.0,0.45,0.63,0.49,800,24000,,
D199540120,D-312,2020,176.9,192.7,148.47,3514.32,2733.36,1373.08,22.24,841.83,2191.93,17714.14,9897.67,8733.99,700,21000,,
D199540121,D-314,2020,2340.84,3390.29,3886.51,8592.18,10740.98,6865.37,6374.07,5479.38,7498.73,3233.9,6296.4,6995.67,700,21000,,
D199540122,D-310,2020,18724.14,23355.26,24915.6,34379.28,32199.4,30939.95,26938.17,29879.44,30894.89,27271.5,28490.93,23956.95,950,28500,,
D199610004,F-105,2020,17388.3,18952.6,18814.5,16545.9,16461.2,16948.3,18405.4,19549.5,20280.9,14001.5,15933,13761,800,18000,,사후관리DB(원본월별·5년이용량분석)
D199610005,F-108,2020,1947.8,1981.4,1824.4,6960.3,7925.7,7375.3,10687.2,12945.4,12005.3,7886.8,8821.8,5967.0,700,21000,,사후관리DB(원본월별·5년이용량분석)
D199610009,F-109,2020,3570.4,3597.3,4229.9,4989.9,5768.4,7222.7,5287.6,4892.4,3530.2,4292.2,4009.8,2417.7,500,15000,,사후관리DB(원본월별·5년이용량분석)
D199610010,F-107,2020,21954.6,22083.2,6647.2,3965.2,6409.4,7065.8,14434.3,10769.2,18547.8,5834.8,2996.4,1946.5,600,18000,,사후관리DB(원본월별·5년이용량분석)
D199610011,F-111,2020,16860.9,19247.4,16269.2,18635.9,18608.1,20752.4,18568.4,20474.5,22722.1,20712.7,22642.6,21070.1,600,15000,4차이후 외삽 (2020-11-06 ~ 12/31),사후관리DB(원본월별·5년이용량분석)
D199610020,F-110,2020,6935.9,19222.3,15771.6,4648.1,7347.1,10084.6,10914.0,7973.4,11491.5,5998.3,7050.1,7724.6,700,21000,,사후관리DB(원본월별·5년이용량분석)
D199610021,F-106,2020,3289.7,3495.1,4517.9,5832.5,7010.6,8667.1,6825.0,5684.2,6702.4,4584.8,5128.9,3962.6,700,21000,,사후관리DB(원본월별·5년이용량분석)
D199610022,F-112,2020,16370.0,16942.1,16518.1,18608.0,18626.2,23984.8,16012.9,17865.3,14687.9,15879.0,17352.0,15755.2,600,18000,,사후관리DB(원본월별·5년이용량분석)
D199620028,F-115,2020,4543.39,4611.57,4747.2,6547.41,6018.09,6983.33,5280.88,6449.07,6549.45,6944.96,6943.49,5566.38,800,24000,,
D199620033,F-113,2020,6460.17,6315.97,6228.98,7024.8,5267.72,6405.62,9249.02,10842.03,11098.82,11754.51,11443.58,11047.84,500,15000,,
D199620034,F-114,2020,7504.59,7762.88,10263.38,12614.21,11675.27,12859.91,11074.98,12949.12,11122.24,10105.87,7996.34,8129.76,600,18000,,
D199620035,D-319,2020,1943.56,2077.94,4155.88,4592.76,3954.63,4624.86,2643.64,4458.78,5173.59,4642.49,3273.53,3189.63,600,18000,,
D199620043,F-116,2020,7222.62,7165.25,7381.67,10545.84,11918.43,11592.27,13533.89,11431.94,13658.66,10696.05,11131.48,9465.11,700,21000,,
D199620044,F-118,2020,2402.38,2529.94,3152.86,10062.15,11086.63,10033.7,8728.38,6737.25,8379.55,4974.24,8015.59,4245.32,900,27000,,
D199620045,D-263-1,2020,2867.88,3851.84,4761.4,5935.43,6453.73,6691.58,4106.82,4931.45,4547.37,3608.42,2946.39,2541.53,700,21000,,
D199630016,F-136,2020,5594.6,5763.8,5425.4,4598.4,4852.1,5250.3,212.2,12189.9,2462.5,2317.7,2108.8,3119.6,800,24000,전년 자료 없음 — 외삽,사후관리DB(원본월별·5년이용량분석)
D199630017,F-131,2020,6315.5,4432.3,6230.6,10768.2,13184.3,13882.4,7390.4,9167.6,14752.9,20413.0,28072.2,13684.8,800,24000,전년 자료 없음 — 외삽,사후관리DB(원본월별·5년이용량분석)
D199630018,F-132,2020,17989.9,16921.8,16624.1,11312.8,4294.8,5244.7,11361.4,12364.1,13984.6,15952.6,16344.0,13455.8,800,24000,,사후관리DB(원본월별·5년이용량분석)
D199630019,F-137,2020,1203.1,2423.4,3907.4,2622.6,6645.1,3914.7,3918.4,5363.9,6228.7,6673.8,5422.8,2277.5,700,21000,전년 자료 없음 — 외삽,사후관리DB(원본월별·5년이용량분석)
D199630020,F-133,2020,8197.5,7936.6,9035.9,9019.8,9523.3,9936.2,7103.3,8125.4,10168.6,9528.2,11395.3,8004,900,21000,,사후관리DB(원본월별·5년이용량분석)
D199630021,F-153,2020,18781.5,21891.9,20550.5,13291.7,13036.3,13688.3,14369.3,14185.9,13771.1,8509.2,8487.5,7708.8,800,24000,,사후관리DB(원본월별·5년이용량분석)
D199630022,F-159,2020,6768.4,7600.1,6996.3,7936.2,7338.7,8007.1,7554.9,10389.1,10420.3,5092.6,11703.6,15570.5,700,21000,,사후관리DB(원본월별·5년이용량분석)
D199630023,F-160,2020,3443.8,2286.8,2587.9,10903.4,11007.9,6001.0,12441.9,16406.9,17483.2,11696.2,18589.5,17984.2,800,24000,전년 자료 없음 — 외삽,사후관리DB(원본월별·5년이용량분석)
D199630024,F-161,2020,4293.1,7147.5,8752.6,8781.7,5962.2,4794.9,4709.9,4760.6,5983.2,3513.3,5435.5,6677.8,700,21000,,사후관리DB(원본월별·5년이용량분석)
D199630025,F-162,2020,12332.8,13414.7,15158.2,15855.2,13996.0,13684.1,13522.3,14173.0,16530.2,12265.4,14138.1,14254.1,800,24000,전년 자료 없음 — 외삽,사후관리DB(원본월별·5년이용량분석)
D199630026,F-167,2020,107.4,124.8,136.1,345.8,827.0,1138.2,415.6,219.3,0,0,0,0,700,21000,,사후관리DB(원본월별·5년이용량분석)
D199630027,F-168,2020,7128.7,7680.5,7894.9,10298.4,10837.9,11109.8,11694.7,7614.4,11421.1,6222.4,6601.7,5420.1,700,21000,,사후관리DB(원본월별·5년이용량분석)
D199630028,F-126,2020,1909.1,1707.4,2175.0,4101.5,5130.2,5036.7,2847.0,3314.6,6045.4,8164.3,8722.7,5353.4,700,21000,4차이후 외삽 (2020-10-10 ~ 12/31),사후관리DB(원본월별·5년이용량분석)
D199630058,F-128,2020,6579.7,4999.4,4916.9,8537.3,8998.5,9376.9,7804.5,12441,5824.5,810.8,2795.1,4448.0,900,18000,전년 자료 없음 — 외삽,사후관리DB(원본월별·5년이용량분석)
D199630059,F-134,2020,17688.0,18955.3,28380.2,10113.8,9426.8,5685.0,9376.1,9727.9,13483.0,10060.4,13032.3,9605.7,800,24000,전년 자료 없음 — 외삽,사후관리DB(원본월별·5년이용량분석)
D199630060,F-149,2020,1935.7,2454.9,2880.1,4989.6,5131.0,6449.1,5643.2,6666.1,8483.0,6898.2,8858.3,5757.1,800,18000,전년 자료 없음 — 외삽,사후관리DB(원본월별·5년이용량분석)
D199630061,F-144,2020,867.7,606.3,698.7,2579.3,3355.8,2844.8,1932,2742,4674,3316.6,6576.3,5886.7,600,12000,,사후관리DB(원본월별·5년이용량분석)
D199630062,F-155,2020,6536.3,7667.3,11267.7,10260.4,11012.7,12971.5,15325.5,19114.5,20896.2,12530.9,12646.9,9255.1,600,18000,,사후관리DB(원본월별·5년이용량분석)
D199630063,F-146,2020,7633.2,7672.1,8074.7,11913.5,11780.6,12603.1,17964.7,21124.2,22375.8,16050.9,16466.4,12555.8,800,18000,전년 자료 없음 — 외삽,사후관리DB(원본월별·5년이용량분석)
D199630064,F-148,2020,3868.1,3481.2,5425.7,9314.5,9973.6,16071.5,8125.4,11749.8,12882.1,7863.0,9573.6,5304.3,700,13500,,사후관리DB(원본월별·5년이용량분석)
D199630065,F-152,2020,233.1,181.3,169.7,179.9,198.2,216.5,1.5,2.2,1.3,312.2,1742.9,1447.3,600,18000,,사후관리DB(원본월별·5년이용량분석)
D199630066,F-165,2020,927.8,1162.6,1363.3,5385.0,6608.1,8433.6,16379.1,16189.3,18523.2,8535.6,10186.4,6423.7,800,24000,2→3차 역행,사후관리DB(원본월별·5년이용량분석)
D199630067,F-169,2020,68.6,67.9,242.7,535.3,88.5,77.7,74.2,76.0,77.7,73.3,76.9,71.5,700,21000,,사후관리DB(원본월별·5년이용량분석)
D199630068,F-127,2020,5444.5,4757.5,5875.1,5293.8,5222.4,5206.2,4984.3,5093.2,8081.9,7733.5,8270.7,5241.6,900,18000,,사후관리DB(원본월별·5년이용량분석)
D199630083,F-129,2020,45.7,94.9,45.7,45.7,45.7,49.2,56.2,59.7,38.7,17.6,38.7,38.7,800,24000,"전년→1차 역행(-64452), Period₁로 외삽; 전년 자료 없거나 역행 — 1차→2차 일평균 외삽",사후관리DB(원본월별·5년이용량분석)
D199630084,F-150,2020,5079.6,4794.2,4841.4,6842.3,7468.5,8307.6,3914.4,8998.4,13741.0,18706.2,17600.3,16905.1,800,24000,,사후관리DB(원본월별·5년이용량분석)
D199630085,F-142,2020,7722.5,6488.8,6282.1,4002.7,4450.8,4752.0,4639.6,6729.7,8759.2,6629.8,7274.6,5311.4,800,24000,전년 자료 없음 — 외삽,사후관리DB(원본월별·5년이용량분석)
D199630086,F-151,2020,3520.4,3382.0,3985.6,6919.9,7655.6,1834.7,9412.9,5155.1,14513.2,1974.8,19808.7,3914.0,600,18000,전년 자료 없음 — 외삽,사후관리DB(원본월별·5년이용량분석)
D199630087,F-147,2020,11201.5,11828.8,12993.7,8112.8,9097.8,11739.3,15879.2,17582.4,19919.6,16436.8,14064.7,11748.1,600,12000,전년 자료 없음 — 외삽,사후관리DB(원본월별·5년이용량분석)
D199630088,F-141,2020,4254.1,4153.5,3981.8,7826.5,7852.5,8882.8,10518.5,15461.2,14702.0,11677.3,13707.1,10720.9,700,13500,,사후관리DB(원본월별·5년이용량분석)
D199630089,F-157,2020,28312.9,27998.3,25699.8,16868.6,16800.2,17377.1,22929.9,23708.0,23445.1,18270.9,18839.8,13684.6,800,24000,,사후관리DB(원본월별·5년이용량분석)
D199630090,F-122,2020,960.3,625.3,1602.6,2229.4,2188.7,2499.2,4679.0,5845.3,9790.8,4534.5,5524.6,4317.4,800,24000,전년 자료 없음 — 외삽,사후관리DB(원본월별·5년이용량분석)
D199630091,F-120,2020,5070.2,5145.0,5631.0,6649.7,6014.2,5187.0,6152.7,14455.0,8272.1,13117.8,7847.5,6074.6,1100,33000,1→2차 역행,사후관리DB(원본월별·5년이용량분석)
D199630092,F-119,2020,2885.9,1173.0,836.1,1514.6,1863.4,836.1,324.9,1925.5,1526.6,6708.3,10153.2,5595.0,700,21000,4차이후 외삽 (2020-10-11 ~ 12/31),사후관리DB(원본월별·5년이용량분석)
D199630093,F-123,2020,7867.4,8337.4,11882.5,8036.7,7724.7,8665.8,16348.5,13810.0,18556.0,9537.2,12823.1,8501.3,1000,21000,,사후관리DB(원본월별·5년이용량분석)
D199630094,F-124,2020,3457.3,2425.3,2856.5,7898.3,8042.7,7762.7,11160.6,13840.3,17752.8,17667.0,21030.7,9016.8,800,24000,전년 자료 없음 — 외삽,사후관리DB(원본월별·5년이용량분석)
D199630095,F-121,2020,860.9,690.1,1517.7,2816.1,3314.5,1606.0,927.9,1867.1,2776.7,6377.8,9013.0,4515.4,1100,33000,,사후관리DB(원본월별·5년이용량분석)
D199630132,F-130,2020,1723.3,1585.3,1580.7,3942.4,3841.5,3900.3,2177.2,2572.1,3919.0,4618.5,6204.6,3468.1,700,21000,전년 자료 없음 — 외삽,사후관리DB(원본월별·5년이용량분석)
D199630133,F-139,2020,22234.7,22685.9,21869.7,14399.4,10992.5,13808.0,23838.7,25985.6,26648.1,19254.7,21170.4,18914.7,700,13500,전년 자료 없음 — 외삽,사후관리DB(원본월별·5년이용량분석)
D199630134,F-140,2020,9418.8,8913.3,9045.2,8349.6,8773.0,11007.0,13853.7,15426.2,17876.2,11679.4,14306.4,10356.9,600,12000,전년 자료 없음 — 외삽,사후관리DB(원본월별·5년이용량분석)
D199630135,F-138,2020,20319.7,19975.6,19351.0,12270.0,11781.4,12398.1,24177.8,18046.9,24316.2,17176.4,17964.8,17422.3,700,13500,전년 자료 없음 — 외삽,사후관리DB(원본월별·5년이용량분석)
D199630136,F-156,2020,10441.2,7800.2,9963.5,10558.4,10084.4,14440.3,9862.4,11838.4,16184.1,14104.2,18950.8,16178.8,1000,30000,,사후관리DB(원본월별·5년이용량분석)
D199630137,F-166,2020,3598.7,3654.3,3654.3,4846.1,5460.5,6208.6,3866.1,4880.9,4946.5,5991,6639,5142,800,24000,전년 자료 없음 — 외삽,사후관리DB(원본월별·5년이용량분석)
D199630138,F-164,2020,3.0,669.6,1370.8,2701.7,2447.0,3890.3,2306.6,2318.0,2877.6,1987.7,2407.8,1192.9,1000,30000,전년 자료 없음 — 외삽,사후관리DB(원본월별·5년이용량분석)
D199630139,F-125,2020,4941.0,3811.2,3649.3,2839.9,2932.2,2383.4,1611.6,1649.3,3288.1,5422.2,8785.5,6052.3,700,21000,전년 자료 없음 — 외삽,사후관리DB(원본월별·5년이용량분석)
D199630148,F-158,2020,917.0,718.1,767.2,1267.4,1036.9,1111.4,679.6,2798.9,3823.5,4512.4,12634.8,12337.1,850,21000,,사후관리DB(원본월별·5년이용량분석)
D199630149,F-135,2020,7666.4,7920.7,7328.3,3528.2,3453.9,3543.5,7035.0,7417.2,7628.3,4528.3,5263.5,4989.3,600,18000,,사후관리DB(원본월별·5년이용량분석)
D199630150,F-143,2020,12175.8,11006.0,10511.6,10269.7,8887.3,7391.2,8457.8,4665.1,5881.1,7920.3,7916.9,4404.7,800,18000,전년 자료 없음 — 외삽,사후관리DB(원본월별·5년이용량분석)
D199630151,F-163,2020,0,0,0,0,0,0,0,0,0,0,0,0,700,10500,,사후관리DB(원본월별·5년이용량분석)
D199640096,F-196,2020,3040.17,1620.49,1103.61,1508.52,5310.52,2595.53,1967.81,1532.07,2689.4,6037.23,11827.02,6417.6,600,18000,,
D199640098,F-182,2020,11952.25,17733.29,12190.38,19751.29,15370.03,16641.36,15714.77,16404.09,12174.18,11300.83,16472.73,19753.52,600,18000,,
D199640099,F-185,2020,6010.98,11280.65,8364.92,14989.01,11359.74,7514.3,6313.38,5411.04,6187.97,11809.6,12855.35,5061.94,800,24000,,
D199640100,F-172,2020,45.97,26.27,448.78,814.21,925.73,5183.17,531.07,3654.68,12814.69,6474.01,1805.92,2445.94,800,24000,,
D199640149,F-186,2020,6661.98,11001.9,12431.65,14795.75,1364.19,2713.27,802.12,6.89,462.45,6.82,3.41,55.73,700,21000,,
D199640150,F-184,2020,16476.98,22874.71,23964.36,30801.44,29974.64,28467.88,21695.81,25742.2,24576.12,25092.4,25902.57,20758.39,800,24000,,
D199640151,F-199,2020,1180.87,1247.97,2396.04,3277.56,3556.54,3135.79,1495.35,3793.57,2591.54,3727.78,2444.05,2014.54,600,18000,,
D199640152,F-183,2020,11805.13,18144.26,20868.29,25587.3,23328.33,29395.54,30838.55,28947.78,24955.81,12364.62,17633.71,15463.97,600,18000,,
D199640183,D-327,2020,2374.49,2826.1,2542.71,4920.83,6150.71,7720.23,4472.35,4812.8,5948.94,3563.18,6075.38,4636.31,700,21000,,
D199640225,F-202,2020,10994.37,13632.85,20176.78,19489.85,20646.47,20092.03,18628.68,22671.41,14478.74,23578.19,18090.43,12261.91,700,21000,,
D199640226,F-203,2020,262.37,261.74,400.52,456.11,454.26,406.96,326.82,644.7,649.9,163.0,112.65,198.7,600,18000,,
D199640227,F-190,2020,6257.12,2864.45,4614.19,6208.88,8857.09,5833.27,2329.55,2171.57,3375.84,9019.72,14494.2,9836.06,900,27000,,
D199640228,F-189,2020,5813.81,6851.99,7224.67,6429.21,7548.04,5220.32,2348.38,2505.48,7960.64,16035.03,31260.02,16524.44,800,24000,,
D199710012,F-217,2020,5471.5,5318.2,8305.8,9481.7,9765.8,11325.2,9828.5,10392.5,9511.2,6648.1,7390.4,7756.9,600,18000,전년 자료 없음 — 외삽,사후관리DB(원본월별·5년이용량분석)
D199710013,F-218,2020,9697.2,8037.7,8077.2,2312.5,2438.7,2567.9,9470.3,10216.3,10743.0,6918.1,7084.5,7093.2,600,18000,,사후관리DB(원본월별·5년이용량분석)
D199710016,F-216,2020,19935.0,19894.7,20951.0,21540.2,23767.4,25190.1,255.1,292.6,297.7,253.7,251.1,232.0,700,21000,,사후관리DB(원본월별·5년이용량분석)
D199710017,F-214,2020,7336.1,7503.5,6597.1,5146.6,4261.3,5585.6,5584.4,6451.0,9238.6,5700.5,6513.3,6118.7,600,18000,,사후관리DB(원본월별·5년이용량분석)
D199710018,F-215,2020,1756.1,2375.0,2529.7,2945.5,3875.7,4390.2,2833.6,2504.7,3584.5,2998.7,3553.9,2580.7,800,19200,,사후관리DB(원본월별·5년이용량분석)
D199710019,F-204,2020,7475.2,7285.7,6982.5,7385.2,7669.6,10162.5,10197.8,11016.9,12920.3,5299.1,5656.5,5380.4,600,18000,,사후관리DB(원본월별·5년이용량분석)
D199710025,F-220,2020,5085.8,5641.7,5746.0,4873.7,4785.6,6725.7,10079.5,10994.2,18191.6,9457.9,10626.2,6805.3,700,21000,,사후관리DB(원본월별·5년이용량분석)
D199710026,F-219,2020,31884.3,34443.8,28768.9,7993.9,10855.6,11550.5,21702.1,14118.7,14122.6,4806.3,4900.0,4675.2,800,24000,,사후관리DB(원본월별·5년이용량분석)
D199720002,D-320,2020,9946.02,11117.44,10779.82,14868.75,13257.93,13136.54,11925.29,13218.53,10694.42,8681.18,12481.17,11820.94,600,18000,,
D199720003,F-117,2020,1388.36,2305.11,2821.85,5374.19,4668.06,5155.27,1944.58,2423.16,2151.56,4764.03,3782.65,2777.46,600,18000,,
D199720017,F-226,2020,3803.6,5026.92,8555.53,13179.9,12673.24,14330.56,12318.12,13261.91,13994.16,11236.99,6567.94,5350.04,600,18000,,
D199720018,F-222,2020,2415.22,2773.69,2631.32,3878.19,4663.15,4984.5,4906.19,4383.83,4876.2,4091.22,4392.27,2297.77,600,18000,,
D199720019,F-224,2020,7714.55,9816.89,14865.49,18229.29,18328.27,18464.01,14798.15,17451.26,15840.24,18053.69,13432.06,5869.67,950,28500,,
D199720020,F-223,2020,2634.23,5000.72,8409.39,12855.66,11431.57,13485.81,9062.68,10673.76,9028.34,11015.75,9565.46,4964.02,750,22500,,
D199720021,F-225,2020,2715.43,4560.23,7925.11,13065.01,12327.47,12070.94,8345.55,9082.63,7438.74,9448.19,8002.35,7374.81,600,18000,,
D199720024,F-221,2020,3143.35,4447.72,5662.51,5296.57,5512.54,5204.79,4543.82,6998.5,3531.58,4792.97,4437.29,4378.98,800,24000,,
D199720026,F-231,2020,8221.86,8330.2,10420.12,13270.01,10323.56,9838.88,6571.96,11701.4,9332.02,8239.73,7882.8,5450.29,550,16500,,
D199720027,F-230,2020,3368.46,3959.96,10561.97,9746.22,10273.82,9803.48,6217.96,9633.81,5885.26,6809.18,5605.83,4507.84,600,18000,,
D199720028,F-227,2020,2354.87,3710.64,6573.33,9740.65,8134.72,7149.68,5887.08,7529.1,5153.86,6606.79,5482.34,3392.68,700,21000,,
D199720029,F-229,2020,1877.12,2829.23,7777.24,7917.31,7813.27,6346.5,4481.4,7644.99,4031.31,6731.51,4533.47,2860.95,600,18000,,
D199720030,F-228,2020,8367.4,11887.09,16358.68,19823.57,20534.86,18833.93,16580.75,17181.6,17672.0,13310.49,16056.17,13198.72,850,25500,,
D199730036,F-207,2020,5.9,5.2,11.1,9.9,6.9,5.4,0,0,0,441.1,938.8,885.1,700,21000,"음수→0보정(7,8,9월)",사후관리DB(원본월별·5년이용량분석)
D199730037,F-208,2020,1920.4,1842.4,1566.8,1907.9,2349.9,3147.9,2416.8,3025.3,3769.1,3156.7,3060.5,2020.8,800,24000,전년 자료 없음 — 외삽,사후관리DB(원본월별·5년이용량분석)
D199730038,F-212,2020,11998.6,9883.4,5845.6,6117.3,5709.2,5981.6,5022.6,5408.9,7728.7,4600.1,4631.1,4318.4,800,24000,,사후관리DB(원본월별·5년이용량분석)
D199730039,F-145,2020,1990.1,2149.0,2234.7,5238.7,5316.5,7538.3,2442.6,3219.9,5205.5,8546.9,6155.5,2406.7,600,18000,전년 자료 없음 — 외삽,사후관리DB(원본월별·5년이용량분석)
D199730040,F-154,2020,1667.9,1305.8,1473.6,5115.7,4717.2,4681.3,2772.1,4031.3,6421.9,9045.0,15466.1,8950.7,800,12000,,사후관리DB(원본월별·5년이용량분석)
D199730052,F-206,2020,10359.0,10360.7,9692.9,42314.4,38410.6,42339.7,39017.9,38468.5,25309.0,19284.5,20649.9,15402.4,900,24000,전년 자료 없음 — 외삽,사후관리DB(원본월별·5년이용량분석)
D199730053,F-209,2020,5323.3,5503.1,5976.7,5202.5,5469.5,6665,6855.1,7410.8,11732.7,7654.3,10289.7,4439.9,800,24000,,사후관리DB(원본월별·5년이용량분석)
D199730054,F-213,2020,13117.5,11019.1,9419.7,8613.9,8880.8,9652.6,8996.6,10398.3,11209.3,2400.5,10424.3,9755.2,1000,30000,,사후관리DB(원본월별·5년이용량분석)
D199730055,F-211,2020,8442.8,9035.0,9298.4,6309.2,7796.4,9079.0,11807.6,12099.6,12654.1,6478.5,7770.9,6753.9,600,18000,,사후관리DB(원본월별·5년이용량분석)
D199730056,F-205,2020,6048.7,2494.9,2543.9,3193.4,3319.6,2669.3,3237.4,3247.2,9315.7,8220.1,11142.4,5513.3,1000,24000,,사후관리DB(원본월별·5년이용량분석)
D199730057,F-241,2020,7341.9,9137.8,8153.7,11922.4,11715.3,15362.5,11491.9,13029.6,17879.3,5892.8,6303.8,4192.4,600,24000,전년 자료 없음 — 외삽,사후관리DB(원본월별·5년이용량분석)
D199730059,F-210,2020,361.2,5494.8,4661.0,5833.1,285.1,981.6,95.2,95.2,3427.1,118.4,900.7,134.5,800,24000,,사후관리DB(원본월별·5년이용량분석)
D199730061,F-263,2020,7842.3,8049.2,8338.4,9231.3,11861.5,13047.8,9647.8,10544.8,12417.4,7275.5,9504.5,8692.5,800,24000,전년 자료 없음 — 외삽,사후관리DB(원본월별·5년이용량분석)
D199730063,F-235,2020,5301.8,5646.9,6660.8,4942.3,5289.2,4118.3,5478.1,11296.7,6363.9,10984.4,7827.1,6139.7,800,12000,전년 자료 없음 — 외삽,사후관리DB(원본월별·5년이용량분석)
D199730073,F-257,2020,35053.4,34965.4,33149.0,19163.0,18524.7,17075.4,17930.1,18362.0,24179.2,15779.8,17376.8,19346.9,700,21000,,사후관리DB(원본월별·5년이용량분석)
D199730074,F-239,2020,7159.5,6314.5,7246.9,8641.5,8029.7,7674.5,5866.5,5661.9,10099.1,6214.0,18160.9,8355.2,700,21000,전년 자료 없음 — 외삽,사후관리DB(원본월별·5년이용량분석)
D199730079,F-252,2020,2335.9,3848.1,3340.4,3494.4,3953.7,4523.5,2006.8,2554.9,6305.2,6369.0,6470.6,4886.2,800,24000,전년 자료 없음 — 외삽,사후관리DB(원본월별·5년이용량분석)
D199730080,F-251,2020,57.8,10.6,880.7,5511.6,5705.1,8119.1,3128.2,4639.0,10646.1,2246.3,2590.6,593.1,1000,24000,전년 자료 없음 — 외삽,사후관리DB(원본월별·5년이용량분석)
D199730081,F-259,2020,781.9,833.7,873.4,1347.2,1854.4,2542.4,1453.1,1334.5,1777.6,1337.0,1741.5,1040.8,700,30000,,사후관리DB(원본월별·5년이용량분석)
D199730082,F-258,2020,4502.8,758.3,3114.1,2921.8,2884.6,3406.9,3230.1,4216.9,7175.7,4774.6,3962.7,3088.7,600,24000,전년 자료 없음 — 외삽,사후관리DB(원본월별·5년이용량분석)
D199730083,F-248,2020,116.8,86.4,6489.7,11217.7,10419.1,14305.3,7750.5,10312.9,16461.5,10917.3,9003.5,2710.4,700,24000,,사후관리DB(원본월별·5년이용량분석)
D199730084,F-253,2020,8.8,11,11,11,11,11,0.3,0.9,0,287,0,0,800,21000,,사후관리DB(원본월별·5년이용량분석)
D199730085,F-256,2020,14310.8,15215.1,15218.5,23426.4,19402.0,16038.0,16669.9,25562.3,24698.0,20447.5,21088.0,15373.6,1200,36000,2→3차 역행,사후관리DB(원본월별·5년이용량분석)
D199730087,F-261,2020,4856.4,4765.7,5318.3,12478.1,11004.3,12452.7,14993.4,18441.7,18196.1,15097.3,13432.7,11067.5,1200,36000,전년 자료 없음 — 외삽,사후관리DB(원본월별·5년이용량분석)
D199730088,F-254,2020,1615.7,1661.8,1802.1,3636.9,3586.2,4644,4660.6,5283.0,8809.1,9692.0,9185.7,4344.8,800,24000,전년 자료 없음 — 외삽,사후관리DB(원본월별·5년이용량분석)
D199730089,F-255,2020,10015.0,9582.1,8789.5,6055.7,7134.9,8283.4,9325.3,9646.3,13614.8,11220.4,15572.4,9216.2,700,24000,,사후관리DB(원본월별·5년이용량분석)
D199730090,F-242,2020,10373.9,10251.9,9977.6,12846.5,13533.1,13852.9,10288.5,12167.0,18075.7,18264.1,18207.4,12597.1,800,33000,전년 자료 없음 — 외삽,사후관리DB(원본월별·5년이용량분석)
D199730091,F-245,2020,196.5,39.0,633.5,619.5,15213.6,23253.9,17402.0,20599.2,6249.1,259.0,4509.3,6560.5,900,27000,1→2차 역행,사후관리DB(원본월별·5년이용량분석)
D199730092,F-244,2020,12342.4,12052.0,12639.4,12335.8,13016.0,17112.8,23395.1,13008.3,15176.5,10918.2,14267.3,10058.8,800,27000,,사후관리DB(원본월별·5년이용량분석)
D199730093,F-243,2020,3961.4,3779.9,4503.1,7812.8,6513.4,6983.6,6173.8,6956.1,8881.1,7542.2,10715.0,5845.3,800,24000,,사후관리DB(원본월별·5년이용량분석)
D199730094,F-246,2020,19346.1,18889.5,17703.3,13731.0,10978.7,5072.8,906.7,736.1,2541.1,292.3,2142,3717.8,800,24000,전년 자료 없음 — 외삽,사후관리DB(원본월별·5년이용량분석)
D199730098,F-234,2020,10794.4,10575.3,11416.3,8154.3,7846.3,7761.6,10614.1,19652.5,12966.6,19033.6,14142.2,15071.7,800,12000,,사후관리DB(원본월별·5년이용량분석)
D199730099,F-232,2020,3081.4,2604.8,6202.8,7359.6,7446.5,7841.7,2324.9,7223.3,2702.3,8197.2,4855.0,4119.7,800,12000,,사후관리DB(원본월별·5년이용량분석)
D199730100,F-233,2020,1873.8,1836.0,3300.4,5742.4,5293.8,5293.8,3725.1,9141.3,4747.1,10672.9,5150.1,4158.3,600,9000,,사후관리DB(원본월별·5년이용량분석)
D199730101,F-236,2020,1805.6,1353.5,1645.1,4574.2,4041.9,4812.3,1.7,1.9,3.6,9.2,16.1,8.0,800,12000,,사후관리DB(원본월별·5년이용량분석)
D199730102,F-238,2020,9155.8,6699.3,11242.9,3294.3,118.2,122.5,0.6,0.6,0.4,0.3,0.6,0.6,800,12000,,사후관리DB(원본월별·5년이용량분석)
D199730103,F-237,2020,6848.7,8051.1,16639.3,9040.8,8942.5,7329.3,6944.6,13103.4,11959.4,18576.4,11675.0,8979.3,800,12000,,사후관리DB(원본월별·5년이용량분석)
D199730105,F-250,2020,3176.6,3018.8,3703.2,10260.6,9983.1,12505.9,6568.2,8019.5,12870.8,5567.9,6333.6,3996.7,700,27000,전년 자료 없음 — 외삽,사후관리DB(원본월별·5년이용량분석)
D199730107,F-240,2020,9622.6,9377.1,8515.1,9581.4,9077.3,6332.2,36.3,10967.7,2562.6,117.7,1462.1,2233.8,1050,24000,전년 자료 없음 — 외삽,사후관리DB(원본월별·5년이용량분석)
D199730108,F-247,2020,5531.7,467.2,985.4,1278.1,569.3,102.8,60.2,63.5,144.0,715.1,85.2,72.8,700,21000,전년 자료 없음 — 외삽,사후관리DB(원본월별·5년이용량분석)
D199730109,F-266,2020,4433.3,4963.9,5178.2,5654.9,7104.1,9224.5,13564.4,7395.2,10512.5,4928.0,7029.3,5552.6,700,21000,전년 자료 없음 — 외삽,사후관리DB(원본월별·5년이용량분석)
D199730120,D-321,2020,0,0,0,0,0,0,0,0,0,0,0,0,800,24000,4차이후 외삽 (2020-10-30 ~ 12/31),사후관리DB(원본월별·5년이용량분석)
D199730121,D-322,2020,0,0,0,0,0,0,0,0,0,0,0,0,700,21000,다음해 자료 없음 — 3→4차 일평균 외삽,사후관리DB(원본월별·5년이용량분석)
D199730132,F-262,2020,22668.8,19669.6,18753.9,11809.6,14786.7,14700.0,16298.8,18979.6,23061.5,24906.7,19861.3,10513.9,800,24000,,사후관리DB(원본월별·5년이용량분석)
D199730133,F-260,2020,16645.0,17945.4,17772.2,13055.8,11325.2,14175.1,13551.4,17027.9,17560.5,16066.2,15890.7,11800.9,800,24000,,사후관리DB(원본월별·5년이용량분석)
D199730134,R-001,2020,6071.4,6147.0,6380.2,10404.1,11025.3,12439.1,10907.5,12342.9,9577.3,10959.4,9289.9,8111.7,800,24000,전년 자료 없음 — 외삽,사후관리DB(원본월별·5년이용량분석)
D199740086,F-289,2020,3.25,6.5,3.25,6.91,29.62,10.86,43.76,34.04,4.86,1.74,2.9,8.13,1200,36000,,
D199740087,F-277,2020,1270.98,1738.16,2419.27,3436.62,3118.1,2886.46,1566.29,1742.24,2036.02,2423.52,3030.62,2477.38,700,21000,,
D199740088,F-281,2020,5833.11,8033.79,9890.17,17894.03,12497.11,13798.5,10459.48,12761.81,12792.93,10909.03,11810.51,10367.0,600,18000,,
D199740089,F-276,2020,3920.76,6302.6,5927.51,13043.52,12703.82,10507.39,8151.1,8259.77,9028.57,6513.82,8126.49,5688.64,600,18000,,
D199740090,F-287,2020,3989.92,4087.4,5241.3,10679.36,15182.66,16126.93,16244.81,15575.58,21962.67,10748.58,11826.11,6640.33,600,18000,,
D199740091,F-278,2020,15244.68,15220.37,14266.56,15320.53,14856.44,15393.81,14898.5,15381.59,15068.13,14811.66,15279.82,15038.27,1000,30000,,
D199740092,F-280,2020,5322.55,7687.09,9006.36,12972.97,11832.14,10616.36,8385.69,9717.23,9660.6,8376.06,8907.82,7344.91,800,24000,,
D199740093,F-279,2020,9453.12,10010.13,12402.34,15300.46,14193.4,11689.45,8930.16,11436.04,10740.25,8156.05,9124.58,10154.82,600,18000,,
D199740094,F-290,2020,693.33,1120.32,2092.68,7342.26,11857.39,9554.7,8105.59,6309.23,9521.21,6095.65,13061.75,6002.83,600,18000,,
D199740095,F-293,2020,69.77,33.09,42.96,31.38,100.74,56.14,4870.8,3824.48,5240.62,4906.88,15548.22,6807.84,700,21000,,
D199740096,F-288,2020,583.55,98.12,219.48,316.13,2570.52,855.11,800.89,747.12,1816.86,3197.9,18762.9,9466.35,800,24000,,
D199740103,F-269,2020,4787.96,6561.46,6255.34,12366.48,14624.91,14462.1,13177.66,10930.07,11468.26,3870.01,7024.06,6572.74,800,24000,,
D199740122,F-272,2020,9433.44,10273.49,10974.62,11613.96,11334.87,7306.87,7997.56,10502.89,9287.64,13297.11,11666.47,10996.1,750,22500,,
D199740125,F-291,2020,9656.92,6266.33,4112.06,4812.87,9056.41,5031.34,3135.14,2338.97,7231.64,8125.27,27511.18,11844.35,800,24000,,
D199740127,F-294,2020,2073.19,904.7,818.73,755.39,1670.25,1298.49,1103.98,1066.01,7401.73,5774.96,9613.91,5470.24,600,18000,,
D199740128,F-295,2020,1247.75,794.36,1639.94,4070.93,6380.15,4709.35,3277.86,3032.07,4561.2,2854.02,8812.68,3753.55,700,21000,,
D199740129,F-273,2020,826.9,804.7,754.75,780.06,780.06,757.89,902.35,773.25,746.87,721.44,760.36,736.73,900,27000,,
D199740130,F-275,2020,0.0,0.0,0.0,0.0,0.0,1.0,0.0,0.0,0.0,155.68,17.3,14.41,600,18000,,
D199740131,F-274,2020,4387.11,4554.84,5609.69,7323.52,6280.49,5606.06,5419.88,7600.35,10148.62,9358.61,15443.45,17913.78,600,18000,,
D199740143,F-348,2020,7477.21,8228.68,8629.76,14283.31,13637.8,12796.12,9674.1,10731.83,11173.81,11309.0,12935.13,9741.1,1000,30000,,
D199740144,F-284,2020,4790.47,4763.83,4828.55,9018.68,8756.01,7913.49,4517.27,4870.6,7558.6,141.18,1.24,1472.5,600,18000,,
D199740145,F-283,2020,3459.67,4852.65,4543.46,6304.76,6830.26,6155.35,5248.54,4082.73,4868.35,4585.51,4329.85,5132.64,700,21000,,
D199740146,F-282,2020,6222.43,8154.64,9982.76,17484.91,14325.03,12725.81,6793.32,10539.63,9256.67,6927.45,8202.51,7574.47,700,21000,,
D199740147,F-285,2020,9164.67,10503.59,10905.83,7703.36,6858.78,6188.19,12163.29,14346.79,13262.65,12771.86,12416.93,13684.81,700,21000,,
D199740148,F-286,2020,4306.36,3471.36,3675.36,14048.96,10666.0,9800.51,4137.73,4674.53,5192.9,4149.73,4963.86,3190.29,700,21000,,
D199740161,F-297,2020,4434.11,4550.4,5758.78,7601.25,7782.89,7927.97,8803.32,10097.39,8261.8,8158.99,7483.92,6095.0,700,21000,,
D199740162,F-339,2020,6437.79,7820.82,9363.5,15655.12,18140.06,16220.88,12710.02,11863.0,13151.28,6925.53,11202.35,8190.08,800,24000,,
D199740163,F-271,2020,24135.14,24562.93,23079.19,25169.76,25026.67,25832.23,15303.49,15193.71,15441.53,14383.58,15411.71,14701.12,1000,30000,,
D199740190,F-292,2020,4544.15,3591.77,3635.76,4374.3,6903.84,4536.16,3401.1,3634.68,5147.66,9111.17,17400.0,10416.23,800,24000,,
D199740205,F-198,2020,736.98,1040.0,1631.08,3662.44,2985.32,3699.85,2622.57,4568.74,1502.17,17354.5,10104.44,10055.81,800,24000,,
D199740206,F-197,2020,198.19,335.4,884.23,5381.11,4708.83,2392.58,1458.03,3235.11,2895.2,26088.92,12195.18,10103.71,800,24000,,
D199740207,F-195,2020,3340.53,1828.11,5458.65,3146.82,6719.08,3909.68,2402.12,1999.92,4959.22,6274.88,27437.2,14257.35,700,21000,,
D199740208,F-192,2020,3696.59,669.46,790.37,1493.11,3562.91,1944.62,1666.12,925.87,1876.34,9491.03,19356.4,8228.75,700,21000,,
D199740209,F-191,2020,8200.73,7427.5,6922.37,10380.86,13047.94,9933.39,9177.44,9057.9,11783.34,13012.59,18973.24,13468.02,900,27000,,
D199740210,F-194,2020,10263.85,10591.06,10734.2,25520.56,30380.87,30920.04,29324.42,29047.66,32226.42,34503.08,42640.44,37559.31,700,21000,,
D199740211,F-181,2020,14792.95,15520.01,14783.51,10172.28,4423.27,1076.59,108.0,0.0,0.0,33.57,996.72,3725.64,800,24000,,
D199740212,F-180,2020,9199.58,13354.17,13209.26,23402.53,22048.74,20418.47,15394.7,15712.41,16596.86,12450.05,12471.67,10565.03,600,18000,,
D199740213,F-187,2020,14787.14,14938.31,13935.85,35904.64,34362.04,35417.5,32478.04,34412.44,34097.98,34566.4,25670.26,21065.66,600,18000,,
D199740214,F-188,2020,13025.21,17528.94,19629.23,37187.09,30160.21,31036.18,19078.16,24267.58,25491.86,18136.83,18073.6,16704.28,700,21000,,
D199740215,F-175,2020,6002.0,5743.49,9026.17,14295.37,14781.12,15542.44,12316.77,19297.47,14056.56,15190.27,13427.19,20224.79,600,18000,,
D199740216,F-170,2020,4310.46,4829.12,8896.03,9811.1,7268.64,7195.05,6541.17,9592.42,7377.55,9227.27,8497.48,9734.71,700,21000,,
D199740217,F-171,2020,61.6,61.03,2066.04,418.13,494.79,406.52,214.93,614.76,286.58,611.17,890.23,1279.99,800,24000,,
D199740218,F-173,2020,1296.08,2058.59,2817.02,3645.78,5076.29,3611.02,1924.12,4919.96,1423.44,6971.33,4157.35,2899.51,600,18000,,
D199740219,F-174,2020,6747.56,7078.1,7839.54,20235.0,19515.38,13321.38,10238.24,13098.25,9589.12,15313.61,14083.99,13661.01,700,21000,,
D199740220,F-179,2020,8439.0,9321.0,10203.0,21286.34,22784.95,19895.62,16544.5,16832.13,20652.17,10313.95,21061.66,27303.04,800,24000,,
D199740221,F-176,2020,145.64,160.06,154.29,236.62,363.58,411.68,282.71,319.05,333.19,212.71,335.76,247.86,700,21000,,
D199740222,F-177,2020,17212.94,15926.51,17927.25,17479.24,17051.95,14827.9,14912.55,17861.97,17570.63,13977.42,17689.54,18220.88,600,18000,,
D199740223,F-201,2020,4199.44,5140.55,6063.61,6728.22,5580.71,6135.52,4771.3,5326.18,3197.4,4896.54,3868.14,3800.01,600,18000,,
D199740224,F-200,2020,1004.01,1699.96,2457.15,3305.5,3717.73,2744.41,1967.49,1999.31,1117.59,2226.12,2216.81,1630.01,600,18000,,
D199810008,F-300,2020,12944.6,14541.2,15032.8,20481.1,20709.4,18994.9,14506.0,13886.3,15278.2,8635.5,9509.5,9465.1,1000,32580,,사후관리DB(원본월별·5년이용량분석)
D199810009,F-299,2020,2570.0,2819.4,2918.0,3032.5,3782.2,3715.4,3185.7,3984.6,3351.5,4006.3,4068.6,3939.8,700,21000,,사후관리DB(원본월별·5년이용량분석)
D199810010,F-301,2020,3061.8,3553.0,4149.3,4397.1,4264.2,4962.9,5379.1,7327.2,8642.0,5637.2,4543.8,3301.1,700,24000,,사후관리DB(원본월별·5년이용량분석)
D199810022,F-302,2020,18676.7,19432.5,19264.0,16841.5,18141.6,18718.2,23568.5,23902.7,25226.3,13479.0,14354.8,13650.9,600,25140,,사후관리DB(원본월별·5년이용량분석)
D199820003,F-306,2020,2199.95,2146.66,3457.4,8643.57,9406.73,8678.96,7005.04,5256.46,7774.52,5929.42,6086.43,4160.7,550,16500,,
D199820010,F-303,2020,8393.38,9367.85,8770.27,10251.35,9290.65,10320.55,10745.95,12627.52,11012.95,9927.52,9502.51,9024.05,700,21000,,
D199820011,F-305,2020,5404.23,4783.12,6766.79,7206.72,7738.86,6875.88,6322.61,6413.41,7663.61,5680.36,7155.99,5265.24,500,15000,,
D199820012,F-304,2020,15962.28,15478.48,14819.73,13740.0,15116.18,15037.31,14667.19,16122.06,17926.83,23284.31,27525.31,26564.2,500,15000,,
D199820019,F-308,2020,2181.87,2300.95,2436.69,2477.48,2800.79,2829.06,2971.96,2412.46,3215.4,2173.43,2769.28,1883.67,600,18000,,
D199820025,F-307,2020,3910.12,4349.42,5569.83,8329.1,11949.26,10603.68,9245.69,7796.57,8238.1,5063.03,8468.0,6774.13,800,24000,,
D199830009,S-004,2020,15043.6,12837.1,12893.5,10872.3,12499.8,4327.0,867.4,0,1885.2,3929.3,14069.3,8716.1,1300,42000,,사후관리DB(원본월별·5년이용량분석)
D199830010,S-005,2020,18831.4,16720.3,17374.4,10414.1,10574.0,11430.8,15942.7,18591.4,18938.5,13961.5,20109.8,14355.6,1050,45000,,사후관리DB(원본월별·5년이용량분석)
D199830011,S-006,2020,9073.5,22084.8,21045.5,7734.2,5779.6,9006.8,15026.2,15022.6,16913.3,8570.3,9457.3,5556.8,800,15000,,사후관리DB(원본월별·5년이용량분석)
D199830012,S-003,2020,9572.6,10069.8,12666.7,5434.8,5427.7,5653.7,9819.6,12261.6,10210.6,12978.6,8927.9,9027.0,1000,30000,,사후관리DB(원본월별·5년이용량분석)
D199830013,S-002,2020,2692.0,4171.9,8988.8,5124.1,5006.6,4978.4,6041.1,13032,6550.8,14200.0,6240.9,5092.1,1050,12000,전년 자료 없음 — 외삽,사후관리DB(원본월별·5년이용량분석)
D199830020,F-328,2020,27463.7,29028.4,29423.8,17763.0,15562.4,17667.6,26501.2,25077.9,28132.7,14812.7,14154.6,12726.5,850,29880,,사후관리DB(원본월별·5년이용량분석)
D199830028,F-312,2020,6434.3,13272.1,13027.7,13747.0,8843.5,22.1,0,0,0,7521.0,3347.0,375.6,1500,45000,전년 자료 없음 — 외삽,사후관리DB(원본월별·5년이용량분석)
D199830029,F-313,2020,5224.5,3014.8,8640.2,9508.2,9874.0,2237.9,438.7,418.7,926.6,6543.3,6536.1,3429.5,1400,42000,,사후관리DB(원본월별·5년이용량분석)
D199830030,F-314,2020,0,0,28.1,147,324.3,14,14.8,167.2,332.4,127.6,1059.1,105.2,800,30000,,사후관리DB(원본월별·5년이용량분석)
D199830031,F-315,2020,19909.3,16892.3,16075.3,14270.7,13647.2,13947.0,14270.6,14179.9,21124.1,21058.3,22196.3,21044.1,1200,36000,전년 자료 없음 — 외삽,사후관리DB(원본월별·5년이용량분석)
D199830032,F-316,2020,4798.0,5097.7,5605.3,5631.4,6135.0,5593.1,3934.9,7698.4,8311.6,16863.4,6418.1,6447.7,1000,30000,전년 자료 없음 — 외삽,사후관리DB(원본월별·5년이용량분석)
D199830033,F-317,2020,8010.6,9046.7,11990.7,13248.1,15714.7,15344.9,14242.8,15433.3,16262.7,9035.1,11904.1,7319.9,1050,36000,,사후관리DB(원본월별·5년이용량분석)
D199830035,F-318,2020,2441.3,2516.9,2718.4,7213.1,7057.5,8901.6,14370.7,15943.9,17637.3,9611.3,13000.1,12705.5,900,39000,전년 자료 없음 — 외삽,사후관리DB(원본월별·5년이용량분석)
D199830036,F-319,2020,1727.0,3088.8,4167.1,6236.0,4373.8,6022.1,1482.5,5785,7925,7662.9,4688.0,4022.5,850,39000,전년 자료 없음 — 외삽,사후관리DB(원본월별·5년이용량분석)
D199830037,F-369,2020,7940.9,9327.5,8388.2,9918.3,10071.9,13458.0,9137.1,12109.6,11482.7,8478.9,8859.3,8426.4,700,27000,,사후관리DB(원본월별·5년이용량분석)
D199830038,F-320,2020,30575.9,31095.4,30391.6,19664.6,19414.1,20571.8,29776.5,31316.6,31310.0,26461.4,25810.0,24192.0,1200,36000,전년 자료 없음 — 외삽,사후관리DB(원본월별·5년이용량분석)
D199830042,F-322,2020,6509.4,7052.0,8620.7,6375.4,6325.3,6402.7,6272.3,9730.9,12743.7,10984.0,9531.5,5927.9,1400,42000,,사후관리DB(원본월별·5년이용량분석)
D199830043,F-323,2020,1320.2,1491.2,1800.9,2246.0,2069.8,4593.9,2286.0,4054.2,5991.9,6914.5,4223.2,2178.2,800,36000,전년 자료 없음 — 외삽,사후관리DB(원본월별·5년이용량분석)
D199830044,F-370,2020,2536.6,2996.3,2717.2,3235.5,3426.5,4240.1,3530.6,6246.1,9578.5,2773.6,1921.2,901.0,700,27000,전년 자료 없음 — 외삽,사후관리DB(원본월별·5년이용량분석)
D199830045,F-324,2020,8013.7,8362.3,8358.7,9759.7,8241.6,11161.4,9553.9,12344.2,15966.3,14652.6,15226.7,13371.0,1200,36000,전년 자료 없음 — 외삽,사후관리DB(원본월별·5년이용량분석)
D199830055,F-326,2020,3239.2,2267.4,2580.6,3791.5,3777.7,6330.6,3818.6,4133.0,5526.0,3617.1,5914.9,2891.7,1218,18000,전년 자료 없음 — 외삽,사후관리DB(원본월별·5년이용량분석)
D199830056,F-325,2020,52256.1,52212.0,48885.9,30322.8,29376.0,30370.6,39606.0,40961.8,40957.2,31239.5,32185.4,31170.4,1200,36000,,사후관리DB(원본월별·5년이용량분석)
D199830057,F-329,2020,0.3,0.2,0.3,1.8,1.6,3.4,3934.5,7.8,273.4,0,0,0,850,18000,,사후관리DB(원본월별·5년이용량분석)
D199830064,F-327,2020,20599.8,21047.4,21045.4,13533.1,13859.5,15123.3,21898.7,21786.6,25483.6,11794.0,11614.5,10754.5,900,27000,,사후관리DB(원본월별·5년이용량분석)
D199830065,S-009,2020,5897.4,6825.1,8608.4,9806.8,8684.7,11199.3,9752.1,12855.9,14111.2,6560.7,7502.1,4605.5,1000,30000,,사후관리DB(원본월별·5년이용량분석)
D199830066,F-330,2020,2262.9,2296.7,3612.2,5815.3,5669.5,4651.4,4332.7,15239.8,7248.7,14081.2,12399.0,12552.2,950,15000,,사후관리DB(원본월별·5년이용량분석)
D199830073,F-380,2020,3087.1,1382.5,1238.6,1994.8,1932.8,3430.6,2925.1,1895.3,2610.0,1917.0,3032.2,6810.7,900,27000,,사후관리DB(원본월별·5년이용량분석)
D199830075,F-311,2020,3577.9,3042.0,4808.2,6038.4,4629.3,2729.6,2334.1,5975.7,2288.2,11445.9,6456.6,4163.2,1500,30000,,사후관리DB(원본월별·5년이용량분석)
D199830076,F-309,2020,20103.5,17214.3,19657.1,19506.2,19173.5,19245.8,18458.7,32329.2,18749.4,40120.1,26314.8,19244.9,1000,15000,,사후관리DB(원본월별·5년이용량분석)
D199830077,F-310,2020,5008.3,3925.1,3785.7,8350.8,7602.6,7758.6,5830.6,9714.3,6909.2,17578.3,9468.9,7311.4,800,12000,,사후관리DB(원본월별·5년이용량분석)
D199830090,F-331,2020,161.0,128.8,115.0,127.2,122.6,134.9,160.9,1149.7,3227.3,307.8,9705.8,9670.3,650,12000,,사후관리DB(원본월별·5년이용량분석)
D199830091,F-332,2020,811.0,172.2,8626.5,1932.4,162.8,171.3,1097.2,328.3,1961.4,0.9,0.9,2.2,800,12000,,사후관리DB(원본월별·5년이용량분석)
D199830092,F-378,2020,525.3,543.9,505.9,814.4,1391.2,1202.1,861.8,1036.8,1891.5,2331.7,1022.2,1133.2,800,15000,,사후관리DB(원본월별·5년이용량분석)
D199830093,R-004,2020,7858.1,7652.6,7486.0,10223.5,9885.6,10318.1,6883.7,8880.0,12563.5,12005.4,13393.2,9085.8,1020,30600,전년 자료 없음 — 외삽,사후관리DB(원본월별·5년이용량분석)
D199830094,R-005,2020,4508.0,3627.8,5535.7,6085.0,6043.5,5615.7,4849.0,10915.7,6489.3,12503.6,7903.0,5654.0,825,24750,전년 자료 없음 — 외삽,사후관리DB(원본월별·5년이용량분석)
D199840018,F-333,2020,6326.9,6665.57,8952.61,8424.45,6960.72,6300.15,1999.59,2126.93,1747.34,1007.74,923.2,1322.8,800,24000,,
D199840019,F-349,2020,1836.05,1913.07,1584.56,1144.69,1323.79,1553.01,1258.49,2131.61,1358.03,2317.54,2037.91,1885.51,850,25500,,
D199840020,R-006,2020,7502.88,7009.94,7054.53,9612.71,9288.1,9396.7,8986.97,9001.06,8479.8,7996.11,8364.75,7984.37,900,27000,,
D199840023,S-007,2020,1813.67,21.02,9.01,670.37,4695.27,947.67,104.68,64.42,595.89,3770.33,21899.5,12352.74,1200,36000,,
D199840025,F-336,2020,6887.26,5426.4,5356.48,6756.88,7466.61,6164.48,5280.61,6688.39,6403.15,7160.59,6404.38,6645.78,1000,30000,,
D199840026,F-337,2020,4334.65,8235.47,8226.2,13764.0,17511.87,16472.78,13478.4,10506.6,12210.9,6898.3,11977.9,8282.74,800,24000,,
D199840027,F-338,2020,15.77,411.65,6767.82,12935.69,14882.35,12281.49,10492.53,8304.92,11995.11,7926.85,8241.94,8011.62,1000,30000,,
D199840053,F-335,2020,21591.7,21681.91,21159.95,22126.68,20822.41,21295.78,20460.07,22656.3,18879.91,23762.73,14687.5,15316.22,1000,30000,,
D199840054,F-334,2020,0.0,0.0,0.0,0.0,0.0,0.0,4536.65,0.0,0.0,0.0,0.0,0.0,850,25500,,
D199840058,F-386,2020,12604.12,15645.04,19819.88,24819.07,21413.74,24150.39,17834.93,16282.27,15663.37,16792.4,15931.06,12713.93,900,27000,,
D199840059,F-341,2020,2916.13,4235.66,7960.32,13171.49,15110.05,13194.79,7280.01,10159.3,10676.9,8212.71,9519.84,5382.85,700,21000,,
D199840060,F-342,2020,5010.29,7187.77,9051.94,14368.99,12502.49,9972.97,5306.14,8611.25,5705.4,4630.91,6258.24,5193.5,850,25500,,
D199840061,F-343,2020,5514.32,7256.79,8558.39,7015.69,7524.56,7558.49,12330.86,12196.55,15878.77,6889.56,8634.4,6401.78,850,25500,,
D199840062,F-344,2020,14100.86,20456.1,20662.85,20893.79,17843.62,17002.91,20502.52,19984.47,12819.55,11900.31,13648.7,15987.36,700,21000,,
D199840063,F-345,2020,5140.1,6565.57,8594.93,17345.96,13604.04,15161.97,10232.86,14172.81,11582.82,3738.42,4245.33,4056.74,1050,31500,,
D199840064,F-346,2020,5531.84,6862.47,7746.24,14196.97,12441.02,11904.39,6923.69,8607.69,9676.04,6570.18,9746.73,9350.05,1050,31500,,
D199840065,F-347,2020,22188.14,19235.03,20427.69,31108.41,23970.7,18084.43,18618.98,27461.32,22065.7,14039.7,17021.34,15459.02,1050,31500,,
D199840115,R-007,2020,110.92,567.27,3476.54,4891.84,4509.13,4129.51,532.47,4789.16,1135.73,5181.99,2499.97,1833.53,900,27000,,
D199840116,F-356,2020,1090.87,708.94,761.26,989.22,5030.39,1509.12,924.53,1143.42,2203.32,6482.23,11839.44,6214.37,750,22500,,
D199840117,F-354,2020,2965.03,3238.54,3167.05,4091.79,6827.94,5102.3,4343.61,3284.93,5420.44,5222.0,15127.67,8509.92,800,24000,,
D199840118,F-355,2020,13783.26,13868.02,13778.55,10116.0,10386.0,19896.0,24871.72,25542.61,24135.78,14421.64,14828.25,14810.0,850,25500,,
D199840119,F-351,2020,4486.01,5384.11,6371.12,7141.12,6879.06,7005.57,4556.72,7001.18,5048.3,9234.43,7826.78,6109.61,850,25500,,
D199840120,F-352,2020,0.0,0.0,0.0,0.0,0.0,0.0,0.0,0.0,0.0,0.0,0.0,0.0,650,19500,,
D199840121,F-350,2020,5006.84,3700.71,4696.8,3436.42,3075.4,2092.79,2022.63,3131.82,3566.79,7379.9,6273.6,4728.65,700,21000,,
D199840136,F-340,2020,17503.28,17064.96,16171.38,20814.78,20595.25,15727.71,11381.52,11970.88,12522.21,9618.89,12660.69,11005.78,800,24000,,
D199910003,F-360,2020,12319.8,13256.4,12374.6,13100.6,13133.5,13833.3,16249.2,16556.6,17100.2,8038.0,9644.8,8006.8,950,28500,,사후관리DB(원본월별·5년이용량분석)
D199910004,F-361,2020,419.6,445.4,1970.1,5663.2,3478.8,3297.9,1902.1,1312.4,2096.9,1021.6,1266.0,861.4,800,30060,1→2차 역행,사후관리DB(원본월별·5년이용량분석)
D199910005,F-359,2020,7119.4,7715.4,5471.6,4807.4,5982.8,8253.2,3480.4,2846.2,4128.2,7682.6,9091.0,6524.1,850,30000,2→3차 역행,사후관리DB(원본월별·5년이용량분석)
D199910006,F-357,2020,4009.5,2071.3,1086.9,499.9,624.1,930.3,1568.1,1233.5,1332.9,1186.7,1415.3,1192,700,21240,,사후관리DB(원본월별·5년이용량분석)
D199910007,F-358,2020,3231.7,3543.3,3924.7,4819.5,5789.4,5549.3,4983.8,4142.9,4903.0,3149.7,3559.9,3389.8,700,21600,,사후관리DB(원본월별·5년이용량분석)
D199910008,F-362,2020,290.8,281.0,221.8,102.5,109.0,177.7,91.2,88.5,87.9,886.1,1149.9,1061.8,800,24240,,사후관리DB(원본월별·5년이용량분석)
D199910009,F-363,2020,1599.1,1552.4,1065.0,1493.5,1979.7,2872.9,1523.5,1219.4,2333.9,1434.7,2656.1,1579.8,600,27060,,사후관리DB(원본월별·5년이용량분석)
D199920008,F-364,2020,6442.21,7547.7,13456.59,15127.85,13896.42,15749.38,10370.73,12095.08,10314.37,10697.23,9598.62,6845.64,750,22500,,
D199920009,F-365,2020,4255.2,4430.0,6075.09,8837.37,9781.46,8235.98,8009.72,7212.06,8490.21,7111.81,10568.05,7779.52,600,18000,,
D199920027,S-011,2020,4334.37,6726.81,10227.28,17065.44,14294.25,14980.17,10647.17,12428.62,11662.44,16226.67,13669.46,7893.47,750,22500,,
D199920028,S-010,2020,4810.39,5636.75,7126.61,11309.85,10870.11,9562.46,7062.21,8741.12,6402.76,9078.64,10269.1,5702.65,800,24000,,
D199930016,F-379,2020,86.6,87.6,82.4,89.7,86.6,92.8,0.9,0.9,1.0,0,0,0,700,29400,,사후관리DB(원본월별·5년이용량분석)
D199930017,F-374,2020,5198.6,5062.6,4591.7,5971.8,5879.2,6289.3,6774.0,10393.0,10186.2,7048.2,6433.5,6597.6,800,24000,,사후관리DB(원본월별·5년이용량분석)
D199930023,F-368,2020,13355.4,12398.1,11743.3,11933.2,11391.5,12905.8,8823.5,11541.5,17288.7,14622.0,17260.9,12248.6,900,27000,,사후관리DB(원본월별·5년이용량분석)
D199930024,F-375,2020,2365.3,2917.7,4237.9,8448.0,7624.5,9873.9,7137.0,9509.4,9492.8,4921.4,4208.5,3672.1,800,27000,전년 자료 없음 — 외삽,사후관리DB(원본월별·5년이용량분석)
D199930025,F-376,2020,1585.4,1718.2,1805.4,7914.5,7977.1,9073.4,9522.7,14176.7,16375.3,7221.2,7822.7,5236.7,900,27000,전년 자료 없음 — 외삽,사후관리DB(원본월별·5년이용량분석)
D199930026,F-366,2020,40651.8,39951.3,11122.9,6343.9,5625.2,4102.6,3835.8,5622.1,7688.5,9115.1,15968.0,14340.4,1000,15000,,사후관리DB(원본월별·5년이용량분석)
D199930038,F-381,2020,4902.9,4314.4,5761.8,11130.2,3149.1,1194.9,868.0,1247.6,1649.4,2122.6,2414.3,4091.6,700,21000,,사후관리DB(원본월별·5년이용량분석)
D199930045,F-371,2020,41252.2,42610.1,40539.9,24615.1,24263.8,22453.1,33655.6,38125.4,30977.6,30208.5,26936.6,23090.6,1000,30000,,사후관리DB(원본월별·5년이용량분석)
D199930047,R-008,2020,470.4,117.2,207.5,2042.4,1569.6,1068,156.8,1310.3,553.7,8667.2,3626.7,2600.2,800,24000,전년 자료 없음 — 외삽,사후관리DB(원본월별·5년이용량분석)
D199930048,F-372,2020,9247.5,8705.4,8226.5,9357.7,8892.7,10373.2,11191.9,14461.7,19870.1,12890,16256,11766,900,27000,,사후관리DB(원본월별·5년이용량분석)
D199930049,R-009,2020,90.7,89.0,82.4,92.3,732.2,84.1,80.8,1404.9,84.1,3156.3,1016.2,616.6,1000,30000,,사후관리DB(원본월별·5년이용량분석)
D199930060,F-373,2020,2554.7,4462.9,5603.3,4346.3,4112.0,1783.0,882.9,2090.8,2075.3,3399.0,3402.1,2496.9,900,27000,,사후관리DB(원본월별·5년이용량분석)
D199930064,F-377,2020,2865.8,2934.0,3478.2,6404.1,9086.6,7631.2,5010.2,8379.5,5331.4,10379.1,8097.1,7719.0,800,24000,,사후관리DB(원본월별·5년이용량분석)
D199930075,F-367,2020,13962.0,15321.5,15805.0,8396.6,7878.2,7057.0,11945.4,17320.2,9902.9,11308.5,7632.8,4504.8,650,20100,3→4차 역행,사후관리DB(원본월별·5년이용량분석)
D199930079,S-012,2020,7046.2,4823.0,3799.4,2474.6,3072.1,2602.5,352.4,1299.1,1647.0,986.7,2461.7,3838.8,750,27000,,사후관리DB(원본월별·5년이용량분석)
D199930080,S-013,2020,2850.2,3660.5,4756.8,6201.2,8059.1,4315.7,3855.3,7750.7,4817.1,2185.9,273.5,4760.0,800,24000,,사후관리DB(원본월별·5년이용량분석)
D199940023,F-391,2020,19614.62,20838.6,23894.93,24657.82,15516.78,16287.27,13887.5,21958.07,11304.33,17862.25,14691.87,22591.51,800,24000,,
D199940024,F-395,2020,2003.39,2195.64,2519.42,4520.1,4545.68,3556.38,3635.62,3466.92,4200.34,1831.54,2933.36,4552.06,900,27000,,
D199940025,F-394,2020,22483.25,3256.22,2900.83,6492.88,6952.7,5332.25,4097.14,4221.43,4921.37,4399.41,6318.11,4790.17,1000,30000,,
D199940036,F-392,2020,25428.11,25413.65,23749.4,24937.08,24126.18,24903.88,24303.22,25112.95,21277.02,24897.01,25630.79,24743.46,900,27000,,
D199940037,R-010,2020,5803.73,5732.78,4959.55,4840.49,6759.46,7320.67,5053.47,5902.28,5293.18,7843.01,5894.85,4912.23,600,18000,,
D199940040,F-384,2020,2614.82,1498.38,1533.64,2479.91,5439.71,2334.4,1763.72,1738.57,1974.36,7845.63,18988.19,8313.46,850,25500,,
D199940041,F-383,2020,1613.1,1304.86,1331.58,1858.62,2469.9,2228.28,2208.03,1767.26,2519.29,2929.92,10751.38,6569.94,1000,30000,,
D199940042,F-382,2020,3018.33,2642.8,2408.45,4556.6,7261.05,5608.33,1775.18,1603.48,8477.11,16272.2,26080.95,12339.85,1050,31500,,
D199940050,F-387,2020,6233.28,5402.18,6992.83,14263.88,12777.72,10510.09,7726.6,9348.37,8769.56,6969.57,5391.45,5100.02,1000,30000,,
D199940051,F-388,2020,6755.66,9025.57,7820.12,10745.78,10605.33,11793.78,8421.76,9041.4,10418.36,11142.72,19701.82,18337.6,900,27000,,
D199940052,F-389,2020,9723.64,13292.45,17079.0,20800.77,19480.91,17975.84,12236.04,11678.71,10791.47,12452.27,14706.86,12510.08,700,21000,,
D199940053,R-011,2020,0.0,0.0,0.0,0.0,20.0,0.0,0.0,541.12,0.0,0.0,9.73,0.0,600,18000,,
D199940058,F-390,2020,11976.68,15260.02,20621.06,22671.48,23721.44,22567.17,18145.52,20544.77,16583.3,15690.69,33041.31,32658.11,800,24000,,
D199940059,F-393,2020,12453.16,12829.32,13187.57,14707.27,14482.11,15358.85,13370.44,16253.2,65.83,10391.2,14239.28,14231.38,1000,30000,,
D199940065,F-353,2020,3763.82,3517.06,3930.31,5369.24,10120.09,9115.22,6888.44,4593.28,7982.5,7188.71,19187.74,8966.57,900,27000,,
D199940073,F-385,2020,2498.39,2125.66,1790.78,2507.63,3734.81,2878.76,1749.88,1873.45,2181.94,4754.76,7786.07,1707.25,1050,31500,,
D199940098,F-396,2020,16677.48,18751.43,16648.87,18188.25,16868.47,14560.52,0.0,13824.41,13877.92,12950.19,13375.66,12816.02,700,21000,,
D199940112,S-015,2020,2867.53,3394.7,5729.28,8205.86,9349.79,7929.39,7117.13,6089.15,7973.45,9376.94,28007.06,16627.74,1300,39000,,
D199940113,S-014,2020,10665.85,8782.78,4809.58,7016.0,5780.66,3069.5,2830.19,2362.26,3245.28,13094.03,18745.68,11917.55,850,25500,,
D200010005,F-399,2020,12918.7,13794.3,21175.8,10717.8,7262.0,6551.8,5964.7,5496.0,5772.3,4887.3,6266.4,5459.8,800,25650,,사후관리DB(원본월별·5년이용량분석)
D200010006,F-402,2020,2545.5,2788.3,2347.0,2897.6,3322.1,5100.8,4057.5,3210.4,4211.7,2964.8,4627.8,3154.8,700,27540,,사후관리DB(원본월별·5년이용량분석)
D200010009,S-016,2020,12666.8,11710.6,12261.5,7870.8,8387.4,8036.7,12580,15396,13896,10712.5,9479.0,8877.2,600,18000,,사후관리DB(원본월별·5년이용량분석)
D200010010,F-398,2020,8018.1,8711.9,6821.3,7315.0,9116.1,9877.9,5943.5,9601.1,6782.7,7447.3,6233.4,5350.9,700,21270,,사후관리DB(원본월별·5년이용량분석)
D200010011,F-397,2020,846.2,246.4,370.7,1121.7,1880.6,1512.5,711.3,2307.9,2367.4,2149.5,1642.6,1418.8,500,15240,,사후관리DB(원본월별·5년이용량분석)
D200010012,F-400,2020,3134.6,2780.1,3364.2,3934.2,5952.6,7092.2,10403.5,6681.1,11033.7,2836.8,4005.9,2849.9,700,28080,,사후관리DB(원본월별·5년이용량분석)
D200010013,F-401,2020,2.2,2.2,2.0,71.4,56.8,94.1,11.3,16.8,11.3,0,0,0,950,28500,,사후관리DB(원본월별·5년이용량분석)
D200020009,F-404,2020,4193.68,4594.26,6384.43,13910.86,19363.68,16083.86,14802.7,11890.86,12371.09,9098.54,14218.03,9091.86,600,18000,,
D200020010,F-405,2020,4224.45,2903.4,4989.01,8342.18,9763.74,7748.59,7478.71,7043.58,8419.7,5237.11,8254.08,5663.14,614,18420,,
D200020031,S-017,2020,2313.18,4540.91,7739.75,7376.62,7980.89,7078.29,5299.3,9345.01,6414.25,6714.55,4154.23,2763.68,700,21000,,
D200020032,F-406,2020,2822.99,2950.66,3690.25,4710.55,5430.56,6169.82,5482.14,4481.94,6534.48,4836.57,8348.61,6103.14,600,18000,,
D200030016,R-012,2020,697.3,545.0,689.3,1974.4,1278.2,1297.5,496.5,1436.0,1270.5,2642.9,1115.9,804.4,800,24000,전년 자료 없음 — 외삽,사후관리DB(원본월별·5년이용량분석)
D200030017,R-013,2020,432.8,4680.2,1758.6,4068.0,2073.7,1999.0,2668.7,2515.2,1965.8,2208.4,1130.8,831.2,800,24000,전년 자료 없음 — 외삽,사후관리DB(원본월별·5년이용량분석)
D200030018,A-002,2020,15457.4,17532.6,18551.0,11813.5,12038.7,14403.6,12723.7,18972.4,14070.2,14468.9,16412.8,17486.9,800,24000,,사후관리DB(원본월별·5년이용량분석)
D200030032,F-422,2020,7310.5,7403.4,6733.5,4658.2,4851.2,5133.6,6488.5,6766.9,8762.7,7514.0,7834.1,5427.5,800,24000,,사후관리DB(원본월별·5년이용량분석)
D200030033,F-409,2020,13.2,232.7,186.6,206.3,195.4,92.2,50.4,55.5,439.0,372.4,5154.0,6678.7,700,24000,전년 자료 없음 — 외삽,사후관리DB(원본월별·5년이용량분석)
D200030034,F-420,2020,2089.7,2284.1,5288.7,4446.4,4146.0,4466.1,3942.2,7947.8,4360.4,10386.0,5464.3,3816.7,800,24000,,사후관리DB(원본월별·5년이용량분석)
D200030035,F-421,2020,2241.9,2953.0,5005.8,6211.1,6550.1,6344.4,5574.6,11753.9,7737.2,10378.5,6730.3,4340.1,800,24000,전년 자료 없음 — 외삽,사후관리DB(원본월별·5년이용량분석)
D200030036,F-408,2020,4887.0,58.2,23325.4,17621.2,16553.7,17554.6,17533.2,33.7,10365.6,17154.6,14399.9,17240.6,750,24000,,사후관리DB(원본월별·5년이용량분석)
D200030037,F-407,2020,23142.0,28432.6,21413.1,17559.6,18026.7,19591,24487.0,26913.9,27532.8,18759.6,20518.2,20158.6,800,24000,,사후관리DB(원본월별·5년이용량분석)
D200030068,F-411,2020,5911,5911,5911,3691.3,3691.3,3691.3,6297.3,6297.3,6297.3,4519,4519,4519,800,24000,,사후관리DB(원본월별·5년이용량분석)
D200030069,F-410,2020,4701.6,3120.2,2858.8,2968.6,3955.6,5306.3,6218.1,7363.2,7855.1,4426.2,4296.2,4762.2,600,18000,,사후관리DB(원본월별·5년이용량분석)
D200030070,F-414,2020,172.9,123.0,140.8,124.7,128.3,144.3,144.2,899.6,7956.2,135.0,2434.4,117.7,810,24300,전년 자료 없음 — 외삽,사후관리DB(원본월별·5년이용량분석)
D200030071,F-415,2020,10341.7,10302.0,12349.1,9806.6,7573.5,8245.4,9323.0,10695.0,12878.0,6501.6,6711.6,5181.7,750,22500,,사후관리DB(원본월별·5년이용량분석)
D200030072,F-416,2020,6825.4,6744.9,7748.9,6132.0,5734.7,7540.4,6517.2,6254.4,7889.8,4384.0,3501.1,2576.8,800,24000,,사후관리DB(원본월별·5년이용량분석)
D200030073,F-423,2020,4900.9,8906.6,10642.9,961.5,1240.9,3952.2,11906.4,11072.9,9177.8,2240.5,5048.6,3045.0,750,22500,전년 자료 없음 — 외삽,사후관리DB(원본월별·5년이용량분석)
D200030076,F-418,2020,0,0,0,0,3.5,0,0,0,0,0,0,0,800,24000,4차이후 외삽 (2020-10-12 ~ 12/31),사후관리DB(원본월별·5년이용량분석)
D200030077,F-412,2020,3462.8,3758.9,3881.3,4908.9,5503.5,6570.9,6358.3,12338.7,9980.4,7508.2,5045.4,2638.7,800,24000,전년 자료 없음 — 외삽,사후관리DB(원본월별·5년이용량분석)
D200030078,F-417,2020,0.3,0.1,0.1,1290.6,2173.4,1288.4,555.6,1208.7,3367.4,6292.4,8535.7,4414.9,800,24000,,사후관리DB(원본월별·5년이용량분석)
D200030079,F-419,2020,2684.0,3123.5,6556.1,7140.5,20202.5,7034.3,6505.0,18122.2,7670.0,12104.3,6612.0,4704.6,700,21000,전년 자료 없음 — 외삽,사후관리DB(원본월별·5년이용량분석)
D200030080,F-413,2020,14421.5,14751.9,18954.0,21937.5,21327.3,24354.7,18925.6,25884.5,21794.5,13252.9,11379.7,9497.1,800,24000,,사후관리DB(원본월별·5년이용량분석)
D200040024,R-015,2020,4273.52,5008.87,3733.32,4705.26,5181.85,4974.57,5010.64,5537.55,6135.1,7799.75,7213.59,5604.87,800,24000,,
D200040035,R-014,2020,5896.13,5830.97,6397.21,10088.91,11368.92,9639.35,10345.29,9660.86,10121.69,9273.48,8291.05,5459.81,700,21000,,
D200040037,F-428,2020,3729.85,1474.7,1398.1,2194.47,9620.15,4529.78,1896.08,1735.8,3005.9,11263.34,22540.29,12469.45,900,27000,,
D200040038,F-427,2020,2023.58,0.0,0.0,995.18,1948.22,839.58,1195.86,933.44,3438.1,3204.35,11931.61,12068.36,1000,30000,,
D200040039,F-425,2020,8971.69,9573.04,14415.03,19347.4,18210.66,19220.4,15336.74,13576.98,13752.56,11951.75,9505.14,10157.43,850,25500,,
D200040040,F-424,2020,17926.51,13831.7,14089.58,21213.89,17759.43,19059.88,13000.87,14935.52,17214.37,13451.89,18979.61,14004.34,600,18000,,
D200040041,F-431,2020,10842.82,10823.95,11806.35,15277.95,13990.18,14368.45,11893.85,13886.54,10968.43,13169.81,12025.7,10261.26,600,18000,,
D200040042,F-430,2020,5224.4,6453.35,6483.39,6057.77,6493.11,5753.31,4561.2,7216.44,17102.36,22402.08,22592.73,23245.58,700,21000,,
D200040091,F-432,2020,14403.06,17502.42,20947.58,28617.87,27580.95,29358.53,24140.02,27149.24,24344.45,25866.86,24817.01,28419.42,700,21000,,
D200040092,F-426,2020,168.15,157.86,310.57,2614.39,1634.21,580.6,683.23,14203.99,4339.11,18365.66,8602.15,6999.98,800,24000,,
W200040109,F-429,2020,31.91,15.47,15.78,977.6,3520.4,1008.8,689.0,689.0,5044.0,6562.4,19034.6,6869.2,800,24000,,
W200040110,S-019,2020,1679.8,1818.29,2515.62,6314.65,4625.36,5342.42,2727.08,3498.41,4289.1,3053.68,3743.95,4256.4,800,24000,,
W200110005,F-434,2020,7516.8,7389.7,10662.3,9872.9,12422.1,11703.6,17412.1,24863.4,20231.4,11666.3,7386.6,6917.0,800,24240,,사후관리DB(원본월별·5년이용량분석)
W200110008,F-435,2020,4683.9,4790.1,4752.9,4919.6,6417.3,9032.5,14976.1,13333.2,20130.0,8066.1,12402.1,8983.3,650,19590,전년 자료 없음 — 외삽,사후관리DB(원본월별·5년이용량분석)
W200110009,F-437,2020,11802.4,12323.7,12869.2,9742.0,10210.5,10843.5,15802.3,17270.3,15816.6,9518.2,9249.5,8822.1,800,24300,,사후관리DB(원본월별·5년이용량분석)
W200110010,F-436,2020,479.4,467.6,646.6,1055.7,1104.0,1324.6,1125.4,862.8,821.0,396,626,591,800,25200,,사후관리DB(원본월별·5년이용량분석)
W200110011,F-438,2020,15367.2,12293.0,14634.3,5356.6,4383.1,5790.8,4496.2,5460.3,5784.3,3817.2,4004.4,3043.2,700,21600,,사후관리DB(원본월별·5년이용량분석)
W200110012,F-439,2020,32773.7,32733.0,30665.4,20172.6,10033.7,10141.5,11970.0,17597.2,13911.0,13004.9,9467.3,7884.9,800,18000,,사후관리DB(원본월별·5년이용량분석)
W200120019,F-441,2020,4635.42,4340.08,6117.77,11011.41,9107.48,10229.27,6484.77,7523.49,7905.39,9858.17,9206.84,6943.76,700,21000,,
W200120020,F-440,2020,668.45,442.52,412.65,808.59,1279.12,1130.84,764.13,665.68,1103.22,847.2,2045.71,973.45,500,15000,,
W200120021,F-468,2020,8700.9,11136.57,13435.47,15840.61,15744.71,15163.51,9109.44,10845.53,7411.62,9953.87,9160.51,6823.78,800,24000,,
W200130021,F-448,2020,33.3,33.3,31.1,41.0,32.2,34.4,11.8,10.7,25.6,0,0,0,600,18000,전년 자료 없음 — 외삽,사후관리DB(원본월별·5년이용량분석)
W200130030,F-445,2020,10588.4,11546.5,11162.7,7968.3,7356.7,7874.6,9543.2,13175.7,12050.4,14329.0,11377.0,9721.4,800,24000,,사후관리DB(원본월별·5년이용량분석)
W200130031,F-447,2020,23751.7,25208.4,21365.0,22142.5,22693.2,23783.0,24028.2,25022.2,25013.1,17452.8,16899.3,14898.8,900,27000,,사후관리DB(원본월별·5년이용량분석)
W200130036,F-457,2020,23314.1,23648.0,19525.3,8985.8,8360.2,8855.3,12278.4,11590.0,17207.6,13923.2,20660.0,14715.7,900,27000,전년 자료 없음 — 외삽,사후관리DB(원본월별·5년이용량분석)
W200130037,F-449,2020,764.7,764.7,764.7,5071.3,5071.3,5071.3,6540.3,6540.3,6540.3,1464.3,1464.3,1464.3,900,27000,,사후관리DB(원본월별·5년이용량분석)
W200130038,F-442,2020,13320.7,8508.8,13887.7,12847.9,14119.1,4573.1,711.5,1420.5,1039.3,7163.3,9333.0,10790.1,800,24000,,사후관리DB(원본월별·5년이용량분석)
W200130045,F-458,2020,3865.8,3589.8,3198.0,3735.7,4282.2,4591.2,8667.6,6645.4,9876.5,5349.6,9652.5,6414.7,700,21000,전년 자료 없음 — 외삽,사후관리DB(원본월별·5년이용량분석)
W200130046,F-456,2020,17162.1,15602.9,14669.7,9014.9,7849.5,7823.2,3163.1,21802.1,14306.9,5184.1,11788.8,10266.0,800,24000,전년 자료 없음 — 외삽,사후관리DB(원본월별·5년이용량분석)
W200130047,F-446,2020,7182.2,7522.9,8226.9,8446.4,7846.3,8509.5,12522.9,16431.0,17058.5,16723.9,13853.0,9161.0,800,24000,전년 자료 없음 — 외삽,사후관리DB(원본월별·5년이용량분석)
W200130048,F-443,2020,12470.4,11228.8,13718.4,9970.0,10382.3,10645.2,11236.2,12488.6,14304.1,7510.1,10630.5,11656.6,700,21000,,사후관리DB(원본월별·5년이용량분석)
W200130049,F-444,2020,27932.9,30609.3,28731.9,22329.7,20464.1,21112.1,21545.7,24337.7,14614.6,20012.8,21646.5,21088.7,700,21000,,사후관리DB(원본월별·5년이용량분석)
W200130050,F-453,2020,3421.8,3119.6,3962.9,7797.5,8850.0,7379.8,4250.3,10713.8,7368.6,13426.7,7815.3,6445.0,800,24000,,사후관리DB(원본월별·5년이용량분석)
W200130051,F-476,2020,1060.0,449.2,677.2,1384.5,1013.9,622.3,508.3,1687.2,564.0,3332.9,1163.0,1615.2,800,24000,전년 자료 없음 — 외삽,사후관리DB(원본월별·5년이용량분석)
W200130052,F-454,2020,696.4,726.9,648.8,2407.5,1572.4,1217.9,490.7,759.6,1376.9,8838.1,4494.5,2297.1,800,24000,전년 자료 없음 — 외삽,사후관리DB(원본월별·5년이용량분석)
W200130062,F-452,2020,3319.5,3486.7,3639.1,5818.9,7100.2,6950.6,5405.7,5363.6,7214.0,4440.6,6593.4,4001.4,700,21000,전년 자료 없음 — 외삽,사후관리DB(원본월별·5년이용량분석)
W200130063,R-016,2020,2182.7,753.6,1028.6,2156.4,1858.1,791.9,177.2,2508.4,1100.1,9285.8,4789.0,2736.8,1000,30000,,사후관리DB(원본월별·5년이용량분석)
W200130064,R-017,2020,670.1,563.4,980.4,1730.7,1322.4,662.3,696.4,2962.3,1252.1,5774.4,2197.9,1966.6,1000,30000,전년 자료 없음 — 외삽,사후관리DB(원본월별·5년이용량분석)
W200130070,F-450,2020,79.2,80.7,125.0,77.3,85.1,72.7,62.8,95.5,155.9,295.4,2023.7,2743.3,700,21000,,사후관리DB(원본월별·5년이용량분석)
W200130071,F-455,2020,5882.4,5497.2,10147.0,7592.7,6662.5,7347.7,8418.8,17797.4,10283.5,14281.8,10853.3,8185.3,800,24000,전년 자료 없음 — 외삽,사후관리DB(원본월별·5년이용량분석)
W200140097,F-462,2020,3723.24,4195.75,7338.04,10264.11,10804.62,11122.24,6020.45,11471.66,5611.05,10641.24,9691.67,7747.31,800,24000,,
W200140127,F-461,2020,3125.83,1668.19,1506.23,3242.45,5465.49,3009.09,2445.63,2129.94,6142.06,4805.7,23220.66,9969.96,850,25500,,
W200140128,F-459,2020,4356.75,8560.51,9097.26,13619.16,12912.78,11483.52,10243.1,11228.52,11328.73,8776.57,10701.54,9200.71,700,21000,,
W200140129,F-467,2020,454.89,531.28,651.99,751.1,748.3,1365.0,1193.8,1742.67,1500.13,2674.05,1833.11,2161.71,500,15000,,
W200140141,F-464,2020,1983.94,1323.38,883.76,1357.42,7551.89,1271.31,210.15,425.43,2849.86,10125.82,22326.67,11538.41,900,27000,,
W200140142,F-465,2020,8619.58,5994.43,5875.58,3989.53,5816.72,4100.27,3465.44,3746.42,6087.93,12661.84,23304.16,12497.04,850,25500,,
W200140143,F-460,2020,3789.05,3311.68,3225.49,5080.39,7794.96,6288.46,5584.11,4548.14,7901.5,8165.83,16167.71,11487.58,900,27000,,
W200140156,F-463,2020,1550.56,437.85,373.58,486.08,3159.52,313.07,97.94,134.67,912.06,4479.01,17092.16,7858.13,700,21000,,
W200140157,F-466,2020,0.0,0.0,0.0,0.0,0.0,0.0,74.5,211.32,222.29,76.53,0.21,0.0,850,25500,,
W200140158,R-019,2020,5076.07,5051.62,4950.06,5079.36,4345.13,4758.0,3670.23,4811.73,3688.1,4312.71,4227.04,3661.18,850,25500,,
W200140159,R-018,2020,2243.28,2072.67,4973.07,7115.22,7049.45,6414.57,3978.74,6014.75,3310.89,6893.49,4382.51,3275.19,600,18000,,
W200210003,F-471,2020,4213.9,4581.6,6597.3,5601.3,7051.1,9682.3,2410.6,739.7,5267.4,1114.8,2101.0,979.9,800,24000,,사후관리DB(원본월별·5년이용량분석)
W200210004,F-470,2020,2136.7,110.2,102.3,42.7,25.9,29.2,19.8,9.9,12.7,0,0,0,800,24000,전년 자료 없음 — 외삽,사후관리DB(원본월별·5년이용량분석)
W200210007,F-469,2020,3177.3,3345.5,4565.6,4206.0,4653.7,7180.1,9445.6,9526.6,12484.7,5844.3,7305.7,6639.3,800,24000,전년 자료 없음 — 외삽,사후관리DB(원본월별·5년이용량분석)
W200220011,F-472,2020,1760.59,1844.02,2174.24,2147.19,1773.69,1659.26,1491.82,2047.95,1306.99,1763.11,1757.74,1831.2,800,24000,,
W200220012,F-474,2020,10076.45,12609.74,19541.99,26988.86,25065.88,26385.83,20773.07,23350.88,21880.84,24813.32,20532.84,13792.04,700,21000,,
W200220013,F-473,2020,10204.16,12465.79,19553.07,17098.91,16097.41,18070.14,15441.91,17676.02,12269.08,14740.09,14204.34,14766.7,600,18000,,
W200220014,F-475,2020,2964.25,2423.84,4190.32,10372.41,13004.28,13682.57,18381.29,13435.13,15607.85,7574.33,9836.57,4784.03,700,21000,,
W200230012,F-481,2020,2747.1,3449.0,3903.7,5391.9,7142.5,6944.6,6802.6,7642.4,11912.6,7924.3,11030.2,4771.8,800,24000,,사후관리DB(원본월별·5년이용량분석)
W200230013,F-484,2020,255.5,311.3,396.5,1103.6,1603.9,2036.3,714.6,1869.5,3796.4,6894.8,4714.4,3004.4,800,24000,전년 자료 없음 — 외삽,사후관리DB(원본월별·5년이용량분석)
W200230014,F-489,2020,2233.5,2101.5,261.8,7287.3,7804.7,8141.1,9740.0,16023.1,11775.5,12425.9,11748.7,13930.7,700,21000,,사후관리DB(원본월별·5년이용량분석)
W200230015,F-488,2020,2438.8,4596.3,2438.8,2688.4,4979,9963.2,9259.5,13724.7,11404.9,13928.6,7347.5,9282.2,800,24000,전년 자료 없음 — 외삽,사후관리DB(원본월별·5년이용량분석)
W200230016,F-477,2020,600.1,702.5,1785.6,2000.8,2130.1,2055.4,1429.6,4786.7,2636.4,6177.1,3438.0,2665.8,800,24000,전년 자료 없음 — 외삽,사후관리DB(원본월별·5년이용량분석)
W200230017,F-478,2020,0,0,0,0,0,0,0,0,0,0,0,0,800,24000,다음해 자료 없음 — 3→4차 일평균 외삽,사후관리DB(원본월별·5년이용량분석)
W200230020,F-483,2020,7.5,9.0,7.5,33.0,64.3,12.6,8.4,2113.7,4652.6,8261.4,1352.4,6081.6,800,24000,전년 자료 없음 — 외삽,사후관리DB(원본월별·5년이용량분석)
W200230021,F-482,2020,8682.2,9002.8,9344.8,5872.1,5964.2,6256.0,11490.5,11192.9,12578.5,7551.2,9021.0,7136.5,800,24000,,사후관리DB(원본월별·5년이용량분석)
W200230022,F-479,2020,175.4,66.4,170.0,1200.8,1360.9,993.8,571.1,1514.3,809.1,6379.4,3256.1,2574.1,600,18000,,사후관리DB(원본월별·5년이용량분석)
W200230029,F-487,2020,4305.8,3831.2,4098.7,2797.4,2698.8,3494.0,2196.5,2459.1,3105.7,1236.8,2084.3,1602.6,800,24000,,사후관리DB(원본월별·5년이용량분석)
W200230030,R-020,2020,323.9,536.5,542.3,1682.5,1904.9,2133.3,1044.0,1945.2,947.7,5874.5,3689.0,2905.6,800,24000,,사후관리DB(원본월별·5년이용량분석)
W200230042,R-021,2020,1246.6,1038.4,1280.4,1554.3,1290.6,872.0,628.3,2393.3,1261.9,4321.0,1913.9,1445.6,800,24000,,사후관리DB(원본월별·5년이용량분석)
W200230044,F-480,2020,4994.3,3730.0,4369.1,7048.6,7095.3,7341.9,4500.7,7214.6,6101.6,7723.3,6529.1,5184.6,800,24000,,사후관리DB(원본월별·5년이용량분석)
W200240015,F-492,2020,2731.68,2240.48,2126.4,3116.56,8764.73,4196.67,1655.01,2453.87,7313.86,14795.91,24677.67,15943.49,900,27000,,
W200240034,F-493,2020,877.91,0.0,0.0,426.33,2689.68,1105.68,0.0,0.0,2305.74,6634.3,17602.92,6317.69,800,24000,,
W200240035,R-022,2020,1884.6,2841.0,2689.2,3060.75,2812.58,2826.26,2407.3,3097.41,3124.63,3299.02,3322.49,3132.77,600,18000,,
W200240046,R-023,2020,15090.8,14555.78,40346.97,34443.79,34316.38,34088.85,33795.91,29705.13,26312.23,26974.74,34626.98,30520.07,800,24000,,
W200240051,F-491,2020,190.01,165.65,730.8,2763.69,3056.89,545.68,0.0,1425.0,798.0,16279.27,10526.29,8540.95,700,21000,,
W200240052,F-490,2020,1896.67,2291.13,2965.71,13572.07,14362.68,12625.74,9743.67,9284.5,11513.53,6050.29,10083.23,6861.4,900,27000,,
W200310004,F-494,2020,8560.1,5075.3,3085.9,6429.8,5255.5,7273.8,3432.7,7080.7,5142.4,4424.0,3619.3,2264.0,700,21000,,사후관리DB(원본월별·5년이용량분석)
W200310006,F-495,2020,10327.4,10381.8,9364.6,9699.4,8128.1,9100.1,15324.7,15114.4,17360.9,9712.4,10459.7,9800.3,800,24000,,사후관리DB(원본월별·5년이용량분석)
W200320014,F-496,2020,1144.84,1813.81,3209.98,2732.52,2703.04,2986.37,2909.75,3920.3,2470.46,3245.85,3311.36,3151.68,500,15000,,
W200320016,F-499,2020,3357.46,3253.11,4156.62,8758.24,10349.03,10636.29,15759.41,11709.32,12551.28,6505.71,9253.27,6189.9,700,21000,,
W200320017,F-497,2020,2163.78,1832.39,3269.93,13235.6,12190.44,12222.39,4207.17,3976.31,2820.68,6041.93,7085.01,6466.61,550,16500,,
W200320018,F-498,2020,4686.91,4808.73,7542.69,12756.51,10850.68,11899.07,7414.77,8720.22,11575.21,10042.67,7218.36,4354.46,800,24000,,
W200320019,F-403-1,2020,6940.23,6113.71,4667.66,5938.62,6051.63,6701.76,6273.45,6274.73,5239.58,4227.98,6311.91,4813.4,500,15000,,
W200320020,F-500,2020,432.53,751.58,1024.59,1286.18,1065.27,1304.18,1064.51,867.54,857.76,2235.94,2054.78,1889.94,600,18000,,
W200330052,F-503,2020,7917.7,8612.1,10026.5,4459.6,4534.0,6120.0,6584.2,6351.4,7049.9,5192.5,4316.5,3294.7,800,24000,,사후관리DB(원본월별·5년이용량분석)
W200330053,F-501,2020,11733.3,12307.2,14821.5,16154.1,13773.5,14910.6,11116.9,16176.0,9885.5,20614.5,13085.3,10173.6,800,24000,,사후관리DB(원본월별·5년이용량분석)
W200330057,F-506,2020,5408.3,5927.2,4067.2,6644.0,6369.1,9393.8,8275.4,12949.8,14680.0,25642.5,19946.1,13071.4,700,21000,,사후관리DB(원본월별·5년이용량분석)
W200330062,F-504,2020,13904.0,14747.9,12993.4,13148.7,12096.8,11909.4,11222.3,11808.8,13607.4,9442.1,11258.6,9950.5,800,24000,,사후관리DB(원본월별·5년이용량분석)
W200330064,R-024,2020,10455.4,10693.2,12189.0,6788.5,6824.8,5559.0,9285.5,15386.0,13109.4,13421.2,10635.9,8987.2,800,24000,,사후관리DB(원본월별·5년이용량분석)
W200330065,F-508,2020,1055.1,1122.0,1205.2,1468.8,1568.3,2167.7,1242.7,2391.2,4300.9,6617.0,3369.7,1841.4,700,21000,,사후관리DB(원본월별·5년이용량분석)
W200330077,F-507,2020,10138.5,10428.8,10896.8,7173.2,6621.4,6857.4,4481.7,6606.5,7490.1,11032.1,7229.7,4783.0,900,27000,,사후관리DB(원본월별·5년이용량분석)
W200330078,F-510,2020,22863.6,19008.6,18223.0,14557.1,15825.0,14118.5,17346.9,27060.5,18707.5,19028.0,22021.3,23508.1,800,24000,,사후관리DB(원본월별·5년이용량분석)
W200330079,F-502,2020,2325.8,1955.2,2176.0,2176.1,2124.4,1938.7,1914.2,3200.3,1469.4,10338.4,4645.7,3961.1,800,24000,,사후관리DB(원본월별·5년이용량분석)
W200330081,R-025,2020,1.9,2.0,3.4,68.3,37.9,81.6,33.0,180.6,133.5,5376.2,1655.7,2553.0,700,21000,전년 자료 없음 — 외삽,사후관리DB(원본월별·5년이용량분석)
W200330082,F-505,2020,39.6,8.5,4.7,79.8,152.1,14.8,13.5,513.1,55.9,28.9,13.0,18.8,900,27000,전년 자료 없음 — 외삽,사후관리DB(원본월별·5년이용량분석)
W200330083,F-509,2020,2496.7,2626.4,3259.8,2904.5,3282.1,4547.9,5026.9,9239.6,9263.0,4599.2,4177.5,4294.1,800,24000,,사후관리DB(원본월별·5년이용량분석)
W200340023,F-520,2020,711.68,298.45,731.36,866.9,6421.74,779.46,1615.6,774.36,3555.02,7998.74,20699.61,8014.71,800,24000,,
W200340024,F-516,2020,9037.52,10959.35,14263.37,27292.48,23800.25,26188.58,16733.1,16955.64,20537.41,16341.35,17195.8,10607.19,700,21000,,
W200340028,F-518,2020,10265.54,7084.42,5824.97,8140.07,8957.97,9366.92,7155.3,7727.84,2323.66,3808.51,3316.11,3510.02,800,24000,,
W200340029,F-514,2020,2304.62,2188.58,1975.39,4227.76,4595.75,3271.55,2696.86,3009.46,3767.12,2910.51,4529.86,3979.23,800,24000,,
W200340031,F-515,2020,7529.5,7399.08,7378.73,17166.15,14818.5,16114.43,1195.34,1501.83,1333.49,12772.4,16796.15,17398.33,700,21000,,
W200340032,R-026,2020,8849.94,10165.19,14836.77,21362.31,20389.81,21416.15,19236.15,17174.09,18339.6,11600.18,17243.0,13158.99,800,24000,,
W200340033,F-519,2020,9312.7,9027.73,10646.16,4015.0,7038.5,4709.62,4276.99,4245.25,6845.5,8248.21,26100.61,23220.24,800,24000,,
W200340034,F-521,2020,1551.05,947.25,1179.9,2125.22,6296.02,2402.54,1897.05,1701.09,2958.53,7323.1,12929.98,6317.81,800,24000,,
W200340035,F-522,2020,1143.18,837.81,1021.82,741.26,3017.98,515.35,326.6,22.41,838.9,4597.15,21000.63,10775.93,800,24000,,
W200340036,F-517,2020,0.0,99.45,11.88,43.71,140.14,38.57,0.69,5.08,2.77,933.19,282.79,200.93,800,24000,,
W200340046,F-513,2020,9338.59,10807.61,10001.2,7338.11,7629.03,9211.71,6044.22,10051.75,8772.24,10622.1,9662.5,10639.83,800,24000,,
W200340052,R-027,2020,3972.99,3660.98,4247.19,4346.83,4884.55,5559.51,3671.01,4554.84,2630.76,8115.7,6164.61,2798.32,700,21000,,
W200410005,F-433,2020,12783.7,12795.5,11944.0,5899.7,7406.6,9694.1,16407.2,18286,17533.6,10945.1,12791.0,13673.4,600,18000,전년 자료 없음 — 외삽,사후관리DB(원본월별·5년이용량분석)
W200410006,F-523,2020,24302.3,21593.9,18759.6,19118.3,21509.5,23399.1,22967.2,26042.2,21898.1,19285.9,18322.4,15804.2,700,21000,,사후관리DB(원본월별·5년이용량분석)
W200420001,F-526,2020,6462.47,6882.06,9672.31,11199.14,11261.69,11931.28,9536.44,9433.56,9985.65,12158.51,11392.53,12838.24,700,21000,,
W200420002,F-525,2020,3296.73,4307.47,9052.09,11452.88,10812.36,12358.69,8805.48,9089.36,8004.26,14291.63,11197.9,8290.69,800,24000,,
W200420003,F-524,2020,2877.99,2420.69,2918.25,5116.01,6472.52,5282.87,4954.61,3667.93,6608.61,6761.34,4366.55,2699.64,700,21000,,
W200430016,F-529,2020,4872.5,3290.2,3245.7,7099.7,7767.8,7097.6,3525.1,11081.3,4749.9,12295.8,7931.5,5095.2,800,24000,전년 자료 없음 — 외삽,사후관리DB(원본월별·5년이용량분석)
W200430017,F-527,2020,19558.5,13704.8,13194.7,16678.2,18780.8,19889.0,17453.2,16970.2,23650.9,17450.1,20644.6,20097.1,800,24000,전년 자료 없음 — 외삽,사후관리DB(원본월별·5년이용량분석)
W200430018,F-528,2020,3398.5,3099.5,3009.1,5108.3,8615.1,6929.0,5565.9,3542.4,6590.8,4889.2,7489.5,5077.2,800,24000,전년 자료 없음 — 외삽,사후관리DB(원본월별·5년이용량분석)
W200440020,R-029,2020,2161.3,2265.62,2027.71,2383.25,2554.98,2698.67,11475.76,4182.07,2782.11,3509.61,3100.22,3053.69,800,24000,,
W200440021,F-531,2020,2137.1,1306.88,1118.31,2435.42,7770.8,3020.78,2937.62,2876.25,5724.59,11537.47,23156.34,11912.95,800,24000,,
W200520003,F-536,2020,10193.09,11135.01,12158.32,13243.54,13431.0,14014.5,15541.11,15093.6,11759.77,12884.06,13810.85,10627.53,700,21000,,
W200520004,F-537,2020,725.69,877.74,1122.4,2709.29,2442.78,2423.28,1593.34,2228.34,1493.69,1971.86,1742.81,1713.33,700,21000,,
W200520005,F-538,2020,2367.25,2456.36,3828.29,5582.81,6467.38,6467.38,6096.0,5577.33,6460.38,5511.35,7582.45,4675.65,600,18000,,
W200530001,F-540,2020,8515.9,4307.8,3388.0,1889.1,1971.0,1714.8,5424.7,603.7,28.4,26.3,4028.7,79.0,800,18000,전년 자료 없음 — 외삽,사후관리DB(원본월별·5년이용량분석)
W200540001,F-533,2020,508.3,225.91,38.83,41.76,2662.23,1774.82,248.77,43.9,1686.49,7946.17,19990.71,8422.23,800,24000,,
W200540002,F-532,2020,2148.77,1763.36,1611.57,2970.79,4508.33,2751.14,985.56,0.0,75.92,9565.78,16806.55,11712.65,800,24000,,
W200540003,R-030,2020,1280.64,2216.6,4028.12,4891.1,3924.96,4511.19,2557.57,4924.24,2892.3,13800.58,7621.91,6635.78,700,21000,,
W200540020,F-546,2020,9177.43,15293.31,14549.71,15541.66,10198.41,11119.5,16683.16,16013.29,15544.29,18353.25,16958.96,13981.58,800,24000,,
W200540021,F-545,2020,17419.32,15727.74,17404.44,20426.55,18675.84,18784.96,16200.29,18142.54,17395.52,15868.37,14380.96,12595.54,800,24000,,
W200540023,F-548,2020,1253.52,1582.63,2569.95,4179.74,4713.07,4608.73,3061.76,5193.62,2471.4,3393.14,2552.12,1924.26,700,21000,,
W200540024,F-550,2020,603.51,141.96,139.63,278.42,589.02,317.59,167.01,162.67,553.09,1206.43,5087.44,3089.49,700,21000,,
W200540025,F-549,2020,2365.35,2438.73,2342.47,2438.88,2788.96,3166.34,3798.69,4052.19,4756.14,4372.2,5008.68,5085.32,800,24000,,
W200540027,F-547,2020,12342.33,11805.84,15734.59,18264.43,16063.61,16708.53,19661.46,23739.43,16888.17,9611.56,12419.69,18826.92,900,27000,,
W200610002,F-551,2020,0,0,0,4.4,2.2,1.8,1.2,2,2.7,111.8,6.7,16.4,800,24000,,사후관리DB(원본월별·5년이용량분석)
W200610008,F-568,2020,38.5,25.1,6.3,0,0,0.9,0,0,0,0,0,0,1500,45000,4차이후 외삽 (2020-11-17 ~ 12/31),사후관리DB(원본월별·5년이용량분석)
W200610009,F-569,2020,11799,12035.5,8676.4,6695.9,6628.1,5086.0,3328.1,4104.7,4786.5,4499.2,5282.9,5457.3,1500,45000,,사후관리DB(원본월별·5년이용량분석)
W200610014,F-541,2020,756.3,62861.8,14586.8,10939.4,10777.1,17865.6,15159.3,18543.7,15008.3,7952.9,19523.1,15312.3,1000,30000,,사후관리DB(원본월별·5년이용량분석)
W200610015,F-542,2020,9247.2,441.4,5106.5,4803.0,5025.8,6959.9,6807.8,8337.1,8887.9,9332.7,6679.1,3593.9,1000,30000,,사후관리DB(원본월별·5년이용량분석)
W200610016,F-543,2020,120.4,52.8,2443.2,4860.3,5069.6,7006.5,1550.6,1669.2,1854.1,2633.9,516.0,948.5,1000,30000,,사후관리DB(원본월별·5년이용량분석)
W200610017,F-544,2020,215.0,215.0,87.7,8.8,8.8,13.2,13.2,197.4,241.3,28298.0,461.5,34100.8,1000,30000,2→3차 역행,사후관리DB(원본월별·5년이용량분석)
W200620002,F-556,2020,4037.58,2551.75,2482.53,1249.33,4340.85,5780.98,5671.75,7788.21,3880.18,8083.18,16391.57,9632.92,800,24000,,
W200620003,F-557,2020,349.08,113.99,110.42,290.12,557.79,93.25,348.35,78.94,1048.48,2817.3,7671.77,3797.77,800,24000,,
W200620004,F-559,2020,6077.8,9970.38,9378.87,11236.05,10799.52,11194.72,8062.4,4332.55,11205.91,7121.43,3490.5,2946.7,700,21000,,
W200620006,F-558,2020,2120.45,1408.0,1579.78,2727.05,6153.58,3701.0,4739.92,2593.98,4129.74,5178.33,20165.01,8637.75,800,24000,,
W200620010,F-562,2020,2835.22,6194.98,7632.51,5331.97,3648.31,4105.2,1603.1,5215.19,2303.75,6838.87,4304.65,5150.96,900,27000,,
W200620011,F-554,2020,4909.75,4608.87,4372.66,4174.39,7803.4,5200.54,5520.39,4217.32,5557.14,10113.45,16861.32,11460.8,600,18000,,
W200620012,F-560,2020,4822.63,6262.32,9906.73,16661.6,16465.6,15724.14,15558.75,13001.04,10814.8,7054.52,9255.15,9586.35,900,27000,,
W200620018,F-561,2020,3347.07,2993.67,3129.45,1898.94,1528.67,1628.29,1443.14,1486.14,2102.46,1707.08,1817.5,2484.49,900,27000,,
W200630021,F-553,2020,11728.5,11519.6,12961.6,12188.4,15320.4,13219.4,8119.1,16230.0,10657.2,15585.0,11230.4,9661.8,800,24000,,사후관리DB(원본월별·5년이용량분석)
W200710016,F-565,2020,10650.5,9023.6,9304.8,8469.8,10281.2,119.4,81.2,84.9,5589.2,6430.1,13247.4,7290.3,800,24000,,사후관리DB(원본월별·5년이용량분석)
W200710017,F-570,2020,3547.6,3579.8,6603.2,8488.3,9594.9,8098.4,5305.0,10129.1,5135.3,10837.3,7732.5,4832.8,800,24000,전년 자료 없음 — 외삽,사후관리DB(원본월별·5년이용량분석)
W200710018,F-566,2020,586.0,797.3,987.5,3109.7,3903.2,5963.4,5023,4433,7031,3782.2,4395.9,3342.1,900,27000,전년 자료 없음 — 외삽,사후관리DB(원본월별·5년이용량분석)
W200710019,F-563,2020,10605.2,5677.6,11881.8,10406.1,12859.2,12699.0,8019.2,10711.5,9086.6,16865.7,11562.2,10632.9,1000,30000,,사후관리DB(원본월별·5년이용량분석)
W200710020,F-564,2020,207.5,207.5,193.0,205.1,200.3,209.9,202.7,229.2,219.6,200.3,205.1,200.3,1000,30000,,사후관리DB(원본월별·5년이용량분석)
W200710036,F-567,2020,2169.3,1693.7,1606.1,1845.6,1303.8,3119.1,4949.0,2737.6,3740.1,3831.7,3342.2,2693.9,500,15000,,사후관리DB(원본월별·5년이용량분석)
W200720008,F-574,2020,6354.92,6724.66,6607.01,7872.91,7261.32,10203.68,7255.95,9377.86,6187.1,4973.13,6007.59,4799.57,600,18000,,
W200720009,F-571,2020,19532.26,19428.74,19500.97,20082.44,16209.5,17149.08,15164.99,16902.18,11360.07,15953.53,15375.25,16891.98,700,21000,,
W200720010,F-575,2020,652.1,1578.76,2875.81,5159.88,5381.62,5065.97,3134.99,3414.66,3433.31,2436.13,2957.65,1847.46,900,27000,,
W200720011,F-576,2020,11040.89,10508.71,12261.46,6935.59,6995.57,7217.32,12448.42,12691.96,11644.41,10439.83,10601.78,9035.58,700,21000,,
W200720012,F-573,2020,4885.55,5316.42,5636.99,6132.02,3148.78,1741.1,4825.86,7702.18,4643.02,9407.24,6660.53,3853.99,800,24000,,
W200720021,F-572,2020,1634.69,1463.62,1266.41,1788.31,3888.6,2657.9,3007.21,2169.54,3592.84,4844.58,8047.06,4149.94,800,24000,,
W200720022,F-577,2020,4428.37,1481.46,2504.98,5396.55,12843.28,7207.54,5284.93,3274.34,10797.57,10661.88,23277.36,12631.61,800,24000,,
W200810009,F-578,2020,12678.5,9528.2,7947.2,19145.0,19175.9,12019.2,3948.7,1231.4,3542.5,5619.7,7010.3,1187.2,800,24000,,사후관리DB(원본월별·5년이용량분석)
W200810010,F-579,2020,716,866,854,3777.1,3744.9,2681.1,1778.2,8480.1,4599.2,11837.0,5514.9,4480.0,800,24000,전년 자료 없음 — 외삽,사후관리DB(원본월별·5년이용량분석)
W200810011,F-580,2020,12984.5,13528.3,14550.1,17926.9,15223.3,16865.4,10387.3,12290.2,14724.5,12044.2,12767.1,7927.2,800,24000,전년 자료 없음 — 외삽,사후관리DB(원본월별·5년이용량분석)
W200810012,F-581,2020,1216.0,1985.3,2859.3,3401.9,4575.3,5097.9,3000.7,3650.0,7893.7,4307.8,5427.4,4211.5,800,24000,,사후관리DB(원본월별·5년이용량분석)
W200810016,F-582,2020,1024.7,1245.5,3784.9,3612.7,3568.5,2913.3,3008.1,5920.2,4270.1,7814.9,4292.6,4180.8,800,24000,전년 자료 없음 — 외삽,사후관리DB(원본월별·5년이용량분석)
W200810017,F-583,2020,5639.5,3940.0,4331.5,5164.4,5697.2,6606.3,3824.8,5634.7,8610.6,5084.1,1600.4,2.6,500,15000,전년 자료 없음 — 외삽,사후관리DB(원본월별·5년이용량분석)
W200810018,F-591,2020,6924.8,5320.6,5836.8,4150.3,4568.7,5270.7,4405.3,6451.4,5612.1,1286.6,8012.9,13095.6,500,15000,,사후관리DB(원본월별·5년이용량분석)
W200810019,F-584,2020,21394.2,24077.5,23475.6,13356.8,13696.3,15191.0,21067.1,20857.0,18750.5,13405.6,14316.9,12786.8,900,27000,,사후관리DB(원본월별·5년이용량분석)
W200810020,F-585,2020,7269.6,6853.6,12516.4,5282.9,5871.2,9215.4,9513.2,11253.5,9595.1,4165.1,9004.5,1388.1,700,21000,,사후관리DB(원본월별·5년이용량분석)
W200810026,F-586,2020,1769.5,3047.8,2383.5,3834.8,6983.1,7926.4,2368.7,1266.9,2323.5,1242.6,2101.6,1266.3,810,24300,1→2차 역행; 2→3차 역행; 3→4차 역행,사후관리DB(원본월별·5년이용량분석)
W200820014,F-587,2020,1287.3,517.09,493.58,1666.05,4291.72,3359.95,1479.75,1295.41,3169.08,6080.33,13761.7,7152.87,900,27000,,
W200820015,F-588,2020,6576.44,6713.21,6045.03,6215.43,7486.58,4717.29,3785.67,5326.44,4713.25,7366.99,8195.74,9223.81,800,24000,,
W200820016,F-589,2020,0.0,0.0,0.0,0.0,0.0,0.0,0.78,0.0,0.0,0.89,0.89,0.78,800,24000,,
W200820020,F-590,2020,4521.63,5670.02,3790.99,7022.71,7415.4,11074.86,10524.48,11401.73,14494.17,18150.77,20358.08,16181.73,800,24000,,
W200820028,F-555-1,2020,7152.22,5440.27,4859.9,6235.15,8480.38,8273.25,7935.89,7522.88,6262.51,7104.73,8382.97,7423.09,300,9000,,
W200910003,F-592,2020,19.6,22.1,240.1,1221.0,868.0,624.9,17.8,1968.1,116.7,3453.2,811.1,2500.2,800,24000,,사후관리DB(원본월별·5년이용량분석)
W200910004,F-593,2020,5045.2,10956.5,3517.3,6920.8,6340.5,8434.7,2475.1,6441.2,6151.1,9395.2,3877.3,2993.8,800,24000,,사후관리DB(원본월별·5년이용량분석)
W200910007,F-594,2020,11714.7,10970.7,8247.0,6930.5,10037.0,7373.4,9934.3,10737.4,15621.3,11388.4,14302.1,11964.0,700,21000,,사후관리DB(원본월별·5년이용량분석)
W200910008,F-595,2020,0,0,0,0,193.3,14.8,346.4,49.6,464.7,11.4,822.5,1906.2,900,27000,,사후관리DB(원본월별·5년이용량분석)
W200910009,F-596,2020,15286.5,12528.1,9196.2,6508.6,6489.5,11308.9,10541.4,9902.9,11270.3,6760.1,6263.5,6716.5,500,15000,,사후관리DB(원본월별·5년이용량분석)
W200910017,F-597,2020,1369.9,1354.2,1798.5,1984.5,2093.0,1277.1,1068.3,3620.9,2165.6,7483.8,3423.5,2303.5,950,28500,,사후관리DB(원본월별·5년이용량분석)
W200910018,F-607,2020,9062.9,8467.5,10133.9,12110.5,14760.9,19143.1,10173.6,15391.3,11682.2,19225.3,12892.8,10274.8,900,27000,전년 자료 없음 — 외삽,사후관리DB(원본월별·5년이용량분석)
W200910019,F-598,2020,3024.4,3154.7,3903.8,4663.2,3936.7,4893.4,17747.6,18793.1,16696.1,7483.2,8316.1,8133.2,800,24000,전년 자료 없음 — 외삽,사후관리DB(원본월별·5년이용량분석)
W200910020,F-599,2020,2626.5,2735.1,3341.2,4087.1,4622.1,3304.2,1320.5,3277.2,1601.3,7008.6,1933.9,3321.4,800,24000,,사후관리DB(원본월별·5년이용량분석)
W200920001,F-600,2020,984.88,1721.84,2844.31,4287.72,4338.82,4722.06,2448.15,3654.15,3268.61,2260.22,2435.79,1542.01,600,18000,,
W200920025,F-601,2020,2883.47,3447.75,3227.85,3283.29,3417.34,4150.52,3624.77,4853.68,3954.53,3058.77,3007.29,2938.98,800,24000,,
W200920026,F-602,2020,5245.34,5422.46,5327.42,12783.46,15144.54,14101.58,12011.36,13408.49,12449.81,9808.11,10266.12,8727.4,850,25500,,
W200920034,F-603,2020,28026.44,25121.75,22143.48,25630.18,28792.31,28002.54,28179.21,28154.42,31104.66,23547.23,39046.75,35978.35,950,28500,,
W200920035,F-604,2020,1070.55,533.84,889.74,1702.13,2270.61,1827.73,1552.46,1055.47,3267.81,1659.78,2337.2,1409.24,800,24000,,
W200920036,F-605,2020,1857.59,469.43,754.44,2525.01,4861.24,2265.43,2817.73,2215.89,2639.92,7884.07,15144.02,9139.04,850,25500,,
W200920037,F-606,2020,3834.91,1766.91,3268.45,6017.13,5876.02,5504.29,2811.05,5136.01,2456.31,4513.85,2889.16,3078.41,800,24000,,
W201010002,F-608,2020,17988.9,12233.1,11981.9,15588.3,21004.9,25171.7,19343,23093,30110,30395.2,21164.4,9456.4,700,21000,,사후관리DB(원본월별·5년이용량분석)
W201010003,F-609,2020,30.5,25.4,48.8,133.3,185.7,163.1,101.6,113.1,103.9,126.3,59.5,77.7,600,18000,,사후관리DB(원본월별·5년이용량분석)
W201010006,F-611,2020,291.9,389.1,542.2,1283.4,1092.0,828.0,2137.8,1451.4,1298.4,2608.4,1473.5,829.3,800,24000,,사후관리DB(원본월별·5년이용량분석)
W201010007,F-610,2020,1470.8,1692.5,1831.0,2367.7,3155.5,2078.5,1617.9,2951.5,1981.2,3954.7,2375.2,2191.0,800,24000,,사후관리DB(원본월별·5년이용량분석)
W201010014,F-612,2020,669.0,737.9,1728.4,2329.4,1590.3,1679.4,1440.1,5074.0,3112.4,7596.7,2779.6,2357.0,800,24000,,사후관리DB(원본월별·5년이용량분석)
W201010015,F-613,2020,5719.2,4698.6,4479.0,3804.1,3804.8,4255.4,2950.6,6113.8,3837.2,2945.6,2035.2,2912.8,800,24000,,사후관리DB(원본월별·5년이용량분석)
W201010016,F-614,2020,4108.6,5482.5,3909.3,3547.5,3095.4,2614.8,2728.0,3646.0,4303.6,3895.5,3617.7,1591.9,800,24000,전년 자료 없음 — 외삽,사후관리DB(원본월별·5년이용량분석)
W201020012,F-616,2020,6439.81,8493.96,8386.86,14186.0,13000.0,24084.0,23214.29,25762.6,25787.27,22351.38,20794.21,11072.88,900,27000,,
W201020013,F-615,2020,6676.03,6790.75,6625.66,7361.48,7718.55,7767.11,7450.36,7204.5,7381.75,7307.88,9104.56,8044.13,800,24000,,
W201020015,F-617,2020,9658.08,10105.01,9947.98,13479.81,12908.52,12933.59,14090.18,14548.81,13729.83,13044.64,14903.91,13595.54,800,24000,,
W201020025,F-627,2020,0.0,0.0,0.0,0.0,0.0,0.0,0.0,0.0,0.0,0.0,0.0,0.0,600,18000,,
W201110010,F-620,2020,995.2,1032.9,1818.3,4245.6,3285.0,3127.7,2512.3,3003.8,4977.5,5121.2,4824.7,1906.9,900,27000,,사후관리DB(원본월별·5년이용량분석)
W201110012,F-618,2020,17973.2,27777.4,18033.6,11396.0,11229.1,11937.8,10726.7,11275.2,10999.9,11710.5,11325.8,10630.6,900,27000,,사후관리DB(원본월별·5년이용량분석)
W201110013,F-619,2020,498.3,564.1,1674.8,5195.6,6247.0,3757.8,2621.5,14138.9,4722.6,10552.3,7029.6,5457.1,900,27000,전년 자료 없음 — 외삽; 2→3차 역행,사후관리DB(원본월별·5년이용량분석)
W201120016,F-625,2020,19519.61,23200.86,22269.85,29730.44,26968.11,27739.35,22282.34,23792.62,24911.21,21396.96,23409.89,22018.4,800,24000,,
W201120017,F-626,2020,13.28,13.28,11.62,7360.85,6752.45,5976.54,3854.33,5906.59,6996.96,16709.65,180.94,12.67,800,24000,,
W201210002,F-630,2020,24273.5,24340.4,24004.4,25946.9,25141.6,26020.4,29175.8,28369.7,29224.2,20331.4,20992.0,20304.7,800,24000,전년 자료 없음 — 외삽,사후관리DB(원본월별·5년이용량분석)
W201210003,F-631,2020,5862.4,5986.2,6297.4,5904,5949.6,6564,6763.8,9436.9,11415.6,14726.4,11166.5,7584.7,800,24000,전년 자료 없음 — 외삽,사후관리DB(원본월별·5년이용량분석)
W201210004,F-628,2020,9630.2,9021.7,9367.1,16328.4,23159.5,24287.1,20556.7,15342.6,22627.6,2429.3,14239.0,4437.2,900,27000,전년 자료 없음 — 외삽,사후관리DB(원본월별·5년이용량분석)
W201210005,F-629,2020,3121.2,2191.8,2476.5,4202.7,6756.9,6338.5,5697.9,8091.2,11253.6,10820.5,14040.4,7686.2,800,24000,전년 자료 없음 — 외삽,사후관리DB(원본월별·5년이용량분석)
W201210009,F-638,2020,1130.1,818.4,991.6,2139.4,1669.3,946.6,543.0,3631.7,2379.6,8350.3,3552.0,2875.9,800,24000,,사후관리DB(원본월별·5년이용량분석)
W201210010,F-639,2020,21569.4,6850.5,5593.5,2825.5,2846.1,2608.4,2033.1,3007.7,2878.1,3655.1,3366.3,4326.3,800,24000,,사후관리DB(원본월별·5년이용량분석)
W201210011,F-637,2020,27.0,27.0,25.7,5.4,4.7,5.4,5.1,5.8,5.4,0.4,0.4,0.8,700,21000,전년 자료 없음 — 외삽,사후관리DB(원본월별·5년이용량분석)
W201210012,F-640,2020,10335.8,8830.1,11058.5,9450,9039.6,9156.2,6633.2,14247.1,13150.6,12953.0,10064.6,6404.1,1000,30000,,사후관리DB(원본월별·5년이용량분석)
W201210014,F-621,2020,9142.2,16727.9,12731.7,7981.5,7160.9,6128.0,7322,10925.2,6389.2,10083.5,12078.1,8153.2,1500,45000,,사후관리DB(원본월별·5년이용량분석)
W201220032,F-636,2020,2568.34,2306.29,1829.51,3071.13,4060.72,3855.52,2355.86,2402.77,2957.77,8327.89,10653.67,9002.73,900,27000,,
W201220033,F-634,2020,6120.43,7049.79,6696.68,7214.49,7924.04,9107.29,8407.23,9993.32,11954.3,8943.66,8961.6,9093.53,900,27000,,
W201220034,F-632,2020,176.88,252.12,502.92,4523.53,3783.26,1349.53,460.5,970.69,1679.67,10121.47,4593.17,3979.49,700,21000,,
W201220035,F-633,2020,3094.95,2547.4,2794.15,3395.82,8640.7,4952.66,3425.3,3432.45,6468.94,9485.54,22058.35,11812.18,900,27000,,
W201220040,F-622,2020,1117.36,3149.27,28467.33,13548.16,10684.64,3358.93,1887.71,1558.84,3618.82,10527.2,16847.85,6739.93,1000,30000,,
W201220041,F-624,2020,1044.68,0.0,989.23,1602.57,3494.51,409.96,266.22,298.63,381.97,4562.27,14822.31,7606.77,1000,36000,,
W201220056,F-635,2020,7682.0,8211.0,10596.0,9520.0,9725.0,9841.0,7142.2,12156.5,6307.85,9664.53,6564.75,7748.56,800,24000,,
W201310003,F-641,2020,7738.2,5812.4,2034.0,9570.3,8698.5,14513.0,7321.0,14249.7,16077.9,20154.9,6274.0,2237.0,800,24000,,사후관리DB(원본월별·5년이용량분석)
W201310004,F-642,2020,13.4,2.9,5.7,5.2,6.7,56.9,7.8,57.0,352.5,15.5,93.9,9.9,700,21000,,사후관리DB(원본월별·5년이용량분석)
W201310005,F-645,2020,13781.8,12136.5,11740.8,13308.7,12504.1,10712.8,33834.2,9157.0,6545.7,10530.6,6271.8,5749.6,900,27000,전년 자료 없음 — 외삽,사후관리DB(원본월별·5년이용량분석)
W201310006,F-644,2020,18510.3,26915.3,27110.1,21102.9,9451.9,9523.9,10771.1,12972.6,10453.7,10528.8,8379.6,14591.1,800,24000,,사후관리DB(원본월별·5년이용량분석)
W201310007,F-643,2020,0,0,0,0,2.2,65.5,62.2,64.4,66.7,60.0,61.1,58.9,700,21000,전년 자료 없음 — 외삽,사후관리DB(원본월별·5년이용량분석)
W201310012,F-646,2020,19639.3,15826.8,20451.0,12580.7,23788.4,25154.4,21824.0,23103.7,28409.2,20844.8,23004.9,23655.9,900,27000,,사후관리DB(원본월별·5년이용량분석)
W201320008,F-647,2020,781.91,600.4,466.35,2399.47,2405.13,2393.81,1312.43,752.76,1961.65,5843.04,14816.28,8426.16,900,27000,,
W201320016,F-648,2020,34.08,18.63,19.08,7921.41,7051.87,7472.26,838.33,3926.72,8062.06,2955.82,3091.28,3105.33,700,21000,,
W201320017,F-650,2020,13269.69,12805.48,12360.29,15393.09,13893.01,12183.41,10826.71,11372.83,13657.65,11669.23,14223.58,11660.3,700,21000,,
W201320018,F-649,2020,13575.35,17673.26,18024.1,21356.95,19257.96,17950.91,17536.83,18004.42,23051.44,12978.52,19024.1,16735.67,900,27000,,
W201320024,F-623,2020,0.0,0.0,109.9,1884.03,2378.2,2050.81,2251.45,4606.67,9081.28,9603.35,14479.98,7409.78,800,30000,,
W201410006,E-001,2020,11683,10233,11991,12696,12180,11768,1041,7190,7823,2582,2143,5886,800,24000,0,2017~2026_구좌광역화7공 사후관리DB자료.xlsx
W201410007,E-002,2020,771,989,1212,1074,1251,1121,274,134,2387,2522,2095,5759,800,24000,0,2017~2026_구좌광역화7공 사후관리DB자료.xlsx
W201410008,E-003,2020,829,1007,1104,1160,1242,1157,313,387,1844,2541,2100,5759,800,24000,0,2017~2026_구좌광역화7공 사후관리DB자료.xlsx
W201410009,E-004,2020,381,1863,1033,1305,1265,1043,424,233,2210,2524,2100,0,800,24000,0,2017~2026_구좌광역화7공 사후관리DB자료.xlsx
W201410010,E-005,2020,3249,6437,5999,6898,10404,4266,6575,5479,6817,6206,5483,8972,800,24000,0,2017~2026_구좌광역화7공 사후관리DB자료.xlsx
W201410011,E-006,2020,1600,2132,2019,2785,8877,180,29,491,305,4974,2866,9368,800,24000,0,2017~2026_구좌광역화7공 사후관리DB자료.xlsx
W201410012,E-007,2020,4145,2509,5626,6796,10760,4420,7815,17281,7568,6414,5655,9325,800,24000,0,2017~2026_구좌광역화7공 사후관리DB자료.xlsx
W201410029,F-652,2020,158.9,160.5,35658.6,30636.6,29956.1,31025.2,35158.7,36276.4,34953.2,19213.1,23776.6,22746.3,800,24000,,사후관리DB(원본월별·5년이용량분석)
W201410031,F-653,2020,0,0,0,0.7,0.7,0.7,0.3,0.3,0.4,0.4,0.4,0.4,800,24000,,사후관리DB(원본월별·5년이용량분석)
W201420006,F-651,2020,616.88,572.79,1693.16,1875.65,1919.23,1923.45,1313.98,2836.15,1597.19,721.12,444.84,359.51,600,18000,,
W201420013,F-655,2020,1609.88,1086.81,2014.77,1518.5,4541.93,1225.66,1286.07,869.48,1135.1,2131.29,17109.22,8949.44,900,27000,,
W201420017,F-656,2020,8.7,8.46,129.82,1412.98,1671.92,1668.72,20.45,23.3,17.35,41.65,33.32,27.49,900,27000,,
W201420022,F-657,2020,9131.99,10627.49,7490.38,13803.39,15822.22,13106.59,11264.62,8944.88,12892.89,3566.86,12698.95,9940.81,900,27000,,
W201510020,F-654,2020,1053.6,1521.0,1381.8,1885.0,1639.7,1938.1,1709.4,3803.4,6292.6,5702.8,5639.3,2242.3,800,24000,,사후관리DB(원본월별·5년이용량분석)
W201510026,F-659,2020,21547.3,21746.8,19924.2,14795.5,15034.5,16039.1,21168.4,21192.1,21339.7,14179.0,15847.9,13614.9,800,24000,,사후관리DB(원본월별·5년이용량분석)
W201510027,F-660,2020,6732.6,7962.3,8522.3,8490.0,8630.5,12539.0,17449.9,14853.7,12302.5,12090.3,12392.4,11680.8,800,24000,,사후관리DB(원본월별·5년이용량분석)
W201520003,F-658,2020,4391.9,5578.77,7101.73,11633.86,11561.84,13254.24,10610.04,6619.87,7080.83,5378.67,6628.77,4794.21,700,21000,,
W201610021,F-661,2020,6776.9,7180.7,8340.6,5708.8,6623.4,8900.9,10725.5,11688.3,11345.8,8024.2,10749.8,11307.0,800,24000,,사후관리DB(원본월별·5년이용량분석)
W201620001,F-664,2020,7551.0,9716.0,16283.0,16336.0,10905.0,22306.0,13323.0,13323.0,13324.0,11473.0,13830.0,11738.0,800,24000,,
W201620002,F-665,2020,0.0,0.0,12131.0,16477.0,13371.0,9502.0,12692.0,12692.0,12692.0,11473.0,13830.0,11738.0,800,24000,,
W201620003,F-666,2020,7505.0,10441.0,12616.0,3690.0,13344.0,17332.0,15671.0,15671.0,15672.0,11474.0,13832.0,11739.0,800,24000,,
W201620009,F-662,2020,1820.55,3477.9,5805.32,5451.22,5644.5,5643.66,5737.0,6371.0,5730.0,3752.0,3725.0,2024.0,500,18000,,
W201620010,F-663,2020,1032.21,1013.97,1650.93,2302.54,2338.78,2385.59,1554.27,2685.84,2350.31,3632.67,2606.01,2277.17,700,21000,,
W201620012,성읍,2020,0,0,3,4,0,11,0,3,7,18,9,2585,800,19200,,농어촌공사DB
W201810023,F-667,2020,2486.3,2486.3,2486.3,3493.3,3493.3,3493.3,20110.3,20110.3,20110.3,18346.2,15572.7,14833.9,700,21000,,사후관리DB(원본월별·5년이용량분석)
W201820001,F-662-1,2020,1820.55,3477.9,5805.32,5451.22,5644.5,5643.66,5737.0,6371.0,5730.0,3752.0,3726.0,2023.0,500,15000,,
Y199310610,D-154,2020,13261.0,13659.2,13368.9,8522.3,8548.0,8585.0,14809.8,15638.5,15980.5,11666.0,12160.2,11097.0,750,22500,,사후관리DB(원본월별·5년이용량분석)
Y199310670,F-044,2020,22519.1,23802.7,22695.6,28951.7,30011.1,35818.6,26012.2,28989.9,30025.4,27954.4,36992.5,25640.0,1250,37500,4차이후 외삽 (2020-11-05 ~ 12/31),사후관리DB(원본월별·5년이용량분석)
Y199310671,F-053,2020,3023.1,3161.4,4387.7,4265.4,5537.9,5865.7,5600.7,4417.8,5422.2,4279.7,5646.4,5657.0,1000,30000,전년 자료 없음 — 외삽,사후관리DB(원본월별·5년이용량분석)
Y199320005,D-036,2020,1107.4,1255.05,2256.99,2028.23,2421.22,2304.65,1313.57,1770.91,1392.65,1589.95,1233.03,1171.73,850,25500,,
Y199320006,W-024,2020,1333.79,2714.84,3879.28,5415.82,5292.91,6130.62,2366.39,3672.95,1700.47,2058.98,3039.52,2057.47,700,21000,,
Y199320007,D-063,2020,14074.91,14798.73,15227.2,16760.35,18223.08,14952.77,13635.39,14635.96,16283.0,11719.47,17599.43,15821.81,2100,63000,,
Y199320009,D-101,2020,10516.93,11792.2,16192.15,20866.78,17570.27,18035.49,18829.11,22648.27,20805.02,15711.61,12219.37,8761.61,720,21600,,
Y199320011,W-018,2020,13585.57,14227.58,16007.11,19477.78,18155.28,19088.44,15328.21,16742.08,17201.38,17705.25,16512.79,14969.86,1300,39000,,
Y199320831,F-054,2020,5713.18,6552.38,7720.69,10669.27,9247.44,9740.98,7292.86,7720.23,8347.5,9332.59,7908.18,6903.82,700,21000,,
Y199320832,D-250,2020,11752.87,3880.91,6333.11,5765.02,5842.58,6678.4,4635.03,5670.34,5369.88,6434.47,5024.32,4470.7,600,18000,,
Y199320836,F-045,2020,4896.64,5110.56,5433.12,11736.35,11319.16,10980.69,7837.8,5953.0,7440.41,4428.07,7819.86,4197.79,700,21000,,
Y199320837,D-229,2020,15636.47,21277.61,22272.62,31102.44,32743.05,34245.25,13988.39,15535.64,11996.71,14832.33,12976.32,9445.19,2000,60000,,
Y199320838,D-228,2020,1460.55,1873.17,2665.26,17859.1,15675.6,15845.14,7044.8,7066.4,6929.33,12135.04,12437.85,7103.3,950,28500,,
Y199320839,D-178,2020,11910.03,14463.42,18682.4,21382.47,19381.06,19437.03,15922.05,18262.54,17911.07,19491.63,18113.71,14994.02,1300,39000,,
Y199320841,D-087,2020,18747.67,19967.45,23124.28,21559.58,21780.31,20310.67,18656.29,16663.37,20168.27,18314.31,21725.37,16010.02,950,28500,,
Y199320842,D-108,2020,1745.22,2707.9,2197.03,2751.27,2605.14,1455.73,1887.2,1905.89,2397.93,2682.21,1044.54,1512.45,100,21000,,
Y199330023,F-552,2020,523.7,356.0,812.7,1627.7,1999.4,2046.4,1300.8,3754.6,2168.8,5246.3,2732.6,2597.5,800,24000,전년 자료 없음 — 외삽,사후관리DB(원본월별·5년이용량분석)
Y199330039,F-005,2020,0.5,0.5,0.5,0.6,0.8,0.7,0.7,0.7,0.7,3.2,2.4,2,850,25500,전년 자료 없음 — 외삽,사후관리DB(원본월별·5년이용량분석)
Y199330040,F-028,2020,11034.6,6509.7,7206.0,15745.6,16449.9,17312.5,11870.5,14237.9,14167.0,14132.4,15284.5,10121.4,1150,34500,,사후관리DB(원본월별·5년이용량분석)
Y199330041,D-219,2020,42983.0,42342.1,24883.9,24209.3,21815.9,6918.5,10147.4,12449.5,16540.0,4740.5,6472.0,4341.5,650,19500,,사후관리DB(원본월별·5년이용량분석)
Y199330042,F-046,2020,5575.4,4698.6,4264.8,3974.0,3995.6,4666.6,2139,4752,5877,3145.1,7210.6,4215.6,900,27000,,사후관리DB(원본월별·5년이용량분석)
Y199330043,F-016,2020,19689.3,18322.4,17402.8,12115.4,15573.1,16696.4,19247.9,23222.1,31102.3,22875.7,24110.1,18928.1,1550,46500,,사후관리DB(원본월별·5년이용량분석)
Y199330044,D-119,2020,908.6,145.2,384.7,2944.4,2898.4,3973.8,1377.3,3620.7,8319.9,10414.8,12966.4,6396.7,1250,17550,,사후관리DB(원본월별·5년이용량분석)
Y199330045,F-017,2020,45953.4,46205.1,43237.5,15798.4,6148.8,6864.3,9301.6,10462.7,12685.3,12401.5,15409.2,11041.0,1400,20070,,사후관리DB(원본월별·5년이용량분석)
Y199330046,D-047,2020,460.3,568.4,968.9,1819.2,2375.3,4682.5,1331.4,1298.0,2464.1,3205.2,5246.1,2209.0,1000,30000,,사후관리DB(원본월별·5년이용량분석)
Y199330047,F-010,2020,129.2,126.3,706.3,3003,6765.3,6527.2,2473.4,2848.6,7319.2,8630.3,12860.2,3038.9,1350,40500,,사후관리DB(원본월별·5년이용량분석)
Y199330048,F-008,2020,3427.6,3112.5,3372.8,3721.3,3066.1,4576.9,3857.6,4292.9,6008.0,7214.1,8421.0,4955.3,1200,36000,,사후관리DB(원본월별·5년이용량분석)
Y199330049,F-009,2020,7159.4,6538.4,7621.4,10336.3,11682.7,13677.7,11838.6,17511.7,17361.9,6788.6,9295.7,4919.0,1000,30000,전년 자료 없음 — 외삽,사후관리DB(원본월별·5년이용량분석)
Y199330050,D-044,2020,0,4.2,0,2.1,0,0,0,0,0,0,0,8.5,1000,30000,다음해 자료 없음 — 3→4차 일평균 외삽,사후관리DB(원본월별·5년이용량분석)
Y199330051,F-027,2020,2828.8,2655.4,3511.3,4559.2,4856.5,4942.2,5337.3,7107.3,10600.5,9957.5,10021.6,5597.6,1250,37500,,사후관리DB(원본월별·5년이용량분석)
Y199330052,D-027,2020,2042.1,2061.4,2608.7,4178.7,3783.4,5560.3,3325.4,3532.2,6169.1,5657.0,7980.1,4364.4,1150,34500,,사후관리DB(원본월별·5년이용량분석)
Y199330053,F-022,2020,10548.3,5188.5,6713.7,6069.7,6058.2,9047.4,9307.6,11075.7,19129.2,11321.6,13483.1,7429.6,1000,30000,,사후관리DB(원본월별·5년이용량분석)
Y199330054,D-157,2020,9723.3,10650.7,8079.6,6490.9,6765.5,8454.7,10807.2,14091.9,18927.1,13095.4,13480.0,4973.3,1100,33000,,사후관리DB(원본월별·5년이용량분석)
Y199330055,F-021,2020,67.0,14.3,32.9,41.8,72.2,16.5,62.6,12.7,29.4,40.8,116.7,68.9,1250,37500,,사후관리DB(원본월별·5년이용량분석)
Y199330056,F-037,2020,1346.7,1116.6,1516.2,2011.1,2211.2,3092.8,1200.5,3365.9,4947.3,4778.8,4908.1,2746.2,1250,37500,1→2차 역행,사후관리DB(원본월별·5년이용량분석)
Y199330057,F-047,2020,3963.9,5404.5,7037.0,5349.3,6071.5,5560.6,4467.0,6246.1,8579.1,5708.1,6668.1,4593.1,700,4560,,사후관리DB(원본월별·5년이용량분석)
Y199330059,F-023,2020,5591.1,5821.3,6024.4,8217.6,8145.0,7295.3,7026.3,7905.7,7460.2,11489.2,14061.1,8360.5,1100,33000,,사후관리DB(원본월별·5년이용량분석)
Y199330060,F-034,2020,5094.1,4565.7,7409.0,7428.0,8792.8,10624.6,6920.0,6775.7,10307.8,6165.7,8198.7,6506.1,1000,30000,,사후관리DB(원본월별·5년이용량분석)
Y199330061,U-052,2020,14716.2,15325.7,15587.0,11964.0,13451.8,15701.1,12344.7,12104.0,12552.6,22646.1,27415.8,25219.7,1250,37500,,사후관리DB(원본월별·5년이용량분석)
Y199330062,U-053,2020,0,0,0,0,0,0,0,0,0,0,0,0,1700,51000,4차이후 외삽 (2020-11-13 ~ 12/31),사후관리DB(원본월별·5년이용량분석)
Y199330063,D-067,2020,0,0,0,0,0,5.7,20.1,25.8,23.0,23.0,23.0,68.9,1000,15000,,사후관리DB(원본월별·5년이용량분석)
Y199330064,D-078,2020,27325.0,35775.0,15169.8,10699.3,11466.9,13954.4,21994.8,24376.3,24785.4,15843.5,13070.6,9882.6,2000,60000,전년 자료 없음 — 외삽,사후관리DB(원본월별·5년이용량분석)
Y199330065,D-189,2020,3551.2,3132.2,3271.1,4246.5,4989,6757.5,4860.7,5986.9,7913.1,5849.4,6503.1,3598.0,1350,40500,전년 자료 없음 — 외삽,사후관리DB(원본월별·5년이용량분석)
Y199330066,F-048,2020,5282.0,6816.8,9422.7,8319.1,8246.9,9520.9,10209.5,12248.1,11505.3,8671.7,9133.4,6701.6,1000,4800,,사후관리DB(원본월별·5년이용량분석)
Y199330070,U-041,2020,13019.8,10163.3,5625.2,9.0,7376.5,9569.0,7344.9,11547.5,4287.4,11960.5,9199.4,5967,1600,48000,전년 자료 없음 — 외삽,사후관리DB(원본월별·5년이용량분석)
Y199330072,D-009,2020,0.8,0.6,0.8,1.2,0.6,0.8,0.8,0.6,0.6,651.0,735.8,18.9,1000,30000,,사후관리DB(원본월별·5년이용량분석)
Y199330073,D-074,2020,1874.7,1402.9,2607.1,2670.7,2234.7,2903.9,4074.0,4521.3,4890.6,5403.3,6512.9,3159.0,600,17730,,사후관리DB(원본월별·5년이용량분석)
Y199330074,D-079,2020,8786.4,5861.2,6393.3,2255.0,2336.5,2950.5,2340.6,1601.5,8387.1,7735.0,12026.2,8378.2,1500,45000,,사후관리DB(원본월별·5년이용량분석)
Y199330075,D-080,2020,6772.1,5009.9,6276.0,4157.0,2692.4,4648.7,3573.3,13641.0,3236.7,26288.1,7675.0,220.9,1600,48000,,사후관리DB(원본월별·5년이용량분석)
Y199330076,D-086,2020,9611.8,6407.9,7008.6,20834.8,8094.2,3985.2,5800.3,6865.5,8234.4,15448.8,23342.0,16158.6,2000,60000,,사후관리DB(원본월별·5년이용량분석)
Y199330077,D-088,2020,62.2,63.6,59.6,1905.2,2343.5,42.4,186.5,189.5,189.5,2.5,2.0,1.8,2000,60000,,사후관리DB(원본월별·5년이용량분석)
Y199330078,D-093,2020,6567.7,253.1,234.3,255.8,1061.0,867.1,3659.3,3418.0,8438.7,8037.4,13299.7,8909.3,2000,60000,,사후관리DB(원본월별·5년이용량분석)
Y199330079,D-102,2020,2782.4,805.1,625.0,1864.0,2720.1,1525.7,523.3,942.2,2370.5,4559.3,6101.6,2992.1,700,21000,,사후관리DB(원본월별·5년이용량분석)
Y199330080,D-104,2020,236.9,239.5,229.2,247.2,4725.1,1658.3,105.6,139.1,3010.2,29980.7,23185.3,14136.8,1300,32600,,사후관리DB(원본월별·5년이용량분석)
Y199330083,D-123,2020,6165.1,10000.5,9539.6,5407.1,5311.6,5161.6,8853.8,11335.7,5831.2,17605.9,6293.0,6317.4,1250,37500,전년 자료 없음 — 외삽,사후관리DB(원본월별·5년이용량분석)
Y199330084,D-134,2020,3261.0,818.0,1132.2,2186.8,2220.2,1168.5,946.0,1318.8,7551.0,7658.3,7989.2,4124.2,1650,49500,전년 자료 없음 — 외삽,사후관리DB(원본월별·5년이용량분석)
Y199330085,D-153,2020,22.7,22.7,152.6,25.8,739.5,84.6,33.7,33.7,3515.6,5144.1,19991.3,4897.4,1400,42000,전년 자료 없음 — 외삽,사후관리DB(원본월별·5년이용량분석)
Y199330086,D-155,2020,0,0,0,0,3.5,0,0,0,0,0,0,0,1750,52500,,사후관리DB(원본월별·5년이용량분석)
Y199330087,D-171,2020,36165.1,36223.6,33950.4,22675.5,21976,22624.6,36091.4,37177.7,11705.0,427.7,0,5402.9,2000,60000,전년 자료 없음 — 외삽,사후관리DB(원본월별·5년이용량분석)
Y199330088,D-179,2020,19481.5,9435.2,9668.9,10131.0,11448.5,11827.5,11283.1,13039.7,6560.5,6467.6,7493.0,10359.1,1300,39000,,사후관리DB(원본월별·5년이용량분석)
Y199330089,D-180,2020,2193.8,2083.2,2436,3049.2,3227,3360,1985.2,5489.4,9009,24511.2,11701.2,13678,1850,45500,,사후관리DB(원본월별·5년이용량분석)
Y199330090,D-190,2020,170.8,170.8,154.3,164.2,633.8,358.0,354.7,413.8,377.7,154.3,19411.7,14308.4,1900,57000,,사후관리DB(원본월별·5년이용량분석)
Y199330091,D-181,2020,12783.6,10418.0,10446.4,5287.4,849.8,2826.6,2332.9,7241.5,6404.7,13516.6,4444.8,5554.3,1400,42000,,사후관리DB(원본월별·5년이용량분석)
Y199330092,D-221,2020,2817.1,3149.3,5483.0,4816.2,4027.0,3023.0,4346.2,7419.2,5531.0,7966.4,5562.8,3730.1,1000,30000,,사후관리DB(원본월별·5년이용량분석)
Y199330093,F-011,2020,309.5,337.6,215.7,394.9,673.8,589.2,585.8,824.0,1393.3,4122.0,3474.6,3872.8,700,21000,,사후관리DB(원본월별·5년이용량분석)
Y199330094,F-029,2020,17245.1,16811.1,16101.9,19101.7,18906.9,18244.3,15936.8,15466.8,17545.7,18932.3,23905.2,19146.1,1300,39000,"4차→다음해1차 역행(-342507), Period₃로 외삽; 다음해 자료 없음 — 3→4차 일평균 외삽",사후관리DB(원본월별·5년이용량분석)
Y199330095,D-191,2020,4690.6,5023.9,5793.9,12473.8,9834.6,9325.3,5967.8,6957.3,7476.8,7027.8,9791.6,5527.6,1200,20070,2→3차 역행,사후관리DB(원본월별·5년이용량분석)
Y199330096,F-041,2020,2968.2,9037.2,14467,6901.7,6871.3,6880.2,9154.9,11559.0,8911.6,13684.3,8932.3,9173.0,1250,37500,,사후관리DB(원본월별·5년이용량분석)
Y199330097,D-233,2020,11658,11274.4,11601.1,6578.4,6794.4,6926.4,11922.6,12906.2,14961.7,12430.3,14116.0,9823.7,1000,30000,,사후관리DB(원본월별·5년이용량분석)
Y199330098,F-049,2020,10010.1,11760.0,9053.5,12637.5,13125.4,10570.2,6755.4,12336.7,3929.3,16160.8,9888.5,8421.7,1000,30000,,사후관리DB(원본월별·5년이용량분석)
Y199330100,D-170,2020,515.0,539.9,330.9,151.7,389.6,802.3,1314.4,8813.8,4197.5,4948.4,5254.6,2464.2,1400,42000,전년 자료 없음 — 외삽,사후관리DB(원본월별·5년이용량분석)
Y199330107,W-022,2020,3059.9,1810.4,2025.4,2302.0,3674.6,3599.8,1376.6,3790.1,6607.4,6430.6,7634.1,4269.3,1000,30000,전년 자료 없음 — 외삽,사후관리DB(원본월별·5년이용량분석)
Y199330108,D-026,2020,15296.9,14810.5,16316.5,5835.9,6105,7178.6,9562.7,11551.0,15801.9,13071.9,18491.0,15530.8,900,27000,,사후관리DB(원본월별·5년이용량분석)
Y199330109,D-033,2020,16711.9,16433.0,17322.2,10915.1,11088.9,10988.3,19784.2,21341.5,23920.2,14684.7,17858.3,13190.8,1000,30000,,사후관리DB(원본월별·5년이용량분석)
Y199330110,D-051,2020,6552.4,6593.7,6548.3,5269.2,578.4,464.4,377.7,1819.7,2719.2,2387.7,486.8,386.1,1000,30000,전년 자료 없음 — 외삽,사후관리DB(원본월별·5년이용량분석)
Y199330111,D-065,2020,0,0,0,0,0,0,0,0,0,0,0,0,,,,사후관리DB(원본월별·5년이용량분석)
Y199330112,W-001,2020,65.4,1075.6,2336.6,7204.3,291.3,308.8,0.9,0.8,0.7,0,2841.6,2733,2000,60000,,사후관리DB(원본월별·5년이용량분석)
Y199330113,D-128,2020,44612.6,45081.5,42352.2,16114.0,16145.2,17006.0,36506.5,38491.6,39052.2,25846.6,26184.1,22035.0,900,27000,,사후관리DB(원본월별·5년이용량분석)
Y199330119,D-014,2020,5696.2,5059.8,4816.8,3649.5,3230.4,4083.1,6176.3,8918.4,12352.6,11246.7,14269.2,8927.9,1700,51000,전년 자료 없음 — 외삽,사후관리DB(원본월별·5년이용량분석)
Y199330123,D-046,2020,23302.8,24079.5,24460.2,13091.8,12959.7,14956.5,27893.8,31741.5,32233.6,22035.4,21423.0,18008.2,900,27000,,사후관리DB(원본월별·5년이용량분석)
Y199330126,D-141,2020,803.9,665.6,731.9,1538.3,2919.2,3353.3,1296.9,1488.8,3085.2,2062.0,2713.9,1726.6,1200,36000,3→4차 역행,사후관리DB(원본월별·5년이용량분석)
Y199330127,F-003,2020,6114.7,3884.4,6476.1,7731.8,9253.4,11185.8,12912.0,12413.8,16445.7,13524.0,8349.0,1550.8,1250,37500,,사후관리DB(원본월별·5년이용량분석)
Y199330130,D-218,2020,4090.3,3708.1,249.0,661.7,740.4,1268.2,236.3,393.8,1858.9,679.6,601.9,215.2,1200,36000,,사후관리DB(원본월별·5년이용량분석)
Y199330132,D-211,2020,0,0,0,0,0,0,0,0,0,0,0,0,700,21000,4차이후 외삽 (2020-11-17 ~ 12/31),사후관리DB(원본월별·5년이용량분석)
Y199330135,D-019,2020,12594.5,12458.9,11907.6,9672.5,9063.6,8636.3,11053.4,19460.9,25485.3,13943.5,22460.8,20039.6,1900,57000,,사후관리DB(원본월별·5년이용량분석)
Y199330140,D-042,2020,5185.8,4656.6,5235.7,6026.6,4402.1,5817.6,4846.5,4834.1,5093.3,4300.9,4824.3,4760.5,850,25500,,사후관리DB(원본월별·5년이용량분석)
Y199330144,D-188,2020,49.0,46.7,43.3,46.7,43.3,47.8,1.2,2.4,3.0,7.3,8.0,8.6,1400,20070,,사후관리DB(원본월별·5년이용량분석)
Y199330146,A-001,2020,18859.4,20236.1,18550.4,11747.4,11407.2,11617.2,10772.7,11041.6,10252.5,11493.0,13095.3,6298.0,1000,30000,,사후관리DB(원본월별·5년이용량분석)
Y199330149,A-004,2020,138.6,4482.1,903.1,4618.0,8951.0,8598.9,3029.1,182.5,101.0,1406.4,1776,4162.4,1200,36000,,사후관리DB(원본월별·5년이용량분석)
Y199330150,A-005,2020,122.7,3984.0,182.5,5340.4,1722.9,579.8,4999.6,9658.7,11892.7,5168.5,3208.6,5851.4,1200,36000,,사후관리DB(원본월별·5년이용량분석)
Y199330161,F-002,2020,126.4,126.4,119.0,129.4,126.4,301.9,50.9,54.9,56.0,0.4,0.4,0.4,700,21000,,사후관리DB(원본월별·5년이용량분석)
Y199330164,D-220,2020,16145.2,18573.4,19539.5,9436.8,10963.3,12781.6,17766.0,14702.9,17466.8,8476,9075,8114,800,24000,,사후관리DB(원본월별·5년이용량분석)
Y199330165,F-030,2020,1123.4,2910.8,1239.4,1415.7,1052.7,1674.4,2703.6,1937.0,762.0,7.6,0,0,700,21000,,사후관리DB(원본월별·5년이용량분석)
Y199330168,D-015,2020,85.0,82.9,76.5,1065.2,1080.6,427.6,90.5,4500.4,876.7,6683.0,2152.1,2242.8,700,21000,전년 자료 없음 — 외삽,사후관리DB(원본월별·5년이용량분석)
Y199330169,D-021,2020,11210.4,14356.4,14873.4,8116.5,8235.1,7323.7,9341.1,6682.3,16415.8,4820.1,7499.4,4689.2,1150,34500,,사후관리DB(원본월별·5년이용량분석)
Y199330170,D-035,2020,5952.3,2339.4,5223.3,9753.8,11652.4,9253.7,3401.0,5197.9,11220.1,16621.4,23215.8,13887.9,1050,31400,,사후관리DB(원본월별·5년이용량분석)
Y199330171,D-041,2020,3083.4,2822.6,2494.3,2151.2,2865.3,3393.3,4731.2,6054.7,10591.0,7599.9,12309.5,6748.8,1050,31500,,사후관리DB(원본월별·5년이용량분석)
Y199330172,D-052,2020,1252.5,1168.1,1494.6,1026.9,1096.7,1555.7,1896.4,2724.7,4631,1812.1,2690.4,1623.7,1150,34500,,사후관리DB(원본월별·5년이용량분석)
Y199330173,D-094,2020,0,0,0,0,0,0,0,0,0,0,0,0,1500,45000,,사후관리DB(원본월별·5년이용량분석)
Y199330175,D-151,2020,11204.5,13514.0,7307.0,5466.2,5867.3,5629.8,9614.8,10267.7,12940.5,10095.3,13847.0,8679.3,1150,34500,전년 자료 없음 — 외삽,사후관리DB(원본월별·5년이용량분석)
Y199330176,D-202,2020,119.6,121.2,111.6,10591.5,13986.6,14629.1,11455.6,14258.8,19431.4,10855.6,13772.0,8828.0,1150,34500,전년 자료 없음 — 외삽,사후관리DB(원본월별·5년이용량분석)
Y199330398,W-301,2020,13001.4,9854.9,10007.2,19687.6,18178.5,21700.7,12923.8,13489.6,15296.9,11877.2,13547.8,12662.6,1000,30000,,사후관리DB(원본월별·5년이용량분석)
Y199330399,W-302,2020,1192.3,1233.5,4205.5,10416.1,11819.3,15770.5,4562.3,6463.2,9761.7,10549.6,11442.6,5897.0,950,28500,,사후관리DB(원본월별·5년이용량분석)
Y199330400,W-303,2020,3972.6,3586.7,4551.7,26070.8,29318.6,36558.3,12672.2,13205.2,16889.1,5170.5,5271.5,2356.5,1000,30000,,사후관리DB(원본월별·5년이용량분석)
Y199330401,W-304,2020,0,0,0,0,0,0,0,0,0,0,0,0,850,25500,,사후관리DB(원본월별·5년이용량분석)
Y199330402,W-305,2020,2244.8,2232.4,3930.5,7541.4,7135.9,8689.0,7820.1,8276.8,10490.8,4404.9,4859.6,3254.1,1100,33000,,사후관리DB(원본월별·5년이용량분석)
Y199330403,W-306,2020,11154.4,9682.5,11183.6,10082.6,10622.7,9848.7,11956.6,18273.4,21040.5,18664.6,13610.2,9001.4,850,25500,,사후관리DB(원본월별·5년이용량분석)
Y199330404,W-307,2020,10860.9,9415.3,12891.3,10480.6,10351.7,10274.4,15319.6,23445.4,19749.2,4325.6,11268.7,7442.3,600,18000,,사후관리DB(원본월별·5년이용량분석)
Y199330406,D-244,2020,7504.1,7371.7,8566.0,6316.7,6799.3,8205.8,12865.3,13626.3,19963.8,11067,12313,6651.4,700,15870,,사후관리DB(원본월별·5년이용량분석)
Y199330407,D-242,2020,429.7,1611.1,338.9,1073.5,2384.5,2380.1,1895.1,3069.7,4428.0,11300.5,5823.8,5311.8,1000,30000,,사후관리DB(원본월별·5년이용량분석)
Y199330408,F-060,2020,4229.2,4336.3,11498.8,13382.0,11606.7,13167.7,9108.6,10357.9,12399.3,8872.8,12324,7384.8,800,24000,,사후관리DB(원본월별·5년이용량분석)
Y199330409,F-059,2020,2460.0,1322.0,1115.3,2733.1,2339.7,2429.6,262.3,3063.3,5356.9,4672.1,8390.0,5980.4,1000,30000,,사후관리DB(원본월별·5년이용량분석)
Y199330410,F-058,2020,2000.5,1918.5,5558.0,11941.5,11556.7,17249.8,10613.9,17149.4,21930.4,12121.8,10073.9,6679.3,1000,30000,전년 자료 없음 — 외삽,사후관리DB(원본월별·5년이용량분석)
Y199330411,F-056,2020,4047.4,3917.6,4882.8,8673.1,9806.8,12470.3,10217.2,13733.7,24385.7,10736.7,13545.5,7229.2,700,21000,,사후관리DB(원본월별·5년이용량분석)
Y199330412,F-057,2020,52.9,1512.1,1049.2,185.6,106.0,110.1,21.9,24.7,29.1,130.8,272.8,113.2,1000,30000,,사후관리DB(원본월별·5년이용량분석)
Y199330413,D-252,2020,1828.5,1861.5,3172.8,3848.9,3158.6,4919.8,5396.9,7449.7,5190.7,6362.7,5529.6,4209.1,1000,30000,,사후관리DB(원본월별·5년이용량분석)
Y199330414,D-255,2020,0,0,0,0,1.8,0,64.3,1.8,571.8,231.6,2592.9,15.1,750,22500,,사후관리DB(원본월별·5년이용량분석)
Y199330418,W-014,2020,1517,2879,1975,2962,3793,2687,787,5563,3560,5379,2326,1937,800,12000,,농어촌공사DB
Y199330419,D-032,2020,9934,7923,11162,13090,14023,13872,11130,16432,14653,13458,10809,10796,1300,20000,,농어촌공사DB
Y199330420,D-008,2020,560,360,2740,7060,8300,9150,4027,10897,6683,8265,4545,2270,800,13000,,농어촌공사DB
Y199330421,D-098,2020,2980,2035,4472,4963,4598,5409,2638,6009,3960,4860,3746,1627,1200,15000,,농어촌공사DB
Y199330422,D-010,2020,56,0,0,357,2,3,1,851,0,231,1,689,1100,24500,,농어촌공사DB
Y199330423,D-045,2020,1065,2757,6081,7397,7198,8649,5207,9883,6245,5364,3613,3257,1000,15000,,농어촌공사DB
Y199340974,U-050,2020,2080.69,952.18,807.91,1553.33,3408.24,2801.82,1802.83,1478.05,5073.76,3956.08,16231.1,8318.93,1700,51000,,
Y199340975,W-028,2020,6177.72,6313.32,6642.34,9984.81,11066.53,9800.27,8006.96,7718.56,9374.9,6738.7,10435.07,9913.81,800,24000,,
Y199340976,F-004,2020,4002.8,5079.56,5841.28,8286.47,7711.83,5942.11,3687.1,4325.49,4642.64,3791.33,5235.43,3688.8,1100,33000,,
Y199340977,F-006,2020,27991.52,30398.06,32559.03,41694.05,40792.68,41124.91,36317.62,36990.76,35543.37,30096.3,33157.42,30343.72,1700,51000,,
Y199340978,F-012,2020,0.0,6.49,178.36,11.99,1079.01,16.78,60.0,56.0,702.0,5643.24,25565.72,6470.12,1500,45000,,
Y199340979,F-013,2020,1394.5,765.4,851.38,2424.59,5970.5,1024.0,1467.78,920.29,2324.16,7070.24,12256.66,8495.48,1500,45000,,
Y199340980,F-014,2020,1120.97,1116.54,2009.32,3736.02,2329.99,1435.63,365.88,2938.68,1722.19,24144.36,13805.89,14299.55,1150,34500,,
Y199340982,F-019,2020,4603.65,4541.61,5697.81,8719.7,8668.13,6460.08,2121.08,7522.62,4464.94,6407.25,3001.8,1774.81,800,24000,,
Y199340983,F-024,2020,1299.42,1496.71,1517.12,5521.65,5107.62,1874.43,1486.56,6320.16,3178.32,34484.7,13434.82,12670.64,1200,36000,,
Y199340984,F-025,2020,3568.3,3000.5,6589.2,8311.37,6842.82,7087.04,3350.45,7466.64,3994.08,10180.15,9147.64,7650.14,700,21000,,
Y199340986,F-035,2020,4579.97,1920.23,1912.84,4917.69,6407.52,3154.51,3254.27,3172.23,3826.06,5460.92,18483.7,10122.44,1150,34500,,
Y199340987,F-038,2020,1291.95,400.95,499.95,1377.23,3860.4,2003.24,383.62,435.6,2353.72,11076.3,22655.87,10931.91,1050,31500,,
Y199340988,F-039,2020,584.3,3677.9,7118.93,37328.26,23302.16,22150.58,5068.66,11115.7,10788.05,5081.64,11658.89,6452.36,650,19500,,
Y199340989,F-042,2020,,,,,,,,,,,,,1000,30000,,
Y199340990,F-043,2020,0.0,0.0,0.0,0.0,0.0,0.0,0.0,0.0,0.0,0.0,0.0,0.0,700,21000,,
Y199340991,F-050,2020,187.7,123.24,187.39,239.37,716.62,357.45,39.81,27.57,48.92,228.03,899.61,348.08,950,28500,,
Y199340992,F-052,2020,1453.65,1518.84,1526.77,4815.22,5166.44,3949.91,4.91,782.36,3806.33,14629.52,18652.96,7328.27,950,28500,,
Y199340993,D-017,2020,141.65,3.99,0.0,185.52,2300.48,4.12,1841.06,1096.36,5553.07,6495.06,12263.99,5214.26,1150,34500,,
Y199340994,D-040,2020,4858.88,4277.26,4388.92,4474.22,5362.66,4383.9,3132.51,2606.39,2838.61,7307.63,18239.44,11713.73,1400,42000,,
Y199340995,D-048,2020,5488.25,4328.06,4368.85,7038.2,8810.21,5943.72,4207.06,3870.66,5568.7,8130.95,14447.0,9318.31,1050,31500,,
Y199340996,D-083,2020,1992.89,711.94,709.24,995.82,3806.57,1475.5,749.64,1138.04,3433.14,8021.98,20573.92,8585.21,1000,30000,,
Y199340997,D-089,2020,3876.42,2761.84,2813.31,4724.1,8382.88,5527.46,3492.89,2848.75,7816.92,10538.23,20214.39,13937.59,900,27000,,
Y199340998,D-090,2020,5853.76,5517.62,5393.13,6492.25,8287.46,6361.77,6028.02,5295.55,7161.36,9167.06,21837.81,12557.72,1000,30000,,
Y199340999,D-095,2020,1877.26,1781.86,1730.76,2919.43,6912.09,3644.12,2516.36,2345.87,4166.65,7191.5,15277.77,6769.99,950,28500,,
Y199341000,D-099,2020,3267.84,1433.41,2525.53,428.62,5102.83,1175.32,501.21,449.2,990.6,9027.6,18304.71,9056.11,1000,30000,,
Y199341001,D-184,2020,685.75,556.83,1423.62,3497.96,5075.64,4214.83,3303.84,2447.4,2941.05,1420.4,2798.36,1278.11,1200,36000,,
Y199341002,D-103,2020,1798.51,1494.43,1749.13,2349.0,4701.0,2619.0,1573.49,1710.86,3412.35,7142.38,15171.66,7401.67,1950,58500,,
Y199341003,D-107,2020,1993.12,1903.87,1998.07,3081.1,5801.66,4080.85,3058.53,3076.5,5059.03,8156.03,13593.39,8261.09,1750,52500,,
Y199341004,D-121,2020,19.19,11.02,10.27,190.91,606.53,153.12,155.14,160.82,900.59,10822.41,20453.55,8664.1,1550,46500,,
Y199341005,D-122,2020,768.18,687.2,105.05,907.64,5404.89,534.67,1883.45,1847.5,5710.25,7633.5,17512.4,9217.73,1550,46500,,
Y199341006,D-129,2020,2035.68,1642.69,1504.15,1869.14,1573.1,1599.75,1147.2,1310.29,1206.38,1111.93,1039.4,1076.86,600,18000,,
Y199341007,D-130,2020,616.28,0.0,0.0,0.0,4236.8,247.2,302.24,0.0,1428.08,3191.36,22628.63,9558.96,1500,45000,,
Y199341008,D-131,2020,3707.59,2304.72,3902.27,5902.22,10191.09,8799.22,6613.08,5044.77,6838.72,9132.83,20170.36,10766.65,1150,34500,,
Y199341009,D-139,2020,1255.59,1289.22,1280.92,12620.53,14990.3,12868.07,13792.21,12467.16,14249.75,14129.12,24933.3,14428.29,1250,37500,,
Y199341010,D-142,2020,765.9,548.89,523.37,2366.56,5468.27,1340.97,750.58,786.32,3229.55,11761.06,22303.49,11531.43,850,25500,,
Y199341011,D-144,2020,2747.33,1769.96,1785.5,1929.42,5614.25,2227.96,1594.61,1976.69,5446.81,12819.91,34042.81,14369.39,1400,42000,,
Y199341012,D-147,2020,499.73,553.84,619.62,1431.18,5339.85,2633.85,2082.61,2050.34,5434.58,8517.72,12420.93,6827.18,1550,46500,,
Y199341013,D-146,2020,2605.46,2785.45,2434.25,4133.19,7513.28,4509.74,3553.85,3474.04,3753.38,3143.7,9251.63,5291.97,950,28500,,
Y199341014,D-145,2020,276.94,430.09,339.88,624.4,6043.98,1925.75,378.3,277.57,955.83,10959.41,19304.38,10723.7,1150,34500,,
Y199341015,D-148,2020,7471.66,7960.35,8177.89,20352.42,20271.8,18476.02,17694.86,15344.09,15241.15,6363.23,14306.19,12461.59,800,24000,,
Y199341016,D-156,2020,2736.16,2119.13,3006.98,4044.37,6691.96,5601.44,4238.14,3726.59,6067.14,9043.12,17237.82,10117.98,1150,34500,,
Y199341018,D-161,2020,6802.63,5904.78,5906.56,5817.31,9630.07,6092.2,4717.76,5592.4,7718.34,9738.96,17078.88,12286.15,850,25500,,
Y199341019,D-162,2020,1204.66,724.74,860.75,1757.93,3083.62,1958.23,1365.87,1469.77,2843.24,6242.05,11217.31,4696.62,1150,34500,,
Y199341020,D-174,2020,2140.43,1118.91,1340.88,1459.48,2935.62,1867.55,975.85,765.8,2686.86,6208.23,12133.61,6963.28,1500,45000,,
Y199341021,D-175,2020,421.32,505.17,584.82,980.34,2070.06,712.03,625.46,1185.73,1220.37,2601.56,6973.25,3705.31,1150,34500,,
Y199341022,D-172,2020,1823.81,1684.95,1263.05,1575.22,3649.29,2658.32,1410.6,1186.59,4391.5,5633.34,11945.34,6761.9,1150,34500,,
Y199341023,D-173,2020,2630.99,3342.14,2695.89,3749.87,4137.18,3168.9,2697.24,2463.08,6772.74,6974.54,15268.74,10415.51,1150,34500,,
Y199341024,D-183,2020,13947.21,12406.18,11878.07,7995.05,9707.64,7914.25,7212.69,6928.45,8389.64,12644.42,20794.3,12919.11,1150,34500,,
Y199341026,D-100,2020,3029.57,3059.77,3473.58,9636.85,13884.25,12648.0,8616.9,8873.32,11544.85,6963.18,18628.58,10632.68,1150,34500,,
Y199341027,D-192,2020,4703.53,4235.1,5423.46,6080.42,7064.93,4787.01,3778.25,3627.12,5890.09,12487.21,19330.0,9526.06,700,21000,,
Y199341028,D-193,2020,3474.24,2243.78,1240.33,2315.86,7387.69,3936.61,2595.99,1924.55,5156.85,4935.45,16453.82,10294.04,1100,33000,,
Y199341029,D-195,2020,301.28,196.25,295.97,1730.87,2886.59,2189.92,1220.69,1063.9,3594.87,4556.75,12993.13,7292.81,1150,34500,,
Y199341030,D-196,2020,1604.53,0.0,140.62,675.81,4150.41,408.35,453.52,451.17,3656.34,8152.68,21247.12,7597.04,1150,34500,,
Y199341031,D-197,2020,1903.4,1794.3,2179.62,7108.7,8788.04,7341.94,7098.6,6644.79,8937.07,8155.88,16793.4,8254.34,800,24000,,
Y199341032,D-198,2020,492.04,518.19,570.48,2086.07,1766.65,950.9,534.94,3074.14,1707.06,15640.95,9027.49,8152.41,800,24000,,
Y199341033,D-199,2020,1140.58,823.98,953.87,1878.88,3573.48,697.07,521.14,639.58,1622.63,3616.29,14710.83,5336.07,950,28500,,
Y199341034,D-206,2020,5235.86,3995.92,4154.05,4043.62,9093.12,5119.91,4079.88,4338.54,8455.02,10950.67,25021.46,13033.27,1100,33000,,
Y199341035,D-207,2020,1947.13,160.92,93.87,403.82,1990.06,694.34,0.0,5.81,781.19,6415.43,17335.25,8878.55,1100,33000,,
Y199341036,D-208,2020,1674.35,1525.6,1441.69,1556.09,1652.19,1204.95,978.18,1703.44,5088.0,4447.72,17926.92,12458.91,1350,40500,,
Y199341037,D-209,2020,3756.96,2925.57,3116.99,4380.36,10299.05,6498.11,2145.71,1903.69,6378.09,16919.32,27341.0,18648.56,1350,40500,,
Y199341038,D-210,2020,3682.98,3284.4,3407.99,5287.56,7732.61,5889.79,5212.85,4532.02,6346.58,6543.25,14484.9,8196.74,600,18000,,
Y199341039,D-223,2020,5362.67,6235.73,7107.45,10306.02,9854.17,9113.07,8600.35,7774.26,10659.6,6023.03,7393.05,6354.92,850,25500,,
Y199341041,D-234,2020,1549.08,1939.0,3055.71,2895.51,4040.3,2907.92,2620.07,1778.61,2472.88,1944.68,4441.89,2708.47,950,28500,,
Y199341043,D-236,2020,1693.04,2119.76,2732.1,9548.62,13135.56,14665.72,12122.37,11204.96,13983.77,8471.33,13456.44,9158.46,950,28500,,
Y199341044,D-237,2020,9580.79,11987.73,12878.78,20738.09,19169.79,20015.25,18042.04,17175.61,16945.31,10708.22,12179.61,12703.05,500,15000,,
Y199341045,D-246,2020,2742.43,2922.56,5541.53,6778.81,7453.24,2613.42,11635.95,8228.2,4696.4,7819.87,7793.21,5580.35,950,28500,,
Y199341046,D-247,2020,25117.99,15556.91,22117.29,25285.83,18980.06,12163.78,10111.29,12082.79,16559.97,14478.16,22130.81,19438.1,850,25500,,
Y199341047,F-061,2020,619.61,0.0,0.0,0.0,2498.18,799.82,0.0,0.0,4701.04,9545.15,29787.1,10314.67,850,25500,,
Y199341048,F-064,2020,1395.9,2220.75,3943.3,4943.55,5811.66,5236.83,3510.61,4165.13,1937.38,4237.71,3188.28,2356.23,800,24000,,
Y199341049,F-062,2020,2510.97,1004.39,1020.69,1618.13,8640.5,1401.33,1365.59,1688.31,3964.3,7334.13,20307.08,10871.3,1000,30000,,
Y199341051,D-259,2020,0.0,0.0,1.0,0.0,9.0,0.0,0.0,0.0,0.0,0.0,0.0,0.0,1000,30000,,
Y199341052,F-063,2020,2353.91,3069.61,2495.08,3414.21,3320.67,3386.15,4352.45,16828.25,5909.27,3860.16,4138.17,3256.21,1000,30000,,
Y199341053,D-256,2020,3200.3,4527.33,4201.41,12145.44,9065.69,10562.17,5000.72,5856.06,6303.98,4795.33,6674.91,4980.53,600,18000,,
Y199341054,F-051,2020,11369.12,12677.15,15344.61,25578.36,32444.88,30569.41,26857.43,25604.09,29105.63,16496.99,20862.93,19424.11,750,22500,,
Y199341055,F-065,2020,206.23,167.12,2.37,4795.06,3328.64,2.85,0.0,397.0,339.0,23522.76,14144.75,12168.09,1000,30000,,
Y199341057,W-003,2020,2608.55,2604.67,3732.59,2724.13,3854.36,3601.44,2080.06,2161.89,2111.74,7709.47,16609.01,10394.16,1100,33000,,
Y199341058,D-073,2020,2529.05,1192.59,2103.12,5160.31,7967.68,6390.31,3546.54,2839.17,4866.32,8400.84,21318.31,10737.65,850,25500,,
Y199341059,D-056,2020,674.46,0.0,0.0,1702.16,5665.84,568.62,0.0,1.8,1010.5,11483.28,31199.34,11292.51,700,21000,,
Y199341060,D-059,2020,5477.15,5805.42,6943.12,8354.28,9460.47,8989.19,7766.77,7603.6,8069.17,7265.51,12070.78,9452.4,700,21000,,
Y199341061,U-048,2020,680.12,651.88,774.26,952.18,2213.94,541.76,548.86,935.0,1411.0,2259.53,14025.65,7019.92,2000,60000,,
Y199341065,W-026,2020,11643.68,13056.78,13030.07,21732.58,18378.35,18882.8,16570.11,17473.74,18816.4,17658.48,19154.97,18021.92,1700,51000,,
Y199341066,D-005,2020,14076.57,12220.35,10620.85,15005.94,15265.68,12530.56,10714.4,4271.3,12084.63,8369.92,12161.53,10834.55,600,18000,,
Y199341075,F-007,2020,3755.55,6183.99,8900.25,19679.67,15878.99,11483.19,9939.54,12171.49,14138.03,11402.49,9987.56,6746.01,1350,40500,,
Y199341084,W-020,2020,6102.59,6115.46,7376.85,8048.98,7332.01,6380.34,3272.64,4334.6,3846.19,4570.32,5683.97,4690.84,1000,30000,,
Y199341087,D-069,2020,0.0,0.0,0.0,0.0,0.0,0.0,0.0,0.0,0.0,0.0,0.0,0.0,650,19500,,
Y199341093,D-004,2020,2973.61,3283.43,7705.52,7063.35,7158.95,8262.26,4571.96,8459.47,3786.58,7423.63,6453.86,4967.85,950,28500,,
Y199341094,U-036,2020,500.0,589.15,437.99,736.53,2178.35,733.69,594.89,396.59,1341.59,1224.83,7782.46,4652.51,1500,45000,,
Y199341095,D-049,2020,5790.4,5415.24,9925.7,10727.74,11611.08,10168.28,10344.62,12880.45,11666.34,25491.76,22452.17,20079.2,850,25500,,
Y199341097,90사계,2020,823.07,1706.01,3139.66,7401.03,9637.92,3279.97,1591.74,10500.52,4336.02,39257.8,32991.25,29906.67,1000,30000,,
Y199341099,89동광1,2020,0.0,0.0,0.0,0.0,0.0,0.0,0.0,0.0,0.0,0.0,0.0,0.0,800,24000,,
Y199341100,90감산,2020,13682.33,11804.87,15297.49,11686.41,11931.71,11597.21,11184.45,10637.47,6807.26,13214.74,11379.4,9315.17,800,24000,,
Y199341103,D-006,2020,0.0,0.0,0.0,0.0,0.0,0.0,0.0,0.0,0.0,0.0,0.0,0.0,600,18000,,
Y199341104,D-020,2020,1745.53,2067.38,1834.26,3358.48,3590.81,3012.28,3584.95,3011.96,3652.09,3187.52,3657.32,2934.18,850,25500,,
Y199341106,D-158,2020,0.0,0.0,0.0,0.0,0.0,0.0,0.0,0.0,0.0,0.0,0.0,0.0,1505,45150,,
Y199341110,D-055,2020,10538,10309,166,38359,19095,14355,11254,15366,21280,25376,18396,15105,1500,20000,,농어촌공사DB
Y199341111,D-082,2020,2940,1529,2419,10401,2798,2304,1702,4159,18685,29893,17392,16236,1500,30000,,농어촌공사DB
Y199341112,D-160,2020,1043,560,1073,2639,3151,1816,2,2737,6382,3443,605,950,2375,29700,,농어촌공사DB
Y199341113,D-114,2020,19533,9733,7447,8192,5038,1441,247,4251,11557,14729,7303,2970,1500,34000,,농어촌공사DB
Y199341114,D-113,2020,12542,6929,8091,12085,9017,10603,9480,10460,17141,17772,14878,15530,1500,22000,,농어촌공사DB
Y199341115,D-081,2020,1167,303,407,4497,1835,183,3,2329,7616,12580,7639,6674,1200,35300,,농어촌공사DB
Y199510076,F-066,2020,5076.5,5018.7,4968.2,3216.4,3412.5,4877.3,5649.7,5448.2,5990.1,3694.8,4496.9,4526.3,800,18450,2→3차 역행,사후관리DB(원본월별·5년이용량분석)
Y199510077,93이호,2020,2480.1,2033.0,1924.8,6044.9,6633.1,8910.8,4654.2,5863.7,8256.7,6247.2,6348.4,4117.8,800,18300,4차이후 외삽 (2020-11-05 ~ 12/31),사후관리DB(원본월별·5년이용량분석)
Y199510078,94도평,2020,35199.8,40105.6,40267.9,17439.8,15920.1,17127.9,31337.6,32332.6,28557.7,22287.2,23328.0,22648.9,800,21060,전년 자료 없음 — 외삽,사후관리DB(원본월별·5년이용량분석)
Y199510079,94아라,2020,13970.8,13702.1,13059.9,6227.5,6110.7,7940.3,12346.4,12480.2,13403.7,7968.0,8713.9,7739.8,800,14100,,사후관리DB(원본월별·5년이용량분석)
Y199510080,F-078,2020,2453.9,2680.9,3207.5,3897.6,5595.6,7055.2,4510.5,4210.9,4889.6,3334.6,3852.2,3100.8,800,9510,,사후관리DB(원본월별·5년이용량분석)
Y199520081,D-274,2020,1941.79,2955.45,2789.84,2139.94,2993.0,3253.61,2394.6,2646.75,1706.61,1802.26,2368.78,2362.36,600,18000,,
Y199520082,F-067,2020,2651.56,2666.83,2524.26,5356.01,5177.64,5548.29,5570.14,4619.73,5164.29,4027.87,4336.91,3098.16,700,21000,,
Y199520083,F-079,2020,2573.77,2665.57,3702.56,6706.13,9678.24,8878.58,6706.12,4338.32,7567.63,5139.73,7427.97,5601.1,700,21000,,
Y199520085,D-275,2020,6287.32,5009.29,7046.79,9516.66,10918.74,11098.9,10870.64,11138.27,10496.85,11285.07,10417.54,7504.0,800,24000,,
Y199530138,D-264,2020,79.2,79.2,74.1,170.6,333.5,466.9,563.2,1315.4,1175.9,661.8,117.9,103.4,1200,36000,,사후관리DB(원본월별·5년이용량분석)
Y199530139,D-277,2020,1185.9,1327.8,1400.6,4819.9,3108.0,4003.4,2049.1,2203.9,2654.3,7439.6,8889.0,5955.6,800,6810,,사후관리DB(원본월별·5년이용량분석)
Y199530141,D-278,2020,7592.8,8350.0,8442.7,10448.6,10718.6,14667.6,14552.7,17439.9,19841.9,12913.8,15909.6,10522.8,800,24000,3→4차 역행,사후관리DB(원본월별·5년이용량분석)
Y199530142,D-266,2020,2103.8,1488.4,1898.1,2162.8,2583.6,2983.2,1427.7,1128.8,1930.6,3641.5,4616.8,3759.8,800,24000,,사후관리DB(원본월별·5년이용량분석)
Y199530144,D-276,2020,7963.6,2855.3,3339.7,5569.6,5908.0,8379.2,6446.3,7910.4,13588.3,11152.1,10697.6,6999.5,800,10350,,사후관리DB(원본월별·5년이용량분석)
Y199530145,F-068,2020,4326.8,4851.0,4446.1,3252.7,4213.1,4917.7,5690.2,7754.2,10993.8,12587.1,8528.6,8783.8,800,14340,,사후관리DB(원본월별·5년이용량분석)
Y199530146,F-069,2020,11281.1,15983.6,20774.4,7622.7,14410.8,20961.3,12998.0,24788.4,11181.8,15994.8,15842.8,10371.6,600,9510,,사후관리DB(원본월별·5년이용량분석)
Y199530150,F-072,2020,17.3,17.3,1271.8,73.7,318.7,99.1,462.5,836.8,50.1,3932.9,1501.5,993.0,800,4110,,사후관리DB(원본월별·5년이용량분석)
Y199530151,D-267,2020,9134.5,8281.8,7571.6,6650.7,6300.2,6044.2,7869.0,9846.7,13567.5,12534.4,15866.8,11888.7,800,15840,,사후관리DB(원본월별·5년이용량분석)
Y199530152,D-279,2020,2072.8,1544.1,1220.7,2955.4,3691.5,2300.4,1294.2,2135.0,3169.4,7624.8,11733.9,6714.9,800,11610,,사후관리DB(원본월별·5년이용량분석)
Y199540245,F-074,2020,5263.51,8794.01,9658.22,17859.67,17986.88,15453.48,12858.41,11794.73,13862.83,11537.06,13184.98,9293.88,600,18000,,
Y199540246,D-283,2020,13083.34,16155.66,20641.99,29842.97,29652.13,26864.4,25856.14,21338.65,20629.85,16131.9,19964.54,18184.65,1000,30000,,
Y199540248,F-075,2020,0.0,0.0,0.0,0.0,0.0,0.0,0.0,0.0,0.0,0.0,0.0,0.0,600,18000,,
Y199540249,D-268,2020,2018.72,1089.97,1349.32,2612.4,6586.64,3318.25,2192.46,2073.62,5974.97,8625.98,21121.95,10702.73,600,18000,,
Y199540250,D-269,2020,210.7,162.54,322.07,1196.76,2126.29,1312.95,383.59,180.68,1245.29,2198.65,14499.91,7448.36,700,21000,,
Y199540251,D-284,2020,6973.46,6556.84,11411.53,20610.49,18637.11,5591.85,32.94,5300.23,12917.47,8076.12,21949.34,8823.29,1000,30000,,
Y199540252,D-245,2020,4788.2,6051.05,8631.48,18045.88,14915.9,16192.89,10200.71,14235.36,13818.03,8079.13,7935.79,10131.8,500,15000,,
Y199540253,F-073,2020,7982.13,7241.52,9499.22,11308.0,10884.0,25938.0,11762.38,12524.76,13044.65,9186.75,11731.8,10277.17,600,18000,,
Y199540254,D-271,2020,5781.03,6305.78,6631.53,7160.46,7001.67,14545.01,5793.05,6744.41,3604.46,119.66,1967.15,6717.2,800,24000,,
Y199540255,F-076,2020,700.06,1390.26,2244.14,3346.54,3585.44,3562.98,1428.24,3410.2,1289.3,2856.94,2044.57,2285.97,1000,30000,,
Y199540256,F-077,2020,1363.44,1629.58,2609.08,5355.46,6130.94,5594.38,3207.63,5017.01,3081.44,4634.92,4229.39,3444.78,500,15000,,
Y199540257,D-270,2020,16.49,76.94,119.54,6444.71,12752.72,6250.36,3034.81,737.14,3431.86,256.87,1.63,0.0,800,24000,,
Y200230019,D-297,2020,12793.7,12077.3,12915.9,15689.3,8238.5,7434.1,1311.7,2524.5,3010.4,2263.9,5719.4,373.7,800,24000,,사후관리DB(원본월별·5년이용량분석)
Y200240031,F-083,2020,5344.69,8588.01,9693.11,15081.7,14187.75,13415.49,8213.06,25517.85,24566.48,27014.5,28014.16,26753.64,600,18000,,
