permit_no,well_id,year,Jan,Feb,Mar,Apr,May,Jun,Jul,Aug,Sep,Oct,Nov,Dec,capacity_m3d,permit_m3m,remark,source
D199510018,F-084,2022,4068,4472.5,4954.1,9314,5158.0,11113.4,9347,10170.5,9610.7,7773,12267.3,14363.8,600,9030,,사후관리DB(원본월별·5년이용량분석)
D199510019,F-085,2022,4546,7098.6,4582.8,7530,4584.1,5929.8,7429,6297.6,6751.3,6732,242.5,399.8,750,15120,,사후관리DB(원본월별·5년이용량분석)
D199510020,F-087,2022,2586,1779.2,3142.4,1816,2860.9,2806.8,1663,2645.2,2415.0,1468,1611.1,1741.8,750,6390,,사후관리DB(원본월별·5년이용량분석)
D199510021,F-086,2022,8301,13992.2,15559.3,11892,13079.4,16292.0,11424,13095.5,15174.5,9618,11824.6,12327.2,700,16920,,사후관리DB(원본월별·5년이용량분석)
D199510022,D-288,2022,15680,13608.9,14628.6,20240,16155.4,15912.9,17497,16577.2,19484.3,12848,10986.5,11716.4,800,18210,,사후관리DB(원본월별·5년이용량분석)
D199510023,D-287,2022,7691,7600.2,11860.4,19027,13260.5,20212.4,11442,15189.0,20535.9,7054,13707.2,12112.5,800,23670,,사후관리DB(원본월별·5년이용량분석)
D199520015,F-088,2022,8011.0,11162.0,13930.0,17612.0,17303.0,15062.0,14278.0,17594.0,12779.0,13421.0,12877.0,8113.0,500,15000,,
D199520016,D-291,2022,4790.0,6454.0,6449.0,7914.0,9529.0,12816.0,8851.0,10817.0,11520.0,9601.0,9699.0,8192.0,500,15000,,
D199520017,D-293,2022,6357.0,7883.0,7337.0,8648.0,7921.0,7389.0,6883.0,6829.0,5960.0,6540.0,7756.0,4162.0,700,21000,,
D199520018,D-292,2022,5415.0,8304.0,10736.0,10424.0,9906.0,11522.0,9949.0,11559.0,9233.0,10804.0,11029.0,6590.0,600,18000,,
D199520019,D-289,2022,2947.0,3695.0,2832.0,9191.0,8035.0,8968.0,7613.0,9291.0,7112.0,7274.0,8759.0,5480.0,500,15000,,
D199520020,D-290,2022,1441.0,1405.0,2375.0,2608.0,2390.0,3227.0,2302.0,2814.0,2233.0,2755.0,3703.0,930.0,500,15000,,
D199530039,96조천1,2022,4860,2492.9,2849.3,8910,817.5,2715.0,8496,3267.9,3401.9,2866,4094.6,2396.9,800,22800,,사후관리DB(원본월별·5년이용량분석)
D199530042,D-294,2022,341,61.7,72.5,896,370.3,2140.1,102,444.5,84.5,88,0.9,0.8,800,24000,,사후관리DB(원본월별·5년이용량분석)
D199530043,F-080,2022,2476,67.6,1546.1,2219,5719.7,5942.1,2336,3748.8,3912.3,57,1948.7,428.8,700,19950,,사후관리DB(원본월별·5년이용량분석)
D199530045,F-089,2022,682,3009.4,2728.1,4093,3373.2,15604.8,1442,2572.5,2960.1,655,1593.7,745.8,650,22800,,사후관리DB(원본월별·5년이용량분석)
D199530046,F-090,2022,612,3610.2,2783.9,919,1792.4,3083.1,950,2653.0,4826.2,828,3141.3,10578.3,800,22800,,사후관리DB(원본월별·5년이용량분석)
D199530047,F-091,2022,863,10885.8,931.7,1959,2157.1,2584.7,2209,2126.7,3958.7,587,3074.7,1868.3,700,13680,,사후관리DB(원본월별·5년이용량분석)
D199530048,F-092,2022,13283,14762.6,12753.5,14416,7457.9,6023.5,10324,12937.9,12457.2,18244,7456.3,16798.1,1000,20460,,사후관리DB(원본월별·5년이용량분석)
D199530049,F-093,2022,4810,10088.8,9275.7,6411,10218.8,11964.4,6522,10826.5,11442.9,3424,8206.3,9236.3,1000,19410,,사후관리DB(원본월별·5년이용량분석)
D199530050,F-094,2022,89,2389.1,1106.7,192,109.3,1957.7,287,42.8,1852.8,778,65.0,159.7,700,16260,⚠ 오타 의심 (수동 검토 필요); 3→4차 역행,사후관리DB(원본월별·5년이용량분석)
D199530051,F-095,2022,570,2302.3,2148.8,1178,2524.6,4752.7,1278,3971.3,5258.4,909,3864.2,4016.1,800,19800,,사후관리DB(원본월별·5년이용량분석)
D199530052,F-096,2022,4337,3696.7,3696.7,14318,5820.3,7617.6,15636,15299.0,15787.9,15676,14469.6,14681.5,600,9930,다음해 자료 없음 — 1→2차 일평균 외삽,사후관리DB(원본월별·5년이용량분석)
D199530053,D-300,2022,50,0.1,0.1,230,17.9,21.8,203,221.7,56.2,58,46.9,49.4,800,22800,,사후관리DB(원본월별·5년이용량분석)
D199530054,D-301,2022,5050,5103.3,4226.4,9777,7956.3,10167.8,11152,8647.6,9616.7,7867,9311.2,9308.5,600,17040,4차이후 외삽 (2022-11-22 ~ 12/31),사후관리DB(원본월별·5년이용량분석)
D199530055,D-303,2022,13176,17787.6,17308.8,13939,21052.5,20360.8,6416,20177.5,20996.4,14462,1900.7,22179.4,600,17100,전년 자료 없음 — 외삽; 3→4차 역행,사후관리DB(원본월별·5년이용량분석)
D199530056,D-304,2022,0,0,0,0,0,0,0,0,0,0,0,0,900,27000,,사후관리DB(원본월별·5년이용량분석)
D199530057,D-305,2022,3621,4443.4,4791.5,8728,9685.8,12673.4,5621,10377.9,12626.9,3974,9238.5,11947.1,600,12210,,사후관리DB(원본월별·5년이용량분석)
D199530058,D-302,2022,4765,3798.8,3133.4,12465,5252.0,7497.3,7955,5880.7,8131.3,5234,4552.6,4747.1,700,14880,,사후관리DB(원본월별·5년이용량분석)
D199530059,D-298,2022,3931,2559.0,3565.2,8596,4860.9,8036.8,11405,9794.2,11689.6,4623,11332.6,5653.9,700,10380,,사후관리DB(원본월별·5년이용량분석)
D199530060,D-299,2022,5819,1586.7,1268.4,7293,2060.2,2374.6,6433,6192.1,5302.1,4428,6544.5,6423.0,900,16680,,사후관리DB(원본월별·5년이용량분석)
D199530061,96조천2,2022,8882,9453.5,8740.1,14577,10736.5,13856.2,14332,14827.8,17017.9,14927,13926.9,14036.6,800,17280,,사후관리DB(원본월별·5년이용량분석)
D199540104,D-306,2022,5888.0,5542.0,6839.0,8704.0,8363.0,10159.0,8882.0,9957.0,8853.0,7502.0,9226.0,5260.0,800,7890,,
D199540105,D-307,2022,3248.0,4795.0,6822.0,7971.0,9481.0,8426.0,7304.0,8552.0,6188.0,8368.0,6384.0,4857.0,800,9240,,
D199540106,D-308,2022,1652.0,2834.0,5251.0,6250.0,6460.0,6322.0,6386.0,4947.0,2836.0,3493.0,3557.0,1242.0,700,3960,,
D199540107,D-309,2022,5227.0,6022.0,5498.0,11050.0,13533.0,15474.0,10739.0,12458.0,14928.0,11661.0,12241.0,10290.0,900,4200,,
D199540109,F-102,2022,22096.0,23978.0,20866.0,24611.0,23991.0,24661.0,22185.0,21820.0,21660.0,19857.0,22248.0,19973.0,800,11910,,
D199540110,F-103,2022,75.0,34.0,27.0,4220.0,10006.0,10354.0,9142.0,9959.0,6019.0,7408.0,7929.0,7381.0,700,22800,,
D199540111,D-316,2022,10002.0,9949.0,11404.0,12542.0,10818.0,11271.0,11480.0,13020.0,11998.0,9778.0,11908.0,9994.0,700,600,,
D199540112,F-104,2022,5600.0,5331.0,5547.0,7789.0,8814.0,10311.0,7218.0,9497.0,9900.0,7893.0,9430.0,7260.0,800,13170,,
D199540113,D-313,2022,4253.0,4724.0,4350.0,4920.0,4406.0,4315.0,3777.0,4394.0,4333.0,4135.0,2085.0,1356.0,700,14850,,
D199540114,F-098,2022,3414.0,3539.0,3794.0,3880.0,4464.0,6706.0,3118.0,2985.0,2951.0,5016.0,12057.0,7746.0,800,20910,,
D199540115,F-097,2022,0.0,0.0,1342.0,1287.0,1774.0,2238.0,2.0,0.0,778.0,7290.0,25238.0,7550.0,800,19410,,
D199540116,D-315,2022,3476.0,3347.0,6450.0,4765.0,5734.0,7684.0,3531.0,4986.0,6027.0,9823.0,16565.0,4945.0,700,9540,,
D199540117,F-100,2022,19840.0,24775.0,25582.0,30385.0,29508.0,30566.0,27308.0,29270.0,27545.0,26007.0,27107.0,24720.0,1000,12030,,
D199540118,F-101,2022,5558.0,6434.0,9379.0,9517.0,8142.0,10555.0,8894.0,11736.0,10422.0,10136.0,10957.0,4838.0,800,7950,,
D199540119,F-099,2022,12.0,7.0,6.0,6.0,416.0,3309.0,1530.0,562.0,1449.0,2578.0,3099.0,2097.0,800,10410,,
D199540120,D-312,2022,136.0,2041.0,4577.0,3921.0,2510.0,1729.0,696.0,640.0,3753.0,17382.0,9154.0,1540.0,700,19950,,
D199540121,D-314,2022,5033.0,5085.0,5934.0,9872.0,12591.0,15247.0,7237.0,12268.0,12924.0,6281.0,9560.0,7277.0,700,4380,,
D199540122,D-310,2022,30593.0,28303.0,21119.0,26438.0,27066.0,29775.0,24301.0,25506.0,26334.0,21716.0,25773.0,17677.0,950,22620,,
D199610004,F-105,2022,22248,18248.1,9835.8,27570,15538,16445.5,27243,15950.1,16879.5,26362,15286.4,15769.4,800,18000,2→3차 역행,사후관리DB(원본월별·5년이용량분석)
D199610005,F-108,2022,6942,7611.3,8106.5,10298,10329.1,13789.6,6495,13006.2,11174.4,6825,8573.8,9887.8,700,21000,,사후관리DB(원본월별·5년이용량분석)
D199610009,F-109,2022,1858,308.8,98.1,570,1077.2,1279.3,70,28.9,29.8,70,1877.5,1271.3,500,15000,,사후관리DB(원본월별·5년이용량분석)
D199610010,F-107,2022,6425,6617.9,11050.1,7701,8239.4,10385.7,3642,4796.2,7606.2,22809,6332.6,5380.9,600,18000,,사후관리DB(원본월별·5년이용량분석)
D199610011,F-111,2022,4967,13654.9,15150.7,6328,15423.4,16230.8,5072,15444.5,16408.2,3323,10774.6,11669.4,600,15000,3→4차 역행,사후관리DB(원본월별·5년이용량분석)
D199610020,F-110,2022,4275,3310.3,3845.5,6573,5010.9,7100.9,5032,6208.5,7804.8,4028,3081.3,2993.9,700,21000,,사후관리DB(원본월별·5년이용량분석)
D199610021,F-106,2022,2522,3688.1,4942.1,3296,6619.0,8893.1,2384,6646.6,8221.3,2334,4820.0,5858.7,700,21000,,사후관리DB(원본월별·5년이용량분석)
D199610022,F-112,2022,7979,16087.9,17408.8,8383,10.2,10.9,4560,13186.5,11415.2,4153,8523.8,8521.8,600,18000,오타 자동보정 (옵션A); 1→2차 역행,사후관리DB(원본월별·5년이용량분석)
D199620028,F-115,2022,2571.0,2791.0,3982.0,5367.0,5965.0,7067.0,5310.0,6225.0,4984.0,5241.0,5314.0,3990.0,800,5400,,
D199620033,F-113,2022,12316.0,13029.0,14366.0,15706.0,15747.0,17226.0,15248.0,16273.0,15721.0,16232.0,17373.0,14620.0,500,6000,,
D199620034,F-114,2022,10098.0,10339.0,12939.0,13238.0,13681.0,16073.0,16086.0,14156.0,13830.0,13145.0,13261.0,10211.0,600,5700,,
D199620035,D-319,2022,3560.0,4139.0,6187.0,8492.0,7402.0,8392.0,6917.0,7491.0,6220.0,8655.0,7075.0,5327.0,600,5700,,
D199620043,F-116,2022,6139.0,6462.0,6647.0,8900.0,9824.0,11729.0,9013.0,10389.0,10147.0,7910.0,8985.0,8116.0,700,6300,,
D199620044,F-118,2022,2984.0,2807.0,3962.0,9160.0,9208.0,13286.0,9444.0,11150.0,11822.0,8067.0,8699.0,5653.0,900,5400,,
D199620045,D-263-1,2022,3719.0,3912.0,5675.0,8048.0,7773.0,6866.0,5948.0,6075.0,4695.0,3002.0,2863.0,1395.0,700,4500,,
D199630016,F-136,2022,3401,4641.7,5510.7,6489,6884.7,8370.5,5162,6553.2,7621.0,3851,4021.7,8056.2,800,24000,,사후관리DB(원본월별·5년이용량분석)
D199630017,F-131,2022,13273,11429.5,16248.1,16764,15054.1,16498.2,16252,13721.7,18327.7,11785,14718.7,15033.1,800,24000,,사후관리DB(원본월별·5년이용량분석)
D199630018,F-132,2022,7352,12846.5,12548.0,9467,14528.8,17605.7,7183,10184.1,13014.5,5895,10743.6,13150.2,800,24000,,사후관리DB(원본월별·5년이용량분석)
D199630019,F-137,2022,10724,16148.9,17257.2,17508,20398.6,24681.6,16817,22953.8,26509.1,12409,19985.7,20831.9,700,21000,,사후관리DB(원본월별·5년이용량분석)
D199630020,F-133,2022,6791,7874.8,10633.3,10509,8948.8,12087.8,9707,11269.4,12363.1,7133,8868.1,11244.4,900,21000,,사후관리DB(원본월별·5년이용량분석)
D199630021,F-153,2022,17325,10421.4,15114.9,19591,11677.1,13041.8,18672,13048.1,14237.4,17877,11968.9,12491.1,800,24000,,사후관리DB(원본월별·5년이용량분석)
D199630022,F-159,2022,4144,20130,7086,4174,8944,6488,3499,11665.5,16391.8,7415,14598.7,20614.9,700,21000,3→4차 역행,사후관리DB(원본월별·5년이용량분석)
D199630023,F-160,2022,6684,22006.4,15177.5,8659,14289.1,15286.6,8518,15008.1,19659.7,9696,21846.9,22266.6,800,24000,,사후관리DB(원본월별·5년이용량분석)
D199630024,F-161,2022,1194,10334.7,2944,4194,5381.3,2428.3,2362,3559.4,7764.3,4426,6040.7,10641.0,700,21000,3→4차 역행,사후관리DB(원본월별·5년이용량분석)
D199630025,F-162,2022,13259,20074.6,17769.5,11651,20163.8,17979.1,11486,14688.9,17743.2,14721,14591.1,17623.7,800,24000,,사후관리DB(원본월별·5년이용량분석)
D199630026,F-167,2022,0,0,0,1011,174.8,1667.9,151,646.8,1049.5,56,155.6,136.9,700,21000,,사후관리DB(원본월별·5년이용량분석)
D199630027,F-168,2022,10783,6268.6,7091.3,15411,2296.2,2760.8,13546,10365.3,11420.2,17154,10058.6,12420.3,700,21000,,사후관리DB(원본월별·5년이용량분석)
D199630028,F-126,2022,2496,2888.4,3788.9,4156,4740.1,5935.8,3274,3982.6,4212.4,1866,6065.4,7038.0,700,21000,오타 자동보정 (옵션A); 1→2차 역행,사후관리DB(원본월별·5년이용량분석)
D199630058,F-128,2022,2505,10648.2,8567.5,6004,12672.9,19940.5,3379,11319.4,11013.2,2156,5484.5,2965.5,900,18000,,사후관리DB(원본월별·5년이용량분석)
D199630059,F-134,2022,10953,10322.4,12178.6,13415,11015.9,12148.0,12403,9933.5,11033.3,12582,9524.9,8600.7,800,24000,,사후관리DB(원본월별·5년이용량분석)
D199630060,F-149,2022,2909,4636.5,6383.4,4476,8060.9,9773.6,3357,7573.2,8587.4,2514,6880.9,7307.6,800,18000,,사후관리DB(원본월별·5년이용량분석)
D199630061,F-144,2022,2579,3605.9,3203.1,5057,10707.3,13668.5,4370,4453.1,4507.4,2779,5911.4,7121.2,600,12000,,사후관리DB(원본월별·5년이용량분석)
D199630062,F-155,2022,10919,10812.4,11531.6,21352,18152.8,23327.8,12901,16859.0,19322.8,9686,16592.5,15733.3,600,18000,,사후관리DB(원본월별·5년이용량분석)
D199630063,F-146,2022,11644,13717.4,16131.9,11776,16581.0,15224.4,12020,15117.3,17205.3,5826,13271.1,11348.4,800,18000,,사후관리DB(원본월별·5년이용량분석)
D199630064,F-148,2022,4979,1169.6,1674.3,12090,2713.6,3648.8,9512,3429.4,4547.2,5891,4518.6,5187.8,700,13500,3→4차 역행,사후관리DB(원본월별·5년이용량분석)
D199630065,F-152,2022,2389,4901.2,9309.0,5659,1876.0,4957.4,2708,885.4,864.0,2447,661.6,1301.7,600,18000,,사후관리DB(원본월별·5년이용량분석)
D199630066,F-165,2022,6550,5726.9,7238.1,12279,10028.9,15795.9,9917,14600.4,15518.9,4958,9808.6,9329.8,800,24000,,사후관리DB(원본월별·5년이용량분석)
D199630067,F-169,2022,85,98.7,110.4,142,2946.8,4731.6,118,135.1,216.2,92,137.5,123.4,700,21000,다음해 자료 없음 — 전년→1차 일평균 외삽,사후관리DB(원본월별·5년이용량분석)
D199630068,F-127,2022,5198,4217.9,4324.8,8940,8736.3,10882.3,5667,9210.8,9307.9,3225,8099.9,13142.0,900,18000,,사후관리DB(원본월별·5년이용량분석)
D199630083,F-129,2022,52,144.1,189.8,61,203.8,196.8,1013,0,0,58,478.9,60.0,800,24000,,사후관리DB(원본월별·5년이용량분석)
D199630084,F-150,2022,62,30.8,30.4,1019,110.7,3568.8,2859,4105.5,114.2,68,110.0,101.7,800,24000,,사후관리DB(원본월별·5년이용량분석)
D199630085,F-142,2022,2043,2282.5,2152.2,3292,5944.0,8783.7,3016,3358.6,3928.9,2302,3059.1,3398.1,800,24000,,사후관리DB(원본월별·5년이용량분석)
D199630086,F-151,2022,2457,3176.5,3062.3,5433,5079.0,7521.4,3262,6345.0,7413.3,2739,5002.4,6946.6,600,18000,,사후관리DB(원본월별·5년이용량분석)
D199630087,F-147,2022,9239,10100.5,11014.6,12724,22922.1,25359.3,10656,23393.6,25041.8,10739,19853.1,20158.7,600,12000,"4차→다음해1차 역행(-245802), Period₃로 외삽; 다음해 자료 없음 — 3→4차 일평균 외삽",사후관리DB(원본월별·5년이용량분석)
D199630088,F-141,2022,3188,5999.0,5533.1,4431,11609.9,13439.3,3893,5374.8,5708.5,3801,6923.3,7929.5,700,13500,,사후관리DB(원본월별·5년이용량분석)
D199630089,F-157,2022,74,21538.5,2696.2,4477,154.3,937.1,4214,7158.3,7323.7,6959,6528.8,21250.6,800,24000,3→4차 역행,사후관리DB(원본월별·5년이용량분석)
D199630090,F-122,2022,589,1754.7,2710.0,2210,4044.3,6492.3,1444,3561.4,4356.3,1135,4547.4,4688.6,800,24000,,사후관리DB(원본월별·5년이용량분석)
D199630091,F-120,2022,913,6518.8,4350.6,1017,1836.3,2026.5,1263,2637.2,2928.9,1610,6287.0,6377.7,1100,33000,,사후관리DB(원본월별·5년이용량분석)
D199630092,F-119,2022,251,3972.9,891.1,363,599.6,1567.2,659,535.1,1669.9,498,4840.1,9300.4,700,21000,2→3차 역행,사후관리DB(원본월별·5년이용량분석)
D199630093,F-123,2022,3341,6380.9,7541.3,4235,15571.3,9936.4,4416,8638.0,10587.6,3437,9935.0,13050.6,1000,21000,,사후관리DB(원본월별·5년이용량분석)
D199630094,F-124,2022,4085,15127.9,5439.9,10187,12430.8,17493.7,4810,10096.3,11486.4,2486,13544.1,21008.6,800,24000,,사후관리DB(원본월별·5년이용량분석)
D199630095,F-121,2022,1233,3320.4,1577.5,2101,2730.1,3866.6,2589,2073.9,3801.2,1130,1291.0,1860.8,1100,33000,,사후관리DB(원본월별·5년이용량분석)
D199630132,F-130,2022,1467,92.1,102.3,2404,107.6,126.2,744,3469.2,3245.5,571,2057.4,3386.0,700,21000,,사후관리DB(원본월별·5년이용량분석)
D199630133,F-139,2022,8837,11347.9,10826.3,10451,21708.8,21988.9,8699,10151.4,9971.0,10473,10729.0,13085.3,700,13500,,사후관리DB(원본월별·5년이용량분석)
D199630134,F-140,2022,4842,7860.6,7737.5,7264,15121.9,17857.2,6569,16106.7,17439.9,6427,17295.1,16423.7,600,12000,,사후관리DB(원본월별·5년이용량분석)
D199630135,F-138,2022,8702,10351.2,9947.3,9773,17874.7,17469.5,9216,9184.1,9476.2,8037,9232.4,9972.0,700,13500,,사후관리DB(원본월별·5년이용량분석)
D199630136,F-156,2022,3857,8859.5,6970.1,4514,4734.8,9027.5,3921,4172.8,5264.4,305,8159.6,11691.5,1000,30000,3→4차 역행,사후관리DB(원본월별·5년이용량분석)
D199630137,F-166,2022,1755,7280.0,6638.4,3177,7688.8,11227.9,3697,11843.7,13343.7,1820,12834.1,10543.3,800,24000,,사후관리DB(원본월별·5년이용량분석)
D199630138,F-164,2022,1081,1259.6,2142.7,2174,3101.9,3410.4,1372,3421.4,3515.8,922,1716.4,1708.9,1000,30000,,사후관리DB(원본월별·5년이용량분석)
D199630139,F-125,2022,1085,2459.7,1696.8,1706,1248.1,2214.6,1091,1126.3,1313.3,1281,2294.5,4783.8,700,21000,2→4차 역행; 2→4차 역행,사후관리DB(원본월별·5년이용량분석)
D199630148,F-158,2022,960,6919.3,1362.8,1640,1519.4,2385.2,1006,1656.5,5628.0,1424,2541.1,7602.3,850,21000,3→4차 역행,사후관리DB(원본월별·5년이용량분석)
D199630149,F-135,2022,2837,6357.0,5858.7,3296,5999.1,6059.2,3069,5721.7,6203.9,3057,5571.0,5902.7,600,18000,,사후관리DB(원본월별·5년이용량분석)
D199630150,F-143,2022,910,3095.3,2766.4,1433,1795.9,3589.7,1627,1662.4,8978.5,974,3555.1,6226.1,800,18000,,사후관리DB(원본월별·5년이용량분석)
D199630151,F-163,2022,0,0,0,0,0,0,0,0,0,0,0,0,700,10500,,사후관리DB(원본월별·5년이용량분석)
D199640096,F-196,2022,3841.0,3046.0,3610.0,4654.0,5008.0,6765.0,3101.0,3789.0,3540.0,9029.0,13293.0,4684.0,600,9000,,
D199640098,F-182,2022,22105.0,16791.0,17501.0,16506.0,16125.0,21502.0,19588.0,19582.0,10848.0,11831.0,19441.0,16171.0,600,9000,,
D199640099,F-185,2022,4341.0,8361.0,7029.0,10544.0,9610.0,12154.0,5691.0,6340.0,5164.0,8984.0,8916.0,2901.0,800,15000,,
D199640100,F-172,2022,350.0,844.0,1952.0,3677.0,5250.0,4538.0,4588.0,6225.0,5578.0,5795.0,8386.0,2754.0,800,15000,,
D199640149,F-186,2022,3.0,13.0,1222.0,25028.0,27281.0,22903.0,2404.0,22222.0,2863.0,949.0,5133.0,13108.0,700,8190,,
D199640150,F-184,2022,31376.0,29532.0,28472.0,24838.0,27842.0,30176.0,29891.0,31385.0,24758.0,29294.0,29926.0,28708.0,800,8250,,
D199640151,F-199,2022,2097.0,2657.0,4386.0,5564.0,5716.0,5444.0,4128.0,4158.0,3550.0,4056.0,6289.0,1937.0,600,17100,,
D199640152,F-183,2022,15004.0,20162.0,21896.0,24706.0,24835.0,24830.0,19453.0,25807.0,20700.0,17214.0,17511.0,12408.0,600,9630,,
D199640183,D-327,2022,2751.0,4816.0,7278.0,9224.0,9562.0,12154.0,7376.0,10180.0,11676.0,10267.0,10984.0,3265.0,700,21000,,
D199640225,F-202,2022,10849.0,14767.0,15402.0,30115.0,30220.0,31719.0,26858.0,27234.0,21989.0,25244.0,23768.0,13631.0,700,12990,,
D199640226,F-203,2022,1124.0,1692.0,2677.0,3238.0,3793.0,2857.0,2531.0,2998.0,2462.0,2789.0,2660.0,1036.0,600,12750,,
D199640227,F-190,2022,3813.0,4861.0,6546.0,6707.0,6119.0,8675.0,6030.0,5416.0,7374.0,8703.0,14952.0,6430.0,900,25560,,
D199640228,F-189,2022,9724.0,10479.0,17017.0,17076.0,14405.0,14978.0,5700.0,10600.0,11832.0,25909.0,39881.0,13677.0,800,22800,,
D199710012,F-217,2022,23373,12414.4,15894.9,14487,22259.5,13251.9,10205,10417.3,12014.0,14253,8372.9,10474.3,600,18000,,사후관리DB(원본월별·5년이용량분석)
D199710013,F-218,2022,13538,9031.0,10134.9,20072,10144.3,10733.5,14367,11237.0,11103.7,16425,9180.9,8933.1,600,18000,,사후관리DB(원본월별·5년이용량분석)
D199710016,F-216,2022,16577,1237.1,1239.4,20688,286.9,282.3,19813,1568.0,1593.9,18267,1512.7,1460.7,700,21000,전년 자료 없음 — 외삽; 2→3차 역행,사후관리DB(원본월별·5년이용량분석)
D199710017,F-214,2022,2761,7933.7,8954.5,5162,11060.7,14350.1,3664,22782.6,23703.6,3325,10103.7,9087.7,600,18000,,사후관리DB(원본월별·5년이용량분석)
D199710018,F-215,2022,1971,2302.2,2883.8,3242,4131.8,4273.9,1819,3335.0,4021.3,1671,3000.9,3352.2,800,24000,1→4차 역행; 1→4차 역행; 1→4차 역행,사후관리DB(원본월별·5년이용량분석)
D199710019,F-204,2022,5603,7001.1,8000.4,8547,8872.0,10668.6,6383,9434.5,10994.3,5097,8247.9,6216.3,600,18000,,사후관리DB(원본월별·5년이용량분석)
D199710025,F-220,2022,5033,8189.2,8877.4,10510,11588.1,15686.9,6755,13327.2,13372.0,5883,15712.0,13622.5,700,21000,,사후관리DB(원본월별·5년이용량분석)
D199710026,F-219,2022,3409,4512.9,4976.0,4065,5968.1,6294.6,4184,6849.3,7247.3,3986,5556.7,5862.9,800,24000,,사후관리DB(원본월별·5년이용량분석)
D199720002,D-320,2022,10756.0,9677.0,12257.0,15058.0,16648.0,13975.0,8150.0,9816.0,12541.0,18098.0,20773.0,18217.0,600,5700,,
D199720003,F-117,2022,1774.0,2806.0,4738.0,7159.0,7256.0,8677.0,4889.0,5594.0,3309.0,5574.0,6077.0,2061.0,600,5700,,
D199720017,F-226,2022,4990.0,4974.0,5873.0,14067.0,13405.0,14519.0,12383.0,13135.0,10818.0,9421.0,11055.0,6386.0,600,5700,,
D199720018,F-222,2022,2070.0,2728.0,3390.0,5002.0,5894.0,8616.0,5417.0,8355.0,8275.0,5825.0,6791.0,4449.0,600,5700,,
D199720019,F-224,2022,5353.0,9848.0,12025.0,13983.0,15266.0,18645.0,16863.0,18867.0,11896.0,14019.0,13329.0,6586.0,950,5700,,
D199720020,F-223,2022,4182.0,7592.0,11024.0,11269.0,12825.0,14560.0,9483.0,13711.0,7418.0,9586.0,12068.0,6143.0,750,5700,,
D199720021,F-225,2022,3196.0,6522.0,9839.0,11681.0,11534.0,14519.0,12200.0,13386.0,8046.0,10045.0,9610.0,5020.0,600,5700,,
D199720024,F-221,2022,2706.0,5648.0,6232.0,5725.0,5819.0,6281.0,6113.0,5950.0,3901.0,4195.0,5487.0,3023.0,800,6600,,
D199720026,F-231,2022,3688.0,4345.0,5014.0,9781.0,10320.0,11998.0,2548.0,3506.0,2454.0,10017.0,11453.0,5767.0,550,5700,,
D199720027,F-230,2022,4798.0,5125.0,8705.0,11070.0,11784.0,11237.0,10574.0,12808.0,10113.0,10173.0,9823.0,4970.0,600,5700,,
D199720028,F-227,2022,4410.0,5732.0,7068.0,14108.0,13764.0,11732.0,9426.0,12378.0,8151.0,10117.0,8705.0,3615.0,700,6000,,
D199720029,F-229,2022,2627.0,5844.0,8004.0,9251.0,10401.0,8157.0,7234.0,9028.0,5632.0,8421.0,6292.0,2278.0,600,5700,,
D199720030,F-228,2022,13489.0,17642.0,20621.0,24701.0,27287.0,28778.0,25654.0,28317.0,27607.0,22215.0,24182.0,20534.0,850,5700,,
D199730036,F-207,2022,7,23.8,21.4,629,0,0,105,9593.8,9.2,3,8.8,5.9,700,21000,,사후관리DB(원본월별·5년이용량분석)
D199730037,F-208,2022,1167,1260.0,1604.3,2233,1997.5,2357.7,1825,2144.1,3207.0,1333,2393.9,1545.1,800,24000,,사후관리DB(원본월별·5년이용량분석)
D199730038,F-212,2022,10344,6349.7,7342.1,13736,7079.1,7336.2,20616,9140.4,13087.1,12673,11209.2,14782.2,800,24000,,사후관리DB(원본월별·5년이용량분석)
D199730039,F-145,2022,1482,2503.6,2031.6,4869,7306.9,7675.7,4111,4356.0,4453.7,2103,5074.7,4214.4,600,18000,,사후관리DB(원본월별·5년이용량분석)
D199730040,F-154,2022,2264,3365.8,2101.7,6008,5421.3,6568.2,3289,4908.9,5412.6,3135,6690.7,9682.0,800,12000,전년 자료 없음 — 외삽,사후관리DB(원본월별·5년이용량분석)
D199730052,F-206,2022,15424,12487.5,15409.5,22286,17474.1,22432.2,19194,20674,20672,16566,18679,19693,900,24000,2→3차 역행,사후관리DB(원본월별·5년이용량분석)
D199730053,F-209,2022,6585,5263.7,5199.5,7739,5302.8,6202.0,9935,4749.4,5209.1,6976,4827.7,4577.0,800,24000,,사후관리DB(원본월별·5년이용량분석)
D199730054,F-213,2022,5182,15592.4,10652.2,6108,9620.3,10361.5,5897,10669.2,10895.3,4855,8884.2,7913.5,1000,30000,3→4차 역행,사후관리DB(원본월별·5년이용량분석)
D199730055,F-211,2022,9183,9183.4,9394.3,17707,8166.2,10131.0,16335,10171.3,13994.5,11999,6477.4,8131.2,600,18000,,사후관리DB(원본월별·5년이용량분석)
D199730056,F-205,2022,1485,9455.7,5784.0,3046,5181.1,9346.9,2401,51.7,65.5,2013,104.3,207.2,1000,24000,,사후관리DB(원본월별·5년이용량분석)
D199730057,F-241,2022,7426,8183.5,8382.7,16341,11205.5,15487.2,13568,10419.8,5185.7,9842,10583.6,11617.9,600,24000,,사후관리DB(원본월별·5년이용량분석)
D199730059,F-210,2022,294,135.5,136.9,1408,125.4,652.3,3976,123.9,81.8,106,1576.7,5.2,800,24000,,사후관리DB(원본월별·5년이용량분석)
D199730061,F-263,2022,3967,11581.6,12626.1,5168,11602.7,16271.5,4436,12858.0,15147.6,4804,10922.0,12105.8,800,24000,,사후관리DB(원본월별·5년이용량분석)
D199730063,F-235,2022,2987,10291.6,7971.6,3711,9313.8,10571.0,3862,0,11956.2,4997,18191.9,18131.2,800,12000,,사후관리DB(원본월별·5년이용량분석)
D199730073,F-257,2022,33660,19290.3,19685.9,36200,29061.0,29568.8,20566,19757.4,16121.9,34563,27689.8,27980.7,700,21000,,사후관리DB(원본월별·5년이용량분석)
D199730074,F-239,2022,6076,5642.2,9381.9,14794,5301.6,3151.1,8276,7250.2,10459.8,7322,10327.8,12093.7,700,21000,,사후관리DB(원본월별·5년이용량분석)
D199730079,F-252,2022,1908,4535.4,4074.2,2809,5400.4,7301.8,2300,4174.2,4867.6,1827,5687.6,6357.5,800,24000,,사후관리DB(원본월별·5년이용량분석)
D199730080,F-251,2022,1678,245.9,119.8,7392,7850.3,14488.8,673,6315.9,7549.8,74,351.3,8029.3,1000,24000,,사후관리DB(원본월별·5년이용량분석)
D199730081,F-259,2022,1661,1144.2,1393.7,2184,1311.8,1810.2,1947,1894.5,2124.7,1785,1905.0,1763.2,700,30000,,사후관리DB(원본월별·5년이용량분석)
D199730082,F-258,2022,4075,3838.6,4941.1,6750,4447.4,8214.0,4995,6488.0,5820.5,4565,4000.8,4387.6,600,24000,,사후관리DB(원본월별·5년이용량분석)
D199730083,F-248,2022,5658,1521.3,1225.2,9637,2911.8,5512.0,6459,3703.5,1656.6,6234,1539.8,1813.0,700,24000,,사후관리DB(원본월별·5년이용량분석)
D199730084,F-253,2022,0,0,0,0,0,0,2,0,0,0,165,0,800,21000,,사후관리DB(원본월별·5년이용량분석)
D199730085,F-256,2022,14673,11735.8,12732.0,27195,16963.3,24177.5,32085,21938.6,28940.8,27701,29984.3,31224.3,1200,36000,,사후관리DB(원본월별·5년이용량분석)
D199730087,F-261,2022,7130,15094.8,16466.7,9728,18976.0,20465.8,8448,17528.8,17778.3,8459,17371.0,18841.8,1200,36000,,사후관리DB(원본월별·5년이용량분석)
D199730088,F-254,2022,2959,6835.3,4453.3,8365,6815.4,10401.5,5954,7072.0,6467.6,3731,6148.4,7490,800,24000,,사후관리DB(원본월별·5년이용량분석)
D199730089,F-255,2022,11974,13027.0,13485.9,19540,10777.4,12819.0,17542,9851.1,10578.1,18404,11951.8,12834.9,700,24000,,사후관리DB(원본월별·5년이용량분석)
D199730090,F-242,2022,7001,11644.3,13392.9,12101,12915.1,18457.7,9721,14886.3,16477.0,9764,15477.0,18601.1,800,33000,,사후관리DB(원본월별·5년이용량분석)
D199730091,F-245,2022,15170,25880.9,26917.7,13828,18292.1,18947.3,11821,18602.1,22347.4,8384,18795.4,20523.2,900,27000,,사후관리DB(원본월별·5년이용량분석)
D199730092,F-244,2022,9584,14185.5,14416.3,13216,10460.9,12187.6,13862,12554.8,14299.0,12765,13159.1,14530.6,800,27000,,사후관리DB(원본월별·5년이용량분석)
D199730093,F-243,2022,3226,4642,3584.6,5998,10094.1,11195.1,4135,7942.7,9251.4,3126,6316.0,7040.1,800,19200,,사후관리DB(원본월별·5년이용량분석)
D199730094,F-246,2022,8670,18492.9,19050.5,10431,18769.5,20133.0,11599,19034.6,19013.9,9566,13029.9,10196.6,800,24000,,사후관리DB(원본월별·5년이용량분석)
D199730098,F-234,2022,3426,9660.4,6853,3713,10593.4,11576.8,2829,10064.0,12105.2,3339,17467.0,17769.3,800,12000,,사후관리DB(원본월별·5년이용량분석)
D199730099,F-232,2022,1862,3981.8,4166.3,3995,7399.8,8863.0,2223,8976.9,8626.9,2565,8953.5,6521.5,800,12000,,사후관리DB(원본월별·5년이용량분석)
D199730100,F-233,2022,701,2712.9,2003.8,1270,3737.1,3081.8,1064,0,2259.0,2398,5639.5,7128.3,600,9000,,사후관리DB(원본월별·5년이용량분석)
D199730101,F-236,2022,652,1.8,1.5,1744,3.2,4.0,1260,1.9,2.4,813,15.2,30.5,800,12000,오타 자동보정 (옵션A); 1→2차 역행; 2→4차 역행; 2→4차 역행,사후관리DB(원본월별·5년이용량분석)
D199730102,F-238,2022,75,61.7,61.7,86,15.7,3.0,89,2.9,3.2,88,0.3,0.8,800,12000,,사후관리DB(원본월별·5년이용량분석)
D199730103,F-237,2022,2523,7989.8,6972.5,3563,7632.8,10219.7,4055,7909.7,8515.5,5155,15395.7,16414.2,800,12000,,사후관리DB(원본월별·5년이용량분석)
D199730105,F-250,2022,2171,4211.3,3939.2,5846,9412.9,15244.8,2590,7205.8,9462.9,1962,7478.2,7452.6,700,27000,,사후관리DB(원본월별·5년이용량분석)
D199730107,F-240,2022,4230,20261.8,19597.4,4352,21130.9,15071.6,5771,21420.4,23197.3,4321,13937.3,64.6,1050,24000,,사후관리DB(원본월별·5년이용량분석)
D199730108,F-247,2022,1792,95.5,2832.6,3313,3106.5,5964.5,2567,8050.2,7208.7,51,4842.8,1855.5,700,21000,,사후관리DB(원본월별·5년이용량분석)
D199730109,F-266,2022,2393,5716.2,3424.1,8038,4101.1,9789.9,6521,10694.7,12628.8,3680,5785.7,7252.4,700,21000,,사후관리DB(원본월별·5년이용량분석)
D199730120,D-321,2022,0,0,0,0,0,0,0,0,0,0,0,0,800,24000,,사후관리DB(원본월별·5년이용량분석)
D199730121,D-322,2022,0,0,0,0,0,0,0,0,0,0,0,0,,,,사후관리DB(원본월별·5년이용량분석)
D199730132,F-262,2022,2343,4568.6,6271.4,6960,3573.2,13734.3,3592,8008.0,9783.7,3177,6899.6,11188.7,800,24000,,사후관리DB(원본월별·5년이용량분석)
D199730133,F-260,2022,9411,14376.2,11487.6,14820,16174.4,19740.3,13341,13919.0,14822.6,13314,18051.5,18945.8,800,24000,,사후관리DB(원본월별·5년이용량분석)
D199730134,R-001,2022,8025,8997.9,7688.0,11293,11679.7,10835.6,10452,10575.5,10035.0,6578,10417.8,9408.1,800,24000,,사후관리DB(원본월별·5년이용량분석)
D199740086,F-289,2022,2840.0,2362.0,4533.0,1921.0,56.0,61.0,76.0,93.0,100.0,9246.0,13677.0,5543.0,1200,19950,,
D199740087,F-277,2022,2141.0,2955.0,3192.0,3832.0,4201.0,4441.0,3311.0,3687.0,3925.0,3062.0,3477.0,2036.0,700,11250,,
D199740088,F-281,2022,5340.0,7317.0,12140.0,14791.0,15221.0,16657.0,12879.0,13516.0,13564.0,11940.0,12941.0,4880.0,600,10950,,
D199740089,F-276,2022,7129.0,7109.0,4206.0,0.0,9901.0,16789.0,12379.0,13818.0,12870.0,11125.0,14139.0,7541.0,600,11670,,
D199740090,F-287,2022,5303.0,6231.0,6956.0,11841.0,12584.0,16561.0,13815.0,16390.0,14394.0,11134.0,15306.0,11215.0,600,14610,,
D199740091,F-278,2022,11285.0,13692.0,15305.0,21881.0,19248.0,24179.0,22975.0,24613.0,22651.0,15342.0,14956.0,10704.0,1000,11190,,
D199740092,F-280,2022,12527.0,13236.0,15032.0,16876.0,17656.0,18485.0,16077.0,17227.0,16166.0,13524.0,14601.0,11204.0,800,8730,,
D199740093,F-279,2022,11733.0,11054.0,13411.0,14823.0,15203.0,16858.0,14334.0,14849.0,15501.0,14717.0,11580.0,8175.0,600,11670,,
D199740094,F-290,2022,2313.0,2968.0,4320.0,6798.0,9887.0,12525.0,7737.0,11505.0,10477.0,10450.0,11637.0,7282.0,600,13890,,
D199740095,F-293,2022,2067.0,1106.0,3156.0,2820.0,3615.0,3993.0,1877.0,2073.0,2051.0,5821.0,10659.0,3788.0,700,17070,,
D199740096,F-288,2022,259.0,1092.0,1990.0,3935.0,2973.0,2575.0,1312.0,1352.0,2535.0,5222.0,20367.0,8503.0,800,22800,,
D199740103,F-269,2022,10402.0,10166.0,11293.0,18012.0,22443.0,26516.0,17363.0,22038.0,24197.0,13943.0,17740.0,13089.0,800,12000,,
D199740122,F-272,2022,180.0,5238.0,10493.0,14041.0,12245.0,12989.0,12105.0,15508.0,10337.0,12618.0,13389.0,10089.0,750,22800,,
D199740125,F-291,2022,5347.0,5303.0,7674.0,8633.0,9778.0,18153.0,9954.0,10085.0,14538.0,14107.0,27076.0,15148.0,800,13770,,
D199740127,F-294,2022,963.0,501.0,1979.0,2316.0,2249.0,5903.0,1393.0,977.0,2653.0,7921.0,10069.0,2891.0,600,17100,,
D199740128,F-295,2022,1024.0,1179.0,3057.0,3204.0,4438.0,7096.0,2926.0,3622.0,4470.0,6313.0,10199.0,5490.0,700,12150,,
D199740129,F-273,2022,10.0,665.0,761.0,823.0,857.0,860.0,764.0,857.0,771.0,2387.0,907.0,907.0,900,19440,,
D199740130,F-275,2022,89.0,117.0,591.0,104.0,50.0,58.0,12.0,13.0,11.0,84.0,139.0,80.0,600,13380,,
D199740131,F-274,2022,16075.0,18768.0,18947.0,18707.0,10640.0,10781.0,11376.0,11591.0,9619.0,11522.0,10465.0,7373.0,600,10500,,
D199740143,F-348,2022,9328.0,10764.0,12669.0,15493.0,17166.0,19698.0,13688.0,16514.0,16591.0,13468.0,18564.0,6118.0,1000,15000,,
D199740144,F-284,2022,5588.0,6660.0,6737.0,3468.0,7244.0,7924.0,4835.0,5752.0,7103.0,7446.0,8928.0,4541.0,600,13110,,
D199740145,F-283,2022,5322.0,6435.0,8350.0,8966.0,8349.0,11700.0,8933.0,6492.0,7095.0,6490.0,7133.0,4587.0,700,10410,,
D199740146,F-282,2022,7520.0,10423.0,12689.0,15889.0,16287.0,17462.0,13768.0,16221.0,14993.0,11466.0,13070.0,8008.0,700,11610,,
D199740147,F-285,2022,9452.0,12571.0,13848.0,18715.0,19051.0,21844.0,15436.0,16003.0,16739.0,12940.0,17788.0,8511.0,700,11010,,
D199740148,F-286,2022,7357.0,6210.0,6670.0,8959.0,9475.0,7165.0,4034.0,4122.0,4446.0,7262.0,11049.0,4967.0,700,10170,,
D199740161,F-297,2022,7119.0,5640.0,7538.0,8375.0,9038.0,9145.0,8475.0,8583.0,6936.0,8687.0,8621.0,5385.0,700,12270,,
D199740162,F-339,2022,6875.0,7578.0,10731.0,13595.0,14943.0,22138.0,14117.0,17831.0,19475.0,11822.0,13738.0,10371.0,800,13500,,
D199740163,F-271,2022,8665.0,8174.0,8383.0,11841.0,13644.0,17178.0,20245.0,21342.0,21348.0,20313.0,21806.0,20198.0,1000,16230,,
D199740190,F-292,2022,6867.0,6053.0,8036.0,8156.0,7714.0,10300.0,5533.0,6344.0,6982.0,12773.0,11649.0,7688.0,800,21270,,
D199740205,F-198,2022,1333.0,1132.0,1964.0,3217.0,2592.0,2556.0,661.0,623.0,1571.0,10590.0,7835.0,917.0,800,22800,,
D199740206,F-197,2022,451.0,4161.0,5903.0,5553.0,5779.0,1778.0,618.0,373.0,6232.0,23774.0,17069.0,1995.0,800,22800,,
D199740207,F-195,2022,2712.0,3073.0,5182.0,6747.0,5383.0,11468.0,2932.0,3452.0,5447.0,8518.0,25935.0,9880.0,700,20550,,
D199740208,F-192,2022,4233.0,3038.0,6614.0,6817.0,6641.0,7058.0,658.0,1181.0,2190.0,13819.0,19491.0,5692.0,700,19080,,
D199740209,F-191,2022,9444.0,10547.0,13627.0,12505.0,12505.0,18091.0,11082.0,12443.0,13396.0,16361.0,21198.0,11318.0,900,19080,,
D199740210,F-194,2022,27628.0,27887.0,26706.0,30098.0,30452.0,33150.0,32242.0,34106.0,33833.0,31535.0,34172.0,31917.0,700,15750,,
D199740211,F-181,2022,8931.0,9184.0,10360.0,21670.0,13559.0,12352.0,22261.0,24151.0,25192.0,10168.0,11236.0,10183.0,800,9990,,
D199740212,F-180,2022,13087.0,15297.0,18369.0,22725.0,21815.0,24122.0,20505.0,25353.0,23130.0,15268.0,15583.0,11702.0,600,8010,,
D199740213,F-187,2022,15782.0,17279.0,16992.0,20035.0,20360.0,22530.0,22261.0,23038.0,22347.0,22269.0,21345.0,16644.0,600,10110,,
D199740214,F-188,2022,15618.0,22801.0,23067.0,31559.0,34437.0,34711.0,30588.0,34713.0,28543.0,25963.0,26184.0,16389.0,700,10050,,
D199740215,F-175,2022,27366.0,27321.0,24692.0,26521.0,25671.0,26523.0,26459.0,27515.0,29836.0,27448.0,28395.0,27529.0,600,15510,,
D199740216,F-170,2022,18494.0,19110.0,20158.0,24647.0,24006.0,22332.0,22013.0,24426.0,22524.0,22916.0,22341.0,15209.0,700,6810,,
D199740217,F-171,2022,393.0,527.0,900.0,1388.0,1542.0,1070.0,1268.0,1779.0,1445.0,1931.0,2178.0,467.0,800,10260,,
D199740218,F-173,2022,1522.0,1765.0,3933.0,3101.0,3200.0,2953.0,6081.0,6813.0,5276.0,6152.0,5450.0,2303.0,600,13620,,
D199740219,F-174,2022,16609.0,18208.0,19245.0,21460.0,21606.0,22901.0,21514.0,23124.0,18428.0,19650.0,19471.0,15206.0,700,13680,,
D199740220,F-179,2022,28581.0,28483.0,25695.0,28570.0,27643.0,28628.0,27690.0,28576.0,28573.0,27811.0,28705.0,27618.0,800,10890,,
D199740221,F-176,2022,442.0,414.0,623.0,1185.0,1374.0,1649.0,1546.0,1025.0,1249.0,1202.0,1328.0,808.0,700,12810,,
D199740222,F-177,2022,19788.0,21102.0,19255.0,24225.0,24887.0,24660.0,16927.0,18065.0,16297.0,20478.0,25177.0,20300.0,600,11730,,
D199740223,F-201,2022,3145.0,4587.0,4887.0,5568.0,5811.0,10517.0,5465.0,6025.0,5140.0,7216.0,5662.0,3865.0,600,9180,,
D199740224,F-200,2022,1642.0,2171.0,2656.0,3375.0,3575.0,3477.0,3766.0,2674.0,2687.0,2786.0,3140.0,1518.0,600,12150,,
D199810008,F-300,2022,10411,12560.5,13417.9,12950,16217.6,16063.6,13465,17086.7,17877.2,14605,16801.3,16694.6,1000,32580,3→4차 역행,사후관리DB(원본월별·5년이용량분석)
D199810009,F-299,2022,1883,4109.2,4216.1,2263,4957.8,4681.0,2161,4853.7,4629.0,2072,2136.6,2233.2,700,21000,,사후관리DB(원본월별·5년이용량분석)
D199810010,F-301,2022,3783,3653.7,4095.3,5364,6622.0,8128.7,4917,7863.3,8151.6,2800,6254.7,4884.0,700,24000,,사후관리DB(원본월별·5년이용량분석)
D199810022,F-302,2022,19605,22497.9,23254.9,18404,19212.9,15750.2,17499,16982.4,17338.6,14986,15366.3,16474.9,600,25140,전년 자료 없음 — 외삽,사후관리DB(원본월별·5년이용량분석)
D199820003,F-306,2022,4321.0,4394.0,6051.0,7290.0,10071.0,13390.0,9672.0,13112.0,19323.0,10054.0,10291.0,7614.0,550,5700,,
D199820010,F-303,2022,9570.0,10517.0,9987.0,8927.0,8806.0,8738.0,10438.0,10232.0,10008.0,11143.0,10996.0,10885.0,700,6000,,
D199820011,F-305,2022,2624.0,2700.0,3034.0,4645.0,6123.0,6784.0,4891.0,6121.0,6062.0,7883.0,9255.0,5728.0,500,6300,,
D199820012,F-304,2022,28087.0,28260.0,23186.0,17715.0,19356.0,23241.0,16556.0,19508.0,18579.0,16675.0,18447.0,14800.0,500,6300,,
D199820019,F-308,2022,2697.0,2637.0,2646.0,2881.0,2805.0,2858.0,2229.0,3473.0,2858.0,2573.0,2772.0,2123.0,600,3000,,
D199820025,F-307,2022,5157.0,6045.0,5782.0,7661.0,10838.0,12835.0,9354.0,10146.0,6877.0,7758.0,8494.0,7614.0,800,6000,,
D199830009,S-004,2022,5008,15218.1,16489.1,7254,12863.2,18526.7,6916,17648.4,15591.5,6205,16748.4,22730.2,1300,42000,,사후관리DB(원본월별·5년이용량분석)
D199830010,S-005,2022,10042,15425.4,15537.5,15769,16082.6,21754.0,10954,19493.3,20601.5,11717,15655.1,18119.3,1050,45000,,사후관리DB(원본월별·5년이용량분석)
D199830011,S-006,2022,6213,5181.0,6326.1,12076,12473.0,18539.6,6941,14592.6,15411.9,4892,8424.0,7796.1,800,15000,,사후관리DB(원본월별·5년이용량분석)
D199830012,S-003,2022,2755,10936.3,10793.0,1534,7981.3,5989.8,1315,4912.8,5477.2,1402,8279.2,9227.3,1000,30000,,사후관리DB(원본월별·5년이용량분석)
D199830013,S-002,2022,2160,4885.8,5031.2,3153,7138.0,7149.4,2386,4751.2,4907.2,1538,13387.0,23022.0,1050,12000,,사후관리DB(원본월별·5년이용량분석)
D199830020,F-328,2022,17370,16265.0,16360.0,25774,19487.1,20546.8,23807,20924.6,23617.9,20433,18480.0,20069.1,850,29880,,사후관리DB(원본월별·5년이용량분석)
D199830028,F-312,2022,102,838.4,12953.8,523,44.9,41.9,835,13143.8,47.4,917,3233.0,8237.5,1500,45000,,사후관리DB(원본월별·5년이용량분석)
D199830029,F-313,2022,6509,3595.1,5586.4,7076,16532.3,17193.9,7359,15751.7,15787.5,7014,15861.8,19725.1,1400,42000,,사후관리DB(원본월별·5년이용량분석)
D199830030,F-314,2022,1837,1448.4,2265.5,3268,1856.2,8646.0,884,4794.1,2344.7,70,773.9,2658.2,800,30000,,사후관리DB(원본월별·5년이용량분석)
D199830031,F-315,2022,19266,27162.5,26975.2,23921,26987.1,26728.5,23090,24910.6,24868.6,13234,24541.0,21347.2,1200,36000,,사후관리DB(원본월별·5년이용량분석)
D199830032,F-316,2022,235,5921.4,1165.9,915,3492.2,4001.4,2901,3608.6,6238.1,3479,16851.6,10732.7,1000,30000,,사후관리DB(원본월별·5년이용량분석)
D199830033,F-317,2022,7929,7026.0,6340.5,15965,5139.3,9484.6,14849,8789.5,10114.0,8178,7187.1,7792.1,1050,36000,2→4차 역행; 2→4차 역행,사후관리DB(원본월별·5년이용량분석)
D199830035,F-318,2022,8950,13666.2,14408.6,13197,15581.3,18312.3,16448,17331.3,24198.7,16309,23614.3,24102.8,900,39000,,사후관리DB(원본월별·5년이용량분석)
D199830036,F-319,2022,1430,2491.6,2452.4,3116,7479.8,7021.7,2232,6174.3,3858.4,111,6095.1,5412.4,850,39000,,사후관리DB(원본월별·5년이용량분석)
D199830037,F-369,2022,14698,11718.8,15805.0,17893,17419.1,16882.1,11698,11848.5,11927.1,16151,11728.6,20857.4,700,27000,,사후관리DB(원본월별·5년이용량분석)
D199830038,F-320,2022,16925,31093.7,31705.6,19858,32835.7,33498.6,18426,30668.1,31218.9,18415,30861.4,31864.7,1200,36000,2→3차 역행,사후관리DB(원본월별·5년이용량분석)
D199830042,F-322,2022,4371,6091.4,6603.5,7905,10726.5,12714.5,6742,9935.5,11005.4,4194,8742.6,9064.4,1400,42000,,사후관리DB(원본월별·5년이용량분석)
D199830043,F-323,2022,2263,3668.7,1844.3,7495,3539.2,5847.1,3867,3239.7,2838.6,2111,2921.0,2203.1,800,36000,,사후관리DB(원본월별·5년이용량분석)
D199830044,F-370,2022,3028,1903.6,1604.2,6053,2819.5,3822.7,5078,2391.4,2446.4,3328,2400.0,2320.4,700,27000,,사후관리DB(원본월별·5년이용량분석)
D199830045,F-324,2022,12613,13987.5,13070.1,19286,17075.6,19570.4,15525,15444.9,13169.7,10206,12797.0,12657.8,1200,36000,,사후관리DB(원본월별·5년이용량분석)
D199830055,F-326,2022,577,3113.5,1724.0,1419,1760.4,4295.9,1204,3426.6,4510.8,650,2793.1,3090.7,1218,18000,,사후관리DB(원본월별·5년이용량분석)
D199830056,F-325,2022,16022,30228.8,30247.6,17768,34639.8,33520.5,17782,34400,35564,17663,36052.8,37201.5,1200,36000,,사후관리DB(원본월별·5년이용량분석)
D199830057,F-329,2022,12,0.3,0.3,3438,0,0,8,3610.7,210.0,10,3.3,2.9,850,18000,,사후관리DB(원본월별·5년이용량분석)
D199830064,F-327,2022,3922,14484.0,6970.9,5540,6056.4,3810,11026,11533.6,16406.7,12255,9749.9,21380.0,900,27000,,사후관리DB(원본월별·5년이용량분석)
D199830065,S-009,2022,3220,5535.7,7007.7,7929,11831.7,17188.2,4722,12795.2,17343.1,2266,10616.6,9343.8,1000,30000,,사후관리DB(원본월별·5년이용량분석)
D199830066,F-330,2022,2414,7133.9,4448.7,3616,6832.0,9106.6,4195,7446.3,17188.9,4580,11446.2,17374.4,950,15000,3→4차 역행,사후관리DB(원본월별·5년이용량분석)
D199830073,F-380,2022,1634,3103.9,5318.0,3243,3070.2,3228.9,4921,4707.1,4883.4,3938,4322.9,4356.8,900,27000,3→4차 역행,사후관리DB(원본월별·5년이용량분석)
D199830075,F-311,2022,767,4137.1,1989.9,2646,1844.5,5807.3,2512,2813.0,5372.7,3936,16471.8,16199.6,1500,30000,,사후관리DB(원본월별·5년이용량분석)
D199830076,F-309,2022,5849,7210.8,12799.3,6140,15643.7,10178.9,7245,7924.2,9936.8,6802,20027.2,17654.9,1000,15000,오타 자동보정 (옵션A); 1→2차 역행,사후관리DB(원본월별·5년이용량분석)
D199830077,F-310,2022,1071,9408.0,6377.2,2139,5362.8,9325.5,1896,5724.8,7253.1,2742,22184.2,19293.4,800,12000,,사후관리DB(원본월별·5년이용량분석)
D199830090,F-331,2022,74,9134.0,496.9,86,47.1,243.8,90,2.6,79.9,80,168.9,8887.0,650,12000,⚠ 오타 의심 (수동 검토 필요); 3→4차 역행,사후관리DB(원본월별·5년이용량분석)
D199830091,F-332,2022,346,770.2,825.2,779,1046.2,872.8,1333,0,3164.8,1366,2895.6,2738.0,800,12000,3→4차 역행,사후관리DB(원본월별·5년이용량분석)
D199830092,F-378,2022,1421,1342.9,1472.6,2256,1372.9,1444.6,1604,1198.4,1880.4,1711,935.2,1471.2,800,15000,3→4차 역행,사후관리DB(원본월별·5년이용량분석)
D199830093,R-004,2022,4115,10446.6,10288.9,5580,12297.8,13182.2,5426,10813.3,11842.3,5197,12736.5,15535.1,1020,30600,,사후관리DB(원본월별·5년이용량분석)
D199830094,R-005,2022,3502,4695.0,5590.8,5809,10760.9,9017.3,4566,8859.5,9103.8,3365,7537.1,6357.9,825,24750,,사후관리DB(원본월별·5년이용량분석)
D199840018,F-333,2022,7304.0,7548.0,7150.0,8564.0,7579.0,7234.0,6736.0,7305.0,6729.0,6025.0,5751.0,6152.0,800,13500,,
D199840019,F-349,2022,3096.0,2871.0,2698.0,3218.0,3156.0,4000.0,2678.0,20601.0,6739.0,3275.0,2885.0,2864.0,850,12000,,
D199840020,R-006,2022,7745.0,8045.0,7239.0,15057.0,14716.0,15474.0,7795.0,8187.0,8471.0,8176.0,8123.0,7416.0,900,27000,,
D199840023,S-007,2022,449.0,284.0,1305.0,1276.0,2387.0,2329.0,452.0,78.0,903.0,6285.0,19364.0,10912.0,1200,16500,,
D199840025,F-336,2022,7859.0,9923.0,9711.0,10044.0,9920.0,11171.0,10091.0,10841.0,11685.0,12571.0,14092.0,12731.0,1000,15000,,
D199840026,F-337,2022,7470.0,10999.0,12739.0,15872.0,17732.0,18009.0,13300.0,15994.0,18441.0,12640.0,12594.0,11081.0,800,12300,,
D199840027,F-338,2022,11547.0,5356.0,15.0,8494.0,10015.0,8203.0,11833.0,18676.0,9790.0,0.0,0.0,1077.0,1000,15000,,
D199840053,F-335,2022,11951.0,12447.0,12589.0,14829.0,12377.0,13574.0,13955.0,13795.0,12664.0,12122.0,12251.0,9990.0,1000,15000,,
D199840054,F-334,2022,0.0,0.0,0.0,0.0,1.0,0.0,0.0,0.0,0.0,0.0,138.0,0.0,850,15000,,
D199840058,F-386,2022,11209.0,14621.0,17323.0,22725.0,22836.0,24644.0,21791.0,20075.0,18922.0,19275.0,21136.0,11485.0,900,27000,,
D199840059,F-341,2022,3087.0,7703.0,9480.0,11755.0,12347.0,15117.0,11285.0,10959.0,9248.0,7599.0,7446.0,2996.0,700,12000,,
D199840060,F-342,2022,8515.0,10364.0,11045.0,14506.0,10938.0,12049.0,8337.0,10455.0,11779.0,9390.0,11674.0,7556.0,850,12000,,
D199840061,F-343,2022,7823.0,10666.0,14836.0,16058.0,17603.0,19347.0,14807.0,17204.0,14326.0,12944.0,14559.0,6906.0,850,12000,,
D199840062,F-344,2022,9524.0,21399.0,22661.0,15634.0,17489.0,20294.0,17524.0,18104.0,13227.0,21013.0,23031.0,16435.0,700,10500,,
D199840063,F-345,2022,8345.0,9015.0,11802.0,14309.0,15021.0,17021.0,4873.0,5570.0,4454.0,9862.0,12211.0,7430.0,1050,15000,,
D199840064,F-346,2022,5015.0,8433.0,11023.0,14179.0,13156.0,18125.0,12002.0,13624.0,11626.0,9220.0,16131.0,6009.0,1050,30000,,
D199840065,F-347,2022,21691.0,18086.0,17244.0,23408.0,21117.0,17372.0,13069.0,20376.0,18099.0,14659.0,19727.0,13849.0,1050,31110,,
D199840115,R-007,2022,660.0,2310.0,4272.0,2638.0,2581.0,2786.0,4384.0,5837.0,3896.0,6426.0,5965.0,959.0,900,13500,,
D199840116,F-356,2022,1057.0,773.0,3656.0,2745.0,3687.0,5877.0,1700.0,1706.0,3365.0,8305.0,10351.0,3007.0,750,13500,,
D199840117,F-354,2022,2428.0,3788.0,4545.0,5663.0,7908.0,11191.0,8982.0,14484.0,16755.0,18938.0,27223.0,7411.0,800,24000,,
D199840118,F-355,2022,15514.0,15919.0,15103.0,15511.0,14692.0,15336.0,15134.0,15433.0,14834.0,15252.0,15709.0,14953.0,850,13500,,
D199840119,F-351,2022,6309.0,5949.0,7891.0,8548.0,9609.0,10114.0,7699.0,8685.0,7335.0,11561.0,9709.0,2067.0,850,13500,,
D199840121,F-350,2022,4706.0,6280.0,7627.0,7910.0,7934.0,7955.0,7112.0,9470.0,6382.0,12766.0,8625.0,5356.0,700,12000,,
D199840136,F-340,2022,10074.0,11166.0,11837.0,18672.0,19603.0,21902.0,16141.0,16879.0,16209.0,15090.0,16868.0,15306.0,800,12000,,
D199910003,F-360,2022,9530,10961.8,11365.1,19100,12906.3,20469.6,11132,15511.2,12723.2,11277,11296.0,11847.1,950,28500,,사후관리DB(원본월별·5년이용량분석)
D199910004,F-361,2022,1691,795.4,1354.2,1280,7158.0,3702.3,3234,4369.2,4483.9,1543,2337.9,2707.9,800,30060,,사후관리DB(원본월별·5년이용량분석)
D199910005,F-359,2022,5063,2099.6,2207.3,9894,3277.1,3838.5,11646,4104.9,4370.9,14331,33740.2,36376.6,850,30000,오타 자동보정 (옵션A); 1→2차 역행,사후관리DB(원본월별·5년이용량분석)
D199910006,F-357,2022,1881,1214.4,1202.2,2052,1253.0,810.5,1438,1745,1186.4,1759,1007.3,1091.6,700,21240,,사후관리DB(원본월별·5년이용량분석)
D199910007,F-358,2022,3229,4048.0,4225.3,5144,7070.4,7830.1,4322,5600.8,5945.3,3934,4369.9,4562.7,700,21600,,사후관리DB(원본월별·5년이용량분석)
D199910008,F-362,2022,2745,703.4,764.8,3196,560.1,592.0,4136,400.2,429.3,2894,684.0,631.5,800,24240,1→4차 역행; 1→4차 역행; 1→4차 역행,사후관리DB(원본월별·5년이용량분석)
D199910009,F-363,2022,1990,1452.5,1611.2,3433,1701.4,2494.3,4992,3096.2,2983.2,4433,2808.6,2611.3,600,27060,,사후관리DB(원본월별·5년이용량분석)
D199920008,F-364,2022,5215.0,7919.0,13110.0,13652.0,12928.0,16458.0,12696.0,15126.0,10067.0,12792.0,13941.0,7550.0,750,6000,,
D199920009,F-365,2022,4215.0,4856.0,6933.0,10158.0,11686.0,14121.0,9200.0,11465.0,10485.0,10029.0,11676.0,8172.0,600,6000,,
D199920027,S-011,2022,6013.0,9139.0,14001.0,7604.0,9067.0,10412.0,13858.0,17336.0,11058.0,15288.0,15182.0,5949.0,750,22500,,
D199920028,S-010,2022,3838.0,4436.0,6864.0,3507.0,3518.0,3230.0,9031.0,10158.0,5850.0,8732.0,11232.0,3206.0,800,24500,,
D199930016,F-379,2022,229,37.8,37.8,184,99.1,155.2,151,80.9,69.4,329,60.8,92.1,700,29400,3→4차 역행,사후관리DB(원본월별·5년이용량분석)
D199930017,F-374,2022,12931,6748.5,6639.7,14822,7440.1,8768.9,15521,8259.7,9656.5,13488,7151.6,9209.5,800,24000,,사후관리DB(원본월별·5년이용량분석)
D199930023,F-368,2022,15008,14347.5,16054.1,19720,15676.4,20310.7,14139,18548.7,18150.7,8448,13615.4,12305.0,900,27000,,사후관리DB(원본월별·5년이용량분석)
D199930024,F-375,2022,1686,2434.9,2528.9,2815,5246.7,7043.3,1966,6994.1,8511.1,867,3898.7,3510.2,800,27000,,사후관리DB(원본월별·5년이용량분석)
D199930025,F-376,2022,1156,3641.9,3371.3,2391,5667.6,6465.3,2042,10335.3,14530.4,1148,4954.8,4547.2,900,27000,,사후관리DB(원본월별·5년이용량분석)
D199930026,F-366,2022,8871,12236.2,12181.1,3500,26288.7,10108.4,3524,8111.6,8677.2,2892,14976.5,21362.9,1000,15000,,사후관리DB(원본월별·5년이용량분석)
D199930038,F-381,2022,2535,9696.5,6205.7,3141,12120.6,6184.5,31,5249.2,4797.5,1517,513.6,1720.8,700,21000,3→4차 역행,사후관리DB(원본월별·5년이용량분석)
D199930045,F-371,2022,13608,25902.6,25655.2,18247,32100.5,34505.3,15079,31976.1,32432.6,11874,29667.3,31868.6,1000,30000,,사후관리DB(원본월별·5년이용량분석)
D199930047,R-008,2022,265,842.2,342.3,559,573.6,1388.1,365,1053.5,1596.6,661,4123.8,5271.9,800,24000,,사후관리DB(원본월별·5년이용량분석)
D199930048,F-372,2022,4932,15419.2,14016.7,6991,14833.0,18959.6,6410,13489.9,15551.0,6612,17916.3,22361.8,900,27000,,사후관리DB(원본월별·5년이용량분석)
D199930049,R-009,2022,0,0,0,54,0.0,1.0,52,0.7,0.7,51,1.3,1.3,1000,30000,,사후관리DB(원본월별·5년이용량분석)
D199930060,F-373,2022,105,517.5,80.6,11987,1254.5,1226.4,11708,4980.1,7397.0,9396,7314.1,9196.3,900,27000,,사후관리DB(원본월별·5년이용량분석)
D199930064,F-377,2022,2436,5227.8,3925.6,3340,4373.8,6284.9,2874,9692.7,7991.3,3482,11216.4,11885.2,800,24000,3→4차 역행,사후관리DB(원본월별·5년이용량분석)
D199930075,F-367,2022,3624,6833.9,6003.6,5963,10135.7,8951.8,7685,0,6806.3,11396,22854.8,28135.3,650,20100,,사후관리DB(원본월별·5년이용량분석)
D199930079,S-012,2022,2026,5405.5,3223.2,1765,2939.9,2989.0,2668,3478.7,3157.0,576,1301.0,425.9,750,27000,,사후관리DB(원본월별·5년이용량분석)
D199930080,S-013,2022,1094,1712.9,335.6,1851,5020.0,3171.3,9346,1155.5,6647.9,109,6724.0,398.3,800,24000,3→4차 역행,사후관리DB(원본월별·5년이용량분석)
D199940023,F-391,2022,18820.0,16570.0,18979.0,27482.0,23019.0,21594.0,19598.0,22631.0,20373.0,17157.0,25786.0,13047.0,800,24000,,
D199940024,F-395,2022,3405.0,2378.0,3089.0,4502.0,4464.0,6236.0,3957.0,5833.0,4869.0,3185.0,3778.0,3711.0,900,27570,,
D199940025,F-394,2022,5477.0,5749.0,6874.0,7542.0,8801.0,8263.0,6357.0,7560.0,8871.0,7389.0,6615.0,5486.0,1000,30060,,
D199940036,F-392,2022,25190.0,25172.0,22731.0,16698.0,13385.0,20573.0,19947.0,20862.0,20100.0,25581.0,16709.0,13635.0,900,24000,,
D199940037,R-010,2022,5700.0,6963.0,5587.0,7980.0,10527.0,10776.0,9385.0,8627.0,8176.0,8600.0,8260.0,7576.0,600,24000,,
D199940040,F-384,2022,1675.0,1311.0,4535.0,3956.0,4918.0,7165.0,2685.0,2810.0,3083.0,9955.0,19548.0,6705.0,850,25620,,
D199940041,F-383,2022,2084.0,1904.0,3033.0,2987.0,2674.0,5578.0,2003.0,1500.0,1381.0,4964.0,11980.0,5099.0,1000,30000,,
D199940042,F-382,2022,3349.0,3257.0,10205.0,5652.0,8257.0,11230.0,3923.0,5527.0,6201.0,17715.0,27030.0,8980.0,1050,30000,,
D199940050,F-387,2022,1924.0,2830.0,3007.0,18497.0,19544.0,20355.0,16980.0,20121.0,21995.0,17762.0,21160.0,13611.0,1000,22800,,
D199940051,F-388,2022,9230.0,10724.0,9451.0,11505.0,13559.0,15036.0,12112.0,12104.0,11327.0,10484.0,12347.0,9242.0,900,22000,,
D199940052,F-389,2022,12269.0,20316.0,19698.0,19405.0,20792.0,21289.0,16585.0,19434.0,20409.0,19595.0,23718.0,21395.0,700,25650,,
D199940053,R-011,2022,0.0,0.0,0.0,0.0,0.0,4.0,0.0,0.0,0.0,0.0,3.0,0.0,600,30000,,
D199940058,F-390,2022,14193.0,18538.0,20830.0,19611.0,21665.0,24273.0,21704.0,24203.0,19190.0,17182.0,21730.0,16907.0,800,24240,,
D199940059,F-393,2022,13465.0,14708.0,13796.0,16443.0,16606.0,16195.0,15950.0,16893.0,14710.0,17273.0,18954.0,16324.0,1000,31560,,
D199940065,F-353,2022,1943.0,2216.0,2762.0,11134.0,12894.0,14770.0,11848.0,11785.0,12758.0,11981.0,21118.0,8656.0,900,24000,,
D199940073,F-385,2022,3064.0,3225.0,3266.0,3784.0,3765.0,4023.0,3504.0,968.0,8.0,16557.0,20125.0,13608.0,1050,30000,,
D199940098,F-396,2022,9520.0,13846.0,14064.0,14564.0,14136.0,13056.0,11232.0,12238.0,13268.0,11423.0,11665.0,11245.0,700,24000,,
D199940112,S-015,2022,6819.0,6197.0,12905.0,4947.0,5428.0,5970.0,7691.0,9609.0,10419.0,18991.0,28878.0,9465.0,1300,24000,,
D199940113,S-014,2022,4383.0,4513.0,8110.0,6267.0,3941.0,7261.0,2565.0,5198.0,4642.0,17932.0,25296.0,11950.0,850,24000,,
D200010005,F-399,2022,5291,5631.2,4237.7,7434,6312.7,8164.0,7282,7226.5,8116.6,6817,6353.5,6059.0,800,25650,,사후관리DB(원본월별·5년이용량분석)
D200010006,F-402,2022,1607,2847.2,3620.7,3517,3368.0,4877.4,3378,5257.8,6664.8,1635,4056.8,3853.8,700,27540,,사후관리DB(원본월별·5년이용량분석)
D200010009,S-016,2022,3025,5549.5,5654.7,3652,6394.1,6020.1,3091,6079.2,5774.8,3139,4874.7,5162.3,600,18000,,사후관리DB(원본월별·5년이용량분석)
D200010010,F-398,2022,3469,5762.0,5348.0,5039,2876.6,3037.8,4274,93.5,82.8,3556,6692.2,6459.6,700,21270,⚠ 오타 의심 (수동 검토 필요); 3→4차 역행,사후관리DB(원본월별·5년이용량분석)
D200010011,F-397,2022,2158,1654.6,1291.4,2114,2591.8,1892.8,1340,1383.9,1436.3,1975,1473.5,1506.4,500,15240,,사후관리DB(원본월별·5년이용량분석)
D200010012,F-400,2022,3253,4868.2,5273.3,5269,7064.8,8307.7,5262,9393.8,9008.3,4465,8875.8,7290.3,700,28080,,사후관리DB(원본월별·5년이용량분석)
D200010013,F-401,2022,28,0.8,0.7,53,0,0,53,0,0,29,0,0,950,28500,,사후관리DB(원본월별·5년이용량분석)
D200020009,F-404,2022,10815.0,15559.0,17062.0,22197.0,25320.0,28074.0,17069.0,22448.0,25756.0,20607.0,24512.0,26489.0,600,18000,,
D200020010,F-405,2022,5364.0,5087.0,6192.0,12281.0,20371.0,12878.0,8029.0,9324.0,10114.0,8383.0,9613.0,6271.0,614,18420,,
D200020031,S-017,2022,4439.0,5496.0,7190.0,5064.0,5348.0,4606.0,8918.0,10192.0,7420.0,7553.0,6335.0,2778.0,700,18000,,
D200020032,F-406,2022,5915.0,7065.0,6518.0,9055.0,9348.0,11438.0,7529.0,8890.0,7924.0,6881.0,7654.0,4438.0,600,18000,,
D200030016,R-012,2022,311,686.0,600.9,508,1143.6,1121.4,461,703.6,933.0,329,1593.8,1003.6,800,24000,,사후관리DB(원본월별·5년이용량분석)
D200030017,R-013,2022,1524,88.0,52.4,2455,136.5,246.0,280,2415.9,1780.3,0,328.1,1472.9,800,24000,,사후관리DB(원본월별·5년이용량분석)
D200030018,A-002,2022,0,0,0,0,0,0,0,0,0,0,0,0,800,24000,3→4차 역행,사후관리DB(원본월별·5년이용량분석)
D200030032,F-422,2022,5337,16038.5,15331.7,5077,788.4,828.1,0,6579.8,1493.5,107,0,0,800,24000,2→4차 역행; 2→4차 역행,사후관리DB(원본월별·5년이용량분석)
D200030033,F-409,2022,96,8156.4,397.2,97,8.9,12.8,124,34.6,675.1,163,1117.8,10147.1,700,24000,⚠ 오타 의심 (수동 검토 필요); 3→4차 역행,사후관리DB(원본월별·5년이용량분석)
D200030034,F-420,2022,2462,2135.6,2900.3,4796,7484.4,7017.8,2448,4278.6,5221.6,1711,5842.1,4291.6,800,24000,,사후관리DB(원본월별·5년이용량분석)
D200030035,F-421,2022,2924,6974.8,6787.9,4153,8243.4,8623.5,2880,8293.2,8746.7,2867,7988.1,8064.3,800,24000,,사후관리DB(원본월별·5년이용량분석)
D200030036,F-408,2022,16133,22609.5,23353.9,18218,22121.6,21648.2,15744,20525.6,22307.6,16236,22586.5,16072.9,750,24000,3→4차 역행,사후관리DB(원본월별·5년이용량분석)
D200030037,F-407,2022,11835,21129.6,17035.1,13422,21618.9,22067.3,13384,22908.6,24542.6,12451,23331,24486,800,24000,2→3차 역행; 3→4차 역행,사후관리DB(원본월별·5년이용량분석)
D200030068,F-411,2022,9691,3039.2,3633.0,11000,4210.6,4638.8,10791,4209.5,3756.6,7417,4403.4,4392.0,800,24000,2→3차 역행,사후관리DB(원본월별·5년이용량분석)
D200030069,F-410,2022,4299,5071.6,3474.4,11729,3586.7,5685.5,7089,5648.9,5622.9,5177,4840.0,5053.5,600,18000,,사후관리DB(원본월별·5년이용량분석)
D200030070,F-414,2022,5776,16598.8,16452.2,7685,12629.9,15029.8,7480,17927.1,17986.3,8217,17140.7,18811.4,810,24300,,사후관리DB(원본월별·5년이용량분석)
D200030071,F-415,2022,5485,6898.3,7545.8,3199,12435.7,14573.8,1508,5563.5,7041.4,32,1973.0,369.9,750,22500,,사후관리DB(원본월별·5년이용량분석)
D200030072,F-416,2022,4113,3439.5,4460.6,6869,4599.3,8689.6,4018,7253.7,9160.7,3344,4635.2,4784.8,800,24000,,사후관리DB(원본월별·5년이용량분석)
D200030073,F-423,2022,2676,785.1,730.6,15492,2677.4,3511.2,16231,1394.8,946.3,6669,18862.8,6737.3,750,22500,2→3차 역행,사후관리DB(원본월별·5년이용량분석)
D200030076,F-418,2022,0,0,0,1,0,0,0,0,0,0,0,0,800,24000,다음해 자료 없음 — 1→2차 일평균 외삽,사후관리DB(원본월별·5년이용량분석)
D200030077,F-412,2022,2142,4148.3,3235.1,4944,7412.8,10247.7,3560,7635.1,6645.2,2628,7033.2,8557.7,800,24000,,사후관리DB(원본월별·5년이용량분석)
D200030078,F-417,2022,452,5363.2,2708.1,829,2114.9,6019.2,483,2025.4,2620.6,674,7649.6,17109.3,800,24000,,사후관리DB(원본월별·5년이용량분석)
D200030079,F-419,2022,6486,7327.9,6458.5,9310,13185.0,12475.4,4315,8858.7,5843.5,5255,8824.5,9339.2,700,21000,,사후관리DB(원본월별·5년이용량분석)
D200030080,F-413,2022,9350,11013.6,10929.1,15078,23069.8,23880.8,9641,18657.1,18108.4,6802,13817.3,7258.5,800,24000,3→4차 역행,사후관리DB(원본월별·5년이용량분석)
D200040024,R-015,2022,3783.0,3672.0,3152.0,3235.0,3540.0,4188.0,4948.0,4757.0,4697.0,4632.0,6059.0,4234.0,800,24000,,
D200040035,R-014,2022,6778.0,6308.0,5823.0,8405.0,9271.0,9857.0,5980.0,6536.0,7751.0,8071.0,6953.0,6859.0,700,24000,,
D200040037,F-428,2022,2770.0,1672.0,8248.0,4485.0,6000.0,8690.0,884.0,704.0,2624.0,15841.0,25470.0,6708.0,900,24000,,
D200040038,F-427,2022,2936.0,2448.0,5393.0,2929.0,3389.0,6723.0,9.0,904.0,3174.0,11310.0,21547.0,4130.0,1000,24000,,
D200040039,F-425,2022,10916.0,13176.0,15298.0,17158.0,19660.0,20298.0,16945.0,18438.0,19139.0,12110.0,15194.0,12070.0,850,24000,,
D200040040,F-424,2022,15734.0,14838.0,16941.0,21396.0,18585.0,23432.0,18199.0,21517.0,18610.0,18960.0,24288.0,17235.0,600,18000,,
D200040041,F-431,2022,8941.0,11333.0,14510.0,20191.0,19151.0,19359.0,17893.0,15901.0,12384.0,6942.0,5190.0,2409.0,600,18000,,
D200040042,F-430,2022,23556.0,23325.0,21576.0,25828.0,24344.0,24885.0,23827.0,25295.0,24991.0,26073.0,26696.0,25173.0,700,18000,,
D200040091,F-432,2022,25093.0,25843.0,24562.0,29415.0,29523.0,29428.0,26169.0,27931.0,27160.0,27285.0,28418.0,20884.0,700,28200,,
D200040092,F-426,2022,746.0,3005.0,3194.0,2952.0,2824.0,745.0,235.0,242.0,4968.0,18817.0,10613.0,1376.0,800,18000,,
W200040109,F-429,2022,3862.0,5600.0,10101.0,9307.0,8180.0,12145.0,7195.0,7047.0,7599.0,13566.0,21150.0,9829.0,800,24000,,
W200040110,S-019,2022,3047.0,2964.0,4782.0,4447.0,3866.0,4360.0,4697.0,7120.0,6766.0,5171.0,7570.0,3326.0,800,16800,,
W200110005,F-434,2022,8454,7180.5,7543.3,14139,12144.1,13357.7,7983,14802.8,10678.3,5867,7846.5,7256.3,800,24240,,사후관리DB(원본월별·5년이용량분석)
W200110008,F-435,2022,4630,6162.8,5831.5,5757,5391.1,7158.8,4944,6048.1,6809.0,5179,5702.1,6622.1,650,19590,,사후관리DB(원본월별·5년이용량분석)
W200110009,F-437,2022,9426,12026.6,12212.3,11036,13895.2,14817.5,5642,11806.7,8664.3,5581,6280.2,6915.0,800,24300,,사후관리DB(원본월별·5년이용량분석)
W200110010,F-436,2022,558,598.2,664.4,998,1052.7,1680.0,874,1428.9,1478.9,802,1167.3,1165.8,800,25200,,사후관리DB(원본월별·5년이용량분석)
W200110011,F-438,2022,2624,5323.3,4605.5,4280,5826.9,6997.4,3380,7160.3,6709.0,3151,5395.9,5767.8,700,21600,,사후관리DB(원본월별·5년이용량분석)
W200110012,F-439,2022,3457,6880.3,5843.0,4468,8713.0,7591.5,4171,9385.3,11711.6,737,3332.5,2263.8,800,18000,,사후관리DB(원본월별·5년이용량분석)
W200120019,F-441,2022,6661.0,6966.0,9844.0,10408.0,11867.0,15446.0,11903.0,13850.0,11006.0,14207.0,15046.0,7074.0,700,21000,,
W200120020,F-440,2022,406.0,448.0,601.0,1088.0,1135.0,2321.0,1416.0,1923.0,1614.0,1612.0,2685.0,1074.0,500,18000,,
W200120021,F-468,2022,6854.0,8941.0,10871.0,16417.0,15937.0,16525.0,14008.0,15197.0,13532.0,11537.0,11383.0,7026.0,800,24000,,
W200130021,F-448,2022,38,47.7,46.6,77,35.5,34.7,41,0.5,0.5,43,15.6,10.3,600,18000,,사후관리DB(원본월별·5년이용량분석)
W200130030,F-445,2022,5532,11481.9,13377.1,5680,12235.4,11433.1,5625,10474.3,10644.2,5111,12462.9,13303.3,800,24000,,사후관리DB(원본월별·5년이용량분석)
W200130031,F-447,2022,26119,18090.7,18015.5,30743,21071.9,18713.5,31763,20883.1,21701.1,26578,19281.6,19361.1,900,27000,전년 자료 없음 — 외삽,사후관리DB(원본월별·5년이용량분석)
W200130036,F-457,2022,4709,10006.0,8897.8,10649,6728.6,10476.5,16832,15304.6,18066.3,5413,18367.2,16860.0,900,27000,,사후관리DB(원본월별·5년이용량분석)
W200130037,F-449,2022,2265,1004.1,950.6,3525,1452.0,1981.4,2252,1802.4,1751.3,1425,1395.3,1277.6,900,27000,,사후관리DB(원본월별·5년이용량분석)
W200130038,F-442,2022,2891,14083.9,9824.5,3785,11204.9,14827.5,3749,11551.6,11273.4,4411,15393.6,15752.0,800,24000,⚠ 오타 의심 (수동 검토 필요); 3→4차 역행,사후관리DB(원본월별·5년이용량분석)
W200130045,F-458,2022,2831,5965.9,5329.7,3869,4262.5,5149.7,2913,5316.2,4514.3,2511,5508.4,7594.8,700,21000,,사후관리DB(원본월별·5년이용량분석)
W200130046,F-456,2022,895,14186.2,8759.1,2024,4746.3,7799.9,2497,9861.7,5917.0,1606,8494.9,13709.1,800,24000,,사후관리DB(원본월별·5년이용량분석)
W200130047,F-446,2022,6020,10081.2,8937.7,10341,12231.4,15115.4,9072,15507.0,15682.5,6182,13116.5,12538.9,800,24000,,사후관리DB(원본월별·5년이용량분석)
W200130048,F-443,2022,4234,9361.2,5815.4,5618,6025.7,6513.0,5458,5759.7,7897.6,5075,7129.4,7708.3,700,21000,3→4차 역행,사후관리DB(원본월별·5년이용량분석)
W200130049,F-444,2022,14999,20917.3,20917.3,10060,18982.0,18399.3,16626,16271.8,20465.7,16623,28026.6,28069.6,700,21000,전년 자료 없음 — 외삽; 3→4차 역행,사후관리DB(원본월별·5년이용량분석)
W200130050,F-453,2022,3049,6142.5,4877.2,2301,5361.8,5998.6,2666,5339.6,5379.4,1797,9858.8,7680.4,800,24000,,사후관리DB(원본월별·5년이용량분석)
W200130051,F-476,2022,288,1552.4,508.7,524,1550.9,1584.1,937,1109.8,1823.6,1608,4037.2,4517.1,800,24000,,사후관리DB(원본월별·5년이용량분석)
W200130052,F-454,2022,899,1518.8,1267.6,929,1231.2,1430.0,905,2000.1,1971.4,957,2885.5,2877.9,800,24000,,사후관리DB(원본월별·5년이용량분석)
W200130062,F-452,2022,1617,3545.6,2427.9,3557,1544.9,2804.8,1400,3488.0,3220.0,1664,1625.2,1818.0,700,21000,,사후관리DB(원본월별·5년이용량분석)
W200130063,R-016,2022,80,3510.1,232.1,595,387.9,1528.7,1006,814.0,1010.8,907,13047.3,9659.0,1000,30000,,사후관리DB(원본월별·5년이용량분석)
W200130064,R-017,2022,269,1206.9,418.4,571,1322.7,2268.0,685,942.3,1408.7,430,5888.2,3964.1,1000,30000,,사후관리DB(원본월별·5년이용량분석)
W200130070,F-450,2022,1460,3757.7,3138.3,2555,4331.2,6103.0,2646,5087.0,5246.8,2368,6084.7,6713.8,700,21000,,사후관리DB(원본월별·5년이용량분석)
W200130071,F-455,2022,7015,9889.6,10634.5,10161,19187.5,19059.2,7484,12940.4,13857.1,6525,12654.0,11128.4,800,24000,,사후관리DB(원본월별·5년이용량분석)
W200140097,F-462,2022,5690.0,8114.0,8736.0,11666.0,10486.0,12112.0,9104.0,7959.0,6902.0,13646.0,15231.0,6046.0,800,24240,,
W200140127,F-461,2022,2442.0,1601.0,5030.0,5586.0,5566.0,10479.0,3817.0,3923.0,6970.0,9729.0,21292.0,8785.0,850,26400,,
W200140128,F-459,2022,9042.0,10850.0,13649.0,16906.0,18246.0,16403.0,13387.0,17635.0,14335.0,14062.0,18129.0,11162.0,700,23850,,
W200140129,F-467,2022,1874.0,1325.0,1223.0,1926.0,2213.0,2651.0,1841.0,1703.0,1575.0,3161.0,2460.0,847.0,500,24300,,
W200140141,F-464,2022,2109.0,682.0,6711.0,6113.0,5624.0,8329.0,2552.0,2014.0,3186.0,13190.0,24261.0,6628.0,900,25200,,
W200140142,F-465,2022,6275.0,5396.0,10126.0,5813.0,9574.0,10039.0,4351.0,5188.0,8647.0,15580.0,21217.0,7257.0,850,25500,,
W200140143,F-460,2022,4523.0,4555.0,6227.0,8669.0,8034.0,10664.0,6582.0,6756.0,7323.0,10512.0,16494.0,10973.0,900,27090,,
W200140156,F-463,2022,802.0,434.0,3386.0,2812.0,3883.0,5508.0,1277.0,1510.0,1818.0,7479.0,18453.0,7197.0,700,22110,,
W200140157,F-466,2022,0.0,0.0,0.0,6.0,2.0,0.0,0.0,3.0,0.0,3.0,0.0,0.0,850,28020,,
W200140158,R-019,2022,4148.0,5574.0,5392.0,2249.0,2620.0,2676.0,6011.0,5712.0,5405.0,6780.0,7461.0,8933.0,850,25620,,
W200140159,R-018,2022,3018.0,3300.0,5429.0,5496.0,5607.0,6397.0,7652.0,8175.0,7590.0,8366.0,7411.0,4360.0,600,24300,,
W200210003,F-471,2022,438,133.4,519.6,841,1164.8,3527.0,128,1058.5,482.2,43,306.2,63.9,800,24000,,사후관리DB(원본월별·5년이용량분석)
W200210004,F-470,2022,13,0.5,0.5,15,0,0,41,0,0,14,5.1,5.1,800,24000,,사후관리DB(원본월별·5년이용량분석)
W200210007,F-469,2022,4044,6000.2,6373.0,6134,5922.3,8012.0,5375,9866.9,10725.9,5058,7422.3,8211.3,800,24000,,사후관리DB(원본월별·5년이용량분석)
W200220011,F-472,2022,1518.0,1584.0,1685.0,1687.0,1264.0,1929.0,2009.0,2714.0,1620.0,1658.0,1672.0,1091.0,800,24000,,
W200220012,F-474,2022,12079.0,18201.0,22975.0,21335.0,23508.0,24055.0,21103.0,22528.0,19740.0,19788.0,21603.0,15144.0,700,21000,,
W200220013,F-473,2022,11537.0,10857.0,17584.0,20842.0,17698.0,20581.0,20627.0,23007.0,17639.0,14613.0,12558.0,8498.0,600,18000,,
W200220014,F-475,2022,2270.0,3043.0,4840.0,9749.0,11755.0,14982.0,10504.0,14863.0,14706.0,10068.0,10061.0,5927.0,700,21000,,
W200230012,F-481,2022,1396,5983.9,4550.9,3257,5231.6,7711.7,2407,8318.9,6796.4,1928,5042.8,7114.1,800,24000,,사후관리DB(원본월별·5년이용량분석)
W200230013,F-484,2022,438,2745.4,737.8,461,2069.8,1807.1,403,1287.5,1138.9,5,2371.7,3106.2,800,24000,,사후관리DB(원본월별·5년이용량분석)
W200230014,F-489,2022,3493,10305.7,10499.6,3742,10628.8,6062.5,3366,10030.1,17262.3,4787,13190.0,20338.6,700,21000,3→4차 역행,사후관리DB(원본월별·5년이용량분석)
W200230015,F-488,2022,877,6381.7,3080.6,1654,5567.8,8137.5,1503,6544.6,5404.3,1818,8048.0,10731.8,800,24000,전년 자료 없음 — 외삽; 3→4차 역행,사후관리DB(원본월별·5년이용량분석)
W200230016,F-477,2022,584,1339.0,1423.2,928,1933.0,3554.3,977,2042.4,3637.5,833,8579.5,8994.0,800,24000,,사후관리DB(원본월별·5년이용량분석)
W200230017,F-478,2022,0,0,0,0,0,0,0,0,0,0,0,0,,,,사후관리DB(원본월별·5년이용량분석)
W200230020,F-483,2022,1161,3058.5,761.8,3,1103,1062,1668,1493.5,2962.7,315,570.9,602.0,800,24000,,사후관리DB(원본월별·5년이용량분석)
W200230021,F-482,2022,4078,6797.4,8007.2,4931,9716.2,9221.3,4685,9818.4,9569.0,5032,8721.1,9717.4,800,24000,,사후관리DB(원본월별·5년이용량분석)
W200230022,F-479,2022,65,1360.4,449.8,106,377.9,987.6,300,279.7,410.2,749,7046.5,7506.0,600,18000,,사후관리DB(원본월별·5년이용량분석)
W200230029,F-487,2022,2216,1805.0,1881.9,3117,980.6,1498.6,2445,1952.6,2372.9,2402,734.7,949.1,800,24000,,사후관리DB(원본월별·5년이용량분석)
W200230030,R-020,2022,469,2136.6,448.2,603,842.0,1695.1,502,995.8,1230.0,1068,4829.1,5403.4,800,24000,,사후관리DB(원본월별·5년이용량분석)
W200230042,R-021,2022,263,1527.8,1005.0,418,1429.9,1018.7,543,0,818.1,600,5200.0,4764.1,800,24000,,사후관리DB(원본월별·5년이용량분석)
W200230044,F-480,2022,4717,4814.1,5617.4,5284,6319.7,5789.6,4383,4257.7,4417.6,3799,3679.0,3659.5,800,24000,,사후관리DB(원본월별·5년이용량분석)
W200240015,F-492,2022,2278.0,1575.0,6339.0,6478.0,7668.0,12591.0,4090.0,4463.0,8050.0,19198.0,30175.0,7479.0,900,27000,,
W200240034,F-493,2022,394.0,465.0,5172.0,654.0,1562.0,4581.0,20.0,74.0,2246.0,12713.0,17270.0,3103.0,800,24000,,
W200240035,R-022,2022,1676.0,1885.0,2104.0,3739.0,3492.0,4251.0,2268.0,2366.0,1638.0,1768.0,2002.0,1778.0,600,21000,,
W200240046,R-023,2022,17345.0,19656.0,20827.0,14719.0,15791.0,17335.0,28950.0,37772.0,34482.0,29900.0,30793.0,17476.0,800,24000,,
W200240051,F-491,2022,821.0,4319.0,6104.0,4422.0,4130.0,500.0,154.0,19.0,2023.0,17426.0,8876.0,993.0,700,21000,,
W200240052,F-490,2022,5354.0,1903.0,7155.0,12325.0,16285.0,18029.0,10966.0,17950.0,16597.0,10168.0,12780.0,12031.0,900,27000,,
W200310004,F-494,2022,2983,3587.9,3162.0,5229,3805.1,4698.8,3467,6087.6,5055.8,2404,3939.1,3305.1,700,21000,,사후관리DB(원본월별·5년이용량분석)
W200310006,F-495,2022,15382,13400.5,14115.9,19597,14579.8,15708.3,14224,14981.6,14238.7,11800,11447.9,11305.7,800,24000,,사후관리DB(원본월별·5년이용량분석)
W200320014,F-496,2022,2941.0,3200.0,3924.0,4896.0,4857.0,4622.0,4509.0,5109.0,4550.0,4715.0,6765.0,3182.0,500,15000,,
W200320016,F-499,2022,4617.0,4526.0,5139.0,10350.0,13413.0,14788.0,11389.0,13000.0,11871.0,9457.0,10819.0,6715.0,700,21000,,
W200320017,F-497,2022,3098.0,4700.0,9515.0,8361.0,8167.0,8110.0,9193.0,10319.0,7991.0,7995.0,8030.0,5382.0,550,16500,,
W200320018,F-498,2022,5794.0,6740.0,11103.0,14324.0,14507.0,16690.0,11722.0,13880.0,10243.0,11366.0,11810.0,3663.0,800,24000,,
W200320019,F-403-1,2022,3063.0,2922.0,5250.0,5639.0,6173.0,9198.0,6458.0,8156.0,9568.0,9755.0,11367.0,8789.0,500,15000,,
W200320020,F-500,2022,847.0,625.0,1060.0,1434.0,1480.0,1775.0,1143.0,1071.0,819.0,1324.0,1266.0,360.0,600,18000,,
W200330052,F-503,2022,4290,2952.8,2722.3,4530,8704.1,13122.7,2444,7105.0,7360.8,2133,11627.9,12223.7,800,24000,,사후관리DB(원본월별·5년이용량분석)
W200330053,F-501,2022,3278,7918.3,5403.2,4934,9910.8,10849.4,3976,9800.4,11339.6,3004,12042.2,12536.6,800,24000,,사후관리DB(원본월별·5년이용량분석)
W200330057,F-506,2022,5319,4862.8,5261.1,15262,652.0,1028.8,8232,310.6,335.6,6160,7470.3,8194.3,700,21000,전년 자료 없음 — 외삽; 2→3차 역행,사후관리DB(원본월별·5년이용량분석)
W200330062,F-504,2022,10721,12115.0,12435.7,13230,12458.6,14077.4,13628,2098.3,2102.3,11905,13363.8,14154.1,800,24000,,사후관리DB(원본월별·5년이용량분석)
W200330064,R-024,2022,4250,8373.5,7908.8,7729,7985.7,8204.8,7277,7692.8,9599.0,6342,9685.0,9076.5,800,24000,,사후관리DB(원본월별·5년이용량분석)
W200330065,F-508,2022,2361,2945.6,1341.4,9625,263.0,462.2,11595,5872.1,4113.0,3510,2458.0,1530.8,700,21000,,사후관리DB(원본월별·5년이용량분석)
W200330077,F-507,2022,3470,4991.7,5179.5,4600,7556.4,8519.3,3620,6125.0,5477.5,3171,7170.3,8002.7,900,27000,,사후관리DB(원본월별·5년이용량분석)
W200330078,F-510,2022,7066,21082.3,14478.1,7689,18805.0,17999.6,7877,18670.3,25900.6,10023,21262.2,28834.6,800,24000,3→4차 역행,사후관리DB(원본월별·5년이용량분석)
W200330079,F-502,2022,224,1984.5,621.2,335,762.6,1034.2,417,757.1,1001.8,667,5768.8,4706.8,800,24000,,사후관리DB(원본월별·5년이용량분석)
W200330081,R-025,2022,123,329.3,179.6,55,130.4,137.1,61,0.9,5.4,53,1089.3,892.0,700,21000,,사후관리DB(원본월별·5년이용량분석)
W200330082,F-505,2022,13,18.0,54.1,12,1781.6,1337.0,149,621.7,78.0,7,475.1,1081.6,900,27000,,사후관리DB(원본월별·5년이용량분석)
W200330083,F-509,2022,10452,5901.3,6175.8,15757,7038.8,8232.5,13154,8310.9,8765.6,2106,5250.5,1067.3,800,24000,,사후관리DB(원본월별·5년이용량분석)
W200340023,F-520,2022,848.0,594.0,5234.0,4137.0,3582.0,5743.0,1007.0,1479.0,4856.0,10760.0,18566.0,5676.0,800,24000,,
W200340024,F-516,2022,9433.0,13453.0,19656.0,22949.0,24460.0,28572.0,22752.0,25433.0,23548.0,19510.0,22560.0,10395.0,700,21000,,
W200340028,F-518,2022,7918.0,9500.0,7113.0,10775.0,9861.0,12160.0,11074.0,11058.0,9784.0,14741.0,15182.0,9539.0,800,24000,,
W200340029,F-514,2022,2909.0,2797.0,2621.0,4408.0,5622.0,6705.0,3749.0,6080.0,6497.0,4613.0,5308.0,4267.0,800,24000,,
W200340031,F-515,2022,11663.0,13582.0,12458.0,19314.0,18635.0,19788.0,19261.0,19295.0,17721.0,18028.0,19185.0,12531.0,700,21000,,
W200340032,R-026,2022,12702.0,12067.0,16838.0,13159.0,14675.0,16473.0,19901.0,24022.0,23860.0,13092.0,17369.0,12499.0,800,24000,,
W200340033,F-519,2022,8441.0,9017.0,9818.0,10304.0,10125.0,11128.0,5421.0,5920.0,6582.0,14169.0,23037.0,9094.0,800,24000,,
W200340034,F-521,2022,1591.0,2116.0,5167.0,4128.0,5222.0,8555.0,2851.0,3654.0,3863.0,8432.0,11341.0,4306.0,800,24000,,
W200340035,F-522,2022,2048.0,2175.0,4283.0,4252.0,4495.0,3398.0,25.0,21.0,2313.0,7416.0,20166.0,5951.0,800,24000,,
W200340036,F-517,2022,13.0,10.0,11.0,68.0,72.0,85.0,10.0,3.0,0.0,901.0,1511.0,37.0,800,24000,,
W200340046,F-513,2022,13674.0,12551.0,10934.0,14428.0,13288.0,11854.0,12216.0,12946.0,11949.0,14490.0,14334.0,6578.0,800,24000,,
W200340052,R-027,2022,1694.0,1750.0,2954.0,2965.0,2730.0,3756.0,7110.0,7440.0,6678.0,10118.0,10087.0,2855.0,700,21000,,
W200410005,F-433,2022,21213,11530.6,12365.1,24426,18219.6,21864.1,26057,21167.1,22043.7,13387,19386.3,18315.7,600,18000,,사후관리DB(원본월별·5년이용량분석)
W200410006,F-523,2022,20441,20773.9,15039.6,26658,23307.0,22933.9,23697,23907.0,23459.4,23380,22433.0,22829.3,700,21000,,사후관리DB(원본월별·5년이용량분석)
W200420001,F-526,2022,9658.0,7686.0,9557.0,12409.0,13837.0,16601.0,13914.0,15269.0,10977.0,15127.0,17009.0,13482.0,700,21000,,
W200420002,F-525,2022,3120.0,4289.0,8610.0,10311.0,11208.0,14585.0,10616.0,13169.0,8433.0,10155.0,10773.0,4573.0,800,24000,,
W200420003,F-524,2022,4041.0,4440.0,4570.0,6752.0,6900.0,8491.0,6174.0,6230.0,6191.0,7456.0,9471.0,7257.0,700,21000,,
W200430016,F-529,2022,3766,6511.4,6535.2,5698,11544.4,13296.0,3847,11626.6,10974.6,2430,10925.4,9796.8,800,24000,,사후관리DB(원본월별·5년이용량분석)
W200430017,F-527,2022,4033,11619.9,4630.0,5299,4224.0,4811.9,7206,5307.3,6120.9,6842,6686.1,7164.2,800,24000,,사후관리DB(원본월별·5년이용량분석)
W200430018,F-528,2022,1252,7160.6,4179.4,2126,4410.2,5563.3,2312,5039.7,5148.5,3887,5067.6,10165.1,800,24000,,사후관리DB(원본월별·5년이용량분석)
W200440020,R-029,2022,1776.0,1801.0,1976.0,1612.0,1579.0,1812.0,4843.0,5446.0,5352.0,5640.0,5038.0,4725.0,800,18000,,
W200440021,F-531,2022,4541.0,2557.0,9210.0,8110.0,8034.0,12699.0,4494.0,5292.0,7513.0,14639.0,30445.0,6752.0,800,24000,,
W200520003,F-536,2022,10412.0,12719.0,12838.0,17370.0,18001.0,18381.0,19063.0,22157.0,20487.0,15714.0,18568.0,13040.0,700,21000,,
W200520004,F-537,2022,5401.0,6056.0,6770.0,7925.0,8322.0,7820.0,8308.0,9683.0,7342.0,7047.0,6895.0,5819.0,700,21000,,
W200520005,F-538,2022,3644.0,4514.0,5366.0,15075.0,15903.0,21134.0,5615.0,6455.0,5782.0,9403.0,8604.0,6470.0,600,18000,,
W200530001,F-540,2022,10,691.2,18.1,3717,21.3,3135.8,4,5340.1,8.9,5,8.9,7.1,800,18000,,사후관리DB(원본월별·5년이용량분석)
W200540001,F-533,2022,991.0,61.0,7995.0,5670.0,5472.0,8332.0,267.0,1584.0,6129.0,12570.0,21477.0,2758.0,800,21000,,
W200540002,F-532,2022,2160.0,1556.0,2768.0,5157.0,5784.0,9837.0,3295.0,3759.0,4926.0,8663.0,14431.0,6135.0,800,21000,,
W200540003,R-030,2022,2136.0,3653.0,6958.0,2837.0,2778.0,2709.0,4695.0,7486.0,6215.0,18530.0,16029.0,3114.0,700,21000,,
W200540020,F-546,2022,8236.0,9452.0,15775.0,18778.0,3950.0,11200.0,11848.0,22023.0,22035.0,21166.0,23779.0,16366.0,800,24000,,
W200540021,F-545,2022,16668.0,17921.0,16955.0,20768.0,21120.0,24757.0,18534.0,20458.0,18810.0,21363.0,21940.0,17857.0,800,24000,,
W200540023,F-548,2022,1565.0,1730.0,2830.0,6080.0,6993.0,7501.0,6589.0,6888.0,5216.0,4673.0,4945.0,2649.0,700,21000,,
W200540024,F-550,2022,453.0,462.0,585.0,945.0,1671.0,1642.0,110.0,138.0,148.0,1908.0,3958.0,1503.0,700,21000,,
W200540025,F-549,2022,3651.0,3776.0,3605.0,3745.0,4589.0,5780.0,5396.0,7020.0,7607.0,6807.0,7194.0,7139.0,800,24000,,
W200540027,F-547,2022,15239.0,15182.0,17811.0,19669.0,20240.0,22057.0,22295.0,27109.0,18019.0,13957.0,18473.0,22388.0,900,27000,,
W200610002,F-551,2022,10,1.8,2.0,11,0,0,9,0.9,0.8,12,2,1.6,800,24000,,사후관리DB(원본월별·5년이용량분석)
W200610008,F-568,2022,0,0,0,0,0,0,0,0,0,0,0,0,1500,45000,"3→4차 역행(-11), Period 무효",사후관리DB(원본월별·5년이용량분석)
W200610009,F-569,2022,10550,9197.2,8875.3,11040,8231.6,7648.7,12289,8085.2,8511.6,10517,8018.5,7683.5,1500,45000,3→4차 역행,사후관리DB(원본월별·5년이용량분석)
W200610014,F-541,2022,21062,17159.2,23706.2,10,864.1,677.7,38,7856.7,9510.3,36,27.5,26.1,1000,30000,,사후관리DB(원본월별·5년이용량분석)
W200610015,F-542,2022,9249,380.9,6.3,28961,2150.1,2621.6,38869,13148.1,16230.6,41436,18926.6,19524.4,1000,30000,,사후관리DB(원본월별·5년이용량분석)
W200610016,F-543,2022,17527,4696.0,6491.2,28427,8387.7,7026.7,17269,5776.2,3101.0,48,8.1,10.6,1000,30000,,사후관리DB(원본월별·5년이용량분석)
W200610017,F-544,2022,77,922.8,933.6,99,248.2,628.8,109,643.3,15186.2,42106,14585.9,29445.5,1000,30000,,사후관리DB(원본월별·5년이용량분석)
W200620002,F-556,2022,2077.0,1528.0,7174.0,3853.0,5891.0,8434.0,1728.0,1705.0,5367.0,10180.0,20392.0,6939.0,800,24000,,
W200620003,F-557,2022,603.0,200.0,2005.0,1224.0,1524.0,2144.0,153.0,137.0,820.0,3793.0,8059.0,2450.0,800,24000,,
W200620004,F-559,2022,9932.0,10113.0,9971.0,11565.0,10926.0,11848.0,11179.0,12023.0,11757.0,10902.0,11503.0,10214.0,700,21000,,
W200620006,F-558,2022,1812.0,2341.0,4168.0,5610.0,5593.0,7744.0,4096.0,5329.0,6879.0,8662.0,16101.0,5885.0,800,24000,,
W200620010,F-562,2022,6097.0,7047.0,9752.0,9825.0,7982.0,7350.0,5611.0,5827.0,5704.0,7784.0,9669.0,4765.0,900,27000,,
W200620011,F-554,2022,9383.0,9882.0,10256.0,12519.0,12517.0,16973.0,12780.0,13417.0,12644.0,15131.0,23394.0,13835.0,600,18000,,
W200620012,F-560,2022,10172.0,11778.0,15159.0,17525.0,19249.0,20547.0,17462.0,18730.0,15592.0,11734.0,12506.0,11799.0,900,27000,,
W200620018,F-561,2022,2285.0,2054.0,1901.0,2004.0,275.0,215.0,160.0,207.0,223.0,881.0,330.0,815.0,900,27000,,
W200630021,F-553,2022,4521,12734.0,9659.5,5102,8608.5,12933.9,4231,10272.2,11505.0,7887,19553.1,21606.3,800,24000,,사후관리DB(원본월별·5년이용량분석)
W200710016,F-565,2022,6566,9028.5,8927.7,4281,9688.8,12174.2,11,10433.2,11401.8,16110,237.6,18407.3,800,24000,,사후관리DB(원본월별·5년이용량분석)
W200710017,F-570,2022,3197,6027.9,5043.0,5390,8272.0,7881.2,3075,7813.4,7487.2,2506,6634.7,6851.4,800,24000,,사후관리DB(원본월별·5년이용량분석)
W200710018,F-566,2022,4551,5887.2,3884.3,8705,4401.0,6531.4,9134,6142.4,7540.1,4642,4844.5,4565.8,900,27000,,사후관리DB(원본월별·5년이용량분석)
W200710019,F-563,2022,3922,1601.8,1210.8,4874,1257.0,1508.6,4226,12403.2,11835.5,3598,14290.6,14365.2,1000,30000,3→4차 역행,사후관리DB(원본월별·5년이용량분석)
W200710020,F-564,2022,78,0.2,0.2,90,5.0,4.7,89,0.7,1.4,22,34.7,18.6,1000,30000,3→4차 역행,사후관리DB(원본월별·5년이용량분석)
W200710036,F-567,2022,3400,2946.7,3006.8,5440,2316.7,2920.1,7001,3221.0,3419.2,8766,3672.8,3655.1,500,15000,,사후관리DB(원본월별·5년이용량분석)
W200720008,F-574,2022,7932.0,10755.0,10195.0,10543.0,11090.0,17063.0,13733.0,12849.0,7145.0,9086.0,9422.0,2627.0,600,18000,,
W200720009,F-571,2022,7499.0,10134.0,15255.0,17967.0,21213.0,18183.0,18788.0,21455.0,15916.0,17494.0,16063.0,10614.0,700,21000,,
W200720010,F-575,2022,2567.0,2815.0,5044.0,6529.0,7504.0,9747.0,6145.0,7484.0,6594.0,5514.0,5233.0,2249.0,900,18900,,
W200720011,F-576,2022,28380.0,27430.0,25667.0,18614.0,18507.0,19457.0,13933.0,14392.0,11750.0,25396.0,27417.0,25230.0,700,21000,,
W200720012,F-573,2022,9128.0,7349.0,5808.0,7669.0,6670.0,7090.0,6605.0,8758.0,5673.0,2930.0,107.0,100.0,800,24000,,
W200720021,F-572,2022,1706.0,1715.0,2154.0,4070.0,3669.0,4939.0,3157.0,3656.0,3759.0,6464.0,10327.0,4187.0,800,24000,,
W200720022,F-577,2022,3434.0,2690.0,5647.0,9346.0,9312.0,13996.0,5626.0,7866.0,7006.0,14494.0,22165.0,9084.0,800,24000,,
W200810009,F-578,2022,2884,3142.6,8386.8,3824,14907.3,16669.5,3844,14205.5,10897.1,591,3707.5,5457.5,800,24000,,사후관리DB(원본월별·5년이용량분석)
W200810010,F-579,2022,296,566,328,328,880.3,1427.4,567,1339.7,2082.4,659,1826.1,1894.8,800,24000,,사후관리DB(원본월별·5년이용량분석)
W200810011,F-580,2022,11793,8101.8,6948.0,25251,15774.6,18495.2,15326,13379.4,13581.4,7959,11035.5,14167.9,800,24000,,사후관리DB(원본월별·5년이용량분석)
W200810012,F-581,2022,14252,4725.5,11014.5,17707,5346.4,9610.0,18982,11392.2,11932.7,19853,10883.6,11380.4,800,24000,2→3차 역행,사후관리DB(원본월별·5년이용량분석)
W200810016,F-582,2022,1961,1615.0,1561.8,3015,6197.8,6436.4,2431,5185.5,5288.5,1769,8577.5,7640.2,800,24000,,사후관리DB(원본월별·5년이용량분석)
W200810017,F-583,2022,10135,6.4,6.4,13722,10299.1,10781.8,20729,11915.9,12878.5,9355,6031.8,10701.0,500,15000,,사후관리DB(원본월별·5년이용량분석)
W200810018,F-591,2022,9192,10552.4,10375.6,13410,363.6,1349.8,4575,1797.6,12.2,9535,6018.6,1243.6,500,15000,,사후관리DB(원본월별·5년이용량분석)
W200810019,F-584,2022,4349,16156.1,7794.1,10559,8886.1,20730.1,2551,12595.3,11101.5,12,9600.1,18.8,900,27000,,사후관리DB(원본월별·5년이용량분석)
W200810020,F-585,2022,1588,1442.7,1015.2,7327,1491.8,3993.6,4481,2790.1,1729.9,1064,1500.6,2490.3,700,21000,,사후관리DB(원본월별·5년이용량분석)
W200810026,F-586,2022,530,2556.6,1830.9,946,1811.2,2786.9,564,3324.9,2773.1,261,1378.5,1392.8,810,24300,1→2차 역행,사후관리DB(원본월별·5년이용량분석)
W200820014,F-587,2022,2824.0,2594.0,7275.0,8618.0,9926.0,13339.0,6579.0,5736.0,6516.0,15236.0,22827.0,7758.0,900,27000,,
W200820015,F-588,2022,3808.0,4530.0,7962.0,7610.0,5778.0,5860.0,6396.0,6509.0,6293.0,9974.0,9943.0,7573.0,800,24000,,
W200820016,F-589,2022,0.0,0.0,0.0,0.0,0.0,0.0,0.0,0.0,0.0,0.0,0.0,0.0,800,24000,,
W200820020,F-590,2022,12497.0,12827.0,12967.0,25948.0,17548.0,14972.0,8287.0,10308.0,14513.0,9472.0,10149.0,15892.0,800,24000,,
W200820028,F-555-1,2022,5125.0,5549.0,6335.0,7735.0,7606.0,9073.0,9759.0,8504.0,9815.0,7246.0,8671.0,7772.0,300,9000,,
W200910003,F-592,2022,1314,2141.1,4969.2,1458,3993.9,3983.2,465,3878.3,4470.2,1029,4035.9,5889.7,800,24000,,사후관리DB(원본월별·5년이용량분석)
W200910004,F-593,2022,41,2111.8,913.4,3164,73.0,1265.1,2577,2482.9,2252.2,2420,10039.2,9437.6,800,24000,,사후관리DB(원본월별·5년이용량분석)
W200910007,F-594,2022,18084,12041.0,13568.4,28060,17981.9,8900.5,27180,17063.0,17094.9,12766,16912.1,18512.1,700,21000,,사후관리DB(원본월별·5년이용량분석)
W200910008,F-595,2022,486,36.8,49.0,1050,28.5,581.9,1846,1285.0,1257.3,10,1073.7,2662.4,900,27000,,사후관리DB(원본월별·5년이용량분석)
W200910009,F-596,2022,11820,9344.2,9354.5,13407,9362.6,12412.3,9807,7152.4,10930.2,10924,8182.1,8034.3,500,15000,,사후관리DB(원본월별·5년이용량분석)
W200910017,F-597,2022,644,2696.8,1340.7,799,1343.2,2232.9,893,1222.7,2251.2,1432,6857.4,5373.0,950,28500,,사후관리DB(원본월별·5년이용량분석)
W200910018,F-607,2022,3098,7983.5,8418.3,4251,11819.7,11962.4,5234,11206.5,14064.6,4315,21230.9,19277.4,900,27000,,사후관리DB(원본월별·5년이용량분석)
W200910019,F-598,2022,8130,5154.4,5030.0,12833,10576.3,12881.7,9440,11838.0,14139.1,6473,8568.8,8441.0,800,24000,,사후관리DB(원본월별·5년이용량분석)
W200910020,F-599,2022,3765,5813.7,11553.6,1997,10668.3,14136.7,2974,4801.9,4884.1,179,9322.0,3400.9,800,24000,3→4차 역행,사후관리DB(원본월별·5년이용량분석)
W200920001,F-600,2022,1832.0,2886.0,4391.0,3537.0,3556.0,3851.0,4372.0,5495.0,4938.0,4130.0,4559.0,1574.0,600,18000,,
W200920025,F-601,2022,1810.0,1757.0,1848.0,2304.0,2397.0,2831.0,2718.0,3074.0,3795.0,3456.0,3536.0,2464.0,800,24000,,
W200920026,F-602,2022,15937.0,16355.0,14872.0,16911.0,21648.0,22102.0,14899.0,14618.0,13851.0,13257.0,15143.0,9421.0,850,25500,,
W200920034,F-603,2022,32645.0,32583.0,31709.0,34323.0,34575.0,37406.0,36809.0,35874.0,34208.0,31286.0,34325.0,30661.0,950,28500,,
W200920035,F-604,2022,895.0,1079.0,2411.0,2876.0,4161.0,6507.0,2699.0,5630.0,5019.0,4267.0,5064.0,2838.0,800,24000,,
W200920036,F-605,2022,2233.0,1965.0,5800.0,5038.0,6202.0,6534.0,3203.0,3872.0,5291.0,10813.0,15544.0,4967.0,850,25500,,
W200920037,F-606,2022,2123.0,3076.0,5721.0,6358.0,7857.0,9010.0,6541.0,6764.0,5382.0,5242.0,5779.0,1856.0,800,24000,,
W201010002,F-608,2022,13160,10021.8,10848.0,22927,18966.1,23075.1,24220,18947.9,22397.0,14324,16569.4,13512.3,700,21000,,사후관리DB(원본월별·5년이용량분석)
W201010003,F-609,2022,770,52.1,383.1,836,861.9,1432.4,819,1222.3,1161.2,655,2348.9,950.5,600,18000,,사후관리DB(원본월별·5년이용량분석)
W201010006,F-611,2022,552,721.0,717.3,1165,1107.5,1254.3,738,828.7,923.7,382,1422.2,1212.2,800,24000,,사후관리DB(원본월별·5년이용량분석)
W201010007,F-610,2022,1225,2420.5,2511.6,2831,4061.4,4874.1,778,17916.4,6745.2,775,2211.1,2681.2,800,24000,,사후관리DB(원본월별·5년이용량분석)
W201010014,F-612,2022,299,1505.5,1082.4,533,1400.9,1680.1,370,1037.3,1226.6,535,2018.4,1971.0,800,24000,,사후관리DB(원본월별·5년이용량분석)
W201010015,F-613,2022,2340,2462.8,2459.2,7340,5647.2,3803.1,6128,5730.4,4297.4,5010,3625.0,3698.5,800,24000,,사후관리DB(원본월별·5년이용량분석)
W201010016,F-614,2022,2158,2533.0,2915.6,1430,3485.2,2826.8,1573,3035.2,3734.4,1377,3974.7,4179.6,800,24000,,사후관리DB(원본월별·5년이용량분석)
W201020012,F-616,2022,25448.0,28689.0,30215.0,12498.0,18880.0,21434.0,8698.0,11782.0,6431.0,5408.0,8036.0,5097.0,900,27000,,
W201020013,F-615,2022,7900.0,8125.0,7446.0,8317.0,8262.0,9457.0,10143.0,14175.0,15235.0,15458.0,16002.0,13073.0,800,24000,,
W201020015,F-617,2022,13756.0,14624.0,13561.0,12877.0,12289.0,12733.0,10036.0,12798.0,13684.0,11530.0,13962.0,12411.0,800,24000,,
W201020025,F-627,2022,0.0,0.0,0.0,2.0,0.0,2.0,0.0,0.0,0.0,4.0,27.0,62.0,600,18000,,
W201110010,F-620,2022,2752,2652.2,2248.2,4417,4093.5,5846.3,3368,3905.4,4528.1,3195,2836.1,3168.7,900,27000,1→4차 역행; 1→4차 역행; 1→4차 역행,사후관리DB(원본월별·5년이용량분석)
W201110012,F-618,2022,4667,10484.2,10316.8,5700,10952.0,11591.3,6415,14095.4,13606.9,5625,13235.2,14699.4,900,27000,,사후관리DB(원본월별·5년이용량분석)
W201110013,F-619,2022,4108,12606.8,12044.9,1750,5370.8,7598.4,3099,4942.4,8771.5,3412,20685.2,17646.1,900,27000,,사후관리DB(원본월별·5년이용량분석)
W201120016,F-625,2022,25871.0,27376.0,27475.0,12909.0,13124.0,12858.0,27047.0,30290.0,32058.0,24943.0,30401.0,25528.0,800,24000,,
W201120017,F-626,2022,204.0,968.0,3798.0,6022.0,6687.0,8843.0,7057.0,8505.0,5597.0,3133.0,2557.0,2286.0,800,16800,,
W201210002,F-630,2022,14550,20956.0,18562.1,17318,19497.8,19076.4,16310,10048.1,10378.8,18053,21028.8,21715.2,800,24000,,사후관리DB(원본월별·5년이용량분석)
W201210003,F-631,2022,3992,7303.0,6897.6,5881,8723.3,11477.9,4304,7635.3,7688.7,1506,5858.6,7380.8,800,24000,,사후관리DB(원본월별·5년이용량분석)
W201210004,F-628,2022,803,1035.5,107.0,2740,200.5,2310.2,3740,5992.5,5660.2,8112,3859.2,15652.9,900,27000,,사후관리DB(원본월별·5년이용량분석)
W201210005,F-629,2022,1945,6522.0,4589.0,3916,9857.7,10516.6,3158,6402.5,4458.4,2258,6535.8,10909.7,800,24000,,사후관리DB(원본월별·5년이용량분석)
W201210009,F-638,2022,347,2759.5,1662.0,344,1144.9,1907.1,726,1543.4,1995.6,1043,6241.6,6172.9,800,24000,,사후관리DB(원본월별·5년이용량분석)
W201210010,F-639,2022,2400,3642.1,2971.1,3426,3081.7,2435.6,3569,8030.5,7765.5,2805,1973.7,1842.8,800,24000,3→4차 역행,사후관리DB(원본월별·5년이용량분석)
W201210011,F-637,2022,57,11.9,12.3,248,3.5,3.6,177,39.9,22.1,172,59.3,49.7,700,21000,,사후관리DB(원본월별·5년이용량분석)
W201210012,F-640,2022,1855,9186.5,9835.6,2846,1573.1,2538.9,1816,7538.4,7102.6,1788,7791.7,9209.5,1000,30000,,사후관리DB(원본월별·5년이용량분석)
W201210014,F-621,2022,9025,18357.0,18351.8,10582,18812.9,20065.7,18141,19939.0,28868.9,11331,32686.3,32559.1,1500,45000,,사후관리DB(원본월별·5년이용량분석)
W201220032,F-636,2022,5507.0,5787.0,6075.0,12920.0,15010.0,15418.0,12201.0,14983.0,11468.0,11468.0,12622.0,7965.0,900,27000,,
W201220033,F-634,2022,8395.0,8908.0,8367.0,9222.0,10993.0,10857.0,10636.0,12376.0,10420.0,7608.0,7433.0,7261.0,900,27000,,
W201220034,F-632,2022,843.0,3501.0,5024.0,4220.0,4468.0,3630.0,937.0,2405.0,4822.0,17144.0,8356.0,2478.0,700,21000,,
W201220035,F-633,2022,5667.0,2959.0,6951.0,7007.0,9248.0,13414.0,4511.0,3743.0,6934.0,16342.0,28626.0,9888.0,900,27000,,
W201220040,F-622,2022,3663.0,1045.0,6794.0,4629.0,4206.0,7050.0,3327.0,2227.0,18940.0,24706.0,37339.0,8367.0,1000,30000,,
W201220041,F-624,2022,527.0,208.0,3699.0,3401.0,2328.0,4270.0,578.0,639.0,1100.0,7110.0,13800.0,4399.0,1000,30000,,
W201220056,F-635,2022,13690.0,15538.0,12665.0,14272.0,15034.0,14719.0,12167.0,15755.0,15796.0,18780.0,15443.0,10331.0,800,24000,,
W201310003,F-641,2022,2752,6551.7,1967.1,17011,7817.0,15376.4,13682,13059.9,10858.8,15052,8983.1,12201.2,800,24000,,사후관리DB(원본월별·5년이용량분석)
W201310004,F-642,2022,158,8.9,8.9,524,9.8,917.0,7,46.8,16.1,24,6.4,26.6,700,21000,,사후관리DB(원본월별·5년이용량분석)
W201310005,F-645,2022,3510,11237.4,8869.7,1317,9177.1,6345.1,1743,3089.6,5231.9,3393,14390.6,14647.2,900,27000,,사후관리DB(원본월별·5년이용량분석)
W201310006,F-644,2022,12822,22818.1,22136.3,9644,24265.8,18713.6,9208,14859.9,18728.9,7100,11424.8,18078.6,800,24000,2→3차 역행; 3→4차 역행,사후관리DB(원본월별·5년이용량분석)
W201310007,F-643,2022,46,57.8,57.8,52,56.7,55.5,53,1.1,1.1,50,0.5,0.5,700,21000,,사후관리DB(원본월별·5년이용량분석)
W201310012,F-646,2022,16696,24896.0,24874.4,18519,25849.6,25040.4,18206,8362.2,25820.2,18368,23108.4,22071,900,27000,,사후관리DB(원본월별·5년이용량분석)
W201320008,F-647,2022,933.0,764.0,3855.0,1771.0,3515.0,4207.0,883.0,1290.0,1769.0,6959.0,9964.0,2531.0,900,27000,,
W201320016,F-648,2022,5427.0,2662.0,3264.0,11650.0,11239.0,12541.0,12217.0,12144.0,12899.0,2372.0,2798.0,2799.0,700,21000,,
W201320017,F-650,2022,9977.0,11230.0,9787.0,14656.0,14597.0,17204.0,14711.0,16596.0,17352.0,15402.0,18230.0,12167.0,700,21000,,
W201320018,F-649,2022,13990.0,18210.0,18785.0,23605.0,25515.0,26667.0,21549.0,25279.0,27555.0,17402.0,20862.0,16639.0,900,27000,,
W201320024,F-623,2022,4678.0,3011.0,7302.0,6869.0,7070.0,9949.0,5385.0,5236.0,6926.0,8609.0,15907.0,5954.0,800,24000,,
W201410006,E-001,2022,3177,12817,3651,9946,48,0,4445,14635,7802,18686,26026,17085,800,24000,초과,2017~2026_구좌광역화7공 사후관리DB자료.xlsx
W201410007,E-002,2022,3109,14830,3572,9732,25164,21287,9618,4,6858,18321,25624,16822,800,24000,초과,2017~2026_구좌광역화7공 사후관리DB자료.xlsx
W201410008,E-003,2022,3100,14801,3574,9743,25053,21195,11087,14279,6722,8229,10064,9914,800,24000,초과,2017~2026_구좌광역화7공 사후관리DB자료.xlsx
W201410009,E-004,2022,3103,14815,3504,9738,25055,21183,9570,1728,0,0,1024,7528,800,24000,초과,2017~2026_구좌광역화7공 사후관리DB자료.xlsx
W201410010,E-005,2022,4820,8317,7287,12843,13882,11543,8957,13984,14940,14096,14063,14120,800,24000,0,2017~2026_구좌광역화7공 사후관리DB자료.xlsx
W201410011,E-006,2022,4911,8482,7382,13040,14195,11733,9050,14129,15126,14308,14240,14389,800,24000,0,2017~2026_구좌광역화7공 사후관리DB자료.xlsx
W201410012,E-007,2022,4985,8626,7574,13309,14371,11942,9270,14431,15403,14530,14542,14633,800,24000,0,2017~2026_구좌광역화7공 사후관리DB자료.xlsx
W201410029,F-652,2022,29379,22333.6,10163.1,32659,30655.7,23413.8,32708,29708.0,28161.9,121,26434.0,25781.9,800,24000,,사후관리DB(원본월별·5년이용량분석)
W201410031,F-653,2022,77,0.2,0.2,91,1.6,1.6,98,1.2,1.3,87,1.3,1.4,800,24000,,사후관리DB(원본월별·5년이용량분석)
W201420006,F-651,2022,873.0,989.0,1294.0,1914.0,1918.0,1981.0,2081.0,3532.0,1778.0,1635.0,1226.0,790.0,600,18000,,
W201420013,F-655,2022,847.0,888.0,2040.0,2386.0,2156.0,5277.0,1571.0,1323.0,3113.0,6201.0,19549.0,9149.0,900,27000,,
W201420017,F-656,2022,94.0,121.0,1050.0,1642.0,1665.0,1536.0,271.0,542.0,617.0,529.0,439.0,90.0,900,27000,,
W201420022,F-657,2022,12758.0,14130.0,19127.0,23095.0,25421.0,22102.0,10386.0,16363.0,21837.0,19051.0,23777.0,18737.0,900,27000,,
W201510020,F-654,2022,3547,2066.9,1200.1,7854,2383.1,2640.5,5166,2253.8,1740.1,3132,1455.0,1237.8,800,24000,,사후관리DB(원본월별·5년이용량분석)
W201510026,F-659,2022,18096,17548.2,18083.6,20356,20004.3,20699.5,17433,19637.7,21156.3,17257,16348.2,16702.3,800,24000,,사후관리DB(원본월별·5년이용량분석)
W201510027,F-660,2022,7245,11438.9,7292.9,9275,7222.9,6572.8,8244,7758.7,9098.6,10156,6894.5,7652.3,800,24000,,사후관리DB(원본월별·5년이용량분석)
W201520003,F-658,2022,3352.0,5777.0,6119.0,10524.0,9995.0,11689.0,9579.0,10563.0,7749.0,6558.0,8290.0,3161.0,700,14700,,
W201610021,F-661,2022,13.2,2889.3,2748.1,17336,1937.6,1754.2,21295,2016.1,2208.2,17026,2256.8,2203.4,800,24000,,사후관리DB(원본월별·5년이용량분석)
W201620001,F-664,2022,14735.0,17780.0,12462.0,18559.0,21991.0,21805.0,13057.0,12983.0,11711.0,15581.0,13633.0,9738.0,800,24000,,
W201620002,F-665,2022,13098.0,17477.0,12253.0,18386.0,21951.0,21591.0,13603.0,18576.0,22350.0,22292.0,19506.0,13933.0,800,24000,,
W201620003,F-666,2022,14150.0,17532.0,12352.0,18424.0,21659.0,21903.0,14523.0,17471.0,19220.0,20966.0,18345.0,13104.0,800,24000,,
W201620009,F-662,2022,1369.0,2196.0,3217.0,4197.0,5232.0,6178.0,6268.0,6238.0,4151.0,4124.0,4574.0,2497.0,500,15000,,
W201620010,F-663,2022,1666.0,1500.0,2543.0,2956.0,2619.0,2661.0,2071.0,2375.0,1728.0,3278.0,5629.0,1488.0,700,21000,,
W201620012,성읍,2022,4674,6567,6179,0,2561,0,981,854,1,0,2,1,800,19200,,농어촌공사DB
W201810023,F-667,2022,22360,419.9,17404.7,19741,19157.3,16932.8,19734,13877.5,15538.0,143,4960.6,675.1,700,21000,,사후관리DB(원본월별·5년이용량분석)
W201820001,F-662-1,2022,3798.0,6095.0,8926.0,13098.0,13202.0,15591.0,12834.0,12775.0,8503.0,10692.0,11861.0,5203.0,500,15000,,
W201910011,F-668,2022,7001,6852.4,4890.4,13218,3809.7,4823.4,16162,9574.4,11416.1,15291,5917.8,5369.9,500,15000,,사후관리DB(원본월별·5년이용량분석)
W202020012,F-669,2022,468.0,242.0,291.0,85.0,1125.0,664.0,337.0,282.0,1265.0,1538.0,147.0,2363.0,900,27000,,
Y199310610,D-154,2022,8008,17044.1,18456.5,8806,15485.9,15608.5,8272,14697.1,15645.3,4295,13779.5,10896.0,750,22500,,사후관리DB(원본월별·5년이용량분석)
Y199310670,F-044,2022,5251,18754.0,27424.7,7083,26995.5,35950.5,6658,36785.4,25478.2,5967,28951.7,28999.4,1250,37500,"4차→다음해1차 역행(-85857), Period₃로 외삽; 다음해 자료 없음 — 3→4차 일평균 외삽",사후관리DB(원본월별·5년이용량분석)
Y199310671,F-053,2022,1935,5266.5,4944.9,2955,5500.0,7897.2,2033,7966.4,7327.2,1709,4855.2,5764.6,1000,30000,,사후관리DB(원본월별·5년이용량분석)
Y199320005,D-036,2022,2345.0,2859.0,3402.0,3191.0,4179.0,3166.0,3024.0,8200.0,7951.0,8079.0,8928.0,7695.0,850,25500,,
Y199320006,W-024,2022,910.0,1273.0,1701.0,4217.0,4499.0,4747.0,6771.0,6523.0,4122.0,3552.0,3713.0,3184.0,700,21000,,
Y199320007,D-063,2022,16765.0,19842.0,22760.0,17330.0,19169.0,14670.0,9497.0,12931.0,16098.0,18365.0,21091.0,12025.0,2100,63000,,
Y199320009,D-101,2022,9461.0,10302.0,14185.0,17146.0,17971.0,20240.0,16100.0,20409.0,14186.0,15549.0,18860.0,9313.0,720,21600,,
Y199320011,W-018,2022,15882.0,17347.0,17809.0,9134.0,9200.0,10088.0,17207.0,18815.0,16950.0,16596.0,16638.0,10748.0,1300,39000,,
Y199320831,F-054,2022,12349.0,14435.0,16393.0,18667.0,19107.0,20413.0,17306.0,19169.0,16460.0,17542.0,20617.0,15120.0,700,21000,,
Y199320832,D-250,2022,7276.0,7629.0,7724.0,8825.0,8104.0,9812.0,8087.0,9253.0,7737.0,9964.0,10424.0,7573.0,600,18000,,
Y199320836,F-045,2022,3828.0,5015.0,5784.0,10617.0,10547.0,13225.0,8332.0,9471.0,10863.0,7089.0,9571.0,4585.0,700,21000,,
Y199320837,D-229,2022,11665.0,14213.0,20144.0,21231.0,20027.0,20885.0,19098.0,21909.0,17120.0,16992.0,20982.0,8052.0,2000,17550,,
Y199320838,D-228,2022,3080.0,6240.0,9787.0,11042.0,11508.0,13655.0,10715.0,13147.0,10029.0,12682.0,12718.0,7151.0,950,28500,,
Y199320839,D-178,2022,14145.0,18411.0,21450.0,21644.0,22833.0,25414.0,20603.0,26231.0,25433.0,28874.0,29058.0,24154.0,1300,39000,,
Y199320841,D-087,2022,17231.0,17059.0,17181.0,23414.0,24164.0,27859.0,23023.0,26265.0,27761.0,22498.0,23634.0,18241.0,950,28500,,
Y199320842,D-108,2022,1841.0,3510.0,2763.0,2704.0,1909.0,2023.0,2341.0,2524.0,2336.0,1267.0,771.0,768.0,100,2000,,
Y199330023,F-552,2022,758,2515.5,1486.1,1431,2855.1,4076.5,710,2192.5,2174.1,1421,4815.7,4919.3,800,24000,,사후관리DB(원본월별·5년이용량분석)
Y199330039,F-005,2022,2,4.7,3.9,5,0,0,2,2,2,3,0,4,850,25500,,사후관리DB(원본월별·5년이용량분석)
Y199330040,F-028,2022,11653,12102.9,15189.6,28029,15711.5,21936.0,13589,14391.0,24012.9,10212,13431.3,14786.9,1150,34500,,사후관리DB(원본월별·5년이용량분석)
Y199330041,D-219,2022,1575,2560.8,2235.4,3667,5480.9,6390.8,2876,5199.2,6915.0,1662,4486.8,4471.7,650,19500,,사후관리DB(원본월별·5년이용량분석)
Y199330042,F-046,2022,1124,2105.5,1075.7,2217,3890.5,5852.9,1574,3204.9,4777.3,723,4457.6,3430.8,900,27000,,사후관리DB(원본월별·5년이용량분석)
Y199330043,F-016,2022,9860,18202.5,23391.3,15573,18700.4,28262.3,12946,23511.6,25951.9,13455,23293.6,28083.0,1550,46500,,사후관리DB(원본월별·5년이용량분석)
Y199330044,D-119,2022,722,1127.4,334.3,2230,2349.0,4852.7,1822,3255.9,4380.5,864,5651.6,8282.1,1250,17550,,사후관리DB(원본월별·5년이용량분석)
Y199330045,F-017,2022,3272,10141.3,9720.4,3549,8914.1,9499.3,3450,8478.0,2003.9,2061,9722.8,10784.6,1400,20070,,사후관리DB(원본월별·5년이용량분석)
Y199330046,D-047,2022,1254,1760.8,2997.5,3279,3418.5,4942.7,833,2299.5,2042.9,2625,1597.7,4411.7,1000,30000,,사후관리DB(원본월별·5년이용량분석)
Y199330047,F-010,2022,396,1285.0,1967.1,3243,4314.7,9008.3,2340,3663.1,5677.5,151,7059.2,5543.7,1350,40500,,사후관리DB(원본월별·5년이용량분석)
Y199330048,F-008,2022,1402,3778.6,3581.5,3200,5482.5,7774.9,1950,5614.9,6340.0,1196,5068.4,6541.2,1200,36000,,사후관리DB(원본월별·5년이용량분석)
Y199330049,F-009,2022,1748,3646.8,1798.7,8339,5921.2,14106.9,2108,5483.9,6487.0,738,3392.1,6584.3,1000,30000,,사후관리DB(원본월별·5년이용량분석)
Y199330050,D-044,2022,0,0,0,0,0,0,0,0,0,0,0,0,,,,사후관리DB(원본월별·5년이용량분석)
Y199330051,F-027,2022,3072,4389.6,5737.4,7786,9644.1,12750.6,5534,8651.9,10565.6,3328,7487.6,7769.9,1250,37500,,사후관리DB(원본월별·5년이용량분석)
Y199330052,D-027,2022,2407,8542.6,15920.4,6034,11103.9,13038.6,4384,9312.2,11732.4,3906,9254.6,10796.6,1150,34500,,사후관리DB(원본월별·5년이용량분석)
Y199330053,F-022,2022,4020,5482.4,6316.8,10809,12013.5,16839.4,6508,10697.7,12526.7,4220,9272.5,11235.0,1000,30000,,사후관리DB(원본월별·5년이용량분석)
Y199330054,D-157,2022,2929,4422.1,5210.1,3948,4711.6,6390.2,3342,4726.9,5506.2,2917,4750.3,5727.6,1100,33000,,사후관리DB(원본월별·5년이용량분석)
Y199330055,F-021,2022,14,11.3,25.3,13,0,0,32,21,8.6,13,10.2,9.5,1250,37500,,사후관리DB(원본월별·5년이용량분석)
Y199330056,F-037,2022,630,1122.1,3325.0,2028,1446.2,2545.8,1167,1411.3,1867.3,626,789.1,1284.4,1250,37500,,사후관리DB(원본월별·5년이용량분석)
Y199330057,F-047,2022,4273,3282.1,4124.8,6302,4989.0,6249.9,3453,5134.0,5480.1,4775,4693.6,6246.5,700,4560,,사후관리DB(원본월별·5년이용량분석)
Y199330059,F-023,2022,2361,9123.1,8734.8,2291,8208.9,9152.3,4415,7441.9,8095.9,2615,10647.7,27142.3,1100,33000,3→4차 역행,사후관리DB(원본월별·5년이용량분석)
Y199330060,F-034,2022,1688,5075.5,5832.2,5090,5917.9,13025.1,2505,9661.9,11194.2,1928,4759.4,5398.9,1000,30000,,사후관리DB(원본월별·5년이용량분석)
Y199330061,U-052,2022,5669,2013.1,2231.7,8631,22746.8,26489.5,6623,25218.4,23976.2,6495,21134.5,23208.6,1250,37500,전년 자료 없음 — 외삽,사후관리DB(원본월별·5년이용량분석)
Y199330062,U-053,2022,8,0,0,9,0,0,8,0,0,192,0,0,1700,51000,,사후관리DB(원본월별·5년이용량분석)
Y199330063,D-067,2022,7,25.8,23.0,7,46.8,41.6,8,18.1,110.8,18,0,0,1000,30000,,사후관리DB(원본월별·5년이용량분석)
Y199330064,D-078,2022,4432,12998.8,13921.1,7185,13488.9,17382.4,6679,5605.3,6557.7,6424,13948.8,13601.9,2000,60000,,사후관리DB(원본월별·5년이용량분석)
Y199330065,D-189,2022,1982,4412.5,4511.8,3844,6565.4,10160.5,3699,7710.9,10733.7,17624,35040.4,40008.9,1350,40500,,사후관리DB(원본월별·5년이용량분석)
Y199330066,F-048,2022,2445,7566.0,7827.6,4656,9458.2,11901.4,2980,10826.3,12193.7,2038,8801.9,6366.3,1000,4800,,사후관리DB(원본월별·5년이용량분석)
Y199330070,U-041,2022,966,8210.1,7480.2,2518,4029.9,5343.8,4758,7321.4,11482.0,1062,19796.8,10766.4,1600,48000,,사후관리DB(원본월별·5년이용량분석)
Y199330072,D-009,2022,5,22.5,12.5,9,6.2,3.6,82,30.4,4.9,16,26.8,736.2,1000,30000,,사후관리DB(원본월별·5년이용량분석)
Y199330073,D-074,2022,688,1826.9,1930.0,1487,4048.5,4117.3,1360,4326.6,5379.1,596,4550.3,4460.9,600,17730,,사후관리DB(원본월별·5년이용량분석)
Y199330074,D-079,2022,2070,2373.9,1868.4,2574,992.7,1697.8,2067,4447.8,6422.3,1003,8318.7,9258.0,1500,45000,,사후관리DB(원본월별·5년이용량분석)
Y199330075,D-080,2022,1506,3022.8,7677.6,2504,4814.7,7081.1,166,9019.5,330.7,2150,11998.9,13316.4,1600,39600,,사후관리DB(원본월별·5년이용량분석)
Y199330076,D-086,2022,1206,8363.2,0,2509,4146.2,7323.4,5095,8516.3,16402.3,2300,21356.1,24578.1,2000,60000,,사후관리DB(원본월별·5년이용량분석)
Y199330077,D-088,2022,0,3.4,3.4,3,0.2,0.1,1,0.1,0.2,1,2.6,2.6,2000,60000,,사후관리DB(원본월별·5년이용량분석)
Y199330078,D-093,2022,1437,10925.8,3053.4,2821,4449.7,7887.9,3785,8619.9,15701.1,2175,5128.6,40515.7,2000,60000,,사후관리DB(원본월별·5년이용량분석)
Y199330079,D-102,2022,456,1616.3,824.0,999,709.1,1509.0,912,880.9,968.3,1045,2241.6,5026.8,700,21000,,사후관리DB(원본월별·5년이용량분석)
Y199330080,D-104,2022,2106,20833.2,17983.1,104,17142.0,543.2,1856,648.3,660.0,5675,31515.6,32695.4,1300,39000,,사후관리DB(원본월별·5년이용량분석)
Y199330083,D-123,2022,2280,959.5,1178.4,2747,6.3,6.9,4353,5.5,7.7,2706,371.8,359.6,1250,37500,,사후관리DB(원본월별·5년이용량분석)
Y199330084,D-134,2022,257,3050.8,2201.8,281,1681.1,2034.7,397,1248.3,1630.3,422,5940.6,12100.2,1650,49500,,사후관리DB(원본월별·5년이용량분석)
Y199330085,D-153,2022,58,230.8,223.7,332,575.5,2195.0,161,3371.4,396.6,62,126.2,231.4,1400,42000,,사후관리DB(원본월별·5년이용량분석)
Y199330086,D-155,2022,0,0,0,3,0,0,0,0,0,0,0,0,1750,52500,전년 자료 없음 — 외삽,사후관리DB(원본월별·5년이용량분석)
Y199330087,D-171,2022,7177,28967.4,30000.6,10,0,4.4,25,3139.2,9769.4,18,1422.6,2834.1,2000,60000,,사후관리DB(원본월별·5년이용량분석)
Y199330088,D-179,2022,3758,2222.4,9390.0,1260,12443.2,8793.7,2220,2171.6,7801.8,4137,14488.9,18941.7,1300,39000,,사후관리DB(원본월별·5년이용량분석)
Y199330089,D-180,2022,3342,7796.6,10977.4,6798,7235.2,9780.4,6422,5153.4,5205.2,7427,19391.4,15528.8,1850,55500,전년 자료 없음 — 외삽,사후관리DB(원본월별·5년이용량분석)
Y199330090,D-190,2022,284,6308.6,3014.7,917,0.1,0.3,1177,0,0,1013,7421.8,11333.1,1900,57000,다음해 자료 없음 — 전년→1차 일평균 외삽,사후관리DB(원본월별·5년이용량분석)
Y199330091,D-181,2022,1665,6255.3,3978.0,1683,2395.3,4515.3,1851,3253.3,4806.9,7202,6511.0,10013.9,1400,42000,,사후관리DB(원본월별·5년이용량분석)
Y199330092,D-221,2022,3950,6012.4,5782.5,4689,6916.3,8039.6,2754,6838.0,6440.8,2891,8406.0,9465.2,1000,30000,,사후관리DB(원본월별·5년이용량분석)
Y199330093,F-011,2022,1363,3661.7,3539.4,55,1033.3,71.8,210,306.2,542.0,240,1653.0,1660.7,700,21000,,사후관리DB(원본월별·5년이용량분석)
Y199330094,F-029,2022,3382,26155.5,23956.0,5847,6048.9,10022.2,4892,6347.2,9604.9,4142,11220.9,14474.1,1300,39000,,사후관리DB(원본월별·5년이용량분석)
Y199330095,D-191,2022,2561,4904.4,5302.3,4394,9722.1,11885.2,3538,7416.4,9510.7,1618,9450.3,10853.7,1200,20070,,사후관리DB(원본월별·5년이용량분석)
Y199330096,F-041,2022,3738,16902.4,8169.7,4437,95.0,9364.3,3058,8771.2,10078.2,4894,16375.6,14464.5,1250,37500,,사후관리DB(원본월별·5년이용량분석)
Y199330097,D-233,2022,7725,12844.2,12766.7,9414,14520.5,14790.4,8412,14405.6,13443.3,15605,17309.0,18443.3,1000,30000,전년 자료 없음 — 외삽,사후관리DB(원본월별·5년이용량분석)
Y199330098,F-049,2022,4905,9043.9,8070.4,4418,12332.7,11410.3,5491,7986.2,9553.5,2894,23200.3,14554.0,1000,30000,,사후관리DB(원본월별·5년이용량분석)
Y199330100,D-170,2022,210,1548.3,99.1,1534,1491.7,2065.2,1974,3603.0,4959.3,10,6256.0,2046.6,1400,42000,,사후관리DB(원본월별·5년이용량분석)
Y199330107,W-022,2022,1215,5271.4,4501.8,3643,6795.4,10773.0,3765,11714.7,13986.1,623,11200.6,10775.3,1000,30000,,사후관리DB(원본월별·5년이용량분석)
Y199330108,D-026,2022,5707,19103.5,19251.2,9592,11805.3,15323.2,7461,13846.2,15217.1,4577,14166.2,16375.3,900,27000,2→3차 역행,사후관리DB(원본월별·5년이용량분석)
Y199330109,D-033,2022,10107,13265.9,14145.1,17063,19939.5,22761.4,19265,22866.3,26068.6,18692,22017.6,26409.9,1000,30000,오타 자동보정 (옵션A); 1→2차 역행,사후관리DB(원본월별·5년이용량분석)
Y199330110,D-051,2022,1586,438.8,6977.3,2060,7973.1,8554.3,2450,7985.4,9195.9,216,9527.7,9785.4,1000,30000,,사후관리DB(원본월별·5년이용량분석)
Y199330111,D-065,2022,0,0,0,0,0,0,0,0,0,0,0,0,,,,사후관리DB(원본월별·5년이용량분석)
Y199330112,W-001,2022,4712,18958.3,18905.5,5570,19440.9,20458.2,2710,20158.7,21143.3,2940,22066.7,23659.9,2000,60000,,사후관리DB(원본월별·5년이용량분석)
Y199330113,D-128,2022,11477,26903.2,26520.4,13949,33877.2,29032.5,13607,31062.0,33644.0,13546,32559.9,34088.2,900,27000,전년 자료 없음 — 외삽,사후관리DB(원본월별·5년이용량분석)
Y199330119,D-014,2022,2694,6981.4,5921.3,6359,4662.4,7643.0,9345,7593.7,9726.8,7660,15730.7,17798.4,1700,51000,,사후관리DB(원본월별·5년이용량분석)
Y199330123,D-046,2022,18266,21692.2,22704.5,21976,23786.3,25171.4,21643,24689.3,26620.6,19949,23123.8,23768.7,900,27000,전년 자료 없음 — 외삽,사후관리DB(원본월별·5년이용량분석)
Y199330126,D-141,2022,285,2192.3,926.3,850,1246.6,4859.6,530,196.5,230.3,1095,200.9,255.5,1200,36000,,사후관리DB(원본월별·5년이용량분석)
Y199330127,F-003,2022,53,268.1,193.3,145,29.5,35.1,413,216.9,426.0,384,1486.7,3246.2,1250,37500,,사후관리DB(원본월별·5년이용량분석)
Y199330130,D-218,2022,694,214.2,922.7,7449,482.9,12139.8,4075,14826.0,10483.7,2113,6544.5,7420.4,1200,36000,,사후관리DB(원본월별·5년이용량분석)
Y199330132,D-211,2022,0,0,0,0,0,0,0,0,0,0,0,0,700,21000,,사후관리DB(원본월별·5년이용량분석)
Y199330135,D-019,2022,4277,23720.3,12179.3,4776,10426.5,14536.0,5732,11237.9,22169.8,5733,15811.8,25172.8,1900,57000,3→4차 역행,사후관리DB(원본월별·5년이용량분석)
Y199330140,D-042,2022,3387,4708.3,5033.3,3899,4607.7,4615.2,4660,3867.7,7164.2,2820,5923.7,9068.9,850,25500,3→4차 역행,사후관리DB(원본월별·5년이용량분석)
Y199330144,D-188,2022,82,0,0,116,0,0,106,0,0,90,8.5,8.3,1400,20070,3→4차 역행,사후관리DB(원본월별·5년이용량분석)
Y199330146,A-001,2022,1159,2815.1,1972.0,1902,1882.5,3033.1,1782,2252.0,2384.7,1361,2688.2,3585.4,1000,30000,3→4차 역행,사후관리DB(원본월별·5년이용량분석)
Y199330149,A-004,2022,3868,694.0,495.8,1924,381.4,250.6,965,2868.5,3975.4,3451,1512.6,3333.5,1200,36000,3→4차 역행,사후관리DB(원본월별·5년이용량분석)
Y199330150,A-005,2022,75,124.9,126.4,2002,1677.2,3332.1,3955,2805.1,5327.7,2227,5218.0,2254.7,1200,36000,3→4차 역행,사후관리DB(원본월별·5년이용량분석)
Y199330161,F-002,2022,80,103.6,104.8,708,845.7,1296.4,461,860.7,863.8,598,728.5,810.3,700,21000,,사후관리DB(원본월별·5년이용량분석)
Y199330164,D-220,2022,9081,11475.1,11817.3,18030,5408.3,9458.2,15776,22096.1,24456.0,13024,18143.1,18975.6,800,24000,전년 자료 없음 — 외삽,사후관리DB(원본월별·5년이용량분석)
Y199330165,F-030,2022,0,0,0,1147,0,303.0,1794,3138.8,3980.8,556,961.6,2574.5,700,21000,,사후관리DB(원본월별·5년이용량분석)
Y199330168,D-015,2022,37,189.2,16.4,148,28.1,105.3,71,193.8,264.9,265,2567.2,2703.6,700,21000,,사후관리DB(원본월별·5년이용량분석)
Y199330169,D-021,2022,19440,5494.9,13672.3,21473,16299.3,15906.9,8387,8607.9,7146.3,85,10948.5,12021.1,1150,34500,,사후관리DB(원본월별·5년이용량분석)
Y199330170,D-035,2022,2121,6221.4,3930.7,5667,7007.5,11548.6,4303,7092.3,10224.2,6363,14455.8,26163.3,1000,30000,,사후관리DB(원본월별·5년이용량분석)
Y199330171,D-041,2022,2759,7060.8,9807.7,3806,5089.4,7817.2,2327,6005.1,7196.6,2118,7973.2,12886.5,1050,31500,,사후관리DB(원본월별·5년이용량분석)
Y199330172,D-052,2022,1780,769.8,531.7,1952,505.7,789.2,1490,631.5,912.4,853,600.3,918.1,1150,34500,오타 자동보정 (옵션A); 1→2차 역행; 2→4차 역행; 2→4차 역행,사후관리DB(원본월별·5년이용량분석)
Y199330173,D-094,2022,0,0,0,0,0,0,0,0,0,0,0,0,1500,45000,,사후관리DB(원본월별·5년이용량분석)
Y199330175,D-151,2022,2998,10549.3,10739.3,4159,9655.7,12451.5,3528,9560.1,10163.1,3075,14144.4,20305.8,1150,34500,,사후관리DB(원본월별·5년이용량분석)
Y199330176,D-202,2022,3614,5762.9,6193.6,7738,10084.1,13914.9,5432,12782.6,14614.7,4212,11620.3,14660.6,1150,34500,,사후관리DB(원본월별·5년이용량분석)
Y199330398,W-301,2022,11030,10093.9,10332.1,17239,16698.0,17811.1,14372,14440.3,15697.5,11390,11502.4,12447.6,1000,30000,,사후관리DB(원본월별·5년이용량분석)
Y199330399,W-302,2022,3474,1765.2,3005.2,12353,9872.2,16302.1,4464,7812.0,9665.9,1695,5344.3,4617.9,950,28500,3→4차 역행,사후관리DB(원본월별·5년이용량분석)
Y199330400,W-303,2022,4140,5224.2,6581.2,18911,18825.7,28955.1,7560,15078.1,19633.9,3987,10693.5,11341.5,1000,30000,,사후관리DB(원본월별·5년이용량분석)
Y199330401,W-304,2022,0,0,0,0,0,0,0,0,0,2,0,0,850,25500,,사후관리DB(원본월별·5년이용량분석)
Y199330402,W-305,2022,3931,2745.2,3395.4,11283,7327.9,11523.9,5288,8062.7,9556.5,2530,5432.2,5149.7,1100,33000,,사후관리DB(원본월별·5년이용량분석)
Y199330403,W-306,2022,13955,9346.6,10639.9,27015,16722.5,20392.7,21540,18317.1,21629.1,16723,14671.7,14440.8,850,25500,1→2차 역행,사후관리DB(원본월별·5년이용량분석)
Y199330404,W-307,2022,13483,10186.4,11162.2,25976,18691.2,23044.3,20941,19420.2,23017.2,16139,15327.3,17403.5,600,18000,2→3차 역행,사후관리DB(원본월별·5년이용량분석)
Y199330406,D-244,2022,4032,5900.7,6867.9,7380,19073.2,24742.9,5599,10618.0,11942.9,2002,9293.7,8607.2,700,15870,,사후관리DB(원본월별·5년이용량분석)
Y199330407,D-242,2022,2728,4661.2,4878.9,1571,7463.5,6251.4,2102,2835.4,5860.9,1432,4182.4,5388.3,1000,30000,3→4차 역행,사후관리DB(원본월별·5년이용량분석)
Y199330408,F-060,2022,7260,4936.8,4160.2,12063,10446.0,11006.1,6917,10768.9,11731.9,1947,9463.8,10033.2,800,24000,,사후관리DB(원본월별·5년이용량분석)
Y199330409,F-059,2022,652,3508.7,2602.6,1578,1766.3,3528.1,1448,4226.4,3852.9,1046,4804.0,10368.5,1000,30000,,사후관리DB(원본월별·5년이용량분석)
Y199330410,F-058,2022,6160,8618.7,7758.6,8973,14535.8,22557.2,5521,15889.2,21717.9,3190,6052.9,8068.3,1000,30000,,사후관리DB(원본월별·5년이용량분석)
Y199330411,F-056,2022,2605,7824.2,6190.6,7157,12054.7,18047.0,4549,12937.4,15673.8,3319,7320.6,8696.2,700,21000,,사후관리DB(원본월별·5년이용량분석)
Y199330412,F-057,2022,84,86.2,67.0,119,96.1,48.3,189,55.7,69.8,129,138.8,481.5,1000,30000,3→4차 역행,사후관리DB(원본월별·5년이용량분석)
Y199330413,D-252,2022,2626,2825.0,2745.5,5582,4863.0,5819.3,2656,5473.7,8229.0,2237,3483.5,3717.3,1000,30000,,사후관리DB(원본월별·5년이용량분석)
Y199330414,D-255,2022,54,79.7,90.9,241,5.3,5.0,91,91.2,114.9,152,87.5,99.2,750,22500,,사후관리DB(원본월별·5년이용량분석)
Y199330418,W-014,2022,4221,5803,4160,4092,6012,3960,3475,4973,2865,5707,2623,1145,800,12000,,농어촌공사DB
Y199330419,D-032,2022,10902,13190,13156,14258,19447,17455,17549,15762,12689,17819,11287,8958,1300,20000,,농어촌공사DB
Y199330420,D-008,2022,2117,3111,4560,6945,10506,6633,9093,9497,5903,9619,5805,2430,800,13000,,농어촌공사DB
Y199330421,D-098,2022,0,0,429,1116,15001,11262,11719,14180,9203,14936,6204,5285,1200,15000,,농어촌공사DB
Y199330422,D-010,2022,0,1,2,0,62,2782,1753,3012,20521,28212,20456,5387,1100,24500,,농어촌공사DB
Y199330423,D-045,2022,3668,3180,6959,13212,9245,892,911,450,60,382,624,52,1000,15000,,농어촌공사DB
Y199340974,U-050,2022,1383.0,2436.0,3717.0,1465.0,1033.0,2615.0,2461.0,3135.0,3413.0,7796.0,21005.0,9172.0,1700,51000,,
Y199340975,W-028,2022,6641.0,6575.0,8042.0,5818.0,5754.0,6302.0,7559.0,9765.0,10652.0,7301.0,8189.0,6517.0,800,24000,,
Y199340976,F-004,2022,4043.0,5492.0,6237.0,5293.0,4452.0,4533.0,5088.0,4951.0,5118.0,4223.0,8233.0,2444.0,1100,20070,,
Y199340977,F-006,2022,25975.0,30270.0,31776.0,38065.0,36453.0,38872.0,33466.0,37289.0,33532.0,28900.0,30747.0,25188.0,1700,21840,,
Y199340978,F-012,2022,591.0,318.0,6466.0,2585.0,3075.0,2183.0,30.0,59.0,1751.0,9820.0,20676.0,411.0,1500,45000,,
Y199340979,F-013,2022,1710.0,1284.0,6981.0,4276.0,3408.0,4505.0,1424.0,2082.0,2968.0,9044.0,14275.0,3316.0,1500,45000,,
Y199340980,F-014,2022,1424.0,2927.0,6527.0,6473.0,3510.0,2130.0,1295.0,1000.0,4175.0,25182.0,17558.0,1554.0,1150,17550,,
Y199340982,F-019,2022,2354.0,3891.0,6583.0,8150.0,6883.0,6961.0,6761.0,6833.0,5191.0,6266.0,6355.0,2071.0,800,14460,,
Y199340983,F-024,2022,662.0,4946.0,7988.0,7744.0,5306.0,3600.0,2263.0,2165.0,7317.0,29871.0,16649.0,2874.0,1200,20340,,
Y199340984,F-025,2022,5848.0,8172.0,9632.0,13556.0,15056.0,14162.0,12082.0,12548.0,9266.0,12142.0,11819.0,6312.0,700,21000,,
Y199340986,F-035,2022,2544.0,2556.0,4847.0,4402.0,5648.0,6585.0,2597.0,3621.0,5325.0,9159.0,22550.0,11751.0,1150,21060,,
Y199340987,F-038,2022,3838.0,2525.0,7322.0,5892.0,4421.0,7022.0,1657.0,2182.0,5962.0,15374.0,25570.0,6550.0,1050,31500,,
Y199340988,F-039,2022,8158.0,12328.0,18687.0,23717.0,29457.0,28368.0,16421.0,24047.0,18680.0,17419.0,23889.0,9160.0,650,17550,,
Y199340989,F-042,2022,,,,,,,,,,,,,1000,17550,,
Y199340990,F-043,2022,0.0,0.0,0.0,0.0,0.0,0.0,0.0,0.0,0.0,0.0,0.0,0.0,700,13770,,
Y199340991,F-050,2022,174.0,120.0,366.0,286.0,250.0,381.0,206.0,229.0,265.0,668.0,1408.0,518.0,950,28500,,
Y199340992,F-052,2022,1470.0,2477.0,6416.0,6201.0,4756.0,7844.0,2042.0,1239.0,7375.0,16937.0,24795.0,6599.0,950,28500,,
Y199340993,D-017,2022,2.0,0.0,2845.0,1576.0,2618.0,2482.0,566.0,229.0,3346.0,6370.0,14403.0,2429.0,1150,34500,,
Y199340994,D-040,2022,3109.0,3444.0,4683.0,7566.0,7765.0,9350.0,5038.0,6850.0,5181.0,7882.0,15920.0,7551.0,1400,42000,,
Y199340995,D-048,2022,3420.0,3447.0,4998.0,5681.0,7516.0,8911.0,4813.0,6039.0,7631.0,9119.0,12722.0,6464.0,1050,31500,,
Y199340996,D-083,2022,3307.0,2195.0,8315.0,3705.0,4485.0,5136.0,1011.0,1299.0,5273.0,10608.0,15760.0,2918.0,1000,30000,,
Y199340997,D-089,2022,3100.0,2837.0,5967.0,6132.0,9213.0,11945.0,6999.0,6959.0,10346.0,16303.0,25116.0,11061.0,900,27000,,
Y199340998,D-090,2022,8640.0,8434.0,11032.0,12166.0,7385.0,8701.0,5886.0,7017.0,7337.0,10125.0,20745.0,8631.0,1000,30000,,
Y199340999,D-095,2022,2330.0,2157.0,4915.0,6261.0,8142.0,9800.0,3777.0,4776.0,5124.0,9701.0,13905.0,5313.0,950,28500,,
Y199341000,D-099,2022,1010.0,619.0,7862.0,5398.0,3951.0,5417.0,719.0,711.0,754.0,9333.0,19095.0,4719.0,1000,30000,,
Y199341001,D-184,2022,987.0,1359.0,2173.0,2483.0,3714.0,4869.0,3158.0,3415.0,3878.0,5441.0,7410.0,2903.0,1200,36000,,
Y199341002,D-103,2022,2666.0,1707.0,8105.0,6367.0,3746.0,2684.0,1870.0,2722.0,3353.0,8312.0,21174.0,4561.0,1950,11550,,
Y199341003,D-107,2022,1515.0,1535.0,2700.0,3663.0,4960.0,6109.0,3307.0,4526.0,4196.0,5766.0,8371.0,3425.0,1750,5190,,
Y199341004,D-121,2022,482.0,130.0,5233.0,3444.0,3494.0,4730.0,128.0,132.0,2732.0,10006.0,18080.0,1986.0,1550,46500,,
Y199341005,D-122,2022,1177.0,966.0,5445.0,3848.0,5388.0,7119.0,1848.0,2537.0,3831.0,11150.0,19851.0,3914.0,1550,46500,,
Y199341006,D-129,2022,628.0,546.0,644.0,1415.0,1427.0,1620.0,1349.0,1512.0,1363.0,1091.0,1110.0,1264.0,600,12600,,
Y199341007,D-130,2022,1279.0,1784.0,3632.0,4188.0,6186.0,7918.0,2743.0,2608.0,3276.0,9688.0,22441.0,8162.0,1500,45000,,
Y199341008,D-131,2022,3281.0,4231.0,5708.0,8530.0,9317.0,12708.0,7375.0,9748.0,10131.0,11331.0,18318.0,6334.0,1150,34500,,
Y199341009,D-139,2022,17106.0,14241.0,14893.0,18000.0,18194.0,22496.0,17399.0,18265.0,19414.0,21590.0,28198.0,22375.0,1250,37500,,
Y199341010,D-142,2022,2125.0,1102.0,8178.0,5213.0,6564.0,9204.0,1081.0,1581.0,2926.0,18251.0,29070.0,5739.0,850,25500,,
Y199341011,D-144,2022,2874.0,2404.0,7768.0,8473.0,6435.0,7648.0,2792.0,2603.0,7434.0,20016.0,33203.0,13177.0,1400,42000,,
Y199341012,D-147,2022,1238.0,1130.0,3771.0,2694.0,2808.0,6682.0,1755.0,2937.0,3696.0,10571.0,12868.0,3737.0,1550,46500,,
Y199341013,D-146,2022,6394.0,6049.0,9542.0,8479.0,9243.0,10446.0,7848.0,8729.0,9449.0,12465.0,18253.0,10084.0,950,8130,,
Y199341014,D-145,2022,1887.0,1902.0,7215.0,6761.0,6288.0,6579.0,3139.0,2803.0,2255.0,15371.0,24918.0,3930.0,1150,34500,,
Y199341015,D-148,2022,12673.0,20594.0,16392.0,21664.0,23528.0,24059.0,18811.0,20364.0,21186.0,10538.0,13756.0,9521.0,800,14010,,
Y199341016,D-156,2022,1757.0,1382.0,4513.0,3944.0,4995.0,4898.0,2598.0,2327.0,3184.0,6945.0,11984.0,4186.0,1150,34500,,
Y199341018,D-161,2022,4513.0,3949.0,8104.0,8170.0,9625.0,16088.0,7354.0,9726.0,10658.0,21783.0,23853.0,7184.0,850,25500,,
Y199341019,D-162,2022,2092.0,2342.0,5839.0,4910.0,6870.0,8027.0,3893.0,6705.0,7536.0,14344.0,19929.0,7465.0,1150,34500,,
Y199341020,D-174,2022,934.0,1296.0,1825.0,1517.0,1003.0,4511.0,1180.0,1776.0,2280.0,5201.0,6798.0,1963.0,1500,8940,,
Y199341021,D-175,2022,460.0,337.0,1778.0,1692.0,2452.0,3214.0,1889.0,3289.0,3179.0,4293.0,8675.0,2262.0,1150,17400,,
Y199341022,D-172,2022,1650.0,1094.0,3588.0,3712.0,3150.0,5734.0,705.0,696.0,1530.0,7753.0,10543.0,3896.0,1150,19170,,
Y199341023,D-173,2022,1803.0,4127.0,7988.0,3921.0,4810.0,6981.0,1297.0,923.0,1897.0,6999.0,11586.0,3875.0,1150,12480,,
Y199341024,D-183,2022,14445.0,10126.0,14130.0,11896.0,11456.0,12467.0,21005.0,20479.0,21504.0,18472.0,21497.0,11978.0,1150,34500,,
Y199341026,D-100,2022,3736.0,3834.0,5145.0,8533.0,10499.0,16170.0,11527.0,13235.0,12156.0,11314.0,18881.0,9011.0,1150,34500,,
Y199341027,D-192,2022,4517.0,4108.0,8589.0,7076.0,6217.0,7909.0,3720.0,4638.0,8271.0,13817.0,20353.0,6074.0,700,21000,,
Y199341028,D-193,2022,3644.0,3756.0,3781.0,4857.0,7868.0,8285.0,4045.0,4577.0,6718.0,6628.0,15466.0,8549.0,1100,21300,,
Y199341029,D-195,2022,1427.0,860.0,3871.0,3386.0,3866.0,8160.0,2368.0,4505.0,4617.0,6143.0,11402.0,3411.0,1150,34500,,
Y199341030,D-196,2022,1701.0,1147.0,4798.0,3277.0,2965.0,4879.0,553.0,990.0,5160.0,12656.0,18714.0,3589.0,1150,34500,,
Y199341031,D-197,2022,7938.0,8290.0,10251.0,11198.0,11995.0,13451.0,10458.0,11643.0,11648.0,12536.0,18880.0,11439.0,800,24000,,
Y199341032,D-198,2022,1044.0,1383.0,3151.0,5727.0,3509.0,2285.0,898.0,1140.0,4055.0,18537.0,14071.0,3388.0,800,18360,,
Y199341033,D-199,2022,889.0,466.0,2199.0,1460.0,1730.0,2911.0,773.0,593.0,1761.0,5431.0,15456.0,3214.0,950,28500,,
Y199341034,D-206,2022,8836.0,6063.0,10568.0,4943.0,4839.0,5749.0,8769.0,10779.0,21.0,15367.0,28707.0,15149.0,1100,33000,,
Y199341035,D-207,2022,1679.0,1068.0,6303.0,1562.0,2009.0,1668.0,38.0,453.0,2607.0,10695.0,21380.0,3168.0,1100,33000,,
Y199341036,D-208,2022,634.0,562.0,2559.0,2834.0,2378.0,7080.0,1380.0,723.0,3405.0,7197.0,17179.0,8143.0,1350,20340,,
Y199341037,D-209,2022,8321.0,8069.0,13330.0,11443.0,12161.0,19556.0,9829.0,10318.0,13381.0,24294.0,38332.0,14607.0,1350,40500,,
Y199341038,D-210,2022,3103.0,3824.0,4980.0,8770.0,8573.0,11345.0,6088.0,7210.0,8355.0,7265.0,13919.0,6649.0,600,6930,,
Y199341039,D-223,2022,8028.0,7978.0,7025.0,10813.0,12881.0,13907.0,8050.0,12121.0,13259.0,10735.0,20967.0,25643.0,850,25500,,
Y199341041,D-234,2022,2855.0,4053.0,3593.0,4452.0,5303.0,5503.0,4336.0,4380.0,4396.0,4683.0,8205.0,5696.0,950,17040,,
Y199341043,D-236,2022,5723.0,7113.0,9082.0,13974.0,16587.0,20642.0,13526.0,16309.0,15149.0,15228.0,19834.0,9499.0,950,18900,,
Y199341044,D-237,2022,9804.0,11708.0,11974.0,18952.0,18706.0,20294.0,18452.0,22163.0,18429.0,13149.0,15068.0,10281.0,500,13230,,
Y199341045,D-246,2022,3713.0,6109.0,8014.0,9884.0,10815.0,12931.0,11018.0,9436.0,5955.0,8016.0,9639.0,2425.0,950,28500,,
Y199341046,D-247,2022,31866.0,27954.0,24432.0,25970.0,24117.0,21002.0,13620.0,15124.0,17014.0,12569.0,36775.0,18076.0,850,17550,,
Y199341047,F-061,2022,45.0,3.0,7061.0,778.0,1468.0,2281.0,0.0,5.0,6102.0,14419.0,28031.0,5295.0,850,25500,,
Y199341048,F-064,2022,2034.0,2619.0,4219.0,4976.0,5658.0,5327.0,4926.0,5453.0,4110.0,3173.0,1895.0,75.0,800,17550,,
Y199341049,F-062,2022,2640.0,1874.0,7090.0,3078.0,4784.0,8601.0,1874.0,3441.0,4642.0,15836.0,22450.0,5899.0,1000,30000,,
Y199341051,D-259,2022,0.0,0.0,0.0,2.0,0.0,0.0,0.0,0.0,0.0,2.0,0.0,0.0,1000,13290,,
Y199341052,F-063,2022,2579.0,3163.0,5399.0,6416.0,7934.0,8294.0,6122.0,6196.0,5291.0,5912.0,6379.0,3468.0,1000,13170,,
Y199341053,D-256,2022,7498.0,8028.0,11092.0,12664.0,12478.0,15411.0,10382.0,10586.0,10722.0,9217.0,10691.0,6540.0,600,18000,,
Y199341054,F-051,2022,5559.0,6760.0,6637.0,28315.0,27815.0,31129.0,22500.0,30108.0,31012.0,20668.0,23596.0,20462.0,750,21060,,
Y199341055,F-065,2022,1959.0,5639.0,7791.0,5882.0,4420.0,814.0,55.0,192.0,4403.0,23371.0,12305.0,3515.0,1000,20340,,
Y199341057,W-003,2022,1932.0,1599.0,6260.0,1224.0,1478.0,2226.0,2417.0,3196.0,3023.0,7308.0,12439.0,3634.0,1100,33000,,
Y199341058,D-073,2022,3247.0,2346.0,7753.0,8204.0,10445.0,15669.0,5415.0,8856.0,8265.0,18432.0,25144.0,10324.0,850,18900,,
Y199341059,D-056,2022,0.0,0.0,16371.0,4744.0,5999.0,5641.0,0.0,0.0,2178.0,13660.0,28251.0,2772.0,700,21000,,
Y199341060,D-059,2022,7022.0,7607.0,8017.0,9707.0,10734.0,11360.0,9516.0,11521.0,8119.0,6352.0,9901.0,11494.0,700,21000,,
Y199341061,U-048,2022,341.0,649.0,1826.0,703.0,762.0,2048.0,275.0,321.0,930.0,5464.0,14668.0,6568.0,2000,60000,,
Y199341065,W-026,2022,12784.0,12686.0,15684.0,9835.0,8952.0,10049.0,16546.0,20443.0,23120.0,19346.0,20639.0,9542.0,1700,35700,,
Y199341066,D-005,2022,21140.0,17520.0,15956.0,22346.0,21030.0,16366.0,12473.0,18910.0,18167.0,13503.0,19314.0,13348.0,600,18000,,
Y199341075,F-007,2022,2343.0,4792.0,9444.0,13244.0,14446.0,15569.0,11362.0,15564.0,15220.0,11087.0,12563.0,3812.0,1350,26340,,
Y199341084,W-020,2022,4745.0,4537.0,5414.0,4110.0,3851.0,3973.0,6816.0,7924.0,7325.0,8418.0,8940.0,6932.0,1000,30000,,
Y199341087,D-069,2022,0.0,0.0,0.0,0.0,0.0,0.0,1171.0,1992.0,2.0,0.0,0.0,4.0,650,19500,,
Y199341093,D-004,2022,2468.0,3426.0,6190.0,8599.0,8915.0,11647.0,8259.0,8105.0,8284.0,9958.0,8965.0,2527.0,950,28500,,
Y199341094,U-036,2022,510.0,601.0,1309.0,829.0,632.0,1400.0,686.0,546.0,1110.0,2529.0,7233.0,2707.0,1500,17550,,
Y199341095,D-049,2022,10021.0,13320.0,14350.0,15238.0,15768.0,16538.0,13730.0,18012.0,14105.0,26458.0,23631.0,11870.0,850,25500,,
Y199341097,90사계,2022,2728.0,18398.0,18036.0,19373.0,14518.0,11333.0,6941.0,3723.0,10246.0,20032.0,15521.0,6610.0,1000,30000,,
Y199341100,90감산,2022,11700.0,13463.0,15095.0,21762.0,21205.0,15581.0,13946.0,16024.0,11323.0,14494.0,14640.0,9338.0,800,24000,,
Y199341103,D-006,2022,0.0,0.0,0.0,0.0,0.0,0.0,0.0,0.0,0.0,0.0,0.0,0.0,600,18000,,
Y199341104,D-020,2022,3610.0,3780.0,3205.0,4443.0,4756.0,4747.0,4199.0,4594.0,4591.0,3546.0,4145.0,4034.0,850,17550,,
Y199341106,D-158,2022,0.0,0.0,0.0,0.0,0.0,0.0,0.0,0.0,0.0,0.0,0.0,0.0,1505,45150,,
Y199341110,D-055,2022,1479,7895,6340,10040,12033,2365,2870,3940,14994,29238,14047,12466,1500,20000,,농어촌공사DB
Y199341111,D-082,2022,2865,10909,9951,10695,16109,6376,8336,9274,18456,44874,16834,7218,1500,30000,,농어촌공사DB
Y199341112,D-160,2022,2321,10727,10720,9157,13146,6657,5404,6572,16241,25714,11953,2022,2375,29700,,농어촌공사DB
Y199341113,D-114,2022,10316,15935,16513,11544,13128,12076,10405,10183,18449,22396,13380,0,1500,34000,,농어촌공사DB
Y199341114,D-113,2022,10884,14296,15014,14686,18035,11996,12205,13371,16800,28718,15500,6415,1500,22000,,농어촌공사DB
Y199341115,D-081,2022,902,3595,4496,4102,3841,232,375,270,6684,14296,4457,833,1200,35300,,농어촌공사DB
Y199510076,F-066,2022,6410,6392.8,5894.3,8431,5343.9,6686.6,7654,7889.2,7630.6,11886,829.5,993.9,800,18450,,사후관리DB(원본월별·5년이용량분석)
Y199510077,93이호,2022,1959,3256.6,4007.2,3690,6414.3,8929.6,1973,6757.8,8988.5,1619,5230.7,5736.6,800,18300,,사후관리DB(원본월별·5년이용량분석)
Y199510078,94도평,2022,13779,13710.0,14510.0,18467,30790.4,30675.7,22468,35823.7,38013.9,21382,39315.4,33165.4,800,21060,3→4차 역행,사후관리DB(원본월별·5년이용량분석)
Y199510079,94아라,2022,8146,9784.9,9831.1,9673,8171.5,9165.0,9153,8932.6,9622.3,9098,9708.9,10264.3,800,14100,,사후관리DB(원본월별·5년이용량분석)
Y199510080,F-078,2022,1433,3218.9,3788.6,2250,3836.3,5577.4,1713,4086,5103.0,1324,3332.4,3368.7,800,9510,,사후관리DB(원본월별·5년이용량분석)
Y199520081,D-274,2022,2030.0,3131.0,3201.0,3045.0,2877.0,3144.0,2932.0,2979.0,2109.0,1778.0,2769.0,2719.0,600,12030,,
Y199520082,F-067,2022,2518.0,2215.0,2842.0,5117.0,5137.0,7388.0,4711.0,6690.0,6849.0,5422.0,5999.0,4430.0,700,16830,,
Y199520083,F-079,2022,5523.0,7401.0,6029.0,11393.0,12068.0,16824.0,9728.0,11063.0,11896.0,11493.0,12392.0,8754.0,700,17550,,
Y199520085,D-275,2022,6487.0,5748.0,7462.0,10739.0,12343.0,13713.0,9979.0,11345.0,11247.0,9025.0,10574.0,8850.0,800,17550,,
Y199530138,D-264,2022,204,223.9,65.5,10,216.5,70,669,17.2,17.2,749,776.2,4214.8,1200,36000,,사후관리DB(원본월별·5년이용량분석)
Y199530139,D-277,2022,649,401.6,267.2,1265,12.0,22.1,831,18.8,20.2,8054,2441.9,3043.4,800,6810,3→4차 역행,사후관리DB(원본월별·5년이용량분석)
Y199530141,D-278,2022,4434,12077.6,9606.6,7422,10106.3,16964.8,4949,12476.2,15818.7,4287,12613.1,12793.7,800,24000,,사후관리DB(원본월별·5년이용량분석)
Y199530142,D-266,2022,1347,2476.0,1471.3,2950,815.8,2471.1,1567,3218.5,3693.4,1241,1835.8,2017.3,800,24000,,사후관리DB(원본월별·5년이용량분석)
Y199530144,D-276,2022,6555,6292.1,7458.5,15256,11117.6,15069.6,11467,14407.6,16269.1,8181,12684.4,13635.6,800,10350,,사후관리DB(원본월별·5년이용량분석)
Y199530145,F-068,2022,1853,5497.4,5632.2,4588,8417.5,12213.4,3911,8728.9,10407.9,2929,11875.1,12757.3,800,14340,,사후관리DB(원본월별·5년이용량분석)
Y199530146,F-069,2022,13514,10559.0,12089.6,16181,22066.5,20476.0,3803,16003.5,18201.9,2232,3479.1,6382.5,600,9510,1→2차 역행; 2→3차 역행,사후관리DB(원본월별·5년이용량분석)
Y199530150,F-072,2022,564,2104.2,899.2,107,3082.3,3198.4,39,132.0,315.4,34,285.5,695.7,800,4110,,사후관리DB(원본월별·5년이용량분석)
Y199530151,D-267,2022,3146,12691.8,11500.5,3663,10857.1,13250.2,4105,10310.0,12407.8,2735,17727.4,25428.9,800,15840,,사후관리DB(원본월별·5년이용량분석)
Y199530152,D-279,2022,826,1572.5,1236.3,1261,2005.0,2331.2,1719,1502.2,2191.8,938,3070.0,4888.0,800,11610,,사후관리DB(원본월별·5년이용량분석)
Y199540245,F-074,2022,10768.0,18807.0,17151.0,19485.0,21596.0,21902.0,19117.0,20731.0,20721.0,23168.0,19100.0,11807.0,600,21060,,
Y199540246,D-283,2022,18175.0,21057.0,23886.0,28126.0,28840.0,29539.0,26050.0,29916.0,26106.0,19569.0,23970.0,16105.0,1000,17550,,
Y199540248,F-075,2022,0.0,0.0,0.0,0.0,0.0,0.0,0.0,0.0,0.0,0.0,0.0,0.0,600,18000,,
Y199540249,D-268,2022,2085.0,2014.0,6673.0,5767.0,3961.0,6080.0,1764.0,2237.0,4861.0,10909.0,13536.0,3559.0,600,18900,,
Y199540250,D-269,2022,1406.0,971.0,2616.0,3721.0,1935.0,6140.0,1759.0,1645.0,2119.0,5454.0,14421.0,7023.0,700,10110,,
Y199540251,D-284,2022,26.0,33.0,1905.0,2045.0,2550.0,2946.0,212.0,2339.0,15073.0,16966.0,27475.0,8650.0,1000,21060,,
Y199540252,D-245,2022,7751.0,10166.0,14288.0,17014.0,17826.0,19138.0,14304.0,18135.0,16630.0,14606.0,14833.0,8770.0,500,18150,,
Y199540253,F-073,2022,8555.0,8202.0,9410.0,14053.0,14642.0,15466.0,12797.0,15258.0,14870.0,10271.0,13616.0,6683.0,600,11070,,
Y199540254,D-271,2022,10583.0,8542.0,6722.0,8996.0,7814.0,8299.0,7735.0,5785.0,6970.0,8242.0,8751.0,6573.0,800,12480,,
Y199540255,F-076,2022,1635.0,1877.0,2247.0,3265.0,3226.0,4207.0,2380.0,2332.0,1653.0,2177.0,4712.0,1195.0,1000,14310,,
Y199540256,F-077,2022,2396.0,3619.0,4188.0,5211.0,5737.0,6323.0,5024.0,5552.0,4749.0,4635.0,5261.0,2733.0,500,17550,,
Y199540257,D-270,2022,1404.0,2350.0,6013.0,10569.0,10144.0,10187.0,2181.0,8043.0,9577.0,9381.0,10591.0,5764.0,800,21060,,
Y200230019,D-297,2022,987,15355.8,25.0,8900,6639.9,8186.9,2345,2988.5,3509.8,24805,9993.7,14828.5,800,24000,,사후관리DB(원본월별·5년이용량분석)
Y200240031,F-083,2022,8212.0,9077.0,13387.0,13784.0,17141.0,17087.0,10218.0,15926.0,14944.0,9622.0,11418.0,3590.0,600,30000,,
