permit_no,well_id,year,Jan,Feb,Mar,Apr,May,Jun,Jul,Aug,Sep,Oct,Nov,Dec,capacity_m3d,permit_m3m,remark,source
D199510018,F-084,2024,6357.7,5517.9,5765.8,6885.6,7095.6,5787.0,8617.8,5594.7,7903.4,11396.2,9837.0,9372.7,600,9030,,사후관리DB(원본월별·5년이용량분석)
D199510019,F-085,2024,5068.1,4865.2,5787.9,7108.1,6611.3,7030.5,5073.2,5509.1,5265.8,4978.9,5072.1,4875.4,750,15120,,사후관리DB(원본월별·5년이용량분석)
D199510020,F-087,2024,4178.9,4455.4,4254.5,4698.8,4676.5,5660.0,5073.2,5574.0,5619.8,4955.0,5035.2,4615.2,750,6390,,사후관리DB(원본월별·5년이용량분석)
D199510021,F-086,2024,11242.8,10970.6,10023.5,12329.9,12225.5,16219.3,15171.6,17016.9,18729.2,16174.0,16340.6,16598.8,700,16920,1→2차 역행,사후관리DB(원본월별·5년이용량분석)
D199510022,D-288,2024,16662.4,17665.8,16730.6,20379.1,20925.8,24426.7,23736.4,23837.0,22383.2,12959.2,9023.0,10020.6,800,18210,,사후관리DB(원본월별·5년이용량분석)
D199510023,D-287,2024,12458.6,15761.7,15255.8,20565.5,16718.6,18976.9,11071.2,11265.4,12828.8,9112.5,9934.5,11133.1,800,23670,,사후관리DB(원본월별·5년이용량분석)
D199520015,F-088,2024,7461.0,8740.0,12616.0,10435.0,13237.0,12763.0,8857.0,14786.0,13498.0,9878.0,7839.0,6636.0,500,15000,,
D199520016,D-291,2024,6774.0,7656.0,6687.0,9795.0,7925.0,12264.0,8851.0,8090.0,13148.0,10476.0,10964.0,6619.0,500,15000,,
D199520017,D-293,2024,7178.0,7958.0,7411.0,8125.0,7302.0,8680.0,6791.0,8648.0,9765.0,8500.0,7731.0,7234.0,700,21000,,
D199520018,D-292,2024,5755.0,8638.0,8776.0,9766.0,9069.0,13004.0,8250.0,13221.0,13411.0,11895.0,7324.0,6370.0,600,18000,,
D199520019,D-289,2024,2336.0,2404.0,3622.0,3482.0,5328.0,5699.0,2800.0,8329.0,6536.0,3944.0,2507.0,2643.0,500,15000,,
D199520020,D-290,2024,1706.0,2280.0,2076.0,3129.0,2691.0,3720.0,1745.0,3595.0,3803.0,2396.0,2065.0,2170.0,500,15000,,
D199530039,96조천1,2024,2204.6,1877.9,2581.4,1404.6,3304.5,2301.2,1763.3,2605.7,2896.6,3389.9,3176.4,3154.3,800,22800,,사후관리DB(원본월별·5년이용량분석)
D199530042,D-294,2024,7764.6,7744.5,7842.1,10252.6,10739.0,12588.1,9451.5,13029.2,11920.4,8756.8,7151.4,8631.1,800,24000,,사후관리DB(원본월별·5년이용량분석)
D199530043,F-080,2024,43.7,67.0,55.0,169.3,206.2,293.4,141.3,225.0,1536.5,1261.0,861.5,800.6,700,19950,,사후관리DB(원본월별·5년이용량분석)
D199530045,F-089,2024,838.2,886.4,1023.1,1340.0,2330.4,2788.5,3624.6,644.0,644.0,16.9,398.4,606.0,650,22800,,사후관리DB(원본월별·5년이용량분석)
D199530046,F-090,2024,3580.2,3077.5,2672.5,3475.4,3651.5,4117.6,2785.5,4336.2,7568.5,7365.4,3836.5,3147.1,800,22800,,사후관리DB(원본월별·5년이용량분석)
D199530047,F-091,2024,618.4,549.9,1112.1,1754.0,1969.4,2548.1,1414.1,1355.5,1265.9,1234.3,1109.3,867.8,700,13680,,사후관리DB(원본월별·5년이용량분석)
D199530048,F-092,2024,422.5,232.2,218.7,360.6,10147.0,15031.8,10803.5,12186.7,15334.4,12373.4,10025.5,10498.7,1000,20460,,사후관리DB(원본월별·5년이용량분석)
D199530049,F-093,2024,5803.7,5027.2,4556.3,5643.1,5876.5,7470.2,4929.6,6717.4,8881.2,8120.0,4828.2,4339.6,1000,19410,,사후관리DB(원본월별·5년이용량분석)
D199530050,F-094,2024,2456.1,3965.2,4243.2,3738.1,4928.9,7693.9,6128.0,8805.1,5233.7,3160.6,7400.2,7166.9,700,16260,,사후관리DB(원본월별·5년이용량분석)
D199530051,F-095,2024,2627.8,2691.2,3674.9,4702.8,5777.0,7559.7,6112.3,7167.7,12058.2,6169.3,4054.7,3490.8,800,19800,,사후관리DB(원본월별·5년이용량분석)
D199530052,F-096,2024,3395.5,4458.0,6454.7,9682.9,11269.2,15583.2,9950.6,15613.5,17626.8,13485.5,10049.4,6877.2,600,9930,,사후관리DB(원본월별·5년이용량분석)
D199530053,D-300,2024,0.2,0.2,0.2,0.8,0.7,0.8,0.2,0.2,0.2,0.3,0.3,0.3,800,22800,,사후관리DB(원본월별·5년이용량분석)
D199530054,D-301,2024,7974.6,9151.7,10099.9,12350.0,10741.9,17918.7,5865.4,13001.5,15933.6,10342.0,6888.0,5305.0,600,17040,,사후관리DB(원본월별·5년이용량분석)
D199530055,D-303,2024,10051.6,11593.6,10378.8,12416.3,12133.4,13688.4,12830.4,15641.7,19257.0,13937.3,13301.6,12144.3,600,17100,,사후관리DB(원본월별·5년이용량분석)
D199530056,D-304,2024,0,0,0,0,0,0,0,0,0,0,0,0,900,27000,"전년→1차 역행(-251560.0), 1차→2차 평균 사용; 4차이후 외삽 (2024-07-21 ~ 12/31)",사후관리DB(원본월별·5년이용량분석)
D199530057,D-305,2024,3599.0,5348.4,6424.3,8963.2,9593.9,14200.8,9014.7,12582.9,13206.3,10082.6,7062.0,6027.1,600,12210,,사후관리DB(원본월별·5년이용량분석)
D199530058,D-302,2024,4940.2,5727.2,5664.9,7579.8,9677.8,9548.5,6193.1,9581.7,8550.3,5951.7,4698.9,3637.2,700,14880,,사후관리DB(원본월별·5년이용량분석)
D199530059,D-298,2024,22591.2,22586.0,21144.9,22136.0,16268.5,17044.5,10787.9,13081.9,13414.7,10489.5,10713.3,10224.3,700,10380,,사후관리DB(원본월별·5년이용량분석)
D199530060,D-299,2024,14438.0,15114.8,14030.4,20502.9,20035.0,25594.5,24497.8,28159.9,29035.8,24275.4,25070.3,21858.4,900,16680,,사후관리DB(원본월별·5년이용량분석)
D199530061,96조천2,2024,29305.6,29368.4,27922.0,31270.6,23380.0,28802.2,23339.9,13673.9,25191.8,26090.9,26094.7,25718.1,800,17280,,사후관리DB(원본월별·5년이용량분석)
D199540104,D-306,2024,12055.0,15284.0,14829.0,17476.0,15907.0,21858.0,16208.0,23465.0,23525.0,15247.0,2675.0,3239.0,800,7890,,
D199540105,D-307,2024,5311.0,4925.0,7429.0,8858.0,12252.0,13617.0,9022.0,14724.0,13399.0,7982.0,5233.0,5453.0,800,9240,,
D199540106,D-308,2024,2563.0,2624.0,4786.0,6393.0,7173.0,8523.0,4145.0,8004.0,7083.0,5461.0,3918.0,2226.0,700,9000,,
D199540107,D-309,2024,10179.0,9641.0,8654.0,8505.0,8958.0,10317.0,9359.0,7270.0,10215.0,8734.0,7912.0,7932.0,900,4200,,
D199540109,F-102,2024,22001.0,24523.0,23011.0,23980.0,25149.0,26009.0,22950.0,27388.0,24802.0,23298.0,22663.0,21363.0,800,11910,,
D199540110,F-103,2024,0.0,0.0,205.0,75.0,261.0,311.0,11.0,25.0,27.0,105.0,117.0,132.0,700,22800,,
D199540111,D-316,2024,21685.0,16416.0,13477.0,12644.0,13138.0,13043.0,10762.0,14039.0,13993.0,11123.0,8909.0,9383.0,700,600,,
D199540112,F-104,2024,6286.0,6054.0,5186.0,8163.0,8052.0,10063.0,9119.0,9450.0,13114.0,10790.0,8518.0,5323.0,800,13170,,
D199540113,D-313,2024,4715.0,4470.0,4356.0,5623.0,5269.0,6003.0,4643.0,5131.0,5320.0,5341.0,4326.0,4130.0,700,14850,,
D199540114,F-098,2024,937.0,844.0,837.0,1788.0,1648.0,1820.0,2674.0,2785.0,9308.0,4673.0,4149.0,1035.0,800,20910,,
D199540115,F-097,2024,0.0,0.0,0.0,54.0,21.0,3.0,37.0,3.0,5449.0,8126.0,6032.0,3.0,800,19410,,
D199540116,D-315,2024,1374.0,3968.0,1991.0,3481.0,3609.0,2403.0,3027.0,804.0,1440.0,1287.0,229.0,187.0,700,9540,,
D199540117,F-100,2024,21876.0,22314.0,20551.0,29164.0,26053.0,30445.0,25550.0,30823.0,29296.0,21746.0,19343.0,20662.0,1000,12030,,
D199540118,F-101,2024,6137.0,5958.0,4704.0,7845.0,5688.0,10476.0,5936.0,6761.0,9745.0,7211.0,5880.0,7257.0,800,7950,,
D199540119,F-099,2024,3901.0,4163.0,4546.0,7443.0,7419.0,8401.0,4342.0,10394.0,10431.0,5559.0,4590.0,7681.0,800,10410,,
D199540120,D-312,2024,1020.0,858.0,789.0,356.0,813.0,1048.0,437.0,1203.0,6012.0,8926.0,1670.0,2316.0,700,19950,,
D199540121,D-314,2024,5886.0,6954.0,5513.0,8122.0,8721.0,13567.0,12528.0,12243.0,16576.0,13121.0,10183.0,10525.0,700,4380,,
D199540122,D-310,2024,18926.0,20380.0,19635.0,22981.0,25121.0,30967.0,22254.0,27052.0,34892.0,27389.0,25218.0,23061.0,950,22620,,
D199610004,F-105,2024,18252.0,18247.2,17086.5,16693.3,11760.3,13793.0,15065.9,16538.3,14575.7,12008.4,11578.7,11100.3,800,18000,,사후관리DB(원본월별·5년이용량분석)
D199610005,F-108,2024,1372.2,1597.5,1840.9,2.8,3.1,4.4,6984.2,9845.2,9681.5,11166.8,11743.7,11417.1,700,21000,,사후관리DB(원본월별·5년이용량분석)
D199610009,F-109,2024,20.2,17.9,20.2,7.1,21.3,65.0,880.7,1865.3,43.3,44.2,46.8,47.2,500,15000,,사후관리DB(원본월별·5년이용량분석)
D199610010,F-107,2024,15705.8,17103.0,16415.6,17071.5,10978.5,18843.3,17222.2,16103.3,17870.9,14565.4,12150.3,14533.4,600,18000,,사후관리DB(원본월별·5년이용량분석)
D199610011,F-111,2024,8125.7,8003.2,7570.3,8088.3,7670.3,8052.3,5890.7,6229.5,6653.3,6181.7,6486.7,3977.0,600,15000,,사후관리DB(원본월별·5년이용량분석)
D199610020,F-110,2024,8929.1,9334.4,8837.1,10277.0,8987.5,10222.2,9533.6,10016.4,10354.9,8139.0,7988.9,7494.9,700,21000,,사후관리DB(원본월별·5년이용량분석)
D199610021,F-106,2024,2244.0,2271.4,3033.8,5466.2,5333.9,9067.8,6715.1,8102.5,7803.1,4429.7,3288.0,2916.8,700,21000,,사후관리DB(원본월별·5년이용량분석)
D199610022,F-112,2024,11409.8,11455.7,10378.6,12913.9,11995.5,13223.7,11801.6,12315.5,12798.1,11935.4,11719.1,10687.2,600,18000,,사후관리DB(원본월별·5년이용량분석)
D199620028,F-115,2024,4385.0,4681.0,4199.0,4702.0,5027.0,6760.0,7106.0,6259.0,6689.0,5723.0,5285.0,4582.0,800,5400,,
D199620033,F-113,2024,14074.0,13894.0,14340.0,14912.0,15364.0,19851.0,16354.0,18255.0,18696.0,17035.0,16927.0,25473.0,500,6000,,
D199620034,F-114,2024,11959.0,10431.0,12437.0,15315.0,15324.0,17367.0,13788.0,17330.0,18607.0,15295.0,13410.0,12486.0,600,5700,,
D199620035,D-319,2024,4367.0,3543.0,5025.0,5455.0,6567.0,10263.0,6611.0,7774.0,6714.0,4189.0,4842.0,3544.0,600,5700,,
D199620043,F-116,2024,5917.0,5527.0,5348.0,8288.0,7590.0,9165.0,8113.0,8340.0,9621.0,8175.0,7547.0,6402.0,700,12000,,
D199620044,F-118,2024,4686.0,5454.0,6392.0,12004.0,9424.0,13040.0,8121.0,7908.0,13360.0,10955.0,8069.0,4281.0,900,10000,,
D199620045,D-263-1,2024,5166.0,6131.0,8536.0,9407.0,12520.0,14115.0,9176.0,14361.0,13445.0,11181.0,7489.0,7516.0,700,4500,,
D199630016,F-136,2024,7310.1,4986.4,3061.4,3313.7,3332.7,1312.4,3.9,3.9,5.8,101.9,13.1,4042.6,800,24000,,사후관리DB(원본월별·5년이용량분석)
D199630017,F-131,2024,7299.1,6403.3,7540.1,29267.2,31097.2,41657.3,5073.7,7595.2,8851.3,16390.1,15265.9,12471.0,800,24000,,사후관리DB(원본월별·5년이용량분석)
D199630018,F-132,2024,9430.9,9938.1,8974.4,12675.5,14491.0,17627.2,11141.7,13659.3,18509.7,18254.5,15318.3,13932.6,800,24000,,사후관리DB(원본월별·5년이용량분석)
D199630019,F-137,2024,114.1,238.9,1946.8,3013.4,3988.2,9470.8,2243.7,7430.8,8623.3,3762.7,524.1,7350.1,700,21000,,사후관리DB(원본월별·5년이용량분석)
D199630020,F-133,2024,11413.1,11188.8,10804.7,12187.9,12028.1,16146.1,12612.5,15599.1,15670.4,12698.5,11725.5,11180.8,900,21000,,사후관리DB(원본월별·5년이용량분석)
D199630021,F-153,2024,10425.8,10952.1,10122.4,12700.3,12268.2,12999.1,12475.5,12452.8,13093.0,12476.6,11913.8,10885.0,800,24000,,사후관리DB(원본월별·5년이용량분석)
D199630022,F-159,2024,16855.5,17165.0,15560.5,15868.6,14774.1,16562.6,14358.7,21655.9,29236.6,32165.9,33322.1,32264.2,700,21000,,사후관리DB(원본월별·5년이용량분석)
D199630023,F-160,2024,200.6,198.7,185.6,11995.8,20909.7,19359.1,20318.8,25711.6,11634.2,176.4,178.2,176.4,800,24000,3→4차 역행,사후관리DB(원본월별·5년이용량분석)
D199630024,F-161,2024,2126.9,2172.8,2197.6,20286.3,15232.0,17124.7,8075.6,20813.4,19265.8,9169.5,15789.2,16931.6,700,21000,전년 자료 없음 — 외삽,사후관리DB(원본월별·5년이용량분석)
D199630025,F-162,2024,11112.3,12557.5,9640.0,12483.4,8170.6,14097.2,7603.0,6610.6,18561.0,13318.8,8692.1,8730.3,800,24000,,사후관리DB(원본월별·5년이용량분석)
D199630026,F-167,2024,750.0,702.3,687.4,1052.7,1441.5,4278.4,2663.5,3295.1,2921.7,782.4,592.7,477.3,700,21000,,사후관리DB(원본월별·5년이용량분석)
D199630027,F-168,2024,7237.2,4224.9,5411.5,5393.0,7042.6,12741.9,13853.4,10439.5,11998.8,7733.8,6769.4,7111.8,700,21000,,사후관리DB(원본월별·5년이용량분석)
D199630028,F-126,2024,2620.1,2811.3,3491.2,5495.3,7742.5,10780.1,7095.9,11100.5,13712.6,10811.9,5064.5,3447.5,700,21000,,사후관리DB(원본월별·5년이용량분석)
D199630058,F-128,2024,3212.9,3808.4,3827.2,7488.1,11309.6,16470.8,18.4,9.2,6.1,0,0,0,900,18000,,사후관리DB(원본월별·5년이용량분석)
D199630059,F-134,2024,16876.9,17387.4,15657.3,24430.7,22823.4,27082.5,7115.6,8016.6,9102.8,6344.3,6289.7,6376.5,800,24000,,사후관리DB(원본월별·5년이용량분석)
D199630060,F-149,2024,8419.0,8754.6,7212.9,9609.4,9714.9,12112.0,11221.6,12393.5,15601.2,12395.0,9617.4,8515.7,800,18000,,사후관리DB(원본월별·5년이용량분석)
D199630061,F-144,2024,1165.5,1645.8,1838.0,3108.6,2993.2,4193.0,1960.5,2718.6,4485.5,3265.7,1430.3,874.7,600,12000,,사후관리DB(원본월별·5년이용량분석)
D199630062,F-155,2024,16430.1,18908.7,17620.5,20311.4,18793.2,24800.4,17981.7,22008.1,25251.2,17533.5,16411.9,14257.7,600,18000,,사후관리DB(원본월별·5년이용량분석)
D199630063,F-146,2024,12731.4,13125.3,13503.6,16543.1,17833.9,21862.3,17065.7,21291.1,22155.3,17144.4,14004.9,12578.8,800,18000,,사후관리DB(원본월별·5년이용량분석)
D199630064,F-148,2024,4541.1,5911.1,6111.3,9257.6,8406.0,10156.6,7413.5,10026.9,10496.3,6948.5,6332.5,5367.6,700,13500,,사후관리DB(원본월별·5년이용량분석)
D199630065,F-152,2024,776.9,988.0,899.8,439.3,483.8,1900.1,1327.1,1791.5,1518.0,950.5,942.1,1012.2,600,18000,,사후관리DB(원본월별·5년이용량분석)
D199630066,F-165,2024,7598.3,7975.2,8210.8,11769.7,14155.2,20901.5,15244.9,17571.6,20664.0,13422.5,8844.1,5351.8,800,24000,,사후관리DB(원본월별·5년이용량분석)
D199630067,F-169,2024,106.3,106.3,966.6,1034.8,1306.3,2220.1,1957.8,2396.0,3898.6,5964.0,2717.1,2751.3,700,21000,,사후관리DB(원본월별·5년이용량분석)
D199630068,F-127,2024,4200.7,4818.3,5376.1,11278.8,9122.4,7379.1,2238.3,2987.2,4139.8,1847.5,211.4,180.4,900,18000,,사후관리DB(원본월별·5년이용량분석)
D199630083,F-129,2024,4328.4,6990.0,6622.9,9110.3,4561.1,3904.8,2343.3,3058.2,4856.7,717.3,87.0,75.8,800,24000,,사후관리DB(원본월별·5년이용량분석)
D199630084,F-150,2024,92.5,91.3,132.9,1519.1,1833.8,21071.0,13936.9,1819.1,17677.1,4536.7,2608.5,98.6,800,24000,,사후관리DB(원본월별·5년이용량분석)
D199630085,F-142,2024,2145.8,2105.1,1885.1,3655.6,5058.0,5798.6,2964.7,4657.8,5051.4,2685.0,1890.6,1710.8,800,24000,,사후관리DB(원본월별·5년이용량분석)
D199630086,F-151,2024,3310.8,3725.0,3487.9,5589.5,5988.7,10592.2,6419.1,8306.6,12185.6,5800.4,3714.9,3530.4,600,18000,,사후관리DB(원본월별·5년이용량분석)
D199630087,F-147,2024,35365.2,35297.4,32574.7,34134.7,35881.5,37596.1,35687.0,35995.0,37114.9,36333.7,36859.6,34897.6,600,12000,,사후관리DB(원본월별·5년이용량분석)
D199630088,F-141,2024,7618.0,7664.8,7190.4,10579.6,10266.5,11168.5,5539.5,6958.9,6764.4,8922.6,7553.1,6740.1,700,13500,,사후관리DB(원본월별·5년이용량분석)
D199630089,F-157,2024,20924.5,21180.2,19488.8,21404.1,20746.5,21475.0,20781.2,21458.2,21444.7,20868.6,21530.1,20762.5,800,24000,,사후관리DB(원본월별·5년이용량분석)
D199630090,F-122,2024,2130.6,2605.5,2982.8,3917.9,4084.7,6845.7,3994.4,4154.9,4229.5,2893.7,1835.7,2034.3,800,24000,,사후관리DB(원본월별·5년이용량분석)
D199630091,F-120,2024,3749.5,3439.3,3417.8,3905.9,3905.9,11973.1,2016.2,2017.3,2797.8,5984.4,4366.7,5033.4,1100,33000,,사후관리DB(원본월별·5년이용량분석)
D199630092,F-119,2024,396.9,759.7,763.5,722.2,826.6,1671.4,756.6,1377.5,1775.9,4761.1,896.6,480.4,700,21000,,사후관리DB(원본월별·5년이용량분석)
D199630093,F-123,2024,6543.9,7320.5,9202.5,12043.2,11965.0,14942.8,12182.1,17556.2,16722.8,10259.3,8935.8,7731.8,1000,21000,,사후관리DB(원본월별·5년이용량분석)
D199630094,F-124,2024,4316.3,5825.9,6385.9,12546.9,10053.7,15203.6,8519.8,13980.7,19644.4,18494.9,9273.5,5269.4,800,24000,,사후관리DB(원본월별·5년이용량분석)
D199630095,F-121,2024,629.4,860.3,1134.7,2204.0,2335.0,3109.5,1543.5,3077.9,5334.5,3875.9,2155.5,1990.7,1100,33000,전년 자료 없음 — 외삽,사후관리DB(원본월별·5년이용량분석)
D199630132,F-130,2024,923.5,957.3,962.6,1380.1,1919.4,2362.6,1271.8,2536.9,4206.7,2319.7,1120.8,814.7,700,21000,2→3차 역행,사후관리DB(원본월별·5년이용량분석)
D199630133,F-139,2024,4682.8,11600.4,6314.6,7616.8,11495.2,12573.3,12526.6,12661.1,14614.1,16299.0,15382.3,14671.6,700,13500,,사후관리DB(원본월별·5년이용량분석)
D199630134,F-140,2024,18742.5,19886.8,18926.3,22715.2,22727.1,21519.0,8947.3,13316.8,17121.7,16722.8,13166.2,12456.4,600,12000,,사후관리DB(원본월별·5년이용량분석)
D199630135,F-138,2024,6801.7,6979.7,6676.0,4701.8,2219.4,491.6,333.4,1903.6,4524.4,2782.4,155.4,358.5,700,13500,,사후관리DB(원본월별·5년이용량분석)
D199630136,F-156,2024,4987.3,5931.2,5316.8,6356.4,2350.4,5646.0,2708.6,17683.0,14027.7,15939.2,16492.5,15938.0,1000,30000,,사후관리DB(원본월별·5년이용량분석)
D199630137,F-166,2024,6537.9,6527.0,6221.3,6819.8,6569.1,7718.7,6863.7,7350.6,6824.6,5449.4,5418.2,5058.3,800,24000,,사후관리DB(원본월별·5년이용량분석)
D199630138,F-164,2024,1523.7,1652.8,1513.0,2892.5,3270.1,4820.8,3987.3,4750.1,4564.8,2599.4,1802.1,1268.1,1000,30000,,사후관리DB(원본월별·5년이용량분석)
D199630139,F-125,2024,1688.9,1987.5,2353.6,1696.2,2158.2,2793.7,2185.5,3716.4,4029.9,3880.2,2463.1,956.3,700,21000,,사후관리DB(원본월별·5년이용량분석)
D199630148,F-158,2024,5104.2,5576.0,4530.1,2233.2,3411.6,3749.9,1663.3,9391.4,16567.9,3349.5,1140.3,1067.5,850,21000,,사후관리DB(원본월별·5년이용량분석)
D199630149,F-135,2024,5.1,4.8,4.5,8.8,9.1,9.1,509.4,1418.5,3558.7,5401.3,2797.3,203.0,600,18000,,사후관리DB(원본월별·5년이용량분석)
D199630150,F-143,2024,2957.7,2726.2,2543.3,2787.8,3046.3,3594.6,2527.4,3860.8,7061.7,9285.6,2277.2,2053.2,800,18000,,사후관리DB(원본월별·5년이용량분석)
D199630151,F-163,2024,0,0,0,0,0,0,0,0,0,3207.7,4988.5,1190.9,700,21000,,사후관리DB(원본월별·5년이용량분석)
D199640096,F-196,2024,765.0,654.0,1401.0,2395.0,2673.0,5138.0,3358.0,3376.0,6597.0,8848.0,7930.0,2440.0,600,9000,,
D199640098,F-182,2024,21021.0,17556.0,14863.0,21318.0,17102.0,23807.0,18832.0,17460.0,5869.0,12918.0,13416.0,18300.0,600,9000,,
D199640099,F-185,2024,6562.0,10697.0,7750.0,11832.0,9812.0,13323.0,10111.0,8097.0,8246.0,7665.0,6799.0,6186.0,800,15000,,
D199640100,F-172,2024,4081.0,4089.0,5087.0,5415.0,6555.0,6368.0,4220.0,7182.0,2911.0,3306.0,40.0,40.0,800,15000,,
D199640149,F-186,2024,13861.0,15347.0,12937.0,20143.0,19295.0,20940.0,399.0,1763.0,3023.0,1815.0,254.0,13188.0,700,8190,,
D199640150,F-184,2024,31649.0,31591.0,29607.0,31561.0,30620.0,30900.0,28152.0,27124.0,27626.0,21005.0,25624.0,18463.0,800,8250,,
D199640151,F-199,2024,2307.0,2158.0,2868.0,3263.0,3667.0,4298.0,3172.0,6193.0,5169.0,2821.0,2747.0,2983.0,600,17100,,
D199640152,F-183,2024,13936.0,17686.0,20701.0,28130.0,23625.0,29056.0,20616.0,28045.0,27030.0,15939.0,13879.0,13951.0,600,9630,,
D199640183,D-327,2024,4237.0,5047.0,4056.0,7458.0,6526.0,13278.0,7711.0,10741.0,13219.0,8050.0,5319.0,2543.0,700,21000,,
D199640225,F-202,2024,8860.0,9891.0,13989.0,16214.0,20405.0,22142.0,12223.0,26633.0,23901.0,15957.0,12331.0,13472.0,700,21000,,
D199640226,F-203,2024,1800.0,4134.0,6137.0,5449.0,7389.0,7037.0,4111.0,8574.0,7005.0,5345.0,4670.0,3059.0,600,9000,,
D199640227,F-190,2024,318.0,109.0,79.0,416.0,477.0,2261.0,1200.0,3118.0,6111.0,5643.0,3595.0,57.0,900,25560,,
D199640228,F-189,2024,8774.0,11031.0,10950.0,12378.0,9657.0,11125.0,8370.0,11474.0,17276.0,20580.0,12768.0,7818.0,800,22800,,
D199710012,F-217,2024,12714.5,12477.2,12620.6,12641.3,13200.9,16005.1,15775.9,16418.5,15692.9,13242.9,13203.5,12764.4,600,18000,,사후관리DB(원본월별·5년이용량분석)
D199710013,F-218,2024,13037.0,13237.3,12222.0,13495.6,13518.7,13883.0,12308.6,12831.6,13247.1,12894.6,13541.8,12719.7,600,18000,,사후관리DB(원본월별·5년이용량분석)
D199710016,F-216,2024,15518.1,16427.1,15715.9,17842.0,17365.8,20503.3,17186.3,23852.2,21494.6,15094.8,15436.0,16315.6,700,21000,,사후관리DB(원본월별·5년이용량분석)
D199710017,F-214,2024,9006.3,9176.2,8896.2,9745.0,10434.8,12476.4,9791.2,11134.7,16418.4,10436.8,9128.3,10048.9,600,18000,,사후관리DB(원본월별·5년이용량분석)
D199710018,F-215,2024,4650.8,5024.0,4612.6,4393.0,4833.2,6391.5,5655.8,6351.5,7234.9,5861.1,4855.7,4151.6,800,24000,,사후관리DB(원본월별·5년이용량분석)
D199710019,F-204,2024,7650.6,7926.1,5629.0,12818.6,14904.4,24022.5,12160.6,11379.2,9039.5,4806.0,2786.4,3206.3,600,18000,,사후관리DB(원본월별·5년이용량분석)
D199710025,F-220,2024,13985.6,13025.0,12899.5,14208.5,14967.4,17103.8,13186.0,14742.2,20892.8,13855.3,13260.5,12613.6,700,21000,,사후관리DB(원본월별·5년이용량분석)
D199710026,F-219,2024,9877.2,9989.8,9824.8,10823.9,10724.4,11652.4,11106.1,11779.7,12284.2,10958.0,10915.7,10068.9,800,24000,,사후관리DB(원본월별·5년이용량분석)
D199720002,D-320,2024,15378.0,17616.0,15569.0,19609.0,19340.0,21299.0,17707.0,18034.0,20350.0,18557.0,17599.0,14505.0,600,5700,,
D199720003,F-117,2024,2090.0,2493.0,2965.0,7411.0,7560.0,10642.0,4491.0,7577.0,7298.0,4640.0,3842.0,2955.0,600,5700,,
D199720017,F-226,2024,9212.0,7976.0,10903.0,12584.0,13300.0,17583.0,11898.0,15138.0,12638.0,9637.0,4133.0,3970.0,600,5700,,
D199720018,F-222,2024,2540.0,2887.0,2375.0,4842.0,3211.0,5163.0,3945.0,4715.0,6657.0,7419.0,4075.0,3360.0,600,8500,,
D199720019,F-224,2024,4672.0,10617.0,12466.0,15331.0,16752.0,20932.0,15384.0,21215.0,21515.0,19216.0,17186.0,11025.0,950,10000,,
D199720020,F-223,2024,4524.0,8953.0,10139.0,9473.0,10377.0,13034.0,8613.0,20138.0,16323.0,10764.0,9339.0,5922.0,750,5700,,
D199720021,F-225,2024,4652.0,6018.0,6718.0,10515.0,9694.0,15744.0,8586.0,15351.0,12750.0,9288.0,7282.0,4048.0,600,5700,,
D199720024,F-221,2024,3211.0,2965.0,5185.0,4451.0,5339.0,7899.0,3409.0,8395.0,6783.0,5017.0,3432.0,3804.0,800,6600,,
D199720026,F-231,2024,6618.0,5680.0,4527.0,6405.0,7406.0,11189.0,5698.0,9967.0,9633.0,6818.0,5340.0,4566.0,550,5700,,
D199720027,F-230,2024,7998.0,7037.0,13015.0,14047.0,15347.0,15658.0,10647.0,17415.0,15028.0,10160.0,7661.0,6199.0,600,5700,,
D199720028,F-227,2024,4864.0,7304.0,9058.0,12426.0,13393.0,11936.0,8790.0,14092.0,14061.0,11313.0,10402.0,6346.0,700,6000,,
D199720029,F-229,2024,3068.0,3167.0,6074.0,6716.0,7714.0,7080.0,4027.0,10418.0,7771.0,6407.0,4320.0,6374.0,600,5700,,
D199720030,F-228,2024,15552.0,18271.0,23321.0,30544.0,27261.0,32002.0,27572.0,31770.0,32428.0,30067.0,23960.0,23198.0,850,5700,,
D199730036,F-207,2024,0.6,0.8,0.6,0,0,0,1.6,1.6,1.4,1.8,2.0,1.4,700,21000,,사후관리DB(원본월별·5년이용량분석)
D199730037,F-208,2024,5470.4,5771.2,5720.3,6645.3,6208.5,7388.7,6128.6,7176.3,8144.1,8555.0,7311.2,6636.6,800,24000,,사후관리DB(원본월별·5년이용량분석)
D199730038,F-212,2024,10496.8,12179.8,12353.5,14720.7,7554.4,11416.2,7987.3,9961.7,16319.9,12314.1,6735.6,6502.2,800,24000,,사후관리DB(원본월별·5년이용량분석)
D199730039,F-145,2024,5044.8,2812.8,2929.2,5433.6,3666.4,7244.8,1913.5,4378.6,6038.8,2668.1,1004.7,402.1,600,18000,,사후관리DB(원본월별·5년이용량분석)
D199730040,F-154,2024,3122.8,4258.0,3379.4,4363.0,4003.4,5259.2,4102.4,5542.5,6935.5,6807.1,4123.2,2687.0,800,12000,,사후관리DB(원본월별·5년이용량분석)
D199730052,F-206,2024,38124.4,38042.3,34914.3,37769.4,37213.7,38693.5,35707.4,37508.3,37945.9,39417.5,40666.8,39239.9,900,24000,,사후관리DB(원본월별·5년이용량분석)
D199730053,F-209,2024,4786.5,5662.8,5262.8,5987.3,6254.2,9364.4,4866.0,6914.6,6914.6,5700.2,4443.4,4619.7,800,24000,,사후관리DB(원본월별·5년이용량분석)
D199730054,F-213,2024,9029.3,9905.2,10129.4,12596.3,18463.5,19065.9,19354.9,20067.3,10645.1,19391.1,200.7,13899.7,1000,30000,,사후관리DB(원본월별·5년이용량분석)
D199730055,F-211,2024,6091.1,6878.6,7290.2,9568.7,11118.1,18684.6,14907.5,16105.9,18919.2,16619.2,16559.6,16104.8,600,18000,,사후관리DB(원본월별·5년이용량분석)
D199730056,F-205,2024,3091.8,2627.5,2707.6,3771.9,6878.0,9214.6,2887.5,8220.7,8079.6,10541.5,6244.8,4978.5,1000,24000,,사후관리DB(원본월별·5년이용량분석)
D199730057,F-241,2024,24.3,8056.1,25185.9,17361.4,16986.0,22482.6,16023.4,19623.0,27033.8,14730.6,90.2,1659.4,600,24000,,사후관리DB(원본월별·5년이용량분석)
D199730059,F-210,2024,0,0,0,0,0,0,0,642.1,928.0,28.0,849.4,3658.9,800,24000,,사후관리DB(원본월별·5년이용량분석)
D199730061,F-263,2024,16066.4,15922.1,15725.2,24011.1,24903.0,27238.7,17961.2,19724.1,25219.5,19666.2,15552.5,14791.7,800,24000,,사후관리DB(원본월별·5년이용량분석)
D199730063,F-235,2024,13006.4,12421.1,11386.7,12499.9,13803.1,15413.1,13009.4,17413.0,16104.7,15338.9,11338.8,12380.7,800,12000,,사후관리DB(원본월별·5년이용량분석)
D199730073,F-257,2024,4718.1,5056.2,13430.1,6511.0,7761.9,10497.1,11877.7,11754.2,10059.8,9305.2,8111.3,6390.0,700,21000,,사후관리DB(원본월별·5년이용량분석)
D199730074,F-239,2024,26316.9,17306.0,11159.3,16059.8,15081.6,17931.7,12341.0,16188.0,19078.8,16110.9,13428.0,12387.1,700,21000,오타 자동보정 (옵션A); 2→3차 역행,사후관리DB(원본월별·5년이용량분석)
D199730079,F-252,2024,3325.6,3599.8,3477.5,4347.4,4690.8,5493.5,4334.8,4998.8,7368.1,5824.4,3932.6,3623.1,800,24000,,사후관리DB(원본월별·5년이용량분석)
D199730080,F-251,2024,1297.1,1754.9,2232.2,6744.3,7673.4,15116.8,6288.7,11119.1,13370.9,7859.4,1734.5,679.9,1000,24000,,사후관리DB(원본월별·5년이용량분석)
D199730081,F-259,2024,2401.3,2356.4,2213.6,2561.6,2717.6,4181.6,2301.7,3138.9,2847.2,2175.4,2070.5,1712.5,700,30000,,사후관리DB(원본월별·5년이용량분석)
D199730082,F-258,2024,11034.3,7091.4,5447.1,7984.8,8031.6,13817.8,7038.4,13271.8,8939.0,8206.8,7158.0,7216.2,600,24000,,사후관리DB(원본월별·5년이용량분석)
D199730083,F-248,2024,5820.3,6610.3,4756.5,15334.3,9200.6,13171.7,9643.2,13107.2,7426.4,9153.6,10432.5,11571.1,700,24000,,사후관리DB(원본월별·5년이용량분석)
D199730084,F-253,2024,2140.9,2180.2,2251.1,3553.2,4166.4,5108.2,2871.3,13383.7,3077.4,3298.9,3253.4,3249.4,800,21000,,사후관리DB(원본월별·5년이용량분석)
D199730085,F-256,2024,32238.6,33243.5,34385.1,38226.5,36686.0,39553.4,38517.2,39949.3,39131.5,40473.6,40000.9,38239.2,1200,36000,,사후관리DB(원본월별·5년이용량분석)
D199730087,F-261,2024,15434.8,16099.8,16280.2,20855.1,19395.7,22551.6,16529.6,22582.7,25110.4,19773.8,17790.7,14461.1,1200,36000,,사후관리DB(원본월별·5년이용량분석)
D199730088,F-254,2024,6206.1,6590.2,6376.2,8761.9,11328.6,14686.2,8570.8,10942.6,12495.8,11653.6,7761.1,6750.3,800,24000,,사후관리DB(원본월별·5년이용량분석)
D199730089,F-255,2024,13460.3,13263.9,12342.5,14311.6,13713.9,17239.4,13593.6,14453.0,16130.8,14204.0,14419.5,13918.4,700,24000,,사후관리DB(원본월별·5년이용량분석)
D199730090,F-242,2024,14021.1,14099.9,13707.5,15066.8,14178.3,19270.0,17282.3,19408.3,18264.9,13722.9,11682.1,10985.2,800,33000,,사후관리DB(원본월별·5년이용량분석)
D199730091,F-245,2024,2385.6,417.4,488.5,433.3,606.9,771.4,689.1,851.7,404.7,7.0,90.0,356.4,900,27000,,사후관리DB(원본월별·5년이용량분석)
D199730092,F-244,2024,6261.8,12537.8,12114.3,14058.2,14337.9,16187.1,13584.2,17363.2,20034.1,15689.2,14152.8,13635.2,800,27000,,사후관리DB(원본월별·5년이용량분석)
D199730093,F-243,2024,3352.4,3563.0,4075.4,6278.6,6337.8,9999.3,5938.7,6897.2,8168.4,6833.9,4928.4,4409.0,800,24000,,사후관리DB(원본월별·5년이용량분석)
D199730094,F-246,2024,17719.8,16727.6,18670.3,20011.4,21629.1,19181.8,19429.2,22881.9,22940.4,20255.2,20246.0,16009.8,800,24000,,사후관리DB(원본월별·5년이용량분석)
D199730098,F-234,2024,9200.2,8358.2,8805.8,9768.6,11912.4,20680.1,7915.1,25544.5,15490.6,18029.6,10260.7,8571.5,800,12000,,사후관리DB(원본월별·5년이용량분석)
D199730099,F-232,2024,6598.0,5386.3,7300.3,6581.4,8532.4,11907.6,7287.6,14433.9,11978.2,9434.2,3983.8,4389.3,800,12000,,사후관리DB(원본월별·5년이용량분석)
D199730100,F-233,2024,2780.7,2264.1,2688.3,4460.7,5662.6,5605.1,2151.1,5468.8,11589.9,5412.3,2003.5,3324.5,600,9000,,사후관리DB(원본월별·5년이용량분석)
D199730101,F-236,2024,1396.7,1484.0,1577.4,2863.5,7281.6,6441.3,4309.2,5319.7,6225.8,4569.3,1797.6,2676.7,800,12000,,사후관리DB(원본월별·5년이용량분석)
D199730102,F-238,2024,28.9,30.0,26.9,70.3,16.0,11.3,0.4,0.4,0.4,0.5,0.6,0.5,800,12000,,사후관리DB(원본월별·5년이용량분석)
D199730103,F-237,2024,5964.7,6072.3,8012.5,11347.1,9894.9,11130.1,7996.7,23817.4,12828.7,14844.4,8446.3,7783.0,800,12000,전년 자료 없음 — 외삽,사후관리DB(원본월별·5년이용량분석)
D199730105,F-250,2024,2718.0,2569.7,2518.0,9892.1,12752.4,15730.5,5403.2,7580.8,11822.3,5784.0,3963.2,3445.0,700,27000,,사후관리DB(원본월별·5년이용량분석)
D199730107,F-240,2024,18079.4,18473.6,17456.0,19418.2,20176.4,17590.5,0,8.0,0,0,93.9,21.2,1050,24000,,사후관리DB(원본월별·5년이용량분석)
D199730108,F-247,2024,81.2,2478.3,1934.4,1.8,1.8,1.8,0.5,0.7,0.5,564.3,60.5,62.3,700,21000,,사후관리DB(원본월별·5년이용량분석)
D199730109,F-266,2024,5779.6,5365.1,3589.0,6853.1,8643.9,14501.0,10878.3,13958.9,16352.9,9270.9,6719.2,6560.9,700,21000,,사후관리DB(원본월별·5년이용량분석)
D199730132,F-262,2024,3326.7,2542.5,2126.2,3774.6,10809.8,15528.6,6762.3,14245.9,17645.8,10360.9,4231.3,3564.2,800,24000,,사후관리DB(원본월별·5년이용량분석)
D199730133,F-260,2024,18768.0,20824.8,19523.2,23950.5,23579.2,26133.1,22134.1,25375.7,25568.9,24337.4,24000.1,23196.8,800,24000,,사후관리DB(원본월별·5년이용량분석)
D199730134,R-001,2024,9672.2,11074.2,11586.6,12335.1,11723.2,13182.1,11931.7,15892.0,15086.4,12441.3,11339.6,10405.9,800,24000,,사후관리DB(원본월별·5년이용량분석)
D199740086,F-289,2024,2012.0,2484.0,1618.0,1504.0,1429.0,2410.0,1697.0,1290.0,5093.0,8306.0,6329.0,1662.0,1200,19950,,
D199740087,F-277,2024,2036.0,2833.0,3610.0,3800.0,2690.0,3683.0,2601.0,3398.0,4268.0,2571.0,1794.0,1835.0,700,11250,,
D199740088,F-281,2024,4788.0,5807.0,5989.0,11784.0,9821.0,18262.0,10911.0,19370.0,19297.0,10997.0,6363.0,7480.0,600,10950,,
D199740089,F-276,2024,9414.0,11160.0,11472.0,16051.0,14471.0,23312.0,16508.0,19513.0,20686.0,14643.0,14253.0,13239.0,600,11670,,
D199740090,F-287,2024,6022.0,6603.0,9318.0,14290.0,11605.0,17182.0,12895.0,12502.0,20006.0,16336.0,12075.0,6390.0,600,14610,,
D199740091,F-278,2024,13919.0,16384.0,16186.0,22685.0,17361.0,25296.0,20242.0,26274.0,27184.0,23312.0,21264.0,21519.0,1000,11190,,
D199740092,F-280,2024,9768.0,13587.0,13927.0,15150.0,12070.0,16673.0,11334.0,18227.0,16117.0,12661.0,9644.0,9932.0,800,8730,,
D199740093,F-279,2024,11216.0,13673.0,13192.0,18335.0,14183.0,19367.0,13532.0,16474.0,20798.0,14602.0,11756.0,10572.0,600,11670,,
D199740094,F-290,2024,2022.0,2268.0,3374.0,8208.0,7159.0,10071.0,7816.0,7418.0,12034.0,10570.0,7762.0,4633.0,600,13890,,
D199740095,F-293,2024,1253.0,2891.0,2230.0,2559.0,4130.0,3832.0,1352.0,1647.0,2137.0,484.0,1509.0,2213.0,700,17070,,
D199740096,F-288,2024,757.0,1089.0,914.0,1685.0,2052.0,2208.0,1720.0,1462.0,5375.0,5979.0,5755.0,1372.0,800,22800,,
D199740103,F-269,2024,10211.0,12074.0,10678.0,19853.0,17171.0,26105.0,20583.0,21877.0,22394.0,17009.0,11439.0,12487.0,800,12000,,
D199740122,F-272,2024,9540.0,9966.0,11821.0,9527.0,10296.0,14544.0,11379.0,15749.0,4357.0,12616.0,9773.0,11604.0,750,22800,,
D199740125,F-291,2024,7323.0,7189.0,10161.0,14375.0,6621.0,9070.0,6297.0,5836.0,12248.0,13488.0,11678.0,5400.0,800,13770,,
D199740127,F-294,2024,961.0,813.0,777.0,1456.0,1536.0,3171.0,1001.0,935.0,1429.0,3352.0,2007.0,797.0,600,17100,,
D199740128,F-295,2024,3082.0,2763.0,3682.0,4950.0,6119.0,5722.0,4342.0,4392.0,10030.0,8875.0,5900.0,2418.0,700,12150,,
D199740129,F-273,2024,1043.0,1299.0,1047.0,2630.0,2253.0,1634.0,1570.0,1819.0,1966.0,1848.0,2043.0,2085.0,900,19440,,
D199740130,F-275,2024,55.0,58.0,89.0,48.0,33.0,33.0,6.0,6.0,8.0,245.0,61.0,209.0,600,13380,,
D199740131,F-274,2024,13471.0,14357.0,15092.0,16698.0,16724.0,17407.0,14006.0,21261.0,21182.0,15461.0,15787.0,14873.0,600,10500,,
D199740143,F-348,2024,9001.0,10046.0,8781.0,12938.0,10729.0,14861.0,10511.0,12846.0,16277.0,11766.0,9103.0,6984.0,1000,15000,,
D199740144,F-284,2024,8612.0,8752.0,6643.0,10291.0,8449.0,12724.0,8344.0,10154.0,12052.0,7567.0,6055.0,5659.0,600,13110,,
D199740145,F-283,2024,4225.0,5457.0,4742.0,7703.0,6967.0,8600.0,4144.0,6170.0,7241.0,1726.0,273.0,632.0,700,10410,,
D199740146,F-282,2024,6677.0,8510.0,8360.0,14108.0,12285.0,20123.0,12913.0,17874.0,19680.0,13724.0,19263.0,20052.0,700,11610,,
D199740147,F-285,2024,9823.0,11552.0,9392.0,19797.0,17417.0,24257.0,15271.0,19294.0,24389.0,14644.0,11895.0,11688.0,700,11010,,
D199740148,F-286,2024,8109.0,3773.0,1856.0,3500.0,4726.0,4176.0,1089.0,2055.0,1784.0,950.0,6020.0,8593.0,700,10170,,
D199740161,F-297,2024,6454.0,7257.0,8500.0,9340.0,10696.0,11164.0,7239.0,11297.0,9210.0,7164.0,7079.0,7237.0,700,12270,,
D199740162,F-339,2024,7742.0,9363.0,9751.0,17524.0,15840.0,20313.0,16350.0,18115.0,18620.0,15187.0,11816.0,9505.0,800,13500,,
D199740163,F-271,2024,19697.0,19750.0,18481.0,19313.0,9241.0,15924.0,11397.0,7600.0,18058.0,17849.0,20998.0,18570.0,1000,16230,,
D199740190,F-292,2024,1688.0,1688.0,1595.0,5131.0,6190.0,8001.0,6953.0,8147.0,11878.0,12911.0,4438.0,3260.0,800,21270,,
D199740205,F-198,2024,1047.0,966.0,1151.0,1422.0,2406.0,3049.0,1038.0,1197.0,3831.0,5269.0,2270.0,1521.0,800,22800,,
D199740206,F-197,2024,508.0,770.0,2056.0,2777.0,3893.0,3617.0,27.0,5559.0,8884.0,8970.0,1670.0,2526.0,800,22800,,
D199740207,F-195,2024,3308.0,4127.0,2372.0,4848.0,4309.0,5733.0,3948.0,3766.0,11128.0,12639.0,10758.0,3851.0,700,20550,,
D199740208,F-192,2024,3656.0,4250.0,3487.0,5396.0,3283.0,2315.0,1230.0,1235.0,3336.0,7462.0,5907.0,2568.0,700,19080,,
D199740209,F-191,2024,11039.0,11517.0,11732.0,15456.0,13286.0,18423.0,14192.0,15818.0,18191.0,18342.0,14865.0,12176.0,900,19080,,
D199740210,F-194,2024,28324.0,29254.0,27970.0,31265.0,30830.0,31694.0,28758.0,29800.0,31775.0,30752.0,31128.0,28806.0,700,15750,,
D199740211,F-181,2024,28915.0,13909.0,14379.0,16712.0,13950.0,17391.0,14852.0,9648.0,9822.0,12202.0,13843.0,13852.0,800,9990,,
D199740212,F-180,2024,14185.0,15672.0,15347.0,25174.0,21157.0,29577.0,21516.0,22236.0,24178.0,17358.0,15228.0,13398.0,600,8010,,
D199740213,F-187,2024,14619.0,13530.0,30858.0,32469.0,32671.0,34515.0,33949.0,34997.0,35034.0,33655.0,34135.0,29852.0,600,10110,,
D199740214,F-188,2024,19194.0,19973.0,21598.0,33464.0,28906.0,39180.0,27897.0,35729.0,38337.0,24406.0,17965.0,16127.0,700,10050,,
D199740215,F-175,2024,28506.0,28552.0,26667.0,27546.0,26809.0,27757.0,26274.0,27061.0,27000.0,11273.0,0.0,70.0,600,15510,,
D199740216,F-170,2024,15761.0,19005.0,19409.0,29000.0,30084.0,32142.0,30382.0,33570.0,35206.0,32905.0,32615.0,32406.0,700,6810,,
D199740217,F-171,2024,506.0,652.0,853.0,993.0,2372.0,1710.0,1008.0,2876.0,2213.0,1134.0,642.0,586.0,800,10260,,
D199740218,F-173,2024,3422.0,4204.0,5372.0,6407.0,9375.0,10874.0,6635.0,10800.0,11435.0,7056.0,4902.0,3786.0,600,13620,,
D199740219,F-174,2024,14792.0,13847.0,15056.0,16523.0,19816.0,22741.0,16623.0,26595.0,25801.0,17663.0,15541.0,13923.0,700,13680,,
D199740220,F-179,2024,10096.0,17176.0,11022.0,21489.0,19703.0,24199.0,20967.0,22562.0,26622.0,23214.0,16493.0,13039.0,800,10890,,
D199740221,F-176,2024,1000.0,1145.0,1083.0,1435.0,1653.0,2174.0,1817.0,2058.0,2155.0,1759.0,1427.0,690.0,700,8967,,
D199740222,F-177,2024,13967.0,14582.0,13960.0,14483.0,11849.0,14275.0,11917.0,6570.0,10762.0,9737.0,10955.0,11158.0,600,11730,,
D199740223,F-201,2024,2850.0,3136.0,3732.0,3644.0,4438.0,5196.0,3191.0,5322.0,4639.0,3742.0,2575.0,2470.0,600,12600,,
D199740224,F-200,2024,2341.0,2669.0,2950.0,2675.0,3064.0,3508.0,4406.0,5988.0,5278.0,5151.0,4722.0,4010.0,600,9000,,
D199810008,F-300,2024,22088.4,19994.1,21396.7,21502.0,22068.6,20965.5,20492.5,22547.1,23104.6,22775.5,8655.9,7642.3,1000,32580,,사후관리DB(원본월별·5년이용량분석)
D199810009,F-299,2024,1569.2,1575.1,1488.8,1369.8,1474.0,1646.7,1156.7,1400.7,1396.1,897.5,907.3,885.1,700,21000,,사후관리DB(원본월별·5년이용량분석)
D199810010,F-301,2024,5769.5,7118.4,5620.3,6652.3,7527.8,9850.9,8142.3,10426.9,9722.5,8467.7,8194.7,7658.7,700,24000,,사후관리DB(원본월별·5년이용량분석)
D199810022,F-302,2024,15572.8,14763.2,16075.4,15823.1,18290.2,16721.7,17244.8,17518.1,15941.6,12695.4,13053.1,13600.5,600,25140,,사후관리DB(원본월별·5년이용량분석)
D199820003,F-306,2024,12042.0,9233.0,8133.0,11336.0,10991.0,13605.0,11776.0,11697.0,14716.0,13543.0,12192.0,11417.0,550,5700,,
D199820010,F-303,2024,8423.0,8369.0,7722.0,8148.0,8070.0,8372.0,10646.0,11065.0,11050.0,9766.0,9722.0,9241.0,700,6000,,
D199820011,F-305,2024,4108.0,3696.0,4229.0,5365.0,4953.0,5963.0,6077.0,5651.0,8448.0,8667.0,7463.0,6446.0,500,13000,,
D199820012,F-304,2024,11623.0,12313.0,11770.0,14306.0,14907.0,16154.0,14594.0,14279.0,18475.0,15180.0,12411.0,10467.0,500,15000,,
D199820019,F-308,2024,4442.0,4889.0,4294.0,4764.0,4934.0,4493.0,5042.0,4487.0,5879.0,5380.0,5600.0,4424.0,600,10000,,
D199820025,F-307,2024,5520.0,6966.0,6991.0,11720.0,10495.0,11764.0,10418.0,8123.0,13211.0,9523.0,6753.0,5747.0,800,10000,,
D199830009,S-004,2024,7485.7,7313.5,8993.2,17294.3,21512.8,16960.4,27647.7,42485.9,38036.7,28158.8,25379.7,30185.9,1300,42000,,사후관리DB(원본월별·5년이용량분석)
D199830010,S-005,2024,14342.0,15162.5,12187.7,16511.7,19877.5,24687.1,19868.5,26215.8,26835.7,21212.8,13389.7,11597.5,1050,45000,,사후관리DB(원본월별·5년이용량분석)
D199830011,S-006,2024,7348.4,7777.6,8432.5,10916.3,12411.8,16968.2,15657.5,16107.8,21486.1,12111.9,10562.9,12524.3,800,15000,,사후관리DB(원본월별·5년이용량분석)
D199830012,S-003,2024,3896.0,2576.9,4212.0,4080.1,4729.5,4953.1,2055.3,7201.4,5336.3,3461.4,1865.7,2061.3,1000,30000,,사후관리DB(원본월별·5년이용량분석)
D199830013,S-002,2024,4900.8,4266.3,5525.3,7568.5,10046.4,11889.8,6969.7,12517.7,12653.4,10994.5,6715.6,6017.2,1050,12000,,사후관리DB(원본월별·5년이용량분석)
D199830020,F-328,2024,24771.2,20379.7,19595.5,24336.1,26233.9,27020.1,21571.4,25083.8,24701.9,23027.3,28555.2,27652.6,850,29880,,사후관리DB(원본월별·5년이용량분석)
D199830028,F-312,2024,0,0,0,0,0,0,0,0,819,3469.9,3088.8,7.1,1500,45000,,사후관리DB(원본월별·5년이용량분석)
D199830029,F-313,2024,13752.7,12896.4,9922.4,9020.7,16352.3,15870.7,10015.4,751.2,18085.2,13263.2,5216.0,5612.7,1400,42000,,사후관리DB(원본월별·5년이용량분석)
D199830030,F-314,2024,19.6,2230.5,1142.2,9.0,21.3,24.6,29.2,49.8,48.1,149.4,14.3,59.4,800,30000,,사후관리DB(원본월별·5년이용량분석)
D199830031,F-315,2024,12729.0,11053.6,14198.6,15967.0,17179.6,15128.1,18333.6,20844.6,19043.8,16066.8,13554.5,13532.4,1200,36000,,사후관리DB(원본월별·5년이용량분석)
D199830032,F-316,2024,2251.2,2129.8,2976.5,3239.6,5475.3,7562.1,5556.8,6179.1,8271.0,7563.9,1604.8,4461.5,1000,30000,,사후관리DB(원본월별·5년이용량분석)
D199830033,F-317,2024,7158.9,8108.9,15472.9,16868.7,23293.5,17589.5,19641.5,21477.8,16568.9,13182.9,8743.1,8449.0,1050,36000,,사후관리DB(원본월별·5년이용량분석)
D199830035,F-318,2024,21083.7,21575.0,21851.8,24399.2,26543.2,29419.0,27281.5,29133.0,31519.9,29251.5,27949.7,26618.4,900,39000,,사후관리DB(원본월별·5년이용량분석)
D199830036,F-319,2024,3122.0,3144.0,3958.1,7603.3,9399.3,11536.6,5414.2,11994.1,12241.8,7756.6,4371.9,2844.8,850,39000,,사후관리DB(원본월별·5년이용량분석)
D199830037,F-369,2024,13394.3,13294.0,13138.2,27717.9,33357.6,29266.4,20481.0,16876.0,17051.7,30827.7,13954.0,12716.6,700,27000,,사후관리DB(원본월별·5년이용량분석)
D199830038,F-320,2024,31486.4,31795.4,30514.9,33679.0,33056.0,36425.0,36062.0,39287.3,39586.2,29014.8,28879.8,26481.9,1200,36000,,사후관리DB(원본월별·5년이용량분석)
D199830042,F-322,2024,7747.6,8253.3,9226.0,10873.1,9026.8,15072.9,9110.0,19852.1,14980.5,9248.0,7196.0,7643.7,1400,42000,,사후관리DB(원본월별·5년이용량분석)
D199830043,F-323,2024,2538.0,2551.6,2441.1,3708.8,3273.8,6294.5,2539.2,5846.7,5937.4,3141.7,2318.1,2275.4,800,36000,,사후관리DB(원본월별·5년이용량분석)
D199830044,F-370,2024,4478.7,5058.0,4801.9,5706.7,6501.6,9820.5,6544.2,10644.4,11701.8,8136.7,5332.4,5525.9,700,27000,,사후관리DB(원본월별·5년이용량분석)
D199830045,F-324,2024,8098.2,8057.1,8151.3,12234.1,12410.4,17747.7,9278.8,14984.6,17053.4,12354.3,10230.9,10953.7,1200,36000,,사후관리DB(원본월별·5년이용량분석)
D199830055,F-326,2024,2108.8,1938.7,1743.9,2826.4,3008.4,5659.8,3722.3,6261.2,7577.8,3078.5,2281.4,3069.3,1218,18000,,사후관리DB(원본월별·5년이용량분석)
D199830056,F-325,2024,39446.6,16252.2,37.9,49.3,35697.6,39792.2,8502.9,35772.7,32205.0,38239.5,16703.1,4.4,1200,36000,,사후관리DB(원본월별·5년이용량분석)
D199830057,F-329,2024,0,0,0,0,0,0,0,0,0,0,0,0,850,18000,,사후관리DB(원본월별·5년이용량분석)
D199830064,F-327,2024,0,0,0,8.8,5.9,11399.4,16083.6,17456.5,21015.0,11104.0,18222.4,21259.9,900,27000,,사후관리DB(원본월별·5년이용량분석)
D199830065,S-009,2024,6668.0,6781.4,6777.5,11861.7,12742.5,21291.6,14478.5,18420.3,20553.4,9443.0,7321.5,5478.4,1000,30000,,사후관리DB(원본월별·5년이용량분석)
D199830066,F-330,2024,11544.2,11752.6,12971.5,14460.5,10321.3,20977.4,13465.4,19067.2,27600.1,14106.0,12714.1,14159.2,950,15000,,사후관리DB(원본월별·5년이용량분석)
D199830073,F-380,2024,7929.5,8063.2,6881.3,7552.9,8090.1,9418.9,8705.0,9217.0,12974.2,27275.3,28163.7,22526.7,900,27000,,사후관리DB(원본월별·5년이용량분석)
D199830075,F-311,2024,4681.6,3333.3,4131.8,2860.4,2565.5,4458.7,3809.8,5388.2,14416.4,10626.3,2552.2,5665.0,1500,30000,,사후관리DB(원본월별·5년이용량분석)
D199830076,F-309,2024,8627.0,8848.4,13947.4,18370.7,14958.5,16601.9,13632.8,21602.1,21732.3,18983.5,10787.6,9691.6,1000,15000,,사후관리DB(원본월별·5년이용량분석)
D199830077,F-310,2024,8379.4,7505.6,7635.0,8941.1,8645.7,10801.2,7591.9,15148.2,17639.1,19648.9,11588.0,10561.7,800,12000,,사후관리DB(원본월별·5년이용량분석)
D199830090,F-331,2024,2240.9,112.5,125.7,3.2,2.5,2.6,51.0,12505.6,18630.9,1460.5,137.3,81.5,650,12000,,사후관리DB(원본월별·5년이용량분석)
D199830091,F-332,2024,7.7,26.5,113.1,8317.2,7736.7,3894,4950.7,10639.5,7090.6,3285.1,2892.2,384.1,800,12000,,사후관리DB(원본월별·5년이용량분석)
D199830092,F-378,2024,15411.2,17836.9,16407.0,18032.2,16888.0,18689.3,17305.0,19414.3,20039.1,18204.0,18900.3,17575.3,800,15000,,사후관리DB(원본월별·5년이용량분석)
D199830093,R-004,2024,10384.9,11636.8,11314.8,13448.5,13176.8,15017.5,12822.6,15322.0,16743.7,15530.2,14021.7,12875.3,1020,30600,,사후관리DB(원본월별·5년이용량분석)
D199830094,R-005,2024,15285.6,14735.4,13614.8,14586.1,17669.2,17751.2,11061.6,18904.8,17145.4,13084.0,10382.6,9108.2,825,24750,,사후관리DB(원본월별·5년이용량분석)
D199840018,F-333,2024,11487.0,11857.0,12540.0,14850.0,13296.0,16554.0,12941.0,17160.0,16386.0,14150.0,13030.0,12565.0,800,13500,,
D199840019,F-349,2024,1893.0,1651.0,1547.0,1344.0,2518.0,2730.0,1035.0,1662.0,1360.0,1328.0,1156.0,1281.0,850,12000,,
D199840020,R-006,2024,2416.0,2845.0,1971.0,2780.0,2629.0,3272.0,3363.0,3821.0,3499.0,4022.0,2667.0,2685.0,900,24300,,
D199840023,S-007,2024,634.0,157.0,118.0,499.0,98.0,500.0,297.0,302.0,1399.0,7835.0,6403.0,248.0,1200,16500,,
D199840025,F-336,2024,18329.0,17206.0,17261.0,20240.0,19286.0,22900.0,21221.0,17865.0,21218.0,21984.0,21494.0,17450.0,1000,15000,,
D199840026,F-337,2024,8773.0,13853.0,10151.0,20795.0,18205.0,25077.0,20857.0,17855.0,24726.0,17716.0,13241.0,9749.0,800,12300,,
D199840027,F-338,2024,18400.0,23051.0,18458.0,28245.0,27340.0,30903.0,23959.0,24947.0,26750.0,19195.0,12932.0,10074.0,1000,15000,,
D199840053,F-335,2024,16198.0,16080.0,15623.0,16548.0,15084.0,15947.0,14736.0,16402.0,16499.0,15150.0,16645.0,15674.0,1000,15000,,
D199840054,F-334,2024,0.0,0.0,0.0,0.0,1.0,0.0,0.0,419.0,1954.0,3021.0,0.0,0.0,850,15000,,
D199840058,F-386,2024,4261.0,7310.0,5802.0,10166.0,7204.0,11655.0,8460.0,7528.0,8138.0,7478.0,10532.0,15871.0,900,27000,,
D199840059,F-341,2024,4130.0,5352.0,6379.0,12154.0,10247.0,13733.0,10390.0,13464.0,16257.0,8882.0,6013.0,4110.0,700,12000,,
D199840060,F-342,2024,7717.0,9072.0,9796.0,932.0,868.0,983.0,8221.0,9238.0,12084.0,8869.0,5776.0,5219.0,850,12000,,
D199840061,F-343,2024,7227.0,10144.0,9846.0,14832.0,11914.0,19550.0,12414.0,17532.0,20909.0,10825.0,5382.0,5382.0,850,12000,,
D199840062,F-344,2024,6659.0,13382.0,13591.0,26263.0,19656.0,27614.0,20378.0,28769.0,24501.0,17550.0,12142.0,12142.0,700,10500,,
D199840063,F-345,2024,6083.0,7134.0,7249.0,11221.0,10096.0,18531.0,11404.0,18400.0,18059.0,11926.0,10962.0,8264.0,1050,15000,,
D199840064,F-346,2024,8622.0,10634.0,7704.0,13996.0,11234.0,17982.0,12502.0,17650.0,18364.0,12238.0,8040.0,6155.0,1050,30000,,
D199840065,F-347,2024,26041.0,19409.0,14616.0,22215.0,19531.0,21417.0,15347.0,24025.0,21199.0,13669.0,15115.0,19282.0,1050,31110,,
D199840115,R-007,2024,720.0,1166.0,3611.0,1302.0,1892.0,2391.0,1973.0,7573.0,7229.0,4602.0,1618.0,1285.0,900,13500,,
D199840116,F-356,2024,1946.0,1138.0,1113.0,2152.0,2100.0,1307.0,742.0,521.0,1662.0,3704.0,3559.0,821.0,750,13500,,
D199840117,F-354,2024,3698.0,4167.0,5149.0,7519.0,7428.0,9657.0,7747.0,5565.0,10033.0,9342.0,6583.0,4223.0,800,24000,,
D199840118,F-355,2024,15129.0,15678.0,14982.0,15000.0,14558.0,15278.0,13993.0,15120.0,15897.0,15186.0,15234.0,13240.0,850,13500,,
D199840119,F-351,2024,2324.0,3287.0,5001.0,4114.0,6914.0,6156.0,3605.0,9112.0,8472.0,7336.0,4213.0,3514.0,850,13500,,
D199840121,F-350,2024,5635.0,6254.0,7155.0,8471.0,11376.0,14131.0,15573.0,19764.0,21995.0,19065.0,4609.0,4796.0,700,12000,,
D199840136,F-340,2024,8620.0,9128.0,9759.0,15117.0,14371.0,18961.0,14303.0,15690.0,21248.0,17039.0,12538.0,10882.0,800,12000,,
D199910003,F-360,2024,11839.8,10966.5,13114.3,13580.8,16060.7,14488.8,16173.7,17104.3,15709.4,12002.7,10190.3,10076.4,950,28500,,사후관리DB(원본월별·5년이용량분석)
D199910004,F-361,2024,1571.0,4693.2,6473.6,5123.1,3866.9,1897.8,1571.2,2011.9,15969.0,41.0,13.0,10.8,800,30060,,사후관리DB(원본월별·5년이용량분석)
D199910005,F-359,2024,10423.5,9562.1,10967.1,11189.9,13224.5,11887.8,11882.6,14265.0,13216.2,12668.0,11538.9,12168.1,850,30000,,사후관리DB(원본월별·5년이용량분석)
D199910006,F-357,2024,1162.6,1717.3,1985.2,1870.5,2315.5,2074.2,2819.3,2812.5,2544.2,1543.5,1495.4,1475.3,700,21240,,사후관리DB(원본월별·5년이용량분석)
D199910007,F-358,2024,5880.2,4969.7,6220.5,6097.9,7882.8,7586.9,9600.1,9254.5,7980.6,7579.4,6919.7,7270.8,700,21600,,사후관리DB(원본월별·5년이용량분석)
D199910008,F-362,2024,2321.5,2235.6,2347.4,2297.2,3893.5,3500.3,4234.5,3606.5,1878.6,2119.8,1581.0,1837.5,800,24240,,사후관리DB(원본월별·5년이용량분석)
D199910009,F-363,2024,0,0,0,0,0,0,0,0,0,1463.7,3517.3,4603.0,600,27060,,사후관리DB(원본월별·5년이용량분석)
D199920008,F-364,2024,3565.0,5845.0,8812.0,12784.0,10625.0,16019.0,7372.0,16460.0,14866.0,9976.0,7813.0,6489.0,750,6000,,
D199920009,F-365,2024,3909.0,5087.0,5610.0,11472.0,8945.0,15390.0,11627.0,9172.0,14136.0,11534.0,9921.0,6062.0,600,14000,,
D199920027,S-011,2024,5633.0,8325.0,9742.0,7373.0,5870.0,9297.0,8644.0,18208.0,18422.0,12801.0,9252.0,6307.0,750,22500,,
D199920028,S-010,2024,4855.0,3782.0,8253.0,1820.0,2485.0,2321.0,5004.0,8990.0,10046.0,6332.0,3889.0,4262.0,800,24500,,
D199930016,F-379,2024,0,0,0,0,0,0,0,0,0,0,0,0,700,29400,4차이후 외삽 (2024-11-26 ~ 12/31),사후관리DB(원본월별·5년이용량분석)
D199930017,F-374,2024,6871.0,7077.8,5848.5,6668.4,6739.5,10265.0,10330.5,12060.0,8259.0,12088.6,12046.7,8486.8,800,24000,,사후관리DB(원본월별·5년이용량분석)
D199930023,F-368,2024,11325.9,11159.8,10666.9,13772.9,12685.5,15646.9,9963.5,13833.5,15826.3,12569.5,9276.9,7985.6,900,27000,,사후관리DB(원본월별·5년이용량분석)
D199930024,F-375,2024,82.2,84.6,77.5,304.5,1166.0,4934.1,2717.5,4805.4,5267.5,566.6,2017.1,138.6,800,27000,,사후관리DB(원본월별·5년이용량분석)
D199930025,F-376,2024,4363.4,4335.5,5032.0,6372.0,8224.8,10912.0,9913.3,15044.2,13360.6,6501.2,6015.7,5196.0,900,27000,,사후관리DB(원본월별·5년이용량분석)
D199930026,F-366,2024,9037.3,15550.1,33504.4,28528.7,8497.7,17293.5,6742.4,10392.7,14485.7,42177.0,77188.9,74462.6,1000,15000,전년 자료 없음 — 외삽,사후관리DB(원본월별·5년이용량분석)
D199930038,F-381,2024,8147.0,7344.6,6671.0,6143.1,801.8,226.8,95.2,4055.6,12275.5,3283.1,10419.9,4909.0,700,21000,,사후관리DB(원본월별·5년이용량분석)
D199930045,F-371,2024,14462.7,14646.0,20132.4,18640.7,22486.5,32764.7,22196.2,30904.4,31339.7,22084.1,17404.4,16060.3,1000,30000,,사후관리DB(원본월별·5년이용량분석)
D199930047,R-008,2024,2283.4,2205.2,2411.4,2321.0,1115.8,1665.4,280.8,2084.7,1821.7,2120.9,696.8,945.1,800,24000,,사후관리DB(원본월별·5년이용량분석)
D199930048,F-372,2024,15910.4,15057.3,14347.2,15804.4,16026.7,18038.9,13503.6,15695.6,23886.1,17854.5,15860.0,14672.7,900,27000,,사후관리DB(원본월별·5년이용량분석)
D199930049,R-009,2024,7653.4,8254.5,8930.5,8894.3,7110.0,2931.7,441.8,2105.8,280.1,1912.0,243.1,301.6,1000,30000,,사후관리DB(원본월별·5년이용량분석)
D199930060,F-373,2024,21.9,21.1,9263.5,11202.9,16666.2,19688.3,17524.2,17006.7,19732.3,15505.3,17153.6,17675.1,900,27000,,사후관리DB(원본월별·5년이용량분석)
D199930064,F-377,2024,5264.2,5121.8,7776.9,8014.2,12763.2,15206.6,8839.0,11621.2,10320.7,8270.3,7131.1,6784.5,800,24000,,사후관리DB(원본월별·5년이용량분석)
D199930075,F-367,2024,60.0,62.3,55.5,204.5,51.9,194.3,42.3,43.1,707.9,1.5,0,0,650,20100,전년 자료 없음 — 외삽,사후관리DB(원본월별·5년이용량분석)
D199930079,S-012,2024,2366.9,2940.6,2905.4,4036.7,5543.3,4346.3,3327.0,5971.0,7062.6,3226.8,1952.1,3351.7,750,27000,,사후관리DB(원본월별·5년이용량분석)
D199930080,S-013,2024,10682.6,10769.4,10327.4,12182.6,12119.7,14392.2,8231.1,20774.1,22884.9,19934.6,13074.3,7070.2,800,24000,,사후관리DB(원본월별·5년이용량분석)
D199940023,F-391,2024,20967.0,20050.0,23629.0,22943.0,18699.0,19339.0,14563.0,23569.0,21912.0,13653.0,15086.0,16581.0,800,24000,,
D199940024,F-395,2024,3402.0,3481.0,2918.0,4789.0,3745.0,9688.0,6934.0,6576.0,7846.0,6575.0,4359.0,3028.0,900,22056,,
D199940025,F-394,2024,4481.0,5204.0,7220.0,12249.0,7398.0,8923.0,6350.0,5945.0,7733.0,6029.0,5259.0,5105.0,1000,30060,,
D199940036,F-392,2024,26255.0,10670.0,10022.0,12239.0,18037.0,18591.0,25902.0,25706.0,26605.0,24045.0,26875.0,25444.0,900,24000,,
D199940037,R-010,2024,7016.0,8328.0,7878.0,11173.0,11997.0,11554.0,9472.0,7728.0,8121.0,8636.0,6773.0,6247.0,600,24000,,
D199940040,F-384,2024,3548.0,2590.0,567.0,969.0,1245.0,1387.0,3868.0,4279.0,5237.0,8692.0,7440.0,711.0,850,25620,,
D199940041,F-383,2024,1674.0,1119.0,1126.0,1532.0,1626.0,2335.0,1878.0,1564.0,3830.0,6051.0,3902.0,1810.0,1000,30000,,
D199940042,F-382,2024,2894.0,3046.0,2659.0,3516.0,3511.0,3863.0,1466.0,1547.0,2130.0,3588.0,2617.0,917.0,1050,30000,,
D199940050,F-387,2024,8640.0,9952.0,7840.0,14244.0,13257.0,15131.0,11958.0,13693.0,14764.0,11551.0,10588.0,8822.0,1000,22800,,
D199940051,F-388,2024,9339.0,10281.0,9753.0,12465.0,11600.0,15784.0,12998.0,15338.0,14856.0,11187.0,10635.0,11509.0,900,22000,,
D199940052,F-389,2024,17447.0,24275.0,20246.0,27073.0,25619.0,28246.0,21801.0,25722.0,30643.0,23524.0,21964.0,16088.0,700,25650,,
D199940053,R-011,2024,0.0,0.0,0.0,0.0,0.0,3.0,0.0,2589.0,207.0,79.0,3.0,94.0,600,21000,,
D199940058,F-390,2024,19049.0,21226.0,18396.0,25767.0,23486.0,27587.0,24013.0,30206.0,26854.0,23300.0,23039.0,21769.0,800,24240,,
D199940059,F-393,2024,18294.0,18282.0,17697.0,19140.0,19535.0,20071.0,18654.0,17944.0,16036.0,13333.0,12440.0,11967.0,1000,31560,,
D199940065,F-353,2024,4782.0,4817.0,4483.0,5806.0,6274.0,7263.0,6045.0,6477.0,9561.0,11682.0,8900.0,4812.0,900,24000,,
D199940073,F-385,2024,9816.0,9952.0,8328.0,9070.0,8490.0,6170.0,712.0,3584.0,7400.0,11495.0,60654.0,8607.0,1050,30000,,
D199940098,F-396,2024,19270.0,19611.0,18517.0,22538.0,21571.0,22726.0,21149.0,22481.0,19669.0,22454.0,23049.0,23723.0,700,24000,,
D199940112,S-015,2024,1427.0,823.0,3302.0,2355.0,2862.0,3388.0,4024.0,2497.0,2369.0,2049.0,1764.0,72.0,1300,24000,,
D199940113,S-014,2024,9917.0,9372.0,23083.0,6511.0,5472.0,6368.0,10095.0,10127.0,13740.0,14499.0,11484.0,6861.0,850,24000,,
D200010005,F-399,2024,5300.9,5359.7,5737.1,7115.6,7527.5,7958.6,7554.0,7072.4,6256.2,5962.9,6449.0,7184.5,800,25650,,사후관리DB(원본월별·5년이용량분석)
D200010006,F-402,2024,4646.7,5132.4,6966.2,8770.8,13065.2,10728.6,11886.1,14375.8,13267.8,8876.8,8678.7,11292.9,700,27540,,사후관리DB(원본월별·5년이용량분석)
D200010009,S-016,2024,6323.9,6305.4,6659.1,6177.6,6749.6,6903.9,6018.1,6971.6,7358.0,5091.2,4476.4,4079.4,600,18000,,사후관리DB(원본월별·5년이용량분석)
D200010010,F-398,2024,3132.2,3378.9,3870.7,4230.2,5054.3,5764.5,3163.0,6246.3,8146.8,3198.0,2923.3,2393.2,700,21270,,사후관리DB(원본월별·5년이용량분석)
D200010011,F-397,2024,1381.5,1858.1,2202.0,1661.0,1540.0,1400.0,732.5,965.1,889.9,714.0,551.5,570.0,500,15240,,사후관리DB(원본월별·5년이용량분석)
D200010012,F-400,2024,7215.5,7029.0,8647.9,9039.8,12353.3,11267.2,10605.0,11606.2,8234.6,7478.7,6369.7,7050.7,700,28080,,사후관리DB(원본월별·5년이용량분석)
D200010013,F-401,2024,0,0,0,0,0,0,0,0,0,0,0,0,950,28500,4차이후 외삽 (2024-11-13 ~ 12/31),사후관리DB(원본월별·5년이용량분석)
D200020009,F-404,2024,14342.0,11874.0,10613.0,19804.0,19167.0,23453.0,17777.0,24454.0,24923.0,24658.0,21910.0,16811.0,600,26000,,
D200020010,F-405,2024,3355.0,3177.0,3210.0,7729.0,6895.0,9388.0,7581.0,7811.0,11231.0,10197.0,8117.0,6366.0,614,18420,,
D200020031,S-017,2024,4114.0,4110.0,6195.0,3424.0,5373.0,5316.0,5945.0,11476.0,10406.0,8814.0,5203.0,4547.0,700,18000,,
D200020032,F-406,2024,3186.0,3439.0,3802.0,7236.0,4983.0,8092.0,3923.0,4035.0,6044.0,6452.0,4529.0,3362.0,600,10000,,
D200030016,R-012,2024,298.4,602.9,814.6,1144.1,1381.1,1282.9,940.2,1715.6,1406.1,1094.0,647.7,577.2,800,24000,,사후관리DB(원본월별·5년이용량분석)
D200030017,R-013,2024,0,0,0,6,1.5,0,0,0,0,0,0,0,800,24000,,사후관리DB(원본월별·5년이용량분석)
D200030018,A-002,2024,42.0,43.4,39.1,58.6,17161.0,19351.8,24249.1,23056.6,28520.3,24866.4,27986.2,24614.9,800,24000,,사후관리DB(원본월별·5년이용량분석)
D200030032,F-422,2024,1944.0,1441.1,1686.7,1777.5,1495.1,2560.0,1965.1,4307.7,4655.0,2487.2,2817.0,1448.7,800,24000,,사후관리DB(원본월별·5년이용량분석)
D200030033,F-409,2024,16608.2,22476.8,21620.0,11526.6,747.5,531.5,1061.2,10737.8,14999.6,4979.5,7609.6,7648.6,700,24000,2→3차 역행,사후관리DB(원본월별·5년이용량분석)
D200030034,F-420,2024,1684.1,2512.2,4694.0,4170.6,5080.8,5291.6,2418.0,6777.4,5765.5,4681.6,2167.4,1799.0,800,24000,,사후관리DB(원본월별·5년이용량분석)
D200030035,F-421,2024,8107.8,7726.5,7859.0,9317.9,13824.1,13025.1,9955.8,20557.2,27978.9,13776.2,10025.2,7857.5,800,24000,,사후관리DB(원본월별·5년이용량분석)
D200030036,F-408,2024,0.2,0.2,0.2,102.9,86.3,49.9,363.8,6289.7,23937.8,8899.0,50.7,50.7,750,24000,,사후관리DB(원본월별·5년이용량분석)
D200030037,F-407,2024,9439.3,9246.5,8793.9,9497.8,9381.5,11614.0,10468.6,17792.5,26225.0,13909.9,12530.2,10686.7,800,24000,,사후관리DB(원본월별·5년이용량분석)
D200030068,F-411,2024,0,0,0,0,0,0,0,0,0,0,0,0,800,24000,,사후관리DB(원본월별·5년이용량분석)
D200030069,F-410,2024,3316.5,4398.2,4583.0,4723.4,2720.2,4403.5,3145.1,4504.0,3622.3,3534.0,3828.2,3696.2,600,18000,,사후관리DB(원본월별·5년이용량분석)
D200030070,F-414,2024,23674.3,29768.4,22434.5,23200.1,26212.0,26158.0,17590.8,28601.9,24874.9,19451.2,16225.8,15168.7,810,24300,,사후관리DB(원본월별·5년이용량분석)
D200030071,F-415,2024,6941.7,6069.2,6013.1,16419.5,19766.2,27973.8,14805.4,17156.1,17358.4,12770.6,11489.4,10151.8,750,22500,,사후관리DB(원본월별·5년이용량분석)
D200030072,F-416,2024,7368.9,7162.7,7210.4,9325.6,9229.1,14919.3,11341.1,14803.6,17825.1,11961.1,10738.9,9286.7,800,24000,,사후관리DB(원본월별·5년이용량분석)
D200030073,F-423,2024,3228.3,3299.9,3928.2,3940.2,4960.5,4011.7,3659.7,5444.9,10896.4,18365.7,23089.1,24670.6,750,22500,,사후관리DB(원본월별·5년이용량분석)
D200030076,F-418,2024,0,0,0,0,0,0,0,0,0,0,0,0,800,24000,4차이후 외삽 (2024-11-24 ~ 12/31),사후관리DB(원본월별·5년이용량분석)
D200030077,F-412,2024,5643.2,5461.8,6621.4,8469.9,9686.7,14789.4,8140.6,10703.7,10798.5,17334.0,15419.2,14609.8,800,24000,,사후관리DB(원본월별·5년이용량분석)
D200030078,F-417,2024,1062.5,921.7,1015.6,893.2,1790.7,4342.2,1407.7,3698.6,4634.2,8130.3,2407.7,1234.4,800,24000,,사후관리DB(원본월별·5년이용량분석)
D200030079,F-419,2024,5846.8,4408.3,4423.6,8818.7,11365.5,9594.5,3843.5,8680.5,10029.4,6201.8,3627.2,2390.1,700,21000,,사후관리DB(원본월별·5년이용량분석)
D200030080,F-413,2024,12629.2,13237.6,15027.0,19003.7,20643.2,26138.7,15822.8,25048.2,21724.8,13260.5,13191.9,11219.3,800,24000,,사후관리DB(원본월별·5년이용량분석)
D200040024,R-015,2024,5938.0,6693.0,6131.0,5447.0,4749.0,6102.0,8701.0,10448.0,11576.0,8655.0,10446.0,10047.0,800,24000,,
D200040035,R-014,2024,7566.0,7685.0,7205.0,11725.0,11407.0,11052.0,8996.0,9242.0,12722.0,8735.0,9328.0,8229.0,700,24000,,
D200040037,F-428,2024,379.0,624.0,407.0,789.0,873.0,1659.0,1320.0,726.0,7260.0,7407.0,5788.0,198.0,900,24000,,
D200040038,F-427,2024,585.0,0.0,0.0,393.0,315.0,658.0,30.0,602.0,3967.0,2469.0,217.0,270.0,1000,24000,,
D200040039,F-425,2024,10123.0,11858.0,11490.0,15371.0,13908.0,17416.0,17011.0,17666.0,19689.0,16308.0,14870.0,14865.0,850,24000,,
D200040040,F-424,2024,8195.0,7990.0,8452.0,14511.0,12462.0,21141.0,12868.0,15465.0,20076.0,14160.0,9332.0,12331.0,600,18000,,
D200040041,F-431,2024,8547.0,8567.0,10474.0,7859.0,7801.0,10206.0,7466.0,12088.0,10378.0,5151.0,4305.0,3807.0,600,18000,,
D200040042,F-430,2024,25793.0,25817.0,24829.0,25963.0,24239.0,25430.0,24109.0,27912.0,27794.0,28757.0,29358.0,29900.0,700,18000,,
D200040091,F-432,2024,18654.0,20209.0,21641.0,20315.0,19784.0,21343.0,19042.0,15226.0,16296.0,19699.0,18621.0,13683.0,700,28200,,
D200040092,F-426,2024,34.0,409.0,1245.0,342.0,324.0,1033.0,121.0,848.0,9272.0,7519.0,481.0,2047.0,800,18000,,
W200040109,F-429,2024,6868.0,4855.0,6066.0,7848.0,7482.0,6125.0,5370.0,1195.0,4872.0,386.0,1251.0,189.0,800,24000,,
W200040110,S-019,2024,3278.0,5767.0,5696.0,5106.0,5133.0,5483.0,6617.0,8071.0,9349.0,9362.0,7096.0,7195.0,800,16800,,
W200110005,F-434,2024,6453.1,6688.0,6931.2,11509.5,11190.1,13079.3,7070.3,14707.4,13413.7,8997.6,6682.8,5824.3,800,24240,,사후관리DB(원본월별·5년이용량분석)
W200110008,F-435,2024,10678.1,9009.5,9481.5,9224.1,11312.3,9920.2,8998.4,11184.3,8973.3,6133.9,6054.0,6965.3,650,19590,,사후관리DB(원본월별·5년이용량분석)
W200110009,F-437,2024,3413.5,3874.8,3890.3,5569.7,6479.3,10281.4,8549.3,12793.5,11969.7,1086.9,1007.9,774.1,800,24300,,사후관리DB(원본월별·5년이용량분석)
W200110010,F-436,2024,1526.5,1451.0,1446.6,2105.9,2693.3,2191.8,1856.9,1889.5,986.6,907.7,1538,1403.2,800,25200,,사후관리DB(원본월별·5년이용량분석)
W200110011,F-438,2024,3859.8,3164.1,3317.5,4381.3,4774.1,5382.6,4754.7,7425.8,7614.9,5099.9,4597.7,4688.2,700,21600,,사후관리DB(원본월별·5년이용량분석)
W200110012,F-439,2024,1423.8,1480.5,1699.1,2188.4,5894.7,11250.4,9915.4,15909.0,16351.8,9839.3,9636.5,9281.3,800,18000,,사후관리DB(원본월별·5년이용량분석)
W200120019,F-441,2024,7222.0,7947.0,8396.0,9982.0,10567.0,15763.0,10264.0,16662.0,17277.0,13360.0,10516.0,9763.0,700,21000,,
W200120020,F-440,2024,1436.0,1514.0,473.0,1899.0,1119.0,2470.0,1936.0,1340.0,2484.0,2180.0,973.0,580.0,500,10000,,
W200120021,F-468,2024,11223.0,11577.0,12617.0,10954.0,11965.0,13253.0,12619.0,19230.0,16398.0,11036.0,9708.0,7781.0,800,24000,,
W200130021,F-448,2024,3.9,3.9,3.6,0,0,0,0.9,1.3,0.8,0,0,0,600,18000,,사후관리DB(원본월별·5년이용량분석)
W200130030,F-445,2024,8535.4,8652.3,9136.3,10836.4,10625.2,13039.1,10412.8,14036.0,15715.4,13526.1,12009.8,11745.3,800,24000,,사후관리DB(원본월별·5년이용량분석)
W200130031,F-447,2024,15801.1,16584.1,15133.7,18715.9,18153.8,22067.7,16388.6,19486.5,19079.9,16142.8,15985.1,11946.4,900,27000,,사후관리DB(원본월별·5년이용량분석)
W200130036,F-457,2024,4702.4,4340.8,5096.3,8612.2,9678.5,8428.0,6785.2,8529.5,8071.1,6708.0,5683.6,6799.6,900,27000,,사후관리DB(원본월별·5년이용량분석)
W200130037,F-449,2024,0,0,0,0,0,0,0,0,0,0,0,0,900,27000,,사후관리DB(원본월별·5년이용량분석)
W200130038,F-442,2024,19071.1,18848.6,18403.7,19198.4,22889.4,26292.9,20782.2,24747.3,25615.8,24840.5,24981.1,26514.1,800,24000,,사후관리DB(원본월별·5년이용량분석)
W200130045,F-458,2024,8556.7,6516.9,8736.0,11024.8,14531.9,9785.3,11421.4,12929.7,10749.9,10887.4,10368.7,9727.1,700,21000,,사후관리DB(원본월별·5년이용량분석)
W200130046,F-456,2024,4268.9,3788.0,6447.8,8183.1,12191.3,8990.7,8661.0,11171.7,11869.9,5285.0,3811.4,4618.3,800,24000,,사후관리DB(원본월별·5년이용량분석)
W200130047,F-446,2024,11611.4,11872.3,12567.7,14527.2,16221.2,20533.3,14040.8,23331.7,19833.3,15305.5,12366.3,11182.9,800,24000,,사후관리DB(원본월별·5년이용량분석)
W200130048,F-443,2024,0.0,0,0,0,2.3,931.8,3942.8,3853.4,3985.3,0.3,0.3,0.3,700,21000,,사후관리DB(원본월별·5년이용량분석)
W200130049,F-444,2024,28948.1,30046.6,28183.4,29261.2,29143.6,30145.2,31816.3,30082.3,34308.9,32412.2,34011.2,33226.4,700,21000,,사후관리DB(원본월별·5년이용량분석)
W200130050,F-453,2024,3287.7,3249.9,4697.7,6867.4,7513.3,8981.3,5070.8,11252.2,14301.4,10737.5,5260.1,4343.4,800,24000,,사후관리DB(원본월별·5년이용량분석)
W200130051,F-476,2024,8241.7,10779.7,15522.0,18548.9,23651.1,22082.4,21121.3,24190.6,27246.4,11470.7,9941.8,10098.7,800,24000,,사후관리DB(원본월별·5년이용량분석)
W200130052,F-454,2024,878.5,693.1,653.0,1013.2,1084.2,1263.5,999.4,1771.6,1357.6,2372.2,1473.9,1216.1,800,24000,,사후관리DB(원본월별·5년이용량분석)
W200130062,F-452,2024,6025.9,6471.6,5967.3,7236.8,7888.3,9277.0,8777.2,9237.1,10083.8,9001.1,7992.6,8029.3,700,21000,,사후관리DB(원본월별·5년이용량분석)
W200130063,R-016,2024,550.1,226.5,848.9,843.2,1358.1,647.0,167.9,3038.1,6685.7,7834.7,1862.6,799.7,1000,30000,,사후관리DB(원본월별·5년이용량분석)
W200130064,R-017,2024,383.6,304.8,921.4,1452.4,1846.2,1137.0,506.0,981.6,2029.5,3666.9,832.7,689.9,1000,30000,,사후관리DB(원본월별·5년이용량분석)
W200130070,F-450,2024,3403.3,3460.5,3285.3,2427.5,3101.6,6599.6,2107.1,10482.0,10215.5,5393.2,3484.2,3720.4,700,21000,,사후관리DB(원본월별·5년이용량분석)
W200130071,F-455,2024,8666.2,8763.0,14489.5,15392.8,18262.0,18447.4,11657.2,19824.1,18110.5,11304.9,7465.4,7028.7,800,24000,,사후관리DB(원본월별·5년이용량분석)
W200140097,F-462,2024,6923.0,8277.0,9925.0,12355.0,13018.0,10316.0,7142.0,12836.0,16414.0,10220.0,9774.0,12710.0,800,24240,,
W200140127,F-461,2024,2454.0,1936.0,1772.0,4353.0,3443.0,4008.0,3751.0,3492.0,10303.0,11214.0,7934.0,3534.0,850,26400,,
W200140128,F-459,2024,11938.0,13341.0,14455.0,19372.0,12332.0,19650.0,15891.0,20056.0,20462.0,16847.0,13435.0,12280.0,700,23850,,
W200140129,F-467,2024,2519.0,2580.0,2443.0,2242.0,2433.0,2701.0,2512.0,3121.0,2999.0,3418.0,2802.0,2645.0,500,24300,,
W200140141,F-464,2024,1729.0,1345.0,1368.0,2456.0,3073.0,5788.0,3345.0,5933.0,10315.0,10692.0,8393.0,2064.0,900,25200,,
W200140142,F-465,2024,4356.0,3253.0,3096.0,3562.0,4119.0,4694.0,3123.0,4118.0,6453.0,11861.0,6846.0,2490.0,850,25500,,
W200140143,F-460,2024,6858.0,7498.0,7295.0,9546.0,8621.0,10862.0,10472.0,8614.0,11339.0,11941.0,13126.0,12915.0,900,27090,,
W200140156,F-463,2024,1617.0,1073.0,942.0,1299.0,1687.0,1481.0,1174.0,1317.0,5480.0,6863.0,5273.0,1298.0,700,22110,,
W200140157,F-466,2024,0.0,0.0,0.0,5.0,3.0,2.0,12.0,0.0,0.0,4.0,0.0,0.0,850,28020,,
W200140158,R-019,2024,4938.0,5771.0,6327.0,2671.0,3434.0,3256.0,6329.0,14890.0,12968.0,9273.0,7198.0,7398.0,850,25620,,
W200140159,R-018,2024,3467.0,4642.0,7222.0,4690.0,5472.0,5749.0,4636.0,8253.0,7842.0,5832.0,5882.0,5258.0,600,17000,,
W200210003,F-471,2024,335.0,310.4,424.3,596.3,1190.3,2647.4,1813.3,2830.0,1947.3,1299.7,811.1,915.5,800,24000,,사후관리DB(원본월별·5년이용량분석)
W200210004,F-470,2024,327.0,13.9,699.7,734.0,671.8,461.2,245.0,546.2,1156.6,316.6,185.8,164.9,800,24000,,사후관리DB(원본월별·5년이용량분석)
W200210007,F-469,2024,0,0,0,0,0,0,0.3,0.3,0.2,1.4,1.5,1.3,800,24000,,사후관리DB(원본월별·5년이용량분석)
W200220011,F-472,2024,1622.0,1596.0,1449.0,1689.0,1406.0,2130.0,1291.0,1649.0,1720.0,1622.0,1450.0,1408.0,800,17000,,
W200220012,F-474,2024,22462.0,23882.0,24982.0,35015.0,33732.0,37161.0,31149.0,39776.0,39299.0,32340.0,28516.0,19867.0,700,25000,,
W200220013,F-473,2024,9171.0,13388.0,14019.0,16826.0,17415.0,22989.0,12284.0,23439.0,21924.0,15617.0,11656.0,10384.0,600,18000,,
W200220014,F-475,2024,2416.0,3304.0,4088.0,11721.0,9997.0,13505.0,9409.0,10011.0,16557.0,11381.0,7436.0,3866.0,700,21000,,
W200230012,F-481,2024,0.1,0.1,0.1,0.8,0.8,0.8,0,0,0,0.2,0.2,0.2,800,24000,,사후관리DB(원본월별·5년이용량분석)
W200230013,F-484,2024,6380.9,6323.5,7101.2,9224.7,10276.6,14308.9,12358.7,18493.3,20090.8,18415.0,18299.8,18776.5,800,24000,,사후관리DB(원본월별·5년이용량분석)
W200230014,F-489,2024,13846.3,11393.7,14065.5,14497.9,17512.9,14929.3,16267.3,21064.4,17158.9,10980.3,10781.6,8595.8,700,21000,4차이후 외삽 (2024-11-21 ~ 12/31),사후관리DB(원본월별·5년이용량분석)
W200230015,F-488,2024,4045.7,3261.4,3175.0,4843.9,6096.1,6929.2,4024.6,7387.5,6940.4,4545.7,4335.5,3516.7,800,24000,,사후관리DB(원본월별·5년이용량분석)
W200230016,F-477,2024,1309.2,1170.4,1440.1,3295.5,3121.5,5848.3,1786.3,5448.2,7526.1,7758.8,4076.3,3495.1,800,24000,,사후관리DB(원본월별·5년이용량분석)
W200230017,F-478,2024,271.3,207.1,633.4,1114.5,1161.9,1439.2,245.0,819.2,1732.0,2536.8,415.4,881.4,,,,사후관리DB(원본월별·5년이용량분석)
W200230020,F-483,2024,2081.0,2615.5,2224.3,2735.6,2374.0,5142.7,2242.0,3803.3,5459.3,1414.3,1156.4,1108.2,800,24000,,사후관리DB(원본월별·5년이용량분석)
W200230021,F-482,2024,11080.0,10717.7,12820.9,10287.0,12151.4,10936.3,11128.2,12047.1,12029.7,11244.7,10409.5,10895.1,800,24000,,사후관리DB(원본월별·5년이용량분석)
W200230022,F-479,2024,2832.0,3932.9,3496.2,1640.0,7068.3,11598.5,8274.6,9867.4,10207.1,6179.7,5754.5,5377.3,600,18000,,사후관리DB(원본월별·5년이용량분석)
W200230029,F-487,2024,5960,5942.1,6044.9,6509.8,4268.9,3850.2,3187.1,11820.2,9869.8,3395.7,2324.4,2504.7,800,24000,,사후관리DB(원본월별·5년이용량분석)
W200230030,R-020,2024,545.9,421.9,438.6,1462.6,2646.5,3871.8,711.7,4898.4,1482.2,1684.5,814.4,589.4,800,24000,,사후관리DB(원본월별·5년이용량분석)
W200230042,R-021,2024,1193.1,1212.4,971.2,1443.9,1649.2,1932.8,1016.6,2077.3,2907.5,2889.0,1045.4,1486.8,800,24000,,사후관리DB(원본월별·5년이용량분석)
W200230044,F-480,2024,5391.8,5444.4,6732.3,6830.4,9699.4,7640.0,10303.6,13134.1,9657.9,7409.3,7358.4,7476.5,800,24000,,사후관리DB(원본월별·5년이용량분석)
W200240015,F-492,2024,4970.0,1779.0,1736.0,2900.0,3622.0,5545.0,2731.0,4414.0,6675.0,13887.0,9066.0,3091.0,900,27000,,
W200240034,F-493,2024,237.0,0.0,0.0,0.0,7.0,409.0,37.0,188.0,7884.0,3330.0,947.0,469.0,800,24000,,
W200240035,R-022,2024,2637.0,2501.0,2335.0,3719.0,3464.0,4151.0,2165.0,2402.0,2360.0,2464.0,2674.0,2688.0,600,15000,,
W200240046,R-023,2024,24788.0,26299.0,25733.0,19602.0,18636.0,20360.0,32478.0,34160.0,26372.0,25325.0,11128.0,9223.0,800,24000,,
W200240051,F-491,2024,601.0,2425.0,1659.0,237.0,1047.0,552.0,438.0,802.0,8337.0,7650.0,949.0,1701.0,700,21000,,
W200240052,F-490,2024,8606.0,8294.0,8625.0,13868.0,12485.0,16570.0,13414.0,12149.0,17124.0,10818.0,7535.0,9987.0,900,27000,,
W200310004,F-494,2024,5212.5,5994.2,14919.6,11082.3,10106.5,13244.3,6745.4,14299.1,15982.9,13385.2,5906.3,6606.4,700,21000,,사후관리DB(원본월별·5년이용량분석)
W200310006,F-495,2024,854.5,879.9,1087.1,1805.9,1829.3,1695.1,2216.8,5255.6,2993.8,3900.7,1915.5,1963.1,800,24000,,사후관리DB(원본월별·5년이용량분석)
W200320014,F-496,2024,2024.0,2443.0,3076.0,4077.0,3493.0,3669.0,3564.0,5228.0,5800.0,2849.0,2341.0,1595.0,500,15000,,
W200320016,F-499,2024,5421.0,5779.0,6815.0,10609.0,8896.0,13117.0,11738.0,14092.0,16607.0,12528.0,9052.0,6499.0,700,21000,,
W200320017,F-497,2024,6040.0,11023.0,12497.0,16832.0,16418.0,16463.0,14816.0,16616.0,16664.0,13822.0,13372.0,13531.0,550,16500,,
W200320018,F-498,2024,6022.0,5234.0,8152.0,10310.0,10019.0,16793.0,7638.0,15187.0,13422.0,10996.0,7943.0,6243.0,800,24000,,
W200320019,F-403-1,2024,5474.0,5152.0,4989.0,7084.0,5257.0,7110.0,5083.0,5243.0,7512.0,8139.0,7927.0,6594.0,500,15000,,
W200320020,F-500,2024,785.0,765.0,1314.0,1154.0,1477.0,2169.0,932.0,1658.0,1575.0,1267.0,1212.0,936.0,600,18000,,
W200330052,F-503,2024,5.5,27.6,7.4,2,2.7,2.7,0.7,0.8,17.6,98.5,416.8,15.2,800,24000,,사후관리DB(원본월별·5년이용량분석)
W200330053,F-501,2024,377.0,469.7,1415.5,1068.4,1648.8,2356.8,799.0,2188.3,4246.1,2623.8,1382.5,1651.8,800,24000,,사후관리DB(원본월별·5년이용량분석)
W200330057,F-506,2024,1798.6,1898.2,1855.0,2285.6,2153.1,3271.8,2179.8,3861.7,3699.8,2664.7,2267.4,2339.9,700,21000,,사후관리DB(원본월별·5년이용량분석)
W200330062,F-504,2024,5380.5,5497.5,6243.6,13400.3,14669.4,21529.2,9917.5,14388.0,12371.0,9123.4,7271.7,6706.3,800,24000,,사후관리DB(원본월별·5년이용량분석)
W200330064,R-024,2024,8196.7,8465.8,9254.5,11380.9,11672.0,12118.6,9377.8,14320.7,13655.7,8696.2,7166.4,7009.8,800,24000,,사후관리DB(원본월별·5년이용량분석)
W200330065,F-508,2024,9262.7,4737.0,11690.0,15310.4,14624.1,17342.5,3162.1,20121.6,32578.6,11252.8,7258.9,8139.2,700,21000,,사후관리DB(원본월별·5년이용량분석)
W200330077,F-507,2024,16705.8,17632.8,16700.2,17729.3,17773.4,19012.5,15774.1,17986.6,19010.9,16136.6,16676.6,15758.5,900,27000,,사후관리DB(원본월별·5년이용량분석)
W200330078,F-510,2024,26614.2,24892.1,26257.1,25590.6,20463.6,25592.4,25990.6,25842.1,25769.2,26073.0,13802.9,26638.9,800,24000,,사후관리DB(원본월별·5년이용량분석)
W200330079,F-502,2024,2227.2,3990.1,4611.2,4141.9,5787.7,4791.3,4966.6,9815.5,11696.0,4004.9,2592.7,3487.7,800,24000,,사후관리DB(원본월별·5년이용량분석)
W200330081,R-025,2024,7627.2,6952.1,8163.1,12258.2,14316.0,15783.7,10068.6,9802.3,9604.8,10710.0,9842.2,9439.1,700,21000,,사후관리DB(원본월별·5년이용량분석)
W200330082,F-505,2024,5686.5,5617.7,5567.6,7535.8,8470.4,11475.0,7594.2,11319.2,14296.7,10858.0,10168.4,9694.0,900,27000,,사후관리DB(원본월별·5년이용량분석)
W200330083,F-509,2024,25595.8,25708.9,23102.1,26667.2,21055.8,26816.2,25075.3,27031.3,23120.4,17897.6,17425.2,19616.1,800,24000,,사후관리DB(원본월별·5년이용량분석)
W200340023,F-520,2024,884.0,761.0,464.0,1828.0,1432.0,3949.0,3154.0,3234.0,6518.0,3807.0,2159.0,523.0,800,24000,,
W200340024,F-516,2024,10175.0,14917.0,14548.0,24618.0,21281.0,30284.0,22087.0,26883.0,26788.0,23071.0,17256.0,15499.0,700,21000,,
W200340028,F-518,2024,5654.0,6508.0,6282.0,6585.0,6303.0,7784.0,5149.0,8048.0,9007.0,6063.0,4849.0,5178.0,800,24000,,
W200340029,F-514,2024,3246.0,2991.0,2634.0,4670.0,4381.0,5911.0,5725.0,6182.0,7825.0,5686.0,4191.0,3604.0,800,24000,,
W200340031,F-515,2024,16933.0,17862.0,17530.0,24728.0,26838.0,30411.0,30031.0,30824.0,29446.0,22474.0,19447.0,12846.0,700,21000,,
W200340032,R-026,2024,9795.0,14208.0,16320.0,11693.0,11898.0,14879.0,19992.0,19939.0,22646.0,15827.0,12159.0,10777.0,800,24000,,
W200340033,F-519,2024,7127.0,7831.0,6461.0,8708.0,7311.0,6123.0,8179.0,8193.0,8298.0,10579.0,11027.0,4631.0,800,24000,,
W200340034,F-521,2024,2355.0,1493.0,983.0,1352.0,2019.0,2930.0,2218.0,2400.0,4468.0,7674.0,8159.0,1831.0,800,24000,,
W200340035,F-522,2024,1133.0,1021.0,792.0,1223.0,1443.0,1139.0,1544.0,824.0,4280.0,7570.0,6002.0,1657.0,800,24000,,
W200340036,F-517,2024,8.0,9.0,128.0,37.0,39.0,29.0,9.0,10.0,39.0,7.0,9.0,6.0,800,24000,,
W200340046,F-513,2024,12140.0,12574.0,11673.0,12174.0,12566.0,13350.0,12611.0,14532.0,7288.0,8295.0,8767.0,10529.0,800,24000,,
W200340052,R-027,2024,2205.0,2372.0,2717.0,2199.0,2536.0,2331.0,2297.0,6751.0,8116.0,7225.0,2671.0,1859.0,700,15000,,
W200410005,F-433,2024,13099.8,13175.7,12338.0,14004.6,14349.0,11519.3,12119.1,13545.5,14544.2,13956.2,14144.3,13625.1,600,18000,,사후관리DB(원본월별·5년이용량분석)
W200410006,F-523,2024,4998.6,4314.0,5466.6,6559.0,9067.5,7151.9,6609.7,9348.5,9433.0,6167.6,4205.3,4347.0,700,21000,,사후관리DB(원본월별·5년이용량분석)
W200420001,F-526,2024,11537.0,11106.0,12802.0,13755.0,13753.0,18361.0,11652.0,14856.0,14996.0,13389.0,13705.0,12197.0,700,21000,,
W200420002,F-525,2024,2975.0,4905.0,6854.0,10942.0,9060.0,15035.0,8011.0,15107.0,16666.0,9927.0,6184.0,4357.0,800,24000,,
W200420003,F-524,2024,3001.0,4285.0,3930.0,6182.0,6526.0,7386.0,5768.0,3326.0,5535.0,4457.0,2705.0,2795.0,700,15000,,
W200430016,F-529,2024,9634.4,8017.9,8599.8,9506.8,11360.9,10053.6,10699.4,12753.4,10472.0,9507.9,8850.2,8978.2,800,24000,,사후관리DB(원본월별·5년이용량분석)
W200430017,F-527,2024,4419.0,3954.8,5997.2,8633.6,10494.1,10461.0,5094.8,13019.4,9904.2,5925.8,4500.3,5338.6,800,24000,,사후관리DB(원본월별·5년이용량분석)
W200430018,F-528,2024,6052.9,5557.5,6580.1,7802.2,11101.2,8546.9,6568.8,10520.0,13861.7,6701.1,4539.9,6145.2,800,24000,,사후관리DB(원본월별·5년이용량분석)
W200440020,R-029,2024,1396.0,1511.0,1509.0,992.0,1254.0,1035.0,1693.0,3469.0,2820.0,2306.0,1937.0,1758.0,800,18000,,
W200440021,F-531,2024,2249.0,1732.0,1729.0,3125.0,2265.0,3914.0,996.0,1884.0,1960.0,5209.0,4378.0,832.0,800,24000,,
W200520003,F-536,2024,11782.0,11903.0,10265.0,8943.0,12395.0,11239.0,10045.0,17645.0,15502.0,15465.0,16852.0,18778.0,700,21000,,
W200520004,F-537,2024,7813.0,8007.0,8538.0,8293.0,9071.0,9702.0,9745.0,11872.0,11936.0,11127.0,10798.0,10737.0,700,21000,,
W200520005,F-538,2024,3510.0,3610.0,4039.0,9109.0,8443.0,10836.0,9194.0,8149.0,11968.0,9512.0,7616.0,6229.0,600,18000,,
W200530001,F-540,2024,21978.1,21995.4,19168.5,0,0,0,12727.0,9908.7,13219.6,30322.0,31321.8,30312.1,800,18000,,사후관리DB(원본월별·5년이용량분석)
W200540001,F-533,2024,367.0,343.0,48.0,563.0,24.0,2184.0,195.0,681.0,5686.0,6173.0,3900.0,1846.0,800,21000,,
W200540002,F-532,2024,4883.0,5125.0,4463.0,5664.0,6444.0,7346.0,5602.0,6044.0,8371.0,9482.0,8938.0,4873.0,800,21000,,
W200540003,R-030,2024,4087.0,4585.0,6261.0,3417.0,4306.0,5548.0,5582.0,14737.0,15772.0,11720.0,4766.0,5057.0,700,21000,,
W200540020,F-546,2024,13411.0,15176.0,14579.0,19217.0,18179.0,25330.0,18058.0,21700.0,25261.0,20591.0,17038.0,17967.0,800,24000,,
W200540021,F-545,2024,13818.0,14751.0,12893.0,19903.0,18914.0,22254.0,14998.0,14688.0,17981.0,14495.0,13662.0,14982.0,800,24000,,
W200540023,F-548,2024,2761.0,2914.0,4108.0,5025.0,5324.0,6564.0,4417.0,8444.0,7993.0,5732.0,3867.0,3663.0,700,15000,,
W200540024,F-550,2024,282.0,314.0,268.0,280.0,293.0,199.0,292.0,325.0,1110.0,1466.0,497.0,71.0,700,21000,,
W200540025,F-549,2024,3182.0,3550.0,2699.0,2860.0,2843.0,5524.0,4719.0,6349.0,7013.0,5707.0,4009.0,3609.0,800,24000,,
W200540027,F-547,2024,13799.0,14548.0,16266.0,17459.0,16782.0,23218.0,19704.0,28826.0,23166.0,15620.0,14246.0,15795.0,900,27000,,
W200610002,F-551,2024,11642.6,8073.8,7564.9,9171.6,13498.1,14564.2,9548.9,20550.5,20221.0,13576.2,9742.7,9565.9,800,24000,,사후관리DB(원본월별·5년이용량분석)
W200610008,F-568,2024,3701.1,4606.0,5309.7,6800.8,9006.4,10775.7,7927.8,12733.9,12493.0,6478.8,5206.0,4059.0,1500,45000,4차이후 외삽 (2024-11-26 ~ 12/31),사후관리DB(원본월별·5년이용량분석)
W200610009,F-569,2024,77.6,75.0,77.6,1063.1,1099.8,1026.5,550.0,14866.5,61045.1,1013.3,722.8,1055.4,1500,45000,,사후관리DB(원본월별·5년이용량분석)
W200610014,F-541,2024,0,0,0,0,0,0,24.0,24112.7,1770.0,4.9,4.1,3.6,1000,30000,"음수→0보정(1,2,3월)",사후관리DB(원본월별·5년이용량분석)
W200610015,F-542,2024,27283.5,27935.0,22290.5,6558.9,85.4,72.3,88.0,34696.5,68272.9,29421.9,29799.1,28528.3,1000,30000,,사후관리DB(원본월별·5년이용량분석)
W200610016,F-543,2024,6920.4,4973.5,5156.6,5372.1,7131.7,5941.0,4708.3,4662.7,4248.9,3372.4,6.2,5.0,1000,30000,,사후관리DB(원본월별·5년이용량분석)
W200610017,F-544,2024,1277.8,1220.9,1707.2,2058.9,2170.5,3280.6,3654.0,5482.5,4971.5,3233.3,2434.2,2623.5,1000,30000,,사후관리DB(원본월별·5년이용량분석)
W200620002,F-556,2024,2383.0,2137.0,1695.0,2720.0,2607.0,2965.0,1686.0,2839.0,5939.0,7265.0,5789.0,2450.0,800,24000,,
W200620003,F-557,2024,240.0,154.0,106.0,251.0,266.0,363.0,421.0,80.0,1443.0,1579.0,97.0,139.0,800,24000,,
W200620004,F-559,2024,14722.0,5761.0,12513.0,13077.0,2459.0,5740.0,2551.0,4692.0,6506.0,7999.0,8907.0,12187.0,700,21000,,
W200620006,F-558,2024,2146.0,2386.0,2230.0,3934.0,3227.0,4957.0,3690.0,3178.0,7279.0,8314.0,7428.0,2979.0,800,24000,,
W200620010,F-562,2024,5546.0,5542.0,8761.0,7479.0,6867.0,6505.0,3490.0,8590.0,10224.0,5410.0,3669.0,4930.0,900,27000,,
W200620011,F-554,2024,15442.0,15561.0,14472.0,17156.0,15416.0,15062.0,12203.0,15832.0,16788.0,16649.0,15597.0,14321.0,600,18000,,
W200620012,F-560,2024,11508.0,11965.0,11862.0,16122.0,16064.0,20476.0,14851.0,20221.0,19380.0,14040.0,10971.0,12265.0,900,27000,,
W200620018,F-561,2024,1958.0,1720.0,2317.0,1015.0,123.0,230.0,179.0,231.0,313.0,527.0,714.0,1938.0,900,27000,,
W200630021,F-553,2024,11793.3,12261.6,10327.2,17795.5,18301.6,18926.0,17698.9,13632.3,18321.5,18270.1,18883.1,18299.0,800,24000,,사후관리DB(원본월별·5년이용량분석)
W200710016,F-565,2024,3996.9,3840.9,4313.1,4748.0,6955.9,6078.9,6645.2,6187.9,4538.2,4162.6,4098.7,4798.1,800,24000,,사후관리DB(원본월별·5년이용량분석)
W200710017,F-570,2024,0,0,0,0.5,0.5,0.5,0.3,0.3,0.3,0.6,0.6,0.6,800,24000,,사후관리DB(원본월별·5년이용량분석)
W200710018,F-566,2024,0,0,0,0,0,0,0,0,0,0,0,0,900,27000,,사후관리DB(원본월별·5년이용량분석)
W200710019,F-563,2024,21592.8,20686.4,23175.0,22607.6,25223.6,24129.7,24017.7,26000.4,22374.7,7996.3,9.0,9.0,1000,30000,,사후관리DB(원본월별·5년이용량분석)
W200710020,F-564,2024,4768.5,5339.3,4583.4,5933.5,7265.5,13256.5,8554.8,11202.0,12454.7,7577.5,6669.2,6398.3,1000,30000,,사후관리DB(원본월별·5년이용량분석)
W200710036,F-567,2024,15747.8,16664.6,14464.1,14163.4,14435.4,16057.4,16056.8,16189.1,14783.9,14166.0,15021.1,14897.6,500,15000,,사후관리DB(원본월별·5년이용량분석)
W200720008,F-574,2024,8018.0,4553.0,6572.0,9954.0,9266.0,12968.0,7508.0,11520.0,9452.0,4835.0,3998.0,4074.0,600,18000,,
W200720009,F-571,2024,3562.0,4633.0,5698.0,7340.0,8345.0,7968.0,6457.0,9383.0,9532.0,6365.0,4183.0,4501.0,700,21000,,
W200720010,F-575,2024,2034.0,2658.0,2486.0,5461.0,4013.0,7737.0,4248.0,4874.0,6674.0,3094.0,474.0,282.0,900,18900,,
W200720011,F-576,2024,16848.0,19260.0,19817.0,25271.0,21816.0,22412.0,27938.0,27666.0,27843.0,26691.0,22867.0,23091.0,700,21000,,
W200720012,F-573,2024,5162.0,5394.0,6412.0,5271.0,5603.0,7694.0,6043.0,8396.0,12457.0,6217.0,5830.0,5678.0,800,24000,,
W200720021,F-572,2024,2020.0,2337.0,2228.0,3658.0,2811.0,3179.0,4541.0,5196.0,6617.0,6102.0,5948.0,3308.0,800,24000,,
W200720022,F-577,2024,4993.0,2260.0,2701.0,6087.0,4459.0,8013.0,5434.0,6422.0,11766.0,12089.0,8851.0,4083.0,800,24000,,
W200810009,F-578,2024,7820.3,8099.3,8769.0,11931.7,10561.4,16813.5,9154.4,25682.6,27197.1,26088.2,20951.9,7995.2,800,24000,,사후관리DB(원본월별·5년이용량분석)
W200810010,F-579,2024,909.7,1043.8,1384.9,1601.3,1966.4,2635.8,1152.4,4831.5,3551.7,3505.7,1238.1,1219.6,800,24000,,사후관리DB(원본월별·5년이용량분석)
W200810011,F-580,2024,1760.1,3751.3,5756.8,4909.4,7969.2,8860.6,4811.1,9074.5,11500.5,8892.0,5215.3,3963.0,800,24000,,사후관리DB(원본월별·5년이용량분석)
W200810012,F-581,2024,8197.0,8005.6,7993.2,13142.3,10940.6,12585.6,8929.0,11446.3,10400.7,10793.5,8687.9,8258.7,800,24000,,사후관리DB(원본월별·5년이용량분석)
W200810016,F-582,2024,8807.4,8526.2,8934.1,9710.3,11020.7,10968.2,11658.8,11554.0,11713.6,12395.2,12823.0,12173.7,800,24000,,사후관리DB(원본월별·5년이용량분석)
W200810017,F-583,2024,1958.4,1709.2,1170.8,1908.3,3303.9,4639.8,1101.6,2886.0,5493.1,1822.8,2593.6,4569.2,500,15000,,사후관리DB(원본월별·5년이용량분석)
W200810018,F-591,2024,12.6,445.1,8039.8,5439.0,6456.8,6087.5,1680.8,10528.5,7437.9,7961.7,4377.7,2849.1,500,15000,,사후관리DB(원본월별·5년이용량분석)
W200810019,F-584,2024,1608.0,1588.2,2129.9,2756.8,5929.7,4562.6,3945.3,6353.9,4425.3,1573.5,1032.6,1888.8,900,27000,,사후관리DB(원본월별·5년이용량분석)
W200810020,F-585,2024,7918.0,8170.7,7288.7,1613.5,3857.8,12188.5,8544.1,10917.8,9924.2,8437.9,8316.7,7926.6,700,21000,,사후관리DB(원본월별·5년이용량분석)
W200810026,F-586,2024,9964.6,10380.2,10044.1,11196.1,10813.7,11468.1,9319.2,11551.5,13271.9,12824.3,12085.0,11493.6,810,24300,,사후관리DB(원본월별·5년이용량분석)
W200820014,F-587,2024,3969.0,4218.0,4359.0,6186.0,7375.0,9677.0,6790.0,7426.0,10487.0,11252.0,10061.0,5288.0,900,27000,,
W200820015,F-588,2024,3406.0,5133.0,4415.0,4201.0,4863.0,5175.0,3519.0,8580.0,10291.0,4615.0,3961.0,4401.0,800,17000,,
W200820016,F-589,2024,0.0,0.0,0.0,1.0,1.0,1.0,1.0,1.0,0.0,0.0,0.0,0.0,800,24000,,
W200820020,F-590,2024,8880.0,10353.0,9505.0,11264.0,10486.0,17144.0,16200.0,18356.0,19996.0,20656.0,16372.0,20429.0,800,24000,,
W200820028,F-555-1,2024,6309.0,5555.0,5116.0,5439.0,5738.0,7076.0,6947.0,5762.0,6520.0,6708.0,6571.0,5330.0,300,9000,,
W200910003,F-592,2024,21836.5,22971.9,23468.2,27258.5,30347.3,27587.7,20057.4,21850.5,12266.0,13573.9,4906.4,32.5,800,24000,,사후관리DB(원본월별·5년이용량분석)
W200910004,F-593,2024,27665.5,25971.5,27596.2,30839.1,29292.4,25835.9,10414.8,10885.8,10879.1,8545.1,8266.2,8484.7,800,24000,,사후관리DB(원본월별·5년이용량분석)
W200910007,F-594,2024,22637.0,24286.0,16309.9,7303.9,9583.2,14881.6,11589.1,19640.7,19944.2,14360.8,14242.0,14552.7,700,21000,,사후관리DB(원본월별·5년이용량분석)
W200910008,F-595,2024,1289.4,761.8,990.1,1189.1,1519.6,1494.6,816.7,3985.4,7223.2,4792.4,1439.8,1422.5,900,27000,,사후관리DB(원본월별·5년이용량분석)
W200910009,F-596,2024,2882.2,3410.3,3995.8,0,0,0,0,0,0,0,0,0,500,15000,,사후관리DB(원본월별·5년이용량분석)
W200910017,F-597,2024,16.4,14.6,25.5,0,0,0,9137.1,8724.6,314.4,256.4,89.9,164.4,950,28500,,사후관리DB(원본월별·5년이용량분석)
W200910018,F-607,2024,1874.0,1823.3,2289.4,2893.8,7106.0,7473.6,3980.3,9017.4,8450.4,5207.3,4554.4,5602.6,900,27000,,사후관리DB(원본월별·5년이용량분석)
W200910019,F-598,2024,12135.3,13524.2,16465.6,16375.3,18254.0,18566.7,14764.3,22619.6,26276.7,21160.0,16897.1,16571.0,800,24000,,사후관리DB(원본월별·5년이용량분석)
W200910020,F-599,2024,29907.2,29898.1,27916.9,29603.1,28681.3,28347.5,17123.4,27604.7,28950.6,24671.8,19103.0,19520.9,800,24000,,사후관리DB(원본월별·5년이용량분석)
W200920001,F-600,2024,2386.0,1400.0,1914.0,4394.0,3417.0,5673.0,2449.0,3541.0,4236.0,3465.0,2437.0,1492.0,600,18000,,
W200920025,F-601,2024,9615.0,8847.0,8481.0,10997.0,9892.0,10262.0,10232.0,14555.0,14093.0,11361.0,7363.0,11134.0,800,24000,,
W200920026,F-602,2024,10386.0,14703.0,14578.0,18453.0,16663.0,23195.0,18511.0,17816.0,21853.0,18619.0,14912.0,14037.0,850,25500,,
W200920034,F-603,2024,33143.0,32350.0,30218.0,33129.0,30915.0,33222.0,31062.0,10517.0,94.0,16.0,4976.0,1299.0,950,28500,,
W200920035,F-604,2024,1050.0,1673.0,1501.0,2458.0,1732.0,3258.0,3409.0,4011.0,6619.0,3804.0,2341.0,1971.0,800,15000,,
W200920036,F-605,2024,2284.0,1926.0,1963.0,4253.0,5135.0,8524.0,5597.0,8420.0,9699.0,9101.0,7338.0,2606.0,850,25500,,
W200920037,F-606,2024,1976.0,2832.0,3958.0,4372.0,5039.0,5190.0,2438.0,6436.0,5905.0,4199.0,3308.0,2420.0,800,17000,,
W201010002,F-608,2024,3312.6,6022.6,6581.0,6555.7,7789.4,8341.6,5389.4,10211.3,7351.1,4729.9,4078.5,5260.2,700,21000,,사후관리DB(원본월별·5년이용량분석)
W201010003,F-609,2024,318.6,449.2,1007.9,1053.3,1455.6,1188.2,259.6,892.7,536.0,424.2,40.5,364.6,600,18000,,사후관리DB(원본월별·5년이용량분석)
W201010006,F-611,2024,2054.0,713.2,2222.0,2753.7,2537.9,3150.2,2177.8,5266.9,4937.3,3496.1,2875.3,2898.2,800,24000,,사후관리DB(원본월별·5년이용량분석)
W201010007,F-610,2024,722.4,1174.1,1034.9,1436.9,1286.0,2107.7,1275.6,1791.0,1700.9,592.7,0,0,800,24000,,사후관리DB(원본월별·5년이용량분석)
W201010014,F-612,2024,1395.1,1511.7,2151.0,2079.3,2336.7,1938.6,1646.5,3542.1,3392.2,2146.2,1363.3,1468.0,800,24000,,사후관리DB(원본월별·5년이용량분석)
W201010015,F-613,2024,10367.4,10756.9,10560.2,13711.2,15016.6,18639.7,12057.5,14978.1,14452.4,13142.9,12668.5,12071.2,800,24000,,사후관리DB(원본월별·5년이용량분석)
W201010016,F-614,2024,6018.9,5325.5,4880.0,4470.4,4718.4,6269.0,5574.8,6638.6,16466.9,28074.7,23264.6,22174.9,800,24000,,사후관리DB(원본월별·5년이용량분석)
W201020012,F-616,2024,2419.0,14375.0,13329.0,18517.0,15404.0,19259.0,16446.0,27469.0,23313.0,10527.0,10154.0,9363.0,900,27000,,
W201020013,F-615,2024,7006.0,7144.0,6770.0,7289.0,7353.0,8143.0,7571.0,7613.0,7785.0,6961.0,6699.0,6009.0,800,24000,,
W201020015,F-617,2024,16608.0,17065.0,16851.0,17833.0,17506.0,18677.0,17334.0,18433.0,18608.0,18091.0,19439.0,18843.0,800,24000,,
W201020025,F-627,2024,0.0,0.0,0.0,0.0,0.0,2.0,0.0,0.0,0.0,0.0,4.0,354.0,600,18000,,
W201110010,F-620,2024,41.9,9226.9,16592.7,18172.2,18842.4,28045.0,26527.8,21873.0,24180.0,29552.7,23671.0,4943.0,900,27000,,사후관리DB(원본월별·5년이용량분석)
W201110012,F-618,2024,3517.8,5218.9,5659.5,9214.3,8980.2,11943.1,8811.5,11893.7,14446.3,8941.0,9313.4,8556.0,900,27000,,사후관리DB(원본월별·5년이용량분석)
W201110013,F-619,2024,4469.9,4310.8,4363.8,7824.3,9245.8,11241.3,3959.8,20890.7,15707.9,13273.5,4696.7,5656.7,900,27000,,사후관리DB(원본월별·5년이용량분석)
W201120016,F-625,2024,29529.0,30551.0,28551.0,31532.0,30608.0,30150.0,28188.0,31238.0,31955.0,30797.0,31836.0,30798.0,800,24000,,
W201120017,F-626,2024,2246.0,3216.0,2317.0,7569.0,6028.0,10729.0,2993.0,5116.0,11506.0,7491.0,3842.0,4178.0,800,16800,,
W201210002,F-630,2024,25965.8,24387.8,26063.6,25127.6,26042.5,24798.7,25224.3,26269.1,25468.5,26343.7,26658.2,24879.2,800,24000,,사후관리DB(원본월별·5년이용량분석)
W201210003,F-631,2024,4762.9,4773.8,4026.3,5788.7,5824.6,9301.1,7585.2,8032.9,13847.3,10738.9,10112.2,5776.3,800,24000,,사후관리DB(원본월별·5년이용량분석)
W201210004,F-628,2024,9831.4,8876.4,12339.7,11493.4,14408.9,12510.9,13473.9,19799.4,16356.2,12209.8,9766.7,12029.7,900,27000,,사후관리DB(원본월별·5년이용량분석)
W201210005,F-629,2024,2385.0,2276.4,3131.8,4618.9,5346.6,3801.0,2507.2,6087.2,7377.0,3293.2,1215.8,3412.0,800,24000,,사후관리DB(원본월별·5년이용량분석)
W201210009,F-638,2024,1251.2,823.1,1393.1,1159.4,2437.7,1266.7,780.2,4822.0,7387.6,3732.4,614.4,1251.8,800,24000,,사후관리DB(원본월별·5년이용량분석)
W201210010,F-639,2024,4366.2,4069.0,3989.3,4515.0,3992.4,3874.4,3644.4,7638.6,2638.1,1213.5,1427.6,1044.8,800,24000,,사후관리DB(원본월별·5년이용량분석)
W201210011,F-637,2024,324.9,323.8,273.5,281.5,380.5,217.7,211.6,198.2,194.9,128.3,160.9,127.0,700,21000,,사후관리DB(원본월별·5년이용량분석)
W201210012,F-640,2024,3171.8,3185.1,4820.8,6877.6,8078.8,12322.2,4222.7,10600.5,16024.1,6250.6,3911.1,3898.1,1000,30000,,사후관리DB(원본월별·5년이용량분석)
W201210014,F-621,2024,6214,5337,10864,17537,25173,24891,23933,25275,24511,28225,19921,16571,1500,45000,,제주시DB(분기→월 v5)
W201220032,F-636,2024,7332.0,7737.0,7754.0,15123.0,26306.0,25696.0,21639.0,30548.0,31094.0,31162.0,19468.0,18533.0,900,27000,,
W201220033,F-634,2024,11649.0,12504.0,11065.0,7506.0,8636.0,13359.0,10769.0,12758.0,13721.0,9499.0,8738.0,7362.0,900,27000,,
W201220034,F-632,2024,1798.0,1531.0,1840.0,2589.0,2415.0,2263.0,860.0,2179.0,8070.0,9040.0,946.0,3406.0,700,21000,,
W201220035,F-633,2024,6834.0,5697.0,4924.0,6626.0,8139.0,14113.0,7646.0,10001.0,19044.0,15278.0,11543.0,5923.0,900,27000,,
W201220040,F-622,2024,3439.0,2871.0,2421.0,2566.0,1877.0,1963.0,3140.0,3519.0,8479.0,3509.0,4600.0,1202.0,1000,30000,,
W201220041,F-624,2024,250.0,92.0,126.0,357.0,424.0,688.0,362.0,371.0,591.0,5171.0,7701.0,183.0,1000,30000,,
W201220056,F-635,2024,14997.0,15461.0,16017.0,17832.0,20875.0,19909.0,15682.0,22914.0,22306.0,16165.0,12710.0,12082.0,800,24000,,
W201310003,F-641,2024,28903.9,28926.0,27033.3,26975.3,15125.3,20567.2,12172.8,20754.9,18420.1,14767.0,13254.9,13018.7,800,24000,,사후관리DB(원본월별·5년이용량분석)
W201310004,F-642,2024,0.2,0.2,0.2,10.5,10.5,420.5,12.3,162.6,80.1,2.9,2.4,505.3,700,21000,,사후관리DB(원본월별·5년이용량분석)
W201310005,F-645,2024,734.4,322.2,479.6,500.8,769.6,268.9,301,9585.3,20808.7,12503.9,162.0,138.5,900,27000,,사후관리DB(원본월별·5년이용량분석)
W201310006,F-644,2024,24727.7,23192.8,18524.2,16495.1,11389.4,11343.6,13060.6,24317.4,17604.9,21353.6,32358.5,33377.3,800,24000,,사후관리DB(원본월별·5년이용량분석)
W201310007,F-643,2024,0,0,0,0,0,0,0,0,0,2,0,0,700,21000,,사후관리DB(원본월별·5년이용량분석)
W201310012,F-646,2024,30308.6,28860.9,25585.2,13554.7,13994.2,15359.2,24248.7,28780.9,29704.9,30243.9,31687.0,46239.8,900,27000,,사후관리DB(원본월별·5년이용량분석)
W201320008,F-647,2024,1398.0,1180.0,1396.0,1828.0,2295.0,2614.0,882.0,853.0,204.0,571.0,57.0,420.0,900,27000,,
W201320016,F-648,2024,12622.0,13183.0,11586.0,9351.0,10232.0,10958.0,9637.0,6325.0,10867.0,12340.0,12513.0,12323.0,700,21000,,
W201320017,F-650,2024,11079.0,11432.0,11152.0,16077.0,15018.0,21080.0,16190.0,17089.0,22900.0,12758.0,9700.0,8992.0,700,21000,,
W201320018,F-649,2024,16252.0,18923.0,18176.0,24115.0,21387.0,26886.0,24192.0,23843.0,26646.0,23900.0,20293.0,16006.0,900,27000,,
W201320024,F-623,2024,2065.0,1619.0,91.0,768.0,2186.0,2202.0,7.0,451.0,3338.0,26.0,0.0,0.0,800,24000,,
W201410006,E-001,2024,2130,8721,9099,25492,26778,20549,31653,18028,22265,1197,3,1,800,24000,초과,2017~2026_구좌광역화7공 사후관리DB자료.xlsx
W201410007,E-002,2024,2075,8497,8868,24845,26058,20028,30833,18557,21507,11914,2097,959,800,24000,초과,2017~2026_구좌광역화7공 사후관리DB자료.xlsx
W201410008,E-003,2024,2091,8624,9010,25227,26475,20333,31352,13527,25545,655,2478,1106,800,24000,초과,2017~2026_구좌광역화7공 사후관리DB자료.xlsx
W201410009,E-004,2024,2105,1224,0,5,0,0,41,18127,23646,4405,2486,1198,800,24000,0,2017~2026_구좌광역화7공 사후관리DB자료.xlsx
W201410010,E-005,2024,17598,11545,9565,13414,14194,12570,14388,8197,10266,15274,13932,12718,800,24000,0,2017~2026_구좌광역화7공 사후관리DB자료.xlsx
W201410011,E-006,2024,17670,13017,9588,13397,14087,12425,14206,12198,14220,15661,14155,12843,800,24000,0,2017~2026_구좌광역화7공 사후관리DB자료.xlsx
W201410012,E-007,2024,18082,13357,9790,13728,14522,12859,14692,12471,13124,14314,13057,11845,800,24000,0,2017~2026_구좌광역화7공 사후관리DB자료.xlsx
W201410029,F-652,2024,101.0,93.2,1466.9,6613.1,6143.4,5283.0,5905.8,4234.6,4994.1,4455.6,41.7,41.2,800,24000,,사후관리DB(원본월별·5년이용량분석)
W201410031,F-653,2024,0.2,0.2,0.2,124.2,4132.1,3030.7,133.5,140.3,123.9,0.8,0.7,0.8,800,24000,,사후관리DB(원본월별·5년이용량분석)
W201420006,F-651,2024,1343.0,1430.0,1509.0,1889.0,2348.0,2043.0,1626.0,1447.0,2560.0,3972.0,3567.0,2667.0,600,18000,,
W201420013,F-655,2024,898.0,0.0,6.0,702.0,1519.0,2599.0,1733.0,2019.0,4727.0,7836.0,4730.0,1181.0,900,27000,,
W201420017,F-656,2024,8422.0,11152.0,9856.0,11585.0,11164.0,13305.0,8767.0,10722.0,12277.0,11430.0,6033.0,70.0,900,27000,,
W201420022,F-657,2024,17976.0,21477.0,19018.0,27735.0,24948.0,28496.0,23013.0,22258.0,25105.0,17727.0,11984.0,9317.0,900,27000,,
W201510020,F-654,2024,1701,2253.2,1800.4,3308.4,3040.6,6409.4,2974.0,5825.9,6293.2,3419.3,2883.6,2677.3,800,24000,,사후관리DB(원본월별·5년이용량분석)
W201510026,F-659,2024,19084.2,20041.1,18120.3,19904.8,20033.4,23087.6,21452.2,22440.5,22297.0,19292.8,18853.7,17372.4,800,24000,,사후관리DB(원본월별·5년이용량분석)
W201510027,F-660,2024,8847.3,8664.7,8615.4,10285.0,10525.7,11672.6,8764.5,11277.4,11297.4,11004.0,11371.8,10955.4,800,24000,,사후관리DB(원본월별·5년이용량분석)
W201520003,F-658,2024,2305.0,3472.0,3268.0,8576.0,6030.0,9937.0,13011.0,18215.0,19546.0,4699.0,2605.0,3234.0,700,14700,,
W201610021,F-661,2024,4691.5,4558.5,4530.2,5107.5,6016.4,6455.8,6161.0,6456.2,5302.4,5336.3,4576.3,4562.6,800,24000,,사후관리DB(원본월별·5년이용량분석)
W201620001,F-664,2024,19392.0,20349.0,16641.0,20048.0,23207.0,33225.0,32775.0,34239.0,41377.0,24510.0,23427.0,11289.0,800,24000,,
W201620002,F-665,2024,6464.0,6784.0,5547.0,6683.0,7737.0,11075.0,10926.0,11414.0,13793.0,18382.0,17570.0,8467.0,800,24000,,
W201620003,F-666,2024,6464.0,6784.0,5547.0,6683.0,7736.0,11075.0,10925.0,11414.0,13793.0,18382.0,17570.0,8467.0,800,24000,,
W201620009,F-662,2024,2086.0,2913.0,2973.0,3046.0,3197.0,4122.0,2237.0,4595.0,4005.0,2863.0,2486.0,2043.0,500,15000,,
W201620010,F-663,2024,2143.0,2231.0,2852.0,2455.0,2273.0,3902.0,2147.0,3311.0,3782.0,5707.0,4373.0,2675.0,700,21000,,
W201620012,성읍,2024,9458,8864,9152,10151,11208,11935,1185,1952,4979,3991,5768,280,800,19200,,농어촌공사DB
W201810023,F-667,2024,17.7,18.4,16.5,327.7,163.1,3193.2,1342.9,7527.6,5681.1,781.6,20.7,18.6,700,21000,,사후관리DB(원본월별·5년이용량분석)
W201820001,F-662-1,2024,4552.0,6359.0,6489.0,10186.0,10688.0,13778.0,6822.0,14015.0,12216.0,9019.0,7833.0,6438.0,500,15000,,
W201910011,F-668,2024,15443.5,13313.7,10420.0,11781.5,13243.1,10735.6,9590.1,9007.3,7310.2,7121.6,7254.8,8448.7,500,15000,,사후관리DB(원본월별·5년이용량분석)
W202020012,F-669,2024,394.0,338.0,336.0,403.0,220.0,249.0,897.0,582.0,653.0,1423.0,1117.0,648.0,900,27000,,
Y199310610,D-154,2024,9128.7,9515.4,9215.5,10339.5,9699.0,10404.6,5689.7,6106.8,7900.4,6988.4,7402.2,7698.9,750,22500,,사후관리DB(원본월별·5년이용량분석)
Y199310670,F-044,2024,14962.0,15373.6,14348.9,16240.7,17506.0,22539.3,15880.4,19385.9,23481.8,18649.0,15799.1,13916.1,1250,37500,,사후관리DB(원본월별·5년이용량분석)
Y199310671,F-053,2024,6209.9,6621.0,6412.9,9303.7,8217.8,11270.6,8917.2,9675.7,10070.5,7072.3,6100.2,5508.0,1000,30000,,사후관리DB(원본월별·5년이용량분석)
Y199320005,D-036,2024,2665.0,1602.0,1941.0,2325.0,2517.0,2814.0,1970.0,3332.0,5107.0,2715.0,2286.0,2178.0,850,18000,,
Y199320006,W-024,2024,5846.0,5221.0,6169.0,3187.0,4167.0,4796.0,5158.0,10317.0,7986.0,5991.0,5264.0,5525.0,700,21000,,
Y199320007,D-063,2024,14569.0,16926.0,17314.0,14936.0,9157.0,14759.0,11527.0,13095.0,17218.0,13578.0,13506.0,11450.0,2100,44000,,
Y199320009,D-101,2024,11127.0,12030.0,15283.0,15999.0,16071.0,22104.0,12697.0,21287.0,23355.0,19335.0,15914.0,14047.0,720,21600,,
Y199320011,W-018,2024,13041.0,14262.0,14886.0,7779.0,8096.0,9936.0,13850.0,18282.0,17366.0,16298.0,15682.0,12767.0,1300,23000,,
Y199320831,F-054,2024,17016.0,18299.0,14715.0,18153.0,17217.0,20436.0,18130.0,20713.0,19606.0,17959.0,18162.0,17073.0,700,21000,,
Y199320832,D-250,2024,9071.0,8099.0,7157.0,8259.0,9235.0,8861.0,7340.0,10129.0,9468.0,9459.0,9187.0,8996.0,600,18000,,
Y199320836,F-045,2024,4337.0,4479.0,6359.0,10956.0,9153.0,11822.0,9145.0,7770.0,13684.0,10396.0,8040.0,5221.0,700,16000,,
Y199320837,D-229,2024,9535.0,9626.0,11524.0,16727.0,16051.0,18440.0,12942.0,22539.0,18259.0,14266.0,14708.0,13245.0,2000,17550,,
Y199320838,D-228,2024,3696.0,5175.0,7434.0,12594.0,12138.0,16525.0,9756.0,14507.0,17073.0,13141.0,9191.0,8064.0,950,28500,,
Y199320839,D-178,2024,20684.0,23518.0,22741.0,25938.0,25098.0,25511.0,15912.0,26301.0,28533.0,21332.0,20063.0,18227.0,1300,30000,,
Y199320841,D-087,2024,15776.0,18298.0,18265.0,25458.0,23664.0,27523.0,23715.0,23823.0,31559.0,27497.0,24654.0,14888.0,950,28500,,
Y199320842,D-108,2024,2307.0,2864.0,3146.0,1823.0,1644.0,1203.0,1033.0,2020.0,2794.0,870.0,730.0,523.0,100,2000,,
Y199330023,F-552,2024,10979.6,8769.1,10095.4,22802.2,27980.9,30250.2,24291.8,25992.8,20611.2,19798.3,16567.1,14534.2,800,24000,,사후관리DB(원본월별·5년이용량분석)
Y199330039,F-005,2024,0,0,0,0,0,0,0,0,0,0,3,0,850,25500,,사후관리DB(원본월별·5년이용량분석)
Y199330040,F-028,2024,25393.8,28045.7,27152.5,18839.7,18144.8,23990.1,17107.7,20969.1,28915.9,23358.8,28939.0,25306.2,1150,34500,,사후관리DB(원본월별·5년이용량분석)
Y199330041,D-219,2024,3710.5,3249.2,4891.4,6424.6,6138.7,9977.8,6877.8,7032.9,7401.6,6236.8,5054.9,3977.1,650,19500,,사후관리DB(원본월별·5년이용량분석)
Y199330042,F-046,2024,744.1,928.4,429.2,1717.2,3106.7,4238.5,1758.7,2345.0,6456.2,6440.6,1100.2,679.9,900,27000,,사후관리DB(원본월별·5년이용량분석)
Y199330043,F-016,2024,14109.8,13579.2,13172.1,16814.9,22941.0,33891.1,26061.5,32638.0,31889.0,23492.1,15086.6,11976.0,1550,46500,,사후관리DB(원본월별·5년이용량분석)
Y199330044,D-119,2024,2863.1,2823.8,2477.3,2446.6,2906.4,3969.9,2684.8,4266.8,8687.7,10022.5,6616.0,5292.8,1250,17550,,사후관리DB(원본월별·5년이용량분석)
Y199330045,F-017,2024,3706.9,3926.6,3821.0,4579.4,5068.4,5878.7,3930.0,5676.6,9145.4,5756.4,467.4,443.9,1400,20070,,사후관리DB(원본월별·5년이용량분석)
Y199330046,D-047,2024,5459.2,5703.4,5963.9,7045.4,7159.4,9051.7,7241.6,7640.4,10801.2,8311.6,6041.3,5829.5,1000,30000,,사후관리DB(원본월별·5년이용량분석)
Y199330047,F-010,2024,14394.5,4577.7,11941.6,11180.8,7346.9,11531.9,6880.1,8535.7,17310.9,11939.4,5811.0,4680.8,1350,40500,,사후관리DB(원본월별·5년이용량분석)
Y199330048,F-008,2024,4372.2,3989.7,3660.1,4330.4,5024.0,7319.8,4792.3,5269.5,7643.9,6276.5,3815.2,2945.7,1200,36000,,사후관리DB(원본월별·5년이용량분석)
Y199330049,F-009,2024,2618.3,2523.4,1366.5,2605.4,13425.6,25064.6,18921.6,20124.2,26498.7,23931.5,19271.9,15844.8,1000,30000,,사후관리DB(원본월별·5년이용량분석)
Y199330050,D-044,2024,20464.5,19553.6,20655.5,23629.0,23399.6,18368.3,4996.1,18182.7,16768.6,14442.4,10381.6,9091.6,,,,사후관리DB(원본월별·5년이용량분석)
Y199330051,F-027,2024,5756.3,6062.9,6672.7,8764.7,10357.4,12732.2,9829.7,12702.8,15750.4,11447.0,7729.4,7281.7,1250,37500,,사후관리DB(원본월별·5년이용량분석)
Y199330052,D-027,2024,10306.6,10860.7,10356.1,11197.2,10127.0,12295.1,9626.2,11141.9,15728.2,12989.5,10496.5,10063.1,1150,34500,,사후관리DB(원본월별·5년이용량분석)
Y199330053,F-022,2024,10316.8,10640.3,10350.4,13172.2,17087.6,24863.0,14066.7,21632.4,26044.8,17389.8,11700.2,13008.9,1000,30000,,사후관리DB(원본월별·5년이용량분석)
Y199330054,D-157,2024,22529.6,23091.9,10505.9,8081.5,8847.6,12012.2,8344.6,9639.9,10469.5,10568.0,12033.2,13887.8,1100,33000,,사후관리DB(원본월별·5년이용량분석)
Y199330055,F-021,2024,0,0,0,0,0,0,16.8,16.8,114.2,0,0,0,1250,37500,,사후관리DB(원본월별·5년이용량분석)
Y199330056,F-037,2024,1457.5,1813.0,1719.0,2589.0,4619.0,6907.4,3813.8,9124.4,10424.9,3419.8,1524.2,1559.8,1250,37500,,사후관리DB(원본월별·5년이용량분석)
Y199330057,F-047,2024,6852.9,8042.9,7938.4,10075.9,11344.8,13145.0,10772.2,13607.4,13544.5,11415.9,9700.5,8455.6,700,4560,,사후관리DB(원본월별·5년이용량분석)
Y199330059,F-023,2024,208.8,227.0,441.3,1348.0,3510.8,3159.5,1348.6,3205.1,3715.1,1857.2,3803.3,8459.3,1100,33000,,사후관리DB(원본월별·5년이용량분석)
Y199330060,F-034,2024,6682.0,6285.4,6037.2,10176.2,12608.2,23291.5,13916.7,19654.8,26530.7,14812.3,10819.0,8265.2,1000,30000,,사후관리DB(원본월별·5년이용량분석)
Y199330061,U-052,2024,27278.9,29046.2,29171.8,30017.4,30299.6,35509.8,19448.7,22023.5,22935.4,9789.9,1935.1,1483.3,1250,37500,,사후관리DB(원본월별·5년이용량분석)
Y199330062,U-053,2024,0,0,0,0.5,0.5,0.5,0.3,0.3,0.3,1.6,1.8,1.7,1700,51000,,사후관리DB(원본월별·5년이용량분석)
Y199330063,D-067,2024,1273.8,1052.5,1400.6,2545.7,2775.6,3175.8,6359.6,2282.9,5310.9,4623.5,19503.1,26931.4,1000,30000,,사후관리DB(원본월별·5년이용량분석)
Y199330064,D-078,2024,21213.0,22962.3,22050.7,24942.1,24223.6,26018.6,22367.5,22885.2,24230.0,21644.6,21591.2,20593.5,2000,60000,,사후관리DB(원본월별·5년이용량분석)
Y199330065,D-189,2024,6542.0,5883.9,6226.0,8449.5,8699.8,13274.0,9475.5,11955.2,14958.7,9290.0,7593.0,5796.5,1350,40500,,사후관리DB(원본월별·5년이용량분석)
Y199330066,F-048,2024,6954.7,7469.9,6347.3,10255.7,12028.6,14069.5,9372.5,12424.2,14850.2,10784.0,8962.1,7962.3,1000,4800,,사후관리DB(원본월별·5년이용량분석)
Y199330070,U-041,2024,7484.6,10162.7,22863.3,7835.4,3876.6,9310.7,2881.9,4739.8,8207.1,1275.7,5221.9,11936.9,1600,48000,,사후관리DB(원본월별·5년이용량분석)
Y199330072,D-009,2024,0.6,0.5,0.5,20.4,10.2,194.7,14.6,3221.4,65.6,116.1,16.2,18.9,1000,30000,,사후관리DB(원본월별·5년이용량분석)
Y199330073,D-074,2024,1009.9,1605.4,2320.5,3886.8,4142.5,5932.2,4077.6,5077.8,5739.8,5703.5,3184.7,2290.9,600,17730,,사후관리DB(원본월별·5년이용량분석)
Y199330074,D-079,2024,125.4,124.2,116.6,81.5,301.0,89.1,12.6,0,0,1487.5,3.5,0,1500,45000,,사후관리DB(원본월별·5년이용량분석)
Y199330075,D-080,2024,210.1,214.6,1984.8,17860.6,703.0,339.3,0.5,12.6,34.0,11325.1,6764.9,14163.8,1600,48000,,사후관리DB(원본월별·5년이용량분석)
Y199330076,D-086,2024,5082.9,7875.7,227.9,231.7,5907.9,11512.1,2725.6,6758.9,22651.9,40706.2,42121.8,244.6,2000,60000,,사후관리DB(원본월별·5년이용량분석)
Y199330077,D-088,2024,0,0,2,0,6,0,0,0,0,0,0,0,2000,60000,,사후관리DB(원본월별·5년이용량분석)
Y199330078,D-093,2024,3977.8,7112.7,12798.0,20340.7,16294.2,265.1,1.0,17.0,52.1,12823.0,3768.5,2336.0,2000,60000,,사후관리DB(원본월별·5년이용량분석)
Y199330079,D-102,2024,785.4,839.9,911.3,653.6,722.5,916.7,788.0,1167.4,2031.0,2505.7,1717.7,1408.7,700,21000,전년 자료 없음 — 외삽,사후관리DB(원본월별·5년이용량분석)
Y199330080,D-104,2024,2626.8,230.3,214.1,238.3,12298.6,13973.8,12207.9,13703.2,13745.7,19385.4,19905.8,19599.1,1300,39000,,사후관리DB(원본월별·5년이용량분석)
Y199330083,D-123,2024,16506.5,10223.5,4477.8,20.6,21.5,29.7,3.1,4.9,4.6,5080.6,4405.1,10342.7,1250,37500,,사후관리DB(원본월별·5년이용량분석)
Y199330084,D-134,2024,1900.0,2260.6,2379.0,4743.7,2827.9,2741.5,1152,2362.7,6202.7,5104.1,1855.5,1382.0,1650,49500,,사후관리DB(원본월별·5년이용량분석)
Y199330085,D-153,2024,734.4,726.0,778.1,11708.4,10287.6,11548.1,5879.1,2272.6,4038.4,19041.0,14971.5,14199.8,1400,42000,,사후관리DB(원본월별·5년이용량분석)
Y199330086,D-155,2024,7201.3,289.3,273.6,148.0,358.0,8491.5,19711.1,24147.5,22921.8,19583.5,10408.1,15717.3,1750,52500,,사후관리DB(원본월별·5년이용량분석)
Y199330087,D-171,2024,1.2,1.2,1.1,8.5,9.7,11.2,1.7,2.6,4.5,144.8,86.7,80.7,2000,60000,,사후관리DB(원본월별·5년이용량분석)
Y199330088,D-179,2024,10587.8,4628.6,7370.9,26611.2,33567.0,27110.0,24192.9,27113.2,26089.4,21221.5,28517.4,28167.8,1300,39000,,사후관리DB(원본월별·5년이용량분석)
Y199330089,D-180,2024,13330.5,12421.1,4432.3,4227.6,6158.1,8317.1,10655.9,17492.8,16288.2,7151.9,3114.7,777.6,1850,55500,전년 자료 없음 — 외삽,사후관리DB(원본월별·5년이용량분석)
Y199330090,D-190,2024,95.1,98.4,88.6,98.4,91.8,206.6,4473.9,12893.7,13595.6,7216,15616.1,14891.2,1900,57000,,사후관리DB(원본월별·5년이용량분석)
Y199330091,D-181,2024,14941.5,14655.2,7057.8,11369.1,14656.7,11027.9,11675.7,7117.0,2614.5,1553.3,453.0,794.8,1400,42000,,사후관리DB(원본월별·5년이용량분석)
Y199330092,D-221,2024,4732.5,3825.6,6567.5,9521.1,10674.8,16529.4,5892.0,17395.9,17165.4,14851.1,5154.2,4664.1,1000,30000,,사후관리DB(원본월별·5년이용량분석)
Y199330093,F-011,2024,445.8,498.6,556.1,395.9,336.2,366.0,341.1,725.8,875.9,79.6,81.9,14.0,700,21000,,사후관리DB(원본월별·5년이용량분석)
Y199330094,F-029,2024,663.3,4360.6,1087.0,1367.0,2410.0,1960.8,853.1,809.0,10503.4,5651.1,1125.8,781.4,1300,39000,전년 자료 없음 — 외삽,사후관리DB(원본월별·5년이용량분석)
Y199330095,D-191,2024,3902.5,3342.1,6137.3,8670.3,7962.3,9615.1,6300.4,8891.8,11637.8,10458.3,4831.6,4802.2,1200,20070,,사후관리DB(원본월별·5년이용량분석)
Y199330096,F-041,2024,6145.9,6294.9,9638.0,13256.2,10869.0,12038.5,10142.4,15942.6,15642.4,18300.3,10364.1,9324.8,1250,37500,,사후관리DB(원본월별·5년이용량분석)
Y199330097,D-233,2024,18299.4,14096.0,15036.2,20329.7,20015.4,21856.7,10524.0,14091.4,13395.9,8068.6,6534.8,5774.4,1000,30000,,사후관리DB(원본월별·5년이용량분석)
Y199330098,F-049,2024,6622.5,6765.3,8821.4,12044.7,13772.3,12685.8,8912.5,26362.7,21600.0,16164.1,9547.6,8760.6,1000,30000,전년 자료 없음 — 외삽,사후관리DB(원본월별·5년이용량분석)
Y199330100,D-170,2024,13031.5,11699.0,13393.8,12871.0,15956.7,15307.9,12631.3,6805.9,0,5120.4,11857.9,13208.8,1400,42000,,사후관리DB(원본월별·5년이용량분석)
Y199330107,W-022,2024,2760.0,2914.4,2875.8,3625.3,4523.5,5574.6,5584.8,6921.0,7914.0,8192.6,7178.4,6114.8,1000,30000,,사후관리DB(원본월별·5년이용량분석)
Y199330108,D-026,2024,7490.3,8756.1,7522.2,9662.1,12510.0,5775.2,461.6,819.3,4276.0,2599.4,95.6,16089.3,900,27000,전년 자료 없음 — 외삽,사후관리DB(원본월별·5년이용량분석)
Y199330109,D-033,2024,23444.4,22995.4,23238.7,29172.4,30847.1,35370.0,33056.7,35225.9,35998.9,30790.6,28507.5,28393.0,1000,30000,,사후관리DB(원본월별·5년이용량분석)
Y199330110,D-051,2024,357.8,648.0,6071.0,706.2,180.5,190.3,403.4,3235.1,11462.9,17883.2,7943.2,6826.6,1000,30000,,사후관리DB(원본월별·5년이용량분석)
Y199330112,W-001,2024,8954.3,291.5,273.7,1.8,1.7,1.8,0.9,1.1,13.7,20542.1,3450.1,226.5,2000,60000,,사후관리DB(원본월별·5년이용량분석)
Y199330113,D-128,2024,32315.1,34671.5,32892.7,35377.4,32232.2,32400.2,29593.2,32110.1,33674.4,33912.6,32074.8,32126.3,900,27000,,사후관리DB(원본월별·5년이용량분석)
Y199330119,D-014,2024,11086.4,11328.6,11871.4,11160.8,14227.3,16400.0,14447.1,15868.4,20876.0,19179.1,13377.9,12764.9,1700,51000,,사후관리DB(원본월별·5년이용량분석)
Y199330123,D-046,2024,21356,18310,21768,22993,24031,14787,13457,13342,11764,13959,9471,10285,900,27000,,제주시DB(분기→월 v5)
Y199330126,D-141,2024,3287.7,3169.6,3120.0,3902.1,4967.4,6543.8,3249.1,5954.9,8244.4,6622.9,3862.9,3857.5,1200,36000,,사후관리DB(원본월별·5년이용량분석)
Y199330127,F-003,2024,2939.7,2408.1,2387.0,3210.4,6410.1,7742.6,6808.3,8385.5,11734.8,9378.9,4952.7,4582.2,1250,37500,,사후관리DB(원본월별·5년이용량분석)
Y199330130,D-218,2024,387.4,297.8,371.7,517.4,767.9,1255.1,669.5,1133.5,904.1,364.5,415.9,353.7,1200,36000,,사후관리DB(원본월별·5년이용량분석)
Y199330132,D-211,2024,0,0,0,0,0,0,0,0,0,0,0,0,700,21000,"전년→1차 역행(-342.0), 1차→2차 평균 사용; 4차이후 외삽 (2024-11-21 ~ 12/31)",사후관리DB(원본월별·5년이용량분석)
Y199330135,D-019,2024,14062.6,12595.5,13057.0,14885.7,14566.9,18352.1,4153.3,18660.1,34730.6,7183.0,3970.4,3864.8,1900,57000,,사후관리DB(원본월별·5년이용량분석)
Y199330140,D-042,2024,7288.6,7327.8,9748.2,8920.6,8949.4,10887.0,13454.1,16297.4,12686.4,3664.8,574.2,75.2,850,25500,,사후관리DB(원본월별·5년이용량분석)
Y199330144,D-188,2024,219.7,308.1,256.7,640.7,718.8,275.2,241.6,807.5,697.2,370.6,317.0,286.4,1400,20070,4차이후 외삽 (2024-11-26 ~ 12/31),사후관리DB(원본월별·5년이용량분석)
Y199330146,A-001,2024,4824.5,3499.6,3292.4,2690.9,2621.6,2729.6,2520.2,472.2,1717.2,2481.1,3726.6,3566.7,1000,30000,,사후관리DB(원본월별·5년이용량분석)
Y199330149,A-004,2024,48908.8,48928.8,45326.9,46912.9,32932.3,49000.5,16335.5,27487.4,3618.1,0.5,0.5,8.3,1200,36000,,사후관리DB(원본월별·5년이용량분석)
Y199330150,A-005,2024,131.1,129.5,198.2,1035.1,8031.5,163.3,5330.9,4305.4,13282.1,5717.7,4062.4,6642.2,1200,36000,,사후관리DB(원본월별·5년이용량분석)
Y199330161,F-002,2024,7928.9,7909.0,7343.9,7846.4,7656.2,8356.1,8162.7,8024.1,7853.2,7435.3,6049.3,7822.3,700,21000,,사후관리DB(원본월별·5년이용량분석)
Y199330164,D-220,2024,4019.6,7837.2,6406.5,9501.2,9177.5,16681.1,11576.6,14794.2,19289.8,5015.1,3446.5,3109.2,800,24000,,사후관리DB(원본월별·5년이용량분석)
Y199330165,F-030,2024,3872.3,3910.1,3657.3,0,0,0,1.5,1248.3,4483.2,3316.0,2844.2,1779.7,700,21000,,사후관리DB(원본월별·5년이용량분석)
Y199330168,D-015,2024,5.1,5.1,5.1,106.5,514.0,1057.4,55.3,11533.9,384.0,971.9,34.3,160.1,700,21000,,사후관리DB(원본월별·5년이용량분석)
Y199330169,D-021,2024,2471.2,3961.5,4775.1,8835.0,11807.9,12286.5,6758.4,12101.6,13605.2,7839.1,5501.3,3580.9,1150,34500,,사후관리DB(원본월별·5년이용량분석)
Y199330170,D-035,2024,14948.7,16869.3,15134.0,19483.3,21113.9,13281.5,15610.2,12026.0,11520.8,10319.1,6494.6,4001.8,1000,30000,,사후관리DB(원본월별·5년이용량분석)
Y199330171,D-041,2024,5152.4,5612.0,4480.2,7055.2,7853.5,11607.6,7759.0,13527.2,15632.0,9501.1,5778.5,4757.4,1050,31500,,사후관리DB(원본월별·5년이용량분석)
Y199330172,D-052,2024,2797.3,2806.2,2784.0,3939.6,5176.5,7749.1,4318.3,6905.6,9375.5,9068.3,6573.7,6150.0,1150,34500,,사후관리DB(원본월별·5년이용량분석)
Y199330173,D-094,2024,0,0,0,0,0,0,0,0,0,0,0,0,1500,45000,,사후관리DB(원본월별·5년이용량분석)
Y199330175,D-151,2024,8324.1,7650.3,6835.9,8601.5,10527.8,13489.4,8942.6,12771.5,13029.6,14600.7,7566.4,7741.0,1150,34500,,사후관리DB(원본월별·5년이용량분석)
Y199330176,D-202,2024,8607.9,9401.8,9264.2,14147.6,14898.5,18774.9,12853.9,17788.9,18683.6,16748.0,11678.7,9224.9,1150,34500,,사후관리DB(원본월별·5년이용량분석)
Y199330398,W-301,2024,11453.1,12493.6,12927.8,17956.6,20217.9,23596.2,17737.6,21249.2,22276.9,16980.4,14091.6,13386,1000,30000,,사후관리DB(원본월별·5년이용량분석)
Y199330399,W-302,2024,8913.1,9448.0,12378.1,6167.3,6898.3,9706.9,10419.4,14242.8,15463.1,8824.1,6917.4,5849.2,950,28500,,사후관리DB(원본월별·5년이용량분석)
Y199330400,W-303,2024,23343.5,24380.9,23606.2,32985.3,29539.6,36719.1,26956.7,31676.2,35910.0,25918.1,22305.0,19557.6,1000,30000,,사후관리DB(원본월별·5년이용량분석)
Y199330401,W-304,2024,0,0,0,0,0,0,0,0,0,0,0,0,850,25500,"전년→1차 역행(-539.0), 1차→2차 평균 사용; 4차이후 외삽 (2024-11-05 ~ 12/31)",사후관리DB(원본월별·5년이용량분석)
Y199330402,W-305,2024,3166.2,3489.4,4831.6,6416.4,7796.6,10829.1,8088.4,9610.0,15418.1,9889.7,4888.3,4451.4,1100,33000,,사후관리DB(원본월별·5년이용량분석)
Y199330403,W-306,2024,4438.0,1886.8,7421.0,15940.1,18219.8,20417.8,17392.1,17543.4,21055.4,18594.2,13605.8,10913.3,850,25500,,사후관리DB(원본월별·5년이용량분석)
Y199330404,W-307,2024,14976.4,18407.2,14888.8,14651.7,13909.5,23931.6,15831.2,22065.7,21216.2,16536.7,15321.7,12280.5,600,18000,,사후관리DB(원본월별·5년이용량분석)
Y199330406,D-244,2024,4804.3,5031.6,4088.7,8850.4,9207.5,12938.7,6322.8,9444.2,12733.8,9042.7,5119.2,3574.0,700,15870,,사후관리DB(원본월별·5년이용량분석)
Y199330407,D-242,2024,2834.7,2728.1,3363.0,4732.5,6259.1,9252.0,4727.2,6823.7,8583.3,4915.5,4647.0,4557.5,1000,30000,,사후관리DB(원본월별·5년이용량분석)
Y199330408,F-060,2024,6057.8,6776.7,8364.4,15454.1,11234.0,18525.1,11104.1,17649.4,18953.7,15174.8,11805.7,9475.1,800,24000,,사후관리DB(원본월별·5년이용량분석)
Y199330409,F-059,2024,1862.3,1666.3,1929.2,1819.7,2362.9,3646.2,2395.6,4222.5,6565.5,6256.1,2492.4,2698.2,1000,30000,,사후관리DB(원본월별·5년이용량분석)
Y199330410,F-058,2024,10341.1,14704.4,20625.3,30967.7,23475.1,31253.1,30254.0,28143.1,30020.7,21055.4,25299.2,28476.2,1000,30000,,사후관리DB(원본월별·5년이용량분석)
Y199330411,F-056,2024,8424.1,9544.0,9615.6,14030.0,16700.4,21045.0,13277.8,16579.4,26321.7,14426.9,11518.5,9594.0,700,21000,,사후관리DB(원본월별·5년이용량분석)
Y199330412,F-057,2024,36.4,4805.0,11634.3,8908.2,2023.9,5194.1,221.8,79.7,318.7,54.1,100.3,68.6,1000,30000,,사후관리DB(원본월별·5년이용량분석)
Y199330413,D-252,2024,4182.8,4738.5,7133.2,7278.2,8095.1,1055.3,3040.3,9925.4,3337.4,6526.4,6835.0,7022.6,1000,30000,,사후관리DB(원본월별·5년이용량분석)
Y199330414,D-255,2024,72.3,32.4,30.2,39.9,62.7,111.1,135.3,312.7,446.8,461.6,350.9,488.5,750,22500,,사후관리DB(원본월별·5년이용량분석)
Y199330418,W-014,2024,1982,312,2428,3370,3978,3091,4263,4471,4549,4969,2189,6349,800,12000,,농어촌공사DB
Y199330419,D-032,2024,8178,3605,2601,3063,4067,4516,4889,6414,5606,6279,4726,3955,1300,20000,,농어촌공사DB
Y199330420,D-008,2024,27004,21793,14156,6076,7423,8401,11905,18128,7293,9118,7630,5833,800,13000,,농어촌공사DB
Y199330421,D-098,2024,8244,9458,11075,11502,12830,14375,18760,21661,16128,12196,10390,10228,1200,15000,,농어촌공사DB
Y199330422,D-010,2024,0,279,0,0,325,0,1,127,126,114,0,1,1100,24500,,농어촌공사DB
Y199330423,D-045,2024,1613,2341,988,1331,1109,744,1954,9008,3294,1851,289,2,1000,15000,,농어촌공사DB
Y199340974,U-050,2024,1417.0,1432.0,1709.0,1040.0,771.0,3652.0,2789.0,3339.0,8259.0,8340.0,5351.0,1258.0,1700,51000,,
Y199340975,W-028,2024,4792.0,4895.0,5388.0,4769.0,4194.0,5624.0,8751.0,6875.0,9678.0,5715.0,4057.0,3710.0,800,24000,,
Y199340976,F-004,2024,2896.0,3211.0,2755.0,5404.0,4528.0,5062.0,3967.0,6502.0,7680.0,10296.0,7068.0,2814.0,1100,20070,,
Y199340977,F-006,2024,20378.0,27111.0,25210.0,31087.0,28656.0,35102.0,27862.0,34694.0,36353.0,29999.0,27195.0,24155.0,1700,21840,,
Y199340978,F-012,2024,3.0,0.0,0.0,0.0,0.0,20.0,0.0,8.0,0.0,0.0,0.0,5.0,1500,45000,,
Y199340979,F-013,2024,2154.0,2144.0,2012.0,2365.0,3044.0,3965.0,2365.0,3229.0,5541.0,6378.0,4096.0,1639.0,1500,45000,,
Y199340980,F-014,2024,714.0,504.0,1257.0,1523.0,1566.0,2642.0,510.0,2387.0,12397.0,9109.0,702.0,2439.0,1150,17550,,
Y199340982,F-019,2024,5443.0,4794.0,8520.0,8406.0,7610.0,7573.0,4001.0,9418.0,8918.0,7408.0,6303.0,4663.0,800,14460,,
Y199340983,F-024,2024,2178.0,1854.0,2048.0,2085.0,2398.0,2676.0,1689.0,3430.0,22596.0,13402.0,1947.0,2583.0,1200,20340,,
Y199340984,F-025,2024,5120.0,7878.0,9670.0,11009.0,13882.0,14235.0,8597.0,16016.0,14806.0,10071.0,7552.0,6029.0,700,21000,,
Y199340986,F-035,2024,3384.0,2178.0,1788.0,3356.0,2790.0,3424.0,3373.0,2231.0,4398.0,5620.0,7756.0,2360.0,1150,21060,,
Y199340987,F-038,2024,3503.0,3831.0,2793.0,3521.0,4254.0,6012.0,3468.0,4570.0,7182.0,13350.0,9363.0,4147.0,1050,31500,,
Y199340988,F-039,2024,15613.0,23504.0,8318.0,9390.0,8923.0,12118.0,7862.0,11288.0,12338.0,7423.0,5242.0,2203.0,650,17550,,
Y199340989,F-042,2024,,,,,,,,,,,,,1000,17550,,
Y199340990,F-043,2024,0.0,0.0,0.0,0.0,0.0,0.0,0.0,0.0,0.0,0.0,0.0,0.0,700,9639,,
Y199340991,F-050,2024,867.0,1011.0,916.0,3328.0,2942.0,6267.0,3438.0,3033.0,6676.0,7308.0,8296.0,969.0,950,28500,,
Y199340992,F-052,2024,2986.0,4940.0,3751.0,4487.0,3161.0,3721.0,1475.0,2355.0,8252.0,3734.0,865.0,832.0,950,28500,,
Y199340993,D-017,2024,3.0,0.0,0.0,0.0,567.0,1162.0,679.0,770.0,2709.0,3338.0,2973.0,309.0,1150,34500,,
Y199340994,D-040,2024,4878.0,4949.0,4821.0,5046.0,4397.0,6674.0,8324.0,7414.0,13016.0,10700.0,9895.0,6594.0,1400,42000,,
Y199340995,D-048,2024,7438.0,7278.0,6972.0,8098.0,8141.0,6687.0,5140.0,4873.0,8664.0,9282.0,8371.0,5824.0,1050,13500,,
Y199340996,D-083,2024,1933.0,428.0,275.0,675.0,477.0,781.0,262.0,690.0,1283.0,1217.0,239.0,134.0,1000,30000,,
Y199340997,D-089,2024,3164.0,4077.0,4252.0,6719.0,8294.0,7592.0,5050.0,6091.0,9581.0,14012.0,10795.0,6258.0,900,27000,,
Y199340998,D-090,2024,8117.0,8614.0,8210.0,10579.0,5855.0,7109.0,5784.0,6719.0,8616.0,10469.0,7737.0,6817.0,1000,30000,,
Y199340999,D-095,2024,4297.0,4571.0,5388.0,6642.0,5444.0,7902.0,3662.0,3964.0,6063.0,7211.0,6914.0,2981.0,950,28500,,
Y199341000,D-099,2024,709.0,343.0,346.0,979.0,949.0,1104.0,825.0,435.0,486.0,1351.0,606.0,5.0,1000,30000,,
Y199341001,D-184,2024,2582.0,3036.0,6385.0,4787.0,4660.0,6338.0,4561.0,4941.0,7862.0,7971.0,6001.0,3665.0,1200,36000,,
Y199341002,D-103,2024,1469.0,1578.0,996.0,2569.0,2827.0,4138.0,1441.0,1782.0,2887.0,6865.0,4224.0,1891.0,1950,11550,,
Y199341003,D-107,2024,1708.0,2258.0,4680.0,3919.0,4781.0,5365.0,4195.0,4588.0,6503.0,8699.0,2917.0,2551.0,1750,5190,,
Y199341004,D-121,2024,293.0,197.0,183.0,391.0,96.0,97.0,304.0,116.0,782.0,3733.0,708.0,182.0,1550,46500,,
Y199341005,D-122,2024,648.0,535.0,328.0,1664.0,3479.0,4506.0,4784.0,6234.0,10394.0,8444.0,6799.0,1538.0,1550,46500,,
Y199341006,D-129,2024,1445.0,1466.0,1367.0,3486.0,2977.0,3137.0,2336.0,2392.0,2624.0,2122.0,1880.0,2166.0,600,12600,,
Y199341007,D-130,2024,1663.0,1911.0,1589.0,3061.0,3533.0,3974.0,13535.0,3037.0,5554.0,6816.0,6111.0,3031.0,1500,45000,,
Y199341008,D-131,2024,2907.0,4667.0,129.0,8707.0,8164.0,9510.0,7659.0,7326.0,13119.0,14256.0,10654.0,8033.0,1150,34500,,
Y199341009,D-139,2024,12397.0,12933.0,12637.0,15929.0,16989.0,18370.0,17589.0,17998.0,20571.0,17479.0,19454.0,13919.0,1250,37500,,
Y199341010,D-142,2024,782.0,665.0,435.0,1839.0,1746.0,1479.0,1028.0,420.0,146.0,57.0,29.0,0.0,850,25500,,
Y199341011,D-144,2024,3246.0,2356.0,1562.0,1979.0,1913.0,2026.0,628.0,1598.0,2798.0,164.0,2053.0,145.0,1400,42000,,
Y199341012,D-147,2024,920.0,1188.0,529.0,1288.0,1141.0,3346.0,1621.0,1177.0,3311.0,7011.0,4841.0,689.0,1550,46500,,
Y199341013,D-146,2024,8399.0,10602.0,2831.0,7691.0,8140.0,9454.0,7312.0,7270.0,8206.0,9092.0,6115.0,3267.0,950,8130,,
Y199341014,D-145,2024,777.0,536.0,302.0,786.0,650.0,2198.0,289.0,1681.0,7924.0,6799.0,1642.0,32.0,1150,34500,,
Y199341015,D-148,2024,9237.0,8660.0,9550.0,18549.0,16011.0,21945.0,17369.0,15465.0,24992.0,15028.0,6470.0,4906.0,800,14010,,
Y199341016,D-156,2024,1448.0,806.0,1002.0,2006.0,1785.0,2094.0,1644.0,1251.0,1297.0,1408.0,1822.0,1011.0,1150,34500,,
Y199341018,D-161,2024,5238.0,4906.0,3492.0,6518.0,6556.0,6162.0,3424.0,3290.0,830.0,2366.0,1424.0,87.0,850,25500,,
Y199341019,D-162,2024,2652.0,2423.0,1531.0,3475.0,3498.0,3678.0,1424.0,1595.0,476.0,765.0,1028.0,894.0,1150,34500,,
Y199341020,D-174,2024,1139.0,476.0,360.0,1669.0,2019.0,1634.0,634.0,898.0,146.0,382.0,441.0,382.0,1500,8940,,
Y199341021,D-175,2024,499.0,951.0,350.0,1017.0,797.0,1009.0,202.0,282.0,29.0,27.0,33.0,348.0,1150,17400,,
Y199341022,D-172,2024,1819.0,897.0,212.0,829.0,734.0,1403.0,982.0,414.0,454.0,3234.0,3544.0,719.0,1150,19170,,
Y199341023,D-173,2024,2877.0,886.0,785.0,2270.0,2465.0,3069.0,1709.0,1605.0,3545.0,4233.0,1783.0,474.0,1150,12480,,
Y199341024,D-183,2024,13739.0,12306.0,10031.0,15253.0,14201.0,14767.0,12868.0,13336.0,17178.0,19496.0,15660.0,10158.0,1150,34500,,
Y199341026,D-100,2024,4973.0,6883.0,6466.0,10585.0,12065.0,15736.0,12750.0,11909.0,18044.0,18451.0,15553.0,8696.0,1150,34500,,
Y199341027,D-192,2024,4711.0,2274.0,1645.0,3415.0,3510.0,5141.0,1964.0,2350.0,4498.0,9420.0,6397.0,1236.0,700,21000,,
Y199341028,D-193,2024,1771.0,1628.0,1374.0,3758.0,4265.0,4914.0,3262.0,2909.0,7975.0,7514.0,7228.0,2140.0,1100,21300,,
Y199341029,D-195,2024,577.0,660.0,684.0,2073.0,2101.0,4058.0,2398.0,2906.0,3858.0,5082.0,2357.0,1412.0,1150,34500,,
Y199341030,D-196,2024,812.0,1328.0,147.0,1231.0,1031.0,1460.0,1590.0,1883.0,4375.0,1534.0,586.0,145.0,1150,34500,,
Y199341031,D-197,2024,8617.0,9570.0,8820.0,9999.0,9809.0,11600.0,10810.0,11008.0,13036.0,13969.0,12901.0,10374.0,800,24000,,
Y199341032,D-198,2024,810.0,654.0,584.0,521.0,753.0,1511.0,649.0,2855.0,7677.0,4872.0,488.0,642.0,800,18360,,
Y199341033,D-199,2024,342.0,293.0,258.0,890.0,978.0,769.0,745.0,622.0,4162.0,6294.0,3483.0,872.0,950,28500,,
Y199341034,D-206,2024,76.0,71.0,71.0,1801.0,76.0,950.0,74.0,2953.0,74.0,6985.0,14282.0,11858.0,1100,33000,,
Y199341035,D-207,2024,900.0,1239.0,275.0,62.0,4685.0,3291.0,31.0,228.0,2757.0,1686.0,410.0,32.0,1100,33000,,
Y199341036,D-208,2024,871.0,641.0,597.0,1295.0,881.0,833.0,1127.0,1789.0,6105.0,7246.0,5681.0,717.0,1350,20340,,
Y199341037,D-209,2024,8718.0,8295.0,7683.0,9544.0,9572.0,10481.0,8754.0,5991.0,8187.0,8765.0,12906.0,4125.0,1350,40500,,
Y199341038,D-210,2024,5042.0,6446.0,5523.0,8548.0,6698.0,8984.0,7552.0,7383.0,9991.0,11646.0,10155.0,6680.0,600,6930,,
Y199341039,D-223,2024,8271.0,8577.0,7052.0,11257.0,9583.0,13288.0,10178.0,11190.0,17344.0,13092.0,9104.0,7284.0,850,25500,,
Y199341041,D-234,2024,4832.0,5442.0,5511.0,7064.0,6503.0,7279.0,6317.0,5848.0,7892.0,8063.0,6547.0,5265.0,950,17040,,
Y199341043,D-236,2024,5207.0,6905.0,6638.0,12593.0,12570.0,16729.0,12728.0,12208.0,22365.0,20137.0,11171.0,7273.0,950,18900,,
Y199341044,D-237,2024,8800.0,9953.0,9667.0,18071.0,17099.0,21046.0,13415.0,15225.0,19080.0,10803.0,9217.0,8056.0,500,13230,,
Y199341045,D-246,2024,3144.0,3955.0,6543.0,7925.0,9902.0,11657.0,6147.0,11711.0,11430.0,7240.0,7240.0,4008.0,950,28500,,
Y199341046,D-247,2024,28480.0,29421.0,23142.0,36010.0,31392.0,31008.0,26343.0,29379.0,30434.0,24253.0,25119.0,11820.0,850,17550,,
Y199341047,F-061,2024,643.0,16.0,3.0,0.0,0.0,1284.0,6.0,0.0,7055.0,8370.0,153.0,13.0,850,25500,,
Y199341048,F-064,2024,1827.0,2166.0,3613.0,3375.0,5128.0,4476.0,2023.0,6447.0,5807.0,3295.0,1505.0,2073.0,800,12500,,
Y199341049,F-062,2024,1546.0,2539.0,1125.0,1552.0,1453.0,1904.0,4520.0,2610.0,6007.0,4194.0,5153.0,164.0,1000,30000,,
Y199341051,D-259,2024,0.0,0.0,0.0,3.0,2.0,0.0,0.0,0.0,0.0,2.0,3.0,10.0,1000,9303,,
Y199341052,F-063,2024,1721.0,2571.0,3996.0,6547.0,4629.0,6650.0,3533.0,5654.0,8084.0,5630.0,4583.0,3729.0,1000,13170,,
Y199341053,D-256,2024,6505.0,9777.0,8116.0,13715.0,11585.0,15591.0,9511.0,13768.0,14538.0,8860.0,6091.0,6824.0,600,18000,,
Y199341054,F-051,2024,16306.0,18611.0,16971.0,28505.0,26878.0,33765.0,25341.0,25452.0,29265.0,25708.0,19964.0,16346.0,750,21060,,
Y199341055,F-065,2024,712.0,388.0,907.0,1900.0,2488.0,1906.0,91.0,1642.0,8758.0,12479.0,2199.0,3269.0,1000,20340,,
Y199341057,W-003,2024,1479.0,2143.0,2301.0,1232.0,1018.0,1553.0,3408.0,4068.0,8114.0,8844.0,5489.0,2319.0,1100,33000,,
Y199341058,D-073,2024,4045.0,3731.0,2976.0,5592.0,5086.0,8253.0,2349.0,7084.0,10016.0,12603.0,3287.0,66.0,850,18900,,
Y199341059,D-056,2024,0.0,0.0,0.0,512.0,10.0,26.0,49.0,10.0,1999.0,7605.0,6755.0,250.0,700,21000,,
Y199341060,D-059,2024,3043.0,3678.0,3992.0,5496.0,4480.0,6174.0,5304.0,4916.0,6956.0,6260.0,4089.0,3172.0,700,21000,,
Y199341061,U-048,2024,1271.0,1026.0,213.0,262.0,173.0,228.0,512.0,1126.0,4680.0,5258.0,3506.0,372.0,2000,60000,,
Y199341065,W-026,2024,17845.0,16061.0,14713.0,7789.0,6383.0,7659.0,15240.0,26468.0,42099.0,14138.0,11068.0,10775.0,1700,35700,,
Y199341066,D-005,2024,21251.0,18742.0,13284.0,21872.0,19021.0,20828.0,15633.0,25034.0,24227.0,13490.0,14684.0,17680.0,600,18000,,
Y199341075,F-007,2024,1278.0,4451.0,7407.0,16193.0,9026.0,20424.0,14607.0,20391.0,23636.0,14951.0,8787.0,5770.0,1350,26340,,
Y199341084,W-020,2024,8847.0,8991.0,9741.0,6495.0,7046.0,7014.0,9231.0,10489.0,11308.0,9248.0,8830.0,8024.0,1000,30000,,
Y199341087,D-069,2024,0.0,0.0,0.0,0.0,0.0,0.0,0.0,0.0,0.0,0.0,0.0,0.0,650,19500,,
Y199341093,D-004,2024,4485.0,5378.0,7343.0,8684.0,8749.0,10198.0,5802.0,17788.0,14211.0,7966.0,4824.0,5187.0,950,28500,,
Y199341094,U-036,2024,890.0,758.0,523.0,438.0,472.0,824.0,1960.0,2111.0,7042.0,4035.0,4189.0,686.0,1500,17550,,
Y199341095,D-049,2024,14216.0,13806.0,14628.0,14814.0,16178.0,16618.0,12008.0,18909.0,24531.0,19653.0,15128.0,14056.0,850,25500,,
Y199341097,90사계,2024,5080.0,2368.0,6141.0,8139.0,16263.0,14393.0,13957.0,23311.0,32126.0,31687.0,8399.0,12002.0,1000,30000,,
Y199341100,90감산,2024,6943.0,7511.0,9829.0,10276.0,11436.0,10041.0,6990.0,12603.0,14209.0,10504.0,8509.0,8826.0,800,22000,,
Y199341103,D-006,2024,0.0,0.0,0.0,0.0,0.0,0.0,0.0,0.0,0.0,0.0,0.0,0.0,600,18000,,
Y199341104,D-020,2024,3923.0,4689.0,3578.0,4673.0,3922.0,4845.0,4338.0,4733.0,5042.0,4505.0,3650.0,3232.0,850,14040,,
Y199341106,D-158,2024,0.0,0.0,0.0,0.0,0.0,0.0,0.0,0.0,0.0,0.0,0.0,0.0,1505,45150,,
Y199341110,D-055,2024,1762,1381,2925,1742,1450,7170,9459,8344,7240,7021,2020,4875,1500,20000,,농어촌공사DB
Y199341111,D-082,2024,279,0,264,1447,8514,12951,3347,15119,12339,7705,2180,11275,1500,30000,,농어촌공사DB
Y199341112,D-160,2024,2002,1473,2625,1898,1142,282,721,1124,1526,3391,1,876,2375,29700,,농어촌공사DB
Y199341113,D-114,2024,0,0,0,0,0,564,1571,1303,824,2562,1507,5485,1500,34000,,농어촌공사DB
Y199341114,D-113,2024,10270,9110,11084,9252,7840,11472,11579,9789,11207,21346,11242,14333,1500,22000,,농어촌공사DB
Y199341115,D-081,2024,62,60,468,64,750,593,0,0,0,3705,182,3269,1200,35300,,농어촌공사DB
Y199510076,F-066,2024,7012.3,7124.3,6726.8,7803.4,7239.7,10621.9,7856.5,9188.9,9674.2,7999.5,8165.5,7405.6,800,18450,,사후관리DB(원본월별·5년이용량분석)
Y199510077,93이호,2024,3518.0,2929.0,2099,3593.6,5634.4,11369.7,7717.4,9448.5,13556.0,8919.0,5480.3,3653.5,800,18300,,사후관리DB(원본월별·5년이용량분석)
Y199510078,94도평,2024,34001.5,31593.7,30277.5,30172.6,22871.5,18465.1,16898.8,19594.1,23542.0,20285.7,20310.0,19253.2,800,21060,,사후관리DB(원본월별·5년이용량분석)
Y199510079,94아라,2024,5959.8,6115.9,6794.2,7842.5,8114.3,6569.7,5246.0,5596.7,4510.6,3716.6,3328.5,3248.4,800,14100,,사후관리DB(원본월별·5년이용량분석)
Y199510080,F-078,2024,4502.4,4341.2,4080.7,4970.7,5106.9,7867.8,6356.7,8032.8,6856.4,4980.3,4418.9,4409.4,800,9510,,사후관리DB(원본월별·5년이용량분석)
Y199520081,D-274,2024,2430.0,2604.0,3350.0,3087.0,2753.0,3225.0,2413.0,3991.0,3481.0,2583.0,2511.0,3945.0,600,12030,,
Y199520082,F-067,2024,4096.0,4560.0,3915.0,6114.0,6054.0,7017.0,6632.0,6661.0,9633.0,7903.0,6166.0,5291.0,700,10000,,
Y199520083,F-079,2024,9061.0,10795.0,9530.0,15442.0,13397.0,15728.0,14677.0,12931.0,19500.0,16408.0,15761.0,11760.0,700,17550,,
Y199520085,D-275,2024,9227.0,9459.0,8891.0,13436.0,13488.0,16163.0,14325.0,12741.0,14919.0,12914.0,9198.0,6958.0,800,17550,,
Y199530138,D-264,2024,438.1,29.5,25.3,31.4,33.5,12425.1,5423.0,7326.0,7423.5,4831.5,3771.0,4182.0,1200,36000,,사후관리DB(원본월별·5년이용량분석)
Y199530139,D-277,2024,14524.0,14666.8,15204.7,22114.1,31008.4,32880.3,30926.9,2125.9,22264.4,31723.4,32776.6,31705.7,800,6810,,사후관리DB(원본월별·5년이용량분석)
Y199530141,D-278,2024,11728.8,12390.1,12443.1,15222.5,16035.3,24335.6,18039.0,19945.7,23448.2,15726.1,12673.1,10788.8,800,24000,,사후관리DB(원본월별·5년이용량분석)
Y199530142,D-266,2024,3301.1,2428.8,2274.8,3296.4,3320.1,5530.9,4543.9,5174.4,5913.9,3267.6,3014.9,3551.9,800,24000,,사후관리DB(원본월별·5년이용량분석)
Y199530144,D-276,2024,10665.5,11443.8,11508.6,14727.5,17656.4,22895.8,17446.5,18600.8,21885.2,17135.2,14465.6,12247.7,800,10350,,사후관리DB(원본월별·5년이용량분석)
Y199530145,F-068,2024,4730.0,365.9,196.6,129.3,148.9,4.2,29.1,323.0,10.3,345.5,215.3,6536.8,800,14340,,사후관리DB(원본월별·5년이용량분석)
Y199530146,F-069,2024,11760.4,14230.5,14972.1,18762.6,21255.4,23969.8,27651.2,26065.0,18971.5,8691.6,5047.4,4424.2,600,9510,,사후관리DB(원본월별·5년이용량분석)
Y199530150,F-072,2024,1542.3,1066.5,1762.1,130.7,387.7,407.3,153.2,226.9,671.4,150.4,28.9,42.4,800,4110,,사후관리DB(원본월별·5년이용량분석)
Y199530151,D-267,2024,9186.6,9394.3,8829.2,10727.8,11340.5,16992.4,10285.3,13950.5,18074.5,19297.5,10389.8,8951.6,800,15840,,사후관리DB(원본월별·5년이용량분석)
Y199530152,D-279,2024,2037.0,2117.2,1934.9,2499.8,2526.2,2683.3,1850.0,3011.4,4884.3,10025.4,5536.9,4501.5,800,11610,,사후관리DB(원본월별·5년이용량분석)
Y199540245,F-074,2024,12048.0,13055.0,12946.0,21419.0,15354.0,22902.0,15818.0,20577.0,24442.0,12811.0,15133.0,18061.0,600,21060,,
Y199540246,D-283,2024,17212.0,18750.0,18615.0,30193.0,28441.0,33492.0,26461.0,32283.0,33556.0,26816.0,21559.0,22967.0,1000,17550,,
Y199540248,F-075,2024,0.0,0.0,0.0,0.0,0.0,0.0,0.0,0.0,0.0,0.0,0.0,0.0,600,18000,,
Y199540249,D-268,2024,1269.0,649.0,1549.0,2528.0,1973.0,3704.0,3083.0,5205.0,3980.0,2829.0,127.0,167.0,600,18900,,
Y199540250,D-269,2024,524.0,317.0,364.0,1126.0,616.0,900.0,1323.0,1544.0,4430.0,4622.0,3103.0,644.0,700,10110,,
Y199540251,D-284,2024,84.0,77.0,26.0,9459.0,17139.0,21619.0,11843.0,6995.0,34013.0,13100.0,18541.0,2396.0,1000,21060,,
Y199540252,D-245,2024,7491.0,9932.0,8663.0,16459.0,14672.0,22699.0,14337.0,20885.0,22665.0,18217.0,10715.0,10286.0,500,18150,,
Y199540253,F-073,2024,10278.0,10999.0,10580.0,15360.0,14143.0,17070.0,12390.0,15655.0,16178.0,11113.0,9020.0,9652.0,600,11070,,
Y199540254,D-271,2024,6249.0,6501.0,7706.0,9362.0,13009.0,12488.0,7660.0,13791.0,19220.0,8401.0,12279.0,9986.0,800,12480,,
Y199540255,F-076,2024,3172.0,2477.0,2513.0,2340.0,2862.0,2992.0,1737.0,6011.0,5785.0,3786.0,2434.0,1874.0,1000,14310,,
Y199540256,F-077,2024,2532.0,3132.0,4480.0,4168.0,6385.0,6631.0,4017.0,9673.0,9289.0,6119.0,3999.0,3341.0,500,17550,,
Y199540257,D-270,2024,7430.0,7569.0,6883.0,12690.0,12073.0,16593.0,14525.0,14966.0,19002.0,15231.0,11131.0,10000.0,800,21060,,
Y200230019,D-297,2024,13274.5,13644.3,14491.2,15680.9,18062.3,19867.5,18375.8,15943.2,15010.0,17951.2,15890.0,14097.4,800,24000,,사후관리DB(원본월별·5년이용량분석)
Y200240031,F-083,2024,5774.0,7963.0,8039.0,15913.0,13110.0,21910.0,14886.0,20049.0,23632.0,14003.0,11572.0,9595.0,600,30000,,
