permit_no,well_id,year,Jan,Feb,Mar,Apr,May,Jun,Jul,Aug,Sep,Oct,Nov,Dec,capacity_m3d,permit_m3m,remark,source
D199510018,F-084,2017,7472,7400,7181,8279,8966,12797,16537,20640,19586,17947,13206,12159,1000,30000,,사후관리DB(원본월별·5년이용량분석)
D199510019,F-085,2017,4115,4659,5731,6659,5724,8108,6103,9337,6335,5675,5232,4705,750,15120,,사후관리DB(원본월별·5년이용량분석)
D199510020,F-087,2017,1623,1983,1949,2880,2241,3623,3329,3977,2347,1569,1755,1528,750,6390,,사후관리DB(원본월별·5년이용량분석)
D199510021,F-086,2017,7135,9017,10261,14412,14488,14628,15518,17697,11776,17833,18416,17108,700,16920,,사후관리DB(원본월별·5년이용량분석)
D199510022,D-288,2017,4,250,742,2318,3847,85903,11594,16374,11816,5847,3334,7643,800,18210,,사후관리DB(원본월별·5년이용량분석)
D199510023,D-287,2017,6079,5337,31466,30967,96864,70389,63621,61492,68750,63700,55556,66457,800,23670,,사후관리DB(원본월별·5년이용량분석)
D199520015,F-088,2017,21051.91,17614.41,11712.77,12807.38,12583.67,15713.8,13985.66,9310.11,9781.42,7631.49,8978.83,7670.77,500,15000,,
D199520016,D-291,2017,5969.74,6907.63,7428.83,9037.81,8264.95,12609.21,13712.12,14273.2,13805.63,11429.29,10726.56,9652.53,500,15000,,
D199520017,D-293,2017,5380.85,6341.93,8021.73,7613.42,6750.24,8404.97,6530.56,8909.98,8744.03,7409.26,7189.59,6276.27,700,21000,,
D199520018,D-292,2017,3245.75,4613.6,10435.34,8500.77,7465.22,10669.76,7369.91,12648.12,8641.16,6848.27,8417.05,6318.91,600,18000,,
D199520019,D-289,2017,3917.64,6802.9,12028.66,7942.88,10646.55,18428.02,12021.93,14039.6,12085.82,6688.57,9896.66,7640.23,500,15000,,
D199520020,D-290,2017,1010.99,2093.41,2305.86,2507.33,2457.88,3126.37,2315.02,2915.75,2278.39,1957.88,2133.7,1208.79,500,15000,,
D199530039,96조천1,2017,2608,2593,2774,2660,2686,3477,3459,4981,4979,4283,4223,3598,800,18240,,사후관리DB(원본월별·5년이용량분석)
D199530042,D-294,2017,1,35,32,38,35,40,47,57,48,15,0,0,800,16800,,사후관리DB(원본월별·5년이용량분석)
D199530043,F-080,2017,7593,7938,8191,8567,8554,10520,13939,5754,8154,12584,11933,10210,700,19950,,사후관리DB(원본월별·5년이용량분석)
D199530045,F-089,2017,2492,3617,4873,6155,5171,5166,5347,5546,7923,7539,7339,8118,650,22800,,사후관리DB(원본월별·5년이용량분석)
D199530046,F-090,2017,1899,2118,2436,1750,1009,1375,2256,3302,2914,3887,4393,3878,800,22800,,사후관리DB(원본월별·5년이용량분석)
D199530047,F-091,2017,769,842,1448,2279,2365,2690,2283,6406,15560,18743,1842,1212,700,13680,,사후관리DB(원본월별·5년이용량분석)
D199530048,F-092,2017,6184,5312,5827,6718,10599,13970,11125,13450,12809,12778,20927,16659,1000,20460,,사후관리DB(원본월별·5년이용량분석)
D199530049,F-093,2017,4007,3972,3926,4767,5382,8467,8731,9231,9380,7339,6267,6520,1000,19410,,사후관리DB(원본월별·5년이용량분석)
D199530050,F-094,2017,3539,3882,4862,7196,4131,8018,4796,11913,5353,7533,7363,11691,700,16260,,사후관리DB(원본월별·5년이용량분석)
D199530051,F-095,2017,2278,2434,2509,4510,3792,5967,6354,6112,4190,3941,3273,2896,800,15840,,사후관리DB(원본월별·5년이용량분석)
D199530052,F-096,2017,2714,2637,4101,5632,5856,8591,13411,13042,9075,11947,9498,15379,650,19000,,사후관리DB(원본월별·5년이용량분석)
D199530053,D-300,2017,1513,2172,2858,2000,1496,3001,3203,3092,4521,4830,4036,4559,800,16000,,사후관리DB(원본월별·5년이용량분석)
D199530054,D-301,2017,0,0,0,0,66,42,9526,8343,10179,7143,6571,4765,600,17040,,사후관리DB(원본월별·5년이용량분석)
D199530055,D-303,2017,3575,3665,3342,4107,3904,5161,5395,5383,8568,15696,16232,15695,600,17100,,사후관리DB(원본월별·5년이용량분석)
D199530056,D-304,2017,0,0,0,0,0,0,0,0,0,0,0,0,900,13500,,사후관리DB(원본월별·5년이용량분석)
D199530057,D-305,2017,1731,1521,4499,7155,7688,12219,9235,14215,9200,8373,8303,7293,900,21000,,사후관리DB(원본월별·5년이용량분석)
D199530058,D-302,2017,11553,12272,13304,16972,16912,16056,15288,18313,12030,9299,10059,8837,700,14880,,사후관리DB(원본월별·5년이용량분석)
D199530059,D-298,2017,758,9037,10609,10155,7520,7263,7250,10088,5327,3177,2415,2844,700,10380,,사후관리DB(원본월별·5년이용량분석)
D199530060,D-299,2017,4700,1248,1477,452,404,5356,5311,14452,14424,9401,5473,6638,900,16680,,사후관리DB(원본월별·5년이용량분석)
D199530061,96조천2,2017,410,566,672,23018,16798,11518,14444,24936,19825,16283,15767,15990,800,17280,,사후관리DB(원본월별·5년이용량분석)
D199540104,D-306,2017,7250.98,10809.8,12549.02,17552.94,16786.27,24509.8,21445.1,20401.96,17445.1,14970.59,13064.71,12766.67,800,24000,,
D199540105,D-307,2017,7089.74,7027.47,9016.48,8300.37,8386.45,11408.42,6126.37,5108.06,5426.74,3771.06,3626.37,2776.56,800,24000,,
D199540106,D-308,2017,758.68,1156.17,5193.7,3621.87,6547.62,10207.83,5718.32,7165.05,5415.66,3301.05,3799.44,1735.27,700,21000,,
D199540107,D-309,2017,2813.44,2932.16,2952.32,5483.52,5877.76,7719.04,7004.48,5432.0,4159.68,4609.92,3924.48,4316.48,900,27000,,
D199540109,F-102,2017,24417.06,24611.82,22397.99,24981.45,24166.67,26364.6,23116.06,23669.85,29337.57,28349.23,30398.78,29280.6,800,24000,,
D199540110,F-103,2017,4230.31,4654.01,5677.58,8906.62,5180.29,6335.43,2383.87,838.48,582.03,13.38,13.38,15.61,700,21000,,
D199540111,D-316,2017,7883.39,7075.65,7295.23,8895.04,7095.25,7573.63,5171.95,14693.38,4775.91,4662.2,4486.73,4982.75,700,21000,,
D199540112,F-104,2017,1032.98,21.92,326.06,3630.5,3449.66,6318.44,4063.42,3759.28,3745.58,2479.7,2238.58,3359.24,800,24000,,
D199540113,D-313,2017,4277.52,3573.18,3535.74,4031.82,3814.2,4095.0,3524.04,3718.26,3233.88,2646.54,3472.56,3067.74,700,21000,,
D199540114,F-098,2017,1157.55,805.47,919.45,1187.94,762.41,2130.19,1709.73,1512.16,1707.19,2117.53,1610.94,3882.98,800,24000,,
D199540115,F-097,2017,282.26,141.13,110.89,2674.73,171.37,836.69,0.0,3.36,2308.47,12610.89,12580.65,16985.89,800,24000,,
D199540116,D-315,2017,2891.67,2149.26,2159.43,5386.71,2074.68,4234.11,1878.06,2030.61,3576.45,12495.54,7325.79,7624.11,700,21000,,
D199540117,F-100,2017,5651.1,9879.03,13419.0,23432.22,21018.69,28074.06,26543.16,24611.58,18227.16,12734.82,10912.86,8142.12,1000,30000,,
D199540118,F-101,2017,5737.89,5909.55,7735.83,8444.72,8377.96,12221.24,8708.57,10447.42,8897.71,6073.27,7284.42,5939.75,800,24000,,
D199540119,F-099,2017,3883.75,0.0,1191.91,4290.16,11146.41,13705.2,4053.24,13768.99,7242.61,991.44,5130.34,5815.6,800,24000,,
D199540120,D-312,2017,0.0,795.76,3021.83,147.49,2877.77,613.97,0.0,140.63,5896.17,10560.97,11315.57,4170.88,700,21000,,
D199540121,D-314,2017,1881.94,2476.16,3902.58,9982.02,6793.38,9828.72,9567.38,10995.26,5504.2,4559.58,3537.58,4914.36,700,21000,,
D199540122,D-310,2017,10426.59,12053.61,14235.39,19807.83,17485.29,24258.33,21368.61,23891.94,18899.1,14461.02,14610.06,10799.19,950,28500,,
D199610004,F-105,2017,21510,23487,21747,24384,22041,26020,22278,29263,29746,23300,25254,23936,800,18000,,사후관리DB(원본월별·5년이용량분석)
D199610005,F-108,2017,16393,16777,15533,14986,17273,21875,18515,23891,15380,11903,13677,11288,1200,36000,,사후관리DB(원본월별·5년이용량분석)
D199610009,F-109,2017,3125,3654,4937,8215,7045,10822,8728,10607,7247,3754,1829,1775,300,9000,,사후관리DB(원본월별·5년이용량분석)
D199610010,F-107,2017,17392,17535,14566,5767,1588,4974,5063,7560,3103,6834,4653,3341,600,18000,,사후관리DB(원본월별·5년이용량분석)
D199610011,F-111,2017,17295,18992,18203,21305,20030,22978,22824,25500,23251,20516,20829,22373,600,15000,,사후관리DB(원본월별·5년이용량분석)
D199610020,F-110,2017,22094,15803,13080,18330,19314,24460,26323,19468,22867,21957,16056,20969,700,21000,,사후관리DB(원본월별·5년이용량분석)
D199610021,F-106,2017,3148,3553,5623,7571,7001,11850,9732,10586,8345,6159,6712,5986,700,21000,,사후관리DB(원본월별·5년이용량분석)
D199610022,F-112,2017,11567,12116,10830,12439,13556,16404,14331,1738,28687,14707,14818,13865,600,18000,,사후관리DB(원본월별·5년이용량분석)
D199620028,F-115,2017,4102.72,3713.01,5309.15,5575.32,6914.42,10212.02,6499.01,8002.29,6094.38,5044.65,6232.02,6249.43,800,24000,,
D199620033,F-113,2017,5041.75,5805.78,5956.91,6569.81,6967.27,7400.63,6428.69,7153.47,5841.68,4782.06,6456.25,5893.45,500,15000,,
D199620034,F-114,2017,7715.19,8369.11,9969.17,11679.7,12267.69,16091.44,15104.32,18951.22,16305.25,12885.98,12593.76,11321.56,600,18000,,
D199620035,D-319,2017,2270.15,1973.25,2943.43,3337.17,3645.94,4850.91,4001.31,3818.6,3539.97,2584.41,2383.43,3111.52,600,18000,,
D199620043,F-116,2017,3063.6,2714.32,2936.32,4182.48,4410.4,5564.8,5310.24,7246.08,5523.36,4792.24,5289.52,5547.04,700,21000,,
D199620044,F-118,2017,6855.81,5569.15,8161.49,18439.49,13738.26,22078.67,17967.47,22166.22,25538.93,19729.95,15264.73,10529.24,900,27000,,
D199620045,D-263-1,2017,4101.53,5663.22,9315.29,12167.47,11967.88,15394.45,13232.47,13185.23,14085.68,5876.53,5715.02,3161.47,700,21000,,
D199630016,F-136,2017,5471,5778,5297,6525,6038,7182,9399,11804,14192,12072,11242,10805,800,24000,,사후관리DB(원본월별·5년이용량분석)
D199630017,F-131,2017,6130,6307,5974,8974,9522,11978,12395,17452,14943,11943,10157,12097,800,24000,,사후관리DB(원본월별·5년이용량분석)
D199630018,F-132,2017,4424,4094,4201,2806,102,962,1133,2949,2877,4082,8814,6816,800,24000,,사후관리DB(원본월별·5년이용량분석)
D199630019,F-137,2017,10576,8667,8088,10893,12482,17830,15353,19447,15622,17933,17785,17014,700,21000,,사후관리DB(원본월별·5년이용량분석)
D199630020,F-133,2017,4014,4708,4943,6376,6782,10502,10009,18987,10885,9246,8793,10146,900,21000,,사후관리DB(원본월별·5년이용량분석)
D199630021,F-153,2017,12683,14179,16554,16024,16236,20504,22022,24363,22620,19654,18477,16756,800,24000,,사후관리DB(원본월별·5년이용량분석)
D199630022,F-159,2017,910,671,743,207,713,2007,1593,6879,3607,267,1029,4326,700,21000,,사후관리DB(원본월별·5년이용량분석)
D199630023,F-160,2017,12325,4711,6269,9590,10212,15874,11967,15509,13319,14763,13593,17801,800,24000,,사후관리DB(원본월별·5년이용량분석)
D199630024,F-161,2017,5147,3214,3411,4729,5018,2775,3032,2000,4040,3986,3064,3059,700,21000,,사후관리DB(원본월별·5년이용량분석)
D199630025,F-162,2017,9572,8927,10992,14423,14335,16898,9974,10756,11354,11425,12696,13617,800,24000,,사후관리DB(원본월별·5년이용량분석)
D199630026,F-167,2017,9924,10848,10570,13538,14026,17894,15564,15307,14374,12603,12661,11726,700,21000,,사후관리DB(원본월별·5년이용량분석)
D199630027,F-168,2017,8478,8845,10126,3515,946,1796,1476,2825,15326,5661,766,1370,700,21000,,사후관리DB(원본월별·5년이용량분석)
D199630028,F-126,2017,892,1010,1119,1851,1887,3460,2602,3794,3644,4890,4823,3949,900,26000,,사후관리DB(원본월별·5년이용량분석)
D199630058,F-128,2017,29242,25607,21477,9837,8377,11647,15901,16696,22991,33172,33998,33189,900,18000,,사후관리DB(원본월별·5년이용량분석)
D199630059,F-134,2017,19725,21704,23039,23212,24168,22251,19652,27199,18980,17797,20666,19614,850,25500,,사후관리DB(원본월별·5년이용량분석)
D199630060,F-149,2017,5100,5134,7543,7838,8684,14353,13174,18699,33242,16496,31712,39154,800,18000,,사후관리DB(원본월별·5년이용량분석)
D199630061,F-144,2017,1695,1979,2307,2548,2825,3977,4283,4448,6038,5058,3778,3991,600,12000,,사후관리DB(원본월별·5년이용량분석)
D199630062,F-155,2017,8017,7481,9889,11564,11707,14188,12826,15891,7865,6405,,3691,600,18000,,사후관리DB(원본월별·5년이용량분석)
D199630063,F-146,2017,5601,5259,6417,10110,10796,15087,17406,21159,17492,12860,9068,8514,800,18000,,사후관리DB(원본월별·5년이용량분석)
D199630064,F-148,2017,4140,5494,6763,5991,6974,9927,9858,13595,7169,4543,4924,6032,700,13500,,사후관리DB(원본월별·5년이용량분석)
D199630065,F-152,2017,2115,2996,3730,5041,6270,7714,6246,7261,3880,3540,5224,4882,600,18000,,사후관리DB(원본월별·5년이용량분석)
D199630066,F-165,2017,3346,4029,5084,7798,7728,12568,12969,16032,10297,7065,5744,7043,800,24000,,사후관리DB(원본월별·5년이용량분석)
D199630067,F-169,2017,4647,4294,4770,4974,6493,7266,8180,9784,7964,6533,6174,5130,700,21000,,사후관리DB(원본월별·5년이용량분석)
D199630068,F-127,2017,13612,16355,15204,18238,19486,23626,20352,25811,22905,23538,21256,22094,900,15700,,사후관리DB(원본월별·5년이용량분석)
D199630083,F-129,2017,10128,10726,10765,10005,4135,62,1419,57,5598,3695,1077,2078,800,17000,,사후관리DB(원본월별·5년이용량분석)
D199630084,F-150,2017,82,81,77,87,93,250,713,7294,142,916,96,331,800,16800,,사후관리DB(원본월별·5년이용량분석)
D199630085,F-142,2017,5324,6317,6503,6941,10066,13306,11376,16301,8519,8064,8429,8164,800,24000,,사후관리DB(원본월별·5년이용량분석)
D199630086,F-151,2017,1781,2317,2389,3484,4733,7287,7510,10356,6183,6309,6322,5807,600,18000,,사후관리DB(원본월별·5년이용량분석)
D199630087,F-147,2017,6706,7380,7095,8984,9235,10988,11586,15128,12388,12559,13424,10391,600,12000,,사후관리DB(원본월별·5년이용량분석)
D199630088,F-141,2017,8003,8424,8111,10424,10278,13015,13525,17956,15533,15577,16207,15329,700,13500,,사후관리DB(원본월별·5년이용량분석)
D199630089,F-157,2017,1280,1138,2183,2947,1846,5187,2954,3859,4210,5369,4129,3082,800,24000,,사후관리DB(원본월별·5년이용량분석)
D199630090,F-122,2017,756,726,2099,3267,3148,5368,3574,4703,4307,4933,4102,3030,800,12000,,사후관리DB(원본월별·5년이용량분석)
D199630091,F-120,2017,8560,8439,9004,6621,7780,8976,7336,9962,14980,13663,19457,14116,1100,20500,,사후관리DB(원본월별·5년이용량분석)
D199630092,F-119,2017,1245,834,1656,1737,387,1259,1787,3166,3582,6688,7646,7691,700,12000,,사후관리DB(원본월별·5년이용량분석)
D199630093,F-123,2017,6885,7030,8504,12428,11651,15499,14243,17427,12756,11450,11105,10017,1000,19800,,사후관리DB(원본월별·5년이용량분석)
D199630094,F-124,2017,12957,13527,14163,18528,18548,21559,16670,21368,20712,22213,24304,27500,1000,29300,,사후관리DB(원본월별·5년이용량분석)
D199630095,F-121,2017,6304,7310,7163,10270,8603,13454,9723,12035,12438,16274,17326,13757,1100,16500,,사후관리DB(원본월별·5년이용량분석)
D199630132,F-130,2017,3101,2967,3496,4416,4085,6068,6770,7838,14985,9861,10069,8284,700,15000,,사후관리DB(원본월별·5년이용량분석)
D199630133,F-139,2017,15089,16916,17061,19938,20884,26338,25136,25989,29943,26705,25540,24640,700,13500,,사후관리DB(원본월별·5년이용량분석)
D199630134,F-140,2017,6789,7554,7141,8118,861,10994,11738,14072,12685,11025,11270,10287,600,12000,,사후관리DB(원본월별·5년이용량분석)
D199630135,F-138,2017,2838,620,2159,6958,5407,10173,4766,18830,18703,10489,19030,17187,700,13500,,사후관리DB(원본월별·5년이용량분석)
D199630136,F-156,2017,6612,5881,11979,14729,9365,26784,17487,17493,14027,17287,15363,16729,1000,30000,,사후관리DB(원본월별·5년이용량분석)
D199630137,F-166,2017,2706,2615,3850,4805,3215,7122,4485,6304,3602,5308,4931,4673,800,24000,,사후관리DB(원본월별·5년이용량분석)
D199630138,F-164,2017,0,0,920,1063,514,1613,1957,3199,1334,598,131,75,1000,18000,,사후관리DB(원본월별·5년이용량분석)
D199630139,F-125,2017,5554,6123,23019,6782,4417,8186,4681,7256,7098,11922,12619,13808,700,20000,,사후관리DB(원본월별·5년이용량분석)
D199630148,F-158,2017,15499,15483,15784,18489,16141,19453,17065,26829,16411,17062,18042,25504,850,21000,,사후관리DB(원본월별·5년이용량분석)
D199630149,F-135,2017,0,0,162,2,502,339,100,14,30,183,1150,163,600,9000,,사후관리DB(원본월별·5년이용량분석)
D199630150,F-143,2017,11621,11219,10312,11213,10788,7988,7609,7390,8502,8745,9239,9312,800,18000,,사후관리DB(원본월별·5년이용량분석)
D199630151,F-163,2017,0,0,0,0,0,0,0,0,0,0,0,0,700,10500,,사후관리DB(원본월별·5년이용량분석)
D199640096,F-196,2017,4206.7,2870.43,2297.48,3737.4,1319.31,4937.97,1485.16,2930.74,2710.23,13096.93,7354.19,7855.52,600,18000,,
D199640098,F-182,2017,9872.72,9861.28,13513.5,13482.04,12744.16,14076.92,13553.54,17709.12,11165.44,10138.7,11557.26,14305.72,600,18000,,
D199640099,F-185,2017,6005.08,6772.38,4511.61,8712.62,8404.85,10128.08,8206.28,7446.07,5538.46,5724.26,4152.78,3558.51,800,24000,,
D199640100,F-172,2017,2459.38,2431.03,2564.03,2731.92,2391.79,3924.54,1724.62,486.21,250.73,2533.51,3314.06,4541.56,800,24000,,
D199640149,F-186,2017,5366.27,6865.92,8200.79,12609.4,10841.27,16567.19,15031.58,16135.61,10746.76,7804.34,7243.13,6249.5,700,21000,,
D199640150,F-184,2017,11989.01,13034.43,15713.85,21468.03,18738.4,25042.27,21427.87,21739.11,21519.48,17251.23,16589.84,15612.2,800,24000,,
D199640151,F-199,2017,991.74,1302.13,1978.93,2298.4,2970.66,4781.53,3300.74,5596.11,2720.84,1088.64,1462.62,1660.97,600,18000,,
D199640152,F-183,2017,8167.8,12641.29,16353.93,20458.91,18884.02,24615.23,22352.81,24151.38,16128.42,10598.89,13061.14,10389.88,600,18000,,
D199640183,D-327,2017,1233.08,933.32,2411.18,3099.71,2434.74,4640.4,4004.23,4033.03,4238.54,1725.26,1281.51,1239.62,700,21000,,
D199640225,F-202,2017,6771.88,8961.03,13456.15,12590.87,16321.3,20795.87,14146.21,17225.52,16028.19,6918.98,11501.7,5544.27,700,21000,,
D199640226,F-203,2017,2272.37,3257.97,5508.83,3908.75,5422.77,6643.67,5234.53,5293.69,5100.07,3469.07,3962.54,3174.6,600,18000,,
D199640227,F-190,2017,2152.95,1702.0,2849.13,6082.71,2587.28,6309.23,4195.76,4195.76,4374.48,11593.93,10741.9,12443.89,900,27000,,
D199640228,F-189,2017,8479.85,15504.97,15782.31,22658.29,10096.81,12250.13,4960.75,7679.23,11865.52,20272.11,11800.1,19641.55,800,24000,,
D199710012,F-217,2017,2726,2013,4323,4192,4797,7904,8316,11154,9078,7057,5247,5316,600,18000,,사후관리DB(원본월별·5년이용량분석)
D199710013,F-218,2017,7501,8488,7805,9460,9321,11154,10314,10638,11578,9777,11878,12011,600,18000,,사후관리DB(원본월별·5년이용량분석)
D199710016,F-216,2017,8751,8964,9776,10671,11645,13722,11305,12506,12772,12348,13160,11821,700,21000,,사후관리DB(원본월별·5년이용량분석)
D199710017,F-214,2017,3141,3615,4149,4974,4153,7973,12448,15782,9668,7616,7181,7042,600,18000,,사후관리DB(원본월별·5년이용량분석)
D199710018,F-215,2017,1721,1474,1750,1694,1844,3640,5010,3844,3259,2857,1649,1995,800,19200,,사후관리DB(원본월별·5년이용량분석)
D199710019,F-204,2017,3209,3397,3962,6200,7503,10241,9172,1456,19184,6843,6574,7398,600,18000,,사후관리DB(원본월별·5년이용량분석)
D199710025,F-220,2017,2722,2636,2716,3834,5021,8468,9538,15708,6977,8308,7129,6378,700,21000,,사후관리DB(원본월별·5년이용량분석)
D199710026,F-219,2017,19978,21277,20112,22802,23572,23953,23651,25148,24693,22230,19357,21622,800,24000,,사후관리DB(원본월별·5년이용량분석)
D199720002,D-320,2017,20905.53,25129.64,21118.01,16317.88,17075.66,14584.72,13404.52,19272.2,14321.03,11561.27,14446.47,11658.56,600,18000,,
D199720003,F-117,2017,2079.44,1966.51,4003.12,4203.66,4355.53,7840.73,5790.5,6787.38,5311.53,4223.13,4803.35,2642.13,600,18000,,
D199720017,F-226,2017,7477.94,8284.11,10028.85,8956.21,10312.29,16123.56,11479.97,14504.41,11588.59,8272.23,7588.26,6972.17,600,18000,,
D199720018,F-222,2017,3182.22,3057.72,3100.05,4531.8,4472.04,6160.26,6202.59,7046.7,7201.08,4940.16,3944.16,3617.97,600,18000,,
D199720019,F-224,2017,28391.04,28377.09,21072.87,20037.78,19962.45,25698.69,20079.63,26705.88,20110.32,12917.7,15732.81,9374.4,950,28500,,
D199720020,F-223,2017,2520.7,5085.72,8451.27,9141.0,9440.16,15503.69,12091.05,17996.69,11448.41,7551.02,9080.06,4794.87,750,22500,,
D199720021,F-225,2017,1613.75,2923.65,4314.58,6036.36,6563.03,10114.62,6812.85,9331.38,6883.75,3825.06,5583.97,3139.72,600,18000,,
D199720024,F-221,2017,2246.84,3236.97,4102.7,4006.23,5481.27,6446.01,4379.43,4288.03,3688.88,2439.79,3038.94,2543.88,800,24000,,
D199720026,F-231,2017,8230.52,10260.8,12078.78,12889.42,17169.66,23911.23,15695.42,18108.97,12420.68,12837.95,14226.71,11825.1,550,16500,,
D199720027,F-230,2017,13657.26,19976.32,11813.69,12450.65,14409.58,20995.45,15041.73,14681.19,12090.11,7201.19,8888.51,5540.3,600,18000,,
D199720028,F-227,2017,1661.12,2872.16,6714.08,6739.6,9491.12,10658.08,9878.56,8287.04,6052.88,6257.04,5217.68,2763.12,700,21000,,
D199720029,F-229,2017,5133.13,5455.79,6971.42,7473.59,9573.2,12424.94,10511.66,10886.59,8293.9,6416.98,6703.28,5026.33,600,18000,,
D199720030,F-228,2017,9865.79,12839.37,13655.55,19617.03,17631.46,24576.18,25253.94,25349.4,19454.75,15598.16,14185.36,12362.07,850,25500,,
D199730036,F-207,2017,14276,14513,13816,14997,14454,16977,16719,17209,6913,902,193,11221,700,21000,,사후관리DB(원본월별·5년이용량분석)
D199730037,F-208,2017,6532,2086,1556,1037,1206,1567,2349,2523,2628,1874,1844,1931,800,17000,,사후관리DB(원본월별·5년이용량분석)
D199730038,F-212,2017,4605,6436,6480,4357,4905,7958,7513,7419,9404,8154,9112,8879,800,24000,,사후관리DB(원본월별·5년이용량분석)
D199730039,F-145,2017,1237,1121,1693,1885,2070,4359,3827,3821,6661,3372,3336,2843,600,18000,,사후관리DB(원본월별·5년이용량분석)
D199730040,F-154,2017,3930,3342,6124,7050,8602,10205,6064,7516,9848,9696,10912,10690,800,18900,,사후관리DB(원본월별·5년이용량분석)
D199730052,F-206,2017,24042,25015,21535,22859,21447,24500,23477,24921,24602,24199,24922,24273,1300,24000,,사후관리DB(원본월별·5년이용량분석)
D199730053,F-209,2017,5214,6973,5190,3207,3998,6928,9891,13658,16164,10484,8606,3348,800,24000,,사후관리DB(원본월별·5년이용량분석)
D199730054,F-213,2017,11422,12093,7784,11811,10035,12121,11225,12476,11693,12170,11123,9052,1000,30000,,사후관리DB(원본월별·5년이용량분석)
D199730055,F-211,2017,9877,7076,6736,4988,5339,9536,10312,10913,7521,13458,7479,5057,600,18000,,사후관리DB(원본월별·5년이용량분석)
D199730056,F-205,2017,2022,646,1666,4209,1257,4527,4802,4921,4870,9084,9576,11066,1000,24000,,사후관리DB(원본월별·5년이용량분석)
D199730057,F-241,2017,9775,7843,8409,10837,12252,16834,13718,20367,19385,14979,13770,13333,600,24000,,사후관리DB(원본월별·5년이용량분석)
D199730059,F-210,2017,3484,3427,3003,3235,7191,4080,4226,13680,3356,2445,3690,2549,800,24000,,사후관리DB(원본월별·5년이용량분석)
D199730061,F-263,2017,2717,2836,2787,4368,4013,8417,9946,10755,6815,7901,6999,5788,800,24000,,사후관리DB(원본월별·5년이용량분석)
D199730063,F-235,2017,3092,14725,6073,2276,3543,0,3112,4939,8584,6486,12891,8391,800,12000,,사후관리DB(원본월별·5년이용량분석)
D199730073,F-257,2017,5483,16376,15758,14131,47,9351,17403,14801,5716,2893,1838,10748,700,21000,,사후관리DB(원본월별·5년이용량분석)
D199730074,F-239,2017,6212,4847,6155,7761,6782,8753,11325,16492,19885,13811,6804,7003,700,21000,,사후관리DB(원본월별·5년이용량분석)
D199730079,F-252,2017,4864,5314,5032,5786,5440,6985,5558,5613,6967,6863,5948,4957,800,16800,,사후관리DB(원본월별·5년이용량분석)
D199730080,F-251,2017,7630,6989,11111,13620,15879,22636,21242,25611,16041,14802,14210,12727,1000,24000,,사후관리DB(원본월별·5년이용량분석)
D199730081,F-259,2017,302,441,785,608,1130,2350,1897,2809,985,710,944,885,700,21000,,사후관리DB(원본월별·5년이용량분석)
D199730082,F-258,2017,1573,2612,855,548,788,4755,4840,12977,2526,2465,2757,654,600,24000,,사후관리DB(원본월별·5년이용량분석)
D199730083,F-248,2017,6537,302,1042,409,1,1786,2950,14858,1451,549,973,5900,700,24000,,사후관리DB(원본월별·5년이용량분석)
D199730084,F-253,2017,5,8,8,5,10,13,8,0,5579,3234,2096,0,800,15000,,사후관리DB(원본월별·5년이용량분석)
D199730085,F-256,2017,16302,36912,35908,39759,38428,39812,37678,38963,38629,22026,14465,12468,1200,36000,,사후관리DB(원본월별·5년이용량분석)
D199730087,F-261,2017,7874,8673,7562,7153,0,15955,14450,15573,16046,13297,16171,14498,1200,36000,,사후관리DB(원본월별·5년이용량분석)
D199730088,F-254,2017,518,486,656,898,1000,4326,5410,5758,5822,4198,2688,3049,800,24000,,사후관리DB(원본월별·5년이용량분석)
D199730089,F-255,2017,3835,3386,3644,4073,3744,6051,8257,9319,10456,4834,8505,6353,700,24000,,사후관리DB(원본월별·5년이용량분석)
D199730090,F-242,2017,9507,10027,9531,10776,6510,10128,8494,12754,9622,9448,11333,9498,800,33000,,사후관리DB(원본월별·5년이용량분석)
D199730091,F-245,2017,9778,6956,8209,10073,11100,13690,12985,13370,13012,11346,14283,12403,900,27000,,사후관리DB(원본월별·5년이용량분석)
D199730092,F-244,2017,4694,4749,4288,4003,4316,5614,5170,8041,5759,4992,4809,6270,900,27000,,사후관리DB(원본월별·5년이용량분석)
D199730093,F-243,2017,3287,3169,3967,5391,5048,7310,6430,10969,6317,6092,4601,5831,800,19200,,사후관리DB(원본월별·5년이용량분석)
D199730094,F-246,2017,18220,17313,16397,19286,17401,19503,21661,21650,22751,20857,18550,20712,800,24000,,사후관리DB(원본월별·5년이용량분석)
D199730098,F-234,2017,3531,4697,6978,3843,6173,9353,6836,20056,6456,10524,16308,9557,1100,32500,,사후관리DB(원본월별·5년이용량분석)
D199730099,F-232,2017,2256,3066,5845,5372,7309,10114,6335,9910,9898,5318,8771,5713,800,12000,,사후관리DB(원본월별·5년이용량분석)
D199730100,F-233,2017,1308,2098,3976,1914,3008,0,3214,5587,7035,4927,9399,5717,600,17900,,사후관리DB(원본월별·5년이용량분석)
D199730101,F-236,2017,1118,1093,1503,4515,2129,5264,3106,5135,3819,4221,6069,5686,600,7500,,사후관리DB(원본월별·5년이용량분석)
D199730102,F-238,2017,6269,6345,8955,12641,11893,18237,12431,14672,12555,14743,10290,6592,800,18000,,사후관리DB(원본월별·5년이용량분석)
D199730103,F-237,2017,1391,1752,3063,2558,4769,6011,3479,4931,8811,4180,8119,5504,950,27400,,사후관리DB(원본월별·5년이용량분석)
D199730105,F-250,2017,4135,3652,4208,5354,6568,10792,11955,14134,9797,8801,8418,6610,700,27000,,사후관리DB(원본월별·5년이용량분석)
D199730107,F-240,2017,8759,9477,9677,9730,8743,9180,10235,12137,12095,10779,7673,6602,1050,24000,,사후관리DB(원본월별·5년이용량분석)
D199730108,F-247,2017,4087,3577,3438,3832,2849,4064,5457,5242,4809,8213,4344,7499,700,21000,,사후관리DB(원본월별·5년이용량분석)
D199730109,F-266,2017,1977,2387,3164,4930,4112,10027,11892,14190,6993,6119,4273,3437,700,21000,,사후관리DB(원본월별·5년이용량분석)
D199730120,D-321,2017,0,0,0,0,0,0,0,0,0,0,0,0,,,,사후관리DB(원본월별·5년이용량분석)
D199730121,D-322,2017,0,0,0,0,0,0,0,0,0,0,0,0,,,,사후관리DB(원본월별·5년이용량분석)
D199730132,F-262,2017,3720,5285,6515,6563,12923,20026,16927,22897,13569,12136,12666,12487,800,24000,,사후관리DB(원본월별·5년이용량분석)
D199730133,F-260,2017,11953,14003,11241,11112,0,18643,17350,19196,18774,17749,17336,10434,800,24000,,사후관리DB(원본월별·5년이용량분석)
D199730134,R-001,2017,11964,12934,14700,16393,17960,20528,17649,21177,19281,15645,17961,13966,800,17200,,사후관리DB(원본월별·5년이용량분석)
D199740086,F-289,2017,6213.04,5278.9,6720.43,8931.45,1559.14,7385.75,3612.23,4112.9,13.44,0.0,0.0,43.68,1200,36000,,
D199740087,F-277,2017,6028.8,9019.2,12514.35,18273.41,15534.55,20838.5,20721.0,18299.88,14836.18,10227.28,11486.66,9338.6,700,21000,,
D199740088,F-281,2017,4153.76,6528.15,8273.53,13379.31,12642.63,18264.1,15354.19,15178.52,13161.14,9905.57,9956.57,7814.52,600,18000,,
D199740089,F-276,2017,8307.41,10537.58,12065.47,20125.19,17064.06,24905.06,18543.7,16390.72,13161.26,10296.34,10236.29,7749.86,600,18000,,
D199740090,F-287,2017,4154.68,3318.03,4120.9,8283.38,10265.88,16465.43,15075.34,15688.54,16143.24,14342.62,7431.14,11409.14,600,18000,,
D199740091,F-278,2017,31479.68,31364.31,28460.58,31547.2,30534.27,31859.53,30950.7,32419.45,32064.93,30531.46,32135.27,31091.38,1000,30000,,
D199740092,F-280,2017,5917.72,5724.25,6912.53,8809.8,9606.15,12860.2,11125.21,10849.35,11235.05,7479.21,6192.32,6011.33,800,24000,,
D199740093,F-279,2017,4574.09,6014.18,6510.77,9584.07,9062.66,14232.65,12422.88,13741.58,10265.49,5012.74,6027.98,6113.5,600,18000,,
D199740094,F-290,2017,2846.72,1160.72,2324.01,5678.06,5191.22,8919.37,10008.34,10467.0,9162.78,10848.78,7225.69,5093.85,600,18000,,
D199740095,F-293,2017,1386.51,783.47,595.63,3722.08,743.92,3257.44,857.61,4090.33,1895.64,9164.32,7362.6,6912.79,700,21000,,
D199740096,F-288,2017,1059.99,587.4,408.51,2138.67,253.65,1385.73,830.37,392.49,2392.32,6813.84,6837.87,6920.64,800,24000,,
D199740103,F-269,2017,4180.38,5294.51,4397.2,9592.09,10098.25,11848.92,10782.4,10028.66,7233.44,5244.7,4582.52,7708.1,800,24000,,
D199740122,F-272,2017,5394.48,5438.16,6553.68,6805.68,7524.72,8428.56,7002.24,6546.96,6444.48,4885.44,4045.44,3353.28,750,22500,,
D199740125,F-291,2017,4145.42,3441.65,3174.4,6025.12,2622.07,9389.56,4492.85,4323.59,3667.33,13297.42,10639.72,17027.11,800,24000,,
D199740127,F-294,2017,2559.13,1499.93,1534.39,2956.33,1750.22,2914.62,1211.55,3273.73,3329.95,10002.56,7122.4,7330.98,600,18000,,
D199740128,F-295,2017,1164.9,813.44,968.17,2513.26,3185.23,6485.41,4920.42,5678.6,11976.13,3437.22,3419.54,4299.29,700,21000,,
D199740129,F-273,2017,1211.17,1156.71,1044.04,1017.76,967.06,1030.9,893.82,1423.36,1327.59,1068.46,974.57,7276.39,900,27000,,
D199740130,F-275,2017,6147.36,6445.44,6325.92,8140.32,6698.88,7087.68,7087.68,5764.32,5572.8,4929.12,5817.6,5476.32,600,18000,,
D199740131,F-274,2017,28443.08,28818.49,27138.91,30342.05,28543.03,30751.59,22163.57,26361.29,17229.66,6530.6,10309.03,8702.59,600,18000,,
D199740143,F-348,2017,10259.81,9927.5,8769.64,14015.54,12707.2,19464.17,16619.68,17223.69,13428.25,12404.15,10370.58,11958.98,1000,30000,,
D199740144,F-284,2017,2761.7,4313.89,4893.24,7689.79,4930.99,7962.77,7470.54,7814.66,5071.84,3201.66,3631.45,4650.76,600,18000,,
D199740145,F-283,2017,2043.13,2483.13,4130.14,4744.27,5022.1,6592.0,5418.23,6921.67,5446.14,5174.96,2144.16,3850.98,700,21000,,
D199740146,F-282,2017,2517.85,3748.1,5958.85,10385.9,9729.15,13701.1,12415.35,11553.25,9921.55,7585.0,7178.0,9137.15,700,21000,,
D199740147,F-285,2017,5942.31,8103.73,8826.3,13233.15,13130.23,17734.52,15474.38,15991.11,11657.77,8822.1,8981.74,6868.63,700,21000,,
D199740148,F-286,2017,11095.52,10351.52,9235.52,15118.08,14770.88,14587.36,11417.92,11913.92,10872.32,10649.12,11794.88,7435.04,700,21000,,
D199740161,F-297,2017,5708.71,5691.58,7825.1,9542.19,10301.24,13259.7,9415.68,9117.86,7701.22,8288.96,6053.97,4621.52,700,21000,,
D199740162,F-339,2017,8148.66,8139.22,7574.48,14419.03,12666.6,15241.77,14304.2,17864.12,15457.28,12490.41,10154.36,11002.26,800,24000,,
D199740163,F-271,2017,22513.09,21721.73,19626.66,24421.73,24031.12,24615.76,23724.22,24109.75,24651.27,23227.08,24448.36,22483.92,1000,30000,,
D199740190,F-292,2017,2033.1,2024.09,1831.89,2426.5,2501.58,5450.63,2537.62,6958.18,7934.19,8219.48,8285.55,9847.16,800,24000,,
D199740205,F-198,2017,939.51,1681.68,3256.11,1780.35,1926.21,2453.88,2522.52,3346.2,8279.7,7271.55,11613.03,3891.03,800,24000,,
D199740206,F-197,2017,603.0,1311.0,4578.0,891.0,3012.0,1029.0,0.0,1014.0,9558.0,11184.0,14457.0,6570.0,800,24000,,
D199740207,F-195,2017,6228.08,3402.55,2378.81,4716.66,3953.51,9448.21,5368.13,4325.78,6775.31,13316.1,9310.47,15996.44,700,21000,,
D199740208,F-192,2017,4619.65,2530.08,2941.22,6763.45,4789.08,9090.22,6004.42,5238.62,4235.62,11064.58,3417.87,5505.18,700,21000,,
D199740209,F-191,2017,11278.3,9385.87,9312.52,11246.02,8273.88,12589.79,10084.16,13631.36,12419.62,11815.22,12352.14,14467.55,900,27000,,
D199740210,F-194,2017,14580.0,14745.0,14118.75,18840.0,18097.5,21885.0,18480.0,20497.5,22421.25,24322.5,22766.25,21945.0,700,21000,,
D199740211,F-181,2017,10801.23,10659.32,10052.1,11144.44,9959.7,10322.71,9236.98,12966.09,22727.79,10494.32,12926.49,13253.2,800,24000,,
D199740212,F-180,2017,17802.86,19020.47,20982.99,27093.86,25980.57,26290.27,25020.5,25977.31,26011.54,23181.86,21975.66,18521.69,600,18000,,
D199740213,F-187,2017,4372.33,7594.95,8732.42,11735.87,11384.47,13538.19,14592.4,15227.86,15050.94,13727.97,13991.83,13518.6,600,18000,,
D199740214,F-188,2017,16681.11,20003.69,22254.21,28100.1,35942.81,42773.47,39633.66,38588.87,33013.05,27205.35,26220.57,26774.34,700,21000,,
D199740215,F-175,2017,30718.47,30693.21,25396.32,25645.03,30427.0,31427.7,30372.6,31348.03,31452.96,30417.29,28864.75,16716.49,600,18000,,
D199740216,F-170,2017,9696.4,8739.53,8787.69,9646.15,14491.21,17439.28,12506.28,14937.19,9306.95,7596.31,8628.56,6813.23,700,21000,,
D199740217,F-171,2017,0.0,0.0,0.0,0.0,0.0,0.0,0.0,0.0,0.0,0.0,0.0,0.0,800,24000,,
D199740218,F-173,2017,6122.93,6280.26,10541.4,9005.21,11264.71,12945.12,7997.83,7980.35,2639.72,1606.12,1992.9,1619.23,600,18000,,
D199740219,F-174,2017,2274.04,3425.33,5677.96,5126.1,7435.82,10654.2,5630.38,6056.17,6491.47,4224.57,5903.93,6041.9,700,21000,,
D199740220,F-179,2017,4172.22,5783.76,6170.53,15719.75,13145.73,15437.45,15657.51,14639.46,12169.91,15837.56,21098.96,12536.68,800,24000,,
D199740221,F-176,2017,121.05,131.81,145.26,223.27,164.09,704.78,406.19,223.27,225.96,137.19,69.94,166.78,700,21000,,
D199740222,F-177,2017,2141.99,6834.98,6427.6,8113.72,7513.96,7939.12,7340.98,6390.42,5682.35,5447.94,5383.28,6843.07,600,18000,,
D199740223,F-201,2017,5186.0,5371.18,6817.62,7832.89,8008.86,9273.81,7155.74,8090.86,8522.95,7716.81,6996.35,5188.76,600,18000,,
D199740224,F-200,2017,595.53,2287.99,3728.72,2529.47,3386.96,3567.05,2517.2,2443.52,1448.92,730.6,1712.92,789.95,600,18000,,
D199810008,F-300,2017,10938,10440,10424,12796,11412,12974,12632,12812,13736,13487,12807,13125,1000,32580,,사후관리DB(원본월별·5년이용량분석)
D199810009,F-299,2017,3047,3683,4338,4341,5529,6949,5243,4607,3214,2852,3207,3118,400,10500,,사후관리DB(원본월별·5년이용량분석)
D199810010,F-301,2017,2167,2832,3900,2805,4285,8218,6070,9500,6251,4051,3534,2505,1000,30000,,사후관리DB(원본월별·5년이용량분석)
D199810022,F-302,2017,28538,30013,25026,29258,28292,30102,23819,28292,27568,25559,25927,22750,1200,36000,,사후관리DB(원본월별·5년이용량분석)
D199820003,F-306,2017,3105.2,2746.15,2863.08,3887.45,2777.19,3398.03,2974.83,4833.19,4193.73,3749.83,2619.92,2648.89,550,16500,,
D199820010,F-303,2017,15402.64,17466.62,20141.75,22760.33,24680.77,26977.46,23528.07,24380.63,25252.76,21511.94,21020.41,18140.84,700,21000,,
D199820011,F-305,2017,3820.31,3379.58,4013.26,7685.3,7809.2,11170.5,10565.26,10435.28,9492.89,8166.65,4929.24,5869.59,500,15000,,
D199820012,F-304,2017,7119.67,7706.88,7616.36,10075.46,9012.44,12703.99,10141.61,10929.59,10237.93,7521.2,6761.07,6429.17,500,15000,,
D199820019,F-308,2017,2643.04,2901.54,3273.31,3855.65,3788.85,4925.21,6683.85,5717.4,4738.6,4473.57,5263.58,4112.69,600,18000,,
D199820025,F-307,2017,2947.75,2884.57,3199.18,5257.42,5607.41,7829.91,8104.09,10391.02,8552.63,7613.85,7971.42,6624.53,800,24000,,
D199830009,S-004,2017,6025,5654,6657,7648,8406,7110,7106,8186,10260,9190,7802,8467,1300,42000,,사후관리DB(원본월별·5년이용량분석)
D199830010,S-005,2017,13463,13727,13369,15299,15352,15713,14124,18203,16840,16033,15755,17865,1050,31500,,사후관리DB(원본월별·5년이용량분석)
D199830011,S-006,2017,7353,8959,7143,9872,10774,19960,17227,20409,11061,9887,7947,7229,800,15000,,사후관리DB(원본월별·5년이용량분석)
D199830012,S-003,2017,3599,3913,5441,3337,4791,6659,3965,6951,6622,5299,8221,7126,600,15000,,사후관리DB(원본월별·5년이용량분석)
D199830013,S-002,2017,1696,2789,3863,4688,6185,5979,4739,7317,7020,5575,8288,4377,1050,24000,,사후관리DB(원본월별·5년이용량분석)
D199830020,F-328,2017,16338,14931,16480,22401,21271,24906,22268,25593,21739,20755,17908,15978,850,29880,,사후관리DB(원본월별·5년이용량분석)
D199830028,F-312,2017,247,579,389,36,32,36,1563,4216,26927,3195,77,267,1500,32000,,사후관리DB(원본월별·5년이용량분석)
D199830029,F-313,2017,19352,18940,17891,24784,18216,23187,27439,28710,30171,32270,27274,33044,1400,42000,,사후관리DB(원본월별·5년이용량분석)
D199830030,F-314,2017,3854,3934,4033,5957,3538,5623,7844,7965,8685,9362,10739,10026,800,21000,,사후관리DB(원본월별·5년이용량분석)
D199830031,F-315,2017,19498,18894,16117,18440,17636,21664,22234,26586,25941,24792,22381,24261,1200,36000,,사후관리DB(원본월별·5년이용량분석)
D199830032,F-316,2017,2957,4722,4073,3014,3951,5681,3925,7446,5149,4899,8186,5089,1000,24000,,사후관리DB(원본월별·5년이용량분석)
D199830033,F-317,2017,10748,10719,13288,20904,22420,22557,17440,24392,17907,13557,12299,13331,1050,21200,,사후관리DB(원본월별·5년이용량분석)
D199830035,F-318,2017,15190,15472,15769,19004,24059,24934,25501,28550,26017,22221,17764,16559,900,39000,,사후관리DB(원본월별·5년이용량분석)
D199830036,F-319,2017,1242,2479,6673,3116,4585,9097,5888,13210,3903,2483,2045,1884,850,27300,,사후관리DB(원본월별·5년이용량분석)
D199830037,F-369,2017,5370,5659,6512,8387,5415,7456,7602,10799,7260,6357,6265,5289,700,27000,,사후관리DB(원본월별·5년이용량분석)
D199830038,F-320,2017,24665,25507,23931,25442,25051,30454,27445,32639,27572,27023,27770,27113,1200,36000,,사후관리DB(원본월별·5년이용량분석)
D199830042,F-322,2017,9453,11385,13572,15095,15798,18238,17133,24000,19022,16088,16917,16152,1400,42000,,사후관리DB(원본월별·5년이용량분석)
D199830043,F-323,2017,2121,2847,4775,4966,3574,7227,7245,8295,10523,6585,6818,3798,800,25000,,사후관리DB(원본월별·5년이용량분석)
D199830044,F-370,2017,588,787,1145,948,1221,6386,3544,4587,8865,2725,2329,4334,700,19000,,사후관리DB(원본월별·5년이용량분석)
D199830045,F-324,2017,5495,7196,6519,7930,7387,13157,9144,12902,14845,11477,11387,9014,1200,36000,,사후관리DB(원본월별·5년이용량분석)
D199830055,F-326,2017,6735,7212,4047,5893,4733,14122,10587,18702,4493,5311,6417,9020,1218,18000,,사후관리DB(원본월별·5년이용량분석)
D199830056,F-325,2017,45623,45704,40960,45392,43907,43191,41725,43010,43066,41001,42203,41872,1200,36000,,사후관리DB(원본월별·5년이용량분석)
D199830057,F-329,2017,0,0,964,0,0,1305,2520,2225,1080,996,1301,1959,850,12600,,사후관리DB(원본월별·5년이용량분석)
D199830064,F-327,2017,3716,4294,3982,4684,5153,6337,5951,6483,5563,5125,5841,5288,900,27000,,사후관리DB(원본월별·5년이용량분석)
D199830065,S-009,2017,3224,4664,6979,9045,11215,16736,18517,16568,11499,8705,9127,6140,1000,30000,,사후관리DB(원본월별·5년이용량분석)
D199830066,F-330,2017,2597,3327,8458,5308,10777,8424,3938,10282,8479,5725,11943,7515,950,15000,,사후관리DB(원본월별·5년이용량분석)
D199830073,F-380,2017,2704,1571,2697,3138,2218,2948,2623,2940,4371,4828,3228,2438,900,27000,,사후관리DB(원본월별·5년이용량분석)
D199830075,F-311,2017,2109,3448,4375,2156,4248,4261,2554,7707,13877,9571,16944,9239,1500,27000,,사후관리DB(원본월별·5년이용량분석)
D199830076,F-309,2017,4405,5233,7439,4937,6477,6495,4945,7393,10300,8307,11969,11902,1350,40000,,사후관리DB(원본월별·5년이용량분석)
D199830077,F-310,2017,3592,5023,7393,4631,7167,8560,4734,7463,11020,8845,16521,9586,800,12000,,사후관리DB(원본월별·5년이용량분석)
D199830090,F-331,2017,7640,8539,7934,8101,8790,14508,13225,16542,4500,5996,19463,15288,650,12000,,사후관리DB(원본월별·5년이용량분석)
D199830091,F-332,2017,10075,10209,10119,12740,10083,10199,10995,12740,11435,8949,9690,8993,800,12000,,사후관리DB(원본월별·5년이용량분석)
D199830092,F-378,2017,19603,18504,17398,20238,19947,22254,16794,18982,17238,16367,19041,17880,800,15000,,사후관리DB(원본월별·5년이용량분석)
D199830093,R-004,2017,10333,4046,4856,6062,5304,8681,6233,9224,8873,9059,9531,10829,1020,20200,,사후관리DB(원본월별·5년이용량분석)
D199830094,R-005,2017,4570,4661,7613,7251,8759,13095,9543,12513,9826,7199,10161,7479,825,24750,,사후관리DB(원본월별·5년이용량분석)
D199840018,F-333,2017,17584.75,17778.25,15978.81,18504.24,18125.71,20953.39,17765.54,17783.9,18368.64,18319.21,18579.1,17935.03,800,24000,,
D199840019,F-349,2017,8943.93,8155.35,7886.47,7512.06,6012.97,11422.41,7904.54,9934.89,11085.58,9035.0,9913.92,7741.19,850,25500,,
D199840020,R-006,2017,8276.62,8919.76,8125.43,8820.63,9096.35,9460.67,8462.5,9059.17,8418.51,8076.49,8059.14,7871.4,900,27000,,
D199840023,S-007,2017,2834.96,1149.43,433.18,1728.43,291.65,3023.67,1706.98,999.31,1376.74,10233.32,5146.68,12073.25,1200,36000,,
D199840025,F-336,2017,6861.81,6487.16,6216.65,12208.51,6695.44,7965.44,7205.98,11854.18,9251.95,6692.9,6377.94,9893.3,1000,30000,,
D199840026,F-337,2017,3818.26,5989.7,7043.01,12220.44,11470.97,14894.24,15388.48,12186.01,9133.43,8242.17,7749.95,7452.18,800,24000,,
D199840027,F-338,2017,5206.74,4657.83,6446.6,12924.77,11686.66,16347.99,14392.62,13654.31,11223.68,9536.62,8719.4,9278.83,1000,30000,,
D199840053,F-335,2017,11110.4,10803.52,11112.64,13285.44,11264.96,12454.4,11038.72,11471.04,13565.44,24805.76,25632.32,25211.2,1000,30000,,
D199840054,F-334,2017,0.0,0.0,0.0,0.0,0.0,0.0,0.0,0.0,0.0,0.0,0.0,0.0,850,25500,,
D199840058,F-386,2017,2518.38,14169.45,15615.65,19103.15,17258.0,23290.49,21014.8,12028.4,4744.2,6321.73,11614.49,4584.62,900,27000,,
D199840059,F-341,2017,1399.6,2219.3,3753.35,6474.29,4420.54,7729.42,7350.18,7851.83,5975.65,3400.18,2914.59,2074.82,700,21000,,
D199840060,F-342,2017,8123.61,9055.1,9417.89,13393.9,10315.07,12462.41,11815.27,12143.74,11709.86,10719.53,7635.8,6684.7,850,25500,,
D199840061,F-343,2017,3030.24,6362.22,8617.78,11988.28,11746.46,15729.0,14507.06,15692.62,10954.66,5433.46,5405.64,3798.5,850,25500,,
D199840062,F-344,2017,8003.5,11136.05,12908.46,13377.43,10760.6,20153.98,14122.66,13299.5,13387.34,13159.24,13847.8,10621.75,700,21000,,
D199840063,F-345,2017,3372.12,4613.58,7034.94,9001.44,9483.66,13509.0,11792.16,13009.68,10345.5,7616.34,7353.0,7028.1,1050,31500,,
D199840064,F-346,2017,5470.16,6710.27,8274.61,10198.27,10748.13,16702.97,12412.75,13637.81,11949.8,7134.78,8976.55,8306.36,1050,31500,,
D199840065,F-347,2017,29297.12,21072.01,22514.71,29832.98,25800.28,27134.78,22997.33,21463.6,24596.32,21530.58,20924.3,21149.3,1050,31500,,
D199840115,R-007,2017,571.92,1153.64,2764.81,2372.64,3222.35,5428.31,2705.99,4542.66,3156.98,1434.7,2473.95,1261.49,900,27000,,
D199840116,F-356,2017,1404.85,1232.18,818.84,3042.52,792.68,3550.05,1506.87,2236.77,1669.07,8620.05,4044.49,4737.76,750,22500,,
D199840117,F-354,2017,2399.65,1933.32,2185.92,5016.28,5314.21,6204.77,4151.63,4459.28,5246.21,9469.08,6347.26,8581.76,800,24000,,
D199840118,F-355,2017,4235.78,4476.7,4765.01,5677.33,2138.63,3153.63,3467.61,5365.32,3449.84,4170.62,3050.95,6672.59,850,25500,,
D199840119,F-351,2017,6090.34,6117.01,8303.91,6800.72,8873.67,10830.24,8257.85,8919.74,8890.64,7050.45,11947.94,5867.29,850,25500,,
D199840120,F-352,2017,0.0,0.0,0.0,0.0,0.0,0.0,0.0,0.0,0.0,0.0,0.0,0.0,650,19500,,
D199840121,F-350,2017,1007.37,1048.32,2132.13,1419.6,2705.43,2517.06,2377.83,2806.44,3491.67,3751.02,4714.71,1850.94,700,21000,,
D199840136,F-340,2017,6127.35,5929.05,5250.83,9716.78,8506.97,10826.6,9241.85,17255.57,11886.43,8123.7,7325.49,7237.18,800,24000,,
D199910003,F-360,2017,11977,12942,11753,14060,13662,16704,14764,16967,15374,16499,22372,18362,700,20500,,사후관리DB(원본월별·5년이용량분석)
D199910004,F-361,2017,3479,3796,6305,14480,16648,16305,15335,17361,13996,6139,615,127,600,16000,,사후관리DB(원본월별·5년이용량분석)
D199910005,F-359,2017,5281,5326,5005,6532,6366,8318,7233,6838,5959,4851,5022,4775,850,30000,,사후관리DB(원본월별·5년이용량분석)
D199910006,F-357,2017,6568,6588,5982,6599,6437,6750,6855,8255,8687,8198,7691,13211,700,21240,,사후관리DB(원본월별·5년이용량분석)
D199910007,F-358,2017,5730,6291,6429,7140,8725,9681,8487,9065,7497,6625,7083,6706,700,21600,,사후관리DB(원본월별·5년이용량분석)
D199910008,F-362,2017,27883,25119,25558,23664,9721,23172,21914,28869,32508,28636,25507,21014,800,24240,,사후관리DB(원본월별·5년이용량분석)
D199910009,F-363,2017,12,0,0,0,0,2,0,0,0,1,0,4,600,18960,,사후관리DB(원본월별·5년이용량분석)
D199920008,F-364,2017,2296.67,3869.62,8578.69,9965.82,10386.36,16593.4,11061.18,16418.99,9977.23,7351.3,5721.3,5375.74,750,22500,,
D199920009,F-365,2017,3908.3,3438.82,5241.72,8586.16,7509.26,10652.84,11630.52,15033.04,10810.14,8186.86,7712.54,7823.86,600,18000,,
D199920027,S-011,2017,4267.93,6627.91,14388.84,19408.2,19232.09,19287.86,20602.87,22569.52,19496.26,15090.38,16693.05,11039.66,750,22500,,
D199920028,S-010,2017,5059.62,6568.19,8610.67,8567.67,10595.82,13222.38,11154.81,12208.3,9803.91,6475.02,9072.92,6550.27,800,24000,,
D199930016,F-379,2017,4068,4640,8629,10728,7538,16674,22421,27855,6448,6214,6583,2354,700,29400,,사후관리DB(원본월별·5년이용량분석)
D199930017,F-374,2017,26405,23509,19979,14618,17418,22334,20216,25230,20840,20926,14756,13164,800,24000,,사후관리DB(원본월별·5년이용량분석)
D199930023,F-368,2017,8573,6975,6976,7902,9396,11409,12506,17690,18425,16774,13246,10634,900,27000,,사후관리DB(원본월별·5년이용량분석)
D199930024,F-375,2017,1856,2707,5970,8293,9174,13364,12294,14222,9487,5864,5419,4375,800,27000,,사후관리DB(원본월별·5년이용량분석)
D199930025,F-376,2017,4891,4937,5737,6383,8124,13520,11769,14287,9138,7786,7107,6029,900,27000,,사후관리DB(원본월별·5년이용량분석)
D199930026,F-366,2017,5656,1740,2408,7843,4799,8174,5452,6902,9258,13563,13058,12520,1000,15000,,사후관리DB(원본월별·5년이용량분석)
D199930038,F-381,2017,5412,5490,4200,2269,2021,1368,1263,1120,828,700,1470,1426,700,21000,,사후관리DB(원본월별·5년이용량분석)
D199930045,F-371,2017,16320,19961,21049,16133,26442,31518,26970,33332,27515,22759,26263,24400,1000,30000,,사후관리DB(원본월별·5년이용량분석)
D199930047,R-008,2017,165,1781,4176,500,2680,3682,1740,5217,6523,4910,9263,4685,800,12000,,사후관리DB(원본월별·5년이용량분석)
D199930048,F-372,2017,9638,9415,8395,10167,9046,12563,13139,20229,12846,13360,15270,14574,900,27000,,사후관리DB(원본월별·5년이용량분석)
D199930049,R-009,2017,0,0,991,10,587,1749,127,734,1743,846,3218,0,700,15000,,사후관리DB(원본월별·5년이용량분석)
D199930060,F-373,2017,0,40,35,7185,27164,43393,31706,26779,5560,1511,5662,16261,900,27000,,사후관리DB(원본월별·5년이용량분석)
D199930064,F-377,2017,2512,3057,7669,0,7748,12067,6893,7835,7506,5581,9932,4389,800,24000,,사후관리DB(원본월별·5년이용량분석)
D199930075,F-367,2017,2234,3173,6088,2931,4693,5247,3363,5228,12699,9171,10202,6928,700,20100,,사후관리DB(원본월별·5년이용량분석)
D199930079,S-012,2017,10,10,2294,5579,3865,340,3930,2428,5144,9017,5787,9626,750,19000,,사후관리DB(원본월별·5년이용량분석)
D199930080,S-013,2017,8297,9907,9197,10360,10736,13759,10223,10223,1626,58,60,55,800,24000,,사후관리DB(원본월별·5년이용량분석)
D199940023,F-391,2017,14216.07,15446.34,16251.22,18587.94,18210.47,16329.11,19370.84,14633.48,9999.98,17940.85,8767.71,9514.66,800,24000,,
D199940024,F-395,2017,790.0,1180.0,1762.5,2995.0,2195.0,3050.0,2873.75,4318.75,2383.75,2117.5,1746.25,2570.0,900,27000,,
D199940025,F-394,2017,2166.25,1986.92,3052.83,4939.33,3755.78,3758.65,3372.74,3942.28,3194.85,2094.52,2051.48,2087.34,1000,30000,,
D199940036,F-392,2017,25321.08,25332.14,22878.4,25292.64,24156.62,26730.44,21796.1,24760.18,25150.44,24335.16,25096.72,24249.84,900,27000,,
D199940037,R-010,2017,4905.15,4576.8,4944.51,4688.17,6238.73,5784.6,5085.65,6237.77,6391.39,5775.96,6016.95,4407.82,600,18000,,
D199940040,F-384,2017,2784.31,2468.5,2364.2,5183.27,2506.16,4542.97,3085.62,3499.94,2523.55,10192.7,6811.55,7431.57,850,25500,,
D199940041,F-383,2017,1175.08,770.24,675.6,998.95,885.91,2289.7,1963.72,1979.5,1519.45,4361.2,3596.21,4745.01,1000,30000,,
D199940042,F-382,2017,5635.36,1850.95,2046.22,7519.32,1658.43,7766.85,1729.94,2742.05,6435.7,15800.47,11526.51,12027.06,1050,31500,,
D199940050,F-387,2017,3607.28,3630.56,4599.29,6146.93,5349.83,8253.12,5213.11,5911.29,5349.83,3191.28,3627.65,4890.2,1000,30000,,
D199940051,F-388,2017,4487.75,4761.8,6155.25,7961.95,6907.8,8984.2,8530.35,9436.6,6478.6,5740.55,6059.55,5359.2,900,27000,,
D199940052,F-389,2017,14926.54,18614.82,16448.87,26656.19,29379.04,31762.74,24667.53,25384.37,21087.16,18849.91,13190.32,11766.26,700,21000,,
D199940053,R-011,2017,0.0,0.0,0.0,0.0,0.0,0.0,0.0,0.0,0.0,0.0,0.0,0.0,600,18000,,
D199940058,F-390,2017,12971.16,14056.35,15598.78,20937.5,20975.44,24686.37,20449.92,27071.15,20045.82,15750.55,14111.37,14118.96,800,24000,,
D199940059,F-393,2017,17295.76,18076.5,16537.68,18795.44,16776.64,18776.9,17783.98,20270.4,19701.84,17751.02,18787.2,15631.28,1000,30000,,
D199940065,F-353,2017,10877.84,10729.2,10758.93,14495.86,13520.75,19778.7,16939.58,18473.6,20572.47,24811.82,19998.7,20857.87,900,27000,,
D199940073,F-385,2017,5223.99,4284.96,4244.28,8468.22,4790.07,8336.01,6583.38,9044.52,9169.95,16160.13,11502.27,12658.26,1050,31500,,
D199940098,F-396,2017,6417.44,8123.49,8013.5,10453.07,7901.13,7428.72,7601.23,5945.04,6447.51,5578.66,5218.62,5888.85,700,21000,,
D199940112,S-015,2017,8179.63,5508.2,6103.89,10748.72,7513.08,15823.93,9680.67,9924.72,12853.33,24620.24,19720.86,18752.53,1300,39000,,
D199940113,S-014,2017,6762.38,4305.31,4218.34,8521.84,4988.44,6644.6,2935.44,4082.44,5001.12,21053.63,8886.05,11937.46,850,25500,,
D200010005,F-399,2017,24302,24230,21923,24281,23513,24316,23513,24279,24284,23419,24269,23391,800,25650,,사후관리DB(원본월별·5년이용량분석)
D200010006,F-402,2017,1089,1271,1118,2156,1781,6469,6903,7453,5446,3281,1738,3268,700,27540,,사후관리DB(원본월별·5년이용량분석)
D200010009,S-016,2017,9381,10346,10070,10113,10989,12716,11947,11927,9857,9387,10962,9158,600,18000,,사후관리DB(원본월별·5년이용량분석)
D200010010,F-398,2017,5928,6766,8064,7826,10396,16542,13210,14992,11834,10517,12163,10887,700,21270,,사후관리DB(원본월별·5년이용량분석)
D200010011,F-397,2017,3393,3786,3975,4469,5197,8986,6163,6279,3899,1853,2198,1128,500,15240,,사후관리DB(원본월별·5년이용량분석)
D200010012,F-400,2017,4631,4705,4036,7057,7615,9862,11417,7066,5858,6056,4353,4977,700,28080,,사후관리DB(원본월별·5년이용량분석)
D200010013,F-401,2017,0,2,127,144,162,180,175,179,179,175,175,141,950,20000,,사후관리DB(원본월별·5년이용량분석)
D200020009,F-404,2017,4912.98,4995.93,5626.32,7999.87,7044.07,10421.91,10045.46,11920.05,11849.86,7128.29,4268.55,4613.1,600,18000,,
D200020010,F-405,2017,3413.85,4484.7,4433.55,9347.25,7794.6,10198.65,9733.35,11328.9,11295.9,8301.15,5577.0,5961.45,614,18420,,
D200020031,S-017,2017,1877.48,3440.8,5815.7,6859.16,7399.59,10763.72,8052.22,7861.48,8054.09,5170.55,3925.13,2993.87,700,21000,,
D200020032,F-406,2017,4419.56,4096.55,5373.32,9395.66,7496.89,13586.06,12038.67,12158.71,11648.0,11410.11,8431.0,8241.12,600,18000,,
D200030016,R-012,2017,401,585,769,711,1049,1542,681,1220,1341,2172,3225,718,700,12000,,사후관리DB(원본월별·5년이용량분석)
D200030017,R-013,2017,5700,8179,6864,8802,9595,11300,9442,11793,12069,15109,13186,13185,700,14500,,사후관리DB(원본월별·5년이용량분석)
D200030018,A-002,2017,0,0,0,0,0,0,0,0,0,0,0,0,800,24000,,사후관리DB(원본월별·5년이용량분석)
D200030032,F-422,2017,4038,3902,3676,4123,4219,5530,5538,14082,5229,4031,3635,4951,800,16000,,사후관리DB(원본월별·5년이용량분석)
D200030033,F-409,2017,0,0,0,0,0,2,0,1304,5224,13,9,24,700,24000,,사후관리DB(원본월별·5년이용량분석)
D200030034,F-420,2017,2455,2830,4296,4790,7069,9489,6419,8198,8436,5762,6706,4539,800,12000,,사후관리DB(원본월별·5년이용량분석)
D200030035,F-421,2017,2822,5455,8666,8691,13822,15540,9489,13240,10333,5752,9168,6151,800,17500,,사후관리DB(원본월별·5년이용량분석)
D200030036,F-408,2017,10090,10858,11747,16375,15409,16581,14567,17787,17198,18133,13673,13063,750,24000,,사후관리DB(원본월별·5년이용량분석)
D200030037,F-407,2017,14227,15581,13676,16828,13720,19247,18216,26386,24277,14258,16673,0,800,24000,,사후관리DB(원본월별·5년이용량분석)
D200030068,F-411,2017,18098,10722,10188,12322,,,,,,,,,800,24000,,사후관리DB(원본월별·5년이용량분석)
D200030069,F-410,2017,6821,7226,6533,5626,6647,9215,8598,10973,6986,5145,6119,4824,600,18000,,사후관리DB(원본월별·5년이용량분석)
D200030070,F-414,2017,8478,13078,16471,20166,23135,17273,13621,20608,9870,8885,9385,6378,810,24300,,사후관리DB(원본월별·5년이용량분석)
D200030071,F-415,2017,1564,1980,2379,4077,5108,9402,9544,12552,7058,13070,27561,18304,750,22500,,사후관리DB(원본월별·5년이용량분석)
D200030072,F-416,2017,2983,3317,3737,4114,4157,7664,7200,6768,5919,3439,3504,2736,800,24000,,사후관리DB(원본월별·5년이용량분석)
D200030073,F-423,2017,7696,7358,7519,3132,2224,3077,3150,5820,4957,4579,3703,10441,650,19600,,사후관리DB(원본월별·5년이용량분석)
D200030076,F-418,2017,0,0,0,4,53,0,0,0,46,7,0,0,800,24000,,사후관리DB(원본월별·5년이용량분석)
D200030077,F-412,2017,7849,10758,10082,8997,12504,23558,16679,22692,13949,13693,16744,12677,800,24000,,사후관리DB(원본월별·5년이용량분석)
D200030078,F-417,2017,2604,2160,3363,4527,1614,7774,4165,13571,7324,9233,13378,11291,800,21000,,사후관리DB(원본월별·5년이용량분석)
D200030079,F-419,2017,10471,2935,4980,3256,5832,7162,5462,7682,11851,7421,18997,6578,1000,30000,,사후관리DB(원본월별·5년이용량분석)
D200030080,F-413,2017,634,728,2021,2028,1992,3268,2481,3484,1239,1115,1283,606,800,24000,,사후관리DB(원본월별·5년이용량분석)
D200040024,R-015,2017,2071.91,1504.55,1690.05,2514.0,2238.15,3842.67,2969.34,2762.15,2415.22,2206.83,2875.38,2670.6,800,24000,,
D200040035,R-014,2017,5915.72,6252.15,7043.43,11798.83,10242.88,13858.57,15053.21,12895.64,11536.22,9334.02,8480.95,9463.61,700,21000,,
D200040037,F-428,2017,2566.37,1177.85,1340.64,5764.75,1230.52,5183.01,1436.4,6186.1,3490.45,14814.07,8393.36,11132.1,900,27000,,
D200040038,F-427,2017,2085.94,1073.2,737.64,5115.09,707.41,4241.41,2442.66,1977.11,3400.99,10940.6,9153.95,10088.08,1000,30000,,
D200040039,F-425,2017,2651.55,3646.49,5401.12,8251.17,7092.04,13081.3,11005.64,13630.24,9782.8,8025.72,7900.73,6805.32,850,25500,,
D200040040,F-424,2017,9258.58,10597.43,10829.18,17158.17,16683.34,27606.98,22550.09,22550.09,23016.1,20927.85,20188.53,17882.38,600,18000,,
D200040041,F-431,2017,14194.25,14943.17,15629.42,16861.31,17299.96,19476.4,15103.65,15103.65,17590.36,17072.23,16768.08,14771.99,600,18000,,
D200040042,F-430,2017,5685.68,5748.16,5600.48,7159.64,5716.92,9176.04,6103.16,7259.04,5609.0,5623.2,6705.24,7724.8,700,21000,,
D200040091,F-432,2017,13375.71,13654.09,15882.25,16485.03,18844.53,24284.17,19809.88,23981.09,21958.35,20111.83,21930.28,14018.9,700,21000,,
D200040092,F-426,2017,679.84,1442.82,5340.86,101.08,415.73,1780.29,430.4,596.69,5652.25,6775.53,10081.78,4038.25,800,24000,,
W200040109,F-429,2017,3164.29,551.51,666.3,4484.41,1649.53,6371.01,3269.1,3950.38,4604.2,12906.73,7761.0,8280.07,800,24000,,
W200040110,S-019,2017,2175.41,2894.83,4092.32,4234.03,5283.58,6350.26,5747.63,5325.62,5372.34,3394.7,3182.92,3173.57,800,24000,,
W200110005,F-434,2017,1145,1393,1824,2421,3596,6127,3584,5873,3234,2530,3341,1779,800,24240,,사후관리DB(원본월별·5년이용량분석)
W200110008,F-435,2017,5392,5478,4913,8825,7058,15299,13853,16859,12861,8946,6941,11458,650,19590,,사후관리DB(원본월별·5년이용량분석)
W200110009,F-437,2017,6514,6899,8320,9038,10347,12652,12277,15427,11915,11102,9129,8449,800,17800,,사후관리DB(원본월별·5년이용량분석)
W200110010,F-436,2017,2101,2190,1810,2132,2517,3150,2991,2804,2407,2495,2596,2374,450,12600,,사후관리DB(원본월별·5년이용량분석)
W200110011,F-438,2017,28732,29477,28110,32782,32315,37500,38698,36210,28906,24064,21216,16505,700,16000,,사후관리DB(원본월별·5년이용량분석)
W200110012,F-439,2017,13207,13336,11354,13828,15836,17093,15490,14923,11065,9198,9296,7227,800,18000,,사후관리DB(원본월별·5년이용량분석)
W200120019,F-441,2017,6044.46,6415.05,7868.89,9244.35,9681.11,13401.25,11246.95,16356.79,11520.82,7816.97,8382.02,7396.5,700,21000,,
W200120020,F-440,2017,339.69,317.58,556.77,1324.59,1089.42,2337.63,1720.56,2842.14,1913.52,1288.41,721.59,952.74,500,15000,,
W200120021,F-468,2017,4338.81,8380.8,9239.25,9518.61,12187.08,14424.87,11599.26,12649.77,11241.33,7807.53,8892.96,7071.3,800,24000,,
W200130021,F-448,2017,179,183,186,165,104,1072,3682,122,5768,846,165,172,600,12600,,사후관리DB(원본월별·5년이용량분석)
W200130030,F-445,2017,4755,5418,5537,5773,6192,8442,6484,7397,9463,8229,8782,7862,800,24000,,사후관리DB(원본월별·5년이용량분석)
W200130031,F-447,2017,9935,9295,8989,11430,12967,16547,13924,19361,18556,11988,13122,11032,900,27000,,사후관리DB(원본월별·5년이용량분석)
W200130036,F-457,2017,28056,29319,27679,11588,9036,11590,13894,16606,30625,27582,26074,28931,900,27000,,사후관리DB(원본월별·5년이용량분석)
W200130037,F-449,2017,2993,4577,4170,5991,,,,,,,,,900,27000,,사후관리DB(원본월별·5년이용량분석)
W200130038,F-442,2017,22448,22621,26603,0,24298,28976,24318,23026,24707,25233,27046,25414,800,24000,,사후관리DB(원본월별·5년이용량분석)
W200130045,F-458,2017,5295,5280,3610,5448,3890,4847,6023,5936,7023,10277,8191,9670,700,15000,,사후관리DB(원본월별·5년이용량분석)
W200130046,F-456,2017,5183,3835,3039,7989,4585,7034,9338,10560,13317,16568,11935,16383,800,24000,,사후관리DB(원본월별·5년이용량분석)
W200130047,F-446,2017,7497,8273,11303,11515,12205,19853,17614,25472,18101,13261,13130,8884,800,24000,,사후관리DB(원본월별·5년이용량분석)
W200130048,F-443,2017,5045,5214,6523,8308,8185,12832,10105,13125,14749,10758,10064,12915,700,21000,,사후관리DB(원본월별·5년이용량분석)
W200130049,F-444,2017,6593,7670,4791,8259,8019,8824,7381,9525,10182,9983,10580,9568,700,21000,,사후관리DB(원본월별·5년이용량분석)
W200130050,F-453,2017,1679,2118,3591,3344,5472,6304,5824,6057,7446,7000,10252,5517,800,18200,,사후관리DB(원본월별·5년이용량분석)
W200130051,F-476,2017,480,364,1649,205,1840,3214,1299,1591,3093,1669,2400,1201,800,12000,,사후관리DB(원본월별·5년이용량분석)
W200130052,F-454,2017,309,882,3732,283,1995,4360,768,5278,7406,5109,10927,4582,800,12000,,사후관리DB(원본월별·5년이용량분석)
W200130062,F-452,2017,7917,14997,14707,14535,14425,17417,8832,9881,6836,7415,8495,11349,700,21000,,사후관리DB(원본월별·5년이용량분석)
W200130063,R-016,2017,3296,3698,3909,1207,3077,3019,599,2330,8751,8376,18863,11845,1000,22800,,사후관리DB(원본월별·5년이용량분석)
W200130064,R-017,2017,5932,2235,926,296,1410,1127,561,889,4464,2875,5394,1317,1000,15000,,사후관리DB(원본월별·5년이용량분석)
W200130070,F-450,2017,2611,2572,2403,2677,2618,5219,3249,7726,3510,3281,3394,3246,700,14700,,사후관리DB(원본월별·5년이용량분석)
W200130071,F-455,2017,9562,10104,12615,9696,10902,15893,13215,17386,17615,12821,15947,12613,800,24000,,사후관리DB(원본월별·5년이용량분석)
W200140097,F-462,2017,2268.4,3158.8,4258.55,5888.3,6569.35,8336.9,5668.35,8819.2,5750.5,3492.7,4987.3,2803.7,800,24000,,
W200140127,F-461,2017,3655.06,3187.96,3682.31,4912.34,4203.9,6644.5,4067.66,4044.31,5383.33,11074.16,5348.3,7695.47,850,25500,,
W200140128,F-459,2017,5724.59,10015.09,10984.86,16521.37,15401.73,18887.02,20567.96,18037.74,16233.38,8998.3,10000.4,9283.35,700,21000,,
W200140129,F-467,2017,0.0,0.0,0.0,0.0,0.0,0.0,94.09,6.72,3.36,0.0,0.0,0.0,500,15000,,
W200140141,F-464,2017,2371.58,1220.71,1205.53,12948.06,1739.97,6638.01,1132.65,965.64,4421.29,15447.18,17402.75,16768.11,900,27000,,
W200140142,F-465,2017,4884.24,39.48,3429.12,7797.3,609.12,8417.7,1768.14,11897.58,8460.0,17337.36,12749.22,14046.42,850,25500,,
W200140143,F-460,2017,3338.88,3262.91,4064.4,5663.56,5165.96,6772.73,5864.88,7205.75,6100.39,10867.51,7076.61,8804.92,900,27000,,
W200140156,F-463,2017,792.34,394.18,374.27,1604.58,469.83,2154.05,1174.57,1114.85,1799.68,5864.9,4112.99,6601.49,700,21000,,
W200140157,F-466,2017,0.0,0.0,1805.26,0.0,0.0,0.0,0.0,0.0,0.0,0.0,0.0,0.0,850,25500,,
W200140158,R-019,2017,2548.89,2453.0,2696.07,2604.64,2914.61,3249.11,3554.62,6600.8,7860.75,7303.25,7987.86,4252.61,850,25500,,
W200140159,R-018,2017,2510.43,2698.31,4594.46,5270.04,6777.1,8963.73,6117.51,8567.98,7935.04,3651.05,4414.57,3086.07,600,18000,,
W200210003,F-471,2017,1014,570,3504,5528,5227,7479,6292,8854,6838,3828,4391,4168,800,24000,,사후관리DB(원본월별·5년이용량분석)
W200210004,F-470,2017,5437,9724,7196,21,2676,2645,25,45,40,20,19,19,300,8400,,사후관리DB(원본월별·5년이용량분석)
W200210007,F-469,2017,630,461,2220,5707,4796,10445,11443,13012,10763,8588,7262,7297,600,16500,,사후관리DB(원본월별·5년이용량분석)
W200220011,F-472,2017,2368.08,1969.11,2604.57,2993.89,4996.78,3354.25,3806.31,5151.22,3611.65,2857.14,2574.0,2216.86,800,24000,,
W200220012,F-474,2017,4293.76,6655.41,13399.29,15006.44,15093.31,23677.61,18708.17,24602.64,20807.59,15014.48,13079.15,7562.74,700,21000,,
W200220013,F-473,2017,9525.17,11718.6,13777.86,15445.3,19250.72,23854.07,17359.64,22916.58,19563.81,8669.98,10226.5,8888.25,600,18000,,
W200220014,F-475,2017,2083.78,2182.71,4312.74,10472.87,10118.3,14770.2,13639.66,14723.95,12717.25,8207.95,6101.04,5107.97,700,21000,,
W200230012,F-481,2017,2201,2107,2175,4178,3137,6492,5016,8642,6580,5343,4827,6784,800,19200,,사후관리DB(원본월별·5년이용량분석)
W200230013,F-484,2017,163,548,521,448,619,1854,2009,2106,4405,2796,3035,2337,800,17000,,사후관리DB(원본월별·5년이용량분석)
W200230014,F-489,2017,147,173,639,388,1165,721,460,4198,753,332,2123,8243,700,21000,,사후관리DB(원본월별·5년이용량분석)
W200230015,F-488,2017,12735,13255,15050,13558,14869,18621,14020,15722,16073,15174,18362,15856,800,24000,,사후관리DB(원본월별·5년이용량분석)
W200230016,F-477,2017,237,927,2165,1254,1572,3379,1474,2984,4380,2483,4263,2177,1000,30000,,사후관리DB(원본월별·5년이용량분석)
W200230017,F-478,2017,0,0,0,9,15,13,13,7,7,4,4,0,,,,사후관리DB(원본월별·5년이용량분석)
W200230020,F-483,2017,45,48,45,132,29,132,1176,798,281,2020,184,291,800,17000,,사후관리DB(원본월별·5년이용량분석)
W200230021,F-482,2017,3215,3261,2981,4135,4097,6270,6455,7231,7855,7061,6029,5010,800,16800,,사후관리DB(원본월별·5년이용량분석)
W200230022,F-479,2017,329,482,1236,627,1604,1616,1793,2158,2812,3116,5905,4133,600,10000,,사후관리DB(원본월별·5년이용량분석)
W200230029,F-487,2017,,,,,,2564,1617,12,14,14,12,14,800,16800,,사후관리DB(원본월별·5년이용량분석)
W200230030,R-020,2017,1000,1376,3455,1090,3023,4708,1880,6005,3873,6516,10216,5283,800,12000,,사후관리DB(원본월별·5년이용량분석)
W200230042,R-021,2017,2133,1402,1705,504,928,1085,585,1468,2693,2198,3798,2410,450,12000,,사후관리DB(원본월별·5년이용량분석)
W200230044,F-480,2017,608,622,1111,1249,2544,4250,2387,3561,64,48,85,241,800,12000,,사후관리DB(원본월별·5년이용량분석)
W200240015,F-492,2017,7029.3,5815.71,5349.86,9862.97,3367.77,8272.55,3881.1,7450.64,11035.02,21218.45,15117.88,15444.28,900,27000,,
W200240034,F-493,2017,1114.86,689.96,612.0,4319.09,179.31,3212.03,0.0,3.9,1952.95,9562.04,5726.31,7983.31,800,24000,,
W200240035,R-022,2017,2311.3,2295.87,2133.16,2336.38,1984.61,1782.03,1501.64,5744.81,5020.68,2025.77,2234.77,1353.73,600,18000,,
W200240046,R-023,2017,4347.73,5025.53,5294.8,9672.7,9723.77,36339.37,31174.56,36409.01,9222.38,8166.2,7400.19,8911.33,800,24000,,
W200240051,F-491,2017,293.86,414.34,3808.43,367.32,1707.33,1769.04,0.0,863.95,4692.94,8286.85,10182.25,5565.71,700,21000,,
W200240052,F-490,2017,1744.36,2547.07,2682.57,7310.18,7564.03,9498.78,9464.47,7445.68,4617.32,4653.34,2766.62,6042.65,900,27000,,
W200310004,F-494,2017,1026,1364,1192,1661,2794,7806,4481,7598,3442,3349,3722,2159,700,21000,,사후관리DB(원본월별·5년이용량분석)
W200310006,F-495,2017,11419,13270,9799,10743,5243,7404,7259,9261,7299,8485,8516,7793,800,24000,,사후관리DB(원본월별·5년이용량분석)
W200320014,F-496,2017,1118.5,1197.5,2667.36,2522.87,3319.12,4845.11,3715.17,4030.14,3846.15,2620.58,2492.72,1676.71,500,15000,,
W200320016,F-499,2017,2932.3,2834.38,3966.52,7109.42,6187.88,9298.58,11308.0,10688.28,10413.29,9660.76,7609.76,7373.68,700,21000,,
W200320017,F-497,2017,891.36,2518.18,7303.73,11336.87,10606.5,10738.68,8478.08,13558.49,11130.13,7908.7,6275.1,3214.66,550,16500,,
W200320018,F-498,2017,3582.09,3590.99,4840.12,15470.57,12637.77,19983.07,13693.88,22195.28,15977.35,11392.6,8996.29,5419.15,800,24000,,
W200320019,F-403-1,2017,6885.73,6197.45,6410.6,9952.63,9792.78,5445.53,5204.26,12286.86,15294.55,15398.16,15364.12,13528.72,500,15000,,
W200320020,F-500,2017,2973.22,1304.92,1661.84,3154.09,2614.68,2212.55,1232.24,1608.54,1865.33,773.59,1348.53,1820.11,600,18000,,
W200330052,F-503,2017,8110,7581,7696,8586,7223,8691,12882,10006,10591,15928,9733,13575,800,24000,,사후관리DB(원본월별·5년이용량분석)
W200330053,F-501,2017,5868,6092,9280,9195,12130,14550,10632,15838,12130,11006,12652,8301,800,24000,,사후관리DB(원본월별·5년이용량분석)
W200330057,F-506,2017,4697,19,0,0,5256,14208,14100,19204,10038,7061,6675,4600,700,21000,,사후관리DB(원본월별·5년이용량분석)
W200330062,F-504,2017,5414,4990,5231,7585,7884,10313,8637,12542,13195,9817,7860,7851,800,24000,,사후관리DB(원본월별·5년이용량분석)
W200330064,R-024,2017,717,981,954,1197,842,63,114,135,197,216,311,156,800,18400,,사후관리DB(원본월별·5년이용량분석)
W200330065,F-508,2017,975,1225,1546,1269,1315,2757,3150,3502,4691,1180,1137,1234,700,21000,,사후관리DB(원본월별·5년이용량분석)
W200330077,F-507,2017,1115,1170,2723,3726,4201,4381,1859,3480,3408,3343,3947,3643,900,19000,,사후관리DB(원본월별·5년이용량분석)
W200330078,F-510,2017,11,13,1019,11,11,11,1834,15525,19870,3899,1787,9797,800,24000,,사후관리DB(원본월별·5년이용량분석)
W200330079,F-502,2017,1135,1744,2783,1179,1750,1699,1135,2356,4341,3428,8381,5509,800,13500,,사후관리DB(원본월별·5년이용량분석)
W200330081,R-025,2017,35,38,30,13,29,65,13,70,188,82,222,157,700,14700,,사후관리DB(원본월별·5년이용량분석)
W200330082,F-505,2017,441,108,145,545,44,252,2151,508,33,2755,923,2937,900,19000,,사후관리DB(원본월별·5년이용량분석)
W200330083,F-509,2017,151,169,151,16777,21360,24693,23495,24983,25817,25470,26557,25551,800,24000,,사후관리DB(원본월별·5년이용량분석)
W200340023,F-520,2017,1191.8,695.83,811.81,3390.34,1438.55,3590.21,1732.18,2558.8,2262.7,9193.9,6985.49,7851.58,800,24000,,
W200340024,F-516,2017,6379.05,8627.95,10685.5,15576.75,18012.7,23241.5,20313.2,24705.65,19160.8,13800.85,12822.6,11152.05,700,21000,,
W200340028,F-518,2017,4697.83,2366.06,2989.25,5444.77,6412.36,6498.83,4198.37,5917.38,5054.15,3995.61,5820.47,4386.23,800,24000,,
W200340029,F-514,2017,9327.09,17201.91,16114.66,2793.21,3269.53,3952.94,3059.84,3243.64,3145.27,2355.72,2407.49,1781.03,800,24000,,
W200340031,F-515,2017,20855.92,23765.94,22503.47,23130.05,22169.67,21749.16,16389.73,18151.96,18126.79,14663.85,20430.75,20530.52,700,21000,,
W200340032,R-026,2017,4688.01,7809.77,9658.84,17114.19,16142.22,20525.93,20762.21,19874.37,15497.82,13147.55,10358.73,9501.32,800,24000,,
W200340033,F-519,2017,3423.48,2481.6,2650.8,5163.42,3809.82,5386.2,2616.96,2171.4,2597.22,11530.98,7836.78,10792.14,800,24000,,
W200340034,F-521,2017,2644.84,1413.82,1336.7,3633.09,2025.05,5403.93,1516.64,4535.65,3153.24,9982.42,8237.28,8151.59,800,24000,,
W200340035,F-522,2017,2359.0,1405.29,1236.79,3922.68,822.28,2217.46,367.33,303.3,825.65,10089.78,6204.17,9240.54,800,24000,,
W200340036,F-517,2017,0.0,0.0,0.0,0.0,0.0,0.0,0.0,0.0,0.0,0.0,0.0,0.0,800,24000,,
W200340046,F-513,2017,4758.13,5270.85,5025.54,6554.86,7213.44,9240.01,8254.35,7520.63,7136.09,7220.07,9971.52,12495.34,800,24000,,
W200340052,R-027,2017,989.3,1655.28,3185.8,2997.78,3792.04,5250.51,3971.27,4992.21,4677.67,3180.53,3452.9,1491.86,700,21000,,
W200410005,F-433,2017,2145,1827,2427,4284,3882,4989,3798,4748,4461,4769,5042,5816,600,18000,,사후관리DB(원본월별·5년이용량분석)
W200410006,F-523,2017,8820,7671,10247,11285,12428,17979,12419,14640,12198,12599,10653,12629,700,21000,,사후관리DB(원본월별·5년이용량분석)
W200420001,F-526,2017,8605.24,8820.23,9170.62,7919.96,11481.75,12651.26,9476.04,12183.56,13994.94,8693.61,8424.36,5587.64,700,21000,,
W200420002,F-525,2017,4385.0,4860.0,8997.5,10365.0,9037.5,15075.0,13187.5,16852.5,12002.5,8085.0,8677.5,4532.5,800,24000,,
W200420003,F-524,2017,1871.51,1857.83,1965.14,4287.95,3679.9,5086.42,5278.94,6023.75,5531.42,2656.3,1852.57,3062.37,700,21000,,
W200430016,F-529,2017,6688,3040,5698,3146,6236,8758,5998,12060,12254,7010,11956,6828,800,16200,,사후관리DB(원본월별·5년이용량분석)
W200430017,F-527,2017,3605,3494,3641,4621,4527,4057,7957,9130,10392,10918,3712,4184,800,24000,,사후관리DB(원본월별·5년이용량분석)
W200430018,F-528,2017,639,650,823,1931,2171,2258,2053,3874,10330,19954,18206,3506,800,24000,,사후관리DB(원본월별·5년이용량분석)
W200440020,R-029,2017,2819.88,2586.43,3814.14,4055.99,5139.27,6491.27,5119.12,5952.15,4749.63,3417.78,5532.27,3306.94,800,24000,,
W200440021,F-531,2017,3997.25,1736.15,2323.99,6928.21,2805.19,8456.57,3887.89,5391.65,6080.64,15278.15,10211.86,12079.25,800,24000,,
W200520002,F-539,2017,0.0,0.0,0.0,0.0,0.0,0.0,0.0,0.0,0.0,2.17,0.0,0.0,600,18000,,
W200520003,F-536,2017,6808.1,6236.1,7096.7,6273.8,10619.7,13302.9,10341.5,13980.2,11679.2,10741.9,10936.9,11685.7,700,21000,,
W200520004,F-537,2017,1274.4,2246.4,2781.0,3731.4,3931.2,6420.6,4824.9,3871.8,3609.9,2756.7,2664.9,2459.7,700,21000,,
W200520005,F-538,2017,3426.56,2652.06,3017.8,6688.84,5130.06,7721.5,7320.56,9530.61,8607.48,6127.52,3592.8,3037.36,600,18000,,
W200530001,F-540,2017,3376,2309,3809,4720,2276,4614,7180,4136,5261,13672,5452,14084,800,18000,,사후관리DB(원본월별·5년이용량분석)
W200540001,F-533,2017,640.29,246.51,284.93,3563.2,73.63,4664.49,35.22,32.01,1245.36,8403.76,6473.3,7635.42,800,24000,,
W200540002,F-532,2017,1759.42,387.67,573.22,4247.78,738.89,4062.23,914.5,1925.09,6683.13,14250.93,12683.7,10629.39,800,24000,,
W200540003,R-030,2017,2097.12,2320.71,3898.69,2518.6,4872.72,6571.49,3739.35,6782.23,5265.93,6383.88,7594.35,3834.44,700,21000,,
W200540020,F-546,2017,8245.79,10042.84,11124.24,15992.02,14028.45,21246.37,23120.73,24969.32,18881.37,17531.35,18041.82,16788.95,800,24000,,
W200540021,F-545,2017,9848.79,10959.85,12518.25,13746.0,13578.25,16442.21,15136.65,15785.78,12017.42,12396.69,14857.06,10624.34,800,24000,,
W200540023,F-548,2017,1289.56,1963.18,4237.42,4033.48,4643.24,5547.58,4602.04,5700.02,4810.1,2813.96,2165.06,572.68,700,21000,,
W200540024,F-550,2017,4584.58,4524.65,4777.69,18458.19,9315.66,17582.56,29898.01,1338.42,1847.82,4940.83,5826.45,6752.02,700,21000,,
W200540025,F-549,2017,2467.2,2674.31,3353.52,3605.84,3338.14,3814.76,3515.4,4100.55,4185.56,2872.37,3220.57,3338.14,800,24000,,
W200540027,F-547,2017,27053.03,29389.58,27943.21,26167.31,22797.43,20750.15,21297.38,25964.52,17110.37,12432.79,11855.74,20796.37,900,27000,,
W200610002,F-551,2017,1515,2683,1984,3070,3081,5575,7125,5479,5483,4169,3023,3008,800,24000,,사후관리DB(원본월별·5년이용량분석)
W200610008,F-568,2017,1017,0,0,0,0,0,0,0,0,0,0,38,1500,31500,,사후관리DB(원본월별·5년이용량분석)
W200610009,F-569,2017,2538,2593,1672,3486,2538,3178,3787,9390,3279,3279,3473,11909,1500,45000,,사후관리DB(원본월별·5년이용량분석)
W200610014,F-541,2017,25363,23982,20969,24822,28046,33795,31466,33906,30488,32692,32970,33332,1000,30000,,사후관리DB(원본월별·5년이용량분석)
W200610015,F-542,2017,26472,23939,10955,18639,30042,5276,90,32109,32484,34626,34114,31,1000,30000,,사후관리DB(원본월별·5년이용량분석)
W200610016,F-543,2017,1009,1373,2175,4763,9345,8356,5577,5962,1437,10731,8155,2547,1000,30000,,사후관리DB(원본월별·5년이용량분석)
W200610017,F-544,2017,24,7981,4621,10182,23325,17389,11834,17414,2925,22224,16703,5187,1000,30000,,사후관리DB(원본월별·5년이용량분석)
W200620002,F-556,2017,446.03,348.0,348.0,2239.93,188.7,1703.23,107.83,193.6,4011.78,9913.05,4575.44,5239.58,800,24000,,
W200620003,F-557,2017,606.26,158.53,115.68,1874.46,526.99,2855.61,304.2,396.32,1816.62,3866.75,4965.72,6319.62,800,24000,,
W200620004,F-559,2017,6489.35,6409.5,5235.44,6427.24,7450.47,10956.87,11454.69,9438.78,9129.25,7660.44,8.87,7.89,700,21000,,
W200620006,F-558,2017,2365.5,1860.79,2002.22,3951.75,3557.96,8405.44,3488.63,3918.47,3646.7,10011.09,6087.08,8826.96,800,24000,,
W200620008,F-555,2017,0.0,0.0,0.0,0.0,0.0,0.0,0.0,0.0,0.0,0.0,0.0,0.0,300,9000,,
W200620010,F-562,2017,2036.03,3014.92,3011.28,3271.47,2674.67,4781.66,3191.41,4099.34,3313.32,1930.49,2496.36,2665.57,900,27000,,
W200620011,F-554,2017,3456.3,3116.29,2750.99,4184.09,2281.72,4268.39,2804.38,4869.73,2919.59,20706.89,7173.93,9126.88,600,18000,,
W200620012,F-560,2017,2475.66,3427.98,6411.42,9504.6,8325.36,10285.8,9876.6,10185.36,8874.06,5118.72,5501.88,5509.32,900,27000,,
W200620018,F-561,2017,4025.77,3399.89,3211.55,3307.84,2165.11,2201.93,2090.06,2141.04,2159.44,2373.27,2570.09,3159.16,900,27000,,
W200630021,F-553,2017,3417,4413,6882,5405,6254,8193,9539,10943,15487,11083,19468,13700,800,24000,,사후관리DB(원본월별·5년이용량분석)
W200710016,F-565,2017,8,7,39,3395,3653,6369,6092,9562,8283,7685,5916,7286,900,27000,,사후관리DB(원본월별·5년이용량분석)
W200710017,F-570,2017,3739,4403,6877,6507,9325,12181,8827,14921,11618,8237,12054,6713,800,14300,,사후관리DB(원본월별·5년이용량분석)
W200710018,F-566,2017,1303,1382,2391,3798,4022,7931,9126,9210,5897,4387,2685,3147,900,21600,,사후관리DB(원본월별·5년이용량분석)
W200710019,F-563,2017,9514,5675,13021,7849,10156,15776,8289,10882,7513,7407,9339,6805,1000,30000,,사후관리DB(원본월별·5년이용량분석)
W200710020,F-564,2017,0,0,0,0,0,0,0,0,0,0,0,0,1000,24000,,사후관리DB(원본월별·5년이용량분석)
W200710036,F-567,2017,2314,2441,2157,2445,2397,3548,3604,3251,2859,2595,1741,1762,500,15000,,사후관리DB(원본월별·5년이용량분석)
W200720008,F-574,2017,3753.25,4925.9,7633.91,6229.85,7627.41,16678.37,8226.73,9741.29,8688.25,8443.84,12017.68,9843.99,600,18000,,
W200720009,F-571,2017,3452.54,4428.17,8218.18,7895.85,9234.9,14491.59,11519.29,11536.6,11136.4,7837.44,8196.54,8365.28,700,21000,,
W200720010,F-575,2017,2579.45,3158.19,4589.21,6693.92,6476.89,11547.63,8568.03,7767.75,3920.04,2161.22,1939.68,944.97,900,27000,,
W200720011,F-576,2017,9964.2,13122.6,14576.4,16987.8,15910.8,18300.6,16491.0,17632.8,15813.0,15907.8,19417.2,15774.0,700,21000,,
W200720012,F-573,2017,500.5,846.3,1126.58,1183.0,2224.04,3352.44,1441.44,1359.54,773.5,425.88,1068.34,707.98,800,24000,,
W200720021,F-572,2017,1339.22,1267.21,1010.41,2412.03,1790.42,3679.24,2071.22,2853.63,2512.83,4704.05,3763.24,4346.45,800,24000,,
W200720022,F-577,2017,5713.62,1783.35,2788.93,10612.65,9050.21,20808.8,13516.63,19842.34,15274.67,13038.0,10433.16,11431.84,800,24000,,
W200810009,F-578,2017,46,46,42,45,697,6015,8700,8308,9090,10976,7394,10600,800,24000,,사후관리DB(원본월별·5년이용량분석)
W200810010,F-579,2017,757,928,1945,934,1642,3529,1942,3297,3182,2222,3530,1890,500,12000,,사후관리DB(원본월별·5년이용량분석)
W200810011,F-580,2017,7387,13088,14616,15870,16232,22440,21115,19853,18210,17164,21491,17646,800,24000,,사후관리DB(원본월별·5년이용량분석)
W200810012,F-581,2017,1591,2138,9552,3874,3997,7773,8698,6981,5028,3072,9443,4807,800,24000,,사후관리DB(원본월별·5년이용량분석)
W200810016,F-582,2017,1308,2164,4179,4645,5525,6418,4358,5446,7393,4946,6507,3069,800,14800,,사후관리DB(원본월별·5년이용량분석)
W200810017,F-583,2017,7236,7066,6976,7760,10279,18366,8814,14244,16984,16378,8806,10716,500,15000,,사후관리DB(원본월별·5년이용량분석)
W200810018,F-591,2017,0,1,0,0,0,0,2621,4431,4305,10964,3560,0,500,15000,,사후관리DB(원본월별·5년이용량분석)
W200810019,F-584,2017,13502,15577,14422,17001,18751,23075,21672,23628,20513,18612,21238,21022,900,27000,,사후관리DB(원본월별·5년이용량분석)
W200810020,F-585,2017,18671,18985,19463,17317,18641,19916,19470,21212,24585,19320,19591,18726,700,21000,,사후관리DB(원본월별·5년이용량분석)
W200810026,F-586,2017,629,447,578,1713,1672,4085,4634,4697,3425,1151,1145,1288,810,17010,,사후관리DB(원본월별·5년이용량분석)
W200820014,F-587,2017,2075.82,1088.99,857.24,3830.17,2432.17,5908.48,1629.75,2733.7,2838.36,10229.57,7306.48,7580.6,900,27000,,
W200820015,F-588,2017,772.7,878.89,5575.78,2226.14,2659.42,3337.31,1607.98,3239.66,5868.74,4952.88,4430.47,3842.65,800,24000,,
W200820016,F-589,2017,0.0,0.0,0.0,0.0,0.0,0.0,0.0,0.0,0.0,0.0,0.0,0.0,800,24000,,
W200820020,F-590,2017,5456.74,3416.11,4123.93,6045.33,6085.49,6448.19,4514.23,4287.08,17789.62,4322.22,3375.95,3102.36,800,24000,,
W200820028,F-555-1,2017,6180.49,6471.44,8606.81,7643.57,7955.03,10142.05,13040.11,14732.6,12621.54,11012.61,10182.32,7697.51,800,24000,,
W200910003,F-592,2017,2119,2495,3682,1402,2399,2470,1539,3025,3586,4869,6951,4825,800,24000,,사후관리DB(원본월별·5년이용량분석)
W200910004,F-593,2017,970,1243,2608,1110,1632,2912,1644,4274,3461,3064,13690,11960,650,19100,,사후관리DB(원본월별·5년이용량분석)
W200910007,F-594,2017,11679,11183,10888,12614,13695,17325,16127,19346,20334,16896,14074,12828,700,21000,,사후관리DB(원본월별·5년이용량분석)
W200910008,F-595,2017,,,99,411,1,3182,6311,10926,9663,7218,933,5146,900,18905,,사후관리DB(원본월별·5년이용량분석)
W200910009,F-596,2017,6772,8385,11096,13190,10730,12846,18189,12213,10105,11594,16590,4427,500,15000,,사후관리DB(원본월별·5년이용량분석)
W200910017,F-597,2017,1030,2015,2520,929,1815,1738,1015,1732,5198,5369,11278,6166,950,10500,,사후관리DB(원본월별·5년이용량분석)
W200910018,F-607,2017,6477,7422,9012,8481,9708,11211,10186,10481,10444,7760,10763,6722,1000,29300,,사후관리DB(원본월별·5년이용량분석)
W200910019,F-598,2017,12288,11133,12940,2245,8867,16267,16249,15372,10198,9431,6412,6293,800,24000,,사후관리DB(원본월별·5년이용량분석)
W200910020,F-599,2017,1971,2556,6435,1559,4684,6950,3528,5298,6014,4532,7800,3980,800,24000,,사후관리DB(원본월별·5년이용량분석)
W200920001,F-600,2017,1059.18,1379.22,2938.78,4234.18,4025.9,6555.74,6969.76,8780.78,8125.46,4112.26,3901.44,2776.22,600,18000,,
W200920025,F-601,2017,3132.98,17892.14,14285.55,18316.56,27392.37,26048.7,20249.59,14397.44,7643.39,7729.24,8316.68,8413.14,800,24000,,
W200920026,F-602,2017,2597.0,4062.47,5079.34,8316.46,9361.06,12560.38,8295.04,10164.99,7686.43,6591.43,6392.34,6859.82,850,25500,,
W200920034,F-603,2017,10115.97,9119.0,5682.36,24080.29,26955.5,31851.86,28952.83,31072.66,31157.73,32443.91,31283.62,31225.78,950,28500,,
W200920035,F-604,2017,630.78,488.85,604.5,1063.56,1018.01,1018.01,1512.12,3651.5,3285.3,2123.62,1578.7,1548.91,800,24000,,
W200920036,F-605,2017,2342.55,855.6,1093.65,4781.7,1500.75,5978.85,4433.25,8907.9,13417.05,12561.45,8566.35,9860.1,850,25500,,
W200920037,F-606,2017,1880.83,1586.01,3051.1,4359.29,5247.74,7410.4,5635.5,5573.54,4049.48,2354.54,3849.61,2515.44,800,24000,,
W201010002,F-608,2017,14252,16843,27313,26434,32707,52619,51026,69062,60278,61371,65682,54168,700,21000,,사후관리DB(원본월별·5년이용량분석)
W201010003,F-609,2017,83,742,222,405,599,1634,1389,2540,3355,4492,4181,1691,600,18000,,사후관리DB(원본월별·5년이용량분석)
W201010006,F-611,2017,190,229,244,341,513,1235,336,435,552,496,694,1057,500,12000,,사후관리DB(원본월별·5년이용량분석)
W201010007,F-610,2017,1028,1426,3218,4725,5694,11049,8234,16118,11754,6065,8724,9068,650,17900,,사후관리DB(원본월별·5년이용량분석)
W201010014,F-612,2017,136,326,877,357,792,1839,988,1513,1839,1866,1762,1173,800,12000,,사후관리DB(원본월별·5년이용량분석)
W201010015,F-613,2017,1816,1317,2274,2024,2397,6937,5047,5419,3494,2954,3007,2152,800,16800,,사후관리DB(원본월별·5년이용량분석)
W201010016,F-614,2017,11920,10010,4331,1755,3538,3960,2707,3151,3335,2624,4958,3776,500,12000,,사후관리DB(원본월별·5년이용량분석)
W201020012,F-616,2017,11448.07,14075.07,15951.5,21439.59,20165.1,24545.91,22219.89,15412.72,4087.27,15282.67,10716.08,5142.53,900,27000,,
W201020013,F-615,2017,9025.44,9170.35,8397.48,8958.55,8378.9,9166.63,9185.21,10359.37,9883.76,10069.55,10578.6,10593.46,800,24000,,
W201020015,F-617,2017,4269.87,4397.81,4136.81,7157.96,6709.3,11016.7,9332.98,9332.98,0.0,4665.64,5163.76,5112.58,800,24000,,
W201020025,F-627,2017,0.0,0.0,0.0,0.0,0.0,0.0,0.0,0.0,0.0,0.0,0.0,0.0,600,18000,,
W201110010,F-620,2017,2496,3634,1540,2968,3144,5282,4292,4317,2183,2288,1889,1376,900,17200,,사후관리DB(원본월별·5년이용량분석)
W201110012,F-618,2017,11667,11736,10745,12321,12554,14013,13113,14153,14735,14984,14988,13070,900,27000,,사후관리DB(원본월별·5년이용량분석)
W201110013,F-619,2017,2218,2185,2743,1652,2504,3688,2248,4228,4474,4895,7530,4744,900,27000,,사후관리DB(원본월별·5년이용량분석)
W201120016,F-625,2017,15017.33,17765.78,16814.49,27385.35,25568.11,28679.26,25959.67,25824.13,22905.0,20477.83,21435.4,21282.29,800,24000,,
W201120017,F-626,2017,1713.6,2881.6,4993.6,8795.2,9094.4,10488.0,8182.4,8140.8,7712.0,4308.8,3140.8,1424.0,950,28500,,
W201210002,F-630,2017,16431,16432,10933,16410,14109,16433,14322,16371,14941,15860,14745,15828,850,25500,,사후관리DB(원본월별·5년이용량분석)
W201210003,F-631,2017,2581,2747,3002,3481,3816,6588,5250,5526,8039,6666,6203,4842,800,24000,,사후관리DB(원본월별·5년이용량분석)
W201210004,F-628,2017,5362,4921,4883,10879,17578,17325,18822,20648,21299,18583,5822,7028,900,27000,,사후관리DB(원본월별·5년이용량분석)
W201210005,F-629,2017,3733,3323,3596,5135,4409,5786,7505,6256,8258,7848,6781,9484,800,24000,,사후관리DB(원본월별·5년이용량분석)
W201210009,F-638,2017,1534,2169,2090,794,1453,1421,799,1861,6945,4836,9256,5633,800,13000,,사후관리DB(원본월별·5년이용량분석)
W201210010,F-639,2017,996,1172,1172,2155,2564,4226,3485,2986,2818,3063,2796,3277,800,24000,,사후관리DB(원본월별·5년이용량분석)
W201210011,F-637,2017,26,22,22,24,24,26,35,40,26,22,103,110,700,10500,,사후관리DB(원본월별·5년이용량분석)
W201210012,F-640,2017,7272,9172,11241,9976,11424,16154,11509,14783,13959,11213,15913,11030,1000,30000,,사후관리DB(원본월별·5년이용량분석)
W201210014,F-621,2017,47,45,41,57,45,886,55,470,641,10699,5243,4504,1700,50400,,사후관리DB(원본월별·5년이용량분석)
W201220032,F-636,2017,6223.77,4885.65,6408.99,11392.92,9867.69,12362.49,13530.51,0.0,12305.79,10287.27,8618.4,6872.04,700,21000,,
W201220033,F-634,2017,18452.5,15292.2,7989.3,12105.5,12549.9,16292.1,14085.5,7883.7,6579.1,4747.6,4681.6,4327.4,800,24000,,
W201220034,F-632,2017,378.14,716.73,2392.41,348.48,2209.52,1584.23,556.09,1154.19,5303.84,7112.98,8608.23,3598.5,900,27000,,
W201220035,F-633,2017,1928.24,1260.19,1038.52,4336.26,1251.08,6428.48,1624.58,3643.92,5581.27,12273.94,9811.25,11621.07,800,24000,,
W201220040,F-622,2017,1076.32,110.67,0.0,2621.36,8.68,3875.62,6.51,601.09,3131.31,14363.23,8204.77,13191.43,1000,30000,,
W201220041,F-624,2017,1706.99,258.74,0.0,5215.05,171.37,4630.38,0.0,0.0,2254.7,12002.69,8847.45,10235.22,1200,36000,,
W201220056,F-635,2017,734.16,1153.68,2489.52,2837.28,5917.44,8743.68,5707.68,1909.92,2351.52,1738.8,1600.8,899.76,600,18000,,
W201310003,F-641,2017,7057,6873,7398,4127,1781,12380,11563,15310,16322,8559,38,7459,800,24000,,사후관리DB(원본월별·5년이용량분석)
W201310004,F-642,2017,108,104,98,106,111,3567,3569,5751,3009,1848,4547,1212,700,14700,,사후관리DB(원본월별·5년이용량분석)
W201310005,F-645,2017,4219,5185,6566,4298,5785,7202,4784,6799,9921,7498,15880,10723,1200,33800,,사후관리DB(원본월별·5년이용량분석)
W201310006,F-644,2017,10959,12584,13416,15345,11141,5099,6319,4839,7997,5331,6092,9622,800,24000,,사후관리DB(원본월별·5년이용량분석)
W201310007,F-643,2017,2830,2148,1308,101,99,204,548,2002,87,,,,700,15000,,사후관리DB(원본월별·5년이용량분석)
W201310012,F-646,2017,173,173,161,173,151,132,137,143,8517,23159,22139,11867,900,27000,,사후관리DB(원본월별·5년이용량분석)
W201320008,F-647,2017,1148.06,720.62,1345.34,5247.1,1131.62,3718.18,1043.94,2364.62,2594.78,8091.22,5578.64,6510.24,900,24000,,
W201320016,F-648,2017,245.1,276.45,2903.2,11331.6,11346.8,11593.8,12653.05,12418.4,7123.1,995.6,56.05,1393.65,700,24000,,
W201320017,F-650,2017,5279.04,5441.16,4996.87,5334.23,4899.6,5145.89,4934.09,5539.81,4490.49,2487.74,2762.32,2695.4,700,24000,,
W201320018,F-649,2017,11215.69,12589.57,12383.74,20940.88,18760.86,23808.69,21757.31,18338.92,25589.07,8675.48,7934.52,8275.84,900,24000,,
W201320024,F-623,2017,149.1,0.0,0.0,621.79,0.0,2163.58,0.0,0.0,63.45,9139.71,6078.34,3540.41,1000,30000,,
W201410006,E-001,2017,218,39,36,7,468,1195,611,1338,798,503,1085,2959,800,24000,0,
W201410007,E-002,2017,669,224,38,995,441,1273,700,1363,809,518,1179,3369,800,24000,0,
W201410008,E-003,2017,341,94,81,9,457,1278,716,1391,831,459,1130,3378,800,24000,0,
W201410009,E-004,2017,17,12,11,14,443,1142,5432,256,0,2,0,0,800,24000,0,
W201410010,E-005,2017,709,111,651,204,272,288,439,214,0,2,0,0,800,24000,0,
W201410011,E-006,2017,735,108,290,7,10,0,149,520,195,401,247,2673,800,24000,0,
W201410012,E-007,2017,1202,73,384,526,297,327,543,563,213,20,257,3839,800,24000,0,
W201410029,F-652,2017,10894,13614,3873,20165,28040,29011,28153,26982,28827,18225,17139,22196,800,24000,,사후관리DB(원본월별·5년이용량분석)
W201410031,F-653,2017,42,6,8,70,66,68,78,200,178,166,108,58,800,16800,,사후관리DB(원본월별·5년이용량분석)
W201420006,F-651,2017,2124.84,2178.35,5739.32,6882.0,8663.35,7684.65,7489.6,14934.31,23835.87,31076.9,30457.23,34076.89,600,27000,,
W201420013,F-655,2017,805.99,623.66,722.5,1180.87,637.3,1710.82,1467.14,2472.5,1448.4,2971.78,3416.52,4899.0,900,27000,,
W201420017,F-656,2017,11510.8,117.6,145.6,305.2,1128.4,1274.0,806.4,6210.4,10959.2,9800.0,9699.2,7520.8,900,27000,,
W201420022,F-657,2017,3237.31,2900.29,4004.51,8019.98,7413.07,9843.45,9532.46,8235.07,6976.04,5930.73,5415.61,5762.22,900,27000,,
W201510020,F-654,2017,2131,1171,1430,2106,2130,4279,3147,1684,2510,626,662,397,800,24000,,사후관리DB(원본월별·5년이용량분석)
W201510026,F-659,2017,0,0,0,27,55,65,110,76,405,57,31,21,800,24000,,사후관리DB(원본월별·5년이용량분석)
W201510027,F-660,2017,11,5011,2045,1528,128,4065,2512,131,127,111,115,105,800,22800,,사후관리DB(원본월별·5년이용량분석)
W201520003,F-658,2017,842.5,1320.5,1342.0,2472.0,1634.0,2969.0,2503.5,1806.5,1827.5,1196.5,1390.0,1002.0,700,21000,,
W201610021,F-661,2017,,,,,,7,836,298,18,16,17,16,800,19200,,사후관리DB(원본월별·5년이용량분석)
W201620009,F-662,2017,0.0,199.5,7644.0,15081.5,16600.5,21969.5,15316.0,21322.0,14612.5,9642.5,13629.0,9005.5,600,18000,,
W201620010,F-663,2017,103.5,105.0,2359.5,1107.0,2103.0,3565.5,1780.5,4389.0,3036.0,1588.5,1509.0,1512.0,700,21000,,
W201810023,F-667,2017,0,0,0,0,0,0,0,0,0,0,0,0,700,21000,,사후관리DB(원본월별·5년이용량분석)
W201910011,F-668,2017,0,0,0,0,0,0,0,0,0,0,0,0,500,15000,,사후관리DB(원본월별·5년이용량분석)
Y199310610,D-154,2017,12800,12955,11591,13016,13074,15215,14801,16542,15644,14836,15094,15403,750,22500,,사후관리DB(원본월별·5년이용량분석)
Y199310670,F-044,2017,4449,4652,4218,4933,4964,6689,6242,8007,5805,5520,5725,5645,1250,37500,,사후관리DB(원본월별·5년이용량분석)
Y199310671,F-053,2017,4318,5007,5235,5918,5533,9354,8084,7942,8560,5711,5282,6347,1000,21000,,사후관리DB(원본월별·5년이용량분석)
Y199320005,D-036,2017,1129.78,1524.25,2155.41,1887.17,2180.66,2827.6,2022.87,2483.61,2082.83,1505.32,1824.05,1612.61,850,25500,,
Y199320006,W-024,2017,2491.46,15425.5,19048.54,11408.55,7223.49,9481.62,7381.56,7642.5,4265.35,3076.07,3894.01,5813.42,700,21000,,
Y199320007,D-063,2017,6613.4,6726.84,7947.69,9676.33,9349.51,13421.27,13440.18,14982.45,16246.52,12785.18,11345.55,10786.44,2100,63000,,
Y199320009,D-101,2017,9638.03,12232.58,19453.0,21780.12,23641.27,33096.97,31984.06,24710.97,26542.41,21454.62,22459.48,26619.39,720,21600,,
Y199320011,W-018,2017,14192.18,13091.1,16018.21,17657.22,17755.99,20609.55,18220.37,20937.35,19548.39,16858.73,16856.63,14870.9,1300,39000,,
Y199320831,F-054,2017,3482.3,5797.79,6099.93,8078.48,7585.58,13064.52,10495.62,17297.3,9566.91,8191.26,9504.26,5985.76,700,21000,,
Y199320832,D-250,2017,3160.41,4000.16,4642.37,4863.69,4936.08,8587.72,3839.86,7895.86,6802.75,6074.69,5343.54,3866.75,600,18000,,
Y199320836,F-045,2017,1772.97,2253.22,5005.9,10402.78,8011.7,11761.04,8635.46,10593.75,10680.76,7154.03,5482.76,5601.41,700,21000,,
Y199320837,D-229,2017,14333.48,15862.0,17023.84,17580.04,18688.32,22763.0,18329.88,21555.84,20797.76,18502.92,17757.2,15066.84,2000,60000,,
Y199320838,D-228,2017,5208.0,7218.96,11581.92,16731.12,14318.64,22002.96,17220.0,22582.56,16626.96,12678.96,10612.56,7660.8,950,28500,,
Y199320839,D-178,2017,7810.99,10922.67,15421.89,17290.02,16798.21,23397.44,18759.84,26092.11,17074.97,14763.65,16345.67,9733.35,1300,39000,,
Y199320841,D-087,2017,12027.48,9697.32,11869.8,16981.26,16197.24,19968.42,21672.24,22114.62,22513.2,21339.36,13740.06,14305.08,950,28500,,
Y199320842,D-108,2017,631.26,1510.11,2067.66,2188.62,2175.39,2262.33,2577.96,2096.01,1729.35,604.8,704.97,421.47,100,3000,,
Y199330023,F-552,2017,1074,1241,2643,1197,1689,4064,1714,4370,3170,3012,5925,3801,800,12000,,사후관리DB(원본월별·5년이용량분석)
Y199330039,F-005,2017,8,293,0,0,0,0,0,0,553,1141,349,242,850,18000,,사후관리DB(원본월별·5년이용량분석)
Y199330040,F-028,2017,3358,1825,1480,3957,2911,4706,5231,8212,5694,5209,4188,4374,1150,34500,,사후관리DB(원본월별·5년이용량분석)
Y199330041,D-219,2017,1586,3505,4686,5711,8157,8054,2642,4439,1991,1459,2463,2144,1100,33000,,사후관리DB(원본월별·5년이용량분석)
Y199330042,F-046,2017,2156,2170,3017,2233,1362,2542,2091,3986,3733,7646,6976,6920,900,27000,,사후관리DB(원본월별·5년이용량분석)
Y199330043,F-016,2017,3811,5235,7014,6797,10508,17216,13557,18337,9975,9398,10253,10117,1550,46500,,사후관리DB(원본월별·5년이용량분석)
Y199330044,D-119,2017,1977,2614,5881,6310,5529,5982,4767,6219,6961,7027,7345,7345,1250,17550,,사후관리DB(원본월별·5년이용량분석)
Y199330045,F-017,2017,20,50,31,0,0,4733,6475,6162,7524,7309,7121,6963,1400,20070,,사후관리DB(원본월별·5년이용량분석)
Y199330046,D-047,2017,4068,4059,5043,4610,4560,7753,7591,7110,8920,6012,4286,4264,1000,21000,,사후관리DB(원본월별·5년이용량분석)
Y199330047,F-010,2017,233,229,304,309,0,1072,1074,295,718,9047,9675,7678,1350,28400,,사후관리DB(원본월별·5년이용량분석)
Y199330048,F-008,2017,2803,3244,4430,5268,4568,7541,7139,7245,4494,4533,4299,3407,1200,25200,,사후관리DB(원본월별·5년이용량분석)
Y199330049,F-009,2017,6325,8454,9516,9651,11262,12338,12707,6537,7416,15908,4697,5850,1000,30000,,사후관리DB(원본월별·5년이용량분석)
Y199330050,D-044,2017,4,4,,4,7,0,4,4,4,0,0,4,,,,사후관리DB(원본월별·5년이용량분석)
Y199330051,F-027,2017,1639,995,2164,3466,4691,6801,6655,7379,7997,5617,3592,2666,1250,26000,,사후관리DB(원본월별·5년이용량분석)
Y199330052,D-027,2017,4814,5117,5072,5931,5304,5128,4265,4156,4267,4537,4049,3938,1150,24150,,사후관리DB(원본월별·5년이용량분석)
Y199330053,F-022,2017,5572,4543,7286,7871,8066,14636,14943,17739,14894,27014,12434,14818,1000,30000,,사후관리DB(원본월별·5년이용량분석)
Y199330054,D-157,2017,6705,7244,6876,8593,9445,13523,11713,14989,12921,11096,13059,11437,1100,33000,,사후관리DB(원본월별·5년이용량분석)
Y199330055,F-021,2017,0,0,0,0,0,0,359,110,105,110,119,112,1250,26000,,사후관리DB(원본월별·5년이용량분석)
Y199330056,F-037,2017,1798,1533,5535,3985,5783,9822,8585,11518,5862,4618,4725,4296,1250,26200,,사후관리DB(원본월별·5년이용량분석)
Y199330057,F-047,2017,2740,3177,4760,7298,7297,11435,10541,19336,10181,6646,5814,6146,700,4560,,사후관리DB(원본월별·5년이용량분석)
Y199330059,F-023,2017,3586,4577,6327,3999,3246,4368,3081,2586,4138,3772,5457,3214,1100,33000,,사후관리DB(원본월별·5년이용량분석)
Y199330060,F-034,2017,1605,1776,1992,2535,2185,3955,3808,5102,2763,13790,18989,17627,1000,30000,,사후관리DB(원본월별·5년이용량분석)
Y199330061,U-052,2017,8516,8014,10901,15787,17750,26253,23752,24859,14325,13411,12671,13729,1250,37500,,사후관리DB(원본월별·5년이용량분석)
Y199330062,U-053,2017,,3,,3,,,,3,,,,,1700,25500,,사후관리DB(원본월별·5년이용량분석)
Y199330063,D-067,2017,34,29,32,37,26,23,20,29,32,29,34,29,1000,15000,,사후관리DB(원본월별·5년이용량분석)
Y199330064,D-078,2017,28175,30868,15963,21784,27740,37199,34512,36252,24707,21881,23914,19619,2000,60000,,사후관리DB(원본월별·5년이용량분석)
Y199330065,D-189,2017,9252,8708,8655,12016,15957,17308,13269,12503,10676,7824,6940,6591,1350,32400,,사후관리DB(원본월별·5년이용량분석)
Y199330066,F-048,2017,1920,2115,4577,7016,5579,9389,9964,10234,8659,4485,2221,2934,1000,4800,,사후관리DB(원본월별·5년이용량분석)
Y199330070,U-041,2017,23688,28970,24120,11784,12150,26320,11149,48231,59704,28504,52735,36236,1600,24700,,사후관리DB(원본월별·5년이용량분석)
Y199330072,D-009,2017,20,20,23,20,20,17,20,14,0,0,0,0,1000,15000,,사후관리DB(원본월별·5년이용량분석)
Y199330073,D-074,2017,938,1173,1189,3326,3518,5543,3894,5532,4839,4291,4056,2294,600,8860,,사후관리DB(원본월별·5년이용량분석)
Y199330074,D-079,2017,18185,11381,7924,10970,316,35128,42361,28894,37002,28210,30966,32171,1500,38500,,사후관리DB(원본월별·5년이용량분석)
Y199330075,D-080,2017,7724,4728,3525,224,3703,25415,15704,8529,22431,11132,19331,7970,1600,39600,,사후관리DB(원본월별·5년이용량분석)
Y199330076,D-086,2017,19906,12578,9282,3816,346,12764,28626,19568,29998,32876,36171,37376,2000,39000,,사후관리DB(원본월별·5년이용량분석)
Y199330077,D-088,2017,8938,5353,5960,3278,4516,30652,19423,10585,394,364,347,510,1700,30000,,사후관리DB(원본월별·5년이용량분석)
Y199330078,D-093,2017,21188,6925,119,130,127,4873,3888,39133,42396,32128,36671,36203,2000,58300,,사후관리DB(원본월별·5년이용량분석)
Y199330079,D-102,2017,917,996,2153,2571,1465,3115,2243,3832,3995,5545,6953,5176,500,10500,,사후관리DB(원본월별·5년이용량분석)
Y199330080,D-104,2017,10460,18285,18558,6893,6113,13260,2767,21033,27013,13166,22789,15786,1300,32600,,사후관리DB(원본월별·5년이용량분석)
Y199330083,D-123,2017,6777,9028,11097,6400,8851,9811,6853,10679,13994,11191,18712,10834,1250,20000,,사후관리DB(원본월별·5년이용량분석)
Y199330084,D-134,2017,223,1375,1896,5949,1826,3412,1516,4499,3977,6862,6645,7525,1650,24700,,사후관리DB(원본월별·5년이용량분석)
Y199330085,D-153,2017,626,170,332,1189,178,1019,14363,27955,16530,8309,17620,5880,1400,30000,,사후관리DB(원본월별·5년이용량분석)
Y199330086,D-155,2017,14192,19173,19933,20588,351,10296,2944,30660,26237,21705,24822,24623,1750,26200,,사후관리DB(원본월별·5년이용량분석)
Y199330087,D-171,2017,0,0,0,0,0,0,0,9882,16159,11883,28544,33489,2000,44600,,사후관리DB(원본월별·5년이용량분석)
Y199330088,D-179,2017,9665,10741,8227,5183,6106,5081,8394,9260,9630,8287,4169,7967,1300,39000,,사후관리DB(원본월별·5년이용량분석)
Y199330089,D-180,2017,3484,3958,5586,3419,5630,5786,809,1611,3529,2931,7133,3794,1850,45500,,사후관리DB(원본월별·5년이용량분석)
Y199330090,D-190,2017,933,3123,10926,17313,34285,22538,4686,46239,16624,10207,9629,12804,1900,28500,,사후관리DB(원본월별·5년이용량분석)
Y199330091,D-181,2017,465,525,839,3484,5516,892,354,1733,5900,5860,8470,4533,1400,34300,,사후관리DB(원본월별·5년이용량분석)
Y199330092,D-221,2017,1347,2060,7469,4754,6687,9806,6130,8975,10914,6571,8711,5166,1000,21000,,사후관리DB(원본월별·5년이용량분석)
Y199330093,F-011,2017,505,354,0,71,325,239,171,201,703,750,986,676,700,10500,,사후관리DB(원본월별·5년이용량분석)
Y199330094,F-029,2017,27641,16960,34243,35045,36320,40474,33919,34683,23507,19086,20422,19730,1000,29400,,사후관리DB(원본월별·5년이용량분석)
Y199330095,D-191,2017,2356,2418,6377,8472,8416,10478,8108,12370,9786,12233,9840,5802,1200,25900,,사후관리DB(원본월별·5년이용량분석)
Y199330096,F-041,2017,5337,7734,8105,9514,11266,16054,11577,18197,17421,12865,24250,10431,1250,24800,,사후관리DB(원본월별·5년이용량분석)
Y199330097,D-233,2017,10105,7715,6823,11289,12281,16377,11378,16964,14065,12231,12617,12468,1100,33000,,사후관리DB(원본월별·5년이용량분석)
Y199330098,F-049,2017,2358,3700,8010,7277,9665,10230,7829,10249,15055,10167,15688,8876,1000,30000,,사후관리DB(원본월별·5년이용량분석)
Y199330100,D-170,2017,0,405,66,16,250,75,25,13,205,0,4,0,1300,28000,,사후관리DB(원본월별·5년이용량분석)
Y199330107,W-022,2017,2572,3228,3498,3482,2782,3492,2616,5925,3310,8167,6739,5501,900,16300,,사후관리DB(원본월별·5년이용량분석)
Y199330108,D-026,2017,15105,15385,15502,17577,16799,21935,21531,25950,25712,23622,25075,26288,900,27000,,사후관리DB(원본월별·5년이용량분석)
Y199330109,D-033,2017,12898,13240,12658,16293,15882,19647,16846,20470,15707,13241,9005,8198,1000,30000,,사후관리DB(원본월별·5년이용량분석)
Y199330110,D-051,2017,1670,1934,2105,2149,1907,2481,4122,3122,5271,4851,3988,3663,1000,21000,,사후관리DB(원본월별·5년이용량분석)
Y199330111,D-065,2017,0,0,0,0,0,0,0,0,0,0,0,0,,,,사후관리DB(원본월별·5년이용량분석)
Y199330112,W-001,2017,10734,10794,10529,12085,10829,10430,11414,12808,12804,13400,14396,7551,2000,30000,,사후관리DB(원본월별·5년이용량분석)
Y199330113,D-128,2017,14427,14675,14125,15856,15777,18042,17937,20410,18975,16892,17646,17754,900,27000,,사후관리DB(원본월별·5년이용량분석)
Y199330119,D-014,2017,5667,5639,6042,6331,7701,12906,11886,15410,21221,13026,13809,12509,1700,36000,,사후관리DB(원본월별·5년이용량분석)
Y199330123,D-046,2017,0,0,0,0,0,0,0,0,0,0,0,0,900,27000,,사후관리DB(원본월별·5년이용량분석)
Y199330126,D-141,2017,2055,2141,996,1206,2091,3151,2813,3122,2408,2174,2512,1985,1200,25200,,사후관리DB(원본월별·5년이용량분석)
Y199330127,F-003,2017,4659,3963,4579,3579,1785,5331,6058,6530,9695,9861,9026,8896,1250,37500,,사후관리DB(원본월별·5년이용량분석)
Y199330130,D-218,2017,837,262,212,175,457,1381,2146,2169,328,863,635,964,1200,36000,,사후관리DB(원본월별·5년이용량분석)
Y199330132,D-211,2017,0,0,0,0,0,0,0,0,0,0,0,0,700,10500,,사후관리DB(원본월별·5년이용량분석)
Y199330135,D-019,2017,1749,1498,2762,8554,8718,8957,8720,9015,5140,3907,4063,4990,1900,57000,,사후관리DB(원본월별·5년이용량분석)
Y199330140,D-042,2017,4153,3540,3419,4484,4591,6296,7609,8838,6882,6623,5211,4581,850,20400,,사후관리DB(원본월별·5년이용량분석)
Y199330144,D-188,2017,0,0,0,0,0,0,0,0,0,0,0,0,1400,10000,,사후관리DB(원본월별·5년이용량분석)
Y199330146,A-001,2017,2981,3726,4552,6783,3840,7984,4895,6439,4972,5454,5551,5208,1000,30000,,사후관리DB(원본월별·5년이용량분석)
Y199330149,A-004,2017,1373,112,103,124,124,127,133,135,125,117,116,111,1200,21600,,사후관리DB(원본월별·5년이용량분석)
Y199330150,A-005,2017,160,160,152,174,184,202,204,202,208,186,174,158,1200,36000,,사후관리DB(원본월별·5년이용량분석)
Y199330161,F-002,2017,0,0,0,0,0,0,0,0,0,0,0,0,700,10500,,사후관리DB(원본월별·5년이용량분석)
Y199330164,D-220,2017,12626,15357,14210,17077,16506,19806,20880,21531,17830,13866,14389,14362,800,24000,,사후관리DB(원본월별·5년이용량분석)
Y199330165,F-030,2017,16,15,15,15,2188,3697,5549,6159,395,929,309,503,700,12600,,사후관리DB(원본월별·5년이용량분석)
Y199330168,D-015,2017,5618,6146,6254,6130,7909,8592,5652,10842,8865,9526,12894,8623,600,14500,,사후관리DB(원본월별·5년이용량분석)
Y199330169,D-021,2017,13150,14265,19325,17834,14762,27534,19918,31850,19869,18826,16046,16854,900,24100,,사후관리DB(원본월별·5년이용량분석)
Y199330170,D-035,2017,2042,1822,3309,5267,3994,8076,3947,5784,6195,9964,10036,10818,1050,31400,,사후관리DB(원본월별·5년이용량분석)
Y199330171,D-041,2017,2120,1714,3443,5427,4021,7451,5650,15223,7912,7664,7674,8504,1050,26400,,사후관리DB(원본월별·5년이용량분석)
Y199330172,D-052,2017,5829,6379,4930,4062,3618,7241,4727,8171,6533,7079,8240,6585,700,17200,,사후관리DB(원본월별·5년이용량분석)
Y199330173,D-094,2017,0,0,0,0,0,0,0,0,0,0,0,0,1500,22500,,사후관리DB(원본월별·5년이용량분석)
Y199330175,D-151,2017,3081,1906,2253,1751,791,2649,1854,4081,3596,5888,6558,6089,1150,28300,,사후관리DB(원본월별·5년이용량분석)
Y199330176,D-202,2017,,798,,,,,,5167,2768,,5551,6934,1150,22500,,사후관리DB(원본월별·5년이용량분석)
Y199330398,W-301,2017,1462,2050,2769,5700,7620,15715,16712,18420,15275,10972,9843,8823,1000,30000,,사후관리DB(원본월별·5년이용량분석)
Y199330399,W-302,2017,1255,4103,5205,5183,6878,12462,8517,11450,6036,4264,3050,2064,950,28500,,사후관리DB(원본월별·5년이용량분석)
Y199330400,W-303,2017,16777,17992,20016,20602,21208,28396,23961,26019,19115,13548,11595,10982,1000,30000,,사후관리DB(원본월별·5년이용량분석)
Y199330401,W-304,2017,0,0,0,1,0,0,0,0,0,0,0,0,850,17800,,사후관리DB(원본월별·5년이용량분석)
Y199330402,W-305,2017,2677,3324,4524,2025,3080,6496,8089,12260,3579,2147,1821,4979,1100,23100,,사후관리DB(원본월별·5년이용량분석)
Y199330403,W-306,2017,5162,9951,14545,13770,17707,21633,19334,20976,18543,10756,10417,7189,850,25500,,사후관리DB(원본월별·5년이용량분석)
Y199330404,W-307,2017,7158,560,2093,20561,17249,20767,22238,28532,22168,18638,13251,8129,600,18000,,사후관리DB(원본월별·5년이용량분석)
Y199330406,D-244,2017,3790,4143,5163,6803,7125,10608,8291,11777,11037,8376,7346,6691,1000,30000,,사후관리DB(원본월별·5년이용량분석)
Y199330407,D-242,2017,715,685,705,704,167,1748,1352,1367,1024,1420,1935,2204,1000,24000,,사후관리DB(원본월별·5년이용량분석)
Y199330408,F-060,2017,3435,3723,8126,11924,10712,17205,14373,22026,15868,14579,14898,10423,800,18900,,사후관리DB(원본월별·5년이용량분석)
Y199330409,F-059,2017,957,707,1005,816,14,14,25,12,217,593,644,736,1000,21000,,사후관리DB(원본월별·5년이용량분석)
Y199330410,F-058,2017,164,193,5761,12560,8717,30123,21156,32929,14363,9360,7006,10128,1000,30000,,사후관리DB(원본월별·5년이용량분석)
Y199330411,F-056,2017,4572,3550,4889,8814,8830,13192,12912,17434,10618,9341,9504,8661,700,21000,,사후관리DB(원본월별·5년이용량분석)
Y199330412,F-057,2017,231,1288,3566,3742,1614,6900,2851,3219,1865,4186,3902,4303,1000,21000,,사후관리DB(원본월별·5년이용량분석)
Y199330413,D-252,2017,2286,3418,6289,7692,8160,14800,17352,20409,14899,11206,13014,10880,1000,30000,,사후관리DB(원본월별·5년이용량분석)
Y199330414,D-255,2017,633,0,0,,,0,0,0,0,0,0,256,750,11200,,사후관리DB(원본월별·5년이용량분석)
Y199340974,U-050,2017,1195.56,583.2,816.48,1338.12,265.68,1824.12,1017.36,1124.28,2225.88,2783.16,2306.88,4131.0,1700,51000,,
Y199340975,W-028,2017,4545.97,5149.98,5151.85,9226.58,8985.35,10563.63,9652.94,7285.52,6567.44,8115.8,6821.76,6631.02,800,24000,,
Y199340976,F-004,2017,2276.75,4226.35,4407.6,4546.86,3782.05,6576.04,5419.98,5223.25,4971.26,5243.15,4834.22,3733.42,1100,33000,,
Y199340977,F-006,2017,32146.12,36696.81,38220.86,47834.33,47714.74,50005.42,48453.77,50036.08,49683.43,42127.58,44019.61,43532.03,1700,51000,,
Y199340978,F-012,2017,21215.95,17477.3,8683.53,11219.2,5771.73,20547.99,18317.12,19905.97,21958.5,25359.92,27752.92,18362.52,1500,45000,,
Y199340979,F-013,2017,2536.12,554.7,1026.83,7773.48,624.36,3650.67,526.32,900.41,2084.62,12613.52,10012.9,9112.49,1500,45000,,
Y199340980,F-014,2017,1952.7,3357.09,7421.68,3756.83,2967.96,4124.73,2345.36,4404.19,15448.26,14853.96,22059.85,9370.84,1150,34500,,
Y199340981,F-018,2017,2270.37,576.87,300.24,4314.71,0.0,1474.22,0.0,0.0,0.0,145.06,0.0,0.0,1800,54000,,
Y199340982,F-019,2017,673.28,1195.2,3054.98,3305.5,5323.59,5511.48,6372.65,6313.5,4269.31,2054.63,2540.01,735.91,800,24000,,
Y199340983,F-024,2017,689.23,294.13,3472.49,711.18,1742.83,1672.59,719.96,1953.55,17502.93,20953.47,21743.67,9052.18,1200,36000,,
Y199340984,F-025,2017,3832.16,4215.72,7199.92,5505.72,9146.96,15399.16,8964.64,8302.44,7241.2,3452.04,7439.0,4702.48,700,21000,,
Y199340986,F-035,2017,2978.76,2376.26,2373.85,4359.69,3330.62,5841.84,4571.77,4482.6,6567.25,11184.81,7087.81,8475.97,1150,34500,,
Y199340987,F-038,2017,4300.62,1968.77,2500.87,6826.53,1264.52,6551.09,1687.07,2663.63,3408.57,20341.87,15571.75,13840.86,1050,31500,,
Y199340988,F-039,2017,0.0,0.0,1007.16,6903.82,6253.94,15324.54,18871.16,19259.24,12717.32,4701.62,2117.5,956.34,650,19500,,
Y199340989,F-042,2017,584.06,40.03,38.21,1943.23,795.12,3893.74,1672.13,1512.01,13833.7,15602.26,4405.02,6521.11,1000,30000,,
Y199340990,F-043,2017,0.0,0.0,0.0,0.0,0.0,0.0,0.0,0.0,0.0,0.0,0.0,0.0,700,21000,,
Y199340991,F-050,2017,1770.94,1335.71,1830.98,5567.97,2839.51,8152.35,4031.15,3791.02,4373.33,11877.33,6174.29,9539.08,950,28500,,
Y199340992,F-052,2017,11797.72,11251.08,11090.3,15055.59,10976.91,11477.86,6395.58,4451.01,7221.47,15663.16,12075.27,10707.81,950,28500,,
Y199340993,D-017,2017,0.0,0.0,0.0,2569.88,634.13,2035.88,2217.93,12084.82,10734.65,10473.71,5024.47,6104.61,1150,34500,,
Y199340994,D-040,2017,12346.75,11821.48,11423.2,16410.38,12768.12,21870.89,15913.97,19302.26,18430.65,27547.85,18569.19,21931.5,1400,42000,,
Y199340995,D-048,2017,4719.33,4957.26,4199.58,7994.91,6615.84,8318.31,6130.74,7112.49,6336.33,11270.49,8297.52,8147.37,1050,31500,,
Y199340996,D-083,2017,2517.38,626.32,835.09,6087.71,208.77,3727.66,674.73,874.43,3406.94,10514.31,9385.72,10741.24,1000,30000,,
Y199340997,D-089,2017,4166.06,2670.3,3047.62,7569.72,3748.1,9502.78,4647.87,5348.34,5832.09,12867.75,9754.34,11513.25,900,27000,,
Y199340998,D-090,2017,5709.84,4724.37,4966.17,9314.14,5842.15,8474.66,6421.58,7826.8,8750.68,12621.88,12503.26,11474.44,1000,30000,,
Y199340999,D-095,2017,1797.98,908.32,1079.41,4367.42,2174.38,5845.01,3353.33,3169.8,3480.87,8420.66,5425.06,5608.59,950,28500,,
Y199341000,D-099,2017,1806.14,1153.84,1171.24,3965.97,1069.77,5531.48,936.41,1159.64,2171.43,15907.36,7995.72,9735.18,1000,30000,,
Y199341001,D-184,2017,818.1,641.86,946.48,2859.01,2787.21,6342.47,3666.23,5095.74,4123.15,5868.15,2952.57,3115.75,1200,36000,,
Y199341002,D-103,2017,2508.28,1830.84,1100.84,5463.32,1077.48,3626.64,1810.4,2117.0,2873.28,7974.52,10138.24,7267.88,1950,58500,,
Y199341003,D-107,2017,625.16,447.27,703.94,1745.87,1631.51,5128.34,1811.95,2505.72,2515.89,7395.18,3557.82,4919.96,1750,52500,,
Y199341004,D-121,2017,1704.06,16.58,16.58,2761.64,16.58,4545.28,19.89,16.58,805.62,15750.99,13436.91,10439.88,1550,46500,,
Y199341005,D-122,2017,403.0,0.0,5.2,3835.0,1112.8,9620.0,2433.6,5722.6,7797.4,11060.4,6689.8,5974.8,1550,46500,,
Y199341006,D-129,2017,2597.44,1850.76,1748.25,2325.92,2679.17,3364.89,2970.08,3042.12,2629.3,2414.58,2580.81,2445.05,600,18000,,
Y199341007,D-130,2017,1784.42,586.5,0.0,1492.3,0.0,2844.2,729.17,373.64,4008.15,8688.86,4572.01,11972.37,1500,45000,,
Y199341008,D-131,2017,3639.92,3011.35,3266.46,5331.01,4628.8,11398.42,5536.15,7453.42,5830.71,16087.71,9959.81,11180.13,1150,34500,,
Y199341009,D-139,2017,6233.92,5695.36,11432.96,24090.88,20556.8,27005.44,22964.48,30859.84,31071.04,26600.64,29990.4,33749.76,1250,37500,,
Y199341010,D-142,2017,2826.27,1551.24,1766.07,8805.24,3367.53,9335.34,3010.41,3900.42,5373.54,16168.05,10576.89,11505.96,850,25500,,
Y199341011,D-144,2017,5179.85,710.2,1096.18,10697.44,866.53,8454.89,1314.26,1800.6,6733.42,19590.41,18368.79,15136.21,1400,42000,,
Y199341012,D-147,2017,1316.53,477.48,809.64,3101.89,897.87,4622.56,544.95,1704.05,5188.27,7978.76,4631.21,7933.78,1550,46500,,
Y199341013,D-146,2017,1987.93,1682.24,1923.68,5761.29,1956.78,5897.59,2400.7,2694.7,4963.01,8598.13,7803.74,9892.91,950,28500,,
Y199341014,D-145,2017,1691.19,17.55,206.19,7063.07,568.12,6297.54,8.77,0.0,2292.21,16234.09,12941.65,14538.52,1150,34500,,
Y199341015,D-148,2017,29757.78,13350.42,22036.86,30616.38,29798.28,31186.62,29501.82,30072.06,25317.36,22284.72,20386.08,12966.48,800,24000,,
Y199341016,D-156,2017,3668.17,2558.18,3324.19,6174.32,3963.01,8819.22,4376.37,7975.17,5830.34,10946.7,11001.62,10154.68,1150,34500,,
Y199341018,D-161,2017,7476.39,5351.75,5965.53,12943.81,7955.62,15979.7,8385.27,17176.58,13194.05,19931.54,15391.88,15120.4,850,25500,,
Y199341019,D-162,2017,4319.84,3222.4,2872.8,4830.56,3480.8,4842.72,2252.64,2754.24,3112.96,7922.24,5976.64,5937.12,1150,34500,,
Y199341020,D-174,2017,1041.68,594.24,489.38,3317.28,977.01,2869.85,1268.89,1968.0,2404.94,6414.34,4881.54,4500.53,1500,45000,,
Y199341021,D-175,2017,840.3,468.9,294.8,2228.41,875.12,5113.74,2033.43,3758.12,4150.42,4709.84,3382.08,5215.88,1150,34500,,
Y199341022,D-172,2017,4494.92,1328.04,1171.97,4483.57,2565.28,8757.14,3467.67,3413.75,2358.13,8450.67,6762.24,7582.33,1150,34500,,
Y199341023,D-173,2017,569.18,515.78,431.43,1814.33,524.28,1526.1,696.61,1482.41,1337.39,2117.73,1751.83,2052.8,1150,34500,,
Y199341024,D-183,2017,5709.81,1720.95,1368.52,13852.29,12181.69,13122.26,7776.32,10955.05,12888.83,19701.7,13463.25,16374.22,1150,34500,,
Y199341025,D-185,2017,0.0,0.0,0.0,0.0,0.0,0.0,0.0,0.0,0.0,0.0,0.0,0.0,1150,34500,,
Y199341026,D-100,2017,4734.26,4347.27,3849.33,8970.59,9166.67,31504.13,44176.99,45761.09,42807.02,43119.2,45714.65,44285.35,1150,34500,,
Y199341027,D-192,2017,1293.9,2462.95,1091.87,4408.34,3162.11,9484.06,3911.21,0.0,5954.21,11204.72,11767.68,6010.96,700,21000,,
Y199341028,D-193,2017,6721.2,6195.6,5907.6,7459.2,5162.4,10076.4,7707.6,7992.0,7333.2,12196.8,9205.2,12405.6,1100,33000,,
Y199341029,D-195,2017,1385.23,673.34,1261.87,3829.3,1467.47,4574.6,2647.1,2552.01,3112.27,7848.78,7550.66,7792.24,1150,34500,,
Y199341030,D-196,2017,2794.98,244.2,1520.7,3698.52,188.7,1946.94,0.0,239.76,5296.92,10018.86,6513.48,9386.16,1150,34500,,
Y199341031,D-197,2017,2281.14,1847.88,1873.98,4053.33,3027.6,7195.77,4061.16,5052.96,4423.95,10471.32,6068.25,8218.89,800,24000,,
Y199341032,D-198,2017,672.24,982.5,1760.14,835.32,3540.18,1077.96,511.14,604.61,5809.47,4087.11,8931.98,3659.51,800,24000,,
Y199341033,D-199,2017,1512.9,335.79,749.07,2018.43,959.4,1793.34,1051.65,1114.38,6346.8,12918.69,5623.56,5306.22,950,28500,,
Y199341034,D-206,2017,5780.17,3700.77,4276.82,5541.32,4968.08,10304.27,5664.96,2113.12,4363.93,18236.9,6052.74,19442.39,1100,33000,,
Y199341035,D-207,2017,3729.0,528.0,390.5,5128.75,99.0,4050.75,0.0,71.5,2681.25,14278.0,8360.0,8252.75,1100,33000,,
Y199341036,D-208,2017,1089.16,369.81,212.77,1018.24,770.01,1469.1,595.24,577.51,1390.58,3107.9,2190.98,4295.85,1350,40500,,
Y199341037,D-209,2017,332.18,0.0,501.0,10548.13,3169.34,8563.21,4944.6,5516.39,2886.17,15498.18,12345.18,15928.38,1350,40500,,
Y199341038,D-210,2017,2310.66,2848.23,3085.83,4368.87,3275.91,6991.38,4740.12,5069.79,5387.58,8921.88,4909.41,6813.18,600,18000,,
Y199341039,D-223,2017,6139.43,6736.32,5276.55,10828.01,9319.87,10843.28,10775.83,9846.77,9389.87,6294.7,7138.49,8481.17,850,25500,,
Y199341040,D-225,2017,0.0,0.0,0.0,0.0,0.0,0.0,0.0,0.0,0.0,0.0,0.0,0.0,950,28500,,
Y199341041,D-234,2017,3497.0,4719.0,1690.0,3109.6,1874.6,5265.0,4032.6,5881.2,2860.0,5670.6,4472.0,3369.6,950,28500,,
Y199341042,D-235,2017,145.05,0.0,0.0,2.84,0.0,853.24,0.0,0.0,5.69,0.0,0.0,0.0,950,28500,,
Y199341043,D-236,2017,2997.0,3052.08,4166.64,8547.12,8129.16,13789.44,10429.56,13663.08,13928.76,11783.88,7912.08,7652.88,950,28500,,
Y199341044,D-237,2017,8700.2,11919.52,12654.24,16137.6,16050.68,19768.56,18387.68,18769.8,15552.12,12762.48,12247.52,10824.0,500,15000,,
Y199341045,D-246,2017,3867.39,3975.75,4734.26,5077.4,7631.58,10590.82,8098.56,7902.48,6491.23,3869.97,5583.08,4011.87,950,28500,,
Y199341046,D-247,2017,22472.1,13203.7,12983.3,17997.4,17713.2,21593.4,13708.3,13026.8,12365.6,8149.0,20279.7,7760.4,850,25500,,
Y199341047,F-061,2017,2263.14,0.0,0.0,5582.92,0.0,4259.58,208.28,1102.36,9979.66,9918.7,11183.62,12532.36,850,25500,,
Y199341048,F-064,2017,757.46,1928.08,3853.03,4316.27,4720.04,4310.01,3856.16,4419.56,3655.84,1627.6,1549.35,788.76,800,24000,,
Y199341049,F-062,2017,2194.43,878.43,2322.74,7744.66,3411.73,7879.55,2253.65,4622.45,4388.86,19710.39,11755.17,12712.56,1000,30000,,
Y199341051,D-259,2017,0.0,0.0,0.0,0.0,0.0,0.0,0.0,0.0,0.0,0.0,0.0,0.0,1000,30000,,
Y199341052,F-063,2017,584.22,658.05,2725.29,3482.85,3425.07,4818.21,4506.84,5261.19,4397.7,3238.89,3113.7,2401.08,1000,30000,,
Y199341053,D-256,2017,3536.25,5221.25,7217.5,8326.25,7791.25,11553.75,10603.75,8796.25,6446.25,5326.25,3967.5,2891.25,600,18000,,
Y199341054,F-051,2017,12201.03,13282.52,14872.47,24755.16,20457.46,25967.8,25225.29,27709.07,21744.75,17493.46,17426.87,20015.58,750,22500,,
Y199341055,F-065,2017,999.6,1976.8,6213.2,72.8,3973.2,1850.8,571.2,1111.6,9195.2,13745.2,19933.2,5812.8,1000,30000,,
Y199341057,W-003,2017,1554.4,959.44,2103.8,4022.68,4523.84,5678.92,2144.0,3360.72,2658.56,5842.4,4087.0,3993.2,1100,33000,,
Y199341058,D-073,2017,3109.3,2904.1,1834.17,7070.77,5140.28,11067.84,8061.14,10385.26,8867.25,14181.32,11000.84,13008.79,850,25500,,
Y199341059,D-056,2017,2226.42,0.0,213.57,8750.7,119.07,9200.52,1891.89,4462.29,7346.43,17081.82,13717.62,13781.88,700,21000,,
Y199341060,D-059,2017,1168.97,661.3,752.56,1158.42,1089.63,1763.32,1762.86,1866.04,2488.82,1948.13,1346.91,1563.83,700,21000,,
Y199341061,U-048,2017,853.44,0.0,0.0,1715.89,327.55,558.94,1652.78,2226.75,1577.66,4543.65,2707.56,7518.66,2000,60000,,
Y199341062,90무릉2,2017,0.0,0.0,0.0,0.0,0.0,0.0,0.0,0.0,0.0,0.0,0.0,0.0,1050,31500,,
Y199341064,W-007,2017,0.0,0.0,0.0,0.0,0.0,0.0,0.0,0.0,0.0,0.0,0.0,0.0,600,18000,,
Y199341065,W-026,2017,7916.0,0.0,2159.51,18577.77,20131.16,23509.54,22005.83,24450.19,20379.57,18306.17,18564.52,15338.5,1700,51000,,
Y199341066,D-005,2017,17602.2,12977.25,12767.7,19602.0,15308.7,16077.6,14689.95,18407.4,15825.15,12739.65,13708.2,12954.15,600,18000,,
Y199341070,D-061,2017,0.0,0.0,0.0,0.0,0.0,0.0,0.0,0.0,0.0,0.0,0.0,0.0,700,21000,,
Y199341071,D-070,2017,0.0,0.0,0.0,0.0,0.0,0.0,0.0,0.0,0.0,0.0,0.0,0.0,700,21000,,
Y199341073,D-097,2017,0.0,0.0,0.0,0.0,0.0,0.0,0.0,0.0,0.0,0.0,0.0,0.0,700,21000,,
Y199341075,F-007,2017,2693.29,7034.21,11511.84,18766.7,18625.2,30093.87,23114.82,28770.01,20992.32,12281.69,10566.91,9346.18,1350,40500,,
Y199341084,W-020,2017,3796.86,4070.45,4172.25,4625.58,4808.51,7426.7,3139.93,3211.5,3909.8,2689.77,3523.27,3189.24,1000,30000,,
Y199341087,D-069,2017,0.0,0.0,0.0,0.0,0.0,0.0,0.0,0.0,0.0,0.0,0.0,0.0,650,19500,,
Y199341093,D-004,2017,2696.24,3133.9,6048.98,5664.03,7604.75,11903.08,8873.0,9892.08,8178.18,3641.84,5170.46,2512.55,950,28500,,
Y199341094,U-036,2017,1525.52,1075.31,1033.21,3394.37,1551.43,3867.25,1609.73,2218.65,3562.79,5865.65,3582.22,7459.19,1500,45000,,
Y199341095,D-049,2017,3069.31,1080.52,8998.03,7700.87,16623.54,11927.4,5368.94,8762.55,9164.88,10739.23,13384.68,9661.41,850,25500,,
Y199341097,90사계,2017,1453.12,3040.0,11178.08,532.0,9764.48,3204.16,604.96,2228.32,13138.88,22140.32,31521.76,13631.36,1000,30000,,
Y199341100,90감산,2017,5858.81,7068.78,8326.06,8941.05,11917.76,16923.22,12763.83,14288.57,16646.65,9032.02,14568.78,10116.45,800,24000,,
Y199341103,D-006,2017,0.0,0.0,0.0,0.0,0.0,0.0,0.0,0.0,0.0,0.0,0.0,0.0,600,18000,,
Y199341104,D-020,2017,0.0,0.0,0.0,0.0,0.0,0.0,0.0,0.0,0.0,0.0,0.0,0.0,850,25500,,
Y199341106,D-158,2017,0.0,0.0,0.0,0.0,0.0,0.0,0.0,0.0,0.0,0.0,0.0,0.0,1505,45150,,
Y199510076,F-066,2017,1021,1599,1632,2429,2729,6547,6872,4776,4608,3999,4259,3909,800,16000,,사후관리DB(원본월별·5년이용량분석)
Y199510077,93이호,2017,1077,1713,2277,5481,6206,10073,11984,14969,8589,6368,5100,5008,800,18300,,사후관리DB(원본월별·5년이용량분석)
Y199510078,94도평,2017,16092,14637,14206,16480,15755,19756,18362,22037,20033,21837,16499,16446,800,21060,,사후관리DB(원본월별·5년이용량분석)
Y199510079,94아라,2017,2581,2312,1872,1903,2664,4620,4748,4857,3693,4649,3520,3987,800,14100,,사후관리DB(원본월별·5년이용량분석)
Y199510080,F-078,2017,924,1040,1513,2068,2043,4217,4492,5083,3493,1959,1358,1976,800,9510,,사후관리DB(원본월별·5년이용량분석)
Y199520081,D-274,2017,9862.34,658.67,1545.29,849.62,1555.65,3213.44,2109.24,1813.2,1309.95,956.19,1209.3,2168.44,600,18000,,
Y199520082,F-067,2017,2860.2,2698.92,2646.0,5268.06,5100.48,6243.3,5552.82,6413.4,5928.3,4377.24,3711.96,3458.7,700,21000,,
Y199520083,F-079,2017,2241.82,2326.24,5168.38,9263.42,9094.58,11347.12,10117.0,10106.28,8468.8,7202.5,5168.38,5420.3,700,21000,,
Y199520085,D-275,2017,5086.76,5643.24,6403.96,9890.84,9796.12,12898.2,11586.92,13420.64,12389.08,7805.52,7697.48,7582.04,800,24000,,
Y199530138,D-264,2017,148,244,478,148,579,2729,1071,2121,4882,2087,3246,852,1200,17600,,사후관리DB(원본월별·5년이용량분석)
Y199530139,D-277,2017,819,901,1628,1532,1512,2175,2248,1546,1674,1464,1243,1473,800,6810,,사후관리DB(원본월별·5년이용량분석)
Y199530141,D-278,2017,11037,11345,11856,15597,13624,25302,18661,26671,15012,16272,16584,14914,800,24000,,사후관리DB(원본월별·5년이용량분석)
Y199530142,D-266,2017,3882,3754,3625,6956,5349,13150,9841,13479,12089,10373,9656,8895,800,24000,,사후관리DB(원본월별·5년이용량분석)
Y199530144,D-276,2017,2974,3277,4822,6485,7250,11349,10782,17283,10055,8153,6857,6075,800,10350,,사후관리DB(원본월별·5년이용량분석)
Y199530145,F-068,2017,4282,4582,4472,5491,5157,6589,7036,12257,8351,8045,7450,7578,800,14340,,사후관리DB(원본월별·5년이용량분석)
Y199530146,F-069,2017,20145,20753,22018,25044,25685,29028,24950,28522,19715,7145,22106,20425,600,9510,,사후관리DB(원본월별·5년이용량분석)
Y199530150,F-072,2017,1196,1243,2544,4347,1789,2970,1905,2936,4260,2523,3815,1153,800,5400,,사후관리DB(원본월별·5년이용량분석)
Y199530151,D-267,2017,5585,6358,6194,11643,6555,13084,10213,14785,11984,16220,20031,18703,1050,31000,,사후관리DB(원본월별·5년이용량분석)
Y199530152,D-279,2017,1672,2805,3313,4418,3935,7766,5306,8380,6567,9396,10180,9631,800,11610,,사후관리DB(원본월별·5년이용량분석)
Y199540245,F-074,2017,3800.07,6007.4,8735.55,16129.39,15471.51,19552.91,15540.76,16986.35,11795.52,8106.53,7783.37,6711.44,600,18000,,
Y199540246,D-283,2017,6553.5,11320.36,13845.31,27221.88,24729.87,28692.52,25889.01,27136.51,22805.45,15223.1,14712.42,11609.4,1000,30000,,
Y199540248,F-075,2017,0.0,0.0,0.0,0.0,0.0,0.0,0.0,0.0,0.0,0.0,0.0,0.0,600,18000,,
Y199540249,D-268,2017,2331.88,1416.2,1559.76,5172.04,1575.28,6254.56,2475.44,3429.92,5885.96,12532.4,10076.36,10662.24,600,18000,,
Y199540250,D-269,2017,3021.76,2264.8,2398.56,3526.4,2055.04,4006.72,2884.96,3231.52,3979.36,6210.72,4958.24,8892.0,700,21000,,
Y199540251,D-284,2017,8387.9,4754.5,6134.6,14962.8,6771.0,17290.1,9379.5,14245.0,15821.2,26987.8,5572.2,15140.4,1000,30000,,
Y199540252,D-245,2017,4057.92,4822.56,7109.28,12202.56,13799.52,19189.44,20082.24,17009.28,11754.72,8700.48,7871.04,7629.12,500,15000,,
Y199540253,F-073,2017,3305.76,4064.04,5048.1,11180.37,10443.39,14428.62,11433.84,11376.33,10302.81,8920.44,6739.32,5851.11,600,18000,,
Y199540254,D-271,2017,2764.53,3923.0,8115.88,10380.16,14341.02,13745.33,7870.69,5007.43,8229.42,8530.56,6870.19,5589.95,800,24000,,
Y199540255,F-076,2017,1025.67,1396.21,2553.67,2800.06,3430.36,4286.04,2024.6,2756.13,2494.46,1390.48,2133.47,1516.54,1000,30000,,
Y199540256,F-077,2017,4222.8,4636.8,5638.68,5891.22,7017.3,9153.54,7116.66,8114.4,6489.45,5566.23,4251.78,2848.32,500,15000,,
Y199540257,D-270,2017,20.47,20.47,17.06,7495.72,3567.04,7778.9,7316.61,5748.88,868.3,312.18,5.12,0.0,800,24000,,
Y200230019,D-297,2017,4548,4794,6621,7012,9776,13316,12303,17376,11165,8309,7267,6542,800,24000,,사후관리DB(원본월별·5년이용량분석)
Y200240031,F-083,2017,3887.32,5146.46,8003.86,10027.59,6718.03,12424.98,8410.49,11040.24,8162.43,5757.19,4206.03,6284.71,600,18000,,
