관측소명,날짜,EL
JQ대흘1,2005-01-01,15.77
JQ대흘1,2005-01-02,15.69
JQ대흘1,2005-01-03,15.57
JQ대흘1,2005-01-04,15.53
JQ대흘1,2005-01-05,15.48
JQ대흘1,2005-01-06,15.37
JQ대흘1,2005-01-07,15.31
JQ대흘1,2005-01-08,15.24
JQ대흘1,2005-01-09,15.16
JQ대흘1,2005-01-10,15.07
JQ대흘1,2005-01-11,14.99
JQ대흘1,2005-01-12,14.91
JQ대흘1,2005-01-13,14.83
JQ대흘1,2005-01-14,14.74
JQ대흘1,2005-01-15,14.63
JQ대흘1,2005-01-16,14.55
JQ대흘1,2005-01-17,14.52
JQ대흘1,2005-01-18,14.43
JQ대흘1,2005-01-19,14.37
JQ대흘1,2005-01-20,14.35
JQ대흘1,2005-01-21,14.3
JQ대흘1,2005-01-22,14.17
JQ대흘1,2005-01-23,14.06
JQ대흘1,2005-01-24,13.98
JQ대흘1,2005-01-25,13.89
JQ대흘1,2005-01-26,13.87
JQ대흘1,2005-01-27,13.82
JQ대흘1,2005-01-28,13.74
JQ대흘1,2005-01-29,13.67
JQ대흘1,2005-01-30,13.68
JQ대흘1,2005-01-31,13.59
JQ대흘1,2005-02-01,13.52
JQ대흘1,2005-02-02,13.51
JQ대흘1,2005-02-03,13.49
JQ대흘1,2005-02-04,13.41
JQ대흘1,2005-02-05,13.36
JQ대흘1,2005-02-06,13.32
JQ대흘1,2005-02-07,13.24
JQ대흘1,2005-02-08,13.22
JQ대흘1,2005-02-09,13.18
JQ대흘1,2005-02-10,13.18
JQ대흘1,2005-02-11,13.18
JQ대흘1,2005-02-12,13.1
JQ대흘1,2005-02-13,13.05
JQ대흘1,2005-02-14,12.96
JQ대흘1,2005-02-15,12.84
JQ대흘1,2005-02-16,12.8
JQ대흘1,2005-02-17,12.85
JQ대흘1,2005-02-18,12.84
JQ대흘1,2005-02-19,12.87
JQ대흘1,2005-02-20,12.89
JQ대흘1,2005-02-21,12.89
JQ대흘1,2005-02-22,12.81
JQ대흘1,2005-02-23,12.76
JQ대흘1,2005-02-24,12.7
JQ대흘1,2005-02-25,12.75
JQ대흘1,2005-02-26,12.8
JQ대흘1,2005-02-27,12.78
JQ대흘1,2005-02-28,12.74
JQ대흘1,2005-03-01,12.74
JQ대흘1,2005-03-02,12.72
JQ대흘1,2005-03-03,12.69
JQ대흘1,2005-03-04,12.64
JQ대흘1,2005-03-05,12.61
JQ대흘1,2005-03-06,12.61
JQ대흘1,2005-03-07,12.56
JQ대흘1,2005-03-08,12.5
JQ대흘1,2005-03-09,12.45
JQ대흘1,2005-03-10,12.37
JQ대흘1,2005-03-11,12.36
JQ대흘1,2005-03-12,12.41
JQ대흘1,2005-03-13,12.39
JQ대흘1,2005-03-14,12.36
JQ대흘1,2005-03-15,12.33
JQ대흘1,2005-03-16,12.32
JQ대흘1,2005-03-17,12.24
JQ대흘1,2005-03-18,12.32
JQ대흘1,2005-03-19,12.34
JQ대흘1,2005-03-20,12.29
JQ대흘1,2005-03-21,12.23
JQ대흘1,2005-03-22,12.12
JQ대흘1,2005-03-23,12.19
JQ대흘1,2005-03-24,12.23
JQ대흘1,2005-03-25,12.28
JQ대흘1,2005-03-26,12.27
JQ대흘1,2005-03-27,12.21
JQ대흘1,2005-03-28,12.18
JQ대흘1,2005-03-29,12.23
JQ대흘1,2005-03-30,12.22
JQ대흘1,2005-03-31,12.22
JQ대흘1,2005-04-01,12.22
JQ대흘1,2005-04-02,12.18
JQ대흘1,2005-04-03,12.16
JQ대흘1,2005-04-04,12.18
JQ대흘1,2005-04-05,12.15
JQ대흘1,2005-04-06,12.07
JQ대흘1,2005-04-07,12.02
JQ대흘1,2005-04-08,12.05
JQ대흘1,2005-04-09,12.01
JQ대흘1,2005-04-10,11.98
JQ대흘1,2005-04-11,12.02
JQ대흘1,2005-04-12,12.01
JQ대흘1,2005-04-13,12.02
JQ대흘1,2005-04-14,12.03
JQ대흘1,2005-04-15,12.02
JQ대흘1,2005-04-16,12.02
JQ대흘1,2005-04-17,11.99
JQ대흘1,2005-04-18,11.97
JQ대흘1,2005-04-19,11.92
JQ대흘1,2005-04-20,11.85
JQ대흘1,2005-04-21,11.82
JQ대흘1,2005-04-22,11.87
JQ대흘1,2005-04-23,11.88
JQ대흘1,2005-04-24,11.85
JQ대흘1,2005-04-25,11.81
JQ대흘1,2005-04-26,11.79
JQ대흘1,2005-04-27,11.74
JQ대흘1,2005-04-28,11.69
JQ대흘1,2005-04-29,11.68
JQ대흘1,2005-04-30,11.65
JQ대흘1,2005-05-01,11.62
JQ대흘1,2005-05-02,11.69
JQ대흘1,2005-05-03,11.71
JQ대흘1,2005-05-04,11.69
JQ대흘1,2005-05-05,11.6
JQ대흘1,2005-05-06,11.59
JQ대흘1,2005-05-07,11.68
JQ대흘1,2005-05-08,11.67
JQ대흘1,2005-05-09,11.68
JQ대흘1,2005-05-10,11.72
JQ대흘1,2005-05-11,11.68
JQ대흘1,2005-05-12,11.67
JQ대흘1,2005-05-13,11.69
JQ대흘1,2005-05-14,11.68
JQ대흘1,2005-05-15,11.69
JQ대흘1,2005-05-16,11.67
JQ대흘1,2005-05-17,11.6
JQ대흘1,2005-05-18,11.56
JQ대흘1,2005-05-19,11.63
JQ대흘1,2005-05-20,11.62
JQ대흘1,2005-05-21,11.58
JQ대흘1,2005-05-22,11.52
JQ대흘1,2005-05-23,11.54
JQ대흘1,2005-05-24,11.56
JQ대흘1,2005-05-25,11.56
JQ대흘1,2005-05-26,11.55
JQ대흘1,2005-05-27,11.53
JQ대흘1,2005-05-28,11.52
JQ대흘1,2005-05-29,11.52
JQ대흘1,2005-05-30,11.46
JQ대흘1,2005-05-31,11.4
JQ대흘1,2005-06-01,11.33
JQ대흘1,2005-06-02,11.28
JQ대흘1,2005-06-03,11.31
JQ대흘1,2005-06-04,11.33
JQ대흘1,2005-06-05,11.35
JQ대흘1,2005-06-06,11.35
JQ대흘1,2005-06-07,11.33
JQ대흘1,2005-06-08,11.31
JQ대흘1,2005-06-09,11.26
JQ대흘1,2005-06-10,11.16
JQ대흘1,2005-06-11,11.15
JQ대흘1,2005-06-12,11.16
JQ대흘1,2005-06-13,11.17
JQ대흘1,2005-06-14,11.15
JQ대흘1,2005-06-15,11.13
JQ대흘1,2005-06-16,11.13
JQ대흘1,2005-06-17,11.11
JQ대흘1,2005-06-18,11.06
JQ대흘1,2005-06-19,11.02
JQ대흘1,2005-06-20,11.01
JQ대흘1,2005-06-21,10.98
JQ대흘1,2005-06-22,10.97
JQ대흘1,2005-06-23,10.96
JQ대흘1,2005-06-24,10.95
JQ대흘1,2005-06-25,10.93
JQ대흘1,2005-06-26,10.88
JQ대흘1,2005-06-27,10.84
JQ대흘1,2005-06-28,10.86
JQ대흘1,2005-06-29,10.86
JQ대흘1,2005-06-30,10.85
JQ대흘1,2005-07-01,10.8
JQ대흘1,2005-07-02,10.74
JQ대흘1,2005-07-03,10.69
JQ대흘1,2005-07-04,10.64
JQ대흘1,2005-07-05,10.62
JQ대흘1,2005-07-07,10.64
JQ대흘1,2005-07-08,10.66
JQ대흘1,2005-07-09,10.6
JQ대흘1,2005-07-10,10.6
JQ대흘1,2005-07-21,10.09
JQ대흘1,2005-07-22,10.1
JQ대흘1,2005-07-23,10.08
JQ대흘1,2005-07-24,10.06
JQ대흘1,2005-07-25,10.03
JQ대흘1,2005-07-26,10.0
JQ대흘1,2005-07-27,9.99
JQ대흘1,2005-07-28,9.95
JQ대흘1,2005-07-29,9.94
JQ대흘1,2005-07-30,9.94
JQ대흘1,2005-07-31,9.92
JQ대흘1,2005-08-01,9.89
JQ대흘1,2005-08-02,9.87
JQ대흘1,2005-08-03,9.87
JQ대흘1,2005-08-04,9.88
JQ대흘1,2005-08-05,9.88
JQ대흘1,2005-08-06,9.85
JQ대흘1,2005-08-07,9.84
JQ대흘1,2005-08-08,9.9
JQ대흘1,2005-08-09,9.96
JQ대흘1,2005-08-10,9.99
JQ대흘1,2005-08-11,10.0
JQ대흘1,2005-08-12,10.03
JQ대흘1,2005-08-13,10.04
JQ대흘1,2005-08-14,10.01
JQ대흘1,2005-08-15,9.95
JQ대흘1,2005-08-16,9.92
JQ대흘1,2005-08-17,9.9
JQ대흘1,2005-08-18,9.89
JQ대흘1,2005-08-19,9.86
JQ대흘1,2005-08-20,9.84
JQ대흘1,2005-08-21,9.86
JQ대흘1,2005-08-22,9.9
JQ대흘1,2005-08-23,9.91
JQ대흘1,2005-08-24,9.87
JQ대흘1,2005-08-25,9.9
JQ대흘1,2005-08-26,10.0
JQ대흘1,2005-08-27,10.03
JQ대흘1,2005-08-28,10.03
JQ대흘1,2005-08-29,10.03
JQ대흘1,2005-08-30,10.0
JQ대흘1,2005-08-31,10.01
JQ대흘1,2005-09-01,10.04
JQ대흘1,2005-09-02,10.06
JQ대흘1,2005-09-03,10.05
JQ대흘1,2005-09-04,10.03
JQ대흘1,2005-09-05,10.01
JQ대흘1,2005-09-06,9.94
JQ대흘1,2005-09-07,10.01
JQ대흘1,2005-09-08,10.07
JQ대흘1,2005-09-09,10.1
JQ대흘1,2005-09-10,10.11
JQ대흘1,2005-09-11,10.12
JQ대흘1,2005-09-12,10.14
JQ대흘1,2005-09-13,10.11
JQ대흘1,2005-09-14,10.13
JQ대흘1,2005-09-15,10.15
JQ대흘1,2005-09-16,10.14
JQ대흘1,2005-09-17,10.15
JQ대흘1,2005-09-18,10.18
JQ대흘1,2005-09-19,10.18
JQ대흘1,2005-09-20,10.14
JQ대흘1,2005-09-21,10.13
JQ대흘1,2005-09-22,10.15
JQ대흘1,2005-09-23,10.16
JQ대흘1,2005-09-24,10.17
JQ대흘1,2005-09-25,10.19
JQ대흘1,2005-09-26,10.21
JQ대흘1,2005-09-27,10.23
JQ대흘1,2005-09-28,10.21
JQ대흘1,2005-09-29,10.19
JQ대흘1,2005-09-30,10.17
JQ대흘1,2005-10-01,10.17
JQ대흘1,2005-10-02,10.17
JQ대흘1,2005-10-03,10.17
JQ대흘1,2005-10-04,10.18
JQ대흘1,2005-10-05,10.17
JQ대흘1,2005-10-06,10.17
JQ대흘1,2005-10-07,10.13
JQ대흘1,2005-10-08,10.16
JQ대흘1,2005-10-09,10.18
JQ대흘1,2005-10-10,10.17
JQ대흘1,2005-10-11,10.15
JQ대흘1,2005-10-12,10.12
JQ대흘1,2005-10-13,10.07
JQ대흘1,2005-10-14,10.06
JQ대흘1,2005-10-15,10.04
JQ대흘1,2005-10-16,10.04
JQ대흘1,2005-10-17,10.05
JQ대흘1,2005-10-18,10.07
JQ대흘1,2005-10-19,10.07
JQ대흘1,2005-10-20,10.05
JQ대흘1,2005-10-21,9.99
JQ대흘1,2005-10-22,9.97
JQ대흘1,2005-10-23,9.94
JQ대흘1,2005-10-24,9.92
JQ대흘1,2005-10-25,9.92
JQ대흘1,2005-10-26,9.9
JQ대흘1,2005-10-27,9.88
JQ대흘1,2005-10-28,9.82
JQ대흘1,2005-10-29,9.8
JQ대흘1,2005-10-30,9.79
JQ대흘1,2005-10-31,9.8
JQ대흘1,2005-11-01,9.8
JQ대흘1,2005-11-02,9.77
JQ대흘1,2005-11-03,9.73
JQ대흘1,2005-11-04,9.69
JQ대흘1,2005-11-05,9.63
JQ대흘1,2005-11-06,9.58
JQ대흘1,2005-11-07,9.66
JQ대흘1,2005-11-08,9.69
JQ대흘1,2005-11-09,9.68
JQ대흘1,2005-11-10,9.63
JQ대흘1,2005-11-11,9.59
JQ대흘1,2005-11-12,9.72
JQ대흘1,2005-11-13,9.75
JQ대흘1,2005-11-14,9.75
JQ대흘1,2005-11-15,9.78
JQ대흘1,2005-11-16,9.79
JQ대흘1,2005-11-17,9.8
JQ대흘1,2005-11-18,9.82
JQ대흘1,2005-11-19,9.8
JQ대흘1,2005-11-20,9.75
JQ대흘1,2005-11-21,9.71
JQ대흘1,2005-11-22,9.69
JQ대흘1,2005-11-23,9.64
JQ대흘1,2005-11-24,9.58
JQ대흘1,2005-11-25,9.55
JQ대흘1,2005-11-26,9.5
JQ대흘1,2005-11-27,9.49
JQ대흘1,2005-11-28,9.45
JQ대흘1,2005-11-29,9.45
JQ대흘1,2005-11-30,9.43
JQ대흘1,2005-12-01,9.42
JQ대흘1,2005-12-02,9.44
JQ대흘1,2005-12-03,9.43
JQ대흘1,2005-12-04,9.33
JQ대흘1,2005-12-05,9.36
JQ대흘1,2005-12-06,9.4
JQ대흘1,2005-12-07,9.39
JQ대흘1,2005-12-08,9.4
JQ대흘1,2005-12-09,9.4
JQ대흘1,2005-12-10,9.35
JQ대흘1,2005-12-11,9.33
JQ대흘1,2005-12-12,9.28
JQ대흘1,2005-12-13,9.25
JQ대흘1,2005-12-14,9.26
JQ대흘1,2005-12-15,9.26
JQ대흘1,2005-12-16,9.26
JQ대흘1,2005-12-17,9.26
JQ대흘1,2005-12-18,9.29
JQ대흘1,2005-12-19,9.24
JQ대흘1,2005-12-20,9.23
JQ대흘1,2005-12-21,9.13
JQ대흘1,2005-12-22,9.09
JQ대흘1,2005-12-23,9.06
JQ대흘1,2005-12-24,9.11
JQ대흘1,2005-12-25,9.06
JQ대흘1,2005-12-26,9.1
JQ대흘1,2005-12-27,9.12
JQ대흘1,2005-12-28,9.11
JQ대흘1,2005-12-29,9.08
JQ대흘1,2005-12-30,9.07
JQ대흘1,2005-12-31,9.01
JQ대흘1,2006-01-01,8.97
JQ대흘1,2006-01-02,8.94
JQ대흘1,2006-01-03,8.95
JQ대흘1,2006-01-04,8.95
JQ대흘1,2006-01-05,8.95
JQ대흘1,2006-01-06,8.91
JQ대흘1,2006-01-07,8.92
JQ대흘1,2006-01-08,8.91
JQ대흘1,2006-01-09,8.87
JQ대흘1,2006-01-10,8.85
JQ대흘1,2006-01-11,8.86
JQ대흘1,2006-01-12,8.83
JQ대흘1,2006-01-13,8.72
JQ대흘1,2006-01-14,8.71
JQ대흘1,2006-01-15,8.74
JQ대흘1,2006-01-16,8.74
JQ대흘1,2006-01-17,8.81
JQ대흘1,2006-01-18,8.83
JQ대흘1,2006-01-19,8.84
JQ대흘1,2006-01-20,8.84
JQ대흘1,2006-01-21,8.82
JQ대흘1,2006-01-22,8.84
JQ대흘1,2006-01-23,8.88
JQ대흘1,2006-01-24,8.9
JQ대흘1,2006-01-25,8.88
JQ대흘1,2006-01-26,8.83
JQ대흘1,2006-01-27,8.79
JQ대흘1,2006-01-28,8.77
JQ대흘1,2006-01-29,8.76
JQ대흘1,2006-01-30,8.78
JQ대흘1,2006-01-31,8.76
JQ대흘1,2006-02-01,8.76
JQ대흘1,2006-02-02,8.82
JQ대흘1,2006-02-03,8.87
JQ대흘1,2006-02-04,8.88
JQ대흘1,2006-02-05,8.84
JQ대흘1,2006-02-06,8.7
JQ대흘1,2006-02-07,8.69
JQ대흘1,2006-02-08,8.81
JQ대흘1,2006-02-09,8.84
JQ대흘1,2006-02-10,8.73
JQ대흘1,2006-02-11,8.68
JQ대흘1,2006-02-12,8.75
JQ대흘1,2006-02-13,8.7
JQ대흘1,2006-02-14,8.62
JQ대흘1,2006-02-15,8.63
JQ대흘1,2006-02-16,8.68
JQ대흘1,2006-02-17,8.8
JQ대흘1,2006-02-18,8.79
JQ대흘1,2006-02-19,8.75
JQ대흘1,2006-02-20,8.72
JQ대흘1,2006-02-21,8.69
JQ대흘1,2006-02-22,8.68
JQ대흘1,2006-02-23,8.73
JQ대흘1,2006-02-24,8.73
JQ대흘1,2006-02-25,8.67
JQ대흘1,2006-02-26,8.67
JQ대흘1,2006-02-27,8.78
JQ대흘1,2006-02-28,8.75
JQ대흘1,2006-03-01,8.71
JQ대흘1,2006-03-02,8.73
JQ대흘1,2006-03-03,8.78
JQ대흘1,2006-03-04,8.8
JQ대흘1,2006-03-05,8.77
JQ대흘1,2006-03-06,8.76
JQ대흘1,2006-03-07,8.78
JQ대흘1,2006-03-08,8.8
JQ대흘1,2006-03-09,8.78
JQ대흘1,2006-03-10,8.75
JQ대흘1,2006-03-11,8.72
JQ대흘1,2006-03-12,8.77
JQ대흘1,2006-03-13,8.8
JQ대흘1,2006-03-14,8.78
JQ대흘1,2006-03-15,8.75
JQ대흘1,2006-03-16,8.65
JQ대흘1,2006-03-17,8.73
JQ대흘1,2006-03-18,8.67
JQ대흘1,2006-03-19,8.8
JQ대흘1,2006-03-20,8.83
JQ대흘1,2006-03-21,8.8
JQ대흘1,2006-03-22,8.76
JQ대흘1,2006-03-23,8.8
JQ대흘1,2006-03-24,8.84
JQ대흘1,2006-03-25,8.85
JQ대흘1,2006-03-26,8.84
JQ대흘1,2006-03-27,8.8
JQ대흘1,2006-03-28,8.8
JQ대흘1,2006-03-29,8.84
JQ대흘1,2006-03-30,8.86
JQ대흘1,2006-03-31,8.88
JQ대흘1,2006-04-01,8.81
JQ대흘1,2006-04-02,8.78
JQ대흘1,2006-04-03,8.85
JQ대흘1,2006-04-04,8.78
JQ대흘1,2006-04-05,8.82
JQ대흘1,2006-04-06,8.9
JQ대흘1,2006-04-07,8.89
JQ대흘1,2006-04-08,8.91
JQ대흘1,2006-04-09,8.88
JQ대흘1,2006-04-10,8.8
JQ대흘1,2006-04-11,8.81
JQ대흘1,2006-04-12,8.91
JQ대흘1,2006-04-13,9.01
JQ대흘1,2006-04-14,9.09
JQ대흘1,2006-04-15,9.08
JQ대흘1,2006-04-16,9.1
JQ대흘1,2006-04-17,9.09
JQ대흘1,2006-04-18,9.08
JQ대흘1,2006-04-19,9.04
JQ대흘1,2006-04-20,9.07
JQ대흘1,2006-04-21,9.04
JQ대흘1,2006-04-22,8.97
JQ대흘1,2006-04-23,9.01
JQ대흘1,2006-04-24,9.06
JQ대흘1,2006-04-25,9.06
JQ대흘1,2006-04-26,9.02
JQ대흘1,2006-04-27,9.05
JQ대흘1,2006-04-28,9.03
JQ대흘1,2006-04-29,8.96
JQ대흘1,2006-04-30,8.93
JQ대흘1,2006-05-01,8.92
JQ대흘1,2006-05-02,8.97
JQ대흘1,2006-05-03,9.05
JQ대흘1,2006-05-04,9.05
JQ대흘1,2006-05-05,9.01
JQ대흘1,2006-05-06,8.9
JQ대흘1,2006-05-07,8.97
JQ대흘1,2006-05-08,9.05
JQ대흘1,2006-05-09,9.06
JQ대흘1,2006-05-10,9.05
JQ대흘1,2006-05-11,9.16
JQ대흘1,2006-05-12,9.2
JQ대흘1,2006-05-13,9.2
JQ대흘1,2006-05-14,9.21
JQ대흘1,2006-05-15,9.23
JQ대흘1,2006-05-16,9.26
JQ대흘1,2006-05-17,9.24
JQ대흘1,2006-05-18,9.21
JQ대흘1,2006-05-19,9.15
JQ대흘1,2006-05-20,9.34
JQ대흘1,2006-05-21,9.5
JQ대흘1,2006-05-22,9.57
JQ대흘1,2006-05-23,9.67
JQ대흘1,2006-05-24,9.78
JQ대흘1,2006-05-25,9.86
JQ대흘1,2006-05-26,9.89
JQ대흘1,2006-05-27,9.91
JQ대흘1,2006-05-28,10.02
JQ대흘1,2006-05-29,10.14
JQ대흘1,2006-05-30,10.27
JQ대흘1,2006-05-31,10.4
JQ대흘1,2006-06-01,10.47
JQ대흘1,2006-06-02,10.5
JQ대흘1,2006-06-03,10.59
JQ대흘1,2006-06-04,10.64
JQ대흘1,2006-06-05,10.68
JQ대흘1,2006-06-06,10.73
JQ대흘1,2006-06-07,10.79
JQ대흘1,2006-06-08,10.78
JQ대흘1,2006-06-09,10.85
JQ대흘1,2006-06-10,10.92
JQ대흘1,2006-06-11,11.04
JQ대흘1,2006-06-12,11.15
JQ대흘1,2006-06-13,11.2
JQ대흘1,2006-06-14,11.17
JQ대흘1,2006-06-15,11.19
JQ대흘1,2006-06-16,11.29
JQ대흘1,2006-06-17,11.34
JQ대흘1,2006-06-18,11.39
JQ대흘1,2006-06-19,11.45
JQ대흘1,2006-06-20,11.48
JQ대흘1,2006-06-21,11.47
JQ대흘1,2006-06-22,11.45
JQ대흘1,2006-06-23,11.47
JQ대흘1,2006-06-24,11.52
JQ대흘1,2006-06-25,11.54
JQ대흘1,2006-06-26,11.59
JQ대흘1,2006-06-27,11.63
JQ대흘1,2006-06-28,11.67
JQ대흘1,2006-06-29,11.69
JQ대흘1,2006-06-30,11.73
JQ대흘1,2006-07-01,11.89
JQ대흘1,2006-07-02,12.1
JQ대흘1,2006-07-03,12.32
JQ대흘1,2006-07-04,12.49
JQ대흘1,2006-07-05,12.73
JQ대흘1,2006-07-06,13.02
JQ대흘1,2006-07-07,13.33
JQ대흘1,2006-07-08,13.64
JQ대흘1,2006-07-09,13.94
JQ대흘1,2006-07-10,14.22
JQ대흘1,2006-07-11,14.82
JQ대흘1,2006-07-12,15.33
JQ대흘1,2006-07-13,15.86
JQ대흘1,2006-07-14,16.45
JQ대흘1,2006-07-15,17.06
JQ대흘1,2006-07-16,17.63
JQ대흘1,2006-07-17,18.15
JQ대흘1,2006-07-18,18.59
JQ대흘1,2006-07-19,18.96
JQ대흘1,2006-07-20,19.28
JQ대흘1,2006-07-21,19.56
JQ대흘1,2006-07-22,19.81
JQ대흘1,2006-07-23,20.03
JQ대흘1,2006-07-24,20.23
JQ대흘1,2006-07-25,20.42
JQ대흘1,2006-07-26,20.58
JQ대흘1,2006-07-27,20.69
JQ대흘1,2006-07-28,20.79
JQ대흘1,2006-07-29,20.9
JQ대흘1,2006-07-30,20.98
JQ대흘1,2006-07-31,21.03
JQ대흘1,2006-08-01,21.07
JQ대흘1,2006-08-02,21.12
JQ대흘1,2006-08-03,21.16
JQ대흘1,2006-08-04,21.17
JQ대흘1,2006-08-05,21.16
JQ대흘1,2006-08-06,21.14
JQ대흘1,2006-08-07,21.12
JQ대흘1,2006-08-08,21.09
JQ대흘1,2006-08-09,21.06
JQ대흘1,2006-08-10,21.04
JQ대흘1,2006-08-11,21.01
JQ대흘1,2006-08-12,20.96
JQ대흘1,2006-08-13,20.9
JQ대흘1,2006-08-14,20.85
JQ대흘1,2006-08-15,20.8
JQ대흘1,2006-08-16,20.74
JQ대흘1,2006-08-17,20.67
JQ대흘1,2006-08-18,20.61
JQ대흘1,2006-08-19,20.56
JQ대흘1,2006-08-20,20.52
JQ대흘1,2006-08-21,20.48
JQ대흘1,2006-08-22,20.43
JQ대흘1,2006-08-23,20.37
JQ대흘1,2006-08-24,20.3
JQ대흘1,2006-08-25,20.23
JQ대흘1,2006-08-26,20.14
JQ대흘1,2006-08-27,20.04
JQ대흘1,2006-08-28,19.96
JQ대흘1,2006-08-29,19.88
JQ대흘1,2006-08-30,19.79
JQ대흘1,2006-08-31,19.7
JQ대흘1,2006-09-01,19.64
JQ대흘1,2006-09-02,19.58
JQ대흘1,2006-09-03,19.51
JQ대흘1,2006-09-04,19.41
JQ대흘1,2006-09-05,19.32
JQ대흘1,2006-09-06,19.25
JQ대흘1,2006-09-07,19.22
JQ대흘1,2006-09-08,19.16
JQ대흘1,2006-09-09,19.1
JQ대흘1,2006-09-10,19.07
JQ대흘1,2006-09-11,19.0
JQ대흘1,2006-09-12,18.93
JQ대흘1,2006-09-13,18.84
JQ대흘1,2006-09-14,18.75
JQ대흘1,2006-09-15,18.65
JQ대흘1,2006-09-16,18.57
JQ대흘1,2006-09-17,18.47
JQ대흘1,2006-09-18,18.53
JQ대흘1,2006-09-19,18.7
JQ대흘1,2006-09-20,18.86
JQ대흘1,2006-09-21,19.04
JQ대흘1,2006-09-22,19.29
JQ대흘1,2006-09-23,19.57
JQ대흘1,2006-09-24,19.84
JQ대흘1,2006-09-25,20.08
JQ대흘1,2006-09-26,20.28
JQ대흘1,2006-09-27,20.45
JQ대흘1,2006-09-28,20.58
JQ대흘1,2006-09-29,20.67
JQ대흘1,2006-09-30,20.73
JQ대흘1,2006-10-01,20.76
JQ대흘1,2006-10-02,20.79
JQ대흘1,2006-10-03,20.81
JQ대흘1,2006-10-04,20.8
JQ대흘1,2006-10-05,20.79
JQ대흘1,2006-10-06,20.78
JQ대흘1,2006-10-07,20.79
JQ대흘1,2006-10-08,20.8
JQ대흘1,2006-10-09,20.79
JQ대흘1,2006-10-10,20.77
JQ대흘1,2006-10-11,20.72
JQ대흘1,2006-10-12,20.69
JQ대흘1,2006-10-13,20.63
JQ대흘1,2006-10-14,20.56
JQ대흘1,2006-10-15,20.49
JQ대흘1,2006-10-16,20.43
JQ대흘1,2006-10-17,20.36
JQ대흘1,2006-10-18,20.28
JQ대흘1,2006-10-19,20.2
JQ대흘1,2006-10-20,20.12
JQ대흘1,2006-10-21,20.04
JQ대흘1,2006-10-22,19.9
JQ대흘1,2006-10-23,19.82
JQ대흘1,2006-10-24,19.79
JQ대흘1,2006-10-25,19.71
JQ대흘1,2006-10-26,19.6
JQ대흘1,2006-10-27,19.51
JQ대흘1,2006-10-28,19.39
JQ대흘1,2006-10-29,19.29
JQ대흘1,2006-10-30,19.19
JQ대흘1,2006-10-31,19.08
JQ대흘1,2006-11-01,18.97
JQ대흘1,2006-11-02,18.87
JQ대흘1,2006-11-03,18.77
JQ대흘1,2006-11-04,18.65
JQ대흘1,2006-11-05,18.53
JQ대흘1,2006-11-06,18.44
JQ대흘1,2006-11-07,18.39
JQ대흘1,2006-11-08,18.29
JQ대흘1,2006-11-09,18.18
JQ대흘1,2006-11-10,18.07
JQ대흘1,2006-11-11,17.95
JQ대흘1,2006-11-12,17.88
JQ대흘1,2006-11-13,17.74
JQ대흘1,2006-11-14,17.65
JQ대흘1,2006-11-15,17.57
JQ대흘1,2006-11-16,17.48
JQ대흘1,2006-11-17,17.38
JQ대흘1,2006-11-18,17.25
JQ대흘1,2006-11-19,17.12
JQ대흘1,2006-11-20,17.03
JQ대흘1,2006-11-21,16.94
JQ대흘1,2006-11-22,16.86
JQ대흘1,2006-11-23,16.74
JQ대흘1,2006-11-24,16.7
JQ대흘1,2006-11-25,16.57
JQ대흘1,2006-11-26,16.4
JQ대흘1,2006-11-27,16.31
JQ대흘1,2006-11-28,16.33
JQ대흘1,2006-11-29,16.33
JQ대흘1,2006-11-30,16.27
JQ대흘1,2006-12-01,16.18
JQ대흘1,2006-12-02,16.12
JQ대흘1,2006-12-03,16.1
JQ대흘1,2006-12-04,16.05
JQ대흘1,2006-12-05,15.98
JQ대흘1,2006-12-06,15.89
JQ대흘1,2006-12-07,15.74
JQ대흘1,2006-12-08,15.68
JQ대흘1,2006-12-09,15.66
JQ대흘1,2006-12-10,15.64
JQ대흘1,2006-12-11,15.59
JQ대흘1,2006-12-12,15.54
JQ대흘1,2006-12-13,15.48
JQ대흘1,2006-12-14,15.42
JQ대흘1,2006-12-15,15.38
JQ대흘1,2006-12-16,15.33
JQ대흘1,2006-12-17,15.3
JQ대흘1,2006-12-18,15.33
JQ대흘1,2006-12-19,15.3
JQ대흘1,2006-12-20,15.23
JQ대흘1,2006-12-21,15.15
JQ대흘1,2006-12-22,15.09
JQ대흘1,2006-12-23,15.04
JQ대흘1,2006-12-24,14.97
JQ대흘1,2006-12-25,14.91
JQ대흘1,2006-12-26,14.82
JQ대흘1,2006-12-27,14.77
JQ대흘1,2006-12-28,14.78
JQ대흘1,2006-12-29,14.78
JQ대흘1,2006-12-30,14.73
JQ대흘1,2006-12-31,14.67
JQ대흘1,2007-01-01,14.56
JQ대흘1,2007-01-02,14.49
JQ대흘1,2007-01-03,14.44
JQ대흘1,2007-01-04,14.44
JQ대흘1,2007-01-05,14.43
JQ대흘1,2007-01-06,14.36
JQ대흘1,2007-01-07,14.37
JQ대흘1,2007-01-08,14.36
JQ대흘1,2007-01-09,14.34
JQ대흘1,2007-01-10,14.31
JQ대흘1,2007-01-11,14.26
JQ대흘1,2007-01-12,14.19
JQ대흘1,2007-01-13,14.13
JQ대흘1,2007-01-14,14.09
JQ대흘1,2007-01-15,14.01
JQ대흘1,2007-01-16,13.93
JQ대흘1,2007-01-17,13.9
JQ대흘1,2007-01-18,13.89
JQ대흘1,2007-01-19,13.86
JQ대흘1,2007-01-20,13.8
JQ대흘1,2007-01-21,13.75
JQ대흘1,2007-01-22,13.71
JQ대흘1,2007-01-23,13.65
JQ대흘1,2007-01-24,13.59
JQ대흘1,2007-01-25,13.55
JQ대흘1,2007-01-26,13.46
JQ대흘1,2007-01-27,13.43
JQ대흘1,2007-01-28,13.38
JQ대흘1,2007-01-29,13.33
JQ대흘1,2007-01-30,13.26
JQ대흘1,2007-01-31,13.23
JQ대흘1,2007-02-01,13.15
JQ대흘1,2007-02-02,13.11
JQ대흘1,2007-02-03,13.04
JQ대흘1,2007-02-04,12.98
JQ대흘1,2007-02-05,12.91
JQ대흘1,2007-02-06,12.85
JQ대흘1,2007-02-07,12.82
JQ대흘1,2007-02-08,12.72
JQ대흘1,2007-02-09,12.65
JQ대흘1,2007-02-10,12.59
JQ대흘1,2007-02-11,12.57
JQ대흘1,2007-02-12,12.52
JQ대흘1,2007-02-13,12.42
JQ대흘1,2007-02-14,12.38
JQ대흘1,2007-02-15,12.42
JQ대흘1,2007-02-16,12.35
JQ대흘1,2007-02-17,12.25
JQ대흘1,2007-02-18,12.25
JQ대흘1,2007-02-19,12.27
JQ대흘1,2007-02-20,12.26
JQ대흘1,2007-02-21,12.25
JQ대흘1,2007-02-22,12.16
JQ대흘1,2007-02-23,12.14
JQ대흘1,2007-02-24,12.13
JQ대흘1,2007-02-25,12.07
JQ대흘1,2007-02-26,12.06
JQ대흘1,2007-02-27,12.03
JQ대흘1,2007-02-28,12.01
JQ대흘1,2007-03-01,11.95
JQ대흘1,2007-03-02,11.88
JQ대흘1,2007-03-03,11.83
JQ대흘1,2007-03-04,11.71
JQ대흘1,2007-03-05,11.75
JQ대흘1,2007-03-06,11.85
JQ대흘1,2007-03-07,11.84
JQ대흘1,2007-03-08,11.86
JQ대흘1,2007-03-09,11.87
JQ대흘1,2007-03-10,11.81
JQ대흘1,2007-03-11,11.84
JQ대흘1,2007-03-12,11.83
JQ대흘1,2007-03-13,11.79
JQ대흘1,2007-03-14,11.77
JQ대흘1,2007-03-15,11.74
JQ대흘1,2007-03-16,11.79
JQ대흘1,2007-03-17,11.84
JQ대흘1,2007-03-18,11.85
JQ대흘1,2007-03-19,11.85
JQ대흘1,2007-03-20,11.88
JQ대흘1,2007-03-21,11.9
JQ대흘1,2007-03-22,11.9
JQ대흘1,2007-03-23,11.87
JQ대흘1,2007-03-24,11.75
JQ대흘1,2007-03-25,11.81
JQ대흘1,2007-03-26,11.89
JQ대흘1,2007-03-27,11.9
JQ대흘1,2007-03-28,11.92
JQ대흘1,2007-03-29,11.9
JQ대흘1,2007-03-30,11.95
JQ대흘1,2007-03-31,11.92
JQ대흘1,2007-04-01,11.98
JQ대흘1,2007-04-02,12.04
JQ대흘1,2007-04-03,12.08
JQ대흘1,2007-04-04,12.11
JQ대흘1,2007-04-05,12.13
JQ대흘1,2007-04-06,12.1
JQ대흘1,2007-04-07,12.07
JQ대흘1,2007-04-08,12.05
JQ대흘1,2007-04-09,12.07
JQ대흘1,2007-04-10,12.05
JQ대흘1,2007-04-11,12.03
JQ대흘1,2007-04-12,12.0
JQ대흘1,2007-04-13,11.94
JQ대흘1,2007-04-14,11.94
JQ대흘1,2007-04-15,11.89
JQ대흘1,2007-04-16,11.86
JQ대흘1,2007-04-17,11.95
JQ대흘1,2007-04-18,11.94
JQ대흘1,2007-04-19,11.96
JQ대흘1,2007-04-20,11.91
JQ대흘1,2007-04-21,11.89
JQ대흘1,2007-04-22,11.85
JQ대흘1,2007-04-23,11.86
JQ대흘1,2007-04-24,11.84
JQ대흘1,2007-04-25,11.82
JQ대흘1,2007-04-26,11.83
JQ대흘1,2007-04-27,11.83
JQ대흘1,2007-04-28,11.81
JQ대흘1,2007-04-29,11.77
JQ대흘1,2007-04-30,11.67
JQ대흘1,2007-05-01,11.58
JQ대흘1,2007-05-02,11.63
JQ대흘1,2007-05-03,11.61
JQ대흘1,2007-05-04,11.55
JQ대흘1,2007-05-05,11.5
JQ대흘1,2007-05-06,11.44
JQ대흘1,2007-05-07,11.48
JQ대흘1,2007-05-08,11.51
JQ대흘1,2007-05-09,11.47
JQ대흘1,2007-05-10,11.49
JQ대흘1,2007-05-11,11.47
JQ대흘1,2007-05-12,11.39
JQ대흘1,2007-05-13,11.41
JQ대흘1,2007-05-14,11.36
JQ대흘1,2007-05-15,11.33
JQ대흘1,2007-05-16,11.22
JQ대흘1,2007-05-17,11.17
JQ대흘1,2007-05-18,11.16
JQ대흘1,2007-05-19,11.2
JQ대흘1,2007-05-20,11.2
JQ대흘1,2007-05-21,11.17
JQ대흘1,2007-05-22,11.13
JQ대흘1,2007-05-23,11.07
JQ대흘1,2007-05-24,10.97
JQ대흘1,2007-05-25,10.92
JQ대흘1,2007-05-26,10.94
JQ대흘1,2007-05-27,10.91
JQ대흘1,2007-05-28,10.9
JQ대흘1,2007-05-29,10.86
JQ대흘1,2007-05-30,10.83
JQ대흘1,2007-05-31,10.8
JQ대흘1,2007-06-01,10.75
JQ대흘1,2007-06-02,10.7
JQ대흘1,2007-06-03,10.7
JQ대흘1,2007-06-04,10.68
JQ대흘1,2007-06-05,10.64
JQ대흘1,2007-06-06,10.61
JQ대흘1,2007-06-07,10.57
JQ대흘1,2007-06-08,10.53
JQ대흘1,2007-06-09,10.5
JQ대흘1,2007-06-10,10.47
JQ대흘1,2007-06-11,10.44
JQ대흘1,2007-06-12,10.39
JQ대흘1,2007-06-13,10.31
JQ대흘1,2007-06-14,10.31
JQ대흘1,2007-06-15,10.34
JQ대흘1,2007-06-16,10.37
JQ대흘1,2007-06-17,10.37
JQ대흘1,2007-06-18,10.37
JQ대흘1,2007-06-19,10.37
JQ대흘1,2007-06-20,10.33
JQ대흘1,2007-06-21,10.26
JQ대흘1,2007-06-22,10.19
JQ대흘1,2007-06-23,10.19
JQ대흘1,2007-06-24,10.11
JQ대흘1,2007-06-25,10.08
JQ대흘1,2007-06-26,10.08
JQ대흘1,2007-06-27,10.07
JQ대흘1,2007-06-28,10.03
JQ대흘1,2007-06-29,10.0
JQ대흘1,2007-06-30,10.0
JQ대흘1,2007-07-01,9.95
JQ대흘1,2007-07-02,9.94
JQ대흘1,2007-07-03,9.96
JQ대흘1,2007-07-04,9.94
JQ대흘1,2007-07-05,10.02
JQ대흘1,2007-07-06,10.05
JQ대흘1,2007-07-07,10.19
JQ대흘1,2007-07-08,10.35
JQ대흘1,2007-07-09,10.48
JQ대흘1,2007-07-10,10.65
JQ대흘1,2007-07-11,10.91
JQ대흘1,2007-07-12,11.16
JQ대흘1,2007-07-13,11.36
JQ대흘1,2007-07-14,11.54
JQ대흘1,2007-07-15,11.86
JQ대흘1,2007-07-16,12.14
JQ대흘1,2007-07-17,12.42
JQ대흘1,2007-07-18,12.64
JQ대흘1,2007-07-19,12.81
JQ대흘1,2007-07-20,12.98
JQ대흘1,2007-07-21,13.13
JQ대흘1,2007-07-22,13.24
JQ대흘1,2007-07-23,13.34
JQ대흘1,2007-07-24,13.39
JQ대흘1,2007-07-25,13.43
JQ대흘1,2007-07-26,13.46
JQ대흘1,2007-07-27,13.47
JQ대흘1,2007-07-28,13.47
JQ대흘1,2007-07-29,13.46
JQ대흘1,2007-07-30,13.46
JQ대흘1,2007-07-31,13.43
JQ대흘1,2007-08-01,13.4
JQ대흘1,2007-08-02,13.38
JQ대흘1,2007-08-03,13.37
JQ대흘1,2007-08-04,13.37
JQ대흘1,2007-08-05,13.37
JQ대흘1,2007-08-06,13.37
JQ대흘1,2007-08-07,13.37
JQ대흘1,2007-08-08,13.36
JQ대흘1,2007-08-09,13.36
JQ대흘1,2007-08-10,13.33
JQ대흘1,2007-08-11,13.27
JQ대흘1,2007-08-12,13.28
JQ대흘1,2007-08-13,13.41
JQ대흘1,2007-08-14,13.6
JQ대흘1,2007-08-15,13.83
JQ대흘1,2007-08-16,14.03
JQ대흘1,2007-08-17,14.2
JQ대흘1,2007-08-18,14.38
JQ대흘1,2007-08-19,14.62
JQ대흘1,2007-08-20,14.9
JQ대흘1,2007-08-21,15.16
JQ대흘1,2007-08-22,15.41
JQ대흘1,2007-08-23,15.63
JQ대흘1,2007-08-24,15.84
JQ대흘1,2007-08-25,16.01
JQ대흘1,2007-08-26,16.14
JQ대흘1,2007-08-27,16.24
JQ대흘1,2007-08-28,16.34
JQ대흘1,2007-08-29,16.43
JQ대흘1,2007-08-30,16.53
JQ대흘1,2007-08-31,16.68
JQ대흘1,2007-09-01,16.78
JQ대흘1,2007-09-02,16.91
JQ대흘1,2007-09-03,17.05
JQ대흘1,2007-09-04,17.16
JQ대흘1,2007-09-05,17.27
JQ대흘1,2007-09-06,17.47
JQ대흘1,2007-09-07,17.76
JQ대흘1,2007-09-08,18.08
JQ대흘1,2007-09-09,18.4
JQ대흘1,2007-09-10,18.75
JQ대흘1,2007-09-11,19.12
JQ대흘1,2007-09-12,19.5
JQ대흘1,2007-09-13,19.88
JQ대흘1,2007-09-14,20.22
JQ대흘1,2007-09-15,20.58
JQ대흘1,2007-09-16,21.0
JQ대흘1,2007-09-17,21.84
JQ대흘1,2007-09-18,22.72
JQ대흘1,2007-09-19,23.65
JQ대흘1,2007-09-20,24.67
JQ대흘1,2007-09-21,25.7
JQ대흘1,2007-09-22,26.63
JQ대흘1,2007-09-23,27.43
JQ대흘1,2007-09-24,28.11
JQ대흘1,2007-09-25,28.71
JQ대흘1,2007-09-26,29.23
JQ대흘1,2007-09-27,29.68
JQ대흘1,2007-09-28,30.08
JQ대흘1,2007-09-29,30.43
JQ대흘1,2007-09-30,30.71
JQ대흘1,2007-10-01,30.95
JQ대흘1,2007-10-02,31.17
JQ대흘1,2007-10-03,31.37
JQ대흘1,2007-10-04,31.54
JQ대흘1,2007-10-05,31.68
JQ대흘1,2007-10-06,31.8
JQ대흘1,2007-10-07,31.91
JQ대흘1,2007-10-08,32.03
JQ대흘1,2007-10-09,32.16
JQ대흘1,2007-10-10,32.29
JQ대흘1,2007-10-11,32.43
JQ대흘1,2007-10-12,32.56
JQ대흘1,2007-10-13,32.66
JQ대흘1,2007-10-14,32.74
JQ대흘1,2007-10-15,32.81
JQ대흘1,2007-10-16,32.87
JQ대흘1,2007-10-17,32.9
JQ대흘1,2007-10-18,32.91
JQ대흘1,2007-10-19,32.9
JQ대흘1,2007-10-20,32.89
JQ대흘1,2007-10-21,32.87
JQ대흘1,2007-10-22,32.81
JQ대흘1,2007-10-23,32.77
JQ대흘1,2007-10-24,32.7
JQ대흘1,2007-10-25,32.6
JQ대흘1,2007-10-26,32.5
JQ대흘1,2007-10-27,32.42
JQ대흘1,2007-10-28,32.32
JQ대흘1,2007-10-29,32.26
JQ대흘1,2007-10-30,32.17
JQ대흘1,2007-10-31,32.05
JQ대흘1,2007-11-01,31.93
JQ대흘1,2007-11-02,31.8
JQ대흘1,2007-11-03,31.67
JQ대흘1,2007-11-04,31.55
JQ대흘1,2007-11-05,31.39
JQ대흘1,2007-11-06,31.23
JQ대흘1,2007-11-07,31.07
JQ대흘1,2007-11-08,30.91
JQ대흘1,2007-11-09,30.75
JQ대흘1,2007-11-10,30.6
JQ대흘1,2007-11-11,30.43
JQ대흘1,2007-11-12,30.26
JQ대흘1,2007-11-13,30.1
JQ대흘1,2007-11-14,29.94
JQ대흘1,2007-11-15,29.79
JQ대흘1,2007-11-16,29.62
JQ대흘1,2007-11-17,29.42
JQ대흘1,2007-11-18,29.27
JQ대흘1,2007-11-19,29.13
JQ대흘1,2007-11-20,28.94
JQ대흘1,2007-11-21,28.79
JQ대흘1,2007-11-22,28.63
JQ대흘1,2007-11-23,28.43
JQ대흘1,2007-11-24,28.25
JQ대흘1,2007-11-25,28.07
JQ대흘1,2007-11-26,27.87
JQ대흘1,2007-11-27,27.66
JQ대흘1,2007-11-28,27.47
JQ대흘1,2007-11-29,27.31
JQ대흘1,2007-11-30,27.17
JQ대흘1,2007-12-01,26.99
JQ대흘1,2007-12-02,26.77
JQ대흘1,2007-12-03,26.61
JQ대흘1,2007-12-04,26.48
JQ대흘1,2007-12-05,26.3
JQ대흘1,2007-12-06,26.06
JQ대흘1,2007-12-07,25.87
JQ대흘1,2007-12-08,25.71
JQ대흘1,2007-12-09,25.53
JQ대흘1,2007-12-10,25.32
JQ대흘1,2007-12-11,25.11
JQ대흘1,2007-12-12,24.92
JQ대흘1,2007-12-13,24.73
JQ대흘1,2007-12-14,24.58
JQ대흘1,2007-12-15,24.43
JQ대흘1,2007-12-16,24.29
JQ대흘1,2007-12-17,24.09
JQ대흘1,2007-12-18,23.9
JQ대흘1,2007-12-19,23.71
JQ대흘1,2007-12-20,23.53
JQ대흘1,2007-12-21,23.35
JQ대흘1,2007-12-22,23.13
JQ대흘1,2007-12-23,22.98
JQ대흘1,2007-12-24,22.82
JQ대흘1,2007-12-25,22.63
JQ대흘1,2007-12-26,22.47
JQ대흘1,2007-12-27,22.25
JQ대흘1,2007-12-28,22.04
JQ대흘1,2007-12-29,21.89
JQ대흘1,2007-12-30,21.71
JQ대흘1,2007-12-31,21.58
JQ대흘1,2008-01-01,21.46
JQ대흘1,2008-01-03,21.13
JQ대흘1,2008-01-04,20.96
JQ대흘1,2008-01-05,20.82
JQ대흘1,2008-01-06,20.66
JQ대흘1,2008-01-07,20.48
JQ대흘1,2008-01-08,20.28
JQ대흘1,2008-01-09,20.15
JQ대흘1,2008-01-10,20.01
JQ대흘1,2008-01-11,19.83
JQ대흘1,2008-01-13,19.57
JQ대흘1,2008-01-15,19.33
JQ대흘1,2008-01-17,19.02
JQ대흘1,2008-01-18,18.89
JQ대흘1,2008-01-19,18.69
JQ대흘1,2008-01-20,18.55
JQ대흘1,2008-01-21,18.43
JQ대흘1,2008-01-22,18.37
JQ대흘1,2008-01-23,18.35
JQ대흘1,2008-01-24,18.38
JQ대흘1,2008-01-25,18.36
JQ대흘1,2008-01-26,18.32
JQ대흘1,2008-01-27,18.27
JQ대흘1,2008-01-28,18.19
JQ대흘1,2008-01-29,18.15
JQ대흘1,2008-01-30,18.19
JQ대흘1,2008-01-31,18.22
JQ대흘1,2008-02-01,18.21
JQ대흘1,2008-02-02,18.15
JQ대흘1,2008-02-03,18.11
JQ대흘1,2008-02-04,18.13
JQ대흘1,2008-02-05,18.11
JQ대흘1,2008-02-06,18.05
JQ대흘1,2008-02-07,18.02
JQ대흘1,2008-02-08,18.0
JQ대흘1,2008-02-09,17.95
JQ대흘1,2008-02-10,17.91
JQ대흘1,2008-02-11,17.84
JQ대흘1,2008-02-12,17.79
JQ대흘1,2008-02-13,17.77
JQ대흘1,2008-02-14,17.7
JQ대흘1,2008-02-15,17.64
JQ대흘1,2008-02-16,17.6
JQ대흘1,2008-02-17,17.55
JQ대흘1,2008-02-18,17.49
JQ대흘1,2008-02-19,17.39
JQ대흘1,2008-02-20,17.3
JQ대흘1,2008-02-21,17.2
JQ대흘1,2008-02-22,17.07
JQ대흘1,2008-02-23,17.02
JQ대흘1,2008-02-24,17.0
JQ대흘1,2008-02-25,16.88
JQ대흘1,2008-02-26,16.77
JQ대흘1,2008-02-27,16.76
JQ대흘1,2008-02-28,16.66
JQ대흘1,2008-03-01,16.47
JQ대흘1,2008-03-02,16.38
JQ대흘1,2008-03-03,16.31
JQ대흘1,2008-03-04,16.26
JQ대흘1,2008-03-05,16.24
JQ대흘1,2008-03-06,16.16
JQ대흘1,2008-03-07,16.09
JQ대흘1,2008-03-08,16.0
JQ대흘1,2008-03-09,15.87
JQ대흘1,2008-03-10,15.79
JQ대흘1,2008-03-11,15.71
JQ대흘1,2008-03-12,15.64
JQ대흘1,2008-03-13,15.52
JQ대흘1,2008-03-14,15.45
JQ대흘1,2008-03-15,15.36
JQ대흘1,2008-03-16,15.27
JQ대흘1,2008-03-17,15.17
JQ대흘1,2008-03-18,15.07
JQ대흘1,2008-03-19,15.01
JQ대흘1,2008-03-20,15.01
JQ대흘1,2008-03-21,14.95
JQ대흘1,2008-03-22,14.84
JQ대흘1,2008-03-23,14.72
JQ대흘1,2008-03-24,14.71
JQ대흘1,2008-03-25,14.64
JQ대흘1,2008-03-26,14.58
JQ대흘1,2008-03-27,14.51
JQ대흘1,2008-03-28,14.51
JQ대흘1,2008-03-29,14.45
JQ대흘1,2008-03-30,14.35
JQ대흘1,2008-03-31,14.34
JQ대흘1,2008-04-01,14.33
JQ대흘1,2008-04-02,14.23
JQ대흘1,2008-04-03,14.19
JQ대흘1,2008-04-04,14.15
JQ대흘1,2008-04-05,14.11
JQ대흘1,2008-04-06,14.0
JQ대흘1,2008-04-07,13.91
JQ대흘1,2008-04-08,13.89
JQ대흘1,2008-04-09,13.74
JQ대흘1,2008-04-10,13.75
JQ대흘1,2008-04-11,13.84
JQ대흘1,2008-04-12,13.83
JQ대흘1,2008-04-13,13.79
JQ대흘1,2008-04-14,13.77
JQ대흘1,2008-04-15,13.74
JQ대흘1,2008-04-16,13.68
JQ대흘1,2008-04-17,13.65
JQ대흘1,2008-04-18,13.67
JQ대흘1,2008-04-19,13.66
JQ대흘1,2008-04-20,13.63
JQ대흘1,2008-04-21,13.58
JQ대흘1,2008-04-22,13.55
JQ대흘1,2008-04-23,13.51
JQ대흘1,2008-04-24,13.51
JQ대흘1,2008-04-25,13.47
JQ대흘1,2008-04-26,13.44
JQ대흘1,2008-04-27,13.43
JQ대흘1,2008-04-28,13.4
JQ대흘1,2008-04-29,13.38
JQ대흘1,2008-04-30,13.35
JQ대흘1,2008-05-01,13.27
JQ대흘1,2008-05-02,13.24
JQ대흘1,2008-05-03,13.22
JQ대흘1,2008-05-04,13.13
JQ대흘1,2008-05-05,13.14
JQ대흘1,2008-05-06,13.16
JQ대흘1,2008-05-07,13.12
JQ대흘1,2008-05-08,13.08
JQ대흘1,2008-05-09,13.06
JQ대흘1,2008-05-10,13.06
JQ대흘1,2008-05-11,13.05
JQ대흘1,2008-05-12,12.99
JQ대흘1,2008-05-13,12.96
JQ대흘1,2008-05-14,12.95
JQ대흘1,2008-05-15,12.92
JQ대흘1,2008-05-16,12.85
JQ대흘1,2008-05-17,12.79
JQ대흘1,2008-05-18,12.72
JQ대흘1,2008-05-19,12.43
JQ대흘1,2008-05-20,12.44
JQ대흘1,2008-05-21,12.43
JQ대흘1,2008-05-22,12.4
JQ대흘1,2008-05-23,12.4
JQ대흘1,2008-05-24,12.38
JQ대흘1,2008-05-25,12.35
JQ대흘1,2008-05-26,12.32
JQ대흘1,2008-05-27,12.3
JQ대흘1,2008-05-28,12.29
JQ대흘1,2008-05-29,12.31
JQ대흘1,2008-05-30,12.3
JQ대흘1,2008-05-31,12.35
JQ대흘1,2008-06-01,12.38
JQ대흘1,2008-06-02,12.4
JQ대흘1,2008-06-03,12.41
JQ대흘1,2008-06-04,12.43
JQ대흘1,2008-06-05,12.44
JQ대흘1,2008-06-06,12.44
JQ대흘1,2008-06-07,12.44
JQ대흘1,2008-06-08,12.44
JQ대흘1,2008-06-09,12.42
JQ대흘1,2008-06-10,12.41
JQ대흘1,2008-06-11,12.4
JQ대흘1,2008-06-12,12.38
JQ대흘1,2008-06-13,12.36
JQ대흘1,2008-06-14,12.33
JQ대흘1,2008-06-15,12.31
JQ대흘1,2008-06-16,12.31
JQ대흘1,2008-06-17,12.31
JQ대흘1,2008-06-18,12.34
JQ대흘1,2008-06-19,12.38
JQ대흘1,2008-06-20,12.44
JQ대흘1,2008-06-21,12.51
JQ대흘1,2008-06-22,12.62
JQ대흘1,2008-06-23,12.74
JQ대흘1,2008-06-24,12.85
JQ대흘1,2008-06-25,12.96
JQ대흘1,2008-06-26,13.06
JQ대흘1,2008-06-27,13.17
JQ대흘1,2008-06-28,13.31
JQ대흘1,2008-06-29,13.45
JQ대흘1,2008-06-30,13.62
JQ대흘1,2008-07-01,13.79
JQ대흘1,2008-07-02,13.96
JQ대흘1,2008-07-03,14.13
JQ대흘1,2008-07-04,14.3
JQ대흘1,2008-07-05,14.47
JQ대흘1,2008-07-06,14.63
JQ대흘1,2008-07-07,14.76
JQ대흘1,2008-07-08,14.9
JQ대흘1,2008-07-09,15.03
JQ대흘1,2008-07-10,15.15
JQ대흘1,2008-07-11,15.26
JQ대흘1,2008-07-12,15.35
JQ대흘1,2008-07-13,15.43
JQ대흘1,2008-07-14,15.49
JQ대흘1,2008-07-15,15.55
JQ대흘1,2008-07-16,15.6
JQ대흘1,2008-07-17,15.63
JQ대흘1,2008-07-18,15.66
JQ대흘1,2008-07-19,15.68
JQ대흘1,2008-07-20,15.69
JQ대흘1,2008-07-21,15.7
JQ대흘1,2008-07-22,15.71
JQ대흘1,2008-07-23,15.7
JQ대흘1,2008-07-24,15.69
JQ대흘1,2008-07-25,15.68
JQ대흘1,2008-07-26,15.66
JQ대흘1,2008-07-27,15.63
JQ대흘1,2008-07-28,15.6
JQ대흘1,2008-07-29,15.57
JQ대흘1,2008-07-30,15.53
JQ대흘1,2008-07-31,15.5
JQ대흘1,2008-08-01,15.46
JQ대흘1,2008-08-02,15.43
JQ대흘1,2008-08-03,15.39
JQ대흘1,2008-08-04,15.34
JQ대흘1,2008-08-05,15.3
JQ대흘1,2008-08-06,15.25
JQ대흘1,2008-08-07,15.19
JQ대흘1,2008-08-08,15.14
JQ대흘1,2008-08-09,15.09
JQ대흘1,2008-08-10,15.06
JQ대흘1,2008-08-11,15.05
JQ대흘1,2008-08-12,15.04
JQ대흘1,2008-08-13,15.03
JQ대흘1,2008-08-14,15.04
JQ대흘1,2008-08-15,15.05
JQ대흘1,2008-08-16,15.06
JQ대흘1,2008-08-17,15.05
JQ대흘1,2008-08-18,15.04
JQ대흘1,2008-08-19,15.01
JQ대흘1,2008-08-20,14.98
JQ대흘1,2008-08-21,14.95
JQ대흘1,2008-08-22,14.92
JQ대흘1,2008-08-23,14.87
JQ대흘1,2008-08-24,14.82
JQ대흘1,2008-08-25,14.77
JQ대흘1,2008-08-26,14.71
JQ대흘1,2008-08-27,14.65
JQ대흘1,2008-08-28,14.59
JQ대흘1,2008-08-29,14.52
JQ대흘1,2008-08-30,14.47
JQ대흘1,2008-08-31,14.4
JQ대흘1,2008-09-01,14.35
JQ대흘1,2008-09-02,14.27
JQ대흘1,2008-09-03,14.21
JQ대흘1,2008-09-04,14.14
JQ대흘1,2008-09-05,14.07
JQ대흘1,2008-09-06,14.01
JQ대흘1,2008-09-07,13.95
JQ대흘1,2008-09-08,13.88
JQ대흘1,2008-09-09,13.82
JQ대흘1,2008-09-10,13.76
JQ대흘1,2008-09-11,13.69
JQ대흘1,2008-09-12,13.62
JQ대흘1,2008-09-13,13.55
JQ대흘1,2008-09-14,13.49
JQ대흘1,2008-09-15,13.45
JQ대흘1,2008-09-16,13.42
JQ대흘1,2008-09-17,13.4
JQ대흘1,2008-09-18,13.36
JQ대흘1,2008-09-19,13.32
JQ대흘1,2008-09-20,13.27
JQ대흘1,2008-09-21,13.22
JQ대흘1,2008-09-22,13.16
JQ대흘1,2008-09-23,13.11
JQ대흘1,2008-09-24,13.05
JQ대흘1,2008-09-25,12.99
JQ대흘1,2008-09-26,12.93
JQ대흘1,2008-09-27,12.88
JQ대흘1,2008-09-28,12.82
JQ대흘1,2008-09-29,12.77
JQ대흘1,2008-09-30,12.72
JQ대흘1,2008-10-01,12.68
JQ대흘1,2008-10-02,12.65
JQ대흘1,2008-10-03,12.6
JQ대흘1,2008-10-04,12.55
JQ대흘1,2008-10-05,12.51
JQ대흘1,2008-10-06,12.46
JQ대흘1,2008-10-07,12.41
JQ대흘1,2008-10-08,12.36
JQ대흘1,2008-10-09,12.32
JQ대흘1,2008-10-10,12.28
JQ대흘1,2008-10-11,12.22
JQ대흘1,2008-10-12,12.18
JQ대흘1,2008-10-13,12.14
JQ대흘1,2008-10-14,12.09
JQ대흘1,2008-10-15,12.05
JQ대흘1,2008-10-16,12.01
JQ대흘1,2008-10-17,11.97
JQ대흘1,2008-10-18,11.93
JQ대흘1,2008-10-19,11.89
JQ대흘1,2008-10-20,11.85
JQ대흘1,2008-10-21,11.82
JQ대흘1,2008-10-22,11.8
JQ대흘1,2008-10-23,11.77
JQ대흘1,2008-10-24,11.74
JQ대흘1,2008-10-25,11.72
JQ대흘1,2008-10-26,11.68
JQ대흘1,2008-10-27,11.64
JQ대흘1,2008-10-28,11.61
JQ대흘1,2008-10-29,11.58
JQ대흘1,2008-10-30,11.54
JQ대흘1,2008-10-31,11.51
JQ대흘1,2008-11-01,11.47
JQ대흘1,2008-11-02,11.44
JQ대흘1,2008-11-03,11.4
JQ대흘1,2008-11-04,11.37
JQ대흘1,2008-11-05,11.33
JQ대흘1,2008-11-06,11.3
JQ대흘1,2008-11-07,11.27
JQ대흘1,2008-11-08,11.26
JQ대흘1,2008-11-09,11.24
JQ대흘1,2008-11-10,11.22
JQ대흘1,2008-11-11,11.19
JQ대흘1,2008-11-12,11.16
JQ대흘1,2008-11-13,11.14
JQ대흘1,2008-11-14,11.11
JQ대흘1,2008-11-15,11.09
JQ대흘1,2008-11-16,11.06
JQ대흘1,2008-11-17,11.03
JQ대흘1,2008-11-18,11.0
JQ대흘1,2008-11-19,10.96
JQ대흘1,2008-11-20,10.94
JQ대흘1,2008-11-21,10.89
JQ대흘1,2008-11-22,10.86
JQ대흘1,2008-11-23,10.82
JQ대흘1,2008-11-24,10.79
JQ대흘1,2008-11-25,10.78
JQ대흘1,2008-11-26,10.77
JQ대흘1,2008-11-27,10.76
JQ대흘1,2008-11-28,10.74
JQ대흘1,2008-11-29,10.72
JQ대흘1,2008-11-30,10.69
JQ대흘1,2008-12-01,10.68
JQ대흘1,2008-12-02,10.65
JQ대흘1,2008-12-03,10.62
JQ대흘1,2008-12-04,10.59
JQ대흘1,2008-12-05,10.56
JQ대흘1,2008-12-06,10.53
JQ대흘1,2008-12-07,10.51
JQ대흘1,2008-12-08,10.49
JQ대흘1,2008-12-09,10.46
JQ대흘1,2008-12-10,10.44
JQ대흘1,2008-12-11,10.42
JQ대흘1,2008-12-12,10.39
JQ대흘1,2008-12-13,10.37
JQ대흘1,2008-12-14,10.34
JQ대흘1,2008-12-15,10.32
JQ대흘1,2008-12-16,10.31
JQ대흘1,2008-12-17,10.28
JQ대흘1,2008-12-18,10.25
JQ대흘1,2008-12-19,10.23
JQ대흘1,2008-12-20,10.2
JQ대흘1,2008-12-21,10.17
JQ대흘1,2008-12-22,10.14
JQ대흘1,2008-12-23,10.13
JQ대흘1,2008-12-24,10.11
JQ대흘1,2008-12-25,10.08
JQ대흘1,2008-12-26,10.06
JQ대흘1,2008-12-27,10.04
JQ대흘1,2008-12-28,10.02
JQ대흘1,2008-12-29,10.0
JQ대흘1,2008-12-30,9.98
JQ대흘1,2008-12-31,9.96
JQ대흘1,2009-01-01,9.93
JQ대흘1,2009-01-02,9.92
JQ대흘1,2009-01-03,9.9
JQ대흘1,2009-01-04,9.87
JQ대흘1,2009-01-05,9.84
JQ대흘1,2009-01-06,9.82
JQ대흘1,2009-01-07,9.8
JQ대흘1,2009-01-08,9.78
JQ대흘1,2009-01-09,9.77
JQ대흘1,2009-01-10,9.74
JQ대흘1,2009-01-11,9.72
JQ대흘1,2009-01-12,9.7
JQ대흘1,2009-01-13,9.7
JQ대흘1,2009-01-14,9.68
JQ대흘1,2009-01-15,9.65
JQ대흘1,2009-01-16,9.63
JQ대흘1,2009-01-17,9.6
JQ대흘1,2009-01-18,9.58
JQ대흘1,2009-01-19,9.54
JQ대흘1,2009-01-20,9.53
JQ대흘1,2009-01-21,9.51
JQ대흘1,2009-01-22,9.49
JQ대흘1,2009-01-23,9.46
JQ대흘1,2009-01-24,9.44
JQ대흘1,2009-01-25,9.42
JQ대흘1,2009-01-26,9.39
JQ대흘1,2009-01-27,9.39
JQ대흘1,2009-01-28,9.37
JQ대흘1,2009-01-29,9.36
JQ대흘1,2009-01-30,9.35
JQ대흘1,2009-01-31,9.37
JQ대흘1,2009-02-01,9.38
JQ대흘1,2009-02-02,9.39
JQ대흘1,2009-02-03,9.38
JQ대흘1,2009-02-04,9.39
JQ대흘1,2009-02-05,9.39
JQ대흘1,2009-02-06,9.39
JQ대흘1,2009-02-07,9.38
JQ대흘1,2009-02-08,9.37
JQ대흘1,2009-02-09,9.36
JQ대흘1,2009-02-10,9.37
JQ대흘1,2009-02-11,9.37
JQ대흘1,2009-02-12,9.37
JQ대흘1,2009-02-13,9.37
JQ대흘1,2009-02-14,9.35
JQ대흘1,2009-02-15,9.35
JQ대흘1,2009-02-16,9.34
JQ대흘1,2009-02-17,9.32
JQ대흘1,2009-02-18,9.32
JQ대흘1,2009-02-19,9.32
JQ대흘1,2009-02-20,9.33
JQ대흘1,2009-02-21,9.37
JQ대흘1,2009-02-22,9.41
JQ대흘1,2009-02-23,9.44
JQ대흘1,2009-02-24,9.51
JQ대흘1,2009-02-25,9.55
JQ대흘1,2009-02-26,9.61
JQ대흘1,2009-02-27,9.65
JQ대흘1,2009-02-28,9.69
JQ대흘1,2009-03-01,9.71
JQ대흘1,2009-03-02,9.74
JQ대흘1,2009-03-03,9.77
JQ대흘1,2009-03-04,9.8
JQ대흘1,2009-03-05,9.84
JQ대흘1,2009-03-06,9.86
JQ대흘1,2009-03-07,9.9
JQ대흘1,2009-03-08,9.92
JQ대흘1,2009-03-09,9.94
JQ대흘1,2009-03-10,9.96
JQ대흘1,2009-03-11,9.98
JQ대흘1,2009-03-12,10.01
JQ대흘1,2009-03-13,10.04
JQ대흘1,2009-03-14,10.07
JQ대흘1,2009-03-15,10.12
JQ대흘1,2009-03-16,10.15
JQ대흘1,2009-03-17,10.18
JQ대흘1,2009-03-18,10.2
JQ대흘1,2009-03-19,10.23
JQ대흘1,2009-03-20,10.24
JQ대흘1,2009-03-21,10.28
JQ대흘1,2009-03-22,10.28
JQ대흘1,2009-03-23,10.31
JQ대흘1,2009-03-24,10.34
JQ대흘1,2009-03-25,10.36
JQ대흘1,2009-03-26,10.38
JQ대흘1,2009-03-27,10.4
JQ대흘1,2009-03-28,10.41
JQ대흘1,2009-03-29,10.42
JQ대흘1,2009-03-30,10.44
JQ대흘1,2009-03-31,10.45
JQ대흘1,2009-04-01,10.45
JQ대흘1,2009-04-02,10.46
JQ대흘1,2009-04-03,10.47
JQ대흘1,2009-04-04,10.47
JQ대흘1,2009-04-05,10.47
JQ대흘1,2009-04-06,10.47
JQ대흘1,2009-04-07,10.47
JQ대흘1,2009-04-08,10.47
JQ대흘1,2009-04-09,10.47
JQ대흘1,2009-04-10,10.47
JQ대흘1,2009-04-11,10.47
JQ대흘1,2009-04-12,10.47
JQ대흘1,2009-04-13,10.47
JQ대흘1,2009-04-14,10.5
JQ대흘1,2009-04-15,10.55
JQ대흘1,2009-04-16,10.58
JQ대흘1,2009-04-17,10.59
JQ대흘1,2009-04-18,10.6
JQ대흘1,2009-04-19,10.6
JQ대흘1,2009-04-20,10.62
JQ대흘1,2009-04-21,10.6
JQ대흘1,2009-04-22,10.61
JQ대흘1,2009-04-23,10.62
JQ대흘1,2009-04-24,10.63
JQ대흘1,2009-04-25,10.65
JQ대흘1,2009-04-26,10.7
JQ대흘1,2009-04-27,10.74
JQ대흘1,2009-04-28,10.77
JQ대흘1,2009-04-29,10.79
JQ대흘1,2009-04-30,10.8
JQ대흘1,2009-05-01,10.82
JQ대흘1,2009-05-02,10.84
JQ대흘1,2009-05-03,10.85
JQ대흘1,2009-05-04,10.86
JQ대흘1,2009-05-05,10.88
JQ대흘1,2009-05-06,10.89
JQ대흘1,2009-05-07,10.9
JQ대흘1,2009-05-08,10.91
JQ대흘1,2009-05-09,10.92
JQ대흘1,2009-05-10,10.93
JQ대흘1,2009-05-11,10.95
JQ대흘1,2009-05-12,10.96
JQ대흘1,2009-05-13,10.97
JQ대흘1,2009-05-14,10.98
JQ대흘1,2009-05-15,10.98
JQ대흘1,2009-05-16,11.01
JQ대흘1,2009-05-17,10.96
JQ대흘1,2009-05-18,10.87
JQ대흘1,2009-05-19,10.88
JQ대흘1,2009-05-20,10.89
JQ대흘1,2009-05-21,10.91
JQ대흘1,2009-05-22,10.93
JQ대흘1,2009-05-23,10.96
JQ대흘1,2009-05-24,10.98
JQ대흘1,2009-05-25,10.99
JQ대흘1,2009-05-26,11.0
JQ대흘1,2009-05-27,11.01
JQ대흘1,2009-05-28,11.01
JQ대흘1,2009-05-29,11.01
JQ대흘1,2009-05-30,11.01
JQ대흘1,2009-05-31,11.0
JQ대흘1,2009-06-01,10.99
JQ대흘1,2009-06-02,10.98
JQ대흘1,2009-06-03,10.97
JQ대흘1,2009-06-04,10.95
JQ대흘1,2009-06-05,10.94
JQ대흘1,2009-06-06,10.92
JQ대흘1,2009-06-07,10.9
JQ대흘1,2009-06-08,10.88
JQ대흘1,2009-06-09,10.88
JQ대흘1,2009-06-10,10.87
JQ대흘1,2009-06-11,10.85
JQ대흘1,2009-06-12,10.83
JQ대흘1,2009-06-13,10.81
JQ대흘1,2009-06-14,10.78
JQ대흘1,2009-06-15,10.75
JQ대흘1,2009-06-16,10.72
JQ대흘1,2009-06-17,10.69
JQ대흘1,2009-06-18,10.66
JQ대흘1,2009-06-19,10.62
JQ대흘1,2009-06-20,10.58
JQ대흘1,2009-06-21,10.57
JQ대흘1,2009-06-22,10.59
JQ대흘1,2009-06-23,10.61
JQ대흘1,2009-06-24,10.62
JQ대흘1,2009-06-25,10.62
JQ대흘1,2009-06-26,10.61
JQ대흘1,2009-06-27,10.6
JQ대흘1,2009-06-28,10.58
JQ대흘1,2009-06-29,10.56
JQ대흘1,2009-06-30,10.56
JQ대흘1,2009-07-01,10.6
JQ대흘1,2009-07-02,10.65
JQ대흘1,2009-07-03,10.67
JQ대흘1,2009-07-04,10.68
JQ대흘1,2009-07-05,10.69
JQ대흘1,2009-07-06,10.7
JQ대흘1,2009-07-07,10.72
JQ대흘1,2009-07-08,10.74
JQ대흘1,2009-07-09,10.75
JQ대흘1,2009-07-10,10.75
JQ대흘1,2009-07-11,10.77
JQ대흘1,2009-07-12,10.77
JQ대흘1,2009-07-13,10.76
JQ대흘1,2009-07-14,10.75
JQ대흘1,2009-07-15,10.73
JQ대흘1,2009-07-16,10.72
JQ대흘1,2009-07-17,10.71
JQ대흘1,2009-07-18,10.71
JQ대흘1,2009-07-19,10.7
JQ대흘1,2009-07-20,10.69
JQ대흘1,2009-07-21,10.69
JQ대흘1,2009-07-22,10.67
JQ대흘1,2009-07-23,10.67
JQ대흘1,2009-07-24,10.68
JQ대흘1,2009-07-25,10.73
JQ대흘1,2009-07-26,10.77
JQ대흘1,2009-07-27,10.8
JQ대흘1,2009-07-28,10.83
JQ대흘1,2009-07-29,10.89
JQ대흘1,2009-07-30,10.97
JQ대흘1,2009-07-31,11.03
JQ대흘1,2009-08-01,11.08
JQ대흘1,2009-08-02,11.13
JQ대흘1,2009-08-03,11.16
JQ대흘1,2009-08-04,11.21
JQ대흘1,2009-08-05,11.24
JQ대흘1,2009-08-06,11.28
JQ대흘1,2009-08-07,11.32
JQ대흘1,2009-08-08,11.36
JQ대흘1,2009-08-09,11.39
JQ대흘1,2009-08-10,11.42
JQ대흘1,2009-08-11,11.45
JQ대흘1,2009-08-12,11.49
JQ대흘1,2009-08-13,11.51
JQ대흘1,2009-08-14,11.54
JQ대흘1,2009-08-15,11.59
JQ대흘1,2009-08-16,11.62
JQ대흘1,2009-08-17,11.66
JQ대흘1,2009-08-18,11.68
JQ대흘1,2009-08-19,11.7
JQ대흘1,2009-08-20,11.73
JQ대흘1,2009-08-21,11.75
JQ대흘1,2009-08-22,11.78
JQ대흘1,2009-08-23,11.82
JQ대흘1,2009-08-24,11.86
JQ대흘1,2009-08-25,11.89
JQ대흘1,2009-08-26,11.92
JQ대흘1,2009-08-27,11.95
JQ대흘1,2009-08-28,12.07
JQ대흘1,2009-08-29,12.19
JQ대흘1,2009-08-30,12.29
JQ대흘1,2009-08-31,12.39
JQ대흘1,2009-09-01,12.53
JQ대흘1,2009-09-02,12.66
JQ대흘1,2009-09-03,12.79
JQ대흘1,2009-09-04,12.91
JQ대흘1,2009-09-05,13.03
JQ대흘1,2009-09-06,13.13
JQ대흘1,2009-09-07,13.24
JQ대흘1,2009-09-08,13.34
JQ대흘1,2009-09-09,13.43
JQ대흘1,2009-09-10,13.52
JQ대흘1,2009-09-11,13.6
JQ대흘1,2009-09-12,13.68
JQ대흘1,2009-09-13,13.76
JQ대흘1,2009-09-14,13.84
JQ대흘1,2009-09-15,13.91
JQ대흘1,2009-09-16,13.98
JQ대흘1,2009-09-17,14.06
JQ대흘1,2009-09-18,14.1
JQ대흘1,2009-09-19,14.14
JQ대흘1,2009-09-20,14.17
JQ대흘1,2009-09-21,14.2
JQ대흘1,2009-09-22,14.22
JQ대흘1,2009-09-23,14.24
JQ대흘1,2009-09-24,14.25
JQ대흘1,2009-09-25,14.27
JQ대흘1,2009-09-26,14.29
JQ대흘1,2009-09-27,14.31
JQ대흘1,2009-09-28,14.32
JQ대흘1,2009-09-29,14.32
JQ대흘1,2009-09-30,14.33
JQ대흘1,2009-10-01,14.35
JQ대흘1,2009-10-02,14.41
JQ대흘1,2009-10-03,14.5
JQ대흘1,2009-10-04,14.59
JQ대흘1,2009-10-05,14.67
JQ대흘1,2009-10-06,14.73
JQ대흘1,2009-10-07,14.8
JQ대흘1,2009-10-08,14.85
JQ대흘1,2009-10-09,14.9
JQ대흘1,2009-10-10,14.95
JQ대흘1,2009-10-11,14.99
JQ대흘1,2009-10-12,15.04
JQ대흘1,2009-10-13,15.07
JQ대흘1,2009-10-14,15.09
JQ대흘1,2009-10-15,15.11
JQ대흘1,2009-10-16,15.13
JQ대흘1,2009-10-17,15.14
JQ대흘1,2009-10-18,15.14
JQ대흘1,2009-10-19,15.13
JQ대흘1,2009-10-20,15.1
JQ대흘1,2009-10-21,15.08
JQ대흘1,2009-10-22,15.07
JQ대흘1,2009-10-23,15.04
JQ대흘1,2009-10-24,15.01
JQ대흘1,2009-10-25,14.98
JQ대흘1,2009-10-26,14.94
JQ대흘1,2009-10-27,14.9
JQ대흘1,2009-10-28,14.85
JQ대흘1,2009-10-29,14.81
JQ대흘1,2009-10-30,14.76
JQ대흘1,2009-10-31,14.72
JQ대흘1,2009-11-01,14.66
JQ대흘1,2009-11-02,14.6
JQ대흘1,2009-11-03,14.54
JQ대흘1,2009-11-04,14.49
JQ대흘1,2009-11-05,14.44
JQ대흘1,2009-11-06,14.39
JQ대흘1,2009-11-07,14.33
JQ대흘1,2009-11-08,14.28
JQ대흘1,2009-11-09,14.23
JQ대흘1,2009-11-10,14.2
JQ대흘1,2009-11-11,14.16
JQ대흘1,2009-11-12,14.14
JQ대흘1,2009-11-13,14.14
JQ대흘1,2009-11-14,14.13
JQ대흘1,2009-11-15,14.12
JQ대흘1,2009-11-16,14.12
JQ대흘1,2009-11-17,14.11
JQ대흘1,2009-11-18,14.09
JQ대흘1,2009-11-19,14.08
JQ대흘1,2009-11-20,14.06
JQ대흘1,2009-11-21,14.05
JQ대흘1,2009-11-22,14.04
JQ대흘1,2009-11-23,14.02
JQ대흘1,2009-11-24,14.02
JQ대흘1,2009-11-25,14.0
JQ대흘1,2009-11-26,13.98
JQ대흘1,2009-11-27,13.95
JQ대흘1,2009-11-28,13.93
JQ대흘1,2009-11-29,13.91
JQ대흘1,2009-11-30,13.88
JQ대흘1,2009-12-01,13.85
JQ대흘1,2009-12-02,13.83
JQ대흘1,2009-12-03,13.8
JQ대흘1,2009-12-04,13.78
JQ대흘1,2009-12-05,13.75
JQ대흘1,2009-12-06,13.71
JQ대흘1,2009-12-07,13.68
JQ대흘1,2009-12-08,13.66
JQ대흘1,2009-12-09,13.63
JQ대흘1,2009-12-10,13.6
JQ대흘1,2009-12-11,13.57
JQ대흘1,2009-12-12,13.53
JQ대흘1,2009-12-13,13.49
JQ대흘1,2009-12-14,13.44
JQ대흘1,2009-12-15,13.41
JQ대흘1,2009-12-16,13.37
JQ대흘1,2009-12-17,13.33
JQ대흘1,2009-12-18,13.28
JQ대흘1,2009-12-19,13.24
JQ대흘1,2009-12-20,13.2
JQ대흘1,2009-12-21,13.14
JQ대흘1,2009-12-22,13.11
JQ대흘1,2009-12-23,13.06
JQ대흘1,2009-12-24,13.0
JQ대흘1,2009-12-25,12.95
JQ대흘1,2009-12-26,12.9
JQ대흘1,2009-12-27,12.85
JQ대흘1,2009-12-28,12.8
JQ대흘1,2009-12-29,12.75
JQ대흘1,2009-12-30,12.69
JQ대흘1,2009-12-31,12.64
JQ대흘1,2010-01-01,12.59
JQ대흘1,2010-01-02,12.55
JQ대흘1,2010-01-03,12.49
JQ대흘1,2010-01-04,12.45
JQ대흘1,2010-01-05,12.38
JQ대흘1,2010-01-06,12.33
JQ대흘1,2010-01-07,12.28
JQ대흘1,2010-01-08,12.22
JQ대흘1,2010-01-09,12.16
JQ대흘1,2010-01-10,12.1
JQ대흘1,2010-01-11,12.05
JQ대흘1,2010-01-12,12.0
JQ대흘1,2010-01-13,11.93
JQ대흘1,2010-01-14,11.88
JQ대흘1,2010-01-15,11.82
JQ대흘1,2010-01-16,11.77
JQ대흘1,2010-01-17,11.71
JQ대흘1,2010-01-18,11.66
JQ대흘1,2010-01-19,11.61
JQ대흘1,2010-01-20,11.57
JQ대흘1,2010-01-21,11.5
JQ대흘1,2010-01-22,11.45
JQ대흘1,2010-01-23,11.39
JQ대흘1,2010-01-24,11.34
JQ대흘1,2010-01-25,11.27
JQ대흘1,2010-01-26,11.22
JQ대흘1,2010-01-27,11.2
JQ대흘1,2010-01-28,11.14
JQ대흘1,2010-01-29,11.1
JQ대흘1,2010-01-30,11.07
JQ대흘1,2010-01-31,11.04
JQ대흘1,2010-02-01,11.01
JQ대흘1,2010-02-02,11.0
JQ대흘1,2010-02-03,10.97
JQ대흘1,2010-02-04,10.94
JQ대흘1,2010-02-05,10.9
JQ대흘1,2010-02-06,10.86
JQ대흘1,2010-02-07,10.83
JQ대흘1,2010-02-08,10.79
JQ대흘1,2010-02-09,10.77
JQ대흘1,2010-02-10,10.73
JQ대흘1,2010-02-11,10.7
JQ대흘1,2010-02-12,10.7
JQ대흘1,2010-02-13,10.71
JQ대흘1,2010-02-14,10.73
JQ대흘1,2010-02-15,10.73
JQ대흘1,2010-02-16,10.72
JQ대흘1,2010-02-17,10.71
JQ대흘1,2010-02-18,10.7
JQ대흘1,2010-02-19,10.69
JQ대흘1,2010-02-20,10.67
JQ대흘1,2010-02-21,10.66
JQ대흘1,2010-02-22,10.65
JQ대흘1,2010-02-23,10.65
JQ대흘1,2010-02-24,10.64
JQ대흘1,2010-02-25,10.65
JQ대흘1,2010-02-26,10.65
JQ대흘1,2010-02-27,10.66
JQ대흘1,2010-02-28,10.68
JQ대흘1,2010-03-01,10.72
JQ대흘1,2010-03-02,10.74
JQ대흘1,2010-03-03,10.76
JQ대흘1,2010-03-04,10.8
JQ대흘1,2010-03-05,10.81
JQ대흘1,2010-03-06,10.85
JQ대흘1,2010-03-07,10.93
JQ대흘1,2010-03-08,11.04
JQ대흘1,2010-03-09,11.14
JQ대흘1,2010-03-10,11.24
JQ대흘1,2010-03-11,11.38
JQ대흘1,2010-03-12,11.46
JQ대흘1,2010-03-13,11.53
JQ대흘1,2010-03-14,11.62
JQ대흘1,2010-03-15,11.7
JQ대흘1,2010-03-16,11.78
JQ대흘1,2010-03-17,11.87
JQ대흘1,2010-03-18,11.96
JQ대흘1,2010-03-19,12.06
JQ대흘1,2010-03-20,12.13
JQ대흘1,2010-03-21,12.18
JQ대흘1,2010-03-22,12.25
JQ대흘1,2010-03-23,12.31
JQ대흘1,2010-03-24,12.4
JQ대흘1,2010-03-25,12.48
JQ대흘1,2010-03-26,12.54
JQ대흘1,2010-03-27,12.6
JQ대흘1,2010-03-28,12.65
JQ대흘1,2010-03-29,12.7
JQ대흘1,2010-03-30,12.76
JQ대흘1,2010-03-31,12.82
JQ대흘1,2010-04-01,12.88
JQ대흘1,2010-04-02,12.99
JQ대흘1,2010-04-03,13.12
JQ대흘1,2010-04-04,13.25
JQ대흘1,2010-04-05,13.36
JQ대흘1,2010-04-06,13.46
JQ대흘1,2010-04-07,13.56
JQ대흘1,2010-04-08,13.67
JQ대흘1,2010-04-09,13.79
JQ대흘1,2010-04-10,13.89
JQ대흘1,2010-04-11,13.98
JQ대흘1,2010-04-12,14.09
JQ대흘1,2010-04-13,14.18
JQ대흘1,2010-04-14,14.28
JQ대흘1,2010-04-15,14.37
JQ대흘1,2010-04-16,14.44
JQ대흘1,2010-04-17,14.5
JQ대흘1,2010-04-18,14.56
JQ대흘1,2010-04-19,14.63
JQ대흘1,2010-04-20,14.69
JQ대흘1,2010-04-21,14.77
JQ대흘1,2010-04-22,14.86
JQ대흘1,2010-04-23,14.95
JQ대흘1,2010-04-24,15.02
JQ대흘1,2010-04-25,15.09
JQ대흘1,2010-04-26,15.17
JQ대흘1,2010-04-27,15.23
JQ대흘1,2010-04-28,15.29
JQ대흘1,2010-04-29,15.34
JQ대흘1,2010-04-30,15.4
JQ대흘1,2010-05-01,15.43
JQ대흘1,2010-05-02,15.47
JQ대흘1,2010-05-03,15.51
JQ대흘1,2010-05-04,15.53
JQ대흘1,2010-05-05,15.56
JQ대흘1,2010-05-06,15.58
JQ대흘1,2010-05-07,15.58
JQ대흘1,2010-05-08,15.59
JQ대흘1,2010-05-09,15.59
JQ대흘1,2010-05-10,15.59
JQ대흘1,2010-05-11,15.57
JQ대흘1,2010-05-12,15.56
JQ대흘1,2010-05-13,15.54
JQ대흘1,2010-05-14,15.52
JQ대흘1,2010-05-15,15.5
JQ대흘1,2010-05-16,15.47
JQ대흘1,2010-05-17,15.46
JQ대흘1,2010-05-18,15.44
JQ대흘1,2010-05-19,15.42
JQ대흘1,2010-05-20,15.39
JQ대흘1,2010-05-21,15.37
JQ대흘1,2010-05-22,15.37
JQ대흘1,2010-05-23,15.35
JQ대흘1,2010-05-24,15.32
JQ대흘1,2010-05-25,15.29
JQ대흘1,2010-05-26,15.26
JQ대흘1,2010-05-27,15.22
JQ대흘1,2010-05-28,15.19
JQ대흘1,2010-05-29,15.15
JQ대흘1,2010-05-30,15.11
JQ대흘1,2010-05-31,15.06
JQ대흘1,2010-06-01,15.02
JQ대흘1,2010-06-02,14.97
JQ대흘1,2010-06-03,14.92
JQ대흘1,2010-06-04,14.88
JQ대흘1,2010-06-05,14.83
JQ대흘1,2010-06-06,14.77
JQ대흘1,2010-06-07,14.71
JQ대흘1,2010-06-08,14.67
JQ대흘1,2010-06-09,14.62
JQ대흘1,2010-06-10,14.57
JQ대흘1,2010-06-11,14.53
JQ대흘1,2010-06-12,14.5
JQ대흘1,2010-06-13,14.48
JQ대흘1,2010-06-14,14.46
JQ대흘1,2010-06-15,14.43
JQ대흘1,2010-06-16,14.39
JQ대흘1,2010-06-17,14.35
JQ대흘1,2010-06-18,14.31
JQ대흘1,2010-06-19,14.26
JQ대흘1,2010-06-20,14.21
JQ대흘1,2010-06-21,14.15
JQ대흘1,2010-06-22,14.09
JQ대흘1,2010-06-23,14.03
JQ대흘1,2010-06-24,13.98
JQ대흘1,2010-06-25,13.93
JQ대흘1,2010-06-26,13.9
JQ대흘1,2010-06-27,13.89
JQ대흘1,2010-06-28,13.91
JQ대흘1,2010-06-29,13.94
JQ대흘1,2010-06-30,14.01
JQ대흘1,2010-07-01,14.09
JQ대흘1,2010-07-02,14.16
JQ대흘1,2010-07-03,14.23
JQ대흘1,2010-07-04,14.31
JQ대흘1,2010-07-05,14.4
JQ대흘1,2010-07-06,14.52
JQ대흘1,2010-07-07,14.64
JQ대흘1,2010-07-08,14.74
JQ대흘1,2010-07-09,14.84
JQ대흘1,2010-07-10,14.92
JQ대흘1,2010-07-11,15.02
JQ대흘1,2010-07-12,15.08
JQ대흘1,2010-07-13,15.18
JQ대흘1,2010-07-14,15.34
JQ대흘1,2010-07-15,15.54
JQ대흘1,2010-07-16,15.74
JQ대흘1,2010-07-17,15.94
JQ대흘1,2010-07-18,16.15
JQ대흘1,2010-07-19,16.38
JQ대흘1,2010-07-20,16.61
JQ대흘1,2010-07-21,16.85
JQ대흘1,2010-07-22,17.03
JQ대흘1,2010-07-23,17.19
JQ대흘1,2010-07-24,17.32
JQ대흘1,2010-07-25,17.43
JQ대흘1,2010-07-26,17.54
JQ대흘1,2010-07-27,17.63
JQ대흘1,2010-07-28,17.73
JQ대흘1,2010-07-29,17.81
JQ대흘1,2010-07-30,17.89
JQ대흘1,2010-07-31,17.96
JQ대흘1,2010-08-01,18.02
JQ대흘1,2010-08-02,18.08
JQ대흘1,2010-08-03,18.14
JQ대흘1,2010-08-04,18.2
JQ대흘1,2010-08-05,18.26
JQ대흘1,2010-08-06,18.31
JQ대흘1,2010-08-07,18.37
JQ대흘1,2010-08-08,18.42
JQ대흘1,2010-08-09,18.46
JQ대흘1,2010-08-10,18.52
JQ대흘1,2010-08-11,18.58
JQ대흘1,2010-08-12,18.69
JQ대흘1,2010-08-13,18.82
JQ대흘1,2010-08-14,18.95
JQ대흘1,2010-08-15,19.11
JQ대흘1,2010-08-16,19.35
JQ대흘1,2010-08-17,19.67
JQ대흘1,2010-08-18,19.99
JQ대흘1,2010-08-19,20.28
JQ대흘1,2010-08-20,20.52
JQ대흘1,2010-08-21,20.72
JQ대흘1,2010-08-22,20.9
JQ대흘1,2010-08-23,21.05
JQ대흘1,2010-08-24,21.18
JQ대흘1,2010-08-25,21.3
JQ대흘1,2010-08-26,21.4
JQ대흘1,2010-08-27,21.5
JQ대흘1,2010-08-28,21.63
JQ대흘1,2010-08-29,21.77
JQ대흘1,2010-08-30,21.93
JQ대흘1,2010-08-31,22.11
JQ대흘1,2010-09-01,22.33
JQ대흘1,2010-09-02,22.62
JQ대흘1,2010-09-03,23.06
JQ대흘1,2010-09-04,23.55
JQ대흘1,2010-09-05,24.06
JQ대흘1,2010-09-06,24.59
JQ대흘1,2010-09-07,25.06
JQ대흘1,2010-09-08,25.5
JQ대흘1,2010-09-09,25.92
JQ대흘1,2010-09-10,26.31
JQ대흘1,2010-09-11,26.64
JQ대흘1,2010-09-12,26.94
JQ대흘1,2010-09-13,27.21
JQ대흘1,2010-09-14,27.45
JQ대흘1,2010-09-15,27.68
JQ대흘1,2010-09-16,27.88
JQ대흘1,2010-09-17,28.06
JQ대흘1,2010-09-18,28.22
JQ대흘1,2010-09-19,28.37
JQ대흘1,2010-09-20,28.5
JQ대흘1,2010-09-21,28.63
JQ대흘1,2010-09-22,28.75
JQ대흘1,2010-09-23,28.86
JQ대흘1,2010-09-24,28.95
JQ대흘1,2010-09-25,29.04
JQ대흘1,2010-09-26,29.12
JQ대흘1,2010-09-27,29.21
JQ대흘1,2010-09-28,29.27
JQ대흘1,2010-09-29,29.33
JQ대흘1,2010-09-30,29.39
JQ대흘1,2010-10-01,29.45
JQ대흘1,2010-10-02,29.51
JQ대흘1,2010-10-03,29.55
JQ대흘1,2010-10-04,29.58
JQ대흘1,2010-10-05,29.59
JQ대흘1,2010-10-06,29.58
JQ대흘1,2010-10-07,29.58
JQ대흘1,2010-10-08,29.58
JQ대흘1,2010-10-09,29.58
JQ대흘1,2010-10-10,29.53
JQ대흘1,2010-10-11,29.49
JQ대흘1,2010-10-12,29.44
JQ대흘1,2010-10-13,29.39
JQ대흘1,2010-10-14,29.32
JQ대흘1,2010-10-15,29.23
JQ대흘1,2010-10-16,29.14
JQ대흘1,2010-10-17,29.04
JQ대흘1,2010-10-18,28.94
JQ대흘1,2010-10-19,28.85
JQ대흘1,2010-10-20,28.75
JQ대흘1,2010-10-21,28.65
JQ대흘1,2010-10-22,28.53
JQ대흘1,2010-10-23,28.42
JQ대흘1,2010-10-24,28.33
JQ대흘1,2010-10-25,28.21
JQ대흘1,2010-10-26,28.08
JQ대흘1,2010-10-27,27.98
JQ대흘1,2010-10-28,27.87
JQ대흘1,2010-10-29,27.75
JQ대흘1,2010-10-30,27.61
JQ대흘1,2010-10-31,27.49
JQ대흘1,2010-11-01,27.35
JQ대흘1,2010-11-02,27.21
JQ대흘1,2010-11-03,27.06
JQ대흘1,2010-11-04,26.92
JQ대흘1,2010-11-05,26.78
JQ대흘1,2010-11-06,26.64
JQ대흘1,2010-11-07,26.5
JQ대흘1,2010-11-08,26.34
JQ대흘1,2010-11-09,26.18
JQ대흘1,2010-11-10,26.03
JQ대흘1,2010-11-11,25.89
JQ대흘1,2010-11-12,25.71
JQ대흘1,2010-11-13,25.55
JQ대흘1,2010-11-14,25.38
JQ대흘1,2010-11-15,25.22
JQ대흘1,2010-11-16,25.08
JQ대흘1,2010-11-17,24.92
JQ대흘1,2010-11-18,24.76
JQ대흘1,2010-11-19,24.62
JQ대흘1,2010-11-20,24.46
JQ대흘1,2010-11-21,24.31
JQ대흘1,2010-11-22,24.16
JQ대흘1,2010-11-23,23.99
JQ대흘1,2010-11-24,23.83
JQ대흘1,2010-11-25,23.67
JQ대흘1,2010-11-26,23.51
JQ대흘1,2010-11-27,23.35
JQ대흘1,2010-11-28,23.17
JQ대흘1,2010-11-29,23.01
JQ대흘1,2010-11-30,22.85
JQ대흘1,2010-12-01,22.69
JQ대흘1,2010-12-02,22.52
JQ대흘1,2010-12-03,22.34
JQ대흘1,2010-12-04,22.17
JQ대흘1,2010-12-05,22.02
JQ대흘1,2010-12-06,21.84
JQ대흘1,2010-12-07,21.68
JQ대흘1,2010-12-08,21.54
JQ대흘1,2010-12-09,21.35
JQ대흘1,2010-12-10,21.21
JQ대흘1,2010-12-11,21.01
JQ대흘1,2010-12-12,20.86
JQ대흘1,2010-12-13,20.74
JQ대흘1,2010-12-14,20.58
JQ대흘1,2010-12-15,20.45
JQ대흘1,2010-12-16,20.32
JQ대흘1,2010-12-17,20.19
JQ대흘1,2010-12-18,20.04
JQ대흘1,2010-12-19,19.9
JQ대흘1,2010-12-20,19.76
JQ대흘1,2010-12-21,19.64
JQ대흘1,2010-12-22,19.48
JQ대흘1,2010-12-23,19.33
JQ대흘1,2010-12-24,19.19
JQ대흘1,2010-12-25,19.06
JQ대흘1,2010-12-26,18.93
JQ대흘1,2010-12-27,18.8
JQ대흘1,2010-12-28,18.66
JQ대흘1,2010-12-29,18.51
JQ대흘1,2010-12-30,18.4
JQ대흘1,2010-12-31,18.26
JQ대흘1,2011-01-01,18.12
JQ대흘1,2011-01-02,17.99
JQ대흘1,2011-01-03,17.88
JQ대흘1,2011-01-04,17.76
JQ대흘1,2011-01-05,17.65
JQ대흘1,2011-01-06,17.52
JQ대흘1,2011-01-07,17.41
JQ대흘1,2011-01-08,17.3
JQ대흘1,2011-01-09,17.17
JQ대흘1,2011-01-10,17.07
JQ대흘1,2011-01-11,16.96
JQ대흘1,2011-01-12,16.84
JQ대흘1,2011-01-13,16.73
JQ대흘1,2011-01-14,16.62
JQ대흘1,2011-01-15,16.5
JQ대흘1,2011-01-16,16.39
JQ대흘1,2011-01-17,16.28
JQ대흘1,2011-01-18,16.18
JQ대흘1,2011-01-19,16.07
JQ대흘1,2011-01-20,15.96
JQ대흘1,2011-01-21,15.86
JQ대흘1,2011-01-22,15.76
JQ대흘1,2011-01-23,15.66
JQ대흘1,2011-01-24,15.56
JQ대흘1,2011-01-25,15.46
JQ대흘1,2011-01-26,15.36
JQ대흘1,2011-01-27,15.26
JQ대흘1,2011-01-28,15.17
JQ대흘1,2011-01-29,15.06
JQ대흘1,2011-01-30,14.96
JQ대흘1,2011-01-31,14.87
JQ대흘1,2011-02-01,14.79
JQ대흘1,2011-02-02,14.69
JQ대흘1,2011-02-03,14.6
JQ대흘1,2011-02-04,14.53
JQ대흘1,2011-02-05,14.44
JQ대흘1,2011-02-06,14.37
JQ대흘1,2011-02-07,14.28
JQ대흘1,2011-02-08,14.21
JQ대흘1,2011-02-09,14.12
JQ대흘1,2011-02-10,14.06
JQ대흘1,2011-02-11,13.99
JQ대흘1,2011-02-12,13.91
JQ대흘1,2011-02-13,13.84
JQ대흘1,2011-02-14,13.76
JQ대흘1,2011-02-15,13.68
JQ대흘1,2011-02-16,13.62
JQ대흘1,2011-02-17,13.56
JQ대흘1,2011-02-18,13.49
JQ대흘1,2011-02-19,13.44
JQ대흘1,2011-02-20,13.37
JQ대흘1,2011-02-21,13.31
JQ대흘1,2011-02-22,13.25
JQ대흘1,2011-02-23,13.19
JQ대흘1,2011-02-24,13.13
JQ대흘1,2011-02-25,13.05
JQ대흘1,2011-02-26,12.99
JQ대흘1,2011-02-27,12.94
JQ대흘1,2011-02-28,12.88
JQ대흘1,2011-03-01,12.82
JQ대흘1,2011-03-02,12.77
JQ대흘1,2011-03-03,12.71
JQ대흘1,2011-03-04,12.65
JQ대흘1,2011-03-05,12.6
JQ대흘1,2011-03-06,12.55
JQ대흘1,2011-03-07,12.49
JQ대흘1,2011-03-08,12.43
JQ대흘1,2011-03-09,12.38
JQ대흘1,2011-03-10,12.33
JQ대흘1,2011-03-11,12.27
JQ대흘1,2011-03-12,12.22
JQ대흘1,2011-03-13,12.16
JQ대흘1,2011-03-14,12.1
JQ대흘1,2011-03-15,12.05
JQ대흘1,2011-03-16,12.0
JQ대흘1,2011-03-17,11.94
JQ대흘1,2011-03-18,11.9
JQ대흘1,2011-03-19,11.86
JQ대흘1,2011-03-20,11.82
JQ대흘1,2011-03-21,11.77
JQ대흘1,2011-03-22,11.75
JQ대흘1,2011-03-23,11.73
JQ대흘1,2011-03-24,11.69
JQ대흘1,2011-03-25,11.64
JQ대흘1,2011-03-26,11.59
JQ대흘1,2011-03-27,11.55
JQ대흘1,2011-03-28,11.5
JQ대흘1,2011-03-29,11.45
JQ대흘1,2011-03-30,11.41
JQ대흘1,2011-03-31,11.37
JQ대흘1,2011-04-01,11.32
JQ대흘1,2011-04-02,11.28
JQ대흘1,2011-04-03,11.24
JQ대흘1,2011-04-04,11.21
JQ대흘1,2011-04-05,11.19
JQ대흘1,2011-04-06,11.17
JQ대흘1,2011-04-07,11.15
JQ대흘1,2011-04-08,11.12
JQ대흘1,2011-04-09,11.1
JQ대흘1,2011-04-10,11.09
JQ대흘1,2011-04-11,11.04
JQ대흘1,2011-04-12,10.99
JQ대흘1,2011-04-13,10.96
JQ대흘1,2011-04-14,10.94
JQ대흘1,2011-04-15,10.91
JQ대흘1,2011-04-16,10.87
JQ대흘1,2011-04-17,10.86
JQ대흘1,2011-04-18,10.83
JQ대흘1,2011-04-19,10.8
JQ대흘1,2011-04-20,10.78
JQ대흘1,2011-04-21,10.76
JQ대흘1,2011-04-22,10.74
JQ대흘1,2011-04-23,10.71
JQ대흘1,2011-04-24,10.68
JQ대흘1,2011-04-25,10.66
JQ대흘1,2011-04-26,10.64
JQ대흘1,2011-04-27,10.61
JQ대흘1,2011-04-28,10.58
JQ대흘1,2011-04-29,10.56
JQ대흘1,2011-04-30,10.53
JQ대흘1,2011-05-01,10.49
JQ대흘1,2011-05-02,10.47
JQ대흘1,2011-05-03,10.46
JQ대흘1,2011-05-04,10.43
JQ대흘1,2011-05-05,10.4
JQ대흘1,2011-05-06,10.37
JQ대흘1,2011-05-07,10.35
JQ대흘1,2011-05-08,10.31
JQ대흘1,2011-05-09,10.3
JQ대흘1,2011-05-10,10.28
JQ대흘1,2011-05-11,10.27
JQ대흘1,2011-05-12,10.25
JQ대흘1,2011-05-13,10.24
JQ대흘1,2011-05-14,10.23
JQ대흘1,2011-05-15,10.21
JQ대흘1,2011-05-16,10.19
JQ대흘1,2011-05-17,10.17
JQ대흘1,2011-05-18,10.15
JQ대흘1,2011-05-19,10.13
JQ대흘1,2011-05-20,10.1
JQ대흘1,2011-05-21,10.08
JQ대흘1,2011-05-22,10.05
JQ대흘1,2011-05-23,10.04
JQ대흘1,2011-05-24,10.06
JQ대흘1,2011-05-25,10.06
JQ대흘1,2011-05-26,10.06
JQ대흘1,2011-05-27,10.05
JQ대흘1,2011-05-28,10.05
JQ대흘1,2011-05-29,10.04
JQ대흘1,2011-05-30,10.03
JQ대흘1,2011-05-31,10.01
JQ대흘1,2011-06-01,9.99
JQ대흘1,2011-06-02,9.98
JQ대흘1,2011-06-03,9.96
JQ대흘1,2011-06-04,9.93
JQ대흘1,2011-06-05,9.87
JQ대흘1,2011-06-06,9.85
JQ대흘1,2011-06-07,9.84
JQ대흘1,2011-06-08,9.82
JQ대흘1,2011-06-09,9.81
JQ대흘1,2011-06-10,9.8
JQ대흘1,2011-06-11,9.84
JQ대흘1,2011-06-12,9.94
JQ대흘1,2011-06-13,10.0
JQ대흘1,2011-06-14,10.05
JQ대흘1,2011-06-15,10.08
JQ대흘1,2011-06-16,10.13
JQ대흘1,2011-06-17,10.18
JQ대흘1,2011-06-18,10.23
JQ대흘1,2011-06-19,10.28
JQ대흘1,2011-06-20,10.34
JQ대흘1,2011-06-21,10.44
JQ대흘1,2011-06-22,10.55
JQ대흘1,2011-06-23,10.69
JQ대흘1,2011-06-24,10.81
JQ대흘1,2011-06-25,10.93
JQ대흘1,2011-06-26,11.13
JQ대흘1,2011-06-27,11.46
JQ대흘1,2011-06-28,11.82
JQ대흘1,2011-06-29,12.2
JQ대흘1,2011-06-30,12.78
JQ대흘1,2011-07-01,13.61
JQ대흘1,2011-07-02,14.48
JQ대흘1,2011-07-03,15.19
JQ대흘1,2011-07-04,15.76
JQ대흘1,2011-07-05,16.2
JQ대흘1,2011-07-06,16.56
JQ대흘1,2011-07-07,16.83
JQ대흘1,2011-07-08,17.04
JQ대흘1,2011-07-09,17.21
JQ대흘1,2011-07-10,17.36
JQ대흘1,2011-07-11,17.52
JQ대흘1,2011-07-12,17.64
JQ대흘1,2011-07-13,17.75
JQ대흘1,2011-07-14,17.84
JQ대흘1,2011-07-15,17.92
JQ대흘1,2011-07-16,18.0
JQ대흘1,2011-07-17,18.07
JQ대흘1,2011-07-18,18.15
JQ대흘1,2011-07-19,18.21
JQ대흘1,2011-07-20,18.25
JQ대흘1,2011-07-21,18.28
JQ대흘1,2011-07-22,18.32
JQ대흘1,2011-07-23,18.37
JQ대흘1,2011-07-24,18.39
JQ대흘1,2011-07-25,18.39
JQ대흘1,2011-07-26,18.4
JQ대흘1,2011-07-27,18.4
JQ대흘1,2011-07-28,18.4
JQ대흘1,2011-07-29,18.4
JQ대흘1,2011-07-30,18.41
JQ대흘1,2011-07-31,18.41
JQ대흘1,2011-08-01,18.41
JQ대흘1,2011-08-02,18.42
JQ대흘1,2011-08-03,18.44
JQ대흘1,2011-08-04,18.45
JQ대흘1,2011-08-05,18.46
JQ대흘1,2011-08-06,18.48
JQ대흘1,2011-08-07,18.55
JQ대흘1,2011-08-08,18.72
JQ대흘1,2011-08-09,19.01
JQ대흘1,2011-08-10,19.3
JQ대흘1,2011-08-11,19.69
JQ대흘1,2011-08-12,20.29
JQ대흘1,2011-08-13,20.99
JQ대흘1,2011-08-14,21.63
JQ대흘1,2011-08-15,22.17
JQ대흘1,2011-08-16,22.59
JQ대흘1,2011-08-17,22.91
JQ대흘1,2011-08-18,23.12
JQ대흘1,2011-08-19,23.29
JQ대흘1,2011-08-20,23.45
JQ대흘1,2011-08-21,23.58
JQ대흘1,2011-08-22,23.69
JQ대흘1,2011-08-23,23.8
JQ대흘1,2011-08-24,23.88
JQ대흘1,2011-08-25,23.96
JQ대흘1,2011-08-26,24.03
JQ대흘1,2011-08-27,24.11
JQ대흘1,2011-08-28,24.18
JQ대흘1,2011-08-29,24.26
JQ대흘1,2011-08-30,24.34
JQ대흘1,2011-08-31,24.41
JQ대흘1,2011-09-01,24.48
JQ대흘1,2011-09-02,24.55
JQ대흘1,2011-09-03,24.61
JQ대흘1,2011-09-04,24.66
JQ대흘1,2011-09-05,24.71
JQ대흘1,2011-09-06,24.75
JQ대흘1,2011-09-07,24.78
JQ대흘1,2011-09-08,24.79
JQ대흘1,2011-09-09,24.79
JQ대흘1,2011-09-10,24.8
JQ대흘1,2011-09-11,24.81
JQ대흘1,2011-09-12,24.82
JQ대흘1,2011-09-13,24.84
JQ대흘1,2011-09-14,24.83
JQ대흘1,2011-09-15,24.82
JQ대흘1,2011-09-16,24.81
JQ대흘1,2011-09-17,24.79
JQ대흘1,2011-09-18,24.75
JQ대흘1,2011-09-19,24.72
JQ대흘1,2011-09-20,24.69
JQ대흘1,2011-09-21,24.64
JQ대흘1,2011-09-22,24.57
JQ대흘1,2011-09-23,24.51
JQ대흘1,2011-09-24,24.44
JQ대흘1,2011-09-25,24.37
JQ대흘1,2011-09-26,24.31
JQ대흘1,2011-09-27,24.24
JQ대흘1,2011-09-28,24.17
JQ대흘1,2011-09-29,24.12
JQ대흘1,2011-09-30,24.02
JQ대흘1,2011-10-01,23.93
JQ대흘1,2011-10-02,23.84
JQ대흘1,2011-10-03,23.75
JQ대흘1,2011-10-04,23.67
JQ대흘1,2011-10-05,23.59
JQ대흘1,2011-10-06,23.48
JQ대흘1,2011-10-07,23.38
JQ대흘1,2011-10-08,23.26
JQ대흘1,2011-10-09,23.15
JQ대흘1,2011-10-10,23.05
JQ대흘1,2011-10-11,22.94
JQ대흘1,2011-10-12,22.83
JQ대흘1,2011-10-13,22.72
JQ대흘1,2011-10-14,22.62
JQ대흘1,2011-10-15,22.53
JQ대흘1,2011-10-16,22.42
JQ대흘1,2011-10-17,22.3
JQ대흘1,2011-10-18,22.17
JQ대흘1,2011-10-19,22.05
JQ대흘1,2011-10-20,21.96
JQ대흘1,2011-10-21,21.9
JQ대흘1,2011-10-22,21.78
JQ대흘1,2011-10-23,21.65
JQ대흘1,2011-10-24,21.52
JQ대흘1,2011-10-25,21.38
JQ대흘1,2011-10-26,21.25
JQ대흘1,2011-10-27,21.12
JQ대흘1,2011-10-28,21.0
JQ대흘1,2011-10-29,20.88
JQ대흘1,2011-10-30,20.74
JQ대흘1,2011-10-31,20.61
JQ대흘1,2011-11-01,20.49
JQ대흘1,2011-11-02,20.36
JQ대흘1,2011-11-03,20.23
JQ대흘1,2011-11-04,20.11
JQ대흘1,2011-11-05,19.99
JQ대흘1,2011-11-06,19.89
JQ대흘1,2011-11-07,19.8
JQ대흘1,2011-11-08,19.71
JQ대흘1,2011-11-09,19.61
JQ대흘1,2011-11-10,19.52
JQ대흘1,2011-11-11,19.43
JQ대흘1,2011-11-12,19.33
JQ대흘1,2011-11-13,19.23
JQ대흘1,2011-11-14,19.12
JQ대흘1,2011-11-15,19.01
JQ대흘1,2011-11-16,18.91
JQ대흘1,2011-11-17,18.83
JQ대흘1,2011-11-18,18.79
JQ대흘1,2011-11-19,18.76
JQ대흘1,2011-11-20,18.73
JQ대흘1,2011-11-21,18.74
JQ대흘1,2011-11-22,18.76
JQ대흘1,2011-11-23,18.78
JQ대흘1,2011-11-24,18.8
JQ대흘1,2011-11-25,18.85
JQ대흘1,2011-11-26,18.91
JQ대흘1,2011-11-27,18.98
JQ대흘1,2011-11-28,19.03
JQ대흘1,2011-11-29,19.06
JQ대흘1,2011-11-30,19.08
JQ대흘1,2011-12-01,19.08
JQ대흘1,2011-12-02,19.11
JQ대흘1,2011-12-03,19.12
JQ대흘1,2011-12-04,19.11
JQ대흘1,2011-12-05,19.11
JQ대흘1,2011-12-06,19.1
JQ대흘1,2011-12-07,19.1
JQ대흘1,2011-12-08,19.09
JQ대흘1,2011-12-09,19.07
JQ대흘1,2011-12-10,19.06
JQ대흘1,2011-12-11,19.04
JQ대흘1,2011-12-12,19.02
JQ대흘1,2011-12-13,19.0
JQ대흘1,2011-12-14,18.98
JQ대흘1,2011-12-15,18.94
JQ대흘1,2011-12-16,18.89
JQ대흘1,2011-12-17,18.84
JQ대흘1,2011-12-18,18.8
JQ대흘1,2011-12-19,18.75
JQ대흘1,2011-12-20,18.7
JQ대흘1,2011-12-21,18.65
JQ대흘1,2011-12-22,18.6
JQ대흘1,2011-12-23,18.54
JQ대흘1,2011-12-24,18.48
JQ대흘1,2011-12-25,18.42
JQ대흘1,2011-12-26,18.36
JQ대흘1,2011-12-27,18.3
JQ대흘1,2011-12-28,18.25
JQ대흘1,2011-12-29,18.18
JQ대흘1,2011-12-30,18.11
JQ대흘1,2011-12-31,18.05
JQ대흘1,2012-01-01,17.97
JQ대흘1,2012-01-02,17.9
JQ대흘1,2012-01-03,17.84
JQ대흘1,2012-01-04,17.75
JQ대흘1,2012-01-05,17.68
JQ대흘1,2012-01-06,17.59
JQ대흘1,2012-01-07,17.51
JQ대흘1,2012-01-08,17.44
JQ대흘1,2012-01-09,17.37
JQ대흘1,2012-01-10,17.3
JQ대흘1,2012-01-11,17.21
JQ대흘1,2012-01-12,17.16
JQ대흘1,2012-01-13,17.14
JQ대흘1,2012-01-14,17.08
JQ대흘1,2012-01-15,17.01
JQ대흘1,2012-01-16,16.94
JQ대흘1,2012-01-17,16.87
JQ대흘1,2012-01-18,16.79
JQ대흘1,2012-01-19,16.73
JQ대흘1,2012-01-20,16.66
JQ대흘1,2012-01-21,16.59
JQ대흘1,2012-01-22,16.52
JQ대흘1,2012-01-23,16.46
JQ대흘1,2012-01-24,16.4
JQ대흘1,2012-01-25,16.33
JQ대흘1,2012-01-26,16.25
JQ대흘1,2012-01-27,16.19
JQ대흘1,2012-01-28,16.11
JQ대흘1,2012-01-29,16.03
JQ대흘1,2012-01-30,15.96
JQ대흘1,2012-01-31,15.89
JQ대흘1,2012-02-01,15.8
JQ대흘1,2012-02-02,15.72
JQ대흘1,2012-02-03,15.65
JQ대흘1,2012-02-04,15.57
JQ대흘1,2012-02-05,15.51
JQ대흘1,2012-02-06,15.45
JQ대흘1,2012-02-07,15.38
JQ대흘1,2012-02-08,15.33
JQ대흘1,2012-02-09,15.27
JQ대흘1,2012-02-10,15.19
JQ대흘1,2012-02-11,15.14
JQ대흘1,2012-02-12,15.08
JQ대흘1,2012-02-13,15.04
JQ대흘1,2012-02-14,14.98
JQ대흘1,2012-02-15,14.96
JQ대흘1,2012-02-16,14.92
JQ대흘1,2012-02-17,14.88
JQ대흘1,2012-02-18,14.83
JQ대흘1,2012-02-19,14.79
JQ대흘1,2012-02-20,14.74
JQ대흘1,2012-02-21,14.71
JQ대흘1,2012-02-22,14.7
JQ대흘1,2012-02-23,14.67
JQ대흘1,2012-02-24,14.66
JQ대흘1,2012-02-25,14.69
JQ대흘1,2012-02-26,14.66
JQ대흘1,2012-02-27,14.64
JQ대흘1,2012-02-28,14.61
JQ대흘1,2012-03-01,14.6
JQ대흘1,2012-03-02,14.58
JQ대흘1,2012-03-03,14.58
JQ대흘1,2012-03-04,14.6
JQ대흘1,2012-03-05,14.63
JQ대흘1,2012-03-06,14.66
JQ대흘1,2012-03-07,14.72
JQ대흘1,2012-03-08,14.76
JQ대흘1,2012-03-09,14.8
JQ대흘1,2012-03-10,14.83
JQ대흘1,2012-03-11,14.84
JQ대흘1,2012-03-12,14.86
JQ대흘1,2012-03-13,14.9
JQ대흘1,2012-03-14,14.92
JQ대흘1,2012-03-15,14.88
JQ대흘1,2012-03-16,14.83
JQ대흘1,2012-03-17,14.83
JQ대흘1,2012-03-18,14.83
JQ대흘1,2012-03-19,14.84
JQ대흘1,2012-03-20,14.83
JQ대흘1,2012-03-21,14.82
JQ대흘1,2012-03-22,14.82
JQ대흘1,2012-03-25,14.88
JQ대흘1,2012-03-26,14.89
JQ대흘1,2012-03-27,14.91
JQ대흘1,2012-03-28,14.91
JQ대흘1,2012-03-29,14.92
JQ대흘1,2012-03-30,14.92
JQ대흘1,2012-03-31,14.93
JQ대흘1,2012-04-01,14.94
JQ대흘1,2012-04-02,15.0
JQ대흘1,2012-04-03,15.01
JQ대흘1,2012-04-04,15.04
JQ대흘1,2012-04-05,15.05
JQ대흘1,2012-04-06,15.05
JQ대흘1,2012-04-07,15.05
JQ대흘1,2012-04-08,15.06
JQ대흘1,2012-04-09,15.05
JQ대흘1,2012-04-10,15.06
JQ대흘1,2012-04-11,15.06
JQ대흘1,2012-04-12,15.04
JQ대흘1,2012-04-13,15.04
JQ대흘1,2012-04-14,15.03
JQ대흘1,2012-04-15,15.01
JQ대흘1,2012-04-16,14.98
JQ대흘1,2012-04-17,14.95
JQ대흘1,2012-04-18,14.92
JQ대흘1,2012-04-19,14.89
JQ대흘1,2012-04-20,14.86
JQ대흘1,2012-04-21,14.87
JQ대흘1,2012-04-22,14.9
JQ대흘1,2012-04-23,14.98
JQ대흘1,2012-04-24,15.06
JQ대흘1,2012-04-25,15.16
JQ대흘1,2012-04-26,15.28
JQ대흘1,2012-04-27,15.6
JQ대흘1,2012-04-28,15.97
JQ대흘1,2012-04-29,16.31
JQ대흘1,2012-04-30,16.62
JQ대흘1,2012-05-01,16.9
JQ대흘1,2012-05-02,17.15
JQ대흘1,2012-05-03,17.38
JQ대흘1,2012-05-04,17.58
JQ대흘1,2012-05-05,17.74
JQ대흘1,2012-05-06,17.88
JQ대흘1,2012-05-07,18.0
JQ대흘1,2012-05-08,18.11
JQ대흘1,2012-05-09,18.19
JQ대흘1,2012-05-10,18.27
JQ대흘1,2012-05-11,18.34
JQ대흘1,2012-05-12,18.41
JQ대흘1,2012-05-13,18.47
JQ대흘1,2012-05-14,18.53
JQ대흘1,2012-05-15,18.56
JQ대흘1,2012-05-16,18.62
JQ대흘1,2012-05-17,18.65
JQ대흘1,2012-05-18,18.66
JQ대흘1,2012-05-19,18.68
JQ대흘1,2012-05-20,18.7
JQ대흘1,2012-05-21,18.71
JQ대흘1,2012-05-22,18.71
JQ대흘1,2012-05-23,18.72
JQ대흘1,2012-05-24,18.72
JQ대흘1,2012-05-25,18.72
JQ대흘1,2012-05-26,18.72
JQ대흘1,2012-05-27,18.71
JQ대흘1,2012-05-28,18.69
JQ대흘1,2012-05-29,18.67
JQ대흘1,2012-05-30,18.65
JQ대흘1,2012-05-31,18.63
JQ대흘1,2012-06-01,18.6
JQ대흘1,2012-06-02,18.58
JQ대흘1,2012-06-03,18.55
JQ대흘1,2012-06-04,18.53
JQ대흘1,2012-06-05,18.51
JQ대흘1,2012-06-06,18.48
JQ대흘1,2012-06-07,18.45
JQ대흘1,2012-06-08,18.42
JQ대흘1,2012-06-09,18.37
JQ대흘1,2012-06-10,18.33
JQ대흘1,2012-06-11,18.29
JQ대흘1,2012-06-12,18.24
JQ대흘1,2012-06-13,18.17
JQ대흘1,2012-06-14,18.11
JQ대흘1,2012-06-15,18.06
JQ대흘1,2012-06-16,17.99
JQ대흘1,2012-06-17,17.93
JQ대흘1,2012-06-18,17.88
JQ대흘1,2012-06-19,17.86
JQ대흘1,2012-06-20,17.83
JQ대흘1,2012-06-21,17.8
JQ대흘1,2012-06-22,17.75
JQ대흘1,2012-06-23,17.71
JQ대흘1,2012-06-24,17.66
JQ대흘1,2012-06-25,17.61
JQ대흘1,2012-06-26,17.55
JQ대흘1,2012-06-27,17.5
JQ대흘1,2012-06-28,17.45
JQ대흘1,2012-06-29,17.4
JQ대흘1,2012-06-30,17.36
JQ대흘1,2012-07-01,17.3
JQ대흘1,2012-07-02,17.26
JQ대흘1,2012-07-03,17.22
JQ대흘1,2012-07-04,17.17
JQ대흘1,2012-07-05,17.13
JQ대흘1,2012-07-06,17.1
JQ대흘1,2012-07-07,17.05
JQ대흘1,2012-07-08,16.99
JQ대흘1,2012-07-09,16.94
JQ대흘1,2012-07-10,16.89
JQ대흘1,2012-07-11,16.84
JQ대흘1,2012-07-12,16.78
JQ대흘1,2012-07-13,16.72
JQ대흘1,2012-07-14,16.68
JQ대흘1,2012-07-15,16.64
JQ대흘1,2012-07-16,16.58
JQ대흘1,2012-07-17,16.55
JQ대흘1,2012-07-18,16.56
JQ대흘1,2012-07-19,16.56
JQ대흘1,2012-07-20,16.65
JQ대흘1,2012-07-21,16.71
JQ대흘1,2012-07-23,16.89
JQ대흘1,2012-07-30,18.14
JQ대흘1,2012-08-03,18.21
JQ대흘1,2012-08-04,18.21
JQ대흘1,2012-08-05,18.21
JQ대흘1,2012-08-06,18.19
JQ대흘1,2012-08-07,18.15
JQ대흘1,2012-08-08,18.12
JQ대흘1,2012-08-09,18.08
JQ대흘1,2012-08-10,18.04
JQ대흘1,2012-08-11,17.99
JQ대흘1,2012-08-12,17.94
JQ대흘1,2012-08-13,17.89
JQ대흘1,2012-08-14,17.84
JQ대흘1,2012-08-15,17.78
JQ대흘1,2012-08-16,17.72
JQ대흘1,2012-08-17,17.66
JQ대흘1,2012-08-18,17.59
JQ대흘1,2012-08-19,17.52
JQ대흘1,2012-08-20,17.46
JQ대흘1,2012-08-21,17.4
JQ대흘1,2012-08-22,17.33
JQ대흘1,2012-08-23,17.28
JQ대흘1,2012-08-24,17.31
JQ대흘1,2012-08-25,17.41
JQ대흘1,2012-08-26,17.52
JQ대흘1,2012-08-27,17.65
JQ대흘1,2012-08-28,17.92
JQ대흘1,2012-08-29,18.41
JQ대흘1,2012-08-30,19.13
JQ대흘1,2012-08-31,19.94
JQ대흘1,2012-09-01,20.94
JQ대흘1,2012-09-02,22.05
JQ대흘1,2012-09-03,23.08
JQ대흘1,2012-09-04,23.92
JQ대흘1,2012-09-05,24.53
JQ대흘1,2012-09-06,24.97
JQ대흘1,2012-09-07,25.31
JQ대흘1,2012-09-08,25.55
JQ대흘1,2012-09-09,25.77
JQ대흘1,2012-09-10,25.94
JQ대흘1,2012-09-11,26.11
JQ대흘1,2012-09-12,26.27
JQ대흘1,2012-09-13,26.41
JQ대흘1,2012-09-14,26.51
JQ대흘1,2012-09-15,26.62
JQ대흘1,2012-09-16,26.75
JQ대흘1,2012-09-17,27.04
JQ대흘1,2012-09-18,27.43
JQ대흘1,2012-09-19,27.98
JQ대흘1,2012-09-20,28.65
JQ대흘1,2012-09-21,29.57
JQ대흘1,2012-09-22,30.63
JQ대흘1,2012-09-23,31.59
JQ대흘1,2012-09-24,32.29
JQ대흘1,2012-09-25,32.78
JQ대흘1,2012-09-26,33.15
JQ대흘1,2012-09-27,33.46
JQ대흘1,2012-09-28,33.69
JQ대흘1,2012-09-29,33.88
JQ대흘1,2012-09-30,34.05
JQ대흘1,2012-10-01,34.16
JQ대흘1,2012-10-02,34.27
JQ대흘1,2012-10-03,34.39
JQ대흘1,2012-10-04,34.47
JQ대흘1,2012-10-05,34.52
JQ대흘1,2012-10-06,34.57
JQ대흘1,2012-10-07,34.61
JQ대흘1,2012-10-08,34.65
JQ대흘1,2012-10-09,34.69
JQ대흘1,2012-10-10,34.71
JQ대흘1,2012-10-11,34.71
JQ대흘1,2012-10-12,34.7
JQ대흘1,2012-10-13,34.68
JQ대흘1,2012-10-14,34.64
JQ대흘1,2012-10-15,34.58
JQ대흘1,2012-10-16,34.54
JQ대흘1,2012-10-17,34.47
JQ대흘1,2012-10-18,34.38
JQ대흘1,2012-10-19,34.26
JQ대흘1,2012-10-20,34.14
JQ대흘1,2012-10-21,34.01
JQ대흘1,2012-10-22,33.9
JQ대흘1,2012-10-23,33.74
JQ대흘1,2012-10-24,33.57
JQ대흘1,2012-10-25,33.41
JQ대흘1,2012-10-26,33.23
JQ대흘1,2012-10-27,33.07
JQ대흘1,2012-10-28,32.88
JQ대흘1,2012-10-29,32.7
JQ대흘1,2012-10-30,32.53
JQ대흘1,2012-10-31,32.34
JQ대흘1,2012-11-01,32.12
JQ대흘1,2012-11-02,31.9
JQ대흘1,2012-11-03,31.71
JQ대흘1,2012-11-04,31.52
JQ대흘1,2012-11-05,31.32
JQ대흘1,2012-11-06,31.11
JQ대흘1,2012-11-07,30.9
JQ대흘1,2012-11-08,30.7
JQ대흘1,2012-11-09,30.49
JQ대흘1,2012-11-10,30.31
JQ대흘1,2012-11-11,30.11
JQ대흘1,2012-11-12,29.91
JQ대흘1,2012-11-13,29.73
JQ대흘1,2012-11-14,29.5
JQ대흘1,2012-11-15,29.28
JQ대흘1,2012-11-16,29.09
JQ대흘1,2012-11-17,28.92
JQ대흘1,2012-11-18,28.71
JQ대흘1,2012-11-19,28.54
JQ대흘1,2012-11-20,28.35
JQ대흘1,2012-11-21,28.18
JQ대흘1,2012-11-22,28.0
JQ대흘1,2012-11-23,27.8
JQ대흘1,2012-11-24,27.6
JQ대흘1,2012-11-25,27.42
JQ대흘1,2012-11-26,27.23
JQ대흘1,2012-11-27,27.03
JQ대흘1,2012-11-28,26.86
JQ대흘1,2012-11-29,26.65
JQ대흘1,2012-11-30,26.46
JQ대흘1,2012-12-01,26.26
JQ대흘1,2012-12-02,26.08
JQ대흘1,2012-12-03,25.9
JQ대흘1,2012-12-04,25.7
JQ대흘1,2012-12-05,25.53
JQ대흘1,2012-12-06,25.33
JQ대흘1,2012-12-07,25.16
JQ대흘1,2012-12-08,24.98
JQ대흘1,2012-12-09,24.79
JQ대흘1,2012-12-10,24.61
JQ대흘1,2012-12-11,24.42
JQ대흘1,2012-12-12,24.24
JQ대흘1,2012-12-13,24.06
JQ대흘1,2012-12-14,23.91
JQ대흘1,2012-12-15,23.74
JQ대흘1,2012-12-16,23.57
JQ대흘1,2012-12-17,23.33
JQ대흘1,2012-12-18,23.11
JQ대흘1,2012-12-19,22.94
JQ대흘1,2012-12-20,22.76
JQ대흘1,2012-12-21,22.62
JQ대흘1,2012-12-22,22.43
JQ대흘1,2012-12-23,22.26
JQ대흘1,2012-12-24,22.1
JQ대흘1,2012-12-25,21.93
JQ대흘1,2012-12-26,21.76
JQ대흘1,2012-12-27,21.62
JQ대흘1,2012-12-28,21.47
JQ대흘1,2012-12-29,21.35
JQ대흘1,2012-12-30,21.23
JQ대흘1,2012-12-31,21.11
JQ대흘1,2013-01-01,21.0
JQ대흘1,2013-01-02,20.87
JQ대흘1,2013-01-03,20.75
JQ대흘1,2013-01-04,20.66
JQ대흘1,2013-01-05,20.56
JQ대흘1,2013-01-06,20.45
JQ대흘1,2013-01-07,20.35
JQ대흘1,2013-01-08,20.25
JQ대흘1,2013-01-09,20.15
JQ대흘1,2013-01-10,20.05
JQ대흘1,2013-01-11,19.95
JQ대흘1,2013-01-12,19.86
JQ대흘1,2013-01-13,19.77
JQ대흘1,2013-01-14,19.67
JQ대흘1,2013-01-15,19.57
JQ대흘1,2013-01-16,19.47
JQ대흘1,2013-01-17,19.36
JQ대흘1,2013-01-18,19.26
JQ대흘1,2013-01-19,19.16
JQ대흘1,2013-01-20,19.07
JQ대흘1,2013-01-21,18.98
JQ대흘1,2013-01-22,18.89
JQ대흘1,2013-01-23,18.81
JQ대흘1,2013-01-24,18.73
JQ대흘1,2013-01-25,18.63
JQ대흘1,2013-01-26,18.54
JQ대흘1,2013-01-27,18.44
JQ대흘1,2013-01-28,18.35
JQ대흘1,2013-01-29,18.25
JQ대흘1,2013-01-30,18.16
JQ대흘1,2013-01-31,18.07
JQ대흘1,2013-02-01,17.99
JQ대흘1,2013-02-02,17.89
JQ대흘1,2013-02-03,17.83
JQ대흘1,2013-02-04,17.75
JQ대흘1,2013-02-05,17.7
JQ대흘1,2013-02-06,17.63
JQ대흘1,2013-02-07,17.55
JQ대흘1,2013-02-08,17.49
JQ대흘1,2013-02-09,17.43
JQ대흘1,2013-02-10,17.36
JQ대흘1,2013-02-11,17.29
JQ대흘1,2013-02-12,17.24
JQ대흘1,2013-02-13,17.17
JQ대흘1,2013-02-14,17.11
JQ대흘1,2013-02-15,17.03
JQ대흘1,2013-02-16,16.96
JQ대흘1,2013-02-17,16.92
JQ대흘1,2013-02-18,16.84
JQ대흘1,2013-02-19,16.78
JQ대흘1,2013-02-20,16.73
JQ대흘1,2013-02-21,16.67
JQ대흘1,2013-02-22,16.62
JQ대흘1,2013-02-23,16.55
JQ대흘1,2013-02-24,16.49
JQ대흘1,2013-02-25,16.44
JQ대흘1,2013-02-26,16.4
JQ대흘1,2013-02-27,16.34
JQ대흘1,2013-02-28,16.31
JQ대흘1,2013-03-01,16.24
JQ대흘1,2013-03-02,16.19
JQ대흘1,2013-03-03,16.15
JQ대흘1,2013-03-04,16.1
JQ대흘1,2013-03-05,16.05
JQ대흘1,2013-03-06,16.0
JQ대흘1,2013-03-07,15.96
JQ대흘1,2013-03-08,15.91
JQ대흘1,2013-03-09,15.87
JQ대흘1,2013-03-10,15.79
JQ대흘1,2013-03-11,15.75
JQ대흘1,2013-03-12,15.72
JQ대흘1,2013-03-13,15.66
JQ대흘1,2013-03-14,15.62
JQ대흘1,2013-03-15,15.58
JQ대흘1,2013-03-16,15.53
JQ대흘1,2013-03-17,15.5
JQ대흘1,2013-03-18,15.46
JQ대흘1,2013-03-19,15.44
JQ대흘1,2013-03-20,15.42
JQ대흘1,2013-03-21,15.4
JQ대흘1,2013-03-22,15.38
JQ대흘1,2013-03-23,15.35
JQ대흘1,2013-03-24,15.32
JQ대흘1,2013-03-25,15.28
JQ대흘1,2013-03-26,15.27
JQ대흘1,2013-03-27,15.26
JQ대흘1,2013-03-28,15.24
JQ대흘1,2013-03-29,15.22
JQ대흘1,2013-03-30,15.2
JQ대흘1,2013-03-31,15.17
JQ대흘1,2013-04-01,15.16
JQ대흘1,2013-04-02,15.14
JQ대흘1,2013-04-03,15.1
JQ대흘1,2013-04-04,15.08
JQ대흘1,2013-04-05,15.07
JQ대흘1,2013-04-06,15.07
JQ대흘1,2013-04-07,15.09
JQ대흘1,2013-04-08,15.13
JQ대흘1,2013-04-09,15.16
JQ대흘1,2013-04-10,15.19
JQ대흘1,2013-04-11,15.21
JQ대흘1,2013-04-12,15.23
JQ대흘1,2013-04-13,15.27
JQ대흘1,2013-04-14,15.3
JQ대흘1,2013-04-15,15.35
JQ대흘1,2013-04-16,15.39
JQ대흘1,2013-04-17,15.42
JQ대흘1,2013-04-18,15.44
JQ대흘1,2013-04-19,15.46
JQ대흘1,2013-04-20,15.48
JQ대흘1,2013-04-21,15.47
JQ대흘1,2013-04-22,15.47
JQ대흘1,2013-04-23,15.49
JQ대흘1,2013-04-24,15.47
JQ대흘1,2013-04-25,15.46
JQ대흘1,2013-04-26,15.44
JQ대흘1,2013-04-27,15.41
JQ대흘1,2013-04-28,15.39
JQ대흘1,2013-04-29,15.36
JQ대흘1,2013-04-30,15.34
JQ대흘1,2013-05-01,15.29
JQ대흘1,2013-05-02,15.26
JQ대흘1,2013-05-03,15.21
JQ대흘1,2013-05-04,15.15
JQ대흘1,2013-05-05,15.11
JQ대흘1,2013-05-06,15.05
JQ대흘1,2013-05-07,15.0
JQ대흘1,2013-05-08,14.96
JQ대흘1,2013-05-09,14.92
JQ대흘1,2013-05-10,14.88
JQ대흘1,2013-05-11,14.84
JQ대흘1,2013-05-12,14.8
JQ대흘1,2013-05-13,14.75
JQ대흘1,2013-05-14,14.7
JQ대흘1,2013-05-15,14.65
JQ대흘1,2013-05-16,14.59
JQ대흘1,2013-05-17,14.54
JQ대흘1,2013-05-18,14.5
JQ대흘1,2013-05-19,14.44
JQ대흘1,2013-05-20,14.39
JQ대흘1,2013-05-21,14.33
JQ대흘1,2013-05-22,14.28
JQ대흘1,2013-05-23,14.22
JQ대흘1,2013-05-24,14.16
JQ대흘1,2013-05-25,14.09
JQ대흘1,2013-05-26,14.03
JQ대흘1,2013-05-27,13.99
JQ대흘1,2013-05-28,13.96
JQ대흘1,2013-05-29,13.95
JQ대흘1,2013-05-30,13.93
JQ대흘1,2013-05-31,13.91
JQ대흘1,2013-06-01,13.87
JQ대흘1,2013-06-02,13.85
JQ대흘1,2013-06-03,13.86
JQ대흘1,2013-06-04,13.91
JQ대흘1,2013-06-05,13.96
JQ대흘1,2013-06-06,13.98
JQ대흘1,2013-06-07,14.0
JQ대흘1,2013-06-08,14.0
JQ대흘1,2013-06-09,14.0
JQ대흘1,2013-06-10,13.96
JQ대흘1,2013-06-11,13.93
JQ대흘1,2013-06-12,13.9
JQ대흘1,2013-06-13,13.88
JQ대흘1,2013-06-14,13.87
JQ대흘1,2013-06-15,13.85
JQ대흘1,2013-06-16,13.83
JQ대흘1,2013-06-17,13.81
JQ대흘1,2013-06-18,13.78
JQ대흘1,2013-06-19,13.76
JQ대흘1,2013-06-20,13.75
JQ대흘1,2013-06-21,13.75
JQ대흘1,2013-06-22,13.74
JQ대흘1,2013-06-23,13.72
JQ대흘1,2013-06-24,13.69
JQ대흘1,2013-06-25,13.68
JQ대흘1,2013-06-26,13.68
JQ대흘1,2013-06-27,13.73
JQ대흘1,2013-06-28,13.75
JQ대흘1,2013-06-29,13.76
JQ대흘1,2013-06-30,13.76
JQ대흘1,2013-07-01,13.76
JQ대흘1,2013-07-02,13.76
JQ대흘1,2013-07-03,13.75
JQ대흘1,2013-07-04,13.75
JQ대흘1,2013-07-05,13.74
JQ대흘1,2013-07-06,13.72
JQ대흘1,2013-07-07,13.71
JQ대흘1,2013-07-08,13.69
JQ대흘1,2013-07-09,13.67
JQ대흘1,2013-07-10,13.64
JQ대흘1,2013-07-11,13.61
JQ대흘1,2013-07-12,13.59
JQ대흘1,2013-07-13,13.55
JQ대흘1,2013-07-14,13.51
JQ대흘1,2013-07-15,13.48
JQ대흘1,2013-07-16,13.44
JQ대흘1,2013-07-17,13.39
JQ대흘1,2013-07-18,13.35
JQ대흘1,2013-07-19,13.3
JQ대흘1,2013-07-20,13.27
JQ대흘1,2013-07-21,13.22
JQ대흘1,2013-07-22,13.18
JQ대흘1,2013-07-23,13.15
JQ대흘1,2013-07-24,13.11
JQ대흘1,2013-07-25,13.07
JQ대흘1,2013-07-26,13.03
JQ대흘1,2013-07-27,12.99
JQ대흘1,2013-07-28,12.95
JQ대흘1,2013-07-29,12.91
JQ대흘1,2013-07-30,12.85
JQ대흘1,2013-07-31,12.8
JQ대흘1,2013-08-01,12.75
JQ대흘1,2013-08-02,12.69
JQ대흘1,2013-08-03,12.64
JQ대흘1,2013-08-04,12.59
JQ대흘1,2013-08-05,12.56
JQ대흘1,2013-08-06,12.52
JQ대흘1,2013-08-07,12.47
JQ대흘1,2013-08-08,12.42
JQ대흘1,2013-08-09,12.38
JQ대흘1,2013-08-10,12.32
JQ대흘1,2013-08-11,12.27
JQ대흘1,2013-08-12,12.22
JQ대흘1,2013-08-13,12.17
JQ대흘1,2013-08-14,12.11
JQ대흘1,2013-08-15,12.06
JQ대흘1,2013-08-16,12.01
JQ대흘1,2013-08-17,11.96
JQ대흘1,2013-08-18,11.91
JQ대흘1,2013-08-19,11.86
JQ대흘1,2013-08-20,11.82
JQ대흘1,2013-08-21,11.77
JQ대흘1,2013-08-22,11.72
JQ대흘1,2013-08-23,11.69
JQ대흘1,2013-08-24,11.66
JQ대흘1,2013-08-25,11.62
JQ대흘1,2013-08-26,11.59
JQ대흘1,2013-08-27,11.56
JQ대흘1,2013-08-28,11.52
JQ대흘1,2013-08-29,11.49
JQ대흘1,2013-08-30,11.46
JQ대흘1,2013-08-31,11.46
JQ대흘1,2013-09-01,11.46
JQ대흘1,2013-09-02,11.45
JQ대흘1,2013-09-03,11.42
JQ대흘1,2013-09-04,11.4
JQ대흘1,2013-09-05,11.36
JQ대흘1,2013-09-06,11.33
JQ대흘1,2013-09-07,11.32
JQ대흘1,2013-09-08,11.31
JQ대흘1,2013-09-09,11.3
JQ대흘1,2013-09-10,11.28
JQ대흘1,2013-09-11,11.25
JQ대흘1,2013-09-12,11.22
JQ대흘1,2013-09-13,11.19
JQ대흘1,2013-09-14,11.16
JQ대흘1,2013-09-15,11.14
JQ대흘1,2013-09-16,11.11
JQ대흘1,2013-09-17,11.09
JQ대흘1,2013-09-18,11.06
JQ대흘1,2013-09-19,11.03
JQ대흘1,2013-09-20,11.0
JQ대흘1,2013-09-21,10.97
JQ대흘1,2013-09-22,10.93
JQ대흘1,2013-09-23,10.92
JQ대흘1,2013-09-24,10.89
JQ대흘1,2013-09-25,10.86
JQ대흘1,2013-09-26,10.83
JQ대흘1,2013-09-27,10.8
JQ대흘1,2013-09-28,10.77
JQ대흘1,2013-09-29,10.73
JQ대흘1,2013-09-30,10.72
JQ대흘1,2013-10-01,10.71
JQ대흘1,2013-10-02,10.7
JQ대흘1,2013-10-03,10.69
JQ대흘1,2013-10-04,10.66
JQ대흘1,2013-10-05,10.64
JQ대흘1,2013-10-06,10.62
JQ대흘1,2013-10-07,10.63
JQ대흘1,2013-10-08,10.69
JQ대흘1,2013-10-09,10.77
JQ대흘1,2013-10-10,10.86
JQ대흘1,2013-10-11,10.91
JQ대흘1,2013-10-12,10.93
JQ대흘1,2013-10-13,10.95
JQ대흘1,2013-10-14,10.96
JQ대흘1,2013-10-15,10.97
JQ대흘1,2013-10-16,10.96
JQ대흘1,2013-10-17,10.97
JQ대흘1,2013-10-18,10.99
JQ대흘1,2013-10-19,10.99
JQ대흘1,2013-10-20,11.0
JQ대흘1,2013-10-21,11.0
JQ대흘1,2013-10-22,11.01
JQ대흘1,2013-10-23,11.01
JQ대흘1,2013-10-24,11.01
JQ대흘1,2013-10-25,11.0
JQ대흘1,2013-10-26,10.98
JQ대흘1,2013-10-27,10.96
JQ대흘1,2013-10-28,10.95
JQ대흘1,2013-10-29,10.93
JQ대흘1,2013-10-30,10.91
JQ대흘1,2013-10-31,10.89
JQ대흘1,2013-11-01,10.88
JQ대흘1,2013-11-02,10.87
JQ대흘1,2013-11-03,10.85
JQ대흘1,2013-11-04,10.84
JQ대흘1,2013-11-05,10.83
JQ대흘1,2013-11-06,10.83
JQ대흘1,2013-11-07,10.8
JQ대흘1,2013-11-08,10.78
JQ대흘1,2013-11-09,10.77
JQ대흘1,2013-11-10,10.76
JQ대흘1,2013-11-11,10.79
JQ대흘1,2013-11-12,10.8
JQ대흘1,2013-11-13,10.8
JQ대흘1,2013-11-14,10.79
JQ대흘1,2013-11-15,10.78
JQ대흘1,2013-11-16,10.77
JQ대흘1,2013-11-17,10.75
JQ대흘1,2013-11-18,10.73
JQ대흘1,2013-11-19,10.72
JQ대흘1,2013-11-20,10.69
JQ대흘1,2013-11-21,10.67
JQ대흘1,2013-11-22,10.64
JQ대흘1,2013-11-23,10.61
JQ대흘1,2013-11-24,10.61
JQ대흘1,2013-11-25,10.58
JQ대흘1,2013-11-26,10.58
JQ대흘1,2013-11-27,10.58
JQ대흘1,2013-11-28,10.57
JQ대흘1,2013-11-29,10.54
JQ대흘1,2013-11-30,10.53
JQ대흘1,2013-12-01,10.5
JQ대흘1,2013-12-02,10.49
JQ대흘1,2013-12-03,10.47
JQ대흘1,2013-12-04,10.45
JQ대흘1,2013-12-05,10.43
JQ대흘1,2013-12-06,10.41
JQ대흘1,2013-12-07,10.38
JQ대흘1,2013-12-08,10.37
JQ대흘1,2013-12-09,10.36
JQ대흘1,2013-12-10,10.34
JQ대흘1,2013-12-11,10.33
JQ대흘1,2013-12-12,10.31
JQ대흘1,2013-12-13,10.27
JQ대흘1,2013-12-14,10.24
JQ대흘1,2013-12-15,10.22
JQ대흘1,2013-12-16,10.2
JQ대흘1,2013-12-17,10.18
JQ대흘1,2013-12-18,10.18
JQ대흘1,2013-12-19,10.2
JQ대흘1,2013-12-20,10.21
JQ대흘1,2013-12-21,10.2
JQ대흘1,2013-12-22,10.19
JQ대흘1,2013-12-23,10.18
JQ대흘1,2013-12-24,10.17
JQ대흘1,2013-12-25,10.16
JQ대흘1,2013-12-26,10.15
JQ대흘1,2013-12-27,10.13
JQ대흘1,2013-12-28,10.12
JQ대흘1,2013-12-29,10.1
JQ대흘1,2013-12-30,10.1
JQ대흘1,2013-12-31,10.09
JQ대흘1,2014-01-01,10.07
JQ대흘1,2014-01-02,10.06
JQ대흘1,2014-01-03,10.06
JQ대흘1,2014-01-04,10.04
JQ대흘1,2014-01-05,10.02
JQ대흘1,2014-01-06,10.01
JQ대흘1,2014-01-07,10.0
JQ대흘1,2014-01-08,10.0
JQ대흘1,2014-01-09,10.03
JQ대흘1,2014-01-10,10.06
JQ대흘1,2014-01-11,10.06
JQ대흘1,2014-01-12,10.05
JQ대흘1,2014-01-13,10.05
JQ대흘1,2014-01-14,10.03
JQ대흘1,2014-01-15,10.03
JQ대흘1,2014-01-16,10.02
JQ대흘1,2014-01-17,10.0
JQ대흘1,2014-01-18,9.98
JQ대흘1,2014-01-19,9.97
JQ대흘1,2014-01-20,9.97
JQ대흘1,2014-01-21,9.95
JQ대흘1,2014-01-22,9.94
JQ대흘1,2014-01-23,9.93
JQ대흘1,2014-01-24,9.92
JQ대흘1,2014-01-25,9.9
JQ대흘1,2014-01-26,9.88
JQ대흘1,2014-01-27,9.87
JQ대흘1,2014-01-28,9.85
JQ대흘1,2014-01-29,9.85
JQ대흘1,2014-01-30,9.83
JQ대흘1,2014-01-31,9.83
JQ대흘1,2014-02-01,9.84
JQ대흘1,2014-02-02,9.84
JQ대흘1,2014-02-03,9.82
JQ대흘1,2014-02-04,9.81
JQ대흘1,2014-02-05,9.8
JQ대흘1,2014-02-06,9.79
JQ대흘1,2014-02-07,9.82
JQ대흘1,2014-02-08,9.83
JQ대흘1,2014-02-09,9.87
JQ대흘1,2014-02-10,9.9
JQ대흘1,2014-02-11,9.92
JQ대흘1,2014-02-12,9.94
JQ대흘1,2014-02-13,9.96
JQ대흘1,2014-02-14,9.97
JQ대흘1,2014-02-15,9.98
JQ대흘1,2014-02-16,10.0
JQ대흘1,2014-02-17,10.01
JQ대흘1,2014-02-18,10.06
JQ대흘1,2014-02-19,10.11
JQ대흘1,2014-02-20,10.15
JQ대흘1,2014-02-21,10.17
JQ대흘1,2014-02-22,10.2
JQ대흘1,2014-02-23,10.21
JQ대흘1,2014-02-24,10.23
JQ대흘1,2014-02-25,10.25
JQ대흘1,2014-02-26,10.28
JQ대흘1,2014-02-27,10.35
JQ대흘1,2014-02-28,10.43
JQ대흘1,2014-03-01,10.49
JQ대흘1,2014-03-02,10.55
JQ대흘1,2014-03-03,10.63
JQ대흘1,2014-03-04,10.71
JQ대흘1,2014-03-05,10.78
JQ대흘1,2014-03-06,10.85
JQ대흘1,2014-03-07,10.93
JQ대흘1,2014-03-08,11.0
JQ대흘1,2014-03-09,11.05
JQ대흘1,2014-03-10,11.11
JQ대흘1,2014-03-11,11.18
JQ대흘1,2014-03-12,11.26
JQ대흘1,2014-03-13,11.31
JQ대흘1,2014-03-14,11.38
JQ대흘1,2014-03-15,11.45
JQ대흘1,2014-03-16,11.5
JQ대흘1,2014-03-17,11.55
JQ대흘1,2014-03-18,11.59
JQ대흘1,2014-03-19,11.63
JQ대흘1,2014-03-20,11.66
JQ대흘1,2014-03-21,11.67
JQ대흘1,2014-03-22,11.68
JQ대흘1,2014-03-23,11.69
JQ대흘1,2014-03-24,11.7
JQ대흘1,2014-03-25,11.71
JQ대흘1,2014-03-26,11.72
JQ대흘1,2014-03-27,11.71
JQ대흘1,2014-03-28,11.72
JQ대흘1,2014-03-29,11.73
JQ대흘1,2014-03-30,11.73
JQ대흘1,2014-03-31,11.75
JQ대흘1,2014-04-01,11.76
JQ대흘1,2014-04-02,11.76
JQ대흘1,2014-04-03,11.76
JQ대흘1,2014-04-04,11.74
JQ대흘1,2014-04-05,11.71
JQ대흘1,2014-04-06,11.68
JQ대흘1,2014-04-07,11.66
JQ대흘1,2014-04-08,11.64
JQ대흘1,2014-04-09,11.61
JQ대흘1,2014-04-10,11.58
JQ대흘1,2014-04-11,11.55
JQ대흘1,2014-04-12,11.52
JQ대흘1,2014-04-13,11.5
JQ대흘1,2014-04-14,11.49
JQ대흘1,2014-04-15,11.49
JQ대흘1,2014-04-16,11.47
JQ대흘1,2014-04-17,11.46
JQ대흘1,2014-04-18,11.43
JQ대흘1,2014-04-19,11.41
JQ대흘1,2014-04-20,11.39
JQ대흘1,2014-04-21,11.37
JQ대흘1,2014-04-22,11.34
JQ대흘1,2014-04-23,11.3
JQ대흘1,2014-04-24,11.26
JQ대흘1,2014-04-25,11.23
JQ대흘1,2014-04-26,11.19
JQ대흘1,2014-04-27,11.15
JQ대흘1,2014-04-28,11.13
JQ대흘1,2014-04-29,11.11
JQ대흘1,2014-04-30,11.08
JQ대흘1,2014-05-01,11.05
JQ대흘1,2014-05-02,11.02
JQ대흘1,2014-05-03,10.98
JQ대흘1,2014-05-04,10.94
JQ대흘1,2014-05-05,10.9
JQ대흘1,2014-05-06,10.86
JQ대흘1,2014-05-07,10.83
JQ대흘1,2014-05-08,10.79
JQ대흘1,2014-05-09,10.74
JQ대흘1,2014-05-10,10.71
JQ대흘1,2014-05-11,10.68
JQ대흘1,2014-05-12,10.65
JQ대흘1,2014-05-13,10.65
JQ대흘1,2014-05-15,10.63
JQ대흘1,2014-05-16,10.61
JQ대흘1,2014-05-18,10.57
JQ대흘1,2014-05-19,10.55
JQ대흘1,2014-05-20,10.55
JQ대흘1,2014-05-21,10.57
JQ대흘1,2014-05-22,10.59
JQ대흘1,2014-05-23,10.59
JQ대흘1,2014-05-24,10.6
JQ대흘1,2014-05-25,10.6
JQ대흘1,2014-05-26,10.61
JQ대흘1,2014-05-27,10.62
JQ대흘1,2014-05-28,10.62
JQ대흘1,2014-05-29,10.62
JQ대흘1,2014-05-30,10.62
JQ대흘1,2014-05-31,10.61
JQ대흘1,2014-06-01,10.61
JQ대흘1,2014-06-02,10.61
JQ대흘1,2014-06-03,10.6
JQ대흘1,2014-06-04,10.58
JQ대흘1,2014-06-05,10.57
JQ대흘1,2014-06-06,10.55
JQ대흘1,2014-06-07,10.53
JQ대흘1,2014-06-08,10.51
JQ대흘1,2014-06-09,10.48
JQ대흘1,2014-06-10,10.46
JQ대흘1,2014-06-11,10.43
JQ대흘1,2014-06-12,10.41
JQ대흘1,2014-06-13,10.38
JQ대흘1,2014-06-14,10.36
JQ대흘1,2014-06-15,10.33
JQ대흘1,2014-06-16,10.31
JQ대흘1,2014-06-17,10.31
JQ대흘1,2014-06-18,10.33
JQ대흘1,2014-06-19,10.35
JQ대흘1,2014-06-20,10.35
JQ대흘1,2014-06-21,10.34
JQ대흘1,2014-06-22,10.34
JQ대흘1,2014-06-23,10.35
JQ대흘1,2014-06-24,10.35
JQ대흘1,2014-06-25,10.33
JQ대흘1,2014-06-26,10.32
JQ대흘1,2014-06-27,10.3
JQ대흘1,2014-06-28,10.29
JQ대흘1,2014-06-29,10.27
JQ대흘1,2014-06-30,10.24
JQ대흘1,2014-07-01,10.22
JQ대흘1,2014-07-02,10.21
JQ대흘1,2014-07-03,10.2
JQ대흘1,2014-07-04,10.2
JQ대흘1,2014-07-05,10.2
JQ대흘1,2014-07-06,10.24
JQ대흘1,2014-07-07,10.37
JQ대흘1,2014-07-08,10.49
JQ대흘1,2014-07-09,10.63
JQ대흘1,2014-07-10,10.76
JQ대흘1,2014-07-11,10.96
JQ대흘1,2014-07-12,11.15
JQ대흘1,2014-07-13,11.3
JQ대흘1,2014-07-14,11.52
JQ대흘1,2014-07-15,11.8
JQ대흘1,2014-07-16,12.1
JQ대흘1,2014-07-17,12.42
JQ대흘1,2014-07-18,12.73
JQ대흘1,2014-07-19,13.0
JQ대흘1,2014-07-20,13.2
JQ대흘1,2014-07-21,13.38
JQ대흘1,2014-07-22,13.55
JQ대흘1,2014-07-23,13.67
JQ대흘1,2014-07-24,13.79
JQ대흘1,2014-07-25,13.89
JQ대흘1,2014-07-26,13.98
JQ대흘1,2014-07-27,14.07
JQ대흘1,2014-07-28,14.15
JQ대흘1,2014-07-29,14.21
JQ대흘1,2014-07-30,14.27
JQ대흘1,2014-07-31,14.33
JQ대흘1,2014-08-01,14.39
JQ대흘1,2014-08-02,14.49
JQ대흘1,2014-08-03,14.65
JQ대흘1,2014-08-04,14.86
JQ대흘1,2014-08-05,15.08
JQ대흘1,2014-08-06,15.26
JQ대흘1,2014-08-07,15.85
JQ대흘1,2014-08-08,16.48
JQ대흘1,2014-08-09,17.16
JQ대흘1,2014-08-10,17.69
JQ대흘1,2014-08-11,18.1
JQ대흘1,2014-08-12,18.44
JQ대흘1,2014-08-13,18.7
JQ대흘1,2014-08-14,18.91
JQ대흘1,2014-08-15,19.09
JQ대흘1,2014-08-16,19.24
JQ대흘1,2014-08-17,19.39
JQ대흘1,2014-08-18,19.51
JQ대흘1,2014-08-19,19.62
JQ대흘1,2014-08-20,19.75
JQ대흘1,2014-08-22,20.1
JQ대흘1,2014-08-23,20.27
JQ대흘1,2014-08-24,20.45
JQ대흘1,2014-08-25,20.66
JQ대흘1,2014-08-26,20.87
JQ대흘1,2014-08-27,21.11
JQ대흘1,2014-08-28,21.29
JQ대흘1,2014-08-29,21.54
JQ대흘1,2014-08-30,21.77
JQ대흘1,2014-08-31,22.0
JQ대흘1,2014-09-01,22.22
JQ대흘1,2014-09-02,22.46
JQ대흘1,2014-09-03,22.65
JQ대흘1,2014-09-04,22.82
JQ대흘1,2014-09-05,22.98
JQ대흘1,2014-09-06,23.11
JQ대흘1,2014-09-07,23.24
JQ대흘1,2014-09-08,23.35
JQ대흘1,2014-09-09,23.44
JQ대흘1,2014-09-10,23.51
JQ대흘1,2014-09-11,23.56
JQ대흘1,2014-09-12,23.6
JQ대흘1,2014-09-13,23.64
JQ대흘1,2014-09-14,23.66
JQ대흘1,2014-09-15,23.68
JQ대흘1,2014-09-16,23.69
JQ대흘1,2014-09-17,23.68
JQ대흘1,2014-09-18,23.68
JQ대흘1,2014-09-19,23.67
JQ대흘1,2014-09-20,23.64
JQ대흘1,2014-09-21,23.61
JQ대흘1,2014-09-22,23.57
JQ대흘1,2014-09-23,23.55
JQ대흘1,2014-09-24,23.55
JQ대흘1,2014-09-25,23.51
JQ대흘1,2014-09-26,23.49
JQ대흘1,2014-09-27,23.45
JQ대흘1,2014-09-28,23.42
JQ대흘1,2014-09-29,23.4
JQ대흘1,2014-09-30,23.36
JQ대흘1,2014-10-01,23.34
JQ대흘1,2014-10-02,23.33
JQ대흘1,2014-10-03,23.29
JQ대흘1,2014-10-04,23.24
JQ대흘1,2014-10-05,23.2
JQ대흘1,2014-10-06,23.16
JQ대흘1,2014-10-13,22.71
JQ대흘1,2014-10-14,22.67
JQ대흘1,2014-10-15,22.61
JQ대흘1,2014-10-16,22.56
JQ대흘1,2014-10-17,22.51
JQ대흘1,2014-10-18,22.46
JQ대흘1,2014-10-19,22.42
JQ대흘1,2014-10-20,22.4
JQ대흘1,2014-10-21,22.37
JQ대흘1,2014-10-22,22.33
JQ대흘1,2014-10-24,22.26
JQ대흘1,2014-10-25,22.22
JQ대흘1,2014-10-27,22.12
JQ대흘1,2014-10-28,22.06
JQ대흘1,2014-10-30,21.94
JQ대흘1,2014-10-31,21.9
JQ대흘1,2014-11-01,21.85
JQ대흘1,2014-11-02,21.79
JQ대흘1,2014-11-03,21.72
JQ대흘1,2014-11-04,21.64
JQ대흘1,2014-11-05,21.59
JQ대흘1,2014-11-06,21.52
JQ대흘1,2014-11-07,21.43
JQ대흘1,2014-11-08,21.36
JQ대흘1,2014-11-09,21.29
JQ대흘1,2014-11-10,21.22
JQ대흘1,2014-11-11,21.15
JQ대흘1,2014-11-12,21.07
JQ대흘1,2014-11-13,20.96
JQ대흘1,2014-11-14,20.86
JQ대흘1,2014-11-15,20.76
JQ대흘1,2014-11-16,20.68
JQ대흘1,2014-11-17,20.57
JQ대흘1,2014-11-18,20.48
JQ대흘1,2014-11-19,20.4
JQ대흘1,2014-11-20,20.3
JQ대흘1,2014-11-21,20.2
JQ대흘1,2014-11-22,20.1
JQ대흘1,2014-11-23,20.0
JQ대흘1,2014-11-24,19.93
JQ대흘1,2014-11-25,19.84
JQ대흘1,2014-11-26,19.77
JQ대흘1,2014-11-27,19.71
JQ대흘1,2014-11-28,19.67
JQ대흘1,2014-11-29,19.6
JQ대흘1,2014-11-30,19.56
JQ대흘1,2014-12-01,19.48
JQ대흘1,2014-12-02,19.44
JQ대흘1,2014-12-03,19.39
JQ대흘1,2014-12-04,19.34
JQ대흘1,2014-12-05,19.29
JQ대흘1,2014-12-06,19.24
JQ대흘1,2014-12-07,19.2
JQ대흘1,2014-12-08,19.15
JQ대흘1,2014-12-09,19.1
JQ대흘1,2014-12-10,19.08
JQ대흘1,2014-12-11,19.03
JQ대흘1,2014-12-12,18.99
JQ대흘1,2014-12-13,18.94
JQ대흘1,2014-12-14,18.89
JQ대흘1,2014-12-15,18.86
JQ대흘1,2014-12-16,18.82
JQ대흘1,2014-12-17,18.77
JQ대흘1,2014-12-18,18.71
JQ대흘1,2014-12-19,18.68
JQ대흘1,2014-12-20,18.64
JQ대흘1,2014-12-21,18.58
JQ대흘1,2014-12-22,18.52
JQ대흘1,2014-12-23,18.48
JQ대흘1,2014-12-24,18.43
JQ대흘1,2014-12-25,18.36
JQ대흘1,2014-12-26,18.3
JQ대흘1,2014-12-27,18.24
JQ대흘1,2014-12-28,18.19
JQ대흘1,2014-12-29,18.13
JQ대흘1,2014-12-30,18.06
JQ대흘1,2014-12-31,18.0
JQ대흘1,2015-01-01,17.92
JQ대흘1,2015-01-02,17.85
JQ대흘1,2015-01-03,17.79
JQ대흘1,2015-01-04,17.72
JQ대흘1,2015-01-05,17.66
JQ대흘1,2015-01-06,17.58
JQ대흘1,2015-01-07,17.5
JQ대흘1,2015-01-08,17.43
JQ대흘1,2015-01-09,17.36
JQ대흘1,2015-01-10,17.28
JQ대흘1,2015-01-11,17.2
JQ대흘1,2015-01-12,17.1
JQ대흘1,2015-01-13,17.03
JQ대흘1,2015-01-14,16.97
JQ대흘1,2015-01-15,16.91
JQ대흘1,2015-01-16,16.86
JQ대흘1,2015-01-17,16.79
JQ대흘1,2015-01-18,16.75
JQ대흘1,2015-01-19,16.67
JQ대흘1,2015-01-20,16.62
JQ대흘1,2015-01-21,16.57
JQ대흘1,2015-01-22,16.51
JQ대흘1,2015-01-23,16.44
JQ대흘1,2015-01-24,16.38
JQ대흘1,2015-01-25,16.33
JQ대흘1,2015-01-26,16.27
JQ대흘1,2015-01-27,16.2
JQ대흘1,2015-01-28,16.13
JQ대흘1,2015-01-29,16.08
JQ대흘1,2015-01-30,16.02
JQ대흘1,2015-01-31,15.97
JQ대흘1,2015-02-01,15.92
JQ대흘1,2015-02-02,15.86
JQ대흘1,2015-02-03,15.81
JQ대흘1,2015-02-04,15.76
JQ대흘1,2015-02-05,15.71
JQ대흘1,2015-02-06,15.66
JQ대흘1,2015-02-07,15.61
JQ대흘1,2015-02-08,15.54
JQ대흘1,2015-02-09,15.49
JQ대흘1,2015-02-10,15.45
JQ대흘1,2015-02-11,15.4
JQ대흘1,2015-02-12,15.34
JQ대흘1,2015-02-13,15.28
JQ대흘1,2015-02-14,15.22
JQ대흘1,2015-02-15,15.18
JQ대흘1,2015-02-16,15.13
JQ대흘1,2015-02-17,15.07
JQ대흘1,2015-02-18,15.01
JQ대흘1,2015-02-19,14.96
JQ대흘1,2015-02-20,14.92
JQ대흘1,2015-02-21,14.88
JQ대흘1,2015-02-22,14.82
JQ대흘1,2015-02-23,14.77
JQ대흘1,2015-02-24,14.72
JQ대흘1,2015-02-25,14.66
JQ대흘1,2015-02-26,14.6
JQ대흘1,2015-02-27,14.53
JQ대흘1,2015-02-28,14.48
JQ대흘1,2015-03-01,14.43
JQ대흘1,2015-03-02,14.38
JQ대흘1,2015-03-03,14.34
JQ대흘1,2015-03-04,14.27
JQ대흘1,2015-03-05,14.22
JQ대흘1,2015-03-06,14.16
JQ대흘1,2015-03-07,14.09
JQ대흘1,2015-03-08,14.04
JQ대흘1,2015-03-09,13.97
JQ대흘1,2015-03-10,13.92
JQ대흘1,2015-03-11,13.87
JQ대흘1,2015-03-12,13.81
JQ대흘1,2015-03-13,13.75
JQ대흘1,2015-03-14,13.68
JQ대흘1,2015-03-15,13.62
JQ대흘1,2015-03-16,13.57
JQ대흘1,2015-03-17,13.51
JQ대흘1,2015-03-18,13.48
JQ대흘1,2015-03-19,13.47
JQ대흘1,2015-03-20,13.47
JQ대흘1,2015-03-21,13.47
JQ대흘1,2015-03-22,13.44
JQ대흘1,2015-03-23,13.41
JQ대흘1,2015-03-24,13.38
JQ대흘1,2015-03-25,13.35
JQ대흘1,2015-03-26,13.32
JQ대흘1,2015-03-27,13.29
JQ대흘1,2015-03-28,13.26
JQ대흘1,2015-03-29,13.22
JQ대흘1,2015-03-30,13.19
JQ대흘1,2015-03-31,13.17
JQ대흘1,2015-04-01,13.14
JQ대흘1,2015-04-02,13.12
JQ대흘1,2015-04-03,13.08
JQ대흘1,2015-04-04,13.06
JQ대흘1,2015-04-05,13.04
JQ대흘1,2015-04-06,13.04
JQ대흘1,2015-04-07,13.06
JQ대흘1,2015-04-08,13.07
JQ대흘1,2015-04-09,13.08
JQ대흘1,2015-04-10,13.07
JQ대흘1,2015-04-11,13.05
JQ대흘1,2015-04-12,13.04
JQ대흘1,2015-04-13,13.05
JQ대흘1,2015-04-14,13.07
JQ대흘1,2015-04-15,13.08
JQ대흘1,2015-04-16,13.09
JQ대흘1,2015-04-17,13.09
JQ대흘1,2015-04-18,13.11
JQ대흘1,2015-04-19,13.15
JQ대흘1,2015-04-20,13.17
JQ대흘1,2015-04-21,13.2
JQ대흘1,2015-04-22,13.23
JQ대흘1,2015-04-23,13.25
JQ대흘1,2015-04-24,13.26
JQ대흘1,2015-04-25,13.26
JQ대흘1,2015-04-26,13.25
JQ대흘1,2015-04-27,13.25
JQ대흘1,2015-04-28,13.26
JQ대흘1,2015-04-29,13.24
JQ대흘1,2015-04-30,13.24
JQ대흘1,2015-05-01,13.26
JQ대흘1,2015-05-02,13.27
JQ대흘1,2015-05-03,13.29
JQ대흘1,2015-05-04,13.31
JQ대흘1,2015-05-05,13.34
JQ대흘1,2015-05-06,13.35
JQ대흘1,2015-05-07,13.36
JQ대흘1,2015-05-08,13.36
JQ대흘1,2015-05-09,13.36
JQ대흘1,2015-05-10,13.34
JQ대흘1,2015-05-11,13.35
JQ대흘1,2015-05-12,13.39
JQ대흘1,2015-05-13,13.46
JQ대흘1,2015-05-14,13.52
JQ대흘1,2015-05-15,13.59
JQ대흘1,2015-05-16,13.65
JQ대흘1,2015-05-17,13.73
JQ대흘1,2015-05-18,13.89
JQ대흘1,2015-05-19,14.06
JQ대흘1,2015-05-20,14.23
JQ대흘1,2015-05-21,14.37
JQ대흘1,2015-05-22,14.5
JQ대흘1,2015-05-23,14.59
JQ대흘1,2015-05-24,14.67
JQ대흘1,2015-05-25,14.72
JQ대흘1,2015-05-26,14.76
JQ대흘1,2015-05-27,14.8
JQ대흘1,2015-05-28,14.83
JQ대흘1,2015-05-29,14.91
JQ대흘1,2015-05-30,15.04
JQ대흘1,2015-05-31,15.05
JQ대흘1,2015-06-01,15.06
JQ대흘1,2015-06-02,15.08
JQ대흘1,2015-06-03,15.11
JQ대흘1,2015-06-04,15.15
JQ대흘1,2015-06-05,15.19
JQ대흘1,2015-06-06,15.23
JQ대흘1,2015-06-07,15.27
JQ대흘1,2015-06-08,15.31
JQ대흘1,2015-06-09,15.32
JQ대흘1,2015-06-18,15.41
JQ대흘1,2015-06-20,15.39
JQ대흘1,2015-07-01,15.46
JQ대흘1,2015-07-02,15.48
JQ대흘1,2015-07-03,15.5
JQ대흘1,2015-07-04,15.5
JQ대흘1,2015-07-05,15.5
JQ대흘1,2015-07-06,15.5
JQ대흘1,2015-07-07,15.52
JQ대흘1,2015-07-08,15.59
JQ대흘1,2015-07-09,15.71
JQ대흘1,2015-07-10,15.83
JQ대흘1,2015-07-11,15.95
JQ대흘1,2015-07-12,16.19
JQ대흘1,2015-07-13,16.59
JQ대흘1,2015-07-14,17.09
JQ대흘1,2015-07-15,17.69
JQ대흘1,2015-07-16,18.6
JQ대흘1,2015-07-17,19.6
JQ대흘1,2015-07-18,20.62
JQ대흘1,2015-07-19,21.39
JQ대흘1,2015-07-20,21.96
JQ대흘1,2015-07-21,22.36
JQ대흘1,2015-07-22,22.65
JQ대흘1,2015-07-23,22.84
JQ대흘1,2015-07-24,22.99
JQ대흘1,2015-07-25,23.11
JQ대흘1,2015-07-26,23.18
JQ대흘1,2015-07-27,23.23
JQ대흘1,2015-07-28,23.27
JQ대흘1,2015-07-29,23.3
JQ대흘1,2015-07-30,23.31
JQ대흘1,2015-07-31,23.33
JQ대흘1,2015-08-01,23.33
JQ대흘1,2015-08-02,23.34
JQ대흘1,2015-08-03,23.35
JQ대흘1,2015-08-04,23.32
JQ대흘1,2015-08-05,23.3
JQ대흘1,2015-08-06,23.26
JQ대흘1,2015-08-07,23.21
JQ대흘1,2015-08-08,23.17
JQ대흘1,2015-08-09,23.13
JQ대흘1,2015-08-10,23.07
JQ대흘1,2015-08-11,23.03
JQ대흘1,2015-08-12,22.99
JQ대흘1,2015-08-13,22.97
JQ대흘1,2015-08-14,22.94
JQ대흘1,2015-08-15,22.91
JQ대흘1,2015-08-16,22.89
JQ대흘1,2015-08-17,22.86
JQ대흘1,2015-08-18,22.84
JQ대흘1,2015-08-19,22.83
JQ대흘1,2015-08-20,22.83
JQ대흘1,2015-08-21,22.81
JQ대흘1,2015-08-22,22.79
JQ대흘1,2015-08-23,22.78
JQ대흘1,2015-08-24,22.77
JQ대흘1,2015-08-25,22.77
JQ대흘1,2015-08-26,22.77
JQ대흘1,2015-08-27,22.79
JQ대흘1,2015-08-28,22.82
JQ대흘1,2015-08-29,22.85
JQ대흘1,2015-08-30,22.88
JQ대흘1,2015-08-31,22.92
JQ대흘1,2015-09-01,22.95
JQ대흘1,2015-09-02,22.97
JQ대흘1,2015-09-03,22.99
JQ대흘1,2015-09-04,23.0
JQ대흘1,2015-09-05,23.01
JQ대흘1,2015-09-06,22.99
JQ대흘1,2015-09-07,22.97
JQ대흘1,2015-09-08,22.95
JQ대흘1,2015-09-09,22.92
JQ대흘1,2015-09-10,22.88
JQ대흘1,2015-09-11,22.83
JQ대흘1,2015-09-12,22.78
JQ대흘1,2015-09-13,22.71
JQ대흘1,2015-09-14,22.65
JQ대흘1,2015-09-15,22.59
JQ대흘1,2015-09-16,22.52
JQ대흘1,2015-09-17,22.46
JQ대흘1,2015-09-18,22.4
JQ대흘1,2015-09-19,22.34
JQ대흘1,2015-09-20,22.27
JQ대흘1,2015-09-21,22.2
JQ대흘1,2015-09-22,22.12
JQ대흘1,2015-09-23,22.06
JQ대흘1,2015-09-24,22.01
JQ대흘1,2015-09-25,21.95
JQ대흘1,2015-09-26,21.89
JQ대흘1,2015-09-27,21.83
JQ대흘1,2015-09-28,21.77
JQ대흘1,2015-09-29,21.7
JQ대흘1,2015-09-30,21.65
JQ대흘1,2015-10-01,21.65
JQ대흘1,2015-10-02,21.62
JQ대흘1,2015-10-03,21.62
JQ대흘1,2015-10-04,21.62
JQ대흘1,2015-10-05,21.63
JQ대흘1,2015-10-06,21.66
JQ대흘1,2015-10-07,21.7
JQ대흘1,2015-10-08,21.74
JQ대흘1,2015-10-09,21.78
JQ대흘1,2015-10-10,21.83
JQ대흘1,2015-10-11,21.84
JQ대흘1,2015-10-12,21.85
JQ대흘1,2015-10-13,21.84
JQ대흘1,2015-10-14,21.84
JQ대흘1,2015-10-15,21.82
JQ대흘1,2015-10-16,21.79
JQ대흘1,2015-10-17,21.76
JQ대흘1,2015-10-18,21.74
JQ대흘1,2015-10-19,21.71
JQ대흘1,2015-10-20,21.67
JQ대흘1,2015-10-21,21.62
JQ대흘1,2015-10-22,21.57
JQ대흘1,2015-10-23,21.52
JQ대흘1,2015-10-24,21.46
JQ대흘1,2015-10-25,21.39
JQ대흘1,2015-10-26,21.34
JQ대흘1,2015-10-27,21.3
JQ대흘1,2015-10-28,21.22
JQ대흘1,2015-10-29,21.15
JQ대흘1,2015-10-30,21.07
JQ대흘1,2015-10-31,21.0
JQ대흘1,2015-11-01,20.93
JQ대흘1,2015-11-02,20.85
JQ대흘1,2015-11-03,20.76
JQ대흘1,2015-11-04,20.68
JQ대흘1,2015-11-05,20.6
JQ대흘1,2015-11-06,20.51
JQ대흘1,2015-11-07,20.44
JQ대흘1,2015-11-08,20.36
JQ대흘1,2015-11-09,20.28
JQ대흘1,2015-11-10,20.19
JQ대흘1,2015-11-11,20.11
JQ대흘1,2015-11-12,20.03
JQ대흘1,2015-11-13,19.97
JQ대흘1,2015-11-14,19.91
JQ대흘1,2015-11-15,19.83
JQ대흘1,2015-11-16,19.78
JQ대흘1,2015-11-17,19.7
JQ대흘1,2015-11-18,19.63
JQ대흘1,2015-11-19,19.57
JQ대흘1,2015-11-20,19.52
JQ대흘1,2015-11-21,19.46
JQ대흘1,2015-11-22,19.41
JQ대흘1,2015-11-23,19.36
JQ대흘1,2015-11-24,19.31
JQ대흘1,2015-11-25,19.27
JQ대흘1,2015-11-26,19.24
JQ대흘1,2015-11-27,19.2
JQ대흘1,2015-11-28,19.17
JQ대흘1,2015-11-29,19.16
JQ대흘1,2015-11-30,19.13
JQ대흘1,2015-12-01,19.1
JQ대흘1,2015-12-02,19.09
JQ대흘1,2015-12-03,19.06
JQ대흘1,2015-12-04,19.01
JQ대흘1,2015-12-05,18.98
JQ대흘1,2015-12-06,18.95
JQ대흘1,2015-12-07,18.89
JQ대흘1,2015-12-08,18.85
JQ대흘1,2015-12-09,18.81
JQ대흘1,2015-12-10,18.79
JQ대흘1,2015-12-11,18.74
JQ대흘1,2015-12-12,18.73
JQ대흘1,2015-12-13,18.73
JQ대흘1,2015-12-14,18.72
JQ대흘1,2015-12-15,18.7
JQ대흘1,2015-12-16,18.67
JQ대흘1,2015-12-17,18.63
JQ대흘1,2015-12-18,18.6
JQ대흘1,2015-12-19,18.56
JQ대흘1,2015-12-20,18.54
JQ대흘1,2015-12-21,18.5
JQ대흘1,2015-12-22,18.47
JQ대흘1,2015-12-23,18.44
JQ대흘1,2015-12-24,18.4
JQ대흘1,2015-12-25,18.34
JQ대흘1,2015-12-26,18.31
JQ대흘1,2015-12-27,18.24
JQ대흘1,2015-12-28,18.18
JQ대흘1,2015-12-29,18.11
JQ대흘1,2015-12-30,18.06
JQ대흘1,2015-12-31,18.0
JQ대흘1,2025-03-26,4.81
JQ대흘1,2025-03-27,4.81
JQ대흘1,2025-03-28,4.81
JQ대흘1,2025-03-29,4.82
JQ대흘1,2025-03-30,4.82
JQ대흘1,2025-03-31,4.82
JQ대흘1,2025-04-01,4.81
JQ대흘1,2025-04-02,4.79
JQ대흘1,2025-04-03,4.78
JQ대흘1,2025-04-04,4.76
JQ대흘1,2025-04-05,4.75
JQ대흘1,2025-04-06,4.73
JQ대흘1,2025-04-07,4.72
JQ대흘1,2025-04-08,4.7
JQ대흘1,2025-04-09,4.69
JQ대흘1,2025-04-10,4.67
JQ대흘1,2025-04-11,4.66
JQ대흘1,2025-04-12,4.67
JQ대흘1,2025-04-13,4.66
JQ대흘1,2025-04-14,4.68
JQ대흘1,2025-04-15,4.67
JQ대흘1,2025-04-16,4.68
JQ대흘1,2025-04-17,4.67
JQ대흘1,2025-04-18,4.64
JQ대흘1,2025-04-19,4.63
JQ대흘1,2025-04-20,4.61
JQ대흘1,2025-04-21,4.6
JQ대흘1,2025-04-22,4.6
JQ대흘1,2025-04-23,4.58
JQ대흘1,2025-04-24,4.57
JQ대흘1,2025-04-25,4.55
JQ대흘1,2025-04-26,4.54
JQ대흘1,2025-04-27,4.53
JQ대흘1,2025-04-28,4.51
JQ대흘1,2025-04-29,4.49
JQ대흘1,2025-04-30,4.49
JQ대흘1,2025-05-01,4.48
JQ대흘1,2025-05-02,4.48
JQ대흘1,2025-05-03,4.48
JQ대흘1,2025-05-04,4.46
JQ대흘1,2025-05-05,4.46
JQ대흘1,2025-05-06,4.45
JQ대흘1,2025-05-07,4.44
JQ대흘1,2025-05-08,4.44
JQ대흘1,2025-05-09,4.45
JQ대흘1,2025-05-10,4.43
JQ대흘1,2025-05-11,4.45
JQ대흘1,2025-05-12,4.44
JQ대흘1,2025-05-13,4.44
JQ대흘1,2025-05-14,4.43
JQ대흘1,2025-05-15,4.42
JQ대흘1,2025-05-16,4.42
JQ대흘1,2025-05-17,4.41
JQ대흘1,2025-05-18,4.42
JQ대흘1,2025-05-19,4.43
JQ대흘1,2025-05-20,4.42
JQ대흘1,2025-05-21,4.42
JQ대흘1,2025-05-22,4.42
JQ대흘1,2025-05-23,4.43
JQ대흘1,2025-05-24,4.43
JQ대흘1,2025-05-25,4.43
JQ대흘1,2025-05-26,4.43
JQ대흘1,2025-05-27,4.43
JQ대흘1,2025-05-28,4.42
JQ대흘1,2025-05-29,4.41
JQ대흘1,2025-05-30,4.4
JQ대흘1,2025-05-31,4.4
JQ대흘1,2025-06-01,4.4
JQ대흘1,2025-06-02,4.41
JQ대흘1,2025-06-03,4.42
JQ대흘1,2025-06-04,4.43
JQ대흘1,2025-06-05,4.43
JQ대흘1,2025-06-06,4.42
JQ대흘1,2025-06-07,4.41
JQ대흘1,2025-06-08,4.4
JQ대흘1,2025-06-09,4.4
JQ대흘1,2025-06-10,4.39
JQ대흘1,2025-06-11,4.38
JQ대흘1,2025-06-12,4.38
JQ대흘1,2025-06-13,4.38
JQ대흘1,2025-06-14,4.38
JQ대흘1,2025-06-15,4.4
JQ대흘1,2025-06-16,4.42
JQ대흘1,2025-06-17,4.44
JQ대흘1,2025-06-18,4.47
JQ대흘1,2025-06-19,4.49
JQ대흘1,2025-06-20,4.5
JQ대흘1,2025-06-21,4.5
JQ대흘1,2025-06-22,4.49
JQ대흘1,2025-06-23,4.51
JQ대흘1,2025-06-24,4.52
JQ대흘1,2025-06-25,4.52
JQ대흘1,2025-06-26,4.53
JQ대흘1,2025-06-27,4.53
JQ대흘1,2025-06-28,4.52
JQ대흘1,2025-06-29,4.5
JQ대흘1,2025-06-30,4.49
JQ대흘1,2025-07-01,4.47
JQ대흘1,2025-07-02,4.45
JQ대흘1,2025-07-03,4.42
JQ대흘1,2025-07-04,4.37
JQ대흘1,2025-07-05,4.38
JQ대흘1,2025-07-06,4.41
JQ대흘1,2025-07-07,4.43
JQ대흘1,2025-07-08,4.46
JQ대흘1,2025-07-09,4.45
JQ대흘1,2025-07-10,4.42
JQ대흘1,2025-07-11,4.4
JQ대흘1,2025-07-12,4.39
JQ대흘1,2025-07-13,4.4
JQ대흘1,2025-07-14,4.43
JQ대흘1,2025-07-15,4.48
JQ대흘1,2025-07-16,4.53
JQ대흘1,2025-07-17,4.55
JQ대흘1,2025-07-18,4.57
JQ대흘1,2025-07-19,4.61
JQ대흘1,2025-07-20,4.74
JQ대흘1,2025-07-21,4.86
JQ대흘1,2025-07-22,4.93
JQ대흘1,2025-07-23,4.96
JQ대흘1,2025-07-24,4.96
JQ대흘1,2025-07-25,4.94
JQ대흘1,2025-07-26,4.92
JQ대흘1,2025-07-27,4.89
JQ대흘1,2025-07-28,4.88
JQ대흘1,2025-07-29,4.84
JQ대흘1,2025-07-30,4.83
JQ대흘1,2025-07-31,4.8
JQ대흘1,2025-08-01,4.77
JQ대흘1,2025-08-02,4.74
JQ대흘1,2025-08-03,4.72
JQ대흘1,2025-08-04,4.7
JQ대흘1,2025-08-05,4.68
JQ대흘1,2025-08-06,4.67
JQ대흘1,2025-08-07,4.66
JQ대흘1,2025-08-08,4.64
JQ대흘1,2025-08-09,4.63
JQ대흘1,2025-08-10,4.62
JQ대흘1,2025-08-11,4.61
JQ대흘1,2025-08-12,4.61
JQ대흘1,2025-08-13,4.63
JQ대흘1,2025-08-14,4.63
JQ대흘1,2025-08-15,4.62
JQ대흘1,2025-08-16,4.59
JQ대흘1,2025-08-17,4.57
JQ대흘1,2025-08-18,4.55
JQ대흘1,2025-08-19,4.52
JQ대흘1,2025-08-20,4.5
JQ대흘1,2025-08-21,4.49
JQ대흘1,2025-08-22,4.48
JQ대흘1,2025-08-23,4.45
JQ대흘1,2025-08-24,4.46
JQ대흘1,2025-08-25,4.43
JQ대흘1,2025-08-26,4.41
JQ대흘1,2025-08-27,4.4
JQ대흘1,2025-08-28,4.35
JQ대흘1,2025-08-29,4.35
JQ대흘1,2025-08-30,4.36
JQ대흘1,2025-08-31,4.36
JQ대흘1,2025-09-01,4.35
JQ대흘1,2025-09-02,4.34
JQ대흘1,2025-09-03,4.33
JQ대흘1,2025-09-04,4.33
JQ대흘1,2025-09-05,4.33
JQ대흘1,2025-09-06,4.33
JQ대흘1,2025-09-07,4.34
JQ대흘1,2025-09-08,4.34
JQ대흘1,2025-09-09,4.35
JQ대흘1,2025-09-10,4.36
JQ대흘1,2025-09-11,4.37
JQ대흘1,2025-09-12,4.38
JQ대흘1,2025-09-13,4.42
JQ대흘1,2025-09-14,4.46
JQ대흘1,2025-09-15,4.51
JQ대흘1,2025-09-16,4.57
JQ대흘1,2025-09-17,4.67
JQ대흘1,2025-09-18,4.76
JQ대흘1,2025-09-19,4.87
JQ대흘1,2025-09-20,4.97
JQ대흘1,2025-09-21,5.07
JQ대흘1,2025-09-22,5.16
JQ대흘1,2025-09-23,5.24
JQ대흘1,2025-09-24,5.32
JQ대흘1,2025-09-25,5.37
JQ대흘1,2025-09-26,5.41
JQ대흘1,2025-09-27,5.44
JQ대흘1,2025-09-28,5.46
JQ대흘1,2025-09-29,5.53
JQ대흘1,2025-09-30,5.64
JQ대흘1,2025-10-01,5.73
JQ대흘1,2025-10-02,5.8
JQ대흘1,2025-10-03,5.86
JQ대흘1,2025-10-04,5.93
JQ대흘1,2025-10-05,6.02
JQ대흘1,2025-10-06,6.11
JQ대흘1,2025-10-07,6.18
JQ대흘1,2025-10-08,6.24
JQ대흘1,2025-10-09,6.27
JQ대흘1,2025-10-10,6.3
JQ대흘1,2025-10-11,6.32
JQ대흘1,2025-10-12,6.31
JQ대흘1,2025-10-13,6.27
JQ대흘1,2025-10-14,6.21
JQ대흘1,2025-10-15,6.19
JQ대흘1,2025-10-16,6.16
JQ대흘1,2025-10-17,6.14
JQ대흘1,2025-10-18,6.1
JQ대흘1,2025-10-19,6.07
JQ대흘1,2025-10-20,6.03
JQ대흘1,2025-10-21,5.99
JQ대흘1,2025-10-22,5.94
JQ대흘1,2025-10-23,5.89
JQ대흘1,2025-10-24,5.84
JQ대흘1,2025-10-25,5.8
JQ대흘1,2025-10-26,5.76
JQ대흘1,2025-10-27,5.71
JQ대흘1,2025-10-28,5.67
JQ대흘1,2025-10-29,5.62
JQ대흘1,2025-10-30,5.58
JQ대흘1,2025-10-31,5.55
JQ대흘1,2025-11-01,5.5
JQ대흘1,2025-11-02,5.47
JQ대흘1,2025-11-03,5.43
JQ대흘1,2025-11-04,5.39
JQ대흘1,2025-11-05,5.36
JQ대흘1,2025-11-06,5.32
JQ대흘1,2025-11-07,5.29
JQ대흘1,2025-11-08,5.27
JQ대흘1,2025-11-09,5.24
JQ대흘1,2025-11-10,5.24
JQ대흘1,2025-11-11,5.22
JQ대흘1,2025-11-12,5.2
JQ대흘1,2025-11-13,5.19
JQ대흘1,2025-11-14,5.16
JQ대흘1,2025-11-15,5.13
JQ대흘1,2025-11-16,5.11
JQ대흘1,2025-11-17,5.06
JQ대흘1,2025-11-18,5.02
JQ대흘1,2025-11-19,4.98
JQ대흘1,2025-11-20,4.95
JQ대흘1,2025-11-21,4.91
JQ대흘1,2025-11-22,4.89
JQ대흘1,2025-11-23,4.87
JQ대흘1,2025-11-24,4.84
JQ대흘1,2025-11-25,4.81
JQ대흘1,2025-11-26,4.78
JQ대흘1,2025-11-27,4.77
JQ대흘1,2025-11-28,4.74
JQ대흘1,2025-11-29,4.72
JQ대흘1,2025-11-30,4.71
JQ대흘1,2025-12-01,4.68
JQ대흘1,2025-12-02,4.66
JQ대흘1,2025-12-03,4.64
JQ대흘1,2025-12-04,4.63
JQ대흘1,2025-12-05,4.61
JQ대흘1,2025-12-06,4.6
JQ대흘1,2025-12-07,4.58
JQ대흘1,2025-12-08,4.55
JQ대흘1,2025-12-09,4.54
JQ대흘1,2025-12-10,4.53
JQ대흘1,2025-12-11,4.5
JQ대흘1,2025-12-12,4.48
JQ대흘1,2025-12-13,4.48
JQ대흘1,2025-12-14,4.45
JQ대흘1,2025-12-15,4.44
JQ대흘1,2025-12-16,4.43
JQ대흘1,2025-12-17,4.4
JQ대흘1,2025-12-18,4.39
JQ대흘1,2025-12-19,4.38
JQ대흘1,2025-12-20,4.37
JQ대흘1,2025-12-21,4.35
JQ대흘1,2025-12-22,4.34
JQ대흘1,2025-12-23,4.34
JQ대흘1,2025-12-24,4.32
JQ대흘1,2025-12-25,4.31
JQ대흘1,2025-12-26,4.29
JQ대흘1,2025-12-27,4.29
JQ대흘1,2025-12-28,4.28
JQ대흘1,2025-12-29,4.26
JQ대흘1,2025-12-30,4.24
JQ대흘1,2025-12-31,4.23
JQ대흘1,2026-01-01,4.22
JQ대흘1,2026-01-02,4.2
JQ대흘1,2026-01-03,4.19
JQ대흘1,2026-01-04,4.18
JQ대흘1,2026-01-05,4.16
JQ대흘1,2026-01-06,4.16
JQ대흘1,2026-01-07,4.15
JQ대흘1,2026-01-08,4.13
JQ대흘1,2026-01-09,4.13
JQ대흘1,2026-01-10,4.11
JQ대흘1,2026-01-11,4.1
JQ대흘1,2026-01-12,4.1
JQ대흘1,2026-01-13,4.06
JQ대흘1,2026-01-14,4.06
JQ대흘1,2026-01-15,4.05
JQ대흘1,2026-01-16,4.04
JQ대흘1,2026-01-17,4.02
JQ대흘1,2026-01-18,4.02
JQ대흘1,2026-01-19,4.01
JQ대흘1,2026-01-20,4.01
JQ대흘1,2026-01-21,3.99
JQ대흘1,2026-01-22,3.98
JQ대흘1,2026-01-23,3.97
JQ대흘1,2026-01-24,3.95
JQ대흘1,2026-01-25,3.94
JQ대흘1,2026-01-26,3.94
JQ대흘1,2026-01-27,3.92
JQ대흘1,2026-01-28,3.9
JQ대흘1,2026-01-29,3.89
JQ대흘1,2026-01-30,3.87
JQ대흘1,2026-01-31,3.86
JQ대흘1,2026-02-01,3.85
JQ대흘1,2026-02-02,3.84
JQ대흘1,2026-02-03,3.83
JQ대흘1,2026-02-04,3.83
JQ대흘1,2026-02-05,3.82
JQ대흘1,2026-02-06,3.82
JQ대흘1,2026-02-07,3.82
JQ대흘1,2026-02-08,3.81
JQ대흘1,2026-02-09,3.81
JQ대흘1,2026-02-10,3.8
JQ대흘1,2026-02-11,3.77
JQ대흘1,2026-02-12,3.77
JQ대흘1,2026-02-13,3.77
JQ대흘1,2026-02-14,3.81
JQ대흘1,2026-02-15,3.79
JQ대흘1,2026-02-16,3.78
JQ대흘1,2026-02-17,3.77
JQ대흘1,2026-02-18,3.77
JQ대흘1,2026-02-19,3.77
JQ대흘1,2026-02-20,3.77
JQ대흘1,2026-02-21,3.76
JQ대흘1,2026-02-22,3.75
JQ대흘1,2026-02-23,3.75
JQ대흘1,2026-02-24,3.76
JQ대흘1,2026-02-25,3.76
JQ대흘1,2026-02-26,3.79
JQ대흘1,2026-02-27,3.81
JQ대흘1,2026-02-28,3.83
JQ대흘1,2026-03-01,3.86
JQ대흘1,2026-03-02,3.87
JQ대흘1,2026-03-03,3.9
JQ대흘1,2026-03-04,3.97
JQ대흘1,2026-03-05,4.02
JQ대흘1,2026-03-06,4.05
JQ대흘1,2026-03-07,4.07
JQ대흘1,2026-03-08,4.08
JQ대흘1,2026-03-09,4.07
JQ대흘1,2026-03-10,4.06
JQ대흘1,2026-03-11,4.05
JQ대흘1,2026-03-12,4.04
JQ대흘1,2026-03-13,4.02
JQ대흘1,2026-03-14,4.02
JQ대흘1,2026-03-15,4.01
JQ대흘1,2026-03-16,4.0
JQ대흘1,2026-03-17,3.98
JQ대흘1,2026-03-18,3.93
JQ대흘1,2026-03-19,3.92
JQ대흘1,2026-03-20,3.93
JQ대흘1,2026-03-21,3.93
JQ대흘1,2026-03-22,3.94
JQ대흘1,2026-03-23,3.95
JQ대흘1,2026-03-24,3.96
JQ대흘1,2026-03-25,3.96
JQ대흘1,2026-03-26,3.98
JQ대흘1,2026-03-27,4.0
JQ대흘1,2026-03-28,3.99
JQ대흘1,2026-03-29,3.97
JQ대흘1,2026-03-30,3.97
JQ대흘1,2026-03-31,3.96
JQ대흘1,2026-04-01,3.98
JQ대흘1,2026-04-02,3.98
JQ대흘1,2026-04-03,3.99
JQ대흘1,2026-04-04,4.0
JQ대흘1,2026-04-05,4.03
JQ대흘1,2026-04-06,4.09
JQ대흘1,2026-04-07,4.1
JQ대흘1,2026-04-08,4.12
JQ대흘1,2026-04-09,4.17
JQ대흘1,2026-04-10,4.17
JQ대흘1,2026-04-11,4.21
JQ대흘1,2026-04-12,4.26
JQ대흘1,2026-04-13,4.29
JQ대흘1,2026-04-14,4.32
JQ대흘1,2026-04-15,4.34
JQ대흘1,2026-04-16,4.38
JQ대흘1,2026-04-17,4.42
JQ대흘1,2026-04-18,4.46
JQ대흘1,2026-04-19,4.47
JQ대흘1,2026-04-20,4.49
JQ대흘1,2026-04-21,4.54
JQ대흘1,2026-04-22,4.59
JQ대흘1,2026-04-23,4.58
JQ대흘1,2026-04-24,4.62
JQ대흘1,2026-04-25,4.67
JQ대흘1,2026-04-26,4.73
JQ대흘1,2026-04-27,4.77
