관측소명,날짜,EL
JR서광3,2008-12-10,98.91
JR서광3,2008-12-11,98.94
JR서광3,2008-12-12,98.97
JR서광3,2008-12-13,98.98
JR서광3,2008-12-14,98.99
JR서광3,2008-12-15,99.0
JR서광3,2008-12-16,99.01
JR서광3,2008-12-17,99.03
JR서광3,2008-12-18,99.03
JR서광3,2008-12-19,99.05
JR서광3,2008-12-20,99.06
JR서광3,2008-12-21,99.07
JR서광3,2008-12-22,99.06
JR서광3,2008-12-23,99.06
JR서광3,2008-12-24,99.08
JR서광3,2008-12-25,99.09
JR서광3,2008-12-26,99.08
JR서광3,2008-12-27,99.09
JR서광3,2008-12-28,99.11
JR서광3,2008-12-29,99.11
JR서광3,2008-12-30,99.11
JR서광3,2008-12-31,99.11
JR서광3,2009-01-01,99.11
JR서광3,2009-01-02,99.1
JR서광3,2009-01-03,99.1
JR서광3,2009-01-04,99.11
JR서광3,2009-01-05,99.11
JR서광3,2009-01-06,99.12
JR서광3,2009-01-07,99.11
JR서광3,2009-01-08,99.11
JR서광3,2009-01-09,99.12
JR서광3,2009-01-10,99.11
JR서광3,2009-01-11,99.11
JR서광3,2009-01-12,99.08
JR서광3,2009-01-13,99.08
JR서광3,2009-01-14,99.07
JR서광3,2009-01-15,99.06
JR서광3,2009-01-16,99.07
JR서광3,2009-01-17,99.07
JR서광3,2009-01-18,99.08
JR서광3,2009-01-19,99.06
JR서광3,2009-01-20,99.05
JR서광3,2009-01-21,99.05
JR서광3,2009-01-22,99.06
JR서광3,2009-04-07,98.33
JR서광3,2009-04-08,98.31
JR서광3,2009-04-09,98.3
JR서광3,2009-04-10,98.3
JR서광3,2009-04-11,98.32
JR서광3,2009-04-12,98.33
JR서광3,2009-04-13,98.35
JR서광3,2009-04-14,98.36
JR서광3,2009-04-15,98.35
JR서광3,2009-04-16,98.34
JR서광3,2009-04-17,98.32
JR서광3,2009-04-18,98.31
JR서광3,2009-04-19,98.32
JR서광3,2009-04-20,98.37
JR서광3,2009-04-21,98.34
JR서광3,2009-04-22,98.33
JR서광3,2009-04-23,98.33
JR서광3,2009-04-24,98.37
JR서광3,2009-04-25,98.38
JR서광3,2009-04-26,98.38
JR서광3,2009-04-27,98.39
JR서광3,2009-04-28,98.39
JR서광3,2009-04-29,98.4
JR서광3,2009-04-30,98.43
JR서광3,2009-05-01,98.46
JR서광3,2009-05-02,98.49
JR서광3,2009-05-03,98.52
JR서광3,2009-05-04,98.55
JR서광3,2009-05-05,98.57
JR서광3,2009-05-06,98.59
JR서광3,2009-05-07,98.61
JR서광3,2009-05-08,98.62
JR서광3,2009-05-09,98.63
JR서광3,2009-05-10,98.64
JR서광3,2009-05-11,98.65
JR서광3,2009-05-12,98.67
JR서광3,2009-05-13,98.67
JR서광3,2009-05-14,98.67
JR서광3,2009-05-15,98.68
JR서광3,2009-05-16,98.71
JR서광3,2009-05-17,98.7
JR서광3,2009-05-18,98.69
JR서광3,2009-05-19,98.7
JR서광3,2009-05-20,98.71
JR서광3,2009-05-21,98.73
JR서광3,2009-05-22,98.71
JR서광3,2009-05-23,98.72
JR서광3,2009-05-24,98.72
JR서광3,2009-05-25,98.71
JR서광3,2009-05-26,98.68
JR서광3,2009-05-27,98.69
JR서광3,2009-05-28,98.69
JR서광3,2009-05-29,98.71
JR서광3,2009-05-30,98.72
JR서광3,2009-05-31,98.73
JR서광3,2009-06-01,98.73
JR서광3,2009-06-02,98.74
JR서광3,2009-06-03,98.77
JR서광3,2009-06-04,98.76
JR서광3,2009-06-05,98.77
JR서광3,2009-06-06,98.76
JR서광3,2009-06-07,98.75
JR서광3,2009-06-08,98.74
JR서광3,2009-06-09,98.75
JR서광3,2009-06-10,98.78
JR서광3,2009-06-11,98.77
JR서광3,2009-06-12,98.78
JR서광3,2009-06-13,98.77
JR서광3,2009-06-14,98.76
JR서광3,2009-06-15,98.76
JR서광3,2009-06-16,98.76
JR서광3,2009-06-17,98.77
JR서광3,2009-06-18,98.79
JR서광3,2009-06-19,98.81
JR서광3,2009-06-20,98.83
JR서광3,2009-06-21,98.84
JR서광3,2009-06-22,98.85
JR서광3,2009-06-23,98.85
JR서광3,2009-06-24,98.84
JR서광3,2009-06-25,98.84
JR서광3,2009-06-26,98.84
JR서광3,2009-06-27,98.85
JR서광3,2009-06-28,98.86
JR서광3,2009-06-29,98.87
JR서광3,2009-06-30,98.87
JR서광3,2009-07-01,98.87
JR서광3,2009-07-02,98.87
JR서광3,2009-07-03,98.9
JR서광3,2009-07-04,98.93
JR서광3,2009-07-05,98.97
JR서광3,2009-07-06,99.02
JR서광3,2009-07-07,99.09
JR서광3,2009-07-08,99.13
JR서광3,2009-07-09,99.18
JR서광3,2009-07-10,99.23
JR서광3,2009-07-11,99.27
JR서광3,2009-07-12,99.33
JR서광3,2009-07-13,99.38
JR서광3,2009-07-14,99.44
JR서광3,2009-07-15,99.48
JR서광3,2009-07-16,99.53
JR서광3,2009-07-17,99.58
JR서광3,2009-07-18,99.62
JR서광3,2009-07-19,99.65
JR서광3,2009-07-20,99.7
JR서광3,2009-07-21,99.75
JR서광3,2009-07-22,99.78
JR서광3,2009-07-23,99.8
JR서광3,2009-07-24,99.83
JR서광3,2009-07-25,99.84
JR서광3,2009-07-26,99.88
JR서광3,2009-07-27,99.93
JR서광3,2009-07-28,100.01
JR서광3,2009-07-29,100.06
JR서광3,2009-07-30,100.11
JR서광3,2009-07-31,100.18
JR서광3,2009-08-01,100.26
JR서광3,2009-08-02,100.34
JR서광3,2009-08-03,100.4
JR서광3,2009-08-04,100.46
JR서광3,2009-08-05,100.52
JR서광3,2009-08-06,100.59
JR서광3,2009-08-07,100.64
JR서광3,2009-08-08,100.7
JR서광3,2009-08-09,100.77
JR서광3,2009-08-10,100.82
JR서광3,2009-08-11,100.87
JR서광3,2009-08-12,100.93
JR서광3,2009-08-13,100.94
JR서광3,2009-08-14,100.97
JR서광3,2009-08-15,101.01
JR서광3,2009-08-16,101.03
JR서광3,2009-08-17,101.07
JR서광3,2009-08-18,101.11
JR서광3,2009-08-19,101.14
JR서광3,2009-08-20,101.17
JR서광3,2009-08-21,101.2
JR서광3,2009-08-22,101.22
JR서광3,2009-08-23,101.23
JR서광3,2009-08-24,101.24
JR서광3,2009-08-25,101.26
JR서광3,2009-08-26,101.29
JR서광3,2009-08-27,101.31
JR서광3,2009-08-28,101.31
JR서광3,2009-08-29,101.29
JR서광3,2009-08-30,101.3
JR서광3,2009-08-31,101.3
JR서광3,2009-09-01,101.3
JR서광3,2009-09-02,101.3
JR서광3,2009-09-03,101.31
JR서광3,2009-09-04,101.32
JR서광3,2009-09-05,101.33
JR서광3,2009-09-06,101.32
JR서광3,2009-09-07,101.32
JR서광3,2009-09-08,101.31
JR서광3,2009-09-09,101.29
JR서광3,2009-09-10,101.28
JR서광3,2009-09-11,101.27
JR서광3,2009-09-12,101.26
JR서광3,2009-09-13,101.22
JR서광3,2009-09-14,101.21
JR서광3,2009-09-15,101.21
JR서광3,2009-09-16,101.19
JR서광3,2009-09-17,101.18
JR서광3,2009-09-18,101.17
JR서광3,2009-09-19,101.16
JR서광3,2009-09-20,101.14
JR서광3,2009-09-21,101.12
JR서광3,2009-09-22,101.09
JR서광3,2009-09-23,101.07
JR서광3,2009-09-24,101.05
JR서광3,2009-09-25,101.04
JR서광3,2009-09-26,101.02
JR서광3,2009-09-27,101.01
JR서광3,2009-09-28,100.98
JR서광3,2009-09-29,100.95
JR서광3,2009-09-30,100.93
JR서광3,2009-10-01,100.92
JR서광3,2009-10-02,100.92
JR서광3,2009-10-03,100.87
JR서광3,2009-10-04,100.83
JR서광3,2009-10-05,100.81
JR서광3,2009-10-06,100.79
JR서광3,2009-10-07,100.79
JR서광3,2009-10-08,100.77
JR서광3,2009-10-09,100.74
JR서광3,2009-10-10,100.7
JR서광3,2009-10-11,100.67
JR서광3,2009-10-12,100.67
JR서광3,2009-10-13,100.66
JR서광3,2009-10-14,100.63
JR서광3,2009-10-15,100.61
JR서광3,2009-10-16,100.61
JR서광3,2009-10-17,100.61
JR서광3,2009-10-18,100.58
JR서광3,2009-10-19,100.55
JR서광3,2009-10-20,100.51
JR서광3,2009-10-21,100.48
JR서광3,2009-10-22,100.47
JR서광3,2009-10-23,100.45
JR서광3,2009-10-24,100.44
JR서광3,2009-10-25,100.42
JR서광3,2009-10-26,100.4
JR서광3,2009-10-27,100.37
JR서광3,2009-10-28,100.33
JR서광3,2009-10-29,100.32
JR서광3,2009-10-30,100.3
JR서광3,2009-10-31,100.29
JR서광3,2009-11-01,100.28
JR서광3,2009-11-02,100.21
JR서광3,2009-11-03,100.17
JR서광3,2009-11-04,100.16
JR서광3,2009-11-05,100.17
JR서광3,2009-11-06,100.16
JR서광3,2009-11-07,100.14
JR서광3,2009-11-08,100.13
JR서광3,2009-11-09,100.11
JR서광3,2009-11-10,100.11
JR서광3,2009-11-11,100.04
JR서광3,2009-11-12,99.99
JR서광3,2009-11-13,100.01
JR서광3,2009-11-14,99.96
JR서광3,2009-11-15,99.92
JR서광3,2009-11-16,99.9
JR서광3,2009-11-17,99.89
JR서광3,2009-11-18,99.86
JR서광3,2009-11-19,99.83
JR서광3,2009-11-20,99.82
JR서광3,2009-11-21,99.81
JR서광3,2009-11-22,99.8
JR서광3,2009-11-23,99.77
JR서광3,2009-11-24,99.77
JR서광3,2009-11-25,99.75
JR서광3,2009-11-26,99.72
JR서광3,2009-11-27,99.7
JR서광3,2009-11-28,99.68
JR서광3,2009-11-29,99.66
JR서광3,2009-11-30,99.64
JR서광3,2009-12-01,99.61
JR서광3,2009-12-02,99.6
JR서광3,2009-12-03,99.58
JR서광3,2009-12-04,99.56
JR서광3,2009-12-05,99.54
JR서광3,2009-12-06,99.5
JR서광3,2009-12-07,99.46
JR서광3,2009-12-08,99.45
JR서광3,2009-12-09,99.45
JR서광3,2009-12-10,99.44
JR서광3,2009-12-11,99.4
JR서광3,2009-12-12,99.37
JR서광3,2009-12-13,99.35
JR서광3,2009-12-14,99.31
JR서광3,2009-12-15,99.3
JR서광3,2009-12-16,99.28
JR서광3,2009-12-17,99.26
JR서광3,2009-12-18,99.24
JR서광3,2009-12-19,99.21
JR서광3,2009-12-20,99.2
JR서광3,2009-12-21,99.16
JR서광3,2009-12-22,99.15
JR서광3,2009-12-23,99.14
JR서광3,2009-12-24,99.12
JR서광3,2009-12-25,99.11
JR서광3,2009-12-26,99.06
JR서광3,2009-12-27,99.05
JR서광3,2009-12-28,99.02
JR서광3,2009-12-29,99.01
JR서광3,2009-12-30,98.99
JR서광3,2009-12-31,98.96
JR서광3,2010-01-01,98.93
JR서광3,2010-01-02,98.93
JR서광3,2010-01-03,98.9
JR서광3,2010-01-04,98.89
JR서광3,2010-01-05,98.84
JR서광3,2010-01-06,98.81
JR서광3,2010-01-07,98.79
JR서광3,2010-01-08,98.77
JR서광3,2010-01-09,98.75
JR서광3,2010-01-10,98.73
JR서광3,2010-01-11,98.72
JR서광3,2010-01-12,98.71
JR서광3,2010-01-13,98.71
JR서광3,2010-01-14,98.64
JR서광3,2010-01-15,98.62
JR서광3,2010-01-16,98.59
JR서광3,2010-01-17,98.57
JR서광3,2010-01-18,98.55
JR서광3,2010-01-19,98.54
JR서광3,2010-01-20,98.54
JR서광3,2010-01-21,98.52
JR서광3,2010-01-22,98.5
JR서광3,2010-01-23,98.46
JR서광3,2010-01-24,98.45
JR서광3,2010-01-25,98.44
JR서광3,2010-01-26,98.38
JR서광3,2010-01-27,98.39
JR서광3,2010-01-28,98.39
JR서광3,2010-01-29,98.32
JR서광3,2010-01-30,98.32
JR서광3,2010-01-31,98.31
JR서광3,2010-02-01,98.29
JR서광3,2010-02-02,98.27
JR서광3,2010-02-03,98.24
JR서광3,2010-02-04,98.21
JR서광3,2010-02-05,98.2
JR서광3,2010-02-06,98.17
JR서광3,2010-02-07,98.17
JR서광3,2010-02-08,98.17
JR서광3,2010-02-09,98.16
JR서광3,2010-02-10,98.15
JR서광3,2010-02-11,98.14
JR서광3,2010-02-12,98.08
JR서광3,2010-02-13,98.06
JR서광3,2010-02-14,98.06
JR서광3,2010-02-15,98.05
JR서광3,2010-02-16,98.02
JR서광3,2010-02-17,98.01
JR서광3,2010-02-18,98.01
JR서광3,2010-02-19,98.0
JR서광3,2010-02-20,97.99
JR서광3,2010-02-21,97.98
JR서광3,2010-02-22,97.98
JR서광3,2010-02-23,97.97
JR서광3,2010-02-24,97.96
JR서광3,2010-02-25,97.96
JR서광3,2010-02-26,97.94
JR서광3,2010-02-27,97.91
JR서광3,2010-02-28,97.88
JR서광3,2010-03-01,97.89
JR서광3,2010-03-02,97.86
JR서광3,2010-03-03,97.84
JR서광3,2010-03-04,97.86
JR서광3,2010-03-05,97.83
JR서광3,2010-03-06,97.82
JR서광3,2010-03-07,97.79
JR서광3,2010-03-08,97.78
JR서광3,2010-03-09,97.8
JR서광3,2010-03-10,97.79
JR서광3,2010-03-11,97.78
JR서광3,2010-03-12,97.79
JR서광3,2010-03-13,97.77
JR서광3,2010-03-14,97.78
JR서광3,2010-03-15,97.8
JR서광3,2010-03-16,97.76
JR서광3,2010-03-17,97.76
JR서광3,2010-03-18,97.78
JR서광3,2010-03-19,97.8
JR서광3,2010-03-20,97.83
JR서광3,2010-03-21,97.8
JR서광3,2010-03-22,97.82
JR서광3,2010-03-23,97.84
JR서광3,2010-03-24,97.84
JR서광3,2010-03-25,97.84
JR서광3,2010-03-26,97.83
JR서광3,2010-03-27,97.84
JR서광3,2010-03-28,97.87
JR서광3,2010-03-29,97.87
JR서광3,2010-03-30,97.89
JR서광3,2010-03-31,97.94
JR서광3,2010-04-01,97.97
JR서광3,2010-04-02,97.94
JR서광3,2010-04-03,97.95
JR서광3,2010-04-04,98.02
JR서광3,2010-04-05,98.11
JR서광3,2010-04-06,98.18
JR서광3,2010-04-07,98.23
JR서광3,2010-04-08,98.31
JR서광3,2010-04-09,98.4
JR서광3,2010-04-10,98.49
JR서광3,2010-04-11,98.56
JR서광3,2010-04-12,98.64
JR서광3,2010-04-13,98.65
JR서광3,2010-04-14,98.68
JR서광3,2010-04-15,98.75
JR서광3,2010-04-16,98.79
JR서광3,2010-04-17,98.82
JR서광3,2010-04-18,98.88
JR서광3,2010-04-19,98.96
JR서광3,2010-04-20,99.0
JR서광3,2010-04-21,99.02
JR서광3,2010-04-22,99.06
JR서광3,2010-04-23,99.07
JR서광3,2010-04-24,99.09
JR서광3,2010-04-25,99.13
JR서광3,2010-04-26,99.2
JR서광3,2010-04-27,99.27
JR서광3,2010-04-28,99.31
JR서광3,2010-04-29,99.34
JR서광3,2010-04-30,99.39
JR서광3,2010-05-01,99.43
JR서광3,2010-05-02,99.49
JR서광3,2010-05-03,99.52
JR서광3,2010-05-04,99.57
JR서광3,2010-05-05,99.63
JR서광3,2010-05-06,99.68
JR서광3,2010-05-07,99.7
JR서광3,2010-05-08,99.72
JR서광3,2010-05-09,99.76
JR서광3,2010-05-10,99.78
JR서광3,2010-05-11,99.79
JR서광3,2010-05-12,99.81
JR서광3,2010-05-13,99.81
JR서광3,2010-05-14,99.82
JR서광3,2010-05-15,99.85
JR서광3,2010-05-16,99.87
JR서광3,2010-05-17,99.9
JR서광3,2010-05-18,99.94
JR서광3,2010-05-19,99.95
JR서광3,2010-05-20,99.94
JR서광3,2010-05-21,99.96
JR서광3,2010-05-22,100.03
JR서광3,2010-05-23,100.08
JR서광3,2010-05-24,100.08
JR서광3,2010-05-25,100.09
JR서광3,2010-05-26,100.1
JR서광3,2010-05-27,100.11
JR서광3,2010-05-28,100.15
JR서광3,2010-05-29,100.21
JR서광3,2010-05-30,100.25
JR서광3,2010-05-31,100.27
JR서광3,2010-06-01,100.29
JR서광3,2010-06-02,100.32
JR서광3,2010-06-03,100.33
JR서광3,2010-06-04,100.37
JR서광3,2010-06-05,100.41
JR서광3,2010-06-06,100.43
JR서광3,2010-06-07,100.44
JR서광3,2010-06-08,100.45
JR서광3,2010-06-09,100.46
JR서광3,2010-06-10,100.48
JR서광3,2010-06-11,100.5
JR서광3,2010-06-12,100.53
JR서광3,2010-06-13,100.53
JR서광3,2010-06-14,100.53
JR서광3,2010-06-15,100.55
JR서광3,2010-06-16,100.54
JR서광3,2010-06-17,100.56
JR서광3,2010-06-18,100.58
JR서광3,2010-06-19,100.57
JR서광3,2010-06-20,100.59
JR서광3,2010-06-21,100.58
JR서광3,2010-06-22,100.58
JR서광3,2010-06-23,100.59
JR서광3,2010-06-24,100.6
JR서광3,2010-06-25,100.61
JR서광3,2010-06-26,100.61
JR서광3,2010-06-27,100.59
JR서광3,2010-06-28,100.61
JR서광3,2010-06-29,100.61
JR서광3,2010-06-30,100.65
JR서광3,2010-07-01,100.74
JR서광3,2010-07-02,100.9
JR서광3,2010-07-03,101.06
JR서광3,2010-07-04,101.2
JR서광3,2010-07-05,101.33
JR서광3,2010-07-06,101.45
JR서광3,2010-07-07,101.55
JR서광3,2010-07-08,101.66
JR서광3,2010-07-09,101.78
JR서광3,2010-07-10,101.82
JR서광3,2010-07-11,101.98
JR서광3,2010-07-12,102.02
JR서광3,2010-07-13,102.09
JR서광3,2010-07-14,102.12
JR서광3,2010-07-15,102.16
JR서광3,2010-07-16,102.23
JR서광3,2010-07-17,102.36
JR서광3,2010-07-18,102.47
JR서광3,2010-07-19,102.53
JR서광3,2010-07-20,102.67
JR서광3,2010-07-21,102.74
JR서광3,2010-07-22,102.82
JR서광3,2010-07-23,102.85
JR서광3,2010-07-24,102.95
JR서광3,2010-07-25,103.0
JR서광3,2010-07-26,103.02
JR서광3,2010-07-27,103.11
JR서광3,2010-07-28,103.16
JR서광3,2010-07-29,103.23
JR서광3,2010-07-30,103.23
JR서광3,2010-07-31,103.26
JR서광3,2010-08-01,103.28
JR서광3,2010-08-02,103.32
JR서광3,2010-08-03,103.35
JR서광3,2010-08-04,103.38
JR서광3,2010-08-05,103.39
JR서광3,2010-08-06,103.39
JR서광3,2010-08-07,103.4
JR서광3,2010-08-08,103.48
JR서광3,2010-08-09,103.5
JR서광3,2010-08-10,103.57
JR서광3,2010-08-11,103.55
JR서광3,2010-08-12,103.51
JR서광3,2010-08-13,103.55
JR서광3,2010-08-14,103.57
JR서광3,2010-08-15,103.61
JR서광3,2010-08-16,103.66
JR서광3,2010-08-17,103.73
JR서광3,2010-08-18,103.76
JR서광3,2010-08-19,103.8
JR서광3,2010-08-20,103.84
JR서광3,2010-08-21,103.89
JR서광3,2010-08-22,103.93
JR서광3,2010-08-23,103.96
JR서광3,2010-08-24,103.98
JR서광3,2010-08-25,104.0
JR서광3,2010-08-26,104.01
JR서광3,2010-08-27,104.02
JR서광3,2010-08-28,104.06
JR서광3,2010-08-29,104.07
JR서광3,2010-08-30,104.15
JR서광3,2010-08-31,104.29
JR서광3,2010-09-01,104.5
JR서광3,2010-09-02,104.69
JR서광3,2010-09-03,104.92
JR서광3,2010-09-04,105.05
JR서광3,2010-09-05,105.31
JR서광3,2010-09-06,105.58
JR서광3,2010-09-07,105.83
JR서광3,2010-09-08,105.91
JR서광3,2010-09-09,105.96
JR서광3,2010-09-10,106.09
JR서광3,2010-09-11,106.19
JR서광3,2010-09-12,106.28
JR서광3,2010-09-13,106.31
JR서광3,2010-09-14,106.38
JR서광3,2010-09-15,106.4
JR서광3,2010-09-16,106.48
JR서광3,2010-09-17,106.51
JR서광3,2010-09-18,106.51
JR서광3,2010-09-19,106.53
JR서광3,2010-09-20,106.55
JR서광3,2010-09-21,106.58
JR서광3,2010-09-22,106.61
JR서광3,2010-09-23,106.6
JR서광3,2010-09-24,106.59
JR서광3,2010-09-25,106.59
JR서광3,2010-09-26,106.58
JR서광3,2010-09-27,106.6
JR서광3,2010-09-28,106.58
JR서광3,2010-09-29,106.53
JR서광3,2010-09-30,106.5
JR서광3,2010-10-01,106.49
JR서광3,2010-10-02,106.5
JR서광3,2010-10-03,106.5
JR서광3,2010-10-04,106.47
JR서광3,2010-10-05,106.44
JR서광3,2010-10-06,106.4
JR서광3,2010-10-07,106.37
JR서광3,2010-10-08,106.36
JR서광3,2010-10-09,106.36
JR서광3,2010-10-10,106.32
JR서광3,2010-10-11,106.28
JR서광3,2010-10-12,106.25
JR서광3,2010-10-13,106.23
JR서광3,2010-10-14,106.2
JR서광3,2010-10-15,106.15
JR서광3,2010-10-16,106.1
JR서광3,2010-10-17,106.06
JR서광3,2010-10-18,106.03
JR서광3,2010-10-19,106.01
JR서광3,2010-10-20,106.0
JR서광3,2010-10-21,105.97
JR서광3,2010-10-22,105.93
JR서광3,2010-10-23,105.9
JR서광3,2010-10-24,105.89
JR서광3,2010-10-25,105.83
JR서광3,2010-10-26,105.72
JR서광3,2010-10-27,105.67
JR서광3,2010-10-28,105.66
JR서광3,2010-10-29,105.62
JR서광3,2010-10-30,105.57
JR서광3,2010-10-31,105.54
JR서광3,2010-11-01,105.51
JR서광3,2010-11-02,105.47
JR서광3,2010-11-03,105.41
JR서광3,2010-11-04,105.37
JR서광3,2010-11-05,105.34
JR서광3,2010-11-06,105.31
JR서광3,2010-11-07,105.3
JR서광3,2010-11-08,105.27
JR서광3,2010-11-09,105.2
JR서광3,2010-11-10,105.15
JR서광3,2010-11-11,105.13
JR서광3,2010-11-12,105.06
JR서광3,2010-11-13,105.0
JR서광3,2010-11-14,104.97
JR서광3,2010-11-15,104.92
JR서광3,2010-11-16,104.89
JR서광3,2010-11-17,104.85
JR서광3,2010-11-18,104.81
JR서광3,2010-11-19,104.79
JR서광3,2010-11-20,104.77
JR서광3,2010-11-21,104.74
JR서광3,2010-11-22,104.71
JR서광3,2010-11-23,104.63
JR서광3,2010-11-24,104.58
JR서광3,2010-11-25,104.53
JR서광3,2010-11-26,104.5
JR서광3,2010-11-27,104.47
JR서광3,2010-11-28,104.4
JR서광3,2010-11-29,104.36
JR서광3,2010-11-30,104.35
JR서광3,2010-12-01,104.31
JR서광3,2010-12-02,104.29
JR서광3,2010-12-03,104.22
JR서광3,2010-12-04,104.17
JR서광3,2010-12-05,104.15
JR서광3,2010-12-06,104.12
JR서광3,2010-12-07,104.08
JR서광3,2010-12-08,104.06
JR서광3,2010-12-09,103.99
JR서광3,2010-12-10,103.96
JR서광3,2010-12-11,103.89
JR서광3,2010-12-12,103.84
JR서광3,2010-12-13,103.86
JR서광3,2010-12-14,103.77
JR서광3,2010-12-15,103.71
JR서광3,2010-12-16,103.69
JR서광3,2010-12-17,103.65
JR서광3,2010-12-18,103.58
JR서광3,2010-12-19,103.56
JR서광3,2010-12-20,103.53
JR서광3,2010-12-21,103.52
JR서광3,2010-12-22,103.46
JR서광3,2010-12-23,103.39
JR서광3,2010-12-24,103.33
JR서광3,2010-12-25,103.31
JR서광3,2010-12-26,103.32
JR서광3,2010-12-27,103.27
JR서광3,2010-12-28,103.23
JR서광3,2010-12-29,103.16
JR서광3,2010-12-30,103.15
JR서광3,2010-12-31,103.1
JR서광3,2011-01-01,103.03
JR서광3,2011-01-02,102.96
JR서광3,2011-01-03,102.94
JR서광3,2011-01-04,102.9
JR서광3,2011-01-05,102.85
JR서광3,2011-01-06,102.81
JR서광3,2011-01-07,102.75
JR서광3,2011-01-08,102.71
JR서광3,2011-01-09,102.68
JR서광3,2011-01-10,102.63
JR서광3,2011-01-11,102.62
JR서광3,2011-01-12,102.56
JR서광3,2011-01-13,102.49
JR서광3,2011-01-14,102.45
JR서광3,2011-01-15,102.42
JR서광3,2011-01-16,102.37
JR서광3,2011-01-17,102.33
JR서광3,2011-01-18,102.27
JR서광3,2011-01-19,102.24
JR서광3,2011-01-20,102.21
JR서광3,2011-01-21,102.17
JR서광3,2011-01-22,102.11
JR서광3,2011-01-23,102.08
JR서광3,2011-01-24,102.03
JR서광3,2011-01-25,101.97
JR서광3,2011-01-26,101.91
JR서광3,2011-01-27,101.87
JR서광3,2011-01-28,101.85
JR서광3,2011-01-29,101.82
JR서광3,2011-01-30,101.77
JR서광3,2011-01-31,101.73
JR서광3,2011-02-01,101.7
JR서광3,2011-02-02,101.66
JR서광3,2011-02-03,101.62
JR서광3,2011-02-04,101.58
JR서광3,2011-02-05,101.54
JR서광3,2011-02-06,101.5
JR서광3,2011-02-07,101.46
JR서광3,2011-02-08,101.46
JR서광3,2011-02-09,101.37
JR서광3,2011-02-10,101.32
JR서광3,2011-02-11,101.27
JR서광3,2011-02-12,101.22
JR서광3,2011-02-13,101.17
JR서광3,2011-02-14,101.14
JR서광3,2011-02-15,101.07
JR서광3,2011-02-16,101.05
JR서광3,2011-02-17,101.05
JR서광3,2011-02-18,100.98
JR서광3,2011-02-19,100.93
JR서광3,2011-02-20,100.88
JR서광3,2011-02-21,100.84
JR서광3,2011-02-22,100.8
JR서광3,2011-02-23,100.78
JR서광3,2011-02-24,100.74
JR서광3,2011-02-25,100.67
JR서광3,2011-02-26,100.62
JR서광3,2011-02-27,100.62
JR서광3,2011-02-28,100.58
JR서광3,2011-03-01,100.54
JR서광3,2011-03-02,100.47
JR서광3,2011-03-03,100.42
JR서광3,2011-03-04,100.38
JR서광3,2011-03-05,100.35
JR서광3,2011-03-06,100.34
JR서광3,2011-03-07,100.3
JR서광3,2011-03-08,100.24
JR서광3,2011-03-09,100.18
JR서광3,2011-03-10,100.15
JR서광3,2011-03-11,100.12
JR서광3,2011-03-12,100.1
JR서광3,2011-03-13,100.07
JR서광3,2011-03-14,100.05
JR서광3,2011-03-15,100.0
JR서광3,2011-03-16,99.95
JR서광3,2011-03-17,99.9
JR서광3,2011-03-18,99.87
JR서광3,2011-03-19,99.86
JR서광3,2011-03-20,99.86
JR서광3,2011-03-21,99.81
JR서광3,2011-03-22,99.75
JR서광3,2011-03-23,99.7
JR서광3,2011-03-24,99.67
JR서광3,2011-03-25,99.63
JR서광3,2011-03-26,99.59
JR서광3,2011-03-27,99.56
JR서광3,2011-03-28,99.54
JR서광3,2011-03-29,99.51
JR서광3,2011-03-30,99.47
JR서광3,2011-03-31,99.45
JR서광3,2011-04-01,99.42
JR서광3,2011-04-02,99.39
JR서광3,2011-04-03,99.36
JR서광3,2011-04-04,99.3
JR서광3,2011-04-05,99.26
JR서광3,2011-04-06,99.23
JR서광3,2011-04-07,99.22
JR서광3,2011-04-08,99.18
JR서광3,2011-04-09,99.14
JR서광3,2011-04-10,99.12
JR서광3,2011-04-11,99.09
JR서광3,2011-04-12,99.05
JR서광3,2011-04-13,99.03
JR서광3,2011-04-14,99.02
JR서광3,2011-04-15,99.01
JR서광3,2011-04-16,98.96
JR서광3,2011-04-17,98.94
JR서광3,2011-04-18,98.92
JR서광3,2011-04-19,98.86
JR서광3,2011-04-20,98.82
JR서광3,2011-04-21,98.81
JR서광3,2011-04-22,98.83
JR서광3,2011-04-23,98.79
JR서광3,2011-04-24,98.78
JR서광3,2011-04-25,98.75
JR서광3,2011-04-26,98.76
JR서광3,2011-04-27,98.73
JR서광3,2011-04-28,98.68
JR서광3,2011-04-29,98.65
JR서광3,2011-04-30,98.66
JR서광3,2011-05-01,98.64
JR서광3,2011-05-02,98.6
JR서광3,2011-05-03,98.58
JR서광3,2011-05-04,98.56
JR서광3,2011-05-05,98.55
JR서광3,2011-05-06,98.56
JR서광3,2011-05-07,98.54
JR서광3,2011-05-08,98.51
JR서광3,2011-05-09,98.5
JR서광3,2011-05-10,98.51
JR서광3,2011-05-11,98.52
JR서광3,2011-05-12,98.49
JR서광3,2011-05-13,98.44
JR서광3,2011-05-14,98.42
JR서광3,2011-05-15,98.4
JR서광3,2011-05-16,98.4
JR서광3,2011-05-17,98.4
JR서광3,2011-05-18,98.38
JR서광3,2011-05-19,98.37
JR서광3,2011-05-20,98.37
JR서광3,2011-05-21,98.37
JR서광3,2011-05-22,98.35
JR서광3,2011-05-23,98.35
JR서광3,2011-05-24,98.33
JR서광3,2011-05-25,98.32
JR서광3,2011-05-26,98.33
JR서광3,2011-05-27,98.31
JR서광3,2011-05-28,98.3
JR서광3,2011-05-29,98.3
JR서광3,2011-05-30,98.28
JR서광3,2011-05-31,98.28
JR서광3,2011-06-01,98.27
JR서광3,2011-06-02,98.25
JR서광3,2011-06-03,98.25
JR서광3,2011-06-04,98.24
JR서광3,2011-06-05,98.25
JR서광3,2011-06-06,98.24
JR서광3,2011-06-07,98.25
JR서광3,2011-06-08,98.23
JR서광3,2011-06-09,98.22
JR서광3,2011-06-10,98.22
JR서광3,2011-06-11,98.21
JR서광3,2011-06-12,98.2
JR서광3,2011-06-13,98.18
JR서광3,2011-06-14,98.17
JR서광3,2011-06-15,98.18
JR서광3,2011-06-16,98.18
JR서광3,2011-06-17,98.17
JR서광3,2011-06-18,98.18
JR서광3,2011-06-19,98.18
JR서광3,2011-06-20,98.17
JR서광3,2011-06-21,98.17
JR서광3,2011-06-22,98.19
JR서광3,2011-06-23,98.21
JR서광3,2011-06-24,98.25
JR서광3,2011-06-25,98.34
JR서광3,2011-06-26,98.45
JR서광3,2011-06-27,98.49
JR서광3,2011-06-28,98.56
JR서광3,2011-06-29,98.66
JR서광3,2011-06-30,98.77
JR서광3,2011-07-01,98.88
JR서광3,2011-07-02,98.99
JR서광3,2011-07-03,99.12
JR서광3,2011-07-04,99.24
JR서광3,2011-07-05,99.36
JR서광3,2011-07-06,99.51
JR서광3,2011-07-07,99.62
JR서광3,2011-07-08,99.72
JR서광3,2011-07-09,99.82
JR서광3,2011-07-10,99.92
JR서광3,2011-07-11,100.02
JR서광3,2011-07-12,100.14
JR서광3,2011-07-13,100.24
JR서광3,2011-07-14,100.34
JR서광3,2011-07-15,100.43
JR서광3,2011-07-16,100.52
JR서광3,2011-07-17,100.62
JR서광3,2011-07-18,100.73
JR서광3,2011-07-19,100.82
JR서광3,2011-07-20,100.86
JR서광3,2011-07-21,100.9
JR서광3,2011-07-22,100.97
JR서광3,2011-07-23,101.03
JR서광3,2011-07-24,101.1
JR서광3,2011-07-25,101.16
JR서광3,2011-07-26,101.21
JR서광3,2011-07-27,101.26
JR서광3,2011-07-28,101.32
JR서광3,2011-07-29,101.38
JR서광3,2011-07-30,101.44
JR서광3,2011-07-31,101.49
JR서광3,2011-08-01,101.52
JR서광3,2011-08-02,101.55
JR서광3,2011-08-03,101.59
JR서광3,2011-08-04,101.63
JR서광3,2011-08-05,101.66
JR서광3,2011-08-06,101.7
JR서광3,2011-08-07,101.77
JR서광3,2011-08-08,101.71
JR서광3,2011-08-09,101.72
JR서광3,2011-08-10,101.77
JR서광3,2011-08-11,101.85
JR서광3,2011-08-12,101.94
JR서광3,2011-08-13,102.02
JR서광3,2011-08-14,102.08
JR서광3,2011-08-15,102.15
JR서광3,2011-08-16,102.22
JR서광3,2011-08-17,102.28
JR서광3,2011-08-18,102.32
JR서광3,2011-08-19,102.35
JR서광3,2011-08-20,102.4
JR서광3,2011-08-21,102.44
JR서광3,2011-08-22,102.48
JR서광3,2011-08-23,102.54
JR서광3,2011-08-24,102.53
JR서광3,2011-08-25,102.53
JR서광3,2011-08-26,102.55
JR서광3,2011-08-27,102.58
JR서광3,2011-08-28,102.61
JR서광3,2011-08-29,102.64
JR서광3,2011-08-30,102.68
JR서광3,2011-08-31,102.72
JR서광3,2011-09-01,102.75
JR서광3,2011-09-02,102.77
JR서광3,2011-09-03,102.77
JR서광3,2011-09-04,102.77
JR서광3,2011-09-05,102.79
JR서광3,2011-09-06,102.8
JR서광3,2011-09-07,102.81
JR서광3,2011-09-08,102.8
JR서광3,2011-09-09,102.79
JR서광3,2011-09-10,102.82
JR서광3,2011-09-11,102.83
JR서광3,2011-09-12,102.83
JR서광3,2011-09-13,102.85
JR서광3,2011-09-14,102.86
JR서광3,2011-09-15,102.87
JR서광3,2011-09-16,102.9
JR서광3,2011-09-17,102.9
JR서광3,2011-09-18,102.87
JR서광3,2011-09-19,102.85
JR서광3,2011-09-20,102.85
JR서광3,2011-09-21,102.85
JR서광3,2011-09-22,102.82
JR서광3,2011-09-23,102.78
JR서광3,2011-09-24,102.75
JR서광3,2011-09-25,102.73
JR서광3,2011-09-26,102.73
JR서광3,2011-09-27,102.72
JR서광3,2011-09-28,102.71
JR서광3,2011-09-29,102.71
JR서광3,2011-09-30,102.67
JR서광3,2011-10-01,102.62
JR서광3,2011-10-02,102.59
JR서광3,2011-10-03,102.57
JR서광3,2011-10-04,102.57
JR서광3,2011-10-05,102.57
JR서광3,2011-10-06,102.53
JR서광3,2011-10-07,102.49
JR서광3,2011-10-08,102.45
JR서광3,2011-10-09,102.42
JR서광3,2011-10-10,102.41
JR서광3,2011-10-11,102.39
JR서광3,2011-10-12,102.37
JR서광3,2011-10-13,102.35
JR서광3,2011-10-14,102.34
JR서광3,2011-10-15,102.29
JR서광3,2011-10-16,102.24
JR서광3,2011-10-17,102.19
JR서광3,2011-10-18,102.14
JR서광3,2011-10-19,102.11
JR서광3,2011-10-20,102.09
JR서광3,2011-10-21,102.09
JR서광3,2011-10-22,102.06
JR서광3,2011-10-23,102.01
JR서광3,2011-10-24,101.98
JR서광3,2011-10-25,101.92
JR서광3,2011-10-26,101.88
JR서광3,2011-10-27,101.85
JR서광3,2011-10-28,101.82
JR서광3,2011-10-29,101.81
JR서광3,2011-10-30,101.78
JR서광3,2011-10-31,101.72
JR서광3,2011-11-01,101.69
JR서광3,2011-11-02,101.66
JR서광3,2011-11-03,101.61
JR서광3,2011-11-04,101.59
JR서광3,2011-11-05,101.58
JR서광3,2011-11-06,101.54
JR서광3,2011-11-07,101.5
JR서광3,2011-11-08,101.47
JR서광3,2011-11-09,101.44
JR서광3,2011-11-10,101.42
JR서광3,2011-11-11,101.39
JR서광3,2011-11-12,101.33
JR서광3,2011-11-13,101.29
JR서광3,2011-11-14,101.25
JR서광3,2011-11-15,101.22
JR서광3,2011-11-16,101.17
JR서광3,2011-11-17,101.17
JR서광3,2011-11-18,101.19
JR서광3,2011-11-19,101.17
JR서광3,2011-11-20,101.06
JR서광3,2011-11-21,101.0
JR서광3,2011-11-22,101.01
JR서광3,2011-11-23,101.01
JR서광3,2011-11-24,100.96
JR서광3,2011-11-25,100.93
JR서광3,2011-11-26,100.92
JR서광3,2011-11-27,100.93
JR서광3,2011-11-28,100.96
JR서광3,2011-11-29,100.93
JR서광3,2011-11-30,100.93
JR서광3,2011-12-01,100.9
JR서광3,2011-12-02,100.9
JR서광3,2011-12-03,100.87
JR서광3,2011-12-04,100.8
JR서광3,2011-12-05,100.77
JR서광3,2011-12-06,100.75
JR서광3,2011-12-07,100.75
JR서광3,2011-12-08,100.74
JR서광3,2011-12-09,100.7
JR서광3,2011-12-10,100.67
JR서광3,2011-12-11,100.65
JR서광3,2011-12-12,100.63
JR서광3,2011-12-13,100.61
JR서광3,2011-12-14,100.59
JR서광3,2011-12-15,100.56
JR서광3,2011-12-16,100.52
JR서광3,2011-12-17,100.48
JR서광3,2011-12-18,100.47
JR서광3,2011-12-19,100.45
JR서광3,2011-12-20,100.43
JR서광3,2011-12-21,100.42
JR서광3,2011-12-22,100.39
JR서광3,2011-12-23,100.36
JR서광3,2011-12-24,100.34
JR서광3,2011-12-25,100.28
JR서광3,2011-12-26,100.23
JR서광3,2011-12-27,100.22
JR서광3,2011-12-28,100.21
JR서광3,2011-12-29,100.18
JR서광3,2011-12-30,100.15
JR서광3,2011-12-31,100.13
JR서광3,2012-01-01,100.11
JR서광3,2012-01-02,100.08
JR서광3,2012-01-03,100.06
JR서광3,2012-01-04,100.01
JR서광3,2012-01-05,99.97
JR서광3,2012-01-06,99.94
JR서광3,2012-01-07,99.9
JR서광3,2012-01-08,99.89
JR서광3,2012-01-09,99.87
JR서광3,2012-01-10,99.85
JR서광3,2012-01-11,99.8
JR서광3,2012-01-12,99.78
JR서광3,2012-01-13,99.77
JR서광3,2012-01-14,99.75
JR서광3,2012-01-15,99.74
JR서광3,2012-01-16,99.72
JR서광3,2012-01-17,99.67
JR서광3,2012-01-18,99.63
JR서광3,2012-01-19,99.61
JR서광3,2012-01-20,99.59
JR서광3,2012-01-21,99.56
JR서광3,2012-01-22,99.52
JR서광3,2012-01-23,99.48
JR서광3,2012-01-24,99.46
JR서광3,2012-01-25,99.44
JR서광3,2012-01-26,99.4
JR서광3,2012-01-27,99.39
JR서광3,2012-01-28,99.37
JR서광3,2012-01-29,99.33
JR서광3,2012-01-30,99.31
JR서광3,2012-01-31,99.3
JR서광3,2012-02-01,99.27
JR서광3,2012-02-02,99.22
JR서광3,2012-02-03,99.21
JR서광3,2012-02-04,99.18
JR서광3,2012-02-05,99.18
JR서광3,2012-02-06,99.19
JR서광3,2012-02-07,99.14
JR서광3,2012-02-08,99.08
JR서광3,2012-02-09,99.04
JR서광3,2012-02-10,99.03
JR서광3,2012-02-11,98.99
JR서광3,2012-02-12,98.97
JR서광3,2012-02-13,98.98
JR서광3,2012-02-14,98.98
JR서광3,2012-02-15,98.95
JR서광3,2012-02-16,98.9
JR서광3,2012-02-17,98.87
JR서광3,2012-02-18,98.84
JR서광3,2012-02-19,98.81
JR서광3,2012-02-20,98.79
JR서광3,2012-02-21,98.8
JR서광3,2012-02-22,98.8
JR서광3,2012-02-23,98.78
JR서광3,2012-02-24,98.73
JR서광3,2012-02-25,98.7
JR서광3,2012-02-26,98.65
JR서광3,2012-02-27,98.62
JR서광3,2012-02-28,98.62
JR서광3,2012-02-29,98.59
JR서광3,2012-03-01,98.59
JR서광3,2012-03-02,98.56
JR서광3,2012-03-03,98.51
JR서광3,2012-03-04,98.51
JR서광3,2012-03-05,98.52
JR서광3,2012-03-06,98.49
JR서광3,2012-03-07,98.43
JR서광3,2012-03-08,98.41
JR서광3,2012-03-09,98.39
JR서광3,2012-03-10,98.36
JR서광3,2012-03-11,98.33
JR서광3,2012-03-12,98.3
JR서광3,2012-03-13,98.28
JR서광3,2012-03-14,98.26
JR서광3,2012-03-15,98.25
JR서광3,2012-03-16,98.29
JR서광3,2012-03-17,98.27
JR서광3,2012-03-18,98.23
JR서광3,2012-03-19,98.19
JR서광3,2012-03-20,98.17
JR서광3,2012-03-21,98.13
JR서광3,2012-03-22,98.15
JR서광3,2012-03-23,98.16
JR서광3,2012-03-24,98.1
JR서광3,2012-03-25,98.06
JR서광3,2012-03-26,98.03
JR서광3,2012-03-27,98.02
JR서광3,2012-03-28,98.0
JR서광3,2012-03-29,98.0
JR서광3,2012-03-30,98.02
JR서광3,2012-03-31,97.99
JR서광3,2012-04-01,97.95
JR서광3,2012-04-02,97.97
JR서광3,2012-04-03,97.97
JR서광3,2012-04-04,97.93
JR서광3,2012-04-05,97.94
JR서광3,2012-04-06,97.9
JR서광3,2012-04-07,97.87
JR서광3,2012-04-08,97.87
JR서광3,2012-04-09,97.87
JR서광3,2012-04-10,97.9
JR서광3,2012-04-11,97.93
JR서광3,2012-04-12,97.89
JR서광3,2012-04-13,97.89
JR서광3,2012-04-14,97.88
JR서광3,2012-04-15,97.89
JR서광3,2012-04-16,97.9
JR서광3,2012-04-17,97.9
JR서광3,2012-04-18,97.9
JR서광3,2012-04-19,97.92
JR서광3,2012-04-20,97.94
JR서광3,2012-04-21,98.0
JR서광3,2012-04-22,97.98
JR서광3,2012-04-23,98.01
JR서광3,2012-04-24,98.13
JR서광3,2012-04-25,98.31
JR서광3,2012-04-26,98.38
JR서광3,2012-04-27,98.5
JR서광3,2012-04-28,98.64
JR서광3,2012-04-29,98.82
JR서광3,2012-04-30,98.99
JR서광3,2012-05-01,99.13
JR서광3,2012-05-02,99.23
JR서광3,2012-05-03,99.34
JR서광3,2012-05-04,99.45
JR서광3,2012-05-05,99.57
JR서광3,2012-05-06,99.69
JR서광3,2012-05-07,99.8
JR서광3,2012-05-08,99.9
JR서광3,2012-05-09,99.97
JR서광3,2012-05-10,100.04
JR서광3,2012-05-11,100.12
JR서광3,2012-05-12,100.2
JR서광3,2012-05-13,100.27
JR서광3,2012-05-14,100.36
JR서광3,2012-05-15,100.41
JR서광3,2012-05-16,100.46
JR서광3,2012-05-17,100.51
JR서광3,2012-05-18,100.5
JR서광3,2012-05-19,100.54
JR서광3,2012-05-20,100.58
JR서광3,2012-05-21,100.61
JR서광3,2012-05-22,100.64
JR서광3,2012-05-23,100.67
JR서광3,2012-05-24,100.7
JR서광3,2012-05-25,100.72
JR서광3,2012-05-26,100.73
JR서광3,2012-05-27,100.72
JR서광3,2012-05-28,100.71
JR서광3,2012-05-29,100.71
JR서광3,2012-05-30,100.73
JR서광3,2012-05-31,100.74
JR서광3,2012-06-01,100.74
JR서광3,2012-06-02,100.75
JR서광3,2012-06-03,100.75
JR서광3,2012-06-04,100.74
JR서광3,2012-06-05,100.74
JR서광3,2012-06-06,100.74
JR서광3,2012-06-07,100.73
JR서광3,2012-06-08,100.73
JR서광3,2012-06-09,100.71
JR서광3,2012-06-10,100.69
JR서광3,2012-06-11,100.68
JR서광3,2012-06-12,100.66
JR서광3,2012-06-13,100.6
JR서광3,2012-06-14,100.56
JR서광3,2012-06-15,100.55
JR서광3,2012-06-16,100.55
JR서광3,2012-06-17,100.51
JR서광3,2012-06-18,100.51
JR서광3,2012-06-19,100.53
JR서광3,2012-06-20,100.48
JR서광3,2012-06-21,100.46
JR서광3,2012-06-22,100.41
JR서광3,2012-06-23,100.4
JR서광3,2012-06-24,100.4
JR서광3,2012-06-25,100.36
JR서광3,2012-06-26,100.33
JR서광3,2012-06-27,100.3
JR서광3,2012-06-28,100.26
JR서광3,2012-06-29,100.24
JR서광3,2012-06-30,100.24
JR서광3,2012-07-01,100.21
JR서광3,2012-07-02,100.19
JR서광3,2012-07-03,100.17
JR서광3,2012-07-04,100.12
JR서광3,2012-07-05,100.08
JR서광3,2012-07-06,100.08
JR서광3,2012-07-07,100.05
JR서광3,2012-07-08,100.0
JR서광3,2012-07-09,99.99
JR서광3,2012-07-10,99.98
JR서광3,2012-07-11,99.98
JR서광3,2012-07-12,99.95
JR서광3,2012-07-13,99.92
JR서광3,2012-07-14,99.89
JR서광3,2012-07-15,99.86
JR서광3,2012-07-16,99.82
JR서광3,2012-07-17,99.81
JR서광3,2012-07-18,99.84
JR서광3,2012-07-19,99.79
JR서광3,2012-07-20,99.78
JR서광3,2012-07-21,99.78
JR서광3,2012-07-22,99.8
JR서광3,2012-07-23,99.82
JR서광3,2012-07-24,99.83
JR서광3,2012-07-25,99.86
JR서광3,2012-07-26,99.92
JR서광3,2012-07-27,99.96
JR서광3,2012-07-28,99.98
JR서광3,2012-07-29,100.02
JR서광3,2012-07-30,100.06
JR서광3,2012-07-31,100.07
JR서광3,2012-08-01,100.11
JR서광3,2012-08-02,100.12
JR서광3,2012-08-03,100.1
JR서광3,2012-08-04,100.12
JR서광3,2012-08-05,100.15
JR서광3,2012-08-06,100.16
JR서광3,2012-08-07,100.16
JR서광3,2012-08-08,100.17
JR서광3,2012-08-09,100.17
JR서광3,2012-08-10,100.17
JR서광3,2012-08-11,100.17
JR서광3,2012-08-12,100.18
JR서광3,2012-08-13,100.19
JR서광3,2012-08-14,100.18
JR서광3,2012-08-15,100.18
JR서광3,2012-08-16,100.18
JR서광3,2012-08-17,100.18
JR서광3,2012-08-18,100.19
JR서광3,2012-08-19,100.2
JR서광3,2012-08-20,100.21
JR서광3,2012-08-21,100.21
JR서광3,2012-08-22,100.21
JR서광3,2012-08-23,100.2
JR서광3,2012-08-24,100.2
JR서광3,2012-08-25,100.21
JR서광3,2012-08-26,100.32
JR서광3,2012-08-27,100.53
JR서광3,2012-08-28,100.63
JR서광3,2012-08-29,100.74
JR서광3,2012-08-30,101.01
JR서광3,2012-08-31,101.22
JR서광3,2012-09-01,101.51
JR서광3,2012-09-02,101.81
JR서광3,2012-09-03,102.08
JR서광3,2012-09-04,102.32
JR서광3,2012-09-05,102.54
JR서광3,2012-09-06,102.74
JR서광3,2012-09-07,102.93
JR서광3,2012-09-08,103.1
JR서광3,2012-09-09,103.24
JR서광3,2012-09-10,103.36
JR서광3,2012-09-11,103.46
JR서광3,2012-09-12,103.58
JR서광3,2012-09-13,103.7
JR서광3,2012-09-14,103.77
JR서광3,2012-09-15,103.85
JR서광3,2012-09-16,103.99
JR서광3,2012-09-17,104.12
JR서광3,2012-09-18,104.12
JR서광3,2012-09-19,104.22
JR서광3,2012-09-20,104.37
JR서광3,2012-09-21,104.54
JR서광3,2012-09-22,104.72
JR서광3,2012-09-23,104.85
JR서광3,2012-09-24,104.77
JR서광3,2012-09-25,104.76
JR서광3,2012-09-26,104.81
JR서광3,2012-09-27,104.88
JR서광3,2012-09-28,104.94
JR서광3,2012-09-29,104.97
JR서광3,2012-09-30,105.0
JR서광3,2012-10-01,104.99
JR서광3,2012-10-02,105.01
JR서광3,2012-10-03,105.06
JR서광3,2012-10-04,105.08
JR서광3,2012-10-05,105.05
JR서광3,2012-10-06,105.05
JR서광3,2012-10-07,105.06
JR서광3,2012-10-08,105.08
JR서광3,2012-10-09,105.1
JR서광3,2012-10-10,105.11
JR서광3,2012-10-11,105.11
JR서광3,2012-10-12,105.08
JR서광3,2012-10-13,105.08
JR서광3,2012-10-14,105.07
JR서광3,2012-10-15,105.05
JR서광3,2012-10-16,105.06
JR서광3,2012-10-17,105.06
JR서광3,2012-10-18,105.03
JR서광3,2012-10-19,104.98
JR서광3,2012-10-20,104.96
JR서광3,2012-10-21,104.94
JR서광3,2012-10-22,104.97
JR서광3,2012-10-23,104.92
JR서광3,2012-10-24,104.87
JR서광3,2012-10-25,104.83
JR서광3,2012-10-26,104.8
JR서광3,2012-10-27,104.8
JR서광3,2012-10-28,104.74
JR서광3,2012-10-29,104.73
JR서광3,2012-10-30,104.71
JR서광3,2012-10-31,104.67
JR서광3,2012-11-01,104.63
JR서광3,2012-11-02,104.54
JR서광3,2012-11-03,104.51
JR서광3,2012-11-04,104.53
JR서광3,2012-11-05,104.48
JR서광3,2012-11-06,104.44
JR서광3,2012-11-07,104.4
JR서광3,2012-11-08,104.35
JR서광3,2012-11-09,104.31
JR서광3,2012-11-10,104.31
JR서광3,2012-11-11,104.29
JR서광3,2012-11-12,104.21
JR서광3,2012-11-13,104.21
JR서광3,2012-11-14,104.13
JR서광3,2012-11-15,104.05
JR서광3,2012-11-16,104.04
JR서광3,2012-11-17,104.04
JR서광3,2012-11-18,103.97
JR서광3,2012-11-19,103.94
JR서광3,2012-11-20,103.89
JR서광3,2012-11-21,103.85
JR서광3,2012-11-22,103.82
JR서광3,2012-11-23,103.77
JR서광3,2012-11-24,103.7
JR서광3,2012-11-25,103.68
JR서광3,2012-11-26,103.66
JR서광3,2012-11-27,103.58
JR서광3,2012-11-28,103.57
JR서광3,2012-11-29,103.52
JR서광3,2012-11-30,103.48
JR서광3,2012-12-01,103.42
JR서광3,2012-12-02,103.41
JR서광3,2012-12-03,103.39
JR서광3,2012-12-04,103.32
JR서광3,2012-12-05,103.3
JR서광3,2012-12-06,103.23
JR서광3,2012-12-07,103.22
JR서광3,2012-12-08,103.17
JR서광3,2012-12-09,103.13
JR서광3,2012-12-10,103.07
JR서광3,2012-12-11,103.03
JR서광3,2012-12-12,102.97
JR서광3,2012-12-13,102.93
JR서광3,2012-12-14,102.95
JR서광3,2012-12-15,102.92
JR서광3,2012-12-16,102.85
JR서광3,2012-12-17,102.8
JR서광3,2012-12-18,102.74
JR서광3,2012-12-19,102.69
JR서광3,2012-12-20,102.65
JR서광3,2012-12-21,102.68
JR서광3,2012-12-22,102.59
JR서광3,2012-12-23,102.53
JR서광3,2012-12-24,102.49
JR서광3,2012-12-25,102.44
JR서광3,2012-12-26,102.4
JR서광3,2012-12-27,102.39
JR서광3,2012-12-28,102.38
JR서광3,2012-12-29,102.32
JR서광3,2012-12-30,102.3
JR서광3,2012-12-31,102.23
JR서광3,2013-01-01,102.19
JR서광3,2013-01-02,102.12
JR서광3,2013-01-03,102.06
JR서광3,2013-01-04,102.06
JR서광3,2013-01-05,102.05
JR서광3,2013-01-06,102.01
JR서광3,2013-01-07,101.98
JR서광3,2013-01-08,101.94
JR서광3,2013-01-09,101.89
JR서광3,2013-01-10,101.84
JR서광3,2013-01-11,101.81
JR서광3,2013-01-12,101.79
JR서광3,2013-01-13,101.78
JR서광3,2013-01-14,101.74
JR서광3,2013-01-15,101.68
JR서광3,2013-01-16,101.65
JR서광3,2013-01-17,101.6
JR서광3,2013-01-18,101.56
JR서광3,2013-01-19,101.53
JR서광3,2013-01-20,101.5
JR서광3,2013-01-21,101.51
JR서광3,2013-01-22,101.46
JR서광3,2013-01-23,101.42
JR서광3,2013-01-24,101.39
JR서광3,2013-01-25,101.34
JR서광3,2013-01-26,101.3
JR서광3,2013-01-27,101.25
JR서광3,2013-01-28,101.21
JR서광3,2013-01-29,101.18
JR서광3,2013-01-30,101.14
JR서광3,2013-01-31,101.12
JR서광3,2013-02-01,101.12
JR서광3,2013-02-02,101.06
JR서광3,2013-02-03,101.04
JR서광3,2013-02-04,101.03
JR서광3,2013-02-05,100.99
JR서광3,2013-02-06,100.95
JR서광3,2013-02-07,100.89
JR서광3,2013-02-08,100.84
JR서광3,2013-02-09,100.82
JR서광3,2013-02-10,100.8
JR서광3,2013-02-11,100.76
JR서광3,2013-02-12,100.76
JR서광3,2013-02-13,100.71
JR서광3,2013-02-14,100.7
JR서광3,2013-02-15,100.68
JR서광3,2013-02-16,100.63
JR서광3,2013-02-17,100.64
JR서광3,2013-02-18,100.62
JR서광3,2013-02-19,100.56
JR서광3,2013-02-20,100.5
JR서광3,2013-02-21,100.47
JR서광3,2013-02-22,100.46
JR서광3,2013-02-23,100.43
JR서광3,2013-02-24,100.41
JR서광3,2013-02-25,100.4
JR서광3,2013-02-26,100.39
JR서광3,2013-02-27,100.39
JR서광3,2013-02-28,100.36
JR서광3,2013-03-01,100.35
JR서광3,2013-03-02,100.28
JR서광3,2013-03-03,100.27
JR서광3,2013-03-04,100.27
JR서광3,2013-03-05,100.23
JR서광3,2013-03-06,100.22
JR서광3,2013-03-07,100.24
JR서광3,2013-03-08,100.23
JR서광3,2013-03-09,100.21
JR서광3,2013-03-10,100.16
JR서광3,2013-03-11,100.11
JR서광3,2013-03-12,100.13
JR서광3,2013-03-13,100.15
JR서광3,2013-03-14,100.05
JR서광3,2013-03-15,100.04
JR서광3,2013-03-16,100.04
JR서광3,2013-03-17,100.07
JR서광3,2013-03-18,100.09
JR서광3,2013-03-19,100.02
JR서광3,2013-03-20,100.01
JR서광3,2013-03-21,99.96
JR서광3,2013-03-22,99.98
JR서광3,2013-03-23,99.96
JR서광3,2013-03-24,99.96
JR서광3,2013-03-25,99.93
JR서광3,2013-03-26,99.92
JR서광3,2013-03-27,99.94
JR서광3,2013-03-28,99.94
JR서광3,2013-03-29,99.92
JR서광3,2013-03-30,99.91
JR서광3,2013-03-31,99.91
JR서광3,2013-04-01,99.92
JR서광3,2013-04-02,99.94
JR서광3,2013-04-03,99.92
JR서광3,2013-04-04,99.91
JR서광3,2013-04-05,99.92
JR서광3,2013-04-06,99.96
JR서광3,2013-04-07,99.88
JR서광3,2013-04-08,99.85
JR서광3,2013-04-09,99.83
JR서광3,2013-04-10,99.81
JR서광3,2013-04-11,99.81
JR서광3,2013-04-12,99.81
JR서광3,2013-04-13,99.81
JR서광3,2013-04-14,99.84
JR서광3,2013-04-15,99.81
JR서광3,2013-04-16,99.81
JR서광3,2013-04-17,99.8
JR서광3,2013-04-18,99.77
JR서광3,2013-04-19,99.74
JR서광3,2013-04-20,99.74
JR서광3,2013-04-21,99.71
JR서광3,2013-04-22,99.69
JR서광3,2013-04-23,99.73
JR서광3,2013-04-24,99.73
JR서광3,2013-04-25,99.7
JR서광3,2013-04-26,99.67
JR서광3,2013-04-27,99.65
JR서광3,2013-04-28,99.63
JR서광3,2013-04-29,99.64
JR서광3,2013-04-30,99.65
JR서광3,2013-05-01,99.64
JR서광3,2013-05-02,99.61
JR서광3,2013-05-03,99.59
JR서광3,2013-05-04,99.57
JR서광3,2013-05-05,99.56
JR서광3,2013-05-06,99.57
JR서광3,2013-05-07,99.56
JR서광3,2013-05-08,99.54
JR서광3,2013-05-09,99.56
JR서광3,2013-05-10,99.59
JR서광3,2013-05-11,99.56
JR서광3,2013-05-12,99.53
JR서광3,2013-05-13,99.5
JR서광3,2013-05-14,99.49
JR서광3,2013-05-15,99.48
JR서광3,2013-05-16,99.46
JR서광3,2013-05-17,99.44
JR서광3,2013-05-18,99.46
JR서광3,2013-05-19,99.48
JR서광3,2013-05-20,99.44
JR서광3,2013-05-21,99.41
JR서광3,2013-05-22,99.38
JR서광3,2013-05-23,99.36
JR서광3,2013-05-24,99.35
JR서광3,2013-05-25,99.35
JR서광3,2013-05-26,99.35
JR서광3,2013-05-27,99.38
JR서광3,2013-05-28,99.37
JR서광3,2013-05-29,99.35
JR서광3,2013-05-30,99.37
JR서광3,2013-05-31,99.46
JR서광3,2013-06-01,99.51
JR서광3,2013-06-02,99.63
JR서광3,2013-06-03,99.69
JR서광3,2013-06-04,99.75
JR서광3,2013-06-05,99.83
JR서광3,2013-06-06,99.93
JR서광3,2013-06-07,100.02
JR서광3,2013-06-08,100.11
JR서광3,2013-06-09,100.18
JR서광3,2013-06-10,100.22
JR서광3,2013-06-11,100.26
JR서광3,2013-06-12,100.28
JR서광3,2013-06-13,100.3
JR서광3,2013-06-14,100.35
JR서광3,2013-06-15,100.4
JR서광3,2013-06-16,100.44
JR서광3,2013-06-17,100.5
JR서광3,2013-06-18,100.54
JR서광3,2013-06-19,100.55
JR서광3,2013-06-20,100.55
JR서광3,2013-06-21,100.57
JR서광3,2013-06-22,100.58
JR서광3,2013-06-23,100.61
JR서광3,2013-06-24,100.64
JR서광3,2013-06-25,100.67
JR서광3,2013-06-26,100.7
JR서광3,2013-06-27,100.69
JR서광3,2013-06-28,100.7
JR서광3,2013-06-29,100.69
JR서광3,2013-06-30,100.71
JR서광3,2013-07-01,100.73
JR서광3,2013-07-02,100.75
JR서광3,2013-07-03,100.77
JR서광3,2013-07-04,100.79
JR서광3,2013-07-05,100.8
JR서광3,2013-07-07,100.76
JR서광3,2013-07-08,100.75
JR서광3,2013-07-09,100.76
JR서광3,2013-07-10,100.77
JR서광3,2013-07-11,100.75
JR서광3,2013-07-12,100.75
JR서광3,2013-07-13,100.74
JR서광3,2013-07-14,100.72
JR서광3,2013-07-15,100.71
JR서광3,2013-07-16,100.71
JR서광3,2013-07-17,100.69
JR서광3,2013-07-18,100.67
JR서광3,2013-07-19,100.65
JR서광3,2013-07-20,100.63
JR서광3,2013-07-21,100.61
JR서광3,2013-07-22,100.58
JR서광3,2013-07-23,100.56
JR서광3,2013-07-24,100.56
JR서광3,2013-07-25,100.53
JR서광3,2013-07-26,100.5
JR서광3,2013-07-27,100.47
JR서광3,2013-07-28,100.44
JR서광3,2013-07-29,100.43
JR서광3,2013-07-30,100.4
JR서광3,2013-07-31,100.37
JR서광3,2013-08-01,100.33
JR서광3,2013-08-02,100.29
JR서광3,2013-08-03,100.27
JR서광3,2013-08-04,100.27
JR서광3,2013-08-05,100.25
JR서광3,2013-08-06,100.21
JR서광3,2013-08-07,100.18
JR서광3,2013-08-08,100.16
JR서광3,2013-08-09,100.14
JR서광3,2013-08-10,100.1
JR서광3,2013-08-11,100.07
JR서광3,2013-08-12,100.04
JR서광3,2013-08-13,100.02
JR서광3,2013-08-14,99.99
JR서광3,2013-08-15,99.97
JR서광3,2013-08-16,99.95
JR서광3,2013-08-17,99.93
JR서광3,2013-08-18,99.9
JR서광3,2013-08-19,99.86
JR서광3,2013-08-20,99.83
JR서광3,2013-08-21,99.8
JR서광3,2013-08-22,99.76
JR서광3,2013-08-23,99.73
JR서광3,2013-08-24,99.71
JR서광3,2013-08-25,99.7
JR서광3,2013-08-26,99.66
JR서광3,2013-08-27,99.61
JR서광3,2013-08-28,99.59
JR서광3,2013-08-29,99.58
JR서광3,2013-08-30,99.55
JR서광3,2013-08-31,99.5
JR서광3,2013-09-01,99.46
JR서광3,2013-09-02,99.43
JR서광3,2013-09-03,99.42
JR서광3,2013-09-04,99.4
JR서광3,2013-09-05,99.35
JR서광3,2013-09-06,99.33
JR서광3,2013-09-07,99.31
JR서광3,2013-09-08,99.3
JR서광3,2013-09-09,99.31
JR서광3,2013-09-10,99.3
JR서광3,2013-09-11,99.27
JR서광3,2013-09-12,99.24
JR서광3,2013-09-13,99.23
JR서광3,2013-09-14,99.22
JR서광3,2013-09-15,99.2
JR서광3,2013-09-16,99.15
JR서광3,2013-09-17,99.1
JR서광3,2013-09-18,99.08
JR서광3,2013-09-19,99.06
JR서광3,2013-09-20,99.05
JR서광3,2013-09-21,99.03
JR서광3,2013-09-22,99.0
JR서광3,2013-09-23,98.98
JR서광3,2013-09-24,98.97
JR서광3,2013-09-25,98.95
JR서광3,2013-09-26,98.91
JR서광3,2013-09-27,98.88
JR서광3,2013-09-28,98.88
JR서광3,2013-09-29,98.85
JR서광3,2013-09-30,98.83
JR서광3,2013-10-01,98.82
JR서광3,2013-10-02,98.81
JR서광3,2013-10-03,98.77
JR서광3,2013-10-04,98.76
JR서광3,2013-10-05,98.76
JR서광3,2013-10-06,98.74
JR서광3,2013-10-07,98.74
JR서광3,2013-10-08,98.77
JR서광3,2013-10-09,98.71
JR서광3,2013-10-10,98.68
JR서광3,2013-10-11,98.66
JR서광3,2013-10-12,98.62
JR서광3,2013-10-13,98.61
JR서광3,2013-10-14,98.6
JR서광3,2013-10-15,98.61
JR서광3,2013-10-16,98.57
JR서광3,2013-10-17,98.55
JR서광3,2013-10-18,98.54
JR서광3,2013-10-19,98.55
JR서광3,2013-10-20,98.62
JR서광3,2013-10-21,98.62
JR서광3,2013-10-22,98.55
JR서광3,2013-10-23,98.53
JR서광3,2013-10-24,98.51
JR서광3,2013-10-25,98.48
JR서광3,2013-10-26,98.44
JR서광3,2013-10-27,98.4
JR서광3,2013-10-28,98.37
JR서광3,2013-10-29,98.35
JR서광3,2013-10-30,98.33
JR서광3,2013-10-31,98.31
JR서광3,2013-11-01,98.29
JR서광3,2013-11-02,98.28
JR서광3,2013-11-03,98.26
JR서광3,2013-11-04,98.21
JR서광3,2013-11-05,98.19
JR서광3,2013-11-06,98.19
JR서광3,2013-11-07,98.17
JR서광3,2013-11-08,98.12
JR서광3,2013-11-09,98.11
JR서광3,2013-11-10,98.1
JR서광3,2013-11-11,98.06
JR서광3,2013-11-12,98.02
JR서광3,2013-11-13,98.0
JR서광3,2013-11-14,97.99
JR서광3,2013-11-15,97.97
JR서광3,2013-11-16,97.96
JR서광3,2013-11-17,97.95
JR서광3,2013-11-18,97.92
JR서광3,2013-11-19,97.89
JR서광3,2013-11-20,97.83
JR서광3,2013-11-21,97.79
JR서광3,2013-11-22,97.79
JR서광3,2013-11-23,97.79
JR서광3,2013-11-24,97.82
JR서광3,2013-11-25,97.84
JR서광3,2013-11-26,97.74
JR서광3,2013-11-27,97.73
JR서광3,2013-11-28,97.71
JR서광3,2013-11-29,97.7
JR서광3,2013-11-30,97.69
JR서광3,2013-12-01,97.68
JR서광3,2013-12-02,97.67
JR서광3,2013-12-03,97.66
JR서광3,2013-12-04,97.64
JR서광3,2013-12-05,97.63
JR서광3,2013-12-06,97.62
JR서광3,2013-12-07,97.58
JR서광3,2013-12-08,97.55
JR서광3,2013-12-09,97.49
JR서광3,2013-12-10,97.44
JR서광3,2013-12-11,97.43
JR서광3,2013-12-12,97.39
JR서광3,2013-12-13,97.36
JR서광3,2013-12-14,97.33
JR서광3,2013-12-15,97.34
JR서광3,2013-12-16,97.35
JR서광3,2013-12-17,97.51
JR서광3,2013-12-18,97.52
JR서광3,2013-12-19,97.5
JR서광3,2013-12-20,97.49
JR서광3,2013-12-21,97.47
JR서광3,2013-12-22,97.45
JR서광3,2013-12-23,97.45
JR서광3,2013-12-24,97.43
JR서광3,2013-12-25,97.43
JR서광3,2013-12-26,97.45
JR서광3,2013-12-27,97.43
JR서광3,2013-12-28,97.41
JR서광3,2013-12-29,97.39
JR서광3,2013-12-30,97.39
JR서광3,2013-12-31,97.39
JR서광3,2014-01-01,97.36
JR서광3,2014-01-02,97.33
JR서광3,2014-01-04,97.32
JR서광3,2014-01-05,97.28
JR서광3,2014-01-06,97.25
JR서광3,2014-01-07,97.26
JR서광3,2014-01-08,97.28
JR서광3,2014-01-09,97.22
JR서광3,2014-01-10,97.19
JR서광3,2014-01-11,97.19
JR서광3,2014-01-13,97.18
JR서광3,2014-01-14,97.17
JR서광3,2014-01-15,97.15
JR서광3,2014-01-16,97.14
JR서광3,2014-01-17,97.14
JR서광3,2014-01-18,97.12
JR서광3,2014-01-19,97.09
JR서광3,2014-01-20,97.09
JR서광3,2014-01-21,97.05
JR서광3,2014-01-22,97.02
JR서광3,2014-01-23,97.01
JR서광3,2014-01-24,97.01
JR서광3,2014-01-25,97.02
JR서광3,2014-01-26,96.96
JR서광3,2014-01-27,96.96
JR서광3,2014-01-28,96.95
JR서광3,2014-01-29,96.94
JR서광3,2014-01-30,96.94
JR서광3,2014-01-31,96.9
JR서광3,2014-02-01,96.91
JR서광3,2014-02-02,96.91
JR서광3,2014-02-03,96.88
JR서광3,2014-02-04,96.82
JR서광3,2014-02-05,96.81
JR서광3,2014-02-06,96.83
JR서광3,2014-02-07,96.83
JR서광3,2014-02-08,96.8
JR서광3,2014-02-09,96.77
JR서광3,2014-02-10,96.76
JR서광3,2014-02-11,96.77
JR서광3,2014-02-12,96.77
JR서광3,2014-02-13,96.76
JR서광3,2014-02-14,96.75
JR서광3,2014-02-15,96.73
JR서광3,2014-02-16,96.7
JR서광3,2014-02-17,96.71
JR서광3,2014-02-18,96.68
JR서광3,2014-02-19,96.66
JR서광3,2014-02-20,96.64
JR서광3,2014-02-21,96.62
JR서광3,2014-02-22,96.62
JR서광3,2014-02-23,96.6
JR서광3,2014-02-24,96.6
JR서광3,2014-02-25,96.59
JR서광3,2014-02-26,96.6
JR서광3,2014-02-27,96.56
JR서광3,2014-02-28,96.55
JR서광3,2014-03-01,96.55
JR서광3,2014-03-02,96.52
JR서광3,2014-03-03,96.49
JR서광3,2014-03-04,96.51
JR서광3,2014-03-05,96.48
JR서광3,2014-03-06,96.45
JR서광3,2014-03-07,96.44
JR서광3,2014-03-08,96.45
JR서광3,2014-03-09,96.44
JR서광3,2014-03-10,96.4
JR서광3,2014-03-11,96.4
JR서광3,2014-03-12,96.44
JR서광3,2014-03-13,96.41
JR서광3,2014-03-14,96.37
JR서광3,2014-03-15,96.35
JR서광3,2014-03-16,96.35
JR서광3,2014-03-17,96.36
JR서광3,2014-03-18,96.36
JR서광3,2014-03-19,96.35
JR서광3,2014-03-20,96.34
JR서광3,2014-03-21,96.32
JR서광3,2014-03-22,96.31
JR서광3,2014-03-23,96.31
JR서광3,2014-03-24,96.35
JR서광3,2014-03-25,96.38
JR서광3,2014-03-26,96.38
JR서광3,2014-03-27,96.35
JR서광3,2014-03-28,96.37
JR서광3,2014-03-29,96.42
JR서광3,2014-03-30,96.39
JR서광3,2014-03-31,96.37
JR서광3,2014-04-01,96.4
JR서광3,2014-04-02,96.41
JR서광3,2014-04-03,96.45
JR서광3,2014-04-04,96.46
JR서광3,2014-04-05,96.47
JR서광3,2014-04-06,96.47
JR서광3,2014-04-07,96.49
JR서광3,2014-04-08,96.54
JR서광3,2014-04-09,96.56
JR서광3,2014-04-10,96.57
JR서광3,2014-04-11,96.58
JR서광3,2014-04-12,96.61
JR서광3,2014-04-13,96.63
JR서광3,2014-04-14,96.61
JR서광3,2014-04-15,96.62
JR서광3,2014-04-16,96.65
JR서광3,2014-04-17,96.69
JR서광3,2014-04-18,96.67
JR서광3,2014-04-19,96.67
JR서광3,2014-04-20,96.68
JR서광3,2014-04-21,96.69
JR서광3,2014-04-22,96.69
JR서광3,2014-04-23,96.68
JR서광3,2014-04-24,96.68
JR서광3,2014-04-25,96.68
JR서광3,2014-04-26,96.69
JR서광3,2014-04-27,96.72
JR서광3,2014-04-28,96.75
JR서광3,2014-04-29,96.74
JR서광3,2014-04-30,96.72
JR서광3,2014-05-01,96.71
JR서광3,2014-05-02,96.72
JR서광3,2014-05-03,96.71
JR서광3,2014-05-04,96.74
JR서광3,2014-05-05,96.73
JR서광3,2014-05-06,96.75
JR서광3,2014-05-07,96.77
JR서광3,2014-05-08,96.8
JR서광3,2014-05-09,96.79
JR서광3,2014-05-10,96.79
JR서광3,2014-05-11,96.83
JR서광3,2014-05-12,96.85
JR서광3,2014-05-13,96.85
JR서광3,2014-05-14,96.92
JR서광3,2014-05-15,96.91
JR서광3,2014-05-16,96.9
JR서광3,2014-05-17,96.92
JR서광3,2014-05-18,96.96
JR서광3,2014-05-19,96.98
JR서광3,2014-05-20,97.06
JR서광3,2014-05-21,97.06
JR서광3,2014-05-22,97.08
JR서광3,2014-05-23,97.09
JR서광3,2014-05-24,97.15
JR서광3,2014-05-25,97.23
JR서광3,2014-05-26,97.27
JR서광3,2014-05-27,97.31
JR서광3,2014-05-28,97.36
JR서광3,2014-05-29,97.39
JR서광3,2014-05-30,97.42
JR서광3,2014-05-31,97.46
JR서광3,2014-06-01,97.52
JR서광3,2014-06-02,97.62
JR서광3,2014-06-03,97.66
JR서광3,2014-06-04,97.71
JR서광3,2014-06-05,97.75
JR서광3,2014-06-06,97.8
JR서광3,2014-06-07,97.86
JR서광3,2014-06-08,97.91
JR서광3,2014-06-09,97.94
JR서광3,2014-06-10,98.01
JR서광3,2014-06-11,98.07
JR서광3,2014-06-12,98.12
JR서광3,2014-06-13,98.14
JR서광3,2014-06-14,98.18
JR서광3,2014-06-15,98.22
JR서광3,2014-06-16,98.24
JR서광3,2014-06-17,98.31
JR서광3,2014-06-18,98.32
JR서광3,2014-06-19,98.34
JR서광3,2014-06-20,98.37
JR서광3,2014-06-21,98.41
JR서광3,2014-06-22,98.42
JR서광3,2014-06-23,98.45
JR서광3,2014-06-24,98.47
JR서광3,2014-06-25,98.49
JR서광3,2014-06-26,98.52
JR서광3,2014-06-27,98.54
JR서광3,2014-06-28,98.55
JR서광3,2014-06-29,98.55
JR서광3,2014-06-30,98.56
JR서광3,2014-07-01,98.57
JR서광3,2014-07-02,98.61
JR서광3,2014-07-03,98.63
JR서광3,2014-07-04,98.6
JR서광3,2014-07-05,98.6
JR서광3,2014-07-06,98.63
JR서광3,2014-07-07,98.62
JR서광3,2014-07-08,98.64
JR서광3,2014-07-09,98.75
JR서광3,2014-07-10,98.73
JR서광3,2014-07-11,98.77
JR서광3,2014-07-12,98.84
JR서광3,2014-07-13,98.91
JR서광3,2014-07-14,98.96
JR서광3,2014-07-15,99.03
JR서광3,2014-07-16,99.09
JR서광3,2014-07-17,99.14
JR서광3,2014-07-21,99.15
JR서광3,2014-07-22,99.16
JR서광3,2014-07-23,99.22
JR서광3,2014-07-24,99.27
JR서광3,2014-07-25,99.31
JR서광3,2014-07-26,99.33
JR서광3,2014-07-27,99.39
JR서광3,2014-07-28,99.45
JR서광3,2014-07-29,99.47
JR서광3,2014-07-30,99.51
JR서광3,2014-07-31,99.56
JR서광3,2014-08-02,99.71
JR서광3,2014-08-03,99.68
JR서광3,2014-08-04,99.68
JR서광3,2014-08-05,99.71
JR서광3,2014-08-06,99.79
JR서광3,2014-08-07,99.93
JR서광3,2014-08-08,100.01
JR서광3,2014-08-09,100.13
JR서광3,2014-08-10,100.25
JR서광3,2014-08-11,100.37
JR서광3,2014-08-12,100.47
JR서광3,2014-08-13,100.59
JR서광3,2014-08-14,100.73
JR서광3,2014-08-15,100.84
JR서광3,2014-08-16,100.92
JR서광3,2014-08-17,100.94
JR서광3,2014-08-18,100.97
JR서광3,2014-08-19,101.08
JR서광3,2014-08-20,101.2
JR서광3,2014-08-21,101.32
JR서광3,2014-08-22,101.42
JR서광3,2014-08-23,101.57
JR서광3,2014-08-24,101.73
JR서광3,2014-08-25,101.95
JR서광3,2014-08-26,102.04
JR서광3,2014-08-27,102.18
JR서광3,2014-08-28,102.33
JR서광3,2014-08-29,102.47
JR서광3,2014-08-30,102.58
JR서광3,2014-08-31,102.67
JR서광3,2014-09-01,102.76
JR서광3,2014-09-02,102.85
JR서광3,2014-09-03,102.94
JR서광3,2014-09-04,102.97
JR서광3,2014-09-05,102.99
JR서광3,2014-09-06,103.05
JR서광3,2014-09-07,103.11
JR서광3,2014-09-08,103.15
JR서광3,2014-09-09,103.18
JR서광3,2014-09-10,103.19
JR서광3,2014-09-11,103.21
JR서광3,2014-09-12,103.24
JR서광3,2014-09-13,103.26
JR서광3,2014-09-14,103.26
JR서광3,2014-09-15,103.26
JR서광3,2014-09-16,103.22
JR서광3,2014-09-17,103.17
JR서광3,2014-09-18,103.15
JR서광3,2014-09-19,103.12
JR서광3,2014-09-20,103.08
JR서광3,2014-09-21,103.01
JR서광3,2014-09-22,102.98
JR서광3,2014-09-23,102.98
JR서광3,2014-09-24,103.01
JR서광3,2014-09-25,102.93
JR서광3,2014-09-26,102.9
JR서광3,2014-09-27,102.87
JR서광3,2014-09-28,102.86
JR서광3,2014-09-29,102.86
JR서광3,2014-09-30,102.81
JR서광3,2014-10-01,102.79
JR서광3,2014-10-02,102.79
JR서광3,2014-10-03,102.75
JR서광3,2014-10-05,102.69
JR서광3,2014-10-06,102.62
JR서광3,2014-10-07,102.56
JR서광3,2014-10-08,102.51
JR서광3,2014-10-09,102.52
JR서광3,2014-10-10,102.5
JR서광3,2014-10-11,102.47
JR서광3,2014-10-12,102.45
JR서광3,2014-10-13,102.42
JR서광3,2014-10-15,102.27
JR서광3,2014-10-16,102.24
JR서광3,2014-10-17,102.2
JR서광3,2014-10-18,102.16
JR서광3,2014-10-19,102.14
JR서광3,2014-10-20,102.12
JR서광3,2014-10-21,102.12
JR서광3,2014-10-22,102.07
JR서광3,2014-10-23,102.01
JR서광3,2014-10-24,101.97
JR서광3,2014-10-25,101.94
JR서광3,2014-10-26,101.92
JR서광3,2014-10-27,101.87
JR서광3,2014-10-28,101.83
JR서광3,2014-10-29,101.84
JR서광3,2014-10-30,101.82
JR서광3,2014-10-31,101.79
JR서광3,2014-11-01,101.74
JR서광3,2014-11-02,101.67
JR서광3,2014-11-03,101.6
JR서광3,2014-11-04,101.55
JR서광3,2014-11-05,101.51
JR서광3,2014-11-06,101.46
JR서광3,2014-11-07,101.4
JR서광3,2014-11-08,101.37
JR서광3,2014-11-09,101.34
JR서광3,2014-11-10,101.3
JR서광3,2014-11-11,101.28
JR서광3,2014-11-12,101.23
JR서광3,2014-11-13,101.14
JR서광3,2014-11-14,101.1
JR서광3,2014-11-15,101.06
JR서광3,2014-11-16,101.04
JR서광3,2014-11-17,101.0
JR서광3,2014-11-18,100.95
JR서광3,2014-11-19,100.92
JR서광3,2014-11-20,100.88
JR서광3,2014-11-21,100.85
JR서광3,2014-11-22,100.81
JR서광3,2014-11-23,100.77
JR서광3,2014-11-24,100.77
JR서광3,2014-11-25,100.73
JR서광3,2014-11-26,100.67
JR서광3,2014-11-27,100.61
JR서광3,2014-11-28,100.6
JR서광3,2014-11-29,100.55
JR서광3,2014-11-30,100.56
JR서광3,2014-12-01,100.48
JR서광3,2014-12-02,100.42
JR서광3,2014-12-03,100.39
JR서광3,2014-12-04,100.37
JR서광3,2014-12-05,100.33
JR서광3,2014-12-06,100.28
JR서광3,2014-12-07,100.24
JR서광3,2014-12-08,100.2
JR서광3,2014-12-09,100.15
JR서광3,2014-12-10,100.16
JR서광3,2014-12-11,100.13
JR서광3,2014-12-12,100.08
JR서광3,2014-12-13,100.04
JR서광3,2014-12-14,99.99
JR서광3,2014-12-15,99.99
JR서광3,2014-12-16,99.98
JR서광3,2014-12-17,99.92
JR서광3,2014-12-18,99.86
JR서광3,2014-12-19,99.86
JR서광3,2014-12-20,99.85
JR서광3,2014-12-21,99.81
JR서광3,2014-12-22,99.79
JR서광3,2014-12-23,99.76
JR서광3,2014-12-24,99.75
JR서광3,2014-12-25,99.69
JR서광3,2014-12-26,99.65
JR서광3,2014-12-27,99.63
JR서광3,2014-12-28,99.67
JR서광3,2014-12-29,99.58
JR서광3,2014-12-30,99.52
JR서광3,2014-12-31,99.5
JR서광3,2015-01-01,99.44
JR서광3,2015-01-02,99.41
JR서광3,2015-01-03,99.39
JR서광3,2015-01-04,99.38
JR서광3,2015-01-05,99.35
JR서광3,2015-01-06,99.32
JR서광3,2015-01-07,99.24
JR서광3,2015-01-08,99.16
JR서광3,2015-01-09,99.13
JR서광3,2015-01-10,99.12
JR서광3,2015-01-11,99.09
JR서광3,2015-01-12,99.04
JR서광3,2015-01-13,99.02
JR서광3,2015-01-14,99.04
JR서광3,2015-01-15,99.0
JR서광3,2015-01-16,98.97
JR서광3,2015-01-17,98.91
JR서광3,2015-01-18,98.91
JR서광3,2015-01-19,98.87
JR서광3,2015-01-20,98.84
JR서광3,2015-01-21,98.83
JR서광3,2015-01-22,98.8
JR서광3,2015-01-23,98.75
JR서광3,2015-01-24,98.7
JR서광3,2015-01-25,98.69
JR서광3,2015-01-26,98.68
JR서광3,2015-01-27,98.63
JR서광3,2015-01-28,98.59
JR서광3,2015-01-29,98.56
JR서광3,2015-01-30,98.53
JR서광3,2015-01-31,98.48
JR서광3,2015-02-01,98.45
JR서광3,2015-02-02,98.43
JR서광3,2015-02-03,98.41
JR서광3,2015-02-04,98.4
JR서광3,2015-02-05,98.37
JR서광3,2015-02-06,98.33
JR서광3,2015-02-07,98.33
JR서광3,2015-02-08,98.28
JR서광3,2015-02-09,98.25
JR서광3,2015-02-10,98.26
JR서광3,2015-02-11,98.25
JR서광3,2015-02-12,98.22
JR서광3,2015-02-13,98.16
JR서광3,2015-02-14,98.13
JR서광3,2015-02-15,98.14
JR서광3,2015-02-16,98.13
JR서광3,2015-02-17,98.08
JR서광3,2015-02-18,98.05
JR서광3,2015-02-19,98.02
JR서광3,2015-02-20,98.01
JR서광3,2015-02-21,98.03
JR서광3,2015-02-22,98.0
JR서광3,2015-02-23,97.98
JR서광3,2015-02-24,97.97
JR서광3,2015-02-25,97.95
JR서광3,2015-02-26,97.94
JR서광3,2015-02-27,97.9
JR서광3,2015-02-28,97.92
JR서광3,2015-03-01,97.91
JR서광3,2015-03-02,97.89
JR서광3,2015-03-03,97.92
JR서광3,2015-03-04,97.86
JR서광3,2015-03-05,97.85
JR서광3,2015-03-06,97.85
JR서광3,2015-03-07,97.85
JR서광3,2015-03-08,97.84
JR서광3,2015-03-09,97.83
JR서광3,2015-03-10,97.79
JR서광3,2015-03-11,97.8
JR서광3,2015-03-12,97.79
JR서광3,2015-03-13,97.78
JR서광3,2015-03-14,97.75
JR서광3,2015-03-15,97.74
JR서광3,2015-03-16,97.74
JR서광3,2015-03-17,97.73
JR서광3,2015-03-18,97.75
JR서광3,2015-03-19,97.69
JR서광3,2015-03-20,97.67
JR서광3,2015-03-21,97.68
JR서광3,2015-03-22,97.67
JR서광3,2015-03-23,97.67
JR서광3,2015-03-24,97.67
JR서광3,2015-03-25,97.68
JR서광3,2015-03-26,97.71
JR서광3,2015-03-27,97.78
JR서광3,2015-03-28,97.79
JR서광3,2015-03-29,97.77
JR서광3,2015-03-30,97.77
JR서광3,2015-03-31,97.82
JR서광3,2015-04-01,97.83
JR서광3,2015-04-02,97.86
JR서광3,2015-04-03,97.87
JR서광3,2015-04-04,97.85
JR서광3,2015-04-05,97.85
JR서광3,2015-04-06,97.84
JR서광3,2015-04-07,97.81
JR서광3,2015-04-08,97.81
JR서광3,2015-04-09,97.78
JR서광3,2015-04-10,97.78
JR서광3,2015-04-11,97.8
JR서광3,2015-04-12,97.85
JR서광3,2015-04-14,97.95
JR서광3,2015-04-15,97.94
JR서광3,2015-04-16,97.97
JR서광3,2015-04-17,97.97
JR서광3,2015-04-18,98.01
JR서광3,2015-04-19,98.06
JR서광3,2015-04-20,98.08
JR서광3,2015-04-21,98.06
JR서광3,2015-04-22,98.14
JR서광3,2015-04-23,98.2
JR서광3,2015-04-24,98.31
JR서광3,2015-04-25,98.4
JR서광3,2015-04-26,98.49
JR서광3,2015-04-27,98.6
JR서광3,2015-04-28,98.71
JR서광3,2015-04-29,98.79
JR서광3,2015-04-30,98.83
JR서광3,2015-05-01,98.89
JR서광3,2015-05-02,98.96
JR서광3,2015-05-03,99.05
JR서광3,2015-05-04,99.06
JR서광3,2015-05-05,99.11
JR서광3,2015-05-06,99.19
JR서광3,2015-05-07,99.26
JR서광3,2015-05-08,99.33
JR서광3,2015-05-09,99.41
JR서광3,2015-05-10,99.45
JR서광3,2015-05-11,99.57
JR서광3,2015-05-12,99.65
JR서광3,2015-05-13,99.72
JR서광3,2015-05-14,99.86
JR서광3,2015-05-15,100.05
JR서광3,2015-05-16,100.22
JR서광3,2015-05-17,100.38
JR서광3,2015-05-18,100.6
JR서광3,2015-05-19,100.73
JR서광3,2015-05-20,100.86
JR서광3,2015-05-21,100.95
JR서광3,2015-05-22,101.08
JR서광3,2015-05-23,101.21
JR서광3,2015-05-24,101.3
JR서광3,2015-05-25,101.36
JR서광3,2015-05-26,101.42
JR서광3,2015-05-27,101.49
JR서광3,2015-05-28,101.55
JR서광3,2015-05-29,101.57
JR서광3,2015-05-30,101.63
JR서광3,2015-05-31,101.63
JR서광3,2015-06-01,101.64
JR서광3,2015-06-02,101.69
JR서광3,2015-06-03,101.7
JR서광3,2015-06-04,101.69
JR서광3,2015-06-05,101.74
JR서광3,2015-06-06,101.69
JR서광3,2015-06-07,101.71
JR서광3,2015-06-08,101.76
JR서광3,2015-06-09,101.74
JR서광3,2015-06-10,101.72
JR서광3,2015-06-11,101.73
JR서광3,2015-06-12,101.7
JR서광3,2015-06-13,101.68
JR서광3,2015-06-14,101.67
JR서광3,2015-06-15,101.66
JR서광3,2015-06-16,101.66
JR서광3,2015-06-17,101.65
JR서광3,2015-06-18,101.62
JR서광3,2015-06-19,101.57
JR서광3,2015-06-20,101.55
JR서광3,2015-06-21,101.53
JR서광3,2015-06-22,101.5
JR서광3,2015-06-23,101.48
JR서광3,2015-06-24,101.46
JR서광3,2015-06-25,101.47
JR서광3,2015-06-26,101.45
JR서광3,2015-06-27,101.37
JR서광3,2015-06-28,101.33
JR서광3,2015-06-29,101.32
JR서광3,2015-06-30,101.35
JR서광3,2015-07-01,101.3
JR서광3,2015-07-02,101.25
JR서광3,2015-07-03,101.22
JR서광3,2015-07-04,101.2
JR서광3,2015-07-05,101.18
JR서광3,2015-07-06,101.19
JR서광3,2015-07-07,101.21
JR서광3,2015-07-08,101.19
JR서광3,2015-07-09,101.17
JR서광3,2015-07-10,101.17
JR서광3,2015-07-11,101.21
JR서광3,2015-07-12,101.27
JR서광3,2015-07-13,101.24
JR서광3,2015-07-14,101.31
JR서광3,2015-07-15,101.44
JR서광3,2015-07-16,101.6
JR서광3,2015-07-17,101.73
JR서광3,2015-07-18,101.86
JR서광3,2015-07-19,102.0
JR서광3,2015-07-20,102.13
JR서광3,2015-07-21,102.23
JR서광3,2015-07-22,102.32
JR서광3,2015-07-23,102.38
JR서광3,2015-07-24,102.44
JR서광3,2015-07-25,102.49
JR서광3,2015-07-26,102.54
JR서광3,2015-07-27,102.58
JR서광3,2015-07-28,102.62
JR서광3,2015-07-29,102.66
JR서광3,2015-07-30,102.68
JR서광3,2015-07-31,102.71
JR서광3,2015-08-01,102.72
JR서광3,2015-08-02,102.74
JR서광3,2015-08-03,102.76
JR서광3,2015-08-04,102.78
JR서광3,2015-08-05,102.78
JR서광3,2015-08-06,102.76
JR서광3,2015-08-07,102.74
JR서광3,2015-08-08,102.75
JR서광3,2015-08-09,102.75
JR서광3,2015-08-10,102.75
JR서광3,2015-08-11,102.77
JR서광3,2015-08-12,102.77
JR서광3,2015-08-13,102.71
JR서광3,2015-08-14,102.71
JR서광3,2015-08-15,102.69
JR서광3,2015-08-16,102.69
JR서광3,2015-08-17,102.67
JR서광3,2015-08-18,102.64
JR서광3,2015-08-19,102.63
JR서광3,2015-08-20,102.65
JR서광3,2015-08-21,102.67
JR서광3,2015-08-22,102.64
JR서광3,2015-08-23,102.62
JR서광3,2015-08-24,102.63
JR서광3,2015-08-25,102.62
JR서광3,2015-08-26,102.55
JR서광3,2015-08-27,102.51
JR서광3,2015-08-28,102.49
JR서광3,2015-08-29,102.49
JR서광3,2015-08-30,102.46
JR서광3,2015-08-31,102.46
JR서광3,2015-09-01,102.43
JR서광3,2015-09-02,102.39
JR서광3,2015-09-03,102.36
JR서광3,2015-09-04,102.32
JR서광3,2015-09-05,102.33
JR서광3,2015-09-06,102.31
JR서광3,2015-09-07,102.23
JR서광3,2015-09-08,102.18
JR서광3,2015-09-09,102.16
JR서광3,2015-09-10,102.13
JR서광3,2015-09-11,102.12
JR서광3,2015-09-12,102.09
JR서광3,2015-09-13,102.03
JR서광3,2015-09-14,101.98
JR서광3,2015-09-15,101.96
JR서광3,2015-09-16,101.95
JR서광3,2015-09-17,101.91
JR서광3,2015-09-18,101.86
JR서광3,2015-09-19,101.83
JR서광3,2015-09-20,101.81
JR서광3,2015-09-21,101.77
JR서광3,2015-09-22,101.72
JR서광3,2015-09-23,101.73
JR서광3,2015-09-24,101.69
JR서광3,2015-09-25,101.64
JR서광3,2015-09-26,101.58
JR서광3,2015-09-27,101.54
JR서광3,2015-09-28,101.5
JR서광3,2015-09-29,101.44
JR서광3,2015-09-30,101.43
JR서광3,2015-10-01,101.45
JR서광3,2015-10-02,101.35
JR서광3,2015-10-03,101.29
JR서광3,2015-10-04,101.25
JR서광3,2015-10-05,101.23
JR서광3,2015-10-06,101.22
JR서광3,2015-10-07,101.21
JR서광3,2015-10-08,101.2
JR서광3,2015-10-09,101.18
JR서광3,2015-10-10,101.16
JR서광3,2015-10-11,101.12
JR서광3,2015-10-12,101.09
JR서광3,2015-10-13,101.07
JR서광3,2015-10-14,101.05
JR서광3,2015-10-15,101.04
JR서광3,2015-10-16,101.02
JR서광3,2015-10-17,100.99
JR서광3,2015-10-18,100.96
JR서광3,2015-10-19,100.95
JR서광3,2015-10-20,100.92
JR서광3,2015-10-21,100.87
JR서광3,2015-10-22,100.82
JR서광3,2015-10-23,100.78
JR서광3,2015-10-24,100.75
JR서광3,2015-10-25,100.7
JR서광3,2015-10-26,100.68
JR서광3,2015-10-27,100.67
JR서광3,2015-10-28,100.6
JR서광3,2015-10-29,100.57
JR서광3,2015-10-30,100.55
JR서광3,2015-10-31,100.52
JR서광3,2015-11-01,100.52
JR서광3,2015-11-02,100.5
JR서광3,2015-11-03,100.44
JR서광3,2015-11-04,100.43
JR서광3,2015-11-05,100.4
JR서광3,2015-11-06,100.37
JR서광3,2015-11-07,100.36
JR서광3,2015-11-08,100.35
JR서광3,2015-11-09,100.31
JR서광3,2015-11-10,100.26
JR서광3,2015-11-11,100.22
JR서광3,2015-11-12,100.2
JR서광3,2015-11-13,100.22
JR서광3,2015-11-14,100.19
JR서광3,2015-11-15,100.14
JR서광3,2015-11-16,100.12
JR서광3,2015-11-17,100.08
JR서광3,2015-11-18,100.07
JR서광3,2015-11-19,100.02
JR서광3,2015-11-20,99.99
JR서광3,2015-11-21,99.95
JR서광3,2015-11-22,99.93
JR서광3,2015-11-23,99.93
JR서광3,2015-11-24,99.9
JR서광3,2015-11-25,99.89
JR서광3,2015-11-26,99.86
JR서광3,2015-11-27,99.8
JR서광3,2015-11-28,99.76
JR서광3,2015-11-29,99.76
JR서광3,2015-11-30,99.74
JR서광3,2015-12-01,99.71
JR서광3,2015-12-02,99.72
JR서광3,2015-12-03,99.67
JR서광3,2015-12-04,99.61
JR서광3,2015-12-05,99.59
JR서광3,2015-12-06,99.56
JR서광3,2015-12-07,99.53
JR서광3,2015-12-08,99.49
JR서광3,2015-12-09,99.48
JR서광3,2015-12-10,99.53
JR서광3,2015-12-11,99.47
JR서광3,2015-12-12,99.41
JR서광3,2015-12-13,99.39
JR서광3,2015-12-14,99.37
JR서광3,2015-12-15,99.35
JR서광3,2015-12-16,99.32
JR서광3,2015-12-17,99.26
JR서광3,2015-12-18,99.23
JR서광3,2015-12-19,99.23
JR서광3,2015-12-20,99.25
JR서광3,2015-12-21,99.23
JR서광3,2015-12-22,99.21
JR서광3,2015-12-23,99.21
JR서광3,2015-12-24,99.17
JR서광3,2015-12-25,99.14
JR서광3,2015-12-26,99.13
JR서광3,2015-12-27,99.08
JR서광3,2015-12-28,99.05
JR서광3,2015-12-29,99.04
JR서광3,2015-12-30,99.04
JR서광3,2015-12-31,99.02
JR서광3,2016-01-01,98.99
JR서광3,2016-01-02,99.0
JR서광3,2016-01-03,98.98
JR서광3,2016-01-04,98.95
JR서광3,2016-01-05,98.92
JR서광3,2016-01-06,98.89
JR서광3,2016-01-07,98.86
JR서광3,2016-01-08,98.86
JR서광3,2016-01-09,98.82
JR서광3,2016-01-10,98.8
JR서광3,2016-01-11,98.78
JR서광3,2016-01-12,98.75
JR서광3,2016-01-13,98.73
JR서광3,2016-01-14,98.7
JR서광3,2016-01-15,98.69
JR서광3,2016-01-16,98.65
JR서광3,2016-01-17,98.66
JR서광3,2016-01-18,98.62
JR서광3,2016-01-19,98.56
JR서광3,2016-01-20,98.52
JR서광3,2016-01-21,98.53
JR서광3,2016-01-22,98.5
JR서광3,2016-01-23,98.48
JR서광3,2016-01-24,98.47
JR서광3,2016-01-25,98.43
JR서광3,2016-01-26,98.38
JR서광3,2016-01-27,98.32
JR서광3,2016-01-28,98.3
JR서광3,2016-01-29,98.28
JR서광3,2016-01-30,98.2
JR서광3,2016-01-31,98.18
JR서광3,2016-02-01,98.16
JR서광3,2016-02-02,98.12
JR서광3,2016-02-03,98.09
JR서광3,2016-02-04,98.07
JR서광3,2016-02-05,98.06
JR서광3,2016-02-06,98.03
JR서광3,2016-02-07,98.01
JR서광3,2016-02-08,97.99
JR서광3,2016-02-09,97.97
JR서광3,2016-02-10,97.94
JR서광3,2016-02-11,97.94
JR서광3,2016-02-12,97.95
JR서광3,2016-02-13,97.96
JR서광3,2016-02-14,97.9
JR서광3,2016-02-15,97.87
JR서광3,2016-02-16,97.91
JR서광3,2016-02-17,97.93
JR서광3,2016-02-18,97.98
JR서광3,2016-02-19,98.0
JR서광3,2016-02-20,98.08
JR서광3,2016-02-21,98.1
JR서광3,2016-02-22,98.15
JR서광3,2016-02-23,98.2
JR서광3,2016-02-24,98.21
JR서광3,2016-02-25,98.24
JR서광3,2016-02-26,98.32
JR서광3,2016-02-27,98.36
JR서광3,2016-02-28,98.38
JR서광3,2016-02-29,98.37
JR서광3,2016-03-01,98.4
JR서광3,2016-03-02,98.44
JR서광3,2016-03-03,98.47
JR서광3,2016-03-04,98.46
JR서광3,2016-03-05,98.5
JR서광3,2016-03-06,98.51
JR서광3,2016-03-07,98.5
JR서광3,2016-03-08,98.52
JR서광3,2016-03-09,98.54
JR서광3,2016-03-10,98.55
JR서광3,2016-03-11,98.58
JR서광3,2016-03-12,98.62
JR서광3,2016-03-13,98.67
JR서광3,2016-03-14,98.69
JR서광3,2016-03-15,98.71
JR서광3,2016-03-16,98.75
JR서광3,2016-03-17,98.79
JR서광3,2016-03-18,98.86
JR서광3,2016-03-19,98.85
JR서광3,2016-03-20,98.85
JR서광3,2016-03-21,98.86
JR서광3,2016-03-22,98.9
JR서광3,2016-03-23,98.92
JR서광3,2016-03-24,98.93
JR서광3,2016-03-25,98.96
JR서광3,2016-03-26,98.99
JR서광3,2016-03-27,99.01
JR서광3,2016-03-28,99.02
JR서광3,2016-03-29,99.02
JR서광3,2016-03-30,99.04
JR서광3,2016-03-31,99.05
JR서광3,2016-04-01,99.03
JR서광3,2016-04-02,99.01
JR서광3,2016-04-03,99.05
JR서광3,2016-04-04,99.04
JR서광3,2016-04-05,99.02
JR서광3,2016-04-06,99.04
JR서광3,2016-04-07,99.05
JR서광3,2016-04-08,99.01
JR서광3,2016-04-09,99.02
JR서광3,2016-04-10,99.02
JR서광3,2016-04-11,99.0
JR서광3,2016-04-12,99.01
JR서광3,2016-04-13,99.03
JR서광3,2016-04-14,98.96
JR서광3,2016-04-15,98.94
JR서광3,2016-04-16,99.02
JR서광3,2016-04-17,98.99
JR서광3,2016-04-18,98.98
JR서광3,2016-04-19,98.98
JR서광3,2016-04-20,99.04
JR서광3,2016-04-21,99.12
JR서광3,2016-04-22,99.1
JR서광3,2016-04-23,99.12
JR서광3,2016-04-24,99.15
JR서광3,2016-04-25,99.17
JR서광3,2016-04-26,99.21
JR서광3,2016-04-27,99.28
JR서광3,2016-04-28,99.26
JR서광3,2016-04-29,99.25
JR서광3,2016-04-30,99.27
JR서광3,2016-05-01,99.3
JR서광3,2016-05-02,99.33
JR서광3,2016-05-03,99.4
JR서광3,2016-05-04,99.36
JR서광3,2016-05-05,99.38
JR서광3,2016-05-06,99.46
JR서광3,2016-05-07,99.48
JR서광3,2016-05-08,99.53
JR서광3,2016-05-09,99.6
JR서광3,2016-05-10,99.68
JR서광3,2016-05-11,99.69
JR서광3,2016-05-12,99.73
JR서광3,2016-05-13,99.77
JR서광3,2016-05-14,99.83
JR서광3,2016-05-15,99.93
JR서광3,2016-05-16,99.97
JR서광3,2016-05-17,99.99
JR서광3,2016-05-18,100.03
JR서광3,2016-05-19,100.07
JR서광3,2016-05-20,100.11
JR서광3,2016-05-21,100.14
JR서광3,2016-05-22,100.16
JR서광3,2016-05-23,100.19
JR서광3,2016-05-24,100.23
JR서광3,2016-05-25,100.23
JR서광3,2016-05-26,100.24
JR서광3,2016-05-27,100.25
JR서광3,2016-05-28,100.28
JR서광3,2016-05-29,100.3
JR서광3,2016-05-30,100.29
JR서광3,2016-05-31,100.29
JR서광3,2016-06-01,100.31
JR서광3,2016-06-02,100.29
JR서광3,2016-06-03,100.3
JR서광3,2016-06-04,100.33
JR서광3,2016-06-05,100.3
JR서광3,2016-06-06,100.3
JR서광3,2016-06-07,100.3
JR서광3,2016-06-08,100.3
JR서광3,2016-06-09,100.29
JR서광3,2016-06-10,100.28
JR서광3,2016-06-11,100.28
JR서광3,2016-06-12,100.3
JR서광3,2016-06-13,100.3
JR서광3,2016-06-14,100.27
JR서광3,2016-06-15,100.26
JR서광3,2016-06-16,100.25
JR서광3,2016-06-17,100.19
JR서광3,2016-06-18,100.17
JR서광3,2016-06-19,100.17
JR서광3,2016-06-20,100.17
JR서광3,2016-06-21,100.14
JR서광3,2016-06-22,100.12
JR서광3,2016-06-23,100.07
JR서광3,2016-06-24,100.07
JR서광3,2016-06-25,100.02
JR서광3,2016-06-26,100.02
JR서광3,2016-06-27,100.03
JR서광3,2016-06-28,100.02
JR서광3,2016-06-29,100.02
JR서광3,2016-06-30,100.02
JR서광3,2016-07-01,100.07
JR서광3,2016-07-02,100.1
JR서광3,2016-07-03,100.13
JR서광3,2016-07-04,100.17
JR서광3,2016-07-05,100.2
JR서광3,2016-07-06,100.24
JR서광3,2016-07-07,100.3
JR서광3,2016-07-08,100.37
JR서광3,2016-07-09,100.41
JR서광3,2016-07-10,100.45
JR서광3,2016-07-11,100.48
JR서광3,2016-07-12,100.52
JR서광3,2016-07-13,100.55
JR서광3,2016-07-14,100.59
JR서광3,2016-07-15,100.66
JR서광3,2016-07-16,100.75
JR서광3,2016-07-17,100.8
JR서광3,2016-07-18,100.9
JR서광3,2016-07-19,101.0
JR서광3,2016-07-20,101.09
JR서광3,2016-07-21,101.18
JR서광3,2016-07-22,101.26
JR서광3,2016-07-23,101.32
JR서광3,2016-07-24,101.36
JR서광3,2016-07-25,101.41
JR서광3,2016-07-26,101.47
JR서광3,2016-07-27,101.51
JR서광3,2016-07-28,101.52
JR서광3,2016-07-29,101.53
JR서광3,2016-07-30,101.55
JR서광3,2016-07-31,101.57
JR서광3,2016-08-01,101.6
JR서광3,2016-08-02,101.62
JR서광3,2016-08-03,101.62
JR서광3,2016-08-04,101.64
JR서광3,2016-08-05,101.63
JR서광3,2016-08-06,101.64
JR서광3,2016-08-07,101.64
JR서광3,2016-08-08,101.64
JR서광3,2016-08-09,101.64
JR서광3,2016-08-10,101.63
JR서광3,2016-08-11,101.62
JR서광3,2016-08-12,101.62
JR서광3,2016-08-13,101.62
JR서광3,2016-08-14,101.61
JR서광3,2016-08-15,101.6
JR서광3,2016-08-16,101.58
JR서광3,2016-08-17,101.55
JR서광3,2016-08-18,101.48
JR서광3,2016-08-19,101.46
JR서광3,2016-08-20,101.44
JR서광3,2016-08-21,101.42
JR서광3,2016-08-22,101.4
JR서광3,2016-08-23,101.38
JR서광3,2016-08-24,101.35
JR서광3,2016-08-25,101.33
JR서광3,2016-08-26,101.36
JR서광3,2016-08-27,101.49
JR서광3,2016-08-28,101.48
JR서광3,2016-08-29,101.44
JR서광3,2016-08-30,101.43
JR서광3,2016-08-31,101.38
JR서광3,2016-09-01,101.33
JR서광3,2016-09-02,101.3
JR서광3,2016-09-03,101.26
JR서광3,2016-09-04,101.22
JR서광3,2016-09-05,101.18
JR서광3,2016-09-06,101.15
JR서광3,2016-09-07,101.1
JR서광3,2016-09-08,101.03
JR서광3,2016-09-09,100.96
JR서광3,2016-09-10,100.93
JR서광3,2016-09-11,100.88
JR서광3,2016-09-12,100.84
JR서광3,2016-09-13,100.79
JR서광3,2016-09-14,100.75
JR서광3,2016-09-15,100.72
JR서광3,2016-09-16,100.69
JR서광3,2016-09-17,100.67
JR서광3,2016-09-18,100.61
JR서광3,2016-09-19,100.55
JR서광3,2016-09-20,100.47
JR서광3,2016-09-21,100.4
JR서광3,2016-09-22,100.38
JR서광3,2016-09-23,100.33
JR서광3,2016-09-24,100.29
JR서광3,2016-09-25,100.25
JR서광3,2016-09-26,100.2
JR서광3,2016-09-27,100.16
JR서광3,2016-09-28,100.12
JR서광3,2016-09-29,100.07
JR서광3,2016-09-30,100.03
JR서광3,2016-10-01,99.96
JR서광3,2016-10-02,99.93
JR서광3,2016-10-03,99.91
JR서광3,2016-10-04,99.85
JR서광3,2016-10-05,99.86
JR서광3,2016-10-06,99.72
JR서광3,2016-10-07,99.65
JR서광3,2016-10-08,99.68
JR서광3,2016-10-09,99.75
JR서광3,2016-10-10,99.76
JR서광3,2016-10-11,99.83
JR서광3,2016-10-12,99.88
JR서광3,2016-10-13,99.93
JR서광3,2016-10-14,99.96
JR서광3,2016-10-15,100.0
JR서광3,2016-10-16,100.01
JR서광3,2016-10-17,100.02
JR서광3,2016-10-18,100.04
JR서광3,2016-10-19,100.04
JR서광3,2016-10-20,100.04
JR서광3,2016-10-21,100.03
JR서광3,2016-10-22,99.99
JR서광3,2016-10-23,99.98
JR서광3,2016-10-24,99.98
JR서광3,2016-10-25,99.97
JR서광3,2016-10-26,99.92
JR서광3,2016-10-27,99.9
JR서광3,2016-10-28,99.9
JR서광3,2016-10-29,99.81
JR서광3,2016-10-30,99.77
JR서광3,2016-10-31,99.77
JR서광3,2016-11-01,99.73
JR서광3,2016-11-02,99.72
JR서광3,2016-11-03,99.71
JR서광3,2016-11-04,99.71
JR서광3,2016-11-05,99.69
JR서광3,2016-11-06,99.63
JR서광3,2016-11-07,99.6
JR서광3,2016-11-08,99.58
JR서광3,2016-11-09,99.54
JR서광3,2016-11-10,99.55
JR서광3,2016-11-11,99.51
JR서광3,2016-11-12,99.47
JR서광3,2016-11-13,99.46
JR서광3,2016-11-14,99.46
JR서광3,2016-11-15,99.41
JR서광3,2016-11-16,99.36
JR서광3,2016-11-17,99.33
JR서광3,2016-11-18,99.34
JR서광3,2016-11-19,99.31
JR서광3,2016-11-20,99.25
JR서광3,2016-11-21,99.23
JR서광3,2016-11-22,99.4
JR서광3,2016-11-23,99.43
JR서광3,2016-11-24,99.39
JR서광3,2016-11-25,99.37
JR서광3,2016-11-26,99.36
JR서광3,2016-11-27,99.32
JR서광3,2016-11-28,99.26
JR서광3,2016-11-29,99.21
JR서광3,2016-11-30,99.21
JR서광3,2016-12-06,99.02
JR서광3,2016-12-07,99.01
JR서광3,2016-12-08,98.98
JR서광3,2016-12-09,98.94
JR서광3,2016-12-10,98.88
JR서광3,2016-12-11,98.84
JR서광3,2016-12-12,98.83
JR서광3,2016-12-13,98.82
JR서광3,2016-12-14,98.75
JR서광3,2016-12-15,98.7
JR서광3,2016-12-16,98.65
JR서광3,2016-12-17,98.61
JR서광3,2016-12-18,98.58
JR서광3,2016-12-19,98.57
JR서광3,2016-12-20,98.53
JR서광3,2016-12-21,98.51
JR서광3,2016-12-22,98.49
JR서광3,2016-12-23,98.41
JR서광3,2016-12-24,98.36
JR서광3,2016-12-25,98.35
JR서광3,2016-12-26,98.36
JR서광3,2016-12-27,98.28
JR서광3,2016-12-28,98.22
JR서광3,2016-12-29,98.19
JR서광3,2016-12-30,98.16
JR서광3,2016-12-31,98.14
JR서광3,2017-01-01,98.12
JR서광3,2017-01-02,98.11
JR서광3,2017-01-03,98.06
JR서광3,2017-01-04,98.04
JR서광3,2017-01-05,98.01
JR서광3,2017-01-06,97.98
JR서광3,2017-01-07,97.98
JR서광3,2017-01-08,97.96
JR서광3,2017-01-09,97.9
JR서광3,2017-01-10,97.85
JR서광3,2017-01-11,97.82
JR서광3,2017-01-12,97.82
JR서광3,2017-01-13,97.8
JR서광3,2017-01-14,97.76
JR서광3,2017-01-17,97.69
JR서광3,2017-01-18,97.68
JR서광3,2017-01-19,97.67
JR서광3,2017-01-20,97.61
JR서광3,2017-01-21,97.56
JR서광3,2017-01-22,97.52
JR서광3,2017-01-23,97.47
JR서광3,2017-01-24,97.43
JR서광3,2017-01-25,97.4
JR서광3,2017-01-26,97.39
JR서광3,2017-01-27,97.35
JR서광3,2017-01-28,97.32
JR서광3,2017-01-29,97.32
JR서광3,2017-01-30,97.24
JR서광3,2017-01-31,97.21
JR서광3,2017-02-01,97.17
JR서광3,2017-02-02,97.14
JR서광3,2017-02-03,97.13
JR서광3,2017-02-04,97.12
JR서광3,2017-02-05,97.1
JR서광3,2017-02-06,97.03
JR서광3,2017-02-07,97.0
JR서광3,2017-02-08,96.99
JR서광3,2017-02-09,96.96
JR서광3,2017-02-10,96.92
JR서광3,2017-02-11,96.87
JR서광3,2017-02-12,96.84
JR서광3,2017-02-13,96.81
JR서광3,2017-02-14,96.79
JR서광3,2017-02-15,96.77
JR서광3,2017-02-16,96.78
JR서광3,2017-02-17,96.75
JR서광3,2017-02-18,96.69
JR서광3,2017-02-19,96.7
JR서광3,2017-02-20,96.68
JR서광3,2017-02-21,96.59
JR서광3,2017-02-22,96.63
JR서광3,2017-02-23,96.57
JR서광3,2017-02-24,96.52
JR서광3,2017-02-25,96.51
JR서광3,2017-02-26,96.48
JR서광3,2017-02-27,96.46
JR서광3,2017-02-28,96.45
JR서광3,2017-03-01,96.45
JR서광3,2017-03-02,96.4
JR서광3,2017-03-03,96.34
JR서광3,2017-03-04,96.32
JR서광3,2017-03-05,96.33
JR서광3,2017-03-06,96.33
JR서광3,2017-03-07,96.33
JR서광3,2017-03-08,96.29
JR서광3,2017-03-09,96.26
JR서광3,2017-03-10,96.23
JR서광3,2017-03-11,96.2
JR서광3,2017-03-12,96.19
JR서광3,2017-03-13,96.19
JR서광3,2017-03-14,96.15
JR서광3,2017-03-15,96.11
JR서광3,2017-03-16,96.1
JR서광3,2017-03-17,96.07
JR서광3,2017-03-18,96.04
JR서광3,2017-03-19,96.03
JR서광3,2017-03-20,96.04
JR서광3,2017-03-21,96.0
JR서광3,2017-03-22,95.96
JR서광3,2017-03-23,95.94
JR서광3,2017-03-24,95.92
JR서광3,2017-03-25,95.91
JR서광3,2017-03-26,95.88
JR서광3,2017-03-27,95.84
JR서광3,2017-03-28,95.82
JR서광3,2017-03-29,95.82
JR서광3,2017-03-30,95.8
JR서광3,2017-03-31,95.79
JR서광3,2017-04-01,95.76
JR서광3,2017-04-02,95.72
JR서광3,2017-04-03,95.68
JR서광3,2017-04-04,95.67
JR서광3,2017-04-05,95.68
JR서광3,2017-04-06,95.67
JR서광3,2017-04-07,95.64
JR서광3,2017-04-08,95.62
JR서광3,2017-04-09,95.6
JR서광3,2017-04-10,95.61
JR서광3,2017-04-11,95.59
JR서광3,2017-04-12,95.55
JR서광3,2017-04-13,95.53
JR서광3,2017-04-14,95.56
JR서광3,2017-04-15,95.57
JR서광3,2017-04-16,95.57
JR서광3,2017-04-18,95.59
JR서광3,2017-04-19,95.55
JR서광3,2017-04-20,95.57
JR서광3,2017-04-21,95.58
JR서광3,2017-04-22,95.57
JR서광3,2017-04-23,95.55
JR서광3,2017-04-24,95.56
JR서광3,2017-04-25,95.56
JR서광3,2017-04-26,95.58
JR서광3,2017-04-27,95.58
JR서광3,2017-04-28,95.58
JR서광3,2017-04-29,95.57
JR서광3,2017-04-30,95.55
JR서광3,2017-05-01,95.54
JR서광3,2017-05-02,95.52
JR서광3,2017-05-03,95.52
JR서광3,2017-05-04,95.54
JR서광3,2017-05-05,95.53
JR서광3,2017-05-06,95.5
JR서광3,2017-05-07,95.49
JR서광3,2017-05-08,95.5
JR서광3,2017-05-09,95.51
JR서광3,2017-05-10,95.47
JR서광3,2017-05-11,95.45
JR서광3,2017-05-12,95.47
JR서광3,2017-05-13,95.45
JR서광3,2017-05-14,95.42
JR서광3,2017-05-15,95.41
JR서광3,2017-05-16,95.41
JR서광3,2017-05-17,95.39
JR서광3,2017-05-18,95.37
JR서광3,2017-05-19,95.37
JR서광3,2017-05-20,95.37
JR서광3,2017-05-21,95.36
JR서광3,2017-05-22,95.35
JR서광3,2017-05-23,95.34
JR서광3,2017-05-24,95.33
JR서광3,2017-05-25,95.31
JR서광3,2017-05-26,95.28
JR서광3,2017-05-27,95.25
JR서광3,2017-05-28,95.24
JR서광3,2017-05-29,95.24
JR서광3,2017-05-30,95.23
JR서광3,2017-05-31,95.24
JR서광3,2017-06-01,95.23
JR서광3,2017-06-02,95.19
JR서광3,2017-06-03,95.16
JR서광3,2017-06-04,95.14
JR서광3,2017-06-05,95.12
JR서광3,2017-06-06,95.13
JR서광3,2017-06-07,95.13
JR서광3,2017-06-08,95.09
JR서광3,2017-06-09,95.09
JR서광3,2017-06-10,95.08
JR서광3,2017-06-11,95.06
JR서광3,2017-06-12,95.03
JR서광3,2017-06-13,95.02
JR서광3,2017-06-14,95.02
JR서광3,2017-06-15,95.01
JR서광3,2017-06-16,94.99
JR서광3,2017-06-17,94.98
JR서광3,2017-06-18,94.97
JR서광3,2017-06-19,94.95
JR서광3,2017-06-20,94.97
JR서광3,2017-06-21,94.92
JR서광3,2017-06-22,94.9
JR서광3,2017-06-23,94.9
JR서광3,2017-06-24,94.9
JR서광3,2017-06-25,94.88
JR서광3,2017-06-26,94.85
JR서광3,2017-06-27,94.82
JR서광3,2017-06-28,94.8
JR서광3,2017-06-29,94.81
JR서광3,2017-06-30,94.8
JR서광3,2017-07-01,94.78
JR서광3,2017-07-02,94.77
JR서광3,2017-07-03,94.76
JR서광3,2017-07-04,94.75
JR서광3,2017-07-05,94.72
JR서광3,2017-07-06,94.71
JR서광3,2017-07-07,94.7
JR서광3,2017-07-08,94.68
JR서광3,2017-07-09,94.67
JR서광3,2017-07-10,94.67
JR서광3,2017-07-11,94.63
JR서광3,2017-07-12,94.62
JR서광3,2017-07-13,94.61
JR서광3,2017-07-17,94.54
JR서광3,2017-07-18,94.54
JR서광3,2017-07-19,94.53
JR서광3,2017-07-20,94.49
JR서광3,2017-07-21,94.47
JR서광3,2017-07-22,94.45
JR서광3,2017-07-23,94.45
JR서광3,2017-07-24,94.44
JR서광3,2017-07-25,94.42
JR서광3,2017-07-26,94.4
JR서광3,2017-07-27,94.38
JR서광3,2017-07-28,94.36
JR서광3,2017-07-29,94.36
JR서광3,2017-07-30,94.34
JR서광3,2017-07-31,94.32
JR서광3,2017-08-01,94.31
JR서광3,2017-08-02,94.3
JR서광3,2017-08-03,94.3
JR서광3,2017-08-04,94.28
JR서광3,2017-08-05,94.27
JR서광3,2017-08-06,94.26
JR서광3,2017-08-07,94.23
JR서광3,2017-08-08,94.22
JR서광3,2017-08-09,94.22
JR서광3,2017-08-10,94.19
JR서광3,2017-08-11,94.16
JR서광3,2017-08-12,94.14
JR서광3,2017-08-13,94.14
JR서광3,2017-08-14,94.14
JR서광3,2017-08-15,94.13
JR서광3,2017-08-16,94.11
JR서광3,2017-08-17,94.09
JR서광3,2017-08-18,94.08
JR서광3,2017-08-19,94.07
JR서광3,2017-08-20,94.07
JR서광3,2017-08-21,94.06
JR서광3,2017-08-22,94.03
JR서광3,2017-08-23,94.02
JR서광3,2017-08-24,94.03
JR서광3,2017-08-25,94.02
JR서광3,2017-08-26,94.0
JR서광3,2017-08-27,93.99
JR서광3,2017-08-28,93.99
JR서광3,2017-08-29,93.98
JR서광3,2017-08-30,93.98
JR서광3,2017-08-31,94.0
JR서광3,2017-09-01,93.97
JR서광3,2017-09-02,93.94
JR서광3,2017-09-03,93.92
JR서광3,2017-09-04,93.92
JR서광3,2017-09-05,93.91
JR서광3,2017-09-06,93.91
JR서광3,2017-09-07,93.89
JR서광3,2017-09-08,93.86
JR서광3,2017-09-09,93.85
JR서광3,2017-09-10,93.85
JR서광3,2017-09-11,93.86
JR서광3,2017-09-12,93.81
JR서광3,2017-09-13,93.79
JR서광3,2017-09-14,93.8
JR서광3,2017-09-15,93.8
JR서광3,2017-09-16,93.8
JR서광3,2017-09-17,93.79
JR서광3,2017-09-18,93.75
JR서광3,2017-09-19,93.73
JR서광3,2017-09-20,93.72
JR서광3,2017-09-21,93.71
JR서광3,2017-09-22,93.7
JR서광3,2017-09-23,93.67
JR서광3,2017-09-24,93.67
JR서광3,2017-09-25,93.67
JR서광3,2017-09-26,93.67
JR서광3,2017-09-27,93.67
JR서광3,2017-09-28,93.62
JR서광3,2017-09-29,93.58
JR서광3,2017-09-30,93.57
JR서광3,2017-10-01,93.6
JR서광3,2017-10-02,93.6
JR서광3,2017-10-03,93.55
JR서광3,2017-10-04,93.54
JR서광3,2017-10-05,93.54
JR서광3,2017-10-06,93.57
JR서광3,2017-10-07,93.55
JR서광3,2017-10-08,93.55
JR서광3,2017-10-09,93.57
JR서광3,2017-10-10,93.59
JR서광3,2017-10-11,93.61
JR서광3,2017-10-12,93.62
JR서광3,2017-10-13,93.63
JR서광3,2017-10-14,93.63
JR서광3,2017-10-15,93.64
JR서광3,2017-10-16,93.66
JR서광3,2017-10-17,93.67
JR서광3,2017-10-18,93.69
JR서광3,2017-10-19,93.69
JR서광3,2017-10-20,93.69
JR서광3,2017-10-21,93.7
JR서광3,2017-10-22,93.72
JR서광3,2017-10-23,93.67
JR서광3,2017-10-24,93.64
JR서광3,2017-10-25,93.65
JR서광3,2017-10-26,93.67
JR서광3,2017-10-27,93.67
JR서광3,2017-10-28,93.67
JR서광3,2017-10-29,93.65
JR서광3,2017-10-30,93.61
JR서광3,2017-10-31,93.62
JR서광3,2017-11-01,93.62
JR서광3,2017-11-02,93.63
JR서광3,2017-11-03,93.61
JR서광3,2017-11-04,93.58
JR서광3,2017-11-05,93.58
JR서광3,2017-11-06,93.59
JR서광3,2017-11-07,93.59
JR서광3,2017-11-08,93.58
JR서광3,2017-11-09,93.56
JR서광3,2017-11-10,93.57
JR서광3,2017-11-11,93.54
JR서광3,2017-11-12,93.54
JR서광3,2017-11-13,93.53
JR서광3,2017-11-14,93.52
JR서광3,2017-11-15,93.49
JR서광3,2017-11-16,93.48
JR서광3,2017-11-17,93.5
JR서광3,2017-11-18,93.48
JR서광3,2017-11-19,93.44
JR서광3,2017-11-20,93.44
JR서광3,2017-11-21,93.43
JR서광3,2017-11-22,93.45
JR서광3,2017-11-23,93.41
JR서광3,2017-11-24,93.39
JR서광3,2017-11-25,93.38
JR서광3,2017-11-26,93.38
JR서광3,2017-11-27,93.37
JR서광3,2017-11-28,93.37
JR서광3,2017-11-29,93.35
JR서광3,2017-11-30,93.34
JR서광3,2017-12-01,93.31
JR서광3,2017-12-02,93.31
JR서광3,2017-12-03,93.32
JR서광3,2017-12-04,93.31
JR서광3,2017-12-05,93.29
JR서광3,2017-12-06,93.27
JR서광3,2017-12-07,93.27
JR서광3,2017-12-08,93.25
JR서광3,2017-12-09,93.25
JR서광3,2017-12-10,93.25
JR서광3,2017-12-11,93.21
JR서광3,2017-12-12,93.18
JR서광3,2017-12-13,93.17
JR서광3,2017-12-14,93.17
JR서광3,2017-12-15,93.13
JR서광3,2017-12-16,93.09
JR서광3,2017-12-17,93.06
JR서광3,2017-12-18,93.06
JR서광3,2017-12-19,93.04
JR서광3,2017-12-20,93.03
JR서광3,2017-12-21,93.02
JR서광3,2017-12-22,93.03
JR서광3,2017-12-23,93.03
JR서광3,2017-12-24,93.04
JR서광3,2017-12-25,92.99
JR서광3,2017-12-26,92.97
JR서광3,2017-12-27,92.95
JR서광3,2017-12-28,92.94
JR서광3,2017-12-29,92.94
JR서광3,2017-12-30,92.93
JR서광3,2017-12-31,92.92
JR서광3,2018-01-01,92.89
JR서광3,2018-01-02,92.88
JR서광3,2018-01-03,92.88
JR서광3,2018-01-04,92.89
JR서광3,2018-01-05,92.89
JR서광3,2018-01-06,92.87
JR서광3,2018-01-09,92.85
JR서광3,2018-01-10,92.83
JR서광3,2018-01-11,92.8
JR서광3,2018-01-12,92.78
JR서광3,2018-01-13,92.77
JR서광3,2018-01-14,92.79
JR서광3,2018-01-15,92.79
JR서광3,2018-01-16,92.81
JR서광3,2018-01-17,92.78
JR서광3,2018-01-18,92.74
JR서광3,2018-01-19,92.74
JR서광3,2018-01-20,92.73
JR서광3,2018-01-21,92.73
JR서광3,2018-01-22,92.74
JR서광3,2018-01-23,92.69
JR서광3,2018-01-24,92.67
JR서광3,2018-01-25,92.66
JR서광3,2018-01-26,92.66
JR서광3,2018-01-27,92.65
JR서광3,2018-01-28,92.66
JR서광3,2018-01-29,92.64
JR서광3,2018-01-30,92.61
JR서광3,2018-01-31,92.62
JR서광3,2018-02-01,92.61
JR서광3,2018-02-02,92.59
JR서광3,2018-02-03,92.58
JR서광3,2018-02-04,92.57
JR서광3,2018-02-05,92.57
JR서광3,2018-02-06,92.56
JR서광3,2018-02-07,92.54
JR서광3,2018-02-08,92.53
JR서광3,2018-02-09,92.52
JR서광3,2018-02-10,92.52
JR서광3,2018-02-11,92.49
JR서광3,2018-02-12,92.48
JR서광3,2018-02-13,92.47
JR서광3,2018-02-14,92.49
JR서광3,2018-02-15,92.47
JR서광3,2018-02-16,92.46
JR서광3,2018-02-17,92.42
JR서광3,2018-02-18,92.41
JR서광3,2018-02-19,92.42
JR서광3,2018-02-20,92.41
JR서광3,2018-02-21,92.4
JR서광3,2018-02-22,92.38
JR서광3,2018-02-23,92.36
JR서광3,2018-02-24,92.35
JR서광3,2018-02-25,92.36
JR서광3,2018-02-26,92.33
JR서광3,2018-02-27,92.33
JR서광3,2018-02-28,92.4
JR서광3,2018-03-01,92.32
JR서광3,2018-03-02,92.3
JR서광3,2018-03-03,92.31
JR서광3,2018-03-04,92.31
JR서광3,2018-03-05,92.29
JR서광3,2018-03-06,92.23
JR서광3,2018-03-07,92.26
JR서광3,2018-03-08,92.28
JR서광3,2018-03-09,92.24
JR서광3,2018-03-10,92.23
JR서광3,2018-03-11,92.23
JR서광3,2018-03-12,92.24
JR서광3,2018-03-13,92.25
JR서광3,2018-03-14,92.24
JR서광3,2018-03-15,92.26
JR서광3,2018-03-16,92.22
JR서광3,2018-03-17,92.2
JR서광3,2018-03-18,92.24
JR서광3,2018-03-19,92.28
JR서광3,2018-03-20,92.25
JR서광3,2018-03-21,92.27
JR서광3,2018-03-22,92.28
JR서광3,2018-03-23,92.28
JR서광3,2018-03-24,92.31
JR서광3,2018-03-25,92.35
JR서광3,2018-03-26,92.4
JR서광3,2018-03-27,92.44
JR서광3,2018-03-28,92.47
JR서광3,2018-03-29,92.49
JR서광3,2018-03-30,92.51
JR서광3,2018-03-31,92.55
JR서광3,2018-04-01,92.59
JR서광3,2018-04-02,92.61
JR서광3,2018-04-03,92.61
JR서광3,2018-04-04,92.63
JR서광3,2018-04-05,92.65
JR서광3,2018-04-06,92.64
JR서광3,2018-04-07,92.62
JR서광3,2018-04-08,92.64
JR서광3,2018-04-09,92.66
JR서광3,2018-04-10,92.68
JR서광3,2018-04-11,92.69
JR서광3,2018-04-12,92.66
JR서광3,2018-04-13,92.67
JR서광3,2018-04-14,92.72
JR서광3,2018-04-15,92.67
JR서광3,2018-04-16,92.66
JR서광3,2018-04-17,92.67
JR서광3,2018-04-18,92.69
JR서광3,2018-04-19,92.68
JR서광3,2018-04-20,92.68
JR서광3,2018-04-21,92.69
JR서광3,2018-04-22,92.71
JR서광3,2018-04-23,92.72
JR서광3,2018-04-24,92.73
JR서광3,2018-04-25,92.7
JR서광3,2018-04-26,92.71
JR서광3,2018-04-27,92.75
JR서광3,2018-04-28,92.79
JR서광3,2018-04-29,92.85
JR서광3,2018-04-30,92.88
JR서광3,2018-05-01,92.93
JR서광3,2018-05-02,92.99
JR서광3,2018-05-03,93.0
JR서광3,2018-05-04,93.03
JR서광3,2018-05-05,93.09
JR서광3,2018-05-06,93.18
JR서광3,2018-05-07,93.23
JR서광3,2018-05-08,93.24
JR서광3,2018-05-09,93.27
JR서광3,2018-05-10,93.38
JR서광3,2018-05-11,93.51
JR서광3,2018-05-12,93.62
JR서광3,2018-05-13,93.71
JR서광3,2018-05-14,93.77
JR서광3,2018-05-15,93.87
JR서광3,2018-05-16,94.01
JR서광3,2018-05-17,94.14
JR서광3,2018-05-18,94.27
JR서광3,2018-05-19,94.36
JR서광3,2018-05-20,94.48
JR서광3,2018-05-21,94.59
JR서광3,2018-05-22,94.72
JR서광3,2018-05-23,94.85
JR서광3,2018-05-24,94.93
JR서광3,2018-05-25,95.04
JR서광3,2018-05-26,95.13
JR서광3,2018-05-27,95.19
JR서광3,2018-05-28,95.28
JR서광3,2018-05-29,95.35
JR서광3,2018-05-30,95.42
JR서광3,2018-05-31,95.48
JR서광3,2018-06-01,95.53
JR서광3,2018-06-02,95.56
JR서광3,2018-06-03,95.62
JR서광3,2018-06-04,95.67
JR서광3,2018-06-05,95.72
JR서광3,2018-06-06,95.75
JR서광3,2018-06-07,95.8
JR서광3,2018-06-08,95.84
JR서광3,2018-06-09,95.88
JR서광3,2018-06-10,95.93
JR서광3,2018-06-11,95.95
JR서광3,2018-06-12,95.95
JR서광3,2018-06-13,95.95
JR서광3,2018-06-14,95.97
JR서광3,2018-06-15,95.97
JR서광3,2018-06-16,95.98
JR서광3,2018-06-17,96.01
JR서광3,2018-06-18,96.03
JR서광3,2018-06-19,96.05
JR서광3,2018-06-20,96.07
JR서광3,2018-06-21,96.05
JR서광3,2018-06-22,96.05
JR서광3,2018-06-23,96.05
JR서광3,2018-06-24,96.05
JR서광3,2018-06-25,96.04
JR서광3,2018-06-26,96.05
JR서광3,2018-06-27,96.06
JR서광3,2018-06-28,96.07
JR서광3,2018-06-29,96.17
JR서광3,2018-06-30,96.12
JR서광3,2018-07-01,96.12
JR서광3,2018-07-02,96.14
JR서광3,2018-07-03,96.2
JR서광3,2018-07-04,96.16
JR서광3,2018-07-05,96.17
JR서광3,2018-07-06,96.19
JR서광3,2018-07-07,96.19
JR서광3,2018-07-08,96.22
JR서광3,2018-07-09,96.23
JR서광3,2018-07-10,96.26
JR서광3,2018-07-11,96.28
JR서광3,2018-07-12,96.3
JR서광3,2018-07-13,96.33
JR서광3,2018-07-14,96.34
JR서광3,2018-07-15,96.34
JR서광3,2018-07-16,96.38
JR서광3,2018-07-17,96.39
JR서광3,2018-07-18,96.39
JR서광3,2018-07-19,96.39
JR서광3,2018-07-20,96.39
JR서광3,2018-07-21,96.39
JR서광3,2018-07-22,96.39
JR서광3,2018-07-23,96.4
JR서광3,2018-07-24,96.4
JR서광3,2018-07-25,96.4
JR서광3,2018-07-26,96.4
JR서광3,2018-07-27,96.39
JR서광3,2018-07-28,96.38
JR서광3,2018-07-29,96.38
JR서광3,2018-07-30,96.39
JR서광3,2018-07-31,96.38
JR서광3,2018-08-01,96.37
JR서광3,2018-08-02,96.36
JR서광3,2018-08-03,96.35
JR서광3,2018-08-04,96.33
JR서광3,2018-08-05,96.33
JR서광3,2018-08-06,96.33
JR서광3,2018-08-07,96.32
JR서광3,2018-08-08,96.31
JR서광3,2018-08-09,96.29
JR서광3,2018-08-10,96.29
JR서광3,2018-08-11,96.27
JR서광3,2018-08-12,96.25
JR서광3,2018-08-13,96.22
JR서광3,2018-08-14,96.2
JR서광3,2018-08-15,96.2
JR서광3,2018-08-16,96.19
JR서광3,2018-08-17,96.16
JR서광3,2018-08-18,96.14
JR서광3,2018-08-19,96.12
JR서광3,2018-08-20,96.11
JR서광3,2018-08-21,96.11
JR서광3,2018-08-22,96.12
JR서광3,2018-08-23,96.15
JR서광3,2018-08-24,96.02
JR서광3,2018-08-25,95.99
JR서광3,2018-08-26,96.01
JR서광3,2018-08-27,96.03
JR서광3,2018-08-28,96.06
JR서광3,2018-08-29,96.1
JR서광3,2018-08-30,96.13
JR서광3,2018-08-31,96.18
JR서광3,2018-09-01,96.23
JR서광3,2018-09-02,96.26
JR서광3,2018-09-03,96.3
JR서광3,2018-09-04,96.34
JR서광3,2018-09-05,96.32
JR서광3,2018-09-06,96.34
JR서광3,2018-09-07,96.35
JR서광3,2018-09-08,96.34
JR서광3,2018-09-09,96.34
JR서광3,2018-09-10,96.34
JR서광3,2018-09-11,96.35
JR서광3,2018-09-12,96.37
JR서광3,2018-09-13,96.37
JR서광3,2018-09-14,96.38
JR서광3,2018-09-15,96.37
JR서광3,2018-09-16,96.37
JR서광3,2018-09-17,96.37
JR서광3,2018-09-18,96.38
JR서광3,2018-09-19,96.4
JR서광3,2018-09-20,96.39
JR서광3,2018-09-21,96.31
JR서광3,2018-09-22,96.31
JR서광3,2018-09-23,96.32
JR서광3,2018-09-24,96.33
JR서광3,2018-09-25,96.34
JR서광3,2018-09-26,96.37
JR서광3,2018-09-27,96.38
JR서광3,2018-09-28,96.39
JR서광3,2018-09-29,96.43
JR서광3,2018-09-30,96.46
JR서광3,2018-10-01,96.42
JR서광3,2018-10-02,96.41
JR서광3,2018-10-03,96.42
JR서광3,2018-10-04,96.45
JR서광3,2018-10-05,96.53
JR서광3,2018-10-06,96.55
JR서광3,2018-10-07,96.48
JR서광3,2018-10-08,96.5
JR서광3,2018-10-09,96.54
JR서광3,2018-10-10,96.58
JR서광3,2018-10-11,96.59
JR서광3,2018-10-12,96.61
JR서광3,2018-10-13,96.65
JR서광3,2018-10-14,96.69
JR서광3,2018-10-15,96.74
JR서광3,2018-10-16,96.79
JR서광3,2018-10-17,96.83
JR서광3,2018-10-18,96.85
JR서광3,2018-10-19,96.9
JR서광3,2018-10-20,96.88
JR서광3,2018-10-21,96.92
JR서광3,2018-10-22,96.95
JR서광3,2018-10-23,96.98
JR서광3,2018-10-24,97.0
JR서광3,2018-10-25,97.02
JR서광3,2018-10-26,97.06
JR서광3,2018-10-27,97.08
JR서광3,2018-10-28,97.1
JR서광3,2018-10-29,97.11
JR서광3,2018-10-30,97.1
JR서광3,2018-10-31,97.1
JR서광3,2018-11-01,97.12
JR서광3,2018-11-02,97.11
JR서광3,2018-11-03,97.14
JR서광3,2018-11-04,97.16
JR서광3,2018-11-05,97.16
JR서광3,2018-11-06,97.16
JR서광3,2018-11-07,97.17
JR서광3,2018-11-08,97.2
JR서광3,2018-11-09,97.2
JR서광3,2018-11-10,97.16
JR서광3,2018-11-11,97.18
JR서광3,2018-11-12,97.19
JR서광3,2018-11-13,97.18
JR서광3,2018-11-14,97.15
JR서광3,2018-11-15,97.15
JR서광3,2018-11-16,97.16
JR서광3,2018-11-17,97.14
JR서광3,2018-11-18,97.15
JR서광3,2018-11-19,97.12
JR서광3,2018-11-20,97.1
JR서광3,2018-11-21,97.12
JR서광3,2018-11-22,97.08
JR서광3,2018-11-23,97.06
JR서광3,2018-11-24,97.06
JR서광3,2018-11-25,97.05
JR서광3,2018-11-26,97.04
JR서광3,2018-11-27,97.12
JR서광3,2018-11-28,97.17
JR서광3,2018-11-29,97.15
JR서광3,2018-11-30,97.14
JR서광3,2018-12-01,97.12
JR서광3,2018-12-02,97.1
JR서광3,2018-12-03,97.08
JR서광3,2018-12-04,97.06
JR서광3,2018-12-05,97.01
JR서광3,2018-12-06,97.0
JR서광3,2018-12-07,96.94
JR서광3,2018-12-08,96.91
JR서광3,2018-12-09,96.89
JR서광3,2018-12-10,96.89
JR서광3,2018-12-11,96.89
JR서광3,2018-12-12,96.84
JR서광3,2018-12-13,96.81
JR서광3,2018-12-14,96.77
JR서광3,2018-12-15,96.75
JR서광3,2018-12-16,96.78
JR서광3,2018-12-17,96.79
JR서광3,2018-12-18,96.75
JR서광3,2018-12-19,96.72
JR서광3,2018-12-20,96.7
JR서광3,2018-12-21,96.67
JR서광3,2018-12-22,96.64
JR서광3,2018-12-23,96.61
JR서광3,2018-12-24,96.59
JR서광3,2018-12-25,96.54
JR서광3,2018-12-26,96.5
JR서광3,2018-12-27,96.48
JR서광3,2018-12-28,96.47
JR서광3,2018-12-29,96.42
JR서광3,2018-12-30,96.37
JR서광3,2018-12-31,96.34
JR서광3,2019-01-01,96.32
JR서광3,2019-01-02,96.29
JR서광3,2019-01-03,96.26
JR서광3,2019-01-04,96.25
JR서광3,2019-01-05,96.24
JR서광3,2019-01-06,96.19
JR서광3,2019-01-07,96.16
JR서광3,2019-01-08,96.13
JR서광3,2019-01-09,96.08
JR서광3,2019-01-10,96.07
JR서광3,2019-01-11,96.05
JR서광3,2019-01-12,96.02
JR서광3,2019-01-13,95.98
JR서광3,2019-01-14,95.96
JR서광3,2019-01-15,95.93
JR서광3,2019-01-16,95.9
JR서광3,2019-01-17,95.87
JR서광3,2019-01-18,95.83
JR서광3,2019-01-19,95.83
JR서광3,2019-01-20,95.8
JR서광3,2019-01-21,95.76
JR서광3,2019-01-22,95.75
JR서광3,2019-01-23,95.72
JR서광3,2019-01-24,95.68
JR서광3,2019-01-25,95.66
JR서광3,2019-01-26,95.62
JR서광3,2019-01-27,95.59
JR서광3,2019-01-28,95.58
JR서광3,2019-01-29,95.54
JR서광3,2019-01-30,95.52
JR서광3,2019-01-31,95.52
JR서광3,2019-02-01,95.45
JR서광3,2019-02-02,95.45
JR서광3,2019-02-03,95.44
JR서광3,2019-02-04,95.37
JR서광3,2019-02-05,95.37
JR서광3,2019-02-06,95.36
JR서광3,2019-02-07,95.32
JR서광3,2019-02-08,95.28
JR서광3,2019-02-09,95.24
JR서광3,2019-02-10,95.21
JR서광3,2019-02-11,95.17
JR서광3,2019-02-12,95.15
JR서광3,2019-02-13,95.14
JR서광3,2019-02-14,95.12
JR서광3,2019-02-15,95.11
JR서광3,2019-02-16,95.08
JR서광3,2019-02-17,95.04
JR서광3,2019-02-18,95.03
JR서광3,2019-02-19,95.03
JR서광3,2019-02-20,94.96
JR서광3,2019-02-21,94.94
JR서광3,2019-02-22,94.93
JR서광3,2019-02-23,94.89
JR서광3,2019-02-24,94.86
JR서광3,2019-02-25,94.84
JR서광3,2019-02-26,94.81
JR서광3,2019-02-27,94.8
JR서광3,2019-02-28,94.78
JR서광3,2019-03-01,94.74
JR서광3,2019-03-02,94.74
JR서광3,2019-03-03,94.73
JR서광3,2019-03-04,94.68
JR서광3,2019-03-05,94.63
JR서광3,2019-03-06,94.64
JR서광3,2019-03-07,94.59
JR서광3,2019-03-08,94.55
JR서광3,2019-03-09,94.56
JR서광3,2019-03-10,94.58
JR서광3,2019-03-11,94.53
JR서광3,2019-03-12,94.49
JR서광3,2019-03-13,94.43
JR서광3,2019-03-14,94.41
JR서광3,2019-03-15,94.41
JR서광3,2019-03-16,94.39
JR서광3,2019-03-17,94.37
JR서광3,2019-03-18,94.36
JR서광3,2019-03-19,94.34
JR서광3,2019-03-20,94.34
JR서광3,2019-03-21,94.36
JR서광3,2019-03-22,94.33
JR서광3,2019-03-23,94.3
JR서광3,2019-03-24,94.29
JR서광3,2019-03-25,94.29
JR서광3,2019-03-26,94.26
JR서광3,2019-03-27,94.25
JR서광3,2019-03-28,94.24
JR서광3,2019-03-29,94.21
JR서광3,2019-03-30,94.18
JR서광3,2019-03-31,94.12
JR서광3,2019-04-01,94.11
JR서광3,2019-04-02,94.1
JR서광3,2019-04-03,94.08
JR서광3,2019-04-04,94.07
JR서광3,2019-04-05,94.07
JR서광3,2019-04-06,94.05
JR서광3,2019-04-07,94.02
JR서광3,2019-04-08,93.99
JR서광3,2019-04-09,93.99
JR서광3,2019-04-10,93.97
JR서광3,2019-04-11,93.95
JR서광3,2019-04-12,93.96
JR서광3,2019-04-13,93.97
JR서광3,2019-04-14,93.94
JR서광3,2019-04-15,93.93
JR서광3,2019-04-16,93.91
JR서광3,2019-04-17,93.86
JR서광3,2019-04-18,93.84
JR서광3,2019-04-19,93.83
JR서광3,2019-04-20,93.81
JR서광3,2019-04-21,93.79
JR서광3,2019-04-22,93.77
JR서광3,2019-04-23,93.74
JR서광3,2019-04-24,93.69
JR서광3,2019-04-25,93.67
JR서광3,2019-04-26,93.67
JR서광3,2019-04-27,93.7
JR서광3,2019-04-28,93.7
JR서광3,2019-04-29,93.64
JR서광3,2019-04-30,93.59
JR서광3,2019-05-01,93.57
JR서광3,2019-05-02,93.57
JR서광3,2019-05-03,93.59
JR서광3,2019-05-04,93.59
JR서광3,2019-05-05,93.57
JR서광3,2019-05-06,93.55
JR서광3,2019-05-07,93.53
JR서광3,2019-05-08,93.5
JR서광3,2019-05-09,93.46
JR서광3,2019-05-10,93.45
JR서광3,2019-05-11,93.44
JR서광3,2019-05-12,93.43
JR서광3,2019-05-13,93.41
JR서광3,2019-05-14,93.39
JR서광3,2019-05-15,93.37
JR서광3,2019-05-16,93.34
JR서광3,2019-05-17,93.31
JR서광3,2019-05-18,93.26
JR서광3,2019-05-19,93.24
JR서광3,2019-05-20,93.23
JR서광3,2019-05-21,93.23
JR서광3,2019-05-22,93.22
JR서광3,2019-05-23,93.21
JR서광3,2019-05-24,93.11
JR서광3,2019-05-25,93.01
JR서광3,2019-05-26,93.0
JR서광3,2019-05-27,93.0
JR서광3,2019-05-28,92.97
JR서광3,2019-05-29,92.95
JR서광3,2019-05-30,92.95
JR서광3,2019-05-31,92.95
JR서광3,2019-06-01,92.94
JR서광3,2019-06-02,92.94
JR서광3,2019-06-03,92.94
JR서광3,2019-06-04,92.94
JR서광3,2019-06-05,92.93
JR서광3,2019-06-06,92.95
JR서광3,2019-06-07,92.97
JR서광3,2019-06-08,92.96
JR서광3,2019-06-09,92.97
JR서광3,2019-06-10,92.98
JR서광3,2019-06-11,92.99
JR서광3,2019-06-12,92.96
JR서광3,2019-06-13,92.95
JR서광3,2019-06-14,92.96
JR서광3,2019-06-15,92.96
JR서광3,2019-06-16,92.96
JR서광3,2019-06-17,92.94
JR서광3,2019-06-18,92.93
JR서광3,2019-06-19,92.92
JR서광3,2019-06-20,92.92
JR서광3,2019-06-21,92.9
JR서광3,2019-06-22,92.91
JR서광3,2019-06-24,93.04
JR서광3,2019-06-25,93.03
JR서광3,2019-06-26,93.04
JR서광3,2019-06-27,93.06
JR서광3,2019-06-28,93.04
JR서광3,2019-06-29,93.04
JR서광3,2019-06-30,93.04
JR서광3,2019-07-01,93.02
JR서광3,2019-07-02,93.04
JR서광3,2019-07-03,93.06
JR서광3,2019-07-04,93.07
JR서광3,2019-07-05,93.08
JR서광3,2019-07-06,93.1
JR서광3,2019-07-07,93.1
JR서광3,2019-07-08,93.11
JR서광3,2019-07-09,93.12
JR서광3,2019-07-10,93.14
JR서광3,2019-07-11,93.12
JR서광3,2019-07-12,93.13
JR서광3,2019-07-13,93.16
JR서광3,2019-07-14,93.16
JR서광3,2019-07-15,93.14
JR서광3,2019-07-16,93.13
JR서광3,2019-07-17,93.14
JR서광3,2019-07-18,93.15
JR서광3,2019-07-19,93.18
JR서광3,2019-07-20,93.2
JR서광3,2019-07-21,93.16
JR서광3,2019-07-22,93.25
JR서광3,2019-07-23,93.4
JR서광3,2019-07-24,93.56
JR서광3,2019-07-25,93.71
JR서광3,2019-07-26,93.85
JR서광3,2019-07-27,93.99
JR서광3,2019-07-28,94.15
JR서광3,2019-07-29,94.3
JR서광3,2019-07-30,94.43
JR서광3,2019-07-31,94.56
JR서광3,2019-08-01,94.68
JR서광3,2019-08-02,94.79
JR서광3,2019-08-03,94.88
JR서광3,2019-08-04,94.98
JR서광3,2019-08-05,95.06
JR서광3,2019-08-06,95.13
JR서광3,2019-08-07,95.21
JR서광3,2019-08-08,95.3
JR서광3,2019-08-09,95.37
JR서광3,2019-08-10,95.4
JR서광3,2019-08-11,95.44
JR서광3,2019-08-12,95.51
JR서광3,2019-08-13,95.58
JR서광3,2019-08-14,95.63
JR서광3,2019-08-15,95.65
JR서광3,2019-08-16,95.72
JR서광3,2019-08-17,95.8
JR서광3,2019-08-18,95.87
JR서광3,2019-08-19,95.91
JR서광3,2019-08-20,95.94
JR서광3,2019-08-21,95.94
JR서광3,2019-08-22,95.98
JR서광3,2019-08-23,96.02
JR서광3,2019-08-24,96.05
JR서광3,2019-08-25,96.07
JR서광3,2019-08-26,96.09
JR서광3,2019-08-27,96.09
JR서광3,2019-08-28,96.11
JR서광3,2019-08-29,96.13
JR서광3,2019-08-30,96.18
JR서광3,2019-08-31,96.23
JR서광3,2019-09-01,96.33
JR서광3,2019-09-02,96.45
JR서광3,2019-09-03,96.58
JR서광3,2019-09-04,96.7
JR서광3,2019-09-05,96.83
JR서광3,2019-09-06,96.98
JR서광3,2019-09-07,97.2
JR서광3,2019-09-08,97.31
JR서광3,2019-09-09,97.46
JR서광3,2019-09-10,97.61
JR서광3,2019-09-11,97.75
JR서광3,2019-09-12,97.93
JR서광3,2019-09-13,98.09
JR서광3,2019-09-14,98.27
JR서광3,2019-09-15,98.43
JR서광3,2019-09-16,98.57
JR서광3,2019-09-17,98.7
JR서광3,2019-09-18,98.82
JR서광3,2019-09-19,98.9
JR서광3,2019-09-20,98.96
JR서광3,2019-09-21,99.01
JR서광3,2019-09-22,99.1
JR서광3,2019-09-23,99.12
JR서광3,2019-09-24,99.19
JR서광3,2019-09-25,99.25
JR서광3,2019-09-26,99.31
JR서광3,2019-09-27,99.35
JR서광3,2019-09-28,99.37
JR서광3,2019-09-29,99.39
JR서광3,2019-09-30,99.42
JR서광3,2019-10-01,99.44
JR서광3,2019-10-02,99.43
JR서광3,2019-10-03,99.46
JR서광3,2019-10-04,99.53
JR서광3,2019-10-05,99.64
JR서광3,2019-10-06,99.79
JR서광3,2019-10-07,99.93
JR서광3,2019-10-08,100.06
JR서광3,2019-10-09,100.18
JR서광3,2019-10-10,100.27
JR서광3,2019-10-11,100.33
JR서광3,2019-10-12,100.38
JR서광3,2019-10-13,100.33
JR서광3,2019-10-14,100.4
JR서광3,2019-10-15,100.45
JR서광3,2019-10-16,100.51
JR서광3,2019-10-17,100.57
JR서광3,2019-10-18,100.65
JR서광3,2019-10-19,100.68
JR서광3,2019-10-20,100.71
JR서광3,2019-10-21,100.74
JR서광3,2019-10-22,100.75
JR서광3,2019-10-23,100.77
JR서광3,2019-10-24,100.8
JR서광3,2019-10-25,100.83
JR서광3,2019-10-26,100.86
JR서광3,2019-10-27,100.88
JR서광3,2019-10-28,100.9
JR서광3,2019-10-29,100.9
JR서광3,2019-10-30,100.93
JR서광3,2019-10-31,100.95
JR서광3,2019-11-01,100.96
JR서광3,2019-11-02,100.96
JR서광3,2019-11-03,100.95
JR서광3,2019-11-04,100.95
JR서광3,2019-11-05,100.95
JR서광3,2019-11-06,100.93
JR서광3,2019-11-07,100.92
JR서광3,2019-11-08,100.92
JR서광3,2019-11-09,100.91
JR서광3,2019-11-10,100.88
JR서광3,2019-11-11,100.84
JR서광3,2019-11-12,100.84
JR서광3,2019-11-13,100.84
JR서광3,2019-11-14,100.83
JR서광3,2019-11-15,100.81
JR서광3,2019-11-16,100.78
JR서광3,2019-11-17,100.75
JR서광3,2019-11-18,100.72
JR서광3,2019-11-19,100.72
JR서광3,2019-11-20,100.71
JR서광3,2019-11-21,100.7
JR서광3,2019-11-22,100.64
JR서광3,2019-11-23,100.59
JR서광3,2019-11-24,100.55
JR서광3,2019-11-25,100.52
JR서광3,2019-11-26,100.47
JR서광3,2019-11-27,100.43
JR서광3,2019-11-28,100.4
JR서광3,2019-11-29,100.38
JR서광3,2019-11-30,100.35
JR서광3,2019-12-01,100.29
JR서광3,2019-12-02,100.24
JR서광3,2019-12-03,100.23
JR서광3,2019-12-04,100.22
JR서광3,2019-12-05,100.2
JR서광3,2019-12-06,100.19
JR서광3,2019-12-07,100.14
JR서광3,2019-12-08,100.1
JR서광3,2019-12-09,100.06
JR서광3,2019-12-10,100.01
JR서광3,2019-12-11,99.96
JR서광3,2019-12-12,99.95
JR서광3,2019-12-13,99.93
JR서광3,2019-12-14,99.89
JR서광3,2019-12-15,99.86
JR서광3,2019-12-16,99.82
JR서광3,2019-12-17,99.76
JR서광3,2019-12-18,99.73
JR서광3,2019-12-19,99.71
JR서광3,2019-12-20,99.7
JR서광3,2019-12-21,99.67
JR서광3,2019-12-22,99.61
JR서광3,2019-12-23,99.56
JR서광3,2019-12-24,99.54
JR서광3,2019-12-25,99.49
JR서광3,2019-12-26,99.43
JR서광3,2019-12-27,99.42
JR서광3,2019-12-28,99.41
JR서광3,2019-12-29,99.37
JR서광3,2019-12-30,99.32
JR서광3,2019-12-31,99.32
JR서광3,2020-01-01,99.31
JR서광3,2020-01-02,99.27
JR서광3,2020-01-03,99.23
JR서광3,2020-01-04,99.18
JR서광3,2020-01-05,99.16
JR서광3,2020-01-06,99.11
JR서광3,2020-01-07,99.03
JR서광3,2020-01-08,98.99
JR서광3,2020-01-09,98.98
JR서광3,2020-01-10,98.95
JR서광3,2020-01-11,98.88
JR서광3,2020-01-12,98.82
JR서광3,2020-01-13,98.79
JR서광3,2020-01-14,98.75
JR서광3,2020-01-15,98.73
JR서광3,2020-01-16,98.68
JR서광3,2020-01-17,98.63
JR서광3,2020-01-18,98.58
JR서광3,2020-01-19,98.54
JR서광3,2020-01-20,98.5
JR서광3,2020-01-21,98.49
JR서광3,2020-01-22,98.43
JR서광3,2020-01-23,98.38
JR서광3,2020-01-24,98.36
JR서광3,2020-01-25,98.33
JR서광3,2020-01-26,98.27
JR서광3,2020-01-27,98.18
JR서광3,2020-01-28,98.17
JR서광3,2020-01-29,98.13
JR서광3,2020-01-30,98.08
JR서광3,2020-01-31,98.07
JR서광3,2020-02-01,98.06
JR서광3,2020-02-02,98.03
JR서광3,2020-02-03,98.01
JR서광3,2020-02-04,97.98
JR서광3,2020-02-05,97.97
JR서광3,2020-02-06,97.96
JR서광3,2020-02-07,97.92
JR서광3,2020-02-08,97.88
JR서광3,2020-02-09,97.84
JR서광3,2020-02-10,97.8
JR서광3,2020-02-11,97.77
JR서광3,2020-02-12,97.73
JR서광3,2020-02-13,97.71
JR서광3,2020-02-14,97.67
JR서광3,2020-02-15,97.63
JR서광3,2020-02-16,97.59
JR서광3,2020-02-17,97.62
JR서광3,2020-02-18,97.62
JR서광3,2020-02-19,97.61
JR서광3,2020-02-20,97.59
JR서광3,2020-02-21,97.57
JR서광3,2020-02-22,97.53
JR서광3,2020-02-23,97.52
JR서광3,2020-02-24,97.31
JR서광3,2020-02-25,97.26
JR서광3,2020-02-26,97.23
JR서광3,2020-02-27,97.25
JR서광3,2020-02-28,97.2
JR서광3,2020-02-29,97.13
JR서광3,2020-03-01,97.1
JR서광3,2020-03-02,97.09
JR서광3,2020-03-03,97.08
JR서광3,2020-03-04,97.05
JR서광3,2020-03-05,97.05
JR서광3,2020-03-06,97.01
JR서광3,2020-03-07,96.94
JR서광3,2020-03-08,96.9
JR서광3,2020-03-09,96.84
JR서광3,2020-03-10,96.78
JR서광3,2020-03-11,96.79
JR서광3,2020-03-12,96.8
JR서광3,2020-03-13,96.78
JR서광3,2020-03-14,96.73
JR서광3,2020-03-15,96.7
JR서광3,2020-03-16,96.7
JR서광3,2020-03-17,96.69
JR서광3,2020-03-18,96.64
JR서광3,2020-03-19,96.59
JR서광3,2020-03-20,96.59
JR서광3,2020-03-21,96.57
JR서광3,2020-03-22,96.54
JR서광3,2020-03-23,96.54
JR서광3,2020-03-24,96.54
JR서광3,2020-03-25,96.54
JR서광3,2020-03-26,96.49
JR서광3,2020-03-27,96.47
JR서광3,2020-03-28,96.43
JR서광3,2020-03-29,96.42
JR서광3,2020-03-30,96.39
JR서광3,2020-03-31,96.35
JR서광3,2020-04-01,96.32
JR서광3,2020-04-02,96.32
JR서광3,2020-04-03,96.3
JR서광3,2020-04-04,96.25
JR서광3,2020-04-05,96.22
JR서광3,2020-04-06,96.18
JR서광3,2020-04-07,96.15
JR서광3,2020-04-08,96.12
JR서광3,2020-04-09,96.11
JR서광3,2020-04-10,96.1
JR서광3,2020-04-11,96.07
JR서광3,2020-04-12,96.0
JR서광3,2020-04-13,95.99
JR서광3,2020-04-14,95.99
JR서광3,2020-04-15,95.96
JR서광3,2020-04-16,95.94
JR서광3,2020-04-17,95.91
JR서광3,2020-04-18,95.89
JR서광3,2020-04-19,95.86
JR서광3,2020-04-20,95.83
JR서광3,2020-04-21,95.83
JR서광3,2020-04-22,95.83
JR서광3,2020-04-23,95.82
JR서광3,2020-04-24,95.79
JR서광3,2020-04-25,95.75
JR서광3,2020-04-26,95.72
JR서광3,2020-04-27,95.7
JR서광3,2020-04-28,95.68
JR서광3,2020-04-29,95.66
JR서광3,2020-04-30,95.63
JR서광3,2020-05-01,95.59
JR서광3,2020-05-02,95.55
JR서광3,2020-05-03,95.49
JR서광3,2020-05-04,95.46
JR서광3,2020-05-05,95.45
JR서광3,2020-05-06,95.44
JR서광3,2020-05-07,95.44
JR서광3,2020-05-08,95.42
JR서광3,2020-05-09,95.38
JR서광3,2020-05-10,95.37
JR서광3,2020-05-11,95.38
JR서광3,2020-05-12,95.37
JR서광3,2020-05-13,95.42
JR서광3,2020-05-14,95.45
JR서광3,2020-05-15,95.45
JR서광3,2020-05-16,95.46
JR서광3,2020-05-17,95.5
JR서광3,2020-05-18,95.53
JR서광3,2020-05-19,95.58
JR서광3,2020-05-20,95.65
JR서광3,2020-05-21,95.71
JR서광3,2020-05-22,95.75
JR서광3,2020-05-23,95.77
JR서광3,2020-05-24,95.79
JR서광3,2020-05-25,95.82
JR서광3,2020-05-26,95.83
JR서광3,2020-05-27,95.84
JR서광3,2020-05-28,95.86
JR서광3,2020-05-29,95.89
JR서광3,2020-05-30,95.91
JR서광3,2020-05-31,95.9
JR서광3,2020-06-01,95.89
JR서광3,2020-06-02,95.88
JR서광3,2020-06-03,95.86
JR서광3,2020-06-04,95.86
JR서광3,2020-06-05,95.86
JR서광3,2020-06-06,95.85
JR서광3,2020-06-07,95.87
JR서광3,2020-06-08,95.87
JR서광3,2020-06-09,95.87
JR서광3,2020-06-10,95.85
JR서광3,2020-06-11,95.82
JR서광3,2020-06-12,95.81
JR서광3,2020-06-13,95.81
JR서광3,2020-06-14,95.82
JR서광3,2020-06-15,95.82
JR서광3,2020-06-16,95.79
JR서광3,2020-06-17,95.79
JR서광3,2020-06-18,95.77
JR서광3,2020-06-19,95.79
JR서광3,2020-06-20,95.84
JR서광3,2020-06-21,95.84
JR서광3,2020-06-22,95.86
JR서광3,2020-06-23,95.96
JR서광3,2020-06-24,96.12
JR서광3,2020-06-25,96.14
JR서광3,2020-06-26,96.18
JR서광3,2020-06-29,96.49
JR서광3,2020-06-30,96.51
JR서광3,2020-07-01,96.58
JR서광3,2020-07-02,96.67
JR서광3,2020-07-03,96.74
JR서광3,2020-07-04,96.79
JR서광3,2020-07-05,96.84
JR서광3,2020-07-06,96.91
JR서광3,2020-07-07,96.97
JR서광3,2020-07-08,97.06
JR서광3,2020-07-09,97.14
JR서광3,2020-07-10,97.26
JR서광3,2020-07-11,97.41
JR서광3,2020-07-12,97.58
JR서광3,2020-07-13,97.72
JR서광3,2020-07-14,97.87
JR서광3,2020-07-15,98.03
JR서광3,2020-07-16,98.18
JR서광3,2020-07-17,98.31
JR서광3,2020-07-18,98.43
JR서광3,2020-07-19,98.54
JR서광3,2020-07-20,98.65
JR서광3,2020-07-21,98.76
JR서광3,2020-07-22,98.84
JR서광3,2020-07-23,98.9
JR서광3,2020-07-24,98.93
JR서광3,2020-07-25,98.99
JR서광3,2020-07-26,99.05
JR서광3,2020-07-27,99.11
JR서광3,2020-07-28,99.17
JR서광3,2020-07-29,99.23
JR서광3,2020-07-30,99.29
JR서광3,2020-07-31,99.32
JR서광3,2020-08-01,99.35
JR서광3,2020-08-02,99.38
JR서광3,2020-08-03,99.38
JR서광3,2020-08-04,99.42
JR서광3,2020-08-05,99.46
JR서광3,2020-08-06,99.49
JR서광3,2020-08-07,99.51
JR서광3,2020-08-08,99.51
JR서광3,2020-08-09,99.52
JR서광3,2020-08-10,99.53
JR서광3,2020-08-11,99.56
JR서광3,2020-08-12,99.61
JR서광3,2020-08-13,99.62
JR서광3,2020-08-14,99.51
JR서광3,2020-08-15,99.44
JR서광3,2020-08-16,99.45
JR서광3,2020-08-17,99.46
JR서광3,2020-08-18,99.47
JR서광3,2020-08-19,99.46
JR서광3,2020-08-20,99.46
JR서광3,2020-08-21,99.46
JR서광3,2020-08-22,99.45
JR서광3,2020-08-23,99.43
JR서광3,2020-08-24,99.41
JR서광3,2020-08-25,99.39
JR서광3,2020-08-26,99.36
JR서광3,2020-08-27,99.37
JR서광3,2020-08-28,99.38
JR서광3,2020-08-29,99.4
JR서광3,2020-08-30,99.41
JR서광3,2020-08-31,99.41
JR서광3,2020-09-01,99.4
JR서광3,2020-09-02,99.36
JR서광3,2020-09-03,99.37
JR서광3,2020-09-04,99.51
JR서광3,2020-09-05,99.67
JR서광3,2020-09-06,99.86
JR서광3,2020-09-07,100.03
JR서광3,2020-09-08,100.29
JR서광3,2020-09-09,100.54
JR서광3,2020-09-10,100.77
JR서광3,2020-09-11,100.99
JR서광3,2020-09-12,101.17
JR서광3,2020-09-13,101.32
JR서광3,2020-09-14,101.44
JR서광3,2020-09-15,101.52
JR서광3,2020-09-16,101.57
JR서광3,2020-09-17,101.64
JR서광3,2020-09-18,101.71
JR서광3,2020-09-19,101.84
JR서광3,2020-09-20,101.75
JR서광3,2020-09-21,101.77
JR서광3,2020-09-22,101.79
JR서광3,2020-09-23,101.83
JR서광3,2020-09-24,101.87
JR서광3,2020-09-25,101.9
JR서광3,2020-09-26,101.94
JR서광3,2020-09-27,102.0
JR서광3,2020-09-28,102.01
JR서광3,2020-09-29,102.02
JR서광3,2020-09-30,102.04
JR서광3,2020-10-01,102.08
JR서광3,2020-10-02,102.11
JR서광3,2020-10-03,102.12
JR서광3,2020-10-04,102.12
JR서광3,2020-10-05,102.14
JR서광3,2020-10-06,102.16
JR서광3,2020-10-07,102.17
JR서광3,2020-10-08,102.15
JR서광3,2020-10-09,102.15
JR서광3,2020-10-10,102.14
JR서광3,2020-10-12,102.14
JR서광3,2020-10-13,102.18
JR서광3,2020-10-14,102.17
JR서광3,2020-10-15,102.16
JR서광3,2020-10-16,102.14
JR서광3,2020-10-17,102.12
JR서광3,2020-10-18,102.11
JR서광3,2020-10-19,102.09
JR서광3,2020-10-20,102.08
JR서광3,2020-10-21,102.05
JR서광3,2020-10-22,102.02
JR서광3,2020-10-23,101.99
JR서광3,2020-10-24,101.98
JR서광3,2020-10-25,101.95
JR서광3,2020-10-26,101.93
JR서광3,2020-10-27,101.91
JR서광3,2020-10-28,101.88
JR서광3,2020-10-29,101.85
JR서광3,2020-10-30,101.82
JR서광3,2020-10-31,101.79
JR서광3,2020-11-01,101.76
JR서광3,2020-11-02,101.71
JR서광3,2020-11-03,101.69
JR서광3,2020-11-04,101.68
JR서광3,2020-11-05,101.66
JR서광3,2020-11-06,101.61
JR서광3,2020-11-07,101.57
JR서광3,2020-11-08,101.54
JR서광3,2020-11-09,101.52
JR서광3,2020-11-10,101.49
JR서광3,2020-11-11,101.48
JR서광3,2020-11-12,101.45
JR서광3,2020-11-13,101.4
JR서광3,2020-11-14,101.37
JR서광3,2020-11-15,101.33
JR서광3,2020-11-16,101.29
JR서광3,2020-11-17,101.24
JR서광3,2020-11-18,101.18
JR서광3,2020-11-19,101.12
JR서광3,2020-11-20,101.08
JR서광3,2020-11-21,101.06
JR서광3,2020-11-22,101.03
JR서광3,2020-11-23,101.02
JR서광3,2020-11-24,101.0
JR서광3,2020-11-25,100.97
JR서광3,2020-11-26,100.94
JR서광3,2020-11-27,100.9
JR서광3,2020-11-28,100.88
JR서광3,2020-11-29,100.84
JR서광3,2020-11-30,100.82
JR서광3,2020-12-01,100.8
JR서광3,2020-12-02,100.75
JR서광3,2020-12-03,100.7
JR서광3,2020-12-04,100.66
JR서광3,2020-12-05,100.63
JR서광3,2020-12-06,100.58
JR서광3,2020-12-07,100.54
JR서광3,2020-12-08,100.5
JR서광3,2020-12-09,100.45
JR서광3,2020-12-10,100.4
JR서광3,2020-12-11,100.35
JR서광3,2020-12-12,100.31
JR서광3,2020-12-13,100.28
JR서광3,2020-12-14,100.26
JR서광3,2020-12-15,100.26
JR서광3,2020-12-16,100.23
JR서광3,2020-12-17,100.2
JR서광3,2020-12-18,100.14
JR서광3,2020-12-21,100.0
JR서광3,2020-12-22,99.95
JR서광3,2020-12-23,99.89
JR서광3,2020-12-24,99.82
JR서광3,2020-12-25,99.79
JR서광3,2020-12-26,99.78
JR서광3,2020-12-27,99.72
JR서광3,2020-12-28,99.68
JR서광3,2020-12-29,99.63
JR서광3,2020-12-30,99.59
JR서광3,2020-12-31,99.58
JR서광3,2021-01-01,99.56
JR서광3,2021-01-02,99.53
JR서광3,2021-01-03,99.51
JR서광3,2021-01-04,99.48
JR서광3,2021-01-05,99.44
JR서광3,2021-01-06,99.4
JR서광3,2021-01-07,99.34
JR서광3,2021-01-08,99.3
JR서광3,2021-01-09,99.26
JR서광3,2021-01-10,99.24
JR서광3,2021-01-11,99.19
JR서광3,2021-01-12,99.14
JR서광3,2021-01-13,98.91
JR서광3,2021-01-14,98.89
JR서광3,2021-01-15,98.89
JR서광3,2021-01-16,98.83
JR서광3,2021-01-17,98.79
JR서광3,2021-01-18,98.8
JR서광3,2021-01-19,98.75
JR서광3,2021-01-20,98.73
JR서광3,2021-01-21,98.74
JR서광3,2021-01-22,98.73
JR서광3,2021-01-23,98.71
JR서광3,2021-01-24,98.61
JR서광3,2021-01-25,98.59
JR서광3,2021-01-26,98.59
JR서광3,2021-01-27,98.54
JR서광3,2021-01-28,98.51
JR서광3,2021-01-29,98.45
JR서광3,2021-01-30,98.41
JR서광3,2021-01-31,98.39
JR서광3,2021-02-01,98.4
JR서광3,2021-02-02,98.34
JR서광3,2021-02-03,98.3
JR서광3,2021-02-04,98.27
JR서광3,2021-02-05,98.26
JR서광3,2021-02-06,98.25
JR서광3,2021-02-07,98.19
JR서광3,2021-02-08,98.13
JR서광3,2021-02-09,98.09
JR서광3,2021-02-10,98.08
JR서광3,2021-02-11,98.06
JR서광3,2021-02-12,98.02
JR서광3,2021-02-13,97.99
JR서광3,2021-02-14,98.0
JR서광3,2021-02-15,97.97
JR서광3,2021-02-16,97.91
JR서광3,2021-02-17,97.86
JR서광3,2021-02-18,97.83
JR서광3,2021-02-19,97.74
JR서광3,2021-02-20,97.59
JR서광3,2021-02-21,97.55
JR서광3,2021-02-22,97.51
JR서광3,2021-02-23,97.44
JR서광3,2021-02-24,97.42
JR서광3,2021-02-25,97.42
JR서광3,2021-02-26,97.4
JR서광3,2021-02-27,97.32
JR서광3,2021-02-28,97.29
JR서광3,2021-03-01,97.3
JR서광3,2021-03-02,97.22
JR서광3,2021-03-03,97.17
JR서광3,2021-03-04,97.19
JR서광3,2021-03-05,97.15
JR서광3,2021-03-06,97.1
JR서광3,2021-03-07,97.06
JR서광3,2021-03-08,97.03
JR서광3,2021-03-09,97.01
JR서광3,2021-03-10,96.96
JR서광3,2021-03-11,96.94
JR서광3,2021-03-12,96.94
JR서광3,2021-03-13,96.89
JR서광3,2021-03-14,96.85
JR서광3,2021-03-15,96.84
JR서광3,2021-03-16,96.82
JR서광3,2021-03-17,96.77
JR서광3,2021-03-18,96.75
JR서광3,2021-03-19,96.74
JR서광3,2021-03-20,96.75
JR서광3,2021-03-21,96.69
JR서광3,2021-03-22,96.64
JR서광3,2021-03-23,96.62
JR서광3,2021-03-24,96.63
JR서광3,2021-03-25,96.6
JR서광3,2021-03-26,96.59
JR서광3,2021-03-27,96.61
JR서광3,2021-03-28,96.6
JR서광3,2021-03-29,96.55
JR서광3,2021-03-30,96.52
JR서광3,2021-03-31,96.5
JR서광3,2021-04-01,96.48
JR서광3,2021-04-02,96.45
JR서광3,2021-04-03,96.45
JR서광3,2021-04-04,96.42
JR서광3,2021-04-05,96.39
JR서광3,2021-04-06,96.38
JR서광3,2021-04-07,96.37
JR서광3,2021-04-08,96.36
JR서광3,2021-04-09,96.33
JR서광3,2021-04-10,96.3
JR서광3,2021-04-11,96.3
JR서광3,2021-04-12,96.34
JR서광3,2021-04-13,96.33
JR서광3,2021-04-14,96.25
JR서광3,2021-04-15,96.2
JR서광3,2021-04-16,96.21
JR서광3,2021-04-17,96.21
JR서광3,2021-04-18,96.2
JR서광3,2021-04-19,96.21
JR서광3,2021-04-20,96.22
JR서광3,2021-04-21,96.22
JR서광3,2021-04-22,96.26
JR서광3,2021-04-23,96.27
JR서광3,2021-04-24,96.25
JR서광3,2021-04-25,96.27
JR서광3,2021-04-26,96.26
JR서광3,2021-04-27,96.28
JR서광3,2021-04-28,96.29
JR서광3,2021-04-29,96.33
JR서광3,2021-04-30,96.32
JR서광3,2021-05-01,96.31
JR서광3,2021-05-02,96.27
JR서광3,2021-05-03,96.26
JR서광3,2021-05-04,96.31
JR서광3,2021-05-05,96.27
JR서광3,2021-05-06,96.26
JR서광3,2021-05-07,96.31
JR서광3,2021-05-08,96.31
JR서광3,2021-05-09,96.29
JR서광3,2021-05-10,96.31
JR서광3,2021-05-11,96.34
JR서광3,2021-05-12,96.36
JR서광3,2021-05-13,96.35
JR서광3,2021-05-14,96.39
JR서광3,2021-05-15,96.42
JR서광3,2021-05-16,96.45
JR서광3,2021-05-17,96.45
JR서광3,2021-05-18,96.46
JR서광3,2021-05-19,96.47
JR서광3,2021-05-20,96.52
JR서광3,2021-05-21,96.49
JR서광3,2021-05-22,96.5
JR서광3,2021-05-23,96.5
JR서광3,2021-05-24,96.52
JR서광3,2021-05-25,96.51
JR서광3,2021-05-26,96.52
JR서광3,2021-05-27,96.55
JR서광3,2021-05-28,96.54
JR서광3,2021-05-29,96.52
JR서광3,2021-05-30,96.51
JR서광3,2021-05-31,96.51
JR서광3,2021-06-01,96.49
JR서광3,2021-06-02,96.51
JR서광3,2021-06-03,96.56
JR서광3,2021-06-04,96.54
JR서광3,2021-06-05,96.52
JR서광3,2021-06-06,96.49
JR서광3,2021-06-07,96.45
JR서광3,2021-06-08,96.45
JR서광3,2021-06-09,96.45
JR서광3,2021-06-10,96.45
JR서광3,2021-06-11,96.46
JR서광3,2021-06-12,96.44
JR서광3,2021-06-13,96.44
JR서광3,2021-06-14,96.45
JR서광3,2021-06-15,96.48
JR서광3,2021-06-16,96.47
JR서광3,2021-06-17,96.45
JR서광3,2021-06-18,96.49
JR서광3,2021-06-19,96.51
JR서광3,2021-06-20,96.52
JR서광3,2021-06-21,96.53
JR서광3,2021-06-22,96.53
JR서광3,2021-06-23,96.54
JR서광3,2021-06-24,96.56
JR서광3,2021-06-25,96.57
JR서광3,2021-06-26,96.6
JR서광3,2021-06-27,96.61
JR서광3,2021-06-28,96.63
JR서광3,2021-06-29,96.62
JR서광3,2021-06-30,96.62
JR서광3,2021-07-01,96.62
JR서광3,2021-07-02,96.61
JR서광3,2021-07-03,96.63
JR서광3,2021-07-04,96.61
JR서광3,2021-07-05,96.61
JR서광3,2021-07-06,96.62
JR서광3,2021-07-07,96.62
JR서광3,2021-07-08,96.63
JR서광3,2021-07-09,96.62
JR서광3,2021-07-10,96.6
JR서광3,2021-07-11,96.59
JR서광3,2021-07-12,96.59
JR서광3,2021-07-13,96.59
JR서광3,2021-07-14,96.57
JR서광3,2021-07-15,96.57
JR서광3,2021-07-16,96.57
JR서광3,2021-07-17,96.6
JR서광3,2021-07-18,96.6
JR서광3,2021-07-19,96.58
JR서광3,2021-07-20,96.57
JR서광3,2021-07-21,96.58
JR서광3,2021-07-22,96.58
JR서광3,2021-07-23,96.57
JR서광3,2021-07-24,96.58
JR서광3,2021-07-25,96.58
JR서광3,2021-07-26,96.58
JR서광3,2021-07-27,96.57
JR서광3,2021-07-28,96.56
JR서광3,2021-07-29,96.55
JR서광3,2021-07-30,96.54
JR서광3,2021-07-31,96.55
JR서광3,2021-08-01,96.54
JR서광3,2021-08-02,96.52
JR서광3,2021-08-03,96.5
JR서광3,2021-08-04,96.49
JR서광3,2021-08-05,96.5
JR서광3,2021-08-06,96.5
JR서광3,2021-08-07,96.48
JR서광3,2021-08-08,96.48
JR서광3,2021-08-09,96.45
JR서광3,2021-08-10,96.39
JR서광3,2021-08-11,96.36
JR서광3,2021-08-12,96.36
JR서광3,2021-08-13,96.36
JR서광3,2021-08-14,96.33
JR서광3,2021-08-15,96.28
JR서광3,2021-08-16,96.29
JR서광3,2021-08-17,96.3
JR서광3,2021-08-18,96.28
JR서광3,2021-08-19,96.26
JR서광3,2021-08-20,96.26
JR서광3,2021-08-21,96.28
JR서광3,2021-08-22,96.25
JR서광3,2021-08-23,96.28
JR서광3,2021-08-24,96.28
JR서광3,2021-08-25,96.27
JR서광3,2021-08-26,96.26
JR서광3,2021-08-27,96.29
JR서광3,2021-08-28,96.33
JR서광3,2021-08-29,96.35
JR서광3,2021-08-30,96.37
JR서광3,2021-08-31,96.41
JR서광3,2021-09-01,96.45
JR서광3,2021-09-02,96.49
JR서광3,2021-09-03,96.52
JR서광3,2021-09-04,96.5
JR서광3,2021-09-05,96.53
JR서광3,2021-09-06,96.59
JR서광3,2021-09-07,96.64
JR서광3,2021-09-08,96.68
JR서광3,2021-09-09,96.7
JR서광3,2021-09-10,96.75
JR서광3,2021-09-11,96.8
JR서광3,2021-09-12,96.84
JR서광3,2021-09-13,96.88
JR서광3,2021-09-14,96.94
JR서광3,2021-09-15,96.96
JR서광3,2021-09-16,97.01
JR서광3,2021-09-17,97.05
JR서광3,2021-09-18,97.02
JR서광3,2021-09-19,97.06
JR서광3,2021-09-20,97.14
JR서광3,2021-09-21,97.21
JR서광3,2021-09-22,97.24
JR서광3,2021-09-23,97.27
JR서광3,2021-09-24,97.32
JR서광3,2021-09-25,97.39
JR서광3,2021-09-26,97.45
JR서광3,2021-09-27,97.52
JR서광3,2021-09-28,97.57
JR서광3,2021-09-29,97.63
JR서광3,2021-09-30,97.68
JR서광3,2021-10-01,97.7
JR서광3,2021-10-02,97.71
JR서광3,2021-10-03,97.72
JR서광3,2021-10-04,97.75
JR서광3,2021-10-05,97.8
JR서광3,2021-10-06,97.84
JR서광3,2021-10-07,97.87
JR서광3,2021-10-08,97.88
JR서광3,2021-10-09,97.89
JR서광3,2021-10-10,97.93
JR서광3,2021-10-11,97.95
JR서광3,2021-10-12,97.96
JR서광3,2021-10-13,97.98
JR서광3,2021-10-14,98.01
JR서광3,2021-10-15,98.04
JR서광3,2021-10-16,98.03
JR서광3,2021-10-17,98.03
JR서광3,2021-10-18,98.05
JR서광3,2021-10-19,98.06
JR서광3,2021-10-20,98.02
JR서광3,2021-10-21,98.02
JR서광3,2021-10-22,98.01
JR서광3,2021-10-23,97.97
JR서광3,2021-10-24,98.0
JR서광3,2021-10-25,98.01
JR서광3,2021-10-26,98.01
JR서광3,2021-10-27,97.99
JR서광3,2021-10-28,97.97
JR서광3,2021-10-29,97.96
JR서광3,2021-10-30,97.94
JR서광3,2021-10-31,97.92
JR서광3,2021-11-01,97.91
JR서광3,2021-11-02,97.9
JR서광3,2021-11-03,97.89
JR서광3,2021-11-04,97.86
JR서광3,2021-11-05,97.85
JR서광3,2021-11-06,97.84
JR서광3,2021-11-07,97.81
JR서광3,2021-11-08,97.79
JR서광3,2021-11-09,97.77
JR서광3,2021-11-10,97.76
JR서광3,2021-11-11,97.72
JR서광3,2021-11-12,97.67
JR서광3,2021-11-13,97.65
JR서광3,2021-11-14,97.63
JR서광3,2021-11-15,97.61
JR서광3,2021-11-16,97.57
JR서광3,2021-11-17,97.56
JR서광3,2021-11-18,97.56
JR서광3,2021-11-19,97.55
JR서광3,2021-11-20,97.51
JR서광3,2021-11-21,97.51
JR서광3,2021-11-22,97.47
JR서광3,2021-11-23,97.44
JR서광3,2021-11-24,97.41
JR서광3,2021-11-25,97.39
JR서광3,2021-11-26,97.34
JR서광3,2021-11-27,97.29
JR서광3,2021-11-28,97.26
JR서광3,2021-11-29,97.27
JR서광3,2021-11-30,97.29
JR서광3,2021-12-01,97.21
JR서광3,2021-12-02,97.19
JR서광3,2021-12-03,97.17
JR서광3,2021-12-04,97.11
JR서광3,2021-12-05,97.09
JR서광3,2021-12-06,97.07
JR서광3,2021-12-07,97.04
JR서광3,2021-12-08,97.0
JR서광3,2021-12-09,97.0
JR서광3,2021-12-10,96.97
JR서광3,2021-12-11,96.94
JR서광3,2021-12-12,96.92
JR서광3,2021-12-13,96.89
JR서광3,2021-12-14,96.88
JR서광3,2021-12-15,96.87
JR서광3,2021-12-16,96.86
JR서광3,2021-12-17,96.8
JR서광3,2021-12-18,96.77
JR서광3,2021-12-19,96.75
JR서광3,2021-12-20,96.74
JR서광3,2021-12-21,96.72
JR서광3,2021-12-22,96.67
JR서광3,2021-12-23,96.64
JR서광3,2021-12-24,96.63
JR서광3,2021-12-25,96.55
JR서광3,2021-12-26,96.52
JR서광3,2021-12-27,96.5
JR서광3,2021-12-28,96.48
JR서광3,2021-12-29,96.49
JR서광3,2021-12-30,96.43
JR서광3,2021-12-31,96.39
JR서광3,2022-01-01,96.37
JR서광3,2022-01-02,96.35
JR서광3,2022-01-03,96.32
JR서광3,2022-01-04,96.28
JR서광3,2022-01-05,96.27
JR서광3,2022-01-06,96.22
JR서광3,2022-01-07,96.18
JR서광3,2022-01-08,96.18
JR서광3,2022-01-09,96.15
JR서광3,2022-01-10,96.13
JR서광3,2022-01-11,96.1
JR서광3,2022-01-12,96.06
JR서광3,2022-01-13,96.04
JR서광3,2022-01-14,96.0
JR서광3,2022-01-15,95.98
JR서광3,2022-01-16,95.94
JR서광3,2022-01-17,95.91
JR서광3,2022-01-18,95.89
JR서광3,2022-01-19,95.88
JR서광3,2022-01-20,95.84
JR서광3,2022-01-21,95.81
JR서광3,2022-01-22,95.81
JR서광3,2022-01-23,95.8
JR서광3,2022-01-24,95.76
JR서광3,2022-01-25,95.72
JR서광3,2022-01-26,95.68
JR서광3,2022-01-27,95.66
JR서광3,2022-01-28,95.65
JR서광3,2022-01-29,95.64
JR서광3,2022-01-30,95.59
JR서광3,2022-01-31,95.55
JR서광3,2022-02-01,95.52
JR서광3,2022-02-02,95.49
JR서광3,2022-02-03,95.48
JR서광3,2022-02-04,95.46
JR서광3,2022-02-05,95.43
JR서광3,2022-02-06,95.39
JR서광3,2022-02-07,95.39
JR서광3,2022-02-08,95.36
JR서광3,2022-02-09,95.34
JR서광3,2022-02-10,95.31
JR서광3,2022-02-11,95.27
JR서광3,2022-02-12,95.26
JR서광3,2022-02-13,95.25
JR서광3,2022-02-14,95.21
JR서광3,2022-02-15,95.17
JR서광3,2022-02-16,95.15
JR서광3,2022-02-17,95.11
JR서광3,2022-02-18,95.1
JR서광3,2022-02-19,95.09
JR서광3,2022-02-20,95.03
JR서광3,2022-02-21,95.0
JR서광3,2022-02-22,94.97
JR서광3,2022-02-23,94.95
JR서광3,2022-02-24,94.93
JR서광3,2022-02-25,94.91
JR서광3,2022-02-26,94.91
JR서광3,2022-02-27,94.87
JR서광3,2022-02-28,94.85
JR서광3,2022-03-01,94.85
JR서광3,2022-03-02,94.8
JR서광3,2022-03-03,94.77
JR서광3,2022-03-04,94.76
JR서광3,2022-03-05,94.73
JR서광3,2022-03-06,94.69
JR서광3,2022-03-07,94.68
JR서광3,2022-03-08,94.66
JR서광3,2022-03-09,94.62
JR서광3,2022-03-10,94.61
JR서광3,2022-03-11,94.6
JR서광3,2022-03-12,94.57
JR서광3,2022-03-13,94.57
JR서광3,2022-03-14,94.54
JR서광3,2022-03-15,94.51
JR서광3,2022-03-16,94.48
JR서광3,2022-03-17,94.48
JR서광3,2022-03-18,94.48
JR서광3,2022-03-19,94.42
JR서광3,2022-03-20,94.36
JR서광3,2022-03-21,94.35
JR서광3,2022-03-22,94.35
JR서광3,2022-03-23,94.34
JR서광3,2022-03-24,94.3
JR서광3,2022-03-25,94.32
JR서광3,2022-03-26,94.32
JR서광3,2022-03-27,94.24
JR서광3,2022-03-28,94.19
JR서광3,2022-03-29,94.19
JR서광3,2022-03-30,94.2
JR서광3,2022-03-31,94.17
JR서광3,2022-04-01,94.13
JR서광3,2022-04-02,94.13
JR서광3,2022-04-03,94.12
JR서광3,2022-04-04,94.11
JR서광3,2022-04-05,94.11
JR서광3,2022-04-06,94.1
JR서광3,2022-04-07,94.1
JR서광3,2022-04-08,94.07
JR서광3,2022-04-09,94.06
JR서광3,2022-04-10,94.05
JR서광3,2022-04-11,94.05
JR서광3,2022-04-12,94.03
JR서광3,2022-04-13,94.01
JR서광3,2022-04-14,93.98
JR서광3,2022-04-15,93.95
JR서광3,2022-04-16,93.93
JR서광3,2022-04-17,93.91
JR서광3,2022-04-18,93.91
JR서광3,2022-04-19,93.9
JR서광3,2022-04-20,93.88
JR서광3,2022-04-21,93.87
JR서광3,2022-04-22,93.85
JR서광3,2022-04-23,93.84
JR서광3,2022-04-24,93.82
JR서광3,2022-04-25,93.81
JR서광3,2022-04-26,93.82
JR서광3,2022-04-27,93.75
JR서광3,2022-04-28,93.74
JR서광3,2022-04-29,93.73
JR서광3,2022-04-30,93.7
JR서광3,2022-05-01,93.71
JR서광3,2022-05-02,93.7
JR서광3,2022-05-03,93.67
JR서광3,2022-05-04,93.66
JR서광3,2022-05-05,93.66
JR서광3,2022-05-06,93.66
JR서광3,2022-05-07,93.65
JR서광3,2022-05-08,93.64
JR서광3,2022-05-09,93.63
JR서광3,2022-05-10,93.63
JR서광3,2022-05-11,93.62
JR서광3,2022-05-12,93.62
JR서광3,2022-05-13,93.62
JR서광3,2022-05-14,93.57
JR서광3,2022-05-15,93.56
JR서광3,2022-05-16,93.55
JR서광3,2022-05-17,93.53
JR서광3,2022-05-18,93.51
JR서광3,2022-05-19,93.51
JR서광3,2022-05-20,93.52
JR서광3,2022-05-21,93.51
JR서광3,2022-05-22,93.49
JR서광3,2022-05-23,93.45
JR서광3,2022-05-24,93.44
JR서광3,2022-05-25,93.44
JR서광3,2022-05-26,93.4
JR서광3,2022-05-27,93.38
JR서광3,2022-05-28,93.36
JR서광3,2022-05-29,93.39
JR서광3,2022-05-30,93.38
JR서광3,2022-05-31,93.32
JR서광3,2022-06-01,93.33
JR서광3,2022-06-02,93.31
JR서광3,2022-06-03,93.3
JR서광3,2022-06-04,93.29
JR서광3,2022-06-05,93.34
JR서광3,2022-06-06,93.3
JR서광3,2022-06-07,93.25
JR서광3,2022-06-08,93.22
JR서광3,2022-06-09,93.21
JR서광3,2022-06-10,93.21
JR서광3,2022-06-11,93.21
JR서광3,2022-06-12,93.19
JR서광3,2022-06-13,93.2
JR서광3,2022-06-14,93.18
JR서광3,2022-06-15,93.15
JR서광3,2022-06-16,93.14
JR서광3,2022-06-17,93.13
JR서광3,2022-06-18,93.12
JR서광3,2022-06-19,93.11
JR서광3,2022-06-20,93.11
JR서광3,2022-06-21,93.09
JR서광3,2022-06-22,93.04
JR서광3,2022-06-23,93.05
JR서광3,2022-06-24,93.05
JR서광3,2022-06-25,93.01
JR서광3,2022-06-26,92.98
JR서광3,2022-06-27,92.99
JR서광3,2022-06-28,93.0
JR서광3,2022-06-29,92.98
JR서광3,2022-06-30,92.95
JR서광3,2022-07-01,92.94
JR서광3,2022-07-02,92.96
JR서광3,2022-07-03,92.97
JR서광3,2022-07-04,92.97
JR서광3,2022-07-05,92.94
JR서광3,2022-07-06,92.92
JR서광3,2022-07-07,92.92
JR서광3,2022-07-08,92.94
JR서광3,2022-07-09,92.93
JR서광3,2022-07-10,92.91
JR서광3,2022-07-11,92.9
JR서광3,2022-07-12,92.89
JR서광3,2022-07-13,92.9
JR서광3,2022-07-14,92.9
JR서광3,2022-07-15,92.9
JR서광3,2022-07-16,92.88
JR서광3,2022-07-17,92.86
JR서광3,2022-07-18,92.87
JR서광3,2022-07-19,92.84
JR서광3,2022-07-20,92.82
JR서광3,2022-07-21,92.83
JR서광3,2022-07-22,92.82
JR서광3,2022-07-23,92.82
JR서광3,2022-07-24,92.81
JR서광3,2022-07-25,92.78
JR서광3,2022-07-26,92.78
JR서광3,2022-07-27,92.78
JR서광3,2022-07-28,92.76
JR서광3,2022-07-29,92.76
JR서광3,2022-07-30,92.78
JR서광3,2022-07-31,92.77
JR서광3,2022-08-01,92.75
JR서광3,2022-08-02,92.71
JR서광3,2022-08-03,92.72
JR서광3,2022-08-04,92.74
JR서광3,2022-08-05,92.77
JR서광3,2022-08-06,92.79
JR서광3,2022-08-07,92.81
JR서광3,2022-08-08,92.84
JR서광3,2022-08-09,92.89
JR서광3,2022-08-10,92.94
JR서광3,2022-08-11,92.97
JR서광3,2022-08-12,93.01
JR서광3,2022-08-13,93.04
JR서광3,2022-08-14,93.06
JR서광3,2022-08-15,93.1
JR서광3,2022-08-16,93.12
JR서광3,2022-08-17,93.13
JR서광3,2022-08-18,93.15
JR서광3,2022-08-19,93.17
JR서광3,2022-08-20,93.19
JR서광3,2022-08-21,93.21
JR서광3,2022-08-22,93.22
JR서광3,2022-08-23,93.24
JR서광3,2022-08-24,93.26
JR서광3,2022-08-25,93.27
JR서광3,2022-08-26,93.3
JR서광3,2022-08-27,93.3
JR서광3,2022-08-28,93.31
JR서광3,2022-08-29,93.34
JR서광3,2022-08-30,93.37
JR서광3,2022-08-31,93.39
JR서광3,2022-09-01,93.39
JR서광3,2022-09-02,93.41
JR서광3,2022-09-03,93.45
JR서광3,2022-09-04,93.46
JR서광3,2022-09-05,93.55
JR서광3,2022-09-06,93.46
JR서광3,2022-09-07,93.43
JR서광3,2022-09-08,93.49
JR서광3,2022-09-09,93.57
JR서광3,2022-09-10,93.64
JR서광3,2022-09-11,93.7
JR서광3,2022-09-12,93.76
JR서광3,2022-09-13,93.82
JR서광3,2022-09-14,93.89
JR서광3,2022-09-15,93.95
JR서광3,2022-09-16,94.0
JR서광3,2022-09-17,94.07
JR서광3,2022-09-18,94.16
JR서광3,2022-09-19,94.19
JR서광3,2022-09-20,94.18
JR서광3,2022-09-21,94.22
JR서광3,2022-09-22,94.29
JR서광3,2022-09-23,94.34
JR서광3,2022-09-24,94.36
JR서광3,2022-09-25,94.41
JR서광3,2022-09-26,94.44
JR서광3,2022-09-27,94.48
JR서광3,2022-09-28,94.52
JR서광3,2022-09-29,94.54
JR서광3,2022-09-30,94.57
JR서광3,2022-10-01,94.59
JR서광3,2022-10-02,94.63
JR서광3,2022-10-03,94.66
JR서광3,2022-10-04,94.68
JR서광3,2022-10-05,94.69
JR서광3,2022-10-06,94.71
JR서광3,2022-10-07,94.72
JR서광3,2022-10-08,94.74
JR서광3,2022-10-09,94.77
JR서광3,2022-10-10,94.76
JR서광3,2022-10-11,94.76
JR서광3,2022-10-12,94.75
JR서광3,2022-10-13,94.78
JR서광3,2022-10-14,94.79
JR서광3,2022-10-15,94.79
JR서광3,2022-10-16,94.79
JR서광3,2022-10-17,94.78
JR서광3,2022-10-18,94.76
JR서광3,2022-10-19,94.74
JR서광3,2022-10-20,94.74
JR서광3,2022-10-21,94.75
JR서광3,2022-10-22,94.75
JR서광3,2022-10-23,94.73
JR서광3,2022-10-24,94.69
JR서광3,2022-10-25,94.66
JR서광3,2022-10-26,94.66
JR서광3,2022-10-27,94.66
JR서광3,2022-10-28,94.64
JR서광3,2022-10-29,94.63
JR서광3,2022-10-30,94.61
JR서광3,2022-10-31,94.6
JR서광3,2022-11-01,94.59
JR서광3,2022-11-02,94.58
JR서광3,2022-11-03,94.6
JR서광3,2022-11-04,94.56
JR서광3,2022-11-05,94.52
JR서광3,2022-11-06,94.52
JR서광3,2022-11-07,94.5
JR서광3,2022-11-08,94.47
JR서광3,2022-11-09,94.44
JR서광3,2022-11-10,94.43
JR서광3,2022-11-11,94.4
JR서광3,2022-11-12,94.41
JR서광3,2022-11-13,94.39
JR서광3,2022-11-14,94.35
JR서광3,2022-11-15,94.33
JR서광3,2022-11-16,94.3
JR서광3,2022-11-17,94.28
JR서광3,2022-11-18,94.26
JR서광3,2022-11-19,94.26
JR서광3,2022-11-20,94.24
JR서광3,2022-11-21,94.19
JR서광3,2022-11-22,94.19
JR서광3,2022-11-23,94.17
JR서광3,2022-11-24,94.13
JR서광3,2022-11-25,94.12
JR서광3,2022-11-26,94.11
JR서광3,2022-11-27,94.07
JR서광3,2022-11-28,94.08
JR서광3,2022-11-29,94.06
JR서광3,2022-11-30,93.96
JR서광3,2022-12-01,93.96
JR서광3,2022-12-02,93.96
JR서광3,2022-12-03,93.95
JR서광3,2022-12-04,93.92
JR서광3,2022-12-05,93.91
JR서광3,2022-12-06,93.88
JR서광3,2022-12-07,93.86
JR서광3,2022-12-08,93.84
JR서광3,2022-12-09,93.84
JR서광3,2022-12-10,93.83
JR서광3,2022-12-11,93.78
JR서광3,2022-12-12,93.77
JR서광3,2022-12-13,93.74
JR서광3,2022-12-14,93.7
JR서광3,2022-12-15,93.69
JR서광3,2022-12-16,93.67
JR서광3,2022-12-17,93.65
JR서광3,2022-12-18,93.64
JR서광3,2022-12-19,93.6
JR서광3,2022-12-20,93.59
JR서광3,2022-12-21,93.63
JR서광3,2022-12-22,93.59
JR서광3,2022-12-23,93.54
JR서광3,2022-12-24,93.51
JR서광3,2022-12-25,93.47
JR서광3,2022-12-26,93.45
JR서광3,2022-12-27,93.42
JR서광3,2022-12-28,93.4
JR서광3,2022-12-29,93.38
JR서광3,2022-12-30,93.37
JR서광3,2022-12-31,93.36
JR서광3,2023-01-01,93.34
JR서광3,2023-01-02,93.32
JR서광3,2023-01-03,93.31
JR서광3,2023-01-04,93.28
JR서광3,2023-01-05,93.26
JR서광3,2023-01-06,93.28
JR서광3,2023-01-07,93.25
JR서광3,2023-01-08,93.21
JR서광3,2023-01-09,93.2
JR서광3,2023-01-10,93.16
JR서광3,2023-01-11,93.15
JR서광3,2023-01-12,93.15
JR서광3,2023-01-13,93.16
JR서광3,2023-01-14,93.13
JR서광3,2023-01-15,93.07
JR서광3,2023-01-16,93.03
JR서광3,2023-01-17,93.02
JR서광3,2023-01-18,93.01
JR서광3,2023-01-19,93.0
JR서광3,2023-01-20,92.98
JR서광3,2023-01-21,92.96
JR서광3,2023-01-22,92.98
JR서광3,2023-01-23,92.96
JR서광3,2023-01-24,92.91
JR서광3,2023-01-25,92.9
JR서광3,2023-01-26,92.92
JR서광3,2023-01-27,92.9
JR서광3,2023-01-28,92.88
JR서광3,2023-01-29,92.87
JR서광3,2023-01-30,92.84
JR서광3,2023-01-31,92.85
JR서광3,2023-02-01,92.83
JR서광3,2023-02-02,92.79
JR서광3,2023-02-03,92.79
JR서광3,2023-02-04,92.77
JR서광3,2023-02-05,92.76
JR서광3,2023-02-06,92.77
JR서광3,2023-02-07,92.75
JR서광3,2023-02-08,92.7
JR서광3,2023-02-09,92.71
JR서광3,2023-02-10,92.71
JR서광3,2023-02-11,92.67
JR서광3,2023-02-12,92.69
JR서광3,2023-02-13,92.67
JR서광3,2023-02-14,92.62
JR서광3,2023-02-15,92.59
JR서광3,2023-02-16,92.58
JR서광3,2023-02-17,92.6
JR서광3,2023-02-18,92.61
JR서광3,2023-02-19,92.59
JR서광3,2023-02-20,92.54
JR서광3,2023-02-21,92.51
JR서광3,2023-02-22,92.53
JR서광3,2023-02-23,92.54
JR서광3,2023-02-24,92.52
JR서광3,2023-02-25,92.47
JR서광3,2023-02-26,92.45
JR서광3,2023-02-27,92.46
JR서광3,2023-02-28,92.48
JR서광3,2023-03-01,92.48
JR서광3,2023-03-02,92.44
JR서광3,2023-03-03,92.43
JR서광3,2023-03-04,92.42
JR서광3,2023-03-05,92.41
JR서광3,2023-03-06,92.41
JR서광3,2023-03-07,92.4
JR서광3,2023-03-08,92.39
JR서광3,2023-03-09,92.4
JR서광3,2023-03-10,92.36
JR서광3,2023-03-11,92.34
JR서광3,2023-03-12,92.34
JR서광3,2023-03-13,92.32
JR서광3,2023-03-14,92.33
JR서광3,2023-03-15,92.3
JR서광3,2023-03-16,92.28
JR서광3,2023-03-17,92.3
JR서광3,2023-03-18,92.28
JR서광3,2023-03-19,92.26
JR서광3,2023-03-20,92.27
JR서광3,2023-03-21,92.28
JR서광3,2023-03-22,92.26
JR서광3,2023-03-23,92.25
JR서광3,2023-03-24,92.19
JR서광3,2023-03-25,92.18
JR서광3,2023-03-26,92.18
JR서광3,2023-03-27,92.16
JR서광3,2023-03-28,92.15
JR서광3,2023-03-29,92.16
JR서광3,2023-03-30,92.16
JR서광3,2023-03-31,92.15
JR서광3,2023-04-01,92.15
JR서광3,2023-04-02,92.12
JR서광3,2023-04-03,92.09
JR서광3,2023-04-04,92.1
JR서광3,2023-04-05,92.11
JR서광3,2023-04-06,92.06
JR서광3,2023-04-07,92.04
JR서광3,2023-04-08,92.05
JR서광3,2023-04-09,92.12
JR서광3,2023-04-10,92.18
JR서광3,2023-04-11,92.23
JR서광3,2023-04-12,92.25
JR서광3,2023-04-13,92.3
JR서광3,2023-04-14,92.39
JR서광3,2023-04-15,92.45
JR서광3,2023-04-16,92.47
JR서광3,2023-04-17,92.46
JR서광3,2023-04-18,92.53
JR서광3,2023-04-19,92.57
JR서광3,2023-04-20,92.59
JR서광3,2023-04-21,92.61
JR서광3,2023-04-22,92.6
JR서광3,2023-04-23,92.61
JR서광3,2023-04-24,92.63
JR서광3,2023-04-25,92.69
JR서광3,2023-04-26,92.67
JR서광3,2023-04-27,92.65
JR서광3,2023-04-28,92.69
JR서광3,2023-04-29,92.73
JR서광3,2023-04-30,92.69
JR서광3,2023-05-01,92.67
JR서광3,2023-05-02,92.65
JR서광3,2023-05-03,92.68
JR서광3,2023-05-04,92.72
JR서광3,2023-05-05,92.75
JR서광3,2023-05-06,92.76
JR서광3,2023-05-07,92.8
JR서광3,2023-05-08,92.86
JR서광3,2023-05-09,92.98
JR서광3,2023-05-10,93.09
JR서광3,2023-05-11,93.2
JR서광3,2023-05-12,93.32
JR서광3,2023-05-13,93.45
JR서광3,2023-05-14,93.55
JR서광3,2023-05-15,93.64
JR서광3,2023-05-16,93.71
JR서광3,2023-05-17,93.79
JR서광3,2023-05-18,93.92
JR서광3,2023-05-19,93.96
JR서광3,2023-05-20,94.0
JR서광3,2023-05-21,94.07
JR서광3,2023-05-22,94.14
JR서광3,2023-05-23,94.18
JR서광3,2023-05-24,94.22
JR서광3,2023-05-25,94.26
JR서광3,2023-05-26,94.3
JR서광3,2023-05-27,94.35
JR서광3,2023-05-28,94.41
JR서광3,2023-05-29,94.45
JR서광3,2023-05-30,94.49
JR서광3,2023-05-31,94.51
JR서광3,2023-06-01,94.55
JR서광3,2023-06-02,94.59
JR서광3,2023-06-03,94.56
JR서광3,2023-06-04,94.58
JR서광3,2023-06-05,94.62
JR서광3,2023-06-06,94.69
JR서광3,2023-06-07,94.69
JR서광3,2023-06-08,94.76
JR서광3,2023-06-09,94.78
JR서광3,2023-06-10,94.82
JR서광3,2023-06-11,94.86
JR서광3,2023-06-12,94.91
JR서광3,2023-06-13,94.95
JR서광3,2023-06-14,94.96
JR서광3,2023-06-15,94.98
JR서광3,2023-06-16,94.99
JR서광3,2023-06-17,95.03
JR서광3,2023-06-18,95.09
JR서광3,2023-06-19,95.12
JR서광3,2023-06-20,95.14
JR서광3,2023-06-21,95.15
JR서광3,2023-06-22,95.15
JR서광3,2023-06-23,95.15
JR서광3,2023-06-24,95.15
JR서광3,2023-06-25,95.18
JR서광3,2023-06-26,95.19
JR서광3,2023-06-27,95.19
JR서광3,2023-06-28,95.21
JR서광3,2023-06-29,95.25
JR서광3,2023-06-30,95.26
JR서광3,2023-07-01,95.24
JR서광3,2023-07-02,95.26
JR서광3,2023-07-03,95.31
JR서광3,2023-07-04,95.21
JR서광3,2023-07-05,95.05
JR서광3,2023-07-06,95.04
JR서광3,2023-07-07,95.09
JR서광3,2023-07-08,95.15
JR서광3,2023-07-09,95.2
JR서광3,2023-07-10,95.26
JR서광3,2023-07-11,95.34
JR서광3,2023-07-12,95.43
JR서광3,2023-07-13,95.53
JR서광3,2023-07-14,95.63
JR서광3,2023-07-15,95.71
JR서광3,2023-07-16,95.75
JR서광3,2023-07-17,95.81
JR서광3,2023-07-18,95.91
JR서광3,2023-07-19,95.99
JR서광3,2023-07-20,96.04
JR서광3,2023-07-21,96.11
JR서광3,2023-07-22,96.17
JR서광3,2023-07-23,96.26
JR서광3,2023-07-24,96.35
JR서광3,2023-07-25,96.43
JR서광3,2023-07-26,96.53
JR서광3,2023-07-27,96.65
JR서광3,2023-07-28,96.76
JR서광3,2023-07-29,96.85
JR서광3,2023-07-30,96.95
JR서광3,2023-07-31,97.04
JR서광3,2023-08-01,97.13
JR서광3,2023-08-02,97.21
JR서광3,2023-08-03,97.29
JR서광3,2023-08-04,97.36
JR서광3,2023-08-05,97.43
JR서광3,2023-08-06,97.5
JR서광3,2023-08-07,97.54
JR서광3,2023-08-08,97.57
JR서광3,2023-08-09,97.63
JR서광3,2023-08-10,97.66
JR서광3,2023-08-11,97.66
JR서광3,2023-08-12,97.7
JR서광3,2023-08-13,97.74
JR서광3,2023-08-14,97.77
JR서광3,2023-08-15,97.79
JR서광3,2023-08-16,97.82
JR서광3,2023-08-17,97.83
JR서광3,2023-08-18,97.83
JR서광3,2023-08-19,97.82
JR서광3,2023-08-20,97.83
JR서광3,2023-08-21,97.86
JR서광3,2023-08-22,97.88
JR서광3,2023-08-23,97.87
JR서광3,2023-08-24,97.86
JR서광3,2023-08-25,97.85
JR서광3,2023-08-26,97.86
JR서광3,2023-08-27,97.89
JR서광3,2023-08-28,97.93
JR서광3,2023-08-29,97.96
JR서광3,2023-08-30,97.99
JR서광3,2023-08-31,98.03
JR서광3,2023-09-01,98.1
JR서광3,2023-09-02,98.18
JR서광3,2023-09-03,98.25
JR서광3,2023-09-04,98.33
JR서광3,2023-09-05,98.42
JR서광3,2023-09-06,98.49
JR서광3,2023-09-07,98.54
JR서광3,2023-09-08,98.61
JR서광3,2023-09-09,98.67
JR서광3,2023-09-10,98.73
JR서광3,2023-09-11,98.78
JR서광3,2023-09-12,98.8
JR서광3,2023-09-13,98.84
JR서광3,2023-09-14,98.86
JR서광3,2023-09-15,98.88
JR서광3,2023-09-16,98.91
JR서광3,2023-09-17,98.94
JR서광3,2023-09-18,98.94
JR서광3,2023-09-19,98.95
JR서광3,2023-09-20,99.01
JR서광3,2023-09-21,99.02
JR서광3,2023-09-22,99.03
JR서광3,2023-09-23,99.05
JR서광3,2023-09-24,99.1
JR서광3,2023-09-25,99.13
JR서광3,2023-09-26,99.15
JR서광3,2023-09-27,99.16
JR서광3,2023-09-28,99.16
JR서광3,2023-09-29,99.17
JR서광3,2023-09-30,99.19
JR서광3,2023-10-01,99.18
JR서광3,2023-10-02,99.16
JR서광3,2023-10-03,99.18
JR서광3,2023-10-04,99.18
JR서광3,2023-10-05,99.17
JR서광3,2023-10-06,99.15
JR서광3,2023-10-07,99.13
JR서광3,2023-10-08,99.14
JR서광3,2023-10-09,99.12
JR서광3,2023-10-10,99.09
JR서광3,2023-10-11,99.07
JR서광3,2023-10-12,99.05
JR서광3,2023-10-13,99.07
JR서광3,2023-10-14,99.09
JR서광3,2023-10-15,99.05
JR서광3,2023-10-16,99.0
JR서광3,2023-10-17,98.96
JR서광3,2023-10-18,98.94
JR서광3,2023-10-19,98.95
JR서광3,2023-10-20,98.91
JR서광3,2023-10-21,98.85
JR서광3,2023-10-22,98.82
JR서광3,2023-10-23,98.82
JR서광3,2023-10-24,98.83
JR서광3,2023-10-25,98.82
JR서광3,2023-10-26,98.79
JR서광3,2023-10-27,98.77
JR서광3,2023-10-28,98.72
JR서광3,2023-10-29,98.68
JR서광3,2023-10-30,98.65
JR서광3,2023-10-31,98.62
JR서광3,2023-11-01,98.6
JR서광3,2023-11-02,99.04
JR서광3,2023-11-03,99.61
JR서광3,2023-11-04,99.57
JR서광3,2023-11-05,99.55
JR서광3,2023-11-06,99.53
JR서광3,2023-11-07,99.45
JR서광3,2023-11-08,99.43
JR서광3,2023-11-09,99.4
JR서광3,2023-11-10,99.37
JR서광3,2023-11-11,99.31
JR서광3,2023-11-12,99.28
JR서광3,2023-11-13,99.24
JR서광3,2023-11-14,99.21
JR서광3,2023-11-15,99.18
JR서광3,2023-11-16,99.18
JR서광3,2023-11-17,99.17
JR서광3,2023-11-18,99.1
JR서광3,2023-11-19,99.06
JR서광3,2023-11-20,99.01
JR서광3,2023-11-21,98.98
JR서광3,2023-11-22,98.97
JR서광3,2023-11-23,98.94
JR서광3,2023-11-24,98.84
JR서광3,2023-11-25,98.8
JR서광3,2023-11-26,98.81
JR서광3,2023-11-27,98.81
JR서광3,2023-11-28,98.73
JR서광3,2023-11-29,98.69
JR서광3,2023-11-30,98.64
JR서광3,2023-12-01,98.62
JR서광3,2023-12-02,98.58
JR서광3,2023-12-03,98.55
JR서광3,2023-12-04,98.54
JR서광3,2023-12-05,98.52
JR서광3,2023-12-06,98.48
JR서광3,2023-12-07,98.42
JR서광3,2023-12-08,98.38
JR서광3,2023-12-09,98.34
JR서광3,2023-12-10,98.3
JR서광3,2023-12-11,98.31
JR서광3,2023-12-12,98.23
JR서광3,2023-12-13,98.16
JR서광3,2023-12-14,98.17
JR서광3,2023-12-15,98.15
JR서광3,2023-12-16,98.06
JR서광3,2023-12-17,97.99
JR서광3,2023-12-18,97.97
JR서광3,2023-12-19,97.97
JR서광3,2023-12-20,97.93
JR서광3,2023-12-21,97.87
JR서광3,2023-12-22,97.82
JR서광3,2023-12-23,97.78
JR서광3,2023-12-24,97.77
JR서광3,2023-12-25,97.73
JR서광3,2023-12-26,97.7
JR서광3,2023-12-27,97.66
JR서광3,2023-12-28,97.64
JR서광3,2023-12-29,97.61
JR서광3,2023-12-30,97.62
JR서광3,2023-12-31,97.56
JR서광3,2024-01-01,97.48
JR서광3,2024-01-02,97.48
JR서광3,2024-01-03,97.45
JR서광3,2024-01-04,97.4
JR서광3,2024-01-05,97.37
JR서광3,2024-01-06,97.35
JR서광3,2024-01-07,97.29
JR서광3,2024-01-08,97.27
JR서광3,2024-01-09,97.26
JR서광3,2024-01-10,97.23
JR서광3,2024-01-11,97.19
JR서광3,2024-01-12,97.16
JR서광3,2024-01-13,97.09
JR서광3,2024-01-14,97.07
JR서광3,2024-01-15,97.02
JR서광3,2024-01-16,96.98
JR서광3,2024-01-17,96.97
JR서광3,2024-01-18,96.96
JR서광3,2024-01-19,96.91
JR서광3,2024-01-20,96.9
JR서광3,2024-01-21,96.82
JR서광3,2024-01-22,96.78
JR서광3,2024-01-23,96.76
JR서광3,2024-01-24,96.73
JR서광3,2024-01-25,96.68
JR서광3,2024-01-26,96.64
JR서광3,2024-01-27,96.62
JR서광3,2024-01-28,96.58
JR서광3,2024-01-29,96.54
JR서광3,2024-01-30,96.52
JR서광3,2024-01-31,96.51
JR서광3,2024-02-01,96.46
JR서광3,2024-02-02,96.41
JR서광3,2024-02-03,96.38
JR서광3,2024-02-04,96.37
JR서광3,2024-02-05,96.35
JR서광3,2024-02-06,96.28
JR서광3,2024-02-07,96.26
JR서광3,2024-02-08,96.24
JR서광3,2024-02-09,96.19
JR서광3,2024-02-10,96.16
JR서광3,2024-02-11,96.12
JR서광3,2024-02-12,96.08
JR서광3,2024-02-13,96.07
JR서광3,2024-02-14,96.06
JR서광3,2024-02-15,96.05
JR서광3,2024-02-16,95.99
JR서광3,2024-02-17,95.97
JR서광3,2024-02-18,95.96
JR서광3,2024-02-19,95.95
JR서광3,2024-02-20,95.9
JR서광3,2024-02-21,95.89
JR서광3,2024-02-22,95.83
JR서광3,2024-02-23,95.79
JR서광3,2024-02-24,95.79
JR서광3,2024-02-25,95.78
JR서광3,2024-02-26,95.74
JR서광3,2024-02-27,95.73
JR서광3,2024-02-28,95.72
JR서광3,2024-02-29,95.73
JR서광3,2024-03-01,95.68
JR서광3,2024-03-02,95.67
JR서광3,2024-03-03,95.67
JR서광3,2024-03-04,95.66
JR서광3,2024-03-05,95.71
JR서광3,2024-03-06,95.64
JR서광3,2024-03-07,95.6
JR서광3,2024-03-08,95.58
JR서광3,2024-03-09,95.56
JR서광3,2024-03-10,95.53
JR서광3,2024-03-11,95.57
JR서광3,2024-03-12,95.57
JR서광3,2024-03-13,95.51
JR서광3,2024-03-14,95.5
JR서광3,2024-03-15,95.47
JR서광3,2024-03-16,95.48
JR서광3,2024-03-17,95.48
JR서광3,2024-03-18,95.43
JR서광3,2024-03-19,95.42
JR서광3,2024-03-20,95.39
JR서광3,2024-03-21,95.39
JR서광3,2024-03-22,95.4
JR서광3,2024-03-23,95.37
JR서광3,2024-03-24,95.35
JR서광3,2024-03-25,95.35
JR서광3,2024-03-26,95.29
JR서광3,2024-03-27,95.26
JR서광3,2024-03-28,95.33
JR서광3,2024-03-29,95.28
JR서광3,2024-03-30,95.26
JR서광3,2024-03-31,95.26
JR서광3,2024-04-01,95.22
JR서광3,2024-04-02,95.24
JR서광3,2024-04-03,95.26
JR서광3,2024-04-04,95.19
JR서광3,2024-04-05,95.18
JR서광3,2024-04-06,95.19
JR서광3,2024-04-07,95.2
JR서광3,2024-04-08,95.21
JR서광3,2024-04-09,95.18
JR서광3,2024-04-10,95.18
JR서광3,2024-04-11,95.21
JR서광3,2024-04-12,95.23
JR서광3,2024-04-13,95.22
JR서광3,2024-04-14,95.24
JR서광3,2024-04-15,95.26
JR서광3,2024-04-16,95.24
JR서광3,2024-04-17,95.25
JR서광3,2024-04-18,95.24
JR서광3,2024-04-19,95.22
JR서광3,2024-04-20,95.25
JR서광3,2024-04-21,95.23
JR서광3,2024-04-22,95.22
JR서광3,2024-04-23,95.22
JR서광3,2024-04-24,95.21
JR서광3,2024-04-25,95.2
JR서광3,2024-04-26,95.21
JR서광3,2024-04-27,95.2
JR서광3,2024-04-28,95.19
JR서광3,2024-04-29,95.22
JR서광3,2024-04-30,95.2
JR서광3,2024-05-01,95.17
JR서광3,2024-05-02,95.14
JR서광3,2024-05-03,95.15
JR서광3,2024-05-04,95.17
JR서광3,2024-05-05,95.19
JR서광3,2024-05-06,95.18
JR서광3,2024-05-07,95.19
JR서광3,2024-05-08,95.24
JR서광3,2024-05-09,95.31
JR서광3,2024-05-10,95.43
JR서광3,2024-05-11,95.57
JR서광3,2024-05-12,95.69
JR서광3,2024-05-13,95.77
JR서광3,2024-05-14,95.87
JR서광3,2024-05-15,96.0
JR서광3,2024-05-16,96.11
JR서광3,2024-05-17,96.2
JR서광3,2024-05-18,96.29
JR서광3,2024-05-19,96.39
JR서광3,2024-05-20,96.47
JR서광3,2024-05-21,96.54
JR서광3,2024-05-22,96.63
JR서광3,2024-05-23,96.71
JR서광3,2024-05-24,96.76
JR서광3,2024-05-25,96.81
JR서광3,2024-05-26,96.91
JR서광3,2024-05-27,96.97
JR서광3,2024-05-28,97.0
JR서광3,2024-05-29,97.0
JR서광3,2024-05-30,97.06
JR서광3,2024-05-31,97.1
JR서광3,2024-06-01,97.13
JR서광3,2024-06-02,97.17
JR서광3,2024-06-03,97.2
JR서광3,2024-06-04,97.2
JR서광3,2024-06-05,97.21
JR서광3,2024-06-06,97.25
JR서광3,2024-06-07,97.29
JR서광3,2024-06-08,97.33
JR서광3,2024-06-09,97.33
JR서광3,2024-06-10,97.32
JR서광3,2024-06-11,97.33
JR서광3,2024-06-12,97.35
JR서광3,2024-06-13,97.36
JR서광3,2024-06-14,97.36
JR서광3,2024-06-15,97.36
JR서광3,2024-06-16,97.33
JR서광3,2024-06-17,97.33
JR서광3,2024-06-18,97.33
JR서광3,2024-06-19,97.32
JR서광3,2024-06-20,97.35
JR서광3,2024-06-21,97.32
JR서광3,2024-06-22,97.33
JR서광3,2024-06-23,97.31
JR서광3,2024-06-24,97.28
JR서광3,2024-06-25,97.26
JR서광3,2024-06-26,97.27
JR서광3,2024-06-27,97.33
JR서광3,2024-06-28,97.36
JR서광3,2024-06-29,97.39
JR서광3,2024-06-30,97.45
JR서광3,2024-07-01,97.49
JR서광3,2024-07-02,97.56
JR서광3,2024-07-03,97.62
JR서광3,2024-07-04,97.75
JR서광3,2024-07-05,97.87
JR서광3,2024-07-06,97.95
JR서광3,2024-07-07,98.04
JR서광3,2024-07-08,98.13
JR서광3,2024-07-09,98.2
JR서광3,2024-07-10,98.28
JR서광3,2024-07-11,98.33
JR서광3,2024-07-12,98.38
JR서광3,2024-07-13,98.41
JR서광3,2024-07-14,98.44
JR서광3,2024-07-15,98.46
JR서광3,2024-07-16,98.5
JR서광3,2024-07-17,98.54
JR서광3,2024-07-18,98.59
JR서광3,2024-07-19,98.6
JR서광3,2024-07-20,98.61
JR서광3,2024-07-21,98.63
JR서광3,2024-07-22,98.66
JR서광3,2024-07-23,98.69
JR서광3,2024-07-24,98.71
JR서광3,2024-07-25,98.71
JR서광3,2024-07-26,98.69
JR서광3,2024-07-27,98.67
JR서광3,2024-07-28,98.69
JR서광3,2024-07-29,98.72
JR서광3,2024-07-30,98.73
JR서광3,2024-07-31,98.73
JR서광3,2024-08-01,98.74
JR서광3,2024-08-02,98.74
JR서광3,2024-08-03,98.72
JR서광3,2024-08-04,98.72
JR서광3,2024-08-05,98.71
JR서광3,2024-08-06,98.7
JR서광3,2024-08-07,98.71
JR서광3,2024-08-08,98.7
JR서광3,2024-08-09,98.69
JR서광3,2024-08-10,98.68
JR서광3,2024-08-11,98.66
JR서광3,2024-08-12,98.64
JR서광3,2024-08-13,98.61
JR서광3,2024-08-14,98.6
JR서광3,2024-08-15,98.59
JR서광3,2024-08-16,98.57
JR서광3,2024-08-17,98.54
JR서광3,2024-08-18,98.54
JR서광3,2024-08-19,98.53
JR서광3,2024-08-20,98.51
JR서광3,2024-08-21,98.48
JR서광3,2024-08-22,98.48
JR서광3,2024-08-23,98.44
JR서광3,2024-08-24,98.42
JR서광3,2024-08-25,98.41
JR서광3,2024-08-26,98.4
JR서광3,2024-08-27,98.4
JR서광3,2024-08-28,98.38
JR서광3,2024-08-29,98.35
JR서광3,2024-08-30,98.32
JR서광3,2024-08-31,98.29
JR서광3,2024-09-01,98.27
JR서광3,2024-09-02,98.25
JR서광3,2024-09-03,98.23
JR서광3,2024-09-04,98.23
JR서광3,2024-09-05,98.21
JR서광3,2024-09-06,98.18
JR서광3,2024-09-07,98.15
JR서광3,2024-09-08,98.14
JR서광3,2024-09-09,98.13
JR서광3,2024-09-10,98.07
JR서광3,2024-09-11,97.98
JR서광3,2024-09-12,97.98
JR서광3,2024-09-13,97.98
JR서광3,2024-09-14,97.99
JR서광3,2024-09-15,97.95
JR서광3,2024-09-16,97.89
JR서광3,2024-09-17,97.87
JR서광3,2024-09-18,97.87
JR서광3,2024-09-19,97.86
JR서광3,2024-09-20,97.86
JR서광3,2024-09-21,97.87
JR서광3,2024-09-22,97.82
JR서광3,2024-09-23,97.79
JR서광3,2024-09-24,97.78
JR서광3,2024-09-25,97.79
JR서광3,2024-09-26,97.79
JR서광3,2024-09-27,97.79
JR서광3,2024-09-28,97.77
JR서광3,2024-09-29,97.78
JR서광3,2024-09-30,97.79
JR서광3,2024-10-01,97.82
JR서광3,2024-10-02,97.79
JR서광3,2024-10-03,97.78
JR서광3,2024-10-04,97.77
JR서광3,2024-10-05,97.77
JR서광3,2024-10-06,97.78
JR서광3,2024-10-07,97.78
JR서광3,2024-10-08,97.78
JR서광3,2024-10-09,97.78
JR서광3,2024-10-10,97.77
JR서광3,2024-10-11,97.74
JR서광3,2024-10-12,97.72
JR서광3,2024-10-13,97.73
JR서광3,2024-10-14,97.75
JR서광3,2024-10-15,97.74
JR서광3,2024-10-16,97.72
JR서광3,2024-10-17,97.77
JR서광3,2024-10-18,97.83
JR서광3,2024-10-19,97.8
JR서광3,2024-10-20,97.75
JR서광3,2024-10-21,97.78
JR서광3,2024-10-22,97.81
JR서광3,2024-10-23,97.78
JR서광3,2024-10-24,97.78
JR서광3,2024-10-25,97.77
JR서광3,2024-10-26,97.78
JR서광3,2024-10-27,97.81
JR서광3,2024-10-28,97.81
JR서광3,2024-10-29,97.8
JR서광3,2024-10-30,97.76
JR서광3,2024-10-31,97.77
JR서광3,2024-11-01,97.83
JR서광3,2024-11-02,97.81
JR서광3,2024-11-03,97.76
JR서광3,2024-11-04,97.77
JR서광3,2024-11-05,97.79
JR서광3,2024-11-06,97.78
JR서광3,2024-11-07,97.79
JR서광3,2024-11-08,97.82
JR서광3,2024-11-09,97.84
JR서광3,2024-11-10,97.88
JR서광3,2024-11-11,97.92
JR서광3,2024-11-12,97.93
JR서광3,2024-11-13,97.92
JR서광3,2024-11-14,97.95
JR서광3,2024-11-15,97.98
JR서광3,2024-11-16,97.99
JR서광3,2024-11-17,97.98
JR서광3,2024-11-18,97.95
JR서광3,2024-11-19,97.95
JR서광3,2024-11-20,97.97
JR서광3,2024-11-21,97.97
JR서광3,2024-11-22,97.95
JR서광3,2024-11-23,97.92
JR서광3,2024-11-24,97.9
JR서광3,2024-11-25,97.92
JR서광3,2024-11-26,97.93
JR서광3,2024-11-27,97.91
JR서광3,2024-11-28,97.89
JR서광3,2024-11-29,97.87
JR서광3,2024-11-30,97.84
JR서광3,2024-12-01,97.83
JR서광3,2024-12-02,97.8
JR서광3,2024-12-03,97.77
JR서광3,2024-12-04,97.77
JR서광3,2024-12-05,97.76
JR서광3,2024-12-06,97.74
JR서광3,2024-12-07,97.71
JR서광3,2024-12-08,97.68
JR서광3,2024-12-09,97.68
JR서광3,2024-12-10,97.67
JR서광3,2024-12-11,97.66
JR서광3,2024-12-12,97.62
JR서광3,2024-12-13,97.62
JR서광3,2024-12-14,97.57
JR서광3,2024-12-15,97.57
JR서광3,2024-12-16,97.55
JR서광3,2024-12-17,97.53
JR서광3,2024-12-18,97.5
JR서광3,2024-12-19,97.46
JR서광3,2024-12-20,97.47
JR서광3,2024-12-21,97.45
JR서광3,2024-12-22,97.4
JR서광3,2024-12-23,97.37
JR서광3,2024-12-24,97.35
JR서광3,2024-12-25,97.34
JR서광3,2024-12-26,97.31
JR서광3,2024-12-27,97.28
JR서광3,2024-12-28,97.27
JR서광3,2024-12-29,97.23
JR서광3,2024-12-30,97.23
JR서광3,2024-12-31,97.21
JR서광3,2025-01-01,97.16
JR서광3,2025-01-02,97.13
JR서광3,2025-01-03,97.09
JR서광3,2025-01-04,97.07
JR서광3,2025-01-05,97.07
JR서광3,2025-01-06,97.04
JR서광3,2025-01-07,97.0
JR서광3,2025-01-08,96.97
JR서광3,2025-01-09,96.93
JR서광3,2025-01-10,96.87
JR서광3,2025-01-11,96.87
JR서광3,2025-01-12,96.87
JR서광3,2025-01-13,96.82
JR서광3,2025-01-14,96.81
JR서광3,2025-01-15,96.77
JR서광3,2025-01-16,96.75
JR서광3,2025-01-17,96.73
JR서광3,2025-01-18,96.72
JR서광3,2025-01-19,96.71
JR서광3,2025-01-20,96.68
JR서광3,2025-01-21,96.62
JR서광3,2025-01-22,96.59
JR서광3,2025-01-23,96.57
JR서광3,2025-01-24,96.54
JR서광3,2025-01-25,96.51
JR서광3,2025-01-26,96.49
JR서광3,2025-01-27,96.48
JR서광3,2025-01-28,96.43
JR서광3,2025-01-29,96.38
JR서광3,2025-01-30,96.35
JR서광3,2025-01-31,96.35
JR서광3,2025-02-01,96.37
JR서광3,2025-02-02,96.3
JR서광3,2025-02-03,96.26
JR서광3,2025-02-04,96.24
JR서광3,2025-02-05,96.23
JR서광3,2025-02-06,96.18
JR서광3,2025-02-07,96.16
JR서광3,2025-02-08,96.11
JR서광3,2025-02-09,96.09
JR서광3,2025-02-10,96.07
JR서광3,2025-02-11,96.05
JR서광3,2025-02-12,96.08
JR서광3,2025-02-13,96.0
JR서광3,2025-02-14,95.99
JR서광3,2025-02-15,95.98
JR서광3,2025-02-16,95.95
JR서광3,2025-02-17,95.89
JR서광3,2025-02-18,95.87
JR서광3,2025-02-19,95.84
JR서광3,2025-02-20,95.82
JR서광3,2025-02-21,95.79
JR서광3,2025-02-22,95.76
JR서광3,2025-02-23,95.74
JR서광3,2025-02-24,95.71
JR서광3,2025-02-25,95.7
JR서광3,2025-02-26,95.68
JR서광3,2025-02-27,95.67
JR서광3,2025-02-28,95.65
JR서광3,2025-03-01,95.62
JR서광3,2025-03-02,95.62
JR서광3,2025-03-03,95.59
JR서광3,2025-03-04,95.56
JR서광3,2025-03-05,95.5
JR서광3,2025-03-06,95.46
JR서광3,2025-03-07,95.44
JR서광3,2025-03-08,95.43
JR서광3,2025-03-09,95.4
JR서광3,2025-03-10,95.4
JR서광3,2025-03-11,95.41
JR서광3,2025-03-12,95.39
JR서광3,2025-03-13,95.35
JR서광3,2025-03-14,95.33
JR서광3,2025-03-15,95.33
JR서광3,2025-03-16,95.31
JR서광3,2025-03-17,95.28
JR서광3,2025-03-18,95.26
JR서광3,2025-03-19,95.21
JR서광3,2025-03-20,95.21
JR서광3,2025-03-21,95.21
JR서광3,2025-03-22,95.19
JR서광3,2025-03-23,95.18
JR서광3,2025-03-24,95.17
JR서광3,2025-03-25,95.15
JR서광3,2025-03-26,95.13
JR서광3,2025-03-27,95.14
JR서광3,2025-03-28,95.05
JR서광3,2025-03-29,95.0
JR서광3,2025-03-30,94.98
JR서광3,2025-03-31,95.0
JR서광3,2025-04-01,95.0
JR서광3,2025-04-02,94.98
JR서광3,2025-04-03,94.95
JR서광3,2025-04-04,94.93
JR서광3,2025-04-05,94.93
JR서광3,2025-04-06,94.88
JR서광3,2025-04-07,94.85
JR서광3,2025-04-08,94.84
JR서광3,2025-04-09,94.85
JR서광3,2025-04-10,94.84
JR서광3,2025-04-11,94.79
JR서광3,2025-04-12,94.79
JR서광3,2025-04-13,94.76
JR서광3,2025-04-14,94.76
JR서광3,2025-04-15,94.7
JR서광3,2025-04-16,94.67
JR서광3,2025-04-17,94.66
JR서광3,2025-04-18,94.65
JR서광3,2025-04-19,94.64
JR서광3,2025-04-20,94.62
JR서광3,2025-04-21,94.59
JR서광3,2025-04-22,94.63
JR서광3,2025-04-23,94.58
JR서광3,2025-04-24,94.55
JR서광3,2025-04-25,94.51
JR서광3,2025-04-26,94.5
JR서광3,2025-04-27,94.52
JR서광3,2025-04-28,94.55
JR서광3,2025-04-29,94.51
JR서광3,2025-04-30,94.51
JR서광3,2025-05-01,94.53
JR서광3,2025-05-02,94.5
JR서광3,2025-05-03,94.52
JR서광3,2025-05-04,94.48
JR서광3,2025-05-05,94.51
JR서광3,2025-05-06,94.51
JR서광3,2025-05-07,94.46
JR서광3,2025-05-08,94.46
JR서광3,2025-05-09,94.52
JR서광3,2025-05-10,94.48
JR서광3,2025-05-11,94.46
JR서광3,2025-05-12,94.44
JR서광3,2025-05-13,94.43
JR서광3,2025-05-14,94.45
JR서광3,2025-05-15,94.46
JR서광3,2025-05-16,94.5
JR서광3,2025-05-17,94.51
JR서광3,2025-05-18,94.5
JR서광3,2025-05-19,94.51
JR서광3,2025-05-20,94.54
JR서광3,2025-05-21,94.59
JR서광3,2025-05-22,94.59
JR서광3,2025-05-23,94.61
JR서광3,2025-05-24,94.64
JR서광3,2025-05-25,94.62
JR서광3,2025-05-26,94.63
JR서광3,2025-05-27,94.66
JR서광3,2025-05-28,94.69
JR서광3,2025-05-29,94.72
JR서광3,2025-05-30,94.73
JR서광3,2025-05-31,94.74
JR서광3,2025-06-01,94.76
JR서광3,2025-06-02,94.81
JR서광3,2025-06-03,94.8
JR서광3,2025-06-04,94.76
JR서광3,2025-06-05,94.76
JR서광3,2025-06-06,94.79
JR서광3,2025-06-07,94.8
JR서광3,2025-06-08,94.83
JR서광3,2025-06-09,94.84
JR서광3,2025-06-10,94.82
JR서광3,2025-06-11,94.8
JR서광3,2025-06-12,94.79
JR서광3,2025-06-13,94.81
JR서광3,2025-06-14,94.86
JR서광3,2025-06-15,94.84
JR서광3,2025-06-16,94.82
JR서광3,2025-06-17,94.79
JR서광3,2025-06-18,94.78
JR서광3,2025-06-19,94.79
JR서광3,2025-06-20,94.81
JR서광3,2025-06-21,94.84
JR서광3,2025-06-22,94.85
JR서광3,2025-06-23,94.86
JR서광3,2025-06-24,94.87
JR서광3,2025-06-25,94.87
JR서광3,2025-06-26,94.89
JR서광3,2025-06-27,94.91
JR서광3,2025-06-28,94.93
JR서광3,2025-06-29,94.93
JR서광3,2025-06-30,94.93
JR서광3,2025-07-01,94.93
JR서광3,2025-07-02,94.95
JR서광3,2025-07-03,94.96
JR서광3,2025-07-04,94.97
JR서광3,2025-07-05,94.98
JR서광3,2025-07-06,94.97
JR서광3,2025-07-07,94.98
JR서광3,2025-07-08,94.97
JR서광3,2025-07-09,94.96
JR서광3,2025-07-10,94.96
JR서광3,2025-07-11,94.95
JR서광3,2025-07-12,94.96
JR서광3,2025-07-13,94.98
JR서광3,2025-07-14,94.99
JR서광3,2025-07-15,94.96
JR서광3,2025-07-16,94.92
JR서광3,2025-07-17,94.91
JR서광3,2025-07-18,94.9
JR서광3,2025-07-19,94.88
JR서광3,2025-07-20,94.87
JR서광3,2025-07-21,94.85
JR서광3,2025-07-22,94.85
JR서광3,2025-07-23,94.85
JR서광3,2025-07-24,94.85
JR서광3,2025-07-25,94.85
JR서광3,2025-07-26,94.84
JR서광3,2025-07-27,94.83
JR서광3,2025-07-28,94.82
JR서광3,2025-07-29,94.82
JR서광3,2025-07-30,94.81
JR서광3,2025-07-31,94.77
JR서광3,2025-08-01,94.76
JR서광3,2025-08-02,94.75
JR서광3,2025-08-03,94.74
JR서광3,2025-08-04,94.72
JR서광3,2025-08-05,94.68
JR서광3,2025-08-06,94.69
JR서광3,2025-08-07,94.67
JR서광3,2025-08-08,94.66
JR서광3,2025-08-09,94.65
JR서광3,2025-08-10,94.64
JR서광3,2025-08-11,94.61
JR서광3,2025-08-12,94.57
JR서광3,2025-08-13,94.54
JR서광3,2025-08-14,94.53
JR서광3,2025-08-15,94.53
JR서광3,2025-08-16,94.52
JR서광3,2025-08-17,94.5
JR서광3,2025-08-18,94.48
JR서광3,2025-08-19,94.48
JR서광3,2025-08-20,94.47
JR서광3,2025-08-21,94.45
JR서광3,2025-08-22,94.43
JR서광3,2025-08-23,94.4
JR서광3,2025-08-24,94.38
JR서광3,2025-08-25,94.36
JR서광3,2025-08-26,94.35
JR서광3,2025-08-27,94.33
JR서광3,2025-08-28,94.31
JR서광3,2025-08-29,94.28
JR서광3,2025-08-30,94.27
JR서광3,2025-08-31,94.27
JR서광3,2025-09-01,94.25
JR서광3,2025-09-02,94.22
JR서광3,2025-09-03,94.2
JR서광3,2025-09-04,94.21
JR서광3,2025-09-05,94.17
JR서광3,2025-09-06,94.15
JR서광3,2025-09-07,94.14
JR서광3,2025-09-08,94.11
JR서광3,2025-09-09,94.1
JR서광3,2025-09-10,94.09
JR서광3,2025-09-11,94.08
JR서광3,2025-09-12,94.06
JR서광3,2025-09-13,94.06
JR서광3,2025-09-14,94.02
JR서광3,2025-09-15,93.99
JR서광3,2025-09-16,93.98
JR서광3,2025-09-17,93.98
JR서광3,2025-09-18,93.95
JR서광3,2025-09-19,93.95
JR서광3,2025-09-20,93.95
JR서광3,2025-09-21,93.92
JR서광3,2025-09-22,93.91
JR서광3,2025-09-23,93.91
JR서광3,2025-09-24,93.9
JR서광3,2025-09-25,93.88
JR서광3,2025-09-26,93.87
JR서광3,2025-09-27,93.89
JR서광3,2025-09-28,93.91
JR서광3,2025-09-29,93.89
JR서광3,2025-09-30,93.89
JR서광3,2025-10-01,93.88
JR서광3,2025-10-02,93.87
JR서광3,2025-10-03,93.89
JR서광3,2025-10-04,93.88
JR서광3,2025-10-05,93.86
JR서광3,2025-10-06,93.85
JR서광3,2025-10-07,93.85
JR서광3,2025-10-08,93.86
JR서광3,2025-10-09,93.84
JR서광3,2025-10-10,93.84
JR서광3,2025-10-11,93.86
JR서광3,2025-10-12,93.85
JR서광3,2025-10-13,93.86
JR서광3,2025-10-14,93.86
JR서광3,2025-10-15,93.85
JR서광3,2025-10-16,93.85
JR서광3,2025-10-17,93.84
JR서광3,2025-10-18,93.83
JR서광3,2025-10-19,93.81
JR서광3,2025-10-20,93.79
JR서광3,2025-10-21,93.77
JR서광3,2025-10-22,93.79
JR서광3,2025-10-23,93.78
JR서광3,2025-10-24,93.77
JR서광3,2025-10-25,93.77
JR서광3,2025-10-26,93.76
JR서광3,2025-10-27,93.72
JR서광3,2025-10-28,93.69
JR서광3,2025-10-29,93.68
JR서광3,2025-10-30,93.69
JR서광3,2025-10-31,93.71
JR서광3,2025-11-01,93.68
JR서광3,2025-11-02,93.65
JR서광3,2025-11-03,93.62
JR서광3,2025-11-04,93.63
JR서광3,2025-11-05,93.64
JR서광3,2025-11-06,93.62
JR서광3,2025-11-07,93.6
JR서광3,2025-11-08,93.61
JR서광3,2025-11-09,93.6
JR서광3,2025-11-10,93.56
JR서광3,2025-11-11,93.55
JR서광3,2025-11-12,93.53
JR서광3,2025-11-13,93.53
JR서광3,2025-11-14,93.5
JR서광3,2025-11-15,93.46
JR서광3,2025-11-16,93.46
JR서광3,2025-11-17,93.45
JR서광3,2025-11-18,93.44
JR서광3,2025-11-19,93.43
JR서광3,2025-11-20,93.41
JR서광3,2025-11-21,93.39
JR서광3,2025-11-22,93.38
JR서광3,2025-11-23,93.38
JR서광3,2025-11-24,93.38
JR서광3,2025-11-25,93.36
JR서광3,2025-11-26,93.32
JR서광3,2025-11-27,93.33
JR서광3,2025-11-28,93.3
JR서광3,2025-11-29,93.3
JR서광3,2025-11-30,93.29
JR서광3,2025-12-01,93.26
JR서광3,2025-12-02,93.24
JR서광3,2025-12-03,93.2
JR서광3,2025-12-04,93.19
JR서광3,2025-12-05,93.18
JR서광3,2025-12-06,93.18
JR서광3,2025-12-07,93.16
JR서광3,2025-12-08,93.13
JR서광3,2025-12-09,93.12
JR서광3,2025-12-10,93.12
JR서광3,2025-12-11,93.12
JR서광3,2025-12-12,93.07
JR서광3,2025-12-13,93.1
JR서광3,2025-12-14,93.06
JR서광3,2025-12-15,93.03
JR서광3,2025-12-16,93.03
JR서광3,2025-12-17,93.01
JR서광3,2025-12-18,92.99
JR서광3,2025-12-19,93.0
JR서광3,2025-12-20,92.98
JR서광3,2025-12-21,92.93
JR서광3,2025-12-22,92.92
JR서광3,2025-12-23,92.93
JR서광3,2025-12-24,92.94
JR서광3,2025-12-25,92.89
JR서광3,2025-12-26,92.84
JR서광3,2025-12-27,92.84
JR서광3,2025-12-28,92.84
JR서광3,2025-12-29,92.84
JR서광3,2025-12-30,92.8
JR서광3,2025-12-31,92.78
JR서광3,2026-01-01,92.77
JR서광3,2026-01-02,92.76
JR서광3,2026-01-03,92.73
JR서광3,2026-01-04,92.73
JR서광3,2026-01-05,92.73
JR서광3,2026-01-06,92.71
JR서광3,2026-01-07,92.69
JR서광3,2026-01-08,92.66
JR서광3,2026-01-09,92.66
JR서광3,2026-01-10,92.66
JR서광3,2026-01-11,92.61
JR서광3,2026-01-12,92.63
JR서광3,2026-01-13,92.61
JR서광3,2026-01-14,92.58
JR서광3,2026-01-15,92.59
JR서광3,2026-01-16,92.56
JR서광3,2026-01-17,92.54
JR서광3,2026-01-18,92.53
JR서광3,2026-01-19,92.51
JR서광3,2026-01-20,92.49
JR서광3,2026-01-21,92.47
JR서광3,2026-01-22,92.45
JR서광3,2026-01-23,92.45
JR서광3,2026-01-24,92.44
JR서광3,2026-01-25,92.41
JR서광3,2026-01-26,92.42
JR서광3,2026-01-27,92.39
JR서광3,2026-01-28,92.37
JR서광3,2026-01-29,92.35
JR서광3,2026-01-30,92.34
JR서광3,2026-01-31,92.34
JR서광3,2026-02-01,92.32
JR서광3,2026-02-02,92.3
JR서광3,2026-02-03,92.28
JR서광3,2026-02-04,92.3
JR서광3,2026-02-05,92.29
JR서광3,2026-02-06,92.25
JR서광3,2026-02-07,92.22
JR서광3,2026-02-08,92.18
JR서광3,2026-02-09,92.18
JR서광3,2026-02-10,92.2
JR서광3,2026-02-11,92.17
JR서광3,2026-02-12,92.15
JR서광3,2026-02-13,92.15
JR서광3,2026-02-14,92.15
JR서광3,2026-02-15,92.11
JR서광3,2026-02-16,92.09
JR서광3,2026-02-17,92.08
JR서광3,2026-02-18,92.06
JR서광3,2026-02-19,92.05
JR서광3,2026-02-20,92.05
JR서광3,2026-02-21,92.06
JR서광3,2026-02-22,92.04
JR서광3,2026-02-23,91.97
JR서광3,2026-02-24,92.01
JR서광3,2026-02-25,91.97
JR서광3,2026-02-26,91.98
JR서광3,2026-02-27,91.98
JR서광3,2026-02-28,91.92
JR서광3,2026-03-01,91.93
JR서광3,2026-03-02,91.96
JR서광3,2026-03-03,91.88
JR서광3,2026-03-04,91.87
JR서광3,2026-03-05,91.87
JR서광3,2026-03-06,91.86
JR서광3,2026-03-07,91.83
JR서광3,2026-03-08,91.83
JR서광3,2026-03-09,91.82
JR서광3,2026-03-10,91.82
JR서광3,2026-03-11,91.81
JR서광3,2026-03-12,91.8
JR서광3,2026-03-13,91.77
JR서광3,2026-03-14,91.76
JR서광3,2026-03-15,91.76
JR서광3,2026-03-16,91.76
JR서광3,2026-03-17,91.74
JR서광3,2026-03-18,91.75
JR서광3,2026-03-19,91.71
JR서광3,2026-03-20,91.68
JR서광3,2026-03-21,91.66
JR서광3,2026-03-22,91.68
JR서광3,2026-03-23,91.66
JR서광3,2026-03-24,91.66
JR서광3,2026-03-25,91.65
JR서광3,2026-03-26,91.62
JR서광3,2026-03-27,91.61
JR서광3,2026-03-28,91.6
JR서광3,2026-03-29,91.59
JR서광3,2026-03-30,91.61
JR서광3,2026-03-31,91.58
JR서광3,2026-04-01,91.55
JR서광3,2026-04-02,91.52
JR서광3,2026-04-03,91.54
JR서광3,2026-04-04,91.58
JR서광3,2026-04-05,91.5
JR서광3,2026-04-06,91.5
JR서광3,2026-04-07,91.46
JR서광3,2026-04-08,91.45
JR서광3,2026-04-09,91.51
JR서광3,2026-04-10,91.48
JR서광3,2026-04-11,91.43
JR서광3,2026-04-12,91.43
JR서광3,2026-04-13,91.45
JR서광3,2026-04-14,91.46
JR서광3,2026-04-15,91.45
JR서광3,2026-04-16,91.44
JR서광3,2026-04-17,91.46
JR서광3,2026-04-18,91.46
JR서광3,2026-04-19,91.46
JR서광3,2026-04-20,91.46
JR서광3,2026-04-21,91.44
JR서광3,2026-04-22,91.5
JR서광3,2026-04-23,91.5
JR서광3,2026-04-24,91.46
JR서광3,2026-04-25,91.46
JR서광3,2026-04-26,91.49
JR서광3,2026-04-27,91.48
JR서광3,2026-04-28,91.47
