관측소명,날짜,EL
JR태흥3,2006-01-17,2.2
JR태흥3,2006-01-18,2.21
JR태흥3,2006-01-19,2.22
JR태흥3,2006-01-20,2.25
JR태흥3,2006-01-21,2.24
JR태흥3,2006-01-22,2.2
JR태흥3,2006-01-23,2.17
JR태흥3,2006-01-24,2.14
JR태흥3,2006-01-25,2.11
JR태흥3,2006-01-26,2.1
JR태흥3,2006-01-27,2.09
JR태흥3,2006-01-28,2.12
JR태흥3,2006-01-29,2.16
JR태흥3,2006-01-30,2.19
JR태흥3,2006-01-31,2.2
JR태흥3,2006-02-01,2.22
JR태흥3,2006-02-02,2.2
JR태흥3,2006-02-03,2.17
JR태흥3,2006-02-04,2.11
JR태흥3,2006-02-05,2.07
JR태흥3,2006-02-06,2.09
JR태흥3,2006-02-07,2.12
JR태흥3,2006-02-08,2.07
JR태흥3,2006-02-09,2.04
JR태흥3,2006-02-10,2.04
JR태흥3,2006-02-11,2.04
JR태흥3,2006-02-12,2.06
JR태흥3,2006-02-13,2.07
JR태흥3,2006-02-14,2.08
JR태흥3,2006-02-15,2.11
JR태흥3,2006-02-16,2.15
JR태흥3,2006-02-17,2.13
JR태흥3,2006-02-18,2.07
JR태흥3,2006-02-19,2.03
JR태흥3,2006-02-20,2.03
JR태흥3,2006-02-21,2.03
JR태흥3,2006-02-22,2.03
JR태흥3,2006-02-23,2.01
JR태흥3,2006-02-24,2.01
JR태흥3,2006-02-25,2.02
JR태흥3,2006-02-26,2.05
JR태흥3,2006-02-27,2.04
JR태흥3,2006-02-28,2.05
JR태흥3,2006-03-01,2.06
JR태흥3,2006-03-02,2.05
JR태흥3,2006-03-03,2.04
JR태흥3,2006-03-04,2.04
JR태흥3,2006-03-05,2.04
JR태흥3,2006-03-06,2.03
JR태흥3,2006-03-07,2.02
JR태흥3,2006-03-08,2.0
JR태흥3,2006-03-09,2.0
JR태흥3,2006-03-10,2.0
JR태흥3,2006-03-11,2.0
JR태흥3,2006-03-12,2.0
JR태흥3,2006-03-13,1.98
JR태흥3,2006-03-14,1.96
JR태흥3,2006-03-15,1.95
JR태흥3,2006-03-16,1.97
JR태흥3,2006-03-17,1.99
JR태흥3,2006-03-18,2.03
JR태흥3,2006-03-19,2.05
JR태흥3,2006-03-20,2.02
JR태흥3,2006-03-21,2.0
JR태흥3,2006-03-22,2.03
JR태흥3,2006-03-23,2.05
JR태흥3,2006-03-24,2.03
JR태흥3,2006-03-25,2.03
JR태흥3,2006-03-26,2.03
JR태흥3,2006-03-27,2.04
JR태흥3,2006-03-28,2.07
JR태흥3,2006-03-29,2.06
JR태흥3,2006-03-30,2.06
JR태흥3,2006-03-31,2.08
JR태흥3,2006-04-01,2.11
JR태흥3,2006-04-02,2.15
JR태흥3,2006-04-03,2.14
JR태흥3,2006-04-04,2.17
JR태흥3,2006-04-05,2.22
JR태흥3,2006-04-06,2.21
JR태흥3,2006-04-07,2.18
JR태흥3,2006-04-08,2.15
JR태흥3,2006-04-09,2.16
JR태흥3,2006-04-10,2.3
JR태흥3,2006-04-11,2.58
JR태흥3,2006-04-12,2.73
JR태흥3,2006-04-13,2.79
JR태흥3,2006-04-14,2.79
JR태흥3,2006-04-15,2.78
JR태흥3,2006-04-16,2.74
JR태흥3,2006-04-17,2.73
JR태흥3,2006-04-18,2.8
JR태흥3,2006-04-19,2.84
JR태흥3,2006-04-20,2.81
JR태흥3,2006-04-21,2.74
JR태흥3,2006-04-22,2.71
JR태흥3,2006-04-23,2.7
JR태흥3,2006-04-24,2.67
JR태흥3,2006-04-25,2.63
JR태흥3,2006-04-26,2.61
JR태흥3,2006-04-27,2.62
JR태흥3,2006-04-28,2.61
JR태흥3,2006-04-29,2.61
JR태흥3,2006-04-30,2.63
JR태흥3,2006-05-01,2.63
JR태흥3,2006-05-02,2.63
JR태흥3,2006-05-03,2.63
JR태흥3,2006-05-04,2.56
JR태흥3,2006-05-05,2.49
JR태흥3,2006-05-06,2.49
JR태흥3,2006-05-07,2.54
JR태흥3,2006-05-08,2.57
JR태흥3,2006-05-09,2.59
JR태흥3,2006-05-10,2.61
JR태흥3,2006-05-11,2.62
JR태흥3,2006-05-12,2.65
JR태흥3,2006-05-13,2.67
JR태흥3,2006-05-14,2.66
JR태흥3,2006-05-15,2.66
JR태흥3,2006-05-16,2.66
JR태흥3,2006-05-17,2.68
JR태흥3,2006-05-18,2.7
JR태흥3,2006-05-19,2.75
JR태흥3,2006-05-20,2.81
JR태흥3,2006-05-21,2.85
JR태흥3,2006-05-22,2.87
JR태흥3,2006-05-23,2.88
JR태흥3,2006-05-24,2.88
JR태흥3,2006-05-25,2.89
JR태흥3,2006-05-26,2.94
JR태흥3,2006-05-27,3.0
JR태흥3,2006-05-28,3.02
JR태흥3,2006-05-29,3.04
JR태흥3,2006-05-30,3.04
JR태흥3,2006-05-31,3.02
JR태흥3,2006-06-01,2.99
JR태흥3,2006-06-02,2.98
JR태흥3,2006-06-03,2.97
JR태흥3,2006-06-04,2.97
JR태흥3,2006-06-05,2.94
JR태흥3,2006-06-06,2.93
JR태흥3,2006-06-07,2.93
JR태흥3,2006-06-08,2.96
JR태흥3,2006-06-09,3.01
JR태흥3,2006-06-10,3.03
JR태흥3,2006-06-11,3.04
JR태흥3,2006-06-12,3.01
JR태흥3,2006-06-13,2.98
JR태흥3,2006-06-14,2.99
JR태흥3,2006-06-15,3.02
JR태흥3,2006-06-16,3.05
JR태흥3,2006-06-17,3.08
JR태흥3,2006-06-18,3.09
JR태흥3,2006-06-19,3.07
JR태흥3,2006-06-20,3.05
JR태흥3,2006-06-21,3.05
JR태흥3,2006-06-22,3.08
JR태흥3,2006-06-23,3.1
JR태흥3,2006-06-24,3.14
JR태흥3,2006-06-25,3.19
JR태흥3,2006-06-26,3.22
JR태흥3,2006-06-27,3.24
JR태흥3,2006-06-28,3.25
JR태흥3,2006-06-29,3.26
JR태흥3,2006-06-30,3.28
JR태흥3,2006-07-01,3.36
JR태흥3,2006-07-02,3.48
JR태흥3,2006-07-03,3.67
JR태흥3,2006-07-04,3.93
JR태흥3,2006-07-05,4.29
JR태흥3,2006-07-06,5.09
JR태흥3,2006-07-07,5.44
JR태흥3,2006-07-08,5.72
JR태흥3,2006-07-09,5.95
JR태흥3,2006-07-10,6.14
JR태흥3,2006-07-11,6.44
JR태흥3,2006-07-12,6.89
JR태흥3,2006-07-13,7.46
JR태흥3,2006-07-14,7.9
JR태흥3,2006-07-15,8.08
JR태흥3,2006-07-16,8.06
JR태흥3,2006-07-17,7.96
JR태흥3,2006-07-18,7.81
JR태흥3,2006-07-19,7.66
JR태흥3,2006-07-20,7.51
JR태흥3,2006-07-21,7.37
JR태흥3,2006-07-22,7.25
JR태흥3,2006-07-23,7.14
JR태흥3,2006-07-24,7.04
JR태흥3,2006-07-25,6.93
JR태흥3,2006-07-26,6.82
JR태흥3,2006-07-27,6.7
JR태흥3,2006-07-28,6.59
JR태흥3,2006-07-29,6.47
JR태흥3,2006-07-30,6.36
JR태흥3,2006-07-31,6.26
JR태흥3,2006-08-01,6.15
JR태흥3,2006-08-02,6.05
JR태흥3,2006-08-03,5.95
JR태흥3,2006-08-04,5.84
JR태흥3,2006-08-05,5.75
JR태흥3,2006-08-06,5.68
JR태흥3,2006-08-07,5.61
JR태흥3,2006-08-08,5.55
JR태흥3,2006-08-09,5.5
JR태흥3,2006-08-10,5.45
JR태흥3,2006-08-11,5.41
JR태흥3,2006-08-12,5.36
JR태흥3,2006-08-13,5.32
JR태흥3,2006-08-14,5.27
JR태흥3,2006-08-15,5.23
JR태흥3,2006-08-16,5.19
JR태흥3,2006-08-17,5.15
JR태흥3,2006-08-18,5.13
JR태흥3,2006-08-19,5.1
JR태흥3,2006-08-20,5.06
JR태흥3,2006-08-21,5.0
JR태흥3,2006-08-22,4.91
JR태흥3,2006-08-23,4.8
JR태흥3,2006-08-24,4.68
JR태흥3,2006-08-25,4.53
JR태흥3,2006-08-26,4.38
JR태흥3,2006-08-27,4.25
JR태흥3,2006-08-28,4.14
JR태흥3,2006-08-29,4.1
JR태흥3,2006-08-30,4.08
JR태흥3,2006-08-31,4.08
JR태흥3,2006-09-01,4.1
JR태흥3,2006-09-02,4.12
JR태흥3,2006-09-03,4.2
JR태흥3,2006-09-04,4.36
JR태흥3,2006-09-05,4.52
JR태흥3,2006-09-06,4.7
JR태흥3,2006-09-07,4.87
JR태흥3,2006-09-08,5.03
JR태흥3,2006-09-09,5.13
JR태흥3,2006-09-10,5.19
JR태흥3,2006-09-11,5.24
JR태흥3,2006-09-12,5.28
JR태흥3,2006-09-13,5.32
JR태흥3,2006-09-14,5.34
JR태흥3,2006-09-15,5.35
JR태흥3,2006-09-16,5.37
JR태흥3,2006-09-17,5.42
JR태흥3,2006-09-18,5.51
JR태흥3,2006-09-19,5.59
JR태흥3,2006-09-20,5.66
JR태흥3,2006-09-21,5.73
JR태흥3,2006-09-22,5.82
JR태흥3,2006-09-23,5.91
JR태흥3,2006-09-24,5.97
JR태흥3,2006-09-25,5.99
JR태흥3,2006-09-26,6.0
JR태흥3,2006-09-27,5.99
JR태흥3,2006-09-28,5.97
JR태흥3,2006-09-29,5.93
JR태흥3,2006-09-30,5.88
JR태흥3,2006-10-01,5.83
JR태흥3,2006-10-02,5.78
JR태흥3,2006-10-03,5.73
JR태흥3,2006-10-04,5.68
JR태흥3,2006-10-05,5.64
JR태흥3,2006-10-06,5.62
JR태흥3,2006-10-07,5.59
JR태흥3,2006-10-08,5.55
JR태흥3,2006-10-09,5.51
JR태흥3,2006-10-10,5.46
JR태흥3,2006-10-11,5.41
JR태흥3,2006-10-12,5.34
JR태흥3,2006-10-13,5.28
JR태흥3,2006-10-14,5.22
JR태흥3,2006-10-15,5.15
JR태흥3,2006-10-16,5.07
JR태흥3,2006-10-17,4.95
JR태흥3,2006-10-18,4.83
JR태흥3,2006-10-19,4.72
JR태흥3,2006-10-20,4.6
JR태흥3,2006-10-21,4.47
JR태흥3,2006-10-22,4.34
JR태흥3,2006-10-23,4.21
JR태흥3,2006-10-24,4.1
JR태흥3,2006-10-25,4.05
JR태흥3,2006-10-26,3.97
JR태흥3,2006-10-27,3.89
JR태흥3,2006-10-28,3.81
JR태흥3,2006-10-29,3.75
JR태흥3,2006-10-30,3.69
JR태흥3,2006-10-31,3.65
JR태흥3,2006-11-01,3.61
JR태흥3,2006-11-02,3.6
JR태흥3,2006-11-03,3.58
JR태흥3,2006-11-04,3.58
JR태흥3,2006-11-05,3.58
JR태흥3,2006-11-06,3.58
JR태흥3,2006-11-07,3.55
JR태흥3,2006-11-08,3.52
JR태흥3,2006-11-09,3.49
JR태흥3,2006-11-10,3.46
JR태흥3,2006-11-11,3.43
JR태흥3,2006-11-12,3.37
JR태흥3,2006-11-13,3.34
JR태흥3,2006-11-14,3.32
JR태흥3,2006-11-15,3.28
JR태흥3,2006-11-16,3.24
JR태흥3,2006-11-17,3.23
JR태흥3,2006-11-18,3.23
JR태흥3,2006-11-19,3.26
JR태흥3,2006-11-20,3.26
JR태흥3,2006-11-21,3.25
JR태흥3,2006-11-22,3.25
JR태흥3,2006-11-23,3.27
JR태흥3,2006-11-24,3.28
JR태흥3,2006-11-25,3.26
JR태흥3,2006-11-26,3.24
JR태흥3,2006-11-27,3.24
JR태흥3,2006-11-28,3.23
JR태흥3,2006-11-29,3.19
JR태흥3,2006-11-30,3.14
JR태흥3,2006-12-01,3.11
JR태흥3,2006-12-02,3.08
JR태흥3,2006-12-03,3.06
JR태흥3,2006-12-04,3.04
JR태흥3,2006-12-05,3.02
JR태흥3,2006-12-06,3.0
JR태흥3,2006-12-07,3.01
JR태흥3,2006-12-08,3.02
JR태흥3,2006-12-09,3.03
JR태흥3,2006-12-10,2.98
JR태흥3,2006-12-11,2.94
JR태흥3,2006-12-12,2.92
JR태흥3,2006-12-13,2.9
JR태흥3,2006-12-14,2.88
JR태흥3,2006-12-15,2.86
JR태흥3,2006-12-16,2.85
JR태흥3,2006-12-17,2.82
JR태흥3,2006-12-18,2.79
JR태흥3,2006-12-19,2.77
JR태흥3,2006-12-20,2.76
JR태흥3,2006-12-21,2.75
JR태흥3,2006-12-22,2.75
JR태흥3,2006-12-23,2.74
JR태흥3,2006-12-24,2.74
JR태흥3,2006-12-25,2.75
JR태흥3,2006-12-26,2.77
JR태흥3,2006-12-27,2.78
JR태흥3,2006-12-28,2.74
JR태흥3,2006-12-29,2.69
JR태흥3,2006-12-30,2.67
JR태흥3,2006-12-31,2.66
JR태흥3,2007-01-01,2.65
JR태흥3,2007-01-02,2.64
JR태흥3,2007-01-03,2.65
JR태흥3,2007-01-04,2.67
JR태흥3,2007-01-05,2.68
JR태흥3,2007-01-06,2.68
JR태흥3,2007-01-07,2.62
JR태흥3,2007-01-08,2.6
JR태흥3,2007-01-09,2.6
JR태흥3,2007-01-10,2.57
JR태흥3,2007-01-11,2.53
JR태흥3,2007-01-12,2.48
JR태흥3,2007-01-13,2.45
JR태흥3,2007-01-14,2.43
JR태흥3,2007-01-15,2.43
JR태흥3,2007-01-16,2.45
JR태흥3,2007-01-17,2.47
JR태흥3,2007-01-18,2.48
JR태흥3,2007-01-19,2.48
JR태흥3,2007-01-20,2.49
JR태흥3,2007-01-21,2.5
JR태흥3,2007-01-22,2.49
JR태흥3,2007-01-23,2.48
JR태흥3,2007-01-24,2.45
JR태흥3,2007-01-25,2.43
JR태흥3,2007-01-26,2.41
JR태흥3,2007-01-27,2.38
JR태흥3,2007-01-28,2.36
JR태흥3,2007-01-29,2.33
JR태흥3,2007-01-30,2.32
JR태흥3,2007-01-31,2.31
JR태흥3,2007-02-01,2.3
JR태흥3,2007-02-02,2.28
JR태흥3,2007-02-03,2.27
JR태흥3,2007-02-04,2.26
JR태흥3,2007-02-05,2.28
JR태흥3,2007-02-06,2.28
JR태흥3,2007-02-07,2.27
JR태흥3,2007-02-08,2.28
JR태흥3,2007-02-09,2.27
JR태흥3,2007-02-10,2.27
JR태흥3,2007-02-11,2.25
JR태흥3,2007-02-12,2.25
JR태흥3,2007-02-13,2.27
JR태흥3,2007-02-14,2.3
JR태흥3,2007-02-15,2.28
JR태흥3,2007-02-16,2.29
JR태흥3,2007-02-17,2.35
JR태흥3,2007-02-18,2.4
JR태흥3,2007-02-19,2.41
JR태흥3,2007-02-20,2.41
JR태흥3,2007-02-21,2.39
JR태흥3,2007-02-22,2.38
JR태흥3,2007-02-23,2.36
JR태흥3,2007-02-24,2.33
JR태흥3,2007-02-25,2.32
JR태흥3,2007-02-26,2.32
JR태흥3,2007-02-27,2.31
JR태흥3,2007-02-28,2.29
JR태흥3,2007-03-01,2.3
JR태흥3,2007-03-02,2.3
JR태흥3,2007-03-03,2.3
JR태흥3,2007-03-04,2.33
JR태흥3,2007-03-05,2.38
JR태흥3,2007-03-06,2.34
JR태흥3,2007-03-07,2.31
JR태흥3,2007-03-08,2.3
JR태흥3,2007-03-09,2.28
JR태흥3,2007-03-10,2.28
JR태흥3,2007-03-11,2.26
JR태흥3,2007-03-12,2.23
JR태흥3,2007-03-13,2.21
JR태흥3,2007-03-14,2.23
JR태흥3,2007-03-15,2.27
JR태흥3,2007-03-16,2.32
JR태흥3,2007-03-17,2.33
JR태흥3,2007-03-18,2.31
JR태흥3,2007-03-19,2.32
JR태흥3,2007-03-20,2.33
JR태흥3,2007-03-21,2.32
JR태흥3,2007-03-22,2.31
JR태흥3,2007-03-23,2.3
JR태흥3,2007-03-24,2.32
JR태흥3,2007-03-25,2.35
JR태흥3,2007-03-26,2.35
JR태흥3,2007-03-27,2.37
JR태흥3,2007-03-28,2.37
JR태흥3,2007-03-29,2.36
JR태흥3,2007-03-30,2.37
JR태흥3,2007-03-31,2.39
JR태흥3,2007-04-01,2.4
JR태흥3,2007-04-02,2.4
JR태흥3,2007-04-03,2.35
JR태흥3,2007-04-04,2.3
JR태흥3,2007-04-05,2.26
JR태흥3,2007-04-06,2.24
JR태흥3,2007-04-07,2.22
JR태흥3,2007-04-08,2.22
JR태흥3,2007-04-09,2.21
JR태흥3,2007-04-10,2.2
JR태흥3,2007-04-11,2.19
JR태흥3,2007-04-12,2.18
JR태흥3,2007-04-13,2.18
JR태흥3,2007-04-14,2.18
JR태흥3,2007-04-15,2.22
JR태흥3,2007-04-16,2.28
JR태흥3,2007-04-17,2.3
JR태흥3,2007-04-18,2.31
JR태흥3,2007-04-19,2.31
JR태흥3,2007-04-20,2.3
JR태흥3,2007-04-21,2.3
JR태흥3,2007-04-22,2.31
JR태흥3,2007-04-23,2.32
JR태흥3,2007-04-24,2.31
JR태흥3,2007-04-25,2.27
JR태흥3,2007-04-26,2.23
JR태흥3,2007-04-27,2.21
JR태흥3,2007-04-28,2.18
JR태흥3,2007-04-29,2.15
JR태흥3,2007-04-30,2.16
JR태흥3,2007-05-01,2.21
JR태흥3,2007-05-02,2.22
JR태흥3,2007-05-03,2.21
JR태흥3,2007-05-04,2.23
JR태흥3,2007-05-05,2.25
JR태흥3,2007-05-06,2.3
JR태흥3,2007-05-07,2.33
JR태흥3,2007-05-08,2.31
JR태흥3,2007-05-09,2.3
JR태흥3,2007-05-10,2.28
JR태흥3,2007-05-11,2.25
JR태흥3,2007-05-12,2.25
JR태흥3,2007-05-13,2.24
JR태흥3,2007-05-14,2.23
JR태흥3,2007-05-15,2.24
JR태흥3,2007-05-16,2.27
JR태흥3,2007-05-17,2.31
JR태흥3,2007-05-18,2.34
JR태흥3,2007-05-19,2.36
JR태흥3,2007-05-20,2.35
JR태흥3,2007-05-21,2.33
JR태흥3,2007-05-22,2.3
JR태흥3,2007-05-23,2.28
JR태흥3,2007-05-24,2.29
JR태흥3,2007-05-25,2.32
JR태흥3,2007-05-26,2.32
JR태흥3,2007-05-27,2.32
JR태흥3,2007-05-28,2.35
JR태흥3,2007-05-29,2.35
JR태흥3,2007-05-30,2.34
JR태흥3,2007-05-31,2.33
JR태흥3,2007-06-01,2.35
JR태흥3,2007-06-02,2.39
JR태흥3,2007-06-03,2.42
JR태흥3,2007-06-04,2.42
JR태흥3,2007-06-05,2.4
JR태흥3,2007-06-06,2.38
JR태흥3,2007-06-07,2.37
JR태흥3,2007-06-08,2.36
JR태흥3,2007-06-09,2.34
JR태흥3,2007-06-10,2.33
JR태흥3,2007-06-11,2.32
JR태흥3,2007-06-12,2.31
JR태흥3,2007-06-13,2.33
JR태흥3,2007-06-14,2.37
JR태흥3,2007-06-15,2.42
JR태흥3,2007-06-16,2.47
JR태흥3,2007-06-17,2.48
JR태흥3,2007-06-18,2.45
JR태흥3,2007-06-19,2.4
JR태흥3,2007-06-20,2.38
JR태흥3,2007-06-21,2.36
JR태흥3,2007-06-22,2.35
JR태흥3,2007-06-23,2.34
JR태흥3,2007-06-24,2.33
JR태흥3,2007-06-25,2.32
JR태흥3,2007-06-26,2.32
JR태흥3,2007-06-27,2.32
JR태흥3,2007-06-28,2.32
JR태흥3,2007-06-29,2.32
JR태흥3,2007-06-30,2.32
JR태흥3,2007-07-01,2.35
JR태흥3,2007-07-02,2.37
JR태흥3,2007-07-03,2.39
JR태흥3,2007-07-04,2.43
JR태흥3,2007-07-05,2.5
JR태흥3,2007-07-06,2.56
JR태흥3,2007-07-07,2.71
JR태흥3,2007-07-08,2.93
JR태흥3,2007-07-09,3.11
JR태흥3,2007-07-10,3.48
JR태흥3,2007-07-11,5.03
JR태흥3,2007-07-12,6.24
JR태흥3,2007-07-13,6.92
JR태흥3,2007-07-14,7.13
JR태흥3,2007-07-15,7.11
JR태흥3,2007-07-16,6.97
JR태흥3,2007-07-17,6.75
JR태흥3,2007-07-18,6.5
JR태흥3,2007-07-19,6.27
JR태흥3,2007-07-20,6.05
JR태흥3,2007-07-21,5.83
JR태흥3,2007-07-22,5.63
JR태흥3,2007-07-23,5.46
JR태흥3,2007-07-24,5.3
JR태흥3,2007-07-25,5.15
JR태흥3,2007-07-26,5.0
JR태흥3,2007-07-27,4.84
JR태흥3,2007-07-28,4.58
JR태흥3,2007-07-29,4.3
JR태흥3,2007-07-30,4.05
JR태흥3,2007-07-31,3.72
JR태흥3,2007-08-01,3.4
JR태흥3,2007-08-02,3.26
JR태흥3,2007-08-03,3.19
JR태흥3,2007-08-04,3.14
JR태흥3,2007-08-05,3.08
JR태흥3,2007-08-06,3.03
JR태흥3,2007-08-07,3.03
JR태흥3,2007-08-08,3.02
JR태흥3,2007-08-09,3.01
JR태흥3,2007-08-10,3.01
JR태흥3,2007-08-11,3.05
JR태흥3,2007-08-12,3.13
JR태흥3,2007-08-13,3.19
JR태흥3,2007-08-14,3.29
JR태흥3,2007-08-15,3.36
JR태흥3,2007-08-16,3.5
JR태흥3,2007-08-17,4.12
JR태흥3,2007-08-18,4.73
JR태흥3,2007-08-19,4.97
JR태흥3,2007-08-20,5.08
JR태흥3,2007-08-21,5.11
JR태흥3,2007-08-22,5.08
JR태흥3,2007-08-23,5.04
JR태흥3,2007-08-24,4.97
JR태흥3,2007-08-25,4.89
JR태흥3,2007-08-26,4.81
JR태흥3,2007-08-27,4.72
JR태흥3,2007-08-28,4.65
JR태흥3,2007-08-29,4.58
JR태흥3,2007-08-30,4.56
JR태흥3,2007-08-31,4.59
JR태흥3,2007-09-01,4.62
JR태흥3,2007-09-02,4.62
JR태흥3,2007-09-03,4.6
JR태흥3,2007-09-04,4.58
JR태흥3,2007-09-05,4.57
JR태흥3,2007-09-06,4.6
JR태흥3,2007-09-07,4.67
JR태흥3,2007-09-08,4.77
JR태흥3,2007-09-09,4.91
JR태흥3,2007-09-10,5.11
JR태흥3,2007-09-11,5.28
JR태흥3,2007-09-12,5.36
JR태흥3,2007-09-13,5.37
JR태흥3,2007-09-14,5.35
JR태흥3,2007-09-15,5.33
JR태흥3,2007-09-16,5.45
JR태흥3,2007-09-17,6.16
JR태흥3,2007-09-18,7.7
JR태흥3,2007-09-19,8.99
JR태흥3,2007-09-20,9.22
JR태흥3,2007-09-21,9.14
JR태흥3,2007-09-22,8.97
JR태흥3,2007-09-23,8.75
JR태흥3,2007-09-24,8.53
JR태흥3,2007-09-25,8.34
JR태흥3,2007-09-26,8.18
JR태흥3,2007-09-27,8.06
JR태흥3,2007-09-28,7.94
JR태흥3,2007-09-29,7.84
JR태흥3,2007-09-30,7.75
JR태흥3,2007-10-01,7.63
JR태흥3,2007-10-02,7.52
JR태흥3,2007-10-03,7.42
JR태흥3,2007-10-04,7.32
JR태흥3,2007-10-05,7.22
JR태흥3,2007-10-06,7.15
JR태흥3,2007-10-07,7.08
JR태흥3,2007-10-08,7.0
JR태흥3,2007-10-09,6.93
JR태흥3,2007-10-10,6.85
JR태흥3,2007-10-11,6.79
JR태흥3,2007-10-12,6.72
JR태흥3,2007-10-13,6.65
JR태흥3,2007-10-14,6.59
JR태흥3,2007-10-15,6.52
JR태흥3,2007-10-16,6.46
JR태흥3,2007-10-17,6.39
JR태흥3,2007-10-18,6.33
JR태흥3,2007-10-19,6.29
JR태흥3,2007-10-20,6.23
JR태흥3,2007-10-21,6.15
JR태흥3,2007-10-22,6.07
JR태흥3,2007-10-23,5.99
JR태흥3,2007-10-24,5.92
JR태흥3,2007-10-25,5.86
JR태흥3,2007-10-26,5.81
JR태흥3,2007-10-27,5.77
JR태흥3,2007-10-28,5.75
JR태흥3,2007-10-29,5.7
JR태흥3,2007-10-30,5.66
JR태흥3,2007-10-31,5.61
JR태흥3,2007-11-01,5.57
JR태흥3,2007-11-02,5.51
JR태흥3,2007-11-03,5.45
JR태흥3,2007-11-04,5.39
JR태흥3,2007-11-05,5.32
JR태흥3,2007-11-06,5.27
JR태흥3,2007-11-07,5.23
JR태흥3,2007-11-08,5.19
JR태흥3,2007-11-09,5.16
JR태흥3,2007-11-10,5.13
JR태흥3,2007-11-11,5.1
JR태흥3,2007-11-12,5.06
JR태흥3,2007-11-13,5.01
JR태흥3,2007-11-14,4.98
JR태흥3,2007-11-15,4.94
JR태흥3,2007-11-16,4.89
JR태흥3,2007-11-17,4.85
JR태흥3,2007-11-18,4.79
JR태흥3,2007-11-19,4.75
JR태흥3,2007-11-20,4.69
JR태흥3,2007-11-21,4.62
JR태흥3,2007-11-22,4.52
JR태흥3,2007-11-23,4.41
JR태흥3,2007-11-24,4.31
JR태흥3,2007-11-25,4.2
JR태흥3,2007-11-26,4.05
JR태흥3,2007-11-27,3.93
JR태흥3,2007-11-28,3.83
JR태흥3,2007-11-29,3.75
JR태흥3,2007-11-30,3.66
JR태흥3,2007-12-01,3.55
JR태흥3,2007-12-02,3.46
JR태흥3,2007-12-03,3.38
JR태흥3,2007-12-04,3.3
JR태흥3,2007-12-05,3.24
JR태흥3,2007-12-06,3.2
JR태흥3,2007-12-07,3.18
JR태흥3,2007-12-08,3.16
JR태흥3,2007-12-09,3.16
JR태흥3,2007-12-10,3.16
JR태흥3,2007-12-11,3.17
JR태흥3,2007-12-12,3.18
JR태흥3,2007-12-13,3.17
JR태흥3,2007-12-14,3.15
JR태흥3,2007-12-15,3.12
JR태흥3,2007-12-16,3.08
JR태흥3,2007-12-17,3.05
JR태흥3,2007-12-18,3.01
JR태흥3,2007-12-19,2.97
JR태흥3,2007-12-20,2.96
JR태흥3,2007-12-21,2.95
JR태흥3,2007-12-22,2.97
JR태흥3,2007-12-23,2.99
JR태흥3,2007-12-24,2.96
JR태흥3,2007-12-25,2.96
JR태흥3,2007-12-26,2.96
JR태흥3,2007-12-27,2.96
JR태흥3,2007-12-28,2.95
JR태흥3,2007-12-29,2.94
JR태흥3,2007-12-30,2.92
JR태흥3,2007-12-31,2.88
JR태흥3,2008-01-01,2.83
JR태흥3,2008-01-02,2.78
JR태흥3,2008-01-03,2.74
JR태흥3,2008-01-04,2.71
JR태흥3,2008-01-05,2.69
JR태흥3,2008-01-06,2.67
JR태흥3,2008-01-07,2.67
JR태흥3,2008-01-08,2.67
JR태흥3,2008-01-09,2.67
JR태흥3,2008-01-10,2.67
JR태흥3,2008-01-11,2.67
JR태흥3,2008-01-12,2.68
JR태흥3,2008-01-13,2.65
JR태흥3,2008-01-14,2.6
JR태흥3,2008-01-15,2.56
JR태흥3,2008-01-16,2.53
JR태흥3,2008-01-17,2.48
JR태흥3,2008-01-18,2.46
JR태흥3,2008-01-19,2.45
JR태흥3,2008-01-20,2.47
JR태흥3,2008-01-21,2.51
JR태흥3,2008-01-22,2.56
JR태흥3,2008-01-23,2.58
JR태흥3,2008-01-24,2.56
JR태흥3,2008-01-25,2.54
JR태흥3,2008-01-26,2.54
JR태흥3,2008-01-27,2.53
JR태흥3,2008-01-28,2.52
JR태흥3,2008-01-29,2.52
JR태흥3,2008-01-30,2.51
JR태흥3,2008-01-31,2.48
JR태흥3,2008-02-01,2.45
JR태흥3,2008-02-02,2.45
JR태흥3,2008-02-03,2.46
JR태흥3,2008-02-04,2.46
JR태흥3,2008-02-05,2.45
JR태흥3,2008-02-06,2.46
JR태흥3,2008-02-07,2.46
JR태흥3,2008-02-08,2.47
JR태흥3,2008-02-09,2.47
JR태흥3,2008-02-10,2.45
JR태흥3,2008-02-11,2.45
JR태흥3,2008-02-12,2.43
JR태흥3,2008-02-13,2.39
JR태흥3,2008-02-14,2.36
JR태흥3,2008-02-15,2.34
JR태흥3,2008-02-16,2.32
JR태흥3,2008-02-17,2.31
JR태흥3,2008-02-18,2.29
JR태흥3,2008-02-19,2.27
JR태흥3,2008-02-20,2.27
JR태흥3,2008-02-21,2.29
JR태흥3,2008-02-22,2.33
JR태흥3,2008-02-23,2.36
JR태흥3,2008-02-24,2.35
JR태흥3,2008-02-25,2.36
JR태흥3,2008-02-26,2.37
JR태흥3,2008-02-27,2.32
JR태흥3,2008-02-28,2.3
JR태흥3,2008-02-29,2.29
JR태흥3,2008-03-01,2.28
JR태흥3,2008-03-02,2.3
JR태흥3,2008-03-03,2.31
JR태흥3,2008-03-04,2.3
JR태흥3,2008-03-05,2.29
JR태흥3,2008-03-06,2.28
JR태흥3,2008-03-07,2.28
JR태흥3,2008-03-08,2.27
JR태흥3,2008-03-09,2.28
JR태흥3,2008-03-10,2.27
JR태흥3,2008-03-11,2.28
JR태흥3,2008-03-12,2.3
JR태흥3,2008-03-13,2.31
JR태흥3,2008-03-14,2.3
JR태흥3,2008-03-15,2.28
JR태흥3,2008-03-16,2.27
JR태흥3,2008-03-17,2.26
JR태흥3,2008-03-18,2.27
JR태흥3,2008-03-19,2.31
JR태흥3,2008-03-20,2.35
JR태흥3,2008-03-21,2.36
JR태흥3,2008-03-22,2.36
JR태흥3,2008-03-23,2.39
JR태흥3,2008-03-24,2.39
JR태흥3,2008-03-25,2.38
JR태흥3,2008-03-26,2.38
JR태흥3,2008-03-27,2.39
JR태흥3,2008-03-28,2.39
JR태흥3,2008-03-29,2.38
JR태흥3,2008-03-30,2.37
JR태흥3,2008-03-31,2.35
JR태흥3,2008-04-01,2.31
JR태흥3,2008-04-02,2.3
JR태흥3,2008-04-03,2.3
JR태흥3,2008-04-04,2.31
JR태흥3,2008-04-05,2.32
JR태흥3,2008-04-06,2.35
JR태흥3,2008-04-07,2.39
JR태흥3,2008-04-08,2.41
JR태흥3,2008-04-09,2.47
JR태흥3,2008-04-10,2.56
JR태흥3,2008-04-11,2.6
JR태흥3,2008-04-12,2.58
JR태흥3,2008-04-13,2.56
JR태흥3,2008-04-14,2.53
JR태흥3,2008-04-15,2.51
JR태흥3,2008-04-16,2.51
JR태흥3,2008-04-17,2.52
JR태흥3,2008-04-18,2.52
JR태흥3,2008-04-19,2.5
JR태흥3,2008-04-20,2.48
JR태흥3,2008-04-21,2.49
JR태흥3,2008-04-22,2.5
JR태흥3,2008-04-23,2.5
JR태흥3,2008-04-24,2.48
JR태흥3,2008-04-25,2.46
JR태흥3,2008-04-26,2.46
JR태흥3,2008-04-27,2.44
JR태흥3,2008-04-28,2.43
JR태흥3,2008-04-29,2.41
JR태흥3,2008-04-30,2.38
JR태흥3,2008-05-01,2.38
JR태흥3,2008-05-02,2.4
JR태흥3,2008-05-03,2.41
JR태흥3,2008-05-04,2.45
JR태흥3,2008-05-05,2.49
JR태흥3,2008-05-06,2.5
JR태흥3,2008-05-07,2.51
JR태흥3,2008-05-08,2.52
JR태흥3,2008-05-09,2.54
JR태흥3,2008-05-10,2.57
JR태흥3,2008-05-11,2.57
JR태흥3,2008-05-12,2.55
JR태흥3,2008-05-13,2.52
JR태흥3,2008-05-14,2.47
JR태흥3,2008-05-15,2.43
JR태흥3,2008-05-16,2.43
JR태흥3,2008-05-17,2.44
JR태흥3,2008-05-18,2.46
JR태흥3,2008-05-19,2.5
JR태흥3,2008-05-20,2.51
JR태흥3,2008-05-21,2.5
JR태흥3,2008-05-22,2.49
JR태흥3,2008-05-23,2.49
JR태흥3,2008-05-24,2.51
JR태흥3,2008-05-25,2.53
JR태흥3,2008-05-26,2.52
JR태흥3,2008-05-27,2.52
JR태흥3,2008-05-28,2.54
JR태흥3,2008-05-29,2.63
JR태흥3,2008-05-30,2.72
JR태흥3,2008-05-31,2.76
JR태흥3,2008-06-01,2.76
JR태흥3,2008-06-02,2.78
JR태흥3,2008-06-03,2.82
JR태흥3,2008-06-04,2.85
JR태흥3,2008-06-05,2.86
JR태흥3,2008-06-06,2.85
JR태흥3,2008-06-07,2.83
JR태흥3,2008-06-08,2.82
JR태흥3,2008-06-09,2.8
JR태흥3,2008-06-10,2.77
JR태흥3,2008-06-11,2.76
JR태흥3,2008-06-12,2.76
JR태흥3,2008-06-13,2.73
JR태흥3,2008-06-14,2.7
JR태흥3,2008-06-15,2.72
JR태흥3,2008-06-16,2.75
JR태흥3,2008-06-17,2.75
JR태흥3,2008-06-18,2.81
JR태흥3,2008-06-19,2.95
JR태흥3,2008-06-20,3.08
JR태흥3,2008-06-21,3.22
JR태흥3,2008-06-22,3.51
JR태흥3,2008-06-23,4.24
JR태흥3,2008-06-24,5.25
JR태흥3,2008-06-25,5.84
JR태흥3,2008-06-26,6.16
JR태흥3,2008-06-27,6.22
JR태흥3,2008-06-28,6.17
JR태흥3,2008-06-29,6.06
JR태흥3,2008-06-30,5.93
JR태흥3,2008-07-01,5.81
JR태흥3,2008-07-02,5.72
JR태흥3,2008-07-03,5.67
JR태흥3,2008-07-04,5.64
JR태흥3,2008-07-05,5.62
JR태흥3,2008-07-06,5.62
JR태흥3,2008-07-07,5.59
JR태흥3,2008-07-08,5.55
JR태흥3,2008-07-09,5.49
JR태흥3,2008-07-10,5.42
JR태흥3,2008-07-11,5.36
JR태흥3,2008-07-12,5.3
JR태흥3,2008-07-13,5.24
JR태흥3,2008-07-14,5.17
JR태흥3,2008-07-15,5.08
JR태흥3,2008-07-16,4.96
JR태흥3,2008-07-17,4.79
JR태흥3,2008-07-18,4.63
JR태흥3,2008-07-19,4.51
JR태흥3,2008-07-20,4.39
JR태흥3,2008-07-21,4.23
JR태흥3,2008-07-22,4.03
JR태흥3,2008-07-23,3.85
JR태흥3,2008-07-24,3.73
JR태흥3,2008-07-25,3.65
JR태흥3,2008-07-26,3.59
JR태흥3,2008-07-27,3.55
JR태흥3,2008-07-28,3.49
JR태흥3,2008-07-29,3.45
JR태흥3,2008-07-30,3.44
JR태흥3,2008-07-31,3.42
JR태흥3,2008-08-01,3.4
JR태흥3,2008-08-02,3.38
JR태흥3,2008-08-03,3.37
JR태흥3,2008-08-04,3.36
JR태흥3,2008-08-05,3.35
JR태흥3,2008-08-06,3.3
JR태흥3,2008-08-07,3.27
JR태흥3,2008-08-08,3.27
JR태흥3,2008-08-09,3.26
JR태흥3,2008-08-10,3.25
JR태흥3,2008-08-11,3.27
JR태흥3,2008-08-12,3.27
JR태흥3,2008-08-13,3.25
JR태흥3,2008-08-14,3.25
JR태흥3,2008-08-15,3.29
JR태흥3,2008-08-16,3.34
JR태흥3,2008-08-17,3.37
JR태흥3,2008-08-18,3.38
JR태흥3,2008-08-19,3.36
JR태흥3,2008-08-20,3.35
JR태흥3,2008-08-21,3.37
JR태흥3,2008-08-22,3.38
JR태흥3,2008-08-23,3.36
JR태흥3,2008-08-24,3.33
JR태흥3,2008-08-25,3.32
JR태흥3,2008-08-26,3.3
JR태흥3,2008-08-27,3.3
JR태흥3,2008-08-28,3.29
JR태흥3,2008-08-29,3.28
JR태흥3,2008-08-30,3.28
JR태흥3,2008-08-31,3.29
JR태흥3,2008-09-01,3.29
JR태흥3,2008-09-02,3.28
JR태흥3,2008-09-03,3.26
JR태흥3,2008-09-04,3.25
JR태흥3,2008-09-05,3.23
JR태흥3,2008-09-06,3.18
JR태흥3,2008-09-07,3.14
JR태흥3,2008-09-08,3.09
JR태흥3,2008-09-09,3.05
JR태흥3,2008-09-10,3.03
JR태흥3,2008-09-11,3.0
JR태흥3,2008-09-12,2.99
JR태흥3,2008-09-13,3.0
JR태흥3,2008-09-14,3.0
JR태흥3,2008-09-15,3.01
JR태흥3,2008-09-16,3.03
JR태흥3,2008-09-17,3.04
JR태흥3,2008-09-18,3.06
JR태흥3,2008-09-19,3.05
JR태흥3,2008-09-20,3.04
JR태흥3,2008-09-21,3.03
JR태흥3,2008-09-22,3.02
JR태흥3,2008-09-23,3.03
JR태흥3,2008-09-24,3.03
JR태흥3,2008-09-25,3.04
JR태흥3,2008-09-26,3.02
JR태흥3,2008-09-27,3.01
JR태흥3,2008-09-28,3.01
JR태흥3,2008-09-29,3.02
JR태흥3,2008-09-30,3.04
JR태흥3,2008-10-01,3.05
JR태흥3,2008-10-02,3.06
JR태흥3,2008-10-03,3.04
JR태흥3,2008-10-04,3.01
JR태흥3,2008-10-05,3.0
JR태흥3,2008-10-06,2.99
JR태흥3,2008-10-07,2.95
JR태흥3,2008-10-08,2.92
JR태흥3,2008-10-09,2.9
JR태흥3,2008-10-10,2.87
JR태흥3,2008-10-11,2.85
JR태흥3,2008-10-12,2.85
JR태흥3,2008-10-13,2.86
JR태흥3,2008-10-14,2.86
JR태흥3,2008-10-15,2.86
JR태흥3,2008-10-16,2.86
JR태흥3,2008-10-17,2.87
JR태흥3,2008-10-18,2.87
JR태흥3,2008-10-19,2.87
JR태흥3,2008-10-20,2.85
JR태흥3,2008-10-21,2.84
JR태흥3,2008-10-22,2.85
JR태흥3,2008-10-23,2.87
JR태흥3,2008-10-24,2.86
JR태흥3,2008-10-25,2.84
JR태흥3,2008-10-26,2.82
JR태흥3,2008-10-27,2.81
JR태흥3,2008-10-28,2.8
JR태흥3,2008-10-29,2.8
JR태흥3,2008-10-30,2.81
JR태흥3,2008-10-31,2.81
JR태흥3,2008-11-01,2.79
JR태흥3,2008-11-02,2.78
JR태흥3,2008-11-03,2.77
JR태흥3,2008-11-04,2.75
JR태흥3,2008-11-05,2.73
JR태흥3,2008-11-06,2.71
JR태흥3,2008-11-07,2.71
JR태흥3,2008-11-08,2.71
JR태흥3,2008-11-09,2.72
JR태흥3,2008-11-10,2.72
JR태흥3,2008-11-11,2.73
JR태흥3,2008-11-12,2.75
JR태흥3,2008-11-13,2.75
JR태흥3,2008-11-14,2.76
JR태흥3,2008-11-15,2.78
JR태흥3,2008-11-16,2.8
JR태흥3,2008-11-17,2.8
JR태흥3,2008-11-18,2.78
JR태흥3,2008-11-19,2.74
JR태흥3,2008-11-20,2.69
JR태흥3,2008-11-21,2.63
JR태흥3,2008-11-22,2.6
JR태흥3,2008-11-23,2.59
JR태흥3,2008-11-24,2.62
JR태흥3,2008-11-25,2.63
JR태흥3,2008-11-26,2.62
JR태흥3,2008-11-27,2.62
JR태흥3,2008-11-28,2.61
JR태흥3,2008-11-29,2.61
JR태흥3,2008-11-30,2.6
JR태흥3,2008-12-01,2.61
JR태흥3,2008-12-02,2.61
JR태흥3,2008-12-03,2.6
JR태흥3,2008-12-04,2.6
JR태흥3,2008-12-05,2.57
JR태흥3,2008-12-06,2.52
JR태흥3,2008-12-07,2.49
JR태흥3,2008-12-08,2.49
JR태흥3,2008-12-09,2.51
JR태흥3,2008-12-10,2.53
JR태흥3,2008-12-11,2.55
JR태흥3,2008-12-12,2.57
JR태흥3,2008-12-13,2.59
JR태흥3,2008-12-14,2.6
JR태흥3,2008-12-15,2.59
JR태흥3,2008-12-16,2.59
JR태흥3,2008-12-17,2.59
JR태흥3,2008-12-18,2.57
JR태흥3,2008-12-19,2.53
JR태흥3,2008-12-20,2.52
JR태흥3,2008-12-21,2.52
JR태흥3,2008-12-22,2.49
JR태흥3,2008-12-23,2.44
JR태흥3,2008-12-24,2.42
JR태흥3,2008-12-25,2.41
JR태흥3,2008-12-26,2.4
JR태흥3,2008-12-27,2.4
JR태흥3,2008-12-28,2.41
JR태흥3,2008-12-29,2.42
JR태흥3,2008-12-30,2.43
JR태흥3,2008-12-31,2.49
JR태흥3,2009-01-01,2.4
JR태흥3,2009-01-02,2.38
JR태흥3,2009-01-03,2.37
JR태흥3,2009-01-04,2.36
JR태흥3,2009-01-05,2.37
JR태흥3,2009-01-06,2.36
JR태흥3,2009-01-07,2.37
JR태흥3,2009-01-08,2.39
JR태흥3,2009-01-09,2.41
JR태흥3,2009-01-10,2.41
JR태흥3,2009-01-11,2.42
JR태흥3,2009-01-12,2.42
JR태흥3,2009-01-13,2.4
JR태흥3,2009-01-14,2.38
JR태흥3,2009-01-15,2.34
JR태흥3,2009-01-16,2.31
JR태흥3,2009-01-17,2.28
JR태흥3,2009-01-18,2.29
JR태흥3,2009-01-19,2.27
JR태흥3,2009-01-20,2.27
JR태흥3,2009-01-21,2.29
JR태흥3,2009-01-22,2.29
JR태흥3,2009-01-23,2.28
JR태흥3,2009-01-24,2.24
JR태흥3,2009-01-25,2.22
JR태흥3,2009-01-26,2.23
JR태흥3,2009-01-27,2.23
JR태흥3,2009-01-28,2.24
JR태흥3,2009-01-29,2.25
JR태흥3,2009-01-30,2.28
JR태흥3,2009-01-31,2.33
JR태흥3,2009-02-01,2.33
JR태흥3,2009-02-02,2.29
JR태흥3,2009-02-03,2.26
JR태흥3,2009-02-04,2.27
JR태흥3,2009-02-05,2.27
JR태흥3,2009-02-06,2.25
JR태흥3,2009-02-07,2.26
JR태흥3,2009-02-08,2.27
JR태흥3,2009-02-09,2.3
JR태흥3,2009-02-10,2.31
JR태흥3,2009-02-11,2.33
JR태흥3,2009-02-12,2.35
JR태흥3,2009-02-13,2.4
JR태흥3,2009-02-14,2.4
JR태흥3,2009-02-15,2.4
JR태흥3,2009-02-16,2.36
JR태흥3,2009-02-17,2.29
JR태흥3,2009-02-18,2.24
JR태흥3,2009-02-19,2.22
JR태흥3,2009-02-20,2.25
JR태흥3,2009-02-21,2.24
JR태흥3,2009-02-22,2.26
JR태흥3,2009-02-23,2.34
JR태흥3,2009-02-24,2.42
JR태흥3,2009-02-25,2.45
JR태흥3,2009-02-26,2.47
JR태흥3,2009-02-27,2.48
JR태흥3,2009-02-28,2.47
JR태흥3,2009-03-01,2.45
JR태흥3,2009-03-02,2.41
JR태흥3,2009-03-03,2.4
JR태흥3,2009-03-04,2.38
JR태흥3,2009-03-05,2.39
JR태흥3,2009-03-06,2.41
JR태흥3,2009-03-07,2.38
JR태흥3,2009-03-08,2.35
JR태흥3,2009-03-09,2.35
JR태흥3,2009-03-10,2.35
JR태흥3,2009-03-11,2.36
JR태흥3,2009-03-12,2.37
JR태흥3,2009-03-13,2.45
JR태흥3,2009-03-14,2.53
JR태흥3,2009-03-15,2.57
JR태흥3,2009-03-16,2.59
JR태흥3,2009-03-17,2.61
JR태흥3,2009-03-18,2.64
JR태흥3,2009-03-19,2.67
JR태흥3,2009-03-20,2.69
JR태흥3,2009-03-21,2.71
JR태흥3,2009-03-22,2.74
JR태흥3,2009-03-23,2.77
JR태흥3,2009-03-24,2.79
JR태흥3,2009-03-25,2.8
JR태흥3,2009-03-26,2.79
JR태흥3,2009-03-27,2.79
JR태흥3,2009-03-28,2.81
JR태흥3,2009-03-29,2.82
JR태흥3,2009-03-30,2.84
JR태흥3,2009-03-31,2.83
JR태흥3,2009-04-01,2.79
JR태흥3,2009-04-02,2.74
JR태흥3,2009-04-03,2.73
JR태흥3,2009-04-04,2.73
JR태흥3,2009-04-05,2.73
JR태흥3,2009-04-06,2.72
JR태흥3,2009-04-07,2.72
JR태흥3,2009-04-08,2.72
JR태흥3,2009-04-09,2.72
JR태흥3,2009-04-10,2.7
JR태흥3,2009-04-11,2.68
JR태흥3,2009-04-12,2.68
JR태흥3,2009-04-13,2.7
JR태흥3,2009-04-14,2.75
JR태흥3,2009-04-15,2.8
JR태흥3,2009-04-16,2.79
JR태흥3,2009-04-17,2.75
JR태흥3,2009-04-18,2.72
JR태흥3,2009-04-19,2.69
JR태흥3,2009-04-20,2.71
JR태흥3,2009-04-21,2.76
JR태흥3,2009-04-22,2.76
JR태흥3,2009-04-23,2.77
JR태흥3,2009-04-24,2.81
JR태흥3,2009-04-25,2.86
JR태흥3,2009-04-26,2.87
JR태흥3,2009-04-27,2.88
JR태흥3,2009-04-28,2.89
JR태흥3,2009-04-29,2.87
JR태흥3,2009-04-30,2.84
JR태흥3,2009-05-01,2.81
JR태흥3,2009-05-02,2.79
JR태흥3,2009-05-03,2.78
JR태흥3,2009-05-04,2.78
JR태흥3,2009-05-05,2.78
JR태흥3,2009-05-06,2.79
JR태흥3,2009-05-07,2.81
JR태흥3,2009-05-08,2.83
JR태흥3,2009-05-09,2.85
JR태흥3,2009-05-10,2.85
JR태흥3,2009-05-11,2.86
JR태흥3,2009-05-12,2.87
JR태흥3,2009-05-13,2.86
JR태흥3,2009-05-14,2.84
JR태흥3,2009-05-15,2.83
JR태흥3,2009-05-16,2.83
JR태흥3,2009-05-17,2.81
JR태흥3,2009-05-18,2.78
JR태흥3,2009-05-19,2.75
JR태흥3,2009-05-20,2.75
JR태흥3,2009-05-21,2.8
JR태흥3,2009-05-22,2.8
JR태흥3,2009-05-23,2.79
JR태흥3,2009-05-24,2.81
JR태흥3,2009-05-25,2.83
JR태흥3,2009-05-26,2.84
JR태흥3,2009-05-27,2.85
JR태흥3,2009-05-28,2.87
JR태흥3,2009-05-29,2.9
JR태흥3,2009-05-30,2.91
JR태흥3,2009-05-31,2.89
JR태흥3,2009-06-01,2.86
JR태흥3,2009-06-02,2.85
JR태흥3,2009-06-03,2.85
JR태흥3,2009-06-04,2.86
JR태흥3,2009-06-05,2.87
JR태흥3,2009-06-06,2.88
JR태흥3,2009-06-07,2.87
JR태흥3,2009-06-08,2.83
JR태흥3,2009-06-09,2.82
JR태흥3,2009-06-10,2.83
JR태흥3,2009-06-11,2.83
JR태흥3,2009-06-12,2.85
JR태흥3,2009-06-13,2.86
JR태흥3,2009-06-14,2.85
JR태흥3,2009-06-15,2.83
JR태흥3,2009-06-16,2.79
JR태흥3,2009-06-17,2.75
JR태흥3,2009-06-18,2.73
JR태흥3,2009-06-19,2.73
JR태흥3,2009-06-20,2.73
JR태흥3,2009-06-21,2.75
JR태흥3,2009-06-22,2.79
JR태흥3,2009-06-23,2.84
JR태흥3,2009-06-24,2.85
JR태흥3,2009-06-25,2.83
JR태흥3,2009-06-26,2.8
JR태흥3,2009-06-27,2.78
JR태흥3,2009-06-28,2.76
JR태흥3,2009-06-29,2.76
JR태흥3,2009-06-30,2.76
JR태흥3,2009-07-01,2.81
JR태흥3,2009-07-02,2.9
JR태흥3,2009-07-03,2.94
JR태흥3,2009-07-04,2.96
JR태흥3,2009-07-05,2.97
JR태흥3,2009-07-06,2.96
JR태흥3,2009-07-07,2.97
JR태흥3,2009-07-08,2.97
JR태흥3,2009-07-09,2.98
JR태흥3,2009-07-10,3.0
JR태흥3,2009-07-11,3.02
JR태흥3,2009-07-12,3.01
JR태흥3,2009-07-13,2.97
JR태흥3,2009-07-14,2.94
JR태흥3,2009-07-15,2.94
JR태흥3,2009-07-16,2.93
JR태흥3,2009-07-17,2.93
JR태흥3,2009-07-18,2.94
JR태흥3,2009-07-19,2.96
JR태흥3,2009-07-20,2.99
JR태흥3,2009-07-21,3.02
JR태흥3,2009-07-22,3.05
JR태흥3,2009-07-23,3.08
JR태흥3,2009-07-24,3.13
JR태흥3,2009-07-25,3.27
JR태흥3,2009-07-26,3.38
JR태흥3,2009-07-27,3.47
JR태흥3,2009-07-28,3.58
JR태흥3,2009-07-29,4.03
JR태흥3,2009-07-30,4.58
JR태흥3,2009-07-31,5.12
JR태흥3,2009-08-01,5.42
JR태흥3,2009-08-02,5.6
JR태흥3,2009-08-03,5.69
JR태흥3,2009-08-04,5.72
JR태흥3,2009-08-05,5.68
JR태흥3,2009-08-06,5.62
JR태흥3,2009-08-07,5.54
JR태흥3,2009-08-08,5.45
JR태흥3,2009-08-09,5.36
JR태흥3,2009-08-10,5.29
JR태흥3,2009-08-11,5.2
JR태흥3,2009-08-12,5.06
JR태흥3,2009-08-13,4.86
JR태흥3,2009-08-14,4.68
JR태흥3,2009-08-15,4.51
JR태흥3,2009-08-16,4.34
JR태흥3,2009-08-17,4.16
JR태흥3,2009-08-18,3.93
JR태흥3,2009-08-19,3.77
JR태흥3,2009-08-20,3.69
JR태흥3,2009-08-21,3.64
JR태흥3,2009-08-22,3.62
JR태흥3,2009-08-23,3.61
JR태흥3,2009-08-24,3.57
JR태흥3,2009-08-25,3.53
JR태흥3,2009-08-26,3.5
JR태흥3,2009-08-27,3.47
JR태흥3,2009-08-28,3.48
JR태흥3,2009-08-29,3.51
JR태흥3,2009-08-30,3.56
JR태흥3,2009-08-31,3.65
JR태흥3,2009-09-01,3.75
JR태흥3,2009-09-02,3.85
JR태흥3,2009-09-03,3.98
JR태흥3,2009-09-04,4.32
JR태흥3,2009-09-05,4.71
JR태흥3,2009-09-06,5.02
JR태흥3,2009-09-07,5.23
JR태흥3,2009-09-08,5.31
JR태흥3,2009-09-09,5.35
JR태흥3,2009-09-10,5.34
JR태흥3,2009-09-11,5.31
JR태흥3,2009-09-12,5.27
JR태흥3,2009-09-13,5.21
JR태흥3,2009-09-14,5.13
JR태흥3,2009-09-15,5.02
JR태흥3,2009-09-16,4.91
JR태흥3,2009-09-17,4.8
JR태흥3,2009-09-18,4.71
JR태흥3,2009-09-19,4.64
JR태흥3,2009-09-20,4.58
JR태흥3,2009-09-21,4.51
JR태흥3,2009-09-22,4.39
JR태흥3,2009-09-23,4.28
JR태흥3,2009-09-24,4.14
JR태흥3,2009-09-25,4.02
JR태흥3,2009-09-26,3.93
JR태흥3,2009-09-27,3.88
JR태흥3,2009-09-28,3.83
JR태흥3,2009-09-29,3.77
JR태흥3,2009-09-30,3.75
JR태흥3,2009-10-01,3.76
JR태흥3,2009-10-02,3.78
JR태흥3,2009-10-03,3.86
JR태흥3,2009-10-04,3.94
JR태흥3,2009-10-05,3.98
JR태흥3,2009-10-06,4.03
JR태흥3,2009-10-07,4.15
JR태흥3,2009-10-08,4.39
JR태흥3,2009-10-09,4.55
JR태흥3,2009-10-10,4.6
JR태흥3,2009-10-11,4.59
JR태흥3,2009-10-12,4.53
JR태흥3,2009-10-13,4.44
JR태흥3,2009-10-14,4.36
JR태흥3,2009-10-15,4.26
JR태흥3,2009-10-16,4.15
JR태흥3,2009-10-17,4.04
JR태흥3,2009-10-18,3.94
JR태흥3,2009-10-19,3.87
JR태흥3,2009-10-20,3.78
JR태흥3,2009-10-21,3.69
JR태흥3,2009-10-22,3.61
JR태흥3,2009-10-23,3.54
JR태흥3,2009-10-24,3.5
JR태흥3,2009-10-25,3.49
JR태흥3,2009-10-26,3.47
JR태흥3,2009-10-27,3.43
JR태흥3,2009-10-28,3.39
JR태흥3,2009-10-29,3.38
JR태흥3,2009-10-30,3.35
JR태흥3,2009-10-31,3.34
JR태흥3,2009-11-01,3.32
JR태흥3,2009-11-02,3.31
JR태흥3,2009-11-03,3.27
JR태흥3,2009-11-04,3.24
JR태흥3,2009-11-05,3.22
JR태흥3,2009-11-06,3.22
JR태흥3,2009-11-07,3.23
JR태흥3,2009-11-08,3.24
JR태흥3,2009-11-09,3.26
JR태흥3,2009-11-10,3.28
JR태흥3,2009-11-11,3.33
JR태흥3,2009-11-12,3.39
JR태흥3,2009-11-13,3.37
JR태흥3,2009-11-14,3.33
JR태흥3,2009-11-15,3.29
JR태흥3,2009-11-16,3.28
JR태흥3,2009-11-17,3.27
JR태흥3,2009-11-18,3.23
JR태흥3,2009-11-19,3.19
JR태흥3,2009-11-20,3.15
JR태흥3,2009-11-21,3.11
JR태흥3,2009-11-22,3.08
JR태흥3,2009-11-23,3.06
JR태흥3,2009-11-24,3.07
JR태흥3,2009-11-25,3.07
JR태흥3,2009-11-26,3.06
JR태흥3,2009-11-27,3.05
JR태흥3,2009-11-28,3.04
JR태흥3,2009-11-29,3.04
JR태흥3,2009-11-30,3.04
JR태흥3,2009-12-01,3.03
JR태흥3,2009-12-02,3.04
JR태흥3,2009-12-03,3.05
JR태흥3,2009-12-04,3.06
JR태흥3,2009-12-05,3.08
JR태흥3,2009-12-06,3.05
JR태흥3,2009-12-07,3.02
JR태흥3,2009-12-08,2.99
JR태흥3,2009-12-09,2.97
JR태흥3,2009-12-10,2.96
JR태흥3,2009-12-11,2.95
JR태흥3,2009-12-12,2.93
JR태흥3,2009-12-13,2.91
JR태흥3,2009-12-14,2.9
JR태흥3,2009-12-15,2.88
JR태흥3,2009-12-16,2.86
JR태흥3,2009-12-17,2.84
JR태흥3,2009-12-18,2.82
JR태흥3,2009-12-19,2.79
JR태흥3,2009-12-20,2.78
JR태흥3,2009-12-21,2.76
JR태흥3,2009-12-22,2.75
JR태흥3,2009-12-23,2.73
JR태흥3,2009-12-24,2.72
JR태흥3,2009-12-25,2.72
JR태흥3,2009-12-26,2.7
JR태흥3,2009-12-27,2.68
JR태흥3,2009-12-28,2.68
JR태흥3,2009-12-29,2.68
JR태흥3,2009-12-30,2.69
JR태흥3,2009-12-31,2.67
JR태흥3,2010-01-01,2.66
JR태흥3,2010-01-02,2.67
JR태흥3,2010-01-03,2.68
JR태흥3,2010-01-04,2.69
JR태흥3,2010-01-05,2.67
JR태흥3,2010-01-06,2.64
JR태흥3,2010-01-07,2.6
JR태흥3,2010-01-08,2.57
JR태흥3,2010-01-09,2.55
JR태흥3,2010-01-10,2.53
JR태흥3,2010-01-11,2.53
JR태흥3,2010-01-12,2.52
JR태흥3,2010-01-13,2.51
JR태흥3,2010-01-14,2.49
JR태흥3,2010-01-15,2.49
JR태흥3,2010-01-16,2.48
JR태흥3,2010-01-17,2.47
JR태흥3,2010-01-18,2.45
JR태흥3,2010-01-19,2.44
JR태흥3,2010-01-20,2.43
JR태흥3,2010-01-21,2.43
JR태흥3,2010-01-22,2.39
JR태흥3,2010-01-23,2.36
JR태흥3,2010-01-24,2.35
JR태흥3,2010-01-25,2.34
JR태흥3,2010-01-26,2.33
JR태흥3,2010-01-27,2.32
JR태흥3,2010-01-28,2.34
JR태흥3,2010-01-29,2.36
JR태흥3,2010-01-30,2.39
JR태흥3,2010-01-31,2.43
JR태흥3,2010-02-01,2.47
JR태흥3,2010-02-02,2.49
JR태흥3,2010-02-03,2.47
JR태흥3,2010-02-04,2.44
JR태흥3,2010-02-05,2.41
JR태흥3,2010-02-06,2.37
JR태흥3,2010-02-07,2.36
JR태흥3,2010-02-08,2.38
JR태흥3,2010-02-09,2.39
JR태흥3,2010-02-10,2.42
JR태흥3,2010-02-11,2.45
JR태흥3,2010-02-12,2.46
JR태흥3,2010-02-13,2.44
JR태흥3,2010-02-14,2.41
JR태흥3,2010-02-15,2.42
JR태흥3,2010-02-16,2.41
JR태흥3,2010-02-17,2.4
JR태흥3,2010-02-18,2.38
JR태흥3,2010-02-19,2.35
JR태흥3,2010-02-20,2.34
JR태흥3,2010-02-21,2.34
JR태흥3,2010-02-22,2.35
JR태흥3,2010-02-23,2.35
JR태흥3,2010-02-24,2.36
JR태흥3,2010-02-25,2.4
JR태흥3,2010-02-26,2.44
JR태흥3,2010-02-27,2.48
JR태흥3,2010-02-28,2.49
JR태흥3,2010-03-01,2.49
JR태흥3,2010-03-02,2.52
JR태흥3,2010-03-03,2.51
JR태흥3,2010-03-04,2.53
JR태흥3,2010-03-05,2.54
JR태흥3,2010-03-06,2.53
JR태흥3,2010-03-07,2.54
JR태흥3,2010-03-08,2.54
JR태흥3,2010-03-09,2.51
JR태흥3,2010-03-10,2.45
JR태흥3,2010-03-11,2.38
JR태흥3,2010-03-12,2.37
JR태흥3,2010-03-13,2.36
JR태흥3,2010-03-14,2.34
JR태흥3,2010-03-15,2.38
JR태흥3,2010-03-16,2.47
JR태흥3,2010-03-17,2.52
JR태흥3,2010-03-18,2.57
JR태흥3,2010-03-19,2.6
JR태흥3,2010-03-20,2.64
JR태흥3,2010-03-21,2.65
JR태흥3,2010-03-22,2.66
JR태흥3,2010-03-23,2.7
JR태흥3,2010-03-24,2.73
JR태흥3,2010-03-25,2.75
JR태흥3,2010-03-26,2.7
JR태흥3,2010-03-27,2.67
JR태흥3,2010-03-28,2.65
JR태흥3,2010-03-29,2.65
JR태흥3,2010-03-30,2.66
JR태흥3,2010-03-31,2.69
JR태흥3,2010-04-01,2.78
JR태흥3,2010-04-02,2.92
JR태흥3,2010-04-03,3.06
JR태흥3,2010-04-04,3.13
JR태흥3,2010-04-05,3.19
JR태흥3,2010-04-06,3.32
JR태흥3,2010-04-07,3.74
JR태흥3,2010-04-08,4.05
JR태흥3,2010-04-09,4.23
JR태흥3,2010-04-10,4.32
JR태흥3,2010-04-11,4.35
JR태흥3,2010-04-12,4.37
JR태흥3,2010-04-13,4.34
JR태흥3,2010-04-14,4.22
JR태흥3,2010-04-15,4.06
JR태흥3,2010-04-16,3.91
JR태흥3,2010-04-17,3.74
JR태흥3,2010-04-18,3.51
JR태흥3,2010-04-19,3.44
JR태흥3,2010-04-20,3.47
JR태흥3,2010-04-21,3.57
JR태흥3,2010-04-22,3.68
JR태흥3,2010-04-23,3.82
JR태흥3,2010-04-24,4.03
JR태흥3,2010-04-25,4.36
JR태흥3,2010-04-26,4.7
JR태흥3,2010-04-27,5.07
JR태흥3,2010-04-28,5.36
JR태흥3,2010-04-29,5.48
JR태흥3,2010-04-30,5.53
JR태흥3,2010-05-01,5.54
JR태흥3,2010-05-02,5.53
JR태흥3,2010-05-03,5.51
JR태흥3,2010-05-04,5.47
JR태흥3,2010-05-05,5.44
JR태흥3,2010-05-06,5.42
JR태흥3,2010-05-07,5.39
JR태흥3,2010-05-08,5.34
JR태흥3,2010-05-09,5.29
JR태흥3,2010-05-10,5.19
JR태흥3,2010-05-11,5.04
JR태흥3,2010-05-12,4.91
JR태흥3,2010-05-13,4.79
JR태흥3,2010-05-14,4.68
JR태흥3,2010-05-15,4.58
JR태흥3,2010-05-16,4.47
JR태흥3,2010-05-17,4.34
JR태흥3,2010-05-18,4.21
JR태흥3,2010-05-19,4.12
JR태흥3,2010-05-20,4.06
JR태흥3,2010-05-21,3.98
JR태흥3,2010-05-22,3.95
JR태흥3,2010-05-23,3.99
JR태흥3,2010-05-24,4.09
JR태흥3,2010-05-25,4.21
JR태흥3,2010-05-26,4.32
JR태흥3,2010-05-27,4.38
JR태흥3,2010-05-28,4.41
JR태흥3,2010-05-29,4.42
JR태흥3,2010-05-30,4.43
JR태흥3,2010-05-31,4.42
JR태흥3,2010-06-01,4.4
JR태흥3,2010-06-02,4.34
JR태흥3,2010-06-03,4.26
JR태흥3,2010-06-04,4.15
JR태흥3,2010-06-05,4.03
JR태흥3,2010-06-06,3.91
JR태흥3,2010-06-07,3.83
JR태흥3,2010-06-08,3.79
JR태흥3,2010-06-09,3.74
JR태흥3,2010-06-10,3.7
JR태흥3,2010-06-11,3.7
JR태흥3,2010-06-12,3.72
JR태흥3,2010-06-13,3.74
JR태흥3,2010-06-14,3.73
JR태흥3,2010-06-15,3.74
JR태흥3,2010-06-16,3.74
JR태흥3,2010-06-17,3.72
JR태흥3,2010-06-18,3.72
JR태흥3,2010-06-19,3.7
JR태흥3,2010-06-20,3.66
JR태흥3,2010-06-21,3.62
JR태흥3,2010-06-22,3.58
JR태흥3,2010-06-23,3.56
JR태흥3,2010-06-24,3.55
JR태흥3,2010-06-25,3.55
JR태흥3,2010-06-26,3.59
JR태흥3,2010-06-27,3.61
JR태흥3,2010-06-28,3.66
JR태흥3,2010-06-29,3.89
JR태흥3,2010-06-30,4.18
JR태흥3,2010-07-01,4.86
JR태흥3,2010-07-02,5.5
JR태흥3,2010-07-03,5.93
JR태흥3,2010-07-04,6.21
JR태흥3,2010-07-05,6.35
JR태흥3,2010-07-06,6.37
JR태흥3,2010-07-07,6.31
JR태흥3,2010-07-08,6.21
JR태흥3,2010-07-09,6.1
JR태흥3,2010-07-10,6.0
JR태흥3,2010-07-11,5.92
JR태흥3,2010-07-12,5.85
JR태흥3,2010-07-13,5.81
JR태흥3,2010-07-14,5.83
JR태흥3,2010-07-15,6.03
JR태흥3,2010-07-16,6.33
JR태흥3,2010-07-17,6.74
JR태흥3,2010-07-18,7.06
JR태흥3,2010-07-19,7.2
JR태흥3,2010-07-20,7.23
JR태흥3,2010-07-21,7.17
JR태흥3,2010-07-22,7.08
JR태흥3,2010-07-23,6.95
JR태흥3,2010-07-24,6.82
JR태흥3,2010-07-25,6.7
JR태흥3,2010-07-26,6.59
JR태흥3,2010-07-27,6.49
JR태흥3,2010-07-28,6.42
JR태흥3,2010-07-29,6.36
JR태흥3,2010-07-30,6.31
JR태흥3,2010-07-31,6.26
JR태흥3,2010-08-01,6.21
JR태흥3,2010-08-02,6.17
JR태흥3,2010-08-03,6.12
JR태흥3,2010-08-04,6.08
JR태흥3,2010-08-05,6.03
JR태흥3,2010-08-06,5.97
JR태흥3,2010-08-07,5.9
JR태흥3,2010-08-08,5.85
JR태흥3,2010-08-09,5.81
JR태흥3,2010-08-10,5.79
JR태흥3,2010-08-11,5.79
JR태흥3,2010-08-12,5.78
JR태흥3,2010-08-13,5.78
JR태흥3,2010-08-14,5.77
JR태흥3,2010-08-15,5.76
JR태흥3,2010-08-16,5.75
JR태흥3,2010-08-17,5.74
JR태흥3,2010-08-18,5.71
JR태흥3,2010-08-19,5.69
JR태흥3,2010-09-11,7.53
JR태흥3,2010-09-12,7.52
JR태흥3,2010-09-13,7.5
JR태흥3,2010-09-14,7.47
JR태흥3,2010-09-15,7.43
JR태흥3,2010-09-16,7.38
JR태흥3,2010-09-17,7.33
JR태흥3,2010-09-18,7.27
JR태흥3,2010-09-19,7.21
JR태흥3,2010-09-20,7.15
JR태흥3,2010-09-21,7.09
JR태흥3,2010-09-22,7.03
JR태흥3,2010-09-23,6.97
JR태흥3,2010-09-24,6.91
JR태흥3,2010-09-25,6.85
JR태흥3,2010-09-26,6.79
JR태흥3,2010-09-27,6.74
JR태흥3,2010-09-28,6.69
JR태흥3,2010-09-29,6.63
JR태흥3,2010-09-30,6.57
JR태흥3,2010-10-01,6.5
JR태흥3,2010-10-02,6.45
JR태흥3,2010-10-03,6.39
JR태흥3,2010-10-04,6.34
JR태흥3,2010-10-05,6.29
JR태흥3,2010-10-06,6.24
JR태흥3,2010-10-07,6.18
JR태흥3,2010-10-08,6.14
JR태흥3,2010-10-09,6.1
JR태흥3,2010-10-10,6.07
JR태흥3,2010-10-11,6.02
JR태흥3,2010-10-12,5.98
JR태흥3,2010-10-13,5.93
JR태흥3,2010-10-14,5.88
JR태흥3,2010-10-15,5.82
JR태흥3,2010-10-16,5.76
JR태흥3,2010-10-17,5.69
JR태흥3,2010-10-18,5.62
JR태흥3,2010-10-19,5.56
JR태흥3,2010-10-20,5.5
JR태흥3,2010-10-21,5.46
JR태흥3,2010-10-22,5.42
JR태흥3,2010-10-23,5.39
JR태흥3,2010-10-24,5.37
JR태흥3,2010-10-25,5.35
JR태흥3,2010-10-26,5.33
JR태흥3,2010-10-27,5.29
JR태흥3,2010-10-28,5.26
JR태흥3,2010-10-29,5.21
JR태흥3,2010-10-30,5.17
JR태흥3,2010-10-31,5.14
JR태흥3,2010-11-01,5.09
JR태흥3,2010-11-02,5.05
JR태흥3,2010-11-03,5.01
JR태흥3,2010-11-04,4.96
JR태흥3,2010-11-05,4.89
JR태흥3,2010-11-06,4.86
JR태흥3,2010-11-07,4.82
JR태흥3,2010-11-08,4.79
JR태흥3,2010-11-09,4.75
JR태흥3,2010-11-10,4.7
JR태흥3,2010-11-11,4.64
JR태흥3,2010-11-12,4.52
JR태흥3,2010-11-13,4.4
JR태흥3,2010-11-14,4.27
JR태흥3,2010-11-15,4.11
JR태흥3,2010-11-16,3.9
JR태흥3,2010-11-17,3.69
JR태흥3,2010-11-18,3.55
JR태흥3,2010-11-19,3.47
JR태흥3,2010-11-20,3.43
JR태흥3,2010-11-21,3.4
JR태흥3,2010-11-22,3.39
JR태흥3,2010-11-23,3.37
JR태흥3,2010-11-24,3.36
JR태흥3,2010-11-25,3.33
JR태흥3,2010-11-26,3.28
JR태흥3,2010-11-27,3.26
JR태흥3,2010-11-28,3.2
JR태흥3,2010-11-29,3.14
JR태흥3,2010-11-30,3.1
JR태흥3,2010-12-01,3.06
JR태흥3,2010-12-02,3.07
JR태흥3,2010-12-03,3.07
JR태흥3,2010-12-04,3.03
JR태흥3,2010-12-05,3.02
JR태흥3,2010-12-06,3.01
JR태흥3,2010-12-07,2.99
JR태흥3,2010-12-08,2.97
JR태흥3,2010-12-09,2.96
JR태흥3,2010-12-10,2.94
JR태흥3,2010-12-11,2.92
JR태흥3,2010-12-12,2.87
JR태흥3,2010-12-13,2.87
JR태흥3,2010-12-14,2.85
JR태흥3,2010-12-15,2.8
JR태흥3,2010-12-16,2.75
JR태흥3,2010-12-17,2.73
JR태흥3,2010-12-18,2.72
JR태흥3,2010-12-19,2.72
JR태흥3,2010-12-20,2.71
JR태흥3,2010-12-21,2.71
JR태흥3,2010-12-22,2.72
JR태흥3,2010-12-23,2.72
JR태흥3,2010-12-24,2.71
JR태흥3,2010-12-25,2.67
JR태흥3,2010-12-26,2.62
JR태흥3,2010-12-27,2.59
JR태흥3,2010-12-28,2.58
JR태흥3,2010-12-29,2.54
JR태흥3,2010-12-30,2.52
JR태흥3,2010-12-31,2.48
JR태흥3,2011-01-01,2.45
JR태흥3,2011-01-02,2.46
JR태흥3,2011-01-03,2.46
JR태흥3,2011-01-04,2.45
JR태흥3,2011-01-05,2.44
JR태흥3,2011-01-06,2.44
JR태흥3,2011-01-07,2.43
JR태흥3,2011-01-08,2.42
JR태흥3,2011-01-09,2.41
JR태흥3,2011-01-10,2.39
JR태흥3,2011-01-11,2.37
JR태흥3,2011-01-12,2.34
JR태흥3,2011-01-13,2.31
JR태흥3,2011-01-14,2.29
JR태흥3,2011-01-15,2.27
JR태흥3,2011-01-16,2.23
JR태흥3,2011-01-17,2.2
JR태흥3,2011-01-18,2.2
JR태흥3,2011-01-19,2.21
JR태흥3,2011-01-20,2.21
JR태흥3,2011-01-21,2.22
JR태흥3,2011-01-22,2.24
JR태흥3,2011-01-23,2.24
JR태흥3,2011-01-24,2.23
JR태흥3,2011-01-25,2.21
JR태흥3,2011-01-26,2.18
JR태흥3,2011-01-27,2.14
JR태흥3,2011-01-28,2.11
JR태흥3,2011-01-29,2.08
JR태흥3,2011-01-30,2.06
JR태흥3,2011-01-31,2.04
JR태흥3,2011-02-01,2.03
JR태흥3,2011-02-02,2.04
JR태흥3,2011-02-03,2.05
JR태흥3,2011-02-04,2.06
JR태흥3,2011-02-05,2.07
JR태흥3,2011-02-06,2.09
JR태흥3,2011-02-07,2.09
JR태흥3,2011-02-08,2.11
JR태흥3,2011-02-09,2.12
JR태흥3,2011-02-10,2.11
JR태흥3,2011-02-11,2.08
JR태흥3,2011-02-12,2.04
JR태흥3,2011-02-13,2.0
JR태흥3,2011-02-14,1.99
JR태흥3,2011-02-15,1.98
JR태흥3,2011-02-16,1.98
JR태흥3,2011-02-17,1.99
JR태흥3,2011-02-18,2.01
JR태흥3,2011-02-19,2.02
JR태흥3,2011-02-20,2.03
JR태흥3,2011-02-21,2.03
JR태흥3,2011-02-22,2.02
JR태흥3,2011-02-23,1.99
JR태흥3,2011-02-24,1.97
JR태흥3,2011-02-25,1.96
JR태흥3,2011-02-26,1.94
JR태흥3,2011-02-27,1.94
JR태흥3,2011-02-28,1.94
JR태흥3,2011-03-01,1.95
JR태흥3,2011-03-02,1.92
JR태흥3,2011-03-03,1.9
JR태흥3,2011-03-04,1.89
JR태흥3,2011-03-05,1.87
JR태흥3,2011-03-06,1.87
JR태흥3,2011-03-07,1.88
JR태흥3,2011-03-08,1.86
JR태흥3,2011-03-09,1.84
JR태흥3,2011-03-10,1.81
JR태흥3,2011-03-11,1.79
JR태흥3,2011-03-12,1.77
JR태흥3,2011-03-13,1.77
JR태흥3,2011-03-14,1.76
JR태흥3,2011-03-15,1.77
JR태흥3,2011-03-16,1.73
JR태흥3,2011-03-17,1.7
JR태흥3,2011-03-18,1.7
JR태흥3,2011-03-19,1.72
JR태흥3,2011-03-20,1.75
JR태흥3,2011-03-21,1.81
JR태흥3,2011-03-22,1.84
JR태흥3,2011-03-23,1.81
JR태흥3,2011-03-24,1.77
JR태흥3,2011-03-25,1.74
JR태흥3,2011-03-26,1.7
JR태흥3,2011-03-27,1.68
JR태흥3,2011-03-28,1.65
JR태흥3,2011-03-29,1.64
JR태흥3,2011-03-30,1.63
JR태흥3,2011-03-31,1.62
JR태흥3,2011-04-01,1.62
JR태흥3,2011-04-02,1.62
JR태흥3,2011-04-03,1.64
JR태흥3,2011-04-04,1.66
JR태흥3,2011-04-05,1.68
JR태흥3,2011-04-06,1.66
JR태흥3,2011-04-07,1.64
JR태흥3,2011-04-08,1.65
JR태흥3,2011-04-09,1.66
JR태흥3,2011-04-10,1.65
JR태흥3,2011-04-11,1.64
JR태흥3,2011-04-12,1.63
JR태흥3,2011-04-13,1.62
JR태흥3,2011-04-14,1.61
JR태흥3,2011-04-15,1.64
JR태흥3,2011-04-16,1.68
JR태흥3,2011-04-17,1.73
JR태흥3,2011-04-18,1.76
JR태흥3,2011-04-19,1.75
JR태흥3,2011-04-20,1.74
JR태흥3,2011-04-21,1.73
JR태흥3,2011-04-22,1.74
JR태흥3,2011-04-23,1.74
JR태흥3,2011-04-24,1.72
JR태흥3,2011-04-25,1.7
JR태흥3,2011-04-26,1.7
JR태흥3,2011-04-27,1.71
JR태흥3,2011-04-28,1.7
JR태흥3,2011-04-29,1.68
JR태흥3,2011-04-30,1.68
JR태흥3,2011-05-01,1.69
JR태흥3,2011-05-02,1.69
JR태흥3,2011-05-03,1.7
JR태흥3,2011-05-04,1.7
JR태흥3,2011-05-05,1.7
JR태흥3,2011-05-06,1.71
JR태흥3,2011-05-07,1.72
JR태흥3,2011-05-08,1.71
JR태흥3,2011-05-09,1.71
JR태흥3,2011-05-10,1.71
JR태흥3,2011-05-11,1.74
JR태흥3,2011-05-12,1.78
JR태흥3,2011-05-13,1.78
JR태흥3,2011-05-14,1.75
JR태흥3,2011-05-15,1.75
JR태흥3,2011-05-16,1.74
JR태흥3,2011-05-17,1.73
JR태흥3,2011-05-18,1.73
JR태흥3,2011-05-19,1.74
JR태흥3,2011-05-20,1.75
JR태흥3,2011-05-21,1.76
JR태흥3,2011-05-22,1.77
JR태흥3,2011-05-23,1.78
JR태흥3,2011-05-24,1.81
JR태흥3,2011-05-25,1.81
JR태흥3,2011-05-26,1.81
JR태흥3,2011-05-27,1.82
JR태흥3,2011-05-28,1.82
JR태흥3,2011-05-29,1.83
JR태흥3,2011-05-30,1.84
JR태흥3,2011-05-31,1.83
JR태흥3,2011-06-01,1.84
JR태흥3,2011-06-02,1.84
JR태흥3,2011-06-03,1.83
JR태흥3,2011-06-04,1.82
JR태흥3,2011-06-05,1.83
JR태흥3,2011-06-06,1.85
JR태흥3,2011-06-07,1.86
JR태흥3,2011-06-08,1.86
JR태흥3,2011-06-09,1.85
JR태흥3,2011-06-10,1.84
JR태흥3,2011-06-11,1.88
JR태흥3,2011-06-12,1.94
JR태흥3,2011-06-13,1.98
JR태흥3,2011-06-14,1.99
JR태흥3,2011-06-15,2.02
JR태흥3,2011-06-16,2.06
JR태흥3,2011-06-17,2.15
JR태흥3,2011-06-18,2.19
JR태흥3,2011-06-19,2.23
JR태흥3,2011-06-20,2.26
JR태흥3,2011-06-21,2.24
JR태흥3,2011-06-22,2.28
JR태흥3,2011-06-23,2.51
JR태흥3,2011-06-24,2.72
JR태흥3,2011-06-25,3.12
JR태흥3,2011-06-26,3.77
JR태흥3,2011-06-27,4.55
JR태흥3,2011-06-28,5.09
JR태흥3,2011-06-29,5.24
JR태흥3,2011-06-30,5.28
JR태흥3,2011-07-01,5.3
JR태흥3,2011-07-02,5.33
JR태흥3,2011-07-03,5.36
JR태흥3,2011-07-04,5.4
JR태흥3,2011-07-05,5.4
JR태흥3,2011-07-06,5.39
JR태흥3,2011-07-07,5.36
JR태흥3,2011-07-08,5.3
JR태흥3,2011-07-09,5.22
JR태흥3,2011-07-10,5.14
JR태흥3,2011-07-11,5.04
JR태흥3,2011-07-12,4.95
JR태흥3,2011-07-13,4.87
JR태흥3,2011-07-14,4.78
JR태흥3,2011-07-15,4.71
JR태흥3,2011-07-16,4.61
JR태흥3,2011-07-17,4.47
JR태흥3,2011-07-18,4.32
JR태흥3,2011-07-19,4.2
JR태흥3,2011-07-20,4.07
JR태흥3,2011-07-21,3.89
JR태흥3,2011-07-22,3.63
JR태흥3,2011-07-23,3.39
JR태흥3,2011-07-24,3.2
JR태흥3,2011-07-25,3.06
JR태흥3,2011-07-26,2.97
JR태흥3,2011-07-27,2.93
JR태흥3,2011-07-28,2.89
JR태흥3,2011-07-29,2.87
JR태흥3,2011-07-30,2.88
JR태흥3,2011-07-31,2.89
JR태흥3,2011-08-01,2.91
JR태흥3,2011-08-02,2.92
JR태흥3,2011-08-03,2.91
JR태흥3,2011-08-04,2.91
JR태흥3,2011-08-05,2.89
JR태흥3,2011-08-06,2.9
JR태흥3,2011-08-07,2.97
JR태흥3,2011-08-08,3.09
JR태흥3,2011-08-09,3.1
JR태흥3,2011-08-10,3.09
JR태흥3,2011-08-11,3.07
JR태흥3,2011-08-12,3.07
JR태흥3,2011-08-13,3.09
JR태흥3,2011-08-14,3.1
JR태흥3,2011-08-15,3.1
JR태흥3,2011-08-16,3.1
JR태흥3,2011-08-17,3.11
JR태흥3,2011-08-18,3.11
JR태흥3,2011-08-19,3.11
JR태흥3,2011-08-20,3.1
JR태흥3,2011-08-21,3.07
JR태흥3,2011-08-22,3.04
JR태흥3,2011-08-23,3.07
JR태흥3,2011-08-24,3.21
JR태흥3,2011-08-25,3.34
JR태흥3,2011-08-26,3.49
JR태흥3,2011-08-27,3.77
JR태흥3,2011-08-28,4.14
JR태흥3,2011-08-29,4.49
JR태흥3,2011-08-30,4.7
JR태흥3,2011-08-31,4.78
JR태흥3,2011-09-01,4.83
JR태흥3,2011-09-02,4.85
JR태흥3,2011-09-03,4.85
JR태흥3,2011-09-04,4.83
JR태흥3,2011-09-05,4.78
JR태흥3,2011-09-06,4.72
JR태흥3,2011-09-07,4.64
JR태흥3,2011-09-08,4.51
JR태흥3,2011-09-09,4.34
JR태흥3,2011-09-10,4.18
JR태흥3,2011-09-11,4.06
JR태흥3,2011-09-12,3.92
JR태흥3,2011-09-13,3.77
JR태흥3,2011-09-14,3.67
JR태흥3,2011-09-15,3.6
JR태흥3,2011-09-16,3.57
JR태흥3,2011-09-17,3.57
JR태흥3,2011-09-18,3.59
JR태흥3,2011-09-19,3.61
JR태흥3,2011-09-20,3.63
JR태흥3,2011-09-21,3.59
JR태흥3,2011-09-22,3.5
JR태흥3,2011-09-23,3.41
JR태흥3,2011-09-24,3.34
JR태흥3,2011-09-25,3.27
JR태흥3,2011-09-26,3.21
JR태흥3,2011-09-27,3.17
JR태흥3,2011-09-28,3.17
JR태흥3,2011-09-29,3.18
JR태흥3,2011-09-30,3.16
JR태흥3,2011-10-01,3.13
JR태흥3,2011-10-02,3.09
JR태흥3,2011-10-03,3.05
JR태흥3,2011-10-04,3.01
JR태흥3,2011-10-05,2.98
JR태흥3,2011-10-06,2.95
JR태흥3,2011-10-07,2.93
JR태흥3,2011-10-08,2.92
JR태흥3,2011-10-09,2.91
JR태흥3,2011-10-10,2.9
JR태흥3,2011-10-11,2.91
JR태흥3,2011-10-12,2.91
JR태흥3,2011-10-13,2.91
JR태흥3,2011-10-14,2.92
JR태흥3,2011-10-15,2.94
JR태흥3,2011-10-16,2.93
JR태흥3,2011-10-17,2.89
JR태흥3,2011-10-18,2.85
JR태흥3,2011-10-19,2.81
JR태흥3,2011-10-20,2.78
JR태흥3,2011-10-21,2.76
JR태흥3,2011-10-22,2.76
JR태흥3,2011-10-23,2.76
JR태흥3,2011-10-24,2.77
JR태흥3,2011-10-25,2.74
JR태흥3,2011-10-26,2.73
JR태흥3,2011-10-27,2.71
JR태흥3,2011-10-28,2.71
JR태흥3,2011-10-29,2.7
JR태흥3,2011-10-30,2.69
JR태흥3,2011-10-31,2.67
JR태흥3,2011-11-01,2.67
JR태흥3,2011-11-02,2.65
JR태흥3,2011-11-03,2.62
JR태흥3,2011-11-04,2.61
JR태흥3,2011-11-05,2.63
JR태흥3,2011-11-06,2.67
JR태흥3,2011-11-07,2.72
JR태흥3,2011-11-08,2.74
JR태흥3,2011-11-09,2.76
JR태흥3,2011-11-10,2.79
JR태흥3,2011-11-11,2.82
JR태흥3,2011-11-12,2.81
JR태흥3,2011-11-13,2.81
JR태흥3,2011-11-14,2.8
JR태흥3,2011-11-15,2.78
JR태흥3,2011-11-16,2.76
JR태흥3,2011-11-17,2.75
JR태흥3,2011-11-18,2.8
JR태흥3,2011-11-19,3.03
JR태흥3,2011-11-20,3.23
JR태흥3,2011-11-21,3.59
JR태흥3,2011-11-22,4.43
JR태흥3,2011-11-23,4.91
JR태흥3,2011-11-24,5.13
JR태흥3,2011-11-25,5.22
JR태흥3,2011-11-26,5.23
JR태흥3,2011-11-27,5.19
JR태흥3,2011-11-28,5.13
JR태흥3,2011-11-29,5.05
JR태흥3,2011-11-30,4.98
JR태흥3,2011-12-01,4.9
JR태흥3,2011-12-02,4.83
JR태흥3,2011-12-03,4.74
JR태흥3,2011-12-04,4.63
JR태흥3,2011-12-05,4.43
JR태흥3,2011-12-06,4.19
JR태흥3,2011-12-07,3.95
JR태흥3,2011-12-08,3.64
JR태흥3,2011-12-09,3.4
JR태흥3,2011-12-10,3.22
JR태흥3,2011-12-11,3.1
JR태흥3,2011-12-12,3.03
JR태흥3,2011-12-13,2.98
JR태흥3,2011-12-14,2.95
JR태흥3,2011-12-15,2.91
JR태흥3,2011-12-16,2.87
JR태흥3,2011-12-17,2.82
JR태흥3,2011-12-18,2.76
JR태흥3,2011-12-19,2.72
JR태흥3,2011-12-20,2.7
JR태흥3,2011-12-21,2.71
JR태흥3,2011-12-22,2.71
JR태흥3,2011-12-23,2.69
JR태흥3,2011-12-24,2.69
JR태흥3,2011-12-25,2.67
JR태흥3,2011-12-26,2.64
JR태흥3,2011-12-27,2.61
JR태흥3,2011-12-28,2.59
JR태흥3,2011-12-29,2.56
JR태흥3,2011-12-30,2.54
JR태흥3,2011-12-31,2.52
JR태흥3,2012-01-01,2.48
JR태흥3,2012-01-02,2.44
JR태흥3,2012-01-03,2.43
JR태흥3,2012-01-04,2.41
JR태흥3,2012-01-05,2.38
JR태흥3,2012-01-06,2.38
JR태흥3,2012-01-07,2.37
JR태흥3,2012-01-08,2.36
JR태흥3,2012-01-09,2.35
JR태흥3,2012-01-10,2.35
JR태흥3,2012-01-11,2.35
JR태흥3,2012-01-12,2.35
JR태흥3,2012-01-13,2.33
JR태흥3,2012-01-14,2.32
JR태흥3,2012-01-15,2.31
JR태흥3,2012-01-16,2.33
JR태흥3,2012-01-17,2.35
JR태흥3,2012-01-18,2.34
JR태흥3,2012-01-19,2.33
JR태흥3,2012-01-20,2.32
JR태흥3,2012-01-21,2.34
JR태흥3,2012-01-22,2.32
JR태흥3,2012-01-23,2.29
JR태흥3,2012-01-24,2.27
JR태흥3,2012-01-25,2.26
JR태흥3,2012-01-26,2.24
JR태흥3,2012-01-27,2.23
JR태흥3,2012-01-28,2.23
JR태흥3,2012-01-29,2.22
JR태흥3,2012-01-30,2.19
JR태흥3,2012-01-31,2.16
JR태흥3,2012-02-01,2.14
JR태흥3,2012-02-02,2.1
JR태흥3,2012-02-03,2.07
JR태흥3,2012-02-04,2.04
JR태흥3,2012-02-05,2.04
JR태흥3,2012-02-06,2.06
JR태흥3,2012-02-07,2.08
JR태흥3,2012-02-08,2.06
JR태흥3,2012-02-09,2.03
JR태흥3,2012-02-10,2.02
JR태흥3,2012-02-11,2.01
JR태흥3,2012-02-12,1.98
JR태흥3,2012-02-13,1.97
JR태흥3,2012-02-14,1.99
JR태흥3,2012-02-15,1.99
JR태흥3,2012-02-16,1.97
JR태흥3,2012-02-17,1.95
JR태흥3,2012-02-18,1.93
JR태흥3,2012-02-19,1.92
JR태흥3,2012-02-20,1.91
JR태흥3,2012-02-21,1.92
JR태흥3,2012-02-22,1.97
JR태흥3,2012-02-23,2.02
JR태흥3,2012-02-24,2.05
JR태흥3,2012-02-25,2.07
JR태흥3,2012-02-26,2.05
JR태흥3,2012-02-27,2.01
JR태흥3,2012-02-28,2.0
JR태흥3,2012-02-29,2.0
JR태흥3,2012-03-01,2.0
JR태흥3,2012-03-02,2.0
JR태흥3,2012-03-03,2.01
JR태흥3,2012-03-04,2.02
JR태흥3,2012-03-05,2.04
JR태흥3,2012-03-06,2.08
JR태흥3,2012-03-07,2.09
JR태흥3,2012-03-08,2.13
JR태흥3,2012-03-09,2.14
JR태흥3,2012-03-10,2.12
JR태흥3,2012-03-11,2.08
JR태흥3,2012-03-12,2.04
JR태흥3,2012-03-13,2.0
JR태흥3,2012-03-14,1.97
JR태흥3,2012-03-15,1.94
JR태흥3,2012-03-16,1.95
JR태흥3,2012-03-17,1.99
JR태흥3,2012-03-18,2.0
JR태흥3,2012-03-19,1.98
JR태흥3,2012-03-20,2.04
JR태흥3,2012-03-21,2.11
JR태흥3,2012-03-22,2.11
JR태흥3,2012-03-23,2.17
JR태흥3,2012-03-24,2.22
JR태흥3,2012-03-25,2.23
JR태흥3,2012-03-26,2.22
JR태흥3,2012-03-27,2.18
JR태흥3,2012-03-28,2.14
JR태흥3,2012-03-29,2.12
JR태흥3,2012-03-30,2.13
JR태흥3,2012-03-31,2.14
JR태흥3,2012-04-01,2.14
JR태흥3,2012-04-02,2.14
JR태흥3,2012-04-03,2.16
JR태흥3,2012-04-04,2.13
JR태흥3,2012-04-05,2.14
JR태흥3,2012-04-06,2.17
JR태흥3,2012-04-07,2.16
JR태흥3,2012-04-08,2.13
JR태흥3,2012-04-09,2.12
JR태흥3,2012-04-10,2.13
JR태흥3,2012-04-11,2.19
JR태흥3,2012-04-12,2.24
JR태흥3,2012-04-13,2.29
JR태흥3,2012-04-14,2.32
JR태흥3,2012-04-15,2.32
JR태흥3,2012-04-16,2.33
JR태흥3,2012-04-17,2.33
JR태흥3,2012-04-18,2.34
JR태흥3,2012-04-19,2.36
JR태흥3,2012-04-20,2.4
JR태흥3,2012-04-21,2.47
JR태흥3,2012-04-22,2.74
JR태흥3,2012-04-23,3.22
JR태흥3,2012-04-24,4.32
JR태흥3,2012-04-25,5.21
JR태흥3,2012-04-26,5.8
JR태흥3,2012-04-27,6.1
JR태흥3,2012-04-28,6.26
JR태흥3,2012-04-29,6.32
JR태흥3,2012-04-30,6.32
JR태흥3,2012-05-01,6.31
JR태흥3,2012-05-02,6.32
JR태흥3,2012-05-03,6.45
JR태흥3,2012-05-04,6.64
JR태흥3,2012-05-05,6.83
JR태흥3,2012-05-06,6.95
JR태흥3,2012-05-07,6.99
JR태흥3,2012-05-08,6.94
JR태흥3,2012-05-09,6.83
JR태흥3,2012-05-10,6.68
JR태흥3,2012-05-11,6.52
JR태흥3,2012-05-12,6.35
JR태흥3,2012-05-13,6.2
JR태흥3,2012-05-14,6.07
JR태흥3,2012-05-15,5.97
JR태흥3,2012-05-16,5.89
JR태흥3,2012-05-17,5.81
JR태흥3,2012-05-18,5.73
JR태흥3,2012-05-19,5.65
JR태흥3,2012-05-20,5.59
JR태흥3,2012-05-21,5.52
JR태흥3,2012-05-22,5.51
JR태흥3,2012-05-23,5.49
JR태흥3,2012-05-24,5.43
JR태흥3,2012-05-25,5.38
JR태흥3,2012-05-26,5.33
JR태흥3,2012-05-27,5.27
JR태흥3,2012-05-28,5.21
JR태흥3,2012-05-29,5.15
JR태흥3,2012-05-30,5.09
JR태흥3,2012-05-31,5.04
JR태흥3,2012-06-01,4.98
JR태흥3,2012-06-02,4.92
JR태흥3,2012-06-03,4.88
JR태흥3,2012-06-04,4.84
JR태흥3,2012-06-05,4.8
JR태흥3,2012-06-06,4.77
JR태흥3,2012-06-07,4.74
JR태흥3,2012-06-08,4.71
JR태흥3,2012-06-09,4.67
JR태흥3,2012-06-10,4.58
JR태흥3,2012-06-11,4.43
JR태흥3,2012-06-12,4.25
JR태흥3,2012-06-13,4.05
JR태흥3,2012-06-14,3.87
JR태흥3,2012-06-15,3.72
JR태흥3,2012-06-16,3.61
JR태흥3,2012-06-17,3.51
JR태흥3,2012-06-18,3.45
JR태흥3,2012-06-19,3.47
JR태흥3,2012-06-20,3.51
JR태흥3,2012-06-21,3.52
JR태흥3,2012-06-22,3.51
JR태흥3,2012-06-23,3.47
JR태흥3,2012-06-24,3.45
JR태흥3,2012-06-25,3.45
JR태흥3,2012-06-26,3.45
JR태흥3,2012-06-27,3.44
JR태흥3,2012-06-28,3.41
JR태흥3,2012-06-29,3.37
JR태흥3,2012-06-30,3.36
JR태흥3,2012-07-01,3.37
JR태흥3,2012-07-02,3.39
JR태흥3,2012-07-03,3.44
JR태흥3,2012-07-04,3.49
JR태흥3,2012-07-05,3.54
JR태흥3,2012-07-06,3.62
JR태흥3,2012-07-07,3.67
JR태흥3,2012-07-08,3.74
JR태흥3,2012-07-09,3.79
JR태흥3,2012-07-10,3.83
JR태흥3,2012-07-11,3.9
JR태흥3,2012-07-12,3.96
JR태흥3,2012-07-13,3.99
JR태흥3,2012-07-14,4.01
JR태흥3,2012-07-15,4.0
JR태흥3,2012-07-16,3.96
JR태흥3,2012-07-17,3.85
JR태흥3,2012-07-18,3.75
JR태흥3,2012-07-19,3.66
JR태흥3,2012-07-20,3.57
JR태흥3,2012-07-21,3.49
JR태흥3,2012-07-22,3.43
JR태흥3,2012-07-23,3.39
JR태흥3,2012-07-24,3.33
JR태흥3,2012-07-25,3.26
JR태흥3,2012-07-26,3.2
JR태흥3,2012-07-27,3.16
JR태흥3,2012-07-28,3.12
JR태흥3,2012-07-29,3.1
JR태흥3,2012-07-30,3.09
JR태흥3,2012-07-31,3.09
JR태흥3,2012-08-01,3.1
JR태흥3,2012-08-02,3.14
JR태흥3,2012-08-03,3.15
JR태흥3,2012-08-04,3.13
JR태흥3,2012-08-05,3.11
JR태흥3,2012-08-06,3.1
JR태흥3,2012-08-07,3.09
JR태흥3,2012-08-08,3.08
JR태흥3,2012-08-09,3.05
JR태흥3,2012-08-10,3.01
JR태흥3,2012-08-11,2.97
JR태흥3,2012-08-12,2.95
JR태흥3,2012-08-13,2.93
JR태흥3,2012-08-14,2.92
JR태흥3,2012-08-15,2.93
JR태흥3,2012-08-16,2.91
JR태흥3,2012-08-17,2.9
JR태흥3,2012-08-18,2.88
JR태흥3,2012-08-19,2.87
JR태흥3,2012-08-20,2.87
JR태흥3,2012-08-21,2.87
JR태흥3,2012-08-22,2.88
JR태흥3,2012-08-23,2.92
JR태흥3,2012-08-24,3.35
JR태흥3,2012-08-25,4.55
JR태흥3,2012-08-26,6.61
JR태흥3,2012-08-27,8.81
JR태흥3,2012-08-28,9.5
JR태흥3,2012-08-29,9.62
JR태흥3,2012-08-30,9.64
JR태흥3,2012-08-31,9.58
JR태흥3,2012-09-01,9.47
JR태흥3,2012-09-02,9.34
JR태흥3,2012-09-03,9.2
JR태흥3,2012-09-04,9.08
JR태흥3,2012-09-05,8.96
JR태흥3,2012-09-06,8.83
JR태흥3,2012-09-07,8.67
JR태흥3,2012-09-08,8.5
JR태흥3,2012-09-09,8.34
JR태흥3,2012-09-10,8.2
JR태흥3,2012-09-11,8.08
JR태흥3,2012-09-12,7.94
JR태흥3,2012-09-13,7.81
JR태흥3,2012-09-14,7.75
JR태흥3,2012-09-15,7.68
JR태흥3,2012-09-16,7.53
JR태흥3,2012-09-17,7.48
JR태흥3,2012-09-18,7.93
JR태흥3,2012-09-19,8.81
JR태흥3,2012-09-20,9.63
JR태흥3,2012-09-21,9.92
JR태흥3,2012-09-22,9.95
JR태흥3,2012-09-23,9.89
JR태흥3,2012-09-24,9.81
JR태흥3,2012-09-25,9.7
JR태흥3,2012-09-26,9.56
JR태흥3,2012-09-27,9.41
JR태흥3,2012-09-28,9.23
JR태흥3,2012-09-29,9.08
JR태흥3,2012-09-30,8.97
JR태흥3,2012-10-01,8.87
JR태흥3,2012-10-02,8.72
JR태흥3,2012-10-03,8.57
JR태흥3,2012-10-04,8.44
JR태흥3,2012-10-05,8.33
JR태흥3,2012-10-06,8.25
JR태흥3,2012-10-07,8.1
JR태흥3,2012-10-08,7.98
JR태흥3,2012-10-09,7.88
JR태흥3,2012-10-10,7.81
JR태흥3,2012-10-11,7.81
JR태흥3,2012-10-12,7.63
JR태흥3,2012-10-17,7.17
JR태흥3,2012-10-18,7.07
JR태흥3,2012-10-19,6.99
JR태흥3,2012-10-24,6.33
JR태흥3,2012-10-25,6.27
JR태흥3,2012-10-26,6.16
JR태흥3,2012-10-27,6.05
JR태흥3,2012-10-28,5.96
JR태흥3,2012-10-29,5.86
JR태흥3,2012-10-30,5.72
JR태흥3,2012-10-31,5.6
JR태흥3,2012-11-01,5.5
JR태흥3,2012-11-02,5.37
JR태흥3,2012-11-03,5.22
JR태흥3,2012-11-04,5.02
JR태흥3,2012-11-05,4.7
JR태흥3,2012-11-06,4.66
JR태흥3,2012-11-07,4.65
JR태흥3,2012-11-08,4.31
JR태흥3,2012-11-09,4.07
JR태흥3,2012-11-10,4.02
JR태흥3,2012-11-11,3.88
JR태흥3,2012-11-12,3.78
JR태흥3,2012-11-13,3.69
JR태흥3,2012-11-14,3.65
JR태흥3,2012-11-15,3.38
JR태흥3,2012-11-16,3.38
JR태흥3,2012-11-17,3.16
JR태흥3,2012-11-18,3.11
JR태흥3,2012-11-19,3.06
JR태흥3,2012-11-20,2.99
JR태흥3,2012-11-21,2.99
JR태흥3,2012-11-22,2.97
JR태흥3,2012-11-23,2.95
JR태흥3,2012-11-24,2.94
JR태흥3,2012-11-25,2.68
JR태흥3,2012-11-26,2.4
JR태흥3,2012-11-27,2.21
JR태흥3,2012-11-28,2.04
JR태흥3,2013-01-09,2.63
JR태흥3,2013-01-10,2.63
JR태흥3,2013-01-11,2.63
JR태흥3,2013-01-12,2.63
JR태흥3,2013-01-13,2.65
JR태흥3,2013-01-14,2.68
JR태흥3,2013-01-15,2.68
JR태흥3,2013-01-16,2.66
JR태흥3,2013-01-17,2.63
JR태흥3,2013-01-18,2.59
JR태흥3,2013-01-19,2.54
JR태흥3,2013-01-20,2.51
JR태흥3,2013-01-21,2.53
JR태흥3,2013-01-22,2.55
JR태흥3,2013-01-23,2.57
JR태흥3,2013-01-24,2.59
JR태흥3,2013-01-25,2.6
JR태흥3,2013-01-26,2.61
JR태흥3,2013-01-27,2.62
JR태흥3,2013-01-28,2.62
JR태흥3,2013-01-29,2.6
JR태흥3,2013-01-30,2.58
JR태흥3,2013-01-31,2.57
JR태흥3,2013-02-01,2.58
JR태흥3,2013-02-02,2.57
JR태흥3,2013-02-03,2.54
JR태흥3,2013-02-04,2.55
JR태흥3,2013-02-05,2.55
JR태흥3,2013-02-06,2.55
JR태흥3,2013-02-07,2.51
JR태흥3,2013-02-08,2.5
JR태흥3,2013-02-09,2.51
JR태흥3,2013-02-10,2.53
JR태흥3,2013-02-11,2.54
JR태흥3,2013-02-12,2.55
JR태흥3,2013-02-13,2.55
JR태흥3,2013-02-14,2.54
JR태흥3,2013-02-15,2.53
JR태흥3,2013-02-16,2.5
JR태흥3,2013-02-17,2.48
JR태흥3,2013-02-18,2.5
JR태흥3,2013-02-19,2.52
JR태흥3,2013-02-20,2.5
JR태흥3,2013-02-21,2.45
JR태흥3,2013-02-22,2.43
JR태흥3,2013-02-23,2.42
JR태흥3,2013-02-24,2.42
JR태흥3,2013-02-25,2.43
JR태흥3,2013-02-26,2.48
JR태흥3,2013-02-27,2.51
JR태흥3,2013-02-28,2.53
JR태흥3,2013-03-01,2.56
JR태흥3,2013-03-02,2.55
JR태흥3,2013-03-03,2.51
JR태흥3,2013-03-04,2.48
JR태흥3,2013-03-05,2.44
JR태흥3,2013-03-06,2.39
JR태흥3,2013-03-07,2.38
JR태흥3,2013-03-08,2.39
JR태흥3,2013-03-09,2.41
JR태흥3,2013-03-10,2.43
JR태흥3,2013-03-11,2.44
JR태흥3,2013-03-12,2.45
JR태흥3,2013-03-13,2.47
JR태흥3,2013-03-14,2.46
JR태흥3,2013-03-15,2.44
JR태흥3,2013-03-16,2.39
JR태흥3,2013-03-17,2.38
JR태흥3,2013-03-18,2.41
JR태흥3,2013-03-19,2.42
JR태흥3,2013-03-20,2.45
JR태흥3,2013-03-21,2.41
JR태흥3,2013-03-22,2.38
JR태흥3,2013-03-23,2.37
JR태흥3,2013-03-24,2.37
JR태흥3,2013-03-25,2.38
JR태흥3,2013-03-26,2.37
JR태흥3,2013-03-27,2.38
JR태흥3,2013-03-28,2.39
JR태흥3,2013-03-29,2.39
JR태흥3,2013-03-30,2.39
JR태흥3,2013-03-31,2.39
JR태흥3,2013-04-01,2.37
JR태흥3,2013-04-02,2.36
JR태흥3,2013-04-03,2.33
JR태흥3,2013-04-04,2.31
JR태흥3,2013-04-05,2.32
JR태흥3,2013-04-06,2.37
JR태흥3,2013-04-07,2.38
JR태흥3,2013-04-08,2.37
JR태흥3,2013-04-09,2.38
JR태흥3,2013-04-10,2.35
JR태흥3,2013-04-11,2.32
JR태흥3,2013-04-12,2.31
JR태흥3,2013-04-13,2.3
JR태흥3,2013-04-14,2.3
JR태흥3,2013-04-15,2.3
JR태흥3,2013-04-16,2.32
JR태흥3,2013-04-17,2.35
JR태흥3,2013-04-18,2.38
JR태흥3,2013-04-19,2.36
JR태흥3,2013-04-20,2.36
JR태흥3,2013-04-21,2.33
JR태흥3,2013-04-22,2.28
JR태흥3,2013-04-23,2.29
JR태흥3,2013-04-24,2.34
JR태흥3,2013-04-25,2.37
JR태흥3,2013-04-26,2.41
JR태흥3,2013-04-27,2.41
JR태흥3,2013-04-28,2.41
JR태흥3,2013-04-29,2.42
JR태흥3,2013-04-30,2.44
JR태흥3,2013-05-01,2.44
JR태흥3,2013-05-02,2.42
JR태흥3,2013-05-03,2.38
JR태흥3,2013-05-04,2.35
JR태흥3,2013-05-05,2.32
JR태흥3,2013-05-06,2.29
JR태흥3,2013-05-07,2.28
JR태흥3,2013-05-08,2.28
JR태흥3,2013-05-09,2.29
JR태흥3,2013-05-10,2.31
JR태흥3,2013-05-11,2.36
JR태흥3,2013-05-12,2.4
JR태흥3,2013-05-13,2.4
JR태흥3,2013-05-14,2.38
JR태흥3,2013-05-15,2.37
JR태흥3,2013-05-16,2.36
JR태흥3,2013-05-17,2.37
JR태흥3,2013-05-18,2.34
JR태흥3,2013-05-19,2.34
JR태흥3,2013-05-20,2.36
JR태흥3,2013-05-21,2.37
JR태흥3,2013-05-22,2.38
JR태흥3,2013-05-23,2.37
JR태흥3,2013-05-24,2.36
JR태흥3,2013-05-25,2.36
JR태흥3,2013-05-26,2.37
JR태흥3,2013-05-27,2.39
JR태흥3,2013-05-28,2.45
JR태흥3,2013-05-29,2.49
JR태흥3,2013-05-30,2.5
JR태흥3,2013-05-31,2.51
JR태흥3,2013-06-01,2.52
JR태흥3,2013-06-02,2.52
JR태흥3,2013-06-03,2.5
JR태흥3,2013-06-04,2.49
JR태흥3,2013-06-05,2.47
JR태흥3,2013-06-06,2.46
JR태흥3,2013-06-07,2.47
JR태흥3,2013-06-08,2.52
JR태흥3,2013-06-09,2.58
JR태흥3,2013-06-10,2.63
JR태흥3,2013-06-11,2.65
JR태흥3,2013-06-12,2.65
JR태흥3,2013-06-13,2.62
JR태흥3,2013-06-14,2.6
JR태흥3,2013-06-15,2.6
JR태흥3,2013-06-16,2.6
JR태흥3,2013-06-17,2.6
JR태흥3,2013-06-18,2.62
JR태흥3,2013-06-19,2.66
JR태흥3,2013-06-20,2.67
JR태흥3,2013-06-21,2.69
JR태흥3,2013-06-22,2.71
JR태흥3,2013-06-23,2.7
JR태흥3,2013-06-24,2.73
JR태흥3,2013-06-25,2.75
JR태흥3,2013-06-26,2.79
JR태흥3,2013-06-27,2.83
JR태흥3,2013-06-28,2.88
JR태흥3,2013-06-29,2.89
JR태흥3,2013-06-30,2.88
JR태흥3,2013-07-01,2.86
JR태흥3,2013-07-02,2.86
JR태흥3,2013-07-03,2.91
JR태흥3,2013-07-04,2.99
JR태흥3,2013-07-05,3.07
JR태흥3,2013-07-06,3.1
JR태흥3,2013-07-07,3.08
JR태흥3,2013-07-08,3.0
JR태흥3,2013-07-09,2.91
JR태흥3,2013-07-10,2.82
JR태흥3,2013-07-11,2.77
JR태흥3,2013-07-12,2.73
JR태흥3,2013-07-13,2.71
JR태흥3,2013-07-14,2.69
JR태흥3,2013-07-15,2.65
JR태흥3,2013-07-16,2.63
JR태흥3,2013-07-17,2.6
JR태흥3,2013-07-18,2.57
JR태흥3,2013-07-19,2.55
JR태흥3,2013-07-20,2.54
JR태흥3,2013-07-21,2.54
JR태흥3,2013-07-22,2.53
JR태흥3,2013-07-23,2.55
JR태흥3,2013-07-24,2.56
JR태흥3,2013-07-25,2.58
JR태흥3,2013-07-26,2.61
JR태흥3,2013-07-27,2.59
JR태흥3,2013-07-28,2.56
JR태흥3,2013-07-29,2.52
JR태흥3,2013-07-30,2.49
JR태흥3,2013-07-31,2.48
JR태흥3,2013-08-01,2.47
JR태흥3,2013-08-02,2.45
JR태흥3,2013-08-03,2.43
JR태흥3,2013-08-04,2.42
JR태흥3,2013-08-05,2.43
JR태흥3,2013-08-06,2.44
JR태흥3,2013-08-07,2.43
JR태흥3,2013-08-08,2.42
JR태흥3,2013-08-09,2.4
JR태흥3,2013-08-10,2.39
JR태흥3,2013-08-11,2.37
JR태흥3,2013-08-12,2.35
JR태흥3,2013-08-13,2.32
JR태흥3,2013-08-14,2.29
JR태흥3,2013-08-15,2.27
JR태흥3,2013-08-16,2.25
JR태흥3,2013-08-17,2.25
JR태흥3,2013-08-18,2.26
JR태흥3,2013-08-19,2.29
JR태흥3,2013-08-20,2.33
JR태흥3,2013-08-21,2.35
JR태흥3,2013-08-22,2.38
JR태흥3,2013-08-23,2.39
JR태흥3,2013-08-24,2.38
JR태흥3,2013-08-25,2.39
JR태흥3,2013-08-26,2.4
JR태흥3,2013-08-27,2.4
JR태흥3,2013-08-28,2.37
JR태흥3,2013-08-29,2.35
JR태흥3,2013-08-30,2.34
JR태흥3,2013-08-31,2.35
JR태흥3,2013-09-01,2.36
JR태흥3,2013-09-02,2.36
JR태흥3,2013-09-03,2.34
JR태흥3,2013-09-04,2.34
JR태흥3,2013-09-05,2.31
JR태흥3,2013-09-06,2.29
JR태흥3,2013-09-07,2.29
JR태흥3,2013-09-08,2.27
JR태흥3,2013-09-09,2.25
JR태흥3,2013-09-10,2.24
JR태흥3,2013-09-11,2.23
JR태흥3,2013-09-12,2.21
JR태흥3,2013-09-13,2.2
JR태흥3,2013-09-14,2.18
JR태흥3,2013-09-15,2.18
JR태흥3,2013-09-16,2.2
JR태흥3,2013-09-17,2.19
JR태흥3,2013-09-18,2.19
JR태흥3,2013-09-19,2.19
JR태흥3,2013-09-20,2.18
JR태흥3,2013-09-21,2.17
JR태흥3,2013-09-22,2.18
JR태흥3,2013-09-23,2.2
JR태흥3,2013-09-24,2.2
JR태흥3,2013-09-25,2.18
JR태흥3,2013-09-26,2.15
JR태흥3,2013-09-27,2.12
JR태흥3,2013-09-28,2.11
JR태흥3,2013-09-29,2.1
JR태흥3,2013-09-30,2.09
JR태흥3,2013-10-01,2.11
JR태흥3,2013-10-02,2.17
JR태흥3,2013-10-03,2.23
JR태흥3,2013-10-04,2.25
JR태흥3,2013-10-05,2.27
JR태흥3,2013-10-06,2.27
JR태흥3,2013-10-07,2.27
JR태흥3,2013-10-08,2.28
JR태흥3,2013-10-09,2.34
JR태흥3,2013-10-10,2.37
JR태흥3,2013-10-11,2.35
JR태흥3,2013-10-12,2.29
JR태흥3,2013-10-13,2.25
JR태흥3,2013-10-14,2.23
JR태흥3,2013-10-15,2.22
JR태흥3,2013-10-16,2.22
JR태흥3,2013-10-17,2.21
JR태흥3,2013-10-18,2.19
JR태흥3,2013-10-19,2.2
JR태흥3,2013-10-20,2.21
JR태흥3,2013-10-21,2.22
JR태흥3,2013-10-22,2.23
JR태흥3,2013-10-23,2.25
JR태흥3,2013-10-24,2.26
JR태흥3,2013-10-25,2.22
JR태흥3,2013-10-26,2.18
JR태흥3,2013-10-27,2.14
JR태흥3,2013-10-28,2.1
JR태흥3,2013-10-29,2.06
JR태흥3,2013-10-30,2.01
JR태흥3,2013-10-31,1.99
JR태흥3,2013-11-01,1.99
JR태흥3,2013-11-02,2.01
JR태흥3,2013-11-03,2.02
JR태흥3,2013-11-04,2.03
JR태흥3,2013-11-05,2.02
JR태흥3,2013-11-06,2.02
JR태흥3,2013-11-07,2.0
JR태흥3,2013-11-08,1.97
JR태흥3,2013-11-09,1.99
JR태흥3,2013-11-10,1.98
JR태흥3,2013-11-11,1.93
JR태흥3,2013-11-12,1.9
JR태흥3,2013-11-13,1.9
JR태흥3,2013-11-14,1.9
JR태흥3,2013-11-15,1.89
JR태흥3,2013-11-16,1.9
JR태흥3,2013-11-17,1.9
JR태흥3,2013-11-18,1.88
JR태흥3,2013-11-19,1.86
JR태흥3,2013-11-20,1.85
JR태흥3,2013-11-21,1.83
JR태흥3,2013-11-22,1.81
JR태흥3,2013-11-23,1.79
JR태흥3,2013-11-24,1.78
JR태흥3,2013-11-25,1.81
JR태흥3,2013-11-26,1.78
JR태흥3,2013-11-27,1.76
JR태흥3,2013-11-28,1.73
JR태흥3,2013-11-29,1.7
JR태흥3,2013-11-30,1.69
JR태흥3,2013-12-01,1.71
JR태흥3,2013-12-02,1.72
JR태흥3,2013-12-03,1.73
JR태흥3,2013-12-04,1.76
JR태흥3,2013-12-05,1.77
JR태흥3,2013-12-06,1.77
JR태흥3,2013-12-07,1.77
JR태흥3,2013-12-08,1.76
JR태흥3,2013-12-09,1.76
JR태흥3,2013-12-10,1.78
JR태흥3,2013-12-11,1.8
JR태흥3,2013-12-12,1.78
JR태흥3,2013-12-13,1.77
JR태흥3,2013-12-14,1.74
JR태흥3,2013-12-15,1.72
JR태흥3,2013-12-16,1.72
JR태흥3,2013-12-17,1.74
JR태흥3,2013-12-18,1.8
JR태흥3,2013-12-19,1.83
JR태흥3,2013-12-20,1.78
JR태흥3,2013-12-21,1.75
JR태흥3,2013-12-22,1.75
JR태흥3,2013-12-23,1.75
JR태흥3,2013-12-24,1.73
JR태흥3,2013-12-25,1.73
JR태흥3,2013-12-26,1.73
JR태흥3,2013-12-27,1.71
JR태흥3,2013-12-28,1.69
JR태흥3,2013-12-29,1.68
JR태흥3,2013-12-30,1.67
JR태흥3,2013-12-31,1.67
JR태흥3,2014-01-01,1.67
JR태흥3,2014-01-02,1.68
JR태흥3,2014-01-03,1.71
JR태흥3,2014-01-04,1.72
JR태흥3,2014-01-05,1.72
JR태흥3,2014-01-06,1.69
JR태흥3,2014-01-07,1.66
JR태흥3,2014-01-08,1.64
JR태흥3,2014-01-09,1.61
JR태흥3,2014-01-10,1.57
JR태흥3,2014-01-11,1.55
JR태흥3,2014-01-12,1.54
JR태흥3,2014-01-13,1.53
JR태흥3,2014-01-14,1.54
JR태흥3,2014-01-15,1.54
JR태흥3,2014-01-16,1.55
JR태흥3,2014-01-17,1.55
JR태흥3,2014-01-18,1.55
JR태흥3,2014-01-19,1.55
JR태흥3,2014-01-20,1.55
JR태흥3,2014-01-21,1.54
JR태흥3,2014-01-22,1.53
JR태흥3,2014-01-23,1.52
JR태흥3,2014-01-24,1.51
JR태흥3,2014-01-25,1.51
JR태흥3,2014-01-26,1.51
JR태흥3,2014-01-27,1.5
JR태흥3,2014-01-28,1.5
JR태흥3,2014-01-29,1.51
JR태흥3,2014-01-30,1.53
JR태흥3,2014-01-31,1.56
JR태흥3,2014-02-01,1.6
JR태흥3,2014-02-02,1.65
JR태흥3,2014-02-03,1.67
JR태흥3,2014-02-04,1.66
JR태흥3,2014-02-05,1.6
JR태흥3,2014-02-06,1.57
JR태흥3,2014-02-07,1.58
JR태흥3,2014-02-08,1.61
JR태흥3,2014-02-09,1.59
JR태흥3,2014-02-10,1.56
JR태흥3,2014-02-11,1.59
JR태흥3,2014-02-12,1.62
JR태흥3,2014-02-13,1.61
JR태흥3,2014-02-14,1.61
JR태흥3,2014-02-15,1.62
JR태흥3,2014-02-16,1.59
JR태흥3,2014-02-17,1.58
JR태흥3,2014-02-18,1.66
JR태흥3,2014-02-19,1.71
JR태흥3,2014-02-20,1.7
JR태흥3,2014-02-21,1.63
JR태흥3,2014-02-22,1.58
JR태흥3,2014-02-23,1.55
JR태흥3,2014-02-24,1.52
JR태흥3,2014-02-25,1.5
JR태흥3,2014-02-26,1.51
JR태흥3,2014-02-27,1.57
JR태흥3,2014-02-28,1.59
JR태흥3,2014-03-01,1.62
JR태흥3,2014-03-02,1.65
JR태흥3,2014-03-03,1.65
JR태흥3,2014-03-04,1.67
JR태흥3,2014-03-05,1.67
JR태흥3,2014-03-06,1.64
JR태흥3,2014-03-07,1.61
JR태흥3,2014-03-08,1.57
JR태흥3,2014-03-09,1.54
JR태흥3,2014-03-10,1.52
JR태흥3,2014-03-11,1.5
JR태흥3,2014-03-12,1.51
JR태흥3,2014-03-13,1.58
JR태흥3,2014-03-14,1.65
JR태흥3,2014-03-15,1.65
JR태흥3,2014-03-16,1.65
JR태흥3,2014-03-17,1.66
JR태흥3,2014-03-18,1.7
JR태흥3,2014-03-19,1.73
JR태흥3,2014-03-20,1.77
JR태흥3,2014-03-21,1.74
JR태흥3,2014-03-22,1.7
JR태흥3,2014-03-23,1.67
JR태흥3,2014-03-24,1.64
JR태흥3,2014-03-25,1.63
JR태흥3,2014-03-26,1.67
JR태흥3,2014-03-27,1.7
JR태흥3,2014-03-28,1.7
JR태흥3,2014-03-29,1.73
JR태흥3,2014-03-30,1.81
JR태흥3,2014-03-31,1.87
JR태흥3,2014-04-01,1.89
JR태흥3,2014-04-02,1.9
JR태흥3,2014-04-03,1.91
JR태흥3,2014-04-04,1.91
JR태흥3,2014-04-05,1.92
JR태흥3,2014-04-06,1.9
JR태흥3,2014-04-07,1.86
JR태흥3,2014-04-08,1.82
JR태흥3,2014-04-09,1.82
JR태흥3,2014-04-10,1.81
JR태흥3,2014-04-11,1.82
JR태흥3,2014-04-12,1.84
JR태흥3,2014-04-13,1.87
JR태흥3,2014-04-14,1.91
JR태흥3,2014-04-15,1.9
JR태흥3,2014-04-16,1.88
JR태흥3,2014-04-17,1.91
JR태흥3,2014-04-18,1.96
JR태흥3,2014-04-19,1.99
JR태흥3,2014-04-20,2.02
JR태흥3,2014-04-21,2.0
JR태흥3,2014-04-22,1.97
JR태흥3,2014-04-23,1.94
JR태흥3,2014-04-24,1.92
JR태흥3,2014-04-25,1.89
JR태흥3,2014-04-26,1.88
JR태흥3,2014-04-27,1.9
JR태흥3,2014-04-28,1.98
JR태흥3,2014-04-29,2.15
JR태흥3,2014-04-30,2.26
JR태흥3,2014-05-01,2.31
JR태흥3,2014-05-02,2.34
JR태흥3,2014-05-03,2.33
JR태흥3,2014-05-04,2.33
JR태흥3,2014-05-05,2.33
JR태흥3,2014-05-06,2.33
JR태흥3,2014-05-07,2.33
JR태흥3,2014-05-08,2.34
JR태흥3,2014-05-09,2.32
JR태흥3,2014-05-10,2.29
JR태흥3,2014-05-11,2.29
JR태흥3,2014-05-12,2.32
JR태흥3,2014-05-13,2.32
JR태흥3,2014-05-14,2.35
JR태흥3,2014-05-15,2.41
JR태흥3,2014-05-16,2.44
JR태흥3,2014-05-17,2.44
JR태흥3,2014-05-18,2.43
JR태흥3,2014-05-19,2.41
JR태흥3,2014-05-20,2.42
JR태흥3,2014-05-21,2.46
JR태흥3,2014-05-22,2.45
JR태흥3,2014-05-23,2.42
JR태흥3,2014-05-24,2.4
JR태흥3,2014-05-25,2.39
JR태흥3,2014-05-26,2.49
JR태흥3,2014-05-27,2.62
JR태흥3,2014-05-28,2.71
JR태흥3,2014-05-29,2.76
JR태흥3,2014-05-30,2.8
JR태흥3,2014-05-31,3.07
JR태흥3,2014-06-01,3.55
JR태흥3,2014-06-02,3.82
JR태흥3,2014-06-03,4.26
JR태흥3,2014-06-04,4.78
JR태흥3,2014-06-05,5.12
JR태흥3,2014-06-06,5.59
JR태흥3,2014-06-07,5.98
JR태흥3,2014-06-08,6.15
JR태흥3,2014-06-09,6.16
JR태흥3,2014-06-10,6.08
JR태흥3,2014-06-11,5.94
JR태흥3,2014-06-12,5.8
JR태흥3,2014-06-13,5.65
JR태흥3,2014-06-14,5.51
JR태흥3,2014-06-15,5.38
JR태흥3,2014-06-16,5.33
JR태흥3,2014-06-17,5.29
JR태흥3,2014-06-18,5.21
JR태흥3,2014-06-19,5.14
JR태흥3,2014-06-20,5.05
JR태흥3,2014-06-21,4.98
JR태흥3,2014-06-22,4.91
JR태흥3,2014-06-23,4.85
JR태흥3,2014-06-24,4.79
JR태흥3,2014-06-25,4.71
JR태흥3,2014-06-26,4.57
JR태흥3,2014-06-27,4.35
JR태흥3,2014-06-28,4.07
JR태흥3,2014-06-29,3.85
JR태흥3,2014-06-30,3.63
JR태흥3,2014-07-01,3.44
JR태흥3,2014-07-02,3.32
JR태흥3,2014-07-03,3.24
JR태흥3,2014-07-04,3.16
JR태흥3,2014-07-05,3.1
JR태흥3,2014-07-06,3.1
JR태흥3,2014-07-07,3.25
JR태흥3,2014-07-08,3.44
JR태흥3,2014-07-09,3.86
JR태흥3,2014-07-10,4.72
JR태흥3,2014-07-11,5.08
JR태흥3,2014-07-12,5.36
JR태흥3,2014-07-13,5.57
JR태흥3,2014-07-14,5.69
JR태흥3,2014-07-15,5.75
JR태흥3,2014-07-16,5.76
JR태흥3,2014-07-17,5.75
JR태흥3,2014-07-18,5.74
JR태흥3,2014-07-19,5.73
JR태흥3,2014-07-20,5.72
JR태흥3,2014-07-21,5.72
JR태흥3,2014-07-22,5.7
JR태흥3,2014-07-23,5.69
JR태흥3,2014-07-24,5.68
JR태흥3,2014-07-25,5.65
JR태흥3,2014-07-26,5.61
JR태흥3,2014-07-27,5.57
JR태흥3,2014-07-28,5.52
JR태흥3,2014-07-29,5.47
JR태흥3,2014-07-30,5.41
JR태흥3,2014-07-31,5.35
JR태흥3,2014-08-01,5.31
JR태흥3,2014-08-02,5.3
JR태흥3,2014-08-03,5.32
JR태흥3,2014-08-04,5.36
JR태흥3,2014-08-05,5.42
JR태흥3,2014-08-06,5.55
JR태흥3,2014-08-07,5.8
JR태흥3,2014-08-08,6.07
JR태흥3,2014-08-09,6.29
JR태흥3,2014-08-10,6.41
JR태흥3,2014-08-11,6.44
JR태흥3,2014-08-12,6.41
JR태흥3,2014-08-13,6.36
JR태흥3,2014-08-14,6.28
JR태흥3,2014-08-15,6.21
JR태흥3,2014-08-16,6.13
JR태흥3,2014-08-17,6.06
JR태흥3,2014-08-18,5.99
JR태흥3,2014-08-19,5.93
JR태흥3,2014-08-20,5.89
JR태흥3,2014-08-21,5.89
JR태흥3,2014-08-22,5.95
JR태흥3,2014-08-23,6.08
JR태흥3,2014-08-24,6.32
JR태흥3,2014-08-25,6.78
JR태흥3,2014-08-26,7.42
JR태흥3,2014-08-27,8.06
JR태흥3,2014-08-28,8.38
JR태흥3,2014-08-29,8.44
JR태흥3,2014-08-30,8.41
JR태흥3,2014-08-31,8.37
JR태흥3,2014-09-01,8.35
JR태흥3,2014-09-02,8.34
JR태흥3,2014-09-03,8.33
JR태흥3,2014-09-04,8.28
JR태흥3,2014-09-05,8.21
JR태흥3,2014-09-06,8.13
JR태흥3,2014-09-07,8.05
JR태흥3,2014-09-08,7.97
JR태흥3,2014-09-09,7.88
JR태흥3,2014-09-10,7.79
JR태흥3,2014-09-11,7.69
JR태흥3,2014-09-12,7.59
JR태흥3,2014-09-13,7.49
JR태흥3,2014-09-14,7.39
JR태흥3,2014-09-15,7.28
JR태흥3,2014-09-16,7.17
JR태흥3,2014-09-17,7.06
JR태흥3,2014-09-18,6.94
JR태흥3,2014-09-19,6.84
JR태흥3,2014-09-20,6.73
JR태흥3,2014-09-21,6.63
JR태흥3,2014-09-22,6.53
JR태흥3,2014-09-23,6.44
JR태흥3,2014-09-24,6.37
JR태흥3,2014-09-25,6.29
JR태흥3,2014-09-26,6.23
JR태흥3,2014-09-27,6.17
JR태흥3,2014-09-28,6.11
JR태흥3,2014-09-29,6.05
JR태흥3,2014-09-30,6.0
JR태흥3,2014-10-01,5.95
JR태흥3,2014-10-02,5.89
JR태흥3,2014-10-03,5.84
JR태흥3,2014-10-04,5.77
JR태흥3,2014-10-05,5.73
JR태흥3,2014-10-06,5.68
JR태흥3,2014-10-07,5.62
JR태흥3,2014-10-08,5.56
JR태흥3,2014-10-09,5.51
JR태흥3,2014-10-10,5.46
JR태흥3,2014-10-11,5.41
JR태흥3,2014-10-12,5.38
JR태흥3,2014-10-13,5.36
JR태흥3,2014-10-14,5.34
JR태흥3,2014-10-15,5.29
JR태흥3,2014-10-16,5.25
JR태흥3,2014-10-17,5.19
JR태흥3,2014-10-18,5.14
JR태흥3,2014-10-19,5.08
JR태흥3,2014-10-20,5.04
JR태흥3,2014-10-21,5.0
JR태흥3,2014-10-22,4.98
JR태흥3,2014-10-23,4.96
JR태흥3,2014-10-24,4.93
JR태흥3,2014-10-25,4.9
JR태흥3,2014-10-26,4.87
JR태흥3,2014-10-27,4.84
JR태흥3,2014-10-28,4.8
JR태흥3,2014-10-29,4.73
JR태흥3,2014-10-30,4.5
JR태흥3,2014-10-31,4.25
JR태흥3,2014-11-01,4.06
JR태흥3,2014-11-02,3.87
JR태흥3,2014-11-03,3.73
JR태흥3,2014-11-04,3.62
JR태흥3,2014-11-05,3.54
JR태흥3,2014-11-06,3.46
JR태흥3,2014-11-07,3.39
JR태흥3,2014-11-08,3.34
JR태흥3,2014-11-09,3.31
JR태흥3,2014-11-10,3.26
JR태흥3,2014-11-11,3.24
JR태흥3,2014-11-12,3.22
JR태흥3,2014-11-13,3.15
JR태흥3,2014-11-14,3.09
JR태흥3,2014-11-15,3.04
JR태흥3,2014-11-16,3.0
JR태흥3,2014-11-17,2.97
JR태흥3,2014-11-18,2.94
JR태흥3,2014-11-19,2.93
JR태흥3,2014-11-20,2.91
JR태흥3,2014-11-21,2.91
JR태흥3,2014-11-22,2.91
JR태흥3,2014-11-23,2.93
JR태흥3,2014-11-24,2.95
JR태흥3,2014-11-25,2.98
JR태흥3,2014-11-26,3.01
JR태흥3,2014-11-27,3.0
JR태흥3,2014-11-28,2.98
JR태흥3,2014-11-29,2.94
JR태흥3,2014-11-30,2.94
JR태흥3,2014-12-01,2.93
JR태흥3,2014-12-02,2.87
JR태흥3,2014-12-03,2.83
JR태흥3,2014-12-04,2.81
JR태흥3,2014-12-05,2.79
JR태흥3,2014-12-06,2.75
JR태흥3,2014-12-07,2.74
JR태흥3,2014-12-08,2.74
JR태흥3,2014-12-09,2.72
JR태흥3,2014-12-10,2.71
JR태흥3,2014-12-11,2.7
JR태흥3,2014-12-12,2.68
JR태흥3,2014-12-13,2.65
JR태흥3,2014-12-14,2.62
JR태흥3,2014-12-15,2.61
JR태흥3,2014-12-16,2.61
JR태흥3,2014-12-17,2.56
JR태흥3,2014-12-18,2.53
JR태흥3,2014-12-19,2.54
JR태흥3,2014-12-20,2.54
JR태흥3,2014-12-21,2.52
JR태흥3,2014-12-22,2.5
JR태흥3,2014-12-23,2.48
JR태흥3,2014-12-24,2.48
JR태흥3,2014-12-25,2.48
JR태흥3,2014-12-26,2.47
JR태흥3,2014-12-27,2.45
JR태흥3,2014-12-28,2.44
JR태흥3,2014-12-29,2.44
JR태흥3,2014-12-30,2.43
JR태흥3,2014-12-31,2.44
JR태흥3,2015-01-01,2.41
JR태흥3,2015-01-02,2.38
JR태흥3,2015-01-03,2.36
JR태흥3,2015-01-04,2.36
JR태흥3,2015-01-05,2.38
JR태흥3,2015-01-06,2.41
JR태흥3,2015-01-07,2.39
JR태흥3,2015-01-08,2.37
JR태흥3,2015-01-09,2.36
JR태흥3,2015-01-10,2.35
JR태흥3,2015-01-11,2.34
JR태흥3,2015-01-12,2.32
JR태흥3,2015-01-13,2.3
JR태흥3,2015-01-14,2.3
JR태흥3,2015-01-15,2.32
JR태흥3,2015-01-16,2.31
JR태흥3,2015-01-17,2.28
JR태흥3,2015-01-18,2.29
JR태흥3,2015-01-19,2.29
JR태흥3,2015-01-20,2.29
JR태흥3,2015-01-21,2.31
JR태흥3,2015-01-22,2.34
JR태흥3,2015-01-23,2.34
JR태흥3,2015-01-24,2.32
JR태흥3,2015-01-25,2.31
JR태흥3,2015-01-26,2.32
JR태흥3,2015-01-27,2.29
JR태흥3,2015-01-28,2.25
JR태흥3,2015-01-29,2.24
JR태흥3,2015-01-30,2.23
JR태흥3,2015-01-31,2.19
JR태흥3,2015-02-01,2.17
JR태흥3,2015-02-02,2.15
JR태흥3,2015-02-03,2.16
JR태흥3,2015-02-04,2.18
JR태흥3,2015-02-05,2.18
JR태흥3,2015-02-06,2.17
JR태흥3,2015-02-07,2.16
JR태흥3,2015-02-08,2.16
JR태흥3,2015-02-09,2.13
JR태흥3,2015-02-10,2.1
JR태흥3,2015-02-11,2.09
JR태흥3,2015-02-12,2.12
JR태흥3,2015-02-13,2.11
JR태흥3,2015-02-14,2.09
JR태흥3,2015-02-15,2.09
JR태흥3,2015-02-16,2.16
JR태흥3,2015-02-17,2.19
JR태흥3,2015-02-18,2.19
JR태흥3,2015-02-19,2.18
JR태흥3,2015-02-20,2.18
JR태흥3,2015-02-21,2.21
JR태흥3,2015-02-22,2.29
JR태흥3,2015-02-23,2.31
JR태흥3,2015-02-24,2.31
JR태흥3,2015-02-25,2.31
JR태흥3,2015-02-26,2.3
JR태흥3,2015-02-27,2.24
JR태흥3,2015-02-28,2.22
JR태흥3,2015-03-01,2.2
JR태흥3,2015-03-02,2.17
JR태흥3,2015-03-03,2.19
JR태흥3,2015-03-04,2.19
JR태흥3,2015-03-05,2.15
JR태흥3,2015-03-06,2.14
JR태흥3,2015-03-07,2.15
JR태흥3,2015-03-08,2.13
JR태흥3,2015-03-09,2.12
JR태흥3,2015-03-10,2.09
JR태흥3,2015-03-11,2.04
JR태흥3,2015-03-12,2.01
JR태흥3,2015-03-13,2.01
JR태흥3,2015-03-14,2.01
JR태흥3,2015-03-15,1.99
JR태흥3,2015-03-16,1.98
JR태흥3,2015-03-17,1.98
JR태흥3,2015-03-18,2.05
JR태흥3,2015-03-19,2.23
JR태흥3,2015-03-20,2.34
JR태흥3,2015-03-21,2.36
JR태흥3,2015-03-22,2.37
JR태흥3,2015-03-23,2.36
JR태흥3,2015-03-24,2.32
JR태흥3,2015-03-25,2.29
JR태흥3,2015-03-26,2.24
JR태흥3,2015-03-27,2.2
JR태흥3,2015-03-28,2.18
JR태흥3,2015-03-29,2.2
JR태흥3,2015-03-30,2.22
JR태흥3,2015-03-31,2.26
JR태흥3,2015-04-01,2.29
JR태흥3,2015-04-02,2.34
JR태흥3,2015-04-03,2.4
JR태흥3,2015-04-04,2.45
JR태흥3,2015-04-05,2.5
JR태흥3,2015-04-06,2.52
JR태흥3,2015-04-07,2.53
JR태흥3,2015-04-08,2.51
JR태흥3,2015-04-09,2.48
JR태흥3,2015-04-10,2.47
JR태흥3,2015-04-11,2.46
JR태흥3,2015-04-12,2.45
JR태흥3,2015-04-13,2.47
JR태흥3,2015-04-14,2.52
JR태흥3,2015-04-15,2.52
JR태흥3,2015-04-16,2.54
JR태흥3,2015-04-17,2.55
JR태흥3,2015-04-18,2.55
JR태흥3,2015-04-19,2.62
JR태흥3,2015-04-20,2.83
JR태흥3,2015-04-21,3.01
JR태흥3,2015-04-22,3.24
JR태흥3,2015-04-23,4.18
JR태흥3,2015-04-24,4.94
JR태흥3,2015-04-25,5.18
JR태흥3,2015-04-26,5.29
JR태흥3,2015-04-27,5.29
JR태흥3,2015-04-28,5.25
JR태흥3,2015-04-29,5.2
JR태흥3,2015-04-30,5.14
JR태흥3,2015-05-01,5.07
JR태흥3,2015-05-02,4.98
JR태흥3,2015-05-03,4.91
JR태흥3,2015-05-04,4.94
JR태흥3,2015-05-05,5.01
JR태흥3,2015-05-06,5.14
JR태흥3,2015-05-07,5.31
JR태흥3,2015-05-08,5.49
JR태흥3,2015-05-09,5.6
JR태흥3,2015-05-10,5.62
JR태흥3,2015-05-11,5.59
JR태흥3,2015-05-12,5.57
JR태흥3,2015-05-13,5.65
JR태흥3,2015-05-14,5.8
JR태흥3,2015-05-15,6.04
JR태흥3,2015-05-16,6.34
JR태흥3,2015-05-17,6.5
JR태흥3,2015-05-18,6.55
JR태흥3,2015-05-19,6.52
JR태흥3,2015-05-20,6.44
JR태흥3,2015-05-21,6.33
JR태흥3,2015-05-22,6.21
JR태흥3,2015-05-23,6.09
JR태흥3,2015-05-24,6.0
JR태흥3,2015-05-25,5.9
JR태흥3,2015-05-26,5.82
JR태흥3,2015-05-27,5.73
JR태흥3,2015-05-28,5.65
JR태흥3,2015-05-29,5.58
JR태흥3,2015-05-30,5.51
JR태흥3,2015-05-31,5.44
JR태흥3,2015-06-01,5.37
JR태흥3,2015-06-02,5.31
JR태흥3,2015-06-03,5.25
JR태흥3,2015-06-04,5.19
JR태흥3,2015-06-05,5.14
JR태흥3,2015-06-06,5.09
JR태흥3,2015-06-07,5.04
JR태흥3,2015-06-08,4.99
JR태흥3,2015-06-09,4.92
JR태흥3,2015-06-10,4.78
JR태흥3,2015-06-11,4.51
JR태흥3,2015-06-12,4.23
JR태흥3,2015-06-13,4.01
JR태흥3,2015-06-14,3.83
JR태흥3,2015-06-15,3.68
JR태흥3,2015-06-16,3.59
JR태흥3,2015-06-17,3.54
JR태흥3,2015-06-18,3.51
JR태흥3,2015-06-19,3.48
JR태흥3,2015-06-20,3.43
JR태흥3,2015-06-21,3.38
JR태흥3,2015-06-22,3.33
JR태흥3,2015-06-23,3.3
JR태흥3,2015-06-24,3.29
JR태흥3,2015-06-25,3.3
JR태흥3,2015-06-26,3.33
JR태흥3,2015-06-27,3.35
JR태흥3,2015-06-28,3.37
JR태흥3,2015-06-29,3.36
JR태흥3,2015-06-30,3.36
JR태흥3,2015-07-01,3.4
JR태흥3,2015-07-02,3.44
JR태흥3,2015-07-03,3.46
JR태흥3,2015-07-04,3.49
JR태흥3,2015-07-05,3.54
JR태흥3,2015-07-06,3.62
JR태흥3,2015-07-07,3.79
JR태흥3,2015-07-08,4.4
JR태흥3,2015-07-09,5.14
JR태흥3,2015-07-10,5.72
JR태흥3,2015-07-11,6.46
JR태흥3,2015-07-12,7.06
JR태흥3,2015-07-13,7.53
JR태흥3,2015-07-14,7.96
JR태흥3,2015-07-15,8.34
JR태흥3,2015-07-16,8.48
JR태흥3,2015-07-17,8.43
JR태흥3,2015-07-18,8.27
JR태흥3,2015-07-19,8.07
JR태흥3,2015-07-20,7.87
JR태흥3,2015-07-21,7.68
JR태흥3,2015-07-22,7.52
JR태흥3,2015-07-23,7.37
JR태흥3,2015-07-24,7.25
JR태흥3,2015-07-25,7.15
JR태흥3,2015-07-26,7.05
JR태흥3,2015-07-27,6.96
JR태흥3,2015-07-28,6.86
JR태흥3,2015-07-29,6.76
JR태흥3,2015-07-30,6.66
JR태흥3,2015-07-31,6.56
JR태흥3,2015-08-01,6.46
JR태흥3,2015-08-02,6.37
JR태흥3,2015-08-03,6.28
JR태흥3,2015-08-04,6.2
JR태흥3,2015-08-05,6.11
JR태흥3,2015-08-06,6.03
JR태흥3,2015-08-07,5.95
JR태흥3,2015-08-08,5.88
JR태흥3,2015-08-09,5.81
JR태흥3,2015-08-10,5.74
JR태흥3,2015-08-11,5.67
JR태흥3,2015-08-12,5.63
JR태흥3,2015-08-13,5.58
JR태흥3,2015-08-14,5.53
JR태흥3,2015-08-15,5.49
JR태흥3,2015-08-16,5.45
JR태흥3,2015-08-17,5.41
JR태흥3,2015-08-18,5.38
JR태흥3,2015-08-19,5.35
JR태흥3,2015-08-20,5.31
JR태흥3,2015-08-21,5.28
JR태흥3,2015-08-22,5.25
JR태흥3,2015-08-23,5.22
JR태흥3,2015-08-24,5.2
JR태흥3,2015-08-25,5.19
JR태흥3,2015-08-26,5.19
JR태흥3,2015-08-27,5.18
JR태흥3,2015-08-28,5.18
JR태흥3,2015-08-29,5.17
JR태흥3,2015-08-30,5.17
JR태흥3,2015-08-31,5.17
JR태흥3,2015-09-01,5.17
JR태흥3,2015-09-02,5.17
JR태흥3,2015-09-03,5.16
JR태흥3,2015-09-04,5.14
JR태흥3,2015-09-05,5.12
JR태흥3,2015-09-06,5.1
JR태흥3,2015-09-07,5.08
JR태흥3,2015-09-08,5.07
JR태흥3,2015-09-09,5.05
JR태흥3,2015-09-10,5.03
JR태흥3,2015-09-11,5.0
JR태흥3,2015-09-12,4.98
JR태흥3,2015-09-13,4.94
JR태흥3,2015-09-14,4.86
JR태흥3,2015-09-15,4.71
JR태흥3,2015-09-16,4.48
JR태흥3,2015-09-17,4.31
JR태흥3,2015-09-18,4.17
JR태흥3,2015-09-19,4.02
JR태흥3,2015-09-20,3.92
JR태흥3,2015-09-21,3.81
JR태흥3,2015-09-22,3.72
JR태흥3,2015-09-23,3.65
JR태흥3,2015-09-24,3.69
JR태흥3,2015-09-25,3.9
JR태흥3,2015-09-26,4.18
JR태흥3,2015-09-27,4.54
JR태흥3,2015-09-28,4.86
JR태흥3,2015-09-29,4.99
JR태흥3,2015-09-30,5.07
JR태흥3,2015-10-01,5.17
JR태흥3,2015-10-02,5.32
JR태흥3,2015-10-03,5.52
JR태흥3,2015-10-04,5.75
JR태흥3,2015-10-05,5.98
JR태흥3,2015-10-06,6.14
JR태흥3,2015-10-07,6.2
JR태흥3,2015-10-08,6.19
JR태흥3,2015-10-09,6.13
JR태흥3,2015-10-10,6.04
JR태흥3,2015-10-11,5.95
JR태흥3,2015-10-12,5.84
JR태흥3,2015-10-13,5.74
JR태흥3,2015-10-14,5.63
JR태흥3,2015-10-15,5.54
JR태흥3,2015-10-16,5.45
JR태흥3,2015-10-17,5.37
JR태흥3,2015-10-18,5.29
JR태흥3,2015-10-19,5.21
JR태흥3,2015-10-20,5.14
JR태흥3,2015-10-21,5.07
JR태흥3,2015-10-22,5.0
JR태흥3,2015-10-23,4.92
JR태흥3,2015-10-24,4.71
JR태흥3,2015-10-25,4.33
JR태흥3,2015-10-26,4.08
JR태흥3,2015-10-27,3.89
JR태흥3,2015-10-28,3.77
JR태흥3,2015-10-29,3.68
JR태흥3,2015-10-30,3.59
JR태흥3,2015-10-31,3.49
JR태흥3,2015-11-01,3.42
JR태흥3,2015-11-02,3.36
JR태흥3,2015-11-03,3.31
JR태흥3,2015-11-04,3.26
JR태흥3,2015-11-05,3.21
JR태흥3,2015-11-06,3.18
JR태흥3,2015-11-07,3.19
JR태흥3,2015-11-08,3.21
JR태흥3,2015-11-09,3.22
JR태흥3,2015-11-10,3.21
JR태흥3,2015-11-11,3.21
JR태흥3,2015-11-12,3.21
JR태흥3,2015-11-13,3.22
JR태흥3,2015-11-14,3.24
JR태흥3,2015-11-15,3.23
JR태흥3,2015-11-16,3.24
JR태흥3,2015-11-17,3.1
JR태흥3,2015-11-18,2.97
JR태흥3,2015-11-19,3.0
JR태흥3,2015-11-20,3.0
JR태흥3,2015-11-21,2.98
JR태흥3,2015-11-22,2.97
JR태흥3,2015-11-23,2.98
JR태흥3,2015-11-24,2.99
JR태흥3,2015-11-25,3.02
JR태흥3,2015-11-26,3.05
JR태흥3,2015-11-27,3.03
JR태흥3,2015-11-28,3.02
JR태흥3,2015-11-29,3.03
JR태흥3,2015-11-30,3.02
JR태흥3,2015-12-01,2.99
JR태흥3,2015-12-02,2.98
JR태흥3,2015-12-03,2.96
JR태흥3,2015-12-04,2.9
JR태흥3,2015-12-05,2.85
JR태흥3,2015-12-06,2.82
JR태흥3,2015-12-07,2.8
JR태흥3,2015-12-08,2.77
JR태흥3,2015-12-09,2.75
JR태흥3,2015-12-10,2.78
JR태흥3,2015-12-11,2.83
JR태흥3,2015-12-12,2.89
JR태흥3,2015-12-13,2.92
JR태흥3,2015-12-14,2.92
JR태흥3,2015-12-15,2.92
JR태흥3,2015-12-16,2.91
JR태흥3,2015-12-17,2.87
JR태흥3,2015-12-18,2.82
JR태흥3,2015-12-19,2.78
JR태흥3,2015-12-20,2.76
JR태흥3,2015-12-21,2.76
JR태흥3,2015-12-22,2.76
JR태흥3,2015-12-23,2.79
JR태흥3,2015-12-24,2.83
JR태흥3,2015-12-25,2.83
JR태흥3,2015-12-26,2.82
JR태흥3,2015-12-27,2.81
JR태흥3,2015-12-28,2.77
JR태흥3,2015-12-29,2.73
JR태흥3,2015-12-30,2.7
JR태흥3,2015-12-31,2.67
JR태흥3,2016-01-01,2.65
JR태흥3,2016-01-02,2.62
JR태흥3,2016-01-03,2.61
JR태흥3,2016-01-04,2.62
JR태흥3,2016-01-05,2.61
JR태흥3,2016-01-06,2.6
JR태흥3,2016-01-07,2.59
JR태흥3,2016-01-08,2.58
JR태흥3,2016-01-09,2.57
JR태흥3,2016-01-10,2.58
JR태흥3,2016-01-11,2.58
JR태흥3,2016-01-12,2.59
JR태흥3,2016-01-13,2.57
JR태흥3,2016-01-14,2.56
JR태흥3,2016-01-15,2.56
JR태흥3,2016-01-16,2.56
JR태흥3,2016-01-17,2.57
JR태흥3,2016-01-18,2.57
JR태흥3,2016-01-19,2.53
JR태흥3,2016-01-20,2.49
JR태흥3,2016-01-21,2.49
JR태흥3,2016-01-22,2.49
JR태흥3,2016-01-23,2.47
JR태흥3,2016-01-24,2.43
JR태흥3,2016-01-25,2.37
JR태흥3,2016-01-26,2.36
JR태흥3,2016-01-27,2.35
JR태흥3,2016-01-28,2.36
JR태흥3,2016-01-29,2.4
JR태흥3,2016-01-30,2.5
JR태흥3,2016-01-31,2.53
JR태흥3,2016-02-01,2.51
JR태흥3,2016-02-02,2.48
JR태흥3,2016-02-03,2.45
JR태흥3,2016-02-04,2.43
JR태흥3,2016-02-05,2.43
JR태흥3,2016-02-06,2.44
JR태흥3,2016-02-07,2.45
JR태흥3,2016-02-08,2.48
JR태흥3,2016-02-09,2.5
JR태흥3,2016-02-10,2.51
JR태흥3,2016-02-11,2.52
JR태흥3,2016-02-12,2.55
JR태흥3,2016-02-13,2.6
JR태흥3,2016-02-14,2.66
JR태흥3,2016-02-15,2.67
JR태흥3,2016-02-16,2.66
JR태흥3,2016-02-17,2.64
JR태흥3,2016-02-18,2.63
JR태흥3,2016-02-19,2.62
JR태흥3,2016-02-20,2.63
JR태흥3,2016-02-21,2.63
JR태흥3,2016-02-22,2.63
JR태흥3,2016-02-23,2.64
JR태흥3,2016-02-24,2.62
JR태흥3,2016-02-25,2.6
JR태흥3,2016-02-26,2.58
JR태흥3,2016-02-27,2.57
JR태흥3,2016-02-28,2.59
JR태흥3,2016-02-29,2.58
JR태흥3,2016-03-01,2.54
JR태흥3,2016-03-02,2.52
JR태흥3,2016-03-03,2.49
JR태흥3,2016-03-04,2.51
JR태흥3,2016-03-05,2.56
JR태흥3,2016-03-06,2.61
JR태흥3,2016-03-07,2.65
JR태흥3,2016-03-08,2.7
JR태흥3,2016-03-09,2.74
JR태흥3,2016-03-10,2.76
JR태흥3,2016-03-11,2.74
JR태흥3,2016-03-12,2.72
JR태흥3,2016-03-13,2.73
JR태흥3,2016-03-14,2.73
JR태흥3,2016-03-15,2.71
JR태흥3,2016-03-16,2.69
JR태흥3,2016-03-17,2.68
JR태흥3,2016-03-18,2.71
JR태흥3,2016-03-19,2.75
JR태흥3,2016-03-20,2.76
JR태흥3,2016-03-21,2.76
JR태흥3,2016-03-22,2.75
JR태흥3,2016-03-23,2.75
JR태흥3,2016-03-24,2.76
JR태흥3,2016-03-25,2.77
JR태흥3,2016-03-26,2.75
JR태흥3,2016-03-27,2.74
JR태흥3,2016-03-28,2.72
JR태흥3,2016-03-29,2.71
JR태흥3,2016-03-30,2.71
JR태흥3,2016-03-31,2.7
JR태흥3,2016-04-01,2.7
JR태흥3,2016-04-02,2.7
JR태흥3,2016-04-03,2.7
JR태흥3,2016-04-04,2.72
JR태흥3,2016-04-05,2.73
JR태흥3,2016-04-06,2.74
JR태흥3,2016-04-07,2.8
JR태흥3,2016-04-08,2.88
JR태흥3,2016-04-09,2.93
JR태흥3,2016-04-10,2.96
JR태흥3,2016-04-11,2.97
JR태흥3,2016-04-12,2.98
JR태흥3,2016-04-13,2.99
JR태흥3,2016-04-14,3.0
JR태흥3,2016-04-15,3.01
JR태흥3,2016-04-16,3.04
JR태흥3,2016-04-17,3.08
JR태흥3,2016-04-18,3.1
JR태흥3,2016-04-19,3.14
JR태흥3,2016-04-20,3.17
JR태흥3,2016-04-21,3.26
JR태흥3,2016-04-22,3.37
JR태흥3,2016-04-23,3.52
JR태흥3,2016-04-24,3.61
JR태흥3,2016-04-25,3.65
JR태흥3,2016-04-26,3.67
JR태흥3,2016-04-27,3.72
JR태흥3,2016-04-28,3.79
JR태흥3,2016-04-29,3.81
JR태흥3,2016-04-30,3.78
JR태흥3,2016-05-01,3.73
JR태흥3,2016-05-02,3.71
JR태흥3,2016-05-03,3.74
JR태흥3,2016-05-04,3.8
JR태흥3,2016-05-05,3.89
JR태흥3,2016-05-06,4.04
JR태흥3,2016-05-07,4.27
JR태흥3,2016-05-08,4.6
JR태흥3,2016-05-09,4.79
JR태흥3,2016-05-10,4.94
JR태흥3,2016-05-11,5.05
JR태흥3,2016-05-12,5.1
JR태흥3,2016-05-13,5.11
JR태흥3,2016-05-14,5.09
JR태흥3,2016-05-15,5.07
JR태흥3,2016-05-16,5.05
JR태흥3,2016-05-17,5.01
JR태흥3,2016-05-18,4.97
JR태흥3,2016-05-19,4.93
JR태흥3,2016-05-20,4.88
JR태흥3,2016-05-21,4.84
JR태흥3,2016-05-22,4.81
JR태흥3,2016-05-23,4.77
JR태흥3,2016-05-24,4.75
JR태흥3,2016-05-25,4.73
JR태흥3,2016-05-26,4.69
JR태흥3,2016-05-27,4.66
JR태흥3,2016-05-28,4.62
JR태흥3,2016-05-29,4.58
JR태흥3,2016-05-30,4.51
JR태흥3,2016-05-31,4.43
JR태흥3,2016-06-01,4.37
JR태흥3,2016-06-02,4.32
JR태흥3,2016-06-03,4.25
JR태흥3,2016-06-04,4.21
JR태흥3,2016-06-05,4.18
JR태흥3,2016-06-06,4.15
JR태흥3,2016-06-07,4.07
JR태흥3,2016-06-08,3.96
JR태흥3,2016-06-09,3.85
JR태흥3,2016-06-10,3.74
JR태흥3,2016-06-11,3.6
JR태흥3,2016-06-12,3.51
JR태흥3,2016-06-13,3.45
JR태흥3,2016-06-14,3.4
JR태흥3,2016-06-15,3.36
JR태흥3,2016-06-16,3.33
JR태흥3,2016-06-17,3.27
JR태흥3,2016-06-18,3.23
JR태흥3,2016-06-19,3.21
JR태흥3,2016-06-20,3.2
JR태흥3,2016-06-21,3.19
JR태흥3,2016-06-22,3.22
JR태흥3,2016-06-23,3.32
JR태흥3,2016-06-24,3.44
JR태흥3,2016-06-25,3.51
JR태흥3,2016-06-26,3.58
JR태흥3,2016-06-27,3.77
JR태흥3,2016-06-28,4.1
JR태흥3,2016-06-29,4.32
JR태흥3,2016-06-30,4.49
JR태흥3,2016-07-01,4.58
JR태흥3,2016-07-02,4.64
JR태흥3,2016-07-03,4.68
JR태흥3,2016-07-04,4.72
JR태흥3,2016-07-05,4.74
JR태흥3,2016-07-06,4.74
JR태흥3,2016-07-07,4.7
JR태흥3,2016-07-08,4.68
JR태흥3,2016-07-09,4.64
JR태흥3,2016-07-10,4.59
JR태흥3,2016-07-11,4.55
JR태흥3,2016-07-12,4.51
JR태흥3,2016-07-13,4.58
JR태흥3,2016-07-14,4.78
JR태흥3,2016-07-15,5.01
JR태흥3,2016-07-16,5.33
JR태흥3,2016-07-17,5.65
JR태흥3,2016-07-18,5.85
JR태흥3,2016-07-19,5.96
JR태흥3,2016-07-20,5.97
JR태흥3,2016-07-21,5.93
JR태흥3,2016-07-23,5.89
JR태흥3,2016-07-24,5.81
JR태흥3,2016-07-25,5.7
JR태흥3,2016-07-26,5.61
JR태흥3,2016-07-27,5.51
JR태흥3,2016-07-28,5.43
JR태흥3,2016-07-29,5.36
JR태흥3,2016-07-30,5.28
JR태흥3,2016-07-31,5.2
JR태흥3,2016-08-01,5.13
JR태흥3,2016-08-02,5.06
JR태흥3,2016-08-03,5.0
JR태흥3,2016-08-04,4.95
JR태흥3,2016-08-05,4.9
JR태흥3,2016-08-06,4.85
JR태흥3,2016-08-07,4.79
JR태흥3,2016-08-08,4.72
JR태흥3,2016-08-09,4.61
JR태흥3,2016-08-10,4.46
JR태흥3,2016-08-11,4.26
JR태흥3,2016-08-12,3.99
JR태흥3,2016-08-13,3.77
JR태흥3,2016-08-14,3.6
JR태흥3,2016-08-15,3.5
JR태흥3,2016-08-16,3.44
JR태흥3,2016-08-17,3.4
JR태흥3,2016-08-18,3.35
JR태흥3,2016-08-19,3.32
JR태흥3,2016-08-20,3.29
JR태흥3,2016-08-21,3.28
JR태흥3,2016-08-22,3.26
JR태흥3,2016-08-23,3.22
JR태흥3,2016-08-24,3.19
JR태흥3,2016-08-25,3.17
JR태흥3,2016-08-26,3.13
JR태흥3,2016-08-27,3.14
JR태흥3,2016-08-28,3.16
JR태흥3,2016-08-29,3.16
JR태흥3,2016-08-30,3.15
JR태흥3,2016-08-31,3.14
JR태흥3,2016-09-01,3.13
JR태흥3,2016-09-02,3.14
JR태흥3,2016-09-03,3.15
JR태흥3,2016-09-04,3.13
JR태흥3,2016-09-05,3.1
JR태흥3,2016-09-06,3.08
JR태흥3,2016-09-07,3.07
JR태흥3,2016-09-08,3.06
JR태흥3,2016-09-09,3.03
JR태흥3,2016-09-10,3.02
JR태흥3,2016-09-11,2.99
JR태흥3,2016-09-12,2.97
JR태흥3,2016-09-13,2.94
JR태흥3,2016-09-14,2.93
JR태흥3,2016-09-16,2.91
JR태흥3,2016-09-17,2.94
JR태흥3,2016-09-18,2.97
JR태흥3,2016-09-19,3.0
JR태흥3,2016-09-20,3.03
JR태흥3,2016-09-21,3.0
JR태흥3,2016-09-22,2.96
JR태흥3,2016-09-23,2.92
JR태흥3,2016-09-24,2.89
JR태흥3,2016-09-25,2.85
JR태흥3,2016-09-26,2.83
JR태흥3,2016-09-27,2.83
JR태흥3,2016-09-28,2.82
JR태흥3,2016-09-29,2.86
JR태흥3,2016-09-30,2.91
JR태흥3,2016-10-01,2.95
JR태흥3,2016-10-02,2.97
JR태흥3,2016-10-03,2.99
JR태흥3,2016-10-04,3.0
JR태흥3,2016-10-05,3.13
JR태흥3,2016-10-06,3.45
JR태흥3,2016-10-07,4.1
JR태흥3,2016-10-08,5.09
JR태흥3,2016-10-09,5.73
JR태흥3,2016-10-10,6.08
JR태흥3,2016-10-11,6.18
JR태흥3,2016-10-12,6.15
JR태흥3,2016-10-13,6.03
JR태흥3,2016-10-14,5.87
JR태흥3,2016-10-15,5.72
JR태흥3,2016-10-16,5.58
JR태흥3,2016-10-17,5.46
JR태흥3,2016-10-18,5.35
JR태흥3,2016-10-19,5.25
JR태흥3,2016-10-20,5.15
JR태흥3,2016-10-21,5.07
JR태흥3,2016-10-22,4.99
JR태흥3,2016-10-23,4.93
JR태흥3,2016-10-24,4.87
JR태흥3,2016-10-25,4.81
JR태흥3,2016-10-26,4.74
JR태흥3,2016-10-27,4.66
JR태흥3,2016-10-28,4.58
JR태흥3,2016-10-29,4.41
JR태흥3,2016-10-30,4.28
JR태흥3,2016-10-31,4.05
JR태흥3,2016-11-01,3.88
JR태흥3,2016-11-02,3.67
JR태흥3,2016-11-03,3.55
JR태흥3,2016-11-04,3.45
JR태흥3,2016-11-05,3.4
JR태흥3,2016-11-06,3.35
JR태흥3,2016-11-07,3.33
JR태흥3,2016-11-08,3.26
JR태흥3,2016-11-09,3.16
JR태흥3,2016-11-10,3.11
JR태흥3,2016-11-11,3.08
JR태흥3,2016-11-12,3.07
JR태흥3,2016-11-13,3.09
JR태흥3,2016-11-14,3.11
JR태흥3,2016-11-15,3.13
JR태흥3,2016-11-16,3.14
JR태흥3,2016-11-17,3.13
JR태흥3,2016-11-18,3.13
JR태흥3,2016-11-19,3.12
JR태흥3,2016-11-20,3.09
JR태흥3,2016-11-21,3.08
JR태흥3,2016-11-22,3.06
JR태흥3,2016-11-23,3.01
JR태흥3,2016-11-24,2.94
JR태흥3,2016-11-25,2.9
JR태흥3,2016-11-26,2.9
JR태흥3,2016-11-27,2.9
JR태흥3,2016-11-28,2.9
JR태흥3,2016-11-29,2.88
JR태흥3,2016-11-30,2.87
JR태흥3,2016-12-01,2.85
JR태흥3,2016-12-02,2.8
JR태흥3,2016-12-03,2.77
JR태흥3,2016-12-04,2.76
JR태흥3,2016-12-05,2.76
JR태흥3,2016-12-06,2.75
JR태흥3,2016-12-07,2.74
JR태흥3,2016-12-08,2.72
JR태흥3,2016-12-09,2.71
JR태흥3,2016-12-10,2.69
JR태흥3,2016-12-11,2.67
JR태흥3,2016-12-12,2.66
JR태흥3,2016-12-13,2.7
JR태흥3,2016-12-14,2.72
JR태흥3,2016-12-15,2.7
JR태흥3,2016-12-16,2.66
JR태흥3,2016-12-17,2.62
JR태흥3,2016-12-18,2.59
JR태흥3,2016-12-19,2.57
JR태흥3,2016-12-20,2.55
JR태흥3,2016-12-21,2.55
JR태흥3,2016-12-22,2.58
JR태흥3,2016-12-23,2.55
JR태흥3,2016-12-24,2.54
JR태흥3,2016-12-25,2.54
JR태흥3,2016-12-26,2.55
JR태흥3,2016-12-27,2.54
JR태흥3,2016-12-28,2.53
JR태흥3,2016-12-29,2.53
JR태흥3,2016-12-30,2.5
JR태흥3,2016-12-31,2.48
JR태흥3,2017-01-01,2.47
JR태흥3,2017-01-02,2.47
JR태흥3,2017-01-03,2.47
JR태흥3,2017-01-04,2.47
JR태흥3,2017-01-05,2.49
JR태흥3,2017-01-06,2.51
JR태흥3,2017-01-07,2.51
JR태흥3,2017-01-08,2.52
JR태흥3,2017-01-09,2.53
JR태흥3,2017-01-10,2.51
JR태흥3,2017-01-11,2.5
JR태흥3,2017-01-12,2.5
JR태흥3,2017-01-13,2.51
JR태흥3,2017-01-14,2.52
JR태흥3,2017-01-15,2.52
JR태흥3,2017-01-16,2.5
JR태흥3,2017-01-17,2.49
JR태흥3,2017-01-18,2.48
JR태흥3,2017-01-19,2.46
JR태흥3,2017-01-20,2.43
JR태흥3,2017-01-21,2.39
JR태흥3,2017-01-22,2.37
JR태흥3,2017-01-23,2.35
JR태흥3,2017-01-24,2.32
JR태흥3,2017-01-25,2.31
JR태흥3,2017-01-26,2.31
JR태흥3,2017-01-27,2.32
JR태흥3,2017-01-28,2.33
JR태흥3,2017-01-29,2.36
JR태흥3,2017-01-30,2.38
JR태흥3,2017-01-31,2.37
JR태흥3,2017-02-01,2.36
JR태흥3,2017-02-02,2.32
JR태흥3,2017-02-03,2.29
JR태흥3,2017-02-04,2.29
JR태흥3,2017-02-05,2.32
JR태흥3,2017-02-06,2.3
JR태흥3,2017-02-07,2.29
JR태흥3,2017-02-08,2.3
JR태흥3,2017-02-09,2.32
JR태흥3,2017-02-10,2.32
JR태흥3,2017-02-11,2.3
JR태흥3,2017-02-12,2.29
JR태흥3,2017-02-13,2.28
JR태흥3,2017-02-14,2.26
JR태흥3,2017-02-15,2.24
JR태흥3,2017-02-16,2.22
JR태흥3,2017-02-17,2.22
JR태흥3,2017-02-18,2.21
JR태흥3,2017-02-19,2.19
JR태흥3,2017-02-20,2.2
JR태흥3,2017-02-21,2.19
JR태흥3,2017-02-22,2.22
JR태흥3,2017-02-23,2.27
JR태흥3,2017-02-24,2.27
JR태흥3,2017-02-25,2.28
JR태흥3,2017-02-26,2.28
JR태흥3,2017-02-27,2.29
JR태흥3,2017-02-28,2.28
JR태흥3,2017-03-01,2.29
JR태흥3,2017-03-02,2.29
JR태흥3,2017-03-03,2.27
JR태흥3,2017-03-04,2.25
JR태흥3,2017-03-05,2.25
JR태흥3,2017-03-06,2.25
JR태흥3,2017-03-07,2.22
JR태흥3,2017-03-08,2.19
JR태흥3,2017-03-09,2.17
JR태흥3,2017-03-10,2.17
JR태흥3,2017-03-11,2.18
JR태흥3,2017-03-12,2.18
JR태흥3,2017-03-13,2.17
JR태흥3,2017-03-14,2.19
JR태흥3,2017-03-15,2.18
JR태흥3,2017-03-16,2.16
JR태흥3,2017-03-17,2.15
JR태흥3,2017-03-18,2.14
JR태흥3,2017-03-19,2.12
JR태흥3,2017-03-20,2.13
JR태흥3,2017-03-21,2.14
JR태흥3,2017-03-22,2.13
JR태흥3,2017-03-23,2.12
JR태흥3,2017-03-24,2.12
JR태흥3,2017-03-25,2.12
JR태흥3,2017-03-26,2.13
JR태흥3,2017-03-27,2.11
JR태흥3,2017-03-28,2.09
JR태흥3,2017-03-29,2.1
JR태흥3,2017-03-30,2.11
JR태흥3,2017-03-31,2.13
JR태흥3,2017-04-01,2.16
JR태흥3,2017-04-02,2.13
JR태흥3,2017-04-03,2.09
JR태흥3,2017-04-04,2.07
JR태흥3,2017-04-05,2.06
JR태흥3,2017-04-06,2.09
JR태흥3,2017-04-07,2.16
JR태흥3,2017-04-08,2.23
JR태흥3,2017-04-09,2.27
JR태흥3,2017-04-10,2.31
JR태흥3,2017-04-11,2.34
JR태흥3,2017-04-12,2.32
JR태흥3,2017-04-13,2.26
JR태흥3,2017-04-14,2.22
JR태흥3,2017-04-15,2.2
JR태흥3,2017-04-16,2.2
JR태흥3,2017-04-17,2.22
JR태흥3,2017-04-18,2.25
JR태흥3,2017-04-19,2.24
JR태흥3,2017-04-20,2.23
JR태흥3,2017-04-21,2.22
JR태흥3,2017-04-22,2.2
JR태흥3,2017-04-23,2.17
JR태흥3,2017-04-24,2.14
JR태흥3,2017-04-25,2.13
JR태흥3,2017-04-26,2.14
JR태흥3,2017-04-27,2.16
JR태흥3,2017-04-28,2.16
JR태흥3,2017-04-29,2.16
JR태흥3,2017-04-30,2.15
JR태흥3,2017-05-01,2.13
JR태흥3,2017-05-02,2.12
JR태흥3,2017-05-03,2.08
JR태흥3,2017-05-04,2.04
JR태흥3,2017-05-05,2.04
JR태흥3,2017-05-06,2.02
JR태흥3,2017-05-07,2.0
JR태흥3,2017-05-08,1.99
JR태흥3,2017-05-09,2.02
JR태흥3,2017-05-10,2.06
JR태흥3,2017-05-11,2.04
JR태흥3,2017-05-12,2.04
JR태흥3,2017-05-13,2.07
JR태흥3,2017-05-14,2.08
JR태흥3,2017-05-15,2.06
JR태흥3,2017-05-16,2.04
JR태흥3,2017-05-17,2.02
JR태흥3,2017-05-18,2.0
JR태흥3,2017-05-19,1.97
JR태흥3,2017-05-20,1.93
JR태흥3,2017-05-21,1.91
JR태흥3,2017-05-22,1.92
JR태흥3,2017-05-23,1.95
JR태흥3,2017-05-24,1.99
JR태흥3,2017-05-25,2.03
JR태흥3,2017-05-26,2.04
JR태흥3,2017-05-27,2.04
JR태흥3,2017-05-28,2.03
JR태흥3,2017-05-29,2.01
JR태흥3,2017-05-30,1.99
JR태흥3,2017-05-31,1.99
JR태흥3,2017-06-01,2.01
JR태흥3,2017-06-02,2.02
JR태흥3,2017-06-03,2.02
JR태흥3,2017-06-04,2.01
JR태흥3,2017-06-05,1.99
JR태흥3,2017-06-06,1.99
JR태흥3,2017-06-07,2.02
JR태흥3,2017-06-08,2.04
JR태흥3,2017-06-09,2.05
JR태흥3,2017-06-10,2.06
JR태흥3,2017-06-11,2.09
JR태흥3,2017-06-12,2.1
JR태흥3,2017-06-13,2.09
JR태흥3,2017-06-14,2.05
JR태흥3,2017-06-15,2.02
JR태흥3,2017-06-16,2.0
JR태흥3,2017-06-17,2.0
JR태흥3,2017-06-18,2.0
JR태흥3,2017-06-19,1.98
JR태흥3,2017-06-20,1.99
JR태흥3,2017-06-21,2.04
JR태흥3,2017-06-22,2.06
JR태흥3,2017-06-23,2.06
JR태흥3,2017-06-24,2.09
JR태흥3,2017-06-25,2.13
JR태흥3,2017-06-26,2.15
JR태흥3,2017-06-27,2.14
JR태흥3,2017-06-28,2.11
JR태흥3,2017-06-29,2.09
JR태흥3,2017-06-30,2.09
JR태흥3,2017-07-01,2.07
JR태흥3,2017-07-02,2.05
JR태흥3,2017-07-03,2.05
JR태흥3,2017-07-04,2.05
JR태흥3,2017-07-05,2.04
JR태흥3,2017-07-06,2.04
JR태흥3,2017-07-07,2.03
JR태흥3,2017-07-08,2.02
JR태흥3,2017-07-09,2.03
JR태흥3,2017-07-10,2.04
JR태흥3,2017-07-11,2.06
JR태흥3,2017-07-12,2.07
JR태흥3,2017-07-13,2.05
JR태흥3,2017-07-14,2.04
JR태흥3,2017-07-15,2.02
JR태흥3,2017-07-16,1.98
JR태흥3,2017-07-17,1.95
JR태흥3,2017-07-18,1.94
JR태흥3,2017-07-19,1.99
JR태흥3,2017-07-20,2.03
JR태흥3,2017-07-21,2.05
JR태흥3,2017-07-22,2.05
JR태흥3,2017-07-23,2.06
JR태흥3,2017-07-24,2.08
JR태흥3,2017-07-25,2.09
JR태흥3,2017-07-26,2.12
JR태흥3,2017-07-27,2.17
JR태흥3,2017-07-28,2.14
JR태흥3,2017-07-29,2.11
JR태흥3,2017-07-30,2.1
JR태흥3,2017-07-31,2.1
JR태흥3,2017-08-02,2.87
JR태흥3,2017-08-03,3.18
JR태흥3,2017-08-04,4.41
JR태흥3,2017-08-05,4.88
JR태흥3,2017-08-06,5.02
JR태흥3,2017-08-07,5.01
JR태흥3,2017-08-08,4.94
JR태흥3,2017-08-09,4.84
JR태흥3,2017-08-10,4.72
JR태흥3,2017-08-11,4.55
JR태흥3,2017-08-12,4.2
JR태흥3,2017-08-13,3.77
JR태흥3,2017-08-14,3.4
JR태흥3,2017-08-15,2.98
JR태흥3,2017-08-16,2.71
JR태흥3,2017-08-17,2.56
JR태흥3,2017-08-18,2.47
JR태흥3,2017-08-19,2.41
JR태흥3,2017-08-20,2.39
JR태흥3,2017-08-21,2.4
JR태흥3,2017-08-22,2.39
JR태흥3,2017-08-23,2.37
JR태흥3,2017-08-24,2.34
JR태흥3,2017-08-25,2.31
JR태흥3,2017-08-26,2.3
JR태흥3,2017-08-27,2.27
JR태흥3,2017-08-28,2.23
JR태흥3,2017-08-29,2.19
JR태흥3,2017-08-30,2.17
JR태흥3,2017-08-31,2.16
JR태흥3,2017-09-01,2.16
JR태흥3,2017-09-02,2.16
JR태흥3,2017-09-03,2.15
JR태흥3,2017-09-04,2.14
JR태흥3,2017-09-05,2.15
JR태흥3,2017-09-06,2.14
JR태흥3,2017-09-07,2.15
JR태흥3,2017-09-08,2.17
JR태흥3,2017-09-09,2.17
JR태흥3,2017-09-10,2.16
JR태흥3,2017-09-11,2.17
JR태흥3,2017-09-12,2.19
JR태흥3,2017-09-13,2.18
JR태흥3,2017-09-14,2.17
JR태흥3,2017-09-15,2.16
JR태흥3,2017-09-16,2.17
JR태흥3,2017-09-17,2.18
JR태흥3,2017-09-18,2.14
JR태흥3,2017-09-19,2.11
JR태흥3,2017-09-20,2.11
JR태흥3,2017-09-21,2.11
JR태흥3,2017-09-22,2.11
JR태흥3,2017-09-23,2.11
JR태흥3,2017-09-24,2.08
JR태흥3,2017-09-25,2.05
JR태흥3,2017-09-26,2.05
JR태흥3,2017-09-27,2.06
JR태흥3,2017-09-28,2.03
JR태흥3,2017-09-29,2.0
JR태흥3,2017-09-30,1.95
JR태흥3,2017-10-01,1.93
JR태흥3,2017-10-02,2.01
JR태흥3,2017-10-03,2.24
JR태흥3,2017-10-04,2.39
JR태흥3,2017-10-05,2.45
JR태흥3,2017-10-06,2.52
JR태흥3,2017-10-07,2.72
JR태흥3,2017-10-08,3.72
JR태흥3,2017-10-09,4.61
JR태흥3,2017-10-10,4.89
JR태흥3,2017-10-11,5.02
JR태흥3,2017-10-12,5.07
JR태흥3,2017-10-13,5.05
JR태흥3,2017-10-14,4.98
JR태흥3,2017-10-15,4.89
JR태흥3,2017-10-16,4.79
JR태흥3,2017-10-17,4.68
JR태흥3,2017-10-18,4.51
JR태흥3,2017-10-19,4.25
JR태흥3,2017-10-20,3.97
JR태흥3,2017-10-21,3.66
JR태흥3,2017-10-22,3.39
JR태흥3,2017-10-23,3.22
JR태흥3,2017-10-24,3.04
JR태흥3,2017-10-25,2.87
JR태흥3,2017-10-26,2.73
JR태흥3,2017-10-27,2.66
JR태흥3,2017-10-28,2.63
JR태흥3,2017-10-29,2.61
JR태흥3,2017-10-30,2.53
JR태흥3,2017-10-31,2.47
JR태흥3,2017-11-01,2.44
JR태흥3,2017-11-02,2.42
JR태흥3,2017-11-03,2.41
JR태흥3,2017-11-04,2.39
JR태흥3,2017-11-05,2.35
JR태흥3,2017-11-06,2.32
JR태흥3,2017-11-07,2.29
JR태흥3,2017-11-08,2.29
JR태흥3,2017-11-09,2.26
JR태흥3,2017-11-10,2.25
JR태흥3,2017-11-11,2.21
JR태흥3,2017-11-12,2.18
JR태흥3,2017-11-13,2.16
JR태흥3,2017-11-14,2.14
JR태흥3,2017-11-15,2.12
JR태흥3,2017-11-16,2.09
JR태흥3,2017-11-17,2.09
JR태흥3,2017-11-18,2.1
JR태흥3,2017-11-19,2.06
JR태흥3,2017-11-20,2.04
JR태흥3,2017-11-21,2.02
JR태흥3,2017-11-22,2.01
JR태흥3,2017-11-23,1.99
JR태흥3,2017-11-24,1.97
JR태흥3,2017-11-25,1.94
JR태흥3,2017-11-26,1.91
JR태흥3,2017-11-27,1.88
JR태흥3,2017-11-28,1.86
JR태흥3,2017-11-29,1.84
JR태흥3,2017-11-30,1.83
JR태흥3,2017-12-01,1.82
JR태흥3,2017-12-02,1.81
JR태흥3,2017-12-03,1.82
JR태흥3,2017-12-04,1.84
JR태흥3,2017-12-05,1.85
JR태흥3,2017-12-06,1.86
JR태흥3,2017-12-07,1.88
JR태흥3,2017-12-08,1.89
JR태흥3,2017-12-09,1.87
JR태흥3,2017-12-10,1.85
JR태흥3,2017-12-11,1.82
JR태흥3,2017-12-12,1.79
JR태흥3,2017-12-13,1.77
JR태흥3,2017-12-14,1.75
JR태흥3,2017-12-15,1.76
JR태흥3,2017-12-16,1.76
JR태흥3,2017-12-17,1.74
JR태흥3,2017-12-18,1.73
JR태흥3,2017-12-19,1.72
JR태흥3,2017-12-20,1.7
JR태흥3,2017-12-21,1.69
JR태흥3,2017-12-22,1.67
JR태흥3,2017-12-23,1.66
JR태흥3,2017-12-24,1.68
JR태흥3,2017-12-25,1.68
JR태흥3,2017-12-26,1.66
JR태흥3,2017-12-27,1.63
JR태흥3,2017-12-28,1.6
JR태흥3,2017-12-29,1.59
JR태흥3,2017-12-30,1.6
JR태흥3,2017-12-31,1.62
JR태흥3,2018-01-01,1.63
JR태흥3,2018-01-02,1.64
JR태흥3,2018-01-03,1.65
JR태흥3,2018-01-04,1.65
JR태흥3,2018-01-05,1.66
JR태흥3,2018-01-06,1.66
JR태흥3,2018-01-07,1.67
JR태흥3,2018-01-08,1.69
JR태흥3,2018-01-09,1.67
JR태흥3,2018-01-10,1.61
JR태흥3,2018-01-11,1.57
JR태흥3,2018-01-12,1.55
JR태흥3,2018-01-13,1.53
JR태흥3,2018-01-14,1.52
JR태흥3,2018-01-15,1.51
JR태흥3,2018-01-16,1.52
JR태흥3,2018-01-17,1.59
JR태흥3,2018-01-18,1.64
JR태흥3,2018-01-19,1.64
JR태흥3,2018-01-20,1.63
JR태흥3,2018-01-21,1.62
JR태흥3,2018-01-22,1.63
JR태흥3,2018-01-23,1.63
JR태흥3,2018-01-24,1.6
JR태흥3,2018-01-25,1.57
JR태흥3,2018-01-26,1.54
JR태흥3,2018-01-27,1.51
JR태흥3,2018-01-28,1.51
JR태흥3,2018-01-29,1.51
JR태흥3,2018-01-30,1.51
JR태흥3,2018-01-31,1.52
JR태흥3,2018-02-01,1.53
JR태흥3,2018-02-02,1.54
JR태흥3,2018-02-03,1.53
JR태흥3,2018-02-04,1.51
JR태흥3,2018-02-05,1.49
JR태흥3,2018-02-06,1.49
JR태흥3,2018-02-07,1.48
JR태흥3,2018-02-08,1.47
JR태흥3,2018-02-09,1.46
JR태흥3,2018-02-10,1.46
JR태흥3,2018-02-11,1.45
JR태흥3,2018-02-12,1.42
JR태흥3,2018-02-13,1.4
JR태흥3,2018-02-14,1.4
JR태흥3,2018-02-15,1.43
JR태흥3,2018-02-16,1.46
JR태흥3,2018-02-17,1.46
JR태흥3,2018-02-18,1.43
JR태흥3,2018-02-19,1.44
JR태흥3,2018-02-20,1.44
JR태흥3,2018-02-21,1.43
JR태흥3,2018-02-22,1.42
JR태흥3,2018-02-23,1.41
JR태흥3,2018-02-24,1.4
JR태흥3,2018-02-25,1.4
JR태흥3,2018-02-26,1.39
JR태흥3,2018-02-27,1.38
JR태흥3,2018-02-28,1.42
JR태흥3,2018-03-01,1.49
JR태흥3,2018-03-02,1.49
JR태흥3,2018-03-03,1.52
JR태흥3,2018-03-04,1.54
JR태흥3,2018-03-05,1.57
JR태흥3,2018-03-06,1.58
JR태흥3,2018-03-07,1.55
JR태흥3,2018-03-08,1.53
JR태흥3,2018-03-09,1.51
JR태흥3,2018-03-10,1.48
JR태흥3,2018-03-11,1.45
JR태흥3,2018-03-12,1.42
JR태흥3,2018-03-13,1.42
JR태흥3,2018-03-14,1.41
JR태흥3,2018-03-15,1.43
JR태흥3,2018-03-16,1.49
JR태흥3,2018-03-17,1.55
JR태흥3,2018-03-18,1.53
JR태흥3,2018-03-19,1.56
JR태흥3,2018-03-20,1.65
JR태흥3,2018-03-21,1.78
JR태흥3,2018-03-22,1.81
JR태흥3,2018-03-23,1.77
JR태흥3,2018-03-24,1.72
JR태흥3,2018-03-25,1.67
JR태흥3,2018-03-26,1.63
JR태흥3,2018-03-27,1.61
JR태흥3,2018-03-28,1.61
JR태흥3,2018-03-29,1.63
JR태흥3,2018-03-30,1.65
JR태흥3,2018-03-31,1.66
JR태흥3,2018-04-01,1.65
JR태흥3,2018-04-02,1.67
JR태흥3,2018-04-03,1.67
JR태흥3,2018-04-04,1.68
JR태흥3,2018-04-05,1.7
JR태흥3,2018-04-06,1.7
JR태흥3,2018-04-07,1.66
JR태흥3,2018-04-08,1.62
JR태흥3,2018-04-09,1.6
JR태흥3,2018-04-10,1.6
JR태흥3,2018-04-11,1.61
JR태흥3,2018-04-12,1.61
JR태흥3,2018-04-13,1.62
JR태흥3,2018-04-14,1.68
JR태흥3,2018-04-15,1.69
JR태흥3,2018-04-16,1.69
JR태흥3,2018-04-17,1.7
JR태흥3,2018-04-18,1.68
JR태흥3,2018-04-19,1.65
JR태흥3,2018-04-20,1.63
JR태흥3,2018-04-21,1.63
JR태흥3,2018-04-22,1.64
JR태흥3,2018-04-23,1.71
JR태흥3,2018-04-24,1.89
JR태흥3,2018-04-25,2.1
JR태흥3,2018-04-26,2.19
JR태흥3,2018-04-27,2.21
JR태흥3,2018-04-28,2.22
JR태흥3,2018-04-29,2.23
JR태흥3,2018-04-30,2.36
JR태흥3,2018-05-01,2.77
JR태흥3,2018-05-02,3.07
JR태흥3,2018-05-03,3.14
JR태흥3,2018-05-04,3.08
JR태흥3,2018-05-05,2.94
JR태흥3,2018-05-06,2.76
JR태흥3,2018-05-07,2.83
JR태흥3,2018-05-08,3.11
JR태흥3,2018-05-09,3.5
JR태흥3,2018-05-10,3.96
JR태흥3,2018-05-11,4.58
JR태흥3,2018-05-12,4.83
JR태흥3,2018-05-13,4.94
JR태흥3,2018-05-14,4.99
JR태흥3,2018-05-15,4.98
JR태흥3,2018-05-16,4.96
JR태흥3,2018-05-17,4.93
JR태흥3,2018-05-18,4.89
JR태흥3,2018-05-19,4.86
JR태흥3,2018-05-20,4.82
JR태흥3,2018-05-21,4.75
JR태흥3,2018-05-22,4.67
JR태흥3,2018-05-23,4.56
JR태흥3,2018-05-24,4.43
JR태흥3,2018-05-25,4.17
JR태흥3,2018-05-26,4.1
JR태흥3,2018-05-31,3.33
JR태흥3,2018-06-01,3.23
JR태흥3,2018-06-02,3.1
JR태흥3,2018-06-03,2.99
JR태흥3,2018-06-04,2.88
JR태흥3,2018-06-05,2.82
JR태흥3,2018-06-06,2.8
JR태흥3,2018-06-07,2.77
JR태흥3,2018-06-08,2.74
JR태흥3,2018-06-09,2.74
JR태흥3,2018-06-10,2.78
JR태흥3,2018-06-11,2.82
JR태흥3,2018-06-12,2.84
JR태흥3,2018-06-13,2.83
JR태흥3,2018-06-14,2.83
JR태흥3,2018-06-15,2.83
JR태흥3,2018-06-16,2.82
JR태흥3,2018-06-17,2.79
JR태흥3,2018-06-18,2.75
JR태흥3,2018-06-19,2.73
JR태흥3,2018-06-20,2.74
JR태흥3,2018-06-21,2.73
JR태흥3,2018-06-22,2.7
JR태흥3,2018-06-23,2.67
JR태흥3,2018-06-24,2.65
JR태흥3,2018-06-25,2.62
JR태흥3,2018-06-26,2.63
JR태흥3,2018-06-27,2.62
JR태흥3,2018-06-28,2.63
JR태흥3,2018-06-29,2.66
JR태흥3,2018-06-30,2.73
JR태흥3,2018-07-01,2.76
JR태흥3,2018-07-09,4.6
JR태흥3,2018-07-10,4.58
JR태흥3,2018-07-11,4.51
JR태흥3,2018-07-12,4.39
JR태흥3,2018-07-13,4.21
JR태흥3,2018-07-14,4.09
JR태흥3,2018-07-15,3.91
JR태흥3,2018-07-16,3.71
JR태흥3,2018-07-17,3.41
JR태흥3,2018-07-18,3.16
JR태흥3,2018-07-19,2.98
JR태흥3,2018-07-20,2.86
JR태흥3,2018-07-21,2.77
JR태흥3,2018-07-22,2.75
JR태흥3,2018-07-23,2.74
JR태흥3,2018-07-24,2.7
JR태흥3,2018-07-25,2.67
JR태흥3,2018-07-26,2.65
JR태흥3,2018-07-27,2.64
JR태흥3,2018-07-28,2.62
JR태흥3,2018-07-29,2.62
JR태흥3,2018-07-30,2.63
JR태흥3,2018-07-31,2.63
JR태흥3,2018-08-01,2.61
JR태흥3,2018-08-02,2.59
JR태흥3,2018-08-03,2.57
JR태흥3,2018-08-04,2.55
JR태흥3,2018-08-05,2.5
JR태흥3,2018-08-06,2.47
JR태흥3,2018-08-07,2.46
JR태흥3,2018-08-08,2.45
JR태흥3,2018-08-09,2.44
JR태흥3,2018-08-10,2.44
JR태흥3,2018-08-11,2.45
JR태흥3,2018-08-12,2.47
JR태흥3,2018-08-13,2.48
JR태흥3,2018-08-14,2.46
JR태흥3,2018-08-15,2.45
JR태흥3,2018-08-16,2.47
JR태흥3,2018-08-17,2.49
JR태흥3,2018-08-18,2.47
JR태흥3,2018-08-19,2.42
JR태흥3,2018-08-20,2.38
JR태흥3,2018-08-21,2.37
JR태흥3,2018-08-22,2.4
JR태흥3,2018-08-23,2.54
JR태흥3,2018-08-24,2.63
JR태흥3,2018-08-25,2.58
JR태흥3,2018-08-26,2.57
JR태흥3,2018-08-27,2.54
JR태흥3,2018-08-28,2.51
JR태흥3,2018-08-29,2.48
JR태흥3,2018-08-30,2.46
JR태흥3,2018-08-31,2.43
JR태흥3,2018-09-01,2.43
JR태흥3,2018-09-02,2.54
JR태흥3,2018-09-03,2.64
JR태흥3,2018-09-04,2.73
JR태흥3,2018-09-05,2.78
JR태흥3,2018-09-06,2.8
JR태흥3,2018-09-07,2.81
JR태흥3,2018-09-08,2.93
JR태흥3,2018-09-09,3.23
JR태흥3,2018-09-10,3.45
JR태흥3,2018-09-12,3.45
JR태흥3,2018-09-13,3.46
JR태흥3,2018-09-14,4.7
JR태흥3,2018-09-15,6.22
JR태흥3,2018-09-16,8.19
JR태흥3,2018-09-17,8.98
JR태흥3,2018-09-18,8.95
JR태흥3,2018-09-19,8.71
JR태흥3,2018-09-20,8.39
JR태흥3,2018-09-21,8.05
JR태흥3,2018-09-22,7.74
JR태흥3,2018-09-23,7.46
JR태흥3,2018-09-24,7.22
JR태흥3,2018-09-25,6.99
JR태흥3,2018-09-26,6.79
JR태흥3,2018-09-27,6.6
JR태흥3,2018-09-28,6.43
JR태흥3,2018-09-29,6.27
JR태흥3,2018-09-30,6.13
JR태흥3,2018-10-01,5.99
JR태흥3,2018-10-02,5.85
JR태흥3,2018-10-03,5.72
JR태흥3,2018-10-04,5.59
JR태흥3,2018-10-05,5.5
JR태흥3,2018-10-06,5.46
JR태흥3,2018-10-07,5.54
JR태흥3,2018-10-08,5.66
JR태흥3,2018-10-09,5.89
JR태흥3,2018-10-10,6.18
JR태흥3,2018-10-11,6.36
JR태흥3,2018-10-12,6.41
JR태흥3,2018-10-13,6.36
JR태흥3,2018-10-14,6.27
JR태흥3,2018-10-15,6.16
JR태흥3,2018-10-16,6.05
JR태흥3,2018-10-17,5.95
JR태흥3,2018-10-18,5.83
JR태흥3,2018-10-19,5.74
JR태흥3,2018-10-20,5.64
JR태흥3,2018-10-21,5.55
JR태흥3,2018-10-22,5.47
JR태흥3,2018-10-23,5.4
JR태흥3,2018-10-24,5.34
JR태흥3,2018-10-25,5.28
JR태흥3,2018-10-26,5.22
JR태흥3,2018-10-27,5.16
JR태흥3,2018-10-28,5.1
JR태흥3,2018-10-29,5.05
JR태흥3,2018-10-30,4.99
JR태흥3,2018-10-31,4.94
JR태흥3,2018-11-01,4.87
JR태흥3,2018-11-02,4.81
JR태흥3,2018-11-03,4.75
JR태흥3,2018-11-04,4.69
JR태흥3,2018-11-05,4.59
JR태흥3,2018-11-06,4.33
JR태흥3,2018-11-07,4.08
JR태흥3,2018-11-08,3.9
JR태흥3,2018-11-09,3.75
JR태흥3,2018-11-10,3.61
JR태흥3,2018-11-11,3.52
JR태흥3,2018-11-12,3.43
JR태흥3,2018-11-13,3.36
JR태흥3,2018-11-14,3.29
JR태흥3,2018-11-15,3.23
JR태흥3,2018-11-16,3.18
JR태흥3,2018-11-17,3.13
JR태흥3,2018-11-18,3.08
JR태흥3,2018-11-19,3.05
JR태흥3,2018-11-20,3.02
JR태흥3,2018-11-21,3.01
JR태흥3,2018-11-22,3.0
JR태흥3,2018-11-23,2.99
JR태흥3,2018-11-24,2.98
JR태흥3,2018-11-25,2.97
JR태흥3,2018-11-26,2.95
JR태흥3,2018-11-27,2.94
JR태흥3,2018-11-28,2.91
JR태흥3,2018-11-29,2.89
JR태흥3,2018-11-30,2.85
JR태흥3,2018-12-01,2.81
JR태흥3,2018-12-02,2.8
JR태흥3,2018-12-03,2.8
JR태흥3,2018-12-04,2.8
JR태흥3,2018-12-05,2.77
JR태흥3,2018-12-06,2.77
JR태흥3,2018-12-07,2.75
JR태흥3,2018-12-08,2.7
JR태흥3,2018-12-09,2.66
JR태흥3,2018-12-10,2.64
JR태흥3,2018-12-11,2.64
JR태흥3,2018-12-12,2.64
JR태흥3,2018-12-13,2.61
JR태흥3,2018-12-14,2.57
JR태흥3,2018-12-15,2.54
JR태흥3,2018-12-16,2.53
JR태흥3,2018-12-17,2.52
JR태흥3,2018-12-18,2.5
JR태흥3,2018-12-19,2.5
JR태흥3,2018-12-20,2.5
JR태흥3,2018-12-21,2.52
JR태흥3,2018-12-22,2.53
JR태흥3,2018-12-23,2.54
JR태흥3,2018-12-24,2.52
JR태흥3,2018-12-25,2.51
JR태흥3,2018-12-26,2.5
JR태흥3,2018-12-27,2.47
JR태흥3,2018-12-28,2.42
JR태흥3,2018-12-29,2.36
JR태흥3,2018-12-30,2.32
JR태흥3,2018-12-31,2.29
JR태흥3,2019-01-01,2.26
JR태흥3,2019-01-02,2.23
JR태흥3,2019-01-03,2.2
JR태흥3,2019-01-04,2.21
JR태흥3,2019-01-05,2.22
JR태흥3,2019-01-06,2.23
JR태흥3,2019-01-07,2.22
JR태흥3,2019-01-08,2.21
JR태흥3,2019-01-09,2.19
JR태흥3,2019-01-10,2.18
JR태흥3,2019-01-11,2.16
JR태흥3,2019-01-12,2.16
JR태흥3,2019-01-13,2.14
JR태흥3,2019-01-14,2.12
JR태흥3,2019-01-15,2.1
JR태흥3,2019-01-16,2.07
JR태흥3,2019-01-17,2.05
JR태흥3,2019-01-18,2.03
JR태흥3,2019-01-19,2.04
JR태흥3,2019-01-20,2.06
JR태흥3,2019-01-21,2.05
JR태흥3,2019-01-22,2.05
JR태흥3,2019-01-23,2.06
JR태흥3,2019-01-24,2.06
JR태흥3,2019-01-25,2.07
JR태흥3,2019-01-26,2.04
JR태흥3,2019-01-27,2.0
JR태흥3,2019-01-28,1.97
JR태흥3,2019-01-29,1.95
JR태흥3,2019-01-30,1.95
JR태흥3,2019-01-31,1.95
JR태흥3,2019-02-01,1.92
JR태흥3,2019-02-02,1.89
JR태흥3,2019-02-03,1.91
JR태흥3,2019-02-04,1.91
JR태흥3,2019-02-05,1.91
JR태흥3,2019-02-06,1.93
JR태흥3,2019-02-07,1.95
JR태흥3,2019-02-08,1.94
JR태흥3,2019-02-09,1.92
JR태흥3,2019-02-10,1.89
JR태흥3,2019-02-11,1.86
JR태흥3,2019-02-12,1.81
JR태흥3,2019-02-13,1.77
JR태흥3,2019-02-14,1.75
JR태흥3,2019-02-15,1.74
JR태흥3,2019-02-16,1.73
JR태흥3,2019-02-17,1.72
JR태흥3,2019-02-18,1.73
JR태흥3,2019-02-19,1.77
JR태흥3,2019-02-20,1.8
JR태흥3,2019-02-21,1.78
JR태흥3,2019-02-22,1.78
JR태흥3,2019-02-23,1.77
JR태흥3,2019-02-24,1.76
JR태흥3,2019-02-25,1.73
JR태흥3,2019-02-26,1.7
JR태흥3,2019-02-27,1.69
JR태흥3,2019-02-28,1.69
JR태흥3,2019-03-01,1.67
JR태흥3,2019-03-02,1.66
JR태흥3,2019-03-03,1.69
JR태흥3,2019-03-04,1.7
JR태흥3,2019-03-05,1.71
JR태흥3,2019-03-06,1.71
JR태흥3,2019-03-07,1.7
JR태흥3,2019-03-08,1.68
JR태흥3,2019-03-09,1.66
JR태흥3,2019-03-10,1.7
JR태흥3,2019-03-11,1.75
JR태흥3,2019-03-12,1.75
JR태흥3,2019-03-13,1.73
JR태흥3,2019-03-14,1.69
JR태흥3,2019-03-15,1.67
JR태흥3,2019-03-16,1.64
JR태흥3,2019-03-17,1.61
JR태흥3,2019-03-18,1.6
JR태흥3,2019-03-19,1.62
JR태흥3,2019-03-20,1.64
JR태흥3,2019-03-21,1.69
JR태흥3,2019-03-22,1.72
JR태흥3,2019-03-23,1.72
JR태흥3,2019-03-24,1.68
JR태흥3,2019-03-25,1.65
JR태흥3,2019-03-26,1.63
JR태흥3,2019-03-27,1.61
JR태흥3,2019-03-28,1.59
JR태흥3,2019-03-29,1.61
JR태흥3,2019-03-30,1.61
JR태흥3,2019-03-31,1.59
JR태흥3,2019-04-01,1.56
JR태흥3,2019-04-02,1.53
JR태흥3,2019-04-03,1.52
JR태흥3,2019-04-04,1.51
JR태흥3,2019-04-05,1.52
JR태흥3,2019-04-06,1.55
JR태흥3,2019-04-07,1.59
JR태흥3,2019-04-08,1.6
JR태흥3,2019-04-09,1.62
JR태흥3,2019-04-10,1.67
JR태흥3,2019-04-11,1.65
JR태흥3,2019-04-12,1.62
JR태흥3,2019-04-13,1.58
JR태흥3,2019-04-14,1.54
JR태흥3,2019-04-15,1.52
JR태흥3,2019-04-16,1.51
JR태흥3,2019-04-17,1.52
JR태흥3,2019-04-18,1.53
JR태흥3,2019-04-19,1.53
JR태흥3,2019-04-20,1.54
JR태흥3,2019-04-21,1.53
JR태흥3,2019-04-22,1.53
JR태흥3,2019-04-23,1.55
JR태흥3,2019-04-24,1.59
JR태흥3,2019-04-25,1.59
JR태흥3,2019-04-26,1.6
JR태흥3,2019-04-27,1.59
JR태흥3,2019-04-28,1.56
JR태흥3,2019-04-29,1.55
JR태흥3,2019-04-30,1.56
JR태흥3,2019-05-01,1.57
JR태흥3,2019-05-02,1.56
JR태흥3,2019-05-03,1.54
JR태흥3,2019-05-04,1.53
JR태흥3,2019-05-05,1.52
JR태흥3,2019-05-06,1.5
JR태흥3,2019-05-07,1.5
JR태흥3,2019-05-08,1.5
JR태흥3,2019-05-09,1.5
JR태흥3,2019-05-10,1.5
JR태흥3,2019-05-11,1.5
JR태흥3,2019-05-12,1.49
JR태흥3,2019-05-13,1.48
JR태흥3,2019-05-14,1.47
JR태흥3,2019-05-15,1.47
JR태흥3,2019-05-16,1.47
JR태흥3,2019-05-17,1.49
JR태흥3,2019-05-18,1.57
JR태흥3,2019-05-19,1.83
JR태흥3,2019-05-20,2.0
JR태흥3,2019-05-21,2.06
JR태흥3,2019-05-22,2.09
JR태흥3,2019-05-23,2.09
JR태흥3,2019-05-24,2.07
JR태흥3,2019-05-25,2.04
JR태흥3,2019-05-26,2.02
JR태흥3,2019-05-27,2.05
JR태흥3,2019-05-28,2.18
JR태흥3,2019-05-29,2.3
JR태흥3,2019-05-30,2.41
JR태흥3,2019-05-31,2.72
JR태흥3,2019-06-01,3.21
JR태흥3,2019-06-02,3.69
JR태흥3,2019-06-03,4.01
JR태흥3,2019-06-04,4.13
JR태흥3,2019-06-05,4.1
JR태흥3,2019-06-06,3.99
JR태흥3,2019-06-07,3.81
JR태흥3,2019-06-08,3.6
JR태흥3,2019-06-09,3.36
JR태흥3,2019-06-10,3.02
JR태흥3,2019-06-11,2.77
JR태흥3,2019-06-12,2.62
JR태흥3,2019-06-13,2.52
JR태흥3,2019-06-14,2.5
JR태흥3,2019-06-15,2.51
JR태흥3,2019-06-16,2.51
JR태흥3,2019-06-17,2.49
JR태흥3,2019-06-18,2.48
JR태흥3,2019-06-19,2.48
JR태흥3,2019-06-20,2.47
JR태흥3,2019-06-21,2.45
JR태흥3,2019-06-22,2.43
JR태흥3,2019-06-23,2.42
JR태흥3,2019-06-24,2.38
JR태흥3,2019-06-25,2.34
JR태흥3,2019-06-26,2.33
JR태흥3,2019-06-27,2.38
JR태흥3,2019-06-28,2.43
JR태흥3,2019-06-29,2.49
JR태흥3,2019-06-30,2.54
JR태흥3,2019-07-01,2.54
JR태흥3,2019-07-02,2.55
JR태흥3,2019-07-03,2.55
JR태흥3,2019-07-04,2.55
JR태흥3,2019-07-05,2.53
JR태흥3,2019-07-06,2.54
JR태흥3,2019-07-07,2.56
JR태흥3,2019-07-08,2.58
JR태흥3,2019-07-09,2.57
JR태흥3,2019-07-10,2.57
JR태흥3,2019-07-11,2.59
JR태흥3,2019-07-12,2.56
JR태흥3,2019-07-13,2.57
JR태흥3,2019-07-14,2.62
JR태흥3,2019-07-15,2.63
JR태흥3,2019-07-16,2.63
JR태흥3,2019-07-17,2.61
JR태흥3,2019-07-18,2.62
JR태흥3,2019-07-19,2.78
JR태흥3,2019-07-20,3.58
JR태흥3,2019-07-21,5.23
JR태흥3,2019-07-22,6.99
JR태흥3,2019-07-23,8.21
JR태흥3,2019-07-24,8.5
JR태흥3,2019-07-25,8.39
JR태흥3,2019-07-26,8.12
JR태흥3,2019-07-27,7.79
JR태흥3,2019-07-28,7.47
JR태흥3,2019-07-29,7.19
JR태흥3,2019-07-30,6.94
JR태흥3,2019-07-31,6.72
JR태흥3,2019-08-01,6.51
JR태흥3,2019-08-02,6.34
JR태흥3,2019-08-03,6.19
JR태흥3,2019-08-04,6.06
JR태흥3,2019-08-05,5.95
JR태흥3,2019-08-06,5.85
JR태흥3,2019-08-07,5.75
JR태흥3,2019-08-08,5.66
JR태흥3,2019-08-09,5.57
JR태흥3,2019-08-10,5.5
JR태흥3,2019-08-11,5.44
JR태흥3,2019-08-12,5.39
JR태흥3,2019-08-13,5.33
JR태흥3,2019-08-14,5.27
JR태흥3,2019-08-15,5.23
JR태흥3,2019-08-16,5.18
JR태흥3,2019-08-17,5.14
JR태흥3,2019-08-18,5.09
JR태흥3,2019-08-19,5.04
JR태흥3,2019-08-20,4.98
JR태흥3,2019-08-21,4.93
JR태흥3,2019-08-22,4.89
JR태흥3,2019-08-23,4.84
JR태흥3,2019-08-24,4.8
JR태흥3,2019-08-25,4.77
JR태흥3,2019-08-26,4.75
JR태흥3,2019-08-27,4.73
JR태흥3,2019-08-28,4.74
JR태흥3,2019-08-29,4.83
JR태흥3,2019-08-30,5.03
JR태흥3,2019-08-31,5.33
JR태흥3,2019-09-01,5.75
JR태흥3,2019-09-02,6.17
JR태흥3,2019-09-03,6.43
JR태흥3,2019-09-04,6.59
JR태흥3,2019-09-05,6.75
JR태흥3,2019-09-06,7.02
JR태흥3,2019-09-07,7.4
JR태흥3,2019-09-08,7.74
JR태흥3,2019-09-09,7.92
JR태흥3,2019-09-10,7.99
JR태흥3,2019-09-11,7.99
JR태흥3,2019-09-12,7.96
JR태흥3,2019-09-13,7.93
JR태흥3,2019-09-14,7.9
JR태흥3,2019-09-15,7.89
JR태흥3,2019-09-16,7.89
JR태흥3,2019-09-17,7.87
JR태흥3,2019-09-18,7.85
JR태흥3,2019-09-19,7.82
JR태흥3,2019-09-20,7.78
JR태흥3,2019-09-21,7.74
JR태흥3,2019-09-22,7.77
JR태흥3,2019-09-23,8.05
JR태흥3,2019-09-24,8.73
JR태흥3,2019-09-25,9.46
JR태흥3,2019-09-26,9.8
JR태흥3,2019-09-27,9.91
JR태흥3,2019-09-28,9.92
JR태흥3,2019-09-29,9.87
JR태흥3,2019-09-30,9.81
JR태흥3,2019-10-01,9.75
JR태흥3,2019-10-02,9.75
JR태흥3,2019-10-03,10.03
JR태흥3,2019-10-04,10.58
JR태흥3,2019-10-05,11.02
JR태흥3,2019-10-06,11.19
JR태흥3,2019-10-07,11.21
JR태흥3,2019-10-08,11.1
JR태흥3,2019-10-09,10.95
JR태흥3,2019-10-10,10.79
JR태흥3,2019-10-11,10.64
JR태흥3,2019-10-12,10.49
JR태흥3,2019-10-13,10.33
JR태흥3,2019-10-14,10.18
JR태흥3,2019-10-15,10.01
JR태흥3,2019-10-16,9.85
JR태흥3,2019-10-17,9.7
JR태흥3,2019-10-18,9.61
JR태흥3,2019-10-19,9.51
JR태흥3,2019-10-20,9.38
JR태흥3,2019-10-21,9.26
JR태흥3,2019-10-22,9.14
JR태흥3,2019-10-23,9.03
JR태흥3,2019-10-24,8.92
JR태흥3,2019-10-25,8.8
JR태흥3,2019-10-26,8.69
JR태흥3,2019-10-27,8.57
JR태흥3,2019-10-28,8.45
JR태흥3,2019-10-29,8.33
JR태흥3,2019-10-30,8.21
JR태흥3,2019-10-31,8.08
JR태흥3,2019-11-01,7.96
JR태흥3,2019-11-02,7.84
JR태흥3,2019-11-03,7.72
JR태흥3,2019-11-04,7.6
JR태흥3,2019-11-05,7.49
JR태흥3,2019-11-06,7.38
JR태흥3,2019-11-07,7.27
JR태흥3,2019-11-08,7.16
JR태흥3,2019-11-09,7.05
JR태흥3,2019-11-10,6.95
JR태흥3,2019-11-11,6.86
JR태흥3,2019-11-12,6.76
JR태흥3,2019-11-13,6.67
JR태흥3,2019-11-14,6.57
JR태흥3,2019-11-15,6.47
JR태흥3,2019-11-16,6.37
JR태흥3,2019-11-17,6.28
JR태흥3,2019-11-18,6.2
JR태흥3,2019-11-19,6.1
JR태흥3,2019-11-20,6.0
JR태흥3,2019-11-21,5.9
JR태흥3,2019-11-22,5.81
JR태흥3,2019-11-23,5.73
JR태흥3,2019-11-24,5.66
JR태흥3,2019-11-25,5.59
JR태흥3,2019-11-26,5.53
JR태흥3,2019-11-27,5.47
JR태흥3,2019-11-28,5.41
JR태흥3,2019-11-29,5.34
JR태흥3,2019-11-30,5.27
JR태흥3,2019-12-01,5.21
JR태흥3,2019-12-02,5.14
JR태흥3,2019-12-03,5.08
JR태흥3,2019-12-04,5.01
JR태흥3,2019-12-05,4.93
JR태흥3,2019-12-06,4.86
JR태흥3,2019-12-07,4.79
JR태흥3,2019-12-08,4.67
JR태흥3,2019-12-09,4.38
JR태흥3,2019-12-10,4.13
JR태흥3,2019-12-11,3.94
JR태흥3,2019-12-12,3.8
JR태흥3,2019-12-13,3.7
JR태흥3,2019-12-14,3.6
JR태흥3,2019-12-15,3.52
JR태흥3,2019-12-16,3.46
JR태흥3,2019-12-17,3.42
JR태흥3,2019-12-18,3.38
JR태흥3,2019-12-19,3.33
JR태흥3,2019-12-20,3.28
JR태흥3,2019-12-21,3.24
JR태흥3,2019-12-22,3.22
JR태흥3,2019-12-23,3.21
JR태흥3,2019-12-24,3.18
JR태흥3,2019-12-25,3.18
JR태흥3,2019-12-26,3.18
JR태흥3,2019-12-27,3.15
JR태흥3,2019-12-28,3.11
JR태흥3,2019-12-29,3.1
JR태흥3,2019-12-30,3.09
JR태흥3,2019-12-31,3.04
JR태흥3,2020-01-01,2.98
JR태흥3,2020-01-02,2.94
JR태흥3,2020-01-03,2.91
JR태흥3,2020-01-04,2.87
JR태흥3,2020-01-05,2.85
JR태흥3,2020-01-06,2.86
JR태흥3,2020-01-07,2.89
JR태흥3,2020-01-08,2.89
JR태흥3,2020-01-09,2.86
JR태흥3,2020-01-10,2.86
JR태흥3,2020-01-11,2.87
JR태흥3,2020-01-12,2.86
JR태흥3,2020-01-13,2.84
JR태흥3,2020-01-14,2.83
JR태흥3,2020-01-15,2.81
JR태흥3,2020-01-16,2.77
JR태흥3,2020-01-17,2.72
JR태흥3,2020-01-18,2.68
JR태흥3,2020-01-19,2.66
JR태흥3,2020-01-20,2.63
JR태흥3,2020-01-21,2.59
JR태흥3,2020-01-22,2.6
JR태흥3,2020-01-23,2.62
JR태흥3,2020-01-24,2.6
JR태흥3,2020-01-25,2.59
JR태흥3,2020-01-26,2.59
JR태흥3,2020-01-27,2.65
JR태흥3,2020-01-28,2.73
JR태흥3,2020-01-29,2.73
JR태흥3,2020-01-30,2.7
JR태흥3,2020-01-31,2.68
JR태흥3,2020-02-01,2.65
JR태흥3,2020-02-02,2.61
JR태흥3,2020-02-03,2.56
JR태흥3,2020-02-04,2.51
JR태흥3,2020-02-05,2.48
JR태흥3,2020-02-06,2.45
JR태흥3,2020-02-07,2.41
JR태흥3,2020-02-08,2.35
JR태흥3,2020-02-09,2.35
JR태흥3,2020-02-10,2.34
JR태흥3,2020-02-11,2.35
JR태흥3,2020-02-12,2.38
JR태흥3,2020-02-13,2.4
JR태흥3,2020-02-14,2.38
JR태흥3,2020-02-15,2.38
JR태흥3,2020-02-16,2.39
JR태흥3,2020-02-17,2.34
JR태흥3,2020-02-18,2.28
JR태흥3,2020-02-19,2.26
JR태흥3,2020-02-20,2.23
JR태흥3,2020-02-21,2.2
JR태흥3,2020-02-22,2.18
JR태흥3,2020-02-23,2.14
JR태흥3,2020-02-24,2.12
JR태흥3,2020-02-25,2.14
JR태흥3,2020-02-26,2.16
JR태흥3,2020-02-27,2.14
JR태흥3,2020-02-28,2.12
JR태흥3,2020-02-29,2.13
JR태흥3,2020-03-01,2.15
JR태흥3,2020-03-02,2.15
JR태흥3,2020-03-03,2.13
JR태흥3,2020-03-04,2.11
JR태흥3,2020-03-05,2.07
JR태흥3,2020-03-06,2.05
JR태흥3,2020-03-07,2.07
JR태흥3,2020-03-08,2.11
JR태흥3,2020-03-09,2.13
JR태흥3,2020-03-10,2.19
JR태흥3,2020-03-11,2.2
JR태흥3,2020-03-12,2.17
JR태흥3,2020-03-13,2.16
JR태흥3,2020-03-14,2.13
JR태흥3,2020-03-15,2.07
JR태흥3,2020-03-16,2.03
JR태흥3,2020-03-17,2.01
JR태흥3,2020-03-18,1.98
JR태흥3,2020-03-19,1.98
JR태흥3,2020-03-20,1.96
JR태흥3,2020-03-21,1.96
JR태흥3,2020-03-22,1.98
JR태흥3,2020-03-23,2.0
JR태흥3,2020-03-24,1.98
JR태흥3,2020-03-25,1.94
JR태흥3,2020-03-26,1.92
JR태흥3,2020-03-27,1.96
JR태흥3,2020-03-28,1.96
JR태흥3,2020-03-29,1.96
JR태흥3,2020-03-30,1.95
JR태흥3,2020-03-31,1.94
JR태흥3,2020-04-01,1.94
JR태흥3,2020-04-02,1.92
JR태흥3,2020-04-03,1.9
JR태흥3,2020-04-04,1.89
JR태흥3,2020-04-05,1.88
JR태흥3,2020-04-06,1.88
JR태흥3,2020-04-07,1.9
JR태흥3,2020-04-08,1.92
JR태흥3,2020-04-09,1.93
JR태흥3,2020-04-10,1.93
JR태흥3,2020-04-11,1.93
JR태흥3,2020-04-12,1.95
JR태흥3,2020-04-13,1.97
JR태흥3,2020-04-14,1.95
JR태흥3,2020-04-15,1.91
JR태흥3,2020-04-16,1.96
JR태흥3,2020-04-17,2.0
JR태흥3,2020-04-18,2.0
JR태흥3,2020-04-19,1.99
JR태흥3,2020-04-20,2.04
JR태흥3,2020-04-21,2.05
JR태흥3,2020-04-22,2.02
JR태흥3,2020-04-23,1.98
JR태흥3,2020-04-24,1.97
JR태흥3,2020-04-25,1.96
JR태흥3,2020-04-26,1.95
JR태흥3,2020-04-27,1.95
JR태흥3,2020-04-28,1.94
JR태흥3,2020-04-29,1.9
JR태흥3,2020-04-30,1.88
JR태흥3,2020-05-01,1.87
JR태흥3,2020-05-02,1.88
JR태흥3,2020-05-03,1.93
JR태흥3,2020-05-04,1.98
JR태흥3,2020-05-05,1.99
JR태흥3,2020-05-06,2.01
JR태흥3,2020-05-07,2.03
JR태흥3,2020-05-08,2.05
JR태흥3,2020-05-09,2.08
JR태흥3,2020-05-10,2.27
JR태흥3,2020-05-11,2.47
JR태흥3,2020-05-12,2.6
JR태흥3,2020-05-13,2.69
JR태흥3,2020-05-14,3.46
JR태흥3,2020-05-15,4.43
JR태흥3,2020-05-16,4.83
JR태흥3,2020-05-17,4.93
JR태흥3,2020-05-18,4.99
JR태흥3,2020-05-19,5.03
JR태흥3,2020-05-20,5.04
JR태흥3,2020-05-21,5.02
JR태흥3,2020-05-22,4.97
JR태흥3,2020-05-23,4.9
JR태흥3,2020-05-24,4.82
JR태흥3,2020-05-25,4.72
JR태흥3,2020-05-26,4.56
JR태흥3,2020-05-27,4.29
JR태흥3,2020-05-28,3.96
JR태흥3,2020-05-29,3.58
JR태흥3,2020-05-30,3.13
JR태흥3,2020-05-31,2.86
JR태흥3,2020-06-01,2.71
JR태흥3,2020-06-02,2.63
JR태흥3,2020-06-03,2.62
JR태흥3,2020-06-04,2.63
JR태흥3,2020-06-05,2.63
JR태흥3,2020-06-06,2.63
JR태흥3,2020-06-07,2.61
JR태흥3,2020-06-08,2.58
JR태흥3,2020-06-09,2.54
JR태흥3,2020-06-10,2.52
JR태흥3,2020-06-11,2.52
JR태흥3,2020-06-12,2.5
JR태흥3,2020-06-13,2.51
JR태흥3,2020-06-14,2.52
JR태흥3,2020-06-15,2.51
JR태흥3,2020-06-16,2.5
JR태흥3,2020-06-17,2.52
JR태흥3,2020-06-18,2.56
JR태흥3,2020-06-19,2.59
JR태흥3,2020-06-20,2.6
JR태흥3,2020-06-21,2.61
JR태흥3,2020-06-22,2.61
JR태흥3,2020-06-23,2.62
JR태흥3,2020-06-24,2.64
JR태흥3,2020-06-25,2.72
JR태흥3,2020-06-26,2.81
JR태흥3,2020-06-27,2.89
JR태흥3,2020-06-28,2.98
JR태흥3,2020-06-29,3.28
JR태흥3,2020-06-30,3.9
JR태흥3,2020-07-01,4.46
JR태흥3,2020-07-02,4.75
JR태흥3,2020-07-03,4.89
JR태흥3,2020-07-04,5.0
JR태흥3,2020-07-05,5.1
JR태흥3,2020-07-06,5.19
JR태흥3,2020-07-07,5.29
JR태흥3,2020-07-08,5.43
JR태흥3,2020-07-09,5.63
JR태흥3,2020-07-10,5.92
JR태흥3,2020-07-11,6.26
JR태흥3,2020-07-12,6.58
JR태흥3,2020-07-13,6.88
JR태흥3,2020-07-14,7.16
JR태흥3,2020-07-15,7.38
JR태흥3,2020-07-16,7.5
JR태흥3,2020-07-17,7.49
JR태흥3,2020-07-18,7.39
JR태흥3,2020-07-19,7.27
JR태흥3,2020-07-20,7.12
JR태흥3,2020-07-21,6.96
JR태흥3,2020-07-22,6.8
JR태흥3,2020-07-23,6.65
JR태흥3,2020-07-24,6.52
JR태흥3,2020-07-25,6.4
JR태흥3,2020-07-26,6.28
JR태흥3,2020-07-27,6.17
JR태흥3,2020-07-28,6.08
JR태흥3,2020-07-29,5.98
JR태흥3,2020-07-30,5.89
JR태흥3,2020-07-31,5.81
JR태흥3,2020-08-01,5.73
JR태흥3,2020-08-02,5.66
JR태흥3,2020-08-03,5.6
JR태흥3,2020-08-04,5.53
JR태흥3,2020-08-05,5.47
JR태흥3,2020-08-06,5.4
JR태흥3,2020-08-07,5.34
JR태흥3,2020-08-08,5.28
JR태흥3,2020-08-09,5.23
JR태흥3,2020-08-10,5.18
JR태흥3,2020-08-11,5.12
JR태흥3,2020-08-12,5.07
JR태흥3,2020-08-13,5.03
JR태흥3,2020-08-14,5.0
JR태흥3,2020-08-15,4.98
JR태흥3,2020-08-16,4.97
JR태흥3,2020-08-17,4.96
JR태흥3,2020-08-18,4.96
JR태흥3,2020-08-19,4.96
JR태흥3,2020-08-20,4.95
JR태흥3,2020-08-21,4.94
JR태흥3,2020-08-22,4.92
JR태흥3,2020-08-23,4.9
JR태흥3,2020-08-24,4.88
JR태흥3,2020-08-25,4.87
JR태흥3,2020-08-26,4.87
JR태흥3,2020-08-27,4.87
JR태흥3,2020-08-28,4.85
JR태흥3,2020-08-29,4.83
JR태흥3,2020-08-30,4.81
JR태흥3,2020-08-31,4.79
JR태흥3,2020-09-01,4.78
JR태흥3,2020-09-02,4.79
JR태흥3,2020-09-03,4.93
JR태흥3,2020-09-04,5.46
JR태흥3,2020-09-05,6.32
JR태흥3,2020-09-06,7.18
JR태흥3,2020-09-07,7.69
JR태흥3,2020-09-08,7.91
JR태흥3,2020-09-09,7.99
JR태흥3,2020-09-10,8.02
JR태흥3,2020-09-11,7.99
JR태흥3,2020-09-12,7.92
JR태흥3,2020-09-13,7.8
JR태흥3,2020-09-14,7.7
JR태흥3,2020-09-15,7.62
JR태흥3,2020-09-16,7.57
JR태흥3,2020-09-17,7.52
JR태흥3,2020-09-18,7.49
JR태흥3,2020-09-19,7.46
JR태흥3,2020-09-20,7.45
JR태흥3,2020-09-21,7.43
JR태흥3,2020-09-22,7.4
JR태흥3,2020-09-23,7.38
JR태흥3,2020-09-24,7.34
JR태흥3,2020-09-25,7.3
JR태흥3,2020-09-26,7.24
JR태흥3,2020-09-27,7.17
JR태흥3,2020-09-28,7.1
JR태흥3,2020-09-29,7.03
JR태흥3,2020-09-30,6.95
JR태흥3,2020-10-01,6.87
JR태흥3,2020-10-02,6.79
JR태흥3,2020-10-03,6.72
JR태흥3,2020-10-04,6.64
JR태흥3,2020-10-05,6.56
JR태흥3,2020-10-06,6.48
JR태흥3,2020-10-07,6.39
JR태흥3,2020-10-08,6.31
JR태흥3,2020-10-09,6.24
JR태흥3,2020-10-10,6.17
JR태흥3,2020-10-11,6.1
JR태흥3,2020-10-12,6.04
JR태흥3,2020-10-13,5.98
JR태흥3,2020-10-14,5.91
JR태흥3,2020-10-15,5.84
JR태흥3,2020-10-16,5.77
JR태흥3,2020-10-17,5.7
JR태흥3,2020-10-18,5.64
JR태흥3,2020-10-19,5.57
JR태흥3,2020-10-20,5.51
JR태흥3,2020-10-21,5.46
JR태흥3,2020-10-22,5.41
JR태흥3,2020-10-23,5.35
JR태흥3,2020-10-24,5.29
JR태흥3,2020-10-25,5.22
JR태흥3,2020-10-26,5.15
JR태흥3,2020-10-27,5.09
JR태흥3,2020-10-28,5.03
JR태흥3,2020-10-29,4.97
JR태흥3,2020-10-30,4.93
JR태흥3,2020-10-31,4.89
JR태흥3,2020-11-01,4.84
JR태흥3,2020-11-02,4.79
JR태흥3,2020-11-03,4.75
JR태흥3,2020-11-04,4.66
JR태흥3,2020-11-05,4.41
JR태흥3,2020-11-06,4.15
JR태흥3,2020-11-07,3.92
JR태흥3,2020-11-08,3.73
JR태흥3,2020-11-09,3.58
JR태흥3,2020-11-10,3.45
JR태흥3,2020-11-11,3.32
JR태흥3,2020-11-12,3.25
JR태흥3,2020-11-13,3.19
JR태흥3,2020-11-14,3.14
JR태흥3,2020-11-15,3.14
JR태흥3,2020-11-16,3.14
JR태흥3,2020-11-17,3.13
JR태흥3,2020-11-18,3.13
JR태흥3,2020-11-19,3.13
JR태흥3,2020-11-20,3.11
JR태흥3,2020-11-21,3.07
JR태흥3,2020-11-22,3.05
JR태흥3,2020-11-23,2.98
JR태흥3,2020-11-24,2.91
JR태흥3,2020-11-25,2.86
JR태흥3,2020-11-26,2.82
JR태흥3,2020-11-27,2.8
JR태흥3,2020-11-28,2.78
JR태흥3,2020-11-29,2.75
JR태흥3,2020-11-30,2.73
JR태흥3,2020-12-01,2.71
JR태흥3,2020-12-02,2.7
JR태흥3,2020-12-03,2.69
JR태흥3,2020-12-04,2.67
JR태흥3,2020-12-05,2.66
JR태흥3,2020-12-06,2.65
JR태흥3,2020-12-07,2.62
JR태흥3,2020-12-08,2.61
JR태흥3,2020-12-09,2.6
JR태흥3,2020-12-10,2.59
JR태흥3,2020-12-11,2.6
JR태흥3,2020-12-12,2.6
JR태흥3,2020-12-13,2.61
JR태흥3,2020-12-14,2.61
JR태흥3,2020-12-15,2.59
JR태흥3,2020-12-16,2.56
JR태흥3,2020-12-17,2.53
JR태흥3,2020-12-18,2.52
JR태흥3,2020-12-19,2.51
JR태흥3,2020-12-20,2.48
JR태흥3,2020-12-21,2.45
JR태흥3,2020-12-22,2.42
JR태흥3,2020-12-23,2.4
JR태흥3,2020-12-24,2.4
JR태흥3,2020-12-25,2.4
JR태흥3,2020-12-26,2.38
JR태흥3,2020-12-27,2.39
JR태흥3,2020-12-28,2.41
JR태흥3,2020-12-29,2.42
JR태흥3,2020-12-30,2.4
JR태흥3,2020-12-31,2.36
JR태흥3,2021-01-01,2.34
JR태흥3,2021-01-02,2.32
JR태흥3,2021-01-03,2.3
JR태흥3,2021-01-04,2.28
JR태흥3,2021-01-05,2.27
JR태흥3,2021-01-06,2.26
JR태흥3,2021-01-07,2.23
JR태흥3,2021-01-08,2.2
JR태흥3,2021-01-09,2.19
JR태흥3,2021-01-10,2.18
JR태흥3,2021-01-11,2.17
JR태흥3,2021-01-12,2.17
JR태흥3,2021-01-13,2.18
JR태흥3,2021-01-14,2.19
JR태흥3,2021-01-15,2.21
JR태흥3,2021-01-16,2.21
JR태흥3,2021-01-17,2.18
JR태흥3,2021-01-18,2.16
JR태흥3,2021-01-19,2.12
JR태흥3,2021-01-20,2.1
JR태흥3,2021-01-21,2.08
JR태흥3,2021-01-22,2.07
JR태흥3,2021-01-23,2.11
JR태흥3,2021-01-24,2.17
JR태흥3,2021-01-25,2.18
JR태흥3,2021-01-26,2.18
JR태흥3,2021-01-27,2.16
JR태흥3,2021-01-28,2.16
JR태흥3,2021-01-29,2.14
JR태흥3,2021-01-30,2.12
JR태흥3,2021-01-31,2.12
JR태흥3,2021-02-01,2.14
JR태흥3,2021-02-02,2.12
JR태흥3,2021-02-03,2.1
JR태흥3,2021-02-04,2.08
JR태흥3,2021-02-05,2.06
JR태흥3,2021-02-06,2.06
JR태흥3,2021-02-07,2.06
JR태흥3,2021-02-08,2.06
JR태흥3,2021-02-09,2.03
JR태흥3,2021-02-10,2.01
JR태흥3,2021-02-11,2.01
JR태흥3,2021-02-12,2.04
JR태흥3,2021-02-13,2.05
JR태흥3,2021-02-14,2.05
JR태흥3,2021-02-15,2.07
JR태흥3,2021-02-16,2.06
JR태흥3,2021-02-17,2.04
JR태흥3,2021-02-18,1.98
JR태흥3,2021-02-19,1.94
JR태흥3,2021-02-20,1.9
JR태흥3,2021-02-21,1.88
JR태흥3,2021-02-22,1.88
JR태흥3,2021-02-23,1.88
JR태흥3,2021-02-24,1.87
JR태흥3,2021-02-25,1.87
JR태흥3,2021-02-26,1.92
JR태흥3,2021-02-27,1.98
JR태흥3,2021-02-28,2.0
JR태흥3,2021-03-01,1.97
JR태흥3,2021-03-02,1.95
JR태흥3,2021-03-03,1.94
JR태흥3,2021-03-04,1.94
JR태흥3,2021-03-05,1.95
JR태흥3,2021-03-06,1.94
JR태흥3,2021-03-07,1.94
JR태흥3,2021-03-08,1.91
JR태흥3,2021-03-09,1.87
JR태흥3,2021-03-10,1.85
JR태흥3,2021-03-11,1.85
JR태흥3,2021-03-12,1.88
JR태흥3,2021-03-13,1.91
JR태흥3,2021-03-14,1.9
JR태흥3,2021-03-15,1.9
JR태흥3,2021-03-16,1.92
JR태흥3,2021-03-17,1.93
JR태흥3,2021-03-18,1.93
JR태흥3,2021-03-19,1.93
JR태흥3,2021-03-20,1.95
JR태흥3,2021-03-21,1.95
JR태흥3,2021-03-22,1.9
JR태흥3,2021-03-23,1.85
JR태흥3,2021-03-24,1.82
JR태흥3,2021-03-25,1.81
JR태흥3,2021-03-26,1.81
JR태흥3,2021-03-27,1.84
JR태흥3,2021-03-28,1.91
JR태흥3,2021-03-29,1.95
JR태흥3,2021-03-30,1.97
JR태흥3,2021-03-31,1.98
JR태흥3,2021-04-01,1.99
JR태흥3,2021-04-02,2.0
JR태흥3,2021-04-03,2.0
JR태흥3,2021-04-04,1.98
JR태흥3,2021-04-05,1.97
JR태흥3,2021-04-06,1.96
JR태흥3,2021-04-07,1.94
JR태흥3,2021-04-08,1.93
JR태흥3,2021-04-09,1.93
JR태흥3,2021-04-10,1.93
JR태흥3,2021-04-11,1.92
JR태흥3,2021-04-12,1.93
JR태흥3,2021-04-13,1.99
JR태흥3,2021-04-14,2.07
JR태흥3,2021-04-15,2.12
JR태흥3,2021-04-16,2.15
JR태흥3,2021-04-17,2.16
JR태흥3,2021-04-18,2.14
JR태흥3,2021-04-19,2.11
JR태흥3,2021-04-20,2.1
JR태흥3,2021-04-21,2.09
JR태흥3,2021-04-22,2.1
JR태흥3,2021-04-23,2.12
JR태흥3,2021-04-24,2.15
JR태흥3,2021-04-25,2.15
JR태흥3,2021-04-26,2.16
JR태흥3,2021-04-27,2.18
JR태흥3,2021-04-28,2.18
JR태흥3,2021-04-29,2.19
JR태흥3,2021-04-30,2.23
JR태흥3,2021-05-01,2.27
JR태흥3,2021-05-02,2.28
JR태흥3,2021-05-03,2.25
JR태흥3,2021-05-04,2.22
JR태흥3,2021-05-05,2.25
JR태흥3,2021-05-06,2.25
JR태흥3,2021-05-07,2.26
JR태흥3,2021-05-08,2.25
JR태흥3,2021-05-09,2.26
JR태흥3,2021-05-10,2.29
JR태흥3,2021-05-11,2.33
JR태흥3,2021-05-12,2.35
JR태흥3,2021-05-13,2.36
JR태흥3,2021-05-14,2.36
JR태흥3,2021-05-15,2.37
JR태흥3,2021-05-16,2.38
JR태흥3,2021-05-17,2.38
JR태흥3,2021-05-18,2.36
JR태흥3,2021-05-19,2.34
JR태흥3,2021-05-20,2.34
JR태흥3,2021-05-21,2.35
JR태흥3,2021-05-22,2.34
JR태흥3,2021-05-23,2.33
JR태흥3,2021-05-24,2.35
JR태흥3,2021-05-25,2.36
JR태흥3,2021-05-26,2.37
JR태흥3,2021-05-27,2.41
JR태흥3,2021-05-28,2.45
JR태흥3,2021-05-29,2.47
JR태흥3,2021-05-30,2.46
JR태흥3,2021-05-31,2.45
JR태흥3,2021-06-01,2.42
JR태흥3,2021-06-02,2.38
JR태흥3,2021-06-03,2.4
JR태흥3,2021-06-04,2.43
JR태흥3,2021-06-05,2.43
JR태흥3,2021-06-06,2.42
JR태흥3,2021-06-07,2.41
JR태흥3,2021-06-08,2.38
JR태흥3,2021-06-09,2.38
JR태흥3,2021-06-10,2.39
JR태흥3,2021-06-11,2.42
JR태흥3,2021-06-12,2.49
JR태흥3,2021-06-13,2.54
JR태흥3,2021-06-14,2.58
JR태흥3,2021-06-15,2.64
JR태흥3,2021-06-16,2.74
JR태흥3,2021-06-17,2.83
JR태흥3,2021-06-18,2.87
JR태흥3,2021-06-19,2.9
JR태흥3,2021-06-20,3.06
JR태흥3,2021-06-21,3.38
JR태흥3,2021-06-22,3.66
JR태흥3,2021-06-23,3.78
JR태흥3,2021-06-24,3.78
JR태흥3,2021-06-25,3.71
JR태흥3,2021-06-26,3.6
JR태흥3,2021-06-27,3.42
JR태흥3,2021-06-28,3.25
JR태흥3,2021-06-29,3.11
JR태흥3,2021-06-30,3.0
JR태흥3,2021-07-01,2.9
JR태흥3,2021-07-02,2.84
JR태흥3,2021-07-03,2.82
JR태흥3,2021-07-04,2.83
JR태흥3,2021-07-05,2.86
JR태흥3,2021-07-06,2.97
JR태흥3,2021-07-07,3.04
JR태흥3,2021-07-08,3.13
JR태흥3,2021-07-09,3.4
JR태흥3,2021-07-10,3.98
JR태흥3,2021-07-11,4.42
JR태흥3,2021-07-12,4.66
JR태흥3,2021-07-13,4.71
JR태흥3,2021-07-14,4.69
JR태흥3,2021-07-15,4.59
JR태흥3,2021-07-16,4.39
JR태흥3,2021-07-17,4.15
JR태흥3,2021-07-18,3.93
JR태흥3,2021-07-19,3.62
JR태흥3,2021-07-20,3.34
JR태흥3,2021-07-21,3.16
JR태흥3,2021-07-22,3.08
JR태흥3,2021-07-23,3.03
JR태흥3,2021-07-24,3.02
JR태흥3,2021-07-25,3.03
JR태흥3,2021-07-26,3.06
JR태흥3,2021-07-27,3.05
JR태흥3,2021-07-28,3.03
JR태흥3,2021-07-29,3.0
JR태흥3,2021-07-30,2.96
JR태흥3,2021-07-31,2.93
JR태흥3,2021-08-01,2.91
JR태흥3,2021-08-02,2.88
JR태흥3,2021-08-03,2.86
JR태흥3,2021-08-04,2.83
JR태흥3,2021-08-05,2.79
JR태흥3,2021-08-06,2.78
JR태흥3,2021-08-07,2.78
JR태흥3,2021-08-08,2.8
JR태흥3,2021-08-09,2.83
JR태흥3,2021-08-10,2.83
JR태흥3,2021-08-11,2.83
JR태흥3,2021-08-12,2.83
JR태흥3,2021-08-13,2.84
JR태흥3,2021-08-14,2.88
JR태흥3,2021-08-15,2.94
JR태흥3,2021-08-16,2.98
JR태흥3,2021-08-17,3.0
JR태흥3,2021-08-18,3.0
JR태흥3,2021-08-19,3.0
JR태흥3,2021-08-20,3.01
JR태흥3,2021-08-21,3.11
JR태흥3,2021-08-22,3.41
JR태흥3,2021-08-23,4.01
JR태흥3,2021-08-24,4.71
JR태흥3,2021-08-25,5.11
JR태흥3,2021-08-26,5.53
JR태흥3,2021-08-27,5.82
JR태흥3,2021-08-28,5.96
JR태흥3,2021-08-29,5.97
JR태흥3,2021-08-30,5.9
JR태흥3,2021-08-31,5.79
JR태흥3,2021-09-01,5.66
JR태흥3,2021-09-02,5.55
JR태흥3,2021-09-03,5.45
JR태흥3,2021-09-04,5.37
JR태흥3,2021-09-05,5.28
JR태흥3,2021-09-06,5.21
JR태흥3,2021-09-07,5.15
JR태흥3,2021-09-08,5.1
JR태흥3,2021-09-09,5.07
JR태흥3,2021-09-10,5.05
JR태흥3,2021-09-11,5.03
JR태흥3,2021-09-12,5.01
JR태흥3,2021-09-13,5.0
JR태흥3,2021-09-14,5.02
JR태흥3,2021-09-15,5.25
JR태흥3,2021-09-16,5.88
JR태흥3,2021-09-17,7.07
JR태흥3,2021-09-18,8.56
JR태흥3,2021-09-19,9.61
JR태흥3,2021-09-20,9.96
JR태흥3,2021-09-21,9.97
JR태흥3,2021-09-22,9.82
JR태흥3,2021-09-23,9.62
JR태흥3,2021-09-24,9.46
JR태흥3,2021-09-25,9.32
JR태흥3,2021-09-26,9.2
JR태흥3,2021-09-27,9.1
JR태흥3,2021-09-28,9.0
JR태흥3,2021-09-29,8.91
JR태흥3,2021-09-30,8.82
JR태흥3,2021-10-01,8.72
JR태흥3,2021-10-02,8.61
JR태흥3,2021-10-03,8.49
JR태흥3,2021-10-04,8.38
JR태흥3,2021-10-05,8.26
JR태흥3,2021-10-06,8.14
JR태흥3,2021-10-07,8.05
JR태흥3,2021-10-08,7.95
JR태흥3,2021-10-09,7.86
JR태흥3,2021-10-10,7.77
JR태흥3,2021-10-11,7.68
JR태흥3,2021-10-12,7.58
JR태흥3,2021-10-13,7.5
JR태흥3,2021-10-14,7.41
JR태흥3,2021-10-15,7.34
JR태흥3,2021-10-16,7.29
JR태흥3,2021-10-17,7.2
JR태흥3,2021-10-18,7.1
JR태흥3,2021-10-19,7.01
JR태흥3,2021-10-20,6.93
JR태흥3,2021-10-21,6.85
JR태흥3,2021-10-22,6.77
JR태흥3,2021-10-23,6.69
JR태흥3,2021-10-24,6.6
JR태흥3,2021-10-25,6.52
JR태흥3,2021-10-26,6.43
JR태흥3,2021-10-27,6.34
JR태흥3,2021-10-28,6.26
JR태흥3,2021-10-29,6.18
JR태흥3,2021-10-30,6.11
JR태흥3,2021-10-31,6.03
JR태흥3,2021-11-01,5.95
JR태흥3,2021-11-02,5.87
JR태흥3,2021-11-03,5.79
JR태흥3,2021-11-04,5.73
JR태흥3,2021-11-05,5.67
JR태흥3,2021-11-06,5.61
JR태흥3,2021-11-07,5.56
JR태흥3,2021-11-08,5.51
JR태흥3,2021-11-09,5.46
JR태흥3,2021-11-10,5.4
JR태흥3,2021-11-11,5.33
JR태흥3,2021-11-12,5.27
JR태흥3,2021-11-13,5.19
JR태흥3,2021-11-14,5.12
JR태흥3,2021-11-15,5.06
JR태흥3,2021-11-16,4.99
JR태흥3,2021-11-17,4.93
JR태흥3,2021-11-18,4.87
JR태흥3,2021-11-19,4.82
JR태흥3,2021-11-20,4.77
JR태흥3,2021-11-21,4.67
JR태흥3,2021-11-22,4.41
JR태흥3,2021-11-23,4.19
JR태흥3,2021-11-24,3.97
JR태흥3,2021-11-25,3.77
JR태흥3,2021-11-26,3.6
JR태흥3,2021-11-27,3.47
JR태흥3,2021-11-28,3.35
JR태흥3,2021-11-29,3.26
JR태흥3,2021-11-30,3.22
JR태흥3,2021-12-01,3.17
JR태흥3,2021-12-02,3.14
JR태흥3,2021-12-03,3.13
JR태흥3,2021-12-04,3.11
JR태흥3,2021-12-05,3.11
JR태흥3,2021-12-06,3.1
JR태흥3,2021-12-07,3.07
JR태흥3,2021-12-08,3.05
JR태흥3,2021-12-09,3.03
JR태흥3,2021-12-10,3.0
JR태흥3,2021-12-11,2.96
JR태흥3,2021-12-12,2.93
JR태흥3,2021-12-13,2.89
JR태흥3,2021-12-14,2.85
JR태흥3,2021-12-15,2.84
JR태흥3,2021-12-16,2.84
JR태흥3,2021-12-17,2.84
JR태흥3,2021-12-18,2.8
JR태흥3,2021-12-19,2.76
JR태흥3,2021-12-20,2.74
JR태흥3,2021-12-21,2.73
JR태흥3,2021-12-22,2.73
JR태흥3,2021-12-23,2.72
JR태흥3,2021-12-24,2.7
JR태흥3,2021-12-25,2.66
JR태흥3,2021-12-26,2.6
JR태흥3,2021-12-27,2.54
JR태흥3,2021-12-28,2.51
JR태흥3,2021-12-29,2.5
JR태흥3,2021-12-30,2.48
JR태흥3,2021-12-31,2.46
JR태흥3,2022-01-01,2.45
JR태흥3,2022-01-02,2.46
JR태흥3,2022-01-03,2.46
JR태흥3,2022-01-04,2.44
JR태흥3,2022-01-05,2.45
JR태흥3,2022-01-06,2.47
JR태흥3,2022-01-07,2.45
JR태흥3,2022-01-08,2.41
JR태흥3,2022-01-09,2.38
JR태흥3,2022-01-10,2.38
JR태흥3,2022-01-11,2.37
JR태흥3,2022-01-12,2.34
JR태흥3,2022-01-13,2.32
JR태흥3,2022-01-14,2.3
JR태흥3,2022-01-15,2.28
JR태흥3,2022-01-16,2.28
JR태흥3,2022-01-17,2.26
JR태흥3,2022-01-18,2.24
JR태흥3,2022-01-19,2.24
JR태흥3,2022-01-20,2.24
JR태흥3,2022-01-21,2.24
JR태흥3,2022-01-22,2.25
JR태흥3,2022-01-23,2.28
JR태흥3,2022-01-24,2.31
JR태흥3,2022-01-25,2.33
JR태흥3,2022-01-26,2.29
JR태흥3,2022-01-27,2.25
JR태흥3,2022-01-28,2.23
JR태흥3,2022-01-29,2.23
JR태흥3,2022-01-30,2.22
JR태흥3,2022-01-31,2.21
JR태흥3,2022-02-01,2.19
JR태흥3,2022-02-02,2.18
JR태흥3,2022-02-03,2.16
JR태흥3,2022-02-04,2.14
JR태흥3,2022-02-05,2.12
JR태흥3,2022-02-06,2.1
JR태흥3,2022-02-07,2.07
JR태흥3,2022-02-08,2.05
JR태흥3,2022-02-09,2.04
JR태흥3,2022-02-10,2.03
JR태흥3,2022-02-11,2.02
JR태흥3,2022-02-12,2.02
JR태흥3,2022-02-13,2.04
JR태흥3,2022-02-14,2.06
JR태흥3,2022-02-15,2.05
JR태흥3,2022-02-16,2.04
JR태흥3,2022-02-17,2.04
JR태흥3,2022-02-18,2.05
JR태흥3,2022-02-19,2.06
JR태흥3,2022-02-20,2.04
JR태흥3,2022-02-21,1.99
JR태흥3,2022-02-22,1.95
JR태흥3,2022-02-23,1.92
JR태흥3,2022-02-24,1.88
JR태흥3,2022-02-25,1.85
JR태흥3,2022-02-26,1.84
JR태흥3,2022-02-27,1.83
JR태흥3,2022-02-28,1.84
JR태흥3,2022-03-01,1.87
JR태흥3,2022-03-02,1.89
JR태흥3,2022-03-03,1.87
JR태흥3,2022-03-04,1.88
JR태흥3,2022-03-05,1.88
JR태흥3,2022-03-06,1.86
JR태흥3,2022-03-07,1.86
JR태흥3,2022-03-08,1.86
JR태흥3,2022-03-09,1.84
JR태흥3,2022-03-10,1.81
JR태흥3,2022-03-11,1.78
JR태흥3,2022-03-12,1.77
JR태흥3,2022-03-13,1.78
JR태흥3,2022-03-14,1.82
JR태흥3,2022-03-15,1.83
JR태흥3,2022-03-16,1.83
JR태흥3,2022-03-17,1.84
JR태흥3,2022-03-18,1.91
JR태흥3,2022-03-19,1.98
JR태흥3,2022-03-20,1.95
JR태흥3,2022-03-21,1.92
JR태흥3,2022-03-22,1.91
JR태흥3,2022-03-23,1.9
JR태흥3,2022-03-24,1.87
JR태흥3,2022-03-25,1.86
JR태흥3,2022-03-26,1.9
JR태흥3,2022-03-27,1.9
JR태흥3,2022-03-28,1.86
JR태흥3,2022-03-29,1.82
JR태흥3,2022-03-30,1.79
JR태흥3,2022-03-31,1.78
JR태흥3,2022-04-01,1.75
JR태흥3,2022-04-02,1.73
JR태흥3,2022-04-03,1.69
JR태흥3,2022-04-04,1.66
JR태흥3,2022-04-05,1.62
JR태흥3,2022-04-06,1.6
JR태흥3,2022-04-07,1.59
JR태흥3,2022-04-08,1.58
JR태흥3,2022-04-09,1.58
JR태흥3,2022-04-10,1.57
JR태흥3,2022-04-11,1.59
JR태흥3,2022-04-12,1.6
JR태흥3,2022-04-13,1.62
JR태흥3,2022-04-14,1.67
JR태흥3,2022-04-15,1.7
JR태흥3,2022-04-16,1.68
JR태흥3,2022-04-17,1.62
JR태흥3,2022-04-18,1.6
JR태흥3,2022-04-19,1.59
JR태흥3,2022-04-20,1.58
JR태흥3,2022-04-21,1.58
JR태흥3,2022-04-22,1.58
JR태흥3,2022-04-23,1.57
JR태흥3,2022-04-24,1.58
JR태흥3,2022-04-25,1.58
JR태흥3,2022-04-26,1.61
JR태흥3,2022-04-27,1.64
JR태흥3,2022-04-28,1.64
JR태흥3,2022-04-29,1.64
JR태흥3,2022-04-30,1.66
JR태흥3,2022-05-01,1.64
JR태흥3,2022-05-02,1.62
JR태흥3,2022-05-03,1.62
JR태흥3,2022-05-04,1.6
JR태흥3,2022-05-05,1.59
JR태흥3,2022-05-06,1.59
JR태흥3,2022-05-07,1.59
JR태흥3,2022-05-08,1.59
JR태흥3,2022-05-09,1.58
JR태흥3,2022-05-10,1.57
JR태흥3,2022-05-11,1.57
JR태흥3,2022-05-12,1.57
JR태흥3,2022-05-13,1.59
JR태흥3,2022-05-14,1.6
JR태흥3,2022-05-15,1.58
JR태흥3,2022-05-16,1.57
JR태흥3,2022-05-17,1.57
JR태흥3,2022-05-18,1.58
JR태흥3,2022-05-19,1.57
JR태흥3,2022-05-20,1.56
JR태흥3,2022-05-21,1.58
JR태흥3,2022-05-22,1.58
JR태흥3,2022-05-23,1.57
JR태흥3,2022-05-24,1.57
JR태흥3,2022-05-25,1.56
JR태흥3,2022-05-26,1.56
JR태흥3,2022-05-27,1.56
JR태흥3,2022-05-28,1.57
JR태흥3,2022-05-29,1.6
JR태흥3,2022-05-30,1.65
JR태흥3,2022-05-31,1.66
JR태흥3,2022-06-01,1.65
JR태흥3,2022-06-02,1.64
JR태흥3,2022-06-03,1.63
JR태흥3,2022-06-04,1.62
JR태흥3,2022-06-05,1.67
JR태흥3,2022-06-06,1.78
JR태흥3,2022-06-07,1.82
JR태흥3,2022-06-08,1.83
JR태흥3,2022-06-09,1.82
JR태흥3,2022-06-10,1.8
JR태흥3,2022-06-11,1.79
JR태흥3,2022-06-12,1.8
JR태흥3,2022-06-13,1.81
JR태흥3,2022-06-14,1.87
JR태흥3,2022-06-15,1.9
JR태흥3,2022-06-16,1.87
JR태흥3,2022-06-17,1.83
JR태흥3,2022-06-18,1.82
JR태흥3,2022-06-19,1.81
JR태흥3,2022-06-20,1.81
JR태흥3,2022-06-21,1.8
JR태흥3,2022-06-22,1.78
JR태흥3,2022-06-23,1.75
JR태흥3,2022-06-24,1.75
JR태흥3,2022-06-25,1.77
JR태흥3,2022-06-26,1.82
JR태흥3,2022-06-27,1.84
JR태흥3,2022-06-28,1.85
JR태흥3,2022-06-29,1.85
JR태흥3,2022-06-30,1.85
JR태흥3,2022-07-01,1.84
JR태흥3,2022-07-02,1.82
JR태흥3,2022-07-03,1.81
JR태흥3,2022-07-04,1.81
JR태흥3,2022-07-05,1.82
JR태흥3,2022-07-06,1.81
JR태흥3,2022-07-07,1.79
JR태흥3,2022-07-08,1.77
JR태흥3,2022-07-09,1.76
JR태흥3,2022-07-10,1.77
JR태흥3,2022-07-11,1.78
JR태흥3,2022-07-12,1.79
JR태흥3,2022-07-13,1.79
JR태흥3,2022-07-14,1.79
JR태흥3,2022-07-15,1.79
JR태흥3,2022-07-16,1.83
JR태흥3,2022-07-17,1.85
JR태흥3,2022-07-18,1.86
JR태흥3,2022-07-19,1.83
JR태흥3,2022-07-20,1.79
JR태흥3,2022-07-21,1.79
JR태흥3,2022-07-22,1.74
JR태흥3,2022-07-23,1.73
JR태흥3,2022-07-24,1.72
JR태흥3,2022-07-25,1.7
JR태흥3,2022-07-26,1.68
JR태흥3,2022-07-27,1.67
JR태흥3,2022-07-28,1.66
JR태흥3,2022-07-29,1.65
JR태흥3,2022-07-30,1.67
JR태흥3,2022-07-31,1.73
JR태흥3,2022-08-01,1.82
JR태흥3,2022-08-02,1.88
JR태흥3,2022-08-03,1.89
JR태흥3,2022-08-04,1.89
JR태흥3,2022-08-05,1.88
JR태흥3,2022-08-06,1.88
JR태흥3,2022-08-07,1.89
JR태흥3,2022-08-08,1.87
JR태흥3,2022-08-09,1.86
JR태흥3,2022-08-10,1.86
JR태흥3,2022-08-11,1.88
JR태흥3,2022-08-12,1.89
JR태흥3,2022-08-13,1.9
JR태흥3,2022-08-14,1.9
JR태흥3,2022-08-15,1.88
JR태흥3,2022-08-16,1.87
JR태흥3,2022-08-17,1.92
JR태흥3,2022-08-18,2.17
JR태흥3,2022-08-19,2.33
JR태흥3,2022-08-20,2.38
JR태흥3,2022-08-21,2.4
JR태흥3,2022-08-22,2.5
JR태흥3,2022-08-23,2.98
JR태흥3,2022-08-24,3.27
JR태흥3,2022-08-25,3.69
JR태흥3,2022-08-26,3.64
JR태흥3,2022-08-27,3.48
JR태흥3,2022-08-28,3.26
JR태흥3,2022-08-29,2.91
JR태흥3,2022-08-30,2.53
JR태흥3,2022-08-31,2.33
JR태흥3,2022-09-01,2.25
JR태흥3,2022-09-02,2.27
JR태흥3,2022-09-03,2.4
JR태흥3,2022-09-04,2.48
JR태흥3,2022-09-05,2.64
JR태흥3,2022-09-06,3.1
JR태흥3,2022-09-07,4.17
JR태흥3,2022-09-08,5.48
JR태흥3,2022-09-09,6.31
JR태흥3,2022-09-10,6.68
JR태흥3,2022-09-11,6.72
JR태흥3,2022-09-12,6.59
JR태흥3,2022-09-13,6.38
JR태흥3,2022-09-14,6.15
JR태흥3,2022-09-15,5.93
JR태흥3,2022-09-16,5.73
JR태흥3,2022-09-17,5.55
JR태흥3,2022-09-18,5.41
JR태흥3,2022-09-19,5.29
JR태흥3,2022-09-20,5.17
JR태흥3,2022-09-21,5.05
JR태흥3,2022-09-22,4.93
JR태흥3,2022-09-23,4.81
JR태흥3,2022-09-24,4.65
JR태흥3,2022-09-25,4.26
JR태흥3,2022-09-26,3.72
JR태흥3,2022-09-27,3.34
JR태흥3,2022-09-28,3.14
JR태흥3,2022-09-29,3.03
JR태흥3,2022-09-30,2.97
JR태흥3,2022-10-01,2.93
JR태흥3,2022-10-02,2.89
JR태흥3,2022-10-03,2.86
JR태흥3,2022-10-04,2.84
JR태흥3,2022-10-05,2.79
JR태흥3,2022-10-06,2.78
JR태흥3,2022-10-07,2.75
JR태흥3,2022-10-08,2.73
JR태흥3,2022-10-09,2.75
JR태흥3,2022-10-10,2.74
JR태흥3,2022-10-11,2.7
JR태흥3,2022-10-12,2.67
JR태흥3,2022-10-13,2.67
JR태흥3,2022-10-14,2.66
JR태흥3,2022-10-15,2.63
JR태흥3,2022-10-16,2.62
JR태흥3,2022-10-17,2.59
JR태흥3,2022-10-18,2.56
JR태흥3,2022-10-19,2.53
JR태흥3,2022-10-20,2.49
JR태흥3,2022-10-21,2.47
JR태흥3,2022-10-22,2.46
JR태흥3,2022-10-23,2.46
JR태흥3,2022-10-24,2.46
JR태흥3,2022-10-25,2.46
JR태흥3,2022-10-26,2.48
JR태흥3,2022-10-27,2.48
JR태흥3,2022-10-28,2.46
JR태흥3,2022-10-29,2.45
JR태흥3,2022-10-30,2.46
JR태흥3,2022-10-31,2.48
JR태흥3,2022-11-01,2.47
JR태흥3,2022-11-02,2.44
JR태흥3,2022-11-03,2.41
JR태흥3,2022-11-04,2.39
JR태흥3,2022-11-05,2.36
JR태흥3,2022-11-06,2.34
JR태흥3,2022-11-07,2.33
JR태흥3,2022-11-08,2.31
JR태흥3,2022-11-09,2.3
JR태흥3,2022-11-10,2.29
JR태흥3,2022-11-11,2.29
JR태흥3,2022-11-12,2.28
JR태흥3,2022-11-13,2.29
JR태흥3,2022-11-14,2.28
JR태흥3,2022-11-15,2.27
JR태흥3,2022-11-16,2.24
JR태흥3,2022-11-17,2.22
JR태흥3,2022-11-18,2.2
JR태흥3,2022-11-19,2.2
JR태흥3,2022-11-20,2.2
JR태흥3,2022-11-21,2.19
JR태흥3,2022-11-22,2.19
JR태흥3,2022-11-23,2.21
JR태흥3,2022-11-24,2.21
JR태흥3,2022-11-25,2.21
JR태흥3,2022-11-26,2.21
JR태흥3,2022-11-27,2.21
JR태흥3,2022-11-28,2.22
JR태흥3,2022-11-29,2.25
JR태흥3,2022-11-30,2.23
JR태흥3,2022-12-01,2.16
JR태흥3,2022-12-02,2.09
JR태흥3,2022-12-03,2.05
JR태흥3,2022-12-04,2.04
JR태흥3,2022-12-05,2.03
JR태흥3,2022-12-06,2.0
JR태흥3,2022-12-07,1.98
JR태흥3,2022-12-08,1.97
JR태흥3,2022-12-09,1.99
JR태흥3,2022-12-10,2.01
JR태흥3,2022-12-11,2.01
JR태흥3,2022-12-12,2.02
JR태흥3,2022-12-13,2.0
JR태흥3,2022-12-14,1.95
JR태흥3,2022-12-15,1.9
JR태흥3,2022-12-16,1.86
JR태흥3,2022-12-17,1.83
JR태흥3,2022-12-18,1.78
JR태흥3,2022-12-19,1.73
JR태흥3,2022-12-20,1.74
JR태흥3,2022-12-21,1.77
JR태흥3,2022-12-22,1.8
JR태흥3,2022-12-23,1.8
JR태흥3,2022-12-24,1.79
JR태흥3,2022-12-25,1.8
JR태흥3,2022-12-26,1.81
JR태흥3,2022-12-27,1.81
JR태흥3,2022-12-28,1.79
JR태흥3,2022-12-29,1.75
JR태흥3,2022-12-30,1.72
JR태흥3,2022-12-31,1.69
JR태흥3,2023-01-01,1.67
JR태흥3,2023-01-02,1.65
JR태흥3,2023-01-03,1.64
JR태흥3,2023-01-04,1.63
JR태흥3,2023-01-05,1.63
JR태흥3,2023-01-06,1.64
JR태흥3,2023-01-07,1.66
JR태흥3,2023-01-08,1.67
JR태흥3,2023-01-09,1.67
JR태흥3,2023-01-10,1.68
JR태흥3,2023-01-11,1.68
JR태흥3,2023-01-12,1.68
JR태흥3,2023-01-13,1.73
JR태흥3,2023-01-14,1.79
JR태흥3,2023-01-15,1.83
JR태흥3,2023-01-16,1.81
JR태흥3,2023-01-17,1.78
JR태흥3,2023-01-18,1.77
JR태흥3,2023-01-19,1.74
JR태흥3,2023-01-20,1.73
JR태흥3,2023-01-21,1.72
JR태흥3,2023-01-22,1.75
JR태흥3,2023-01-23,1.77
JR태흥3,2023-01-24,1.76
JR태흥3,2023-01-25,1.72
JR태흥3,2023-01-26,1.7
JR태흥3,2023-01-27,1.7
JR태흥3,2023-01-28,1.68
JR태흥3,2023-01-29,1.66
JR태흥3,2023-01-30,1.65
JR태흥3,2023-01-31,1.65
JR태흥3,2023-02-01,1.66
JR태흥3,2023-02-02,1.64
JR태흥3,2023-02-03,1.63
JR태흥3,2023-02-04,1.63
JR태흥3,2023-02-05,1.63
JR태흥3,2023-02-06,1.64
JR태흥3,2023-02-07,1.66
JR태흥3,2023-02-08,1.67
JR태흥3,2023-02-09,1.64
JR태흥3,2023-02-10,1.65
JR태흥3,2023-02-11,1.66
JR태흥3,2023-02-12,1.65
JR태흥3,2023-02-13,1.67
JR태흥3,2023-02-14,1.68
JR태흥3,2023-02-15,1.65
JR태흥3,2023-02-16,1.59
JR태흥3,2023-02-17,1.55
JR태흥3,2023-02-18,1.54
JR태흥3,2023-02-19,1.55
JR태흥3,2023-02-20,1.55
JR태흥3,2023-02-21,1.55
JR태흥3,2023-02-22,13.79
JR태흥3,2023-02-23,30.91
JR태흥3,2023-02-24,30.87
JR태흥3,2023-02-25,30.82
JR태흥3,2023-02-26,30.83
JR태흥3,2023-02-27,30.88
JR태흥3,2023-02-28,30.94
JR태흥3,2023-03-01,30.96
JR태흥3,2023-03-02,30.88
JR태흥3,2023-03-03,30.9
JR태흥3,2023-03-04,30.91
JR태흥3,2023-03-05,30.92
JR태흥3,2023-03-06,30.93
JR태흥3,2023-03-07,30.93
JR태흥3,2023-03-08,30.92
JR태흥3,2023-03-09,30.94
JR태흥3,2023-03-10,30.88
JR태흥3,2023-03-11,30.88
JR태흥3,2023-03-12,30.91
JR태흥3,2023-03-13,30.9
JR태흥3,2023-03-14,30.94
JR태흥3,2023-03-15,30.91
JR태흥3,2023-03-16,30.89
JR태흥3,2023-03-17,30.93
JR태흥3,2023-03-18,30.91
JR태흥3,2023-03-19,30.88
JR태흥3,2023-03-20,30.92
JR태흥3,2023-03-21,30.94
JR태흥3,2023-03-22,30.92
JR태흥3,2023-03-23,30.92
JR태흥3,2023-03-24,30.83
JR태흥3,2023-03-25,30.85
JR태흥3,2023-03-26,30.89
JR태흥3,2023-03-27,30.86
JR태흥3,2023-03-28,30.87
JR태흥3,2023-03-29,30.92
JR태흥3,2023-03-30,30.9
JR태흥3,2023-03-31,30.91
JR태흥3,2023-04-01,30.91
JR태흥3,2023-04-02,30.87
JR태흥3,2023-04-03,30.85
JR태흥3,2023-04-04,30.9
JR태흥3,2023-04-05,30.93
JR태흥3,2023-04-06,30.88
JR태흥3,2023-04-07,30.86
JR태흥3,2023-04-08,30.85
JR태흥3,2023-04-09,30.91
JR태흥3,2023-04-10,30.95
JR태흥3,2023-04-11,30.97
JR태흥3,2023-04-12,30.92
JR태흥3,2023-04-13,30.92
JR태흥3,2023-04-14,30.98
JR태흥3,2023-04-15,31.01
JR태흥3,2023-04-16,30.95
JR태흥3,2023-04-17,30.88
JR태흥3,2023-04-18,30.96
JR태흥3,2023-04-19,30.94
JR태흥3,2023-04-20,30.95
JR태흥3,2023-04-21,30.94
JR태흥3,2023-04-22,30.89
JR태흥3,2023-04-23,30.91
JR태흥3,2023-04-24,30.93
JR태흥3,2023-04-25,31.02
JR태흥3,2023-04-26,30.96
JR태흥3,2023-04-27,30.93
JR태흥3,2023-04-28,30.99
JR태흥3,2023-04-29,31.05
JR태흥3,2023-04-30,30.97
JR태흥3,2023-05-01,30.93
JR태흥3,2023-05-02,30.93
JR태흥3,2023-05-03,30.98
JR태흥3,2023-05-04,31.05
JR태흥3,2023-05-05,31.15
JR태흥3,2023-05-06,31.5
JR태흥3,2023-05-07,31.44
JR태흥3,2023-05-08,31.28
JR태흥3,2023-05-09,31.17
JR태흥3,2023-05-10,31.08
JR태흥3,2023-05-11,31.02
JR태흥3,2023-05-12,31.02
JR태흥3,2023-05-13,31.06
JR태흥3,2023-05-14,31.05
JR태흥3,2023-05-15,31.03
JR태흥3,2023-05-16,30.99
JR태흥3,2023-05-17,30.99
JR태흥3,2023-05-18,31.08
JR태흥3,2023-05-19,31.02
JR태흥3,2023-05-20,31.01
JR태흥3,2023-05-21,31.05
JR태흥3,2023-05-22,31.08
JR태흥3,2023-05-23,31.03
JR태흥3,2023-05-24,31.01
JR태흥3,2023-05-25,31.02
JR태흥3,2023-05-26,31.02
JR태흥3,2023-05-27,31.03
JR태흥3,2023-05-28,31.05
JR태흥3,2023-05-29,31.05
JR태흥3,2023-05-30,31.04
JR태흥3,2023-05-31,31.01
JR태흥3,2023-06-01,31.04
JR태흥3,2023-06-02,31.05
JR태흥3,2023-06-03,30.97
JR태흥3,2023-06-04,30.99
JR태흥3,2023-06-05,31.02
JR태흥3,2023-06-06,31.08
JR태흥3,2023-06-07,31.03
JR태흥3,2023-06-08,31.08
JR태흥3,2023-06-09,31.07
JR태흥3,2023-06-10,31.08
JR태흥3,2023-06-11,31.07
JR태흥3,2023-06-12,31.06
JR태흥3,2023-06-13,31.07
JR태흥3,2023-06-14,31.05
JR태흥3,2023-06-15,31.03
JR태흥3,2023-06-16,31.0
JR태흥3,2023-06-17,31.05
JR태흥3,2023-06-18,31.06
JR태흥3,2023-06-19,31.04
JR태흥3,2023-06-20,31.06
JR태흥3,2023-06-21,31.04
JR태흥3,2023-06-22,31.0
JR태흥3,2023-06-23,30.97
JR태흥3,2023-06-24,30.97
JR태흥3,2023-06-25,31.02
JR태흥3,2023-06-26,31.01
JR태흥3,2023-06-27,31.0
JR태흥3,2023-06-28,31.03
JR태흥3,2023-06-29,31.07
JR태흥3,2023-06-30,31.07
JR태흥3,2023-07-01,31.04
JR태흥3,2023-07-02,31.06
JR태흥3,2023-07-03,31.09
JR태흥3,2023-07-04,31.11
JR태흥3,2023-07-05,31.11
JR태흥3,2023-07-06,31.05
JR태흥3,2023-07-07,31.08
JR태흥3,2023-07-08,31.07
JR태흥3,2023-07-09,31.05
JR태흥3,2023-07-10,31.06
JR태흥3,2023-07-11,31.08
JR태흥3,2023-07-12,31.1
JR태흥3,2023-07-13,31.1
JR태흥3,2023-07-14,31.1
JR태흥3,2023-07-15,31.11
JR태흥3,2023-07-16,31.08
JR태흥3,2023-07-17,31.07
JR태흥3,2023-07-18,31.11
JR태흥3,2023-07-19,31.09
JR태흥3,2023-07-20,31.06
JR태흥3,2023-07-21,31.06
JR태흥3,2023-07-22,31.07
JR태흥3,2023-07-23,31.11
JR태흥3,2023-07-24,31.12
JR태흥3,2023-07-25,31.1
JR태흥3,2023-07-26,31.09
JR태흥3,2023-07-27,31.11
JR태흥3,2023-07-28,31.11
JR태흥3,2023-07-29,31.11
JR태흥3,2023-07-30,31.12
JR태흥3,2023-07-31,31.12
JR태흥3,2023-08-01,31.12
JR태흥3,2023-08-02,31.11
JR태흥3,2023-08-03,31.1
JR태흥3,2023-08-04,31.1
JR태흥3,2023-08-05,31.11
JR태흥3,2023-08-06,31.09
JR태흥3,2023-08-07,31.04
JR태흥3,2023-08-08,31.02
JR태흥3,2023-08-09,31.05
JR태흥3,2023-08-10,31.01
JR태흥3,2023-08-11,30.96
JR태흥3,2023-08-12,30.97
JR태흥3,2023-08-13,30.98
JR태흥3,2023-08-14,30.98
JR태흥3,2023-08-15,30.99
JR태흥3,2023-08-16,30.99
JR태흥3,2023-08-17,30.97
JR태흥3,2023-08-18,30.96
JR태흥3,2023-08-19,30.93
JR태흥3,2023-08-20,30.94
JR태흥3,2023-08-21,30.98
JR태흥3,2023-08-22,30.99
JR태흥3,2023-08-23,30.97
JR태흥3,2023-08-24,30.94
JR태흥3,2023-08-25,30.93
JR태흥3,2023-08-26,30.95
JR태흥3,2023-08-27,30.97
JR태흥3,2023-08-28,30.96
JR태흥3,2023-08-29,30.95
JR태흥3,2023-08-30,30.93
JR태흥3,2023-08-31,30.93
JR태흥3,2023-09-01,30.94
JR태흥3,2023-09-02,30.94
JR태흥3,2023-09-03,30.95
JR태흥3,2023-09-04,30.97
JR태흥3,2023-09-05,30.98
JR태흥3,2023-09-06,30.97
JR태흥3,2023-09-07,30.97
JR태흥3,2023-09-08,30.99
JR태흥3,2023-09-09,31.0
JR태흥3,2023-09-10,31.0
JR태흥3,2023-09-11,31.01
JR태흥3,2023-09-12,30.99
JR태흥3,2023-09-13,31.0
JR태흥3,2023-09-14,30.98
JR태흥3,2023-09-15,30.98
JR태흥3,2023-09-16,30.99
JR태흥3,2023-09-17,30.98
JR태흥3,2023-09-18,30.96
JR태흥3,2023-09-19,30.97
JR태흥3,2023-09-20,31.01
JR태흥3,2023-09-21,30.98
JR태흥3,2023-09-22,30.94
JR태흥3,2023-09-23,30.93
JR태흥3,2023-09-24,30.97
JR태흥3,2023-09-25,30.98
JR태흥3,2023-09-26,30.98
JR태흥3,2023-09-27,30.97
JR태흥3,2023-09-28,30.96
JR태흥3,2023-09-29,30.96
JR태흥3,2023-09-30,30.98
JR태흥3,2023-10-01,30.94
JR태흥3,2023-10-02,30.93
JR태흥3,2023-10-03,30.96
JR태흥3,2023-10-04,30.96
JR태흥3,2023-10-05,30.94
JR태흥3,2023-10-06,30.93
JR태흥3,2023-10-07,30.92
JR태흥3,2023-10-08,30.95
JR태흥3,2023-10-09,30.94
JR태흥3,2023-10-10,30.94
JR태흥3,2023-10-11,30.94
JR태흥3,2023-10-12,30.96
JR태흥3,2023-10-13,31.03
JR태흥3,2023-10-14,31.05
JR태흥3,2023-10-15,31.0
JR태흥3,2023-10-16,30.97
JR태흥3,2023-10-17,30.95
JR태흥3,2023-10-18,30.96
JR태흥3,2023-10-19,31.0
JR태흥3,2023-10-20,30.98
JR태흥3,2023-10-21,30.93
JR태흥3,2023-10-22,30.95
JR태흥3,2023-10-23,30.96
JR태흥3,2023-10-24,30.98
JR태흥3,2023-10-25,30.95
JR태흥3,2023-10-26,30.93
JR태흥3,2023-10-27,30.93
JR태흥3,2023-10-28,30.89
JR태흥3,2023-10-29,30.88
JR태흥3,2023-10-30,30.88
JR태흥3,2023-10-31,30.88
JR태흥3,2023-11-01,30.9
JR태흥3,2023-11-02,30.9
JR태흥3,2023-11-03,30.89
JR태흥3,2023-11-04,30.85
JR태흥3,2023-11-05,30.87
JR태흥3,2023-11-06,30.88
JR태흥3,2023-11-07,30.78
JR태흥3,2023-11-08,30.81
JR태흥3,2023-11-09,30.83
JR태흥3,2023-11-10,30.81
JR태흥3,2023-11-11,30.79
JR태흥3,2023-11-12,30.8
JR태흥3,2023-11-13,30.77
JR태흥3,2023-11-14,30.79
JR태흥3,2023-11-15,30.78
JR태흥3,2023-11-16,30.85
JR태흥3,2023-11-17,30.84
JR태흥3,2023-11-18,30.77
JR태흥3,2023-11-19,30.79
JR태흥3,2023-11-20,30.76
JR태흥3,2023-11-21,30.79
JR태흥3,2023-11-22,30.81
JR태흥3,2023-11-23,30.8
JR태흥3,2023-11-24,30.69
JR태흥3,2023-11-25,30.72
JR태흥3,2023-11-26,30.79
JR태흥3,2023-11-27,30.83
JR태흥3,2023-11-28,30.74
JR태흥3,2023-11-29,30.74
JR태흥3,2023-11-30,30.72
JR태흥3,2023-12-01,30.74
JR태흥3,2023-12-02,30.72
JR태흥3,2023-12-03,30.73
JR태흥3,2023-12-04,30.77
JR태흥3,2023-12-05,30.79
JR태흥3,2023-12-06,30.8
JR태흥3,2023-12-07,30.74
JR태흥3,2023-12-08,30.75
JR태흥3,2023-12-09,30.72
JR태흥3,2023-12-10,30.71
JR태흥3,2023-12-11,30.79
JR태흥3,2023-12-12,30.71
JR태흥3,2023-12-13,30.67
JR태흥3,2023-12-14,30.74
JR태흥3,2023-12-15,30.77
JR태흥3,2023-12-16,30.65
JR태흥3,2023-12-17,30.63
JR태흥3,2023-12-18,30.68
JR태흥3,2023-12-19,30.73
JR태흥3,2023-12-20,30.72
JR태흥3,2023-12-21,30.69
JR태흥3,2023-12-22,30.66
JR태흥3,2023-12-23,30.69
JR태흥3,2023-12-24,30.74
JR태흥3,2023-12-25,30.72
JR태흥3,2023-12-26,30.71
JR태흥3,2023-12-27,30.71
JR태흥3,2023-12-28,30.72
JR태흥3,2023-12-29,30.72
JR태흥3,2023-12-30,30.77
JR태흥3,2023-12-31,30.71
JR태흥3,2024-01-01,30.64
JR태흥3,2024-01-02,30.7
JR태흥3,2024-01-03,30.71
JR태흥3,2024-01-04,30.66
JR태흥3,2024-01-05,30.69
JR태흥3,2024-01-06,30.68
JR태흥3,2024-01-07,30.64
JR태흥3,2024-01-08,30.66
JR태흥3,2024-01-09,30.73
JR태흥3,2024-01-10,30.71
JR태흥3,2024-01-11,30.69
JR태흥3,2024-01-12,30.69
JR태흥3,2024-01-13,30.64
JR태흥3,2024-01-14,30.68
JR태흥3,2024-01-15,30.65
JR태흥3,2024-01-16,30.62
JR태흥3,2024-01-17,30.69
JR태흥3,2024-01-18,30.7
JR태흥3,2024-01-19,30.64
JR태흥3,2024-01-20,30.69
JR태흥3,2024-01-21,30.63
JR태흥3,2024-01-22,30.62
JR태흥3,2024-01-23,30.65
JR태흥3,2024-01-24,30.66
JR태흥3,2024-01-25,30.64
JR태흥3,2024-01-26,30.64
JR태흥3,2024-01-27,30.66
JR태흥3,2024-01-28,30.65
JR태흥3,2024-01-29,30.65
JR태흥3,2024-01-30,30.68
JR태흥3,2024-01-31,30.72
JR태흥3,2024-02-01,30.7
JR태흥3,2024-02-02,30.66
JR태흥3,2024-02-03,30.69
JR태흥3,2024-02-04,30.71
JR태흥3,2024-02-05,30.74
JR태흥3,2024-02-06,30.66
JR태흥3,2024-02-07,30.71
JR태흥3,2024-02-08,30.71
JR태흥3,2024-02-09,30.69
JR태흥3,2024-02-10,30.68
JR태흥3,2024-02-11,30.68
JR태흥3,2024-02-12,30.68
JR태흥3,2024-02-13,30.73
JR태흥3,2024-02-14,30.78
JR태흥3,2024-02-15,30.79
JR태흥3,2024-02-16,30.72
JR태흥3,2024-02-17,30.73
JR태흥3,2024-02-18,30.76
JR태흥3,2024-02-19,30.77
JR태흥3,2024-02-20,30.71
JR태흥3,2024-02-21,30.75
JR태흥3,2024-02-22,30.7
JR태흥3,2024-02-23,30.7
JR태흥3,2024-02-24,30.74
JR태흥3,2024-02-25,30.78
JR태흥3,2024-02-26,30.74
JR태흥3,2024-02-27,30.75
JR태흥3,2024-02-28,30.78
JR태흥3,2024-02-29,30.84
JR태흥3,2024-03-01,30.77
JR태흥3,2024-03-02,30.77
JR태흥3,2024-03-03,30.79
JR태흥3,2024-03-04,30.79
JR태흥3,2024-03-05,30.86
JR태흥3,2024-03-06,30.76
JR태흥3,2024-03-07,30.76
JR태흥3,2024-03-08,30.74
JR태흥3,2024-03-09,30.73
JR태흥3,2024-03-10,30.72
JR태흥3,2024-03-11,30.82
JR태흥3,2024-03-12,30.82
JR태흥3,2024-03-13,30.74
JR태흥3,2024-03-14,30.76
JR태흥3,2024-03-15,30.75
JR태흥3,2024-03-16,30.79
JR태흥3,2024-03-17,30.82
JR태흥3,2024-03-18,30.74
JR태흥3,2024-03-19,30.77
JR태흥3,2024-03-20,30.74
JR태흥3,2024-03-21,30.77
JR태흥3,2024-03-22,30.8
JR태흥3,2024-03-23,30.77
JR태흥3,2024-03-24,30.76
JR태흥3,2024-03-25,30.78
JR태흥3,2024-03-26,30.73
JR태흥3,2024-03-27,30.72
JR태흥3,2024-03-28,30.87
JR태흥3,2024-03-29,30.77
JR태흥3,2024-03-30,30.76
JR태흥3,2024-03-31,30.8
JR태흥3,2024-04-01,30.76
JR태흥3,2024-04-02,30.8
JR태흥3,2024-04-03,30.88
JR태흥3,2024-04-04,30.77
JR태흥3,2024-04-05,30.79
JR태흥3,2024-04-06,30.82
JR태흥3,2024-04-07,30.84
JR태흥3,2024-04-08,30.84
JR태흥3,2024-04-09,30.79
JR태흥3,2024-04-10,30.78
JR태흥3,2024-04-11,30.83
JR태흥3,2024-04-12,30.85
JR태흥3,2024-04-13,30.82
JR태흥3,2024-04-14,30.82
JR태흥3,2024-04-15,30.88
JR태흥3,2024-04-16,30.87
JR태흥3,2024-04-17,30.88
JR태흥3,2024-04-18,30.87
JR태흥3,2024-04-19,30.85
JR태흥3,2024-04-20,30.9
JR태흥3,2024-04-21,30.86
JR태흥3,2024-04-22,30.84
JR태흥3,2024-04-23,30.87
JR태흥3,2024-04-24,30.86
JR태흥3,2024-04-25,30.84
JR태흥3,2024-04-26,30.86
JR태흥3,2024-04-27,30.85
JR태흥3,2024-04-28,30.84
JR태흥3,2024-04-29,30.89
JR태흥3,2024-04-30,30.85
JR태흥3,2024-05-01,30.82
JR태흥3,2024-05-02,30.79
JR태흥3,2024-05-03,30.83
JR태흥3,2024-05-04,30.85
JR태흥3,2024-05-05,30.89
JR태흥3,2024-05-06,30.86
JR태흥3,2024-05-07,30.85
JR태흥3,2024-05-08,30.84
JR태흥3,2024-05-09,30.85
JR태흥3,2024-05-10,30.88
JR태흥3,2024-05-11,30.92
JR태흥3,2024-05-12,30.93
JR태흥3,2024-05-13,30.87
JR태흥3,2024-05-14,30.87
JR태흥3,2024-05-15,30.9
JR태흥3,2024-05-16,30.9
JR태흥3,2024-05-17,30.87
JR태흥3,2024-05-18,30.88
JR태흥3,2024-05-19,30.89
JR태흥3,2024-05-20,30.87
JR태흥3,2024-05-21,30.83
JR태흥3,2024-05-22,30.85
JR태흥3,2024-05-23,30.87
JR태흥3,2024-05-24,30.84
JR태흥3,2024-05-25,30.82
JR태흥3,2024-05-26,30.89
JR태흥3,2024-05-27,30.87
JR태흥3,2024-05-28,30.85
JR태흥3,2024-05-29,30.79
JR태흥3,2024-05-30,30.84
JR태흥3,2024-05-31,30.86
JR태흥3,2024-06-01,30.85
JR태흥3,2024-06-02,30.83
JR태흥3,2024-06-03,30.82
JR태흥3,2024-06-04,30.77
JR태흥3,2024-06-05,30.77
JR태흥3,2024-06-06,30.79
JR태흥3,2024-06-07,30.81
JR태흥3,2024-06-08,30.87
JR태흥3,2024-06-09,30.83
JR태흥3,2024-06-10,30.81
JR태흥3,2024-06-11,30.82
JR태흥3,2024-06-12,30.83
JR태흥3,2024-06-13,30.82
JR태흥3,2024-06-14,30.79
JR태흥3,2024-06-15,30.79
JR태흥3,2024-06-16,30.74
JR태흥3,2024-06-17,30.74
JR태흥3,2024-06-18,30.75
JR태흥3,2024-06-19,30.74
JR태흥3,2024-06-20,30.79
JR태흥3,2024-06-21,30.77
JR태흥3,2024-06-22,30.82
JR태흥3,2024-06-23,30.83
JR태흥3,2024-06-24,30.82
JR태흥3,2024-06-25,30.8
JR태흥3,2024-06-26,30.8
JR태흥3,2024-06-27,30.86
JR태흥3,2024-06-28,30.87
JR태흥3,2024-06-29,30.7
JR태흥3,2024-06-30,30.94
JR태흥3,2024-07-01,31.22
JR태흥3,2024-07-02,31.17
JR태흥3,2024-07-03,30.93
JR태흥3,2024-07-04,30.76
JR태흥3,2024-07-05,30.7
JR태흥3,2024-07-06,30.66
JR태흥3,2024-07-07,30.65
JR태흥3,2024-07-08,30.65
JR태흥3,2024-07-09,30.64
JR태흥3,2024-07-10,30.66
JR태흥3,2024-07-11,30.66
JR태흥3,2024-07-12,30.69
JR태흥3,2024-07-13,30.68
JR태흥3,2024-07-14,30.67
JR태흥3,2024-07-15,30.66
JR태흥3,2024-07-16,30.66
JR태흥3,2024-07-17,30.67
JR태흥3,2024-07-18,30.71
JR태흥3,2024-07-19,30.69
JR태흥3,2024-07-20,30.67
JR태흥3,2024-07-21,30.68
JR태흥3,2024-07-22,30.69
JR태흥3,2024-07-23,30.7
JR태흥3,2024-07-24,30.7
JR태흥3,2024-07-25,30.68
JR태흥3,2024-07-26,30.65
JR태흥3,2024-07-27,30.62
JR태흥3,2024-07-28,30.66
JR태흥3,2024-07-29,30.69
JR태흥3,2024-07-30,30.69
JR태흥3,2024-07-31,30.69
JR태흥3,2024-08-01,30.69
JR태흥3,2024-08-02,30.68
JR태흥3,2024-08-03,30.66
JR태흥3,2024-08-04,30.65
JR태흥3,2024-08-05,30.65
JR태흥3,2024-08-06,30.64
JR태흥3,2024-08-07,30.65
JR태흥3,2024-08-08,30.65
JR태흥3,2024-08-09,30.64
JR태흥3,2024-08-10,30.64
JR태흥3,2024-08-11,30.63
JR태흥3,2024-08-12,30.6
JR태흥3,2024-08-13,30.59
JR태흥3,2024-08-14,30.6
JR태흥3,2024-08-15,30.6
JR태흥3,2024-08-16,30.58
JR태흥3,2024-08-17,30.57
JR태흥3,2024-08-18,30.59
JR태흥3,2024-08-19,30.6
JR태흥3,2024-08-20,30.58
JR태흥3,2024-08-21,30.57
JR태흥3,2024-08-22,30.59
JR태흥3,2024-08-23,30.57
JR태흥3,2024-08-24,30.57
JR태흥3,2024-08-25,30.58
JR태흥3,2024-08-26,30.59
JR태흥3,2024-08-27,30.6
JR태흥3,2024-08-28,30.58
JR태흥3,2024-08-29,30.58
JR태흥3,2024-08-30,30.56
JR태흥3,2024-08-31,30.54
JR태흥3,2024-09-01,30.54
JR태흥3,2024-09-02,30.54
JR태흥3,2024-09-03,30.54
JR태흥3,2024-09-04,30.56
JR태흥3,2024-09-05,30.55
JR태흥3,2024-09-06,30.53
JR태흥3,2024-09-07,30.52
JR태흥3,2024-09-08,30.54
JR태흥3,2024-09-09,30.55
JR태흥3,2024-09-10,30.56
JR태흥3,2024-09-11,30.59
JR태흥3,2024-09-12,30.6
JR태흥3,2024-09-13,30.64
JR태흥3,2024-09-14,30.64
JR태흥3,2024-09-15,30.6
JR태흥3,2024-09-16,30.55
JR태흥3,2024-09-17,30.57
JR태흥3,2024-09-18,30.59
JR태흥3,2024-09-19,30.6
JR태흥3,2024-09-20,30.62
JR태흥3,2024-09-21,30.66
JR태흥3,2024-09-22,30.61
JR태흥3,2024-09-23,30.6
JR태흥3,2024-09-24,30.64
JR태흥3,2024-09-25,30.66
JR태흥3,2024-09-26,30.66
JR태흥3,2024-09-27,30.66
JR태흥3,2024-09-28,30.63
JR태흥3,2024-09-29,30.63
JR태흥3,2024-09-30,30.66
JR태흥3,2024-10-01,30.68
JR태흥3,2024-10-02,30.62
JR태흥3,2024-10-03,30.62
JR태흥3,2024-10-04,30.61
JR태흥3,2024-10-05,30.64
JR태흥3,2024-10-06,30.65
JR태흥3,2024-10-07,30.65
JR태흥3,2024-10-08,30.64
JR태흥3,2024-10-09,30.64
JR태흥3,2024-10-10,30.63
JR태흥3,2024-10-11,30.6
JR태흥3,2024-10-12,30.58
JR태흥3,2024-10-13,30.61
JR태흥3,2024-10-14,30.64
JR태흥3,2024-10-15,30.62
JR태흥3,2024-10-16,30.59
JR태흥3,2024-10-17,30.6
JR태흥3,2024-10-18,30.64
JR태흥3,2024-10-19,30.59
JR태흥3,2024-10-20,30.53
JR태흥3,2024-10-21,30.63
JR태흥3,2024-10-22,30.68
JR태흥3,2024-10-23,30.61
JR태흥3,2024-10-24,30.6
JR태흥3,2024-10-25,30.59
JR태흥3,2024-10-26,30.63
JR태흥3,2024-10-27,30.62
JR태흥3,2024-10-28,30.59
JR태흥3,2024-10-29,30.57
JR태흥3,2024-10-30,30.55
JR태흥3,2024-10-31,30.57
JR태흥3,2024-11-01,30.61
JR태흥3,2024-11-02,30.58
JR태흥3,2024-11-03,30.61
JR태흥3,2024-11-04,30.77
JR태흥3,2024-11-05,30.72
JR태흥3,2024-11-06,30.64
JR태흥3,2024-11-07,30.62
JR태흥3,2024-11-08,30.65
JR태흥3,2024-11-09,30.65
JR태흥3,2024-11-10,30.68
JR태흥3,2024-11-11,30.67
JR태흥3,2024-11-12,30.65
JR태흥3,2024-11-13,30.63
JR태흥3,2024-11-14,30.64
JR태흥3,2024-11-15,30.65
JR태흥3,2024-11-16,30.64
JR태흥3,2024-11-17,30.6
JR태흥3,2024-11-18,30.55
JR태흥3,2024-11-19,30.6
JR태흥3,2024-11-20,30.64
JR태흥3,2024-11-21,30.62
JR태흥3,2024-11-22,30.6
JR태흥3,2024-11-23,30.57
JR태흥3,2024-11-24,30.57
JR태흥3,2024-11-25,30.6
JR태흥3,2024-11-26,30.62
JR태흥3,2024-11-27,30.58
JR태흥3,2024-11-28,30.58
JR태흥3,2024-11-29,30.57
JR태흥3,2024-11-30,30.55
JR태흥3,2024-12-01,30.56
JR태흥3,2024-12-02,30.55
JR태흥3,2024-12-03,30.53
JR태흥3,2024-12-04,30.54
JR태흥3,2024-12-05,30.56
JR태흥3,2024-12-06,30.54
JR태흥3,2024-12-07,30.53
JR태흥3,2024-12-08,30.52
JR태흥3,2024-12-09,30.54
JR태흥3,2024-12-10,30.55
JR태흥3,2024-12-11,30.56
JR태흥3,2024-12-12,30.52
JR태흥3,2024-12-13,30.54
JR태흥3,2024-12-14,30.49
JR태흥3,2024-12-15,30.53
JR태흥3,2024-12-16,30.53
JR태흥3,2024-12-17,30.51
JR태흥3,2024-12-18,30.51
JR태흥3,2024-12-19,30.48
JR태흥3,2024-12-20,30.54
JR태흥3,2024-12-21,30.53
JR태흥3,2024-12-22,30.47
JR태흥3,2024-12-23,30.48
JR태흥3,2024-12-24,30.49
JR태흥3,2024-12-25,30.5
JR태흥3,2024-12-26,30.51
JR태흥3,2024-12-27,30.48
JR태흥3,2024-12-28,30.49
JR태흥3,2024-12-29,30.47
JR태흥3,2024-12-30,30.52
JR태흥3,2024-12-31,30.5
JR태흥3,2025-01-01,30.46
JR태흥3,2025-01-02,30.46
JR태흥3,2025-01-03,30.44
JR태흥3,2025-01-04,30.45
JR태흥3,2025-01-05,30.49
JR태흥3,2025-01-06,30.49
JR태흥3,2025-01-07,30.45
JR태흥3,2025-01-08,30.45
JR태흥3,2025-01-09,30.42
JR태흥3,2025-01-10,30.38
JR태흥3,2025-01-11,30.44
JR태흥3,2025-01-12,30.46
JR태흥3,2025-01-13,30.43
JR태흥3,2025-01-14,30.44
JR태흥3,2025-01-15,30.41
JR태흥3,2025-01-16,30.44
JR태흥3,2025-01-17,30.43
JR태흥3,2025-01-18,30.44
JR태흥3,2025-01-19,30.47
JR태흥3,2025-01-20,30.44
JR태흥3,2025-01-21,30.4
JR태흥3,2025-01-22,30.4
JR태흥3,2025-01-23,30.42
JR태흥3,2025-01-24,30.42
JR태흥3,2025-01-25,30.4
JR태흥3,2025-01-26,30.43
JR태흥3,2025-01-27,30.45
JR태흥3,2025-01-28,30.4
JR태흥3,2025-01-29,30.37
JR태흥3,2025-01-30,30.38
JR태흥3,2025-01-31,30.42
JR태흥3,2025-02-01,30.46
JR태흥3,2025-02-02,30.41
JR태흥3,2025-02-03,30.38
JR태흥3,2025-02-04,30.39
JR태흥3,2025-02-05,30.4
JR태흥3,2025-02-06,30.37
JR태흥3,2025-02-07,30.39
JR태흥3,2025-02-08,30.36
JR태흥3,2025-02-09,30.39
JR태흥3,2025-02-10,30.38
JR태흥3,2025-02-11,30.38
JR태흥3,2025-02-12,30.47
JR태흥3,2025-02-13,30.36
JR태흥3,2025-02-14,30.39
JR태흥3,2025-02-15,30.42
JR태흥3,2025-02-16,30.41
JR태흥3,2025-02-17,30.35
JR태흥3,2025-02-18,30.36
JR태흥3,2025-02-19,30.37
JR태흥3,2025-02-20,30.38
JR태흥3,2025-02-21,30.38
JR태흥3,2025-02-22,30.37
JR태흥3,2025-02-23,30.39
JR태흥3,2025-02-24,30.39
JR태흥3,2025-02-25,30.41
JR태흥3,2025-02-26,30.42
JR태흥3,2025-02-27,30.42
JR태흥3,2025-02-28,30.42
JR태흥3,2025-03-01,30.42
JR태흥3,2025-03-02,30.44
JR태흥3,2025-03-03,30.38
JR태흥3,2025-03-04,30.4
JR태흥3,2025-03-05,30.36
JR태흥3,2025-03-06,30.36
JR태흥3,2025-03-07,30.38
JR태흥3,2025-03-08,30.41
JR태흥3,2025-03-09,30.39
JR태흥3,2025-03-10,30.44
JR태흥3,2025-03-11,30.47
JR태흥3,2025-03-12,30.47
JR태흥3,2025-03-13,30.42
JR태흥3,2025-03-14,30.4
JR태흥3,2025-03-15,30.45
JR태흥3,2025-03-16,30.45
JR태흥3,2025-03-17,30.41
JR태흥3,2025-03-18,30.42
JR태흥3,2025-03-19,30.38
JR태흥3,2025-03-20,30.43
JR태흥3,2025-03-21,30.47
JR태흥3,2025-03-22,30.46
JR태흥3,2025-03-23,30.46
JR태흥3,2025-03-24,30.48
JR태흥3,2025-03-25,30.48
JR태흥3,2025-03-26,30.44
JR태흥3,2025-03-27,30.47
JR태흥3,2025-03-28,30.35
JR태흥3,2025-03-29,30.34
JR태흥3,2025-03-30,30.35
JR태흥3,2025-03-31,30.43
JR태흥3,2025-04-01,30.46
JR태흥3,2025-04-02,30.46
JR태흥3,2025-04-03,30.43
JR태흥3,2025-04-04,30.42
JR태흥3,2025-04-05,30.46
JR태흥3,2025-04-06,30.41
JR태흥3,2025-04-07,30.4
JR태흥3,2025-04-08,30.43
JR태흥3,2025-04-09,30.44
JR태흥3,2025-04-10,30.46
JR태흥3,2025-04-11,30.39
JR태흥3,2025-04-12,30.44
JR태흥3,2025-04-13,30.42
JR태흥3,2025-04-14,30.44
JR태흥3,2025-04-15,30.36
JR태흥3,2025-04-16,30.39
JR태흥3,2025-04-17,30.41
JR태흥3,2025-04-18,30.39
JR태흥3,2025-04-19,30.42
JR태흥3,2025-04-20,30.42
JR태흥3,2025-04-21,30.37
JR태흥3,2025-04-22,30.41
JR태흥3,2025-04-23,30.34
JR태흥3,2025-04-24,30.32
JR태흥3,2025-04-25,30.29
JR태흥3,2025-04-26,30.29
JR태흥3,2025-04-27,30.35
JR태흥3,2025-04-28,30.39
JR태흥3,2025-04-29,30.33
JR태흥3,2025-04-30,30.34
JR태흥3,2025-05-01,30.39
JR태흥3,2025-05-02,30.35
JR태흥3,2025-05-03,30.38
JR태흥3,2025-05-04,30.32
JR태흥3,2025-05-05,30.37
JR태흥3,2025-05-06,30.39
JR태흥3,2025-05-07,30.27
JR태흥3,2025-05-08,30.27
JR태흥3,2025-05-09,30.38
JR태흥3,2025-05-10,30.32
JR태흥3,2025-05-11,30.38
JR태흥3,2025-05-12,30.41
JR태흥3,2025-05-13,30.35
JR태흥3,2025-05-14,30.35
JR태흥3,2025-05-15,30.36
JR태흥3,2025-05-16,30.4
JR태흥3,2025-05-17,30.39
JR태흥3,2025-05-18,30.36
JR태흥3,2025-05-19,30.38
JR태흥3,2025-05-20,30.38
JR태흥3,2025-05-21,30.42
JR태흥3,2025-05-22,30.38
JR태흥3,2025-05-23,30.37
JR태흥3,2025-05-24,30.4
JR태흥3,2025-05-25,30.32
JR태흥3,2025-05-26,30.33
JR태흥3,2025-05-27,30.35
JR태흥3,2025-05-28,30.37
JR태흥3,2025-05-29,30.39
JR태흥3,2025-05-30,30.38
JR태흥3,2025-05-31,30.39
JR태흥3,2025-06-01,30.37
JR태흥3,2025-06-02,30.36
JR태흥3,2025-06-03,30.32
JR태흥3,2025-06-04,30.36
JR태흥3,2025-06-05,30.33
JR태흥3,2025-06-06,30.35
JR태흥3,2025-06-07,30.35
JR태흥3,2025-06-08,30.35
JR태흥3,2025-06-09,30.36
JR태흥3,2025-06-10,30.35
JR태흥3,2025-06-11,30.32
JR태흥3,2025-06-12,30.31
JR태흥3,2025-06-13,30.34
JR태흥3,2025-06-14,30.4
JR태흥3,2025-06-15,30.36
JR태흥3,2025-06-16,30.34
JR태흥3,2025-06-17,30.31
JR태흥3,2025-06-18,30.31
JR태흥3,2025-06-19,30.35
JR태흥3,2025-06-20,30.35
JR태흥3,2025-06-21,30.35
JR태흥3,2025-06-22,30.35
JR태흥3,2025-06-23,30.35
JR태흥3,2025-06-24,30.35
JR태흥3,2025-06-25,30.35
JR태흥3,2025-06-26,30.37
JR태흥3,2025-06-27,30.37
JR태흥3,2025-06-28,30.36
JR태흥3,2025-06-29,30.35
JR태흥3,2025-06-30,30.35
JR태흥3,2025-07-01,30.32
JR태흥3,2025-07-02,30.34
JR태흥3,2025-07-03,30.34
JR태흥3,2025-07-04,30.34
JR태흥3,2025-07-05,30.33
JR태흥3,2025-07-06,30.34
JR태흥3,2025-07-07,30.34
JR태흥3,2025-07-08,30.34
JR태흥3,2025-07-09,30.35
JR태흥3,2025-07-10,30.35
JR태흥3,2025-07-11,30.34
JR태흥3,2025-07-12,30.33
JR태흥3,2025-07-13,30.35
JR태흥3,2025-07-14,30.35
JR태흥3,2025-07-15,30.34
JR태흥3,2025-07-16,30.33
JR태흥3,2025-07-17,30.31
JR태흥3,2025-07-18,30.32
JR태흥3,2025-07-19,30.3
JR태흥3,2025-07-20,30.29
JR태흥3,2025-07-21,30.28
JR태흥3,2025-07-22,30.29
JR태흥3,2025-07-23,30.3
JR태흥3,2025-07-24,30.31
JR태흥3,2025-07-25,30.28
JR태흥3,2025-07-26,30.27
JR태흥3,2025-07-27,30.26
JR태흥3,2025-07-28,30.26
JR태흥3,2025-07-29,30.26
JR태흥3,2025-07-30,30.26
JR태흥3,2025-07-31,30.25
JR태흥3,2025-08-01,30.24
JR태흥3,2025-08-02,30.24
JR태흥3,2025-08-03,30.22
JR태흥3,2025-08-04,30.21
JR태흥3,2025-08-05,30.23
JR태흥3,2025-08-06,30.23
JR태흥3,2025-08-07,30.22
JR태흥3,2025-08-08,30.23
JR태흥3,2025-08-09,30.25
JR태흥3,2025-08-10,30.24
JR태흥3,2025-08-11,30.24
JR태흥3,2025-08-12,30.19
JR태흥3,2025-08-13,30.17
JR태흥3,2025-08-14,30.18
JR태흥3,2025-08-15,30.22
JR태흥3,2025-08-16,30.23
JR태흥3,2025-08-17,30.21
JR태흥3,2025-08-18,30.2
JR태흥3,2025-08-19,30.19
JR태흥3,2025-08-20,30.2
JR태흥3,2025-08-21,30.18
JR태흥3,2025-08-22,30.17
JR태흥3,2025-08-23,30.17
JR태흥3,2025-08-24,30.18
JR태흥3,2025-08-25,30.19
JR태흥3,2025-08-26,30.18
JR태흥3,2025-08-27,30.17
JR태흥3,2025-08-28,30.16
JR태흥3,2025-08-29,30.17
JR태흥3,2025-08-30,30.17
JR태흥3,2025-08-31,30.17
JR태흥3,2025-09-01,30.14
JR태흥3,2025-09-02,30.13
JR태흥3,2025-09-03,30.14
JR태흥3,2025-09-04,30.15
JR태흥3,2025-09-05,30.15
JR태흥3,2025-09-06,30.16
JR태흥3,2025-09-07,30.16
JR태흥3,2025-09-08,30.16
JR태흥3,2025-09-09,30.17
JR태흥3,2025-09-10,30.18
JR태흥3,2025-09-11,30.19
JR태흥3,2025-09-12,30.2
JR태흥3,2025-09-13,30.21
JR태흥3,2025-09-14,30.26
JR태흥3,2025-09-15,30.36
JR태흥3,2025-09-16,30.28
JR태흥3,2025-09-17,30.21
JR태흥3,2025-09-18,30.2
JR태흥3,2025-09-19,30.22
JR태흥3,2025-09-20,30.2
JR태흥3,2025-09-21,30.19
JR태흥3,2025-09-22,30.22
JR태흥3,2025-09-23,30.24
JR태흥3,2025-09-24,30.21
JR태흥3,2025-09-25,30.21
JR태흥3,2025-09-26,30.21
JR태흥3,2025-09-27,30.21
JR태흥3,2025-09-28,30.19
JR태흥3,2025-09-29,30.19
JR태흥3,2025-09-30,30.24
JR태흥3,2025-10-01,30.28
JR태흥3,2025-10-02,30.3
JR태흥3,2025-10-03,30.32
JR태흥3,2025-10-04,30.31
JR태흥3,2025-10-05,30.29
JR태흥3,2025-10-06,30.29
JR태흥3,2025-10-07,30.3
JR태흥3,2025-10-08,30.3
JR태흥3,2025-10-09,30.28
JR태흥3,2025-10-10,30.3
JR태흥3,2025-10-11,30.32
JR태흥3,2025-10-12,30.3
JR태흥3,2025-10-13,30.29
JR태흥3,2025-10-14,30.28
JR태흥3,2025-10-15,30.27
JR태흥3,2025-10-16,30.28
JR태흥3,2025-10-17,30.28
JR태흥3,2025-10-18,30.32
JR태흥3,2025-10-19,30.3
JR태흥3,2025-10-20,30.29
JR태흥3,2025-10-21,30.29
JR태흥3,2025-10-22,30.3
JR태흥3,2025-10-23,30.31
JR태흥3,2025-10-24,30.32
JR태흥3,2025-10-25,30.33
JR태흥3,2025-10-26,30.32
JR태흥3,2025-10-27,30.28
JR태흥3,2025-10-28,30.25
JR태흥3,2025-10-29,30.27
JR태흥3,2025-10-30,30.3
JR태흥3,2025-10-31,30.33
JR태흥3,2025-11-01,30.29
JR태흥3,2025-11-02,30.26
JR태흥3,2025-11-03,30.22
JR태흥3,2025-11-04,30.25
JR태흥3,2025-11-05,30.26
JR태흥3,2025-11-06,30.24
JR태흥3,2025-11-07,30.23
JR태흥3,2025-11-08,30.26
JR태흥3,2025-11-09,30.26
JR태흥3,2025-11-10,30.22
JR태흥3,2025-11-11,30.22
JR태흥3,2025-11-12,30.23
JR태흥3,2025-11-13,30.24
JR태흥3,2025-11-14,30.21
JR태흥3,2025-11-15,30.18
JR태흥3,2025-11-16,30.2
JR태흥3,2025-11-17,30.21
JR태흥3,2025-11-18,30.2
JR태흥3,2025-11-19,30.2
JR태흥3,2025-11-20,30.19
JR태흥3,2025-11-21,30.19
JR태흥3,2025-11-22,30.18
JR태흥3,2025-11-23,30.2
JR태흥3,2025-11-24,30.22
JR태흥3,2025-11-25,30.21
JR태흥3,2025-11-26,30.16
JR태흥3,2025-11-27,30.2
JR태흥3,2025-11-28,30.17
JR태흥3,2025-11-29,30.19
JR태흥3,2025-11-30,30.18
JR태흥3,2025-12-01,30.17
JR태흥3,2025-12-02,30.15
JR태흥3,2025-12-03,30.12
JR태흥3,2025-12-04,30.13
JR태흥3,2025-12-05,30.15
JR태흥3,2025-12-06,30.18
JR태흥3,2025-12-07,30.17
JR태흥3,2025-12-08,30.14
JR태흥3,2025-12-09,30.14
JR태흥3,2025-12-10,30.16
JR태흥3,2025-12-11,30.18
JR태흥3,2025-12-12,30.11
JR태흥3,2025-12-13,30.18
JR태흥3,2025-12-14,30.14
JR태흥3,2025-12-15,30.11
JR태흥3,2025-12-16,30.14
JR태흥3,2025-12-17,30.13
JR태흥3,2025-12-18,30.11
JR태흥3,2025-12-19,30.15
JR태흥3,2025-12-20,30.15
JR태흥3,2025-12-21,30.09
JR태흥3,2025-12-22,30.1
JR태흥3,2025-12-23,30.16
JR태흥3,2025-12-24,30.18
JR태흥3,2025-12-25,30.11
JR태흥3,2025-12-26,30.08
JR태흥3,2025-12-27,30.1
JR태흥3,2025-12-28,30.13
JR태흥3,2025-12-29,30.13
JR태흥3,2025-12-30,30.1
JR태흥3,2025-12-31,30.09
JR태흥3,2026-01-01,30.1
JR태흥3,2026-01-02,30.1
JR태흥3,2026-01-03,30.08
JR태흥3,2026-01-04,30.11
JR태흥3,2026-01-05,30.12
JR태흥3,2026-01-06,30.09
JR태흥3,2026-01-07,30.09
JR태흥3,2026-01-08,30.07
JR태흥3,2026-01-09,30.1
JR태흥3,2026-01-10,30.12
JR태흥3,2026-01-11,30.07
JR태흥3,2026-01-12,30.12
JR태흥3,2026-01-13,30.11
JR태흥3,2026-01-14,30.09
JR태흥3,2026-01-15,30.13
JR태흥3,2026-01-16,30.09
JR태흥3,2026-01-17,30.09
JR태흥3,2026-01-18,30.09
JR태흥3,2026-01-19,30.09
JR태흥3,2026-01-20,30.08
JR태흥3,2026-01-21,30.07
JR태흥3,2026-01-22,30.08
JR태흥3,2026-01-23,30.08
JR태흥3,2026-01-24,30.08
JR태흥3,2026-01-25,30.07
JR태흥3,2026-01-26,30.09
JR태흥3,2026-01-27,30.08
JR태흥3,2026-01-28,30.08
JR태흥3,2026-01-29,30.07
JR태흥3,2026-01-30,30.08
JR태흥3,2026-01-31,30.08
JR태흥3,2026-02-01,30.07
JR태흥3,2026-02-02,30.07
JR태흥3,2026-02-03,30.07
JR태흥3,2026-02-04,30.09
JR태흥3,2026-02-05,30.1
JR태흥3,2026-02-06,30.08
JR태흥3,2026-02-07,30.06
JR태흥3,2026-02-08,30.04
JR태흥3,2026-02-09,30.06
JR태흥3,2026-02-10,30.09
JR태흥3,2026-02-11,30.07
JR태흥3,2026-02-12,30.07
JR태흥3,2026-02-13,30.08
JR태흥3,2026-02-14,30.08
JR태흥3,2026-02-15,30.07
JR태흥3,2026-02-16,30.07
JR태흥3,2026-02-17,30.07
JR태흥3,2026-02-18,30.07
JR태흥3,2026-02-19,30.07
JR태흥3,2026-02-20,30.08
JR태흥3,2026-02-21,30.09
JR태흥3,2026-02-22,30.09
JR태흥3,2026-02-23,30.04
JR태흥3,2026-02-24,30.08
JR태흥3,2026-02-25,30.07
JR태흥3,2026-02-26,30.08
JR태흥3,2026-02-27,30.08
JR태흥3,2026-02-28,30.06
JR태흥3,2026-03-01,30.07
JR태흥3,2026-03-02,30.1
JR태흥3,2026-03-03,30.06
JR태흥3,2026-03-04,30.05
JR태흥3,2026-03-05,30.07
JR태흥3,2026-03-06,30.07
JR태흥3,2026-03-07,30.06
JR태흥3,2026-03-08,30.07
JR태흥3,2026-03-09,30.07
JR태흥3,2026-03-10,30.07
JR태흥3,2026-03-11,30.08
JR태흥3,2026-03-12,30.07
JR태흥3,2026-03-13,30.07
JR태흥3,2026-03-14,30.07
JR태흥3,2026-03-15,30.08
JR태흥3,2026-03-16,30.08
JR태흥3,2026-03-17,30.08
JR태흥3,2026-03-18,30.11
JR태흥3,2026-03-19,30.07
JR태흥3,2026-03-20,30.07
JR태흥3,2026-03-21,30.07
JR태흥3,2026-03-22,30.08
JR태흥3,2026-03-23,30.08
JR태흥3,2026-03-24,30.13
JR태흥3,2026-03-25,30.22
JR태흥3,2026-03-26,30.2
JR태흥3,2026-03-27,30.2
JR태흥3,2026-03-28,30.19
JR태흥3,2026-03-29,30.19
JR태흥3,2026-03-30,30.24
JR태흥3,2026-03-31,30.21
JR태흥3,2026-04-01,30.19
JR태흥3,2026-04-02,30.18
JR태흥3,2026-04-03,30.21
JR태흥3,2026-04-04,30.28
JR태흥3,2026-04-05,30.19
JR태흥3,2026-04-06,30.19
JR태흥3,2026-04-07,30.16
JR태흥3,2026-04-08,30.16
JR태흥3,2026-04-09,30.26
JR태흥3,2026-04-10,30.23
JR태흥3,2026-04-11,30.17
JR태흥3,2026-04-12,30.19
JR태흥3,2026-04-13,30.21
JR태흥3,2026-04-14,30.23
JR태흥3,2026-04-15,30.21
JR태흥3,2026-04-16,30.19
JR태흥3,2026-04-17,30.24
JR태흥3,2026-04-18,30.23
JR태흥3,2026-04-19,30.23
JR태흥3,2026-04-20,30.22
JR태흥3,2026-04-21,30.2
JR태흥3,2026-04-22,30.25
JR태흥3,2026-04-23,30.25
JR태흥3,2026-04-24,30.2
JR태흥3,2026-04-25,30.21
JR태흥3,2026-04-26,30.24
JR태흥3,2026-04-27,30.23
JR태흥3,2026-04-28,30.21
