관측소명,날짜,EL
JW화순2,2005-01-01,40.31
JW화순2,2005-01-02,40.28
JW화순2,2005-01-03,40.26
JW화순2,2005-01-04,40.24
JW화순2,2005-01-05,40.22
JW화순2,2005-01-06,40.19
JW화순2,2005-01-07,40.17
JW화순2,2005-01-08,40.15
JW화순2,2005-01-09,40.12
JW화순2,2005-01-10,40.1
JW화순2,2005-01-11,40.08
JW화순2,2005-01-12,40.07
JW화순2,2005-01-13,40.05
JW화순2,2005-01-14,40.04
JW화순2,2005-01-15,40.02
JW화순2,2005-01-16,40.0
JW화순2,2005-01-17,39.99
JW화순2,2005-01-18,39.97
JW화순2,2005-01-19,39.96
JW화순2,2005-01-20,39.94
JW화순2,2005-01-21,39.92
JW화순2,2005-01-22,39.9
JW화순2,2005-01-23,39.9
JW화순2,2005-01-24,39.89
JW화순2,2005-01-25,39.89
JW화순2,2005-01-26,39.88
JW화순2,2005-01-27,39.87
JW화순2,2005-01-28,39.85
JW화순2,2005-01-29,39.84
JW화순2,2005-01-30,39.83
JW화순2,2005-01-31,39.81
JW화순2,2005-02-01,39.8
JW화순2,2005-02-02,39.79
JW화순2,2005-02-03,39.78
JW화순2,2005-02-04,39.76
JW화순2,2005-02-05,39.75
JW화순2,2005-02-06,39.74
JW화순2,2005-02-07,39.72
JW화순2,2005-02-08,39.71
JW화순2,2005-02-09,39.7
JW화순2,2005-02-10,39.69
JW화순2,2005-02-11,39.67
JW화순2,2005-02-12,39.65
JW화순2,2005-02-13,39.64
JW화순2,2005-02-14,39.63
JW화순2,2005-02-15,39.63
JW화순2,2005-02-16,39.64
JW화순2,2005-02-17,39.62
JW화순2,2005-02-18,39.61
JW화순2,2005-02-19,39.59
JW화순2,2005-02-20,39.58
JW화순2,2005-02-21,39.57
JW화순2,2005-02-22,39.55
JW화순2,2005-02-23,39.55
JW화순2,2005-02-24,39.54
JW화순2,2005-02-25,39.54
JW화순2,2005-02-26,39.52
JW화순2,2005-02-27,39.5
JW화순2,2005-02-28,39.49
JW화순2,2005-03-01,39.48
JW화순2,2005-03-02,39.47
JW화순2,2005-03-03,39.45
JW화순2,2005-03-04,39.44
JW화순2,2005-03-05,39.43
JW화순2,2005-03-06,39.42
JW화순2,2005-03-07,39.4
JW화순2,2005-03-08,39.39
JW화순2,2005-03-09,39.38
JW화순2,2005-03-10,39.38
JW화순2,2005-03-11,39.38
JW화순2,2005-03-12,39.36
JW화순2,2005-03-13,39.34
JW화순2,2005-03-14,39.33
JW화순2,2005-03-15,39.32
JW화순2,2005-03-16,39.31
JW화순2,2005-03-17,39.51
JW화순2,2005-03-18,39.52
JW화순2,2005-03-19,39.45
JW화순2,2005-03-20,39.43
JW화순2,2005-03-21,39.43
JW화순2,2005-03-22,39.74
JW화순2,2005-03-23,39.9
JW화순2,2005-03-24,39.77
JW화순2,2005-03-25,39.7
JW화순2,2005-03-26,39.68
JW화순2,2005-03-27,39.69
JW화순2,2005-03-28,39.71
JW화순2,2005-03-29,39.71
JW화순2,2005-03-30,39.71
JW화순2,2005-03-31,39.71
JW화순2,2005-04-02,39.71
JW화순2,2005-04-03,39.71
JW화순2,2005-04-04,39.7
JW화순2,2005-04-05,39.69
JW화순2,2005-04-06,39.68
JW화순2,2005-04-07,39.69
JW화순2,2005-04-08,39.69
JW화순2,2005-04-09,39.67
JW화순2,2005-04-10,39.7
JW화순2,2005-04-11,39.69
JW화순2,2005-04-12,39.68
JW화순2,2005-04-13,39.68
JW화순2,2005-04-14,39.66
JW화순2,2005-04-15,39.65
JW화순2,2005-04-16,39.64
JW화순2,2005-04-17,39.63
JW화순2,2005-04-18,39.63
JW화순2,2005-04-19,39.62
JW화순2,2005-04-20,39.7
JW화순2,2005-04-21,39.72
JW화순2,2005-04-22,39.71
JW화순2,2005-04-23,39.69
JW화순2,2005-04-24,39.68
JW화순2,2005-04-25,39.68
JW화순2,2005-04-26,39.69
JW화순2,2005-04-27,39.68
JW화순2,2005-04-28,39.69
JW화순2,2005-04-29,39.68
JW화순2,2005-04-30,39.67
JW화순2,2005-05-01,39.69
JW화순2,2005-05-02,39.68
JW화순2,2005-05-03,39.65
JW화순2,2005-05-04,39.64
JW화순2,2005-05-05,39.82
JW화순2,2005-05-06,40.43
JW화순2,2005-05-07,40.37
JW화순2,2005-05-08,40.24
JW화순2,2005-05-09,40.21
JW화순2,2005-05-10,40.23
JW화순2,2005-05-11,40.28
JW화순2,2005-05-12,40.37
JW화순2,2005-05-13,40.42
JW화순2,2005-05-14,40.46
JW화순2,2005-05-15,40.52
JW화순2,2005-05-16,40.56
JW화순2,2005-05-17,40.6
JW화순2,2005-05-18,40.89
JW화순2,2005-05-19,41.01
JW화순2,2005-05-20,41.0
JW화순2,2005-05-21,41.01
JW화순2,2005-05-22,41.06
JW화순2,2005-05-23,41.13
JW화순2,2005-05-24,41.19
JW화순2,2005-05-25,41.23
JW화순2,2005-05-26,41.26
JW화순2,2005-05-27,41.29
JW화순2,2005-05-28,41.31
JW화순2,2005-05-29,41.31
JW화순2,2005-05-30,41.3
JW화순2,2005-05-31,41.3
JW화순2,2005-06-01,41.29
JW화순2,2005-06-02,41.4
JW화순2,2005-06-03,41.47
JW화순2,2005-06-04,41.45
JW화순2,2005-06-05,41.43
JW화순2,2005-06-06,41.43
JW화순2,2005-06-07,41.44
JW화순2,2005-06-08,41.44
JW화순2,2005-06-09,41.44
JW화순2,2005-06-10,41.45
JW화순2,2005-06-11,41.47
JW화순2,2005-06-12,41.46
JW화순2,2005-06-13,41.44
JW화순2,2005-06-14,41.43
JW화순2,2005-06-15,41.41
JW화순2,2005-06-16,41.39
JW화순2,2005-06-17,41.36
JW화순2,2005-06-18,41.34
JW화순2,2005-06-19,41.31
JW화순2,2005-06-20,41.29
JW화순2,2005-06-21,41.27
JW화순2,2005-06-22,41.24
JW화순2,2005-06-23,41.22
JW화순2,2005-06-24,41.19
JW화순2,2005-06-25,41.15
JW화순2,2005-06-26,41.14
JW화순2,2005-06-27,41.13
JW화순2,2005-06-28,41.1
JW화순2,2005-06-29,41.08
JW화순2,2005-06-30,41.05
JW화순2,2005-07-01,41.03
JW화순2,2005-07-02,41.01
JW화순2,2005-07-03,40.99
JW화순2,2005-07-04,40.98
JW화순2,2005-07-05,40.96
JW화순2,2005-07-06,40.94
JW화순2,2005-07-07,40.91
JW화순2,2005-07-08,40.89
JW화순2,2005-07-09,40.88
JW화순2,2005-07-10,40.86
JW화순2,2005-07-11,40.85
JW화순2,2005-07-12,40.84
JW화순2,2005-07-13,40.85
JW화순2,2005-07-14,40.91
JW화순2,2005-07-15,41.03
JW화순2,2005-07-16,41.03
JW화순2,2005-07-17,41.02
JW화순2,2005-07-18,41.03
JW화순2,2005-07-19,41.05
JW화순2,2005-07-20,41.08
JW화순2,2005-07-21,41.1
JW화순2,2005-07-22,41.11
JW화순2,2005-07-23,41.12
JW화순2,2005-07-24,41.13
JW화순2,2005-07-25,41.13
JW화순2,2005-07-26,41.13
JW화순2,2005-07-27,41.12
JW화순2,2005-07-28,41.11
JW화순2,2005-07-29,41.1
JW화순2,2005-07-30,41.08
JW화순2,2005-07-31,41.07
JW화순2,2005-08-01,41.06
JW화순2,2005-08-02,41.05
JW화순2,2005-08-03,41.04
JW화순2,2005-08-04,41.02
JW화순2,2005-08-05,41.0
JW화순2,2005-08-06,40.99
JW화순2,2005-08-07,40.97
JW화순2,2005-08-08,40.98
JW화순2,2005-08-09,40.96
JW화순2,2005-08-10,40.94
JW화순2,2005-08-11,40.92
JW화순2,2005-08-12,40.9
JW화순2,2005-08-13,40.88
JW화순2,2005-08-14,40.87
JW화순2,2005-08-15,40.87
JW화순2,2005-08-16,40.86
JW화순2,2005-08-17,40.86
JW화순2,2005-08-18,40.85
JW화순2,2005-08-19,40.85
JW화순2,2005-08-20,40.86
JW화순2,2005-08-21,40.86
JW화순2,2005-08-22,40.85
JW화순2,2005-08-23,40.85
JW화순2,2005-08-24,40.87
JW화순2,2005-08-25,41.06
JW화순2,2005-08-26,41.06
JW화순2,2005-08-27,41.05
JW화순2,2005-08-28,41.09
JW화순2,2005-08-29,41.14
JW화순2,2005-08-30,41.2
JW화순2,2005-08-31,41.27
JW화순2,2005-09-01,41.31
JW화순2,2005-09-02,41.34
JW화순2,2005-09-03,41.37
JW화순2,2005-09-04,41.39
JW화순2,2005-09-05,41.4
JW화순2,2005-09-06,41.47
JW화순2,2005-09-07,41.45
JW화순2,2005-09-08,41.41
JW화순2,2005-09-09,41.38
JW화순2,2005-09-10,41.37
JW화순2,2005-09-11,41.35
JW화순2,2005-09-12,41.33
JW화순2,2005-09-13,41.31
JW화순2,2005-09-14,41.29
JW화순2,2005-09-15,41.26
JW화순2,2005-09-16,41.24
JW화순2,2005-09-17,41.22
JW화순2,2005-09-18,41.19
JW화순2,2005-09-19,41.18
JW화순2,2005-09-20,41.17
JW화순2,2005-09-21,41.16
JW화순2,2005-09-22,41.14
JW화순2,2005-09-23,41.11
JW화순2,2005-09-24,41.09
JW화순2,2005-09-25,41.07
JW화순2,2005-09-26,41.04
JW화순2,2005-09-27,41.0
JW화순2,2005-09-28,40.98
JW화순2,2005-09-29,40.95
JW화순2,2005-09-30,40.95
JW화순2,2005-10-01,40.96
JW화순2,2005-10-02,40.94
JW화순2,2005-10-03,40.92
JW화순2,2005-10-04,40.91
JW화순2,2005-10-05,40.9
JW화순2,2005-10-06,40.87
JW화순2,2005-10-07,40.84
JW화순2,2005-10-08,40.82
JW화순2,2005-10-09,40.78
JW화순2,2005-10-10,40.74
JW화순2,2005-10-11,40.71
JW화순2,2005-10-12,40.68
JW화순2,2005-10-13,40.65
JW화순2,2005-10-14,40.62
JW화순2,2005-10-15,40.58
JW화순2,2005-10-16,40.54
JW화순2,2005-10-17,40.49
JW화순2,2005-10-18,40.44
JW화순2,2005-10-19,40.39
JW화순2,2005-10-20,40.36
JW화순2,2005-10-21,40.33
JW화순2,2005-10-22,40.3
JW화순2,2005-10-23,40.26
JW화순2,2005-10-24,40.23
JW화순2,2005-10-25,40.19
JW화순2,2005-10-26,40.15
JW화순2,2005-10-27,40.11
JW화순2,2005-10-28,40.1
JW화순2,2005-10-29,40.07
JW화순2,2005-10-30,40.03
JW화순2,2005-10-31,40.0
JW화순2,2005-11-01,39.96
JW화순2,2005-11-02,39.94
JW화순2,2005-11-03,39.92
JW화순2,2005-11-04,39.9
JW화순2,2005-11-05,39.91
JW화순2,2005-11-06,39.96
JW화순2,2005-11-07,39.9
JW화순2,2005-11-08,39.85
JW화순2,2005-11-09,39.83
JW화순2,2005-11-10,39.81
JW화순2,2005-11-11,39.88
JW화순2,2005-11-12,39.95
JW화순2,2005-11-13,39.89
JW화순2,2005-11-14,39.86
JW화순2,2005-11-15,39.84
JW화순2,2005-11-16,39.81
JW화순2,2005-11-17,39.8
JW화순2,2005-11-18,39.79
JW화순2,2005-11-19,39.78
JW화순2,2005-11-20,39.77
JW화순2,2005-11-21,39.76
JW화순2,2005-11-22,39.75
JW화순2,2005-11-23,39.74
JW화순2,2005-11-24,39.75
JW화순2,2005-11-25,39.75
JW화순2,2005-11-26,39.75
JW화순2,2005-11-27,39.75
JW화순2,2005-11-28,39.74
JW화순2,2005-11-29,39.74
JW화순2,2005-11-30,39.72
JW화순2,2005-12-01,39.7
JW화순2,2005-12-02,39.69
JW화순2,2005-12-03,39.68
JW화순2,2005-12-04,39.68
JW화순2,2005-12-05,39.68
JW화순2,2005-12-06,39.67
JW화순2,2005-12-07,39.66
JW화순2,2005-12-08,39.65
JW화순2,2005-12-09,39.63
JW화순2,2005-12-10,39.63
JW화순2,2005-12-11,39.63
JW화순2,2005-12-12,39.62
JW화순2,2005-12-13,39.61
JW화순2,2005-12-14,39.6
JW화순2,2005-12-15,39.6
JW화순2,2005-12-16,39.61
JW화순2,2005-12-17,39.61
JW화순2,2005-12-18,39.61
JW화순2,2005-12-19,39.61
JW화순2,2005-12-20,39.61
JW화순2,2005-12-21,39.62
JW화순2,2005-12-22,39.62
JW화순2,2005-12-23,39.63
JW화순2,2005-12-24,39.62
JW화순2,2005-12-25,39.62
JW화순2,2005-12-26,39.6
JW화순2,2005-12-27,39.57
JW화순2,2005-12-28,39.56
JW화순2,2005-12-29,39.56
JW화순2,2005-12-30,39.56
JW화순2,2005-12-31,39.56
JW화순2,2006-01-01,39.56
JW화순2,2006-01-02,39.56
JW화순2,2006-01-03,39.55
JW화순2,2006-01-04,39.54
JW화순2,2006-01-05,39.52
JW화순2,2006-01-06,39.52
JW화순2,2006-01-07,39.51
JW화순2,2006-01-08,39.49
JW화순2,2006-01-09,39.48
JW화순2,2006-01-10,39.47
JW화순2,2006-01-11,39.46
JW화순2,2006-01-12,39.44
JW화순2,2006-01-13,39.49
JW화순2,2006-01-14,39.5
JW화순2,2006-01-15,39.47
JW화순2,2006-01-16,39.38
JW화순2,2006-01-17,39.28
JW화순2,2006-01-18,39.3
JW화순2,2006-01-19,39.31
JW화순2,2006-01-20,39.32
JW화순2,2006-01-21,39.32
JW화순2,2006-01-22,39.31
JW화순2,2006-01-23,39.28
JW화순2,2006-01-24,39.26
JW화순2,2006-01-25,39.26
JW화순2,2006-01-26,39.26
JW화순2,2006-01-27,39.27
JW화순2,2006-01-28,39.27
JW화순2,2006-01-29,39.27
JW화순2,2006-01-30,39.26
JW화순2,2006-01-31,39.26
JW화순2,2006-02-01,39.26
JW화순2,2006-02-02,39.24
JW화순2,2006-02-03,39.22
JW화순2,2006-02-04,39.2
JW화순2,2006-02-05,39.2
JW화순2,2006-02-06,39.24
JW화순2,2006-02-07,39.25
JW화순2,2006-02-08,39.21
JW화순2,2006-02-09,39.19
JW화순2,2006-02-10,39.2
JW화순2,2006-02-11,39.21
JW화순2,2006-02-12,39.19
JW화순2,2006-02-13,39.19
JW화순2,2006-02-14,39.21
JW화순2,2006-02-15,39.21
JW화순2,2006-02-16,39.2
JW화순2,2006-02-17,39.17
JW화순2,2006-02-18,39.16
JW화순2,2006-02-19,39.16
JW화순2,2006-02-20,39.16
JW화순2,2006-02-21,39.15
JW화순2,2006-02-22,39.16
JW화순2,2006-02-23,39.14
JW화순2,2006-02-24,39.12
JW화순2,2006-02-25,39.13
JW화순2,2006-02-26,39.15
JW화순2,2006-02-27,39.12
JW화순2,2006-02-28,39.11
JW화순2,2006-03-01,39.13
JW화순2,2006-03-02,39.12
JW화순2,2006-03-03,39.08
JW화순2,2006-03-04,39.05
JW화순2,2006-03-05,39.04
JW화순2,2006-03-06,39.03
JW화순2,2006-03-07,39.02
JW화순2,2006-03-08,39.0
JW화순2,2006-03-09,38.99
JW화순2,2006-03-10,38.99
JW화순2,2006-03-11,38.99
JW화순2,2006-03-12,38.98
JW화순2,2006-03-13,38.96
JW화순2,2006-03-14,38.95
JW화순2,2006-03-15,38.94
JW화순2,2006-03-16,38.99
JW화순2,2006-03-17,38.97
JW화순2,2006-03-18,39.03
JW화순2,2006-03-19,39.02
JW화순2,2006-03-20,38.99
JW화순2,2006-03-21,38.99
JW화순2,2006-03-22,39.0
JW화순2,2006-03-23,38.99
JW화순2,2006-03-24,38.97
JW화순2,2006-03-25,38.95
JW화순2,2006-03-26,38.95
JW화순2,2006-03-27,38.96
JW화순2,2006-03-28,38.96
JW화순2,2006-03-29,38.93
JW화순2,2006-03-30,38.92
JW화순2,2006-03-31,38.9
JW화순2,2006-04-01,38.92
JW화순2,2006-04-02,39.0
JW화순2,2006-04-03,38.96
JW화순2,2006-04-04,39.0
JW화순2,2006-04-05,39.1
JW화순2,2006-04-06,39.1
JW화순2,2006-04-07,39.09
JW화순2,2006-04-08,39.07
JW화순2,2006-04-09,39.06
JW화순2,2006-04-10,40.27
JW화순2,2006-04-11,40.68
JW화순2,2006-04-12,40.49
JW화순2,2006-04-13,40.31
JW화순2,2006-04-14,40.32
JW화순2,2006-04-15,40.56
JW화순2,2006-04-16,40.82
JW화순2,2006-04-17,41.01
JW화순2,2006-04-18,41.11
JW화순2,2006-04-19,41.22
JW화순2,2006-04-20,41.28
JW화순2,2006-04-21,41.3
JW화순2,2006-04-22,41.3
JW화순2,2006-04-23,41.29
JW화순2,2006-04-24,41.27
JW화순2,2006-04-25,41.24
JW화순2,2006-04-26,41.22
JW화순2,2006-04-27,41.19
JW화순2,2006-04-28,41.16
JW화순2,2006-04-29,41.15
JW화순2,2006-04-30,41.13
JW화순2,2006-05-01,41.12
JW화순2,2006-05-02,41.1
JW화순2,2006-05-03,41.07
JW화순2,2006-05-04,41.06
JW화순2,2006-05-05,41.04
JW화순2,2006-05-06,41.09
JW화순2,2006-05-07,41.23
JW화순2,2006-05-08,41.22
JW화순2,2006-05-09,41.21
JW화순2,2006-05-10,41.31
JW화순2,2006-05-11,41.51
JW화순2,2006-05-12,41.63
JW화순2,2006-05-13,41.75
JW화순2,2006-05-14,41.88
JW화순2,2006-05-15,42.01
JW화순2,2006-05-16,42.12
JW화순2,2006-05-17,42.22
JW화순2,2006-05-18,42.29
JW화순2,2006-05-19,42.42
JW화순2,2006-05-20,42.55
JW화순2,2006-05-21,42.57
JW화순2,2006-05-22,42.59
JW화순2,2006-05-23,42.62
JW화순2,2006-05-24,42.63
JW화순2,2006-05-25,42.62
JW화순2,2006-05-26,42.65
JW화순2,2006-05-27,42.68
JW화순2,2006-05-28,42.67
JW화순2,2006-05-29,42.64
JW화순2,2006-05-30,42.59
JW화순2,2006-05-31,42.53
JW화순2,2006-06-01,42.47
JW화순2,2006-06-02,42.43
JW화순2,2006-06-03,42.37
JW화순2,2006-06-04,42.3
JW화순2,2006-06-05,42.24
JW화순2,2006-06-06,42.19
JW화순2,2006-06-07,42.12
JW화순2,2006-06-08,42.1
JW화순2,2006-06-09,42.07
JW화순2,2006-06-10,42.01
JW화순2,2006-06-11,41.94
JW화순2,2006-06-12,41.87
JW화순2,2006-06-13,41.8
JW화순2,2006-06-14,41.78
JW화순2,2006-06-15,41.92
JW화순2,2006-06-16,41.9
JW화순2,2006-06-17,41.86
JW화순2,2006-06-18,41.85
JW화순2,2006-06-19,41.85
JW화순2,2006-06-20,41.85
JW화순2,2006-06-21,41.85
JW화순2,2006-06-22,41.85
JW화순2,2006-06-23,41.85
JW화순2,2006-06-24,41.86
JW화순2,2006-06-25,42.41
JW화순2,2006-06-26,42.62
JW화순2,2006-06-27,42.62
JW화순2,2006-06-28,42.72
JW화순2,2006-06-29,42.92
JW화순2,2006-06-30,43.16
JW화순2,2006-07-01,43.38
JW화순2,2006-07-02,43.53
JW화순2,2006-07-03,43.64
JW화순2,2006-07-04,43.91
JW화순2,2006-07-05,44.99
JW화순2,2006-07-06,45.5
JW화순2,2006-07-07,46.47
JW화순2,2006-07-08,47.19
JW화순2,2006-07-09,48.05
JW화순2,2006-07-10,49.2
JW화순2,2006-07-11,50.4
JW화순2,2006-07-12,51.45
JW화순2,2006-07-13,52.15
JW화순2,2006-07-14,52.3
JW화순2,2006-07-15,52.09
JW화순2,2006-07-16,51.72
JW화순2,2006-07-17,51.3
JW화순2,2006-07-18,50.87
JW화순2,2006-07-19,50.39
JW화순2,2006-07-20,49.91
JW화순2,2006-07-21,49.44
JW화순2,2006-07-22,49.02
JW화순2,2006-07-23,48.58
JW화순2,2006-07-24,48.14
JW화순2,2006-07-25,47.72
JW화순2,2006-07-26,47.35
JW화순2,2006-07-27,47.05
JW화순2,2006-07-28,46.79
JW화순2,2006-07-29,46.51
JW화순2,2006-07-30,46.22
JW화순2,2006-07-31,45.95
JW화순2,2006-08-01,45.68
JW화순2,2006-08-02,45.45
JW화순2,2006-08-03,45.26
JW화순2,2006-08-04,45.09
JW화순2,2006-08-05,44.88
JW화순2,2006-08-06,44.69
JW화순2,2006-08-07,44.52
JW화순2,2006-08-08,44.36
JW화순2,2006-08-09,44.22
JW화순2,2006-08-10,44.1
JW화순2,2006-08-11,43.98
JW화순2,2006-08-12,43.9
JW화순2,2006-08-13,43.82
JW화순2,2006-08-14,43.75
JW화순2,2006-08-15,43.69
JW화순2,2006-08-16,43.64
JW화순2,2006-08-17,43.59
JW화순2,2006-08-18,43.53
JW화순2,2006-08-19,43.47
JW화순2,2006-08-20,43.4
JW화순2,2006-08-21,43.31
JW화순2,2006-08-22,43.21
JW화순2,2006-08-23,43.11
JW화순2,2006-08-24,43.01
JW화순2,2006-08-25,42.91
JW화순2,2006-08-26,42.83
JW화순2,2006-08-27,42.74
JW화순2,2006-08-28,42.66
JW화순2,2006-08-29,42.57
JW화순2,2006-08-30,42.5
JW화순2,2006-08-31,42.44
JW화순2,2006-09-01,42.36
JW화순2,2006-09-02,42.29
JW화순2,2006-09-03,42.22
JW화순2,2006-09-04,42.16
JW화순2,2006-09-05,42.1
JW화순2,2006-09-06,42.05
JW화순2,2006-09-07,41.98
JW화순2,2006-09-08,41.92
JW화순2,2006-09-09,41.87
JW화순2,2006-09-10,41.81
JW화순2,2006-09-11,41.76
JW화순2,2006-09-12,41.71
JW화순2,2006-09-13,41.68
JW화순2,2006-09-14,41.64
JW화순2,2006-09-15,41.61
JW화순2,2006-09-16,41.65
JW화순2,2006-09-17,41.64
JW화순2,2006-09-18,41.71
JW화순2,2006-09-19,41.78
JW화순2,2006-09-20,41.76
JW화순2,2006-09-21,41.81
JW화순2,2006-09-22,41.89
JW화순2,2006-09-23,41.98
JW화순2,2006-09-24,42.06
JW화순2,2006-09-25,42.1
JW화순2,2006-09-26,42.12
JW화순2,2006-09-27,42.11
JW화순2,2006-09-28,42.07
JW화순2,2006-09-29,42.02
JW화순2,2006-09-30,41.97
JW화순2,2006-10-01,41.92
JW화순2,2006-10-02,41.87
JW화순2,2006-10-03,41.83
JW화순2,2006-10-04,41.79
JW화순2,2006-10-05,41.77
JW화순2,2006-10-06,41.74
JW화순2,2006-10-07,41.71
JW화순2,2006-10-08,41.66
JW화순2,2006-10-09,41.63
JW화순2,2006-10-10,41.6
JW화순2,2006-10-11,41.57
JW화순2,2006-10-12,41.54
JW화순2,2006-10-13,41.52
JW화순2,2006-10-14,41.5
JW화순2,2006-10-15,41.49
JW화순2,2006-10-16,41.47
JW화순2,2006-10-17,41.45
JW화순2,2006-10-18,41.43
JW화순2,2006-10-19,41.41
JW화순2,2006-10-20,41.4
JW화순2,2006-10-21,41.37
JW화순2,2006-10-22,41.37
JW화순2,2006-10-23,41.37
JW화순2,2006-10-24,41.34
JW화순2,2006-10-25,41.32
JW화순2,2006-10-26,41.3
JW화순2,2006-10-27,41.29
JW화순2,2006-10-28,41.28
JW화순2,2006-10-29,41.27
JW화순2,2006-10-30,41.26
JW화순2,2006-10-31,41.25
JW화순2,2006-11-01,41.24
JW화순2,2006-11-02,41.21
JW화순2,2006-11-03,41.18
JW화순2,2006-11-04,41.17
JW화순2,2006-11-05,41.14
JW화순2,2006-11-06,41.11
JW화순2,2006-11-07,41.06
JW화순2,2006-11-08,41.02
JW화순2,2006-11-09,40.99
JW화순2,2006-11-10,40.97
JW화순2,2006-11-11,40.95
JW화순2,2006-11-12,40.91
JW화순2,2006-11-13,40.88
JW화순2,2006-11-14,40.85
JW화순2,2006-11-15,40.81
JW화순2,2006-11-16,40.78
JW화순2,2006-11-17,40.75
JW화순2,2006-11-18,40.72
JW화순2,2006-11-19,40.71
JW화순2,2006-11-20,40.68
JW화순2,2006-11-21,40.65
JW화순2,2006-11-22,40.63
JW화순2,2006-11-23,40.62
JW화순2,2006-11-24,40.58
JW화순2,2006-11-25,40.56
JW화순2,2006-11-26,40.59
JW화순2,2006-11-27,40.63
JW화순2,2006-11-28,40.56
JW화순2,2006-11-29,40.51
JW화순2,2006-11-30,40.48
JW화순2,2006-12-01,40.46
JW화순2,2006-12-02,40.44
JW화순2,2006-12-03,40.41
JW화순2,2006-12-04,40.38
JW화순2,2006-12-05,40.36
JW화순2,2006-12-06,40.35
JW화순2,2006-12-07,40.34
JW화순2,2006-12-08,40.34
JW화순2,2006-12-09,40.32
JW화순2,2006-12-10,40.29
JW화순2,2006-12-11,40.27
JW화순2,2006-12-12,40.26
JW화순2,2006-12-13,40.25
JW화순2,2006-12-14,40.23
JW화순2,2006-12-15,40.21
JW화순2,2006-12-16,40.19
JW화순2,2006-12-17,40.19
JW화순2,2006-12-18,40.15
JW화순2,2006-12-19,40.13
JW화순2,2006-12-20,40.13
JW화순2,2006-12-21,40.13
JW화순2,2006-12-22,40.12
JW화순2,2006-12-23,40.11
JW화순2,2006-12-24,40.1
JW화순2,2006-12-25,40.09
JW화순2,2006-12-26,40.08
JW화순2,2006-12-27,40.05
JW화순2,2006-12-28,40.03
JW화순2,2006-12-29,40.0
JW화순2,2006-12-30,39.98
JW화순2,2006-12-31,39.97
JW화순2,2007-01-01,39.97
JW화순2,2007-01-02,39.97
JW화순2,2007-01-03,39.96
JW화순2,2007-01-04,39.96
JW화순2,2007-01-05,39.93
JW화순2,2007-01-06,39.92
JW화순2,2007-01-07,39.91
JW화순2,2007-01-08,39.88
JW화순2,2007-01-09,39.86
JW화순2,2007-01-10,39.84
JW화순2,2007-01-11,39.83
JW화순2,2007-01-12,39.82
JW화순2,2007-01-13,39.81
JW화순2,2007-01-14,39.79
JW화순2,2007-01-15,39.79
JW화순2,2007-01-16,39.83
JW화순2,2007-01-17,39.82
JW화순2,2007-01-18,39.77
JW화순2,2007-01-19,39.75
JW화순2,2007-01-20,39.74
JW화순2,2007-01-21,39.72
JW화순2,2007-01-22,39.71
JW화순2,2007-01-23,39.69
JW화순2,2007-01-24,39.69
JW화순2,2007-01-25,39.66
JW화순2,2007-01-26,39.66
JW화순2,2007-01-27,39.65
JW화순2,2007-01-28,39.64
JW화순2,2007-01-29,39.62
JW화순2,2007-01-30,39.61
JW화순2,2007-01-31,39.59
JW화순2,2007-02-01,39.6
JW화순2,2007-02-02,39.58
JW화순2,2007-02-03,39.56
JW화순2,2007-02-04,39.55
JW화순2,2007-02-05,39.54
JW화순2,2007-02-06,39.53
JW화순2,2007-02-07,39.51
JW화순2,2007-02-08,39.53
JW화순2,2007-02-09,39.52
JW화순2,2007-02-10,39.5
JW화순2,2007-02-11,39.48
JW화순2,2007-02-12,39.47
JW화순2,2007-02-13,39.46
JW화순2,2007-02-14,39.5
JW화순2,2007-02-15,39.44
JW화순2,2007-02-16,39.42
JW화순2,2007-02-17,39.44
JW화순2,2007-02-18,39.43
JW화순2,2007-02-19,39.4
JW화순2,2007-02-20,39.38
JW화순2,2007-02-21,39.37
JW화순2,2007-02-22,39.36
JW화순2,2007-02-23,39.35
JW화순2,2007-02-24,39.33
JW화순2,2007-02-25,39.35
JW화순2,2007-02-26,39.31
JW화순2,2007-02-27,39.28
JW화순2,2007-02-28,39.27
JW화순2,2007-03-01,39.26
JW화순2,2007-03-02,39.25
JW화순2,2007-03-03,39.25
JW화순2,2007-03-04,39.35
JW화순2,2007-03-05,39.51
JW화순2,2007-03-06,39.37
JW화순2,2007-03-07,39.33
JW화순2,2007-03-08,39.3
JW화순2,2007-03-09,39.27
JW화순2,2007-03-10,39.28
JW화순2,2007-03-11,39.26
JW화순2,2007-03-12,39.25
JW화순2,2007-03-13,39.24
JW화순2,2007-03-14,39.23
JW화순2,2007-03-15,39.25
JW화순2,2007-03-16,39.24
JW화순2,2007-03-17,39.21
JW화순2,2007-03-18,39.2
JW화순2,2007-03-19,39.2
JW화순2,2007-03-20,39.2
JW화순2,2007-03-21,39.18
JW화순2,2007-03-22,39.17
JW화순2,2007-03-23,39.17
JW화순2,2007-03-24,39.28
JW화순2,2007-03-25,39.34
JW화순2,2007-03-26,39.29
JW화순2,2007-03-27,39.28
JW화순2,2007-03-28,39.26
JW화순2,2007-03-29,39.27
JW화순2,2007-03-30,39.26
JW화순2,2007-03-31,39.26
JW화순2,2007-04-01,39.25
JW화순2,2007-04-02,39.23
JW화순2,2007-04-03,39.21
JW화순2,2007-04-04,39.2
JW화순2,2007-04-05,39.18
JW화순2,2007-04-06,39.18
JW화순2,2007-04-07,39.19
JW화순2,2007-04-08,39.18
JW화순2,2007-04-09,39.16
JW화순2,2007-04-10,39.14
JW화순2,2007-04-11,39.14
JW화순2,2007-04-12,39.13
JW화순2,2007-04-13,39.14
JW화순2,2007-04-14,39.14
JW화순2,2007-04-15,39.15
JW화순2,2007-04-16,39.2
JW화순2,2007-04-17,39.16
JW화순2,2007-04-18,39.13
JW화순2,2007-04-19,39.11
JW화순2,2007-04-20,39.1
JW화순2,2007-04-21,39.1
JW화순2,2007-04-22,39.1
JW화순2,2007-04-23,39.09
JW화순2,2007-04-24,39.08
JW화순2,2007-04-25,39.07
JW화순2,2007-04-26,39.04
JW화순2,2007-04-27,39.03
JW화순2,2007-04-28,39.05
JW화순2,2007-04-29,39.04
JW화순2,2007-04-30,39.05
JW화순2,2007-05-01,39.14
JW화순2,2007-05-02,39.1
JW화순2,2007-05-03,39.07
JW화순2,2007-05-04,39.07
JW화순2,2007-05-05,39.07
JW화순2,2007-05-06,39.12
JW화순2,2007-05-07,39.29
JW화순2,2007-05-08,39.25
JW화순2,2007-05-09,39.2
JW화순2,2007-05-10,39.2
JW화순2,2007-05-11,39.16
JW화순2,2007-05-12,39.17
JW화순2,2007-05-13,39.16
JW화순2,2007-05-14,39.14
JW화순2,2007-05-15,39.13
JW화순2,2007-05-16,39.18
JW화순2,2007-05-17,39.26
JW화순2,2007-05-18,39.25
JW화순2,2007-05-19,39.21
JW화순2,2007-05-20,39.17
JW화순2,2007-05-21,39.17
JW화순2,2007-05-22,39.16
JW화순2,2007-05-23,39.16
JW화순2,2007-05-24,39.2
JW화순2,2007-05-25,39.46
JW화순2,2007-05-26,39.52
JW화순2,2007-05-27,39.46
JW화순2,2007-05-28,39.41
JW화순2,2007-05-29,39.4
JW화순2,2007-05-30,39.39
JW화순2,2007-05-31,39.37
JW화순2,2007-06-01,39.37
JW화순2,2007-06-02,39.41
JW화순2,2007-06-03,39.41
JW화순2,2007-06-04,39.39
JW화순2,2007-06-05,39.39
JW화순2,2007-06-06,39.43
JW화순2,2007-06-07,39.42
JW화순2,2007-06-08,39.4
JW화순2,2007-06-09,39.39
JW화순2,2007-06-10,39.38
JW화순2,2007-06-11,39.37
JW화순2,2007-06-12,39.37
JW화순2,2007-06-13,39.42
JW화순2,2007-06-14,39.46
JW화순2,2007-06-15,39.47
JW화순2,2007-06-16,39.47
JW화순2,2007-06-17,39.46
JW화순2,2007-06-18,39.44
JW화순2,2007-06-19,39.43
JW화순2,2007-06-20,39.43
JW화순2,2007-06-21,39.44
JW화순2,2007-06-22,39.48
JW화순2,2007-06-23,39.47
JW화순2,2007-06-24,39.48
JW화순2,2007-06-25,39.48
JW화순2,2007-06-26,39.48
JW화순2,2007-06-27,39.45
JW화순2,2007-06-28,39.44
JW화순2,2007-06-29,39.45
JW화순2,2007-06-30,39.46
JW화순2,2007-07-01,39.45
JW화순2,2007-07-02,39.85
JW화순2,2007-07-03,40.39
JW화순2,2007-07-04,40.95
JW화순2,2007-07-05,41.26
JW화순2,2007-07-06,41.1
JW화순2,2007-07-07,41.63
JW화순2,2007-07-08,42.18
JW화순2,2007-07-09,43.51
JW화순2,2007-07-10,45.93
JW화순2,2007-07-11,47.95
JW화순2,2007-07-12,49.42
JW화순2,2007-07-13,50.36
JW화순2,2007-07-14,50.65
JW화순2,2007-07-15,50.48
JW화순2,2007-07-16,50.15
JW화순2,2007-07-17,49.76
JW화순2,2007-07-18,49.34
JW화순2,2007-07-19,48.92
JW화순2,2007-07-20,48.49
JW화순2,2007-07-21,48.06
JW화순2,2007-07-22,47.64
JW화순2,2007-07-23,47.27
JW화순2,2007-07-24,46.94
JW화순2,2007-07-25,46.62
JW화순2,2007-07-26,46.27
JW화순2,2007-07-27,45.92
JW화순2,2007-07-28,45.61
JW화순2,2007-07-29,45.38
JW화순2,2007-07-30,45.13
JW화순2,2007-07-31,44.87
JW화순2,2007-08-01,44.64
JW화순2,2007-08-02,44.43
JW화순2,2007-08-03,44.26
JW화순2,2007-08-04,44.09
JW화순2,2007-08-05,43.96
JW화순2,2007-08-06,43.84
JW화순2,2007-08-07,43.75
JW화순2,2007-08-08,43.67
JW화순2,2007-08-09,43.58
JW화순2,2007-08-10,43.48
JW화순2,2007-08-11,43.39
JW화순2,2007-08-12,43.34
JW화순2,2007-08-13,43.27
JW화순2,2007-08-14,43.2
JW화순2,2007-08-15,43.16
JW화순2,2007-08-16,43.19
JW화순2,2007-08-17,43.16
JW화순2,2007-08-18,43.15
JW화순2,2007-08-19,43.13
JW화순2,2007-08-20,43.11
JW화순2,2007-08-21,43.09
JW화순2,2007-08-22,43.06
JW화순2,2007-08-23,43.01
JW화순2,2007-08-24,42.94
JW화순2,2007-08-25,42.86
JW화순2,2007-08-26,42.78
JW화순2,2007-08-27,42.7
JW화순2,2007-08-28,42.63
JW화순2,2007-08-29,42.57
JW화순2,2007-08-30,42.5
JW화순2,2007-08-31,42.45
JW화순2,2007-09-01,42.4
JW화순2,2007-09-02,42.36
JW화순2,2007-09-03,42.3
JW화순2,2007-09-04,42.25
JW화순2,2007-09-05,42.22
JW화순2,2007-09-06,42.21
JW화순2,2007-09-07,41.98
JW화순2,2007-09-08,41.61
JW화순2,2007-09-09,41.58
JW화순2,2007-09-10,41.55
JW화순2,2007-09-11,41.53
JW화순2,2007-09-12,41.52
JW화순2,2007-09-13,41.5
JW화순2,2007-09-14,41.48
JW화순2,2007-09-15,41.5
JW화순2,2007-09-16,42.32
JW화순2,2007-09-17,44.4
JW화순2,2007-09-18,45.36
JW화순2,2007-09-19,47.54
JW화순2,2007-09-20,48.73
JW화순2,2007-09-21,48.91
JW화순2,2007-09-22,48.7
JW화순2,2007-09-23,48.36
JW화순2,2007-09-24,48.05
JW화순2,2007-09-25,47.74
JW화순2,2007-09-26,47.43
JW화순2,2007-09-27,47.13
JW화순2,2007-09-28,46.84
JW화순2,2007-09-29,46.57
JW화순2,2007-09-30,46.3
JW화순2,2007-10-01,46.02
JW화순2,2007-10-02,45.72
JW화순2,2007-10-03,45.41
JW화순2,2007-10-04,45.14
JW화순2,2007-10-05,44.94
JW화순2,2007-10-06,44.77
JW화순2,2007-10-07,44.55
JW화순2,2007-10-08,44.34
JW화순2,2007-10-09,44.16
JW화순2,2007-10-10,43.99
JW화순2,2007-10-11,43.83
JW화순2,2007-10-12,43.69
JW화순2,2007-10-13,43.57
JW화순2,2007-10-14,43.48
JW화순2,2007-10-15,43.4
JW화순2,2007-10-16,43.31
JW화순2,2007-10-17,43.24
JW화순2,2007-10-18,43.17
JW화순2,2007-10-19,43.1
JW화순2,2007-10-20,43.02
JW화순2,2007-10-21,42.92
JW화순2,2007-10-22,42.83
JW화순2,2007-10-23,42.73
JW화순2,2007-10-24,42.62
JW화순2,2007-10-25,42.98
JW화순2,2007-10-26,43.42
JW화순2,2007-10-27,43.43
JW화순2,2007-10-28,43.53
JW화순2,2007-10-29,43.83
JW화순2,2007-10-30,44.12
JW화순2,2007-10-31,44.28
JW화순2,2007-11-01,44.3
JW화순2,2007-11-02,44.21
JW화순2,2007-11-03,44.08
JW화순2,2007-11-04,43.93
JW화순2,2007-11-05,43.79
JW화순2,2007-11-06,43.69
JW화순2,2007-11-07,43.59
JW화순2,2007-11-08,43.51
JW화순2,2007-11-09,43.44
JW화순2,2007-11-10,43.37
JW화순2,2007-11-11,43.31
JW화순2,2007-11-12,43.24
JW화순2,2007-11-13,43.18
JW화순2,2007-11-14,43.11
JW화순2,2007-11-15,43.03
JW화순2,2007-11-16,42.94
JW화순2,2007-11-17,42.87
JW화순2,2007-11-18,42.77
JW화순2,2007-11-19,42.67
JW화순2,2007-11-20,42.59
JW화순2,2007-11-21,42.5
JW화순2,2007-11-22,42.39
JW화순2,2007-11-23,42.31
JW화순2,2007-11-24,42.23
JW화순2,2007-11-25,42.15
JW화순2,2007-11-26,42.08
JW화순2,2007-11-27,42.03
JW화순2,2007-11-28,41.98
JW화순2,2007-11-29,41.91
JW화순2,2007-11-30,41.84
JW화순2,2007-12-01,41.78
JW화순2,2007-12-02,41.73
JW화순2,2007-12-03,41.67
JW화순2,2007-12-04,41.59
JW화순2,2007-12-05,41.53
JW화순2,2007-12-06,41.49
JW화순2,2007-12-07,41.45
JW화순2,2007-12-08,41.41
JW화순2,2007-12-09,41.37
JW화순2,2007-12-10,41.34
JW화순2,2007-12-11,41.32
JW화순2,2007-12-12,41.29
JW화순2,2007-12-13,41.26
JW화순2,2007-12-14,41.23
JW화순2,2007-12-15,41.19
JW화순2,2007-12-16,41.16
JW화순2,2007-12-17,41.13
JW화순2,2007-12-18,41.12
JW화순2,2007-12-19,41.1
JW화순2,2007-12-20,41.07
JW화순2,2007-12-21,41.05
JW화순2,2007-12-22,41.03
JW화순2,2007-12-23,41.0
JW화순2,2007-12-24,40.98
JW화순2,2007-12-25,40.95
JW화순2,2007-12-26,40.93
JW화순2,2007-12-27,40.92
JW화순2,2007-12-28,40.94
JW화순2,2007-12-29,40.92
JW화순2,2007-12-30,40.91
JW화순2,2007-12-31,40.9
JW화순2,2008-01-01,40.89
JW화순2,2008-01-02,40.86
JW화순2,2008-01-03,40.81
JW화순2,2008-01-04,40.78
JW화순2,2008-01-05,40.75
JW화순2,2008-01-06,40.71
JW화순2,2008-01-07,40.69
JW화순2,2008-01-08,40.66
JW화순2,2008-01-09,40.63
JW화순2,2008-01-10,40.59
JW화순2,2008-01-11,40.57
JW화순2,2008-01-12,40.55
JW화순2,2008-01-13,40.5
JW화순2,2008-01-14,40.45
JW화순2,2008-01-15,40.41
JW화순2,2008-01-16,40.38
JW화순2,2008-01-17,40.34
JW화순2,2008-01-18,40.31
JW화순2,2008-01-19,40.28
JW화순2,2008-01-20,40.27
JW화순2,2008-01-21,40.26
JW화순2,2008-01-22,40.24
JW화순2,2008-01-23,40.2
JW화순2,2008-01-24,40.17
JW화순2,2008-01-25,40.14
JW화순2,2008-01-26,40.12
JW화순2,2008-01-27,40.1
JW화순2,2008-01-28,40.1
JW화순2,2008-01-29,40.09
JW화순2,2008-01-30,40.06
JW화순2,2008-01-31,40.03
JW화순2,2008-02-01,40.01
JW화순2,2008-02-02,40.0
JW화순2,2008-02-03,39.98
JW화순2,2008-02-04,39.96
JW화순2,2008-02-05,39.94
JW화순2,2008-02-06,39.92
JW화순2,2008-02-07,39.9
JW화순2,2008-02-08,39.89
JW화순2,2008-02-09,39.87
JW화순2,2008-02-10,39.85
JW화순2,2008-02-11,39.84
JW화순2,2008-02-12,39.82
JW화순2,2008-02-13,39.8
JW화순2,2008-02-14,39.78
JW화순2,2008-02-15,39.76
JW화순2,2008-02-16,39.74
JW화순2,2008-02-17,39.71
JW화순2,2008-02-18,39.7
JW화순2,2008-02-19,39.68
JW화순2,2008-02-20,39.68
JW화순2,2008-02-21,39.67
JW화순2,2008-02-22,39.66
JW화순2,2008-02-23,39.65
JW화순2,2008-02-24,39.61
JW화순2,2008-02-25,39.6
JW화순2,2008-02-26,39.66
JW화순2,2008-02-27,39.6
JW화순2,2008-02-28,39.58
JW화순2,2008-02-29,39.59
JW화순2,2008-03-01,39.58
JW화순2,2008-03-02,39.54
JW화순2,2008-03-03,39.52
JW화순2,2008-03-04,39.5
JW화순2,2008-03-05,39.47
JW화순2,2008-03-06,39.45
JW화순2,2008-03-07,39.43
JW화순2,2008-03-08,39.42
JW화순2,2008-03-09,39.44
JW화순2,2008-03-10,39.42
JW화순2,2008-03-11,39.4
JW화순2,2008-03-12,39.38
JW화순2,2008-03-13,39.37
JW화순2,2008-03-14,39.37
JW화순2,2008-03-15,39.35
JW화순2,2008-03-16,39.35
JW화순2,2008-03-17,39.32
JW화순2,2008-03-18,39.31
JW화순2,2008-03-19,39.34
JW화순2,2008-03-20,39.29
JW화순2,2008-03-21,39.27
JW화순2,2008-03-22,39.26
JW화순2,2008-03-23,39.57
JW화순2,2008-03-24,39.58
JW화순2,2008-03-25,39.51
JW화순2,2008-03-26,39.46
JW화순2,2008-03-27,39.43
JW화순2,2008-03-28,39.4
JW화순2,2008-03-29,39.39
JW화순2,2008-03-30,39.43
JW화순2,2008-03-31,39.43
JW화순2,2008-04-01,39.41
JW화순2,2008-04-02,39.41
JW화순2,2008-04-03,39.41
JW화순2,2008-04-04,39.39
JW화순2,2008-04-05,39.38
JW화순2,2008-04-06,39.38
JW화순2,2008-04-07,39.39
JW화순2,2008-04-08,39.38
JW화순2,2008-04-09,39.43
JW화순2,2008-04-10,39.45
JW화순2,2008-04-11,39.41
JW화순2,2008-04-12,39.38
JW화순2,2008-04-13,39.37
JW화순2,2008-04-14,39.36
JW화순2,2008-04-15,39.34
JW화순2,2008-04-16,39.33
JW화순2,2008-04-17,39.33
JW화순2,2008-04-18,39.31
JW화순2,2008-04-19,39.29
JW화순2,2008-04-20,39.28
JW화순2,2008-04-21,39.28
JW화순2,2008-04-22,39.27
JW화순2,2008-04-23,39.28
JW화순2,2008-04-24,39.28
JW화순2,2008-04-25,39.26
JW화순2,2008-04-26,39.26
JW화순2,2008-04-27,39.24
JW화순2,2008-04-28,39.23
JW화순2,2008-04-29,39.22
JW화순2,2008-04-30,39.22
JW화순2,2008-05-01,39.22
JW화순2,2008-05-02,39.21
JW화순2,2008-05-03,39.2
JW화순2,2008-05-04,39.2
JW화순2,2008-05-05,39.23
JW화순2,2008-05-06,39.19
JW화순2,2008-05-07,39.18
JW화순2,2008-05-08,39.17
JW화순2,2008-05-09,39.17
JW화순2,2008-05-10,39.15
JW화순2,2008-05-11,39.13
JW화순2,2008-05-12,39.13
JW화순2,2008-05-13,39.15
JW화순2,2008-05-14,39.14
JW화순2,2008-05-15,39.12
JW화순2,2008-05-16,39.1
JW화순2,2008-05-17,39.1
JW화순2,2008-05-18,39.1
JW화순2,2008-05-19,39.12
JW화순2,2008-05-20,39.1
JW화순2,2008-05-21,39.08
JW화순2,2008-05-22,39.07
JW화순2,2008-05-23,39.07
JW화순2,2008-05-24,39.09
JW화순2,2008-05-25,39.09
JW화순2,2008-05-26,39.07
JW화순2,2008-05-27,39.07
JW화순2,2008-05-28,39.41
JW화순2,2008-05-29,40.27
JW화순2,2008-05-30,40.1
JW화순2,2008-05-31,39.87
JW화순2,2008-06-01,39.75
JW화순2,2008-06-02,39.71
JW화순2,2008-06-03,39.72
JW화순2,2008-06-04,39.76
JW화순2,2008-06-05,39.8
JW화순2,2008-06-06,39.81
JW화순2,2008-06-07,39.82
JW화순2,2008-06-08,39.82
JW화순2,2008-06-09,39.82
JW화순2,2008-06-10,39.82
JW화순2,2008-06-11,39.83
JW화순2,2008-06-12,39.82
JW화순2,2008-06-13,39.81
JW화순2,2008-06-14,39.8
JW화순2,2008-06-15,39.83
JW화순2,2008-06-16,39.83
JW화순2,2008-06-17,39.89
JW화순2,2008-06-18,40.56
JW화순2,2008-06-19,40.88
JW화순2,2008-06-20,40.95
JW화순2,2008-06-21,41.46
JW화순2,2008-06-22,43.19
JW화순2,2008-06-23,44.13
JW화순2,2008-06-24,46.04
JW화순2,2008-06-25,47.08
JW화순2,2008-06-26,47.37
JW화순2,2008-06-27,47.27
JW화순2,2008-06-28,47.07
JW화순2,2008-06-29,46.89
JW화순2,2008-06-30,46.67
JW화순2,2008-07-01,46.48
JW화순2,2008-07-02,46.33
JW화순2,2008-07-03,46.17
JW화순2,2008-07-04,46.03
JW화순2,2008-07-05,45.9
JW화순2,2008-07-06,45.77
JW화순2,2008-07-07,45.65
JW화순2,2008-07-08,45.52
JW화순2,2008-07-09,45.4
JW화순2,2008-07-10,45.29
JW화순2,2008-07-11,45.19
JW화순2,2008-07-12,45.08
JW화순2,2008-07-13,44.96
JW화순2,2008-07-14,44.82
JW화순2,2008-07-15,44.65
JW화순2,2008-07-16,44.5
JW화순2,2008-07-17,44.35
JW화순2,2008-07-18,44.19
JW화순2,2008-07-19,44.04
JW화순2,2008-07-20,43.92
JW화순2,2008-07-21,43.8
JW화순2,2008-07-22,43.68
JW화순2,2008-07-23,43.58
JW화순2,2008-07-24,43.49
JW화순2,2008-07-25,43.41
JW화순2,2008-07-26,43.33
JW화순2,2008-07-27,43.25
JW화순2,2008-07-28,43.17
JW화순2,2008-07-29,43.08
JW화순2,2008-07-30,42.98
JW화순2,2008-07-31,42.87
JW화순2,2008-08-01,42.76
JW화순2,2008-08-02,42.67
JW화순2,2008-08-03,42.59
JW화순2,2008-08-04,42.48
JW화순2,2008-08-05,42.36
JW화순2,2008-08-06,42.26
JW화순2,2008-08-07,42.16
JW화순2,2008-08-08,42.06
JW화순2,2008-08-09,41.98
JW화순2,2008-08-10,41.92
JW화순2,2008-08-11,41.85
JW화순2,2008-08-12,41.79
JW화순2,2008-08-13,41.71
JW화순2,2008-08-14,41.64
JW화순2,2008-08-15,41.61
JW화순2,2008-08-16,41.6
JW화순2,2008-08-17,41.55
JW화순2,2008-08-18,41.5
JW화순2,2008-08-19,41.46
JW화순2,2008-08-20,41.42
JW화순2,2008-08-21,41.38
JW화순2,2008-08-22,41.37
JW화순2,2008-08-23,41.35
JW화순2,2008-08-24,41.3
JW화순2,2008-08-25,41.26
JW화순2,2008-08-26,41.23
JW화순2,2008-08-27,41.2
JW화순2,2008-08-28,41.18
JW화순2,2008-08-29,41.15
JW화순2,2008-08-30,41.12
JW화순2,2008-08-31,41.1
JW화순2,2008-09-01,41.09
JW화순2,2008-09-02,41.07
JW화순2,2008-09-03,41.04
JW화순2,2008-09-04,41.01
JW화순2,2008-09-05,40.99
JW화순2,2008-09-06,40.96
JW화순2,2008-09-07,40.94
JW화순2,2008-09-08,40.93
JW화순2,2008-09-09,40.92
JW화순2,2008-09-10,40.9
JW화순2,2008-09-11,40.87
JW화순2,2008-09-12,40.84
JW화순2,2008-09-13,40.8
JW화순2,2008-09-14,40.76
JW화순2,2008-09-15,40.74
JW화순2,2008-09-16,40.71
JW화순2,2008-09-17,40.67
JW화순2,2008-09-18,40.63
JW화순2,2008-09-19,40.58
JW화순2,2008-09-20,40.54
JW화순2,2008-09-21,40.57
JW화순2,2008-09-22,40.57
JW화순2,2008-09-23,40.53
JW화순2,2008-09-24,40.48
JW화순2,2008-09-25,40.45
JW화순2,2008-09-26,40.44
JW화순2,2008-09-27,40.38
JW화순2,2008-09-28,40.35
JW화순2,2008-09-29,40.32
JW화순2,2008-09-30,40.31
JW화순2,2008-10-01,40.29
JW화순2,2008-10-02,40.24
JW화순2,2008-10-03,40.2
JW화순2,2008-10-04,40.17
JW화순2,2008-10-05,40.15
JW화순2,2008-10-06,40.13
JW화순2,2008-10-07,40.08
JW화순2,2008-10-08,40.04
JW화순2,2008-10-09,40.01
JW화순2,2008-10-10,39.98
JW화순2,2008-10-11,39.96
JW화순2,2008-10-12,39.93
JW화순2,2008-10-13,39.91
JW화순2,2008-10-14,39.88
JW화순2,2008-10-15,39.84
JW화순2,2008-10-16,39.81
JW화순2,2008-10-17,39.79
JW화순2,2008-10-18,39.77
JW화순2,2008-10-19,39.74
JW화순2,2008-10-20,39.73
JW화순2,2008-10-21,39.73
JW화순2,2008-10-22,39.82
JW화순2,2008-10-23,39.88
JW화순2,2008-10-24,39.86
JW화순2,2008-10-25,39.83
JW화순2,2008-10-26,39.84
JW화순2,2008-10-27,39.84
JW화순2,2008-10-28,39.84
JW화순2,2008-10-29,39.84
JW화순2,2008-10-30,39.82
JW화순2,2008-10-31,39.81
JW화순2,2008-11-01,39.8
JW화순2,2008-11-02,39.78
JW화순2,2008-11-03,39.74
JW화순2,2008-11-04,39.68
JW화순2,2008-11-05,39.64
JW화순2,2008-11-06,39.61
JW화순2,2008-11-07,39.6
JW화순2,2008-11-08,39.64
JW화순2,2008-11-09,39.59
JW화순2,2008-11-10,39.56
JW화순2,2008-11-11,39.54
JW화순2,2008-11-12,39.53
JW화순2,2008-11-13,39.54
JW화순2,2008-11-14,39.52
JW화순2,2008-11-15,39.52
JW화순2,2008-11-16,39.52
JW화순2,2008-11-17,39.5
JW화순2,2008-11-18,39.47
JW화순2,2008-11-19,39.45
JW화순2,2008-11-20,39.43
JW화순2,2008-11-21,39.42
JW화순2,2008-11-22,39.4
JW화순2,2008-11-23,39.38
JW화순2,2008-11-24,39.39
JW화순2,2008-11-25,39.36
JW화순2,2008-11-26,39.34
JW화순2,2008-11-27,39.33
JW화순2,2008-11-28,39.32
JW화순2,2008-11-29,39.3
JW화순2,2008-11-30,39.27
JW화순2,2008-12-01,39.25
JW화순2,2008-12-02,39.25
JW화순2,2008-12-03,39.24
JW화순2,2008-12-04,39.26
JW화순2,2008-12-05,39.24
JW화순2,2008-12-06,39.21
JW화순2,2008-12-07,39.22
JW화순2,2008-12-08,39.23
JW화순2,2008-12-09,39.22
JW화순2,2008-12-10,39.21
JW화순2,2008-12-11,39.2
JW화순2,2008-12-12,39.18
JW화순2,2008-12-13,39.17
JW화순2,2008-12-14,39.16
JW화순2,2008-12-15,39.14
JW화순2,2008-12-16,39.13
JW화순2,2008-12-17,39.12
JW화순2,2008-12-18,39.11
JW화순2,2008-12-19,39.09
JW화순2,2008-12-20,39.09
JW화순2,2008-12-21,39.08
JW화순2,2008-12-22,39.05
JW화순2,2008-12-23,39.03
JW화순2,2008-12-24,39.03
JW화순2,2008-12-25,39.03
JW화순2,2008-12-26,39.0
JW화순2,2008-12-27,38.99
JW화순2,2008-12-28,38.98
JW화순2,2008-12-29,38.98
JW화순2,2008-12-30,38.96
JW화순2,2008-12-31,38.94
JW화순2,2009-01-01,38.93
JW화순2,2009-01-02,38.91
JW화순2,2009-01-03,38.9
JW화순2,2010-01-28,39.06
JW화순2,2010-01-29,39.01
JW화순2,2010-01-30,38.94
JW화순2,2010-01-31,38.93
JW화순2,2010-02-01,38.93
JW화순2,2010-02-02,38.92
JW화순2,2010-02-03,38.91
JW화순2,2010-02-04,38.9
JW화순2,2010-02-05,38.9
JW화순2,2010-02-06,38.9
JW화순2,2010-02-07,38.9
JW화순2,2010-02-08,38.9
JW화순2,2010-02-09,38.9
JW화순2,2010-02-10,38.9
JW화순2,2010-02-11,38.91
JW화순2,2010-02-12,38.9
JW화순2,2010-02-13,38.9
JW화순2,2010-02-14,38.9
JW화순2,2010-02-15,38.89
JW화순2,2010-02-16,38.88
JW화순2,2010-02-17,38.87
JW화순2,2010-02-18,38.88
JW화순2,2010-02-19,38.89
JW화순2,2010-02-20,38.88
JW화순2,2010-02-21,38.87
JW화순2,2010-02-22,38.88
JW화순2,2010-02-23,38.86
JW화순2,2010-02-24,38.81
JW화순2,2010-02-25,38.82
JW화순2,2010-02-26,38.85
JW화순2,2010-02-27,38.88
JW화순2,2010-02-28,38.78
JW화순2,2010-03-01,38.79
JW화순2,2010-03-02,38.79
JW화순2,2010-03-03,38.79
JW화순2,2010-03-04,38.8
JW화순2,2010-03-05,38.79
JW화순2,2010-03-06,38.79
JW화순2,2010-03-07,38.79
JW화순2,2010-03-08,38.73
JW화순2,2010-03-09,38.67
JW화순2,2010-03-10,38.68
JW화순2,2010-03-11,38.68
JW화순2,2010-03-12,38.69
JW화순2,2010-03-13,38.69
JW화순2,2010-03-14,38.69
JW화순2,2010-03-15,38.71
JW화순2,2010-03-16,38.72
JW화순2,2010-03-17,38.72
JW화순2,2010-03-18,38.72
JW화순2,2010-03-19,38.72
JW화순2,2010-03-20,38.75
JW화순2,2010-03-21,38.75
JW화순2,2010-03-22,38.75
JW화순2,2010-03-23,38.75
JW화순2,2010-03-24,38.75
JW화순2,2010-03-25,38.75
JW화순2,2010-03-26,38.75
JW화순2,2010-03-27,38.75
JW화순2,2010-03-28,38.75
JW화순2,2010-03-29,38.72
JW화순2,2010-03-30,38.73
JW화순2,2010-03-31,38.75
JW화순2,2010-04-01,38.77
JW화순2,2010-04-02,38.81
JW화순2,2010-04-03,38.83
JW화순2,2010-04-04,38.81
JW화순2,2010-04-05,38.7
JW화순2,2010-04-06,38.55
JW화순2,2010-04-07,38.59
JW화순2,2010-04-08,38.61
JW화순2,2010-04-09,38.71
JW화순2,2010-04-10,38.85
JW화순2,2010-04-11,38.89
JW화순2,2010-04-12,38.92
JW화순2,2010-04-13,38.91
JW화순2,2010-04-14,38.89
JW화순2,2010-04-15,38.88
JW화순2,2010-04-16,38.86
JW화순2,2010-04-17,38.84
JW화순2,2010-04-18,38.81
JW화순2,2010-04-19,38.82
JW화순2,2010-04-20,38.98
JW화순2,2010-04-21,39.04
JW화순2,2010-04-22,39.06
JW화순2,2010-04-23,39.08
JW화순2,2010-04-24,39.12
JW화순2,2010-04-25,39.18
JW화순2,2010-04-26,39.26
JW화순2,2010-04-27,39.36
JW화순2,2010-04-28,39.42
JW화순2,2010-04-29,39.44
JW화순2,2010-04-30,39.45
JW화순2,2010-05-01,39.46
JW화순2,2010-05-02,39.46
JW화순2,2010-05-03,39.46
JW화순2,2010-05-04,39.45
JW화순2,2010-05-05,39.45
JW화순2,2010-05-06,39.44
JW화순2,2010-05-07,39.41
JW화순2,2010-05-08,39.37
JW화순2,2010-05-09,39.33
JW화순2,2010-05-10,39.3
JW화순2,2010-05-11,39.25
JW화순2,2010-05-12,39.19
JW화순2,2010-05-13,39.15
JW화순2,2010-05-14,39.17
JW화순2,2010-05-15,39.2
JW화순2,2010-05-16,39.17
JW화순2,2010-05-17,39.14
JW화순2,2010-05-18,39.13
JW화순2,2010-05-19,39.13
JW화순2,2010-05-20,39.11
JW화순2,2010-05-21,39.09
JW화순2,2010-05-22,39.1
JW화순2,2010-05-23,39.12
JW화순2,2010-05-24,39.11
JW화순2,2010-05-25,39.1
JW화순2,2010-05-26,39.08
JW화순2,2010-05-27,39.06
JW화순2,2010-05-28,39.04
JW화순2,2010-05-29,39.03
JW화순2,2010-05-30,39.02
JW화순2,2010-05-31,39.01
JW화순2,2010-06-01,39.0
JW화순2,2010-06-02,38.99
JW화순2,2010-06-03,38.98
JW화순2,2010-06-04,38.97
JW화순2,2010-06-05,38.97
JW화순2,2010-06-06,38.97
JW화순2,2010-06-07,38.97
JW화순2,2010-06-08,38.96
JW화순2,2010-06-09,38.96
JW화순2,2010-06-10,38.95
JW화순2,2010-06-11,38.95
JW화순2,2010-06-12,38.96
JW화순2,2010-06-13,38.95
JW화순2,2010-06-14,38.95
JW화순2,2010-06-15,38.95
JW화순2,2010-06-16,38.94
JW화순2,2010-06-17,38.95
JW화순2,2010-06-18,38.95
JW화순2,2010-06-19,38.94
JW화순2,2010-06-20,38.94
JW화순2,2010-06-21,38.94
JW화순2,2010-06-22,38.94
JW화순2,2010-06-23,38.93
JW화순2,2010-06-24,38.93
JW화순2,2010-06-25,38.93
JW화순2,2010-06-26,38.94
JW화순2,2010-06-27,38.94
JW화순2,2010-06-28,38.97
JW화순2,2010-06-29,39.1
JW화순2,2010-06-30,39.5
JW화순2,2010-07-01,39.79
JW화순2,2010-07-02,40.73
JW화순2,2010-07-03,41.78
JW화순2,2010-07-04,42.34
JW화순2,2010-07-05,42.5
JW화순2,2010-07-06,42.46
JW화순2,2010-07-07,42.31
JW화순2,2010-07-08,42.12
JW화순2,2010-07-09,41.92
JW화순2,2010-07-10,41.71
JW화순2,2010-07-11,41.52
JW화순2,2010-07-12,41.31
JW화순2,2010-07-13,41.18
JW화순2,2010-07-14,42.0
JW화순2,2010-07-15,42.39
JW화순2,2010-07-16,42.7
JW화순2,2010-07-17,43.18
JW화순2,2010-07-18,43.48
JW화순2,2010-07-19,43.57
JW화순2,2010-07-20,43.52
JW화순2,2010-07-21,43.4
JW화순2,2010-07-22,43.26
JW화순2,2010-07-23,43.12
JW화순2,2010-07-24,42.97
JW화순2,2010-07-25,42.82
JW화순2,2010-07-26,42.64
JW화순2,2010-07-27,42.45
JW화순2,2010-07-28,42.37
JW화순2,2010-07-29,42.3
JW화순2,2010-07-30,42.15
JW화순2,2010-07-31,41.98
JW화순2,2010-08-01,41.82
JW화순2,2010-08-02,41.68
JW화순2,2010-08-03,41.55
JW화순2,2010-08-04,41.39
JW화순2,2010-08-05,41.24
JW화순2,2010-08-06,41.08
JW화순2,2010-08-07,40.92
JW화순2,2010-08-08,40.79
JW화순2,2010-08-09,40.68
JW화순2,2010-08-10,40.58
JW화순2,2010-08-11,40.99
JW화순2,2010-08-12,41.42
JW화순2,2010-08-13,41.64
JW화순2,2010-08-14,42.09
JW화순2,2010-08-15,42.49
JW화순2,2010-08-16,42.69
JW화순2,2010-08-17,42.73
JW화순2,2010-08-18,42.67
JW화순2,2010-08-19,42.55
JW화순2,2010-08-20,42.4
JW화순2,2010-08-21,42.24
JW화순2,2010-08-22,42.07
JW화순2,2010-08-23,41.9
JW화순2,2010-08-24,41.74
JW화순2,2010-08-25,41.58
JW화순2,2010-08-26,41.46
JW화순2,2010-08-27,41.39
JW화순2,2010-08-28,42.48
JW화순2,2010-08-29,43.62
JW화순2,2010-08-30,45.17
JW화순2,2010-08-31,47.13
JW화순2,2010-09-01,48.1
JW화순2,2010-09-02,48.55
JW화순2,2010-09-03,48.82
JW화순2,2010-09-04,48.88
JW화순2,2010-09-05,48.84
JW화순2,2010-09-06,48.71
JW화순2,2010-09-07,48.44
JW화순2,2010-09-08,48.03
JW화순2,2010-09-09,47.62
JW화순2,2010-09-10,47.2
JW화순2,2010-09-11,46.77
JW화순2,2010-09-12,46.33
JW화순2,2010-09-13,45.91
JW화순2,2010-09-14,45.5
JW화순2,2010-09-15,45.12
JW화순2,2010-09-16,44.75
JW화순2,2010-09-17,44.4
JW화순2,2010-09-18,44.07
JW화순2,2010-09-19,43.8
JW화순2,2010-09-20,43.56
JW화순2,2010-09-21,43.35
JW화순2,2010-09-22,43.18
JW화순2,2010-09-23,42.99
JW화순2,2010-09-24,42.8
JW화순2,2010-09-25,42.61
JW화순2,2010-09-26,42.42
JW화순2,2010-09-27,42.26
JW화순2,2010-09-28,42.09
JW화순2,2010-09-29,41.9
JW화순2,2010-09-30,41.73
JW화순2,2010-10-01,41.57
JW화순2,2010-10-02,41.42
JW화순2,2010-10-03,41.3
JW화순2,2010-10-04,41.16
JW화순2,2010-10-05,41.03
JW화순2,2010-10-06,40.89
JW화순2,2010-10-07,40.76
JW화순2,2010-10-08,40.65
JW화순2,2010-10-09,40.56
JW화순2,2010-10-10,40.46
JW화순2,2010-10-11,40.35
JW화순2,2010-10-12,40.27
JW화순2,2010-10-13,40.2
JW화순2,2010-10-14,40.12
JW화순2,2010-10-15,40.04
JW화순2,2010-10-16,39.97
JW화순2,2010-10-17,39.91
JW화순2,2010-10-18,39.86
JW화순2,2010-10-19,39.83
JW화순2,2010-10-20,39.8
JW화순2,2010-10-21,39.79
JW화순2,2010-10-22,39.76
JW화순2,2010-10-23,39.74
JW화순2,2010-10-24,39.73
JW화순2,2010-10-25,39.71
JW화순2,2010-10-26,39.68
JW화순2,2010-10-27,39.65
JW화순2,2010-10-28,39.64
JW화순2,2010-10-29,39.62
JW화순2,2010-10-30,39.59
JW화순2,2010-10-31,39.57
JW화순2,2010-11-01,39.54
JW화순2,2010-11-02,39.5
JW화순2,2010-11-03,39.47
JW화순2,2010-11-04,39.44
JW화순2,2010-11-05,39.43
JW화순2,2010-11-06,39.41
JW화순2,2010-11-07,39.39
JW화순2,2010-11-08,39.37
JW화순2,2010-11-09,39.31
JW화순2,2010-11-10,39.21
JW화순2,2010-11-11,39.19
JW화순2,2010-11-12,39.18
JW화순2,2010-11-13,39.16
JW화순2,2010-11-14,39.16
JW화순2,2010-11-15,39.15
JW화순2,2010-11-16,39.15
JW화순2,2010-11-17,39.14
JW화순2,2010-11-18,39.14
JW화순2,2010-11-19,39.13
JW화순2,2010-11-20,39.13
JW화순2,2010-11-21,39.13
JW화순2,2010-11-22,39.13
JW화순2,2010-11-23,39.12
JW화순2,2010-11-24,39.12
JW화순2,2010-11-25,39.11
JW화순2,2010-11-26,39.11
JW화순2,2010-11-27,39.1
JW화순2,2010-11-28,39.09
JW화순2,2010-11-29,39.09
JW화순2,2010-11-30,39.09
JW화순2,2010-12-01,39.09
JW화순2,2010-12-02,39.09
JW화순2,2010-12-03,39.09
JW화순2,2010-12-04,39.08
JW화순2,2010-12-05,39.08
JW화순2,2010-12-06,39.08
JW화순2,2010-12-07,39.08
JW화순2,2010-12-08,39.08
JW화순2,2010-12-09,39.08
JW화순2,2010-12-10,39.08
JW화순2,2010-12-11,39.08
JW화순2,2010-12-12,39.08
JW화순2,2010-12-13,39.09
JW화순2,2010-12-14,39.09
JW화순2,2010-12-15,39.08
JW화순2,2010-12-16,39.08
JW화순2,2010-12-17,39.08
JW화순2,2010-12-18,39.08
JW화순2,2010-12-19,39.08
JW화순2,2010-12-20,39.08
JW화순2,2010-12-21,39.09
JW화순2,2010-12-22,39.08
JW화순2,2010-12-23,39.08
JW화순2,2010-12-24,39.07
JW화순2,2010-12-25,39.07
JW화순2,2010-12-26,39.08
JW화순2,2010-12-27,39.07
JW화순2,2010-12-28,39.07
JW화순2,2010-12-29,39.07
JW화순2,2010-12-30,39.07
JW화순2,2010-12-31,39.07
JW화순2,2011-01-01,39.06
JW화순2,2011-01-02,39.06
JW화순2,2011-01-03,39.06
JW화순2,2011-01-04,39.05
JW화순2,2011-01-05,39.05
JW화순2,2011-01-06,39.05
JW화순2,2011-01-07,39.04
JW화순2,2011-01-08,39.04
JW화순2,2011-01-09,39.04
JW화순2,2011-01-10,39.04
JW화순2,2011-01-11,39.04
JW화순2,2011-01-12,39.04
JW화순2,2011-01-13,39.04
JW화순2,2011-01-14,39.03
JW화순2,2011-01-15,39.03
JW화순2,2011-01-16,39.03
JW화순2,2011-01-17,39.03
JW화순2,2011-01-18,39.02
JW화순2,2011-01-19,39.02
JW화순2,2011-01-20,39.03
JW화순2,2011-01-21,39.02
JW화순2,2011-01-22,39.02
JW화순2,2011-01-23,39.02
JW화순2,2011-01-24,39.02
JW화순2,2011-01-25,39.01
JW화순2,2011-01-26,39.0
JW화순2,2011-01-27,39.0
JW화순2,2011-01-28,39.0
JW화순2,2011-01-29,39.0
JW화순2,2011-01-30,39.0
JW화순2,2011-01-31,39.0
JW화순2,2011-02-01,39.0
JW화순2,2011-02-02,38.99
JW화순2,2011-02-03,38.99
JW화순2,2011-02-04,38.99
JW화순2,2011-02-05,38.99
JW화순2,2011-02-06,38.99
JW화순2,2011-02-07,38.99
JW화순2,2011-02-08,38.99
JW화순2,2011-02-09,38.99
JW화순2,2011-02-10,38.98
JW화순2,2011-02-11,38.98
JW화순2,2011-02-12,38.98
JW화순2,2011-02-13,38.97
JW화순2,2011-02-14,38.97
JW화순2,2011-02-15,38.97
JW화순2,2011-02-16,38.97
JW화순2,2011-02-17,38.97
JW화순2,2011-02-18,38.97
JW화순2,2011-02-19,38.96
JW화순2,2011-02-20,38.96
JW화순2,2011-02-21,38.96
JW화순2,2011-02-22,38.96
JW화순2,2011-02-23,38.96
JW화순2,2011-02-24,38.96
JW화순2,2011-02-25,38.95
JW화순2,2011-02-26,38.95
JW화순2,2011-02-27,38.96
JW화순2,2011-02-28,38.96
JW화순2,2011-03-01,38.95
JW화순2,2011-03-02,38.95
JW화순2,2011-03-03,38.94
JW화순2,2011-03-04,38.94
JW화순2,2011-03-05,38.94
JW화순2,2011-03-06,38.94
JW화순2,2011-03-07,38.94
JW화순2,2011-03-08,38.94
JW화순2,2011-03-09,38.93
JW화순2,2011-03-10,38.93
JW화순2,2011-03-11,38.93
JW화순2,2011-03-12,38.93
JW화순2,2011-03-13,38.93
JW화순2,2011-03-14,38.93
JW화순2,2011-03-15,38.93
JW화순2,2011-03-16,38.92
JW화순2,2011-03-17,38.92
JW화순2,2011-03-18,38.92
JW화순2,2011-03-19,38.92
JW화순2,2011-03-20,38.93
JW화순2,2011-03-21,38.93
JW화순2,2011-03-22,38.92
JW화순2,2011-03-23,38.92
JW화순2,2011-03-24,38.92
JW화순2,2011-03-25,38.91
JW화순2,2011-03-26,38.91
JW화순2,2011-03-27,38.91
JW화순2,2011-03-28,38.9
JW화순2,2011-03-29,38.9
JW화순2,2011-03-30,38.9
JW화순2,2011-03-31,38.9
JW화순2,2011-04-01,38.9
JW화순2,2011-04-02,38.9
JW화순2,2011-04-03,38.9
JW화순2,2011-04-04,38.89
JW화순2,2011-04-05,38.89
JW화순2,2011-04-06,38.88
JW화순2,2011-04-07,38.89
JW화순2,2011-04-08,38.9
JW화순2,2011-04-09,38.89
JW화순2,2011-04-10,38.89
JW화순2,2011-04-11,38.89
JW화순2,2011-04-12,38.89
JW화순2,2011-04-13,38.89
JW화순2,2011-04-14,38.9
JW화순2,2011-04-15,38.9
JW화순2,2011-04-16,38.89
JW화순2,2011-04-17,38.89
JW화순2,2011-04-18,38.89
JW화순2,2011-04-19,38.88
JW화순2,2011-04-20,38.88
JW화순2,2011-04-21,38.88
JW화순2,2011-04-22,38.88
JW화순2,2011-04-23,38.89
JW화순2,2011-04-24,38.88
JW화순2,2011-04-25,38.88
JW화순2,2011-04-26,38.88
JW화순2,2011-04-27,38.88
JW화순2,2011-04-28,38.88
JW화순2,2011-04-29,38.87
JW화순2,2011-04-30,38.87
JW화순2,2011-05-01,38.88
JW화순2,2011-05-02,38.87
JW화순2,2011-05-03,38.87
JW화순2,2011-05-04,38.87
JW화순2,2011-05-05,38.87
JW화순2,2011-05-06,38.87
JW화순2,2011-05-07,38.87
JW화순2,2011-05-08,38.86
JW화순2,2011-05-09,38.86
JW화순2,2011-05-10,38.86
JW화순2,2011-05-11,38.86
JW화순2,2011-05-12,38.87
JW화순2,2011-05-13,38.87
JW화순2,2011-05-14,38.86
JW화순2,2011-05-15,38.85
JW화순2,2011-05-16,38.85
JW화순2,2011-05-17,38.86
JW화순2,2011-05-18,38.85
JW화순2,2011-05-19,38.85
JW화순2,2011-05-20,38.85
JW화순2,2011-05-21,38.85
JW화순2,2011-05-22,38.85
JW화순2,2011-05-23,38.84
JW화순2,2011-05-24,38.84
JW화순2,2011-05-25,38.84
JW화순2,2011-05-26,38.84
JW화순2,2011-05-27,38.84
JW화순2,2011-05-28,38.84
JW화순2,2011-05-29,38.84
JW화순2,2011-05-30,38.84
JW화순2,2011-05-31,38.84
JW화순2,2011-06-01,38.84
JW화순2,2011-06-02,38.84
JW화순2,2011-06-03,38.84
JW화순2,2011-06-04,38.83
JW화순2,2011-06-05,38.84
JW화순2,2011-06-06,38.83
JW화순2,2011-06-07,38.83
JW화순2,2011-06-08,38.83
JW화순2,2011-06-09,38.83
JW화순2,2011-06-10,38.83
JW화순2,2011-06-11,38.86
JW화순2,2011-06-12,38.88
JW화순2,2011-06-13,38.87
JW화순2,2011-06-14,38.87
JW화순2,2011-06-15,38.87
JW화순2,2011-06-16,38.88
JW화순2,2011-06-17,38.88
JW화순2,2011-06-18,38.89
JW화순2,2011-06-19,38.89
JW화순2,2011-06-20,38.89
JW화순2,2011-06-21,38.89
JW화순2,2011-06-22,38.92
JW화순2,2011-06-23,38.94
JW화순2,2011-06-24,38.94
JW화순2,2011-06-25,38.94
JW화순2,2011-06-26,38.97
JW화순2,2011-06-27,39.06
JW화순2,2011-06-28,39.21
JW화순2,2011-06-29,39.45
JW화순2,2011-06-30,39.59
JW화순2,2011-07-01,39.99
JW화순2,2011-07-02,40.29
JW화순2,2011-07-03,40.6
JW화순2,2011-07-04,40.94
JW화순2,2011-07-05,41.21
JW화순2,2011-07-06,41.4
JW화순2,2011-07-07,41.6
JW화순2,2011-07-08,41.69
JW화순2,2011-07-09,41.74
JW화순2,2011-07-10,41.76
JW화순2,2011-07-11,41.78
JW화순2,2011-07-12,41.77
JW화순2,2011-07-13,41.75
JW화순2,2011-07-14,41.69
JW화순2,2011-07-15,41.59
JW화순2,2011-07-16,41.48
JW화순2,2011-07-17,41.36
JW화순2,2011-07-18,41.25
JW화순2,2011-07-19,41.16
JW화순2,2011-07-20,41.03
JW화순2,2011-07-21,40.87
JW화순2,2011-07-22,40.72
JW화순2,2011-07-23,40.58
JW화순2,2011-07-24,40.45
JW화순2,2011-07-25,40.32
JW화순2,2011-07-26,40.18
JW화순2,2011-07-27,40.07
JW화순2,2011-07-28,39.97
JW화순2,2011-07-29,39.91
JW화순2,2011-07-30,39.84
JW화순2,2011-07-31,39.76
JW화순2,2011-08-01,39.67
JW화순2,2011-08-02,39.62
JW화순2,2011-08-03,39.58
JW화순2,2011-08-04,39.54
JW화순2,2011-08-05,39.5
JW화순2,2011-08-06,39.46
JW화순2,2011-08-07,39.51
JW화순2,2011-08-08,39.66
JW화순2,2011-08-09,39.63
JW화순2,2011-08-10,39.66
JW화순2,2011-08-11,39.79
JW화순2,2011-08-12,39.98
JW화순2,2011-08-13,40.12
JW화순2,2011-08-14,40.18
JW화순2,2011-08-15,40.17
JW화순2,2011-08-16,40.12
JW화순2,2011-08-17,40.06
JW화순2,2011-08-18,39.99
JW화순2,2011-08-19,39.91
JW화순2,2011-08-20,39.84
JW화순2,2011-08-21,39.79
JW화순2,2011-08-23,39.7
JW화순2,2011-08-24,39.67
JW화순2,2011-08-25,39.63
JW화순2,2011-08-26,39.61
JW화순2,2011-08-27,39.59
JW화순2,2011-08-28,39.57
JW화순2,2011-08-29,39.55
JW화순2,2011-08-30,39.53
JW화순2,2011-08-31,39.52
JW화순2,2011-09-01,39.5
JW화순2,2011-09-02,39.49
JW화순2,2011-09-03,39.46
JW화순2,2011-09-04,39.42
JW화순2,2011-09-05,39.38
JW화순2,2011-09-06,39.34
JW화순2,2011-09-07,39.3
JW화순2,2011-09-08,39.26
JW화순2,2011-09-09,39.22
JW화순2,2011-09-10,39.19
JW화순2,2011-09-11,39.17
JW화순2,2011-09-12,39.14
JW화순2,2011-09-13,39.13
JW화순2,2011-09-14,39.11
JW화순2,2011-09-15,39.09
JW화순2,2011-09-16,39.08
JW화순2,2011-09-17,39.06
JW화순2,2011-09-18,39.05
JW화순2,2011-09-19,39.03
JW화순2,2011-09-20,39.02
JW화순2,2011-09-21,39.01
JW화순2,2011-09-22,39.0
JW화순2,2011-09-23,38.99
JW화순2,2011-09-24,38.98
JW화순2,2011-09-25,38.97
JW화순2,2011-09-26,38.97
JW화순2,2011-09-27,38.97
JW화순2,2011-09-28,38.97
JW화순2,2011-09-29,38.98
JW화순2,2011-09-30,38.98
JW화순2,2011-10-01,38.98
JW화순2,2011-10-02,38.97
JW화순2,2011-10-03,38.96
JW화순2,2011-10-04,38.96
JW화순2,2011-10-05,38.96
JW화순2,2011-10-06,38.96
JW화순2,2011-10-07,38.95
JW화순2,2011-10-08,38.94
JW화순2,2011-10-09,38.94
JW화순2,2011-10-10,38.94
JW화순2,2011-10-11,38.94
JW화순2,2011-10-12,38.95
JW화순2,2011-10-13,38.95
JW화순2,2011-10-14,38.96
JW화순2,2011-10-15,38.96
JW화순2,2011-10-16,38.96
JW화순2,2011-10-17,38.95
JW화순2,2011-10-18,38.97
JW화순2,2011-10-19,38.99
JW화순2,2011-10-20,38.99
JW화순2,2011-10-21,39.0
JW화순2,2011-10-22,39.0
JW화순2,2011-10-23,39.0
JW화순2,2011-10-24,39.0
JW화순2,2011-10-25,39.0
JW화순2,2011-10-26,38.99
JW화순2,2011-10-27,38.99
JW화순2,2011-10-28,38.99
JW화순2,2011-10-29,38.99
JW화순2,2011-10-30,38.99
JW화순2,2011-10-31,38.98
JW화순2,2011-11-01,38.99
JW화순2,2011-11-02,38.99
JW화순2,2011-11-03,38.99
JW화순2,2011-11-04,38.99
JW화순2,2011-11-05,39.0
JW화순2,2011-11-06,39.0
JW화순2,2011-11-07,39.0
JW화순2,2011-11-08,39.0
JW화순2,2011-11-09,39.0
JW화순2,2011-11-10,39.0
JW화순2,2011-11-11,39.0
JW화순2,2011-11-12,39.0
JW화순2,2011-11-13,39.0
JW화순2,2011-11-14,38.99
JW화순2,2011-11-15,38.99
JW화순2,2011-11-16,38.99
JW화순2,2011-11-17,39.0
JW화순2,2011-11-18,39.02
JW화순2,2011-11-19,39.03
JW화순2,2011-11-20,39.02
JW화순2,2011-11-21,39.01
JW화순2,2011-11-22,39.02
JW화순2,2011-11-23,39.03
JW화순2,2011-11-24,39.03
JW화순2,2011-11-25,39.03
JW화순2,2011-11-26,39.04
JW화순2,2011-11-27,39.04
JW화순2,2011-11-28,39.04
JW화순2,2011-11-29,39.04
JW화순2,2011-11-30,39.04
JW화순2,2011-12-01,39.04
JW화순2,2011-12-02,39.04
JW화순2,2011-12-03,39.04
JW화순2,2011-12-04,39.03
JW화순2,2011-12-05,39.03
JW화순2,2011-12-06,39.03
JW화순2,2011-12-07,39.03
JW화순2,2011-12-08,39.03
JW화순2,2011-12-09,39.03
JW화순2,2011-12-10,39.03
JW화순2,2011-12-11,39.02
JW화순2,2011-12-12,39.02
JW화순2,2011-12-13,39.02
JW화순2,2011-12-14,39.02
JW화순2,2011-12-15,39.02
JW화순2,2011-12-16,39.02
JW화순2,2011-12-17,39.02
JW화순2,2011-12-18,39.02
JW화순2,2011-12-19,39.01
JW화순2,2011-12-20,39.01
JW화순2,2011-12-21,39.01
JW화순2,2011-12-22,39.02
JW화순2,2011-12-23,39.01
JW화순2,2011-12-24,39.01
JW화순2,2011-12-25,39.0
JW화순2,2011-12-26,39.0
JW화순2,2011-12-27,39.0
JW화순2,2011-12-28,39.0
JW화순2,2011-12-29,39.0
JW화순2,2011-12-30,39.0
JW화순2,2011-12-31,39.0
JW화순2,2012-01-01,39.0
JW화순2,2012-01-02,39.0
JW화순2,2012-01-03,39.0
JW화순2,2012-01-04,39.0
JW화순2,2012-01-05,38.99
JW화순2,2012-01-06,39.0
JW화순2,2012-01-07,39.0
JW화순2,2012-01-08,39.0
JW화순2,2012-01-09,39.0
JW화순2,2012-01-10,38.99
JW화순2,2012-01-11,38.99
JW화순2,2012-01-12,38.99
JW화순2,2012-01-13,38.99
JW화순2,2012-01-14,38.99
JW화순2,2012-01-15,38.99
JW화순2,2012-01-16,38.99
JW화순2,2012-01-17,38.98
JW화순2,2012-01-18,38.98
JW화순2,2012-01-19,38.98
JW화순2,2012-01-20,38.98
JW화순2,2012-01-21,38.98
JW화순2,2012-01-22,38.97
JW화순2,2012-01-23,38.97
JW화순2,2012-01-24,38.97
JW화순2,2012-01-25,38.97
JW화순2,2012-01-26,38.97
JW화순2,2012-01-27,38.96
JW화순2,2012-01-28,38.96
JW화순2,2012-01-29,38.96
JW화순2,2012-01-30,38.96
JW화순2,2012-01-31,38.96
JW화순2,2012-02-01,38.96
JW화순2,2012-02-02,38.95
JW화순2,2012-02-03,38.95
JW화순2,2012-02-04,38.95
JW화순2,2012-02-05,38.95
JW화순2,2012-02-06,38.95
JW화순2,2012-02-07,38.95
JW화순2,2012-02-08,38.94
JW화순2,2012-02-09,38.94
JW화순2,2012-02-10,38.94
JW화순2,2012-02-11,38.93
JW화순2,2012-02-12,38.93
JW화순2,2012-02-13,38.93
JW화순2,2012-02-14,38.94
JW화순2,2012-02-15,38.94
JW화순2,2012-02-16,38.93
JW화순2,2012-02-17,38.93
JW화순2,2012-02-18,38.92
JW화순2,2012-02-19,38.92
JW화순2,2012-02-20,38.92
JW화순2,2012-02-21,38.93
JW화순2,2012-02-22,38.93
JW화순2,2012-02-23,38.93
JW화순2,2012-02-24,38.93
JW화순2,2012-02-25,38.92
JW화순2,2012-02-26,38.92
JW화순2,2012-02-27,38.91
JW화순2,2012-02-28,38.91
JW화순2,2012-02-29,38.91
JW화순2,2012-03-01,38.91
JW화순2,2012-03-02,38.92
JW화순2,2012-03-03,38.91
JW화순2,2012-03-04,38.91
JW화순2,2012-03-05,38.92
JW화순2,2012-03-06,38.91
JW화순2,2012-03-07,38.91
JW화순2,2012-03-08,38.91
JW화순2,2012-03-09,38.91
JW화순2,2012-03-10,38.91
JW화순2,2012-03-11,38.9
JW화순2,2012-03-12,38.9
JW화순2,2012-03-13,38.89
JW화순2,2012-03-14,38.89
JW화순2,2012-03-15,38.89
JW화순2,2012-03-16,38.9
JW화순2,2012-03-17,38.9
JW화순2,2012-03-18,38.9
JW화순2,2012-03-19,38.89
JW화순2,2012-03-20,38.89
JW화순2,2012-03-21,38.89
JW화순2,2012-03-22,38.89
JW화순2,2012-03-23,38.9
JW화순2,2012-03-24,38.91
JW화순2,2012-03-25,38.9
JW화순2,2012-03-26,38.9
JW화순2,2012-03-27,38.9
JW화순2,2012-03-28,38.9
JW화순2,2012-03-29,38.9
JW화순2,2012-03-30,38.91
JW화순2,2012-03-31,38.91
JW화순2,2012-04-01,38.91
JW화순2,2012-04-02,38.91
JW화순2,2012-04-03,38.92
JW화순2,2012-04-04,38.91
JW화순2,2012-04-05,38.91
JW화순2,2012-04-06,38.91
JW화순2,2012-04-07,38.9
JW화순2,2012-04-08,38.9
JW화순2,2012-04-09,38.9
JW화순2,2012-04-10,38.91
JW화순2,2012-04-11,38.94
JW화순2,2012-04-12,38.94
JW화순2,2012-04-13,38.94
JW화순2,2012-04-14,38.94
JW화순2,2012-04-15,38.94
JW화순2,2012-04-16,38.95
JW화순2,2012-04-17,38.95
JW화순2,2012-04-18,38.95
JW화순2,2012-04-19,38.95
JW화순2,2012-04-20,38.96
JW화순2,2012-04-21,39.05
JW화순2,2012-04-22,39.64
JW화순2,2012-04-23,39.7
JW화순2,2012-04-24,40.38
JW화순2,2012-04-25,41.66
JW화순2,2012-04-26,42.63
JW화순2,2012-04-27,42.95
JW화순2,2012-04-28,43.1
JW화순2,2012-04-29,43.16
JW화순2,2012-04-30,43.21
JW화순2,2012-05-01,43.19
JW화순2,2012-05-02,43.22
JW화순2,2012-05-03,43.2
JW화순2,2012-05-04,43.13
JW화순2,2012-05-05,43.06
JW화순2,2012-05-06,43.0
JW화순2,2012-05-07,42.92
JW화순2,2012-05-08,42.81
JW화순2,2012-05-09,42.67
JW화순2,2012-05-10,42.49
JW화순2,2012-05-11,42.29
JW화순2,2012-05-12,42.09
JW화순2,2012-05-13,41.9
JW화순2,2012-05-14,41.71
JW화순2,2012-05-15,41.55
JW화순2,2012-05-16,41.36
JW화순2,2012-05-17,41.2
JW화순2,2012-05-18,41.01
JW화순2,2012-05-19,40.81
JW화순2,2012-05-20,40.65
JW화순2,2012-05-21,40.49
JW화순2,2012-05-22,40.33
JW화순2,2012-05-23,40.2
JW화순2,2012-05-24,40.08
JW화순2,2012-05-25,39.97
JW화순2,2012-05-26,39.91
JW화순2,2012-05-27,39.81
JW화순2,2012-05-28,39.71
JW화순2,2012-05-29,39.66
JW화순2,2012-05-30,39.62
JW화순2,2012-05-31,39.58
JW화순2,2012-06-01,39.54
JW화순2,2012-06-02,39.5
JW화순2,2012-06-03,39.45
JW화순2,2012-06-04,39.39
JW화순2,2012-06-05,39.34
JW화순2,2012-06-06,39.3
JW화순2,2012-06-07,39.26
JW화순2,2012-06-08,39.23
JW화순2,2012-06-09,39.19
JW화순2,2012-06-10,39.16
JW화순2,2012-06-11,39.14
JW화순2,2012-06-19,39.01
JW화순2,2012-06-20,38.99
JW화순2,2012-06-21,38.98
JW화순2,2012-06-22,38.97
JW화순2,2012-06-23,38.96
JW화순2,2012-06-24,38.97
JW화순2,2012-06-25,38.96
JW화순2,2012-06-26,38.99
JW화순2,2012-06-27,39.02
JW화순2,2012-06-28,39.01
JW화순2,2012-06-29,39.01
JW화순2,2012-06-30,39.02
JW화순2,2012-07-01,39.02
JW화순2,2012-07-02,39.02
JW화순2,2012-07-03,39.03
JW화순2,2012-07-04,39.05
JW화순2,2012-07-05,39.06
JW화순2,2012-07-06,39.08
JW화순2,2012-07-07,39.09
JW화순2,2012-07-08,39.1
JW화순2,2012-07-09,39.12
JW화순2,2012-07-10,39.13
JW화순2,2012-07-11,39.16
JW화순2,2012-07-12,39.16
JW화순2,2012-07-13,39.16
JW화순2,2012-07-14,39.19
JW화순2,2012-07-15,39.21
JW화순2,2012-07-16,39.2
JW화순2,2012-07-17,39.2
JW화순2,2012-07-18,39.22
JW화순2,2012-07-19,39.35
JW화순2,2012-07-20,39.44
JW화순2,2012-07-21,39.49
JW화순2,2012-07-22,39.55
JW화순2,2012-07-23,39.62
JW화순2,2012-07-24,39.69
JW화순2,2012-07-25,39.76
JW화순2,2012-07-26,39.82
JW화순2,2012-07-27,39.84
JW화순2,2012-07-28,39.83
JW화순2,2012-07-29,39.81
JW화순2,2012-07-30,39.79
JW화순2,2012-07-31,39.77
JW화순2,2012-08-01,39.74
JW화순2,2012-08-02,39.72
JW화순2,2012-08-03,39.68
JW화순2,2012-08-04,39.66
JW화순2,2012-08-05,39.64
JW화순2,2012-08-06,39.62
JW화순2,2012-08-07,39.6
JW화순2,2012-08-08,39.57
JW화순2,2012-08-09,39.55
JW화순2,2012-08-10,39.52
JW화순2,2012-08-11,39.48
JW화순2,2012-08-12,39.44
JW화순2,2012-08-13,39.39
JW화순2,2012-08-14,39.35
JW화순2,2012-08-15,39.3
JW화순2,2012-08-16,39.27
JW화순2,2012-08-17,39.24
JW화순2,2012-08-18,39.2
JW화순2,2012-08-19,39.17
JW화순2,2012-08-20,39.16
JW화순2,2012-08-21,39.14
JW화순2,2012-08-22,39.12
JW화순2,2012-08-23,39.16
JW화순2,2012-08-24,41.77
JW화순2,2012-08-25,43.24
JW화순2,2012-08-26,45.57
JW화순2,2012-08-27,47.41
JW화순2,2012-08-28,48.57
JW화순2,2012-08-29,48.91
JW화순2,2012-08-30,49.27
JW화순2,2012-08-31,49.46
JW화순2,2012-09-01,49.34
JW화순2,2012-09-02,49.04
JW화순2,2012-09-03,48.66
JW화순2,2012-09-04,48.18
JW화순2,2012-09-05,47.7
JW화순2,2012-09-06,47.23
JW화순2,2012-09-07,46.74
JW화순2,2012-09-08,46.3
JW화순2,2012-09-09,45.95
JW화순2,2012-09-10,45.75
JW화순2,2012-09-11,45.49
JW화순2,2012-09-12,45.24
JW화순2,2012-09-13,45.05
JW화순2,2012-09-14,44.84
JW화순2,2012-09-15,44.61
JW화순2,2012-09-16,44.37
JW화순2,2012-09-17,44.55
JW화순2,2012-09-18,44.91
JW화순2,2012-09-19,45.06
JW화순2,2012-09-20,45.46
JW화순2,2012-09-21,45.69
JW화순2,2012-09-22,45.71
JW화순2,2012-09-23,45.59
JW화순2,2012-09-24,45.38
JW화순2,2012-09-25,45.12
JW화순2,2012-09-26,44.86
JW화순2,2012-09-27,44.6
JW화순2,2012-09-28,44.34
JW화순2,2012-09-29,44.08
JW화순2,2012-09-30,43.85
JW화순2,2012-10-01,43.62
JW화순2,2012-10-02,43.4
JW화순2,2012-10-03,43.21
JW화순2,2012-10-04,43.02
JW화순2,2012-10-05,42.82
JW화순2,2012-10-06,42.61
JW화순2,2012-10-07,42.4
JW화순2,2012-10-08,42.2
JW화순2,2012-10-09,42.02
JW화순2,2012-10-10,41.85
JW화순2,2012-10-11,41.67
JW화순2,2012-10-12,41.5
JW화순2,2012-10-13,41.32
JW화순2,2012-10-14,41.18
JW화순2,2012-10-15,41.02
JW화순2,2012-10-16,40.88
JW화순2,2012-10-17,40.76
JW화순2,2012-10-18,40.62
JW화순2,2012-10-19,40.48
JW화순2,2012-10-20,40.35
JW화순2,2012-10-21,40.25
JW화순2,2012-10-22,40.18
JW화순2,2012-10-23,40.1
JW화순2,2012-10-24,40.02
JW화순2,2012-10-25,39.95
JW화순2,2012-10-26,39.89
JW화순2,2012-10-27,39.83
JW화순2,2012-10-28,39.78
JW화순2,2012-10-29,39.74
JW화순2,2012-10-30,39.72
JW화순2,2012-10-31,39.69
JW화순2,2012-11-01,39.66
JW화순2,2012-11-02,39.63
JW화순2,2012-11-03,39.6
JW화순2,2012-11-04,39.58
JW화순2,2012-11-05,39.56
JW화순2,2012-11-06,39.52
JW화순2,2012-11-07,39.49
JW화순2,2012-11-08,39.46
JW화순2,2012-11-09,39.42
JW화순2,2012-11-10,39.39
JW화순2,2012-11-11,39.38
JW화순2,2012-11-12,39.34
JW화순2,2012-11-13,39.32
JW화순2,2012-11-14,39.3
JW화순2,2012-11-15,39.27
JW화순2,2012-11-16,39.25
JW화순2,2012-11-17,39.26
JW화순2,2012-11-18,39.24
JW화순2,2012-11-19,39.22
JW화순2,2012-11-20,39.2
JW화순2,2012-11-21,39.17
JW화순2,2012-11-22,39.16
JW화순2,2012-11-23,39.14
JW화순2,2012-11-24,39.13
JW화순2,2012-11-25,39.12
JW화순2,2012-11-26,39.12
JW화순2,2012-11-27,39.1
JW화순2,2012-11-28,39.1
JW화순2,2012-11-29,39.09
JW화순2,2012-11-30,39.09
JW화순2,2012-12-01,39.08
JW화순2,2012-12-02,39.08
JW화순2,2012-12-03,39.07
JW화순2,2012-12-04,39.07
JW화순2,2012-12-05,39.06
JW화순2,2012-12-06,39.06
JW화순2,2012-12-07,39.06
JW화순2,2012-12-08,39.06
JW화순2,2012-12-09,39.07
JW화순2,2012-12-10,39.05
JW화순2,2012-12-11,39.02
JW화순2,2012-12-12,39.02
JW화순2,2012-12-13,39.02
JW화순2,2012-12-14,39.03
JW화순2,2012-12-15,39.03
JW화순2,2012-12-16,39.03
JW화순2,2012-12-17,39.03
JW화순2,2012-12-18,39.02
JW화순2,2012-12-19,39.02
JW화순2,2012-12-20,39.02
JW화순2,2012-12-21,39.03
JW화순2,2012-12-22,39.02
JW화순2,2012-12-23,39.02
JW화순2,2012-12-24,39.02
JW화순2,2012-12-25,39.02
JW화순2,2012-12-26,39.01
JW화순2,2012-12-27,39.01
JW화순2,2012-12-28,39.02
JW화순2,2012-12-29,39.02
JW화순2,2012-12-30,39.02
JW화순2,2012-12-31,39.02
JW화순2,2013-01-01,39.02
JW화순2,2013-01-02,39.01
JW화순2,2013-01-03,39.01
JW화순2,2013-01-04,39.01
JW화순2,2013-01-05,39.01
JW화순2,2013-01-06,39.01
JW화순2,2013-01-07,39.01
JW화순2,2013-01-08,39.01
JW화순2,2013-01-09,39.01
JW화순2,2013-01-10,39.0
JW화순2,2013-01-11,39.0
JW화순2,2013-01-12,39.0
JW화순2,2013-01-13,39.0
JW화순2,2013-01-14,39.0
JW화순2,2013-01-15,39.0
JW화순2,2013-01-16,38.99
JW화순2,2013-01-17,38.99
JW화순2,2013-01-18,38.99
JW화순2,2013-01-19,38.98
JW화순2,2013-01-20,38.98
JW화순2,2013-01-21,38.99
JW화순2,2013-01-22,38.99
JW화순2,2013-01-23,38.99
JW화순2,2013-01-24,38.99
JW화순2,2013-01-25,38.99
JW화순2,2013-01-26,38.99
JW화순2,2013-01-27,38.99
JW화순2,2013-01-28,38.98
JW화순2,2013-01-29,38.98
JW화순2,2013-01-30,38.98
JW화순2,2013-01-31,38.98
JW화순2,2013-02-01,38.98
JW화순2,2013-02-02,38.98
JW화순2,2013-02-03,38.98
JW화순2,2013-02-04,38.99
JW화순2,2013-02-05,38.98
JW화순2,2013-02-06,38.98
JW화순2,2013-02-07,38.98
JW화순2,2013-02-08,38.98
JW화순2,2013-02-09,38.97
JW화순2,2013-02-10,38.97
JW화순2,2013-02-11,38.97
JW화순2,2013-02-12,38.97
JW화순2,2013-02-13,38.97
JW화순2,2013-02-14,38.97
JW화순2,2013-02-15,38.97
JW화순2,2013-02-16,38.97
JW화순2,2013-02-17,38.97
JW화순2,2013-02-18,38.98
JW화순2,2013-02-19,38.97
JW화순2,2013-02-20,38.97
JW화순2,2013-02-21,38.97
JW화순2,2013-02-22,38.97
JW화순2,2013-02-23,38.97
JW화순2,2013-02-24,38.97
JW화순2,2013-02-25,38.97
JW화순2,2013-02-26,38.97
JW화순2,2013-02-27,38.97
JW화순2,2013-02-28,38.97
JW화순2,2013-03-01,38.97
JW화순2,2013-03-02,38.96
JW화순2,2013-03-03,38.96
JW화순2,2013-03-04,38.96
JW화순2,2013-03-05,38.96
JW화순2,2013-03-06,38.96
JW화순2,2013-03-07,38.96
JW화순2,2013-03-08,38.96
JW화순2,2013-03-09,38.96
JW화순2,2013-03-10,38.96
JW화순2,2013-03-11,38.95
JW화순2,2013-03-12,38.95
JW화순2,2013-03-13,38.95
JW화순2,2013-03-14,38.94
JW화순2,2013-03-15,38.94
JW화순2,2013-03-16,38.94
JW화순2,2013-03-17,38.94
JW화순2,2013-03-25,38.96
JW화순2,2013-04-05,38.89
JW화순2,2013-04-06,38.8
JW화순2,2013-04-07,38.89
JW화순2,2013-04-08,38.87
JW화순2,2013-04-09,38.88
JW화순2,2013-04-10,38.87
JW화순2,2013-04-11,38.86
JW화순2,2013-04-12,38.87
JW화순2,2013-04-13,38.85
JW화순2,2013-04-14,38.85
JW화순2,2013-04-15,38.86
JW화순2,2013-04-16,38.84
JW화순2,2013-04-17,38.86
JW화순2,2013-04-18,38.86
JW화순2,2013-04-19,38.86
JW화순2,2013-04-20,38.83
JW화순2,2013-04-21,38.85
JW화순2,2013-04-22,38.86
JW화순2,2013-04-23,38.82
JW화순2,2013-04-24,38.86
JW화순2,2013-04-25,38.85
JW화순2,2013-04-26,38.87
JW화순2,2013-04-27,38.86
JW화순2,2013-04-28,38.85
JW화순2,2013-04-29,38.83
JW화순2,2013-04-30,38.84
JW화순2,2013-05-01,38.86
JW화순2,2013-05-02,38.87
JW화순2,2013-05-03,38.87
JW화순2,2013-05-04,38.86
JW화순2,2013-05-05,38.86
JW화순2,2013-05-06,38.83
JW화순2,2013-05-07,38.83
JW화순2,2013-05-08,38.84
JW화순2,2013-05-09,38.82
JW화순2,2013-05-10,38.85
JW화순2,2013-05-11,38.87
JW화순2,2013-05-12,38.86
JW화순2,2013-05-13,38.86
JW화순2,2013-05-14,38.85
JW화순2,2013-05-15,38.85
JW화순2,2013-05-16,38.86
JW화순2,2013-05-17,38.86
JW화순2,2013-05-18,38.84
JW화순2,2013-05-19,38.86
JW화순2,2013-05-20,38.88
JW화순2,2013-05-21,38.88
JW화순2,2013-05-22,38.87
JW화순2,2013-05-23,38.87
JW화순2,2013-05-24,38.87
JW화순2,2013-05-25,38.88
JW화순2,2013-05-26,38.88
JW화순2,2013-05-27,38.86
JW화순2,2013-05-28,38.93
JW화순2,2013-05-29,39.0
JW화순2,2013-05-30,39.01
JW화순2,2013-05-31,39.05
JW화순2,2013-06-01,39.23
JW화순2,2013-06-02,39.43
JW화순2,2013-06-03,39.56
JW화순2,2013-06-04,39.61
JW화순2,2013-06-05,39.63
JW화순2,2013-06-06,39.62
JW화순2,2013-06-07,39.59
JW화순2,2013-06-08,39.59
JW화순2,2013-06-09,39.58
JW화순2,2013-06-10,39.57
JW화순2,2013-06-11,39.54
JW화순2,2013-06-12,39.54
JW화순2,2013-06-13,39.5
JW화순2,2013-06-14,39.48
JW화순2,2013-06-15,39.46
JW화순2,2013-06-16,39.43
JW화순2,2013-06-17,39.42
JW화순2,2013-06-18,39.41
JW화순2,2013-06-19,39.41
JW화순2,2013-06-20,39.41
JW화순2,2013-06-21,39.4
JW화순2,2013-06-22,39.37
JW화순2,2013-06-23,39.34
JW화순2,2013-06-24,39.33
JW화순2,2013-06-25,39.31
JW화순2,2013-06-26,39.4
JW화순2,2013-06-27,39.45
JW화순2,2013-06-28,39.45
JW화순2,2013-06-29,39.45
JW화순2,2013-06-30,39.43
JW화순2,2013-07-01,39.44
JW화순2,2013-07-02,39.44
JW화순2,2013-07-03,39.45
JW화순2,2013-07-04,39.44
JW화순2,2013-07-05,39.45
JW화순2,2013-07-06,39.43
JW화순2,2013-07-07,39.4
JW화순2,2013-07-08,39.36
JW화순2,2013-07-09,39.32
JW화순2,2013-07-10,39.27
JW화순2,2013-07-11,39.24
JW화순2,2013-07-12,39.19
JW화순2,2013-07-13,39.17
JW화순2,2013-07-14,39.13
JW화순2,2013-07-15,39.09
JW화순2,2013-07-16,39.06
JW화순2,2013-07-17,39.03
JW화순2,2013-07-18,39.01
JW화순2,2013-07-19,39.0
JW화순2,2013-07-20,38.97
JW화순2,2013-07-21,38.95
JW화순2,2013-07-22,38.95
JW화순2,2013-07-23,38.93
JW화순2,2013-07-24,38.91
JW화순2,2013-07-25,38.95
JW화순2,2013-07-26,38.97
JW화순2,2013-07-27,38.96
JW화순2,2013-07-28,38.95
JW화순2,2013-07-29,38.93
JW화순2,2013-07-30,38.91
JW화순2,2013-07-31,38.91
JW화순2,2013-08-01,38.93
JW화순2,2013-08-02,38.93
JW화순2,2013-08-03,38.92
JW화순2,2013-08-04,38.87
JW화순2,2013-08-05,38.87
JW화순2,2013-08-06,38.88
JW화순2,2013-08-07,38.89
JW화순2,2013-08-08,38.87
JW화순2,2013-08-09,38.87
JW화순2,2013-08-10,38.89
JW화순2,2013-08-11,38.9
JW화순2,2013-08-12,38.89
JW화순2,2013-08-13,38.88
JW화순2,2013-08-14,38.88
JW화순2,2013-08-15,38.86
JW화순2,2013-08-16,38.84
JW화순2,2013-08-18,38.81
JW화순2,2013-08-19,38.82
JW화순2,2013-08-20,38.81
JW화순2,2013-08-21,38.81
JW화순2,2013-08-22,38.83
JW화순2,2013-08-23,38.83
JW화순2,2013-08-24,38.82
JW화순2,2013-08-25,38.8
JW화순2,2013-08-26,38.81
JW화순2,2013-08-27,38.84
JW화순2,2013-08-28,38.83
JW화순2,2013-08-29,38.8
JW화순2,2013-08-30,38.8
JW화순2,2013-08-31,38.84
JW화순2,2013-09-01,38.85
JW화순2,2013-09-02,38.85
JW화순2,2013-09-03,38.83
JW화순2,2013-09-04,38.84
JW화순2,2013-09-05,38.84
JW화순2,2013-09-06,38.83
JW화순2,2013-09-07,38.83
JW화순2,2013-09-08,38.84
JW화순2,2013-09-09,38.82
JW화순2,2013-09-10,38.8
JW화순2,2013-09-11,38.8
JW화순2,2013-09-12,38.81
JW화순2,2013-09-13,38.78
JW화순2,2013-09-14,38.78
JW화순2,2013-09-15,38.78
JW화순2,2013-09-16,38.81
JW화순2,2013-09-17,38.8
JW화순2,2013-09-18,38.8
JW화순2,2013-09-19,38.79
JW화순2,2013-09-20,38.78
JW화순2,2013-09-21,38.76
JW화순2,2013-09-22,38.75
JW화순2,2013-09-23,38.76
JW화순2,2013-09-24,38.73
JW화순2,2013-09-25,38.73
JW화순2,2013-09-26,38.75
JW화순2,2013-09-27,38.75
JW화순2,2013-09-28,38.72
JW화순2,2013-09-29,38.74
JW화순2,2013-09-30,38.76
JW화순2,2013-10-01,38.76
JW화순2,2013-10-02,38.74
JW화순2,2013-10-03,38.77
JW화순2,2013-10-04,38.77
JW화순2,2013-10-05,38.76
JW화순2,2013-10-06,38.77
JW화순2,2013-10-07,38.74
JW화순2,2013-10-08,38.74
JW화순2,2013-10-09,38.76
JW화순2,2013-10-10,38.75
JW화순2,2013-10-11,38.76
JW화순2,2013-10-12,38.77
JW화순2,2013-10-13,38.78
JW화순2,2013-10-14,38.74
JW화순2,2013-10-15,38.72
JW화순2,2013-10-16,38.77
JW화순2,2013-10-17,38.8
JW화순2,2013-10-18,38.79
JW화순2,2013-10-19,38.76
JW화순2,2013-10-20,38.72
JW화순2,2013-10-21,38.74
JW화순2,2013-10-22,38.77
JW화순2,2013-10-23,38.76
JW화순2,2013-10-24,38.76
JW화순2,2013-10-25,38.76
JW화순2,2013-10-26,38.77
JW화순2,2013-10-27,38.76
JW화순2,2013-10-28,38.74
JW화순2,2013-10-29,38.74
JW화순2,2013-10-30,38.74
JW화순2,2013-10-31,38.74
JW화순2,2013-11-01,38.73
JW화순2,2013-11-02,38.72
JW화순2,2013-11-03,38.72
JW화순2,2013-11-04,38.73
JW화순2,2013-11-05,38.71
JW화순2,2013-11-06,38.7
JW화순2,2013-11-07,38.72
JW화순2,2013-11-08,38.72
JW화순2,2013-11-09,38.71
JW화순2,2013-11-10,38.74
JW화순2,2013-11-11,38.73
JW화순2,2013-11-12,38.73
JW화순2,2013-11-13,38.73
JW화순2,2013-11-14,38.72
JW화순2,2013-11-15,38.73
JW화순2,2013-11-16,38.72
JW화순2,2013-11-17,38.73
JW화순2,2013-11-18,38.73
JW화순2,2013-11-19,38.74
JW화순2,2013-11-20,38.74
JW화순2,2013-11-21,38.73
JW화순2,2013-11-22,38.73
JW화순2,2013-11-23,38.72
JW화순2,2013-11-24,38.69
JW화순2,2013-11-25,38.75
JW화순2,2013-11-26,38.74
JW화순2,2013-11-27,38.72
JW화순2,2013-11-28,38.72
JW화순2,2013-11-29,38.72
JW화순2,2013-11-30,38.72
JW화순2,2013-12-01,38.72
JW화순2,2013-12-02,38.72
JW화순2,2013-12-03,38.71
JW화순2,2013-12-04,38.71
JW화순2,2013-12-05,38.7
JW화순2,2013-12-06,38.71
JW화순2,2013-12-07,38.72
JW화순2,2013-12-08,38.7
JW화순2,2013-12-09,38.67
JW화순2,2013-12-10,38.72
JW화순2,2013-12-11,38.72
JW화순2,2013-12-12,38.71
JW화순2,2013-12-13,38.71
JW화순2,2013-12-14,38.71
JW화순2,2013-12-15,38.69
JW화순2,2013-12-16,38.68
JW화순2,2013-12-17,38.67
JW화순2,2013-12-18,38.69
JW화순2,2013-12-19,38.7
JW화순2,2013-12-20,38.69
JW화순2,2013-12-21,38.7
JW화순2,2013-12-22,38.68
JW화순2,2013-12-23,38.67
JW화순2,2013-12-24,38.68
JW화순2,2013-12-25,38.66
JW화순2,2013-12-26,38.66
JW화순2,2013-12-27,38.68
JW화순2,2013-12-28,38.67
JW화순2,2013-12-29,38.67
JW화순2,2013-12-30,38.64
JW화순2,2013-12-31,38.62
JW화순2,2014-01-01,38.62
JW화순2,2014-01-02,38.61
JW화순2,2014-01-03,38.59
JW화순2,2014-01-04,38.59
JW화순2,2014-01-05,38.59
JW화순2,2014-01-06,38.56
JW화순2,2014-01-07,38.54
JW화순2,2014-01-08,38.55
JW화순2,2014-01-09,38.57
JW화순2,2014-01-10,38.54
JW화순2,2014-01-11,38.52
JW화순2,2014-01-12,38.51
JW화순2,2014-01-13,38.52
JW화순2,2014-01-14,38.53
JW화순2,2014-01-15,38.52
JW화순2,2014-01-16,38.5
JW화순2,2014-01-17,38.51
JW화순2,2014-01-18,38.51
JW화순2,2014-01-19,38.51
JW화순2,2014-01-20,38.51
JW화순2,2014-01-21,38.53
JW화순2,2014-01-22,38.52
JW화순2,2014-01-23,38.5
JW화순2,2014-01-24,38.48
JW화순2,2014-01-25,38.48
JW화순2,2014-01-26,38.5
JW화순2,2014-01-27,38.47
JW화순2,2014-01-28,38.47
JW화순2,2014-01-29,38.45
JW화순2,2014-01-30,38.47
JW화순2,2014-01-31,38.47
JW화순2,2014-02-01,38.44
JW화순2,2014-02-02,38.45
JW화순2,2014-02-03,38.48
JW화순2,2014-02-04,38.47
JW화순2,2014-02-05,38.45
JW화순2,2014-02-06,38.43
JW화순2,2014-02-07,38.43
JW화순2,2014-02-08,38.46
JW화순2,2014-02-09,38.46
JW화순2,2014-02-10,38.45
JW화순2,2014-02-11,38.45
JW화순2,2014-02-12,38.45
JW화순2,2014-02-13,38.44
JW화순2,2014-02-14,38.42
JW화순2,2014-02-15,38.43
JW화순2,2014-02-16,38.44
JW화순2,2014-02-17,38.41
JW화순2,2014-02-18,38.44
JW화순2,2014-02-19,38.43
JW화순2,2014-02-20,38.44
JW화순2,2014-02-21,38.43
JW화순2,2014-02-22,38.42
JW화순2,2014-02-23,38.42
JW화순2,2014-02-24,38.4
JW화순2,2014-02-25,38.4
JW화순2,2014-02-26,38.38
JW화순2,2014-02-27,38.41
JW화순2,2014-02-28,38.4
JW화순2,2014-03-01,38.38
JW화순2,2014-03-02,38.41
JW화순2,2014-03-03,38.4
JW화순2,2014-03-04,38.36
JW화순2,2014-03-05,38.39
JW화순2,2014-03-06,38.4
JW화순2,2014-03-07,38.39
JW화순2,2014-03-08,38.35
JW화순2,2014-03-09,38.36
JW화순2,2014-03-10,38.38
JW화순2,2014-03-11,38.36
JW화순2,2014-03-12,38.33
JW화순2,2014-03-13,38.43
JW화순2,2014-03-14,38.44
JW화순2,2014-03-15,38.42
JW화순2,2014-03-16,38.41
JW화순2,2014-03-17,38.39
JW화순2,2014-03-18,38.4
JW화순2,2014-03-19,38.41
JW화순2,2014-03-20,38.42
JW화순2,2014-03-21,38.44
JW화순2,2014-03-22,38.43
JW화순2,2014-03-23,38.42
JW화순2,2014-03-24,38.38
JW화순2,2014-03-25,38.39
JW화순2,2014-03-26,38.41
JW화순2,2014-03-27,38.44
JW화순2,2014-03-28,38.41
JW화순2,2014-03-29,38.39
JW화순2,2014-03-30,38.47
JW화순2,2014-03-31,38.47
JW화순2,2014-04-01,38.46
JW화순2,2014-04-02,38.47
JW화순2,2014-04-03,38.45
JW화순2,2014-04-04,38.47
JW화순2,2014-04-05,38.47
JW화순2,2014-04-06,38.48
JW화순2,2014-04-07,38.45
JW화순2,2014-04-08,38.45
JW화순2,2014-04-09,38.45
JW화순2,2014-04-10,38.47
JW화순2,2014-04-11,38.47
JW화순2,2014-04-12,38.45
JW화순2,2014-04-13,38.46
JW화순2,2014-04-14,38.53
JW화순2,2014-04-15,38.55
JW화순2,2014-04-16,38.54
JW화순2,2014-04-17,38.54
JW화순2,2014-04-18,38.56
JW화순2,2014-04-19,38.55
JW화순2,2014-04-20,38.55
JW화순2,2014-04-21,38.55
JW화순2,2014-04-22,38.55
JW화순2,2014-04-23,38.55
JW화순2,2014-04-24,38.55
JW화순2,2014-04-25,38.54
JW화순2,2014-04-26,38.53
JW화순2,2014-04-27,38.52
JW화순2,2014-04-28,38.57
JW화순2,2014-04-29,38.6
JW화순2,2014-04-30,38.61
JW화순2,2014-05-01,38.61
JW화순2,2014-05-02,38.61
JW화순2,2014-05-03,38.62
JW화순2,2014-05-04,38.61
JW화순2,2014-05-05,38.64
JW화순2,2014-05-06,38.63
JW화순2,2014-05-07,38.63
JW화순2,2014-05-08,38.65
JW화순2,2014-05-09,38.65
JW화순2,2014-05-10,38.64
JW화순2,2014-05-11,38.63
JW화순2,2014-05-12,38.66
JW화순2,2014-05-13,38.65
JW화순2,2014-05-14,38.65
JW화순2,2014-05-15,38.67
JW화순2,2014-05-16,38.66
JW화순2,2014-05-17,38.65
JW화순2,2014-05-18,38.64
JW화순2,2014-05-19,38.64
JW화순2,2014-05-26,39.13
JW화순2,2014-05-27,39.19
JW화순2,2014-05-28,39.39
JW화순2,2014-05-29,39.7
JW화순2,2014-05-30,40.07
JW화순2,2014-05-31,40.34
JW화순2,2014-06-01,40.48
JW화순2,2014-06-02,40.53
JW화순2,2014-06-03,40.61
JW화순2,2014-06-04,40.59
JW화순2,2014-06-05,40.54
JW화순2,2014-06-06,40.47
JW화순2,2014-06-07,40.42
JW화순2,2014-06-08,40.35
JW화순2,2014-06-09,40.27
JW화순2,2014-06-10,40.18
JW화순2,2014-06-11,40.1
JW화순2,2014-06-12,40.03
JW화순2,2014-06-13,39.94
JW화순2,2014-06-14,39.85
JW화순2,2014-06-15,39.77
JW화순2,2014-06-16,39.69
JW화순2,2014-06-17,39.67
JW화순2,2014-06-18,39.73
JW화순2,2014-06-19,39.66
JW화순2,2014-06-20,39.63
JW화순2,2014-06-21,39.62
JW화순2,2014-06-22,39.6
JW화순2,2014-06-23,39.58
JW화순2,2014-06-24,39.55
JW화순2,2014-06-25,39.52
JW화순2,2014-06-26,39.48
JW화순2,2014-06-27,39.45
JW화순2,2014-06-28,39.39
JW화순2,2014-06-29,39.31
JW화순2,2014-06-30,39.23
JW화순2,2014-07-01,39.17
JW화순2,2014-07-02,39.13
JW화순2,2014-07-03,39.12
JW화순2,2014-07-04,39.08
JW화순2,2014-07-05,39.03
JW화순2,2014-07-06,39.47
JW화순2,2014-07-07,39.97
JW화순2,2014-07-08,39.98
JW화순2,2014-07-09,40.48
JW화순2,2014-07-10,41.27
JW화순2,2014-07-11,41.74
JW화순2,2014-07-12,41.99
JW화순2,2014-07-13,42.16
JW화순2,2014-07-14,42.27
JW화순2,2014-07-15,42.27
JW화순2,2014-07-16,42.37
JW화순2,2014-07-17,42.47
JW화순2,2014-07-18,42.54
JW화순2,2014-07-19,42.61
JW화순2,2014-07-20,42.69
JW화순2,2014-07-21,42.73
JW화순2,2014-07-22,42.71
JW화순2,2014-07-23,42.65
JW화순2,2014-07-24,42.56
JW화순2,2014-07-25,42.42
JW화순2,2014-07-26,42.25
JW화순2,2014-07-27,42.06
JW화순2,2014-07-28,41.88
JW화순2,2014-07-29,41.7
JW화순2,2014-07-30,41.5
JW화순2,2014-07-31,41.32
JW화순2,2014-08-01,41.18
JW화순2,2014-08-02,41.17
JW화순2,2014-08-03,41.25
JW화순2,2014-08-04,41.23
JW화순2,2014-08-05,41.27
JW화순2,2014-08-06,41.36
JW화순2,2014-08-07,41.54
JW화순2,2014-08-08,41.66
JW화순2,2014-08-09,41.71
JW화순2,2014-08-10,41.72
JW화순2,2014-08-11,41.66
JW화순2,2014-08-12,41.56
JW화순2,2014-08-13,41.45
JW화순2,2014-08-14,41.33
JW화순2,2014-08-15,41.22
JW화순2,2014-08-16,41.1
JW화순2,2014-08-17,40.97
JW화순2,2014-08-18,40.87
JW화순2,2014-08-19,40.76
JW화순2,2014-08-20,40.9
JW화순2,2014-08-21,41.99
JW화순2,2014-08-22,42.29
JW화순2,2014-08-23,42.88
JW화순2,2014-08-24,43.38
JW화순2,2014-08-25,43.62
JW화순2,2014-08-26,43.64
JW화순2,2014-08-27,43.54
JW화순2,2014-08-28,43.4
JW화순2,2014-08-29,43.26
JW화순2,2014-08-30,43.11
JW화순2,2014-08-31,42.95
JW화순2,2014-09-01,42.78
JW화순2,2014-09-02,42.6
JW화순2,2014-09-03,42.43
JW화순2,2014-09-04,42.24
JW화순2,2014-09-05,42.03
JW화순2,2014-09-06,41.84
JW화순2,2014-09-07,41.66
JW화순2,2014-09-08,41.5
JW화순2,2014-09-09,41.33
JW화순2,2014-09-10,41.17
JW화순2,2014-09-11,41.0
JW화순2,2014-09-12,40.83
JW화순2,2014-09-13,40.69
JW화순2,2014-09-14,40.55
JW화순2,2014-09-15,40.41
JW화순2,2014-09-16,40.28
JW화순2,2014-09-17,40.17
JW화순2,2014-09-18,40.08
JW화순2,2014-09-19,40.0
JW화순2,2014-09-20,39.94
JW화순2,2014-09-21,39.86
JW화순2,2014-09-22,39.79
JW화순2,2014-09-23,39.75
JW화순2,2014-09-24,39.74
JW화순2,2014-09-25,39.72
JW화순2,2014-09-26,39.68
JW화순2,2014-09-27,39.64
JW화순2,2014-09-28,39.61
JW화순2,2014-09-29,39.59
JW화순2,2014-09-30,39.57
JW화순2,2014-10-01,39.55
JW화순2,2014-10-02,39.52
JW화순2,2014-10-03,39.49
JW화순2,2014-10-04,39.45
JW화순2,2014-10-05,39.43
JW화순2,2014-10-06,39.4
JW화순2,2014-10-07,39.35
JW화순2,2014-10-08,39.31
JW화순2,2014-10-09,39.29
JW화순2,2014-10-10,39.25
JW화순2,2014-10-11,39.21
JW화순2,2014-10-12,39.2
JW화순2,2014-10-13,39.19
JW화순2,2014-10-14,39.16
JW화순2,2014-10-15,39.13
JW화순2,2014-10-16,39.11
JW화순2,2014-10-17,39.1
JW화순2,2014-10-18,39.09
JW화순2,2014-10-19,39.08
JW화순2,2014-10-20,39.07
JW화순2,2014-10-21,39.06
JW화순2,2014-10-22,39.05
JW화순2,2014-10-23,39.04
JW화순2,2014-10-24,39.04
JW화순2,2014-10-25,39.03
JW화순2,2014-10-26,39.03
JW화순2,2014-10-27,39.03
JW화순2,2014-10-28,39.02
JW화순2,2014-10-29,39.01
JW화순2,2014-10-30,39.01
JW화순2,2014-10-31,39.02
JW화순2,2014-11-01,39.02
JW화순2,2014-11-02,39.01
JW화순2,2014-11-03,39.02
JW화순2,2014-11-04,39.02
JW화순2,2014-11-05,39.01
JW화순2,2014-11-06,39.01
JW화순2,2014-11-07,39.01
JW화순2,2014-11-08,39.01
JW화순2,2014-11-09,39.01
JW화순2,2014-11-10,39.01
JW화순2,2014-11-11,39.01
JW화순2,2014-11-12,39.01
JW화순2,2014-11-13,39.0
JW화순2,2014-11-14,39.0
JW화순2,2014-11-15,39.0
JW화순2,2014-11-16,39.0
JW화순2,2014-11-17,39.0
JW화순2,2014-11-18,38.99
JW화순2,2014-11-19,38.99
JW화순2,2014-11-20,38.99
JW화순2,2014-11-21,38.99
JW화순2,2014-11-22,38.99
JW화순2,2014-11-23,38.98
JW화순2,2014-11-24,38.99
JW화순2,2014-11-25,38.99
JW화순2,2014-11-26,38.99
JW화순2,2014-11-27,38.98
JW화순2,2014-11-28,38.99
JW화순2,2014-11-29,38.98
JW화순2,2014-11-30,38.99
JW화순2,2014-12-01,38.99
JW화순2,2014-12-02,38.98
JW화순2,2014-12-03,38.98
JW화순2,2014-12-04,38.98
JW화순2,2014-12-05,38.98
JW화순2,2014-12-06,38.98
JW화순2,2014-12-07,38.98
JW화순2,2014-12-08,38.98
JW화순2,2014-12-09,38.98
JW화순2,2014-12-10,38.98
JW화순2,2014-12-11,38.99
JW화순2,2014-12-12,38.98
JW화순2,2014-12-13,38.98
JW화순2,2014-12-14,38.98
JW화순2,2014-12-15,38.98
JW화순2,2014-12-16,38.99
JW화순2,2014-12-17,38.98
JW화순2,2014-12-18,38.97
JW화순2,2014-12-19,38.97
JW화순2,2014-12-20,38.98
JW화순2,2014-12-21,38.97
JW화순2,2014-12-22,38.97
JW화순2,2014-12-23,38.97
JW화순2,2014-12-24,38.96
JW화순2,2014-12-25,38.97
JW화순2,2014-12-26,38.96
JW화순2,2014-12-27,38.96
JW화순2,2014-12-28,38.97
JW화순2,2014-12-29,38.97
JW화순2,2014-12-30,38.96
JW화순2,2014-12-31,38.96
JW화순2,2015-01-01,38.96
JW화순2,2015-01-02,38.96
JW화순2,2015-01-03,38.96
JW화순2,2015-01-04,38.96
JW화순2,2015-01-05,38.96
JW화순2,2015-01-06,38.96
JW화순2,2015-01-07,38.95
JW화순2,2015-01-08,38.94
JW화순2,2015-01-09,38.94
JW화순2,2015-01-10,38.93
JW화순2,2015-01-11,38.93
JW화순2,2015-01-12,38.92
JW화순2,2015-01-13,38.92
JW화순2,2015-01-14,38.93
JW화순2,2015-01-15,38.93
JW화순2,2015-01-16,38.93
JW화순2,2015-01-17,38.92
JW화순2,2015-01-18,38.92
JW화순2,2015-01-19,38.93
JW화순2,2015-01-20,38.92
JW화순2,2015-01-21,38.93
JW화순2,2015-01-22,38.93
JW화순2,2015-01-23,38.92
JW화순2,2015-01-24,38.92
JW화순2,2015-01-25,38.92
JW화순2,2015-01-26,38.93
JW화순2,2015-01-27,38.92
JW화순2,2015-01-28,38.92
JW화순2,2015-01-29,38.92
JW화순2,2015-01-30,38.92
JW화순2,2015-01-31,38.91
JW화순2,2015-02-01,38.91
JW화순2,2015-02-02,38.91
JW화순2,2015-02-03,38.91
JW화순2,2015-02-04,38.91
JW화순2,2015-02-05,38.91
JW화순2,2015-02-06,38.91
JW화순2,2015-02-07,38.91
JW화순2,2015-02-08,38.91
JW화순2,2015-02-09,38.9
JW화순2,2015-02-10,38.9
JW화순2,2015-02-11,38.91
JW화순2,2015-02-12,38.91
JW화순2,2015-02-13,38.9
JW화순2,2015-02-14,38.89
JW화순2,2015-02-15,38.89
JW화순2,2015-02-16,38.92
JW화순2,2015-02-17,38.92
JW화순2,2015-02-18,38.91
JW화순2,2015-02-19,38.91
JW화순2,2015-02-20,38.91
JW화순2,2015-02-21,38.92
JW화순2,2015-02-22,38.94
JW화순2,2015-02-23,38.95
JW화순2,2015-02-24,38.95
JW화순2,2015-02-25,38.95
JW화순2,2015-02-26,38.95
JW화순2,2015-02-27,38.93
JW화순2,2015-02-28,38.94
JW화순2,2015-03-01,38.94
JW화순2,2015-03-02,38.94
JW화순2,2015-03-03,38.95
JW화순2,2015-03-04,38.95
JW화순2,2015-03-05,38.94
JW화순2,2015-03-06,38.95
JW화순2,2015-03-07,38.95
JW화순2,2015-03-08,38.94
JW화순2,2015-03-09,38.94
JW화순2,2015-03-10,38.94
JW화순2,2015-03-11,38.93
JW화순2,2015-03-12,38.93
JW화순2,2015-03-13,38.93
JW화순2,2015-03-14,38.93
JW화순2,2015-03-15,38.92
JW화순2,2015-03-16,38.92
JW화순2,2015-03-17,38.92
JW화순2,2015-03-18,38.97
JW화순2,2015-03-19,39.04
JW화순2,2015-03-20,39.02
JW화순2,2015-03-21,39.03
JW화순2,2015-03-22,39.08
JW화순2,2015-03-23,39.19
JW화순2,2015-03-24,39.35
JW화순2,2015-03-25,39.47
JW화순2,2015-03-26,39.51
JW화순2,2015-03-27,39.52
JW화순2,2015-03-28,39.51
JW화순2,2015-03-29,39.47
JW화순2,2015-03-30,39.42
JW화순2,2015-03-31,39.38
JW화순2,2015-04-01,39.37
JW화순2,2015-04-02,39.36
JW화순2,2015-04-03,39.36
JW화순2,2015-04-04,39.34
JW화순2,2015-04-05,39.33
JW화순2,2015-04-06,39.37
JW화순2,2015-04-07,39.45
JW화순2,2015-04-08,39.47
JW화순2,2015-04-09,39.51
JW화순2,2015-04-10,39.58
JW화순2,2015-04-11,39.62
JW화순2,2015-04-12,39.65
JW화순2,2015-04-13,39.68
JW화순2,2015-04-14,39.71
JW화순2,2015-04-15,39.72
JW화순2,2015-04-16,39.71
JW화순2,2015-04-17,39.7
JW화순2,2015-04-18,39.69
JW화순2,2015-04-19,39.98
JW화순2,2015-04-20,40.45
JW화순2,2015-04-21,40.62
JW화순2,2015-04-22,41.17
JW화순2,2015-04-23,41.77
JW화순2,2015-04-24,42.14
JW화순2,2015-04-25,42.28
JW화순2,2015-04-26,42.25
JW화순2,2015-04-27,42.14
JW화순2,2015-04-28,42.04
JW화순2,2015-04-29,41.92
JW화순2,2015-04-30,41.78
JW화순2,2015-05-01,41.61
JW화순2,2015-05-02,41.47
JW화순2,2015-05-03,42.28
JW화순2,2015-05-04,42.85
JW화순2,2015-05-05,43.16
JW화순2,2015-05-06,43.65
JW화순2,2015-05-07,43.96
JW화순2,2015-05-08,44.03
JW화순2,2015-05-09,43.95
JW화순2,2015-05-10,43.77
JW화순2,2015-05-11,43.7
JW화순2,2015-05-12,45.82
JW화순2,2015-05-13,46.67
JW화순2,2015-05-14,47.84
JW화순2,2015-05-15,48.41
JW화순2,2015-05-16,48.38
JW화순2,2015-05-17,48.05
JW화순2,2015-05-18,47.66
JW화순2,2015-05-19,47.27
JW화순2,2015-05-20,46.83
JW화순2,2015-05-21,46.36
JW화순2,2015-05-22,45.91
JW화순2,2015-05-23,45.51
JW화순2,2015-05-24,45.13
JW화순2,2015-05-25,44.74
JW화순2,2015-05-26,44.34
JW화순2,2015-05-27,43.99
JW화순2,2015-05-28,43.71
JW화순2,2015-05-29,43.46
JW화순2,2015-05-30,43.25
JW화순2,2015-05-31,43.03
JW화순2,2015-06-01,42.81
JW화순2,2015-06-04,41.92
JW화순2,2015-06-05,41.8
JW화순2,2015-06-06,41.62
JW화순2,2015-06-07,41.42
JW화순2,2015-06-08,41.27
JW화순2,2015-06-09,41.13
JW화순2,2015-06-10,40.97
JW화순2,2015-06-11,40.84
JW화순2,2015-06-12,40.7
JW화순2,2015-06-13,40.55
JW화순2,2015-06-14,40.41
JW화순2,2015-06-15,40.28
JW화순2,2015-06-16,40.18
JW화순2,2015-06-17,40.1
JW화순2,2015-06-18,40.04
JW화순2,2015-06-19,39.95
JW화순2,2015-06-20,39.87
JW화순2,2015-06-21,39.8
JW화순2,2015-06-22,39.74
JW화순2,2015-06-23,39.69
JW화순2,2015-06-24,39.66
JW화순2,2015-06-25,39.74
JW화순2,2015-06-26,39.8
JW화순2,2015-06-27,39.79
JW화순2,2015-06-28,39.77
JW화순2,2015-06-29,39.78
JW화순2,2015-06-30,39.86
JW화순2,2015-07-01,40.39
JW화순2,2015-07-02,40.53
JW화순2,2015-07-03,40.62
JW화순2,2015-07-04,40.81
JW화순2,2015-07-05,41.0
JW화순2,2015-07-06,41.13
JW화순2,2015-07-07,41.22
JW화순2,2015-07-08,41.7
JW화순2,2015-07-09,42.12
JW화순2,2015-07-10,42.34
JW화순2,2015-07-11,42.72
JW화순2,2015-07-12,43.87
JW화순2,2015-07-13,45.39
JW화순2,2015-07-14,46.57
JW화순2,2015-07-15,47.54
JW화순2,2015-07-16,47.82
JW화순2,2015-07-17,47.71
JW화순2,2015-07-18,47.44
JW화순2,2015-07-19,47.1
JW화순2,2015-07-20,46.7
JW화순2,2015-07-21,46.28
JW화순2,2015-07-22,45.85
JW화순2,2015-07-23,45.44
JW화순2,2015-07-24,45.05
JW화순2,2015-07-25,44.65
JW화순2,2015-07-26,44.27
JW화순2,2015-07-27,43.89
JW화순2,2015-07-28,43.59
JW화순2,2015-07-29,43.33
JW화순2,2015-07-30,43.09
JW화순2,2015-07-31,42.85
JW화순2,2015-08-01,42.61
JW화순2,2015-08-02,42.37
JW화순2,2015-08-03,42.14
JW화순2,2015-08-04,41.92
JW화순2,2015-08-05,41.7
JW화순2,2015-08-06,41.5
JW화순2,2015-08-07,41.31
JW화순2,2015-08-08,41.12
JW화순2,2015-08-09,40.96
JW화순2,2015-08-10,40.8
JW화순2,2015-08-11,40.66
JW화순2,2015-08-12,40.61
JW화순2,2015-08-13,40.52
JW화순2,2015-08-14,40.41
JW화순2,2015-08-15,40.32
JW화순2,2015-08-16,40.25
JW화순2,2015-08-17,40.27
JW화순2,2015-08-18,40.19
JW화순2,2015-08-19,40.12
JW화순2,2015-08-20,40.06
JW화순2,2015-08-21,40.06
JW화순2,2015-08-22,40.08
JW화순2,2015-08-23,40.05
JW화순2,2015-08-24,40.03
JW화순2,2015-08-25,40.03
JW화순2,2015-08-26,39.98
JW화순2,2015-08-27,39.92
JW화순2,2015-08-28,39.87
JW화순2,2015-08-29,39.82
JW화순2,2015-08-30,39.77
JW화순2,2015-08-31,39.73
JW화순2,2015-09-01,39.7
JW화순2,2015-09-02,39.66
JW화순2,2015-09-03,39.63
JW화순2,2015-09-04,39.6
JW화순2,2015-09-05,39.57
JW화순2,2015-09-06,39.56
JW화순2,2015-09-07,39.52
JW화순2,2015-09-08,39.46
JW화순2,2015-09-09,39.41
JW화순2,2015-09-10,39.37
JW화순2,2015-09-11,39.33
JW화순2,2015-09-12,39.3
JW화순2,2015-09-13,39.27
JW화순2,2015-09-14,39.21
JW화순2,2015-09-15,39.19
JW화순2,2015-09-16,39.18
JW화순2,2015-09-17,39.18
JW화순2,2015-09-18,39.16
JW화순2,2015-09-19,39.14
JW화순2,2015-09-20,39.12
JW화순2,2015-09-21,39.11
JW화순2,2015-09-22,39.09
JW화순2,2015-09-23,39.1
JW화순2,2015-09-24,39.16
JW화순2,2015-09-25,39.15
JW화순2,2015-09-26,39.14
JW화순2,2015-09-27,39.14
JW화순2,2015-09-28,39.13
JW화순2,2015-09-29,39.12
JW화순2,2015-09-30,39.13
JW화순2,2015-10-01,39.32
JW화순2,2015-10-02,39.49
JW화순2,2015-10-03,39.52
JW화순2,2015-10-04,39.55
JW화순2,2015-10-05,39.62
JW화순2,2015-10-06,39.7
JW화순2,2015-10-07,39.76
JW화순2,2015-10-08,39.79
JW화순2,2015-10-09,39.79
JW화순2,2015-10-10,39.76
JW화순2,2015-10-11,39.73
JW화순2,2015-10-12,39.69
JW화순2,2015-10-13,39.66
JW화순2,2015-10-14,39.63
JW화순2,2015-10-15,39.6
JW화순2,2015-10-16,39.56
JW화순2,2015-10-17,39.53
JW화순2,2015-10-18,39.48
JW화순2,2015-10-19,39.44
JW화순2,2015-10-20,39.4
JW화순2,2015-10-21,39.36
JW화순2,2015-10-22,39.32
JW화순2,2015-10-23,39.29
JW화순2,2015-10-24,39.25
JW화순2,2015-10-25,39.22
JW화순2,2015-10-26,39.2
JW화순2,2015-10-27,39.19
JW화순2,2015-10-28,39.17
JW화순2,2015-10-29,39.14
JW화순2,2015-10-30,39.12
JW화순2,2015-10-31,39.1
JW화순2,2015-11-01,39.09
JW화순2,2015-11-02,39.08
JW화순2,2015-11-03,39.06
JW화순2,2015-11-04,39.05
JW화순2,2015-11-05,39.04
JW화순2,2015-11-06,39.04
JW화순2,2015-11-07,39.04
JW화순2,2015-11-08,39.04
JW화순2,2015-11-09,39.04
JW화순2,2015-11-10,39.04
JW화순2,2015-11-11,39.03
JW화순2,2015-11-12,39.03
JW화순2,2015-11-13,39.03
JW화순2,2015-11-14,39.04
JW화순2,2015-11-15,39.04
JW화순2,2015-11-16,39.04
JW화순2,2015-11-17,39.04
JW화순2,2015-11-18,39.04
JW화순2,2015-11-19,39.04
JW화순2,2015-11-20,39.04
JW화순2,2015-11-21,39.03
JW화순2,2015-11-22,39.03
JW화순2,2015-11-23,39.03
JW화순2,2015-11-24,39.03
JW화순2,2015-11-25,39.03
JW화순2,2015-11-26,39.04
JW화순2,2015-11-27,39.03
JW화순2,2015-11-28,39.03
JW화순2,2015-11-29,39.03
JW화순2,2015-11-30,39.03
JW화순2,2015-12-01,39.03
JW화순2,2015-12-02,39.03
JW화순2,2015-12-03,39.03
JW화순2,2015-12-04,39.02
JW화순2,2015-12-05,39.02
JW화순2,2015-12-06,39.02
JW화순2,2015-12-07,39.01
JW화순2,2015-12-08,39.01
JW화순2,2015-12-09,39.01
JW화순2,2015-12-10,39.02
JW화순2,2015-12-11,39.03
JW화순2,2015-12-12,39.03
JW화순2,2015-12-13,39.03
JW화순2,2015-12-14,39.04
JW화순2,2015-12-15,39.04
JW화순2,2015-12-16,39.05
JW화순2,2015-12-17,39.05
JW화순2,2015-12-18,39.04
JW화순2,2015-12-19,39.04
JW화순2,2015-12-20,39.05
JW화순2,2015-12-21,39.05
JW화순2,2015-12-22,39.05
JW화순2,2015-12-23,39.06
JW화순2,2015-12-24,39.07
JW화순2,2015-12-25,39.06
JW화순2,2015-12-26,39.06
JW화순2,2015-12-27,39.06
JW화순2,2015-12-28,39.05
JW화순2,2015-12-29,39.05
JW화순2,2015-12-30,39.04
JW화순2,2015-12-31,39.04
JW화순2,2016-01-01,39.04
JW화순2,2016-01-02,39.04
JW화순2,2016-01-03,39.04
JW화순2,2016-01-04,39.04
JW화순2,2016-01-05,39.03
JW화순2,2016-01-06,39.03
JW화순2,2016-01-07,39.03
JW화순2,2016-01-08,39.03
JW화순2,2016-01-09,39.02
JW화순2,2016-01-10,39.02
JW화순2,2016-01-11,39.02
JW화순2,2016-01-12,39.02
JW화순2,2016-01-13,39.02
JW화순2,2016-01-14,39.01
JW화순2,2016-01-15,39.01
JW화순2,2016-01-16,39.01
JW화순2,2016-01-17,39.01
JW화순2,2016-01-18,39.01
JW화순2,2016-01-19,39.0
JW화순2,2016-01-20,38.99
JW화순2,2016-01-21,38.99
JW화순2,2016-01-22,38.99
JW화순2,2016-01-23,38.99
JW화순2,2016-01-24,38.99
JW화순2,2016-01-25,38.98
JW화순2,2016-01-26,38.98
JW화순2,2016-01-27,38.98
JW화순2,2016-01-28,38.98
JW화순2,2016-01-29,38.99
JW화순2,2016-01-30,38.99
JW화순2,2016-01-31,38.99
JW화순2,2016-02-01,38.99
JW화순2,2016-02-02,38.99
JW화순2,2016-02-03,38.99
JW화순2,2016-02-04,38.99
JW화순2,2016-02-05,38.99
JW화순2,2016-02-06,38.99
JW화순2,2016-02-07,38.99
JW화순2,2016-02-08,38.99
JW화순2,2016-02-09,38.99
JW화순2,2016-02-10,38.98
JW화순2,2016-02-11,38.98
JW화순2,2016-02-12,38.99
JW화순2,2016-02-13,39.09
JW화순2,2016-02-14,39.26
JW화순2,2016-02-15,39.33
JW화순2,2016-02-16,39.53
JW화순2,2016-02-17,39.82
JW화순2,2016-02-18,40.14
JW화순2,2016-02-19,40.32
JW화순2,2016-02-20,40.38
JW화순2,2016-02-21,40.33
JW화순2,2016-02-22,40.25
JW화순2,2016-02-23,40.18
JW화순2,2016-02-24,40.1
JW화순2,2016-02-25,40.0
JW화순2,2016-02-26,39.94
JW화순2,2016-02-27,39.87
JW화순2,2016-02-28,39.8
JW화순2,2016-02-29,39.75
JW화순2,2016-03-01,39.7
JW화순2,2016-03-02,39.67
JW화순2,2016-03-03,39.64
JW화순2,2016-03-04,39.62
JW화순2,2016-03-05,39.59
JW화순2,2016-03-06,39.78
JW화순2,2016-03-07,39.9
JW화순2,2016-03-08,39.94
JW화순2,2016-03-09,40.11
JW화순2,2016-03-10,40.32
JW화순2,2016-03-11,40.48
JW화순2,2016-03-12,40.59
JW화순2,2016-03-13,40.63
JW화순2,2016-03-14,40.65
JW화순2,2016-03-15,40.6
JW화순2,2016-03-16,40.54
JW화순2,2016-03-17,40.47
JW화순2,2016-03-18,40.44
JW화순2,2016-03-19,40.4
JW화순2,2016-03-20,40.31
JW화순2,2016-03-21,40.22
JW화순2,2016-03-22,40.15
JW화순2,2016-03-23,40.09
JW화순2,2016-03-24,40.01
JW화순2,2016-03-25,39.93
JW화순2,2016-03-26,39.87
JW화순2,2016-03-27,39.8
JW화순2,2016-03-28,39.75
JW화순2,2016-03-29,39.7
JW화순2,2016-03-30,39.67
JW화순2,2016-03-31,39.64
JW화순2,2016-04-01,39.62
JW화순2,2016-04-02,39.58
JW화순2,2016-04-03,39.55
JW화순2,2016-04-04,39.55
JW화순2,2016-04-05,39.52
JW화순2,2016-04-06,39.47
JW화순2,2016-04-07,39.51
JW화순2,2016-04-08,39.53
JW화순2,2016-04-09,39.51
JW화순2,2016-04-11,39.37
JW화순2,2016-04-12,39.35
JW화순2,2016-04-13,39.41
JW화순2,2016-04-14,39.49
JW화순2,2016-04-15,39.47
JW화순2,2016-04-16,39.48
JW화순2,2016-04-17,39.58
JW화순2,2016-04-18,39.61
JW화순2,2016-04-19,39.64
JW화순2,2016-04-20,39.7
JW화순2,2016-04-21,39.84
JW화순2,2016-04-22,39.98
JW화순2,2016-04-23,40.04
JW화순2,2016-04-24,40.09
JW화순2,2016-04-25,40.11
JW화순2,2016-04-26,40.14
JW화순2,2016-04-27,40.18
JW화순2,2016-04-28,40.19
JW화순2,2016-04-29,40.14
JW화순2,2016-04-30,40.09
JW화순2,2016-05-01,40.05
JW화순2,2016-05-02,40.0
JW화순2,2016-05-03,40.28
JW화순2,2016-05-04,40.6
JW화순2,2016-05-05,40.69
JW화순2,2016-05-06,41.0
JW화순2,2016-05-07,41.38
JW화순2,2016-05-08,41.62
JW화순2,2016-05-09,41.79
JW화순2,2016-05-10,41.94
JW화순2,2016-05-11,42.13
JW화순2,2016-05-12,42.15
JW화순2,2016-05-13,42.12
JW화순2,2016-05-14,42.08
JW화순2,2016-05-15,42.08
JW화순2,2016-05-16,42.08
JW화순2,2016-05-17,41.98
JW화순2,2016-05-18,41.87
JW화순2,2016-05-19,41.74
JW화순2,2016-05-20,41.61
JW화순2,2016-05-21,41.48
JW화순2,2016-05-22,41.36
JW화순2,2016-05-23,41.25
JW화순2,2016-05-24,41.14
JW화순2,2016-05-25,41.03
JW화순2,2016-05-26,40.9
JW화순2,2016-05-27,40.78
JW화순2,2016-05-28,40.68
JW화순2,2016-05-29,40.61
JW화순2,2016-05-30,40.52
JW화순2,2016-05-31,40.41
JW화순2,2016-06-01,40.33
JW화순2,2016-06-02,40.23
JW화순2,2016-06-03,40.13
JW화순2,2016-06-04,40.05
JW화순2,2016-06-05,39.97
JW화순2,2016-06-06,39.88
JW화순2,2016-06-07,39.81
JW화순2,2016-06-08,39.75
JW화순2,2016-06-09,39.68
JW화순2,2016-06-10,39.63
JW화순2,2016-06-11,39.59
JW화순2,2016-06-12,39.57
JW화순2,2016-06-13,39.54
JW화순2,2016-06-14,39.51
JW화순2,2016-06-15,39.46
JW화순2,2016-06-16,39.43
JW화순2,2016-06-17,39.36
JW화순2,2016-06-18,39.29
JW화순2,2016-06-19,39.26
JW화순2,2016-06-20,39.24
JW화순2,2016-06-21,39.27
JW화순2,2016-06-22,39.57
JW화순2,2016-06-23,40.27
JW화순2,2016-06-24,40.35
JW화순2,2016-06-25,40.85
JW화순2,2016-06-26,41.38
JW화순2,2016-06-27,41.68
JW화순2,2016-06-28,41.81
JW화순2,2016-06-29,42.09
JW화순2,2016-06-30,42.41
JW화순2,2016-07-01,42.44
JW화순2,2016-07-02,42.56
JW화순2,2016-07-03,42.68
JW화순2,2016-07-04,42.75
JW화순2,2016-07-05,42.74
JW화순2,2016-07-06,42.68
JW화순2,2016-07-07,42.59
JW화순2,2016-07-08,42.48
JW화순2,2016-07-09,42.36
JW화순2,2016-07-10,42.22
JW화순2,2016-07-11,42.07
JW화순2,2016-07-12,42.06
JW화순2,2016-07-13,43.29
JW화순2,2016-07-14,43.52
JW화순2,2016-07-15,44.19
JW화순2,2016-07-16,44.87
JW화순2,2016-07-17,45.07
JW화순2,2016-07-18,44.98
JW화순2,2016-07-19,44.79
JW화순2,2016-07-20,44.55
JW화순2,2016-07-21,44.29
JW화순2,2016-07-22,44.03
JW화순2,2016-07-23,43.78
JW화순2,2016-07-24,43.55
JW화순2,2016-07-25,43.33
JW화순2,2016-07-26,43.13
JW화순2,2016-07-27,42.93
JW화순2,2016-07-28,42.71
JW화순2,2016-07-29,42.48
JW화순2,2016-07-30,42.24
JW화순2,2016-07-31,42.02
JW화순2,2016-08-01,41.8
JW화순2,2016-08-02,41.59
JW화순2,2016-08-03,41.39
JW화순2,2016-08-04,41.24
JW화순2,2016-08-05,41.15
JW화순2,2016-08-06,41.0
JW화순2,2016-08-07,40.89
JW화순2,2016-08-08,40.77
JW화순2,2016-08-09,40.65
JW화순2,2016-08-10,40.51
JW화순2,2016-08-11,40.39
JW화순2,2016-08-12,40.28
JW화순2,2016-08-13,40.18
JW화순2,2016-08-14,40.09
JW화순2,2016-08-15,40.0
JW화순2,2016-08-16,39.92
JW화순2,2016-08-17,39.84
JW화순2,2016-08-18,39.77
JW화순2,2016-08-19,39.7
JW화순2,2016-08-20,39.66
JW화순2,2016-08-21,39.63
JW화순2,2016-08-22,39.59
JW화순2,2016-08-23,39.55
JW화순2,2016-08-24,39.51
JW화순2,2016-08-25,39.46
JW화순2,2016-08-26,39.41
JW화순2,2016-08-27,39.35
JW화순2,2016-08-28,39.32
JW화순2,2016-08-29,39.28
JW화순2,2016-08-30,39.25
JW화순2,2016-08-31,39.22
JW화순2,2016-09-01,39.19
JW화순2,2016-09-02,39.18
JW화순2,2016-09-03,39.18
JW화순2,2016-09-04,39.16
JW화순2,2016-09-05,39.14
JW화순2,2016-09-06,39.12
JW화순2,2016-09-07,39.11
JW화순2,2016-09-08,39.1
JW화순2,2016-09-09,39.07
JW화순2,2016-09-10,39.05
JW화순2,2016-09-11,39.03
JW화순2,2016-09-12,39.02
JW화순2,2016-09-13,39.0
JW화순2,2016-09-14,38.99
JW화순2,2016-09-15,38.98
JW화순2,2016-09-16,38.98
JW화순2,2016-09-17,38.98
JW화순2,2016-09-18,38.98
JW화순2,2016-09-19,38.97
JW화순2,2016-09-20,38.97
JW화순2,2016-09-21,38.95
JW화순2,2016-09-22,38.95
JW화순2,2016-09-23,38.94
JW화순2,2016-09-24,38.94
JW화순2,2016-09-25,38.93
JW화순2,2016-09-26,38.93
JW화순2,2016-09-27,38.93
JW화순2,2016-09-28,38.94
JW화순2,2016-09-29,38.94
JW화순2,2016-09-30,38.94
JW화순2,2016-10-01,38.94
JW화순2,2016-10-02,38.94
JW화순2,2016-10-03,38.93
JW화순2,2016-10-04,38.94
JW화순2,2016-10-05,39.0
JW화순2,2016-10-06,39.05
JW화순2,2016-10-07,39.04
JW화순2,2016-10-08,39.11
JW화순2,2016-10-09,39.27
JW화순2,2016-10-10,39.44
JW화순2,2016-10-11,39.54
JW화순2,2016-10-12,39.56
JW화순2,2016-10-13,39.55
JW화순2,2016-10-14,39.53
JW화순2,2016-10-15,39.49
JW화순2,2016-10-16,39.45
JW화순2,2016-10-17,39.4
JW화순2,2016-10-18,39.33
JW화순2,2016-10-19,39.28
JW화순2,2016-10-20,39.23
JW화순2,2016-10-21,39.2
JW화순2,2016-10-22,39.19
JW화순2,2016-10-23,39.18
JW화순2,2016-10-24,39.15
JW화순2,2016-10-25,39.14
JW화순2,2016-10-27,39.1
JW화순2,2016-10-28,39.11
JW화순2,2016-10-29,39.1
JW화순2,2016-10-30,39.09
JW화순2,2016-10-31,39.09
JW화순2,2016-11-01,39.08
JW화순2,2016-11-02,39.07
JW화순2,2016-11-03,39.06
JW화순2,2016-11-04,39.06
JW화순2,2016-11-05,39.06
JW화순2,2016-11-06,39.05
JW화순2,2016-11-07,39.03
JW화순2,2016-11-08,39.03
JW화순2,2016-11-09,39.01
JW화순2,2016-11-10,39.01
JW화순2,2016-11-11,39.0
JW화순2,2016-11-12,39.0
JW화순2,2016-11-13,38.99
JW화순2,2016-11-14,38.99
JW화순2,2016-11-15,38.99
JW화순2,2016-11-16,38.98
JW화순2,2016-11-17,38.98
JW화순2,2016-11-18,38.98
JW화순2,2016-11-19,38.98
JW화순2,2016-11-20,38.98
JW화순2,2016-11-21,38.98
JW화순2,2016-11-22,38.97
JW화순2,2016-11-23,38.97
JW화순2,2016-11-24,38.96
JW화순2,2016-11-25,38.96
JW화순2,2016-11-26,38.96
JW화순2,2016-11-27,38.96
JW화순2,2016-11-28,38.96
JW화순2,2016-11-29,38.95
JW화순2,2016-11-30,38.95
JW화순2,2016-12-01,38.95
JW화순2,2016-12-02,38.95
JW화순2,2016-12-03,38.95
JW화순2,2016-12-04,38.95
JW화순2,2016-12-05,38.95
JW화순2,2016-12-06,38.95
JW화순2,2016-12-07,38.94
JW화순2,2016-12-08,38.95
JW화순2,2016-12-09,38.95
JW화순2,2016-12-10,38.94
JW화순2,2016-12-11,38.94
JW화순2,2016-12-12,38.94
JW화순2,2016-12-13,38.94
JW화순2,2016-12-14,38.94
JW화순2,2016-12-15,38.93
JW화순2,2016-12-16,38.93
JW화순2,2016-12-17,38.93
JW화순2,2016-12-18,38.92
JW화순2,2016-12-19,38.93
JW화순2,2016-12-20,38.93
JW화순2,2016-12-21,38.93
JW화순2,2016-12-22,38.93
JW화순2,2016-12-23,38.93
JW화순2,2016-12-24,38.92
JW화순2,2016-12-25,38.92
JW화순2,2016-12-26,38.93
JW화순2,2016-12-27,38.93
JW화순2,2016-12-28,38.92
JW화순2,2016-12-29,38.92
JW화순2,2016-12-30,38.92
JW화순2,2016-12-31,38.92
JW화순2,2017-01-01,38.92
JW화순2,2017-01-02,38.93
JW화순2,2017-01-03,38.92
JW화순2,2017-01-04,38.92
JW화순2,2017-01-05,38.92
JW화순2,2017-01-06,38.92
JW화순2,2017-01-07,38.92
JW화순2,2017-01-08,38.93
JW화순2,2017-01-09,38.92
JW화순2,2017-01-10,38.91
JW화순2,2017-01-11,38.91
JW화순2,2017-01-12,38.91
JW화순2,2017-01-13,38.91
JW화순2,2017-01-14,38.91
JW화순2,2017-01-15,38.9
JW화순2,2017-01-16,38.9
JW화순2,2017-01-17,38.9
JW화순2,2017-01-18,38.9
JW화순2,2017-01-19,38.9
JW화순2,2017-01-20,38.9
JW화순2,2017-01-21,38.89
JW화순2,2017-01-22,38.89
JW화순2,2017-01-23,38.89
JW화순2,2017-01-24,38.89
JW화순2,2017-01-25,38.89
JW화순2,2017-01-26,38.89
JW화순2,2017-01-27,38.88
JW화순2,2017-01-28,38.89
JW화순2,2017-01-29,38.89
JW화순2,2017-01-30,38.89
JW화순2,2017-01-31,38.88
JW화순2,2017-02-01,38.88
JW화순2,2017-02-02,38.88
JW화순2,2017-02-03,38.88
JW화순2,2017-02-04,38.88
JW화순2,2017-02-05,38.88
JW화순2,2017-02-06,38.88
JW화순2,2017-02-07,38.87
JW화순2,2017-02-08,38.87
JW화순2,2017-02-09,38.87
JW화순2,2017-02-10,38.87
JW화순2,2017-02-11,38.87
JW화순2,2017-02-12,38.86
JW화순2,2017-02-13,38.86
JW화순2,2017-02-14,38.85
JW화순2,2017-02-15,38.85
JW화순2,2017-02-16,38.86
JW화순2,2017-02-17,38.86
JW화순2,2017-02-18,38.85
JW화순2,2017-02-19,38.85
JW화순2,2017-02-20,38.85
JW화순2,2017-02-21,38.84
JW화순2,2017-02-22,38.85
JW화순2,2017-02-23,38.85
JW화순2,2017-02-24,38.85
JW화순2,2017-02-25,38.84
JW화순2,2017-02-26,38.84
JW화순2,2017-02-27,38.84
JW화순2,2017-02-28,38.83
JW화순2,2017-03-01,38.84
JW화순2,2017-03-02,38.84
JW화순2,2017-03-03,38.83
JW화순2,2017-03-04,38.83
JW화순2,2017-03-05,38.83
JW화순2,2017-03-06,38.83
JW화순2,2017-03-07,38.82
JW화순2,2017-03-08,38.82
JW화순2,2017-03-09,38.81
JW화순2,2017-03-10,38.81
JW화순2,2017-03-11,38.81
JW화순2,2017-03-12,38.8
JW화순2,2017-03-13,38.8
JW화순2,2017-03-14,38.8
JW화순2,2017-03-15,38.78
JW화순2,2017-03-16,38.78
JW화순2,2017-03-17,38.75
JW화순2,2017-03-18,38.73
JW화순2,2017-03-19,38.72
JW화순2,2017-03-20,38.72
JW화순2,2017-03-21,38.72
JW화순2,2017-03-22,38.71
JW화순2,2017-03-23,38.71
JW화순2,2017-03-24,38.71
JW화순2,2017-03-25,38.73
JW화순2,2017-03-26,38.74
JW화순2,2017-03-27,38.74
JW화순2,2017-03-28,38.74
JW화순2,2017-03-29,38.74
JW화순2,2017-03-30,38.74
JW화순2,2017-03-31,38.74
JW화순2,2017-04-01,38.74
JW화순2,2017-04-02,38.74
JW화순2,2017-04-03,38.73
JW화순2,2017-04-04,38.73
JW화순2,2017-04-05,38.74
JW화순2,2017-04-06,38.75
JW화순2,2017-04-07,38.79
JW화순2,2017-04-08,38.8
JW화순2,2017-04-09,38.8
JW화순2,2017-04-10,38.8
JW화순2,2017-04-11,38.8
JW화순2,2017-04-12,38.8
JW화순2,2017-04-13,38.79
JW화순2,2017-04-14,38.8
JW화순2,2017-04-15,38.8
JW화순2,2017-04-16,38.8
JW화순2,2017-04-17,38.81
JW화순2,2017-04-18,38.81
JW화순2,2017-04-19,38.8
JW화순2,2017-04-20,38.8
JW화순2,2017-04-21,38.81
JW화순2,2017-04-22,38.81
JW화순2,2017-04-23,38.8
JW화순2,2017-04-24,38.79
JW화순2,2017-04-25,38.79
JW화순2,2017-04-26,38.79
JW화순2,2017-04-27,38.79
JW화순2,2017-04-28,38.79
JW화순2,2017-04-29,38.79
JW화순2,2017-04-30,38.79
JW화순2,2017-05-01,38.78
JW화순2,2017-05-02,38.77
JW화순2,2017-05-03,38.77
JW화순2,2017-05-04,38.78
JW화순2,2017-05-05,38.78
JW화순2,2017-05-06,38.78
JW화순2,2017-05-07,38.77
JW화순2,2017-05-08,38.77
JW화순2,2017-05-09,38.78
JW화순2,2017-05-10,38.77
JW화순2,2017-05-11,38.76
JW화순2,2017-05-12,38.77
JW화순2,2017-05-13,38.77
JW화순2,2017-05-14,38.76
JW화순2,2017-05-15,38.75
JW화순2,2017-05-16,38.75
JW화순2,2017-05-17,38.74
JW화순2,2017-05-18,38.73
JW화순2,2017-05-19,38.73
JW화순2,2017-05-20,38.72
JW화순2,2017-05-21,38.73
JW화순2,2017-05-22,38.72
JW화순2,2017-05-23,38.72
JW화순2,2017-05-24,38.73
JW화순2,2017-05-25,38.73
JW화순2,2017-05-26,38.72
JW화순2,2017-05-27,38.71
JW화순2,2017-05-28,38.71
JW화순2,2017-05-29,38.71
JW화순2,2017-05-30,38.7
JW화순2,2017-05-31,38.7
JW화순2,2017-06-01,38.71
JW화순2,2017-06-02,38.7
JW화순2,2017-06-03,38.7
JW화순2,2017-06-04,38.69
JW화순2,2017-06-05,38.69
JW화순2,2017-06-06,38.69
JW화순2,2017-06-07,38.7
JW화순2,2017-06-08,38.7
JW화순2,2017-06-09,38.7
JW화순2,2017-06-10,38.7
JW화순2,2017-06-11,38.7
JW화순2,2017-06-12,38.7
JW화순2,2017-06-13,38.7
JW화순2,2017-06-14,38.69
JW화순2,2017-06-15,38.69
JW화순2,2017-06-16,38.69
JW화순2,2017-06-17,38.69
JW화순2,2017-06-18,38.68
JW화순2,2017-06-19,38.68
JW화순2,2017-06-20,38.69
JW화순2,2017-06-21,38.69
JW화순2,2017-06-22,38.68
JW화순2,2017-06-23,38.69
JW화순2,2017-06-24,38.69
JW화순2,2017-06-25,38.69
JW화순2,2017-06-26,38.69
JW화순2,2017-06-27,38.68
JW화순2,2017-06-28,38.68
JW화순2,2017-06-29,38.68
JW화순2,2017-06-30,38.69
JW화순2,2017-07-01,38.69
JW화순2,2017-07-02,38.68
JW화순2,2017-07-03,38.68
JW화순2,2017-07-04,38.68
JW화순2,2017-07-05,38.68
JW화순2,2017-07-06,38.68
JW화순2,2017-07-07,38.67
JW화순2,2017-07-08,38.67
JW화순2,2017-07-09,38.67
JW화순2,2017-07-10,38.67
JW화순2,2017-07-11,38.67
JW화순2,2017-07-12,38.67
JW화순2,2017-07-13,38.67
JW화순2,2017-07-14,38.66
JW화순2,2017-07-15,38.66
JW화순2,2017-07-16,38.65
JW화순2,2017-07-17,38.65
JW화순2,2017-07-18,38.65
JW화순2,2017-07-19,38.65
JW화순2,2017-07-20,38.64
JW화순2,2017-07-21,38.63
JW화순2,2017-07-22,38.63
JW화순2,2017-07-23,38.63
JW화순2,2017-07-24,38.62
JW화순2,2017-07-25,38.62
JW화순2,2017-07-26,38.62
JW화순2,2017-07-27,38.61
JW화순2,2017-07-28,38.6
JW화순2,2017-07-29,38.6
JW화순2,2017-07-30,38.6
JW화순2,2017-07-31,38.6
JW화순2,2017-08-01,38.6
JW화순2,2017-08-02,38.6
JW화순2,2017-08-03,38.6
JW화순2,2017-08-04,38.6
JW화순2,2017-08-05,38.6
JW화순2,2017-08-06,38.6
JW화순2,2017-08-07,38.59
JW화순2,2017-08-08,38.59
JW화순2,2017-08-09,38.59
JW화순2,2017-08-10,38.59
JW화순2,2017-08-11,38.58
JW화순2,2017-08-12,38.57
JW화순2,2017-08-13,38.58
JW화순2,2017-08-14,38.59
JW화순2,2017-08-15,38.6
JW화순2,2017-08-16,38.59
JW화순2,2017-08-17,38.59
JW화순2,2017-08-18,38.58
JW화순2,2017-08-19,38.58
JW화순2,2017-08-20,38.59
JW화순2,2017-08-21,38.6
JW화순2,2017-08-22,38.6
JW화순2,2017-08-23,38.6
JW화순2,2017-08-24,38.6
JW화순2,2017-08-25,38.61
JW화순2,2017-08-26,38.6
JW화순2,2017-08-27,38.6
JW화순2,2017-08-28,38.59
JW화순2,2017-08-29,38.59
JW화순2,2017-08-30,38.59
JW화순2,2017-08-31,38.58
JW화순2,2017-09-01,38.58
JW화순2,2017-09-02,38.57
JW화순2,2017-09-03,38.57
JW화순2,2017-09-05,38.58
JW화순2,2017-09-06,38.58
JW화순2,2017-09-07,38.58
JW화순2,2017-09-08,38.57
JW화순2,2017-09-09,38.57
JW화순2,2017-09-10,38.57
JW화순2,2017-09-11,38.58
JW화순2,2017-09-12,38.57
JW화순2,2017-09-13,38.57
JW화순2,2017-09-14,38.57
JW화순2,2017-09-15,38.57
JW화순2,2017-09-16,38.57
JW화순2,2017-09-17,38.57
JW화순2,2017-09-18,38.55
JW화순2,2017-09-19,38.54
JW화순2,2017-09-20,38.54
JW화순2,2017-09-21,38.54
JW화순2,2017-09-22,38.53
JW화순2,2017-09-23,38.53
JW화순2,2017-09-24,38.53
JW화순2,2017-09-25,38.52
JW화순2,2017-09-26,38.52
JW화순2,2017-09-27,38.53
JW화순2,2017-09-28,38.52
JW화순2,2017-09-29,38.5
JW화순2,2017-09-30,38.5
JW화순2,2017-10-01,38.51
JW화순2,2017-10-02,38.55
JW화순2,2017-10-03,38.57
JW화순2,2017-10-04,38.57
JW화순2,2017-10-05,38.58
JW화순2,2017-10-06,38.61
JW화순2,2017-10-07,38.64
JW화순2,2017-10-08,38.66
JW화순2,2017-10-09,38.7
JW화순2,2017-10-10,38.72
JW화순2,2017-10-11,38.75
JW화순2,2017-10-12,38.76
JW화순2,2017-10-13,38.74
JW화순2,2017-10-14,38.72
JW화순2,2017-10-15,38.7
JW화순2,2017-10-16,38.69
JW화순2,2017-10-17,38.68
JW화순2,2017-10-18,38.67
JW화순2,2017-10-19,38.67
JW화순2,2017-10-20,38.66
JW화순2,2017-10-21,38.66
JW화순2,2017-10-22,38.65
JW화순2,2017-10-23,38.64
JW화순2,2017-10-24,38.63
JW화순2,2017-10-25,38.62
JW화순2,2017-10-26,38.62
JW화순2,2017-10-27,38.61
JW화순2,2017-10-28,38.62
JW화순2,2017-10-29,38.61
JW화순2,2017-10-30,38.6
JW화순2,2017-10-31,38.59
JW화순2,2017-11-01,38.59
JW화순2,2017-11-02,38.59
JW화순2,2017-11-03,38.58
JW화순2,2017-11-04,38.57
JW화순2,2017-11-05,38.57
JW화순2,2017-11-06,38.56
JW화순2,2017-11-07,38.57
JW화순2,2017-11-08,38.57
JW화순2,2017-11-09,38.56
JW화순2,2017-11-10,38.56
JW화순2,2017-11-11,38.56
JW화순2,2017-11-12,38.56
JW화순2,2017-11-13,38.55
JW화순2,2017-11-14,38.55
JW화순2,2017-11-15,38.54
JW화순2,2017-11-16,38.54
JW화순2,2017-11-17,38.55
JW화순2,2017-11-18,38.55
JW화순2,2017-11-19,38.54
JW화순2,2017-11-20,38.54
JW화순2,2017-11-21,38.53
JW화순2,2017-11-22,38.54
JW화순2,2017-11-23,38.53
JW화순2,2017-11-24,38.53
JW화순2,2017-11-25,38.52
JW화순2,2017-11-26,38.53
JW화순2,2017-11-27,38.52
JW화순2,2017-11-28,38.52
JW화순2,2017-11-29,38.52
JW화순2,2017-11-30,38.52
JW화순2,2017-12-01,38.52
JW화순2,2017-12-02,38.51
JW화순2,2017-12-03,38.52
JW화순2,2017-12-04,38.51
JW화순2,2017-12-05,38.51
JW화순2,2017-12-06,38.51
JW화순2,2017-12-07,38.51
JW화순2,2017-12-08,38.51
JW화순2,2017-12-09,38.51
JW화순2,2017-12-10,38.51
JW화순2,2017-12-11,38.5
JW화순2,2017-12-12,38.5
JW화순2,2017-12-13,38.49
JW화순2,2017-12-14,38.48
JW화순2,2017-12-15,38.48
JW화순2,2017-12-16,38.47
JW화순2,2017-12-17,38.47
JW화순2,2017-12-18,38.46
JW화순2,2017-12-19,38.47
JW화순2,2017-12-20,38.46
JW화순2,2017-12-21,38.47
JW화순2,2017-12-22,38.46
JW화순2,2017-12-23,38.46
JW화순2,2017-12-24,38.47
JW화순2,2017-12-25,38.47
JW화순2,2017-12-26,38.46
JW화순2,2017-12-27,38.46
JW화순2,2017-12-28,38.46
JW화순2,2017-12-29,38.46
JW화순2,2017-12-30,38.46
JW화순2,2017-12-31,38.46
JW화순2,2018-01-01,38.45
JW화순2,2018-01-02,38.45
JW화순2,2018-01-03,38.44
JW화순2,2018-01-04,38.45
JW화순2,2018-01-05,38.45
JW화순2,2018-01-06,38.45
JW화순2,2018-01-07,38.45
JW화순2,2018-01-08,38.45
JW화순2,2018-01-09,38.44
JW화순2,2018-01-10,38.44
JW화순2,2018-01-11,38.43
JW화순2,2018-01-12,38.43
JW화순2,2018-01-13,38.43
JW화순2,2018-01-14,38.43
JW화순2,2018-01-15,38.44
JW화순2,2018-01-16,38.44
JW화순2,2018-01-17,38.45
JW화순2,2018-01-18,38.44
JW화순2,2018-01-19,38.44
JW화순2,2018-01-20,38.43
JW화순2,2018-01-21,38.43
JW화순2,2018-01-22,38.43
JW화순2,2018-01-23,38.43
JW화순2,2018-01-24,38.42
JW화순2,2018-01-25,38.42
JW화순2,2018-01-26,38.42
JW화순2,2018-01-27,38.42
JW화순2,2018-01-28,38.41
JW화순2,2018-01-29,38.4
JW화순2,2018-01-30,38.39
JW화순2,2018-01-31,38.39
JW화순2,2018-02-01,38.39
JW화순2,2018-02-02,38.38
JW화순2,2018-02-03,38.38
JW화순2,2018-02-04,38.38
JW화순2,2018-02-05,38.38
JW화순2,2018-02-06,38.38
JW화순2,2018-02-07,38.38
JW화순2,2018-02-08,38.38
JW화순2,2018-02-09,38.38
JW화순2,2018-02-10,38.38
JW화순2,2018-02-11,38.37
JW화순2,2018-02-12,38.37
JW화순2,2018-02-13,38.37
JW화순2,2018-02-14,38.37
JW화순2,2018-02-15,38.37
JW화순2,2018-02-16,38.37
JW화순2,2018-02-17,38.36
JW화순2,2018-02-18,38.36
JW화순2,2018-02-19,38.36
JW화순2,2018-02-20,38.36
JW화순2,2018-02-21,38.35
JW화순2,2018-02-22,38.35
JW화순2,2018-02-23,38.33
JW화순2,2018-02-24,38.32
JW화순2,2018-02-25,38.32
JW화순2,2018-02-26,38.31
JW화순2,2018-02-27,38.32
JW화순2,2018-02-28,38.35
JW화순2,2018-03-01,38.37
JW화순2,2018-03-02,38.36
JW화순2,2018-03-03,38.35
JW화순2,2018-03-04,38.35
JW화순2,2018-03-05,38.35
JW화순2,2018-03-06,38.33
JW화순2,2018-03-07,38.33
JW화순2,2018-03-08,38.35
JW화순2,2018-03-09,38.34
JW화순2,2018-03-10,38.34
JW화순2,2018-03-11,38.34
JW화순2,2018-03-12,38.34
JW화순2,2018-03-13,38.34
JW화순2,2018-03-14,38.34
JW화순2,2018-03-15,38.34
JW화순2,2018-03-16,38.36
JW화순2,2018-03-17,38.36
JW화순2,2018-03-18,38.36
JW화순2,2018-03-19,38.39
JW화순2,2018-03-20,38.4
JW화순2,2018-03-21,38.41
JW화순2,2018-03-22,38.41
JW화순2,2018-03-23,38.41
JW화순2,2018-03-24,38.41
JW화순2,2018-03-25,38.41
JW화순2,2018-03-26,38.41
JW화순2,2018-03-27,38.42
JW화순2,2018-03-28,38.42
JW화순2,2018-03-29,38.42
JW화순2,2018-03-30,38.42
JW화순2,2018-03-31,38.42
JW화순2,2018-04-01,38.43
JW화순2,2018-04-02,38.44
JW화순2,2018-04-03,38.44
JW화순2,2018-04-04,38.44
JW화순2,2018-04-05,38.44
JW화순2,2018-04-06,38.45
JW화순2,2018-04-07,38.44
JW화순2,2018-04-08,38.44
JW화순2,2018-04-09,38.44
JW화순2,2018-04-10,38.44
JW화순2,2018-04-11,38.45
JW화순2,2018-04-12,38.43
JW화순2,2018-04-13,38.43
JW화순2,2018-04-14,38.45
JW화순2,2018-04-15,38.45
JW화순2,2018-04-16,38.44
JW화순2,2018-04-17,38.44
JW화순2,2018-04-18,38.44
JW화순2,2018-04-19,38.43
JW화순2,2018-04-20,38.43
JW화순2,2018-04-21,38.43
JW화순2,2018-04-22,38.44
JW화순2,2018-04-23,38.46
JW화순2,2018-04-24,38.62
JW화순2,2018-04-25,38.72
JW화순2,2018-04-26,38.87
JW화순2,2018-04-27,39.49
JW화순2,2018-04-28,40.12
JW화순2,2018-04-29,40.5
JW화순2,2018-04-30,40.65
JW화순2,2018-05-01,40.77
JW화순2,2018-05-02,40.77
JW화순2,2018-05-03,40.67
JW화순2,2018-05-04,40.52
JW화순2,2018-05-05,40.41
JW화순2,2018-05-06,40.82
JW화순2,2018-05-07,42.32
JW화순2,2018-05-08,42.83
JW화순2,2018-05-09,43.58
JW화순2,2018-05-10,44.17
JW화순2,2018-05-11,44.44
JW화순2,2018-05-12,44.42
JW화순2,2018-05-13,44.57
JW화순2,2018-05-14,44.78
JW화순2,2018-05-15,44.77
JW화순2,2018-05-16,44.86
JW화순2,2018-05-17,44.87
JW화순2,2018-05-18,44.76
JW화순2,2018-05-19,44.56
JW화순2,2018-05-20,44.3
JW화순2,2018-05-21,44.02
JW화순2,2018-05-22,43.76
JW화순2,2018-05-23,43.59
JW화순2,2018-05-24,43.42
JW화순2,2018-05-25,43.16
JW화순2,2018-05-26,43.05
JW화순2,2018-05-27,42.86
JW화순2,2018-05-28,42.67
JW화순2,2018-05-29,42.47
JW화순2,2018-05-30,42.26
JW화순2,2018-05-31,42.05
JW화순2,2018-06-01,41.81
JW화순2,2018-06-02,41.57
JW화순2,2018-06-03,41.35
JW화순2,2018-06-04,41.15
JW화순2,2018-06-05,41.0
JW화순2,2018-06-06,40.88
JW화순2,2018-06-07,40.78
JW화순2,2018-06-11,40.28
JW화순2,2018-06-12,40.21
JW화순2,2018-06-13,40.1
JW화순2,2018-06-14,40.0
JW화순2,2018-06-15,39.93
JW화순2,2018-06-16,39.83
JW화순2,2018-06-17,39.74
JW화순2,2018-06-18,39.67
JW화순2,2018-06-19,39.61
JW화순2,2018-06-20,39.59
JW화순2,2018-06-21,39.56
JW화순2,2018-06-22,39.51
JW화순2,2018-06-23,39.49
JW화순2,2018-06-24,39.45
JW화순2,2018-06-25,39.39
JW화순2,2018-06-26,39.32
JW화순2,2018-06-27,39.26
JW화순2,2018-06-28,39.23
JW화순2,2018-06-29,39.48
JW화순2,2018-06-30,39.62
JW화순2,2018-07-02,40.07
JW화순2,2018-07-03,40.34
JW화순2,2018-07-04,40.65
JW화순2,2018-07-05,40.87
JW화순2,2018-07-06,41.0
JW화순2,2018-07-07,41.03
JW화순2,2018-07-08,40.98
JW화순2,2018-07-09,40.87
JW화순2,2018-07-10,40.72
JW화순2,2018-07-11,40.58
JW화순2,2018-07-12,40.45
JW화순2,2018-07-13,40.3
JW화순2,2018-07-14,40.21
JW화순2,2018-07-15,40.1
JW화순2,2018-07-16,40.0
JW화순2,2018-07-17,39.92
JW화순2,2018-07-18,39.84
JW화순2,2018-07-19,39.76
JW화순2,2018-07-20,39.7
JW화순2,2018-07-21,39.62
JW화순2,2018-07-22,39.57
JW화순2,2018-07-23,39.51
JW화순2,2018-07-24,39.46
JW화순2,2018-07-25,39.41
JW화순2,2018-07-26,39.34
JW화순2,2018-07-27,39.27
JW화순2,2018-07-28,39.2
JW화순2,2018-07-29,39.15
JW화순2,2018-07-30,39.11
JW화순2,2018-07-31,39.06
JW화순2,2018-08-01,39.02
JW화순2,2018-08-02,38.97
JW화순2,2018-08-03,38.92
JW화순2,2018-08-04,38.88
JW화순2,2018-08-05,38.84
JW화순2,2018-08-06,38.81
JW화순2,2018-08-07,38.77
JW화순2,2018-08-08,38.75
JW화순2,2018-08-09,38.73
JW화순2,2018-08-10,38.71
JW화순2,2018-08-11,38.69
JW화순2,2018-08-12,38.68
JW화순2,2018-08-13,38.67
JW화순2,2018-08-14,38.66
JW화순2,2018-08-15,38.65
JW화순2,2018-08-16,38.65
JW화순2,2018-08-17,38.65
JW화순2,2018-08-18,38.64
JW화순2,2018-08-19,38.63
JW화순2,2018-08-20,38.63
JW화순2,2018-08-21,38.63
JW화순2,2018-08-22,38.63
JW화순2,2018-08-23,38.77
JW화순2,2018-08-24,39.01
JW화순2,2018-08-25,39.0
JW화순2,2018-08-26,39.14
JW화순2,2018-08-27,39.46
JW화순2,2018-08-28,39.63
JW화순2,2018-08-29,39.7
JW화순2,2018-08-30,39.68
JW화순2,2018-08-31,39.62
JW화순2,2018-09-01,39.57
JW화순2,2018-09-02,39.56
JW화순2,2018-09-03,39.52
JW화순2,2018-09-04,39.54
JW화순2,2018-09-05,39.57
JW화순2,2018-09-06,39.56
JW화순2,2018-09-07,39.59
JW화순2,2018-09-08,39.6
JW화순2,2018-09-09,39.6
JW화순2,2018-09-10,39.58
JW화순2,2018-09-11,39.56
JW화순2,2018-09-12,39.53
JW화순2,2018-09-13,39.62
JW화순2,2018-09-14,40.0
JW화순2,2018-09-15,40.17
JW화순2,2018-09-16,40.41
JW화순2,2018-09-17,40.75
JW화순2,2018-09-18,41.04
JW화순2,2018-09-19,41.21
JW화순2,2018-09-20,41.27
JW화순2,2018-09-21,41.25
JW화순2,2018-09-22,41.16
JW화순2,2018-09-23,41.04
JW화순2,2018-09-24,40.91
JW화순2,2018-09-25,40.79
JW화순2,2018-09-26,40.67
JW화순2,2018-09-27,40.54
JW화순2,2018-09-28,40.41
JW화순2,2018-09-29,40.31
JW화순2,2018-09-30,40.24
JW화순2,2018-10-01,40.14
JW화순2,2018-10-02,40.02
JW화순2,2018-10-03,39.9
JW화순2,2018-10-04,39.81
JW화순2,2018-10-05,39.77
JW화순2,2018-10-06,40.24
JW화순2,2018-10-07,40.43
JW화순2,2018-10-08,40.53
JW화순2,2018-10-09,40.74
JW화순2,2018-10-10,40.93
JW화순2,2018-10-11,41.03
JW화순2,2018-10-12,41.03
JW화순2,2018-10-13,40.97
JW화순2,2018-10-14,40.85
JW화순2,2018-10-15,40.73
JW화순2,2018-10-16,40.62
JW화순2,2018-10-17,40.52
JW화순2,2018-10-18,40.37
JW화순2,2018-10-19,40.27
JW화순2,2018-10-20,40.14
JW화순2,2018-10-21,40.04
JW화순2,2018-10-22,39.96
JW화순2,2018-10-23,39.89
JW화순2,2018-10-24,39.81
JW화순2,2018-10-25,39.73
JW화순2,2018-10-26,39.67
JW화순2,2018-10-27,39.62
JW화순2,2018-10-28,39.56
JW화순2,2018-10-29,39.52
JW화순2,2018-10-30,39.45
JW화순2,2018-10-31,39.4
JW화순2,2018-11-01,39.33
JW화순2,2018-11-02,39.25
JW화순2,2018-11-03,39.19
JW화순2,2018-11-04,39.14
JW화순2,2018-11-05,39.09
JW화순2,2018-11-06,39.05
JW화순2,2018-11-07,39.01
JW화순2,2018-11-08,39.0
JW화순2,2018-11-09,38.97
JW화순2,2018-11-10,38.94
JW화순2,2018-11-11,38.92
JW화순2,2018-11-12,38.91
JW화순2,2018-11-13,38.89
JW화순2,2018-11-14,38.87
JW화순2,2018-11-15,38.83
JW화순2,2018-11-16,38.82
JW화순2,2018-11-17,38.8
JW화순2,2018-11-18,38.78
JW화순2,2018-11-19,38.76
JW화순2,2018-11-20,38.74
JW화순2,2018-11-21,38.74
JW화순2,2018-11-22,38.73
JW화순2,2018-11-23,38.72
JW화순2,2018-11-24,38.71
JW화순2,2018-11-25,38.71
JW화순2,2018-11-26,38.7
JW화순2,2018-11-27,38.7
JW화순2,2018-11-28,38.7
JW화순2,2018-11-29,38.69
JW화순2,2018-11-30,38.66
JW화순2,2018-12-01,38.64
JW화순2,2018-12-02,38.64
JW화순2,2018-12-03,38.64
JW화순2,2018-12-04,38.64
JW화순2,2018-12-05,38.63
JW화순2,2018-12-06,38.63
JW화순2,2018-12-07,38.62
JW화순2,2018-12-08,38.62
JW화순2,2018-12-09,38.62
JW화순2,2018-12-10,38.62
JW화순2,2018-12-11,38.62
JW화순2,2018-12-12,38.62
JW화순2,2018-12-13,38.6
JW화순2,2018-12-14,38.59
JW화순2,2018-12-15,38.58
JW화순2,2018-12-16,38.58
JW화순2,2018-12-17,38.58
JW화순2,2018-12-18,38.57
JW화순2,2018-12-19,38.56
JW화순2,2018-12-20,38.56
JW화순2,2018-12-21,38.56
JW화순2,2018-12-22,38.56
JW화순2,2018-12-23,38.55
JW화순2,2018-12-24,38.55
JW화순2,2018-12-25,38.55
JW화순2,2018-12-26,38.55
JW화순2,2018-12-27,38.55
JW화순2,2018-12-28,38.55
JW화순2,2018-12-29,38.55
JW화순2,2018-12-30,38.56
JW화순2,2018-12-31,38.56
JW화순2,2019-01-01,38.56
JW화순2,2019-01-02,38.56
JW화순2,2019-01-03,38.56
JW화순2,2019-01-04,38.56
JW화순2,2019-01-05,38.56
JW화순2,2019-01-06,38.56
JW화순2,2019-01-07,38.56
JW화순2,2019-01-08,38.55
JW화순2,2019-01-09,38.55
JW화순2,2019-01-10,38.55
JW화순2,2019-01-11,38.55
JW화순2,2019-01-12,38.55
JW화순2,2019-01-13,38.54
JW화순2,2019-01-14,38.53
JW화순2,2019-01-15,38.53
JW화순2,2019-01-16,38.53
JW화순2,2019-01-17,38.53
JW화순2,2019-01-18,38.52
JW화순2,2019-01-19,38.52
JW화순2,2019-01-20,38.52
JW화순2,2019-01-21,38.51
JW화순2,2019-01-22,38.51
JW화순2,2019-01-23,38.5
JW화순2,2019-01-24,38.5
JW화순2,2019-01-25,38.49
JW화순2,2019-01-26,38.49
JW화순2,2019-01-27,38.49
JW화순2,2019-01-28,38.48
JW화순2,2019-01-29,38.48
JW화순2,2019-01-30,38.48
JW화순2,2019-01-31,38.48
JW화순2,2019-02-01,38.48
JW화순2,2019-02-02,38.48
JW화순2,2019-02-03,38.48
JW화순2,2019-02-04,38.47
JW화순2,2019-02-05,38.47
JW화순2,2019-02-06,38.47
JW화순2,2019-02-07,38.47
JW화순2,2019-02-08,38.47
JW화순2,2019-02-09,38.47
JW화순2,2019-02-10,38.46
JW화순2,2019-02-11,38.46
JW화순2,2019-02-12,38.45
JW화순2,2019-02-13,38.44
JW화순2,2019-02-14,38.44
JW화순2,2019-02-15,38.45
JW화순2,2019-02-16,38.45
JW화순2,2019-02-17,38.44
JW화순2,2019-02-18,38.44
JW화순2,2019-02-19,38.44
JW화순2,2019-02-20,38.43
JW화순2,2019-02-21,38.43
JW화순2,2019-02-22,38.43
JW화순2,2019-02-23,38.43
JW화순2,2019-02-24,38.43
JW화순2,2019-02-25,38.44
JW화순2,2019-02-26,38.43
JW화순2,2019-02-27,38.43
JW화순2,2019-02-28,38.44
JW화순2,2019-03-01,38.43
JW화순2,2019-03-02,38.43
JW화순2,2019-03-03,38.44
JW화순2,2019-03-04,38.43
JW화순2,2019-03-05,38.43
JW화순2,2019-03-06,38.43
JW화순2,2019-03-07,38.43
JW화순2,2019-03-08,38.42
JW화순2,2019-03-09,38.42
JW화순2,2019-03-10,38.44
JW화순2,2019-03-11,38.44
JW화순2,2019-03-12,38.44
JW화순2,2019-03-13,38.43
JW화순2,2019-03-14,38.42
JW화순2,2019-03-15,38.43
JW화순2,2019-03-16,38.43
JW화순2,2019-03-17,38.42
JW화순2,2019-03-18,38.42
JW화순2,2019-03-19,38.43
JW화순2,2019-03-20,38.43
JW화순2,2019-03-21,38.43
JW화순2,2019-03-22,38.42
JW화순2,2019-03-23,38.41
JW화순2,2019-03-24,38.4
JW화순2,2019-03-25,38.4
JW화순2,2019-03-26,38.41
JW화순2,2019-03-28,38.39
JW화순2,2019-03-29,38.39
JW화순2,2019-03-30,38.37
JW화순2,2019-03-31,38.37
JW화순2,2019-04-01,38.36
JW화순2,2019-04-02,38.36
JW화순2,2019-04-03,38.36
JW화순2,2019-04-04,38.35
JW화순2,2019-04-05,38.35
JW화순2,2019-04-06,38.35
JW화순2,2019-04-07,38.35
JW화순2,2019-04-08,38.33
JW화순2,2019-04-09,38.34
JW화순2,2019-04-10,38.35
JW화순2,2019-04-11,38.34
JW화순2,2019-04-12,38.34
JW화순2,2019-04-13,38.33
JW화순2,2019-04-14,38.33
JW화순2,2019-04-15,38.33
JW화순2,2019-04-16,38.39
JW화순2,2019-04-17,38.4
JW화순2,2019-04-18,38.4
JW화순2,2019-04-19,38.41
JW화순2,2019-04-20,38.4
JW화순2,2019-04-21,38.37
JW화순2,2019-04-22,38.38
JW화순2,2019-04-23,38.35
JW화순2,2019-04-24,38.33
JW화순2,2019-04-25,38.33
JW화순2,2019-04-26,38.38
JW화순2,2019-04-29,38.31
JW화순2,2019-04-30,38.31
JW화순2,2019-05-01,38.31
JW화순2,2019-05-02,38.35
JW화순2,2019-05-03,38.38
JW화순2,2019-05-04,38.38
JW화순2,2019-05-05,38.36
JW화순2,2019-05-06,38.34
JW화순2,2019-05-07,38.35
JW화순2,2019-05-08,38.33
JW화순2,2019-05-09,38.29
JW화순2,2019-05-10,38.3
JW화순2,2019-05-11,38.3
JW화순2,2019-05-12,38.31
JW화순2,2019-05-13,38.29
JW화순2,2019-05-14,38.28
JW화순2,2019-05-15,38.28
JW화순2,2019-05-16,38.27
JW화순2,2019-05-17,38.27
JW화순2,2019-05-18,38.26
JW화순2,2019-05-19,38.29
JW화순2,2019-05-20,38.3
JW화순2,2019-05-21,38.31
JW화순2,2019-05-22,38.31
JW화순2,2019-05-23,38.32
JW화순2,2019-05-24,38.34
JW화순2,2019-05-25,38.36
JW화순2,2019-05-26,38.36
JW화순2,2019-05-27,38.32
JW화순2,2019-05-28,38.39
JW화순2,2019-05-29,38.41
JW화순2,2019-05-30,38.41
JW화순2,2019-05-31,38.4
JW화순2,2019-06-01,38.41
JW화순2,2019-06-02,38.38
JW화순2,2019-06-03,38.39
JW화순2,2019-06-04,38.41
JW화순2,2019-06-05,38.43
JW화순2,2019-06-06,38.41
JW화순2,2019-06-07,38.37
JW화순2,2019-06-08,38.42
JW화순2,2019-06-09,38.39
JW화순2,2019-06-10,38.39
JW화순2,2019-06-11,38.42
JW화순2,2019-06-12,38.44
JW화순2,2019-06-13,38.43
JW화순2,2019-06-14,38.38
JW화순2,2019-06-15,38.37
JW화순2,2019-06-16,38.43
JW화순2,2019-06-17,38.47
JW화순2,2019-06-18,38.47
JW화순2,2019-06-19,38.42
JW화순2,2019-06-20,38.42
JW화순2,2019-06-21,38.41
JW화순2,2019-06-22,38.41
JW화순2,2019-06-23,38.43
JW화순2,2019-06-24,38.48
JW화순2,2019-06-25,38.48
JW화순2,2019-06-26,38.43
JW화순2,2019-06-27,38.43
JW화순2,2019-06-28,38.45
JW화순2,2019-06-29,38.41
JW화순2,2019-06-30,38.45
JW화순2,2019-07-01,38.5
JW화순2,2019-07-02,38.55
JW화순2,2019-07-03,38.55
JW화순2,2019-07-04,38.55
JW화순2,2019-07-05,38.52
JW화순2,2019-07-06,38.52
JW화순2,2019-07-07,38.54
JW화순2,2019-07-08,38.54
JW화순2,2019-07-09,38.53
JW화순2,2019-07-10,38.49
JW화순2,2019-07-11,38.54
JW화순2,2019-07-12,38.56
JW화순2,2019-07-13,38.51
JW화순2,2019-07-14,38.52
JW화순2,2019-07-15,38.56
JW화순2,2019-07-16,38.59
JW화순2,2019-07-17,38.59
JW화순2,2019-07-18,38.57
JW화순2,2019-07-19,38.57
JW화순2,2019-07-20,39.26
JW화순2,2019-07-21,40.3
JW화순2,2019-07-22,41.44
JW화순2,2019-07-23,42.98
JW화순2,2019-07-24,43.73
JW화순2,2019-07-25,44.01
JW화순2,2019-07-26,43.97
JW화순2,2019-07-27,43.83
JW화순2,2019-07-28,43.68
JW화순2,2019-07-29,43.5
JW화순2,2019-07-30,43.3
JW화순2,2019-07-31,43.1
JW화순2,2019-08-01,42.86
JW화순2,2019-08-02,42.58
JW화순2,2019-08-03,42.28
JW화순2,2019-08-04,41.96
JW화순2,2019-08-05,41.64
JW화순2,2019-08-06,41.34
JW화순2,2019-08-07,41.11
JW화순2,2019-08-08,40.89
JW화순2,2019-08-09,40.68
JW화순2,2019-08-10,40.46
JW화순2,2019-08-11,40.28
JW화순2,2019-08-12,40.2
JW화순2,2019-08-13,40.1
JW화순2,2019-08-14,39.96
JW화순2,2019-08-15,39.86
JW화순2,2019-08-16,39.82
JW화순2,2019-08-17,39.75
JW화순2,2019-08-18,39.69
JW화순2,2019-08-19,39.53
JW화순2,2019-08-20,39.38
JW화순2,2019-08-21,39.29
JW화순2,2019-08-22,39.22
JW화순2,2019-08-23,39.18
JW화순2,2019-08-24,39.12
JW화순2,2019-08-25,39.09
JW화순2,2019-08-26,39.03
JW화순2,2019-08-27,38.99
JW화순2,2019-08-28,39.36
JW화순2,2019-08-29,40.69
JW화순2,2019-08-30,42.19
JW화순2,2019-08-31,43.29
JW화순2,2019-09-01,44.36
JW화순2,2019-09-02,44.99
JW화순2,2019-09-03,45.18
JW화순2,2019-09-04,45.35
JW화순2,2019-09-05,45.8
JW화순2,2019-09-06,45.9
JW화순2,2019-09-07,46.43
JW화순2,2019-09-08,46.81
JW화순2,2019-09-09,47.39
JW화순2,2019-09-10,48.5
JW화순2,2019-09-11,48.88
JW화순2,2019-09-12,49.14
JW화순2,2019-09-13,49.05
JW화순2,2019-09-14,48.74
JW화순2,2019-09-15,48.28
JW화순2,2019-09-16,47.78
JW화순2,2019-09-17,47.31
JW화순2,2019-09-18,46.82
JW화순2,2019-09-19,46.31
JW화순2,2019-09-20,45.82
JW화순2,2019-09-21,45.36
JW화순2,2019-09-22,44.88
JW화순2,2019-09-23,44.63
JW화순2,2019-09-24,44.23
JW화순2,2019-09-25,43.9
JW화순2,2019-09-26,43.61
JW화순2,2019-09-27,43.35
JW화순2,2019-09-28,43.07
JW화순2,2019-09-29,42.82
JW화순2,2019-09-30,42.59
JW화순2,2019-10-01,42.41
JW화순2,2019-10-02,42.69
JW화순2,2019-10-03,43.26
JW화순2,2019-10-04,43.55
JW화순2,2019-10-05,44.12
JW화순2,2019-10-06,44.51
JW화순2,2019-10-07,44.56
JW화순2,2019-10-08,44.43
JW화순2,2019-10-09,44.18
JW화순2,2019-10-10,43.92
JW화순2,2019-10-11,43.69
JW화순2,2019-10-12,43.51
JW화순2,2019-10-13,43.39
JW화순2,2019-10-14,43.24
JW화순2,2019-10-15,43.06
JW화순2,2019-10-16,42.85
JW화순2,2019-10-17,42.63
JW화순2,2019-10-18,42.34
JW화순2,2019-10-19,42.07
JW화순2,2019-10-20,41.9
JW화순2,2019-10-21,41.7
JW화순2,2019-10-22,41.53
JW화순2,2019-10-23,41.37
JW화순2,2019-10-24,41.24
JW화순2,2019-10-25,41.12
JW화순2,2019-10-26,40.98
JW화순2,2019-10-27,40.84
JW화순2,2019-10-28,40.7
JW화순2,2019-10-29,40.57
JW화순2,2019-10-30,40.5
JW화순2,2019-10-31,40.38
JW화순2,2019-11-01,40.28
JW화순2,2019-11-02,40.18
JW화순2,2019-11-03,40.09
JW화순2,2019-11-04,40.03
JW화순2,2019-11-05,39.95
JW화순2,2019-11-06,39.86
JW화순2,2019-11-07,39.81
JW화순2,2019-11-08,39.77
JW화순2,2019-11-09,39.72
JW화순2,2019-11-10,39.63
JW화순2,2019-11-11,39.59
JW화순2,2019-11-12,39.6
JW화순2,2019-11-13,39.55
JW화순2,2019-11-14,39.54
JW화순2,2019-11-15,39.46
JW화순2,2019-11-16,39.39
JW화순2,2019-11-17,39.32
JW화순2,2019-11-18,39.29
JW화순2,2019-11-19,39.31
JW화순2,2019-11-20,39.3
JW화순2,2019-11-21,39.26
JW화순2,2019-11-22,39.2
JW화순2,2019-11-23,39.16
JW화순2,2019-11-24,39.11
JW화순2,2019-11-25,39.15
JW화순2,2019-11-26,39.13
JW화순2,2019-11-27,39.1
JW화순2,2019-11-28,39.1
JW화순2,2019-11-29,39.1
JW화순2,2019-11-30,39.08
JW화순2,2019-12-01,38.99
JW화순2,2019-12-02,39.02
JW화순2,2019-12-03,39.05
JW화순2,2019-12-04,39.06
JW화순2,2019-12-05,39.08
JW화순2,2019-12-06,39.08
JW화순2,2019-12-07,39.04
JW화순2,2019-12-08,39.02
JW화순2,2019-12-09,38.99
JW화순2,2019-12-10,38.95
JW화순2,2019-12-11,38.92
JW화순2,2019-12-12,38.99
JW화순2,2019-12-13,38.99
JW화순2,2019-12-14,38.97
JW화순2,2019-12-15,38.98
JW화순2,2019-12-16,38.94
JW화순2,2019-12-17,38.88
JW화순2,2019-12-18,38.93
JW화순2,2019-12-19,38.87
JW화순2,2019-12-20,38.76
JW화순2,2019-12-21,38.76
JW화순2,2019-12-22,38.66
JW화순2,2019-12-23,38.69
JW화순2,2019-12-24,38.72
JW화순2,2019-12-25,38.69
JW화순2,2019-12-26,38.63
JW화순2,2019-12-27,38.72
JW화순2,2019-12-28,38.76
JW화순2,2019-12-29,38.72
JW화순2,2019-12-30,38.72
JW화순2,2019-12-31,38.8
JW화순2,2020-01-01,38.79
JW화순2,2020-01-02,38.78
JW화순2,2020-01-03,38.75
JW화순2,2020-01-04,38.74
JW화순2,2020-01-05,38.77
JW화순2,2020-01-06,38.73
JW화순2,2020-01-07,38.64
JW화순2,2020-01-08,38.68
JW화순2,2020-01-09,38.72
JW화순2,2020-01-10,38.7
JW화순2,2020-01-11,38.67
JW화순2,2020-01-12,38.67
JW화순2,2020-01-13,38.71
JW화순2,2020-01-14,38.72
JW화순2,2020-01-15,38.75
JW화순2,2020-01-16,38.72
JW화순2,2020-01-17,38.7
JW화순2,2020-01-18,38.7
JW화순2,2020-01-19,38.7
JW화순2,2020-01-20,38.72
JW화순2,2020-01-21,38.76
JW화순2,2020-01-22,38.71
JW화순2,2020-01-23,38.7
JW화순2,2020-01-24,38.75
JW화순2,2020-01-25,38.75
JW화순2,2020-01-26,38.71
JW화순2,2020-01-27,38.63
JW화순2,2020-01-28,38.67
JW화순2,2020-01-29,38.66
JW화순2,2020-01-30,38.66
JW화순2,2020-01-31,38.71
JW화순2,2020-02-01,38.76
JW화순2,2020-02-02,38.77
JW화순2,2020-02-03,38.77
JW화순2,2020-02-04,38.77
JW화순2,2020-02-05,38.79
JW화순2,2020-02-06,38.81
JW화순2,2020-02-07,38.79
JW화순2,2020-02-08,38.78
JW화순2,2020-02-09,38.77
JW화순2,2020-02-10,38.75
JW화순2,2020-02-11,38.77
JW화순2,2020-02-12,38.69
JW화순2,2020-02-13,38.71
JW화순2,2020-02-14,38.7
JW화순2,2020-02-15,38.69
JW화순2,2020-02-16,38.68
JW화순2,2020-02-17,38.73
JW화순2,2020-02-18,38.79
JW화순2,2020-02-19,38.8
JW화순2,2020-02-20,38.83
JW화순2,2020-02-21,38.82
JW화순2,2020-02-22,38.79
JW화순2,2020-02-23,38.81
JW화순2,2020-02-24,38.77
JW화순2,2020-02-25,38.69
JW화순2,2020-02-26,38.73
JW화순2,2020-02-27,38.78
JW화순2,2020-02-28,38.73
JW화순2,2020-02-29,38.67
JW화순2,2020-03-01,38.7
JW화순2,2020-03-02,38.74
JW화순2,2020-03-03,38.75
JW화순2,2020-03-04,38.75
JW화순2,2020-03-05,38.77
JW화순2,2020-03-06,38.74
JW화순2,2020-03-07,38.68
JW화순2,2020-03-08,38.69
JW화순2,2020-03-09,38.63
JW화순2,2020-03-10,38.61
JW화순2,2020-03-11,38.71
JW화순2,2020-03-12,38.74
JW화순2,2020-03-13,38.72
JW화순2,2020-03-14,38.7
JW화순2,2020-03-15,38.68
JW화순2,2020-03-16,38.74
JW화순2,2020-03-17,38.72
JW화순2,2020-03-18,38.68
JW화순2,2020-03-19,38.64
JW화순2,2020-03-20,38.69
JW화순2,2020-03-21,38.66
JW화순2,2020-03-22,38.64
JW화순2,2020-03-23,38.69
JW화순2,2020-03-24,38.71
JW화순2,2020-03-25,38.7
JW화순2,2020-03-26,38.67
JW화순2,2020-03-27,38.66
JW화순2,2020-03-28,38.71
JW화순2,2020-03-29,38.73
JW화순2,2020-03-30,38.72
JW화순2,2020-03-31,38.7
JW화순2,2020-04-01,38.69
JW화순2,2020-04-02,38.75
JW화순2,2020-04-03,38.75
JW화순2,2020-04-04,38.74
JW화순2,2020-04-05,38.75
JW화순2,2020-04-06,38.74
JW화순2,2020-04-07,38.7
JW화순2,2020-04-08,38.71
JW화순2,2020-04-09,38.73
JW화순2,2020-04-10,38.75
JW화순2,2020-04-11,38.71
JW화순2,2020-04-12,38.64
JW화순2,2020-04-13,38.66
JW화순2,2020-04-14,38.7
JW화순2,2020-04-15,38.67
JW화순2,2020-04-16,38.64
JW화순2,2020-04-17,38.56
JW화순2,2020-04-18,38.59
JW화순2,2020-04-19,38.53
JW화순2,2020-04-20,38.56
JW화순2,2020-04-21,38.6
JW화순2,2020-04-22,38.62
JW화순2,2020-04-23,38.62
JW화순2,2020-04-24,38.61
JW화순2,2020-04-25,38.59
JW화순2,2020-04-26,38.6
JW화순2,2020-04-27,38.62
JW화순2,2020-04-28,38.64
JW화순2,2020-04-29,38.62
JW화순2,2020-04-30,38.59
JW화순2,2020-05-01,38.57
JW화순2,2020-05-02,38.54
JW화순2,2020-05-03,38.48
JW화순2,2020-05-04,38.52
JW화순2,2020-05-05,38.53
JW화순2,2020-05-06,38.54
JW화순2,2020-05-07,38.57
JW화순2,2020-05-08,38.57
JW화순2,2020-05-09,38.53
JW화순2,2020-05-10,38.57
JW화순2,2020-05-11,38.59
JW화순2,2020-05-12,38.59
JW화순2,2020-05-13,38.69
JW화순2,2020-05-14,38.73
JW화순2,2020-05-15,38.77
JW화순2,2020-05-16,38.9
JW화순2,2020-05-17,38.97
JW화순2,2020-05-18,38.97
JW화순2,2020-05-19,39.03
JW화순2,2020-05-20,39.08
JW화순2,2020-05-21,39.08
JW화순2,2020-05-22,39.05
JW화순2,2020-05-23,39.02
JW화순2,2020-05-24,39.01
JW화순2,2020-05-25,38.99
JW화순2,2020-05-26,38.96
JW화순2,2020-05-27,38.95
JW화순2,2020-05-28,38.94
JW화순2,2020-05-29,38.94
JW화순2,2020-05-30,38.93
JW화순2,2020-05-31,38.87
JW화순2,2020-06-01,38.85
JW화순2,2020-06-02,38.8
JW화순2,2020-06-03,38.75
JW화순2,2020-06-04,38.74
JW화순2,2020-06-05,38.73
JW화순2,2020-06-06,38.72
JW화순2,2020-06-07,38.74
JW화순2,2020-06-08,38.74
JW화순2,2020-06-09,38.73
JW화순2,2020-06-10,38.69
JW화순2,2020-06-11,38.65
JW화순2,2020-06-12,38.66
JW화순2,2020-06-13,38.7
JW화순2,2020-06-14,38.87
JW화순2,2020-06-15,38.99
JW화순2,2020-06-16,39.04
JW화순2,2020-06-17,39.14
JW화순2,2020-06-18,39.3
JW화순2,2020-06-19,39.57
JW화순2,2020-06-20,39.73
JW화순2,2020-06-21,39.8
JW화순2,2020-06-22,39.86
JW화순2,2020-06-23,39.87
JW화순2,2020-06-24,39.88
JW화순2,2020-06-25,40.41
JW화순2,2020-06-26,40.7
JW화순2,2020-06-27,41.0
JW화순2,2020-06-28,41.42
JW화순2,2020-06-29,41.71
JW화순2,2020-06-30,42.24
JW화순2,2020-07-01,42.55
JW화순2,2020-07-02,42.71
JW화순2,2020-07-03,42.8
JW화순2,2020-07-04,42.94
JW화순2,2020-07-05,42.98
JW화순2,2020-07-06,43.04
JW화순2,2020-07-07,43.65
JW화순2,2020-07-08,44.82
JW화순2,2020-07-09,45.63
JW화순2,2020-07-10,46.62
JW화순2,2020-07-11,47.3
JW화순2,2020-07-12,47.42
JW화순2,2020-07-13,47.34
JW화순2,2020-07-14,47.19
JW화순2,2020-07-15,46.94
JW화순2,2020-07-16,46.62
JW화순2,2020-07-17,46.29
JW화순2,2020-07-18,45.92
JW화순2,2020-07-19,45.54
JW화순2,2020-07-20,45.19
JW화순2,2020-07-21,44.84
JW화순2,2020-07-22,44.46
JW화순2,2020-07-23,44.05
JW화순2,2020-07-24,43.73
JW화순2,2020-07-25,43.5
JW화순2,2020-07-26,43.28
JW화순2,2020-07-27,43.07
JW화순2,2020-07-28,42.99
JW화순2,2020-07-29,42.84
JW화순2,2020-07-30,42.71
JW화순2,2020-07-31,42.57
JW화순2,2020-08-01,42.41
JW화순2,2020-08-02,42.25
JW화순2,2020-08-03,42.09
JW화순2,2020-08-04,41.92
JW화순2,2020-08-05,41.75
JW화순2,2020-08-06,41.59
JW화순2,2020-08-07,41.43
JW화순2,2020-08-08,41.29
JW화순2,2020-08-09,41.18
JW화순2,2020-08-10,41.06
JW화순2,2020-08-11,40.99
JW화순2,2020-08-12,40.89
JW화순2,2020-08-13,40.75
JW화순2,2020-08-14,40.62
JW화순2,2020-08-15,40.51
JW화순2,2020-08-16,40.42
JW화순2,2020-08-17,40.34
JW화순2,2020-08-18,40.24
JW화순2,2020-08-19,40.16
JW화순2,2020-08-20,40.1
JW화순2,2020-08-21,40.02
JW화순2,2020-08-22,39.93
JW화순2,2020-08-23,39.83
JW화순2,2020-08-24,39.77
JW화순2,2020-08-25,39.7
JW화순2,2020-08-26,39.66
JW화순2,2020-08-27,39.79
JW화순2,2020-08-28,39.79
JW화순2,2020-08-29,39.79
JW화순2,2020-08-30,39.79
JW화순2,2020-08-31,39.75
JW화순2,2020-09-01,39.69
JW화순2,2020-09-02,39.64
JW화순2,2020-09-03,43.01
JW화순2,2020-09-04,44.1
JW화순2,2020-09-05,46.16
JW화순2,2020-09-06,47.26
JW화순2,2020-09-07,47.56
JW화순2,2020-09-08,47.65
JW화순2,2020-09-09,47.48
JW화순2,2020-09-10,47.33
JW화순2,2020-09-11,47.12
JW화순2,2020-09-12,46.81
JW화순2,2020-09-13,46.48
JW화순2,2020-09-14,46.11
JW화순2,2020-09-15,45.75
JW화순2,2020-09-16,45.41
JW화순2,2020-09-17,45.13
JW화순2,2020-09-18,45.03
JW화순2,2020-09-19,44.88
JW화순2,2020-09-20,44.64
JW화순2,2020-09-21,44.42
JW화순2,2020-09-22,44.2
JW화순2,2020-09-23,44.01
JW화순2,2020-09-24,43.79
JW화순2,2020-09-25,43.58
JW화순2,2020-09-26,43.45
JW화순2,2020-09-27,43.3
JW화순2,2020-09-28,43.13
JW화순2,2020-09-29,42.94
JW화순2,2020-09-30,42.77
JW화순2,2020-10-01,42.63
JW화순2,2020-10-02,42.48
JW화순2,2020-10-03,42.31
JW화순2,2020-10-04,42.13
JW화순2,2020-10-05,42.01
JW화순2,2020-10-06,41.87
JW화순2,2020-10-07,41.72
JW화순2,2020-10-08,41.55
JW화순2,2020-10-09,41.39
JW화순2,2020-10-10,41.24
JW화순2,2020-10-11,41.1
JW화순2,2020-10-12,40.99
JW화순2,2020-10-13,40.9
JW화순2,2020-10-14,40.81
JW화순2,2020-10-15,40.69
JW화순2,2020-10-16,40.57
JW화순2,2020-10-17,40.47
JW화순2,2020-10-18,40.39
JW화순2,2020-10-19,40.31
JW화순2,2020-10-20,40.24
JW화순2,2020-10-21,40.13
JW화순2,2020-10-22,40.08
JW화순2,2020-10-23,40.05
JW화순2,2020-10-24,40.04
JW화순2,2020-10-25,40.0
JW화순2,2020-10-26,39.94
JW화순2,2020-10-27,39.91
JW화순2,2020-10-28,39.87
JW화순2,2020-10-29,39.84
JW화순2,2020-10-30,39.81
JW화순2,2020-10-31,39.78
JW화순2,2020-11-01,39.71
JW화순2,2020-11-02,39.66
JW화순2,2020-11-03,39.61
JW화순2,2020-11-04,39.59
JW화순2,2020-11-05,39.55
JW화순2,2020-11-06,39.47
JW화순2,2020-11-07,39.42
JW화순2,2020-11-08,39.42
JW화순2,2020-11-09,39.4
JW화순2,2020-11-10,39.4
JW화순2,2020-11-11,39.4
JW화순2,2020-11-12,39.37
JW화순2,2020-11-13,39.33
JW화순2,2020-11-14,39.32
JW화순2,2020-11-15,39.29
JW화순2,2020-11-16,39.26
JW화순2,2020-11-17,39.23
JW화순2,2020-11-18,39.18
JW화순2,2020-11-19,39.12
JW화순2,2020-11-20,39.16
JW화순2,2020-11-21,39.19
JW화순2,2020-11-22,39.18
JW화순2,2020-11-23,39.23
JW화순2,2020-11-24,39.22
JW화순2,2020-11-25,39.2
JW화순2,2020-11-26,39.2
JW화순2,2020-11-27,39.2
JW화순2,2020-11-28,39.22
JW화순2,2020-11-29,39.23
JW화순2,2020-11-30,39.26
JW화순2,2020-12-01,39.24
JW화순2,2020-12-02,39.2
JW화순2,2020-12-03,39.2
JW화순2,2020-12-04,39.21
JW화순2,2020-12-05,39.21
JW화순2,2020-12-06,39.19
JW화순2,2020-12-07,39.19
JW화순2,2020-12-08,39.18
JW화순2,2020-12-09,39.15
JW화순2,2020-12-10,39.12
JW화순2,2020-12-11,39.09
JW화순2,2020-12-12,39.08
JW화순2,2020-12-13,39.09
JW화순2,2020-12-14,39.17
JW화순2,2020-12-15,39.2
JW화순2,2020-12-16,39.2
JW화순2,2020-12-17,39.21
JW화순2,2020-12-18,39.19
JW화순2,2020-12-19,39.22
JW화순2,2020-12-20,39.22
JW화순2,2020-12-21,39.2
JW화순2,2020-12-22,39.18
JW화순2,2020-12-23,39.15
JW화순2,2020-12-24,39.09
JW화순2,2020-12-25,39.14
JW화순2,2020-12-26,39.15
JW화순2,2020-12-27,39.09
JW화순2,2020-12-28,39.12
JW화순2,2020-12-29,39.08
JW화순2,2020-12-30,39.12
JW화순2,2020-12-31,39.16
JW화순2,2021-01-01,39.17
JW화순2,2021-01-02,39.17
JW화순2,2021-01-03,39.21
JW화순2,2021-01-04,39.19
JW화순2,2021-01-05,39.17
JW화순2,2021-01-06,39.15
JW화순2,2021-01-07,39.15
JW화순2,2021-01-08,39.14
JW화순2,2021-01-09,39.14
JW화순2,2021-01-10,39.17
JW화순2,2021-01-11,39.15
JW화순2,2021-01-12,39.1
JW화순2,2021-01-13,39.09
JW화순2,2021-01-14,39.11
JW화순2,2021-01-15,39.09
JW화순2,2021-01-16,39.13
JW화순2,2021-01-17,39.18
JW화순2,2021-01-18,39.14
JW화순2,2021-01-19,39.19
JW화순2,2021-01-20,39.18
JW화순2,2021-01-21,39.13
JW화순2,2021-01-22,39.09
JW화순2,2021-01-23,39.05
JW화순2,2021-01-24,39.13
JW화순2,2021-01-25,39.14
JW화순2,2021-01-26,39.09
JW화순2,2021-01-27,39.12
JW화순2,2021-01-28,39.1
JW화순2,2021-01-29,39.17
JW화순2,2021-01-30,39.19
JW화순2,2021-01-31,39.18
JW화순2,2021-02-01,39.11
JW화순2,2021-02-02,39.17
JW화순2,2021-02-03,39.19
JW화순2,2021-02-04,39.18
JW화순2,2021-02-05,39.14
JW화순2,2021-02-06,39.1
JW화순2,2021-02-07,39.12
JW화순2,2021-02-08,38.83
JW화순2,2021-02-09,38.7
JW화순2,2021-02-10,38.67
JW화순2,2021-02-11,38.66
JW화순2,2021-02-12,38.66
JW화순2,2021-02-13,38.65
JW화순2,2021-02-14,38.57
JW화순2,2021-02-15,38.56
JW화순2,2021-02-16,38.59
JW화순2,2021-02-17,38.62
JW화순2,2021-02-18,38.65
JW화순2,2021-02-19,38.63
JW화순2,2021-02-20,38.58
JW화순2,2021-02-21,38.57
JW화순2,2021-02-22,38.56
JW화순2,2021-02-23,38.63
JW화순2,2021-02-24,38.63
JW화순2,2021-02-25,38.59
JW화순2,2021-02-26,38.56
JW화순2,2021-02-27,38.61
JW화순2,2021-02-28,38.62
JW화순2,2021-03-01,38.55
JW화순2,2021-03-02,38.62
JW화순2,2021-03-03,38.67
JW화순2,2021-03-04,38.6
JW화순2,2021-03-05,38.58
JW화순2,2021-03-06,38.62
JW화순2,2021-03-07,38.65
JW화순2,2021-03-08,38.64
JW화순2,2021-03-09,38.63
JW화순2,2021-03-10,38.65
JW화순2,2021-03-11,38.63
JW화순2,2021-03-12,38.56
JW화순2,2021-03-13,38.6
JW화순2,2021-03-14,38.59
JW화순2,2021-03-15,38.56
JW화순2,2021-03-16,38.54
JW화순2,2021-03-17,38.56
JW화순2,2021-03-18,38.57
JW화순2,2021-03-19,38.55
JW화순2,2021-03-20,38.5
JW화순2,2021-03-21,38.56
JW화순2,2021-03-22,38.62
JW화순2,2021-03-23,38.62
JW화순2,2021-03-24,38.59
JW화순2,2021-03-25,38.59
JW화순2,2021-03-26,38.58
JW화순2,2021-03-27,38.5
JW화순2,2021-03-28,38.47
JW화순2,2021-03-29,38.48
JW화순2,2021-03-30,38.49
JW화순2,2021-03-31,38.5
JW화순2,2021-04-01,38.5
JW화순2,2021-04-02,38.52
JW화순2,2021-04-03,38.51
JW화순2,2021-04-04,38.52
JW화순2,2021-04-05,38.58
JW화순2,2021-04-06,38.58
JW화순2,2021-04-07,38.58
JW화순2,2021-04-08,38.56
JW화순2,2021-04-09,38.59
JW화순2,2021-04-10,38.65
JW화순2,2021-04-11,38.65
JW화순2,2021-04-12,38.57
JW화순2,2021-04-13,38.57
JW화순2,2021-04-14,38.61
JW화순2,2021-04-15,38.61
JW화순2,2021-04-16,38.61
JW화순2,2021-04-17,38.63
JW화순2,2021-04-18,38.68
JW화순2,2021-04-19,38.72
JW화순2,2021-04-20,38.77
JW화순2,2021-04-21,38.79
JW화순2,2021-04-22,38.75
JW화순2,2021-04-23,38.71
JW화순2,2021-04-24,38.7
JW화순2,2021-04-25,38.68
JW화순2,2021-04-26,38.68
JW화순2,2021-04-27,38.65
JW화순2,2021-04-28,38.62
JW화순2,2021-04-29,38.52
JW화순2,2021-04-30,38.51
JW화순2,2021-05-01,38.51
JW화순2,2021-05-02,38.59
JW화순2,2021-05-03,38.64
JW화순2,2021-05-04,38.61
JW화순2,2021-05-05,38.65
JW화순2,2021-05-06,38.68
JW화순2,2021-05-07,38.62
JW화순2,2021-05-08,38.6
JW화순2,2021-05-09,38.63
JW화순2,2021-05-10,38.64
JW화순2,2021-05-11,38.62
JW화순2,2021-05-12,38.61
JW화순2,2021-05-13,38.63
JW화순2,2021-05-14,38.63
JW화순2,2021-05-15,38.6
JW화순2,2021-05-16,38.57
JW화순2,2021-05-17,38.61
JW화순2,2021-05-18,38.63
JW화순2,2021-05-19,38.63
JW화순2,2021-05-20,38.57
JW화순2,2021-05-21,38.62
JW화순2,2021-05-22,38.63
JW화순2,2021-05-23,38.63
JW화순2,2021-05-24,38.61
JW화순2,2021-05-25,38.62
JW화순2,2021-05-26,38.61
JW화순2,2021-05-27,38.57
JW화순2,2021-05-28,38.57
JW화순2,2021-05-29,38.6
JW화순2,2021-05-30,38.61
JW화순2,2021-05-31,38.62
JW화순2,2021-06-01,38.64
JW화순2,2021-06-02,38.63
JW화순2,2021-06-03,38.54
JW화순2,2021-06-04,38.55
JW화순2,2021-06-05,38.55
JW화순2,2021-06-06,38.58
JW화순2,2021-06-07,38.63
JW화순2,2021-06-08,38.63
JW화순2,2021-06-09,38.62
JW화순2,2021-06-10,38.61
JW화순2,2021-06-11,38.6
JW화순2,2021-06-12,38.65
JW화순2,2021-06-13,38.65
JW화순2,2021-06-14,38.63
JW화순2,2021-06-15,38.62
JW화순2,2021-06-16,38.74
JW화순2,2021-06-17,38.86
JW화순2,2021-06-18,38.88
JW화순2,2021-06-19,38.91
JW화순2,2021-06-20,38.94
JW화순2,2021-06-21,38.97
JW화순2,2021-06-22,38.98
JW화순2,2021-06-23,38.99
JW화순2,2021-06-24,38.97
JW화순2,2021-06-25,38.95
JW화순2,2021-06-26,38.91
JW화순2,2021-06-27,38.85
JW화순2,2021-06-28,38.81
JW화순2,2021-06-29,38.81
JW화순2,2021-06-30,38.79
JW화순2,2021-07-01,38.77
JW화순2,2021-07-02,38.77
JW화순2,2021-07-03,38.75
JW화순2,2021-07-04,38.78
JW화순2,2021-07-05,38.84
JW화순2,2021-07-06,38.86
JW화순2,2021-07-07,38.87
JW화순2,2021-07-08,38.87
JW화순2,2021-07-09,38.89
JW화순2,2021-07-10,38.91
JW화순2,2021-07-11,38.92
JW화순2,2021-07-12,38.9
JW화순2,2021-07-13,38.88
JW화순2,2021-07-14,38.88
JW화순2,2021-07-15,38.87
JW화순2,2021-07-16,38.85
JW화순2,2021-07-17,38.8
JW화순2,2021-07-18,38.79
JW화순2,2021-07-19,38.83
JW화순2,2021-07-20,38.83
JW화순2,2021-07-21,38.8
JW화순2,2021-07-22,38.79
JW화순2,2021-07-23,38.77
JW화순2,2021-07-24,38.75
JW화순2,2021-07-25,38.73
JW화순2,2021-07-26,38.72
JW화순2,2021-07-27,38.7
JW화순2,2021-07-28,38.69
JW화순2,2021-07-29,38.67
JW화순2,2021-07-30,38.65
JW화순2,2021-07-31,38.64
JW화순2,2021-08-01,38.63
JW화순2,2021-08-02,38.63
JW화순2,2021-08-03,38.66
JW화순2,2021-08-04,38.66
JW화순2,2021-08-05,38.63
JW화순2,2021-08-06,38.59
JW화순2,2021-08-07,38.58
JW화순2,2021-08-08,38.57
JW화순2,2021-08-09,38.59
JW화순2,2021-08-10,38.62
JW화순2,2021-08-11,38.63
JW화순2,2021-08-12,38.64
JW화순2,2021-08-13,38.6
JW화순2,2021-08-14,38.61
JW화순2,2021-08-15,38.7
JW화순2,2021-08-16,38.71
JW화순2,2021-08-17,38.7
JW화순2,2021-08-18,38.72
JW화순2,2021-08-19,38.75
JW화순2,2021-08-20,38.75
JW화순2,2021-08-21,38.71
JW화순2,2021-08-22,38.76
JW화순2,2021-08-23,39.0
JW화순2,2021-08-24,39.07
JW화순2,2021-08-25,39.37
JW화순2,2021-08-26,39.71
JW화순2,2021-08-27,39.98
JW화순2,2021-08-28,40.25
JW화순2,2021-08-29,40.46
JW화순2,2021-08-30,40.6
JW화순2,2021-08-31,40.64
JW화순2,2021-09-01,40.58
JW화순2,2021-09-02,40.53
JW화순2,2021-09-03,40.49
JW화순2,2021-09-08,41.77
JW화순2,2021-09-09,41.78
JW화순2,2021-09-10,41.7
JW화순2,2021-09-11,41.61
JW화순2,2021-09-12,41.5
JW화순2,2021-09-13,41.36
JW화순2,2021-09-14,41.38
JW화순2,2021-09-15,41.94
JW화순2,2021-09-16,42.13
JW화순2,2021-09-17,42.75
JW화순2,2021-09-18,43.37
JW화순2,2021-09-19,43.66
JW화순2,2021-09-20,44.05
JW화순2,2021-09-21,44.31
JW화순2,2021-09-22,44.38
JW화순2,2021-09-23,44.27
JW화순2,2021-09-24,44.05
JW화순2,2021-09-25,43.8
JW화순2,2021-09-26,43.57
JW화순2,2021-09-27,43.35
JW화순2,2021-09-28,43.14
JW화순2,2021-09-29,42.95
JW화순2,2021-09-30,42.77
JW화순2,2021-10-01,42.57
JW화순2,2021-10-02,42.35
JW화순2,2021-10-03,42.1
JW화순2,2021-10-04,41.83
JW화순2,2021-10-05,41.57
JW화순2,2021-10-06,41.31
JW화순2,2021-10-07,41.09
JW화순2,2021-10-08,40.9
JW화순2,2021-10-09,40.73
JW화순2,2021-10-10,40.56
JW화순2,2021-10-11,40.44
JW화순2,2021-10-12,40.32
JW화순2,2021-10-13,40.16
JW화순2,2021-10-14,40.02
JW화순2,2021-10-15,39.89
JW화순2,2021-10-16,39.82
JW화순2,2021-10-17,39.76
JW화순2,2021-10-18,39.65
JW화순2,2021-10-19,39.57
JW화순2,2021-10-20,39.52
JW화순2,2021-10-21,39.44
JW화순2,2021-10-22,39.41
JW화순2,2021-10-23,39.36
JW화순2,2021-10-24,39.26
JW화순2,2021-10-25,39.15
JW화순2,2021-10-26,39.07
JW화순2,2021-10-27,39.01
JW화순2,2021-10-28,38.96
JW화순2,2021-10-29,38.92
JW화순2,2021-10-30,38.87
JW화순2,2021-10-31,38.85
JW화순2,2021-11-01,38.81
JW화순2,2021-11-02,38.77
JW화순2,2021-11-03,38.74
JW화순2,2021-11-04,38.72
JW화순2,2021-11-05,38.67
JW화순2,2021-11-06,38.65
JW화순2,2021-11-07,38.63
JW화순2,2021-11-08,38.62
JW화순2,2021-11-09,38.59
JW화순2,2021-11-10,38.56
JW화순2,2021-11-11,38.56
JW화순2,2021-11-12,38.59
JW화순2,2021-11-13,38.58
JW화순2,2021-11-14,38.55
JW화순2,2021-11-15,38.55
JW화순2,2021-11-16,38.54
JW화순2,2021-11-17,38.53
JW화순2,2021-11-18,38.51
JW화순2,2021-11-19,38.5
JW화순2,2021-11-20,38.51
JW화순2,2021-11-21,38.48
JW화순2,2021-11-22,38.49
JW화순2,2021-11-23,38.51
JW화순2,2021-11-24,38.51
JW화순2,2021-11-25,38.5
JW화순2,2021-11-26,38.54
JW화순2,2021-11-27,38.59
JW화순2,2021-11-28,38.59
JW화순2,2021-11-29,38.53
JW화순2,2021-11-30,38.46
JW화순2,2021-12-01,38.53
JW화순2,2021-12-02,38.52
JW화순2,2021-12-03,38.51
JW화순2,2021-12-04,38.58
JW화순2,2021-12-05,38.59
JW화순2,2021-12-06,38.57
JW화순2,2021-12-07,38.59
JW화순2,2021-12-08,38.62
JW화순2,2021-12-09,38.6
JW화순2,2021-12-10,38.59
JW화순2,2021-12-11,38.59
JW화순2,2021-12-12,38.59
JW화순2,2021-12-13,38.62
JW화순2,2021-12-14,38.6
JW화순2,2021-12-15,38.59
JW화순2,2021-12-16,38.56
JW화순2,2021-12-17,38.61
JW화순2,2021-12-18,38.65
JW화순2,2021-12-19,38.63
JW화순2,2021-12-20,38.61
JW화순2,2021-12-21,38.59
JW화순2,2021-12-22,38.62
JW화순2,2021-12-23,38.64
JW화순2,2021-12-24,38.62
JW화순2,2021-12-25,38.67
JW화순2,2021-12-26,38.65
JW화순2,2021-12-27,38.64
JW화순2,2021-12-28,38.63
JW화순2,2021-12-29,38.58
JW화순2,2021-12-30,38.62
JW화순2,2021-12-31,38.66
JW화순2,2022-01-01,38.65
JW화순2,2022-01-02,38.63
JW화순2,2022-01-03,38.63
JW화순2,2022-01-04,38.65
JW화순2,2022-01-05,38.63
JW화순2,2022-01-06,38.66
JW화순2,2022-01-07,38.66
JW화순2,2022-01-08,38.63
JW화순2,2022-01-09,38.6
JW화순2,2022-01-10,38.59
JW화순2,2022-01-11,38.6
JW화순2,2022-01-12,38.63
JW화순2,2022-01-13,38.63
JW화순2,2022-01-14,38.64
JW화순2,2022-01-15,38.63
JW화순2,2022-01-16,38.64
JW화순2,2022-01-17,38.63
JW화순2,2022-01-18,38.61
JW화순2,2022-01-19,38.6
JW화순2,2022-01-20,38.62
JW화순2,2022-01-21,38.64
JW화순2,2022-01-22,38.61
JW화순2,2022-01-23,38.56
JW화순2,2022-01-24,38.57
JW화순2,2022-01-25,38.6
JW화순2,2022-01-26,38.62
JW화순2,2022-01-27,38.62
JW화순2,2022-01-28,38.62
JW화순2,2022-01-29,38.6
JW화순2,2022-01-30,38.6
JW화순2,2022-01-31,38.63
JW화순2,2022-02-01,38.62
JW화순2,2022-02-02,38.62
JW화순2,2022-02-03,38.61
JW화순2,2022-02-04,38.61
JW화순2,2022-02-05,38.64
JW화순2,2022-02-06,38.67
JW화순2,2022-02-07,38.65
JW화순2,2022-02-08,38.64
JW화순2,2022-02-09,38.63
JW화순2,2022-02-10,38.62
JW화순2,2022-02-11,38.64
JW화순2,2022-02-12,38.64
JW화순2,2022-02-13,38.6
JW화순2,2022-02-14,38.61
JW화순2,2022-02-15,38.64
JW화순2,2022-02-16,38.66
JW화순2,2022-02-17,38.69
JW화순2,2022-02-18,38.7
JW화순2,2022-02-19,38.67
JW화순2,2022-02-20,38.7
JW화순2,2022-02-21,38.74
JW화순2,2022-02-22,38.76
JW화순2,2022-02-23,38.77
JW화순2,2022-02-24,38.76
JW화순2,2022-02-25,38.73
JW화순2,2022-02-26,38.68
JW화순2,2022-02-27,38.67
JW화순2,2022-02-28,38.66
JW화순2,2022-03-01,38.61
JW화순2,2022-03-02,38.65
JW화순2,2022-03-03,38.65
JW화순2,2022-03-04,38.62
JW화순2,2022-03-05,38.62
JW화순2,2022-03-06,38.66
JW화순2,2022-03-07,38.65
JW화순2,2022-03-08,38.65
JW화순2,2022-03-09,38.66
JW화순2,2022-03-10,38.66
JW화순2,2022-03-11,38.63
JW화순2,2022-03-12,38.63
JW화순2,2022-03-13,38.58
JW화순2,2022-03-14,38.58
JW화순2,2022-03-15,38.6
JW화순2,2022-03-16,38.61
JW화순2,2022-03-17,38.6
JW화순2,2022-03-18,38.53
JW화순2,2022-03-19,38.58
JW화순2,2022-03-20,38.65
JW화순2,2022-03-21,38.68
JW화순2,2022-03-22,38.67
JW화순2,2022-03-23,38.66
JW화순2,2022-03-24,38.67
JW화순2,2022-03-25,38.63
JW화순2,2022-03-26,38.56
JW화순2,2022-03-27,38.65
JW화순2,2022-03-28,38.71
JW화순2,2022-03-29,38.73
JW화순2,2022-03-30,38.68
JW화순2,2022-03-31,38.69
JW화순2,2022-04-01,38.74
JW화순2,2022-04-02,38.74
JW화순2,2022-04-03,38.74
JW화순2,2022-04-04,38.74
JW화순2,2022-04-05,38.7
JW화순2,2022-04-06,38.67
JW화순2,2022-04-07,38.65
JW화순2,2022-04-08,38.57
JW화순2,2022-04-09,38.37
JW화순2,2022-04-10,38.36
JW화순2,2022-04-11,38.33
JW화순2,2022-04-12,38.32
JW화순2,2022-04-13,38.31
JW화순2,2022-04-14,38.33
JW화순2,2022-04-15,38.36
JW화순2,2022-04-16,38.38
JW화순2,2022-04-17,38.39
JW화순2,2022-04-18,38.37
JW화순2,2022-04-19,38.37
JW화순2,2022-04-20,38.36
JW화순2,2022-04-21,38.33
JW화순2,2022-04-22,38.33
JW화순2,2022-04-23,38.31
JW화순2,2022-04-24,38.3
JW화순2,2022-04-25,38.29
JW화순2,2022-04-26,38.25
JW화순2,2022-04-27,38.35
JW화순2,2022-04-28,38.37
JW화순2,2022-04-29,38.36
JW화순2,2022-04-30,38.41
JW화순2,2022-05-01,38.4
JW화순2,2022-05-02,38.41
JW화순2,2022-05-03,38.44
JW화순2,2022-05-04,38.45
JW화순2,2022-05-05,38.43
JW화순2,2022-05-06,38.4
JW화순2,2022-05-07,38.4
JW화순2,2022-05-08,38.4
JW화순2,2022-05-09,38.39
JW화순2,2022-05-10,38.38
JW화순2,2022-05-11,38.36
JW화순2,2022-05-12,38.33
JW화순2,2022-05-13,38.31
JW화순2,2022-05-14,38.35
JW화순2,2022-05-15,38.36
JW화순2,2022-05-16,38.35
JW화순2,2022-05-17,38.37
JW화순2,2022-05-18,38.4
JW화순2,2022-05-19,38.39
JW화순2,2022-05-20,38.34
JW화순2,2022-05-21,38.3
JW화순2,2022-05-22,38.29
JW화순2,2022-05-23,38.31
JW화순2,2022-05-24,38.31
JW화순2,2022-05-25,38.27
JW화순2,2022-05-26,38.23
JW화순2,2022-05-27,38.22
JW화순2,2022-05-28,38.24
JW화순2,2022-05-29,38.21
JW화순2,2022-05-30,38.19
JW화순2,2022-05-31,38.24
JW화순2,2022-06-01,38.21
JW화순2,2022-06-02,38.21
JW화순2,2022-06-03,38.22
JW화순2,2022-06-04,38.21
JW화순2,2022-06-05,38.13
JW화순2,2022-06-06,38.16
JW화순2,2022-06-07,38.21
JW화순2,2022-06-08,38.25
JW화순2,2022-06-09,38.26
JW화순2,2022-06-10,38.27
JW화순2,2022-06-11,38.25
JW화순2,2022-06-12,38.26
JW화순2,2022-06-13,38.22
JW화순2,2022-06-14,38.21
JW화순2,2022-06-15,38.24
JW화순2,2022-06-16,38.24
JW화순2,2022-06-17,38.23
JW화순2,2022-06-18,38.23
JW화순2,2022-06-19,38.22
JW화순2,2022-06-20,38.19
JW화순2,2022-06-21,38.17
JW화순2,2022-06-22,38.21
JW화순2,2022-06-23,38.19
JW화순2,2022-06-24,38.2
JW화순2,2022-06-25,38.28
JW화순2,2022-06-26,38.32
JW화순2,2022-06-27,38.31
JW화순2,2022-06-28,38.3
JW화순2,2022-06-29,38.31
JW화순2,2022-06-30,38.35
JW화순2,2022-07-01,38.36
JW화순2,2022-07-02,38.34
JW화순2,2022-07-03,38.3
JW화순2,2022-07-04,38.26
JW화순2,2022-07-05,38.27
JW화순2,2022-07-06,38.28
JW화순2,2022-07-07,38.28
JW화순2,2022-07-08,38.24
JW화순2,2022-07-09,38.22
JW화순2,2022-07-10,38.23
JW화순2,2022-07-11,38.24
JW화순2,2022-07-12,38.27
JW화순2,2022-07-13,38.26
JW화순2,2022-07-14,38.23
JW화순2,2022-07-15,38.21
JW화순2,2022-07-16,38.23
JW화순2,2022-07-17,38.26
JW화순2,2022-07-18,38.25
JW화순2,2022-07-19,38.29
JW화순2,2022-07-20,38.33
JW화순2,2022-07-21,38.31
JW화순2,2022-07-22,38.32
JW화순2,2022-07-23,38.3
JW화순2,2022-07-24,38.28
JW화순2,2022-07-25,38.32
JW화순2,2022-07-26,38.32
JW화순2,2022-07-27,38.3
JW화순2,2022-07-28,38.3
JW화순2,2022-07-29,38.29
JW화순2,2022-07-30,38.25
JW화순2,2022-07-31,38.27
JW화순2,2022-08-01,38.45
JW화순2,2022-08-02,38.72
JW화순2,2022-08-03,38.84
JW화순2,2022-08-04,39.09
JW화순2,2022-08-05,39.37
JW화순2,2022-08-06,39.53
JW화순2,2022-08-07,39.62
JW화순2,2022-08-08,39.62
JW화순2,2022-08-09,39.56
JW화순2,2022-08-10,39.47
JW화순2,2022-08-11,39.38
JW화순2,2022-08-12,39.31
JW화순2,2022-08-13,39.24
JW화순2,2022-08-14,39.17
JW화순2,2022-08-15,39.08
JW화순2,2022-08-16,39.0
JW화순2,2022-08-17,39.11
JW화순2,2022-08-18,39.59
JW화순2,2022-08-19,39.56
JW화순2,2022-08-20,39.59
JW화순2,2022-08-21,39.68
JW화순2,2022-08-22,39.72
JW화순2,2022-08-23,39.7
JW화순2,2022-08-24,39.66
JW화순2,2022-08-25,39.59
JW화순2,2022-08-26,39.5
JW화순2,2022-08-27,39.43
JW화순2,2022-08-28,39.38
JW화순2,2022-08-29,39.3
JW화순2,2022-08-30,39.19
JW화순2,2022-08-31,39.09
JW화순2,2022-09-01,39.03
JW화순2,2022-09-02,38.98
JW화순2,2022-09-03,39.02
JW화순2,2022-09-04,39.01
JW화순2,2022-09-05,39.48
JW화순2,2022-09-06,41.2
JW화순2,2022-09-07,41.99
JW화순2,2022-09-08,42.67
JW화순2,2022-09-09,43.24
JW화순2,2022-09-10,43.46
JW화순2,2022-09-11,43.41
JW화순2,2022-09-12,43.23
JW화순2,2022-09-13,43.02
JW화순2,2022-09-14,42.87
JW화순2,2022-09-15,42.66
JW화순2,2022-09-16,42.46
JW화순2,2022-09-17,42.21
JW화순2,2022-09-18,41.91
JW화순2,2022-09-19,41.69
JW화순2,2022-09-20,41.51
JW화순2,2022-09-21,41.28
JW화순2,2022-09-22,41.01
JW화순2,2022-09-23,40.78
JW화순2,2022-09-24,40.59
JW화순2,2022-09-25,40.37
JW화순2,2022-09-26,40.19
JW화순2,2022-09-27,40.02
JW화순2,2022-09-28,39.86
JW화순2,2022-09-29,39.74
JW화순2,2022-09-30,39.63
JW화순2,2022-10-01,39.53
JW화순2,2022-10-02,39.44
JW화순2,2022-10-03,39.35
JW화순2,2022-10-04,39.25
JW화순2,2022-10-05,39.18
JW화순2,2022-10-06,39.09
JW화순2,2022-10-07,39.01
JW화순2,2022-10-08,38.95
JW화순2,2022-10-09,38.86
JW화순2,2022-10-10,38.83
JW화순2,2022-10-11,38.8
JW화순2,2022-10-12,38.75
JW화순2,2022-10-13,38.68
JW화순2,2022-10-14,38.6
JW화순2,2022-10-15,38.55
JW화순2,2022-10-16,38.52
JW화순2,2022-10-17,38.5
JW화순2,2022-10-18,38.51
JW화순2,2022-10-19,38.52
JW화순2,2022-10-20,38.52
JW화순2,2022-10-21,38.49
JW화순2,2022-10-22,38.44
JW화순2,2022-10-23,38.41
JW화순2,2022-10-24,38.42
JW화순2,2022-10-25,38.46
JW화순2,2022-10-26,38.45
JW화순2,2022-10-27,38.44
JW화순2,2022-10-28,38.43
JW화순2,2022-10-29,38.42
JW화순2,2022-10-30,38.41
JW화순2,2022-10-31,38.39
JW화순2,2022-11-01,38.37
JW화순2,2022-11-02,38.36
JW화순2,2022-11-03,38.33
JW화순2,2022-11-04,38.36
JW화순2,2022-11-05,38.38
JW화순2,2022-11-06,38.37
JW화순2,2022-11-07,38.35
JW화순2,2022-11-08,38.36
JW화순2,2022-11-09,38.36
JW화순2,2022-11-10,38.34
JW화순2,2022-11-11,38.35
JW화순2,2022-11-12,38.3
JW화순2,2022-11-13,38.29
JW화순2,2022-11-14,38.31
JW화순2,2022-11-15,38.31
JW화순2,2022-11-16,38.33
JW화순2,2022-11-17,38.35
JW화순2,2022-11-18,38.39
JW화순2,2022-11-19,38.36
JW화순2,2022-11-20,38.34
JW화순2,2022-11-21,38.36
JW화순2,2022-11-22,38.34
JW화순2,2022-11-23,38.32
JW화순2,2022-11-24,38.35
JW화순2,2022-11-25,38.34
JW화순2,2022-11-26,38.31
JW화순2,2022-11-27,38.33
JW화순2,2022-11-28,38.3
JW화순2,2022-11-29,38.28
JW화순2,2022-11-30,38.41
JW화순2,2022-12-01,38.42
JW화순2,2022-12-02,38.4
JW화순2,2022-12-03,38.37
JW화순2,2022-12-04,38.38
JW화순2,2022-12-05,38.38
JW화순2,2022-12-06,38.38
JW화순2,2022-12-07,38.38
JW화순2,2022-12-08,38.36
JW화순2,2022-12-09,38.33
JW화순2,2022-12-10,38.29
JW화순2,2022-12-11,38.32
JW화순2,2022-12-12,38.31
JW화순2,2022-12-13,38.31
JW화순2,2022-12-14,38.36
JW화순2,2022-12-15,38.35
JW화순2,2022-12-16,38.36
JW화순2,2022-12-17,38.35
JW화순2,2022-12-18,38.33
JW화순2,2022-12-19,38.35
JW화순2,2022-12-20,38.34
JW화순2,2022-12-21,38.24
JW화순2,2022-12-22,38.22
JW화순2,2022-12-23,38.25
JW화순2,2022-12-24,38.28
JW화순2,2022-12-25,38.32
JW화순2,2022-12-26,38.34
JW화순2,2022-12-27,38.37
JW화순2,2022-12-28,38.38
JW화순2,2022-12-29,38.4
JW화순2,2022-12-30,38.4
JW화순2,2022-12-31,38.4
JW화순2,2023-01-01,38.39
JW화순2,2023-01-02,38.39
JW화순2,2023-01-03,38.38
JW화순2,2023-01-04,38.38
JW화순2,2023-01-05,38.38
JW화순2,2023-01-06,38.32
JW화순2,2023-01-07,38.3
JW화순2,2023-01-08,38.34
JW화순2,2023-01-09,38.33
JW화순2,2023-01-10,38.35
JW화순2,2023-01-11,38.34
JW화순2,2023-01-12,38.29
JW화순2,2023-01-13,38.23
JW화순2,2023-01-14,38.23
JW화순2,2023-01-15,38.29
JW화순2,2023-01-16,38.34
JW화순2,2023-01-17,38.37
JW화순2,2023-01-18,38.37
JW화순2,2023-01-19,38.37
JW화순2,2023-01-20,38.39
JW화순2,2023-01-21,38.41
JW화순2,2023-01-22,38.36
JW화순2,2023-01-23,38.34
JW화순2,2023-01-24,38.4
JW화순2,2023-01-25,38.43
JW화순2,2023-01-26,38.38
JW화순2,2023-01-27,38.37
JW화순2,2023-01-28,38.39
JW화순2,2023-01-29,38.37
JW화순2,2023-01-30,38.4
JW화순2,2023-01-31,38.37
JW화순2,2023-02-01,38.35
JW화순2,2023-02-02,38.4
JW화순2,2023-02-03,38.39
JW화순2,2023-02-04,38.41
JW화순2,2023-02-05,38.41
JW화순2,2023-02-06,38.35
JW화순2,2023-02-07,38.34
JW화순2,2023-02-08,38.41
JW화순2,2023-02-09,38.42
JW화순2,2023-02-10,38.39
JW화순2,2023-02-11,38.44
JW화순2,2023-02-12,38.43
JW화순2,2023-02-13,38.42
JW화순2,2023-02-14,38.48
JW화순2,2023-02-15,38.52
JW화순2,2023-02-16,38.56
JW화순2,2023-02-17,38.52
JW화순2,2023-02-18,38.47
JW화순2,2023-02-19,38.44
JW화순2,2023-02-20,38.49
JW화순2,2023-02-21,38.55
JW화순2,2023-02-22,38.53
JW화순2,2023-02-23,38.44
JW화순2,2023-02-24,38.4
JW화순2,2023-02-25,38.48
JW화순2,2023-02-26,38.54
JW화순2,2023-02-27,38.54
JW화순2,2023-02-28,38.52
JW화순2,2023-03-01,38.47
JW화순2,2023-03-02,38.55
JW화순2,2023-03-03,38.58
JW화순2,2023-03-04,38.57
JW화순2,2023-03-05,38.6
JW화순2,2023-03-06,38.6
JW화순2,2023-03-07,38.58
JW화순2,2023-03-08,38.57
JW화순2,2023-03-09,38.52
JW화순2,2023-03-10,38.56
JW화순2,2023-03-11,38.59
JW화순2,2023-03-12,38.59
JW화순2,2023-03-13,38.62
JW화순2,2023-03-14,38.59
JW화순2,2023-03-15,38.59
JW화순2,2023-03-16,38.63
JW화순2,2023-03-17,38.6
JW화순2,2023-03-18,38.58
JW화순2,2023-03-19,38.59
JW화순2,2023-03-20,38.56
JW화순2,2023-03-21,38.51
JW화순2,2023-03-22,38.5
JW화순2,2023-03-23,38.47
JW화순2,2023-03-24,38.55
JW화순2,2023-03-25,38.59
JW화순2,2023-03-26,38.6
JW화순2,2023-03-27,38.64
JW화순2,2023-03-28,38.69
JW화순2,2023-03-29,38.69
JW화순2,2023-03-30,38.65
JW화순2,2023-03-31,38.66
JW화순2,2023-04-01,38.63
JW화순2,2023-04-02,38.67
JW화순2,2023-04-03,38.72
JW화순2,2023-04-04,38.69
JW화순2,2023-04-05,38.65
JW화순2,2023-04-06,38.72
JW화순2,2023-04-07,38.77
JW화순2,2023-04-08,38.82
JW화순2,2023-04-09,38.84
JW화순2,2023-04-10,38.85
JW화순2,2023-04-11,38.83
JW화순2,2023-04-12,38.84
JW화순2,2023-04-13,38.89
JW화순2,2023-04-14,38.8
JW화순2,2023-04-15,38.73
JW화순2,2023-04-16,38.76
JW화순2,2023-04-17,38.87
JW화순2,2023-04-18,38.66
JW화순2,2023-04-19,38.37
JW화순2,2023-04-20,38.38
JW화순2,2023-04-21,38.39
JW화순2,2023-04-22,38.47
JW화순2,2023-04-23,38.54
JW화순2,2023-04-24,38.59
JW화순2,2023-04-25,38.47
JW화순2,2023-04-26,38.46
JW화순2,2023-04-27,38.49
JW화순2,2023-04-28,38.45
JW화순2,2023-04-29,38.39
JW화순2,2023-04-30,38.4
JW화순2,2023-05-01,38.45
JW화순2,2023-05-02,38.55
JW화순2,2023-05-03,38.54
JW화순2,2023-05-04,38.55
JW화순2,2023-05-05,39.93
JW화순2,2023-05-06,40.95
JW화순2,2023-05-07,43.04
JW화순2,2023-05-08,44.23
JW화순2,2023-05-09,44.66
JW화순2,2023-05-10,44.58
JW화순2,2023-05-11,44.26
JW화순2,2023-05-12,43.9
JW화순2,2023-05-13,43.6
JW화순2,2023-05-14,43.44
JW화순2,2023-05-15,43.17
JW화순2,2023-05-16,43.05
JW화순2,2023-05-17,42.78
JW화순2,2023-05-18,42.48
JW화순2,2023-05-19,42.46
JW화순2,2023-05-20,42.27
JW화순2,2023-05-21,42.04
JW화순2,2023-05-22,41.82
JW화순2,2023-05-23,41.65
JW화순2,2023-05-24,41.49
JW화순2,2023-05-25,41.23
JW화순2,2023-05-26,40.99
JW화순2,2023-05-27,40.85
JW화순2,2023-05-28,40.72
JW화순2,2023-05-29,40.47
JW화순2,2023-05-30,40.32
JW화순2,2023-05-31,40.4
JW화순2,2023-06-01,40.46
JW화순2,2023-06-02,40.96
JW화순2,2023-06-03,41.45
JW화순2,2023-06-04,41.62
JW화순2,2023-06-05,41.79
JW화순2,2023-06-06,42.1
JW화순2,2023-06-07,42.66
JW화순2,2023-06-08,42.8
JW화순2,2023-06-09,42.96
JW화순2,2023-06-10,43.01
JW화순2,2023-06-11,43.04
JW화순2,2023-06-12,43.03
JW화순2,2023-06-13,42.87
JW화순2,2023-06-14,42.76
JW화순2,2023-06-15,42.56
JW화순2,2023-06-16,42.41
JW화순2,2023-06-17,42.17
JW화순2,2023-06-18,41.91
JW화순2,2023-06-19,41.68
JW화순2,2023-06-20,41.37
JW화순2,2023-06-21,41.18
JW화순2,2023-06-22,41.12
JW화순2,2023-06-23,41.06
JW화순2,2023-06-24,41.15
JW화순2,2023-06-25,40.71
JW화순2,2023-06-26,40.9
JW화순2,2023-06-27,41.03
JW화순2,2023-06-28,40.97
JW화순2,2023-06-29,40.97
JW화순2,2023-06-30,41.1
JW화순2,2023-07-01,42.01
JW화순2,2023-07-02,42.47
JW화순2,2023-07-03,42.96
JW화순2,2023-07-04,43.34
JW화순2,2023-07-05,43.44
JW화순2,2023-07-06,43.68
JW화순2,2023-07-07,43.55
JW화순2,2023-07-08,43.67
JW화순2,2023-07-09,44.15
JW화순2,2023-07-10,44.29
JW화순2,2023-07-11,44.44
JW화순2,2023-07-12,44.56
JW화순2,2023-07-13,44.57
JW화순2,2023-07-14,44.49
JW화순2,2023-07-15,44.34
JW화순2,2023-07-16,44.11
JW화순2,2023-07-17,43.87
JW화순2,2023-07-18,43.84
JW화순2,2023-07-19,43.93
JW화순2,2023-07-20,43.88
JW화순2,2023-07-21,43.83
JW화순2,2023-07-22,44.11
JW화순2,2023-07-23,44.6
JW화순2,2023-07-24,44.94
JW화순2,2023-07-25,45.28
JW화순2,2023-07-26,45.38
JW화순2,2023-07-27,45.32
JW화순2,2023-07-28,45.17
JW화순2,2023-07-29,45.04
JW화순2,2023-07-30,44.87
JW화순2,2023-07-31,44.69
JW화순2,2023-08-01,44.49
JW화순2,2023-08-02,44.27
JW화순2,2023-08-03,44.02
JW화순2,2023-08-04,43.79
JW화순2,2023-08-05,43.59
JW화순2,2023-08-06,43.4
JW화순2,2023-08-07,43.21
JW화순2,2023-08-08,43.02
JW화순2,2023-08-09,42.82
JW화순2,2023-08-10,42.61
JW화순2,2023-08-11,42.37
JW화순2,2023-08-12,42.14
JW화순2,2023-08-13,41.91
JW화순2,2023-08-14,41.69
JW화순2,2023-08-15,41.47
JW화순2,2023-08-16,41.29
JW화순2,2023-08-17,41.11
JW화순2,2023-08-18,40.96
JW화순2,2023-08-19,40.81
JW화순2,2023-08-20,40.67
JW화순2,2023-08-21,40.55
JW화순2,2023-08-22,40.46
JW화순2,2023-08-23,40.56
JW화순2,2023-08-24,41.33
JW화순2,2023-08-25,41.77
JW화순2,2023-08-26,42.11
JW화순2,2023-08-27,42.36
JW화순2,2023-08-28,42.49
JW화순2,2023-08-29,42.55
JW화순2,2023-08-30,43.0
JW화순2,2023-08-31,43.89
JW화순2,2023-09-01,44.2
JW화순2,2023-09-02,45.33
JW화순2,2023-09-03,46.28
JW화순2,2023-09-04,46.95
JW화순2,2023-09-05,47.43
JW화순2,2023-09-06,47.48
JW화순2,2023-09-07,47.24
JW화순2,2023-09-08,46.86
JW화순2,2023-09-09,46.45
JW화순2,2023-09-10,46.02
JW화순2,2023-09-11,45.61
JW화순2,2023-09-12,45.19
JW화순2,2023-09-13,44.79
JW화순2,2023-09-14,44.4
JW화순2,2023-09-15,44.02
JW화순2,2023-09-16,43.7
JW화순2,2023-09-17,43.49
JW화순2,2023-09-18,43.31
JW화순2,2023-09-19,43.13
JW화순2,2023-09-20,42.96
JW화순2,2023-09-21,42.76
JW화순2,2023-09-22,42.53
JW화순2,2023-09-23,42.29
JW화순2,2023-09-24,42.06
JW화순2,2023-09-25,41.83
JW화순2,2023-09-26,41.61
JW화순2,2023-09-27,41.41
JW화순2,2023-09-28,41.22
JW화순2,2023-09-29,41.04
JW화순2,2023-09-30,40.88
JW화순2,2023-10-01,40.73
JW화순2,2023-10-02,40.57
JW화순2,2023-10-03,40.42
JW화순2,2023-10-04,40.3
JW화순2,2023-10-05,40.18
JW화순2,2023-10-06,40.05
JW화순2,2023-10-07,39.95
JW화순2,2023-10-08,39.86
JW화순2,2023-10-09,39.78
JW화순2,2023-10-10,39.7
JW화순2,2023-10-11,39.63
JW화순2,2023-10-12,39.56
JW화순2,2023-10-13,39.51
JW화순2,2023-10-14,39.47
JW화순2,2023-10-15,39.41
JW화순2,2023-10-16,39.34
JW화순2,2023-10-17,39.27
JW화순2,2023-10-18,39.19
JW화순2,2023-10-19,39.13
JW화순2,2023-10-20,39.09
JW화순2,2023-10-21,39.04
JW화순2,2023-10-22,38.99
JW화순2,2023-10-23,38.95
JW화순2,2023-10-24,38.93
JW화순2,2023-10-25,38.9
JW화순2,2023-10-26,38.88
JW화순2,2023-10-27,38.85
JW화순2,2023-10-28,38.81
JW화순2,2023-10-29,38.77
JW화순2,2023-10-30,38.74
JW화순2,2023-10-31,38.72
JW화순2,2023-11-01,38.7
JW화순2,2023-11-02,38.69
JW화순2,2023-11-03,38.69
JW화순2,2023-11-04,38.68
JW화순2,2023-11-05,38.68
JW화순2,2023-11-06,38.69
JW화순2,2023-11-07,38.68
JW화순2,2023-11-08,38.67
JW화순2,2023-11-09,38.67
JW화순2,2023-11-10,38.67
JW화순2,2023-11-11,38.67
JW화순2,2023-11-12,38.67
JW화순2,2023-11-13,38.66
JW화순2,2023-11-14,38.66
JW화순2,2023-11-15,38.65
JW화순2,2023-11-16,38.65
JW화순2,2023-11-17,38.65
JW화순2,2023-11-18,38.65
JW화순2,2023-11-19,38.64
JW화순2,2023-11-20,38.65
JW화순2,2023-11-21,38.65
JW화순2,2023-11-22,38.65
JW화순2,2023-11-23,38.65
JW화순2,2023-11-24,38.64
JW화순2,2023-11-25,38.63
JW화순2,2023-11-26,38.63
JW화순2,2023-11-27,38.64
JW화순2,2023-11-28,38.63
JW화순2,2023-11-29,38.63
JW화순2,2023-11-30,38.63
JW화순2,2023-12-01,38.62
JW화순2,2023-12-02,38.62
JW화순2,2023-12-03,38.62
JW화순2,2023-12-04,38.62
JW화순2,2023-12-05,38.62
JW화순2,2023-12-06,38.62
JW화순2,2023-12-07,38.62
JW화순2,2023-12-08,38.61
JW화순2,2023-12-09,38.61
JW화순2,2023-12-10,38.61
JW화순2,2023-12-11,38.62
JW화순2,2023-12-12,38.62
JW화순2,2023-12-13,38.61
JW화순2,2023-12-14,38.61
JW화순2,2023-12-15,38.62
JW화순2,2023-12-16,38.62
JW화순2,2023-12-17,38.61
JW화순2,2023-12-18,38.61
JW화순2,2023-12-19,38.61
JW화순2,2023-12-20,38.61
JW화순2,2023-12-21,38.61
JW화순2,2023-12-22,38.61
JW화순2,2023-12-23,38.6
JW화순2,2023-12-24,38.61
JW화순2,2023-12-25,38.61
JW화순2,2023-12-26,38.61
JW화순2,2023-12-27,38.61
JW화순2,2023-12-28,38.61
JW화순2,2023-12-29,38.61
JW화순2,2023-12-30,38.61
JW화순2,2023-12-31,38.61
JW화순2,2024-01-01,38.61
JW화순2,2024-01-02,38.61
JW화순2,2024-01-03,38.6
JW화순2,2024-01-04,38.6
JW화순2,2024-01-05,38.6
JW화순2,2024-01-06,38.6
JW화순2,2024-01-07,38.59
JW화순2,2024-01-08,38.59
JW화순2,2024-01-09,38.59
JW화순2,2024-01-10,38.59
JW화순2,2024-01-11,38.59
JW화순2,2024-01-12,38.58
JW화순2,2024-01-13,38.57
JW화순2,2024-01-14,38.57
JW화순2,2024-01-15,38.56
JW화순2,2024-01-16,38.56
JW화순2,2024-01-17,38.56
JW화순2,2024-01-18,38.56
JW화순2,2024-01-19,38.56
JW화순2,2024-01-20,38.56
JW화순2,2024-01-21,38.56
JW화순2,2024-01-22,38.55
JW화순2,2024-01-23,38.55
JW화순2,2024-01-24,38.56
JW화순2,2024-01-25,38.55
JW화순2,2024-01-26,38.55
JW화순2,2024-01-27,38.55
JW화순2,2024-01-28,38.55
JW화순2,2024-01-29,38.55
JW화순2,2024-01-30,38.55
JW화순2,2024-01-31,38.54
JW화순2,2024-02-01,38.54
JW화순2,2024-02-02,38.54
JW화순2,2024-02-03,38.54
JW화순2,2024-02-04,38.54
JW화순2,2024-02-05,38.55
JW화순2,2024-02-06,38.54
JW화순2,2024-02-07,38.54
JW화순2,2024-02-08,38.53
JW화순2,2024-02-09,38.54
JW화순2,2024-02-10,38.54
JW화순2,2024-02-11,38.54
JW화순2,2024-02-12,38.53
JW화순2,2024-02-13,38.53
JW화순2,2024-02-14,38.53
JW화순2,2024-02-15,38.54
JW화순2,2024-02-16,38.53
JW화순2,2024-02-17,38.53
JW화순2,2024-02-18,38.53
JW화순2,2024-02-19,38.54
JW화순2,2024-02-20,38.54
JW화순2,2024-02-21,38.54
JW화순2,2024-02-22,38.53
JW화순2,2024-02-23,38.53
JW화순2,2024-02-24,38.53
JW화순2,2024-02-25,38.54
JW화순2,2024-02-26,38.54
JW화순2,2024-02-27,38.53
JW화순2,2024-02-28,38.53
JW화순2,2024-02-29,38.54
JW화순2,2024-03-01,38.53
JW화순2,2024-03-02,38.53
JW화순2,2024-03-03,38.53
JW화순2,2024-03-04,38.53
JW화순2,2024-03-05,38.53
JW화순2,2024-03-06,38.53
JW화순2,2024-03-07,38.53
JW화순2,2024-03-08,38.52
JW화순2,2024-03-09,38.51
JW화순2,2024-03-10,38.51
JW화순2,2024-03-11,38.51
JW화순2,2024-03-12,38.52
JW화순2,2024-03-13,38.51
JW화순2,2024-03-14,38.51
JW화순2,2024-03-15,38.5
JW화순2,2024-03-16,38.51
JW화순2,2024-03-17,38.51
JW화순2,2024-03-18,38.5
JW화순2,2024-03-19,38.49
JW화순2,2024-03-20,38.49
JW화순2,2024-03-21,38.48
JW화순2,2024-03-22,38.48
JW화순2,2024-03-23,38.49
JW화순2,2024-03-24,38.49
JW화순2,2024-03-25,38.48
JW화순2,2024-03-26,38.48
JW화순2,2024-03-27,38.48
JW화순2,2024-03-28,38.49
JW화순2,2024-03-29,38.5
JW화순2,2024-03-30,38.5
JW화순2,2024-03-31,38.5
JW화순2,2024-04-01,38.5
JW화순2,2024-04-02,38.5
JW화순2,2024-04-03,38.52
JW화순2,2024-04-04,38.52
JW화순2,2024-04-05,38.52
JW화순2,2024-04-06,38.52
JW화순2,2024-04-07,38.52
JW화순2,2024-04-08,38.53
JW화순2,2024-04-09,38.53
JW화순2,2024-04-10,38.52
JW화순2,2024-04-11,38.52
JW화순2,2024-04-12,38.53
JW화순2,2024-04-13,38.53
JW화순2,2024-04-14,38.53
JW화순2,2024-04-15,38.53
JW화순2,2024-04-16,38.52
JW화순2,2024-04-17,38.52
JW화순2,2024-04-18,38.52
JW화순2,2024-04-19,38.51
JW화순2,2024-04-20,38.52
JW화순2,2024-04-21,38.52
JW화순2,2024-04-22,38.53
JW화순2,2024-04-23,38.53
JW화순2,2024-04-24,38.53
JW화순2,2024-04-25,38.52
JW화순2,2024-04-26,38.52
JW화순2,2024-04-27,38.5
JW화순2,2024-04-28,38.49
JW화순2,2024-04-29,38.53
JW화순2,2024-04-30,38.57
JW화순2,2024-05-01,38.58
JW화순2,2024-05-02,38.58
JW화순2,2024-05-03,38.6
JW화순2,2024-05-04,38.64
JW화순2,2024-05-05,38.75
JW화순2,2024-05-06,39.46
JW화순2,2024-05-07,39.92
JW화순2,2024-05-08,40.62
JW화순2,2024-05-09,41.5
JW화순2,2024-05-10,42.02
JW화순2,2024-05-11,42.24
JW화순2,2024-05-12,42.39
JW화순2,2024-05-13,42.46
JW화순2,2024-05-14,42.46
JW화순2,2024-05-15,42.48
JW화순2,2024-05-16,42.47
JW화순2,2024-05-17,42.41
JW화순2,2024-05-18,42.3
JW화순2,2024-05-19,42.18
JW화순2,2024-05-20,42.03
JW화순2,2024-05-21,41.83
JW화순2,2024-05-22,41.63
JW화순2,2024-05-23,41.44
JW화순2,2024-05-24,41.26
JW화순2,2024-05-25,41.05
JW화순2,2024-05-26,40.88
JW화순2,2024-05-27,40.82
JW화순2,2024-05-28,40.72
JW화순2,2024-05-29,40.57
JW화순2,2024-05-30,40.43
JW화순2,2024-05-31,40.3
JW화순2,2024-06-01,40.18
JW화순2,2024-06-02,40.05
JW화순2,2024-06-03,39.95
JW화순2,2024-06-04,39.83
JW화순2,2024-06-05,39.71
JW화순2,2024-06-06,39.62
JW화순2,2024-06-07,39.55
JW화순2,2024-06-08,39.52
JW화순2,2024-06-09,39.59
JW화순2,2024-06-10,39.57
JW화순2,2024-06-11,39.55
JW화순2,2024-06-12,39.53
JW화순2,2024-06-13,39.49
JW화순2,2024-06-14,39.43
JW화순2,2024-06-15,39.36
JW화순2,2024-06-16,39.28
JW화순2,2024-06-17,39.19
JW화순2,2024-06-18,39.12
JW화순2,2024-06-19,39.05
JW화순2,2024-06-20,39.16
JW화순2,2024-06-21,40.05
JW화순2,2024-06-22,40.12
JW화순2,2024-06-23,40.73
JW화순2,2024-06-24,41.95
JW화순2,2024-06-25,42.46
JW화순2,2024-06-26,42.82
JW화순2,2024-06-27,43.09
JW화순2,2024-06-28,43.67
JW화순2,2024-06-29,44.1
JW화순2,2024-06-30,45.45
JW화순2,2024-07-01,46.15
JW화순2,2024-07-02,46.84
JW화순2,2024-07-03,47.09
JW화순2,2024-07-04,47.02
JW화순2,2024-07-05,46.79
JW화순2,2024-07-06,46.49
JW화순2,2024-07-07,46.15
JW화순2,2024-07-08,45.79
JW화순2,2024-07-09,45.42
JW화순2,2024-07-10,45.06
JW화순2,2024-07-11,44.71
JW화순2,2024-07-12,44.35
JW화순2,2024-07-13,43.99
JW화순2,2024-07-14,43.68
JW화순2,2024-07-15,43.42
JW화순2,2024-07-16,43.18
JW화순2,2024-07-17,42.96
JW화순2,2024-07-18,42.76
JW화순2,2024-07-19,42.56
JW화순2,2024-07-20,42.43
JW화순2,2024-07-21,42.26
JW화순2,2024-07-22,42.09
JW화순2,2024-07-23,41.93
JW화순2,2024-07-24,41.78
JW화순2,2024-07-25,41.63
JW화순2,2024-07-26,41.47
JW화순2,2024-07-27,41.29
JW화순2,2024-07-28,41.13
JW화순2,2024-07-29,40.99
JW화순2,2024-07-30,40.85
JW화순2,2024-07-31,40.71
JW화순2,2024-08-01,40.58
JW화순2,2024-08-02,40.45
JW화순2,2024-08-03,40.32
JW화순2,2024-08-04,40.19
JW화순2,2024-08-05,40.09
JW화순2,2024-08-06,39.99
JW화순2,2024-08-07,39.9
JW화순2,2024-08-08,39.82
JW화순2,2024-08-09,39.74
JW화순2,2024-08-10,39.68
JW화순2,2024-08-11,39.63
JW화순2,2024-08-12,39.57
JW화순2,2024-08-13,39.51
JW화순2,2024-08-14,39.46
JW화순2,2024-08-15,39.41
JW화순2,2024-08-16,39.36
JW화순2,2024-08-17,39.31
JW화순2,2024-08-18,39.25
JW화순2,2024-08-19,39.19
JW화순2,2024-08-20,39.14
JW화순2,2024-08-21,39.11
JW화순2,2024-08-22,39.07
JW화순2,2024-08-23,39.03
JW화순2,2024-08-24,39.0
JW화순2,2024-08-25,38.96
JW화순2,2024-08-26,38.93
JW화순2,2024-08-27,38.91
JW화순2,2024-08-28,38.88
JW화순2,2024-08-29,38.85
JW화순2,2024-08-30,38.82
JW화순2,2024-08-31,38.76
JW화순2,2024-09-01,38.72
JW화순2,2024-09-02,38.68
JW화순2,2024-09-03,38.65
JW화순2,2024-09-04,38.63
JW화순2,2024-09-05,38.61
JW화순2,2024-09-06,38.59
JW화순2,2024-09-07,38.58
JW화순2,2024-09-08,38.57
JW화순2,2024-09-09,38.57
JW화순2,2024-09-10,38.56
JW화순2,2024-09-11,38.56
JW화순2,2024-09-12,38.56
JW화순2,2024-09-13,38.57
JW화순2,2024-09-14,38.57
JW화순2,2024-09-15,38.57
JW화순2,2024-09-16,38.57
JW화순2,2024-09-17,38.56
JW화순2,2024-09-18,38.56
JW화순2,2024-09-19,38.56
JW화순2,2024-09-20,38.57
JW화순2,2024-09-21,38.6
JW화순2,2024-09-22,38.62
JW화순2,2024-09-23,38.64
JW화순2,2024-09-24,38.65
JW화순2,2024-09-25,38.65
JW화순2,2024-09-26,38.65
JW화순2,2024-09-27,38.64
JW화순2,2024-09-28,38.63
JW화순2,2024-09-29,38.61
JW화순2,2024-09-30,38.6
JW화순2,2024-10-01,38.59
JW화순2,2024-10-02,38.58
JW화순2,2024-10-03,38.56
JW화순2,2024-10-04,38.55
JW화순2,2024-10-05,38.54
JW화순2,2024-10-06,38.54
JW화순2,2024-10-07,38.54
JW화순2,2024-10-08,38.54
JW화순2,2024-10-09,38.54
JW화순2,2024-10-10,38.54
JW화순2,2024-10-11,38.53
JW화순2,2024-10-12,38.52
JW화순2,2024-10-13,38.52
JW화순2,2024-10-14,38.52
JW화순2,2024-10-15,38.52
JW화순2,2024-10-16,38.52
JW화순2,2024-10-17,38.53
JW화순2,2024-10-18,38.53
JW화순2,2024-10-19,38.52
JW화순2,2024-10-20,38.52
JW화순2,2024-10-21,38.51
JW화순2,2024-10-22,38.52
JW화순2,2024-10-23,38.52
JW화순2,2024-10-24,38.52
JW화순2,2024-10-25,38.51
JW화순2,2024-10-26,38.53
JW화순2,2024-10-27,38.54
JW화순2,2024-10-28,38.54
JW화순2,2024-10-29,38.53
JW화순2,2024-10-30,38.52
JW화순2,2024-10-31,38.53
JW화순2,2024-11-01,38.55
JW화순2,2024-11-02,38.61
JW화순2,2024-11-03,38.67
JW화순2,2024-11-04,38.77
JW화순2,2024-11-05,38.93
JW화순2,2024-11-06,39.06
JW화순2,2024-11-07,39.16
JW화순2,2024-11-08,39.19
JW화순2,2024-11-09,39.16
JW화순2,2024-11-10,39.1
JW화순2,2024-11-11,39.03
JW화순2,2024-11-12,38.97
JW화순2,2024-11-13,38.9
JW화순2,2024-11-14,38.84
JW화순2,2024-11-15,38.81
JW화순2,2024-11-16,38.78
JW화순2,2024-11-17,38.74
JW화순2,2024-11-18,38.69
JW화순2,2024-11-19,38.67
JW화순2,2024-11-20,38.66
JW화순2,2024-11-21,38.65
JW화순2,2024-11-22,38.63
JW화순2,2024-11-23,38.62
JW화순2,2024-11-24,38.61
JW화순2,2024-11-25,38.61
JW화순2,2024-11-26,38.61
JW화순2,2024-11-27,38.61
JW화순2,2024-11-28,38.61
JW화순2,2024-11-29,38.61
JW화순2,2024-11-30,38.6
JW화순2,2024-12-01,38.61
JW화순2,2024-12-02,38.6
JW화순2,2024-12-03,38.6
JW화순2,2024-12-04,38.6
JW화순2,2024-12-05,38.59
JW화순2,2024-12-06,38.58
JW화순2,2024-12-07,38.58
JW화순2,2024-12-08,38.58
JW화순2,2024-12-09,38.57
JW화순2,2024-12-10,38.58
JW화순2,2024-12-11,38.57
JW화순2,2024-12-12,38.57
JW화순2,2024-12-13,38.56
JW화순2,2024-12-14,38.56
JW화순2,2024-12-15,38.56
JW화순2,2024-12-16,38.56
JW화순2,2024-12-17,38.56
JW화순2,2024-12-18,38.55
JW화순2,2024-12-19,38.55
JW화순2,2024-12-20,38.55
JW화순2,2024-12-21,38.55
JW화순2,2024-12-22,38.54
JW화순2,2024-12-23,38.54
JW화순2,2024-12-24,38.54
JW화순2,2024-12-25,38.54
JW화순2,2024-12-26,38.54
JW화순2,2024-12-27,38.53
JW화순2,2024-12-28,38.53
JW화순2,2024-12-29,38.52
JW화순2,2024-12-30,38.52
JW화순2,2024-12-31,38.52
JW화순2,2025-01-01,38.51
JW화순2,2025-01-02,38.51
JW화순2,2025-01-03,38.5
JW화순2,2025-01-04,38.5
JW화순2,2025-01-05,38.5
JW화순2,2025-01-06,38.5
JW화순2,2025-01-07,38.5
JW화순2,2025-01-08,38.49
JW화순2,2025-01-09,38.49
JW화순2,2025-01-10,38.5
JW화순2,2025-01-11,38.5
JW화순2,2025-01-12,38.5
JW화순2,2025-01-13,38.49
JW화순2,2025-01-14,38.49
JW화순2,2025-01-15,38.49
JW화순2,2025-01-16,38.49
JW화순2,2025-01-17,38.48
JW화순2,2025-01-18,38.48
JW화순2,2025-01-19,38.48
JW화순2,2025-01-20,38.48
JW화순2,2025-01-21,38.47
JW화순2,2025-01-22,38.47
JW화순2,2025-01-23,38.46
JW화순2,2025-01-24,38.46
JW화순2,2025-01-25,38.46
JW화순2,2025-01-26,38.45
JW화순2,2025-01-27,38.46
JW화순2,2025-01-28,38.47
JW화순2,2025-01-29,38.46
JW화순2,2025-01-30,38.46
JW화순2,2025-01-31,38.46
JW화순2,2025-02-01,38.47
JW화순2,2025-02-02,38.47
JW화순2,2025-02-03,38.47
JW화순2,2025-02-04,38.47
JW화순2,2025-02-05,38.47
JW화순2,2025-02-06,38.47
JW화순2,2025-02-07,38.46
JW화순2,2025-02-08,38.46
JW화순2,2025-02-09,38.46
JW화순2,2025-02-10,38.46
JW화순2,2025-02-11,38.46
JW화순2,2025-02-12,38.46
JW화순2,2025-02-13,38.46
JW화순2,2025-02-14,38.46
JW화순2,2025-02-15,38.47
JW화순2,2025-02-16,38.47
JW화순2,2025-02-17,38.46
JW화순2,2025-02-18,38.46
JW화순2,2025-02-19,38.46
JW화순2,2025-02-20,38.45
JW화순2,2025-02-21,38.45
JW화순2,2025-02-22,38.45
JW화순2,2025-02-23,38.45
JW화순2,2025-02-24,38.44
JW화순2,2025-02-25,38.44
JW화순2,2025-02-26,38.44
JW화순2,2025-02-27,38.44
JW화순2,2025-02-28,38.45
JW화순2,2025-03-01,38.45
JW화순2,2025-03-02,38.45
JW화순2,2025-03-03,38.45
JW화순2,2025-03-04,38.45
JW화순2,2025-03-05,38.44
JW화순2,2025-03-06,38.44
JW화순2,2025-03-07,38.43
JW화순2,2025-03-08,38.43
JW화순2,2025-03-09,38.43
JW화순2,2025-03-10,38.43
JW화순2,2025-03-11,38.44
JW화순2,2025-03-12,38.44
JW화순2,2025-03-13,38.43
JW화순2,2025-03-14,38.43
JW화순2,2025-03-15,38.44
JW화순2,2025-03-16,38.43
JW화순2,2025-03-17,38.43
JW화순2,2025-03-18,38.43
JW화순2,2025-03-19,38.43
JW화순2,2025-03-20,38.42
JW화순2,2025-03-21,38.42
JW화순2,2025-03-22,38.42
JW화순2,2025-03-23,38.41
JW화순2,2025-03-24,38.42
JW화순2,2025-03-25,38.41
JW화순2,2025-03-26,38.41
JW화순2,2025-03-27,38.41
JW화순2,2025-03-28,38.41
JW화순2,2025-03-29,38.4
JW화순2,2025-03-30,38.39
JW화순2,2025-03-31,38.39
JW화순2,2025-04-01,38.39
JW화순2,2025-04-02,38.39
JW화순2,2025-04-03,38.38
JW화순2,2025-04-04,38.38
JW화순2,2025-04-05,38.38
JW화순2,2025-04-06,38.37
JW화순2,2025-04-07,38.36
JW화순2,2025-04-08,38.36
JW화순2,2025-04-09,38.36
JW화순2,2025-04-10,38.37
JW화순2,2025-04-11,38.37
JW화순2,2025-04-12,38.37
JW화순2,2025-04-13,38.39
JW화순2,2025-04-14,38.4
JW화순2,2025-04-15,38.39
JW화순2,2025-04-16,38.39
JW화순2,2025-04-17,38.39
JW화순2,2025-04-18,38.39
JW화순2,2025-04-19,38.39
JW화순2,2025-04-20,38.4
JW화순2,2025-04-21,38.39
JW화순2,2025-04-22,38.41
JW화순2,2025-04-23,38.42
JW화순2,2025-04-24,38.42
JW화순2,2025-04-25,38.42
JW화순2,2025-04-26,38.42
JW화순2,2025-04-27,38.42
JW화순2,2025-04-28,38.42
JW화순2,2025-04-29,38.43
JW화순2,2025-04-30,38.43
JW화순2,2025-05-01,38.44
JW화순2,2025-05-02,38.45
JW화순2,2025-05-03,38.45
JW화순2,2025-05-04,38.44
JW화순2,2025-05-05,38.45
JW화순2,2025-05-06,38.46
JW화순2,2025-05-07,38.45
JW화순2,2025-05-08,38.45
JW화순2,2025-05-09,38.48
JW화순2,2025-05-10,38.59
JW화순2,2025-05-11,38.66
JW화순2,2025-05-12,38.76
JW화순2,2025-05-13,38.91
JW화순2,2025-05-14,39.08
JW화순2,2025-05-15,39.24
JW화순2,2025-05-16,39.35
JW화순2,2025-05-17,39.67
JW화순2,2025-05-18,39.8
JW화순2,2025-05-19,39.9
JW화순2,2025-05-20,40.04
JW화순2,2025-05-21,40.18
JW화순2,2025-05-22,40.32
JW화순2,2025-05-23,40.37
JW화순2,2025-05-24,40.38
JW화순2,2025-05-25,40.28
JW화순2,2025-05-26,40.15
JW화순2,2025-05-27,40.03
JW화순2,2025-05-28,39.93
JW화순2,2025-05-29,39.85
JW화순2,2025-05-30,39.77
JW화순2,2025-05-31,39.68
JW화순2,2025-06-01,39.61
JW화순2,2025-06-02,39.6
JW화순2,2025-06-03,39.56
JW화순2,2025-06-04,39.46
JW화순2,2025-06-05,39.37
JW화순2,2025-06-06,39.3
JW화순2,2025-06-07,39.25
JW화순2,2025-06-08,39.18
JW화순2,2025-06-09,39.11
JW화순2,2025-06-10,39.06
JW화순2,2025-06-11,39.0
JW화순2,2025-06-12,38.94
JW화순2,2025-06-13,38.89
JW화순2,2025-06-14,38.92
JW화순2,2025-06-15,38.98
JW화순2,2025-06-16,39.04
JW화순2,2025-06-17,39.19
JW화순2,2025-06-18,39.26
JW화순2,2025-06-19,39.32
JW화순2,2025-06-20,39.37
JW화순2,2025-06-21,39.38
JW화순2,2025-06-22,39.37
JW화순2,2025-06-23,39.33
JW화순2,2025-06-24,39.28
JW화순2,2025-06-25,39.22
JW화순2,2025-06-26,39.15
JW화순2,2025-06-27,39.1
JW화순2,2025-06-28,39.05
JW화순2,2025-06-29,39.0
JW화순2,2025-06-30,38.95
JW화순2,2025-07-01,38.89
JW화순2,2025-07-02,38.83
JW화순2,2025-07-03,38.78
JW화순2,2025-07-04,38.74
JW화순2,2025-07-05,38.71
JW화순2,2025-07-06,38.67
JW화순2,2025-07-07,38.64
JW화순2,2025-07-08,38.62
JW화순2,2025-07-09,38.6
JW화순2,2025-07-10,38.58
JW화순2,2025-07-11,38.57
JW화순2,2025-07-12,38.56
JW화순2,2025-07-13,38.56
JW화순2,2025-07-14,38.56
JW화순2,2025-07-15,38.56
JW화순2,2025-07-16,38.54
JW화순2,2025-07-17,38.54
JW화순2,2025-07-18,38.54
JW화순2,2025-07-19,38.54
JW화순2,2025-07-20,38.53
JW화순2,2025-07-21,38.53
JW화순2,2025-07-22,38.52
JW화순2,2025-07-23,38.51
JW화순2,2025-07-24,38.51
JW화순2,2025-07-25,38.5
JW화순2,2025-07-26,38.49
JW화순2,2025-07-27,38.49
JW화순2,2025-07-28,38.48
JW화순2,2025-07-29,38.48
JW화순2,2025-07-30,38.47
JW화순2,2025-07-31,38.46
JW화순2,2025-08-01,38.44
JW화순2,2025-08-02,38.43
JW화순2,2025-08-03,38.44
JW화순2,2025-08-04,38.45
JW화순2,2025-08-05,38.45
JW화순2,2025-08-06,38.45
JW화순2,2025-08-07,38.45
JW화순2,2025-08-08,38.44
JW화순2,2025-08-09,38.45
JW화순2,2025-08-10,38.47
JW화순2,2025-08-11,38.47
JW화순2,2025-08-12,38.48
JW화순2,2025-08-13,38.48
JW화순2,2025-08-14,38.49
JW화순2,2025-08-15,38.49
JW화순2,2025-08-16,38.49
JW화순2,2025-08-17,38.49
JW화순2,2025-08-18,38.48
JW화순2,2025-08-19,38.48
JW화순2,2025-08-20,38.49
JW화순2,2025-08-21,38.48
JW화순2,2025-08-22,38.48
JW화순2,2025-08-23,38.47
JW화순2,2025-08-24,38.46
JW화순2,2025-08-25,38.45
JW화순2,2025-08-26,38.45
JW화순2,2025-08-27,38.45
JW화순2,2025-08-28,38.44
JW화순2,2025-08-29,38.43
JW화순2,2025-08-30,38.42
JW화순2,2025-08-31,38.42
JW화순2,2025-09-01,38.43
JW화순2,2025-09-02,38.43
JW화순2,2025-09-03,38.44
JW화순2,2025-09-04,38.43
JW화순2,2025-09-05,38.41
JW화순2,2025-09-06,38.37
JW화순2,2025-09-07,38.37
JW화순2,2025-09-08,38.36
JW화순2,2025-09-09,38.37
JW화순2,2025-09-10,38.36
JW화순2,2025-09-11,38.36
JW화순2,2025-09-12,38.36
JW화순2,2025-09-13,38.36
JW화순2,2025-09-14,38.36
JW화순2,2025-09-15,38.37
JW화순2,2025-09-16,38.38
JW화순2,2025-09-17,38.38
JW화순2,2025-09-18,38.39
JW화순2,2025-09-19,38.39
JW화순2,2025-09-20,38.4
JW화순2,2025-09-21,38.39
JW화순2,2025-09-22,38.39
JW화순2,2025-09-23,38.39
JW화순2,2025-09-24,38.38
JW화순2,2025-09-25,38.38
JW화순2,2025-09-26,38.37
JW화순2,2025-09-27,38.37
JW화순2,2025-09-28,38.37
JW화순2,2025-09-29,38.37
JW화순2,2025-09-30,38.37
JW화순2,2025-10-01,38.36
JW화순2,2025-10-02,38.36
JW화순2,2025-10-03,38.36
JW화순2,2025-10-04,38.36
JW화순2,2025-10-05,38.37
JW화순2,2025-10-06,38.37
JW화순2,2025-10-07,38.37
JW화순2,2025-10-08,38.36
JW화순2,2025-10-09,38.36
JW화순2,2025-10-10,38.35
JW화순2,2025-10-11,38.35
JW화순2,2025-10-12,38.35
JW화순2,2025-10-13,38.34
JW화순2,2025-10-14,38.34
JW화순2,2025-10-15,38.33
JW화순2,2025-10-16,38.33
JW화순2,2025-10-17,38.32
JW화순2,2025-10-18,38.32
JW화순2,2025-10-19,38.31
JW화순2,2025-10-20,38.3
JW화순2,2025-10-21,38.29
JW화순2,2025-10-22,38.29
JW화순2,2025-10-23,38.29
JW화순2,2025-10-24,38.28
JW화순2,2025-10-25,38.28
JW화순2,2025-10-26,38.27
JW화순2,2025-10-27,38.26
JW화순2,2025-10-28,38.24
JW화순2,2025-10-29,38.25
JW화순2,2025-10-30,38.24
JW화순2,2025-10-31,38.25
JW화순2,2025-11-01,38.24
JW화순2,2025-11-02,38.24
JW화순2,2025-11-03,38.24
JW화순2,2025-11-04,38.23
JW화순2,2025-11-05,38.23
JW화순2,2025-11-06,38.22
JW화순2,2025-11-07,38.22
JW화순2,2025-11-08,38.22
JW화순2,2025-11-09,38.22
JW화순2,2025-11-10,38.22
JW화순2,2025-11-11,38.21
JW화순2,2025-11-12,38.21
JW화순2,2025-11-13,38.21
JW화순2,2025-11-14,38.2
JW화순2,2025-11-15,38.19
JW화순2,2025-11-16,38.19
JW화순2,2025-11-17,38.19
JW화순2,2025-11-18,38.19
JW화순2,2025-11-19,38.19
JW화순2,2025-11-20,38.19
JW화순2,2025-11-21,38.19
JW화순2,2025-11-22,38.18
JW화순2,2025-11-23,38.18
JW화순2,2025-11-24,38.18
JW화순2,2025-11-25,38.17
JW화순2,2025-11-26,38.17
JW화순2,2025-11-27,38.17
JW화순2,2025-11-28,38.17
JW화순2,2025-11-29,38.16
JW화순2,2025-11-30,38.16
JW화순2,2025-12-01,38.16
JW화순2,2025-12-02,38.15
JW화순2,2025-12-03,38.15
JW화순2,2025-12-04,38.15
JW화순2,2025-12-05,38.14
JW화순2,2025-12-06,38.15
JW화순2,2025-12-07,38.14
JW화순2,2025-12-08,38.14
JW화순2,2025-12-09,38.14
JW화순2,2025-12-10,38.14
JW화순2,2025-12-11,38.15
JW화순2,2025-12-12,38.15
JW화순2,2025-12-13,38.15
JW화순2,2025-12-14,38.16
JW화순2,2025-12-15,38.15
JW화순2,2025-12-16,38.14
JW화순2,2025-12-17,38.14
JW화순2,2025-12-18,38.14
JW화순2,2025-12-19,38.14
JW화순2,2025-12-20,38.14
JW화순2,2025-12-21,38.14
JW화순2,2025-12-22,38.14
JW화순2,2025-12-23,38.14
JW화순2,2025-12-24,38.14
JW화순2,2025-12-25,38.14
JW화순2,2025-12-26,38.13
JW화순2,2025-12-27,38.13
JW화순2,2025-12-28,38.13
JW화순2,2025-12-29,38.12
JW화순2,2025-12-30,38.11
JW화순2,2025-12-31,38.11
JW화순2,2026-01-01,38.11
JW화순2,2026-01-02,38.11
JW화순2,2026-01-03,38.11
JW화순2,2026-01-04,38.1
JW화순2,2026-01-05,38.1
JW화순2,2026-01-06,38.1
JW화순2,2026-01-07,38.1
JW화순2,2026-01-08,38.09
JW화순2,2026-01-09,38.09
JW화순2,2026-01-10,38.09
JW화순2,2026-01-11,38.09
JW화순2,2026-01-12,38.09
JW화순2,2026-01-13,38.08
JW화순2,2026-01-14,38.08
JW화순2,2026-01-15,38.08
JW화순2,2026-01-16,38.08
JW화순2,2026-01-17,38.07
JW화순2,2026-01-18,38.07
JW화순2,2026-01-19,38.07
JW화순2,2026-01-20,38.07
JW화순2,2026-01-21,38.07
JW화순2,2026-01-22,38.07
JW화순2,2026-01-23,38.07
JW화순2,2026-01-24,38.06
JW화순2,2026-01-25,38.05
JW화순2,2026-01-26,38.06
JW화순2,2026-01-27,38.06
JW화순2,2026-01-28,38.06
JW화순2,2026-01-29,38.05
JW화순2,2026-01-30,38.05
JW화순2,2026-01-31,38.05
JW화순2,2026-02-01,38.05
JW화순2,2026-02-02,38.05
JW화순2,2026-02-03,38.04
JW화순2,2026-02-04,38.05
JW화순2,2026-02-05,38.04
JW화순2,2026-02-06,38.04
JW화순2,2026-02-07,38.03
JW화순2,2026-02-08,38.03
JW화순2,2026-02-09,38.03
JW화순2,2026-02-10,38.03
JW화순2,2026-02-11,38.03
JW화순2,2026-02-12,38.03
JW화순2,2026-02-13,38.02
JW화순2,2026-02-14,38.03
JW화순2,2026-02-15,38.02
JW화순2,2026-02-16,38.02
JW화순2,2026-02-17,38.02
JW화순2,2026-02-18,38.01
JW화순2,2026-02-19,38.0
JW화순2,2026-02-20,38.0
JW화순2,2026-02-21,38.01
JW화순2,2026-02-22,38.01
JW화순2,2026-02-23,38.0
JW화순2,2026-02-24,38.01
JW화순2,2026-02-25,38.01
JW화순2,2026-02-26,38.01
JW화순2,2026-02-27,38.01
JW화순2,2026-02-28,38.01
JW화순2,2026-03-01,38.0
JW화순2,2026-03-02,38.01
JW화순2,2026-03-03,38.01
JW화순2,2026-03-04,38.0
JW화순2,2026-03-05,38.0
JW화순2,2026-03-06,38.0
JW화순2,2026-03-07,38.0
JW화순2,2026-03-08,38.0
JW화순2,2026-03-09,37.99
JW화순2,2026-03-10,37.99
JW화순2,2026-03-11,37.99
JW화순2,2026-03-12,37.98
JW화순2,2026-03-13,37.98
JW화순2,2026-03-14,37.98
JW화순2,2026-03-15,37.98
JW화순2,2026-03-16,37.98
JW화순2,2026-03-17,37.98
JW화순2,2026-03-18,38.0
JW화순2,2026-03-19,38.0
JW화순2,2026-03-20,38.01
JW화순2,2026-03-21,38.05
JW화순2,2026-03-22,38.04
JW화순2,2026-03-23,38.04
JW화순2,2026-03-24,38.04
JW화순2,2026-03-25,38.04
JW화순2,2026-03-26,38.03
JW화순2,2026-03-27,38.03
JW화순2,2026-03-28,38.03
JW화순2,2026-03-29,38.03
JW화순2,2026-03-30,38.03
JW화순2,2026-03-31,38.04
JW화순2,2026-04-01,38.04
JW화순2,2026-04-02,38.03
JW화순2,2026-04-03,38.03
JW화순2,2026-04-04,38.06
JW화순2,2026-04-05,38.06
JW화순2,2026-04-06,38.06
JW화순2,2026-04-07,38.05
JW화순2,2026-04-08,38.05
JW화순2,2026-04-09,38.08
JW화순2,2026-04-10,38.13
JW화순2,2026-04-11,38.13
JW화순2,2026-04-12,38.14
JW화순2,2026-04-13,38.15
JW화순2,2026-04-14,38.16
JW화순2,2026-04-15,38.16
JW화순2,2026-04-16,38.16
JW화순2,2026-04-17,38.17
JW화순2,2026-04-18,38.17
JW화순2,2026-04-19,38.18
JW화순2,2026-04-20,38.19
JW화순2,2026-04-21,38.19
JW화순2,2026-04-22,38.19
JW화순2,2026-04-23,38.2
JW화순2,2026-04-24,38.19
JW화순2,2026-04-25,38.19
JW화순2,2026-04-26,38.19
JW화순2,2026-04-27,38.19
JW화순2,2026-04-28,38.18
