permit_no,well_id,year,Jan,Feb,Mar,Apr,May,Jun,Jul,Aug,Sep,Oct,Nov,Dec,capacity_m3d,permit_m3m,remark,source
D199520015,F-088,2021,9370.0,8637.0,8149.0,11567.0,12044.0,14441.0,13091.0,11165.0,8702.0,7547.0,8407.0,7116.0,500,15000,,
D199520016,D-291,2021,5958.0,5327.0,6163.0,8091.0,10770.0,10405.0,10195.0,9054.0,8412.0,7402.0,9078.0,6363.0,500,15000,,
D199520017,D-293,2021,4869.0,6038.0,5132.0,5564.0,6641.0,6000.0,6390.0,8661.0,7319.0,6842.0,6708.0,5844.0,700,21000,,
D199520018,D-292,2021,5365.0,6394.0,9591.0,7661.0,10393.0,8868.0,9146.0,10665.0,6688.0,8000.0,7270.0,5294.0,600,18000,,
D199520019,D-289,2021,5155.0,4082.0,3467.0,5928.0,7411.0,7779.0,7501.0,5424.0,3469.0,4146.0,3959.0,3316.0,500,15000,,
D199520020,D-290,2021,1479.0,1376.0,2146.0,2422.0,2740.0,2775.0,2602.0,2979.0,1677.0,2091.0,2360.0,1231.0,500,15000,,
D199540104,D-306,2021,2061.0,1838.0,2153.0,1141.0,1565.0,1247.0,1799.0,2549.0,1495.0,1896.0,2118.0,1773.0,800,7890,,
D199540105,D-307,2021,3194.0,3633.0,3652.0,2551.0,2686.0,2715.0,10167.0,8620.0,3706.0,3398.0,3238.0,2226.0,800,9240,,
D199540106,D-308,2021,1387.0,3571.0,5286.0,7305.0,5550.0,7275.0,5816.0,5993.0,3202.0,2716.0,2474.0,1509.0,700,3960,,
D199540107,D-309,2021,4592.0,3552.0,4229.0,6137.0,7368.0,7203.0,6110.0,6258.0,5260.0,3853.0,3896.0,3263.0,900,4200,,
D199540109,F-102,2021,24091.0,21053.0,18630.0,22199.0,19374.0,20036.0,19023.0,19088.0,21120.0,20507.0,19882.0,17975.0,800,11910,,
D199540110,F-103,2021,33.0,33.0,31.0,3220.0,1414.0,1043.0,1296.0,1833.0,2958.0,2745.0,210.0,378.0,700,22800,,
D199540111,D-316,2021,3988.0,4554.0,5268.0,4132.0,2885.0,2946.0,2556.0,2736.0,2423.0,3173.0,3189.0,3153.0,700,600,,
D199540112,F-104,2021,4637.0,3893.0,4151.0,5210.0,7355.0,6847.0,6633.0,8697.0,7228.0,6416.0,6814.0,5359.0,800,13170,,
D199540113,D-313,2021,5260.0,5939.0,4900.0,6232.0,5663.0,4914.0,3121.0,3078.0,3269.0,2864.0,2804.0,2446.0,700,14850,,
D199540114,F-098,2021,5956.0,1113.0,1674.0,2044.0,2080.0,2013.0,1475.0,1475.0,1703.0,2797.0,10602.0,7078.0,800,20910,,
D199540115,F-097,2021,2566.0,0.0,1.0,0.0,744.0,3.0,5.0,16.0,417.0,1492.0,12640.0,2228.0,800,19410,,
D199540116,D-315,2021,3742.0,5059.0,3975.0,4117.0,5052.0,4041.0,5652.0,5704.0,5264.0,7765.0,15788.0,4779.0,700,9540,,
D199540117,F-100,2021,29708.0,29735.0,26901.0,29810.0,28840.0,29768.0,27138.0,28999.0,22659.0,20685.0,21694.0,21352.0,1000,12030,,
D199540118,F-101,2021,4533.0,6258.0,6197.0,7354.0,8461.0,7435.0,7145.0,9020.0,4227.0,4941.0,6844.0,6698.0,800,7950,,
D199540119,F-099,2021,946.0,161.0,6.0,10.0,10.0,843.0,9.0,232.0,10.0,15.0,10.0,9.0,800,10410,,
D199540120,D-312,2021,2568.0,1411.0,102.0,526.0,3921.0,199.0,686.0,816.0,870.0,15299.0,7565.0,2917.0,700,19950,,
D199540121,D-314,2021,5503.0,4843.0,6612.0,6323.0,9724.0,7829.0,10972.0,11843.0,7029.0,5379.0,6965.0,5905.0,700,4380,,
D199540122,D-310,2021,25550.0,28492.0,27522.0,33146.0,35040.0,36013.0,27510.0,30794.0,25439.0,24259.0,28039.0,25883.0,950,22620,,
D199620028,F-115,2021,21586.0,19480.0,18029.0,6580.0,7914.0,7728.0,6051.0,7142.0,4035.0,4697.0,7240.0,5350.0,800,5400,,
D199620033,F-113,2021,11915.0,11635.0,11028.0,12734.0,10518.0,9064.0,9639.0,10056.0,7832.0,10040.0,12389.0,11895.0,500,6000,,
D199620034,F-114,2021,9137.0,8442.0,10095.0,12129.0,13137.0,12641.0,13537.0,14642.0,12269.0,8514.0,10836.0,10289.0,600,5700,,
D199620035,D-319,2021,3123.0,2346.0,2510.0,4211.0,4441.0,4631.0,6224.0,6509.0,4746.0,2811.0,3211.0,2549.0,600,5700,,
D199620043,F-116,2021,6643.0,6267.0,5768.0,8638.0,9567.0,10135.0,9453.0,9896.0,9011.0,6734.0,7798.0,6618.0,700,6300,,
D199620044,F-118,2021,3176.0,3450.0,4905.0,4839.0,5948.0,5023.0,10253.0,9751.0,8234.0,3401.0,4399.0,2150.0,900,5400,,
D199620045,D-263-1,2021,4114.0,4633.0,3154.0,4805.0,5240.0,5678.0,4240.0,4003.0,3119.0,3466.0,3311.0,2842.0,700,4500,,
D199640096,F-196,2021,5459.0,2794.0,3714.0,3176.0,4934.0,2703.0,2148.0,1865.0,3663.0,5727.0,11588.0,4650.0,600,9000,,
D199640098,F-182,2021,14944.0,13556.0,14552.0,18160.0,20341.0,19636.0,18572.0,23642.0,13083.0,12076.0,14642.0,18124.0,600,9000,,
D199640099,F-185,2021,9249.0,12090.0,7259.0,10909.0,11172.0,6974.0,4419.0,6196.0,3533.0,7356.0,5167.0,3043.0,800,15000,,
D199640100,F-172,2021,772.0,1231.0,2142.0,2882.0,4143.0,3070.0,5206.0,4598.0,980.0,2954.0,2942.0,2058.0,800,15000,,
D199640149,F-186,2021,682.0,5.0,3.0,63.0,13891.0,17512.0,7446.0,3359.0,517.0,8.0,7.0,2.0,700,8190,,
D199640150,F-184,2021,24365.0,25365.0,23348.0,21995.0,26349.0,24877.0,28343.0,23245.0,17567.0,28838.0,30540.0,26145.0,800,8250,,
D199640151,F-199,2021,1591.0,2060.0,2832.0,3683.0,3261.0,4338.0,4459.0,3693.0,2099.0,3055.0,3685.0,2573.0,600,17100,,
D199640152,F-183,2021,12639.0,16020.0,19098.0,23539.0,24086.0,22742.0,20122.0,26290.0,13008.0,10848.0,10951.0,12580.0,600,9630,,
D199640183,D-327,2021,4213.0,5077.0,6488.0,6444.0,10095.0,8288.0,7273.0,11519.0,5194.0,4696.0,4679.0,4167.0,700,21000,,
D199640225,F-202,2021,12688.0,13828.0,17768.0,18147.0,20023.0,19378.0,23907.0,22827.0,14937.0,20069.0,15917.0,14228.0,700,12990,,
D199640226,F-203,2021,486.0,351.0,365.0,655.0,743.0,831.0,551.0,495.0,347.0,274.0,201.0,112.0,600,12750,,
D199640227,F-190,2021,6766.0,2395.0,3836.0,4881.0,8036.0,6471.0,3273.0,3454.0,2928.0,4215.0,6967.0,4073.0,900,25560,,
D199640228,F-189,2021,11888.0,8076.0,5772.0,6446.0,10179.0,8037.0,7982.0,6982.0,8491.0,12685.0,29552.0,12942.0,800,22800,,
D199720002,D-320,2021,10232.0,11782.0,11274.0,8723.0,9138.0,9486.0,14505.0,15925.0,12790.0,7385.0,5594.0,8663.0,600,5700,,
D199720003,F-117,2021,1876.0,2478.0,2909.0,3894.0,5065.0,4565.0,4945.0,5252.0,3171.0,4943.0,4562.0,2708.0,600,5700,,
D199720017,F-226,2021,5895.0,6893.0,8933.0,11192.0,13026.0,11392.0,10387.0,9821.0,7623.0,9332.0,7842.0,5401.0,600,5700,,
D199720018,F-222,2021,3046.0,2586.0,2921.0,4334.0,5617.0,5759.0,5567.0,5737.0,5435.0,4094.0,4405.0,3033.0,600,5700,,
D199720019,F-224,2021,6927.0,8991.0,18879.0,22196.0,21126.0,18465.0,15711.0,17972.0,10960.0,11516.0,13763.0,7538.0,950,5700,,
D199720020,F-223,2021,5065.0,7779.0,10845.0,14337.0,19331.0,16270.0,15782.0,15902.0,8664.0,8445.0,9041.0,4996.0,750,5700,,
D199720021,F-225,2021,4466.0,6334.0,8141.0,10934.0,13393.0,11020.0,11812.0,12225.0,7468.0,6975.0,7193.0,4548.0,600,5700,,
D199720024,F-221,2021,1645.0,2627.0,2075.0,5797.0,5311.0,5786.0,6329.0,6053.0,3959.0,4398.0,4356.0,4151.0,800,6600,,
D199720026,F-231,2021,7971.0,7565.0,6238.0,8333.0,11257.0,9714.0,10668.0,9965.0,6881.0,8346.0,7859.0,6760.0,550,5700,,
D199720027,F-230,2021,5202.0,5775.0,6601.0,9509.0,9235.0,10106.0,10018.0,8290.0,6167.0,6468.0,5404.0,3954.0,600,5700,,
D199720028,F-227,2021,4207.0,4897.0,4911.0,8654.0,8112.0,8766.0,7070.0,7627.0,6810.0,7744.0,5004.0,6722.0,700,6000,,
D199720029,F-229,2021,3758.0,5365.0,5438.0,7519.0,8115.0,8406.0,8191.0,5959.0,4751.0,4616.0,3918.0,2321.0,600,5700,,
D199720030,F-228,2021,13898.0,14152.0,17282.0,21069.0,24948.0,24047.0,23500.0,26851.0,20683.0,16981.0,18117.0,15666.0,850,5700,,
D199740086,F-289,2021,0.0,0.0,3.0,2.0,5.0,2.0,9.0,51.0,133.0,3873.0,12382.0,7445.0,1200,19950,,
D199740087,F-277,2021,9657.0,14996.0,14789.0,19547.0,24089.0,18941.0,17414.0,26101.0,15784.0,12695.0,15080.0,11741.0,700,11250,,
D199740088,F-281,2021,10067.0,8544.0,10316.0,10548.0,14138.0,11190.0,11888.0,16740.0,7863.0,8840.0,8754.0,7312.0,600,10950,,
D199740089,F-276,2021,4022.0,77.0,0.0,0.0,7045.0,9045.0,7536.0,10757.0,8046.0,8423.0,8359.0,8703.0,600,11670,,
D199740090,F-287,2021,6340.0,4985.0,3930.0,8409.0,11441.0,11799.0,13646.0,13952.0,12370.0,8868.0,11569.0,7659.0,600,14610,,
D199740091,F-278,2021,15489.0,15728.0,14272.0,33230.0,30750.0,31987.0,31421.0,27603.0,18246.0,15602.0,18512.0,19304.0,1000,11190,,
D199740092,F-280,2021,6726.0,9557.0,9487.0,9936.0,15397.0,15825.0,14927.0,16639.0,12635.0,12920.0,13742.0,12197.0,800,8730,,
D199740093,F-279,2021,11915.0,11668.0,10993.0,10146.0,12966.0,12807.0,11186.0,13585.0,9580.0,9013.0,10515.0,9724.0,600,11670,,
D199740094,F-290,2021,4450.0,2652.0,3376.0,5635.0,10329.0,8726.0,9523.0,9231.0,8494.0,7230.0,10089.0,5361.0,600,13890,,
D199740095,F-293,2021,253.0,77.0,76.0,1508.0,2161.0,1420.0,1388.0,1572.0,1546.0,1368.0,6818.0,1267.0,700,17070,,
D199740096,F-288,2021,5085.0,8.0,325.0,883.0,2368.0,1066.0,698.0,695.0,686.0,1208.0,14342.0,5230.0,800,22800,,
D199740103,F-269,2021,12057.0,11623.0,12068.0,15287.0,21811.0,19824.0,23047.0,22367.0,16830.0,5905.0,6873.0,5611.0,800,12000,,
D199740122,F-272,2021,9879.0,8677.0,9706.0,11696.0,12055.0,12392.0,12996.0,11961.0,9924.0,8126.0,8692.0,913.0,750,22800,,
D199740125,F-291,2021,10961.0,3716.0,5869.0,7028.0,10973.0,8994.0,8067.0,9745.0,7434.0,7547.0,23910.0,7913.0,800,13770,,
D199740127,F-294,2021,2030.0,656.0,499.0,1043.0,1700.0,1384.0,1454.0,1202.0,1685.0,3914.0,8059.0,2407.0,600,17100,,
D199740128,F-295,2021,2866.0,1957.0,1608.0,2341.0,4590.0,4042.0,4307.0,4329.0,3557.0,3361.0,6883.0,3033.0,700,12150,,
D199740129,F-273,2021,786.0,786.0,735.0,782.0,754.0,786.0,725.0,724.0,656.0,301.0,11.0,10.0,900,19440,,
D199740130,F-275,2021,64.0,10.0,11.0,8.0,5.0,63.0,214.0,22.0,15.0,2.0,107.0,15.0,600,13380,,
D199740131,F-274,2021,16960.0,17751.0,17933.0,16962.0,17273.0,17053.0,17472.0,18495.0,11205.0,11734.0,14203.0,14643.0,600,10500,,
D199740143,F-348,2021,8095.0,10956.0,9429.0,11256.0,14293.0,12951.0,12260.0,14565.0,9070.0,10429.0,11442.0,9987.0,1000,15000,,
D199740144,F-284,2021,2041.0,2.0,1.0,5777.0,8765.0,5748.0,5947.0,9133.0,6288.0,4517.0,5184.0,3908.0,600,13110,,
D199740145,F-283,2021,3662.0,5427.0,5191.0,6789.0,7645.0,6078.0,5909.0,9169.0,4504.0,4514.0,5611.0,6043.0,700,10410,,
D199740146,F-282,2021,6530.0,5813.0,9311.0,11532.0,15061.0,12066.0,12136.0,18275.0,8672.0,8926.0,8924.0,8672.0,700,11610,,
D199740147,F-285,2021,10660.0,12959.0,13509.0,18674.0,21563.0,15459.0,15878.0,19104.0,12782.0,10034.0,11004.0,9545.0,700,11010,,
D199740148,F-286,2021,7362.0,6349.0,6003.0,14231.0,14174.0,9232.0,5293.0,5766.0,5163.0,5022.0,7879.0,4814.0,700,10170,,
D199740161,F-297,2021,6098.0,6877.0,6322.0,9344.0,8602.0,10132.0,5281.0,4542.0,2747.0,6995.0,7303.0,5051.0,700,12270,,
D199740162,F-339,2021,6414.0,7397.0,9080.0,10699.0,16696.0,17159.0,16610.0,19889.0,14392.0,9870.0,9986.0,7160.0,800,13500,,
D199740163,F-271,2021,21080.0,19534.0,18682.0,17035.0,14818.0,15605.0,15103.0,15990.0,15077.0,13411.0,12505.0,9432.0,1000,16230,,
D199740190,F-292,2021,7377.0,4852.0,4234.0,4943.0,7147.0,5199.0,4772.0,4972.0,5750.0,9619.0,17244.0,8578.0,800,21270,,
D199740205,F-198,2021,988.0,996.0,892.0,3329.0,3775.0,4052.0,788.0,955.0,728.0,3655.0,3217.0,1677.0,800,22800,,
D199740206,F-197,2021,1907.0,1089.0,742.0,1386.0,5641.0,555.0,864.0,1229.0,1224.0,18528.0,10398.0,2726.0,800,22800,,
D199740207,F-195,2021,7499.0,6172.0,2614.0,4565.0,8673.0,6078.0,3856.0,3116.0,4286.0,6989.0,22335.0,9022.0,700,20550,,
D199740208,F-192,2021,4192.0,1555.0,2492.0,3466.0,4672.0,2459.0,1079.0,1177.0,1576.0,5699.0,20218.0,3854.0,700,19080,,
D199740209,F-191,2021,11169.0,11316.0,8234.0,9542.0,11811.0,11178.0,12473.0,11121.0,11685.0,11225.0,17620.0,10428.0,900,19080,,
D199740210,F-194,2021,17624.0,17759.0,16976.0,20276.0,21092.0,21871.0,20922.0,21182.0,20450.0,20004.0,22252.0,19869.0,700,15750,,
D199740211,F-181,2021,2477.0,2632.0,2321.0,11855.0,10781.0,11895.0,13948.0,14768.0,12832.0,10152.0,10331.0,12651.0,800,9990,,
D199740212,F-180,2021,9644.0,13081.0,15345.0,21196.0,22855.0,19857.0,18987.0,23077.0,17370.0,13205.0,12571.0,11260.0,600,8010,,
D199740213,F-187,2021,17539.0,20239.0,21597.0,25817.0,27182.0,26890.0,21558.0,24396.0,18084.0,14953.0,17860.0,18270.0,600,10110,,
D199740214,F-188,2021,13042.0,20070.0,21798.0,30410.0,34591.0,29244.0,26009.0,37609.0,17849.0,17931.0,18052.0,17393.0,700,10050,,
D199740215,F-175,2021,15887.0,16663.0,15166.0,18969.0,19488.0,18433.0,15356.0,23494.0,23858.0,23110.0,23858.0,23079.0,600,15510,,
D199740216,F-170,2021,10847.0,9829.0,9830.0,13632.0,11801.0,12801.0,13407.0,14532.0,12336.0,11553.0,15042.0,14640.0,700,6810,,
D199740217,F-171,2021,314.0,506.0,480.0,840.0,980.0,1232.0,1070.0,547.0,342.0,593.0,560.0,445.0,800,10260,,
D199740218,F-173,2021,2030.0,1812.0,2126.0,6212.0,5660.0,4881.0,4856.0,4573.0,2408.0,678.0,855.0,702.0,600,13620,,
D199740219,F-174,2021,11888.0,11981.0,11954.0,13927.0,17858.0,17623.0,17910.0,18003.0,15123.0,16271.0,17721.0,15904.0,700,13680,,
D199740220,F-179,2021,27997.0,27955.0,25386.0,28134.0,24141.0,22600.0,21330.0,23137.0,26000.0,25139.0,26162.0,25252.0,800,10890,,
D199740221,F-176,2021,332.0,916.0,265.0,541.0,709.0,1454.0,1730.0,2977.0,806.0,771.0,908.0,601.0,700,12810,,
D199740222,F-177,2021,20736.0,21645.0,20097.0,23156.0,22353.0,20387.0,19155.0,18625.0,17404.0,14209.0,20769.0,18273.0,600,11730,,
D199740223,F-201,2021,4031.0,4382.0,4797.0,5536.0,5915.0,6206.0,4759.0,5179.0,3944.0,16860.0,10502.0,1678.0,600,9180,,
D199740224,F-200,2021,1497.0,2742.0,2630.0,2741.0,2745.0,2856.0,2856.0,3296.0,1846.0,2428.0,1821.0,2053.0,600,12150,,
D199820003,F-306,2021,4409.0,4135.0,5124.0,7347.0,9788.0,8392.0,7214.0,5999.0,4599.0,4241.0,6450.0,5232.0,550,5700,,
D199820010,F-303,2021,9046.0,10456.0,10510.0,18085.0,18016.0,18847.0,11904.0,11843.0,11292.0,13184.0,12466.0,10108.0,700,6000,,
D199820011,F-305,2021,5453.0,4444.0,4675.0,6185.0,7677.0,7940.0,8211.0,7634.0,6692.0,3579.0,4326.0,3981.0,500,6300,,
D199820012,F-304,2021,14340.0,14596.0,13296.0,15366.0,13963.0,14890.0,16734.0,17042.0,17126.0,16181.0,17200.0,15988.0,500,6300,,
D199820019,F-308,2021,2161.0,2306.0,1615.0,2693.0,3330.0,2966.0,2054.0,1810.0,1109.0,511.0,617.0,549.0,600,3000,,
D199820025,F-307,2021,4594.0,4221.0,4648.0,7898.0,11065.0,10051.0,10849.0,8756.0,7401.0,6870.0,9165.0,6708.0,800,6000,,
D199840018,F-333,2021,1302.0,1305.0,1311.0,1565.0,1303.0,1402.0,2720.0,2755.0,2622.0,1471.0,1582.0,1710.0,800,13500,,
D199840019,F-349,2021,2588.0,2669.0,2252.0,2207.0,2456.0,2991.0,3192.0,3458.0,2489.0,3078.0,2416.0,2578.0,850,12000,,
D199840020,R-006,2021,7166.0,7183.0,6334.0,14927.0,14952.0,14645.0,8318.0,8746.0,7512.0,7728.0,8333.0,7706.0,900,27000,,
D199840023,S-007,2021,7964.0,28.0,66.0,212.0,1073.0,197.0,421.0,569.0,714.0,2320.0,15087.0,7602.0,1200,16500,,
D199840025,F-336,2021,7676.0,7185.0,5837.0,6843.0,7060.0,7445.0,7708.0,9323.0,9396.0,7400.0,7389.0,7911.0,1000,15000,,
D199840026,F-337,2021,6884.0,8083.0,11011.0,3918.0,4905.0,4537.0,14940.0,14859.0,14106.0,9694.0,12416.0,10612.0,800,12300,,
D199840027,F-338,2021,8216.0,8176.0,7471.0,2476.0,7934.0,12070.0,15262.0,15252.0,9527.0,1699.0,12906.0,15173.0,1000,15000,,
D199840053,F-335,2021,15484.0,17721.0,18041.0,20356.0,15959.0,12227.0,12470.0,13126.0,11617.0,11529.0,12124.0,11950.0,1000,15000,,
D199840054,F-334,2021,0.0,0.0,0.0,0.0,0.0,0.0,93.0,0.0,0.0,0.0,0.0,0.0,850,15000,,
D199840058,F-386,2021,12227.0,15707.0,15531.0,21007.0,24256.0,21642.0,18061.0,19782.0,11938.0,15808.0,14089.0,10781.0,900,27000,,
D199840059,F-341,2021,3162.0,6895.0,7218.0,11696.0,11155.0,6307.0,2858.0,4791.0,709.0,3942.0,6170.0,5264.0,700,12000,,
D199840060,F-342,2021,7783.0,8065.0,8417.0,10175.0,14631.0,9592.0,10786.0,15524.0,8436.0,8079.0,8107.0,5000.0,850,12000,,
D199840061,F-343,2021,6368.0,9400.0,11531.0,13259.0,14321.0,12768.0,12612.0,16504.0,8784.0,9277.0,9843.0,10704.0,850,12000,,
D199840062,F-344,2021,11973.0,19025.0,15216.0,13569.0,17094.0,15001.0,15570.0,17848.0,5453.0,12826.0,15519.0,13806.0,700,10500,,
D199840063,F-345,2021,7714.0,9690.0,9143.0,13428.0,15986.0,14370.0,13016.0,18162.0,6969.0,4085.0,4776.0,4999.0,1050,15000,,
D199840064,F-346,2021,10047.0,8735.0,8862.0,13050.0,19281.0,14483.0,11394.0,14439.0,6647.0,6388.0,9795.0,8364.0,1050,30000,,
D199840065,F-347,2021,25648.0,18986.0,15373.0,26369.0,20672.0,14520.0,14769.0,21061.0,11198.0,11879.0,15426.0,12616.0,1050,31110,,
D199840115,R-007,2021,927.0,1345.0,1839.0,1471.0,1629.0,1406.0,3411.0,3532.0,949.0,3915.0,2849.0,855.0,900,13500,,
D199840116,F-356,2021,3199.0,515.0,976.0,1443.0,3838.0,2837.0,2240.0,2406.0,1840.0,5533.0,10602.0,1909.0,750,13500,,
D199840117,F-354,2021,5945.0,2481.0,3050.0,4849.0,7200.0,6965.0,5949.0,6463.0,5021.0,4189.0,14435.0,5304.0,800,24000,,
D199840118,F-355,2021,14809.0,14721.0,13951.0,14348.0,15493.0,16997.0,14779.0,15835.0,14234.0,15360.0,15701.0,15187.0,850,13500,,
D199840119,F-351,2021,5169.0,6148.0,5423.0,7051.0,8420.0,8699.0,7743.0,7414.0,6275.0,8656.0,9366.0,6458.0,850,13500,,
D199840121,F-350,2021,3009.0,2962.0,3132.0,3631.0,4782.0,4074.0,3771.0,4137.0,2727.0,6969.0,8265.0,4347.0,700,12000,,
D199840136,F-340,2021,9739.0,8311.0,7384.0,10297.0,15222.0,11892.0,12662.0,16045.0,13491.0,10737.0,15098.0,10515.0,800,12000,,
D199920008,F-364,2021,6412.0,8639.0,12782.0,14626.0,16224.0,14472.0,12857.0,12150.0,7996.0,9382.0,9103.0,5963.0,750,6000,,
D199920009,F-365,2021,7079.0,7185.0,6781.0,9409.0,11715.0,10677.0,11127.0,10056.0,9730.0,8747.0,10006.0,7039.0,600,6000,,
D199920027,S-011,2021,5989.0,7924.0,10969.0,7833.0,9128.0,8014.0,9258.0,11495.0,7067.0,13277.0,12336.0,8096.0,750,22500,,
D199920028,S-010,2021,5477.0,7549.0,6855.0,3303.0,3233.0,3103.0,9116.0,9443.0,7256.0,6389.0,6013.0,4580.0,800,24500,,
D199940023,F-391,2021,19738.0,19014.0,24603.0,25692.0,17184.0,16370.0,14650.0,13988.0,11111.0,15278.0,17612.0,14967.0,800,24000,,
D199940024,F-395,2021,2126.0,2689.0,2330.0,2858.0,3882.0,3310.0,5252.0,4869.0,3647.0,2479.0,3120.0,2498.0,900,27570,,
D199940025,F-394,2021,5827.0,4524.0,4478.0,5757.0,7467.0,6905.0,7281.0,6479.0,5226.0,4670.0,6779.0,6158.0,1000,30060,,
D199940036,F-392,2021,24940.0,24921.0,22495.0,24890.0,24062.0,24741.0,23834.0,23192.0,24710.0,23792.0,25166.0,24347.0,900,24000,,
D199940037,R-010,2021,8227.0,14708.0,15819.0,18618.0,16021.0,18494.0,15102.0,13272.0,5697.0,7616.0,7220.0,6258.0,600,24000,,
D199940040,F-384,2021,4484.0,1919.0,1496.0,1802.0,4320.0,2216.0,1412.0,1409.0,1346.0,5098.0,16833.0,4936.0,850,25620,,
D199940041,F-383,2021,5068.0,2218.0,1478.0,2260.0,2058.0,1862.0,2237.0,2362.0,1493.0,2960.0,10129.0,5683.0,1000,30000,,
D199940042,F-382,2021,5810.0,1664.0,1606.0,1257.0,6621.0,3604.0,3421.0,3721.0,3501.0,9712.0,23723.0,6609.0,1050,30000,,
D199940050,F-387,2021,6896.0,6845.0,6320.0,9166.0,13001.0,10195.0,8169.0,11324.0,6241.0,5920.0,7138.0,5667.0,1000,22800,,
D199940051,F-388,2021,10644.0,12689.0,9581.0,10411.0,13941.0,12316.0,17520.0,18122.0,13541.0,9787.0,10343.0,9510.0,900,22000,,
D199940052,F-389,2021,10543.0,11898.0,14822.0,19320.0,21977.0,19775.0,17171.0,24804.0,14012.0,13284.0,12745.0,10085.0,700,25650,,
D199940053,R-011,2021,0.0,1.0,0.0,0.0,1.0,81.0,0.0,0.0,105.0,0.0,12.0,0.0,600,30000,,
D199940058,F-390,2021,29812.0,31440.0,23025.0,28811.0,27953.0,20092.0,14849.0,24827.0,6333.0,11436.0,17299.0,16177.0,800,24240,,
D199940059,F-393,2021,12815.0,12228.0,11772.0,14627.0,14163.0,14520.0,15282.0,14947.0,14308.0,14573.0,15329.0,12089.0,1000,31560,,
D199940065,F-353,2021,4471.0,1301.0,1143.0,6508.0,8244.0,6746.0,7807.0,7578.0,6933.0,6963.0,13946.0,6077.0,900,24000,,
D199940073,F-385,2021,3375.0,2285.0,1917.0,2442.0,3013.0,2185.0,2723.0,2897.0,2624.0,5616.0,9148.0,5643.0,1050,30000,,
D199940098,F-396,2021,15400.0,15639.0,14576.0,15346.0,16123.0,13782.0,12317.0,12260.0,13381.0,5495.0,3719.0,4137.0,700,24000,,
D199940112,S-015,2021,10401.0,5864.0,5426.0,2256.0,5813.0,3598.0,6628.0,6902.0,8131.0,8896.0,20791.0,7867.0,1300,24000,,
D199940113,S-014,2021,13555.0,8800.0,6405.0,2853.0,4134.0,2831.0,5089.0,5790.0,4428.0,10352.0,28605.0,7603.0,850,24000,,
D200020009,F-404,2021,8060.0,7010.0,8322.0,12607.0,17756.0,15519.0,18573.0,15453.0,14965.0,12536.0,16657.0,11091.0,600,18000,,
D200020010,F-405,2021,5456.0,5084.0,6055.0,9846.0,11686.0,10738.0,11130.0,11142.0,10721.0,9152.0,12226.0,9175.0,614,18420,,
D200020031,S-017,2021,4595.0,5994.0,5736.0,4544.0,4132.0,4543.0,8014.0,6831.0,5456.0,5126.0,4872.0,2928.0,700,18000,,
D200020032,F-406,2021,5389.0,4192.0,4387.0,4811.0,6168.0,6256.0,7448.0,7340.0,7188.0,5943.0,9583.0,6835.0,600,18000,,
D200040024,R-015,2021,4265.0,7843.0,4155.0,3284.0,4782.0,3547.0,6020.0,6676.0,4944.0,4115.0,5128.0,3890.0,800,24000,,
D200040035,R-014,2021,5211.0,6492.0,4787.0,8503.0,9674.0,7878.0,6321.0,6660.0,6568.0,6404.0,6129.0,5834.0,700,24000,,
D200040037,F-428,2021,4688.0,622.0,904.0,0.0,0.0,0.0,0.0,0.0,0.0,6475.0,26141.0,4468.0,900,24000,,
D200040038,F-427,2021,2927.0,0.0,229.0,802.0,1822.0,1239.0,131.0,641.0,2601.0,3398.0,18142.0,4050.0,1000,24000,,
D200040039,F-425,2021,12161.0,11458.0,12678.0,16335.0,18611.0,17355.0,16913.0,19143.0,13242.0,11733.0,13831.0,12846.0,850,24000,,
D200040040,F-424,2021,14426.0,16332.0,15248.0,18065.0,22205.0,20803.0,19259.0,22908.0,15507.0,16170.0,17211.0,15806.0,600,18000,,
D200040041,F-431,2021,10799.0,12050.0,12190.0,15756.0,15200.0,15261.0,15810.0,18091.0,17764.0,16561.0,15982.0,15361.0,600,18000,,
D200040042,F-430,2021,23037.0,23222.0,21971.0,24964.0,21904.0,23443.0,21453.0,22148.0,21341.0,22505.0,23248.0,22887.0,700,18000,,
D200040091,F-432,2021,39431.0,36900.0,28255.0,28747.0,28793.0,28659.0,27504.0,28066.0,26515.0,26011.0,26251.0,23922.0,700,28200,,
D200040092,F-426,2021,1674.0,130.0,187.0,383.0,2315.0,151.0,218.0,159.0,714.0,12341.0,8841.0,4302.0,800,18000,,
W200040109,F-429,2021,4724.0,2044.0,1149.0,1167.0,3882.0,1804.0,1409.0,1713.0,1888.0,4420.0,19458.0,5346.0,800,24000,,
W200040110,S-019,2021,4593.0,2825.0,3409.0,2867.0,4127.0,3398.0,5448.0,7497.0,3320.0,4502.0,4442.0,4736.0,800,16800,,
W200120019,F-441,2021,7239.0,7304.0,7481.0,9689.0,12710.0,10808.0,12399.0,13152.0,8947.0,9921.0,10665.0,7122.0,700,21000,,
W200120020,F-440,2021,746.0,580.0,948.0,534.0,1660.0,862.0,1450.0,1425.0,854.0,926.0,2006.0,801.0,500,18000,,
W200120021,F-468,2021,6549.0,7721.0,9090.0,15809.0,16111.0,16018.0,12385.0,12329.0,9067.0,8419.0,7755.0,6482.0,800,24000,,
W200140097,F-462,2021,7262.0,9698.0,11012.0,12441.0,10146.0,10335.0,7894.0,7222.0,10255.0,17066.0,9821.0,7866.0,800,24240,,
W200140127,F-461,2021,6991.0,2661.0,2361.0,2360.0,4233.0,2028.0,2426.0,2664.0,3012.0,4646.0,19938.0,9096.0,850,26400,,
W200140128,F-459,2021,7439.0,9573.0,9409.0,16046.0,16583.0,15783.0,11310.0,15191.0,13052.0,11983.0,12618.0,11710.0,700,23850,,
W200140129,F-467,2021,1941.0,1872.0,2153.0,1827.0,1933.0,2084.0,2175.0,2032.0,1433.0,2387.0,2328.0,1618.0,500,24300,,
W200140141,F-464,2021,5019.0,518.0,835.0,672.0,4321.0,1264.0,763.0,465.0,2642.0,6171.0,22679.0,5215.0,900,25200,,
W200140142,F-465,2021,8800.0,1814.0,3116.0,4961.0,7435.0,5553.0,4812.0,4594.0,6865.0,8936.0,19298.0,7776.0,850,25500,,
W200140143,F-460,2021,14427.0,11131.0,3534.0,4988.0,6353.0,6843.0,6531.0,5968.0,5696.0,5750.0,12164.0,6199.0,900,27090,,
W200140156,F-463,2021,4593.0,405.0,438.0,630.0,3478.0,1397.0,354.0,476.0,1405.0,3725.0,18123.0,5347.0,700,22110,,
W200140157,F-466,2021,0.0,0.0,0.0,0.0,0.0,0.0,193.0,0.0,0.0,1.0,0.0,0.0,850,28020,,
W200140158,R-019,2021,3873.0,3235.0,3411.0,1968.0,1803.0,1904.0,5373.0,4836.0,3685.0,4757.0,4800.0,4298.0,850,25620,,
W200140159,R-018,2021,3490.0,3541.0,4307.0,4006.0,4477.0,5625.0,6341.0,5764.0,4282.0,5835.0,4843.0,3162.0,600,24300,,
W200220011,F-472,2021,1237.0,1578.0,1554.0,2501.0,1662.0,1662.0,1230.0,1161.0,856.0,1986.0,1677.0,1271.0,800,24000,,
W200220012,F-474,2021,11405.0,13474.0,19660.0,23573.0,24703.0,24243.0,23179.0,25237.0,19762.0,23008.0,20429.0,11115.0,700,21000,,
W200220013,F-473,2021,17560.0,18767.0,19687.0,22365.0,18491.0,21738.0,20308.0,19824.0,13233.0,14523.0,11327.0,10669.0,600,18000,,
W200220014,F-475,2021,2806.0,2204.0,5344.0,10665.0,12922.0,12669.0,15695.0,13058.0,12017.0,7959.0,10388.0,4789.0,700,21000,,
W200240015,F-492,2021,6152.0,2660.0,1863.0,2583.0,7821.0,4745.0,4972.0,4162.0,5369.0,10454.0,26017.0,5200.0,900,27000,,
W200240034,F-493,2021,3635.0,0.0,0.0,187.0,1708.0,1219.0,3.0,0.0,1864.0,4704.0,13527.0,2102.0,800,24000,,
W200240035,R-022,2021,3146.0,3394.0,3198.0,4448.0,3781.0,4440.0,2792.0,2809.0,2406.0,2160.0,1957.0,1592.0,600,21000,,
W200240046,R-023,2021,23412.0,22812.0,24432.0,16324.0,16681.0,18565.0,28043.0,22218.0,20059.0,25817.0,23195.0,21367.0,800,24000,,
W200240051,F-491,2021,1588.0,659.0,380.0,1076.0,4367.0,304.0,291.0,343.0,318.0,12185.0,11294.0,2072.0,700,21000,,
W200240052,F-490,2021,6834.0,7392.0,9309.0,12585.0,14274.0,12755.0,15271.0,14861.0,11850.0,7712.0,8238.0,9901.0,900,27000,,
W200320014,F-496,2021,3260.0,4194.0,3957.0,5814.0,4757.0,4408.0,3654.0,3586.0,3087.0,3752.0,3575.0,3165.0,500,15000,,
W200320016,F-499,2021,3894.0,5620.0,5212.0,8181.0,8946.0,9679.0,12127.0,12027.0,8738.0,6458.0,9101.0,6655.0,700,21000,,
W200320017,F-497,2021,4331.0,4669.0,4921.0,6348.0,6771.0,5774.0,9689.0,12777.0,9050.0,7893.0,6508.0,4533.0,550,16500,,
W200320018,F-498,2021,3956.0,4135.0,7404.0,11318.0,13944.0,13578.0,9991.0,11176.0,7951.0,11276.0,10910.0,8799.0,800,24000,,
W200320019,F-403-1,2021,5486.0,7177.0,4879.0,7811.0,9163.0,7880.0,8315.0,6872.0,5987.0,4506.0,8156.0,4983.0,500,15000,,
W200320020,F-500,2021,2182.0,2271.0,2255.0,2909.0,2979.0,2969.0,1558.0,1343.0,615.0,834.0,623.0,449.0,600,18000,,
W200340023,F-520,2021,4986.0,910.0,977.0,912.0,4852.0,2453.0,2913.0,2899.0,3492.0,5006.0,18225.0,2793.0,800,24000,,
W200340024,F-516,2021,9476.0,15085.0,14133.0,20902.0,23890.0,24139.0,18399.0,25276.0,14993.0,14411.0,14772.0,11597.0,700,21000,,
W200340028,F-518,2021,2629.0,7370.0,7928.0,7740.0,7701.0,7888.0,7022.0,6832.0,6250.0,9341.0,9500.0,5669.0,800,24000,,
W200340029,F-514,2021,3134.0,3069.0,2699.0,3511.0,5062.0,4293.0,5204.0,4352.0,3884.0,3019.0,4154.0,3544.0,800,24000,,
W200340031,F-515,2021,13065.0,17749.0,20028.0,18659.0,22549.0,21008.0,18536.0,21946.0,18755.0,16985.0,18008.0,15078.0,700,21000,,
W200340032,R-026,2021,13008.0,8880.0,15167.0,12379.0,14857.0,14505.0,26619.0,26663.0,22404.0,14913.0,14936.0,12035.0,800,24000,,
W200340033,F-519,2021,12199.0,10037.0,7652.0,10216.0,10152.0,7031.0,5786.0,6642.0,7328.0,8148.0,24487.0,11565.0,800,24000,,
W200340034,F-521,2021,3592.0,727.0,932.0,1421.0,4497.0,2480.0,1936.0,2134.0,2529.0,4383.0,11739.0,2550.0,800,24000,,
W200340035,F-522,2021,6002.0,25.0,650.0,32.0,3583.0,1615.0,52.0,20.0,23.0,2921.0,16776.0,4610.0,800,24000,,
W200340036,F-517,2021,238.0,571.0,345.0,69.0,9.0,158.0,41.0,190.0,12.0,4.0,14.0,3.0,800,24000,,
W200340046,F-513,2021,10088.0,9687.0,9722.0,12856.0,10506.0,11409.0,13011.0,12804.0,11278.0,12284.0,14576.0,13045.0,800,24000,,
W200340052,R-027,2021,1601.0,2009.0,2882.0,2533.0,2616.0,2983.0,5344.0,6141.0,2957.0,5903.0,4755.0,1971.0,700,21000,,
W200420001,F-526,2021,11136.0,8192.0,10194.0,13123.0,12473.0,11165.0,10606.0,13822.0,12184.0,13782.0,15518.0,13239.0,700,21000,,
W200420002,F-525,2021,4095.0,5879.0,7483.0,9247.0,13931.0,10842.0,11135.0,12789.0,5493.0,7086.0,7367.0,4758.0,800,24000,,
W200420003,F-524,2021,2555.0,3346.0,3735.0,5131.0,6688.0,6451.0,7084.0,5109.0,5491.0,4164.0,5445.0,4564.0,700,21000,,
W200440020,R-029,2021,2667.0,3054.0,2304.0,1326.0,1387.0,1779.0,3194.0,3470.0,3094.0,3104.0,3390.0,3017.0,800,18000,,
W200440021,F-531,2021,7111.0,1842.0,1932.0,2110.0,6663.0,3785.0,3249.0,3614.0,3795.0,7751.0,24023.0,6380.0,800,24000,,
W200520003,F-536,2021,14256.0,14568.0,10777.0,13304.0,10030.0,10174.0,12437.0,9733.0,9017.0,11467.0,10958.0,9914.0,700,21000,,
W200520004,F-537,2021,2077.0,2462.0,2403.0,9245.0,8230.0,8341.0,6382.0,6190.0,5380.0,6219.0,6178.0,5905.0,700,21000,,
W200520005,F-538,2021,4867.0,6664.0,5959.0,9477.0,12303.0,11410.0,8376.0,9303.0,7777.0,6659.0,7804.0,5635.0,600,18000,,
W200540001,F-533,2021,4158.0,56.0,46.0,54.0,2883.0,888.0,33.0,736.0,3052.0,5158.0,16236.0,3360.0,800,21000,,
W200540002,F-532,2021,2400.0,1643.0,1838.0,1833.0,2457.0,1834.0,2654.0,2923.0,2895.0,5483.0,9994.0,4178.0,800,21000,,
W200540003,R-030,2021,2724.0,2965.0,3240.0,1878.0,2200.0,1502.0,4077.0,5558.0,2446.0,11607.0,8034.0,3233.0,700,21000,,
W200540020,F-546,2021,13306.0,19478.0,13037.0,9256.0,19202.0,23749.0,18483.0,21447.0,11113.0,11486.0,12915.0,9807.0,800,24000,,
W200540021,F-545,2021,12271.0,14345.0,14899.0,21177.0,23031.0,21917.0,18741.0,21032.0,17259.0,19584.0,19507.0,17971.0,800,24000,,
W200540023,F-548,2021,1494.0,1768.0,3544.0,4285.0,4365.0,5421.0,4029.0,4656.0,2915.0,3408.0,2571.0,1616.0,700,21000,,
W200540024,F-550,2021,1219.0,345.0,152.0,673.0,9321.0,1211.0,178.0,195.0,357.0,810.0,4099.0,1137.0,700,21000,,
W200540025,F-549,2021,3733.0,3950.0,3224.0,3519.0,4645.0,5271.0,6054.0,6229.0,7220.0,4115.0,4726.0,3520.0,800,24000,,
W200540027,F-547,2021,15013.0,15091.0,13662.0,16075.0,18072.0,18350.0,21458.0,25875.0,14987.0,11811.0,14630.0,20401.0,900,27000,,
W200620002,F-556,2021,6087.0,2888.0,2668.0,10968.0,3630.0,1016.0,7136.0,4201.0,2479.0,5315.0,15160.0,4721.0,800,24000,,
W200620003,F-557,2021,1403.0,258.0,104.0,251.0,1306.0,924.0,1215.0,1137.0,2171.0,1453.0,6944.0,1730.0,800,24000,,
W200620004,F-559,2021,6335.0,8129.0,7153.0,9924.0,10538.0,10577.0,10467.0,10454.0,10014.0,9572.0,9941.0,9325.0,700,21000,,
W200620006,F-558,2021,5279.0,1920.0,1890.0,2627.0,5325.0,4967.0,4114.0,5203.0,5415.0,6276.0,14720.0,4370.0,800,24000,,
W200620010,F-562,2021,5969.0,6609.0,5938.0,7525.0,4852.0,4456.0,5241.0,4698.0,2460.0,5651.0,6014.0,5409.0,900,27000,,
W200620011,F-554,2021,8996.0,5874.0,4355.0,5428.0,7476.0,6600.0,6671.0,6777.0,6038.0,7714.0,12792.0,8266.0,600,18000,,
W200620012,F-560,2021,7278.0,11479.0,11160.0,14822.0,17080.0,15102.0,14603.0,18773.0,9561.0,8468.0,9363.0,10955.0,900,27000,,
W200620018,F-561,2021,3393.0,3725.0,3551.0,3640.0,1522.0,1885.0,1765.0,1698.0,1566.0,1699.0,1820.0,1599.0,900,27000,,
W200720008,F-574,2021,4364.0,4417.0,5243.0,5532.0,9440.0,7714.0,8808.0,5870.0,3843.0,4874.0,6198.0,6558.0,600,18000,,
W200720009,F-571,2021,16174.0,11023.0,11142.0,18641.0,19709.0,20342.0,18799.0,13459.0,13111.0,13946.0,10293.0,8919.0,700,21000,,
W200720010,F-575,2021,2124.0,2162.0,3873.0,4591.0,6040.0,5165.0,5273.0,5947.0,4185.0,4262.0,3118.0,2676.0,900,18900,,
W200720011,F-576,2021,7842.0,11535.0,12610.0,11578.0,10697.0,12099.0,13796.0,13930.0,14778.0,13651.0,14362.0,13423.0,700,21000,,
W200720012,F-573,2021,4575.0,4678.0,4497.0,6384.0,6573.0,6785.0,8625.0,7391.0,5553.0,4437.0,4738.0,7334.0,800,24000,,
W200720021,F-572,2021,2326.0,1502.0,1811.0,3052.0,5156.0,3787.0,4160.0,4230.0,3640.0,3804.0,7329.0,2749.0,800,24000,,
W200720022,F-577,2021,10534.0,3881.0,2539.0,9542.0,17589.0,12343.0,10566.0,10580.0,10956.0,13265.0,23748.0,6717.0,800,24000,,
W200820014,F-587,2021,4265.0,1670.0,1667.0,1927.0,4446.0,3114.0,3571.0,3752.0,5998.0,6596.0,18121.0,5147.0,900,27000,,
W200820015,F-588,2021,8185.0,7749.0,6474.0,7600.0,7351.0,6320.0,6476.0,8058.0,11021.0,6672.0,8210.0,8261.0,800,24000,,
W200820016,F-589,2021,0.0,0.0,0.0,0.0,0.0,0.0,0.0,0.0,0.0,0.0,0.0,0.0,800,24000,,
W200820020,F-590,2021,17241.0,20160.0,21203.0,18986.0,18799.0,22081.0,10000.0,23809.0,24476.0,9250.0,7975.0,10355.0,800,24000,,
W200820028,F-555-1,2021,2611.0,2784.0,3112.0,8633.0,7851.0,7047.0,7832.0,8436.0,7962.0,18213.0,17871.0,15259.0,300,9000,,
W200920001,F-600,2021,1578.0,4611.0,2481.0,3201.0,3700.0,3722.0,3977.0,5682.0,3898.0,2225.0,2532.0,1790.0,600,18000,,
W200920025,F-601,2021,4003.0,4273.0,3970.0,4605.0,3441.0,3243.0,3438.0,3582.0,2524.0,1939.0,2112.0,1704.0,800,24000,,
W200920026,F-602,2021,8616.0,9773.0,11263.0,14163.0,18431.0,17011.0,17380.0,19052.0,12848.0,12593.0,16181.0,15824.0,850,25500,,
W200920034,F-603,2021,27922.0,24797.0,24487.0,13923.0,13075.0,32371.0,26838.0,27841.0,26400.0,27273.0,32694.0,27317.0,950,28500,,
W200920035,F-604,2021,1284.0,796.0,733.0,1366.0,2836.0,1671.0,2848.0,2385.0,2180.0,2163.0,4396.0,3199.0,800,24000,,
W200920036,F-605,2021,6371.0,3310.0,1356.0,3105.0,6115.0,2524.0,3747.0,3388.0,3860.0,6652.0,12789.0,3845.0,850,25500,,
W200920037,F-606,2021,2403.0,2367.0,3528.0,4913.0,5364.0,6490.0,5160.0,5654.0,2338.0,4001.0,3823.0,3119.0,800,24000,,
W201020012,F-616,2021,11489.0,13354.0,12143.0,18990.0,25373.0,21550.0,8614.0,12528.0,5784.0,6156.0,7819.0,7914.0,900,27000,,
W201020013,F-615,2021,8865.0,7949.0,7135.0,7782.0,7883.0,7874.0,7671.0,8029.0,8249.0,8138.0,9409.0,8739.0,800,24000,,
W201020015,F-617,2021,14261.0,14011.0,13443.0,15559.0,15705.0,16670.0,16560.0,15847.0,13743.0,13763.0,14805.0,13752.0,800,24000,,
W201020025,F-627,2021,0.0,0.0,0.0,1.0,0.0,1.0,0.0,0.0,0.0,0.0,16.0,17.0,600,18000,,
W201120016,F-625,2021,22520.0,21593.0,22025.0,20172.0,21837.0,19939.0,19098.0,23602.0,19918.0,22879.0,24259.0,24900.0,800,24000,,
W201120017,F-626,2021,8.0,2887.0,12530.0,14203.0,13763.0,14367.0,14956.0,11368.0,15679.0,9752.0,2230.0,1113.0,800,16800,,
W201220032,F-636,2021,4791.0,4785.0,5179.0,6215.0,7066.0,6960.0,3208.0,3396.0,2958.0,5349.0,6462.0,5539.0,900,27000,,
W201220033,F-634,2021,8135.0,8753.0,7567.0,7844.0,8675.0,9709.0,8487.0,9541.0,9251.0,8082.0,7943.0,7660.0,900,27000,,
W201220034,F-632,2021,1934.0,1379.0,865.0,1724.0,4793.0,808.0,539.0,682.0,1386.0,13048.0,7049.0,2679.0,700,21000,,
W201220035,F-633,2021,7701.0,2980.0,2563.0,3543.0,5454.0,4924.0,3530.0,3915.0,8259.0,11669.0,19719.0,9844.0,900,27000,,
W201220040,F-622,2021,3778.0,0.0,0.0,0.0,2449.0,1887.0,473.0,414.0,4681.0,6464.0,21774.0,4768.0,1000,30000,,
W201220041,F-624,2021,7487.0,1525.0,9.0,124.0,2608.0,1308.0,413.0,519.0,1204.0,3024.0,14640.0,3755.0,1000,30000,,
W201220056,F-635,2021,7682.0,8211.0,10586.0,13718.0,12480.0,11403.0,11777.0,5847.0,3026.0,3924.0,3052.0,1345.0,800,24000,,
W201320008,F-647,2021,3528.0,752.0,1017.0,1737.0,3411.0,1979.0,1927.0,1808.0,1941.0,4713.0,9838.0,2265.0,900,27000,,
W201320016,F-648,2021,3254.0,3275.0,4194.0,14559.0,16118.0,15727.0,16093.0,16622.0,14323.0,4782.0,4952.0,5106.0,700,21000,,
W201320017,F-650,2021,12766.0,12111.0,11231.0,12449.0,15543.0,13422.0,15140.0,9106.0,6718.0,11597.0,11635.0,12146.0,700,21000,,
W201320018,F-649,2021,16659.0,16287.0,16331.0,21672.0,23448.0,21279.0,23296.0,24816.0,21425.0,16292.0,17978.0,15698.0,900,27000,,
W201320024,F-623,2021,2665.0,0.0,92.0,1754.0,5740.0,3851.0,2181.0,922.0,5680.0,7607.0,11857.0,7299.0,800,24000,,
W201420006,F-651,2021,1185.0,2254.0,1348.0,2165.0,2124.0,1954.0,1482.0,2078.0,1182.0,576.0,562.0,599.0,600,18000,,
W201420013,F-655,2021,4705.0,0.0,0.0,0.0,1046.0,1155.0,1140.0,1319.0,1359.0,1956.0,14061.0,6678.0,900,27000,,
W201420017,F-656,2021,8.0,21.0,27.0,548.0,1198.0,632.0,190.0,124.0,153.0,84.0,51.0,48.0,900,27000,,
W201420022,F-657,2021,10392.0,6852.0,12083.0,21959.0,24006.0,13867.0,16635.0,16408.0,10328.0,10736.0,16085.0,14079.0,900,27000,,
W201520003,F-658,2021,5222.0,4347.0,4139.0,8275.0,9853.0,8510.0,9021.0,11155.0,5516.0,5041.0,5997.0,4902.0,700,14700,,
W201620001,F-664,2021,7610.0,7203.0,16708.0,3195.0,24846.0,21716.0,22923.0,18428.0,16317.0,16008.0,15049.0,14832.0,800,24000,,
W201620002,F-665,2021,9280.0,2931.0,3621.0,4468.0,31313.0,21593.0,21433.0,18272.0,15805.0,15781.0,15048.0,9331.0,800,24000,,
W201620003,F-666,2021,3195.0,4468.0,20146.0,20146.0,11057.0,21154.0,18096.0,21786.0,12808.0,5231.0,2369.0,2402.0,800,24000,,
W201620009,F-662,2021,2153.0,3361.0,5005.0,2513.0,3061.0,2945.0,2892.0,3079.0,1887.0,3343.0,3184.0,1923.0,500,15000,,
W201620010,F-663,2021,2169.0,1747.0,1702.0,2165.0,2637.0,2567.0,2611.0,2506.0,1807.0,1811.0,2635.0,2542.0,700,21000,,
W201820001,F-662-1,2021,1756.0,2743.0,4084.0,8329.0,10097.0,9719.0,9448.0,10056.0,6168.0,7582.0,7222.0,4356.0,500,15000,,
Y199320005,D-036,2021,1452.0,1818.0,1647.0,2104.0,3249.0,2900.0,3330.0,3410.0,2465.0,2501.0,2835.0,2610.0,850,25500,,
Y199320006,W-024,2021,1023.0,1598.0,2054.0,3022.0,3483.0,3376.0,4468.0,4948.0,2578.0,2961.0,3071.0,2349.0,700,21000,,
Y199320007,D-063,2021,16994.0,17089.0,16270.0,16774.0,19685.0,22281.0,24914.0,23924.0,15027.0,7230.0,9765.0,8702.0,2100,63000,,
Y199320009,D-101,2021,9218.0,9762.0,12326.0,15364.0,16243.0,15335.0,15411.0,16698.0,11858.0,13299.0,13865.0,10485.0,720,21600,,
Y199320011,W-018,2021,12749.0,14162.0,14683.0,8874.0,9114.0,8916.0,18677.0,20290.0,18082.0,18896.0,16442.0,16039.0,1300,39000,,
Y199320831,F-054,2021,7142.0,7910.0,9928.0,12387.0,14920.0,14986.0,13873.0,16023.0,14457.0,15152.0,15728.0,12035.0,700,21000,,
Y199320832,D-250,2021,6288.0,6264.0,5483.0,6332.0,7440.0,6793.0,6772.0,7796.0,5898.0,6495.0,7092.0,6633.0,600,18000,,
Y199320836,F-045,2021,4333.0,3833.0,6204.0,9056.0,11144.0,10073.0,11222.0,8223.0,7483.0,5879.0,8279.0,3764.0,700,21000,,
Y199320837,D-229,2021,15133.0,15438.0,16258.0,19064.0,20485.0,22354.0,22202.0,23609.0,17701.0,18945.0,18966.0,14194.0,2000,17550,,
Y199320838,D-228,2021,4528.0,4300.0,8366.0,14963.0,18251.0,15438.0,9419.0,11034.0,6610.0,10123.0,10187.0,5920.0,950,28500,,
Y199320839,D-178,2021,13018.0,17874.0,18694.0,21571.0,23977.0,23729.0,22592.0,25986.0,20119.0,20835.0,20232.0,14501.0,1300,39000,,
Y199320841,D-087,2021,14468.0,13981.0,15932.0,20664.0,21766.0,22446.0,23566.0,23008.0,22814.0,19025.0,21758.0,18787.0,950,28500,,
Y199320842,D-108,2021,1962.0,2582.0,2569.0,2658.0,2054.0,2595.0,2435.0,1646.0,2556.0,1642.0,1050.0,1860.0,100,2000,,
Y199340974,U-050,2021,5647.0,1407.0,1550.0,616.0,972.0,1172.0,5296.0,5277.0,4392.0,2888.0,15690.0,5164.0,1700,51000,,
Y199340975,W-028,2021,8722.0,7158.0,8335.0,5023.0,5691.0,4421.0,9812.0,9860.0,8811.0,6055.0,8017.0,6681.0,800,24000,,
Y199340976,F-004,2021,5356.0,6245.0,5725.0,5956.0,6368.0,5314.0,4728.0,6918.0,4402.0,4919.0,4276.0,3892.0,1100,20070,,
Y199340977,F-006,2021,28035.0,30626.0,30141.0,31236.0,33218.0,33755.0,34382.0,38699.0,27735.0,26135.0,26749.0,25411.0,1700,21840,,
Y199340978,F-012,2021,3807.0,37.0,17.0,3.0,827.0,225.0,7.0,29.0,52.0,1621.0,19568.0,955.0,1500,45000,,
Y199340979,F-013,2021,3715.0,1385.0,1100.0,1363.0,3971.0,2157.0,1504.0,1364.0,1861.0,5762.0,12611.0,4159.0,1500,45000,,
Y199340980,F-014,2021,3243.0,1159.0,675.0,1448.0,5057.0,1704.0,1536.0,1698.0,1351.0,15261.0,12824.0,3913.0,1150,17550,,
Y199340982,F-019,2021,1176.0,2036.0,5217.0,8142.0,9353.0,7165.0,6276.0,8238.0,3792.0,5327.0,4657.0,2182.0,800,14460,,
Y199340983,F-024,2021,2181.0,1607.0,778.0,1598.0,8662.0,1302.0,3395.0,2606.0,2793.0,22118.0,13651.0,5498.0,1200,20340,,
Y199340984,F-025,2021,4838.0,7854.0,7765.0,10378.0,12693.0,12125.0,10828.0,12143.0,6818.0,8496.0,7775.0,7364.0,700,21000,,
Y199340986,F-035,2021,5939.0,2214.0,2037.0,3099.0,5650.0,4068.0,3454.0,3484.0,4124.0,4770.0,20152.0,7164.0,1150,21060,,
Y199340987,F-038,2021,7441.0,1177.0,1451.0,1945.0,4920.0,2769.0,2608.0,2383.0,4741.0,7805.0,20891.0,6742.0,1050,31500,,
Y199340988,F-039,2021,6358.0,10595.0,13197.0,19839.0,26885.0,23134.0,22258.0,28885.0,11588.0,15854.0,15010.0,12753.0,650,17550,,
Y199340990,F-043,2021,0.0,0.0,0.0,0.0,0.0,0.0,0.0,0.0,0.0,0.0,0.0,0.0,700,13770,,
Y199340991,F-050,2021,737.0,185.0,316.0,281.0,623.0,485.0,240.0,217.0,208.0,307.0,1110.0,251.0,950,28500,,
Y199340992,F-052,2021,6912.0,4668.0,974.0,1289.0,3835.0,3022.0,5980.0,1680.0,6467.0,5307.0,16773.0,2776.0,950,28500,,
Y199340993,D-017,2021,2459.0,2.0,394.0,2.0,1607.0,804.0,1696.0,355.0,2153.0,1703.0,10353.0,1522.0,1150,34500,,
Y199340994,D-040,2021,6907.0,3939.0,3692.0,4105.0,4990.0,4500.0,4087.0,4373.0,4297.0,5730.0,14286.0,5931.0,1400,42000,,
Y199340995,D-048,2021,9056.0,4809.0,5517.0,5783.0,7467.0,6127.0,6348.0,5299.0,5423.0,6335.0,11091.0,5126.0,1050,31500,,
Y199340996,D-083,2021,4600.0,515.0,1019.0,895.0,2240.0,1070.0,1222.0,1352.0,2805.0,4268.0,10857.0,2744.0,1000,30000,,
Y199340997,D-089,2021,6553.0,2397.0,2515.0,3868.0,6832.0,6315.0,5144.0,6204.0,7472.0,7182.0,18845.0,6837.0,900,27000,,
Y199340998,D-090,2021,10655.0,9487.0,8666.0,10293.0,8858.0,6423.0,5346.0,4750.0,5642.0,7046.0,18354.0,6766.0,1000,30000,,
Y199340999,D-095,2021,4316.0,1780.0,2181.0,3095.0,6145.0,4611.0,3810.0,3806.0,3765.0,6838.0,12504.0,4101.0,950,28500,,
Y199341000,D-099,2021,3511.0,80.0,534.0,634.0,4382.0,3503.0,837.0,440.0,1028.0,3801.0,14665.0,2870.0,1000,30000,,
Y199341001,D-184,2021,246.0,364.0,2010.0,3142.0,5363.0,3815.0,5048.0,4576.0,4206.0,4085.0,6484.0,2033.0,1200,36000,,
Y199341002,D-103,2021,6742.0,1850.0,1950.0,2412.0,3160.0,1990.0,1748.0,2038.0,2038.0,2503.0,11738.0,3057.0,1950,11550,,
Y199341003,D-107,2021,6073.0,4180.0,2536.0,3471.0,5282.0,3879.0,4049.0,4100.0,3960.0,4789.0,9762.0,3595.0,1750,5190,,
Y199341004,D-121,2021,1357.0,52.0,49.0,245.0,3589.0,184.0,148.0,163.0,291.0,3357.0,11808.0,2833.0,1550,46500,,
Y199341005,D-122,2021,5759.0,1908.0,1432.0,1174.0,4750.0,2698.0,1999.0,1870.0,2306.0,6239.0,17885.0,3813.0,1550,46500,,
Y199341006,D-129,2021,963.0,994.0,1066.0,1401.0,1541.0,1374.0,1143.0,1333.0,907.0,736.0,839.0,916.0,600,12600,,
Y199341007,D-130,2021,4608.0,274.0,1354.0,1785.0,5252.0,3924.0,2874.0,2593.0,2080.0,5006.0,20613.0,7152.0,1500,45000,,
Y199341008,D-131,2021,5040.0,2343.0,3020.0,4688.0,6835.0,6246.0,7627.0,7853.0,6624.0,10175.0,17058.0,6204.0,1150,34500,,
Y199341009,D-139,2021,17270.0,9586.0,9852.0,11872.0,14633.0,15148.0,13800.0,14567.0,13889.0,14116.0,24855.0,17413.0,1250,37500,,
Y199341010,D-142,2021,5546.0,773.0,995.0,780.0,6342.0,2534.0,1374.0,1741.0,3160.0,6764.0,25966.0,3725.0,850,25500,,
Y199341011,D-144,2021,10685.0,1932.0,2456.0,2598.0,5409.0,4166.0,2569.0,3028.0,4299.0,8490.0,28877.0,6990.0,1400,42000,,
Y199341012,D-147,2021,5866.0,982.0,856.0,999.0,3864.0,2450.0,1911.0,1841.0,2237.0,4497.0,10163.0,2949.0,1550,46500,,
Y199341013,D-146,2021,549.0,433.0,387.0,6047.0,7298.0,7336.0,6593.0,7387.0,6256.0,5383.0,8950.0,4176.0,950,8130,,
Y199341014,D-145,2021,6637.0,2405.0,523.0,1285.0,4610.0,2941.0,2528.0,2421.0,3885.0,5935.0,23534.0,3184.0,1150,34500,,
Y199341015,D-148,2021,7962.0,9102.0,13028.0,18483.0,20040.0,19679.0,20271.0,17329.0,14013.0,8788.0,12431.0,10994.0,800,14010,,
Y199341016,D-156,2021,8433.0,4378.0,4653.0,6343.0,9110.0,8172.0,6412.0,5270.0,3446.0,3586.0,9804.0,2738.0,1150,34500,,
Y199341018,D-161,2021,9587.0,4190.0,4202.0,6486.0,10233.0,8498.0,8463.0,8085.0,7711.0,10558.0,21437.0,6126.0,850,25500,,
Y199341019,D-162,2021,2900.0,1102.0,1053.0,1337.0,2846.0,2002.0,1240.0,1826.0,2018.0,4849.0,15015.0,3496.0,1150,34500,,
Y199341020,D-174,2021,5918.0,3061.0,2258.0,1718.0,5302.0,3741.0,2470.0,1515.0,1315.0,3150.0,6314.0,1886.0,1500,8940,,
Y199341021,D-175,2021,1559.0,1214.0,346.0,524.0,1336.0,682.0,1175.0,798.0,430.0,1252.0,5919.0,1313.0,1150,17400,,
Y199341022,D-172,2021,7473.0,8002.0,3506.0,2685.0,3888.0,3056.0,4111.0,1733.0,2634.0,3640.0,8409.0,2057.0,1150,19170,,
Y199341023,D-173,2021,3986.0,1957.0,1870.0,3938.0,5264.0,4159.0,2817.0,3917.0,3067.0,2743.0,11230.0,2858.0,1150,12480,,
Y199341024,D-183,2021,9302.0,8877.0,6231.0,9781.0,9071.0,11280.0,10179.0,10954.0,10590.0,12398.0,24117.0,13474.0,1150,34500,,
Y199341026,D-100,2021,7174.0,5337.0,7110.0,9215.0,11808.0,12501.0,12093.0,12087.0,8563.0,6553.0,13985.0,6086.0,1150,34500,,
Y199341027,D-192,2021,7355.0,4262.0,3586.0,6655.0,7724.0,4943.0,4630.0,4312.0,4585.0,7715.0,16965.0,6788.0,700,21000,,
Y199341028,D-193,2021,6397.0,2204.0,2182.0,3493.0,6975.0,4696.0,3818.0,2959.0,2790.0,4744.0,14724.0,7823.0,1100,21300,,
Y199341029,D-195,2021,5119.0,1943.0,1605.0,2455.0,3557.0,3166.0,2684.0,2656.0,1997.0,3442.0,11097.0,2209.0,1150,34500,,
Y199341030,D-196,2021,5476.0,0.0,942.0,411.0,1312.0,1414.0,389.0,1164.0,2804.0,3778.0,15578.0,3780.0,1150,34500,,
Y199341031,D-197,2021,9341.0,6566.0,6526.0,6378.0,8176.0,7428.0,8206.0,9075.0,8919.0,8728.0,15581.0,9249.0,800,24000,,
Y199341032,D-198,2021,2529.0,1160.0,892.0,1580.0,2896.0,1241.0,975.0,886.0,1000.0,11401.0,6916.0,2867.0,800,18360,,
Y199341033,D-199,2021,2087.0,524.0,543.0,802.0,1814.0,923.0,853.0,1329.0,1110.0,3107.0,10888.0,3001.0,950,28500,,
Y199341034,D-206,2021,45.0,455.0,43.0,1.0,1.0,1.0,5699.0,7902.0,6875.0,0.0,0.0,0.0,1100,33000,,
Y199341035,D-207,2021,3751.0,0.0,100.0,1383.0,2356.0,686.0,383.0,240.0,2434.0,5653.0,16508.0,2760.0,1100,33000,,
Y199341036,D-208,2021,6653.0,1962.0,2064.0,2250.0,2685.0,2149.0,1910.0,3227.0,4246.0,2754.0,16165.0,7219.0,1350,20340,,
Y199341037,D-209,2021,10480.0,6257.0,5005.0,5792.0,11762.0,8889.0,6954.0,6628.0,8361.0,13697.0,32376.0,11018.0,1350,40500,,
Y199341038,D-210,2021,6646.0,3061.0,4629.0,6484.0,8127.0,7773.0,7831.0,7287.0,6575.0,5985.0,13294.0,5682.0,600,6930,,
Y199341039,D-223,2021,6361.0,6991.0,6412.0,7851.0,11776.0,11262.0,15719.0,16750.0,23046.0,5726.0,9556.0,7714.0,850,25500,,
Y199341041,D-234,2021,3047.0,2996.0,2496.0,4134.0,5188.0,3368.0,4027.0,3196.0,3156.0,3172.0,5581.0,3254.0,950,17040,,
Y199341043,D-236,2021,4251.0,4781.0,5925.0,10007.0,18184.0,13611.0,16402.0,14699.0,12993.0,10017.0,13514.0,6401.0,950,18900,,
Y199341044,D-237,2021,8986.0,9766.0,13186.0,19114.0,19642.0,21297.0,16864.0,21264.0,14278.0,8541.0,10562.0,11440.0,500,13230,,
Y199341045,D-246,2021,3508.0,5176.0,6339.0,7872.0,9069.0,10395.0,10164.0,8453.0,4605.0,7447.0,6298.0,4178.0,950,28500,,
Y199341046,D-247,2021,33826.0,15618.0,17474.0,16850.0,20180.0,11696.0,14557.0,22118.0,11388.0,10251.0,25133.0,14925.0,850,17550,,
Y199341047,F-061,2021,5976.0,10.0,10.0,13.0,1544.0,394.0,5.0,0.0,4806.0,4152.0,23523.0,3434.0,850,25500,,
Y199341048,F-064,2021,2075.0,2530.0,2883.0,4077.0,4384.0,5097.0,5067.0,5772.0,3035.0,2888.0,2523.0,1947.0,800,17550,,
Y199341049,F-062,2021,1439.0,252.0,484.0,1543.0,6039.0,2752.0,1481.0,1471.0,1661.0,4657.0,21881.0,4630.0,1000,30000,,
Y199341051,D-259,2021,0.0,0.0,0.0,0.0,0.0,2.0,188.0,2.0,0.0,0.0,2.0,0.0,1000,13290,,
Y199341052,F-063,2021,2247.0,2880.0,3434.0,6509.0,5972.0,5536.0,5031.0,5626.0,3488.0,3827.0,3251.0,3602.0,1000,13170,,
Y199341053,D-256,2021,5906.0,7945.0,6752.0,9959.0,15337.0,11203.0,10027.0,14305.0,5556.0,7074.0,6365.0,6376.0,600,18000,,
Y199341054,F-051,2021,19073.0,17002.0,19204.0,26581.0,25030.0,26272.0,28371.0,27111.0,24333.0,15843.0,16311.0,16101.0,750,21060,,
Y199341055,F-065,2021,1797.0,1135.0,561.0,1034.0,5415.0,0.0,6.0,460.0,1050.0,17933.0,12759.0,4685.0,1000,20340,,
Y199341057,W-003,2021,4091.0,5107.0,3439.0,1135.0,1855.0,1925.0,3557.0,3980.0,2687.0,4365.0,10443.0,3371.0,1100,33000,,
Y199341058,D-073,2021,5972.0,2487.0,3352.0,6273.0,8632.0,6438.0,7387.0,5335.0,5477.0,9513.0,18692.0,5602.0,850,18900,,
Y199341059,D-056,2021,4603.0,0.0,0.0,0.0,2565.0,34.0,13.0,9.0,1082.0,4947.0,28166.0,4388.0,700,21000,,
Y199341060,D-059,2021,8814.0,7275.0,8009.0,9488.0,10147.0,10040.0,12042.0,10398.0,11476.0,7934.0,12859.0,8416.0,700,21000,,
Y199341061,U-048,2021,5989.0,759.0,662.0,480.0,1175.0,377.0,520.0,401.0,661.0,1755.0,11407.0,3883.0,2000,60000,,
Y199341065,W-026,2021,16529.0,16566.0,13669.0,10038.0,9900.0,9794.0,17818.0,21617.0,15590.0,19390.0,20996.0,19218.0,1700,35700,,
Y199341066,D-005,2021,16901.0,12828.0,9780.0,11942.0,20311.0,14214.0,13255.0,20969.0,10817.0,10388.0,14395.0,11878.0,600,18000,,
Y199341075,F-007,2021,9157.0,16297.0,18512.0,14730.0,14546.0,14649.0,10829.0,15095.0,6983.0,7661.0,7844.0,5462.0,1350,26340,,
Y199341084,W-020,2021,5720.0,4843.0,4343.0,3461.0,3776.0,3420.0,5571.0,4832.0,4101.0,3657.0,4139.0,4181.0,1000,30000,,
Y199341087,D-069,2021,0.0,0.0,0.0,0.0,0.0,0.0,0.0,0.0,0.0,0.0,0.0,0.0,650,19500,,
Y199341093,D-004,2021,4004.0,4214.0,5521.0,7297.0,8392.0,8073.0,7268.0,5989.0,2841.0,4382.0,4954.0,1848.0,950,28500,,
Y199341094,U-036,2021,2949.0,432.0,467.0,294.0,627.0,437.0,733.0,671.0,600.0,1279.0,9819.0,4027.0,1500,17550,,
Y199341095,D-049,2021,15845.0,14568.0,15468.0,13829.0,15616.0,14720.0,14611.0,14070.0,14441.0,18493.0,18071.0,13251.0,850,25500,,
Y199341097,90사계,2021,5909.0,15315.0,14551.0,11253.0,20938.0,8939.0,15487.0,10617.0,16163.0,32447.0,24143.0,12878.0,1000,30000,,
Y199341099,89동광1,2021,0.0,0.0,0.0,0.0,0.0,0.0,0.0,0.0,0.0,0.0,0.0,0.0,800,24000,,
Y199341100,90감산,2021,7804.0,9468.0,9373.0,14000.0,12700.0,12406.0,10950.0,11032.0,7046.0,10133.0,10856.0,8350.0,800,24000,,
Y199341103,D-006,2021,0.0,0.0,0.0,0.0,0.0,0.0,0.0,0.0,0.0,0.0,0.0,0.0,600,18000,,
Y199341104,D-020,2021,3075.0,3481.0,2905.0,3991.0,5271.0,4158.0,4729.0,5108.0,4660.0,3422.0,4480.0,3202.0,850,17550,,
Y199341106,D-158,2021,0.0,0.0,0.0,0.0,0.0,0.0,0.0,0.0,0.0,0.0,0.0,0.0,1505,45150,,
Y199520081,D-274,2021,3192.0,2720.0,2126.0,2748.0,2672.0,3286.0,3604.0,2886.0,1953.0,1937.0,1780.0,2793.0,600,12030,,
Y199520082,F-067,2021,3573.0,2578.0,2390.0,5288.0,6655.0,7580.0,6439.0,6614.0,5208.0,4203.0,6145.0,2746.0,700,16830,,
Y199520083,F-079,2021,4483.0,4219.0,4839.0,5964.0,6683.0,7349.0,4654.0,4987.0,4958.0,7205.0,8596.0,6313.0,700,17550,,
Y199520085,D-275,2021,7139.0,6603.0,8795.0,11896.0,12019.0,11531.0,12778.0,11281.0,9891.0,9254.0,11090.0,6944.0,800,17550,,
Y199540245,F-074,2021,7748.0,15103.0,15571.0,15789.0,20683.0,13932.0,15858.0,21709.0,10113.0,11612.0,12976.0,13149.0,600,21060,,
Y199540246,D-283,2021,13105.0,18418.0,18262.0,28315.0,31773.0,27377.0,18536.0,22979.0,14579.0,17066.0,17008.0,17915.0,1000,17550,,
Y199540248,F-075,2021,0.0,0.0,0.0,0.0,0.0,0.0,0.0,0.0,0.0,0.0,0.0,0.0,600,18000,,
Y199540249,D-268,2021,5355.0,1919.0,1562.0,1839.0,5680.0,3369.0,3547.0,1641.0,2135.0,4778.0,17952.0,3680.0,600,18900,,
Y199540250,D-269,2021,4896.0,88.0,111.0,549.0,1910.0,980.0,466.0,883.0,1158.0,1132.0,11924.0,4093.0,700,10110,,
Y199540251,D-284,2021,1136.0,26.0,26.0,29.0,3950.0,1051.0,742.0,61.0,8107.0,3458.0,17919.0,762.0,1000,21060,,
Y199540252,D-245,2021,6509.0,7911.0,9417.0,12995.0,17493.0,12512.0,13781.0,19952.0,9136.0,9929.0,9455.0,8297.0,500,18150,,
Y199540253,F-073,2021,9567.0,8888.0,10779.0,15138.0,16576.0,15307.0,12611.0,17831.0,11239.0,9715.0,12978.0,10365.0,600,11070,,
Y199540254,D-271,2021,6255.0,6380.0,6138.0,7440.0,6851.0,7991.0,9037.0,8668.0,6486.0,5128.0,5481.0,8515.0,800,12480,,
Y199540255,F-076,2021,2067.0,1729.0,3007.0,3954.0,3641.0,3120.0,3393.0,3753.0,1713.0,1866.0,1746.0,1596.0,1000,14310,,
Y199540256,F-077,2021,3548.0,4739.0,4179.0,6134.0,6327.0,6260.0,5448.0,5590.0,2864.0,3410.0,3449.0,2291.0,500,17550,,
Y199540257,D-270,2021,0.0,0.0,222.0,1485.0,5465.0,3641.0,5824.0,7791.0,7992.0,1064.0,3937.0,904.0,800,21060,,
Y200240031,F-083,2021,15829.0,9963.0,8503.0,12618.0,15425.0,11730.0,12174.0,17301.0,8702.0,8380.0,8121.0,8891.0,600,30000,,
D199510018,F-084,2021,5914,5176,5588,6017,9273,9836,9848,8642,7438,7661,7802,8591,600,9030,,제주시DB(분기→월 v5)
D199510019,F-085,2021,5259,4606,5662,6219,6412,6130,6332,6947,5669,5691,5913,5163,750,15120,,제주시DB(분기→월 v5)
D199510020,F-087,2021,2546,2194,2694,2736,2346,2265,2368,2110,1845,2364,2385,2113,750,6390,,제주시DB(분기→월 v5)
D199510021,F-086,2021,11095,9684,11919,13052,13556,13356,13269,13832,11567,12593,13222,11168,700,16920,,제주시DB(분기→월 v5)
D199510022,D-288,2021,14167,12222,15052,16097,17321,17679,18139,15328,12609,13702,13810,12677,800,18210,,제주시DB(분기→월 v5)
D199510023,D-287,2021,11397,10420,12871,15810,18886,17253,16546,15810,13056,13944,15455,11708,800,23670,,제주시DB(분기→월 v5)
D199530039,96조천1,2021,2704,2250,2800,2875,3346,3260,3550,4102,2744,2646,2362,2396,800,22800,,제주시DB(분기→월 v5)
D199530042,D-294,2021,218,181,222,1017,629,434,455,335,1,239,1167,1267,800,24000,,제주시DB(분기→월 v5)
D199530043,F-080,2021,4600,3829,4685,8676,10169,6862,7765,6874,4633,4379,195,209,700,19950,,제주시DB(분기→월 v5)
D199530045,F-089,2021,3870,3222,3941,11977,9354,4462,5049,4033,2015,2224,1592,1702,650,22800,,제주시DB(분기→월 v5)
D199530046,F-090,2021,4081,3398,4156,3657,3604,3240,3667,4352,4843,5246,3441,3679,800,22800,,제주시DB(분기→월 v5)
D199530047,F-091,2021,5782,4787,5894,3630,2891,2796,2931,3004,2611,2614,1405,1526,700,13680,,제주시DB(분기→월 v5)
D199530048,F-092,2021,15384,12735,15681,13397,11244,10479,10986,9856,8256,12251,13093,14218,1000,20460,,제주시DB(분기→월 v5)
D199530049,F-093,2021,10355,8572,10555,11676,11844,10986,11517,10571,7931,7087,7,8,1000,19410,,제주시DB(분기→월 v5)
D199530050,F-094,2021,3572,2967,3641,3529,2934,425,2975,6249,1226,1714,1531,1570,700,16260,,제주시DB(분기→월 v5)
D199530051,F-095,2021,2519,2096,2609,2887,4515,4209,4473,4620,3992,4208,3755,3809,800,19800,,제주시DB(분기→월 v5)
D199530052,F-096,2021,,,,,,,,,,,,,600,9930,4차이후 외삽 (2021-10-06 ~ 12/31),제주시DB(분기→월 변환 v2)
D199530053,D-300,2021,0,0,0,22,227,300,339,283,182,171,1,1,800,22800,,제주시DB(분기→월 v5)
D199530054,D-301,2021,,,,,,,,,,,,,600,17040,"전년→1차 역행(-1), Period₁로 외삽; 전년 자료 없거나 역행 — 1차→2차 일평균 외삽",제주시DB(분기→월 변환 v2)
D199530055,D-303,2021,21505,17863,21923,21509,20073,19166,20338,16425,9061,19365,17294,17736,600,17100,,제주시DB(분기→월 v5)
D199530056,D-304,2021,,,,,,,,,,,,,900,27000,4차이후 외삽 (2021-09-06 ~ 12/31),제주시DB(분기→월 변환 v2)
D199530057,D-305,2021,7365,6108,7575,10368,12658,12532,8860,9720,9426,10442,7846,8158,600,12210,,제주시DB(분기→월 v5)
D199530058,D-302,2021,4356,3605,4440,6458,7789,7126,7471,6715,4062,5113,5792,6290,700,14880,,제주시DB(분기→월 v5)
D199530059,D-298,2021,2,2,2,2,2,1,1,2,2,2,2,2,700,10380,,제주시DB(분기→월 v5)
D199530060,D-299,2021,5940,4917,6054,7336,7017,6172,6470,6519,5633,6743,5732,6225,900,16680,,제주시DB(분기→월 v5)
D199530061,96조천2,2021,9911,8246,10264,10828,14368,13955,14851,15371,15396,16881,15065,15282,800,17280,,제주시DB(분기→월 v5)
D199610004,F-105,2021,14933,13033,16042,17468,16632,16051,15971,16785,15092,16726,17560,14832,800,18000,,제주시DB(분기→월 v5)
D199610005,F-108,2021,8412,7363,9211,10801,13101,12666,13105,8805,7673,9856,10299,8448,700,21000,,제주시DB(분기→월 v5)
D199610009,F-109,2021,1004,884,1087,869,272,115,119,99,277,886,938,803,500,15000,,제주시DB(분기→월 v5)
D199610010,F-107,2021,6827,5889,7253,8024,8431,6812,6989,5492,5518,10030,10109,9280,600,18000,,제주시DB(분기→월 v5)
D199610011,F-111,2021,,,,,,,,,,,,,600,15000,4차이후 외삽 (2021-09-25 ~ 12/31),제주시DB(분기→월 변환 v2)
D199610020,F-110,2021,8327,7360,9072,10550,13550,12889,12810,10760,9065,9591,10136,8408,700,21000,,제주시DB(분기→월 v5)
D199610021,F-106,2021,5968,5276,5453,5059,7818,7368,7243,5708,4764,4954,7153,9397,700,21000,,제주시DB(분기→월 v5)
D199610022,F-112,2021,274,239,294,323,105,2,2,,,,,,600,18000,전년 자료 없음 — 외삽,제주시DB(분기→월 v5)
D199630016,F-136,2021,6391,5320,6509,7288,8367,7114,8050,7159,5352,6371,5869,6275,800,24000,,제주시DB(분기→월 v5)
D199630017,F-131,2021,13124,10925,13366,14632,17100,14693,16626,16271,14151,15377,11441,12232,800,24000,,제주시DB(분기→월 v5)
D199630018,F-132,2021,14150,11779,14411,15385,15160,11262,12744,11851,10073,11873,10523,11251,800,24000,,제주시DB(분기→월 v5)
D199630019,F-137,2021,13916,11585,14172,18174,25280,21636,24483,24691,21575,24350,19674,21035,700,21000,,제주시DB(분기→월 v5)
D199630020,F-133,2021,9554,7953,9730,11347,12476,10925,10240,10428,9222,10207,8794,9402,900,21000,,제주시DB(분기→월 v5)
D199630021,F-153,2021,12082,10002,12316,13560,13632,12775,13392,13244,11295,13369,11947,12973,800,24000,,제주시DB(분기→월 v5)
D199630022,F-159,2021,14139,11744,14413,13663,6439,10411,12404,12986,7342,15763,14078,14438,700,21000,,제주시DB(분기→월 v5)
D199630023,F-160,2021,17568,14592,17909,17486,15198,14210,17098,18693,11226,24365,21759,22315,800,24000,,제주시DB(분기→월 v5)
D199630024,F-161,2021,5378,4467,5482,5397,5480,4424,5654,7380,3951,8849,7902,8104,700,21000,,제주시DB(분기→월 v5)
D199630025,F-162,2021,19287,16020,19662,19213,15652,14499,16453,16429,9314,20924,18686,19164,800,24000,,제주시DB(분기→월 v5)
D199630026,F-167,2021,225,187,233,409,1155,956,952,378,760,935,834,846,700,21000,,제주시DB(분기→월 v5)
D199630027,F-168,2021,10794,8981,11178,11363,11147,10388,10749,9505,9432,10318,9208,9341,700,21000,전년 자료 없음 — 외삽,제주시DB(분기→월 v5)
D199630028,F-126,2021,,,,,,,,,,,,,700,21000,4차이후 외삽 (2021-10-06 ~ 12/31),제주시DB(분기→월 변환 v2)
D199630058,F-128,2021,12305,10243,12531,17406,16322,12126,13722,11413,6958,8088,7060,7549,900,18000,,제주시DB(분기→월 v5)
D199630059,F-134,2021,11778,9804,11995,11973,11913,10002,10266,10454,9245,10889,9470,10125,800,24000,,제주시DB(분기→월 v5)
D199630060,F-149,2021,6716,5560,6846,8032,8690,7977,8363,8183,6714,7902,7389,8024,800,18000,,제주시DB(분기→월 v5)
D199630061,F-144,2021,8818,7299,8988,12337,11702,10389,10891,11555,10960,12062,7952,8635,600,12000,,제주시DB(분기→월 v5)
D199630062,F-155,2021,14069,11646,14341,17810,20014,18247,19129,18837,15436,17814,14090,15301,600,18000,,제주시DB(분기→월 v5)
D199630063,F-146,2021,15670,12972,15973,16463,15906,14865,15583,14639,12412,13748,10147,11019,800,18000,,제주시DB(분기→월 v5)
D199630064,F-148,2021,1889,1564,1925,1438,230206,239589,251175,186142,4575,5206,3814,4141,700,13500,,제주시DB(분기→월 v5)
D199630065,F-152,2021,3988,3301,4065,4769,3359,3003,3149,2855,1794,2179,2168,2354,600,18000,,제주시DB(분기→월 v5)
D199630066,F-165,2021,8695,7235,9004,9962,15709,14723,15460,13318,10751,11075,9884,10026,800,24000,,제주시DB(분기→월 v5)
D199630067,F-169,2021,1300,1082,1346,1220,,,,,,,,,700,21000,,제주시DB(분기→월 v5)
D199630068,F-127,2021,6904,5726,7101,9377,11289,10864,7158,7820,7583,7759,5733,5961,900,18000,,제주시DB(분기→월 v5)
D199630083,F-129,2021,,,,,,,,545,1244,1164,1,1,800,24000,,제주시DB(분기→월 v5)
D199630084,F-150,2021,41,34,41,1752,3673,2536,2659,2296,,101,1232,1338,800,24000,,제주시DB(분기→월 v5)
D199630085,F-142,2021,5175,4284,5275,7158,8195,7351,7706,7462,5885,6856,5635,6119,800,24000,,제주시DB(분기→월 v5)
D199630086,F-151,2021,4466,3697,4552,5617,7189,6627,6947,6807,5378,6250,5455,5924,600,18000,,제주시DB(분기→월 v5)
D199630087,F-147,2021,21765,18017,22185,24704,26263,24631,25822,24617,18720,17420,,,600,12000,,제주시DB(분기→월 v5)
D199630088,F-141,2021,12352,10225,12591,13706,12784,11730,12297,12652,12228,14148,11464,12449,700,13500,,제주시DB(분기→월 v5)
D199630089,F-157,2021,6908,5737,7042,6870,6103,6709,7547,7575,6532,14886,13294,13634,800,24000,,제주시DB(분기→월 v5)
D199630090,F-122,2021,3321,2754,3416,5060,5686,4531,3579,3950,3831,4553,3468,3605,800,24000,,제주시DB(분기→월 v5)
D199630091,F-120,2021,7764,6439,7985,6635,4963,3868,5275,6314,6123,8295,7584,7886,1100,33000,,제주시DB(분기→월 v5)
D199630092,F-119,2021,,,,,,,,,,,,,700,21000,4차이후 외삽 (2021-10-19 ~ 12/31),제주시DB(분기→월 변환 v2)
D199630093,F-123,2021,9902,8212,10185,10120,9679,8277,9449,10264,9954,11323,8486,8823,1000,21000,전년 자료 없음 — 외삽,제주시DB(분기→월 v5)
D199630094,F-124,2021,12918,10713,13286,16289,17235,12118,10152,10452,10136,12935,10024,10422,800,24000,,제주시DB(분기→월 v5)
D199630095,F-121,2021,7380,6121,7590,6843,6374,5137,3541,2769,2686,4642,4160,4325,1100,33000,,제주시DB(분기→월 v5)
D199630132,F-130,2021,6887,5733,7014,7203,7058,5974,6760,5564,3504,3850,2559,2736,700,21000,,제주시DB(분기→월 v5)
D199630133,F-139,2021,22441,18576,22874,24400,22748,21187,22212,22202,19719,23254,22066,23963,700,13500,,제주시DB(분기→월 v5)
D199630134,F-140,2021,13982,11574,14252,16476,17991,16569,17370,17523,16137,18797,16158,17547,600,12000,,제주시DB(분기→월 v5)
D199630135,F-138,2021,20640,17086,21039,22199,20413,19111,20035,19962,17504,20316,16932,18388,700,13500,,제주시DB(분기→월 v5)
D199630136,F-156,2021,14839,12325,15126,14907,14379,11159,12150,12417,5199,9257,8267,8479,1000,30000,,제주시DB(분기→월 v5)
D199630137,F-166,2021,7261,6041,7519,8116,11917,11425,12204,13613,9303,8920,7960,8075,800,24000,,제주시DB(분기→월 v5)
D199630138,F-164,2021,2112,1757,2187,2316,3224,3140,3268,2381,1899,1933,1725,1750,1000,30000,,제주시DB(분기→월 v5)
D199630139,F-125,2021,6804,5643,6998,5555,3247,1,2,2,2,2,1,1,700,21000,,제주시DB(분기→월 v5)
D199630148,F-158,2021,7792,6472,7943,7572,4148,4114,7026,9892,3497,6672,5959,6111,850,21000,,제주시DB(분기→월 v5)
D199630149,F-135,2021,6023,5014,6134,5947,6392,5787,6061,6172,5458,5073,4240,4534,600,18000,,제주시DB(분기→월 v5)
D199630150,F-143,2021,3297,2729,3361,3547,4160,4039,4234,4310,4035,4335,2368,2571,800,18000,,제주시DB(분기→월 v5)
D199710012,F-217,2021,15171,13641,16748,15829,10683,11381,11323,8620,8315,12401,13725,10655,600,18000,,제주시DB(분기→월 v5)
D199710013,F-218,2021,9131,8210,10080,11494,11551,11320,11262,10635,9421,11309,12516,9717,600,18000,,제주시DB(분기→월 v5)
D199710016,F-216,2021,4,4,4,4,,,,,,,,,700,21000,,제주시DB(분기→월 v5)
D199710017,F-214,2021,9336,8198,10029,11450,11852,,,10066,9980,11307,11575,9436,600,18000,2→3차 역행,제주시DB(분기→월 v5)
D199710018,F-215,2021,3017,2758,3402,4092,4337,3750,3829,3736,3255,3782,4088,3081,800,24000,,제주시DB(분기→월 v5)
D199710019,F-204,2021,7633,6662,8200,9346,10790,10252,9989,9312,8189,9028,9478,8006,600,18000,,제주시DB(분기→월 v5)
D199710025,F-220,2021,9324,8486,10515,12795,15939,14489,14421,14654,12062,12643,13772,10572,700,21000,,제주시DB(분기→월 v5)
D199710026,F-219,2021,9055,8296,10154,11930,12815,12968,13071,14220,12292,14319,15940,11946,800,24000,,제주시DB(분기→월 v5)
D199730036,F-207,2021,266,222,271,138,2311,3341,3781,2177,128,144,106,113,700,21000,,제주시DB(분기→월 v5)
D199730037,F-208,2021,1701,1408,1734,2198,2640,2498,2618,2275,1859,2171,1761,1912,800,24000,,제주시DB(분기→월 v5)
D199730038,F-212,2021,7001,5825,7250,7501,9645,9591,10603,13072,10795,11226,10018,10162,800,24000,,제주시DB(분기→월 v5)
D199730039,F-145,2021,3790,3137,3863,5516,6189,5158,5408,5567,4973,5521,3944,4283,600,18000,,제주시DB(분기→월 v5)
D199730040,F-154,2021,12279,10183,12629,12326,12011,9794,9044,9571,9281,10972,8359,8692,800,12000,,제주시DB(분기→월 v5)
D199730052,F-206,2021,20633,17176,21013,30570,37058,33510,31700,32281,28547,28257,23895,25548,900,24000,,제주시DB(분기→월 v5)
D199730053,F-209,2021,5342,4422,5445,6145,5609,5024,5267,5888,5197,5875,4469,4853,800,24000,,제주시DB(분기→월 v5)
D199730054,F-213,2021,14252,11838,14529,14213,12004,12393,13952,13509,4983,10865,9703,9951,1000,30000,,제주시DB(분기→월 v5)
D199730055,F-211,2021,8634,7184,8941,9413,11699,11127,11821,12134,8723,8653,7721,7833,600,18000,,제주시DB(분기→월 v5)
D199730056,F-205,2021,9424,7816,9693,9120,8031,4678,5605,6288,6098,3099,712,741,1000,24000,,제주시DB(분기→월 v5)
D199730057,F-241,2021,,,,,,,,,,3241,9688,10358,600,24000,,제주시DB(분기→월 v5)
D199730059,F-210,2021,281,233,287,606,306,218,229,626,1526,1563,423,459,800,24000,,제주시DB(분기→월 v5)
D199730061,F-263,2021,12223,10169,12657,13239,14631,13283,13972,12398,12768,14241,12708,12892,800,24000,,제주시DB(분기→월 v5)
D199730063,F-235,2021,12018,9967,12361,11875,11016,9108,10995,12396,12022,15746,13109,13630,800,12000,,제주시DB(분기→월 v5)
D199730073,F-257,2021,27894,23091,28433,30205,2080,,,19021,20268,26124,24072,26141,700,21000,2→3차 역행,제주시DB(분기→월 v5)
D199730074,F-239,2021,8700,7243,8861,9966,9016,5655,6399,9058,8930,10857,10469,11194,700,21000,,제주시DB(분기→월 v5)
D199730079,F-252,2021,5074,4200,5172,6806,5605,4781,5013,5165,5567,6405,4919,5342,800,24000,,제주시DB(분기→월 v5)
D199730080,F-251,2021,3151,2609,3212,6083,8632,7567,7933,6958,2731,3775,6316,6859,1000,24000,,제주시DB(분기→월 v5)
D199730081,F-259,2021,1319,1092,1344,1673,1922,1786,1872,1905,1757,2047,1700,1846,700,30000,,제주시DB(분기→월 v5)
D199730082,F-258,2021,3994,3306,4071,6219,6305,5663,5936,5487,3731,4563,4668,5069,600,24000,,제주시DB(분기→월 v5)
D199730083,F-248,2021,2631,2178,2681,3491,3066,2632,2759,2608,1502,1758,1517,1648,700,24000,,제주시DB(분기→월 v5)
D199730084,F-253,2021,,,,,1,1,1,32,70,63,0,1,800,21000,,제주시DB(분기→월 v5)
D199730085,F-256,2021,14004,11592,14274,22873,25485,23817,24969,31763,28740,34458,28856,31336,1200,36000,,제주시DB(분기→월 v5)
D199730087,F-261,2021,16757,13871,17081,20235,19197,17707,18563,18459,15926,19324,17839,19372,1200,36000,,제주시DB(분기→월 v5)
D199730088,F-254,2021,5536,4582,5643,8839,9041,7837,8216,7448,6192,7278,5975,6488,800,24000,,제주시DB(분기→월 v5)
D199730089,F-255,2021,10068,8334,10262,12145,12142,11063,11597,12593,11047,14292,13516,14678,700,24000,,제주시DB(분기→월 v5)
D199730090,F-242,2021,13790,11480,14044,15381,18036,14964,16932,16254,14016,16714,15044,16085,800,33000,,제주시DB(분기→월 v5)
D199730091,F-245,2021,25310,21069,25776,24001,20825,18432,20857,20636,17600,19504,14973,16009,900,27000,,제주시DB(분기→월 v5)
D199730092,F-244,2021,11486,9561,11697,11893,13451,12488,13832,14086,12456,14720,12808,13695,800,27000,,제주시DB(분기→월 v5)
D199730093,F-243,2021,,,,,4369,8572,7039,7168,6338,7384,6412,6856,800,24000,,제주시DB(분기→월 v5)
D199730094,F-246,2021,18137,15098,18471,19308,20615,17881,20233,16480,13082,14559,11886,12708,800,24000,,제주시DB(분기→월 v5)
D199730098,F-234,2021,16464,13654,16933,14987,11759,9823,11010,11728,11374,14087,11078,11518,800,12000,,제주시DB(분기→월 v5)
D199730099,F-232,2021,3952,3278,4065,4149,4108,2422,2810,3075,2982,5299,5175,5380,800,12000,,제주시DB(분기→월 v5)
D199730100,F-233,2021,5862,4862,6030,6923,8544,7748,7416,6990,6779,7445,5413,5628,600,9000,,제주시DB(분기→월 v5)
D199730101,F-236,2021,4,3,4,4,4,2,11,14,13,6,3,3,800,12000,,제주시DB(분기→월 v5)
D199730102,F-238,2021,107,89,110,36,3,3,0,0,0,374,338,351,800,12000,,제주시DB(분기→월 v5)
D199730103,F-237,2021,10827,8979,11135,10733,10107,7279,9241,10609,10288,12757,10495,10912,800,12000,,제주시DB(분기→월 v5)
D199730105,F-250,2021,6500,5381,6626,9778,10540,9186,9630,9339,6815,8112,7735,8400,700,27000,,제주시DB(분기→월 v5)
D199730107,F-240,2021,21044,17519,21432,16587,19248,19280,21817,19203,12761,14741,12589,13460,1050,24000,,제주시DB(분기→월 v5)
D199730108,F-247,2021,2156,1794,2195,5027,8366,7193,8139,6310,3157,3876,4130,4415,700,21000,,제주시DB(분기→월 v5)
D199730109,F-266,2021,4976,4140,5153,5650,10619,10548,11044,9038,6454,6317,5638,5719,700,21000,,제주시DB(분기→월 v5)
D199730120,D-321,2021,,,,,,,,,,,,,800,24000,4차이후 외삽 (2021-10-28 ~ 12/31),제주시DB(분기→월 변환 v2)
D199730132,F-262,2021,6368,5271,6491,10016,10172,8496,8907,8743,7256,8477,7044,7650,800,24000,,제주시DB(분기→월 v5)
D199730133,F-260,2021,14492,11997,14772,17528,17495,15423,16169,17555,15541,19079,17295,18782,800,24000,,제주시DB(분기→월 v5)
D199730134,R-001,2021,9277,7694,9542,10546,11877,11082,9028,10140,9834,10208,7567,7867,800,24000,,제주시DB(분기→월 v5)
D199810008,F-300,2021,14112,12164,14935,15990,16785,16951,17717,18377,16996,19623,19794,17536,1000,32580,,제주시DB(분기→월 v5)
D199810009,F-299,2021,3849,3524,4364,5112,4785,5015,4892,4945,4261,4957,5496,4104,700,21000,,제주시DB(분기→월 v5)
D199810010,F-301,2021,4347,3805,4760,5908,8110,7580,7842,6750,5329,4812,5029,4125,700,24000,,제주시DB(분기→월 v5)
D199810022,F-302,2021,19571,17129,18492,17351,17336,17176,17196,16883,14675,15418,15702,17290,600,25140,,제주시DB(분기→월 v5)
D199830009,S-004,2021,16159,13452,16457,17445,18583,15486,17523,18298,16345,18728,15964,17069,1300,42000,,제주시DB(분기→월 v5)
D199830010,S-005,2021,16349,13533,16664,19593,20634,18782,19691,19140,15321,18154,17853,19387,1050,45000,,제주시DB(분기→월 v5)
D199830011,S-006,2021,9008,7494,9328,10298,16437,14746,15310,10587,9725,10605,9464,9600,800,15000,,제주시DB(분기→월 v5)
D199830012,S-003,2021,11253,9333,11574,9849,6201,5062,5707,6145,5959,7386,5919,6154,1000,30000,,제주시DB(분기→월 v5)
D199830013,S-002,2021,7282,6039,7490,7944,7424,4400,8101,9708,9414,9834,7263,7552,1050,12000,,제주시DB(분기→월 v5)
D199830020,F-328,2021,17130,14252,17739,18728,23034,21686,22965,22953,20664,22039,19667,19951,850,29880,,제주시DB(분기→월 v5)
D199830028,F-312,2021,2677,2228,2726,1478,2797,4269,4830,4385,3224,4986,8827,9438,1500,45000,,제주시DB(분기→월 v5)
D199830029,F-313,2021,8460,7042,8616,12275,16708,14441,16340,17222,15943,18305,15173,16223,1400,42000,,제주시DB(분기→월 v5)
D199830030,F-314,2021,2466,2053,2512,5630,6663,3932,4449,1943,782,1193,1378,1473,800,30000,,제주시DB(분기→월 v5)
D199830031,F-315,2021,26885,22381,27380,27167,26942,23347,26419,25645,22223,21315,13120,14028,1200,36000,,제주시DB(분기→월 v5)
D199830032,F-316,2021,5968,4968,6078,5206,3709,2997,7531,10332,9137,8947,6581,7037,1000,30000,,제주시DB(분기→월 v5)
D199830033,F-317,2021,107159,89205,109132,103901,48767,,,,,,,,1050,36000,전년 자료 없음 — 외삽,제주시DB(분기→월 v5)
D199830035,F-318,2021,14333,11865,14610,17220,21279,19994,20961,21785,22311,26314,23833,25882,900,39000,,제주시DB(분기→월 v5)
D199830036,F-319,2021,4173,3454,4253,5620,5646,5041,5285,5413,5162,5817,3856,4187,850,39000,,제주시DB(분기→월 v5)
D199830037,F-369,2021,13954,11551,14223,16607,13939,12724,13339,13698,12938,15639,15278,16591,700,27000,,제주시DB(분기→월 v5)
D199830038,F-320,2021,31074,25723,31674,34700,33348,30853,32345,32469,28889,34098,29463,31995,1200,36000,,제주시DB(분기→월 v5)
D199830042,F-322,2021,7564,6261,7710,11493,11647,10819,11343,10305,8574,10351,8939,9707,1400,42000,,제주시DB(분기→월 v5)
D199830043,F-323,2021,2868,2374,2924,4929,4653,4277,4484,3321,2622,2915,2165,2351,800,36000,,제주시DB(분기→월 v5)
D199830044,F-370,2021,2162,1790,2204,741,56,65,68,404,417,383,162,175,700,27000,,제주시DB(분기→월 v5)
D199830045,F-324,2021,14729,12193,15014,17633,17574,15708,16468,14749,12202,13926,10752,11676,1200,36000,,제주시DB(분기→월 v5)
D199830055,F-326,2021,2265,1884,2345,2564,3852,3622,3787,3018,2533,2648,2363,2397,1218,18000,,제주시DB(분기→월 v5)
D199830056,F-325,2021,39992,33274,41414,42292,41297,38559,40949,42154,39741,43191,38543,39100,1200,36000,전년 자료 없음 — 외삽,제주시DB(분기→월 v5)
D199830057,F-329,2021,,,,,1930,2565,2285,6,1,,,,850,18000,,제주시DB(분기→월 v5)
D199830064,F-327,2021,9729,8095,10075,9484,7580,11076,12121,17776,19104,22154,19770,20055,900,27000,,제주시DB(분기→월 v5)
D199830065,S-009,2021,8486,7061,8788,9726,15511,14606,15104,11631,9317,9596,8563,8687,1000,30000,,제주시DB(분기→월 v5)
D199830066,F-330,2021,8432,7004,8595,8463,8172,7120,11203,14401,5935,10477,9356,9595,950,15000,,제주시DB(분기→월 v5)
D199830073,F-380,2021,4129,3429,4209,4123,3648,4208,3484,,2785,6600,5894,6045,900,27000,,제주시DB(분기→월 v5)
D199830075,F-311,2021,8030,6659,8259,7034,5540,4452,6333,7722,7489,9665,8276,8604,1500,30000,,제주시DB(분기→월 v5)
D199830076,F-309,2021,25144,20853,25861,19364,9418,,8791,15304,14841,17738,13700,14245,1000,15000,,제주시DB(분기→월 v5)
D199830077,F-310,2021,12266,10173,12616,11556,9407,6481,8531,10043,9740,12627,10149,10552,800,12000,,제주시DB(분기→월 v5)
D199830090,F-331,2021,4042,3357,4121,3780,61,6,1611,3504,933,1586,1416,1453,650,12000,,제주시DB(분기→월 v5)
D199830091,F-332,2021,659,548,672,671,948,2458,2919,3096,1571,3507,3132,3212,800,12000,,제주시DB(분기→월 v5)
D199830092,F-378,2021,1357,1127,1384,1374,1495,1277,1451,1464,575,1261,1126,1155,800,15000,,제주시DB(분기→월 v5)
D199830093,R-004,2021,12070,10010,12415,12794,13068,10869,11551,12649,12267,14584,11125,11567,1020,30600,,제주시DB(분기→월 v5)
D199830094,R-005,2021,7064,5859,7266,9323,10604,9416,7539,8468,8212,9480,7181,7466,825,24750,,제주시DB(분기→월 v5)
D199910003,F-360,2021,13212,11563,12483,13141,19137,15372,15390,12593,10950,12141,12364,13614,950,28500,,제주시DB(분기→월 v5)
D199910004,F-361,2021,2858,2502,2701,2316,2354,3866,3871,3173,2831,3393,3456,3805,800,30060,,제주시DB(분기→월 v5)
D199910005,F-359,2021,,,,,,,,56111,49495,14334,15495,11678,850,30000,,제주시DB(분기→월 v5)
D199910006,F-357,2021,1105,973,1197,1208,1105,1548,1599,1040,985,1580,1673,1432,700,21240,,제주시DB(분기→월 v5)
D199910007,F-358,2021,4933,4255,5241,5803,6416,5670,5817,5157,4475,5778,5824,5346,700,21600,,제주시DB(분기→월 v5)
D199910008,F-362,2021,737,635,780,795,520,377,459,835,1657,2091,2109,1868,800,24240,,제주시DB(분기→월 v5)
D199910009,F-363,2021,1582,1363,1674,1901,2530,2860,2989,3187,2991,3471,3501,3102,600,27060,,제주시DB(분기→월 v5)
D199930016,F-379,2021,78,64,79,79,94,77,67,52,66,153,137,140,700,29400,,제주시DB(분기→월 v5)
D199930017,F-374,2021,6622,5509,6857,7135,8461,8082,8608,8953,8066,8604,7678,7789,800,24000,,제주시DB(분기→월 v5)
D199930023,F-368,2021,16215,13498,16514,17727,19933,17050,19293,15585,12313,13472,9957,10646,900,27000,,제주시DB(분기→월 v5)
D199930024,F-375,2021,3954,3290,4095,4384,7104,7146,7421,5160,4255,4410,3935,3992,800,27000,,제주시DB(분기→월 v5)
D199930025,F-376,2021,4632,3854,4796,5039,9249,10347,10868,9406,5973,5515,4922,4993,900,27000,,제주시DB(분기→월 v5)
D199930026,F-366,2021,12600,10450,12959,11567,10415,8047,10132,11595,11245,13158,10049,10449,1000,15000,,제주시DB(분기→월 v5)
D199930038,F-381,2021,8414,6989,8577,8367,6419,4901,4757,2737,2301,5261,4699,4819,700,21000,,제주시DB(분기→월 v5)
D199930045,F-371,2021,27418,22697,27948,32443,6098,,,7143,27185,31529,26102,28345,1000,30000,2→3차 역행,제주시DB(분기→월 v5)
D199930047,R-008,2021,3982,3303,4096,3637,2774,1805,2398,2880,2793,4628,4092,4255,800,24000,,제주시DB(분기→월 v5)
D199930048,F-372,2021,15530,12856,15830,17893,16879,15021,15747,16270,17794,20228,12492,13566,900,27000,,제주시DB(분기→월 v5)
D199930049,R-009,2021,1933,1603,1988,818,1,1,1,1,1,0,0,0,1000,30000,,제주시DB(분기→월 v5)
D199930060,F-373,2021,885,733,902,1201,4746,6598,6917,9211,8021,9651,7628,8284,900,27000,,제주시DB(분기→월 v5)
D199930064,F-377,2021,50831,42221,51817,45784,,6904,8487,8301,5258,11089,9903,10157,800,24000,1→2차 역행,제주시DB(분기→월 v5)
D199930075,F-367,2021,9812,8137,10092,9986,9808,8284,10632,12495,12118,18850,17325,18013,650,20100,,제주시DB(분기→월 v5)
D199930079,S-012,2021,8287,6899,8440,6997,6308,5580,6315,5202,2880,3237,2496,2668,750,27000,,제주시DB(분기→월 v5)
D199930080,S-013,2021,3542,2942,3611,3668,5074,1081,3682,10885,2075,2831,2528,2593,800,24000,,제주시DB(분기→월 v5)
D200010005,F-399,2021,5673,4893,6027,6739,7849,7474,7668,7109,6162,7684,7745,7109,800,25650,,제주시DB(분기→월 v5)
D200010006,F-402,2021,3219,2777,3420,3901,5339,5883,6036,5042,4044,3756,3785,3475,700,27540,,제주시DB(분기→월 v5)
D200010009,S-016,2021,10578,9572,11788,13350,12201,11737,11673,11738,10007,11842,12609,10311,600,18000,,제주시DB(분기→월 v5)
D200010010,F-398,2021,6122,5376,6576,6533,2386,,,,83,459,470,383,700,21270,2→3차 역행; 3→4차 역행,제주시DB(분기→월 v5)
D200010011,F-397,2021,2576,2363,2966,3539,3714,3145,3028,2503,2139,2751,3038,2233,500,15240,,제주시DB(분기→월 v5)
D200010012,F-400,2021,5649,4873,6002,6729,8511,9065,9301,9391,7859,8280,8345,7660,700,28080,,제주시DB(분기→월 v5)
D200010013,F-401,2021,,,,,,,,,,,,,950,28500,4차이후 외삽 (2021-09-25 ~ 12/31),제주시DB(분기→월 변환 v2)
D200030016,R-012,2021,894,742,920,1153,1194,882,841,937,908,1028,776,807,800,24000,,제주시DB(분기→월 v5)
D200030017,R-013,2021,1330,1103,1368,2368,3182,3256,1134,1170,1135,670,415,431,800,24000,,제주시DB(분기→월 v5)
D200030018,A-002,2021,17506,14541,17845,17414,14999,14200,17110,18683,10893,23520,21004,21541,800,24000,,제주시DB(분기→월 v5)
D200030032,F-422,2021,4627,3852,4713,4098,4785,4680,1069,1089,963,176,31,33,800,24000,,제주시DB(분기→월 v5)
D200030033,F-409,2021,3408,2830,3474,3183,8,30,1519,3267,1241,2422,2163,2218,700,24000,,제주시DB(분기→월 v5)
D200030034,F-420,2021,4608,3822,4740,6666,7396,5913,4176,4580,4442,5439,4165,4331,800,24000,,제주시DB(분기→월 v5)
D200030035,F-421,2021,8053,6679,8283,8531,9490,9290,7027,7738,7504,8183,6129,6373,800,24000,,제주시DB(분기→월 v5)
D200030036,F-408,2021,22700,18855,23141,22829,22951,19765,21897,20724,9777,20220,18057,18519,750,24000,,제주시DB(분기→월 v5)
D200030037,F-407,2021,24239,20133,24709,24339,23977,22126,24963,25496,12839,26938,24057,24672,800,24000,,제주시DB(분기→월 v5)
D200030068,F-411,2021,3826,3167,3900,4747,4703,4176,4378,4866,4339,4759,3351,3639,800,24000,,제주시DB(분기→월 v5)
D200030069,F-410,2021,4280,3543,4362,5016,5776,5373,5632,5513,4323,4975,3784,4109,600,18000,,제주시DB(분기→월 v5)
D200030070,F-414,2021,17168,14211,17499,19297,17987,16481,17278,17457,15962,19122,17431,18930,810,24300,,제주시DB(분기→월 v5)
D200030071,F-415,2021,9118,7586,9442,10119,8151,5148,5223,3037,1696,1450,1294,1312,750,22500,,제주시DB(분기→월 v5)
D200030072,F-416,2021,4587,3817,4750,5737,9191,7858,7911,5802,5205,5547,4950,5021,800,24000,,제주시DB(분기→월 v5)
D200030073,F-423,2021,997,830,1015,5017,5210,3391,12080,12302,10878,7319,5670,6062,750,22500,,제주시DB(분기→월 v5)
D200030076,F-418,2021,,,,,,,,,,,,,800,24000,4차이후 외삽 (2021-10-15 ~ 12/31),제주시DB(분기→월 변환 v2)
D200030077,F-412,2021,5129,4246,5228,6787,8186,7148,7494,7492,6798,7886,6714,7291,800,24000,,제주시DB(분기→월 v5)
D200030078,F-417,2021,6409,5315,6592,6127,5066,2891,3701,4298,4168,3341,1922,1998,800,24000,,제주시DB(분기→월 v5)
D200030079,F-419,2021,9394,7791,9662,11215,12987,11330,6313,6818,6612,11210,9011,9369,700,21000,,제주시DB(분기→월 v5)
D200030080,F-413,2021,14802,12253,15088,19218,20842,18884,19797,18388,11360,13375,11994,13025,800,24000,,제주시DB(분기→월 v5)
W200110005,F-434,2021,7629,6845,8634,10966,14322,13465,13530,9028,7338,8103,8293,6602,800,24240,,제주시DB(분기→월 v5)
W200110008,F-435,2021,11196,9895,12198,13443,13832,14493,14403,11743,11665,13293,14049,11653,650,19590,,제주시DB(분기→월 v5)
W200110009,F-437,2021,11854,10376,12981,14362,9450,,,5533,5568,6314,6598,5412,800,24300,2→3차 역행,제주시DB(분기→월 v5)
W200110010,F-436,2021,688,629,783,1119,1698,1450,1411,1449,1161,1009,1119,835,800,25200,,제주시DB(분기→월 v5)
W200110011,F-438,2021,4789,4192,5245,5976,6834,6910,7149,5971,4846,5282,5520,4528,700,21600,,제주시DB(분기→월 v5)
W200110012,F-439,2021,7021,6165,7542,7931,7168,8384,8740,9731,7743,1902,1947,1587,800,18000,,제주시DB(분기→월 v5)
W200130021,F-448,2021,,,,41,48,1,1,7,23,24,1,1,600,18000,,제주시DB(분기→월 v5)
W200130030,F-445,2021,12297,10180,12535,12643,11398,10469,10975,11747,11272,13092,10578,11487,800,24000,,제주시DB(분기→월 v5)
W200130031,F-447,2021,18571,15373,18929,20855,21270,19798,20755,21262,18475,22170,18746,20358,900,27000,,제주시DB(분기→월 v5)
W200130036,F-457,2021,10356,8621,10547,11454,15978,14962,16930,18143,17013,17292,9806,10484,900,27000,,제주시DB(분기→월 v5)
W200130037,F-449,2021,1141,944,1163,1618,1920,1724,1807,1532,1239,1416,1097,1191,900,27000,,제주시DB(분기→월 v5)
W200130038,F-442,2021,13159,10930,13414,11853,,9241,11560,11497,7545,16081,14361,14728,800,24000,1→2차 역행,제주시DB(분기→월 v5)
W200130045,F-458,2021,12060,10039,12282,12665,11428,9238,10453,11039,10184,11507,8857,9469,700,21000,,제주시DB(분기→월 v5)
W200130046,F-456,2021,9893,8235,10075,9579,8473,7075,8005,9318,9668,10391,6022,6439,800,24000,,제주시DB(분기→월 v5)
W200130047,F-446,2021,10624,8794,10829,13107,15608,14528,15231,14962,12513,14250,10641,11556,800,24000,,제주시DB(분기→월 v5)
W200130048,F-443,2021,13924,11565,14194,13943,13356,12228,14453,15964,7503,16666,14884,15264,700,21000,,제주시DB(분기→월 v5)
W200130049,F-444,2021,28560,23722,29114,28093,13086,16105,21273,28728,15298,34246,30583,31365,700,21000,,제주시DB(분기→월 v5)
W200130050,F-453,2021,8230,6825,8465,7367,6049,4844,5847,6573,6375,7189,5415,5631,800,24000,,제주시DB(분기→월 v5)
W200130051,F-476,2021,2368,1964,2436,2192,1799,943,1841,2221,2154,2924,2294,2386,800,24000,,제주시DB(분기→월 v5)
W200130052,F-454,2021,4294,3561,4416,4136,3663,3087,3496,3755,3641,4401,3418,3554,800,24000,,제주시DB(분기→월 v5)
W200130062,F-452,2021,5583,4645,5781,6105,7466,6795,7093,3589,4219,5041,4498,4563,700,21000,,제주시DB(분기→월 v5)
W200130063,R-016,2021,6192,5135,6368,4106,1364,1143,2734,3697,3585,4841,3962,4119,1000,30000,,제주시DB(분기→월 v5)
W200130064,R-017,2021,3037,2519,3124,2600,2074,990,1761,2101,2037,2811,2213,2301,1000,30000,,제주시DB(분기→월 v5)
W200130070,F-450,2021,3951,3271,4028,5015,5298,4696,4923,5266,5661,6576,5524,5998,700,21000,,제주시DB(분기→월 v5)
W200130071,F-455,2021,13275,11010,13654,16784,20294,15554,10925,11980,11618,15834,12435,12929,800,24000,,제주시DB(분기→월 v5)
W200210003,F-471,2021,998,871,1072,1490,2125,857,835,207,426,534,561,474,800,24000,,제주시DB(분기→월 v5)
W200210004,F-470,2021,1,1,1,0,,,,11,8,,,,800,24000,,제주시DB(분기→월 v5)
W200210007,F-469,2021,6814,5964,6438,6657,9473,10113,10125,8312,7337,8517,8674,9551,800,24000,,제주시DB(분기→월 v5)
W200230012,F-481,2021,5678,4726,5782,7253,8448,7623,6057,6168,5455,6140,5303,5670,800,24000,,제주시DB(분기→월 v5)
W200230013,F-484,2021,2906,2406,2962,2164,1421,1249,1310,1712,2033,2078,913,992,800,24000,,제주시DB(분기→월 v5)
W200230014,F-489,2021,12503,10385,12746,12186,7161,9167,12862,15686,6488,12981,11593,11889,700,21000,,제주시DB(분기→월 v5)
W200230015,F-488,2021,6205,5154,6325,6294,6641,5708,5875,5599,3190,6498,5803,5951,800,24000,,제주시DB(분기→월 v5)
W200230016,F-477,2021,3930,3259,4042,3689,3373,2978,3803,4320,4189,4697,3534,3674,800,24000,,제주시DB(분기→월 v5)
W200230020,F-483,2021,4131,3439,4207,3001,2894,3009,3405,3189,2372,2856,2784,2977,800,24000,,제주시DB(분기→월 v5)
W200230021,F-482,2021,8306,6888,8542,8895,9926,9421,8477,9521,9233,11301,8631,8974,800,24000,,제주시DB(분기→월 v5)
W200230022,F-479,2021,5123,4249,5269,3769,1731,373,1839,2925,2836,4228,4209,4376,600,18000,,제주시DB(분기→월 v5)
W200230029,F-487,2021,3273,2723,3389,3634,4109,3490,3598,2103,2551,2964,2645,2684,800,24000,,제주시DB(분기→월 v5)
W200230030,R-020,2021,5219,4329,5368,4422,3247,1970,2683,3209,3112,5113,4508,4687,800,24000,,제주시DB(분기→월 v5)
W200230042,R-021,2021,2495,2070,2567,2048,1210,1014,1508,1930,1871,2747,2449,2546,800,24000,,제주시DB(분기→월 v5)
W200230044,F-480,2021,5570,4619,5729,5986,5877,4493,3492,3851,3734,3814,2817,2929,800,24000,,제주시DB(분기→월 v5)
W200310004,F-494,2021,2958,2654,3347,4089,5448,5655,5682,4178,3404,3679,3765,2997,700,21000,,제주시DB(분기→월 v5)
W200310006,F-495,2021,14743,12903,13930,13622,16047,14746,14763,12090,10262,10154,10340,11386,800,24000,,제주시DB(분기→월 v5)
W200330052,F-503,2021,3586,2985,3652,5301,7961,7267,8223,8907,8530,9466,6647,7107,800,24000,,제주시DB(분기→월 v5)
W200330053,F-501,2021,9979,8276,10263,10796,11619,10612,9128,10117,9811,11412,8657,9001,800,24000,,제주시DB(분기→월 v5)
W200330057,F-506,2021,1045,865,1065,1132,487,346,363,268,3,4,3,3,700,21000,전년 자료 없음 — 외삽,제주시DB(분기→월 v5)
W200330062,F-504,2021,12602,10491,12834,12496,11872,11904,13470,14261,12808,13686,10462,11186,800,24000,,제주시DB(분기→월 v5)
W200330064,R-024,2021,8919,7397,9173,8928,9429,8695,8163,9169,8892,10872,8303,8633,800,24000,,제주시DB(분기→월 v5)
W200330065,F-508,2021,2037,1687,2077,1845,3184,3309,3469,3806,3346,3102,1361,1478,700,21000,,제주시DB(분기→월 v5)
W200330077,F-507,2021,6193,5126,6312,7603,7042,6186,6485,6772,6227,7214,5781,6278,900,27000,,제주시DB(분기→월 v5)
W200330078,F-510,2021,24006,19939,24471,23720,18316,17034,21202,23954,12391,26145,23349,23946,800,24000,,제주시DB(분기→월 v5)
W200330079,F-502,2021,4566,3786,4696,3661,2264,1169,2370,3259,3161,3977,3365,3499,800,24000,,제주시DB(분기→월 v5)
W200330081,R-025,2021,1804,1496,1855,1252,156,2,533,1029,998,1174,900,936,700,21000,,제주시DB(분기→월 v5)
W200330082,F-505,2021,3502,2915,3566,2762,1040,444,502,658,763,815,453,484,900,27000,,제주시DB(분기→월 v5)
W200330083,F-509,2021,6252,5202,6475,6854,8769,8349,8782,8546,4751,4197,3745,3800,800,24000,,제주시DB(분기→월 v5)
W200410005,F-433,2021,17471,16149,19901,23400,22835,22716,22315,23053,21313,14588,15768,12550,600,18000,,제주시DB(분기→월 v5)
W200410006,F-523,2021,20151,17649,21695,23813,24571,23550,24325,23957,19787,22994,23892,20861,700,21000,,제주시DB(분기→월 v5)
W200430016,F-529,2021,8926,7402,9180,12208,13421,11615,9320,10468,10152,9700,7121,7404,800,24000,,제주시DB(분기→월 v5)
W200430017,F-527,2021,11193,9317,11399,9377,5695,5196,5879,6531,6289,7032,5539,5922,800,24000,,제주시DB(분기→월 v5)
W200430018,F-528,2021,6070,5053,6182,6236,5961,4935,5584,6221,5695,8900,10477,11201,800,24000,,제주시DB(분기→월 v5)
W200530001,F-540,2021,226,188,230,3231,4324,2665,3015,1981,,,,,800,18000,,제주시DB(분기→월 v5)
W200610002,F-551,2021,2,2,3,2,0,1,1,2,3,4,4,4,800,24000,,제주시DB(분기→월 v5)
W200610008,F-568,2021,,,,,,,,,,,,,1500,45000,4차이후 외삽 (2021-09-04 ~ 12/31),제주시DB(분기→월 변환 v2)
W200610009,F-569,2021,8559,7109,8725,8549,7826,7609,8548,8740,5101,11015,9837,10089,1500,45000,,제주시DB(분기→월 v5)
W200610014,F-541,2021,8423,6972,8586,15142,3013,,,24537,26146,28987,21430,23272,1000,30000,2→3차 역행,제주시DB(분기→월 v5)
W200610015,F-542,2021,861,713,878,341,3249,3621,3796,7403,7112,11814,13852,15043,1000,30000,,제주시DB(분기→월 v5)
W200610016,F-543,2021,,,,,59,67,70,2435,2580,2978,2353,2556,1000,30000,,제주시DB(분기→월 v5)
W200610017,F-544,2021,13609,11266,13872,4624,4635,5066,5311,1038,20,2996,6088,6612,1000,30000,,제주시DB(분기→월 v5)
W200630021,F-553,2021,12984,10768,13354,13059,12441,10014,11461,12414,12039,15949,13376,13908,800,24000,,제주시DB(분기→월 v5)
W200710016,F-565,2021,10045,8362,10230,9502,9658,8473,3906,3977,3517,18612,18020,19266,800,24000,,제주시DB(분기→월 v5)
W200710017,F-570,2021,6646,5511,6835,7210,7145,5508,5831,6520,6323,6952,5216,5423,800,24000,,제주시DB(분기→월 v5)
W200710018,F-566,2021,4562,3796,4724,5085,6757,6340,6806,7360,5411,5412,4829,4899,900,27000,,제주시DB(분기→월 v5)
W200710019,F-563,2021,13322,11065,13580,13389,13353,11521,12157,11590,6994,14529,12975,13307,1000,30000,,제주시DB(분기→월 v5)
W200710020,F-564,2021,0,0,0,1,5,1,57,123,18,1,1,1,1000,30000,,제주시DB(분기→월 v5)
W200710036,F-567,2021,2570,2262,2783,3092,3372,3348,3458,4491,3811,4072,4312,3690,500,15000,,제주시DB(분기→월 v5)
W200810010,F-579,2021,4641,3849,4773,4179,3010,1596,1540,1425,1382,565,1,1,800,24000,,제주시DB(분기→월 v5)
W200810011,F-580,2021,9656,7993,9842,20702,20620,15382,16126,13562,10929,12582,9895,10746,800,24000,,제주시DB(분기→월 v5)
W200810012,F-581,2021,7077,6100,7490,8744,11698,11234,11742,12092,10212,11306,11404,10103,800,24000,,제주시DB(분기→월 v5)
W200810016,F-582,2021,5422,4497,5577,6224,6682,5571,5431,5828,5651,6566,4982,5180,800,24000,,제주시DB(분기→월 v5)
W200810017,F-583,2021,6566,5435,6693,5779,2052,2662,2791,3071,4402,4953,2463,2675,500,15000,,제주시DB(분기→월 v5)
W200810018,F-591,2021,3617,2994,3687,5984,11540,10228,10723,10303,6948,8080,7103,7713,500,15000,,제주시DB(분기→월 v5)
W200810019,F-584,2021,11530,9593,11940,13483,18720,13635,12353,6393,3074,2020,1802,1828,900,27000,,제주시DB(분기→월 v5)
W200810020,F-585,2021,2372,1964,2418,3308,3582,3300,3459,664,,1078,2401,2607,700,21000,,제주시DB(분기→월 v5)
W200810026,F-586,2021,,,,,,,,,,,,,810,24300,전년 자료 없음 — 외삽,제주시DB(분기→월 v5)
W200910003,F-592,2021,3523,2922,3623,3767,4052,3694,3362,3014,2923,5444,5418,5633,800,24000,,제주시DB(분기→월 v5)
W200910004,F-593,2021,3270,2712,3363,2550,2666,4143,4423,4576,4438,5421,4298,4469,800,24000,,제주시DB(분기→월 v5)
W200910007,F-594,2021,14788,12310,15060,12341,16780,18359,17339,17657,15614,13089,10712,11453,700,21000,,제주시DB(분기→월 v5)
W200910008,F-595,2021,1048,872,1067,2491,2468,1033,1169,1377,1418,1402,702,750,900,27000,,제주시DB(분기→월 v5)
W200910009,F-596,2021,9043,7486,9218,10463,10690,9122,9563,8596,7555,10728,8479,9208,500,15000,,제주시DB(분기→월 v5)
W200910017,F-597,2021,3626,3007,3729,3056,2136,1250,2306,3087,2994,3696,3059,3180,950,28500,,제주시DB(분기→월 v5)
W200910018,F-607,2021,13458,11162,13842,13246,12700,10616,12937,14572,14132,17090,13088,13609,900,27000,,제주시DB(분기→월 v5)
W200910019,F-598,2021,5628,4682,5828,6957,12956,12095,12478,11687,8954,9086,8108,8226,800,24000,,제주시DB(분기→월 v5)
W200910020,F-599,2021,8200,6811,8359,8522,10698,4495,4690,5072,3929,8743,7808,8008,800,24000,,제주시DB(분기→월 v5)
W201010002,F-608,2021,12640,10463,12884,17191,22282,20722,21724,20773,15959,18692,15911,17278,700,21000,,제주시DB(분기→월 v5)
W201010003,F-609,2021,568,472,588,725,1253,1085,1137,1085,1262,1430,1277,1295,600,18000,,제주시DB(분기→월 v5)
W201010006,F-611,2021,1045,867,1075,1138,1241,1124,984,1026,995,990,721,750,800,24000,,제주시DB(분기→월 v5)
W201010007,F-610,2021,3363,2789,3459,4072,6475,7265,5871,4571,4432,4225,2650,2756,800,24000,,제주시DB(분기→월 v5)
W201010014,F-612,2021,2042,1700,2080,1953,1503,1028,1238,1308,1157,1067,729,780,800,24000,,제주시DB(분기→월 v5)
W201010015,F-613,2021,3130,2600,3191,3225,4252,5161,5105,4528,2339,4935,4407,4520,800,24000,,제주시DB(분기→월 v5)
W201010016,F-614,2021,4454,3694,4581,3735,2990,2986,3330,3685,3574,3974,2983,3101,800,24000,,제주시DB(분기→월 v5)
W201110010,F-620,2021,3047,2535,3155,3640,4829,3896,3735,,,,,,900,27000,,제주시DB(분기→월 v5)
W201110012,F-618,2021,12236,10129,12473,14211,14705,13532,14186,14431,13711,15874,12939,14051,900,27000,,제주시DB(분기→월 v5)
W201110013,F-619,2021,13253,10991,13631,10758,7282,4241,7955,10703,10379,12849,10102,10504,900,27000,,제주시DB(분기→월 v5)
W201210002,F-630,2021,25158,20943,25621,24957,26400,23564,25578,26047,23033,26662,23129,24729,800,24000,,제주시DB(분기→월 v5)
W201210003,F-631,2021,8496,7033,8660,10749,9259,8518,8930,8234,6338,6899,4328,4700,800,24000,,제주시DB(분기→월 v5)
W201210004,F-628,2021,1561,1300,1590,2087,3854,5495,6218,6552,5874,10511,13561,14499,900,27000,,제주시DB(분기→월 v5)
W201210005,F-629,2021,7071,5853,7207,7940,8031,5642,5915,6781,7074,8056,6078,6600,800,24000,,제주시DB(분기→월 v5)
W201210009,F-638,2021,4666,3870,4799,3452,1742,1053,1998,2698,2616,3631,3319,3450,800,24000,,제주시DB(분기→월 v5)
W201210010,F-639,2021,3407,2830,3473,3371,2667,3237,3648,3497,1824,4077,3641,3734,800,24000,,제주시DB(분기→월 v5)
W201210011,F-637,2021,14,12,15,9,26,58,55,62,60,137,113,118,700,21000,,제주시DB(분기→월 v5)
W201210012,F-640,2021,10775,8920,10983,11789,9065,7910,8292,8249,7251,8371,6674,7247,1000,30000,전년 자료 없음 — 외삽,제주시DB(분기→월 v5)
W201210014,F-621,2021,22224,18432,22858,21119,20270,17984,24902,30010,29103,31232,21550,22407,1500,45000,,제주시DB(분기→월 v5)
W201310003,F-641,2021,4254,3521,4336,12558,13922,12870,13492,10936,8894,8585,4685,5088,800,24000,,제주시DB(분기→월 v5)
W201310004,F-642,2021,112,93,114,342,317,228,239,209,15,25,61,67,700,21000,,제주시DB(분기→월 v5)
W201310005,F-645,2021,13824,11465,14219,9964,6260,3138,5090,6324,6133,10809,11628,12090,900,27000,,제주시DB(분기→월 v5)
W201310006,F-644,2021,25660,21313,26157,25538,20170,15089,17726,19646,9882,22046,19689,20192,800,24000,,제주시DB(분기→월 v5)
W201310007,F-643,2021,,,,,1,2,2,2,1,1,1,1,700,21000,,제주시DB(분기→월 v5)
W201310012,F-646,2021,32097,26719,32688,32463,27699,23185,26236,13789,,8622,25773,27556,900,27000,3→4차 역행,제주시DB(분기→월 v5)
W201410029,F-652,2021,25476,21977,27066,28829,21393,,,26930,23105,18199,18342,16837,800,24000,2→3차 역행,제주시DB(분기→월 v5)
W201410031,F-653,2021,0,0,0,1,1,1,1,1,1,1,0,1,800,24000,,제주시DB(분기→월 v5)
W201510020,F-654,2021,3206,2654,3268,3661,3927,3678,3856,2690,1973,2591,2499,2714,800,24000,,제주시DB(분기→월 v5)
W201510026,F-659,2021,18563,15444,19223,19885,21373,19807,20792,19037,17746,19106,17050,17297,800,24000,,제주시DB(분기→월 v5)
W201510027,F-660,2021,11289,9363,11611,8256,7489,7880,7177,7975,7734,12263,9773,10162,800,24000,,제주시DB(분기→월 v5)
W201610021,F-661,2021,14843,12329,15131,14673,11415,10991,13196,14286,7299,16300,14556,14929,800,24000,,제주시DB(분기→월 v5)
W201810023,F-667,2021,14592,12079,14873,15478,13851,13021,13650,11870,6704,7396,4449,4832,700,21000,,제주시DB(분기→월 v5)
W201910011,F-668,2021,7731,6805,8371,8625,8848,10128,10462,11329,9312,9390,9943,8508,500,15000,전년 자료 없음 — 외삽,제주시DB(분기→월 v5)
Y199310610,D-154,2021,14702,12877,15828,17002,15403,14824,15312,15930,12582,8878,9224,8054,750,22500,,제주시DB(분기→월 v5)
Y199310670,F-044,2021,,,,,,,,,,,,,1250,37500,4차이후 외삽 (2021-09-25 ~ 12/31),제주시DB(분기→월 변환 v2)
Y199310671,F-053,2021,5433,4802,5919,6734,7774,6988,6888,5535,5745,6316,6674,5536,1000,30000,,제주시DB(분기→월 v5)
Y199330023,F-552,2021,3272,2724,3332,3661,3924,2960,3078,2960,2618,3500,3367,3600,800,24000,,제주시DB(분기→월 v5)
Y199330039,F-005,2021,4,3,4,3,4,4,5,4,3,3,1,1,850,25500,,제주시DB(분기→월 v5)
Y199330040,F-028,2021,14784,12307,15056,17988,21567,18255,20656,17325,11820,13376,10883,11636,1150,34500,,제주시DB(분기→월 v5)
Y199330041,D-219,2021,4035,3359,4109,5768,6521,5602,5378,5476,4843,4198,3460,3700,650,19500,,제주시DB(분기→월 v5)
Y199330042,F-046,2021,4044,3367,4119,5345,4963,3742,4234,4337,3876,4091,2339,2500,900,27000,,제주시DB(분기→월 v5)
Y199330043,F-016,2021,20904,17304,21307,25173,26337,24119,25285,25226,22066,26054,22544,24482,1550,46500,,제주시DB(분기→월 v5)
Y199330044,D-119,2021,3667,3035,3737,4577,4128,3646,3822,4456,4870,4899,2677,2907,1250,17550,,제주시DB(분기→월 v5)
Y199330045,F-017,2021,10669,8832,10875,10075,7590,6561,6878,8225,9264,9979,5544,6021,1400,20070,,제주시DB(분기→월 v5)
Y199330046,D-047,2021,2764,2288,2817,3717,3609,2812,2948,2825,2077,2726,4582,4976,1000,30000,,제주시DB(분기→월 v5)
Y199330047,F-010,2021,3078,2548,3138,5288,6854,5818,6100,6401,6765,7377,2665,2894,1350,40500,,제주시DB(분기→월 v5)
Y199330048,F-008,2021,4624,3827,4713,5989,6903,6098,6393,6347,5485,6297,4733,5140,1200,36000,,제주시DB(분기→월 v5)
Y199330049,F-009,2021,5167,4277,5267,8258,9220,7085,7428,6912,4320,4949,3645,3959,1000,30000,,제주시DB(분기→월 v5)
Y199330051,F-027,2021,6427,5320,6551,11430,11058,10199,10693,9732,7329,8427,6581,7146,1250,37500,,제주시DB(분기→월 v5)
Y199330052,D-027,2021,6917,5726,7051,9107,12280,11198,11740,11516,9177,10782,10730,11653,1150,34500,,제주시DB(분기→월 v5)
Y199330053,F-022,2021,8828,7308,8999,12215,14196,12498,13102,12582,9610,11133,9127,9912,1000,30000,,제주시DB(분기→월 v5)
Y199330054,D-157,2021,5015,4151,5112,5925,5569,4938,5177,5265,4913,5687,4623,5020,1100,33000,,제주시DB(분기→월 v5)
Y199330055,F-021,2021,23,19,23,7,10,12,12,15,16,36,58,63,1250,37500,,제주시DB(분기→월 v5)
Y199330056,F-037,2021,2182,1806,2224,2401,1807,1588,1665,1512,890,984,637,692,1250,37500,,제주시DB(분기→월 v5)
Y199330057,F-047,2021,4951,4098,5047,6210,5777,5189,5440,5394,4637,5663,6145,6673,700,4560,,제주시DB(분기→월 v5)
Y199330059,F-023,2021,9083,7544,9259,9065,8324,6979,8614,9600,6589,14222,12701,13025,1100,33000,,제주시DB(분기→월 v5)
Y199330060,F-034,2021,6228,5182,6450,7376,12082,10645,11000,6823,6756,7452,6650,6746,1000,30000,,제주시DB(분기→월 v5)
Y199330061,U-052,2021,20553,17100,21284,22307,26653,24821,26208,22569,21536,23180,20686,20985,1250,37500,,제주시DB(분기→월 v5)
Y199330062,U-053,2021,,,,,,,,,198,258,230,234,1700,51000,,제주시DB(분기→월 v5)
Y199330063,D-067,2021,,,,,31,51,52,,1796,2345,2092,2122,1000,30000,,제주시DB(분기→월 v5)
Y199330064,D-078,2021,13440,11182,13918,14552,10801,5874,6033,,,,,,2000,60000,,제주시DB(분기→월 v5)
Y199330065,D-189,2021,5533,4604,5730,5393,23110,37545,38848,8971,29107,41674,37189,37726,1350,40500,1→2차 역행,제주시DB(분기→월 v5)
Y199330066,F-048,2021,8199,6822,8490,9003,12269,11891,12398,9356,8099,8559,7638,7748,1000,4800,,제주시DB(분기→월 v5)
Y199330070,U-041,2021,11110,9214,11426,8158,5887,5750,10188,12952,12560,10283,3943,4100,1600,48000,,제주시DB(분기→월 v5)
Y199330072,D-009,2021,537,445,552,343,6,2,121,232,225,183,91,94,1000,30000,,제주시DB(분기→월 v5)
Y199330073,D-074,2021,3448,2860,3547,3933,4477,4253,4280,4628,4488,3902,2724,2832,600,17730,,제주시DB(분기→월 v5)
Y199330074,D-079,2021,13185,10935,13562,10158,7140,5089,6225,7044,6832,5674,2281,2371,1500,45000,,제주시DB(분기→월 v5)
Y199330076,D-086,2021,11508,9544,11836,9386,7893,7709,14194,18210,17660,17597,10805,11235,2000,60000,,제주시DB(분기→월 v5)
Y199330077,D-088,2021,3,2,3,5,7,6,5,4,4,3,2,2,2000,60000,,제주시DB(분기→월 v5)
Y199330078,D-093,2021,12179,10101,12527,9874,8218,7973,9496,10630,10309,17249,18005,18721,2000,60000,,제주시DB(분기→월 v5)
Y199330079,D-102,2021,4093,3394,4209,3592,2571,2016,2655,3171,3076,4538,4057,4218,700,21000,,제주시DB(분기→월 v5)
Y199330083,D-123,2021,1639,1359,1685,927,7,5,193,332,322,266,105,109,1250,37500,,제주시DB(분기→월 v5)
Y199330084,D-134,2021,5297,4393,5448,3374,1835,1251,2698,3580,3471,4895,4532,4712,1650,49500,,제주시DB(분기→월 v5)
Y199330085,D-153,2021,5011,4156,5154,3122,1970,2300,974,272,263,220,90,94,1400,42000,,제주시DB(분기→월 v5)
Y199330087,D-171,2021,13375,11093,13757,5659,2,,2686,4251,4123,3424,1377,1431,2000,60000,,제주시DB(분기→월 v5)
Y199330088,D-179,2021,9652,8004,9927,9866,8671,1742,5826,8851,8584,11013,9377,9749,1300,39000,,제주시DB(분기→월 v5)
Y199330090,D-190,2021,,,,0,1,,,,,,,,1900,57000,,제주시DB(분기→월 v5)
Y199330091,D-181,2021,6749,5598,6942,5582,4288,2974,3873,4488,4352,8973,10435,10850,1400,42000,,제주시DB(분기→월 v5)
Y199330092,D-221,2021,7482,6205,7696,7998,8184,6904,7314,7422,7198,7362,5188,5394,1000,30000,,제주시DB(분기→월 v5)
Y199330093,F-011,2021,6931,5749,7129,4372,921,256,698,1025,994,1109,806,838,700,21000,,제주시DB(분기→월 v5)
Y199330094,F-029,2021,10585,8779,10887,10549,9955,7594,9775,11121,10785,11841,8881,9234,1300,39000,전년 자료 없음 — 외삽,제주시DB(분기→월 v5)
Y199330095,D-191,2021,9004,7467,9261,10511,10955,8288,8207,8840,8573,8872,6536,6796,1200,20070,,제주시DB(분기→월 v5)
Y199330096,F-041,2021,11410,9463,11735,10179,8602,8285,9429,10268,9958,9991,6951,7227,1250,37500,,제주시DB(분기→월 v5)
Y199330097,D-233,2021,14345,11897,14755,14687,16105,15783,15005,16706,16201,19055,14485,15061,1000,30000,,제주시DB(분기→월 v5)
Y199330098,F-049,2021,13724,11382,14115,12423,10749,7994,11158,13247,12847,12588,8613,8955,1000,30000,,제주시DB(분기→월 v5)
Y199330100,D-170,2021,1917,1590,1972,1759,2206,3362,4581,5395,5232,3531,382,397,1400,42000,,제주시DB(분기→월 v5)
Y199330107,W-022,2021,6590,5486,6711,8260,11721,12009,13434,13581,12009,8497,3486,3727,1000,30000,,제주시DB(분기→월 v5)
Y199330108,D-026,2021,17511,14578,17834,16732,15769,13588,15375,15310,13115,14447,10237,10946,900,27000,,제주시DB(분기→월 v5)
Y199330109,D-033,2021,16187,13475,16485,19461,23973,21209,23999,25741,23234,27763,25054,26787,1000,30000,,제주시DB(분기→월 v5)
Y199330110,D-051,2021,4206,3502,4284,6451,9174,8023,9078,9708,9233,9495,3829,4094,1000,30000,,제주시DB(분기→월 v5)
Y199330112,W-001,2021,19146,15938,19499,19803,21441,19264,21799,18854,15463,19114,17991,19236,2000,60000,,제주시DB(분기→월 v5)
Y199330113,D-128,2021,33604,27974,34222,33773,33418,29870,33800,34060,29990,35072,30759,32887,900,27000,,제주시DB(분기→월 v5)
Y199330119,D-014,2021,7010,5803,7145,7697,8897,8511,8923,11675,14452,15322,9863,10711,1700,51000,,제주시DB(분기→월 v5)
Y199330123,D-046,2021,23193,19199,23641,24296,25729,25035,26246,25839,21956,26200,22145,24048,900,27000,,제주시DB(분기→월 v5)
Y199330126,D-141,2021,1893,1567,1930,3213,3360,2775,2910,2904,2551,3036,2702,2934,1200,36000,,제주시DB(분기→월 v5)
Y199330127,F-003,2021,529,438,539,263,238,260,273,936,1710,1830,1059,1150,1250,37500,,제주시DB(분기→월 v5)
Y199330130,D-218,2021,1235,1023,1259,3460,11598,13323,13968,7850,5765,4394,3473,3772,1200,36000,,제주시DB(분기→월 v5)
Y199330132,D-211,2021,,,,,,,,,19,51,46,47,700,21000,,제주시DB(분기→월 v5)
Y199330135,D-019,2021,16207,13462,16522,15923,12473,10943,15678,19946,10177,19889,17762,18216,1900,57000,,제주시DB(분기→월 v5)
Y199330140,D-042,2021,4855,4032,4949,4869,4723,3810,5744,7242,3156,6974,6228,6387,850,25500,,제주시DB(분기→월 v5)
Y199330144,D-188,2021,34,28,35,35,56,2,3,10,1,1,1,1,1400,20070,,제주시DB(분기→월 v5)
Y199330146,A-001,2021,4590,3812,4679,4704,5366,5188,5589,5352,2767,5437,4856,4980,1000,30000,,제주시DB(분기→월 v5)
Y199330149,A-004,2021,8263,6864,8424,8128,3783,3139,3842,4608,3685,8412,7512,7704,1200,36000,,제주시DB(분기→월 v5)
Y199330150,A-005,2021,1883,1564,1920,1939,3317,2767,3720,5272,3792,8619,7697,7894,1200,36000,,제주시DB(분기→월 v5)
Y199330161,F-002,2021,296,247,307,391,1060,925,966,753,811,941,840,852,700,21000,,제주시DB(분기→월 v5)
Y199330164,D-220,2021,10031,8346,10388,10950,20488,22431,23559,21684,20407,22166,19780,20066,800,24000,,제주시DB(분기→월 v5)
Y199330165,F-030,2021,,,,85,2360,2835,3004,2986,2039,1954,1744,1769,700,21000,,제주시DB(분기→월 v5)
Y199330168,D-015,2021,2416,2003,2484,1524,478,273,564,779,756,1319,1185,1232,700,21000,,제주시DB(분기→월 v5)
Y199330169,D-021,2021,11701,9704,12034,13947,14647,12269,8809,9894,9596,2733,1136,1182,1150,34500,,제주시DB(분기→월 v5)
Y199330171,D-041,2021,9250,7672,9514,9187,8453,6287,6897,7215,6997,8893,7255,7543,1050,31500,,제주시DB(분기→월 v5)
Y199330172,D-052,2021,1015,842,1044,930,806,685,537,592,574,438,300,311,1150,34500,,제주시DB(분기→월 v5)
Y199330173,D-094,2021,1,1,1,2,3,3,0,,,1,1,1,1500,45000,,제주시DB(분기→월 v5)
Y199330175,D-151,2021,12856,10662,13222,12876,12392,9732,10925,11800,11443,13935,11248,11695,1150,34500,,제주시DB(분기→월 v5)
Y199330176,D-202,2021,9553,7922,9825,12171,14580,14375,10795,11882,11523,12213,9093,9455,1150,34500,,제주시DB(분기→월 v5)
Y199330399,W-302,2021,8686,7190,8854,13536,18487,15778,16541,15117,8397,10304,11421,12403,950,28500,,제주시DB(분기→월 v5)
Y199330400,W-303,2021,6608,5470,6736,11685,15475,12794,13412,12209,6593,7958,8159,8860,1000,30000,,제주시DB(분기→월 v5)
Y199330401,W-304,2021,,,,,,,,,,0,0,0,850,25500,,제주시DB(분기→월 v5)
Y199330402,W-305,2021,4683,3876,4773,7331,9446,8647,9066,8158,4959,5579,3820,4149,1100,33000,,제주시DB(분기→월 v5)
Y199330403,W-306,2021,12374,10243,12613,16412,20664,19230,20159,18991,13856,16513,15207,16514,850,25500,,제주시DB(분기→월 v5)
Y199330404,W-307,2021,12982,10747,13233,18183,22025,20374,21360,20275,15193,17922,15774,17129,600,18000,,제주시DB(분기→월 v5)
Y199330406,D-244,2021,9364,7766,9631,11964,14211,11799,9509,10506,10188,8440,5911,6146,700,15870,,제주시DB(분기→월 v5)
Y199330407,D-242,2021,6217,5164,6338,6025,3996,3199,4625,5735,2871,5568,4972,5099,1000,30000,,제주시DB(분기→월 v5)
Y199330408,F-060,2021,8978,7446,9234,10041,11565,11479,11675,12657,12274,9497,6348,6600,800,24000,,제주시DB(분기→월 v5)
Y199330409,F-059,2021,3681,3065,3749,3675,3851,3427,3878,4693,5191,5543,3376,3610,1000,30000,,제주시DB(분기→월 v5)
Y199330410,F-058,2021,11380,9468,11785,12827,18385,17037,17677,12037,10738,11464,10231,10379,1000,30000,,제주시DB(분기→월 v5)
Y199330411,F-056,2021,9564,7917,9749,12458,14109,12148,12736,12596,10642,12345,10505,11408,700,21000,,제주시DB(분기→월 v5)
Y199330412,F-057,2021,81,67,82,79,60,7,86,187,99,196,175,180,1000,30000,,제주시DB(분기→월 v5)
Y199330413,D-252,2021,4121,3411,4201,4481,5801,5890,6175,5851,3456,4042,3817,4145,1000,30000,,제주시DB(분기→월 v5)
Y199330414,D-255,2021,452,375,465,242,81,215,88,63,61,107,88,91,750,22500,,제주시DB(분기→월 v5)
Y199340989,F-042,2021,,,,,,,,,,,,,1000,17550,,
Y199510076,F-066,2021,5779,4982,6116,6473,6809,7347,7679,6255,6329,7665,7732,6850,800,18450,,제주시DB(분기→월 v5)
Y199510077,93이호,2021,,,,,,,,,,,,,800,18300,4차이후 외삽 (2021-09-25 ~ 12/31),제주시DB(분기→월 변환 v2)
Y199510078,94도평,2021,28673,25179,30800,32945,32387,35749,37267,43215,37228,37898,38795,31626,800,21060,,제주시DB(분기→월 v5)
Y199510079,94아라,2021,8868,8100,9949,10634,9309,9453,9187,10592,9234,9884,10891,8191,800,14100,,제주시DB(분기→월 v5)
Y199510080,F-078,2021,,,,,,,,,,,,,800,9510,4차이후 외삽 (2021-09-07 ~ 12/31),제주시DB(분기→월 변환 v2)
Y199530138,D-264,2021,323,267,329,260,120,144,151,121,,333,2716,2950,1200,36000,,제주시DB(분기→월 v5)
Y199530139,D-277,2021,346,287,352,738,3094,3001,2859,2447,5181,13251,11834,12136,800,6810,,제주시DB(분기→월 v5)
Y199530141,D-278,2021,11157,9282,11553,12207,14796,13669,14311,11694,11097,12084,10784,10940,800,24000,,제주시DB(분기→월 v5)
Y199530142,D-266,2021,3971,3304,4112,4621,6632,5684,5772,3410,3928,4443,3965,4022,800,24000,,제주시DB(분기→월 v5)
Y199530144,D-276,2021,8402,6955,8564,11281,16389,15483,16232,15576,12106,13751,9971,10828,800,10350,,제주시DB(분기→월 v5)
Y199530145,F-068,2021,7395,6156,7532,9319,11443,9404,10642,11410,10631,11759,8977,9598,800,14340,,제주시DB(분기→월 v5)
Y199530146,F-069,2021,17076,14136,17406,20097,19042,17701,18557,3561,,2964,6051,6571,600,9510,3→4차 역행,제주시DB(분기→월 v5)
Y199530150,F-072,2021,3801,3152,3909,5067,4152,370,989,1497,1452,2231,2038,2119,800,4110,,제주시DB(분기→월 v5)
Y199530151,D-267,2021,14433,11970,14845,14348,13087,9598,12576,14976,14523,15628,11376,11829,800,15840,,제주시DB(분기→월 v5)
Y199530152,D-279,2021,6928,5746,7126,5368,4099,3767,4994,5825,5649,5863,4172,4338,800,11610,,제주시DB(분기→월 v5)
Y200230019,D-297,2021,4698,3889,4788,6509,4356,3729,3909,5058,7268,9251,10867,11801,800,24000,,제주시DB(분기→월 v5)
