permit_no,well_id,year,Jan,Feb,Mar,Apr,May,Jun,Jul,Aug,Sep,Oct,Nov,Dec,capacity_m3d,permit_m3m,remark,source
D199520015,F-088,2019,4380.95,6646.01,7168.16,11076.09,11552.75,12618.88,8581.78,11789.26,7040.81,5139.61,8598.16,4510.12,500,15000,,
D199520016,D-291,2019,6813.76,7367.35,7582.94,6921.09,8592.11,11376.78,8921.04,8901.31,7625.31,5432.78,8490.48,7849.48,500,15000,,
D199520017,D-293,2019,5104.02,6358.31,5440.43,7335.47,8001.5,7104.38,4667.35,4532.81,3352.81,6468.67,7676.45,4617.05,700,21000,,
D199520018,D-292,2019,5406.17,6159.46,8563.84,12687.21,11717.85,9234.19,7685.95,8447.53,5866.13,5790.91,7593.07,5790.91,600,18000,,
D199520019,D-289,2019,3734.22,3949.27,3649.46,8241.28,8065.84,5410.64,4116.73,6242.45,3173.7,2836.91,5495.23,3775.23,500,15000,,
D199520020,D-290,2019,1314.9,1442.81,1765.14,3087.71,3049.34,2593.99,2384.22,2831.9,1808.63,1719.09,3560.98,1220.25,500,15000,,
D199540104,D-306,2019,8452.95,10661.25,11893.0,11872.85,11275.77,11701.61,13156.72,14040.53,10762.44,7879.34,9472.74,9772.07,800,24000,,
D199540105,D-307,2019,5663.28,6532.38,6562.11,7912.48,7748.9,7456.35,6864.52,11156.01,5347.06,3829.04,3630.31,3456.07,800,24000,,
D199540106,D-308,2019,965.62,2165.67,4091.04,9031.95,5676.47,4529.16,4178.96,5005.38,2523.2,2575.95,2929.08,1830.13,700,21000,,
D199540107,D-309,2019,3560.43,3517.82,3599.76,6494.86,6753.78,8972.63,6805.12,5844.83,6282.91,15650.32,11215.37,16892.85,900,27000,,
D199540109,F-102,2019,6288.52,7125.66,8424.55,10117.66,10416.64,19764.7,19285.23,22751.17,19497.84,17948.71,25605.7,29592.7,800,24000,,
D199540110,F-103,2019,1398.9,1633.85,2209.07,5950.88,3511.86,2528.65,1060.4,5049.79,6682.42,8956.19,8471.03,3748.97,700,21000,,
D199540111,D-316,2019,8579.24,6877.73,7974.04,18406.73,13043.66,11428.81,6474.56,9979.98,6018.16,5710.73,7028.77,6946.17,700,21000,,
D199540112,F-104,2019,1216.59,1526.99,1179.04,3372.49,3974.26,5052.34,3704.69,3509.03,12059.29,7146.14,3073.44,3141.27,800,24000,,
D199540113,D-313,2019,4498.87,3824.32,2253.72,4516.01,4808.98,4324.51,3807.17,4111.57,4237.34,3897.21,3811.46,3645.68,700,21000,,
D199540114,F-098,2019,361.32,1333.29,760.68,1730.37,4567.33,6242.73,832.52,1703.07,2839.85,3076.51,9335.18,8713.96,800,24000,,
D199540115,F-097,2019,0.0,1081.56,0.0,823.94,4066.3,3409.47,0.0,5.8,704.41,1212.7,8195.27,3971.14,800,24000,,
D199540116,D-315,2019,3371.36,4688.03,3173.86,7086.68,9311.26,9760.83,3699.54,4470.71,4936.2,9631.17,15407.62,8262.27,700,21000,,
D199540117,F-100,2019,15297.67,18066.11,21010.85,30360.89,28464.62,30773.53,11812.24,11255.62,8988.84,17347.09,16728.42,14195.13,1000,30000,,
D199540118,F-101,2019,5734.71,7594.93,7922.42,12179.94,13732.72,11506.58,12384.46,11165.11,6729.74,5597.21,6480.13,2434.48,800,24000,,
D199540119,F-099,2019,6.03,7.75,460.06,3166.18,6061.65,2647.64,2258.5,606.15,348.52,710.11,1241.06,578.68,800,24000,,
D199540120,D-312,2019,2460.77,2846.16,0.0,8004.61,5821.83,0.0,35.62,37.5,1284.38,7798.09,11599.58,1205.27,700,21000,,
D199540121,D-314,2019,24578.75,26956.58,25848.3,10270.45,9843.47,9849.16,7744.14,7687.81,8386.03,3686.61,4288.75,4413.18,700,21000,,
D199540122,D-310,2019,13549.96,16352.45,18242.51,23464.72,21855.43,26696.22,25064.73,22668.12,22260.15,19908.99,23198.77,21483.46,950,28500,,
D199620028,F-115,2019,4120.32,4759.24,5323.58,6795.74,7393.78,6637.98,5181.07,5311.03,5058.37,6218.44,7745.0,4653.75,800,24000,,
D199620033,F-113,2019,5312.14,6031.91,6888.55,8794.58,8484.95,7414.76,7232.28,7989.29,6278.65,6598.88,7720.87,6359.88,500,15000,,
D199620034,F-114,2019,10322.37,10255.46,12084.01,15521.69,15738.0,14931.88,11242.1,11757.21,9679.66,9348.88,11507.28,8051.34,600,18000,,
D199620035,D-319,2019,2029.03,2148.8,2703.35,4876.41,6228.17,3310.21,3007.16,4457.32,2615.48,2575.52,4883.39,1858.95,600,18000,,
D199620043,F-116,2019,4497.19,5022.16,4225.65,6221.05,6905.94,8327.35,7212.01,9882.42,4653.44,6202.98,8211.86,7717.59,700,21000,,
D199620044,F-118,2019,3233.94,5358.01,5895.94,10613.99,10915.1,11009.19,10656.28,8183.17,10134.64,4541.91,6959.59,5767.68,900,27000,,
D199620045,D-263-1,2019,3007.49,4461.88,5011.58,9073.19,9066.85,8951.84,6738.56,9370.23,4991.66,2637.91,3972.39,2183.52,700,21000,,
D199640096,F-196,2019,983.83,5342.79,1521.57,9286.77,8738.66,8825.11,1544.05,1303.71,6482.24,5455.18,17741.86,8730.01,600,18000,,
D199640098,F-182,2019,11776.42,13472.29,12310.15,17194.03,17684.71,17096.47,19495.37,18020.45,11957.2,10225.17,16672.93,19568.34,600,18000,,
D199640099,F-185,2019,12536.4,11875.3,10338.34,13336.1,11138.05,10748.09,8217.97,6525.63,5375.57,8025.56,10164.87,2883.62,800,24000,,
D199640100,F-172,2019,26.97,6152.66,6289.73,3559.78,1949.24,536.1,3284.45,6305.34,770.43,4854.2,2680.88,133.81,800,24000,,
D199640149,F-186,2019,7523.79,13215.31,9352.0,19020.12,9397.21,6908.05,8610.98,3644.83,11346.68,9661.67,15059.43,10868.95,700,21000,,
D199640150,F-184,2019,7414.42,8024.04,9831.87,27133.38,21760.68,24549.7,20669.48,20712.89,12663.81,9898.06,13593.17,16860.41,800,24000,,
D199640151,F-199,2019,1882.72,1750.05,2165.95,3829.37,3873.86,3014.12,2515.09,3913.79,1989.14,2205.45,2096.27,1187.89,600,18000,,
D199640152,F-183,2019,10752.39,10658.31,11945.15,15628.67,13356.37,13019.91,26798.89,22424.6,13074.76,11600.69,14739.37,14559.13,600,18000,,
D199640183,D-327,2019,1771.71,2167.73,2009.84,7892.73,7142.3,7062.56,3911.69,3931.45,3295.3,3603.5,1971.65,2664.43,700,21000,,
D199640225,F-202,2019,13145.34,13732.39,21924.16,23496.14,26204.5,23932.74,18883.91,24876.63,16365.02,15655.73,22066.18,13614.55,700,21000,,
D199640226,F-203,2019,2796.77,3607.56,5285.62,7248.74,7461.19,5925.65,3927.58,5752.2,3799.84,4213.98,5379.74,2989.05,600,18000,,
D199640227,F-190,2019,12278.28,11138.6,4184.01,9806.65,10950.44,12092.34,2702.88,2731.01,2788.36,4667.38,14112.09,8065.48,900,27000,,
D199640228,F-189,2019,9523.34,14395.5,10758.69,15401.2,18669.71,15354.13,4261.98,4642.09,6284.92,7178.06,25194.96,11561.79,800,24000,,
D199720002,D-320,2019,10085.35,14184.08,13163.83,12542.81,12922.52,11641.45,12476.95,11192.12,10243.67,11142.5,16771.23,12823.2,600,18000,,
D199720003,F-117,2019,2141.53,3216.95,4509.63,5172.78,5497.86,5267.99,4422.52,5279.9,4283.53,1011.99,2159.62,934.15,600,18000,,
D199720017,F-226,2019,5028.05,5895.18,6488.68,11922.05,13464.63,13181.72,10942.0,12768.86,7463.3,7872.32,9750.11,7220.46,600,18000,,
D199720018,F-222,2019,2247.02,2664.25,2581.3,5343.71,7792.3,6798.64,4348.13,5494.18,5868.0,3935.63,3983.41,3115.81,600,18000,,
D199720019,F-224,2019,13087.49,9614.65,14964.16,22547.62,20771.42,18737.83,19841.18,17948.26,15094.55,14166.28,16606.53,10160.42,950,28500,,
D199720020,F-223,2019,4628.93,6811.37,8218.59,12172.51,12747.13,12411.24,12723.96,10944.98,7485.85,8038.29,8786.78,4662.79,750,22500,,
D199720021,F-225,2019,2461.93,4128.54,7309.84,13001.57,13789.54,11924.98,9910.29,8900.49,5191.95,6088.89,7394.0,4482.98,600,18000,,
D199720024,F-221,2019,3065.61,4637.79,4675.81,6715.31,6253.67,6433.49,4929.25,7226.44,3942.23,3543.81,5064.23,4064.1,800,24000,,
D199720026,F-231,2019,8053.59,8737.22,9022.81,13975.88,13860.01,12626.34,11581.47,12194.9,9832.53,10102.44,13036.65,7852.53,550,16500,,
D199720027,F-230,2019,4458.98,4492.36,7613.86,13134.89,15505.23,15039.92,8008.22,12581.96,6756.28,5931.03,7660.92,3252.77,600,18000,,
D199720028,F-227,2019,3887.9,5163.69,6802.66,12395.81,14130.43,13346.83,9852.47,14034.7,7428.17,6419.32,6054.92,4821.73,700,21000,,
D199720029,F-229,2019,4463.35,1428.35,7165.8,9528.02,9868.52,8240.73,6014.15,7668.72,3294.6,4358.8,5182.84,2012.6,600,18000,,
D199720030,F-228,2019,5680.49,12725.07,16525.05,20261.89,19121.99,24308.97,20792.08,19276.63,15225.14,10100.02,13775.97,9477.05,850,25500,,
D199740086,F-289,2019,2.88,3.85,2.88,2.18,1.64,4.36,7.69,9.62,16.35,38.22,14.08,6.04,1200,36000,,
D199740087,F-277,2019,7956.47,14541.52,13781.89,21821.2,20298.9,19933.18,19975.73,14100.05,9828.4,1945.76,2381.42,2337.36,700,21000,,
D199740088,F-281,2019,5135.08,8473.44,8805.01,16317.75,14637.23,14606.06,13687.87,15221.02,12194.39,11772.24,8388.59,7564.99,600,18000,,
D199740089,F-276,2019,4284.96,3937.29,3344.61,7368.67,7857.57,9019.82,9644.77,8123.32,7324.56,4267.55,6736.57,3676.12,600,18000,,
D199740090,F-287,2019,3658.74,3642.87,4232.26,4860.96,6184.51,8243.63,18417.42,15745.13,18641.19,6560.51,9953.71,7748.25,600,18000,,
D199740091,F-278,2019,15138.79,15110.76,13594.61,15256.54,14819.6,15397.67,14932.23,15370.53,15351.53,14686.61,15312.18,14834.52,1000,30000,,
D199740092,F-280,2019,6643.08,8277.19,9187.08,13904.7,13655.41,13615.37,12209.18,12564.96,8139.89,6257.05,7795.65,6203.02,800,24000,,
D199740093,F-279,2019,5227.89,7214.28,9216.62,13928.91,12591.9,12012.18,10114.55,10483.37,7800.84,5670.25,9052.28,7465.88,600,18000,,
D199740094,F-290,2019,1199.62,1789.77,2287.64,6773.5,10093.42,12087.53,7754.76,6149.58,9605.22,4502.6,8710.52,6622.55,600,18000,,
D199740095,F-293,2019,596.86,2787.18,932.76,4800.82,9088.04,8037.04,1436.47,1163.61,1700.31,2606.84,12271.99,5188.88,700,21000,,
D199740096,F-288,2019,231.16,1325.33,0.0,1892.21,4255.59,5483.65,475.44,432.99,820.71,625.44,10154.14,7106.2,800,24000,,
D199740103,F-269,2019,6679.52,9053.22,7104.01,13392.1,13830.01,18427.55,13743.86,14029.48,13218.8,5555.51,8183.37,7285.26,800,24000,,
D199740122,F-272,2019,11317.78,9722.08,11348.66,15286.78,4399.29,11187.04,9791.56,14493.26,13463.6,9850.38,9163.22,8616.8,750,22500,,
D199740125,F-291,2019,2056.64,7667.46,4013.44,6370.47,13152.04,16696.59,6761.56,2909.3,4978.64,8900.05,20646.91,16331.33,800,24000,,
D199740127,F-294,2019,1244.91,2435.11,1174.56,2880.7,4129.52,4706.05,1792.13,1612.33,13303.19,14856.89,14645.83,5898.2,600,18000,,
D199740128,F-295,2019,521.99,1413.61,1321.2,3379.27,5969.84,8750.51,4531.19,3184.52,3954.04,2485.38,8131.54,4256.24,700,21000,,
D199740129,F-273,2019,843.79,907.53,750.96,798.87,773.99,749.11,636.51,180.27,113.71,750.87,797.97,780.47,900,27000,,
D199740130,F-275,2019,8565.75,7565.48,8289.48,9259.81,9159.82,8058.29,6852.43,9890.89,6396.34,6034.63,2759.42,0.0,600,18000,,
D199740131,F-274,2019,21351.54,21809.45,20899.78,24690.41,23123.65,23041.51,22004.53,0.0,11942.73,9618.25,6182.87,4316.3,600,18000,,
D199740143,F-348,2019,8904.33,11608.38,13250.51,16137.97,14679.84,15267.2,14567.64,13773.12,11873.45,10334.21,12624.0,8071.23,1000,30000,,
D199740144,F-284,2019,5131.29,6158.79,5822.9,9059.09,7571.76,8431.93,6557.85,7166.47,6157.18,4186.33,5396.49,3509.45,600,18000,,
D199740145,F-283,2019,2434.58,5294.57,5792.92,7625.97,5586.54,5350.93,5590.58,6283.26,5090.06,3987.17,2879.0,4196.26,700,21000,,
D199740146,F-282,2019,5240.34,6664.56,7692.25,16243.04,13563.76,14005.76,13937.22,13250.22,10594.28,6685.65,8424.79,7792.03,700,21000,,
D199740147,F-285,2019,6472.22,11608.9,11009.62,19721.06,17831.9,17995.51,17588.38,14030.75,12133.99,7906.69,11017.23,9280.27,700,21000,,
D199740148,F-286,2019,8122.09,5244.09,4830.93,8466.72,7442.89,6318.3,4204.17,4256.7,4528.72,3741.33,4842.37,2420.08,700,21000,,
D199740161,F-297,2019,7975.1,6627.16,9067.62,13950.63,10919.71,8692.99,9516.77,10082.28,7180.4,4323.11,5490.89,5851.06,700,21000,,
D199740162,F-339,2019,14340.76,9986.79,9486.3,14099.72,14959.46,16962.96,13961.55,13672.92,11953.44,7106.83,9633.99,7879.2,800,24000,,
D199740163,F-271,2019,24267.03,23284.74,21067.61,25286.58,24932.64,26193.3,24544.5,25158.63,26345.49,25159.82,25044.84,23907.37,1000,30000,,
D199740190,F-292,2019,2916.14,3856.76,2420.21,8522.57,9024.93,13779.79,4162.1,3079.18,5001.88,4549.43,12910.6,7671.07,800,24000,,
D199740205,F-198,2019,2027.36,1885.22,1406.44,8490.98,4862.68,1103.45,1451.32,2506.15,4339.0,9923.6,11300.11,1211.93,800,24000,,
D199740206,F-197,2019,2477.19,4595.45,1150.33,11373.88,7446.28,547.22,473.67,1129.74,4763.14,12794.03,18048.72,1079.73,800,24000,,
D199740207,F-195,2019,2469.23,6707.96,3656.23,5127.23,13289.97,18573.89,4647.18,2624.64,5825.93,5693.55,17820.54,9505.7,700,21000,,
D199740208,F-192,2019,1227.18,4098.07,1547.41,5651.77,4431.75,6516.14,1600.5,605.99,1580.95,1019.25,8197.2,3549.16,700,21000,,
D199740209,F-191,2019,5028.61,8595.48,5618.38,11983.7,13620.17,17307.9,7622.64,7452.17,9199.44,9219.33,17685.76,13418.45,900,27000,,
D199740210,F-194,2019,11288.5,13092.21,11724.09,14521.67,14343.76,17241.55,12268.06,11658.65,12300.78,10664.77,15053.38,11713.86,700,21000,,
D199740211,F-181,2019,26.21,23.3,7962.12,10073.5,11488.86,13766.25,13466.29,13009.06,13740.04,13667.4,14904.18,13243.63,800,24000,,
D199740212,F-180,2019,12461.02,13711.88,19248.84,25461.62,22466.81,23601.93,24983.4,22702.29,21603.14,16654.55,16769.25,14956.98,600,18000,,
D199740213,F-187,2019,15322.75,15292.14,13729.81,15155.62,14293.65,14932.17,14860.54,13349.02,15462.34,14397.11,15494.17,14827.48,600,18000,,
D199740214,F-188,2019,14838.74,18485.43,20080.56,33423.48,29574.23,31698.2,28583.84,29249.13,18821.41,16040.45,17004.91,13973.75,700,21000,,
D199740215,F-175,2019,13998.53,14426.88,15024.86,20146.22,18151.82,18158.67,15422.84,19050.83,13676.47,10303.08,11241.56,8385.8,600,18000,,
D199740216,F-170,2019,4413.75,9605.95,6724.54,11008.39,11219.14,8019.91,6444.28,10927.1,5341.8,4216.06,5124.76,5665.33,700,21000,,
D199740217,F-171,2019,0.0,0.0,0.0,0.0,0.0,0.0,0.0,6.0,0.0,0.0,273.0,237.0,800,24000,,
D199740218,F-173,2019,1323.9,2007.48,2979.3,7420.52,11514.11,4620.52,2137.03,8658.08,1894.28,1440.73,1890.57,1092.75,600,18000,,
D199740219,F-174,2019,5457.91,6531.41,5712.6,8118.47,10514.35,15204.02,12414.0,18065.31,10281.73,10745.14,14989.43,14028.15,700,21000,,
D199740220,F-179,2019,6047.82,11642.66,11378.67,20465.41,20813.4,23198.33,22226.36,17642.49,20894.39,12096.51,13141.13,10282.79,800,24000,,
D199740221,F-176,2019,147.04,174.43,138.39,395.78,333.5,468.11,297.09,1106.27,500.36,238.35,276.58,249.6,700,21000,,
D199740222,F-177,2019,8508.65,9656.72,8384.15,9852.38,9695.53,9220.13,7619.3,7769.69,8283.89,12609.27,16928.04,17061.25,600,18000,,
D199740223,F-201,2019,2090.7,2566.97,3714.68,5873.93,7651.95,7150.64,6466.95,7999.01,4267.87,5265.27,5817.65,4102.16,600,18000,,
D199740224,F-200,2019,3365.33,2541.76,2952.58,4554.91,4197.55,3554.68,3897.61,3958.09,3345.67,3009.2,2540.56,1565.32,600,18000,,
D199820003,F-306,2019,2476.23,2694.93,2460.69,3912.97,5109.62,6373.46,4616.55,4818.67,5677.06,4369.86,4682.59,3724.11,550,16500,,
D199820010,F-303,2019,1832.1,1914.23,1944.72,20743.77,19434.92,21104.25,8820.89,9809.92,7093.3,8935.98,10349.69,8969.85,700,21000,,
D199820011,F-305,2019,4141.56,5837.75,5620.46,12978.86,15292.49,14169.47,9924.16,12500.25,12127.01,8157.65,9303.47,6743.39,500,15000,,
D199820012,F-304,2019,10007.56,12918.67,12685.9,16269.43,13558.34,16765.77,14223.39,14847.94,16550.42,13641.49,17040.23,15196.94,500,15000,,
D199820019,F-308,2019,1784.17,1911.13,1752.81,2358.84,2726.37,2904.22,2462.67,2178.93,2527.96,3910.42,4480.48,3699.45,600,18000,,
D199820025,F-307,2019,2650.58,3763.6,4580.58,8182.39,10990.17,12443.98,9203.61,7064.78,8407.29,5567.37,5787.68,6068.8,800,24000,,
D199840018,F-333,2019,12505.88,9051.63,9452.76,11588.29,11640.68,11077.49,8888.22,11001.48,8951.01,3543.87,3159.67,2718.11,800,24000,,
D199840019,F-349,2019,1849.71,1486.44,1135.25,1264.68,1633.51,1582.02,1316.7,1271.21,1484.68,803.81,592.46,700.57,850,25500,,
D199840020,R-006,2019,5985.82,6861.44,5788.84,8551.31,8149.42,8418.13,7833.18,7871.31,7354.42,6997.7,7295.75,6632.18,900,27000,,
D199840023,S-007,2019,62.43,2494.42,341.9,1857.3,5326.16,8569.29,475.42,320.81,81.17,1940.62,17205.58,11829.41,1200,36000,,
D199840025,F-336,2019,13119.63,5781.02,7362.57,7957.38,11787.03,11917.2,11342.76,12517.43,10727.45,12048.38,13169.59,8714.6,1000,30000,,
D199840026,F-337,2019,4057.07,6252.48,6065.21,11220.75,14928.62,14341.7,13102.52,10316.28,10940.21,5542.47,7376.69,6603.97,800,24000,,
D199840027,F-338,2019,8097.02,15814.01,18172.38,20214.49,14329.16,16473.19,17297.1,14021.63,15487.02,4696.84,15.8,12.93,1000,30000,,
D199840053,F-335,2019,10975.57,11632.81,11048.59,14452.49,12993.91,13138.04,12434.77,14698.48,11908.91,12820.41,13117.16,16398.89,1000,30000,,
D199840054,F-334,2019,0.0,0.0,0.0,0.0,0.0,0.0,0.0,0.0,0.0,0.0,0.0,0.0,850,25500,,
D199840058,F-386,2019,16043.25,18923.22,19618.44,28822.66,23503.21,26850.2,22091.73,19261.1,15879.18,14253.0,16407.67,11696.77,900,27000,,
D199840059,F-341,2019,3625.94,6719.08,7823.26,9692.71,892.38,5708.45,10069.93,11165.54,6520.76,5538.77,7754.28,4223.76,700,21000,,
D199840060,F-342,2019,4248.82,7747.1,10253.14,15489.56,12151.96,11586.52,9451.43,9484.96,6519.3,5506.1,7181.29,4659.21,850,25500,,
D199840061,F-343,2019,4841.2,6767.2,7579.52,15244.2,16436.49,18703.14,11264.46,16760.76,12017.83,6723.66,7927.51,3973.07,850,25500,,
D199840062,F-344,2019,2947.49,5026.42,5726.92,19102.67,19854.45,14179.43,13508.04,13199.76,10246.29,13894.42,16502.12,17339.49,700,21000,,
D199840063,F-345,2019,4617.41,6390.64,6597.81,13472.24,12799.34,15041.12,14389.02,15268.37,10414.78,7249.57,8640.7,7878.48,1050,31500,,
D199840064,F-346,2019,21258.26,25711.57,28647.18,6978.42,7086.45,6608.44,9875.71,11254.95,9453.36,5713.83,6885.16,7464.95,1050,31500,,
D199840065,F-347,2019,25889.0,23036.45,20802.69,34086.8,30096.44,24774.64,17325.97,20776.34,13818.69,13699.57,21225.0,14234.27,1050,31500,,
D199840115,R-007,2019,1127.84,2090.63,3068.7,6837.32,4795.6,2845.57,1971.42,3163.45,721.33,1846.11,3475.21,611.29,900,27000,,
D199840116,F-356,2019,306.08,1328.98,507.52,4578.18,6071.97,7102.71,1517.34,1603.67,1724.01,3476.8,10001.35,4586.02,750,22500,,
D199840117,F-354,2019,3021.05,4416.58,3229.29,4721.36,9774.35,8538.01,4852.24,4532.89,4985.56,5025.86,9019.27,6219.54,800,24000,,
D199840118,F-355,2019,13416.71,13644.12,12957.54,14341.46,14869.44,14472.43,13658.11,14837.29,13564.59,12941.76,16484.41,12750.03,850,25500,,
D199840119,F-351,2019,5464.1,5915.36,7206.92,10543.96,9563.9,6096.31,5589.19,7414.18,4769.08,6355.91,7847.23,4469.36,850,25500,,
D199840120,F-352,2019,0.0,0.0,0.0,0.0,0.0,0.0,0.0,0.0,0.0,0.0,0.0,0.0,650,19500,,
D199840121,F-350,2019,2377.94,2550.14,1582.56,4767.61,5004.91,2882.68,4419.62,2693.96,2645.28,5373.46,6508.89,2555.4,700,21000,,
D199840136,F-340,2019,9661.7,11575.45,10905.85,16009.82,16155.23,19143.5,16077.72,16933.09,17162.83,14779.22,18083.69,17102.67,800,24000,,
D199920008,F-364,2019,6716.35,8840.51,12895.73,34745.16,37373.14,28985.7,2622.47,2382.61,1433.03,8768.79,12272.61,10901.46,750,22500,,
D199920009,F-365,2019,3688.97,5304.35,5837.36,8756.7,10704.36,13525.25,11655.59,9049.76,9464.37,6773.27,11201.66,7991.33,600,18000,,
D199920027,S-011,2019,4972.3,6928.33,10889.54,19079.03,18778.33,14431.71,14571.67,14503.21,9692.86,10074.04,12378.03,6444.47,750,22500,,
D199920028,S-010,2019,5944.2,6650.76,6851.71,10665.82,9731.61,7828.36,6083.46,9317.53,4665.89,5375.34,9985.43,4000.86,800,24000,,
D199940023,F-391,2019,26746.87,22331.87,28579.92,19610.06,11691.39,11364.55,11253.76,20741.75,12203.78,10574.35,16026.24,16106.53,800,24000,,
D199940024,F-395,2019,1644.68,3212.6,2968.1,7650.95,6316.06,7962.27,2506.67,2662.32,3173.21,2059.65,2155.65,2977.48,900,27000,,
D199940025,F-394,2019,1506.19,2247.56,2464.02,5035.66,5570.25,7420.54,3834.5,4013.01,5300.97,3187.63,3422.14,4467.23,1000,30000,,
D199940036,F-392,2019,25066.04,25015.53,22546.65,24861.09,24052.53,24938.18,24606.44,25218.33,25431.86,25667.28,26057.09,25152.98,900,27000,,
D199940037,R-010,2019,4247.23,4161.33,5382.6,7669.63,7103.91,6784.19,5824.81,6482.94,6649.17,6831.64,7406.51,5796.52,600,18000,,
D199940040,F-384,2019,1953.99,3813.95,1868.78,4384.46,5937.58,6205.28,2034.15,1614.71,1627.32,4165.44,11872.02,4920.24,850,25500,,
D199940041,F-383,2019,1151.36,1192.05,779.1,1694.33,3292.82,4828.11,1481.55,1383.36,1420.9,1480.99,5622.27,4702.6,1000,30000,,
D199940042,F-382,2019,1095.98,4590.55,2121.33,8772.15,9475.81,13311.82,2658.14,4075.98,4902.85,6062.99,24529.3,9694.89,1050,31500,,
D199940050,F-387,2019,5477.42,5645.32,5455.4,13270.28,11175.11,11671.48,9877.56,9841.79,9929.83,4217.56,5469.56,3407.76,1000,30000,,
D199940051,F-388,2019,3423.34,4599.23,5982.27,14084.23,12249.71,8112.09,6893.24,5992.61,5448.58,6141.33,6797.75,6321.2,900,27000,,
D199940052,F-389,2019,26078.09,16202.22,14681.81,28174.67,25760.14,28413.62,26939.46,21487.98,15394.8,10527.2,15271.48,7486.4,700,21000,,
D199940053,R-011,2019,0.0,0.0,2.43,2.43,0.0,2.43,0.0,2.43,790.27,0.0,0.0,545.89,600,18000,,
D199940058,F-390,2019,10730.5,15515.52,15548.16,19658.51,19776.09,18266.87,16832.86,20010.75,15781.13,15668.26,15855.18,15893.72,800,24000,,
D199940059,F-393,2019,12322.67,2009.09,110.41,10059.24,11677.95,12908.25,5444.56,13704.38,8342.91,2233.34,6690.08,11741.45,1000,30000,,
D199940065,F-353,2019,12512.94,15185.57,12637.8,17317.14,21181.91,25754.23,16880.13,16136.9,11933.22,7021.99,13922.09,9400.31,900,27000,,
D199940073,F-385,2019,3472.05,5764.03,3586.55,6525.56,8410.91,9279.54,5988.97,6252.22,6467.69,4438.31,11454.7,7126.13,1050,31500,,
D199940098,F-396,2019,6067.92,7491.57,5400.92,8316.89,6668.94,6975.23,5825.59,6257.31,9471.77,15856.57,18022.78,18081.99,700,21000,,
D199940112,S-015,2019,2170.08,4156.75,3787.99,8990.12,10576.18,13559.82,6877.97,7120.79,7899.85,6024.45,25941.72,11598.47,1300,39000,,
D199940113,S-014,2019,4651.61,7275.24,4829.67,5857.06,5625.43,11745.64,1892.48,636.6,3777.07,6929.91,16542.36,12245.14,850,25500,,
D200020009,F-404,2019,4752.21,5229.49,7587.81,16668.76,17161.44,18870.07,14220.79,10679.91,13511.34,10127.45,19421.77,14351.09,600,18000,,
D200020010,F-405,2019,3217.07,3336.46,4493.24,8776.69,8383.7,10794.34,5895.0,5084.0,5243.0,4068.94,5486.86,3744.38,614,18420,,
D200020031,S-017,2019,3419.87,4248.58,6354.73,9663.55,9316.15,8767.05,6280.22,9576.27,4745.18,5242.55,4541.37,2643.37,700,21000,,
D200020032,F-406,2019,1661.05,3554.13,3356.8,5217.89,7245.53,8738.24,4279.75,3812.72,3894.16,4677.21,7937.26,6320.17,600,18000,,
D200040024,R-015,2019,3090.06,3239.33,2984.03,4070.19,3942.07,6067.97,4768.97,5380.67,5727.58,4911.05,5351.14,4999.64,800,24000,,
D200040035,R-014,2019,9568.03,10462.64,8918.42,13061.84,13655.2,18849.42,20449.21,19806.73,17621.38,12340.97,8776.77,7251.78,700,21000,,
D200040037,F-428,2019,517.1,3844.76,359.1,15726.19,11816.78,12975.48,1206.58,1067.72,2420.33,5135.13,23085.34,10011.71,900,27000,,
D200040038,F-427,2019,168.4,2005.19,159.04,5352.38,6381.2,7845.18,198.93,3.11,2508.34,3204.59,18848.33,6272.42,1000,30000,,
D200040039,F-425,2019,6116.21,8077.91,9577.41,15811.36,15297.12,20226.1,13933.69,14204.19,11923.71,10158.43,12496.14,11217.25,850,25500,,
D200040040,F-424,2019,10437.48,12027.56,11628.15,18595.11,20605.1,20602.94,19087.35,19701.57,14607.51,7720.43,15029.59,14716.54,600,18000,,
D200040041,F-431,2019,13721.13,14207.72,14897.07,19138.17,18307.23,18074.45,14064.48,18054.7,12515.37,11408.32,11377.37,10030.06,600,18000,,
D200040042,F-430,2019,7709.25,8618.63,7982.34,7834.92,6925.33,4479.93,3498.16,8833.43,5054.17,3730.86,4018.28,4432.51,700,21000,,
D200040091,F-432,2019,16695.01,18589.23,17376.36,19012.82,22310.58,22254.77,40137.14,40506.07,41131.54,18346.55,19031.14,13227.93,700,21000,,
D200040092,F-426,2019,2168.57,3164.89,120.19,9642.14,6069.64,780.36,67.09,134.18,2377.64,8509.44,12154.61,1658.94,800,24000,,
W200040109,F-429,2019,1045.27,3996.45,1393.69,5260.14,6729.23,9227.99,860.65,1601.7,5078.12,2844.58,15491.79,6692.83,800,24000,,
W200040110,S-019,2019,2166.25,2740.87,2303.37,7390.74,6013.05,5954.91,4194.82,4893.69,5174.86,3206.76,3770.55,2111.77,800,24000,,
W200120019,F-441,2019,5244.4,5416.21,5787.73,10694.47,11626.14,8631.03,6881.7,7010.29,5703.58,6697.43,9565.03,4962.31,700,21000,,
W200120020,F-440,2019,197.41,299.16,238.11,1257.32,1018.11,2028.32,1099.45,1200.65,1401.33,1005.01,3380.15,1986.04,500,15000,,
W200120021,F-468,2019,8087.34,10916.02,12208.13,17494.16,15837.46,16648.37,11302.04,15165.65,10164.37,11716.38,12482.64,9010.65,800,24000,,
W200140097,F-462,2019,3552.65,4340.11,8540.81,15976.58,17450.82,12085.71,6952.96,7701.7,5842.76,10978.08,14627.7,6685.61,800,24000,,
W200140127,F-461,2019,1806.02,3296.2,2287.9,4965.47,9938.89,11279.72,2932.33,2462.84,4257.25,4257.25,8518.48,7655.09,850,25500,,
W200140128,F-459,2019,6398.81,8651.74,8945.6,12001.0,10194.69,12981.69,10623.43,10117.55,7585.78,5730.66,8001.44,7247.07,700,21000,,
W200140129,F-467,2019,776.41,1109.07,1141.79,1564.5,1666.05,1210.44,1039.7,865.58,561.3,1485.96,1304.17,412.59,500,15000,,
W200140141,F-464,2019,597.67,3357.98,525.66,6511.95,7808.09,8578.58,405.65,619.27,3093.95,5155.43,25998.05,9199.09,900,27000,,
W200140142,F-465,2019,4615.47,4412.01,4172.32,9250.64,11804.91,13841.74,5024.84,6843.36,9979.31,10970.85,23965.89,9064.37,850,25500,,
W200140143,F-460,2019,4196.56,5197.64,3702.65,6221.92,9536.74,11850.48,5247.36,5124.71,6477.16,5721.27,11085.42,8091.31,900,27000,,
W200140156,F-463,2019,1438.13,3310.11,1574.71,2490.78,6698.5,6529.23,419.04,1164.45,1563.35,2575.83,12329.22,5580.3,700,21000,,
W200140157,F-466,2019,0.0,0.0,0.0,0.0,0.0,0.0,0.0,0.0,0.0,0.0,0.0,0.0,850,25500,,
W200140158,R-019,2019,5222.06,4451.89,4525.34,7746.28,7775.22,7868.71,9173.62,11538.18,9896.12,8729.22,9006.91,7695.31,850,25500,,
W200140159,R-018,2019,2482.68,2054.73,7116.28,16943.58,9218.11,9433.7,7247.89,7327.52,3680.92,3365.14,4944.05,2049.84,600,18000,,
W200220011,F-472,2019,2729.89,1758.53,1940.98,2818.51,2503.99,2620.42,1805.45,2152.98,1440.53,4651.82,2578.89,1670.8,800,24000,,
W200220012,F-474,2019,9353.97,11865.99,17205.1,25455.53,24517.1,26008.14,27537.72,26495.83,22380.98,23085.38,22723.03,13145.54,700,21000,,
W200220013,F-473,2019,8240.97,12310.79,12681.23,18211.21,18845.7,19846.67,11762.03,18974.53,10971.57,10856.04,9766.61,5448.97,600,18000,,
W200220014,F-475,2019,1634.8,2825.21,4808.39,11075.55,11002.92,13853.98,11438.7,9818.67,12371.82,6938.07,8262.65,4466.17,700,21000,,
W200240015,F-492,2019,2129.32,6337.26,2538.07,10938.11,13324.08,14429.93,2658.48,2370.13,3830.87,6584.41,27931.46,11185.26,900,27000,,
W200240034,F-493,2019,0.0,3054.51,233.85,4694.24,4525.5,7049.79,0.0,0.0,825.1,2724.98,13677.28,4971.33,800,24000,,
W200240035,R-022,2019,1800.46,1909.58,1673.96,2116.18,1874.42,1931.13,1788.77,2830.46,2598.5,2598.5,1855.64,1718.88,600,18000,,
W200240046,R-023,2019,3963.63,5960.34,14106.64,20092.32,23364.54,22561.39,25128.08,36833.87,41225.58,22491.72,11001.1,11157.66,800,24000,,
W200240051,F-491,2019,1568.57,3590.18,353.17,7855.12,5690.71,136.9,0.0,297.4,1697.06,9054.16,10930.61,1064.5,700,21000,,
W200240052,F-490,2019,2675.38,3081.35,2734.68,14662.01,11584.99,18103.16,14815.6,9607.27,13264.15,6061.27,6967.18,9037.83,900,27000,,
W200320014,F-496,2019,1351.53,1370.94,2134.53,3474.05,3919.63,2554.23,2085.69,3017.12,1470.93,2352.32,2120.53,1331.84,500,15000,,
W200320016,F-499,2019,5492.74,6180.2,5853.83,11322.26,15426.19,18038.89,14999.13,15011.29,14938.37,3319.02,4529.29,3599.34,700,21000,,
W200320017,F-497,2019,4694.42,5105.48,5899.48,13010.03,12429.45,12071.29,10597.59,10085.07,8161.57,7297.76,10343.79,7948.37,550,16500,,
W200320018,F-498,2019,5609.82,9019.34,11006.94,17275.96,16557.27,13918.38,10568.63,10157.67,7277.17,6452.17,8184.07,4951.81,800,24000,,
W200320019,F-403-1,2019,3621.54,3551.47,2475.83,5049.14,6471.7,6834.36,6316.11,5853.13,6751.49,3112.69,5757.43,4842.42,500,15000,,
W200320020,F-500,2019,2649.33,5380.64,3001.81,2031.95,1562.03,1787.99,874.76,1130.48,1341.49,712.1,810.56,483.52,600,18000,,
W200340023,F-520,2019,1117.69,3518.77,1143.68,5062.75,7156.25,9019.63,1529.55,1191.67,3164.46,4835.7,19266.49,7894.79,800,24000,,
W200340024,F-516,2019,9773.8,13946.11,14792.95,27118.62,25149.26,27048.07,22550.61,20549.57,15878.34,12421.3,14087.18,9094.09,700,21000,,
W200340028,F-518,2019,977.57,1411.46,580.72,1924.72,1781.86,2613.92,2914.2,4565.1,3813.73,4059.78,5430.24,4926.24,800,24000,,
W200340029,F-514,2019,3305.92,3327.4,2865.49,3706.07,2929.94,3246.84,3139.41,2954.11,3582.53,2281.97,3406.78,2770.2,800,24000,,
W200340031,F-515,2019,16241.55,15034.6,15066.97,13236.66,17877.63,12167.52,9295.66,14337.46,12684.9,9909.92,10691.43,10167.96,700,21000,,
W200340032,R-026,2019,7313.88,9487.75,10589.56,21487.44,20360.37,20849.87,19852.77,15904.57,17698.56,7397.7,8015.38,7981.16,800,24000,,
W200340033,F-519,2019,18846.95,5549.51,3345.45,5646.44,9505.53,11086.53,3610.92,3555.19,4839.63,5862.08,17774.12,11602.75,800,24000,,
W200340034,F-521,2019,1919.27,4198.64,1722.52,5221.06,6384.02,7911.94,1410.8,2067.18,2443.03,5350.57,11686.47,4497.17,800,24000,,
W200340035,F-522,2019,426.75,6483.4,2192.45,3348.13,7544.33,6002.87,642.08,598.37,473.99,2895.94,14734.4,7257.3,800,24000,,
W200340036,F-517,2019,118.08,95.01,432.96,278.43,613.91,12.22,27.08,103.13,3.12,0.0,0.0,0.0,800,24000,,
W200340046,F-513,2019,6610.16,7802.62,6806.03,7638.78,7934.25,7273.78,6477.86,10833.36,10190.89,9002.8,6370.81,5536.33,800,24000,,
W200340052,R-027,2019,1251.66,2425.81,3055.42,6392.83,6309.37,7821.26,7164.73,7797.96,5538.84,4674.1,10542.18,4006.37,700,21000,,
W200420001,F-526,2019,9777.7,10064.43,12753.19,13693.78,15488.07,17327.76,12477.82,11108.37,9021.92,9335.45,12596.42,8990.36,700,21000,,
W200420002,F-525,2019,3909.62,3933.52,8622.19,14168.79,15471.2,11133.82,10698.88,9934.16,6289.81,7846.93,10289.18,4602.36,800,24000,,
W200420003,F-524,2019,1069.83,7030.21,1770.51,5225.29,6896.31,10269.26,6713.36,5588.18,4853.77,2698.88,3009.59,3214.19,700,21000,,
W200440020,R-029,2019,749.54,1206.7,1086.21,1302.34,1457.79,1386.97,1094.13,2042.14,2153.46,1956.9,2362.2,1868.19,800,24000,,
W200440021,F-531,2019,1532.39,4743.86,1634.55,7511.52,9346.63,11394.29,2242.73,2734.7,3671.92,4909.98,20071.25,10343.51,800,24000,,
W200520003,F-536,2019,4245.71,6362.55,6485.73,8812.43,10100.99,7821.23,6794.48,13513.5,7964.61,8189.58,12726.87,11761.66,700,21000,,
W200520004,F-537,2019,774.85,1002.63,1289.69,1099.64,1204.22,1064.96,1451.12,1960.86,1203.08,740.69,670.29,546.05,700,21000,,
W200520005,F-538,2019,1749.18,2102.36,2627.96,5175.35,5278.83,7712.13,4494.96,5140.91,6071.53,3718.89,5695.85,4847.39,600,18000,,
W200540001,F-533,2019,162.67,746.17,74.26,3874.22,5642.74,6365.29,46.54,29.92,312.5,2749.91,14174.82,5921.53,800,24000,,
W200540002,F-532,2019,1979.68,2708.7,1759.54,7630.63,10045.21,11908.09,2347.06,2267.7,3030.92,3561.12,9592.57,5036.9,800,24000,,
W200540003,R-030,2019,1811.82,3689.07,2951.76,9715.89,10012.83,3736.88,3699.13,4454.06,2028.23,7259.51,9078.02,1624.79,700,21000,,
W200540020,F-546,2019,9217.82,12783.17,13126.87,13003.42,10851.59,12406.47,23089.01,20173.4,15124.39,12013.46,15565.97,14452.57,800,24000,,
W200540021,F-545,2019,12289.55,13480.22,16115.21,21775.36,18557.31,18370.73,20385.75,20723.83,17018.57,16815.49,18199.45,16162.18,800,24000,,
W200540023,F-548,2019,1271.39,1088.89,2133.18,4819.0,4692.13,6091.71,4838.82,5662.45,2685.38,1665.33,1557.22,1007.92,700,21000,,
W200540024,F-550,2019,833.56,4295.48,4096.48,1899.92,6142.84,2772.29,441.81,252.82,329.17,365.47,3399.34,4088.97,700,21000,,
W200540025,F-549,2019,4956.84,2407.94,2497.47,2587.99,4183.15,3684.37,2899.32,3413.21,4059.05,2504.97,3648.38,2902.06,800,24000,,
W200540027,F-547,2019,14721.01,20428.98,17703.67,16857.89,15120.05,18780.79,26018.73,26179.29,16005.03,8739.79,11350.88,18482.95,900,27000,,
W200620002,F-556,2019,465.46,1015.18,2080.9,2426.05,3142.88,5614.51,9541.59,17207.7,8824.69,2915.86,12925.57,6813.87,800,24000,,
W200620003,F-557,2019,265.68,1091.46,105.91,1700.09,1804.33,2674.14,121.55,57.4,1193.54,1205.93,6840.11,3658.58,800,24000,,
W200620004,F-559,2019,7484.73,8473.91,7455.46,8040.87,7990.94,7337.51,6802.89,4860.68,8486.82,7532.97,3759.03,5.42,700,21000,,
W200620006,F-558,2019,1126.5,2830.34,1132.13,3500.61,7474.34,11611.42,3306.28,3083.8,4646.82,3050.01,14354.46,7367.33,800,24000,,
W200620008,F-555,2019,0.0,0.0,0.0,0.0,0.0,0.0,0.0,0.0,0.0,0.0,0.0,0.0,300,9000,,
W200620010,F-562,2019,4305.5,5224.75,5006.69,9465.94,7171.24,2694.3,1528.52,2402.87,1090.27,2026.62,4459.42,2216.88,900,27000,,
W200620011,F-554,2019,3594.16,7022.39,4404.11,6465.55,10101.89,8999.46,3864.14,3979.45,5216.87,8349.58,13202.22,8317.91,600,18000,,
W200620012,F-560,2019,4335.9,7166.26,7613.24,24981.65,24696.78,26823.84,1654.97,1524.4,1367.29,7621.85,8880.18,7977.38,900,27000,,
W200620018,F-561,2019,2885.9,1889.22,2278.78,2785.23,1491.7,1345.3,1237.98,1271.93,1335.25,1390.14,1558.33,2263.62,900,27000,,
W200720008,F-574,2019,3871.27,5785.67,6822.47,10079.97,10341.03,5789.88,5317.48,6214.51,3850.95,4034.33,8867.83,5748.03,600,18000,,
W200720009,F-571,2019,6575.7,8243.97,10843.76,15680.14,15971.46,15569.8,14055.85,18301.96,17010.91,15121.79,17430.23,15700.0,700,21000,,
W200720010,F-575,2019,1943.68,3107.38,3288.22,5450.18,3873.19,5063.98,4317.16,3761.09,2922.34,1380.38,1721.91,1430.4,900,27000,,
W200720011,F-576,2019,6308.92,9358.57,10349.15,6571.28,6358.77,6939.91,13074.36,12941.05,10105.09,8900.82,9494.75,9137.9,700,21000,,
W200720012,F-573,2019,5907.69,5022.68,5895.04,8303.69,12629.6,6074.86,5164.9,7756.18,8489.65,5292.94,4866.14,4566.43,800,24000,,
W200720021,F-572,2019,1356.8,2195.59,1732.24,3393.19,4405.44,5650.56,3345.66,3927.83,3459.72,3404.4,5906.81,3175.43,800,24000,,
W200720022,F-577,2019,5120.23,8471.85,4078.15,10780.87,12350.63,13111.21,5895.17,5570.17,7608.2,5692.5,20251.2,11458.28,800,24000,,
W200820014,F-587,2019,1057.92,1931.38,1039.84,3813.93,4741.65,7188.42,1283.97,1600.44,1564.27,2225.62,9585.61,4268.18,900,27000,,
W200820015,F-588,2019,3791.84,5255.99,3134.52,8490.79,8014.41,9657.54,6422.52,11826.99,8406.67,12086.69,10951.78,5903.11,800,24000,,
W200820016,F-589,2019,0.0,0.0,0.0,0.0,0.0,0.0,0.0,0.0,0.0,0.0,0.0,0.0,800,24000,,
W200820020,F-590,2019,6844.55,4027.62,3061.13,4539.25,4220.85,5171.04,4278.07,3421.78,12727.61,8636.28,4024.3,3389.73,800,24000,,
W200820028,F-555-1,2019,4820.88,7118.38,5533.8,7567.74,9083.85,9233.03,8026.62,6388.77,5933.77,4195.11,6070.2,7103.86,300,9000,,
W200920001,F-600,2019,1099.78,1352.53,2368.97,3351.1,3863.3,4124.85,3679.45,3960.06,3597.32,1743.24,2600.36,1404.4,600,18000,,
W200920025,F-601,2019,2201.45,2798.57,2245.35,1683.13,1431.88,1769.69,1796.63,2345.23,1827.99,2201.71,2302.45,2201.05,800,24000,,
W200920026,F-602,2019,4177.5,5759.18,4606.83,21001.05,22647.26,27019.7,13251.53,12673.11,14033.06,9643.47,9152.24,10018.1,850,25500,,
W200920034,F-603,2019,21881.66,25597.22,20860.72,27705.82,30159.72,31076.24,24164.57,24783.91,29480.91,31220.64,38470.77,32057.84,950,28500,,
W200920035,F-604,2019,1676.26,1453.41,1068.35,1967.88,2745.32,4120.41,3023.71,3734.89,4342.46,1881.56,2528.3,1746.82,800,24000,,
W200920036,F-605,2019,1246.28,2954.27,2069.6,6777.65,7306.64,7547.99,3773.3,4194.8,4215.03,4860.64,14995.08,5478.71,850,25500,,
W200920037,F-606,2019,2577.33,2329.25,4195.16,7312.93,8812.87,6074.85,5149.67,5976.66,2648.48,2206.59,3123.11,5270.97,800,24000,,
W201020012,F-616,2019,27293.03,28385.41,19690.29,24567.57,20019.65,20952.84,18650.06,19064.5,12666.67,7805.85,7726.26,10218.42,900,27000,,
W201020013,F-615,2019,7194.94,7435.61,6791.96,7222.74,7114.86,8571.28,6949.64,7145.82,7164.63,6626.65,7493.99,7657.15,800,24000,,
W201020015,F-617,2019,9405.37,10286.48,9079.4,12975.97,12504.28,13822.91,13130.83,12066.17,11688.33,8329.77,9255.7,10516.36,800,24000,,
W201020025,F-627,2019,0.0,0.0,0.0,0.0,0.0,0.0,0.0,0.0,0.0,0.0,0.0,0.0,600,18000,,
W201120016,F-625,2019,17264.89,22765.47,21417.46,6940.09,47023.99,28087.49,25700.5,26125.9,24984.14,26136.7,27635.99,18104.36,800,24000,,
W201120017,F-626,2019,2059.98,4798.87,5225.48,8066.06,7748.86,7062.88,6678.24,9828.72,3911.56,12.35,12.35,14.12,800,24000,,
W201220032,F-636,2019,3028.23,2724.63,2583.07,3934.2,4044.81,4670.25,3744.25,3564.66,3099.79,1415.4,5188.37,4300.66,900,27000,,
W201220033,F-634,2019,5640.84,5927.83,6290.95,7299.27,7792.28,8007.72,6214.11,7725.93,7779.01,6328.83,6936.7,5887.72,900,27000,,
W201220034,F-632,2019,0.0,0.0,0.0,0.0,0.0,0.0,296.68,139.97,1322.12,5745.36,5688.65,515.59,700,21000,,
W201220035,F-633,2019,2361.78,4662.47,2312.43,7524.1,9649.52,8352.19,3337.38,2658.43,3961.34,5040.49,18381.4,7237.87,900,27000,,
W201220040,F-622,2019,38.98,1574.44,0.0,6702.37,5757.43,4935.84,763.31,871.77,1899.07,5392.3,20343.4,24651.1,1000,30000,,
W201220041,F-624,2019,26.61,1437.1,126.41,4113.92,3634.89,6302.84,561.09,789.52,1774.2,2661.15,12634.65,5573.08,1000,36000,,
W201220056,F-635,2019,0.0,0.0,0.0,0.0,0.0,0.0,0.0,0.0,0.0,0.0,0.0,0.0,800,24000,,
W201320008,F-647,2019,477.57,1969.98,672.94,3858.26,4213.34,6359.76,1291.69,853.05,1851.42,3550.94,13267.39,5894.74,900,27000,,
W201320016,F-648,2019,6716.21,9891.48,11465.89,9775.74,6359.66,12809.37,11781.05,14379.3,7452.06,38.52,37.39,39.66,700,21000,,
W201320017,F-650,2019,2288.41,2382.99,6597.79,5674.82,4453.97,3419.02,3784.3,3611.45,3788.65,3369.09,5167.85,12773.42,700,21000,,
W201320018,F-649,2019,11931.31,18488.24,13833.33,21635.08,22252.68,24958.27,21700.8,20108.8,22344.0,12804.8,16494.4,14588.8,900,27000,,
W201320024,F-623,2019,11.27,321.27,0.0,3441.2,2382.79,2306.8,545.82,3.1,1811.12,1155.99,12835.33,7069.91,800,30000,,
W201420006,F-651,2019,11142.8,10996.51,10798.07,12270.31,6632.65,10744.49,2739.95,3293.74,13183.16,5640.1,1377.6,560.77,600,18000,,
W201420013,F-655,2019,1214.36,2163.54,1176.48,2119.34,3775.67,6814.73,1006.0,1256.45,2748.62,2393.03,7734.87,6728.09,900,27000,,
W201420017,F-656,2019,83.25,35.8,25.81,1972.21,1974.7,2067.11,383.13,67.48,362.89,235.6,68.27,27.47,900,27000,,
W201420022,F-657,2019,0.0,0.0,0.0,7182.62,11587.92,13329.55,16076.56,12777.06,14824.37,7091.65,12969.55,12615.72,900,27000,,
W201520003,F-658,2019,4962.84,5819.26,6841.91,10794.77,9438.1,11413.74,10815.35,9791.12,6978.05,5636.93,6438.86,4987.35,700,21000,,
W201620001,F-664,2019,2888.97,3988.36,4722.0,11678.9,18703.33,22321.21,15459.58,17287.13,9769.59,7793.85,7080.63,5157.81,800,24000,,
W201620002,F-665,2019,2888.97,3988.36,4722.0,11678.9,18703.33,22321.21,15459.58,17287.13,9769.59,7793.85,7080.63,5157.81,800,24000,,
W201620003,F-666,2019,2888.97,3988.36,4722.0,11678.9,18703.33,22321.21,15459.58,17287.13,9769.59,7793.85,7080.63,5157.81,800,24000,,
W201620009,F-662,2019,2944.41,4332.22,9102.04,10946.44,11450.27,9153.17,11237.02,11098.03,6511.16,8422.39,11696.81,5902.12,500,18000,,
W201620010,F-663,2019,1118.49,1180.38,1982.04,2226.6,3371.91,2640.64,1903.68,3507.74,1882.5,1238.02,5435.65,1502.64,700,21000,,
W201820001,F-662-1,2019,617.67,908.8,1909.39,3124.62,3268.43,2612.73,2721.14,2687.48,1576.73,1713.56,2379.74,1200.8,500,15000,,
Y199320005,D-036,2019,1079.77,1364.44,1662.2,2147.81,2535.12,2330.27,1826.53,2686.27,1170.5,1198.74,1748.92,1246.11,850,25500,,
Y199320006,W-024,2019,2400.4,3483.44,3916.65,5448.32,6064.83,5384.02,4972.54,6032.35,2053.15,2178.73,3166.5,1921.22,700,21000,,
Y199320007,D-063,2019,6970.61,8385.1,7305.34,13265.33,18450.53,17462.7,16499.02,13329.99,12931.0,14109.37,18761.88,20796.93,2100,63000,,
Y199320009,D-101,2019,8581.33,11400.0,11354.67,20145.33,20989.33,19016.0,19848.98,21293.51,14815.49,12840.03,20495.07,11110.28,720,21600,,
Y199320011,W-018,2019,13300.86,14191.58,16987.6,20096.76,19677.72,19298.9,18660.23,18579.61,17192.19,17852.87,18875.54,15953.31,1300,39000,,
Y199320831,F-054,2019,5735.9,7365.47,7969.02,10438.12,12066.24,9324.99,8520.91,8869.74,6197.63,6151.51,9712.04,6963.97,700,21000,,
Y199320832,D-250,2019,5165.44,5306.2,5786.39,7188.87,7008.2,6822.95,6228.15,7974.68,7278.07,4608.73,6719.18,5987.39,600,18000,,
Y199320836,F-045,2019,6311.71,8125.94,9453.01,14744.63,13280.06,15599.52,12841.33,10471.89,9296.78,4338.03,6766.24,5840.88,700,21000,,
Y199320837,D-229,2019,24457.71,21838.53,21647.17,26668.17,23325.49,24595.79,21129.94,24331.2,19416.59,18148.41,20054.85,11915.21,2000,60000,,
Y199320838,D-228,2019,1956.17,2645.0,3352.94,6252.65,6250.85,5159.58,14580.63,13764.07,10675.93,9362.16,10529.25,6459.3,950,28500,,
Y199320839,D-178,2019,11495.77,13821.55,17172.23,24751.8,24317.52,22551.47,22198.25,20891.57,14574.3,27595.74,27406.85,10149.29,1300,39000,,
Y199320841,D-087,2019,10324.17,12119.3,13171.47,20130.45,20220.51,21871.6,20389.9,18081.94,21758.38,17806.53,19100.37,18624.37,950,28500,,
Y199320842,D-108,2019,2586.73,3056.24,2861.35,2391.75,2400.34,2546.43,2754.41,3145.53,1746.78,933.19,1248.54,688.63,100,21000,,
Y199340974,U-050,2019,609.09,2510.1,1054.69,2932.65,4138.33,5209.69,1058.06,1319.13,2088.63,2863.32,10213.17,6788.22,1700,51000,,
Y199340975,W-028,2019,5706.41,5933.82,6459.36,10008.48,10465.65,10514.76,7905.75,7840.19,8881.44,6224.95,6511.62,7777.71,800,24000,,
Y199340976,F-004,2019,2948.1,5767.29,6029.34,8950.27,5854.86,5679.49,5511.83,5978.5,3959.14,4171.02,6557.64,4999.89,1100,33000,,
Y199340977,F-006,2019,24705.96,29989.15,29353.67,41390.35,37973.17,41606.99,41401.9,39743.86,38022.27,26116.89,32534.64,27897.52,1700,51000,,
Y199340978,F-012,2019,1190.01,1520.75,343.71,9659.53,16047.34,8939.69,12.97,25.94,129.7,132.94,22046.04,8372.24,1500,45000,,
Y199340979,F-013,2019,949.98,3733.45,1001.66,5779.12,5066.14,10226.37,7779.2,10043.66,9724.0,4976.32,16689.65,6179.12,1500,45000,,
Y199340980,F-014,2019,4003.99,4303.86,1699.97,10550.44,6506.01,1697.91,710.09,1469.77,3780.55,12664.82,17760.51,2995.52,1150,34500,,
Y199340982,F-019,2019,503.54,830.78,2820.98,6022.77,5490.85,4853.59,4086.97,5708.68,1535.39,1467.39,4449.24,4646.72,800,24000,,
Y199340983,F-024,2019,3596.21,7503.51,1842.55,16167.6,8898.5,2370.04,3696.39,3720.55,6184.81,15906.65,20336.89,1434.55,1200,36000,,
Y199340984,F-025,2019,4320.98,4604.85,7005.01,14021.24,13280.6,8443.55,5064.19,7609.0,3138.73,7660.27,9692.76,8763.92,700,21000,,
Y199340986,F-035,2019,2586.18,4422.89,2702.06,6133.86,9812.21,11330.88,4597.93,3954.47,4706.41,4177.71,14862.67,9333.13,1150,34500,,
Y199340987,F-038,2019,1660.5,4877.56,1474.9,9361.65,12771.73,5513.55,408.32,712.7,2093.56,2727.08,12754.41,4672.16,1050,31500,,
Y199340988,F-039,2019,2130.23,8092.11,12309.53,27153.91,19577.89,27816.69,19151.71,19633.07,10422.84,3236.94,11462.19,3266.65,650,19500,,
Y199340990,F-043,2019,0.0,0.0,0.0,0.0,0.0,0.0,0.0,0.0,0.0,0.0,0.0,0.0,700,21000,,
Y199340991,F-050,2019,74.32,408.58,210.3,375.9,851.61,1157.87,211.83,172.54,219.72,198.7,851.18,431.3,950,28500,,
Y199340992,F-052,2019,142.68,1534.27,8496.61,12663.96,7321.73,10910.25,1499.67,737.25,2798.84,2705.36,15893.52,5963.67,950,28500,,
Y199340993,D-017,2019,0.0,1152.89,0.0,2307.07,3912.62,5113.13,1085.64,788.84,2707.7,4489.47,15182.64,3882.29,1150,34500,,
Y199340994,D-040,2019,4670.47,5641.67,4747.2,9758.72,13774.89,14926.86,3079.03,3065.8,4012.37,5127.64,9104.25,6792.67,1400,42000,,
Y199340995,D-048,2019,2604.02,6130.44,4056.74,7893.65,10307.3,9752.05,5235.24,4741.18,6649.43,8595.0,13741.93,9183.42,1050,31500,,
Y199340996,D-083,2019,371.47,5063.2,443.26,4212.67,7872.58,7418.25,471.51,411.89,2967.25,4251.7,16977.0,7609.17,1000,30000,,
Y199340997,D-089,2019,2621.01,5209.92,3098.14,10390.87,10789.91,14595.46,3929.87,4341.47,5512.15,5591.17,22019.74,11414.55,900,27000,,
Y199340998,D-090,2019,7787.74,10082.27,7479.85,10758.61,11353.28,11497.57,8491.93,10038.73,11362.96,9444.24,21046.68,9444.24,1000,30000,,
Y199340999,D-095,2019,1356.03,4677.97,4453.1,4934.93,7192.14,9156.7,5281.66,2635.91,2704.84,2714.72,13463.35,7186.03,950,28500,,
Y199341000,D-099,2019,558.27,2978.19,709.52,4141.05,6316.81,7384.75,520.31,465.09,615.88,4039.24,17796.42,5940.06,1000,30000,,
Y199341001,D-184,2019,384.04,1346.87,1662.33,3178.29,3431.53,9223.54,3533.75,2356.69,2969.69,2596.22,4651.56,2302.6,1200,36000,,
Y199341002,D-103,2019,1133.06,2245.33,1509.88,5022.4,4805.39,8757.01,1863.83,2220.23,2862.93,4013.95,16765.69,6646.09,1950,58500,,
Y199341003,D-107,2019,1110.68,2161.87,1633.8,4849.02,5814.36,9693.07,2040.52,1908.88,2532.98,3171.78,9382.64,4621.15,1750,52500,,
Y199341004,D-121,2019,164.62,925.26,0.0,2980.13,5748.34,4098.39,62.44,225.17,71.9,60.55,11137.17,3596.97,1550,46500,,
Y199341005,D-122,2019,439.39,3630.25,317.21,4868.53,5387.81,7690.49,2272.14,1600.13,4208.27,3304.87,18691.63,5429.43,1550,46500,,
Y199341006,D-129,2019,994.44,989.35,942.9,1658.21,1500.9,1552.66,1146.04,1164.36,960.03,1315.63,1601.87,1708.72,600,18000,,
Y199341007,D-130,2019,0.0,2050.51,0.0,1842.39,4263.59,6483.02,306.0,0.0,309.78,1677.94,12915.0,8972.35,1500,45000,,
Y199341008,D-131,2019,2090.76,5431.75,3256.41,8891.23,11473.37,14174.33,1929.2,1799.08,2323.71,2190.26,5428.94,3037.67,1150,34500,,
Y199341009,D-139,2019,12976.71,15987.17,7702.31,15753.45,24812.73,24917.38,11418.08,10580.69,12406.48,10421.7,19463.43,15898.49,1250,37500,,
Y199341010,D-142,2019,656.07,4658.88,964.96,7923.93,7888.19,12233.08,1072.18,1613.38,2504.31,3877.92,23075.41,8002.11,850,25500,,
Y199341011,D-144,2019,825.04,1861.06,758.15,5903.65,5471.55,7576.12,2065.96,1983.46,3975.7,5044.66,26492.35,12388.73,1400,42000,,
Y199341012,D-147,2019,987.59,1941.57,473.79,3642.42,6419.72,6432.96,1909.1,1487.69,1707.15,3531.42,7453.28,4009.37,1550,46500,,
Y199341013,D-146,2019,2258.53,4069.3,2546.05,8373.04,8069.65,13508.47,4002.43,5904.96,7266.45,4500.52,13828.11,6133.31,950,28500,,
Y199341014,D-145,2019,243.37,3415.56,10.49,6647.38,8972.58,10714.5,0.0,2.1,638.2,4110.78,20966.09,8740.6,1150,34500,,
Y199341015,D-148,2019,6209.93,11577.77,15075.95,21765.14,18105.15,19313.12,19463.61,15897.41,15219.21,6210.87,8360.34,8745.22,800,24000,,
Y199341016,D-156,2019,2588.52,5252.44,2901.27,7890.93,11100.38,14052.85,5370.27,5387.1,5911.79,5296.95,14988.4,8315.37,1150,34500,,
Y199341018,D-161,2019,4425.6,6349.31,5353.55,12327.44,14870.38,18783.83,6509.92,6700.86,7291.54,8160.32,23273.58,13187.92,850,25500,,
Y199341019,D-162,2019,3173.44,5445.18,1350.61,4571.09,5086.1,6585.78,1280.15,1263.15,1814.56,2583.86,9791.76,3800.43,1150,34500,,
Y199341020,D-174,2019,516.49,2444.26,1334.26,4441.84,6996.99,10118.56,2135.32,1583.99,2778.54,2447.49,15212.29,6527.43,1500,45000,,
Y199341021,D-175,2019,773.8,1449.56,830.11,2617.56,3005.5,4211.04,652.61,564.97,605.18,844.71,7756.74,2513.27,1150,34500,,
Y199341022,D-172,2019,2115.34,2282.85,1612.83,5452.16,4099.58,7488.0,1942.23,5301.7,2573.16,2146.14,8989.1,4312.85,1150,34500,,
Y199341023,D-173,2019,1357.38,4604.81,2195.6,7002.93,6887.26,8926.54,1802.41,2368.63,5928.97,2900.01,17741.6,7475.78,1150,34500,,
Y199341024,D-183,2019,3150.43,4620.51,4273.25,10185.46,13375.74,11154.27,7568.15,7110.86,8487.81,8967.82,20770.02,12729.02,1150,34500,,
Y199341025,D-185,2019,0.0,0.0,0.0,0.0,0.0,0.0,0.0,0.0,0.0,0.0,0.0,0.0,1150,34500,,
Y199341026,D-100,2019,4828.15,6086.55,5173.43,10197.43,14149.07,17313.12,11230.66,8427.82,11123.07,5161.52,10797.54,7575.39,1150,34500,,
Y199341027,D-192,2019,943.69,5818.68,2416.78,5392.03,7670.39,6832.79,456.54,2.18,255.58,3422.53,16063.05,9671.96,700,21000,,
Y199341028,D-193,2019,1529.83,3109.01,1381.78,4551.57,7887.52,11219.97,3997.23,3257.46,4221.03,2456.05,13672.48,11503.77,1100,33000,,
Y199341029,D-195,2019,796.45,3480.88,1036.35,6234.86,4135.75,5110.58,1527.3,1426.17,1638.8,3249.14,11037.35,5098.84,1150,34500,,
Y199341030,D-196,2019,0.0,3897.84,0.0,3915.33,4799.06,6521.62,354.32,7.13,2206.8,3811.13,18481.9,6321.39,1150,34500,,
Y199341031,D-197,2019,1110.08,1934.19,1336.71,6594.54,8496.42,11816.48,5741.1,5619.54,6933.89,5921.68,13440.4,8820.59,800,24000,,
Y199341032,D-198,2019,2897.49,2058.43,774.88,5540.64,5588.18,903.24,404.08,862.83,1511.73,4040.92,8269.89,732.96,800,24000,,
Y199341033,D-199,2019,787.47,2244.71,1579.01,3000.62,4738.26,4684.61,880.5,596.21,935.78,1950.52,8552.3,3758.91,950,28500,,
Y199341034,D-206,2019,3710.2,7355.14,4372.92,7407.86,13309.54,13630.86,3715.23,3308.56,6865.64,6896.7,19395.41,10465.26,1100,33000,,
Y199341035,D-207,2019,482.69,3207.18,26.82,3930.6,3240.6,4910.57,7.92,150.54,2141.87,2738.2,16969.69,5379.89,1100,33000,,
Y199341036,D-208,2019,255.51,1491.1,613.98,2421.84,3985.31,5721.22,998.01,873.26,1549.95,2688.1,9997.59,8699.75,1350,40500,,
Y199341037,D-209,2019,3425.55,7859.62,3462.69,9839.52,12990.8,12867.95,2219.89,2557.02,6499.69,7820.42,29012.97,11856.68,1350,40500,,
Y199341038,D-210,2019,1477.74,3194.31,2827.11,3944.6,6987.83,11036.77,4832.76,3970.81,5966.44,4863.0,10771.12,7364.58,600,18000,,
Y199341039,D-223,2019,6043.12,9410.41,10193.16,15108.55,15083.31,16411.3,15694.5,13887.89,13065.01,8937.27,6135.2,6683.6,850,25500,,
Y199341041,D-234,2019,1822.27,3096.66,2288.1,3512.03,4473.61,5993.81,3908.23,2104.95,3190.94,2563.03,4145.09,2147.4,950,28500,,
Y199341043,D-236,2019,2148.78,5211.18,4615.89,10986.62,12938.31,18571.26,12787.37,11320.34,12866.76,7924.82,11008.14,7420.15,950,28500,,
Y199341044,D-237,2019,9911.96,12838.11,13534.81,23980.47,20044.58,24132.35,21836.42,19449.38,15496.35,12596.03,11659.89,11880.25,500,15000,,
Y199341045,D-246,2019,2821.41,3437.67,4004.7,8737.68,9473.32,8651.47,5967.61,7587.67,3817.31,5048.1,7300.33,3014.17,950,28500,,
Y199341046,D-247,2019,32221.63,19058.81,14899.19,24620.43,20955.62,15565.85,11539.24,14943.88,12196.02,9549.37,24383.79,11058.11,850,25500,,
Y199341047,F-061,2019,0.0,2905.1,0.0,4615.78,5218.86,8518.19,0.0,0.0,1968.8,2496.79,19216.37,8926.5,850,25500,,
Y199341048,F-064,2019,0.11,0.27,0.33,0.0,0.0,0.0,0.0,0.0,0.0,0.0,0.0,0.0,800,24000,,
Y199341049,F-062,2019,482.61,4288.04,1692.39,11419.85,14105.95,14002.27,2309.95,1864.94,3913.33,4852.57,21862.53,8575.99,1000,30000,,
Y199341051,D-259,2019,0.0,0.0,0.0,0.0,0.0,0.0,0.0,0.0,0.0,0.0,0.0,0.0,1000,30000,,
Y199341052,F-063,2019,1044.14,1966.79,2643.18,5181.3,4744.6,4590.27,3582.25,4284.91,3618.37,3963.39,3554.72,2529.52,1000,30000,,
Y199341053,D-256,2019,3239.64,6955.05,6800.55,11930.64,10675.1,10992.3,10225.48,8325.06,4690.16,5599.07,6663.7,6561.15,600,18000,,
Y199341054,F-051,2019,10055.05,14133.85,12636.72,22529.49,23530.35,25301.25,19249.7,16568.03,22343.33,13610.23,13308.44,14079.91,750,22500,,
Y199341055,F-065,2019,3727.22,3157.86,233.3,14412.54,8296.16,615.43,281.45,579.13,3723.75,12489.6,15696.49,1522.23,1000,30000,,
Y199341057,W-003,2019,1000.03,2538.84,1852.77,5545.58,4781.46,9498.61,1955.22,4350.83,4290.09,2844.7,7227.93,1923.17,1100,33000,,
Y199341058,D-073,2019,1620.55,3801.49,2784.85,7876.63,9266.41,14615.5,4524.58,4522.64,6338.28,4822.72,19468.23,8675.2,850,25500,,
Y199341059,D-056,2019,0.0,1445.9,0.0,12263.95,13143.43,13143.43,9.05,9.05,1163.6,3403.54,28901.99,8946.93,700,21000,,
Y199341060,D-059,2019,8666.81,9642.26,9094.11,11352.37,11922.3,14588.99,10494.4,8820.12,6172.18,5742.88,8177.43,12224.28,700,21000,,
Y199341061,U-048,2019,0.0,1286.54,244.61,1037.68,2754.66,6345.55,179.8,172.7,487.34,1277.87,7839.97,6460.34,2000,60000,,
Y199341064,W-007,2019,0.0,0.0,0.0,0.0,0.0,0.0,0.0,0.0,0.0,0.0,0.0,0.0,600,18000,,
Y199341065,W-026,2019,14254.78,4098.84,7495.07,16960.61,14780.35,14599.54,14596.54,18433.71,13502.58,11702.1,10324.28,8148.79,1700,51000,,
Y199341066,D-005,2019,17121.12,11756.81,11375.6,13094.85,13873.98,13586.93,11598.84,13600.73,8584.8,4026.73,0.0,10196.94,600,18000,,
Y199341070,D-061,2019,0.0,0.0,0.0,0.0,0.0,0.0,0.0,0.0,0.0,0.0,0.0,0.0,700,21000,,
Y199341071,D-070,2019,0.0,0.0,0.0,0.0,0.0,0.0,0.0,0.0,0.0,0.0,0.0,0.0,700,21000,,
Y199341073,D-097,2019,0.0,0.0,0.0,0.0,0.0,0.0,0.0,0.0,0.0,0.0,0.0,0.0,700,21000,,
Y199341075,F-007,2019,2345.16,7154.35,8095.13,17416.34,8677.6,9307.62,10559.16,9120.82,11447.3,7748.97,10322.71,7341.13,1350,40500,,
Y199341084,W-020,2019,5550.13,6846.89,4067.9,5875.93,6066.11,10138.36,11228.86,9051.21,4004.41,5101.61,5390.11,4595.13,1000,30000,,
Y199341087,D-069,2019,0.0,0.0,0.0,0.0,0.0,0.0,0.0,0.0,0.0,0.0,0.0,0.0,650,19500,,
Y199341093,D-004,2019,3298.42,3645.04,5477.14,10695.52,11879.12,8036.02,7004.16,8936.89,4229.65,4670.51,10630.03,3033.27,950,28500,,
Y199341094,U-036,2019,304.26,1811.98,527.12,2231.43,2757.43,4444.32,845.83,421.85,637.03,1131.26,6730.7,4474.06,1500,45000,,
Y199341095,D-049,2019,10913.58,9921.55,8512.59,18014.43,11848.09,8187.93,6682.71,6910.79,9708.55,24567.31,34324.31,16609.15,850,25500,,
Y199341097,90사계,2019,13114.11,12069.42,1251.24,24026.14,20015.83,873.48,798.25,2857.82,8106.94,26864.92,38223.56,7979.32,1000,30000,,
Y199341099,89동광1,2019,0.0,0.0,0.0,0.0,0.0,0.0,0.0,0.0,0.0,0.0,0.0,0.0,800,24000,,
Y199341100,90감산,2019,7290.24,8322.19,9115.57,16375.23,18465.65,17035.94,9234.45,15497.22,11918.49,14552.76,14883.25,11174.54,800,24000,,
Y199341103,D-006,2019,0.0,0.0,0.0,0.0,0.0,0.0,0.0,0.0,0.0,0.0,0.0,0.0,600,18000,,
Y199341104,D-020,2019,2363.43,3483.92,3203.51,3755.65,4586.16,5015.18,4018.09,4584.1,4728.81,5415.54,4592.0,3937.13,850,25500,,
Y199341106,D-158,2019,0.0,0.0,0.0,0.0,0.0,0.0,0.0,0.0,0.0,0.0,0.0,0.0,1505,45150,,
Y199520081,D-274,2019,4005.05,4469.61,3897.23,3278.02,3208.68,2929.74,4293.54,3948.85,2078.17,1095.68,2574.76,1697.28,600,18000,,
Y199520082,F-067,2019,1818.56,2566.18,3303.58,4206.23,5803.49,7725.76,5100.49,4680.18,6052.17,4431.85,4404.47,3541.31,700,21000,,
Y199520083,F-079,2019,2313.84,1921.37,2379.45,7276.61,7045.54,8875.85,8078.33,7181.38,7954.31,1453.8,2186.49,907.25,700,21000,,
Y199520085,D-275,2019,5298.32,6179.9,6698.57,10491.0,10504.18,13054.82,10348.09,9419.56,9682.35,5729.57,7389.11,6631.74,800,24000,,
Y199540245,F-074,2019,6733.29,11719.95,12016.17,18070.21,17745.75,18364.79,15981.14,14324.68,10146.53,6477.84,10396.99,7049.92,600,18000,,
Y199540246,D-283,2019,10801.92,16096.02,18399.6,28586.46,27766.72,29641.24,28789.35,25239.25,20052.75,13877.36,17547.94,15220.48,1000,30000,,
Y199540248,F-075,2019,0.0,0.0,0.0,0.0,0.0,0.0,0.0,0.0,0.0,0.0,0.0,0.0,600,18000,,
Y199540249,D-268,2019,1445.35,2800.14,1427.24,7216.28,7982.74,7574.2,1554.81,1269.23,2252.89,4703.31,20953.01,8559.11,600,18000,,
Y199540250,D-269,2019,222.72,1053.42,836.72,1811.87,3359.88,5676.03,557.05,263.87,718.3,1228.44,7285.61,5335.94,700,21000,,
Y199540251,D-284,2019,9129.56,18357.55,7027.34,14376.29,25903.19,27036.86,8675.08,5752.8,14183.22,5659.66,21952.96,13735.26,1000,30000,,
Y199540252,D-245,2019,5396.7,7464.2,11185.42,18103.72,15697.13,17320.58,16121.71,16177.83,10018.68,8944.6,10868.28,7820.6,500,15000,,
Y199540253,F-073,2019,5758.54,7028.83,8347.66,14805.82,14072.65,14506.36,12852.27,13923.29,10319.01,8528.98,9438.8,8320.96,600,18000,,
Y199540254,D-271,2019,6862.69,5980.03,6973.02,9763.86,14970.85,7143.88,6017.52,7672.19,9061.64,2684.2,5570.64,5252.4,800,24000,,
Y199540255,F-076,2019,717.82,1256.19,3652.22,6880.45,6166.57,4072.26,2372.37,2360.53,1029.41,1575.68,2967.59,1397.78,1000,30000,,
Y199540256,F-077,2019,2968.57,3289.95,5493.12,8111.01,8242.05,6589.34,3401.43,4521.46,2631.78,1809.69,2560.5,1915.74,500,15000,,
Y199540257,D-270,2019,18.47,33.87,40.03,3908.17,4845.27,4413.78,4383.27,3270.78,6840.83,2661.74,242.42,19.66,800,24000,,
Y200240031,F-083,2019,7290.24,9169.21,10097.5,13190.99,12528.32,13067.6,13352.0,13308.01,8212.26,5950.23,8597.58,6915.81,600,18000,,
D199510018,F-084,2019,9688,8479,10564,17038,18138,19268,21529,21971,18287,16797,17106,8961,600,9030,,제주시DB(분기→월 v5)
D199510019,F-085,2019,6115,5356,6521,6665,6779,6017,5207,5523,2430,,,4273,750,15120,3→4차 역행,제주시DB(분기→월 v5)
D199510020,F-087,2019,,,,,,,,,,,,,750,6390,"전년→1차 역행(-1), Period₁로 외삽; 전년 자료 없거나 역행 — 1차→2차 일평균 외삽",제주시DB(분기→월 변환 v2)
D199510022,D-288,2019,40,34,42,3761,4075,3623,3346,3568,2474,791,797,535,800,18210,,제주시DB(분기→월 v5)
D199510023,D-287,2019,10441,9546,11792,18254,19023,14966,10487,11565,9894,10437,11568,10877,800,23670,,제주시DB(분기→월 v5)
D199530039,96조천1,2019,69,57,72,103,124,200,290,296,239,,323,3278,800,22800,3→4차 역행,제주시DB(분기→월 v5)
D199530042,D-294,2019,2005,1659,2043,4358,6718,6111,5021,4978,4278,4152,1395,850,800,24000,,제주시DB(분기→월 v5)
D199530043,F-080,2019,,,,,,1357,5120,5213,3182,1799,275,142,700,19950,,제주시DB(분기→월 v5)
D199530045,F-089,2019,3022,2515,3077,3128,4385,3715,3489,3553,1982,953,866,930,650,22800,,제주시DB(분기→월 v5)
D199530046,F-090,2019,0,0,0,0,0,426,1608,1638,4917,10306,4490,4271,800,22800,1→2차 역행,제주시DB(분기→월 v5)
D199530047,F-091,2019,2702,2236,2754,2821,2785,2594,2495,2473,2125,2118,883,735,700,13680,전년 자료 없음 — 외삽,제주시DB(분기→월 v5)
D199530048,F-092,2019,12842,10630,13090,10323,9804,9703,11053,10959,9417,20413,11593,9255,1000,20460,,제주시DB(분기→월 v5)
D199530049,F-093,2019,1628,1348,1659,2004,2364,2222,2030,2013,1730,2023,1693,1887,1000,19410,,제주시DB(분기→월 v5)
D199530050,F-094,2019,2718,2258,2771,2004,1783,2795,3921,4131,3656,6928,6041,6126,700,16260,,제주시DB(분기→월 v5)
D199530051,F-095,2019,24,20,25,2,,,,,,,182,1847,800,19800,3→4차 역행,제주시DB(분기→월 v5)
D199530052,F-096,2019,,,,,,,,,,,,,600,9930,4차이후 외삽 (2019-11-07 ~ 12/31),제주시DB(분기→월 변환 v2)
D199530053,D-300,2019,,,,,,212,800,814,4210,8936,2697,2283,800,22800,,제주시DB(분기→월 v5)
D199530054,D-301,2019,,,,,,,,,,155,196,220,600,17040,,제주시DB(분기→월 v5)
D199530055,D-303,2019,20165,16749,20556,20002,18814,17328,20245,21333,18879,10000,10139,21555,600,17100,,제주시DB(분기→월 v5)
D199530056,D-304,2019,,,,,,,,,,,0,5,900,27000,3→4차 역행,제주시DB(분기→월 v5)
D199530057,D-305,2019,13050,10823,13422,12497,13090,7802,7381,8290,8541,12142,5987,5392,600,12210,전년 자료 없음 — 외삽,제주시DB(분기→월 v5)
D199530058,D-302,2019,7499,6208,7644,9655,11556,9859,867,860,739,474,250,281,700,14880,,제주시DB(분기→월 v5)
D199530059,D-298,2019,5,4,5,5,4,4,3,3,2,4,3,3,700,10380,,제주시DB(분기→월 v5)
D199530060,D-299,2019,2777,2299,2830,1163,0,0,,,,,,,900,16680,,제주시DB(분기→월 v5)
D199530061,96조천2,2019,9453,7865,9789,12292,14665,13404,13829,14121,11779,10960,9567,7759,800,17280,,제주시DB(분기→월 v5)
D199610004,F-105,2019,13328,11633,14318,14356,15027,13978,13669,14693,12479,13322,13987,15608,800,18000,,제주시DB(분기→월 v5)
D199610005,F-108,2019,4742,4151,5853,10426,11175,10204,9011,8975,3978,,,1962,700,21000,3→4차 역행,제주시DB(분기→월 v5)
D199610009,F-109,2019,7253,6384,7853,5309,5581,5160,4882,5346,4265,3888,4117,3885,500,15000,,제주시DB(분기→월 v5)
D199610010,F-107,2019,10617,9159,11280,7198,7799,5702,3696,3941,4737,14056,14166,15201,600,18000,,제주시DB(분기→월 v5)
D199610011,F-111,2019,,,,,,,,,,,,,600,15000,,제주시DB(분기→월 변환 v2)
D199610020,F-110,2019,16041,14178,17476,15593,16456,13676,11072,11834,9569,6741,7124,11671,700,21000,,제주시DB(분기→월 v5)
D199610021,F-106,2019,5163,4565,4718,9204,9920,8180,6344,6811,5333,3586,5177,4471,700,21000,,제주시DB(분기→월 v5)
D199610022,F-112,2019,,,,,,,,,,,,,600,18000,,제주시DB(분기→월 변환 v2)
D199630016,F-136,2019,5934,4940,6043,6143,5811,4461,3347,3408,3491,4604,4179,4490,800,24000,,제주시DB(분기→월 v5)
D199630017,F-131,2019,,,,,,,,,,,,,800,24000,"4차→다음해1차 역행(-450288), Period₃로 외삽; 다음해 자료 없음 — 3→4차 일평균 외삽",제주시DB(분기→월 변환 v2)
D199630018,F-132,2019,17581,14635,17904,18198,13939,13786,19145,19496,17240,21210,14065,13272,800,24000,,제주시DB(분기→월 v5)
D199630019,F-137,2019,3360,2797,3422,3478,2137,1128,1525,1553,1374,5119,5276,5736,700,21000,,제주시DB(분기→월 v5)
D199630020,F-133,2019,7588,6317,7728,7854,8679,7293,7877,8022,7094,9650,6822,6598,900,21000,,제주시DB(분기→월 v5)
D199630021,F-153,2019,18804,15566,19167,21341,23120,21725,22720,22527,19358,22105,15474,15826,800,24000,,제주시DB(분기→월 v5)
D199630022,F-159,2019,8135,6757,8292,3440,2747,5947,8892,9370,8292,5473,5092,7111,700,21000,,제주시DB(분기→월 v5)
D199630024,F-161,2019,5360,4452,5464,4475,4120,3251,3489,3676,3253,212,915,5775,700,21000,,제주시DB(분기→월 v5)
D199630025,F-162,2019,1269,1054,1294,127,,,,,,,,,800,24000,1→2차 역행,제주시DB(분기→월 v5)
D199630026,F-167,2019,689,573,713,366,400,1229,1827,1866,1510,,16,165,700,21000,3→4차 역행,제주시DB(분기→월 v5)
D199630027,F-168,2019,824,686,854,4207,5239,5617,6588,6727,5705,8146,7326,7952,700,21000,,제주시DB(분기→월 v5)
D199630028,F-126,2019,,,,,,,,,,,,,700,21000,4차이후 외삽 (2019-11-03 ~ 12/31),제주시DB(분기→월 변환 v2)
D199630058,F-128,2019,,,,,,,,,,,,,900,18000,"4차→다음해1차 역행(-252710), Period₃로 외삽; 다음해 자료 없음 — 3→4차 일평균 외삽",제주시DB(분기→월 변환 v2)
D199630059,F-134,2019,,,,,,,,,,,,,800,24000,"4차→다음해1차 역행(-157358), Period₃로 외삽; 다음해 자료 없음 — 3→4차 일평균 외삽",제주시DB(분기→월 변환 v2)
D199630060,F-149,2019,,,,,,,,,,,,,800,18000,"전년→1차 역행(-2), Period₁로 외삽; 전년 자료 없거나 역행 — 1차→2차 일평균 외삽; 4차→다음해1차 역행(-252021), Period₃로 외삽; 다음해 자료 없음 — 3→4차 일평균 외삽",제주시DB(분기→월 변환 v2)
D199630061,F-144,2019,1944,1609,1982,2955,4135,3887,4959,4917,4225,5516,3991,1650,600,12000,,제주시DB(분기→월 v5)
D199630062,F-155,2019,9246,7653,9424,15120,17020,14572,13033,12921,11104,13312,9344,9535,600,18000,,제주시DB(분기→월 v5)
D199630063,F-146,2019,,,,,,,,,,,,,800,18000,"4차→다음해1차 역행(-908677), Period₃로 외삽; 다음해 자료 없음 — 3→4차 일평균 외삽",제주시DB(분기→월 변환 v2)
D199630064,F-148,2019,,,,,,,,,,,,,700,13500,4차이후 외삽 (2019-11-11 ~ 12/31),제주시DB(분기→월 변환 v2)
D199630065,F-152,2019,415,343,423,374,313,268,29,29,25,9,,,600,18000,,제주시DB(분기→월 v5)
D199630066,F-165,2019,1519,1264,1573,4117,5062,2272,87,88,103,975,802,193,800,24000,,제주시DB(분기→월 v5)
D199630067,F-169,2019,727,605,753,3002,3726,1870,458,468,379,,14,143,700,21000,,제주시DB(분기→월 v5)
D199630068,F-127,2019,8937,7412,9192,13237,14053,9085,9140,10266,10011,11782,6268,5827,900,18000,,제주시DB(분기→월 v5)
D199630083,F-129,2019,,,,,,,,,,,,,800,24000,"4차→다음해1차 역행(-64452), Period₃로 외삽; 다음해 자료 없음 — 3→4차 일평균 외삽",제주시DB(분기→월 변환 v2)
D199630084,F-150,2019,,,,3269,3956,2798,1266,1256,1079,1855,519,45,800,24000,,제주시DB(분기→월 v5)
D199630085,F-142,2019,2,2,2,1,,,,,,,,,800,24000,,제주시DB(분기→월 v5)
D199630086,F-151,2019,,,,,,,,,,,,,600,18000,"전년 자료 없거나 역행 — 1차→2차 일평균 외삽; 4차→다음해1차 역행(-58146), Period₃로 외삽; 다음해 자료 없음 — 3→4차 일평균 외삽",제주시DB(분기→월 변환 v2)
D199630087,F-147,2019,5185,4292,5285,7700,10325,9695,10063,9977,8574,10877,10347,11556,600,12000,,제주시DB(분기→월 v5)
D199630088,F-141,2019,9077,7514,9252,11270,13260,12323,11581,11482,9867,12870,9959,8867,700,13500,,제주시DB(분기→월 v5)
D199630089,F-157,2019,848,704,864,4129,4362,8261,12460,13129,11619,23621,20851,21773,800,24000,,제주시DB(분기→월 v5)
D199630090,F-122,2019,2334,1936,2401,5380,5656,3227,3540,3976,3773,3962,3520,3795,800,24000,,제주시DB(분기→월 v5)
D199630091,F-120,2019,,,,,,,,,,,,,1100,33000,4차이후 외삽 (2019-11-08 ~ 12/31),제주시DB(분기→월 변환 v2)
D199630092,F-119,2019,,,,,,,,,,,,,700,21000,4차이후 외삽 (2019-11-08 ~ 12/31),제주시DB(분기→월 변환 v2)
D199630093,F-123,2019,8383,6952,8622,8047,8459,7830,9457,10622,10191,11226,7111,7233,1000,21000,,제주시DB(분기→월 v5)
D199630094,F-124,2019,14531,12051,16167,20930,18594,11048,13269,15047,16616,19258,17402,18094,800,24000,,제주시DB(분기→월 v5)
D199630095,F-121,2019,6806,5645,7520,10508,11047,5884,6727,7555,9628,12222,4286,4087,1100,33000,,제주시DB(분기→월 v5)
D199630132,F-130,2019,3526,2935,3591,3650,4466,3817,3854,3925,5573,9256,8415,9042,700,21000,,제주시DB(분기→월 v5)
D199630133,F-139,2019,,,,,,,,,,,,,700,13500,"4차→다음해1차 역행(-629001), Period₃로 외삽; 다음해 자료 없음 — 3→4차 일평균 외삽",제주시DB(분기→월 변환 v2)
D199630134,F-140,2019,8203,6790,8361,9809,10962,10360,11237,11141,9574,12865,13271,14819,600,12000,,제주시DB(분기→월 v5)
D199630135,F-138,2019,,,,,,,,,,,,,700,13500,"4차→다음해1차 역행(-763777), Period₃로 외삽; 다음해 자료 없음 — 3→4차 일평균 외삽",제주시DB(분기→월 변환 v2)
D199630136,F-156,2019,34673,28800,35345,4627,,6252,11434,12048,10662,13280,10483,7890,1000,30000,1→2차 역행,제주시DB(분기→월 v5)
D199630137,F-166,2019,4414,3673,4571,7575,9165,6240,4390,4482,3753,4283,3880,4150,800,24000,,제주시DB(분기→월 v5)
D199630138,F-164,2019,,,,,,,,,,,,,1000,30000,"4차→다음해1차 역행(-215353), Period₃로 외삽; 다음해 자료 없음 — 3→4차 일평균 외삽",제주시DB(분기→월 변환 v2)
D199630139,F-125,2019,1,0,1,0,,2,4,4,4,0,,,700,21000,,제주시DB(분기→월 v5)
D199630148,F-158,2019,4616,3834,4706,4803,4548,6441,8807,9280,8212,6964,4746,1739,850,21000,,제주시DB(분기→월 v5)
D199630149,F-135,2019,5117,4260,5211,5297,2945,1470,1873,1907,1687,5696,5444,5870,600,18000,,제주시DB(분기→월 v5)
D199630150,F-143,2019,11917,9865,12148,7258,,,15729,15595,13401,19527,22964,25591,800,18000,1→2차 역행,제주시DB(분기→월 v5)
D199710012,F-217,2019,1179,1060,1301,9833,10124,8984,7924,8573,6826,5721,6332,5935,600,18000,,제주시DB(분기→월 v5)
D199710016,F-216,2019,,,,,,24,74,79,66,76,79,69,700,21000,,제주시DB(분기→월 v5)
D199710017,F-214,2019,7170,6296,7880,9787,9787,9618,9105,9697,7820,7127,7295,7081,600,18000,,제주시DB(분기→월 v5)
D199710018,F-215,2019,,,,,,1191,2606,3236,2855,2932,3169,2389,800,24000,,제주시DB(분기→월 v5)
D199710019,F-204,2019,5808,5069,6240,9442,10011,8631,7585,8153,6864,6890,7234,7544,600,18000,,제주시DB(분기→월 v5)
D199710025,F-220,2019,9517,8661,10411,9591,10000,8539,5933,6525,5569,6296,6858,5676,700,21000,전년 자료 없음 — 외삽,제주시DB(분기→월 v5)
D199710026,F-219,2019,29270,26814,31935,30193,30244,30045,30685,33983,28177,28358,31569,27390,800,24000,전년 자료 없음 — 외삽,제주시DB(분기→월 v5)
D199730036,F-207,2019,197,164,200,204,9127,8140,7908,8053,3889,761,72,7,700,21000,,제주시DB(분기→월 v5)
D199730037,F-208,2019,,,,,,,,,,,,,800,24000,"4차→다음해1차 역행(-255386), Period₃로 외삽; 다음해 자료 없음 — 3→4차 일평균 외삽",제주시DB(분기→월 변환 v2)
D199730038,F-212,2019,3870,3220,4008,5499,6593,7367,8524,8704,7045,,767,7785,800,24000,3→4차 역행,제주시DB(분기→월 v5)
D199730039,F-145,2019,4317,3574,4401,3791,3411,3095,3069,3043,2615,7869,8288,9291,600,18000,,제주시DB(분기→월 v5)
D199730040,F-154,2019,8425,6987,10585,17649,14727,6924,8315,9724,14838,16822,6760,7029,800,12000,,제주시DB(분기→월 v5)
D199730052,F-206,2019,17373,14462,17693,17983,34548,15555,4207,4284,3788,3131,2740,2976,900,24000,,제주시DB(분기→월 v5)
D199730053,F-209,2019,2787,2307,2841,3476,3923,3802,4466,4428,3805,6374,5492,5721,800,24000,,제주시DB(분기→월 v5)
D199730054,F-213,2019,26638,22126,27154,18518,16583,14627,16722,17620,15593,14246,12206,9075,1000,30000,,제주시DB(분기→월 v5)
D199730055,F-211,2019,6761,5625,7001,9701,11533,11172,12129,12385,8988,,717,7269,600,18000,3→4차 역행,제주시DB(분기→월 v5)
D199730056,F-205,2019,5002,4149,5992,10690,11238,3200,3259,3660,9732,14257,6248,6158,1000,24000,,제주시DB(분기→월 v5)
D199730057,F-241,2019,7985,6647,8132,8265,5375,5285,7911,8055,8050,10418,9457,10161,600,24000,,제주시DB(분기→월 v5)
D199730059,F-210,2019,1140,943,1162,895,588,657,1673,1658,1425,2541,2659,3058,800,24000,,제주시DB(분기→월 v5)
D199730061,F-263,2019,6471,5384,6701,9211,11044,9569,9368,9566,7997,8265,7423,7966,800,24000,,제주시DB(분기→월 v5)
D199730063,F-235,2019,7422,6156,7634,8945,9486,6069,6061,6807,7769,15667,13936,15029,800,12000,,제주시DB(분기→월 v5)
D199730073,F-257,2019,21148,17506,21556,22284,23654,23086,25743,25523,23812,27811,23789,26675,700,21000,,제주시DB(분기→월 v5)
D199730074,F-239,2019,,,,,2,4,5,5,5,13,14,15,700,21000,,제주시DB(분기→월 v5)
D199730079,F-252,2019,4223,3496,4305,4549,4826,4621,5198,5154,4429,6420,6549,7345,800,24000,,제주시DB(분기→월 v5)
D199730080,F-251,2019,2424,2007,2471,6408,8678,6934,2137,2119,1821,2516,2478,2779,1000,24000,,제주시DB(분기→월 v5)
D199730081,F-259,2019,904,749,922,1578,2239,2104,2206,2187,1879,2291,1261,1015,700,30000,,제주시DB(분기→월 v5)
D199730082,F-258,2019,706,585,720,1075,1426,1285,968,960,825,1595,1923,2154,600,24000,,제주시DB(분기→월 v5)
D199730083,F-248,2019,652,539,664,9397,11282,10441,10687,10596,9106,10184,3449,1646,700,24000,,제주시DB(분기→월 v5)
D199730084,F-253,2019,,,,,,,9,9,8,6,,,800,21000,,제주시DB(분기→월 v5)
D199730085,F-256,2019,36062,29852,36759,24024,20479,18823,18959,18797,14238,16089,11229,11501,1200,36000,,제주시DB(분기→월 v5)
D199730087,F-261,2019,17010,14081,17339,16825,17464,15621,14934,14807,12724,19714,18844,21206,1200,36000,,제주시DB(분기→월 v5)
D199730088,F-254,2019,17,14,17,32,39,28,15,15,13,19,18,20,800,24000,,제주시DB(분기→월 v5)
D199730089,F-255,2019,9498,7862,9682,9568,9726,9551,11727,11627,9992,15483,9994,7755,700,24000,전년 자료 없음 — 외삽,제주시DB(분기→월 v5)
D199730090,F-242,2019,14664,12207,14934,15179,17352,15415,16904,17213,15222,23040,21909,23820,800,33000,,제주시DB(분기→월 v5)
D199730091,F-245,2019,11575,9636,11788,11982,6240,923,1147,1168,1033,1266,505,304,900,27000,,제주시DB(분기→월 v5)
D199730092,F-244,2019,10104,8411,10290,10459,10786,9740,11271,11478,10150,11872,9352,9623,800,27000,전년 자료 없음 — 외삽,제주시DB(분기→월 v5)
D199730093,F-243,2019,5095,4241,5189,5274,5792,6125,7517,7655,6769,9279,8694,9453,800,24000,,제주시DB(분기→월 v5)
D199730094,F-246,2019,15682,13055,15971,16233,16832,13535,14633,14901,13178,2582,126,137,800,24000,전년 자료 없음 — 외삽,제주시DB(분기→월 v5)
D199730098,F-234,2019,11822,9805,12159,19449,20968,13318,12771,14344,13910,28182,15385,14192,800,12000,,제주시DB(분기→월 v5)
D199730099,F-232,2019,1075,892,1106,6063,6552,3965,3798,4266,5768,16033,5116,3493,800,12000,,제주시DB(분기→월 v5)
D199730100,F-233,2019,5804,4814,5970,12059,12677,5662,5759,6469,6716,9776,3050,2668,600,9000,,제주시DB(분기→월 v5)
D199730101,F-236,2019,13,11,12,3,3,2,3,3,3,3,90,100,800,12000,,제주시DB(분기→월 v5)
D199730102,F-238,2019,6410,5316,6876,9041,9505,3850,3769,4234,5368,10956,7211,7372,800,12000,,제주시DB(분기→월 v5)
D199730103,F-237,2019,8030,6660,9835,15664,12776,5405,6492,7703,13255,15128,8385,8718,800,12000,,제주시DB(분기→월 v5)
D199730105,F-250,2019,4134,3422,4214,7777,8840,7489,6560,6504,5589,8664,8120,9127,700,27000,,제주시DB(분기→월 v5)
D199730107,F-240,2019,,,,,,,,,,,,,1050,24000,"4차→다음해1차 역행(-101062), Period₃로 외삽; 다음해 자료 없음 — 3→4차 일평균 외삽",제주시DB(분기→월 변환 v2)
D199730108,F-247,2019,2710,2256,2759,2805,193,322,1213,1235,684,253,230,247,700,21000,,제주시DB(분기→월 v5)
D199730109,F-266,2019,4190,3486,4339,8948,10920,8383,7116,7266,6019,4321,3881,4160,700,21000,,제주시DB(분기→월 v5)
D199730120,D-321,2019,,,,,,,,,,,,,800,24000,4차이후 외삽 (2019-11-10 ~ 12/31),제주시DB(분기→월 변환 v2)
D199730121,D-322,2019,,,,,,,,,,,,,700,21000,4차이후 외삽 (2019-11-11 ~ 12/31),제주시DB(분기→월 변환 v2)
D199730132,F-262,2019,22930,18982,23373,24108,23674,22255,27748,27511,23641,27719,18217,16113,800,24000,전년 자료 없음 — 외삽,제주시DB(분기→월 v5)
D199730133,F-260,2019,15332,12692,15628,15083,15624,14736,15536,15403,13237,20219,14235,13500,800,24000,전년 자료 없음 — 외삽,제주시DB(분기→월 v5)
D199730134,R-001,2019,14866,12329,15290,14004,14660,9717,9947,11173,10837,12492,11112,11984,800,24000,,제주시DB(분기→월 v5)
D199810008,F-300,2019,12238,10548,12951,11591,12269,11493,11851,12425,10473,11815,11918,13025,1000,32580,,제주시DB(분기→월 v5)
D199810009,F-299,2019,1761,1613,2182,4082,4207,3770,2914,3220,2573,2227,2469,2562,700,21000,,제주시DB(분기→월 v5)
D199810010,F-301,2019,5992,5245,6337,5809,6226,5799,5374,5353,3981,3683,3848,3607,700,24000,전년 자료 없음 — 외삽,제주시DB(분기→월 v5)
D199810022,F-302,2019,11913,10427,11759,13678,14561,13728,13261,13533,12221,14252,14514,15419,600,25140,,제주시DB(분기→월 v5)
D199830009,S-004,2019,98,82,100,102,105,5820,10339,10528,9310,12833,10744,11203,1300,42000,전년 자료 없음 — 외삽,제주시DB(분기→월 v5)
D199830010,S-005,2019,15645,12951,15947,16336,16128,15118,15447,15315,13161,17808,14844,13629,1050,45000,전년 자료 없음 — 외삽,제주시DB(분기→월 v5)
D199830011,S-006,2019,6842,5692,7085,12463,14898,11638,10109,10323,7491,,1379,13985,800,15000,3→4차 역행,제주시DB(분기→월 v5)
D199830012,S-003,2019,10078,8359,10366,9651,10110,7862,8852,9942,9821,12337,9518,9943,1000,30000,전년 자료 없음 — 외삽,제주시DB(분기→월 v5)
D199830013,S-002,2019,12615,10462,12801,11960,12574,6540,7454,8373,8922,13308,12308,12963,1050,12000,전년 자료 없음 — 외삽,제주시DB(분기→월 v5)
D199830020,F-328,2019,16792,13971,17389,1212,,,,,730,22863,20626,22955,850,29880,1→2차 역행; 2→3차 역행,제주시DB(분기→월 v5)
D199830028,F-312,2019,0,0,0,0,0,2122,8004,8151,10929,17618,16016,17210,1500,45000,,제주시DB(분기→월 v5)
D199830029,F-313,2019,125,104,127,130,131,97,59,60,203,435,3551,4174,1400,42000,전년 자료 없음 — 외삽,제주시DB(분기→월 v5)
D199830030,F-314,2019,194,162,198,201,112,890,1574,1603,1418,473,70,19,800,30000,,제주시DB(분기→월 v5)
D199830031,F-315,2019,17432,14512,17753,18044,20770,7162,,,,22780,24718,26874,1200,36000,2→3차 역행,제주시DB(분기→월 v5)
D199830032,F-316,2019,2258,1880,2300,2337,2469,4285,6041,6152,5440,19235,18865,20486,1000,30000,,제주시DB(분기→월 v5)
D199830033,F-317,2019,11737,9770,11953,12149,15831,5215,,,,9822,7680,7403,1050,36000,2→3차 역행,제주시DB(분기→월 v5)
D199830035,F-318,2019,13986,11577,14256,16028,17493,15983,13616,13500,11601,14062,12550,14014,900,39000,,제주시DB(분기→월 v5)
D199830036,F-319,2019,3296,2729,3360,5639,7928,7004,4285,4248,3651,5050,5486,6115,850,39000,,제주시DB(분기→월 v5)
D199830037,F-369,2019,8834,7313,9005,9247,9272,8678,8744,8670,7450,7626,5797,6369,700,27000,,제주시DB(분기→월 v5)
D199830038,F-320,2019,20695,17132,21095,22450,23165,22586,31313,31046,26679,32751,29676,33144,1200,36000,,제주시DB(분기→월 v5)
D199830042,F-322,2019,13422,11111,13681,17768,22012,20663,21388,21206,18223,20915,10505,5860,1400,42000,,제주시DB(분기→월 v5)
D199830043,F-323,2019,3342,2767,3407,4530,5170,4807,4943,4901,4211,6255,5801,6520,800,36000,,제주시DB(분기→월 v5)
D199830044,F-370,2019,2462,2038,2509,4231,5079,4815,5220,5175,4447,8330,8240,9323,700,27000,,제주시DB(분기→월 v5)
D199830045,F-324,2019,9157,7580,9333,9663,10261,9354,9278,9199,7905,15985,16528,18558,1200,36000,,제주시DB(분기→월 v5)
D199830055,F-326,2019,2971,2472,3076,6294,7679,5133,3489,3563,2978,3078,2765,2967,1218,18000,,제주시DB(분기→월 v5)
D199830056,F-325,2019,40634,33808,42078,36555,42468,39765,41930,42817,36322,41128,37073,40985,1200,36000,전년 자료 없음 — 외삽,제주시DB(분기→월 v5)
D199830057,F-329,2019,,,,,,71,118,121,98,,0,0,850,18000,3→4차 역행,제주시DB(분기→월 v5)
D199830064,F-327,2019,15559,12945,16112,562,,11975,23831,24335,17659,,1666,16897,900,27000,1→2차 역행; 3→4차 역행,제주시DB(분기→월 v5)
D199830065,S-009,2019,6626,5513,6862,13065,15898,11768,10506,10728,8684,,561,5693,1000,30000,3→4차 역행,제주시DB(분기→월 v5)
D199830066,F-330,2019,4894,4065,4989,5647,5426,6149,7953,8380,7416,8900,6740,2904,950,15000,,제주시DB(분기→월 v5)
D199830073,F-380,2019,2332,1937,2378,8186,8319,5936,5954,6274,5552,3276,2804,2062,900,27000,,제주시DB(분기→월 v5)
D199830075,F-311,2019,7264,6024,7347,6889,7243,2724,2952,3316,12672,18935,6992,7270,1500,30000,전년 자료 없음 — 외삽,제주시DB(분기→월 v5)
D199830076,F-309,2019,26004,21566,26301,24663,25928,15142,17502,19658,21197,25460,15178,15477,1000,15000,전년 자료 없음 — 외삽,제주시DB(분기→월 v5)
D199830077,F-310,2019,13237,10978,13614,12735,13294,9546,10280,11547,13487,28710,9759,7033,800,12000,전년 자료 없음 — 외삽,제주시DB(분기→월 v5)
D199830090,F-331,2019,361,300,368,285,257,2719,4589,4835,4279,1350,362,49,650,12000,,제주시DB(분기→월 v5)
D199830091,F-332,2019,7472,6207,7617,7481,7044,2905,1356,1429,1265,,250,2562,800,12000,,제주시DB(분기→월 v5)
D199830092,F-378,2019,13211,10973,13467,16763,16153,15343,18192,19169,16472,5064,3992,560,800,15000,,제주시DB(분기→월 v5)
D199830093,R-004,2019,9486,7867,9757,13079,13749,8193,9089,10208,10388,14208,13019,13797,1020,30600,,제주시DB(분기→월 v5)
D199830094,R-005,2019,7589,6294,8368,12507,13148,9015,10328,11600,10220,7874,7203,7633,825,24750,,제주시DB(분기→월 v5)
D199910003,F-360,2019,12726,11138,12772,15861,16886,16445,16592,16933,14379,14110,14370,11083,950,28500,,제주시DB(분기→월 v5)
D199910004,F-361,2019,1039,909,1527,4154,4423,2935,1176,1200,874,406,414,415,800,30060,,제주시DB(분기→월 v5)
D199910005,F-359,2019,5350,4892,6034,8420,8558,7971,7555,9381,7558,4386,4741,5847,850,30000,,제주시DB(분기→월 v5)
D199910006,F-357,2019,,,,,,,,,,,,,700,21240,다음해 자료 없음 — 2→3차 일평균 외삽,제주시DB(분기→월 변환 v2)
D199910007,F-358,2019,10349,8928,10995,9802,10621,13978,18694,19931,15512,6530,6582,3919,700,21600,전년 자료 없음 — 외삽,제주시DB(분기→월 v5)
D199910008,F-362,2019,793,684,840,167,177,142,118,124,119,240,243,261,800,24240,,제주시DB(분기→월 v5)
D199910009,F-363,2019,2659,2292,2814,2723,2882,2412,2140,2244,1857,1863,1879,1477,600,27060,,제주시DB(분기→월 v5)
D199930016,F-379,2019,6392,5309,6516,858,228,69,,,,,,,700,29400,,제주시DB(분기→월 v5)
D199930017,F-374,2019,0,0,0,0,,,,,,,496,5030,800,24000,3→4차 역행,제주시DB(분기→월 v5)
D199930023,F-368,2019,5398,4493,5497,5587,8779,10091,11581,11793,10429,15228,10248,9601,900,27000,,제주시DB(분기→월 v5)
D199930024,F-375,2019,4090,3403,4235,8725,10461,8102,6959,7107,5784,4908,4408,4731,800,27000,,제주시DB(분기→월 v5)
D199930025,F-376,2019,5424,4513,5617,392,,27293,54316,55465,40989,5790,5201,5581,900,27000,⚠ 오타 의심 (수동 검토 필요); 1→2차 역행,제주시DB(분기→월 v5)
D199930026,F-366,2019,6799,5639,7668,11496,12085,6398,7308,8209,17449,24775,31831,34068,1000,15000,,제주시DB(분기→월 v5)
D199930038,F-381,2019,3924,3259,4000,3977,3749,3623,4330,4563,4038,1914,2293,6238,700,21000,전년 자료 없음 — 외삽,제주시DB(분기→월 v5)
D199930045,F-371,2019,37922,31392,38655,39598,39094,36564,36577,36266,31164,40231,34832,35249,1000,30000,전년 자료 없음 — 외삽,제주시DB(분기→월 v5)
D199930047,R-008,2019,1985,1646,2041,3205,3453,1583,1132,1272,2360,9205,8188,8830,800,24000,,제주시DB(분기→월 v5)
D199930048,F-372,2019,13725,11361,13990,13826,14054,12971,12591,12484,10728,16906,12600,10805,900,27000,전년 자료 없음 — 외삽,제주시DB(분기→월 v5)
D199930049,R-009,2019,3890,3226,3909,3696,2507,,,202,3034,3418,890,925,1000,30000,전년 자료 없음 — 외삽,제주시DB(분기→월 v5)
D199930060,F-373,2019,3067,2539,3127,4811,5399,3580,1403,1391,1195,356,2064,3202,900,27000,,제주시DB(분기→월 v5)
D199930064,F-377,2019,4888,4060,4983,8512,8538,10496,14013,14766,13067,11927,8370,3432,800,24000,,제주시DB(분기→월 v5)
D199930075,F-367,2019,8792,7292,9043,11272,11922,8672,9410,10569,11527,20625,11862,11358,650,20100,,제주시DB(분기→월 v5)
D199930079,S-012,2019,3995,3325,4068,4135,4193,3524,3533,3597,5385,9173,4005,3812,750,27000,전년 자료 없음 — 외삽,제주시DB(분기→월 v5)
D199930080,S-013,2019,1159,963,1182,379,275,4783,8165,8603,7614,16440,13482,3639,800,24000,,제주시DB(분기→월 v5)
D200010005,F-399,2019,14729,12706,15648,8285,8977,6248,3560,3796,2791,,,13078,800,25650,3→4차 역행,제주시DB(분기→월 v5)
D200010006,F-402,2019,2387,2059,2536,5625,6095,5177,4472,4768,3507,,,2612,700,27540,3→4차 역행,제주시DB(분기→월 v5)
D200010009,S-016,2019,10081,9122,11091,11642,11889,11385,10846,11918,10042,10799,11499,11161,600,18000,,제주시DB(분기→월 v5)
D200010010,F-398,2019,,,,,,,,,,,,7662,700,21270,3→4차 역행,제주시DB(분기→월 v5)
D200010011,F-397,2019,2971,2725,3314,3069,3155,2578,1620,1793,1791,2708,2991,1148,500,15240,전년 자료 없음 — 외삽,제주시DB(분기→월 v5)
D200010013,F-401,2019,,,,,,,,,,,,2,950,28500,,제주시DB(분기→월 v5)
D200030016,R-012,2019,816,677,839,2804,2948,1239,1232,1383,1733,3801,3377,3641,800,24000,,제주시DB(분기→월 v5)
D200030017,R-013,2019,12635,10479,12995,14548,15294,6268,3738,4198,3257,1,1,1,800,24000,,제주시DB(분기→월 v5)
D200030018,A-002,2019,248,206,253,33,,7073,12288,12948,11458,20466,17246,13274,800,24000,,제주시DB(분기→월 v5)
D200030032,F-422,2019,5842,4863,5949,6047,6359,6225,7470,7607,6727,6573,5396,5729,800,24000,,제주시DB(분기→월 v5)
D200030033,F-409,2019,,,,1,1,2252,3912,4122,3648,71078,69824,74801,700,24000,,제주시DB(분기→월 v5)
D200030034,F-420,2019,3569,2960,3671,9290,9766,5067,5414,6081,6066,7759,3286,2743,800,24000,,제주시DB(분기→월 v5)
D200030035,F-421,2019,5962,4944,6132,13115,14034,8003,7293,8192,7811,8383,7448,8030,800,24000,,제주시DB(분기→월 v5)
D200030036,F-408,2019,17318,14385,17654,22263,21476,20172,23792,25070,22186,20984,17611,7640,750,24000,,제주시DB(분기→월 v5)
D200030037,F-407,2019,19949,16570,20336,20371,19237,17175,19759,20820,18425,28693,23804,19542,800,24000,,제주시DB(분기→월 v5)
D200030068,F-411,2019,3539,2930,3608,5165,6334,6266,7061,7000,6016,6473,4926,5325,800,24000,,제주시DB(분기→월 v5)
D200030069,F-410,2019,6163,5102,6282,7283,7962,6954,6457,6402,5501,7820,4778,4346,600,18000,,제주시DB(분기→월 v5)
D200030070,F-414,2019,3347,2770,3411,7594,12380,12277,18904,18743,16106,18391,14735,16457,810,24300,,제주시DB(분기→월 v5)
D200030071,F-415,2019,9329,7761,9660,12261,14637,11588,10935,11166,9038,,891,9042,750,22500,3→4차 역행,제주시DB(분기→월 v5)
D200030072,F-416,2019,4348,3618,4503,6616,7961,6541,6348,6482,5247,,578,5861,800,24000,3→4차 역행,제주시DB(분기→월 v5)
D200030073,F-423,2019,4182,3481,4259,4329,4303,10103,15701,15989,14139,12016,10167,11054,750,22500,,제주시DB(분기→월 v5)
D200030076,F-418,2019,0,0,0,0,0,0,,,,,,,800,24000,전년 자료 없음 — 외삽,제주시DB(분기→월 v5)
D200030077,F-412,2019,1794,1485,1829,4203,4839,3928,3142,3115,2677,4665,4487,5043,800,24000,,제주시DB(분기→월 v5)
D200030078,F-417,2019,0,0,0,0,,2,4,4,4,3,1,0,800,24000,,제주시DB(분기→월 v5)
D200030079,F-419,2019,22599,18742,22938,21467,22568,21359,25882,29070,24972,16575,15162,16066,700,21000,전년 자료 없음 — 외삽,제주시DB(분기→월 v5)
D200030080,F-413,2019,14853,12295,15140,18669,21131,18815,15327,15196,13059,15515,11700,12115,800,24000,,제주시DB(분기→월 v5)
W200110005,F-434,2019,9881,8865,10696,9593,10595,9751,8439,8890,6979,7092,7258,8389,800,24240,전년 자료 없음 — 외삽,제주시DB(분기→월 v5)
W200110008,F-435,2019,8961,7920,9763,13094,14020,12258,10725,11462,9814,9986,10553,10238,650,19590,,제주시DB(분기→월 v5)
W200110009,F-437,2019,10272,8992,11360,13404,14366,13427,12544,12493,10353,10971,11465,10718,800,24300,,제주시DB(분기→월 v5)
W200110010,F-436,2019,550,503,699,1288,1353,1154,913,982,850,935,1037,597,800,25200,,제주시DB(분기→월 v5)
W200110011,F-438,2019,13023,11399,13918,13626,14605,14195,14446,14389,8769,,,11716,700,21600,3→4차 역행,제주시DB(분기→월 v5)
W200110012,F-439,2019,22542,19795,23767,22348,22348,22919,23779,25325,22394,26811,27446,27572,800,18000,전년 자료 없음 — 외삽,제주시DB(분기→월 v5)
W200130021,F-448,2019,1517,1256,1547,664,49,61,165,163,140,105,,,600,18000,,제주시DB(분기→월 v5)
W200130030,F-445,2019,6855,5675,6988,7759,8364,7863,10123,10037,8625,12024,10400,8879,800,24000,,제주시DB(분기→월 v5)
W200130031,F-447,2019,11805,9772,12033,14517,16465,14780,14397,14274,12267,18835,16138,17511,900,27000,,제주시DB(분기→월 v5)
W200130036,F-457,2019,20814,17327,21198,21545,22272,21779,30145,30698,24722,25875,23490,25238,900,27000,,제주시DB(분기→월 v5)
W200130037,F-449,2019,16161,13378,16474,17624,18672,12978,6413,6359,5464,8280,2273,567,900,27000,,제주시DB(분기→월 v5)
W200130038,F-442,2019,25733,21374,26232,25480,23950,14291,11605,12228,10821,15523,12631,9769,800,24000,,제주시DB(분기→월 v5)
W200130045,F-458,2019,7612,6337,7752,7880,8583,7444,7968,8114,8690,12093,10993,11813,700,21000,,제주시DB(분기→월 v5)
W200130046,F-456,2019,4009,3337,4083,4150,5328,5849,9370,9542,12679,19635,17824,19151,800,24000,,제주시DB(분기→월 v5)
W200130047,F-446,2019,5494,4548,5600,9767,14444,13523,13662,13545,11640,14558,13568,15154,800,24000,,제주시DB(분기→월 v5)
W200130048,F-443,2019,10532,8748,10736,13107,12608,10042,10840,11422,10108,8119,7553,9759,700,21000,,제주시DB(분기→월 v5)
W200130049,F-444,2019,13274,11026,13532,20338,19886,16433,18130,19103,16906,20576,18892,22815,700,21000,,제주시DB(분기→월 v5)
W200130050,F-453,2019,10527,8730,10683,9981,10492,6857,8021,9009,10380,18166,6404,6113,800,24000,전년 자료 없음 — 외삽,제주시DB(분기→월 v5)
W200130051,F-476,2019,818,678,1057,2580,2712,912,967,1086,1720,4505,4166,4388,800,24000,,제주시DB(분기→월 v5)
W200130052,F-454,2019,1085,900,1116,2813,3083,1860,1778,1997,2375,5259,4678,5045,800,24000,,제주시DB(분기→월 v5)
W200130062,F-452,2019,5242,4361,5428,7621,9064,7131,5847,5971,5511,8424,7567,8123,700,21000,,제주시DB(분기→월 v5)
W200130063,R-016,2019,3352,2780,3973,6893,7246,1677,1605,1802,8633,13338,4397,4148,1000,30000,,제주시DB(분기→월 v5)
W200130064,R-017,2019,1718,1424,2301,5221,5488,1379,1354,1521,3924,5727,5198,5469,1000,30000,,제주시DB(분기→월 v5)
W200130070,F-450,2019,,,,,,,,,,127,171,93,700,21000,,제주시DB(분기→월 v5)
W200130071,F-455,2019,10322,8561,10617,4995,5252,3497,3981,4472,4642,6754,6189,6559,800,24000,,제주시DB(분기→월 v5)
W200210003,F-471,2019,6263,5467,6729,14886,15910,9816,3706,3983,2830,,,4255,800,24000,3→4차 역행,제주시DB(분기→월 v5)
W200210004,F-470,2019,,,,,,,,,,,,,800,24000,"4차→다음해1차 역행(-436776), Period₃로 외삽; 다음해 자료 없음 — 3→4차 일평균 외삽",제주시DB(분기→월 변환 v2)
W200210007,F-469,2019,4342,3800,5106,9828,10462,9061,7673,7831,6583,6254,6369,6390,800,24000,,제주시DB(분기→월 v5)
W200230012,F-481,2019,5407,4501,5506,5597,5765,4529,4859,4948,4375,8578,4521,3777,800,24000,전년 자료 없음 — 외삽,제주시DB(분기→월 v5)
W200230013,F-484,2019,329,272,335,809,1422,1337,2242,2223,1911,3371,4742,5285,800,24000,,제주시DB(분기→월 v5)
W200230014,F-489,2019,8217,6825,8376,16190,16397,13622,15075,15884,14057,10539,6770,1686,700,21000,,제주시DB(분기→월 v5)
W200230015,F-488,2019,20843,17313,21248,20457,19201,9909,6472,6819,6035,1338,19450,199472,800,24000,,제주시DB(분기→월 v5)
W200230016,F-477,2019,1682,1395,2143,5068,5328,4650,5577,6264,10650,29574,27350,28806,800,24000,,제주시DB(분기→월 v5)
W200230017,F-478,2019,,,,,,,,,,,,,800,24000,4차이후 외삽 (2019-11-03 ~ 12/31),제주시DB(분기→월 변환 v2)
W200230020,F-483,2019,616,513,627,638,66,508,1918,1953,951,75,68,73,800,24000,,제주시DB(분기→월 v5)
W200230021,F-482,2019,4586,3803,4856,5962,6267,4454,5140,5774,5772,7301,6948,7388,800,24000,,제주시DB(분기→월 v5)
W200230022,F-479,2019,4333,3594,4457,4173,4356,2310,1830,2056,1994,12680,3689,1698,600,18000,전년 자료 없음 — 외삽,제주시DB(분기→월 v5)
W200230029,F-487,2019,0,0,0,582,736,2049,3433,3506,2935,3792,3437,3343,800,24000,,제주시DB(분기→월 v5)
W200230030,R-020,2019,10916,9053,11228,10512,10973,5465,3972,4462,4327,12392,4138,2783,800,24000,전년 자료 없음 — 외삽,제주시DB(분기→월 v5)
W200230042,R-021,2019,2008,1665,2065,2409,2542,1634,1637,1838,2334,5858,2212,1722,800,24000,,제주시DB(분기→월 v5)
W200230044,F-480,2019,10545,8745,10846,10098,10578,5749,5012,5629,5517,6690,4553,4602,800,24000,전년 자료 없음 — 외삽,제주시DB(분기→월 v5)
W200310004,F-494,2019,1997,1791,2441,3975,4390,3652,2324,2448,1080,,,4819,700,21000,3→4차 역행,제주시DB(분기→월 v5)
W200310006,F-495,2019,10600,9277,10060,9798,10431,9478,8678,8856,8123,9839,10020,10270,800,24000,전년 자료 없음 — 외삽,제주시DB(분기→월 v5)
W200330052,F-503,2019,7217,6008,7349,7470,513,977,3686,3754,4644,7145,6103,6513,800,24000,,제주시DB(분기→월 v5)
W200330053,F-501,2019,19121,15858,19666,18135,19065,11444,12720,14287,14646,20511,11452,10848,800,24000,전년 자료 없음 — 외삽,제주시DB(분기→월 v5)
W200330057,F-506,2019,6550,5422,6677,9680,12641,11384,8535,8463,7272,9038,4953,3894,700,21000,,제주시DB(분기→월 v5)
W200330062,F-504,2019,10935,9103,11136,11319,13427,11769,12730,12964,11464,11051,9982,10971,800,24000,,제주시DB(분기→월 v5)
W200330064,R-024,2019,,,1216,9685,10182,7779,9103,10225,8797,5894,8261,9028,800,24000,,제주시DB(분기→월 v5)
W200330065,F-508,2019,1851,1532,1887,2193,2431,2667,4393,4356,3743,4245,2096,1255,700,21000,,제주시DB(분기→월 v5)
W200330077,F-507,2019,7046,5833,7182,6932,7181,6862,7395,7332,6300,13327,9187,8008,900,27000,전년 자료 없음 — 외삽,제주시DB(분기→월 v5)
W200330078,F-510,2019,13933,11573,14203,23584,23601,20806,23779,25056,22174,21694,16524,16352,800,24000,,제주시DB(분기→월 v5)
W200330079,F-502,2019,3948,3274,4061,3802,3969,2363,2133,2396,2324,14690,5515,3652,800,24000,전년 자료 없음 — 외삽,제주시DB(분기→월 v5)
W200330081,R-025,2019,2,2,2,8,8,2,2,2,2,3,3,3,700,21000,,제주시DB(분기→월 v5)
W200330082,F-505,2019,72,60,73,74,7,54,198,201,108,33,30,32,900,27000,,제주시DB(분기→월 v5)
W200330083,F-509,2019,19455,16187,20147,16642,19440,14228,11285,11524,9327,,291,2950,800,24000,3→4차 역행,제주시DB(분기→월 v5)
W200410005,F-433,2019,14191,13117,15890,17231,17567,16929,15570,17466,9046,,,16147,600,18000,,제주시DB(분기→월 v5)
W200410006,F-523,2019,13046,11426,14845,22110,22486,21175,21043,22320,9820,,,18203,700,21000,3→4차 역행,제주시DB(분기→월 v5)
W200430016,F-529,2019,6540,5424,7233,10954,11515,1368,,,2606,12859,11763,12465,800,24000,2→3차 역행,제주시DB(분기→월 v5)
W200430017,F-527,2019,15653,13031,15941,16203,11106,10254,13682,13933,17847,27123,24623,26455,800,24000,,제주시DB(분기→월 v5)
W200430018,F-528,2019,3677,3061,3745,3806,4522,4083,4446,4527,4003,7678,7518,8174,800,24000,,제주시DB(분기→월 v5)
W200530001,F-540,2019,1378,1147,1403,1426,10247,7707,2904,2957,1395,1,1,1,800,18000,,제주시DB(분기→월 v5)
W200610002,F-551,2019,5,5,6,920,974,492,,,,,,1,800,24000,,제주시DB(분기→월 v5)
W200610008,F-568,2019,,,,0,0,0,,,,,,,1500,45000,,제주시DB(분기→월 v5)
W200610009,F-569,2019,2343,1946,2388,2803,2687,2892,3617,3811,3327,4618,4693,8608,1500,45000,,제주시DB(분기→월 v5)
W200610014,F-541,2019,14423,11939,14701,17066,18786,16508,15222,15092,15454,18273,17310,20132,1000,30000,,제주시DB(분기→월 v5)
W200610015,F-542,2019,2598,2150,2648,1806,1582,5454,12899,12789,11719,13651,5788,3957,1000,30000,,제주시DB(분기→월 v5)
W200610016,F-543,2019,3,2,3,1434,2036,1212,0,0,0,,442,685,1000,30000,,제주시DB(분기→월 v5)
W200610017,F-544,2019,15893,13156,16200,18582,20383,12135,,,0,1,6104,9469,1000,30000,,제주시DB(분기→월 v5)
W200630021,F-553,2019,15708,13027,16155,15113,15775,10612,10970,12322,14167,29082,11755,9554,800,24000,전년 자료 없음 — 외삽,제주시DB(분기→월 v5)
W200710016,F-565,2019,9996,8321,10180,10347,11824,10426,11380,11588,10248,11176,7849,7720,800,24000,,제주시DB(분기→월 v5)
W200710017,F-570,2019,7648,6343,8550,13535,14229,5927,5871,6594,5747,4166,3811,4039,800,24000,,제주시DB(분기→월 v5)
W200710018,F-566,2019,964,802,998,1234,1462,819,348,356,278,159,143,153,900,27000,,제주시DB(분기→월 v5)
W200710019,F-563,2019,17058,14169,17389,21915,21335,11928,8870,9346,8271,12824,10509,7476,1000,30000,,제주시DB(분기→월 v5)
W200710020,F-564,2019,11514,9564,11738,1536,,,,,,,,,1000,30000,,제주시DB(분기→월 v5)
W200710036,F-567,2019,1766,1554,1912,3172,3335,3314,3429,3754,2322,,,1990,500,15000,3→4차 역행,제주시DB(분기→월 v5)
W200810009,F-578,2019,,,,,,,,,,,,,800,24000,전년 자료 없음 — 외삽; 3→4차 역행,제주시DB(분기→월 v5)
W200810010,F-579,2019,3433,2847,3531,7056,7675,3918,3202,3596,4394,10282,9146,9863,800,24000,,제주시DB(분기→월 v5)
W200810011,F-580,2019,13080,10827,13333,17117,20018,16929,14777,14651,12590,20449,19522,21884,800,24000,,제주시DB(분기→월 v5)
W200810012,F-581,2019,9819,8463,10391,6921,7326,4778,2408,2524,1964,1065,1075,2224,800,24000,,제주시DB(분기→월 v5)
W200810016,F-582,2019,2839,2355,4231,8970,7533,3641,4372,5002,6125,7099,6415,6670,800,24000,,제주시DB(분기→월 v5)
W200810017,F-583,2019,3422,2833,3488,1655,1530,1714,2231,2212,1901,3292,3162,3554,500,15000,,제주시DB(분기→월 v5)
W200810018,F-591,2019,2191,1814,2233,5250,6051,5256,4831,4790,4116,4109,3874,4581,500,15000,,제주시DB(분기→월 v5)
W200810019,F-584,2019,45781,38090,47409,40869,47828,28802,15417,15743,11424,,1831,18570,900,27000,전년 자료 없음 — 외삽; 3→4차 역행,제주시DB(분기→월 v5)
W200810020,F-585,2019,19899,16473,20284,20667,21550,20340,21669,21485,18463,23349,11997,7026,700,21000,,제주시DB(분기→월 v5)
W200810026,F-586,2019,81758,72280,74705,74478,79114,42037,1288,1382,1037,446,645,574,810,24300,,제주시DB(분기→월 v5)
W200910003,F-592,2019,7601,6304,7818,7279,7625,3100,1822,2046,2017,2511,550,221,800,24000,전년 자료 없음 — 외삽,제주시DB(분기→월 v5)
W200910004,F-593,2019,7826,6490,8049,7494,7850,4635,4352,4888,6207,15595,6449,5312,800,24000,전년 자료 없음 — 외삽,제주시DB(분기→월 v5)
W200910007,F-594,2019,9524,7928,9699,9858,10195,7754,8064,8212,7262,10792,8098,8012,700,21000,전년 자료 없음 — 외삽,제주시DB(분기→월 v5)
W200910008,F-595,2019,1,1,1,1,0,0,0,0,0,,,,900,27000,,제주시DB(분기→월 v5)
W200910009,F-596,2019,8864,7338,9035,7330,7646,6272,5137,5093,4376,7355,7823,9136,500,15000,,제주시DB(분기→월 v5)
W200910017,F-597,2019,1865,1547,1919,1796,1875,1751,2151,2416,2343,8765,3458,2433,950,28500,전년 자료 없음 — 외삽,제주시DB(분기→월 v5)
W200910018,F-607,2019,16493,13679,16682,15643,16445,10325,12028,13510,15436,18926,17177,18071,900,27000,전년 자료 없음 — 외삽,제주시DB(분기→월 v5)
W200910019,F-598,2019,2308,1920,2390,4497,5470,4624,4410,4503,3778,4175,3749,4019,800,24000,,제주시DB(분기→월 v5)
W200910020,F-599,2019,3123,2594,3184,8368,8638,6052,5827,6140,5433,6024,4581,2996,800,24000,,제주시DB(분기→월 v5)
W201010002,F-608,2019,20712,17145,21112,19235,16743,14165,,,,9614,10192,10511,700,21000,2→3차 역행,제주시DB(분기→월 v5)
W201010003,F-609,2019,834,694,864,900,1061,534,133,136,99,,3,34,600,18000,3→4차 역행,제주시DB(분기→월 v5)
W201010006,F-611,2019,605,502,726,1464,1539,704,789,886,1077,2063,978,974,800,24000,,제주시DB(분기→월 v5)
W201010007,F-610,2019,2424,2010,2493,4289,4509,2327,2483,2788,3078,5267,2495,2421,800,24000,,제주시DB(분기→월 v5)
W201010014,F-612,2019,6200,5161,6314,6418,6611,4542,4466,4548,4022,4785,1852,1229,800,24000,전년 자료 없음 — 외삽,제주시DB(분기→월 v5)
W201010015,F-613,2019,2035,1690,2074,3720,3679,3365,3921,4132,3607,4942,4354,4067,800,24000,,제주시DB(분기→월 v5)
W201010016,F-614,2019,3141,2605,3230,3228,3386,2441,2586,2904,2816,6121,5744,6199,800,24000,,제주시DB(분기→월 v5)
W201110010,F-620,2019,1861,1548,1927,4468,5474,3599,2859,2919,2404,1278,1218,1947,900,27000,,제주시DB(분기→월 v5)
W201110012,F-618,2019,19068,15784,19436,19693,19183,16230,,,,7221,15509,16365,900,27000,2→3차 역행,제주시DB(분기→월 v5)
W201110013,F-619,2019,6721,5574,7934,13616,14314,3147,2955,3319,10285,15331,13914,14638,900,27000,,제주시DB(분기→월 v5)
W201210002,F-630,2019,7290,6068,7424,7546,11309,16547,21380,21772,19253,25621,23762,25804,800,24000,,제주시DB(분기→월 v5)
W201210003,F-631,2019,7352,6086,7494,8570,9392,9036,9847,9763,8389,15960,15616,17552,800,24000,,제주시DB(분기→월 v5)
W201210004,F-628,2019,11778,9805,11995,12192,13487,11131,11820,12036,10644,16909,16186,17599,900,27000,,제주시DB(분기→월 v5)
W201210005,F-629,2019,3917,3243,3993,4639,5259,4944,6997,6937,5961,7185,6186,6718,800,24000,,제주시DB(분기→월 v5)
W201210009,F-638,2019,2610,2165,2723,3004,3159,1182,1279,1436,6234,9373,2670,2776,800,24000,,제주시DB(분기→월 v5)
W201210010,F-639,2019,8252,6854,8412,8363,7884,12711,17951,18915,16473,20035,16682,9037,800,24000,전년 자료 없음 — 외삽,제주시DB(분기→월 v5)
W201210011,F-637,2019,40,33,36,0,0,0,,,1,3,3,3,700,21000,,제주시DB(분기→월 v5)
W201210012,F-640,2019,12312,10191,12549,16281,18942,17085,14888,14761,12685,18352,13314,11739,1000,30000,,제주시DB(분기→월 v5)
W201210014,F-621,2019,5480,4545,6053,8007,8417,5770,6781,7617,11864,15778,9848,10240,1500,45000,,제주시DB(분기→월 v5)
W201310003,F-641,2019,16440,13609,16757,11592,10245,8679,7376,7313,6284,5479,3918,4290,800,24000,,제주시DB(분기→월 v5)
W201310004,F-642,2019,,,,63,76,65,57,56,48,14,6,9,700,21000,,제주시DB(분기→월 v5)
W201310005,F-645,2019,9349,7753,10653,14608,12708,7033,8447,9828,14325,16602,15002,15599,900,27000,,제주시DB(분기→월 v5)
W201310006,F-644,2019,15786,13112,16092,14051,13047,12278,14495,15274,13517,13772,13130,19000,800,24000,,제주시DB(분기→월 v5)
W201310007,F-643,2019,1,1,1,1,0,3,11,11,66,150,137,147,700,21000,,제주시DB(분기→월 v5)
W201310012,F-646,2019,22329,18588,22740,23113,1589,,,,9599,22278,13465,13700,900,27000,,제주시DB(분기→월 v5)
W201410029,F-652,2019,15077,13007,16019,23044,24968,26268,29450,31399,24906,13870,13980,10578,800,24000,,제주시DB(분기→월 v5)
W201410031,F-653,2019,1,1,1,1,105,62,1,1,0,0,,,800,24000,,제주시DB(분기→월 v5)
W201510020,F-654,2019,4538,3756,4625,4604,4650,3988,3578,3548,3049,9059,2822,1019,800,24000,전년 자료 없음 — 외삽,제주시DB(분기→월 v5)
W201510026,F-659,2019,9175,7634,9502,14340,17277,14387,14096,14394,12138,15260,13922,16902,800,24000,,제주시DB(분기→월 v5)
W201510027,F-660,2019,,,,,,,,,1983,9786,7130,7381,800,24000,전년 자료 없음 — 외삽,제주시DB(분기→월 v5)
W201610021,F-661,2019,10537,8752,10741,10688,10084,10184,12409,13076,11271,5853,5301,5929,800,24000,전년 자료 없음 — 외삽,제주시DB(분기→월 v5)
Y199310610,D-154,2019,13836,12118,14648,14176,14417,12620,10527,11166,9361,10985,11414,12322,750,22500,,제주시DB(분기→월 v5)
Y199310670,F-044,2019,,,,,,,,,,,,,1250,37500,,제주시DB(분기→월 변환 v2)
Y199310671,F-053,2019,3920,3464,4270,7447,8026,6653,5363,5732,4668,3475,3672,3562,1000,30000,,제주시DB(분기→월 v5)
Y199330023,F-552,2019,1911,1591,1946,1978,2001,1547,1657,1687,1492,4669,4560,4952,800,24000,,제주시DB(분기→월 v5)
Y199330039,F-005,2019,1,0,1,1,0,,,,2,5,5,5,850,25500,⚠ 오타 의심 (수동 검토 필요); 2→3차 역행,제주시DB(분기→월 v5)
Y199330040,F-028,2019,,,,,,4329,16328,16627,16191,20516,11664,11741,1150,34500,,제주시DB(분기→월 v5)
Y199330041,D-219,2019,20277,16880,20651,20989,24163,22263,25104,25564,22606,34925,29668,31250,650,19500,,제주시DB(분기→월 v5)
Y199330042,F-046,2019,2926,2436,2980,3029,3071,2672,2930,2984,3736,5790,3559,3631,900,27000,전년 자료 없음 — 외삽,제주시DB(분기→월 v5)
Y199330043,F-016,2019,19279,15959,19651,20269,19904,18711,20080,19908,17108,23071,17763,14309,1550,46500,전년 자료 없음 — 외삽,제주시DB(분기→월 v5)
Y199330044,D-119,2019,2854,2363,2909,3001,2947,2770,5190,5146,4422,8006,5556,721,1250,17550,전년 자료 없음 — 외삽,제주시DB(분기→월 v5)
Y199330045,F-017,2019,9296,7695,9476,9773,9598,9022,11447,11349,9753,17287,34439,46337,1400,20070,전년 자료 없음 — 외삽,제주시DB(분기→월 v5)
Y199330046,D-047,2019,1764,1460,1798,1790,1809,1664,1498,1485,1276,2456,1750,567,1000,30000,전년 자료 없음 — 외삽,제주시DB(분기→월 v5)
Y199330047,F-010,2019,,,,57,98,485,3191,3164,2719,7137,5203,514,1350,40500,,제주시DB(분기→월 v5)
Y199330048,F-008,2019,6476,5361,6601,6474,6622,6012,5410,5364,4610,7456,5032,3790,1200,36000,전년 자료 없음 — 외삽,제주시DB(분기→월 v5)
Y199330049,F-009,2019,,,,,,,,,,,,,1000,30000,"4차→다음해1차 역행(-245985), Period₃로 외삽; 다음해 자료 없음 — 3→4차 일평균 외삽",제주시DB(분기→월 변환 v2)
Y199330050,D-044,2019,,,,,,,,,,,,,1000,30000,4차이후 외삽 (2019-11-12 ~ 12/31),제주시DB(분기→월 변환 v2)
Y199330051,F-027,2019,2948,2440,3005,5444,6618,6155,6333,6279,5395,9014,4653,3546,1250,37500,,제주시DB(분기→월 v5)
Y199330052,D-027,2019,6697,5544,6826,6746,6857,6222,5580,5533,4754,6576,3918,2872,1150,34500,전년 자료 없음 — 외삽,제주시DB(분기→월 v5)
Y199330053,F-022,2019,13421,11110,13681,13918,13818,12591,10483,10394,8932,13887,10470,6678,1000,30000,전년 자료 없음 — 외삽,제주시DB(분기→월 v5)
Y199330054,D-157,2019,8011,6632,8166,11020,13183,12524,14031,13911,11954,15020,10189,8206,1100,33000,,제주시DB(분기→월 v5)
Y199330055,F-021,2019,13,11,13,8,,,172,171,147,115,20,39,1250,37500,,제주시DB(분기→월 v5)
Y199330056,F-037,2019,767,635,782,2434,4349,3966,3012,2987,2567,4240,2999,1439,1250,37500,,제주시DB(분기→월 v5)
Y199330057,F-047,2019,8524,7056,8688,8839,8775,8052,7100,7040,6050,7481,4639,4118,700,4560,전년 자료 없음 — 외삽,제주시DB(분기→월 v5)
Y199330059,F-023,2019,7278,6045,7419,7391,6974,5657,6114,6442,5701,8511,7030,5956,1100,33000,전년 자료 없음 — 외삽,제주시DB(분기→월 v5)
Y199330060,F-034,2019,4996,4157,5174,11014,13457,11006,10113,10326,8209,5605,5008,5137,1000,30000,,제주시DB(분기→월 v5)
Y199330061,U-052,2019,13356,11112,13831,17883,21222,17780,16155,16496,14084,16552,14653,13785,1250,37500,,제주시DB(분기→월 v5)
Y199330062,U-053,2019,,,,,,,,,,,,,1700,51000,4차이후 외삽 (2019-11-28 ~ 12/31),제주시DB(분기→월 변환 v2)
Y199330064,D-078,2019,,,,,,2,3,4,3,3,2,2,2000,60000,1→2차 역행,제주시DB(분기→월 v5)
Y199330065,D-189,2019,8006,6661,8291,11517,13693,9838,6707,6849,5646,5435,4881,5240,1350,40500,,제주시DB(분기→월 v5)
Y199330066,F-048,2019,6981,5809,7229,11128,13420,11228,10588,10812,9053,6325,5430,6283,1000,4800,,제주시DB(분기→월 v5)
Y199330070,U-041,2019,11602,9622,12056,12925,10948,5480,6581,7392,14111,17597,15988,16624,1600,48000,,제주시DB(분기→월 v5)
Y199330072,D-009,2019,7,6,7,7,7,210,357,401,538,1477,224,1,1000,30000,전년 자료 없음 — 외삽,제주시DB(분기→월 v5)
Y199330073,D-074,2019,,,,,2161,5427,6518,7247,5996,6788,2499,2598,600,17730,,제주시DB(분기→월 v5)
Y199330074,D-079,2019,7388,6127,7004,4653,4394,3109,3734,4194,19232,24468,10251,10658,1500,45000,,제주시DB(분기→월 v5)
Y199330075,D-080,2019,7027,5828,8582,14626,10086,417,501,563,26820,34811,9834,10225,1600,48000,,제주시DB(분기→월 v5)
Y199330076,D-086,2019,6578,5456,8442,15860,13730,7467,8968,10073,20604,25273,10688,11113,2000,60000,,제주시DB(분기→월 v5)
Y199330077,D-088,2019,,,0,1,1,,,,1,4,65,67,2000,60000,,제주시DB(분기→월 v5)
Y199330078,D-093,2019,2597,2154,2154,2,3182,7987,9593,10775,16534,19774,7194,7480,2000,60000,,제주시DB(분기→월 v5)
Y199330079,D-102,2019,2000,1658,2057,3658,3901,1970,1591,1787,2651,8338,2414,1497,700,21000,,제주시DB(분기→월 v5)
Y199330080,D-104,2019,4438,3681,4493,4310,4429,3782,4542,5102,4585,5215,3948,4105,1300,39000,,제주시DB(분기→월 v5)
Y199330083,D-123,2019,6348,5265,7270,10649,11195,6195,7116,7992,12501,16856,15398,16010,1250,37500,,제주시DB(분기→월 v5)
Y199330084,D-134,2019,2207,1831,2440,3234,2846,1640,1969,2212,6464,8264,7508,7807,1650,49500,,제주시DB(분기→월 v5)
Y199330085,D-153,2019,3524,2923,4093,6217,6891,6717,8067,9277,12030,13943,12600,13101,1400,42000,,제주시DB(분기→월 v5)
Y199330086,D-155,2019,,,0,1,71,177,212,239,79,63,20,21,1750,52500,,제주시DB(분기→월 v5)
Y199330087,D-171,2019,38336,31794,38339,35571,24125,,,2338,35140,40727,36803,38266,2000,60000,2→3차 역행,제주시DB(분기→월 v5)
Y199330088,D-179,2019,30657,25425,31007,29077,30567,23317,27666,31075,11315,3741,8870,9671,1300,39000,전년 자료 없음 — 외삽,제주시DB(분기→월 v5)
Y199330090,D-190,2019,,,0,1,1,,,,1,1,,,1900,57000,,제주시DB(분기→월 v5)
Y199330091,D-181,2019,2034,1687,2298,3246,2984,1967,2362,2653,6423,8207,9141,9505,1400,42000,,제주시DB(분기→월 v5)
Y199330092,D-221,2019,4183,3469,4302,8876,9331,5008,5404,6069,6418,9838,4127,3907,1000,30000,,제주시DB(분기→월 v5)
Y199330093,F-011,2019,964,799,975,914,961,603,702,788,2457,3586,931,968,700,21000,전년 자료 없음 — 외삽,제주시DB(분기→월 v5)
Y199330094,F-029,2019,,,,,,,,,,,,,1300,39000,4차이후 외삽 (2019-10-31 ~ 12/31),제주시DB(분기→월 변환 v2)
Y199330095,D-191,2019,12,10,10,1,2,2,2,3,6,7,14,15,1200,20070,,제주시DB(분기→월 v5)
Y199330096,F-041,2019,14862,12326,15032,14096,14819,8551,9870,11086,11892,14256,7185,7203,1250,37500,전년 자료 없음 — 외삽,제주시DB(분기→월 v5)
Y199330097,D-233,2019,11938,9901,13179,19801,20816,14394,16519,18554,16305,12391,9845,10290,1000,30000,,제주시DB(분기→월 v5)
Y199330098,F-049,2019,5833,4837,8064,15567,15238,11752,14114,15904,16136,18378,9304,9674,1000,30000,,제주시DB(분기→월 v5)
Y199330100,D-170,2019,10,9,8,,17,42,50,169,1747,2025,1830,1903,1400,42000,,제주시DB(분기→월 v5)
Y199330107,W-022,2019,4234,3525,4312,4383,6030,2035,,,,9690,9815,10659,1000,30000,2→3차 역행,제주시DB(분기→월 v5)
Y199330108,D-026,2019,7070,5885,7200,7318,9965,9212,11079,11282,13218,19100,11200,11336,900,27000,,제주시DB(분기→월 v5)
Y199330109,D-033,2019,12625,10510,12858,13069,18267,18221,19873,20237,17896,18312,13054,13014,1000,30000,,제주시DB(분기→월 v5)
Y199330110,D-051,2019,,,,,,,,,,,,,1000,30000,"4차→다음해1차 역행(-579491), Period₃로 외삽; 다음해 자료 없음 — 3→4차 일평균 외삽",제주시DB(분기→월 변환 v2)
Y199330112,W-001,2019,,,,,,2323,4151,4227,3738,4643,2409,1925,2000,60000,,제주시DB(분기→월 v5)
Y199330113,D-128,2019,,,,,,17525,31312,31886,28197,35617,31762,34104,900,27000,,제주시DB(분기→월 v5)
Y199330119,D-014,2019,3648,3019,3718,5143,6666,6267,8676,8602,7392,10855,12824,14292,1700,51000,,제주시DB(분기→월 v5)
Y199330123,D-046,2019,4687,3880,4778,14249,25210,23735,25227,25012,21494,25489,18930,18463,900,27000,,제주시DB(분기→월 v5)
Y199330126,D-141,2019,3152,2609,3213,3314,3254,3059,3337,3308,2843,3628,1953,882,1200,36000,전년 자료 없음 — 외삽,제주시DB(분기→월 v5)
Y199330127,F-003,2019,13052,10804,13304,9901,4557,4284,7606,7541,6480,10958,9712,6056,1250,37500,,제주시DB(분기→월 v5)
Y199330130,D-218,2019,2136,1768,2177,1135,1078,828,577,572,491,605,1814,2587,1200,36000,,제주시DB(분기→월 v5)
Y199330132,D-211,2019,,,,,,,,,,,,,700,21000,4차이후 외삽 (2019-11-28 ~ 12/31),제주시DB(분기→월 변환 v2)
Y199330135,D-019,2019,10058,8354,10253,25161,25876,21680,24107,25401,22479,19584,14005,10385,1900,57000,,제주시DB(분기→월 v5)
Y199330140,D-042,2019,7480,6213,7625,10059,9739,8983,10503,11067,9794,6397,5667,5382,850,25500,,제주시DB(분기→월 v5)
Y199330144,D-188,2019,0,0,0,1,1,41,71,75,66,,,,1400,20070,,제주시DB(분기→월 v5)
Y199330146,A-001,2019,5576,4631,5684,9790,9827,10307,12886,13578,12016,15508,12916,15239,1000,30000,,제주시DB(분기→월 v5)
Y199330149,A-004,2019,21,17,21,3,1,715,1241,1307,1157,,145,1483,1200,36000,,제주시DB(분기→월 v5)
Y199330150,A-005,2019,27564,22895,28098,2759,,597,1038,1093,968,,2949,30243,1200,36000,⚠ 오타 의심 (수동 검토 필요); 3→4차 역행,제주시DB(분기→월 v5)
Y199330161,F-002,2019,,,,,,,,,,,,,700,21000,4차이후 외삽 (2019-11-28 ~ 12/31),제주시DB(분기→월 변환 v2)
Y199330164,D-220,2019,9072,7548,9395,13259,15920,13384,12688,12956,10862,11757,10890,14682,800,24000,,제주시DB(분기→월 v5)
Y199330165,F-030,2019,934,777,967,1145,1361,1356,1506,1538,1278,1032,998,1714,700,21000,,제주시DB(분기→월 v5)
Y199330168,D-015,2019,192,159,197,1838,2055,1052,795,893,1764,7204,6408,6911,700,21000,,제주시DB(분기→월 v5)
Y199330169,D-021,2019,21510,17839,21833,20433,21481,15798,18355,20616,18460,15455,10592,10885,1150,34500,전년 자료 없음 — 외삽,제주시DB(분기→월 v5)
Y199330171,D-041,2019,5068,4203,5212,10193,11079,6263,5664,6362,7083,13415,5084,3968,1050,31500,,제주시DB(분기→월 v5)
Y199330172,D-052,2019,3331,2763,3426,3922,4123,2186,2351,2640,2812,4190,1726,1627,1150,34500,,제주시DB(분기→월 v5)
Y199330173,D-094,2019,,,,,,,,,,,,,1500,45000,4차이후 외삽 (2019-11-07 ~ 12/31),제주시DB(분기→월 변환 v2)
Y199330175,D-151,2019,,,,,,2,3,3,3,0,,,1150,34500,1→2차 역행,제주시DB(분기→월 v5)
Y199330176,D-202,2019,,,,,,,,,,,,,1150,34500,"4차→다음해1차 역행(-86765), Period₃로 외삽; 다음해 자료 없음 — 3→4차 일평균 외삽",제주시DB(분기→월 변환 v2)
Y199330399,W-302,2019,9946,8233,10138,16435,20271,17692,12828,12719,10930,14138,10343,9901,950,28500,,제주시DB(분기→월 v5)
Y199330400,W-303,2019,7702,6376,7851,12853,15894,13278,6948,6888,5919,7407,4127,3090,1000,30000,,제주시DB(분기→월 v5)
Y199330401,W-304,2019,,,,,,,,,,,,,850,25500,4차이후 외삽 (2019-11-12 ~ 12/31),제주시DB(분기→월 변환 v2)
Y199330402,W-305,2019,6351,5257,6473,7876,9173,8191,5637,5589,4803,4752,3298,3693,1100,33000,,제주시DB(분기→월 v5)
Y199330403,W-306,2019,8201,6789,8360,11475,14508,13165,10574,10484,9009,12086,8552,7969,850,25500,,제주시DB(분기→월 v5)
Y199330404,W-307,2019,8607,7125,8773,12077,15297,13934,11571,11473,9859,9068,6776,8203,600,18000,,제주시DB(분기→월 v5)
Y199330406,D-244,2019,15146,12561,15374,14388,15125,9400,10535,11833,11047,11099,6496,6534,700,15870,전년 자료 없음 — 외삽,제주시DB(분기→월 v5)
Y199330407,D-242,2019,3447,2863,3513,5027,4962,2403,1384,1458,1291,1455,1112,741,1000,30000,,제주시DB(분기→월 v5)
Y199330408,F-060,2019,,,,,3933,9878,11864,13056,8873,10105,5106,5309,800,24000,,제주시DB(분기→월 v5)
Y199330409,F-059,2019,538,447,547,556,564,1054,2662,2711,5282,9957,3333,2933,1000,30000,전년 자료 없음 — 외삽,제주시DB(분기→월 v5)
Y199330410,F-058,2019,5302,4411,5491,16800,20737,12564,6836,6980,5202,1072,963,1033,1000,30000,,제주시DB(분기→월 v5)
Y199330411,F-056,2019,17660,14619,18002,16791,17879,14103,10534,10444,8975,15215,4668,1023,700,21000,전년 자료 없음 — 외삽,제주시DB(분기→월 v5)
Y199330412,F-057,2019,52,43,53,1526,1650,1624,1969,2074,1836,431,90,702,1000,30000,,제주시DB(분기→월 v5)
Y199330413,D-252,2019,6023,4986,6139,5726,6097,5860,6345,6290,5406,9329,4315,2867,1000,30000,전년 자료 없음 — 외삽,제주시DB(분기→월 v5)
Y199330414,D-255,2019,,,,,,1,1,1,1,,,,750,22500,전년 자료 없음 — 외삽,제주시DB(분기→월 v5)
Y199340989,F-042,2019,,,,,,,,,,,,,1000,30000,,
Y199341062,90무릉2,2019,,,,,,,,,,,,,1050,31500,,
Y199510076,F-066,2019,2991,2578,3165,5970,6319,5395,4930,5169,4306,4655,4696,4373,800,18450,,제주시DB(분기→월 v5)
Y199510077,93이호,2019,,,,,,,,,,,,,800,18300,,제주시DB(분기→월 변환 v2)
Y199510078,94도평,2019,29144,25592,30465,26699,26699,27070,27438,29221,25144,28040,28704,28284,800,21060,,제주시DB(분기→월 v5)
Y199510079,94아라,2019,11416,10427,12808,12551,12720,11993,11127,12477,10872,11688,12879,11862,800,14100,,제주시DB(분기→월 v5)
Y199510080,F-078,2019,,,,,,,,,,,,,800,9510,다음해 자료 없음 — 3→4차 일평균 외삽,제주시DB(분기→월 변환 v2)
Y199530138,D-264,2019,1452,1202,1480,1473,1489,1353,1104,1095,941,1661,1029,195,1200,36000,전년 자료 없음 — 외삽,제주시DB(분기→월 v5)
Y199530139,D-277,2019,1911,1587,1948,2720,2678,2170,2344,2470,2186,2392,1868,1754,800,6810,,제주시DB(분기→월 v5)
Y199530141,D-278,2019,9929,8261,10282,15314,18438,13616,10945,11177,9620,11822,10386,9044,800,24000,,제주시DB(분기→월 v5)
Y199530142,D-266,2019,3701,3079,3832,6928,8414,4923,3373,3445,2884,4234,3724,2215,800,24000,,제주시DB(분기→월 v5)
Y199530144,D-276,2019,10283,8512,10482,10664,10587,10023,10986,10893,9361,11774,6136,4497,800,10350,전년 자료 없음 — 외삽,제주시DB(분기→월 v5)
Y199530145,F-068,2019,7345,6114,7480,7603,7685,6711,7398,7534,7490,9653,4334,4154,800,14340,전년 자료 없음 — 외삽,제주시DB(분기→월 v5)
Y199530146,F-069,2019,19974,16534,20360,20857,20591,19041,16983,16838,14470,17438,13124,12457,600,9510,전년 자료 없음 — 외삽,제주시DB(분기→월 v5)
Y199530150,F-072,2019,274,228,282,263,275,611,922,1036,1252,2865,769,435,800,4110,전년 자료 없음 — 외삽,제주시DB(분기→월 v5)
Y199530151,D-267,2019,10925,9061,11670,14312,15046,7830,8925,10024,15596,20858,10532,10560,800,15840,,제주시DB(분기→월 v5)
Y199530152,D-279,2019,9247,7669,9353,8770,9220,4473,5051,5673,8087,10588,5259,5263,800,11610,전년 자료 없음 — 외삽,제주시DB(분기→월 v5)
Y200230019,D-297,2019,12912,10688,13161,13390,13294,12411,12200,12096,10395,14064,12053,13175,800,24000,전년 자료 없음 — 외삽,제주시DB(분기→월 v5)
